Hue,Saturation,Brightness,Hex
0,100,98,#FA0000
1,100,98,#FA0400
2,100,98,#FA0800
3,100,98,#FA0C00
4,100,98,#FA1100
5,100,98,#FA1500
6,100,98,#FA1900
7,100,98,#FA1D00
8,100,98,#FA2100
9,100,98,#FA2500
10,100,98,#FA2A00
11,100,98,#FA2E00
12,100,98,#FA3200
13,100,98,#FA3600
14,100,98,#FA3A00
15,100,98,#FA3E00
16,100,98,#FA4300
17,100,98,#FA4700
18,100,98,#FA4B00
19,100,98,#FA4F00
20,100,98,#FA5300
21,100,98,#FA5700
22,100,98,#FA5C00
23,100,98,#FA6000
24,100,98,#FA6400
25,100,98,#FA6800
26,100,98,#FA6C00
27,100,98,#FA7000
28,100,98,#FA7500
29,100,98,#FA7900
30,100,98,#FA7D00
31,100,98,#FA8100
32,100,98,#FA8500
33,100,98,#FA8900
34,100,98,#FA8E00
35,100,98,#FA9200
36,100,98,#FA9600
37,100,98,#FA9A00
38,100,98,#FA9E00
39,100,98,#FAA200
40,100,98,#FAA700
41,100,98,#FAAB00
42,100,98,#FAAF00
43,100,98,#FAB300
44,100,98,#FAB700
45,100,98,#FABB00
46,100,98,#FAC000
47,100,98,#FAC400
48,100,98,#FAC800
49,100,98,#FACC00
50,100,98,#FAD000
51,100,98,#FAD400
52,100,98,#FAD900
53,100,98,#FADD00
54,100,98,#FAE100
55,100,98,#FAE500
56,100,98,#FAE900
57,100,98,#FAED00
58,100,98,#FAF200
59,100,98,#FAF600
60,100,98,#FAFA00
61,100,98,#F6FA00
62,100,98,#F2FA00
63,100,98,#EDFA00
64,100,98,#E9FA00
65,100,98,#E5FA00
66,100,98,#E1FA00
67,100,98,#DDFA00
68,100,98,#D9FA00
69,100,98,#D4FA00
70,100,98,#D0FA00
71,100,98,#CCFA00
72,100,98,#C8FA00
73,100,98,#C4FA00
74,100,98,#C0FA00
75,100,98,#BBFA00
76,100,98,#B7FA00
77,100,98,#B3FA00
78,100,98,#AFFA00
79,100,98,#ABFA00
80,100,98,#A7FA00
81,100,98,#A2FA00
82,100,98,#9EFA00
83,100,98,#9AFA00
84,100,98,#96FA00
85,100,98,#92FA00
86,100,98,#8EFA00
87,100,98,#89FA00
88,100,98,#85FA00
89,100,98,#81FA00
90,100,98,#7DFA00
91,100,98,#79FA00
92,100,98,#75FA00
93,100,98,#70FA00
94,100,98,#6CFA00
95,100,98,#68FA00
96,100,98,#64FA00
97,100,98,#60FA00
98,100,98,#5CFA00
99,100,98,#57FA00
100,100,98,#53FA00
101,100,98,#4FFA00
102,100,98,#4BFA00
103,100,98,#47FA00
104,100,98,#43FA00
105,100,98,#3EFA00
106,100,98,#3AFA00
107,100,98,#36FA00
108,100,98,#32FA00
109,100,98,#2EFA00
110,100,98,#2AFA00
111,100,98,#25FA00
112,100,98,#21FA00
113,100,98,#1DFA00
114,100,98,#19FA00
115,100,98,#15FA00
116,100,98,#11FA00
117,100,98,#0CFA00
118,100,98,#08FA00
119,100,98,#04FA00
120,100,98,#00FA00
121,100,98,#00FA04
122,100,98,#00FA08
123,100,98,#00FA0C
124,100,98,#00FA11
125,100,98,#00FA15
126,100,98,#00FA19
127,100,98,#00FA1D
128,100,98,#00FA21
129,100,98,#00FA25
130,100,98,#00FA2A
131,100,98,#00FA2E
132,100,98,#00FA32
133,100,98,#00FA36
134,100,98,#00FA3A
135,100,98,#00FA3E
136,100,98,#00FA43
137,100,98,#00FA47
138,100,98,#00FA4B
139,100,98,#00FA4F
140,100,98,#00FA53
141,100,98,#00FA57
142,100,98,#00FA5C
143,100,98,#00FA60
144,100,98,#00FA64
145,100,98,#00FA68
146,100,98,#00FA6C
147,100,98,#00FA70
148,100,98,#00FA75
149,100,98,#00FA79
150,100,98,#00FA7D
151,100,98,#00FA81
152,100,98,#00FA85
153,100,98,#00FA89
154,100,98,#00FA8E
155,100,98,#00FA92
156,100,98,#00FA96
157,100,98,#00FA9A
158,100,98,#00FA9E
159,100,98,#00FAA2
160,100,98,#00FAA7
161,100,98,#00FAAB
162,100,98,#00FAAF
163,100,98,#00FAB3
164,100,98,#00FAB7
165,100,98,#00FABB
166,100,98,#00FAC0
167,100,98,#00FAC4
168,100,98,#00FAC8
169,100,98,#00FACC
170,100,98,#00FAD0
171,100,98,#00FAD4
172,100,98,#00FAD9
173,100,98,#00FADD
174,100,98,#00FAE1
175,100,98,#00FAE5
176,100,98,#00FAE9
177,100,98,#00FAED
178,100,98,#00FAF2
179,100,98,#00FAF6
180,100,98,#00FAFA
181,100,98,#00F6FA
182,100,98,#00F2FA
183,100,98,#00EDFA
184,100,98,#00E9FA
185,100,98,#00E5FA
186,100,98,#00E1FA
187,100,98,#00DDFA
188,100,98,#00D9FA
189,100,98,#00D4FA
190,100,98,#00D0FA
191,100,98,#00CCFA
192,100,98,#00C8FA
193,100,98,#00C4FA
194,100,98,#00C0FA
195,100,98,#00BBFA
196,100,98,#00B7FA
197,100,98,#00B3FA
198,100,98,#00AFFA
199,100,98,#00ABFA
200,100,98,#00A7FA
201,100,98,#00A2FA
202,100,98,#009EFA
203,100,98,#009AFA
204,100,98,#0096FA
205,100,98,#0092FA
206,100,98,#008EFA
207,100,98,#0089FA
208,100,98,#0085FA
209,100,98,#0081FA
210,100,98,#007DFA
211,100,98,#0079FA
212,100,98,#0075FA
213,100,98,#0070FA
214,100,98,#006CFA
215,100,98,#0068FA
216,100,98,#0064FA
217,100,98,#0060FA
218,100,98,#005CFA
219,100,98,#0057FA
220,100,98,#0053FA
221,100,98,#004FFA
222,100,98,#004BFA
223,100,98,#0047FA
224,100,98,#0043FA
225,100,98,#003EFA
226,100,98,#003AFA
227,100,98,#0036FA
228,100,98,#0032FA
229,100,98,#002EFA
230,100,98,#002AFA
231,100,98,#0025FA
232,100,98,#0021FA
233,100,98,#001DFA
234,100,98,#0019FA
235,100,98,#0015FA
236,100,98,#0011FA
237,100,98,#000CFA
238,100,98,#0008FA
239,100,98,#0004FA
240,100,98,#0000FA
241,100,98,#0400FA
242,100,98,#0800FA
243,100,98,#0C00FA
244,100,98,#1100FA
245,100,98,#1500FA
246,100,98,#1900FA
247,100,98,#1D00FA
248,100,98,#2100FA
249,100,98,#2500FA
250,100,98,#2A00FA
251,100,98,#2E00FA
252,100,98,#3200FA
253,100,98,#3600FA
254,100,98,#3A00FA
255,100,98,#3E00FA
256,100,98,#4300FA
257,100,98,#4700FA
258,100,98,#4B00FA
259,100,98,#4F00FA
260,100,98,#5300FA
261,100,98,#5700FA
262,100,98,#5C00FA
263,100,98,#6000FA
264,100,98,#6400FA
265,100,98,#6800FA
266,100,98,#6C00FA
267,100,98,#7000FA
268,100,98,#7500FA
269,100,98,#7900FA
270,100,98,#7D00FA
271,100,98,#8100FA
272,100,98,#8500FA
273,100,98,#8900FA
274,100,98,#8E00FA
275,100,98,#9200FA
276,100,98,#9600FA
277,100,98,#9A00FA
278,100,98,#9E00FA
279,100,98,#A200FA
280,100,98,#A700FA
281,100,98,#AB00FA
282,100,98,#AF00FA
283,100,98,#B300FA
284,100,98,#B700FA
285,100,98,#BB00FA
286,100,98,#C000FA
287,100,98,#C400FA
288,100,98,#C800FA
289,100,98,#CC00FA
290,100,98,#D000FA
291,100,98,#D400FA
292,100,98,#D900FA
293,100,98,#DD00FA
294,100,98,#E100FA
295,100,98,#E500FA
296,100,98,#E900FA
297,100,98,#ED00FA
298,100,98,#F200FA
299,100,98,#F600FA
300,100,98,#FA00FA
301,100,98,#FA00F6
302,100,98,#FA00F2
303,100,98,#FA00ED
304,100,98,#FA00E9
305,100,98,#FA00E5
306,100,98,#FA00E1
307,100,98,#FA00DD
308,100,98,#FA00D9
309,100,98,#FA00D4
310,100,98,#FA00D0
311,100,98,#FA00CC
312,100,98,#FA00C8
313,100,98,#FA00C4
314,100,98,#FA00C0
315,100,98,#FA00BB
316,100,98,#FA00B7
317,100,98,#FA00B3
318,100,98,#FA00AF
319,100,98,#FA00AB
320,100,98,#FA00A7
321,100,98,#FA00A2
322,100,98,#FA009E
323,100,98,#FA009A
324,100,98,#FA0096
325,100,98,#FA0092
326,100,98,#FA008E
327,100,98,#FA0089
328,100,98,#FA0085
329,100,98,#FA0081
330,100,98,#FA007D
331,100,98,#FA0079
332,100,98,#FA0075
333,100,98,#FA0070
334,100,98,#FA006C
335,100,98,#FA0068
336,100,98,#FA0064
337,100,98,#FA0060
338,100,98,#FA005C
339,100,98,#FA0057
340,100,98,#FA0053
341,100,98,#FA004F
342,100,98,#FA004B
343,100,98,#FA0047
344,100,98,#FA0043
345,100,98,#FA003E
346,100,98,#FA003A
347,100,98,#FA0036
348,100,98,#FA0032
349,100,98,#FA002E
350,100,98,#FA002A
351,100,98,#FA0025
352,100,98,#FA0021
353,100,98,#FA001D
354,100,98,#FA0019
355,100,98,#FA0015
356,100,98,#FA0011
357,100,98,#FA000C
358,100,98,#FA0008
359,100,98,#FA0004
0,99,98,#FA0202
1,99,98,#FA0702
2,99,98,#FA0B02
3,99,98,#FA0F02
4,99,98,#FA1302
5,99,98,#FA1702
6,99,98,#FA1B02
7,99,98,#FA1F02
8,99,98,#FA2302
9,99,98,#FA2802
10,99,98,#FA2C02
11,99,98,#FA3002
12,99,98,#FA3402
13,99,98,#FA3802
14,99,98,#FA3C02
15,99,98,#FA4002
16,99,98,#FA4402
17,99,98,#FA4902
18,99,98,#FA4D02
19,99,98,#FA5102
20,99,98,#FA5502
21,99,98,#FA5902
22,99,98,#FA5D02
23,99,98,#FA6102
24,99,98,#FA6502
25,99,98,#FA6A02
26,99,98,#FA6E02
27,99,98,#FA7202
28,99,98,#FA7602
29,99,98,#FA7A02
30,99,98,#FA7E02
31,99,98,#FA8202
32,99,98,#FA8602
33,99,98,#FA8B02
34,99,98,#FA8F02
35,99,98,#FA9302
36,99,98,#FA9702
37,99,98,#FA9B02
38,99,98,#FA9F02
39,99,98,#FAA302
40,99,98,#FAA702
41,99,98,#FAAC02
42,99,98,#FAB002
43,99,98,#FAB402
44,99,98,#FAB802
45,99,98,#FABC02
46,99,98,#FAC002
47,99,98,#FAC402
48,99,98,#FAC802
49,99,98,#FACD02
50,99,98,#FAD102
51,99,98,#FAD502
52,99,98,#FAD902
53,99,98,#FADD02
54,99,98,#FAE102
55,99,98,#FAE502
56,99,98,#FAE902
57,99,98,#FAEE02
58,99,98,#FAF202
59,99,98,#FAF602
60,99,98,#FAFA02
61,99,98,#F6FA02
62,99,98,#F2FA02
63,99,98,#EEFA02
64,99,98,#E9FA02
65,99,98,#E5FA02
66,99,98,#E1FA02
67,99,98,#DDFA02
68,99,98,#D9FA02
69,99,98,#D5FA02
70,99,98,#D1FA02
71,99,98,#CDFA02
72,99,98,#C8FA02
73,99,98,#C4FA02
74,99,98,#C0FA02
75,99,98,#BCFA02
76,99,98,#B8FA02
77,99,98,#B4FA02
78,99,98,#B0FA02
79,99,98,#ACFA02
80,99,98,#A7FA02
81,99,98,#A3FA02
82,99,98,#9FFA02
83,99,98,#9BFA02
84,99,98,#97FA02
85,99,98,#93FA02
86,99,98,#8FFA02
87,99,98,#8BFA02
88,99,98,#86FA02
89,99,98,#82FA02
90,99,98,#7EFA02
91,99,98,#7AFA02
92,99,98,#76FA02
93,99,98,#72FA02
94,99,98,#6EFA02
95,99,98,#6AFA02
96,99,98,#65FA02
97,99,98,#61FA02
98,99,98,#5DFA02
99,99,98,#59FA02
100,99,98,#55FA02
101,99,98,#51FA02
102,99,98,#4DFA02
103,99,98,#49FA02
104,99,98,#44FA02
105,99,98,#40FA02
106,99,98,#3CFA02
107,99,98,#38FA02
108,99,98,#34FA02
109,99,98,#30FA02
110,99,98,#2CFA02
111,99,98,#28FA02
112,99,98,#23FA02
113,99,98,#1FFA02
114,99,98,#1BFA02
115,99,98,#17FA02
116,99,98,#13FA02
117,99,98,#0FFA02
118,99,98,#0BFA02
119,99,98,#07FA02
120,99,98,#02FA02
121,99,98,#02FA07
122,99,98,#02FA0B
123,99,98,#02FA0F
124,99,98,#02FA13
125,99,98,#02FA17
126,99,98,#02FA1B
127,99,98,#02FA1F
128,99,98,#02FA23
129,99,98,#02FA28
130,99,98,#02FA2C
131,99,98,#02FA30
132,99,98,#02FA34
133,99,98,#02FA38
134,99,98,#02FA3C
135,99,98,#02FA40
136,99,98,#02FA44
137,99,98,#02FA49
138,99,98,#02FA4D
139,99,98,#02FA51
140,99,98,#02FA55
141,99,98,#02FA59
142,99,98,#02FA5D
143,99,98,#02FA61
144,99,98,#02FA65
145,99,98,#02FA6A
146,99,98,#02FA6E
147,99,98,#02FA72
148,99,98,#02FA76
149,99,98,#02FA7A
150,99,98,#02FA7E
151,99,98,#02FA82
152,99,98,#02FA86
153,99,98,#02FA8B
154,99,98,#02FA8F
155,99,98,#02FA93
156,99,98,#02FA97
157,99,98,#02FA9B
158,99,98,#02FA9F
159,99,98,#02FAA3
160,99,98,#02FAA7
161,99,98,#02FAAC
162,99,98,#02FAB0
163,99,98,#02FAB4
164,99,98,#02FAB8
165,99,98,#02FABC
166,99,98,#02FAC0
167,99,98,#02FAC4
168,99,98,#02FAC8
169,99,98,#02FACD
170,99,98,#02FAD1
171,99,98,#02FAD5
172,99,98,#02FAD9
173,99,98,#02FADD
174,99,98,#02FAE1
175,99,98,#02FAE5
176,99,98,#02FAE9
177,99,98,#02FAEE
178,99,98,#02FAF2
179,99,98,#02FAF6
180,99,98,#02FAFA
181,99,98,#02F6FA
182,99,98,#02F2FA
183,99,98,#02EEFA
184,99,98,#02E9FA
185,99,98,#02E5FA
186,99,98,#02E1FA
187,99,98,#02DDFA
188,99,98,#02D9FA
189,99,98,#02D5FA
190,99,98,#02D1FA
191,99,98,#02CDFA
192,99,98,#02C8FA
193,99,98,#02C4FA
194,99,98,#02C0FA
195,99,98,#02BCFA
196,99,98,#02B8FA
197,99,98,#02B4FA
198,99,98,#02B0FA
199,99,98,#02ACFA
200,99,98,#02A7FA
201,99,98,#02A3FA
202,99,98,#029FFA
203,99,98,#029BFA
204,99,98,#0297FA
205,99,98,#0293FA
206,99,98,#028FFA
207,99,98,#028BFA
208,99,98,#0286FA
209,99,98,#0282FA
210,99,98,#027EFA
211,99,98,#027AFA
212,99,98,#0276FA
213,99,98,#0272FA
214,99,98,#026EFA
215,99,98,#026AFA
216,99,98,#0265FA
217,99,98,#0261FA
218,99,98,#025DFA
219,99,98,#0259FA
220,99,98,#0255FA
221,99,98,#0251FA
222,99,98,#024DFA
223,99,98,#0249FA
224,99,98,#0244FA
225,99,98,#0240FA
226,99,98,#023CFA
227,99,98,#0238FA
228,99,98,#0234FA
229,99,98,#0230FA
230,99,98,#022CFA
231,99,98,#0228FA
232,99,98,#0223FA
233,99,98,#021FFA
234,99,98,#021BFA
235,99,98,#0217FA
236,99,98,#0213FA
237,99,98,#020FFA
238,99,98,#020BFA
239,99,98,#0207FA
240,99,98,#0202FA
241,99,98,#0702FA
242,99,98,#0B02FA
243,99,98,#0F02FA
244,99,98,#1302FA
245,99,98,#1702FA
246,99,98,#1B02FA
247,99,98,#1F02FA
248,99,98,#2302FA
249,99,98,#2802FA
250,99,98,#2C02FA
251,99,98,#3002FA
252,99,98,#3402FA
253,99,98,#3802FA
254,99,98,#3C02FA
255,99,98,#4002FA
256,99,98,#4402FA
257,99,98,#4902FA
258,99,98,#4D02FA
259,99,98,#5102FA
260,99,98,#5502FA
261,99,98,#5902FA
262,99,98,#5D02FA
263,99,98,#6102FA
264,99,98,#6502FA
265,99,98,#6A02FA
266,99,98,#6E02FA
267,99,98,#7202FA
268,99,98,#7602FA
269,99,98,#7A02FA
270,99,98,#7E02FA
271,99,98,#8202FA
272,99,98,#8602FA
273,99,98,#8B02FA
274,99,98,#8F02FA
275,99,98,#9302FA
276,99,98,#9702FA
277,99,98,#9B02FA
278,99,98,#9F02FA
279,99,98,#A302FA
280,99,98,#A702FA
281,99,98,#AC02FA
282,99,98,#B002FA
283,99,98,#B402FA
284,99,98,#B802FA
285,99,98,#BC02FA
286,99,98,#C002FA
287,99,98,#C402FA
288,99,98,#C802FA
289,99,98,#CD02FA
290,99,98,#D102FA
291,99,98,#D502FA
292,99,98,#D902FA
293,99,98,#DD02FA
294,99,98,#E102FA
295,99,98,#E502FA
296,99,98,#E902FA
297,99,98,#EE02FA
298,99,98,#F202FA
299,99,98,#F602FA
300,99,98,#FA02FA
301,99,98,#FA02F6
302,99,98,#FA02F2
303,99,98,#FA02EE
304,99,98,#FA02E9
305,99,98,#FA02E5
306,99,98,#FA02E1
307,99,98,#FA02DD
308,99,98,#FA02D9
309,99,98,#FA02D5
310,99,98,#FA02D1
311,99,98,#FA02CD
312,99,98,#FA02C8
313,99,98,#FA02C4
314,99,98,#FA02C0
315,99,98,#FA02BC
316,99,98,#FA02B8
317,99,98,#FA02B4
318,99,98,#FA02B0
319,99,98,#FA02AC
320,99,98,#FA02A7
321,99,98,#FA02A3
322,99,98,#FA029F
323,99,98,#FA029B
324,99,98,#FA0297
325,99,98,#FA0293
326,99,98,#FA028F
327,99,98,#FA028B
328,99,98,#FA0286
329,99,98,#FA0282
330,99,98,#FA027E
331,99,98,#FA027A
332,99,98,#FA0276
333,99,98,#FA0272
334,99,98,#FA026E
335,99,98,#FA026A
336,99,98,#FA0265
337,99,98,#FA0261
338,99,98,#FA025D
339,99,98,#FA0259
340,99,98,#FA0255
341,99,98,#FA0251
342,99,98,#FA024D
343,99,98,#FA0249
344,99,98,#FA0244
345,99,98,#FA0240
346,99,98,#FA023C
347,99,98,#FA0238
348,99,98,#FA0234
349,99,98,#FA0230
350,99,98,#FA022C
351,99,98,#FA0228
352,99,98,#FA0223
353,99,98,#FA021F
354,99,98,#FA021B
355,99,98,#FA0217
356,99,98,#FA0213
357,99,98,#FA020F
358,99,98,#FA020B
359,99,98,#FA0207
0,98,98,#FA0505
1,98,98,#FA0905
2,98,98,#FA0D05
3,98,98,#FA1105
4,98,98,#FA1505
5,98,98,#FA1905
6,98,98,#FA1D05
7,98,98,#FA2205
8,98,98,#FA2605
9,98,98,#FA2A05
10,98,98,#FA2E05
11,98,98,#FA3205
12,98,98,#FA3605
13,98,98,#FA3A05
14,98,98,#FA3E05
15,98,98,#FA4205
16,98,98,#FA4605
17,98,98,#FA4A05
18,98,98,#FA4E05
19,98,98,#FA5305
20,98,98,#FA5705
21,98,98,#FA5B05
22,98,98,#FA5F05
23,98,98,#FA6305
24,98,98,#FA6705
25,98,98,#FA6B05
26,98,98,#FA6F05
27,98,98,#FA7305
28,98,98,#FA7705
29,98,98,#FA7B05
30,98,98,#FA7F05
31,98,98,#FA8405
32,98,98,#FA8805
33,98,98,#FA8C05
34,98,98,#FA9005
35,98,98,#FA9405
36,98,98,#FA9805
37,98,98,#FA9C05
38,98,98,#FAA005
39,98,98,#FAA405
40,98,98,#FAA805
41,98,98,#FAAC05
42,98,98,#FAB005
43,98,98,#FAB505
44,98,98,#FAB905
45,98,98,#FABD05
46,98,98,#FAC105
47,98,98,#FAC505
48,98,98,#FAC905
49,98,98,#FACD05
50,98,98,#FAD105
51,98,98,#FAD505
52,98,98,#FAD905
53,98,98,#FADD05
54,98,98,#FAE105
55,98,98,#FAE505
56,98,98,#FAEA05
57,98,98,#FAEE05
58,98,98,#FAF205
59,98,98,#FAF605
60,98,98,#FAFA05
61,98,98,#F6FA05
62,98,98,#F2FA05
63,98,98,#EEFA05
64,98,98,#EAFA05
65,98,98,#E5FA05
66,98,98,#E1FA05
67,98,98,#DDFA05
68,98,98,#D9FA05
69,98,98,#D5FA05
70,98,98,#D1FA05
71,98,98,#CDFA05
72,98,98,#C9FA05
73,98,98,#C5FA05
74,98,98,#C1FA05
75,98,98,#BDFA05
76,98,98,#B9FA05
77,98,98,#B5FA05
78,98,98,#B0FA05
79,98,98,#ACFA05
80,98,98,#A8FA05
81,98,98,#A4FA05
82,98,98,#A0FA05
83,98,98,#9CFA05
84,98,98,#98FA05
85,98,98,#94FA05
86,98,98,#90FA05
87,98,98,#8CFA05
88,98,98,#88FA05
89,98,98,#84FA05
90,98,98,#7FFA05
91,98,98,#7BFA05
92,98,98,#77FA05
93,98,98,#73FA05
94,98,98,#6FFA05
95,98,98,#6BFA05
96,98,98,#67FA05
97,98,98,#63FA05
98,98,98,#5FFA05
99,98,98,#5BFA05
100,98,98,#57FA05
101,98,98,#53FA05
102,98,98,#4EFA05
103,98,98,#4AFA05
104,98,98,#46FA05
105,98,98,#42FA05
106,98,98,#3EFA05
107,98,98,#3AFA05
108,98,98,#36FA05
109,98,98,#32FA05
110,98,98,#2EFA05
111,98,98,#2AFA05
112,98,98,#26FA05
113,98,98,#22FA05
114,98,98,#1DFA05
115,98,98,#19FA05
116,98,98,#15FA05
117,98,98,#11FA05
118,98,98,#0DFA05
119,98,98,#09FA05
120,98,98,#05FA05
121,98,98,#05FA09
122,98,98,#05FA0D
123,98,98,#05FA11
124,98,98,#05FA15
125,98,98,#05FA19
126,98,98,#05FA1D
127,98,98,#05FA22
128,98,98,#05FA26
129,98,98,#05FA2A
130,98,98,#05FA2E
131,98,98,#05FA32
132,98,98,#05FA36
133,98,98,#05FA3A
134,98,98,#05FA3E
135,98,98,#05FA42
136,98,98,#05FA46
137,98,98,#05FA4A
138,98,98,#05FA4E
139,98,98,#05FA53
140,98,98,#05FA57
141,98,98,#05FA5B
142,98,98,#05FA5F
143,98,98,#05FA63
144,98,98,#05FA67
145,98,98,#05FA6B
146,98,98,#05FA6F
147,98,98,#05FA73
148,98,98,#05FA77
149,98,98,#05FA7B
150,98,98,#05FA7F
151,98,98,#05FA84
152,98,98,#05FA88
153,98,98,#05FA8C
154,98,98,#05FA90
155,98,98,#05FA94
156,98,98,#05FA98
157,98,98,#05FA9C
158,98,98,#05FAA0
159,98,98,#05FAA4
160,98,98,#05FAA8
161,98,98,#05FAAC
162,98,98,#05FAB0
163,98,98,#05FAB5
164,98,98,#05FAB9
165,98,98,#05FABD
166,98,98,#05FAC1
167,98,98,#05FAC5
168,98,98,#05FAC9
169,98,98,#05FACD
170,98,98,#05FAD1
171,98,98,#05FAD5
172,98,98,#05FAD9
173,98,98,#05FADD
174,98,98,#05FAE1
175,98,98,#05FAE5
176,98,98,#05FAEA
177,98,98,#05FAEE
178,98,98,#05FAF2
179,98,98,#05FAF6
180,98,98,#05FAFA
181,98,98,#05F6FA
182,98,98,#05F2FA
183,98,98,#05EEFA
184,98,98,#05EAFA
185,98,98,#05E5FA
186,98,98,#05E1FA
187,98,98,#05DDFA
188,98,98,#05D9FA
189,98,98,#05D5FA
190,98,98,#05D1FA
191,98,98,#05CDFA
192,98,98,#05C9FA
193,98,98,#05C5FA
194,98,98,#05C1FA
195,98,98,#05BDFA
196,98,98,#05B9FA
197,98,98,#05B5FA
198,98,98,#05B0FA
199,98,98,#05ACFA
200,98,98,#05A8FA
201,98,98,#05A4FA
202,98,98,#05A0FA
203,98,98,#059CFA
204,98,98,#0598FA
205,98,98,#0594FA
206,98,98,#0590FA
207,98,98,#058CFA
208,98,98,#0588FA
209,98,98,#0584FA
210,98,98,#057FFA
211,98,98,#057BFA
212,98,98,#0577FA
213,98,98,#0573FA
214,98,98,#056FFA
215,98,98,#056BFA
216,98,98,#0567FA
217,98,98,#0563FA
218,98,98,#055FFA
219,98,98,#055BFA
220,98,98,#0557FA
221,98,98,#0553FA
222,98,98,#054EFA
223,98,98,#054AFA
224,98,98,#0546FA
225,98,98,#0542FA
226,98,98,#053EFA
227,98,98,#053AFA
228,98,98,#0536FA
229,98,98,#0532FA
230,98,98,#052EFA
231,98,98,#052AFA
232,98,98,#0526FA
233,98,98,#0522FA
234,98,98,#051DFA
235,98,98,#0519FA
236,98,98,#0515FA
237,98,98,#0511FA
238,98,98,#050DFA
239,98,98,#0509FA
240,98,98,#0505FA
241,98,98,#0905FA
242,98,98,#0D05FA
243,98,98,#1105FA
244,98,98,#1505FA
245,98,98,#1905FA
246,98,98,#1D05FA
247,98,98,#2205FA
248,98,98,#2605FA
249,98,98,#2A05FA
250,98,98,#2E05FA
251,98,98,#3205FA
252,98,98,#3605FA
253,98,98,#3A05FA
254,98,98,#3E05FA
255,98,98,#4205FA
256,98,98,#4605FA
257,98,98,#4A05FA
258,98,98,#4E05FA
259,98,98,#5305FA
260,98,98,#5705FA
261,98,98,#5B05FA
262,98,98,#5F05FA
263,98,98,#6305FA
264,98,98,#6705FA
265,98,98,#6B05FA
266,98,98,#6F05FA
267,98,98,#7305FA
268,98,98,#7705FA
269,98,98,#7B05FA
270,98,98,#7F05FA
271,98,98,#8405FA
272,98,98,#8805FA
273,98,98,#8C05FA
274,98,98,#9005FA
275,98,98,#9405FA
276,98,98,#9805FA
277,98,98,#9C05FA
278,98,98,#A005FA
279,98,98,#A405FA
280,98,98,#A805FA
281,98,98,#AC05FA
282,98,98,#B005FA
283,98,98,#B505FA
284,98,98,#B905FA
285,98,98,#BD05FA
286,98,98,#C105FA
287,98,98,#C505FA
288,98,98,#C905FA
289,98,98,#CD05FA
290,98,98,#D105FA
291,98,98,#D505FA
292,98,98,#D905FA
293,98,98,#DD05FA
294,98,98,#E105FA
295,98,98,#E505FA
296,98,98,#EA05FA
297,98,98,#EE05FA
298,98,98,#F205FA
299,98,98,#F605FA
300,98,98,#FA05FA
301,98,98,#FA05F6
302,98,98,#FA05F2
303,98,98,#FA05EE
304,98,98,#FA05EA
305,98,98,#FA05E5
306,98,98,#FA05E1
307,98,98,#FA05DD
308,98,98,#FA05D9
309,98,98,#FA05D5
310,98,98,#FA05D1
311,98,98,#FA05CD
312,98,98,#FA05C9
313,98,98,#FA05C5
314,98,98,#FA05C1
315,98,98,#FA05BD
316,98,98,#FA05B9
317,98,98,#FA05B5
318,98,98,#FA05B0
319,98,98,#FA05AC
320,98,98,#FA05A8
321,98,98,#FA05A4
322,98,98,#FA05A0
323,98,98,#FA059C
324,98,98,#FA0598
325,98,98,#FA0594
326,98,98,#FA0590
327,98,98,#FA058C
328,98,98,#FA0588
329,98,98,#FA0584
330,98,98,#FA057F
331,98,98,#FA057B
332,98,98,#FA0577
333,98,98,#FA0573
334,98,98,#FA056F
335,98,98,#FA056B
336,98,98,#FA0567
337,98,98,#FA0563
338,98,98,#FA055F
339,98,98,#FA055B
340,98,98,#FA0557
341,98,98,#FA0553
342,98,98,#FA054E
343,98,98,#FA054A
344,98,98,#FA0546
345,98,98,#FA0542
346,98,98,#FA053E
347,98,98,#FA053A
348,98,98,#FA0536
349,98,98,#FA0532
350,98,98,#FA052E
351,98,98,#FA052A
352,98,98,#FA0526
353,98,98,#FA0522
354,98,98,#FA051D
355,98,98,#FA0519
356,98,98,#FA0515
357,98,98,#FA0511
358,98,98,#FA050D
359,98,98,#FA0509
0,97,98,#FA0707
1,97,98,#FA0C07
2,97,98,#FA1007
3,97,98,#FA1407
4,97,98,#FA1807
5,97,98,#FA1C07
6,97,98,#FA2007
7,97,98,#FA2407
8,97,98,#FA2807
9,97,98,#FA2C07
10,97,98,#FA3007
11,97,98,#FA3407
12,97,98,#FA3807
13,97,98,#FA3C07
14,97,98,#FA4007
15,97,98,#FA4407
16,97,98,#FA4807
17,97,98,#FA4C07
18,97,98,#FA5007
19,97,98,#FA5407
20,97,98,#FA5807
21,97,98,#FA5C07
22,97,98,#FA6007
23,97,98,#FA6407
24,97,98,#FA6807
25,97,98,#FA6C07
26,97,98,#FA7107
27,97,98,#FA7507
28,97,98,#FA7907
29,97,98,#FA7D07
30,97,98,#FA8107
31,97,98,#FA8507
32,97,98,#FA8907
33,97,98,#FA8D07
34,97,98,#FA9107
35,97,98,#FA9507
36,97,98,#FA9907
37,97,98,#FA9D07
38,97,98,#FAA107
39,97,98,#FAA507
40,97,98,#FAA907
41,97,98,#FAAD07
42,97,98,#FAB107
43,97,98,#FAB507
44,97,98,#FAB907
45,97,98,#FABD07
46,97,98,#FAC107
47,97,98,#FAC507
48,97,98,#FAC907
49,97,98,#FACD07
50,97,98,#FAD107
51,97,98,#FAD607
52,97,98,#FADA07
53,97,98,#FADE07
54,97,98,#FAE207
55,97,98,#FAE607
56,97,98,#FAEA07
57,97,98,#FAEE07
58,97,98,#FAF207
59,97,98,#FAF607
60,97,98,#FAFA07
61,97,98,#F6FA07
62,97,98,#F2FA07
63,97,98,#EEFA07
64,97,98,#EAFA07
65,97,98,#E6FA07
66,97,98,#E2FA07
67,97,98,#DEFA07
68,97,98,#DAFA07
69,97,98,#D6FA07
70,97,98,#D1FA07
71,97,98,#CDFA07
72,97,98,#C9FA07
73,97,98,#C5FA07
74,97,98,#C1FA07
75,97,98,#BDFA07
76,97,98,#B9FA07
77,97,98,#B5FA07
78,97,98,#B1FA07
79,97,98,#ADFA07
80,97,98,#A9FA07
81,97,98,#A5FA07
82,97,98,#A1FA07
83,97,98,#9DFA07
84,97,98,#99FA07
85,97,98,#95FA07
86,97,98,#91FA07
87,97,98,#8DFA07
88,97,98,#89FA07
89,97,98,#85FA07
90,97,98,#81FA07
91,97,98,#7DFA07
92,97,98,#79FA07
93,97,98,#75FA07
94,97,98,#71FA07
95,97,98,#6CFA07
96,97,98,#68FA07
97,97,98,#64FA07
98,97,98,#60FA07
99,97,98,#5CFA07
100,97,98,#58FA07
101,97,98,#54FA07
102,97,98,#50FA07
103,97,98,#4CFA07
104,97,98,#48FA07
105,97,98,#44FA07
106,97,98,#40FA07
107,97,98,#3CFA07
108,97,98,#38FA07
109,97,98,#34FA07
110,97,98,#30FA07
111,97,98,#2CFA07
112,97,98,#28FA07
113,97,98,#24FA07
114,97,98,#20FA07
115,97,98,#1CFA07
116,97,98,#18FA07
117,97,98,#14FA07
118,97,98,#10FA07
119,97,98,#0CFA07
120,97,98,#07FA07
121,97,98,#07FA0C
122,97,98,#07FA10
123,97,98,#07FA14
124,97,98,#07FA18
125,97,98,#07FA1C
126,97,98,#07FA20
127,97,98,#07FA24
128,97,98,#07FA28
129,97,98,#07FA2C
130,97,98,#07FA30
131,97,98,#07FA34
132,97,98,#07FA38
133,97,98,#07FA3C
134,97,98,#07FA40
135,97,98,#07FA44
136,97,98,#07FA48
137,97,98,#07FA4C
138,97,98,#07FA50
139,97,98,#07FA54
140,97,98,#07FA58
141,97,98,#07FA5C
142,97,98,#07FA60
143,97,98,#07FA64
144,97,98,#07FA68
145,97,98,#07FA6C
146,97,98,#07FA71
147,97,98,#07FA75
148,97,98,#07FA79
149,97,98,#07FA7D
150,97,98,#07FA81
151,97,98,#07FA85
152,97,98,#07FA89
153,97,98,#07FA8D
154,97,98,#07FA91
155,97,98,#07FA95
156,97,98,#07FA99
157,97,98,#07FA9D
158,97,98,#07FAA1
159,97,98,#07FAA5
160,97,98,#07FAA9
161,97,98,#07FAAD
162,97,98,#07FAB1
163,97,98,#07FAB5
164,97,98,#07FAB9
165,97,98,#07FABD
166,97,98,#07FAC1
167,97,98,#07FAC5
168,97,98,#07FAC9
169,97,98,#07FACD
170,97,98,#07FAD1
171,97,98,#07FAD6
172,97,98,#07FADA
173,97,98,#07FADE
174,97,98,#07FAE2
175,97,98,#07FAE6
176,97,98,#07FAEA
177,97,98,#07FAEE
178,97,98,#07FAF2
179,97,98,#07FAF6
180,97,98,#07FAFA
181,97,98,#07F6FA
182,97,98,#07F2FA
183,97,98,#07EEFA
184,97,98,#07EAFA
185,97,98,#07E6FA
186,97,98,#07E2FA
187,97,98,#07DEFA
188,97,98,#07DAFA
189,97,98,#07D6FA
190,97,98,#07D1FA
191,97,98,#07CDFA
192,97,98,#07C9FA
193,97,98,#07C5FA
194,97,98,#07C1FA
195,97,98,#07BDFA
196,97,98,#07B9FA
197,97,98,#07B5FA
198,97,98,#07B1FA
199,97,98,#07ADFA
200,97,98,#07A9FA
201,97,98,#07A5FA
202,97,98,#07A1FA
203,97,98,#079DFA
204,97,98,#0799FA
205,97,98,#0795FA
206,97,98,#0791FA
207,97,98,#078DFA
208,97,98,#0789FA
209,97,98,#0785FA
210,97,98,#0781FA
211,97,98,#077DFA
212,97,98,#0779FA
213,97,98,#0775FA
214,97,98,#0771FA
215,97,98,#076CFA
216,97,98,#0768FA
217,97,98,#0764FA
218,97,98,#0760FA
219,97,98,#075CFA
220,97,98,#0758FA
221,97,98,#0754FA
222,97,98,#0750FA
223,97,98,#074CFA
224,97,98,#0748FA
225,97,98,#0744FA
226,97,98,#0740FA
227,97,98,#073CFA
228,97,98,#0738FA
229,97,98,#0734FA
230,97,98,#0730FA
231,97,98,#072CFA
232,97,98,#0728FA
233,97,98,#0724FA
234,97,98,#0720FA
235,97,98,#071CFA
236,97,98,#0718FA
237,97,98,#0714FA
238,97,98,#0710FA
239,97,98,#070CFA
240,97,98,#0707FA
241,97,98,#0C07FA
242,97,98,#1007FA
243,97,98,#1407FA
244,97,98,#1807FA
245,97,98,#1C07FA
246,97,98,#2007FA
247,97,98,#2407FA
248,97,98,#2807FA
249,97,98,#2C07FA
250,97,98,#3007FA
251,97,98,#3407FA
252,97,98,#3807FA
253,97,98,#3C07FA
254,97,98,#4007FA
255,97,98,#4407FA
256,97,98,#4807FA
257,97,98,#4C07FA
258,97,98,#5007FA
259,97,98,#5407FA
260,97,98,#5807FA
261,97,98,#5C07FA
262,97,98,#6007FA
263,97,98,#6407FA
264,97,98,#6807FA
265,97,98,#6C07FA
266,97,98,#7107FA
267,97,98,#7507FA
268,97,98,#7907FA
269,97,98,#7D07FA
270,97,98,#8107FA
271,97,98,#8507FA
272,97,98,#8907FA
273,97,98,#8D07FA
274,97,98,#9107FA
275,97,98,#9507FA
276,97,98,#9907FA
277,97,98,#9D07FA
278,97,98,#A107FA
279,97,98,#A507FA
280,97,98,#A907FA
281,97,98,#AD07FA
282,97,98,#B107FA
283,97,98,#B507FA
284,97,98,#B907FA
285,97,98,#BD07FA
286,97,98,#C107FA
287,97,98,#C507FA
288,97,98,#C907FA
289,97,98,#CD07FA
290,97,98,#D107FA
291,97,98,#D607FA
292,97,98,#DA07FA
293,97,98,#DE07FA
294,97,98,#E207FA
295,97,98,#E607FA
296,97,98,#EA07FA
297,97,98,#EE07FA
298,97,98,#F207FA
299,97,98,#F607FA
300,97,98,#FA07FA
301,97,98,#FA07F6
302,97,98,#FA07F2
303,97,98,#FA07EE
304,97,98,#FA07EA
305,97,98,#FA07E6
306,97,98,#FA07E2
307,97,98,#FA07DE
308,97,98,#FA07DA
309,97,98,#FA07D6
310,97,98,#FA07D1
311,97,98,#FA07CD
312,97,98,#FA07C9
313,97,98,#FA07C5
314,97,98,#FA07C1
315,97,98,#FA07BD
316,97,98,#FA07B9
317,97,98,#FA07B5
318,97,98,#FA07B1
319,97,98,#FA07AD
320,97,98,#FA07A9
321,97,98,#FA07A5
322,97,98,#FA07A1
323,97,98,#FA079D
324,97,98,#FA0799
325,97,98,#FA0795
326,97,98,#FA0791
327,97,98,#FA078D
328,97,98,#FA0789
329,97,98,#FA0785
330,97,98,#FA0781
331,97,98,#FA077D
332,97,98,#FA0779
333,97,98,#FA0775
334,97,98,#FA0771
335,97,98,#FA076C
336,97,98,#FA0768
337,97,98,#FA0764
338,97,98,#FA0760
339,97,98,#FA075C
340,97,98,#FA0758
341,97,98,#FA0754
342,97,98,#FA0750
343,97,98,#FA074C
344,97,98,#FA0748
345,97,98,#FA0744
346,97,98,#FA0740
347,97,98,#FA073C
348,97,98,#FA0738
349,97,98,#FA0734
350,97,98,#FA0730
351,97,98,#FA072C
352,97,98,#FA0728
353,97,98,#FA0724
354,97,98,#FA0720
355,97,98,#FA071C
356,97,98,#FA0718
357,97,98,#FA0714
358,97,98,#FA0710
359,97,98,#FA070C
0,96,98,#FA0A0A
1,96,98,#FA0E0A
2,96,98,#FA120A
3,96,98,#FA160A
4,96,98,#FA1A0A
5,96,98,#FA1E0A
6,96,98,#FA220A
7,96,98,#FA260A
8,96,98,#FA2A0A
9,96,98,#FA2E0A
10,96,98,#FA320A
11,96,98,#FA360A
12,96,98,#FA3A0A
13,96,98,#FA3E0A
14,96,98,#FA420A
15,96,98,#FA460A
16,96,98,#FA4A0A
17,96,98,#FA4E0A
18,96,98,#FA520A
19,96,98,#FA560A
20,96,98,#FA5A0A
21,96,98,#FA5E0A
22,96,98,#FA620A
23,96,98,#FA660A
24,96,98,#FA6A0A
25,96,98,#FA6E0A
26,96,98,#FA720A
27,96,98,#FA760A
28,96,98,#FA7A0A
29,96,98,#FA7E0A
30,96,98,#FA820A
31,96,98,#FA860A
32,96,98,#FA8A0A
33,96,98,#FA8E0A
34,96,98,#FA920A
35,96,98,#FA960A
36,96,98,#FA9A0A
37,96,98,#FA9E0A
38,96,98,#FAA20A
39,96,98,#FAA60A
40,96,98,#FAAA0A
41,96,98,#FAAE0A
42,96,98,#FAB20A
43,96,98,#FAB60A
44,96,98,#FABA0A
45,96,98,#FABE0A
46,96,98,#FAC20A
47,96,98,#FAC60A
48,96,98,#FACA0A
49,96,98,#FACE0A
50,96,98,#FAD20A
51,96,98,#FAD60A
52,96,98,#FADA0A
53,96,98,#FADE0A
54,96,98,#FAE20A
55,96,98,#FAE60A
56,96,98,#FAEA0A
57,96,98,#FAEE0A
58,96,98,#FAF20A
59,96,98,#FAF60A
60,96,98,#FAFA0A
61,96,98,#F6FA0A
62,96,98,#F2FA0A
63,96,98,#EEFA0A
64,96,98,#EAFA0A
65,96,98,#E6FA0A
66,96,98,#E2FA0A
67,96,98,#DEFA0A
68,96,98,#DAFA0A
69,96,98,#D6FA0A
70,96,98,#D2FA0A
71,96,98,#CEFA0A
72,96,98,#CAFA0A
73,96,98,#C6FA0A
74,96,98,#C2FA0A
75,96,98,#BEFA0A
76,96,98,#BAFA0A
77,96,98,#B6FA0A
78,96,98,#B2FA0A
79,96,98,#AEFA0A
80,96,98,#AAFA0A
81,96,98,#A6FA0A
82,96,98,#A2FA0A
83,96,98,#9EFA0A
84,96,98,#9AFA0A
85,96,98,#96FA0A
86,96,98,#92FA0A
87,96,98,#8EFA0A
88,96,98,#8AFA0A
89,96,98,#86FA0A
90,96,98,#82FA0A
91,96,98,#7EFA0A
92,96,98,#7AFA0A
93,96,98,#76FA0A
94,96,98,#72FA0A
95,96,98,#6EFA0A
96,96,98,#6AFA0A
97,96,98,#66FA0A
98,96,98,#62FA0A
99,96,98,#5EFA0A
100,96,98,#5AFA0A
101,96,98,#56FA0A
102,96,98,#52FA0A
103,96,98,#4EFA0A
104,96,98,#4AFA0A
105,96,98,#46FA0A
106,96,98,#42FA0A
107,96,98,#3EFA0A
108,96,98,#3AFA0A
109,96,98,#36FA0A
110,96,98,#32FA0A
111,96,98,#2EFA0A
112,96,98,#2AFA0A
113,96,98,#26FA0A
114,96,98,#22FA0A
115,96,98,#1EFA0A
116,96,98,#1AFA0A
117,96,98,#16FA0A
118,96,98,#12FA0A
119,96,98,#0EFA0A
120,96,98,#0AFA0A
121,96,98,#0AFA0E
122,96,98,#0AFA12
123,96,98,#0AFA16
124,96,98,#0AFA1A
125,96,98,#0AFA1E
126,96,98,#0AFA22
127,96,98,#0AFA26
128,96,98,#0AFA2A
129,96,98,#0AFA2E
130,96,98,#0AFA32
131,96,98,#0AFA36
132,96,98,#0AFA3A
133,96,98,#0AFA3E
134,96,98,#0AFA42
135,96,98,#0AFA46
136,96,98,#0AFA4A
137,96,98,#0AFA4E
138,96,98,#0AFA52
139,96,98,#0AFA56
140,96,98,#0AFA5A
141,96,98,#0AFA5E
142,96,98,#0AFA62
143,96,98,#0AFA66
144,96,98,#0AFA6A
145,96,98,#0AFA6E
146,96,98,#0AFA72
147,96,98,#0AFA76
148,96,98,#0AFA7A
149,96,98,#0AFA7E
150,96,98,#0AFA82
151,96,98,#0AFA86
152,96,98,#0AFA8A
153,96,98,#0AFA8E
154,96,98,#0AFA92
155,96,98,#0AFA96
156,96,98,#0AFA9A
157,96,98,#0AFA9E
158,96,98,#0AFAA2
159,96,98,#0AFAA6
160,96,98,#0AFAAA
161,96,98,#0AFAAE
162,96,98,#0AFAB2
163,96,98,#0AFAB6
164,96,98,#0AFABA
165,96,98,#0AFABE
166,96,98,#0AFAC2
167,96,98,#0AFAC6
168,96,98,#0AFACA
169,96,98,#0AFACE
170,96,98,#0AFAD2
171,96,98,#0AFAD6
172,96,98,#0AFADA
173,96,98,#0AFADE
174,96,98,#0AFAE2
175,96,98,#0AFAE6
176,96,98,#0AFAEA
177,96,98,#0AFAEE
178,96,98,#0AFAF2
179,96,98,#0AFAF6
180,96,98,#0AFAFA
181,96,98,#0AF6FA
182,96,98,#0AF2FA
183,96,98,#0AEEFA
184,96,98,#0AEAFA
185,96,98,#0AE6FA
186,96,98,#0AE2FA
187,96,98,#0ADEFA
188,96,98,#0ADAFA
189,96,98,#0AD6FA
190,96,98,#0AD2FA
191,96,98,#0ACEFA
192,96,98,#0ACAFA
193,96,98,#0AC6FA
194,96,98,#0AC2FA
195,96,98,#0ABEFA
196,96,98,#0ABAFA
197,96,98,#0AB6FA
198,96,98,#0AB2FA
199,96,98,#0AAEFA
200,96,98,#0AAAFA
201,96,98,#0AA6FA
202,96,98,#0AA2FA
203,96,98,#0A9EFA
204,96,98,#0A9AFA
205,96,98,#0A96FA
206,96,98,#0A92FA
207,96,98,#0A8EFA
208,96,98,#0A8AFA
209,96,98,#0A86FA
210,96,98,#0A82FA
211,96,98,#0A7EFA
212,96,98,#0A7AFA
213,96,98,#0A76FA
214,96,98,#0A72FA
215,96,98,#0A6EFA
216,96,98,#0A6AFA
217,96,98,#0A66FA
218,96,98,#0A62FA
219,96,98,#0A5EFA
220,96,98,#0A5AFA
221,96,98,#0A56FA
222,96,98,#0A52FA
223,96,98,#0A4EFA
224,96,98,#0A4AFA
225,96,98,#0A46FA
226,96,98,#0A42FA
227,96,98,#0A3EFA
228,96,98,#0A3AFA
229,96,98,#0A36FA
230,96,98,#0A32FA
231,96,98,#0A2EFA
232,96,98,#0A2AFA
233,96,98,#0A26FA
234,96,98,#0A22FA
235,96,98,#0A1EFA
236,96,98,#0A1AFA
237,96,98,#0A16FA
238,96,98,#0A12FA
239,96,98,#0A0EFA
240,96,98,#0A0AFA
241,96,98,#0E0AFA
242,96,98,#120AFA
243,96,98,#160AFA
244,96,98,#1A0AFA
245,96,98,#1E0AFA
246,96,98,#220AFA
247,96,98,#260AFA
248,96,98,#2A0AFA
249,96,98,#2E0AFA
250,96,98,#320AFA
251,96,98,#360AFA
252,96,98,#3A0AFA
253,96,98,#3E0AFA
254,96,98,#420AFA
255,96,98,#460AFA
256,96,98,#4A0AFA
257,96,98,#4E0AFA
258,96,98,#520AFA
259,96,98,#560AFA
260,96,98,#5A0AFA
261,96,98,#5E0AFA
262,96,98,#620AFA
263,96,98,#660AFA
264,96,98,#6A0AFA
265,96,98,#6E0AFA
266,96,98,#720AFA
267,96,98,#760AFA
268,96,98,#7A0AFA
269,96,98,#7E0AFA
270,96,98,#820AFA
271,96,98,#860AFA
272,96,98,#8A0AFA
273,96,98,#8E0AFA
274,96,98,#920AFA
275,96,98,#960AFA
276,96,98,#9A0AFA
277,96,98,#9E0AFA
278,96,98,#A20AFA
279,96,98,#A60AFA
280,96,98,#AA0AFA
281,96,98,#AE0AFA
282,96,98,#B20AFA
283,96,98,#B60AFA
284,96,98,#BA0AFA
285,96,98,#BE0AFA
286,96,98,#C20AFA
287,96,98,#C60AFA
288,96,98,#CA0AFA
289,96,98,#CE0AFA
290,96,98,#D20AFA
291,96,98,#D60AFA
292,96,98,#DA0AFA
293,96,98,#DE0AFA
294,96,98,#E20AFA
295,96,98,#E60AFA
296,96,98,#EA0AFA
297,96,98,#EE0AFA
298,96,98,#F20AFA
299,96,98,#F60AFA
300,96,98,#FA0AFA
301,96,98,#FA0AF6
302,96,98,#FA0AF2
303,96,98,#FA0AEE
304,96,98,#FA0AEA
305,96,98,#FA0AE6
306,96,98,#FA0AE2
307,96,98,#FA0ADE
308,96,98,#FA0ADA
309,96,98,#FA0AD6
310,96,98,#FA0AD2
311,96,98,#FA0ACE
312,96,98,#FA0ACA
313,96,98,#FA0AC6
314,96,98,#FA0AC2
315,96,98,#FA0ABE
316,96,98,#FA0ABA
317,96,98,#FA0AB6
318,96,98,#FA0AB2
319,96,98,#FA0AAE
320,96,98,#FA0AAA
321,96,98,#FA0AA6
322,96,98,#FA0AA2
323,96,98,#FA0A9E
324,96,98,#FA0A9A
325,96,98,#FA0A96
326,96,98,#FA0A92
327,96,98,#FA0A8E
328,96,98,#FA0A8A
329,96,98,#FA0A86
330,96,98,#FA0A82
331,96,98,#FA0A7E
332,96,98,#FA0A7A
333,96,98,#FA0A76
334,96,98,#FA0A72
335,96,98,#FA0A6E
336,96,98,#FA0A6A
337,96,98,#FA0A66
338,96,98,#FA0A62
339,96,98,#FA0A5E
340,96,98,#FA0A5A
341,96,98,#FA0A56
342,96,98,#FA0A52
343,96,98,#FA0A4E
344,96,98,#FA0A4A
345,96,98,#FA0A46
346,96,98,#FA0A42
347,96,98,#FA0A3E
348,96,98,#FA0A3A
349,96,98,#FA0A36
350,96,98,#FA0A32
351,96,98,#FA0A2E
352,96,98,#FA0A2A
353,96,98,#FA0A26
354,96,98,#FA0A22
355,96,98,#FA0A1E
356,96,98,#FA0A1A
357,96,98,#FA0A16
358,96,98,#FA0A12
359,96,98,#FA0A0E
0,95,98,#FA0C0C
1,95,98,#FA100C
2,95,98,#FA140C
3,95,98,#FA180C
4,95,98,#FA1C0C
5,95,98,#FA200C
6,95,98,#FA240C
7,95,98,#FA280C
8,95,98,#FA2C0C
9,95,98,#FA300C
10,95,98,#FA340C
11,95,98,#FA380C
12,95,98,#FA3C0C
13,95,98,#FA400C
14,95,98,#FA440C
15,95,98,#FA480C
16,95,98,#FA4C0C
17,95,98,#FA500C
18,95,98,#FA540C
19,95,98,#FA580C
20,95,98,#FA5C0C
21,95,98,#FA600C
22,95,98,#FA640C
23,95,98,#FA680C
24,95,98,#FA6B0C
25,95,98,#FA6F0C
26,95,98,#FA730C
27,95,98,#FA770C
28,95,98,#FA7B0C
29,95,98,#FA7F0C
30,95,98,#FA830C
31,95,98,#FA870C
32,95,98,#FA8B0C
33,95,98,#FA8F0C
34,95,98,#FA930C
35,95,98,#FA970C
36,95,98,#FA9B0C
37,95,98,#FA9F0C
38,95,98,#FAA30C
39,95,98,#FAA70C
40,95,98,#FAAB0C
41,95,98,#FAAF0C
42,95,98,#FAB30C
43,95,98,#FAB70C
44,95,98,#FABB0C
45,95,98,#FABF0C
46,95,98,#FAC30C
47,95,98,#FAC60C
48,95,98,#FACA0C
49,95,98,#FACE0C
50,95,98,#FAD20C
51,95,98,#FAD60C
52,95,98,#FADA0C
53,95,98,#FADE0C
54,95,98,#FAE20C
55,95,98,#FAE60C
56,95,98,#FAEA0C
57,95,98,#FAEE0C
58,95,98,#FAF20C
59,95,98,#FAF60C
60,95,98,#FAFA0C
61,95,98,#F6FA0C
62,95,98,#F2FA0C
63,95,98,#EEFA0C
64,95,98,#EAFA0C
65,95,98,#E6FA0C
66,95,98,#E2FA0C
67,95,98,#DEFA0C
68,95,98,#DAFA0C
69,95,98,#D6FA0C
70,95,98,#D2FA0C
71,95,98,#CEFA0C
72,95,98,#CAFA0C
73,95,98,#C6FA0C
74,95,98,#C3FA0C
75,95,98,#BFFA0C
76,95,98,#BBFA0C
77,95,98,#B7FA0C
78,95,98,#B3FA0C
79,95,98,#AFFA0C
80,95,98,#ABFA0C
81,95,98,#A7FA0C
82,95,98,#A3FA0C
83,95,98,#9FFA0C
84,95,98,#9BFA0C
85,95,98,#97FA0C
86,95,98,#93FA0C
87,95,98,#8FFA0C
88,95,98,#8BFA0C
89,95,98,#87FA0C
90,95,98,#83FA0C
91,95,98,#7FFA0C
92,95,98,#7BFA0C
93,95,98,#77FA0C
94,95,98,#73FA0C
95,95,98,#6FFA0C
96,95,98,#6BFA0C
97,95,98,#68FA0C
98,95,98,#64FA0C
99,95,98,#60FA0C
100,95,98,#5CFA0C
101,95,98,#58FA0C
102,95,98,#54FA0C
103,95,98,#50FA0C
104,95,98,#4CFA0C
105,95,98,#48FA0C
106,95,98,#44FA0C
107,95,98,#40FA0C
108,95,98,#3CFA0C
109,95,98,#38FA0C
110,95,98,#34FA0C
111,95,98,#30FA0C
112,95,98,#2CFA0C
113,95,98,#28FA0C
114,95,98,#24FA0C
115,95,98,#20FA0C
116,95,98,#1CFA0C
117,95,98,#18FA0C
118,95,98,#14FA0C
119,95,98,#10FA0C
120,95,98,#0CFA0C
121,95,98,#0CFA10
122,95,98,#0CFA14
123,95,98,#0CFA18
124,95,98,#0CFA1C
125,95,98,#0CFA20
126,95,98,#0CFA24
127,95,98,#0CFA28
128,95,98,#0CFA2C
129,95,98,#0CFA30
130,95,98,#0CFA34
131,95,98,#0CFA38
132,95,98,#0CFA3C
133,95,98,#0CFA40
134,95,98,#0CFA44
135,95,98,#0CFA48
136,95,98,#0CFA4C
137,95,98,#0CFA50
138,95,98,#0CFA54
139,95,98,#0CFA58
140,95,98,#0CFA5C
141,95,98,#0CFA60
142,95,98,#0CFA64
143,95,98,#0CFA68
144,95,98,#0CFA6B
145,95,98,#0CFA6F
146,95,98,#0CFA73
147,95,98,#0CFA77
148,95,98,#0CFA7B
149,95,98,#0CFA7F
150,95,98,#0CFA83
151,95,98,#0CFA87
152,95,98,#0CFA8B
153,95,98,#0CFA8F
154,95,98,#0CFA93
155,95,98,#0CFA97
156,95,98,#0CFA9B
157,95,98,#0CFA9F
158,95,98,#0CFAA3
159,95,98,#0CFAA7
160,95,98,#0CFAAB
161,95,98,#0CFAAF
162,95,98,#0CFAB3
163,95,98,#0CFAB7
164,95,98,#0CFABB
165,95,98,#0CFABF
166,95,98,#0CFAC3
167,95,98,#0CFAC6
168,95,98,#0CFACA
169,95,98,#0CFACE
170,95,98,#0CFAD2
171,95,98,#0CFAD6
172,95,98,#0CFADA
173,95,98,#0CFADE
174,95,98,#0CFAE2
175,95,98,#0CFAE6
176,95,98,#0CFAEA
177,95,98,#0CFAEE
178,95,98,#0CFAF2
179,95,98,#0CFAF6
180,95,98,#0CFAFA
181,95,98,#0CF6FA
182,95,98,#0CF2FA
183,95,98,#0CEEFA
184,95,98,#0CEAFA
185,95,98,#0CE6FA
186,95,98,#0CE2FA
187,95,98,#0CDEFA
188,95,98,#0CDAFA
189,95,98,#0CD6FA
190,95,98,#0CD2FA
191,95,98,#0CCEFA
192,95,98,#0CCAFA
193,95,98,#0CC6FA
194,95,98,#0CC3FA
195,95,98,#0CBFFA
196,95,98,#0CBBFA
197,95,98,#0CB7FA
198,95,98,#0CB3FA
199,95,98,#0CAFFA
200,95,98,#0CABFA
201,95,98,#0CA7FA
202,95,98,#0CA3FA
203,95,98,#0C9FFA
204,95,98,#0C9BFA
205,95,98,#0C97FA
206,95,98,#0C93FA
207,95,98,#0C8FFA
208,95,98,#0C8BFA
209,95,98,#0C87FA
210,95,98,#0C83FA
211,95,98,#0C7FFA
212,95,98,#0C7BFA
213,95,98,#0C77FA
214,95,98,#0C73FA
215,95,98,#0C6FFA
216,95,98,#0C6BFA
217,95,98,#0C68FA
218,95,98,#0C64FA
219,95,98,#0C60FA
220,95,98,#0C5CFA
221,95,98,#0C58FA
222,95,98,#0C54FA
223,95,98,#0C50FA
224,95,98,#0C4CFA
225,95,98,#0C48FA
226,95,98,#0C44FA
227,95,98,#0C40FA
228,95,98,#0C3CFA
229,95,98,#0C38FA
230,95,98,#0C34FA
231,95,98,#0C30FA
232,95,98,#0C2CFA
233,95,98,#0C28FA
234,95,98,#0C24FA
235,95,98,#0C20FA
236,95,98,#0C1CFA
237,95,98,#0C18FA
238,95,98,#0C14FA
239,95,98,#0C10FA
240,95,98,#0C0CFA
241,95,98,#100CFA
242,95,98,#140CFA
243,95,98,#180CFA
244,95,98,#1C0CFA
245,95,98,#200CFA
246,95,98,#240CFA
247,95,98,#280CFA
248,95,98,#2C0CFA
249,95,98,#300CFA
250,95,98,#340CFA
251,95,98,#380CFA
252,95,98,#3C0CFA
253,95,98,#400CFA
254,95,98,#440CFA
255,95,98,#480CFA
256,95,98,#4C0CFA
257,95,98,#500CFA
258,95,98,#540CFA
259,95,98,#580CFA
260,95,98,#5C0CFA
261,95,98,#600CFA
262,95,98,#640CFA
263,95,98,#680CFA
264,95,98,#6B0CFA
265,95,98,#6F0CFA
266,95,98,#730CFA
267,95,98,#770CFA
268,95,98,#7B0CFA
269,95,98,#7F0CFA
270,95,98,#830CFA
271,95,98,#870CFA
272,95,98,#8B0CFA
273,95,98,#8F0CFA
274,95,98,#930CFA
275,95,98,#970CFA
276,95,98,#9B0CFA
277,95,98,#9F0CFA
278,95,98,#A30CFA
279,95,98,#A70CFA
280,95,98,#AB0CFA
281,95,98,#AF0CFA
282,95,98,#B30CFA
283,95,98,#B70CFA
284,95,98,#BB0CFA
285,95,98,#BF0CFA
286,95,98,#C30CFA
287,95,98,#C60CFA
288,95,98,#CA0CFA
289,95,98,#CE0CFA
290,95,98,#D20CFA
291,95,98,#D60CFA
292,95,98,#DA0CFA
293,95,98,#DE0CFA
294,95,98,#E20CFA
295,95,98,#E60CFA
296,95,98,#EA0CFA
297,95,98,#EE0CFA
298,95,98,#F20CFA
299,95,98,#F60CFA
300,95,98,#FA0CFA
301,95,98,#FA0CF6
302,95,98,#FA0CF2
303,95,98,#FA0CEE
304,95,98,#FA0CEA
305,95,98,#FA0CE6
306,95,98,#FA0CE2
307,95,98,#FA0CDE
308,95,98,#FA0CDA
309,95,98,#FA0CD6
310,95,98,#FA0CD2
311,95,98,#FA0CCE
312,95,98,#FA0CCA
313,95,98,#FA0CC6
314,95,98,#FA0CC3
315,95,98,#FA0CBF
316,95,98,#FA0CBB
317,95,98,#FA0CB7
318,95,98,#FA0CB3
319,95,98,#FA0CAF
320,95,98,#FA0CAB
321,95,98,#FA0CA7
322,95,98,#FA0CA3
323,95,98,#FA0C9F
324,95,98,#FA0C9B
325,95,98,#FA0C97
326,95,98,#FA0C93
327,95,98,#FA0C8F
328,95,98,#FA0C8B
329,95,98,#FA0C87
330,95,98,#FA0C83
331,95,98,#FA0C7F
332,95,98,#FA0C7B
333,95,98,#FA0C77
334,95,98,#FA0C73
335,95,98,#FA0C6F
336,95,98,#FA0C6B
337,95,98,#FA0C68
338,95,98,#FA0C64
339,95,98,#FA0C60
340,95,98,#FA0C5C
341,95,98,#FA0C58
342,95,98,#FA0C54
343,95,98,#FA0C50
344,95,98,#FA0C4C
345,95,98,#FA0C48
346,95,98,#FA0C44
347,95,98,#FA0C40
348,95,98,#FA0C3C
349,95,98,#FA0C38
350,95,98,#FA0C34
351,95,98,#FA0C30
352,95,98,#FA0C2C
353,95,98,#FA0C28
354,95,98,#FA0C24
355,95,98,#FA0C20
356,95,98,#FA0C1C
357,95,98,#FA0C18
358,95,98,#FA0C14
359,95,98,#FA0C10
0,94,98,#FA0F0F
1,94,98,#FA130F
2,94,98,#FA170F
3,94,98,#FA1B0F
4,94,98,#FA1F0F
5,94,98,#FA230F
6,94,98,#FA260F
7,94,98,#FA2A0F
8,94,98,#FA2E0F
9,94,98,#FA320F
10,94,98,#FA360F
11,94,98,#FA3A0F
12,94,98,#FA3E0F
13,94,98,#FA420F
14,94,98,#FA460F
15,94,98,#FA4A0F
16,94,98,#FA4E0F
17,94,98,#FA520F
18,94,98,#FA550F
19,94,98,#FA590F
20,94,98,#FA5D0F
21,94,98,#FA610F
22,94,98,#FA650F
23,94,98,#FA690F
24,94,98,#FA6D0F
25,94,98,#FA710F
26,94,98,#FA750F
27,94,98,#FA790F
28,94,98,#FA7D0F
29,94,98,#FA810F
30,94,98,#FA840F
31,94,98,#FA880F
32,94,98,#FA8C0F
33,94,98,#FA900F
34,94,98,#FA940F
35,94,98,#FA980F
36,94,98,#FA9C0F
37,94,98,#FAA00F
38,94,98,#FAA40F
39,94,98,#FAA80F
40,94,98,#FAAC0F
41,94,98,#FAB00F
42,94,98,#FAB30F
43,94,98,#FAB70F
44,94,98,#FABB0F
45,94,98,#FABF0F
46,94,98,#FAC30F
47,94,98,#FAC70F
48,94,98,#FACB0F
49,94,98,#FACF0F
50,94,98,#FAD30F
51,94,98,#FAD70F
52,94,98,#FADB0F
53,94,98,#FADE0F
54,94,98,#FAE20F
55,94,98,#FAE60F
56,94,98,#FAEA0F
57,94,98,#FAEE0F
58,94,98,#FAF20F
59,94,98,#FAF60F
60,94,98,#FAFA0F
61,94,98,#F6FA0F
62,94,98,#F2FA0F
63,94,98,#EEFA0F
64,94,98,#EAFA0F
65,94,98,#E6FA0F
66,94,98,#E2FA0F
67,94,98,#DEFA0F
68,94,98,#DBFA0F
69,94,98,#D7FA0F
70,94,98,#D3FA0F
71,94,98,#CFFA0F
72,94,98,#CBFA0F
73,94,98,#C7FA0F
74,94,98,#C3FA0F
75,94,98,#BFFA0F
76,94,98,#BBFA0F
77,94,98,#B7FA0F
78,94,98,#B3FA0F
79,94,98,#B0FA0F
80,94,98,#ACFA0F
81,94,98,#A8FA0F
82,94,98,#A4FA0F
83,94,98,#A0FA0F
84,94,98,#9CFA0F
85,94,98,#98FA0F
86,94,98,#94FA0F
87,94,98,#90FA0F
88,94,98,#8CFA0F
89,94,98,#88FA0F
90,94,98,#84FA0F
91,94,98,#81FA0F
92,94,98,#7DFA0F
93,94,98,#79FA0F
94,94,98,#75FA0F
95,94,98,#71FA0F
96,94,98,#6DFA0F
97,94,98,#69FA0F
98,94,98,#65FA0F
99,94,98,#61FA0F
100,94,98,#5DFA0F
101,94,98,#59FA0F
102,94,98,#55FA0F
103,94,98,#52FA0F
104,94,98,#4EFA0F
105,94,98,#4AFA0F
106,94,98,#46FA0F
107,94,98,#42FA0F
108,94,98,#3EFA0F
109,94,98,#3AFA0F
110,94,98,#36FA0F
111,94,98,#32FA0F
112,94,98,#2EFA0F
113,94,98,#2AFA0F
114,94,98,#26FA0F
115,94,98,#23FA0F
116,94,98,#1FFA0F
117,94,98,#1BFA0F
118,94,98,#17FA0F
119,94,98,#13FA0F
120,94,98,#0FFA0F
121,94,98,#0FFA13
122,94,98,#0FFA17
123,94,98,#0FFA1B
124,94,98,#0FFA1F
125,94,98,#0FFA23
126,94,98,#0FFA26
127,94,98,#0FFA2A
128,94,98,#0FFA2E
129,94,98,#0FFA32
130,94,98,#0FFA36
131,94,98,#0FFA3A
132,94,98,#0FFA3E
133,94,98,#0FFA42
134,94,98,#0FFA46
135,94,98,#0FFA4A
136,94,98,#0FFA4E
137,94,98,#0FFA52
138,94,98,#0FFA55
139,94,98,#0FFA59
140,94,98,#0FFA5D
141,94,98,#0FFA61
142,94,98,#0FFA65
143,94,98,#0FFA69
144,94,98,#0FFA6D
145,94,98,#0FFA71
146,94,98,#0FFA75
147,94,98,#0FFA79
148,94,98,#0FFA7D
149,94,98,#0FFA81
150,94,98,#0FFA84
151,94,98,#0FFA88
152,94,98,#0FFA8C
153,94,98,#0FFA90
154,94,98,#0FFA94
155,94,98,#0FFA98
156,94,98,#0FFA9C
157,94,98,#0FFAA0
158,94,98,#0FFAA4
159,94,98,#0FFAA8
160,94,98,#0FFAAC
161,94,98,#0FFAB0
162,94,98,#0FFAB3
163,94,98,#0FFAB7
164,94,98,#0FFABB
165,94,98,#0FFABF
166,94,98,#0FFAC3
167,94,98,#0FFAC7
168,94,98,#0FFACB
169,94,98,#0FFACF
170,94,98,#0FFAD3
171,94,98,#0FFAD7
172,94,98,#0FFADB
173,94,98,#0FFADE
174,94,98,#0FFAE2
175,94,98,#0FFAE6
176,94,98,#0FFAEA
177,94,98,#0FFAEE
178,94,98,#0FFAF2
179,94,98,#0FFAF6
180,94,98,#0FFAFA
181,94,98,#0FF6FA
182,94,98,#0FF2FA
183,94,98,#0FEEFA
184,94,98,#0FEAFA
185,94,98,#0FE6FA
186,94,98,#0FE2FA
187,94,98,#0FDEFA
188,94,98,#0FDBFA
189,94,98,#0FD7FA
190,94,98,#0FD3FA
191,94,98,#0FCFFA
192,94,98,#0FCBFA
193,94,98,#0FC7FA
194,94,98,#0FC3FA
195,94,98,#0FBFFA
196,94,98,#0FBBFA
197,94,98,#0FB7FA
198,94,98,#0FB3FA
199,94,98,#0FB0FA
200,94,98,#0FACFA
201,94,98,#0FA8FA
202,94,98,#0FA4FA
203,94,98,#0FA0FA
204,94,98,#0F9CFA
205,94,98,#0F98FA
206,94,98,#0F94FA
207,94,98,#0F90FA
208,94,98,#0F8CFA
209,94,98,#0F88FA
210,94,98,#0F84FA
211,94,98,#0F81FA
212,94,98,#0F7DFA
213,94,98,#0F79FA
214,94,98,#0F75FA
215,94,98,#0F71FA
216,94,98,#0F6DFA
217,94,98,#0F69FA
218,94,98,#0F65FA
219,94,98,#0F61FA
220,94,98,#0F5DFA
221,94,98,#0F59FA
222,94,98,#0F55FA
223,94,98,#0F52FA
224,94,98,#0F4EFA
225,94,98,#0F4AFA
226,94,98,#0F46FA
227,94,98,#0F42FA
228,94,98,#0F3EFA
229,94,98,#0F3AFA
230,94,98,#0F36FA
231,94,98,#0F32FA
232,94,98,#0F2EFA
233,94,98,#0F2AFA
234,94,98,#0F26FA
235,94,98,#0F23FA
236,94,98,#0F1FFA
237,94,98,#0F1BFA
238,94,98,#0F17FA
239,94,98,#0F13FA
240,94,98,#0F0FFA
241,94,98,#130FFA
242,94,98,#170FFA
243,94,98,#1B0FFA
244,94,98,#1F0FFA
245,94,98,#230FFA
246,94,98,#260FFA
247,94,98,#2A0FFA
248,94,98,#2E0FFA
249,94,98,#320FFA
250,94,98,#360FFA
251,94,98,#3A0FFA
252,94,98,#3E0FFA
253,94,98,#420FFA
254,94,98,#460FFA
255,94,98,#4A0FFA
256,94,98,#4E0FFA
257,94,98,#520FFA
258,94,98,#550FFA
259,94,98,#590FFA
260,94,98,#5D0FFA
261,94,98,#610FFA
262,94,98,#650FFA
263,94,98,#690FFA
264,94,98,#6D0FFA
265,94,98,#710FFA
266,94,98,#750FFA
267,94,98,#790FFA
268,94,98,#7D0FFA
269,94,98,#810FFA
270,94,98,#840FFA
271,94,98,#880FFA
272,94,98,#8C0FFA
273,94,98,#900FFA
274,94,98,#940FFA
275,94,98,#980FFA
276,94,98,#9C0FFA
277,94,98,#A00FFA
278,94,98,#A40FFA
279,94,98,#A80FFA
280,94,98,#AC0FFA
281,94,98,#B00FFA
282,94,98,#B30FFA
283,94,98,#B70FFA
284,94,98,#BB0FFA
285,94,98,#BF0FFA
286,94,98,#C30FFA
287,94,98,#C70FFA
288,94,98,#CB0FFA
289,94,98,#CF0FFA
290,94,98,#D30FFA
291,94,98,#D70FFA
292,94,98,#DB0FFA
293,94,98,#DE0FFA
294,94,98,#E20FFA
295,94,98,#E60FFA
296,94,98,#EA0FFA
297,94,98,#EE0FFA
298,94,98,#F20FFA
299,94,98,#F60FFA
300,94,98,#FA0FFA
301,94,98,#FA0FF6
302,94,98,#FA0FF2
303,94,98,#FA0FEE
304,94,98,#FA0FEA
305,94,98,#FA0FE6
306,94,98,#FA0FE2
307,94,98,#FA0FDE
308,94,98,#FA0FDB
309,94,98,#FA0FD7
310,94,98,#FA0FD3
311,94,98,#FA0FCF
312,94,98,#FA0FCB
313,94,98,#FA0FC7
314,94,98,#FA0FC3
315,94,98,#FA0FBF
316,94,98,#FA0FBB
317,94,98,#FA0FB7
318,94,98,#FA0FB3
319,94,98,#FA0FB0
320,94,98,#FA0FAC
321,94,98,#FA0FA8
322,94,98,#FA0FA4
323,94,98,#FA0FA0
324,94,98,#FA0F9C
325,94,98,#FA0F98
326,94,98,#FA0F94
327,94,98,#FA0F90
328,94,98,#FA0F8C
329,94,98,#FA0F88
330,94,98,#FA0F84
331,94,98,#FA0F81
332,94,98,#FA0F7D
333,94,98,#FA0F79
334,94,98,#FA0F75
335,94,98,#FA0F71
336,94,98,#FA0F6D
337,94,98,#FA0F69
338,94,98,#FA0F65
339,94,98,#FA0F61
340,94,98,#FA0F5D
341,94,98,#FA0F59
342,94,98,#FA0F55
343,94,98,#FA0F52
344,94,98,#FA0F4E
345,94,98,#FA0F4A
346,94,98,#FA0F46
347,94,98,#FA0F42
348,94,98,#FA0F3E
349,94,98,#FA0F3A
350,94,98,#FA0F36
351,94,98,#FA0F32
352,94,98,#FA0F2E
353,94,98,#FA0F2A
354,94,98,#FA0F26
355,94,98,#FA0F23
356,94,98,#FA0F1F
357,94,98,#FA0F1B
358,94,98,#FA0F17
359,94,98,#FA0F13
0,93,98,#FA1111
1,93,98,#FA1511
2,93,98,#FA1911
3,93,98,#FA1D11
4,93,98,#FA2111
5,93,98,#FA2511
6,93,98,#FA2911
7,93,98,#FA2D11
8,93,98,#FA3011
9,93,98,#FA3411
10,93,98,#FA3811
11,93,98,#FA3C11
12,93,98,#FA4011
13,93,98,#FA4411
14,93,98,#FA4811
15,93,98,#FA4C11
16,93,98,#FA4F11
17,93,98,#FA5311
18,93,98,#FA5711
19,93,98,#FA5B11
20,93,98,#FA5F11
21,93,98,#FA6311
22,93,98,#FA6711
23,93,98,#FA6B11
24,93,98,#FA6E11
25,93,98,#FA7211
26,93,98,#FA7611
27,93,98,#FA7A11
28,93,98,#FA7E11
29,93,98,#FA8211
30,93,98,#FA8611
31,93,98,#FA8A11
32,93,98,#FA8D11
33,93,98,#FA9111
34,93,98,#FA9511
35,93,98,#FA9911
36,93,98,#FA9D11
37,93,98,#FAA111
38,93,98,#FAA511
39,93,98,#FAA911
40,93,98,#FAAC11
41,93,98,#FAB011
42,93,98,#FAB411
43,93,98,#FAB811
44,93,98,#FABC11
45,93,98,#FAC011
46,93,98,#FAC411
47,93,98,#FAC811
48,93,98,#FACB11
49,93,98,#FACF11
50,93,98,#FAD311
51,93,98,#FAD711
52,93,98,#FADB11
53,93,98,#FADF11
54,93,98,#FAE311
55,93,98,#FAE711
56,93,98,#FAEA11
57,93,98,#FAEE11
58,93,98,#FAF211
59,93,98,#FAF611
60,93,98,#FAFA11
61,93,98,#F6FA11
62,93,98,#F2FA11
63,93,98,#EEFA11
64,93,98,#EAFA11
65,93,98,#E7FA11
66,93,98,#E3FA11
67,93,98,#DFFA11
68,93,98,#DBFA11
69,93,98,#D7FA11
70,93,98,#D3FA11
71,93,98,#CFFA11
72,93,98,#CBFA11
73,93,98,#C8FA11
74,93,98,#C4FA11
75,93,98,#C0FA11
76,93,98,#BCFA11
77,93,98,#B8FA11
78,93,98,#B4FA11
79,93,98,#B0FA11
80,93,98,#ACFA11
81,93,98,#A9FA11
82,93,98,#A5FA11
83,93,98,#A1FA11
84,93,98,#9DFA11
85,93,98,#99FA11
86,93,98,#95FA11
87,93,98,#91FA11
88,93,98,#8DFA11
89,93,98,#8AFA11
90,93,98,#86FA11
91,93,98,#82FA11
92,93,98,#7EFA11
93,93,98,#7AFA11
94,93,98,#76FA11
95,93,98,#72FA11
96,93,98,#6EFA11
97,93,98,#6BFA11
98,93,98,#67FA11
99,93,98,#63FA11
100,93,98,#5FFA11
101,93,98,#5BFA11
102,93,98,#57FA11
103,93,98,#53FA11
104,93,98,#4FFA11
105,93,98,#4CFA11
106,93,98,#48FA11
107,93,98,#44FA11
108,93,98,#40FA11
109,93,98,#3CFA11
110,93,98,#38FA11
111,93,98,#34FA11
112,93,98,#30FA11
113,93,98,#2DFA11
114,93,98,#29FA11
115,93,98,#25FA11
116,93,98,#21FA11
117,93,98,#1DFA11
118,93,98,#19FA11
119,93,98,#15FA11
120,93,98,#11FA11
121,93,98,#11FA15
122,93,98,#11FA19
123,93,98,#11FA1D
124,93,98,#11FA21
125,93,98,#11FA25
126,93,98,#11FA29
127,93,98,#11FA2D
128,93,98,#11FA30
129,93,98,#11FA34
130,93,98,#11FA38
131,93,98,#11FA3C
132,93,98,#11FA40
133,93,98,#11FA44
134,93,98,#11FA48
135,93,98,#11FA4C
136,93,98,#11FA4F
137,93,98,#11FA53
138,93,98,#11FA57
139,93,98,#11FA5B
140,93,98,#11FA5F
141,93,98,#11FA63
142,93,98,#11FA67
143,93,98,#11FA6B
144,93,98,#11FA6E
145,93,98,#11FA72
146,93,98,#11FA76
147,93,98,#11FA7A
148,93,98,#11FA7E
149,93,98,#11FA82
150,93,98,#11FA86
151,93,98,#11FA8A
152,93,98,#11FA8D
153,93,98,#11FA91
154,93,98,#11FA95
155,93,98,#11FA99
156,93,98,#11FA9D
157,93,98,#11FAA1
158,93,98,#11FAA5
159,93,98,#11FAA9
160,93,98,#11FAAC
161,93,98,#11FAB0
162,93,98,#11FAB4
163,93,98,#11FAB8
164,93,98,#11FABC
165,93,98,#11FAC0
166,93,98,#11FAC4
167,93,98,#11FAC8
168,93,98,#11FACB
169,93,98,#11FACF
170,93,98,#11FAD3
171,93,98,#11FAD7
172,93,98,#11FADB
173,93,98,#11FADF
174,93,98,#11FAE3
175,93,98,#11FAE7
176,93,98,#11FAEA
177,93,98,#11FAEE
178,93,98,#11FAF2
179,93,98,#11FAF6
180,93,98,#11FAFA
181,93,98,#11F6FA
182,93,98,#11F2FA
183,93,98,#11EEFA
184,93,98,#11EAFA
185,93,98,#11E7FA
186,93,98,#11E3FA
187,93,98,#11DFFA
188,93,98,#11DBFA
189,93,98,#11D7FA
190,93,98,#11D3FA
191,93,98,#11CFFA
192,93,98,#11CBFA
193,93,98,#11C8FA
194,93,98,#11C4FA
195,93,98,#11C0FA
196,93,98,#11BCFA
197,93,98,#11B8FA
198,93,98,#11B4FA
199,93,98,#11B0FA
200,93,98,#11ACFA
201,93,98,#11A9FA
202,93,98,#11A5FA
203,93,98,#11A1FA
204,93,98,#119DFA
205,93,98,#1199FA
206,93,98,#1195FA
207,93,98,#1191FA
208,93,98,#118DFA
209,93,98,#118AFA
210,93,98,#1186FA
211,93,98,#1182FA
212,93,98,#117EFA
213,93,98,#117AFA
214,93,98,#1176FA
215,93,98,#1172FA
216,93,98,#116EFA
217,93,98,#116BFA
218,93,98,#1167FA
219,93,98,#1163FA
220,93,98,#115FFA
221,93,98,#115BFA
222,93,98,#1157FA
223,93,98,#1153FA
224,93,98,#114FFA
225,93,98,#114CFA
226,93,98,#1148FA
227,93,98,#1144FA
228,93,98,#1140FA
229,93,98,#113CFA
230,93,98,#1138FA
231,93,98,#1134FA
232,93,98,#1130FA
233,93,98,#112DFA
234,93,98,#1129FA
235,93,98,#1125FA
236,93,98,#1121FA
237,93,98,#111DFA
238,93,98,#1119FA
239,93,98,#1115FA
240,93,98,#1111FA
241,93,98,#1511FA
242,93,98,#1911FA
243,93,98,#1D11FA
244,93,98,#2111FA
245,93,98,#2511FA
246,93,98,#2911FA
247,93,98,#2D11FA
248,93,98,#3011FA
249,93,98,#3411FA
250,93,98,#3811FA
251,93,98,#3C11FA
252,93,98,#4011FA
253,93,98,#4411FA
254,93,98,#4811FA
255,93,98,#4C11FA
256,93,98,#4F11FA
257,93,98,#5311FA
258,93,98,#5711FA
259,93,98,#5B11FA
260,93,98,#5F11FA
261,93,98,#6311FA
262,93,98,#6711FA
263,93,98,#6B11FA
264,93,98,#6E11FA
265,93,98,#7211FA
266,93,98,#7611FA
267,93,98,#7A11FA
268,93,98,#7E11FA
269,93,98,#8211FA
270,93,98,#8611FA
271,93,98,#8A11FA
272,93,98,#8D11FA
273,93,98,#9111FA
274,93,98,#9511FA
275,93,98,#9911FA
276,93,98,#9D11FA
277,93,98,#A111FA
278,93,98,#A511FA
279,93,98,#A911FA
280,93,98,#AC11FA
281,93,98,#B011FA
282,93,98,#B411FA
283,93,98,#B811FA
284,93,98,#BC11FA
285,93,98,#C011FA
286,93,98,#C411FA
287,93,98,#C811FA
288,93,98,#CB11FA
289,93,98,#CF11FA
290,93,98,#D311FA
291,93,98,#D711FA
292,93,98,#DB11FA
293,93,98,#DF11FA
294,93,98,#E311FA
295,93,98,#E711FA
296,93,98,#EA11FA
297,93,98,#EE11FA
298,93,98,#F211FA
299,93,98,#F611FA
300,93,98,#FA11FA
301,93,98,#FA11F6
302,93,98,#FA11F2
303,93,98,#FA11EE
304,93,98,#FA11EA
305,93,98,#FA11E7
306,93,98,#FA11E3
307,93,98,#FA11DF
308,93,98,#FA11DB
309,93,98,#FA11D7
310,93,98,#FA11D3
311,93,98,#FA11CF
312,93,98,#FA11CB
313,93,98,#FA11C8
314,93,98,#FA11C4
315,93,98,#FA11C0
316,93,98,#FA11BC
317,93,98,#FA11B8
318,93,98,#FA11B4
319,93,98,#FA11B0
320,93,98,#FA11AC
321,93,98,#FA11A9
322,93,98,#FA11A5
323,93,98,#FA11A1
324,93,98,#FA119D
325,93,98,#FA1199
326,93,98,#FA1195
327,93,98,#FA1191
328,93,98,#FA118D
329,93,98,#FA118A
330,93,98,#FA1186
331,93,98,#FA1182
332,93,98,#FA117E
333,93,98,#FA117A
334,93,98,#FA1176
335,93,98,#FA1172
336,93,98,#FA116E
337,93,98,#FA116B
338,93,98,#FA1167
339,93,98,#FA1163
340,93,98,#FA115F
341,93,98,#FA115B
342,93,98,#FA1157
343,93,98,#FA1153
344,93,98,#FA114F
345,93,98,#FA114C
346,93,98,#FA1148
347,93,98,#FA1144
348,93,98,#FA1140
349,93,98,#FA113C
350,93,98,#FA1138
351,93,98,#FA1134
352,93,98,#FA1130
353,93,98,#FA112D
354,93,98,#FA1129
355,93,98,#FA1125
356,93,98,#FA1121
357,93,98,#FA111D
358,93,98,#FA1119
359,93,98,#FA1115
0,92,98,#FA1414
1,92,98,#FA1814
2,92,98,#FA1C14
3,92,98,#FA1F14
4,92,98,#FA2314
5,92,98,#FA2714
6,92,98,#FA2B14
7,92,98,#FA2F14
8,92,98,#FA3314
9,92,98,#FA3614
10,92,98,#FA3A14
11,92,98,#FA3E14
12,92,98,#FA4214
13,92,98,#FA4614
14,92,98,#FA4A14
15,92,98,#FA4D14
16,92,98,#FA5114
17,92,98,#FA5514
18,92,98,#FA5914
19,92,98,#FA5D14
20,92,98,#FA6114
21,92,98,#FA6414
22,92,98,#FA6814
23,92,98,#FA6C14
24,92,98,#FA7014
25,92,98,#FA7414
26,92,98,#FA7814
27,92,98,#FA7B14
28,92,98,#FA7F14
29,92,98,#FA8314
30,92,98,#FA8714
31,92,98,#FA8B14
32,92,98,#FA8F14
33,92,98,#FA9214
34,92,98,#FA9614
35,92,98,#FA9A14
36,92,98,#FA9E14
37,92,98,#FAA214
38,92,98,#FAA614
39,92,98,#FAA914
40,92,98,#FAAD14
41,92,98,#FAB114
42,92,98,#FAB514
43,92,98,#FAB914
44,92,98,#FABD14
45,92,98,#FAC014
46,92,98,#FAC414
47,92,98,#FAC814
48,92,98,#FACC14
49,92,98,#FAD014
50,92,98,#FAD414
51,92,98,#FAD714
52,92,98,#FADB14
53,92,98,#FADF14
54,92,98,#FAE314
55,92,98,#FAE714
56,92,98,#FAEB14
57,92,98,#FAEE14
58,92,98,#FAF214
59,92,98,#FAF614
60,92,98,#FAFA14
61,92,98,#F6FA14
62,92,98,#F2FA14
63,92,98,#EEFA14
64,92,98,#EBFA14
65,92,98,#E7FA14
66,92,98,#E3FA14
67,92,98,#DFFA14
68,92,98,#DBFA14
69,92,98,#D7FA14
70,92,98,#D4FA14
71,92,98,#D0FA14
72,92,98,#CCFA14
73,92,98,#C8FA14
74,92,98,#C4FA14
75,92,98,#C0FA14
76,92,98,#BDFA14
77,92,98,#B9FA14
78,92,98,#B5FA14
79,92,98,#B1FA14
80,92,98,#ADFA14
81,92,98,#A9FA14
82,92,98,#A6FA14
83,92,98,#A2FA14
84,92,98,#9EFA14
85,92,98,#9AFA14
86,92,98,#96FA14
87,92,98,#92FA14
88,92,98,#8FFA14
89,92,98,#8BFA14
90,92,98,#87FA14
91,92,98,#83FA14
92,92,98,#7FFA14
93,92,98,#7BFA14
94,92,98,#78FA14
95,92,98,#74FA14
96,92,98,#70FA14
97,92,98,#6CFA14
98,92,98,#68FA14
99,92,98,#64FA14
100,92,98,#61FA14
101,92,98,#5DFA14
102,92,98,#59FA14
103,92,98,#55FA14
104,92,98,#51FA14
105,92,98,#4DFA14
106,92,98,#4AFA14
107,92,98,#46FA14
108,92,98,#42FA14
109,92,98,#3EFA14
110,92,98,#3AFA14
111,92,98,#36FA14
112,92,98,#33FA14
113,92,98,#2FFA14
114,92,98,#2BFA14
115,92,98,#27FA14
116,92,98,#23FA14
117,92,98,#1FFA14
118,92,98,#1CFA14
119,92,98,#18FA14
120,92,98,#14FA14
121,92,98,#14FA18
122,92,98,#14FA1C
123,92,98,#14FA1F
124,92,98,#14FA23
125,92,98,#14FA27
126,92,98,#14FA2B
127,92,98,#14FA2F
128,92,98,#14FA33
129,92,98,#14FA36
130,92,98,#14FA3A
131,92,98,#14FA3E
132,92,98,#14FA42
133,92,98,#14FA46
134,92,98,#14FA4A
135,92,98,#14FA4D
136,92,98,#14FA51
137,92,98,#14FA55
138,92,98,#14FA59
139,92,98,#14FA5D
140,92,98,#14FA61
141,92,98,#14FA64
142,92,98,#14FA68
143,92,98,#14FA6C
144,92,98,#14FA70
145,92,98,#14FA74
146,92,98,#14FA78
147,92,98,#14FA7B
148,92,98,#14FA7F
149,92,98,#14FA83
150,92,98,#14FA87
151,92,98,#14FA8B
152,92,98,#14FA8F
153,92,98,#14FA92
154,92,98,#14FA96
155,92,98,#14FA9A
156,92,98,#14FA9E
157,92,98,#14FAA2
158,92,98,#14FAA6
159,92,98,#14FAA9
160,92,98,#14FAAD
161,92,98,#14FAB1
162,92,98,#14FAB5
163,92,98,#14FAB9
164,92,98,#14FABD
165,92,98,#14FAC0
166,92,98,#14FAC4
167,92,98,#14FAC8
168,92,98,#14FACC
169,92,98,#14FAD0
170,92,98,#14FAD4
171,92,98,#14FAD7
172,92,98,#14FADB
173,92,98,#14FADF
174,92,98,#14FAE3
175,92,98,#14FAE7
176,92,98,#14FAEB
177,92,98,#14FAEE
178,92,98,#14FAF2
179,92,98,#14FAF6
180,92,98,#14FAFA
181,92,98,#14F6FA
182,92,98,#14F2FA
183,92,98,#14EEFA
184,92,98,#14EBFA
185,92,98,#14E7FA
186,92,98,#14E3FA
187,92,98,#14DFFA
188,92,98,#14DBFA
189,92,98,#14D7FA
190,92,98,#14D4FA
191,92,98,#14D0FA
192,92,98,#14CCFA
193,92,98,#14C8FA
194,92,98,#14C4FA
195,92,98,#14C0FA
196,92,98,#14BDFA
197,92,98,#14B9FA
198,92,98,#14B5FA
199,92,98,#14B1FA
200,92,98,#14ADFA
201,92,98,#14A9FA
202,92,98,#14A6FA
203,92,98,#14A2FA
204,92,98,#149EFA
205,92,98,#149AFA
206,92,98,#1496FA
207,92,98,#1492FA
208,92,98,#148FFA
209,92,98,#148BFA
210,92,98,#1487FA
211,92,98,#1483FA
212,92,98,#147FFA
213,92,98,#147BFA
214,92,98,#1478FA
215,92,98,#1474FA
216,92,98,#1470FA
217,92,98,#146CFA
218,92,98,#1468FA
219,92,98,#1464FA
220,92,98,#1461FA
221,92,98,#145DFA
222,92,98,#1459FA
223,92,98,#1455FA
224,92,98,#1451FA
225,92,98,#144DFA
226,92,98,#144AFA
227,92,98,#1446FA
228,92,98,#1442FA
229,92,98,#143EFA
230,92,98,#143AFA
231,92,98,#1436FA
232,92,98,#1433FA
233,92,98,#142FFA
234,92,98,#142BFA
235,92,98,#1427FA
236,92,98,#1423FA
237,92,98,#141FFA
238,92,98,#141CFA
239,92,98,#1418FA
240,92,98,#1414FA
241,92,98,#1814FA
242,92,98,#1C14FA
243,92,98,#1F14FA
244,92,98,#2314FA
245,92,98,#2714FA
246,92,98,#2B14FA
247,92,98,#2F14FA
248,92,98,#3314FA
249,92,98,#3614FA
250,92,98,#3A14FA
251,92,98,#3E14FA
252,92,98,#4214FA
253,92,98,#4614FA
254,92,98,#4A14FA
255,92,98,#4D14FA
256,92,98,#5114FA
257,92,98,#5514FA
258,92,98,#5914FA
259,92,98,#5D14FA
260,92,98,#6114FA
261,92,98,#6414FA
262,92,98,#6814FA
263,92,98,#6C14FA
264,92,98,#7014FA
265,92,98,#7414FA
266,92,98,#7814FA
267,92,98,#7B14FA
268,92,98,#7F14FA
269,92,98,#8314FA
270,92,98,#8714FA
271,92,98,#8B14FA
272,92,98,#8F14FA
273,92,98,#9214FA
274,92,98,#9614FA
275,92,98,#9A14FA
276,92,98,#9E14FA
277,92,98,#A214FA
278,92,98,#A614FA
279,92,98,#A914FA
280,92,98,#AD14FA
281,92,98,#B114FA
282,92,98,#B514FA
283,92,98,#B914FA
284,92,98,#BD14FA
285,92,98,#C014FA
286,92,98,#C414FA
287,92,98,#C814FA
288,92,98,#CC14FA
289,92,98,#D014FA
290,92,98,#D414FA
291,92,98,#D714FA
292,92,98,#DB14FA
293,92,98,#DF14FA
294,92,98,#E314FA
295,92,98,#E714FA
296,92,98,#EB14FA
297,92,98,#EE14FA
298,92,98,#F214FA
299,92,98,#F614FA
300,92,98,#FA14FA
301,92,98,#FA14F6
302,92,98,#FA14F2
303,92,98,#FA14EE
304,92,98,#FA14EB
305,92,98,#FA14E7
306,92,98,#FA14E3
307,92,98,#FA14DF
308,92,98,#FA14DB
309,92,98,#FA14D7
310,92,98,#FA14D4
311,92,98,#FA14D0
312,92,98,#FA14CC
313,92,98,#FA14C8
314,92,98,#FA14C4
315,92,98,#FA14C0
316,92,98,#FA14BD
317,92,98,#FA14B9
318,92,98,#FA14B5
319,92,98,#FA14B1
320,92,98,#FA14AD
321,92,98,#FA14A9
322,92,98,#FA14A6
323,92,98,#FA14A2
324,92,98,#FA149E
325,92,98,#FA149A
326,92,98,#FA1496
327,92,98,#FA1492
328,92,98,#FA148F
329,92,98,#FA148B
330,92,98,#FA1487
331,92,98,#FA1483
332,92,98,#FA147F
333,92,98,#FA147B
334,92,98,#FA1478
335,92,98,#FA1474
336,92,98,#FA1470
337,92,98,#FA146C
338,92,98,#FA1468
339,92,98,#FA1464
340,92,98,#FA1461
341,92,98,#FA145D
342,92,98,#FA1459
343,92,98,#FA1455
344,92,98,#FA1451
345,92,98,#FA144D
346,92,98,#FA144A
347,92,98,#FA1446
348,92,98,#FA1442
349,92,98,#FA143E
350,92,98,#FA143A
351,92,98,#FA1436
352,92,98,#FA1433
353,92,98,#FA142F
354,92,98,#FA142B
355,92,98,#FA1427
356,92,98,#FA1423
357,92,98,#FA141F
358,92,98,#FA141C
359,92,98,#FA1418
0,91,98,#FA1616
1,91,98,#FA1A16
2,91,98,#FA1E16
3,91,98,#FA2216
4,91,98,#FA2616
5,91,98,#FA2916
6,91,98,#FA2D16
7,91,98,#FA3116
8,91,98,#FA3516
9,91,98,#FA3916
10,91,98,#FA3C16
11,91,98,#FA4016
12,91,98,#FA4416
13,91,98,#FA4816
14,91,98,#FA4C16
15,91,98,#FA4F16
16,91,98,#FA5316
17,91,98,#FA5716
18,91,98,#FA5B16
19,91,98,#FA5F16
20,91,98,#FA6216
21,91,98,#FA6616
22,91,98,#FA6A16
23,91,98,#FA6E16
24,91,98,#FA7116
25,91,98,#FA7516
26,91,98,#FA7916
27,91,98,#FA7D16
28,91,98,#FA8116
29,91,98,#FA8416
30,91,98,#FA8816
31,91,98,#FA8C16
32,91,98,#FA9016
33,91,98,#FA9416
34,91,98,#FA9716
35,91,98,#FA9B16
36,91,98,#FA9F16
37,91,98,#FAA316
38,91,98,#FAA716
39,91,98,#FAAA16
40,91,98,#FAAE16
41,91,98,#FAB216
42,91,98,#FAB616
43,91,98,#FAB916
44,91,98,#FABD16
45,91,98,#FAC116
46,91,98,#FAC516
47,91,98,#FAC916
48,91,98,#FACC16
49,91,98,#FAD016
50,91,98,#FAD416
51,91,98,#FAD816
52,91,98,#FADC16
53,91,98,#FADF16
54,91,98,#FAE316
55,91,98,#FAE716
56,91,98,#FAEB16
57,91,98,#FAEF16
58,91,98,#FAF216
59,91,98,#FAF616
60,91,98,#FAFA16
61,91,98,#F6FA16
62,91,98,#F2FA16
63,91,98,#EFFA16
64,91,98,#EBFA16
65,91,98,#E7FA16
66,91,98,#E3FA16
67,91,98,#DFFA16
68,91,98,#DCFA16
69,91,98,#D8FA16
70,91,98,#D4FA16
71,91,98,#D0FA16
72,91,98,#CCFA16
73,91,98,#C9FA16
74,91,98,#C5FA16
75,91,98,#C1FA16
76,91,98,#BDFA16
77,91,98,#B9FA16
78,91,98,#B6FA16
79,91,98,#B2FA16
80,91,98,#AEFA16
81,91,98,#AAFA16
82,91,98,#A7FA16
83,91,98,#A3FA16
84,91,98,#9FFA16
85,91,98,#9BFA16
86,91,98,#97FA16
87,91,98,#94FA16
88,91,98,#90FA16
89,91,98,#8CFA16
90,91,98,#88FA16
91,91,98,#84FA16
92,91,98,#81FA16
93,91,98,#7DFA16
94,91,98,#79FA16
95,91,98,#75FA16
96,91,98,#71FA16
97,91,98,#6EFA16
98,91,98,#6AFA16
99,91,98,#66FA16
100,91,98,#62FA16
101,91,98,#5FFA16
102,91,98,#5BFA16
103,91,98,#57FA16
104,91,98,#53FA16
105,91,98,#4FFA16
106,91,98,#4CFA16
107,91,98,#48FA16
108,91,98,#44FA16
109,91,98,#40FA16
110,91,98,#3CFA16
111,91,98,#39FA16
112,91,98,#35FA16
113,91,98,#31FA16
114,91,98,#2DFA16
115,91,98,#29FA16
116,91,98,#26FA16
117,91,98,#22FA16
118,91,98,#1EFA16
119,91,98,#1AFA16
120,91,98,#16FA16
121,91,98,#16FA1A
122,91,98,#16FA1E
123,91,98,#16FA22
124,91,98,#16FA26
125,91,98,#16FA29
126,91,98,#16FA2D
127,91,98,#16FA31
128,91,98,#16FA35
129,91,98,#16FA39
130,91,98,#16FA3C
131,91,98,#16FA40
132,91,98,#16FA44
133,91,98,#16FA48
134,91,98,#16FA4C
135,91,98,#16FA4F
136,91,98,#16FA53
137,91,98,#16FA57
138,91,98,#16FA5B
139,91,98,#16FA5F
140,91,98,#16FA62
141,91,98,#16FA66
142,91,98,#16FA6A
143,91,98,#16FA6E
144,91,98,#16FA71
145,91,98,#16FA75
146,91,98,#16FA79
147,91,98,#16FA7D
148,91,98,#16FA81
149,91,98,#16FA84
150,91,98,#16FA88
151,91,98,#16FA8C
152,91,98,#16FA90
153,91,98,#16FA94
154,91,98,#16FA97
155,91,98,#16FA9B
156,91,98,#16FA9F
157,91,98,#16FAA3
158,91,98,#16FAA7
159,91,98,#16FAAA
160,91,98,#16FAAE
161,91,98,#16FAB2
162,91,98,#16FAB6
163,91,98,#16FAB9
164,91,98,#16FABD
165,91,98,#16FAC1
166,91,98,#16FAC5
167,91,98,#16FAC9
168,91,98,#16FACC
169,91,98,#16FAD0
170,91,98,#16FAD4
171,91,98,#16FAD8
172,91,98,#16FADC
173,91,98,#16FADF
174,91,98,#16FAE3
175,91,98,#16FAE7
176,91,98,#16FAEB
177,91,98,#16FAEF
178,91,98,#16FAF2
179,91,98,#16FAF6
180,91,98,#16FAFA
181,91,98,#16F6FA
182,91,98,#16F2FA
183,91,98,#16EFFA
184,91,98,#16EBFA
185,91,98,#16E7FA
186,91,98,#16E3FA
187,91,98,#16DFFA
188,91,98,#16DCFA
189,91,98,#16D8FA
190,91,98,#16D4FA
191,91,98,#16D0FA
192,91,98,#16CCFA
193,91,98,#16C9FA
194,91,98,#16C5FA
195,91,98,#16C1FA
196,91,98,#16BDFA
197,91,98,#16B9FA
198,91,98,#16B6FA
199,91,98,#16B2FA
200,91,98,#16AEFA
201,91,98,#16AAFA
202,91,98,#16A7FA
203,91,98,#16A3FA
204,91,98,#169FFA
205,91,98,#169BFA
206,91,98,#1697FA
207,91,98,#1694FA
208,91,98,#1690FA
209,91,98,#168CFA
210,91,98,#1688FA
211,91,98,#1684FA
212,91,98,#1681FA
213,91,98,#167DFA
214,91,98,#1679FA
215,91,98,#1675FA
216,91,98,#1671FA
217,91,98,#166EFA
218,91,98,#166AFA
219,91,98,#1666FA
220,91,98,#1662FA
221,91,98,#165FFA
222,91,98,#165BFA
223,91,98,#1657FA
224,91,98,#1653FA
225,91,98,#164FFA
226,91,98,#164CFA
227,91,98,#1648FA
228,91,98,#1644FA
229,91,98,#1640FA
230,91,98,#163CFA
231,91,98,#1639FA
232,91,98,#1635FA
233,91,98,#1631FA
234,91,98,#162DFA
235,91,98,#1629FA
236,91,98,#1626FA
237,91,98,#1622FA
238,91,98,#161EFA
239,91,98,#161AFA
240,91,98,#1616FA
241,91,98,#1A16FA
242,91,98,#1E16FA
243,91,98,#2216FA
244,91,98,#2616FA
245,91,98,#2916FA
246,91,98,#2D16FA
247,91,98,#3116FA
248,91,98,#3516FA
249,91,98,#3916FA
250,91,98,#3C16FA
251,91,98,#4016FA
252,91,98,#4416FA
253,91,98,#4816FA
254,91,98,#4C16FA
255,91,98,#4F16FA
256,91,98,#5316FA
257,91,98,#5716FA
258,91,98,#5B16FA
259,91,98,#5F16FA
260,91,98,#6216FA
261,91,98,#6616FA
262,91,98,#6A16FA
263,91,98,#6E16FA
264,91,98,#7116FA
265,91,98,#7516FA
266,91,98,#7916FA
267,91,98,#7D16FA
268,91,98,#8116FA
269,91,98,#8416FA
270,91,98,#8816FA
271,91,98,#8C16FA
272,91,98,#9016FA
273,91,98,#9416FA
274,91,98,#9716FA
275,91,98,#9B16FA
276,91,98,#9F16FA
277,91,98,#A316FA
278,91,98,#A716FA
279,91,98,#AA16FA
280,91,98,#AE16FA
281,91,98,#B216FA
282,91,98,#B616FA
283,91,98,#B916FA
284,91,98,#BD16FA
285,91,98,#C116FA
286,91,98,#C516FA
287,91,98,#C916FA
288,91,98,#CC16FA
289,91,98,#D016FA
290,91,98,#D416FA
291,91,98,#D816FA
292,91,98,#DC16FA
293,91,98,#DF16FA
294,91,98,#E316FA
295,91,98,#E716FA
296,91,98,#EB16FA
297,91,98,#EF16FA
298,91,98,#F216FA
299,91,98,#F616FA
300,91,98,#FA16FA
301,91,98,#FA16F6
302,91,98,#FA16F2
303,91,98,#FA16EF
304,91,98,#FA16EB
305,91,98,#FA16E7
306,91,98,#FA16E3
307,91,98,#FA16DF
308,91,98,#FA16DC
309,91,98,#FA16D8
310,91,98,#FA16D4
311,91,98,#FA16D0
312,91,98,#FA16CC
313,91,98,#FA16C9
314,91,98,#FA16C5
315,91,98,#FA16C1
316,91,98,#FA16BD
317,91,98,#FA16B9
318,91,98,#FA16B6
319,91,98,#FA16B2
320,91,98,#FA16AE
321,91,98,#FA16AA
322,91,98,#FA16A7
323,91,98,#FA16A3
324,91,98,#FA169F
325,91,98,#FA169B
326,91,98,#FA1697
327,91,98,#FA1694
328,91,98,#FA1690
329,91,98,#FA168C
330,91,98,#FA1688
331,91,98,#FA1684
332,91,98,#FA1681
333,91,98,#FA167D
334,91,98,#FA1679
335,91,98,#FA1675
336,91,98,#FA1671
337,91,98,#FA166E
338,91,98,#FA166A
339,91,98,#FA1666
340,91,98,#FA1662
341,91,98,#FA165F
342,91,98,#FA165B
343,91,98,#FA1657
344,91,98,#FA1653
345,91,98,#FA164F
346,91,98,#FA164C
347,91,98,#FA1648
348,91,98,#FA1644
349,91,98,#FA1640
350,91,98,#FA163C
351,91,98,#FA1639
352,91,98,#FA1635
353,91,98,#FA1631
354,91,98,#FA162D
355,91,98,#FA1629
356,91,98,#FA1626
357,91,98,#FA1622
358,91,98,#FA161E
359,91,98,#FA161A
0,90,98,#FA1919
1,90,98,#FA1D19
2,90,98,#FA2019
3,90,98,#FA2419
4,90,98,#FA2819
5,90,98,#FA2C19
6,90,98,#FA2F19
7,90,98,#FA3319
8,90,98,#FA3719
9,90,98,#FA3B19
10,90,98,#FA3E19
11,90,98,#FA4219
12,90,98,#FA4619
13,90,98,#FA4A19
14,90,98,#FA4D19
15,90,98,#FA5119
16,90,98,#FA5519
17,90,98,#FA5919
18,90,98,#FA5C19
19,90,98,#FA6019
20,90,98,#FA6419
21,90,98,#FA6819
22,90,98,#FA6B19
23,90,98,#FA6F19
24,90,98,#FA7319
25,90,98,#FA7719
26,90,98,#FA7A19
27,90,98,#FA7E19
28,90,98,#FA8219
29,90,98,#FA8619
30,90,98,#FA8919
31,90,98,#FA8D19
32,90,98,#FA9119
33,90,98,#FA9519
34,90,98,#FA9819
35,90,98,#FA9C19
36,90,98,#FAA019
37,90,98,#FAA419
38,90,98,#FAA719
39,90,98,#FAAB19
40,90,98,#FAAF19
41,90,98,#FAB319
42,90,98,#FAB619
43,90,98,#FABA19
44,90,98,#FABE19
45,90,98,#FAC219
46,90,98,#FAC519
47,90,98,#FAC919
48,90,98,#FACD19
49,90,98,#FAD119
50,90,98,#FAD419
51,90,98,#FAD819
52,90,98,#FADC19
53,90,98,#FAE019
54,90,98,#FAE319
55,90,98,#FAE719
56,90,98,#FAEB19
57,90,98,#FAEF19
58,90,98,#FAF219
59,90,98,#FAF619
60,90,98,#FAFA19
61,90,98,#F6FA19
62,90,98,#F2FA19
63,90,98,#EFFA19
64,90,98,#EBFA19
65,90,98,#E7FA19
66,90,98,#E3FA19
67,90,98,#E0FA19
68,90,98,#DCFA19
69,90,98,#D8FA19
70,90,98,#D4FA19
71,90,98,#D1FA19
72,90,98,#CDFA19
73,90,98,#C9FA19
74,90,98,#C5FA19
75,90,98,#C2FA19
76,90,98,#BEFA19
77,90,98,#BAFA19
78,90,98,#B6FA19
79,90,98,#B3FA19
80,90,98,#AFFA19
81,90,98,#ABFA19
82,90,98,#A7FA19
83,90,98,#A4FA19
84,90,98,#A0FA19
85,90,98,#9CFA19
86,90,98,#98FA19
87,90,98,#95FA19
88,90,98,#91FA19
89,90,98,#8DFA19
90,90,98,#89FA19
91,90,98,#86FA19
92,90,98,#82FA19
93,90,98,#7EFA19
94,90,98,#7AFA19
95,90,98,#77FA19
96,90,98,#73FA19
97,90,98,#6FFA19
98,90,98,#6BFA19
99,90,98,#68FA19
100,90,98,#64FA19
101,90,98,#60FA19
102,90,98,#5CFA19
103,90,98,#59FA19
104,90,98,#55FA19
105,90,98,#51FA19
106,90,98,#4DFA19
107,90,98,#4AFA19
108,90,98,#46FA19
109,90,98,#42FA19
110,90,98,#3EFA19
111,90,98,#3BFA19
112,90,98,#37FA19
113,90,98,#33FA19
114,90,98,#2FFA19
115,90,98,#2CFA19
116,90,98,#28FA19
117,90,98,#24FA19
118,90,98,#20FA19
119,90,98,#1DFA19
120,90,98,#19FA19
121,90,98,#19FA1D
122,90,98,#19FA20
123,90,98,#19FA24
124,90,98,#19FA28
125,90,98,#19FA2C
126,90,98,#19FA2F
127,90,98,#19FA33
128,90,98,#19FA37
129,90,98,#19FA3B
130,90,98,#19FA3E
131,90,98,#19FA42
132,90,98,#19FA46
133,90,98,#19FA4A
134,90,98,#19FA4D
135,90,98,#19FA51
136,90,98,#19FA55
137,90,98,#19FA59
138,90,98,#19FA5C
139,90,98,#19FA60
140,90,98,#19FA64
141,90,98,#19FA68
142,90,98,#19FA6B
143,90,98,#19FA6F
144,90,98,#19FA73
145,90,98,#19FA77
146,90,98,#19FA7A
147,90,98,#19FA7E
148,90,98,#19FA82
149,90,98,#19FA86
150,90,98,#19FA89
151,90,98,#19FA8D
152,90,98,#19FA91
153,90,98,#19FA95
154,90,98,#19FA98
155,90,98,#19FA9C
156,90,98,#19FAA0
157,90,98,#19FAA4
158,90,98,#19FAA7
159,90,98,#19FAAB
160,90,98,#19FAAF
161,90,98,#19FAB3
162,90,98,#19FAB6
163,90,98,#19FABA
164,90,98,#19FABE
165,90,98,#19FAC2
166,90,98,#19FAC5
167,90,98,#19FAC9
168,90,98,#19FACD
169,90,98,#19FAD1
170,90,98,#19FAD4
171,90,98,#19FAD8
172,90,98,#19FADC
173,90,98,#19FAE0
174,90,98,#19FAE3
175,90,98,#19FAE7
176,90,98,#19FAEB
177,90,98,#19FAEF
178,90,98,#19FAF2
179,90,98,#19FAF6
180,90,98,#19FAFA
181,90,98,#19F6FA
182,90,98,#19F2FA
183,90,98,#19EFFA
184,90,98,#19EBFA
185,90,98,#19E7FA
186,90,98,#19E3FA
187,90,98,#19E0FA
188,90,98,#19DCFA
189,90,98,#19D8FA
190,90,98,#19D4FA
191,90,98,#19D1FA
192,90,98,#19CDFA
193,90,98,#19C9FA
194,90,98,#19C5FA
195,90,98,#19C2FA
196,90,98,#19BEFA
197,90,98,#19BAFA
198,90,98,#19B6FA
199,90,98,#19B3FA
200,90,98,#19AFFA
201,90,98,#19ABFA
202,90,98,#19A7FA
203,90,98,#19A4FA
204,90,98,#19A0FA
205,90,98,#199CFA
206,90,98,#1998FA
207,90,98,#1995FA
208,90,98,#1991FA
209,90,98,#198DFA
210,90,98,#1989FA
211,90,98,#1986FA
212,90,98,#1982FA
213,90,98,#197EFA
214,90,98,#197AFA
215,90,98,#1977FA
216,90,98,#1973FA
217,90,98,#196FFA
218,90,98,#196BFA
219,90,98,#1968FA
220,90,98,#1964FA
221,90,98,#1960FA
222,90,98,#195CFA
223,90,98,#1959FA
224,90,98,#1955FA
225,90,98,#1951FA
226,90,98,#194DFA
227,90,98,#194AFA
228,90,98,#1946FA
229,90,98,#1942FA
230,90,98,#193EFA
231,90,98,#193BFA
232,90,98,#1937FA
233,90,98,#1933FA
234,90,98,#192FFA
235,90,98,#192CFA
236,90,98,#1928FA
237,90,98,#1924FA
238,90,98,#1920FA
239,90,98,#191DFA
240,90,98,#1919FA
241,90,98,#1D19FA
242,90,98,#2019FA
243,90,98,#2419FA
244,90,98,#2819FA
245,90,98,#2C19FA
246,90,98,#2F19FA
247,90,98,#3319FA
248,90,98,#3719FA
249,90,98,#3B19FA
250,90,98,#3E19FA
251,90,98,#4219FA
252,90,98,#4619FA
253,90,98,#4A19FA
254,90,98,#4D19FA
255,90,98,#5119FA
256,90,98,#5519FA
257,90,98,#5919FA
258,90,98,#5C19FA
259,90,98,#6019FA
260,90,98,#6419FA
261,90,98,#6819FA
262,90,98,#6B19FA
263,90,98,#6F19FA
264,90,98,#7319FA
265,90,98,#7719FA
266,90,98,#7A19FA
267,90,98,#7E19FA
268,90,98,#8219FA
269,90,98,#8619FA
270,90,98,#8919FA
271,90,98,#8D19FA
272,90,98,#9119FA
273,90,98,#9519FA
274,90,98,#9819FA
275,90,98,#9C19FA
276,90,98,#A019FA
277,90,98,#A419FA
278,90,98,#A719FA
279,90,98,#AB19FA
280,90,98,#AF19FA
281,90,98,#B319FA
282,90,98,#B619FA
283,90,98,#BA19FA
284,90,98,#BE19FA
285,90,98,#C219FA
286,90,98,#C519FA
287,90,98,#C919FA
288,90,98,#CD19FA
289,90,98,#D119FA
290,90,98,#D419FA
291,90,98,#D819FA
292,90,98,#DC19FA
293,90,98,#E019FA
294,90,98,#E319FA
295,90,98,#E719FA
296,90,98,#EB19FA
297,90,98,#EF19FA
298,90,98,#F219FA
299,90,98,#F619FA
300,90,98,#FA19FA
301,90,98,#FA19F6
302,90,98,#FA19F2
303,90,98,#FA19EF
304,90,98,#FA19EB
305,90,98,#FA19E7
306,90,98,#FA19E3
307,90,98,#FA19E0
308,90,98,#FA19DC
309,90,98,#FA19D8
310,90,98,#FA19D4
311,90,98,#FA19D1
312,90,98,#FA19CD
313,90,98,#FA19C9
314,90,98,#FA19C5
315,90,98,#FA19C2
316,90,98,#FA19BE
317,90,98,#FA19BA
318,90,98,#FA19B6
319,90,98,#FA19B3
320,90,98,#FA19AF
321,90,98,#FA19AB
322,90,98,#FA19A7
323,90,98,#FA19A4
324,90,98,#FA19A0
325,90,98,#FA199C
326,90,98,#FA1998
327,90,98,#FA1995
328,90,98,#FA1991
329,90,98,#FA198D
330,90,98,#FA1989
331,90,98,#FA1986
332,90,98,#FA1982
333,90,98,#FA197E
334,90,98,#FA197A
335,90,98,#FA1977
336,90,98,#FA1973
337,90,98,#FA196F
338,90,98,#FA196B
339,90,98,#FA1968
340,90,98,#FA1964
341,90,98,#FA1960
342,90,98,#FA195C
343,90,98,#FA1959
344,90,98,#FA1955
345,90,98,#FA1951
346,90,98,#FA194D
347,90,98,#FA194A
348,90,98,#FA1946
349,90,98,#FA1942
350,90,98,#FA193E
351,90,98,#FA193B
352,90,98,#FA1937
353,90,98,#FA1933
354,90,98,#FA192F
355,90,98,#FA192C
356,90,98,#FA1928
357,90,98,#FA1924
358,90,98,#FA1920
359,90,98,#FA191D
0,89,98,#FA1B1B
1,89,98,#FA1F1B
2,89,98,#FA231B
3,89,98,#FA271B
4,89,98,#FA2A1B
5,89,98,#FA2E1B
6,89,98,#FA321B
7,89,98,#FA351B
8,89,98,#FA391B
9,89,98,#FA3D1B
10,89,98,#FA411B
11,89,98,#FA441B
12,89,98,#FA481B
13,89,98,#FA4C1B
14,89,98,#FA4F1B
15,89,98,#FA531B
16,89,98,#FA571B
17,89,98,#FA5B1B
18,89,98,#FA5E1B
19,89,98,#FA621B
20,89,98,#FA661B
21,89,98,#FA691B
22,89,98,#FA6D1B
23,89,98,#FA711B
24,89,98,#FA741B
25,89,98,#FA781B
26,89,98,#FA7C1B
27,89,98,#FA801B
28,89,98,#FA831B
29,89,98,#FA871B
30,89,98,#FA8B1B
31,89,98,#FA8E1B
32,89,98,#FA921B
33,89,98,#FA961B
34,89,98,#FA9A1B
35,89,98,#FA9D1B
36,89,98,#FAA11B
37,89,98,#FAA51B
38,89,98,#FAA81B
39,89,98,#FAAC1B
40,89,98,#FAB01B
41,89,98,#FAB31B
42,89,98,#FAB71B
43,89,98,#FABB1B
44,89,98,#FABF1B
45,89,98,#FAC21B
46,89,98,#FAC61B
47,89,98,#FACA1B
48,89,98,#FACD1B
49,89,98,#FAD11B
50,89,98,#FAD51B
51,89,98,#FAD91B
52,89,98,#FADC1B
53,89,98,#FAE01B
54,89,98,#FAE41B
55,89,98,#FAE71B
56,89,98,#FAEB1B
57,89,98,#FAEF1B
58,89,98,#FAF21B
59,89,98,#FAF61B
60,89,98,#FAFA1B
61,89,98,#F6FA1B
62,89,98,#F2FA1B
63,89,98,#EFFA1B
64,89,98,#EBFA1B
65,89,98,#E7FA1B
66,89,98,#E4FA1B
67,89,98,#E0FA1B
68,89,98,#DCFA1B
69,89,98,#D9FA1B
70,89,98,#D5FA1B
71,89,98,#D1FA1B
72,89,98,#CDFA1B
73,89,98,#CAFA1B
74,89,98,#C6FA1B
75,89,98,#C2FA1B
76,89,98,#BFFA1B
77,89,98,#BBFA1B
78,89,98,#B7FA1B
79,89,98,#B3FA1B
80,89,98,#B0FA1B
81,89,98,#ACFA1B
82,89,98,#A8FA1B
83,89,98,#A5FA1B
84,89,98,#A1FA1B
85,89,98,#9DFA1B
86,89,98,#9AFA1B
87,89,98,#96FA1B
88,89,98,#92FA1B
89,89,98,#8EFA1B
90,89,98,#8BFA1B
91,89,98,#87FA1B
92,89,98,#83FA1B
93,89,98,#80FA1B
94,89,98,#7CFA1B
95,89,98,#78FA1B
96,89,98,#74FA1B
97,89,98,#71FA1B
98,89,98,#6DFA1B
99,89,98,#69FA1B
100,89,98,#66FA1B
101,89,98,#62FA1B
102,89,98,#5EFA1B
103,89,98,#5BFA1B
104,89,98,#57FA1B
105,89,98,#53FA1B
106,89,98,#4FFA1B
107,89,98,#4CFA1B
108,89,98,#48FA1B
109,89,98,#44FA1B
110,89,98,#41FA1B
111,89,98,#3DFA1B
112,89,98,#39FA1B
113,89,98,#35FA1B
114,89,98,#32FA1B
115,89,98,#2EFA1B
116,89,98,#2AFA1B
117,89,98,#27FA1B
118,89,98,#23FA1B
119,89,98,#1FFA1B
120,89,98,#1BFA1B
121,89,98,#1BFA1F
122,89,98,#1BFA23
123,89,98,#1BFA27
124,89,98,#1BFA2A
125,89,98,#1BFA2E
126,89,98,#1BFA32
127,89,98,#1BFA35
128,89,98,#1BFA39
129,89,98,#1BFA3D
130,89,98,#1BFA41
131,89,98,#1BFA44
132,89,98,#1BFA48
133,89,98,#1BFA4C
134,89,98,#1BFA4F
135,89,98,#1BFA53
136,89,98,#1BFA57
137,89,98,#1BFA5B
138,89,98,#1BFA5E
139,89,98,#1BFA62
140,89,98,#1BFA66
141,89,98,#1BFA69
142,89,98,#1BFA6D
143,89,98,#1BFA71
144,89,98,#1BFA74
145,89,98,#1BFA78
146,89,98,#1BFA7C
147,89,98,#1BFA80
148,89,98,#1BFA83
149,89,98,#1BFA87
150,89,98,#1BFA8B
151,89,98,#1BFA8E
152,89,98,#1BFA92
153,89,98,#1BFA96
154,89,98,#1BFA9A
155,89,98,#1BFA9D
156,89,98,#1BFAA1
157,89,98,#1BFAA5
158,89,98,#1BFAA8
159,89,98,#1BFAAC
160,89,98,#1BFAB0
161,89,98,#1BFAB3
162,89,98,#1BFAB7
163,89,98,#1BFABB
164,89,98,#1BFABF
165,89,98,#1BFAC2
166,89,98,#1BFAC6
167,89,98,#1BFACA
168,89,98,#1BFACD
169,89,98,#1BFAD1
170,89,98,#1BFAD5
171,89,98,#1BFAD9
172,89,98,#1BFADC
173,89,98,#1BFAE0
174,89,98,#1BFAE4
175,89,98,#1BFAE7
176,89,98,#1BFAEB
177,89,98,#1BFAEF
178,89,98,#1BFAF2
179,89,98,#1BFAF6
180,89,98,#1BFAFA
181,89,98,#1BF6FA
182,89,98,#1BF2FA
183,89,98,#1BEFFA
184,89,98,#1BEBFA
185,89,98,#1BE7FA
186,89,98,#1BE4FA
187,89,98,#1BE0FA
188,89,98,#1BDCFA
189,89,98,#1BD9FA
190,89,98,#1BD5FA
191,89,98,#1BD1FA
192,89,98,#1BCDFA
193,89,98,#1BCAFA
194,89,98,#1BC6FA
195,89,98,#1BC2FA
196,89,98,#1BBFFA
197,89,98,#1BBBFA
198,89,98,#1BB7FA
199,89,98,#1BB3FA
200,89,98,#1BB0FA
201,89,98,#1BACFA
202,89,98,#1BA8FA
203,89,98,#1BA5FA
204,89,98,#1BA1FA
205,89,98,#1B9DFA
206,89,98,#1B9AFA
207,89,98,#1B96FA
208,89,98,#1B92FA
209,89,98,#1B8EFA
210,89,98,#1B8BFA
211,89,98,#1B87FA
212,89,98,#1B83FA
213,89,98,#1B80FA
214,89,98,#1B7CFA
215,89,98,#1B78FA
216,89,98,#1B74FA
217,89,98,#1B71FA
218,89,98,#1B6DFA
219,89,98,#1B69FA
220,89,98,#1B66FA
221,89,98,#1B62FA
222,89,98,#1B5EFA
223,89,98,#1B5BFA
224,89,98,#1B57FA
225,89,98,#1B53FA
226,89,98,#1B4FFA
227,89,98,#1B4CFA
228,89,98,#1B48FA
229,89,98,#1B44FA
230,89,98,#1B41FA
231,89,98,#1B3DFA
232,89,98,#1B39FA
233,89,98,#1B35FA
234,89,98,#1B32FA
235,89,98,#1B2EFA
236,89,98,#1B2AFA
237,89,98,#1B27FA
238,89,98,#1B23FA
239,89,98,#1B1FFA
240,89,98,#1B1BFA
241,89,98,#1F1BFA
242,89,98,#231BFA
243,89,98,#271BFA
244,89,98,#2A1BFA
245,89,98,#2E1BFA
246,89,98,#321BFA
247,89,98,#351BFA
248,89,98,#391BFA
249,89,98,#3D1BFA
250,89,98,#411BFA
251,89,98,#441BFA
252,89,98,#481BFA
253,89,98,#4C1BFA
254,89,98,#4F1BFA
255,89,98,#531BFA
256,89,98,#571BFA
257,89,98,#5B1BFA
258,89,98,#5E1BFA
259,89,98,#621BFA
260,89,98,#661BFA
261,89,98,#691BFA
262,89,98,#6D1BFA
263,89,98,#711BFA
264,89,98,#741BFA
265,89,98,#781BFA
266,89,98,#7C1BFA
267,89,98,#801BFA
268,89,98,#831BFA
269,89,98,#871BFA
270,89,98,#8B1BFA
271,89,98,#8E1BFA
272,89,98,#921BFA
273,89,98,#961BFA
274,89,98,#9A1BFA
275,89,98,#9D1BFA
276,89,98,#A11BFA
277,89,98,#A51BFA
278,89,98,#A81BFA
279,89,98,#AC1BFA
280,89,98,#B01BFA
281,89,98,#B31BFA
282,89,98,#B71BFA
283,89,98,#BB1BFA
284,89,98,#BF1BFA
285,89,98,#C21BFA
286,89,98,#C61BFA
287,89,98,#CA1BFA
288,89,98,#CD1BFA
289,89,98,#D11BFA
290,89,98,#D51BFA
291,89,98,#D91BFA
292,89,98,#DC1BFA
293,89,98,#E01BFA
294,89,98,#E41BFA
295,89,98,#E71BFA
296,89,98,#EB1BFA
297,89,98,#EF1BFA
298,89,98,#F21BFA
299,89,98,#F61BFA
300,89,98,#FA1BFA
301,89,98,#FA1BF6
302,89,98,#FA1BF2
303,89,98,#FA1BEF
304,89,98,#FA1BEB
305,89,98,#FA1BE7
306,89,98,#FA1BE4
307,89,98,#FA1BE0
308,89,98,#FA1BDC
309,89,98,#FA1BD9
310,89,98,#FA1BD5
311,89,98,#FA1BD1
312,89,98,#FA1BCD
313,89,98,#FA1BCA
314,89,98,#FA1BC6
315,89,98,#FA1BC2
316,89,98,#FA1BBF
317,89,98,#FA1BBB
318,89,98,#FA1BB7
319,89,98,#FA1BB3
320,89,98,#FA1BB0
321,89,98,#FA1BAC
322,89,98,#FA1BA8
323,89,98,#FA1BA5
324,89,98,#FA1BA1
325,89,98,#FA1B9D
326,89,98,#FA1B9A
327,89,98,#FA1B96
328,89,98,#FA1B92
329,89,98,#FA1B8E
330,89,98,#FA1B8B
331,89,98,#FA1B87
332,89,98,#FA1B83
333,89,98,#FA1B80
334,89,98,#FA1B7C
335,89,98,#FA1B78
336,89,98,#FA1B74
337,89,98,#FA1B71
338,89,98,#FA1B6D
339,89,98,#FA1B69
340,89,98,#FA1B66
341,89,98,#FA1B62
342,89,98,#FA1B5E
343,89,98,#FA1B5B
344,89,98,#FA1B57
345,89,98,#FA1B53
346,89,98,#FA1B4F
347,89,98,#FA1B4C
348,89,98,#FA1B48
349,89,98,#FA1B44
350,89,98,#FA1B41
351,89,98,#FA1B3D
352,89,98,#FA1B39
353,89,98,#FA1B35
354,89,98,#FA1B32
355,89,98,#FA1B2E
356,89,98,#FA1B2A
357,89,98,#FA1B27
358,89,98,#FA1B23
359,89,98,#FA1B1F
0,88,98,#FA1E1E
1,88,98,#FA221E
2,88,98,#FA251E
3,88,98,#FA291E
4,88,98,#FA2D1E
5,88,98,#FA301E
6,88,98,#FA341E
7,88,98,#FA381E
8,88,98,#FA3B1E
9,88,98,#FA3F1E
10,88,98,#FA431E
11,88,98,#FA461E
12,88,98,#FA4A1E
13,88,98,#FA4E1E
14,88,98,#FA511E
15,88,98,#FA551E
16,88,98,#FA591E
17,88,98,#FA5C1E
18,88,98,#FA601E
19,88,98,#FA641E
20,88,98,#FA671E
21,88,98,#FA6B1E
22,88,98,#FA6F1E
23,88,98,#FA721E
24,88,98,#FA761E
25,88,98,#FA7A1E
26,88,98,#FA7D1E
27,88,98,#FA811E
28,88,98,#FA851E
29,88,98,#FA881E
30,88,98,#FA8C1E
31,88,98,#FA901E
32,88,98,#FA931E
33,88,98,#FA971E
34,88,98,#FA9B1E
35,88,98,#FA9E1E
36,88,98,#FAA21E
37,88,98,#FAA61E
38,88,98,#FAA91E
39,88,98,#FAAD1E
40,88,98,#FAB11E
41,88,98,#FAB41E
42,88,98,#FAB81E
43,88,98,#FABC1E
44,88,98,#FABF1E
45,88,98,#FAC31E
46,88,98,#FAC71E
47,88,98,#FACA1E
48,88,98,#FACE1E
49,88,98,#FAD21E
50,88,98,#FAD51E
51,88,98,#FAD91E
52,88,98,#FADD1E
53,88,98,#FAE01E
54,88,98,#FAE41E
55,88,98,#FAE81E
56,88,98,#FAEB1E
57,88,98,#FAEF1E
58,88,98,#FAF31E
59,88,98,#FAF61E
60,88,98,#FAFA1E
61,88,98,#F6FA1E
62,88,98,#F3FA1E
63,88,98,#EFFA1E
64,88,98,#EBFA1E
65,88,98,#E8FA1E
66,88,98,#E4FA1E
67,88,98,#E0FA1E
68,88,98,#DDFA1E
69,88,98,#D9FA1E
70,88,98,#D5FA1E
71,88,98,#D2FA1E
72,88,98,#CEFA1E
73,88,98,#CAFA1E
74,88,98,#C7FA1E
75,88,98,#C3FA1E
76,88,98,#BFFA1E
77,88,98,#BCFA1E
78,88,98,#B8FA1E
79,88,98,#B4FA1E
80,88,98,#B1FA1E
81,88,98,#ADFA1E
82,88,98,#A9FA1E
83,88,98,#A6FA1E
84,88,98,#A2FA1E
85,88,98,#9EFA1E
86,88,98,#9BFA1E
87,88,98,#97FA1E
88,88,98,#93FA1E
89,88,98,#90FA1E
90,88,98,#8CFA1E
91,88,98,#88FA1E
92,88,98,#85FA1E
93,88,98,#81FA1E
94,88,98,#7DFA1E
95,88,98,#7AFA1E
96,88,98,#76FA1E
97,88,98,#72FA1E
98,88,98,#6FFA1E
99,88,98,#6BFA1E
100,88,98,#67FA1E
101,88,98,#64FA1E
102,88,98,#60FA1E
103,88,98,#5CFA1E
104,88,98,#59FA1E
105,88,98,#55FA1E
106,88,98,#51FA1E
107,88,98,#4EFA1E
108,88,98,#4AFA1E
109,88,98,#46FA1E
110,88,98,#43FA1E
111,88,98,#3FFA1E
112,88,98,#3BFA1E
113,88,98,#38FA1E
114,88,98,#34FA1E
115,88,98,#30FA1E
116,88,98,#2DFA1E
117,88,98,#29FA1E
118,88,98,#25FA1E
119,88,98,#22FA1E
120,88,98,#1EFA1E
121,88,98,#1EFA22
122,88,98,#1EFA25
123,88,98,#1EFA29
124,88,98,#1EFA2D
125,88,98,#1EFA30
126,88,98,#1EFA34
127,88,98,#1EFA38
128,88,98,#1EFA3B
129,88,98,#1EFA3F
130,88,98,#1EFA43
131,88,98,#1EFA46
132,88,98,#1EFA4A
133,88,98,#1EFA4E
134,88,98,#1EFA51
135,88,98,#1EFA55
136,88,98,#1EFA59
137,88,98,#1EFA5C
138,88,98,#1EFA60
139,88,98,#1EFA64
140,88,98,#1EFA67
141,88,98,#1EFA6B
142,88,98,#1EFA6F
143,88,98,#1EFA72
144,88,98,#1EFA76
145,88,98,#1EFA7A
146,88,98,#1EFA7D
147,88,98,#1EFA81
148,88,98,#1EFA85
149,88,98,#1EFA88
150,88,98,#1EFA8C
151,88,98,#1EFA90
152,88,98,#1EFA93
153,88,98,#1EFA97
154,88,98,#1EFA9B
155,88,98,#1EFA9E
156,88,98,#1EFAA2
157,88,98,#1EFAA6
158,88,98,#1EFAA9
159,88,98,#1EFAAD
160,88,98,#1EFAB1
161,88,98,#1EFAB4
162,88,98,#1EFAB8
163,88,98,#1EFABC
164,88,98,#1EFABF
165,88,98,#1EFAC3
166,88,98,#1EFAC7
167,88,98,#1EFACA
168,88,98,#1EFACE
169,88,98,#1EFAD2
170,88,98,#1EFAD5
171,88,98,#1EFAD9
172,88,98,#1EFADD
173,88,98,#1EFAE0
174,88,98,#1EFAE4
175,88,98,#1EFAE8
176,88,98,#1EFAEB
177,88,98,#1EFAEF
178,88,98,#1EFAF3
179,88,98,#1EFAF6
180,88,98,#1EFAFA
181,88,98,#1EF6FA
182,88,98,#1EF3FA
183,88,98,#1EEFFA
184,88,98,#1EEBFA
185,88,98,#1EE8FA
186,88,98,#1EE4FA
187,88,98,#1EE0FA
188,88,98,#1EDDFA
189,88,98,#1ED9FA
190,88,98,#1ED5FA
191,88,98,#1ED2FA
192,88,98,#1ECEFA
193,88,98,#1ECAFA
194,88,98,#1EC7FA
195,88,98,#1EC3FA
196,88,98,#1EBFFA
197,88,98,#1EBCFA
198,88,98,#1EB8FA
199,88,98,#1EB4FA
200,88,98,#1EB1FA
201,88,98,#1EADFA
202,88,98,#1EA9FA
203,88,98,#1EA6FA
204,88,98,#1EA2FA
205,88,98,#1E9EFA
206,88,98,#1E9BFA
207,88,98,#1E97FA
208,88,98,#1E93FA
209,88,98,#1E90FA
210,88,98,#1E8CFA
211,88,98,#1E88FA
212,88,98,#1E85FA
213,88,98,#1E81FA
214,88,98,#1E7DFA
215,88,98,#1E7AFA
216,88,98,#1E76FA
217,88,98,#1E72FA
218,88,98,#1E6FFA
219,88,98,#1E6BFA
220,88,98,#1E67FA
221,88,98,#1E64FA
222,88,98,#1E60FA
223,88,98,#1E5CFA
224,88,98,#1E59FA
225,88,98,#1E55FA
226,88,98,#1E51FA
227,88,98,#1E4EFA
228,88,98,#1E4AFA
229,88,98,#1E46FA
230,88,98,#1E43FA
231,88,98,#1E3FFA
232,88,98,#1E3BFA
233,88,98,#1E38FA
234,88,98,#1E34FA
235,88,98,#1E30FA
236,88,98,#1E2DFA
237,88,98,#1E29FA
238,88,98,#1E25FA
239,88,98,#1E22FA
240,88,98,#1E1EFA
241,88,98,#221EFA
242,88,98,#251EFA
243,88,98,#291EFA
244,88,98,#2D1EFA
245,88,98,#301EFA
246,88,98,#341EFA
247,88,98,#381EFA
248,88,98,#3B1EFA
249,88,98,#3F1EFA
250,88,98,#431EFA
251,88,98,#461EFA
252,88,98,#4A1EFA
253,88,98,#4E1EFA
254,88,98,#511EFA
255,88,98,#551EFA
256,88,98,#591EFA
257,88,98,#5C1EFA
258,88,98,#601EFA
259,88,98,#641EFA
260,88,98,#671EFA
261,88,98,#6B1EFA
262,88,98,#6F1EFA
263,88,98,#721EFA
264,88,98,#761EFA
265,88,98,#7A1EFA
266,88,98,#7D1EFA
267,88,98,#811EFA
268,88,98,#851EFA
269,88,98,#881EFA
270,88,98,#8C1EFA
271,88,98,#901EFA
272,88,98,#931EFA
273,88,98,#971EFA
274,88,98,#9B1EFA
275,88,98,#9E1EFA
276,88,98,#A21EFA
277,88,98,#A61EFA
278,88,98,#A91EFA
279,88,98,#AD1EFA
280,88,98,#B11EFA
281,88,98,#B41EFA
282,88,98,#B81EFA
283,88,98,#BC1EFA
284,88,98,#BF1EFA
285,88,98,#C31EFA
286,88,98,#C71EFA
287,88,98,#CA1EFA
288,88,98,#CE1EFA
289,88,98,#D21EFA
290,88,98,#D51EFA
291,88,98,#D91EFA
292,88,98,#DD1EFA
293,88,98,#E01EFA
294,88,98,#E41EFA
295,88,98,#E81EFA
296,88,98,#EB1EFA
297,88,98,#EF1EFA
298,88,98,#F31EFA
299,88,98,#F61EFA
300,88,98,#FA1EFA
301,88,98,#FA1EF6
302,88,98,#FA1EF3
303,88,98,#FA1EEF
304,88,98,#FA1EEB
305,88,98,#FA1EE8
306,88,98,#FA1EE4
307,88,98,#FA1EE0
308,88,98,#FA1EDD
309,88,98,#FA1ED9
310,88,98,#FA1ED5
311,88,98,#FA1ED2
312,88,98,#FA1ECE
313,88,98,#FA1ECA
314,88,98,#FA1EC7
315,88,98,#FA1EC3
316,88,98,#FA1EBF
317,88,98,#FA1EBC
318,88,98,#FA1EB8
319,88,98,#FA1EB4
320,88,98,#FA1EB1
321,88,98,#FA1EAD
322,88,98,#FA1EA9
323,88,98,#FA1EA6
324,88,98,#FA1EA2
325,88,98,#FA1E9E
326,88,98,#FA1E9B
327,88,98,#FA1E97
328,88,98,#FA1E93
329,88,98,#FA1E90
330,88,98,#FA1E8C
331,88,98,#FA1E88
332,88,98,#FA1E85
333,88,98,#FA1E81
334,88,98,#FA1E7D
335,88,98,#FA1E7A
336,88,98,#FA1E76
337,88,98,#FA1E72
338,88,98,#FA1E6F
339,88,98,#FA1E6B
340,88,98,#FA1E67
341,88,98,#FA1E64
342,88,98,#FA1E60
343,88,98,#FA1E5C
344,88,98,#FA1E59
345,88,98,#FA1E55
346,88,98,#FA1E51
347,88,98,#FA1E4E
348,88,98,#FA1E4A
349,88,98,#FA1E46
350,88,98,#FA1E43
351,88,98,#FA1E3F
352,88,98,#FA1E3B
353,88,98,#FA1E38
354,88,98,#FA1E34
355,88,98,#FA1E30
356,88,98,#FA1E2D
357,88,98,#FA1E29
358,88,98,#FA1E25
359,88,98,#FA1E22
0,87,98,#FA2020
1,87,98,#FA2420
2,87,98,#FA2820
3,87,98,#FA2B20
4,87,98,#FA2F20
5,87,98,#FA3320
6,87,98,#FA3620
7,87,98,#FA3A20
8,87,98,#FA3D20
9,87,98,#FA4120
10,87,98,#FA4520
11,87,98,#FA4820
12,87,98,#FA4C20
13,87,98,#FA5020
14,87,98,#FA5320
15,87,98,#FA5720
16,87,98,#FA5A20
17,87,98,#FA5E20
18,87,98,#FA6220
19,87,98,#FA6520
20,87,98,#FA6920
21,87,98,#FA6D20
22,87,98,#FA7020
23,87,98,#FA7420
24,87,98,#FA7720
25,87,98,#FA7B20
26,87,98,#FA7F20
27,87,98,#FA8220
28,87,98,#FA8620
29,87,98,#FA8A20
30,87,98,#FA8D20
31,87,98,#FA9120
32,87,98,#FA9420
33,87,98,#FA9820
34,87,98,#FA9C20
35,87,98,#FA9F20
36,87,98,#FAA320
37,87,98,#FAA720
38,87,98,#FAAA20
39,87,98,#FAAE20
40,87,98,#FAB120
41,87,98,#FAB520
42,87,98,#FAB920
43,87,98,#FABC20
44,87,98,#FAC020
45,87,98,#FAC420
46,87,98,#FAC720
47,87,98,#FACB20
48,87,98,#FACE20
49,87,98,#FAD220
50,87,98,#FAD620
51,87,98,#FAD920
52,87,98,#FADD20
53,87,98,#FAE120
54,87,98,#FAE420
55,87,98,#FAE820
56,87,98,#FAEB20
57,87,98,#FAEF20
58,87,98,#FAF320
59,87,98,#FAF620
60,87,98,#FAFA20
61,87,98,#F6FA20
62,87,98,#F3FA20
63,87,98,#EFFA20
64,87,98,#EBFA20
65,87,98,#E8FA20
66,87,98,#E4FA20
67,87,98,#E1FA20
68,87,98,#DDFA20
69,87,98,#D9FA20
70,87,98,#D6FA20
71,87,98,#D2FA20
72,87,98,#CEFA20
73,87,98,#CBFA20
74,87,98,#C7FA20
75,87,98,#C4FA20
76,87,98,#C0FA20
77,87,98,#BCFA20
78,87,98,#B9FA20
79,87,98,#B5FA20
80,87,98,#B1FA20
81,87,98,#AEFA20
82,87,98,#AAFA20
83,87,98,#A7FA20
84,87,98,#A3FA20
85,87,98,#9FFA20
86,87,98,#9CFA20
87,87,98,#98FA20
88,87,98,#94FA20
89,87,98,#91FA20
90,87,98,#8DFA20
91,87,98,#8AFA20
92,87,98,#86FA20
93,87,98,#82FA20
94,87,98,#7FFA20
95,87,98,#7BFA20
96,87,98,#77FA20
97,87,98,#74FA20
98,87,98,#70FA20
99,87,98,#6DFA20
100,87,98,#69FA20
101,87,98,#65FA20
102,87,98,#62FA20
103,87,98,#5EFA20
104,87,98,#5AFA20
105,87,98,#57FA20
106,87,98,#53FA20
107,87,98,#50FA20
108,87,98,#4CFA20
109,87,98,#48FA20
110,87,98,#45FA20
111,87,98,#41FA20
112,87,98,#3DFA20
113,87,98,#3AFA20
114,87,98,#36FA20
115,87,98,#33FA20
116,87,98,#2FFA20
117,87,98,#2BFA20
118,87,98,#28FA20
119,87,98,#24FA20
120,87,98,#20FA20
121,87,98,#20FA24
122,87,98,#20FA28
123,87,98,#20FA2B
124,87,98,#20FA2F
125,87,98,#20FA33
126,87,98,#20FA36
127,87,98,#20FA3A
128,87,98,#20FA3D
129,87,98,#20FA41
130,87,98,#20FA45
131,87,98,#20FA48
132,87,98,#20FA4C
133,87,98,#20FA50
134,87,98,#20FA53
135,87,98,#20FA57
136,87,98,#20FA5A
137,87,98,#20FA5E
138,87,98,#20FA62
139,87,98,#20FA65
140,87,98,#20FA69
141,87,98,#20FA6D
142,87,98,#20FA70
143,87,98,#20FA74
144,87,98,#20FA77
145,87,98,#20FA7B
146,87,98,#20FA7F
147,87,98,#20FA82
148,87,98,#20FA86
149,87,98,#20FA8A
150,87,98,#20FA8D
151,87,98,#20FA91
152,87,98,#20FA94
153,87,98,#20FA98
154,87,98,#20FA9C
155,87,98,#20FA9F
156,87,98,#20FAA3
157,87,98,#20FAA7
158,87,98,#20FAAA
159,87,98,#20FAAE
160,87,98,#20FAB1
161,87,98,#20FAB5
162,87,98,#20FAB9
163,87,98,#20FABC
164,87,98,#20FAC0
165,87,98,#20FAC4
166,87,98,#20FAC7
167,87,98,#20FACB
168,87,98,#20FACE
169,87,98,#20FAD2
170,87,98,#20FAD6
171,87,98,#20FAD9
172,87,98,#20FADD
173,87,98,#20FAE1
174,87,98,#20FAE4
175,87,98,#20FAE8
176,87,98,#20FAEB
177,87,98,#20FAEF
178,87,98,#20FAF3
179,87,98,#20FAF6
180,87,98,#20FAFA
181,87,98,#20F6FA
182,87,98,#20F3FA
183,87,98,#20EFFA
184,87,98,#20EBFA
185,87,98,#20E8FA
186,87,98,#20E4FA
187,87,98,#20E1FA
188,87,98,#20DDFA
189,87,98,#20D9FA
190,87,98,#20D6FA
191,87,98,#20D2FA
192,87,98,#20CEFA
193,87,98,#20CBFA
194,87,98,#20C7FA
195,87,98,#20C4FA
196,87,98,#20C0FA
197,87,98,#20BCFA
198,87,98,#20B9FA
199,87,98,#20B5FA
200,87,98,#20B1FA
201,87,98,#20AEFA
202,87,98,#20AAFA
203,87,98,#20A7FA
204,87,98,#20A3FA
205,87,98,#209FFA
206,87,98,#209CFA
207,87,98,#2098FA
208,87,98,#2094FA
209,87,98,#2091FA
210,87,98,#208DFA
211,87,98,#208AFA
212,87,98,#2086FA
213,87,98,#2082FA
214,87,98,#207FFA
215,87,98,#207BFA
216,87,98,#2077FA
217,87,98,#2074FA
218,87,98,#2070FA
219,87,98,#206DFA
220,87,98,#2069FA
221,87,98,#2065FA
222,87,98,#2062FA
223,87,98,#205EFA
224,87,98,#205AFA
225,87,98,#2057FA
226,87,98,#2053FA
227,87,98,#2050FA
228,87,98,#204CFA
229,87,98,#2048FA
230,87,98,#2045FA
231,87,98,#2041FA
232,87,98,#203DFA
233,87,98,#203AFA
234,87,98,#2036FA
235,87,98,#2033FA
236,87,98,#202FFA
237,87,98,#202BFA
238,87,98,#2028FA
239,87,98,#2024FA
240,87,98,#2020FA
241,87,98,#2420FA
242,87,98,#2820FA
243,87,98,#2B20FA
244,87,98,#2F20FA
245,87,98,#3320FA
246,87,98,#3620FA
247,87,98,#3A20FA
248,87,98,#3D20FA
249,87,98,#4120FA
250,87,98,#4520FA
251,87,98,#4820FA
252,87,98,#4C20FA
253,87,98,#5020FA
254,87,98,#5320FA
255,87,98,#5720FA
256,87,98,#5A20FA
257,87,98,#5E20FA
258,87,98,#6220FA
259,87,98,#6520FA
260,87,98,#6920FA
261,87,98,#6D20FA
262,87,98,#7020FA
263,87,98,#7420FA
264,87,98,#7720FA
265,87,98,#7B20FA
266,87,98,#7F20FA
267,87,98,#8220FA
268,87,98,#8620FA
269,87,98,#8A20FA
270,87,98,#8D20FA
271,87,98,#9120FA
272,87,98,#9420FA
273,87,98,#9820FA
274,87,98,#9C20FA
275,87,98,#9F20FA
276,87,98,#A320FA
277,87,98,#A720FA
278,87,98,#AA20FA
279,87,98,#AE20FA
280,87,98,#B120FA
281,87,98,#B520FA
282,87,98,#B920FA
283,87,98,#BC20FA
284,87,98,#C020FA
285,87,98,#C420FA
286,87,98,#C720FA
287,87,98,#CB20FA
288,87,98,#CE20FA
289,87,98,#D220FA
290,87,98,#D620FA
291,87,98,#D920FA
292,87,98,#DD20FA
293,87,98,#E120FA
294,87,98,#E420FA
295,87,98,#E820FA
296,87,98,#EB20FA
297,87,98,#EF20FA
298,87,98,#F320FA
299,87,98,#F620FA
300,87,98,#FA20FA
301,87,98,#FA20F6
302,87,98,#FA20F3
303,87,98,#FA20EF
304,87,98,#FA20EB
305,87,98,#FA20E8
306,87,98,#FA20E4
307,87,98,#FA20E1
308,87,98,#FA20DD
309,87,98,#FA20D9
310,87,98,#FA20D6
311,87,98,#FA20D2
312,87,98,#FA20CE
313,87,98,#FA20CB
314,87,98,#FA20C7
315,87,98,#FA20C4
316,87,98,#FA20C0
317,87,98,#FA20BC
318,87,98,#FA20B9
319,87,98,#FA20B5
320,87,98,#FA20B1
321,87,98,#FA20AE
322,87,98,#FA20AA
323,87,98,#FA20A7
324,87,98,#FA20A3
325,87,98,#FA209F
326,87,98,#FA209C
327,87,98,#FA2098
328,87,98,#FA2094
329,87,98,#FA2091
330,87,98,#FA208D
331,87,98,#FA208A
332,87,98,#FA2086
333,87,98,#FA2082
334,87,98,#FA207F
335,87,98,#FA207B
336,87,98,#FA2077
337,87,98,#FA2074
338,87,98,#FA2070
339,87,98,#FA206D
340,87,98,#FA2069
341,87,98,#FA2065
342,87,98,#FA2062
343,87,98,#FA205E
344,87,98,#FA205A
345,87,98,#FA2057
346,87,98,#FA2053
347,87,98,#FA2050
348,87,98,#FA204C
349,87,98,#FA2048
350,87,98,#FA2045
351,87,98,#FA2041
352,87,98,#FA203D
353,87,98,#FA203A
354,87,98,#FA2036
355,87,98,#FA2033
356,87,98,#FA202F
357,87,98,#FA202B
358,87,98,#FA2028
359,87,98,#FA2024
0,86,98,#FA2323
1,86,98,#FA2723
2,86,98,#FA2A23
3,86,98,#FA2E23
4,86,98,#FA3123
5,86,98,#FA3523
6,86,98,#FA3823
7,86,98,#FA3C23
8,86,98,#FA4023
9,86,98,#FA4323
10,86,98,#FA4723
11,86,98,#FA4A23
12,86,98,#FA4E23
13,86,98,#FA5223
14,86,98,#FA5523
15,86,98,#FA5923
16,86,98,#FA5C23
17,86,98,#FA6023
18,86,98,#FA6323
19,86,98,#FA6723
20,86,98,#FA6B23
21,86,98,#FA6E23
22,86,98,#FA7223
23,86,98,#FA7523
24,86,98,#FA7923
25,86,98,#FA7D23
26,86,98,#FA8023
27,86,98,#FA8423
28,86,98,#FA8723
29,86,98,#FA8B23
30,86,98,#FA8E23
31,86,98,#FA9223
32,86,98,#FA9623
33,86,98,#FA9923
34,86,98,#FA9D23
35,86,98,#FAA023
36,86,98,#FAA423
37,86,98,#FAA823
38,86,98,#FAAB23
39,86,98,#FAAF23
40,86,98,#FAB223
41,86,98,#FAB623
42,86,98,#FAB923
43,86,98,#FABD23
44,86,98,#FAC123
45,86,98,#FAC423
46,86,98,#FAC823
47,86,98,#FACB23
48,86,98,#FACF23
49,86,98,#FAD223
50,86,98,#FAD623
51,86,98,#FADA23
52,86,98,#FADD23
53,86,98,#FAE123
54,86,98,#FAE423
55,86,98,#FAE823
56,86,98,#FAEC23
57,86,98,#FAEF23
58,86,98,#FAF323
59,86,98,#FAF623
60,86,98,#FAFA23
61,86,98,#F6FA23
62,86,98,#F3FA23
63,86,98,#EFFA23
64,86,98,#ECFA23
65,86,98,#E8FA23
66,86,98,#E4FA23
67,86,98,#E1FA23
68,86,98,#DDFA23
69,86,98,#DAFA23
70,86,98,#D6FA23
71,86,98,#D2FA23
72,86,98,#CFFA23
73,86,98,#CBFA23
74,86,98,#C8FA23
75,86,98,#C4FA23
76,86,98,#C1FA23
77,86,98,#BDFA23
78,86,98,#B9FA23
79,86,98,#B6FA23
80,86,98,#B2FA23
81,86,98,#AFFA23
82,86,98,#ABFA23
83,86,98,#A8FA23
84,86,98,#A4FA23
85,86,98,#A0FA23
86,86,98,#9DFA23
87,86,98,#99FA23
88,86,98,#96FA23
89,86,98,#92FA23
90,86,98,#8EFA23
91,86,98,#8BFA23
92,86,98,#87FA23
93,86,98,#84FA23
94,86,98,#80FA23
95,86,98,#7DFA23
96,86,98,#79FA23
97,86,98,#75FA23
98,86,98,#72FA23
99,86,98,#6EFA23
100,86,98,#6BFA23
101,86,98,#67FA23
102,86,98,#63FA23
103,86,98,#60FA23
104,86,98,#5CFA23
105,86,98,#59FA23
106,86,98,#55FA23
107,86,98,#52FA23
108,86,98,#4EFA23
109,86,98,#4AFA23
110,86,98,#47FA23
111,86,98,#43FA23
112,86,98,#40FA23
113,86,98,#3CFA23
114,86,98,#38FA23
115,86,98,#35FA23
116,86,98,#31FA23
117,86,98,#2EFA23
118,86,98,#2AFA23
119,86,98,#27FA23
120,86,98,#23FA23
121,86,98,#23FA27
122,86,98,#23FA2A
123,86,98,#23FA2E
124,86,98,#23FA31
125,86,98,#23FA35
126,86,98,#23FA38
127,86,98,#23FA3C
128,86,98,#23FA40
129,86,98,#23FA43
130,86,98,#23FA47
131,86,98,#23FA4A
132,86,98,#23FA4E
133,86,98,#23FA52
134,86,98,#23FA55
135,86,98,#23FA59
136,86,98,#23FA5C
137,86,98,#23FA60
138,86,98,#23FA63
139,86,98,#23FA67
140,86,98,#23FA6B
141,86,98,#23FA6E
142,86,98,#23FA72
143,86,98,#23FA75
144,86,98,#23FA79
145,86,98,#23FA7D
146,86,98,#23FA80
147,86,98,#23FA84
148,86,98,#23FA87
149,86,98,#23FA8B
150,86,98,#23FA8E
151,86,98,#23FA92
152,86,98,#23FA96
153,86,98,#23FA99
154,86,98,#23FA9D
155,86,98,#23FAA0
156,86,98,#23FAA4
157,86,98,#23FAA8
158,86,98,#23FAAB
159,86,98,#23FAAF
160,86,98,#23FAB2
161,86,98,#23FAB6
162,86,98,#23FAB9
163,86,98,#23FABD
164,86,98,#23FAC1
165,86,98,#23FAC4
166,86,98,#23FAC8
167,86,98,#23FACB
168,86,98,#23FACF
169,86,98,#23FAD2
170,86,98,#23FAD6
171,86,98,#23FADA
172,86,98,#23FADD
173,86,98,#23FAE1
174,86,98,#23FAE4
175,86,98,#23FAE8
176,86,98,#23FAEC
177,86,98,#23FAEF
178,86,98,#23FAF3
179,86,98,#23FAF6
180,86,98,#23FAFA
181,86,98,#23F6FA
182,86,98,#23F3FA
183,86,98,#23EFFA
184,86,98,#23ECFA
185,86,98,#23E8FA
186,86,98,#23E4FA
187,86,98,#23E1FA
188,86,98,#23DDFA
189,86,98,#23DAFA
190,86,98,#23D6FA
191,86,98,#23D2FA
192,86,98,#23CFFA
193,86,98,#23CBFA
194,86,98,#23C8FA
195,86,98,#23C4FA
196,86,98,#23C1FA
197,86,98,#23BDFA
198,86,98,#23B9FA
199,86,98,#23B6FA
200,86,98,#23B2FA
201,86,98,#23AFFA
202,86,98,#23ABFA
203,86,98,#23A8FA
204,86,98,#23A4FA
205,86,98,#23A0FA
206,86,98,#239DFA
207,86,98,#2399FA
208,86,98,#2396FA
209,86,98,#2392FA
210,86,98,#238EFA
211,86,98,#238BFA
212,86,98,#2387FA
213,86,98,#2384FA
214,86,98,#2380FA
215,86,98,#237DFA
216,86,98,#2379FA
217,86,98,#2375FA
218,86,98,#2372FA
219,86,98,#236EFA
220,86,98,#236BFA
221,86,98,#2367FA
222,86,98,#2363FA
223,86,98,#2360FA
224,86,98,#235CFA
225,86,98,#2359FA
226,86,98,#2355FA
227,86,98,#2352FA
228,86,98,#234EFA
229,86,98,#234AFA
230,86,98,#2347FA
231,86,98,#2343FA
232,86,98,#2340FA
233,86,98,#233CFA
234,86,98,#2338FA
235,86,98,#2335FA
236,86,98,#2331FA
237,86,98,#232EFA
238,86,98,#232AFA
239,86,98,#2327FA
240,86,98,#2323FA
241,86,98,#2723FA
242,86,98,#2A23FA
243,86,98,#2E23FA
244,86,98,#3123FA
245,86,98,#3523FA
246,86,98,#3823FA
247,86,98,#3C23FA
248,86,98,#4023FA
249,86,98,#4323FA
250,86,98,#4723FA
251,86,98,#4A23FA
252,86,98,#4E23FA
253,86,98,#5223FA
254,86,98,#5523FA
255,86,98,#5923FA
256,86,98,#5C23FA
257,86,98,#6023FA
258,86,98,#6323FA
259,86,98,#6723FA
260,86,98,#6B23FA
261,86,98,#6E23FA
262,86,98,#7223FA
263,86,98,#7523FA
264,86,98,#7923FA
265,86,98,#7D23FA
266,86,98,#8023FA
267,86,98,#8423FA
268,86,98,#8723FA
269,86,98,#8B23FA
270,86,98,#8E23FA
271,86,98,#9223FA
272,86,98,#9623FA
273,86,98,#9923FA
274,86,98,#9D23FA
275,86,98,#A023FA
276,86,98,#A423FA
277,86,98,#A823FA
278,86,98,#AB23FA
279,86,98,#AF23FA
280,86,98,#B223FA
281,86,98,#B623FA
282,86,98,#B923FA
283,86,98,#BD23FA
284,86,98,#C123FA
285,86,98,#C423FA
286,86,98,#C823FA
287,86,98,#CB23FA
288,86,98,#CF23FA
289,86,98,#D223FA
290,86,98,#D623FA
291,86,98,#DA23FA
292,86,98,#DD23FA
293,86,98,#E123FA
294,86,98,#E423FA
295,86,98,#E823FA
296,86,98,#EC23FA
297,86,98,#EF23FA
298,86,98,#F323FA
299,86,98,#F623FA
300,86,98,#FA23FA
301,86,98,#FA23F6
302,86,98,#FA23F3
303,86,98,#FA23EF
304,86,98,#FA23EC
305,86,98,#FA23E8
306,86,98,#FA23E4
307,86,98,#FA23E1
308,86,98,#FA23DD
309,86,98,#FA23DA
310,86,98,#FA23D6
311,86,98,#FA23D2
312,86,98,#FA23CF
313,86,98,#FA23CB
314,86,98,#FA23C8
315,86,98,#FA23C4
316,86,98,#FA23C1
317,86,98,#FA23BD
318,86,98,#FA23B9
319,86,98,#FA23B6
320,86,98,#FA23B2
321,86,98,#FA23AF
322,86,98,#FA23AB
323,86,98,#FA23A8
324,86,98,#FA23A4
325,86,98,#FA23A0
326,86,98,#FA239D
327,86,98,#FA2399
328,86,98,#FA2396
329,86,98,#FA2392
330,86,98,#FA238E
331,86,98,#FA238B
332,86,98,#FA2387
333,86,98,#FA2384
334,86,98,#FA2380
335,86,98,#FA237D
336,86,98,#FA2379
337,86,98,#FA2375
338,86,98,#FA2372
339,86,98,#FA236E
340,86,98,#FA236B
341,86,98,#FA2367
342,86,98,#FA2363
343,86,98,#FA2360
344,86,98,#FA235C
345,86,98,#FA2359
346,86,98,#FA2355
347,86,98,#FA2352
348,86,98,#FA234E
349,86,98,#FA234A
350,86,98,#FA2347
351,86,98,#FA2343
352,86,98,#FA2340
353,86,98,#FA233C
354,86,98,#FA2338
355,86,98,#FA2335
356,86,98,#FA2331
357,86,98,#FA232E
358,86,98,#FA232A
359,86,98,#FA2327
0,85,98,#FA2525
1,85,98,#FA2925
2,85,98,#FA2D25
3,85,98,#FA3025
4,85,98,#FA3425
5,85,98,#FA3725
6,85,98,#FA3B25
7,85,98,#FA3E25
8,85,98,#FA4225
9,85,98,#FA4525
10,85,98,#FA4925
11,85,98,#FA4C25
12,85,98,#FA5025
13,85,98,#FA5425
14,85,98,#FA5725
15,85,98,#FA5B25
16,85,98,#FA5E25
17,85,98,#FA6225
18,85,98,#FA6525
19,85,98,#FA6925
20,85,98,#FA6C25
21,85,98,#FA7025
22,85,98,#FA7325
23,85,98,#FA7725
24,85,98,#FA7A25
25,85,98,#FA7E25
26,85,98,#FA8225
27,85,98,#FA8525
28,85,98,#FA8925
29,85,98,#FA8C25
30,85,98,#FA9025
31,85,98,#FA9325
32,85,98,#FA9725
33,85,98,#FA9A25
34,85,98,#FA9E25
35,85,98,#FAA125
36,85,98,#FAA525
37,85,98,#FAA825
38,85,98,#FAAC25
39,85,98,#FAB025
40,85,98,#FAB325
41,85,98,#FAB725
42,85,98,#FABA25
43,85,98,#FABE25
44,85,98,#FAC125
45,85,98,#FAC525
46,85,98,#FAC825
47,85,98,#FACC25
48,85,98,#FACF25
49,85,98,#FAD325
50,85,98,#FAD625
51,85,98,#FADA25
52,85,98,#FADE25
53,85,98,#FAE125
54,85,98,#FAE525
55,85,98,#FAE825
56,85,98,#FAEC25
57,85,98,#FAEF25
58,85,98,#FAF325
59,85,98,#FAF625
60,85,98,#FAFA25
61,85,98,#F6FA25
62,85,98,#F3FA25
63,85,98,#EFFA25
64,85,98,#ECFA25
65,85,98,#E8FA25
66,85,98,#E5FA25
67,85,98,#E1FA25
68,85,98,#DEFA25
69,85,98,#DAFA25
70,85,98,#D6FA25
71,85,98,#D3FA25
72,85,98,#CFFA25
73,85,98,#CCFA25
74,85,98,#C8FA25
75,85,98,#C5FA25
76,85,98,#C1FA25
77,85,98,#BEFA25
78,85,98,#BAFA25
79,85,98,#B7FA25
80,85,98,#B3FA25
81,85,98,#B0FA25
82,85,98,#ACFA25
83,85,98,#A8FA25
84,85,98,#A5FA25
85,85,98,#A1FA25
86,85,98,#9EFA25
87,85,98,#9AFA25
88,85,98,#97FA25
89,85,98,#93FA25
90,85,98,#90FA25
91,85,98,#8CFA25
92,85,98,#89FA25
93,85,98,#85FA25
94,85,98,#82FA25
95,85,98,#7EFA25
96,85,98,#7AFA25
97,85,98,#77FA25
98,85,98,#73FA25
99,85,98,#70FA25
100,85,98,#6CFA25
101,85,98,#69FA25
102,85,98,#65FA25
103,85,98,#62FA25
104,85,98,#5EFA25
105,85,98,#5BFA25
106,85,98,#57FA25
107,85,98,#54FA25
108,85,98,#50FA25
109,85,98,#4CFA25
110,85,98,#49FA25
111,85,98,#45FA25
112,85,98,#42FA25
113,85,98,#3EFA25
114,85,98,#3BFA25
115,85,98,#37FA25
116,85,98,#34FA25
117,85,98,#30FA25
118,85,98,#2DFA25
119,85,98,#29FA25
120,85,98,#25FA25
121,85,98,#25FA29
122,85,98,#25FA2D
123,85,98,#25FA30
124,85,98,#25FA34
125,85,98,#25FA37
126,85,98,#25FA3B
127,85,98,#25FA3E
128,85,98,#25FA42
129,85,98,#25FA45
130,85,98,#25FA49
131,85,98,#25FA4C
132,85,98,#25FA50
133,85,98,#25FA54
134,85,98,#25FA57
135,85,98,#25FA5B
136,85,98,#25FA5E
137,85,98,#25FA62
138,85,98,#25FA65
139,85,98,#25FA69
140,85,98,#25FA6C
141,85,98,#25FA70
142,85,98,#25FA73
143,85,98,#25FA77
144,85,98,#25FA7A
145,85,98,#25FA7E
146,85,98,#25FA82
147,85,98,#25FA85
148,85,98,#25FA89
149,85,98,#25FA8C
150,85,98,#25FA90
151,85,98,#25FA93
152,85,98,#25FA97
153,85,98,#25FA9A
154,85,98,#25FA9E
155,85,98,#25FAA1
156,85,98,#25FAA5
157,85,98,#25FAA8
158,85,98,#25FAAC
159,85,98,#25FAB0
160,85,98,#25FAB3
161,85,98,#25FAB7
162,85,98,#25FABA
163,85,98,#25FABE
164,85,98,#25FAC1
165,85,98,#25FAC5
166,85,98,#25FAC8
167,85,98,#25FACC
168,85,98,#25FACF
169,85,98,#25FAD3
170,85,98,#25FAD6
171,85,98,#25FADA
172,85,98,#25FADE
173,85,98,#25FAE1
174,85,98,#25FAE5
175,85,98,#25FAE8
176,85,98,#25FAEC
177,85,98,#25FAEF
178,85,98,#25FAF3
179,85,98,#25FAF6
180,85,98,#25FAFA
181,85,98,#25F6FA
182,85,98,#25F3FA
183,85,98,#25EFFA
184,85,98,#25ECFA
185,85,98,#25E8FA
186,85,98,#25E5FA
187,85,98,#25E1FA
188,85,98,#25DEFA
189,85,98,#25DAFA
190,85,98,#25D6FA
191,85,98,#25D3FA
192,85,98,#25CFFA
193,85,98,#25CCFA
194,85,98,#25C8FA
195,85,98,#25C5FA
196,85,98,#25C1FA
197,85,98,#25BEFA
198,85,98,#25BAFA
199,85,98,#25B7FA
200,85,98,#25B3FA
201,85,98,#25B0FA
202,85,98,#25ACFA
203,85,98,#25A8FA
204,85,98,#25A5FA
205,85,98,#25A1FA
206,85,98,#259EFA
207,85,98,#259AFA
208,85,98,#2597FA
209,85,98,#2593FA
210,85,98,#2590FA
211,85,98,#258CFA
212,85,98,#2589FA
213,85,98,#2585FA
214,85,98,#2582FA
215,85,98,#257EFA
216,85,98,#257AFA
217,85,98,#2577FA
218,85,98,#2573FA
219,85,98,#2570FA
220,85,98,#256CFA
221,85,98,#2569FA
222,85,98,#2565FA
223,85,98,#2562FA
224,85,98,#255EFA
225,85,98,#255BFA
226,85,98,#2557FA
227,85,98,#2554FA
228,85,98,#2550FA
229,85,98,#254CFA
230,85,98,#2549FA
231,85,98,#2545FA
232,85,98,#2542FA
233,85,98,#253EFA
234,85,98,#253BFA
235,85,98,#2537FA
236,85,98,#2534FA
237,85,98,#2530FA
238,85,98,#252DFA
239,85,98,#2529FA
240,85,98,#2525FA
241,85,98,#2925FA
242,85,98,#2D25FA
243,85,98,#3025FA
244,85,98,#3425FA
245,85,98,#3725FA
246,85,98,#3B25FA
247,85,98,#3E25FA
248,85,98,#4225FA
249,85,98,#4525FA
250,85,98,#4925FA
251,85,98,#4C25FA
252,85,98,#5025FA
253,85,98,#5425FA
254,85,98,#5725FA
255,85,98,#5B25FA
256,85,98,#5E25FA
257,85,98,#6225FA
258,85,98,#6525FA
259,85,98,#6925FA
260,85,98,#6C25FA
261,85,98,#7025FA
262,85,98,#7325FA
263,85,98,#7725FA
264,85,98,#7A25FA
265,85,98,#7E25FA
266,85,98,#8225FA
267,85,98,#8525FA
268,85,98,#8925FA
269,85,98,#8C25FA
270,85,98,#9025FA
271,85,98,#9325FA
272,85,98,#9725FA
273,85,98,#9A25FA
274,85,98,#9E25FA
275,85,98,#A125FA
276,85,98,#A525FA
277,85,98,#A825FA
278,85,98,#AC25FA
279,85,98,#B025FA
280,85,98,#B325FA
281,85,98,#B725FA
282,85,98,#BA25FA
283,85,98,#BE25FA
284,85,98,#C125FA
285,85,98,#C525FA
286,85,98,#C825FA
287,85,98,#CC25FA
288,85,98,#CF25FA
289,85,98,#D325FA
290,85,98,#D625FA
291,85,98,#DA25FA
292,85,98,#DE25FA
293,85,98,#E125FA
294,85,98,#E525FA
295,85,98,#E825FA
296,85,98,#EC25FA
297,85,98,#EF25FA
298,85,98,#F325FA
299,85,98,#F625FA
300,85,98,#FA25FA
301,85,98,#FA25F6
302,85,98,#FA25F3
303,85,98,#FA25EF
304,85,98,#FA25EC
305,85,98,#FA25E8
306,85,98,#FA25E5
307,85,98,#FA25E1
308,85,98,#FA25DE
309,85,98,#FA25DA
310,85,98,#FA25D6
311,85,98,#FA25D3
312,85,98,#FA25CF
313,85,98,#FA25CC
314,85,98,#FA25C8
315,85,98,#FA25C5
316,85,98,#FA25C1
317,85,98,#FA25BE
318,85,98,#FA25BA
319,85,98,#FA25B7
320,85,98,#FA25B3
321,85,98,#FA25B0
322,85,98,#FA25AC
323,85,98,#FA25A8
324,85,98,#FA25A5
325,85,98,#FA25A1
326,85,98,#FA259E
327,85,98,#FA259A
328,85,98,#FA2597
329,85,98,#FA2593
330,85,98,#FA2590
331,85,98,#FA258C
332,85,98,#FA2589
333,85,98,#FA2585
334,85,98,#FA2582
335,85,98,#FA257E
336,85,98,#FA257A
337,85,98,#FA2577
338,85,98,#FA2573
339,85,98,#FA2570
340,85,98,#FA256C
341,85,98,#FA2569
342,85,98,#FA2565
343,85,98,#FA2562
344,85,98,#FA255E
345,85,98,#FA255B
346,85,98,#FA2557
347,85,98,#FA2554
348,85,98,#FA2550
349,85,98,#FA254C
350,85,98,#FA2549
351,85,98,#FA2545
352,85,98,#FA2542
353,85,98,#FA253E
354,85,98,#FA253B
355,85,98,#FA2537
356,85,98,#FA2534
357,85,98,#FA2530
358,85,98,#FA252D
359,85,98,#FA2529
0,84,98,#FA2828
1,84,98,#FA2B28
2,84,98,#FA2F28
3,84,98,#FA3228
4,84,98,#FA3628
5,84,98,#FA3928
6,84,98,#FA3D28
7,84,98,#FA4028
8,84,98,#FA4428
9,84,98,#FA4728
10,84,98,#FA4B28
11,84,98,#FA4E28
12,84,98,#FA5228
13,84,98,#FA5528
14,84,98,#FA5928
15,84,98,#FA5C28
16,84,98,#FA6028
17,84,98,#FA6328
18,84,98,#FA6728
19,84,98,#FA6A28
20,84,98,#FA6E28
21,84,98,#FA7128
22,84,98,#FA7528
23,84,98,#FA7828
24,84,98,#FA7C28
25,84,98,#FA7F28
26,84,98,#FA8328
27,84,98,#FA8628
28,84,98,#FA8A28
29,84,98,#FA8D28
30,84,98,#FA9128
31,84,98,#FA9428
32,84,98,#FA9828
33,84,98,#FA9B28
34,84,98,#FA9F28
35,84,98,#FAA228
36,84,98,#FAA628
37,84,98,#FAA928
38,84,98,#FAAD28
39,84,98,#FAB028
40,84,98,#FAB428
41,84,98,#FAB728
42,84,98,#FABB28
43,84,98,#FABE28
44,84,98,#FAC228
45,84,98,#FAC528
46,84,98,#FAC928
47,84,98,#FACC28
48,84,98,#FAD028
49,84,98,#FAD328
50,84,98,#FAD728
51,84,98,#FADA28
52,84,98,#FADE28
53,84,98,#FAE128
54,84,98,#FAE528
55,84,98,#FAE828
56,84,98,#FAEC28
57,84,98,#FAEF28
58,84,98,#FAF328
59,84,98,#FAF628
60,84,98,#FAFA28
61,84,98,#F6FA28
62,84,98,#F3FA28
63,84,98,#EFFA28
64,84,98,#ECFA28
65,84,98,#E8FA28
66,84,98,#E5FA28
67,84,98,#E1FA28
68,84,98,#DEFA28
69,84,98,#DAFA28
70,84,98,#D7FA28
71,84,98,#D3FA28
72,84,98,#D0FA28
73,84,98,#CCFA28
74,84,98,#C9FA28
75,84,98,#C5FA28
76,84,98,#C2FA28
77,84,98,#BEFA28
78,84,98,#BBFA28
79,84,98,#B7FA28
80,84,98,#B4FA28
81,84,98,#B0FA28
82,84,98,#ADFA28
83,84,98,#A9FA28
84,84,98,#A6FA28
85,84,98,#A2FA28
86,84,98,#9FFA28
87,84,98,#9BFA28
88,84,98,#98FA28
89,84,98,#94FA28
90,84,98,#91FA28
91,84,98,#8DFA28
92,84,98,#8AFA28
93,84,98,#86FA28
94,84,98,#83FA28
95,84,98,#7FFA28
96,84,98,#7CFA28
97,84,98,#78FA28
98,84,98,#75FA28
99,84,98,#71FA28
100,84,98,#6EFA28
101,84,98,#6AFA28
102,84,98,#67FA28
103,84,98,#63FA28
104,84,98,#60FA28
105,84,98,#5CFA28
106,84,98,#59FA28
107,84,98,#55FA28
108,84,98,#52FA28
109,84,98,#4EFA28
110,84,98,#4BFA28
111,84,98,#47FA28
112,84,98,#44FA28
113,84,98,#40FA28
114,84,98,#3DFA28
115,84,98,#39FA28
116,84,98,#36FA28
117,84,98,#32FA28
118,84,98,#2FFA28
119,84,98,#2BFA28
120,84,98,#28FA28
121,84,98,#28FA2B
122,84,98,#28FA2F
123,84,98,#28FA32
124,84,98,#28FA36
125,84,98,#28FA39
126,84,98,#28FA3D
127,84,98,#28FA40
128,84,98,#28FA44
129,84,98,#28FA47
130,84,98,#28FA4B
131,84,98,#28FA4E
132,84,98,#28FA52
133,84,98,#28FA55
134,84,98,#28FA59
135,84,98,#28FA5C
136,84,98,#28FA60
137,84,98,#28FA63
138,84,98,#28FA67
139,84,98,#28FA6A
140,84,98,#28FA6E
141,84,98,#28FA71
142,84,98,#28FA75
143,84,98,#28FA78
144,84,98,#28FA7C
145,84,98,#28FA7F
146,84,98,#28FA83
147,84,98,#28FA86
148,84,98,#28FA8A
149,84,98,#28FA8D
150,84,98,#28FA91
151,84,98,#28FA94
152,84,98,#28FA98
153,84,98,#28FA9B
154,84,98,#28FA9F
155,84,98,#28FAA2
156,84,98,#28FAA6
157,84,98,#28FAA9
158,84,98,#28FAAD
159,84,98,#28FAB0
160,84,98,#28FAB4
161,84,98,#28FAB7
162,84,98,#28FABB
163,84,98,#28FABE
164,84,98,#28FAC2
165,84,98,#28FAC5
166,84,98,#28FAC9
167,84,98,#28FACC
168,84,98,#28FAD0
169,84,98,#28FAD3
170,84,98,#28FAD7
171,84,98,#28FADA
172,84,98,#28FADE
173,84,98,#28FAE1
174,84,98,#28FAE5
175,84,98,#28FAE8
176,84,98,#28FAEC
177,84,98,#28FAEF
178,84,98,#28FAF3
179,84,98,#28FAF6
180,84,98,#28FAFA
181,84,98,#28F6FA
182,84,98,#28F3FA
183,84,98,#28EFFA
184,84,98,#28ECFA
185,84,98,#28E8FA
186,84,98,#28E5FA
187,84,98,#28E1FA
188,84,98,#28DEFA
189,84,98,#28DAFA
190,84,98,#28D7FA
191,84,98,#28D3FA
192,84,98,#28D0FA
193,84,98,#28CCFA
194,84,98,#28C9FA
195,84,98,#28C5FA
196,84,98,#28C2FA
197,84,98,#28BEFA
198,84,98,#28BBFA
199,84,98,#28B7FA
200,84,98,#28B4FA
201,84,98,#28B0FA
202,84,98,#28ADFA
203,84,98,#28A9FA
204,84,98,#28A6FA
205,84,98,#28A2FA
206,84,98,#289FFA
207,84,98,#289BFA
208,84,98,#2898FA
209,84,98,#2894FA
210,84,98,#2891FA
211,84,98,#288DFA
212,84,98,#288AFA
213,84,98,#2886FA
214,84,98,#2883FA
215,84,98,#287FFA
216,84,98,#287CFA
217,84,98,#2878FA
218,84,98,#2875FA
219,84,98,#2871FA
220,84,98,#286EFA
221,84,98,#286AFA
222,84,98,#2867FA
223,84,98,#2863FA
224,84,98,#2860FA
225,84,98,#285CFA
226,84,98,#2859FA
227,84,98,#2855FA
228,84,98,#2852FA
229,84,98,#284EFA
230,84,98,#284BFA
231,84,98,#2847FA
232,84,98,#2844FA
233,84,98,#2840FA
234,84,98,#283DFA
235,84,98,#2839FA
236,84,98,#2836FA
237,84,98,#2832FA
238,84,98,#282FFA
239,84,98,#282BFA
240,84,98,#2828FA
241,84,98,#2B28FA
242,84,98,#2F28FA
243,84,98,#3228FA
244,84,98,#3628FA
245,84,98,#3928FA
246,84,98,#3D28FA
247,84,98,#4028FA
248,84,98,#4428FA
249,84,98,#4728FA
250,84,98,#4B28FA
251,84,98,#4E28FA
252,84,98,#5228FA
253,84,98,#5528FA
254,84,98,#5928FA
255,84,98,#5C28FA
256,84,98,#6028FA
257,84,98,#6328FA
258,84,98,#6728FA
259,84,98,#6A28FA
260,84,98,#6E28FA
261,84,98,#7128FA
262,84,98,#7528FA
263,84,98,#7828FA
264,84,98,#7C28FA
265,84,98,#7F28FA
266,84,98,#8328FA
267,84,98,#8628FA
268,84,98,#8A28FA
269,84,98,#8D28FA
270,84,98,#9128FA
271,84,98,#9428FA
272,84,98,#9828FA
273,84,98,#9B28FA
274,84,98,#9F28FA
275,84,98,#A228FA
276,84,98,#A628FA
277,84,98,#A928FA
278,84,98,#AD28FA
279,84,98,#B028FA
280,84,98,#B428FA
281,84,98,#B728FA
282,84,98,#BB28FA
283,84,98,#BE28FA
284,84,98,#C228FA
285,84,98,#C528FA
286,84,98,#C928FA
287,84,98,#CC28FA
288,84,98,#D028FA
289,84,98,#D328FA
290,84,98,#D728FA
291,84,98,#DA28FA
292,84,98,#DE28FA
293,84,98,#E128FA
294,84,98,#E528FA
295,84,98,#E828FA
296,84,98,#EC28FA
297,84,98,#EF28FA
298,84,98,#F328FA
299,84,98,#F628FA
300,84,98,#FA28FA
301,84,98,#FA28F6
302,84,98,#FA28F3
303,84,98,#FA28EF
304,84,98,#FA28EC
305,84,98,#FA28E8
306,84,98,#FA28E5
307,84,98,#FA28E1
308,84,98,#FA28DE
309,84,98,#FA28DA
310,84,98,#FA28D7
311,84,98,#FA28D3
312,84,98,#FA28D0
313,84,98,#FA28CC
314,84,98,#FA28C9
315,84,98,#FA28C5
316,84,98,#FA28C2
317,84,98,#FA28BE
318,84,98,#FA28BB
319,84,98,#FA28B7
320,84,98,#FA28B4
321,84,98,#FA28B0
322,84,98,#FA28AD
323,84,98,#FA28A9
324,84,98,#FA28A6
325,84,98,#FA28A2
326,84,98,#FA289F
327,84,98,#FA289B
328,84,98,#FA2898
329,84,98,#FA2894
330,84,98,#FA2891
331,84,98,#FA288D
332,84,98,#FA288A
333,84,98,#FA2886
334,84,98,#FA2883
335,84,98,#FA287F
336,84,98,#FA287C
337,84,98,#FA2878
338,84,98,#FA2875
339,84,98,#FA2871
340,84,98,#FA286E
341,84,98,#FA286A
342,84,98,#FA2867
343,84,98,#FA2863
344,84,98,#FA2860
345,84,98,#FA285C
346,84,98,#FA2859
347,84,98,#FA2855
348,84,98,#FA2852
349,84,98,#FA284E
350,84,98,#FA284B
351,84,98,#FA2847
352,84,98,#FA2844
353,84,98,#FA2840
354,84,98,#FA283D
355,84,98,#FA2839
356,84,98,#FA2836
357,84,98,#FA2832
358,84,98,#FA282F
359,84,98,#FA282B
0,83,98,#FA2A2A
1,83,98,#FA2E2A
2,83,98,#FA312A
3,83,98,#FA352A
4,83,98,#FA382A
5,83,98,#FA3C2A
6,83,98,#FA3F2A
7,83,98,#FA432A
8,83,98,#FA462A
9,83,98,#FA4A2A
10,83,98,#FA4D2A
11,83,98,#FA512A
12,83,98,#FA542A
13,83,98,#FA572A
14,83,98,#FA5B2A
15,83,98,#FA5E2A
16,83,98,#FA622A
17,83,98,#FA652A
18,83,98,#FA692A
19,83,98,#FA6C2A
20,83,98,#FA702A
21,83,98,#FA732A
22,83,98,#FA772A
23,83,98,#FA7A2A
24,83,98,#FA7D2A
25,83,98,#FA812A
26,83,98,#FA842A
27,83,98,#FA882A
28,83,98,#FA8B2A
29,83,98,#FA8F2A
30,83,98,#FA922A
31,83,98,#FA962A
32,83,98,#FA992A
33,83,98,#FA9D2A
34,83,98,#FAA02A
35,83,98,#FAA32A
36,83,98,#FAA72A
37,83,98,#FAAA2A
38,83,98,#FAAE2A
39,83,98,#FAB12A
40,83,98,#FAB52A
41,83,98,#FAB82A
42,83,98,#FABC2A
43,83,98,#FABF2A
44,83,98,#FAC32A
45,83,98,#FAC62A
46,83,98,#FACA2A
47,83,98,#FACD2A
48,83,98,#FAD02A
49,83,98,#FAD42A
50,83,98,#FAD72A
51,83,98,#FADB2A
52,83,98,#FADE2A
53,83,98,#FAE22A
54,83,98,#FAE52A
55,83,98,#FAE92A
56,83,98,#FAEC2A
57,83,98,#FAF02A
58,83,98,#FAF32A
59,83,98,#FAF62A
60,83,98,#FAFA2A
61,83,98,#F6FA2A
62,83,98,#F3FA2A
63,83,98,#F0FA2A
64,83,98,#ECFA2A
65,83,98,#E9FA2A
66,83,98,#E5FA2A
67,83,98,#E2FA2A
68,83,98,#DEFA2A
69,83,98,#DBFA2A
70,83,98,#D7FA2A
71,83,98,#D4FA2A
72,83,98,#D0FA2A
73,83,98,#CDFA2A
74,83,98,#CAFA2A
75,83,98,#C6FA2A
76,83,98,#C3FA2A
77,83,98,#BFFA2A
78,83,98,#BCFA2A
79,83,98,#B8FA2A
80,83,98,#B5FA2A
81,83,98,#B1FA2A
82,83,98,#AEFA2A
83,83,98,#AAFA2A
84,83,98,#A7FA2A
85,83,98,#A3FA2A
86,83,98,#A0FA2A
87,83,98,#9DFA2A
88,83,98,#99FA2A
89,83,98,#96FA2A
90,83,98,#92FA2A
91,83,98,#8FFA2A
92,83,98,#8BFA2A
93,83,98,#88FA2A
94,83,98,#84FA2A
95,83,98,#81FA2A
96,83,98,#7DFA2A
97,83,98,#7AFA2A
98,83,98,#77FA2A
99,83,98,#73FA2A
100,83,98,#70FA2A
101,83,98,#6CFA2A
102,83,98,#69FA2A
103,83,98,#65FA2A
104,83,98,#62FA2A
105,83,98,#5EFA2A
106,83,98,#5BFA2A
107,83,98,#57FA2A
108,83,98,#54FA2A
109,83,98,#51FA2A
110,83,98,#4DFA2A
111,83,98,#4AFA2A
112,83,98,#46FA2A
113,83,98,#43FA2A
114,83,98,#3FFA2A
115,83,98,#3CFA2A
116,83,98,#38FA2A
117,83,98,#35FA2A
118,83,98,#31FA2A
119,83,98,#2EFA2A
120,83,98,#2AFA2A
121,83,98,#2AFA2E
122,83,98,#2AFA31
123,83,98,#2AFA35
124,83,98,#2AFA38
125,83,98,#2AFA3C
126,83,98,#2AFA3F
127,83,98,#2AFA43
128,83,98,#2AFA46
129,83,98,#2AFA4A
130,83,98,#2AFA4D
131,83,98,#2AFA51
132,83,98,#2AFA54
133,83,98,#2AFA57
134,83,98,#2AFA5B
135,83,98,#2AFA5E
136,83,98,#2AFA62
137,83,98,#2AFA65
138,83,98,#2AFA69
139,83,98,#2AFA6C
140,83,98,#2AFA70
141,83,98,#2AFA73
142,83,98,#2AFA77
143,83,98,#2AFA7A
144,83,98,#2AFA7D
145,83,98,#2AFA81
146,83,98,#2AFA84
147,83,98,#2AFA88
148,83,98,#2AFA8B
149,83,98,#2AFA8F
150,83,98,#2AFA92
151,83,98,#2AFA96
152,83,98,#2AFA99
153,83,98,#2AFA9D
154,83,98,#2AFAA0
155,83,98,#2AFAA3
156,83,98,#2AFAA7
157,83,98,#2AFAAA
158,83,98,#2AFAAE
159,83,98,#2AFAB1
160,83,98,#2AFAB5
161,83,98,#2AFAB8
162,83,98,#2AFABC
163,83,98,#2AFABF
164,83,98,#2AFAC3
165,83,98,#2AFAC6
166,83,98,#2AFACA
167,83,98,#2AFACD
168,83,98,#2AFAD0
169,83,98,#2AFAD4
170,83,98,#2AFAD7
171,83,98,#2AFADB
172,83,98,#2AFADE
173,83,98,#2AFAE2
174,83,98,#2AFAE5
175,83,98,#2AFAE9
176,83,98,#2AFAEC
177,83,98,#2AFAF0
178,83,98,#2AFAF3
179,83,98,#2AFAF6
180,83,98,#2AFAFA
181,83,98,#2AF6FA
182,83,98,#2AF3FA
183,83,98,#2AF0FA
184,83,98,#2AECFA
185,83,98,#2AE9FA
186,83,98,#2AE5FA
187,83,98,#2AE2FA
188,83,98,#2ADEFA
189,83,98,#2ADBFA
190,83,98,#2AD7FA
191,83,98,#2AD4FA
192,83,98,#2AD0FA
193,83,98,#2ACDFA
194,83,98,#2ACAFA
195,83,98,#2AC6FA
196,83,98,#2AC3FA
197,83,98,#2ABFFA
198,83,98,#2ABCFA
199,83,98,#2AB8FA
200,83,98,#2AB5FA
201,83,98,#2AB1FA
202,83,98,#2AAEFA
203,83,98,#2AAAFA
204,83,98,#2AA7FA
205,83,98,#2AA3FA
206,83,98,#2AA0FA
207,83,98,#2A9DFA
208,83,98,#2A99FA
209,83,98,#2A96FA
210,83,98,#2A92FA
211,83,98,#2A8FFA
212,83,98,#2A8BFA
213,83,98,#2A88FA
214,83,98,#2A84FA
215,83,98,#2A81FA
216,83,98,#2A7DFA
217,83,98,#2A7AFA
218,83,98,#2A77FA
219,83,98,#2A73FA
220,83,98,#2A70FA
221,83,98,#2A6CFA
222,83,98,#2A69FA
223,83,98,#2A65FA
224,83,98,#2A62FA
225,83,98,#2A5EFA
226,83,98,#2A5BFA
227,83,98,#2A57FA
228,83,98,#2A54FA
229,83,98,#2A51FA
230,83,98,#2A4DFA
231,83,98,#2A4AFA
232,83,98,#2A46FA
233,83,98,#2A43FA
234,83,98,#2A3FFA
235,83,98,#2A3CFA
236,83,98,#2A38FA
237,83,98,#2A35FA
238,83,98,#2A31FA
239,83,98,#2A2EFA
240,83,98,#2A2AFA
241,83,98,#2E2AFA
242,83,98,#312AFA
243,83,98,#352AFA
244,83,98,#382AFA
245,83,98,#3C2AFA
246,83,98,#3F2AFA
247,83,98,#432AFA
248,83,98,#462AFA
249,83,98,#4A2AFA
250,83,98,#4D2AFA
251,83,98,#512AFA
252,83,98,#542AFA
253,83,98,#572AFA
254,83,98,#5B2AFA
255,83,98,#5E2AFA
256,83,98,#622AFA
257,83,98,#652AFA
258,83,98,#692AFA
259,83,98,#6C2AFA
260,83,98,#702AFA
261,83,98,#732AFA
262,83,98,#772AFA
263,83,98,#7A2AFA
264,83,98,#7D2AFA
265,83,98,#812AFA
266,83,98,#842AFA
267,83,98,#882AFA
268,83,98,#8B2AFA
269,83,98,#8F2AFA
270,83,98,#922AFA
271,83,98,#962AFA
272,83,98,#992AFA
273,83,98,#9D2AFA
274,83,98,#A02AFA
275,83,98,#A32AFA
276,83,98,#A72AFA
277,83,98,#AA2AFA
278,83,98,#AE2AFA
279,83,98,#B12AFA
280,83,98,#B52AFA
281,83,98,#B82AFA
282,83,98,#BC2AFA
283,83,98,#BF2AFA
284,83,98,#C32AFA
285,83,98,#C62AFA
286,83,98,#CA2AFA
287,83,98,#CD2AFA
288,83,98,#D02AFA
289,83,98,#D42AFA
290,83,98,#D72AFA
291,83,98,#DB2AFA
292,83,98,#DE2AFA
293,83,98,#E22AFA
294,83,98,#E52AFA
295,83,98,#E92AFA
296,83,98,#EC2AFA
297,83,98,#F02AFA
298,83,98,#F32AFA
299,83,98,#F62AFA
300,83,98,#FA2AFA
301,83,98,#FA2AF6
302,83,98,#FA2AF3
303,83,98,#FA2AF0
304,83,98,#FA2AEC
305,83,98,#FA2AE9
306,83,98,#FA2AE5
307,83,98,#FA2AE2
308,83,98,#FA2ADE
309,83,98,#FA2ADB
310,83,98,#FA2AD7
311,83,98,#FA2AD4
312,83,98,#FA2AD0
313,83,98,#FA2ACD
314,83,98,#FA2ACA
315,83,98,#FA2AC6
316,83,98,#FA2AC3
317,83,98,#FA2ABF
318,83,98,#FA2ABC
319,83,98,#FA2AB8
320,83,98,#FA2AB5
321,83,98,#FA2AB1
322,83,98,#FA2AAE
323,83,98,#FA2AAA
324,83,98,#FA2AA7
325,83,98,#FA2AA3
326,83,98,#FA2AA0
327,83,98,#FA2A9D
328,83,98,#FA2A99
329,83,98,#FA2A96
330,83,98,#FA2A92
331,83,98,#FA2A8F
332,83,98,#FA2A8B
333,83,98,#FA2A88
334,83,98,#FA2A84
335,83,98,#FA2A81
336,83,98,#FA2A7D
337,83,98,#FA2A7A
338,83,98,#FA2A77
339,83,98,#FA2A73
340,83,98,#FA2A70
341,83,98,#FA2A6C
342,83,98,#FA2A69
343,83,98,#FA2A65
344,83,98,#FA2A62
345,83,98,#FA2A5E
346,83,98,#FA2A5B
347,83,98,#FA2A57
348,83,98,#FA2A54
349,83,98,#FA2A51
350,83,98,#FA2A4D
351,83,98,#FA2A4A
352,83,98,#FA2A46
353,83,98,#FA2A43
354,83,98,#FA2A3F
355,83,98,#FA2A3C
356,83,98,#FA2A38
357,83,98,#FA2A35
358,83,98,#FA2A31
359,83,98,#FA2A2E
0,82,98,#FA2D2D
1,82,98,#FA302D
2,82,98,#FA342D
3,82,98,#FA372D
4,82,98,#FA3B2D
5,82,98,#FA3E2D
6,82,98,#FA412D
7,82,98,#FA452D
8,82,98,#FA482D
9,82,98,#FA4C2D
10,82,98,#FA4F2D
11,82,98,#FA532D
12,82,98,#FA562D
13,82,98,#FA592D
14,82,98,#FA5D2D
15,82,98,#FA602D
16,82,98,#FA642D
17,82,98,#FA672D
18,82,98,#FA6A2D
19,82,98,#FA6E2D
20,82,98,#FA712D
21,82,98,#FA752D
22,82,98,#FA782D
23,82,98,#FA7C2D
24,82,98,#FA7F2D
25,82,98,#FA822D
26,82,98,#FA862D
27,82,98,#FA892D
28,82,98,#FA8D2D
29,82,98,#FA902D
30,82,98,#FA932D
31,82,98,#FA972D
32,82,98,#FA9A2D
33,82,98,#FA9E2D
34,82,98,#FAA12D
35,82,98,#FAA52D
36,82,98,#FAA82D
37,82,98,#FAAB2D
38,82,98,#FAAF2D
39,82,98,#FAB22D
40,82,98,#FAB62D
41,82,98,#FAB92D
42,82,98,#FABC2D
43,82,98,#FAC02D
44,82,98,#FAC32D
45,82,98,#FAC72D
46,82,98,#FACA2D
47,82,98,#FACE2D
48,82,98,#FAD12D
49,82,98,#FAD42D
50,82,98,#FAD82D
51,82,98,#FADB2D
52,82,98,#FADF2D
53,82,98,#FAE22D
54,82,98,#FAE52D
55,82,98,#FAE92D
56,82,98,#FAEC2D
57,82,98,#FAF02D
58,82,98,#FAF32D
59,82,98,#FAF62D
60,82,98,#FAFA2D
61,82,98,#F6FA2D
62,82,98,#F3FA2D
63,82,98,#F0FA2D
64,82,98,#ECFA2D
65,82,98,#E9FA2D
66,82,98,#E5FA2D
67,82,98,#E2FA2D
68,82,98,#DFFA2D
69,82,98,#DBFA2D
70,82,98,#D8FA2D
71,82,98,#D4FA2D
72,82,98,#D1FA2D
73,82,98,#CEFA2D
74,82,98,#CAFA2D
75,82,98,#C7FA2D
76,82,98,#C3FA2D
77,82,98,#C0FA2D
78,82,98,#BCFA2D
79,82,98,#B9FA2D
80,82,98,#B6FA2D
81,82,98,#B2FA2D
82,82,98,#AFFA2D
83,82,98,#ABFA2D
84,82,98,#A8FA2D
85,82,98,#A5FA2D
86,82,98,#A1FA2D
87,82,98,#9EFA2D
88,82,98,#9AFA2D
89,82,98,#97FA2D
90,82,98,#93FA2D
91,82,98,#90FA2D
92,82,98,#8DFA2D
93,82,98,#89FA2D
94,82,98,#86FA2D
95,82,98,#82FA2D
96,82,98,#7FFA2D
97,82,98,#7CFA2D
98,82,98,#78FA2D
99,82,98,#75FA2D
100,82,98,#71FA2D
101,82,98,#6EFA2D
102,82,98,#6AFA2D
103,82,98,#67FA2D
104,82,98,#64FA2D
105,82,98,#60FA2D
106,82,98,#5DFA2D
107,82,98,#59FA2D
108,82,98,#56FA2D
109,82,98,#53FA2D
110,82,98,#4FFA2D
111,82,98,#4CFA2D
112,82,98,#48FA2D
113,82,98,#45FA2D
114,82,98,#41FA2D
115,82,98,#3EFA2D
116,82,98,#3BFA2D
117,82,98,#37FA2D
118,82,98,#34FA2D
119,82,98,#30FA2D
120,82,98,#2DFA2D
121,82,98,#2DFA30
122,82,98,#2DFA34
123,82,98,#2DFA37
124,82,98,#2DFA3B
125,82,98,#2DFA3E
126,82,98,#2DFA41
127,82,98,#2DFA45
128,82,98,#2DFA48
129,82,98,#2DFA4C
130,82,98,#2DFA4F
131,82,98,#2DFA53
132,82,98,#2DFA56
133,82,98,#2DFA59
134,82,98,#2DFA5D
135,82,98,#2DFA60
136,82,98,#2DFA64
137,82,98,#2DFA67
138,82,98,#2DFA6A
139,82,98,#2DFA6E
140,82,98,#2DFA71
141,82,98,#2DFA75
142,82,98,#2DFA78
143,82,98,#2DFA7C
144,82,98,#2DFA7F
145,82,98,#2DFA82
146,82,98,#2DFA86
147,82,98,#2DFA89
148,82,98,#2DFA8D
149,82,98,#2DFA90
150,82,98,#2DFA93
151,82,98,#2DFA97
152,82,98,#2DFA9A
153,82,98,#2DFA9E
154,82,98,#2DFAA1
155,82,98,#2DFAA5
156,82,98,#2DFAA8
157,82,98,#2DFAAB
158,82,98,#2DFAAF
159,82,98,#2DFAB2
160,82,98,#2DFAB6
161,82,98,#2DFAB9
162,82,98,#2DFABC
163,82,98,#2DFAC0
164,82,98,#2DFAC3
165,82,98,#2DFAC7
166,82,98,#2DFACA
167,82,98,#2DFACE
168,82,98,#2DFAD1
169,82,98,#2DFAD4
170,82,98,#2DFAD8
171,82,98,#2DFADB
172,82,98,#2DFADF
173,82,98,#2DFAE2
174,82,98,#2DFAE5
175,82,98,#2DFAE9
176,82,98,#2DFAEC
177,82,98,#2DFAF0
178,82,98,#2DFAF3
179,82,98,#2DFAF6
180,82,98,#2DFAFA
181,82,98,#2DF6FA
182,82,98,#2DF3FA
183,82,98,#2DF0FA
184,82,98,#2DECFA
185,82,98,#2DE9FA
186,82,98,#2DE5FA
187,82,98,#2DE2FA
188,82,98,#2DDFFA
189,82,98,#2DDBFA
190,82,98,#2DD8FA
191,82,98,#2DD4FA
192,82,98,#2DD1FA
193,82,98,#2DCEFA
194,82,98,#2DCAFA
195,82,98,#2DC7FA
196,82,98,#2DC3FA
197,82,98,#2DC0FA
198,82,98,#2DBCFA
199,82,98,#2DB9FA
200,82,98,#2DB6FA
201,82,98,#2DB2FA
202,82,98,#2DAFFA
203,82,98,#2DABFA
204,82,98,#2DA8FA
205,82,98,#2DA5FA
206,82,98,#2DA1FA
207,82,98,#2D9EFA
208,82,98,#2D9AFA
209,82,98,#2D97FA
210,82,98,#2D93FA
211,82,98,#2D90FA
212,82,98,#2D8DFA
213,82,98,#2D89FA
214,82,98,#2D86FA
215,82,98,#2D82FA
216,82,98,#2D7FFA
217,82,98,#2D7CFA
218,82,98,#2D78FA
219,82,98,#2D75FA
220,82,98,#2D71FA
221,82,98,#2D6EFA
222,82,98,#2D6AFA
223,82,98,#2D67FA
224,82,98,#2D64FA
225,82,98,#2D60FA
226,82,98,#2D5DFA
227,82,98,#2D59FA
228,82,98,#2D56FA
229,82,98,#2D53FA
230,82,98,#2D4FFA
231,82,98,#2D4CFA
232,82,98,#2D48FA
233,82,98,#2D45FA
234,82,98,#2D41FA
235,82,98,#2D3EFA
236,82,98,#2D3BFA
237,82,98,#2D37FA
238,82,98,#2D34FA
239,82,98,#2D30FA
240,82,98,#2D2DFA
241,82,98,#302DFA
242,82,98,#342DFA
243,82,98,#372DFA
244,82,98,#3B2DFA
245,82,98,#3E2DFA
246,82,98,#412DFA
247,82,98,#452DFA
248,82,98,#482DFA
249,82,98,#4C2DFA
250,82,98,#4F2DFA
251,82,98,#532DFA
252,82,98,#562DFA
253,82,98,#592DFA
254,82,98,#5D2DFA
255,82,98,#602DFA
256,82,98,#642DFA
257,82,98,#672DFA
258,82,98,#6A2DFA
259,82,98,#6E2DFA
260,82,98,#712DFA
261,82,98,#752DFA
262,82,98,#782DFA
263,82,98,#7C2DFA
264,82,98,#7F2DFA
265,82,98,#822DFA
266,82,98,#862DFA
267,82,98,#892DFA
268,82,98,#8D2DFA
269,82,98,#902DFA
270,82,98,#932DFA
271,82,98,#972DFA
272,82,98,#9A2DFA
273,82,98,#9E2DFA
274,82,98,#A12DFA
275,82,98,#A52DFA
276,82,98,#A82DFA
277,82,98,#AB2DFA
278,82,98,#AF2DFA
279,82,98,#B22DFA
280,82,98,#B62DFA
281,82,98,#B92DFA
282,82,98,#BC2DFA
283,82,98,#C02DFA
284,82,98,#C32DFA
285,82,98,#C72DFA
286,82,98,#CA2DFA
287,82,98,#CE2DFA
288,82,98,#D12DFA
289,82,98,#D42DFA
290,82,98,#D82DFA
291,82,98,#DB2DFA
292,82,98,#DF2DFA
293,82,98,#E22DFA
294,82,98,#E52DFA
295,82,98,#E92DFA
296,82,98,#EC2DFA
297,82,98,#F02DFA
298,82,98,#F32DFA
299,82,98,#F62DFA
300,82,98,#FA2DFA
301,82,98,#FA2DF6
302,82,98,#FA2DF3
303,82,98,#FA2DF0
304,82,98,#FA2DEC
305,82,98,#FA2DE9
306,82,98,#FA2DE5
307,82,98,#FA2DE2
308,82,98,#FA2DDF
309,82,98,#FA2DDB
310,82,98,#FA2DD8
311,82,98,#FA2DD4
312,82,98,#FA2DD1
313,82,98,#FA2DCE
314,82,98,#FA2DCA
315,82,98,#FA2DC7
316,82,98,#FA2DC3
317,82,98,#FA2DC0
318,82,98,#FA2DBC
319,82,98,#FA2DB9
320,82,98,#FA2DB6
321,82,98,#FA2DB2
322,82,98,#FA2DAF
323,82,98,#FA2DAB
324,82,98,#FA2DA8
325,82,98,#FA2DA5
326,82,98,#FA2DA1
327,82,98,#FA2D9E
328,82,98,#FA2D9A
329,82,98,#FA2D97
330,82,98,#FA2D93
331,82,98,#FA2D90
332,82,98,#FA2D8D
333,82,98,#FA2D89
334,82,98,#FA2D86
335,82,98,#FA2D82
336,82,98,#FA2D7F
337,82,98,#FA2D7C
338,82,98,#FA2D78
339,82,98,#FA2D75
340,82,98,#FA2D71
341,82,98,#FA2D6E
342,82,98,#FA2D6A
343,82,98,#FA2D67
344,82,98,#FA2D64
345,82,98,#FA2D60
346,82,98,#FA2D5D
347,82,98,#FA2D59
348,82,98,#FA2D56
349,82,98,#FA2D53
350,82,98,#FA2D4F
351,82,98,#FA2D4C
352,82,98,#FA2D48
353,82,98,#FA2D45
354,82,98,#FA2D41
355,82,98,#FA2D3E
356,82,98,#FA2D3B
357,82,98,#FA2D37
358,82,98,#FA2D34
359,82,98,#FA2D30
0,81,98,#FA2F2F
1,81,98,#FA332F
2,81,98,#FA362F
3,81,98,#FA3A2F
4,81,98,#FA3D2F
5,81,98,#FA402F
6,81,98,#FA442F
7,81,98,#FA472F
8,81,98,#FA4A2F
9,81,98,#FA4E2F
10,81,98,#FA512F
11,81,98,#FA552F
12,81,98,#FA582F
13,81,98,#FA5B2F
14,81,98,#FA5F2F
15,81,98,#FA622F
16,81,98,#FA652F
17,81,98,#FA692F
18,81,98,#FA6C2F
19,81,98,#FA702F
20,81,98,#FA732F
21,81,98,#FA762F
22,81,98,#FA7A2F
23,81,98,#FA7D2F
24,81,98,#FA802F
25,81,98,#FA842F
26,81,98,#FA872F
27,81,98,#FA8B2F
28,81,98,#FA8E2F
29,81,98,#FA912F
30,81,98,#FA952F
31,81,98,#FA982F
32,81,98,#FA9B2F
33,81,98,#FA9F2F
34,81,98,#FAA22F
35,81,98,#FAA62F
36,81,98,#FAA92F
37,81,98,#FAAC2F
38,81,98,#FAB02F
39,81,98,#FAB32F
40,81,98,#FAB62F
41,81,98,#FABA2F
42,81,98,#FABD2F
43,81,98,#FAC12F
44,81,98,#FAC42F
45,81,98,#FAC72F
46,81,98,#FACB2F
47,81,98,#FACE2F
48,81,98,#FAD12F
49,81,98,#FAD52F
50,81,98,#FAD82F
51,81,98,#FADC2F
52,81,98,#FADF2F
53,81,98,#FAE22F
54,81,98,#FAE62F
55,81,98,#FAE92F
56,81,98,#FAEC2F
57,81,98,#FAF02F
58,81,98,#FAF32F
59,81,98,#FAF72F
60,81,98,#FAFA2F
61,81,98,#F7FA2F
62,81,98,#F3FA2F
63,81,98,#F0FA2F
64,81,98,#ECFA2F
65,81,98,#E9FA2F
66,81,98,#E6FA2F
67,81,98,#E2FA2F
68,81,98,#DFFA2F
69,81,98,#DCFA2F
70,81,98,#D8FA2F
71,81,98,#D5FA2F
72,81,98,#D1FA2F
73,81,98,#CEFA2F
74,81,98,#CBFA2F
75,81,98,#C7FA2F
76,81,98,#C4FA2F
77,81,98,#C1FA2F
78,81,98,#BDFA2F
79,81,98,#BAFA2F
80,81,98,#B6FA2F
81,81,98,#B3FA2F
82,81,98,#B0FA2F
83,81,98,#ACFA2F
84,81,98,#A9FA2F
85,81,98,#A6FA2F
86,81,98,#A2FA2F
87,81,98,#9FFA2F
88,81,98,#9BFA2F
89,81,98,#98FA2F
90,81,98,#95FA2F
91,81,98,#91FA2F
92,81,98,#8EFA2F
93,81,98,#8BFA2F
94,81,98,#87FA2F
95,81,98,#84FA2F
96,81,98,#80FA2F
97,81,98,#7DFA2F
98,81,98,#7AFA2F
99,81,98,#76FA2F
100,81,98,#73FA2F
101,81,98,#70FA2F
102,81,98,#6CFA2F
103,81,98,#69FA2F
104,81,98,#65FA2F
105,81,98,#62FA2F
106,81,98,#5FFA2F
107,81,98,#5BFA2F
108,81,98,#58FA2F
109,81,98,#55FA2F
110,81,98,#51FA2F
111,81,98,#4EFA2F
112,81,98,#4AFA2F
113,81,98,#47FA2F
114,81,98,#44FA2F
115,81,98,#40FA2F
116,81,98,#3DFA2F
117,81,98,#3AFA2F
118,81,98,#36FA2F
119,81,98,#33FA2F
120,81,98,#2FFA2F
121,81,98,#2FFA33
122,81,98,#2FFA36
123,81,98,#2FFA3A
124,81,98,#2FFA3D
125,81,98,#2FFA40
126,81,98,#2FFA44
127,81,98,#2FFA47
128,81,98,#2FFA4A
129,81,98,#2FFA4E
130,81,98,#2FFA51
131,81,98,#2FFA55
132,81,98,#2FFA58
133,81,98,#2FFA5B
134,81,98,#2FFA5F
135,81,98,#2FFA62
136,81,98,#2FFA65
137,81,98,#2FFA69
138,81,98,#2FFA6C
139,81,98,#2FFA70
140,81,98,#2FFA73
141,81,98,#2FFA76
142,81,98,#2FFA7A
143,81,98,#2FFA7D
144,81,98,#2FFA80
145,81,98,#2FFA84
146,81,98,#2FFA87
147,81,98,#2FFA8B
148,81,98,#2FFA8E
149,81,98,#2FFA91
150,81,98,#2FFA95
151,81,98,#2FFA98
152,81,98,#2FFA9B
153,81,98,#2FFA9F
154,81,98,#2FFAA2
155,81,98,#2FFAA6
156,81,98,#2FFAA9
157,81,98,#2FFAAC
158,81,98,#2FFAB0
159,81,98,#2FFAB3
160,81,98,#2FFAB6
161,81,98,#2FFABA
162,81,98,#2FFABD
163,81,98,#2FFAC1
164,81,98,#2FFAC4
165,81,98,#2FFAC7
166,81,98,#2FFACB
167,81,98,#2FFACE
168,81,98,#2FFAD1
169,81,98,#2FFAD5
170,81,98,#2FFAD8
171,81,98,#2FFADC
172,81,98,#2FFADF
173,81,98,#2FFAE2
174,81,98,#2FFAE6
175,81,98,#2FFAE9
176,81,98,#2FFAEC
177,81,98,#2FFAF0
178,81,98,#2FFAF3
179,81,98,#2FFAF7
180,81,98,#2FFAFA
181,81,98,#2FF7FA
182,81,98,#2FF3FA
183,81,98,#2FF0FA
184,81,98,#2FECFA
185,81,98,#2FE9FA
186,81,98,#2FE6FA
187,81,98,#2FE2FA
188,81,98,#2FDFFA
189,81,98,#2FDCFA
190,81,98,#2FD8FA
191,81,98,#2FD5FA
192,81,98,#2FD1FA
193,81,98,#2FCEFA
194,81,98,#2FCBFA
195,81,98,#2FC7FA
196,81,98,#2FC4FA
197,81,98,#2FC1FA
198,81,98,#2FBDFA
199,81,98,#2FBAFA
200,81,98,#2FB6FA
201,81,98,#2FB3FA
202,81,98,#2FB0FA
203,81,98,#2FACFA
204,81,98,#2FA9FA
205,81,98,#2FA6FA
206,81,98,#2FA2FA
207,81,98,#2F9FFA
208,81,98,#2F9BFA
209,81,98,#2F98FA
210,81,98,#2F95FA
211,81,98,#2F91FA
212,81,98,#2F8EFA
213,81,98,#2F8BFA
214,81,98,#2F87FA
215,81,98,#2F84FA
216,81,98,#2F80FA
217,81,98,#2F7DFA
218,81,98,#2F7AFA
219,81,98,#2F76FA
220,81,98,#2F73FA
221,81,98,#2F70FA
222,81,98,#2F6CFA
223,81,98,#2F69FA
224,81,98,#2F65FA
225,81,98,#2F62FA
226,81,98,#2F5FFA
227,81,98,#2F5BFA
228,81,98,#2F58FA
229,81,98,#2F55FA
230,81,98,#2F51FA
231,81,98,#2F4EFA
232,81,98,#2F4AFA
233,81,98,#2F47FA
234,81,98,#2F44FA
235,81,98,#2F40FA
236,81,98,#2F3DFA
237,81,98,#2F3AFA
238,81,98,#2F36FA
239,81,98,#2F33FA
240,81,98,#2F2FFA
241,81,98,#332FFA
242,81,98,#362FFA
243,81,98,#3A2FFA
244,81,98,#3D2FFA
245,81,98,#402FFA
246,81,98,#442FFA
247,81,98,#472FFA
248,81,98,#4A2FFA
249,81,98,#4E2FFA
250,81,98,#512FFA
251,81,98,#552FFA
252,81,98,#582FFA
253,81,98,#5B2FFA
254,81,98,#5F2FFA
255,81,98,#622FFA
256,81,98,#652FFA
257,81,98,#692FFA
258,81,98,#6C2FFA
259,81,98,#702FFA
260,81,98,#732FFA
261,81,98,#762FFA
262,81,98,#7A2FFA
263,81,98,#7D2FFA
264,81,98,#802FFA
265,81,98,#842FFA
266,81,98,#872FFA
267,81,98,#8B2FFA
268,81,98,#8E2FFA
269,81,98,#912FFA
270,81,98,#952FFA
271,81,98,#982FFA
272,81,98,#9B2FFA
273,81,98,#9F2FFA
274,81,98,#A22FFA
275,81,98,#A62FFA
276,81,98,#A92FFA
277,81,98,#AC2FFA
278,81,98,#B02FFA
279,81,98,#B32FFA
280,81,98,#B62FFA
281,81,98,#BA2FFA
282,81,98,#BD2FFA
283,81,98,#C12FFA
284,81,98,#C42FFA
285,81,98,#C72FFA
286,81,98,#CB2FFA
287,81,98,#CE2FFA
288,81,98,#D12FFA
289,81,98,#D52FFA
290,81,98,#D82FFA
291,81,98,#DC2FFA
292,81,98,#DF2FFA
293,81,98,#E22FFA
294,81,98,#E62FFA
295,81,98,#E92FFA
296,81,98,#EC2FFA
297,81,98,#F02FFA
298,81,98,#F32FFA
299,81,98,#F72FFA
300,81,98,#FA2FFA
301,81,98,#FA2FF7
302,81,98,#FA2FF3
303,81,98,#FA2FF0
304,81,98,#FA2FEC
305,81,98,#FA2FE9
306,81,98,#FA2FE6
307,81,98,#FA2FE2
308,81,98,#FA2FDF
309,81,98,#FA2FDC
310,81,98,#FA2FD8
311,81,98,#FA2FD5
312,81,98,#FA2FD1
313,81,98,#FA2FCE
314,81,98,#FA2FCB
315,81,98,#FA2FC7
316,81,98,#FA2FC4
317,81,98,#FA2FC1
318,81,98,#FA2FBD
319,81,98,#FA2FBA
320,81,98,#FA2FB6
321,81,98,#FA2FB3
322,81,98,#FA2FB0
323,81,98,#FA2FAC
324,81,98,#FA2FA9
325,81,98,#FA2FA6
326,81,98,#FA2FA2
327,81,98,#FA2F9F
328,81,98,#FA2F9B
329,81,98,#FA2F98
330,81,98,#FA2F95
331,81,98,#FA2F91
332,81,98,#FA2F8E
333,81,98,#FA2F8B
334,81,98,#FA2F87
335,81,98,#FA2F84
336,81,98,#FA2F80
337,81,98,#FA2F7D
338,81,98,#FA2F7A
339,81,98,#FA2F76
340,81,98,#FA2F73
341,81,98,#FA2F70
342,81,98,#FA2F6C
343,81,98,#FA2F69
344,81,98,#FA2F65
345,81,98,#FA2F62
346,81,98,#FA2F5F
347,81,98,#FA2F5B
348,81,98,#FA2F58
349,81,98,#FA2F55
350,81,98,#FA2F51
351,81,98,#FA2F4E
352,81,98,#FA2F4A
353,81,98,#FA2F47
354,81,98,#FA2F44
355,81,98,#FA2F40
356,81,98,#FA2F3D
357,81,98,#FA2F3A
358,81,98,#FA2F36
359,81,98,#FA2F33
0,80,98,#FA3232
1,80,98,#FA3532
2,80,98,#FA3932
3,80,98,#FA3C32
4,80,98,#FA3F32
5,80,98,#FA4332
6,80,98,#FA4632
7,80,98,#FA4932
8,80,98,#FA4D32
9,80,98,#FA5032
10,80,98,#FA5332
11,80,98,#FA5732
12,80,98,#FA5A32
13,80,98,#FA5D32
14,80,98,#FA6132
15,80,98,#FA6432
16,80,98,#FA6732
17,80,98,#FA6B32
18,80,98,#FA6E32
19,80,98,#FA7132
20,80,98,#FA7532
21,80,98,#FA7832
22,80,98,#FA7B32
23,80,98,#FA7F32
24,80,98,#FA8232
25,80,98,#FA8532
26,80,98,#FA8932
27,80,98,#FA8C32
28,80,98,#FA8F32
29,80,98,#FA9332
30,80,98,#FA9632
31,80,98,#FA9932
32,80,98,#FA9D32
33,80,98,#FAA032
34,80,98,#FAA332
35,80,98,#FAA732
36,80,98,#FAAA32
37,80,98,#FAAD32
38,80,98,#FAB132
39,80,98,#FAB432
40,80,98,#FAB732
41,80,98,#FABB32
42,80,98,#FABE32
43,80,98,#FAC132
44,80,98,#FAC532
45,80,98,#FAC832
46,80,98,#FACB32
47,80,98,#FACF32
48,80,98,#FAD232
49,80,98,#FAD532
50,80,98,#FAD932
51,80,98,#FADC32
52,80,98,#FADF32
53,80,98,#FAE332
54,80,98,#FAE632
55,80,98,#FAE932
56,80,98,#FAED32
57,80,98,#FAF032
58,80,98,#FAF332
59,80,98,#FAF732
60,80,98,#FAFA32
61,80,98,#F7FA32
62,80,98,#F3FA32
63,80,98,#F0FA32
64,80,98,#EDFA32
65,80,98,#E9FA32
66,80,98,#E6FA32
67,80,98,#E3FA32
68,80,98,#DFFA32
69,80,98,#DCFA32
70,80,98,#D9FA32
71,80,98,#D5FA32
72,80,98,#D2FA32
73,80,98,#CFFA32
74,80,98,#CBFA32
75,80,98,#C8FA32
76,80,98,#C5FA32
77,80,98,#C1FA32
78,80,98,#BEFA32
79,80,98,#BBFA32
80,80,98,#B7FA32
81,80,98,#B4FA32
82,80,98,#B1FA32
83,80,98,#ADFA32
84,80,98,#AAFA32
85,80,98,#A7FA32
86,80,98,#A3FA32
87,80,98,#A0FA32
88,80,98,#9DFA32
89,80,98,#99FA32
90,80,98,#96FA32
91,80,98,#93FA32
92,80,98,#8FFA32
93,80,98,#8CFA32
94,80,98,#89FA32
95,80,98,#85FA32
96,80,98,#82FA32
97,80,98,#7FFA32
98,80,98,#7BFA32
99,80,98,#78FA32
100,80,98,#75FA32
101,80,98,#71FA32
102,80,98,#6EFA32
103,80,98,#6BFA32
104,80,98,#67FA32
105,80,98,#64FA32
106,80,98,#61FA32
107,80,98,#5DFA32
108,80,98,#5AFA32
109,80,98,#57FA32
110,80,98,#53FA32
111,80,98,#50FA32
112,80,98,#4DFA32
113,80,98,#49FA32
114,80,98,#46FA32
115,80,98,#43FA32
116,80,98,#3FFA32
117,80,98,#3CFA32
118,80,98,#39FA32
119,80,98,#35FA32
120,80,98,#32FA32
121,80,98,#32FA35
122,80,98,#32FA39
123,80,98,#32FA3C
124,80,98,#32FA3F
125,80,98,#32FA43
126,80,98,#32FA46
127,80,98,#32FA49
128,80,98,#32FA4D
129,80,98,#32FA50
130,80,98,#32FA53
131,80,98,#32FA57
132,80,98,#32FA5A
133,80,98,#32FA5D
134,80,98,#32FA61
135,80,98,#32FA64
136,80,98,#32FA67
137,80,98,#32FA6B
138,80,98,#32FA6E
139,80,98,#32FA71
140,80,98,#32FA75
141,80,98,#32FA78
142,80,98,#32FA7B
143,80,98,#32FA7F
144,80,98,#32FA82
145,80,98,#32FA85
146,80,98,#32FA89
147,80,98,#32FA8C
148,80,98,#32FA8F
149,80,98,#32FA93
150,80,98,#32FA96
151,80,98,#32FA99
152,80,98,#32FA9D
153,80,98,#32FAA0
154,80,98,#32FAA3
155,80,98,#32FAA7
156,80,98,#32FAAA
157,80,98,#32FAAD
158,80,98,#32FAB1
159,80,98,#32FAB4
160,80,98,#32FAB7
161,80,98,#32FABB
162,80,98,#32FABE
163,80,98,#32FAC1
164,80,98,#32FAC5
165,80,98,#32FAC8
166,80,98,#32FACB
167,80,98,#32FACF
168,80,98,#32FAD2
169,80,98,#32FAD5
170,80,98,#32FAD9
171,80,98,#32FADC
172,80,98,#32FADF
173,80,98,#32FAE3
174,80,98,#32FAE6
175,80,98,#32FAE9
176,80,98,#32FAED
177,80,98,#32FAF0
178,80,98,#32FAF3
179,80,98,#32FAF7
180,80,98,#32FAFA
181,80,98,#32F7FA
182,80,98,#32F3FA
183,80,98,#32F0FA
184,80,98,#32EDFA
185,80,98,#32E9FA
186,80,98,#32E6FA
187,80,98,#32E3FA
188,80,98,#32DFFA
189,80,98,#32DCFA
190,80,98,#32D9FA
191,80,98,#32D5FA
192,80,98,#32D2FA
193,80,98,#32CFFA
194,80,98,#32CBFA
195,80,98,#32C8FA
196,80,98,#32C5FA
197,80,98,#32C1FA
198,80,98,#32BEFA
199,80,98,#32BBFA
200,80,98,#32B7FA
201,80,98,#32B4FA
202,80,98,#32B1FA
203,80,98,#32ADFA
204,80,98,#32AAFA
205,80,98,#32A7FA
206,80,98,#32A3FA
207,80,98,#32A0FA
208,80,98,#329DFA
209,80,98,#3299FA
210,80,98,#3296FA
211,80,98,#3293FA
212,80,98,#328FFA
213,80,98,#328CFA
214,80,98,#3289FA
215,80,98,#3285FA
216,80,98,#3282FA
217,80,98,#327FFA
218,80,98,#327BFA
219,80,98,#3278FA
220,80,98,#3275FA
221,80,98,#3271FA
222,80,98,#326EFA
223,80,98,#326BFA
224,80,98,#3267FA
225,80,98,#3264FA
226,80,98,#3261FA
227,80,98,#325DFA
228,80,98,#325AFA
229,80,98,#3257FA
230,80,98,#3253FA
231,80,98,#3250FA
232,80,98,#324DFA
233,80,98,#3249FA
234,80,98,#3246FA
235,80,98,#3243FA
236,80,98,#323FFA
237,80,98,#323CFA
238,80,98,#3239FA
239,80,98,#3235FA
240,80,98,#3232FA
241,80,98,#3532FA
242,80,98,#3932FA
243,80,98,#3C32FA
244,80,98,#3F32FA
245,80,98,#4332FA
246,80,98,#4632FA
247,80,98,#4932FA
248,80,98,#4D32FA
249,80,98,#5032FA
250,80,98,#5332FA
251,80,98,#5732FA
252,80,98,#5A32FA
253,80,98,#5D32FA
254,80,98,#6132FA
255,80,98,#6432FA
256,80,98,#6732FA
257,80,98,#6B32FA
258,80,98,#6E32FA
259,80,98,#7132FA
260,80,98,#7532FA
261,80,98,#7832FA
262,80,98,#7B32FA
263,80,98,#7F32FA
264,80,98,#8232FA
265,80,98,#8532FA
266,80,98,#8932FA
267,80,98,#8C32FA
268,80,98,#8F32FA
269,80,98,#9332FA
270,80,98,#9632FA
271,80,98,#9932FA
272,80,98,#9D32FA
273,80,98,#A032FA
274,80,98,#A332FA
275,80,98,#A732FA
276,80,98,#AA32FA
277,80,98,#AD32FA
278,80,98,#B132FA
279,80,98,#B432FA
280,80,98,#B732FA
281,80,98,#BB32FA
282,80,98,#BE32FA
283,80,98,#C132FA
284,80,98,#C532FA
285,80,98,#C832FA
286,80,98,#CB32FA
287,80,98,#CF32FA
288,80,98,#D232FA
289,80,98,#D532FA
290,80,98,#D932FA
291,80,98,#DC32FA
292,80,98,#DF32FA
293,80,98,#E332FA
294,80,98,#E632FA
295,80,98,#E932FA
296,80,98,#ED32FA
297,80,98,#F032FA
298,80,98,#F332FA
299,80,98,#F732FA
300,80,98,#FA32FA
301,80,98,#FA32F7
302,80,98,#FA32F3
303,80,98,#FA32F0
304,80,98,#FA32ED
305,80,98,#FA32E9
306,80,98,#FA32E6
307,80,98,#FA32E3
308,80,98,#FA32DF
309,80,98,#FA32DC
310,80,98,#FA32D9
311,80,98,#FA32D5
312,80,98,#FA32D2
313,80,98,#FA32CF
314,80,98,#FA32CB
315,80,98,#FA32C8
316,80,98,#FA32C5
317,80,98,#FA32C1
318,80,98,#FA32BE
319,80,98,#FA32BB
320,80,98,#FA32B7
321,80,98,#FA32B4
322,80,98,#FA32B1
323,80,98,#FA32AD
324,80,98,#FA32AA
325,80,98,#FA32A7
326,80,98,#FA32A3
327,80,98,#FA32A0
328,80,98,#FA329D
329,80,98,#FA3299
330,80,98,#FA3296
331,80,98,#FA3293
332,80,98,#FA328F
333,80,98,#FA328C
334,80,98,#FA3289
335,80,98,#FA3285
336,80,98,#FA3282
337,80,98,#FA327F
338,80,98,#FA327B
339,80,98,#FA3278
340,80,98,#FA3275
341,80,98,#FA3271
342,80,98,#FA326E
343,80,98,#FA326B
344,80,98,#FA3267
345,80,98,#FA3264
346,80,98,#FA3261
347,80,98,#FA325D
348,80,98,#FA325A
349,80,98,#FA3257
350,80,98,#FA3253
351,80,98,#FA3250
352,80,98,#FA324D
353,80,98,#FA3249
354,80,98,#FA3246
355,80,98,#FA3243
356,80,98,#FA323F
357,80,98,#FA323C
358,80,98,#FA3239
359,80,98,#FA3235
0,79,98,#FA3434
1,79,98,#FA3834
2,79,98,#FA3B34
3,79,98,#FA3E34
4,79,98,#FA4234
5,79,98,#FA4534
6,79,98,#FA4834
7,79,98,#FA4C34
8,79,98,#FA4F34
9,79,98,#FA5234
10,79,98,#FA5534
11,79,98,#FA5934
12,79,98,#FA5C34
13,79,98,#FA5F34
14,79,98,#FA6334
15,79,98,#FA6634
16,79,98,#FA6934
17,79,98,#FA6C34
18,79,98,#FA7034
19,79,98,#FA7334
20,79,98,#FA7634
21,79,98,#FA7A34
22,79,98,#FA7D34
23,79,98,#FA8034
24,79,98,#FA8334
25,79,98,#FA8734
26,79,98,#FA8A34
27,79,98,#FA8D34
28,79,98,#FA9134
29,79,98,#FA9434
30,79,98,#FA9734
31,79,98,#FA9A34
32,79,98,#FA9E34
33,79,98,#FAA134
34,79,98,#FAA434
35,79,98,#FAA834
36,79,98,#FAAB34
37,79,98,#FAAE34
38,79,98,#FAB234
39,79,98,#FAB534
40,79,98,#FAB834
41,79,98,#FABB34
42,79,98,#FABF34
43,79,98,#FAC234
44,79,98,#FAC534
45,79,98,#FAC934
46,79,98,#FACC34
47,79,98,#FACF34
48,79,98,#FAD234
49,79,98,#FAD634
50,79,98,#FAD934
51,79,98,#FADC34
52,79,98,#FAE034
53,79,98,#FAE334
54,79,98,#FAE634
55,79,98,#FAE934
56,79,98,#FAED34
57,79,98,#FAF034
58,79,98,#FAF334
59,79,98,#FAF734
60,79,98,#FAFA34
61,79,98,#F7FA34
62,79,98,#F3FA34
63,79,98,#F0FA34
64,79,98,#EDFA34
65,79,98,#E9FA34
66,79,98,#E6FA34
67,79,98,#E3FA34
68,79,98,#E0FA34
69,79,98,#DCFA34
70,79,98,#D9FA34
71,79,98,#D6FA34
72,79,98,#D2FA34
73,79,98,#CFFA34
74,79,98,#CCFA34
75,79,98,#C9FA34
76,79,98,#C5FA34
77,79,98,#C2FA34
78,79,98,#BFFA34
79,79,98,#BBFA34
80,79,98,#B8FA34
81,79,98,#B5FA34
82,79,98,#B2FA34
83,79,98,#AEFA34
84,79,98,#ABFA34
85,79,98,#A8FA34
86,79,98,#A4FA34
87,79,98,#A1FA34
88,79,98,#9EFA34
89,79,98,#9AFA34
90,79,98,#97FA34
91,79,98,#94FA34
92,79,98,#91FA34
93,79,98,#8DFA34
94,79,98,#8AFA34
95,79,98,#87FA34
96,79,98,#83FA34
97,79,98,#80FA34
98,79,98,#7DFA34
99,79,98,#7AFA34
100,79,98,#76FA34
101,79,98,#73FA34
102,79,98,#70FA34
103,79,98,#6CFA34
104,79,98,#69FA34
105,79,98,#66FA34
106,79,98,#63FA34
107,79,98,#5FFA34
108,79,98,#5CFA34
109,79,98,#59FA34
110,79,98,#55FA34
111,79,98,#52FA34
112,79,98,#4FFA34
113,79,98,#4CFA34
114,79,98,#48FA34
115,79,98,#45FA34
116,79,98,#42FA34
117,79,98,#3EFA34
118,79,98,#3BFA34
119,79,98,#38FA34
120,79,98,#34FA34
121,79,98,#34FA38
122,79,98,#34FA3B
123,79,98,#34FA3E
124,79,98,#34FA42
125,79,98,#34FA45
126,79,98,#34FA48
127,79,98,#34FA4C
128,79,98,#34FA4F
129,79,98,#34FA52
130,79,98,#34FA55
131,79,98,#34FA59
132,79,98,#34FA5C
133,79,98,#34FA5F
134,79,98,#34FA63
135,79,98,#34FA66
136,79,98,#34FA69
137,79,98,#34FA6C
138,79,98,#34FA70
139,79,98,#34FA73
140,79,98,#34FA76
141,79,98,#34FA7A
142,79,98,#34FA7D
143,79,98,#34FA80
144,79,98,#34FA83
145,79,98,#34FA87
146,79,98,#34FA8A
147,79,98,#34FA8D
148,79,98,#34FA91
149,79,98,#34FA94
150,79,98,#34FA97
151,79,98,#34FA9A
152,79,98,#34FA9E
153,79,98,#34FAA1
154,79,98,#34FAA4
155,79,98,#34FAA8
156,79,98,#34FAAB
157,79,98,#34FAAE
158,79,98,#34FAB2
159,79,98,#34FAB5
160,79,98,#34FAB8
161,79,98,#34FABB
162,79,98,#34FABF
163,79,98,#34FAC2
164,79,98,#34FAC5
165,79,98,#34FAC9
166,79,98,#34FACC
167,79,98,#34FACF
168,79,98,#34FAD2
169,79,98,#34FAD6
170,79,98,#34FAD9
171,79,98,#34FADC
172,79,98,#34FAE0
173,79,98,#34FAE3
174,79,98,#34FAE6
175,79,98,#34FAE9
176,79,98,#34FAED
177,79,98,#34FAF0
178,79,98,#34FAF3
179,79,98,#34FAF7
180,79,98,#34FAFA
181,79,98,#34F7FA
182,79,98,#34F3FA
183,79,98,#34F0FA
184,79,98,#34EDFA
185,79,98,#34E9FA
186,79,98,#34E6FA
187,79,98,#34E3FA
188,79,98,#34E0FA
189,79,98,#34DCFA
190,79,98,#34D9FA
191,79,98,#34D6FA
192,79,98,#34D2FA
193,79,98,#34CFFA
194,79,98,#34CCFA
195,79,98,#34C9FA
196,79,98,#34C5FA
197,79,98,#34C2FA
198,79,98,#34BFFA
199,79,98,#34BBFA
200,79,98,#34B8FA
201,79,98,#34B5FA
202,79,98,#34B2FA
203,79,98,#34AEFA
204,79,98,#34ABFA
205,79,98,#34A8FA
206,79,98,#34A4FA
207,79,98,#34A1FA
208,79,98,#349EFA
209,79,98,#349AFA
210,79,98,#3497FA
211,79,98,#3494FA
212,79,98,#3491FA
213,79,98,#348DFA
214,79,98,#348AFA
215,79,98,#3487FA
216,79,98,#3483FA
217,79,98,#3480FA
218,79,98,#347DFA
219,79,98,#347AFA
220,79,98,#3476FA
221,79,98,#3473FA
222,79,98,#3470FA
223,79,98,#346CFA
224,79,98,#3469FA
225,79,98,#3466FA
226,79,98,#3463FA
227,79,98,#345FFA
228,79,98,#345CFA
229,79,98,#3459FA
230,79,98,#3455FA
231,79,98,#3452FA
232,79,98,#344FFA
233,79,98,#344CFA
234,79,98,#3448FA
235,79,98,#3445FA
236,79,98,#3442FA
237,79,98,#343EFA
238,79,98,#343BFA
239,79,98,#3438FA
240,79,98,#3434FA
241,79,98,#3834FA
242,79,98,#3B34FA
243,79,98,#3E34FA
244,79,98,#4234FA
245,79,98,#4534FA
246,79,98,#4834FA
247,79,98,#4C34FA
248,79,98,#4F34FA
249,79,98,#5234FA
250,79,98,#5534FA
251,79,98,#5934FA
252,79,98,#5C34FA
253,79,98,#5F34FA
254,79,98,#6334FA
255,79,98,#6634FA
256,79,98,#6934FA
257,79,98,#6C34FA
258,79,98,#7034FA
259,79,98,#7334FA
260,79,98,#7634FA
261,79,98,#7A34FA
262,79,98,#7D34FA
263,79,98,#8034FA
264,79,98,#8334FA
265,79,98,#8734FA
266,79,98,#8A34FA
267,79,98,#8D34FA
268,79,98,#9134FA
269,79,98,#9434FA
270,79,98,#9734FA
271,79,98,#9A34FA
272,79,98,#9E34FA
273,79,98,#A134FA
274,79,98,#A434FA
275,79,98,#A834FA
276,79,98,#AB34FA
277,79,98,#AE34FA
278,79,98,#B234FA
279,79,98,#B534FA
280,79,98,#B834FA
281,79,98,#BB34FA
282,79,98,#BF34FA
283,79,98,#C234FA
284,79,98,#C534FA
285,79,98,#C934FA
286,79,98,#CC34FA
287,79,98,#CF34FA
288,79,98,#D234FA
289,79,98,#D634FA
290,79,98,#D934FA
291,79,98,#DC34FA
292,79,98,#E034FA
293,79,98,#E334FA
294,79,98,#E634FA
295,79,98,#E934FA
296,79,98,#ED34FA
297,79,98,#F034FA
298,79,98,#F334FA
299,79,98,#F734FA
300,79,98,#FA34FA
301,79,98,#FA34F7
302,79,98,#FA34F3
303,79,98,#FA34F0
304,79,98,#FA34ED
305,79,98,#FA34E9
306,79,98,#FA34E6
307,79,98,#FA34E3
308,79,98,#FA34E0
309,79,98,#FA34DC
310,79,98,#FA34D9
311,79,98,#FA34D6
312,79,98,#FA34D2
313,79,98,#FA34CF
314,79,98,#FA34CC
315,79,98,#FA34C9
316,79,98,#FA34C5
317,79,98,#FA34C2
318,79,98,#FA34BF
319,79,98,#FA34BB
320,79,98,#FA34B8
321,79,98,#FA34B5
322,79,98,#FA34B2
323,79,98,#FA34AE
324,79,98,#FA34AB
325,79,98,#FA34A8
326,79,98,#FA34A4
327,79,98,#FA34A1
328,79,98,#FA349E
329,79,98,#FA349A
330,79,98,#FA3497
331,79,98,#FA3494
332,79,98,#FA3491
333,79,98,#FA348D
334,79,98,#FA348A
335,79,98,#FA3487
336,79,98,#FA3483
337,79,98,#FA3480
338,79,98,#FA347D
339,79,98,#FA347A
340,79,98,#FA3476
341,79,98,#FA3473
342,79,98,#FA3470
343,79,98,#FA346C
344,79,98,#FA3469
345,79,98,#FA3466
346,79,98,#FA3463
347,79,98,#FA345F
348,79,98,#FA345C
349,79,98,#FA3459
350,79,98,#FA3455
351,79,98,#FA3452
352,79,98,#FA344F
353,79,98,#FA344C
354,79,98,#FA3448
355,79,98,#FA3445
356,79,98,#FA3442
357,79,98,#FA343E
358,79,98,#FA343B
359,79,98,#FA3438
0,78,98,#FA3737
1,78,98,#FA3A37
2,78,98,#FA3D37
3,78,98,#FA4137
4,78,98,#FA4437
5,78,98,#FA4737
6,78,98,#FA4A37
7,78,98,#FA4E37
8,78,98,#FA5137
9,78,98,#FA5437
10,78,98,#FA5737
11,78,98,#FA5B37
12,78,98,#FA5E37
13,78,98,#FA6137
14,78,98,#FA6437
15,78,98,#FA6837
16,78,98,#FA6B37
17,78,98,#FA6E37
18,78,98,#FA7137
19,78,98,#FA7537
20,78,98,#FA7837
21,78,98,#FA7B37
22,78,98,#FA7E37
23,78,98,#FA8237
24,78,98,#FA8537
25,78,98,#FA8837
26,78,98,#FA8B37
27,78,98,#FA8F37
28,78,98,#FA9237
29,78,98,#FA9537
30,78,98,#FA9837
31,78,98,#FA9C37
32,78,98,#FA9F37
33,78,98,#FAA237
34,78,98,#FAA537
35,78,98,#FAA937
36,78,98,#FAAC37
37,78,98,#FAAF37
38,78,98,#FAB237
39,78,98,#FAB637
40,78,98,#FAB937
41,78,98,#FABC37
42,78,98,#FABF37
43,78,98,#FAC337
44,78,98,#FAC637
45,78,98,#FAC937
46,78,98,#FACC37
47,78,98,#FAD037
48,78,98,#FAD337
49,78,98,#FAD637
50,78,98,#FAD937
51,78,98,#FADD37
52,78,98,#FAE037
53,78,98,#FAE337
54,78,98,#FAE637
55,78,98,#FAEA37
56,78,98,#FAED37
57,78,98,#FAF037
58,78,98,#FAF337
59,78,98,#FAF737
60,78,98,#FAFA37
61,78,98,#F7FA37
62,78,98,#F3FA37
63,78,98,#F0FA37
64,78,98,#EDFA37
65,78,98,#EAFA37
66,78,98,#E6FA37
67,78,98,#E3FA37
68,78,98,#E0FA37
69,78,98,#DDFA37
70,78,98,#D9FA37
71,78,98,#D6FA37
72,78,98,#D3FA37
73,78,98,#D0FA37
74,78,98,#CCFA37
75,78,98,#C9FA37
76,78,98,#C6FA37
77,78,98,#C3FA37
78,78,98,#BFFA37
79,78,98,#BCFA37
80,78,98,#B9FA37
81,78,98,#B6FA37
82,78,98,#B2FA37
83,78,98,#AFFA37
84,78,98,#ACFA37
85,78,98,#A9FA37
86,78,98,#A5FA37
87,78,98,#A2FA37
88,78,98,#9FFA37
89,78,98,#9CFA37
90,78,98,#98FA37
91,78,98,#95FA37
92,78,98,#92FA37
93,78,98,#8FFA37
94,78,98,#8BFA37
95,78,98,#88FA37
96,78,98,#85FA37
97,78,98,#82FA37
98,78,98,#7EFA37
99,78,98,#7BFA37
100,78,98,#78FA37
101,78,98,#75FA37
102,78,98,#71FA37
103,78,98,#6EFA37
104,78,98,#6BFA37
105,78,98,#68FA37
106,78,98,#64FA37
107,78,98,#61FA37
108,78,98,#5EFA37
109,78,98,#5BFA37
110,78,98,#57FA37
111,78,98,#54FA37
112,78,98,#51FA37
113,78,98,#4EFA37
114,78,98,#4AFA37
115,78,98,#47FA37
116,78,98,#44FA37
117,78,98,#41FA37
118,78,98,#3DFA37
119,78,98,#3AFA37
120,78,98,#37FA37
121,78,98,#37FA3A
122,78,98,#37FA3D
123,78,98,#37FA41
124,78,98,#37FA44
125,78,98,#37FA47
126,78,98,#37FA4A
127,78,98,#37FA4E
128,78,98,#37FA51
129,78,98,#37FA54
130,78,98,#37FA57
131,78,98,#37FA5B
132,78,98,#37FA5E
133,78,98,#37FA61
134,78,98,#37FA64
135,78,98,#37FA68
136,78,98,#37FA6B
137,78,98,#37FA6E
138,78,98,#37FA71
139,78,98,#37FA75
140,78,98,#37FA78
141,78,98,#37FA7B
142,78,98,#37FA7E
143,78,98,#37FA82
144,78,98,#37FA85
145,78,98,#37FA88
146,78,98,#37FA8B
147,78,98,#37FA8F
148,78,98,#37FA92
149,78,98,#37FA95
150,78,98,#37FA98
151,78,98,#37FA9C
152,78,98,#37FA9F
153,78,98,#37FAA2
154,78,98,#37FAA5
155,78,98,#37FAA9
156,78,98,#37FAAC
157,78,98,#37FAAF
158,78,98,#37FAB2
159,78,98,#37FAB6
160,78,98,#37FAB9
161,78,98,#37FABC
162,78,98,#37FABF
163,78,98,#37FAC3
164,78,98,#37FAC6
165,78,98,#37FAC9
166,78,98,#37FACC
167,78,98,#37FAD0
168,78,98,#37FAD3
169,78,98,#37FAD6
170,78,98,#37FAD9
171,78,98,#37FADD
172,78,98,#37FAE0
173,78,98,#37FAE3
174,78,98,#37FAE6
175,78,98,#37FAEA
176,78,98,#37FAED
177,78,98,#37FAF0
178,78,98,#37FAF3
179,78,98,#37FAF7
180,78,98,#37FAFA
181,78,98,#37F7FA
182,78,98,#37F3FA
183,78,98,#37F0FA
184,78,98,#37EDFA
185,78,98,#37EAFA
186,78,98,#37E6FA
187,78,98,#37E3FA
188,78,98,#37E0FA
189,78,98,#37DDFA
190,78,98,#37D9FA
191,78,98,#37D6FA
192,78,98,#37D3FA
193,78,98,#37D0FA
194,78,98,#37CCFA
195,78,98,#37C9FA
196,78,98,#37C6FA
197,78,98,#37C3FA
198,78,98,#37BFFA
199,78,98,#37BCFA
200,78,98,#37B9FA
201,78,98,#37B6FA
202,78,98,#37B2FA
203,78,98,#37AFFA
204,78,98,#37ACFA
205,78,98,#37A9FA
206,78,98,#37A5FA
207,78,98,#37A2FA
208,78,98,#379FFA
209,78,98,#379CFA
210,78,98,#3798FA
211,78,98,#3795FA
212,78,98,#3792FA
213,78,98,#378FFA
214,78,98,#378BFA
215,78,98,#3788FA
216,78,98,#3785FA
217,78,98,#3782FA
218,78,98,#377EFA
219,78,98,#377BFA
220,78,98,#3778FA
221,78,98,#3775FA
222,78,98,#3771FA
223,78,98,#376EFA
224,78,98,#376BFA
225,78,98,#3768FA
226,78,98,#3764FA
227,78,98,#3761FA
228,78,98,#375EFA
229,78,98,#375BFA
230,78,98,#3757FA
231,78,98,#3754FA
232,78,98,#3751FA
233,78,98,#374EFA
234,78,98,#374AFA
235,78,98,#3747FA
236,78,98,#3744FA
237,78,98,#3741FA
238,78,98,#373DFA
239,78,98,#373AFA
240,78,98,#3737FA
241,78,98,#3A37FA
242,78,98,#3D37FA
243,78,98,#4137FA
244,78,98,#4437FA
245,78,98,#4737FA
246,78,98,#4A37FA
247,78,98,#4E37FA
248,78,98,#5137FA
249,78,98,#5437FA
250,78,98,#5737FA
251,78,98,#5B37FA
252,78,98,#5E37FA
253,78,98,#6137FA
254,78,98,#6437FA
255,78,98,#6837FA
256,78,98,#6B37FA
257,78,98,#6E37FA
258,78,98,#7137FA
259,78,98,#7537FA
260,78,98,#7837FA
261,78,98,#7B37FA
262,78,98,#7E37FA
263,78,98,#8237FA
264,78,98,#8537FA
265,78,98,#8837FA
266,78,98,#8B37FA
267,78,98,#8F37FA
268,78,98,#9237FA
269,78,98,#9537FA
270,78,98,#9837FA
271,78,98,#9C37FA
272,78,98,#9F37FA
273,78,98,#A237FA
274,78,98,#A537FA
275,78,98,#A937FA
276,78,98,#AC37FA
277,78,98,#AF37FA
278,78,98,#B237FA
279,78,98,#B637FA
280,78,98,#B937FA
281,78,98,#BC37FA
282,78,98,#BF37FA
283,78,98,#C337FA
284,78,98,#C637FA
285,78,98,#C937FA
286,78,98,#CC37FA
287,78,98,#D037FA
288,78,98,#D337FA
289,78,98,#D637FA
290,78,98,#D937FA
291,78,98,#DD37FA
292,78,98,#E037FA
293,78,98,#E337FA
294,78,98,#E637FA
295,78,98,#EA37FA
296,78,98,#ED37FA
297,78,98,#F037FA
298,78,98,#F337FA
299,78,98,#F737FA
300,78,98,#FA37FA
301,78,98,#FA37F7
302,78,98,#FA37F3
303,78,98,#FA37F0
304,78,98,#FA37ED
305,78,98,#FA37EA
306,78,98,#FA37E6
307,78,98,#FA37E3
308,78,98,#FA37E0
309,78,98,#FA37DD
310,78,98,#FA37D9
311,78,98,#FA37D6
312,78,98,#FA37D3
313,78,98,#FA37D0
314,78,98,#FA37CC
315,78,98,#FA37C9
316,78,98,#FA37C6
317,78,98,#FA37C3
318,78,98,#FA37BF
319,78,98,#FA37BC
320,78,98,#FA37B9
321,78,98,#FA37B6
322,78,98,#FA37B2
323,78,98,#FA37AF
324,78,98,#FA37AC
325,78,98,#FA37A9
326,78,98,#FA37A5
327,78,98,#FA37A2
328,78,98,#FA379F
329,78,98,#FA379C
330,78,98,#FA3798
331,78,98,#FA3795
332,78,98,#FA3792
333,78,98,#FA378F
334,78,98,#FA378B
335,78,98,#FA3788
336,78,98,#FA3785
337,78,98,#FA3782
338,78,98,#FA377E
339,78,98,#FA377B
340,78,98,#FA3778
341,78,98,#FA3775
342,78,98,#FA3771
343,78,98,#FA376E
344,78,98,#FA376B
345,78,98,#FA3768
346,78,98,#FA3764
347,78,98,#FA3761
348,78,98,#FA375E
349,78,98,#FA375B
350,78,98,#FA3757
351,78,98,#FA3754
352,78,98,#FA3751
353,78,98,#FA374E
354,78,98,#FA374A
355,78,98,#FA3747
356,78,98,#FA3744
357,78,98,#FA3741
358,78,98,#FA373D
359,78,98,#FA373A
0,77,98,#FA3939
1,77,98,#FA3D39
2,77,98,#FA4039
3,77,98,#FA4339
4,77,98,#FA4639
5,77,98,#FA4A39
6,77,98,#FA4D39
7,77,98,#FA5039
8,77,98,#FA5339
9,77,98,#FA5639
10,77,98,#FA5A39
11,77,98,#FA5D39
12,77,98,#FA6039
13,77,98,#FA6339
14,77,98,#FA6639
15,77,98,#FA6A39
16,77,98,#FA6D39
17,77,98,#FA7039
18,77,98,#FA7339
19,77,98,#FA7639
20,77,98,#FA7A39
21,77,98,#FA7D39
22,77,98,#FA8039
23,77,98,#FA8339
24,77,98,#FA8639
25,77,98,#FA8A39
26,77,98,#FA8D39
27,77,98,#FA9039
28,77,98,#FA9339
29,77,98,#FA9639
30,77,98,#FA9A39
31,77,98,#FA9D39
32,77,98,#FAA039
33,77,98,#FAA339
34,77,98,#FAA739
35,77,98,#FAAA39
36,77,98,#FAAD39
37,77,98,#FAB039
38,77,98,#FAB339
39,77,98,#FAB739
40,77,98,#FABA39
41,77,98,#FABD39
42,77,98,#FAC039
43,77,98,#FAC339
44,77,98,#FAC739
45,77,98,#FACA39
46,77,98,#FACD39
47,77,98,#FAD039
48,77,98,#FAD339
49,77,98,#FAD739
50,77,98,#FADA39
51,77,98,#FADD39
52,77,98,#FAE039
53,77,98,#FAE339
54,77,98,#FAE739
55,77,98,#FAEA39
56,77,98,#FAED39
57,77,98,#FAF039
58,77,98,#FAF339
59,77,98,#FAF739
60,77,98,#FAFA39
61,77,98,#F7FA39
62,77,98,#F3FA39
63,77,98,#F0FA39
64,77,98,#EDFA39
65,77,98,#EAFA39
66,77,98,#E7FA39
67,77,98,#E3FA39
68,77,98,#E0FA39
69,77,98,#DDFA39
70,77,98,#DAFA39
71,77,98,#D7FA39
72,77,98,#D3FA39
73,77,98,#D0FA39
74,77,98,#CDFA39
75,77,98,#CAFA39
76,77,98,#C7FA39
77,77,98,#C3FA39
78,77,98,#C0FA39
79,77,98,#BDFA39
80,77,98,#BAFA39
81,77,98,#B7FA39
82,77,98,#B3FA39
83,77,98,#B0FA39
84,77,98,#ADFA39
85,77,98,#AAFA39
86,77,98,#A7FA39
87,77,98,#A3FA39
88,77,98,#A0FA39
89,77,98,#9DFA39
90,77,98,#9AFA39
91,77,98,#96FA39
92,77,98,#93FA39
93,77,98,#90FA39
94,77,98,#8DFA39
95,77,98,#8AFA39
96,77,98,#86FA39
97,77,98,#83FA39
98,77,98,#80FA39
99,77,98,#7DFA39
100,77,98,#7AFA39
101,77,98,#76FA39
102,77,98,#73FA39
103,77,98,#70FA39
104,77,98,#6DFA39
105,77,98,#6AFA39
106,77,98,#66FA39
107,77,98,#63FA39
108,77,98,#60FA39
109,77,98,#5DFA39
110,77,98,#5AFA39
111,77,98,#56FA39
112,77,98,#53FA39
113,77,98,#50FA39
114,77,98,#4DFA39
115,77,98,#4AFA39
116,77,98,#46FA39
117,77,98,#43FA39
118,77,98,#40FA39
119,77,98,#3DFA39
120,77,98,#39FA39
121,77,98,#39FA3D
122,77,98,#39FA40
123,77,98,#39FA43
124,77,98,#39FA46
125,77,98,#39FA4A
126,77,98,#39FA4D
127,77,98,#39FA50
128,77,98,#39FA53
129,77,98,#39FA56
130,77,98,#39FA5A
131,77,98,#39FA5D
132,77,98,#39FA60
133,77,98,#39FA63
134,77,98,#39FA66
135,77,98,#39FA6A
136,77,98,#39FA6D
137,77,98,#39FA70
138,77,98,#39FA73
139,77,98,#39FA76
140,77,98,#39FA7A
141,77,98,#39FA7D
142,77,98,#39FA80
143,77,98,#39FA83
144,77,98,#39FA86
145,77,98,#39FA8A
146,77,98,#39FA8D
147,77,98,#39FA90
148,77,98,#39FA93
149,77,98,#39FA96
150,77,98,#39FA9A
151,77,98,#39FA9D
152,77,98,#39FAA0
153,77,98,#39FAA3
154,77,98,#39FAA7
155,77,98,#39FAAA
156,77,98,#39FAAD
157,77,98,#39FAB0
158,77,98,#39FAB3
159,77,98,#39FAB7
160,77,98,#39FABA
161,77,98,#39FABD
162,77,98,#39FAC0
163,77,98,#39FAC3
164,77,98,#39FAC7
165,77,98,#39FACA
166,77,98,#39FACD
167,77,98,#39FAD0
168,77,98,#39FAD3
169,77,98,#39FAD7
170,77,98,#39FADA
171,77,98,#39FADD
172,77,98,#39FAE0
173,77,98,#39FAE3
174,77,98,#39FAE7
175,77,98,#39FAEA
176,77,98,#39FAED
177,77,98,#39FAF0
178,77,98,#39FAF3
179,77,98,#39FAF7
180,77,98,#39FAFA
181,77,98,#39F7FA
182,77,98,#39F3FA
183,77,98,#39F0FA
184,77,98,#39EDFA
185,77,98,#39EAFA
186,77,98,#39E7FA
187,77,98,#39E3FA
188,77,98,#39E0FA
189,77,98,#39DDFA
190,77,98,#39DAFA
191,77,98,#39D7FA
192,77,98,#39D3FA
193,77,98,#39D0FA
194,77,98,#39CDFA
195,77,98,#39CAFA
196,77,98,#39C7FA
197,77,98,#39C3FA
198,77,98,#39C0FA
199,77,98,#39BDFA
200,77,98,#39BAFA
201,77,98,#39B7FA
202,77,98,#39B3FA
203,77,98,#39B0FA
204,77,98,#39ADFA
205,77,98,#39AAFA
206,77,98,#39A7FA
207,77,98,#39A3FA
208,77,98,#39A0FA
209,77,98,#399DFA
210,77,98,#399AFA
211,77,98,#3996FA
212,77,98,#3993FA
213,77,98,#3990FA
214,77,98,#398DFA
215,77,98,#398AFA
216,77,98,#3986FA
217,77,98,#3983FA
218,77,98,#3980FA
219,77,98,#397DFA
220,77,98,#397AFA
221,77,98,#3976FA
222,77,98,#3973FA
223,77,98,#3970FA
224,77,98,#396DFA
225,77,98,#396AFA
226,77,98,#3966FA
227,77,98,#3963FA
228,77,98,#3960FA
229,77,98,#395DFA
230,77,98,#395AFA
231,77,98,#3956FA
232,77,98,#3953FA
233,77,98,#3950FA
234,77,98,#394DFA
235,77,98,#394AFA
236,77,98,#3946FA
237,77,98,#3943FA
238,77,98,#3940FA
239,77,98,#393DFA
240,77,98,#3939FA
241,77,98,#3D39FA
242,77,98,#4039FA
243,77,98,#4339FA
244,77,98,#4639FA
245,77,98,#4A39FA
246,77,98,#4D39FA
247,77,98,#5039FA
248,77,98,#5339FA
249,77,98,#5639FA
250,77,98,#5A39FA
251,77,98,#5D39FA
252,77,98,#6039FA
253,77,98,#6339FA
254,77,98,#6639FA
255,77,98,#6A39FA
256,77,98,#6D39FA
257,77,98,#7039FA
258,77,98,#7339FA
259,77,98,#7639FA
260,77,98,#7A39FA
261,77,98,#7D39FA
262,77,98,#8039FA
263,77,98,#8339FA
264,77,98,#8639FA
265,77,98,#8A39FA
266,77,98,#8D39FA
267,77,98,#9039FA
268,77,98,#9339FA
269,77,98,#9639FA
270,77,98,#9A39FA
271,77,98,#9D39FA
272,77,98,#A039FA
273,77,98,#A339FA
274,77,98,#A739FA
275,77,98,#AA39FA
276,77,98,#AD39FA
277,77,98,#B039FA
278,77,98,#B339FA
279,77,98,#B739FA
280,77,98,#BA39FA
281,77,98,#BD39FA
282,77,98,#C039FA
283,77,98,#C339FA
284,77,98,#C739FA
285,77,98,#CA39FA
286,77,98,#CD39FA
287,77,98,#D039FA
288,77,98,#D339FA
289,77,98,#D739FA
290,77,98,#DA39FA
291,77,98,#DD39FA
292,77,98,#E039FA
293,77,98,#E339FA
294,77,98,#E739FA
295,77,98,#EA39FA
296,77,98,#ED39FA
297,77,98,#F039FA
298,77,98,#F339FA
299,77,98,#F739FA
300,77,98,#FA39FA
301,77,98,#FA39F7
302,77,98,#FA39F3
303,77,98,#FA39F0
304,77,98,#FA39ED
305,77,98,#FA39EA
306,77,98,#FA39E7
307,77,98,#FA39E3
308,77,98,#FA39E0
309,77,98,#FA39DD
310,77,98,#FA39DA
311,77,98,#FA39D7
312,77,98,#FA39D3
313,77,98,#FA39D0
314,77,98,#FA39CD
315,77,98,#FA39CA
316,77,98,#FA39C7
317,77,98,#FA39C3
318,77,98,#FA39C0
319,77,98,#FA39BD
320,77,98,#FA39BA
321,77,98,#FA39B7
322,77,98,#FA39B3
323,77,98,#FA39B0
324,77,98,#FA39AD
325,77,98,#FA39AA
326,77,98,#FA39A7
327,77,98,#FA39A3
328,77,98,#FA39A0
329,77,98,#FA399D
330,77,98,#FA399A
331,77,98,#FA3996
332,77,98,#FA3993
333,77,98,#FA3990
334,77,98,#FA398D
335,77,98,#FA398A
336,77,98,#FA3986
337,77,98,#FA3983
338,77,98,#FA3980
339,77,98,#FA397D
340,77,98,#FA397A
341,77,98,#FA3976
342,77,98,#FA3973
343,77,98,#FA3970
344,77,98,#FA396D
345,77,98,#FA396A
346,77,98,#FA3966
347,77,98,#FA3963
348,77,98,#FA3960
349,77,98,#FA395D
350,77,98,#FA395A
351,77,98,#FA3956
352,77,98,#FA3953
353,77,98,#FA3950
354,77,98,#FA394D
355,77,98,#FA394A
356,77,98,#FA3946
357,77,98,#FA3943
358,77,98,#FA3940
359,77,98,#FA393D
0,76,98,#FA3C3C
1,76,98,#FA3F3C
2,76,98,#FA423C
3,76,98,#FA453C
4,76,98,#FA493C
5,76,98,#FA4C3C
6,76,98,#FA4F3C
7,76,98,#FA523C
8,76,98,#FA553C
9,76,98,#FA583C
10,76,98,#FA5C3C
11,76,98,#FA5F3C
12,76,98,#FA623C
13,76,98,#FA653C
14,76,98,#FA683C
15,76,98,#FA6B3C
16,76,98,#FA6F3C
17,76,98,#FA723C
18,76,98,#FA753C
19,76,98,#FA783C
20,76,98,#FA7B3C
21,76,98,#FA7E3C
22,76,98,#FA823C
23,76,98,#FA853C
24,76,98,#FA883C
25,76,98,#FA8B3C
26,76,98,#FA8E3C
27,76,98,#FA913C
28,76,98,#FA953C
29,76,98,#FA983C
30,76,98,#FA9B3C
31,76,98,#FA9E3C
32,76,98,#FAA13C
33,76,98,#FAA43C
34,76,98,#FAA83C
35,76,98,#FAAB3C
36,76,98,#FAAE3C
37,76,98,#FAB13C
38,76,98,#FAB43C
39,76,98,#FAB73C
40,76,98,#FABB3C
41,76,98,#FABE3C
42,76,98,#FAC13C
43,76,98,#FAC43C
44,76,98,#FAC73C
45,76,98,#FACA3C
46,76,98,#FACE3C
47,76,98,#FAD13C
48,76,98,#FAD43C
49,76,98,#FAD73C
50,76,98,#FADA3C
51,76,98,#FADD3C
52,76,98,#FAE13C
53,76,98,#FAE43C
54,76,98,#FAE73C
55,76,98,#FAEA3C
56,76,98,#FAED3C
57,76,98,#FAF03C
58,76,98,#FAF43C
59,76,98,#FAF73C
60,76,98,#FAFA3C
61,76,98,#F7FA3C
62,76,98,#F4FA3C
63,76,98,#F0FA3C
64,76,98,#EDFA3C
65,76,98,#EAFA3C
66,76,98,#E7FA3C
67,76,98,#E4FA3C
68,76,98,#E1FA3C
69,76,98,#DDFA3C
70,76,98,#DAFA3C
71,76,98,#D7FA3C
72,76,98,#D4FA3C
73,76,98,#D1FA3C
74,76,98,#CEFA3C
75,76,98,#CAFA3C
76,76,98,#C7FA3C
77,76,98,#C4FA3C
78,76,98,#C1FA3C
79,76,98,#BEFA3C
80,76,98,#BBFA3C
81,76,98,#B7FA3C
82,76,98,#B4FA3C
83,76,98,#B1FA3C
84,76,98,#AEFA3C
85,76,98,#ABFA3C
86,76,98,#A8FA3C
87,76,98,#A4FA3C
88,76,98,#A1FA3C
89,76,98,#9EFA3C
90,76,98,#9BFA3C
91,76,98,#98FA3C
92,76,98,#95FA3C
93,76,98,#91FA3C
94,76,98,#8EFA3C
95,76,98,#8BFA3C
96,76,98,#88FA3C
97,76,98,#85FA3C
98,76,98,#82FA3C
99,76,98,#7EFA3C
100,76,98,#7BFA3C
101,76,98,#78FA3C
102,76,98,#75FA3C
103,76,98,#72FA3C
104,76,98,#6FFA3C
105,76,98,#6BFA3C
106,76,98,#68FA3C
107,76,98,#65FA3C
108,76,98,#62FA3C
109,76,98,#5FFA3C
110,76,98,#5CFA3C
111,76,98,#58FA3C
112,76,98,#55FA3C
113,76,98,#52FA3C
114,76,98,#4FFA3C
115,76,98,#4CFA3C
116,76,98,#49FA3C
117,76,98,#45FA3C
118,76,98,#42FA3C
119,76,98,#3FFA3C
120,76,98,#3CFA3C
121,76,98,#3CFA3F
122,76,98,#3CFA42
123,76,98,#3CFA45
124,76,98,#3CFA49
125,76,98,#3CFA4C
126,76,98,#3CFA4F
127,76,98,#3CFA52
128,76,98,#3CFA55
129,76,98,#3CFA58
130,76,98,#3CFA5C
131,76,98,#3CFA5F
132,76,98,#3CFA62
133,76,98,#3CFA65
134,76,98,#3CFA68
135,76,98,#3CFA6B
136,76,98,#3CFA6F
137,76,98,#3CFA72
138,76,98,#3CFA75
139,76,98,#3CFA78
140,76,98,#3CFA7B
141,76,98,#3CFA7E
142,76,98,#3CFA82
143,76,98,#3CFA85
144,76,98,#3CFA88
145,76,98,#3CFA8B
146,76,98,#3CFA8E
147,76,98,#3CFA91
148,76,98,#3CFA95
149,76,98,#3CFA98
150,76,98,#3CFA9B
151,76,98,#3CFA9E
152,76,98,#3CFAA1
153,76,98,#3CFAA4
154,76,98,#3CFAA8
155,76,98,#3CFAAB
156,76,98,#3CFAAE
157,76,98,#3CFAB1
158,76,98,#3CFAB4
159,76,98,#3CFAB7
160,76,98,#3CFABB
161,76,98,#3CFABE
162,76,98,#3CFAC1
163,76,98,#3CFAC4
164,76,98,#3CFAC7
165,76,98,#3CFACA
166,76,98,#3CFACE
167,76,98,#3CFAD1
168,76,98,#3CFAD4
169,76,98,#3CFAD7
170,76,98,#3CFADA
171,76,98,#3CFADD
172,76,98,#3CFAE1
173,76,98,#3CFAE4
174,76,98,#3CFAE7
175,76,98,#3CFAEA
176,76,98,#3CFAED
177,76,98,#3CFAF0
178,76,98,#3CFAF4
179,76,98,#3CFAF7
180,76,98,#3CFAFA
181,76,98,#3CF7FA
182,76,98,#3CF4FA
183,76,98,#3CF0FA
184,76,98,#3CEDFA
185,76,98,#3CEAFA
186,76,98,#3CE7FA
187,76,98,#3CE4FA
188,76,98,#3CE1FA
189,76,98,#3CDDFA
190,76,98,#3CDAFA
191,76,98,#3CD7FA
192,76,98,#3CD4FA
193,76,98,#3CD1FA
194,76,98,#3CCEFA
195,76,98,#3CCAFA
196,76,98,#3CC7FA
197,76,98,#3CC4FA
198,76,98,#3CC1FA
199,76,98,#3CBEFA
200,76,98,#3CBBFA
201,76,98,#3CB7FA
202,76,98,#3CB4FA
203,76,98,#3CB1FA
204,76,98,#3CAEFA
205,76,98,#3CABFA
206,76,98,#3CA8FA
207,76,98,#3CA4FA
208,76,98,#3CA1FA
209,76,98,#3C9EFA
210,76,98,#3C9BFA
211,76,98,#3C98FA
212,76,98,#3C95FA
213,76,98,#3C91FA
214,76,98,#3C8EFA
215,76,98,#3C8BFA
216,76,98,#3C88FA
217,76,98,#3C85FA
218,76,98,#3C82FA
219,76,98,#3C7EFA
220,76,98,#3C7BFA
221,76,98,#3C78FA
222,76,98,#3C75FA
223,76,98,#3C72FA
224,76,98,#3C6FFA
225,76,98,#3C6BFA
226,76,98,#3C68FA
227,76,98,#3C65FA
228,76,98,#3C62FA
229,76,98,#3C5FFA
230,76,98,#3C5CFA
231,76,98,#3C58FA
232,76,98,#3C55FA
233,76,98,#3C52FA
234,76,98,#3C4FFA
235,76,98,#3C4CFA
236,76,98,#3C49FA
237,76,98,#3C45FA
238,76,98,#3C42FA
239,76,98,#3C3FFA
240,76,98,#3C3CFA
241,76,98,#3F3CFA
242,76,98,#423CFA
243,76,98,#453CFA
244,76,98,#493CFA
245,76,98,#4C3CFA
246,76,98,#4F3CFA
247,76,98,#523CFA
248,76,98,#553CFA
249,76,98,#583CFA
250,76,98,#5C3CFA
251,76,98,#5F3CFA
252,76,98,#623CFA
253,76,98,#653CFA
254,76,98,#683CFA
255,76,98,#6B3CFA
256,76,98,#6F3CFA
257,76,98,#723CFA
258,76,98,#753CFA
259,76,98,#783CFA
260,76,98,#7B3CFA
261,76,98,#7E3CFA
262,76,98,#823CFA
263,76,98,#853CFA
264,76,98,#883CFA
265,76,98,#8B3CFA
266,76,98,#8E3CFA
267,76,98,#913CFA
268,76,98,#953CFA
269,76,98,#983CFA
270,76,98,#9B3CFA
271,76,98,#9E3CFA
272,76,98,#A13CFA
273,76,98,#A43CFA
274,76,98,#A83CFA
275,76,98,#AB3CFA
276,76,98,#AE3CFA
277,76,98,#B13CFA
278,76,98,#B43CFA
279,76,98,#B73CFA
280,76,98,#BB3CFA
281,76,98,#BE3CFA
282,76,98,#C13CFA
283,76,98,#C43CFA
284,76,98,#C73CFA
285,76,98,#CA3CFA
286,76,98,#CE3CFA
287,76,98,#D13CFA
288,76,98,#D43CFA
289,76,98,#D73CFA
290,76,98,#DA3CFA
291,76,98,#DD3CFA
292,76,98,#E13CFA
293,76,98,#E43CFA
294,76,98,#E73CFA
295,76,98,#EA3CFA
296,76,98,#ED3CFA
297,76,98,#F03CFA
298,76,98,#F43CFA
299,76,98,#F73CFA
300,76,98,#FA3CFA
301,76,98,#FA3CF7
302,76,98,#FA3CF4
303,76,98,#FA3CF0
304,76,98,#FA3CED
305,76,98,#FA3CEA
306,76,98,#FA3CE7
307,76,98,#FA3CE4
308,76,98,#FA3CE1
309,76,98,#FA3CDD
310,76,98,#FA3CDA
311,76,98,#FA3CD7
312,76,98,#FA3CD4
313,76,98,#FA3CD1
314,76,98,#FA3CCE
315,76,98,#FA3CCA
316,76,98,#FA3CC7
317,76,98,#FA3CC4
318,76,98,#FA3CC1
319,76,98,#FA3CBE
320,76,98,#FA3CBB
321,76,98,#FA3CB7
322,76,98,#FA3CB4
323,76,98,#FA3CB1
324,76,98,#FA3CAE
325,76,98,#FA3CAB
326,76,98,#FA3CA8
327,76,98,#FA3CA4
328,76,98,#FA3CA1
329,76,98,#FA3C9E
330,76,98,#FA3C9B
331,76,98,#FA3C98
332,76,98,#FA3C95
333,76,98,#FA3C91
334,76,98,#FA3C8E
335,76,98,#FA3C8B
336,76,98,#FA3C88
337,76,98,#FA3C85
338,76,98,#FA3C82
339,76,98,#FA3C7E
340,76,98,#FA3C7B
341,76,98,#FA3C78
342,76,98,#FA3C75
343,76,98,#FA3C72
344,76,98,#FA3C6F
345,76,98,#FA3C6B
346,76,98,#FA3C68
347,76,98,#FA3C65
348,76,98,#FA3C62
349,76,98,#FA3C5F
350,76,98,#FA3C5C
351,76,98,#FA3C58
352,76,98,#FA3C55
353,76,98,#FA3C52
354,76,98,#FA3C4F
355,76,98,#FA3C4C
356,76,98,#FA3C49
357,76,98,#FA3C45
358,76,98,#FA3C42
359,76,98,#FA3C3F
0,75,98,#FA3E3E
1,75,98,#FA423E
2,75,98,#FA453E
3,75,98,#FA483E
4,75,98,#FA4B3E
5,75,98,#FA4E3E
6,75,98,#FA513E
7,75,98,#FA543E
8,75,98,#FA573E
9,75,98,#FA5B3E
10,75,98,#FA5E3E
11,75,98,#FA613E
12,75,98,#FA643E
13,75,98,#FA673E
14,75,98,#FA6A3E
15,75,98,#FA6D3E
16,75,98,#FA703E
17,75,98,#FA743E
18,75,98,#FA773E
19,75,98,#FA7A3E
20,75,98,#FA7D3E
21,75,98,#FA803E
22,75,98,#FA833E
23,75,98,#FA863E
24,75,98,#FA893E
25,75,98,#FA8D3E
26,75,98,#FA903E
27,75,98,#FA933E
28,75,98,#FA963E
29,75,98,#FA993E
30,75,98,#FA9C3E
31,75,98,#FA9F3E
32,75,98,#FAA23E
33,75,98,#FAA63E
34,75,98,#FAA93E
35,75,98,#FAAC3E
36,75,98,#FAAF3E
37,75,98,#FAB23E
38,75,98,#FAB53E
39,75,98,#FAB83E
40,75,98,#FABB3E
41,75,98,#FABF3E
42,75,98,#FAC23E
43,75,98,#FAC53E
44,75,98,#FAC83E
45,75,98,#FACB3E
46,75,98,#FACE3E
47,75,98,#FAD13E
48,75,98,#FAD43E
49,75,98,#FAD83E
50,75,98,#FADB3E
51,75,98,#FADE3E
52,75,98,#FAE13E
53,75,98,#FAE43E
54,75,98,#FAE73E
55,75,98,#FAEA3E
56,75,98,#FAED3E
57,75,98,#FAF13E
58,75,98,#FAF43E
59,75,98,#FAF73E
60,75,98,#FAFA3E
61,75,98,#F7FA3E
62,75,98,#F4FA3E
63,75,98,#F1FA3E
64,75,98,#EDFA3E
65,75,98,#EAFA3E
66,75,98,#E7FA3E
67,75,98,#E4FA3E
68,75,98,#E1FA3E
69,75,98,#DEFA3E
70,75,98,#DBFA3E
71,75,98,#D8FA3E
72,75,98,#D4FA3E
73,75,98,#D1FA3E
74,75,98,#CEFA3E
75,75,98,#CBFA3E
76,75,98,#C8FA3E
77,75,98,#C5FA3E
78,75,98,#C2FA3E
79,75,98,#BFFA3E
80,75,98,#BBFA3E
81,75,98,#B8FA3E
82,75,98,#B5FA3E
83,75,98,#B2FA3E
84,75,98,#AFFA3E
85,75,98,#ACFA3E
86,75,98,#A9FA3E
87,75,98,#A6FA3E
88,75,98,#A2FA3E
89,75,98,#9FFA3E
90,75,98,#9CFA3E
91,75,98,#99FA3E
92,75,98,#96FA3E
93,75,98,#93FA3E
94,75,98,#90FA3E
95,75,98,#8DFA3E
96,75,98,#89FA3E
97,75,98,#86FA3E
98,75,98,#83FA3E
99,75,98,#80FA3E
100,75,98,#7DFA3E
101,75,98,#7AFA3E
102,75,98,#77FA3E
103,75,98,#74FA3E
104,75,98,#70FA3E
105,75,98,#6DFA3E
106,75,98,#6AFA3E
107,75,98,#67FA3E
108,75,98,#64FA3E
109,75,98,#61FA3E
110,75,98,#5EFA3E
111,75,98,#5BFA3E
112,75,98,#57FA3E
113,75,98,#54FA3E
114,75,98,#51FA3E
115,75,98,#4EFA3E
116,75,98,#4BFA3E
117,75,98,#48FA3E
118,75,98,#45FA3E
119,75,98,#42FA3E
120,75,98,#3EFA3E
121,75,98,#3EFA42
122,75,98,#3EFA45
123,75,98,#3EFA48
124,75,98,#3EFA4B
125,75,98,#3EFA4E
126,75,98,#3EFA51
127,75,98,#3EFA54
128,75,98,#3EFA57
129,75,98,#3EFA5B
130,75,98,#3EFA5E
131,75,98,#3EFA61
132,75,98,#3EFA64
133,75,98,#3EFA67
134,75,98,#3EFA6A
135,75,98,#3EFA6D
136,75,98,#3EFA70
137,75,98,#3EFA74
138,75,98,#3EFA77
139,75,98,#3EFA7A
140,75,98,#3EFA7D
141,75,98,#3EFA80
142,75,98,#3EFA83
143,75,98,#3EFA86
144,75,98,#3EFA89
145,75,98,#3EFA8D
146,75,98,#3EFA90
147,75,98,#3EFA93
148,75,98,#3EFA96
149,75,98,#3EFA99
150,75,98,#3EFA9C
151,75,98,#3EFA9F
152,75,98,#3EFAA2
153,75,98,#3EFAA6
154,75,98,#3EFAA9
155,75,98,#3EFAAC
156,75,98,#3EFAAF
157,75,98,#3EFAB2
158,75,98,#3EFAB5
159,75,98,#3EFAB8
160,75,98,#3EFABB
161,75,98,#3EFABF
162,75,98,#3EFAC2
163,75,98,#3EFAC5
164,75,98,#3EFAC8
165,75,98,#3EFACB
166,75,98,#3EFACE
167,75,98,#3EFAD1
168,75,98,#3EFAD4
169,75,98,#3EFAD8
170,75,98,#3EFADB
171,75,98,#3EFADE
172,75,98,#3EFAE1
173,75,98,#3EFAE4
174,75,98,#3EFAE7
175,75,98,#3EFAEA
176,75,98,#3EFAED
177,75,98,#3EFAF1
178,75,98,#3EFAF4
179,75,98,#3EFAF7
180,75,98,#3EFAFA
181,75,98,#3EF7FA
182,75,98,#3EF4FA
183,75,98,#3EF1FA
184,75,98,#3EEDFA
185,75,98,#3EEAFA
186,75,98,#3EE7FA
187,75,98,#3EE4FA
188,75,98,#3EE1FA
189,75,98,#3EDEFA
190,75,98,#3EDBFA
191,75,98,#3ED8FA
192,75,98,#3ED4FA
193,75,98,#3ED1FA
194,75,98,#3ECEFA
195,75,98,#3ECBFA
196,75,98,#3EC8FA
197,75,98,#3EC5FA
198,75,98,#3EC2FA
199,75,98,#3EBFFA
200,75,98,#3EBBFA
201,75,98,#3EB8FA
202,75,98,#3EB5FA
203,75,98,#3EB2FA
204,75,98,#3EAFFA
205,75,98,#3EACFA
206,75,98,#3EA9FA
207,75,98,#3EA6FA
208,75,98,#3EA2FA
209,75,98,#3E9FFA
210,75,98,#3E9CFA
211,75,98,#3E99FA
212,75,98,#3E96FA
213,75,98,#3E93FA
214,75,98,#3E90FA
215,75,98,#3E8DFA
216,75,98,#3E89FA
217,75,98,#3E86FA
218,75,98,#3E83FA
219,75,98,#3E80FA
220,75,98,#3E7DFA
221,75,98,#3E7AFA
222,75,98,#3E77FA
223,75,98,#3E74FA
224,75,98,#3E70FA
225,75,98,#3E6DFA
226,75,98,#3E6AFA
227,75,98,#3E67FA
228,75,98,#3E64FA
229,75,98,#3E61FA
230,75,98,#3E5EFA
231,75,98,#3E5BFA
232,75,98,#3E57FA
233,75,98,#3E54FA
234,75,98,#3E51FA
235,75,98,#3E4EFA
236,75,98,#3E4BFA
237,75,98,#3E48FA
238,75,98,#3E45FA
239,75,98,#3E42FA
240,75,98,#3E3EFA
241,75,98,#423EFA
242,75,98,#453EFA
243,75,98,#483EFA
244,75,98,#4B3EFA
245,75,98,#4E3EFA
246,75,98,#513EFA
247,75,98,#543EFA
248,75,98,#573EFA
249,75,98,#5B3EFA
250,75,98,#5E3EFA
251,75,98,#613EFA
252,75,98,#643EFA
253,75,98,#673EFA
254,75,98,#6A3EFA
255,75,98,#6D3EFA
256,75,98,#703EFA
257,75,98,#743EFA
258,75,98,#773EFA
259,75,98,#7A3EFA
260,75,98,#7D3EFA
261,75,98,#803EFA
262,75,98,#833EFA
263,75,98,#863EFA
264,75,98,#893EFA
265,75,98,#8D3EFA
266,75,98,#903EFA
267,75,98,#933EFA
268,75,98,#963EFA
269,75,98,#993EFA
270,75,98,#9C3EFA
271,75,98,#9F3EFA
272,75,98,#A23EFA
273,75,98,#A63EFA
274,75,98,#A93EFA
275,75,98,#AC3EFA
276,75,98,#AF3EFA
277,75,98,#B23EFA
278,75,98,#B53EFA
279,75,98,#B83EFA
280,75,98,#BB3EFA
281,75,98,#BF3EFA
282,75,98,#C23EFA
283,75,98,#C53EFA
284,75,98,#C83EFA
285,75,98,#CB3EFA
286,75,98,#CE3EFA
287,75,98,#D13EFA
288,75,98,#D43EFA
289,75,98,#D83EFA
290,75,98,#DB3EFA
291,75,98,#DE3EFA
292,75,98,#E13EFA
293,75,98,#E43EFA
294,75,98,#E73EFA
295,75,98,#EA3EFA
296,75,98,#ED3EFA
297,75,98,#F13EFA
298,75,98,#F43EFA
299,75,98,#F73EFA
300,75,98,#FA3EFA
301,75,98,#FA3EF7
302,75,98,#FA3EF4
303,75,98,#FA3EF1
304,75,98,#FA3EED
305,75,98,#FA3EEA
306,75,98,#FA3EE7
307,75,98,#FA3EE4
308,75,98,#FA3EE1
309,75,98,#FA3EDE
310,75,98,#FA3EDB
311,75,98,#FA3ED8
312,75,98,#FA3ED4
313,75,98,#FA3ED1
314,75,98,#FA3ECE
315,75,98,#FA3ECB
316,75,98,#FA3EC8
317,75,98,#FA3EC5
318,75,98,#FA3EC2
319,75,98,#FA3EBF
320,75,98,#FA3EBB
321,75,98,#FA3EB8
322,75,98,#FA3EB5
323,75,98,#FA3EB2
324,75,98,#FA3EAF
325,75,98,#FA3EAC
326,75,98,#FA3EA9
327,75,98,#FA3EA6
328,75,98,#FA3EA2
329,75,98,#FA3E9F
330,75,98,#FA3E9C
331,75,98,#FA3E99
332,75,98,#FA3E96
333,75,98,#FA3E93
334,75,98,#FA3E90
335,75,98,#FA3E8D
336,75,98,#FA3E89
337,75,98,#FA3E86
338,75,98,#FA3E83
339,75,98,#FA3E80
340,75,98,#FA3E7D
341,75,98,#FA3E7A
342,75,98,#FA3E77
343,75,98,#FA3E74
344,75,98,#FA3E70
345,75,98,#FA3E6D
346,75,98,#FA3E6A
347,75,98,#FA3E67
348,75,98,#FA3E64
349,75,98,#FA3E61
350,75,98,#FA3E5E
351,75,98,#FA3E5B
352,75,98,#FA3E57
353,75,98,#FA3E54
354,75,98,#FA3E51
355,75,98,#FA3E4E
356,75,98,#FA3E4B
357,75,98,#FA3E48
358,75,98,#FA3E45
359,75,98,#FA3E42
0,74,98,#FA4141
1,74,98,#FA4441
2,74,98,#FA4741
3,74,98,#FA4A41
4,74,98,#FA4D41
5,74,98,#FA5041
6,74,98,#FA5341
7,74,98,#FA5741
8,74,98,#FA5A41
9,74,98,#FA5D41
10,74,98,#FA6041
11,74,98,#FA6341
12,74,98,#FA6641
13,74,98,#FA6941
14,74,98,#FA6C41
15,74,98,#FA6F41
16,74,98,#FA7241
17,74,98,#FA7541
18,74,98,#FA7841
19,74,98,#FA7C41
20,74,98,#FA7F41
21,74,98,#FA8241
22,74,98,#FA8541
23,74,98,#FA8841
24,74,98,#FA8B41
25,74,98,#FA8E41
26,74,98,#FA9141
27,74,98,#FA9441
28,74,98,#FA9741
29,74,98,#FA9A41
30,74,98,#FA9D41
31,74,98,#FAA141
32,74,98,#FAA441
33,74,98,#FAA741
34,74,98,#FAAA41
35,74,98,#FAAD41
36,74,98,#FAB041
37,74,98,#FAB341
38,74,98,#FAB641
39,74,98,#FAB941
40,74,98,#FABC41
41,74,98,#FABF41
42,74,98,#FAC241
43,74,98,#FAC641
44,74,98,#FAC941
45,74,98,#FACC41
46,74,98,#FACF41
47,74,98,#FAD241
48,74,98,#FAD541
49,74,98,#FAD841
50,74,98,#FADB41
51,74,98,#FADE41
52,74,98,#FAE141
53,74,98,#FAE441
54,74,98,#FAE741
55,74,98,#FAEA41
56,74,98,#FAEE41
57,74,98,#FAF141
58,74,98,#FAF441
59,74,98,#FAF741
60,74,98,#FAFA41
61,74,98,#F7FA41
62,74,98,#F4FA41
63,74,98,#F1FA41
64,74,98,#EEFA41
65,74,98,#EAFA41
66,74,98,#E7FA41
67,74,98,#E4FA41
68,74,98,#E1FA41
69,74,98,#DEFA41
70,74,98,#DBFA41
71,74,98,#D8FA41
72,74,98,#D5FA41
73,74,98,#D2FA41
74,74,98,#CFFA41
75,74,98,#CCFA41
76,74,98,#C9FA41
77,74,98,#C6FA41
78,74,98,#C2FA41
79,74,98,#BFFA41
80,74,98,#BCFA41
81,74,98,#B9FA41
82,74,98,#B6FA41
83,74,98,#B3FA41
84,74,98,#B0FA41
85,74,98,#ADFA41
86,74,98,#AAFA41
87,74,98,#A7FA41
88,74,98,#A4FA41
89,74,98,#A1FA41
90,74,98,#9DFA41
91,74,98,#9AFA41
92,74,98,#97FA41
93,74,98,#94FA41
94,74,98,#91FA41
95,74,98,#8EFA41
96,74,98,#8BFA41
97,74,98,#88FA41
98,74,98,#85FA41
99,74,98,#82FA41
100,74,98,#7FFA41
101,74,98,#7CFA41
102,74,98,#78FA41
103,74,98,#75FA41
104,74,98,#72FA41
105,74,98,#6FFA41
106,74,98,#6CFA41
107,74,98,#69FA41
108,74,98,#66FA41
109,74,98,#63FA41
110,74,98,#60FA41
111,74,98,#5DFA41
112,74,98,#5AFA41
113,74,98,#57FA41
114,74,98,#53FA41
115,74,98,#50FA41
116,74,98,#4DFA41
117,74,98,#4AFA41
118,74,98,#47FA41
119,74,98,#44FA41
120,74,98,#41FA41
121,74,98,#41FA44
122,74,98,#41FA47
123,74,98,#41FA4A
124,74,98,#41FA4D
125,74,98,#41FA50
126,74,98,#41FA53
127,74,98,#41FA57
128,74,98,#41FA5A
129,74,98,#41FA5D
130,74,98,#41FA60
131,74,98,#41FA63
132,74,98,#41FA66
133,74,98,#41FA69
134,74,98,#41FA6C
135,74,98,#41FA6F
136,74,98,#41FA72
137,74,98,#41FA75
138,74,98,#41FA78
139,74,98,#41FA7C
140,74,98,#41FA7F
141,74,98,#41FA82
142,74,98,#41FA85
143,74,98,#41FA88
144,74,98,#41FA8B
145,74,98,#41FA8E
146,74,98,#41FA91
147,74,98,#41FA94
148,74,98,#41FA97
149,74,98,#41FA9A
150,74,98,#41FA9D
151,74,98,#41FAA1
152,74,98,#41FAA4
153,74,98,#41FAA7
154,74,98,#41FAAA
155,74,98,#41FAAD
156,74,98,#41FAB0
157,74,98,#41FAB3
158,74,98,#41FAB6
159,74,98,#41FAB9
160,74,98,#41FABC
161,74,98,#41FABF
162,74,98,#41FAC2
163,74,98,#41FAC6
164,74,98,#41FAC9
165,74,98,#41FACC
166,74,98,#41FACF
167,74,98,#41FAD2
168,74,98,#41FAD5
169,74,98,#41FAD8
170,74,98,#41FADB
171,74,98,#41FADE
172,74,98,#41FAE1
173,74,98,#41FAE4
174,74,98,#41FAE7
175,74,98,#41FAEA
176,74,98,#41FAEE
177,74,98,#41FAF1
178,74,98,#41FAF4
179,74,98,#41FAF7
180,74,98,#41FAFA
181,74,98,#41F7FA
182,74,98,#41F4FA
183,74,98,#41F1FA
184,74,98,#41EEFA
185,74,98,#41EAFA
186,74,98,#41E7FA
187,74,98,#41E4FA
188,74,98,#41E1FA
189,74,98,#41DEFA
190,74,98,#41DBFA
191,74,98,#41D8FA
192,74,98,#41D5FA
193,74,98,#41D2FA
194,74,98,#41CFFA
195,74,98,#41CCFA
196,74,98,#41C9FA
197,74,98,#41C6FA
198,74,98,#41C2FA
199,74,98,#41BFFA
200,74,98,#41BCFA
201,74,98,#41B9FA
202,74,98,#41B6FA
203,74,98,#41B3FA
204,74,98,#41B0FA
205,74,98,#41ADFA
206,74,98,#41AAFA
207,74,98,#41A7FA
208,74,98,#41A4FA
209,74,98,#41A1FA
210,74,98,#419DFA
211,74,98,#419AFA
212,74,98,#4197FA
213,74,98,#4194FA
214,74,98,#4191FA
215,74,98,#418EFA
216,74,98,#418BFA
217,74,98,#4188FA
218,74,98,#4185FA
219,74,98,#4182FA
220,74,98,#417FFA
221,74,98,#417CFA
222,74,98,#4178FA
223,74,98,#4175FA
224,74,98,#4172FA
225,74,98,#416FFA
226,74,98,#416CFA
227,74,98,#4169FA
228,74,98,#4166FA
229,74,98,#4163FA
230,74,98,#4160FA
231,74,98,#415DFA
232,74,98,#415AFA
233,74,98,#4157FA
234,74,98,#4153FA
235,74,98,#4150FA
236,74,98,#414DFA
237,74,98,#414AFA
238,74,98,#4147FA
239,74,98,#4144FA
240,74,98,#4141FA
241,74,98,#4441FA
242,74,98,#4741FA
243,74,98,#4A41FA
244,74,98,#4D41FA
245,74,98,#5041FA
246,74,98,#5341FA
247,74,98,#5741FA
248,74,98,#5A41FA
249,74,98,#5D41FA
250,74,98,#6041FA
251,74,98,#6341FA
252,74,98,#6641FA
253,74,98,#6941FA
254,74,98,#6C41FA
255,74,98,#6F41FA
256,74,98,#7241FA
257,74,98,#7541FA
258,74,98,#7841FA
259,74,98,#7C41FA
260,74,98,#7F41FA
261,74,98,#8241FA
262,74,98,#8541FA
263,74,98,#8841FA
264,74,98,#8B41FA
265,74,98,#8E41FA
266,74,98,#9141FA
267,74,98,#9441FA
268,74,98,#9741FA
269,74,98,#9A41FA
270,74,98,#9D41FA
271,74,98,#A141FA
272,74,98,#A441FA
273,74,98,#A741FA
274,74,98,#AA41FA
275,74,98,#AD41FA
276,74,98,#B041FA
277,74,98,#B341FA
278,74,98,#B641FA
279,74,98,#B941FA
280,74,98,#BC41FA
281,74,98,#BF41FA
282,74,98,#C241FA
283,74,98,#C641FA
284,74,98,#C941FA
285,74,98,#CC41FA
286,74,98,#CF41FA
287,74,98,#D241FA
288,74,98,#D541FA
289,74,98,#D841FA
290,74,98,#DB41FA
291,74,98,#DE41FA
292,74,98,#E141FA
293,74,98,#E441FA
294,74,98,#E741FA
295,74,98,#EA41FA
296,74,98,#EE41FA
297,74,98,#F141FA
298,74,98,#F441FA
299,74,98,#F741FA
300,74,98,#FA41FA
301,74,98,#FA41F7
302,74,98,#FA41F4
303,74,98,#FA41F1
304,74,98,#FA41EE
305,74,98,#FA41EA
306,74,98,#FA41E7
307,74,98,#FA41E4
308,74,98,#FA41E1
309,74,98,#FA41DE
310,74,98,#FA41DB
311,74,98,#FA41D8
312,74,98,#FA41D5
313,74,98,#FA41D2
314,74,98,#FA41CF
315,74,98,#FA41CC
316,74,98,#FA41C9
317,74,98,#FA41C6
318,74,98,#FA41C2
319,74,98,#FA41BF
320,74,98,#FA41BC
321,74,98,#FA41B9
322,74,98,#FA41B6
323,74,98,#FA41B3
324,74,98,#FA41B0
325,74,98,#FA41AD
326,74,98,#FA41AA
327,74,98,#FA41A7
328,74,98,#FA41A4
329,74,98,#FA41A1
330,74,98,#FA419D
331,74,98,#FA419A
332,74,98,#FA4197
333,74,98,#FA4194
334,74,98,#FA4191
335,74,98,#FA418E
336,74,98,#FA418B
337,74,98,#FA4188
338,74,98,#FA4185
339,74,98,#FA4182
340,74,98,#FA417F
341,74,98,#FA417C
342,74,98,#FA4178
343,74,98,#FA4175
344,74,98,#FA4172
345,74,98,#FA416F
346,74,98,#FA416C
347,74,98,#FA4169
348,74,98,#FA4166
349,74,98,#FA4163
350,74,98,#FA4160
351,74,98,#FA415D
352,74,98,#FA415A
353,74,98,#FA4157
354,74,98,#FA4153
355,74,98,#FA4150
356,74,98,#FA414D
357,74,98,#FA414A
358,74,98,#FA4147
359,74,98,#FA4144
0,73,98,#FA4343
1,73,98,#FA4743
2,73,98,#FA4A43
3,73,98,#FA4D43
4,73,98,#FA5043
5,73,98,#FA5343
6,73,98,#FA5643
7,73,98,#FA5943
8,73,98,#FA5C43
9,73,98,#FA5F43
10,73,98,#FA6243
11,73,98,#FA6543
12,73,98,#FA6843
13,73,98,#FA6B43
14,73,98,#FA6E43
15,73,98,#FA7143
16,73,98,#FA7443
17,73,98,#FA7743
18,73,98,#FA7A43
19,73,98,#FA7D43
20,73,98,#FA8043
21,73,98,#FA8343
22,73,98,#FA8643
23,73,98,#FA8943
24,73,98,#FA8C43
25,73,98,#FA8F43
26,73,98,#FA9343
27,73,98,#FA9643
28,73,98,#FA9943
29,73,98,#FA9C43
30,73,98,#FA9F43
31,73,98,#FAA243
32,73,98,#FAA543
33,73,98,#FAA843
34,73,98,#FAAB43
35,73,98,#FAAE43
36,73,98,#FAB143
37,73,98,#FAB443
38,73,98,#FAB743
39,73,98,#FABA43
40,73,98,#FABD43
41,73,98,#FAC043
42,73,98,#FAC343
43,73,98,#FAC643
44,73,98,#FAC943
45,73,98,#FACC43
46,73,98,#FACF43
47,73,98,#FAD243
48,73,98,#FAD543
49,73,98,#FAD843
50,73,98,#FADB43
51,73,98,#FADF43
52,73,98,#FAE243
53,73,98,#FAE543
54,73,98,#FAE843
55,73,98,#FAEB43
56,73,98,#FAEE43
57,73,98,#FAF143
58,73,98,#FAF443
59,73,98,#FAF743
60,73,98,#FAFA43
61,73,98,#F7FA43
62,73,98,#F4FA43
63,73,98,#F1FA43
64,73,98,#EEFA43
65,73,98,#EBFA43
66,73,98,#E8FA43
67,73,98,#E5FA43
68,73,98,#E2FA43
69,73,98,#DFFA43
70,73,98,#DBFA43
71,73,98,#D8FA43
72,73,98,#D5FA43
73,73,98,#D2FA43
74,73,98,#CFFA43
75,73,98,#CCFA43
76,73,98,#C9FA43
77,73,98,#C6FA43
78,73,98,#C3FA43
79,73,98,#C0FA43
80,73,98,#BDFA43
81,73,98,#BAFA43
82,73,98,#B7FA43
83,73,98,#B4FA43
84,73,98,#B1FA43
85,73,98,#AEFA43
86,73,98,#ABFA43
87,73,98,#A8FA43
88,73,98,#A5FA43
89,73,98,#A2FA43
90,73,98,#9FFA43
91,73,98,#9CFA43
92,73,98,#99FA43
93,73,98,#96FA43
94,73,98,#93FA43
95,73,98,#8FFA43
96,73,98,#8CFA43
97,73,98,#89FA43
98,73,98,#86FA43
99,73,98,#83FA43
100,73,98,#80FA43
101,73,98,#7DFA43
102,73,98,#7AFA43
103,73,98,#77FA43
104,73,98,#74FA43
105,73,98,#71FA43
106,73,98,#6EFA43
107,73,98,#6BFA43
108,73,98,#68FA43
109,73,98,#65FA43
110,73,98,#62FA43
111,73,98,#5FFA43
112,73,98,#5CFA43
113,73,98,#59FA43
114,73,98,#56FA43
115,73,98,#53FA43
116,73,98,#50FA43
117,73,98,#4DFA43
118,73,98,#4AFA43
119,73,98,#47FA43
120,73,98,#43FA43
121,73,98,#43FA47
122,73,98,#43FA4A
123,73,98,#43FA4D
124,73,98,#43FA50
125,73,98,#43FA53
126,73,98,#43FA56
127,73,98,#43FA59
128,73,98,#43FA5C
129,73,98,#43FA5F
130,73,98,#43FA62
131,73,98,#43FA65
132,73,98,#43FA68
133,73,98,#43FA6B
134,73,98,#43FA6E
135,73,98,#43FA71
136,73,98,#43FA74
137,73,98,#43FA77
138,73,98,#43FA7A
139,73,98,#43FA7D
140,73,98,#43FA80
141,73,98,#43FA83
142,73,98,#43FA86
143,73,98,#43FA89
144,73,98,#43FA8C
145,73,98,#43FA8F
146,73,98,#43FA93
147,73,98,#43FA96
148,73,98,#43FA99
149,73,98,#43FA9C
150,73,98,#43FA9F
151,73,98,#43FAA2
152,73,98,#43FAA5
153,73,98,#43FAA8
154,73,98,#43FAAB
155,73,98,#43FAAE
156,73,98,#43FAB1
157,73,98,#43FAB4
158,73,98,#43FAB7
159,73,98,#43FABA
160,73,98,#43FABD
161,73,98,#43FAC0
162,73,98,#43FAC3
163,73,98,#43FAC6
164,73,98,#43FAC9
165,73,98,#43FACC
166,73,98,#43FACF
167,73,98,#43FAD2
168,73,98,#43FAD5
169,73,98,#43FAD8
170,73,98,#43FADB
171,73,98,#43FADF
172,73,98,#43FAE2
173,73,98,#43FAE5
174,73,98,#43FAE8
175,73,98,#43FAEB
176,73,98,#43FAEE
177,73,98,#43FAF1
178,73,98,#43FAF4
179,73,98,#43FAF7
180,73,98,#43FAFA
181,73,98,#43F7FA
182,73,98,#43F4FA
183,73,98,#43F1FA
184,73,98,#43EEFA
185,73,98,#43EBFA
186,73,98,#43E8FA
187,73,98,#43E5FA
188,73,98,#43E2FA
189,73,98,#43DFFA
190,73,98,#43DBFA
191,73,98,#43D8FA
192,73,98,#43D5FA
193,73,98,#43D2FA
194,73,98,#43CFFA
195,73,98,#43CCFA
196,73,98,#43C9FA
197,73,98,#43C6FA
198,73,98,#43C3FA
199,73,98,#43C0FA
200,73,98,#43BDFA
201,73,98,#43BAFA
202,73,98,#43B7FA
203,73,98,#43B4FA
204,73,98,#43B1FA
205,73,98,#43AEFA
206,73,98,#43ABFA
207,73,98,#43A8FA
208,73,98,#43A5FA
209,73,98,#43A2FA
210,73,98,#439FFA
211,73,98,#439CFA
212,73,98,#4399FA
213,73,98,#4396FA
214,73,98,#4393FA
215,73,98,#438FFA
216,73,98,#438CFA
217,73,98,#4389FA
218,73,98,#4386FA
219,73,98,#4383FA
220,73,98,#4380FA
221,73,98,#437DFA
222,73,98,#437AFA
223,73,98,#4377FA
224,73,98,#4374FA
225,73,98,#4371FA
226,73,98,#436EFA
227,73,98,#436BFA
228,73,98,#4368FA
229,73,98,#4365FA
230,73,98,#4362FA
231,73,98,#435FFA
232,73,98,#435CFA
233,73,98,#4359FA
234,73,98,#4356FA
235,73,98,#4353FA
236,73,98,#4350FA
237,73,98,#434DFA
238,73,98,#434AFA
239,73,98,#4347FA
240,73,98,#4343FA
241,73,98,#4743FA
242,73,98,#4A43FA
243,73,98,#4D43FA
244,73,98,#5043FA
245,73,98,#5343FA
246,73,98,#5643FA
247,73,98,#5943FA
248,73,98,#5C43FA
249,73,98,#5F43FA
250,73,98,#6243FA
251,73,98,#6543FA
252,73,98,#6843FA
253,73,98,#6B43FA
254,73,98,#6E43FA
255,73,98,#7143FA
256,73,98,#7443FA
257,73,98,#7743FA
258,73,98,#7A43FA
259,73,98,#7D43FA
260,73,98,#8043FA
261,73,98,#8343FA
262,73,98,#8643FA
263,73,98,#8943FA
264,73,98,#8C43FA
265,73,98,#8F43FA
266,73,98,#9343FA
267,73,98,#9643FA
268,73,98,#9943FA
269,73,98,#9C43FA
270,73,98,#9F43FA
271,73,98,#A243FA
272,73,98,#A543FA
273,73,98,#A843FA
274,73,98,#AB43FA
275,73,98,#AE43FA
276,73,98,#B143FA
277,73,98,#B443FA
278,73,98,#B743FA
279,73,98,#BA43FA
280,73,98,#BD43FA
281,73,98,#C043FA
282,73,98,#C343FA
283,73,98,#C643FA
284,73,98,#C943FA
285,73,98,#CC43FA
286,73,98,#CF43FA
287,73,98,#D243FA
288,73,98,#D543FA
289,73,98,#D843FA
290,73,98,#DB43FA
291,73,98,#DF43FA
292,73,98,#E243FA
293,73,98,#E543FA
294,73,98,#E843FA
295,73,98,#EB43FA
296,73,98,#EE43FA
297,73,98,#F143FA
298,73,98,#F443FA
299,73,98,#F743FA
300,73,98,#FA43FA
301,73,98,#FA43F7
302,73,98,#FA43F4
303,73,98,#FA43F1
304,73,98,#FA43EE
305,73,98,#FA43EB
306,73,98,#FA43E8
307,73,98,#FA43E5
308,73,98,#FA43E2
309,73,98,#FA43DF
310,73,98,#FA43DB
311,73,98,#FA43D8
312,73,98,#FA43D5
313,73,98,#FA43D2
314,73,98,#FA43CF
315,73,98,#FA43CC
316,73,98,#FA43C9
317,73,98,#FA43C6
318,73,98,#FA43C3
319,73,98,#FA43C0
320,73,98,#FA43BD
321,73,98,#FA43BA
322,73,98,#FA43B7
323,73,98,#FA43B4
324,73,98,#FA43B1
325,73,98,#FA43AE
326,73,98,#FA43AB
327,73,98,#FA43A8
328,73,98,#FA43A5
329,73,98,#FA43A2
330,73,98,#FA439F
331,73,98,#FA439C
332,73,98,#FA4399
333,73,98,#FA4396
334,73,98,#FA4393
335,73,98,#FA438F
336,73,98,#FA438C
337,73,98,#FA4389
338,73,98,#FA4386
339,73,98,#FA4383
340,73,98,#FA4380
341,73,98,#FA437D
342,73,98,#FA437A
343,73,98,#FA4377
344,73,98,#FA4374
345,73,98,#FA4371
346,73,98,#FA436E
347,73,98,#FA436B
348,73,98,#FA4368
349,73,98,#FA4365
350,73,98,#FA4362
351,73,98,#FA435F
352,73,98,#FA435C
353,73,98,#FA4359
354,73,98,#FA4356
355,73,98,#FA4353
356,73,98,#FA4350
357,73,98,#FA434D
358,73,98,#FA434A
359,73,98,#FA4347
0,72,98,#FA4646
1,72,98,#FA4946
2,72,98,#FA4C46
3,72,98,#FA4F46
4,72,98,#FA5246
5,72,98,#FA5546
6,72,98,#FA5846
7,72,98,#FA5B46
8,72,98,#FA5E46
9,72,98,#FA6146
10,72,98,#FA6446
11,72,98,#FA6746
12,72,98,#FA6A46
13,72,98,#FA6D46
14,72,98,#FA7046
15,72,98,#FA7346
16,72,98,#FA7646
17,72,98,#FA7946
18,72,98,#FA7C46
19,72,98,#FA7F46
20,72,98,#FA8246
21,72,98,#FA8546
22,72,98,#FA8846
23,72,98,#FA8B46
24,72,98,#FA8E46
25,72,98,#FA9146
26,72,98,#FA9446
27,72,98,#FA9746
28,72,98,#FA9A46
29,72,98,#FA9D46
30,72,98,#FAA046
31,72,98,#FAA346
32,72,98,#FAA646
33,72,98,#FAA946
34,72,98,#FAAC46
35,72,98,#FAAF46
36,72,98,#FAB246
37,72,98,#FAB546
38,72,98,#FAB846
39,72,98,#FABB46
40,72,98,#FABE46
41,72,98,#FAC146
42,72,98,#FAC446
43,72,98,#FAC746
44,72,98,#FACA46
45,72,98,#FACD46
46,72,98,#FAD046
47,72,98,#FAD346
48,72,98,#FAD646
49,72,98,#FAD946
50,72,98,#FADC46
51,72,98,#FADF46
52,72,98,#FAE246
53,72,98,#FAE546
54,72,98,#FAE846
55,72,98,#FAEB46
56,72,98,#FAEE46
57,72,98,#FAF146
58,72,98,#FAF446
59,72,98,#FAF746
60,72,98,#FAFA46
61,72,98,#F7FA46
62,72,98,#F4FA46
63,72,98,#F1FA46
64,72,98,#EEFA46
65,72,98,#EBFA46
66,72,98,#E8FA46
67,72,98,#E5FA46
68,72,98,#E2FA46
69,72,98,#DFFA46
70,72,98,#DCFA46
71,72,98,#D9FA46
72,72,98,#D6FA46
73,72,98,#D3FA46
74,72,98,#D0FA46
75,72,98,#CDFA46
76,72,98,#CAFA46
77,72,98,#C7FA46
78,72,98,#C4FA46
79,72,98,#C1FA46
80,72,98,#BEFA46
81,72,98,#BBFA46
82,72,98,#B8FA46
83,72,98,#B5FA46
84,72,98,#B2FA46
85,72,98,#AFFA46
86,72,98,#ACFA46
87,72,98,#A9FA46
88,72,98,#A6FA46
89,72,98,#A3FA46
90,72,98,#A0FA46
91,72,98,#9DFA46
92,72,98,#9AFA46
93,72,98,#97FA46
94,72,98,#94FA46
95,72,98,#91FA46
96,72,98,#8EFA46
97,72,98,#8BFA46
98,72,98,#88FA46
99,72,98,#85FA46
100,72,98,#82FA46
101,72,98,#7FFA46
102,72,98,#7CFA46
103,72,98,#79FA46
104,72,98,#76FA46
105,72,98,#73FA46
106,72,98,#70FA46
107,72,98,#6DFA46
108,72,98,#6AFA46
109,72,98,#67FA46
110,72,98,#64FA46
111,72,98,#61FA46
112,72,98,#5EFA46
113,72,98,#5BFA46
114,72,98,#58FA46
115,72,98,#55FA46
116,72,98,#52FA46
117,72,98,#4FFA46
118,72,98,#4CFA46
119,72,98,#49FA46
120,72,98,#46FA46
121,72,98,#46FA49
122,72,98,#46FA4C
123,72,98,#46FA4F
124,72,98,#46FA52
125,72,98,#46FA55
126,72,98,#46FA58
127,72,98,#46FA5B
128,72,98,#46FA5E
129,72,98,#46FA61
130,72,98,#46FA64
131,72,98,#46FA67
132,72,98,#46FA6A
133,72,98,#46FA6D
134,72,98,#46FA70
135,72,98,#46FA73
136,72,98,#46FA76
137,72,98,#46FA79
138,72,98,#46FA7C
139,72,98,#46FA7F
140,72,98,#46FA82
141,72,98,#46FA85
142,72,98,#46FA88
143,72,98,#46FA8B
144,72,98,#46FA8E
145,72,98,#46FA91
146,72,98,#46FA94
147,72,98,#46FA97
148,72,98,#46FA9A
149,72,98,#46FA9D
150,72,98,#46FAA0
151,72,98,#46FAA3
152,72,98,#46FAA6
153,72,98,#46FAA9
154,72,98,#46FAAC
155,72,98,#46FAAF
156,72,98,#46FAB2
157,72,98,#46FAB5
158,72,98,#46FAB8
159,72,98,#46FABB
160,72,98,#46FABE
161,72,98,#46FAC1
162,72,98,#46FAC4
163,72,98,#46FAC7
164,72,98,#46FACA
165,72,98,#46FACD
166,72,98,#46FAD0
167,72,98,#46FAD3
168,72,98,#46FAD6
169,72,98,#46FAD9
170,72,98,#46FADC
171,72,98,#46FADF
172,72,98,#46FAE2
173,72,98,#46FAE5
174,72,98,#46FAE8
175,72,98,#46FAEB
176,72,98,#46FAEE
177,72,98,#46FAF1
178,72,98,#46FAF4
179,72,98,#46FAF7
180,72,98,#46FAFA
181,72,98,#46F7FA
182,72,98,#46F4FA
183,72,98,#46F1FA
184,72,98,#46EEFA
185,72,98,#46EBFA
186,72,98,#46E8FA
187,72,98,#46E5FA
188,72,98,#46E2FA
189,72,98,#46DFFA
190,72,98,#46DCFA
191,72,98,#46D9FA
192,72,98,#46D6FA
193,72,98,#46D3FA
194,72,98,#46D0FA
195,72,98,#46CDFA
196,72,98,#46CAFA
197,72,98,#46C7FA
198,72,98,#46C4FA
199,72,98,#46C1FA
200,72,98,#46BEFA
201,72,98,#46BBFA
202,72,98,#46B8FA
203,72,98,#46B5FA
204,72,98,#46B2FA
205,72,98,#46AFFA
206,72,98,#46ACFA
207,72,98,#46A9FA
208,72,98,#46A6FA
209,72,98,#46A3FA
210,72,98,#46A0FA
211,72,98,#469DFA
212,72,98,#469AFA
213,72,98,#4697FA
214,72,98,#4694FA
215,72,98,#4691FA
216,72,98,#468EFA
217,72,98,#468BFA
218,72,98,#4688FA
219,72,98,#4685FA
220,72,98,#4682FA
221,72,98,#467FFA
222,72,98,#467CFA
223,72,98,#4679FA
224,72,98,#4676FA
225,72,98,#4673FA
226,72,98,#4670FA
227,72,98,#466DFA
228,72,98,#466AFA
229,72,98,#4667FA
230,72,98,#4664FA
231,72,98,#4661FA
232,72,98,#465EFA
233,72,98,#465BFA
234,72,98,#4658FA
235,72,98,#4655FA
236,72,98,#4652FA
237,72,98,#464FFA
238,72,98,#464CFA
239,72,98,#4649FA
240,72,98,#4646FA
241,72,98,#4946FA
242,72,98,#4C46FA
243,72,98,#4F46FA
244,72,98,#5246FA
245,72,98,#5546FA
246,72,98,#5846FA
247,72,98,#5B46FA
248,72,98,#5E46FA
249,72,98,#6146FA
250,72,98,#6446FA
251,72,98,#6746FA
252,72,98,#6A46FA
253,72,98,#6D46FA
254,72,98,#7046FA
255,72,98,#7346FA
256,72,98,#7646FA
257,72,98,#7946FA
258,72,98,#7C46FA
259,72,98,#7F46FA
260,72,98,#8246FA
261,72,98,#8546FA
262,72,98,#8846FA
263,72,98,#8B46FA
264,72,98,#8E46FA
265,72,98,#9146FA
266,72,98,#9446FA
267,72,98,#9746FA
268,72,98,#9A46FA
269,72,98,#9D46FA
270,72,98,#A046FA
271,72,98,#A346FA
272,72,98,#A646FA
273,72,98,#A946FA
274,72,98,#AC46FA
275,72,98,#AF46FA
276,72,98,#B246FA
277,72,98,#B546FA
278,72,98,#B846FA
279,72,98,#BB46FA
280,72,98,#BE46FA
281,72,98,#C146FA
282,72,98,#C446FA
283,72,98,#C746FA
284,72,98,#CA46FA
285,72,98,#CD46FA
286,72,98,#D046FA
287,72,98,#D346FA
288,72,98,#D646FA
289,72,98,#D946FA
290,72,98,#DC46FA
291,72,98,#DF46FA
292,72,98,#E246FA
293,72,98,#E546FA
294,72,98,#E846FA
295,72,98,#EB46FA
296,72,98,#EE46FA
297,72,98,#F146FA
298,72,98,#F446FA
299,72,98,#F746FA
300,72,98,#FA46FA
301,72,98,#FA46F7
302,72,98,#FA46F4
303,72,98,#FA46F1
304,72,98,#FA46EE
305,72,98,#FA46EB
306,72,98,#FA46E8
307,72,98,#FA46E5
308,72,98,#FA46E2
309,72,98,#FA46DF
310,72,98,#FA46DC
311,72,98,#FA46D9
312,72,98,#FA46D6
313,72,98,#FA46D3
314,72,98,#FA46D0
315,72,98,#FA46CD
316,72,98,#FA46CA
317,72,98,#FA46C7
318,72,98,#FA46C4
319,72,98,#FA46C1
320,72,98,#FA46BE
321,72,98,#FA46BB
322,72,98,#FA46B8
323,72,98,#FA46B5
324,72,98,#FA46B2
325,72,98,#FA46AF
326,72,98,#FA46AC
327,72,98,#FA46A9
328,72,98,#FA46A6
329,72,98,#FA46A3
330,72,98,#FA46A0
331,72,98,#FA469D
332,72,98,#FA469A
333,72,98,#FA4697
334,72,98,#FA4694
335,72,98,#FA4691
336,72,98,#FA468E
337,72,98,#FA468B
338,72,98,#FA4688
339,72,98,#FA4685
340,72,98,#FA4682
341,72,98,#FA467F
342,72,98,#FA467C
343,72,98,#FA4679
344,72,98,#FA4676
345,72,98,#FA4673
346,72,98,#FA4670
347,72,98,#FA466D
348,72,98,#FA466A
349,72,98,#FA4667
350,72,98,#FA4664
351,72,98,#FA4661
352,72,98,#FA465E
353,72,98,#FA465B
354,72,98,#FA4658
355,72,98,#FA4655
356,72,98,#FA4652
357,72,98,#FA464F
358,72,98,#FA464C
359,72,98,#FA4649
0,71,98,#FA4848
1,71,98,#FA4B48
2,71,98,#FA4E48
3,71,98,#FA5148
4,71,98,#FA5448
5,71,98,#FA5748
6,71,98,#FA5A48
7,71,98,#FA5D48
8,71,98,#FA6048
9,71,98,#FA6348
10,71,98,#FA6648
11,71,98,#FA6948
12,71,98,#FA6C48
13,71,98,#FA6F48
14,71,98,#FA7248
15,71,98,#FA7548
16,71,98,#FA7848
17,71,98,#FA7B48
18,71,98,#FA7E48
19,71,98,#FA8148
20,71,98,#FA8448
21,71,98,#FA8748
22,71,98,#FA8A48
23,71,98,#FA8C48
24,71,98,#FA8F48
25,71,98,#FA9248
26,71,98,#FA9548
27,71,98,#FA9848
28,71,98,#FA9B48
29,71,98,#FA9E48
30,71,98,#FAA148
31,71,98,#FAA448
32,71,98,#FAA748
33,71,98,#FAAA48
34,71,98,#FAAD48
35,71,98,#FAB048
36,71,98,#FAB348
37,71,98,#FAB648
38,71,98,#FAB948
39,71,98,#FABC48
40,71,98,#FABF48
41,71,98,#FAC248
42,71,98,#FAC548
43,71,98,#FAC848
44,71,98,#FACB48
45,71,98,#FACE48
46,71,98,#FAD048
47,71,98,#FAD348
48,71,98,#FAD648
49,71,98,#FAD948
50,71,98,#FADC48
51,71,98,#FADF48
52,71,98,#FAE248
53,71,98,#FAE548
54,71,98,#FAE848
55,71,98,#FAEB48
56,71,98,#FAEE48
57,71,98,#FAF148
58,71,98,#FAF448
59,71,98,#FAF748
60,71,98,#FAFA48
61,71,98,#F7FA48
62,71,98,#F4FA48
63,71,98,#F1FA48
64,71,98,#EEFA48
65,71,98,#EBFA48
66,71,98,#E8FA48
67,71,98,#E5FA48
68,71,98,#E2FA48
69,71,98,#DFFA48
70,71,98,#DCFA48
71,71,98,#D9FA48
72,71,98,#D6FA48
73,71,98,#D3FA48
74,71,98,#D0FA48
75,71,98,#CEFA48
76,71,98,#CBFA48
77,71,98,#C8FA48
78,71,98,#C5FA48
79,71,98,#C2FA48
80,71,98,#BFFA48
81,71,98,#BCFA48
82,71,98,#B9FA48
83,71,98,#B6FA48
84,71,98,#B3FA48
85,71,98,#B0FA48
86,71,98,#ADFA48
87,71,98,#AAFA48
88,71,98,#A7FA48
89,71,98,#A4FA48
90,71,98,#A1FA48
91,71,98,#9EFA48
92,71,98,#9BFA48
93,71,98,#98FA48
94,71,98,#95FA48
95,71,98,#92FA48
96,71,98,#8FFA48
97,71,98,#8CFA48
98,71,98,#8AFA48
99,71,98,#87FA48
100,71,98,#84FA48
101,71,98,#81FA48
102,71,98,#7EFA48
103,71,98,#7BFA48
104,71,98,#78FA48
105,71,98,#75FA48
106,71,98,#72FA48
107,71,98,#6FFA48
108,71,98,#6CFA48
109,71,98,#69FA48
110,71,98,#66FA48
111,71,98,#63FA48
112,71,98,#60FA48
113,71,98,#5DFA48
114,71,98,#5AFA48
115,71,98,#57FA48
116,71,98,#54FA48
117,71,98,#51FA48
118,71,98,#4EFA48
119,71,98,#4BFA48
120,71,98,#48FA48
121,71,98,#48FA4B
122,71,98,#48FA4E
123,71,98,#48FA51
124,71,98,#48FA54
125,71,98,#48FA57
126,71,98,#48FA5A
127,71,98,#48FA5D
128,71,98,#48FA60
129,71,98,#48FA63
130,71,98,#48FA66
131,71,98,#48FA69
132,71,98,#48FA6C
133,71,98,#48FA6F
134,71,98,#48FA72
135,71,98,#48FA75
136,71,98,#48FA78
137,71,98,#48FA7B
138,71,98,#48FA7E
139,71,98,#48FA81
140,71,98,#48FA84
141,71,98,#48FA87
142,71,98,#48FA8A
143,71,98,#48FA8C
144,71,98,#48FA8F
145,71,98,#48FA92
146,71,98,#48FA95
147,71,98,#48FA98
148,71,98,#48FA9B
149,71,98,#48FA9E
150,71,98,#48FAA1
151,71,98,#48FAA4
152,71,98,#48FAA7
153,71,98,#48FAAA
154,71,98,#48FAAD
155,71,98,#48FAB0
156,71,98,#48FAB3
157,71,98,#48FAB6
158,71,98,#48FAB9
159,71,98,#48FABC
160,71,98,#48FABF
161,71,98,#48FAC2
162,71,98,#48FAC5
163,71,98,#48FAC8
164,71,98,#48FACB
165,71,98,#48FACE
166,71,98,#48FAD0
167,71,98,#48FAD3
168,71,98,#48FAD6
169,71,98,#48FAD9
170,71,98,#48FADC
171,71,98,#48FADF
172,71,98,#48FAE2
173,71,98,#48FAE5
174,71,98,#48FAE8
175,71,98,#48FAEB
176,71,98,#48FAEE
177,71,98,#48FAF1
178,71,98,#48FAF4
179,71,98,#48FAF7
180,71,98,#48FAFA
181,71,98,#48F7FA
182,71,98,#48F4FA
183,71,98,#48F1FA
184,71,98,#48EEFA
185,71,98,#48EBFA
186,71,98,#48E8FA
187,71,98,#48E5FA
188,71,98,#48E2FA
189,71,98,#48DFFA
190,71,98,#48DCFA
191,71,98,#48D9FA
192,71,98,#48D6FA
193,71,98,#48D3FA
194,71,98,#48D0FA
195,71,98,#48CEFA
196,71,98,#48CBFA
197,71,98,#48C8FA
198,71,98,#48C5FA
199,71,98,#48C2FA
200,71,98,#48BFFA
201,71,98,#48BCFA
202,71,98,#48B9FA
203,71,98,#48B6FA
204,71,98,#48B3FA
205,71,98,#48B0FA
206,71,98,#48ADFA
207,71,98,#48AAFA
208,71,98,#48A7FA
209,71,98,#48A4FA
210,71,98,#48A1FA
211,71,98,#489EFA
212,71,98,#489BFA
213,71,98,#4898FA
214,71,98,#4895FA
215,71,98,#4892FA
216,71,98,#488FFA
217,71,98,#488CFA
218,71,98,#488AFA
219,71,98,#4887FA
220,71,98,#4884FA
221,71,98,#4881FA
222,71,98,#487EFA
223,71,98,#487BFA
224,71,98,#4878FA
225,71,98,#4875FA
226,71,98,#4872FA
227,71,98,#486FFA
228,71,98,#486CFA
229,71,98,#4869FA
230,71,98,#4866FA
231,71,98,#4863FA
232,71,98,#4860FA
233,71,98,#485DFA
234,71,98,#485AFA
235,71,98,#4857FA
236,71,98,#4854FA
237,71,98,#4851FA
238,71,98,#484EFA
239,71,98,#484BFA
240,71,98,#4848FA
241,71,98,#4B48FA
242,71,98,#4E48FA
243,71,98,#5148FA
244,71,98,#5448FA
245,71,98,#5748FA
246,71,98,#5A48FA
247,71,98,#5D48FA
248,71,98,#6048FA
249,71,98,#6348FA
250,71,98,#6648FA
251,71,98,#6948FA
252,71,98,#6C48FA
253,71,98,#6F48FA
254,71,98,#7248FA
255,71,98,#7548FA
256,71,98,#7848FA
257,71,98,#7B48FA
258,71,98,#7E48FA
259,71,98,#8148FA
260,71,98,#8448FA
261,71,98,#8748FA
262,71,98,#8A48FA
263,71,98,#8C48FA
264,71,98,#8F48FA
265,71,98,#9248FA
266,71,98,#9548FA
267,71,98,#9848FA
268,71,98,#9B48FA
269,71,98,#9E48FA
270,71,98,#A148FA
271,71,98,#A448FA
272,71,98,#A748FA
273,71,98,#AA48FA
274,71,98,#AD48FA
275,71,98,#B048FA
276,71,98,#B348FA
277,71,98,#B648FA
278,71,98,#B948FA
279,71,98,#BC48FA
280,71,98,#BF48FA
281,71,98,#C248FA
282,71,98,#C548FA
283,71,98,#C848FA
284,71,98,#CB48FA
285,71,98,#CE48FA
286,71,98,#D048FA
287,71,98,#D348FA
288,71,98,#D648FA
289,71,98,#D948FA
290,71,98,#DC48FA
291,71,98,#DF48FA
292,71,98,#E248FA
293,71,98,#E548FA
294,71,98,#E848FA
295,71,98,#EB48FA
296,71,98,#EE48FA
297,71,98,#F148FA
298,71,98,#F448FA
299,71,98,#F748FA
300,71,98,#FA48FA
301,71,98,#FA48F7
302,71,98,#FA48F4
303,71,98,#FA48F1
304,71,98,#FA48EE
305,71,98,#FA48EB
306,71,98,#FA48E8
307,71,98,#FA48E5
308,71,98,#FA48E2
309,71,98,#FA48DF
310,71,98,#FA48DC
311,71,98,#FA48D9
312,71,98,#FA48D6
313,71,98,#FA48D3
314,71,98,#FA48D0
315,71,98,#FA48CE
316,71,98,#FA48CB
317,71,98,#FA48C8
318,71,98,#FA48C5
319,71,98,#FA48C2
320,71,98,#FA48BF
321,71,98,#FA48BC
322,71,98,#FA48B9
323,71,98,#FA48B6
324,71,98,#FA48B3
325,71,98,#FA48B0
326,71,98,#FA48AD
327,71,98,#FA48AA
328,71,98,#FA48A7
329,71,98,#FA48A4
330,71,98,#FA48A1
331,71,98,#FA489E
332,71,98,#FA489B
333,71,98,#FA4898
334,71,98,#FA4895
335,71,98,#FA4892
336,71,98,#FA488F
337,71,98,#FA488C
338,71,98,#FA488A
339,71,98,#FA4887
340,71,98,#FA4884
341,71,98,#FA4881
342,71,98,#FA487E
343,71,98,#FA487B
344,71,98,#FA4878
345,71,98,#FA4875
346,71,98,#FA4872
347,71,98,#FA486F
348,71,98,#FA486C
349,71,98,#FA4869
350,71,98,#FA4866
351,71,98,#FA4863
352,71,98,#FA4860
353,71,98,#FA485D
354,71,98,#FA485A
355,71,98,#FA4857
356,71,98,#FA4854
357,71,98,#FA4851
358,71,98,#FA484E
359,71,98,#FA484B
0,70,98,#FA4B4B
1,70,98,#FA4E4B
2,70,98,#FA514B
3,70,98,#FA544B
4,70,98,#FA574B
5,70,98,#FA5A4B
6,70,98,#FA5C4B
7,70,98,#FA5F4B
8,70,98,#FA624B
9,70,98,#FA654B
10,70,98,#FA684B
11,70,98,#FA6B4B
12,70,98,#FA6E4B
13,70,98,#FA714B
14,70,98,#FA744B
15,70,98,#FA774B
16,70,98,#FA7A4B
17,70,98,#FA7D4B
18,70,98,#FA7F4B
19,70,98,#FA824B
20,70,98,#FA854B
21,70,98,#FA884B
22,70,98,#FA8B4B
23,70,98,#FA8E4B
24,70,98,#FA914B
25,70,98,#FA944B
26,70,98,#FA974B
27,70,98,#FA9A4B
28,70,98,#FA9D4B
29,70,98,#FAA04B
30,70,98,#FAA24B
31,70,98,#FAA54B
32,70,98,#FAA84B
33,70,98,#FAAB4B
34,70,98,#FAAE4B
35,70,98,#FAB14B
36,70,98,#FAB44B
37,70,98,#FAB74B
38,70,98,#FABA4B
39,70,98,#FABD4B
40,70,98,#FAC04B
41,70,98,#FAC34B
42,70,98,#FAC54B
43,70,98,#FAC84B
44,70,98,#FACB4B
45,70,98,#FACE4B
46,70,98,#FAD14B
47,70,98,#FAD44B
48,70,98,#FAD74B
49,70,98,#FADA4B
50,70,98,#FADD4B
51,70,98,#FAE04B
52,70,98,#FAE34B
53,70,98,#FAE54B
54,70,98,#FAE84B
55,70,98,#FAEB4B
56,70,98,#FAEE4B
57,70,98,#FAF14B
58,70,98,#FAF44B
59,70,98,#FAF74B
60,70,98,#FAFA4B
61,70,98,#F7FA4B
62,70,98,#F4FA4B
63,70,98,#F1FA4B
64,70,98,#EEFA4B
65,70,98,#EBFA4B
66,70,98,#E8FA4B
67,70,98,#E5FA4B
68,70,98,#E3FA4B
69,70,98,#E0FA4B
70,70,98,#DDFA4B
71,70,98,#DAFA4B
72,70,98,#D7FA4B
73,70,98,#D4FA4B
74,70,98,#D1FA4B
75,70,98,#CEFA4B
76,70,98,#CBFA4B
77,70,98,#C8FA4B
78,70,98,#C5FA4B
79,70,98,#C3FA4B
80,70,98,#C0FA4B
81,70,98,#BDFA4B
82,70,98,#BAFA4B
83,70,98,#B7FA4B
84,70,98,#B4FA4B
85,70,98,#B1FA4B
86,70,98,#AEFA4B
87,70,98,#ABFA4B
88,70,98,#A8FA4B
89,70,98,#A5FA4B
90,70,98,#A2FA4B
91,70,98,#A0FA4B
92,70,98,#9DFA4B
93,70,98,#9AFA4B
94,70,98,#97FA4B
95,70,98,#94FA4B
96,70,98,#91FA4B
97,70,98,#8EFA4B
98,70,98,#8BFA4B
99,70,98,#88FA4B
100,70,98,#85FA4B
101,70,98,#82FA4B
102,70,98,#7FFA4B
103,70,98,#7DFA4B
104,70,98,#7AFA4B
105,70,98,#77FA4B
106,70,98,#74FA4B
107,70,98,#71FA4B
108,70,98,#6EFA4B
109,70,98,#6BFA4B
110,70,98,#68FA4B
111,70,98,#65FA4B
112,70,98,#62FA4B
113,70,98,#5FFA4B
114,70,98,#5CFA4B
115,70,98,#5AFA4B
116,70,98,#57FA4B
117,70,98,#54FA4B
118,70,98,#51FA4B
119,70,98,#4EFA4B
120,70,98,#4BFA4B
121,70,98,#4BFA4E
122,70,98,#4BFA51
123,70,98,#4BFA54
124,70,98,#4BFA57
125,70,98,#4BFA5A
126,70,98,#4BFA5C
127,70,98,#4BFA5F
128,70,98,#4BFA62
129,70,98,#4BFA65
130,70,98,#4BFA68
131,70,98,#4BFA6B
132,70,98,#4BFA6E
133,70,98,#4BFA71
134,70,98,#4BFA74
135,70,98,#4BFA77
136,70,98,#4BFA7A
137,70,98,#4BFA7D
138,70,98,#4BFA7F
139,70,98,#4BFA82
140,70,98,#4BFA85
141,70,98,#4BFA88
142,70,98,#4BFA8B
143,70,98,#4BFA8E
144,70,98,#4BFA91
145,70,98,#4BFA94
146,70,98,#4BFA97
147,70,98,#4BFA9A
148,70,98,#4BFA9D
149,70,98,#4BFAA0
150,70,98,#4BFAA2
151,70,98,#4BFAA5
152,70,98,#4BFAA8
153,70,98,#4BFAAB
154,70,98,#4BFAAE
155,70,98,#4BFAB1
156,70,98,#4BFAB4
157,70,98,#4BFAB7
158,70,98,#4BFABA
159,70,98,#4BFABD
160,70,98,#4BFAC0
161,70,98,#4BFAC3
162,70,98,#4BFAC5
163,70,98,#4BFAC8
164,70,98,#4BFACB
165,70,98,#4BFACE
166,70,98,#4BFAD1
167,70,98,#4BFAD4
168,70,98,#4BFAD7
169,70,98,#4BFADA
170,70,98,#4BFADD
171,70,98,#4BFAE0
172,70,98,#4BFAE3
173,70,98,#4BFAE5
174,70,98,#4BFAE8
175,70,98,#4BFAEB
176,70,98,#4BFAEE
177,70,98,#4BFAF1
178,70,98,#4BFAF4
179,70,98,#4BFAF7
180,70,98,#4BFAFA
181,70,98,#4BF7FA
182,70,98,#4BF4FA
183,70,98,#4BF1FA
184,70,98,#4BEEFA
185,70,98,#4BEBFA
186,70,98,#4BE8FA
187,70,98,#4BE5FA
188,70,98,#4BE3FA
189,70,98,#4BE0FA
190,70,98,#4BDDFA
191,70,98,#4BDAFA
192,70,98,#4BD7FA
193,70,98,#4BD4FA
194,70,98,#4BD1FA
195,70,98,#4BCEFA
196,70,98,#4BCBFA
197,70,98,#4BC8FA
198,70,98,#4BC5FA
199,70,98,#4BC3FA
200,70,98,#4BC0FA
201,70,98,#4BBDFA
202,70,98,#4BBAFA
203,70,98,#4BB7FA
204,70,98,#4BB4FA
205,70,98,#4BB1FA
206,70,98,#4BAEFA
207,70,98,#4BABFA
208,70,98,#4BA8FA
209,70,98,#4BA5FA
210,70,98,#4BA2FA
211,70,98,#4BA0FA
212,70,98,#4B9DFA
213,70,98,#4B9AFA
214,70,98,#4B97FA
215,70,98,#4B94FA
216,70,98,#4B91FA
217,70,98,#4B8EFA
218,70,98,#4B8BFA
219,70,98,#4B88FA
220,70,98,#4B85FA
221,70,98,#4B82FA
222,70,98,#4B7FFA
223,70,98,#4B7DFA
224,70,98,#4B7AFA
225,70,98,#4B77FA
226,70,98,#4B74FA
227,70,98,#4B71FA
228,70,98,#4B6EFA
229,70,98,#4B6BFA
230,70,98,#4B68FA
231,70,98,#4B65FA
232,70,98,#4B62FA
233,70,98,#4B5FFA
234,70,98,#4B5CFA
235,70,98,#4B5AFA
236,70,98,#4B57FA
237,70,98,#4B54FA
238,70,98,#4B51FA
239,70,98,#4B4EFA
240,70,98,#4B4BFA
241,70,98,#4E4BFA
242,70,98,#514BFA
243,70,98,#544BFA
244,70,98,#574BFA
245,70,98,#5A4BFA
246,70,98,#5C4BFA
247,70,98,#5F4BFA
248,70,98,#624BFA
249,70,98,#654BFA
250,70,98,#684BFA
251,70,98,#6B4BFA
252,70,98,#6E4BFA
253,70,98,#714BFA
254,70,98,#744BFA
255,70,98,#774BFA
256,70,98,#7A4BFA
257,70,98,#7D4BFA
258,70,98,#7F4BFA
259,70,98,#824BFA
260,70,98,#854BFA
261,70,98,#884BFA
262,70,98,#8B4BFA
263,70,98,#8E4BFA
264,70,98,#914BFA
265,70,98,#944BFA
266,70,98,#974BFA
267,70,98,#9A4BFA
268,70,98,#9D4BFA
269,70,98,#A04BFA
270,70,98,#A24BFA
271,70,98,#A54BFA
272,70,98,#A84BFA
273,70,98,#AB4BFA
274,70,98,#AE4BFA
275,70,98,#B14BFA
276,70,98,#B44BFA
277,70,98,#B74BFA
278,70,98,#BA4BFA
279,70,98,#BD4BFA
280,70,98,#C04BFA
281,70,98,#C34BFA
282,70,98,#C54BFA
283,70,98,#C84BFA
284,70,98,#CB4BFA
285,70,98,#CE4BFA
286,70,98,#D14BFA
287,70,98,#D44BFA
288,70,98,#D74BFA
289,70,98,#DA4BFA
290,70,98,#DD4BFA
291,70,98,#E04BFA
292,70,98,#E34BFA
293,70,98,#E54BFA
294,70,98,#E84BFA
295,70,98,#EB4BFA
296,70,98,#EE4BFA
297,70,98,#F14BFA
298,70,98,#F44BFA
299,70,98,#F74BFA
300,70,98,#FA4BFA
301,70,98,#FA4BF7
302,70,98,#FA4BF4
303,70,98,#FA4BF1
304,70,98,#FA4BEE
305,70,98,#FA4BEB
306,70,98,#FA4BE8
307,70,98,#FA4BE5
308,70,98,#FA4BE3
309,70,98,#FA4BE0
310,70,98,#FA4BDD
311,70,98,#FA4BDA
312,70,98,#FA4BD7
313,70,98,#FA4BD4
314,70,98,#FA4BD1
315,70,98,#FA4BCE
316,70,98,#FA4BCB
317,70,98,#FA4BC8
318,70,98,#FA4BC5
319,70,98,#FA4BC3
320,70,98,#FA4BC0
321,70,98,#FA4BBD
322,70,98,#FA4BBA
323,70,98,#FA4BB7
324,70,98,#FA4BB4
325,70,98,#FA4BB1
326,70,98,#FA4BAE
327,70,98,#FA4BAB
328,70,98,#FA4BA8
329,70,98,#FA4BA5
330,70,98,#FA4BA2
331,70,98,#FA4BA0
332,70,98,#FA4B9D
333,70,98,#FA4B9A
334,70,98,#FA4B97
335,70,98,#FA4B94
336,70,98,#FA4B91
337,70,98,#FA4B8E
338,70,98,#FA4B8B
339,70,98,#FA4B88
340,70,98,#FA4B85
341,70,98,#FA4B82
342,70,98,#FA4B7F
343,70,98,#FA4B7D
344,70,98,#FA4B7A
345,70,98,#FA4B77
346,70,98,#FA4B74
347,70,98,#FA4B71
348,70,98,#FA4B6E
349,70,98,#FA4B6B
350,70,98,#FA4B68
351,70,98,#FA4B65
352,70,98,#FA4B62
353,70,98,#FA4B5F
354,70,98,#FA4B5C
355,70,98,#FA4B5A
356,70,98,#FA4B57
357,70,98,#FA4B54
358,70,98,#FA4B51
359,70,98,#FA4B4E
0,69,98,#FA4D4D
1,69,98,#FA504D
2,69,98,#FA534D
3,69,98,#FA564D
4,69,98,#FA594D
5,69,98,#FA5C4D
6,69,98,#FA5F4D
7,69,98,#FA624D
8,69,98,#FA644D
9,69,98,#FA674D
10,69,98,#FA6A4D
11,69,98,#FA6D4D
12,69,98,#FA704D
13,69,98,#FA734D
14,69,98,#FA764D
15,69,98,#FA794D
16,69,98,#FA7B4D
17,69,98,#FA7E4D
18,69,98,#FA814D
19,69,98,#FA844D
20,69,98,#FA874D
21,69,98,#FA8A4D
22,69,98,#FA8D4D
23,69,98,#FA904D
24,69,98,#FA924D
25,69,98,#FA954D
26,69,98,#FA984D
27,69,98,#FA9B4D
28,69,98,#FA9E4D
29,69,98,#FAA14D
30,69,98,#FAA44D
31,69,98,#FAA74D
32,69,98,#FAA94D
33,69,98,#FAAC4D
34,69,98,#FAAF4D
35,69,98,#FAB24D
36,69,98,#FAB54D
37,69,98,#FAB84D
38,69,98,#FABB4D
39,69,98,#FABE4D
40,69,98,#FAC04D
41,69,98,#FAC34D
42,69,98,#FAC64D
43,69,98,#FAC94D
44,69,98,#FACC4D
45,69,98,#FACF4D
46,69,98,#FAD24D
47,69,98,#FAD54D
48,69,98,#FAD74D
49,69,98,#FADA4D
50,69,98,#FADD4D
51,69,98,#FAE04D
52,69,98,#FAE34D
53,69,98,#FAE64D
54,69,98,#FAE94D
55,69,98,#FAEC4D
56,69,98,#FAEE4D
57,69,98,#FAF14D
58,69,98,#FAF44D
59,69,98,#FAF74D
60,69,98,#FAFA4D
61,69,98,#F7FA4D
62,69,98,#F4FA4D
63,69,98,#F1FA4D
64,69,98,#EEFA4D
65,69,98,#ECFA4D
66,69,98,#E9FA4D
67,69,98,#E6FA4D
68,69,98,#E3FA4D
69,69,98,#E0FA4D
70,69,98,#DDFA4D
71,69,98,#DAFA4D
72,69,98,#D7FA4D
73,69,98,#D5FA4D
74,69,98,#D2FA4D
75,69,98,#CFFA4D
76,69,98,#CCFA4D
77,69,98,#C9FA4D
78,69,98,#C6FA4D
79,69,98,#C3FA4D
80,69,98,#C0FA4D
81,69,98,#BEFA4D
82,69,98,#BBFA4D
83,69,98,#B8FA4D
84,69,98,#B5FA4D
85,69,98,#B2FA4D
86,69,98,#AFFA4D
87,69,98,#ACFA4D
88,69,98,#A9FA4D
89,69,98,#A7FA4D
90,69,98,#A4FA4D
91,69,98,#A1FA4D
92,69,98,#9EFA4D
93,69,98,#9BFA4D
94,69,98,#98FA4D
95,69,98,#95FA4D
96,69,98,#92FA4D
97,69,98,#90FA4D
98,69,98,#8DFA4D
99,69,98,#8AFA4D
100,69,98,#87FA4D
101,69,98,#84FA4D
102,69,98,#81FA4D
103,69,98,#7EFA4D
104,69,98,#7BFA4D
105,69,98,#79FA4D
106,69,98,#76FA4D
107,69,98,#73FA4D
108,69,98,#70FA4D
109,69,98,#6DFA4D
110,69,98,#6AFA4D
111,69,98,#67FA4D
112,69,98,#64FA4D
113,69,98,#62FA4D
114,69,98,#5FFA4D
115,69,98,#5CFA4D
116,69,98,#59FA4D
117,69,98,#56FA4D
118,69,98,#53FA4D
119,69,98,#50FA4D
120,69,98,#4DFA4D
121,69,98,#4DFA50
122,69,98,#4DFA53
123,69,98,#4DFA56
124,69,98,#4DFA59
125,69,98,#4DFA5C
126,69,98,#4DFA5F
127,69,98,#4DFA62
128,69,98,#4DFA64
129,69,98,#4DFA67
130,69,98,#4DFA6A
131,69,98,#4DFA6D
132,69,98,#4DFA70
133,69,98,#4DFA73
134,69,98,#4DFA76
135,69,98,#4DFA79
136,69,98,#4DFA7B
137,69,98,#4DFA7E
138,69,98,#4DFA81
139,69,98,#4DFA84
140,69,98,#4DFA87
141,69,98,#4DFA8A
142,69,98,#4DFA8D
143,69,98,#4DFA90
144,69,98,#4DFA92
145,69,98,#4DFA95
146,69,98,#4DFA98
147,69,98,#4DFA9B
148,69,98,#4DFA9E
149,69,98,#4DFAA1
150,69,98,#4DFAA4
151,69,98,#4DFAA7
152,69,98,#4DFAA9
153,69,98,#4DFAAC
154,69,98,#4DFAAF
155,69,98,#4DFAB2
156,69,98,#4DFAB5
157,69,98,#4DFAB8
158,69,98,#4DFABB
159,69,98,#4DFABE
160,69,98,#4DFAC0
161,69,98,#4DFAC3
162,69,98,#4DFAC6
163,69,98,#4DFAC9
164,69,98,#4DFACC
165,69,98,#4DFACF
166,69,98,#4DFAD2
167,69,98,#4DFAD5
168,69,98,#4DFAD7
169,69,98,#4DFADA
170,69,98,#4DFADD
171,69,98,#4DFAE0
172,69,98,#4DFAE3
173,69,98,#4DFAE6
174,69,98,#4DFAE9
175,69,98,#4DFAEC
176,69,98,#4DFAEE
177,69,98,#4DFAF1
178,69,98,#4DFAF4
179,69,98,#4DFAF7
180,69,98,#4DFAFA
181,69,98,#4DF7FA
182,69,98,#4DF4FA
183,69,98,#4DF1FA
184,69,98,#4DEEFA
185,69,98,#4DECFA
186,69,98,#4DE9FA
187,69,98,#4DE6FA
188,69,98,#4DE3FA
189,69,98,#4DE0FA
190,69,98,#4DDDFA
191,69,98,#4DDAFA
192,69,98,#4DD7FA
193,69,98,#4DD5FA
194,69,98,#4DD2FA
195,69,98,#4DCFFA
196,69,98,#4DCCFA
197,69,98,#4DC9FA
198,69,98,#4DC6FA
199,69,98,#4DC3FA
200,69,98,#4DC0FA
201,69,98,#4DBEFA
202,69,98,#4DBBFA
203,69,98,#4DB8FA
204,69,98,#4DB5FA
205,69,98,#4DB2FA
206,69,98,#4DAFFA
207,69,98,#4DACFA
208,69,98,#4DA9FA
209,69,98,#4DA7FA
210,69,98,#4DA4FA
211,69,98,#4DA1FA
212,69,98,#4D9EFA
213,69,98,#4D9BFA
214,69,98,#4D98FA
215,69,98,#4D95FA
216,69,98,#4D92FA
217,69,98,#4D90FA
218,69,98,#4D8DFA
219,69,98,#4D8AFA
220,69,98,#4D87FA
221,69,98,#4D84FA
222,69,98,#4D81FA
223,69,98,#4D7EFA
224,69,98,#4D7BFA
225,69,98,#4D79FA
226,69,98,#4D76FA
227,69,98,#4D73FA
228,69,98,#4D70FA
229,69,98,#4D6DFA
230,69,98,#4D6AFA
231,69,98,#4D67FA
232,69,98,#4D64FA
233,69,98,#4D62FA
234,69,98,#4D5FFA
235,69,98,#4D5CFA
236,69,98,#4D59FA
237,69,98,#4D56FA
238,69,98,#4D53FA
239,69,98,#4D50FA
240,69,98,#4D4DFA
241,69,98,#504DFA
242,69,98,#534DFA
243,69,98,#564DFA
244,69,98,#594DFA
245,69,98,#5C4DFA
246,69,98,#5F4DFA
247,69,98,#624DFA
248,69,98,#644DFA
249,69,98,#674DFA
250,69,98,#6A4DFA
251,69,98,#6D4DFA
252,69,98,#704DFA
253,69,98,#734DFA
254,69,98,#764DFA
255,69,98,#794DFA
256,69,98,#7B4DFA
257,69,98,#7E4DFA
258,69,98,#814DFA
259,69,98,#844DFA
260,69,98,#874DFA
261,69,98,#8A4DFA
262,69,98,#8D4DFA
263,69,98,#904DFA
264,69,98,#924DFA
265,69,98,#954DFA
266,69,98,#984DFA
267,69,98,#9B4DFA
268,69,98,#9E4DFA
269,69,98,#A14DFA
270,69,98,#A44DFA
271,69,98,#A74DFA
272,69,98,#A94DFA
273,69,98,#AC4DFA
274,69,98,#AF4DFA
275,69,98,#B24DFA
276,69,98,#B54DFA
277,69,98,#B84DFA
278,69,98,#BB4DFA
279,69,98,#BE4DFA
280,69,98,#C04DFA
281,69,98,#C34DFA
282,69,98,#C64DFA
283,69,98,#C94DFA
284,69,98,#CC4DFA
285,69,98,#CF4DFA
286,69,98,#D24DFA
287,69,98,#D54DFA
288,69,98,#D74DFA
289,69,98,#DA4DFA
290,69,98,#DD4DFA
291,69,98,#E04DFA
292,69,98,#E34DFA
293,69,98,#E64DFA
294,69,98,#E94DFA
295,69,98,#EC4DFA
296,69,98,#EE4DFA
297,69,98,#F14DFA
298,69,98,#F44DFA
299,69,98,#F74DFA
300,69,98,#FA4DFA
301,69,98,#FA4DF7
302,69,98,#FA4DF4
303,69,98,#FA4DF1
304,69,98,#FA4DEE
305,69,98,#FA4DEC
306,69,98,#FA4DE9
307,69,98,#FA4DE6
308,69,98,#FA4DE3
309,69,98,#FA4DE0
310,69,98,#FA4DDD
311,69,98,#FA4DDA
312,69,98,#FA4DD7
313,69,98,#FA4DD5
314,69,98,#FA4DD2
315,69,98,#FA4DCF
316,69,98,#FA4DCC
317,69,98,#FA4DC9
318,69,98,#FA4DC6
319,69,98,#FA4DC3
320,69,98,#FA4DC0
321,69,98,#FA4DBE
322,69,98,#FA4DBB
323,69,98,#FA4DB8
324,69,98,#FA4DB5
325,69,98,#FA4DB2
326,69,98,#FA4DAF
327,69,98,#FA4DAC
328,69,98,#FA4DA9
329,69,98,#FA4DA7
330,69,98,#FA4DA4
331,69,98,#FA4DA1
332,69,98,#FA4D9E
333,69,98,#FA4D9B
334,69,98,#FA4D98
335,69,98,#FA4D95
336,69,98,#FA4D92
337,69,98,#FA4D90
338,69,98,#FA4D8D
339,69,98,#FA4D8A
340,69,98,#FA4D87
341,69,98,#FA4D84
342,69,98,#FA4D81
343,69,98,#FA4D7E
344,69,98,#FA4D7B
345,69,98,#FA4D79
346,69,98,#FA4D76
347,69,98,#FA4D73
348,69,98,#FA4D70
349,69,98,#FA4D6D
350,69,98,#FA4D6A
351,69,98,#FA4D67
352,69,98,#FA4D64
353,69,98,#FA4D62
354,69,98,#FA4D5F
355,69,98,#FA4D5C
356,69,98,#FA4D59
357,69,98,#FA4D56
358,69,98,#FA4D53
359,69,98,#FA4D50
0,68,98,#FA5050
1,68,98,#FA5350
2,68,98,#FA5650
3,68,98,#FA5850
4,68,98,#FA5B50
5,68,98,#FA5E50
6,68,98,#FA6150
7,68,98,#FA6450
8,68,98,#FA6750
9,68,98,#FA6950
10,68,98,#FA6C50
11,68,98,#FA6F50
12,68,98,#FA7250
13,68,98,#FA7550
14,68,98,#FA7850
15,68,98,#FA7A50
16,68,98,#FA7D50
17,68,98,#FA8050
18,68,98,#FA8350
19,68,98,#FA8650
20,68,98,#FA8950
21,68,98,#FA8B50
22,68,98,#FA8E50
23,68,98,#FA9150
24,68,98,#FA9450
25,68,98,#FA9750
26,68,98,#FA9A50
27,68,98,#FA9C50
28,68,98,#FA9F50
29,68,98,#FAA250
30,68,98,#FAA550
31,68,98,#FAA850
32,68,98,#FAAB50
33,68,98,#FAAD50
34,68,98,#FAB050
35,68,98,#FAB350
36,68,98,#FAB650
37,68,98,#FAB950
38,68,98,#FABC50
39,68,98,#FABE50
40,68,98,#FAC150
41,68,98,#FAC450
42,68,98,#FAC750
43,68,98,#FACA50
44,68,98,#FACD50
45,68,98,#FACF50
46,68,98,#FAD250
47,68,98,#FAD550
48,68,98,#FAD850
49,68,98,#FADB50
50,68,98,#FADE50
51,68,98,#FAE050
52,68,98,#FAE350
53,68,98,#FAE650
54,68,98,#FAE950
55,68,98,#FAEC50
56,68,98,#FAEF50
57,68,98,#FAF150
58,68,98,#FAF450
59,68,98,#FAF750
60,68,98,#FAFA50
61,68,98,#F7FA50
62,68,98,#F4FA50
63,68,98,#F1FA50
64,68,98,#EFFA50
65,68,98,#ECFA50
66,68,98,#E9FA50
67,68,98,#E6FA50
68,68,98,#E3FA50
69,68,98,#E0FA50
70,68,98,#DEFA50
71,68,98,#DBFA50
72,68,98,#D8FA50
73,68,98,#D5FA50
74,68,98,#D2FA50
75,68,98,#CFFA50
76,68,98,#CDFA50
77,68,98,#CAFA50
78,68,98,#C7FA50
79,68,98,#C4FA50
80,68,98,#C1FA50
81,68,98,#BEFA50
82,68,98,#BCFA50
83,68,98,#B9FA50
84,68,98,#B6FA50
85,68,98,#B3FA50
86,68,98,#B0FA50
87,68,98,#ADFA50
88,68,98,#ABFA50
89,68,98,#A8FA50
90,68,98,#A5FA50
91,68,98,#A2FA50
92,68,98,#9FFA50
93,68,98,#9CFA50
94,68,98,#9AFA50
95,68,98,#97FA50
96,68,98,#94FA50
97,68,98,#91FA50
98,68,98,#8EFA50
99,68,98,#8BFA50
100,68,98,#89FA50
101,68,98,#86FA50
102,68,98,#83FA50
103,68,98,#80FA50
104,68,98,#7DFA50
105,68,98,#7AFA50
106,68,98,#78FA50
107,68,98,#75FA50
108,68,98,#72FA50
109,68,98,#6FFA50
110,68,98,#6CFA50
111,68,98,#69FA50
112,68,98,#67FA50
113,68,98,#64FA50
114,68,98,#61FA50
115,68,98,#5EFA50
116,68,98,#5BFA50
117,68,98,#58FA50
118,68,98,#56FA50
119,68,98,#53FA50
120,68,98,#50FA50
121,68,98,#50FA53
122,68,98,#50FA56
123,68,98,#50FA58
124,68,98,#50FA5B
125,68,98,#50FA5E
126,68,98,#50FA61
127,68,98,#50FA64
128,68,98,#50FA67
129,68,98,#50FA69
130,68,98,#50FA6C
131,68,98,#50FA6F
132,68,98,#50FA72
133,68,98,#50FA75
134,68,98,#50FA78
135,68,98,#50FA7A
136,68,98,#50FA7D
137,68,98,#50FA80
138,68,98,#50FA83
139,68,98,#50FA86
140,68,98,#50FA89
141,68,98,#50FA8B
142,68,98,#50FA8E
143,68,98,#50FA91
144,68,98,#50FA94
145,68,98,#50FA97
146,68,98,#50FA9A
147,68,98,#50FA9C
148,68,98,#50FA9F
149,68,98,#50FAA2
150,68,98,#50FAA5
151,68,98,#50FAA8
152,68,98,#50FAAB
153,68,98,#50FAAD
154,68,98,#50FAB0
155,68,98,#50FAB3
156,68,98,#50FAB6
157,68,98,#50FAB9
158,68,98,#50FABC
159,68,98,#50FABE
160,68,98,#50FAC1
161,68,98,#50FAC4
162,68,98,#50FAC7
163,68,98,#50FACA
164,68,98,#50FACD
165,68,98,#50FACF
166,68,98,#50FAD2
167,68,98,#50FAD5
168,68,98,#50FAD8
169,68,98,#50FADB
170,68,98,#50FADE
171,68,98,#50FAE0
172,68,98,#50FAE3
173,68,98,#50FAE6
174,68,98,#50FAE9
175,68,98,#50FAEC
176,68,98,#50FAEF
177,68,98,#50FAF1
178,68,98,#50FAF4
179,68,98,#50FAF7
180,68,98,#50FAFA
181,68,98,#50F7FA
182,68,98,#50F4FA
183,68,98,#50F1FA
184,68,98,#50EFFA
185,68,98,#50ECFA
186,68,98,#50E9FA
187,68,98,#50E6FA
188,68,98,#50E3FA
189,68,98,#50E0FA
190,68,98,#50DEFA
191,68,98,#50DBFA
192,68,98,#50D8FA
193,68,98,#50D5FA
194,68,98,#50D2FA
195,68,98,#50CFFA
196,68,98,#50CDFA
197,68,98,#50CAFA
198,68,98,#50C7FA
199,68,98,#50C4FA
200,68,98,#50C1FA
201,68,98,#50BEFA
202,68,98,#50BCFA
203,68,98,#50B9FA
204,68,98,#50B6FA
205,68,98,#50B3FA
206,68,98,#50B0FA
207,68,98,#50ADFA
208,68,98,#50ABFA
209,68,98,#50A8FA
210,68,98,#50A5FA
211,68,98,#50A2FA
212,68,98,#509FFA
213,68,98,#509CFA
214,68,98,#509AFA
215,68,98,#5097FA
216,68,98,#5094FA
217,68,98,#5091FA
218,68,98,#508EFA
219,68,98,#508BFA
220,68,98,#5089FA
221,68,98,#5086FA
222,68,98,#5083FA
223,68,98,#5080FA
224,68,98,#507DFA
225,68,98,#507AFA
226,68,98,#5078FA
227,68,98,#5075FA
228,68,98,#5072FA
229,68,98,#506FFA
230,68,98,#506CFA
231,68,98,#5069FA
232,68,98,#5067FA
233,68,98,#5064FA
234,68,98,#5061FA
235,68,98,#505EFA
236,68,98,#505BFA
237,68,98,#5058FA
238,68,98,#5056FA
239,68,98,#5053FA
240,68,98,#5050FA
241,68,98,#5350FA
242,68,98,#5650FA
243,68,98,#5850FA
244,68,98,#5B50FA
245,68,98,#5E50FA
246,68,98,#6150FA
247,68,98,#6450FA
248,68,98,#6750FA
249,68,98,#6950FA
250,68,98,#6C50FA
251,68,98,#6F50FA
252,68,98,#7250FA
253,68,98,#7550FA
254,68,98,#7850FA
255,68,98,#7A50FA
256,68,98,#7D50FA
257,68,98,#8050FA
258,68,98,#8350FA
259,68,98,#8650FA
260,68,98,#8950FA
261,68,98,#8B50FA
262,68,98,#8E50FA
263,68,98,#9150FA
264,68,98,#9450FA
265,68,98,#9750FA
266,68,98,#9A50FA
267,68,98,#9C50FA
268,68,98,#9F50FA
269,68,98,#A250FA
270,68,98,#A550FA
271,68,98,#A850FA
272,68,98,#AB50FA
273,68,98,#AD50FA
274,68,98,#B050FA
275,68,98,#B350FA
276,68,98,#B650FA
277,68,98,#B950FA
278,68,98,#BC50FA
279,68,98,#BE50FA
280,68,98,#C150FA
281,68,98,#C450FA
282,68,98,#C750FA
283,68,98,#CA50FA
284,68,98,#CD50FA
285,68,98,#CF50FA
286,68,98,#D250FA
287,68,98,#D550FA
288,68,98,#D850FA
289,68,98,#DB50FA
290,68,98,#DE50FA
291,68,98,#E050FA
292,68,98,#E350FA
293,68,98,#E650FA
294,68,98,#E950FA
295,68,98,#EC50FA
296,68,98,#EF50FA
297,68,98,#F150FA
298,68,98,#F450FA
299,68,98,#F750FA
300,68,98,#FA50FA
301,68,98,#FA50F7
302,68,98,#FA50F4
303,68,98,#FA50F1
304,68,98,#FA50EF
305,68,98,#FA50EC
306,68,98,#FA50E9
307,68,98,#FA50E6
308,68,98,#FA50E3
309,68,98,#FA50E0
310,68,98,#FA50DE
311,68,98,#FA50DB
312,68,98,#FA50D8
313,68,98,#FA50D5
314,68,98,#FA50D2
315,68,98,#FA50CF
316,68,98,#FA50CD
317,68,98,#FA50CA
318,68,98,#FA50C7
319,68,98,#FA50C4
320,68,98,#FA50C1
321,68,98,#FA50BE
322,68,98,#FA50BC
323,68,98,#FA50B9
324,68,98,#FA50B6
325,68,98,#FA50B3
326,68,98,#FA50B0
327,68,98,#FA50AD
328,68,98,#FA50AB
329,68,98,#FA50A8
330,68,98,#FA50A5
331,68,98,#FA50A2
332,68,98,#FA509F
333,68,98,#FA509C
334,68,98,#FA509A
335,68,98,#FA5097
336,68,98,#FA5094
337,68,98,#FA5091
338,68,98,#FA508E
339,68,98,#FA508B
340,68,98,#FA5089
341,68,98,#FA5086
342,68,98,#FA5083
343,68,98,#FA5080
344,68,98,#FA507D
345,68,98,#FA507A
346,68,98,#FA5078
347,68,98,#FA5075
348,68,98,#FA5072
349,68,98,#FA506F
350,68,98,#FA506C
351,68,98,#FA5069
352,68,98,#FA5067
353,68,98,#FA5064
354,68,98,#FA5061
355,68,98,#FA505E
356,68,98,#FA505B
357,68,98,#FA5058
358,68,98,#FA5056
359,68,98,#FA5053
0,67,98,#FA5252
1,67,98,#FA5552
2,67,98,#FA5852
3,67,98,#FA5B52
4,67,98,#FA5E52
5,67,98,#FA6052
6,67,98,#FA6352
7,67,98,#FA6652
8,67,98,#FA6952
9,67,98,#FA6C52
10,67,98,#FA6E52
11,67,98,#FA7152
12,67,98,#FA7452
13,67,98,#FA7752
14,67,98,#FA7A52
15,67,98,#FA7C52
16,67,98,#FA7F52
17,67,98,#FA8252
18,67,98,#FA8552
19,67,98,#FA8752
20,67,98,#FA8A52
21,67,98,#FA8D52
22,67,98,#FA9052
23,67,98,#FA9352
24,67,98,#FA9552
25,67,98,#FA9852
26,67,98,#FA9B52
27,67,98,#FA9E52
28,67,98,#FAA152
29,67,98,#FAA352
30,67,98,#FAA652
31,67,98,#FAA952
32,67,98,#FAAC52
33,67,98,#FAAF52
34,67,98,#FAB152
35,67,98,#FAB452
36,67,98,#FAB752
37,67,98,#FABA52
38,67,98,#FABD52
39,67,98,#FABF52
40,67,98,#FAC252
41,67,98,#FAC552
42,67,98,#FAC852
43,67,98,#FACA52
44,67,98,#FACD52
45,67,98,#FAD052
46,67,98,#FAD352
47,67,98,#FAD652
48,67,98,#FAD852
49,67,98,#FADB52
50,67,98,#FADE52
51,67,98,#FAE152
52,67,98,#FAE452
53,67,98,#FAE652
54,67,98,#FAE952
55,67,98,#FAEC52
56,67,98,#FAEF52
57,67,98,#FAF252
58,67,98,#FAF452
59,67,98,#FAF752
60,67,98,#FAFA52
61,67,98,#F7FA52
62,67,98,#F4FA52
63,67,98,#F2FA52
64,67,98,#EFFA52
65,67,98,#ECFA52
66,67,98,#E9FA52
67,67,98,#E6FA52
68,67,98,#E4FA52
69,67,98,#E1FA52
70,67,98,#DEFA52
71,67,98,#DBFA52
72,67,98,#D8FA52
73,67,98,#D6FA52
74,67,98,#D3FA52
75,67,98,#D0FA52
76,67,98,#CDFA52
77,67,98,#CAFA52
78,67,98,#C8FA52
79,67,98,#C5FA52
80,67,98,#C2FA52
81,67,98,#BFFA52
82,67,98,#BDFA52
83,67,98,#BAFA52
84,67,98,#B7FA52
85,67,98,#B4FA52
86,67,98,#B1FA52
87,67,98,#AFFA52
88,67,98,#ACFA52
89,67,98,#A9FA52
90,67,98,#A6FA52
91,67,98,#A3FA52
92,67,98,#A1FA52
93,67,98,#9EFA52
94,67,98,#9BFA52
95,67,98,#98FA52
96,67,98,#95FA52
97,67,98,#93FA52
98,67,98,#90FA52
99,67,98,#8DFA52
100,67,98,#8AFA52
101,67,98,#87FA52
102,67,98,#85FA52
103,67,98,#82FA52
104,67,98,#7FFA52
105,67,98,#7CFA52
106,67,98,#7AFA52
107,67,98,#77FA52
108,67,98,#74FA52
109,67,98,#71FA52
110,67,98,#6EFA52
111,67,98,#6CFA52
112,67,98,#69FA52
113,67,98,#66FA52
114,67,98,#63FA52
115,67,98,#60FA52
116,67,98,#5EFA52
117,67,98,#5BFA52
118,67,98,#58FA52
119,67,98,#55FA52
120,67,98,#52FA52
121,67,98,#52FA55
122,67,98,#52FA58
123,67,98,#52FA5B
124,67,98,#52FA5E
125,67,98,#52FA60
126,67,98,#52FA63
127,67,98,#52FA66
128,67,98,#52FA69
129,67,98,#52FA6C
130,67,98,#52FA6E
131,67,98,#52FA71
132,67,98,#52FA74
133,67,98,#52FA77
134,67,98,#52FA7A
135,67,98,#52FA7C
136,67,98,#52FA7F
137,67,98,#52FA82
138,67,98,#52FA85
139,67,98,#52FA87
140,67,98,#52FA8A
141,67,98,#52FA8D
142,67,98,#52FA90
143,67,98,#52FA93
144,67,98,#52FA95
145,67,98,#52FA98
146,67,98,#52FA9B
147,67,98,#52FA9E
148,67,98,#52FAA1
149,67,98,#52FAA3
150,67,98,#52FAA6
151,67,98,#52FAA9
152,67,98,#52FAAC
153,67,98,#52FAAF
154,67,98,#52FAB1
155,67,98,#52FAB4
156,67,98,#52FAB7
157,67,98,#52FABA
158,67,98,#52FABD
159,67,98,#52FABF
160,67,98,#52FAC2
161,67,98,#52FAC5
162,67,98,#52FAC8
163,67,98,#52FACA
164,67,98,#52FACD
165,67,98,#52FAD0
166,67,98,#52FAD3
167,67,98,#52FAD6
168,67,98,#52FAD8
169,67,98,#52FADB
170,67,98,#52FADE
171,67,98,#52FAE1
172,67,98,#52FAE4
173,67,98,#52FAE6
174,67,98,#52FAE9
175,67,98,#52FAEC
176,67,98,#52FAEF
177,67,98,#52FAF2
178,67,98,#52FAF4
179,67,98,#52FAF7
180,67,98,#52FAFA
181,67,98,#52F7FA
182,67,98,#52F4FA
183,67,98,#52F2FA
184,67,98,#52EFFA
185,67,98,#52ECFA
186,67,98,#52E9FA
187,67,98,#52E6FA
188,67,98,#52E4FA
189,67,98,#52E1FA
190,67,98,#52DEFA
191,67,98,#52DBFA
192,67,98,#52D8FA
193,67,98,#52D6FA
194,67,98,#52D3FA
195,67,98,#52D0FA
196,67,98,#52CDFA
197,67,98,#52CAFA
198,67,98,#52C8FA
199,67,98,#52C5FA
200,67,98,#52C2FA
201,67,98,#52BFFA
202,67,98,#52BDFA
203,67,98,#52BAFA
204,67,98,#52B7FA
205,67,98,#52B4FA
206,67,98,#52B1FA
207,67,98,#52AFFA
208,67,98,#52ACFA
209,67,98,#52A9FA
210,67,98,#52A6FA
211,67,98,#52A3FA
212,67,98,#52A1FA
213,67,98,#529EFA
214,67,98,#529BFA
215,67,98,#5298FA
216,67,98,#5295FA
217,67,98,#5293FA
218,67,98,#5290FA
219,67,98,#528DFA
220,67,98,#528AFA
221,67,98,#5287FA
222,67,98,#5285FA
223,67,98,#5282FA
224,67,98,#527FFA
225,67,98,#527CFA
226,67,98,#527AFA
227,67,98,#5277FA
228,67,98,#5274FA
229,67,98,#5271FA
230,67,98,#526EFA
231,67,98,#526CFA
232,67,98,#5269FA
233,67,98,#5266FA
234,67,98,#5263FA
235,67,98,#5260FA
236,67,98,#525EFA
237,67,98,#525BFA
238,67,98,#5258FA
239,67,98,#5255FA
240,67,98,#5252FA
241,67,98,#5552FA
242,67,98,#5852FA
243,67,98,#5B52FA
244,67,98,#5E52FA
245,67,98,#6052FA
246,67,98,#6352FA
247,67,98,#6652FA
248,67,98,#6952FA
249,67,98,#6C52FA
250,67,98,#6E52FA
251,67,98,#7152FA
252,67,98,#7452FA
253,67,98,#7752FA
254,67,98,#7A52FA
255,67,98,#7C52FA
256,67,98,#7F52FA
257,67,98,#8252FA
258,67,98,#8552FA
259,67,98,#8752FA
260,67,98,#8A52FA
261,67,98,#8D52FA
262,67,98,#9052FA
263,67,98,#9352FA
264,67,98,#9552FA
265,67,98,#9852FA
266,67,98,#9B52FA
267,67,98,#9E52FA
268,67,98,#A152FA
269,67,98,#A352FA
270,67,98,#A652FA
271,67,98,#A952FA
272,67,98,#AC52FA
273,67,98,#AF52FA
274,67,98,#B152FA
275,67,98,#B452FA
276,67,98,#B752FA
277,67,98,#BA52FA
278,67,98,#BD52FA
279,67,98,#BF52FA
280,67,98,#C252FA
281,67,98,#C552FA
282,67,98,#C852FA
283,67,98,#CA52FA
284,67,98,#CD52FA
285,67,98,#D052FA
286,67,98,#D352FA
287,67,98,#D652FA
288,67,98,#D852FA
289,67,98,#DB52FA
290,67,98,#DE52FA
291,67,98,#E152FA
292,67,98,#E452FA
293,67,98,#E652FA
294,67,98,#E952FA
295,67,98,#EC52FA
296,67,98,#EF52FA
297,67,98,#F252FA
298,67,98,#F452FA
299,67,98,#F752FA
300,67,98,#FA52FA
301,67,98,#FA52F7
302,67,98,#FA52F4
303,67,98,#FA52F2
304,67,98,#FA52EF
305,67,98,#FA52EC
306,67,98,#FA52E9
307,67,98,#FA52E6
308,67,98,#FA52E4
309,67,98,#FA52E1
310,67,98,#FA52DE
311,67,98,#FA52DB
312,67,98,#FA52D8
313,67,98,#FA52D6
314,67,98,#FA52D3
315,67,98,#FA52D0
316,67,98,#FA52CD
317,67,98,#FA52CA
318,67,98,#FA52C8
319,67,98,#FA52C5
320,67,98,#FA52C2
321,67,98,#FA52BF
322,67,98,#FA52BD
323,67,98,#FA52BA
324,67,98,#FA52B7
325,67,98,#FA52B4
326,67,98,#FA52B1
327,67,98,#FA52AF
328,67,98,#FA52AC
329,67,98,#FA52A9
330,67,98,#FA52A6
331,67,98,#FA52A3
332,67,98,#FA52A1
333,67,98,#FA529E
334,67,98,#FA529B
335,67,98,#FA5298
336,67,98,#FA5295
337,67,98,#FA5293
338,67,98,#FA5290
339,67,98,#FA528D
340,67,98,#FA528A
341,67,98,#FA5287
342,67,98,#FA5285
343,67,98,#FA5282
344,67,98,#FA527F
345,67,98,#FA527C
346,67,98,#FA527A
347,67,98,#FA5277
348,67,98,#FA5274
349,67,98,#FA5271
350,67,98,#FA526E
351,67,98,#FA526C
352,67,98,#FA5269
353,67,98,#FA5266
354,67,98,#FA5263
355,67,98,#FA5260
356,67,98,#FA525E
357,67,98,#FA525B
358,67,98,#FA5258
359,67,98,#FA5255
0,66,98,#FA5555
1,66,98,#FA5855
2,66,98,#FA5A55
3,66,98,#FA5D55
4,66,98,#FA6055
5,66,98,#FA6355
6,66,98,#FA6555
7,66,98,#FA6855
8,66,98,#FA6B55
9,66,98,#FA6E55
10,66,98,#FA7055
11,66,98,#FA7355
12,66,98,#FA7655
13,66,98,#FA7955
14,66,98,#FA7B55
15,66,98,#FA7E55
16,66,98,#FA8155
17,66,98,#FA8455
18,66,98,#FA8655
19,66,98,#FA8955
20,66,98,#FA8C55
21,66,98,#FA8F55
22,66,98,#FA9155
23,66,98,#FA9455
24,66,98,#FA9755
25,66,98,#FA9A55
26,66,98,#FA9C55
27,66,98,#FA9F55
28,66,98,#FAA255
29,66,98,#FAA555
30,66,98,#FAA755
31,66,98,#FAAA55
32,66,98,#FAAD55
33,66,98,#FAB055
34,66,98,#FAB255
35,66,98,#FAB555
36,66,98,#FAB855
37,66,98,#FABB55
38,66,98,#FABD55
39,66,98,#FAC055
40,66,98,#FAC355
41,66,98,#FAC655
42,66,98,#FAC855
43,66,98,#FACB55
44,66,98,#FACE55
45,66,98,#FAD155
46,66,98,#FAD355
47,66,98,#FAD655
48,66,98,#FAD955
49,66,98,#FADC55
50,66,98,#FADE55
51,66,98,#FAE155
52,66,98,#FAE455
53,66,98,#FAE755
54,66,98,#FAE955
55,66,98,#FAEC55
56,66,98,#FAEF55
57,66,98,#FAF255
58,66,98,#FAF455
59,66,98,#FAF755
60,66,98,#FAFA55
61,66,98,#F7FA55
62,66,98,#F4FA55
63,66,98,#F2FA55
64,66,98,#EFFA55
65,66,98,#ECFA55
66,66,98,#E9FA55
67,66,98,#E7FA55
68,66,98,#E4FA55
69,66,98,#E1FA55
70,66,98,#DEFA55
71,66,98,#DCFA55
72,66,98,#D9FA55
73,66,98,#D6FA55
74,66,98,#D3FA55
75,66,98,#D1FA55
76,66,98,#CEFA55
77,66,98,#CBFA55
78,66,98,#C8FA55
79,66,98,#C6FA55
80,66,98,#C3FA55
81,66,98,#C0FA55
82,66,98,#BDFA55
83,66,98,#BBFA55
84,66,98,#B8FA55
85,66,98,#B5FA55
86,66,98,#B2FA55
87,66,98,#B0FA55
88,66,98,#ADFA55
89,66,98,#AAFA55
90,66,98,#A7FA55
91,66,98,#A5FA55
92,66,98,#A2FA55
93,66,98,#9FFA55
94,66,98,#9CFA55
95,66,98,#9AFA55
96,66,98,#97FA55
97,66,98,#94FA55
98,66,98,#91FA55
99,66,98,#8FFA55
100,66,98,#8CFA55
101,66,98,#89FA55
102,66,98,#86FA55
103,66,98,#84FA55
104,66,98,#81FA55
105,66,98,#7EFA55
106,66,98,#7BFA55
107,66,98,#79FA55
108,66,98,#76FA55
109,66,98,#73FA55
110,66,98,#70FA55
111,66,98,#6EFA55
112,66,98,#6BFA55
113,66,98,#68FA55
114,66,98,#65FA55
115,66,98,#63FA55
116,66,98,#60FA55
117,66,98,#5DFA55
118,66,98,#5AFA55
119,66,98,#58FA55
120,66,98,#55FA55
121,66,98,#55FA58
122,66,98,#55FA5A
123,66,98,#55FA5D
124,66,98,#55FA60
125,66,98,#55FA63
126,66,98,#55FA65
127,66,98,#55FA68
128,66,98,#55FA6B
129,66,98,#55FA6E
130,66,98,#55FA70
131,66,98,#55FA73
132,66,98,#55FA76
133,66,98,#55FA79
134,66,98,#55FA7B
135,66,98,#55FA7E
136,66,98,#55FA81
137,66,98,#55FA84
138,66,98,#55FA86
139,66,98,#55FA89
140,66,98,#55FA8C
141,66,98,#55FA8F
142,66,98,#55FA91
143,66,98,#55FA94
144,66,98,#55FA97
145,66,98,#55FA9A
146,66,98,#55FA9C
147,66,98,#55FA9F
148,66,98,#55FAA2
149,66,98,#55FAA5
150,66,98,#55FAA7
151,66,98,#55FAAA
152,66,98,#55FAAD
153,66,98,#55FAB0
154,66,98,#55FAB2
155,66,98,#55FAB5
156,66,98,#55FAB8
157,66,98,#55FABB
158,66,98,#55FABD
159,66,98,#55FAC0
160,66,98,#55FAC3
161,66,98,#55FAC6
162,66,98,#55FAC8
163,66,98,#55FACB
164,66,98,#55FACE
165,66,98,#55FAD1
166,66,98,#55FAD3
167,66,98,#55FAD6
168,66,98,#55FAD9
169,66,98,#55FADC
170,66,98,#55FADE
171,66,98,#55FAE1
172,66,98,#55FAE4
173,66,98,#55FAE7
174,66,98,#55FAE9
175,66,98,#55FAEC
176,66,98,#55FAEF
177,66,98,#55FAF2
178,66,98,#55FAF4
179,66,98,#55FAF7
180,66,98,#55FAFA
181,66,98,#55F7FA
182,66,98,#55F4FA
183,66,98,#55F2FA
184,66,98,#55EFFA
185,66,98,#55ECFA
186,66,98,#55E9FA
187,66,98,#55E7FA
188,66,98,#55E4FA
189,66,98,#55E1FA
190,66,98,#55DEFA
191,66,98,#55DCFA
192,66,98,#55D9FA
193,66,98,#55D6FA
194,66,98,#55D3FA
195,66,98,#55D1FA
196,66,98,#55CEFA
197,66,98,#55CBFA
198,66,98,#55C8FA
199,66,98,#55C6FA
200,66,98,#55C3FA
201,66,98,#55C0FA
202,66,98,#55BDFA
203,66,98,#55BBFA
204,66,98,#55B8FA
205,66,98,#55B5FA
206,66,98,#55B2FA
207,66,98,#55B0FA
208,66,98,#55ADFA
209,66,98,#55AAFA
210,66,98,#55A7FA
211,66,98,#55A5FA
212,66,98,#55A2FA
213,66,98,#559FFA
214,66,98,#559CFA
215,66,98,#559AFA
216,66,98,#5597FA
217,66,98,#5594FA
218,66,98,#5591FA
219,66,98,#558FFA
220,66,98,#558CFA
221,66,98,#5589FA
222,66,98,#5586FA
223,66,98,#5584FA
224,66,98,#5581FA
225,66,98,#557EFA
226,66,98,#557BFA
227,66,98,#5579FA
228,66,98,#5576FA
229,66,98,#5573FA
230,66,98,#5570FA
231,66,98,#556EFA
232,66,98,#556BFA
233,66,98,#5568FA
234,66,98,#5565FA
235,66,98,#5563FA
236,66,98,#5560FA
237,66,98,#555DFA
238,66,98,#555AFA
239,66,98,#5558FA
240,66,98,#5555FA
241,66,98,#5855FA
242,66,98,#5A55FA
243,66,98,#5D55FA
244,66,98,#6055FA
245,66,98,#6355FA
246,66,98,#6555FA
247,66,98,#6855FA
248,66,98,#6B55FA
249,66,98,#6E55FA
250,66,98,#7055FA
251,66,98,#7355FA
252,66,98,#7655FA
253,66,98,#7955FA
254,66,98,#7B55FA
255,66,98,#7E55FA
256,66,98,#8155FA
257,66,98,#8455FA
258,66,98,#8655FA
259,66,98,#8955FA
260,66,98,#8C55FA
261,66,98,#8F55FA
262,66,98,#9155FA
263,66,98,#9455FA
264,66,98,#9755FA
265,66,98,#9A55FA
266,66,98,#9C55FA
267,66,98,#9F55FA
268,66,98,#A255FA
269,66,98,#A555FA
270,66,98,#A755FA
271,66,98,#AA55FA
272,66,98,#AD55FA
273,66,98,#B055FA
274,66,98,#B255FA
275,66,98,#B555FA
276,66,98,#B855FA
277,66,98,#BB55FA
278,66,98,#BD55FA
279,66,98,#C055FA
280,66,98,#C355FA
281,66,98,#C655FA
282,66,98,#C855FA
283,66,98,#CB55FA
284,66,98,#CE55FA
285,66,98,#D155FA
286,66,98,#D355FA
287,66,98,#D655FA
288,66,98,#D955FA
289,66,98,#DC55FA
290,66,98,#DE55FA
291,66,98,#E155FA
292,66,98,#E455FA
293,66,98,#E755FA
294,66,98,#E955FA
295,66,98,#EC55FA
296,66,98,#EF55FA
297,66,98,#F255FA
298,66,98,#F455FA
299,66,98,#F755FA
300,66,98,#FA55FA
301,66,98,#FA55F7
302,66,98,#FA55F4
303,66,98,#FA55F2
304,66,98,#FA55EF
305,66,98,#FA55EC
306,66,98,#FA55E9
307,66,98,#FA55E7
308,66,98,#FA55E4
309,66,98,#FA55E1
310,66,98,#FA55DE
311,66,98,#FA55DC
312,66,98,#FA55D9
313,66,98,#FA55D6
314,66,98,#FA55D3
315,66,98,#FA55D1
316,66,98,#FA55CE
317,66,98,#FA55CB
318,66,98,#FA55C8
319,66,98,#FA55C6
320,66,98,#FA55C3
321,66,98,#FA55C0
322,66,98,#FA55BD
323,66,98,#FA55BB
324,66,98,#FA55B8
325,66,98,#FA55B5
326,66,98,#FA55B2
327,66,98,#FA55B0
328,66,98,#FA55AD
329,66,98,#FA55AA
330,66,98,#FA55A7
331,66,98,#FA55A5
332,66,98,#FA55A2
333,66,98,#FA559F
334,66,98,#FA559C
335,66,98,#FA559A
336,66,98,#FA5597
337,66,98,#FA5594
338,66,98,#FA5591
339,66,98,#FA558F
340,66,98,#FA558C
341,66,98,#FA5589
342,66,98,#FA5586
343,66,98,#FA5584
344,66,98,#FA5581
345,66,98,#FA557E
346,66,98,#FA557B
347,66,98,#FA5579
348,66,98,#FA5576
349,66,98,#FA5573
350,66,98,#FA5570
351,66,98,#FA556E
352,66,98,#FA556B
353,66,98,#FA5568
354,66,98,#FA5565
355,66,98,#FA5563
356,66,98,#FA5560
357,66,98,#FA555D
358,66,98,#FA555A
359,66,98,#FA5558
0,65,98,#FA5757
1,65,98,#FA5A57
2,65,98,#FA5D57
3,65,98,#FA6057
4,65,98,#FA6257
5,65,98,#FA6557
6,65,98,#FA6857
7,65,98,#FA6A57
8,65,98,#FA6D57
9,65,98,#FA7057
10,65,98,#FA7357
11,65,98,#FA7557
12,65,98,#FA7857
13,65,98,#FA7B57
14,65,98,#FA7D57
15,65,98,#FA8057
16,65,98,#FA8357
17,65,98,#FA8557
18,65,98,#FA8857
19,65,98,#FA8B57
20,65,98,#FA8E57
21,65,98,#FA9057
22,65,98,#FA9357
23,65,98,#FA9657
24,65,98,#FA9857
25,65,98,#FA9B57
26,65,98,#FA9E57
27,65,98,#FAA157
28,65,98,#FAA357
29,65,98,#FAA657
30,65,98,#FAA957
31,65,98,#FAAB57
32,65,98,#FAAE57
33,65,98,#FAB157
34,65,98,#FAB457
35,65,98,#FAB657
36,65,98,#FAB957
37,65,98,#FABC57
38,65,98,#FABE57
39,65,98,#FAC157
40,65,98,#FAC457
41,65,98,#FAC657
42,65,98,#FAC957
43,65,98,#FACC57
44,65,98,#FACF57
45,65,98,#FAD157
46,65,98,#FAD457
47,65,98,#FAD757
48,65,98,#FAD957
49,65,98,#FADC57
50,65,98,#FADF57
51,65,98,#FAE257
52,65,98,#FAE457
53,65,98,#FAE757
54,65,98,#FAEA57
55,65,98,#FAEC57
56,65,98,#FAEF57
57,65,98,#FAF257
58,65,98,#FAF457
59,65,98,#FAF757
60,65,98,#FAFA57
61,65,98,#F7FA57
62,65,98,#F4FA57
63,65,98,#F2FA57
64,65,98,#EFFA57
65,65,98,#ECFA57
66,65,98,#EAFA57
67,65,98,#E7FA57
68,65,98,#E4FA57
69,65,98,#E2FA57
70,65,98,#DFFA57
71,65,98,#DCFA57
72,65,98,#D9FA57
73,65,98,#D7FA57
74,65,98,#D4FA57
75,65,98,#D1FA57
76,65,98,#CFFA57
77,65,98,#CCFA57
78,65,98,#C9FA57
79,65,98,#C6FA57
80,65,98,#C4FA57
81,65,98,#C1FA57
82,65,98,#BEFA57
83,65,98,#BCFA57
84,65,98,#B9FA57
85,65,98,#B6FA57
86,65,98,#B4FA57
87,65,98,#B1FA57
88,65,98,#AEFA57
89,65,98,#ABFA57
90,65,98,#A9FA57
91,65,98,#A6FA57
92,65,98,#A3FA57
93,65,98,#A1FA57
94,65,98,#9EFA57
95,65,98,#9BFA57
96,65,98,#98FA57
97,65,98,#96FA57
98,65,98,#93FA57
99,65,98,#90FA57
100,65,98,#8EFA57
101,65,98,#8BFA57
102,65,98,#88FA57
103,65,98,#85FA57
104,65,98,#83FA57
105,65,98,#80FA57
106,65,98,#7DFA57
107,65,98,#7BFA57
108,65,98,#78FA57
109,65,98,#75FA57
110,65,98,#73FA57
111,65,98,#70FA57
112,65,98,#6DFA57
113,65,98,#6AFA57
114,65,98,#68FA57
115,65,98,#65FA57
116,65,98,#62FA57
117,65,98,#60FA57
118,65,98,#5DFA57
119,65,98,#5AFA57
120,65,98,#57FA57
121,65,98,#57FA5A
122,65,98,#57FA5D
123,65,98,#57FA60
124,65,98,#57FA62
125,65,98,#57FA65
126,65,98,#57FA68
127,65,98,#57FA6A
128,65,98,#57FA6D
129,65,98,#57FA70
130,65,98,#57FA73
131,65,98,#57FA75
132,65,98,#57FA78
133,65,98,#57FA7B
134,65,98,#57FA7D
135,65,98,#57FA80
136,65,98,#57FA83
137,65,98,#57FA85
138,65,98,#57FA88
139,65,98,#57FA8B
140,65,98,#57FA8E
141,65,98,#57FA90
142,65,98,#57FA93
143,65,98,#57FA96
144,65,98,#57FA98
145,65,98,#57FA9B
146,65,98,#57FA9E
147,65,98,#57FAA1
148,65,98,#57FAA3
149,65,98,#57FAA6
150,65,98,#57FAA9
151,65,98,#57FAAB
152,65,98,#57FAAE
153,65,98,#57FAB1
154,65,98,#57FAB4
155,65,98,#57FAB6
156,65,98,#57FAB9
157,65,98,#57FABC
158,65,98,#57FABE
159,65,98,#57FAC1
160,65,98,#57FAC4
161,65,98,#57FAC6
162,65,98,#57FAC9
163,65,98,#57FACC
164,65,98,#57FACF
165,65,98,#57FAD1
166,65,98,#57FAD4
167,65,98,#57FAD7
168,65,98,#57FAD9
169,65,98,#57FADC
170,65,98,#57FADF
171,65,98,#57FAE2
172,65,98,#57FAE4
173,65,98,#57FAE7
174,65,98,#57FAEA
175,65,98,#57FAEC
176,65,98,#57FAEF
177,65,98,#57FAF2
178,65,98,#57FAF4
179,65,98,#57FAF7
180,65,98,#57FAFA
181,65,98,#57F7FA
182,65,98,#57F4FA
183,65,98,#57F2FA
184,65,98,#57EFFA
185,65,98,#57ECFA
186,65,98,#57EAFA
187,65,98,#57E7FA
188,65,98,#57E4FA
189,65,98,#57E2FA
190,65,98,#57DFFA
191,65,98,#57DCFA
192,65,98,#57D9FA
193,65,98,#57D7FA
194,65,98,#57D4FA
195,65,98,#57D1FA
196,65,98,#57CFFA
197,65,98,#57CCFA
198,65,98,#57C9FA
199,65,98,#57C6FA
200,65,98,#57C4FA
201,65,98,#57C1FA
202,65,98,#57BEFA
203,65,98,#57BCFA
204,65,98,#57B9FA
205,65,98,#57B6FA
206,65,98,#57B4FA
207,65,98,#57B1FA
208,65,98,#57AEFA
209,65,98,#57ABFA
210,65,98,#57A9FA
211,65,98,#57A6FA
212,65,98,#57A3FA
213,65,98,#57A1FA
214,65,98,#579EFA
215,65,98,#579BFA
216,65,98,#5798FA
217,65,98,#5796FA
218,65,98,#5793FA
219,65,98,#5790FA
220,65,98,#578EFA
221,65,98,#578BFA
222,65,98,#5788FA
223,65,98,#5785FA
224,65,98,#5783FA
225,65,98,#5780FA
226,65,98,#577DFA
227,65,98,#577BFA
228,65,98,#5778FA
229,65,98,#5775FA
230,65,98,#5773FA
231,65,98,#5770FA
232,65,98,#576DFA
233,65,98,#576AFA
234,65,98,#5768FA
235,65,98,#5765FA
236,65,98,#5762FA
237,65,98,#5760FA
238,65,98,#575DFA
239,65,98,#575AFA
240,65,98,#5757FA
241,65,98,#5A57FA
242,65,98,#5D57FA
243,65,98,#6057FA
244,65,98,#6257FA
245,65,98,#6557FA
246,65,98,#6857FA
247,65,98,#6A57FA
248,65,98,#6D57FA
249,65,98,#7057FA
250,65,98,#7357FA
251,65,98,#7557FA
252,65,98,#7857FA
253,65,98,#7B57FA
254,65,98,#7D57FA
255,65,98,#8057FA
256,65,98,#8357FA
257,65,98,#8557FA
258,65,98,#8857FA
259,65,98,#8B57FA
260,65,98,#8E57FA
261,65,98,#9057FA
262,65,98,#9357FA
263,65,98,#9657FA
264,65,98,#9857FA
265,65,98,#9B57FA
266,65,98,#9E57FA
267,65,98,#A157FA
268,65,98,#A357FA
269,65,98,#A657FA
270,65,98,#A957FA
271,65,98,#AB57FA
272,65,98,#AE57FA
273,65,98,#B157FA
274,65,98,#B457FA
275,65,98,#B657FA
276,65,98,#B957FA
277,65,98,#BC57FA
278,65,98,#BE57FA
279,65,98,#C157FA
280,65,98,#C457FA
281,65,98,#C657FA
282,65,98,#C957FA
283,65,98,#CC57FA
284,65,98,#CF57FA
285,65,98,#D157FA
286,65,98,#D457FA
287,65,98,#D757FA
288,65,98,#D957FA
289,65,98,#DC57FA
290,65,98,#DF57FA
291,65,98,#E257FA
292,65,98,#E457FA
293,65,98,#E757FA
294,65,98,#EA57FA
295,65,98,#EC57FA
296,65,98,#EF57FA
297,65,98,#F257FA
298,65,98,#F457FA
299,65,98,#F757FA
300,65,98,#FA57FA
301,65,98,#FA57F7
302,65,98,#FA57F4
303,65,98,#FA57F2
304,65,98,#FA57EF
305,65,98,#FA57EC
306,65,98,#FA57EA
307,65,98,#FA57E7
308,65,98,#FA57E4
309,65,98,#FA57E2
310,65,98,#FA57DF
311,65,98,#FA57DC
312,65,98,#FA57D9
313,65,98,#FA57D7
314,65,98,#FA57D4
315,65,98,#FA57D1
316,65,98,#FA57CF
317,65,98,#FA57CC
318,65,98,#FA57C9
319,65,98,#FA57C6
320,65,98,#FA57C4
321,65,98,#FA57C1
322,65,98,#FA57BE
323,65,98,#FA57BC
324,65,98,#FA57B9
325,65,98,#FA57B6
326,65,98,#FA57B4
327,65,98,#FA57B1
328,65,98,#FA57AE
329,65,98,#FA57AB
330,65,98,#FA57A9
331,65,98,#FA57A6
332,65,98,#FA57A3
333,65,98,#FA57A1
334,65,98,#FA579E
335,65,98,#FA579B
336,65,98,#FA5798
337,65,98,#FA5796
338,65,98,#FA5793
339,65,98,#FA5790
340,65,98,#FA578E
341,65,98,#FA578B
342,65,98,#FA5788
343,65,98,#FA5785
344,65,98,#FA5783
345,65,98,#FA5780
346,65,98,#FA577D
347,65,98,#FA577B
348,65,98,#FA5778
349,65,98,#FA5775
350,65,98,#FA5773
351,65,98,#FA5770
352,65,98,#FA576D
353,65,98,#FA576A
354,65,98,#FA5768
355,65,98,#FA5765
356,65,98,#FA5762
357,65,98,#FA5760
358,65,98,#FA575D
359,65,98,#FA575A
0,64,98,#FA5A5A
1,64,98,#FA5D5A
2,64,98,#FA5F5A
3,64,98,#FA625A
4,64,98,#FA655A
5,64,98,#FA675A
6,64,98,#FA6A5A
7,64,98,#FA6D5A
8,64,98,#FA6F5A
9,64,98,#FA725A
10,64,98,#FA755A
11,64,98,#FA775A
12,64,98,#FA7A5A
13,64,98,#FA7D5A
14,64,98,#FA7F5A
15,64,98,#FA825A
16,64,98,#FA855A
17,64,98,#FA875A
18,64,98,#FA8A5A
19,64,98,#FA8D5A
20,64,98,#FA8F5A
21,64,98,#FA925A
22,64,98,#FA955A
23,64,98,#FA975A
24,64,98,#FA9A5A
25,64,98,#FA9D5A
26,64,98,#FA9F5A
27,64,98,#FAA25A
28,64,98,#FAA55A
29,64,98,#FAA75A
30,64,98,#FAAA5A
31,64,98,#FAAD5A
32,64,98,#FAAF5A
33,64,98,#FAB25A
34,64,98,#FAB55A
35,64,98,#FAB75A
36,64,98,#FABA5A
37,64,98,#FABD5A
38,64,98,#FABF5A
39,64,98,#FAC25A
40,64,98,#FAC55A
41,64,98,#FAC75A
42,64,98,#FACA5A
43,64,98,#FACD5A
44,64,98,#FACF5A
45,64,98,#FAD25A
46,64,98,#FAD55A
47,64,98,#FAD75A
48,64,98,#FADA5A
49,64,98,#FADD5A
50,64,98,#FADF5A
51,64,98,#FAE25A
52,64,98,#FAE55A
53,64,98,#FAE75A
54,64,98,#FAEA5A
55,64,98,#FAED5A
56,64,98,#FAEF5A
57,64,98,#FAF25A
58,64,98,#FAF55A
59,64,98,#FAF75A
60,64,98,#FAFA5A
61,64,98,#F7FA5A
62,64,98,#F5FA5A
63,64,98,#F2FA5A
64,64,98,#EFFA5A
65,64,98,#EDFA5A
66,64,98,#EAFA5A
67,64,98,#E7FA5A
68,64,98,#E5FA5A
69,64,98,#E2FA5A
70,64,98,#DFFA5A
71,64,98,#DDFA5A
72,64,98,#DAFA5A
73,64,98,#D7FA5A
74,64,98,#D5FA5A
75,64,98,#D2FA5A
76,64,98,#CFFA5A
77,64,98,#CDFA5A
78,64,98,#CAFA5A
79,64,98,#C7FA5A
80,64,98,#C5FA5A
81,64,98,#C2FA5A
82,64,98,#BFFA5A
83,64,98,#BDFA5A
84,64,98,#BAFA5A
85,64,98,#B7FA5A
86,64,98,#B5FA5A
87,64,98,#B2FA5A
88,64,98,#AFFA5A
89,64,98,#ADFA5A
90,64,98,#AAFA5A
91,64,98,#A7FA5A
92,64,98,#A5FA5A
93,64,98,#A2FA5A
94,64,98,#9FFA5A
95,64,98,#9DFA5A
96,64,98,#9AFA5A
97,64,98,#97FA5A
98,64,98,#95FA5A
99,64,98,#92FA5A
100,64,98,#8FFA5A
101,64,98,#8DFA5A
102,64,98,#8AFA5A
103,64,98,#87FA5A
104,64,98,#85FA5A
105,64,98,#82FA5A
106,64,98,#7FFA5A
107,64,98,#7DFA5A
108,64,98,#7AFA5A
109,64,98,#77FA5A
110,64,98,#75FA5A
111,64,98,#72FA5A
112,64,98,#6FFA5A
113,64,98,#6DFA5A
114,64,98,#6AFA5A
115,64,98,#67FA5A
116,64,98,#65FA5A
117,64,98,#62FA5A
118,64,98,#5FFA5A
119,64,98,#5DFA5A
120,64,98,#5AFA5A
121,64,98,#5AFA5D
122,64,98,#5AFA5F
123,64,98,#5AFA62
124,64,98,#5AFA65
125,64,98,#5AFA67
126,64,98,#5AFA6A
127,64,98,#5AFA6D
128,64,98,#5AFA6F
129,64,98,#5AFA72
130,64,98,#5AFA75
131,64,98,#5AFA77
132,64,98,#5AFA7A
133,64,98,#5AFA7D
134,64,98,#5AFA7F
135,64,98,#5AFA82
136,64,98,#5AFA85
137,64,98,#5AFA87
138,64,98,#5AFA8A
139,64,98,#5AFA8D
140,64,98,#5AFA8F
141,64,98,#5AFA92
142,64,98,#5AFA95
143,64,98,#5AFA97
144,64,98,#5AFA9A
145,64,98,#5AFA9D
146,64,98,#5AFA9F
147,64,98,#5AFAA2
148,64,98,#5AFAA5
149,64,98,#5AFAA7
150,64,98,#5AFAAA
151,64,98,#5AFAAD
152,64,98,#5AFAAF
153,64,98,#5AFAB2
154,64,98,#5AFAB5
155,64,98,#5AFAB7
156,64,98,#5AFABA
157,64,98,#5AFABD
158,64,98,#5AFABF
159,64,98,#5AFAC2
160,64,98,#5AFAC5
161,64,98,#5AFAC7
162,64,98,#5AFACA
163,64,98,#5AFACD
164,64,98,#5AFACF
165,64,98,#5AFAD2
166,64,98,#5AFAD5
167,64,98,#5AFAD7
168,64,98,#5AFADA
169,64,98,#5AFADD
170,64,98,#5AFADF
171,64,98,#5AFAE2
172,64,98,#5AFAE5
173,64,98,#5AFAE7
174,64,98,#5AFAEA
175,64,98,#5AFAED
176,64,98,#5AFAEF
177,64,98,#5AFAF2
178,64,98,#5AFAF5
179,64,98,#5AFAF7
180,64,98,#5AFAFA
181,64,98,#5AF7FA
182,64,98,#5AF5FA
183,64,98,#5AF2FA
184,64,98,#5AEFFA
185,64,98,#5AEDFA
186,64,98,#5AEAFA
187,64,98,#5AE7FA
188,64,98,#5AE5FA
189,64,98,#5AE2FA
190,64,98,#5ADFFA
191,64,98,#5ADDFA
192,64,98,#5ADAFA
193,64,98,#5AD7FA
194,64,98,#5AD5FA
195,64,98,#5AD2FA
196,64,98,#5ACFFA
197,64,98,#5ACDFA
198,64,98,#5ACAFA
199,64,98,#5AC7FA
200,64,98,#5AC5FA
201,64,98,#5AC2FA
202,64,98,#5ABFFA
203,64,98,#5ABDFA
204,64,98,#5ABAFA
205,64,98,#5AB7FA
206,64,98,#5AB5FA
207,64,98,#5AB2FA
208,64,98,#5AAFFA
209,64,98,#5AADFA
210,64,98,#5AAAFA
211,64,98,#5AA7FA
212,64,98,#5AA5FA
213,64,98,#5AA2FA
214,64,98,#5A9FFA
215,64,98,#5A9DFA
216,64,98,#5A9AFA
217,64,98,#5A97FA
218,64,98,#5A95FA
219,64,98,#5A92FA
220,64,98,#5A8FFA
221,64,98,#5A8DFA
222,64,98,#5A8AFA
223,64,98,#5A87FA
224,64,98,#5A85FA
225,64,98,#5A82FA
226,64,98,#5A7FFA
227,64,98,#5A7DFA
228,64,98,#5A7AFA
229,64,98,#5A77FA
230,64,98,#5A75FA
231,64,98,#5A72FA
232,64,98,#5A6FFA
233,64,98,#5A6DFA
234,64,98,#5A6AFA
235,64,98,#5A67FA
236,64,98,#5A65FA
237,64,98,#5A62FA
238,64,98,#5A5FFA
239,64,98,#5A5DFA
240,64,98,#5A5AFA
241,64,98,#5D5AFA
242,64,98,#5F5AFA
243,64,98,#625AFA
244,64,98,#655AFA
245,64,98,#675AFA
246,64,98,#6A5AFA
247,64,98,#6D5AFA
248,64,98,#6F5AFA
249,64,98,#725AFA
250,64,98,#755AFA
251,64,98,#775AFA
252,64,98,#7A5AFA
253,64,98,#7D5AFA
254,64,98,#7F5AFA
255,64,98,#825AFA
256,64,98,#855AFA
257,64,98,#875AFA
258,64,98,#8A5AFA
259,64,98,#8D5AFA
260,64,98,#8F5AFA
261,64,98,#925AFA
262,64,98,#955AFA
263,64,98,#975AFA
264,64,98,#9A5AFA
265,64,98,#9D5AFA
266,64,98,#9F5AFA
267,64,98,#A25AFA
268,64,98,#A55AFA
269,64,98,#A75AFA
270,64,98,#AA5AFA
271,64,98,#AD5AFA
272,64,98,#AF5AFA
273,64,98,#B25AFA
274,64,98,#B55AFA
275,64,98,#B75AFA
276,64,98,#BA5AFA
277,64,98,#BD5AFA
278,64,98,#BF5AFA
279,64,98,#C25AFA
280,64,98,#C55AFA
281,64,98,#C75AFA
282,64,98,#CA5AFA
283,64,98,#CD5AFA
284,64,98,#CF5AFA
285,64,98,#D25AFA
286,64,98,#D55AFA
287,64,98,#D75AFA
288,64,98,#DA5AFA
289,64,98,#DD5AFA
290,64,98,#DF5AFA
291,64,98,#E25AFA
292,64,98,#E55AFA
293,64,98,#E75AFA
294,64,98,#EA5AFA
295,64,98,#ED5AFA
296,64,98,#EF5AFA
297,64,98,#F25AFA
298,64,98,#F55AFA
299,64,98,#F75AFA
300,64,98,#FA5AFA
301,64,98,#FA5AF7
302,64,98,#FA5AF5
303,64,98,#FA5AF2
304,64,98,#FA5AEF
305,64,98,#FA5AED
306,64,98,#FA5AEA
307,64,98,#FA5AE7
308,64,98,#FA5AE5
309,64,98,#FA5AE2
310,64,98,#FA5ADF
311,64,98,#FA5ADD
312,64,98,#FA5ADA
313,64,98,#FA5AD7
314,64,98,#FA5AD5
315,64,98,#FA5AD2
316,64,98,#FA5ACF
317,64,98,#FA5ACD
318,64,98,#FA5ACA
319,64,98,#FA5AC7
320,64,98,#FA5AC5
321,64,98,#FA5AC2
322,64,98,#FA5ABF
323,64,98,#FA5ABD
324,64,98,#FA5ABA
325,64,98,#FA5AB7
326,64,98,#FA5AB5
327,64,98,#FA5AB2
328,64,98,#FA5AAF
329,64,98,#FA5AAD
330,64,98,#FA5AAA
331,64,98,#FA5AA7
332,64,98,#FA5AA5
333,64,98,#FA5AA2
334,64,98,#FA5A9F
335,64,98,#FA5A9D
336,64,98,#FA5A9A
337,64,98,#FA5A97
338,64,98,#FA5A95
339,64,98,#FA5A92
340,64,98,#FA5A8F
341,64,98,#FA5A8D
342,64,98,#FA5A8A
343,64,98,#FA5A87
344,64,98,#FA5A85
345,64,98,#FA5A82
346,64,98,#FA5A7F
347,64,98,#FA5A7D
348,64,98,#FA5A7A
349,64,98,#FA5A77
350,64,98,#FA5A75
351,64,98,#FA5A72
352,64,98,#FA5A6F
353,64,98,#FA5A6D
354,64,98,#FA5A6A
355,64,98,#FA5A67
356,64,98,#FA5A65
357,64,98,#FA5A62
358,64,98,#FA5A5F
359,64,98,#FA5A5D
0,63,98,#FA5C5C
1,63,98,#FA5F5C
2,63,98,#FA625C
3,63,98,#FA645C
4,63,98,#FA675C
5,63,98,#FA6A5C
6,63,98,#FA6C5C
7,63,98,#FA6F5C
8,63,98,#FA715C
9,63,98,#FA745C
10,63,98,#FA775C
11,63,98,#FA795C
12,63,98,#FA7C5C
13,63,98,#FA7F5C
14,63,98,#FA815C
15,63,98,#FA845C
16,63,98,#FA865C
17,63,98,#FA895C
18,63,98,#FA8C5C
19,63,98,#FA8E5C
20,63,98,#FA915C
21,63,98,#FA945C
22,63,98,#FA965C
23,63,98,#FA995C
24,63,98,#FA9B5C
25,63,98,#FA9E5C
26,63,98,#FAA15C
27,63,98,#FAA35C
28,63,98,#FAA65C
29,63,98,#FAA95C
30,63,98,#FAAB5C
31,63,98,#FAAE5C
32,63,98,#FAB05C
33,63,98,#FAB35C
34,63,98,#FAB65C
35,63,98,#FAB85C
36,63,98,#FABB5C
37,63,98,#FABE5C
38,63,98,#FAC05C
39,63,98,#FAC35C
40,63,98,#FAC55C
41,63,98,#FAC85C
42,63,98,#FACB5C
43,63,98,#FACD5C
44,63,98,#FAD05C
45,63,98,#FAD35C
46,63,98,#FAD55C
47,63,98,#FAD85C
48,63,98,#FADA5C
49,63,98,#FADD5C
50,63,98,#FAE05C
51,63,98,#FAE25C
52,63,98,#FAE55C
53,63,98,#FAE85C
54,63,98,#FAEA5C
55,63,98,#FAED5C
56,63,98,#FAEF5C
57,63,98,#FAF25C
58,63,98,#FAF55C
59,63,98,#FAF75C
60,63,98,#FAFA5C
61,63,98,#F7FA5C
62,63,98,#F5FA5C
63,63,98,#F2FA5C
64,63,98,#EFFA5C
65,63,98,#EDFA5C
66,63,98,#EAFA5C
67,63,98,#E8FA5C
68,63,98,#E5FA5C
69,63,98,#E2FA5C
70,63,98,#E0FA5C
71,63,98,#DDFA5C
72,63,98,#DAFA5C
73,63,98,#D8FA5C
74,63,98,#D5FA5C
75,63,98,#D3FA5C
76,63,98,#D0FA5C
77,63,98,#CDFA5C
78,63,98,#CBFA5C
79,63,98,#C8FA5C
80,63,98,#C5FA5C
81,63,98,#C3FA5C
82,63,98,#C0FA5C
83,63,98,#BEFA5C
84,63,98,#BBFA5C
85,63,98,#B8FA5C
86,63,98,#B6FA5C
87,63,98,#B3FA5C
88,63,98,#B0FA5C
89,63,98,#AEFA5C
90,63,98,#ABFA5C
91,63,98,#A9FA5C
92,63,98,#A6FA5C
93,63,98,#A3FA5C
94,63,98,#A1FA5C
95,63,98,#9EFA5C
96,63,98,#9BFA5C
97,63,98,#99FA5C
98,63,98,#96FA5C
99,63,98,#94FA5C
100,63,98,#91FA5C
101,63,98,#8EFA5C
102,63,98,#8CFA5C
103,63,98,#89FA5C
104,63,98,#86FA5C
105,63,98,#84FA5C
106,63,98,#81FA5C
107,63,98,#7FFA5C
108,63,98,#7CFA5C
109,63,98,#79FA5C
110,63,98,#77FA5C
111,63,98,#74FA5C
112,63,98,#71FA5C
113,63,98,#6FFA5C
114,63,98,#6CFA5C
115,63,98,#6AFA5C
116,63,98,#67FA5C
117,63,98,#64FA5C
118,63,98,#62FA5C
119,63,98,#5FFA5C
120,63,98,#5CFA5C
121,63,98,#5CFA5F
122,63,98,#5CFA62
123,63,98,#5CFA64
124,63,98,#5CFA67
125,63,98,#5CFA6A
126,63,98,#5CFA6C
127,63,98,#5CFA6F
128,63,98,#5CFA71
129,63,98,#5CFA74
130,63,98,#5CFA77
131,63,98,#5CFA79
132,63,98,#5CFA7C
133,63,98,#5CFA7F
134,63,98,#5CFA81
135,63,98,#5CFA84
136,63,98,#5CFA86
137,63,98,#5CFA89
138,63,98,#5CFA8C
139,63,98,#5CFA8E
140,63,98,#5CFA91
141,63,98,#5CFA94
142,63,98,#5CFA96
143,63,98,#5CFA99
144,63,98,#5CFA9B
145,63,98,#5CFA9E
146,63,98,#5CFAA1
147,63,98,#5CFAA3
148,63,98,#5CFAA6
149,63,98,#5CFAA9
150,63,98,#5CFAAB
151,63,98,#5CFAAE
152,63,98,#5CFAB0
153,63,98,#5CFAB3
154,63,98,#5CFAB6
155,63,98,#5CFAB8
156,63,98,#5CFABB
157,63,98,#5CFABE
158,63,98,#5CFAC0
159,63,98,#5CFAC3
160,63,98,#5CFAC5
161,63,98,#5CFAC8
162,63,98,#5CFACB
163,63,98,#5CFACD
164,63,98,#5CFAD0
165,63,98,#5CFAD3
166,63,98,#5CFAD5
167,63,98,#5CFAD8
168,63,98,#5CFADA
169,63,98,#5CFADD
170,63,98,#5CFAE0
171,63,98,#5CFAE2
172,63,98,#5CFAE5
173,63,98,#5CFAE8
174,63,98,#5CFAEA
175,63,98,#5CFAED
176,63,98,#5CFAEF
177,63,98,#5CFAF2
178,63,98,#5CFAF5
179,63,98,#5CFAF7
180,63,98,#5CFAFA
181,63,98,#5CF7FA
182,63,98,#5CF5FA
183,63,98,#5CF2FA
184,63,98,#5CEFFA
185,63,98,#5CEDFA
186,63,98,#5CEAFA
187,63,98,#5CE8FA
188,63,98,#5CE5FA
189,63,98,#5CE2FA
190,63,98,#5CE0FA
191,63,98,#5CDDFA
192,63,98,#5CDAFA
193,63,98,#5CD8FA
194,63,98,#5CD5FA
195,63,98,#5CD3FA
196,63,98,#5CD0FA
197,63,98,#5CCDFA
198,63,98,#5CCBFA
199,63,98,#5CC8FA
200,63,98,#5CC5FA
201,63,98,#5CC3FA
202,63,98,#5CC0FA
203,63,98,#5CBEFA
204,63,98,#5CBBFA
205,63,98,#5CB8FA
206,63,98,#5CB6FA
207,63,98,#5CB3FA
208,63,98,#5CB0FA
209,63,98,#5CAEFA
210,63,98,#5CABFA
211,63,98,#5CA9FA
212,63,98,#5CA6FA
213,63,98,#5CA3FA
214,63,98,#5CA1FA
215,63,98,#5C9EFA
216,63,98,#5C9BFA
217,63,98,#5C99FA
218,63,98,#5C96FA
219,63,98,#5C94FA
220,63,98,#5C91FA
221,63,98,#5C8EFA
222,63,98,#5C8CFA
223,63,98,#5C89FA
224,63,98,#5C86FA
225,63,98,#5C84FA
226,63,98,#5C81FA
227,63,98,#5C7FFA
228,63,98,#5C7CFA
229,63,98,#5C79FA
230,63,98,#5C77FA
231,63,98,#5C74FA
232,63,98,#5C71FA
233,63,98,#5C6FFA
234,63,98,#5C6CFA
235,63,98,#5C6AFA
236,63,98,#5C67FA
237,63,98,#5C64FA
238,63,98,#5C62FA
239,63,98,#5C5FFA
240,63,98,#5C5CFA
241,63,98,#5F5CFA
242,63,98,#625CFA
243,63,98,#645CFA
244,63,98,#675CFA
245,63,98,#6A5CFA
246,63,98,#6C5CFA
247,63,98,#6F5CFA
248,63,98,#715CFA
249,63,98,#745CFA
250,63,98,#775CFA
251,63,98,#795CFA
252,63,98,#7C5CFA
253,63,98,#7F5CFA
254,63,98,#815CFA
255,63,98,#845CFA
256,63,98,#865CFA
257,63,98,#895CFA
258,63,98,#8C5CFA
259,63,98,#8E5CFA
260,63,98,#915CFA
261,63,98,#945CFA
262,63,98,#965CFA
263,63,98,#995CFA
264,63,98,#9B5CFA
265,63,98,#9E5CFA
266,63,98,#A15CFA
267,63,98,#A35CFA
268,63,98,#A65CFA
269,63,98,#A95CFA
270,63,98,#AB5CFA
271,63,98,#AE5CFA
272,63,98,#B05CFA
273,63,98,#B35CFA
274,63,98,#B65CFA
275,63,98,#B85CFA
276,63,98,#BB5CFA
277,63,98,#BE5CFA
278,63,98,#C05CFA
279,63,98,#C35CFA
280,63,98,#C55CFA
281,63,98,#C85CFA
282,63,98,#CB5CFA
283,63,98,#CD5CFA
284,63,98,#D05CFA
285,63,98,#D35CFA
286,63,98,#D55CFA
287,63,98,#D85CFA
288,63,98,#DA5CFA
289,63,98,#DD5CFA
290,63,98,#E05CFA
291,63,98,#E25CFA
292,63,98,#E55CFA
293,63,98,#E85CFA
294,63,98,#EA5CFA
295,63,98,#ED5CFA
296,63,98,#EF5CFA
297,63,98,#F25CFA
298,63,98,#F55CFA
299,63,98,#F75CFA
300,63,98,#FA5CFA
301,63,98,#FA5CF7
302,63,98,#FA5CF5
303,63,98,#FA5CF2
304,63,98,#FA5CEF
305,63,98,#FA5CED
306,63,98,#FA5CEA
307,63,98,#FA5CE8
308,63,98,#FA5CE5
309,63,98,#FA5CE2
310,63,98,#FA5CE0
311,63,98,#FA5CDD
312,63,98,#FA5CDA
313,63,98,#FA5CD8
314,63,98,#FA5CD5
315,63,98,#FA5CD3
316,63,98,#FA5CD0
317,63,98,#FA5CCD
318,63,98,#FA5CCB
319,63,98,#FA5CC8
320,63,98,#FA5CC5
321,63,98,#FA5CC3
322,63,98,#FA5CC0
323,63,98,#FA5CBE
324,63,98,#FA5CBB
325,63,98,#FA5CB8
326,63,98,#FA5CB6
327,63,98,#FA5CB3
328,63,98,#FA5CB0
329,63,98,#FA5CAE
330,63,98,#FA5CAB
331,63,98,#FA5CA9
332,63,98,#FA5CA6
333,63,98,#FA5CA3
334,63,98,#FA5CA1
335,63,98,#FA5C9E
336,63,98,#FA5C9B
337,63,98,#FA5C99
338,63,98,#FA5C96
339,63,98,#FA5C94
340,63,98,#FA5C91
341,63,98,#FA5C8E
342,63,98,#FA5C8C
343,63,98,#FA5C89
344,63,98,#FA5C86
345,63,98,#FA5C84
346,63,98,#FA5C81
347,63,98,#FA5C7F
348,63,98,#FA5C7C
349,63,98,#FA5C79
350,63,98,#FA5C77
351,63,98,#FA5C74
352,63,98,#FA5C71
353,63,98,#FA5C6F
354,63,98,#FA5C6C
355,63,98,#FA5C6A
356,63,98,#FA5C67
357,63,98,#FA5C64
358,63,98,#FA5C62
359,63,98,#FA5C5F
0,62,98,#FA5F5F
1,62,98,#FA625F
2,62,98,#FA645F
3,62,98,#FA675F
4,62,98,#FA695F
5,62,98,#FA6C5F
6,62,98,#FA6E5F
7,62,98,#FA715F
8,62,98,#FA745F
9,62,98,#FA765F
10,62,98,#FA795F
11,62,98,#FA7B5F
12,62,98,#FA7E5F
13,62,98,#FA815F
14,62,98,#FA835F
15,62,98,#FA865F
16,62,98,#FA885F
17,62,98,#FA8B5F
18,62,98,#FA8D5F
19,62,98,#FA905F
20,62,98,#FA935F
21,62,98,#FA955F
22,62,98,#FA985F
23,62,98,#FA9A5F
24,62,98,#FA9D5F
25,62,98,#FAA05F
26,62,98,#FAA25F
27,62,98,#FAA55F
28,62,98,#FAA75F
29,62,98,#FAAA5F
30,62,98,#FAAC5F
31,62,98,#FAAF5F
32,62,98,#FAB25F
33,62,98,#FAB45F
34,62,98,#FAB75F
35,62,98,#FAB95F
36,62,98,#FABC5F
37,62,98,#FABF5F
38,62,98,#FAC15F
39,62,98,#FAC45F
40,62,98,#FAC65F
41,62,98,#FAC95F
42,62,98,#FACB5F
43,62,98,#FACE5F
44,62,98,#FAD15F
45,62,98,#FAD35F
46,62,98,#FAD65F
47,62,98,#FAD85F
48,62,98,#FADB5F
49,62,98,#FADD5F
50,62,98,#FAE05F
51,62,98,#FAE35F
52,62,98,#FAE55F
53,62,98,#FAE85F
54,62,98,#FAEA5F
55,62,98,#FAED5F
56,62,98,#FAF05F
57,62,98,#FAF25F
58,62,98,#FAF55F
59,62,98,#FAF75F
60,62,98,#FAFA5F
61,62,98,#F7FA5F
62,62,98,#F5FA5F
63,62,98,#F2FA5F
64,62,98,#F0FA5F
65,62,98,#EDFA5F
66,62,98,#EAFA5F
67,62,98,#E8FA5F
68,62,98,#E5FA5F
69,62,98,#E3FA5F
70,62,98,#E0FA5F
71,62,98,#DDFA5F
72,62,98,#DBFA5F
73,62,98,#D8FA5F
74,62,98,#D6FA5F
75,62,98,#D3FA5F
76,62,98,#D1FA5F
77,62,98,#CEFA5F
78,62,98,#CBFA5F
79,62,98,#C9FA5F
80,62,98,#C6FA5F
81,62,98,#C4FA5F
82,62,98,#C1FA5F
83,62,98,#BFFA5F
84,62,98,#BCFA5F
85,62,98,#B9FA5F
86,62,98,#B7FA5F
87,62,98,#B4FA5F
88,62,98,#B2FA5F
89,62,98,#AFFA5F
90,62,98,#ACFA5F
91,62,98,#AAFA5F
92,62,98,#A7FA5F
93,62,98,#A5FA5F
94,62,98,#A2FA5F
95,62,98,#A0FA5F
96,62,98,#9DFA5F
97,62,98,#9AFA5F
98,62,98,#98FA5F
99,62,98,#95FA5F
100,62,98,#93FA5F
101,62,98,#90FA5F
102,62,98,#8DFA5F
103,62,98,#8BFA5F
104,62,98,#88FA5F
105,62,98,#86FA5F
106,62,98,#83FA5F
107,62,98,#81FA5F
108,62,98,#7EFA5F
109,62,98,#7BFA5F
110,62,98,#79FA5F
111,62,98,#76FA5F
112,62,98,#74FA5F
113,62,98,#71FA5F
114,62,98,#6EFA5F
115,62,98,#6CFA5F
116,62,98,#69FA5F
117,62,98,#67FA5F
118,62,98,#64FA5F
119,62,98,#62FA5F
120,62,98,#5FFA5F
121,62,98,#5FFA62
122,62,98,#5FFA64
123,62,98,#5FFA67
124,62,98,#5FFA69
125,62,98,#5FFA6C
126,62,98,#5FFA6E
127,62,98,#5FFA71
128,62,98,#5FFA74
129,62,98,#5FFA76
130,62,98,#5FFA79
131,62,98,#5FFA7B
132,62,98,#5FFA7E
133,62,98,#5FFA81
134,62,98,#5FFA83
135,62,98,#5FFA86
136,62,98,#5FFA88
137,62,98,#5FFA8B
138,62,98,#5FFA8D
139,62,98,#5FFA90
140,62,98,#5FFA93
141,62,98,#5FFA95
142,62,98,#5FFA98
143,62,98,#5FFA9A
144,62,98,#5FFA9D
145,62,98,#5FFAA0
146,62,98,#5FFAA2
147,62,98,#5FFAA5
148,62,98,#5FFAA7
149,62,98,#5FFAAA
150,62,98,#5FFAAC
151,62,98,#5FFAAF
152,62,98,#5FFAB2
153,62,98,#5FFAB4
154,62,98,#5FFAB7
155,62,98,#5FFAB9
156,62,98,#5FFABC
157,62,98,#5FFABF
158,62,98,#5FFAC1
159,62,98,#5FFAC4
160,62,98,#5FFAC6
161,62,98,#5FFAC9
162,62,98,#5FFACB
163,62,98,#5FFACE
164,62,98,#5FFAD1
165,62,98,#5FFAD3
166,62,98,#5FFAD6
167,62,98,#5FFAD8
168,62,98,#5FFADB
169,62,98,#5FFADD
170,62,98,#5FFAE0
171,62,98,#5FFAE3
172,62,98,#5FFAE5
173,62,98,#5FFAE8
174,62,98,#5FFAEA
175,62,98,#5FFAED
176,62,98,#5FFAF0
177,62,98,#5FFAF2
178,62,98,#5FFAF5
179,62,98,#5FFAF7
180,62,98,#5FFAFA
181,62,98,#5FF7FA
182,62,98,#5FF5FA
183,62,98,#5FF2FA
184,62,98,#5FF0FA
185,62,98,#5FEDFA
186,62,98,#5FEAFA
187,62,98,#5FE8FA
188,62,98,#5FE5FA
189,62,98,#5FE3FA
190,62,98,#5FE0FA
191,62,98,#5FDDFA
192,62,98,#5FDBFA
193,62,98,#5FD8FA
194,62,98,#5FD6FA
195,62,98,#5FD3FA
196,62,98,#5FD1FA
197,62,98,#5FCEFA
198,62,98,#5FCBFA
199,62,98,#5FC9FA
200,62,98,#5FC6FA
201,62,98,#5FC4FA
202,62,98,#5FC1FA
203,62,98,#5FBFFA
204,62,98,#5FBCFA
205,62,98,#5FB9FA
206,62,98,#5FB7FA
207,62,98,#5FB4FA
208,62,98,#5FB2FA
209,62,98,#5FAFFA
210,62,98,#5FACFA
211,62,98,#5FAAFA
212,62,98,#5FA7FA
213,62,98,#5FA5FA
214,62,98,#5FA2FA
215,62,98,#5FA0FA
216,62,98,#5F9DFA
217,62,98,#5F9AFA
218,62,98,#5F98FA
219,62,98,#5F95FA
220,62,98,#5F93FA
221,62,98,#5F90FA
222,62,98,#5F8DFA
223,62,98,#5F8BFA
224,62,98,#5F88FA
225,62,98,#5F86FA
226,62,98,#5F83FA
227,62,98,#5F81FA
228,62,98,#5F7EFA
229,62,98,#5F7BFA
230,62,98,#5F79FA
231,62,98,#5F76FA
232,62,98,#5F74FA
233,62,98,#5F71FA
234,62,98,#5F6EFA
235,62,98,#5F6CFA
236,62,98,#5F69FA
237,62,98,#5F67FA
238,62,98,#5F64FA
239,62,98,#5F62FA
240,62,98,#5F5FFA
241,62,98,#625FFA
242,62,98,#645FFA
243,62,98,#675FFA
244,62,98,#695FFA
245,62,98,#6C5FFA
246,62,98,#6E5FFA
247,62,98,#715FFA
248,62,98,#745FFA
249,62,98,#765FFA
250,62,98,#795FFA
251,62,98,#7B5FFA
252,62,98,#7E5FFA
253,62,98,#815FFA
254,62,98,#835FFA
255,62,98,#865FFA
256,62,98,#885FFA
257,62,98,#8B5FFA
258,62,98,#8D5FFA
259,62,98,#905FFA
260,62,98,#935FFA
261,62,98,#955FFA
262,62,98,#985FFA
263,62,98,#9A5FFA
264,62,98,#9D5FFA
265,62,98,#A05FFA
266,62,98,#A25FFA
267,62,98,#A55FFA
268,62,98,#A75FFA
269,62,98,#AA5FFA
270,62,98,#AC5FFA
271,62,98,#AF5FFA
272,62,98,#B25FFA
273,62,98,#B45FFA
274,62,98,#B75FFA
275,62,98,#B95FFA
276,62,98,#BC5FFA
277,62,98,#BF5FFA
278,62,98,#C15FFA
279,62,98,#C45FFA
280,62,98,#C65FFA
281,62,98,#C95FFA
282,62,98,#CB5FFA
283,62,98,#CE5FFA
284,62,98,#D15FFA
285,62,98,#D35FFA
286,62,98,#D65FFA
287,62,98,#D85FFA
288,62,98,#DB5FFA
289,62,98,#DD5FFA
290,62,98,#E05FFA
291,62,98,#E35FFA
292,62,98,#E55FFA
293,62,98,#E85FFA
294,62,98,#EA5FFA
295,62,98,#ED5FFA
296,62,98,#F05FFA
297,62,98,#F25FFA
298,62,98,#F55FFA
299,62,98,#F75FFA
300,62,98,#FA5FFA
301,62,98,#FA5FF7
302,62,98,#FA5FF5
303,62,98,#FA5FF2
304,62,98,#FA5FF0
305,62,98,#FA5FED
306,62,98,#FA5FEA
307,62,98,#FA5FE8
308,62,98,#FA5FE5
309,62,98,#FA5FE3
310,62,98,#FA5FE0
311,62,98,#FA5FDD
312,62,98,#FA5FDB
313,62,98,#FA5FD8
314,62,98,#FA5FD6
315,62,98,#FA5FD3
316,62,98,#FA5FD1
317,62,98,#FA5FCE
318,62,98,#FA5FCB
319,62,98,#FA5FC9
320,62,98,#FA5FC6
321,62,98,#FA5FC4
322,62,98,#FA5FC1
323,62,98,#FA5FBF
324,62,98,#FA5FBC
325,62,98,#FA5FB9
326,62,98,#FA5FB7
327,62,98,#FA5FB4
328,62,98,#FA5FB2
329,62,98,#FA5FAF
330,62,98,#FA5FAC
331,62,98,#FA5FAA
332,62,98,#FA5FA7
333,62,98,#FA5FA5
334,62,98,#FA5FA2
335,62,98,#FA5FA0
336,62,98,#FA5F9D
337,62,98,#FA5F9A
338,62,98,#FA5F98
339,62,98,#FA5F95
340,62,98,#FA5F93
341,62,98,#FA5F90
342,62,98,#FA5F8D
343,62,98,#FA5F8B
344,62,98,#FA5F88
345,62,98,#FA5F86
346,62,98,#FA5F83
347,62,98,#FA5F81
348,62,98,#FA5F7E
349,62,98,#FA5F7B
350,62,98,#FA5F79
351,62,98,#FA5F76
352,62,98,#FA5F74
353,62,98,#FA5F71
354,62,98,#FA5F6E
355,62,98,#FA5F6C
356,62,98,#FA5F69
357,62,98,#FA5F67
358,62,98,#FA5F64
359,62,98,#FA5F62
0,61,98,#FA6161
1,61,98,#FA6461
2,61,98,#FA6761
3,61,98,#FA6961
4,61,98,#FA6C61
5,61,98,#FA6E61
6,61,98,#FA7161
7,61,98,#FA7361
8,61,98,#FA7661
9,61,98,#FA7861
10,61,98,#FA7B61
11,61,98,#FA7D61
12,61,98,#FA8061
13,61,98,#FA8261
14,61,98,#FA8561
15,61,98,#FA8861
16,61,98,#FA8A61
17,61,98,#FA8D61
18,61,98,#FA8F61
19,61,98,#FA9261
20,61,98,#FA9461
21,61,98,#FA9761
22,61,98,#FA9961
23,61,98,#FA9C61
24,61,98,#FA9E61
25,61,98,#FAA161
26,61,98,#FAA461
27,61,98,#FAA661
28,61,98,#FAA961
29,61,98,#FAAB61
30,61,98,#FAAE61
31,61,98,#FAB061
32,61,98,#FAB361
33,61,98,#FAB561
34,61,98,#FAB861
35,61,98,#FABA61
36,61,98,#FABD61
37,61,98,#FABF61
38,61,98,#FAC261
39,61,98,#FAC561
40,61,98,#FAC761
41,61,98,#FACA61
42,61,98,#FACC61
43,61,98,#FACF61
44,61,98,#FAD161
45,61,98,#FAD461
46,61,98,#FAD661
47,61,98,#FAD961
48,61,98,#FADB61
49,61,98,#FADE61
50,61,98,#FAE061
51,61,98,#FAE361
52,61,98,#FAE661
53,61,98,#FAE861
54,61,98,#FAEB61
55,61,98,#FAED61
56,61,98,#FAF061
57,61,98,#FAF261
58,61,98,#FAF561
59,61,98,#FAF761
60,61,98,#FAFA61
61,61,98,#F7FA61
62,61,98,#F5FA61
63,61,98,#F2FA61
64,61,98,#F0FA61
65,61,98,#EDFA61
66,61,98,#EBFA61
67,61,98,#E8FA61
68,61,98,#E6FA61
69,61,98,#E3FA61
70,61,98,#E0FA61
71,61,98,#DEFA61
72,61,98,#DBFA61
73,61,98,#D9FA61
74,61,98,#D6FA61
75,61,98,#D4FA61
76,61,98,#D1FA61
77,61,98,#CFFA61
78,61,98,#CCFA61
79,61,98,#CAFA61
80,61,98,#C7FA61
81,61,98,#C5FA61
82,61,98,#C2FA61
83,61,98,#BFFA61
84,61,98,#BDFA61
85,61,98,#BAFA61
86,61,98,#B8FA61
87,61,98,#B5FA61
88,61,98,#B3FA61
89,61,98,#B0FA61
90,61,98,#AEFA61
91,61,98,#ABFA61
92,61,98,#A9FA61
93,61,98,#A6FA61
94,61,98,#A4FA61
95,61,98,#A1FA61
96,61,98,#9EFA61
97,61,98,#9CFA61
98,61,98,#99FA61
99,61,98,#97FA61
100,61,98,#94FA61
101,61,98,#92FA61
102,61,98,#8FFA61
103,61,98,#8DFA61
104,61,98,#8AFA61
105,61,98,#88FA61
106,61,98,#85FA61
107,61,98,#82FA61
108,61,98,#80FA61
109,61,98,#7DFA61
110,61,98,#7BFA61
111,61,98,#78FA61
112,61,98,#76FA61
113,61,98,#73FA61
114,61,98,#71FA61
115,61,98,#6EFA61
116,61,98,#6CFA61
117,61,98,#69FA61
118,61,98,#67FA61
119,61,98,#64FA61
120,61,98,#61FA61
121,61,98,#61FA64
122,61,98,#61FA67
123,61,98,#61FA69
124,61,98,#61FA6C
125,61,98,#61FA6E
126,61,98,#61FA71
127,61,98,#61FA73
128,61,98,#61FA76
129,61,98,#61FA78
130,61,98,#61FA7B
131,61,98,#61FA7D
132,61,98,#61FA80
133,61,98,#61FA82
134,61,98,#61FA85
135,61,98,#61FA88
136,61,98,#61FA8A
137,61,98,#61FA8D
138,61,98,#61FA8F
139,61,98,#61FA92
140,61,98,#61FA94
141,61,98,#61FA97
142,61,98,#61FA99
143,61,98,#61FA9C
144,61,98,#61FA9E
145,61,98,#61FAA1
146,61,98,#61FAA4
147,61,98,#61FAA6
148,61,98,#61FAA9
149,61,98,#61FAAB
150,61,98,#61FAAE
151,61,98,#61FAB0
152,61,98,#61FAB3
153,61,98,#61FAB5
154,61,98,#61FAB8
155,61,98,#61FABA
156,61,98,#61FABD
157,61,98,#61FABF
158,61,98,#61FAC2
159,61,98,#61FAC5
160,61,98,#61FAC7
161,61,98,#61FACA
162,61,98,#61FACC
163,61,98,#61FACF
164,61,98,#61FAD1
165,61,98,#61FAD4
166,61,98,#61FAD6
167,61,98,#61FAD9
168,61,98,#61FADB
169,61,98,#61FADE
170,61,98,#61FAE0
171,61,98,#61FAE3
172,61,98,#61FAE6
173,61,98,#61FAE8
174,61,98,#61FAEB
175,61,98,#61FAED
176,61,98,#61FAF0
177,61,98,#61FAF2
178,61,98,#61FAF5
179,61,98,#61FAF7
180,61,98,#61FAFA
181,61,98,#61F7FA
182,61,98,#61F5FA
183,61,98,#61F2FA
184,61,98,#61F0FA
185,61,98,#61EDFA
186,61,98,#61EBFA
187,61,98,#61E8FA
188,61,98,#61E6FA
189,61,98,#61E3FA
190,61,98,#61E0FA
191,61,98,#61DEFA
192,61,98,#61DBFA
193,61,98,#61D9FA
194,61,98,#61D6FA
195,61,98,#61D4FA
196,61,98,#61D1FA
197,61,98,#61CFFA
198,61,98,#61CCFA
199,61,98,#61CAFA
200,61,98,#61C7FA
201,61,98,#61C5FA
202,61,98,#61C2FA
203,61,98,#61BFFA
204,61,98,#61BDFA
205,61,98,#61BAFA
206,61,98,#61B8FA
207,61,98,#61B5FA
208,61,98,#61B3FA
209,61,98,#61B0FA
210,61,98,#61AEFA
211,61,98,#61ABFA
212,61,98,#61A9FA
213,61,98,#61A6FA
214,61,98,#61A4FA
215,61,98,#61A1FA
216,61,98,#619EFA
217,61,98,#619CFA
218,61,98,#6199FA
219,61,98,#6197FA
220,61,98,#6194FA
221,61,98,#6192FA
222,61,98,#618FFA
223,61,98,#618DFA
224,61,98,#618AFA
225,61,98,#6188FA
226,61,98,#6185FA
227,61,98,#6182FA
228,61,98,#6180FA
229,61,98,#617DFA
230,61,98,#617BFA
231,61,98,#6178FA
232,61,98,#6176FA
233,61,98,#6173FA
234,61,98,#6171FA
235,61,98,#616EFA
236,61,98,#616CFA
237,61,98,#6169FA
238,61,98,#6167FA
239,61,98,#6164FA
240,61,98,#6161FA
241,61,98,#6461FA
242,61,98,#6761FA
243,61,98,#6961FA
244,61,98,#6C61FA
245,61,98,#6E61FA
246,61,98,#7161FA
247,61,98,#7361FA
248,61,98,#7661FA
249,61,98,#7861FA
250,61,98,#7B61FA
251,61,98,#7D61FA
252,61,98,#8061FA
253,61,98,#8261FA
254,61,98,#8561FA
255,61,98,#8861FA
256,61,98,#8A61FA
257,61,98,#8D61FA
258,61,98,#8F61FA
259,61,98,#9261FA
260,61,98,#9461FA
261,61,98,#9761FA
262,61,98,#9961FA
263,61,98,#9C61FA
264,61,98,#9E61FA
265,61,98,#A161FA
266,61,98,#A461FA
267,61,98,#A661FA
268,61,98,#A961FA
269,61,98,#AB61FA
270,61,98,#AE61FA
271,61,98,#B061FA
272,61,98,#B361FA
273,61,98,#B561FA
274,61,98,#B861FA
275,61,98,#BA61FA
276,61,98,#BD61FA
277,61,98,#BF61FA
278,61,98,#C261FA
279,61,98,#C561FA
280,61,98,#C761FA
281,61,98,#CA61FA
282,61,98,#CC61FA
283,61,98,#CF61FA
284,61,98,#D161FA
285,61,98,#D461FA
286,61,98,#D661FA
287,61,98,#D961FA
288,61,98,#DB61FA
289,61,98,#DE61FA
290,61,98,#E061FA
291,61,98,#E361FA
292,61,98,#E661FA
293,61,98,#E861FA
294,61,98,#EB61FA
295,61,98,#ED61FA
296,61,98,#F061FA
297,61,98,#F261FA
298,61,98,#F561FA
299,61,98,#F761FA
300,61,98,#FA61FA
301,61,98,#FA61F7
302,61,98,#FA61F5
303,61,98,#FA61F2
304,61,98,#FA61F0
305,61,98,#FA61ED
306,61,98,#FA61EB
307,61,98,#FA61E8
308,61,98,#FA61E6
309,61,98,#FA61E3
310,61,98,#FA61E0
311,61,98,#FA61DE
312,61,98,#FA61DB
313,61,98,#FA61D9
314,61,98,#FA61D6
315,61,98,#FA61D4
316,61,98,#FA61D1
317,61,98,#FA61CF
318,61,98,#FA61CC
319,61,98,#FA61CA
320,61,98,#FA61C7
321,61,98,#FA61C5
322,61,98,#FA61C2
323,61,98,#FA61BF
324,61,98,#FA61BD
325,61,98,#FA61BA
326,61,98,#FA61B8
327,61,98,#FA61B5
328,61,98,#FA61B3
329,61,98,#FA61B0
330,61,98,#FA61AE
331,61,98,#FA61AB
332,61,98,#FA61A9
333,61,98,#FA61A6
334,61,98,#FA61A4
335,61,98,#FA61A1
336,61,98,#FA619E
337,61,98,#FA619C
338,61,98,#FA6199
339,61,98,#FA6197
340,61,98,#FA6194
341,61,98,#FA6192
342,61,98,#FA618F
343,61,98,#FA618D
344,61,98,#FA618A
345,61,98,#FA6188
346,61,98,#FA6185
347,61,98,#FA6182
348,61,98,#FA6180
349,61,98,#FA617D
350,61,98,#FA617B
351,61,98,#FA6178
352,61,98,#FA6176
353,61,98,#FA6173
354,61,98,#FA6171
355,61,98,#FA616E
356,61,98,#FA616C
357,61,98,#FA6169
358,61,98,#FA6167
359,61,98,#FA6164
0,60,98,#FA6464
1,60,98,#FA6664
2,60,98,#FA6964
3,60,98,#FA6B64
4,60,98,#FA6E64
5,60,98,#FA7064
6,60,98,#FA7364
7,60,98,#FA7564
8,60,98,#FA7864
9,60,98,#FA7A64
10,60,98,#FA7D64
11,60,98,#FA7F64
12,60,98,#FA8264
13,60,98,#FA8464
14,60,98,#FA8764
15,60,98,#FA8964
16,60,98,#FA8C64
17,60,98,#FA8E64
18,60,98,#FA9164
19,60,98,#FA9364
20,60,98,#FA9664
21,60,98,#FA9864
22,60,98,#FA9B64
23,60,98,#FA9D64
24,60,98,#FAA064
25,60,98,#FAA264
26,60,98,#FAA564
27,60,98,#FAA764
28,60,98,#FAAA64
29,60,98,#FAAC64
30,60,98,#FAAF64
31,60,98,#FAB164
32,60,98,#FAB464
33,60,98,#FAB664
34,60,98,#FAB964
35,60,98,#FABB64
36,60,98,#FABE64
37,60,98,#FAC064
38,60,98,#FAC364
39,60,98,#FAC564
40,60,98,#FAC864
41,60,98,#FACA64
42,60,98,#FACD64
43,60,98,#FACF64
44,60,98,#FAD264
45,60,98,#FAD464
46,60,98,#FAD764
47,60,98,#FAD964
48,60,98,#FADC64
49,60,98,#FADE64
50,60,98,#FAE164
51,60,98,#FAE364
52,60,98,#FAE664
53,60,98,#FAE864
54,60,98,#FAEB64
55,60,98,#FAED64
56,60,98,#FAF064
57,60,98,#FAF264
58,60,98,#FAF564
59,60,98,#FAF764
60,60,98,#FAFA64
61,60,98,#F7FA64
62,60,98,#F5FA64
63,60,98,#F2FA64
64,60,98,#F0FA64
65,60,98,#EDFA64
66,60,98,#EBFA64
67,60,98,#E8FA64
68,60,98,#E6FA64
69,60,98,#E3FA64
70,60,98,#E1FA64
71,60,98,#DEFA64
72,60,98,#DCFA64
73,60,98,#D9FA64
74,60,98,#D7FA64
75,60,98,#D4FA64
76,60,98,#D2FA64
77,60,98,#CFFA64
78,60,98,#CDFA64
79,60,98,#CAFA64
80,60,98,#C8FA64
81,60,98,#C5FA64
82,60,98,#C3FA64
83,60,98,#C0FA64
84,60,98,#BEFA64
85,60,98,#BBFA64
86,60,98,#B9FA64
87,60,98,#B6FA64
88,60,98,#B4FA64
89,60,98,#B1FA64
90,60,98,#AFFA64
91,60,98,#ACFA64
92,60,98,#AAFA64
93,60,98,#A7FA64
94,60,98,#A5FA64
95,60,98,#A2FA64
96,60,98,#A0FA64
97,60,98,#9DFA64
98,60,98,#9BFA64
99,60,98,#98FA64
100,60,98,#96FA64
101,60,98,#93FA64
102,60,98,#91FA64
103,60,98,#8EFA64
104,60,98,#8CFA64
105,60,98,#89FA64
106,60,98,#87FA64
107,60,98,#84FA64
108,60,98,#82FA64
109,60,98,#7FFA64
110,60,98,#7DFA64
111,60,98,#7AFA64
112,60,98,#78FA64
113,60,98,#75FA64
114,60,98,#73FA64
115,60,98,#70FA64
116,60,98,#6EFA64
117,60,98,#6BFA64
118,60,98,#69FA64
119,60,98,#66FA64
120,60,98,#64FA64
121,60,98,#64FA66
122,60,98,#64FA69
123,60,98,#64FA6B
124,60,98,#64FA6E
125,60,98,#64FA70
126,60,98,#64FA73
127,60,98,#64FA75
128,60,98,#64FA78
129,60,98,#64FA7A
130,60,98,#64FA7D
131,60,98,#64FA7F
132,60,98,#64FA82
133,60,98,#64FA84
134,60,98,#64FA87
135,60,98,#64FA89
136,60,98,#64FA8C
137,60,98,#64FA8E
138,60,98,#64FA91
139,60,98,#64FA93
140,60,98,#64FA96
141,60,98,#64FA98
142,60,98,#64FA9B
143,60,98,#64FA9D
144,60,98,#64FAA0
145,60,98,#64FAA2
146,60,98,#64FAA5
147,60,98,#64FAA7
148,60,98,#64FAAA
149,60,98,#64FAAC
150,60,98,#64FAAF
151,60,98,#64FAB1
152,60,98,#64FAB4
153,60,98,#64FAB6
154,60,98,#64FAB9
155,60,98,#64FABB
156,60,98,#64FABE
157,60,98,#64FAC0
158,60,98,#64FAC3
159,60,98,#64FAC5
160,60,98,#64FAC8
161,60,98,#64FACA
162,60,98,#64FACD
163,60,98,#64FACF
164,60,98,#64FAD2
165,60,98,#64FAD4
166,60,98,#64FAD7
167,60,98,#64FAD9
168,60,98,#64FADC
169,60,98,#64FADE
170,60,98,#64FAE1
171,60,98,#64FAE3
172,60,98,#64FAE6
173,60,98,#64FAE8
174,60,98,#64FAEB
175,60,98,#64FAED
176,60,98,#64FAF0
177,60,98,#64FAF2
178,60,98,#64FAF5
179,60,98,#64FAF7
180,60,98,#64FAFA
181,60,98,#64F7FA
182,60,98,#64F5FA
183,60,98,#64F2FA
184,60,98,#64F0FA
185,60,98,#64EDFA
186,60,98,#64EBFA
187,60,98,#64E8FA
188,60,98,#64E6FA
189,60,98,#64E3FA
190,60,98,#64E1FA
191,60,98,#64DEFA
192,60,98,#64DCFA
193,60,98,#64D9FA
194,60,98,#64D7FA
195,60,98,#64D4FA
196,60,98,#64D2FA
197,60,98,#64CFFA
198,60,98,#64CDFA
199,60,98,#64CAFA
200,60,98,#64C8FA
201,60,98,#64C5FA
202,60,98,#64C3FA
203,60,98,#64C0FA
204,60,98,#64BEFA
205,60,98,#64BBFA
206,60,98,#64B9FA
207,60,98,#64B6FA
208,60,98,#64B4FA
209,60,98,#64B1FA
210,60,98,#64AFFA
211,60,98,#64ACFA
212,60,98,#64AAFA
213,60,98,#64A7FA
214,60,98,#64A5FA
215,60,98,#64A2FA
216,60,98,#64A0FA
217,60,98,#649DFA
218,60,98,#649BFA
219,60,98,#6498FA
220,60,98,#6496FA
221,60,98,#6493FA
222,60,98,#6491FA
223,60,98,#648EFA
224,60,98,#648CFA
225,60,98,#6489FA
226,60,98,#6487FA
227,60,98,#6484FA
228,60,98,#6482FA
229,60,98,#647FFA
230,60,98,#647DFA
231,60,98,#647AFA
232,60,98,#6478FA
233,60,98,#6475FA
234,60,98,#6473FA
235,60,98,#6470FA
236,60,98,#646EFA
237,60,98,#646BFA
238,60,98,#6469FA
239,60,98,#6466FA
240,60,98,#6464FA
241,60,98,#6664FA
242,60,98,#6964FA
243,60,98,#6B64FA
244,60,98,#6E64FA
245,60,98,#7064FA
246,60,98,#7364FA
247,60,98,#7564FA
248,60,98,#7864FA
249,60,98,#7A64FA
250,60,98,#7D64FA
251,60,98,#7F64FA
252,60,98,#8264FA
253,60,98,#8464FA
254,60,98,#8764FA
255,60,98,#8964FA
256,60,98,#8C64FA
257,60,98,#8E64FA
258,60,98,#9164FA
259,60,98,#9364FA
260,60,98,#9664FA
261,60,98,#9864FA
262,60,98,#9B64FA
263,60,98,#9D64FA
264,60,98,#A064FA
265,60,98,#A264FA
266,60,98,#A564FA
267,60,98,#A764FA
268,60,98,#AA64FA
269,60,98,#AC64FA
270,60,98,#AF64FA
271,60,98,#B164FA
272,60,98,#B464FA
273,60,98,#B664FA
274,60,98,#B964FA
275,60,98,#BB64FA
276,60,98,#BE64FA
277,60,98,#C064FA
278,60,98,#C364FA
279,60,98,#C564FA
280,60,98,#C864FA
281,60,98,#CA64FA
282,60,98,#CD64FA
283,60,98,#CF64FA
284,60,98,#D264FA
285,60,98,#D464FA
286,60,98,#D764FA
287,60,98,#D964FA
288,60,98,#DC64FA
289,60,98,#DE64FA
290,60,98,#E164FA
291,60,98,#E364FA
292,60,98,#E664FA
293,60,98,#E864FA
294,60,98,#EB64FA
295,60,98,#ED64FA
296,60,98,#F064FA
297,60,98,#F264FA
298,60,98,#F564FA
299,60,98,#F764FA
300,60,98,#FA64FA
301,60,98,#FA64F7
302,60,98,#FA64F5
303,60,98,#FA64F2
304,60,98,#FA64F0
305,60,98,#FA64ED
306,60,98,#FA64EB
307,60,98,#FA64E8
308,60,98,#FA64E6
309,60,98,#FA64E3
310,60,98,#FA64E1
311,60,98,#FA64DE
312,60,98,#FA64DC
313,60,98,#FA64D9
314,60,98,#FA64D7
315,60,98,#FA64D4
316,60,98,#FA64D2
317,60,98,#FA64CF
318,60,98,#FA64CD
319,60,98,#FA64CA
320,60,98,#FA64C8
321,60,98,#FA64C5
322,60,98,#FA64C3
323,60,98,#FA64C0
324,60,98,#FA64BE
325,60,98,#FA64BB
326,60,98,#FA64B9
327,60,98,#FA64B6
328,60,98,#FA64B4
329,60,98,#FA64B1
330,60,98,#FA64AF
331,60,98,#FA64AC
332,60,98,#FA64AA
333,60,98,#FA64A7
334,60,98,#FA64A5
335,60,98,#FA64A2
336,60,98,#FA64A0
337,60,98,#FA649D
338,60,98,#FA649B
339,60,98,#FA6498
340,60,98,#FA6496
341,60,98,#FA6493
342,60,98,#FA6491
343,60,98,#FA648E
344,60,98,#FA648C
345,60,98,#FA6489
346,60,98,#FA6487
347,60,98,#FA6484
348,60,98,#FA6482
349,60,98,#FA647F
350,60,98,#FA647D
351,60,98,#FA647A
352,60,98,#FA6478
353,60,98,#FA6475
354,60,98,#FA6473
355,60,98,#FA6470
356,60,98,#FA646E
357,60,98,#FA646B
358,60,98,#FA6469
359,60,98,#FA6466
0,59,98,#FA6666
1,59,98,#FA6966
2,59,98,#FA6B66
3,59,98,#FA6E66
4,59,98,#FA7066
5,59,98,#FA7366
6,59,98,#FA7566
7,59,98,#FA7866
8,59,98,#FA7A66
9,59,98,#FA7D66
10,59,98,#FA7F66
11,59,98,#FA8166
12,59,98,#FA8466
13,59,98,#FA8666
14,59,98,#FA8966
15,59,98,#FA8B66
16,59,98,#FA8E66
17,59,98,#FA9066
18,59,98,#FA9366
19,59,98,#FA9566
20,59,98,#FA9866
21,59,98,#FA9A66
22,59,98,#FA9D66
23,59,98,#FA9F66
24,59,98,#FAA166
25,59,98,#FAA466
26,59,98,#FAA666
27,59,98,#FAA966
28,59,98,#FAAB66
29,59,98,#FAAE66
30,59,98,#FAB066
31,59,98,#FAB366
32,59,98,#FAB566
33,59,98,#FAB866
34,59,98,#FABA66
35,59,98,#FABC66
36,59,98,#FABF66
37,59,98,#FAC166
38,59,98,#FAC466
39,59,98,#FAC666
40,59,98,#FAC966
41,59,98,#FACB66
42,59,98,#FACE66
43,59,98,#FAD066
44,59,98,#FAD366
45,59,98,#FAD566
46,59,98,#FAD766
47,59,98,#FADA66
48,59,98,#FADC66
49,59,98,#FADF66
50,59,98,#FAE166
51,59,98,#FAE466
52,59,98,#FAE666
53,59,98,#FAE966
54,59,98,#FAEB66
55,59,98,#FAEE66
56,59,98,#FAF066
57,59,98,#FAF366
58,59,98,#FAF566
59,59,98,#FAF766
60,59,98,#FAFA66
61,59,98,#F7FA66
62,59,98,#F5FA66
63,59,98,#F3FA66
64,59,98,#F0FA66
65,59,98,#EEFA66
66,59,98,#EBFA66
67,59,98,#E9FA66
68,59,98,#E6FA66
69,59,98,#E4FA66
70,59,98,#E1FA66
71,59,98,#DFFA66
72,59,98,#DCFA66
73,59,98,#DAFA66
74,59,98,#D7FA66
75,59,98,#D5FA66
76,59,98,#D3FA66
77,59,98,#D0FA66
78,59,98,#CEFA66
79,59,98,#CBFA66
80,59,98,#C9FA66
81,59,98,#C6FA66
82,59,98,#C4FA66
83,59,98,#C1FA66
84,59,98,#BFFA66
85,59,98,#BCFA66
86,59,98,#BAFA66
87,59,98,#B8FA66
88,59,98,#B5FA66
89,59,98,#B3FA66
90,59,98,#B0FA66
91,59,98,#AEFA66
92,59,98,#ABFA66
93,59,98,#A9FA66
94,59,98,#A6FA66
95,59,98,#A4FA66
96,59,98,#A1FA66
97,59,98,#9FFA66
98,59,98,#9DFA66
99,59,98,#9AFA66
100,59,98,#98FA66
101,59,98,#95FA66
102,59,98,#93FA66
103,59,98,#90FA66
104,59,98,#8EFA66
105,59,98,#8BFA66
106,59,98,#89FA66
107,59,98,#86FA66
108,59,98,#84FA66
109,59,98,#81FA66
110,59,98,#7FFA66
111,59,98,#7DFA66
112,59,98,#7AFA66
113,59,98,#78FA66
114,59,98,#75FA66
115,59,98,#73FA66
116,59,98,#70FA66
117,59,98,#6EFA66
118,59,98,#6BFA66
119,59,98,#69FA66
120,59,98,#66FA66
121,59,98,#66FA69
122,59,98,#66FA6B
123,59,98,#66FA6E
124,59,98,#66FA70
125,59,98,#66FA73
126,59,98,#66FA75
127,59,98,#66FA78
128,59,98,#66FA7A
129,59,98,#66FA7D
130,59,98,#66FA7F
131,59,98,#66FA81
132,59,98,#66FA84
133,59,98,#66FA86
134,59,98,#66FA89
135,59,98,#66FA8B
136,59,98,#66FA8E
137,59,98,#66FA90
138,59,98,#66FA93
139,59,98,#66FA95
140,59,98,#66FA98
141,59,98,#66FA9A
142,59,98,#66FA9D
143,59,98,#66FA9F
144,59,98,#66FAA1
145,59,98,#66FAA4
146,59,98,#66FAA6
147,59,98,#66FAA9
148,59,98,#66FAAB
149,59,98,#66FAAE
150,59,98,#66FAB0
151,59,98,#66FAB3
152,59,98,#66FAB5
153,59,98,#66FAB8
154,59,98,#66FABA
155,59,98,#66FABC
156,59,98,#66FABF
157,59,98,#66FAC1
158,59,98,#66FAC4
159,59,98,#66FAC6
160,59,98,#66FAC9
161,59,98,#66FACB
162,59,98,#66FACE
163,59,98,#66FAD0
164,59,98,#66FAD3
165,59,98,#66FAD5
166,59,98,#66FAD7
167,59,98,#66FADA
168,59,98,#66FADC
169,59,98,#66FADF
170,59,98,#66FAE1
171,59,98,#66FAE4
172,59,98,#66FAE6
173,59,98,#66FAE9
174,59,98,#66FAEB
175,59,98,#66FAEE
176,59,98,#66FAF0
177,59,98,#66FAF3
178,59,98,#66FAF5
179,59,98,#66FAF7
180,59,98,#66FAFA
181,59,98,#66F7FA
182,59,98,#66F5FA
183,59,98,#66F3FA
184,59,98,#66F0FA
185,59,98,#66EEFA
186,59,98,#66EBFA
187,59,98,#66E9FA
188,59,98,#66E6FA
189,59,98,#66E4FA
190,59,98,#66E1FA
191,59,98,#66DFFA
192,59,98,#66DCFA
193,59,98,#66DAFA
194,59,98,#66D7FA
195,59,98,#66D5FA
196,59,98,#66D3FA
197,59,98,#66D0FA
198,59,98,#66CEFA
199,59,98,#66CBFA
200,59,98,#66C9FA
201,59,98,#66C6FA
202,59,98,#66C4FA
203,59,98,#66C1FA
204,59,98,#66BFFA
205,59,98,#66BCFA
206,59,98,#66BAFA
207,59,98,#66B8FA
208,59,98,#66B5FA
209,59,98,#66B3FA
210,59,98,#66B0FA
211,59,98,#66AEFA
212,59,98,#66ABFA
213,59,98,#66A9FA
214,59,98,#66A6FA
215,59,98,#66A4FA
216,59,98,#66A1FA
217,59,98,#669FFA
218,59,98,#669DFA
219,59,98,#669AFA
220,59,98,#6698FA
221,59,98,#6695FA
222,59,98,#6693FA
223,59,98,#6690FA
224,59,98,#668EFA
225,59,98,#668BFA
226,59,98,#6689FA
227,59,98,#6686FA
228,59,98,#6684FA
229,59,98,#6681FA
230,59,98,#667FFA
231,59,98,#667DFA
232,59,98,#667AFA
233,59,98,#6678FA
234,59,98,#6675FA
235,59,98,#6673FA
236,59,98,#6670FA
237,59,98,#666EFA
238,59,98,#666BFA
239,59,98,#6669FA
240,59,98,#6666FA
241,59,98,#6966FA
242,59,98,#6B66FA
243,59,98,#6E66FA
244,59,98,#7066FA
245,59,98,#7366FA
246,59,98,#7566FA
247,59,98,#7866FA
248,59,98,#7A66FA
249,59,98,#7D66FA
250,59,98,#7F66FA
251,59,98,#8166FA
252,59,98,#8466FA
253,59,98,#8666FA
254,59,98,#8966FA
255,59,98,#8B66FA
256,59,98,#8E66FA
257,59,98,#9066FA
258,59,98,#9366FA
259,59,98,#9566FA
260,59,98,#9866FA
261,59,98,#9A66FA
262,59,98,#9D66FA
263,59,98,#9F66FA
264,59,98,#A166FA
265,59,98,#A466FA
266,59,98,#A666FA
267,59,98,#A966FA
268,59,98,#AB66FA
269,59,98,#AE66FA
270,59,98,#B066FA
271,59,98,#B366FA
272,59,98,#B566FA
273,59,98,#B866FA
274,59,98,#BA66FA
275,59,98,#BC66FA
276,59,98,#BF66FA
277,59,98,#C166FA
278,59,98,#C466FA
279,59,98,#C666FA
280,59,98,#C966FA
281,59,98,#CB66FA
282,59,98,#CE66FA
283,59,98,#D066FA
284,59,98,#D366FA
285,59,98,#D566FA
286,59,98,#D766FA
287,59,98,#DA66FA
288,59,98,#DC66FA
289,59,98,#DF66FA
290,59,98,#E166FA
291,59,98,#E466FA
292,59,98,#E666FA
293,59,98,#E966FA
294,59,98,#EB66FA
295,59,98,#EE66FA
296,59,98,#F066FA
297,59,98,#F366FA
298,59,98,#F566FA
299,59,98,#F766FA
300,59,98,#FA66FA
301,59,98,#FA66F7
302,59,98,#FA66F5
303,59,98,#FA66F3
304,59,98,#FA66F0
305,59,98,#FA66EE
306,59,98,#FA66EB
307,59,98,#FA66E9
308,59,98,#FA66E6
309,59,98,#FA66E4
310,59,98,#FA66E1
311,59,98,#FA66DF
312,59,98,#FA66DC
313,59,98,#FA66DA
314,59,98,#FA66D7
315,59,98,#FA66D5
316,59,98,#FA66D3
317,59,98,#FA66D0
318,59,98,#FA66CE
319,59,98,#FA66CB
320,59,98,#FA66C9
321,59,98,#FA66C6
322,59,98,#FA66C4
323,59,98,#FA66C1
324,59,98,#FA66BF
325,59,98,#FA66BC
326,59,98,#FA66BA
327,59,98,#FA66B8
328,59,98,#FA66B5
329,59,98,#FA66B3
330,59,98,#FA66B0
331,59,98,#FA66AE
332,59,98,#FA66AB
333,59,98,#FA66A9
334,59,98,#FA66A6
335,59,98,#FA66A4
336,59,98,#FA66A1
337,59,98,#FA669F
338,59,98,#FA669D
339,59,98,#FA669A
340,59,98,#FA6698
341,59,98,#FA6695
342,59,98,#FA6693
343,59,98,#FA6690
344,59,98,#FA668E
345,59,98,#FA668B
346,59,98,#FA6689
347,59,98,#FA6686
348,59,98,#FA6684
349,59,98,#FA6681
350,59,98,#FA667F
351,59,98,#FA667D
352,59,98,#FA667A
353,59,98,#FA6678
354,59,98,#FA6675
355,59,98,#FA6673
356,59,98,#FA6670
357,59,98,#FA666E
358,59,98,#FA666B
359,59,98,#FA6669
0,58,98,#FA6969
1,58,98,#FA6B69
2,58,98,#FA6E69
3,58,98,#FA7069
4,58,98,#FA7369
5,58,98,#FA7569
6,58,98,#FA7769
7,58,98,#FA7A69
8,58,98,#FA7C69
9,58,98,#FA7F69
10,58,98,#FA8169
11,58,98,#FA8469
12,58,98,#FA8669
13,58,98,#FA8869
14,58,98,#FA8B69
15,58,98,#FA8D69
16,58,98,#FA9069
17,58,98,#FA9269
18,58,98,#FA9469
19,58,98,#FA9769
20,58,98,#FA9969
21,58,98,#FA9C69
22,58,98,#FA9E69
23,58,98,#FAA169
24,58,98,#FAA369
25,58,98,#FAA569
26,58,98,#FAA869
27,58,98,#FAAA69
28,58,98,#FAAD69
29,58,98,#FAAF69
30,58,98,#FAB169
31,58,98,#FAB469
32,58,98,#FAB669
33,58,98,#FAB969
34,58,98,#FABB69
35,58,98,#FABE69
36,58,98,#FAC069
37,58,98,#FAC269
38,58,98,#FAC569
39,58,98,#FAC769
40,58,98,#FACA69
41,58,98,#FACC69
42,58,98,#FACE69
43,58,98,#FAD169
44,58,98,#FAD369
45,58,98,#FAD669
46,58,98,#FAD869
47,58,98,#FADA69
48,58,98,#FADD69
49,58,98,#FADF69
50,58,98,#FAE269
51,58,98,#FAE469
52,58,98,#FAE769
53,58,98,#FAE969
54,58,98,#FAEB69
55,58,98,#FAEE69
56,58,98,#FAF069
57,58,98,#FAF369
58,58,98,#FAF569
59,58,98,#FAF769
60,58,98,#FAFA69
61,58,98,#F7FA69
62,58,98,#F5FA69
63,58,98,#F3FA69
64,58,98,#F0FA69
65,58,98,#EEFA69
66,58,98,#EBFA69
67,58,98,#E9FA69
68,58,98,#E7FA69
69,58,98,#E4FA69
70,58,98,#E2FA69
71,58,98,#DFFA69
72,58,98,#DDFA69
73,58,98,#DAFA69
74,58,98,#D8FA69
75,58,98,#D6FA69
76,58,98,#D3FA69
77,58,98,#D1FA69
78,58,98,#CEFA69
79,58,98,#CCFA69
80,58,98,#CAFA69
81,58,98,#C7FA69
82,58,98,#C5FA69
83,58,98,#C2FA69
84,58,98,#C0FA69
85,58,98,#BEFA69
86,58,98,#BBFA69
87,58,98,#B9FA69
88,58,98,#B6FA69
89,58,98,#B4FA69
90,58,98,#B1FA69
91,58,98,#AFFA69
92,58,98,#ADFA69
93,58,98,#AAFA69
94,58,98,#A8FA69
95,58,98,#A5FA69
96,58,98,#A3FA69
97,58,98,#A1FA69
98,58,98,#9EFA69
99,58,98,#9CFA69
100,58,98,#99FA69
101,58,98,#97FA69
102,58,98,#94FA69
103,58,98,#92FA69
104,58,98,#90FA69
105,58,98,#8DFA69
106,58,98,#8BFA69
107,58,98,#88FA69
108,58,98,#86FA69
109,58,98,#84FA69
110,58,98,#81FA69
111,58,98,#7FFA69
112,58,98,#7CFA69
113,58,98,#7AFA69
114,58,98,#77FA69
115,58,98,#75FA69
116,58,98,#73FA69
117,58,98,#70FA69
118,58,98,#6EFA69
119,58,98,#6BFA69
120,58,98,#69FA69
121,58,98,#69FA6B
122,58,98,#69FA6E
123,58,98,#69FA70
124,58,98,#69FA73
125,58,98,#69FA75
126,58,98,#69FA77
127,58,98,#69FA7A
128,58,98,#69FA7C
129,58,98,#69FA7F
130,58,98,#69FA81
131,58,98,#69FA84
132,58,98,#69FA86
133,58,98,#69FA88
134,58,98,#69FA8B
135,58,98,#69FA8D
136,58,98,#69FA90
137,58,98,#69FA92
138,58,98,#69FA94
139,58,98,#69FA97
140,58,98,#69FA99
141,58,98,#69FA9C
142,58,98,#69FA9E
143,58,98,#69FAA1
144,58,98,#69FAA3
145,58,98,#69FAA5
146,58,98,#69FAA8
147,58,98,#69FAAA
148,58,98,#69FAAD
149,58,98,#69FAAF
150,58,98,#69FAB1
151,58,98,#69FAB4
152,58,98,#69FAB6
153,58,98,#69FAB9
154,58,98,#69FABB
155,58,98,#69FABE
156,58,98,#69FAC0
157,58,98,#69FAC2
158,58,98,#69FAC5
159,58,98,#69FAC7
160,58,98,#69FACA
161,58,98,#69FACC
162,58,98,#69FACE
163,58,98,#69FAD1
164,58,98,#69FAD3
165,58,98,#69FAD6
166,58,98,#69FAD8
167,58,98,#69FADA
168,58,98,#69FADD
169,58,98,#69FADF
170,58,98,#69FAE2
171,58,98,#69FAE4
172,58,98,#69FAE7
173,58,98,#69FAE9
174,58,98,#69FAEB
175,58,98,#69FAEE
176,58,98,#69FAF0
177,58,98,#69FAF3
178,58,98,#69FAF5
179,58,98,#69FAF7
180,58,98,#69FAFA
181,58,98,#69F7FA
182,58,98,#69F5FA
183,58,98,#69F3FA
184,58,98,#69F0FA
185,58,98,#69EEFA
186,58,98,#69EBFA
187,58,98,#69E9FA
188,58,98,#69E7FA
189,58,98,#69E4FA
190,58,98,#69E2FA
191,58,98,#69DFFA
192,58,98,#69DDFA
193,58,98,#69DAFA
194,58,98,#69D8FA
195,58,98,#69D6FA
196,58,98,#69D3FA
197,58,98,#69D1FA
198,58,98,#69CEFA
199,58,98,#69CCFA
200,58,98,#69CAFA
201,58,98,#69C7FA
202,58,98,#69C5FA
203,58,98,#69C2FA
204,58,98,#69C0FA
205,58,98,#69BEFA
206,58,98,#69BBFA
207,58,98,#69B9FA
208,58,98,#69B6FA
209,58,98,#69B4FA
210,58,98,#69B1FA
211,58,98,#69AFFA
212,58,98,#69ADFA
213,58,98,#69AAFA
214,58,98,#69A8FA
215,58,98,#69A5FA
216,58,98,#69A3FA
217,58,98,#69A1FA
218,58,98,#699EFA
219,58,98,#699CFA
220,58,98,#6999FA
221,58,98,#6997FA
222,58,98,#6994FA
223,58,98,#6992FA
224,58,98,#6990FA
225,58,98,#698DFA
226,58,98,#698BFA
227,58,98,#6988FA
228,58,98,#6986FA
229,58,98,#6984FA
230,58,98,#6981FA
231,58,98,#697FFA
232,58,98,#697CFA
233,58,98,#697AFA
234,58,98,#6977FA
235,58,98,#6975FA
236,58,98,#6973FA
237,58,98,#6970FA
238,58,98,#696EFA
239,58,98,#696BFA
240,58,98,#6969FA
241,58,98,#6B69FA
242,58,98,#6E69FA
243,58,98,#7069FA
244,58,98,#7369FA
245,58,98,#7569FA
246,58,98,#7769FA
247,58,98,#7A69FA
248,58,98,#7C69FA
249,58,98,#7F69FA
250,58,98,#8169FA
251,58,98,#8469FA
252,58,98,#8669FA
253,58,98,#8869FA
254,58,98,#8B69FA
255,58,98,#8D69FA
256,58,98,#9069FA
257,58,98,#9269FA
258,58,98,#9469FA
259,58,98,#9769FA
260,58,98,#9969FA
261,58,98,#9C69FA
262,58,98,#9E69FA
263,58,98,#A169FA
264,58,98,#A369FA
265,58,98,#A569FA
266,58,98,#A869FA
267,58,98,#AA69FA
268,58,98,#AD69FA
269,58,98,#AF69FA
270,58,98,#B169FA
271,58,98,#B469FA
272,58,98,#B669FA
273,58,98,#B969FA
274,58,98,#BB69FA
275,58,98,#BE69FA
276,58,98,#C069FA
277,58,98,#C269FA
278,58,98,#C569FA
279,58,98,#C769FA
280,58,98,#CA69FA
281,58,98,#CC69FA
282,58,98,#CE69FA
283,58,98,#D169FA
284,58,98,#D369FA
285,58,98,#D669FA
286,58,98,#D869FA
287,58,98,#DA69FA
288,58,98,#DD69FA
289,58,98,#DF69FA
290,58,98,#E269FA
291,58,98,#E469FA
292,58,98,#E769FA
293,58,98,#E969FA
294,58,98,#EB69FA
295,58,98,#EE69FA
296,58,98,#F069FA
297,58,98,#F369FA
298,58,98,#F569FA
299,58,98,#F769FA
300,58,98,#FA69FA
301,58,98,#FA69F7
302,58,98,#FA69F5
303,58,98,#FA69F3
304,58,98,#FA69F0
305,58,98,#FA69EE
306,58,98,#FA69EB
307,58,98,#FA69E9
308,58,98,#FA69E7
309,58,98,#FA69E4
310,58,98,#FA69E2
311,58,98,#FA69DF
312,58,98,#FA69DD
313,58,98,#FA69DA
314,58,98,#FA69D8
315,58,98,#FA69D6
316,58,98,#FA69D3
317,58,98,#FA69D1
318,58,98,#FA69CE
319,58,98,#FA69CC
320,58,98,#FA69CA
321,58,98,#FA69C7
322,58,98,#FA69C5
323,58,98,#FA69C2
324,58,98,#FA69C0
325,58,98,#FA69BE
326,58,98,#FA69BB
327,58,98,#FA69B9
328,58,98,#FA69B6
329,58,98,#FA69B4
330,58,98,#FA69B1
331,58,98,#FA69AF
332,58,98,#FA69AD
333,58,98,#FA69AA
334,58,98,#FA69A8
335,58,98,#FA69A5
336,58,98,#FA69A3
337,58,98,#FA69A1
338,58,98,#FA699E
339,58,98,#FA699C
340,58,98,#FA6999
341,58,98,#FA6997
342,58,98,#FA6994
343,58,98,#FA6992
344,58,98,#FA6990
345,58,98,#FA698D
346,58,98,#FA698B
347,58,98,#FA6988
348,58,98,#FA6986
349,58,98,#FA6984
350,58,98,#FA6981
351,58,98,#FA697F
352,58,98,#FA697C
353,58,98,#FA697A
354,58,98,#FA6977
355,58,98,#FA6975
356,58,98,#FA6973
357,58,98,#FA6970
358,58,98,#FA696E
359,58,98,#FA696B
0,57,98,#FA6B6B
1,57,98,#FA6E6B
2,57,98,#FA706B
3,57,98,#FA736B
4,57,98,#FA756B
5,57,98,#FA776B
6,57,98,#FA7A6B
7,57,98,#FA7C6B
8,57,98,#FA7E6B
9,57,98,#FA816B
10,57,98,#FA836B
11,57,98,#FA866B
12,57,98,#FA886B
13,57,98,#FA8A6B
14,57,98,#FA8D6B
15,57,98,#FA8F6B
16,57,98,#FA916B
17,57,98,#FA946B
18,57,98,#FA966B
19,57,98,#FA996B
20,57,98,#FA9B6B
21,57,98,#FA9D6B
22,57,98,#FAA06B
23,57,98,#FAA26B
24,57,98,#FAA46B
25,57,98,#FAA76B
26,57,98,#FAA96B
27,57,98,#FAAC6B
28,57,98,#FAAE6B
29,57,98,#FAB06B
30,57,98,#FAB36B
31,57,98,#FAB56B
32,57,98,#FAB76B
33,57,98,#FABA6B
34,57,98,#FABC6B
35,57,98,#FABF6B
36,57,98,#FAC16B
37,57,98,#FAC36B
38,57,98,#FAC66B
39,57,98,#FAC86B
40,57,98,#FACA6B
41,57,98,#FACD6B
42,57,98,#FACF6B
43,57,98,#FAD26B
44,57,98,#FAD46B
45,57,98,#FAD66B
46,57,98,#FAD96B
47,57,98,#FADB6B
48,57,98,#FADD6B
49,57,98,#FAE06B
50,57,98,#FAE26B
51,57,98,#FAE56B
52,57,98,#FAE76B
53,57,98,#FAE96B
54,57,98,#FAEC6B
55,57,98,#FAEE6B
56,57,98,#FAF06B
57,57,98,#FAF36B
58,57,98,#FAF56B
59,57,98,#FAF86B
60,57,98,#FAFA6B
61,57,98,#F8FA6B
62,57,98,#F5FA6B
63,57,98,#F3FA6B
64,57,98,#F0FA6B
65,57,98,#EEFA6B
66,57,98,#ECFA6B
67,57,98,#E9FA6B
68,57,98,#E7FA6B
69,57,98,#E5FA6B
70,57,98,#E2FA6B
71,57,98,#E0FA6B
72,57,98,#DDFA6B
73,57,98,#DBFA6B
74,57,98,#D9FA6B
75,57,98,#D6FA6B
76,57,98,#D4FA6B
77,57,98,#D2FA6B
78,57,98,#CFFA6B
79,57,98,#CDFA6B
80,57,98,#CAFA6B
81,57,98,#C8FA6B
82,57,98,#C6FA6B
83,57,98,#C3FA6B
84,57,98,#C1FA6B
85,57,98,#BFFA6B
86,57,98,#BCFA6B
87,57,98,#BAFA6B
88,57,98,#B7FA6B
89,57,98,#B5FA6B
90,57,98,#B3FA6B
91,57,98,#B0FA6B
92,57,98,#AEFA6B
93,57,98,#ACFA6B
94,57,98,#A9FA6B
95,57,98,#A7FA6B
96,57,98,#A4FA6B
97,57,98,#A2FA6B
98,57,98,#A0FA6B
99,57,98,#9DFA6B
100,57,98,#9BFA6B
101,57,98,#99FA6B
102,57,98,#96FA6B
103,57,98,#94FA6B
104,57,98,#91FA6B
105,57,98,#8FFA6B
106,57,98,#8DFA6B
107,57,98,#8AFA6B
108,57,98,#88FA6B
109,57,98,#86FA6B
110,57,98,#83FA6B
111,57,98,#81FA6B
112,57,98,#7EFA6B
113,57,98,#7CFA6B
114,57,98,#7AFA6B
115,57,98,#77FA6B
116,57,98,#75FA6B
117,57,98,#73FA6B
118,57,98,#70FA6B
119,57,98,#6EFA6B
120,57,98,#6BFA6B
121,57,98,#6BFA6E
122,57,98,#6BFA70
123,57,98,#6BFA73
124,57,98,#6BFA75
125,57,98,#6BFA77
126,57,98,#6BFA7A
127,57,98,#6BFA7C
128,57,98,#6BFA7E
129,57,98,#6BFA81
130,57,98,#6BFA83
131,57,98,#6BFA86
132,57,98,#6BFA88
133,57,98,#6BFA8A
134,57,98,#6BFA8D
135,57,98,#6BFA8F
136,57,98,#6BFA91
137,57,98,#6BFA94
138,57,98,#6BFA96
139,57,98,#6BFA99
140,57,98,#6BFA9B
141,57,98,#6BFA9D
142,57,98,#6BFAA0
143,57,98,#6BFAA2
144,57,98,#6BFAA4
145,57,98,#6BFAA7
146,57,98,#6BFAA9
147,57,98,#6BFAAC
148,57,98,#6BFAAE
149,57,98,#6BFAB0
150,57,98,#6BFAB3
151,57,98,#6BFAB5
152,57,98,#6BFAB7
153,57,98,#6BFABA
154,57,98,#6BFABC
155,57,98,#6BFABF
156,57,98,#6BFAC1
157,57,98,#6BFAC3
158,57,98,#6BFAC6
159,57,98,#6BFAC8
160,57,98,#6BFACA
161,57,98,#6BFACD
162,57,98,#6BFACF
163,57,98,#6BFAD2
164,57,98,#6BFAD4
165,57,98,#6BFAD6
166,57,98,#6BFAD9
167,57,98,#6BFADB
168,57,98,#6BFADD
169,57,98,#6BFAE0
170,57,98,#6BFAE2
171,57,98,#6BFAE5
172,57,98,#6BFAE7
173,57,98,#6BFAE9
174,57,98,#6BFAEC
175,57,98,#6BFAEE
176,57,98,#6BFAF0
177,57,98,#6BFAF3
178,57,98,#6BFAF5
179,57,98,#6BFAF8
180,57,98,#6BFAFA
181,57,98,#6BF8FA
182,57,98,#6BF5FA
183,57,98,#6BF3FA
184,57,98,#6BF0FA
185,57,98,#6BEEFA
186,57,98,#6BECFA
187,57,98,#6BE9FA
188,57,98,#6BE7FA
189,57,98,#6BE5FA
190,57,98,#6BE2FA
191,57,98,#6BE0FA
192,57,98,#6BDDFA
193,57,98,#6BDBFA
194,57,98,#6BD9FA
195,57,98,#6BD6FA
196,57,98,#6BD4FA
197,57,98,#6BD2FA
198,57,98,#6BCFFA
199,57,98,#6BCDFA
200,57,98,#6BCAFA
201,57,98,#6BC8FA
202,57,98,#6BC6FA
203,57,98,#6BC3FA
204,57,98,#6BC1FA
205,57,98,#6BBFFA
206,57,98,#6BBCFA
207,57,98,#6BBAFA
208,57,98,#6BB7FA
209,57,98,#6BB5FA
210,57,98,#6BB3FA
211,57,98,#6BB0FA
212,57,98,#6BAEFA
213,57,98,#6BACFA
214,57,98,#6BA9FA
215,57,98,#6BA7FA
216,57,98,#6BA4FA
217,57,98,#6BA2FA
218,57,98,#6BA0FA
219,57,98,#6B9DFA
220,57,98,#6B9BFA
221,57,98,#6B99FA
222,57,98,#6B96FA
223,57,98,#6B94FA
224,57,98,#6B91FA
225,57,98,#6B8FFA
226,57,98,#6B8DFA
227,57,98,#6B8AFA
228,57,98,#6B88FA
229,57,98,#6B86FA
230,57,98,#6B83FA
231,57,98,#6B81FA
232,57,98,#6B7EFA
233,57,98,#6B7CFA
234,57,98,#6B7AFA
235,57,98,#6B77FA
236,57,98,#6B75FA
237,57,98,#6B73FA
238,57,98,#6B70FA
239,57,98,#6B6EFA
240,57,98,#6B6BFA
241,57,98,#6E6BFA
242,57,98,#706BFA
243,57,98,#736BFA
244,57,98,#756BFA
245,57,98,#776BFA
246,57,98,#7A6BFA
247,57,98,#7C6BFA
248,57,98,#7E6BFA
249,57,98,#816BFA
250,57,98,#836BFA
251,57,98,#866BFA
252,57,98,#886BFA
253,57,98,#8A6BFA
254,57,98,#8D6BFA
255,57,98,#8F6BFA
256,57,98,#916BFA
257,57,98,#946BFA
258,57,98,#966BFA
259,57,98,#996BFA
260,57,98,#9B6BFA
261,57,98,#9D6BFA
262,57,98,#A06BFA
263,57,98,#A26BFA
264,57,98,#A46BFA
265,57,98,#A76BFA
266,57,98,#A96BFA
267,57,98,#AC6BFA
268,57,98,#AE6BFA
269,57,98,#B06BFA
270,57,98,#B36BFA
271,57,98,#B56BFA
272,57,98,#B76BFA
273,57,98,#BA6BFA
274,57,98,#BC6BFA
275,57,98,#BF6BFA
276,57,98,#C16BFA
277,57,98,#C36BFA
278,57,98,#C66BFA
279,57,98,#C86BFA
280,57,98,#CA6BFA
281,57,98,#CD6BFA
282,57,98,#CF6BFA
283,57,98,#D26BFA
284,57,98,#D46BFA
285,57,98,#D66BFA
286,57,98,#D96BFA
287,57,98,#DB6BFA
288,57,98,#DD6BFA
289,57,98,#E06BFA
290,57,98,#E26BFA
291,57,98,#E56BFA
292,57,98,#E76BFA
293,57,98,#E96BFA
294,57,98,#EC6BFA
295,57,98,#EE6BFA
296,57,98,#F06BFA
297,57,98,#F36BFA
298,57,98,#F56BFA
299,57,98,#F86BFA
300,57,98,#FA6BFA
301,57,98,#FA6BF8
302,57,98,#FA6BF5
303,57,98,#FA6BF3
304,57,98,#FA6BF0
305,57,98,#FA6BEE
306,57,98,#FA6BEC
307,57,98,#FA6BE9
308,57,98,#FA6BE7
309,57,98,#FA6BE5
310,57,98,#FA6BE2
311,57,98,#FA6BE0
312,57,98,#FA6BDD
313,57,98,#FA6BDB
314,57,98,#FA6BD9
315,57,98,#FA6BD6
316,57,98,#FA6BD4
317,57,98,#FA6BD2
318,57,98,#FA6BCF
319,57,98,#FA6BCD
320,57,98,#FA6BCA
321,57,98,#FA6BC8
322,57,98,#FA6BC6
323,57,98,#FA6BC3
324,57,98,#FA6BC1
325,57,98,#FA6BBF
326,57,98,#FA6BBC
327,57,98,#FA6BBA
328,57,98,#FA6BB7
329,57,98,#FA6BB5
330,57,98,#FA6BB3
331,57,98,#FA6BB0
332,57,98,#FA6BAE
333,57,98,#FA6BAC
334,57,98,#FA6BA9
335,57,98,#FA6BA7
336,57,98,#FA6BA4
337,57,98,#FA6BA2
338,57,98,#FA6BA0
339,57,98,#FA6B9D
340,57,98,#FA6B9B
341,57,98,#FA6B99
342,57,98,#FA6B96
343,57,98,#FA6B94
344,57,98,#FA6B91
345,57,98,#FA6B8F
346,57,98,#FA6B8D
347,57,98,#FA6B8A
348,57,98,#FA6B88
349,57,98,#FA6B86
350,57,98,#FA6B83
351,57,98,#FA6B81
352,57,98,#FA6B7E
353,57,98,#FA6B7C
354,57,98,#FA6B7A
355,57,98,#FA6B77
356,57,98,#FA6B75
357,57,98,#FA6B73
358,57,98,#FA6B70
359,57,98,#FA6B6E
0,56,98,#FA6E6E
1,56,98,#FA706E
2,56,98,#FA736E
3,56,98,#FA756E
4,56,98,#FA776E
5,56,98,#FA7A6E
6,56,98,#FA7C6E
7,56,98,#FA7E6E
8,56,98,#FA816E
9,56,98,#FA836E
10,56,98,#FA856E
11,56,98,#FA886E
12,56,98,#FA8A6E
13,56,98,#FA8C6E
14,56,98,#FA8F6E
15,56,98,#FA916E
16,56,98,#FA936E
17,56,98,#FA966E
18,56,98,#FA986E
19,56,98,#FA9A6E
20,56,98,#FA9D6E
21,56,98,#FA9F6E
22,56,98,#FAA16E
23,56,98,#FAA46E
24,56,98,#FAA66E
25,56,98,#FAA86E
26,56,98,#FAAB6E
27,56,98,#FAAD6E
28,56,98,#FAAF6E
29,56,98,#FAB26E
30,56,98,#FAB46E
31,56,98,#FAB66E
32,56,98,#FAB96E
33,56,98,#FABB6E
34,56,98,#FABD6E
35,56,98,#FAC06E
36,56,98,#FAC26E
37,56,98,#FAC46E
38,56,98,#FAC76E
39,56,98,#FAC96E
40,56,98,#FACB6E
41,56,98,#FACE6E
42,56,98,#FAD06E
43,56,98,#FAD26E
44,56,98,#FAD56E
45,56,98,#FAD76E
46,56,98,#FAD96E
47,56,98,#FADC6E
48,56,98,#FADE6E
49,56,98,#FAE06E
50,56,98,#FAE36E
51,56,98,#FAE56E
52,56,98,#FAE76E
53,56,98,#FAEA6E
54,56,98,#FAEC6E
55,56,98,#FAEE6E
56,56,98,#FAF16E
57,56,98,#FAF36E
58,56,98,#FAF56E
59,56,98,#FAF86E
60,56,98,#FAFA6E
61,56,98,#F8FA6E
62,56,98,#F5FA6E
63,56,98,#F3FA6E
64,56,98,#F1FA6E
65,56,98,#EEFA6E
66,56,98,#ECFA6E
67,56,98,#EAFA6E
68,56,98,#E7FA6E
69,56,98,#E5FA6E
70,56,98,#E3FA6E
71,56,98,#E0FA6E
72,56,98,#DEFA6E
73,56,98,#DCFA6E
74,56,98,#D9FA6E
75,56,98,#D7FA6E
76,56,98,#D5FA6E
77,56,98,#D2FA6E
78,56,98,#D0FA6E
79,56,98,#CEFA6E
80,56,98,#CBFA6E
81,56,98,#C9FA6E
82,56,98,#C7FA6E
83,56,98,#C4FA6E
84,56,98,#C2FA6E
85,56,98,#C0FA6E
86,56,98,#BDFA6E
87,56,98,#BBFA6E
88,56,98,#B9FA6E
89,56,98,#B6FA6E
90,56,98,#B4FA6E
91,56,98,#B2FA6E
92,56,98,#AFFA6E
93,56,98,#ADFA6E
94,56,98,#ABFA6E
95,56,98,#A8FA6E
96,56,98,#A6FA6E
97,56,98,#A4FA6E
98,56,98,#A1FA6E
99,56,98,#9FFA6E
100,56,98,#9DFA6E
101,56,98,#9AFA6E
102,56,98,#98FA6E
103,56,98,#96FA6E
104,56,98,#93FA6E
105,56,98,#91FA6E
106,56,98,#8FFA6E
107,56,98,#8CFA6E
108,56,98,#8AFA6E
109,56,98,#88FA6E
110,56,98,#85FA6E
111,56,98,#83FA6E
112,56,98,#81FA6E
113,56,98,#7EFA6E
114,56,98,#7CFA6E
115,56,98,#7AFA6E
116,56,98,#77FA6E
117,56,98,#75FA6E
118,56,98,#73FA6E
119,56,98,#70FA6E
120,56,98,#6EFA6E
121,56,98,#6EFA70
122,56,98,#6EFA73
123,56,98,#6EFA75
124,56,98,#6EFA77
125,56,98,#6EFA7A
126,56,98,#6EFA7C
127,56,98,#6EFA7E
128,56,98,#6EFA81
129,56,98,#6EFA83
130,56,98,#6EFA85
131,56,98,#6EFA88
132,56,98,#6EFA8A
133,56,98,#6EFA8C
134,56,98,#6EFA8F
135,56,98,#6EFA91
136,56,98,#6EFA93
137,56,98,#6EFA96
138,56,98,#6EFA98
139,56,98,#6EFA9A
140,56,98,#6EFA9D
141,56,98,#6EFA9F
142,56,98,#6EFAA1
143,56,98,#6EFAA4
144,56,98,#6EFAA6
145,56,98,#6EFAA8
146,56,98,#6EFAAB
147,56,98,#6EFAAD
148,56,98,#6EFAAF
149,56,98,#6EFAB2
150,56,98,#6EFAB4
151,56,98,#6EFAB6
152,56,98,#6EFAB9
153,56,98,#6EFABB
154,56,98,#6EFABD
155,56,98,#6EFAC0
156,56,98,#6EFAC2
157,56,98,#6EFAC4
158,56,98,#6EFAC7
159,56,98,#6EFAC9
160,56,98,#6EFACB
161,56,98,#6EFACE
162,56,98,#6EFAD0
163,56,98,#6EFAD2
164,56,98,#6EFAD5
165,56,98,#6EFAD7
166,56,98,#6EFAD9
167,56,98,#6EFADC
168,56,98,#6EFADE
169,56,98,#6EFAE0
170,56,98,#6EFAE3
171,56,98,#6EFAE5
172,56,98,#6EFAE7
173,56,98,#6EFAEA
174,56,98,#6EFAEC
175,56,98,#6EFAEE
176,56,98,#6EFAF1
177,56,98,#6EFAF3
178,56,98,#6EFAF5
179,56,98,#6EFAF8
180,56,98,#6EFAFA
181,56,98,#6EF8FA
182,56,98,#6EF5FA
183,56,98,#6EF3FA
184,56,98,#6EF1FA
185,56,98,#6EEEFA
186,56,98,#6EECFA
187,56,98,#6EEAFA
188,56,98,#6EE7FA
189,56,98,#6EE5FA
190,56,98,#6EE3FA
191,56,98,#6EE0FA
192,56,98,#6EDEFA
193,56,98,#6EDCFA
194,56,98,#6ED9FA
195,56,98,#6ED7FA
196,56,98,#6ED5FA
197,56,98,#6ED2FA
198,56,98,#6ED0FA
199,56,98,#6ECEFA
200,56,98,#6ECBFA
201,56,98,#6EC9FA
202,56,98,#6EC7FA
203,56,98,#6EC4FA
204,56,98,#6EC2FA
205,56,98,#6EC0FA
206,56,98,#6EBDFA
207,56,98,#6EBBFA
208,56,98,#6EB9FA
209,56,98,#6EB6FA
210,56,98,#6EB4FA
211,56,98,#6EB2FA
212,56,98,#6EAFFA
213,56,98,#6EADFA
214,56,98,#6EABFA
215,56,98,#6EA8FA
216,56,98,#6EA6FA
217,56,98,#6EA4FA
218,56,98,#6EA1FA
219,56,98,#6E9FFA
220,56,98,#6E9DFA
221,56,98,#6E9AFA
222,56,98,#6E98FA
223,56,98,#6E96FA
224,56,98,#6E93FA
225,56,98,#6E91FA
226,56,98,#6E8FFA
227,56,98,#6E8CFA
228,56,98,#6E8AFA
229,56,98,#6E88FA
230,56,98,#6E85FA
231,56,98,#6E83FA
232,56,98,#6E81FA
233,56,98,#6E7EFA
234,56,98,#6E7CFA
235,56,98,#6E7AFA
236,56,98,#6E77FA
237,56,98,#6E75FA
238,56,98,#6E73FA
239,56,98,#6E70FA
240,56,98,#6E6EFA
241,56,98,#706EFA
242,56,98,#736EFA
243,56,98,#756EFA
244,56,98,#776EFA
245,56,98,#7A6EFA
246,56,98,#7C6EFA
247,56,98,#7E6EFA
248,56,98,#816EFA
249,56,98,#836EFA
250,56,98,#856EFA
251,56,98,#886EFA
252,56,98,#8A6EFA
253,56,98,#8C6EFA
254,56,98,#8F6EFA
255,56,98,#916EFA
256,56,98,#936EFA
257,56,98,#966EFA
258,56,98,#986EFA
259,56,98,#9A6EFA
260,56,98,#9D6EFA
261,56,98,#9F6EFA
262,56,98,#A16EFA
263,56,98,#A46EFA
264,56,98,#A66EFA
265,56,98,#A86EFA
266,56,98,#AB6EFA
267,56,98,#AD6EFA
268,56,98,#AF6EFA
269,56,98,#B26EFA
270,56,98,#B46EFA
271,56,98,#B66EFA
272,56,98,#B96EFA
273,56,98,#BB6EFA
274,56,98,#BD6EFA
275,56,98,#C06EFA
276,56,98,#C26EFA
277,56,98,#C46EFA
278,56,98,#C76EFA
279,56,98,#C96EFA
280,56,98,#CB6EFA
281,56,98,#CE6EFA
282,56,98,#D06EFA
283,56,98,#D26EFA
284,56,98,#D56EFA
285,56,98,#D76EFA
286,56,98,#D96EFA
287,56,98,#DC6EFA
288,56,98,#DE6EFA
289,56,98,#E06EFA
290,56,98,#E36EFA
291,56,98,#E56EFA
292,56,98,#E76EFA
293,56,98,#EA6EFA
294,56,98,#EC6EFA
295,56,98,#EE6EFA
296,56,98,#F16EFA
297,56,98,#F36EFA
298,56,98,#F56EFA
299,56,98,#F86EFA
300,56,98,#FA6EFA
301,56,98,#FA6EF8
302,56,98,#FA6EF5
303,56,98,#FA6EF3
304,56,98,#FA6EF1
305,56,98,#FA6EEE
306,56,98,#FA6EEC
307,56,98,#FA6EEA
308,56,98,#FA6EE7
309,56,98,#FA6EE5
310,56,98,#FA6EE3
311,56,98,#FA6EE0
312,56,98,#FA6EDE
313,56,98,#FA6EDC
314,56,98,#FA6ED9
315,56,98,#FA6ED7
316,56,98,#FA6ED5
317,56,98,#FA6ED2
318,56,98,#FA6ED0
319,56,98,#FA6ECE
320,56,98,#FA6ECB
321,56,98,#FA6EC9
322,56,98,#FA6EC7
323,56,98,#FA6EC4
324,56,98,#FA6EC2
325,56,98,#FA6EC0
326,56,98,#FA6EBD
327,56,98,#FA6EBB
328,56,98,#FA6EB9
329,56,98,#FA6EB6
330,56,98,#FA6EB4
331,56,98,#FA6EB2
332,56,98,#FA6EAF
333,56,98,#FA6EAD
334,56,98,#FA6EAB
335,56,98,#FA6EA8
336,56,98,#FA6EA6
337,56,98,#FA6EA4
338,56,98,#FA6EA1
339,56,98,#FA6E9F
340,56,98,#FA6E9D
341,56,98,#FA6E9A
342,56,98,#FA6E98
343,56,98,#FA6E96
344,56,98,#FA6E93
345,56,98,#FA6E91
346,56,98,#FA6E8F
347,56,98,#FA6E8C
348,56,98,#FA6E8A
349,56,98,#FA6E88
350,56,98,#FA6E85
351,56,98,#FA6E83
352,56,98,#FA6E81
353,56,98,#FA6E7E
354,56,98,#FA6E7C
355,56,98,#FA6E7A
356,56,98,#FA6E77
357,56,98,#FA6E75
358,56,98,#FA6E73
359,56,98,#FA6E70
0,55,98,#FA7070
1,55,98,#FA7370
2,55,98,#FA7570
3,55,98,#FA7770
4,55,98,#FA7A70
5,55,98,#FA7C70
6,55,98,#FA7E70
7,55,98,#FA8070
8,55,98,#FA8370
9,55,98,#FA8570
10,55,98,#FA8770
11,55,98,#FA8A70
12,55,98,#FA8C70
13,55,98,#FA8E70
14,55,98,#FA9170
15,55,98,#FA9370
16,55,98,#FA9570
17,55,98,#FA9770
18,55,98,#FA9A70
19,55,98,#FA9C70
20,55,98,#FA9E70
21,55,98,#FAA170
22,55,98,#FAA370
23,55,98,#FAA570
24,55,98,#FAA770
25,55,98,#FAAA70
26,55,98,#FAAC70
27,55,98,#FAAE70
28,55,98,#FAB170
29,55,98,#FAB370
30,55,98,#FAB570
31,55,98,#FAB770
32,55,98,#FABA70
33,55,98,#FABC70
34,55,98,#FABE70
35,55,98,#FAC170
36,55,98,#FAC370
37,55,98,#FAC570
38,55,98,#FAC870
39,55,98,#FACA70
40,55,98,#FACC70
41,55,98,#FACE70
42,55,98,#FAD170
43,55,98,#FAD370
44,55,98,#FAD570
45,55,98,#FAD870
46,55,98,#FADA70
47,55,98,#FADC70
48,55,98,#FADE70
49,55,98,#FAE170
50,55,98,#FAE370
51,55,98,#FAE570
52,55,98,#FAE870
53,55,98,#FAEA70
54,55,98,#FAEC70
55,55,98,#FAEE70
56,55,98,#FAF170
57,55,98,#FAF370
58,55,98,#FAF570
59,55,98,#FAF870
60,55,98,#FAFA70
61,55,98,#F8FA70
62,55,98,#F5FA70
63,55,98,#F3FA70
64,55,98,#F1FA70
65,55,98,#EEFA70
66,55,98,#ECFA70
67,55,98,#EAFA70
68,55,98,#E8FA70
69,55,98,#E5FA70
70,55,98,#E3FA70
71,55,98,#E1FA70
72,55,98,#DEFA70
73,55,98,#DCFA70
74,55,98,#DAFA70
75,55,98,#D8FA70
76,55,98,#D5FA70
77,55,98,#D3FA70
78,55,98,#D1FA70
79,55,98,#CEFA70
80,55,98,#CCFA70
81,55,98,#CAFA70
82,55,98,#C8FA70
83,55,98,#C5FA70
84,55,98,#C3FA70
85,55,98,#C1FA70
86,55,98,#BEFA70
87,55,98,#BCFA70
88,55,98,#BAFA70
89,55,98,#B7FA70
90,55,98,#B5FA70
91,55,98,#B3FA70
92,55,98,#B1FA70
93,55,98,#AEFA70
94,55,98,#ACFA70
95,55,98,#AAFA70
96,55,98,#A7FA70
97,55,98,#A5FA70
98,55,98,#A3FA70
99,55,98,#A1FA70
100,55,98,#9EFA70
101,55,98,#9CFA70
102,55,98,#9AFA70
103,55,98,#97FA70
104,55,98,#95FA70
105,55,98,#93FA70
106,55,98,#91FA70
107,55,98,#8EFA70
108,55,98,#8CFA70
109,55,98,#8AFA70
110,55,98,#87FA70
111,55,98,#85FA70
112,55,98,#83FA70
113,55,98,#80FA70
114,55,98,#7EFA70
115,55,98,#7CFA70
116,55,98,#7AFA70
117,55,98,#77FA70
118,55,98,#75FA70
119,55,98,#73FA70
120,55,98,#70FA70
121,55,98,#70FA73
122,55,98,#70FA75
123,55,98,#70FA77
124,55,98,#70FA7A
125,55,98,#70FA7C
126,55,98,#70FA7E
127,55,98,#70FA80
128,55,98,#70FA83
129,55,98,#70FA85
130,55,98,#70FA87
131,55,98,#70FA8A
132,55,98,#70FA8C
133,55,98,#70FA8E
134,55,98,#70FA91
135,55,98,#70FA93
136,55,98,#70FA95
137,55,98,#70FA97
138,55,98,#70FA9A
139,55,98,#70FA9C
140,55,98,#70FA9E
141,55,98,#70FAA1
142,55,98,#70FAA3
143,55,98,#70FAA5
144,55,98,#70FAA7
145,55,98,#70FAAA
146,55,98,#70FAAC
147,55,98,#70FAAE
148,55,98,#70FAB1
149,55,98,#70FAB3
150,55,98,#70FAB5
151,55,98,#70FAB7
152,55,98,#70FABA
153,55,98,#70FABC
154,55,98,#70FABE
155,55,98,#70FAC1
156,55,98,#70FAC3
157,55,98,#70FAC5
158,55,98,#70FAC8
159,55,98,#70FACA
160,55,98,#70FACC
161,55,98,#70FACE
162,55,98,#70FAD1
163,55,98,#70FAD3
164,55,98,#70FAD5
165,55,98,#70FAD8
166,55,98,#70FADA
167,55,98,#70FADC
168,55,98,#70FADE
169,55,98,#70FAE1
170,55,98,#70FAE3
171,55,98,#70FAE5
172,55,98,#70FAE8
173,55,98,#70FAEA
174,55,98,#70FAEC
175,55,98,#70FAEE
176,55,98,#70FAF1
177,55,98,#70FAF3
178,55,98,#70FAF5
179,55,98,#70FAF8
180,55,98,#70FAFA
181,55,98,#70F8FA
182,55,98,#70F5FA
183,55,98,#70F3FA
184,55,98,#70F1FA
185,55,98,#70EEFA
186,55,98,#70ECFA
187,55,98,#70EAFA
188,55,98,#70E8FA
189,55,98,#70E5FA
190,55,98,#70E3FA
191,55,98,#70E1FA
192,55,98,#70DEFA
193,55,98,#70DCFA
194,55,98,#70DAFA
195,55,98,#70D8FA
196,55,98,#70D5FA
197,55,98,#70D3FA
198,55,98,#70D1FA
199,55,98,#70CEFA
200,55,98,#70CCFA
201,55,98,#70CAFA
202,55,98,#70C8FA
203,55,98,#70C5FA
204,55,98,#70C3FA
205,55,98,#70C1FA
206,55,98,#70BEFA
207,55,98,#70BCFA
208,55,98,#70BAFA
209,55,98,#70B7FA
210,55,98,#70B5FA
211,55,98,#70B3FA
212,55,98,#70B1FA
213,55,98,#70AEFA
214,55,98,#70ACFA
215,55,98,#70AAFA
216,55,98,#70A7FA
217,55,98,#70A5FA
218,55,98,#70A3FA
219,55,98,#70A1FA
220,55,98,#709EFA
221,55,98,#709CFA
222,55,98,#709AFA
223,55,98,#7097FA
224,55,98,#7095FA
225,55,98,#7093FA
226,55,98,#7091FA
227,55,98,#708EFA
228,55,98,#708CFA
229,55,98,#708AFA
230,55,98,#7087FA
231,55,98,#7085FA
232,55,98,#7083FA
233,55,98,#7080FA
234,55,98,#707EFA
235,55,98,#707CFA
236,55,98,#707AFA
237,55,98,#7077FA
238,55,98,#7075FA
239,55,98,#7073FA
240,55,98,#7070FA
241,55,98,#7370FA
242,55,98,#7570FA
243,55,98,#7770FA
244,55,98,#7A70FA
245,55,98,#7C70FA
246,55,98,#7E70FA
247,55,98,#8070FA
248,55,98,#8370FA
249,55,98,#8570FA
250,55,98,#8770FA
251,55,98,#8A70FA
252,55,98,#8C70FA
253,55,98,#8E70FA
254,55,98,#9170FA
255,55,98,#9370FA
256,55,98,#9570FA
257,55,98,#9770FA
258,55,98,#9A70FA
259,55,98,#9C70FA
260,55,98,#9E70FA
261,55,98,#A170FA
262,55,98,#A370FA
263,55,98,#A570FA
264,55,98,#A770FA
265,55,98,#AA70FA
266,55,98,#AC70FA
267,55,98,#AE70FA
268,55,98,#B170FA
269,55,98,#B370FA
270,55,98,#B570FA
271,55,98,#B770FA
272,55,98,#BA70FA
273,55,98,#BC70FA
274,55,98,#BE70FA
275,55,98,#C170FA
276,55,98,#C370FA
277,55,98,#C570FA
278,55,98,#C870FA
279,55,98,#CA70FA
280,55,98,#CC70FA
281,55,98,#CE70FA
282,55,98,#D170FA
283,55,98,#D370FA
284,55,98,#D570FA
285,55,98,#D870FA
286,55,98,#DA70FA
287,55,98,#DC70FA
288,55,98,#DE70FA
289,55,98,#E170FA
290,55,98,#E370FA
291,55,98,#E570FA
292,55,98,#E870FA
293,55,98,#EA70FA
294,55,98,#EC70FA
295,55,98,#EE70FA
296,55,98,#F170FA
297,55,98,#F370FA
298,55,98,#F570FA
299,55,98,#F870FA
300,55,98,#FA70FA
301,55,98,#FA70F8
302,55,98,#FA70F5
303,55,98,#FA70F3
304,55,98,#FA70F1
305,55,98,#FA70EE
306,55,98,#FA70EC
307,55,98,#FA70EA
308,55,98,#FA70E8
309,55,98,#FA70E5
310,55,98,#FA70E3
311,55,98,#FA70E1
312,55,98,#FA70DE
313,55,98,#FA70DC
314,55,98,#FA70DA
315,55,98,#FA70D8
316,55,98,#FA70D5
317,55,98,#FA70D3
318,55,98,#FA70D1
319,55,98,#FA70CE
320,55,98,#FA70CC
321,55,98,#FA70CA
322,55,98,#FA70C8
323,55,98,#FA70C5
324,55,98,#FA70C3
325,55,98,#FA70C1
326,55,98,#FA70BE
327,55,98,#FA70BC
328,55,98,#FA70BA
329,55,98,#FA70B7
330,55,98,#FA70B5
331,55,98,#FA70B3
332,55,98,#FA70B1
333,55,98,#FA70AE
334,55,98,#FA70AC
335,55,98,#FA70AA
336,55,98,#FA70A7
337,55,98,#FA70A5
338,55,98,#FA70A3
339,55,98,#FA70A1
340,55,98,#FA709E
341,55,98,#FA709C
342,55,98,#FA709A
343,55,98,#FA7097
344,55,98,#FA7095
345,55,98,#FA7093
346,55,98,#FA7091
347,55,98,#FA708E
348,55,98,#FA708C
349,55,98,#FA708A
350,55,98,#FA7087
351,55,98,#FA7085
352,55,98,#FA7083
353,55,98,#FA7080
354,55,98,#FA707E
355,55,98,#FA707C
356,55,98,#FA707A
357,55,98,#FA7077
358,55,98,#FA7075
359,55,98,#FA7073
0,54,98,#FA7373
1,54,98,#FA7573
2,54,98,#FA7773
3,54,98,#FA7A73
4,54,98,#FA7C73
5,54,98,#FA7E73
6,54,98,#FA8073
7,54,98,#FA8373
8,54,98,#FA8573
9,54,98,#FA8773
10,54,98,#FA8973
11,54,98,#FA8C73
12,54,98,#FA8E73
13,54,98,#FA9073
14,54,98,#FA9273
15,54,98,#FA9573
16,54,98,#FA9773
17,54,98,#FA9973
18,54,98,#FA9B73
19,54,98,#FA9E73
20,54,98,#FAA073
21,54,98,#FAA273
22,54,98,#FAA473
23,54,98,#FAA773
24,54,98,#FAA973
25,54,98,#FAAB73
26,54,98,#FAAD73
27,54,98,#FAB073
28,54,98,#FAB273
29,54,98,#FAB473
30,54,98,#FAB673
31,54,98,#FAB973
32,54,98,#FABB73
33,54,98,#FABD73
34,54,98,#FABF73
35,54,98,#FAC273
36,54,98,#FAC473
37,54,98,#FAC673
38,54,98,#FAC873
39,54,98,#FACB73
40,54,98,#FACD73
41,54,98,#FACF73
42,54,98,#FAD173
43,54,98,#FAD473
44,54,98,#FAD673
45,54,98,#FAD873
46,54,98,#FADA73
47,54,98,#FADD73
48,54,98,#FADF73
49,54,98,#FAE173
50,54,98,#FAE373
51,54,98,#FAE673
52,54,98,#FAE873
53,54,98,#FAEA73
54,54,98,#FAEC73
55,54,98,#FAEF73
56,54,98,#FAF173
57,54,98,#FAF373
58,54,98,#FAF573
59,54,98,#FAF873
60,54,98,#FAFA73
61,54,98,#F8FA73
62,54,98,#F5FA73
63,54,98,#F3FA73
64,54,98,#F1FA73
65,54,98,#EFFA73
66,54,98,#ECFA73
67,54,98,#EAFA73
68,54,98,#E8FA73
69,54,98,#E6FA73
70,54,98,#E3FA73
71,54,98,#E1FA73
72,54,98,#DFFA73
73,54,98,#DDFA73
74,54,98,#DAFA73
75,54,98,#D8FA73
76,54,98,#D6FA73
77,54,98,#D4FA73
78,54,98,#D1FA73
79,54,98,#CFFA73
80,54,98,#CDFA73
81,54,98,#CBFA73
82,54,98,#C8FA73
83,54,98,#C6FA73
84,54,98,#C4FA73
85,54,98,#C2FA73
86,54,98,#BFFA73
87,54,98,#BDFA73
88,54,98,#BBFA73
89,54,98,#B9FA73
90,54,98,#B6FA73
91,54,98,#B4FA73
92,54,98,#B2FA73
93,54,98,#B0FA73
94,54,98,#ADFA73
95,54,98,#ABFA73
96,54,98,#A9FA73
97,54,98,#A7FA73
98,54,98,#A4FA73
99,54,98,#A2FA73
100,54,98,#A0FA73
101,54,98,#9EFA73
102,54,98,#9BFA73
103,54,98,#99FA73
104,54,98,#97FA73
105,54,98,#95FA73
106,54,98,#92FA73
107,54,98,#90FA73
108,54,98,#8EFA73
109,54,98,#8CFA73
110,54,98,#89FA73
111,54,98,#87FA73
112,54,98,#85FA73
113,54,98,#83FA73
114,54,98,#80FA73
115,54,98,#7EFA73
116,54,98,#7CFA73
117,54,98,#7AFA73
118,54,98,#77FA73
119,54,98,#75FA73
120,54,98,#73FA73
121,54,98,#73FA75
122,54,98,#73FA77
123,54,98,#73FA7A
124,54,98,#73FA7C
125,54,98,#73FA7E
126,54,98,#73FA80
127,54,98,#73FA83
128,54,98,#73FA85
129,54,98,#73FA87
130,54,98,#73FA89
131,54,98,#73FA8C
132,54,98,#73FA8E
133,54,98,#73FA90
134,54,98,#73FA92
135,54,98,#73FA95
136,54,98,#73FA97
137,54,98,#73FA99
138,54,98,#73FA9B
139,54,98,#73FA9E
140,54,98,#73FAA0
141,54,98,#73FAA2
142,54,98,#73FAA4
143,54,98,#73FAA7
144,54,98,#73FAA9
145,54,98,#73FAAB
146,54,98,#73FAAD
147,54,98,#73FAB0
148,54,98,#73FAB2
149,54,98,#73FAB4
150,54,98,#73FAB6
151,54,98,#73FAB9
152,54,98,#73FABB
153,54,98,#73FABD
154,54,98,#73FABF
155,54,98,#73FAC2
156,54,98,#73FAC4
157,54,98,#73FAC6
158,54,98,#73FAC8
159,54,98,#73FACB
160,54,98,#73FACD
161,54,98,#73FACF
162,54,98,#73FAD1
163,54,98,#73FAD4
164,54,98,#73FAD6
165,54,98,#73FAD8
166,54,98,#73FADA
167,54,98,#73FADD
168,54,98,#73FADF
169,54,98,#73FAE1
170,54,98,#73FAE3
171,54,98,#73FAE6
172,54,98,#73FAE8
173,54,98,#73FAEA
174,54,98,#73FAEC
175,54,98,#73FAEF
176,54,98,#73FAF1
177,54,98,#73FAF3
178,54,98,#73FAF5
179,54,98,#73FAF8
180,54,98,#73FAFA
181,54,98,#73F8FA
182,54,98,#73F5FA
183,54,98,#73F3FA
184,54,98,#73F1FA
185,54,98,#73EFFA
186,54,98,#73ECFA
187,54,98,#73EAFA
188,54,98,#73E8FA
189,54,98,#73E6FA
190,54,98,#73E3FA
191,54,98,#73E1FA
192,54,98,#73DFFA
193,54,98,#73DDFA
194,54,98,#73DAFA
195,54,98,#73D8FA
196,54,98,#73D6FA
197,54,98,#73D4FA
198,54,98,#73D1FA
199,54,98,#73CFFA
200,54,98,#73CDFA
201,54,98,#73CBFA
202,54,98,#73C8FA
203,54,98,#73C6FA
204,54,98,#73C4FA
205,54,98,#73C2FA
206,54,98,#73BFFA
207,54,98,#73BDFA
208,54,98,#73BBFA
209,54,98,#73B9FA
210,54,98,#73B6FA
211,54,98,#73B4FA
212,54,98,#73B2FA
213,54,98,#73B0FA
214,54,98,#73ADFA
215,54,98,#73ABFA
216,54,98,#73A9FA
217,54,98,#73A7FA
218,54,98,#73A4FA
219,54,98,#73A2FA
220,54,98,#73A0FA
221,54,98,#739EFA
222,54,98,#739BFA
223,54,98,#7399FA
224,54,98,#7397FA
225,54,98,#7395FA
226,54,98,#7392FA
227,54,98,#7390FA
228,54,98,#738EFA
229,54,98,#738CFA
230,54,98,#7389FA
231,54,98,#7387FA
232,54,98,#7385FA
233,54,98,#7383FA
234,54,98,#7380FA
235,54,98,#737EFA
236,54,98,#737CFA
237,54,98,#737AFA
238,54,98,#7377FA
239,54,98,#7375FA
240,54,98,#7373FA
241,54,98,#7573FA
242,54,98,#7773FA
243,54,98,#7A73FA
244,54,98,#7C73FA
245,54,98,#7E73FA
246,54,98,#8073FA
247,54,98,#8373FA
248,54,98,#8573FA
249,54,98,#8773FA
250,54,98,#8973FA
251,54,98,#8C73FA
252,54,98,#8E73FA
253,54,98,#9073FA
254,54,98,#9273FA
255,54,98,#9573FA
256,54,98,#9773FA
257,54,98,#9973FA
258,54,98,#9B73FA
259,54,98,#9E73FA
260,54,98,#A073FA
261,54,98,#A273FA
262,54,98,#A473FA
263,54,98,#A773FA
264,54,98,#A973FA
265,54,98,#AB73FA
266,54,98,#AD73FA
267,54,98,#B073FA
268,54,98,#B273FA
269,54,98,#B473FA
270,54,98,#B673FA
271,54,98,#B973FA
272,54,98,#BB73FA
273,54,98,#BD73FA
274,54,98,#BF73FA
275,54,98,#C273FA
276,54,98,#C473FA
277,54,98,#C673FA
278,54,98,#C873FA
279,54,98,#CB73FA
280,54,98,#CD73FA
281,54,98,#CF73FA
282,54,98,#D173FA
283,54,98,#D473FA
284,54,98,#D673FA
285,54,98,#D873FA
286,54,98,#DA73FA
287,54,98,#DD73FA
288,54,98,#DF73FA
289,54,98,#E173FA
290,54,98,#E373FA
291,54,98,#E673FA
292,54,98,#E873FA
293,54,98,#EA73FA
294,54,98,#EC73FA
295,54,98,#EF73FA
296,54,98,#F173FA
297,54,98,#F373FA
298,54,98,#F573FA
299,54,98,#F873FA
300,54,98,#FA73FA
301,54,98,#FA73F8
302,54,98,#FA73F5
303,54,98,#FA73F3
304,54,98,#FA73F1
305,54,98,#FA73EF
306,54,98,#FA73EC
307,54,98,#FA73EA
308,54,98,#FA73E8
309,54,98,#FA73E6
310,54,98,#FA73E3
311,54,98,#FA73E1
312,54,98,#FA73DF
313,54,98,#FA73DD
314,54,98,#FA73DA
315,54,98,#FA73D8
316,54,98,#FA73D6
317,54,98,#FA73D4
318,54,98,#FA73D1
319,54,98,#FA73CF
320,54,98,#FA73CD
321,54,98,#FA73CB
322,54,98,#FA73C8
323,54,98,#FA73C6
324,54,98,#FA73C4
325,54,98,#FA73C2
326,54,98,#FA73BF
327,54,98,#FA73BD
328,54,98,#FA73BB
329,54,98,#FA73B9
330,54,98,#FA73B6
331,54,98,#FA73B4
332,54,98,#FA73B2
333,54,98,#FA73B0
334,54,98,#FA73AD
335,54,98,#FA73AB
336,54,98,#FA73A9
337,54,98,#FA73A7
338,54,98,#FA73A4
339,54,98,#FA73A2
340,54,98,#FA73A0
341,54,98,#FA739E
342,54,98,#FA739B
343,54,98,#FA7399
344,54,98,#FA7397
345,54,98,#FA7395
346,54,98,#FA7392
347,54,98,#FA7390
348,54,98,#FA738E
349,54,98,#FA738C
350,54,98,#FA7389
351,54,98,#FA7387
352,54,98,#FA7385
353,54,98,#FA7383
354,54,98,#FA7380
355,54,98,#FA737E
356,54,98,#FA737C
357,54,98,#FA737A
358,54,98,#FA7377
359,54,98,#FA7375
0,53,98,#FA7575
1,53,98,#FA7875
2,53,98,#FA7A75
3,53,98,#FA7C75
4,53,98,#FA7E75
5,53,98,#FA8075
6,53,98,#FA8375
7,53,98,#FA8575
8,53,98,#FA8775
9,53,98,#FA8975
10,53,98,#FA8C75
11,53,98,#FA8E75
12,53,98,#FA9075
13,53,98,#FA9275
14,53,98,#FA9475
15,53,98,#FA9775
16,53,98,#FA9975
17,53,98,#FA9B75
18,53,98,#FA9D75
19,53,98,#FA9F75
20,53,98,#FAA275
21,53,98,#FAA475
22,53,98,#FAA675
23,53,98,#FAA875
24,53,98,#FAAA75
25,53,98,#FAAD75
26,53,98,#FAAF75
27,53,98,#FAB175
28,53,98,#FAB375
29,53,98,#FAB575
30,53,98,#FAB875
31,53,98,#FABA75
32,53,98,#FABC75
33,53,98,#FABE75
34,53,98,#FAC175
35,53,98,#FAC375
36,53,98,#FAC575
37,53,98,#FAC775
38,53,98,#FAC975
39,53,98,#FACC75
40,53,98,#FACE75
41,53,98,#FAD075
42,53,98,#FAD275
43,53,98,#FAD475
44,53,98,#FAD775
45,53,98,#FAD975
46,53,98,#FADB75
47,53,98,#FADD75
48,53,98,#FADF75
49,53,98,#FAE275
50,53,98,#FAE475
51,53,98,#FAE675
52,53,98,#FAE875
53,53,98,#FAEA75
54,53,98,#FAED75
55,53,98,#FAEF75
56,53,98,#FAF175
57,53,98,#FAF375
58,53,98,#FAF575
59,53,98,#FAF875
60,53,98,#FAFA75
61,53,98,#F8FA75
62,53,98,#F5FA75
63,53,98,#F3FA75
64,53,98,#F1FA75
65,53,98,#EFFA75
66,53,98,#EDFA75
67,53,98,#EAFA75
68,53,98,#E8FA75
69,53,98,#E6FA75
70,53,98,#E4FA75
71,53,98,#E2FA75
72,53,98,#DFFA75
73,53,98,#DDFA75
74,53,98,#DBFA75
75,53,98,#D9FA75
76,53,98,#D7FA75
77,53,98,#D4FA75
78,53,98,#D2FA75
79,53,98,#D0FA75
80,53,98,#CEFA75
81,53,98,#CCFA75
82,53,98,#C9FA75
83,53,98,#C7FA75
84,53,98,#C5FA75
85,53,98,#C3FA75
86,53,98,#C1FA75
87,53,98,#BEFA75
88,53,98,#BCFA75
89,53,98,#BAFA75
90,53,98,#B8FA75
91,53,98,#B5FA75
92,53,98,#B3FA75
93,53,98,#B1FA75
94,53,98,#AFFA75
95,53,98,#ADFA75
96,53,98,#AAFA75
97,53,98,#A8FA75
98,53,98,#A6FA75
99,53,98,#A4FA75
100,53,98,#A2FA75
101,53,98,#9FFA75
102,53,98,#9DFA75
103,53,98,#9BFA75
104,53,98,#99FA75
105,53,98,#97FA75
106,53,98,#94FA75
107,53,98,#92FA75
108,53,98,#90FA75
109,53,98,#8EFA75
110,53,98,#8CFA75
111,53,98,#89FA75
112,53,98,#87FA75
113,53,98,#85FA75
114,53,98,#83FA75
115,53,98,#80FA75
116,53,98,#7EFA75
117,53,98,#7CFA75
118,53,98,#7AFA75
119,53,98,#78FA75
120,53,98,#75FA75
121,53,98,#75FA78
122,53,98,#75FA7A
123,53,98,#75FA7C
124,53,98,#75FA7E
125,53,98,#75FA80
126,53,98,#75FA83
127,53,98,#75FA85
128,53,98,#75FA87
129,53,98,#75FA89
130,53,98,#75FA8C
131,53,98,#75FA8E
132,53,98,#75FA90
133,53,98,#75FA92
134,53,98,#75FA94
135,53,98,#75FA97
136,53,98,#75FA99
137,53,98,#75FA9B
138,53,98,#75FA9D
139,53,98,#75FA9F
140,53,98,#75FAA2
141,53,98,#75FAA4
142,53,98,#75FAA6
143,53,98,#75FAA8
144,53,98,#75FAAA
145,53,98,#75FAAD
146,53,98,#75FAAF
147,53,98,#75FAB1
148,53,98,#75FAB3
149,53,98,#75FAB5
150,53,98,#75FAB8
151,53,98,#75FABA
152,53,98,#75FABC
153,53,98,#75FABE
154,53,98,#75FAC1
155,53,98,#75FAC3
156,53,98,#75FAC5
157,53,98,#75FAC7
158,53,98,#75FAC9
159,53,98,#75FACC
160,53,98,#75FACE
161,53,98,#75FAD0
162,53,98,#75FAD2
163,53,98,#75FAD4
164,53,98,#75FAD7
165,53,98,#75FAD9
166,53,98,#75FADB
167,53,98,#75FADD
168,53,98,#75FADF
169,53,98,#75FAE2
170,53,98,#75FAE4
171,53,98,#75FAE6
172,53,98,#75FAE8
173,53,98,#75FAEA
174,53,98,#75FAED
175,53,98,#75FAEF
176,53,98,#75FAF1
177,53,98,#75FAF3
178,53,98,#75FAF5
179,53,98,#75FAF8
180,53,98,#75FAFA
181,53,98,#75F8FA
182,53,98,#75F5FA
183,53,98,#75F3FA
184,53,98,#75F1FA
185,53,98,#75EFFA
186,53,98,#75EDFA
187,53,98,#75EAFA
188,53,98,#75E8FA
189,53,98,#75E6FA
190,53,98,#75E4FA
191,53,98,#75E2FA
192,53,98,#75DFFA
193,53,98,#75DDFA
194,53,98,#75DBFA
195,53,98,#75D9FA
196,53,98,#75D7FA
197,53,98,#75D4FA
198,53,98,#75D2FA
199,53,98,#75D0FA
200,53,98,#75CEFA
201,53,98,#75CCFA
202,53,98,#75C9FA
203,53,98,#75C7FA
204,53,98,#75C5FA
205,53,98,#75C3FA
206,53,98,#75C1FA
207,53,98,#75BEFA
208,53,98,#75BCFA
209,53,98,#75BAFA
210,53,98,#75B8FA
211,53,98,#75B5FA
212,53,98,#75B3FA
213,53,98,#75B1FA
214,53,98,#75AFFA
215,53,98,#75ADFA
216,53,98,#75AAFA
217,53,98,#75A8FA
218,53,98,#75A6FA
219,53,98,#75A4FA
220,53,98,#75A2FA
221,53,98,#759FFA
222,53,98,#759DFA
223,53,98,#759BFA
224,53,98,#7599FA
225,53,98,#7597FA
226,53,98,#7594FA
227,53,98,#7592FA
228,53,98,#7590FA
229,53,98,#758EFA
230,53,98,#758CFA
231,53,98,#7589FA
232,53,98,#7587FA
233,53,98,#7585FA
234,53,98,#7583FA
235,53,98,#7580FA
236,53,98,#757EFA
237,53,98,#757CFA
238,53,98,#757AFA
239,53,98,#7578FA
240,53,98,#7575FA
241,53,98,#7875FA
242,53,98,#7A75FA
243,53,98,#7C75FA
244,53,98,#7E75FA
245,53,98,#8075FA
246,53,98,#8375FA
247,53,98,#8575FA
248,53,98,#8775FA
249,53,98,#8975FA
250,53,98,#8C75FA
251,53,98,#8E75FA
252,53,98,#9075FA
253,53,98,#9275FA
254,53,98,#9475FA
255,53,98,#9775FA
256,53,98,#9975FA
257,53,98,#9B75FA
258,53,98,#9D75FA
259,53,98,#9F75FA
260,53,98,#A275FA
261,53,98,#A475FA
262,53,98,#A675FA
263,53,98,#A875FA
264,53,98,#AA75FA
265,53,98,#AD75FA
266,53,98,#AF75FA
267,53,98,#B175FA
268,53,98,#B375FA
269,53,98,#B575FA
270,53,98,#B875FA
271,53,98,#BA75FA
272,53,98,#BC75FA
273,53,98,#BE75FA
274,53,98,#C175FA
275,53,98,#C375FA
276,53,98,#C575FA
277,53,98,#C775FA
278,53,98,#C975FA
279,53,98,#CC75FA
280,53,98,#CE75FA
281,53,98,#D075FA
282,53,98,#D275FA
283,53,98,#D475FA
284,53,98,#D775FA
285,53,98,#D975FA
286,53,98,#DB75FA
287,53,98,#DD75FA
288,53,98,#DF75FA
289,53,98,#E275FA
290,53,98,#E475FA
291,53,98,#E675FA
292,53,98,#E875FA
293,53,98,#EA75FA
294,53,98,#ED75FA
295,53,98,#EF75FA
296,53,98,#F175FA
297,53,98,#F375FA
298,53,98,#F575FA
299,53,98,#F875FA
300,53,98,#FA75FA
301,53,98,#FA75F8
302,53,98,#FA75F5
303,53,98,#FA75F3
304,53,98,#FA75F1
305,53,98,#FA75EF
306,53,98,#FA75ED
307,53,98,#FA75EA
308,53,98,#FA75E8
309,53,98,#FA75E6
310,53,98,#FA75E4
311,53,98,#FA75E2
312,53,98,#FA75DF
313,53,98,#FA75DD
314,53,98,#FA75DB
315,53,98,#FA75D9
316,53,98,#FA75D7
317,53,98,#FA75D4
318,53,98,#FA75D2
319,53,98,#FA75D0
320,53,98,#FA75CE
321,53,98,#FA75CC
322,53,98,#FA75C9
323,53,98,#FA75C7
324,53,98,#FA75C5
325,53,98,#FA75C3
326,53,98,#FA75C1
327,53,98,#FA75BE
328,53,98,#FA75BC
329,53,98,#FA75BA
330,53,98,#FA75B8
331,53,98,#FA75B5
332,53,98,#FA75B3
333,53,98,#FA75B1
334,53,98,#FA75AF
335,53,98,#FA75AD
336,53,98,#FA75AA
337,53,98,#FA75A8
338,53,98,#FA75A6
339,53,98,#FA75A4
340,53,98,#FA75A2
341,53,98,#FA759F
342,53,98,#FA759D
343,53,98,#FA759B
344,53,98,#FA7599
345,53,98,#FA7597
346,53,98,#FA7594
347,53,98,#FA7592
348,53,98,#FA7590
349,53,98,#FA758E
350,53,98,#FA758C
351,53,98,#FA7589
352,53,98,#FA7587
353,53,98,#FA7585
354,53,98,#FA7583
355,53,98,#FA7580
356,53,98,#FA757E
357,53,98,#FA757C
358,53,98,#FA757A
359,53,98,#FA7578
0,52,98,#FA7878
1,52,98,#FA7A78
2,52,98,#FA7C78
3,52,98,#FA7E78
4,52,98,#FA8178
5,52,98,#FA8378
6,52,98,#FA8578
7,52,98,#FA8778
8,52,98,#FA8978
9,52,98,#FA8B78
10,52,98,#FA8E78
11,52,98,#FA9078
12,52,98,#FA9278
13,52,98,#FA9478
14,52,98,#FA9678
15,52,98,#FA9878
16,52,98,#FA9B78
17,52,98,#FA9D78
18,52,98,#FA9F78
19,52,98,#FAA178
20,52,98,#FAA378
21,52,98,#FAA578
22,52,98,#FAA878
23,52,98,#FAAA78
24,52,98,#FAAC78
25,52,98,#FAAE78
26,52,98,#FAB078
27,52,98,#FAB278
28,52,98,#FAB578
29,52,98,#FAB778
30,52,98,#FAB978
31,52,98,#FABB78
32,52,98,#FABD78
33,52,98,#FABF78
34,52,98,#FAC278
35,52,98,#FAC478
36,52,98,#FAC678
37,52,98,#FAC878
38,52,98,#FACA78
39,52,98,#FACC78
40,52,98,#FACF78
41,52,98,#FAD178
42,52,98,#FAD378
43,52,98,#FAD578
44,52,98,#FAD778
45,52,98,#FAD978
46,52,98,#FADC78
47,52,98,#FADE78
48,52,98,#FAE078
49,52,98,#FAE278
50,52,98,#FAE478
51,52,98,#FAE678
52,52,98,#FAE978
53,52,98,#FAEB78
54,52,98,#FAED78
55,52,98,#FAEF78
56,52,98,#FAF178
57,52,98,#FAF378
58,52,98,#FAF678
59,52,98,#FAF878
60,52,98,#FAFA78
61,52,98,#F8FA78
62,52,98,#F6FA78
63,52,98,#F3FA78
64,52,98,#F1FA78
65,52,98,#EFFA78
66,52,98,#EDFA78
67,52,98,#EBFA78
68,52,98,#E9FA78
69,52,98,#E6FA78
70,52,98,#E4FA78
71,52,98,#E2FA78
72,52,98,#E0FA78
73,52,98,#DEFA78
74,52,98,#DCFA78
75,52,98,#D9FA78
76,52,98,#D7FA78
77,52,98,#D5FA78
78,52,98,#D3FA78
79,52,98,#D1FA78
80,52,98,#CFFA78
81,52,98,#CCFA78
82,52,98,#CAFA78
83,52,98,#C8FA78
84,52,98,#C6FA78
85,52,98,#C4FA78
86,52,98,#C2FA78
87,52,98,#BFFA78
88,52,98,#BDFA78
89,52,98,#BBFA78
90,52,98,#B9FA78
91,52,98,#B7FA78
92,52,98,#B5FA78
93,52,98,#B2FA78
94,52,98,#B0FA78
95,52,98,#AEFA78
96,52,98,#ACFA78
97,52,98,#AAFA78
98,52,98,#A8FA78
99,52,98,#A5FA78
100,52,98,#A3FA78
101,52,98,#A1FA78
102,52,98,#9FFA78
103,52,98,#9DFA78
104,52,98,#9BFA78
105,52,98,#98FA78
106,52,98,#96FA78
107,52,98,#94FA78
108,52,98,#92FA78
109,52,98,#90FA78
110,52,98,#8EFA78
111,52,98,#8BFA78
112,52,98,#89FA78
113,52,98,#87FA78
114,52,98,#85FA78
115,52,98,#83FA78
116,52,98,#81FA78
117,52,98,#7EFA78
118,52,98,#7CFA78
119,52,98,#7AFA78
120,52,98,#78FA78
121,52,98,#78FA7A
122,52,98,#78FA7C
123,52,98,#78FA7E
124,52,98,#78FA81
125,52,98,#78FA83
126,52,98,#78FA85
127,52,98,#78FA87
128,52,98,#78FA89
129,52,98,#78FA8B
130,52,98,#78FA8E
131,52,98,#78FA90
132,52,98,#78FA92
133,52,98,#78FA94
134,52,98,#78FA96
135,52,98,#78FA98
136,52,98,#78FA9B
137,52,98,#78FA9D
138,52,98,#78FA9F
139,52,98,#78FAA1
140,52,98,#78FAA3
141,52,98,#78FAA5
142,52,98,#78FAA8
143,52,98,#78FAAA
144,52,98,#78FAAC
145,52,98,#78FAAE
146,52,98,#78FAB0
147,52,98,#78FAB2
148,52,98,#78FAB5
149,52,98,#78FAB7
150,52,98,#78FAB9
151,52,98,#78FABB
152,52,98,#78FABD
153,52,98,#78FABF
154,52,98,#78FAC2
155,52,98,#78FAC4
156,52,98,#78FAC6
157,52,98,#78FAC8
158,52,98,#78FACA
159,52,98,#78FACC
160,52,98,#78FACF
161,52,98,#78FAD1
162,52,98,#78FAD3
163,52,98,#78FAD5
164,52,98,#78FAD7
165,52,98,#78FAD9
166,52,98,#78FADC
167,52,98,#78FADE
168,52,98,#78FAE0
169,52,98,#78FAE2
170,52,98,#78FAE4
171,52,98,#78FAE6
172,52,98,#78FAE9
173,52,98,#78FAEB
174,52,98,#78FAED
175,52,98,#78FAEF
176,52,98,#78FAF1
177,52,98,#78FAF3
178,52,98,#78FAF6
179,52,98,#78FAF8
180,52,98,#78FAFA
181,52,98,#78F8FA
182,52,98,#78F6FA
183,52,98,#78F3FA
184,52,98,#78F1FA
185,52,98,#78EFFA
186,52,98,#78EDFA
187,52,98,#78EBFA
188,52,98,#78E9FA
189,52,98,#78E6FA
190,52,98,#78E4FA
191,52,98,#78E2FA
192,52,98,#78E0FA
193,52,98,#78DEFA
194,52,98,#78DCFA
195,52,98,#78D9FA
196,52,98,#78D7FA
197,52,98,#78D5FA
198,52,98,#78D3FA
199,52,98,#78D1FA
200,52,98,#78CFFA
201,52,98,#78CCFA
202,52,98,#78CAFA
203,52,98,#78C8FA
204,52,98,#78C6FA
205,52,98,#78C4FA
206,52,98,#78C2FA
207,52,98,#78BFFA
208,52,98,#78BDFA
209,52,98,#78BBFA
210,52,98,#78B9FA
211,52,98,#78B7FA
212,52,98,#78B5FA
213,52,98,#78B2FA
214,52,98,#78B0FA
215,52,98,#78AEFA
216,52,98,#78ACFA
217,52,98,#78AAFA
218,52,98,#78A8FA
219,52,98,#78A5FA
220,52,98,#78A3FA
221,52,98,#78A1FA
222,52,98,#789FFA
223,52,98,#789DFA
224,52,98,#789BFA
225,52,98,#7898FA
226,52,98,#7896FA
227,52,98,#7894FA
228,52,98,#7892FA
229,52,98,#7890FA
230,52,98,#788EFA
231,52,98,#788BFA
232,52,98,#7889FA
233,52,98,#7887FA
234,52,98,#7885FA
235,52,98,#7883FA
236,52,98,#7881FA
237,52,98,#787EFA
238,52,98,#787CFA
239,52,98,#787AFA
240,52,98,#7878FA
241,52,98,#7A78FA
242,52,98,#7C78FA
243,52,98,#7E78FA
244,52,98,#8178FA
245,52,98,#8378FA
246,52,98,#8578FA
247,52,98,#8778FA
248,52,98,#8978FA
249,52,98,#8B78FA
250,52,98,#8E78FA
251,52,98,#9078FA
252,52,98,#9278FA
253,52,98,#9478FA
254,52,98,#9678FA
255,52,98,#9878FA
256,52,98,#9B78FA
257,52,98,#9D78FA
258,52,98,#9F78FA
259,52,98,#A178FA
260,52,98,#A378FA
261,52,98,#A578FA
262,52,98,#A878FA
263,52,98,#AA78FA
264,52,98,#AC78FA
265,52,98,#AE78FA
266,52,98,#B078FA
267,52,98,#B278FA
268,52,98,#B578FA
269,52,98,#B778FA
270,52,98,#B978FA
271,52,98,#BB78FA
272,52,98,#BD78FA
273,52,98,#BF78FA
274,52,98,#C278FA
275,52,98,#C478FA
276,52,98,#C678FA
277,52,98,#C878FA
278,52,98,#CA78FA
279,52,98,#CC78FA
280,52,98,#CF78FA
281,52,98,#D178FA
282,52,98,#D378FA
283,52,98,#D578FA
284,52,98,#D778FA
285,52,98,#D978FA
286,52,98,#DC78FA
287,52,98,#DE78FA
288,52,98,#E078FA
289,52,98,#E278FA
290,52,98,#E478FA
291,52,98,#E678FA
292,52,98,#E978FA
293,52,98,#EB78FA
294,52,98,#ED78FA
295,52,98,#EF78FA
296,52,98,#F178FA
297,52,98,#F378FA
298,52,98,#F678FA
299,52,98,#F878FA
300,52,98,#FA78FA
301,52,98,#FA78F8
302,52,98,#FA78F6
303,52,98,#FA78F3
304,52,98,#FA78F1
305,52,98,#FA78EF
306,52,98,#FA78ED
307,52,98,#FA78EB
308,52,98,#FA78E9
309,52,98,#FA78E6
310,52,98,#FA78E4
311,52,98,#FA78E2
312,52,98,#FA78E0
313,52,98,#FA78DE
314,52,98,#FA78DC
315,52,98,#FA78D9
316,52,98,#FA78D7
317,52,98,#FA78D5
318,52,98,#FA78D3
319,52,98,#FA78D1
320,52,98,#FA78CF
321,52,98,#FA78CC
322,52,98,#FA78CA
323,52,98,#FA78C8
324,52,98,#FA78C6
325,52,98,#FA78C4
326,52,98,#FA78C2
327,52,98,#FA78BF
328,52,98,#FA78BD
329,52,98,#FA78BB
330,52,98,#FA78B9
331,52,98,#FA78B7
332,52,98,#FA78B5
333,52,98,#FA78B2
334,52,98,#FA78B0
335,52,98,#FA78AE
336,52,98,#FA78AC
337,52,98,#FA78AA
338,52,98,#FA78A8
339,52,98,#FA78A5
340,52,98,#FA78A3
341,52,98,#FA78A1
342,52,98,#FA789F
343,52,98,#FA789D
344,52,98,#FA789B
345,52,98,#FA7898
346,52,98,#FA7896
347,52,98,#FA7894
348,52,98,#FA7892
349,52,98,#FA7890
350,52,98,#FA788E
351,52,98,#FA788B
352,52,98,#FA7889
353,52,98,#FA7887
354,52,98,#FA7885
355,52,98,#FA7883
356,52,98,#FA7881
357,52,98,#FA787E
358,52,98,#FA787C
359,52,98,#FA787A
0,51,98,#FA7A7A
1,51,98,#FA7D7A
2,51,98,#FA7F7A
3,51,98,#FA817A
4,51,98,#FA837A
5,51,98,#FA857A
6,51,98,#FA877A
7,51,98,#FA897A
8,51,98,#FA8B7A
9,51,98,#FA8E7A
10,51,98,#FA907A
11,51,98,#FA927A
12,51,98,#FA947A
13,51,98,#FA967A
14,51,98,#FA987A
15,51,98,#FA9A7A
16,51,98,#FA9C7A
17,51,98,#FA9F7A
18,51,98,#FAA17A
19,51,98,#FAA37A
20,51,98,#FAA57A
21,51,98,#FAA77A
22,51,98,#FAA97A
23,51,98,#FAAB7A
24,51,98,#FAAD7A
25,51,98,#FAB07A
26,51,98,#FAB27A
27,51,98,#FAB47A
28,51,98,#FAB67A
29,51,98,#FAB87A
30,51,98,#FABA7A
31,51,98,#FABC7A
32,51,98,#FABE7A
33,51,98,#FAC17A
34,51,98,#FAC37A
35,51,98,#FAC57A
36,51,98,#FAC77A
37,51,98,#FAC97A
38,51,98,#FACB7A
39,51,98,#FACD7A
40,51,98,#FACF7A
41,51,98,#FAD27A
42,51,98,#FAD47A
43,51,98,#FAD67A
44,51,98,#FAD87A
45,51,98,#FADA7A
46,51,98,#FADC7A
47,51,98,#FADE7A
48,51,98,#FAE07A
49,51,98,#FAE37A
50,51,98,#FAE57A
51,51,98,#FAE77A
52,51,98,#FAE97A
53,51,98,#FAEB7A
54,51,98,#FAED7A
55,51,98,#FAEF7A
56,51,98,#FAF17A
57,51,98,#FAF47A
58,51,98,#FAF67A
59,51,98,#FAF87A
60,51,98,#FAFA7A
61,51,98,#F8FA7A
62,51,98,#F6FA7A
63,51,98,#F4FA7A
64,51,98,#F1FA7A
65,51,98,#EFFA7A
66,51,98,#EDFA7A
67,51,98,#EBFA7A
68,51,98,#E9FA7A
69,51,98,#E7FA7A
70,51,98,#E5FA7A
71,51,98,#E3FA7A
72,51,98,#E0FA7A
73,51,98,#DEFA7A
74,51,98,#DCFA7A
75,51,98,#DAFA7A
76,51,98,#D8FA7A
77,51,98,#D6FA7A
78,51,98,#D4FA7A
79,51,98,#D2FA7A
80,51,98,#CFFA7A
81,51,98,#CDFA7A
82,51,98,#CBFA7A
83,51,98,#C9FA7A
84,51,98,#C7FA7A
85,51,98,#C5FA7A
86,51,98,#C3FA7A
87,51,98,#C1FA7A
88,51,98,#BEFA7A
89,51,98,#BCFA7A
90,51,98,#BAFA7A
91,51,98,#B8FA7A
92,51,98,#B6FA7A
93,51,98,#B4FA7A
94,51,98,#B2FA7A
95,51,98,#B0FA7A
96,51,98,#ADFA7A
97,51,98,#ABFA7A
98,51,98,#A9FA7A
99,51,98,#A7FA7A
100,51,98,#A5FA7A
101,51,98,#A3FA7A
102,51,98,#A1FA7A
103,51,98,#9FFA7A
104,51,98,#9CFA7A
105,51,98,#9AFA7A
106,51,98,#98FA7A
107,51,98,#96FA7A
108,51,98,#94FA7A
109,51,98,#92FA7A
110,51,98,#90FA7A
111,51,98,#8EFA7A
112,51,98,#8BFA7A
113,51,98,#89FA7A
114,51,98,#87FA7A
115,51,98,#85FA7A
116,51,98,#83FA7A
117,51,98,#81FA7A
118,51,98,#7FFA7A
119,51,98,#7DFA7A
120,51,98,#7AFA7A
121,51,98,#7AFA7D
122,51,98,#7AFA7F
123,51,98,#7AFA81
124,51,98,#7AFA83
125,51,98,#7AFA85
126,51,98,#7AFA87
127,51,98,#7AFA89
128,51,98,#7AFA8B
129,51,98,#7AFA8E
130,51,98,#7AFA90
131,51,98,#7AFA92
132,51,98,#7AFA94
133,51,98,#7AFA96
134,51,98,#7AFA98
135,51,98,#7AFA9A
136,51,98,#7AFA9C
137,51,98,#7AFA9F
138,51,98,#7AFAA1
139,51,98,#7AFAA3
140,51,98,#7AFAA5
141,51,98,#7AFAA7
142,51,98,#7AFAA9
143,51,98,#7AFAAB
144,51,98,#7AFAAD
145,51,98,#7AFAB0
146,51,98,#7AFAB2
147,51,98,#7AFAB4
148,51,98,#7AFAB6
149,51,98,#7AFAB8
150,51,98,#7AFABA
151,51,98,#7AFABC
152,51,98,#7AFABE
153,51,98,#7AFAC1
154,51,98,#7AFAC3
155,51,98,#7AFAC5
156,51,98,#7AFAC7
157,51,98,#7AFAC9
158,51,98,#7AFACB
159,51,98,#7AFACD
160,51,98,#7AFACF
161,51,98,#7AFAD2
162,51,98,#7AFAD4
163,51,98,#7AFAD6
164,51,98,#7AFAD8
165,51,98,#7AFADA
166,51,98,#7AFADC
167,51,98,#7AFADE
168,51,98,#7AFAE0
169,51,98,#7AFAE3
170,51,98,#7AFAE5
171,51,98,#7AFAE7
172,51,98,#7AFAE9
173,51,98,#7AFAEB
174,51,98,#7AFAED
175,51,98,#7AFAEF
176,51,98,#7AFAF1
177,51,98,#7AFAF4
178,51,98,#7AFAF6
179,51,98,#7AFAF8
180,51,98,#7AFAFA
181,51,98,#7AF8FA
182,51,98,#7AF6FA
183,51,98,#7AF4FA
184,51,98,#7AF1FA
185,51,98,#7AEFFA
186,51,98,#7AEDFA
187,51,98,#7AEBFA
188,51,98,#7AE9FA
189,51,98,#7AE7FA
190,51,98,#7AE5FA
191,51,98,#7AE3FA
192,51,98,#7AE0FA
193,51,98,#7ADEFA
194,51,98,#7ADCFA
195,51,98,#7ADAFA
196,51,98,#7AD8FA
197,51,98,#7AD6FA
198,51,98,#7AD4FA
199,51,98,#7AD2FA
200,51,98,#7ACFFA
201,51,98,#7ACDFA
202,51,98,#7ACBFA
203,51,98,#7AC9FA
204,51,98,#7AC7FA
205,51,98,#7AC5FA
206,51,98,#7AC3FA
207,51,98,#7AC1FA
208,51,98,#7ABEFA
209,51,98,#7ABCFA
210,51,98,#7ABAFA
211,51,98,#7AB8FA
212,51,98,#7AB6FA
213,51,98,#7AB4FA
214,51,98,#7AB2FA
215,51,98,#7AB0FA
216,51,98,#7AADFA
217,51,98,#7AABFA
218,51,98,#7AA9FA
219,51,98,#7AA7FA
220,51,98,#7AA5FA
221,51,98,#7AA3FA
222,51,98,#7AA1FA
223,51,98,#7A9FFA
224,51,98,#7A9CFA
225,51,98,#7A9AFA
226,51,98,#7A98FA
227,51,98,#7A96FA
228,51,98,#7A94FA
229,51,98,#7A92FA
230,51,98,#7A90FA
231,51,98,#7A8EFA
232,51,98,#7A8BFA
233,51,98,#7A89FA
234,51,98,#7A87FA
235,51,98,#7A85FA
236,51,98,#7A83FA
237,51,98,#7A81FA
238,51,98,#7A7FFA
239,51,98,#7A7DFA
240,51,98,#7A7AFA
241,51,98,#7D7AFA
242,51,98,#7F7AFA
243,51,98,#817AFA
244,51,98,#837AFA
245,51,98,#857AFA
246,51,98,#877AFA
247,51,98,#897AFA
248,51,98,#8B7AFA
249,51,98,#8E7AFA
250,51,98,#907AFA
251,51,98,#927AFA
252,51,98,#947AFA
253,51,98,#967AFA
254,51,98,#987AFA
255,51,98,#9A7AFA
256,51,98,#9C7AFA
257,51,98,#9F7AFA
258,51,98,#A17AFA
259,51,98,#A37AFA
260,51,98,#A57AFA
261,51,98,#A77AFA
262,51,98,#A97AFA
263,51,98,#AB7AFA
264,51,98,#AD7AFA
265,51,98,#B07AFA
266,51,98,#B27AFA
267,51,98,#B47AFA
268,51,98,#B67AFA
269,51,98,#B87AFA
270,51,98,#BA7AFA
271,51,98,#BC7AFA
272,51,98,#BE7AFA
273,51,98,#C17AFA
274,51,98,#C37AFA
275,51,98,#C57AFA
276,51,98,#C77AFA
277,51,98,#C97AFA
278,51,98,#CB7AFA
279,51,98,#CD7AFA
280,51,98,#CF7AFA
281,51,98,#D27AFA
282,51,98,#D47AFA
283,51,98,#D67AFA
284,51,98,#D87AFA
285,51,98,#DA7AFA
286,51,98,#DC7AFA
287,51,98,#DE7AFA
288,51,98,#E07AFA
289,51,98,#E37AFA
290,51,98,#E57AFA
291,51,98,#E77AFA
292,51,98,#E97AFA
293,51,98,#EB7AFA
294,51,98,#ED7AFA
295,51,98,#EF7AFA
296,51,98,#F17AFA
297,51,98,#F47AFA
298,51,98,#F67AFA
299,51,98,#F87AFA
300,51,98,#FA7AFA
301,51,98,#FA7AF8
302,51,98,#FA7AF6
303,51,98,#FA7AF4
304,51,98,#FA7AF1
305,51,98,#FA7AEF
306,51,98,#FA7AED
307,51,98,#FA7AEB
308,51,98,#FA7AE9
309,51,98,#FA7AE7
310,51,98,#FA7AE5
311,51,98,#FA7AE3
312,51,98,#FA7AE0
313,51,98,#FA7ADE
314,51,98,#FA7ADC
315,51,98,#FA7ADA
316,51,98,#FA7AD8
317,51,98,#FA7AD6
318,51,98,#FA7AD4
319,51,98,#FA7AD2
320,51,98,#FA7ACF
321,51,98,#FA7ACD
322,51,98,#FA7ACB
323,51,98,#FA7AC9
324,51,98,#FA7AC7
325,51,98,#FA7AC5
326,51,98,#FA7AC3
327,51,98,#FA7AC1
328,51,98,#FA7ABE
329,51,98,#FA7ABC
330,51,98,#FA7ABA
331,51,98,#FA7AB8
332,51,98,#FA7AB6
333,51,98,#FA7AB4
334,51,98,#FA7AB2
335,51,98,#FA7AB0
336,51,98,#FA7AAD
337,51,98,#FA7AAB
338,51,98,#FA7AA9
339,51,98,#FA7AA7
340,51,98,#FA7AA5
341,51,98,#FA7AA3
342,51,98,#FA7AA1
343,51,98,#FA7A9F
344,51,98,#FA7A9C
345,51,98,#FA7A9A
346,51,98,#FA7A98
347,51,98,#FA7A96
348,51,98,#FA7A94
349,51,98,#FA7A92
350,51,98,#FA7A90
351,51,98,#FA7A8E
352,51,98,#FA7A8B
353,51,98,#FA7A89
354,51,98,#FA7A87
355,51,98,#FA7A85
356,51,98,#FA7A83
357,51,98,#FA7A81
358,51,98,#FA7A7F
359,51,98,#FA7A7D
0,50,98,#FA7D7D
1,50,98,#FA7F7D
2,50,98,#FA817D
3,50,98,#FA837D
4,50,98,#FA857D
5,50,98,#FA877D
6,50,98,#FA897D
7,50,98,#FA8C7D
8,50,98,#FA8E7D
9,50,98,#FA907D
10,50,98,#FA927D
11,50,98,#FA947D
12,50,98,#FA967D
13,50,98,#FA987D
14,50,98,#FA9A7D
15,50,98,#FA9C7D
16,50,98,#FA9E7D
17,50,98,#FAA07D
18,50,98,#FAA27D
19,50,98,#FAA57D
20,50,98,#FAA77D
21,50,98,#FAA97D
22,50,98,#FAAB7D
23,50,98,#FAAD7D
24,50,98,#FAAF7D
25,50,98,#FAB17D
26,50,98,#FAB37D
27,50,98,#FAB57D
28,50,98,#FAB77D
29,50,98,#FAB97D
30,50,98,#FABB7D
31,50,98,#FABE7D
32,50,98,#FAC07D
33,50,98,#FAC27D
34,50,98,#FAC47D
35,50,98,#FAC67D
36,50,98,#FAC87D
37,50,98,#FACA7D
38,50,98,#FACC7D
39,50,98,#FACE7D
40,50,98,#FAD07D
41,50,98,#FAD27D
42,50,98,#FAD47D
43,50,98,#FAD67D
44,50,98,#FAD97D
45,50,98,#FADB7D
46,50,98,#FADD7D
47,50,98,#FADF7D
48,50,98,#FAE17D
49,50,98,#FAE37D
50,50,98,#FAE57D
51,50,98,#FAE77D
52,50,98,#FAE97D
53,50,98,#FAEB7D
54,50,98,#FAED7D
55,50,98,#FAEF7D
56,50,98,#FAF27D
57,50,98,#FAF47D
58,50,98,#FAF67D
59,50,98,#FAF87D
60,50,98,#FAFA7D
61,50,98,#F8FA7D
62,50,98,#F6FA7D
63,50,98,#F4FA7D
64,50,98,#F2FA7D
65,50,98,#EFFA7D
66,50,98,#EDFA7D
67,50,98,#EBFA7D
68,50,98,#E9FA7D
69,50,98,#E7FA7D
70,50,98,#E5FA7D
71,50,98,#E3FA7D
72,50,98,#E1FA7D
73,50,98,#DFFA7D
74,50,98,#DDFA7D
75,50,98,#DBFA7D
76,50,98,#D9FA7D
77,50,98,#D6FA7D
78,50,98,#D4FA7D
79,50,98,#D2FA7D
80,50,98,#D0FA7D
81,50,98,#CEFA7D
82,50,98,#CCFA7D
83,50,98,#CAFA7D
84,50,98,#C8FA7D
85,50,98,#C6FA7D
86,50,98,#C4FA7D
87,50,98,#C2FA7D
88,50,98,#C0FA7D
89,50,98,#BEFA7D
90,50,98,#BBFA7D
91,50,98,#B9FA7D
92,50,98,#B7FA7D
93,50,98,#B5FA7D
94,50,98,#B3FA7D
95,50,98,#B1FA7D
96,50,98,#AFFA7D
97,50,98,#ADFA7D
98,50,98,#ABFA7D
99,50,98,#A9FA7D
100,50,98,#A7FA7D
101,50,98,#A5FA7D
102,50,98,#A2FA7D
103,50,98,#A0FA7D
104,50,98,#9EFA7D
105,50,98,#9CFA7D
106,50,98,#9AFA7D
107,50,98,#98FA7D
108,50,98,#96FA7D
109,50,98,#94FA7D
110,50,98,#92FA7D
111,50,98,#90FA7D
112,50,98,#8EFA7D
113,50,98,#8CFA7D
114,50,98,#89FA7D
115,50,98,#87FA7D
116,50,98,#85FA7D
117,50,98,#83FA7D
118,50,98,#81FA7D
119,50,98,#7FFA7D
120,50,98,#7DFA7D
121,50,98,#7DFA7F
122,50,98,#7DFA81
123,50,98,#7DFA83
124,50,98,#7DFA85
125,50,98,#7DFA87
126,50,98,#7DFA89
127,50,98,#7DFA8C
128,50,98,#7DFA8E
129,50,98,#7DFA90
130,50,98,#7DFA92
131,50,98,#7DFA94
132,50,98,#7DFA96
133,50,98,#7DFA98
134,50,98,#7DFA9A
135,50,98,#7DFA9C
136,50,98,#7DFA9E
137,50,98,#7DFAA0
138,50,98,#7DFAA2
139,50,98,#7DFAA5
140,50,98,#7DFAA7
141,50,98,#7DFAA9
142,50,98,#7DFAAB
143,50,98,#7DFAAD
144,50,98,#7DFAAF
145,50,98,#7DFAB1
146,50,98,#7DFAB3
147,50,98,#7DFAB5
148,50,98,#7DFAB7
149,50,98,#7DFAB9
150,50,98,#7DFABB
151,50,98,#7DFABE
152,50,98,#7DFAC0
153,50,98,#7DFAC2
154,50,98,#7DFAC4
155,50,98,#7DFAC6
156,50,98,#7DFAC8
157,50,98,#7DFACA
158,50,98,#7DFACC
159,50,98,#7DFACE
160,50,98,#7DFAD0
161,50,98,#7DFAD2
162,50,98,#7DFAD4
163,50,98,#7DFAD6
164,50,98,#7DFAD9
165,50,98,#7DFADB
166,50,98,#7DFADD
167,50,98,#7DFADF
168,50,98,#7DFAE1
169,50,98,#7DFAE3
170,50,98,#7DFAE5
171,50,98,#7DFAE7
172,50,98,#7DFAE9
173,50,98,#7DFAEB
174,50,98,#7DFAED
175,50,98,#7DFAEF
176,50,98,#7DFAF2
177,50,98,#7DFAF4
178,50,98,#7DFAF6
179,50,98,#7DFAF8
180,50,98,#7DFAFA
181,50,98,#7DF8FA
182,50,98,#7DF6FA
183,50,98,#7DF4FA
184,50,98,#7DF2FA
185,50,98,#7DEFFA
186,50,98,#7DEDFA
187,50,98,#7DEBFA
188,50,98,#7DE9FA
189,50,98,#7DE7FA
190,50,98,#7DE5FA
191,50,98,#7DE3FA
192,50,98,#7DE1FA
193,50,98,#7DDFFA
194,50,98,#7DDDFA
195,50,98,#7DDBFA
196,50,98,#7DD9FA
197,50,98,#7DD6FA
198,50,98,#7DD4FA
199,50,98,#7DD2FA
200,50,98,#7DD0FA
201,50,98,#7DCEFA
202,50,98,#7DCCFA
203,50,98,#7DCAFA
204,50,98,#7DC8FA
205,50,98,#7DC6FA
206,50,98,#7DC4FA
207,50,98,#7DC2FA
208,50,98,#7DC0FA
209,50,98,#7DBEFA
210,50,98,#7DBBFA
211,50,98,#7DB9FA
212,50,98,#7DB7FA
213,50,98,#7DB5FA
214,50,98,#7DB3FA
215,50,98,#7DB1FA
216,50,98,#7DAFFA
217,50,98,#7DADFA
218,50,98,#7DABFA
219,50,98,#7DA9FA
220,50,98,#7DA7FA
221,50,98,#7DA5FA
222,50,98,#7DA2FA
223,50,98,#7DA0FA
224,50,98,#7D9EFA
225,50,98,#7D9CFA
226,50,98,#7D9AFA
227,50,98,#7D98FA
228,50,98,#7D96FA
229,50,98,#7D94FA
230,50,98,#7D92FA
231,50,98,#7D90FA
232,50,98,#7D8EFA
233,50,98,#7D8CFA
234,50,98,#7D89FA
235,50,98,#7D87FA
236,50,98,#7D85FA
237,50,98,#7D83FA
238,50,98,#7D81FA
239,50,98,#7D7FFA
240,50,98,#7D7DFA
241,50,98,#7F7DFA
242,50,98,#817DFA
243,50,98,#837DFA
244,50,98,#857DFA
245,50,98,#877DFA
246,50,98,#897DFA
247,50,98,#8C7DFA
248,50,98,#8E7DFA
249,50,98,#907DFA
250,50,98,#927DFA
251,50,98,#947DFA
252,50,98,#967DFA
253,50,98,#987DFA
254,50,98,#9A7DFA
255,50,98,#9C7DFA
256,50,98,#9E7DFA
257,50,98,#A07DFA
258,50,98,#A27DFA
259,50,98,#A57DFA
260,50,98,#A77DFA
261,50,98,#A97DFA
262,50,98,#AB7DFA
263,50,98,#AD7DFA
264,50,98,#AF7DFA
265,50,98,#B17DFA
266,50,98,#B37DFA
267,50,98,#B57DFA
268,50,98,#B77DFA
269,50,98,#B97DFA
270,50,98,#BB7DFA
271,50,98,#BE7DFA
272,50,98,#C07DFA
273,50,98,#C27DFA
274,50,98,#C47DFA
275,50,98,#C67DFA
276,50,98,#C87DFA
277,50,98,#CA7DFA
278,50,98,#CC7DFA
279,50,98,#CE7DFA
280,50,98,#D07DFA
281,50,98,#D27DFA
282,50,98,#D47DFA
283,50,98,#D67DFA
284,50,98,#D97DFA
285,50,98,#DB7DFA
286,50,98,#DD7DFA
287,50,98,#DF7DFA
288,50,98,#E17DFA
289,50,98,#E37DFA
290,50,98,#E57DFA
291,50,98,#E77DFA
292,50,98,#E97DFA
293,50,98,#EB7DFA
294,50,98,#ED7DFA
295,50,98,#EF7DFA
296,50,98,#F27DFA
297,50,98,#F47DFA
298,50,98,#F67DFA
299,50,98,#F87DFA
300,50,98,#FA7DFA
301,50,98,#FA7DF8
302,50,98,#FA7DF6
303,50,98,#FA7DF4
304,50,98,#FA7DF2
305,50,98,#FA7DEF
306,50,98,#FA7DED
307,50,98,#FA7DEB
308,50,98,#FA7DE9
309,50,98,#FA7DE7
310,50,98,#FA7DE5
311,50,98,#FA7DE3
312,50,98,#FA7DE1
313,50,98,#FA7DDF
314,50,98,#FA7DDD
315,50,98,#FA7DDB
316,50,98,#FA7DD9
317,50,98,#FA7DD6
318,50,98,#FA7DD4
319,50,98,#FA7DD2
320,50,98,#FA7DD0
321,50,98,#FA7DCE
322,50,98,#FA7DCC
323,50,98,#FA7DCA
324,50,98,#FA7DC8
325,50,98,#FA7DC6
326,50,98,#FA7DC4
327,50,98,#FA7DC2
328,50,98,#FA7DC0
329,50,98,#FA7DBE
330,50,98,#FA7DBB
331,50,98,#FA7DB9
332,50,98,#FA7DB7
333,50,98,#FA7DB5
334,50,98,#FA7DB3
335,50,98,#FA7DB1
336,50,98,#FA7DAF
337,50,98,#FA7DAD
338,50,98,#FA7DAB
339,50,98,#FA7DA9
340,50,98,#FA7DA7
341,50,98,#FA7DA5
342,50,98,#FA7DA2
343,50,98,#FA7DA0
344,50,98,#FA7D9E
345,50,98,#FA7D9C
346,50,98,#FA7D9A
347,50,98,#FA7D98
348,50,98,#FA7D96
349,50,98,#FA7D94
350,50,98,#FA7D92
351,50,98,#FA7D90
352,50,98,#FA7D8E
353,50,98,#FA7D8C
354,50,98,#FA7D89
355,50,98,#FA7D87
356,50,98,#FA7D85
357,50,98,#FA7D83
358,50,98,#FA7D81
359,50,98,#FA7D7F
0,49,98,#FA7F7F
1,49,98,#FA817F
2,49,98,#FA847F
3,49,98,#FA867F
4,49,98,#FA887F
5,49,98,#FA8A7F
6,49,98,#FA8C7F
7,49,98,#FA8E7F
8,49,98,#FA907F
9,49,98,#FA927F
10,49,98,#FA947F
11,49,98,#FA967F
12,49,98,#FA987F
13,49,98,#FA9A7F
14,49,98,#FA9C7F
15,49,98,#FA9E7F
16,49,98,#FAA07F
17,49,98,#FAA27F
18,49,98,#FAA47F
19,49,98,#FAA67F
20,49,98,#FAA87F
21,49,98,#FAAA7F
22,49,98,#FAAC7F
23,49,98,#FAAE7F
24,49,98,#FAB07F
25,49,98,#FAB27F
26,49,98,#FAB57F
27,49,98,#FAB77F
28,49,98,#FAB97F
29,49,98,#FABB7F
30,49,98,#FABD7F
31,49,98,#FABF7F
32,49,98,#FAC17F
33,49,98,#FAC37F
34,49,98,#FAC57F
35,49,98,#FAC77F
36,49,98,#FAC97F
37,49,98,#FACB7F
38,49,98,#FACD7F
39,49,98,#FACF7F
40,49,98,#FAD17F
41,49,98,#FAD37F
42,49,98,#FAD57F
43,49,98,#FAD77F
44,49,98,#FAD97F
45,49,98,#FADB7F
46,49,98,#FADD7F
47,49,98,#FADF7F
48,49,98,#FAE17F
49,49,98,#FAE37F
50,49,98,#FAE57F
51,49,98,#FAE87F
52,49,98,#FAEA7F
53,49,98,#FAEC7F
54,49,98,#FAEE7F
55,49,98,#FAF07F
56,49,98,#FAF27F
57,49,98,#FAF47F
58,49,98,#FAF67F
59,49,98,#FAF87F
60,49,98,#FAFA7F
61,49,98,#F8FA7F
62,49,98,#F6FA7F
63,49,98,#F4FA7F
64,49,98,#F2FA7F
65,49,98,#F0FA7F
66,49,98,#EEFA7F
67,49,98,#ECFA7F
68,49,98,#EAFA7F
69,49,98,#E8FA7F
70,49,98,#E5FA7F
71,49,98,#E3FA7F
72,49,98,#E1FA7F
73,49,98,#DFFA7F
74,49,98,#DDFA7F
75,49,98,#DBFA7F
76,49,98,#D9FA7F
77,49,98,#D7FA7F
78,49,98,#D5FA7F
79,49,98,#D3FA7F
80,49,98,#D1FA7F
81,49,98,#CFFA7F
82,49,98,#CDFA7F
83,49,98,#CBFA7F
84,49,98,#C9FA7F
85,49,98,#C7FA7F
86,49,98,#C5FA7F
87,49,98,#C3FA7F
88,49,98,#C1FA7F
89,49,98,#BFFA7F
90,49,98,#BDFA7F
91,49,98,#BBFA7F
92,49,98,#B9FA7F
93,49,98,#B7FA7F
94,49,98,#B5FA7F
95,49,98,#B2FA7F
96,49,98,#B0FA7F
97,49,98,#AEFA7F
98,49,98,#ACFA7F
99,49,98,#AAFA7F
100,49,98,#A8FA7F
101,49,98,#A6FA7F
102,49,98,#A4FA7F
103,49,98,#A2FA7F
104,49,98,#A0FA7F
105,49,98,#9EFA7F
106,49,98,#9CFA7F
107,49,98,#9AFA7F
108,49,98,#98FA7F
109,49,98,#96FA7F
110,49,98,#94FA7F
111,49,98,#92FA7F
112,49,98,#90FA7F
113,49,98,#8EFA7F
114,49,98,#8CFA7F
115,49,98,#8AFA7F
116,49,98,#88FA7F
117,49,98,#86FA7F
118,49,98,#84FA7F
119,49,98,#81FA7F
120,49,98,#7FFA7F
121,49,98,#7FFA81
122,49,98,#7FFA84
123,49,98,#7FFA86
124,49,98,#7FFA88
125,49,98,#7FFA8A
126,49,98,#7FFA8C
127,49,98,#7FFA8E
128,49,98,#7FFA90
129,49,98,#7FFA92
130,49,98,#7FFA94
131,49,98,#7FFA96
132,49,98,#7FFA98
133,49,98,#7FFA9A
134,49,98,#7FFA9C
135,49,98,#7FFA9E
136,49,98,#7FFAA0
137,49,98,#7FFAA2
138,49,98,#7FFAA4
139,49,98,#7FFAA6
140,49,98,#7FFAA8
141,49,98,#7FFAAA
142,49,98,#7FFAAC
143,49,98,#7FFAAE
144,49,98,#7FFAB0
145,49,98,#7FFAB2
146,49,98,#7FFAB5
147,49,98,#7FFAB7
148,49,98,#7FFAB9
149,49,98,#7FFABB
150,49,98,#7FFABD
151,49,98,#7FFABF
152,49,98,#7FFAC1
153,49,98,#7FFAC3
154,49,98,#7FFAC5
155,49,98,#7FFAC7
156,49,98,#7FFAC9
157,49,98,#7FFACB
158,49,98,#7FFACD
159,49,98,#7FFACF
160,49,98,#7FFAD1
161,49,98,#7FFAD3
162,49,98,#7FFAD5
163,49,98,#7FFAD7
164,49,98,#7FFAD9
165,49,98,#7FFADB
166,49,98,#7FFADD
167,49,98,#7FFADF
168,49,98,#7FFAE1
169,49,98,#7FFAE3
170,49,98,#7FFAE5
171,49,98,#7FFAE8
172,49,98,#7FFAEA
173,49,98,#7FFAEC
174,49,98,#7FFAEE
175,49,98,#7FFAF0
176,49,98,#7FFAF2
177,49,98,#7FFAF4
178,49,98,#7FFAF6
179,49,98,#7FFAF8
180,49,98,#7FFAFA
181,49,98,#7FF8FA
182,49,98,#7FF6FA
183,49,98,#7FF4FA
184,49,98,#7FF2FA
185,49,98,#7FF0FA
186,49,98,#7FEEFA
187,49,98,#7FECFA
188,49,98,#7FEAFA
189,49,98,#7FE8FA
190,49,98,#7FE5FA
191,49,98,#7FE3FA
192,49,98,#7FE1FA
193,49,98,#7FDFFA
194,49,98,#7FDDFA
195,49,98,#7FDBFA
196,49,98,#7FD9FA
197,49,98,#7FD7FA
198,49,98,#7FD5FA
199,49,98,#7FD3FA
200,49,98,#7FD1FA
201,49,98,#7FCFFA
202,49,98,#7FCDFA
203,49,98,#7FCBFA
204,49,98,#7FC9FA
205,49,98,#7FC7FA
206,49,98,#7FC5FA
207,49,98,#7FC3FA
208,49,98,#7FC1FA
209,49,98,#7FBFFA
210,49,98,#7FBDFA
211,49,98,#7FBBFA
212,49,98,#7FB9FA
213,49,98,#7FB7FA
214,49,98,#7FB5FA
215,49,98,#7FB2FA
216,49,98,#7FB0FA
217,49,98,#7FAEFA
218,49,98,#7FACFA
219,49,98,#7FAAFA
220,49,98,#7FA8FA
221,49,98,#7FA6FA
222,49,98,#7FA4FA
223,49,98,#7FA2FA
224,49,98,#7FA0FA
225,49,98,#7F9EFA
226,49,98,#7F9CFA
227,49,98,#7F9AFA
228,49,98,#7F98FA
229,49,98,#7F96FA
230,49,98,#7F94FA
231,49,98,#7F92FA
232,49,98,#7F90FA
233,49,98,#7F8EFA
234,49,98,#7F8CFA
235,49,98,#7F8AFA
236,49,98,#7F88FA
237,49,98,#7F86FA
238,49,98,#7F84FA
239,49,98,#7F81FA
240,49,98,#7F7FFA
241,49,98,#817FFA
242,49,98,#847FFA
243,49,98,#867FFA
244,49,98,#887FFA
245,49,98,#8A7FFA
246,49,98,#8C7FFA
247,49,98,#8E7FFA
248,49,98,#907FFA
249,49,98,#927FFA
250,49,98,#947FFA
251,49,98,#967FFA
252,49,98,#987FFA
253,49,98,#9A7FFA
254,49,98,#9C7FFA
255,49,98,#9E7FFA
256,49,98,#A07FFA
257,49,98,#A27FFA
258,49,98,#A47FFA
259,49,98,#A67FFA
260,49,98,#A87FFA
261,49,98,#AA7FFA
262,49,98,#AC7FFA
263,49,98,#AE7FFA
264,49,98,#B07FFA
265,49,98,#B27FFA
266,49,98,#B57FFA
267,49,98,#B77FFA
268,49,98,#B97FFA
269,49,98,#BB7FFA
270,49,98,#BD7FFA
271,49,98,#BF7FFA
272,49,98,#C17FFA
273,49,98,#C37FFA
274,49,98,#C57FFA
275,49,98,#C77FFA
276,49,98,#C97FFA
277,49,98,#CB7FFA
278,49,98,#CD7FFA
279,49,98,#CF7FFA
280,49,98,#D17FFA
281,49,98,#D37FFA
282,49,98,#D57FFA
283,49,98,#D77FFA
284,49,98,#D97FFA
285,49,98,#DB7FFA
286,49,98,#DD7FFA
287,49,98,#DF7FFA
288,49,98,#E17FFA
289,49,98,#E37FFA
290,49,98,#E57FFA
291,49,98,#E87FFA
292,49,98,#EA7FFA
293,49,98,#EC7FFA
294,49,98,#EE7FFA
295,49,98,#F07FFA
296,49,98,#F27FFA
297,49,98,#F47FFA
298,49,98,#F67FFA
299,49,98,#F87FFA
300,49,98,#FA7FFA
301,49,98,#FA7FF8
302,49,98,#FA7FF6
303,49,98,#FA7FF4
304,49,98,#FA7FF2
305,49,98,#FA7FF0
306,49,98,#FA7FEE
307,49,98,#FA7FEC
308,49,98,#FA7FEA
309,49,98,#FA7FE8
310,49,98,#FA7FE5
311,49,98,#FA7FE3
312,49,98,#FA7FE1
313,49,98,#FA7FDF
314,49,98,#FA7FDD
315,49,98,#FA7FDB
316,49,98,#FA7FD9
317,49,98,#FA7FD7
318,49,98,#FA7FD5
319,49,98,#FA7FD3
320,49,98,#FA7FD1
321,49,98,#FA7FCF
322,49,98,#FA7FCD
323,49,98,#FA7FCB
324,49,98,#FA7FC9
325,49,98,#FA7FC7
326,49,98,#FA7FC5
327,49,98,#FA7FC3
328,49,98,#FA7FC1
329,49,98,#FA7FBF
330,49,98,#FA7FBD
331,49,98,#FA7FBB
332,49,98,#FA7FB9
333,49,98,#FA7FB7
334,49,98,#FA7FB5
335,49,98,#FA7FB2
336,49,98,#FA7FB0
337,49,98,#FA7FAE
338,49,98,#FA7FAC
339,49,98,#FA7FAA
340,49,98,#FA7FA8
341,49,98,#FA7FA6
342,49,98,#FA7FA4
343,49,98,#FA7FA2
344,49,98,#FA7FA0
345,49,98,#FA7F9E
346,49,98,#FA7F9C
347,49,98,#FA7F9A
348,49,98,#FA7F98
349,49,98,#FA7F96
350,49,98,#FA7F94
351,49,98,#FA7F92
352,49,98,#FA7F90
353,49,98,#FA7F8E
354,49,98,#FA7F8C
355,49,98,#FA7F8A
356,49,98,#FA7F88
357,49,98,#FA7F86
358,49,98,#FA7F84
359,49,98,#FA7F81
0,48,98,#FA8282
1,48,98,#FA8482
2,48,98,#FA8682
3,48,98,#FA8882
4,48,98,#FA8A82
5,48,98,#FA8C82
6,48,98,#FA8E82
7,48,98,#FA9082
8,48,98,#FA9282
9,48,98,#FA9482
10,48,98,#FA9682
11,48,98,#FA9882
12,48,98,#FA9A82
13,48,98,#FA9C82
14,48,98,#FA9E82
15,48,98,#FAA082
16,48,98,#FAA282
17,48,98,#FAA482
18,48,98,#FAA682
19,48,98,#FAA882
20,48,98,#FAAA82
21,48,98,#FAAC82
22,48,98,#FAAE82
23,48,98,#FAB082
24,48,98,#FAB282
25,48,98,#FAB482
26,48,98,#FAB682
27,48,98,#FAB882
28,48,98,#FABA82
29,48,98,#FABC82
30,48,98,#FABE82
31,48,98,#FAC082
32,48,98,#FAC282
33,48,98,#FAC482
34,48,98,#FAC682
35,48,98,#FAC882
36,48,98,#FACA82
37,48,98,#FACC82
38,48,98,#FACE82
39,48,98,#FAD082
40,48,98,#FAD282
41,48,98,#FAD482
42,48,98,#FAD682
43,48,98,#FAD882
44,48,98,#FADA82
45,48,98,#FADC82
46,48,98,#FADE82
47,48,98,#FAE082
48,48,98,#FAE282
49,48,98,#FAE482
50,48,98,#FAE682
51,48,98,#FAE882
52,48,98,#FAEA82
53,48,98,#FAEC82
54,48,98,#FAEE82
55,48,98,#FAF082
56,48,98,#FAF282
57,48,98,#FAF482
58,48,98,#FAF682
59,48,98,#FAF882
60,48,98,#FAFA82
61,48,98,#F8FA82
62,48,98,#F6FA82
63,48,98,#F4FA82
64,48,98,#F2FA82
65,48,98,#F0FA82
66,48,98,#EEFA82
67,48,98,#ECFA82
68,48,98,#EAFA82
69,48,98,#E8FA82
70,48,98,#E6FA82
71,48,98,#E4FA82
72,48,98,#E2FA82
73,48,98,#E0FA82
74,48,98,#DEFA82
75,48,98,#DCFA82
76,48,98,#DAFA82
77,48,98,#D8FA82
78,48,98,#D6FA82
79,48,98,#D4FA82
80,48,98,#D2FA82
81,48,98,#D0FA82
82,48,98,#CEFA82
83,48,98,#CCFA82
84,48,98,#CAFA82
85,48,98,#C8FA82
86,48,98,#C6FA82
87,48,98,#C4FA82
88,48,98,#C2FA82
89,48,98,#C0FA82
90,48,98,#BEFA82
91,48,98,#BCFA82
92,48,98,#BAFA82
93,48,98,#B8FA82
94,48,98,#B6FA82
95,48,98,#B4FA82
96,48,98,#B2FA82
97,48,98,#B0FA82
98,48,98,#AEFA82
99,48,98,#ACFA82
100,48,98,#AAFA82
101,48,98,#A8FA82
102,48,98,#A6FA82
103,48,98,#A4FA82
104,48,98,#A2FA82
105,48,98,#A0FA82
106,48,98,#9EFA82
107,48,98,#9CFA82
108,48,98,#9AFA82
109,48,98,#98FA82
110,48,98,#96FA82
111,48,98,#94FA82
112,48,98,#92FA82
113,48,98,#90FA82
114,48,98,#8EFA82
115,48,98,#8CFA82
116,48,98,#8AFA82
117,48,98,#88FA82
118,48,98,#86FA82
119,48,98,#84FA82
120,48,98,#82FA82
121,48,98,#82FA84
122,48,98,#82FA86
123,48,98,#82FA88
124,48,98,#82FA8A
125,48,98,#82FA8C
126,48,98,#82FA8E
127,48,98,#82FA90
128,48,98,#82FA92
129,48,98,#82FA94
130,48,98,#82FA96
131,48,98,#82FA98
132,48,98,#82FA9A
133,48,98,#82FA9C
134,48,98,#82FA9E
135,48,98,#82FAA0
136,48,98,#82FAA2
137,48,98,#82FAA4
138,48,98,#82FAA6
139,48,98,#82FAA8
140,48,98,#82FAAA
141,48,98,#82FAAC
142,48,98,#82FAAE
143,48,98,#82FAB0
144,48,98,#82FAB2
145,48,98,#82FAB4
146,48,98,#82FAB6
147,48,98,#82FAB8
148,48,98,#82FABA
149,48,98,#82FABC
150,48,98,#82FABE
151,48,98,#82FAC0
152,48,98,#82FAC2
153,48,98,#82FAC4
154,48,98,#82FAC6
155,48,98,#82FAC8
156,48,98,#82FACA
157,48,98,#82FACC
158,48,98,#82FACE
159,48,98,#82FAD0
160,48,98,#82FAD2
161,48,98,#82FAD4
162,48,98,#82FAD6
163,48,98,#82FAD8
164,48,98,#82FADA
165,48,98,#82FADC
166,48,98,#82FADE
167,48,98,#82FAE0
168,48,98,#82FAE2
169,48,98,#82FAE4
170,48,98,#82FAE6
171,48,98,#82FAE8
172,48,98,#82FAEA
173,48,98,#82FAEC
174,48,98,#82FAEE
175,48,98,#82FAF0
176,48,98,#82FAF2
177,48,98,#82FAF4
178,48,98,#82FAF6
179,48,98,#82FAF8
180,48,98,#82FAFA
181,48,98,#82F8FA
182,48,98,#82F6FA
183,48,98,#82F4FA
184,48,98,#82F2FA
185,48,98,#82F0FA
186,48,98,#82EEFA
187,48,98,#82ECFA
188,48,98,#82EAFA
189,48,98,#82E8FA
190,48,98,#82E6FA
191,48,98,#82E4FA
192,48,98,#82E2FA
193,48,98,#82E0FA
194,48,98,#82DEFA
195,48,98,#82DCFA
196,48,98,#82DAFA
197,48,98,#82D8FA
198,48,98,#82D6FA
199,48,98,#82D4FA
200,48,98,#82D2FA
201,48,98,#82D0FA
202,48,98,#82CEFA
203,48,98,#82CCFA
204,48,98,#82CAFA
205,48,98,#82C8FA
206,48,98,#82C6FA
207,48,98,#82C4FA
208,48,98,#82C2FA
209,48,98,#82C0FA
210,48,98,#82BEFA
211,48,98,#82BCFA
212,48,98,#82BAFA
213,48,98,#82B8FA
214,48,98,#82B6FA
215,48,98,#82B4FA
216,48,98,#82B2FA
217,48,98,#82B0FA
218,48,98,#82AEFA
219,48,98,#82ACFA
220,48,98,#82AAFA
221,48,98,#82A8FA
222,48,98,#82A6FA
223,48,98,#82A4FA
224,48,98,#82A2FA
225,48,98,#82A0FA
226,48,98,#829EFA
227,48,98,#829CFA
228,48,98,#829AFA
229,48,98,#8298FA
230,48,98,#8296FA
231,48,98,#8294FA
232,48,98,#8292FA
233,48,98,#8290FA
234,48,98,#828EFA
235,48,98,#828CFA
236,48,98,#828AFA
237,48,98,#8288FA
238,48,98,#8286FA
239,48,98,#8284FA
240,48,98,#8282FA
241,48,98,#8482FA
242,48,98,#8682FA
243,48,98,#8882FA
244,48,98,#8A82FA
245,48,98,#8C82FA
246,48,98,#8E82FA
247,48,98,#9082FA
248,48,98,#9282FA
249,48,98,#9482FA
250,48,98,#9682FA
251,48,98,#9882FA
252,48,98,#9A82FA
253,48,98,#9C82FA
254,48,98,#9E82FA
255,48,98,#A082FA
256,48,98,#A282FA
257,48,98,#A482FA
258,48,98,#A682FA
259,48,98,#A882FA
260,48,98,#AA82FA
261,48,98,#AC82FA
262,48,98,#AE82FA
263,48,98,#B082FA
264,48,98,#B282FA
265,48,98,#B482FA
266,48,98,#B682FA
267,48,98,#B882FA
268,48,98,#BA82FA
269,48,98,#BC82FA
270,48,98,#BE82FA
271,48,98,#C082FA
272,48,98,#C282FA
273,48,98,#C482FA
274,48,98,#C682FA
275,48,98,#C882FA
276,48,98,#CA82FA
277,48,98,#CC82FA
278,48,98,#CE82FA
279,48,98,#D082FA
280,48,98,#D282FA
281,48,98,#D482FA
282,48,98,#D682FA
283,48,98,#D882FA
284,48,98,#DA82FA
285,48,98,#DC82FA
286,48,98,#DE82FA
287,48,98,#E082FA
288,48,98,#E282FA
289,48,98,#E482FA
290,48,98,#E682FA
291,48,98,#E882FA
292,48,98,#EA82FA
293,48,98,#EC82FA
294,48,98,#EE82FA
295,48,98,#F082FA
296,48,98,#F282FA
297,48,98,#F482FA
298,48,98,#F682FA
299,48,98,#F882FA
300,48,98,#FA82FA
301,48,98,#FA82F8
302,48,98,#FA82F6
303,48,98,#FA82F4
304,48,98,#FA82F2
305,48,98,#FA82F0
306,48,98,#FA82EE
307,48,98,#FA82EC
308,48,98,#FA82EA
309,48,98,#FA82E8
310,48,98,#FA82E6
311,48,98,#FA82E4
312,48,98,#FA82E2
313,48,98,#FA82E0
314,48,98,#FA82DE
315,48,98,#FA82DC
316,48,98,#FA82DA
317,48,98,#FA82D8
318,48,98,#FA82D6
319,48,98,#FA82D4
320,48,98,#FA82D2
321,48,98,#FA82D0
322,48,98,#FA82CE
323,48,98,#FA82CC
324,48,98,#FA82CA
325,48,98,#FA82C8
326,48,98,#FA82C6
327,48,98,#FA82C4
328,48,98,#FA82C2
329,48,98,#FA82C0
330,48,98,#FA82BE
331,48,98,#FA82BC
332,48,98,#FA82BA
333,48,98,#FA82B8
334,48,98,#FA82B6
335,48,98,#FA82B4
336,48,98,#FA82B2
337,48,98,#FA82B0
338,48,98,#FA82AE
339,48,98,#FA82AC
340,48,98,#FA82AA
341,48,98,#FA82A8
342,48,98,#FA82A6
343,48,98,#FA82A4
344,48,98,#FA82A2
345,48,98,#FA82A0
346,48,98,#FA829E
347,48,98,#FA829C
348,48,98,#FA829A
349,48,98,#FA8298
350,48,98,#FA8296
351,48,98,#FA8294
352,48,98,#FA8292
353,48,98,#FA8290
354,48,98,#FA828E
355,48,98,#FA828C
356,48,98,#FA828A
357,48,98,#FA8288
358,48,98,#FA8286
359,48,98,#FA8284
0,47,98,#FA8484
1,47,98,#FA8684
2,47,98,#FA8884
3,47,98,#FA8A84
4,47,98,#FA8C84
5,47,98,#FA8E84
6,47,98,#FA9084
7,47,98,#FA9284
8,47,98,#FA9484
9,47,98,#FA9684
10,47,98,#FA9884
11,47,98,#FA9A84
12,47,98,#FA9C84
13,47,98,#FA9E84
14,47,98,#FAA084
15,47,98,#FAA284
16,47,98,#FAA484
17,47,98,#FAA684
18,47,98,#FAA884
19,47,98,#FAAA84
20,47,98,#FAAC84
21,47,98,#FAAE84
22,47,98,#FAB084
23,47,98,#FAB184
24,47,98,#FAB384
25,47,98,#FAB584
26,47,98,#FAB784
27,47,98,#FAB984
28,47,98,#FABB84
29,47,98,#FABD84
30,47,98,#FABF84
31,47,98,#FAC184
32,47,98,#FAC384
33,47,98,#FAC584
34,47,98,#FAC784
35,47,98,#FAC984
36,47,98,#FACB84
37,47,98,#FACD84
38,47,98,#FACF84
39,47,98,#FAD184
40,47,98,#FAD384
41,47,98,#FAD584
42,47,98,#FAD784
43,47,98,#FAD984
44,47,98,#FADB84
45,47,98,#FADD84
46,47,98,#FADE84
47,47,98,#FAE084
48,47,98,#FAE284
49,47,98,#FAE484
50,47,98,#FAE684
51,47,98,#FAE884
52,47,98,#FAEA84
53,47,98,#FAEC84
54,47,98,#FAEE84
55,47,98,#FAF084
56,47,98,#FAF284
57,47,98,#FAF484
58,47,98,#FAF684
59,47,98,#FAF884
60,47,98,#FAFA84
61,47,98,#F8FA84
62,47,98,#F6FA84
63,47,98,#F4FA84
64,47,98,#F2FA84
65,47,98,#F0FA84
66,47,98,#EEFA84
67,47,98,#ECFA84
68,47,98,#EAFA84
69,47,98,#E8FA84
70,47,98,#E6FA84
71,47,98,#E4FA84
72,47,98,#E2FA84
73,47,98,#E0FA84
74,47,98,#DEFA84
75,47,98,#DDFA84
76,47,98,#DBFA84
77,47,98,#D9FA84
78,47,98,#D7FA84
79,47,98,#D5FA84
80,47,98,#D3FA84
81,47,98,#D1FA84
82,47,98,#CFFA84
83,47,98,#CDFA84
84,47,98,#CBFA84
85,47,98,#C9FA84
86,47,98,#C7FA84
87,47,98,#C5FA84
88,47,98,#C3FA84
89,47,98,#C1FA84
90,47,98,#BFFA84
91,47,98,#BDFA84
92,47,98,#BBFA84
93,47,98,#B9FA84
94,47,98,#B7FA84
95,47,98,#B5FA84
96,47,98,#B3FA84
97,47,98,#B1FA84
98,47,98,#B0FA84
99,47,98,#AEFA84
100,47,98,#ACFA84
101,47,98,#AAFA84
102,47,98,#A8FA84
103,47,98,#A6FA84
104,47,98,#A4FA84
105,47,98,#A2FA84
106,47,98,#A0FA84
107,47,98,#9EFA84
108,47,98,#9CFA84
109,47,98,#9AFA84
110,47,98,#98FA84
111,47,98,#96FA84
112,47,98,#94FA84
113,47,98,#92FA84
114,47,98,#90FA84
115,47,98,#8EFA84
116,47,98,#8CFA84
117,47,98,#8AFA84
118,47,98,#88FA84
119,47,98,#86FA84
120,47,98,#84FA84
121,47,98,#84FA86
122,47,98,#84FA88
123,47,98,#84FA8A
124,47,98,#84FA8C
125,47,98,#84FA8E
126,47,98,#84FA90
127,47,98,#84FA92
128,47,98,#84FA94
129,47,98,#84FA96
130,47,98,#84FA98
131,47,98,#84FA9A
132,47,98,#84FA9C
133,47,98,#84FA9E
134,47,98,#84FAA0
135,47,98,#84FAA2
136,47,98,#84FAA4
137,47,98,#84FAA6
138,47,98,#84FAA8
139,47,98,#84FAAA
140,47,98,#84FAAC
141,47,98,#84FAAE
142,47,98,#84FAB0
143,47,98,#84FAB1
144,47,98,#84FAB3
145,47,98,#84FAB5
146,47,98,#84FAB7
147,47,98,#84FAB9
148,47,98,#84FABB
149,47,98,#84FABD
150,47,98,#84FABF
151,47,98,#84FAC1
152,47,98,#84FAC3
153,47,98,#84FAC5
154,47,98,#84FAC7
155,47,98,#84FAC9
156,47,98,#84FACB
157,47,98,#84FACD
158,47,98,#84FACF
159,47,98,#84FAD1
160,47,98,#84FAD3
161,47,98,#84FAD5
162,47,98,#84FAD7
163,47,98,#84FAD9
164,47,98,#84FADB
165,47,98,#84FADD
166,47,98,#84FADE
167,47,98,#84FAE0
168,47,98,#84FAE2
169,47,98,#84FAE4
170,47,98,#84FAE6
171,47,98,#84FAE8
172,47,98,#84FAEA
173,47,98,#84FAEC
174,47,98,#84FAEE
175,47,98,#84FAF0
176,47,98,#84FAF2
177,47,98,#84FAF4
178,47,98,#84FAF6
179,47,98,#84FAF8
180,47,98,#84FAFA
181,47,98,#84F8FA
182,47,98,#84F6FA
183,47,98,#84F4FA
184,47,98,#84F2FA
185,47,98,#84F0FA
186,47,98,#84EEFA
187,47,98,#84ECFA
188,47,98,#84EAFA
189,47,98,#84E8FA
190,47,98,#84E6FA
191,47,98,#84E4FA
192,47,98,#84E2FA
193,47,98,#84E0FA
194,47,98,#84DEFA
195,47,98,#84DDFA
196,47,98,#84DBFA
197,47,98,#84D9FA
198,47,98,#84D7FA
199,47,98,#84D5FA
200,47,98,#84D3FA
201,47,98,#84D1FA
202,47,98,#84CFFA
203,47,98,#84CDFA
204,47,98,#84CBFA
205,47,98,#84C9FA
206,47,98,#84C7FA
207,47,98,#84C5FA
208,47,98,#84C3FA
209,47,98,#84C1FA
210,47,98,#84BFFA
211,47,98,#84BDFA
212,47,98,#84BBFA
213,47,98,#84B9FA
214,47,98,#84B7FA
215,47,98,#84B5FA
216,47,98,#84B3FA
217,47,98,#84B1FA
218,47,98,#84B0FA
219,47,98,#84AEFA
220,47,98,#84ACFA
221,47,98,#84AAFA
222,47,98,#84A8FA
223,47,98,#84A6FA
224,47,98,#84A4FA
225,47,98,#84A2FA
226,47,98,#84A0FA
227,47,98,#849EFA
228,47,98,#849CFA
229,47,98,#849AFA
230,47,98,#8498FA
231,47,98,#8496FA
232,47,98,#8494FA
233,47,98,#8492FA
234,47,98,#8490FA
235,47,98,#848EFA
236,47,98,#848CFA
237,47,98,#848AFA
238,47,98,#8488FA
239,47,98,#8486FA
240,47,98,#8484FA
241,47,98,#8684FA
242,47,98,#8884FA
243,47,98,#8A84FA
244,47,98,#8C84FA
245,47,98,#8E84FA
246,47,98,#9084FA
247,47,98,#9284FA
248,47,98,#9484FA
249,47,98,#9684FA
250,47,98,#9884FA
251,47,98,#9A84FA
252,47,98,#9C84FA
253,47,98,#9E84FA
254,47,98,#A084FA
255,47,98,#A284FA
256,47,98,#A484FA
257,47,98,#A684FA
258,47,98,#A884FA
259,47,98,#AA84FA
260,47,98,#AC84FA
261,47,98,#AE84FA
262,47,98,#B084FA
263,47,98,#B184FA
264,47,98,#B384FA
265,47,98,#B584FA
266,47,98,#B784FA
267,47,98,#B984FA
268,47,98,#BB84FA
269,47,98,#BD84FA
270,47,98,#BF84FA
271,47,98,#C184FA
272,47,98,#C384FA
273,47,98,#C584FA
274,47,98,#C784FA
275,47,98,#C984FA
276,47,98,#CB84FA
277,47,98,#CD84FA
278,47,98,#CF84FA
279,47,98,#D184FA
280,47,98,#D384FA
281,47,98,#D584FA
282,47,98,#D784FA
283,47,98,#D984FA
284,47,98,#DB84FA
285,47,98,#DD84FA
286,47,98,#DE84FA
287,47,98,#E084FA
288,47,98,#E284FA
289,47,98,#E484FA
290,47,98,#E684FA
291,47,98,#E884FA
292,47,98,#EA84FA
293,47,98,#EC84FA
294,47,98,#EE84FA
295,47,98,#F084FA
296,47,98,#F284FA
297,47,98,#F484FA
298,47,98,#F684FA
299,47,98,#F884FA
300,47,98,#FA84FA
301,47,98,#FA84F8
302,47,98,#FA84F6
303,47,98,#FA84F4
304,47,98,#FA84F2
305,47,98,#FA84F0
306,47,98,#FA84EE
307,47,98,#FA84EC
308,47,98,#FA84EA
309,47,98,#FA84E8
310,47,98,#FA84E6
311,47,98,#FA84E4
312,47,98,#FA84E2
313,47,98,#FA84E0
314,47,98,#FA84DE
315,47,98,#FA84DD
316,47,98,#FA84DB
317,47,98,#FA84D9
318,47,98,#FA84D7
319,47,98,#FA84D5
320,47,98,#FA84D3
321,47,98,#FA84D1
322,47,98,#FA84CF
323,47,98,#FA84CD
324,47,98,#FA84CB
325,47,98,#FA84C9
326,47,98,#FA84C7
327,47,98,#FA84C5
328,47,98,#FA84C3
329,47,98,#FA84C1
330,47,98,#FA84BF
331,47,98,#FA84BD
332,47,98,#FA84BB
333,47,98,#FA84B9
334,47,98,#FA84B7
335,47,98,#FA84B5
336,47,98,#FA84B3
337,47,98,#FA84B1
338,47,98,#FA84B0
339,47,98,#FA84AE
340,47,98,#FA84AC
341,47,98,#FA84AA
342,47,98,#FA84A8
343,47,98,#FA84A6
344,47,98,#FA84A4
345,47,98,#FA84A2
346,47,98,#FA84A0
347,47,98,#FA849E
348,47,98,#FA849C
349,47,98,#FA849A
350,47,98,#FA8498
351,47,98,#FA8496
352,47,98,#FA8494
353,47,98,#FA8492
354,47,98,#FA8490
355,47,98,#FA848E
356,47,98,#FA848C
357,47,98,#FA848A
358,47,98,#FA8488
359,47,98,#FA8486
0,46,98,#FA8787
1,46,98,#FA8987
2,46,98,#FA8B87
3,46,98,#FA8D87
4,46,98,#FA8F87
5,46,98,#FA9187
6,46,98,#FA9287
7,46,98,#FA9487
8,46,98,#FA9687
9,46,98,#FA9887
10,46,98,#FA9A87
11,46,98,#FA9C87
12,46,98,#FA9E87
13,46,98,#FAA087
14,46,98,#FAA287
15,46,98,#FAA487
16,46,98,#FAA687
17,46,98,#FAA887
18,46,98,#FAA987
19,46,98,#FAAB87
20,46,98,#FAAD87
21,46,98,#FAAF87
22,46,98,#FAB187
23,46,98,#FAB387
24,46,98,#FAB587
25,46,98,#FAB787
26,46,98,#FAB987
27,46,98,#FABB87
28,46,98,#FABD87
29,46,98,#FABF87
30,46,98,#FAC087
31,46,98,#FAC287
32,46,98,#FAC487
33,46,98,#FAC687
34,46,98,#FAC887
35,46,98,#FACA87
36,46,98,#FACC87
37,46,98,#FACE87
38,46,98,#FAD087
39,46,98,#FAD287
40,46,98,#FAD487
41,46,98,#FAD587
42,46,98,#FAD787
43,46,98,#FAD987
44,46,98,#FADB87
45,46,98,#FADD87
46,46,98,#FADF87
47,46,98,#FAE187
48,46,98,#FAE387
49,46,98,#FAE587
50,46,98,#FAE787
51,46,98,#FAE987
52,46,98,#FAEB87
53,46,98,#FAEC87
54,46,98,#FAEE87
55,46,98,#FAF087
56,46,98,#FAF287
57,46,98,#FAF487
58,46,98,#FAF687
59,46,98,#FAF887
60,46,98,#FAFA87
61,46,98,#F8FA87
62,46,98,#F6FA87
63,46,98,#F4FA87
64,46,98,#F2FA87
65,46,98,#F0FA87
66,46,98,#EEFA87
67,46,98,#ECFA87
68,46,98,#EBFA87
69,46,98,#E9FA87
70,46,98,#E7FA87
71,46,98,#E5FA87
72,46,98,#E3FA87
73,46,98,#E1FA87
74,46,98,#DFFA87
75,46,98,#DDFA87
76,46,98,#DBFA87
77,46,98,#D9FA87
78,46,98,#D7FA87
79,46,98,#D5FA87
80,46,98,#D4FA87
81,46,98,#D2FA87
82,46,98,#D0FA87
83,46,98,#CEFA87
84,46,98,#CCFA87
85,46,98,#CAFA87
86,46,98,#C8FA87
87,46,98,#C6FA87
88,46,98,#C4FA87
89,46,98,#C2FA87
90,46,98,#C0FA87
91,46,98,#BFFA87
92,46,98,#BDFA87
93,46,98,#BBFA87
94,46,98,#B9FA87
95,46,98,#B7FA87
96,46,98,#B5FA87
97,46,98,#B3FA87
98,46,98,#B1FA87
99,46,98,#AFFA87
100,46,98,#ADFA87
101,46,98,#ABFA87
102,46,98,#A9FA87
103,46,98,#A8FA87
104,46,98,#A6FA87
105,46,98,#A4FA87
106,46,98,#A2FA87
107,46,98,#A0FA87
108,46,98,#9EFA87
109,46,98,#9CFA87
110,46,98,#9AFA87
111,46,98,#98FA87
112,46,98,#96FA87
113,46,98,#94FA87
114,46,98,#92FA87
115,46,98,#91FA87
116,46,98,#8FFA87
117,46,98,#8DFA87
118,46,98,#8BFA87
119,46,98,#89FA87
120,46,98,#87FA87
121,46,98,#87FA89
122,46,98,#87FA8B
123,46,98,#87FA8D
124,46,98,#87FA8F
125,46,98,#87FA91
126,46,98,#87FA92
127,46,98,#87FA94
128,46,98,#87FA96
129,46,98,#87FA98
130,46,98,#87FA9A
131,46,98,#87FA9C
132,46,98,#87FA9E
133,46,98,#87FAA0
134,46,98,#87FAA2
135,46,98,#87FAA4
136,46,98,#87FAA6
137,46,98,#87FAA8
138,46,98,#87FAA9
139,46,98,#87FAAB
140,46,98,#87FAAD
141,46,98,#87FAAF
142,46,98,#87FAB1
143,46,98,#87FAB3
144,46,98,#87FAB5
145,46,98,#87FAB7
146,46,98,#87FAB9
147,46,98,#87FABB
148,46,98,#87FABD
149,46,98,#87FABF
150,46,98,#87FAC0
151,46,98,#87FAC2
152,46,98,#87FAC4
153,46,98,#87FAC6
154,46,98,#87FAC8
155,46,98,#87FACA
156,46,98,#87FACC
157,46,98,#87FACE
158,46,98,#87FAD0
159,46,98,#87FAD2
160,46,98,#87FAD4
161,46,98,#87FAD5
162,46,98,#87FAD7
163,46,98,#87FAD9
164,46,98,#87FADB
165,46,98,#87FADD
166,46,98,#87FADF
167,46,98,#87FAE1
168,46,98,#87FAE3
169,46,98,#87FAE5
170,46,98,#87FAE7
171,46,98,#87FAE9
172,46,98,#87FAEB
173,46,98,#87FAEC
174,46,98,#87FAEE
175,46,98,#87FAF0
176,46,98,#87FAF2
177,46,98,#87FAF4
178,46,98,#87FAF6
179,46,98,#87FAF8
180,46,98,#87FAFA
181,46,98,#87F8FA
182,46,98,#87F6FA
183,46,98,#87F4FA
184,46,98,#87F2FA
185,46,98,#87F0FA
186,46,98,#87EEFA
187,46,98,#87ECFA
188,46,98,#87EBFA
189,46,98,#87E9FA
190,46,98,#87E7FA
191,46,98,#87E5FA
192,46,98,#87E3FA
193,46,98,#87E1FA
194,46,98,#87DFFA
195,46,98,#87DDFA
196,46,98,#87DBFA
197,46,98,#87D9FA
198,46,98,#87D7FA
199,46,98,#87D5FA
200,46,98,#87D4FA
201,46,98,#87D2FA
202,46,98,#87D0FA
203,46,98,#87CEFA
204,46,98,#87CCFA
205,46,98,#87CAFA
206,46,98,#87C8FA
207,46,98,#87C6FA
208,46,98,#87C4FA
209,46,98,#87C2FA
210,46,98,#87C0FA
211,46,98,#87BFFA
212,46,98,#87BDFA
213,46,98,#87BBFA
214,46,98,#87B9FA
215,46,98,#87B7FA
216,46,98,#87B5FA
217,46,98,#87B3FA
218,46,98,#87B1FA
219,46,98,#87AFFA
220,46,98,#87ADFA
221,46,98,#87ABFA
222,46,98,#87A9FA
223,46,98,#87A8FA
224,46,98,#87A6FA
225,46,98,#87A4FA
226,46,98,#87A2FA
227,46,98,#87A0FA
228,46,98,#879EFA
229,46,98,#879CFA
230,46,98,#879AFA
231,46,98,#8798FA
232,46,98,#8796FA
233,46,98,#8794FA
234,46,98,#8792FA
235,46,98,#8791FA
236,46,98,#878FFA
237,46,98,#878DFA
238,46,98,#878BFA
239,46,98,#8789FA
240,46,98,#8787FA
241,46,98,#8987FA
242,46,98,#8B87FA
243,46,98,#8D87FA
244,46,98,#8F87FA
245,46,98,#9187FA
246,46,98,#9287FA
247,46,98,#9487FA
248,46,98,#9687FA
249,46,98,#9887FA
250,46,98,#9A87FA
251,46,98,#9C87FA
252,46,98,#9E87FA
253,46,98,#A087FA
254,46,98,#A287FA
255,46,98,#A487FA
256,46,98,#A687FA
257,46,98,#A887FA
258,46,98,#A987FA
259,46,98,#AB87FA
260,46,98,#AD87FA
261,46,98,#AF87FA
262,46,98,#B187FA
263,46,98,#B387FA
264,46,98,#B587FA
265,46,98,#B787FA
266,46,98,#B987FA
267,46,98,#BB87FA
268,46,98,#BD87FA
269,46,98,#BF87FA
270,46,98,#C087FA
271,46,98,#C287FA
272,46,98,#C487FA
273,46,98,#C687FA
274,46,98,#C887FA
275,46,98,#CA87FA
276,46,98,#CC87FA
277,46,98,#CE87FA
278,46,98,#D087FA
279,46,98,#D287FA
280,46,98,#D487FA
281,46,98,#D587FA
282,46,98,#D787FA
283,46,98,#D987FA
284,46,98,#DB87FA
285,46,98,#DD87FA
286,46,98,#DF87FA
287,46,98,#E187FA
288,46,98,#E387FA
289,46,98,#E587FA
290,46,98,#E787FA
291,46,98,#E987FA
292,46,98,#EB87FA
293,46,98,#EC87FA
294,46,98,#EE87FA
295,46,98,#F087FA
296,46,98,#F287FA
297,46,98,#F487FA
298,46,98,#F687FA
299,46,98,#F887FA
300,46,98,#FA87FA
301,46,98,#FA87F8
302,46,98,#FA87F6
303,46,98,#FA87F4
304,46,98,#FA87F2
305,46,98,#FA87F0
306,46,98,#FA87EE
307,46,98,#FA87EC
308,46,98,#FA87EB
309,46,98,#FA87E9
310,46,98,#FA87E7
311,46,98,#FA87E5
312,46,98,#FA87E3
313,46,98,#FA87E1
314,46,98,#FA87DF
315,46,98,#FA87DD
316,46,98,#FA87DB
317,46,98,#FA87D9
318,46,98,#FA87D7
319,46,98,#FA87D5
320,46,98,#FA87D4
321,46,98,#FA87D2
322,46,98,#FA87D0
323,46,98,#FA87CE
324,46,98,#FA87CC
325,46,98,#FA87CA
326,46,98,#FA87C8
327,46,98,#FA87C6
328,46,98,#FA87C4
329,46,98,#FA87C2
330,46,98,#FA87C0
331,46,98,#FA87BF
332,46,98,#FA87BD
333,46,98,#FA87BB
334,46,98,#FA87B9
335,46,98,#FA87B7
336,46,98,#FA87B5
337,46,98,#FA87B3
338,46,98,#FA87B1
339,46,98,#FA87AF
340,46,98,#FA87AD
341,46,98,#FA87AB
342,46,98,#FA87A9
343,46,98,#FA87A8
344,46,98,#FA87A6
345,46,98,#FA87A4
346,46,98,#FA87A2
347,46,98,#FA87A0
348,46,98,#FA879E
349,46,98,#FA879C
350,46,98,#FA879A
351,46,98,#FA8798
352,46,98,#FA8796
353,46,98,#FA8794
354,46,98,#FA8792
355,46,98,#FA8791
356,46,98,#FA878F
357,46,98,#FA878D
358,46,98,#FA878B
359,46,98,#FA8789
0,45,98,#FA8989
1,45,98,#FA8B89
2,45,98,#FA8D89
3,45,98,#FA8F89
4,45,98,#FA9189
5,45,98,#FA9389
6,45,98,#FA9589
7,45,98,#FA9789
8,45,98,#FA9889
9,45,98,#FA9A89
10,45,98,#FA9C89
11,45,98,#FA9E89
12,45,98,#FAA089
13,45,98,#FAA289
14,45,98,#FAA489
15,45,98,#FAA689
16,45,98,#FAA789
17,45,98,#FAA989
18,45,98,#FAAB89
19,45,98,#FAAD89
20,45,98,#FAAF89
21,45,98,#FAB189
22,45,98,#FAB389
23,45,98,#FAB589
24,45,98,#FAB689
25,45,98,#FAB889
26,45,98,#FABA89
27,45,98,#FABC89
28,45,98,#FABE89
29,45,98,#FAC089
30,45,98,#FAC289
31,45,98,#FAC489
32,45,98,#FAC589
33,45,98,#FAC789
34,45,98,#FAC989
35,45,98,#FACB89
36,45,98,#FACD89
37,45,98,#FACF89
38,45,98,#FAD189
39,45,98,#FAD389
40,45,98,#FAD489
41,45,98,#FAD689
42,45,98,#FAD889
43,45,98,#FADA89
44,45,98,#FADC89
45,45,98,#FADE89
46,45,98,#FAE089
47,45,98,#FAE289
48,45,98,#FAE389
49,45,98,#FAE589
50,45,98,#FAE789
51,45,98,#FAE989
52,45,98,#FAEB89
53,45,98,#FAED89
54,45,98,#FAEF89
55,45,98,#FAF189
56,45,98,#FAF289
57,45,98,#FAF489
58,45,98,#FAF689
59,45,98,#FAF889
60,45,98,#FAFA89
61,45,98,#F8FA89
62,45,98,#F6FA89
63,45,98,#F4FA89
64,45,98,#F2FA89
65,45,98,#F1FA89
66,45,98,#EFFA89
67,45,98,#EDFA89
68,45,98,#EBFA89
69,45,98,#E9FA89
70,45,98,#E7FA89
71,45,98,#E5FA89
72,45,98,#E3FA89
73,45,98,#E2FA89
74,45,98,#E0FA89
75,45,98,#DEFA89
76,45,98,#DCFA89
77,45,98,#DAFA89
78,45,98,#D8FA89
79,45,98,#D6FA89
80,45,98,#D4FA89
81,45,98,#D3FA89
82,45,98,#D1FA89
83,45,98,#CFFA89
84,45,98,#CDFA89
85,45,98,#CBFA89
86,45,98,#C9FA89
87,45,98,#C7FA89
88,45,98,#C5FA89
89,45,98,#C4FA89
90,45,98,#C2FA89
91,45,98,#C0FA89
92,45,98,#BEFA89
93,45,98,#BCFA89
94,45,98,#BAFA89
95,45,98,#B8FA89
96,45,98,#B6FA89
97,45,98,#B5FA89
98,45,98,#B3FA89
99,45,98,#B1FA89
100,45,98,#AFFA89
101,45,98,#ADFA89
102,45,98,#ABFA89
103,45,98,#A9FA89
104,45,98,#A7FA89
105,45,98,#A6FA89
106,45,98,#A4FA89
107,45,98,#A2FA89
108,45,98,#A0FA89
109,45,98,#9EFA89
110,45,98,#9CFA89
111,45,98,#9AFA89
112,45,98,#98FA89
113,45,98,#97FA89
114,45,98,#95FA89
115,45,98,#93FA89
116,45,98,#91FA89
117,45,98,#8FFA89
118,45,98,#8DFA89
119,45,98,#8BFA89
120,45,98,#89FA89
121,45,98,#89FA8B
122,45,98,#89FA8D
123,45,98,#89FA8F
124,45,98,#89FA91
125,45,98,#89FA93
126,45,98,#89FA95
127,45,98,#89FA97
128,45,98,#89FA98
129,45,98,#89FA9A
130,45,98,#89FA9C
131,45,98,#89FA9E
132,45,98,#89FAA0
133,45,98,#89FAA2
134,45,98,#89FAA4
135,45,98,#89FAA6
136,45,98,#89FAA7
137,45,98,#89FAA9
138,45,98,#89FAAB
139,45,98,#89FAAD
140,45,98,#89FAAF
141,45,98,#89FAB1
142,45,98,#89FAB3
143,45,98,#89FAB5
144,45,98,#89FAB6
145,45,98,#89FAB8
146,45,98,#89FABA
147,45,98,#89FABC
148,45,98,#89FABE
149,45,98,#89FAC0
150,45,98,#89FAC2
151,45,98,#89FAC4
152,45,98,#89FAC5
153,45,98,#89FAC7
154,45,98,#89FAC9
155,45,98,#89FACB
156,45,98,#89FACD
157,45,98,#89FACF
158,45,98,#89FAD1
159,45,98,#89FAD3
160,45,98,#89FAD4
161,45,98,#89FAD6
162,45,98,#89FAD8
163,45,98,#89FADA
164,45,98,#89FADC
165,45,98,#89FADE
166,45,98,#89FAE0
167,45,98,#89FAE2
168,45,98,#89FAE3
169,45,98,#89FAE5
170,45,98,#89FAE7
171,45,98,#89FAE9
172,45,98,#89FAEB
173,45,98,#89FAED
174,45,98,#89FAEF
175,45,98,#89FAF1
176,45,98,#89FAF2
177,45,98,#89FAF4
178,45,98,#89FAF6
179,45,98,#89FAF8
180,45,98,#89FAFA
181,45,98,#89F8FA
182,45,98,#89F6FA
183,45,98,#89F4FA
184,45,98,#89F2FA
185,45,98,#89F1FA
186,45,98,#89EFFA
187,45,98,#89EDFA
188,45,98,#89EBFA
189,45,98,#89E9FA
190,45,98,#89E7FA
191,45,98,#89E5FA
192,45,98,#89E3FA
193,45,98,#89E2FA
194,45,98,#89E0FA
195,45,98,#89DEFA
196,45,98,#89DCFA
197,45,98,#89DAFA
198,45,98,#89D8FA
199,45,98,#89D6FA
200,45,98,#89D4FA
201,45,98,#89D3FA
202,45,98,#89D1FA
203,45,98,#89CFFA
204,45,98,#89CDFA
205,45,98,#89CBFA
206,45,98,#89C9FA
207,45,98,#89C7FA
208,45,98,#89C5FA
209,45,98,#89C4FA
210,45,98,#89C2FA
211,45,98,#89C0FA
212,45,98,#89BEFA
213,45,98,#89BCFA
214,45,98,#89BAFA
215,45,98,#89B8FA
216,45,98,#89B6FA
217,45,98,#89B5FA
218,45,98,#89B3FA
219,45,98,#89B1FA
220,45,98,#89AFFA
221,45,98,#89ADFA
222,45,98,#89ABFA
223,45,98,#89A9FA
224,45,98,#89A7FA
225,45,98,#89A6FA
226,45,98,#89A4FA
227,45,98,#89A2FA
228,45,98,#89A0FA
229,45,98,#899EFA
230,45,98,#899CFA
231,45,98,#899AFA
232,45,98,#8998FA
233,45,98,#8997FA
234,45,98,#8995FA
235,45,98,#8993FA
236,45,98,#8991FA
237,45,98,#898FFA
238,45,98,#898DFA
239,45,98,#898BFA
240,45,98,#8989FA
241,45,98,#8B89FA
242,45,98,#8D89FA
243,45,98,#8F89FA
244,45,98,#9189FA
245,45,98,#9389FA
246,45,98,#9589FA
247,45,98,#9789FA
248,45,98,#9889FA
249,45,98,#9A89FA
250,45,98,#9C89FA
251,45,98,#9E89FA
252,45,98,#A089FA
253,45,98,#A289FA
254,45,98,#A489FA
255,45,98,#A689FA
256,45,98,#A789FA
257,45,98,#A989FA
258,45,98,#AB89FA
259,45,98,#AD89FA
260,45,98,#AF89FA
261,45,98,#B189FA
262,45,98,#B389FA
263,45,98,#B589FA
264,45,98,#B689FA
265,45,98,#B889FA
266,45,98,#BA89FA
267,45,98,#BC89FA
268,45,98,#BE89FA
269,45,98,#C089FA
270,45,98,#C289FA
271,45,98,#C489FA
272,45,98,#C589FA
273,45,98,#C789FA
274,45,98,#C989FA
275,45,98,#CB89FA
276,45,98,#CD89FA
277,45,98,#CF89FA
278,45,98,#D189FA
279,45,98,#D389FA
280,45,98,#D489FA
281,45,98,#D689FA
282,45,98,#D889FA
283,45,98,#DA89FA
284,45,98,#DC89FA
285,45,98,#DE89FA
286,45,98,#E089FA
287,45,98,#E289FA
288,45,98,#E389FA
289,45,98,#E589FA
290,45,98,#E789FA
291,45,98,#E989FA
292,45,98,#EB89FA
293,45,98,#ED89FA
294,45,98,#EF89FA
295,45,98,#F189FA
296,45,98,#F289FA
297,45,98,#F489FA
298,45,98,#F689FA
299,45,98,#F889FA
300,45,98,#FA89FA
301,45,98,#FA89F8
302,45,98,#FA89F6
303,45,98,#FA89F4
304,45,98,#FA89F2
305,45,98,#FA89F1
306,45,98,#FA89EF
307,45,98,#FA89ED
308,45,98,#FA89EB
309,45,98,#FA89E9
310,45,98,#FA89E7
311,45,98,#FA89E5
312,45,98,#FA89E3
313,45,98,#FA89E2
314,45,98,#FA89E0
315,45,98,#FA89DE
316,45,98,#FA89DC
317,45,98,#FA89DA
318,45,98,#FA89D8
319,45,98,#FA89D6
320,45,98,#FA89D4
321,45,98,#FA89D3
322,45,98,#FA89D1
323,45,98,#FA89CF
324,45,98,#FA89CD
325,45,98,#FA89CB
326,45,98,#FA89C9
327,45,98,#FA89C7
328,45,98,#FA89C5
329,45,98,#FA89C4
330,45,98,#FA89C2
331,45,98,#FA89C0
332,45,98,#FA89BE
333,45,98,#FA89BC
334,45,98,#FA89BA
335,45,98,#FA89B8
336,45,98,#FA89B6
337,45,98,#FA89B5
338,45,98,#FA89B3
339,45,98,#FA89B1
340,45,98,#FA89AF
341,45,98,#FA89AD
342,45,98,#FA89AB
343,45,98,#FA89A9
344,45,98,#FA89A7
345,45,98,#FA89A6
346,45,98,#FA89A4
347,45,98,#FA89A2
348,45,98,#FA89A0
349,45,98,#FA899E
350,45,98,#FA899C
351,45,98,#FA899A
352,45,98,#FA8998
353,45,98,#FA8997
354,45,98,#FA8995
355,45,98,#FA8993
356,45,98,#FA8991
357,45,98,#FA898F
358,45,98,#FA898D
359,45,98,#FA898B
0,44,98,#FA8C8C
1,44,98,#FA8E8C
2,44,98,#FA908C
3,44,98,#FA918C
4,44,98,#FA938C
5,44,98,#FA958C
6,44,98,#FA978C
7,44,98,#FA998C
8,44,98,#FA9B8C
9,44,98,#FA9C8C
10,44,98,#FA9E8C
11,44,98,#FAA08C
12,44,98,#FAA28C
13,44,98,#FAA48C
14,44,98,#FAA68C
15,44,98,#FAA78C
16,44,98,#FAA98C
17,44,98,#FAAB8C
18,44,98,#FAAD8C
19,44,98,#FAAF8C
20,44,98,#FAB18C
21,44,98,#FAB28C
22,44,98,#FAB48C
23,44,98,#FAB68C
24,44,98,#FAB88C
25,44,98,#FABA8C
26,44,98,#FABC8C
27,44,98,#FABD8C
28,44,98,#FABF8C
29,44,98,#FAC18C
30,44,98,#FAC38C
31,44,98,#FAC58C
32,44,98,#FAC78C
33,44,98,#FAC88C
34,44,98,#FACA8C
35,44,98,#FACC8C
36,44,98,#FACE8C
37,44,98,#FAD08C
38,44,98,#FAD28C
39,44,98,#FAD38C
40,44,98,#FAD58C
41,44,98,#FAD78C
42,44,98,#FAD98C
43,44,98,#FADB8C
44,44,98,#FADD8C
45,44,98,#FADE8C
46,44,98,#FAE08C
47,44,98,#FAE28C
48,44,98,#FAE48C
49,44,98,#FAE68C
50,44,98,#FAE88C
51,44,98,#FAE98C
52,44,98,#FAEB8C
53,44,98,#FAED8C
54,44,98,#FAEF8C
55,44,98,#FAF18C
56,44,98,#FAF38C
57,44,98,#FAF48C
58,44,98,#FAF68C
59,44,98,#FAF88C
60,44,98,#FAFA8C
61,44,98,#F8FA8C
62,44,98,#F6FA8C
63,44,98,#F4FA8C
64,44,98,#F3FA8C
65,44,98,#F1FA8C
66,44,98,#EFFA8C
67,44,98,#EDFA8C
68,44,98,#EBFA8C
69,44,98,#E9FA8C
70,44,98,#E8FA8C
71,44,98,#E6FA8C
72,44,98,#E4FA8C
73,44,98,#E2FA8C
74,44,98,#E0FA8C
75,44,98,#DEFA8C
76,44,98,#DDFA8C
77,44,98,#DBFA8C
78,44,98,#D9FA8C
79,44,98,#D7FA8C
80,44,98,#D5FA8C
81,44,98,#D3FA8C
82,44,98,#D2FA8C
83,44,98,#D0FA8C
84,44,98,#CEFA8C
85,44,98,#CCFA8C
86,44,98,#CAFA8C
87,44,98,#C8FA8C
88,44,98,#C7FA8C
89,44,98,#C5FA8C
90,44,98,#C3FA8C
91,44,98,#C1FA8C
92,44,98,#BFFA8C
93,44,98,#BDFA8C
94,44,98,#BCFA8C
95,44,98,#BAFA8C
96,44,98,#B8FA8C
97,44,98,#B6FA8C
98,44,98,#B4FA8C
99,44,98,#B2FA8C
100,44,98,#B1FA8C
101,44,98,#AFFA8C
102,44,98,#ADFA8C
103,44,98,#ABFA8C
104,44,98,#A9FA8C
105,44,98,#A7FA8C
106,44,98,#A6FA8C
107,44,98,#A4FA8C
108,44,98,#A2FA8C
109,44,98,#A0FA8C
110,44,98,#9EFA8C
111,44,98,#9CFA8C
112,44,98,#9BFA8C
113,44,98,#99FA8C
114,44,98,#97FA8C
115,44,98,#95FA8C
116,44,98,#93FA8C
117,44,98,#91FA8C
118,44,98,#90FA8C
119,44,98,#8EFA8C
120,44,98,#8CFA8C
121,44,98,#8CFA8E
122,44,98,#8CFA90
123,44,98,#8CFA91
124,44,98,#8CFA93
125,44,98,#8CFA95
126,44,98,#8CFA97
127,44,98,#8CFA99
128,44,98,#8CFA9B
129,44,98,#8CFA9C
130,44,98,#8CFA9E
131,44,98,#8CFAA0
132,44,98,#8CFAA2
133,44,98,#8CFAA4
134,44,98,#8CFAA6
135,44,98,#8CFAA7
136,44,98,#8CFAA9
137,44,98,#8CFAAB
138,44,98,#8CFAAD
139,44,98,#8CFAAF
140,44,98,#8CFAB1
141,44,98,#8CFAB2
142,44,98,#8CFAB4
143,44,98,#8CFAB6
144,44,98,#8CFAB8
145,44,98,#8CFABA
146,44,98,#8CFABC
147,44,98,#8CFABD
148,44,98,#8CFABF
149,44,98,#8CFAC1
150,44,98,#8CFAC3
151,44,98,#8CFAC5
152,44,98,#8CFAC7
153,44,98,#8CFAC8
154,44,98,#8CFACA
155,44,98,#8CFACC
156,44,98,#8CFACE
157,44,98,#8CFAD0
158,44,98,#8CFAD2
159,44,98,#8CFAD3
160,44,98,#8CFAD5
161,44,98,#8CFAD7
162,44,98,#8CFAD9
163,44,98,#8CFADB
164,44,98,#8CFADD
165,44,98,#8CFADE
166,44,98,#8CFAE0
167,44,98,#8CFAE2
168,44,98,#8CFAE4
169,44,98,#8CFAE6
170,44,98,#8CFAE8
171,44,98,#8CFAE9
172,44,98,#8CFAEB
173,44,98,#8CFAED
174,44,98,#8CFAEF
175,44,98,#8CFAF1
176,44,98,#8CFAF3
177,44,98,#8CFAF4
178,44,98,#8CFAF6
179,44,98,#8CFAF8
180,44,98,#8CFAFA
181,44,98,#8CF8FA
182,44,98,#8CF6FA
183,44,98,#8CF4FA
184,44,98,#8CF3FA
185,44,98,#8CF1FA
186,44,98,#8CEFFA
187,44,98,#8CEDFA
188,44,98,#8CEBFA
189,44,98,#8CE9FA
190,44,98,#8CE8FA
191,44,98,#8CE6FA
192,44,98,#8CE4FA
193,44,98,#8CE2FA
194,44,98,#8CE0FA
195,44,98,#8CDEFA
196,44,98,#8CDDFA
197,44,98,#8CDBFA
198,44,98,#8CD9FA
199,44,98,#8CD7FA
200,44,98,#8CD5FA
201,44,98,#8CD3FA
202,44,98,#8CD2FA
203,44,98,#8CD0FA
204,44,98,#8CCEFA
205,44,98,#8CCCFA
206,44,98,#8CCAFA
207,44,98,#8CC8FA
208,44,98,#8CC7FA
209,44,98,#8CC5FA
210,44,98,#8CC3FA
211,44,98,#8CC1FA
212,44,98,#8CBFFA
213,44,98,#8CBDFA
214,44,98,#8CBCFA
215,44,98,#8CBAFA
216,44,98,#8CB8FA
217,44,98,#8CB6FA
218,44,98,#8CB4FA
219,44,98,#8CB2FA
220,44,98,#8CB1FA
221,44,98,#8CAFFA
222,44,98,#8CADFA
223,44,98,#8CABFA
224,44,98,#8CA9FA
225,44,98,#8CA7FA
226,44,98,#8CA6FA
227,44,98,#8CA4FA
228,44,98,#8CA2FA
229,44,98,#8CA0FA
230,44,98,#8C9EFA
231,44,98,#8C9CFA
232,44,98,#8C9BFA
233,44,98,#8C99FA
234,44,98,#8C97FA
235,44,98,#8C95FA
236,44,98,#8C93FA
237,44,98,#8C91FA
238,44,98,#8C90FA
239,44,98,#8C8EFA
240,44,98,#8C8CFA
241,44,98,#8E8CFA
242,44,98,#908CFA
243,44,98,#918CFA
244,44,98,#938CFA
245,44,98,#958CFA
246,44,98,#978CFA
247,44,98,#998CFA
248,44,98,#9B8CFA
249,44,98,#9C8CFA
250,44,98,#9E8CFA
251,44,98,#A08CFA
252,44,98,#A28CFA
253,44,98,#A48CFA
254,44,98,#A68CFA
255,44,98,#A78CFA
256,44,98,#A98CFA
257,44,98,#AB8CFA
258,44,98,#AD8CFA
259,44,98,#AF8CFA
260,44,98,#B18CFA
261,44,98,#B28CFA
262,44,98,#B48CFA
263,44,98,#B68CFA
264,44,98,#B88CFA
265,44,98,#BA8CFA
266,44,98,#BC8CFA
267,44,98,#BD8CFA
268,44,98,#BF8CFA
269,44,98,#C18CFA
270,44,98,#C38CFA
271,44,98,#C58CFA
272,44,98,#C78CFA
273,44,98,#C88CFA
274,44,98,#CA8CFA
275,44,98,#CC8CFA
276,44,98,#CE8CFA
277,44,98,#D08CFA
278,44,98,#D28CFA
279,44,98,#D38CFA
280,44,98,#D58CFA
281,44,98,#D78CFA
282,44,98,#D98CFA
283,44,98,#DB8CFA
284,44,98,#DD8CFA
285,44,98,#DE8CFA
286,44,98,#E08CFA
287,44,98,#E28CFA
288,44,98,#E48CFA
289,44,98,#E68CFA
290,44,98,#E88CFA
291,44,98,#E98CFA
292,44,98,#EB8CFA
293,44,98,#ED8CFA
294,44,98,#EF8CFA
295,44,98,#F18CFA
296,44,98,#F38CFA
297,44,98,#F48CFA
298,44,98,#F68CFA
299,44,98,#F88CFA
300,44,98,#FA8CFA
301,44,98,#FA8CF8
302,44,98,#FA8CF6
303,44,98,#FA8CF4
304,44,98,#FA8CF3
305,44,98,#FA8CF1
306,44,98,#FA8CEF
307,44,98,#FA8CED
308,44,98,#FA8CEB
309,44,98,#FA8CE9
310,44,98,#FA8CE8
311,44,98,#FA8CE6
312,44,98,#FA8CE4
313,44,98,#FA8CE2
314,44,98,#FA8CE0
315,44,98,#FA8CDE
316,44,98,#FA8CDD
317,44,98,#FA8CDB
318,44,98,#FA8CD9
319,44,98,#FA8CD7
320,44,98,#FA8CD5
321,44,98,#FA8CD3
322,44,98,#FA8CD2
323,44,98,#FA8CD0
324,44,98,#FA8CCE
325,44,98,#FA8CCC
326,44,98,#FA8CCA
327,44,98,#FA8CC8
328,44,98,#FA8CC7
329,44,98,#FA8CC5
330,44,98,#FA8CC3
331,44,98,#FA8CC1
332,44,98,#FA8CBF
333,44,98,#FA8CBD
334,44,98,#FA8CBC
335,44,98,#FA8CBA
336,44,98,#FA8CB8
337,44,98,#FA8CB6
338,44,98,#FA8CB4
339,44,98,#FA8CB2
340,44,98,#FA8CB1
341,44,98,#FA8CAF
342,44,98,#FA8CAD
343,44,98,#FA8CAB
344,44,98,#FA8CA9
345,44,98,#FA8CA7
346,44,98,#FA8CA6
347,44,98,#FA8CA4
348,44,98,#FA8CA2
349,44,98,#FA8CA0
350,44,98,#FA8C9E
351,44,98,#FA8C9C
352,44,98,#FA8C9B
353,44,98,#FA8C99
354,44,98,#FA8C97
355,44,98,#FA8C95
356,44,98,#FA8C93
357,44,98,#FA8C91
358,44,98,#FA8C90
359,44,98,#FA8C8E
0,43,98,#FA8E8E
1,43,98,#FA908E
2,43,98,#FA928E
3,43,98,#FA948E
4,43,98,#FA968E
5,43,98,#FA978E
6,43,98,#FA998E
7,43,98,#FA9B8E
8,43,98,#FA9D8E
9,43,98,#FA9F8E
10,43,98,#FAA08E
11,43,98,#FAA28E
12,43,98,#FAA48E
13,43,98,#FAA68E
14,43,98,#FAA88E
15,43,98,#FAA98E
16,43,98,#FAAB8E
17,43,98,#FAAD8E
18,43,98,#FAAF8E
19,43,98,#FAB08E
20,43,98,#FAB28E
21,43,98,#FAB48E
22,43,98,#FAB68E
23,43,98,#FAB88E
24,43,98,#FAB98E
25,43,98,#FABB8E
26,43,98,#FABD8E
27,43,98,#FABF8E
28,43,98,#FAC18E
29,43,98,#FAC28E
30,43,98,#FAC48E
31,43,98,#FAC68E
32,43,98,#FAC88E
33,43,98,#FACA8E
34,43,98,#FACB8E
35,43,98,#FACD8E
36,43,98,#FACF8E
37,43,98,#FAD18E
38,43,98,#FAD28E
39,43,98,#FAD48E
40,43,98,#FAD68E
41,43,98,#FAD88E
42,43,98,#FADA8E
43,43,98,#FADB8E
44,43,98,#FADD8E
45,43,98,#FADF8E
46,43,98,#FAE18E
47,43,98,#FAE38E
48,43,98,#FAE48E
49,43,98,#FAE68E
50,43,98,#FAE88E
51,43,98,#FAEA8E
52,43,98,#FAEC8E
53,43,98,#FAED8E
54,43,98,#FAEF8E
55,43,98,#FAF18E
56,43,98,#FAF38E
57,43,98,#FAF58E
58,43,98,#FAF68E
59,43,98,#FAF88E
60,43,98,#FAFA8E
61,43,98,#F8FA8E
62,43,98,#F6FA8E
63,43,98,#F5FA8E
64,43,98,#F3FA8E
65,43,98,#F1FA8E
66,43,98,#EFFA8E
67,43,98,#EDFA8E
68,43,98,#ECFA8E
69,43,98,#EAFA8E
70,43,98,#E8FA8E
71,43,98,#E6FA8E
72,43,98,#E4FA8E
73,43,98,#E3FA8E
74,43,98,#E1FA8E
75,43,98,#DFFA8E
76,43,98,#DDFA8E
77,43,98,#DBFA8E
78,43,98,#DAFA8E
79,43,98,#D8FA8E
80,43,98,#D6FA8E
81,43,98,#D4FA8E
82,43,98,#D2FA8E
83,43,98,#D1FA8E
84,43,98,#CFFA8E
85,43,98,#CDFA8E
86,43,98,#CBFA8E
87,43,98,#CAFA8E
88,43,98,#C8FA8E
89,43,98,#C6FA8E
90,43,98,#C4FA8E
91,43,98,#C2FA8E
92,43,98,#C1FA8E
93,43,98,#BFFA8E
94,43,98,#BDFA8E
95,43,98,#BBFA8E
96,43,98,#B9FA8E
97,43,98,#B8FA8E
98,43,98,#B6FA8E
99,43,98,#B4FA8E
100,43,98,#B2FA8E
101,43,98,#B0FA8E
102,43,98,#AFFA8E
103,43,98,#ADFA8E
104,43,98,#ABFA8E
105,43,98,#A9FA8E
106,43,98,#A8FA8E
107,43,98,#A6FA8E
108,43,98,#A4FA8E
109,43,98,#A2FA8E
110,43,98,#A0FA8E
111,43,98,#9FFA8E
112,43,98,#9DFA8E
113,43,98,#9BFA8E
114,43,98,#99FA8E
115,43,98,#97FA8E
116,43,98,#96FA8E
117,43,98,#94FA8E
118,43,98,#92FA8E
119,43,98,#90FA8E
120,43,98,#8EFA8E
121,43,98,#8EFA90
122,43,98,#8EFA92
123,43,98,#8EFA94
124,43,98,#8EFA96
125,43,98,#8EFA97
126,43,98,#8EFA99
127,43,98,#8EFA9B
128,43,98,#8EFA9D
129,43,98,#8EFA9F
130,43,98,#8EFAA0
131,43,98,#8EFAA2
132,43,98,#8EFAA4
133,43,98,#8EFAA6
134,43,98,#8EFAA8
135,43,98,#8EFAA9
136,43,98,#8EFAAB
137,43,98,#8EFAAD
138,43,98,#8EFAAF
139,43,98,#8EFAB0
140,43,98,#8EFAB2
141,43,98,#8EFAB4
142,43,98,#8EFAB6
143,43,98,#8EFAB8
144,43,98,#8EFAB9
145,43,98,#8EFABB
146,43,98,#8EFABD
147,43,98,#8EFABF
148,43,98,#8EFAC1
149,43,98,#8EFAC2
150,43,98,#8EFAC4
151,43,98,#8EFAC6
152,43,98,#8EFAC8
153,43,98,#8EFACA
154,43,98,#8EFACB
155,43,98,#8EFACD
156,43,98,#8EFACF
157,43,98,#8EFAD1
158,43,98,#8EFAD2
159,43,98,#8EFAD4
160,43,98,#8EFAD6
161,43,98,#8EFAD8
162,43,98,#8EFADA
163,43,98,#8EFADB
164,43,98,#8EFADD
165,43,98,#8EFADF
166,43,98,#8EFAE1
167,43,98,#8EFAE3
168,43,98,#8EFAE4
169,43,98,#8EFAE6
170,43,98,#8EFAE8
171,43,98,#8EFAEA
172,43,98,#8EFAEC
173,43,98,#8EFAED
174,43,98,#8EFAEF
175,43,98,#8EFAF1
176,43,98,#8EFAF3
177,43,98,#8EFAF5
178,43,98,#8EFAF6
179,43,98,#8EFAF8
180,43,98,#8EFAFA
181,43,98,#8EF8FA
182,43,98,#8EF6FA
183,43,98,#8EF5FA
184,43,98,#8EF3FA
185,43,98,#8EF1FA
186,43,98,#8EEFFA
187,43,98,#8EEDFA
188,43,98,#8EECFA
189,43,98,#8EEAFA
190,43,98,#8EE8FA
191,43,98,#8EE6FA
192,43,98,#8EE4FA
193,43,98,#8EE3FA
194,43,98,#8EE1FA
195,43,98,#8EDFFA
196,43,98,#8EDDFA
197,43,98,#8EDBFA
198,43,98,#8EDAFA
199,43,98,#8ED8FA
200,43,98,#8ED6FA
201,43,98,#8ED4FA
202,43,98,#8ED2FA
203,43,98,#8ED1FA
204,43,98,#8ECFFA
205,43,98,#8ECDFA
206,43,98,#8ECBFA
207,43,98,#8ECAFA
208,43,98,#8EC8FA
209,43,98,#8EC6FA
210,43,98,#8EC4FA
211,43,98,#8EC2FA
212,43,98,#8EC1FA
213,43,98,#8EBFFA
214,43,98,#8EBDFA
215,43,98,#8EBBFA
216,43,98,#8EB9FA
217,43,98,#8EB8FA
218,43,98,#8EB6FA
219,43,98,#8EB4FA
220,43,98,#8EB2FA
221,43,98,#8EB0FA
222,43,98,#8EAFFA
223,43,98,#8EADFA
224,43,98,#8EABFA
225,43,98,#8EA9FA
226,43,98,#8EA8FA
227,43,98,#8EA6FA
228,43,98,#8EA4FA
229,43,98,#8EA2FA
230,43,98,#8EA0FA
231,43,98,#8E9FFA
232,43,98,#8E9DFA
233,43,98,#8E9BFA
234,43,98,#8E99FA
235,43,98,#8E97FA
236,43,98,#8E96FA
237,43,98,#8E94FA
238,43,98,#8E92FA
239,43,98,#8E90FA
240,43,98,#8E8EFA
241,43,98,#908EFA
242,43,98,#928EFA
243,43,98,#948EFA
244,43,98,#968EFA
245,43,98,#978EFA
246,43,98,#998EFA
247,43,98,#9B8EFA
248,43,98,#9D8EFA
249,43,98,#9F8EFA
250,43,98,#A08EFA
251,43,98,#A28EFA
252,43,98,#A48EFA
253,43,98,#A68EFA
254,43,98,#A88EFA
255,43,98,#A98EFA
256,43,98,#AB8EFA
257,43,98,#AD8EFA
258,43,98,#AF8EFA
259,43,98,#B08EFA
260,43,98,#B28EFA
261,43,98,#B48EFA
262,43,98,#B68EFA
263,43,98,#B88EFA
264,43,98,#B98EFA
265,43,98,#BB8EFA
266,43,98,#BD8EFA
267,43,98,#BF8EFA
268,43,98,#C18EFA
269,43,98,#C28EFA
270,43,98,#C48EFA
271,43,98,#C68EFA
272,43,98,#C88EFA
273,43,98,#CA8EFA
274,43,98,#CB8EFA
275,43,98,#CD8EFA
276,43,98,#CF8EFA
277,43,98,#D18EFA
278,43,98,#D28EFA
279,43,98,#D48EFA
280,43,98,#D68EFA
281,43,98,#D88EFA
282,43,98,#DA8EFA
283,43,98,#DB8EFA
284,43,98,#DD8EFA
285,43,98,#DF8EFA
286,43,98,#E18EFA
287,43,98,#E38EFA
288,43,98,#E48EFA
289,43,98,#E68EFA
290,43,98,#E88EFA
291,43,98,#EA8EFA
292,43,98,#EC8EFA
293,43,98,#ED8EFA
294,43,98,#EF8EFA
295,43,98,#F18EFA
296,43,98,#F38EFA
297,43,98,#F58EFA
298,43,98,#F68EFA
299,43,98,#F88EFA
300,43,98,#FA8EFA
301,43,98,#FA8EF8
302,43,98,#FA8EF6
303,43,98,#FA8EF5
304,43,98,#FA8EF3
305,43,98,#FA8EF1
306,43,98,#FA8EEF
307,43,98,#FA8EED
308,43,98,#FA8EEC
309,43,98,#FA8EEA
310,43,98,#FA8EE8
311,43,98,#FA8EE6
312,43,98,#FA8EE4
313,43,98,#FA8EE3
314,43,98,#FA8EE1
315,43,98,#FA8EDF
316,43,98,#FA8EDD
317,43,98,#FA8EDB
318,43,98,#FA8EDA
319,43,98,#FA8ED8
320,43,98,#FA8ED6
321,43,98,#FA8ED4
322,43,98,#FA8ED2
323,43,98,#FA8ED1
324,43,98,#FA8ECF
325,43,98,#FA8ECD
326,43,98,#FA8ECB
327,43,98,#FA8ECA
328,43,98,#FA8EC8
329,43,98,#FA8EC6
330,43,98,#FA8EC4
331,43,98,#FA8EC2
332,43,98,#FA8EC1
333,43,98,#FA8EBF
334,43,98,#FA8EBD
335,43,98,#FA8EBB
336,43,98,#FA8EB9
337,43,98,#FA8EB8
338,43,98,#FA8EB6
339,43,98,#FA8EB4
340,43,98,#FA8EB2
341,43,98,#FA8EB0
342,43,98,#FA8EAF
343,43,98,#FA8EAD
344,43,98,#FA8EAB
345,43,98,#FA8EA9
346,43,98,#FA8EA8
347,43,98,#FA8EA6
348,43,98,#FA8EA4
349,43,98,#FA8EA2
350,43,98,#FA8EA0
351,43,98,#FA8E9F
352,43,98,#FA8E9D
353,43,98,#FA8E9B
354,43,98,#FA8E99
355,43,98,#FA8E97
356,43,98,#FA8E96
357,43,98,#FA8E94
358,43,98,#FA8E92
359,43,98,#FA8E90
0,42,98,#FA9191
1,42,98,#FA9391
2,42,98,#FA9491
3,42,98,#FA9691
4,42,98,#FA9891
5,42,98,#FA9A91
6,42,98,#FA9B91
7,42,98,#FA9D91
8,42,98,#FA9F91
9,42,98,#FAA191
10,42,98,#FAA291
11,42,98,#FAA491
12,42,98,#FAA691
13,42,98,#FAA891
14,42,98,#FAA991
15,42,98,#FAAB91
16,42,98,#FAAD91
17,42,98,#FAAF91
18,42,98,#FAB091
19,42,98,#FAB291
20,42,98,#FAB491
21,42,98,#FAB691
22,42,98,#FAB791
23,42,98,#FAB991
24,42,98,#FABB91
25,42,98,#FABD91
26,42,98,#FABE91
27,42,98,#FAC091
28,42,98,#FAC291
29,42,98,#FAC491
30,42,98,#FAC591
31,42,98,#FAC791
32,42,98,#FAC991
33,42,98,#FACB91
34,42,98,#FACC91
35,42,98,#FACE91
36,42,98,#FAD091
37,42,98,#FAD291
38,42,98,#FAD391
39,42,98,#FAD591
40,42,98,#FAD791
41,42,98,#FAD991
42,42,98,#FADA91
43,42,98,#FADC91
44,42,98,#FADE91
45,42,98,#FAE091
46,42,98,#FAE191
47,42,98,#FAE391
48,42,98,#FAE591
49,42,98,#FAE791
50,42,98,#FAE891
51,42,98,#FAEA91
52,42,98,#FAEC91
53,42,98,#FAEE91
54,42,98,#FAEF91
55,42,98,#FAF191
56,42,98,#FAF391
57,42,98,#FAF591
58,42,98,#FAF691
59,42,98,#FAF891
60,42,98,#FAFA91
61,42,98,#F8FA91
62,42,98,#F6FA91
63,42,98,#F5FA91
64,42,98,#F3FA91
65,42,98,#F1FA91
66,42,98,#EFFA91
67,42,98,#EEFA91
68,42,98,#ECFA91
69,42,98,#EAFA91
70,42,98,#E8FA91
71,42,98,#E7FA91
72,42,98,#E5FA91
73,42,98,#E3FA91
74,42,98,#E1FA91
75,42,98,#E0FA91
76,42,98,#DEFA91
77,42,98,#DCFA91
78,42,98,#DAFA91
79,42,98,#D9FA91
80,42,98,#D7FA91
81,42,98,#D5FA91
82,42,98,#D3FA91
83,42,98,#D2FA91
84,42,98,#D0FA91
85,42,98,#CEFA91
86,42,98,#CCFA91
87,42,98,#CBFA91
88,42,98,#C9FA91
89,42,98,#C7FA91
90,42,98,#C5FA91
91,42,98,#C4FA91
92,42,98,#C2FA91
93,42,98,#C0FA91
94,42,98,#BEFA91
95,42,98,#BDFA91
96,42,98,#BBFA91
97,42,98,#B9FA91
98,42,98,#B7FA91
99,42,98,#B6FA91
100,42,98,#B4FA91
101,42,98,#B2FA91
102,42,98,#B0FA91
103,42,98,#AFFA91
104,42,98,#ADFA91
105,42,98,#ABFA91
106,42,98,#A9FA91
107,42,98,#A8FA91
108,42,98,#A6FA91
109,42,98,#A4FA91
110,42,98,#A2FA91
111,42,98,#A1FA91
112,42,98,#9FFA91
113,42,98,#9DFA91
114,42,98,#9BFA91
115,42,98,#9AFA91
116,42,98,#98FA91
117,42,98,#96FA91
118,42,98,#94FA91
119,42,98,#93FA91
120,42,98,#91FA91
121,42,98,#91FA93
122,42,98,#91FA94
123,42,98,#91FA96
124,42,98,#91FA98
125,42,98,#91FA9A
126,42,98,#91FA9B
127,42,98,#91FA9D
128,42,98,#91FA9F
129,42,98,#91FAA1
130,42,98,#91FAA2
131,42,98,#91FAA4
132,42,98,#91FAA6
133,42,98,#91FAA8
134,42,98,#91FAA9
135,42,98,#91FAAB
136,42,98,#91FAAD
137,42,98,#91FAAF
138,42,98,#91FAB0
139,42,98,#91FAB2
140,42,98,#91FAB4
141,42,98,#91FAB6
142,42,98,#91FAB7
143,42,98,#91FAB9
144,42,98,#91FABB
145,42,98,#91FABD
146,42,98,#91FABE
147,42,98,#91FAC0
148,42,98,#91FAC2
149,42,98,#91FAC4
150,42,98,#91FAC5
151,42,98,#91FAC7
152,42,98,#91FAC9
153,42,98,#91FACB
154,42,98,#91FACC
155,42,98,#91FACE
156,42,98,#91FAD0
157,42,98,#91FAD2
158,42,98,#91FAD3
159,42,98,#91FAD5
160,42,98,#91FAD7
161,42,98,#91FAD9
162,42,98,#91FADA
163,42,98,#91FADC
164,42,98,#91FADE
165,42,98,#91FAE0
166,42,98,#91FAE1
167,42,98,#91FAE3
168,42,98,#91FAE5
169,42,98,#91FAE7
170,42,98,#91FAE8
171,42,98,#91FAEA
172,42,98,#91FAEC
173,42,98,#91FAEE
174,42,98,#91FAEF
175,42,98,#91FAF1
176,42,98,#91FAF3
177,42,98,#91FAF5
178,42,98,#91FAF6
179,42,98,#91FAF8
180,42,98,#91FAFA
181,42,98,#91F8FA
182,42,98,#91F6FA
183,42,98,#91F5FA
184,42,98,#91F3FA
185,42,98,#91F1FA
186,42,98,#91EFFA
187,42,98,#91EEFA
188,42,98,#91ECFA
189,42,98,#91EAFA
190,42,98,#91E8FA
191,42,98,#91E7FA
192,42,98,#91E5FA
193,42,98,#91E3FA
194,42,98,#91E1FA
195,42,98,#91E0FA
196,42,98,#91DEFA
197,42,98,#91DCFA
198,42,98,#91DAFA
199,42,98,#91D9FA
200,42,98,#91D7FA
201,42,98,#91D5FA
202,42,98,#91D3FA
203,42,98,#91D2FA
204,42,98,#91D0FA
205,42,98,#91CEFA
206,42,98,#91CCFA
207,42,98,#91CBFA
208,42,98,#91C9FA
209,42,98,#91C7FA
210,42,98,#91C5FA
211,42,98,#91C4FA
212,42,98,#91C2FA
213,42,98,#91C0FA
214,42,98,#91BEFA
215,42,98,#91BDFA
216,42,98,#91BBFA
217,42,98,#91B9FA
218,42,98,#91B7FA
219,42,98,#91B6FA
220,42,98,#91B4FA
221,42,98,#91B2FA
222,42,98,#91B0FA
223,42,98,#91AFFA
224,42,98,#91ADFA
225,42,98,#91ABFA
226,42,98,#91A9FA
227,42,98,#91A8FA
228,42,98,#91A6FA
229,42,98,#91A4FA
230,42,98,#91A2FA
231,42,98,#91A1FA
232,42,98,#919FFA
233,42,98,#919DFA
234,42,98,#919BFA
235,42,98,#919AFA
236,42,98,#9198FA
237,42,98,#9196FA
238,42,98,#9194FA
239,42,98,#9193FA
240,42,98,#9191FA
241,42,98,#9391FA
242,42,98,#9491FA
243,42,98,#9691FA
244,42,98,#9891FA
245,42,98,#9A91FA
246,42,98,#9B91FA
247,42,98,#9D91FA
248,42,98,#9F91FA
249,42,98,#A191FA
250,42,98,#A291FA
251,42,98,#A491FA
252,42,98,#A691FA
253,42,98,#A891FA
254,42,98,#A991FA
255,42,98,#AB91FA
256,42,98,#AD91FA
257,42,98,#AF91FA
258,42,98,#B091FA
259,42,98,#B291FA
260,42,98,#B491FA
261,42,98,#B691FA
262,42,98,#B791FA
263,42,98,#B991FA
264,42,98,#BB91FA
265,42,98,#BD91FA
266,42,98,#BE91FA
267,42,98,#C091FA
268,42,98,#C291FA
269,42,98,#C491FA
270,42,98,#C591FA
271,42,98,#C791FA
272,42,98,#C991FA
273,42,98,#CB91FA
274,42,98,#CC91FA
275,42,98,#CE91FA
276,42,98,#D091FA
277,42,98,#D291FA
278,42,98,#D391FA
279,42,98,#D591FA
280,42,98,#D791FA
281,42,98,#D991FA
282,42,98,#DA91FA
283,42,98,#DC91FA
284,42,98,#DE91FA
285,42,98,#E091FA
286,42,98,#E191FA
287,42,98,#E391FA
288,42,98,#E591FA
289,42,98,#E791FA
290,42,98,#E891FA
291,42,98,#EA91FA
292,42,98,#EC91FA
293,42,98,#EE91FA
294,42,98,#EF91FA
295,42,98,#F191FA
296,42,98,#F391FA
297,42,98,#F591FA
298,42,98,#F691FA
299,42,98,#F891FA
300,42,98,#FA91FA
301,42,98,#FA91F8
302,42,98,#FA91F6
303,42,98,#FA91F5
304,42,98,#FA91F3
305,42,98,#FA91F1
306,42,98,#FA91EF
307,42,98,#FA91EE
308,42,98,#FA91EC
309,42,98,#FA91EA
310,42,98,#FA91E8
311,42,98,#FA91E7
312,42,98,#FA91E5
313,42,98,#FA91E3
314,42,98,#FA91E1
315,42,98,#FA91E0
316,42,98,#FA91DE
317,42,98,#FA91DC
318,42,98,#FA91DA
319,42,98,#FA91D9
320,42,98,#FA91D7
321,42,98,#FA91D5
322,42,98,#FA91D3
323,42,98,#FA91D2
324,42,98,#FA91D0
325,42,98,#FA91CE
326,42,98,#FA91CC
327,42,98,#FA91CB
328,42,98,#FA91C9
329,42,98,#FA91C7
330,42,98,#FA91C5
331,42,98,#FA91C4
332,42,98,#FA91C2
333,42,98,#FA91C0
334,42,98,#FA91BE
335,42,98,#FA91BD
336,42,98,#FA91BB
337,42,98,#FA91B9
338,42,98,#FA91B7
339,42,98,#FA91B6
340,42,98,#FA91B4
341,42,98,#FA91B2
342,42,98,#FA91B0
343,42,98,#FA91AF
344,42,98,#FA91AD
345,42,98,#FA91AB
346,42,98,#FA91A9
347,42,98,#FA91A8
348,42,98,#FA91A6
349,42,98,#FA91A4
350,42,98,#FA91A2
351,42,98,#FA91A1
352,42,98,#FA919F
353,42,98,#FA919D
354,42,98,#FA919B
355,42,98,#FA919A
356,42,98,#FA9198
357,42,98,#FA9196
358,42,98,#FA9194
359,42,98,#FA9193
0,41,98,#FA9393
1,41,98,#FA9593
2,41,98,#FA9793
3,41,98,#FA9993
4,41,98,#FA9A93
5,41,98,#FA9C93
6,41,98,#FA9E93
7,41,98,#FA9F93
8,41,98,#FAA193
9,41,98,#FAA393
10,41,98,#FAA593
11,41,98,#FAA693
12,41,98,#FAA893
13,41,98,#FAAA93
14,41,98,#FAAB93
15,41,98,#FAAD93
16,41,98,#FAAF93
17,41,98,#FAB093
18,41,98,#FAB293
19,41,98,#FAB493
20,41,98,#FAB693
21,41,98,#FAB793
22,41,98,#FAB993
23,41,98,#FABB93
24,41,98,#FABC93
25,41,98,#FABE93
26,41,98,#FAC093
27,41,98,#FAC293
28,41,98,#FAC393
29,41,98,#FAC593
30,41,98,#FAC793
31,41,98,#FAC893
32,41,98,#FACA93
33,41,98,#FACC93
34,41,98,#FACE93
35,41,98,#FACF93
36,41,98,#FAD193
37,41,98,#FAD393
38,41,98,#FAD493
39,41,98,#FAD693
40,41,98,#FAD893
41,41,98,#FAD993
42,41,98,#FADB93
43,41,98,#FADD93
44,41,98,#FADF93
45,41,98,#FAE093
46,41,98,#FAE293
47,41,98,#FAE493
48,41,98,#FAE593
49,41,98,#FAE793
50,41,98,#FAE993
51,41,98,#FAEB93
52,41,98,#FAEC93
53,41,98,#FAEE93
54,41,98,#FAF093
55,41,98,#FAF193
56,41,98,#FAF393
57,41,98,#FAF593
58,41,98,#FAF693
59,41,98,#FAF893
60,41,98,#FAFA93
61,41,98,#F8FA93
62,41,98,#F6FA93
63,41,98,#F5FA93
64,41,98,#F3FA93
65,41,98,#F1FA93
66,41,98,#F0FA93
67,41,98,#EEFA93
68,41,98,#ECFA93
69,41,98,#EBFA93
70,41,98,#E9FA93
71,41,98,#E7FA93
72,41,98,#E5FA93
73,41,98,#E4FA93
74,41,98,#E2FA93
75,41,98,#E0FA93
76,41,98,#DFFA93
77,41,98,#DDFA93
78,41,98,#DBFA93
79,41,98,#D9FA93
80,41,98,#D8FA93
81,41,98,#D6FA93
82,41,98,#D4FA93
83,41,98,#D3FA93
84,41,98,#D1FA93
85,41,98,#CFFA93
86,41,98,#CEFA93
87,41,98,#CCFA93
88,41,98,#CAFA93
89,41,98,#C8FA93
90,41,98,#C7FA93
91,41,98,#C5FA93
92,41,98,#C3FA93
93,41,98,#C2FA93
94,41,98,#C0FA93
95,41,98,#BEFA93
96,41,98,#BCFA93
97,41,98,#BBFA93
98,41,98,#B9FA93
99,41,98,#B7FA93
100,41,98,#B6FA93
101,41,98,#B4FA93
102,41,98,#B2FA93
103,41,98,#B0FA93
104,41,98,#AFFA93
105,41,98,#ADFA93
106,41,98,#ABFA93
107,41,98,#AAFA93
108,41,98,#A8FA93
109,41,98,#A6FA93
110,41,98,#A5FA93
111,41,98,#A3FA93
112,41,98,#A1FA93
113,41,98,#9FFA93
114,41,98,#9EFA93
115,41,98,#9CFA93
116,41,98,#9AFA93
117,41,98,#99FA93
118,41,98,#97FA93
119,41,98,#95FA93
120,41,98,#93FA93
121,41,98,#93FA95
122,41,98,#93FA97
123,41,98,#93FA99
124,41,98,#93FA9A
125,41,98,#93FA9C
126,41,98,#93FA9E
127,41,98,#93FA9F
128,41,98,#93FAA1
129,41,98,#93FAA3
130,41,98,#93FAA5
131,41,98,#93FAA6
132,41,98,#93FAA8
133,41,98,#93FAAA
134,41,98,#93FAAB
135,41,98,#93FAAD
136,41,98,#93FAAF
137,41,98,#93FAB0
138,41,98,#93FAB2
139,41,98,#93FAB4
140,41,98,#93FAB6
141,41,98,#93FAB7
142,41,98,#93FAB9
143,41,98,#93FABB
144,41,98,#93FABC
145,41,98,#93FABE
146,41,98,#93FAC0
147,41,98,#93FAC2
148,41,98,#93FAC3
149,41,98,#93FAC5
150,41,98,#93FAC7
151,41,98,#93FAC8
152,41,98,#93FACA
153,41,98,#93FACC
154,41,98,#93FACE
155,41,98,#93FACF
156,41,98,#93FAD1
157,41,98,#93FAD3
158,41,98,#93FAD4
159,41,98,#93FAD6
160,41,98,#93FAD8
161,41,98,#93FAD9
162,41,98,#93FADB
163,41,98,#93FADD
164,41,98,#93FADF
165,41,98,#93FAE0
166,41,98,#93FAE2
167,41,98,#93FAE4
168,41,98,#93FAE5
169,41,98,#93FAE7
170,41,98,#93FAE9
171,41,98,#93FAEB
172,41,98,#93FAEC
173,41,98,#93FAEE
174,41,98,#93FAF0
175,41,98,#93FAF1
176,41,98,#93FAF3
177,41,98,#93FAF5
178,41,98,#93FAF6
179,41,98,#93FAF8
180,41,98,#93FAFA
181,41,98,#93F8FA
182,41,98,#93F6FA
183,41,98,#93F5FA
184,41,98,#93F3FA
185,41,98,#93F1FA
186,41,98,#93F0FA
187,41,98,#93EEFA
188,41,98,#93ECFA
189,41,98,#93EBFA
190,41,98,#93E9FA
191,41,98,#93E7FA
192,41,98,#93E5FA
193,41,98,#93E4FA
194,41,98,#93E2FA
195,41,98,#93E0FA
196,41,98,#93DFFA
197,41,98,#93DDFA
198,41,98,#93DBFA
199,41,98,#93D9FA
200,41,98,#93D8FA
201,41,98,#93D6FA
202,41,98,#93D4FA
203,41,98,#93D3FA
204,41,98,#93D1FA
205,41,98,#93CFFA
206,41,98,#93CEFA
207,41,98,#93CCFA
208,41,98,#93CAFA
209,41,98,#93C8FA
210,41,98,#93C7FA
211,41,98,#93C5FA
212,41,98,#93C3FA
213,41,98,#93C2FA
214,41,98,#93C0FA
215,41,98,#93BEFA
216,41,98,#93BCFA
217,41,98,#93BBFA
218,41,98,#93B9FA
219,41,98,#93B7FA
220,41,98,#93B6FA
221,41,98,#93B4FA
222,41,98,#93B2FA
223,41,98,#93B0FA
224,41,98,#93AFFA
225,41,98,#93ADFA
226,41,98,#93ABFA
227,41,98,#93AAFA
228,41,98,#93A8FA
229,41,98,#93A6FA
230,41,98,#93A5FA
231,41,98,#93A3FA
232,41,98,#93A1FA
233,41,98,#939FFA
234,41,98,#939EFA
235,41,98,#939CFA
236,41,98,#939AFA
237,41,98,#9399FA
238,41,98,#9397FA
239,41,98,#9395FA
240,41,98,#9393FA
241,41,98,#9593FA
242,41,98,#9793FA
243,41,98,#9993FA
244,41,98,#9A93FA
245,41,98,#9C93FA
246,41,98,#9E93FA
247,41,98,#9F93FA
248,41,98,#A193FA
249,41,98,#A393FA
250,41,98,#A593FA
251,41,98,#A693FA
252,41,98,#A893FA
253,41,98,#AA93FA
254,41,98,#AB93FA
255,41,98,#AD93FA
256,41,98,#AF93FA
257,41,98,#B093FA
258,41,98,#B293FA
259,41,98,#B493FA
260,41,98,#B693FA
261,41,98,#B793FA
262,41,98,#B993FA
263,41,98,#BB93FA
264,41,98,#BC93FA
265,41,98,#BE93FA
266,41,98,#C093FA
267,41,98,#C293FA
268,41,98,#C393FA
269,41,98,#C593FA
270,41,98,#C793FA
271,41,98,#C893FA
272,41,98,#CA93FA
273,41,98,#CC93FA
274,41,98,#CE93FA
275,41,98,#CF93FA
276,41,98,#D193FA
277,41,98,#D393FA
278,41,98,#D493FA
279,41,98,#D693FA
280,41,98,#D893FA
281,41,98,#D993FA
282,41,98,#DB93FA
283,41,98,#DD93FA
284,41,98,#DF93FA
285,41,98,#E093FA
286,41,98,#E293FA
287,41,98,#E493FA
288,41,98,#E593FA
289,41,98,#E793FA
290,41,98,#E993FA
291,41,98,#EB93FA
292,41,98,#EC93FA
293,41,98,#EE93FA
294,41,98,#F093FA
295,41,98,#F193FA
296,41,98,#F393FA
297,41,98,#F593FA
298,41,98,#F693FA
299,41,98,#F893FA
300,41,98,#FA93FA
301,41,98,#FA93F8
302,41,98,#FA93F6
303,41,98,#FA93F5
304,41,98,#FA93F3
305,41,98,#FA93F1
306,41,98,#FA93F0
307,41,98,#FA93EE
308,41,98,#FA93EC
309,41,98,#FA93EB
310,41,98,#FA93E9
311,41,98,#FA93E7
312,41,98,#FA93E5
313,41,98,#FA93E4
314,41,98,#FA93E2
315,41,98,#FA93E0
316,41,98,#FA93DF
317,41,98,#FA93DD
318,41,98,#FA93DB
319,41,98,#FA93D9
320,41,98,#FA93D8
321,41,98,#FA93D6
322,41,98,#FA93D4
323,41,98,#FA93D3
324,41,98,#FA93D1
325,41,98,#FA93CF
326,41,98,#FA93CE
327,41,98,#FA93CC
328,41,98,#FA93CA
329,41,98,#FA93C8
330,41,98,#FA93C7
331,41,98,#FA93C5
332,41,98,#FA93C3
333,41,98,#FA93C2
334,41,98,#FA93C0
335,41,98,#FA93BE
336,41,98,#FA93BC
337,41,98,#FA93BB
338,41,98,#FA93B9
339,41,98,#FA93B7
340,41,98,#FA93B6
341,41,98,#FA93B4
342,41,98,#FA93B2
343,41,98,#FA93B0
344,41,98,#FA93AF
345,41,98,#FA93AD
346,41,98,#FA93AB
347,41,98,#FA93AA
348,41,98,#FA93A8
349,41,98,#FA93A6
350,41,98,#FA93A5
351,41,98,#FA93A3
352,41,98,#FA93A1
353,41,98,#FA939F
354,41,98,#FA939E
355,41,98,#FA939C
356,41,98,#FA939A
357,41,98,#FA9399
358,41,98,#FA9397
359,41,98,#FA9395
0,40,98,#FA9696
1,40,98,#FA9896
2,40,98,#FA9996
3,40,98,#FA9B96
4,40,98,#FA9D96
5,40,98,#FA9E96
6,40,98,#FAA096
7,40,98,#FAA296
8,40,98,#FAA396
9,40,98,#FAA596
10,40,98,#FAA796
11,40,98,#FAA896
12,40,98,#FAAA96
13,40,98,#FAAC96
14,40,98,#FAAD96
15,40,98,#FAAF96
16,40,98,#FAB196
17,40,98,#FAB296
18,40,98,#FAB496
19,40,98,#FAB696
20,40,98,#FAB796
21,40,98,#FAB996
22,40,98,#FABB96
23,40,98,#FABC96
24,40,98,#FABE96
25,40,98,#FAC096
26,40,98,#FAC196
27,40,98,#FAC396
28,40,98,#FAC596
29,40,98,#FAC696
30,40,98,#FAC896
31,40,98,#FACA96
32,40,98,#FACB96
33,40,98,#FACD96
34,40,98,#FACF96
35,40,98,#FAD096
36,40,98,#FAD296
37,40,98,#FAD496
38,40,98,#FAD596
39,40,98,#FAD796
40,40,98,#FAD996
41,40,98,#FADA96
42,40,98,#FADC96
43,40,98,#FADE96
44,40,98,#FADF96
45,40,98,#FAE196
46,40,98,#FAE396
47,40,98,#FAE496
48,40,98,#FAE696
49,40,98,#FAE896
50,40,98,#FAE996
51,40,98,#FAEB96
52,40,98,#FAED96
53,40,98,#FAEE96
54,40,98,#FAF096
55,40,98,#FAF296
56,40,98,#FAF396
57,40,98,#FAF596
58,40,98,#FAF796
59,40,98,#FAF896
60,40,98,#FAFA96
61,40,98,#F8FA96
62,40,98,#F7FA96
63,40,98,#F5FA96
64,40,98,#F3FA96
65,40,98,#F2FA96
66,40,98,#F0FA96
67,40,98,#EEFA96
68,40,98,#EDFA96
69,40,98,#EBFA96
70,40,98,#E9FA96
71,40,98,#E8FA96
72,40,98,#E6FA96
73,40,98,#E4FA96
74,40,98,#E3FA96
75,40,98,#E1FA96
76,40,98,#DFFA96
77,40,98,#DEFA96
78,40,98,#DCFA96
79,40,98,#DAFA96
80,40,98,#D9FA96
81,40,98,#D7FA96
82,40,98,#D5FA96
83,40,98,#D4FA96
84,40,98,#D2FA96
85,40,98,#D0FA96
86,40,98,#CFFA96
87,40,98,#CDFA96
88,40,98,#CBFA96
89,40,98,#CAFA96
90,40,98,#C8FA96
91,40,98,#C6FA96
92,40,98,#C5FA96
93,40,98,#C3FA96
94,40,98,#C1FA96
95,40,98,#C0FA96
96,40,98,#BEFA96
97,40,98,#BCFA96
98,40,98,#BBFA96
99,40,98,#B9FA96
100,40,98,#B7FA96
101,40,98,#B6FA96
102,40,98,#B4FA96
103,40,98,#B2FA96
104,40,98,#B1FA96
105,40,98,#AFFA96
106,40,98,#ADFA96
107,40,98,#ACFA96
108,40,98,#AAFA96
109,40,98,#A8FA96
110,40,98,#A7FA96
111,40,98,#A5FA96
112,40,98,#A3FA96
113,40,98,#A2FA96
114,40,98,#A0FA96
115,40,98,#9EFA96
116,40,98,#9DFA96
117,40,98,#9BFA96
118,40,98,#99FA96
119,40,98,#98FA96
120,40,98,#96FA96
121,40,98,#96FA98
122,40,98,#96FA99
123,40,98,#96FA9B
124,40,98,#96FA9D
125,40,98,#96FA9E
126,40,98,#96FAA0
127,40,98,#96FAA2
128,40,98,#96FAA3
129,40,98,#96FAA5
130,40,98,#96FAA7
131,40,98,#96FAA8
132,40,98,#96FAAA
133,40,98,#96FAAC
134,40,98,#96FAAD
135,40,98,#96FAAF
136,40,98,#96FAB1
137,40,98,#96FAB2
138,40,98,#96FAB4
139,40,98,#96FAB6
140,40,98,#96FAB7
141,40,98,#96FAB9
142,40,98,#96FABB
143,40,98,#96FABC
144,40,98,#96FABE
145,40,98,#96FAC0
146,40,98,#96FAC1
147,40,98,#96FAC3
148,40,98,#96FAC5
149,40,98,#96FAC6
150,40,98,#96FAC8
151,40,98,#96FACA
152,40,98,#96FACB
153,40,98,#96FACD
154,40,98,#96FACF
155,40,98,#96FAD0
156,40,98,#96FAD2
157,40,98,#96FAD4
158,40,98,#96FAD5
159,40,98,#96FAD7
160,40,98,#96FAD9
161,40,98,#96FADA
162,40,98,#96FADC
163,40,98,#96FADE
164,40,98,#96FADF
165,40,98,#96FAE1
166,40,98,#96FAE3
167,40,98,#96FAE4
168,40,98,#96FAE6
169,40,98,#96FAE8
170,40,98,#96FAE9
171,40,98,#96FAEB
172,40,98,#96FAED
173,40,98,#96FAEE
174,40,98,#96FAF0
175,40,98,#96FAF2
176,40,98,#96FAF3
177,40,98,#96FAF5
178,40,98,#96FAF7
179,40,98,#96FAF8
180,40,98,#96FAFA
181,40,98,#96F8FA
182,40,98,#96F7FA
183,40,98,#96F5FA
184,40,98,#96F3FA
185,40,98,#96F2FA
186,40,98,#96F0FA
187,40,98,#96EEFA
188,40,98,#96EDFA
189,40,98,#96EBFA
190,40,98,#96E9FA
191,40,98,#96E8FA
192,40,98,#96E6FA
193,40,98,#96E4FA
194,40,98,#96E3FA
195,40,98,#96E1FA
196,40,98,#96DFFA
197,40,98,#96DEFA
198,40,98,#96DCFA
199,40,98,#96DAFA
200,40,98,#96D9FA
201,40,98,#96D7FA
202,40,98,#96D5FA
203,40,98,#96D4FA
204,40,98,#96D2FA
205,40,98,#96D0FA
206,40,98,#96CFFA
207,40,98,#96CDFA
208,40,98,#96CBFA
209,40,98,#96CAFA
210,40,98,#96C8FA
211,40,98,#96C6FA
212,40,98,#96C5FA
213,40,98,#96C3FA
214,40,98,#96C1FA
215,40,98,#96C0FA
216,40,98,#96BEFA
217,40,98,#96BCFA
218,40,98,#96BBFA
219,40,98,#96B9FA
220,40,98,#96B7FA
221,40,98,#96B6FA
222,40,98,#96B4FA
223,40,98,#96B2FA
224,40,98,#96B1FA
225,40,98,#96AFFA
226,40,98,#96ADFA
227,40,98,#96ACFA
228,40,98,#96AAFA
229,40,98,#96A8FA
230,40,98,#96A7FA
231,40,98,#96A5FA
232,40,98,#96A3FA
233,40,98,#96A2FA
234,40,98,#96A0FA
235,40,98,#969EFA
236,40,98,#969DFA
237,40,98,#969BFA
238,40,98,#9699FA
239,40,98,#9698FA
240,40,98,#9696FA
241,40,98,#9896FA
242,40,98,#9996FA
243,40,98,#9B96FA
244,40,98,#9D96FA
245,40,98,#9E96FA
246,40,98,#A096FA
247,40,98,#A296FA
248,40,98,#A396FA
249,40,98,#A596FA
250,40,98,#A796FA
251,40,98,#A896FA
252,40,98,#AA96FA
253,40,98,#AC96FA
254,40,98,#AD96FA
255,40,98,#AF96FA
256,40,98,#B196FA
257,40,98,#B296FA
258,40,98,#B496FA
259,40,98,#B696FA
260,40,98,#B796FA
261,40,98,#B996FA
262,40,98,#BB96FA
263,40,98,#BC96FA
264,40,98,#BE96FA
265,40,98,#C096FA
266,40,98,#C196FA
267,40,98,#C396FA
268,40,98,#C596FA
269,40,98,#C696FA
270,40,98,#C896FA
271,40,98,#CA96FA
272,40,98,#CB96FA
273,40,98,#CD96FA
274,40,98,#CF96FA
275,40,98,#D096FA
276,40,98,#D296FA
277,40,98,#D496FA
278,40,98,#D596FA
279,40,98,#D796FA
280,40,98,#D996FA
281,40,98,#DA96FA
282,40,98,#DC96FA
283,40,98,#DE96FA
284,40,98,#DF96FA
285,40,98,#E196FA
286,40,98,#E396FA
287,40,98,#E496FA
288,40,98,#E696FA
289,40,98,#E896FA
290,40,98,#E996FA
291,40,98,#EB96FA
292,40,98,#ED96FA
293,40,98,#EE96FA
294,40,98,#F096FA
295,40,98,#F296FA
296,40,98,#F396FA
297,40,98,#F596FA
298,40,98,#F796FA
299,40,98,#F896FA
300,40,98,#FA96FA
301,40,98,#FA96F8
302,40,98,#FA96F7
303,40,98,#FA96F5
304,40,98,#FA96F3
305,40,98,#FA96F2
306,40,98,#FA96F0
307,40,98,#FA96EE
308,40,98,#FA96ED
309,40,98,#FA96EB
310,40,98,#FA96E9
311,40,98,#FA96E8
312,40,98,#FA96E6
313,40,98,#FA96E4
314,40,98,#FA96E3
315,40,98,#FA96E1
316,40,98,#FA96DF
317,40,98,#FA96DE
318,40,98,#FA96DC
319,40,98,#FA96DA
320,40,98,#FA96D9
321,40,98,#FA96D7
322,40,98,#FA96D5
323,40,98,#FA96D4
324,40,98,#FA96D2
325,40,98,#FA96D0
326,40,98,#FA96CF
327,40,98,#FA96CD
328,40,98,#FA96CB
329,40,98,#FA96CA
330,40,98,#FA96C8
331,40,98,#FA96C6
332,40,98,#FA96C5
333,40,98,#FA96C3
334,40,98,#FA96C1
335,40,98,#FA96C0
336,40,98,#FA96BE
337,40,98,#FA96BC
338,40,98,#FA96BB
339,40,98,#FA96B9
340,40,98,#FA96B7
341,40,98,#FA96B6
342,40,98,#FA96B4
343,40,98,#FA96B2
344,40,98,#FA96B1
345,40,98,#FA96AF
346,40,98,#FA96AD
347,40,98,#FA96AC
348,40,98,#FA96AA
349,40,98,#FA96A8
350,40,98,#FA96A7
351,40,98,#FA96A5
352,40,98,#FA96A3
353,40,98,#FA96A2
354,40,98,#FA96A0
355,40,98,#FA969E
356,40,98,#FA969D
357,40,98,#FA969B
358,40,98,#FA9699
359,40,98,#FA9698
0,39,98,#FA9898
1,39,98,#FA9A98
2,39,98,#FA9C98
3,39,98,#FA9D98
4,39,98,#FA9F98
5,39,98,#FAA198
6,39,98,#FAA298
7,39,98,#FAA498
8,39,98,#FAA598
9,39,98,#FAA798
10,39,98,#FAA998
11,39,98,#FAAA98
12,39,98,#FAAC98
13,39,98,#FAAE98
14,39,98,#FAAF98
15,39,98,#FAB198
16,39,98,#FAB298
17,39,98,#FAB498
18,39,98,#FAB698
19,39,98,#FAB798
20,39,98,#FAB998
21,39,98,#FABB98
22,39,98,#FABC98
23,39,98,#FABE98
24,39,98,#FABF98
25,39,98,#FAC198
26,39,98,#FAC398
27,39,98,#FAC498
28,39,98,#FAC698
29,39,98,#FAC898
30,39,98,#FAC998
31,39,98,#FACB98
32,39,98,#FACC98
33,39,98,#FACE98
34,39,98,#FAD098
35,39,98,#FAD198
36,39,98,#FAD398
37,39,98,#FAD598
38,39,98,#FAD698
39,39,98,#FAD898
40,39,98,#FAD998
41,39,98,#FADB98
42,39,98,#FADD98
43,39,98,#FADE98
44,39,98,#FAE098
45,39,98,#FAE298
46,39,98,#FAE398
47,39,98,#FAE598
48,39,98,#FAE698
49,39,98,#FAE898
50,39,98,#FAEA98
51,39,98,#FAEB98
52,39,98,#FAED98
53,39,98,#FAEF98
54,39,98,#FAF098
55,39,98,#FAF298
56,39,98,#FAF398
57,39,98,#FAF598
58,39,98,#FAF798
59,39,98,#FAF898
60,39,98,#FAFA98
61,39,98,#F8FA98
62,39,98,#F7FA98
63,39,98,#F5FA98
64,39,98,#F3FA98
65,39,98,#F2FA98
66,39,98,#F0FA98
67,39,98,#EFFA98
68,39,98,#EDFA98
69,39,98,#EBFA98
70,39,98,#EAFA98
71,39,98,#E8FA98
72,39,98,#E6FA98
73,39,98,#E5FA98
74,39,98,#E3FA98
75,39,98,#E2FA98
76,39,98,#E0FA98
77,39,98,#DEFA98
78,39,98,#DDFA98
79,39,98,#DBFA98
80,39,98,#D9FA98
81,39,98,#D8FA98
82,39,98,#D6FA98
83,39,98,#D5FA98
84,39,98,#D3FA98
85,39,98,#D1FA98
86,39,98,#D0FA98
87,39,98,#CEFA98
88,39,98,#CCFA98
89,39,98,#CBFA98
90,39,98,#C9FA98
91,39,98,#C8FA98
92,39,98,#C6FA98
93,39,98,#C4FA98
94,39,98,#C3FA98
95,39,98,#C1FA98
96,39,98,#BFFA98
97,39,98,#BEFA98
98,39,98,#BCFA98
99,39,98,#BBFA98
100,39,98,#B9FA98
101,39,98,#B7FA98
102,39,98,#B6FA98
103,39,98,#B4FA98
104,39,98,#B2FA98
105,39,98,#B1FA98
106,39,98,#AFFA98
107,39,98,#AEFA98
108,39,98,#ACFA98
109,39,98,#AAFA98
110,39,98,#A9FA98
111,39,98,#A7FA98
112,39,98,#A5FA98
113,39,98,#A4FA98
114,39,98,#A2FA98
115,39,98,#A1FA98
116,39,98,#9FFA98
117,39,98,#9DFA98
118,39,98,#9CFA98
119,39,98,#9AFA98
120,39,98,#98FA98
121,39,98,#98FA9A
122,39,98,#98FA9C
123,39,98,#98FA9D
124,39,98,#98FA9F
125,39,98,#98FAA1
126,39,98,#98FAA2
127,39,98,#98FAA4
128,39,98,#98FAA5
129,39,98,#98FAA7
130,39,98,#98FAA9
131,39,98,#98FAAA
132,39,98,#98FAAC
133,39,98,#98FAAE
134,39,98,#98FAAF
135,39,98,#98FAB1
136,39,98,#98FAB2
137,39,98,#98FAB4
138,39,98,#98FAB6
139,39,98,#98FAB7
140,39,98,#98FAB9
141,39,98,#98FABB
142,39,98,#98FABC
143,39,98,#98FABE
144,39,98,#98FABF
145,39,98,#98FAC1
146,39,98,#98FAC3
147,39,98,#98FAC4
148,39,98,#98FAC6
149,39,98,#98FAC8
150,39,98,#98FAC9
151,39,98,#98FACB
152,39,98,#98FACC
153,39,98,#98FACE
154,39,98,#98FAD0
155,39,98,#98FAD1
156,39,98,#98FAD3
157,39,98,#98FAD5
158,39,98,#98FAD6
159,39,98,#98FAD8
160,39,98,#98FAD9
161,39,98,#98FADB
162,39,98,#98FADD
163,39,98,#98FADE
164,39,98,#98FAE0
165,39,98,#98FAE2
166,39,98,#98FAE3
167,39,98,#98FAE5
168,39,98,#98FAE6
169,39,98,#98FAE8
170,39,98,#98FAEA
171,39,98,#98FAEB
172,39,98,#98FAED
173,39,98,#98FAEF
174,39,98,#98FAF0
175,39,98,#98FAF2
176,39,98,#98FAF3
177,39,98,#98FAF5
178,39,98,#98FAF7
179,39,98,#98FAF8
180,39,98,#98FAFA
181,39,98,#98F8FA
182,39,98,#98F7FA
183,39,98,#98F5FA
184,39,98,#98F3FA
185,39,98,#98F2FA
186,39,98,#98F0FA
187,39,98,#98EFFA
188,39,98,#98EDFA
189,39,98,#98EBFA
190,39,98,#98EAFA
191,39,98,#98E8FA
192,39,98,#98E6FA
193,39,98,#98E5FA
194,39,98,#98E3FA
195,39,98,#98E2FA
196,39,98,#98E0FA
197,39,98,#98DEFA
198,39,98,#98DDFA
199,39,98,#98DBFA
200,39,98,#98D9FA
201,39,98,#98D8FA
202,39,98,#98D6FA
203,39,98,#98D5FA
204,39,98,#98D3FA
205,39,98,#98D1FA
206,39,98,#98D0FA
207,39,98,#98CEFA
208,39,98,#98CCFA
209,39,98,#98CBFA
210,39,98,#98C9FA
211,39,98,#98C8FA
212,39,98,#98C6FA
213,39,98,#98C4FA
214,39,98,#98C3FA
215,39,98,#98C1FA
216,39,98,#98BFFA
217,39,98,#98BEFA
218,39,98,#98BCFA
219,39,98,#98BBFA
220,39,98,#98B9FA
221,39,98,#98B7FA
222,39,98,#98B6FA
223,39,98,#98B4FA
224,39,98,#98B2FA
225,39,98,#98B1FA
226,39,98,#98AFFA
227,39,98,#98AEFA
228,39,98,#98ACFA
229,39,98,#98AAFA
230,39,98,#98A9FA
231,39,98,#98A7FA
232,39,98,#98A5FA
233,39,98,#98A4FA
234,39,98,#98A2FA
235,39,98,#98A1FA
236,39,98,#989FFA
237,39,98,#989DFA
238,39,98,#989CFA
239,39,98,#989AFA
240,39,98,#9898FA
241,39,98,#9A98FA
242,39,98,#9C98FA
243,39,98,#9D98FA
244,39,98,#9F98FA
245,39,98,#A198FA
246,39,98,#A298FA
247,39,98,#A498FA
248,39,98,#A598FA
249,39,98,#A798FA
250,39,98,#A998FA
251,39,98,#AA98FA
252,39,98,#AC98FA
253,39,98,#AE98FA
254,39,98,#AF98FA
255,39,98,#B198FA
256,39,98,#B298FA
257,39,98,#B498FA
258,39,98,#B698FA
259,39,98,#B798FA
260,39,98,#B998FA
261,39,98,#BB98FA
262,39,98,#BC98FA
263,39,98,#BE98FA
264,39,98,#BF98FA
265,39,98,#C198FA
266,39,98,#C398FA
267,39,98,#C498FA
268,39,98,#C698FA
269,39,98,#C898FA
270,39,98,#C998FA
271,39,98,#CB98FA
272,39,98,#CC98FA
273,39,98,#CE98FA
274,39,98,#D098FA
275,39,98,#D198FA
276,39,98,#D398FA
277,39,98,#D598FA
278,39,98,#D698FA
279,39,98,#D898FA
280,39,98,#D998FA
281,39,98,#DB98FA
282,39,98,#DD98FA
283,39,98,#DE98FA
284,39,98,#E098FA
285,39,98,#E298FA
286,39,98,#E398FA
287,39,98,#E598FA
288,39,98,#E698FA
289,39,98,#E898FA
290,39,98,#EA98FA
291,39,98,#EB98FA
292,39,98,#ED98FA
293,39,98,#EF98FA
294,39,98,#F098FA
295,39,98,#F298FA
296,39,98,#F398FA
297,39,98,#F598FA
298,39,98,#F798FA
299,39,98,#F898FA
300,39,98,#FA98FA
301,39,98,#FA98F8
302,39,98,#FA98F7
303,39,98,#FA98F5
304,39,98,#FA98F3
305,39,98,#FA98F2
306,39,98,#FA98F0
307,39,98,#FA98EF
308,39,98,#FA98ED
309,39,98,#FA98EB
310,39,98,#FA98EA
311,39,98,#FA98E8
312,39,98,#FA98E6
313,39,98,#FA98E5
314,39,98,#FA98E3
315,39,98,#FA98E2
316,39,98,#FA98E0
317,39,98,#FA98DE
318,39,98,#FA98DD
319,39,98,#FA98DB
320,39,98,#FA98D9
321,39,98,#FA98D8
322,39,98,#FA98D6
323,39,98,#FA98D5
324,39,98,#FA98D3
325,39,98,#FA98D1
326,39,98,#FA98D0
327,39,98,#FA98CE
328,39,98,#FA98CC
329,39,98,#FA98CB
330,39,98,#FA98C9
331,39,98,#FA98C8
332,39,98,#FA98C6
333,39,98,#FA98C4
334,39,98,#FA98C3
335,39,98,#FA98C1
336,39,98,#FA98BF
337,39,98,#FA98BE
338,39,98,#FA98BC
339,39,98,#FA98BB
340,39,98,#FA98B9
341,39,98,#FA98B7
342,39,98,#FA98B6
343,39,98,#FA98B4
344,39,98,#FA98B2
345,39,98,#FA98B1
346,39,98,#FA98AF
347,39,98,#FA98AE
348,39,98,#FA98AC
349,39,98,#FA98AA
350,39,98,#FA98A9
351,39,98,#FA98A7
352,39,98,#FA98A5
353,39,98,#FA98A4
354,39,98,#FA98A2
355,39,98,#FA98A1
356,39,98,#FA989F
357,39,98,#FA989D
358,39,98,#FA989C
359,39,98,#FA989A
0,38,98,#FA9B9B
1,38,98,#FA9D9B
2,38,98,#FA9E9B
3,38,98,#FAA09B
4,38,98,#FAA19B
5,38,98,#FAA39B
6,38,98,#FAA49B
7,38,98,#FAA69B
8,38,98,#FAA89B
9,38,98,#FAA99B
10,38,98,#FAAB9B
11,38,98,#FAAC9B
12,38,98,#FAAE9B
13,38,98,#FAB09B
14,38,98,#FAB19B
15,38,98,#FAB39B
16,38,98,#FAB49B
17,38,98,#FAB69B
18,38,98,#FAB79B
19,38,98,#FAB99B
20,38,98,#FABB9B
21,38,98,#FABC9B
22,38,98,#FABE9B
23,38,98,#FABF9B
24,38,98,#FAC19B
25,38,98,#FAC39B
26,38,98,#FAC49B
27,38,98,#FAC69B
28,38,98,#FAC79B
29,38,98,#FAC99B
30,38,98,#FACA9B
31,38,98,#FACC9B
32,38,98,#FACE9B
33,38,98,#FACF9B
34,38,98,#FAD19B
35,38,98,#FAD29B
36,38,98,#FAD49B
37,38,98,#FAD59B
38,38,98,#FAD79B
39,38,98,#FAD99B
40,38,98,#FADA9B
41,38,98,#FADC9B
42,38,98,#FADD9B
43,38,98,#FADF9B
44,38,98,#FAE19B
45,38,98,#FAE29B
46,38,98,#FAE49B
47,38,98,#FAE59B
48,38,98,#FAE79B
49,38,98,#FAE89B
50,38,98,#FAEA9B
51,38,98,#FAEC9B
52,38,98,#FAED9B
53,38,98,#FAEF9B
54,38,98,#FAF09B
55,38,98,#FAF29B
56,38,98,#FAF49B
57,38,98,#FAF59B
58,38,98,#FAF79B
59,38,98,#FAF89B
60,38,98,#FAFA9B
61,38,98,#F8FA9B
62,38,98,#F7FA9B
63,38,98,#F5FA9B
64,38,98,#F4FA9B
65,38,98,#F2FA9B
66,38,98,#F0FA9B
67,38,98,#EFFA9B
68,38,98,#EDFA9B
69,38,98,#ECFA9B
70,38,98,#EAFA9B
71,38,98,#E8FA9B
72,38,98,#E7FA9B
73,38,98,#E5FA9B
74,38,98,#E4FA9B
75,38,98,#E2FA9B
76,38,98,#E1FA9B
77,38,98,#DFFA9B
78,38,98,#DDFA9B
79,38,98,#DCFA9B
80,38,98,#DAFA9B
81,38,98,#D9FA9B
82,38,98,#D7FA9B
83,38,98,#D5FA9B
84,38,98,#D4FA9B
85,38,98,#D2FA9B
86,38,98,#D1FA9B
87,38,98,#CFFA9B
88,38,98,#CEFA9B
89,38,98,#CCFA9B
90,38,98,#CAFA9B
91,38,98,#C9FA9B
92,38,98,#C7FA9B
93,38,98,#C6FA9B
94,38,98,#C4FA9B
95,38,98,#C3FA9B
96,38,98,#C1FA9B
97,38,98,#BFFA9B
98,38,98,#BEFA9B
99,38,98,#BCFA9B
100,38,98,#BBFA9B
101,38,98,#B9FA9B
102,38,98,#B7FA9B
103,38,98,#B6FA9B
104,38,98,#B4FA9B
105,38,98,#B3FA9B
106,38,98,#B1FA9B
107,38,98,#B0FA9B
108,38,98,#AEFA9B
109,38,98,#ACFA9B
110,38,98,#ABFA9B
111,38,98,#A9FA9B
112,38,98,#A8FA9B
113,38,98,#A6FA9B
114,38,98,#A4FA9B
115,38,98,#A3FA9B
116,38,98,#A1FA9B
117,38,98,#A0FA9B
118,38,98,#9EFA9B
119,38,98,#9DFA9B
120,38,98,#9BFA9B
121,38,98,#9BFA9D
122,38,98,#9BFA9E
123,38,98,#9BFAA0
124,38,98,#9BFAA1
125,38,98,#9BFAA3
126,38,98,#9BFAA4
127,38,98,#9BFAA6
128,38,98,#9BFAA8
129,38,98,#9BFAA9
130,38,98,#9BFAAB
131,38,98,#9BFAAC
132,38,98,#9BFAAE
133,38,98,#9BFAB0
134,38,98,#9BFAB1
135,38,98,#9BFAB3
136,38,98,#9BFAB4
137,38,98,#9BFAB6
138,38,98,#9BFAB7
139,38,98,#9BFAB9
140,38,98,#9BFABB
141,38,98,#9BFABC
142,38,98,#9BFABE
143,38,98,#9BFABF
144,38,98,#9BFAC1
145,38,98,#9BFAC3
146,38,98,#9BFAC4
147,38,98,#9BFAC6
148,38,98,#9BFAC7
149,38,98,#9BFAC9
150,38,98,#9BFACA
151,38,98,#9BFACC
152,38,98,#9BFACE
153,38,98,#9BFACF
154,38,98,#9BFAD1
155,38,98,#9BFAD2
156,38,98,#9BFAD4
157,38,98,#9BFAD5
158,38,98,#9BFAD7
159,38,98,#9BFAD9
160,38,98,#9BFADA
161,38,98,#9BFADC
162,38,98,#9BFADD
163,38,98,#9BFADF
164,38,98,#9BFAE1
165,38,98,#9BFAE2
166,38,98,#9BFAE4
167,38,98,#9BFAE5
168,38,98,#9BFAE7
169,38,98,#9BFAE8
170,38,98,#9BFAEA
171,38,98,#9BFAEC
172,38,98,#9BFAED
173,38,98,#9BFAEF
174,38,98,#9BFAF0
175,38,98,#9BFAF2
176,38,98,#9BFAF4
177,38,98,#9BFAF5
178,38,98,#9BFAF7
179,38,98,#9BFAF8
180,38,98,#9BFAFA
181,38,98,#9BF8FA
182,38,98,#9BF7FA
183,38,98,#9BF5FA
184,38,98,#9BF4FA
185,38,98,#9BF2FA
186,38,98,#9BF0FA
187,38,98,#9BEFFA
188,38,98,#9BEDFA
189,38,98,#9BECFA
190,38,98,#9BEAFA
191,38,98,#9BE8FA
192,38,98,#9BE7FA
193,38,98,#9BE5FA
194,38,98,#9BE4FA
195,38,98,#9BE2FA
196,38,98,#9BE1FA
197,38,98,#9BDFFA
198,38,98,#9BDDFA
199,38,98,#9BDCFA
200,38,98,#9BDAFA
201,38,98,#9BD9FA
202,38,98,#9BD7FA
203,38,98,#9BD5FA
204,38,98,#9BD4FA
205,38,98,#9BD2FA
206,38,98,#9BD1FA
207,38,98,#9BCFFA
208,38,98,#9BCEFA
209,38,98,#9BCCFA
210,38,98,#9BCAFA
211,38,98,#9BC9FA
212,38,98,#9BC7FA
213,38,98,#9BC6FA
214,38,98,#9BC4FA
215,38,98,#9BC3FA
216,38,98,#9BC1FA
217,38,98,#9BBFFA
218,38,98,#9BBEFA
219,38,98,#9BBCFA
220,38,98,#9BBBFA
221,38,98,#9BB9FA
222,38,98,#9BB7FA
223,38,98,#9BB6FA
224,38,98,#9BB4FA
225,38,98,#9BB3FA
226,38,98,#9BB1FA
227,38,98,#9BB0FA
228,38,98,#9BAEFA
229,38,98,#9BACFA
230,38,98,#9BABFA
231,38,98,#9BA9FA
232,38,98,#9BA8FA
233,38,98,#9BA6FA
234,38,98,#9BA4FA
235,38,98,#9BA3FA
236,38,98,#9BA1FA
237,38,98,#9BA0FA
238,38,98,#9B9EFA
239,38,98,#9B9DFA
240,38,98,#9B9BFA
241,38,98,#9D9BFA
242,38,98,#9E9BFA
243,38,98,#A09BFA
244,38,98,#A19BFA
245,38,98,#A39BFA
246,38,98,#A49BFA
247,38,98,#A69BFA
248,38,98,#A89BFA
249,38,98,#A99BFA
250,38,98,#AB9BFA
251,38,98,#AC9BFA
252,38,98,#AE9BFA
253,38,98,#B09BFA
254,38,98,#B19BFA
255,38,98,#B39BFA
256,38,98,#B49BFA
257,38,98,#B69BFA
258,38,98,#B79BFA
259,38,98,#B99BFA
260,38,98,#BB9BFA
261,38,98,#BC9BFA
262,38,98,#BE9BFA
263,38,98,#BF9BFA
264,38,98,#C19BFA
265,38,98,#C39BFA
266,38,98,#C49BFA
267,38,98,#C69BFA
268,38,98,#C79BFA
269,38,98,#C99BFA
270,38,98,#CA9BFA
271,38,98,#CC9BFA
272,38,98,#CE9BFA
273,38,98,#CF9BFA
274,38,98,#D19BFA
275,38,98,#D29BFA
276,38,98,#D49BFA
277,38,98,#D59BFA
278,38,98,#D79BFA
279,38,98,#D99BFA
280,38,98,#DA9BFA
281,38,98,#DC9BFA
282,38,98,#DD9BFA
283,38,98,#DF9BFA
284,38,98,#E19BFA
285,38,98,#E29BFA
286,38,98,#E49BFA
287,38,98,#E59BFA
288,38,98,#E79BFA
289,38,98,#E89BFA
290,38,98,#EA9BFA
291,38,98,#EC9BFA
292,38,98,#ED9BFA
293,38,98,#EF9BFA
294,38,98,#F09BFA
295,38,98,#F29BFA
296,38,98,#F49BFA
297,38,98,#F59BFA
298,38,98,#F79BFA
299,38,98,#F89BFA
300,38,98,#FA9BFA
301,38,98,#FA9BF8
302,38,98,#FA9BF7
303,38,98,#FA9BF5
304,38,98,#FA9BF4
305,38,98,#FA9BF2
306,38,98,#FA9BF0
307,38,98,#FA9BEF
308,38,98,#FA9BED
309,38,98,#FA9BEC
310,38,98,#FA9BEA
311,38,98,#FA9BE8
312,38,98,#FA9BE7
313,38,98,#FA9BE5
314,38,98,#FA9BE4
315,38,98,#FA9BE2
316,38,98,#FA9BE1
317,38,98,#FA9BDF
318,38,98,#FA9BDD
319,38,98,#FA9BDC
320,38,98,#FA9BDA
321,38,98,#FA9BD9
322,38,98,#FA9BD7
323,38,98,#FA9BD5
324,38,98,#FA9BD4
325,38,98,#FA9BD2
326,38,98,#FA9BD1
327,38,98,#FA9BCF
328,38,98,#FA9BCE
329,38,98,#FA9BCC
330,38,98,#FA9BCA
331,38,98,#FA9BC9
332,38,98,#FA9BC7
333,38,98,#FA9BC6
334,38,98,#FA9BC4
335,38,98,#FA9BC3
336,38,98,#FA9BC1
337,38,98,#FA9BBF
338,38,98,#FA9BBE
339,38,98,#FA9BBC
340,38,98,#FA9BBB
341,38,98,#FA9BB9
342,38,98,#FA9BB7
343,38,98,#FA9BB6
344,38,98,#FA9BB4
345,38,98,#FA9BB3
346,38,98,#FA9BB1
347,38,98,#FA9BB0
348,38,98,#FA9BAE
349,38,98,#FA9BAC
350,38,98,#FA9BAB
351,38,98,#FA9BA9
352,38,98,#FA9BA8
353,38,98,#FA9BA6
354,38,98,#FA9BA4
355,38,98,#FA9BA3
356,38,98,#FA9BA1
357,38,98,#FA9BA0
358,38,98,#FA9B9E
359,38,98,#FA9B9D
0,37,98,#FA9D9D
1,37,98,#FA9F9D
2,37,98,#FAA19D
3,37,98,#FAA29D
4,37,98,#FAA49D
5,37,98,#FAA59D
6,37,98,#FAA79D
7,37,98,#FAA89D
8,37,98,#FAAA9D
9,37,98,#FAAB9D
10,37,98,#FAAD9D
11,37,98,#FAAE9D
12,37,98,#FAB09D
13,37,98,#FAB19D
14,37,98,#FAB39D
15,37,98,#FAB59D
16,37,98,#FAB69D
17,37,98,#FAB89D
18,37,98,#FAB99D
19,37,98,#FABB9D
20,37,98,#FABC9D
21,37,98,#FABE9D
22,37,98,#FABF9D
23,37,98,#FAC19D
24,37,98,#FAC29D
25,37,98,#FAC49D
26,37,98,#FAC69D
27,37,98,#FAC79D
28,37,98,#FAC99D
29,37,98,#FACA9D
30,37,98,#FACC9D
31,37,98,#FACD9D
32,37,98,#FACF9D
33,37,98,#FAD09D
34,37,98,#FAD29D
35,37,98,#FAD39D
36,37,98,#FAD59D
37,37,98,#FAD69D
38,37,98,#FAD89D
39,37,98,#FADA9D
40,37,98,#FADB9D
41,37,98,#FADD9D
42,37,98,#FADE9D
43,37,98,#FAE09D
44,37,98,#FAE19D
45,37,98,#FAE39D
46,37,98,#FAE49D
47,37,98,#FAE69D
48,37,98,#FAE79D
49,37,98,#FAE99D
50,37,98,#FAEA9D
51,37,98,#FAEC9D
52,37,98,#FAEE9D
53,37,98,#FAEF9D
54,37,98,#FAF19D
55,37,98,#FAF29D
56,37,98,#FAF49D
57,37,98,#FAF59D
58,37,98,#FAF79D
59,37,98,#FAF89D
60,37,98,#FAFA9D
61,37,98,#F8FA9D
62,37,98,#F7FA9D
63,37,98,#F5FA9D
64,37,98,#F4FA9D
65,37,98,#F2FA9D
66,37,98,#F1FA9D
67,37,98,#EFFA9D
68,37,98,#EEFA9D
69,37,98,#ECFA9D
70,37,98,#EAFA9D
71,37,98,#E9FA9D
72,37,98,#E7FA9D
73,37,98,#E6FA9D
74,37,98,#E4FA9D
75,37,98,#E3FA9D
76,37,98,#E1FA9D
77,37,98,#E0FA9D
78,37,98,#DEFA9D
79,37,98,#DDFA9D
80,37,98,#DBFA9D
81,37,98,#DAFA9D
82,37,98,#D8FA9D
83,37,98,#D6FA9D
84,37,98,#D5FA9D
85,37,98,#D3FA9D
86,37,98,#D2FA9D
87,37,98,#D0FA9D
88,37,98,#CFFA9D
89,37,98,#CDFA9D
90,37,98,#CCFA9D
91,37,98,#CAFA9D
92,37,98,#C9FA9D
93,37,98,#C7FA9D
94,37,98,#C6FA9D
95,37,98,#C4FA9D
96,37,98,#C2FA9D
97,37,98,#C1FA9D
98,37,98,#BFFA9D
99,37,98,#BEFA9D
100,37,98,#BCFA9D
101,37,98,#BBFA9D
102,37,98,#B9FA9D
103,37,98,#B8FA9D
104,37,98,#B6FA9D
105,37,98,#B5FA9D
106,37,98,#B3FA9D
107,37,98,#B1FA9D
108,37,98,#B0FA9D
109,37,98,#AEFA9D
110,37,98,#ADFA9D
111,37,98,#ABFA9D
112,37,98,#AAFA9D
113,37,98,#A8FA9D
114,37,98,#A7FA9D
115,37,98,#A5FA9D
116,37,98,#A4FA9D
117,37,98,#A2FA9D
118,37,98,#A1FA9D
119,37,98,#9FFA9D
120,37,98,#9DFA9D
121,37,98,#9DFA9F
122,37,98,#9DFAA1
123,37,98,#9DFAA2
124,37,98,#9DFAA4
125,37,98,#9DFAA5
126,37,98,#9DFAA7
127,37,98,#9DFAA8
128,37,98,#9DFAAA
129,37,98,#9DFAAB
130,37,98,#9DFAAD
131,37,98,#9DFAAE
132,37,98,#9DFAB0
133,37,98,#9DFAB1
134,37,98,#9DFAB3
135,37,98,#9DFAB5
136,37,98,#9DFAB6
137,37,98,#9DFAB8
138,37,98,#9DFAB9
139,37,98,#9DFABB
140,37,98,#9DFABC
141,37,98,#9DFABE
142,37,98,#9DFABF
143,37,98,#9DFAC1
144,37,98,#9DFAC2
145,37,98,#9DFAC4
146,37,98,#9DFAC6
147,37,98,#9DFAC7
148,37,98,#9DFAC9
149,37,98,#9DFACA
150,37,98,#9DFACC
151,37,98,#9DFACD
152,37,98,#9DFACF
153,37,98,#9DFAD0
154,37,98,#9DFAD2
155,37,98,#9DFAD3
156,37,98,#9DFAD5
157,37,98,#9DFAD6
158,37,98,#9DFAD8
159,37,98,#9DFADA
160,37,98,#9DFADB
161,37,98,#9DFADD
162,37,98,#9DFADE
163,37,98,#9DFAE0
164,37,98,#9DFAE1
165,37,98,#9DFAE3
166,37,98,#9DFAE4
167,37,98,#9DFAE6
168,37,98,#9DFAE7
169,37,98,#9DFAE9
170,37,98,#9DFAEA
171,37,98,#9DFAEC
172,37,98,#9DFAEE
173,37,98,#9DFAEF
174,37,98,#9DFAF1
175,37,98,#9DFAF2
176,37,98,#9DFAF4
177,37,98,#9DFAF5
178,37,98,#9DFAF7
179,37,98,#9DFAF8
180,37,98,#9DFAFA
181,37,98,#9DF8FA
182,37,98,#9DF7FA
183,37,98,#9DF5FA
184,37,98,#9DF4FA
185,37,98,#9DF2FA
186,37,98,#9DF1FA
187,37,98,#9DEFFA
188,37,98,#9DEEFA
189,37,98,#9DECFA
190,37,98,#9DEAFA
191,37,98,#9DE9FA
192,37,98,#9DE7FA
193,37,98,#9DE6FA
194,37,98,#9DE4FA
195,37,98,#9DE3FA
196,37,98,#9DE1FA
197,37,98,#9DE0FA
198,37,98,#9DDEFA
199,37,98,#9DDDFA
200,37,98,#9DDBFA
201,37,98,#9DDAFA
202,37,98,#9DD8FA
203,37,98,#9DD6FA
204,37,98,#9DD5FA
205,37,98,#9DD3FA
206,37,98,#9DD2FA
207,37,98,#9DD0FA
208,37,98,#9DCFFA
209,37,98,#9DCDFA
210,37,98,#9DCCFA
211,37,98,#9DCAFA
212,37,98,#9DC9FA
213,37,98,#9DC7FA
214,37,98,#9DC6FA
215,37,98,#9DC4FA
216,37,98,#9DC2FA
217,37,98,#9DC1FA
218,37,98,#9DBFFA
219,37,98,#9DBEFA
220,37,98,#9DBCFA
221,37,98,#9DBBFA
222,37,98,#9DB9FA
223,37,98,#9DB8FA
224,37,98,#9DB6FA
225,37,98,#9DB5FA
226,37,98,#9DB3FA
227,37,98,#9DB1FA
228,37,98,#9DB0FA
229,37,98,#9DAEFA
230,37,98,#9DADFA
231,37,98,#9DABFA
232,37,98,#9DAAFA
233,37,98,#9DA8FA
234,37,98,#9DA7FA
235,37,98,#9DA5FA
236,37,98,#9DA4FA
237,37,98,#9DA2FA
238,37,98,#9DA1FA
239,37,98,#9D9FFA
240,37,98,#9D9DFA
241,37,98,#9F9DFA
242,37,98,#A19DFA
243,37,98,#A29DFA
244,37,98,#A49DFA
245,37,98,#A59DFA
246,37,98,#A79DFA
247,37,98,#A89DFA
248,37,98,#AA9DFA
249,37,98,#AB9DFA
250,37,98,#AD9DFA
251,37,98,#AE9DFA
252,37,98,#B09DFA
253,37,98,#B19DFA
254,37,98,#B39DFA
255,37,98,#B59DFA
256,37,98,#B69DFA
257,37,98,#B89DFA
258,37,98,#B99DFA
259,37,98,#BB9DFA
260,37,98,#BC9DFA
261,37,98,#BE9DFA
262,37,98,#BF9DFA
263,37,98,#C19DFA
264,37,98,#C29DFA
265,37,98,#C49DFA
266,37,98,#C69DFA
267,37,98,#C79DFA
268,37,98,#C99DFA
269,37,98,#CA9DFA
270,37,98,#CC9DFA
271,37,98,#CD9DFA
272,37,98,#CF9DFA
273,37,98,#D09DFA
274,37,98,#D29DFA
275,37,98,#D39DFA
276,37,98,#D59DFA
277,37,98,#D69DFA
278,37,98,#D89DFA
279,37,98,#DA9DFA
280,37,98,#DB9DFA
281,37,98,#DD9DFA
282,37,98,#DE9DFA
283,37,98,#E09DFA
284,37,98,#E19DFA
285,37,98,#E39DFA
286,37,98,#E49DFA
287,37,98,#E69DFA
288,37,98,#E79DFA
289,37,98,#E99DFA
290,37,98,#EA9DFA
291,37,98,#EC9DFA
292,37,98,#EE9DFA
293,37,98,#EF9DFA
294,37,98,#F19DFA
295,37,98,#F29DFA
296,37,98,#F49DFA
297,37,98,#F59DFA
298,37,98,#F79DFA
299,37,98,#F89DFA
300,37,98,#FA9DFA
301,37,98,#FA9DF8
302,37,98,#FA9DF7
303,37,98,#FA9DF5
304,37,98,#FA9DF4
305,37,98,#FA9DF2
306,37,98,#FA9DF1
307,37,98,#FA9DEF
308,37,98,#FA9DEE
309,37,98,#FA9DEC
310,37,98,#FA9DEA
311,37,98,#FA9DE9
312,37,98,#FA9DE7
313,37,98,#FA9DE6
314,37,98,#FA9DE4
315,37,98,#FA9DE3
316,37,98,#FA9DE1
317,37,98,#FA9DE0
318,37,98,#FA9DDE
319,37,98,#FA9DDD
320,37,98,#FA9DDB
321,37,98,#FA9DDA
322,37,98,#FA9DD8
323,37,98,#FA9DD6
324,37,98,#FA9DD5
325,37,98,#FA9DD3
326,37,98,#FA9DD2
327,37,98,#FA9DD0
328,37,98,#FA9DCF
329,37,98,#FA9DCD
330,37,98,#FA9DCC
331,37,98,#FA9DCA
332,37,98,#FA9DC9
333,37,98,#FA9DC7
334,37,98,#FA9DC6
335,37,98,#FA9DC4
336,37,98,#FA9DC2
337,37,98,#FA9DC1
338,37,98,#FA9DBF
339,37,98,#FA9DBE
340,37,98,#FA9DBC
341,37,98,#FA9DBB
342,37,98,#FA9DB9
343,37,98,#FA9DB8
344,37,98,#FA9DB6
345,37,98,#FA9DB5
346,37,98,#FA9DB3
347,37,98,#FA9DB1
348,37,98,#FA9DB0
349,37,98,#FA9DAE
350,37,98,#FA9DAD
351,37,98,#FA9DAB
352,37,98,#FA9DAA
353,37,98,#FA9DA8
354,37,98,#FA9DA7
355,37,98,#FA9DA5
356,37,98,#FA9DA4
357,37,98,#FA9DA2
358,37,98,#FA9DA1
359,37,98,#FA9D9F
0,36,98,#FAA0A0
1,36,98,#FAA1A0
2,36,98,#FAA3A0
3,36,98,#FAA4A0
4,36,98,#FAA6A0
5,36,98,#FAA7A0
6,36,98,#FAA9A0
7,36,98,#FAAAA0
8,36,98,#FAACA0
9,36,98,#FAADA0
10,36,98,#FAAFA0
11,36,98,#FAB0A0
12,36,98,#FAB2A0
13,36,98,#FAB3A0
14,36,98,#FAB5A0
15,36,98,#FAB6A0
16,36,98,#FAB8A0
17,36,98,#FAB9A0
18,36,98,#FABBA0
19,36,98,#FABCA0
20,36,98,#FABEA0
21,36,98,#FABFA0
22,36,98,#FAC1A0
23,36,98,#FAC2A0
24,36,98,#FAC4A0
25,36,98,#FAC5A0
26,36,98,#FAC7A0
27,36,98,#FAC8A0
28,36,98,#FACAA0
29,36,98,#FACBA0
30,36,98,#FACDA0
31,36,98,#FACEA0
32,36,98,#FAD0A0
33,36,98,#FAD1A0
34,36,98,#FAD3A0
35,36,98,#FAD4A0
36,36,98,#FAD6A0
37,36,98,#FAD7A0
38,36,98,#FAD9A0
39,36,98,#FADAA0
40,36,98,#FADCA0
41,36,98,#FADDA0
42,36,98,#FADFA0
43,36,98,#FAE0A0
44,36,98,#FAE2A0
45,36,98,#FAE3A0
46,36,98,#FAE5A0
47,36,98,#FAE6A0
48,36,98,#FAE8A0
49,36,98,#FAE9A0
50,36,98,#FAEBA0
51,36,98,#FAECA0
52,36,98,#FAEEA0
53,36,98,#FAEFA0
54,36,98,#FAF1A0
55,36,98,#FAF2A0
56,36,98,#FAF4A0
57,36,98,#FAF5A0
58,36,98,#FAF7A0
59,36,98,#FAF8A0
60,36,98,#FAFAA0
61,36,98,#F8FAA0
62,36,98,#F7FAA0
63,36,98,#F5FAA0
64,36,98,#F4FAA0
65,36,98,#F2FAA0
66,36,98,#F1FAA0
67,36,98,#EFFAA0
68,36,98,#EEFAA0
69,36,98,#ECFAA0
70,36,98,#EBFAA0
71,36,98,#E9FAA0
72,36,98,#E8FAA0
73,36,98,#E6FAA0
74,36,98,#E5FAA0
75,36,98,#E3FAA0
76,36,98,#E2FAA0
77,36,98,#E0FAA0
78,36,98,#DFFAA0
79,36,98,#DDFAA0
80,36,98,#DCFAA0
81,36,98,#DAFAA0
82,36,98,#D9FAA0
83,36,98,#D7FAA0
84,36,98,#D6FAA0
85,36,98,#D4FAA0
86,36,98,#D3FAA0
87,36,98,#D1FAA0
88,36,98,#D0FAA0
89,36,98,#CEFAA0
90,36,98,#CDFAA0
91,36,98,#CBFAA0
92,36,98,#CAFAA0
93,36,98,#C8FAA0
94,36,98,#C7FAA0
95,36,98,#C5FAA0
96,36,98,#C4FAA0
97,36,98,#C2FAA0
98,36,98,#C1FAA0
99,36,98,#BFFAA0
100,36,98,#BEFAA0
101,36,98,#BCFAA0
102,36,98,#BBFAA0
103,36,98,#B9FAA0
104,36,98,#B8FAA0
105,36,98,#B6FAA0
106,36,98,#B5FAA0
107,36,98,#B3FAA0
108,36,98,#B2FAA0
109,36,98,#B0FAA0
110,36,98,#AFFAA0
111,36,98,#ADFAA0
112,36,98,#ACFAA0
113,36,98,#AAFAA0
114,36,98,#A9FAA0
115,36,98,#A7FAA0
116,36,98,#A6FAA0
117,36,98,#A4FAA0
118,36,98,#A3FAA0
119,36,98,#A1FAA0
120,36,98,#A0FAA0
121,36,98,#A0FAA1
122,36,98,#A0FAA3
123,36,98,#A0FAA4
124,36,98,#A0FAA6
125,36,98,#A0FAA7
126,36,98,#A0FAA9
127,36,98,#A0FAAA
128,36,98,#A0FAAC
129,36,98,#A0FAAD
130,36,98,#A0FAAF
131,36,98,#A0FAB0
132,36,98,#A0FAB2
133,36,98,#A0FAB3
134,36,98,#A0FAB5
135,36,98,#A0FAB6
136,36,98,#A0FAB8
137,36,98,#A0FAB9
138,36,98,#A0FABB
139,36,98,#A0FABC
140,36,98,#A0FABE
141,36,98,#A0FABF
142,36,98,#A0FAC1
143,36,98,#A0FAC2
144,36,98,#A0FAC4
145,36,98,#A0FAC5
146,36,98,#A0FAC7
147,36,98,#A0FAC8
148,36,98,#A0FACA
149,36,98,#A0FACB
150,36,98,#A0FACD
151,36,98,#A0FACE
152,36,98,#A0FAD0
153,36,98,#A0FAD1
154,36,98,#A0FAD3
155,36,98,#A0FAD4
156,36,98,#A0FAD6
157,36,98,#A0FAD7
158,36,98,#A0FAD9
159,36,98,#A0FADA
160,36,98,#A0FADC
161,36,98,#A0FADD
162,36,98,#A0FADF
163,36,98,#A0FAE0
164,36,98,#A0FAE2
165,36,98,#A0FAE3
166,36,98,#A0FAE5
167,36,98,#A0FAE6
168,36,98,#A0FAE8
169,36,98,#A0FAE9
170,36,98,#A0FAEB
171,36,98,#A0FAEC
172,36,98,#A0FAEE
173,36,98,#A0FAEF
174,36,98,#A0FAF1
175,36,98,#A0FAF2
176,36,98,#A0FAF4
177,36,98,#A0FAF5
178,36,98,#A0FAF7
179,36,98,#A0FAF8
180,36,98,#A0FAFA
181,36,98,#A0F8FA
182,36,98,#A0F7FA
183,36,98,#A0F5FA
184,36,98,#A0F4FA
185,36,98,#A0F2FA
186,36,98,#A0F1FA
187,36,98,#A0EFFA
188,36,98,#A0EEFA
189,36,98,#A0ECFA
190,36,98,#A0EBFA
191,36,98,#A0E9FA
192,36,98,#A0E8FA
193,36,98,#A0E6FA
194,36,98,#A0E5FA
195,36,98,#A0E3FA
196,36,98,#A0E2FA
197,36,98,#A0E0FA
198,36,98,#A0DFFA
199,36,98,#A0DDFA
200,36,98,#A0DCFA
201,36,98,#A0DAFA
202,36,98,#A0D9FA
203,36,98,#A0D7FA
204,36,98,#A0D6FA
205,36,98,#A0D4FA
206,36,98,#A0D3FA
207,36,98,#A0D1FA
208,36,98,#A0D0FA
209,36,98,#A0CEFA
210,36,98,#A0CDFA
211,36,98,#A0CBFA
212,36,98,#A0CAFA
213,36,98,#A0C8FA
214,36,98,#A0C7FA
215,36,98,#A0C5FA
216,36,98,#A0C4FA
217,36,98,#A0C2FA
218,36,98,#A0C1FA
219,36,98,#A0BFFA
220,36,98,#A0BEFA
221,36,98,#A0BCFA
222,36,98,#A0BBFA
223,36,98,#A0B9FA
224,36,98,#A0B8FA
225,36,98,#A0B6FA
226,36,98,#A0B5FA
227,36,98,#A0B3FA
228,36,98,#A0B2FA
229,36,98,#A0B0FA
230,36,98,#A0AFFA
231,36,98,#A0ADFA
232,36,98,#A0ACFA
233,36,98,#A0AAFA
234,36,98,#A0A9FA
235,36,98,#A0A7FA
236,36,98,#A0A6FA
237,36,98,#A0A4FA
238,36,98,#A0A3FA
239,36,98,#A0A1FA
240,36,98,#A0A0FA
241,36,98,#A1A0FA
242,36,98,#A3A0FA
243,36,98,#A4A0FA
244,36,98,#A6A0FA
245,36,98,#A7A0FA
246,36,98,#A9A0FA
247,36,98,#AAA0FA
248,36,98,#ACA0FA
249,36,98,#ADA0FA
250,36,98,#AFA0FA
251,36,98,#B0A0FA
252,36,98,#B2A0FA
253,36,98,#B3A0FA
254,36,98,#B5A0FA
255,36,98,#B6A0FA
256,36,98,#B8A0FA
257,36,98,#B9A0FA
258,36,98,#BBA0FA
259,36,98,#BCA0FA
260,36,98,#BEA0FA
261,36,98,#BFA0FA
262,36,98,#C1A0FA
263,36,98,#C2A0FA
264,36,98,#C4A0FA
265,36,98,#C5A0FA
266,36,98,#C7A0FA
267,36,98,#C8A0FA
268,36,98,#CAA0FA
269,36,98,#CBA0FA
270,36,98,#CDA0FA
271,36,98,#CEA0FA
272,36,98,#D0A0FA
273,36,98,#D1A0FA
274,36,98,#D3A0FA
275,36,98,#D4A0FA
276,36,98,#D6A0FA
277,36,98,#D7A0FA
278,36,98,#D9A0FA
279,36,98,#DAA0FA
280,36,98,#DCA0FA
281,36,98,#DDA0FA
282,36,98,#DFA0FA
283,36,98,#E0A0FA
284,36,98,#E2A0FA
285,36,98,#E3A0FA
286,36,98,#E5A0FA
287,36,98,#E6A0FA
288,36,98,#E8A0FA
289,36,98,#E9A0FA
290,36,98,#EBA0FA
291,36,98,#ECA0FA
292,36,98,#EEA0FA
293,36,98,#EFA0FA
294,36,98,#F1A0FA
295,36,98,#F2A0FA
296,36,98,#F4A0FA
297,36,98,#F5A0FA
298,36,98,#F7A0FA
299,36,98,#F8A0FA
300,36,98,#FAA0FA
301,36,98,#FAA0F8
302,36,98,#FAA0F7
303,36,98,#FAA0F5
304,36,98,#FAA0F4
305,36,98,#FAA0F2
306,36,98,#FAA0F1
307,36,98,#FAA0EF
308,36,98,#FAA0EE
309,36,98,#FAA0EC
310,36,98,#FAA0EB
311,36,98,#FAA0E9
312,36,98,#FAA0E8
313,36,98,#FAA0E6
314,36,98,#FAA0E5
315,36,98,#FAA0E3
316,36,98,#FAA0E2
317,36,98,#FAA0E0
318,36,98,#FAA0DF
319,36,98,#FAA0DD
320,36,98,#FAA0DC
321,36,98,#FAA0DA
322,36,98,#FAA0D9
323,36,98,#FAA0D7
324,36,98,#FAA0D6
325,36,98,#FAA0D4
326,36,98,#FAA0D3
327,36,98,#FAA0D1
328,36,98,#FAA0D0
329,36,98,#FAA0CE
330,36,98,#FAA0CD
331,36,98,#FAA0CB
332,36,98,#FAA0CA
333,36,98,#FAA0C8
334,36,98,#FAA0C7
335,36,98,#FAA0C5
336,36,98,#FAA0C4
337,36,98,#FAA0C2
338,36,98,#FAA0C1
339,36,98,#FAA0BF
340,36,98,#FAA0BE
341,36,98,#FAA0BC
342,36,98,#FAA0BB
343,36,98,#FAA0B9
344,36,98,#FAA0B8
345,36,98,#FAA0B6
346,36,98,#FAA0B5
347,36,98,#FAA0B3
348,36,98,#FAA0B2
349,36,98,#FAA0B0
350,36,98,#FAA0AF
351,36,98,#FAA0AD
352,36,98,#FAA0AC
353,36,98,#FAA0AA
354,36,98,#FAA0A9
355,36,98,#FAA0A7
356,36,98,#FAA0A6
357,36,98,#FAA0A4
358,36,98,#FAA0A3
359,36,98,#FAA0A1
0,35,98,#FAA2A2
1,35,98,#FAA4A2
2,35,98,#FAA5A2
3,35,98,#FAA7A2
4,35,98,#FAA8A2
5,35,98,#FAAAA2
6,35,98,#FAABA2
7,35,98,#FAADA2
8,35,98,#FAAEA2
9,35,98,#FAB0A2
10,35,98,#FAB1A2
11,35,98,#FAB2A2
12,35,98,#FAB4A2
13,35,98,#FAB5A2
14,35,98,#FAB7A2
15,35,98,#FAB8A2
16,35,98,#FABAA2
17,35,98,#FABBA2
18,35,98,#FABDA2
19,35,98,#FABEA2
20,35,98,#FAC0A2
21,35,98,#FAC1A2
22,35,98,#FAC3A2
23,35,98,#FAC4A2
24,35,98,#FAC5A2
25,35,98,#FAC7A2
26,35,98,#FAC8A2
27,35,98,#FACAA2
28,35,98,#FACBA2
29,35,98,#FACDA2
30,35,98,#FACEA2
31,35,98,#FAD0A2
32,35,98,#FAD1A2
33,35,98,#FAD3A2
34,35,98,#FAD4A2
35,35,98,#FAD5A2
36,35,98,#FAD7A2
37,35,98,#FAD8A2
38,35,98,#FADAA2
39,35,98,#FADBA2
40,35,98,#FADDA2
41,35,98,#FADEA2
42,35,98,#FAE0A2
43,35,98,#FAE1A2
44,35,98,#FAE3A2
45,35,98,#FAE4A2
46,35,98,#FAE5A2
47,35,98,#FAE7A2
48,35,98,#FAE8A2
49,35,98,#FAEAA2
50,35,98,#FAEBA2
51,35,98,#FAEDA2
52,35,98,#FAEEA2
53,35,98,#FAF0A2
54,35,98,#FAF1A2
55,35,98,#FAF3A2
56,35,98,#FAF4A2
57,35,98,#FAF6A2
58,35,98,#FAF7A2
59,35,98,#FAF8A2
60,35,98,#FAFAA2
61,35,98,#F8FAA2
62,35,98,#F7FAA2
63,35,98,#F6FAA2
64,35,98,#F4FAA2
65,35,98,#F3FAA2
66,35,98,#F1FAA2
67,35,98,#F0FAA2
68,35,98,#EEFAA2
69,35,98,#EDFAA2
70,35,98,#EBFAA2
71,35,98,#EAFAA2
72,35,98,#E8FAA2
73,35,98,#E7FAA2
74,35,98,#E5FAA2
75,35,98,#E4FAA2
76,35,98,#E3FAA2
77,35,98,#E1FAA2
78,35,98,#E0FAA2
79,35,98,#DEFAA2
80,35,98,#DDFAA2
81,35,98,#DBFAA2
82,35,98,#DAFAA2
83,35,98,#D8FAA2
84,35,98,#D7FAA2
85,35,98,#D5FAA2
86,35,98,#D4FAA2
87,35,98,#D3FAA2
88,35,98,#D1FAA2
89,35,98,#D0FAA2
90,35,98,#CEFAA2
91,35,98,#CDFAA2
92,35,98,#CBFAA2
93,35,98,#CAFAA2
94,35,98,#C8FAA2
95,35,98,#C7FAA2
96,35,98,#C5FAA2
97,35,98,#C4FAA2
98,35,98,#C3FAA2
99,35,98,#C1FAA2
100,35,98,#C0FAA2
101,35,98,#BEFAA2
102,35,98,#BDFAA2
103,35,98,#BBFAA2
104,35,98,#BAFAA2
105,35,98,#B8FAA2
106,35,98,#B7FAA2
107,35,98,#B5FAA2
108,35,98,#B4FAA2
109,35,98,#B2FAA2
110,35,98,#B1FAA2
111,35,98,#B0FAA2
112,35,98,#AEFAA2
113,35,98,#ADFAA2
114,35,98,#ABFAA2
115,35,98,#AAFAA2
116,35,98,#A8FAA2
117,35,98,#A7FAA2
118,35,98,#A5FAA2
119,35,98,#A4FAA2
120,35,98,#A2FAA2
121,35,98,#A2FAA4
122,35,98,#A2FAA5
123,35,98,#A2FAA7
124,35,98,#A2FAA8
125,35,98,#A2FAAA
126,35,98,#A2FAAB
127,35,98,#A2FAAD
128,35,98,#A2FAAE
129,35,98,#A2FAB0
130,35,98,#A2FAB1
131,35,98,#A2FAB2
132,35,98,#A2FAB4
133,35,98,#A2FAB5
134,35,98,#A2FAB7
135,35,98,#A2FAB8
136,35,98,#A2FABA
137,35,98,#A2FABB
138,35,98,#A2FABD
139,35,98,#A2FABE
140,35,98,#A2FAC0
141,35,98,#A2FAC1
142,35,98,#A2FAC3
143,35,98,#A2FAC4
144,35,98,#A2FAC5
145,35,98,#A2FAC7
146,35,98,#A2FAC8
147,35,98,#A2FACA
148,35,98,#A2FACB
149,35,98,#A2FACD
150,35,98,#A2FACE
151,35,98,#A2FAD0
152,35,98,#A2FAD1
153,35,98,#A2FAD3
154,35,98,#A2FAD4
155,35,98,#A2FAD5
156,35,98,#A2FAD7
157,35,98,#A2FAD8
158,35,98,#A2FADA
159,35,98,#A2FADB
160,35,98,#A2FADD
161,35,98,#A2FADE
162,35,98,#A2FAE0
163,35,98,#A2FAE1
164,35,98,#A2FAE3
165,35,98,#A2FAE4
166,35,98,#A2FAE5
167,35,98,#A2FAE7
168,35,98,#A2FAE8
169,35,98,#A2FAEA
170,35,98,#A2FAEB
171,35,98,#A2FAED
172,35,98,#A2FAEE
173,35,98,#A2FAF0
174,35,98,#A2FAF1
175,35,98,#A2FAF3
176,35,98,#A2FAF4
177,35,98,#A2FAF6
178,35,98,#A2FAF7
179,35,98,#A2FAF8
180,35,98,#A2FAFA
181,35,98,#A2F8FA
182,35,98,#A2F7FA
183,35,98,#A2F6FA
184,35,98,#A2F4FA
185,35,98,#A2F3FA
186,35,98,#A2F1FA
187,35,98,#A2F0FA
188,35,98,#A2EEFA
189,35,98,#A2EDFA
190,35,98,#A2EBFA
191,35,98,#A2EAFA
192,35,98,#A2E8FA
193,35,98,#A2E7FA
194,35,98,#A2E5FA
195,35,98,#A2E4FA
196,35,98,#A2E3FA
197,35,98,#A2E1FA
198,35,98,#A2E0FA
199,35,98,#A2DEFA
200,35,98,#A2DDFA
201,35,98,#A2DBFA
202,35,98,#A2DAFA
203,35,98,#A2D8FA
204,35,98,#A2D7FA
205,35,98,#A2D5FA
206,35,98,#A2D4FA
207,35,98,#A2D3FA
208,35,98,#A2D1FA
209,35,98,#A2D0FA
210,35,98,#A2CEFA
211,35,98,#A2CDFA
212,35,98,#A2CBFA
213,35,98,#A2CAFA
214,35,98,#A2C8FA
215,35,98,#A2C7FA
216,35,98,#A2C5FA
217,35,98,#A2C4FA
218,35,98,#A2C3FA
219,35,98,#A2C1FA
220,35,98,#A2C0FA
221,35,98,#A2BEFA
222,35,98,#A2BDFA
223,35,98,#A2BBFA
224,35,98,#A2BAFA
225,35,98,#A2B8FA
226,35,98,#A2B7FA
227,35,98,#A2B5FA
228,35,98,#A2B4FA
229,35,98,#A2B2FA
230,35,98,#A2B1FA
231,35,98,#A2B0FA
232,35,98,#A2AEFA
233,35,98,#A2ADFA
234,35,98,#A2ABFA
235,35,98,#A2AAFA
236,35,98,#A2A8FA
237,35,98,#A2A7FA
238,35,98,#A2A5FA
239,35,98,#A2A4FA
240,35,98,#A2A2FA
241,35,98,#A4A2FA
242,35,98,#A5A2FA
243,35,98,#A7A2FA
244,35,98,#A8A2FA
245,35,98,#AAA2FA
246,35,98,#ABA2FA
247,35,98,#ADA2FA
248,35,98,#AEA2FA
249,35,98,#B0A2FA
250,35,98,#B1A2FA
251,35,98,#B2A2FA
252,35,98,#B4A2FA
253,35,98,#B5A2FA
254,35,98,#B7A2FA
255,35,98,#B8A2FA
256,35,98,#BAA2FA
257,35,98,#BBA2FA
258,35,98,#BDA2FA
259,35,98,#BEA2FA
260,35,98,#C0A2FA
261,35,98,#C1A2FA
262,35,98,#C3A2FA
263,35,98,#C4A2FA
264,35,98,#C5A2FA
265,35,98,#C7A2FA
266,35,98,#C8A2FA
267,35,98,#CAA2FA
268,35,98,#CBA2FA
269,35,98,#CDA2FA
270,35,98,#CEA2FA
271,35,98,#D0A2FA
272,35,98,#D1A2FA
273,35,98,#D3A2FA
274,35,98,#D4A2FA
275,35,98,#D5A2FA
276,35,98,#D7A2FA
277,35,98,#D8A2FA
278,35,98,#DAA2FA
279,35,98,#DBA2FA
280,35,98,#DDA2FA
281,35,98,#DEA2FA
282,35,98,#E0A2FA
283,35,98,#E1A2FA
284,35,98,#E3A2FA
285,35,98,#E4A2FA
286,35,98,#E5A2FA
287,35,98,#E7A2FA
288,35,98,#E8A2FA
289,35,98,#EAA2FA
290,35,98,#EBA2FA
291,35,98,#EDA2FA
292,35,98,#EEA2FA
293,35,98,#F0A2FA
294,35,98,#F1A2FA
295,35,98,#F3A2FA
296,35,98,#F4A2FA
297,35,98,#F6A2FA
298,35,98,#F7A2FA
299,35,98,#F8A2FA
300,35,98,#FAA2FA
301,35,98,#FAA2F8
302,35,98,#FAA2F7
303,35,98,#FAA2F6
304,35,98,#FAA2F4
305,35,98,#FAA2F3
306,35,98,#FAA2F1
307,35,98,#FAA2F0
308,35,98,#FAA2EE
309,35,98,#FAA2ED
310,35,98,#FAA2EB
311,35,98,#FAA2EA
312,35,98,#FAA2E8
313,35,98,#FAA2E7
314,35,98,#FAA2E5
315,35,98,#FAA2E4
316,35,98,#FAA2E3
317,35,98,#FAA2E1
318,35,98,#FAA2E0
319,35,98,#FAA2DE
320,35,98,#FAA2DD
321,35,98,#FAA2DB
322,35,98,#FAA2DA
323,35,98,#FAA2D8
324,35,98,#FAA2D7
325,35,98,#FAA2D5
326,35,98,#FAA2D4
327,35,98,#FAA2D3
328,35,98,#FAA2D1
329,35,98,#FAA2D0
330,35,98,#FAA2CE
331,35,98,#FAA2CD
332,35,98,#FAA2CB
333,35,98,#FAA2CA
334,35,98,#FAA2C8
335,35,98,#FAA2C7
336,35,98,#FAA2C5
337,35,98,#FAA2C4
338,35,98,#FAA2C3
339,35,98,#FAA2C1
340,35,98,#FAA2C0
341,35,98,#FAA2BE
342,35,98,#FAA2BD
343,35,98,#FAA2BB
344,35,98,#FAA2BA
345,35,98,#FAA2B8
346,35,98,#FAA2B7
347,35,98,#FAA2B5
348,35,98,#FAA2B4
349,35,98,#FAA2B2
350,35,98,#FAA2B1
351,35,98,#FAA2B0
352,35,98,#FAA2AE
353,35,98,#FAA2AD
354,35,98,#FAA2AB
355,35,98,#FAA2AA
356,35,98,#FAA2A8
357,35,98,#FAA2A7
358,35,98,#FAA2A5
359,35,98,#FAA2A4
0,34,98,#FAA5A5
1,34,98,#FAA6A5
2,34,98,#FAA8A5
3,34,98,#FAA9A5
4,34,98,#FAABA5
5,34,98,#FAACA5
6,34,98,#FAADA5
7,34,98,#FAAFA5
8,34,98,#FAB0A5
9,34,98,#FAB2A5
10,34,98,#FAB3A5
11,34,98,#FAB5A5
12,34,98,#FAB6A5
13,34,98,#FAB7A5
14,34,98,#FAB9A5
15,34,98,#FABAA5
16,34,98,#FABCA5
17,34,98,#FABDA5
18,34,98,#FABEA5
19,34,98,#FAC0A5
20,34,98,#FAC1A5
21,34,98,#FAC3A5
22,34,98,#FAC4A5
23,34,98,#FAC6A5
24,34,98,#FAC7A5
25,34,98,#FAC8A5
26,34,98,#FACAA5
27,34,98,#FACBA5
28,34,98,#FACDA5
29,34,98,#FACEA5
30,34,98,#FACFA5
31,34,98,#FAD1A5
32,34,98,#FAD2A5
33,34,98,#FAD4A5
34,34,98,#FAD5A5
35,34,98,#FAD6A5
36,34,98,#FAD8A5
37,34,98,#FAD9A5
38,34,98,#FADBA5
39,34,98,#FADCA5
40,34,98,#FADEA5
41,34,98,#FADFA5
42,34,98,#FAE0A5
43,34,98,#FAE2A5
44,34,98,#FAE3A5
45,34,98,#FAE5A5
46,34,98,#FAE6A5
47,34,98,#FAE7A5
48,34,98,#FAE9A5
49,34,98,#FAEAA5
50,34,98,#FAECA5
51,34,98,#FAEDA5
52,34,98,#FAEFA5
53,34,98,#FAF0A5
54,34,98,#FAF1A5
55,34,98,#FAF3A5
56,34,98,#FAF4A5
57,34,98,#FAF6A5
58,34,98,#FAF7A5
59,34,98,#FAF8A5
60,34,98,#FAFAA5
61,34,98,#F8FAA5
62,34,98,#F7FAA5
63,34,98,#F6FAA5
64,34,98,#F4FAA5
65,34,98,#F3FAA5
66,34,98,#F1FAA5
67,34,98,#F0FAA5
68,34,98,#EFFAA5
69,34,98,#EDFAA5
70,34,98,#ECFAA5
71,34,98,#EAFAA5
72,34,98,#E9FAA5
73,34,98,#E7FAA5
74,34,98,#E6FAA5
75,34,98,#E5FAA5
76,34,98,#E3FAA5
77,34,98,#E2FAA5
78,34,98,#E0FAA5
79,34,98,#DFFAA5
80,34,98,#DEFAA5
81,34,98,#DCFAA5
82,34,98,#DBFAA5
83,34,98,#D9FAA5
84,34,98,#D8FAA5
85,34,98,#D6FAA5
86,34,98,#D5FAA5
87,34,98,#D4FAA5
88,34,98,#D2FAA5
89,34,98,#D1FAA5
90,34,98,#CFFAA5
91,34,98,#CEFAA5
92,34,98,#CDFAA5
93,34,98,#CBFAA5
94,34,98,#CAFAA5
95,34,98,#C8FAA5
96,34,98,#C7FAA5
97,34,98,#C6FAA5
98,34,98,#C4FAA5
99,34,98,#C3FAA5
100,34,98,#C1FAA5
101,34,98,#C0FAA5
102,34,98,#BEFAA5
103,34,98,#BDFAA5
104,34,98,#BCFAA5
105,34,98,#BAFAA5
106,34,98,#B9FAA5
107,34,98,#B7FAA5
108,34,98,#B6FAA5
109,34,98,#B5FAA5
110,34,98,#B3FAA5
111,34,98,#B2FAA5
112,34,98,#B0FAA5
113,34,98,#AFFAA5
114,34,98,#ADFAA5
115,34,98,#ACFAA5
116,34,98,#ABFAA5
117,34,98,#A9FAA5
118,34,98,#A8FAA5
119,34,98,#A6FAA5
120,34,98,#A5FAA5
121,34,98,#A5FAA6
122,34,98,#A5FAA8
123,34,98,#A5FAA9
124,34,98,#A5FAAB
125,34,98,#A5FAAC
126,34,98,#A5FAAD
127,34,98,#A5FAAF
128,34,98,#A5FAB0
129,34,98,#A5FAB2
130,34,98,#A5FAB3
131,34,98,#A5FAB5
132,34,98,#A5FAB6
133,34,98,#A5FAB7
134,34,98,#A5FAB9
135,34,98,#A5FABA
136,34,98,#A5FABC
137,34,98,#A5FABD
138,34,98,#A5FABE
139,34,98,#A5FAC0
140,34,98,#A5FAC1
141,34,98,#A5FAC3
142,34,98,#A5FAC4
143,34,98,#A5FAC6
144,34,98,#A5FAC7
145,34,98,#A5FAC8
146,34,98,#A5FACA
147,34,98,#A5FACB
148,34,98,#A5FACD
149,34,98,#A5FACE
150,34,98,#A5FACF
151,34,98,#A5FAD1
152,34,98,#A5FAD2
153,34,98,#A5FAD4
154,34,98,#A5FAD5
155,34,98,#A5FAD6
156,34,98,#A5FAD8
157,34,98,#A5FAD9
158,34,98,#A5FADB
159,34,98,#A5FADC
160,34,98,#A5FADE
161,34,98,#A5FADF
162,34,98,#A5FAE0
163,34,98,#A5FAE2
164,34,98,#A5FAE3
165,34,98,#A5FAE5
166,34,98,#A5FAE6
167,34,98,#A5FAE7
168,34,98,#A5FAE9
169,34,98,#A5FAEA
170,34,98,#A5FAEC
171,34,98,#A5FAED
172,34,98,#A5FAEF
173,34,98,#A5FAF0
174,34,98,#A5FAF1
175,34,98,#A5FAF3
176,34,98,#A5FAF4
177,34,98,#A5FAF6
178,34,98,#A5FAF7
179,34,98,#A5FAF8
180,34,98,#A5FAFA
181,34,98,#A5F8FA
182,34,98,#A5F7FA
183,34,98,#A5F6FA
184,34,98,#A5F4FA
185,34,98,#A5F3FA
186,34,98,#A5F1FA
187,34,98,#A5F0FA
188,34,98,#A5EFFA
189,34,98,#A5EDFA
190,34,98,#A5ECFA
191,34,98,#A5EAFA
192,34,98,#A5E9FA
193,34,98,#A5E7FA
194,34,98,#A5E6FA
195,34,98,#A5E5FA
196,34,98,#A5E3FA
197,34,98,#A5E2FA
198,34,98,#A5E0FA
199,34,98,#A5DFFA
200,34,98,#A5DEFA
201,34,98,#A5DCFA
202,34,98,#A5DBFA
203,34,98,#A5D9FA
204,34,98,#A5D8FA
205,34,98,#A5D6FA
206,34,98,#A5D5FA
207,34,98,#A5D4FA
208,34,98,#A5D2FA
209,34,98,#A5D1FA
210,34,98,#A5CFFA
211,34,98,#A5CEFA
212,34,98,#A5CDFA
213,34,98,#A5CBFA
214,34,98,#A5CAFA
215,34,98,#A5C8FA
216,34,98,#A5C7FA
217,34,98,#A5C6FA
218,34,98,#A5C4FA
219,34,98,#A5C3FA
220,34,98,#A5C1FA
221,34,98,#A5C0FA
222,34,98,#A5BEFA
223,34,98,#A5BDFA
224,34,98,#A5BCFA
225,34,98,#A5BAFA
226,34,98,#A5B9FA
227,34,98,#A5B7FA
228,34,98,#A5B6FA
229,34,98,#A5B5FA
230,34,98,#A5B3FA
231,34,98,#A5B2FA
232,34,98,#A5B0FA
233,34,98,#A5AFFA
234,34,98,#A5ADFA
235,34,98,#A5ACFA
236,34,98,#A5ABFA
237,34,98,#A5A9FA
238,34,98,#A5A8FA
239,34,98,#A5A6FA
240,34,98,#A5A5FA
241,34,98,#A6A5FA
242,34,98,#A8A5FA
243,34,98,#A9A5FA
244,34,98,#ABA5FA
245,34,98,#ACA5FA
246,34,98,#ADA5FA
247,34,98,#AFA5FA
248,34,98,#B0A5FA
249,34,98,#B2A5FA
250,34,98,#B3A5FA
251,34,98,#B5A5FA
252,34,98,#B6A5FA
253,34,98,#B7A5FA
254,34,98,#B9A5FA
255,34,98,#BAA5FA
256,34,98,#BCA5FA
257,34,98,#BDA5FA
258,34,98,#BEA5FA
259,34,98,#C0A5FA
260,34,98,#C1A5FA
261,34,98,#C3A5FA
262,34,98,#C4A5FA
263,34,98,#C6A5FA
264,34,98,#C7A5FA
265,34,98,#C8A5FA
266,34,98,#CAA5FA
267,34,98,#CBA5FA
268,34,98,#CDA5FA
269,34,98,#CEA5FA
270,34,98,#CFA5FA
271,34,98,#D1A5FA
272,34,98,#D2A5FA
273,34,98,#D4A5FA
274,34,98,#D5A5FA
275,34,98,#D6A5FA
276,34,98,#D8A5FA
277,34,98,#D9A5FA
278,34,98,#DBA5FA
279,34,98,#DCA5FA
280,34,98,#DEA5FA
281,34,98,#DFA5FA
282,34,98,#E0A5FA
283,34,98,#E2A5FA
284,34,98,#E3A5FA
285,34,98,#E5A5FA
286,34,98,#E6A5FA
287,34,98,#E7A5FA
288,34,98,#E9A5FA
289,34,98,#EAA5FA
290,34,98,#ECA5FA
291,34,98,#EDA5FA
292,34,98,#EFA5FA
293,34,98,#F0A5FA
294,34,98,#F1A5FA
295,34,98,#F3A5FA
296,34,98,#F4A5FA
297,34,98,#F6A5FA
298,34,98,#F7A5FA
299,34,98,#F8A5FA
300,34,98,#FAA5FA
301,34,98,#FAA5F8
302,34,98,#FAA5F7
303,34,98,#FAA5F6
304,34,98,#FAA5F4
305,34,98,#FAA5F3
306,34,98,#FAA5F1
307,34,98,#FAA5F0
308,34,98,#FAA5EF
309,34,98,#FAA5ED
310,34,98,#FAA5EC
311,34,98,#FAA5EA
312,34,98,#FAA5E9
313,34,98,#FAA5E7
314,34,98,#FAA5E6
315,34,98,#FAA5E5
316,34,98,#FAA5E3
317,34,98,#FAA5E2
318,34,98,#FAA5E0
319,34,98,#FAA5DF
320,34,98,#FAA5DE
321,34,98,#FAA5DC
322,34,98,#FAA5DB
323,34,98,#FAA5D9
324,34,98,#FAA5D8
325,34,98,#FAA5D6
326,34,98,#FAA5D5
327,34,98,#FAA5D4
328,34,98,#FAA5D2
329,34,98,#FAA5D1
330,34,98,#FAA5CF
331,34,98,#FAA5CE
332,34,98,#FAA5CD
333,34,98,#FAA5CB
334,34,98,#FAA5CA
335,34,98,#FAA5C8
336,34,98,#FAA5C7
337,34,98,#FAA5C6
338,34,98,#FAA5C4
339,34,98,#FAA5C3
340,34,98,#FAA5C1
341,34,98,#FAA5C0
342,34,98,#FAA5BE
343,34,98,#FAA5BD
344,34,98,#FAA5BC
345,34,98,#FAA5BA
346,34,98,#FAA5B9
347,34,98,#FAA5B7
348,34,98,#FAA5B6
349,34,98,#FAA5B5
350,34,98,#FAA5B3
351,34,98,#FAA5B2
352,34,98,#FAA5B0
353,34,98,#FAA5AF
354,34,98,#FAA5AD
355,34,98,#FAA5AC
356,34,98,#FAA5AB
357,34,98,#FAA5A9
358,34,98,#FAA5A8
359,34,98,#FAA5A6
0,33,98,#FAA7A7
1,33,98,#FAA9A7
2,33,98,#FAAAA7
3,33,98,#FAACA7
4,33,98,#FAADA7
5,33,98,#FAAEA7
6,33,98,#FAB0A7
7,33,98,#FAB1A7
8,33,98,#FAB2A7
9,33,98,#FAB4A7
10,33,98,#FAB5A7
11,33,98,#FAB7A7
12,33,98,#FAB8A7
13,33,98,#FAB9A7
14,33,98,#FABBA7
15,33,98,#FABCA7
16,33,98,#FABDA7
17,33,98,#FABFA7
18,33,98,#FAC0A7
19,33,98,#FAC2A7
20,33,98,#FAC3A7
21,33,98,#FAC4A7
22,33,98,#FAC6A7
23,33,98,#FAC7A7
24,33,98,#FAC8A7
25,33,98,#FACAA7
26,33,98,#FACBA7
27,33,98,#FACDA7
28,33,98,#FACEA7
29,33,98,#FACFA7
30,33,98,#FAD1A7
31,33,98,#FAD2A7
32,33,98,#FAD3A7
33,33,98,#FAD5A7
34,33,98,#FAD6A7
35,33,98,#FAD8A7
36,33,98,#FAD9A7
37,33,98,#FADAA7
38,33,98,#FADCA7
39,33,98,#FADDA7
40,33,98,#FADEA7
41,33,98,#FAE0A7
42,33,98,#FAE1A7
43,33,98,#FAE3A7
44,33,98,#FAE4A7
45,33,98,#FAE5A7
46,33,98,#FAE7A7
47,33,98,#FAE8A7
48,33,98,#FAE9A7
49,33,98,#FAEBA7
50,33,98,#FAECA7
51,33,98,#FAEEA7
52,33,98,#FAEFA7
53,33,98,#FAF0A7
54,33,98,#FAF2A7
55,33,98,#FAF3A7
56,33,98,#FAF4A7
57,33,98,#FAF6A7
58,33,98,#FAF7A7
59,33,98,#FAF9A7
60,33,98,#FAFAA7
61,33,98,#F9FAA7
62,33,98,#F7FAA7
63,33,98,#F6FAA7
64,33,98,#F4FAA7
65,33,98,#F3FAA7
66,33,98,#F2FAA7
67,33,98,#F0FAA7
68,33,98,#EFFAA7
69,33,98,#EEFAA7
70,33,98,#ECFAA7
71,33,98,#EBFAA7
72,33,98,#E9FAA7
73,33,98,#E8FAA7
74,33,98,#E7FAA7
75,33,98,#E5FAA7
76,33,98,#E4FAA7
77,33,98,#E3FAA7
78,33,98,#E1FAA7
79,33,98,#E0FAA7
80,33,98,#DEFAA7
81,33,98,#DDFAA7
82,33,98,#DCFAA7
83,33,98,#DAFAA7
84,33,98,#D9FAA7
85,33,98,#D8FAA7
86,33,98,#D6FAA7
87,33,98,#D5FAA7
88,33,98,#D3FAA7
89,33,98,#D2FAA7
90,33,98,#D1FAA7
91,33,98,#CFFAA7
92,33,98,#CEFAA7
93,33,98,#CDFAA7
94,33,98,#CBFAA7
95,33,98,#CAFAA7
96,33,98,#C8FAA7
97,33,98,#C7FAA7
98,33,98,#C6FAA7
99,33,98,#C4FAA7
100,33,98,#C3FAA7
101,33,98,#C2FAA7
102,33,98,#C0FAA7
103,33,98,#BFFAA7
104,33,98,#BDFAA7
105,33,98,#BCFAA7
106,33,98,#BBFAA7
107,33,98,#B9FAA7
108,33,98,#B8FAA7
109,33,98,#B7FAA7
110,33,98,#B5FAA7
111,33,98,#B4FAA7
112,33,98,#B2FAA7
113,33,98,#B1FAA7
114,33,98,#B0FAA7
115,33,98,#AEFAA7
116,33,98,#ADFAA7
117,33,98,#ACFAA7
118,33,98,#AAFAA7
119,33,98,#A9FAA7
120,33,98,#A7FAA7
121,33,98,#A7FAA9
122,33,98,#A7FAAA
123,33,98,#A7FAAC
124,33,98,#A7FAAD
125,33,98,#A7FAAE
126,33,98,#A7FAB0
127,33,98,#A7FAB1
128,33,98,#A7FAB2
129,33,98,#A7FAB4
130,33,98,#A7FAB5
131,33,98,#A7FAB7
132,33,98,#A7FAB8
133,33,98,#A7FAB9
134,33,98,#A7FABB
135,33,98,#A7FABC
136,33,98,#A7FABD
137,33,98,#A7FABF
138,33,98,#A7FAC0
139,33,98,#A7FAC2
140,33,98,#A7FAC3
141,33,98,#A7FAC4
142,33,98,#A7FAC6
143,33,98,#A7FAC7
144,33,98,#A7FAC8
145,33,98,#A7FACA
146,33,98,#A7FACB
147,33,98,#A7FACD
148,33,98,#A7FACE
149,33,98,#A7FACF
150,33,98,#A7FAD1
151,33,98,#A7FAD2
152,33,98,#A7FAD3
153,33,98,#A7FAD5
154,33,98,#A7FAD6
155,33,98,#A7FAD8
156,33,98,#A7FAD9
157,33,98,#A7FADA
158,33,98,#A7FADC
159,33,98,#A7FADD
160,33,98,#A7FADE
161,33,98,#A7FAE0
162,33,98,#A7FAE1
163,33,98,#A7FAE3
164,33,98,#A7FAE4
165,33,98,#A7FAE5
166,33,98,#A7FAE7
167,33,98,#A7FAE8
168,33,98,#A7FAE9
169,33,98,#A7FAEB
170,33,98,#A7FAEC
171,33,98,#A7FAEE
172,33,98,#A7FAEF
173,33,98,#A7FAF0
174,33,98,#A7FAF2
175,33,98,#A7FAF3
176,33,98,#A7FAF4
177,33,98,#A7FAF6
178,33,98,#A7FAF7
179,33,98,#A7FAF9
180,33,98,#A7FAFA
181,33,98,#A7F9FA
182,33,98,#A7F7FA
183,33,98,#A7F6FA
184,33,98,#A7F4FA
185,33,98,#A7F3FA
186,33,98,#A7F2FA
187,33,98,#A7F0FA
188,33,98,#A7EFFA
189,33,98,#A7EEFA
190,33,98,#A7ECFA
191,33,98,#A7EBFA
192,33,98,#A7E9FA
193,33,98,#A7E8FA
194,33,98,#A7E7FA
195,33,98,#A7E5FA
196,33,98,#A7E4FA
197,33,98,#A7E3FA
198,33,98,#A7E1FA
199,33,98,#A7E0FA
200,33,98,#A7DEFA
201,33,98,#A7DDFA
202,33,98,#A7DCFA
203,33,98,#A7DAFA
204,33,98,#A7D9FA
205,33,98,#A7D8FA
206,33,98,#A7D6FA
207,33,98,#A7D5FA
208,33,98,#A7D3FA
209,33,98,#A7D2FA
210,33,98,#A7D1FA
211,33,98,#A7CFFA
212,33,98,#A7CEFA
213,33,98,#A7CDFA
214,33,98,#A7CBFA
215,33,98,#A7CAFA
216,33,98,#A7C8FA
217,33,98,#A7C7FA
218,33,98,#A7C6FA
219,33,98,#A7C4FA
220,33,98,#A7C3FA
221,33,98,#A7C2FA
222,33,98,#A7C0FA
223,33,98,#A7BFFA
224,33,98,#A7BDFA
225,33,98,#A7BCFA
226,33,98,#A7BBFA
227,33,98,#A7B9FA
228,33,98,#A7B8FA
229,33,98,#A7B7FA
230,33,98,#A7B5FA
231,33,98,#A7B4FA
232,33,98,#A7B2FA
233,33,98,#A7B1FA
234,33,98,#A7B0FA
235,33,98,#A7AEFA
236,33,98,#A7ADFA
237,33,98,#A7ACFA
238,33,98,#A7AAFA
239,33,98,#A7A9FA
240,33,98,#A7A7FA
241,33,98,#A9A7FA
242,33,98,#AAA7FA
243,33,98,#ACA7FA
244,33,98,#ADA7FA
245,33,98,#AEA7FA
246,33,98,#B0A7FA
247,33,98,#B1A7FA
248,33,98,#B2A7FA
249,33,98,#B4A7FA
250,33,98,#B5A7FA
251,33,98,#B7A7FA
252,33,98,#B8A7FA
253,33,98,#B9A7FA
254,33,98,#BBA7FA
255,33,98,#BCA7FA
256,33,98,#BDA7FA
257,33,98,#BFA7FA
258,33,98,#C0A7FA
259,33,98,#C2A7FA
260,33,98,#C3A7FA
261,33,98,#C4A7FA
262,33,98,#C6A7FA
263,33,98,#C7A7FA
264,33,98,#C8A7FA
265,33,98,#CAA7FA
266,33,98,#CBA7FA
267,33,98,#CDA7FA
268,33,98,#CEA7FA
269,33,98,#CFA7FA
270,33,98,#D1A7FA
271,33,98,#D2A7FA
272,33,98,#D3A7FA
273,33,98,#D5A7FA
274,33,98,#D6A7FA
275,33,98,#D8A7FA
276,33,98,#D9A7FA
277,33,98,#DAA7FA
278,33,98,#DCA7FA
279,33,98,#DDA7FA
280,33,98,#DEA7FA
281,33,98,#E0A7FA
282,33,98,#E1A7FA
283,33,98,#E3A7FA
284,33,98,#E4A7FA
285,33,98,#E5A7FA
286,33,98,#E7A7FA
287,33,98,#E8A7FA
288,33,98,#E9A7FA
289,33,98,#EBA7FA
290,33,98,#ECA7FA
291,33,98,#EEA7FA
292,33,98,#EFA7FA
293,33,98,#F0A7FA
294,33,98,#F2A7FA
295,33,98,#F3A7FA
296,33,98,#F4A7FA
297,33,98,#F6A7FA
298,33,98,#F7A7FA
299,33,98,#F9A7FA
300,33,98,#FAA7FA
301,33,98,#FAA7F9
302,33,98,#FAA7F7
303,33,98,#FAA7F6
304,33,98,#FAA7F4
305,33,98,#FAA7F3
306,33,98,#FAA7F2
307,33,98,#FAA7F0
308,33,98,#FAA7EF
309,33,98,#FAA7EE
310,33,98,#FAA7EC
311,33,98,#FAA7EB
312,33,98,#FAA7E9
313,33,98,#FAA7E8
314,33,98,#FAA7E7
315,33,98,#FAA7E5
316,33,98,#FAA7E4
317,33,98,#FAA7E3
318,33,98,#FAA7E1
319,33,98,#FAA7E0
320,33,98,#FAA7DE
321,33,98,#FAA7DD
322,33,98,#FAA7DC
323,33,98,#FAA7DA
324,33,98,#FAA7D9
325,33,98,#FAA7D8
326,33,98,#FAA7D6
327,33,98,#FAA7D5
328,33,98,#FAA7D3
329,33,98,#FAA7D2
330,33,98,#FAA7D1
331,33,98,#FAA7CF
332,33,98,#FAA7CE
333,33,98,#FAA7CD
334,33,98,#FAA7CB
335,33,98,#FAA7CA
336,33,98,#FAA7C8
337,33,98,#FAA7C7
338,33,98,#FAA7C6
339,33,98,#FAA7C4
340,33,98,#FAA7C3
341,33,98,#FAA7C2
342,33,98,#FAA7C0
343,33,98,#FAA7BF
344,33,98,#FAA7BD
345,33,98,#FAA7BC
346,33,98,#FAA7BB
347,33,98,#FAA7B9
348,33,98,#FAA7B8
349,33,98,#FAA7B7
350,33,98,#FAA7B5
351,33,98,#FAA7B4
352,33,98,#FAA7B2
353,33,98,#FAA7B1
354,33,98,#FAA7B0
355,33,98,#FAA7AE
356,33,98,#FAA7AD
357,33,98,#FAA7AC
358,33,98,#FAA7AA
359,33,98,#FAA7A9
0,32,98,#FAAAAA
1,32,98,#FAABAA
2,32,98,#FAADAA
3,32,98,#FAAEAA
4,32,98,#FAAFAA
5,32,98,#FAB1AA
6,32,98,#FAB2AA
7,32,98,#FAB3AA
8,32,98,#FAB5AA
9,32,98,#FAB6AA
10,32,98,#FAB7AA
11,32,98,#FAB9AA
12,32,98,#FABAAA
13,32,98,#FABBAA
14,32,98,#FABDAA
15,32,98,#FABEAA
16,32,98,#FABFAA
17,32,98,#FAC1AA
18,32,98,#FAC2AA
19,32,98,#FAC3AA
20,32,98,#FAC5AA
21,32,98,#FAC6AA
22,32,98,#FAC7AA
23,32,98,#FAC9AA
24,32,98,#FACAAA
25,32,98,#FACBAA
26,32,98,#FACDAA
27,32,98,#FACEAA
28,32,98,#FACFAA
29,32,98,#FAD1AA
30,32,98,#FAD2AA
31,32,98,#FAD3AA
32,32,98,#FAD5AA
33,32,98,#FAD6AA
34,32,98,#FAD7AA
35,32,98,#FAD9AA
36,32,98,#FADAAA
37,32,98,#FADBAA
38,32,98,#FADDAA
39,32,98,#FADEAA
40,32,98,#FADFAA
41,32,98,#FAE1AA
42,32,98,#FAE2AA
43,32,98,#FAE3AA
44,32,98,#FAE5AA
45,32,98,#FAE6AA
46,32,98,#FAE7AA
47,32,98,#FAE9AA
48,32,98,#FAEAAA
49,32,98,#FAEBAA
50,32,98,#FAEDAA
51,32,98,#FAEEAA
52,32,98,#FAEFAA
53,32,98,#FAF1AA
54,32,98,#FAF2AA
55,32,98,#FAF3AA
56,32,98,#FAF5AA
57,32,98,#FAF6AA
58,32,98,#FAF7AA
59,32,98,#FAF9AA
60,32,98,#FAFAAA
61,32,98,#F9FAAA
62,32,98,#F7FAAA
63,32,98,#F6FAAA
64,32,98,#F5FAAA
65,32,98,#F3FAAA
66,32,98,#F2FAAA
67,32,98,#F1FAAA
68,32,98,#EFFAAA
69,32,98,#EEFAAA
70,32,98,#EDFAAA
71,32,98,#EBFAAA
72,32,98,#EAFAAA
73,32,98,#E9FAAA
74,32,98,#E7FAAA
75,32,98,#E6FAAA
76,32,98,#E5FAAA
77,32,98,#E3FAAA
78,32,98,#E2FAAA
79,32,98,#E1FAAA
80,32,98,#DFFAAA
81,32,98,#DEFAAA
82,32,98,#DDFAAA
83,32,98,#DBFAAA
84,32,98,#DAFAAA
85,32,98,#D9FAAA
86,32,98,#D7FAAA
87,32,98,#D6FAAA
88,32,98,#D5FAAA
89,32,98,#D3FAAA
90,32,98,#D2FAAA
91,32,98,#D1FAAA
92,32,98,#CFFAAA
93,32,98,#CEFAAA
94,32,98,#CDFAAA
95,32,98,#CBFAAA
96,32,98,#CAFAAA
97,32,98,#C9FAAA
98,32,98,#C7FAAA
99,32,98,#C6FAAA
100,32,98,#C5FAAA
101,32,98,#C3FAAA
102,32,98,#C2FAAA
103,32,98,#C1FAAA
104,32,98,#BFFAAA
105,32,98,#BEFAAA
106,32,98,#BDFAAA
107,32,98,#BBFAAA
108,32,98,#BAFAAA
109,32,98,#B9FAAA
110,32,98,#B7FAAA
111,32,98,#B6FAAA
112,32,98,#B5FAAA
113,32,98,#B3FAAA
114,32,98,#B2FAAA
115,32,98,#B1FAAA
116,32,98,#AFFAAA
117,32,98,#AEFAAA
118,32,98,#ADFAAA
119,32,98,#ABFAAA
120,32,98,#AAFAAA
121,32,98,#AAFAAB
122,32,98,#AAFAAD
123,32,98,#AAFAAE
124,32,98,#AAFAAF
125,32,98,#AAFAB1
126,32,98,#AAFAB2
127,32,98,#AAFAB3
128,32,98,#AAFAB5
129,32,98,#AAFAB6
130,32,98,#AAFAB7
131,32,98,#AAFAB9
132,32,98,#AAFABA
133,32,98,#AAFABB
134,32,98,#AAFABD
135,32,98,#AAFABE
136,32,98,#AAFABF
137,32,98,#AAFAC1
138,32,98,#AAFAC2
139,32,98,#AAFAC3
140,32,98,#AAFAC5
141,32,98,#AAFAC6
142,32,98,#AAFAC7
143,32,98,#AAFAC9
144,32,98,#AAFACA
145,32,98,#AAFACB
146,32,98,#AAFACD
147,32,98,#AAFACE
148,32,98,#AAFACF
149,32,98,#AAFAD1
150,32,98,#AAFAD2
151,32,98,#AAFAD3
152,32,98,#AAFAD5
153,32,98,#AAFAD6
154,32,98,#AAFAD7
155,32,98,#AAFAD9
156,32,98,#AAFADA
157,32,98,#AAFADB
158,32,98,#AAFADD
159,32,98,#AAFADE
160,32,98,#AAFADF
161,32,98,#AAFAE1
162,32,98,#AAFAE2
163,32,98,#AAFAE3
164,32,98,#AAFAE5
165,32,98,#AAFAE6
166,32,98,#AAFAE7
167,32,98,#AAFAE9
168,32,98,#AAFAEA
169,32,98,#AAFAEB
170,32,98,#AAFAED
171,32,98,#AAFAEE
172,32,98,#AAFAEF
173,32,98,#AAFAF1
174,32,98,#AAFAF2
175,32,98,#AAFAF3
176,32,98,#AAFAF5
177,32,98,#AAFAF6
178,32,98,#AAFAF7
179,32,98,#AAFAF9
180,32,98,#AAFAFA
181,32,98,#AAF9FA
182,32,98,#AAF7FA
183,32,98,#AAF6FA
184,32,98,#AAF5FA
185,32,98,#AAF3FA
186,32,98,#AAF2FA
187,32,98,#AAF1FA
188,32,98,#AAEFFA
189,32,98,#AAEEFA
190,32,98,#AAEDFA
191,32,98,#AAEBFA
192,32,98,#AAEAFA
193,32,98,#AAE9FA
194,32,98,#AAE7FA
195,32,98,#AAE6FA
196,32,98,#AAE5FA
197,32,98,#AAE3FA
198,32,98,#AAE2FA
199,32,98,#AAE1FA
200,32,98,#AADFFA
201,32,98,#AADEFA
202,32,98,#AADDFA
203,32,98,#AADBFA
204,32,98,#AADAFA
205,32,98,#AAD9FA
206,32,98,#AAD7FA
207,32,98,#AAD6FA
208,32,98,#AAD5FA
209,32,98,#AAD3FA
210,32,98,#AAD2FA
211,32,98,#AAD1FA
212,32,98,#AACFFA
213,32,98,#AACEFA
214,32,98,#AACDFA
215,32,98,#AACBFA
216,32,98,#AACAFA
217,32,98,#AAC9FA
218,32,98,#AAC7FA
219,32,98,#AAC6FA
220,32,98,#AAC5FA
221,32,98,#AAC3FA
222,32,98,#AAC2FA
223,32,98,#AAC1FA
224,32,98,#AABFFA
225,32,98,#AABEFA
226,32,98,#AABDFA
227,32,98,#AABBFA
228,32,98,#AABAFA
229,32,98,#AAB9FA
230,32,98,#AAB7FA
231,32,98,#AAB6FA
232,32,98,#AAB5FA
233,32,98,#AAB3FA
234,32,98,#AAB2FA
235,32,98,#AAB1FA
236,32,98,#AAAFFA
237,32,98,#AAAEFA
238,32,98,#AAADFA
239,32,98,#AAABFA
240,32,98,#AAAAFA
241,32,98,#ABAAFA
242,32,98,#ADAAFA
243,32,98,#AEAAFA
244,32,98,#AFAAFA
245,32,98,#B1AAFA
246,32,98,#B2AAFA
247,32,98,#B3AAFA
248,32,98,#B5AAFA
249,32,98,#B6AAFA
250,32,98,#B7AAFA
251,32,98,#B9AAFA
252,32,98,#BAAAFA
253,32,98,#BBAAFA
254,32,98,#BDAAFA
255,32,98,#BEAAFA
256,32,98,#BFAAFA
257,32,98,#C1AAFA
258,32,98,#C2AAFA
259,32,98,#C3AAFA
260,32,98,#C5AAFA
261,32,98,#C6AAFA
262,32,98,#C7AAFA
263,32,98,#C9AAFA
264,32,98,#CAAAFA
265,32,98,#CBAAFA
266,32,98,#CDAAFA
267,32,98,#CEAAFA
268,32,98,#CFAAFA
269,32,98,#D1AAFA
270,32,98,#D2AAFA
271,32,98,#D3AAFA
272,32,98,#D5AAFA
273,32,98,#D6AAFA
274,32,98,#D7AAFA
275,32,98,#D9AAFA
276,32,98,#DAAAFA
277,32,98,#DBAAFA
278,32,98,#DDAAFA
279,32,98,#DEAAFA
280,32,98,#DFAAFA
281,32,98,#E1AAFA
282,32,98,#E2AAFA
283,32,98,#E3AAFA
284,32,98,#E5AAFA
285,32,98,#E6AAFA
286,32,98,#E7AAFA
287,32,98,#E9AAFA
288,32,98,#EAAAFA
289,32,98,#EBAAFA
290,32,98,#EDAAFA
291,32,98,#EEAAFA
292,32,98,#EFAAFA
293,32,98,#F1AAFA
294,32,98,#F2AAFA
295,32,98,#F3AAFA
296,32,98,#F5AAFA
297,32,98,#F6AAFA
298,32,98,#F7AAFA
299,32,98,#F9AAFA
300,32,98,#FAAAFA
301,32,98,#FAAAF9
302,32,98,#FAAAF7
303,32,98,#FAAAF6
304,32,98,#FAAAF5
305,32,98,#FAAAF3
306,32,98,#FAAAF2
307,32,98,#FAAAF1
308,32,98,#FAAAEF
309,32,98,#FAAAEE
310,32,98,#FAAAED
311,32,98,#FAAAEB
312,32,98,#FAAAEA
313,32,98,#FAAAE9
314,32,98,#FAAAE7
315,32,98,#FAAAE6
316,32,98,#FAAAE5
317,32,98,#FAAAE3
318,32,98,#FAAAE2
319,32,98,#FAAAE1
320,32,98,#FAAADF
321,32,98,#FAAADE
322,32,98,#FAAADD
323,32,98,#FAAADB
324,32,98,#FAAADA
325,32,98,#FAAAD9
326,32,98,#FAAAD7
327,32,98,#FAAAD6
328,32,98,#FAAAD5
329,32,98,#FAAAD3
330,32,98,#FAAAD2
331,32,98,#FAAAD1
332,32,98,#FAAACF
333,32,98,#FAAACE
334,32,98,#FAAACD
335,32,98,#FAAACB
336,32,98,#FAAACA
337,32,98,#FAAAC9
338,32,98,#FAAAC7
339,32,98,#FAAAC6
340,32,98,#FAAAC5
341,32,98,#FAAAC3
342,32,98,#FAAAC2
343,32,98,#FAAAC1
344,32,98,#FAAABF
345,32,98,#FAAABE
346,32,98,#FAAABD
347,32,98,#FAAABB
348,32,98,#FAAABA
349,32,98,#FAAAB9
350,32,98,#FAAAB7
351,32,98,#FAAAB6
352,32,98,#FAAAB5
353,32,98,#FAAAB3
354,32,98,#FAAAB2
355,32,98,#FAAAB1
356,32,98,#FAAAAF
357,32,98,#FAAAAE
358,32,98,#FAAAAD
359,32,98,#FAAAAB
0,31,98,#FAACAC
1,31,98,#FAAEAC
2,31,98,#FAAFAC
3,31,98,#FAB0AC
4,31,98,#FAB2AC
5,31,98,#FAB3AC
6,31,98,#FAB4AC
7,31,98,#FAB5AC
8,31,98,#FAB7AC
9,31,98,#FAB8AC
10,31,98,#FAB9AC
11,31,98,#FABBAC
12,31,98,#FABCAC
13,31,98,#FABDAC
14,31,98,#FABFAC
15,31,98,#FAC0AC
16,31,98,#FAC1AC
17,31,98,#FAC2AC
18,31,98,#FAC4AC
19,31,98,#FAC5AC
20,31,98,#FAC6AC
21,31,98,#FAC8AC
22,31,98,#FAC9AC
23,31,98,#FACAAC
24,31,98,#FACBAC
25,31,98,#FACDAC
26,31,98,#FACEAC
27,31,98,#FACFAC
28,31,98,#FAD1AC
29,31,98,#FAD2AC
30,31,98,#FAD3AC
31,31,98,#FAD4AC
32,31,98,#FAD6AC
33,31,98,#FAD7AC
34,31,98,#FAD8AC
35,31,98,#FADAAC
36,31,98,#FADBAC
37,31,98,#FADCAC
38,31,98,#FADDAC
39,31,98,#FADFAC
40,31,98,#FAE0AC
41,31,98,#FAE1AC
42,31,98,#FAE3AC
43,31,98,#FAE4AC
44,31,98,#FAE5AC
45,31,98,#FAE7AC
46,31,98,#FAE8AC
47,31,98,#FAE9AC
48,31,98,#FAEAAC
49,31,98,#FAECAC
50,31,98,#FAEDAC
51,31,98,#FAEEAC
52,31,98,#FAF0AC
53,31,98,#FAF1AC
54,31,98,#FAF2AC
55,31,98,#FAF3AC
56,31,98,#FAF5AC
57,31,98,#FAF6AC
58,31,98,#FAF7AC
59,31,98,#FAF9AC
60,31,98,#FAFAAC
61,31,98,#F9FAAC
62,31,98,#F7FAAC
63,31,98,#F6FAAC
64,31,98,#F5FAAC
65,31,98,#F3FAAC
66,31,98,#F2FAAC
67,31,98,#F1FAAC
68,31,98,#F0FAAC
69,31,98,#EEFAAC
70,31,98,#EDFAAC
71,31,98,#ECFAAC
72,31,98,#EAFAAC
73,31,98,#E9FAAC
74,31,98,#E8FAAC
75,31,98,#E7FAAC
76,31,98,#E5FAAC
77,31,98,#E4FAAC
78,31,98,#E3FAAC
79,31,98,#E1FAAC
80,31,98,#E0FAAC
81,31,98,#DFFAAC
82,31,98,#DDFAAC
83,31,98,#DCFAAC
84,31,98,#DBFAAC
85,31,98,#DAFAAC
86,31,98,#D8FAAC
87,31,98,#D7FAAC
88,31,98,#D6FAAC
89,31,98,#D4FAAC
90,31,98,#D3FAAC
91,31,98,#D2FAAC
92,31,98,#D1FAAC
93,31,98,#CFFAAC
94,31,98,#CEFAAC
95,31,98,#CDFAAC
96,31,98,#CBFAAC
97,31,98,#CAFAAC
98,31,98,#C9FAAC
99,31,98,#C8FAAC
100,31,98,#C6FAAC
101,31,98,#C5FAAC
102,31,98,#C4FAAC
103,31,98,#C2FAAC
104,31,98,#C1FAAC
105,31,98,#C0FAAC
106,31,98,#BFFAAC
107,31,98,#BDFAAC
108,31,98,#BCFAAC
109,31,98,#BBFAAC
110,31,98,#B9FAAC
111,31,98,#B8FAAC
112,31,98,#B7FAAC
113,31,98,#B5FAAC
114,31,98,#B4FAAC
115,31,98,#B3FAAC
116,31,98,#B2FAAC
117,31,98,#B0FAAC
118,31,98,#AFFAAC
119,31,98,#AEFAAC
120,31,98,#ACFAAC
121,31,98,#ACFAAE
122,31,98,#ACFAAF
123,31,98,#ACFAB0
124,31,98,#ACFAB2
125,31,98,#ACFAB3
126,31,98,#ACFAB4
127,31,98,#ACFAB5
128,31,98,#ACFAB7
129,31,98,#ACFAB8
130,31,98,#ACFAB9
131,31,98,#ACFABB
132,31,98,#ACFABC
133,31,98,#ACFABD
134,31,98,#ACFABF
135,31,98,#ACFAC0
136,31,98,#ACFAC1
137,31,98,#ACFAC2
138,31,98,#ACFAC4
139,31,98,#ACFAC5
140,31,98,#ACFAC6
141,31,98,#ACFAC8
142,31,98,#ACFAC9
143,31,98,#ACFACA
144,31,98,#ACFACB
145,31,98,#ACFACD
146,31,98,#ACFACE
147,31,98,#ACFACF
148,31,98,#ACFAD1
149,31,98,#ACFAD2
150,31,98,#ACFAD3
151,31,98,#ACFAD4
152,31,98,#ACFAD6
153,31,98,#ACFAD7
154,31,98,#ACFAD8
155,31,98,#ACFADA
156,31,98,#ACFADB
157,31,98,#ACFADC
158,31,98,#ACFADD
159,31,98,#ACFADF
160,31,98,#ACFAE0
161,31,98,#ACFAE1
162,31,98,#ACFAE3
163,31,98,#ACFAE4
164,31,98,#ACFAE5
165,31,98,#ACFAE7
166,31,98,#ACFAE8
167,31,98,#ACFAE9
168,31,98,#ACFAEA
169,31,98,#ACFAEC
170,31,98,#ACFAED
171,31,98,#ACFAEE
172,31,98,#ACFAF0
173,31,98,#ACFAF1
174,31,98,#ACFAF2
175,31,98,#ACFAF3
176,31,98,#ACFAF5
177,31,98,#ACFAF6
178,31,98,#ACFAF7
179,31,98,#ACFAF9
180,31,98,#ACFAFA
181,31,98,#ACF9FA
182,31,98,#ACF7FA
183,31,98,#ACF6FA
184,31,98,#ACF5FA
185,31,98,#ACF3FA
186,31,98,#ACF2FA
187,31,98,#ACF1FA
188,31,98,#ACF0FA
189,31,98,#ACEEFA
190,31,98,#ACEDFA
191,31,98,#ACECFA
192,31,98,#ACEAFA
193,31,98,#ACE9FA
194,31,98,#ACE8FA
195,31,98,#ACE7FA
196,31,98,#ACE5FA
197,31,98,#ACE4FA
198,31,98,#ACE3FA
199,31,98,#ACE1FA
200,31,98,#ACE0FA
201,31,98,#ACDFFA
202,31,98,#ACDDFA
203,31,98,#ACDCFA
204,31,98,#ACDBFA
205,31,98,#ACDAFA
206,31,98,#ACD8FA
207,31,98,#ACD7FA
208,31,98,#ACD6FA
209,31,98,#ACD4FA
210,31,98,#ACD3FA
211,31,98,#ACD2FA
212,31,98,#ACD1FA
213,31,98,#ACCFFA
214,31,98,#ACCEFA
215,31,98,#ACCDFA
216,31,98,#ACCBFA
217,31,98,#ACCAFA
218,31,98,#ACC9FA
219,31,98,#ACC8FA
220,31,98,#ACC6FA
221,31,98,#ACC5FA
222,31,98,#ACC4FA
223,31,98,#ACC2FA
224,31,98,#ACC1FA
225,31,98,#ACC0FA
226,31,98,#ACBFFA
227,31,98,#ACBDFA
228,31,98,#ACBCFA
229,31,98,#ACBBFA
230,31,98,#ACB9FA
231,31,98,#ACB8FA
232,31,98,#ACB7FA
233,31,98,#ACB5FA
234,31,98,#ACB4FA
235,31,98,#ACB3FA
236,31,98,#ACB2FA
237,31,98,#ACB0FA
238,31,98,#ACAFFA
239,31,98,#ACAEFA
240,31,98,#ACACFA
241,31,98,#AEACFA
242,31,98,#AFACFA
243,31,98,#B0ACFA
244,31,98,#B2ACFA
245,31,98,#B3ACFA
246,31,98,#B4ACFA
247,31,98,#B5ACFA
248,31,98,#B7ACFA
249,31,98,#B8ACFA
250,31,98,#B9ACFA
251,31,98,#BBACFA
252,31,98,#BCACFA
253,31,98,#BDACFA
254,31,98,#BFACFA
255,31,98,#C0ACFA
256,31,98,#C1ACFA
257,31,98,#C2ACFA
258,31,98,#C4ACFA
259,31,98,#C5ACFA
260,31,98,#C6ACFA
261,31,98,#C8ACFA
262,31,98,#C9ACFA
263,31,98,#CAACFA
264,31,98,#CBACFA
265,31,98,#CDACFA
266,31,98,#CEACFA
267,31,98,#CFACFA
268,31,98,#D1ACFA
269,31,98,#D2ACFA
270,31,98,#D3ACFA
271,31,98,#D4ACFA
272,31,98,#D6ACFA
273,31,98,#D7ACFA
274,31,98,#D8ACFA
275,31,98,#DAACFA
276,31,98,#DBACFA
277,31,98,#DCACFA
278,31,98,#DDACFA
279,31,98,#DFACFA
280,31,98,#E0ACFA
281,31,98,#E1ACFA
282,31,98,#E3ACFA
283,31,98,#E4ACFA
284,31,98,#E5ACFA
285,31,98,#E7ACFA
286,31,98,#E8ACFA
287,31,98,#E9ACFA
288,31,98,#EAACFA
289,31,98,#ECACFA
290,31,98,#EDACFA
291,31,98,#EEACFA
292,31,98,#F0ACFA
293,31,98,#F1ACFA
294,31,98,#F2ACFA
295,31,98,#F3ACFA
296,31,98,#F5ACFA
297,31,98,#F6ACFA
298,31,98,#F7ACFA
299,31,98,#F9ACFA
300,31,98,#FAACFA
301,31,98,#FAACF9
302,31,98,#FAACF7
303,31,98,#FAACF6
304,31,98,#FAACF5
305,31,98,#FAACF3
306,31,98,#FAACF2
307,31,98,#FAACF1
308,31,98,#FAACF0
309,31,98,#FAACEE
310,31,98,#FAACED
311,31,98,#FAACEC
312,31,98,#FAACEA
313,31,98,#FAACE9
314,31,98,#FAACE8
315,31,98,#FAACE7
316,31,98,#FAACE5
317,31,98,#FAACE4
318,31,98,#FAACE3
319,31,98,#FAACE1
320,31,98,#FAACE0
321,31,98,#FAACDF
322,31,98,#FAACDD
323,31,98,#FAACDC
324,31,98,#FAACDB
325,31,98,#FAACDA
326,31,98,#FAACD8
327,31,98,#FAACD7
328,31,98,#FAACD6
329,31,98,#FAACD4
330,31,98,#FAACD3
331,31,98,#FAACD2
332,31,98,#FAACD1
333,31,98,#FAACCF
334,31,98,#FAACCE
335,31,98,#FAACCD
336,31,98,#FAACCB
337,31,98,#FAACCA
338,31,98,#FAACC9
339,31,98,#FAACC8
340,31,98,#FAACC6
341,31,98,#FAACC5
342,31,98,#FAACC4
343,31,98,#FAACC2
344,31,98,#FAACC1
345,31,98,#FAACC0
346,31,98,#FAACBF
347,31,98,#FAACBD
348,31,98,#FAACBC
349,31,98,#FAACBB
350,31,98,#FAACB9
351,31,98,#FAACB8
352,31,98,#FAACB7
353,31,98,#FAACB5
354,31,98,#FAACB4
355,31,98,#FAACB3
356,31,98,#FAACB2
357,31,98,#FAACB0
358,31,98,#FAACAF
359,31,98,#FAACAE
0,30,98,#FAAFAF
1,30,98,#FAB0AF
2,30,98,#FAB1AF
3,30,98,#FAB3AF
4,30,98,#FAB4AF
5,30,98,#FAB5AF
6,30,98,#FAB6AF
7,30,98,#FAB8AF
8,30,98,#FAB9AF
9,30,98,#FABAAF
10,30,98,#FABBAF
11,30,98,#FABDAF
12,30,98,#FABEAF
13,30,98,#FABFAF
14,30,98,#FAC0AF
15,30,98,#FAC2AF
16,30,98,#FAC3AF
17,30,98,#FAC4AF
18,30,98,#FAC5AF
19,30,98,#FAC7AF
20,30,98,#FAC8AF
21,30,98,#FAC9AF
22,30,98,#FACAAF
23,30,98,#FACCAF
24,30,98,#FACDAF
25,30,98,#FACEAF
26,30,98,#FACFAF
27,30,98,#FAD1AF
28,30,98,#FAD2AF
29,30,98,#FAD3AF
30,30,98,#FAD4AF
31,30,98,#FAD6AF
32,30,98,#FAD7AF
33,30,98,#FAD8AF
34,30,98,#FAD9AF
35,30,98,#FADBAF
36,30,98,#FADCAF
37,30,98,#FADDAF
38,30,98,#FADEAF
39,30,98,#FAE0AF
40,30,98,#FAE1AF
41,30,98,#FAE2AF
42,30,98,#FAE3AF
43,30,98,#FAE5AF
44,30,98,#FAE6AF
45,30,98,#FAE7AF
46,30,98,#FAE8AF
47,30,98,#FAEAAF
48,30,98,#FAEBAF
49,30,98,#FAECAF
50,30,98,#FAEDAF
51,30,98,#FAEFAF
52,30,98,#FAF0AF
53,30,98,#FAF1AF
54,30,98,#FAF2AF
55,30,98,#FAF4AF
56,30,98,#FAF5AF
57,30,98,#FAF6AF
58,30,98,#FAF7AF
59,30,98,#FAF9AF
60,30,98,#FAFAAF
61,30,98,#F9FAAF
62,30,98,#F7FAAF
63,30,98,#F6FAAF
64,30,98,#F5FAAF
65,30,98,#F4FAAF
66,30,98,#F2FAAF
67,30,98,#F1FAAF
68,30,98,#F0FAAF
69,30,98,#EFFAAF
70,30,98,#EDFAAF
71,30,98,#ECFAAF
72,30,98,#EBFAAF
73,30,98,#EAFAAF
74,30,98,#E8FAAF
75,30,98,#E7FAAF
76,30,98,#E6FAAF
77,30,98,#E5FAAF
78,30,98,#E3FAAF
79,30,98,#E2FAAF
80,30,98,#E1FAAF
81,30,98,#E0FAAF
82,30,98,#DEFAAF
83,30,98,#DDFAAF
84,30,98,#DCFAAF
85,30,98,#DBFAAF
86,30,98,#D9FAAF
87,30,98,#D8FAAF
88,30,98,#D7FAAF
89,30,98,#D6FAAF
90,30,98,#D4FAAF
91,30,98,#D3FAAF
92,30,98,#D2FAAF
93,30,98,#D1FAAF
94,30,98,#CFFAAF
95,30,98,#CEFAAF
96,30,98,#CDFAAF
97,30,98,#CCFAAF
98,30,98,#CAFAAF
99,30,98,#C9FAAF
100,30,98,#C8FAAF
101,30,98,#C7FAAF
102,30,98,#C5FAAF
103,30,98,#C4FAAF
104,30,98,#C3FAAF
105,30,98,#C2FAAF
106,30,98,#C0FAAF
107,30,98,#BFFAAF
108,30,98,#BEFAAF
109,30,98,#BDFAAF
110,30,98,#BBFAAF
111,30,98,#BAFAAF
112,30,98,#B9FAAF
113,30,98,#B8FAAF
114,30,98,#B6FAAF
115,30,98,#B5FAAF
116,30,98,#B4FAAF
117,30,98,#B3FAAF
118,30,98,#B1FAAF
119,30,98,#B0FAAF
120,30,98,#AFFAAF
121,30,98,#AFFAB0
122,30,98,#AFFAB1
123,30,98,#AFFAB3
124,30,98,#AFFAB4
125,30,98,#AFFAB5
126,30,98,#AFFAB6
127,30,98,#AFFAB8
128,30,98,#AFFAB9
129,30,98,#AFFABA
130,30,98,#AFFABB
131,30,98,#AFFABD
132,30,98,#AFFABE
133,30,98,#AFFABF
134,30,98,#AFFAC0
135,30,98,#AFFAC2
136,30,98,#AFFAC3
137,30,98,#AFFAC4
138,30,98,#AFFAC5
139,30,98,#AFFAC7
140,30,98,#AFFAC8
141,30,98,#AFFAC9
142,30,98,#AFFACA
143,30,98,#AFFACC
144,30,98,#AFFACD
145,30,98,#AFFACE
146,30,98,#AFFACF
147,30,98,#AFFAD1
148,30,98,#AFFAD2
149,30,98,#AFFAD3
150,30,98,#AFFAD4
151,30,98,#AFFAD6
152,30,98,#AFFAD7
153,30,98,#AFFAD8
154,30,98,#AFFAD9
155,30,98,#AFFADB
156,30,98,#AFFADC
157,30,98,#AFFADD
158,30,98,#AFFADE
159,30,98,#AFFAE0
160,30,98,#AFFAE1
161,30,98,#AFFAE2
162,30,98,#AFFAE3
163,30,98,#AFFAE5
164,30,98,#AFFAE6
165,30,98,#AFFAE7
166,30,98,#AFFAE8
167,30,98,#AFFAEA
168,30,98,#AFFAEB
169,30,98,#AFFAEC
170,30,98,#AFFAED
171,30,98,#AFFAEF
172,30,98,#AFFAF0
173,30,98,#AFFAF1
174,30,98,#AFFAF2
175,30,98,#AFFAF4
176,30,98,#AFFAF5
177,30,98,#AFFAF6
178,30,98,#AFFAF7
179,30,98,#AFFAF9
180,30,98,#AFFAFA
181,30,98,#AFF9FA
182,30,98,#AFF7FA
183,30,98,#AFF6FA
184,30,98,#AFF5FA
185,30,98,#AFF4FA
186,30,98,#AFF2FA
187,30,98,#AFF1FA
188,30,98,#AFF0FA
189,30,98,#AFEFFA
190,30,98,#AFEDFA
191,30,98,#AFECFA
192,30,98,#AFEBFA
193,30,98,#AFEAFA
194,30,98,#AFE8FA
195,30,98,#AFE7FA
196,30,98,#AFE6FA
197,30,98,#AFE5FA
198,30,98,#AFE3FA
199,30,98,#AFE2FA
200,30,98,#AFE1FA
201,30,98,#AFE0FA
202,30,98,#AFDEFA
203,30,98,#AFDDFA
204,30,98,#AFDCFA
205,30,98,#AFDBFA
206,30,98,#AFD9FA
207,30,98,#AFD8FA
208,30,98,#AFD7FA
209,30,98,#AFD6FA
210,30,98,#AFD4FA
211,30,98,#AFD3FA
212,30,98,#AFD2FA
213,30,98,#AFD1FA
214,30,98,#AFCFFA
215,30,98,#AFCEFA
216,30,98,#AFCDFA
217,30,98,#AFCCFA
218,30,98,#AFCAFA
219,30,98,#AFC9FA
220,30,98,#AFC8FA
221,30,98,#AFC7FA
222,30,98,#AFC5FA
223,30,98,#AFC4FA
224,30,98,#AFC3FA
225,30,98,#AFC2FA
226,30,98,#AFC0FA
227,30,98,#AFBFFA
228,30,98,#AFBEFA
229,30,98,#AFBDFA
230,30,98,#AFBBFA
231,30,98,#AFBAFA
232,30,98,#AFB9FA
233,30,98,#AFB8FA
234,30,98,#AFB6FA
235,30,98,#AFB5FA
236,30,98,#AFB4FA
237,30,98,#AFB3FA
238,30,98,#AFB1FA
239,30,98,#AFB0FA
240,30,98,#AFAFFA
241,30,98,#B0AFFA
242,30,98,#B1AFFA
243,30,98,#B3AFFA
244,30,98,#B4AFFA
245,30,98,#B5AFFA
246,30,98,#B6AFFA
247,30,98,#B8AFFA
248,30,98,#B9AFFA
249,30,98,#BAAFFA
250,30,98,#BBAFFA
251,30,98,#BDAFFA
252,30,98,#BEAFFA
253,30,98,#BFAFFA
254,30,98,#C0AFFA
255,30,98,#C2AFFA
256,30,98,#C3AFFA
257,30,98,#C4AFFA
258,30,98,#C5AFFA
259,30,98,#C7AFFA
260,30,98,#C8AFFA
261,30,98,#C9AFFA
262,30,98,#CAAFFA
263,30,98,#CCAFFA
264,30,98,#CDAFFA
265,30,98,#CEAFFA
266,30,98,#CFAFFA
267,30,98,#D1AFFA
268,30,98,#D2AFFA
269,30,98,#D3AFFA
270,30,98,#D4AFFA
271,30,98,#D6AFFA
272,30,98,#D7AFFA
273,30,98,#D8AFFA
274,30,98,#D9AFFA
275,30,98,#DBAFFA
276,30,98,#DCAFFA
277,30,98,#DDAFFA
278,30,98,#DEAFFA
279,30,98,#E0AFFA
280,30,98,#E1AFFA
281,30,98,#E2AFFA
282,30,98,#E3AFFA
283,30,98,#E5AFFA
284,30,98,#E6AFFA
285,30,98,#E7AFFA
286,30,98,#E8AFFA
287,30,98,#EAAFFA
288,30,98,#EBAFFA
289,30,98,#ECAFFA
290,30,98,#EDAFFA
291,30,98,#EFAFFA
292,30,98,#F0AFFA
293,30,98,#F1AFFA
294,30,98,#F2AFFA
295,30,98,#F4AFFA
296,30,98,#F5AFFA
297,30,98,#F6AFFA
298,30,98,#F7AFFA
299,30,98,#F9AFFA
300,30,98,#FAAFFA
301,30,98,#FAAFF9
302,30,98,#FAAFF7
303,30,98,#FAAFF6
304,30,98,#FAAFF5
305,30,98,#FAAFF4
306,30,98,#FAAFF2
307,30,98,#FAAFF1
308,30,98,#FAAFF0
309,30,98,#FAAFEF
310,30,98,#FAAFED
311,30,98,#FAAFEC
312,30,98,#FAAFEB
313,30,98,#FAAFEA
314,30,98,#FAAFE8
315,30,98,#FAAFE7
316,30,98,#FAAFE6
317,30,98,#FAAFE5
318,30,98,#FAAFE3
319,30,98,#FAAFE2
320,30,98,#FAAFE1
321,30,98,#FAAFE0
322,30,98,#FAAFDE
323,30,98,#FAAFDD
324,30,98,#FAAFDC
325,30,98,#FAAFDB
326,30,98,#FAAFD9
327,30,98,#FAAFD8
328,30,98,#FAAFD7
329,30,98,#FAAFD6
330,30,98,#FAAFD4
331,30,98,#FAAFD3
332,30,98,#FAAFD2
333,30,98,#FAAFD1
334,30,98,#FAAFCF
335,30,98,#FAAFCE
336,30,98,#FAAFCD
337,30,98,#FAAFCC
338,30,98,#FAAFCA
339,30,98,#FAAFC9
340,30,98,#FAAFC8
341,30,98,#FAAFC7
342,30,98,#FAAFC5
343,30,98,#FAAFC4
344,30,98,#FAAFC3
345,30,98,#FAAFC2
346,30,98,#FAAFC0
347,30,98,#FAAFBF
348,30,98,#FAAFBE
349,30,98,#FAAFBD
350,30,98,#FAAFBB
351,30,98,#FAAFBA
352,30,98,#FAAFB9
353,30,98,#FAAFB8
354,30,98,#FAAFB6
355,30,98,#FAAFB5
356,30,98,#FAAFB4
357,30,98,#FAAFB3
358,30,98,#FAAFB1
359,30,98,#FAAFB0
0,29,98,#FAB1B1
1,29,98,#FAB3B1
2,29,98,#FAB4B1
3,29,98,#FAB5B1
4,29,98,#FAB6B1
5,29,98,#FAB7B1
6,29,98,#FAB9B1
7,29,98,#FABAB1
8,29,98,#FABBB1
9,29,98,#FABCB1
10,29,98,#FABEB1
11,29,98,#FABFB1
12,29,98,#FAC0B1
13,29,98,#FAC1B1
14,29,98,#FAC2B1
15,29,98,#FAC4B1
16,29,98,#FAC5B1
17,29,98,#FAC6B1
18,29,98,#FAC7B1
19,29,98,#FAC8B1
20,29,98,#FACAB1
21,29,98,#FACBB1
22,29,98,#FACCB1
23,29,98,#FACDB1
24,29,98,#FACEB1
25,29,98,#FAD0B1
26,29,98,#FAD1B1
27,29,98,#FAD2B1
28,29,98,#FAD3B1
29,29,98,#FAD4B1
30,29,98,#FAD6B1
31,29,98,#FAD7B1
32,29,98,#FAD8B1
33,29,98,#FAD9B1
34,29,98,#FADAB1
35,29,98,#FADCB1
36,29,98,#FADDB1
37,29,98,#FADEB1
38,29,98,#FADFB1
39,29,98,#FAE1B1
40,29,98,#FAE2B1
41,29,98,#FAE3B1
42,29,98,#FAE4B1
43,29,98,#FAE5B1
44,29,98,#FAE7B1
45,29,98,#FAE8B1
46,29,98,#FAE9B1
47,29,98,#FAEAB1
48,29,98,#FAEBB1
49,29,98,#FAEDB1
50,29,98,#FAEEB1
51,29,98,#FAEFB1
52,29,98,#FAF0B1
53,29,98,#FAF1B1
54,29,98,#FAF3B1
55,29,98,#FAF4B1
56,29,98,#FAF5B1
57,29,98,#FAF6B1
58,29,98,#FAF7B1
59,29,98,#FAF9B1
60,29,98,#FAFAB1
61,29,98,#F9FAB1
62,29,98,#F7FAB1
63,29,98,#F6FAB1
64,29,98,#F5FAB1
65,29,98,#F4FAB1
66,29,98,#F3FAB1
67,29,98,#F1FAB1
68,29,98,#F0FAB1
69,29,98,#EFFAB1
70,29,98,#EEFAB1
71,29,98,#EDFAB1
72,29,98,#EBFAB1
73,29,98,#EAFAB1
74,29,98,#E9FAB1
75,29,98,#E8FAB1
76,29,98,#E7FAB1
77,29,98,#E5FAB1
78,29,98,#E4FAB1
79,29,98,#E3FAB1
80,29,98,#E2FAB1
81,29,98,#E1FAB1
82,29,98,#DFFAB1
83,29,98,#DEFAB1
84,29,98,#DDFAB1
85,29,98,#DCFAB1
86,29,98,#DAFAB1
87,29,98,#D9FAB1
88,29,98,#D8FAB1
89,29,98,#D7FAB1
90,29,98,#D6FAB1
91,29,98,#D4FAB1
92,29,98,#D3FAB1
93,29,98,#D2FAB1
94,29,98,#D1FAB1
95,29,98,#D0FAB1
96,29,98,#CEFAB1
97,29,98,#CDFAB1
98,29,98,#CCFAB1
99,29,98,#CBFAB1
100,29,98,#CAFAB1
101,29,98,#C8FAB1
102,29,98,#C7FAB1
103,29,98,#C6FAB1
104,29,98,#C5FAB1
105,29,98,#C4FAB1
106,29,98,#C2FAB1
107,29,98,#C1FAB1
108,29,98,#C0FAB1
109,29,98,#BFFAB1
110,29,98,#BEFAB1
111,29,98,#BCFAB1
112,29,98,#BBFAB1
113,29,98,#BAFAB1
114,29,98,#B9FAB1
115,29,98,#B7FAB1
116,29,98,#B6FAB1
117,29,98,#B5FAB1
118,29,98,#B4FAB1
119,29,98,#B3FAB1
120,29,98,#B1FAB1
121,29,98,#B1FAB3
122,29,98,#B1FAB4
123,29,98,#B1FAB5
124,29,98,#B1FAB6
125,29,98,#B1FAB7
126,29,98,#B1FAB9
127,29,98,#B1FABA
128,29,98,#B1FABB
129,29,98,#B1FABC
130,29,98,#B1FABE
131,29,98,#B1FABF
132,29,98,#B1FAC0
133,29,98,#B1FAC1
134,29,98,#B1FAC2
135,29,98,#B1FAC4
136,29,98,#B1FAC5
137,29,98,#B1FAC6
138,29,98,#B1FAC7
139,29,98,#B1FAC8
140,29,98,#B1FACA
141,29,98,#B1FACB
142,29,98,#B1FACC
143,29,98,#B1FACD
144,29,98,#B1FACE
145,29,98,#B1FAD0
146,29,98,#B1FAD1
147,29,98,#B1FAD2
148,29,98,#B1FAD3
149,29,98,#B1FAD4
150,29,98,#B1FAD6
151,29,98,#B1FAD7
152,29,98,#B1FAD8
153,29,98,#B1FAD9
154,29,98,#B1FADA
155,29,98,#B1FADC
156,29,98,#B1FADD
157,29,98,#B1FADE
158,29,98,#B1FADF
159,29,98,#B1FAE1
160,29,98,#B1FAE2
161,29,98,#B1FAE3
162,29,98,#B1FAE4
163,29,98,#B1FAE5
164,29,98,#B1FAE7
165,29,98,#B1FAE8
166,29,98,#B1FAE9
167,29,98,#B1FAEA
168,29,98,#B1FAEB
169,29,98,#B1FAED
170,29,98,#B1FAEE
171,29,98,#B1FAEF
172,29,98,#B1FAF0
173,29,98,#B1FAF1
174,29,98,#B1FAF3
175,29,98,#B1FAF4
176,29,98,#B1FAF5
177,29,98,#B1FAF6
178,29,98,#B1FAF7
179,29,98,#B1FAF9
180,29,98,#B1FAFA
181,29,98,#B1F9FA
182,29,98,#B1F7FA
183,29,98,#B1F6FA
184,29,98,#B1F5FA
185,29,98,#B1F4FA
186,29,98,#B1F3FA
187,29,98,#B1F1FA
188,29,98,#B1F0FA
189,29,98,#B1EFFA
190,29,98,#B1EEFA
191,29,98,#B1EDFA
192,29,98,#B1EBFA
193,29,98,#B1EAFA
194,29,98,#B1E9FA
195,29,98,#B1E8FA
196,29,98,#B1E7FA
197,29,98,#B1E5FA
198,29,98,#B1E4FA
199,29,98,#B1E3FA
200,29,98,#B1E2FA
201,29,98,#B1E1FA
202,29,98,#B1DFFA
203,29,98,#B1DEFA
204,29,98,#B1DDFA
205,29,98,#B1DCFA
206,29,98,#B1DAFA
207,29,98,#B1D9FA
208,29,98,#B1D8FA
209,29,98,#B1D7FA
210,29,98,#B1D6FA
211,29,98,#B1D4FA
212,29,98,#B1D3FA
213,29,98,#B1D2FA
214,29,98,#B1D1FA
215,29,98,#B1D0FA
216,29,98,#B1CEFA
217,29,98,#B1CDFA
218,29,98,#B1CCFA
219,29,98,#B1CBFA
220,29,98,#B1CAFA
221,29,98,#B1C8FA
222,29,98,#B1C7FA
223,29,98,#B1C6FA
224,29,98,#B1C5FA
225,29,98,#B1C4FA
226,29,98,#B1C2FA
227,29,98,#B1C1FA
228,29,98,#B1C0FA
229,29,98,#B1BFFA
230,29,98,#B1BEFA
231,29,98,#B1BCFA
232,29,98,#B1BBFA
233,29,98,#B1BAFA
234,29,98,#B1B9FA
235,29,98,#B1B7FA
236,29,98,#B1B6FA
237,29,98,#B1B5FA
238,29,98,#B1B4FA
239,29,98,#B1B3FA
240,29,98,#B1B1FA
241,29,98,#B3B1FA
242,29,98,#B4B1FA
243,29,98,#B5B1FA
244,29,98,#B6B1FA
245,29,98,#B7B1FA
246,29,98,#B9B1FA
247,29,98,#BAB1FA
248,29,98,#BBB1FA
249,29,98,#BCB1FA
250,29,98,#BEB1FA
251,29,98,#BFB1FA
252,29,98,#C0B1FA
253,29,98,#C1B1FA
254,29,98,#C2B1FA
255,29,98,#C4B1FA
256,29,98,#C5B1FA
257,29,98,#C6B1FA
258,29,98,#C7B1FA
259,29,98,#C8B1FA
260,29,98,#CAB1FA
261,29,98,#CBB1FA
262,29,98,#CCB1FA
263,29,98,#CDB1FA
264,29,98,#CEB1FA
265,29,98,#D0B1FA
266,29,98,#D1B1FA
267,29,98,#D2B1FA
268,29,98,#D3B1FA
269,29,98,#D4B1FA
270,29,98,#D6B1FA
271,29,98,#D7B1FA
272,29,98,#D8B1FA
273,29,98,#D9B1FA
274,29,98,#DAB1FA
275,29,98,#DCB1FA
276,29,98,#DDB1FA
277,29,98,#DEB1FA
278,29,98,#DFB1FA
279,29,98,#E1B1FA
280,29,98,#E2B1FA
281,29,98,#E3B1FA
282,29,98,#E4B1FA
283,29,98,#E5B1FA
284,29,98,#E7B1FA
285,29,98,#E8B1FA
286,29,98,#E9B1FA
287,29,98,#EAB1FA
288,29,98,#EBB1FA
289,29,98,#EDB1FA
290,29,98,#EEB1FA
291,29,98,#EFB1FA
292,29,98,#F0B1FA
293,29,98,#F1B1FA
294,29,98,#F3B1FA
295,29,98,#F4B1FA
296,29,98,#F5B1FA
297,29,98,#F6B1FA
298,29,98,#F7B1FA
299,29,98,#F9B1FA
300,29,98,#FAB1FA
301,29,98,#FAB1F9
302,29,98,#FAB1F7
303,29,98,#FAB1F6
304,29,98,#FAB1F5
305,29,98,#FAB1F4
306,29,98,#FAB1F3
307,29,98,#FAB1F1
308,29,98,#FAB1F0
309,29,98,#FAB1EF
310,29,98,#FAB1EE
311,29,98,#FAB1ED
312,29,98,#FAB1EB
313,29,98,#FAB1EA
314,29,98,#FAB1E9
315,29,98,#FAB1E8
316,29,98,#FAB1E7
317,29,98,#FAB1E5
318,29,98,#FAB1E4
319,29,98,#FAB1E3
320,29,98,#FAB1E2
321,29,98,#FAB1E1
322,29,98,#FAB1DF
323,29,98,#FAB1DE
324,29,98,#FAB1DD
325,29,98,#FAB1DC
326,29,98,#FAB1DA
327,29,98,#FAB1D9
328,29,98,#FAB1D8
329,29,98,#FAB1D7
330,29,98,#FAB1D6
331,29,98,#FAB1D4
332,29,98,#FAB1D3
333,29,98,#FAB1D2
334,29,98,#FAB1D1
335,29,98,#FAB1D0
336,29,98,#FAB1CE
337,29,98,#FAB1CD
338,29,98,#FAB1CC
339,29,98,#FAB1CB
340,29,98,#FAB1CA
341,29,98,#FAB1C8
342,29,98,#FAB1C7
343,29,98,#FAB1C6
344,29,98,#FAB1C5
345,29,98,#FAB1C4
346,29,98,#FAB1C2
347,29,98,#FAB1C1
348,29,98,#FAB1C0
349,29,98,#FAB1BF
350,29,98,#FAB1BE
351,29,98,#FAB1BC
352,29,98,#FAB1BB
353,29,98,#FAB1BA
354,29,98,#FAB1B9
355,29,98,#FAB1B7
356,29,98,#FAB1B6
357,29,98,#FAB1B5
358,29,98,#FAB1B4
359,29,98,#FAB1B3
0,28,98,#FAB4B4
1,28,98,#FAB5B4
2,28,98,#FAB6B4
3,28,98,#FAB7B4
4,28,98,#FAB9B4
5,28,98,#FABAB4
6,28,98,#FABBB4
7,28,98,#FABCB4
8,28,98,#FABDB4
9,28,98,#FABEB4
10,28,98,#FAC0B4
11,28,98,#FAC1B4
12,28,98,#FAC2B4
13,28,98,#FAC3B4
14,28,98,#FAC4B4
15,28,98,#FAC5B4
16,28,98,#FAC7B4
17,28,98,#FAC8B4
18,28,98,#FAC9B4
19,28,98,#FACAB4
20,28,98,#FACBB4
21,28,98,#FACCB4
22,28,98,#FACEB4
23,28,98,#FACFB4
24,28,98,#FAD0B4
25,28,98,#FAD1B4
26,28,98,#FAD2B4
27,28,98,#FAD3B4
28,28,98,#FAD5B4
29,28,98,#FAD6B4
30,28,98,#FAD7B4
31,28,98,#FAD8B4
32,28,98,#FAD9B4
33,28,98,#FADAB4
34,28,98,#FADCB4
35,28,98,#FADDB4
36,28,98,#FADEB4
37,28,98,#FADFB4
38,28,98,#FAE0B4
39,28,98,#FAE1B4
40,28,98,#FAE3B4
41,28,98,#FAE4B4
42,28,98,#FAE5B4
43,28,98,#FAE6B4
44,28,98,#FAE7B4
45,28,98,#FAE8B4
46,28,98,#FAEAB4
47,28,98,#FAEBB4
48,28,98,#FAECB4
49,28,98,#FAEDB4
50,28,98,#FAEEB4
51,28,98,#FAEFB4
52,28,98,#FAF1B4
53,28,98,#FAF2B4
54,28,98,#FAF3B4
55,28,98,#FAF4B4
56,28,98,#FAF5B4
57,28,98,#FAF6B4
58,28,98,#FAF8B4
59,28,98,#FAF9B4
60,28,98,#FAFAB4
61,28,98,#F9FAB4
62,28,98,#F8FAB4
63,28,98,#F6FAB4
64,28,98,#F5FAB4
65,28,98,#F4FAB4
66,28,98,#F3FAB4
67,28,98,#F2FAB4
68,28,98,#F1FAB4
69,28,98,#EFFAB4
70,28,98,#EEFAB4
71,28,98,#EDFAB4
72,28,98,#ECFAB4
73,28,98,#EBFAB4
74,28,98,#EAFAB4
75,28,98,#E8FAB4
76,28,98,#E7FAB4
77,28,98,#E6FAB4
78,28,98,#E5FAB4
79,28,98,#E4FAB4
80,28,98,#E3FAB4
81,28,98,#E1FAB4
82,28,98,#E0FAB4
83,28,98,#DFFAB4
84,28,98,#DEFAB4
85,28,98,#DDFAB4
86,28,98,#DCFAB4
87,28,98,#DAFAB4
88,28,98,#D9FAB4
89,28,98,#D8FAB4
90,28,98,#D7FAB4
91,28,98,#D6FAB4
92,28,98,#D5FAB4
93,28,98,#D3FAB4
94,28,98,#D2FAB4
95,28,98,#D1FAB4
96,28,98,#D0FAB4
97,28,98,#CFFAB4
98,28,98,#CEFAB4
99,28,98,#CCFAB4
100,28,98,#CBFAB4
101,28,98,#CAFAB4
102,28,98,#C9FAB4
103,28,98,#C8FAB4
104,28,98,#C7FAB4
105,28,98,#C5FAB4
106,28,98,#C4FAB4
107,28,98,#C3FAB4
108,28,98,#C2FAB4
109,28,98,#C1FAB4
110,28,98,#C0FAB4
111,28,98,#BEFAB4
112,28,98,#BDFAB4
113,28,98,#BCFAB4
114,28,98,#BBFAB4
115,28,98,#BAFAB4
116,28,98,#B9FAB4
117,28,98,#B7FAB4
118,28,98,#B6FAB4
119,28,98,#B5FAB4
120,28,98,#B4FAB4
121,28,98,#B4FAB5
122,28,98,#B4FAB6
123,28,98,#B4FAB7
124,28,98,#B4FAB9
125,28,98,#B4FABA
126,28,98,#B4FABB
127,28,98,#B4FABC
128,28,98,#B4FABD
129,28,98,#B4FABE
130,28,98,#B4FAC0
131,28,98,#B4FAC1
132,28,98,#B4FAC2
133,28,98,#B4FAC3
134,28,98,#B4FAC4
135,28,98,#B4FAC5
136,28,98,#B4FAC7
137,28,98,#B4FAC8
138,28,98,#B4FAC9
139,28,98,#B4FACA
140,28,98,#B4FACB
141,28,98,#B4FACC
142,28,98,#B4FACE
143,28,98,#B4FACF
144,28,98,#B4FAD0
145,28,98,#B4FAD1
146,28,98,#B4FAD2
147,28,98,#B4FAD3
148,28,98,#B4FAD5
149,28,98,#B4FAD6
150,28,98,#B4FAD7
151,28,98,#B4FAD8
152,28,98,#B4FAD9
153,28,98,#B4FADA
154,28,98,#B4FADC
155,28,98,#B4FADD
156,28,98,#B4FADE
157,28,98,#B4FADF
158,28,98,#B4FAE0
159,28,98,#B4FAE1
160,28,98,#B4FAE3
161,28,98,#B4FAE4
162,28,98,#B4FAE5
163,28,98,#B4FAE6
164,28,98,#B4FAE7
165,28,98,#B4FAE8
166,28,98,#B4FAEA
167,28,98,#B4FAEB
168,28,98,#B4FAEC
169,28,98,#B4FAED
170,28,98,#B4FAEE
171,28,98,#B4FAEF
172,28,98,#B4FAF1
173,28,98,#B4FAF2
174,28,98,#B4FAF3
175,28,98,#B4FAF4
176,28,98,#B4FAF5
177,28,98,#B4FAF6
178,28,98,#B4FAF8
179,28,98,#B4FAF9
180,28,98,#B4FAFA
181,28,98,#B4F9FA
182,28,98,#B4F8FA
183,28,98,#B4F6FA
184,28,98,#B4F5FA
185,28,98,#B4F4FA
186,28,98,#B4F3FA
187,28,98,#B4F2FA
188,28,98,#B4F1FA
189,28,98,#B4EFFA
190,28,98,#B4EEFA
191,28,98,#B4EDFA
192,28,98,#B4ECFA
193,28,98,#B4EBFA
194,28,98,#B4EAFA
195,28,98,#B4E8FA
196,28,98,#B4E7FA
197,28,98,#B4E6FA
198,28,98,#B4E5FA
199,28,98,#B4E4FA
200,28,98,#B4E3FA
201,28,98,#B4E1FA
202,28,98,#B4E0FA
203,28,98,#B4DFFA
204,28,98,#B4DEFA
205,28,98,#B4DDFA
206,28,98,#B4DCFA
207,28,98,#B4DAFA
208,28,98,#B4D9FA
209,28,98,#B4D8FA
210,28,98,#B4D7FA
211,28,98,#B4D6FA
212,28,98,#B4D5FA
213,28,98,#B4D3FA
214,28,98,#B4D2FA
215,28,98,#B4D1FA
216,28,98,#B4D0FA
217,28,98,#B4CFFA
218,28,98,#B4CEFA
219,28,98,#B4CCFA
220,28,98,#B4CBFA
221,28,98,#B4CAFA
222,28,98,#B4C9FA
223,28,98,#B4C8FA
224,28,98,#B4C7FA
225,28,98,#B4C5FA
226,28,98,#B4C4FA
227,28,98,#B4C3FA
228,28,98,#B4C2FA
229,28,98,#B4C1FA
230,28,98,#B4C0FA
231,28,98,#B4BEFA
232,28,98,#B4BDFA
233,28,98,#B4BCFA
234,28,98,#B4BBFA
235,28,98,#B4BAFA
236,28,98,#B4B9FA
237,28,98,#B4B7FA
238,28,98,#B4B6FA
239,28,98,#B4B5FA
240,28,98,#B4B4FA
241,28,98,#B5B4FA
242,28,98,#B6B4FA
243,28,98,#B7B4FA
244,28,98,#B9B4FA
245,28,98,#BAB4FA
246,28,98,#BBB4FA
247,28,98,#BCB4FA
248,28,98,#BDB4FA
249,28,98,#BEB4FA
250,28,98,#C0B4FA
251,28,98,#C1B4FA
252,28,98,#C2B4FA
253,28,98,#C3B4FA
254,28,98,#C4B4FA
255,28,98,#C5B4FA
256,28,98,#C7B4FA
257,28,98,#C8B4FA
258,28,98,#C9B4FA
259,28,98,#CAB4FA
260,28,98,#CBB4FA
261,28,98,#CCB4FA
262,28,98,#CEB4FA
263,28,98,#CFB4FA
264,28,98,#D0B4FA
265,28,98,#D1B4FA
266,28,98,#D2B4FA
267,28,98,#D3B4FA
268,28,98,#D5B4FA
269,28,98,#D6B4FA
270,28,98,#D7B4FA
271,28,98,#D8B4FA
272,28,98,#D9B4FA
273,28,98,#DAB4FA
274,28,98,#DCB4FA
275,28,98,#DDB4FA
276,28,98,#DEB4FA
277,28,98,#DFB4FA
278,28,98,#E0B4FA
279,28,98,#E1B4FA
280,28,98,#E3B4FA
281,28,98,#E4B4FA
282,28,98,#E5B4FA
283,28,98,#E6B4FA
284,28,98,#E7B4FA
285,28,98,#E8B4FA
286,28,98,#EAB4FA
287,28,98,#EBB4FA
288,28,98,#ECB4FA
289,28,98,#EDB4FA
290,28,98,#EEB4FA
291,28,98,#EFB4FA
292,28,98,#F1B4FA
293,28,98,#F2B4FA
294,28,98,#F3B4FA
295,28,98,#F4B4FA
296,28,98,#F5B4FA
297,28,98,#F6B4FA
298,28,98,#F8B4FA
299,28,98,#F9B4FA
300,28,98,#FAB4FA
301,28,98,#FAB4F9
302,28,98,#FAB4F8
303,28,98,#FAB4F6
304,28,98,#FAB4F5
305,28,98,#FAB4F4
306,28,98,#FAB4F3
307,28,98,#FAB4F2
308,28,98,#FAB4F1
309,28,98,#FAB4EF
310,28,98,#FAB4EE
311,28,98,#FAB4ED
312,28,98,#FAB4EC
313,28,98,#FAB4EB
314,28,98,#FAB4EA
315,28,98,#FAB4E8
316,28,98,#FAB4E7
317,28,98,#FAB4E6
318,28,98,#FAB4E5
319,28,98,#FAB4E4
320,28,98,#FAB4E3
321,28,98,#FAB4E1
322,28,98,#FAB4E0
323,28,98,#FAB4DF
324,28,98,#FAB4DE
325,28,98,#FAB4DD
326,28,98,#FAB4DC
327,28,98,#FAB4DA
328,28,98,#FAB4D9
329,28,98,#FAB4D8
330,28,98,#FAB4D7
331,28,98,#FAB4D6
332,28,98,#FAB4D5
333,28,98,#FAB4D3
334,28,98,#FAB4D2
335,28,98,#FAB4D1
336,28,98,#FAB4D0
337,28,98,#FAB4CF
338,28,98,#FAB4CE
339,28,98,#FAB4CC
340,28,98,#FAB4CB
341,28,98,#FAB4CA
342,28,98,#FAB4C9
343,28,98,#FAB4C8
344,28,98,#FAB4C7
345,28,98,#FAB4C5
346,28,98,#FAB4C4
347,28,98,#FAB4C3
348,28,98,#FAB4C2
349,28,98,#FAB4C1
350,28,98,#FAB4C0
351,28,98,#FAB4BE
352,28,98,#FAB4BD
353,28,98,#FAB4BC
354,28,98,#FAB4BB
355,28,98,#FAB4BA
356,28,98,#FAB4B9
357,28,98,#FAB4B7
358,28,98,#FAB4B6
359,28,98,#FAB4B5
0,27,98,#FAB6B6
1,27,98,#FAB8B6
2,27,98,#FAB9B6
3,27,98,#FABAB6
4,27,98,#FABBB6
5,27,98,#FABCB6
6,27,98,#FABDB6
7,27,98,#FABEB6
8,27,98,#FABFB6
9,27,98,#FAC1B6
10,27,98,#FAC2B6
11,27,98,#FAC3B6
12,27,98,#FAC4B6
13,27,98,#FAC5B6
14,27,98,#FAC6B6
15,27,98,#FAC7B6
16,27,98,#FAC8B6
17,27,98,#FACAB6
18,27,98,#FACBB6
19,27,98,#FACCB6
20,27,98,#FACDB6
21,27,98,#FACEB6
22,27,98,#FACFB6
23,27,98,#FAD0B6
24,27,98,#FAD1B6
25,27,98,#FAD3B6
26,27,98,#FAD4B6
27,27,98,#FAD5B6
28,27,98,#FAD6B6
29,27,98,#FAD7B6
30,27,98,#FAD8B6
31,27,98,#FAD9B6
32,27,98,#FADAB6
33,27,98,#FADCB6
34,27,98,#FADDB6
35,27,98,#FADEB6
36,27,98,#FADFB6
37,27,98,#FAE0B6
38,27,98,#FAE1B6
39,27,98,#FAE2B6
40,27,98,#FAE3B6
41,27,98,#FAE5B6
42,27,98,#FAE6B6
43,27,98,#FAE7B6
44,27,98,#FAE8B6
45,27,98,#FAE9B6
46,27,98,#FAEAB6
47,27,98,#FAEBB6
48,27,98,#FAECB6
49,27,98,#FAEEB6
50,27,98,#FAEFB6
51,27,98,#FAF0B6
52,27,98,#FAF1B6
53,27,98,#FAF2B6
54,27,98,#FAF3B6
55,27,98,#FAF4B6
56,27,98,#FAF5B6
57,27,98,#FAF7B6
58,27,98,#FAF8B6
59,27,98,#FAF9B6
60,27,98,#FAFAB6
61,27,98,#F9FAB6
62,27,98,#F8FAB6
63,27,98,#F7FAB6
64,27,98,#F5FAB6
65,27,98,#F4FAB6
66,27,98,#F3FAB6
67,27,98,#F2FAB6
68,27,98,#F1FAB6
69,27,98,#F0FAB6
70,27,98,#EFFAB6
71,27,98,#EEFAB6
72,27,98,#ECFAB6
73,27,98,#EBFAB6
74,27,98,#EAFAB6
75,27,98,#E9FAB6
76,27,98,#E8FAB6
77,27,98,#E7FAB6
78,27,98,#E6FAB6
79,27,98,#E5FAB6
80,27,98,#E3FAB6
81,27,98,#E2FAB6
82,27,98,#E1FAB6
83,27,98,#E0FAB6
84,27,98,#DFFAB6
85,27,98,#DEFAB6
86,27,98,#DDFAB6
87,27,98,#DCFAB6
88,27,98,#DAFAB6
89,27,98,#D9FAB6
90,27,98,#D8FAB6
91,27,98,#D7FAB6
92,27,98,#D6FAB6
93,27,98,#D5FAB6
94,27,98,#D4FAB6
95,27,98,#D3FAB6
96,27,98,#D1FAB6
97,27,98,#D0FAB6
98,27,98,#CFFAB6
99,27,98,#CEFAB6
100,27,98,#CDFAB6
101,27,98,#CCFAB6
102,27,98,#CBFAB6
103,27,98,#CAFAB6
104,27,98,#C8FAB6
105,27,98,#C7FAB6
106,27,98,#C6FAB6
107,27,98,#C5FAB6
108,27,98,#C4FAB6
109,27,98,#C3FAB6
110,27,98,#C2FAB6
111,27,98,#C1FAB6
112,27,98,#BFFAB6
113,27,98,#BEFAB6
114,27,98,#BDFAB6
115,27,98,#BCFAB6
116,27,98,#BBFAB6
117,27,98,#BAFAB6
118,27,98,#B9FAB6
119,27,98,#B8FAB6
120,27,98,#B6FAB6
121,27,98,#B6FAB8
122,27,98,#B6FAB9
123,27,98,#B6FABA
124,27,98,#B6FABB
125,27,98,#B6FABC
126,27,98,#B6FABD
127,27,98,#B6FABE
128,27,98,#B6FABF
129,27,98,#B6FAC1
130,27,98,#B6FAC2
131,27,98,#B6FAC3
132,27,98,#B6FAC4
133,27,98,#B6FAC5
134,27,98,#B6FAC6
135,27,98,#B6FAC7
136,27,98,#B6FAC8
137,27,98,#B6FACA
138,27,98,#B6FACB
139,27,98,#B6FACC
140,27,98,#B6FACD
141,27,98,#B6FACE
142,27,98,#B6FACF
143,27,98,#B6FAD0
144,27,98,#B6FAD1
145,27,98,#B6FAD3
146,27,98,#B6FAD4
147,27,98,#B6FAD5
148,27,98,#B6FAD6
149,27,98,#B6FAD7
150,27,98,#B6FAD8
151,27,98,#B6FAD9
152,27,98,#B6FADA
153,27,98,#B6FADC
154,27,98,#B6FADD
155,27,98,#B6FADE
156,27,98,#B6FADF
157,27,98,#B6FAE0
158,27,98,#B6FAE1
159,27,98,#B6FAE2
160,27,98,#B6FAE3
161,27,98,#B6FAE5
162,27,98,#B6FAE6
163,27,98,#B6FAE7
164,27,98,#B6FAE8
165,27,98,#B6FAE9
166,27,98,#B6FAEA
167,27,98,#B6FAEB
168,27,98,#B6FAEC
169,27,98,#B6FAEE
170,27,98,#B6FAEF
171,27,98,#B6FAF0
172,27,98,#B6FAF1
173,27,98,#B6FAF2
174,27,98,#B6FAF3
175,27,98,#B6FAF4
176,27,98,#B6FAF5
177,27,98,#B6FAF7
178,27,98,#B6FAF8
179,27,98,#B6FAF9
180,27,98,#B6FAFA
181,27,98,#B6F9FA
182,27,98,#B6F8FA
183,27,98,#B6F7FA
184,27,98,#B6F5FA
185,27,98,#B6F4FA
186,27,98,#B6F3FA
187,27,98,#B6F2FA
188,27,98,#B6F1FA
189,27,98,#B6F0FA
190,27,98,#B6EFFA
191,27,98,#B6EEFA
192,27,98,#B6ECFA
193,27,98,#B6EBFA
194,27,98,#B6EAFA
195,27,98,#B6E9FA
196,27,98,#B6E8FA
197,27,98,#B6E7FA
198,27,98,#B6E6FA
199,27,98,#B6E5FA
200,27,98,#B6E3FA
201,27,98,#B6E2FA
202,27,98,#B6E1FA
203,27,98,#B6E0FA
204,27,98,#B6DFFA
205,27,98,#B6DEFA
206,27,98,#B6DDFA
207,27,98,#B6DCFA
208,27,98,#B6DAFA
209,27,98,#B6D9FA
210,27,98,#B6D8FA
211,27,98,#B6D7FA
212,27,98,#B6D6FA
213,27,98,#B6D5FA
214,27,98,#B6D4FA
215,27,98,#B6D3FA
216,27,98,#B6D1FA
217,27,98,#B6D0FA
218,27,98,#B6CFFA
219,27,98,#B6CEFA
220,27,98,#B6CDFA
221,27,98,#B6CCFA
222,27,98,#B6CBFA
223,27,98,#B6CAFA
224,27,98,#B6C8FA
225,27,98,#B6C7FA
226,27,98,#B6C6FA
227,27,98,#B6C5FA
228,27,98,#B6C4FA
229,27,98,#B6C3FA
230,27,98,#B6C2FA
231,27,98,#B6C1FA
232,27,98,#B6BFFA
233,27,98,#B6BEFA
234,27,98,#B6BDFA
235,27,98,#B6BCFA
236,27,98,#B6BBFA
237,27,98,#B6BAFA
238,27,98,#B6B9FA
239,27,98,#B6B8FA
240,27,98,#B6B6FA
241,27,98,#B8B6FA
242,27,98,#B9B6FA
243,27,98,#BAB6FA
244,27,98,#BBB6FA
245,27,98,#BCB6FA
246,27,98,#BDB6FA
247,27,98,#BEB6FA
248,27,98,#BFB6FA
249,27,98,#C1B6FA
250,27,98,#C2B6FA
251,27,98,#C3B6FA
252,27,98,#C4B6FA
253,27,98,#C5B6FA
254,27,98,#C6B6FA
255,27,98,#C7B6FA
256,27,98,#C8B6FA
257,27,98,#CAB6FA
258,27,98,#CBB6FA
259,27,98,#CCB6FA
260,27,98,#CDB6FA
261,27,98,#CEB6FA
262,27,98,#CFB6FA
263,27,98,#D0B6FA
264,27,98,#D1B6FA
265,27,98,#D3B6FA
266,27,98,#D4B6FA
267,27,98,#D5B6FA
268,27,98,#D6B6FA
269,27,98,#D7B6FA
270,27,98,#D8B6FA
271,27,98,#D9B6FA
272,27,98,#DAB6FA
273,27,98,#DCB6FA
274,27,98,#DDB6FA
275,27,98,#DEB6FA
276,27,98,#DFB6FA
277,27,98,#E0B6FA
278,27,98,#E1B6FA
279,27,98,#E2B6FA
280,27,98,#E3B6FA
281,27,98,#E5B6FA
282,27,98,#E6B6FA
283,27,98,#E7B6FA
284,27,98,#E8B6FA
285,27,98,#E9B6FA
286,27,98,#EAB6FA
287,27,98,#EBB6FA
288,27,98,#ECB6FA
289,27,98,#EEB6FA
290,27,98,#EFB6FA
291,27,98,#F0B6FA
292,27,98,#F1B6FA
293,27,98,#F2B6FA
294,27,98,#F3B6FA
295,27,98,#F4B6FA
296,27,98,#F5B6FA
297,27,98,#F7B6FA
298,27,98,#F8B6FA
299,27,98,#F9B6FA
300,27,98,#FAB6FA
301,27,98,#FAB6F9
302,27,98,#FAB6F8
303,27,98,#FAB6F7
304,27,98,#FAB6F5
305,27,98,#FAB6F4
306,27,98,#FAB6F3
307,27,98,#FAB6F2
308,27,98,#FAB6F1
309,27,98,#FAB6F0
310,27,98,#FAB6EF
311,27,98,#FAB6EE
312,27,98,#FAB6EC
313,27,98,#FAB6EB
314,27,98,#FAB6EA
315,27,98,#FAB6E9
316,27,98,#FAB6E8
317,27,98,#FAB6E7
318,27,98,#FAB6E6
319,27,98,#FAB6E5
320,27,98,#FAB6E3
321,27,98,#FAB6E2
322,27,98,#FAB6E1
323,27,98,#FAB6E0
324,27,98,#FAB6DF
325,27,98,#FAB6DE
326,27,98,#FAB6DD
327,27,98,#FAB6DC
328,27,98,#FAB6DA
329,27,98,#FAB6D9
330,27,98,#FAB6D8
331,27,98,#FAB6D7
332,27,98,#FAB6D6
333,27,98,#FAB6D5
334,27,98,#FAB6D4
335,27,98,#FAB6D3
336,27,98,#FAB6D1
337,27,98,#FAB6D0
338,27,98,#FAB6CF
339,27,98,#FAB6CE
340,27,98,#FAB6CD
341,27,98,#FAB6CC
342,27,98,#FAB6CB
343,27,98,#FAB6CA
344,27,98,#FAB6C8
345,27,98,#FAB6C7
346,27,98,#FAB6C6
347,27,98,#FAB6C5
348,27,98,#FAB6C4
349,27,98,#FAB6C3
350,27,98,#FAB6C2
351,27,98,#FAB6C1
352,27,98,#FAB6BF
353,27,98,#FAB6BE
354,27,98,#FAB6BD
355,27,98,#FAB6BC
356,27,98,#FAB6BB
357,27,98,#FAB6BA
358,27,98,#FAB6B9
359,27,98,#FAB6B8
0,26,98,#FAB9B9
1,26,98,#FABAB9
2,26,98,#FABBB9
3,26,98,#FABCB9
4,26,98,#FABDB9
5,26,98,#FABEB9
6,26,98,#FABFB9
7,26,98,#FAC1B9
8,26,98,#FAC2B9
9,26,98,#FAC3B9
10,26,98,#FAC4B9
11,26,98,#FAC5B9
12,26,98,#FAC6B9
13,26,98,#FAC7B9
14,26,98,#FAC8B9
15,26,98,#FAC9B9
16,26,98,#FACAB9
17,26,98,#FACBB9
18,26,98,#FACCB9
19,26,98,#FACEB9
20,26,98,#FACFB9
21,26,98,#FAD0B9
22,26,98,#FAD1B9
23,26,98,#FAD2B9
24,26,98,#FAD3B9
25,26,98,#FAD4B9
26,26,98,#FAD5B9
27,26,98,#FAD6B9
28,26,98,#FAD7B9
29,26,98,#FAD8B9
30,26,98,#FAD9B9
31,26,98,#FADAB9
32,26,98,#FADCB9
33,26,98,#FADDB9
34,26,98,#FADEB9
35,26,98,#FADFB9
36,26,98,#FAE0B9
37,26,98,#FAE1B9
38,26,98,#FAE2B9
39,26,98,#FAE3B9
40,26,98,#FAE4B9
41,26,98,#FAE5B9
42,26,98,#FAE6B9
43,26,98,#FAE7B9
44,26,98,#FAE9B9
45,26,98,#FAEAB9
46,26,98,#FAEBB9
47,26,98,#FAECB9
48,26,98,#FAEDB9
49,26,98,#FAEEB9
50,26,98,#FAEFB9
51,26,98,#FAF0B9
52,26,98,#FAF1B9
53,26,98,#FAF2B9
54,26,98,#FAF3B9
55,26,98,#FAF4B9
56,26,98,#FAF6B9
57,26,98,#FAF7B9
58,26,98,#FAF8B9
59,26,98,#FAF9B9
60,26,98,#FAFAB9
61,26,98,#F9FAB9
62,26,98,#F8FAB9
63,26,98,#F7FAB9
64,26,98,#F6FAB9
65,26,98,#F4FAB9
66,26,98,#F3FAB9
67,26,98,#F2FAB9
68,26,98,#F1FAB9
69,26,98,#F0FAB9
70,26,98,#EFFAB9
71,26,98,#EEFAB9
72,26,98,#EDFAB9
73,26,98,#ECFAB9
74,26,98,#EBFAB9
75,26,98,#EAFAB9
76,26,98,#E9FAB9
77,26,98,#E7FAB9
78,26,98,#E6FAB9
79,26,98,#E5FAB9
80,26,98,#E4FAB9
81,26,98,#E3FAB9
82,26,98,#E2FAB9
83,26,98,#E1FAB9
84,26,98,#E0FAB9
85,26,98,#DFFAB9
86,26,98,#DEFAB9
87,26,98,#DDFAB9
88,26,98,#DCFAB9
89,26,98,#DAFAB9
90,26,98,#D9FAB9
91,26,98,#D8FAB9
92,26,98,#D7FAB9
93,26,98,#D6FAB9
94,26,98,#D5FAB9
95,26,98,#D4FAB9
96,26,98,#D3FAB9
97,26,98,#D2FAB9
98,26,98,#D1FAB9
99,26,98,#D0FAB9
100,26,98,#CFFAB9
101,26,98,#CEFAB9
102,26,98,#CCFAB9
103,26,98,#CBFAB9
104,26,98,#CAFAB9
105,26,98,#C9FAB9
106,26,98,#C8FAB9
107,26,98,#C7FAB9
108,26,98,#C6FAB9
109,26,98,#C5FAB9
110,26,98,#C4FAB9
111,26,98,#C3FAB9
112,26,98,#C2FAB9
113,26,98,#C1FAB9
114,26,98,#BFFAB9
115,26,98,#BEFAB9
116,26,98,#BDFAB9
117,26,98,#BCFAB9
118,26,98,#BBFAB9
119,26,98,#BAFAB9
120,26,98,#B9FAB9
121,26,98,#B9FABA
122,26,98,#B9FABB
123,26,98,#B9FABC
124,26,98,#B9FABD
125,26,98,#B9FABE
126,26,98,#B9FABF
127,26,98,#B9FAC1
128,26,98,#B9FAC2
129,26,98,#B9FAC3
130,26,98,#B9FAC4
131,26,98,#B9FAC5
132,26,98,#B9FAC6
133,26,98,#B9FAC7
134,26,98,#B9FAC8
135,26,98,#B9FAC9
136,26,98,#B9FACA
137,26,98,#B9FACB
138,26,98,#B9FACC
139,26,98,#B9FACE
140,26,98,#B9FACF
141,26,98,#B9FAD0
142,26,98,#B9FAD1
143,26,98,#B9FAD2
144,26,98,#B9FAD3
145,26,98,#B9FAD4
146,26,98,#B9FAD5
147,26,98,#B9FAD6
148,26,98,#B9FAD7
149,26,98,#B9FAD8
150,26,98,#B9FAD9
151,26,98,#B9FADA
152,26,98,#B9FADC
153,26,98,#B9FADD
154,26,98,#B9FADE
155,26,98,#B9FADF
156,26,98,#B9FAE0
157,26,98,#B9FAE1
158,26,98,#B9FAE2
159,26,98,#B9FAE3
160,26,98,#B9FAE4
161,26,98,#B9FAE5
162,26,98,#B9FAE6
163,26,98,#B9FAE7
164,26,98,#B9FAE9
165,26,98,#B9FAEA
166,26,98,#B9FAEB
167,26,98,#B9FAEC
168,26,98,#B9FAED
169,26,98,#B9FAEE
170,26,98,#B9FAEF
171,26,98,#B9FAF0
172,26,98,#B9FAF1
173,26,98,#B9FAF2
174,26,98,#B9FAF3
175,26,98,#B9FAF4
176,26,98,#B9FAF6
177,26,98,#B9FAF7
178,26,98,#B9FAF8
179,26,98,#B9FAF9
180,26,98,#B9FAFA
181,26,98,#B9F9FA
182,26,98,#B9F8FA
183,26,98,#B9F7FA
184,26,98,#B9F6FA
185,26,98,#B9F4FA
186,26,98,#B9F3FA
187,26,98,#B9F2FA
188,26,98,#B9F1FA
189,26,98,#B9F0FA
190,26,98,#B9EFFA
191,26,98,#B9EEFA
192,26,98,#B9EDFA
193,26,98,#B9ECFA
194,26,98,#B9EBFA
195,26,98,#B9EAFA
196,26,98,#B9E9FA
197,26,98,#B9E7FA
198,26,98,#B9E6FA
199,26,98,#B9E5FA
200,26,98,#B9E4FA
201,26,98,#B9E3FA
202,26,98,#B9E2FA
203,26,98,#B9E1FA
204,26,98,#B9E0FA
205,26,98,#B9DFFA
206,26,98,#B9DEFA
207,26,98,#B9DDFA
208,26,98,#B9DCFA
209,26,98,#B9DAFA
210,26,98,#B9D9FA
211,26,98,#B9D8FA
212,26,98,#B9D7FA
213,26,98,#B9D6FA
214,26,98,#B9D5FA
215,26,98,#B9D4FA
216,26,98,#B9D3FA
217,26,98,#B9D2FA
218,26,98,#B9D1FA
219,26,98,#B9D0FA
220,26,98,#B9CFFA
221,26,98,#B9CEFA
222,26,98,#B9CCFA
223,26,98,#B9CBFA
224,26,98,#B9CAFA
225,26,98,#B9C9FA
226,26,98,#B9C8FA
227,26,98,#B9C7FA
228,26,98,#B9C6FA
229,26,98,#B9C5FA
230,26,98,#B9C4FA
231,26,98,#B9C3FA
232,26,98,#B9C2FA
233,26,98,#B9C1FA
234,26,98,#B9BFFA
235,26,98,#B9BEFA
236,26,98,#B9BDFA
237,26,98,#B9BCFA
238,26,98,#B9BBFA
239,26,98,#B9BAFA
240,26,98,#B9B9FA
241,26,98,#BAB9FA
242,26,98,#BBB9FA
243,26,98,#BCB9FA
244,26,98,#BDB9FA
245,26,98,#BEB9FA
246,26,98,#BFB9FA
247,26,98,#C1B9FA
248,26,98,#C2B9FA
249,26,98,#C3B9FA
250,26,98,#C4B9FA
251,26,98,#C5B9FA
252,26,98,#C6B9FA
253,26,98,#C7B9FA
254,26,98,#C8B9FA
255,26,98,#C9B9FA
256,26,98,#CAB9FA
257,26,98,#CBB9FA
258,26,98,#CCB9FA
259,26,98,#CEB9FA
260,26,98,#CFB9FA
261,26,98,#D0B9FA
262,26,98,#D1B9FA
263,26,98,#D2B9FA
264,26,98,#D3B9FA
265,26,98,#D4B9FA
266,26,98,#D5B9FA
267,26,98,#D6B9FA
268,26,98,#D7B9FA
269,26,98,#D8B9FA
270,26,98,#D9B9FA
271,26,98,#DAB9FA
272,26,98,#DCB9FA
273,26,98,#DDB9FA
274,26,98,#DEB9FA
275,26,98,#DFB9FA
276,26,98,#E0B9FA
277,26,98,#E1B9FA
278,26,98,#E2B9FA
279,26,98,#E3B9FA
280,26,98,#E4B9FA
281,26,98,#E5B9FA
282,26,98,#E6B9FA
283,26,98,#E7B9FA
284,26,98,#E9B9FA
285,26,98,#EAB9FA
286,26,98,#EBB9FA
287,26,98,#ECB9FA
288,26,98,#EDB9FA
289,26,98,#EEB9FA
290,26,98,#EFB9FA
291,26,98,#F0B9FA
292,26,98,#F1B9FA
293,26,98,#F2B9FA
294,26,98,#F3B9FA
295,26,98,#F4B9FA
296,26,98,#F6B9FA
297,26,98,#F7B9FA
298,26,98,#F8B9FA
299,26,98,#F9B9FA
300,26,98,#FAB9FA
301,26,98,#FAB9F9
302,26,98,#FAB9F8
303,26,98,#FAB9F7
304,26,98,#FAB9F6
305,26,98,#FAB9F4
306,26,98,#FAB9F3
307,26,98,#FAB9F2
308,26,98,#FAB9F1
309,26,98,#FAB9F0
310,26,98,#FAB9EF
311,26,98,#FAB9EE
312,26,98,#FAB9ED
313,26,98,#FAB9EC
314,26,98,#FAB9EB
315,26,98,#FAB9EA
316,26,98,#FAB9E9
317,26,98,#FAB9E7
318,26,98,#FAB9E6
319,26,98,#FAB9E5
320,26,98,#FAB9E4
321,26,98,#FAB9E3
322,26,98,#FAB9E2
323,26,98,#FAB9E1
324,26,98,#FAB9E0
325,26,98,#FAB9DF
326,26,98,#FAB9DE
327,26,98,#FAB9DD
328,26,98,#FAB9DC
329,26,98,#FAB9DA
330,26,98,#FAB9D9
331,26,98,#FAB9D8
332,26,98,#FAB9D7
333,26,98,#FAB9D6
334,26,98,#FAB9D5
335,26,98,#FAB9D4
336,26,98,#FAB9D3
337,26,98,#FAB9D2
338,26,98,#FAB9D1
339,26,98,#FAB9D0
340,26,98,#FAB9CF
341,26,98,#FAB9CE
342,26,98,#FAB9CC
343,26,98,#FAB9CB
344,26,98,#FAB9CA
345,26,98,#FAB9C9
346,26,98,#FAB9C8
347,26,98,#FAB9C7
348,26,98,#FAB9C6
349,26,98,#FAB9C5
350,26,98,#FAB9C4
351,26,98,#FAB9C3
352,26,98,#FAB9C2
353,26,98,#FAB9C1
354,26,98,#FAB9BF
355,26,98,#FAB9BE
356,26,98,#FAB9BD
357,26,98,#FAB9BC
358,26,98,#FAB9BB
359,26,98,#FAB9BA
0,25,98,#FABBBB
1,25,98,#FABCBB
2,25,98,#FABEBB
3,25,98,#FABFBB
4,25,98,#FAC0BB
5,25,98,#FAC1BB
6,25,98,#FAC2BB
7,25,98,#FAC3BB
8,25,98,#FAC4BB
9,25,98,#FAC5BB
10,25,98,#FAC6BB
11,25,98,#FAC7BB
12,25,98,#FAC8BB
13,25,98,#FAC9BB
14,25,98,#FACABB
15,25,98,#FACBBB
16,25,98,#FACCBB
17,25,98,#FACDBB
18,25,98,#FACEBB
19,25,98,#FACFBB
20,25,98,#FAD0BB
21,25,98,#FAD1BB
22,25,98,#FAD2BB
23,25,98,#FAD3BB
24,25,98,#FAD4BB
25,25,98,#FAD5BB
26,25,98,#FAD6BB
27,25,98,#FAD8BB
28,25,98,#FAD9BB
29,25,98,#FADABB
30,25,98,#FADBBB
31,25,98,#FADCBB
32,25,98,#FADDBB
33,25,98,#FADEBB
34,25,98,#FADFBB
35,25,98,#FAE0BB
36,25,98,#FAE1BB
37,25,98,#FAE2BB
38,25,98,#FAE3BB
39,25,98,#FAE4BB
40,25,98,#FAE5BB
41,25,98,#FAE6BB
42,25,98,#FAE7BB
43,25,98,#FAE8BB
44,25,98,#FAE9BB
45,25,98,#FAEABB
46,25,98,#FAEBBB
47,25,98,#FAECBB
48,25,98,#FAEDBB
49,25,98,#FAEEBB
50,25,98,#FAEFBB
51,25,98,#FAF1BB
52,25,98,#FAF2BB
53,25,98,#FAF3BB
54,25,98,#FAF4BB
55,25,98,#FAF5BB
56,25,98,#FAF6BB
57,25,98,#FAF7BB
58,25,98,#FAF8BB
59,25,98,#FAF9BB
60,25,98,#FAFABB
61,25,98,#F9FABB
62,25,98,#F8FABB
63,25,98,#F7FABB
64,25,98,#F6FABB
65,25,98,#F5FABB
66,25,98,#F4FABB
67,25,98,#F3FABB
68,25,98,#F2FABB
69,25,98,#F1FABB
70,25,98,#EFFABB
71,25,98,#EEFABB
72,25,98,#EDFABB
73,25,98,#ECFABB
74,25,98,#EBFABB
75,25,98,#EAFABB
76,25,98,#E9FABB
77,25,98,#E8FABB
78,25,98,#E7FABB
79,25,98,#E6FABB
80,25,98,#E5FABB
81,25,98,#E4FABB
82,25,98,#E3FABB
83,25,98,#E2FABB
84,25,98,#E1FABB
85,25,98,#E0FABB
86,25,98,#DFFABB
87,25,98,#DEFABB
88,25,98,#DDFABB
89,25,98,#DCFABB
90,25,98,#DBFABB
91,25,98,#DAFABB
92,25,98,#D9FABB
93,25,98,#D8FABB
94,25,98,#D6FABB
95,25,98,#D5FABB
96,25,98,#D4FABB
97,25,98,#D3FABB
98,25,98,#D2FABB
99,25,98,#D1FABB
100,25,98,#D0FABB
101,25,98,#CFFABB
102,25,98,#CEFABB
103,25,98,#CDFABB
104,25,98,#CCFABB
105,25,98,#CBFABB
106,25,98,#CAFABB
107,25,98,#C9FABB
108,25,98,#C8FABB
109,25,98,#C7FABB
110,25,98,#C6FABB
111,25,98,#C5FABB
112,25,98,#C4FABB
113,25,98,#C3FABB
114,25,98,#C2FABB
115,25,98,#C1FABB
116,25,98,#C0FABB
117,25,98,#BFFABB
118,25,98,#BEFABB
119,25,98,#BCFABB
120,25,98,#BBFABB
121,25,98,#BBFABC
122,25,98,#BBFABE
123,25,98,#BBFABF
124,25,98,#BBFAC0
125,25,98,#BBFAC1
126,25,98,#BBFAC2
127,25,98,#BBFAC3
128,25,98,#BBFAC4
129,25,98,#BBFAC5
130,25,98,#BBFAC6
131,25,98,#BBFAC7
132,25,98,#BBFAC8
133,25,98,#BBFAC9
134,25,98,#BBFACA
135,25,98,#BBFACB
136,25,98,#BBFACC
137,25,98,#BBFACD
138,25,98,#BBFACE
139,25,98,#BBFACF
140,25,98,#BBFAD0
141,25,98,#BBFAD1
142,25,98,#BBFAD2
143,25,98,#BBFAD3
144,25,98,#BBFAD4
145,25,98,#BBFAD5
146,25,98,#BBFAD6
147,25,98,#BBFAD8
148,25,98,#BBFAD9
149,25,98,#BBFADA
150,25,98,#BBFADB
151,25,98,#BBFADC
152,25,98,#BBFADD
153,25,98,#BBFADE
154,25,98,#BBFADF
155,25,98,#BBFAE0
156,25,98,#BBFAE1
157,25,98,#BBFAE2
158,25,98,#BBFAE3
159,25,98,#BBFAE4
160,25,98,#BBFAE5
161,25,98,#BBFAE6
162,25,98,#BBFAE7
163,25,98,#BBFAE8
164,25,98,#BBFAE9
165,25,98,#BBFAEA
166,25,98,#BBFAEB
167,25,98,#BBFAEC
168,25,98,#BBFAED
169,25,98,#BBFAEE
170,25,98,#BBFAEF
171,25,98,#BBFAF1
172,25,98,#BBFAF2
173,25,98,#BBFAF3
174,25,98,#BBFAF4
175,25,98,#BBFAF5
176,25,98,#BBFAF6
177,25,98,#BBFAF7
178,25,98,#BBFAF8
179,25,98,#BBFAF9
180,25,98,#BBFAFA
181,25,98,#BBF9FA
182,25,98,#BBF8FA
183,25,98,#BBF7FA
184,25,98,#BBF6FA
185,25,98,#BBF5FA
186,25,98,#BBF4FA
187,25,98,#BBF3FA
188,25,98,#BBF2FA
189,25,98,#BBF1FA
190,25,98,#BBEFFA
191,25,98,#BBEEFA
192,25,98,#BBEDFA
193,25,98,#BBECFA
194,25,98,#BBEBFA
195,25,98,#BBEAFA
196,25,98,#BBE9FA
197,25,98,#BBE8FA
198,25,98,#BBE7FA
199,25,98,#BBE6FA
200,25,98,#BBE5FA
201,25,98,#BBE4FA
202,25,98,#BBE3FA
203,25,98,#BBE2FA
204,25,98,#BBE1FA
205,25,98,#BBE0FA
206,25,98,#BBDFFA
207,25,98,#BBDEFA
208,25,98,#BBDDFA
209,25,98,#BBDCFA
210,25,98,#BBDBFA
211,25,98,#BBDAFA
212,25,98,#BBD9FA
213,25,98,#BBD8FA
214,25,98,#BBD6FA
215,25,98,#BBD5FA
216,25,98,#BBD4FA
217,25,98,#BBD3FA
218,25,98,#BBD2FA
219,25,98,#BBD1FA
220,25,98,#BBD0FA
221,25,98,#BBCFFA
222,25,98,#BBCEFA
223,25,98,#BBCDFA
224,25,98,#BBCCFA
225,25,98,#BBCBFA
226,25,98,#BBCAFA
227,25,98,#BBC9FA
228,25,98,#BBC8FA
229,25,98,#BBC7FA
230,25,98,#BBC6FA
231,25,98,#BBC5FA
232,25,98,#BBC4FA
233,25,98,#BBC3FA
234,25,98,#BBC2FA
235,25,98,#BBC1FA
236,25,98,#BBC0FA
237,25,98,#BBBFFA
238,25,98,#BBBEFA
239,25,98,#BBBCFA
240,25,98,#BBBBFA
241,25,98,#BCBBFA
242,25,98,#BEBBFA
243,25,98,#BFBBFA
244,25,98,#C0BBFA
245,25,98,#C1BBFA
246,25,98,#C2BBFA
247,25,98,#C3BBFA
248,25,98,#C4BBFA
249,25,98,#C5BBFA
250,25,98,#C6BBFA
251,25,98,#C7BBFA
252,25,98,#C8BBFA
253,25,98,#C9BBFA
254,25,98,#CABBFA
255,25,98,#CBBBFA
256,25,98,#CCBBFA
257,25,98,#CDBBFA
258,25,98,#CEBBFA
259,25,98,#CFBBFA
260,25,98,#D0BBFA
261,25,98,#D1BBFA
262,25,98,#D2BBFA
263,25,98,#D3BBFA
264,25,98,#D4BBFA
265,25,98,#D5BBFA
266,25,98,#D6BBFA
267,25,98,#D8BBFA
268,25,98,#D9BBFA
269,25,98,#DABBFA
270,25,98,#DBBBFA
271,25,98,#DCBBFA
272,25,98,#DDBBFA
273,25,98,#DEBBFA
274,25,98,#DFBBFA
275,25,98,#E0BBFA
276,25,98,#E1BBFA
277,25,98,#E2BBFA
278,25,98,#E3BBFA
279,25,98,#E4BBFA
280,25,98,#E5BBFA
281,25,98,#E6BBFA
282,25,98,#E7BBFA
283,25,98,#E8BBFA
284,25,98,#E9BBFA
285,25,98,#EABBFA
286,25,98,#EBBBFA
287,25,98,#ECBBFA
288,25,98,#EDBBFA
289,25,98,#EEBBFA
290,25,98,#EFBBFA
291,25,98,#F1BBFA
292,25,98,#F2BBFA
293,25,98,#F3BBFA
294,25,98,#F4BBFA
295,25,98,#F5BBFA
296,25,98,#F6BBFA
297,25,98,#F7BBFA
298,25,98,#F8BBFA
299,25,98,#F9BBFA
300,25,98,#FABBFA
301,25,98,#FABBF9
302,25,98,#FABBF8
303,25,98,#FABBF7
304,25,98,#FABBF6
305,25,98,#FABBF5
306,25,98,#FABBF4
307,25,98,#FABBF3
308,25,98,#FABBF2
309,25,98,#FABBF1
310,25,98,#FABBEF
311,25,98,#FABBEE
312,25,98,#FABBED
313,25,98,#FABBEC
314,25,98,#FABBEB
315,25,98,#FABBEA
316,25,98,#FABBE9
317,25,98,#FABBE8
318,25,98,#FABBE7
319,25,98,#FABBE6
320,25,98,#FABBE5
321,25,98,#FABBE4
322,25,98,#FABBE3
323,25,98,#FABBE2
324,25,98,#FABBE1
325,25,98,#FABBE0
326,25,98,#FABBDF
327,25,98,#FABBDE
328,25,98,#FABBDD
329,25,98,#FABBDC
330,25,98,#FABBDB
331,25,98,#FABBDA
332,25,98,#FABBD9
333,25,98,#FABBD8
334,25,98,#FABBD6
335,25,98,#FABBD5
336,25,98,#FABBD4
337,25,98,#FABBD3
338,25,98,#FABBD2
339,25,98,#FABBD1
340,25,98,#FABBD0
341,25,98,#FABBCF
342,25,98,#FABBCE
343,25,98,#FABBCD
344,25,98,#FABBCC
345,25,98,#FABBCB
346,25,98,#FABBCA
347,25,98,#FABBC9
348,25,98,#FABBC8
349,25,98,#FABBC7
350,25,98,#FABBC6
351,25,98,#FABBC5
352,25,98,#FABBC4
353,25,98,#FABBC3
354,25,98,#FABBC2
355,25,98,#FABBC1
356,25,98,#FABBC0
357,25,98,#FABBBF
358,25,98,#FABBBE
359,25,98,#FABBBC
0,24,98,#FABEBE
1,24,98,#FABFBE
2,24,98,#FAC0BE
3,24,98,#FAC1BE
4,24,98,#FAC2BE
5,24,98,#FAC3BE
6,24,98,#FAC4BE
7,24,98,#FAC5BE
8,24,98,#FAC6BE
9,24,98,#FAC7BE
10,24,98,#FAC8BE
11,24,98,#FAC9BE
12,24,98,#FACABE
13,24,98,#FACBBE
14,24,98,#FACCBE
15,24,98,#FACDBE
16,24,98,#FACEBE
17,24,98,#FACFBE
18,24,98,#FAD0BE
19,24,98,#FAD1BE
20,24,98,#FAD2BE
21,24,98,#FAD3BE
22,24,98,#FAD4BE
23,24,98,#FAD5BE
24,24,98,#FAD6BE
25,24,98,#FAD7BE
26,24,98,#FAD8BE
27,24,98,#FAD9BE
28,24,98,#FADABE
29,24,98,#FADBBE
30,24,98,#FADCBE
31,24,98,#FADDBE
32,24,98,#FADEBE
33,24,98,#FADFBE
34,24,98,#FAE0BE
35,24,98,#FAE1BE
36,24,98,#FAE2BE
37,24,98,#FAE3BE
38,24,98,#FAE4BE
39,24,98,#FAE5BE
40,24,98,#FAE6BE
41,24,98,#FAE7BE
42,24,98,#FAE8BE
43,24,98,#FAE9BE
44,24,98,#FAEABE
45,24,98,#FAEBBE
46,24,98,#FAECBE
47,24,98,#FAEDBE
48,24,98,#FAEEBE
49,24,98,#FAEFBE
50,24,98,#FAF0BE
51,24,98,#FAF1BE
52,24,98,#FAF2BE
53,24,98,#FAF3BE
54,24,98,#FAF4BE
55,24,98,#FAF5BE
56,24,98,#FAF6BE
57,24,98,#FAF7BE
58,24,98,#FAF8BE
59,24,98,#FAF9BE
60,24,98,#FAFABE
61,24,98,#F9FABE
62,24,98,#F8FABE
63,24,98,#F7FABE
64,24,98,#F6FABE
65,24,98,#F5FABE
66,24,98,#F4FABE
67,24,98,#F3FABE
68,24,98,#F2FABE
69,24,98,#F1FABE
70,24,98,#F0FABE
71,24,98,#EFFABE
72,24,98,#EEFABE
73,24,98,#EDFABE
74,24,98,#ECFABE
75,24,98,#EBFABE
76,24,98,#EAFABE
77,24,98,#E9FABE
78,24,98,#E8FABE
79,24,98,#E7FABE
80,24,98,#E6FABE
81,24,98,#E5FABE
82,24,98,#E4FABE
83,24,98,#E3FABE
84,24,98,#E2FABE
85,24,98,#E1FABE
86,24,98,#E0FABE
87,24,98,#DFFABE
88,24,98,#DEFABE
89,24,98,#DDFABE
90,24,98,#DCFABE
91,24,98,#DBFABE
92,24,98,#DAFABE
93,24,98,#D9FABE
94,24,98,#D8FABE
95,24,98,#D7FABE
96,24,98,#D6FABE
97,24,98,#D5FABE
98,24,98,#D4FABE
99,24,98,#D3FABE
100,24,98,#D2FABE
101,24,98,#D1FABE
102,24,98,#D0FABE
103,24,98,#CFFABE
104,24,98,#CEFABE
105,24,98,#CDFABE
106,24,98,#CCFABE
107,24,98,#CBFABE
108,24,98,#CAFABE
109,24,98,#C9FABE
110,24,98,#C8FABE
111,24,98,#C7FABE
112,24,98,#C6FABE
113,24,98,#C5FABE
114,24,98,#C4FABE
115,24,98,#C3FABE
116,24,98,#C2FABE
117,24,98,#C1FABE
118,24,98,#C0FABE
119,24,98,#BFFABE
120,24,98,#BEFABE
121,24,98,#BEFABF
122,24,98,#BEFAC0
123,24,98,#BEFAC1
124,24,98,#BEFAC2
125,24,98,#BEFAC3
126,24,98,#BEFAC4
127,24,98,#BEFAC5
128,24,98,#BEFAC6
129,24,98,#BEFAC7
130,24,98,#BEFAC8
131,24,98,#BEFAC9
132,24,98,#BEFACA
133,24,98,#BEFACB
134,24,98,#BEFACC
135,24,98,#BEFACD
136,24,98,#BEFACE
137,24,98,#BEFACF
138,24,98,#BEFAD0
139,24,98,#BEFAD1
140,24,98,#BEFAD2
141,24,98,#BEFAD3
142,24,98,#BEFAD4
143,24,98,#BEFAD5
144,24,98,#BEFAD6
145,24,98,#BEFAD7
146,24,98,#BEFAD8
147,24,98,#BEFAD9
148,24,98,#BEFADA
149,24,98,#BEFADB
150,24,98,#BEFADC
151,24,98,#BEFADD
152,24,98,#BEFADE
153,24,98,#BEFADF
154,24,98,#BEFAE0
155,24,98,#BEFAE1
156,24,98,#BEFAE2
157,24,98,#BEFAE3
158,24,98,#BEFAE4
159,24,98,#BEFAE5
160,24,98,#BEFAE6
161,24,98,#BEFAE7
162,24,98,#BEFAE8
163,24,98,#BEFAE9
164,24,98,#BEFAEA
165,24,98,#BEFAEB
166,24,98,#BEFAEC
167,24,98,#BEFAED
168,24,98,#BEFAEE
169,24,98,#BEFAEF
170,24,98,#BEFAF0
171,24,98,#BEFAF1
172,24,98,#BEFAF2
173,24,98,#BEFAF3
174,24,98,#BEFAF4
175,24,98,#BEFAF5
176,24,98,#BEFAF6
177,24,98,#BEFAF7
178,24,98,#BEFAF8
179,24,98,#BEFAF9
180,24,98,#BEFAFA
181,24,98,#BEF9FA
182,24,98,#BEF8FA
183,24,98,#BEF7FA
184,24,98,#BEF6FA
185,24,98,#BEF5FA
186,24,98,#BEF4FA
187,24,98,#BEF3FA
188,24,98,#BEF2FA
189,24,98,#BEF1FA
190,24,98,#BEF0FA
191,24,98,#BEEFFA
192,24,98,#BEEEFA
193,24,98,#BEEDFA
194,24,98,#BEECFA
195,24,98,#BEEBFA
196,24,98,#BEEAFA
197,24,98,#BEE9FA
198,24,98,#BEE8FA
199,24,98,#BEE7FA
200,24,98,#BEE6FA
201,24,98,#BEE5FA
202,24,98,#BEE4FA
203,24,98,#BEE3FA
204,24,98,#BEE2FA
205,24,98,#BEE1FA
206,24,98,#BEE0FA
207,24,98,#BEDFFA
208,24,98,#BEDEFA
209,24,98,#BEDDFA
210,24,98,#BEDCFA
211,24,98,#BEDBFA
212,24,98,#BEDAFA
213,24,98,#BED9FA
214,24,98,#BED8FA
215,24,98,#BED7FA
216,24,98,#BED6FA
217,24,98,#BED5FA
218,24,98,#BED4FA
219,24,98,#BED3FA
220,24,98,#BED2FA
221,24,98,#BED1FA
222,24,98,#BED0FA
223,24,98,#BECFFA
224,24,98,#BECEFA
225,24,98,#BECDFA
226,24,98,#BECCFA
227,24,98,#BECBFA
228,24,98,#BECAFA
229,24,98,#BEC9FA
230,24,98,#BEC8FA
231,24,98,#BEC7FA
232,24,98,#BEC6FA
233,24,98,#BEC5FA
234,24,98,#BEC4FA
235,24,98,#BEC3FA
236,24,98,#BEC2FA
237,24,98,#BEC1FA
238,24,98,#BEC0FA
239,24,98,#BEBFFA
240,24,98,#BEBEFA
241,24,98,#BFBEFA
242,24,98,#C0BEFA
243,24,98,#C1BEFA
244,24,98,#C2BEFA
245,24,98,#C3BEFA
246,24,98,#C4BEFA
247,24,98,#C5BEFA
248,24,98,#C6BEFA
249,24,98,#C7BEFA
250,24,98,#C8BEFA
251,24,98,#C9BEFA
252,24,98,#CABEFA
253,24,98,#CBBEFA
254,24,98,#CCBEFA
255,24,98,#CDBEFA
256,24,98,#CEBEFA
257,24,98,#CFBEFA
258,24,98,#D0BEFA
259,24,98,#D1BEFA
260,24,98,#D2BEFA
261,24,98,#D3BEFA
262,24,98,#D4BEFA
263,24,98,#D5BEFA
264,24,98,#D6BEFA
265,24,98,#D7BEFA
266,24,98,#D8BEFA
267,24,98,#D9BEFA
268,24,98,#DABEFA
269,24,98,#DBBEFA
270,24,98,#DCBEFA
271,24,98,#DDBEFA
272,24,98,#DEBEFA
273,24,98,#DFBEFA
274,24,98,#E0BEFA
275,24,98,#E1BEFA
276,24,98,#E2BEFA
277,24,98,#E3BEFA
278,24,98,#E4BEFA
279,24,98,#E5BEFA
280,24,98,#E6BEFA
281,24,98,#E7BEFA
282,24,98,#E8BEFA
283,24,98,#E9BEFA
284,24,98,#EABEFA
285,24,98,#EBBEFA
286,24,98,#ECBEFA
287,24,98,#EDBEFA
288,24,98,#EEBEFA
289,24,98,#EFBEFA
290,24,98,#F0BEFA
291,24,98,#F1BEFA
292,24,98,#F2BEFA
293,24,98,#F3BEFA
294,24,98,#F4BEFA
295,24,98,#F5BEFA
296,24,98,#F6BEFA
297,24,98,#F7BEFA
298,24,98,#F8BEFA
299,24,98,#F9BEFA
300,24,98,#FABEFA
301,24,98,#FABEF9
302,24,98,#FABEF8
303,24,98,#FABEF7
304,24,98,#FABEF6
305,24,98,#FABEF5
306,24,98,#FABEF4
307,24,98,#FABEF3
308,24,98,#FABEF2
309,24,98,#FABEF1
310,24,98,#FABEF0
311,24,98,#FABEEF
312,24,98,#FABEEE
313,24,98,#FABEED
314,24,98,#FABEEC
315,24,98,#FABEEB
316,24,98,#FABEEA
317,24,98,#FABEE9
318,24,98,#FABEE8
319,24,98,#FABEE7
320,24,98,#FABEE6
321,24,98,#FABEE5
322,24,98,#FABEE4
323,24,98,#FABEE3
324,24,98,#FABEE2
325,24,98,#FABEE1
326,24,98,#FABEE0
327,24,98,#FABEDF
328,24,98,#FABEDE
329,24,98,#FABEDD
330,24,98,#FABEDC
331,24,98,#FABEDB
332,24,98,#FABEDA
333,24,98,#FABED9
334,24,98,#FABED8
335,24,98,#FABED7
336,24,98,#FABED6
337,24,98,#FABED5
338,24,98,#FABED4
339,24,98,#FABED3
340,24,98,#FABED2
341,24,98,#FABED1
342,24,98,#FABED0
343,24,98,#FABECF
344,24,98,#FABECE
345,24,98,#FABECD
346,24,98,#FABECC
347,24,98,#FABECB
348,24,98,#FABECA
349,24,98,#FABEC9
350,24,98,#FABEC8
351,24,98,#FABEC7
352,24,98,#FABEC6
353,24,98,#FABEC5
354,24,98,#FABEC4
355,24,98,#FABEC3
356,24,98,#FABEC2
357,24,98,#FABEC1
358,24,98,#FABEC0
359,24,98,#FABEBF
0,23,98,#FAC0C0
1,23,98,#FAC1C0
2,23,98,#FAC2C0
3,23,98,#FAC3C0
4,23,98,#FAC4C0
5,23,98,#FAC5C0
6,23,98,#FAC6C0
7,23,98,#FAC7C0
8,23,98,#FAC8C0
9,23,98,#FAC9C0
10,23,98,#FACAC0
11,23,98,#FACBC0
12,23,98,#FACCC0
13,23,98,#FACDC0
14,23,98,#FACEC0
15,23,98,#FACFC0
16,23,98,#FAD0C0
17,23,98,#FAD1C0
18,23,98,#FAD2C0
19,23,98,#FAD3C0
20,23,98,#FAD4C0
21,23,98,#FAD5C0
22,23,98,#FAD5C0
23,23,98,#FAD6C0
24,23,98,#FAD7C0
25,23,98,#FAD8C0
26,23,98,#FAD9C0
27,23,98,#FADAC0
28,23,98,#FADBC0
29,23,98,#FADCC0
30,23,98,#FADDC0
31,23,98,#FADEC0
32,23,98,#FADFC0
33,23,98,#FAE0C0
34,23,98,#FAE1C0
35,23,98,#FAE2C0
36,23,98,#FAE3C0
37,23,98,#FAE4C0
38,23,98,#FAE5C0
39,23,98,#FAE6C0
40,23,98,#FAE7C0
41,23,98,#FAE8C0
42,23,98,#FAE9C0
43,23,98,#FAEAC0
44,23,98,#FAEBC0
45,23,98,#FAECC0
46,23,98,#FAECC0
47,23,98,#FAEDC0
48,23,98,#FAEEC0
49,23,98,#FAEFC0
50,23,98,#FAF0C0
51,23,98,#FAF1C0
52,23,98,#FAF2C0
53,23,98,#FAF3C0
54,23,98,#FAF4C0
55,23,98,#FAF5C0
56,23,98,#FAF6C0
57,23,98,#FAF7C0
58,23,98,#FAF8C0
59,23,98,#FAF9C0
60,23,98,#FAFAC0
61,23,98,#F9FAC0
62,23,98,#F8FAC0
63,23,98,#F7FAC0
64,23,98,#F6FAC0
65,23,98,#F5FAC0
66,23,98,#F4FAC0
67,23,98,#F3FAC0
68,23,98,#F2FAC0
69,23,98,#F1FAC0
70,23,98,#F0FAC0
71,23,98,#EFFAC0
72,23,98,#EEFAC0
73,23,98,#EDFAC0
74,23,98,#ECFAC0
75,23,98,#ECFAC0
76,23,98,#EBFAC0
77,23,98,#EAFAC0
78,23,98,#E9FAC0
79,23,98,#E8FAC0
80,23,98,#E7FAC0
81,23,98,#E6FAC0
82,23,98,#E5FAC0
83,23,98,#E4FAC0
84,23,98,#E3FAC0
85,23,98,#E2FAC0
86,23,98,#E1FAC0
87,23,98,#E0FAC0
88,23,98,#DFFAC0
89,23,98,#DEFAC0
90,23,98,#DDFAC0
91,23,98,#DCFAC0
92,23,98,#DBFAC0
93,23,98,#DAFAC0
94,23,98,#D9FAC0
95,23,98,#D8FAC0
96,23,98,#D7FAC0
97,23,98,#D6FAC0
98,23,98,#D5FAC0
99,23,98,#D5FAC0
100,23,98,#D4FAC0
101,23,98,#D3FAC0
102,23,98,#D2FAC0
103,23,98,#D1FAC0
104,23,98,#D0FAC0
105,23,98,#CFFAC0
106,23,98,#CEFAC0
107,23,98,#CDFAC0
108,23,98,#CCFAC0
109,23,98,#CBFAC0
110,23,98,#CAFAC0
111,23,98,#C9FAC0
112,23,98,#C8FAC0
113,23,98,#C7FAC0
114,23,98,#C6FAC0
115,23,98,#C5FAC0
116,23,98,#C4FAC0
117,23,98,#C3FAC0
118,23,98,#C2FAC0
119,23,98,#C1FAC0
120,23,98,#C0FAC0
121,23,98,#C0FAC1
122,23,98,#C0FAC2
123,23,98,#C0FAC3
124,23,98,#C0FAC4
125,23,98,#C0FAC5
126,23,98,#C0FAC6
127,23,98,#C0FAC7
128,23,98,#C0FAC8
129,23,98,#C0FAC9
130,23,98,#C0FACA
131,23,98,#C0FACB
132,23,98,#C0FACC
133,23,98,#C0FACD
134,23,98,#C0FACE
135,23,98,#C0FACF
136,23,98,#C0FAD0
137,23,98,#C0FAD1
138,23,98,#C0FAD2
139,23,98,#C0FAD3
140,23,98,#C0FAD4
141,23,98,#C0FAD5
142,23,98,#C0FAD5
143,23,98,#C0FAD6
144,23,98,#C0FAD7
145,23,98,#C0FAD8
146,23,98,#C0FAD9
147,23,98,#C0FADA
148,23,98,#C0FADB
149,23,98,#C0FADC
150,23,98,#C0FADD
151,23,98,#C0FADE
152,23,98,#C0FADF
153,23,98,#C0FAE0
154,23,98,#C0FAE1
155,23,98,#C0FAE2
156,23,98,#C0FAE3
157,23,98,#C0FAE4
158,23,98,#C0FAE5
159,23,98,#C0FAE6
160,23,98,#C0FAE7
161,23,98,#C0FAE8
162,23,98,#C0FAE9
163,23,98,#C0FAEA
164,23,98,#C0FAEB
165,23,98,#C0FAEC
166,23,98,#C0FAEC
167,23,98,#C0FAED
168,23,98,#C0FAEE
169,23,98,#C0FAEF
170,23,98,#C0FAF0
171,23,98,#C0FAF1
172,23,98,#C0FAF2
173,23,98,#C0FAF3
174,23,98,#C0FAF4
175,23,98,#C0FAF5
176,23,98,#C0FAF6
177,23,98,#C0FAF7
178,23,98,#C0FAF8
179,23,98,#C0FAF9
180,23,98,#C0FAFA
181,23,98,#C0F9FA
182,23,98,#C0F8FA
183,23,98,#C0F7FA
184,23,98,#C0F6FA
185,23,98,#C0F5FA
186,23,98,#C0F4FA
187,23,98,#C0F3FA
188,23,98,#C0F2FA
189,23,98,#C0F1FA
190,23,98,#C0F0FA
191,23,98,#C0EFFA
192,23,98,#C0EEFA
193,23,98,#C0EDFA
194,23,98,#C0ECFA
195,23,98,#C0ECFA
196,23,98,#C0EBFA
197,23,98,#C0EAFA
198,23,98,#C0E9FA
199,23,98,#C0E8FA
200,23,98,#C0E7FA
201,23,98,#C0E6FA
202,23,98,#C0E5FA
203,23,98,#C0E4FA
204,23,98,#C0E3FA
205,23,98,#C0E2FA
206,23,98,#C0E1FA
207,23,98,#C0E0FA
208,23,98,#C0DFFA
209,23,98,#C0DEFA
210,23,98,#C0DDFA
211,23,98,#C0DCFA
212,23,98,#C0DBFA
213,23,98,#C0DAFA
214,23,98,#C0D9FA
215,23,98,#C0D8FA
216,23,98,#C0D7FA
217,23,98,#C0D6FA
218,23,98,#C0D5FA
219,23,98,#C0D5FA
220,23,98,#C0D4FA
221,23,98,#C0D3FA
222,23,98,#C0D2FA
223,23,98,#C0D1FA
224,23,98,#C0D0FA
225,23,98,#C0CFFA
226,23,98,#C0CEFA
227,23,98,#C0CDFA
228,23,98,#C0CCFA
229,23,98,#C0CBFA
230,23,98,#C0CAFA
231,23,98,#C0C9FA
232,23,98,#C0C8FA
233,23,98,#C0C7FA
234,23,98,#C0C6FA
235,23,98,#C0C5FA
236,23,98,#C0C4FA
237,23,98,#C0C3FA
238,23,98,#C0C2FA
239,23,98,#C0C1FA
240,23,98,#C0C0FA
241,23,98,#C1C0FA
242,23,98,#C2C0FA
243,23,98,#C3C0FA
244,23,98,#C4C0FA
245,23,98,#C5C0FA
246,23,98,#C6C0FA
247,23,98,#C7C0FA
248,23,98,#C8C0FA
249,23,98,#C9C0FA
250,23,98,#CAC0FA
251,23,98,#CBC0FA
252,23,98,#CCC0FA
253,23,98,#CDC0FA
254,23,98,#CEC0FA
255,23,98,#CFC0FA
256,23,98,#D0C0FA
257,23,98,#D1C0FA
258,23,98,#D2C0FA
259,23,98,#D3C0FA
260,23,98,#D4C0FA
261,23,98,#D5C0FA
262,23,98,#D5C0FA
263,23,98,#D6C0FA
264,23,98,#D7C0FA
265,23,98,#D8C0FA
266,23,98,#D9C0FA
267,23,98,#DAC0FA
268,23,98,#DBC0FA
269,23,98,#DCC0FA
270,23,98,#DDC0FA
271,23,98,#DEC0FA
272,23,98,#DFC0FA
273,23,98,#E0C0FA
274,23,98,#E1C0FA
275,23,98,#E2C0FA
276,23,98,#E3C0FA
277,23,98,#E4C0FA
278,23,98,#E5C0FA
279,23,98,#E6C0FA
280,23,98,#E7C0FA
281,23,98,#E8C0FA
282,23,98,#E9C0FA
283,23,98,#EAC0FA
284,23,98,#EBC0FA
285,23,98,#ECC0FA
286,23,98,#ECC0FA
287,23,98,#EDC0FA
288,23,98,#EEC0FA
289,23,98,#EFC0FA
290,23,98,#F0C0FA
291,23,98,#F1C0FA
292,23,98,#F2C0FA
293,23,98,#F3C0FA
294,23,98,#F4C0FA
295,23,98,#F5C0FA
296,23,98,#F6C0FA
297,23,98,#F7C0FA
298,23,98,#F8C0FA
299,23,98,#F9C0FA
300,23,98,#FAC0FA
301,23,98,#FAC0F9
302,23,98,#FAC0F8
303,23,98,#FAC0F7
304,23,98,#FAC0F6
305,23,98,#FAC0F5
306,23,98,#FAC0F4
307,23,98,#FAC0F3
308,23,98,#FAC0F2
309,23,98,#FAC0F1
310,23,98,#FAC0F0
311,23,98,#FAC0EF
312,23,98,#FAC0EE
313,23,98,#FAC0ED
314,23,98,#FAC0EC
315,23,98,#FAC0EC
316,23,98,#FAC0EB
317,23,98,#FAC0EA
318,23,98,#FAC0E9
319,23,98,#FAC0E8
320,23,98,#FAC0E7
321,23,98,#FAC0E6
322,23,98,#FAC0E5
323,23,98,#FAC0E4
324,23,98,#FAC0E3
325,23,98,#FAC0E2
326,23,98,#FAC0E1
327,23,98,#FAC0E0
328,23,98,#FAC0DF
329,23,98,#FAC0DE
330,23,98,#FAC0DD
331,23,98,#FAC0DC
332,23,98,#FAC0DB
333,23,98,#FAC0DA
334,23,98,#FAC0D9
335,23,98,#FAC0D8
336,23,98,#FAC0D7
337,23,98,#FAC0D6
338,23,98,#FAC0D5
339,23,98,#FAC0D5
340,23,98,#FAC0D4
341,23,98,#FAC0D3
342,23,98,#FAC0D2
343,23,98,#FAC0D1
344,23,98,#FAC0D0
345,23,98,#FAC0CF
346,23,98,#FAC0CE
347,23,98,#FAC0CD
348,23,98,#FAC0CC
349,23,98,#FAC0CB
350,23,98,#FAC0CA
351,23,98,#FAC0C9
352,23,98,#FAC0C8
353,23,98,#FAC0C7
354,23,98,#FAC0C6
355,23,98,#FAC0C5
356,23,98,#FAC0C4
357,23,98,#FAC0C3
358,23,98,#FAC0C2
359,23,98,#FAC0C1
0,22,98,#FAC3C3
1,22,98,#FAC4C3
2,22,98,#FAC5C3
3,22,98,#FAC6C3
4,22,98,#FAC7C3
5,22,98,#FAC8C3
6,22,98,#FAC8C3
7,22,98,#FAC9C3
8,22,98,#FACAC3
9,22,98,#FACBC3
10,22,98,#FACCC3
11,22,98,#FACDC3
12,22,98,#FACEC3
13,22,98,#FACFC3
14,22,98,#FAD0C3
15,22,98,#FAD1C3
16,22,98,#FAD2C3
17,22,98,#FAD2C3
18,22,98,#FAD3C3
19,22,98,#FAD4C3
20,22,98,#FAD5C3
21,22,98,#FAD6C3
22,22,98,#FAD7C3
23,22,98,#FAD8C3
24,22,98,#FAD9C3
25,22,98,#FADAC3
26,22,98,#FADBC3
27,22,98,#FADCC3
28,22,98,#FADDC3
29,22,98,#FADDC3
30,22,98,#FADEC3
31,22,98,#FADFC3
32,22,98,#FAE0C3
33,22,98,#FAE1C3
34,22,98,#FAE2C3
35,22,98,#FAE3C3
36,22,98,#FAE4C3
37,22,98,#FAE5C3
38,22,98,#FAE6C3
39,22,98,#FAE7C3
40,22,98,#FAE8C3
41,22,98,#FAE8C3
42,22,98,#FAE9C3
43,22,98,#FAEAC3
44,22,98,#FAEBC3
45,22,98,#FAECC3
46,22,98,#FAEDC3
47,22,98,#FAEEC3
48,22,98,#FAEFC3
49,22,98,#FAF0C3
50,22,98,#FAF1C3
51,22,98,#FAF2C3
52,22,98,#FAF3C3
53,22,98,#FAF3C3
54,22,98,#FAF4C3
55,22,98,#FAF5C3
56,22,98,#FAF6C3
57,22,98,#FAF7C3
58,22,98,#FAF8C3
59,22,98,#FAF9C3
60,22,98,#FAFAC3
61,22,98,#F9FAC3
62,22,98,#F8FAC3
63,22,98,#F7FAC3
64,22,98,#F6FAC3
65,22,98,#F5FAC3
66,22,98,#F4FAC3
67,22,98,#F3FAC3
68,22,98,#F3FAC3
69,22,98,#F2FAC3
70,22,98,#F1FAC3
71,22,98,#F0FAC3
72,22,98,#EFFAC3
73,22,98,#EEFAC3
74,22,98,#EDFAC3
75,22,98,#ECFAC3
76,22,98,#EBFAC3
77,22,98,#EAFAC3
78,22,98,#E9FAC3
79,22,98,#E8FAC3
80,22,98,#E8FAC3
81,22,98,#E7FAC3
82,22,98,#E6FAC3
83,22,98,#E5FAC3
84,22,98,#E4FAC3
85,22,98,#E3FAC3
86,22,98,#E2FAC3
87,22,98,#E1FAC3
88,22,98,#E0FAC3
89,22,98,#DFFAC3
90,22,98,#DEFAC3
91,22,98,#DDFAC3
92,22,98,#DDFAC3
93,22,98,#DCFAC3
94,22,98,#DBFAC3
95,22,98,#DAFAC3
96,22,98,#D9FAC3
97,22,98,#D8FAC3
98,22,98,#D7FAC3
99,22,98,#D6FAC3
100,22,98,#D5FAC3
101,22,98,#D4FAC3
102,22,98,#D3FAC3
103,22,98,#D2FAC3
104,22,98,#D2FAC3
105,22,98,#D1FAC3
106,22,98,#D0FAC3
107,22,98,#CFFAC3
108,22,98,#CEFAC3
109,22,98,#CDFAC3
110,22,98,#CCFAC3
111,22,98,#CBFAC3
112,22,98,#CAFAC3
113,22,98,#C9FAC3
114,22,98,#C8FAC3
115,22,98,#C8FAC3
116,22,98,#C7FAC3
117,22,98,#C6FAC3
118,22,98,#C5FAC3
119,22,98,#C4FAC3
120,22,98,#C3FAC3
121,22,98,#C3FAC4
122,22,98,#C3FAC5
123,22,98,#C3FAC6
124,22,98,#C3FAC7
125,22,98,#C3FAC8
126,22,98,#C3FAC8
127,22,98,#C3FAC9
128,22,98,#C3FACA
129,22,98,#C3FACB
130,22,98,#C3FACC
131,22,98,#C3FACD
132,22,98,#C3FACE
133,22,98,#C3FACF
134,22,98,#C3FAD0
135,22,98,#C3FAD1
136,22,98,#C3FAD2
137,22,98,#C3FAD2
138,22,98,#C3FAD3
139,22,98,#C3FAD4
140,22,98,#C3FAD5
141,22,98,#C3FAD6
142,22,98,#C3FAD7
143,22,98,#C3FAD8
144,22,98,#C3FAD9
145,22,98,#C3FADA
146,22,98,#C3FADB
147,22,98,#C3FADC
148,22,98,#C3FADD
149,22,98,#C3FADD
150,22,98,#C3FADE
151,22,98,#C3FADF
152,22,98,#C3FAE0
153,22,98,#C3FAE1
154,22,98,#C3FAE2
155,22,98,#C3FAE3
156,22,98,#C3FAE4
157,22,98,#C3FAE5
158,22,98,#C3FAE6
159,22,98,#C3FAE7
160,22,98,#C3FAE8
161,22,98,#C3FAE8
162,22,98,#C3FAE9
163,22,98,#C3FAEA
164,22,98,#C3FAEB
165,22,98,#C3FAEC
166,22,98,#C3FAED
167,22,98,#C3FAEE
168,22,98,#C3FAEF
169,22,98,#C3FAF0
170,22,98,#C3FAF1
171,22,98,#C3FAF2
172,22,98,#C3FAF3
173,22,98,#C3FAF3
174,22,98,#C3FAF4
175,22,98,#C3FAF5
176,22,98,#C3FAF6
177,22,98,#C3FAF7
178,22,98,#C3FAF8
179,22,98,#C3FAF9
180,22,98,#C3FAFA
181,22,98,#C3F9FA
182,22,98,#C3F8FA
183,22,98,#C3F7FA
184,22,98,#C3F6FA
185,22,98,#C3F5FA
186,22,98,#C3F4FA
187,22,98,#C3F3FA
188,22,98,#C3F3FA
189,22,98,#C3F2FA
190,22,98,#C3F1FA
191,22,98,#C3F0FA
192,22,98,#C3EFFA
193,22,98,#C3EEFA
194,22,98,#C3EDFA
195,22,98,#C3ECFA
196,22,98,#C3EBFA
197,22,98,#C3EAFA
198,22,98,#C3E9FA
199,22,98,#C3E8FA
200,22,98,#C3E8FA
201,22,98,#C3E7FA
202,22,98,#C3E6FA
203,22,98,#C3E5FA
204,22,98,#C3E4FA
205,22,98,#C3E3FA
206,22,98,#C3E2FA
207,22,98,#C3E1FA
208,22,98,#C3E0FA
209,22,98,#C3DFFA
210,22,98,#C3DEFA
211,22,98,#C3DDFA
212,22,98,#C3DDFA
213,22,98,#C3DCFA
214,22,98,#C3DBFA
215,22,98,#C3DAFA
216,22,98,#C3D9FA
217,22,98,#C3D8FA
218,22,98,#C3D7FA
219,22,98,#C3D6FA
220,22,98,#C3D5FA
221,22,98,#C3D4FA
222,22,98,#C3D3FA
223,22,98,#C3D2FA
224,22,98,#C3D2FA
225,22,98,#C3D1FA
226,22,98,#C3D0FA
227,22,98,#C3CFFA
228,22,98,#C3CEFA
229,22,98,#C3CDFA
230,22,98,#C3CCFA
231,22,98,#C3CBFA
232,22,98,#C3CAFA
233,22,98,#C3C9FA
234,22,98,#C3C8FA
235,22,98,#C3C8FA
236,22,98,#C3C7FA
237,22,98,#C3C6FA
238,22,98,#C3C5FA
239,22,98,#C3C4FA
240,22,98,#C3C3FA
241,22,98,#C4C3FA
242,22,98,#C5C3FA
243,22,98,#C6C3FA
244,22,98,#C7C3FA
245,22,98,#C8C3FA
246,22,98,#C8C3FA
247,22,98,#C9C3FA
248,22,98,#CAC3FA
249,22,98,#CBC3FA
250,22,98,#CCC3FA
251,22,98,#CDC3FA
252,22,98,#CEC3FA
253,22,98,#CFC3FA
254,22,98,#D0C3FA
255,22,98,#D1C3FA
256,22,98,#D2C3FA
257,22,98,#D2C3FA
258,22,98,#D3C3FA
259,22,98,#D4C3FA
260,22,98,#D5C3FA
261,22,98,#D6C3FA
262,22,98,#D7C3FA
263,22,98,#D8C3FA
264,22,98,#D9C3FA
265,22,98,#DAC3FA
266,22,98,#DBC3FA
267,22,98,#DCC3FA
268,22,98,#DDC3FA
269,22,98,#DDC3FA
270,22,98,#DEC3FA
271,22,98,#DFC3FA
272,22,98,#E0C3FA
273,22,98,#E1C3FA
274,22,98,#E2C3FA
275,22,98,#E3C3FA
276,22,98,#E4C3FA
277,22,98,#E5C3FA
278,22,98,#E6C3FA
279,22,98,#E7C3FA
280,22,98,#E8C3FA
281,22,98,#E8C3FA
282,22,98,#E9C3FA
283,22,98,#EAC3FA
284,22,98,#EBC3FA
285,22,98,#ECC3FA
286,22,98,#EDC3FA
287,22,98,#EEC3FA
288,22,98,#EFC3FA
289,22,98,#F0C3FA
290,22,98,#F1C3FA
291,22,98,#F2C3FA
292,22,98,#F3C3FA
293,22,98,#F3C3FA
294,22,98,#F4C3FA
295,22,98,#F5C3FA
296,22,98,#F6C3FA
297,22,98,#F7C3FA
298,22,98,#F8C3FA
299,22,98,#F9C3FA
300,22,98,#FAC3FA
301,22,98,#FAC3F9
302,22,98,#FAC3F8
303,22,98,#FAC3F7
304,22,98,#FAC3F6
305,22,98,#FAC3F5
306,22,98,#FAC3F4
307,22,98,#FAC3F3
308,22,98,#FAC3F3
309,22,98,#FAC3F2
310,22,98,#FAC3F1
311,22,98,#FAC3F0
312,22,98,#FAC3EF
313,22,98,#FAC3EE
314,22,98,#FAC3ED
315,22,98,#FAC3EC
316,22,98,#FAC3EB
317,22,98,#FAC3EA
318,22,98,#FAC3E9
319,22,98,#FAC3E8
320,22,98,#FAC3E8
321,22,98,#FAC3E7
322,22,98,#FAC3E6
323,22,98,#FAC3E5
324,22,98,#FAC3E4
325,22,98,#FAC3E3
326,22,98,#FAC3E2
327,22,98,#FAC3E1
328,22,98,#FAC3E0
329,22,98,#FAC3DF
330,22,98,#FAC3DE
331,22,98,#FAC3DD
332,22,98,#FAC3DD
333,22,98,#FAC3DC
334,22,98,#FAC3DB
335,22,98,#FAC3DA
336,22,98,#FAC3D9
337,22,98,#FAC3D8
338,22,98,#FAC3D7
339,22,98,#FAC3D6
340,22,98,#FAC3D5
341,22,98,#FAC3D4
342,22,98,#FAC3D3
343,22,98,#FAC3D2
344,22,98,#FAC3D2
345,22,98,#FAC3D1
346,22,98,#FAC3D0
347,22,98,#FAC3CF
348,22,98,#FAC3CE
349,22,98,#FAC3CD
350,22,98,#FAC3CC
351,22,98,#FAC3CB
352,22,98,#FAC3CA
353,22,98,#FAC3C9
354,22,98,#FAC3C8
355,22,98,#FAC3C8
356,22,98,#FAC3C7
357,22,98,#FAC3C6
358,22,98,#FAC3C5
359,22,98,#FAC3C4
0,21,98,#FAC5C5
1,21,98,#FAC6C5
2,21,98,#FAC7C5
3,21,98,#FAC8C5
4,21,98,#FAC9C5
5,21,98,#FACAC5
6,21,98,#FACBC5
7,21,98,#FACCC5
8,21,98,#FACCC5
9,21,98,#FACDC5
10,21,98,#FACEC5
11,21,98,#FACFC5
12,21,98,#FAD0C5
13,21,98,#FAD1C5
14,21,98,#FAD2C5
15,21,98,#FAD3C5
16,21,98,#FAD3C5
17,21,98,#FAD4C5
18,21,98,#FAD5C5
19,21,98,#FAD6C5
20,21,98,#FAD7C5
21,21,98,#FAD8C5
22,21,98,#FAD9C5
23,21,98,#FADAC5
24,21,98,#FADAC5
25,21,98,#FADBC5
26,21,98,#FADCC5
27,21,98,#FADDC5
28,21,98,#FADEC5
29,21,98,#FADFC5
30,21,98,#FAE0C5
31,21,98,#FAE1C5
32,21,98,#FAE1C5
33,21,98,#FAE2C5
34,21,98,#FAE3C5
35,21,98,#FAE4C5
36,21,98,#FAE5C5
37,21,98,#FAE6C5
38,21,98,#FAE7C5
39,21,98,#FAE8C5
40,21,98,#FAE8C5
41,21,98,#FAE9C5
42,21,98,#FAEAC5
43,21,98,#FAEBC5
44,21,98,#FAECC5
45,21,98,#FAEDC5
46,21,98,#FAEEC5
47,21,98,#FAEFC5
48,21,98,#FAEFC5
49,21,98,#FAF0C5
50,21,98,#FAF1C5
51,21,98,#FAF2C5
52,21,98,#FAF3C5
53,21,98,#FAF4C5
54,21,98,#FAF5C5
55,21,98,#FAF6C5
56,21,98,#FAF6C5
57,21,98,#FAF7C5
58,21,98,#FAF8C5
59,21,98,#FAF9C5
60,21,98,#FAFAC5
61,21,98,#F9FAC5
62,21,98,#F8FAC5
63,21,98,#F7FAC5
64,21,98,#F6FAC5
65,21,98,#F6FAC5
66,21,98,#F5FAC5
67,21,98,#F4FAC5
68,21,98,#F3FAC5
69,21,98,#F2FAC5
70,21,98,#F1FAC5
71,21,98,#F0FAC5
72,21,98,#EFFAC5
73,21,98,#EFFAC5
74,21,98,#EEFAC5
75,21,98,#EDFAC5
76,21,98,#ECFAC5
77,21,98,#EBFAC5
78,21,98,#EAFAC5
79,21,98,#E9FAC5
80,21,98,#E8FAC5
81,21,98,#E8FAC5
82,21,98,#E7FAC5
83,21,98,#E6FAC5
84,21,98,#E5FAC5
85,21,98,#E4FAC5
86,21,98,#E3FAC5
87,21,98,#E2FAC5
88,21,98,#E1FAC5
89,21,98,#E1FAC5
90,21,98,#E0FAC5
91,21,98,#DFFAC5
92,21,98,#DEFAC5
93,21,98,#DDFAC5
94,21,98,#DCFAC5
95,21,98,#DBFAC5
96,21,98,#DAFAC5
97,21,98,#DAFAC5
98,21,98,#D9FAC5
99,21,98,#D8FAC5
100,21,98,#D7FAC5
101,21,98,#D6FAC5
102,21,98,#D5FAC5
103,21,98,#D4FAC5
104,21,98,#D3FAC5
105,21,98,#D3FAC5
106,21,98,#D2FAC5
107,21,98,#D1FAC5
108,21,98,#D0FAC5
109,21,98,#CFFAC5
110,21,98,#CEFAC5
111,21,98,#CDFAC5
112,21,98,#CCFAC5
113,21,98,#CCFAC5
114,21,98,#CBFAC5
115,21,98,#CAFAC5
116,21,98,#C9FAC5
117,21,98,#C8FAC5
118,21,98,#C7FAC5
119,21,98,#C6FAC5
120,21,98,#C5FAC5
121,21,98,#C5FAC6
122,21,98,#C5FAC7
123,21,98,#C5FAC8
124,21,98,#C5FAC9
125,21,98,#C5FACA
126,21,98,#C5FACB
127,21,98,#C5FACC
128,21,98,#C5FACC
129,21,98,#C5FACD
130,21,98,#C5FACE
131,21,98,#C5FACF
132,21,98,#C5FAD0
133,21,98,#C5FAD1
134,21,98,#C5FAD2
135,21,98,#C5FAD3
136,21,98,#C5FAD3
137,21,98,#C5FAD4
138,21,98,#C5FAD5
139,21,98,#C5FAD6
140,21,98,#C5FAD7
141,21,98,#C5FAD8
142,21,98,#C5FAD9
143,21,98,#C5FADA
144,21,98,#C5FADA
145,21,98,#C5FADB
146,21,98,#C5FADC
147,21,98,#C5FADD
148,21,98,#C5FADE
149,21,98,#C5FADF
150,21,98,#C5FAE0
151,21,98,#C5FAE1
152,21,98,#C5FAE1
153,21,98,#C5FAE2
154,21,98,#C5FAE3
155,21,98,#C5FAE4
156,21,98,#C5FAE5
157,21,98,#C5FAE6
158,21,98,#C5FAE7
159,21,98,#C5FAE8
160,21,98,#C5FAE8
161,21,98,#C5FAE9
162,21,98,#C5FAEA
163,21,98,#C5FAEB
164,21,98,#C5FAEC
165,21,98,#C5FAED
166,21,98,#C5FAEE
167,21,98,#C5FAEF
168,21,98,#C5FAEF
169,21,98,#C5FAF0
170,21,98,#C5FAF1
171,21,98,#C5FAF2
172,21,98,#C5FAF3
173,21,98,#C5FAF4
174,21,98,#C5FAF5
175,21,98,#C5FAF6
176,21,98,#C5FAF6
177,21,98,#C5FAF7
178,21,98,#C5FAF8
179,21,98,#C5FAF9
180,21,98,#C5FAFA
181,21,98,#C5F9FA
182,21,98,#C5F8FA
183,21,98,#C5F7FA
184,21,98,#C5F6FA
185,21,98,#C5F6FA
186,21,98,#C5F5FA
187,21,98,#C5F4FA
188,21,98,#C5F3FA
189,21,98,#C5F2FA
190,21,98,#C5F1FA
191,21,98,#C5F0FA
192,21,98,#C5EFFA
193,21,98,#C5EFFA
194,21,98,#C5EEFA
195,21,98,#C5EDFA
196,21,98,#C5ECFA
197,21,98,#C5EBFA
198,21,98,#C5EAFA
199,21,98,#C5E9FA
200,21,98,#C5E8FA
201,21,98,#C5E8FA
202,21,98,#C5E7FA
203,21,98,#C5E6FA
204,21,98,#C5E5FA
205,21,98,#C5E4FA
206,21,98,#C5E3FA
207,21,98,#C5E2FA
208,21,98,#C5E1FA
209,21,98,#C5E1FA
210,21,98,#C5E0FA
211,21,98,#C5DFFA
212,21,98,#C5DEFA
213,21,98,#C5DDFA
214,21,98,#C5DCFA
215,21,98,#C5DBFA
216,21,98,#C5DAFA
217,21,98,#C5DAFA
218,21,98,#C5D9FA
219,21,98,#C5D8FA
220,21,98,#C5D7FA
221,21,98,#C5D6FA
222,21,98,#C5D5FA
223,21,98,#C5D4FA
224,21,98,#C5D3FA
225,21,98,#C5D3FA
226,21,98,#C5D2FA
227,21,98,#C5D1FA
228,21,98,#C5D0FA
229,21,98,#C5CFFA
230,21,98,#C5CEFA
231,21,98,#C5CDFA
232,21,98,#C5CCFA
233,21,98,#C5CCFA
234,21,98,#C5CBFA
235,21,98,#C5CAFA
236,21,98,#C5C9FA
237,21,98,#C5C8FA
238,21,98,#C5C7FA
239,21,98,#C5C6FA
240,21,98,#C5C5FA
241,21,98,#C6C5FA
242,21,98,#C7C5FA
243,21,98,#C8C5FA
244,21,98,#C9C5FA
245,21,98,#CAC5FA
246,21,98,#CBC5FA
247,21,98,#CCC5FA
248,21,98,#CCC5FA
249,21,98,#CDC5FA
250,21,98,#CEC5FA
251,21,98,#CFC5FA
252,21,98,#D0C5FA
253,21,98,#D1C5FA
254,21,98,#D2C5FA
255,21,98,#D3C5FA
256,21,98,#D3C5FA
257,21,98,#D4C5FA
258,21,98,#D5C5FA
259,21,98,#D6C5FA
260,21,98,#D7C5FA
261,21,98,#D8C5FA
262,21,98,#D9C5FA
263,21,98,#DAC5FA
264,21,98,#DAC5FA
265,21,98,#DBC5FA
266,21,98,#DCC5FA
267,21,98,#DDC5FA
268,21,98,#DEC5FA
269,21,98,#DFC5FA
270,21,98,#E0C5FA
271,21,98,#E1C5FA
272,21,98,#E1C5FA
273,21,98,#E2C5FA
274,21,98,#E3C5FA
275,21,98,#E4C5FA
276,21,98,#E5C5FA
277,21,98,#E6C5FA
278,21,98,#E7C5FA
279,21,98,#E8C5FA
280,21,98,#E8C5FA
281,21,98,#E9C5FA
282,21,98,#EAC5FA
283,21,98,#EBC5FA
284,21,98,#ECC5FA
285,21,98,#EDC5FA
286,21,98,#EEC5FA
287,21,98,#EFC5FA
288,21,98,#EFC5FA
289,21,98,#F0C5FA
290,21,98,#F1C5FA
291,21,98,#F2C5FA
292,21,98,#F3C5FA
293,21,98,#F4C5FA
294,21,98,#F5C5FA
295,21,98,#F6C5FA
296,21,98,#F6C5FA
297,21,98,#F7C5FA
298,21,98,#F8C5FA
299,21,98,#F9C5FA
300,21,98,#FAC5FA
301,21,98,#FAC5F9
302,21,98,#FAC5F8
303,21,98,#FAC5F7
304,21,98,#FAC5F6
305,21,98,#FAC5F6
306,21,98,#FAC5F5
307,21,98,#FAC5F4
308,21,98,#FAC5F3
309,21,98,#FAC5F2
310,21,98,#FAC5F1
311,21,98,#FAC5F0
312,21,98,#FAC5EF
313,21,98,#FAC5EF
314,21,98,#FAC5EE
315,21,98,#FAC5ED
316,21,98,#FAC5EC
317,21,98,#FAC5EB
318,21,98,#FAC5EA
319,21,98,#FAC5E9
320,21,98,#FAC5E8
321,21,98,#FAC5E8
322,21,98,#FAC5E7
323,21,98,#FAC5E6
324,21,98,#FAC5E5
325,21,98,#FAC5E4
326,21,98,#FAC5E3
327,21,98,#FAC5E2
328,21,98,#FAC5E1
329,21,98,#FAC5E1
330,21,98,#FAC5E0
331,21,98,#FAC5DF
332,21,98,#FAC5DE
333,21,98,#FAC5DD
334,21,98,#FAC5DC
335,21,98,#FAC5DB
336,21,98,#FAC5DA
337,21,98,#FAC5DA
338,21,98,#FAC5D9
339,21,98,#FAC5D8
340,21,98,#FAC5D7
341,21,98,#FAC5D6
342,21,98,#FAC5D5
343,21,98,#FAC5D4
344,21,98,#FAC5D3
345,21,98,#FAC5D3
346,21,98,#FAC5D2
347,21,98,#FAC5D1
348,21,98,#FAC5D0
349,21,98,#FAC5CF
350,21,98,#FAC5CE
351,21,98,#FAC5CD
352,21,98,#FAC5CC
353,21,98,#FAC5CC
354,21,98,#FAC5CB
355,21,98,#FAC5CA
356,21,98,#FAC5C9
357,21,98,#FAC5C8
358,21,98,#FAC5C7
359,21,98,#FAC5C6
0,20,98,#FAC8C8
1,20,98,#FAC9C8
2,20,98,#FACAC8
3,20,98,#FACAC8
4,20,98,#FACBC8
5,20,98,#FACCC8
6,20,98,#FACDC8
7,20,98,#FACEC8
8,20,98,#FACFC8
9,20,98,#FACFC8
10,20,98,#FAD0C8
11,20,98,#FAD1C8
12,20,98,#FAD2C8
13,20,98,#FAD3C8
14,20,98,#FAD4C8
15,20,98,#FAD4C8
16,20,98,#FAD5C8
17,20,98,#FAD6C8
18,20,98,#FAD7C8
19,20,98,#FAD8C8
20,20,98,#FAD9C8
21,20,98,#FAD9C8
22,20,98,#FADAC8
23,20,98,#FADBC8
24,20,98,#FADCC8
25,20,98,#FADDC8
26,20,98,#FADEC8
27,20,98,#FADEC8
28,20,98,#FADFC8
29,20,98,#FAE0C8
30,20,98,#FAE1C8
31,20,98,#FAE2C8
32,20,98,#FAE3C8
33,20,98,#FAE3C8
34,20,98,#FAE4C8
35,20,98,#FAE5C8
36,20,98,#FAE6C8
37,20,98,#FAE7C8
38,20,98,#FAE8C8
39,20,98,#FAE8C8
40,20,98,#FAE9C8
41,20,98,#FAEAC8
42,20,98,#FAEBC8
43,20,98,#FAECC8
44,20,98,#FAEDC8
45,20,98,#FAEDC8
46,20,98,#FAEEC8
47,20,98,#FAEFC8
48,20,98,#FAF0C8
49,20,98,#FAF1C8
50,20,98,#FAF2C8
51,20,98,#FAF2C8
52,20,98,#FAF3C8
53,20,98,#FAF4C8
54,20,98,#FAF5C8
55,20,98,#FAF6C8
56,20,98,#FAF7C8
57,20,98,#FAF7C8
58,20,98,#FAF8C8
59,20,98,#FAF9C8
60,20,98,#FAFAC8
61,20,98,#F9FAC8
62,20,98,#F8FAC8
63,20,98,#F7FAC8
64,20,98,#F7FAC8
65,20,98,#F6FAC8
66,20,98,#F5FAC8
67,20,98,#F4FAC8
68,20,98,#F3FAC8
69,20,98,#F2FAC8
70,20,98,#F2FAC8
71,20,98,#F1FAC8
72,20,98,#F0FAC8
73,20,98,#EFFAC8
74,20,98,#EEFAC8
75,20,98,#EDFAC8
76,20,98,#EDFAC8
77,20,98,#ECFAC8
78,20,98,#EBFAC8
79,20,98,#EAFAC8
80,20,98,#E9FAC8
81,20,98,#E8FAC8
82,20,98,#E8FAC8
83,20,98,#E7FAC8
84,20,98,#E6FAC8
85,20,98,#E5FAC8
86,20,98,#E4FAC8
87,20,98,#E3FAC8
88,20,98,#E3FAC8
89,20,98,#E2FAC8
90,20,98,#E1FAC8
91,20,98,#E0FAC8
92,20,98,#DFFAC8
93,20,98,#DEFAC8
94,20,98,#DEFAC8
95,20,98,#DDFAC8
96,20,98,#DCFAC8
97,20,98,#DBFAC8
98,20,98,#DAFAC8
99,20,98,#D9FAC8
100,20,98,#D9FAC8
101,20,98,#D8FAC8
102,20,98,#D7FAC8
103,20,98,#D6FAC8
104,20,98,#D5FAC8
105,20,98,#D4FAC8
106,20,98,#D4FAC8
107,20,98,#D3FAC8
108,20,98,#D2FAC8
109,20,98,#D1FAC8
110,20,98,#D0FAC8
111,20,98,#CFFAC8
112,20,98,#CFFAC8
113,20,98,#CEFAC8
114,20,98,#CDFAC8
115,20,98,#CCFAC8
116,20,98,#CBFAC8
117,20,98,#CAFAC8
118,20,98,#CAFAC8
119,20,98,#C9FAC8
120,20,98,#C8FAC8
121,20,98,#C8FAC9
122,20,98,#C8FACA
123,20,98,#C8FACA
124,20,98,#C8FACB
125,20,98,#C8FACC
126,20,98,#C8FACD
127,20,98,#C8FACE
128,20,98,#C8FACF
129,20,98,#C8FACF
130,20,98,#C8FAD0
131,20,98,#C8FAD1
132,20,98,#C8FAD2
133,20,98,#C8FAD3
134,20,98,#C8FAD4
135,20,98,#C8FAD4
136,20,98,#C8FAD5
137,20,98,#C8FAD6
138,20,98,#C8FAD7
139,20,98,#C8FAD8
140,20,98,#C8FAD9
141,20,98,#C8FAD9
142,20,98,#C8FADA
143,20,98,#C8FADB
144,20,98,#C8FADC
145,20,98,#C8FADD
146,20,98,#C8FADE
147,20,98,#C8FADE
148,20,98,#C8FADF
149,20,98,#C8FAE0
150,20,98,#C8FAE1
151,20,98,#C8FAE2
152,20,98,#C8FAE3
153,20,98,#C8FAE3
154,20,98,#C8FAE4
155,20,98,#C8FAE5
156,20,98,#C8FAE6
157,20,98,#C8FAE7
158,20,98,#C8FAE8
159,20,98,#C8FAE8
160,20,98,#C8FAE9
161,20,98,#C8FAEA
162,20,98,#C8FAEB
163,20,98,#C8FAEC
164,20,98,#C8FAED
165,20,98,#C8FAED
166,20,98,#C8FAEE
167,20,98,#C8FAEF
168,20,98,#C8FAF0
169,20,98,#C8FAF1
170,20,98,#C8FAF2
171,20,98,#C8FAF2
172,20,98,#C8FAF3
173,20,98,#C8FAF4
174,20,98,#C8FAF5
175,20,98,#C8FAF6
176,20,98,#C8FAF7
177,20,98,#C8FAF7
178,20,98,#C8FAF8
179,20,98,#C8FAF9
180,20,98,#C8FAFA
181,20,98,#C8F9FA
182,20,98,#C8F8FA
183,20,98,#C8F7FA
184,20,98,#C8F7FA
185,20,98,#C8F6FA
186,20,98,#C8F5FA
187,20,98,#C8F4FA
188,20,98,#C8F3FA
189,20,98,#C8F2FA
190,20,98,#C8F2FA
191,20,98,#C8F1FA
192,20,98,#C8F0FA
193,20,98,#C8EFFA
194,20,98,#C8EEFA
195,20,98,#C8EDFA
196,20,98,#C8EDFA
197,20,98,#C8ECFA
198,20,98,#C8EBFA
199,20,98,#C8EAFA
200,20,98,#C8E9FA
201,20,98,#C8E8FA
202,20,98,#C8E8FA
203,20,98,#C8E7FA
204,20,98,#C8E6FA
205,20,98,#C8E5FA
206,20,98,#C8E4FA
207,20,98,#C8E3FA
208,20,98,#C8E3FA
209,20,98,#C8E2FA
210,20,98,#C8E1FA
211,20,98,#C8E0FA
212,20,98,#C8DFFA
213,20,98,#C8DEFA
214,20,98,#C8DEFA
215,20,98,#C8DDFA
216,20,98,#C8DCFA
217,20,98,#C8DBFA
218,20,98,#C8DAFA
219,20,98,#C8D9FA
220,20,98,#C8D9FA
221,20,98,#C8D8FA
222,20,98,#C8D7FA
223,20,98,#C8D6FA
224,20,98,#C8D5FA
225,20,98,#C8D4FA
226,20,98,#C8D4FA
227,20,98,#C8D3FA
228,20,98,#C8D2FA
229,20,98,#C8D1FA
230,20,98,#C8D0FA
231,20,98,#C8CFFA
232,20,98,#C8CFFA
233,20,98,#C8CEFA
234,20,98,#C8CDFA
235,20,98,#C8CCFA
236,20,98,#C8CBFA
237,20,98,#C8CAFA
238,20,98,#C8CAFA
239,20,98,#C8C9FA
240,20,98,#C8C8FA
241,20,98,#C9C8FA
242,20,98,#CAC8FA
243,20,98,#CAC8FA
244,20,98,#CBC8FA
245,20,98,#CCC8FA
246,20,98,#CDC8FA
247,20,98,#CEC8FA
248,20,98,#CFC8FA
249,20,98,#CFC8FA
250,20,98,#D0C8FA
251,20,98,#D1C8FA
252,20,98,#D2C8FA
253,20,98,#D3C8FA
254,20,98,#D4C8FA
255,20,98,#D4C8FA
256,20,98,#D5C8FA
257,20,98,#D6C8FA
258,20,98,#D7C8FA
259,20,98,#D8C8FA
260,20,98,#D9C8FA
261,20,98,#D9C8FA
262,20,98,#DAC8FA
263,20,98,#DBC8FA
264,20,98,#DCC8FA
265,20,98,#DDC8FA
266,20,98,#DEC8FA
267,20,98,#DEC8FA
268,20,98,#DFC8FA
269,20,98,#E0C8FA
270,20,98,#E1C8FA
271,20,98,#E2C8FA
272,20,98,#E3C8FA
273,20,98,#E3C8FA
274,20,98,#E4C8FA
275,20,98,#E5C8FA
276,20,98,#E6C8FA
277,20,98,#E7C8FA
278,20,98,#E8C8FA
279,20,98,#E8C8FA
280,20,98,#E9C8FA
281,20,98,#EAC8FA
282,20,98,#EBC8FA
283,20,98,#ECC8FA
284,20,98,#EDC8FA
285,20,98,#EDC8FA
286,20,98,#EEC8FA
287,20,98,#EFC8FA
288,20,98,#F0C8FA
289,20,98,#F1C8FA
290,20,98,#F2C8FA
291,20,98,#F2C8FA
292,20,98,#F3C8FA
293,20,98,#F4C8FA
294,20,98,#F5C8FA
295,20,98,#F6C8FA
296,20,98,#F7C8FA
297,20,98,#F7C8FA
298,20,98,#F8C8FA
299,20,98,#F9C8FA
300,20,98,#FAC8FA
301,20,98,#FAC8F9
302,20,98,#FAC8F8
303,20,98,#FAC8F7
304,20,98,#FAC8F7
305,20,98,#FAC8F6
306,20,98,#FAC8F5
307,20,98,#FAC8F4
308,20,98,#FAC8F3
309,20,98,#FAC8F2
310,20,98,#FAC8F2
311,20,98,#FAC8F1
312,20,98,#FAC8F0
313,20,98,#FAC8EF
314,20,98,#FAC8EE
315,20,98,#FAC8ED
316,20,98,#FAC8ED
317,20,98,#FAC8EC
318,20,98,#FAC8EB
319,20,98,#FAC8EA
320,20,98,#FAC8E9
321,20,98,#FAC8E8
322,20,98,#FAC8E8
323,20,98,#FAC8E7
324,20,98,#FAC8E6
325,20,98,#FAC8E5
326,20,98,#FAC8E4
327,20,98,#FAC8E3
328,20,98,#FAC8E3
329,20,98,#FAC8E2
330,20,98,#FAC8E1
331,20,98,#FAC8E0
332,20,98,#FAC8DF
333,20,98,#FAC8DE
334,20,98,#FAC8DE
335,20,98,#FAC8DD
336,20,98,#FAC8DC
337,20,98,#FAC8DB
338,20,98,#FAC8DA
339,20,98,#FAC8D9
340,20,98,#FAC8D9
341,20,98,#FAC8D8
342,20,98,#FAC8D7
343,20,98,#FAC8D6
344,20,98,#FAC8D5
345,20,98,#FAC8D4
346,20,98,#FAC8D4
347,20,98,#FAC8D3
348,20,98,#FAC8D2
349,20,98,#FAC8D1
350,20,98,#FAC8D0
351,20,98,#FAC8CF
352,20,98,#FAC8CF
353,20,98,#FAC8CE
354,20,98,#FAC8CD
355,20,98,#FAC8CC
356,20,98,#FAC8CB
357,20,98,#FAC8CA
358,20,98,#FAC8CA
359,20,98,#FAC8C9
0,19,98,#FACACA
1,19,98,#FACBCA
2,19,98,#FACCCA
3,19,98,#FACDCA
4,19,98,#FACECA
5,19,98,#FACECA
6,19,98,#FACFCA
7,19,98,#FAD0CA
8,19,98,#FAD1CA
9,19,98,#FAD2CA
10,19,98,#FAD2CA
11,19,98,#FAD3CA
12,19,98,#FAD4CA
13,19,98,#FAD5CA
14,19,98,#FAD5CA
15,19,98,#FAD6CA
16,19,98,#FAD7CA
17,19,98,#FAD8CA
18,19,98,#FAD9CA
19,19,98,#FAD9CA
20,19,98,#FADACA
21,19,98,#FADBCA
22,19,98,#FADCCA
23,19,98,#FADDCA
24,19,98,#FADDCA
25,19,98,#FADECA
26,19,98,#FADFCA
27,19,98,#FAE0CA
28,19,98,#FAE1CA
29,19,98,#FAE1CA
30,19,98,#FAE2CA
31,19,98,#FAE3CA
32,19,98,#FAE4CA
33,19,98,#FAE5CA
34,19,98,#FAE5CA
35,19,98,#FAE6CA
36,19,98,#FAE7CA
37,19,98,#FAE8CA
38,19,98,#FAE8CA
39,19,98,#FAE9CA
40,19,98,#FAEACA
41,19,98,#FAEBCA
42,19,98,#FAECCA
43,19,98,#FAECCA
44,19,98,#FAEDCA
45,19,98,#FAEECA
46,19,98,#FAEFCA
47,19,98,#FAF0CA
48,19,98,#FAF0CA
49,19,98,#FAF1CA
50,19,98,#FAF2CA
51,19,98,#FAF3CA
52,19,98,#FAF4CA
53,19,98,#FAF4CA
54,19,98,#FAF5CA
55,19,98,#FAF6CA
56,19,98,#FAF7CA
57,19,98,#FAF8CA
58,19,98,#FAF8CA
59,19,98,#FAF9CA
60,19,98,#FAFACA
61,19,98,#F9FACA
62,19,98,#F8FACA
63,19,98,#F8FACA
64,19,98,#F7FACA
65,19,98,#F6FACA
66,19,98,#F5FACA
67,19,98,#F4FACA
68,19,98,#F4FACA
69,19,98,#F3FACA
70,19,98,#F2FACA
71,19,98,#F1FACA
72,19,98,#F0FACA
73,19,98,#F0FACA
74,19,98,#EFFACA
75,19,98,#EEFACA
76,19,98,#EDFACA
77,19,98,#ECFACA
78,19,98,#ECFACA
79,19,98,#EBFACA
80,19,98,#EAFACA
81,19,98,#E9FACA
82,19,98,#E8FACA
83,19,98,#E8FACA
84,19,98,#E7FACA
85,19,98,#E6FACA
86,19,98,#E5FACA
87,19,98,#E5FACA
88,19,98,#E4FACA
89,19,98,#E3FACA
90,19,98,#E2FACA
91,19,98,#E1FACA
92,19,98,#E1FACA
93,19,98,#E0FACA
94,19,98,#DFFACA
95,19,98,#DEFACA
96,19,98,#DDFACA
97,19,98,#DDFACA
98,19,98,#DCFACA
99,19,98,#DBFACA
100,19,98,#DAFACA
101,19,98,#D9FACA
102,19,98,#D9FACA
103,19,98,#D8FACA
104,19,98,#D7FACA
105,19,98,#D6FACA
106,19,98,#D5FACA
107,19,98,#D5FACA
108,19,98,#D4FACA
109,19,98,#D3FACA
110,19,98,#D2FACA
111,19,98,#D2FACA
112,19,98,#D1FACA
113,19,98,#D0FACA
114,19,98,#CFFACA
115,19,98,#CEFACA
116,19,98,#CEFACA
117,19,98,#CDFACA
118,19,98,#CCFACA
119,19,98,#CBFACA
120,19,98,#CAFACA
121,19,98,#CAFACB
122,19,98,#CAFACC
123,19,98,#CAFACD
124,19,98,#CAFACE
125,19,98,#CAFACE
126,19,98,#CAFACF
127,19,98,#CAFAD0
128,19,98,#CAFAD1
129,19,98,#CAFAD2
130,19,98,#CAFAD2
131,19,98,#CAFAD3
132,19,98,#CAFAD4
133,19,98,#CAFAD5
134,19,98,#CAFAD5
135,19,98,#CAFAD6
136,19,98,#CAFAD7
137,19,98,#CAFAD8
138,19,98,#CAFAD9
139,19,98,#CAFAD9
140,19,98,#CAFADA
141,19,98,#CAFADB
142,19,98,#CAFADC
143,19,98,#CAFADD
144,19,98,#CAFADD
145,19,98,#CAFADE
146,19,98,#CAFADF
147,19,98,#CAFAE0
148,19,98,#CAFAE1
149,19,98,#CAFAE1
150,19,98,#CAFAE2
151,19,98,#CAFAE3
152,19,98,#CAFAE4
153,19,98,#CAFAE5
154,19,98,#CAFAE5
155,19,98,#CAFAE6
156,19,98,#CAFAE7
157,19,98,#CAFAE8
158,19,98,#CAFAE8
159,19,98,#CAFAE9
160,19,98,#CAFAEA
161,19,98,#CAFAEB
162,19,98,#CAFAEC
163,19,98,#CAFAEC
164,19,98,#CAFAED
165,19,98,#CAFAEE
166,19,98,#CAFAEF
167,19,98,#CAFAF0
168,19,98,#CAFAF0
169,19,98,#CAFAF1
170,19,98,#CAFAF2
171,19,98,#CAFAF3
172,19,98,#CAFAF4
173,19,98,#CAFAF4
174,19,98,#CAFAF5
175,19,98,#CAFAF6
176,19,98,#CAFAF7
177,19,98,#CAFAF8
178,19,98,#CAFAF8
179,19,98,#CAFAF9
180,19,98,#CAFAFA
181,19,98,#CAF9FA
182,19,98,#CAF8FA
183,19,98,#CAF8FA
184,19,98,#CAF7FA
185,19,98,#CAF6FA
186,19,98,#CAF5FA
187,19,98,#CAF4FA
188,19,98,#CAF4FA
189,19,98,#CAF3FA
190,19,98,#CAF2FA
191,19,98,#CAF1FA
192,19,98,#CAF0FA
193,19,98,#CAF0FA
194,19,98,#CAEFFA
195,19,98,#CAEEFA
196,19,98,#CAEDFA
197,19,98,#CAECFA
198,19,98,#CAECFA
199,19,98,#CAEBFA
200,19,98,#CAEAFA
201,19,98,#CAE9FA
202,19,98,#CAE8FA
203,19,98,#CAE8FA
204,19,98,#CAE7FA
205,19,98,#CAE6FA
206,19,98,#CAE5FA
207,19,98,#CAE5FA
208,19,98,#CAE4FA
209,19,98,#CAE3FA
210,19,98,#CAE2FA
211,19,98,#CAE1FA
212,19,98,#CAE1FA
213,19,98,#CAE0FA
214,19,98,#CADFFA
215,19,98,#CADEFA
216,19,98,#CADDFA
217,19,98,#CADDFA
218,19,98,#CADCFA
219,19,98,#CADBFA
220,19,98,#CADAFA
221,19,98,#CAD9FA
222,19,98,#CAD9FA
223,19,98,#CAD8FA
224,19,98,#CAD7FA
225,19,98,#CAD6FA
226,19,98,#CAD5FA
227,19,98,#CAD5FA
228,19,98,#CAD4FA
229,19,98,#CAD3FA
230,19,98,#CAD2FA
231,19,98,#CAD2FA
232,19,98,#CAD1FA
233,19,98,#CAD0FA
234,19,98,#CACFFA
235,19,98,#CACEFA
236,19,98,#CACEFA
237,19,98,#CACDFA
238,19,98,#CACCFA
239,19,98,#CACBFA
240,19,98,#CACAFA
241,19,98,#CBCAFA
242,19,98,#CCCAFA
243,19,98,#CDCAFA
244,19,98,#CECAFA
245,19,98,#CECAFA
246,19,98,#CFCAFA
247,19,98,#D0CAFA
248,19,98,#D1CAFA
249,19,98,#D2CAFA
250,19,98,#D2CAFA
251,19,98,#D3CAFA
252,19,98,#D4CAFA
253,19,98,#D5CAFA
254,19,98,#D5CAFA
255,19,98,#D6CAFA
256,19,98,#D7CAFA
257,19,98,#D8CAFA
258,19,98,#D9CAFA
259,19,98,#D9CAFA
260,19,98,#DACAFA
261,19,98,#DBCAFA
262,19,98,#DCCAFA
263,19,98,#DDCAFA
264,19,98,#DDCAFA
265,19,98,#DECAFA
266,19,98,#DFCAFA
267,19,98,#E0CAFA
268,19,98,#E1CAFA
269,19,98,#E1CAFA
270,19,98,#E2CAFA
271,19,98,#E3CAFA
272,19,98,#E4CAFA
273,19,98,#E5CAFA
274,19,98,#E5CAFA
275,19,98,#E6CAFA
276,19,98,#E7CAFA
277,19,98,#E8CAFA
278,19,98,#E8CAFA
279,19,98,#E9CAFA
280,19,98,#EACAFA
281,19,98,#EBCAFA
282,19,98,#ECCAFA
283,19,98,#ECCAFA
284,19,98,#EDCAFA
285,19,98,#EECAFA
286,19,98,#EFCAFA
287,19,98,#F0CAFA
288,19,98,#F0CAFA
289,19,98,#F1CAFA
290,19,98,#F2CAFA
291,19,98,#F3CAFA
292,19,98,#F4CAFA
293,19,98,#F4CAFA
294,19,98,#F5CAFA
295,19,98,#F6CAFA
296,19,98,#F7CAFA
297,19,98,#F8CAFA
298,19,98,#F8CAFA
299,19,98,#F9CAFA
300,19,98,#FACAFA
301,19,98,#FACAF9
302,19,98,#FACAF8
303,19,98,#FACAF8
304,19,98,#FACAF7
305,19,98,#FACAF6
306,19,98,#FACAF5
307,19,98,#FACAF4
308,19,98,#FACAF4
309,19,98,#FACAF3
310,19,98,#FACAF2
311,19,98,#FACAF1
312,19,98,#FACAF0
313,19,98,#FACAF0
314,19,98,#FACAEF
315,19,98,#FACAEE
316,19,98,#FACAED
317,19,98,#FACAEC
318,19,98,#FACAEC
319,19,98,#FACAEB
320,19,98,#FACAEA
321,19,98,#FACAE9
322,19,98,#FACAE8
323,19,98,#FACAE8
324,19,98,#FACAE7
325,19,98,#FACAE6
326,19,98,#FACAE5
327,19,98,#FACAE5
328,19,98,#FACAE4
329,19,98,#FACAE3
330,19,98,#FACAE2
331,19,98,#FACAE1
332,19,98,#FACAE1
333,19,98,#FACAE0
334,19,98,#FACADF
335,19,98,#FACADE
336,19,98,#FACADD
337,19,98,#FACADD
338,19,98,#FACADC
339,19,98,#FACADB
340,19,98,#FACADA
341,19,98,#FACAD9
342,19,98,#FACAD9
343,19,98,#FACAD8
344,19,98,#FACAD7
345,19,98,#FACAD6
346,19,98,#FACAD5
347,19,98,#FACAD5
348,19,98,#FACAD4
349,19,98,#FACAD3
350,19,98,#FACAD2
351,19,98,#FACAD2
352,19,98,#FACAD1
353,19,98,#FACAD0
354,19,98,#FACACF
355,19,98,#FACACE
356,19,98,#FACACE
357,19,98,#FACACD
358,19,98,#FACACC
359,19,98,#FACACB
0,18,98,#FACDCD
1,18,98,#FACECD
2,18,98,#FACECD
3,18,98,#FACFCD
4,18,98,#FAD0CD
5,18,98,#FAD1CD
6,18,98,#FAD1CD
7,18,98,#FAD2CD
8,18,98,#FAD3CD
9,18,98,#FAD4CD
10,18,98,#FAD4CD
11,18,98,#FAD5CD
12,18,98,#FAD6CD
13,18,98,#FAD7CD
14,18,98,#FAD7CD
15,18,98,#FAD8CD
16,18,98,#FAD9CD
17,18,98,#FADACD
18,18,98,#FADACD
19,18,98,#FADBCD
20,18,98,#FADCCD
21,18,98,#FADDCD
22,18,98,#FADDCD
23,18,98,#FADECD
24,18,98,#FADFCD
25,18,98,#FAE0CD
26,18,98,#FAE0CD
27,18,98,#FAE1CD
28,18,98,#FAE2CD
29,18,98,#FAE3CD
30,18,98,#FAE3CD
31,18,98,#FAE4CD
32,18,98,#FAE5CD
33,18,98,#FAE6CD
34,18,98,#FAE6CD
35,18,98,#FAE7CD
36,18,98,#FAE8CD
37,18,98,#FAE9CD
38,18,98,#FAE9CD
39,18,98,#FAEACD
40,18,98,#FAEBCD
41,18,98,#FAECCD
42,18,98,#FAECCD
43,18,98,#FAEDCD
44,18,98,#FAEECD
45,18,98,#FAEFCD
46,18,98,#FAEFCD
47,18,98,#FAF0CD
48,18,98,#FAF1CD
49,18,98,#FAF2CD
50,18,98,#FAF2CD
51,18,98,#FAF3CD
52,18,98,#FAF4CD
53,18,98,#FAF5CD
54,18,98,#FAF5CD
55,18,98,#FAF6CD
56,18,98,#FAF7CD
57,18,98,#FAF8CD
58,18,98,#FAF8CD
59,18,98,#FAF9CD
60,18,98,#FAFACD
61,18,98,#F9FACD
62,18,98,#F8FACD
63,18,98,#F8FACD
64,18,98,#F7FACD
65,18,98,#F6FACD
66,18,98,#F5FACD
67,18,98,#F5FACD
68,18,98,#F4FACD
69,18,98,#F3FACD
70,18,98,#F2FACD
71,18,98,#F2FACD
72,18,98,#F1FACD
73,18,98,#F0FACD
74,18,98,#EFFACD
75,18,98,#EFFACD
76,18,98,#EEFACD
77,18,98,#EDFACD
78,18,98,#ECFACD
79,18,98,#ECFACD
80,18,98,#EBFACD
81,18,98,#EAFACD
82,18,98,#E9FACD
83,18,98,#E9FACD
84,18,98,#E8FACD
85,18,98,#E7FACD
86,18,98,#E6FACD
87,18,98,#E6FACD
88,18,98,#E5FACD
89,18,98,#E4FACD
90,18,98,#E3FACD
91,18,98,#E3FACD
92,18,98,#E2FACD
93,18,98,#E1FACD
94,18,98,#E0FACD
95,18,98,#E0FACD
96,18,98,#DFFACD
97,18,98,#DEFACD
98,18,98,#DDFACD
99,18,98,#DDFACD
100,18,98,#DCFACD
101,18,98,#DBFACD
102,18,98,#DAFACD
103,18,98,#DAFACD
104,18,98,#D9FACD
105,18,98,#D8FACD
106,18,98,#D7FACD
107,18,98,#D7FACD
108,18,98,#D6FACD
109,18,98,#D5FACD
110,18,98,#D4FACD
111,18,98,#D4FACD
112,18,98,#D3FACD
113,18,98,#D2FACD
114,18,98,#D1FACD
115,18,98,#D1FACD
116,18,98,#D0FACD
117,18,98,#CFFACD
118,18,98,#CEFACD
119,18,98,#CEFACD
120,18,98,#CDFACD
121,18,98,#CDFACE
122,18,98,#CDFACE
123,18,98,#CDFACF
124,18,98,#CDFAD0
125,18,98,#CDFAD1
126,18,98,#CDFAD1
127,18,98,#CDFAD2
128,18,98,#CDFAD3
129,18,98,#CDFAD4
130,18,98,#CDFAD4
131,18,98,#CDFAD5
132,18,98,#CDFAD6
133,18,98,#CDFAD7
134,18,98,#CDFAD7
135,18,98,#CDFAD8
136,18,98,#CDFAD9
137,18,98,#CDFADA
138,18,98,#CDFADA
139,18,98,#CDFADB
140,18,98,#CDFADC
141,18,98,#CDFADD
142,18,98,#CDFADD
143,18,98,#CDFADE
144,18,98,#CDFADF
145,18,98,#CDFAE0
146,18,98,#CDFAE0
147,18,98,#CDFAE1
148,18,98,#CDFAE2
149,18,98,#CDFAE3
150,18,98,#CDFAE3
151,18,98,#CDFAE4
152,18,98,#CDFAE5
153,18,98,#CDFAE6
154,18,98,#CDFAE6
155,18,98,#CDFAE7
156,18,98,#CDFAE8
157,18,98,#CDFAE9
158,18,98,#CDFAE9
159,18,98,#CDFAEA
160,18,98,#CDFAEB
161,18,98,#CDFAEC
162,18,98,#CDFAEC
163,18,98,#CDFAED
164,18,98,#CDFAEE
165,18,98,#CDFAEF
166,18,98,#CDFAEF
167,18,98,#CDFAF0
168,18,98,#CDFAF1
169,18,98,#CDFAF2
170,18,98,#CDFAF2
171,18,98,#CDFAF3
172,18,98,#CDFAF4
173,18,98,#CDFAF5
174,18,98,#CDFAF5
175,18,98,#CDFAF6
176,18,98,#CDFAF7
177,18,98,#CDFAF8
178,18,98,#CDFAF8
179,18,98,#CDFAF9
180,18,98,#CDFAFA
181,18,98,#CDF9FA
182,18,98,#CDF8FA
183,18,98,#CDF8FA
184,18,98,#CDF7FA
185,18,98,#CDF6FA
186,18,98,#CDF5FA
187,18,98,#CDF5FA
188,18,98,#CDF4FA
189,18,98,#CDF3FA
190,18,98,#CDF2FA
191,18,98,#CDF2FA
192,18,98,#CDF1FA
193,18,98,#CDF0FA
194,18,98,#CDEFFA
195,18,98,#CDEFFA
196,18,98,#CDEEFA
197,18,98,#CDEDFA
198,18,98,#CDECFA
199,18,98,#CDECFA
200,18,98,#CDEBFA
201,18,98,#CDEAFA
202,18,98,#CDE9FA
203,18,98,#CDE9FA
204,18,98,#CDE8FA
205,18,98,#CDE7FA
206,18,98,#CDE6FA
207,18,98,#CDE6FA
208,18,98,#CDE5FA
209,18,98,#CDE4FA
210,18,98,#CDE3FA
211,18,98,#CDE3FA
212,18,98,#CDE2FA
213,18,98,#CDE1FA
214,18,98,#CDE0FA
215,18,98,#CDE0FA
216,18,98,#CDDFFA
217,18,98,#CDDEFA
218,18,98,#CDDDFA
219,18,98,#CDDDFA
220,18,98,#CDDCFA
221,18,98,#CDDBFA
222,18,98,#CDDAFA
223,18,98,#CDDAFA
224,18,98,#CDD9FA
225,18,98,#CDD8FA
226,18,98,#CDD7FA
227,18,98,#CDD7FA
228,18,98,#CDD6FA
229,18,98,#CDD5FA
230,18,98,#CDD4FA
231,18,98,#CDD4FA
232,18,98,#CDD3FA
233,18,98,#CDD2FA
234,18,98,#CDD1FA
235,18,98,#CDD1FA
236,18,98,#CDD0FA
237,18,98,#CDCFFA
238,18,98,#CDCEFA
239,18,98,#CDCEFA
240,18,98,#CDCDFA
241,18,98,#CECDFA
242,18,98,#CECDFA
243,18,98,#CFCDFA
244,18,98,#D0CDFA
245,18,98,#D1CDFA
246,18,98,#D1CDFA
247,18,98,#D2CDFA
248,18,98,#D3CDFA
249,18,98,#D4CDFA
250,18,98,#D4CDFA
251,18,98,#D5CDFA
252,18,98,#D6CDFA
253,18,98,#D7CDFA
254,18,98,#D7CDFA
255,18,98,#D8CDFA
256,18,98,#D9CDFA
257,18,98,#DACDFA
258,18,98,#DACDFA
259,18,98,#DBCDFA
260,18,98,#DCCDFA
261,18,98,#DDCDFA
262,18,98,#DDCDFA
263,18,98,#DECDFA
264,18,98,#DFCDFA
265,18,98,#E0CDFA
266,18,98,#E0CDFA
267,18,98,#E1CDFA
268,18,98,#E2CDFA
269,18,98,#E3CDFA
270,18,98,#E3CDFA
271,18,98,#E4CDFA
272,18,98,#E5CDFA
273,18,98,#E6CDFA
274,18,98,#E6CDFA
275,18,98,#E7CDFA
276,18,98,#E8CDFA
277,18,98,#E9CDFA
278,18,98,#E9CDFA
279,18,98,#EACDFA
280,18,98,#EBCDFA
281,18,98,#ECCDFA
282,18,98,#ECCDFA
283,18,98,#EDCDFA
284,18,98,#EECDFA
285,18,98,#EFCDFA
286,18,98,#EFCDFA
287,18,98,#F0CDFA
288,18,98,#F1CDFA
289,18,98,#F2CDFA
290,18,98,#F2CDFA
291,18,98,#F3CDFA
292,18,98,#F4CDFA
293,18,98,#F5CDFA
294,18,98,#F5CDFA
295,18,98,#F6CDFA
296,18,98,#F7CDFA
297,18,98,#F8CDFA
298,18,98,#F8CDFA
299,18,98,#F9CDFA
300,18,98,#FACDFA
301,18,98,#FACDF9
302,18,98,#FACDF8
303,18,98,#FACDF8
304,18,98,#FACDF7
305,18,98,#FACDF6
306,18,98,#FACDF5
307,18,98,#FACDF5
308,18,98,#FACDF4
309,18,98,#FACDF3
310,18,98,#FACDF2
311,18,98,#FACDF2
312,18,98,#FACDF1
313,18,98,#FACDF0
314,18,98,#FACDEF
315,18,98,#FACDEF
316,18,98,#FACDEE
317,18,98,#FACDED
318,18,98,#FACDEC
319,18,98,#FACDEC
320,18,98,#FACDEB
321,18,98,#FACDEA
322,18,98,#FACDE9
323,18,98,#FACDE9
324,18,98,#FACDE8
325,18,98,#FACDE7
326,18,98,#FACDE6
327,18,98,#FACDE6
328,18,98,#FACDE5
329,18,98,#FACDE4
330,18,98,#FACDE3
331,18,98,#FACDE3
332,18,98,#FACDE2
333,18,98,#FACDE1
334,18,98,#FACDE0
335,18,98,#FACDE0
336,18,98,#FACDDF
337,18,98,#FACDDE
338,18,98,#FACDDD
339,18,98,#FACDDD
340,18,98,#FACDDC
341,18,98,#FACDDB
342,18,98,#FACDDA
343,18,98,#FACDDA
344,18,98,#FACDD9
345,18,98,#FACDD8
346,18,98,#FACDD7
347,18,98,#FACDD7
348,18,98,#FACDD6
349,18,98,#FACDD5
350,18,98,#FACDD4
351,18,98,#FACDD4
352,18,98,#FACDD3
353,18,98,#FACDD2
354,18,98,#FACDD1
355,18,98,#FACDD1
356,18,98,#FACDD0
357,18,98,#FACDCF
358,18,98,#FACDCE
359,18,98,#FACDCE
0,17,98,#FACFCF
1,17,98,#FAD0CF
2,17,98,#FAD1CF
3,17,98,#FAD2CF
4,17,98,#FAD2CF
5,17,98,#FAD3CF
6,17,98,#FAD4CF
7,17,98,#FAD4CF
8,17,98,#FAD5CF
9,17,98,#FAD6CF
10,17,98,#FAD6CF
11,17,98,#FAD7CF
12,17,98,#FAD8CF
13,17,98,#FAD9CF
14,17,98,#FAD9CF
15,17,98,#FADACF
16,17,98,#FADBCF
17,17,98,#FADBCF
18,17,98,#FADCCF
19,17,98,#FADDCF
20,17,98,#FADECF
21,17,98,#FADECF
22,17,98,#FADFCF
23,17,98,#FAE0CF
24,17,98,#FAE0CF
25,17,98,#FAE1CF
26,17,98,#FAE2CF
27,17,98,#FAE3CF
28,17,98,#FAE3CF
29,17,98,#FAE4CF
30,17,98,#FAE5CF
31,17,98,#FAE5CF
32,17,98,#FAE6CF
33,17,98,#FAE7CF
34,17,98,#FAE7CF
35,17,98,#FAE8CF
36,17,98,#FAE9CF
37,17,98,#FAEACF
38,17,98,#FAEACF
39,17,98,#FAEBCF
40,17,98,#FAECCF
41,17,98,#FAECCF
42,17,98,#FAEDCF
43,17,98,#FAEECF
44,17,98,#FAEFCF
45,17,98,#FAEFCF
46,17,98,#FAF0CF
47,17,98,#FAF1CF
48,17,98,#FAF1CF
49,17,98,#FAF2CF
50,17,98,#FAF3CF
51,17,98,#FAF4CF
52,17,98,#FAF4CF
53,17,98,#FAF5CF
54,17,98,#FAF6CF
55,17,98,#FAF6CF
56,17,98,#FAF7CF
57,17,98,#FAF8CF
58,17,98,#FAF8CF
59,17,98,#FAF9CF
60,17,98,#FAFACF
61,17,98,#F9FACF
62,17,98,#F8FACF
63,17,98,#F8FACF
64,17,98,#F7FACF
65,17,98,#F6FACF
66,17,98,#F6FACF
67,17,98,#F5FACF
68,17,98,#F4FACF
69,17,98,#F4FACF
70,17,98,#F3FACF
71,17,98,#F2FACF
72,17,98,#F1FACF
73,17,98,#F1FACF
74,17,98,#F0FACF
75,17,98,#EFFACF
76,17,98,#EFFACF
77,17,98,#EEFACF
78,17,98,#EDFACF
79,17,98,#ECFACF
80,17,98,#ECFACF
81,17,98,#EBFACF
82,17,98,#EAFACF
83,17,98,#EAFACF
84,17,98,#E9FACF
85,17,98,#E8FACF
86,17,98,#E7FACF
87,17,98,#E7FACF
88,17,98,#E6FACF
89,17,98,#E5FACF
90,17,98,#E5FACF
91,17,98,#E4FACF
92,17,98,#E3FACF
93,17,98,#E3FACF
94,17,98,#E2FACF
95,17,98,#E1FACF
96,17,98,#E0FACF
97,17,98,#E0FACF
98,17,98,#DFFACF
99,17,98,#DEFACF
100,17,98,#DEFACF
101,17,98,#DDFACF
102,17,98,#DCFACF
103,17,98,#DBFACF
104,17,98,#DBFACF
105,17,98,#DAFACF
106,17,98,#D9FACF
107,17,98,#D9FACF
108,17,98,#D8FACF
109,17,98,#D7FACF
110,17,98,#D6FACF
111,17,98,#D6FACF
112,17,98,#D5FACF
113,17,98,#D4FACF
114,17,98,#D4FACF
115,17,98,#D3FACF
116,17,98,#D2FACF
117,17,98,#D2FACF
118,17,98,#D1FACF
119,17,98,#D0FACF
120,17,98,#CFFACF
121,17,98,#CFFAD0
122,17,98,#CFFAD1
123,17,98,#CFFAD2
124,17,98,#CFFAD2
125,17,98,#CFFAD3
126,17,98,#CFFAD4
127,17,98,#CFFAD4
128,17,98,#CFFAD5
129,17,98,#CFFAD6
130,17,98,#CFFAD6
131,17,98,#CFFAD7
132,17,98,#CFFAD8
133,17,98,#CFFAD9
134,17,98,#CFFAD9
135,17,98,#CFFADA
136,17,98,#CFFADB
137,17,98,#CFFADB
138,17,98,#CFFADC
139,17,98,#CFFADD
140,17,98,#CFFADE
141,17,98,#CFFADE
142,17,98,#CFFADF
143,17,98,#CFFAE0
144,17,98,#CFFAE0
145,17,98,#CFFAE1
146,17,98,#CFFAE2
147,17,98,#CFFAE3
148,17,98,#CFFAE3
149,17,98,#CFFAE4
150,17,98,#CFFAE5
151,17,98,#CFFAE5
152,17,98,#CFFAE6
153,17,98,#CFFAE7
154,17,98,#CFFAE7
155,17,98,#CFFAE8
156,17,98,#CFFAE9
157,17,98,#CFFAEA
158,17,98,#CFFAEA
159,17,98,#CFFAEB
160,17,98,#CFFAEC
161,17,98,#CFFAEC
162,17,98,#CFFAED
163,17,98,#CFFAEE
164,17,98,#CFFAEF
165,17,98,#CFFAEF
166,17,98,#CFFAF0
167,17,98,#CFFAF1
168,17,98,#CFFAF1
169,17,98,#CFFAF2
170,17,98,#CFFAF3
171,17,98,#CFFAF4
172,17,98,#CFFAF4
173,17,98,#CFFAF5
174,17,98,#CFFAF6
175,17,98,#CFFAF6
176,17,98,#CFFAF7
177,17,98,#CFFAF8
178,17,98,#CFFAF8
179,17,98,#CFFAF9
180,17,98,#CFFAFA
181,17,98,#CFF9FA
182,17,98,#CFF8FA
183,17,98,#CFF8FA
184,17,98,#CFF7FA
185,17,98,#CFF6FA
186,17,98,#CFF6FA
187,17,98,#CFF5FA
188,17,98,#CFF4FA
189,17,98,#CFF4FA
190,17,98,#CFF3FA
191,17,98,#CFF2FA
192,17,98,#CFF1FA
193,17,98,#CFF1FA
194,17,98,#CFF0FA
195,17,98,#CFEFFA
196,17,98,#CFEFFA
197,17,98,#CFEEFA
198,17,98,#CFEDFA
199,17,98,#CFECFA
200,17,98,#CFECFA
201,17,98,#CFEBFA
202,17,98,#CFEAFA
203,17,98,#CFEAFA
204,17,98,#CFE9FA
205,17,98,#CFE8FA
206,17,98,#CFE7FA
207,17,98,#CFE7FA
208,17,98,#CFE6FA
209,17,98,#CFE5FA
210,17,98,#CFE5FA
211,17,98,#CFE4FA
212,17,98,#CFE3FA
213,17,98,#CFE3FA
214,17,98,#CFE2FA
215,17,98,#CFE1FA
216,17,98,#CFE0FA
217,17,98,#CFE0FA
218,17,98,#CFDFFA
219,17,98,#CFDEFA
220,17,98,#CFDEFA
221,17,98,#CFDDFA
222,17,98,#CFDCFA
223,17,98,#CFDBFA
224,17,98,#CFDBFA
225,17,98,#CFDAFA
226,17,98,#CFD9FA
227,17,98,#CFD9FA
228,17,98,#CFD8FA
229,17,98,#CFD7FA
230,17,98,#CFD6FA
231,17,98,#CFD6FA
232,17,98,#CFD5FA
233,17,98,#CFD4FA
234,17,98,#CFD4FA
235,17,98,#CFD3FA
236,17,98,#CFD2FA
237,17,98,#CFD2FA
238,17,98,#CFD1FA
239,17,98,#CFD0FA
240,17,98,#CFCFFA
241,17,98,#D0CFFA
242,17,98,#D1CFFA
243,17,98,#D2CFFA
244,17,98,#D2CFFA
245,17,98,#D3CFFA
246,17,98,#D4CFFA
247,17,98,#D4CFFA
248,17,98,#D5CFFA
249,17,98,#D6CFFA
250,17,98,#D6CFFA
251,17,98,#D7CFFA
252,17,98,#D8CFFA
253,17,98,#D9CFFA
254,17,98,#D9CFFA
255,17,98,#DACFFA
256,17,98,#DBCFFA
257,17,98,#DBCFFA
258,17,98,#DCCFFA
259,17,98,#DDCFFA
260,17,98,#DECFFA
261,17,98,#DECFFA
262,17,98,#DFCFFA
263,17,98,#E0CFFA
264,17,98,#E0CFFA
265,17,98,#E1CFFA
266,17,98,#E2CFFA
267,17,98,#E3CFFA
268,17,98,#E3CFFA
269,17,98,#E4CFFA
270,17,98,#E5CFFA
271,17,98,#E5CFFA
272,17,98,#E6CFFA
273,17,98,#E7CFFA
274,17,98,#E7CFFA
275,17,98,#E8CFFA
276,17,98,#E9CFFA
277,17,98,#EACFFA
278,17,98,#EACFFA
279,17,98,#EBCFFA
280,17,98,#ECCFFA
281,17,98,#ECCFFA
282,17,98,#EDCFFA
283,17,98,#EECFFA
284,17,98,#EFCFFA
285,17,98,#EFCFFA
286,17,98,#F0CFFA
287,17,98,#F1CFFA
288,17,98,#F1CFFA
289,17,98,#F2CFFA
290,17,98,#F3CFFA
291,17,98,#F4CFFA
292,17,98,#F4CFFA
293,17,98,#F5CFFA
294,17,98,#F6CFFA
295,17,98,#F6CFFA
296,17,98,#F7CFFA
297,17,98,#F8CFFA
298,17,98,#F8CFFA
299,17,98,#F9CFFA
300,17,98,#FACFFA
301,17,98,#FACFF9
302,17,98,#FACFF8
303,17,98,#FACFF8
304,17,98,#FACFF7
305,17,98,#FACFF6
306,17,98,#FACFF6
307,17,98,#FACFF5
308,17,98,#FACFF4
309,17,98,#FACFF4
310,17,98,#FACFF3
311,17,98,#FACFF2
312,17,98,#FACFF1
313,17,98,#FACFF1
314,17,98,#FACFF0
315,17,98,#FACFEF
316,17,98,#FACFEF
317,17,98,#FACFEE
318,17,98,#FACFED
319,17,98,#FACFEC
320,17,98,#FACFEC
321,17,98,#FACFEB
322,17,98,#FACFEA
323,17,98,#FACFEA
324,17,98,#FACFE9
325,17,98,#FACFE8
326,17,98,#FACFE7
327,17,98,#FACFE7
328,17,98,#FACFE6
329,17,98,#FACFE5
330,17,98,#FACFE5
331,17,98,#FACFE4
332,17,98,#FACFE3
333,17,98,#FACFE3
334,17,98,#FACFE2
335,17,98,#FACFE1
336,17,98,#FACFE0
337,17,98,#FACFE0
338,17,98,#FACFDF
339,17,98,#FACFDE
340,17,98,#FACFDE
341,17,98,#FACFDD
342,17,98,#FACFDC
343,17,98,#FACFDB
344,17,98,#FACFDB
345,17,98,#FACFDA
346,17,98,#FACFD9
347,17,98,#FACFD9
348,17,98,#FACFD8
349,17,98,#FACFD7
350,17,98,#FACFD6
351,17,98,#FACFD6
352,17,98,#FACFD5
353,17,98,#FACFD4
354,17,98,#FACFD4
355,17,98,#FACFD3
356,17,98,#FACFD2
357,17,98,#FACFD2
358,17,98,#FACFD1
359,17,98,#FACFD0
0,16,98,#FAD2D2
1,16,98,#FAD3D2
2,16,98,#FAD3D2
3,16,98,#FAD4D2
4,16,98,#FAD5D2
5,16,98,#FAD5D2
6,16,98,#FAD6D2
7,16,98,#FAD7D2
8,16,98,#FAD7D2
9,16,98,#FAD8D2
10,16,98,#FAD9D2
11,16,98,#FAD9D2
12,16,98,#FADAD2
13,16,98,#FADBD2
14,16,98,#FADBD2
15,16,98,#FADCD2
16,16,98,#FADDD2
17,16,98,#FADDD2
18,16,98,#FADED2
19,16,98,#FADFD2
20,16,98,#FADFD2
21,16,98,#FAE0D2
22,16,98,#FAE1D2
23,16,98,#FAE1D2
24,16,98,#FAE2D2
25,16,98,#FAE3D2
26,16,98,#FAE3D2
27,16,98,#FAE4D2
28,16,98,#FAE5D2
29,16,98,#FAE5D2
30,16,98,#FAE6D2
31,16,98,#FAE7D2
32,16,98,#FAE7D2
33,16,98,#FAE8D2
34,16,98,#FAE9D2
35,16,98,#FAE9D2
36,16,98,#FAEAD2
37,16,98,#FAEBD2
38,16,98,#FAEBD2
39,16,98,#FAECD2
40,16,98,#FAEDD2
41,16,98,#FAEDD2
42,16,98,#FAEED2
43,16,98,#FAEFD2
44,16,98,#FAEFD2
45,16,98,#FAF0D2
46,16,98,#FAF1D2
47,16,98,#FAF1D2
48,16,98,#FAF2D2
49,16,98,#FAF3D2
50,16,98,#FAF3D2
51,16,98,#FAF4D2
52,16,98,#FAF5D2
53,16,98,#FAF5D2
54,16,98,#FAF6D2
55,16,98,#FAF7D2
56,16,98,#FAF7D2
57,16,98,#FAF8D2
58,16,98,#FAF9D2
59,16,98,#FAF9D2
60,16,98,#FAFAD2
61,16,98,#F9FAD2
62,16,98,#F9FAD2
63,16,98,#F8FAD2
64,16,98,#F7FAD2
65,16,98,#F7FAD2
66,16,98,#F6FAD2
67,16,98,#F5FAD2
68,16,98,#F5FAD2
69,16,98,#F4FAD2
70,16,98,#F3FAD2
71,16,98,#F3FAD2
72,16,98,#F2FAD2
73,16,98,#F1FAD2
74,16,98,#F1FAD2
75,16,98,#F0FAD2
76,16,98,#EFFAD2
77,16,98,#EFFAD2
78,16,98,#EEFAD2
79,16,98,#EDFAD2
80,16,98,#EDFAD2
81,16,98,#ECFAD2
82,16,98,#EBFAD2
83,16,98,#EBFAD2
84,16,98,#EAFAD2
85,16,98,#E9FAD2
86,16,98,#E9FAD2
87,16,98,#E8FAD2
88,16,98,#E7FAD2
89,16,98,#E7FAD2
90,16,98,#E6FAD2
91,16,98,#E5FAD2
92,16,98,#E5FAD2
93,16,98,#E4FAD2
94,16,98,#E3FAD2
95,16,98,#E3FAD2
96,16,98,#E2FAD2
97,16,98,#E1FAD2
98,16,98,#E1FAD2
99,16,98,#E0FAD2
100,16,98,#DFFAD2
101,16,98,#DFFAD2
102,16,98,#DEFAD2
103,16,98,#DDFAD2
104,16,98,#DDFAD2
105,16,98,#DCFAD2
106,16,98,#DBFAD2
107,16,98,#DBFAD2
108,16,98,#DAFAD2
109,16,98,#D9FAD2
110,16,98,#D9FAD2
111,16,98,#D8FAD2
112,16,98,#D7FAD2
113,16,98,#D7FAD2
114,16,98,#D6FAD2
115,16,98,#D5FAD2
116,16,98,#D5FAD2
117,16,98,#D4FAD2
118,16,98,#D3FAD2
119,16,98,#D3FAD2
120,16,98,#D2FAD2
121,16,98,#D2FAD3
122,16,98,#D2FAD3
123,16,98,#D2FAD4
124,16,98,#D2FAD5
125,16,98,#D2FAD5
126,16,98,#D2FAD6
127,16,98,#D2FAD7
128,16,98,#D2FAD7
129,16,98,#D2FAD8
130,16,98,#D2FAD9
131,16,98,#D2FAD9
132,16,98,#D2FADA
133,16,98,#D2FADB
134,16,98,#D2FADB
135,16,98,#D2FADC
136,16,98,#D2FADD
137,16,98,#D2FADD
138,16,98,#D2FADE
139,16,98,#D2FADF
140,16,98,#D2FADF
141,16,98,#D2FAE0
142,16,98,#D2FAE1
143,16,98,#D2FAE1
144,16,98,#D2FAE2
145,16,98,#D2FAE3
146,16,98,#D2FAE3
147,16,98,#D2FAE4
148,16,98,#D2FAE5
149,16,98,#D2FAE5
150,16,98,#D2FAE6
151,16,98,#D2FAE7
152,16,98,#D2FAE7
153,16,98,#D2FAE8
154,16,98,#D2FAE9
155,16,98,#D2FAE9
156,16,98,#D2FAEA
157,16,98,#D2FAEB
158,16,98,#D2FAEB
159,16,98,#D2FAEC
160,16,98,#D2FAED
161,16,98,#D2FAED
162,16,98,#D2FAEE
163,16,98,#D2FAEF
164,16,98,#D2FAEF
165,16,98,#D2FAF0
166,16,98,#D2FAF1
167,16,98,#D2FAF1
168,16,98,#D2FAF2
169,16,98,#D2FAF3
170,16,98,#D2FAF3
171,16,98,#D2FAF4
172,16,98,#D2FAF5
173,16,98,#D2FAF5
174,16,98,#D2FAF6
175,16,98,#D2FAF7
176,16,98,#D2FAF7
177,16,98,#D2FAF8
178,16,98,#D2FAF9
179,16,98,#D2FAF9
180,16,98,#D2FAFA
181,16,98,#D2F9FA
182,16,98,#D2F9FA
183,16,98,#D2F8FA
184,16,98,#D2F7FA
185,16,98,#D2F7FA
186,16,98,#D2F6FA
187,16,98,#D2F5FA
188,16,98,#D2F5FA
189,16,98,#D2F4FA
190,16,98,#D2F3FA
191,16,98,#D2F3FA
192,16,98,#D2F2FA
193,16,98,#D2F1FA
194,16,98,#D2F1FA
195,16,98,#D2F0FA
196,16,98,#D2EFFA
197,16,98,#D2EFFA
198,16,98,#D2EEFA
199,16,98,#D2EDFA
200,16,98,#D2EDFA
201,16,98,#D2ECFA
202,16,98,#D2EBFA
203,16,98,#D2EBFA
204,16,98,#D2EAFA
205,16,98,#D2E9FA
206,16,98,#D2E9FA
207,16,98,#D2E8FA
208,16,98,#D2E7FA
209,16,98,#D2E7FA
210,16,98,#D2E6FA
211,16,98,#D2E5FA
212,16,98,#D2E5FA
213,16,98,#D2E4FA
214,16,98,#D2E3FA
215,16,98,#D2E3FA
216,16,98,#D2E2FA
217,16,98,#D2E1FA
218,16,98,#D2E1FA
219,16,98,#D2E0FA
220,16,98,#D2DFFA
221,16,98,#D2DFFA
222,16,98,#D2DEFA
223,16,98,#D2DDFA
224,16,98,#D2DDFA
225,16,98,#D2DCFA
226,16,98,#D2DBFA
227,16,98,#D2DBFA
228,16,98,#D2DAFA
229,16,98,#D2D9FA
230,16,98,#D2D9FA
231,16,98,#D2D8FA
232,16,98,#D2D7FA
233,16,98,#D2D7FA
234,16,98,#D2D6FA
235,16,98,#D2D5FA
236,16,98,#D2D5FA
237,16,98,#D2D4FA
238,16,98,#D2D3FA
239,16,98,#D2D3FA
240,16,98,#D2D2FA
241,16,98,#D3D2FA
242,16,98,#D3D2FA
243,16,98,#D4D2FA
244,16,98,#D5D2FA
245,16,98,#D5D2FA
246,16,98,#D6D2FA
247,16,98,#D7D2FA
248,16,98,#D7D2FA
249,16,98,#D8D2FA
250,16,98,#D9D2FA
251,16,98,#D9D2FA
252,16,98,#DAD2FA
253,16,98,#DBD2FA
254,16,98,#DBD2FA
255,16,98,#DCD2FA
256,16,98,#DDD2FA
257,16,98,#DDD2FA
258,16,98,#DED2FA
259,16,98,#DFD2FA
260,16,98,#DFD2FA
261,16,98,#E0D2FA
262,16,98,#E1D2FA
263,16,98,#E1D2FA
264,16,98,#E2D2FA
265,16,98,#E3D2FA
266,16,98,#E3D2FA
267,16,98,#E4D2FA
268,16,98,#E5D2FA
269,16,98,#E5D2FA
270,16,98,#E6D2FA
271,16,98,#E7D2FA
272,16,98,#E7D2FA
273,16,98,#E8D2FA
274,16,98,#E9D2FA
275,16,98,#E9D2FA
276,16,98,#EAD2FA
277,16,98,#EBD2FA
278,16,98,#EBD2FA
279,16,98,#ECD2FA
280,16,98,#EDD2FA
281,16,98,#EDD2FA
282,16,98,#EED2FA
283,16,98,#EFD2FA
284,16,98,#EFD2FA
285,16,98,#F0D2FA
286,16,98,#F1D2FA
287,16,98,#F1D2FA
288,16,98,#F2D2FA
289,16,98,#F3D2FA
290,16,98,#F3D2FA
291,16,98,#F4D2FA
292,16,98,#F5D2FA
293,16,98,#F5D2FA
294,16,98,#F6D2FA
295,16,98,#F7D2FA
296,16,98,#F7D2FA
297,16,98,#F8D2FA
298,16,98,#F9D2FA
299,16,98,#F9D2FA
300,16,98,#FAD2FA
301,16,98,#FAD2F9
302,16,98,#FAD2F9
303,16,98,#FAD2F8
304,16,98,#FAD2F7
305,16,98,#FAD2F7
306,16,98,#FAD2F6
307,16,98,#FAD2F5
308,16,98,#FAD2F5
309,16,98,#FAD2F4
310,16,98,#FAD2F3
311,16,98,#FAD2F3
312,16,98,#FAD2F2
313,16,98,#FAD2F1
314,16,98,#FAD2F1
315,16,98,#FAD2F0
316,16,98,#FAD2EF
317,16,98,#FAD2EF
318,16,98,#FAD2EE
319,16,98,#FAD2ED
320,16,98,#FAD2ED
321,16,98,#FAD2EC
322,16,98,#FAD2EB
323,16,98,#FAD2EB
324,16,98,#FAD2EA
325,16,98,#FAD2E9
326,16,98,#FAD2E9
327,16,98,#FAD2E8
328,16,98,#FAD2E7
329,16,98,#FAD2E7
330,16,98,#FAD2E6
331,16,98,#FAD2E5
332,16,98,#FAD2E5
333,16,98,#FAD2E4
334,16,98,#FAD2E3
335,16,98,#FAD2E3
336,16,98,#FAD2E2
337,16,98,#FAD2E1
338,16,98,#FAD2E1
339,16,98,#FAD2E0
340,16,98,#FAD2DF
341,16,98,#FAD2DF
342,16,98,#FAD2DE
343,16,98,#FAD2DD
344,16,98,#FAD2DD
345,16,98,#FAD2DC
346,16,98,#FAD2DB
347,16,98,#FAD2DB
348,16,98,#FAD2DA
349,16,98,#FAD2D9
350,16,98,#FAD2D9
351,16,98,#FAD2D8
352,16,98,#FAD2D7
353,16,98,#FAD2D7
354,16,98,#FAD2D6
355,16,98,#FAD2D5
356,16,98,#FAD2D5
357,16,98,#FAD2D4
358,16,98,#FAD2D3
359,16,98,#FAD2D3
0,15,98,#FAD4D4
1,15,98,#FAD5D4
2,15,98,#FAD6D4
3,15,98,#FAD6D4
4,15,98,#FAD7D4
5,15,98,#FAD8D4
6,15,98,#FAD8D4
7,15,98,#FAD9D4
8,15,98,#FAD9D4
9,15,98,#FADAD4
10,15,98,#FADBD4
11,15,98,#FADBD4
12,15,98,#FADCD4
13,15,98,#FADDD4
14,15,98,#FADDD4
15,15,98,#FADED4
16,15,98,#FADED4
17,15,98,#FADFD4
18,15,98,#FAE0D4
19,15,98,#FAE0D4
20,15,98,#FAE1D4
21,15,98,#FAE2D4
22,15,98,#FAE2D4
23,15,98,#FAE3D4
24,15,98,#FAE3D4
25,15,98,#FAE4D4
26,15,98,#FAE5D4
27,15,98,#FAE5D4
28,15,98,#FAE6D4
29,15,98,#FAE7D4
30,15,98,#FAE7D4
31,15,98,#FAE8D4
32,15,98,#FAE8D4
33,15,98,#FAE9D4
34,15,98,#FAEAD4
35,15,98,#FAEAD4
36,15,98,#FAEBD4
37,15,98,#FAECD4
38,15,98,#FAECD4
39,15,98,#FAEDD4
40,15,98,#FAEDD4
41,15,98,#FAEED4
42,15,98,#FAEFD4
43,15,98,#FAEFD4
44,15,98,#FAF0D4
45,15,98,#FAF1D4
46,15,98,#FAF1D4
47,15,98,#FAF2D4
48,15,98,#FAF2D4
49,15,98,#FAF3D4
50,15,98,#FAF4D4
51,15,98,#FAF4D4
52,15,98,#FAF5D4
53,15,98,#FAF6D4
54,15,98,#FAF6D4
55,15,98,#FAF7D4
56,15,98,#FAF7D4
57,15,98,#FAF8D4
58,15,98,#FAF9D4
59,15,98,#FAF9D4
60,15,98,#FAFAD4
61,15,98,#F9FAD4
62,15,98,#F9FAD4
63,15,98,#F8FAD4
64,15,98,#F7FAD4
65,15,98,#F7FAD4
66,15,98,#F6FAD4
67,15,98,#F6FAD4
68,15,98,#F5FAD4
69,15,98,#F4FAD4
70,15,98,#F4FAD4
71,15,98,#F3FAD4
72,15,98,#F2FAD4
73,15,98,#F2FAD4
74,15,98,#F1FAD4
75,15,98,#F1FAD4
76,15,98,#F0FAD4
77,15,98,#EFFAD4
78,15,98,#EFFAD4
79,15,98,#EEFAD4
80,15,98,#EDFAD4
81,15,98,#EDFAD4
82,15,98,#ECFAD4
83,15,98,#ECFAD4
84,15,98,#EBFAD4
85,15,98,#EAFAD4
86,15,98,#EAFAD4
87,15,98,#E9FAD4
88,15,98,#E8FAD4
89,15,98,#E8FAD4
90,15,98,#E7FAD4
91,15,98,#E7FAD4
92,15,98,#E6FAD4
93,15,98,#E5FAD4
94,15,98,#E5FAD4
95,15,98,#E4FAD4
96,15,98,#E3FAD4
97,15,98,#E3FAD4
98,15,98,#E2FAD4
99,15,98,#E2FAD4
100,15,98,#E1FAD4
101,15,98,#E0FAD4
102,15,98,#E0FAD4
103,15,98,#DFFAD4
104,15,98,#DEFAD4
105,15,98,#DEFAD4
106,15,98,#DDFAD4
107,15,98,#DDFAD4
108,15,98,#DCFAD4
109,15,98,#DBFAD4
110,15,98,#DBFAD4
111,15,98,#DAFAD4
112,15,98,#D9FAD4
113,15,98,#D9FAD4
114,15,98,#D8FAD4
115,15,98,#D8FAD4
116,15,98,#D7FAD4
117,15,98,#D6FAD4
118,15,98,#D6FAD4
119,15,98,#D5FAD4
120,15,98,#D4FAD4
121,15,98,#D4FAD5
122,15,98,#D4FAD6
123,15,98,#D4FAD6
124,15,98,#D4FAD7
125,15,98,#D4FAD8
126,15,98,#D4FAD8
127,15,98,#D4FAD9
128,15,98,#D4FAD9
129,15,98,#D4FADA
130,15,98,#D4FADB
131,15,98,#D4FADB
132,15,98,#D4FADC
133,15,98,#D4FADD
134,15,98,#D4FADD
135,15,98,#D4FADE
136,15,98,#D4FADE
137,15,98,#D4FADF
138,15,98,#D4FAE0
139,15,98,#D4FAE0
140,15,98,#D4FAE1
141,15,98,#D4FAE2
142,15,98,#D4FAE2
143,15,98,#D4FAE3
144,15,98,#D4FAE3
145,15,98,#D4FAE4
146,15,98,#D4FAE5
147,15,98,#D4FAE5
148,15,98,#D4FAE6
149,15,98,#D4FAE7
150,15,98,#D4FAE7
151,15,98,#D4FAE8
152,15,98,#D4FAE8
153,15,98,#D4FAE9
154,15,98,#D4FAEA
155,15,98,#D4FAEA
156,15,98,#D4FAEB
157,15,98,#D4FAEC
158,15,98,#D4FAEC
159,15,98,#D4FAED
160,15,98,#D4FAED
161,15,98,#D4FAEE
162,15,98,#D4FAEF
163,15,98,#D4FAEF
164,15,98,#D4FAF0
165,15,98,#D4FAF1
166,15,98,#D4FAF1
167,15,98,#D4FAF2
168,15,98,#D4FAF2
169,15,98,#D4FAF3
170,15,98,#D4FAF4
171,15,98,#D4FAF4
172,15,98,#D4FAF5
173,15,98,#D4FAF6
174,15,98,#D4FAF6
175,15,98,#D4FAF7
176,15,98,#D4FAF7
177,15,98,#D4FAF8
178,15,98,#D4FAF9
179,15,98,#D4FAF9
180,15,98,#D4FAFA
181,15,98,#D4F9FA
182,15,98,#D4F9FA
183,15,98,#D4F8FA
184,15,98,#D4F7FA
185,15,98,#D4F7FA
186,15,98,#D4F6FA
187,15,98,#D4F6FA
188,15,98,#D4F5FA
189,15,98,#D4F4FA
190,15,98,#D4F4FA
191,15,98,#D4F3FA
192,15,98,#D4F2FA
193,15,98,#D4F2FA
194,15,98,#D4F1FA
195,15,98,#D4F1FA
196,15,98,#D4F0FA
197,15,98,#D4EFFA
198,15,98,#D4EFFA
199,15,98,#D4EEFA
200,15,98,#D4EDFA
201,15,98,#D4EDFA
202,15,98,#D4ECFA
203,15,98,#D4ECFA
204,15,98,#D4EBFA
205,15,98,#D4EAFA
206,15,98,#D4EAFA
207,15,98,#D4E9FA
208,15,98,#D4E8FA
209,15,98,#D4E8FA
210,15,98,#D4E7FA
211,15,98,#D4E7FA
212,15,98,#D4E6FA
213,15,98,#D4E5FA
214,15,98,#D4E5FA
215,15,98,#D4E4FA
216,15,98,#D4E3FA
217,15,98,#D4E3FA
218,15,98,#D4E2FA
219,15,98,#D4E2FA
220,15,98,#D4E1FA
221,15,98,#D4E0FA
222,15,98,#D4E0FA
223,15,98,#D4DFFA
224,15,98,#D4DEFA
225,15,98,#D4DEFA
226,15,98,#D4DDFA
227,15,98,#D4DDFA
228,15,98,#D4DCFA
229,15,98,#D4DBFA
230,15,98,#D4DBFA
231,15,98,#D4DAFA
232,15,98,#D4D9FA
233,15,98,#D4D9FA
234,15,98,#D4D8FA
235,15,98,#D4D8FA
236,15,98,#D4D7FA
237,15,98,#D4D6FA
238,15,98,#D4D6FA
239,15,98,#D4D5FA
240,15,98,#D4D4FA
241,15,98,#D5D4FA
242,15,98,#D6D4FA
243,15,98,#D6D4FA
244,15,98,#D7D4FA
245,15,98,#D8D4FA
246,15,98,#D8D4FA
247,15,98,#D9D4FA
248,15,98,#D9D4FA
249,15,98,#DAD4FA
250,15,98,#DBD4FA
251,15,98,#DBD4FA
252,15,98,#DCD4FA
253,15,98,#DDD4FA
254,15,98,#DDD4FA
255,15,98,#DED4FA
256,15,98,#DED4FA
257,15,98,#DFD4FA
258,15,98,#E0D4FA
259,15,98,#E0D4FA
260,15,98,#E1D4FA
261,15,98,#E2D4FA
262,15,98,#E2D4FA
263,15,98,#E3D4FA
264,15,98,#E3D4FA
265,15,98,#E4D4FA
266,15,98,#E5D4FA
267,15,98,#E5D4FA
268,15,98,#E6D4FA
269,15,98,#E7D4FA
270,15,98,#E7D4FA
271,15,98,#E8D4FA
272,15,98,#E8D4FA
273,15,98,#E9D4FA
274,15,98,#EAD4FA
275,15,98,#EAD4FA
276,15,98,#EBD4FA
277,15,98,#ECD4FA
278,15,98,#ECD4FA
279,15,98,#EDD4FA
280,15,98,#EDD4FA
281,15,98,#EED4FA
282,15,98,#EFD4FA
283,15,98,#EFD4FA
284,15,98,#F0D4FA
285,15,98,#F1D4FA
286,15,98,#F1D4FA
287,15,98,#F2D4FA
288,15,98,#F2D4FA
289,15,98,#F3D4FA
290,15,98,#F4D4FA
291,15,98,#F4D4FA
292,15,98,#F5D4FA
293,15,98,#F6D4FA
294,15,98,#F6D4FA
295,15,98,#F7D4FA
296,15,98,#F7D4FA
297,15,98,#F8D4FA
298,15,98,#F9D4FA
299,15,98,#F9D4FA
300,15,98,#FAD4FA
301,15,98,#FAD4F9
302,15,98,#FAD4F9
303,15,98,#FAD4F8
304,15,98,#FAD4F7
305,15,98,#FAD4F7
306,15,98,#FAD4F6
307,15,98,#FAD4F6
308,15,98,#FAD4F5
309,15,98,#FAD4F4
310,15,98,#FAD4F4
311,15,98,#FAD4F3
312,15,98,#FAD4F2
313,15,98,#FAD4F2
314,15,98,#FAD4F1
315,15,98,#FAD4F1
316,15,98,#FAD4F0
317,15,98,#FAD4EF
318,15,98,#FAD4EF
319,15,98,#FAD4EE
320,15,98,#FAD4ED
321,15,98,#FAD4ED
322,15,98,#FAD4EC
323,15,98,#FAD4EC
324,15,98,#FAD4EB
325,15,98,#FAD4EA
326,15,98,#FAD4EA
327,15,98,#FAD4E9
328,15,98,#FAD4E8
329,15,98,#FAD4E8
330,15,98,#FAD4E7
331,15,98,#FAD4E7
332,15,98,#FAD4E6
333,15,98,#FAD4E5
334,15,98,#FAD4E5
335,15,98,#FAD4E4
336,15,98,#FAD4E3
337,15,98,#FAD4E3
338,15,98,#FAD4E2
339,15,98,#FAD4E2
340,15,98,#FAD4E1
341,15,98,#FAD4E0
342,15,98,#FAD4E0
343,15,98,#FAD4DF
344,15,98,#FAD4DE
345,15,98,#FAD4DE
346,15,98,#FAD4DD
347,15,98,#FAD4DD
348,15,98,#FAD4DC
349,15,98,#FAD4DB
350,15,98,#FAD4DB
351,15,98,#FAD4DA
352,15,98,#FAD4D9
353,15,98,#FAD4D9
354,15,98,#FAD4D8
355,15,98,#FAD4D8
356,15,98,#FAD4D7
357,15,98,#FAD4D6
358,15,98,#FAD4D6
359,15,98,#FAD4D5
0,14,98,#FAD7D7
1,14,98,#FAD7D7
2,14,98,#FAD8D7
3,14,98,#FAD9D7
4,14,98,#FAD9D7
5,14,98,#FADAD7
6,14,98,#FADAD7
7,14,98,#FADBD7
8,14,98,#FADCD7
9,14,98,#FADCD7
10,14,98,#FADDD7
11,14,98,#FADDD7
12,14,98,#FADED7
13,14,98,#FADED7
14,14,98,#FADFD7
15,14,98,#FAE0D7
16,14,98,#FAE0D7
17,14,98,#FAE1D7
18,14,98,#FAE1D7
19,14,98,#FAE2D7
20,14,98,#FAE3D7
21,14,98,#FAE3D7
22,14,98,#FAE4D7
23,14,98,#FAE4D7
24,14,98,#FAE5D7
25,14,98,#FAE5D7
26,14,98,#FAE6D7
27,14,98,#FAE7D7
28,14,98,#FAE7D7
29,14,98,#FAE8D7
30,14,98,#FAE8D7
31,14,98,#FAE9D7
32,14,98,#FAEAD7
33,14,98,#FAEAD7
34,14,98,#FAEBD7
35,14,98,#FAEBD7
36,14,98,#FAECD7
37,14,98,#FAECD7
38,14,98,#FAEDD7
39,14,98,#FAEED7
40,14,98,#FAEED7
41,14,98,#FAEFD7
42,14,98,#FAEFD7
43,14,98,#FAF0D7
44,14,98,#FAF1D7
45,14,98,#FAF1D7
46,14,98,#FAF2D7
47,14,98,#FAF2D7
48,14,98,#FAF3D7
49,14,98,#FAF3D7
50,14,98,#FAF4D7
51,14,98,#FAF5D7
52,14,98,#FAF5D7
53,14,98,#FAF6D7
54,14,98,#FAF6D7
55,14,98,#FAF7D7
56,14,98,#FAF8D7
57,14,98,#FAF8D7
58,14,98,#FAF9D7
59,14,98,#FAF9D7
60,14,98,#FAFAD7
61,14,98,#F9FAD7
62,14,98,#F9FAD7
63,14,98,#F8FAD7
64,14,98,#F8FAD7
65,14,98,#F7FAD7
66,14,98,#F6FAD7
67,14,98,#F6FAD7
68,14,98,#F5FAD7
69,14,98,#F5FAD7
70,14,98,#F4FAD7
71,14,98,#F3FAD7
72,14,98,#F3FAD7
73,14,98,#F2FAD7
74,14,98,#F2FAD7
75,14,98,#F1FAD7
76,14,98,#F1FAD7
77,14,98,#F0FAD7
78,14,98,#EFFAD7
79,14,98,#EFFAD7
80,14,98,#EEFAD7
81,14,98,#EEFAD7
82,14,98,#EDFAD7
83,14,98,#ECFAD7
84,14,98,#ECFAD7
85,14,98,#EBFAD7
86,14,98,#EBFAD7
87,14,98,#EAFAD7
88,14,98,#EAFAD7
89,14,98,#E9FAD7
90,14,98,#E8FAD7
91,14,98,#E8FAD7
92,14,98,#E7FAD7
93,14,98,#E7FAD7
94,14,98,#E6FAD7
95,14,98,#E5FAD7
96,14,98,#E5FAD7
97,14,98,#E4FAD7
98,14,98,#E4FAD7
99,14,98,#E3FAD7
100,14,98,#E3FAD7
101,14,98,#E2FAD7
102,14,98,#E1FAD7
103,14,98,#E1FAD7
104,14,98,#E0FAD7
105,14,98,#E0FAD7
106,14,98,#DFFAD7
107,14,98,#DEFAD7
108,14,98,#DEFAD7
109,14,98,#DDFAD7
110,14,98,#DDFAD7
111,14,98,#DCFAD7
112,14,98,#DCFAD7
113,14,98,#DBFAD7
114,14,98,#DAFAD7
115,14,98,#DAFAD7
116,14,98,#D9FAD7
117,14,98,#D9FAD7
118,14,98,#D8FAD7
119,14,98,#D7FAD7
120,14,98,#D7FAD7
121,14,98,#D7FAD7
122,14,98,#D7FAD8
123,14,98,#D7FAD9
124,14,98,#D7FAD9
125,14,98,#D7FADA
126,14,98,#D7FADA
127,14,98,#D7FADB
128,14,98,#D7FADC
129,14,98,#D7FADC
130,14,98,#D7FADD
131,14,98,#D7FADD
132,14,98,#D7FADE
133,14,98,#D7FADE
134,14,98,#D7FADF
135,14,98,#D7FAE0
136,14,98,#D7FAE0
137,14,98,#D7FAE1
138,14,98,#D7FAE1
139,14,98,#D7FAE2
140,14,98,#D7FAE3
141,14,98,#D7FAE3
142,14,98,#D7FAE4
143,14,98,#D7FAE4
144,14,98,#D7FAE5
145,14,98,#D7FAE5
146,14,98,#D7FAE6
147,14,98,#D7FAE7
148,14,98,#D7FAE7
149,14,98,#D7FAE8
150,14,98,#D7FAE8
151,14,98,#D7FAE9
152,14,98,#D7FAEA
153,14,98,#D7FAEA
154,14,98,#D7FAEB
155,14,98,#D7FAEB
156,14,98,#D7FAEC
157,14,98,#D7FAEC
158,14,98,#D7FAED
159,14,98,#D7FAEE
160,14,98,#D7FAEE
161,14,98,#D7FAEF
162,14,98,#D7FAEF
163,14,98,#D7FAF0
164,14,98,#D7FAF1
165,14,98,#D7FAF1
166,14,98,#D7FAF2
167,14,98,#D7FAF2
168,14,98,#D7FAF3
169,14,98,#D7FAF3
170,14,98,#D7FAF4
171,14,98,#D7FAF5
172,14,98,#D7FAF5
173,14,98,#D7FAF6
174,14,98,#D7FAF6
175,14,98,#D7FAF7
176,14,98,#D7FAF8
177,14,98,#D7FAF8
178,14,98,#D7FAF9
179,14,98,#D7FAF9
180,14,98,#D7FAFA
181,14,98,#D7F9FA
182,14,98,#D7F9FA
183,14,98,#D7F8FA
184,14,98,#D7F8FA
185,14,98,#D7F7FA
186,14,98,#D7F6FA
187,14,98,#D7F6FA
188,14,98,#D7F5FA
189,14,98,#D7F5FA
190,14,98,#D7F4FA
191,14,98,#D7F3FA
192,14,98,#D7F3FA
193,14,98,#D7F2FA
194,14,98,#D7F2FA
195,14,98,#D7F1FA
196,14,98,#D7F1FA
197,14,98,#D7F0FA
198,14,98,#D7EFFA
199,14,98,#D7EFFA
200,14,98,#D7EEFA
201,14,98,#D7EEFA
202,14,98,#D7EDFA
203,14,98,#D7ECFA
204,14,98,#D7ECFA
205,14,98,#D7EBFA
206,14,98,#D7EBFA
207,14,98,#D7EAFA
208,14,98,#D7EAFA
209,14,98,#D7E9FA
210,14,98,#D7E8FA
211,14,98,#D7E8FA
212,14,98,#D7E7FA
213,14,98,#D7E7FA
214,14,98,#D7E6FA
215,14,98,#D7E5FA
216,14,98,#D7E5FA
217,14,98,#D7E4FA
218,14,98,#D7E4FA
219,14,98,#D7E3FA
220,14,98,#D7E3FA
221,14,98,#D7E2FA
222,14,98,#D7E1FA
223,14,98,#D7E1FA
224,14,98,#D7E0FA
225,14,98,#D7E0FA
226,14,98,#D7DFFA
227,14,98,#D7DEFA
228,14,98,#D7DEFA
229,14,98,#D7DDFA
230,14,98,#D7DDFA
231,14,98,#D7DCFA
232,14,98,#D7DCFA
233,14,98,#D7DBFA
234,14,98,#D7DAFA
235,14,98,#D7DAFA
236,14,98,#D7D9FA
237,14,98,#D7D9FA
238,14,98,#D7D8FA
239,14,98,#D7D7FA
240,14,98,#D7D7FA
241,14,98,#D7D7FA
242,14,98,#D8D7FA
243,14,98,#D9D7FA
244,14,98,#D9D7FA
245,14,98,#DAD7FA
246,14,98,#DAD7FA
247,14,98,#DBD7FA
248,14,98,#DCD7FA
249,14,98,#DCD7FA
250,14,98,#DDD7FA
251,14,98,#DDD7FA
252,14,98,#DED7FA
253,14,98,#DED7FA
254,14,98,#DFD7FA
255,14,98,#E0D7FA
256,14,98,#E0D7FA
257,14,98,#E1D7FA
258,14,98,#E1D7FA
259,14,98,#E2D7FA
260,14,98,#E3D7FA
261,14,98,#E3D7FA
262,14,98,#E4D7FA
263,14,98,#E4D7FA
264,14,98,#E5D7FA
265,14,98,#E5D7FA
266,14,98,#E6D7FA
267,14,98,#E7D7FA
268,14,98,#E7D7FA
269,14,98,#E8D7FA
270,14,98,#E8D7FA
271,14,98,#E9D7FA
272,14,98,#EAD7FA
273,14,98,#EAD7FA
274,14,98,#EBD7FA
275,14,98,#EBD7FA
276,14,98,#ECD7FA
277,14,98,#ECD7FA
278,14,98,#EDD7FA
279,14,98,#EED7FA
280,14,98,#EED7FA
281,14,98,#EFD7FA
282,14,98,#EFD7FA
283,14,98,#F0D7FA
284,14,98,#F1D7FA
285,14,98,#F1D7FA
286,14,98,#F2D7FA
287,14,98,#F2D7FA
288,14,98,#F3D7FA
289,14,98,#F3D7FA
290,14,98,#F4D7FA
291,14,98,#F5D7FA
292,14,98,#F5D7FA
293,14,98,#F6D7FA
294,14,98,#F6D7FA
295,14,98,#F7D7FA
296,14,98,#F8D7FA
297,14,98,#F8D7FA
298,14,98,#F9D7FA
299,14,98,#F9D7FA
300,14,98,#FAD7FA
301,14,98,#FAD7F9
302,14,98,#FAD7F9
303,14,98,#FAD7F8
304,14,98,#FAD7F8
305,14,98,#FAD7F7
306,14,98,#FAD7F6
307,14,98,#FAD7F6
308,14,98,#FAD7F5
309,14,98,#FAD7F5
310,14,98,#FAD7F4
311,14,98,#FAD7F3
312,14,98,#FAD7F3
313,14,98,#FAD7F2
314,14,98,#FAD7F2
315,14,98,#FAD7F1
316,14,98,#FAD7F1
317,14,98,#FAD7F0
318,14,98,#FAD7EF
319,14,98,#FAD7EF
320,14,98,#FAD7EE
321,14,98,#FAD7EE
322,14,98,#FAD7ED
323,14,98,#FAD7EC
324,14,98,#FAD7EC
325,14,98,#FAD7EB
326,14,98,#FAD7EB
327,14,98,#FAD7EA
328,14,98,#FAD7EA
329,14,98,#FAD7E9
330,14,98,#FAD7E8
331,14,98,#FAD7E8
332,14,98,#FAD7E7
333,14,98,#FAD7E7
334,14,98,#FAD7E6
335,14,98,#FAD7E5
336,14,98,#FAD7E5
337,14,98,#FAD7E4
338,14,98,#FAD7E4
339,14,98,#FAD7E3
340,14,98,#FAD7E3
341,14,98,#FAD7E2
342,14,98,#FAD7E1
343,14,98,#FAD7E1
344,14,98,#FAD7E0
345,14,98,#FAD7E0
346,14,98,#FAD7DF
347,14,98,#FAD7DE
348,14,98,#FAD7DE
349,14,98,#FAD7DD
350,14,98,#FAD7DD
351,14,98,#FAD7DC
352,14,98,#FAD7DC
353,14,98,#FAD7DB
354,14,98,#FAD7DA
355,14,98,#FAD7DA
356,14,98,#FAD7D9
357,14,98,#FAD7D9
358,14,98,#FAD7D8
359,14,98,#FAD7D7
0,13,98,#FAD9D9
1,13,98,#FADAD9
2,13,98,#FADAD9
3,13,98,#FADBD9
4,13,98,#FADCD9
5,13,98,#FADCD9
6,13,98,#FADDD9
7,13,98,#FADDD9
8,13,98,#FADED9
9,13,98,#FADED9
10,13,98,#FADFD9
11,13,98,#FADFD9
12,13,98,#FAE0D9
13,13,98,#FAE0D9
14,13,98,#FAE1D9
15,13,98,#FAE2D9
16,13,98,#FAE2D9
17,13,98,#FAE3D9
18,13,98,#FAE3D9
19,13,98,#FAE4D9
20,13,98,#FAE4D9
21,13,98,#FAE5D9
22,13,98,#FAE5D9
23,13,98,#FAE6D9
24,13,98,#FAE6D9
25,13,98,#FAE7D9
26,13,98,#FAE7D9
27,13,98,#FAE8D9
28,13,98,#FAE9D9
29,13,98,#FAE9D9
30,13,98,#FAEAD9
31,13,98,#FAEAD9
32,13,98,#FAEBD9
33,13,98,#FAEBD9
34,13,98,#FAECD9
35,13,98,#FAECD9
36,13,98,#FAEDD9
37,13,98,#FAEDD9
38,13,98,#FAEED9
39,13,98,#FAEFD9
40,13,98,#FAEFD9
41,13,98,#FAF0D9
42,13,98,#FAF0D9
43,13,98,#FAF1D9
44,13,98,#FAF1D9
45,13,98,#FAF2D9
46,13,98,#FAF2D9
47,13,98,#FAF3D9
48,13,98,#FAF3D9
49,13,98,#FAF4D9
50,13,98,#FAF4D9
51,13,98,#FAF5D9
52,13,98,#FAF6D9
53,13,98,#FAF6D9
54,13,98,#FAF7D9
55,13,98,#FAF7D9
56,13,98,#FAF8D9
57,13,98,#FAF8D9
58,13,98,#FAF9D9
59,13,98,#FAF9D9
60,13,98,#FAFAD9
61,13,98,#F9FAD9
62,13,98,#F9FAD9
63,13,98,#F8FAD9
64,13,98,#F8FAD9
65,13,98,#F7FAD9
66,13,98,#F7FAD9
67,13,98,#F6FAD9
68,13,98,#F6FAD9
69,13,98,#F5FAD9
70,13,98,#F4FAD9
71,13,98,#F4FAD9
72,13,98,#F3FAD9
73,13,98,#F3FAD9
74,13,98,#F2FAD9
75,13,98,#F2FAD9
76,13,98,#F1FAD9
77,13,98,#F1FAD9
78,13,98,#F0FAD9
79,13,98,#F0FAD9
80,13,98,#EFFAD9
81,13,98,#EFFAD9
82,13,98,#EEFAD9
83,13,98,#EDFAD9
84,13,98,#EDFAD9
85,13,98,#ECFAD9
86,13,98,#ECFAD9
87,13,98,#EBFAD9
88,13,98,#EBFAD9
89,13,98,#EAFAD9
90,13,98,#EAFAD9
91,13,98,#E9FAD9
92,13,98,#E9FAD9
93,13,98,#E8FAD9
94,13,98,#E7FAD9
95,13,98,#E7FAD9
96,13,98,#E6FAD9
97,13,98,#E6FAD9
98,13,98,#E5FAD9
99,13,98,#E5FAD9
100,13,98,#E4FAD9
101,13,98,#E4FAD9
102,13,98,#E3FAD9
103,13,98,#E3FAD9
104,13,98,#E2FAD9
105,13,98,#E2FAD9
106,13,98,#E1FAD9
107,13,98,#E0FAD9
108,13,98,#E0FAD9
109,13,98,#DFFAD9
110,13,98,#DFFAD9
111,13,98,#DEFAD9
112,13,98,#DEFAD9
113,13,98,#DDFAD9
114,13,98,#DDFAD9
115,13,98,#DCFAD9
116,13,98,#DCFAD9
117,13,98,#DBFAD9
118,13,98,#DAFAD9
119,13,98,#DAFAD9
120,13,98,#D9FAD9
121,13,98,#D9FADA
122,13,98,#D9FADA
123,13,98,#D9FADB
124,13,98,#D9FADC
125,13,98,#D9FADC
126,13,98,#D9FADD
127,13,98,#D9FADD
128,13,98,#D9FADE
129,13,98,#D9FADE
130,13,98,#D9FADF
131,13,98,#D9FADF
132,13,98,#D9FAE0
133,13,98,#D9FAE0
134,13,98,#D9FAE1
135,13,98,#D9FAE2
136,13,98,#D9FAE2
137,13,98,#D9FAE3
138,13,98,#D9FAE3
139,13,98,#D9FAE4
140,13,98,#D9FAE4
141,13,98,#D9FAE5
142,13,98,#D9FAE5
143,13,98,#D9FAE6
144,13,98,#D9FAE6
145,13,98,#D9FAE7
146,13,98,#D9FAE7
147,13,98,#D9FAE8
148,13,98,#D9FAE9
149,13,98,#D9FAE9
150,13,98,#D9FAEA
151,13,98,#D9FAEA
152,13,98,#D9FAEB
153,13,98,#D9FAEB
154,13,98,#D9FAEC
155,13,98,#D9FAEC
156,13,98,#D9FAED
157,13,98,#D9FAED
158,13,98,#D9FAEE
159,13,98,#D9FAEF
160,13,98,#D9FAEF
161,13,98,#D9FAF0
162,13,98,#D9FAF0
163,13,98,#D9FAF1
164,13,98,#D9FAF1
165,13,98,#D9FAF2
166,13,98,#D9FAF2
167,13,98,#D9FAF3
168,13,98,#D9FAF3
169,13,98,#D9FAF4
170,13,98,#D9FAF4
171,13,98,#D9FAF5
172,13,98,#D9FAF6
173,13,98,#D9FAF6
174,13,98,#D9FAF7
175,13,98,#D9FAF7
176,13,98,#D9FAF8
177,13,98,#D9FAF8
178,13,98,#D9FAF9
179,13,98,#D9FAF9
180,13,98,#D9FAFA
181,13,98,#D9F9FA
182,13,98,#D9F9FA
183,13,98,#D9F8FA
184,13,98,#D9F8FA
185,13,98,#D9F7FA
186,13,98,#D9F7FA
187,13,98,#D9F6FA
188,13,98,#D9F6FA
189,13,98,#D9F5FA
190,13,98,#D9F4FA
191,13,98,#D9F4FA
192,13,98,#D9F3FA
193,13,98,#D9F3FA
194,13,98,#D9F2FA
195,13,98,#D9F2FA
196,13,98,#D9F1FA
197,13,98,#D9F1FA
198,13,98,#D9F0FA
199,13,98,#D9F0FA
200,13,98,#D9EFFA
201,13,98,#D9EFFA
202,13,98,#D9EEFA
203,13,98,#D9EDFA
204,13,98,#D9EDFA
205,13,98,#D9ECFA
206,13,98,#D9ECFA
207,13,98,#D9EBFA
208,13,98,#D9EBFA
209,13,98,#D9EAFA
210,13,98,#D9EAFA
211,13,98,#D9E9FA
212,13,98,#D9E9FA
213,13,98,#D9E8FA
214,13,98,#D9E7FA
215,13,98,#D9E7FA
216,13,98,#D9E6FA
217,13,98,#D9E6FA
218,13,98,#D9E5FA
219,13,98,#D9E5FA
220,13,98,#D9E4FA
221,13,98,#D9E4FA
222,13,98,#D9E3FA
223,13,98,#D9E3FA
224,13,98,#D9E2FA
225,13,98,#D9E2FA
226,13,98,#D9E1FA
227,13,98,#D9E0FA
228,13,98,#D9E0FA
229,13,98,#D9DFFA
230,13,98,#D9DFFA
231,13,98,#D9DEFA
232,13,98,#D9DEFA
233,13,98,#D9DDFA
234,13,98,#D9DDFA
235,13,98,#D9DCFA
236,13,98,#D9DCFA
237,13,98,#D9DBFA
238,13,98,#D9DAFA
239,13,98,#D9DAFA
240,13,98,#D9D9FA
241,13,98,#DAD9FA
242,13,98,#DAD9FA
243,13,98,#DBD9FA
244,13,98,#DCD9FA
245,13,98,#DCD9FA
246,13,98,#DDD9FA
247,13,98,#DDD9FA
248,13,98,#DED9FA
249,13,98,#DED9FA
250,13,98,#DFD9FA
251,13,98,#DFD9FA
252,13,98,#E0D9FA
253,13,98,#E0D9FA
254,13,98,#E1D9FA
255,13,98,#E2D9FA
256,13,98,#E2D9FA
257,13,98,#E3D9FA
258,13,98,#E3D9FA
259,13,98,#E4D9FA
260,13,98,#E4D9FA
261,13,98,#E5D9FA
262,13,98,#E5D9FA
263,13,98,#E6D9FA
264,13,98,#E6D9FA
265,13,98,#E7D9FA
266,13,98,#E7D9FA
267,13,98,#E8D9FA
268,13,98,#E9D9FA
269,13,98,#E9D9FA
270,13,98,#EAD9FA
271,13,98,#EAD9FA
272,13,98,#EBD9FA
273,13,98,#EBD9FA
274,13,98,#ECD9FA
275,13,98,#ECD9FA
276,13,98,#EDD9FA
277,13,98,#EDD9FA
278,13,98,#EED9FA
279,13,98,#EFD9FA
280,13,98,#EFD9FA
281,13,98,#F0D9FA
282,13,98,#F0D9FA
283,13,98,#F1D9FA
284,13,98,#F1D9FA
285,13,98,#F2D9FA
286,13,98,#F2D9FA
287,13,98,#F3D9FA
288,13,98,#F3D9FA
289,13,98,#F4D9FA
290,13,98,#F4D9FA
291,13,98,#F5D9FA
292,13,98,#F6D9FA
293,13,98,#F6D9FA
294,13,98,#F7D9FA
295,13,98,#F7D9FA
296,13,98,#F8D9FA
297,13,98,#F8D9FA
298,13,98,#F9D9FA
299,13,98,#F9D9FA
300,13,98,#FAD9FA
301,13,98,#FAD9F9
302,13,98,#FAD9F9
303,13,98,#FAD9F8
304,13,98,#FAD9F8
305,13,98,#FAD9F7
306,13,98,#FAD9F7
307,13,98,#FAD9F6
308,13,98,#FAD9F6
309,13,98,#FAD9F5
310,13,98,#FAD9F4
311,13,98,#FAD9F4
312,13,98,#FAD9F3
313,13,98,#FAD9F3
314,13,98,#FAD9F2
315,13,98,#FAD9F2
316,13,98,#FAD9F1
317,13,98,#FAD9F1
318,13,98,#FAD9F0
319,13,98,#FAD9F0
320,13,98,#FAD9EF
321,13,98,#FAD9EF
322,13,98,#FAD9EE
323,13,98,#FAD9ED
324,13,98,#FAD9ED
325,13,98,#FAD9EC
326,13,98,#FAD9EC
327,13,98,#FAD9EB
328,13,98,#FAD9EB
329,13,98,#FAD9EA
330,13,98,#FAD9EA
331,13,98,#FAD9E9
332,13,98,#FAD9E9
333,13,98,#FAD9E8
334,13,98,#FAD9E7
335,13,98,#FAD9E7
336,13,98,#FAD9E6
337,13,98,#FAD9E6
338,13,98,#FAD9E5
339,13,98,#FAD9E5
340,13,98,#FAD9E4
341,13,98,#FAD9E4
342,13,98,#FAD9E3
343,13,98,#FAD9E3
344,13,98,#FAD9E2
345,13,98,#FAD9E2
346,13,98,#FAD9E1
347,13,98,#FAD9E0
348,13,98,#FAD9E0
349,13,98,#FAD9DF
350,13,98,#FAD9DF
351,13,98,#FAD9DE
352,13,98,#FAD9DE
353,13,98,#FAD9DD
354,13,98,#FAD9DD
355,13,98,#FAD9DC
356,13,98,#FAD9DC
357,13,98,#FAD9DB
358,13,98,#FAD9DA
359,13,98,#FAD9DA
0,12,98,#FADCDC
1,12,98,#FADCDC
2,12,98,#FADDDC
3,12,98,#FADDDC
4,12,98,#FADEDC
5,12,98,#FADEDC
6,12,98,#FADFDC
7,12,98,#FADFDC
8,12,98,#FAE0DC
9,12,98,#FAE0DC
10,12,98,#FAE1DC
11,12,98,#FAE1DC
12,12,98,#FAE2DC
13,12,98,#FAE2DC
14,12,98,#FAE3DC
15,12,98,#FAE3DC
16,12,98,#FAE4DC
17,12,98,#FAE4DC
18,12,98,#FAE5DC
19,12,98,#FAE5DC
20,12,98,#FAE6DC
21,12,98,#FAE6DC
22,12,98,#FAE7DC
23,12,98,#FAE7DC
24,12,98,#FAE8DC
25,12,98,#FAE8DC
26,12,98,#FAE9DC
27,12,98,#FAE9DC
28,12,98,#FAEADC
29,12,98,#FAEADC
30,12,98,#FAEBDC
31,12,98,#FAEBDC
32,12,98,#FAECDC
33,12,98,#FAECDC
34,12,98,#FAEDDC
35,12,98,#FAEDDC
36,12,98,#FAEEDC
37,12,98,#FAEEDC
38,12,98,#FAEFDC
39,12,98,#FAEFDC
40,12,98,#FAF0DC
41,12,98,#FAF0DC
42,12,98,#FAF1DC
43,12,98,#FAF1DC
44,12,98,#FAF2DC
45,12,98,#FAF2DC
46,12,98,#FAF3DC
47,12,98,#FAF3DC
48,12,98,#FAF4DC
49,12,98,#FAF4DC
50,12,98,#FAF5DC
51,12,98,#FAF5DC
52,12,98,#FAF6DC
53,12,98,#FAF6DC
54,12,98,#FAF7DC
55,12,98,#FAF7DC
56,12,98,#FAF8DC
57,12,98,#FAF8DC
58,12,98,#FAF9DC
59,12,98,#FAF9DC
60,12,98,#FAFADC
61,12,98,#F9FADC
62,12,98,#F9FADC
63,12,98,#F8FADC
64,12,98,#F8FADC
65,12,98,#F7FADC
66,12,98,#F7FADC
67,12,98,#F6FADC
68,12,98,#F6FADC
69,12,98,#F5FADC
70,12,98,#F5FADC
71,12,98,#F4FADC
72,12,98,#F4FADC
73,12,98,#F3FADC
74,12,98,#F3FADC
75,12,98,#F2FADC
76,12,98,#F2FADC
77,12,98,#F1FADC
78,12,98,#F1FADC
79,12,98,#F0FADC
80,12,98,#F0FADC
81,12,98,#EFFADC
82,12,98,#EFFADC
83,12,98,#EEFADC
84,12,98,#EEFADC
85,12,98,#EDFADC
86,12,98,#EDFADC
87,12,98,#ECFADC
88,12,98,#ECFADC
89,12,98,#EBFADC
90,12,98,#EBFADC
91,12,98,#EAFADC
92,12,98,#EAFADC
93,12,98,#E9FADC
94,12,98,#E9FADC
95,12,98,#E8FADC
96,12,98,#E8FADC
97,12,98,#E7FADC
98,12,98,#E7FADC
99,12,98,#E6FADC
100,12,98,#E6FADC
101,12,98,#E5FADC
102,12,98,#E5FADC
103,12,98,#E4FADC
104,12,98,#E4FADC
105,12,98,#E3FADC
106,12,98,#E3FADC
107,12,98,#E2FADC
108,12,98,#E2FADC
109,12,98,#E1FADC
110,12,98,#E1FADC
111,12,98,#E0FADC
112,12,98,#E0FADC
113,12,98,#DFFADC
114,12,98,#DFFADC
115,12,98,#DEFADC
116,12,98,#DEFADC
117,12,98,#DDFADC
118,12,98,#DDFADC
119,12,98,#DCFADC
120,12,98,#DCFADC
121,12,98,#DCFADC
122,12,98,#DCFADD
123,12,98,#DCFADD
124,12,98,#DCFADE
125,12,98,#DCFADE
126,12,98,#DCFADF
127,12,98,#DCFADF
128,12,98,#DCFAE0
129,12,98,#DCFAE0
130,12,98,#DCFAE1
131,12,98,#DCFAE1
132,12,98,#DCFAE2
133,12,98,#DCFAE2
134,12,98,#DCFAE3
135,12,98,#DCFAE3
136,12,98,#DCFAE4
137,12,98,#DCFAE4
138,12,98,#DCFAE5
139,12,98,#DCFAE5
140,12,98,#DCFAE6
141,12,98,#DCFAE6
142,12,98,#DCFAE7
143,12,98,#DCFAE7
144,12,98,#DCFAE8
145,12,98,#DCFAE8
146,12,98,#DCFAE9
147,12,98,#DCFAE9
148,12,98,#DCFAEA
149,12,98,#DCFAEA
150,12,98,#DCFAEB
151,12,98,#DCFAEB
152,12,98,#DCFAEC
153,12,98,#DCFAEC
154,12,98,#DCFAED
155,12,98,#DCFAED
156,12,98,#DCFAEE
157,12,98,#DCFAEE
158,12,98,#DCFAEF
159,12,98,#DCFAEF
160,12,98,#DCFAF0
161,12,98,#DCFAF0
162,12,98,#DCFAF1
163,12,98,#DCFAF1
164,12,98,#DCFAF2
165,12,98,#DCFAF2
166,12,98,#DCFAF3
167,12,98,#DCFAF3
168,12,98,#DCFAF4
169,12,98,#DCFAF4
170,12,98,#DCFAF5
171,12,98,#DCFAF5
172,12,98,#DCFAF6
173,12,98,#DCFAF6
174,12,98,#DCFAF7
175,12,98,#DCFAF7
176,12,98,#DCFAF8
177,12,98,#DCFAF8
178,12,98,#DCFAF9
179,12,98,#DCFAF9
180,12,98,#DCFAFA
181,12,98,#DCF9FA
182,12,98,#DCF9FA
183,12,98,#DCF8FA
184,12,98,#DCF8FA
185,12,98,#DCF7FA
186,12,98,#DCF7FA
187,12,98,#DCF6FA
188,12,98,#DCF6FA
189,12,98,#DCF5FA
190,12,98,#DCF5FA
191,12,98,#DCF4FA
192,12,98,#DCF4FA
193,12,98,#DCF3FA
194,12,98,#DCF3FA
195,12,98,#DCF2FA
196,12,98,#DCF2FA
197,12,98,#DCF1FA
198,12,98,#DCF1FA
199,12,98,#DCF0FA
200,12,98,#DCF0FA
201,12,98,#DCEFFA
202,12,98,#DCEFFA
203,12,98,#DCEEFA
204,12,98,#DCEEFA
205,12,98,#DCEDFA
206,12,98,#DCEDFA
207,12,98,#DCECFA
208,12,98,#DCECFA
209,12,98,#DCEBFA
210,12,98,#DCEBFA
211,12,98,#DCEAFA
212,12,98,#DCEAFA
213,12,98,#DCE9FA
214,12,98,#DCE9FA
215,12,98,#DCE8FA
216,12,98,#DCE8FA
217,12,98,#DCE7FA
218,12,98,#DCE7FA
219,12,98,#DCE6FA
220,12,98,#DCE6FA
221,12,98,#DCE5FA
222,12,98,#DCE5FA
223,12,98,#DCE4FA
224,12,98,#DCE4FA
225,12,98,#DCE3FA
226,12,98,#DCE3FA
227,12,98,#DCE2FA
228,12,98,#DCE2FA
229,12,98,#DCE1FA
230,12,98,#DCE1FA
231,12,98,#DCE0FA
232,12,98,#DCE0FA
233,12,98,#DCDFFA
234,12,98,#DCDFFA
235,12,98,#DCDEFA
236,12,98,#DCDEFA
237,12,98,#DCDDFA
238,12,98,#DCDDFA
239,12,98,#DCDCFA
240,12,98,#DCDCFA
241,12,98,#DCDCFA
242,12,98,#DDDCFA
243,12,98,#DDDCFA
244,12,98,#DEDCFA
245,12,98,#DEDCFA
246,12,98,#DFDCFA
247,12,98,#DFDCFA
248,12,98,#E0DCFA
249,12,98,#E0DCFA
250,12,98,#E1DCFA
251,12,98,#E1DCFA
252,12,98,#E2DCFA
253,12,98,#E2DCFA
254,12,98,#E3DCFA
255,12,98,#E3DCFA
256,12,98,#E4DCFA
257,12,98,#E4DCFA
258,12,98,#E5DCFA
259,12,98,#E5DCFA
260,12,98,#E6DCFA
261,12,98,#E6DCFA
262,12,98,#E7DCFA
263,12,98,#E7DCFA
264,12,98,#E8DCFA
265,12,98,#E8DCFA
266,12,98,#E9DCFA
267,12,98,#E9DCFA
268,12,98,#EADCFA
269,12,98,#EADCFA
270,12,98,#EBDCFA
271,12,98,#EBDCFA
272,12,98,#ECDCFA
273,12,98,#ECDCFA
274,12,98,#EDDCFA
275,12,98,#EDDCFA
276,12,98,#EEDCFA
277,12,98,#EEDCFA
278,12,98,#EFDCFA
279,12,98,#EFDCFA
280,12,98,#F0DCFA
281,12,98,#F0DCFA
282,12,98,#F1DCFA
283,12,98,#F1DCFA
284,12,98,#F2DCFA
285,12,98,#F2DCFA
286,12,98,#F3DCFA
287,12,98,#F3DCFA
288,12,98,#F4DCFA
289,12,98,#F4DCFA
290,12,98,#F5DCFA
291,12,98,#F5DCFA
292,12,98,#F6DCFA
293,12,98,#F6DCFA
294,12,98,#F7DCFA
295,12,98,#F7DCFA
296,12,98,#F8DCFA
297,12,98,#F8DCFA
298,12,98,#F9DCFA
299,12,98,#F9DCFA
300,12,98,#FADCFA
301,12,98,#FADCF9
302,12,98,#FADCF9
303,12,98,#FADCF8
304,12,98,#FADCF8
305,12,98,#FADCF7
306,12,98,#FADCF7
307,12,98,#FADCF6
308,12,98,#FADCF6
309,12,98,#FADCF5
310,12,98,#FADCF5
311,12,98,#FADCF4
312,12,98,#FADCF4
313,12,98,#FADCF3
314,12,98,#FADCF3
315,12,98,#FADCF2
316,12,98,#FADCF2
317,12,98,#FADCF1
318,12,98,#FADCF1
319,12,98,#FADCF0
320,12,98,#FADCF0
321,12,98,#FADCEF
322,12,98,#FADCEF
323,12,98,#FADCEE
324,12,98,#FADCEE
325,12,98,#FADCED
326,12,98,#FADCED
327,12,98,#FADCEC
328,12,98,#FADCEC
329,12,98,#FADCEB
330,12,98,#FADCEB
331,12,98,#FADCEA
332,12,98,#FADCEA
333,12,98,#FADCE9
334,12,98,#FADCE9
335,12,98,#FADCE8
336,12,98,#FADCE8
337,12,98,#FADCE7
338,12,98,#FADCE7
339,12,98,#FADCE6
340,12,98,#FADCE6
341,12,98,#FADCE5
342,12,98,#FADCE5
343,12,98,#FADCE4
344,12,98,#FADCE4
345,12,98,#FADCE3
346,12,98,#FADCE3
347,12,98,#FADCE2
348,12,98,#FADCE2
349,12,98,#FADCE1
350,12,98,#FADCE1
351,12,98,#FADCE0
352,12,98,#FADCE0
353,12,98,#FADCDF
354,12,98,#FADCDF
355,12,98,#FADCDE
356,12,98,#FADCDE
357,12,98,#FADCDD
358,12,98,#FADCDD
359,12,98,#FADCDC
0,11,98,#FADEDE
1,11,98,#FADFDE
2,11,98,#FADFDE
3,11,98,#FAE0DE
4,11,98,#FAE0DE
5,11,98,#FAE1DE
6,11,98,#FAE1DE
7,11,98,#FAE2DE
8,11,98,#FAE2DE
9,11,98,#FAE3DE
10,11,98,#FAE3DE
11,11,98,#FAE3DE
12,11,98,#FAE4DE
13,11,98,#FAE4DE
14,11,98,#FAE5DE
15,11,98,#FAE5DE
16,11,98,#FAE6DE
17,11,98,#FAE6DE
18,11,98,#FAE7DE
19,11,98,#FAE7DE
20,11,98,#FAE8DE
21,11,98,#FAE8DE
22,11,98,#FAE8DE
23,11,98,#FAE9DE
24,11,98,#FAE9DE
25,11,98,#FAEADE
26,11,98,#FAEADE
27,11,98,#FAEBDE
28,11,98,#FAEBDE
29,11,98,#FAECDE
30,11,98,#FAECDE
31,11,98,#FAEDDE
32,11,98,#FAEDDE
33,11,98,#FAEEDE
34,11,98,#FAEEDE
35,11,98,#FAEEDE
36,11,98,#FAEFDE
37,11,98,#FAEFDE
38,11,98,#FAF0DE
39,11,98,#FAF0DE
40,11,98,#FAF1DE
41,11,98,#FAF1DE
42,11,98,#FAF2DE
43,11,98,#FAF2DE
44,11,98,#FAF3DE
45,11,98,#FAF3DE
46,11,98,#FAF3DE
47,11,98,#FAF4DE
48,11,98,#FAF4DE
49,11,98,#FAF5DE
50,11,98,#FAF5DE
51,11,98,#FAF6DE
52,11,98,#FAF6DE
53,11,98,#FAF7DE
54,11,98,#FAF7DE
55,11,98,#FAF8DE
56,11,98,#FAF8DE
57,11,98,#FAF9DE
58,11,98,#FAF9DE
59,11,98,#FAF9DE
60,11,98,#FAFADE
61,11,98,#F9FADE
62,11,98,#F9FADE
63,11,98,#F9FADE
64,11,98,#F8FADE
65,11,98,#F8FADE
66,11,98,#F7FADE
67,11,98,#F7FADE
68,11,98,#F6FADE
69,11,98,#F6FADE
70,11,98,#F5FADE
71,11,98,#F5FADE
72,11,98,#F4FADE
73,11,98,#F4FADE
74,11,98,#F3FADE
75,11,98,#F3FADE
76,11,98,#F3FADE
77,11,98,#F2FADE
78,11,98,#F2FADE
79,11,98,#F1FADE
80,11,98,#F1FADE
81,11,98,#F0FADE
82,11,98,#F0FADE
83,11,98,#EFFADE
84,11,98,#EFFADE
85,11,98,#EEFADE
86,11,98,#EEFADE
87,11,98,#EEFADE
88,11,98,#EDFADE
89,11,98,#EDFADE
90,11,98,#ECFADE
91,11,98,#ECFADE
92,11,98,#EBFADE
93,11,98,#EBFADE
94,11,98,#EAFADE
95,11,98,#EAFADE
96,11,98,#E9FADE
97,11,98,#E9FADE
98,11,98,#E8FADE
99,11,98,#E8FADE
100,11,98,#E8FADE
101,11,98,#E7FADE
102,11,98,#E7FADE
103,11,98,#E6FADE
104,11,98,#E6FADE
105,11,98,#E5FADE
106,11,98,#E5FADE
107,11,98,#E4FADE
108,11,98,#E4FADE
109,11,98,#E3FADE
110,11,98,#E3FADE
111,11,98,#E3FADE
112,11,98,#E2FADE
113,11,98,#E2FADE
114,11,98,#E1FADE
115,11,98,#E1FADE
116,11,98,#E0FADE
117,11,98,#E0FADE
118,11,98,#DFFADE
119,11,98,#DFFADE
120,11,98,#DEFADE
121,11,98,#DEFADF
122,11,98,#DEFADF
123,11,98,#DEFAE0
124,11,98,#DEFAE0
125,11,98,#DEFAE1
126,11,98,#DEFAE1
127,11,98,#DEFAE2
128,11,98,#DEFAE2
129,11,98,#DEFAE3
130,11,98,#DEFAE3
131,11,98,#DEFAE3
132,11,98,#DEFAE4
133,11,98,#DEFAE4
134,11,98,#DEFAE5
135,11,98,#DEFAE5
136,11,98,#DEFAE6
137,11,98,#DEFAE6
138,11,98,#DEFAE7
139,11,98,#DEFAE7
140,11,98,#DEFAE8
141,11,98,#DEFAE8
142,11,98,#DEFAE8
143,11,98,#DEFAE9
144,11,98,#DEFAE9
145,11,98,#DEFAEA
146,11,98,#DEFAEA
147,11,98,#DEFAEB
148,11,98,#DEFAEB
149,11,98,#DEFAEC
150,11,98,#DEFAEC
151,11,98,#DEFAED
152,11,98,#DEFAED
153,11,98,#DEFAEE
154,11,98,#DEFAEE
155,11,98,#DEFAEE
156,11,98,#DEFAEF
157,11,98,#DEFAEF
158,11,98,#DEFAF0
159,11,98,#DEFAF0
160,11,98,#DEFAF1
161,11,98,#DEFAF1
162,11,98,#DEFAF2
163,11,98,#DEFAF2
164,11,98,#DEFAF3
165,11,98,#DEFAF3
166,11,98,#DEFAF3
167,11,98,#DEFAF4
168,11,98,#DEFAF4
169,11,98,#DEFAF5
170,11,98,#DEFAF5
171,11,98,#DEFAF6
172,11,98,#DEFAF6
173,11,98,#DEFAF7
174,11,98,#DEFAF7
175,11,98,#DEFAF8
176,11,98,#DEFAF8
177,11,98,#DEFAF9
178,11,98,#DEFAF9
179,11,98,#DEFAF9
180,11,98,#DEFAFA
181,11,98,#DEF9FA
182,11,98,#DEF9FA
183,11,98,#DEF9FA
184,11,98,#DEF8FA
185,11,98,#DEF8FA
186,11,98,#DEF7FA
187,11,98,#DEF7FA
188,11,98,#DEF6FA
189,11,98,#DEF6FA
190,11,98,#DEF5FA
191,11,98,#DEF5FA
192,11,98,#DEF4FA
193,11,98,#DEF4FA
194,11,98,#DEF3FA
195,11,98,#DEF3FA
196,11,98,#DEF3FA
197,11,98,#DEF2FA
198,11,98,#DEF2FA
199,11,98,#DEF1FA
200,11,98,#DEF1FA
201,11,98,#DEF0FA
202,11,98,#DEF0FA
203,11,98,#DEEFFA
204,11,98,#DEEFFA
205,11,98,#DEEEFA
206,11,98,#DEEEFA
207,11,98,#DEEEFA
208,11,98,#DEEDFA
209,11,98,#DEEDFA
210,11,98,#DEECFA
211,11,98,#DEECFA
212,11,98,#DEEBFA
213,11,98,#DEEBFA
214,11,98,#DEEAFA
215,11,98,#DEEAFA
216,11,98,#DEE9FA
217,11,98,#DEE9FA
218,11,98,#DEE8FA
219,11,98,#DEE8FA
220,11,98,#DEE8FA
221,11,98,#DEE7FA
222,11,98,#DEE7FA
223,11,98,#DEE6FA
224,11,98,#DEE6FA
225,11,98,#DEE5FA
226,11,98,#DEE5FA
227,11,98,#DEE4FA
228,11,98,#DEE4FA
229,11,98,#DEE3FA
230,11,98,#DEE3FA
231,11,98,#DEE3FA
232,11,98,#DEE2FA
233,11,98,#DEE2FA
234,11,98,#DEE1FA
235,11,98,#DEE1FA
236,11,98,#DEE0FA
237,11,98,#DEE0FA
238,11,98,#DEDFFA
239,11,98,#DEDFFA
240,11,98,#DEDEFA
241,11,98,#DFDEFA
242,11,98,#DFDEFA
243,11,98,#E0DEFA
244,11,98,#E0DEFA
245,11,98,#E1DEFA
246,11,98,#E1DEFA
247,11,98,#E2DEFA
248,11,98,#E2DEFA
249,11,98,#E3DEFA
250,11,98,#E3DEFA
251,11,98,#E3DEFA
252,11,98,#E4DEFA
253,11,98,#E4DEFA
254,11,98,#E5DEFA
255,11,98,#E5DEFA
256,11,98,#E6DEFA
257,11,98,#E6DEFA
258,11,98,#E7DEFA
259,11,98,#E7DEFA
260,11,98,#E8DEFA
261,11,98,#E8DEFA
262,11,98,#E8DEFA
263,11,98,#E9DEFA
264,11,98,#E9DEFA
265,11,98,#EADEFA
266,11,98,#EADEFA
267,11,98,#EBDEFA
268,11,98,#EBDEFA
269,11,98,#ECDEFA
270,11,98,#ECDEFA
271,11,98,#EDDEFA
272,11,98,#EDDEFA
273,11,98,#EEDEFA
274,11,98,#EEDEFA
275,11,98,#EEDEFA
276,11,98,#EFDEFA
277,11,98,#EFDEFA
278,11,98,#F0DEFA
279,11,98,#F0DEFA
280,11,98,#F1DEFA
281,11,98,#F1DEFA
282,11,98,#F2DEFA
283,11,98,#F2DEFA
284,11,98,#F3DEFA
285,11,98,#F3DEFA
286,11,98,#F3DEFA
287,11,98,#F4DEFA
288,11,98,#F4DEFA
289,11,98,#F5DEFA
290,11,98,#F5DEFA
291,11,98,#F6DEFA
292,11,98,#F6DEFA
293,11,98,#F7DEFA
294,11,98,#F7DEFA
295,11,98,#F8DEFA
296,11,98,#F8DEFA
297,11,98,#F9DEFA
298,11,98,#F9DEFA
299,11,98,#F9DEFA
300,11,98,#FADEFA
301,11,98,#FADEF9
302,11,98,#FADEF9
303,11,98,#FADEF9
304,11,98,#FADEF8
305,11,98,#FADEF8
306,11,98,#FADEF7
307,11,98,#FADEF7
308,11,98,#FADEF6
309,11,98,#FADEF6
310,11,98,#FADEF5
311,11,98,#FADEF5
312,11,98,#FADEF4
313,11,98,#FADEF4
314,11,98,#FADEF3
315,11,98,#FADEF3
316,11,98,#FADEF3
317,11,98,#FADEF2
318,11,98,#FADEF2
319,11,98,#FADEF1
320,11,98,#FADEF1
321,11,98,#FADEF0
322,11,98,#FADEF0
323,11,98,#FADEEF
324,11,98,#FADEEF
325,11,98,#FADEEE
326,11,98,#FADEEE
327,11,98,#FADEEE
328,11,98,#FADEED
329,11,98,#FADEED
330,11,98,#FADEEC
331,11,98,#FADEEC
332,11,98,#FADEEB
333,11,98,#FADEEB
334,11,98,#FADEEA
335,11,98,#FADEEA
336,11,98,#FADEE9
337,11,98,#FADEE9
338,11,98,#FADEE8
339,11,98,#FADEE8
340,11,98,#FADEE8
341,11,98,#FADEE7
342,11,98,#FADEE7
343,11,98,#FADEE6
344,11,98,#FADEE6
345,11,98,#FADEE5
346,11,98,#FADEE5
347,11,98,#FADEE4
348,11,98,#FADEE4
349,11,98,#FADEE3
350,11,98,#FADEE3
351,11,98,#FADEE3
352,11,98,#FADEE2
353,11,98,#FADEE2
354,11,98,#FADEE1
355,11,98,#FADEE1
356,11,98,#FADEE0
357,11,98,#FADEE0
358,11,98,#FADEDF
359,11,98,#FADEDF
0,10,98,#FAE1E1
1,10,98,#FAE1E1
2,10,98,#FAE2E1
3,10,98,#FAE2E1
4,10,98,#FAE3E1
5,10,98,#FAE3E1
6,10,98,#FAE3E1
7,10,98,#FAE4E1
8,10,98,#FAE4E1
9,10,98,#FAE5E1
10,10,98,#FAE5E1
11,10,98,#FAE5E1
12,10,98,#FAE6E1
13,10,98,#FAE6E1
14,10,98,#FAE7E1
15,10,98,#FAE7E1
16,10,98,#FAE8E1
17,10,98,#FAE8E1
18,10,98,#FAE8E1
19,10,98,#FAE9E1
20,10,98,#FAE9E1
21,10,98,#FAEAE1
22,10,98,#FAEAE1
23,10,98,#FAEAE1
24,10,98,#FAEBE1
25,10,98,#FAEBE1
26,10,98,#FAECE1
27,10,98,#FAECE1
28,10,98,#FAEDE1
29,10,98,#FAEDE1
30,10,98,#FAEDE1
31,10,98,#FAEEE1
32,10,98,#FAEEE1
33,10,98,#FAEFE1
34,10,98,#FAEFE1
35,10,98,#FAEFE1
36,10,98,#FAF0E1
37,10,98,#FAF0E1
38,10,98,#FAF1E1
39,10,98,#FAF1E1
40,10,98,#FAF2E1
41,10,98,#FAF2E1
42,10,98,#FAF2E1
43,10,98,#FAF3E1
44,10,98,#FAF3E1
45,10,98,#FAF4E1
46,10,98,#FAF4E1
47,10,98,#FAF4E1
48,10,98,#FAF5E1
49,10,98,#FAF5E1
50,10,98,#FAF6E1
51,10,98,#FAF6E1
52,10,98,#FAF7E1
53,10,98,#FAF7E1
54,10,98,#FAF7E1
55,10,98,#FAF8E1
56,10,98,#FAF8E1
57,10,98,#FAF9E1
58,10,98,#FAF9E1
59,10,98,#FAF9E1
60,10,98,#FAFAE1
61,10,98,#F9FAE1
62,10,98,#F9FAE1
63,10,98,#F9FAE1
64,10,98,#F8FAE1
65,10,98,#F8FAE1
66,10,98,#F7FAE1
67,10,98,#F7FAE1
68,10,98,#F7FAE1
69,10,98,#F6FAE1
70,10,98,#F6FAE1
71,10,98,#F5FAE1
72,10,98,#F5FAE1
73,10,98,#F4FAE1
74,10,98,#F4FAE1
75,10,98,#F4FAE1
76,10,98,#F3FAE1
77,10,98,#F3FAE1
78,10,98,#F2FAE1
79,10,98,#F2FAE1
80,10,98,#F2FAE1
81,10,98,#F1FAE1
82,10,98,#F1FAE1
83,10,98,#F0FAE1
84,10,98,#F0FAE1
85,10,98,#EFFAE1
86,10,98,#EFFAE1
87,10,98,#EFFAE1
88,10,98,#EEFAE1
89,10,98,#EEFAE1
90,10,98,#EDFAE1
91,10,98,#EDFAE1
92,10,98,#EDFAE1
93,10,98,#ECFAE1
94,10,98,#ECFAE1
95,10,98,#EBFAE1
96,10,98,#EBFAE1
97,10,98,#EAFAE1
98,10,98,#EAFAE1
99,10,98,#EAFAE1
100,10,98,#E9FAE1
101,10,98,#E9FAE1
102,10,98,#E8FAE1
103,10,98,#E8FAE1
104,10,98,#E8FAE1
105,10,98,#E7FAE1
106,10,98,#E7FAE1
107,10,98,#E6FAE1
108,10,98,#E6FAE1
109,10,98,#E5FAE1
110,10,98,#E5FAE1
111,10,98,#E5FAE1
112,10,98,#E4FAE1
113,10,98,#E4FAE1
114,10,98,#E3FAE1
115,10,98,#E3FAE1
116,10,98,#E3FAE1
117,10,98,#E2FAE1
118,10,98,#E2FAE1
119,10,98,#E1FAE1
120,10,98,#E1FAE1
121,10,98,#E1FAE1
122,10,98,#E1FAE2
123,10,98,#E1FAE2
124,10,98,#E1FAE3
125,10,98,#E1FAE3
126,10,98,#E1FAE3
127,10,98,#E1FAE4
128,10,98,#E1FAE4
129,10,98,#E1FAE5
130,10,98,#E1FAE5
131,10,98,#E1FAE5
132,10,98,#E1FAE6
133,10,98,#E1FAE6
134,10,98,#E1FAE7
135,10,98,#E1FAE7
136,10,98,#E1FAE8
137,10,98,#E1FAE8
138,10,98,#E1FAE8
139,10,98,#E1FAE9
140,10,98,#E1FAE9
141,10,98,#E1FAEA
142,10,98,#E1FAEA
143,10,98,#E1FAEA
144,10,98,#E1FAEB
145,10,98,#E1FAEB
146,10,98,#E1FAEC
147,10,98,#E1FAEC
148,10,98,#E1FAED
149,10,98,#E1FAED
150,10,98,#E1FAED
151,10,98,#E1FAEE
152,10,98,#E1FAEE
153,10,98,#E1FAEF
154,10,98,#E1FAEF
155,10,98,#E1FAEF
156,10,98,#E1FAF0
157,10,98,#E1FAF0
158,10,98,#E1FAF1
159,10,98,#E1FAF1
160,10,98,#E1FAF2
161,10,98,#E1FAF2
162,10,98,#E1FAF2
163,10,98,#E1FAF3
164,10,98,#E1FAF3
165,10,98,#E1FAF4
166,10,98,#E1FAF4
167,10,98,#E1FAF4
168,10,98,#E1FAF5
169,10,98,#E1FAF5
170,10,98,#E1FAF6
171,10,98,#E1FAF6
172,10,98,#E1FAF7
173,10,98,#E1FAF7
174,10,98,#E1FAF7
175,10,98,#E1FAF8
176,10,98,#E1FAF8
177,10,98,#E1FAF9
178,10,98,#E1FAF9
179,10,98,#E1FAF9
180,10,98,#E1FAFA
181,10,98,#E1F9FA
182,10,98,#E1F9FA
183,10,98,#E1F9FA
184,10,98,#E1F8FA
185,10,98,#E1F8FA
186,10,98,#E1F7FA
187,10,98,#E1F7FA
188,10,98,#E1F7FA
189,10,98,#E1F6FA
190,10,98,#E1F6FA
191,10,98,#E1F5FA
192,10,98,#E1F5FA
193,10,98,#E1F4FA
194,10,98,#E1F4FA
195,10,98,#E1F4FA
196,10,98,#E1F3FA
197,10,98,#E1F3FA
198,10,98,#E1F2FA
199,10,98,#E1F2FA
200,10,98,#E1F2FA
201,10,98,#E1F1FA
202,10,98,#E1F1FA
203,10,98,#E1F0FA
204,10,98,#E1F0FA
205,10,98,#E1EFFA
206,10,98,#E1EFFA
207,10,98,#E1EFFA
208,10,98,#E1EEFA
209,10,98,#E1EEFA
210,10,98,#E1EDFA
211,10,98,#E1EDFA
212,10,98,#E1EDFA
213,10,98,#E1ECFA
214,10,98,#E1ECFA
215,10,98,#E1EBFA
216,10,98,#E1EBFA
217,10,98,#E1EAFA
218,10,98,#E1EAFA
219,10,98,#E1EAFA
220,10,98,#E1E9FA
221,10,98,#E1E9FA
222,10,98,#E1E8FA
223,10,98,#E1E8FA
224,10,98,#E1E8FA
225,10,98,#E1E7FA
226,10,98,#E1E7FA
227,10,98,#E1E6FA
228,10,98,#E1E6FA
229,10,98,#E1E5FA
230,10,98,#E1E5FA
231,10,98,#E1E5FA
232,10,98,#E1E4FA
233,10,98,#E1E4FA
234,10,98,#E1E3FA
235,10,98,#E1E3FA
236,10,98,#E1E3FA
237,10,98,#E1E2FA
238,10,98,#E1E2FA
239,10,98,#E1E1FA
240,10,98,#E1E1FA
241,10,98,#E1E1FA
242,10,98,#E2E1FA
243,10,98,#E2E1FA
244,10,98,#E3E1FA
245,10,98,#E3E1FA
246,10,98,#E3E1FA
247,10,98,#E4E1FA
248,10,98,#E4E1FA
249,10,98,#E5E1FA
250,10,98,#E5E1FA
251,10,98,#E5E1FA
252,10,98,#E6E1FA
253,10,98,#E6E1FA
254,10,98,#E7E1FA
255,10,98,#E7E1FA
256,10,98,#E8E1FA
257,10,98,#E8E1FA
258,10,98,#E8E1FA
259,10,98,#E9E1FA
260,10,98,#E9E1FA
261,10,98,#EAE1FA
262,10,98,#EAE1FA
263,10,98,#EAE1FA
264,10,98,#EBE1FA
265,10,98,#EBE1FA
266,10,98,#ECE1FA
267,10,98,#ECE1FA
268,10,98,#EDE1FA
269,10,98,#EDE1FA
270,10,98,#EDE1FA
271,10,98,#EEE1FA
272,10,98,#EEE1FA
273,10,98,#EFE1FA
274,10,98,#EFE1FA
275,10,98,#EFE1FA
276,10,98,#F0E1FA
277,10,98,#F0E1FA
278,10,98,#F1E1FA
279,10,98,#F1E1FA
280,10,98,#F2E1FA
281,10,98,#F2E1FA
282,10,98,#F2E1FA
283,10,98,#F3E1FA
284,10,98,#F3E1FA
285,10,98,#F4E1FA
286,10,98,#F4E1FA
287,10,98,#F4E1FA
288,10,98,#F5E1FA
289,10,98,#F5E1FA
290,10,98,#F6E1FA
291,10,98,#F6E1FA
292,10,98,#F7E1FA
293,10,98,#F7E1FA
294,10,98,#F7E1FA
295,10,98,#F8E1FA
296,10,98,#F8E1FA
297,10,98,#F9E1FA
298,10,98,#F9E1FA
299,10,98,#F9E1FA
300,10,98,#FAE1FA
301,10,98,#FAE1F9
302,10,98,#FAE1F9
303,10,98,#FAE1F9
304,10,98,#FAE1F8
305,10,98,#FAE1F8
306,10,98,#FAE1F7
307,10,98,#FAE1F7
308,10,98,#FAE1F7
309,10,98,#FAE1F6
310,10,98,#FAE1F6
311,10,98,#FAE1F5
312,10,98,#FAE1F5
313,10,98,#FAE1F4
314,10,98,#FAE1F4
315,10,98,#FAE1F4
316,10,98,#FAE1F3
317,10,98,#FAE1F3
318,10,98,#FAE1F2
319,10,98,#FAE1F2
320,10,98,#FAE1F2
321,10,98,#FAE1F1
322,10,98,#FAE1F1
323,10,98,#FAE1F0
324,10,98,#FAE1F0
325,10,98,#FAE1EF
326,10,98,#FAE1EF
327,10,98,#FAE1EF
328,10,98,#FAE1EE
329,10,98,#FAE1EE
330,10,98,#FAE1ED
331,10,98,#FAE1ED
332,10,98,#FAE1ED
333,10,98,#FAE1EC
334,10,98,#FAE1EC
335,10,98,#FAE1EB
336,10,98,#FAE1EB
337,10,98,#FAE1EA
338,10,98,#FAE1EA
339,10,98,#FAE1EA
340,10,98,#FAE1E9
341,10,98,#FAE1E9
342,10,98,#FAE1E8
343,10,98,#FAE1E8
344,10,98,#FAE1E8
345,10,98,#FAE1E7
346,10,98,#FAE1E7
347,10,98,#FAE1E6
348,10,98,#FAE1E6
349,10,98,#FAE1E5
350,10,98,#FAE1E5
351,10,98,#FAE1E5
352,10,98,#FAE1E4
353,10,98,#FAE1E4
354,10,98,#FAE1E3
355,10,98,#FAE1E3
356,10,98,#FAE1E3
357,10,98,#FAE1E2
358,10,98,#FAE1E2
359,10,98,#FAE1E1
0,9,98,#FAE3E3
1,9,98,#FAE4E3
2,9,98,#FAE4E3
3,9,98,#FAE5E3
4,9,98,#FAE5E3
5,9,98,#FAE5E3
6,9,98,#FAE6E3
7,9,98,#FAE6E3
8,9,98,#FAE6E3
9,9,98,#FAE7E3
10,9,98,#FAE7E3
11,9,98,#FAE8E3
12,9,98,#FAE8E3
13,9,98,#FAE8E3
14,9,98,#FAE9E3
15,9,98,#FAE9E3
16,9,98,#FAE9E3
17,9,98,#FAEAE3
18,9,98,#FAEAE3
19,9,98,#FAEBE3
20,9,98,#FAEBE3
21,9,98,#FAEBE3
22,9,98,#FAECE3
23,9,98,#FAECE3
24,9,98,#FAECE3
25,9,98,#FAEDE3
26,9,98,#FAEDE3
27,9,98,#FAEEE3
28,9,98,#FAEEE3
29,9,98,#FAEEE3
30,9,98,#FAEFE3
31,9,98,#FAEFE3
32,9,98,#FAEFE3
33,9,98,#FAF0E3
34,9,98,#FAF0E3
35,9,98,#FAF1E3
36,9,98,#FAF1E3
37,9,98,#FAF1E3
38,9,98,#FAF2E3
39,9,98,#FAF2E3
40,9,98,#FAF2E3
41,9,98,#FAF3E3
42,9,98,#FAF3E3
43,9,98,#FAF4E3
44,9,98,#FAF4E3
45,9,98,#FAF4E3
46,9,98,#FAF5E3
47,9,98,#FAF5E3
48,9,98,#FAF5E3
49,9,98,#FAF6E3
50,9,98,#FAF6E3
51,9,98,#FAF7E3
52,9,98,#FAF7E3
53,9,98,#FAF7E3
54,9,98,#FAF8E3
55,9,98,#FAF8E3
56,9,98,#FAF8E3
57,9,98,#FAF9E3
58,9,98,#FAF9E3
59,9,98,#FAFAE3
60,9,98,#FAFAE3
61,9,98,#FAFAE3
62,9,98,#F9FAE3
63,9,98,#F9FAE3
64,9,98,#F8FAE3
65,9,98,#F8FAE3
66,9,98,#F8FAE3
67,9,98,#F7FAE3
68,9,98,#F7FAE3
69,9,98,#F7FAE3
70,9,98,#F6FAE3
71,9,98,#F6FAE3
72,9,98,#F5FAE3
73,9,98,#F5FAE3
74,9,98,#F5FAE3
75,9,98,#F4FAE3
76,9,98,#F4FAE3
77,9,98,#F4FAE3
78,9,98,#F3FAE3
79,9,98,#F3FAE3
80,9,98,#F2FAE3
81,9,98,#F2FAE3
82,9,98,#F2FAE3
83,9,98,#F1FAE3
84,9,98,#F1FAE3
85,9,98,#F1FAE3
86,9,98,#F0FAE3
87,9,98,#F0FAE3
88,9,98,#EFFAE3
89,9,98,#EFFAE3
90,9,98,#EFFAE3
91,9,98,#EEFAE3
92,9,98,#EEFAE3
93,9,98,#EEFAE3
94,9,98,#EDFAE3
95,9,98,#EDFAE3
96,9,98,#ECFAE3
97,9,98,#ECFAE3
98,9,98,#ECFAE3
99,9,98,#EBFAE3
100,9,98,#EBFAE3
101,9,98,#EBFAE3
102,9,98,#EAFAE3
103,9,98,#EAFAE3
104,9,98,#E9FAE3
105,9,98,#E9FAE3
106,9,98,#E9FAE3
107,9,98,#E8FAE3
108,9,98,#E8FAE3
109,9,98,#E8FAE3
110,9,98,#E7FAE3
111,9,98,#E7FAE3
112,9,98,#E6FAE3
113,9,98,#E6FAE3
114,9,98,#E6FAE3
115,9,98,#E5FAE3
116,9,98,#E5FAE3
117,9,98,#E5FAE3
118,9,98,#E4FAE3
119,9,98,#E4FAE3
120,9,98,#E3FAE3
121,9,98,#E3FAE4
122,9,98,#E3FAE4
123,9,98,#E3FAE5
124,9,98,#E3FAE5
125,9,98,#E3FAE5
126,9,98,#E3FAE6
127,9,98,#E3FAE6
128,9,98,#E3FAE6
129,9,98,#E3FAE7
130,9,98,#E3FAE7
131,9,98,#E3FAE8
132,9,98,#E3FAE8
133,9,98,#E3FAE8
134,9,98,#E3FAE9
135,9,98,#E3FAE9
136,9,98,#E3FAE9
137,9,98,#E3FAEA
138,9,98,#E3FAEA
139,9,98,#E3FAEB
140,9,98,#E3FAEB
141,9,98,#E3FAEB
142,9,98,#E3FAEC
143,9,98,#E3FAEC
144,9,98,#E3FAEC
145,9,98,#E3FAED
146,9,98,#E3FAED
147,9,98,#E3FAEE
148,9,98,#E3FAEE
149,9,98,#E3FAEE
150,9,98,#E3FAEF
151,9,98,#E3FAEF
152,9,98,#E3FAEF
153,9,98,#E3FAF0
154,9,98,#E3FAF0
155,9,98,#E3FAF1
156,9,98,#E3FAF1
157,9,98,#E3FAF1
158,9,98,#E3FAF2
159,9,98,#E3FAF2
160,9,98,#E3FAF2
161,9,98,#E3FAF3
162,9,98,#E3FAF3
163,9,98,#E3FAF4
164,9,98,#E3FAF4
165,9,98,#E3FAF4
166,9,98,#E3FAF5
167,9,98,#E3FAF5
168,9,98,#E3FAF5
169,9,98,#E3FAF6
170,9,98,#E3FAF6
171,9,98,#E3FAF7
172,9,98,#E3FAF7
173,9,98,#E3FAF7
174,9,98,#E3FAF8
175,9,98,#E3FAF8
176,9,98,#E3FAF8
177,9,98,#E3FAF9
178,9,98,#E3FAF9
179,9,98,#E3FAFA
180,9,98,#E3FAFA
181,9,98,#E3FAFA
182,9,98,#E3F9FA
183,9,98,#E3F9FA
184,9,98,#E3F8FA
185,9,98,#E3F8FA
186,9,98,#E3F8FA
187,9,98,#E3F7FA
188,9,98,#E3F7FA
189,9,98,#E3F7FA
190,9,98,#E3F6FA
191,9,98,#E3F6FA
192,9,98,#E3F5FA
193,9,98,#E3F5FA
194,9,98,#E3F5FA
195,9,98,#E3F4FA
196,9,98,#E3F4FA
197,9,98,#E3F4FA
198,9,98,#E3F3FA
199,9,98,#E3F3FA
200,9,98,#E3F2FA
201,9,98,#E3F2FA
202,9,98,#E3F2FA
203,9,98,#E3F1FA
204,9,98,#E3F1FA
205,9,98,#E3F1FA
206,9,98,#E3F0FA
207,9,98,#E3F0FA
208,9,98,#E3EFFA
209,9,98,#E3EFFA
210,9,98,#E3EFFA
211,9,98,#E3EEFA
212,9,98,#E3EEFA
213,9,98,#E3EEFA
214,9,98,#E3EDFA
215,9,98,#E3EDFA
216,9,98,#E3ECFA
217,9,98,#E3ECFA
218,9,98,#E3ECFA
219,9,98,#E3EBFA
220,9,98,#E3EBFA
221,9,98,#E3EBFA
222,9,98,#E3EAFA
223,9,98,#E3EAFA
224,9,98,#E3E9FA
225,9,98,#E3E9FA
226,9,98,#E3E9FA
227,9,98,#E3E8FA
228,9,98,#E3E8FA
229,9,98,#E3E8FA
230,9,98,#E3E7FA
231,9,98,#E3E7FA
232,9,98,#E3E6FA
233,9,98,#E3E6FA
234,9,98,#E3E6FA
235,9,98,#E3E5FA
236,9,98,#E3E5FA
237,9,98,#E3E5FA
238,9,98,#E3E4FA
239,9,98,#E3E4FA
240,9,98,#E3E3FA
241,9,98,#E4E3FA
242,9,98,#E4E3FA
243,9,98,#E5E3FA
244,9,98,#E5E3FA
245,9,98,#E5E3FA
246,9,98,#E6E3FA
247,9,98,#E6E3FA
248,9,98,#E6E3FA
249,9,98,#E7E3FA
250,9,98,#E7E3FA
251,9,98,#E8E3FA
252,9,98,#E8E3FA
253,9,98,#E8E3FA
254,9,98,#E9E3FA
255,9,98,#E9E3FA
256,9,98,#E9E3FA
257,9,98,#EAE3FA
258,9,98,#EAE3FA
259,9,98,#EBE3FA
260,9,98,#EBE3FA
261,9,98,#EBE3FA
262,9,98,#ECE3FA
263,9,98,#ECE3FA
264,9,98,#ECE3FA
265,9,98,#EDE3FA
266,9,98,#EDE3FA
267,9,98,#EEE3FA
268,9,98,#EEE3FA
269,9,98,#EEE3FA
270,9,98,#EFE3FA
271,9,98,#EFE3FA
272,9,98,#EFE3FA
273,9,98,#F0E3FA
274,9,98,#F0E3FA
275,9,98,#F1E3FA
276,9,98,#F1E3FA
277,9,98,#F1E3FA
278,9,98,#F2E3FA
279,9,98,#F2E3FA
280,9,98,#F2E3FA
281,9,98,#F3E3FA
282,9,98,#F3E3FA
283,9,98,#F4E3FA
284,9,98,#F4E3FA
285,9,98,#F4E3FA
286,9,98,#F5E3FA
287,9,98,#F5E3FA
288,9,98,#F5E3FA
289,9,98,#F6E3FA
290,9,98,#F6E3FA
291,9,98,#F7E3FA
292,9,98,#F7E3FA
293,9,98,#F7E3FA
294,9,98,#F8E3FA
295,9,98,#F8E3FA
296,9,98,#F8E3FA
297,9,98,#F9E3FA
298,9,98,#F9E3FA
299,9,98,#FAE3FA
300,9,98,#FAE3FA
301,9,98,#FAE3FA
302,9,98,#FAE3F9
303,9,98,#FAE3F9
304,9,98,#FAE3F8
305,9,98,#FAE3F8
306,9,98,#FAE3F8
307,9,98,#FAE3F7
308,9,98,#FAE3F7
309,9,98,#FAE3F7
310,9,98,#FAE3F6
311,9,98,#FAE3F6
312,9,98,#FAE3F5
313,9,98,#FAE3F5
314,9,98,#FAE3F5
315,9,98,#FAE3F4
316,9,98,#FAE3F4
317,9,98,#FAE3F4
318,9,98,#FAE3F3
319,9,98,#FAE3F3
320,9,98,#FAE3F2
321,9,98,#FAE3F2
322,9,98,#FAE3F2
323,9,98,#FAE3F1
324,9,98,#FAE3F1
325,9,98,#FAE3F1
326,9,98,#FAE3F0
327,9,98,#FAE3F0
328,9,98,#FAE3EF
329,9,98,#FAE3EF
330,9,98,#FAE3EF
331,9,98,#FAE3EE
332,9,98,#FAE3EE
333,9,98,#FAE3EE
334,9,98,#FAE3ED
335,9,98,#FAE3ED
336,9,98,#FAE3EC
337,9,98,#FAE3EC
338,9,98,#FAE3EC
339,9,98,#FAE3EB
340,9,98,#FAE3EB
341,9,98,#FAE3EB
342,9,98,#FAE3EA
343,9,98,#FAE3EA
344,9,98,#FAE3E9
345,9,98,#FAE3E9
346,9,98,#FAE3E9
347,9,98,#FAE3E8
348,9,98,#FAE3E8
349,9,98,#FAE3E8
350,9,98,#FAE3E7
351,9,98,#FAE3E7
352,9,98,#FAE3E6
353,9,98,#FAE3E6
354,9,98,#FAE3E6
355,9,98,#FAE3E5
356,9,98,#FAE3E5
357,9,98,#FAE3E5
358,9,98,#FAE3E4
359,9,98,#FAE3E4
0,8,98,#FAE6E6
1,8,98,#FAE6E6
2,8,98,#FAE7E6
3,8,98,#FAE7E6
4,8,98,#FAE7E6
5,8,98,#FAE8E6
6,8,98,#FAE8E6
7,8,98,#FAE8E6
8,8,98,#FAE9E6
9,8,98,#FAE9E6
10,8,98,#FAE9E6
11,8,98,#FAEAE6
12,8,98,#FAEAE6
13,8,98,#FAEAE6
14,8,98,#FAEBE6
15,8,98,#FAEBE6
16,8,98,#FAEBE6
17,8,98,#FAECE6
18,8,98,#FAECE6
19,8,98,#FAECE6
20,8,98,#FAEDE6
21,8,98,#FAEDE6
22,8,98,#FAEDE6
23,8,98,#FAEEE6
24,8,98,#FAEEE6
25,8,98,#FAEEE6
26,8,98,#FAEFE6
27,8,98,#FAEFE6
28,8,98,#FAEFE6
29,8,98,#FAF0E6
30,8,98,#FAF0E6
31,8,98,#FAF0E6
32,8,98,#FAF1E6
33,8,98,#FAF1E6
34,8,98,#FAF1E6
35,8,98,#FAF2E6
36,8,98,#FAF2E6
37,8,98,#FAF2E6
38,8,98,#FAF3E6
39,8,98,#FAF3E6
40,8,98,#FAF3E6
41,8,98,#FAF4E6
42,8,98,#FAF4E6
43,8,98,#FAF4E6
44,8,98,#FAF5E6
45,8,98,#FAF5E6
46,8,98,#FAF5E6
47,8,98,#FAF6E6
48,8,98,#FAF6E6
49,8,98,#FAF6E6
50,8,98,#FAF7E6
51,8,98,#FAF7E6
52,8,98,#FAF7E6
53,8,98,#FAF8E6
54,8,98,#FAF8E6
55,8,98,#FAF8E6
56,8,98,#FAF9E6
57,8,98,#FAF9E6
58,8,98,#FAF9E6
59,8,98,#FAFAE6
60,8,98,#FAFAE6
61,8,98,#FAFAE6
62,8,98,#F9FAE6
63,8,98,#F9FAE6
64,8,98,#F9FAE6
65,8,98,#F8FAE6
66,8,98,#F8FAE6
67,8,98,#F8FAE6
68,8,98,#F7FAE6
69,8,98,#F7FAE6
70,8,98,#F7FAE6
71,8,98,#F6FAE6
72,8,98,#F6FAE6
73,8,98,#F6FAE6
74,8,98,#F5FAE6
75,8,98,#F5FAE6
76,8,98,#F5FAE6
77,8,98,#F4FAE6
78,8,98,#F4FAE6
79,8,98,#F4FAE6
80,8,98,#F3FAE6
81,8,98,#F3FAE6
82,8,98,#F3FAE6
83,8,98,#F2FAE6
84,8,98,#F2FAE6
85,8,98,#F2FAE6
86,8,98,#F1FAE6
87,8,98,#F1FAE6
88,8,98,#F1FAE6
89,8,98,#F0FAE6
90,8,98,#F0FAE6
91,8,98,#F0FAE6
92,8,98,#EFFAE6
93,8,98,#EFFAE6
94,8,98,#EFFAE6
95,8,98,#EEFAE6
96,8,98,#EEFAE6
97,8,98,#EEFAE6
98,8,98,#EDFAE6
99,8,98,#EDFAE6
100,8,98,#EDFAE6
101,8,98,#ECFAE6
102,8,98,#ECFAE6
103,8,98,#ECFAE6
104,8,98,#EBFAE6
105,8,98,#EBFAE6
106,8,98,#EBFAE6
107,8,98,#EAFAE6
108,8,98,#EAFAE6
109,8,98,#EAFAE6
110,8,98,#E9FAE6
111,8,98,#E9FAE6
112,8,98,#E9FAE6
113,8,98,#E8FAE6
114,8,98,#E8FAE6
115,8,98,#E8FAE6
116,8,98,#E7FAE6
117,8,98,#E7FAE6
118,8,98,#E7FAE6
119,8,98,#E6FAE6
120,8,98,#E6FAE6
121,8,98,#E6FAE6
122,8,98,#E6FAE7
123,8,98,#E6FAE7
124,8,98,#E6FAE7
125,8,98,#E6FAE8
126,8,98,#E6FAE8
127,8,98,#E6FAE8
128,8,98,#E6FAE9
129,8,98,#E6FAE9
130,8,98,#E6FAE9
131,8,98,#E6FAEA
132,8,98,#E6FAEA
133,8,98,#E6FAEA
134,8,98,#E6FAEB
135,8,98,#E6FAEB
136,8,98,#E6FAEB
137,8,98,#E6FAEC
138,8,98,#E6FAEC
139,8,98,#E6FAEC
140,8,98,#E6FAED
141,8,98,#E6FAED
142,8,98,#E6FAED
143,8,98,#E6FAEE
144,8,98,#E6FAEE
145,8,98,#E6FAEE
146,8,98,#E6FAEF
147,8,98,#E6FAEF
148,8,98,#E6FAEF
149,8,98,#E6FAF0
150,8,98,#E6FAF0
151,8,98,#E6FAF0
152,8,98,#E6FAF1
153,8,98,#E6FAF1
154,8,98,#E6FAF1
155,8,98,#E6FAF2
156,8,98,#E6FAF2
157,8,98,#E6FAF2
158,8,98,#E6FAF3
159,8,98,#E6FAF3
160,8,98,#E6FAF3
161,8,98,#E6FAF4
162,8,98,#E6FAF4
163,8,98,#E6FAF4
164,8,98,#E6FAF5
165,8,98,#E6FAF5
166,8,98,#E6FAF5
167,8,98,#E6FAF6
168,8,98,#E6FAF6
169,8,98,#E6FAF6
170,8,98,#E6FAF7
171,8,98,#E6FAF7
172,8,98,#E6FAF7
173,8,98,#E6FAF8
174,8,98,#E6FAF8
175,8,98,#E6FAF8
176,8,98,#E6FAF9
177,8,98,#E6FAF9
178,8,98,#E6FAF9
179,8,98,#E6FAFA
180,8,98,#E6FAFA
181,8,98,#E6FAFA
182,8,98,#E6F9FA
183,8,98,#E6F9FA
184,8,98,#E6F9FA
185,8,98,#E6F8FA
186,8,98,#E6F8FA
187,8,98,#E6F8FA
188,8,98,#E6F7FA
189,8,98,#E6F7FA
190,8,98,#E6F7FA
191,8,98,#E6F6FA
192,8,98,#E6F6FA
193,8,98,#E6F6FA
194,8,98,#E6F5FA
195,8,98,#E6F5FA
196,8,98,#E6F5FA
197,8,98,#E6F4FA
198,8,98,#E6F4FA
199,8,98,#E6F4FA
200,8,98,#E6F3FA
201,8,98,#E6F3FA
202,8,98,#E6F3FA
203,8,98,#E6F2FA
204,8,98,#E6F2FA
205,8,98,#E6F2FA
206,8,98,#E6F1FA
207,8,98,#E6F1FA
208,8,98,#E6F1FA
209,8,98,#E6F0FA
210,8,98,#E6F0FA
211,8,98,#E6F0FA
212,8,98,#E6EFFA
213,8,98,#E6EFFA
214,8,98,#E6EFFA
215,8,98,#E6EEFA
216,8,98,#E6EEFA
217,8,98,#E6EEFA
218,8,98,#E6EDFA
219,8,98,#E6EDFA
220,8,98,#E6EDFA
221,8,98,#E6ECFA
222,8,98,#E6ECFA
223,8,98,#E6ECFA
224,8,98,#E6EBFA
225,8,98,#E6EBFA
226,8,98,#E6EBFA
227,8,98,#E6EAFA
228,8,98,#E6EAFA
229,8,98,#E6EAFA
230,8,98,#E6E9FA
231,8,98,#E6E9FA
232,8,98,#E6E9FA
233,8,98,#E6E8FA
234,8,98,#E6E8FA
235,8,98,#E6E8FA
236,8,98,#E6E7FA
237,8,98,#E6E7FA
238,8,98,#E6E7FA
239,8,98,#E6E6FA
240,8,98,#E6E6FA
241,8,98,#E6E6FA
242,8,98,#E7E6FA
243,8,98,#E7E6FA
244,8,98,#E7E6FA
245,8,98,#E8E6FA
246,8,98,#E8E6FA
247,8,98,#E8E6FA
248,8,98,#E9E6FA
249,8,98,#E9E6FA
250,8,98,#E9E6FA
251,8,98,#EAE6FA
252,8,98,#EAE6FA
253,8,98,#EAE6FA
254,8,98,#EBE6FA
255,8,98,#EBE6FA
256,8,98,#EBE6FA
257,8,98,#ECE6FA
258,8,98,#ECE6FA
259,8,98,#ECE6FA
260,8,98,#EDE6FA
261,8,98,#EDE6FA
262,8,98,#EDE6FA
263,8,98,#EEE6FA
264,8,98,#EEE6FA
265,8,98,#EEE6FA
266,8,98,#EFE6FA
267,8,98,#EFE6FA
268,8,98,#EFE6FA
269,8,98,#F0E6FA
270,8,98,#F0E6FA
271,8,98,#F0E6FA
272,8,98,#F1E6FA
273,8,98,#F1E6FA
274,8,98,#F1E6FA
275,8,98,#F2E6FA
276,8,98,#F2E6FA
277,8,98,#F2E6FA
278,8,98,#F3E6FA
279,8,98,#F3E6FA
280,8,98,#F3E6FA
281,8,98,#F4E6FA
282,8,98,#F4E6FA
283,8,98,#F4E6FA
284,8,98,#F5E6FA
285,8,98,#F5E6FA
286,8,98,#F5E6FA
287,8,98,#F6E6FA
288,8,98,#F6E6FA
289,8,98,#F6E6FA
290,8,98,#F7E6FA
291,8,98,#F7E6FA
292,8,98,#F7E6FA
293,8,98,#F8E6FA
294,8,98,#F8E6FA
295,8,98,#F8E6FA
296,8,98,#F9E6FA
297,8,98,#F9E6FA
298,8,98,#F9E6FA
299,8,98,#FAE6FA
300,8,98,#FAE6FA
301,8,98,#FAE6FA
302,8,98,#FAE6F9
303,8,98,#FAE6F9
304,8,98,#FAE6F9
305,8,98,#FAE6F8
306,8,98,#FAE6F8
307,8,98,#FAE6F8
308,8,98,#FAE6F7
309,8,98,#FAE6F7
310,8,98,#FAE6F7
311,8,98,#FAE6F6
312,8,98,#FAE6F6
313,8,98,#FAE6F6
314,8,98,#FAE6F5
315,8,98,#FAE6F5
316,8,98,#FAE6F5
317,8,98,#FAE6F4
318,8,98,#FAE6F4
319,8,98,#FAE6F4
320,8,98,#FAE6F3
321,8,98,#FAE6F3
322,8,98,#FAE6F3
323,8,98,#FAE6F2
324,8,98,#FAE6F2
325,8,98,#FAE6F2
326,8,98,#FAE6F1
327,8,98,#FAE6F1
328,8,98,#FAE6F1
329,8,98,#FAE6F0
330,8,98,#FAE6F0
331,8,98,#FAE6F0
332,8,98,#FAE6EF
333,8,98,#FAE6EF
334,8,98,#FAE6EF
335,8,98,#FAE6EE
336,8,98,#FAE6EE
337,8,98,#FAE6EE
338,8,98,#FAE6ED
339,8,98,#FAE6ED
340,8,98,#FAE6ED
341,8,98,#FAE6EC
342,8,98,#FAE6EC
343,8,98,#FAE6EC
344,8,98,#FAE6EB
345,8,98,#FAE6EB
346,8,98,#FAE6EB
347,8,98,#FAE6EA
348,8,98,#FAE6EA
349,8,98,#FAE6EA
350,8,98,#FAE6E9
351,8,98,#FAE6E9
352,8,98,#FAE6E9
353,8,98,#FAE6E8
354,8,98,#FAE6E8
355,8,98,#FAE6E8
356,8,98,#FAE6E7
357,8,98,#FAE6E7
358,8,98,#FAE6E7
359,8,98,#FAE6E6
0,7,98,#FAE8E8
1,7,98,#FAE9E8
2,7,98,#FAE9E8
3,7,98,#FAE9E8
4,7,98,#FAEAE8
5,7,98,#FAEAE8
6,7,98,#FAEAE8
7,7,98,#FAEAE8
8,7,98,#FAEBE8
9,7,98,#FAEBE8
10,7,98,#FAEBE8
11,7,98,#FAECE8
12,7,98,#FAECE8
13,7,98,#FAECE8
14,7,98,#FAECE8
15,7,98,#FAEDE8
16,7,98,#FAEDE8
17,7,98,#FAEDE8
18,7,98,#FAEEE8
19,7,98,#FAEEE8
20,7,98,#FAEEE8
21,7,98,#FAEFE8
22,7,98,#FAEFE8
23,7,98,#FAEFE8
24,7,98,#FAEFE8
25,7,98,#FAF0E8
26,7,98,#FAF0E8
27,7,98,#FAF0E8
28,7,98,#FAF1E8
29,7,98,#FAF1E8
30,7,98,#FAF1E8
31,7,98,#FAF1E8
32,7,98,#FAF2E8
33,7,98,#FAF2E8
34,7,98,#FAF2E8
35,7,98,#FAF3E8
36,7,98,#FAF3E8
37,7,98,#FAF3E8
38,7,98,#FAF3E8
39,7,98,#FAF4E8
40,7,98,#FAF4E8
41,7,98,#FAF4E8
42,7,98,#FAF5E8
43,7,98,#FAF5E8
44,7,98,#FAF5E8
45,7,98,#FAF6E8
46,7,98,#FAF6E8
47,7,98,#FAF6E8
48,7,98,#FAF6E8
49,7,98,#FAF7E8
50,7,98,#FAF7E8
51,7,98,#FAF7E8
52,7,98,#FAF8E8
53,7,98,#FAF8E8
54,7,98,#FAF8E8
55,7,98,#FAF8E8
56,7,98,#FAF9E8
57,7,98,#FAF9E8
58,7,98,#FAF9E8
59,7,98,#FAFAE8
60,7,98,#FAFAE8
61,7,98,#FAFAE8
62,7,98,#F9FAE8
63,7,98,#F9FAE8
64,7,98,#F9FAE8
65,7,98,#F8FAE8
66,7,98,#F8FAE8
67,7,98,#F8FAE8
68,7,98,#F8FAE8
69,7,98,#F7FAE8
70,7,98,#F7FAE8
71,7,98,#F7FAE8
72,7,98,#F6FAE8
73,7,98,#F6FAE8
74,7,98,#F6FAE8
75,7,98,#F6FAE8
76,7,98,#F5FAE8
77,7,98,#F5FAE8
78,7,98,#F5FAE8
79,7,98,#F4FAE8
80,7,98,#F4FAE8
81,7,98,#F4FAE8
82,7,98,#F3FAE8
83,7,98,#F3FAE8
84,7,98,#F3FAE8
85,7,98,#F3FAE8
86,7,98,#F2FAE8
87,7,98,#F2FAE8
88,7,98,#F2FAE8
89,7,98,#F1FAE8
90,7,98,#F1FAE8
91,7,98,#F1FAE8
92,7,98,#F1FAE8
93,7,98,#F0FAE8
94,7,98,#F0FAE8
95,7,98,#F0FAE8
96,7,98,#EFFAE8
97,7,98,#EFFAE8
98,7,98,#EFFAE8
99,7,98,#EFFAE8
100,7,98,#EEFAE8
101,7,98,#EEFAE8
102,7,98,#EEFAE8
103,7,98,#EDFAE8
104,7,98,#EDFAE8
105,7,98,#EDFAE8
106,7,98,#ECFAE8
107,7,98,#ECFAE8
108,7,98,#ECFAE8
109,7,98,#ECFAE8
110,7,98,#EBFAE8
111,7,98,#EBFAE8
112,7,98,#EBFAE8
113,7,98,#EAFAE8
114,7,98,#EAFAE8
115,7,98,#EAFAE8
116,7,98,#EAFAE8
117,7,98,#E9FAE8
118,7,98,#E9FAE8
119,7,98,#E9FAE8
120,7,98,#E8FAE8
121,7,98,#E8FAE9
122,7,98,#E8FAE9
123,7,98,#E8FAE9
124,7,98,#E8FAEA
125,7,98,#E8FAEA
126,7,98,#E8FAEA
127,7,98,#E8FAEA
128,7,98,#E8FAEB
129,7,98,#E8FAEB
130,7,98,#E8FAEB
131,7,98,#E8FAEC
132,7,98,#E8FAEC
133,7,98,#E8FAEC
134,7,98,#E8FAEC
135,7,98,#E8FAED
136,7,98,#E8FAED
137,7,98,#E8FAED
138,7,98,#E8FAEE
139,7,98,#E8FAEE
140,7,98,#E8FAEE
141,7,98,#E8FAEF
142,7,98,#E8FAEF
143,7,98,#E8FAEF
144,7,98,#E8FAEF
145,7,98,#E8FAF0
146,7,98,#E8FAF0
147,7,98,#E8FAF0
148,7,98,#E8FAF1
149,7,98,#E8FAF1
150,7,98,#E8FAF1
151,7,98,#E8FAF1
152,7,98,#E8FAF2
153,7,98,#E8FAF2
154,7,98,#E8FAF2
155,7,98,#E8FAF3
156,7,98,#E8FAF3
157,7,98,#E8FAF3
158,7,98,#E8FAF3
159,7,98,#E8FAF4
160,7,98,#E8FAF4
161,7,98,#E8FAF4
162,7,98,#E8FAF5
163,7,98,#E8FAF5
164,7,98,#E8FAF5
165,7,98,#E8FAF6
166,7,98,#E8FAF6
167,7,98,#E8FAF6
168,7,98,#E8FAF6
169,7,98,#E8FAF7
170,7,98,#E8FAF7
171,7,98,#E8FAF7
172,7,98,#E8FAF8
173,7,98,#E8FAF8
174,7,98,#E8FAF8
175,7,98,#E8FAF8
176,7,98,#E8FAF9
177,7,98,#E8FAF9
178,7,98,#E8FAF9
179,7,98,#E8FAFA
180,7,98,#E8FAFA
181,7,98,#E8FAFA
182,7,98,#E8F9FA
183,7,98,#E8F9FA
184,7,98,#E8F9FA
185,7,98,#E8F8FA
186,7,98,#E8F8FA
187,7,98,#E8F8FA
188,7,98,#E8F8FA
189,7,98,#E8F7FA
190,7,98,#E8F7FA
191,7,98,#E8F7FA
192,7,98,#E8F6FA
193,7,98,#E8F6FA
194,7,98,#E8F6FA
195,7,98,#E8F6FA
196,7,98,#E8F5FA
197,7,98,#E8F5FA
198,7,98,#E8F5FA
199,7,98,#E8F4FA
200,7,98,#E8F4FA
201,7,98,#E8F4FA
202,7,98,#E8F3FA
203,7,98,#E8F3FA
204,7,98,#E8F3FA
205,7,98,#E8F3FA
206,7,98,#E8F2FA
207,7,98,#E8F2FA
208,7,98,#E8F2FA
209,7,98,#E8F1FA
210,7,98,#E8F1FA
211,7,98,#E8F1FA
212,7,98,#E8F1FA
213,7,98,#E8F0FA
214,7,98,#E8F0FA
215,7,98,#E8F0FA
216,7,98,#E8EFFA
217,7,98,#E8EFFA
218,7,98,#E8EFFA
219,7,98,#E8EFFA
220,7,98,#E8EEFA
221,7,98,#E8EEFA
222,7,98,#E8EEFA
223,7,98,#E8EDFA
224,7,98,#E8EDFA
225,7,98,#E8EDFA
226,7,98,#E8ECFA
227,7,98,#E8ECFA
228,7,98,#E8ECFA
229,7,98,#E8ECFA
230,7,98,#E8EBFA
231,7,98,#E8EBFA
232,7,98,#E8EBFA
233,7,98,#E8EAFA
234,7,98,#E8EAFA
235,7,98,#E8EAFA
236,7,98,#E8EAFA
237,7,98,#E8E9FA
238,7,98,#E8E9FA
239,7,98,#E8E9FA
240,7,98,#E8E8FA
241,7,98,#E9E8FA
242,7,98,#E9E8FA
243,7,98,#E9E8FA
244,7,98,#EAE8FA
245,7,98,#EAE8FA
246,7,98,#EAE8FA
247,7,98,#EAE8FA
248,7,98,#EBE8FA
249,7,98,#EBE8FA
250,7,98,#EBE8FA
251,7,98,#ECE8FA
252,7,98,#ECE8FA
253,7,98,#ECE8FA
254,7,98,#ECE8FA
255,7,98,#EDE8FA
256,7,98,#EDE8FA
257,7,98,#EDE8FA
258,7,98,#EEE8FA
259,7,98,#EEE8FA
260,7,98,#EEE8FA
261,7,98,#EFE8FA
262,7,98,#EFE8FA
263,7,98,#EFE8FA
264,7,98,#EFE8FA
265,7,98,#F0E8FA
266,7,98,#F0E8FA
267,7,98,#F0E8FA
268,7,98,#F1E8FA
269,7,98,#F1E8FA
270,7,98,#F1E8FA
271,7,98,#F1E8FA
272,7,98,#F2E8FA
273,7,98,#F2E8FA
274,7,98,#F2E8FA
275,7,98,#F3E8FA
276,7,98,#F3E8FA
277,7,98,#F3E8FA
278,7,98,#F3E8FA
279,7,98,#F4E8FA
280,7,98,#F4E8FA
281,7,98,#F4E8FA
282,7,98,#F5E8FA
283,7,98,#F5E8FA
284,7,98,#F5E8FA
285,7,98,#F6E8FA
286,7,98,#F6E8FA
287,7,98,#F6E8FA
288,7,98,#F6E8FA
289,7,98,#F7E8FA
290,7,98,#F7E8FA
291,7,98,#F7E8FA
292,7,98,#F8E8FA
293,7,98,#F8E8FA
294,7,98,#F8E8FA
295,7,98,#F8E8FA
296,7,98,#F9E8FA
297,7,98,#F9E8FA
298,7,98,#F9E8FA
299,7,98,#FAE8FA
300,7,98,#FAE8FA
301,7,98,#FAE8FA
302,7,98,#FAE8F9
303,7,98,#FAE8F9
304,7,98,#FAE8F9
305,7,98,#FAE8F8
306,7,98,#FAE8F8
307,7,98,#FAE8F8
308,7,98,#FAE8F8
309,7,98,#FAE8F7
310,7,98,#FAE8F7
311,7,98,#FAE8F7
312,7,98,#FAE8F6
313,7,98,#FAE8F6
314,7,98,#FAE8F6
315,7,98,#FAE8F6
316,7,98,#FAE8F5
317,7,98,#FAE8F5
318,7,98,#FAE8F5
319,7,98,#FAE8F4
320,7,98,#FAE8F4
321,7,98,#FAE8F4
322,7,98,#FAE8F3
323,7,98,#FAE8F3
324,7,98,#FAE8F3
325,7,98,#FAE8F3
326,7,98,#FAE8F2
327,7,98,#FAE8F2
328,7,98,#FAE8F2
329,7,98,#FAE8F1
330,7,98,#FAE8F1
331,7,98,#FAE8F1
332,7,98,#FAE8F1
333,7,98,#FAE8F0
334,7,98,#FAE8F0
335,7,98,#FAE8F0
336,7,98,#FAE8EF
337,7,98,#FAE8EF
338,7,98,#FAE8EF
339,7,98,#FAE8EF
340,7,98,#FAE8EE
341,7,98,#FAE8EE
342,7,98,#FAE8EE
343,7,98,#FAE8ED
344,7,98,#FAE8ED
345,7,98,#FAE8ED
346,7,98,#FAE8EC
347,7,98,#FAE8EC
348,7,98,#FAE8EC
349,7,98,#FAE8EC
350,7,98,#FAE8EB
351,7,98,#FAE8EB
352,7,98,#FAE8EB
353,7,98,#FAE8EA
354,7,98,#FAE8EA
355,7,98,#FAE8EA
356,7,98,#FAE8EA
357,7,98,#FAE8E9
358,7,98,#FAE8E9
359,7,98,#FAE8E9
0,6,98,#FAEBEB
1,6,98,#FAEBEB
2,6,98,#FAEBEB
3,6,98,#FAECEB
4,6,98,#FAECEB
5,6,98,#FAECEB
6,6,98,#FAECEB
7,6,98,#FAEDEB
8,6,98,#FAEDEB
9,6,98,#FAEDEB
10,6,98,#FAEDEB
11,6,98,#FAEEEB
12,6,98,#FAEEEB
13,6,98,#FAEEEB
14,6,98,#FAEEEB
15,6,98,#FAEFEB
16,6,98,#FAEFEB
17,6,98,#FAEFEB
18,6,98,#FAEFEB
19,6,98,#FAF0EB
20,6,98,#FAF0EB
21,6,98,#FAF0EB
22,6,98,#FAF0EB
23,6,98,#FAF1EB
24,6,98,#FAF1EB
25,6,98,#FAF1EB
26,6,98,#FAF1EB
27,6,98,#FAF2EB
28,6,98,#FAF2EB
29,6,98,#FAF2EB
30,6,98,#FAF2EB
31,6,98,#FAF3EB
32,6,98,#FAF3EB
33,6,98,#FAF3EB
34,6,98,#FAF3EB
35,6,98,#FAF4EB
36,6,98,#FAF4EB
37,6,98,#FAF4EB
38,6,98,#FAF4EB
39,6,98,#FAF5EB
40,6,98,#FAF5EB
41,6,98,#FAF5EB
42,6,98,#FAF5EB
43,6,98,#FAF6EB
44,6,98,#FAF6EB
45,6,98,#FAF6EB
46,6,98,#FAF6EB
47,6,98,#FAF7EB
48,6,98,#FAF7EB
49,6,98,#FAF7EB
50,6,98,#FAF7EB
51,6,98,#FAF8EB
52,6,98,#FAF8EB
53,6,98,#FAF8EB
54,6,98,#FAF8EB
55,6,98,#FAF9EB
56,6,98,#FAF9EB
57,6,98,#FAF9EB
58,6,98,#FAF9EB
59,6,98,#FAFAEB
60,6,98,#FAFAEB
61,6,98,#FAFAEB
62,6,98,#F9FAEB
63,6,98,#F9FAEB
64,6,98,#F9FAEB
65,6,98,#F9FAEB
66,6,98,#F8FAEB
67,6,98,#F8FAEB
68,6,98,#F8FAEB
69,6,98,#F8FAEB
70,6,98,#F7FAEB
71,6,98,#F7FAEB
72,6,98,#F7FAEB
73,6,98,#F7FAEB
74,6,98,#F6FAEB
75,6,98,#F6FAEB
76,6,98,#F6FAEB
77,6,98,#F6FAEB
78,6,98,#F5FAEB
79,6,98,#F5FAEB
80,6,98,#F5FAEB
81,6,98,#F5FAEB
82,6,98,#F4FAEB
83,6,98,#F4FAEB
84,6,98,#F4FAEB
85,6,98,#F4FAEB
86,6,98,#F3FAEB
87,6,98,#F3FAEB
88,6,98,#F3FAEB
89,6,98,#F3FAEB
90,6,98,#F2FAEB
91,6,98,#F2FAEB
92,6,98,#F2FAEB
93,6,98,#F2FAEB
94,6,98,#F1FAEB
95,6,98,#F1FAEB
96,6,98,#F1FAEB
97,6,98,#F1FAEB
98,6,98,#F0FAEB
99,6,98,#F0FAEB
100,6,98,#F0FAEB
101,6,98,#F0FAEB
102,6,98,#EFFAEB
103,6,98,#EFFAEB
104,6,98,#EFFAEB
105,6,98,#EFFAEB
106,6,98,#EEFAEB
107,6,98,#EEFAEB
108,6,98,#EEFAEB
109,6,98,#EEFAEB
110,6,98,#EDFAEB
111,6,98,#EDFAEB
112,6,98,#EDFAEB
113,6,98,#EDFAEB
114,6,98,#ECFAEB
115,6,98,#ECFAEB
116,6,98,#ECFAEB
117,6,98,#ECFAEB
118,6,98,#EBFAEB
119,6,98,#EBFAEB
120,6,98,#EBFAEB
121,6,98,#EBFAEB
122,6,98,#EBFAEB
123,6,98,#EBFAEC
124,6,98,#EBFAEC
125,6,98,#EBFAEC
126,6,98,#EBFAEC
127,6,98,#EBFAED
128,6,98,#EBFAED
129,6,98,#EBFAED
130,6,98,#EBFAED
131,6,98,#EBFAEE
132,6,98,#EBFAEE
133,6,98,#EBFAEE
134,6,98,#EBFAEE
135,6,98,#EBFAEF
136,6,98,#EBFAEF
137,6,98,#EBFAEF
138,6,98,#EBFAEF
139,6,98,#EBFAF0
140,6,98,#EBFAF0
141,6,98,#EBFAF0
142,6,98,#EBFAF0
143,6,98,#EBFAF1
144,6,98,#EBFAF1
145,6,98,#EBFAF1
146,6,98,#EBFAF1
147,6,98,#EBFAF2
148,6,98,#EBFAF2
149,6,98,#EBFAF2
150,6,98,#EBFAF2
151,6,98,#EBFAF3
152,6,98,#EBFAF3
153,6,98,#EBFAF3
154,6,98,#EBFAF3
155,6,98,#EBFAF4
156,6,98,#EBFAF4
157,6,98,#EBFAF4
158,6,98,#EBFAF4
159,6,98,#EBFAF5
160,6,98,#EBFAF5
161,6,98,#EBFAF5
162,6,98,#EBFAF5
163,6,98,#EBFAF6
164,6,98,#EBFAF6
165,6,98,#EBFAF6
166,6,98,#EBFAF6
167,6,98,#EBFAF7
168,6,98,#EBFAF7
169,6,98,#EBFAF7
170,6,98,#EBFAF7
171,6,98,#EBFAF8
172,6,98,#EBFAF8
173,6,98,#EBFAF8
174,6,98,#EBFAF8
175,6,98,#EBFAF9
176,6,98,#EBFAF9
177,6,98,#EBFAF9
178,6,98,#EBFAF9
179,6,98,#EBFAFA
180,6,98,#EBFAFA
181,6,98,#EBFAFA
182,6,98,#EBF9FA
183,6,98,#EBF9FA
184,6,98,#EBF9FA
185,6,98,#EBF9FA
186,6,98,#EBF8FA
187,6,98,#EBF8FA
188,6,98,#EBF8FA
189,6,98,#EBF8FA
190,6,98,#EBF7FA
191,6,98,#EBF7FA
192,6,98,#EBF7FA
193,6,98,#EBF7FA
194,6,98,#EBF6FA
195,6,98,#EBF6FA
196,6,98,#EBF6FA
197,6,98,#EBF6FA
198,6,98,#EBF5FA
199,6,98,#EBF5FA
200,6,98,#EBF5FA
201,6,98,#EBF5FA
202,6,98,#EBF4FA
203,6,98,#EBF4FA
204,6,98,#EBF4FA
205,6,98,#EBF4FA
206,6,98,#EBF3FA
207,6,98,#EBF3FA
208,6,98,#EBF3FA
209,6,98,#EBF3FA
210,6,98,#EBF2FA
211,6,98,#EBF2FA
212,6,98,#EBF2FA
213,6,98,#EBF2FA
214,6,98,#EBF1FA
215,6,98,#EBF1FA
216,6,98,#EBF1FA
217,6,98,#EBF1FA
218,6,98,#EBF0FA
219,6,98,#EBF0FA
220,6,98,#EBF0FA
221,6,98,#EBF0FA
222,6,98,#EBEFFA
223,6,98,#EBEFFA
224,6,98,#EBEFFA
225,6,98,#EBEFFA
226,6,98,#EBEEFA
227,6,98,#EBEEFA
228,6,98,#EBEEFA
229,6,98,#EBEEFA
230,6,98,#EBEDFA
231,6,98,#EBEDFA
232,6,98,#EBEDFA
233,6,98,#EBEDFA
234,6,98,#EBECFA
235,6,98,#EBECFA
236,6,98,#EBECFA
237,6,98,#EBECFA
238,6,98,#EBEBFA
239,6,98,#EBEBFA
240,6,98,#EBEBFA
241,6,98,#EBEBFA
242,6,98,#EBEBFA
243,6,98,#ECEBFA
244,6,98,#ECEBFA
245,6,98,#ECEBFA
246,6,98,#ECEBFA
247,6,98,#EDEBFA
248,6,98,#EDEBFA
249,6,98,#EDEBFA
250,6,98,#EDEBFA
251,6,98,#EEEBFA
252,6,98,#EEEBFA
253,6,98,#EEEBFA
254,6,98,#EEEBFA
255,6,98,#EFEBFA
256,6,98,#EFEBFA
257,6,98,#EFEBFA
258,6,98,#EFEBFA
259,6,98,#F0EBFA
260,6,98,#F0EBFA
261,6,98,#F0EBFA
262,6,98,#F0EBFA
263,6,98,#F1EBFA
264,6,98,#F1EBFA
265,6,98,#F1EBFA
266,6,98,#F1EBFA
267,6,98,#F2EBFA
268,6,98,#F2EBFA
269,6,98,#F2EBFA
270,6,98,#F2EBFA
271,6,98,#F3EBFA
272,6,98,#F3EBFA
273,6,98,#F3EBFA
274,6,98,#F3EBFA
275,6,98,#F4EBFA
276,6,98,#F4EBFA
277,6,98,#F4EBFA
278,6,98,#F4EBFA
279,6,98,#F5EBFA
280,6,98,#F5EBFA
281,6,98,#F5EBFA
282,6,98,#F5EBFA
283,6,98,#F6EBFA
284,6,98,#F6EBFA
285,6,98,#F6EBFA
286,6,98,#F6EBFA
287,6,98,#F7EBFA
288,6,98,#F7EBFA
289,6,98,#F7EBFA
290,6,98,#F7EBFA
291,6,98,#F8EBFA
292,6,98,#F8EBFA
293,6,98,#F8EBFA
294,6,98,#F8EBFA
295,6,98,#F9EBFA
296,6,98,#F9EBFA
297,6,98,#F9EBFA
298,6,98,#F9EBFA
299,6,98,#FAEBFA
300,6,98,#FAEBFA
301,6,98,#FAEBFA
302,6,98,#FAEBF9
303,6,98,#FAEBF9
304,6,98,#FAEBF9
305,6,98,#FAEBF9
306,6,98,#FAEBF8
307,6,98,#FAEBF8
308,6,98,#FAEBF8
309,6,98,#FAEBF8
310,6,98,#FAEBF7
311,6,98,#FAEBF7
312,6,98,#FAEBF7
313,6,98,#FAEBF7
314,6,98,#FAEBF6
315,6,98,#FAEBF6
316,6,98,#FAEBF6
317,6,98,#FAEBF6
318,6,98,#FAEBF5
319,6,98,#FAEBF5
320,6,98,#FAEBF5
321,6,98,#FAEBF5
322,6,98,#FAEBF4
323,6,98,#FAEBF4
324,6,98,#FAEBF4
325,6,98,#FAEBF4
326,6,98,#FAEBF3
327,6,98,#FAEBF3
328,6,98,#FAEBF3
329,6,98,#FAEBF3
330,6,98,#FAEBF2
331,6,98,#FAEBF2
332,6,98,#FAEBF2
333,6,98,#FAEBF2
334,6,98,#FAEBF1
335,6,98,#FAEBF1
336,6,98,#FAEBF1
337,6,98,#FAEBF1
338,6,98,#FAEBF0
339,6,98,#FAEBF0
340,6,98,#FAEBF0
341,6,98,#FAEBF0
342,6,98,#FAEBEF
343,6,98,#FAEBEF
344,6,98,#FAEBEF
345,6,98,#FAEBEF
346,6,98,#FAEBEE
347,6,98,#FAEBEE
348,6,98,#FAEBEE
349,6,98,#FAEBEE
350,6,98,#FAEBED
351,6,98,#FAEBED
352,6,98,#FAEBED
353,6,98,#FAEBED
354,6,98,#FAEBEC
355,6,98,#FAEBEC
356,6,98,#FAEBEC
357,6,98,#FAEBEC
358,6,98,#FAEBEB
359,6,98,#FAEBEB
0,5,98,#FAEDED
1,5,98,#FAEEED
2,5,98,#FAEEED
3,5,98,#FAEEED
4,5,98,#FAEEED
5,5,98,#FAEEED
6,5,98,#FAEFED
7,5,98,#FAEFED
8,5,98,#FAEFED
9,5,98,#FAEFED
10,5,98,#FAEFED
11,5,98,#FAF0ED
12,5,98,#FAF0ED
13,5,98,#FAF0ED
14,5,98,#FAF0ED
15,5,98,#FAF1ED
16,5,98,#FAF1ED
17,5,98,#FAF1ED
18,5,98,#FAF1ED
19,5,98,#FAF1ED
20,5,98,#FAF2ED
21,5,98,#FAF2ED
22,5,98,#FAF2ED
23,5,98,#FAF2ED
24,5,98,#FAF2ED
25,5,98,#FAF3ED
26,5,98,#FAF3ED
27,5,98,#FAF3ED
28,5,98,#FAF3ED
29,5,98,#FAF3ED
30,5,98,#FAF4ED
31,5,98,#FAF4ED
32,5,98,#FAF4ED
33,5,98,#FAF4ED
34,5,98,#FAF4ED
35,5,98,#FAF5ED
36,5,98,#FAF5ED
37,5,98,#FAF5ED
38,5,98,#FAF5ED
39,5,98,#FAF6ED
40,5,98,#FAF6ED
41,5,98,#FAF6ED
42,5,98,#FAF6ED
43,5,98,#FAF6ED
44,5,98,#FAF7ED
45,5,98,#FAF7ED
46,5,98,#FAF7ED
47,5,98,#FAF7ED
48,5,98,#FAF7ED
49,5,98,#FAF8ED
50,5,98,#FAF8ED
51,5,98,#FAF8ED
52,5,98,#FAF8ED
53,5,98,#FAF8ED
54,5,98,#FAF9ED
55,5,98,#FAF9ED
56,5,98,#FAF9ED
57,5,98,#FAF9ED
58,5,98,#FAF9ED
59,5,98,#FAFAED
60,5,98,#FAFAED
61,5,98,#FAFAED
62,5,98,#F9FAED
63,5,98,#F9FAED
64,5,98,#F9FAED
65,5,98,#F9FAED
66,5,98,#F9FAED
67,5,98,#F8FAED
68,5,98,#F8FAED
69,5,98,#F8FAED
70,5,98,#F8FAED
71,5,98,#F8FAED
72,5,98,#F7FAED
73,5,98,#F7FAED
74,5,98,#F7FAED
75,5,98,#F7FAED
76,5,98,#F7FAED
77,5,98,#F6FAED
78,5,98,#F6FAED
79,5,98,#F6FAED
80,5,98,#F6FAED
81,5,98,#F6FAED
82,5,98,#F5FAED
83,5,98,#F5FAED
84,5,98,#F5FAED
85,5,98,#F5FAED
86,5,98,#F4FAED
87,5,98,#F4FAED
88,5,98,#F4FAED
89,5,98,#F4FAED
90,5,98,#F4FAED
91,5,98,#F3FAED
92,5,98,#F3FAED
93,5,98,#F3FAED
94,5,98,#F3FAED
95,5,98,#F3FAED
96,5,98,#F2FAED
97,5,98,#F2FAED
98,5,98,#F2FAED
99,5,98,#F2FAED
100,5,98,#F2FAED
101,5,98,#F1FAED
102,5,98,#F1FAED
103,5,98,#F1FAED
104,5,98,#F1FAED
105,5,98,#F1FAED
106,5,98,#F0FAED
107,5,98,#F0FAED
108,5,98,#F0FAED
109,5,98,#F0FAED
110,5,98,#EFFAED
111,5,98,#EFFAED
112,5,98,#EFFAED
113,5,98,#EFFAED
114,5,98,#EFFAED
115,5,98,#EEFAED
116,5,98,#EEFAED
117,5,98,#EEFAED
118,5,98,#EEFAED
119,5,98,#EEFAED
120,5,98,#EDFAED
121,5,98,#EDFAEE
122,5,98,#EDFAEE
123,5,98,#EDFAEE
124,5,98,#EDFAEE
125,5,98,#EDFAEE
126,5,98,#EDFAEF
127,5,98,#EDFAEF
128,5,98,#EDFAEF
129,5,98,#EDFAEF
130,5,98,#EDFAEF
131,5,98,#EDFAF0
132,5,98,#EDFAF0
133,5,98,#EDFAF0
134,5,98,#EDFAF0
135,5,98,#EDFAF1
136,5,98,#EDFAF1
137,5,98,#EDFAF1
138,5,98,#EDFAF1
139,5,98,#EDFAF1
140,5,98,#EDFAF2
141,5,98,#EDFAF2
142,5,98,#EDFAF2
143,5,98,#EDFAF2
144,5,98,#EDFAF2
145,5,98,#EDFAF3
146,5,98,#EDFAF3
147,5,98,#EDFAF3
148,5,98,#EDFAF3
149,5,98,#EDFAF3
150,5,98,#EDFAF4
151,5,98,#EDFAF4
152,5,98,#EDFAF4
153,5,98,#EDFAF4
154,5,98,#EDFAF4
155,5,98,#EDFAF5
156,5,98,#EDFAF5
157,5,98,#EDFAF5
158,5,98,#EDFAF5
159,5,98,#EDFAF6
160,5,98,#EDFAF6
161,5,98,#EDFAF6
162,5,98,#EDFAF6
163,5,98,#EDFAF6
164,5,98,#EDFAF7
165,5,98,#EDFAF7
166,5,98,#EDFAF7
167,5,98,#EDFAF7
168,5,98,#EDFAF7
169,5,98,#EDFAF8
170,5,98,#EDFAF8
171,5,98,#EDFAF8
172,5,98,#EDFAF8
173,5,98,#EDFAF8
174,5,98,#EDFAF9
175,5,98,#EDFAF9
176,5,98,#EDFAF9
177,5,98,#EDFAF9
178,5,98,#EDFAF9
179,5,98,#EDFAFA
180,5,98,#EDFAFA
181,5,98,#EDFAFA
182,5,98,#EDF9FA
183,5,98,#EDF9FA
184,5,98,#EDF9FA
185,5,98,#EDF9FA
186,5,98,#EDF9FA
187,5,98,#EDF8FA
188,5,98,#EDF8FA
189,5,98,#EDF8FA
190,5,98,#EDF8FA
191,5,98,#EDF8FA
192,5,98,#EDF7FA
193,5,98,#EDF7FA
194,5,98,#EDF7FA
195,5,98,#EDF7FA
196,5,98,#EDF7FA
197,5,98,#EDF6FA
198,5,98,#EDF6FA
199,5,98,#EDF6FA
200,5,98,#EDF6FA
201,5,98,#EDF6FA
202,5,98,#EDF5FA
203,5,98,#EDF5FA
204,5,98,#EDF5FA
205,5,98,#EDF5FA
206,5,98,#EDF4FA
207,5,98,#EDF4FA
208,5,98,#EDF4FA
209,5,98,#EDF4FA
210,5,98,#EDF4FA
211,5,98,#EDF3FA
212,5,98,#EDF3FA
213,5,98,#EDF3FA
214,5,98,#EDF3FA
215,5,98,#EDF3FA
216,5,98,#EDF2FA
217,5,98,#EDF2FA
218,5,98,#EDF2FA
219,5,98,#EDF2FA
220,5,98,#EDF2FA
221,5,98,#EDF1FA
222,5,98,#EDF1FA
223,5,98,#EDF1FA
224,5,98,#EDF1FA
225,5,98,#EDF1FA
226,5,98,#EDF0FA
227,5,98,#EDF0FA
228,5,98,#EDF0FA
229,5,98,#EDF0FA
230,5,98,#EDEFFA
231,5,98,#EDEFFA
232,5,98,#EDEFFA
233,5,98,#EDEFFA
234,5,98,#EDEFFA
235,5,98,#EDEEFA
236,5,98,#EDEEFA
237,5,98,#EDEEFA
238,5,98,#EDEEFA
239,5,98,#EDEEFA
240,5,98,#EDEDFA
241,5,98,#EEEDFA
242,5,98,#EEEDFA
243,5,98,#EEEDFA
244,5,98,#EEEDFA
245,5,98,#EEEDFA
246,5,98,#EFEDFA
247,5,98,#EFEDFA
248,5,98,#EFEDFA
249,5,98,#EFEDFA
250,5,98,#EFEDFA
251,5,98,#F0EDFA
252,5,98,#F0EDFA
253,5,98,#F0EDFA
254,5,98,#F0EDFA
255,5,98,#F1EDFA
256,5,98,#F1EDFA
257,5,98,#F1EDFA
258,5,98,#F1EDFA
259,5,98,#F1EDFA
260,5,98,#F2EDFA
261,5,98,#F2EDFA
262,5,98,#F2EDFA
263,5,98,#F2EDFA
264,5,98,#F2EDFA
265,5,98,#F3EDFA
266,5,98,#F3EDFA
267,5,98,#F3EDFA
268,5,98,#F3EDFA
269,5,98,#F3EDFA
270,5,98,#F4EDFA
271,5,98,#F4EDFA
272,5,98,#F4EDFA
273,5,98,#F4EDFA
274,5,98,#F4EDFA
275,5,98,#F5EDFA
276,5,98,#F5EDFA
277,5,98,#F5EDFA
278,5,98,#F5EDFA
279,5,98,#F6EDFA
280,5,98,#F6EDFA
281,5,98,#F6EDFA
282,5,98,#F6EDFA
283,5,98,#F6EDFA
284,5,98,#F7EDFA
285,5,98,#F7EDFA
286,5,98,#F7EDFA
287,5,98,#F7EDFA
288,5,98,#F7EDFA
289,5,98,#F8EDFA
290,5,98,#F8EDFA
291,5,98,#F8EDFA
292,5,98,#F8EDFA
293,5,98,#F8EDFA
294,5,98,#F9EDFA
295,5,98,#F9EDFA
296,5,98,#F9EDFA
297,5,98,#F9EDFA
298,5,98,#F9EDFA
299,5,98,#FAEDFA
300,5,98,#FAEDFA
301,5,98,#FAEDFA
302,5,98,#FAEDF9
303,5,98,#FAEDF9
304,5,98,#FAEDF9
305,5,98,#FAEDF9
306,5,98,#FAEDF9
307,5,98,#FAEDF8
308,5,98,#FAEDF8
309,5,98,#FAEDF8
310,5,98,#FAEDF8
311,5,98,#FAEDF8
312,5,98,#FAEDF7
313,5,98,#FAEDF7
314,5,98,#FAEDF7
315,5,98,#FAEDF7
316,5,98,#FAEDF7
317,5,98,#FAEDF6
318,5,98,#FAEDF6
319,5,98,#FAEDF6
320,5,98,#FAEDF6
321,5,98,#FAEDF6
322,5,98,#FAEDF5
323,5,98,#FAEDF5
324,5,98,#FAEDF5
325,5,98,#FAEDF5
326,5,98,#FAEDF4
327,5,98,#FAEDF4
328,5,98,#FAEDF4
329,5,98,#FAEDF4
330,5,98,#FAEDF4
331,5,98,#FAEDF3
332,5,98,#FAEDF3
333,5,98,#FAEDF3
334,5,98,#FAEDF3
335,5,98,#FAEDF3
336,5,98,#FAEDF2
337,5,98,#FAEDF2
338,5,98,#FAEDF2
339,5,98,#FAEDF2
340,5,98,#FAEDF2
341,5,98,#FAEDF1
342,5,98,#FAEDF1
343,5,98,#FAEDF1
344,5,98,#FAEDF1
345,5,98,#FAEDF1
346,5,98,#FAEDF0
347,5,98,#FAEDF0
348,5,98,#FAEDF0
349,5,98,#FAEDF0
350,5,98,#FAEDEF
351,5,98,#FAEDEF
352,5,98,#FAEDEF
353,5,98,#FAEDEF
354,5,98,#FAEDEF
355,5,98,#FAEDEE
356,5,98,#FAEDEE
357,5,98,#FAEDEE
358,5,98,#FAEDEE
359,5,98,#FAEDEE
0,4,98,#FAF0F0
1,4,98,#FAF0F0
2,4,98,#FAF0F0
3,4,98,#FAF0F0
4,4,98,#FAF1F0
5,4,98,#FAF1F0
6,4,98,#FAF1F0
7,4,98,#FAF1F0
8,4,98,#FAF1F0
9,4,98,#FAF1F0
10,4,98,#FAF2F0
11,4,98,#FAF2F0
12,4,98,#FAF2F0
13,4,98,#FAF2F0
14,4,98,#FAF2F0
15,4,98,#FAF2F0
16,4,98,#FAF3F0
17,4,98,#FAF3F0
18,4,98,#FAF3F0
19,4,98,#FAF3F0
20,4,98,#FAF3F0
21,4,98,#FAF3F0
22,4,98,#FAF4F0
23,4,98,#FAF4F0
24,4,98,#FAF4F0
25,4,98,#FAF4F0
26,4,98,#FAF4F0
27,4,98,#FAF4F0
28,4,98,#FAF5F0
29,4,98,#FAF5F0
30,4,98,#FAF5F0
31,4,98,#FAF5F0
32,4,98,#FAF5F0
33,4,98,#FAF5F0
34,4,98,#FAF6F0
35,4,98,#FAF6F0
36,4,98,#FAF6F0
37,4,98,#FAF6F0
38,4,98,#FAF6F0
39,4,98,#FAF6F0
40,4,98,#FAF7F0
41,4,98,#FAF7F0
42,4,98,#FAF7F0
43,4,98,#FAF7F0
44,4,98,#FAF7F0
45,4,98,#FAF7F0
46,4,98,#FAF8F0
47,4,98,#FAF8F0
48,4,98,#FAF8F0
49,4,98,#FAF8F0
50,4,98,#FAF8F0
51,4,98,#FAF8F0
52,4,98,#FAF9F0
53,4,98,#FAF9F0
54,4,98,#FAF9F0
55,4,98,#FAF9F0
56,4,98,#FAF9F0
57,4,98,#FAF9F0
58,4,98,#FAFAF0
59,4,98,#FAFAF0
60,4,98,#FAFAF0
61,4,98,#FAFAF0
62,4,98,#FAFAF0
63,4,98,#F9FAF0
64,4,98,#F9FAF0
65,4,98,#F9FAF0
66,4,98,#F9FAF0
67,4,98,#F9FAF0
68,4,98,#F9FAF0
69,4,98,#F8FAF0
70,4,98,#F8FAF0
71,4,98,#F8FAF0
72,4,98,#F8FAF0
73,4,98,#F8FAF0
74,4,98,#F8FAF0
75,4,98,#F7FAF0
76,4,98,#F7FAF0
77,4,98,#F7FAF0
78,4,98,#F7FAF0
79,4,98,#F7FAF0
80,4,98,#F7FAF0
81,4,98,#F6FAF0
82,4,98,#F6FAF0
83,4,98,#F6FAF0
84,4,98,#F6FAF0
85,4,98,#F6FAF0
86,4,98,#F6FAF0
87,4,98,#F5FAF0
88,4,98,#F5FAF0
89,4,98,#F5FAF0
90,4,98,#F5FAF0
91,4,98,#F5FAF0
92,4,98,#F5FAF0
93,4,98,#F4FAF0
94,4,98,#F4FAF0
95,4,98,#F4FAF0
96,4,98,#F4FAF0
97,4,98,#F4FAF0
98,4,98,#F4FAF0
99,4,98,#F3FAF0
100,4,98,#F3FAF0
101,4,98,#F3FAF0
102,4,98,#F3FAF0
103,4,98,#F3FAF0
104,4,98,#F3FAF0
105,4,98,#F2FAF0
106,4,98,#F2FAF0
107,4,98,#F2FAF0
108,4,98,#F2FAF0
109,4,98,#F2FAF0
110,4,98,#F2FAF0
111,4,98,#F1FAF0
112,4,98,#F1FAF0
113,4,98,#F1FAF0
114,4,98,#F1FAF0
115,4,98,#F1FAF0
116,4,98,#F1FAF0
117,4,98,#F0FAF0
118,4,98,#F0FAF0
119,4,98,#F0FAF0
120,4,98,#F0FAF0
121,4,98,#F0FAF0
122,4,98,#F0FAF0
123,4,98,#F0FAF0
124,4,98,#F0FAF1
125,4,98,#F0FAF1
126,4,98,#F0FAF1
127,4,98,#F0FAF1
128,4,98,#F0FAF1
129,4,98,#F0FAF1
130,4,98,#F0FAF2
131,4,98,#F0FAF2
132,4,98,#F0FAF2
133,4,98,#F0FAF2
134,4,98,#F0FAF2
135,4,98,#F0FAF2
136,4,98,#F0FAF3
137,4,98,#F0FAF3
138,4,98,#F0FAF3
139,4,98,#F0FAF3
140,4,98,#F0FAF3
141,4,98,#F0FAF3
142,4,98,#F0FAF4
143,4,98,#F0FAF4
144,4,98,#F0FAF4
145,4,98,#F0FAF4
146,4,98,#F0FAF4
147,4,98,#F0FAF4
148,4,98,#F0FAF5
149,4,98,#F0FAF5
150,4,98,#F0FAF5
151,4,98,#F0FAF5
152,4,98,#F0FAF5
153,4,98,#F0FAF5
154,4,98,#F0FAF6
155,4,98,#F0FAF6
156,4,98,#F0FAF6
157,4,98,#F0FAF6
158,4,98,#F0FAF6
159,4,98,#F0FAF6
160,4,98,#F0FAF7
161,4,98,#F0FAF7
162,4,98,#F0FAF7
163,4,98,#F0FAF7
164,4,98,#F0FAF7
165,4,98,#F0FAF7
166,4,98,#F0FAF8
167,4,98,#F0FAF8
168,4,98,#F0FAF8
169,4,98,#F0FAF8
170,4,98,#F0FAF8
171,4,98,#F0FAF8
172,4,98,#F0FAF9
173,4,98,#F0FAF9
174,4,98,#F0FAF9
175,4,98,#F0FAF9
176,4,98,#F0FAF9
177,4,98,#F0FAF9
178,4,98,#F0FAFA
179,4,98,#F0FAFA
180,4,98,#F0FAFA
181,4,98,#F0FAFA
182,4,98,#F0FAFA
183,4,98,#F0F9FA
184,4,98,#F0F9FA
185,4,98,#F0F9FA
186,4,98,#F0F9FA
187,4,98,#F0F9FA
188,4,98,#F0F9FA
189,4,98,#F0F8FA
190,4,98,#F0F8FA
191,4,98,#F0F8FA
192,4,98,#F0F8FA
193,4,98,#F0F8FA
194,4,98,#F0F8FA
195,4,98,#F0F7FA
196,4,98,#F0F7FA
197,4,98,#F0F7FA
198,4,98,#F0F7FA
199,4,98,#F0F7FA
200,4,98,#F0F7FA
201,4,98,#F0F6FA
202,4,98,#F0F6FA
203,4,98,#F0F6FA
204,4,98,#F0F6FA
205,4,98,#F0F6FA
206,4,98,#F0F6FA
207,4,98,#F0F5FA
208,4,98,#F0F5FA
209,4,98,#F0F5FA
210,4,98,#F0F5FA
211,4,98,#F0F5FA
212,4,98,#F0F5FA
213,4,98,#F0F4FA
214,4,98,#F0F4FA
215,4,98,#F0F4FA
216,4,98,#F0F4FA
217,4,98,#F0F4FA
218,4,98,#F0F4FA
219,4,98,#F0F3FA
220,4,98,#F0F3FA
221,4,98,#F0F3FA
222,4,98,#F0F3FA
223,4,98,#F0F3FA
224,4,98,#F0F3FA
225,4,98,#F0F2FA
226,4,98,#F0F2FA
227,4,98,#F0F2FA
228,4,98,#F0F2FA
229,4,98,#F0F2FA
230,4,98,#F0F2FA
231,4,98,#F0F1FA
232,4,98,#F0F1FA
233,4,98,#F0F1FA
234,4,98,#F0F1FA
235,4,98,#F0F1FA
236,4,98,#F0F1FA
237,4,98,#F0F0FA
238,4,98,#F0F0FA
239,4,98,#F0F0FA
240,4,98,#F0F0FA
241,4,98,#F0F0FA
242,4,98,#F0F0FA
243,4,98,#F0F0FA
244,4,98,#F1F0FA
245,4,98,#F1F0FA
246,4,98,#F1F0FA
247,4,98,#F1F0FA
248,4,98,#F1F0FA
249,4,98,#F1F0FA
250,4,98,#F2F0FA
251,4,98,#F2F0FA
252,4,98,#F2F0FA
253,4,98,#F2F0FA
254,4,98,#F2F0FA
255,4,98,#F2F0FA
256,4,98,#F3F0FA
257,4,98,#F3F0FA
258,4,98,#F3F0FA
259,4,98,#F3F0FA
260,4,98,#F3F0FA
261,4,98,#F3F0FA
262,4,98,#F4F0FA
263,4,98,#F4F0FA
264,4,98,#F4F0FA
265,4,98,#F4F0FA
266,4,98,#F4F0FA
267,4,98,#F4F0FA
268,4,98,#F5F0FA
269,4,98,#F5F0FA
270,4,98,#F5F0FA
271,4,98,#F5F0FA
272,4,98,#F5F0FA
273,4,98,#F5F0FA
274,4,98,#F6F0FA
275,4,98,#F6F0FA
276,4,98,#F6F0FA
277,4,98,#F6F0FA
278,4,98,#F6F0FA
279,4,98,#F6F0FA
280,4,98,#F7F0FA
281,4,98,#F7F0FA
282,4,98,#F7F0FA
283,4,98,#F7F0FA
284,4,98,#F7F0FA
285,4,98,#F7F0FA
286,4,98,#F8F0FA
287,4,98,#F8F0FA
288,4,98,#F8F0FA
289,4,98,#F8F0FA
290,4,98,#F8F0FA
291,4,98,#F8F0FA
292,4,98,#F9F0FA
293,4,98,#F9F0FA
294,4,98,#F9F0FA
295,4,98,#F9F0FA
296,4,98,#F9F0FA
297,4,98,#F9F0FA
298,4,98,#FAF0FA
299,4,98,#FAF0FA
300,4,98,#FAF0FA
301,4,98,#FAF0FA
302,4,98,#FAF0FA
303,4,98,#FAF0F9
304,4,98,#FAF0F9
305,4,98,#FAF0F9
306,4,98,#FAF0F9
307,4,98,#FAF0F9
308,4,98,#FAF0F9
309,4,98,#FAF0F8
310,4,98,#FAF0F8
311,4,98,#FAF0F8
312,4,98,#FAF0F8
313,4,98,#FAF0F8
314,4,98,#FAF0F8
315,4,98,#FAF0F7
316,4,98,#FAF0F7
317,4,98,#FAF0F7
318,4,98,#FAF0F7
319,4,98,#FAF0F7
320,4,98,#FAF0F7
321,4,98,#FAF0F6
322,4,98,#FAF0F6
323,4,98,#FAF0F6
324,4,98,#FAF0F6
325,4,98,#FAF0F6
326,4,98,#FAF0F6
327,4,98,#FAF0F5
328,4,98,#FAF0F5
329,4,98,#FAF0F5
330,4,98,#FAF0F5
331,4,98,#FAF0F5
332,4,98,#FAF0F5
333,4,98,#FAF0F4
334,4,98,#FAF0F4
335,4,98,#FAF0F4
336,4,98,#FAF0F4
337,4,98,#FAF0F4
338,4,98,#FAF0F4
339,4,98,#FAF0F3
340,4,98,#FAF0F3
341,4,98,#FAF0F3
342,4,98,#FAF0F3
343,4,98,#FAF0F3
344,4,98,#FAF0F3
345,4,98,#FAF0F2
346,4,98,#FAF0F2
347,4,98,#FAF0F2
348,4,98,#FAF0F2
349,4,98,#FAF0F2
350,4,98,#FAF0F2
351,4,98,#FAF0F1
352,4,98,#FAF0F1
353,4,98,#FAF0F1
354,4,98,#FAF0F1
355,4,98,#FAF0F1
356,4,98,#FAF0F1
357,4,98,#FAF0F0
358,4,98,#FAF0F0
359,4,98,#FAF0F0
0,3,98,#FAF2F2
1,3,98,#FAF3F2
2,3,98,#FAF3F2
3,3,98,#FAF3F2
4,3,98,#FAF3F2
5,3,98,#FAF3F2
6,3,98,#FAF3F2
7,3,98,#FAF3F2
8,3,98,#FAF3F2
9,3,98,#FAF4F2
10,3,98,#FAF4F2
11,3,98,#FAF4F2
12,3,98,#FAF4F2
13,3,98,#FAF4F2
14,3,98,#FAF4F2
15,3,98,#FAF4F2
16,3,98,#FAF4F2
17,3,98,#FAF5F2
18,3,98,#FAF5F2
19,3,98,#FAF5F2
20,3,98,#FAF5F2
21,3,98,#FAF5F2
22,3,98,#FAF5F2
23,3,98,#FAF5F2
24,3,98,#FAF5F2
25,3,98,#FAF6F2
26,3,98,#FAF6F2
27,3,98,#FAF6F2
28,3,98,#FAF6F2
29,3,98,#FAF6F2
30,3,98,#FAF6F2
31,3,98,#FAF6F2
32,3,98,#FAF6F2
33,3,98,#FAF7F2
34,3,98,#FAF7F2
35,3,98,#FAF7F2
36,3,98,#FAF7F2
37,3,98,#FAF7F2
38,3,98,#FAF7F2
39,3,98,#FAF7F2
40,3,98,#FAF7F2
41,3,98,#FAF8F2
42,3,98,#FAF8F2
43,3,98,#FAF8F2
44,3,98,#FAF8F2
45,3,98,#FAF8F2
46,3,98,#FAF8F2
47,3,98,#FAF8F2
48,3,98,#FAF8F2
49,3,98,#FAF9F2
50,3,98,#FAF9F2
51,3,98,#FAF9F2
52,3,98,#FAF9F2
53,3,98,#FAF9F2
54,3,98,#FAF9F2
55,3,98,#FAF9F2
56,3,98,#FAF9F2
57,3,98,#FAFAF2
58,3,98,#FAFAF2
59,3,98,#FAFAF2
60,3,98,#FAFAF2
61,3,98,#FAFAF2
62,3,98,#FAFAF2
63,3,98,#FAFAF2
64,3,98,#F9FAF2
65,3,98,#F9FAF2
66,3,98,#F9FAF2
67,3,98,#F9FAF2
68,3,98,#F9FAF2
69,3,98,#F9FAF2
70,3,98,#F9FAF2
71,3,98,#F9FAF2
72,3,98,#F8FAF2
73,3,98,#F8FAF2
74,3,98,#F8FAF2
75,3,98,#F8FAF2
76,3,98,#F8FAF2
77,3,98,#F8FAF2
78,3,98,#F8FAF2
79,3,98,#F8FAF2
80,3,98,#F7FAF2
81,3,98,#F7FAF2
82,3,98,#F7FAF2
83,3,98,#F7FAF2
84,3,98,#F7FAF2
85,3,98,#F7FAF2
86,3,98,#F7FAF2
87,3,98,#F7FAF2
88,3,98,#F6FAF2
89,3,98,#F6FAF2
90,3,98,#F6FAF2
91,3,98,#F6FAF2
92,3,98,#F6FAF2
93,3,98,#F6FAF2
94,3,98,#F6FAF2
95,3,98,#F6FAF2
96,3,98,#F5FAF2
97,3,98,#F5FAF2
98,3,98,#F5FAF2
99,3,98,#F5FAF2
100,3,98,#F5FAF2
101,3,98,#F5FAF2
102,3,98,#F5FAF2
103,3,98,#F5FAF2
104,3,98,#F4FAF2
105,3,98,#F4FAF2
106,3,98,#F4FAF2
107,3,98,#F4FAF2
108,3,98,#F4FAF2
109,3,98,#F4FAF2
110,3,98,#F4FAF2
111,3,98,#F4FAF2
112,3,98,#F3FAF2
113,3,98,#F3FAF2
114,3,98,#F3FAF2
115,3,98,#F3FAF2
116,3,98,#F3FAF2
117,3,98,#F3FAF2
118,3,98,#F3FAF2
119,3,98,#F3FAF2
120,3,98,#F2FAF2
121,3,98,#F2FAF3
122,3,98,#F2FAF3
123,3,98,#F2FAF3
124,3,98,#F2FAF3
125,3,98,#F2FAF3
126,3,98,#F2FAF3
127,3,98,#F2FAF3
128,3,98,#F2FAF3
129,3,98,#F2FAF4
130,3,98,#F2FAF4
131,3,98,#F2FAF4
132,3,98,#F2FAF4
133,3,98,#F2FAF4
134,3,98,#F2FAF4
135,3,98,#F2FAF4
136,3,98,#F2FAF4
137,3,98,#F2FAF5
138,3,98,#F2FAF5
139,3,98,#F2FAF5
140,3,98,#F2FAF5
141,3,98,#F2FAF5
142,3,98,#F2FAF5
143,3,98,#F2FAF5
144,3,98,#F2FAF5
145,3,98,#F2FAF6
146,3,98,#F2FAF6
147,3,98,#F2FAF6
148,3,98,#F2FAF6
149,3,98,#F2FAF6
150,3,98,#F2FAF6
151,3,98,#F2FAF6
152,3,98,#F2FAF6
153,3,98,#F2FAF7
154,3,98,#F2FAF7
155,3,98,#F2FAF7
156,3,98,#F2FAF7
157,3,98,#F2FAF7
158,3,98,#F2FAF7
159,3,98,#F2FAF7
160,3,98,#F2FAF7
161,3,98,#F2FAF8
162,3,98,#F2FAF8
163,3,98,#F2FAF8
164,3,98,#F2FAF8
165,3,98,#F2FAF8
166,3,98,#F2FAF8
167,3,98,#F2FAF8
168,3,98,#F2FAF8
169,3,98,#F2FAF9
170,3,98,#F2FAF9
171,3,98,#F2FAF9
172,3,98,#F2FAF9
173,3,98,#F2FAF9
174,3,98,#F2FAF9
175,3,98,#F2FAF9
176,3,98,#F2FAF9
177,3,98,#F2FAFA
178,3,98,#F2FAFA
179,3,98,#F2FAFA
180,3,98,#F2FAFA
181,3,98,#F2FAFA
182,3,98,#F2FAFA
183,3,98,#F2FAFA
184,3,98,#F2F9FA
185,3,98,#F2F9FA
186,3,98,#F2F9FA
187,3,98,#F2F9FA
188,3,98,#F2F9FA
189,3,98,#F2F9FA
190,3,98,#F2F9FA
191,3,98,#F2F9FA
192,3,98,#F2F8FA
193,3,98,#F2F8FA
194,3,98,#F2F8FA
195,3,98,#F2F8FA
196,3,98,#F2F8FA
197,3,98,#F2F8FA
198,3,98,#F2F8FA
199,3,98,#F2F8FA
200,3,98,#F2F7FA
201,3,98,#F2F7FA
202,3,98,#F2F7FA
203,3,98,#F2F7FA
204,3,98,#F2F7FA
205,3,98,#F2F7FA
206,3,98,#F2F7FA
207,3,98,#F2F7FA
208,3,98,#F2F6FA
209,3,98,#F2F6FA
210,3,98,#F2F6FA
211,3,98,#F2F6FA
212,3,98,#F2F6FA
213,3,98,#F2F6FA
214,3,98,#F2F6FA
215,3,98,#F2F6FA
216,3,98,#F2F5FA
217,3,98,#F2F5FA
218,3,98,#F2F5FA
219,3,98,#F2F5FA
220,3,98,#F2F5FA
221,3,98,#F2F5FA
222,3,98,#F2F5FA
223,3,98,#F2F5FA
224,3,98,#F2F4FA
225,3,98,#F2F4FA
226,3,98,#F2F4FA
227,3,98,#F2F4FA
228,3,98,#F2F4FA
229,3,98,#F2F4FA
230,3,98,#F2F4FA
231,3,98,#F2F4FA
232,3,98,#F2F3FA
233,3,98,#F2F3FA
234,3,98,#F2F3FA
235,3,98,#F2F3FA
236,3,98,#F2F3FA
237,3,98,#F2F3FA
238,3,98,#F2F3FA
239,3,98,#F2F3FA
240,3,98,#F2F2FA
241,3,98,#F3F2FA
242,3,98,#F3F2FA
243,3,98,#F3F2FA
244,3,98,#F3F2FA
245,3,98,#F3F2FA
246,3,98,#F3F2FA
247,3,98,#F3F2FA
248,3,98,#F3F2FA
249,3,98,#F4F2FA
250,3,98,#F4F2FA
251,3,98,#F4F2FA
252,3,98,#F4F2FA
253,3,98,#F4F2FA
254,3,98,#F4F2FA
255,3,98,#F4F2FA
256,3,98,#F4F2FA
257,3,98,#F5F2FA
258,3,98,#F5F2FA
259,3,98,#F5F2FA
260,3,98,#F5F2FA
261,3,98,#F5F2FA
262,3,98,#F5F2FA
263,3,98,#F5F2FA
264,3,98,#F5F2FA
265,3,98,#F6F2FA
266,3,98,#F6F2FA
267,3,98,#F6F2FA
268,3,98,#F6F2FA
269,3,98,#F6F2FA
270,3,98,#F6F2FA
271,3,98,#F6F2FA
272,3,98,#F6F2FA
273,3,98,#F7F2FA
274,3,98,#F7F2FA
275,3,98,#F7F2FA
276,3,98,#F7F2FA
277,3,98,#F7F2FA
278,3,98,#F7F2FA
279,3,98,#F7F2FA
280,3,98,#F7F2FA
281,3,98,#F8F2FA
282,3,98,#F8F2FA
283,3,98,#F8F2FA
284,3,98,#F8F2FA
285,3,98,#F8F2FA
286,3,98,#F8F2FA
287,3,98,#F8F2FA
288,3,98,#F8F2FA
289,3,98,#F9F2FA
290,3,98,#F9F2FA
291,3,98,#F9F2FA
292,3,98,#F9F2FA
293,3,98,#F9F2FA
294,3,98,#F9F2FA
295,3,98,#F9F2FA
296,3,98,#F9F2FA
297,3,98,#FAF2FA
298,3,98,#FAF2FA
299,3,98,#FAF2FA
300,3,98,#FAF2FA
301,3,98,#FAF2FA
302,3,98,#FAF2FA
303,3,98,#FAF2FA
304,3,98,#FAF2F9
305,3,98,#FAF2F9
306,3,98,#FAF2F9
307,3,98,#FAF2F9
308,3,98,#FAF2F9
309,3,98,#FAF2F9
310,3,98,#FAF2F9
311,3,98,#FAF2F9
312,3,98,#FAF2F8
313,3,98,#FAF2F8
314,3,98,#FAF2F8
315,3,98,#FAF2F8
316,3,98,#FAF2F8
317,3,98,#FAF2F8
318,3,98,#FAF2F8
319,3,98,#FAF2F8
320,3,98,#FAF2F7
321,3,98,#FAF2F7
322,3,98,#FAF2F7
323,3,98,#FAF2F7
324,3,98,#FAF2F7
325,3,98,#FAF2F7
326,3,98,#FAF2F7
327,3,98,#FAF2F7
328,3,98,#FAF2F6
329,3,98,#FAF2F6
330,3,98,#FAF2F6
331,3,98,#FAF2F6
332,3,98,#FAF2F6
333,3,98,#FAF2F6
334,3,98,#FAF2F6
335,3,98,#FAF2F6
336,3,98,#FAF2F5
337,3,98,#FAF2F5
338,3,98,#FAF2F5
339,3,98,#FAF2F5
340,3,98,#FAF2F5
341,3,98,#FAF2F5
342,3,98,#FAF2F5
343,3,98,#FAF2F5
344,3,98,#FAF2F4
345,3,98,#FAF2F4
346,3,98,#FAF2F4
347,3,98,#FAF2F4
348,3,98,#FAF2F4
349,3,98,#FAF2F4
350,3,98,#FAF2F4
351,3,98,#FAF2F4
352,3,98,#FAF2F3
353,3,98,#FAF2F3
354,3,98,#FAF2F3
355,3,98,#FAF2F3
356,3,98,#FAF2F3
357,3,98,#FAF2F3
358,3,98,#FAF2F3
359,3,98,#FAF2F3
0,2,98,#FAF5F5
1,2,98,#FAF5F5
2,2,98,#FAF5F5
3,2,98,#FAF5F5
4,2,98,#FAF5F5
5,2,98,#FAF5F5
6,2,98,#FAF5F5
7,2,98,#FAF5F5
8,2,98,#FAF6F5
9,2,98,#FAF6F5
10,2,98,#FAF6F5
11,2,98,#FAF6F5
12,2,98,#FAF6F5
13,2,98,#FAF6F5
14,2,98,#FAF6F5
15,2,98,#FAF6F5
16,2,98,#FAF6F5
17,2,98,#FAF6F5
18,2,98,#FAF6F5
19,2,98,#FAF6F5
20,2,98,#FAF7F5
21,2,98,#FAF7F5
22,2,98,#FAF7F5
23,2,98,#FAF7F5
24,2,98,#FAF7F5
25,2,98,#FAF7F5
26,2,98,#FAF7F5
27,2,98,#FAF7F5
28,2,98,#FAF7F5
29,2,98,#FAF7F5
30,2,98,#FAF7F5
31,2,98,#FAF7F5
32,2,98,#FAF8F5
33,2,98,#FAF8F5
34,2,98,#FAF8F5
35,2,98,#FAF8F5
36,2,98,#FAF8F5
37,2,98,#FAF8F5
38,2,98,#FAF8F5
39,2,98,#FAF8F5
40,2,98,#FAF8F5
41,2,98,#FAF8F5
42,2,98,#FAF8F5
43,2,98,#FAF8F5
44,2,98,#FAF9F5
45,2,98,#FAF9F5
46,2,98,#FAF9F5
47,2,98,#FAF9F5
48,2,98,#FAF9F5
49,2,98,#FAF9F5
50,2,98,#FAF9F5
51,2,98,#FAF9F5
52,2,98,#FAF9F5
53,2,98,#FAF9F5
54,2,98,#FAF9F5
55,2,98,#FAF9F5
56,2,98,#FAFAF5
57,2,98,#FAFAF5
58,2,98,#FAFAF5
59,2,98,#FAFAF5
60,2,98,#FAFAF5
61,2,98,#FAFAF5
62,2,98,#FAFAF5
63,2,98,#FAFAF5
64,2,98,#FAFAF5
65,2,98,#F9FAF5
66,2,98,#F9FAF5
67,2,98,#F9FAF5
68,2,98,#F9FAF5
69,2,98,#F9FAF5
70,2,98,#F9FAF5
71,2,98,#F9FAF5
72,2,98,#F9FAF5
73,2,98,#F9FAF5
74,2,98,#F9FAF5
75,2,98,#F9FAF5
76,2,98,#F9FAF5
77,2,98,#F8FAF5
78,2,98,#F8FAF5
79,2,98,#F8FAF5
80,2,98,#F8FAF5
81,2,98,#F8FAF5
82,2,98,#F8FAF5
83,2,98,#F8FAF5
84,2,98,#F8FAF5
85,2,98,#F8FAF5
86,2,98,#F8FAF5
87,2,98,#F8FAF5
88,2,98,#F8FAF5
89,2,98,#F7FAF5
90,2,98,#F7FAF5
91,2,98,#F7FAF5
92,2,98,#F7FAF5
93,2,98,#F7FAF5
94,2,98,#F7FAF5
95,2,98,#F7FAF5
96,2,98,#F7FAF5
97,2,98,#F7FAF5
98,2,98,#F7FAF5
99,2,98,#F7FAF5
100,2,98,#F7FAF5
101,2,98,#F6FAF5
102,2,98,#F6FAF5
103,2,98,#F6FAF5
104,2,98,#F6FAF5
105,2,98,#F6FAF5
106,2,98,#F6FAF5
107,2,98,#F6FAF5
108,2,98,#F6FAF5
109,2,98,#F6FAF5
110,2,98,#F6FAF5
111,2,98,#F6FAF5
112,2,98,#F6FAF5
113,2,98,#F5FAF5
114,2,98,#F5FAF5
115,2,98,#F5FAF5
116,2,98,#F5FAF5
117,2,98,#F5FAF5
118,2,98,#F5FAF5
119,2,98,#F5FAF5
120,2,98,#F5FAF5
121,2,98,#F5FAF5
122,2,98,#F5FAF5
123,2,98,#F5FAF5
124,2,98,#F5FAF5
125,2,98,#F5FAF5
126,2,98,#F5FAF5
127,2,98,#F5FAF5
128,2,98,#F5FAF6
129,2,98,#F5FAF6
130,2,98,#F5FAF6
131,2,98,#F5FAF6
132,2,98,#F5FAF6
133,2,98,#F5FAF6
134,2,98,#F5FAF6
135,2,98,#F5FAF6
136,2,98,#F5FAF6
137,2,98,#F5FAF6
138,2,98,#F5FAF6
139,2,98,#F5FAF6
140,2,98,#F5FAF7
141,2,98,#F5FAF7
142,2,98,#F5FAF7
143,2,98,#F5FAF7
144,2,98,#F5FAF7
145,2,98,#F5FAF7
146,2,98,#F5FAF7
147,2,98,#F5FAF7
148,2,98,#F5FAF7
149,2,98,#F5FAF7
150,2,98,#F5FAF7
151,2,98,#F5FAF7
152,2,98,#F5FAF8
153,2,98,#F5FAF8
154,2,98,#F5FAF8
155,2,98,#F5FAF8
156,2,98,#F5FAF8
157,2,98,#F5FAF8
158,2,98,#F5FAF8
159,2,98,#F5FAF8
160,2,98,#F5FAF8
161,2,98,#F5FAF8
162,2,98,#F5FAF8
163,2,98,#F5FAF8
164,2,98,#F5FAF9
165,2,98,#F5FAF9
166,2,98,#F5FAF9
167,2,98,#F5FAF9
168,2,98,#F5FAF9
169,2,98,#F5FAF9
170,2,98,#F5FAF9
171,2,98,#F5FAF9
172,2,98,#F5FAF9
173,2,98,#F5FAF9
174,2,98,#F5FAF9
175,2,98,#F5FAF9
176,2,98,#F5FAFA
177,2,98,#F5FAFA
178,2,98,#F5FAFA
179,2,98,#F5FAFA
180,2,98,#F5FAFA
181,2,98,#F5FAFA
182,2,98,#F5FAFA
183,2,98,#F5FAFA
184,2,98,#F5FAFA
185,2,98,#F5F9FA
186,2,98,#F5F9FA
187,2,98,#F5F9FA
188,2,98,#F5F9FA
189,2,98,#F5F9FA
190,2,98,#F5F9FA
191,2,98,#F5F9FA
192,2,98,#F5F9FA
193,2,98,#F5F9FA
194,2,98,#F5F9FA
195,2,98,#F5F9FA
196,2,98,#F5F9FA
197,2,98,#F5F8FA
198,2,98,#F5F8FA
199,2,98,#F5F8FA
200,2,98,#F5F8FA
201,2,98,#F5F8FA
202,2,98,#F5F8FA
203,2,98,#F5F8FA
204,2,98,#F5F8FA
205,2,98,#F5F8FA
206,2,98,#F5F8FA
207,2,98,#F5F8FA
208,2,98,#F5F8FA
209,2,98,#F5F7FA
210,2,98,#F5F7FA
211,2,98,#F5F7FA
212,2,98,#F5F7FA
213,2,98,#F5F7FA
214,2,98,#F5F7FA
215,2,98,#F5F7FA
216,2,98,#F5F7FA
217,2,98,#F5F7FA
218,2,98,#F5F7FA
219,2,98,#F5F7FA
220,2,98,#F5F7FA
221,2,98,#F5F6FA
222,2,98,#F5F6FA
223,2,98,#F5F6FA
224,2,98,#F5F6FA
225,2,98,#F5F6FA
226,2,98,#F5F6FA
227,2,98,#F5F6FA
228,2,98,#F5F6FA
229,2,98,#F5F6FA
230,2,98,#F5F6FA
231,2,98,#F5F6FA
232,2,98,#F5F6FA
233,2,98,#F5F5FA
234,2,98,#F5F5FA
235,2,98,#F5F5FA
236,2,98,#F5F5FA
237,2,98,#F5F5FA
238,2,98,#F5F5FA
239,2,98,#F5F5FA
240,2,98,#F5F5FA
241,2,98,#F5F5FA
242,2,98,#F5F5FA
243,2,98,#F5F5FA
244,2,98,#F5F5FA
245,2,98,#F5F5FA
246,2,98,#F5F5FA
247,2,98,#F5F5FA
248,2,98,#F6F5FA
249,2,98,#F6F5FA
250,2,98,#F6F5FA
251,2,98,#F6F5FA
252,2,98,#F6F5FA
253,2,98,#F6F5FA
254,2,98,#F6F5FA
255,2,98,#F6F5FA
256,2,98,#F6F5FA
257,2,98,#F6F5FA
258,2,98,#F6F5FA
259,2,98,#F6F5FA
260,2,98,#F7F5FA
261,2,98,#F7F5FA
262,2,98,#F7F5FA
263,2,98,#F7F5FA
264,2,98,#F7F5FA
265,2,98,#F7F5FA
266,2,98,#F7F5FA
267,2,98,#F7F5FA
268,2,98,#F7F5FA
269,2,98,#F7F5FA
270,2,98,#F7F5FA
271,2,98,#F7F5FA
272,2,98,#F8F5FA
273,2,98,#F8F5FA
274,2,98,#F8F5FA
275,2,98,#F8F5FA
276,2,98,#F8F5FA
277,2,98,#F8F5FA
278,2,98,#F8F5FA
279,2,98,#F8F5FA
280,2,98,#F8F5FA
281,2,98,#F8F5FA
282,2,98,#F8F5FA
283,2,98,#F8F5FA
284,2,98,#F9F5FA
285,2,98,#F9F5FA
286,2,98,#F9F5FA
287,2,98,#F9F5FA
288,2,98,#F9F5FA
289,2,98,#F9F5FA
290,2,98,#F9F5FA
291,2,98,#F9F5FA
292,2,98,#F9F5FA
293,2,98,#F9F5FA
294,2,98,#F9F5FA
295,2,98,#F9F5FA
296,2,98,#FAF5FA
297,2,98,#FAF5FA
298,2,98,#FAF5FA
299,2,98,#FAF5FA
300,2,98,#FAF5FA
301,2,98,#FAF5FA
302,2,98,#FAF5FA
303,2,98,#FAF5FA
304,2,98,#FAF5FA
305,2,98,#FAF5F9
306,2,98,#FAF5F9
307,2,98,#FAF5F9
308,2,98,#FAF5F9
309,2,98,#FAF5F9
310,2,98,#FAF5F9
311,2,98,#FAF5F9
312,2,98,#FAF5F9
313,2,98,#FAF5F9
314,2,98,#FAF5F9
315,2,98,#FAF5F9
316,2,98,#FAF5F9
317,2,98,#FAF5F8
318,2,98,#FAF5F8
319,2,98,#FAF5F8
320,2,98,#FAF5F8
321,2,98,#FAF5F8
322,2,98,#FAF5F8
323,2,98,#FAF5F8
324,2,98,#FAF5F8
325,2,98,#FAF5F8
326,2,98,#FAF5F8
327,2,98,#FAF5F8
328,2,98,#FAF5F8
329,2,98,#FAF5F7
330,2,98,#FAF5F7
331,2,98,#FAF5F7
332,2,98,#FAF5F7
333,2,98,#FAF5F7
334,2,98,#FAF5F7
335,2,98,#FAF5F7
336,2,98,#FAF5F7
337,2,98,#FAF5F7
338,2,98,#FAF5F7
339,2,98,#FAF5F7
340,2,98,#FAF5F7
341,2,98,#FAF5F6
342,2,98,#FAF5F6
343,2,98,#FAF5F6
344,2,98,#FAF5F6
345,2,98,#FAF5F6
346,2,98,#FAF5F6
347,2,98,#FAF5F6
348,2,98,#FAF5F6
349,2,98,#FAF5F6
350,2,98,#FAF5F6
351,2,98,#FAF5F6
352,2,98,#FAF5F6
353,2,98,#FAF5F5
354,2,98,#FAF5F5
355,2,98,#FAF5F5
356,2,98,#FAF5F5
357,2,98,#FAF5F5
358,2,98,#FAF5F5
359,2,98,#FAF5F5
0,1,98,#FAF7F7
1,1,98,#FAF7F7
2,1,98,#FAF7F7
3,1,98,#FAF8F7
4,1,98,#FAF8F7
5,1,98,#FAF8F7
6,1,98,#FAF8F7
7,1,98,#FAF8F7
8,1,98,#FAF8F7
9,1,98,#FAF8F7
10,1,98,#FAF8F7
11,1,98,#FAF8F7
12,1,98,#FAF8F7
13,1,98,#FAF8F7
14,1,98,#FAF8F7
15,1,98,#FAF8F7
16,1,98,#FAF8F7
17,1,98,#FAF8F7
18,1,98,#FAF8F7
19,1,98,#FAF8F7
20,1,98,#FAF8F7
21,1,98,#FAF8F7
22,1,98,#FAF8F7
23,1,98,#FAF8F7
24,1,98,#FAF8F7
25,1,98,#FAF8F7
26,1,98,#FAF8F7
27,1,98,#FAF9F7
28,1,98,#FAF9F7
29,1,98,#FAF9F7
30,1,98,#FAF9F7
31,1,98,#FAF9F7
32,1,98,#FAF9F7
33,1,98,#FAF9F7
34,1,98,#FAF9F7
35,1,98,#FAF9F7
36,1,98,#FAF9F7
37,1,98,#FAF9F7
38,1,98,#FAF9F7
39,1,98,#FAF9F7
40,1,98,#FAF9F7
41,1,98,#FAF9F7
42,1,98,#FAF9F7
43,1,98,#FAF9F7
44,1,98,#FAF9F7
45,1,98,#FAF9F7
46,1,98,#FAF9F7
47,1,98,#FAF9F7
48,1,98,#FAF9F7
49,1,98,#FAF9F7
50,1,98,#FAF9F7
51,1,98,#FAFAF7
52,1,98,#FAFAF7
53,1,98,#FAFAF7
54,1,98,#FAFAF7
55,1,98,#FAFAF7
56,1,98,#FAFAF7
57,1,98,#FAFAF7
58,1,98,#FAFAF7
59,1,98,#FAFAF7
60,1,98,#FAFAF7
61,1,98,#FAFAF7
62,1,98,#FAFAF7
63,1,98,#FAFAF7
64,1,98,#FAFAF7
65,1,98,#FAFAF7
66,1,98,#FAFAF7
67,1,98,#FAFAF7
68,1,98,#FAFAF7
69,1,98,#FAFAF7
70,1,98,#F9FAF7
71,1,98,#F9FAF7
72,1,98,#F9FAF7
73,1,98,#F9FAF7
74,1,98,#F9FAF7
75,1,98,#F9FAF7
76,1,98,#F9FAF7
77,1,98,#F9FAF7
78,1,98,#F9FAF7
79,1,98,#F9FAF7
80,1,98,#F9FAF7
81,1,98,#F9FAF7
82,1,98,#F9FAF7
83,1,98,#F9FAF7
84,1,98,#F9FAF7
85,1,98,#F9FAF7
86,1,98,#F9FAF7
87,1,98,#F9FAF7
88,1,98,#F9FAF7
89,1,98,#F9FAF7
90,1,98,#F9FAF7
91,1,98,#F9FAF7
92,1,98,#F9FAF7
93,1,98,#F9FAF7
94,1,98,#F8FAF7
95,1,98,#F8FAF7
96,1,98,#F8FAF7
97,1,98,#F8FAF7
98,1,98,#F8FAF7
99,1,98,#F8FAF7
100,1,98,#F8FAF7
101,1,98,#F8FAF7
102,1,98,#F8FAF7
103,1,98,#F8FAF7
104,1,98,#F8FAF7
105,1,98,#F8FAF7
106,1,98,#F8FAF7
107,1,98,#F8FAF7
108,1,98,#F8FAF7
109,1,98,#F8FAF7
110,1,98,#F8FAF7
111,1,98,#F8FAF7
112,1,98,#F8FAF7
113,1,98,#F8FAF7
114,1,98,#F8FAF7
115,1,98,#F8FAF7
116,1,98,#F8FAF7
117,1,98,#F8FAF7
118,1,98,#F7FAF7
119,1,98,#F7FAF7
120,1,98,#F7FAF7
121,1,98,#F7FAF7
122,1,98,#F7FAF7
123,1,98,#F7FAF8
124,1,98,#F7FAF8
125,1,98,#F7FAF8
126,1,98,#F7FAF8
127,1,98,#F7FAF8
128,1,98,#F7FAF8
129,1,98,#F7FAF8
130,1,98,#F7FAF8
131,1,98,#F7FAF8
132,1,98,#F7FAF8
133,1,98,#F7FAF8
134,1,98,#F7FAF8
135,1,98,#F7FAF8
136,1,98,#F7FAF8
137,1,98,#F7FAF8
138,1,98,#F7FAF8
139,1,98,#F7FAF8
140,1,98,#F7FAF8
141,1,98,#F7FAF8
142,1,98,#F7FAF8
143,1,98,#F7FAF8
144,1,98,#F7FAF8
145,1,98,#F7FAF8
146,1,98,#F7FAF8
147,1,98,#F7FAF9
148,1,98,#F7FAF9
149,1,98,#F7FAF9
150,1,98,#F7FAF9
151,1,98,#F7FAF9
152,1,98,#F7FAF9
153,1,98,#F7FAF9
154,1,98,#F7FAF9
155,1,98,#F7FAF9
156,1,98,#F7FAF9
157,1,98,#F7FAF9
158,1,98,#F7FAF9
159,1,98,#F7FAF9
160,1,98,#F7FAF9
161,1,98,#F7FAF9
162,1,98,#F7FAF9
163,1,98,#F7FAF9
164,1,98,#F7FAF9
165,1,98,#F7FAF9
166,1,98,#F7FAF9
167,1,98,#F7FAF9
168,1,98,#F7FAF9
169,1,98,#F7FAF9
170,1,98,#F7FAF9
171,1,98,#F7FAFA
172,1,98,#F7FAFA
173,1,98,#F7FAFA
174,1,98,#F7FAFA
175,1,98,#F7FAFA
176,1,98,#F7FAFA
177,1,98,#F7FAFA
178,1,98,#F7FAFA
179,1,98,#F7FAFA
180,1,98,#F7FAFA
181,1,98,#F7FAFA
182,1,98,#F7FAFA
183,1,98,#F7FAFA
184,1,98,#F7FAFA
185,1,98,#F7FAFA
186,1,98,#F7FAFA
187,1,98,#F7FAFA
188,1,98,#F7FAFA
189,1,98,#F7FAFA
190,1,98,#F7F9FA
191,1,98,#F7F9FA
192,1,98,#F7F9FA
193,1,98,#F7F9FA
194,1,98,#F7F9FA
195,1,98,#F7F9FA
196,1,98,#F7F9FA
197,1,98,#F7F9FA
198,1,98,#F7F9FA
199,1,98,#F7F9FA
200,1,98,#F7F9FA
201,1,98,#F7F9FA
202,1,98,#F7F9FA
203,1,98,#F7F9FA
204,1,98,#F7F9FA
205,1,98,#F7F9FA
206,1,98,#F7F9FA
207,1,98,#F7F9FA
208,1,98,#F7F9FA
209,1,98,#F7F9FA
210,1,98,#F7F9FA
211,1,98,#F7F9FA
212,1,98,#F7F9FA
213,1,98,#F7F9FA
214,1,98,#F7F8FA
215,1,98,#F7F8FA
216,1,98,#F7F8FA
217,1,98,#F7F8FA
218,1,98,#F7F8FA
219,1,98,#F7F8FA
220,1,98,#F7F8FA
221,1,98,#F7F8FA
222,1,98,#F7F8FA
223,1,98,#F7F8FA
224,1,98,#F7F8FA
225,1,98,#F7F8FA
226,1,98,#F7F8FA
227,1,98,#F7F8FA
228,1,98,#F7F8FA
229,1,98,#F7F8FA
230,1,98,#F7F8FA
231,1,98,#F7F8FA
232,1,98,#F7F8FA
233,1,98,#F7F8FA
234,1,98,#F7F8FA
235,1,98,#F7F8FA
236,1,98,#F7F8FA
237,1,98,#F7F8FA
238,1,98,#F7F7FA
239,1,98,#F7F7FA
240,1,98,#F7F7FA
241,1,98,#F7F7FA
242,1,98,#F7F7FA
243,1,98,#F8F7FA
244,1,98,#F8F7FA
245,1,98,#F8F7FA
246,1,98,#F8F7FA
247,1,98,#F8F7FA
248,1,98,#F8F7FA
249,1,98,#F8F7FA
250,1,98,#F8F7FA
251,1,98,#F8F7FA
252,1,98,#F8F7FA
253,1,98,#F8F7FA
254,1,98,#F8F7FA
255,1,98,#F8F7FA
256,1,98,#F8F7FA
257,1,98,#F8F7FA
258,1,98,#F8F7FA
259,1,98,#F8F7FA
260,1,98,#F8F7FA
261,1,98,#F8F7FA
262,1,98,#F8F7FA
263,1,98,#F8F7FA
264,1,98,#F8F7FA
265,1,98,#F8F7FA
266,1,98,#F8F7FA
267,1,98,#F9F7FA
268,1,98,#F9F7FA
269,1,98,#F9F7FA
270,1,98,#F9F7FA
271,1,98,#F9F7FA
272,1,98,#F9F7FA
273,1,98,#F9F7FA
274,1,98,#F9F7FA
275,1,98,#F9F7FA
276,1,98,#F9F7FA
277,1,98,#F9F7FA
278,1,98,#F9F7FA
279,1,98,#F9F7FA
280,1,98,#F9F7FA
281,1,98,#F9F7FA
282,1,98,#F9F7FA
283,1,98,#F9F7FA
284,1,98,#F9F7FA
285,1,98,#F9F7FA
286,1,98,#F9F7FA
287,1,98,#F9F7FA
288,1,98,#F9F7FA
289,1,98,#F9F7FA
290,1,98,#F9F7FA
291,1,98,#FAF7FA
292,1,98,#FAF7FA
293,1,98,#FAF7FA
294,1,98,#FAF7FA
295,1,98,#FAF7FA
296,1,98,#FAF7FA
297,1,98,#FAF7FA
298,1,98,#FAF7FA
299,1,98,#FAF7FA
300,1,98,#FAF7FA
301,1,98,#FAF7FA
302,1,98,#FAF7FA
303,1,98,#FAF7FA
304,1,98,#FAF7FA
305,1,98,#FAF7FA
306,1,98,#FAF7FA
307,1,98,#FAF7FA
308,1,98,#FAF7FA
309,1,98,#FAF7FA
310,1,98,#FAF7F9
311,1,98,#FAF7F9
312,1,98,#FAF7F9
313,1,98,#FAF7F9
314,1,98,#FAF7F9
315,1,98,#FAF7F9
316,1,98,#FAF7F9
317,1,98,#FAF7F9
318,1,98,#FAF7F9
319,1,98,#FAF7F9
320,1,98,#FAF7F9
321,1,98,#FAF7F9
322,1,98,#FAF7F9
323,1,98,#FAF7F9
324,1,98,#FAF7F9
325,1,98,#FAF7F9
326,1,98,#FAF7F9
327,1,98,#FAF7F9
328,1,98,#FAF7F9
329,1,98,#FAF7F9
330,1,98,#FAF7F9
331,1,98,#FAF7F9
332,1,98,#FAF7F9
333,1,98,#FAF7F9
334,1,98,#FAF7F8
335,1,98,#FAF7F8
336,1,98,#FAF7F8
337,1,98,#FAF7F8
338,1,98,#FAF7F8
339,1,98,#FAF7F8
340,1,98,#FAF7F8
341,1,98,#FAF7F8
342,1,98,#FAF7F8
343,1,98,#FAF7F8
344,1,98,#FAF7F8
345,1,98,#FAF7F8
346,1,98,#FAF7F8
347,1,98,#FAF7F8
348,1,98,#FAF7F8
349,1,98,#FAF7F8
350,1,98,#FAF7F8
351,1,98,#FAF7F8
352,1,98,#FAF7F8
353,1,98,#FAF7F8
354,1,98,#FAF7F8
355,1,98,#FAF7F8
356,1,98,#FAF7F8
357,1,98,#FAF7F8
358,1,98,#FAF7F7
359,1,98,#FAF7F7
0,0,98,#FAFAFA
1,0,98,#FAFAFA
2,0,98,#FAFAFA
3,0,98,#FAFAFA
4,0,98,#FAFAFA
5,0,98,#FAFAFA
6,0,98,#FAFAFA
7,0,98,#FAFAFA
8,0,98,#FAFAFA
9,0,98,#FAFAFA
10,0,98,#FAFAFA
11,0,98,#FAFAFA
12,0,98,#FAFAFA
13,0,98,#FAFAFA
14,0,98,#FAFAFA
15,0,98,#FAFAFA
16,0,98,#FAFAFA
17,0,98,#FAFAFA
18,0,98,#FAFAFA
19,0,98,#FAFAFA
20,0,98,#FAFAFA
21,0,98,#FAFAFA
22,0,98,#FAFAFA
23,0,98,#FAFAFA
24,0,98,#FAFAFA
25,0,98,#FAFAFA
26,0,98,#FAFAFA
27,0,98,#FAFAFA
28,0,98,#FAFAFA
29,0,98,#FAFAFA
30,0,98,#FAFAFA
31,0,98,#FAFAFA
32,0,98,#FAFAFA
33,0,98,#FAFAFA
34,0,98,#FAFAFA
35,0,98,#FAFAFA
36,0,98,#FAFAFA
37,0,98,#FAFAFA
38,0,98,#FAFAFA
39,0,98,#FAFAFA
40,0,98,#FAFAFA
41,0,98,#FAFAFA
42,0,98,#FAFAFA
43,0,98,#FAFAFA
44,0,98,#FAFAFA
45,0,98,#FAFAFA
46,0,98,#FAFAFA
47,0,98,#FAFAFA
48,0,98,#FAFAFA
49,0,98,#FAFAFA
50,0,98,#FAFAFA
51,0,98,#FAFAFA
52,0,98,#FAFAFA
53,0,98,#FAFAFA
54,0,98,#FAFAFA
55,0,98,#FAFAFA
56,0,98,#FAFAFA
57,0,98,#FAFAFA
58,0,98,#FAFAFA
59,0,98,#FAFAFA
60,0,98,#FAFAFA
61,0,98,#FAFAFA
62,0,98,#FAFAFA
63,0,98,#FAFAFA
64,0,98,#FAFAFA
65,0,98,#FAFAFA
66,0,98,#FAFAFA
67,0,98,#FAFAFA
68,0,98,#FAFAFA
69,0,98,#FAFAFA
70,0,98,#FAFAFA
71,0,98,#FAFAFA
72,0,98,#FAFAFA
73,0,98,#FAFAFA
74,0,98,#FAFAFA
75,0,98,#FAFAFA
76,0,98,#FAFAFA
77,0,98,#FAFAFA
78,0,98,#FAFAFA
79,0,98,#FAFAFA
80,0,98,#FAFAFA
81,0,98,#FAFAFA
82,0,98,#FAFAFA
83,0,98,#FAFAFA
84,0,98,#FAFAFA
85,0,98,#FAFAFA
86,0,98,#FAFAFA
87,0,98,#FAFAFA
88,0,98,#FAFAFA
89,0,98,#FAFAFA
90,0,98,#FAFAFA
91,0,98,#FAFAFA
92,0,98,#FAFAFA
93,0,98,#FAFAFA
94,0,98,#FAFAFA
95,0,98,#FAFAFA
96,0,98,#FAFAFA
97,0,98,#FAFAFA
98,0,98,#FAFAFA
99,0,98,#FAFAFA
100,0,98,#FAFAFA
101,0,98,#FAFAFA
102,0,98,#FAFAFA
103,0,98,#FAFAFA
104,0,98,#FAFAFA
105,0,98,#FAFAFA
106,0,98,#FAFAFA
107,0,98,#FAFAFA
108,0,98,#FAFAFA
109,0,98,#FAFAFA
110,0,98,#FAFAFA
111,0,98,#FAFAFA
112,0,98,#FAFAFA
113,0,98,#FAFAFA
114,0,98,#FAFAFA
115,0,98,#FAFAFA
116,0,98,#FAFAFA
117,0,98,#FAFAFA
118,0,98,#FAFAFA
119,0,98,#FAFAFA
120,0,98,#FAFAFA
121,0,98,#FAFAFA
122,0,98,#FAFAFA
123,0,98,#FAFAFA
124,0,98,#FAFAFA
125,0,98,#FAFAFA
126,0,98,#FAFAFA
127,0,98,#FAFAFA
128,0,98,#FAFAFA
129,0,98,#FAFAFA
130,0,98,#FAFAFA
131,0,98,#FAFAFA
132,0,98,#FAFAFA
133,0,98,#FAFAFA
134,0,98,#FAFAFA
135,0,98,#FAFAFA
136,0,98,#FAFAFA
137,0,98,#FAFAFA
138,0,98,#FAFAFA
139,0,98,#FAFAFA
140,0,98,#FAFAFA
141,0,98,#FAFAFA
142,0,98,#FAFAFA
143,0,98,#FAFAFA
144,0,98,#FAFAFA
145,0,98,#FAFAFA
146,0,98,#FAFAFA
147,0,98,#FAFAFA
148,0,98,#FAFAFA
149,0,98,#FAFAFA
150,0,98,#FAFAFA
151,0,98,#FAFAFA
152,0,98,#FAFAFA
153,0,98,#FAFAFA
154,0,98,#FAFAFA
155,0,98,#FAFAFA
156,0,98,#FAFAFA
157,0,98,#FAFAFA
158,0,98,#FAFAFA
159,0,98,#FAFAFA
160,0,98,#FAFAFA
161,0,98,#FAFAFA
162,0,98,#FAFAFA
163,0,98,#FAFAFA
164,0,98,#FAFAFA
165,0,98,#FAFAFA
166,0,98,#FAFAFA
167,0,98,#FAFAFA
168,0,98,#FAFAFA
169,0,98,#FAFAFA
170,0,98,#FAFAFA
171,0,98,#FAFAFA
172,0,98,#FAFAFA
173,0,98,#FAFAFA
174,0,98,#FAFAFA
175,0,98,#FAFAFA
176,0,98,#FAFAFA
177,0,98,#FAFAFA
178,0,98,#FAFAFA
179,0,98,#FAFAFA
180,0,98,#FAFAFA
181,0,98,#FAFAFA
182,0,98,#FAFAFA
183,0,98,#FAFAFA
184,0,98,#FAFAFA
185,0,98,#FAFAFA
186,0,98,#FAFAFA
187,0,98,#FAFAFA
188,0,98,#FAFAFA
189,0,98,#FAFAFA
190,0,98,#FAFAFA
191,0,98,#FAFAFA
192,0,98,#FAFAFA
193,0,98,#FAFAFA
194,0,98,#FAFAFA
195,0,98,#FAFAFA
196,0,98,#FAFAFA
197,0,98,#FAFAFA
198,0,98,#FAFAFA
199,0,98,#FAFAFA
200,0,98,#FAFAFA
201,0,98,#FAFAFA
202,0,98,#FAFAFA
203,0,98,#FAFAFA
204,0,98,#FAFAFA
205,0,98,#FAFAFA
206,0,98,#FAFAFA
207,0,98,#FAFAFA
208,0,98,#FAFAFA
209,0,98,#FAFAFA
210,0,98,#FAFAFA
211,0,98,#FAFAFA
212,0,98,#FAFAFA
213,0,98,#FAFAFA
214,0,98,#FAFAFA
215,0,98,#FAFAFA
216,0,98,#FAFAFA
217,0,98,#FAFAFA
218,0,98,#FAFAFA
219,0,98,#FAFAFA
220,0,98,#FAFAFA
221,0,98,#FAFAFA
222,0,98,#FAFAFA
223,0,98,#FAFAFA
224,0,98,#FAFAFA
225,0,98,#FAFAFA
226,0,98,#FAFAFA
227,0,98,#FAFAFA
228,0,98,#FAFAFA
229,0,98,#FAFAFA
230,0,98,#FAFAFA
231,0,98,#FAFAFA
232,0,98,#FAFAFA
233,0,98,#FAFAFA
234,0,98,#FAFAFA
235,0,98,#FAFAFA
236,0,98,#FAFAFA
237,0,98,#FAFAFA
238,0,98,#FAFAFA
239,0,98,#FAFAFA
240,0,98,#FAFAFA
241,0,98,#FAFAFA
242,0,98,#FAFAFA
243,0,98,#FAFAFA
244,0,98,#FAFAFA
245,0,98,#FAFAFA
246,0,98,#FAFAFA
247,0,98,#FAFAFA
248,0,98,#FAFAFA
249,0,98,#FAFAFA
250,0,98,#FAFAFA
251,0,98,#FAFAFA
252,0,98,#FAFAFA
253,0,98,#FAFAFA
254,0,98,#FAFAFA
255,0,98,#FAFAFA
256,0,98,#FAFAFA
257,0,98,#FAFAFA
258,0,98,#FAFAFA
259,0,98,#FAFAFA
260,0,98,#FAFAFA
261,0,98,#FAFAFA
262,0,98,#FAFAFA
263,0,98,#FAFAFA
264,0,98,#FAFAFA
265,0,98,#FAFAFA
266,0,98,#FAFAFA
267,0,98,#FAFAFA
268,0,98,#FAFAFA
269,0,98,#FAFAFA
270,0,98,#FAFAFA
271,0,98,#FAFAFA
272,0,98,#FAFAFA
273,0,98,#FAFAFA
274,0,98,#FAFAFA
275,0,98,#FAFAFA
276,0,98,#FAFAFA
277,0,98,#FAFAFA
278,0,98,#FAFAFA
279,0,98,#FAFAFA
280,0,98,#FAFAFA
281,0,98,#FAFAFA
282,0,98,#FAFAFA
283,0,98,#FAFAFA
284,0,98,#FAFAFA
285,0,98,#FAFAFA
286,0,98,#FAFAFA
287,0,98,#FAFAFA
288,0,98,#FAFAFA
289,0,98,#FAFAFA
290,0,98,#FAFAFA
291,0,98,#FAFAFA
292,0,98,#FAFAFA
293,0,98,#FAFAFA
294,0,98,#FAFAFA
295,0,98,#FAFAFA
296,0,98,#FAFAFA
297,0,98,#FAFAFA
298,0,98,#FAFAFA
299,0,98,#FAFAFA
300,0,98,#FAFAFA
301,0,98,#FAFAFA
302,0,98,#FAFAFA
303,0,98,#FAFAFA
304,0,98,#FAFAFA
305,0,98,#FAFAFA
306,0,98,#FAFAFA
307,0,98,#FAFAFA
308,0,98,#FAFAFA
309,0,98,#FAFAFA
310,0,98,#FAFAFA
311,0,98,#FAFAFA
312,0,98,#FAFAFA
313,0,98,#FAFAFA
314,0,98,#FAFAFA
315,0,98,#FAFAFA
316,0,98,#FAFAFA
317,0,98,#FAFAFA
318,0,98,#FAFAFA
319,0,98,#FAFAFA
320,0,98,#FAFAFA
321,0,98,#FAFAFA
322,0,98,#FAFAFA
323,0,98,#FAFAFA
324,0,98,#FAFAFA
325,0,98,#FAFAFA
326,0,98,#FAFAFA
327,0,98,#FAFAFA
328,0,98,#FAFAFA
329,0,98,#FAFAFA
330,0,98,#FAFAFA
331,0,98,#FAFAFA
332,0,98,#FAFAFA
333,0,98,#FAFAFA
334,0,98,#FAFAFA
335,0,98,#FAFAFA
336,0,98,#FAFAFA
337,0,98,#FAFAFA
338,0,98,#FAFAFA
339,0,98,#FAFAFA
340,0,98,#FAFAFA
341,0,98,#FAFAFA
342,0,98,#FAFAFA
343,0,98,#FAFAFA
344,0,98,#FAFAFA
345,0,98,#FAFAFA
346,0,98,#FAFAFA
347,0,98,#FAFAFA
348,0,98,#FAFAFA
349,0,98,#FAFAFA
350,0,98,#FAFAFA
351,0,98,#FAFAFA
352,0,98,#FAFAFA
353,0,98,#FAFAFA
354,0,98,#FAFAFA
355,0,98,#FAFAFA
356,0,98,#FAFAFA
357,0,98,#FAFAFA
358,0,98,#FAFAFA
359,0,98,#FAFAFA
