Hue,Saturation,Brightness,Hex
0,100,36,#5C0000
1,100,36,#5C0200
2,100,36,#5C0300
3,100,36,#5C0500
4,100,36,#5C0600
5,100,36,#5C0800
6,100,36,#5C0900
7,100,36,#5C0B00
8,100,36,#5C0C00
9,100,36,#5C0E00
10,100,36,#5C0F00
11,100,36,#5C1100
12,100,36,#5C1200
13,100,36,#5C1400
14,100,36,#5C1500
15,100,36,#5C1700
16,100,36,#5C1800
17,100,36,#5C1A00
18,100,36,#5C1C00
19,100,36,#5C1D00
20,100,36,#5C1F00
21,100,36,#5C2000
22,100,36,#5C2200
23,100,36,#5C2300
24,100,36,#5C2500
25,100,36,#5C2600
26,100,36,#5C2800
27,100,36,#5C2900
28,100,36,#5C2B00
29,100,36,#5C2C00
30,100,36,#5C2E00
31,100,36,#5C2F00
32,100,36,#5C3100
33,100,36,#5C3200
34,100,36,#5C3400
35,100,36,#5C3600
36,100,36,#5C3700
37,100,36,#5C3900
38,100,36,#5C3A00
39,100,36,#5C3C00
40,100,36,#5C3D00
41,100,36,#5C3F00
42,100,36,#5C4000
43,100,36,#5C4200
44,100,36,#5C4300
45,100,36,#5C4500
46,100,36,#5C4600
47,100,36,#5C4800
48,100,36,#5C4900
49,100,36,#5C4B00
50,100,36,#5C4D00
51,100,36,#5C4E00
52,100,36,#5C5000
53,100,36,#5C5100
54,100,36,#5C5300
55,100,36,#5C5400
56,100,36,#5C5600
57,100,36,#5C5700
58,100,36,#5C5900
59,100,36,#5C5A00
60,100,36,#5C5C00
61,100,36,#5A5C00
62,100,36,#595C00
63,100,36,#575C00
64,100,36,#565C00
65,100,36,#545C00
66,100,36,#535C00
67,100,36,#515C00
68,100,36,#505C00
69,100,36,#4E5C00
70,100,36,#4D5C00
71,100,36,#4B5C00
72,100,36,#495C00
73,100,36,#485C00
74,100,36,#465C00
75,100,36,#455C00
76,100,36,#435C00
77,100,36,#425C00
78,100,36,#405C00
79,100,36,#3F5C00
80,100,36,#3D5C00
81,100,36,#3C5C00
82,100,36,#3A5C00
83,100,36,#395C00
84,100,36,#375C00
85,100,36,#365C00
86,100,36,#345C00
87,100,36,#325C00
88,100,36,#315C00
89,100,36,#2F5C00
90,100,36,#2E5C00
91,100,36,#2C5C00
92,100,36,#2B5C00
93,100,36,#295C00
94,100,36,#285C00
95,100,36,#265C00
96,100,36,#255C00
97,100,36,#235C00
98,100,36,#225C00
99,100,36,#205C00
100,100,36,#1F5C00
101,100,36,#1D5C00
102,100,36,#1C5C00
103,100,36,#1A5C00
104,100,36,#185C00
105,100,36,#175C00
106,100,36,#155C00
107,100,36,#145C00
108,100,36,#125C00
109,100,36,#115C00
110,100,36,#0F5C00
111,100,36,#0E5C00
112,100,36,#0C5C00
113,100,36,#0B5C00
114,100,36,#095C00
115,100,36,#085C00
116,100,36,#065C00
117,100,36,#055C00
118,100,36,#035C00
119,100,36,#025C00
120,100,36,#005C00
121,100,36,#005C02
122,100,36,#005C03
123,100,36,#005C05
124,100,36,#005C06
125,100,36,#005C08
126,100,36,#005C09
127,100,36,#005C0B
128,100,36,#005C0C
129,100,36,#005C0E
130,100,36,#005C0F
131,100,36,#005C11
132,100,36,#005C12
133,100,36,#005C14
134,100,36,#005C15
135,100,36,#005C17
136,100,36,#005C18
137,100,36,#005C1A
138,100,36,#005C1C
139,100,36,#005C1D
140,100,36,#005C1F
141,100,36,#005C20
142,100,36,#005C22
143,100,36,#005C23
144,100,36,#005C25
145,100,36,#005C26
146,100,36,#005C28
147,100,36,#005C29
148,100,36,#005C2B
149,100,36,#005C2C
150,100,36,#005C2E
151,100,36,#005C2F
152,100,36,#005C31
153,100,36,#005C32
154,100,36,#005C34
155,100,36,#005C36
156,100,36,#005C37
157,100,36,#005C39
158,100,36,#005C3A
159,100,36,#005C3C
160,100,36,#005C3D
161,100,36,#005C3F
162,100,36,#005C40
163,100,36,#005C42
164,100,36,#005C43
165,100,36,#005C45
166,100,36,#005C46
167,100,36,#005C48
168,100,36,#005C49
169,100,36,#005C4B
170,100,36,#005C4C
171,100,36,#005C4E
172,100,36,#005C50
173,100,36,#005C51
174,100,36,#005C53
175,100,36,#005C54
176,100,36,#005C56
177,100,36,#005C57
178,100,36,#005C59
179,100,36,#005C5A
180,100,36,#005C5C
181,100,36,#005A5C
182,100,36,#00595C
183,100,36,#00575C
184,100,36,#00565C
185,100,36,#00545C
186,100,36,#00535C
187,100,36,#00515C
188,100,36,#00505C
189,100,36,#004E5C
190,100,36,#004C5C
191,100,36,#004B5C
192,100,36,#00495C
193,100,36,#00485C
194,100,36,#00465C
195,100,36,#00455C
196,100,36,#00435C
197,100,36,#00425C
198,100,36,#00405C
199,100,36,#003F5C
200,100,36,#003D5C
201,100,36,#003C5C
202,100,36,#003A5C
203,100,36,#00395C
204,100,36,#00375C
205,100,36,#00365C
206,100,36,#00345C
207,100,36,#00325C
208,100,36,#00315C
209,100,36,#002F5C
210,100,36,#002E5C
211,100,36,#002C5C
212,100,36,#002B5C
213,100,36,#00295C
214,100,36,#00285C
215,100,36,#00265C
216,100,36,#00255C
217,100,36,#00235C
218,100,36,#00225C
219,100,36,#00205C
220,100,36,#001F5C
221,100,36,#001D5C
222,100,36,#001C5C
223,100,36,#001A5C
224,100,36,#00185C
225,100,36,#00175C
226,100,36,#00155C
227,100,36,#00145C
228,100,36,#00125C
229,100,36,#00115C
230,100,36,#000F5C
231,100,36,#000E5C
232,100,36,#000C5C
233,100,36,#000B5C
234,100,36,#00095C
235,100,36,#00085C
236,100,36,#00065C
237,100,36,#00055C
238,100,36,#00035C
239,100,36,#00025C
240,100,36,#00005C
241,100,36,#02005C
242,100,36,#03005C
243,100,36,#05005C
244,100,36,#06005C
245,100,36,#08005C
246,100,36,#09005C
247,100,36,#0B005C
248,100,36,#0C005C
249,100,36,#0E005C
250,100,36,#0F005C
251,100,36,#11005C
252,100,36,#12005C
253,100,36,#14005C
254,100,36,#15005C
255,100,36,#17005C
256,100,36,#18005C
257,100,36,#1A005C
258,100,36,#1C005C
259,100,36,#1D005C
260,100,36,#1F005C
261,100,36,#20005C
262,100,36,#22005C
263,100,36,#23005C
264,100,36,#25005C
265,100,36,#26005C
266,100,36,#28005C
267,100,36,#29005C
268,100,36,#2B005C
269,100,36,#2C005C
270,100,36,#2E005C
271,100,36,#2F005C
272,100,36,#31005C
273,100,36,#32005C
274,100,36,#34005C
275,100,36,#36005C
276,100,36,#37005C
277,100,36,#39005C
278,100,36,#3A005C
279,100,36,#3C005C
280,100,36,#3D005C
281,100,36,#3F005C
282,100,36,#40005C
283,100,36,#42005C
284,100,36,#43005C
285,100,36,#45005C
286,100,36,#46005C
287,100,36,#48005C
288,100,36,#49005C
289,100,36,#4B005C
290,100,36,#4D005C
291,100,36,#4E005C
292,100,36,#50005C
293,100,36,#51005C
294,100,36,#53005C
295,100,36,#54005C
296,100,36,#56005C
297,100,36,#57005C
298,100,36,#59005C
299,100,36,#5A005C
300,100,36,#5C005C
301,100,36,#5C005A
302,100,36,#5C0059
303,100,36,#5C0057
304,100,36,#5C0056
305,100,36,#5C0054
306,100,36,#5C0053
307,100,36,#5C0051
308,100,36,#5C0050
309,100,36,#5C004E
310,100,36,#5C004C
311,100,36,#5C004B
312,100,36,#5C0049
313,100,36,#5C0048
314,100,36,#5C0046
315,100,36,#5C0045
316,100,36,#5C0043
317,100,36,#5C0042
318,100,36,#5C0040
319,100,36,#5C003F
320,100,36,#5C003D
321,100,36,#5C003C
322,100,36,#5C003A
323,100,36,#5C0039
324,100,36,#5C0037
325,100,36,#5C0036
326,100,36,#5C0034
327,100,36,#5C0032
328,100,36,#5C0031
329,100,36,#5C002F
330,100,36,#5C002E
331,100,36,#5C002C
332,100,36,#5C002B
333,100,36,#5C0029
334,100,36,#5C0028
335,100,36,#5C0026
336,100,36,#5C0025
337,100,36,#5C0023
338,100,36,#5C0022
339,100,36,#5C0020
340,100,36,#5C001F
341,100,36,#5C001D
342,100,36,#5C001C
343,100,36,#5C001A
344,100,36,#5C0018
345,100,36,#5C0017
346,100,36,#5C0015
347,100,36,#5C0014
348,100,36,#5C0012
349,100,36,#5C0011
350,100,36,#5C000F
351,100,36,#5C000E
352,100,36,#5C000C
353,100,36,#5C000B
354,100,36,#5C0009
355,100,36,#5C0008
356,100,36,#5C0006
357,100,36,#5C0005
358,100,36,#5C0003
359,100,36,#5C0002
0,99,36,#5C0101
1,99,36,#5C0201
2,99,36,#5C0401
3,99,36,#5C0501
4,99,36,#5C0701
5,99,36,#5C0801
6,99,36,#5C0A01
7,99,36,#5C0C01
8,99,36,#5C0D01
9,99,36,#5C0F01
10,99,36,#5C1001
11,99,36,#5C1201
12,99,36,#5C1301
13,99,36,#5C1501
14,99,36,#5C1601
15,99,36,#5C1801
16,99,36,#5C1901
17,99,36,#5C1B01
18,99,36,#5C1C01
19,99,36,#5C1E01
20,99,36,#5C1F01
21,99,36,#5C2101
22,99,36,#5C2201
23,99,36,#5C2401
24,99,36,#5C2501
25,99,36,#5C2701
26,99,36,#5C2801
27,99,36,#5C2A01
28,99,36,#5C2B01
29,99,36,#5C2D01
30,99,36,#5C2E01
31,99,36,#5C3001
32,99,36,#5C3101
33,99,36,#5C3301
34,99,36,#5C3401
35,99,36,#5C3601
36,99,36,#5C3701
37,99,36,#5C3901
38,99,36,#5C3A01
39,99,36,#5C3C01
40,99,36,#5C3E01
41,99,36,#5C3F01
42,99,36,#5C4101
43,99,36,#5C4201
44,99,36,#5C4401
45,99,36,#5C4501
46,99,36,#5C4701
47,99,36,#5C4801
48,99,36,#5C4A01
49,99,36,#5C4B01
50,99,36,#5C4D01
51,99,36,#5C4E01
52,99,36,#5C5001
53,99,36,#5C5101
54,99,36,#5C5301
55,99,36,#5C5401
56,99,36,#5C5601
57,99,36,#5C5701
58,99,36,#5C5901
59,99,36,#5C5A01
60,99,36,#5C5C01
61,99,36,#5A5C01
62,99,36,#595C01
63,99,36,#575C01
64,99,36,#565C01
65,99,36,#545C01
66,99,36,#535C01
67,99,36,#515C01
68,99,36,#505C01
69,99,36,#4E5C01
70,99,36,#4D5C01
71,99,36,#4B5C01
72,99,36,#4A5C01
73,99,36,#485C01
74,99,36,#475C01
75,99,36,#455C01
76,99,36,#445C01
77,99,36,#425C01
78,99,36,#415C01
79,99,36,#3F5C01
80,99,36,#3E5C01
81,99,36,#3C5C01
82,99,36,#3A5C01
83,99,36,#395C01
84,99,36,#375C01
85,99,36,#365C01
86,99,36,#345C01
87,99,36,#335C01
88,99,36,#315C01
89,99,36,#305C01
90,99,36,#2E5C01
91,99,36,#2D5C01
92,99,36,#2B5C01
93,99,36,#2A5C01
94,99,36,#285C01
95,99,36,#275C01
96,99,36,#255C01
97,99,36,#245C01
98,99,36,#225C01
99,99,36,#215C01
100,99,36,#1F5C01
101,99,36,#1E5C01
102,99,36,#1C5C01
103,99,36,#1B5C01
104,99,36,#195C01
105,99,36,#185C01
106,99,36,#165C01
107,99,36,#155C01
108,99,36,#135C01
109,99,36,#125C01
110,99,36,#105C01
111,99,36,#0F5C01
112,99,36,#0D5C01
113,99,36,#0C5C01
114,99,36,#0A5C01
115,99,36,#085C01
116,99,36,#075C01
117,99,36,#055C01
118,99,36,#045C01
119,99,36,#025C01
120,99,36,#015C01
121,99,36,#015C02
122,99,36,#015C04
123,99,36,#015C05
124,99,36,#015C07
125,99,36,#015C08
126,99,36,#015C0A
127,99,36,#015C0C
128,99,36,#015C0D
129,99,36,#015C0F
130,99,36,#015C10
131,99,36,#015C12
132,99,36,#015C13
133,99,36,#015C15
134,99,36,#015C16
135,99,36,#015C18
136,99,36,#015C19
137,99,36,#015C1B
138,99,36,#015C1C
139,99,36,#015C1E
140,99,36,#015C1F
141,99,36,#015C21
142,99,36,#015C22
143,99,36,#015C24
144,99,36,#015C25
145,99,36,#015C27
146,99,36,#015C28
147,99,36,#015C2A
148,99,36,#015C2B
149,99,36,#015C2D
150,99,36,#015C2E
151,99,36,#015C30
152,99,36,#015C31
153,99,36,#015C33
154,99,36,#015C34
155,99,36,#015C36
156,99,36,#015C37
157,99,36,#015C39
158,99,36,#015C3A
159,99,36,#015C3C
160,99,36,#015C3E
161,99,36,#015C3F
162,99,36,#015C41
163,99,36,#015C42
164,99,36,#015C44
165,99,36,#015C45
166,99,36,#015C47
167,99,36,#015C48
168,99,36,#015C4A
169,99,36,#015C4B
170,99,36,#015C4D
171,99,36,#015C4E
172,99,36,#015C50
173,99,36,#015C51
174,99,36,#015C53
175,99,36,#015C54
176,99,36,#015C56
177,99,36,#015C57
178,99,36,#015C59
179,99,36,#015C5A
180,99,36,#015C5C
181,99,36,#015A5C
182,99,36,#01595C
183,99,36,#01575C
184,99,36,#01565C
185,99,36,#01545C
186,99,36,#01535C
187,99,36,#01515C
188,99,36,#01505C
189,99,36,#014E5C
190,99,36,#014D5C
191,99,36,#014B5C
192,99,36,#014A5C
193,99,36,#01485C
194,99,36,#01475C
195,99,36,#01455C
196,99,36,#01445C
197,99,36,#01425C
198,99,36,#01415C
199,99,36,#013F5C
200,99,36,#013E5C
201,99,36,#013C5C
202,99,36,#013A5C
203,99,36,#01395C
204,99,36,#01375C
205,99,36,#01365C
206,99,36,#01345C
207,99,36,#01335C
208,99,36,#01315C
209,99,36,#01305C
210,99,36,#012E5C
211,99,36,#012D5C
212,99,36,#012B5C
213,99,36,#012A5C
214,99,36,#01285C
215,99,36,#01275C
216,99,36,#01255C
217,99,36,#01245C
218,99,36,#01225C
219,99,36,#01215C
220,99,36,#011F5C
221,99,36,#011E5C
222,99,36,#011C5C
223,99,36,#011B5C
224,99,36,#01195C
225,99,36,#01185C
226,99,36,#01165C
227,99,36,#01155C
228,99,36,#01135C
229,99,36,#01125C
230,99,36,#01105C
231,99,36,#010F5C
232,99,36,#010D5C
233,99,36,#010C5C
234,99,36,#010A5C
235,99,36,#01085C
236,99,36,#01075C
237,99,36,#01055C
238,99,36,#01045C
239,99,36,#01025C
240,99,36,#01015C
241,99,36,#02015C
242,99,36,#04015C
243,99,36,#05015C
244,99,36,#07015C
245,99,36,#08015C
246,99,36,#0A015C
247,99,36,#0C015C
248,99,36,#0D015C
249,99,36,#0F015C
250,99,36,#10015C
251,99,36,#12015C
252,99,36,#13015C
253,99,36,#15015C
254,99,36,#16015C
255,99,36,#18015C
256,99,36,#19015C
257,99,36,#1B015C
258,99,36,#1C015C
259,99,36,#1E015C
260,99,36,#1F015C
261,99,36,#21015C
262,99,36,#22015C
263,99,36,#24015C
264,99,36,#25015C
265,99,36,#27015C
266,99,36,#28015C
267,99,36,#2A015C
268,99,36,#2B015C
269,99,36,#2D015C
270,99,36,#2E015C
271,99,36,#30015C
272,99,36,#31015C
273,99,36,#33015C
274,99,36,#34015C
275,99,36,#36015C
276,99,36,#37015C
277,99,36,#39015C
278,99,36,#3A015C
279,99,36,#3C015C
280,99,36,#3E015C
281,99,36,#3F015C
282,99,36,#41015C
283,99,36,#42015C
284,99,36,#44015C
285,99,36,#45015C
286,99,36,#47015C
287,99,36,#48015C
288,99,36,#4A015C
289,99,36,#4B015C
290,99,36,#4D015C
291,99,36,#4E015C
292,99,36,#50015C
293,99,36,#51015C
294,99,36,#53015C
295,99,36,#54015C
296,99,36,#56015C
297,99,36,#57015C
298,99,36,#59015C
299,99,36,#5A015C
300,99,36,#5C015C
301,99,36,#5C015A
302,99,36,#5C0159
303,99,36,#5C0157
304,99,36,#5C0156
305,99,36,#5C0154
306,99,36,#5C0153
307,99,36,#5C0151
308,99,36,#5C0150
309,99,36,#5C014E
310,99,36,#5C014D
311,99,36,#5C014B
312,99,36,#5C014A
313,99,36,#5C0148
314,99,36,#5C0147
315,99,36,#5C0145
316,99,36,#5C0144
317,99,36,#5C0142
318,99,36,#5C0141
319,99,36,#5C013F
320,99,36,#5C013E
321,99,36,#5C013C
322,99,36,#5C013A
323,99,36,#5C0139
324,99,36,#5C0137
325,99,36,#5C0136
326,99,36,#5C0134
327,99,36,#5C0133
328,99,36,#5C0131
329,99,36,#5C0130
330,99,36,#5C012E
331,99,36,#5C012D
332,99,36,#5C012B
333,99,36,#5C012A
334,99,36,#5C0128
335,99,36,#5C0127
336,99,36,#5C0125
337,99,36,#5C0124
338,99,36,#5C0122
339,99,36,#5C0121
340,99,36,#5C011F
341,99,36,#5C011E
342,99,36,#5C011C
343,99,36,#5C011B
344,99,36,#5C0119
345,99,36,#5C0118
346,99,36,#5C0116
347,99,36,#5C0115
348,99,36,#5C0113
349,99,36,#5C0112
350,99,36,#5C0110
351,99,36,#5C010F
352,99,36,#5C010D
353,99,36,#5C010C
354,99,36,#5C010A
355,99,36,#5C0108
356,99,36,#5C0107
357,99,36,#5C0105
358,99,36,#5C0104
359,99,36,#5C0102
0,98,36,#5C0202
1,98,36,#5C0302
2,98,36,#5C0502
3,98,36,#5C0602
4,98,36,#5C0802
5,98,36,#5C0902
6,98,36,#5C0B02
7,98,36,#5C0C02
8,98,36,#5C0E02
9,98,36,#5C0F02
10,98,36,#5C1102
11,98,36,#5C1202
12,98,36,#5C1402
13,98,36,#5C1502
14,98,36,#5C1702
15,98,36,#5C1802
16,98,36,#5C1A02
17,98,36,#5C1B02
18,98,36,#5C1D02
19,98,36,#5C1E02
20,98,36,#5C2002
21,98,36,#5C2102
22,98,36,#5C2302
23,98,36,#5C2402
24,98,36,#5C2602
25,98,36,#5C2702
26,98,36,#5C2902
27,98,36,#5C2A02
28,98,36,#5C2C02
29,98,36,#5C2D02
30,98,36,#5C2F02
31,98,36,#5C3002
32,98,36,#5C3202
33,98,36,#5C3302
34,98,36,#5C3502
35,98,36,#5C3602
36,98,36,#5C3802
37,98,36,#5C3902
38,98,36,#5C3B02
39,98,36,#5C3C02
40,98,36,#5C3E02
41,98,36,#5C3F02
42,98,36,#5C4102
43,98,36,#5C4202
44,98,36,#5C4402
45,98,36,#5C4502
46,98,36,#5C4702
47,98,36,#5C4802
48,98,36,#5C4A02
49,98,36,#5C4B02
50,98,36,#5C4D02
51,98,36,#5C4E02
52,98,36,#5C5002
53,98,36,#5C5102
54,98,36,#5C5302
55,98,36,#5C5402
56,98,36,#5C5602
57,98,36,#5C5702
58,98,36,#5C5902
59,98,36,#5C5A02
60,98,36,#5C5C02
61,98,36,#5A5C02
62,98,36,#595C02
63,98,36,#575C02
64,98,36,#565C02
65,98,36,#545C02
66,98,36,#535C02
67,98,36,#515C02
68,98,36,#505C02
69,98,36,#4E5C02
70,98,36,#4D5C02
71,98,36,#4B5C02
72,98,36,#4A5C02
73,98,36,#485C02
74,98,36,#475C02
75,98,36,#455C02
76,98,36,#445C02
77,98,36,#425C02
78,98,36,#415C02
79,98,36,#3F5C02
80,98,36,#3E5C02
81,98,36,#3C5C02
82,98,36,#3B5C02
83,98,36,#395C02
84,98,36,#385C02
85,98,36,#365C02
86,98,36,#355C02
87,98,36,#335C02
88,98,36,#325C02
89,98,36,#305C02
90,98,36,#2F5C02
91,98,36,#2D5C02
92,98,36,#2C5C02
93,98,36,#2A5C02
94,98,36,#295C02
95,98,36,#275C02
96,98,36,#265C02
97,98,36,#245C02
98,98,36,#235C02
99,98,36,#215C02
100,98,36,#205C02
101,98,36,#1E5C02
102,98,36,#1D5C02
103,98,36,#1B5C02
104,98,36,#1A5C02
105,98,36,#185C02
106,98,36,#175C02
107,98,36,#155C02
108,98,36,#145C02
109,98,36,#125C02
110,98,36,#115C02
111,98,36,#0F5C02
112,98,36,#0E5C02
113,98,36,#0C5C02
114,98,36,#0B5C02
115,98,36,#095C02
116,98,36,#085C02
117,98,36,#065C02
118,98,36,#055C02
119,98,36,#035C02
120,98,36,#025C02
121,98,36,#025C03
122,98,36,#025C05
123,98,36,#025C06
124,98,36,#025C08
125,98,36,#025C09
126,98,36,#025C0B
127,98,36,#025C0C
128,98,36,#025C0E
129,98,36,#025C0F
130,98,36,#025C11
131,98,36,#025C12
132,98,36,#025C14
133,98,36,#025C15
134,98,36,#025C17
135,98,36,#025C18
136,98,36,#025C1A
137,98,36,#025C1B
138,98,36,#025C1D
139,98,36,#025C1E
140,98,36,#025C20
141,98,36,#025C21
142,98,36,#025C23
143,98,36,#025C24
144,98,36,#025C26
145,98,36,#025C27
146,98,36,#025C29
147,98,36,#025C2A
148,98,36,#025C2C
149,98,36,#025C2D
150,98,36,#025C2F
151,98,36,#025C30
152,98,36,#025C32
153,98,36,#025C33
154,98,36,#025C35
155,98,36,#025C36
156,98,36,#025C38
157,98,36,#025C39
158,98,36,#025C3B
159,98,36,#025C3C
160,98,36,#025C3E
161,98,36,#025C3F
162,98,36,#025C41
163,98,36,#025C42
164,98,36,#025C44
165,98,36,#025C45
166,98,36,#025C47
167,98,36,#025C48
168,98,36,#025C4A
169,98,36,#025C4B
170,98,36,#025C4D
171,98,36,#025C4E
172,98,36,#025C50
173,98,36,#025C51
174,98,36,#025C53
175,98,36,#025C54
176,98,36,#025C56
177,98,36,#025C57
178,98,36,#025C59
179,98,36,#025C5A
180,98,36,#025C5C
181,98,36,#025A5C
182,98,36,#02595C
183,98,36,#02575C
184,98,36,#02565C
185,98,36,#02545C
186,98,36,#02535C
187,98,36,#02515C
188,98,36,#02505C
189,98,36,#024E5C
190,98,36,#024D5C
191,98,36,#024B5C
192,98,36,#024A5C
193,98,36,#02485C
194,98,36,#02475C
195,98,36,#02455C
196,98,36,#02445C
197,98,36,#02425C
198,98,36,#02415C
199,98,36,#023F5C
200,98,36,#023E5C
201,98,36,#023C5C
202,98,36,#023B5C
203,98,36,#02395C
204,98,36,#02385C
205,98,36,#02365C
206,98,36,#02355C
207,98,36,#02335C
208,98,36,#02325C
209,98,36,#02305C
210,98,36,#022F5C
211,98,36,#022D5C
212,98,36,#022C5C
213,98,36,#022A5C
214,98,36,#02295C
215,98,36,#02275C
216,98,36,#02265C
217,98,36,#02245C
218,98,36,#02235C
219,98,36,#02215C
220,98,36,#02205C
221,98,36,#021E5C
222,98,36,#021D5C
223,98,36,#021B5C
224,98,36,#021A5C
225,98,36,#02185C
226,98,36,#02175C
227,98,36,#02155C
228,98,36,#02145C
229,98,36,#02125C
230,98,36,#02115C
231,98,36,#020F5C
232,98,36,#020E5C
233,98,36,#020C5C
234,98,36,#020B5C
235,98,36,#02095C
236,98,36,#02085C
237,98,36,#02065C
238,98,36,#02055C
239,98,36,#02035C
240,98,36,#02025C
241,98,36,#03025C
242,98,36,#05025C
243,98,36,#06025C
244,98,36,#08025C
245,98,36,#09025C
246,98,36,#0B025C
247,98,36,#0C025C
248,98,36,#0E025C
249,98,36,#0F025C
250,98,36,#11025C
251,98,36,#12025C
252,98,36,#14025C
253,98,36,#15025C
254,98,36,#17025C
255,98,36,#18025C
256,98,36,#1A025C
257,98,36,#1B025C
258,98,36,#1D025C
259,98,36,#1E025C
260,98,36,#20025C
261,98,36,#21025C
262,98,36,#23025C
263,98,36,#24025C
264,98,36,#26025C
265,98,36,#27025C
266,98,36,#29025C
267,98,36,#2A025C
268,98,36,#2C025C
269,98,36,#2D025C
270,98,36,#2F025C
271,98,36,#30025C
272,98,36,#32025C
273,98,36,#33025C
274,98,36,#35025C
275,98,36,#36025C
276,98,36,#38025C
277,98,36,#39025C
278,98,36,#3B025C
279,98,36,#3C025C
280,98,36,#3E025C
281,98,36,#3F025C
282,98,36,#41025C
283,98,36,#42025C
284,98,36,#44025C
285,98,36,#45025C
286,98,36,#47025C
287,98,36,#48025C
288,98,36,#4A025C
289,98,36,#4B025C
290,98,36,#4D025C
291,98,36,#4E025C
292,98,36,#50025C
293,98,36,#51025C
294,98,36,#53025C
295,98,36,#54025C
296,98,36,#56025C
297,98,36,#57025C
298,98,36,#59025C
299,98,36,#5A025C
300,98,36,#5C025C
301,98,36,#5C025A
302,98,36,#5C0259
303,98,36,#5C0257
304,98,36,#5C0256
305,98,36,#5C0254
306,98,36,#5C0253
307,98,36,#5C0251
308,98,36,#5C0250
309,98,36,#5C024E
310,98,36,#5C024D
311,98,36,#5C024B
312,98,36,#5C024A
313,98,36,#5C0248
314,98,36,#5C0247
315,98,36,#5C0245
316,98,36,#5C0244
317,98,36,#5C0242
318,98,36,#5C0241
319,98,36,#5C023F
320,98,36,#5C023E
321,98,36,#5C023C
322,98,36,#5C023B
323,98,36,#5C0239
324,98,36,#5C0238
325,98,36,#5C0236
326,98,36,#5C0235
327,98,36,#5C0233
328,98,36,#5C0232
329,98,36,#5C0230
330,98,36,#5C022F
331,98,36,#5C022D
332,98,36,#5C022C
333,98,36,#5C022A
334,98,36,#5C0229
335,98,36,#5C0227
336,98,36,#5C0226
337,98,36,#5C0224
338,98,36,#5C0223
339,98,36,#5C0221
340,98,36,#5C0220
341,98,36,#5C021E
342,98,36,#5C021D
343,98,36,#5C021B
344,98,36,#5C021A
345,98,36,#5C0218
346,98,36,#5C0217
347,98,36,#5C0215
348,98,36,#5C0214
349,98,36,#5C0212
350,98,36,#5C0211
351,98,36,#5C020F
352,98,36,#5C020E
353,98,36,#5C020C
354,98,36,#5C020B
355,98,36,#5C0209
356,98,36,#5C0208
357,98,36,#5C0206
358,98,36,#5C0205
359,98,36,#5C0203
0,97,36,#5C0303
1,97,36,#5C0403
2,97,36,#5C0603
3,97,36,#5C0703
4,97,36,#5C0903
5,97,36,#5C0A03
6,97,36,#5C0C03
7,97,36,#5C0D03
8,97,36,#5C0F03
9,97,36,#5C1003
10,97,36,#5C1203
11,97,36,#5C1303
12,97,36,#5C1503
13,97,36,#5C1603
14,97,36,#5C1803
15,97,36,#5C1903
16,97,36,#5C1A03
17,97,36,#5C1C03
18,97,36,#5C1D03
19,97,36,#5C1F03
20,97,36,#5C2003
21,97,36,#5C2203
22,97,36,#5C2303
23,97,36,#5C2503
24,97,36,#5C2603
25,97,36,#5C2803
26,97,36,#5C2903
27,97,36,#5C2B03
28,97,36,#5C2C03
29,97,36,#5C2E03
30,97,36,#5C2F03
31,97,36,#5C3103
32,97,36,#5C3203
33,97,36,#5C3403
34,97,36,#5C3503
35,97,36,#5C3703
36,97,36,#5C3803
37,97,36,#5C3A03
38,97,36,#5C3B03
39,97,36,#5C3D03
40,97,36,#5C3E03
41,97,36,#5C4003
42,97,36,#5C4103
43,97,36,#5C4303
44,97,36,#5C4403
45,97,36,#5C4603
46,97,36,#5C4703
47,97,36,#5C4903
48,97,36,#5C4A03
49,97,36,#5C4B03
50,97,36,#5C4D03
51,97,36,#5C4E03
52,97,36,#5C5003
53,97,36,#5C5103
54,97,36,#5C5303
55,97,36,#5C5403
56,97,36,#5C5603
57,97,36,#5C5703
58,97,36,#5C5903
59,97,36,#5C5A03
60,97,36,#5C5C03
61,97,36,#5A5C03
62,97,36,#595C03
63,97,36,#575C03
64,97,36,#565C03
65,97,36,#545C03
66,97,36,#535C03
67,97,36,#515C03
68,97,36,#505C03
69,97,36,#4E5C03
70,97,36,#4D5C03
71,97,36,#4B5C03
72,97,36,#4A5C03
73,97,36,#495C03
74,97,36,#475C03
75,97,36,#465C03
76,97,36,#445C03
77,97,36,#435C03
78,97,36,#415C03
79,97,36,#405C03
80,97,36,#3E5C03
81,97,36,#3D5C03
82,97,36,#3B5C03
83,97,36,#3A5C03
84,97,36,#385C03
85,97,36,#375C03
86,97,36,#355C03
87,97,36,#345C03
88,97,36,#325C03
89,97,36,#315C03
90,97,36,#2F5C03
91,97,36,#2E5C03
92,97,36,#2C5C03
93,97,36,#2B5C03
94,97,36,#295C03
95,97,36,#285C03
96,97,36,#265C03
97,97,36,#255C03
98,97,36,#235C03
99,97,36,#225C03
100,97,36,#205C03
101,97,36,#1F5C03
102,97,36,#1D5C03
103,97,36,#1C5C03
104,97,36,#1A5C03
105,97,36,#195C03
106,97,36,#185C03
107,97,36,#165C03
108,97,36,#155C03
109,97,36,#135C03
110,97,36,#125C03
111,97,36,#105C03
112,97,36,#0F5C03
113,97,36,#0D5C03
114,97,36,#0C5C03
115,97,36,#0A5C03
116,97,36,#095C03
117,97,36,#075C03
118,97,36,#065C03
119,97,36,#045C03
120,97,36,#035C03
121,97,36,#035C04
122,97,36,#035C06
123,97,36,#035C07
124,97,36,#035C09
125,97,36,#035C0A
126,97,36,#035C0C
127,97,36,#035C0D
128,97,36,#035C0F
129,97,36,#035C10
130,97,36,#035C12
131,97,36,#035C13
132,97,36,#035C15
133,97,36,#035C16
134,97,36,#035C18
135,97,36,#035C19
136,97,36,#035C1A
137,97,36,#035C1C
138,97,36,#035C1D
139,97,36,#035C1F
140,97,36,#035C20
141,97,36,#035C22
142,97,36,#035C23
143,97,36,#035C25
144,97,36,#035C26
145,97,36,#035C28
146,97,36,#035C29
147,97,36,#035C2B
148,97,36,#035C2C
149,97,36,#035C2E
150,97,36,#035C2F
151,97,36,#035C31
152,97,36,#035C32
153,97,36,#035C34
154,97,36,#035C35
155,97,36,#035C37
156,97,36,#035C38
157,97,36,#035C3A
158,97,36,#035C3B
159,97,36,#035C3D
160,97,36,#035C3E
161,97,36,#035C40
162,97,36,#035C41
163,97,36,#035C43
164,97,36,#035C44
165,97,36,#035C46
166,97,36,#035C47
167,97,36,#035C49
168,97,36,#035C4A
169,97,36,#035C4B
170,97,36,#035C4D
171,97,36,#035C4E
172,97,36,#035C50
173,97,36,#035C51
174,97,36,#035C53
175,97,36,#035C54
176,97,36,#035C56
177,97,36,#035C57
178,97,36,#035C59
179,97,36,#035C5A
180,97,36,#035C5C
181,97,36,#035A5C
182,97,36,#03595C
183,97,36,#03575C
184,97,36,#03565C
185,97,36,#03545C
186,97,36,#03535C
187,97,36,#03515C
188,97,36,#03505C
189,97,36,#034E5C
190,97,36,#034D5C
191,97,36,#034B5C
192,97,36,#034A5C
193,97,36,#03495C
194,97,36,#03475C
195,97,36,#03465C
196,97,36,#03445C
197,97,36,#03435C
198,97,36,#03415C
199,97,36,#03405C
200,97,36,#033E5C
201,97,36,#033D5C
202,97,36,#033B5C
203,97,36,#033A5C
204,97,36,#03385C
205,97,36,#03375C
206,97,36,#03355C
207,97,36,#03345C
208,97,36,#03325C
209,97,36,#03315C
210,97,36,#032F5C
211,97,36,#032E5C
212,97,36,#032C5C
213,97,36,#032B5C
214,97,36,#03295C
215,97,36,#03285C
216,97,36,#03265C
217,97,36,#03255C
218,97,36,#03235C
219,97,36,#03225C
220,97,36,#03205C
221,97,36,#031F5C
222,97,36,#031D5C
223,97,36,#031C5C
224,97,36,#031A5C
225,97,36,#03195C
226,97,36,#03185C
227,97,36,#03165C
228,97,36,#03155C
229,97,36,#03135C
230,97,36,#03125C
231,97,36,#03105C
232,97,36,#030F5C
233,97,36,#030D5C
234,97,36,#030C5C
235,97,36,#030A5C
236,97,36,#03095C
237,97,36,#03075C
238,97,36,#03065C
239,97,36,#03045C
240,97,36,#03035C
241,97,36,#04035C
242,97,36,#06035C
243,97,36,#07035C
244,97,36,#09035C
245,97,36,#0A035C
246,97,36,#0C035C
247,97,36,#0D035C
248,97,36,#0F035C
249,97,36,#10035C
250,97,36,#12035C
251,97,36,#13035C
252,97,36,#15035C
253,97,36,#16035C
254,97,36,#18035C
255,97,36,#19035C
256,97,36,#1A035C
257,97,36,#1C035C
258,97,36,#1D035C
259,97,36,#1F035C
260,97,36,#20035C
261,97,36,#22035C
262,97,36,#23035C
263,97,36,#25035C
264,97,36,#26035C
265,97,36,#28035C
266,97,36,#29035C
267,97,36,#2B035C
268,97,36,#2C035C
269,97,36,#2E035C
270,97,36,#2F035C
271,97,36,#31035C
272,97,36,#32035C
273,97,36,#34035C
274,97,36,#35035C
275,97,36,#37035C
276,97,36,#38035C
277,97,36,#3A035C
278,97,36,#3B035C
279,97,36,#3D035C
280,97,36,#3E035C
281,97,36,#40035C
282,97,36,#41035C
283,97,36,#43035C
284,97,36,#44035C
285,97,36,#46035C
286,97,36,#47035C
287,97,36,#49035C
288,97,36,#4A035C
289,97,36,#4B035C
290,97,36,#4D035C
291,97,36,#4E035C
292,97,36,#50035C
293,97,36,#51035C
294,97,36,#53035C
295,97,36,#54035C
296,97,36,#56035C
297,97,36,#57035C
298,97,36,#59035C
299,97,36,#5A035C
300,97,36,#5C035C
301,97,36,#5C035A
302,97,36,#5C0359
303,97,36,#5C0357
304,97,36,#5C0356
305,97,36,#5C0354
306,97,36,#5C0353
307,97,36,#5C0351
308,97,36,#5C0350
309,97,36,#5C034E
310,97,36,#5C034D
311,97,36,#5C034B
312,97,36,#5C034A
313,97,36,#5C0349
314,97,36,#5C0347
315,97,36,#5C0346
316,97,36,#5C0344
317,97,36,#5C0343
318,97,36,#5C0341
319,97,36,#5C0340
320,97,36,#5C033E
321,97,36,#5C033D
322,97,36,#5C033B
323,97,36,#5C033A
324,97,36,#5C0338
325,97,36,#5C0337
326,97,36,#5C0335
327,97,36,#5C0334
328,97,36,#5C0332
329,97,36,#5C0331
330,97,36,#5C032F
331,97,36,#5C032E
332,97,36,#5C032C
333,97,36,#5C032B
334,97,36,#5C0329
335,97,36,#5C0328
336,97,36,#5C0326
337,97,36,#5C0325
338,97,36,#5C0323
339,97,36,#5C0322
340,97,36,#5C0320
341,97,36,#5C031F
342,97,36,#5C031D
343,97,36,#5C031C
344,97,36,#5C031A
345,97,36,#5C0319
346,97,36,#5C0318
347,97,36,#5C0316
348,97,36,#5C0315
349,97,36,#5C0313
350,97,36,#5C0312
351,97,36,#5C0310
352,97,36,#5C030F
353,97,36,#5C030D
354,97,36,#5C030C
355,97,36,#5C030A
356,97,36,#5C0309
357,97,36,#5C0307
358,97,36,#5C0306
359,97,36,#5C0304
0,96,36,#5C0404
1,96,36,#5C0504
2,96,36,#5C0704
3,96,36,#5C0804
4,96,36,#5C0A04
5,96,36,#5C0B04
6,96,36,#5C0C04
7,96,36,#5C0E04
8,96,36,#5C0F04
9,96,36,#5C1104
10,96,36,#5C1204
11,96,36,#5C1404
12,96,36,#5C1504
13,96,36,#5C1704
14,96,36,#5C1804
15,96,36,#5C1A04
16,96,36,#5C1B04
17,96,36,#5C1D04
18,96,36,#5C1E04
19,96,36,#5C2004
20,96,36,#5C2104
21,96,36,#5C2304
22,96,36,#5C2404
23,96,36,#5C2504
24,96,36,#5C2704
25,96,36,#5C2804
26,96,36,#5C2A04
27,96,36,#5C2B04
28,96,36,#5C2D04
29,96,36,#5C2E04
30,96,36,#5C3004
31,96,36,#5C3104
32,96,36,#5C3304
33,96,36,#5C3404
34,96,36,#5C3604
35,96,36,#5C3704
36,96,36,#5C3904
37,96,36,#5C3A04
38,96,36,#5C3B04
39,96,36,#5C3D04
40,96,36,#5C3E04
41,96,36,#5C4004
42,96,36,#5C4104
43,96,36,#5C4304
44,96,36,#5C4404
45,96,36,#5C4604
46,96,36,#5C4704
47,96,36,#5C4904
48,96,36,#5C4A04
49,96,36,#5C4C04
50,96,36,#5C4D04
51,96,36,#5C4F04
52,96,36,#5C5004
53,96,36,#5C5204
54,96,36,#5C5304
55,96,36,#5C5404
56,96,36,#5C5604
57,96,36,#5C5704
58,96,36,#5C5904
59,96,36,#5C5A04
60,96,36,#5C5C04
61,96,36,#5A5C04
62,96,36,#595C04
63,96,36,#575C04
64,96,36,#565C04
65,96,36,#545C04
66,96,36,#535C04
67,96,36,#525C04
68,96,36,#505C04
69,96,36,#4F5C04
70,96,36,#4D5C04
71,96,36,#4C5C04
72,96,36,#4A5C04
73,96,36,#495C04
74,96,36,#475C04
75,96,36,#465C04
76,96,36,#445C04
77,96,36,#435C04
78,96,36,#415C04
79,96,36,#405C04
80,96,36,#3E5C04
81,96,36,#3D5C04
82,96,36,#3B5C04
83,96,36,#3A5C04
84,96,36,#395C04
85,96,36,#375C04
86,96,36,#365C04
87,96,36,#345C04
88,96,36,#335C04
89,96,36,#315C04
90,96,36,#305C04
91,96,36,#2E5C04
92,96,36,#2D5C04
93,96,36,#2B5C04
94,96,36,#2A5C04
95,96,36,#285C04
96,96,36,#275C04
97,96,36,#255C04
98,96,36,#245C04
99,96,36,#235C04
100,96,36,#215C04
101,96,36,#205C04
102,96,36,#1E5C04
103,96,36,#1D5C04
104,96,36,#1B5C04
105,96,36,#1A5C04
106,96,36,#185C04
107,96,36,#175C04
108,96,36,#155C04
109,96,36,#145C04
110,96,36,#125C04
111,96,36,#115C04
112,96,36,#0F5C04
113,96,36,#0E5C04
114,96,36,#0C5C04
115,96,36,#0B5C04
116,96,36,#0A5C04
117,96,36,#085C04
118,96,36,#075C04
119,96,36,#055C04
120,96,36,#045C04
121,96,36,#045C05
122,96,36,#045C07
123,96,36,#045C08
124,96,36,#045C0A
125,96,36,#045C0B
126,96,36,#045C0C
127,96,36,#045C0E
128,96,36,#045C0F
129,96,36,#045C11
130,96,36,#045C12
131,96,36,#045C14
132,96,36,#045C15
133,96,36,#045C17
134,96,36,#045C18
135,96,36,#045C1A
136,96,36,#045C1B
137,96,36,#045C1D
138,96,36,#045C1E
139,96,36,#045C20
140,96,36,#045C21
141,96,36,#045C23
142,96,36,#045C24
143,96,36,#045C25
144,96,36,#045C27
145,96,36,#045C28
146,96,36,#045C2A
147,96,36,#045C2B
148,96,36,#045C2D
149,96,36,#045C2E
150,96,36,#045C30
151,96,36,#045C31
152,96,36,#045C33
153,96,36,#045C34
154,96,36,#045C36
155,96,36,#045C37
156,96,36,#045C39
157,96,36,#045C3A
158,96,36,#045C3B
159,96,36,#045C3D
160,96,36,#045C3E
161,96,36,#045C40
162,96,36,#045C41
163,96,36,#045C43
164,96,36,#045C44
165,96,36,#045C46
166,96,36,#045C47
167,96,36,#045C49
168,96,36,#045C4A
169,96,36,#045C4C
170,96,36,#045C4D
171,96,36,#045C4F
172,96,36,#045C50
173,96,36,#045C52
174,96,36,#045C53
175,96,36,#045C54
176,96,36,#045C56
177,96,36,#045C57
178,96,36,#045C59
179,96,36,#045C5A
180,96,36,#045C5C
181,96,36,#045A5C
182,96,36,#04595C
183,96,36,#04575C
184,96,36,#04565C
185,96,36,#04545C
186,96,36,#04535C
187,96,36,#04525C
188,96,36,#04505C
189,96,36,#044F5C
190,96,36,#044D5C
191,96,36,#044C5C
192,96,36,#044A5C
193,96,36,#04495C
194,96,36,#04475C
195,96,36,#04465C
196,96,36,#04445C
197,96,36,#04435C
198,96,36,#04415C
199,96,36,#04405C
200,96,36,#043E5C
201,96,36,#043D5C
202,96,36,#043B5C
203,96,36,#043A5C
204,96,36,#04395C
205,96,36,#04375C
206,96,36,#04365C
207,96,36,#04345C
208,96,36,#04335C
209,96,36,#04315C
210,96,36,#04305C
211,96,36,#042E5C
212,96,36,#042D5C
213,96,36,#042B5C
214,96,36,#042A5C
215,96,36,#04285C
216,96,36,#04275C
217,96,36,#04255C
218,96,36,#04245C
219,96,36,#04235C
220,96,36,#04215C
221,96,36,#04205C
222,96,36,#041E5C
223,96,36,#041D5C
224,96,36,#041B5C
225,96,36,#041A5C
226,96,36,#04185C
227,96,36,#04175C
228,96,36,#04155C
229,96,36,#04145C
230,96,36,#04125C
231,96,36,#04115C
232,96,36,#040F5C
233,96,36,#040E5C
234,96,36,#040C5C
235,96,36,#040B5C
236,96,36,#040A5C
237,96,36,#04085C
238,96,36,#04075C
239,96,36,#04055C
240,96,36,#04045C
241,96,36,#05045C
242,96,36,#07045C
243,96,36,#08045C
244,96,36,#0A045C
245,96,36,#0B045C
246,96,36,#0C045C
247,96,36,#0E045C
248,96,36,#0F045C
249,96,36,#11045C
250,96,36,#12045C
251,96,36,#14045C
252,96,36,#15045C
253,96,36,#17045C
254,96,36,#18045C
255,96,36,#1A045C
256,96,36,#1B045C
257,96,36,#1D045C
258,96,36,#1E045C
259,96,36,#20045C
260,96,36,#21045C
261,96,36,#23045C
262,96,36,#24045C
263,96,36,#25045C
264,96,36,#27045C
265,96,36,#28045C
266,96,36,#2A045C
267,96,36,#2B045C
268,96,36,#2D045C
269,96,36,#2E045C
270,96,36,#30045C
271,96,36,#31045C
272,96,36,#33045C
273,96,36,#34045C
274,96,36,#36045C
275,96,36,#37045C
276,96,36,#39045C
277,96,36,#3A045C
278,96,36,#3B045C
279,96,36,#3D045C
280,96,36,#3E045C
281,96,36,#40045C
282,96,36,#41045C
283,96,36,#43045C
284,96,36,#44045C
285,96,36,#46045C
286,96,36,#47045C
287,96,36,#49045C
288,96,36,#4A045C
289,96,36,#4C045C
290,96,36,#4D045C
291,96,36,#4F045C
292,96,36,#50045C
293,96,36,#52045C
294,96,36,#53045C
295,96,36,#54045C
296,96,36,#56045C
297,96,36,#57045C
298,96,36,#59045C
299,96,36,#5A045C
300,96,36,#5C045C
301,96,36,#5C045A
302,96,36,#5C0459
303,96,36,#5C0457
304,96,36,#5C0456
305,96,36,#5C0454
306,96,36,#5C0453
307,96,36,#5C0452
308,96,36,#5C0450
309,96,36,#5C044F
310,96,36,#5C044D
311,96,36,#5C044C
312,96,36,#5C044A
313,96,36,#5C0449
314,96,36,#5C0447
315,96,36,#5C0446
316,96,36,#5C0444
317,96,36,#5C0443
318,96,36,#5C0441
319,96,36,#5C0440
320,96,36,#5C043E
321,96,36,#5C043D
322,96,36,#5C043B
323,96,36,#5C043A
324,96,36,#5C0439
325,96,36,#5C0437
326,96,36,#5C0436
327,96,36,#5C0434
328,96,36,#5C0433
329,96,36,#5C0431
330,96,36,#5C0430
331,96,36,#5C042E
332,96,36,#5C042D
333,96,36,#5C042B
334,96,36,#5C042A
335,96,36,#5C0428
336,96,36,#5C0427
337,96,36,#5C0425
338,96,36,#5C0424
339,96,36,#5C0423
340,96,36,#5C0421
341,96,36,#5C0420
342,96,36,#5C041E
343,96,36,#5C041D
344,96,36,#5C041B
345,96,36,#5C041A
346,96,36,#5C0418
347,96,36,#5C0417
348,96,36,#5C0415
349,96,36,#5C0414
350,96,36,#5C0412
351,96,36,#5C0411
352,96,36,#5C040F
353,96,36,#5C040E
354,96,36,#5C040C
355,96,36,#5C040B
356,96,36,#5C040A
357,96,36,#5C0408
358,96,36,#5C0407
359,96,36,#5C0405
0,95,36,#5C0505
1,95,36,#5C0605
2,95,36,#5C0705
3,95,36,#5C0905
4,95,36,#5C0A05
5,95,36,#5C0C05
6,95,36,#5C0D05
7,95,36,#5C0F05
8,95,36,#5C1005
9,95,36,#5C1205
10,95,36,#5C1305
11,95,36,#5C1505
12,95,36,#5C1605
13,95,36,#5C1705
14,95,36,#5C1905
15,95,36,#5C1A05
16,95,36,#5C1C05
17,95,36,#5C1D05
18,95,36,#5C1F05
19,95,36,#5C2005
20,95,36,#5C2205
21,95,36,#5C2305
22,95,36,#5C2505
23,95,36,#5C2605
24,95,36,#5C2705
25,95,36,#5C2905
26,95,36,#5C2A05
27,95,36,#5C2C05
28,95,36,#5C2D05
29,95,36,#5C2F05
30,95,36,#5C3005
31,95,36,#5C3205
32,95,36,#5C3305
33,95,36,#5C3505
34,95,36,#5C3605
35,95,36,#5C3705
36,95,36,#5C3905
37,95,36,#5C3A05
38,95,36,#5C3C05
39,95,36,#5C3D05
40,95,36,#5C3F05
41,95,36,#5C4005
42,95,36,#5C4205
43,95,36,#5C4305
44,95,36,#5C4505
45,95,36,#5C4605
46,95,36,#5C4705
47,95,36,#5C4905
48,95,36,#5C4A05
49,95,36,#5C4C05
50,95,36,#5C4D05
51,95,36,#5C4F05
52,95,36,#5C5005
53,95,36,#5C5205
54,95,36,#5C5305
55,95,36,#5C5505
56,95,36,#5C5605
57,95,36,#5C5705
58,95,36,#5C5905
59,95,36,#5C5A05
60,95,36,#5C5C05
61,95,36,#5A5C05
62,95,36,#595C05
63,95,36,#575C05
64,95,36,#565C05
65,95,36,#555C05
66,95,36,#535C05
67,95,36,#525C05
68,95,36,#505C05
69,95,36,#4F5C05
70,95,36,#4D5C05
71,95,36,#4C5C05
72,95,36,#4A5C05
73,95,36,#495C05
74,95,36,#475C05
75,95,36,#465C05
76,95,36,#455C05
77,95,36,#435C05
78,95,36,#425C05
79,95,36,#405C05
80,95,36,#3F5C05
81,95,36,#3D5C05
82,95,36,#3C5C05
83,95,36,#3A5C05
84,95,36,#395C05
85,95,36,#375C05
86,95,36,#365C05
87,95,36,#355C05
88,95,36,#335C05
89,95,36,#325C05
90,95,36,#305C05
91,95,36,#2F5C05
92,95,36,#2D5C05
93,95,36,#2C5C05
94,95,36,#2A5C05
95,95,36,#295C05
96,95,36,#275C05
97,95,36,#265C05
98,95,36,#255C05
99,95,36,#235C05
100,95,36,#225C05
101,95,36,#205C05
102,95,36,#1F5C05
103,95,36,#1D5C05
104,95,36,#1C5C05
105,95,36,#1A5C05
106,95,36,#195C05
107,95,36,#175C05
108,95,36,#165C05
109,95,36,#155C05
110,95,36,#135C05
111,95,36,#125C05
112,95,36,#105C05
113,95,36,#0F5C05
114,95,36,#0D5C05
115,95,36,#0C5C05
116,95,36,#0A5C05
117,95,36,#095C05
118,95,36,#075C05
119,95,36,#065C05
120,95,36,#055C05
121,95,36,#055C06
122,95,36,#055C07
123,95,36,#055C09
124,95,36,#055C0A
125,95,36,#055C0C
126,95,36,#055C0D
127,95,36,#055C0F
128,95,36,#055C10
129,95,36,#055C12
130,95,36,#055C13
131,95,36,#055C15
132,95,36,#055C16
133,95,36,#055C17
134,95,36,#055C19
135,95,36,#055C1A
136,95,36,#055C1C
137,95,36,#055C1D
138,95,36,#055C1F
139,95,36,#055C20
140,95,36,#055C22
141,95,36,#055C23
142,95,36,#055C25
143,95,36,#055C26
144,95,36,#055C27
145,95,36,#055C29
146,95,36,#055C2A
147,95,36,#055C2C
148,95,36,#055C2D
149,95,36,#055C2F
150,95,36,#055C30
151,95,36,#055C32
152,95,36,#055C33
153,95,36,#055C35
154,95,36,#055C36
155,95,36,#055C37
156,95,36,#055C39
157,95,36,#055C3A
158,95,36,#055C3C
159,95,36,#055C3D
160,95,36,#055C3F
161,95,36,#055C40
162,95,36,#055C42
163,95,36,#055C43
164,95,36,#055C45
165,95,36,#055C46
166,95,36,#055C47
167,95,36,#055C49
168,95,36,#055C4A
169,95,36,#055C4C
170,95,36,#055C4D
171,95,36,#055C4F
172,95,36,#055C50
173,95,36,#055C52
174,95,36,#055C53
175,95,36,#055C55
176,95,36,#055C56
177,95,36,#055C57
178,95,36,#055C59
179,95,36,#055C5A
180,95,36,#055C5C
181,95,36,#055A5C
182,95,36,#05595C
183,95,36,#05575C
184,95,36,#05565C
185,95,36,#05555C
186,95,36,#05535C
187,95,36,#05525C
188,95,36,#05505C
189,95,36,#054F5C
190,95,36,#054D5C
191,95,36,#054C5C
192,95,36,#054A5C
193,95,36,#05495C
194,95,36,#05475C
195,95,36,#05465C
196,95,36,#05455C
197,95,36,#05435C
198,95,36,#05425C
199,95,36,#05405C
200,95,36,#053F5C
201,95,36,#053D5C
202,95,36,#053C5C
203,95,36,#053A5C
204,95,36,#05395C
205,95,36,#05375C
206,95,36,#05365C
207,95,36,#05355C
208,95,36,#05335C
209,95,36,#05325C
210,95,36,#05305C
211,95,36,#052F5C
212,95,36,#052D5C
213,95,36,#052C5C
214,95,36,#052A5C
215,95,36,#05295C
216,95,36,#05275C
217,95,36,#05265C
218,95,36,#05255C
219,95,36,#05235C
220,95,36,#05225C
221,95,36,#05205C
222,95,36,#051F5C
223,95,36,#051D5C
224,95,36,#051C5C
225,95,36,#051A5C
226,95,36,#05195C
227,95,36,#05175C
228,95,36,#05165C
229,95,36,#05155C
230,95,36,#05135C
231,95,36,#05125C
232,95,36,#05105C
233,95,36,#050F5C
234,95,36,#050D5C
235,95,36,#050C5C
236,95,36,#050A5C
237,95,36,#05095C
238,95,36,#05075C
239,95,36,#05065C
240,95,36,#05055C
241,95,36,#06055C
242,95,36,#07055C
243,95,36,#09055C
244,95,36,#0A055C
245,95,36,#0C055C
246,95,36,#0D055C
247,95,36,#0F055C
248,95,36,#10055C
249,95,36,#12055C
250,95,36,#13055C
251,95,36,#15055C
252,95,36,#16055C
253,95,36,#17055C
254,95,36,#19055C
255,95,36,#1A055C
256,95,36,#1C055C
257,95,36,#1D055C
258,95,36,#1F055C
259,95,36,#20055C
260,95,36,#22055C
261,95,36,#23055C
262,95,36,#25055C
263,95,36,#26055C
264,95,36,#27055C
265,95,36,#29055C
266,95,36,#2A055C
267,95,36,#2C055C
268,95,36,#2D055C
269,95,36,#2F055C
270,95,36,#30055C
271,95,36,#32055C
272,95,36,#33055C
273,95,36,#35055C
274,95,36,#36055C
275,95,36,#37055C
276,95,36,#39055C
277,95,36,#3A055C
278,95,36,#3C055C
279,95,36,#3D055C
280,95,36,#3F055C
281,95,36,#40055C
282,95,36,#42055C
283,95,36,#43055C
284,95,36,#45055C
285,95,36,#46055C
286,95,36,#47055C
287,95,36,#49055C
288,95,36,#4A055C
289,95,36,#4C055C
290,95,36,#4D055C
291,95,36,#4F055C
292,95,36,#50055C
293,95,36,#52055C
294,95,36,#53055C
295,95,36,#55055C
296,95,36,#56055C
297,95,36,#57055C
298,95,36,#59055C
299,95,36,#5A055C
300,95,36,#5C055C
301,95,36,#5C055A
302,95,36,#5C0559
303,95,36,#5C0557
304,95,36,#5C0556
305,95,36,#5C0555
306,95,36,#5C0553
307,95,36,#5C0552
308,95,36,#5C0550
309,95,36,#5C054F
310,95,36,#5C054D
311,95,36,#5C054C
312,95,36,#5C054A
313,95,36,#5C0549
314,95,36,#5C0547
315,95,36,#5C0546
316,95,36,#5C0545
317,95,36,#5C0543
318,95,36,#5C0542
319,95,36,#5C0540
320,95,36,#5C053F
321,95,36,#5C053D
322,95,36,#5C053C
323,95,36,#5C053A
324,95,36,#5C0539
325,95,36,#5C0537
326,95,36,#5C0536
327,95,36,#5C0535
328,95,36,#5C0533
329,95,36,#5C0532
330,95,36,#5C0530
331,95,36,#5C052F
332,95,36,#5C052D
333,95,36,#5C052C
334,95,36,#5C052A
335,95,36,#5C0529
336,95,36,#5C0527
337,95,36,#5C0526
338,95,36,#5C0525
339,95,36,#5C0523
340,95,36,#5C0522
341,95,36,#5C0520
342,95,36,#5C051F
343,95,36,#5C051D
344,95,36,#5C051C
345,95,36,#5C051A
346,95,36,#5C0519
347,95,36,#5C0517
348,95,36,#5C0516
349,95,36,#5C0515
350,95,36,#5C0513
351,95,36,#5C0512
352,95,36,#5C0510
353,95,36,#5C050F
354,95,36,#5C050D
355,95,36,#5C050C
356,95,36,#5C050A
357,95,36,#5C0509
358,95,36,#5C0507
359,95,36,#5C0506
0,94,36,#5C0606
1,94,36,#5C0706
2,94,36,#5C0806
3,94,36,#5C0A06
4,94,36,#5C0B06
5,94,36,#5C0D06
6,94,36,#5C0E06
7,94,36,#5C1006
8,94,36,#5C1106
9,94,36,#5C1206
10,94,36,#5C1406
11,94,36,#5C1506
12,94,36,#5C1706
13,94,36,#5C1806
14,94,36,#5C1A06
15,94,36,#5C1B06
16,94,36,#5C1D06
17,94,36,#5C1E06
18,94,36,#5C1F06
19,94,36,#5C2106
20,94,36,#5C2206
21,94,36,#5C2406
22,94,36,#5C2506
23,94,36,#5C2706
24,94,36,#5C2806
25,94,36,#5C2906
26,94,36,#5C2B06
27,94,36,#5C2C06
28,94,36,#5C2E06
29,94,36,#5C2F06
30,94,36,#5C3106
31,94,36,#5C3206
32,94,36,#5C3406
33,94,36,#5C3506
34,94,36,#5C3606
35,94,36,#5C3806
36,94,36,#5C3906
37,94,36,#5C3B06
38,94,36,#5C3C06
39,94,36,#5C3E06
40,94,36,#5C3F06
41,94,36,#5C4006
42,94,36,#5C4206
43,94,36,#5C4306
44,94,36,#5C4506
45,94,36,#5C4606
46,94,36,#5C4806
47,94,36,#5C4906
48,94,36,#5C4B06
49,94,36,#5C4C06
50,94,36,#5C4D06
51,94,36,#5C4F06
52,94,36,#5C5006
53,94,36,#5C5206
54,94,36,#5C5306
55,94,36,#5C5506
56,94,36,#5C5606
57,94,36,#5C5706
58,94,36,#5C5906
59,94,36,#5C5A06
60,94,36,#5C5C06
61,94,36,#5A5C06
62,94,36,#595C06
63,94,36,#575C06
64,94,36,#565C06
65,94,36,#555C06
66,94,36,#535C06
67,94,36,#525C06
68,94,36,#505C06
69,94,36,#4F5C06
70,94,36,#4D5C06
71,94,36,#4C5C06
72,94,36,#4B5C06
73,94,36,#495C06
74,94,36,#485C06
75,94,36,#465C06
76,94,36,#455C06
77,94,36,#435C06
78,94,36,#425C06
79,94,36,#405C06
80,94,36,#3F5C06
81,94,36,#3E5C06
82,94,36,#3C5C06
83,94,36,#3B5C06
84,94,36,#395C06
85,94,36,#385C06
86,94,36,#365C06
87,94,36,#355C06
88,94,36,#345C06
89,94,36,#325C06
90,94,36,#315C06
91,94,36,#2F5C06
92,94,36,#2E5C06
93,94,36,#2C5C06
94,94,36,#2B5C06
95,94,36,#295C06
96,94,36,#285C06
97,94,36,#275C06
98,94,36,#255C06
99,94,36,#245C06
100,94,36,#225C06
101,94,36,#215C06
102,94,36,#1F5C06
103,94,36,#1E5C06
104,94,36,#1D5C06
105,94,36,#1B5C06
106,94,36,#1A5C06
107,94,36,#185C06
108,94,36,#175C06
109,94,36,#155C06
110,94,36,#145C06
111,94,36,#125C06
112,94,36,#115C06
113,94,36,#105C06
114,94,36,#0E5C06
115,94,36,#0D5C06
116,94,36,#0B5C06
117,94,36,#0A5C06
118,94,36,#085C06
119,94,36,#075C06
120,94,36,#065C06
121,94,36,#065C07
122,94,36,#065C08
123,94,36,#065C0A
124,94,36,#065C0B
125,94,36,#065C0D
126,94,36,#065C0E
127,94,36,#065C10
128,94,36,#065C11
129,94,36,#065C12
130,94,36,#065C14
131,94,36,#065C15
132,94,36,#065C17
133,94,36,#065C18
134,94,36,#065C1A
135,94,36,#065C1B
136,94,36,#065C1D
137,94,36,#065C1E
138,94,36,#065C1F
139,94,36,#065C21
140,94,36,#065C22
141,94,36,#065C24
142,94,36,#065C25
143,94,36,#065C27
144,94,36,#065C28
145,94,36,#065C29
146,94,36,#065C2B
147,94,36,#065C2C
148,94,36,#065C2E
149,94,36,#065C2F
150,94,36,#065C31
151,94,36,#065C32
152,94,36,#065C34
153,94,36,#065C35
154,94,36,#065C36
155,94,36,#065C38
156,94,36,#065C39
157,94,36,#065C3B
158,94,36,#065C3C
159,94,36,#065C3E
160,94,36,#065C3F
161,94,36,#065C40
162,94,36,#065C42
163,94,36,#065C43
164,94,36,#065C45
165,94,36,#065C46
166,94,36,#065C48
167,94,36,#065C49
168,94,36,#065C4B
169,94,36,#065C4C
170,94,36,#065C4D
171,94,36,#065C4F
172,94,36,#065C50
173,94,36,#065C52
174,94,36,#065C53
175,94,36,#065C55
176,94,36,#065C56
177,94,36,#065C57
178,94,36,#065C59
179,94,36,#065C5A
180,94,36,#065C5C
181,94,36,#065A5C
182,94,36,#06595C
183,94,36,#06575C
184,94,36,#06565C
185,94,36,#06555C
186,94,36,#06535C
187,94,36,#06525C
188,94,36,#06505C
189,94,36,#064F5C
190,94,36,#064D5C
191,94,36,#064C5C
192,94,36,#064B5C
193,94,36,#06495C
194,94,36,#06485C
195,94,36,#06465C
196,94,36,#06455C
197,94,36,#06435C
198,94,36,#06425C
199,94,36,#06405C
200,94,36,#063F5C
201,94,36,#063E5C
202,94,36,#063C5C
203,94,36,#063B5C
204,94,36,#06395C
205,94,36,#06385C
206,94,36,#06365C
207,94,36,#06355C
208,94,36,#06345C
209,94,36,#06325C
210,94,36,#06315C
211,94,36,#062F5C
212,94,36,#062E5C
213,94,36,#062C5C
214,94,36,#062B5C
215,94,36,#06295C
216,94,36,#06285C
217,94,36,#06275C
218,94,36,#06255C
219,94,36,#06245C
220,94,36,#06225C
221,94,36,#06215C
222,94,36,#061F5C
223,94,36,#061E5C
224,94,36,#061D5C
225,94,36,#061B5C
226,94,36,#061A5C
227,94,36,#06185C
228,94,36,#06175C
229,94,36,#06155C
230,94,36,#06145C
231,94,36,#06125C
232,94,36,#06115C
233,94,36,#06105C
234,94,36,#060E5C
235,94,36,#060D5C
236,94,36,#060B5C
237,94,36,#060A5C
238,94,36,#06085C
239,94,36,#06075C
240,94,36,#06065C
241,94,36,#07065C
242,94,36,#08065C
243,94,36,#0A065C
244,94,36,#0B065C
245,94,36,#0D065C
246,94,36,#0E065C
247,94,36,#10065C
248,94,36,#11065C
249,94,36,#12065C
250,94,36,#14065C
251,94,36,#15065C
252,94,36,#17065C
253,94,36,#18065C
254,94,36,#1A065C
255,94,36,#1B065C
256,94,36,#1D065C
257,94,36,#1E065C
258,94,36,#1F065C
259,94,36,#21065C
260,94,36,#22065C
261,94,36,#24065C
262,94,36,#25065C
263,94,36,#27065C
264,94,36,#28065C
265,94,36,#29065C
266,94,36,#2B065C
267,94,36,#2C065C
268,94,36,#2E065C
269,94,36,#2F065C
270,94,36,#31065C
271,94,36,#32065C
272,94,36,#34065C
273,94,36,#35065C
274,94,36,#36065C
275,94,36,#38065C
276,94,36,#39065C
277,94,36,#3B065C
278,94,36,#3C065C
279,94,36,#3E065C
280,94,36,#3F065C
281,94,36,#40065C
282,94,36,#42065C
283,94,36,#43065C
284,94,36,#45065C
285,94,36,#46065C
286,94,36,#48065C
287,94,36,#49065C
288,94,36,#4B065C
289,94,36,#4C065C
290,94,36,#4D065C
291,94,36,#4F065C
292,94,36,#50065C
293,94,36,#52065C
294,94,36,#53065C
295,94,36,#55065C
296,94,36,#56065C
297,94,36,#57065C
298,94,36,#59065C
299,94,36,#5A065C
300,94,36,#5C065C
301,94,36,#5C065A
302,94,36,#5C0659
303,94,36,#5C0657
304,94,36,#5C0656
305,94,36,#5C0655
306,94,36,#5C0653
307,94,36,#5C0652
308,94,36,#5C0650
309,94,36,#5C064F
310,94,36,#5C064D
311,94,36,#5C064C
312,94,36,#5C064B
313,94,36,#5C0649
314,94,36,#5C0648
315,94,36,#5C0646
316,94,36,#5C0645
317,94,36,#5C0643
318,94,36,#5C0642
319,94,36,#5C0640
320,94,36,#5C063F
321,94,36,#5C063E
322,94,36,#5C063C
323,94,36,#5C063B
324,94,36,#5C0639
325,94,36,#5C0638
326,94,36,#5C0636
327,94,36,#5C0635
328,94,36,#5C0634
329,94,36,#5C0632
330,94,36,#5C0631
331,94,36,#5C062F
332,94,36,#5C062E
333,94,36,#5C062C
334,94,36,#5C062B
335,94,36,#5C0629
336,94,36,#5C0628
337,94,36,#5C0627
338,94,36,#5C0625
339,94,36,#5C0624
340,94,36,#5C0622
341,94,36,#5C0621
342,94,36,#5C061F
343,94,36,#5C061E
344,94,36,#5C061D
345,94,36,#5C061B
346,94,36,#5C061A
347,94,36,#5C0618
348,94,36,#5C0617
349,94,36,#5C0615
350,94,36,#5C0614
351,94,36,#5C0612
352,94,36,#5C0611
353,94,36,#5C0610
354,94,36,#5C060E
355,94,36,#5C060D
356,94,36,#5C060B
357,94,36,#5C060A
358,94,36,#5C0608
359,94,36,#5C0607
0,93,36,#5C0606
1,93,36,#5C0806
2,93,36,#5C0906
3,93,36,#5C0B06
4,93,36,#5C0C06
5,93,36,#5C0E06
6,93,36,#5C0F06
7,93,36,#5C1006
8,93,36,#5C1206
9,93,36,#5C1306
10,93,36,#5C1506
11,93,36,#5C1606
12,93,36,#5C1806
13,93,36,#5C1906
14,93,36,#5C1A06
15,93,36,#5C1C06
16,93,36,#5C1D06
17,93,36,#5C1F06
18,93,36,#5C2006
19,93,36,#5C2106
20,93,36,#5C2306
21,93,36,#5C2406
22,93,36,#5C2606
23,93,36,#5C2706
24,93,36,#5C2906
25,93,36,#5C2A06
26,93,36,#5C2B06
27,93,36,#5C2D06
28,93,36,#5C2E06
29,93,36,#5C3006
30,93,36,#5C3106
31,93,36,#5C3306
32,93,36,#5C3406
33,93,36,#5C3506
34,93,36,#5C3706
35,93,36,#5C3806
36,93,36,#5C3A06
37,93,36,#5C3B06
38,93,36,#5C3C06
39,93,36,#5C3E06
40,93,36,#5C3F06
41,93,36,#5C4106
42,93,36,#5C4206
43,93,36,#5C4406
44,93,36,#5C4506
45,93,36,#5C4606
46,93,36,#5C4806
47,93,36,#5C4906
48,93,36,#5C4B06
49,93,36,#5C4C06
50,93,36,#5C4E06
51,93,36,#5C4F06
52,93,36,#5C5006
53,93,36,#5C5206
54,93,36,#5C5306
55,93,36,#5C5506
56,93,36,#5C5606
57,93,36,#5C5806
58,93,36,#5C5906
59,93,36,#5C5A06
60,93,36,#5C5C06
61,93,36,#5A5C06
62,93,36,#595C06
63,93,36,#585C06
64,93,36,#565C06
65,93,36,#555C06
66,93,36,#535C06
67,93,36,#525C06
68,93,36,#505C06
69,93,36,#4F5C06
70,93,36,#4E5C06
71,93,36,#4C5C06
72,93,36,#4B5C06
73,93,36,#495C06
74,93,36,#485C06
75,93,36,#465C06
76,93,36,#455C06
77,93,36,#445C06
78,93,36,#425C06
79,93,36,#415C06
80,93,36,#3F5C06
81,93,36,#3E5C06
82,93,36,#3C5C06
83,93,36,#3B5C06
84,93,36,#3A5C06
85,93,36,#385C06
86,93,36,#375C06
87,93,36,#355C06
88,93,36,#345C06
89,93,36,#335C06
90,93,36,#315C06
91,93,36,#305C06
92,93,36,#2E5C06
93,93,36,#2D5C06
94,93,36,#2B5C06
95,93,36,#2A5C06
96,93,36,#295C06
97,93,36,#275C06
98,93,36,#265C06
99,93,36,#245C06
100,93,36,#235C06
101,93,36,#215C06
102,93,36,#205C06
103,93,36,#1F5C06
104,93,36,#1D5C06
105,93,36,#1C5C06
106,93,36,#1A5C06
107,93,36,#195C06
108,93,36,#185C06
109,93,36,#165C06
110,93,36,#155C06
111,93,36,#135C06
112,93,36,#125C06
113,93,36,#105C06
114,93,36,#0F5C06
115,93,36,#0E5C06
116,93,36,#0C5C06
117,93,36,#0B5C06
118,93,36,#095C06
119,93,36,#085C06
120,93,36,#065C06
121,93,36,#065C08
122,93,36,#065C09
123,93,36,#065C0B
124,93,36,#065C0C
125,93,36,#065C0E
126,93,36,#065C0F
127,93,36,#065C10
128,93,36,#065C12
129,93,36,#065C13
130,93,36,#065C15
131,93,36,#065C16
132,93,36,#065C18
133,93,36,#065C19
134,93,36,#065C1A
135,93,36,#065C1C
136,93,36,#065C1D
137,93,36,#065C1F
138,93,36,#065C20
139,93,36,#065C21
140,93,36,#065C23
141,93,36,#065C24
142,93,36,#065C26
143,93,36,#065C27
144,93,36,#065C29
145,93,36,#065C2A
146,93,36,#065C2B
147,93,36,#065C2D
148,93,36,#065C2E
149,93,36,#065C30
150,93,36,#065C31
151,93,36,#065C33
152,93,36,#065C34
153,93,36,#065C35
154,93,36,#065C37
155,93,36,#065C38
156,93,36,#065C3A
157,93,36,#065C3B
158,93,36,#065C3C
159,93,36,#065C3E
160,93,36,#065C3F
161,93,36,#065C41
162,93,36,#065C42
163,93,36,#065C44
164,93,36,#065C45
165,93,36,#065C46
166,93,36,#065C48
167,93,36,#065C49
168,93,36,#065C4B
169,93,36,#065C4C
170,93,36,#065C4E
171,93,36,#065C4F
172,93,36,#065C50
173,93,36,#065C52
174,93,36,#065C53
175,93,36,#065C55
176,93,36,#065C56
177,93,36,#065C58
178,93,36,#065C59
179,93,36,#065C5A
180,93,36,#065C5C
181,93,36,#065A5C
182,93,36,#06595C
183,93,36,#06585C
184,93,36,#06565C
185,93,36,#06555C
186,93,36,#06535C
187,93,36,#06525C
188,93,36,#06505C
189,93,36,#064F5C
190,93,36,#064E5C
191,93,36,#064C5C
192,93,36,#064B5C
193,93,36,#06495C
194,93,36,#06485C
195,93,36,#06465C
196,93,36,#06455C
197,93,36,#06445C
198,93,36,#06425C
199,93,36,#06415C
200,93,36,#063F5C
201,93,36,#063E5C
202,93,36,#063C5C
203,93,36,#063B5C
204,93,36,#063A5C
205,93,36,#06385C
206,93,36,#06375C
207,93,36,#06355C
208,93,36,#06345C
209,93,36,#06335C
210,93,36,#06315C
211,93,36,#06305C
212,93,36,#062E5C
213,93,36,#062D5C
214,93,36,#062B5C
215,93,36,#062A5C
216,93,36,#06295C
217,93,36,#06275C
218,93,36,#06265C
219,93,36,#06245C
220,93,36,#06235C
221,93,36,#06215C
222,93,36,#06205C
223,93,36,#061F5C
224,93,36,#061D5C
225,93,36,#061C5C
226,93,36,#061A5C
227,93,36,#06195C
228,93,36,#06185C
229,93,36,#06165C
230,93,36,#06155C
231,93,36,#06135C
232,93,36,#06125C
233,93,36,#06105C
234,93,36,#060F5C
235,93,36,#060E5C
236,93,36,#060C5C
237,93,36,#060B5C
238,93,36,#06095C
239,93,36,#06085C
240,93,36,#06065C
241,93,36,#08065C
242,93,36,#09065C
243,93,36,#0B065C
244,93,36,#0C065C
245,93,36,#0E065C
246,93,36,#0F065C
247,93,36,#10065C
248,93,36,#12065C
249,93,36,#13065C
250,93,36,#15065C
251,93,36,#16065C
252,93,36,#18065C
253,93,36,#19065C
254,93,36,#1A065C
255,93,36,#1C065C
256,93,36,#1D065C
257,93,36,#1F065C
258,93,36,#20065C
259,93,36,#21065C
260,93,36,#23065C
261,93,36,#24065C
262,93,36,#26065C
263,93,36,#27065C
264,93,36,#29065C
265,93,36,#2A065C
266,93,36,#2B065C
267,93,36,#2D065C
268,93,36,#2E065C
269,93,36,#30065C
270,93,36,#31065C
271,93,36,#33065C
272,93,36,#34065C
273,93,36,#35065C
274,93,36,#37065C
275,93,36,#38065C
276,93,36,#3A065C
277,93,36,#3B065C
278,93,36,#3C065C
279,93,36,#3E065C
280,93,36,#3F065C
281,93,36,#41065C
282,93,36,#42065C
283,93,36,#44065C
284,93,36,#45065C
285,93,36,#46065C
286,93,36,#48065C
287,93,36,#49065C
288,93,36,#4B065C
289,93,36,#4C065C
290,93,36,#4E065C
291,93,36,#4F065C
292,93,36,#50065C
293,93,36,#52065C
294,93,36,#53065C
295,93,36,#55065C
296,93,36,#56065C
297,93,36,#58065C
298,93,36,#59065C
299,93,36,#5A065C
300,93,36,#5C065C
301,93,36,#5C065A
302,93,36,#5C0659
303,93,36,#5C0658
304,93,36,#5C0656
305,93,36,#5C0655
306,93,36,#5C0653
307,93,36,#5C0652
308,93,36,#5C0650
309,93,36,#5C064F
310,93,36,#5C064E
311,93,36,#5C064C
312,93,36,#5C064B
313,93,36,#5C0649
314,93,36,#5C0648
315,93,36,#5C0646
316,93,36,#5C0645
317,93,36,#5C0644
318,93,36,#5C0642
319,93,36,#5C0641
320,93,36,#5C063F
321,93,36,#5C063E
322,93,36,#5C063C
323,93,36,#5C063B
324,93,36,#5C063A
325,93,36,#5C0638
326,93,36,#5C0637
327,93,36,#5C0635
328,93,36,#5C0634
329,93,36,#5C0633
330,93,36,#5C0631
331,93,36,#5C0630
332,93,36,#5C062E
333,93,36,#5C062D
334,93,36,#5C062B
335,93,36,#5C062A
336,93,36,#5C0629
337,93,36,#5C0627
338,93,36,#5C0626
339,93,36,#5C0624
340,93,36,#5C0623
341,93,36,#5C0621
342,93,36,#5C0620
343,93,36,#5C061F
344,93,36,#5C061D
345,93,36,#5C061C
346,93,36,#5C061A
347,93,36,#5C0619
348,93,36,#5C0618
349,93,36,#5C0616
350,93,36,#5C0615
351,93,36,#5C0613
352,93,36,#5C0612
353,93,36,#5C0610
354,93,36,#5C060F
355,93,36,#5C060E
356,93,36,#5C060C
357,93,36,#5C060B
358,93,36,#5C0609
359,93,36,#5C0608
0,92,36,#5C0707
1,92,36,#5C0907
2,92,36,#5C0A07
3,92,36,#5C0C07
4,92,36,#5C0D07
5,92,36,#5C0E07
6,92,36,#5C1007
7,92,36,#5C1107
8,92,36,#5C1307
9,92,36,#5C1407
10,92,36,#5C1507
11,92,36,#5C1707
12,92,36,#5C1807
13,92,36,#5C1A07
14,92,36,#5C1B07
15,92,36,#5C1C07
16,92,36,#5C1E07
17,92,36,#5C1F07
18,92,36,#5C2107
19,92,36,#5C2207
20,92,36,#5C2307
21,92,36,#5C2507
22,92,36,#5C2607
23,92,36,#5C2807
24,92,36,#5C2907
25,92,36,#5C2B07
26,92,36,#5C2C07
27,92,36,#5C2D07
28,92,36,#5C2F07
29,92,36,#5C3007
30,92,36,#5C3207
31,92,36,#5C3307
32,92,36,#5C3407
33,92,36,#5C3607
34,92,36,#5C3707
35,92,36,#5C3907
36,92,36,#5C3A07
37,92,36,#5C3B07
38,92,36,#5C3D07
39,92,36,#5C3E07
40,92,36,#5C4007
41,92,36,#5C4107
42,92,36,#5C4207
43,92,36,#5C4407
44,92,36,#5C4507
45,92,36,#5C4707
46,92,36,#5C4807
47,92,36,#5C4A07
48,92,36,#5C4B07
49,92,36,#5C4C07
50,92,36,#5C4E07
51,92,36,#5C4F07
52,92,36,#5C5107
53,92,36,#5C5207
54,92,36,#5C5307
55,92,36,#5C5507
56,92,36,#5C5607
57,92,36,#5C5807
58,92,36,#5C5907
59,92,36,#5C5A07
60,92,36,#5C5C07
61,92,36,#5A5C07
62,92,36,#595C07
63,92,36,#585C07
64,92,36,#565C07
65,92,36,#555C07
66,92,36,#535C07
67,92,36,#525C07
68,92,36,#515C07
69,92,36,#4F5C07
70,92,36,#4E5C07
71,92,36,#4C5C07
72,92,36,#4B5C07
73,92,36,#4A5C07
74,92,36,#485C07
75,92,36,#475C07
76,92,36,#455C07
77,92,36,#445C07
78,92,36,#425C07
79,92,36,#415C07
80,92,36,#405C07
81,92,36,#3E5C07
82,92,36,#3D5C07
83,92,36,#3B5C07
84,92,36,#3A5C07
85,92,36,#395C07
86,92,36,#375C07
87,92,36,#365C07
88,92,36,#345C07
89,92,36,#335C07
90,92,36,#325C07
91,92,36,#305C07
92,92,36,#2F5C07
93,92,36,#2D5C07
94,92,36,#2C5C07
95,92,36,#2B5C07
96,92,36,#295C07
97,92,36,#285C07
98,92,36,#265C07
99,92,36,#255C07
100,92,36,#235C07
101,92,36,#225C07
102,92,36,#215C07
103,92,36,#1F5C07
104,92,36,#1E5C07
105,92,36,#1C5C07
106,92,36,#1B5C07
107,92,36,#1A5C07
108,92,36,#185C07
109,92,36,#175C07
110,92,36,#155C07
111,92,36,#145C07
112,92,36,#135C07
113,92,36,#115C07
114,92,36,#105C07
115,92,36,#0E5C07
116,92,36,#0D5C07
117,92,36,#0C5C07
118,92,36,#0A5C07
119,92,36,#095C07
120,92,36,#075C07
121,92,36,#075C09
122,92,36,#075C0A
123,92,36,#075C0C
124,92,36,#075C0D
125,92,36,#075C0E
126,92,36,#075C10
127,92,36,#075C11
128,92,36,#075C13
129,92,36,#075C14
130,92,36,#075C15
131,92,36,#075C17
132,92,36,#075C18
133,92,36,#075C1A
134,92,36,#075C1B
135,92,36,#075C1C
136,92,36,#075C1E
137,92,36,#075C1F
138,92,36,#075C21
139,92,36,#075C22
140,92,36,#075C23
141,92,36,#075C25
142,92,36,#075C26
143,92,36,#075C28
144,92,36,#075C29
145,92,36,#075C2B
146,92,36,#075C2C
147,92,36,#075C2D
148,92,36,#075C2F
149,92,36,#075C30
150,92,36,#075C32
151,92,36,#075C33
152,92,36,#075C34
153,92,36,#075C36
154,92,36,#075C37
155,92,36,#075C39
156,92,36,#075C3A
157,92,36,#075C3B
158,92,36,#075C3D
159,92,36,#075C3E
160,92,36,#075C40
161,92,36,#075C41
162,92,36,#075C42
163,92,36,#075C44
164,92,36,#075C45
165,92,36,#075C47
166,92,36,#075C48
167,92,36,#075C4A
168,92,36,#075C4B
169,92,36,#075C4C
170,92,36,#075C4E
171,92,36,#075C4F
172,92,36,#075C51
173,92,36,#075C52
174,92,36,#075C53
175,92,36,#075C55
176,92,36,#075C56
177,92,36,#075C58
178,92,36,#075C59
179,92,36,#075C5A
180,92,36,#075C5C
181,92,36,#075A5C
182,92,36,#07595C
183,92,36,#07585C
184,92,36,#07565C
185,92,36,#07555C
186,92,36,#07535C
187,92,36,#07525C
188,92,36,#07515C
189,92,36,#074F5C
190,92,36,#074E5C
191,92,36,#074C5C
192,92,36,#074B5C
193,92,36,#074A5C
194,92,36,#07485C
195,92,36,#07475C
196,92,36,#07455C
197,92,36,#07445C
198,92,36,#07425C
199,92,36,#07415C
200,92,36,#07405C
201,92,36,#073E5C
202,92,36,#073D5C
203,92,36,#073B5C
204,92,36,#073A5C
205,92,36,#07395C
206,92,36,#07375C
207,92,36,#07365C
208,92,36,#07345C
209,92,36,#07335C
210,92,36,#07325C
211,92,36,#07305C
212,92,36,#072F5C
213,92,36,#072D5C
214,92,36,#072C5C
215,92,36,#072B5C
216,92,36,#07295C
217,92,36,#07285C
218,92,36,#07265C
219,92,36,#07255C
220,92,36,#07235C
221,92,36,#07225C
222,92,36,#07215C
223,92,36,#071F5C
224,92,36,#071E5C
225,92,36,#071C5C
226,92,36,#071B5C
227,92,36,#071A5C
228,92,36,#07185C
229,92,36,#07175C
230,92,36,#07155C
231,92,36,#07145C
232,92,36,#07135C
233,92,36,#07115C
234,92,36,#07105C
235,92,36,#070E5C
236,92,36,#070D5C
237,92,36,#070C5C
238,92,36,#070A5C
239,92,36,#07095C
240,92,36,#07075C
241,92,36,#09075C
242,92,36,#0A075C
243,92,36,#0C075C
244,92,36,#0D075C
245,92,36,#0E075C
246,92,36,#10075C
247,92,36,#11075C
248,92,36,#13075C
249,92,36,#14075C
250,92,36,#15075C
251,92,36,#17075C
252,92,36,#18075C
253,92,36,#1A075C
254,92,36,#1B075C
255,92,36,#1C075C
256,92,36,#1E075C
257,92,36,#1F075C
258,92,36,#21075C
259,92,36,#22075C
260,92,36,#23075C
261,92,36,#25075C
262,92,36,#26075C
263,92,36,#28075C
264,92,36,#29075C
265,92,36,#2B075C
266,92,36,#2C075C
267,92,36,#2D075C
268,92,36,#2F075C
269,92,36,#30075C
270,92,36,#32075C
271,92,36,#33075C
272,92,36,#34075C
273,92,36,#36075C
274,92,36,#37075C
275,92,36,#39075C
276,92,36,#3A075C
277,92,36,#3B075C
278,92,36,#3D075C
279,92,36,#3E075C
280,92,36,#40075C
281,92,36,#41075C
282,92,36,#42075C
283,92,36,#44075C
284,92,36,#45075C
285,92,36,#47075C
286,92,36,#48075C
287,92,36,#4A075C
288,92,36,#4B075C
289,92,36,#4C075C
290,92,36,#4E075C
291,92,36,#4F075C
292,92,36,#51075C
293,92,36,#52075C
294,92,36,#53075C
295,92,36,#55075C
296,92,36,#56075C
297,92,36,#58075C
298,92,36,#59075C
299,92,36,#5A075C
300,92,36,#5C075C
301,92,36,#5C075A
302,92,36,#5C0759
303,92,36,#5C0758
304,92,36,#5C0756
305,92,36,#5C0755
306,92,36,#5C0753
307,92,36,#5C0752
308,92,36,#5C0751
309,92,36,#5C074F
310,92,36,#5C074E
311,92,36,#5C074C
312,92,36,#5C074B
313,92,36,#5C074A
314,92,36,#5C0748
315,92,36,#5C0747
316,92,36,#5C0745
317,92,36,#5C0744
318,92,36,#5C0742
319,92,36,#5C0741
320,92,36,#5C0740
321,92,36,#5C073E
322,92,36,#5C073D
323,92,36,#5C073B
324,92,36,#5C073A
325,92,36,#5C0739
326,92,36,#5C0737
327,92,36,#5C0736
328,92,36,#5C0734
329,92,36,#5C0733
330,92,36,#5C0732
331,92,36,#5C0730
332,92,36,#5C072F
333,92,36,#5C072D
334,92,36,#5C072C
335,92,36,#5C072B
336,92,36,#5C0729
337,92,36,#5C0728
338,92,36,#5C0726
339,92,36,#5C0725
340,92,36,#5C0723
341,92,36,#5C0722
342,92,36,#5C0721
343,92,36,#5C071F
344,92,36,#5C071E
345,92,36,#5C071C
346,92,36,#5C071B
347,92,36,#5C071A
348,92,36,#5C0718
349,92,36,#5C0717
350,92,36,#5C0715
351,92,36,#5C0714
352,92,36,#5C0713
353,92,36,#5C0711
354,92,36,#5C0710
355,92,36,#5C070E
356,92,36,#5C070D
357,92,36,#5C070C
358,92,36,#5C070A
359,92,36,#5C0709
0,91,36,#5C0808
1,91,36,#5C0A08
2,91,36,#5C0B08
3,91,36,#5C0C08
4,91,36,#5C0E08
5,91,36,#5C0F08
6,91,36,#5C1108
7,91,36,#5C1208
8,91,36,#5C1308
9,91,36,#5C1508
10,91,36,#5C1608
11,91,36,#5C1808
12,91,36,#5C1908
13,91,36,#5C1A08
14,91,36,#5C1C08
15,91,36,#5C1D08
16,91,36,#5C1F08
17,91,36,#5C2008
18,91,36,#5C2108
19,91,36,#5C2308
20,91,36,#5C2408
21,91,36,#5C2608
22,91,36,#5C2708
23,91,36,#5C2808
24,91,36,#5C2A08
25,91,36,#5C2B08
26,91,36,#5C2C08
27,91,36,#5C2E08
28,91,36,#5C2F08
29,91,36,#5C3108
30,91,36,#5C3208
31,91,36,#5C3308
32,91,36,#5C3508
33,91,36,#5C3608
34,91,36,#5C3808
35,91,36,#5C3908
36,91,36,#5C3A08
37,91,36,#5C3C08
38,91,36,#5C3D08
39,91,36,#5C3F08
40,91,36,#5C4008
41,91,36,#5C4108
42,91,36,#5C4308
43,91,36,#5C4408
44,91,36,#5C4608
45,91,36,#5C4708
46,91,36,#5C4808
47,91,36,#5C4A08
48,91,36,#5C4B08
49,91,36,#5C4C08
50,91,36,#5C4E08
51,91,36,#5C4F08
52,91,36,#5C5108
53,91,36,#5C5208
54,91,36,#5C5308
55,91,36,#5C5508
56,91,36,#5C5608
57,91,36,#5C5808
58,91,36,#5C5908
59,91,36,#5C5A08
60,91,36,#5C5C08
61,91,36,#5A5C08
62,91,36,#595C08
63,91,36,#585C08
64,91,36,#565C08
65,91,36,#555C08
66,91,36,#535C08
67,91,36,#525C08
68,91,36,#515C08
69,91,36,#4F5C08
70,91,36,#4E5C08
71,91,36,#4C5C08
72,91,36,#4B5C08
73,91,36,#4A5C08
74,91,36,#485C08
75,91,36,#475C08
76,91,36,#465C08
77,91,36,#445C08
78,91,36,#435C08
79,91,36,#415C08
80,91,36,#405C08
81,91,36,#3F5C08
82,91,36,#3D5C08
83,91,36,#3C5C08
84,91,36,#3A5C08
85,91,36,#395C08
86,91,36,#385C08
87,91,36,#365C08
88,91,36,#355C08
89,91,36,#335C08
90,91,36,#325C08
91,91,36,#315C08
92,91,36,#2F5C08
93,91,36,#2E5C08
94,91,36,#2C5C08
95,91,36,#2B5C08
96,91,36,#2A5C08
97,91,36,#285C08
98,91,36,#275C08
99,91,36,#265C08
100,91,36,#245C08
101,91,36,#235C08
102,91,36,#215C08
103,91,36,#205C08
104,91,36,#1F5C08
105,91,36,#1D5C08
106,91,36,#1C5C08
107,91,36,#1A5C08
108,91,36,#195C08
109,91,36,#185C08
110,91,36,#165C08
111,91,36,#155C08
112,91,36,#135C08
113,91,36,#125C08
114,91,36,#115C08
115,91,36,#0F5C08
116,91,36,#0E5C08
117,91,36,#0C5C08
118,91,36,#0B5C08
119,91,36,#0A5C08
120,91,36,#085C08
121,91,36,#085C0A
122,91,36,#085C0B
123,91,36,#085C0C
124,91,36,#085C0E
125,91,36,#085C0F
126,91,36,#085C11
127,91,36,#085C12
128,91,36,#085C13
129,91,36,#085C15
130,91,36,#085C16
131,91,36,#085C18
132,91,36,#085C19
133,91,36,#085C1A
134,91,36,#085C1C
135,91,36,#085C1D
136,91,36,#085C1F
137,91,36,#085C20
138,91,36,#085C21
139,91,36,#085C23
140,91,36,#085C24
141,91,36,#085C26
142,91,36,#085C27
143,91,36,#085C28
144,91,36,#085C2A
145,91,36,#085C2B
146,91,36,#085C2C
147,91,36,#085C2E
148,91,36,#085C2F
149,91,36,#085C31
150,91,36,#085C32
151,91,36,#085C33
152,91,36,#085C35
153,91,36,#085C36
154,91,36,#085C38
155,91,36,#085C39
156,91,36,#085C3A
157,91,36,#085C3C
158,91,36,#085C3D
159,91,36,#085C3F
160,91,36,#085C40
161,91,36,#085C41
162,91,36,#085C43
163,91,36,#085C44
164,91,36,#085C46
165,91,36,#085C47
166,91,36,#085C48
167,91,36,#085C4A
168,91,36,#085C4B
169,91,36,#085C4C
170,91,36,#085C4E
171,91,36,#085C4F
172,91,36,#085C51
173,91,36,#085C52
174,91,36,#085C53
175,91,36,#085C55
176,91,36,#085C56
177,91,36,#085C58
178,91,36,#085C59
179,91,36,#085C5A
180,91,36,#085C5C
181,91,36,#085A5C
182,91,36,#08595C
183,91,36,#08585C
184,91,36,#08565C
185,91,36,#08555C
186,91,36,#08535C
187,91,36,#08525C
188,91,36,#08515C
189,91,36,#084F5C
190,91,36,#084E5C
191,91,36,#084C5C
192,91,36,#084B5C
193,91,36,#084A5C
194,91,36,#08485C
195,91,36,#08475C
196,91,36,#08465C
197,91,36,#08445C
198,91,36,#08435C
199,91,36,#08415C
200,91,36,#08405C
201,91,36,#083F5C
202,91,36,#083D5C
203,91,36,#083C5C
204,91,36,#083A5C
205,91,36,#08395C
206,91,36,#08385C
207,91,36,#08365C
208,91,36,#08355C
209,91,36,#08335C
210,91,36,#08325C
211,91,36,#08315C
212,91,36,#082F5C
213,91,36,#082E5C
214,91,36,#082C5C
215,91,36,#082B5C
216,91,36,#082A5C
217,91,36,#08285C
218,91,36,#08275C
219,91,36,#08265C
220,91,36,#08245C
221,91,36,#08235C
222,91,36,#08215C
223,91,36,#08205C
224,91,36,#081F5C
225,91,36,#081D5C
226,91,36,#081C5C
227,91,36,#081A5C
228,91,36,#08195C
229,91,36,#08185C
230,91,36,#08165C
231,91,36,#08155C
232,91,36,#08135C
233,91,36,#08125C
234,91,36,#08115C
235,91,36,#080F5C
236,91,36,#080E5C
237,91,36,#080C5C
238,91,36,#080B5C
239,91,36,#080A5C
240,91,36,#08085C
241,91,36,#0A085C
242,91,36,#0B085C
243,91,36,#0C085C
244,91,36,#0E085C
245,91,36,#0F085C
246,91,36,#11085C
247,91,36,#12085C
248,91,36,#13085C
249,91,36,#15085C
250,91,36,#16085C
251,91,36,#18085C
252,91,36,#19085C
253,91,36,#1A085C
254,91,36,#1C085C
255,91,36,#1D085C
256,91,36,#1F085C
257,91,36,#20085C
258,91,36,#21085C
259,91,36,#23085C
260,91,36,#24085C
261,91,36,#26085C
262,91,36,#27085C
263,91,36,#28085C
264,91,36,#2A085C
265,91,36,#2B085C
266,91,36,#2C085C
267,91,36,#2E085C
268,91,36,#2F085C
269,91,36,#31085C
270,91,36,#32085C
271,91,36,#33085C
272,91,36,#35085C
273,91,36,#36085C
274,91,36,#38085C
275,91,36,#39085C
276,91,36,#3A085C
277,91,36,#3C085C
278,91,36,#3D085C
279,91,36,#3F085C
280,91,36,#40085C
281,91,36,#41085C
282,91,36,#43085C
283,91,36,#44085C
284,91,36,#46085C
285,91,36,#47085C
286,91,36,#48085C
287,91,36,#4A085C
288,91,36,#4B085C
289,91,36,#4C085C
290,91,36,#4E085C
291,91,36,#4F085C
292,91,36,#51085C
293,91,36,#52085C
294,91,36,#53085C
295,91,36,#55085C
296,91,36,#56085C
297,91,36,#58085C
298,91,36,#59085C
299,91,36,#5A085C
300,91,36,#5C085C
301,91,36,#5C085A
302,91,36,#5C0859
303,91,36,#5C0858
304,91,36,#5C0856
305,91,36,#5C0855
306,91,36,#5C0853
307,91,36,#5C0852
308,91,36,#5C0851
309,91,36,#5C084F
310,91,36,#5C084E
311,91,36,#5C084C
312,91,36,#5C084B
313,91,36,#5C084A
314,91,36,#5C0848
315,91,36,#5C0847
316,91,36,#5C0846
317,91,36,#5C0844
318,91,36,#5C0843
319,91,36,#5C0841
320,91,36,#5C0840
321,91,36,#5C083F
322,91,36,#5C083D
323,91,36,#5C083C
324,91,36,#5C083A
325,91,36,#5C0839
326,91,36,#5C0838
327,91,36,#5C0836
328,91,36,#5C0835
329,91,36,#5C0833
330,91,36,#5C0832
331,91,36,#5C0831
332,91,36,#5C082F
333,91,36,#5C082E
334,91,36,#5C082C
335,91,36,#5C082B
336,91,36,#5C082A
337,91,36,#5C0828
338,91,36,#5C0827
339,91,36,#5C0826
340,91,36,#5C0824
341,91,36,#5C0823
342,91,36,#5C0821
343,91,36,#5C0820
344,91,36,#5C081F
345,91,36,#5C081D
346,91,36,#5C081C
347,91,36,#5C081A
348,91,36,#5C0819
349,91,36,#5C0818
350,91,36,#5C0816
351,91,36,#5C0815
352,91,36,#5C0813
353,91,36,#5C0812
354,91,36,#5C0811
355,91,36,#5C080F
356,91,36,#5C080E
357,91,36,#5C080C
358,91,36,#5C080B
359,91,36,#5C080A
0,90,36,#5C0909
1,90,36,#5C0B09
2,90,36,#5C0C09
3,90,36,#5C0D09
4,90,36,#5C0F09
5,90,36,#5C1009
6,90,36,#5C1109
7,90,36,#5C1309
8,90,36,#5C1409
9,90,36,#5C1609
10,90,36,#5C1709
11,90,36,#5C1809
12,90,36,#5C1A09
13,90,36,#5C1B09
14,90,36,#5C1C09
15,90,36,#5C1E09
16,90,36,#5C1F09
17,90,36,#5C2109
18,90,36,#5C2209
19,90,36,#5C2309
20,90,36,#5C2509
21,90,36,#5C2609
22,90,36,#5C2709
23,90,36,#5C2909
24,90,36,#5C2A09
25,90,36,#5C2C09
26,90,36,#5C2D09
27,90,36,#5C2E09
28,90,36,#5C3009
29,90,36,#5C3109
30,90,36,#5C3209
31,90,36,#5C3409
32,90,36,#5C3509
33,90,36,#5C3709
34,90,36,#5C3809
35,90,36,#5C3909
36,90,36,#5C3B09
37,90,36,#5C3C09
38,90,36,#5C3E09
39,90,36,#5C3F09
40,90,36,#5C4009
41,90,36,#5C4209
42,90,36,#5C4309
43,90,36,#5C4409
44,90,36,#5C4609
45,90,36,#5C4709
46,90,36,#5C4909
47,90,36,#5C4A09
48,90,36,#5C4B09
49,90,36,#5C4D09
50,90,36,#5C4E09
51,90,36,#5C4F09
52,90,36,#5C5109
53,90,36,#5C5209
54,90,36,#5C5409
55,90,36,#5C5509
56,90,36,#5C5609
57,90,36,#5C5809
58,90,36,#5C5909
59,90,36,#5C5A09
60,90,36,#5C5C09
61,90,36,#5A5C09
62,90,36,#595C09
63,90,36,#585C09
64,90,36,#565C09
65,90,36,#555C09
66,90,36,#545C09
67,90,36,#525C09
68,90,36,#515C09
69,90,36,#4F5C09
70,90,36,#4E5C09
71,90,36,#4D5C09
72,90,36,#4B5C09
73,90,36,#4A5C09
74,90,36,#495C09
75,90,36,#475C09
76,90,36,#465C09
77,90,36,#445C09
78,90,36,#435C09
79,90,36,#425C09
80,90,36,#405C09
81,90,36,#3F5C09
82,90,36,#3E5C09
83,90,36,#3C5C09
84,90,36,#3B5C09
85,90,36,#395C09
86,90,36,#385C09
87,90,36,#375C09
88,90,36,#355C09
89,90,36,#345C09
90,90,36,#325C09
91,90,36,#315C09
92,90,36,#305C09
93,90,36,#2E5C09
94,90,36,#2D5C09
95,90,36,#2C5C09
96,90,36,#2A5C09
97,90,36,#295C09
98,90,36,#275C09
99,90,36,#265C09
100,90,36,#255C09
101,90,36,#235C09
102,90,36,#225C09
103,90,36,#215C09
104,90,36,#1F5C09
105,90,36,#1E5C09
106,90,36,#1C5C09
107,90,36,#1B5C09
108,90,36,#1A5C09
109,90,36,#185C09
110,90,36,#175C09
111,90,36,#165C09
112,90,36,#145C09
113,90,36,#135C09
114,90,36,#115C09
115,90,36,#105C09
116,90,36,#0F5C09
117,90,36,#0D5C09
118,90,36,#0C5C09
119,90,36,#0B5C09
120,90,36,#095C09
121,90,36,#095C0B
122,90,36,#095C0C
123,90,36,#095C0D
124,90,36,#095C0F
125,90,36,#095C10
126,90,36,#095C11
127,90,36,#095C13
128,90,36,#095C14
129,90,36,#095C16
130,90,36,#095C17
131,90,36,#095C18
132,90,36,#095C1A
133,90,36,#095C1B
134,90,36,#095C1C
135,90,36,#095C1E
136,90,36,#095C1F
137,90,36,#095C21
138,90,36,#095C22
139,90,36,#095C23
140,90,36,#095C25
141,90,36,#095C26
142,90,36,#095C27
143,90,36,#095C29
144,90,36,#095C2A
145,90,36,#095C2C
146,90,36,#095C2D
147,90,36,#095C2E
148,90,36,#095C30
149,90,36,#095C31
150,90,36,#095C32
151,90,36,#095C34
152,90,36,#095C35
153,90,36,#095C37
154,90,36,#095C38
155,90,36,#095C39
156,90,36,#095C3B
157,90,36,#095C3C
158,90,36,#095C3E
159,90,36,#095C3F
160,90,36,#095C40
161,90,36,#095C42
162,90,36,#095C43
163,90,36,#095C44
164,90,36,#095C46
165,90,36,#095C47
166,90,36,#095C49
167,90,36,#095C4A
168,90,36,#095C4B
169,90,36,#095C4D
170,90,36,#095C4E
171,90,36,#095C4F
172,90,36,#095C51
173,90,36,#095C52
174,90,36,#095C54
175,90,36,#095C55
176,90,36,#095C56
177,90,36,#095C58
178,90,36,#095C59
179,90,36,#095C5A
180,90,36,#095C5C
181,90,36,#095A5C
182,90,36,#09595C
183,90,36,#09585C
184,90,36,#09565C
185,90,36,#09555C
186,90,36,#09545C
187,90,36,#09525C
188,90,36,#09515C
189,90,36,#094F5C
190,90,36,#094E5C
191,90,36,#094D5C
192,90,36,#094B5C
193,90,36,#094A5C
194,90,36,#09495C
195,90,36,#09475C
196,90,36,#09465C
197,90,36,#09445C
198,90,36,#09435C
199,90,36,#09425C
200,90,36,#09405C
201,90,36,#093F5C
202,90,36,#093E5C
203,90,36,#093C5C
204,90,36,#093B5C
205,90,36,#09395C
206,90,36,#09385C
207,90,36,#09375C
208,90,36,#09355C
209,90,36,#09345C
210,90,36,#09325C
211,90,36,#09315C
212,90,36,#09305C
213,90,36,#092E5C
214,90,36,#092D5C
215,90,36,#092C5C
216,90,36,#092A5C
217,90,36,#09295C
218,90,36,#09275C
219,90,36,#09265C
220,90,36,#09255C
221,90,36,#09235C
222,90,36,#09225C
223,90,36,#09215C
224,90,36,#091F5C
225,90,36,#091E5C
226,90,36,#091C5C
227,90,36,#091B5C
228,90,36,#091A5C
229,90,36,#09185C
230,90,36,#09175C
231,90,36,#09165C
232,90,36,#09145C
233,90,36,#09135C
234,90,36,#09115C
235,90,36,#09105C
236,90,36,#090F5C
237,90,36,#090D5C
238,90,36,#090C5C
239,90,36,#090B5C
240,90,36,#09095C
241,90,36,#0B095C
242,90,36,#0C095C
243,90,36,#0D095C
244,90,36,#0F095C
245,90,36,#10095C
246,90,36,#11095C
247,90,36,#13095C
248,90,36,#14095C
249,90,36,#16095C
250,90,36,#17095C
251,90,36,#18095C
252,90,36,#1A095C
253,90,36,#1B095C
254,90,36,#1C095C
255,90,36,#1E095C
256,90,36,#1F095C
257,90,36,#21095C
258,90,36,#22095C
259,90,36,#23095C
260,90,36,#25095C
261,90,36,#26095C
262,90,36,#27095C
263,90,36,#29095C
264,90,36,#2A095C
265,90,36,#2C095C
266,90,36,#2D095C
267,90,36,#2E095C
268,90,36,#30095C
269,90,36,#31095C
270,90,36,#32095C
271,90,36,#34095C
272,90,36,#35095C
273,90,36,#37095C
274,90,36,#38095C
275,90,36,#39095C
276,90,36,#3B095C
277,90,36,#3C095C
278,90,36,#3E095C
279,90,36,#3F095C
280,90,36,#40095C
281,90,36,#42095C
282,90,36,#43095C
283,90,36,#44095C
284,90,36,#46095C
285,90,36,#47095C
286,90,36,#49095C
287,90,36,#4A095C
288,90,36,#4B095C
289,90,36,#4D095C
290,90,36,#4E095C
291,90,36,#4F095C
292,90,36,#51095C
293,90,36,#52095C
294,90,36,#54095C
295,90,36,#55095C
296,90,36,#56095C
297,90,36,#58095C
298,90,36,#59095C
299,90,36,#5A095C
300,90,36,#5C095C
301,90,36,#5C095A
302,90,36,#5C0959
303,90,36,#5C0958
304,90,36,#5C0956
305,90,36,#5C0955
306,90,36,#5C0954
307,90,36,#5C0952
308,90,36,#5C0951
309,90,36,#5C094F
310,90,36,#5C094E
311,90,36,#5C094D
312,90,36,#5C094B
313,90,36,#5C094A
314,90,36,#5C0949
315,90,36,#5C0947
316,90,36,#5C0946
317,90,36,#5C0944
318,90,36,#5C0943
319,90,36,#5C0942
320,90,36,#5C0940
321,90,36,#5C093F
322,90,36,#5C093E
323,90,36,#5C093C
324,90,36,#5C093B
325,90,36,#5C0939
326,90,36,#5C0938
327,90,36,#5C0937
328,90,36,#5C0935
329,90,36,#5C0934
330,90,36,#5C0932
331,90,36,#5C0931
332,90,36,#5C0930
333,90,36,#5C092E
334,90,36,#5C092D
335,90,36,#5C092C
336,90,36,#5C092A
337,90,36,#5C0929
338,90,36,#5C0927
339,90,36,#5C0926
340,90,36,#5C0925
341,90,36,#5C0923
342,90,36,#5C0922
343,90,36,#5C0921
344,90,36,#5C091F
345,90,36,#5C091E
346,90,36,#5C091C
347,90,36,#5C091B
348,90,36,#5C091A
349,90,36,#5C0918
350,90,36,#5C0917
351,90,36,#5C0916
352,90,36,#5C0914
353,90,36,#5C0913
354,90,36,#5C0911
355,90,36,#5C0910
356,90,36,#5C090F
357,90,36,#5C090D
358,90,36,#5C090C
359,90,36,#5C090B
0,89,36,#5C0A0A
1,89,36,#5C0B0A
2,89,36,#5C0D0A
3,89,36,#5C0E0A
4,89,36,#5C100A
5,89,36,#5C110A
6,89,36,#5C120A
7,89,36,#5C140A
8,89,36,#5C150A
9,89,36,#5C160A
10,89,36,#5C180A
11,89,36,#5C190A
12,89,36,#5C1A0A
13,89,36,#5C1C0A
14,89,36,#5C1D0A
15,89,36,#5C1F0A
16,89,36,#5C200A
17,89,36,#5C210A
18,89,36,#5C230A
19,89,36,#5C240A
20,89,36,#5C250A
21,89,36,#5C270A
22,89,36,#5C280A
23,89,36,#5C290A
24,89,36,#5C2B0A
25,89,36,#5C2C0A
26,89,36,#5C2E0A
27,89,36,#5C2F0A
28,89,36,#5C300A
29,89,36,#5C320A
30,89,36,#5C330A
31,89,36,#5C340A
32,89,36,#5C360A
33,89,36,#5C370A
34,89,36,#5C380A
35,89,36,#5C3A0A
36,89,36,#5C3B0A
37,89,36,#5C3C0A
38,89,36,#5C3E0A
39,89,36,#5C3F0A
40,89,36,#5C410A
41,89,36,#5C420A
42,89,36,#5C430A
43,89,36,#5C450A
44,89,36,#5C460A
45,89,36,#5C470A
46,89,36,#5C490A
47,89,36,#5C4A0A
48,89,36,#5C4B0A
49,89,36,#5C4D0A
50,89,36,#5C4E0A
51,89,36,#5C500A
52,89,36,#5C510A
53,89,36,#5C520A
54,89,36,#5C540A
55,89,36,#5C550A
56,89,36,#5C560A
57,89,36,#5C580A
58,89,36,#5C590A
59,89,36,#5C5A0A
60,89,36,#5C5C0A
61,89,36,#5A5C0A
62,89,36,#595C0A
63,89,36,#585C0A
64,89,36,#565C0A
65,89,36,#555C0A
66,89,36,#545C0A
67,89,36,#525C0A
68,89,36,#515C0A
69,89,36,#505C0A
70,89,36,#4E5C0A
71,89,36,#4D5C0A
72,89,36,#4B5C0A
73,89,36,#4A5C0A
74,89,36,#495C0A
75,89,36,#475C0A
76,89,36,#465C0A
77,89,36,#455C0A
78,89,36,#435C0A
79,89,36,#425C0A
80,89,36,#415C0A
81,89,36,#3F5C0A
82,89,36,#3E5C0A
83,89,36,#3C5C0A
84,89,36,#3B5C0A
85,89,36,#3A5C0A
86,89,36,#385C0A
87,89,36,#375C0A
88,89,36,#365C0A
89,89,36,#345C0A
90,89,36,#335C0A
91,89,36,#325C0A
92,89,36,#305C0A
93,89,36,#2F5C0A
94,89,36,#2E5C0A
95,89,36,#2C5C0A
96,89,36,#2B5C0A
97,89,36,#295C0A
98,89,36,#285C0A
99,89,36,#275C0A
100,89,36,#255C0A
101,89,36,#245C0A
102,89,36,#235C0A
103,89,36,#215C0A
104,89,36,#205C0A
105,89,36,#1F5C0A
106,89,36,#1D5C0A
107,89,36,#1C5C0A
108,89,36,#1A5C0A
109,89,36,#195C0A
110,89,36,#185C0A
111,89,36,#165C0A
112,89,36,#155C0A
113,89,36,#145C0A
114,89,36,#125C0A
115,89,36,#115C0A
116,89,36,#105C0A
117,89,36,#0E5C0A
118,89,36,#0D5C0A
119,89,36,#0B5C0A
120,89,36,#0A5C0A
121,89,36,#0A5C0B
122,89,36,#0A5C0D
123,89,36,#0A5C0E
124,89,36,#0A5C10
125,89,36,#0A5C11
126,89,36,#0A5C12
127,89,36,#0A5C14
128,89,36,#0A5C15
129,89,36,#0A5C16
130,89,36,#0A5C18
131,89,36,#0A5C19
132,89,36,#0A5C1A
133,89,36,#0A5C1C
134,89,36,#0A5C1D
135,89,36,#0A5C1F
136,89,36,#0A5C20
137,89,36,#0A5C21
138,89,36,#0A5C23
139,89,36,#0A5C24
140,89,36,#0A5C25
141,89,36,#0A5C27
142,89,36,#0A5C28
143,89,36,#0A5C29
144,89,36,#0A5C2B
145,89,36,#0A5C2C
146,89,36,#0A5C2E
147,89,36,#0A5C2F
148,89,36,#0A5C30
149,89,36,#0A5C32
150,89,36,#0A5C33
151,89,36,#0A5C34
152,89,36,#0A5C36
153,89,36,#0A5C37
154,89,36,#0A5C38
155,89,36,#0A5C3A
156,89,36,#0A5C3B
157,89,36,#0A5C3C
158,89,36,#0A5C3E
159,89,36,#0A5C3F
160,89,36,#0A5C41
161,89,36,#0A5C42
162,89,36,#0A5C43
163,89,36,#0A5C45
164,89,36,#0A5C46
165,89,36,#0A5C47
166,89,36,#0A5C49
167,89,36,#0A5C4A
168,89,36,#0A5C4B
169,89,36,#0A5C4D
170,89,36,#0A5C4E
171,89,36,#0A5C50
172,89,36,#0A5C51
173,89,36,#0A5C52
174,89,36,#0A5C54
175,89,36,#0A5C55
176,89,36,#0A5C56
177,89,36,#0A5C58
178,89,36,#0A5C59
179,89,36,#0A5C5A
180,89,36,#0A5C5C
181,89,36,#0A5A5C
182,89,36,#0A595C
183,89,36,#0A585C
184,89,36,#0A565C
185,89,36,#0A555C
186,89,36,#0A545C
187,89,36,#0A525C
188,89,36,#0A515C
189,89,36,#0A505C
190,89,36,#0A4E5C
191,89,36,#0A4D5C
192,89,36,#0A4B5C
193,89,36,#0A4A5C
194,89,36,#0A495C
195,89,36,#0A475C
196,89,36,#0A465C
197,89,36,#0A455C
198,89,36,#0A435C
199,89,36,#0A425C
200,89,36,#0A415C
201,89,36,#0A3F5C
202,89,36,#0A3E5C
203,89,36,#0A3C5C
204,89,36,#0A3B5C
205,89,36,#0A3A5C
206,89,36,#0A385C
207,89,36,#0A375C
208,89,36,#0A365C
209,89,36,#0A345C
210,89,36,#0A335C
211,89,36,#0A325C
212,89,36,#0A305C
213,89,36,#0A2F5C
214,89,36,#0A2E5C
215,89,36,#0A2C5C
216,89,36,#0A2B5C
217,89,36,#0A295C
218,89,36,#0A285C
219,89,36,#0A275C
220,89,36,#0A255C
221,89,36,#0A245C
222,89,36,#0A235C
223,89,36,#0A215C
224,89,36,#0A205C
225,89,36,#0A1F5C
226,89,36,#0A1D5C
227,89,36,#0A1C5C
228,89,36,#0A1A5C
229,89,36,#0A195C
230,89,36,#0A185C
231,89,36,#0A165C
232,89,36,#0A155C
233,89,36,#0A145C
234,89,36,#0A125C
235,89,36,#0A115C
236,89,36,#0A105C
237,89,36,#0A0E5C
238,89,36,#0A0D5C
239,89,36,#0A0B5C
240,89,36,#0A0A5C
241,89,36,#0B0A5C
242,89,36,#0D0A5C
243,89,36,#0E0A5C
244,89,36,#100A5C
245,89,36,#110A5C
246,89,36,#120A5C
247,89,36,#140A5C
248,89,36,#150A5C
249,89,36,#160A5C
250,89,36,#180A5C
251,89,36,#190A5C
252,89,36,#1A0A5C
253,89,36,#1C0A5C
254,89,36,#1D0A5C
255,89,36,#1F0A5C
256,89,36,#200A5C
257,89,36,#210A5C
258,89,36,#230A5C
259,89,36,#240A5C
260,89,36,#250A5C
261,89,36,#270A5C
262,89,36,#280A5C
263,89,36,#290A5C
264,89,36,#2B0A5C
265,89,36,#2C0A5C
266,89,36,#2E0A5C
267,89,36,#2F0A5C
268,89,36,#300A5C
269,89,36,#320A5C
270,89,36,#330A5C
271,89,36,#340A5C
272,89,36,#360A5C
273,89,36,#370A5C
274,89,36,#380A5C
275,89,36,#3A0A5C
276,89,36,#3B0A5C
277,89,36,#3C0A5C
278,89,36,#3E0A5C
279,89,36,#3F0A5C
280,89,36,#410A5C
281,89,36,#420A5C
282,89,36,#430A5C
283,89,36,#450A5C
284,89,36,#460A5C
285,89,36,#470A5C
286,89,36,#490A5C
287,89,36,#4A0A5C
288,89,36,#4B0A5C
289,89,36,#4D0A5C
290,89,36,#4E0A5C
291,89,36,#500A5C
292,89,36,#510A5C
293,89,36,#520A5C
294,89,36,#540A5C
295,89,36,#550A5C
296,89,36,#560A5C
297,89,36,#580A5C
298,89,36,#590A5C
299,89,36,#5A0A5C
300,89,36,#5C0A5C
301,89,36,#5C0A5A
302,89,36,#5C0A59
303,89,36,#5C0A58
304,89,36,#5C0A56
305,89,36,#5C0A55
306,89,36,#5C0A54
307,89,36,#5C0A52
308,89,36,#5C0A51
309,89,36,#5C0A50
310,89,36,#5C0A4E
311,89,36,#5C0A4D
312,89,36,#5C0A4B
313,89,36,#5C0A4A
314,89,36,#5C0A49
315,89,36,#5C0A47
316,89,36,#5C0A46
317,89,36,#5C0A45
318,89,36,#5C0A43
319,89,36,#5C0A42
320,89,36,#5C0A41
321,89,36,#5C0A3F
322,89,36,#5C0A3E
323,89,36,#5C0A3C
324,89,36,#5C0A3B
325,89,36,#5C0A3A
326,89,36,#5C0A38
327,89,36,#5C0A37
328,89,36,#5C0A36
329,89,36,#5C0A34
330,89,36,#5C0A33
331,89,36,#5C0A32
332,89,36,#5C0A30
333,89,36,#5C0A2F
334,89,36,#5C0A2E
335,89,36,#5C0A2C
336,89,36,#5C0A2B
337,89,36,#5C0A29
338,89,36,#5C0A28
339,89,36,#5C0A27
340,89,36,#5C0A25
341,89,36,#5C0A24
342,89,36,#5C0A23
343,89,36,#5C0A21
344,89,36,#5C0A20
345,89,36,#5C0A1F
346,89,36,#5C0A1D
347,89,36,#5C0A1C
348,89,36,#5C0A1A
349,89,36,#5C0A19
350,89,36,#5C0A18
351,89,36,#5C0A16
352,89,36,#5C0A15
353,89,36,#5C0A14
354,89,36,#5C0A12
355,89,36,#5C0A11
356,89,36,#5C0A10
357,89,36,#5C0A0E
358,89,36,#5C0A0D
359,89,36,#5C0A0B
0,88,36,#5C0B0B
1,88,36,#5C0C0B
2,88,36,#5C0E0B
3,88,36,#5C0F0B
4,88,36,#5C100B
5,88,36,#5C120B
6,88,36,#5C130B
7,88,36,#5C140B
8,88,36,#5C160B
9,88,36,#5C170B
10,88,36,#5C180B
11,88,36,#5C1A0B
12,88,36,#5C1B0B
13,88,36,#5C1D0B
14,88,36,#5C1E0B
15,88,36,#5C1F0B
16,88,36,#5C210B
17,88,36,#5C220B
18,88,36,#5C230B
19,88,36,#5C250B
20,88,36,#5C260B
21,88,36,#5C270B
22,88,36,#5C290B
23,88,36,#5C2A0B
24,88,36,#5C2B0B
25,88,36,#5C2D0B
26,88,36,#5C2E0B
27,88,36,#5C2F0B
28,88,36,#5C310B
29,88,36,#5C320B
30,88,36,#5C330B
31,88,36,#5C350B
32,88,36,#5C360B
33,88,36,#5C370B
34,88,36,#5C390B
35,88,36,#5C3A0B
36,88,36,#5C3B0B
37,88,36,#5C3D0B
38,88,36,#5C3E0B
39,88,36,#5C400B
40,88,36,#5C410B
41,88,36,#5C420B
42,88,36,#5C440B
43,88,36,#5C450B
44,88,36,#5C460B
45,88,36,#5C480B
46,88,36,#5C490B
47,88,36,#5C4A0B
48,88,36,#5C4C0B
49,88,36,#5C4D0B
50,88,36,#5C4E0B
51,88,36,#5C500B
52,88,36,#5C510B
53,88,36,#5C520B
54,88,36,#5C540B
55,88,36,#5C550B
56,88,36,#5C560B
57,88,36,#5C580B
58,88,36,#5C590B
59,88,36,#5C5A0B
60,88,36,#5C5C0B
61,88,36,#5A5C0B
62,88,36,#595C0B
63,88,36,#585C0B
64,88,36,#565C0B
65,88,36,#555C0B
66,88,36,#545C0B
67,88,36,#525C0B
68,88,36,#515C0B
69,88,36,#505C0B
70,88,36,#4E5C0B
71,88,36,#4D5C0B
72,88,36,#4C5C0B
73,88,36,#4A5C0B
74,88,36,#495C0B
75,88,36,#485C0B
76,88,36,#465C0B
77,88,36,#455C0B
78,88,36,#445C0B
79,88,36,#425C0B
80,88,36,#415C0B
81,88,36,#405C0B
82,88,36,#3E5C0B
83,88,36,#3D5C0B
84,88,36,#3B5C0B
85,88,36,#3A5C0B
86,88,36,#395C0B
87,88,36,#375C0B
88,88,36,#365C0B
89,88,36,#355C0B
90,88,36,#335C0B
91,88,36,#325C0B
92,88,36,#315C0B
93,88,36,#2F5C0B
94,88,36,#2E5C0B
95,88,36,#2D5C0B
96,88,36,#2B5C0B
97,88,36,#2A5C0B
98,88,36,#295C0B
99,88,36,#275C0B
100,88,36,#265C0B
101,88,36,#255C0B
102,88,36,#235C0B
103,88,36,#225C0B
104,88,36,#215C0B
105,88,36,#1F5C0B
106,88,36,#1E5C0B
107,88,36,#1D5C0B
108,88,36,#1B5C0B
109,88,36,#1A5C0B
110,88,36,#185C0B
111,88,36,#175C0B
112,88,36,#165C0B
113,88,36,#145C0B
114,88,36,#135C0B
115,88,36,#125C0B
116,88,36,#105C0B
117,88,36,#0F5C0B
118,88,36,#0E5C0B
119,88,36,#0C5C0B
120,88,36,#0B5C0B
121,88,36,#0B5C0C
122,88,36,#0B5C0E
123,88,36,#0B5C0F
124,88,36,#0B5C10
125,88,36,#0B5C12
126,88,36,#0B5C13
127,88,36,#0B5C14
128,88,36,#0B5C16
129,88,36,#0B5C17
130,88,36,#0B5C18
131,88,36,#0B5C1A
132,88,36,#0B5C1B
133,88,36,#0B5C1D
134,88,36,#0B5C1E
135,88,36,#0B5C1F
136,88,36,#0B5C21
137,88,36,#0B5C22
138,88,36,#0B5C23
139,88,36,#0B5C25
140,88,36,#0B5C26
141,88,36,#0B5C27
142,88,36,#0B5C29
143,88,36,#0B5C2A
144,88,36,#0B5C2B
145,88,36,#0B5C2D
146,88,36,#0B5C2E
147,88,36,#0B5C2F
148,88,36,#0B5C31
149,88,36,#0B5C32
150,88,36,#0B5C33
151,88,36,#0B5C35
152,88,36,#0B5C36
153,88,36,#0B5C37
154,88,36,#0B5C39
155,88,36,#0B5C3A
156,88,36,#0B5C3B
157,88,36,#0B5C3D
158,88,36,#0B5C3E
159,88,36,#0B5C40
160,88,36,#0B5C41
161,88,36,#0B5C42
162,88,36,#0B5C44
163,88,36,#0B5C45
164,88,36,#0B5C46
165,88,36,#0B5C48
166,88,36,#0B5C49
167,88,36,#0B5C4A
168,88,36,#0B5C4C
169,88,36,#0B5C4D
170,88,36,#0B5C4E
171,88,36,#0B5C50
172,88,36,#0B5C51
173,88,36,#0B5C52
174,88,36,#0B5C54
175,88,36,#0B5C55
176,88,36,#0B5C56
177,88,36,#0B5C58
178,88,36,#0B5C59
179,88,36,#0B5C5A
180,88,36,#0B5C5C
181,88,36,#0B5A5C
182,88,36,#0B595C
183,88,36,#0B585C
184,88,36,#0B565C
185,88,36,#0B555C
186,88,36,#0B545C
187,88,36,#0B525C
188,88,36,#0B515C
189,88,36,#0B505C
190,88,36,#0B4E5C
191,88,36,#0B4D5C
192,88,36,#0B4C5C
193,88,36,#0B4A5C
194,88,36,#0B495C
195,88,36,#0B485C
196,88,36,#0B465C
197,88,36,#0B455C
198,88,36,#0B445C
199,88,36,#0B425C
200,88,36,#0B415C
201,88,36,#0B405C
202,88,36,#0B3E5C
203,88,36,#0B3D5C
204,88,36,#0B3B5C
205,88,36,#0B3A5C
206,88,36,#0B395C
207,88,36,#0B375C
208,88,36,#0B365C
209,88,36,#0B355C
210,88,36,#0B335C
211,88,36,#0B325C
212,88,36,#0B315C
213,88,36,#0B2F5C
214,88,36,#0B2E5C
215,88,36,#0B2D5C
216,88,36,#0B2B5C
217,88,36,#0B2A5C
218,88,36,#0B295C
219,88,36,#0B275C
220,88,36,#0B265C
221,88,36,#0B255C
222,88,36,#0B235C
223,88,36,#0B225C
224,88,36,#0B215C
225,88,36,#0B1F5C
226,88,36,#0B1E5C
227,88,36,#0B1D5C
228,88,36,#0B1B5C
229,88,36,#0B1A5C
230,88,36,#0B185C
231,88,36,#0B175C
232,88,36,#0B165C
233,88,36,#0B145C
234,88,36,#0B135C
235,88,36,#0B125C
236,88,36,#0B105C
237,88,36,#0B0F5C
238,88,36,#0B0E5C
239,88,36,#0B0C5C
240,88,36,#0B0B5C
241,88,36,#0C0B5C
242,88,36,#0E0B5C
243,88,36,#0F0B5C
244,88,36,#100B5C
245,88,36,#120B5C
246,88,36,#130B5C
247,88,36,#140B5C
248,88,36,#160B5C
249,88,36,#170B5C
250,88,36,#180B5C
251,88,36,#1A0B5C
252,88,36,#1B0B5C
253,88,36,#1D0B5C
254,88,36,#1E0B5C
255,88,36,#1F0B5C
256,88,36,#210B5C
257,88,36,#220B5C
258,88,36,#230B5C
259,88,36,#250B5C
260,88,36,#260B5C
261,88,36,#270B5C
262,88,36,#290B5C
263,88,36,#2A0B5C
264,88,36,#2B0B5C
265,88,36,#2D0B5C
266,88,36,#2E0B5C
267,88,36,#2F0B5C
268,88,36,#310B5C
269,88,36,#320B5C
270,88,36,#330B5C
271,88,36,#350B5C
272,88,36,#360B5C
273,88,36,#370B5C
274,88,36,#390B5C
275,88,36,#3A0B5C
276,88,36,#3B0B5C
277,88,36,#3D0B5C
278,88,36,#3E0B5C
279,88,36,#400B5C
280,88,36,#410B5C
281,88,36,#420B5C
282,88,36,#440B5C
283,88,36,#450B5C
284,88,36,#460B5C
285,88,36,#480B5C
286,88,36,#490B5C
287,88,36,#4A0B5C
288,88,36,#4C0B5C
289,88,36,#4D0B5C
290,88,36,#4E0B5C
291,88,36,#500B5C
292,88,36,#510B5C
293,88,36,#520B5C
294,88,36,#540B5C
295,88,36,#550B5C
296,88,36,#560B5C
297,88,36,#580B5C
298,88,36,#590B5C
299,88,36,#5A0B5C
300,88,36,#5C0B5C
301,88,36,#5C0B5A
302,88,36,#5C0B59
303,88,36,#5C0B58
304,88,36,#5C0B56
305,88,36,#5C0B55
306,88,36,#5C0B54
307,88,36,#5C0B52
308,88,36,#5C0B51
309,88,36,#5C0B50
310,88,36,#5C0B4E
311,88,36,#5C0B4D
312,88,36,#5C0B4C
313,88,36,#5C0B4A
314,88,36,#5C0B49
315,88,36,#5C0B48
316,88,36,#5C0B46
317,88,36,#5C0B45
318,88,36,#5C0B44
319,88,36,#5C0B42
320,88,36,#5C0B41
321,88,36,#5C0B40
322,88,36,#5C0B3E
323,88,36,#5C0B3D
324,88,36,#5C0B3B
325,88,36,#5C0B3A
326,88,36,#5C0B39
327,88,36,#5C0B37
328,88,36,#5C0B36
329,88,36,#5C0B35
330,88,36,#5C0B33
331,88,36,#5C0B32
332,88,36,#5C0B31
333,88,36,#5C0B2F
334,88,36,#5C0B2E
335,88,36,#5C0B2D
336,88,36,#5C0B2B
337,88,36,#5C0B2A
338,88,36,#5C0B29
339,88,36,#5C0B27
340,88,36,#5C0B26
341,88,36,#5C0B25
342,88,36,#5C0B23
343,88,36,#5C0B22
344,88,36,#5C0B21
345,88,36,#5C0B1F
346,88,36,#5C0B1E
347,88,36,#5C0B1D
348,88,36,#5C0B1B
349,88,36,#5C0B1A
350,88,36,#5C0B18
351,88,36,#5C0B17
352,88,36,#5C0B16
353,88,36,#5C0B14
354,88,36,#5C0B13
355,88,36,#5C0B12
356,88,36,#5C0B10
357,88,36,#5C0B0F
358,88,36,#5C0B0E
359,88,36,#5C0B0C
0,87,36,#5C0C0C
1,87,36,#5C0D0C
2,87,36,#5C0F0C
3,87,36,#5C100C
4,87,36,#5C110C
5,87,36,#5C130C
6,87,36,#5C140C
7,87,36,#5C150C
8,87,36,#5C170C
9,87,36,#5C180C
10,87,36,#5C190C
11,87,36,#5C1B0C
12,87,36,#5C1C0C
13,87,36,#5C1D0C
14,87,36,#5C1F0C
15,87,36,#5C200C
16,87,36,#5C210C
17,87,36,#5C230C
18,87,36,#5C240C
19,87,36,#5C250C
20,87,36,#5C270C
21,87,36,#5C280C
22,87,36,#5C290C
23,87,36,#5C2B0C
24,87,36,#5C2C0C
25,87,36,#5C2D0C
26,87,36,#5C2F0C
27,87,36,#5C300C
28,87,36,#5C310C
29,87,36,#5C330C
30,87,36,#5C340C
31,87,36,#5C350C
32,87,36,#5C370C
33,87,36,#5C380C
34,87,36,#5C390C
35,87,36,#5C3B0C
36,87,36,#5C3C0C
37,87,36,#5C3D0C
38,87,36,#5C3F0C
39,87,36,#5C400C
40,87,36,#5C410C
41,87,36,#5C430C
42,87,36,#5C440C
43,87,36,#5C450C
44,87,36,#5C470C
45,87,36,#5C480C
46,87,36,#5C490C
47,87,36,#5C4A0C
48,87,36,#5C4C0C
49,87,36,#5C4D0C
50,87,36,#5C4E0C
51,87,36,#5C500C
52,87,36,#5C510C
53,87,36,#5C520C
54,87,36,#5C540C
55,87,36,#5C550C
56,87,36,#5C560C
57,87,36,#5C580C
58,87,36,#5C590C
59,87,36,#5C5A0C
60,87,36,#5C5C0C
61,87,36,#5A5C0C
62,87,36,#595C0C
63,87,36,#585C0C
64,87,36,#565C0C
65,87,36,#555C0C
66,87,36,#545C0C
67,87,36,#525C0C
68,87,36,#515C0C
69,87,36,#505C0C
70,87,36,#4E5C0C
71,87,36,#4D5C0C
72,87,36,#4C5C0C
73,87,36,#4A5C0C
74,87,36,#495C0C
75,87,36,#485C0C
76,87,36,#475C0C
77,87,36,#455C0C
78,87,36,#445C0C
79,87,36,#435C0C
80,87,36,#415C0C
81,87,36,#405C0C
82,87,36,#3F5C0C
83,87,36,#3D5C0C
84,87,36,#3C5C0C
85,87,36,#3B5C0C
86,87,36,#395C0C
87,87,36,#385C0C
88,87,36,#375C0C
89,87,36,#355C0C
90,87,36,#345C0C
91,87,36,#335C0C
92,87,36,#315C0C
93,87,36,#305C0C
94,87,36,#2F5C0C
95,87,36,#2D5C0C
96,87,36,#2C5C0C
97,87,36,#2B5C0C
98,87,36,#295C0C
99,87,36,#285C0C
100,87,36,#275C0C
101,87,36,#255C0C
102,87,36,#245C0C
103,87,36,#235C0C
104,87,36,#215C0C
105,87,36,#205C0C
106,87,36,#1F5C0C
107,87,36,#1D5C0C
108,87,36,#1C5C0C
109,87,36,#1B5C0C
110,87,36,#195C0C
111,87,36,#185C0C
112,87,36,#175C0C
113,87,36,#155C0C
114,87,36,#145C0C
115,87,36,#135C0C
116,87,36,#115C0C
117,87,36,#105C0C
118,87,36,#0F5C0C
119,87,36,#0D5C0C
120,87,36,#0C5C0C
121,87,36,#0C5C0D
122,87,36,#0C5C0F
123,87,36,#0C5C10
124,87,36,#0C5C11
125,87,36,#0C5C13
126,87,36,#0C5C14
127,87,36,#0C5C15
128,87,36,#0C5C17
129,87,36,#0C5C18
130,87,36,#0C5C19
131,87,36,#0C5C1B
132,87,36,#0C5C1C
133,87,36,#0C5C1D
134,87,36,#0C5C1F
135,87,36,#0C5C20
136,87,36,#0C5C21
137,87,36,#0C5C23
138,87,36,#0C5C24
139,87,36,#0C5C25
140,87,36,#0C5C27
141,87,36,#0C5C28
142,87,36,#0C5C29
143,87,36,#0C5C2B
144,87,36,#0C5C2C
145,87,36,#0C5C2D
146,87,36,#0C5C2F
147,87,36,#0C5C30
148,87,36,#0C5C31
149,87,36,#0C5C33
150,87,36,#0C5C34
151,87,36,#0C5C35
152,87,36,#0C5C37
153,87,36,#0C5C38
154,87,36,#0C5C39
155,87,36,#0C5C3B
156,87,36,#0C5C3C
157,87,36,#0C5C3D
158,87,36,#0C5C3F
159,87,36,#0C5C40
160,87,36,#0C5C41
161,87,36,#0C5C43
162,87,36,#0C5C44
163,87,36,#0C5C45
164,87,36,#0C5C47
165,87,36,#0C5C48
166,87,36,#0C5C49
167,87,36,#0C5C4A
168,87,36,#0C5C4C
169,87,36,#0C5C4D
170,87,36,#0C5C4E
171,87,36,#0C5C50
172,87,36,#0C5C51
173,87,36,#0C5C52
174,87,36,#0C5C54
175,87,36,#0C5C55
176,87,36,#0C5C56
177,87,36,#0C5C58
178,87,36,#0C5C59
179,87,36,#0C5C5A
180,87,36,#0C5C5C
181,87,36,#0C5A5C
182,87,36,#0C595C
183,87,36,#0C585C
184,87,36,#0C565C
185,87,36,#0C555C
186,87,36,#0C545C
187,87,36,#0C525C
188,87,36,#0C515C
189,87,36,#0C505C
190,87,36,#0C4E5C
191,87,36,#0C4D5C
192,87,36,#0C4C5C
193,87,36,#0C4A5C
194,87,36,#0C495C
195,87,36,#0C485C
196,87,36,#0C475C
197,87,36,#0C455C
198,87,36,#0C445C
199,87,36,#0C435C
200,87,36,#0C415C
201,87,36,#0C405C
202,87,36,#0C3F5C
203,87,36,#0C3D5C
204,87,36,#0C3C5C
205,87,36,#0C3B5C
206,87,36,#0C395C
207,87,36,#0C385C
208,87,36,#0C375C
209,87,36,#0C355C
210,87,36,#0C345C
211,87,36,#0C335C
212,87,36,#0C315C
213,87,36,#0C305C
214,87,36,#0C2F5C
215,87,36,#0C2D5C
216,87,36,#0C2C5C
217,87,36,#0C2B5C
218,87,36,#0C295C
219,87,36,#0C285C
220,87,36,#0C275C
221,87,36,#0C255C
222,87,36,#0C245C
223,87,36,#0C235C
224,87,36,#0C215C
225,87,36,#0C205C
226,87,36,#0C1F5C
227,87,36,#0C1D5C
228,87,36,#0C1C5C
229,87,36,#0C1B5C
230,87,36,#0C195C
231,87,36,#0C185C
232,87,36,#0C175C
233,87,36,#0C155C
234,87,36,#0C145C
235,87,36,#0C135C
236,87,36,#0C115C
237,87,36,#0C105C
238,87,36,#0C0F5C
239,87,36,#0C0D5C
240,87,36,#0C0C5C
241,87,36,#0D0C5C
242,87,36,#0F0C5C
243,87,36,#100C5C
244,87,36,#110C5C
245,87,36,#130C5C
246,87,36,#140C5C
247,87,36,#150C5C
248,87,36,#170C5C
249,87,36,#180C5C
250,87,36,#190C5C
251,87,36,#1B0C5C
252,87,36,#1C0C5C
253,87,36,#1D0C5C
254,87,36,#1F0C5C
255,87,36,#200C5C
256,87,36,#210C5C
257,87,36,#230C5C
258,87,36,#240C5C
259,87,36,#250C5C
260,87,36,#270C5C
261,87,36,#280C5C
262,87,36,#290C5C
263,87,36,#2B0C5C
264,87,36,#2C0C5C
265,87,36,#2D0C5C
266,87,36,#2F0C5C
267,87,36,#300C5C
268,87,36,#310C5C
269,87,36,#330C5C
270,87,36,#340C5C
271,87,36,#350C5C
272,87,36,#370C5C
273,87,36,#380C5C
274,87,36,#390C5C
275,87,36,#3B0C5C
276,87,36,#3C0C5C
277,87,36,#3D0C5C
278,87,36,#3F0C5C
279,87,36,#400C5C
280,87,36,#410C5C
281,87,36,#430C5C
282,87,36,#440C5C
283,87,36,#450C5C
284,87,36,#470C5C
285,87,36,#480C5C
286,87,36,#490C5C
287,87,36,#4A0C5C
288,87,36,#4C0C5C
289,87,36,#4D0C5C
290,87,36,#4E0C5C
291,87,36,#500C5C
292,87,36,#510C5C
293,87,36,#520C5C
294,87,36,#540C5C
295,87,36,#550C5C
296,87,36,#560C5C
297,87,36,#580C5C
298,87,36,#590C5C
299,87,36,#5A0C5C
300,87,36,#5C0C5C
301,87,36,#5C0C5A
302,87,36,#5C0C59
303,87,36,#5C0C58
304,87,36,#5C0C56
305,87,36,#5C0C55
306,87,36,#5C0C54
307,87,36,#5C0C52
308,87,36,#5C0C51
309,87,36,#5C0C50
310,87,36,#5C0C4E
311,87,36,#5C0C4D
312,87,36,#5C0C4C
313,87,36,#5C0C4A
314,87,36,#5C0C49
315,87,36,#5C0C48
316,87,36,#5C0C47
317,87,36,#5C0C45
318,87,36,#5C0C44
319,87,36,#5C0C43
320,87,36,#5C0C41
321,87,36,#5C0C40
322,87,36,#5C0C3F
323,87,36,#5C0C3D
324,87,36,#5C0C3C
325,87,36,#5C0C3B
326,87,36,#5C0C39
327,87,36,#5C0C38
328,87,36,#5C0C37
329,87,36,#5C0C35
330,87,36,#5C0C34
331,87,36,#5C0C33
332,87,36,#5C0C31
333,87,36,#5C0C30
334,87,36,#5C0C2F
335,87,36,#5C0C2D
336,87,36,#5C0C2C
337,87,36,#5C0C2B
338,87,36,#5C0C29
339,87,36,#5C0C28
340,87,36,#5C0C27
341,87,36,#5C0C25
342,87,36,#5C0C24
343,87,36,#5C0C23
344,87,36,#5C0C21
345,87,36,#5C0C20
346,87,36,#5C0C1F
347,87,36,#5C0C1D
348,87,36,#5C0C1C
349,87,36,#5C0C1B
350,87,36,#5C0C19
351,87,36,#5C0C18
352,87,36,#5C0C17
353,87,36,#5C0C15
354,87,36,#5C0C14
355,87,36,#5C0C13
356,87,36,#5C0C11
357,87,36,#5C0C10
358,87,36,#5C0C0F
359,87,36,#5C0C0D
0,86,36,#5C0D0D
1,86,36,#5C0E0D
2,86,36,#5C0F0D
3,86,36,#5C110D
4,86,36,#5C120D
5,86,36,#5C130D
6,86,36,#5C150D
7,86,36,#5C160D
8,86,36,#5C170D
9,86,36,#5C190D
10,86,36,#5C1A0D
11,86,36,#5C1B0D
12,86,36,#5C1D0D
13,86,36,#5C1E0D
14,86,36,#5C1F0D
15,86,36,#5C210D
16,86,36,#5C220D
17,86,36,#5C230D
18,86,36,#5C250D
19,86,36,#5C260D
20,86,36,#5C270D
21,86,36,#5C280D
22,86,36,#5C2A0D
23,86,36,#5C2B0D
24,86,36,#5C2C0D
25,86,36,#5C2E0D
26,86,36,#5C2F0D
27,86,36,#5C300D
28,86,36,#5C320D
29,86,36,#5C330D
30,86,36,#5C340D
31,86,36,#5C360D
32,86,36,#5C370D
33,86,36,#5C380D
34,86,36,#5C3A0D
35,86,36,#5C3B0D
36,86,36,#5C3C0D
37,86,36,#5C3E0D
38,86,36,#5C3F0D
39,86,36,#5C400D
40,86,36,#5C410D
41,86,36,#5C430D
42,86,36,#5C440D
43,86,36,#5C450D
44,86,36,#5C470D
45,86,36,#5C480D
46,86,36,#5C490D
47,86,36,#5C4B0D
48,86,36,#5C4C0D
49,86,36,#5C4D0D
50,86,36,#5C4F0D
51,86,36,#5C500D
52,86,36,#5C510D
53,86,36,#5C530D
54,86,36,#5C540D
55,86,36,#5C550D
56,86,36,#5C570D
57,86,36,#5C580D
58,86,36,#5C590D
59,86,36,#5C5A0D
60,86,36,#5C5C0D
61,86,36,#5A5C0D
62,86,36,#595C0D
63,86,36,#585C0D
64,86,36,#575C0D
65,86,36,#555C0D
66,86,36,#545C0D
67,86,36,#535C0D
68,86,36,#515C0D
69,86,36,#505C0D
70,86,36,#4F5C0D
71,86,36,#4D5C0D
72,86,36,#4C5C0D
73,86,36,#4B5C0D
74,86,36,#495C0D
75,86,36,#485C0D
76,86,36,#475C0D
77,86,36,#455C0D
78,86,36,#445C0D
79,86,36,#435C0D
80,86,36,#415C0D
81,86,36,#405C0D
82,86,36,#3F5C0D
83,86,36,#3E5C0D
84,86,36,#3C5C0D
85,86,36,#3B5C0D
86,86,36,#3A5C0D
87,86,36,#385C0D
88,86,36,#375C0D
89,86,36,#365C0D
90,86,36,#345C0D
91,86,36,#335C0D
92,86,36,#325C0D
93,86,36,#305C0D
94,86,36,#2F5C0D
95,86,36,#2E5C0D
96,86,36,#2C5C0D
97,86,36,#2B5C0D
98,86,36,#2A5C0D
99,86,36,#285C0D
100,86,36,#275C0D
101,86,36,#265C0D
102,86,36,#255C0D
103,86,36,#235C0D
104,86,36,#225C0D
105,86,36,#215C0D
106,86,36,#1F5C0D
107,86,36,#1E5C0D
108,86,36,#1D5C0D
109,86,36,#1B5C0D
110,86,36,#1A5C0D
111,86,36,#195C0D
112,86,36,#175C0D
113,86,36,#165C0D
114,86,36,#155C0D
115,86,36,#135C0D
116,86,36,#125C0D
117,86,36,#115C0D
118,86,36,#0F5C0D
119,86,36,#0E5C0D
120,86,36,#0D5C0D
121,86,36,#0D5C0E
122,86,36,#0D5C0F
123,86,36,#0D5C11
124,86,36,#0D5C12
125,86,36,#0D5C13
126,86,36,#0D5C15
127,86,36,#0D5C16
128,86,36,#0D5C17
129,86,36,#0D5C19
130,86,36,#0D5C1A
131,86,36,#0D5C1B
132,86,36,#0D5C1D
133,86,36,#0D5C1E
134,86,36,#0D5C1F
135,86,36,#0D5C21
136,86,36,#0D5C22
137,86,36,#0D5C23
138,86,36,#0D5C25
139,86,36,#0D5C26
140,86,36,#0D5C27
141,86,36,#0D5C28
142,86,36,#0D5C2A
143,86,36,#0D5C2B
144,86,36,#0D5C2C
145,86,36,#0D5C2E
146,86,36,#0D5C2F
147,86,36,#0D5C30
148,86,36,#0D5C32
149,86,36,#0D5C33
150,86,36,#0D5C34
151,86,36,#0D5C36
152,86,36,#0D5C37
153,86,36,#0D5C38
154,86,36,#0D5C3A
155,86,36,#0D5C3B
156,86,36,#0D5C3C
157,86,36,#0D5C3E
158,86,36,#0D5C3F
159,86,36,#0D5C40
160,86,36,#0D5C41
161,86,36,#0D5C43
162,86,36,#0D5C44
163,86,36,#0D5C45
164,86,36,#0D5C47
165,86,36,#0D5C48
166,86,36,#0D5C49
167,86,36,#0D5C4B
168,86,36,#0D5C4C
169,86,36,#0D5C4D
170,86,36,#0D5C4F
171,86,36,#0D5C50
172,86,36,#0D5C51
173,86,36,#0D5C53
174,86,36,#0D5C54
175,86,36,#0D5C55
176,86,36,#0D5C57
177,86,36,#0D5C58
178,86,36,#0D5C59
179,86,36,#0D5C5A
180,86,36,#0D5C5C
181,86,36,#0D5A5C
182,86,36,#0D595C
183,86,36,#0D585C
184,86,36,#0D575C
185,86,36,#0D555C
186,86,36,#0D545C
187,86,36,#0D535C
188,86,36,#0D515C
189,86,36,#0D505C
190,86,36,#0D4F5C
191,86,36,#0D4D5C
192,86,36,#0D4C5C
193,86,36,#0D4B5C
194,86,36,#0D495C
195,86,36,#0D485C
196,86,36,#0D475C
197,86,36,#0D455C
198,86,36,#0D445C
199,86,36,#0D435C
200,86,36,#0D415C
201,86,36,#0D405C
202,86,36,#0D3F5C
203,86,36,#0D3E5C
204,86,36,#0D3C5C
205,86,36,#0D3B5C
206,86,36,#0D3A5C
207,86,36,#0D385C
208,86,36,#0D375C
209,86,36,#0D365C
210,86,36,#0D345C
211,86,36,#0D335C
212,86,36,#0D325C
213,86,36,#0D305C
214,86,36,#0D2F5C
215,86,36,#0D2E5C
216,86,36,#0D2C5C
217,86,36,#0D2B5C
218,86,36,#0D2A5C
219,86,36,#0D285C
220,86,36,#0D275C
221,86,36,#0D265C
222,86,36,#0D255C
223,86,36,#0D235C
224,86,36,#0D225C
225,86,36,#0D215C
226,86,36,#0D1F5C
227,86,36,#0D1E5C
228,86,36,#0D1D5C
229,86,36,#0D1B5C
230,86,36,#0D1A5C
231,86,36,#0D195C
232,86,36,#0D175C
233,86,36,#0D165C
234,86,36,#0D155C
235,86,36,#0D135C
236,86,36,#0D125C
237,86,36,#0D115C
238,86,36,#0D0F5C
239,86,36,#0D0E5C
240,86,36,#0D0D5C
241,86,36,#0E0D5C
242,86,36,#0F0D5C
243,86,36,#110D5C
244,86,36,#120D5C
245,86,36,#130D5C
246,86,36,#150D5C
247,86,36,#160D5C
248,86,36,#170D5C
249,86,36,#190D5C
250,86,36,#1A0D5C
251,86,36,#1B0D5C
252,86,36,#1D0D5C
253,86,36,#1E0D5C
254,86,36,#1F0D5C
255,86,36,#210D5C
256,86,36,#220D5C
257,86,36,#230D5C
258,86,36,#250D5C
259,86,36,#260D5C
260,86,36,#270D5C
261,86,36,#280D5C
262,86,36,#2A0D5C
263,86,36,#2B0D5C
264,86,36,#2C0D5C
265,86,36,#2E0D5C
266,86,36,#2F0D5C
267,86,36,#300D5C
268,86,36,#320D5C
269,86,36,#330D5C
270,86,36,#340D5C
271,86,36,#360D5C
272,86,36,#370D5C
273,86,36,#380D5C
274,86,36,#3A0D5C
275,86,36,#3B0D5C
276,86,36,#3C0D5C
277,86,36,#3E0D5C
278,86,36,#3F0D5C
279,86,36,#400D5C
280,86,36,#410D5C
281,86,36,#430D5C
282,86,36,#440D5C
283,86,36,#450D5C
284,86,36,#470D5C
285,86,36,#480D5C
286,86,36,#490D5C
287,86,36,#4B0D5C
288,86,36,#4C0D5C
289,86,36,#4D0D5C
290,86,36,#4F0D5C
291,86,36,#500D5C
292,86,36,#510D5C
293,86,36,#530D5C
294,86,36,#540D5C
295,86,36,#550D5C
296,86,36,#570D5C
297,86,36,#580D5C
298,86,36,#590D5C
299,86,36,#5A0D5C
300,86,36,#5C0D5C
301,86,36,#5C0D5A
302,86,36,#5C0D59
303,86,36,#5C0D58
304,86,36,#5C0D57
305,86,36,#5C0D55
306,86,36,#5C0D54
307,86,36,#5C0D53
308,86,36,#5C0D51
309,86,36,#5C0D50
310,86,36,#5C0D4F
311,86,36,#5C0D4D
312,86,36,#5C0D4C
313,86,36,#5C0D4B
314,86,36,#5C0D49
315,86,36,#5C0D48
316,86,36,#5C0D47
317,86,36,#5C0D45
318,86,36,#5C0D44
319,86,36,#5C0D43
320,86,36,#5C0D41
321,86,36,#5C0D40
322,86,36,#5C0D3F
323,86,36,#5C0D3E
324,86,36,#5C0D3C
325,86,36,#5C0D3B
326,86,36,#5C0D3A
327,86,36,#5C0D38
328,86,36,#5C0D37
329,86,36,#5C0D36
330,86,36,#5C0D34
331,86,36,#5C0D33
332,86,36,#5C0D32
333,86,36,#5C0D30
334,86,36,#5C0D2F
335,86,36,#5C0D2E
336,86,36,#5C0D2C
337,86,36,#5C0D2B
338,86,36,#5C0D2A
339,86,36,#5C0D28
340,86,36,#5C0D27
341,86,36,#5C0D26
342,86,36,#5C0D25
343,86,36,#5C0D23
344,86,36,#5C0D22
345,86,36,#5C0D21
346,86,36,#5C0D1F
347,86,36,#5C0D1E
348,86,36,#5C0D1D
349,86,36,#5C0D1B
350,86,36,#5C0D1A
351,86,36,#5C0D19
352,86,36,#5C0D17
353,86,36,#5C0D16
354,86,36,#5C0D15
355,86,36,#5C0D13
356,86,36,#5C0D12
357,86,36,#5C0D11
358,86,36,#5C0D0F
359,86,36,#5C0D0E
0,85,36,#5C0E0E
1,85,36,#5C0F0E
2,85,36,#5C100E
3,85,36,#5C120E
4,85,36,#5C130E
5,85,36,#5C140E
6,85,36,#5C160E
7,85,36,#5C170E
8,85,36,#5C180E
9,85,36,#5C190E
10,85,36,#5C1B0E
11,85,36,#5C1C0E
12,85,36,#5C1D0E
13,85,36,#5C1F0E
14,85,36,#5C200E
15,85,36,#5C210E
16,85,36,#5C230E
17,85,36,#5C240E
18,85,36,#5C250E
19,85,36,#5C260E
20,85,36,#5C280E
21,85,36,#5C290E
22,85,36,#5C2A0E
23,85,36,#5C2C0E
24,85,36,#5C2D0E
25,85,36,#5C2E0E
26,85,36,#5C300E
27,85,36,#5C310E
28,85,36,#5C320E
29,85,36,#5C330E
30,85,36,#5C350E
31,85,36,#5C360E
32,85,36,#5C370E
33,85,36,#5C390E
34,85,36,#5C3A0E
35,85,36,#5C3B0E
36,85,36,#5C3D0E
37,85,36,#5C3E0E
38,85,36,#5C3F0E
39,85,36,#5C400E
40,85,36,#5C420E
41,85,36,#5C430E
42,85,36,#5C440E
43,85,36,#5C460E
44,85,36,#5C470E
45,85,36,#5C480E
46,85,36,#5C4A0E
47,85,36,#5C4B0E
48,85,36,#5C4C0E
49,85,36,#5C4D0E
50,85,36,#5C4F0E
51,85,36,#5C500E
52,85,36,#5C510E
53,85,36,#5C530E
54,85,36,#5C540E
55,85,36,#5C550E
56,85,36,#5C570E
57,85,36,#5C580E
58,85,36,#5C590E
59,85,36,#5C5A0E
60,85,36,#5C5C0E
61,85,36,#5A5C0E
62,85,36,#595C0E
63,85,36,#585C0E
64,85,36,#575C0E
65,85,36,#555C0E
66,85,36,#545C0E
67,85,36,#535C0E
68,85,36,#515C0E
69,85,36,#505C0E
70,85,36,#4F5C0E
71,85,36,#4D5C0E
72,85,36,#4C5C0E
73,85,36,#4B5C0E
74,85,36,#4A5C0E
75,85,36,#485C0E
76,85,36,#475C0E
77,85,36,#465C0E
78,85,36,#445C0E
79,85,36,#435C0E
80,85,36,#425C0E
81,85,36,#405C0E
82,85,36,#3F5C0E
83,85,36,#3E5C0E
84,85,36,#3D5C0E
85,85,36,#3B5C0E
86,85,36,#3A5C0E
87,85,36,#395C0E
88,85,36,#375C0E
89,85,36,#365C0E
90,85,36,#355C0E
91,85,36,#335C0E
92,85,36,#325C0E
93,85,36,#315C0E
94,85,36,#305C0E
95,85,36,#2E5C0E
96,85,36,#2D5C0E
97,85,36,#2C5C0E
98,85,36,#2A5C0E
99,85,36,#295C0E
100,85,36,#285C0E
101,85,36,#265C0E
102,85,36,#255C0E
103,85,36,#245C0E
104,85,36,#235C0E
105,85,36,#215C0E
106,85,36,#205C0E
107,85,36,#1F5C0E
108,85,36,#1D5C0E
109,85,36,#1C5C0E
110,85,36,#1B5C0E
111,85,36,#195C0E
112,85,36,#185C0E
113,85,36,#175C0E
114,85,36,#165C0E
115,85,36,#145C0E
116,85,36,#135C0E
117,85,36,#125C0E
118,85,36,#105C0E
119,85,36,#0F5C0E
120,85,36,#0E5C0E
121,85,36,#0E5C0F
122,85,36,#0E5C10
123,85,36,#0E5C12
124,85,36,#0E5C13
125,85,36,#0E5C14
126,85,36,#0E5C16
127,85,36,#0E5C17
128,85,36,#0E5C18
129,85,36,#0E5C19
130,85,36,#0E5C1B
131,85,36,#0E5C1C
132,85,36,#0E5C1D
133,85,36,#0E5C1F
134,85,36,#0E5C20
135,85,36,#0E5C21
136,85,36,#0E5C23
137,85,36,#0E5C24
138,85,36,#0E5C25
139,85,36,#0E5C26
140,85,36,#0E5C28
141,85,36,#0E5C29
142,85,36,#0E5C2A
143,85,36,#0E5C2C
144,85,36,#0E5C2D
145,85,36,#0E5C2E
146,85,36,#0E5C30
147,85,36,#0E5C31
148,85,36,#0E5C32
149,85,36,#0E5C33
150,85,36,#0E5C35
151,85,36,#0E5C36
152,85,36,#0E5C37
153,85,36,#0E5C39
154,85,36,#0E5C3A
155,85,36,#0E5C3B
156,85,36,#0E5C3D
157,85,36,#0E5C3E
158,85,36,#0E5C3F
159,85,36,#0E5C40
160,85,36,#0E5C42
161,85,36,#0E5C43
162,85,36,#0E5C44
163,85,36,#0E5C46
164,85,36,#0E5C47
165,85,36,#0E5C48
166,85,36,#0E5C4A
167,85,36,#0E5C4B
168,85,36,#0E5C4C
169,85,36,#0E5C4D
170,85,36,#0E5C4F
171,85,36,#0E5C50
172,85,36,#0E5C51
173,85,36,#0E5C53
174,85,36,#0E5C54
175,85,36,#0E5C55
176,85,36,#0E5C57
177,85,36,#0E5C58
178,85,36,#0E5C59
179,85,36,#0E5C5A
180,85,36,#0E5C5C
181,85,36,#0E5A5C
182,85,36,#0E595C
183,85,36,#0E585C
184,85,36,#0E575C
185,85,36,#0E555C
186,85,36,#0E545C
187,85,36,#0E535C
188,85,36,#0E515C
189,85,36,#0E505C
190,85,36,#0E4F5C
191,85,36,#0E4D5C
192,85,36,#0E4C5C
193,85,36,#0E4B5C
194,85,36,#0E4A5C
195,85,36,#0E485C
196,85,36,#0E475C
197,85,36,#0E465C
198,85,36,#0E445C
199,85,36,#0E435C
200,85,36,#0E425C
201,85,36,#0E405C
202,85,36,#0E3F5C
203,85,36,#0E3E5C
204,85,36,#0E3D5C
205,85,36,#0E3B5C
206,85,36,#0E3A5C
207,85,36,#0E395C
208,85,36,#0E375C
209,85,36,#0E365C
210,85,36,#0E355C
211,85,36,#0E335C
212,85,36,#0E325C
213,85,36,#0E315C
214,85,36,#0E305C
215,85,36,#0E2E5C
216,85,36,#0E2D5C
217,85,36,#0E2C5C
218,85,36,#0E2A5C
219,85,36,#0E295C
220,85,36,#0E285C
221,85,36,#0E265C
222,85,36,#0E255C
223,85,36,#0E245C
224,85,36,#0E235C
225,85,36,#0E215C
226,85,36,#0E205C
227,85,36,#0E1F5C
228,85,36,#0E1D5C
229,85,36,#0E1C5C
230,85,36,#0E1B5C
231,85,36,#0E195C
232,85,36,#0E185C
233,85,36,#0E175C
234,85,36,#0E165C
235,85,36,#0E145C
236,85,36,#0E135C
237,85,36,#0E125C
238,85,36,#0E105C
239,85,36,#0E0F5C
240,85,36,#0E0E5C
241,85,36,#0F0E5C
242,85,36,#100E5C
243,85,36,#120E5C
244,85,36,#130E5C
245,85,36,#140E5C
246,85,36,#160E5C
247,85,36,#170E5C
248,85,36,#180E5C
249,85,36,#190E5C
250,85,36,#1B0E5C
251,85,36,#1C0E5C
252,85,36,#1D0E5C
253,85,36,#1F0E5C
254,85,36,#200E5C
255,85,36,#210E5C
256,85,36,#230E5C
257,85,36,#240E5C
258,85,36,#250E5C
259,85,36,#260E5C
260,85,36,#280E5C
261,85,36,#290E5C
262,85,36,#2A0E5C
263,85,36,#2C0E5C
264,85,36,#2D0E5C
265,85,36,#2E0E5C
266,85,36,#300E5C
267,85,36,#310E5C
268,85,36,#320E5C
269,85,36,#330E5C
270,85,36,#350E5C
271,85,36,#360E5C
272,85,36,#370E5C
273,85,36,#390E5C
274,85,36,#3A0E5C
275,85,36,#3B0E5C
276,85,36,#3D0E5C
277,85,36,#3E0E5C
278,85,36,#3F0E5C
279,85,36,#400E5C
280,85,36,#420E5C
281,85,36,#430E5C
282,85,36,#440E5C
283,85,36,#460E5C
284,85,36,#470E5C
285,85,36,#480E5C
286,85,36,#4A0E5C
287,85,36,#4B0E5C
288,85,36,#4C0E5C
289,85,36,#4D0E5C
290,85,36,#4F0E5C
291,85,36,#500E5C
292,85,36,#510E5C
293,85,36,#530E5C
294,85,36,#540E5C
295,85,36,#550E5C
296,85,36,#570E5C
297,85,36,#580E5C
298,85,36,#590E5C
299,85,36,#5A0E5C
300,85,36,#5C0E5C
301,85,36,#5C0E5A
302,85,36,#5C0E59
303,85,36,#5C0E58
304,85,36,#5C0E57
305,85,36,#5C0E55
306,85,36,#5C0E54
307,85,36,#5C0E53
308,85,36,#5C0E51
309,85,36,#5C0E50
310,85,36,#5C0E4F
311,85,36,#5C0E4D
312,85,36,#5C0E4C
313,85,36,#5C0E4B
314,85,36,#5C0E4A
315,85,36,#5C0E48
316,85,36,#5C0E47
317,85,36,#5C0E46
318,85,36,#5C0E44
319,85,36,#5C0E43
320,85,36,#5C0E42
321,85,36,#5C0E40
322,85,36,#5C0E3F
323,85,36,#5C0E3E
324,85,36,#5C0E3D
325,85,36,#5C0E3B
326,85,36,#5C0E3A
327,85,36,#5C0E39
328,85,36,#5C0E37
329,85,36,#5C0E36
330,85,36,#5C0E35
331,85,36,#5C0E33
332,85,36,#5C0E32
333,85,36,#5C0E31
334,85,36,#5C0E30
335,85,36,#5C0E2E
336,85,36,#5C0E2D
337,85,36,#5C0E2C
338,85,36,#5C0E2A
339,85,36,#5C0E29
340,85,36,#5C0E28
341,85,36,#5C0E26
342,85,36,#5C0E25
343,85,36,#5C0E24
344,85,36,#5C0E23
345,85,36,#5C0E21
346,85,36,#5C0E20
347,85,36,#5C0E1F
348,85,36,#5C0E1D
349,85,36,#5C0E1C
350,85,36,#5C0E1B
351,85,36,#5C0E19
352,85,36,#5C0E18
353,85,36,#5C0E17
354,85,36,#5C0E16
355,85,36,#5C0E14
356,85,36,#5C0E13
357,85,36,#5C0E12
358,85,36,#5C0E10
359,85,36,#5C0E0F
0,84,36,#5C0F0F
1,84,36,#5C100F
2,84,36,#5C110F
3,84,36,#5C130F
4,84,36,#5C140F
5,84,36,#5C150F
6,84,36,#5C160F
7,84,36,#5C180F
8,84,36,#5C190F
9,84,36,#5C1A0F
10,84,36,#5C1C0F
11,84,36,#5C1D0F
12,84,36,#5C1E0F
13,84,36,#5C1F0F
14,84,36,#5C210F
15,84,36,#5C220F
16,84,36,#5C230F
17,84,36,#5C250F
18,84,36,#5C260F
19,84,36,#5C270F
20,84,36,#5C280F
21,84,36,#5C2A0F
22,84,36,#5C2B0F
23,84,36,#5C2C0F
24,84,36,#5C2E0F
25,84,36,#5C2F0F
26,84,36,#5C300F
27,84,36,#5C310F
28,84,36,#5C330F
29,84,36,#5C340F
30,84,36,#5C350F
31,84,36,#5C370F
32,84,36,#5C380F
33,84,36,#5C390F
34,84,36,#5C3A0F
35,84,36,#5C3C0F
36,84,36,#5C3D0F
37,84,36,#5C3E0F
38,84,36,#5C400F
39,84,36,#5C410F
40,84,36,#5C420F
41,84,36,#5C430F
42,84,36,#5C450F
43,84,36,#5C460F
44,84,36,#5C470F
45,84,36,#5C490F
46,84,36,#5C4A0F
47,84,36,#5C4B0F
48,84,36,#5C4C0F
49,84,36,#5C4E0F
50,84,36,#5C4F0F
51,84,36,#5C500F
52,84,36,#5C520F
53,84,36,#5C530F
54,84,36,#5C540F
55,84,36,#5C550F
56,84,36,#5C570F
57,84,36,#5C580F
58,84,36,#5C590F
59,84,36,#5C5B0F
60,84,36,#5C5C0F
61,84,36,#5B5C0F
62,84,36,#595C0F
63,84,36,#585C0F
64,84,36,#575C0F
65,84,36,#555C0F
66,84,36,#545C0F
67,84,36,#535C0F
68,84,36,#525C0F
69,84,36,#505C0F
70,84,36,#4F5C0F
71,84,36,#4E5C0F
72,84,36,#4C5C0F
73,84,36,#4B5C0F
74,84,36,#4A5C0F
75,84,36,#495C0F
76,84,36,#475C0F
77,84,36,#465C0F
78,84,36,#455C0F
79,84,36,#435C0F
80,84,36,#425C0F
81,84,36,#415C0F
82,84,36,#405C0F
83,84,36,#3E5C0F
84,84,36,#3D5C0F
85,84,36,#3C5C0F
86,84,36,#3A5C0F
87,84,36,#395C0F
88,84,36,#385C0F
89,84,36,#375C0F
90,84,36,#355C0F
91,84,36,#345C0F
92,84,36,#335C0F
93,84,36,#315C0F
94,84,36,#305C0F
95,84,36,#2F5C0F
96,84,36,#2E5C0F
97,84,36,#2C5C0F
98,84,36,#2B5C0F
99,84,36,#2A5C0F
100,84,36,#285C0F
101,84,36,#275C0F
102,84,36,#265C0F
103,84,36,#255C0F
104,84,36,#235C0F
105,84,36,#225C0F
106,84,36,#215C0F
107,84,36,#1F5C0F
108,84,36,#1E5C0F
109,84,36,#1D5C0F
110,84,36,#1C5C0F
111,84,36,#1A5C0F
112,84,36,#195C0F
113,84,36,#185C0F
114,84,36,#165C0F
115,84,36,#155C0F
116,84,36,#145C0F
117,84,36,#135C0F
118,84,36,#115C0F
119,84,36,#105C0F
120,84,36,#0F5C0F
121,84,36,#0F5C10
122,84,36,#0F5C11
123,84,36,#0F5C13
124,84,36,#0F5C14
125,84,36,#0F5C15
126,84,36,#0F5C16
127,84,36,#0F5C18
128,84,36,#0F5C19
129,84,36,#0F5C1A
130,84,36,#0F5C1C
131,84,36,#0F5C1D
132,84,36,#0F5C1E
133,84,36,#0F5C1F
134,84,36,#0F5C21
135,84,36,#0F5C22
136,84,36,#0F5C23
137,84,36,#0F5C25
138,84,36,#0F5C26
139,84,36,#0F5C27
140,84,36,#0F5C28
141,84,36,#0F5C2A
142,84,36,#0F5C2B
143,84,36,#0F5C2C
144,84,36,#0F5C2E
145,84,36,#0F5C2F
146,84,36,#0F5C30
147,84,36,#0F5C31
148,84,36,#0F5C33
149,84,36,#0F5C34
150,84,36,#0F5C35
151,84,36,#0F5C37
152,84,36,#0F5C38
153,84,36,#0F5C39
154,84,36,#0F5C3A
155,84,36,#0F5C3C
156,84,36,#0F5C3D
157,84,36,#0F5C3E
158,84,36,#0F5C40
159,84,36,#0F5C41
160,84,36,#0F5C42
161,84,36,#0F5C43
162,84,36,#0F5C45
163,84,36,#0F5C46
164,84,36,#0F5C47
165,84,36,#0F5C49
166,84,36,#0F5C4A
167,84,36,#0F5C4B
168,84,36,#0F5C4C
169,84,36,#0F5C4E
170,84,36,#0F5C4F
171,84,36,#0F5C50
172,84,36,#0F5C52
173,84,36,#0F5C53
174,84,36,#0F5C54
175,84,36,#0F5C55
176,84,36,#0F5C57
177,84,36,#0F5C58
178,84,36,#0F5C59
179,84,36,#0F5C5B
180,84,36,#0F5C5C
181,84,36,#0F5B5C
182,84,36,#0F595C
183,84,36,#0F585C
184,84,36,#0F575C
185,84,36,#0F555C
186,84,36,#0F545C
187,84,36,#0F535C
188,84,36,#0F525C
189,84,36,#0F505C
190,84,36,#0F4F5C
191,84,36,#0F4E5C
192,84,36,#0F4C5C
193,84,36,#0F4B5C
194,84,36,#0F4A5C
195,84,36,#0F495C
196,84,36,#0F475C
197,84,36,#0F465C
198,84,36,#0F455C
199,84,36,#0F435C
200,84,36,#0F425C
201,84,36,#0F415C
202,84,36,#0F405C
203,84,36,#0F3E5C
204,84,36,#0F3D5C
205,84,36,#0F3C5C
206,84,36,#0F3A5C
207,84,36,#0F395C
208,84,36,#0F385C
209,84,36,#0F375C
210,84,36,#0F355C
211,84,36,#0F345C
212,84,36,#0F335C
213,84,36,#0F315C
214,84,36,#0F305C
215,84,36,#0F2F5C
216,84,36,#0F2E5C
217,84,36,#0F2C5C
218,84,36,#0F2B5C
219,84,36,#0F2A5C
220,84,36,#0F285C
221,84,36,#0F275C
222,84,36,#0F265C
223,84,36,#0F255C
224,84,36,#0F235C
225,84,36,#0F225C
226,84,36,#0F215C
227,84,36,#0F1F5C
228,84,36,#0F1E5C
229,84,36,#0F1D5C
230,84,36,#0F1C5C
231,84,36,#0F1A5C
232,84,36,#0F195C
233,84,36,#0F185C
234,84,36,#0F165C
235,84,36,#0F155C
236,84,36,#0F145C
237,84,36,#0F135C
238,84,36,#0F115C
239,84,36,#0F105C
240,84,36,#0F0F5C
241,84,36,#100F5C
242,84,36,#110F5C
243,84,36,#130F5C
244,84,36,#140F5C
245,84,36,#150F5C
246,84,36,#160F5C
247,84,36,#180F5C
248,84,36,#190F5C
249,84,36,#1A0F5C
250,84,36,#1C0F5C
251,84,36,#1D0F5C
252,84,36,#1E0F5C
253,84,36,#1F0F5C
254,84,36,#210F5C
255,84,36,#220F5C
256,84,36,#230F5C
257,84,36,#250F5C
258,84,36,#260F5C
259,84,36,#270F5C
260,84,36,#280F5C
261,84,36,#2A0F5C
262,84,36,#2B0F5C
263,84,36,#2C0F5C
264,84,36,#2E0F5C
265,84,36,#2F0F5C
266,84,36,#300F5C
267,84,36,#310F5C
268,84,36,#330F5C
269,84,36,#340F5C
270,84,36,#350F5C
271,84,36,#370F5C
272,84,36,#380F5C
273,84,36,#390F5C
274,84,36,#3A0F5C
275,84,36,#3C0F5C
276,84,36,#3D0F5C
277,84,36,#3E0F5C
278,84,36,#400F5C
279,84,36,#410F5C
280,84,36,#420F5C
281,84,36,#430F5C
282,84,36,#450F5C
283,84,36,#460F5C
284,84,36,#470F5C
285,84,36,#490F5C
286,84,36,#4A0F5C
287,84,36,#4B0F5C
288,84,36,#4C0F5C
289,84,36,#4E0F5C
290,84,36,#4F0F5C
291,84,36,#500F5C
292,84,36,#520F5C
293,84,36,#530F5C
294,84,36,#540F5C
295,84,36,#550F5C
296,84,36,#570F5C
297,84,36,#580F5C
298,84,36,#590F5C
299,84,36,#5B0F5C
300,84,36,#5C0F5C
301,84,36,#5C0F5B
302,84,36,#5C0F59
303,84,36,#5C0F58
304,84,36,#5C0F57
305,84,36,#5C0F55
306,84,36,#5C0F54
307,84,36,#5C0F53
308,84,36,#5C0F52
309,84,36,#5C0F50
310,84,36,#5C0F4F
311,84,36,#5C0F4E
312,84,36,#5C0F4C
313,84,36,#5C0F4B
314,84,36,#5C0F4A
315,84,36,#5C0F49
316,84,36,#5C0F47
317,84,36,#5C0F46
318,84,36,#5C0F45
319,84,36,#5C0F43
320,84,36,#5C0F42
321,84,36,#5C0F41
322,84,36,#5C0F40
323,84,36,#5C0F3E
324,84,36,#5C0F3D
325,84,36,#5C0F3C
326,84,36,#5C0F3A
327,84,36,#5C0F39
328,84,36,#5C0F38
329,84,36,#5C0F37
330,84,36,#5C0F35
331,84,36,#5C0F34
332,84,36,#5C0F33
333,84,36,#5C0F31
334,84,36,#5C0F30
335,84,36,#5C0F2F
336,84,36,#5C0F2E
337,84,36,#5C0F2C
338,84,36,#5C0F2B
339,84,36,#5C0F2A
340,84,36,#5C0F28
341,84,36,#5C0F27
342,84,36,#5C0F26
343,84,36,#5C0F25
344,84,36,#5C0F23
345,84,36,#5C0F22
346,84,36,#5C0F21
347,84,36,#5C0F1F
348,84,36,#5C0F1E
349,84,36,#5C0F1D
350,84,36,#5C0F1C
351,84,36,#5C0F1A
352,84,36,#5C0F19
353,84,36,#5C0F18
354,84,36,#5C0F16
355,84,36,#5C0F15
356,84,36,#5C0F14
357,84,36,#5C0F13
358,84,36,#5C0F11
359,84,36,#5C0F10
0,83,36,#5C1010
1,83,36,#5C1110
2,83,36,#5C1210
3,83,36,#5C1310
4,83,36,#5C1510
5,83,36,#5C1610
6,83,36,#5C1710
7,83,36,#5C1810
8,83,36,#5C1A10
9,83,36,#5C1B10
10,83,36,#5C1C10
11,83,36,#5C1E10
12,83,36,#5C1F10
13,83,36,#5C2010
14,83,36,#5C2110
15,83,36,#5C2310
16,83,36,#5C2410
17,83,36,#5C2510
18,83,36,#5C2610
19,83,36,#5C2810
20,83,36,#5C2910
21,83,36,#5C2A10
22,83,36,#5C2C10
23,83,36,#5C2D10
24,83,36,#5C2E10
25,83,36,#5C2F10
26,83,36,#5C3110
27,83,36,#5C3210
28,83,36,#5C3310
29,83,36,#5C3410
30,83,36,#5C3610
31,83,36,#5C3710
32,83,36,#5C3810
33,83,36,#5C3A10
34,83,36,#5C3B10
35,83,36,#5C3C10
36,83,36,#5C3D10
37,83,36,#5C3F10
38,83,36,#5C4010
39,83,36,#5C4110
40,83,36,#5C4210
41,83,36,#5C4410
42,83,36,#5C4510
43,83,36,#5C4610
44,83,36,#5C4710
45,83,36,#5C4910
46,83,36,#5C4A10
47,83,36,#5C4B10
48,83,36,#5C4D10
49,83,36,#5C4E10
50,83,36,#5C4F10
51,83,36,#5C5010
52,83,36,#5C5210
53,83,36,#5C5310
54,83,36,#5C5410
55,83,36,#5C5510
56,83,36,#5C5710
57,83,36,#5C5810
58,83,36,#5C5910
59,83,36,#5C5B10
60,83,36,#5C5C10
61,83,36,#5B5C10
62,83,36,#595C10
63,83,36,#585C10
64,83,36,#575C10
65,83,36,#555C10
66,83,36,#545C10
67,83,36,#535C10
68,83,36,#525C10
69,83,36,#505C10
70,83,36,#4F5C10
71,83,36,#4E5C10
72,83,36,#4D5C10
73,83,36,#4B5C10
74,83,36,#4A5C10
75,83,36,#495C10
76,83,36,#475C10
77,83,36,#465C10
78,83,36,#455C10
79,83,36,#445C10
80,83,36,#425C10
81,83,36,#415C10
82,83,36,#405C10
83,83,36,#3F5C10
84,83,36,#3D5C10
85,83,36,#3C5C10
86,83,36,#3B5C10
87,83,36,#3A5C10
88,83,36,#385C10
89,83,36,#375C10
90,83,36,#365C10
91,83,36,#345C10
92,83,36,#335C10
93,83,36,#325C10
94,83,36,#315C10
95,83,36,#2F5C10
96,83,36,#2E5C10
97,83,36,#2D5C10
98,83,36,#2C5C10
99,83,36,#2A5C10
100,83,36,#295C10
101,83,36,#285C10
102,83,36,#265C10
103,83,36,#255C10
104,83,36,#245C10
105,83,36,#235C10
106,83,36,#215C10
107,83,36,#205C10
108,83,36,#1F5C10
109,83,36,#1E5C10
110,83,36,#1C5C10
111,83,36,#1B5C10
112,83,36,#1A5C10
113,83,36,#185C10
114,83,36,#175C10
115,83,36,#165C10
116,83,36,#155C10
117,83,36,#135C10
118,83,36,#125C10
119,83,36,#115C10
120,83,36,#105C10
121,83,36,#105C11
122,83,36,#105C12
123,83,36,#105C13
124,83,36,#105C15
125,83,36,#105C16
126,83,36,#105C17
127,83,36,#105C18
128,83,36,#105C1A
129,83,36,#105C1B
130,83,36,#105C1C
131,83,36,#105C1E
132,83,36,#105C1F
133,83,36,#105C20
134,83,36,#105C21
135,83,36,#105C23
136,83,36,#105C24
137,83,36,#105C25
138,83,36,#105C26
139,83,36,#105C28
140,83,36,#105C29
141,83,36,#105C2A
142,83,36,#105C2C
143,83,36,#105C2D
144,83,36,#105C2E
145,83,36,#105C2F
146,83,36,#105C31
147,83,36,#105C32
148,83,36,#105C33
149,83,36,#105C34
150,83,36,#105C36
151,83,36,#105C37
152,83,36,#105C38
153,83,36,#105C3A
154,83,36,#105C3B
155,83,36,#105C3C
156,83,36,#105C3D
157,83,36,#105C3F
158,83,36,#105C40
159,83,36,#105C41
160,83,36,#105C42
161,83,36,#105C44
162,83,36,#105C45
163,83,36,#105C46
164,83,36,#105C47
165,83,36,#105C49
166,83,36,#105C4A
167,83,36,#105C4B
168,83,36,#105C4D
169,83,36,#105C4E
170,83,36,#105C4F
171,83,36,#105C50
172,83,36,#105C52
173,83,36,#105C53
174,83,36,#105C54
175,83,36,#105C55
176,83,36,#105C57
177,83,36,#105C58
178,83,36,#105C59
179,83,36,#105C5B
180,83,36,#105C5C
181,83,36,#105B5C
182,83,36,#10595C
183,83,36,#10585C
184,83,36,#10575C
185,83,36,#10555C
186,83,36,#10545C
187,83,36,#10535C
188,83,36,#10525C
189,83,36,#10505C
190,83,36,#104F5C
191,83,36,#104E5C
192,83,36,#104D5C
193,83,36,#104B5C
194,83,36,#104A5C
195,83,36,#10495C
196,83,36,#10475C
197,83,36,#10465C
198,83,36,#10455C
199,83,36,#10445C
200,83,36,#10425C
201,83,36,#10415C
202,83,36,#10405C
203,83,36,#103F5C
204,83,36,#103D5C
205,83,36,#103C5C
206,83,36,#103B5C
207,83,36,#103A5C
208,83,36,#10385C
209,83,36,#10375C
210,83,36,#10365C
211,83,36,#10345C
212,83,36,#10335C
213,83,36,#10325C
214,83,36,#10315C
215,83,36,#102F5C
216,83,36,#102E5C
217,83,36,#102D5C
218,83,36,#102C5C
219,83,36,#102A5C
220,83,36,#10295C
221,83,36,#10285C
222,83,36,#10265C
223,83,36,#10255C
224,83,36,#10245C
225,83,36,#10235C
226,83,36,#10215C
227,83,36,#10205C
228,83,36,#101F5C
229,83,36,#101E5C
230,83,36,#101C5C
231,83,36,#101B5C
232,83,36,#101A5C
233,83,36,#10185C
234,83,36,#10175C
235,83,36,#10165C
236,83,36,#10155C
237,83,36,#10135C
238,83,36,#10125C
239,83,36,#10115C
240,83,36,#10105C
241,83,36,#11105C
242,83,36,#12105C
243,83,36,#13105C
244,83,36,#15105C
245,83,36,#16105C
246,83,36,#17105C
247,83,36,#18105C
248,83,36,#1A105C
249,83,36,#1B105C
250,83,36,#1C105C
251,83,36,#1E105C
252,83,36,#1F105C
253,83,36,#20105C
254,83,36,#21105C
255,83,36,#23105C
256,83,36,#24105C
257,83,36,#25105C
258,83,36,#26105C
259,83,36,#28105C
260,83,36,#29105C
261,83,36,#2A105C
262,83,36,#2C105C
263,83,36,#2D105C
264,83,36,#2E105C
265,83,36,#2F105C
266,83,36,#31105C
267,83,36,#32105C
268,83,36,#33105C
269,83,36,#34105C
270,83,36,#36105C
271,83,36,#37105C
272,83,36,#38105C
273,83,36,#3A105C
274,83,36,#3B105C
275,83,36,#3C105C
276,83,36,#3D105C
277,83,36,#3F105C
278,83,36,#40105C
279,83,36,#41105C
280,83,36,#42105C
281,83,36,#44105C
282,83,36,#45105C
283,83,36,#46105C
284,83,36,#47105C
285,83,36,#49105C
286,83,36,#4A105C
287,83,36,#4B105C
288,83,36,#4D105C
289,83,36,#4E105C
290,83,36,#4F105C
291,83,36,#50105C
292,83,36,#52105C
293,83,36,#53105C
294,83,36,#54105C
295,83,36,#55105C
296,83,36,#57105C
297,83,36,#58105C
298,83,36,#59105C
299,83,36,#5B105C
300,83,36,#5C105C
301,83,36,#5C105B
302,83,36,#5C1059
303,83,36,#5C1058
304,83,36,#5C1057
305,83,36,#5C1055
306,83,36,#5C1054
307,83,36,#5C1053
308,83,36,#5C1052
309,83,36,#5C1050
310,83,36,#5C104F
311,83,36,#5C104E
312,83,36,#5C104D
313,83,36,#5C104B
314,83,36,#5C104A
315,83,36,#5C1049
316,83,36,#5C1047
317,83,36,#5C1046
318,83,36,#5C1045
319,83,36,#5C1044
320,83,36,#5C1042
321,83,36,#5C1041
322,83,36,#5C1040
323,83,36,#5C103F
324,83,36,#5C103D
325,83,36,#5C103C
326,83,36,#5C103B
327,83,36,#5C103A
328,83,36,#5C1038
329,83,36,#5C1037
330,83,36,#5C1036
331,83,36,#5C1034
332,83,36,#5C1033
333,83,36,#5C1032
334,83,36,#5C1031
335,83,36,#5C102F
336,83,36,#5C102E
337,83,36,#5C102D
338,83,36,#5C102C
339,83,36,#5C102A
340,83,36,#5C1029
341,83,36,#5C1028
342,83,36,#5C1026
343,83,36,#5C1025
344,83,36,#5C1024
345,83,36,#5C1023
346,83,36,#5C1021
347,83,36,#5C1020
348,83,36,#5C101F
349,83,36,#5C101E
350,83,36,#5C101C
351,83,36,#5C101B
352,83,36,#5C101A
353,83,36,#5C1018
354,83,36,#5C1017
355,83,36,#5C1016
356,83,36,#5C1015
357,83,36,#5C1013
358,83,36,#5C1012
359,83,36,#5C1011
0,82,36,#5C1111
1,82,36,#5C1211
2,82,36,#5C1311
3,82,36,#5C1411
4,82,36,#5C1611
5,82,36,#5C1711
6,82,36,#5C1811
7,82,36,#5C1911
8,82,36,#5C1B11
9,82,36,#5C1C11
10,82,36,#5C1D11
11,82,36,#5C1E11
12,82,36,#5C2011
13,82,36,#5C2111
14,82,36,#5C2211
15,82,36,#5C2311
16,82,36,#5C2511
17,82,36,#5C2611
18,82,36,#5C2711
19,82,36,#5C2811
20,82,36,#5C2A11
21,82,36,#5C2B11
22,82,36,#5C2C11
23,82,36,#5C2D11
24,82,36,#5C2F11
25,82,36,#5C3011
26,82,36,#5C3111
27,82,36,#5C3211
28,82,36,#5C3411
29,82,36,#5C3511
30,82,36,#5C3611
31,82,36,#5C3711
32,82,36,#5C3911
33,82,36,#5C3A11
34,82,36,#5C3B11
35,82,36,#5C3C11
36,82,36,#5C3E11
37,82,36,#5C3F11
38,82,36,#5C4011
39,82,36,#5C4111
40,82,36,#5C4311
41,82,36,#5C4411
42,82,36,#5C4511
43,82,36,#5C4611
44,82,36,#5C4811
45,82,36,#5C4911
46,82,36,#5C4A11
47,82,36,#5C4B11
48,82,36,#5C4D11
49,82,36,#5C4E11
50,82,36,#5C4F11
51,82,36,#5C5111
52,82,36,#5C5211
53,82,36,#5C5311
54,82,36,#5C5411
55,82,36,#5C5611
56,82,36,#5C5711
57,82,36,#5C5811
58,82,36,#5C5911
59,82,36,#5C5B11
60,82,36,#5C5C11
61,82,36,#5B5C11
62,82,36,#595C11
63,82,36,#585C11
64,82,36,#575C11
65,82,36,#565C11
66,82,36,#545C11
67,82,36,#535C11
68,82,36,#525C11
69,82,36,#515C11
70,82,36,#4F5C11
71,82,36,#4E5C11
72,82,36,#4D5C11
73,82,36,#4B5C11
74,82,36,#4A5C11
75,82,36,#495C11
76,82,36,#485C11
77,82,36,#465C11
78,82,36,#455C11
79,82,36,#445C11
80,82,36,#435C11
81,82,36,#415C11
82,82,36,#405C11
83,82,36,#3F5C11
84,82,36,#3E5C11
85,82,36,#3C5C11
86,82,36,#3B5C11
87,82,36,#3A5C11
88,82,36,#395C11
89,82,36,#375C11
90,82,36,#365C11
91,82,36,#355C11
92,82,36,#345C11
93,82,36,#325C11
94,82,36,#315C11
95,82,36,#305C11
96,82,36,#2F5C11
97,82,36,#2D5C11
98,82,36,#2C5C11
99,82,36,#2B5C11
100,82,36,#2A5C11
101,82,36,#285C11
102,82,36,#275C11
103,82,36,#265C11
104,82,36,#255C11
105,82,36,#235C11
106,82,36,#225C11
107,82,36,#215C11
108,82,36,#205C11
109,82,36,#1E5C11
110,82,36,#1D5C11
111,82,36,#1C5C11
112,82,36,#1B5C11
113,82,36,#195C11
114,82,36,#185C11
115,82,36,#175C11
116,82,36,#165C11
117,82,36,#145C11
118,82,36,#135C11
119,82,36,#125C11
120,82,36,#115C11
121,82,36,#115C12
122,82,36,#115C13
123,82,36,#115C14
124,82,36,#115C16
125,82,36,#115C17
126,82,36,#115C18
127,82,36,#115C19
128,82,36,#115C1B
129,82,36,#115C1C
130,82,36,#115C1D
131,82,36,#115C1E
132,82,36,#115C20
133,82,36,#115C21
134,82,36,#115C22
135,82,36,#115C23
136,82,36,#115C25
137,82,36,#115C26
138,82,36,#115C27
139,82,36,#115C28
140,82,36,#115C2A
141,82,36,#115C2B
142,82,36,#115C2C
143,82,36,#115C2D
144,82,36,#115C2F
145,82,36,#115C30
146,82,36,#115C31
147,82,36,#115C32
148,82,36,#115C34
149,82,36,#115C35
150,82,36,#115C36
151,82,36,#115C37
152,82,36,#115C39
153,82,36,#115C3A
154,82,36,#115C3B
155,82,36,#115C3C
156,82,36,#115C3E
157,82,36,#115C3F
158,82,36,#115C40
159,82,36,#115C41
160,82,36,#115C43
161,82,36,#115C44
162,82,36,#115C45
163,82,36,#115C46
164,82,36,#115C48
165,82,36,#115C49
166,82,36,#115C4A
167,82,36,#115C4B
168,82,36,#115C4D
169,82,36,#115C4E
170,82,36,#115C4F
171,82,36,#115C51
172,82,36,#115C52
173,82,36,#115C53
174,82,36,#115C54
175,82,36,#115C56
176,82,36,#115C57
177,82,36,#115C58
178,82,36,#115C59
179,82,36,#115C5B
180,82,36,#115C5C
181,82,36,#115B5C
182,82,36,#11595C
183,82,36,#11585C
184,82,36,#11575C
185,82,36,#11565C
186,82,36,#11545C
187,82,36,#11535C
188,82,36,#11525C
189,82,36,#11515C
190,82,36,#114F5C
191,82,36,#114E5C
192,82,36,#114D5C
193,82,36,#114B5C
194,82,36,#114A5C
195,82,36,#11495C
196,82,36,#11485C
197,82,36,#11465C
198,82,36,#11455C
199,82,36,#11445C
200,82,36,#11435C
201,82,36,#11415C
202,82,36,#11405C
203,82,36,#113F5C
204,82,36,#113E5C
205,82,36,#113C5C
206,82,36,#113B5C
207,82,36,#113A5C
208,82,36,#11395C
209,82,36,#11375C
210,82,36,#11365C
211,82,36,#11355C
212,82,36,#11345C
213,82,36,#11325C
214,82,36,#11315C
215,82,36,#11305C
216,82,36,#112F5C
217,82,36,#112D5C
218,82,36,#112C5C
219,82,36,#112B5C
220,82,36,#112A5C
221,82,36,#11285C
222,82,36,#11275C
223,82,36,#11265C
224,82,36,#11255C
225,82,36,#11235C
226,82,36,#11225C
227,82,36,#11215C
228,82,36,#11205C
229,82,36,#111E5C
230,82,36,#111D5C
231,82,36,#111C5C
232,82,36,#111B5C
233,82,36,#11195C
234,82,36,#11185C
235,82,36,#11175C
236,82,36,#11165C
237,82,36,#11145C
238,82,36,#11135C
239,82,36,#11125C
240,82,36,#11115C
241,82,36,#12115C
242,82,36,#13115C
243,82,36,#14115C
244,82,36,#16115C
245,82,36,#17115C
246,82,36,#18115C
247,82,36,#19115C
248,82,36,#1B115C
249,82,36,#1C115C
250,82,36,#1D115C
251,82,36,#1E115C
252,82,36,#20115C
253,82,36,#21115C
254,82,36,#22115C
255,82,36,#23115C
256,82,36,#25115C
257,82,36,#26115C
258,82,36,#27115C
259,82,36,#28115C
260,82,36,#2A115C
261,82,36,#2B115C
262,82,36,#2C115C
263,82,36,#2D115C
264,82,36,#2F115C
265,82,36,#30115C
266,82,36,#31115C
267,82,36,#32115C
268,82,36,#34115C
269,82,36,#35115C
270,82,36,#36115C
271,82,36,#37115C
272,82,36,#39115C
273,82,36,#3A115C
274,82,36,#3B115C
275,82,36,#3C115C
276,82,36,#3E115C
277,82,36,#3F115C
278,82,36,#40115C
279,82,36,#41115C
280,82,36,#43115C
281,82,36,#44115C
282,82,36,#45115C
283,82,36,#46115C
284,82,36,#48115C
285,82,36,#49115C
286,82,36,#4A115C
287,82,36,#4B115C
288,82,36,#4D115C
289,82,36,#4E115C
290,82,36,#4F115C
291,82,36,#51115C
292,82,36,#52115C
293,82,36,#53115C
294,82,36,#54115C
295,82,36,#56115C
296,82,36,#57115C
297,82,36,#58115C
298,82,36,#59115C
299,82,36,#5B115C
300,82,36,#5C115C
301,82,36,#5C115B
302,82,36,#5C1159
303,82,36,#5C1158
304,82,36,#5C1157
305,82,36,#5C1156
306,82,36,#5C1154
307,82,36,#5C1153
308,82,36,#5C1152
309,82,36,#5C1151
310,82,36,#5C114F
311,82,36,#5C114E
312,82,36,#5C114D
313,82,36,#5C114B
314,82,36,#5C114A
315,82,36,#5C1149
316,82,36,#5C1148
317,82,36,#5C1146
318,82,36,#5C1145
319,82,36,#5C1144
320,82,36,#5C1143
321,82,36,#5C1141
322,82,36,#5C1140
323,82,36,#5C113F
324,82,36,#5C113E
325,82,36,#5C113C
326,82,36,#5C113B
327,82,36,#5C113A
328,82,36,#5C1139
329,82,36,#5C1137
330,82,36,#5C1136
331,82,36,#5C1135
332,82,36,#5C1134
333,82,36,#5C1132
334,82,36,#5C1131
335,82,36,#5C1130
336,82,36,#5C112F
337,82,36,#5C112D
338,82,36,#5C112C
339,82,36,#5C112B
340,82,36,#5C112A
341,82,36,#5C1128
342,82,36,#5C1127
343,82,36,#5C1126
344,82,36,#5C1125
345,82,36,#5C1123
346,82,36,#5C1122
347,82,36,#5C1121
348,82,36,#5C1120
349,82,36,#5C111E
350,82,36,#5C111D
351,82,36,#5C111C
352,82,36,#5C111B
353,82,36,#5C1119
354,82,36,#5C1118
355,82,36,#5C1117
356,82,36,#5C1116
357,82,36,#5C1114
358,82,36,#5C1113
359,82,36,#5C1112
0,81,36,#5C1111
1,81,36,#5C1311
2,81,36,#5C1411
3,81,36,#5C1511
4,81,36,#5C1611
5,81,36,#5C1811
6,81,36,#5C1911
7,81,36,#5C1A11
8,81,36,#5C1B11
9,81,36,#5C1D11
10,81,36,#5C1E11
11,81,36,#5C1F11
12,81,36,#5C2011
13,81,36,#5C2211
14,81,36,#5C2311
15,81,36,#5C2411
16,81,36,#5C2511
17,81,36,#5C2711
18,81,36,#5C2811
19,81,36,#5C2911
20,81,36,#5C2A11
21,81,36,#5C2B11
22,81,36,#5C2D11
23,81,36,#5C2E11
24,81,36,#5C2F11
25,81,36,#5C3011
26,81,36,#5C3211
27,81,36,#5C3311
28,81,36,#5C3411
29,81,36,#5C3511
30,81,36,#5C3711
31,81,36,#5C3811
32,81,36,#5C3911
33,81,36,#5C3A11
34,81,36,#5C3C11
35,81,36,#5C3D11
36,81,36,#5C3E11
37,81,36,#5C3F11
38,81,36,#5C4111
39,81,36,#5C4211
40,81,36,#5C4311
41,81,36,#5C4411
42,81,36,#5C4511
43,81,36,#5C4711
44,81,36,#5C4811
45,81,36,#5C4911
46,81,36,#5C4A11
47,81,36,#5C4C11
48,81,36,#5C4D11
49,81,36,#5C4E11
50,81,36,#5C4F11
51,81,36,#5C5111
52,81,36,#5C5211
53,81,36,#5C5311
54,81,36,#5C5411
55,81,36,#5C5611
56,81,36,#5C5711
57,81,36,#5C5811
58,81,36,#5C5911
59,81,36,#5C5B11
60,81,36,#5C5C11
61,81,36,#5B5C11
62,81,36,#595C11
63,81,36,#585C11
64,81,36,#575C11
65,81,36,#565C11
66,81,36,#545C11
67,81,36,#535C11
68,81,36,#525C11
69,81,36,#515C11
70,81,36,#4F5C11
71,81,36,#4E5C11
72,81,36,#4D5C11
73,81,36,#4C5C11
74,81,36,#4A5C11
75,81,36,#495C11
76,81,36,#485C11
77,81,36,#475C11
78,81,36,#455C11
79,81,36,#445C11
80,81,36,#435C11
81,81,36,#425C11
82,81,36,#415C11
83,81,36,#3F5C11
84,81,36,#3E5C11
85,81,36,#3D5C11
86,81,36,#3C5C11
87,81,36,#3A5C11
88,81,36,#395C11
89,81,36,#385C11
90,81,36,#375C11
91,81,36,#355C11
92,81,36,#345C11
93,81,36,#335C11
94,81,36,#325C11
95,81,36,#305C11
96,81,36,#2F5C11
97,81,36,#2E5C11
98,81,36,#2D5C11
99,81,36,#2B5C11
100,81,36,#2A5C11
101,81,36,#295C11
102,81,36,#285C11
103,81,36,#275C11
104,81,36,#255C11
105,81,36,#245C11
106,81,36,#235C11
107,81,36,#225C11
108,81,36,#205C11
109,81,36,#1F5C11
110,81,36,#1E5C11
111,81,36,#1D5C11
112,81,36,#1B5C11
113,81,36,#1A5C11
114,81,36,#195C11
115,81,36,#185C11
116,81,36,#165C11
117,81,36,#155C11
118,81,36,#145C11
119,81,36,#135C11
120,81,36,#115C11
121,81,36,#115C13
122,81,36,#115C14
123,81,36,#115C15
124,81,36,#115C16
125,81,36,#115C18
126,81,36,#115C19
127,81,36,#115C1A
128,81,36,#115C1B
129,81,36,#115C1D
130,81,36,#115C1E
131,81,36,#115C1F
132,81,36,#115C20
133,81,36,#115C22
134,81,36,#115C23
135,81,36,#115C24
136,81,36,#115C25
137,81,36,#115C27
138,81,36,#115C28
139,81,36,#115C29
140,81,36,#115C2A
141,81,36,#115C2B
142,81,36,#115C2D
143,81,36,#115C2E
144,81,36,#115C2F
145,81,36,#115C30
146,81,36,#115C32
147,81,36,#115C33
148,81,36,#115C34
149,81,36,#115C35
150,81,36,#115C37
151,81,36,#115C38
152,81,36,#115C39
153,81,36,#115C3A
154,81,36,#115C3C
155,81,36,#115C3D
156,81,36,#115C3E
157,81,36,#115C3F
158,81,36,#115C41
159,81,36,#115C42
160,81,36,#115C43
161,81,36,#115C44
162,81,36,#115C45
163,81,36,#115C47
164,81,36,#115C48
165,81,36,#115C49
166,81,36,#115C4A
167,81,36,#115C4C
168,81,36,#115C4D
169,81,36,#115C4E
170,81,36,#115C4F
171,81,36,#115C51
172,81,36,#115C52
173,81,36,#115C53
174,81,36,#115C54
175,81,36,#115C56
176,81,36,#115C57
177,81,36,#115C58
178,81,36,#115C59
179,81,36,#115C5B
180,81,36,#115C5C
181,81,36,#115B5C
182,81,36,#11595C
183,81,36,#11585C
184,81,36,#11575C
185,81,36,#11565C
186,81,36,#11545C
187,81,36,#11535C
188,81,36,#11525C
189,81,36,#11515C
190,81,36,#114F5C
191,81,36,#114E5C
192,81,36,#114D5C
193,81,36,#114C5C
194,81,36,#114A5C
195,81,36,#11495C
196,81,36,#11485C
197,81,36,#11475C
198,81,36,#11455C
199,81,36,#11445C
200,81,36,#11435C
201,81,36,#11425C
202,81,36,#11415C
203,81,36,#113F5C
204,81,36,#113E5C
205,81,36,#113D5C
206,81,36,#113C5C
207,81,36,#113A5C
208,81,36,#11395C
209,81,36,#11385C
210,81,36,#11375C
211,81,36,#11355C
212,81,36,#11345C
213,81,36,#11335C
214,81,36,#11325C
215,81,36,#11305C
216,81,36,#112F5C
217,81,36,#112E5C
218,81,36,#112D5C
219,81,36,#112B5C
220,81,36,#112A5C
221,81,36,#11295C
222,81,36,#11285C
223,81,36,#11275C
224,81,36,#11255C
225,81,36,#11245C
226,81,36,#11235C
227,81,36,#11225C
228,81,36,#11205C
229,81,36,#111F5C
230,81,36,#111E5C
231,81,36,#111D5C
232,81,36,#111B5C
233,81,36,#111A5C
234,81,36,#11195C
235,81,36,#11185C
236,81,36,#11165C
237,81,36,#11155C
238,81,36,#11145C
239,81,36,#11135C
240,81,36,#11115C
241,81,36,#13115C
242,81,36,#14115C
243,81,36,#15115C
244,81,36,#16115C
245,81,36,#18115C
246,81,36,#19115C
247,81,36,#1A115C
248,81,36,#1B115C
249,81,36,#1D115C
250,81,36,#1E115C
251,81,36,#1F115C
252,81,36,#20115C
253,81,36,#22115C
254,81,36,#23115C
255,81,36,#24115C
256,81,36,#25115C
257,81,36,#27115C
258,81,36,#28115C
259,81,36,#29115C
260,81,36,#2A115C
261,81,36,#2B115C
262,81,36,#2D115C
263,81,36,#2E115C
264,81,36,#2F115C
265,81,36,#30115C
266,81,36,#32115C
267,81,36,#33115C
268,81,36,#34115C
269,81,36,#35115C
270,81,36,#37115C
271,81,36,#38115C
272,81,36,#39115C
273,81,36,#3A115C
274,81,36,#3C115C
275,81,36,#3D115C
276,81,36,#3E115C
277,81,36,#3F115C
278,81,36,#41115C
279,81,36,#42115C
280,81,36,#43115C
281,81,36,#44115C
282,81,36,#45115C
283,81,36,#47115C
284,81,36,#48115C
285,81,36,#49115C
286,81,36,#4A115C
287,81,36,#4C115C
288,81,36,#4D115C
289,81,36,#4E115C
290,81,36,#4F115C
291,81,36,#51115C
292,81,36,#52115C
293,81,36,#53115C
294,81,36,#54115C
295,81,36,#56115C
296,81,36,#57115C
297,81,36,#58115C
298,81,36,#59115C
299,81,36,#5B115C
300,81,36,#5C115C
301,81,36,#5C115B
302,81,36,#5C1159
303,81,36,#5C1158
304,81,36,#5C1157
305,81,36,#5C1156
306,81,36,#5C1154
307,81,36,#5C1153
308,81,36,#5C1152
309,81,36,#5C1151
310,81,36,#5C114F
311,81,36,#5C114E
312,81,36,#5C114D
313,81,36,#5C114C
314,81,36,#5C114A
315,81,36,#5C1149
316,81,36,#5C1148
317,81,36,#5C1147
318,81,36,#5C1145
319,81,36,#5C1144
320,81,36,#5C1143
321,81,36,#5C1142
322,81,36,#5C1141
323,81,36,#5C113F
324,81,36,#5C113E
325,81,36,#5C113D
326,81,36,#5C113C
327,81,36,#5C113A
328,81,36,#5C1139
329,81,36,#5C1138
330,81,36,#5C1137
331,81,36,#5C1135
332,81,36,#5C1134
333,81,36,#5C1133
334,81,36,#5C1132
335,81,36,#5C1130
336,81,36,#5C112F
337,81,36,#5C112E
338,81,36,#5C112D
339,81,36,#5C112B
340,81,36,#5C112A
341,81,36,#5C1129
342,81,36,#5C1128
343,81,36,#5C1127
344,81,36,#5C1125
345,81,36,#5C1124
346,81,36,#5C1123
347,81,36,#5C1122
348,81,36,#5C1120
349,81,36,#5C111F
350,81,36,#5C111E
351,81,36,#5C111D
352,81,36,#5C111B
353,81,36,#5C111A
354,81,36,#5C1119
355,81,36,#5C1118
356,81,36,#5C1116
357,81,36,#5C1115
358,81,36,#5C1114
359,81,36,#5C1113
0,80,36,#5C1212
1,80,36,#5C1412
2,80,36,#5C1512
3,80,36,#5C1612
4,80,36,#5C1712
5,80,36,#5C1812
6,80,36,#5C1A12
7,80,36,#5C1B12
8,80,36,#5C1C12
9,80,36,#5C1D12
10,80,36,#5C1F12
11,80,36,#5C2012
12,80,36,#5C2112
13,80,36,#5C2212
14,80,36,#5C2312
15,80,36,#5C2512
16,80,36,#5C2612
17,80,36,#5C2712
18,80,36,#5C2812
19,80,36,#5C2A12
20,80,36,#5C2B12
21,80,36,#5C2C12
22,80,36,#5C2D12
23,80,36,#5C2F12
24,80,36,#5C3012
25,80,36,#5C3112
26,80,36,#5C3212
27,80,36,#5C3312
28,80,36,#5C3512
29,80,36,#5C3612
30,80,36,#5C3712
31,80,36,#5C3812
32,80,36,#5C3A12
33,80,36,#5C3B12
34,80,36,#5C3C12
35,80,36,#5C3D12
36,80,36,#5C3E12
37,80,36,#5C4012
38,80,36,#5C4112
39,80,36,#5C4212
40,80,36,#5C4312
41,80,36,#5C4512
42,80,36,#5C4612
43,80,36,#5C4712
44,80,36,#5C4812
45,80,36,#5C4912
46,80,36,#5C4B12
47,80,36,#5C4C12
48,80,36,#5C4D12
49,80,36,#5C4E12
50,80,36,#5C5012
51,80,36,#5C5112
52,80,36,#5C5212
53,80,36,#5C5312
54,80,36,#5C5412
55,80,36,#5C5612
56,80,36,#5C5712
57,80,36,#5C5812
58,80,36,#5C5912
59,80,36,#5C5B12
60,80,36,#5C5C12
61,80,36,#5B5C12
62,80,36,#595C12
63,80,36,#585C12
64,80,36,#575C12
65,80,36,#565C12
66,80,36,#545C12
67,80,36,#535C12
68,80,36,#525C12
69,80,36,#515C12
70,80,36,#505C12
71,80,36,#4E5C12
72,80,36,#4D5C12
73,80,36,#4C5C12
74,80,36,#4B5C12
75,80,36,#495C12
76,80,36,#485C12
77,80,36,#475C12
78,80,36,#465C12
79,80,36,#455C12
80,80,36,#435C12
81,80,36,#425C12
82,80,36,#415C12
83,80,36,#405C12
84,80,36,#3E5C12
85,80,36,#3D5C12
86,80,36,#3C5C12
87,80,36,#3B5C12
88,80,36,#3A5C12
89,80,36,#385C12
90,80,36,#375C12
91,80,36,#365C12
92,80,36,#355C12
93,80,36,#335C12
94,80,36,#325C12
95,80,36,#315C12
96,80,36,#305C12
97,80,36,#2F5C12
98,80,36,#2D5C12
99,80,36,#2C5C12
100,80,36,#2B5C12
101,80,36,#2A5C12
102,80,36,#285C12
103,80,36,#275C12
104,80,36,#265C12
105,80,36,#255C12
106,80,36,#235C12
107,80,36,#225C12
108,80,36,#215C12
109,80,36,#205C12
110,80,36,#1F5C12
111,80,36,#1D5C12
112,80,36,#1C5C12
113,80,36,#1B5C12
114,80,36,#1A5C12
115,80,36,#185C12
116,80,36,#175C12
117,80,36,#165C12
118,80,36,#155C12
119,80,36,#145C12
120,80,36,#125C12
121,80,36,#125C14
122,80,36,#125C15
123,80,36,#125C16
124,80,36,#125C17
125,80,36,#125C18
126,80,36,#125C1A
127,80,36,#125C1B
128,80,36,#125C1C
129,80,36,#125C1D
130,80,36,#125C1F
131,80,36,#125C20
132,80,36,#125C21
133,80,36,#125C22
134,80,36,#125C23
135,80,36,#125C25
136,80,36,#125C26
137,80,36,#125C27
138,80,36,#125C28
139,80,36,#125C2A
140,80,36,#125C2B
141,80,36,#125C2C
142,80,36,#125C2D
143,80,36,#125C2F
144,80,36,#125C30
145,80,36,#125C31
146,80,36,#125C32
147,80,36,#125C33
148,80,36,#125C35
149,80,36,#125C36
150,80,36,#125C37
151,80,36,#125C38
152,80,36,#125C3A
153,80,36,#125C3B
154,80,36,#125C3C
155,80,36,#125C3D
156,80,36,#125C3E
157,80,36,#125C40
158,80,36,#125C41
159,80,36,#125C42
160,80,36,#125C43
161,80,36,#125C45
162,80,36,#125C46
163,80,36,#125C47
164,80,36,#125C48
165,80,36,#125C49
166,80,36,#125C4B
167,80,36,#125C4C
168,80,36,#125C4D
169,80,36,#125C4E
170,80,36,#125C50
171,80,36,#125C51
172,80,36,#125C52
173,80,36,#125C53
174,80,36,#125C54
175,80,36,#125C56
176,80,36,#125C57
177,80,36,#125C58
178,80,36,#125C59
179,80,36,#125C5B
180,80,36,#125C5C
181,80,36,#125B5C
182,80,36,#12595C
183,80,36,#12585C
184,80,36,#12575C
185,80,36,#12565C
186,80,36,#12545C
187,80,36,#12535C
188,80,36,#12525C
189,80,36,#12515C
190,80,36,#12505C
191,80,36,#124E5C
192,80,36,#124D5C
193,80,36,#124C5C
194,80,36,#124B5C
195,80,36,#12495C
196,80,36,#12485C
197,80,36,#12475C
198,80,36,#12465C
199,80,36,#12455C
200,80,36,#12435C
201,80,36,#12425C
202,80,36,#12415C
203,80,36,#12405C
204,80,36,#123E5C
205,80,36,#123D5C
206,80,36,#123C5C
207,80,36,#123B5C
208,80,36,#123A5C
209,80,36,#12385C
210,80,36,#12375C
211,80,36,#12365C
212,80,36,#12355C
213,80,36,#12335C
214,80,36,#12325C
215,80,36,#12315C
216,80,36,#12305C
217,80,36,#122F5C
218,80,36,#122D5C
219,80,36,#122C5C
220,80,36,#122B5C
221,80,36,#122A5C
222,80,36,#12285C
223,80,36,#12275C
224,80,36,#12265C
225,80,36,#12255C
226,80,36,#12235C
227,80,36,#12225C
228,80,36,#12215C
229,80,36,#12205C
230,80,36,#121F5C
231,80,36,#121D5C
232,80,36,#121C5C
233,80,36,#121B5C
234,80,36,#121A5C
235,80,36,#12185C
236,80,36,#12175C
237,80,36,#12165C
238,80,36,#12155C
239,80,36,#12145C
240,80,36,#12125C
241,80,36,#14125C
242,80,36,#15125C
243,80,36,#16125C
244,80,36,#17125C
245,80,36,#18125C
246,80,36,#1A125C
247,80,36,#1B125C
248,80,36,#1C125C
249,80,36,#1D125C
250,80,36,#1F125C
251,80,36,#20125C
252,80,36,#21125C
253,80,36,#22125C
254,80,36,#23125C
255,80,36,#25125C
256,80,36,#26125C
257,80,36,#27125C
258,80,36,#28125C
259,80,36,#2A125C
260,80,36,#2B125C
261,80,36,#2C125C
262,80,36,#2D125C
263,80,36,#2F125C
264,80,36,#30125C
265,80,36,#31125C
266,80,36,#32125C
267,80,36,#33125C
268,80,36,#35125C
269,80,36,#36125C
270,80,36,#37125C
271,80,36,#38125C
272,80,36,#3A125C
273,80,36,#3B125C
274,80,36,#3C125C
275,80,36,#3D125C
276,80,36,#3E125C
277,80,36,#40125C
278,80,36,#41125C
279,80,36,#42125C
280,80,36,#43125C
281,80,36,#45125C
282,80,36,#46125C
283,80,36,#47125C
284,80,36,#48125C
285,80,36,#49125C
286,80,36,#4B125C
287,80,36,#4C125C
288,80,36,#4D125C
289,80,36,#4E125C
290,80,36,#50125C
291,80,36,#51125C
292,80,36,#52125C
293,80,36,#53125C
294,80,36,#54125C
295,80,36,#56125C
296,80,36,#57125C
297,80,36,#58125C
298,80,36,#59125C
299,80,36,#5B125C
300,80,36,#5C125C
301,80,36,#5C125B
302,80,36,#5C1259
303,80,36,#5C1258
304,80,36,#5C1257
305,80,36,#5C1256
306,80,36,#5C1254
307,80,36,#5C1253
308,80,36,#5C1252
309,80,36,#5C1251
310,80,36,#5C1250
311,80,36,#5C124E
312,80,36,#5C124D
313,80,36,#5C124C
314,80,36,#5C124B
315,80,36,#5C1249
316,80,36,#5C1248
317,80,36,#5C1247
318,80,36,#5C1246
319,80,36,#5C1245
320,80,36,#5C1243
321,80,36,#5C1242
322,80,36,#5C1241
323,80,36,#5C1240
324,80,36,#5C123E
325,80,36,#5C123D
326,80,36,#5C123C
327,80,36,#5C123B
328,80,36,#5C123A
329,80,36,#5C1238
330,80,36,#5C1237
331,80,36,#5C1236
332,80,36,#5C1235
333,80,36,#5C1233
334,80,36,#5C1232
335,80,36,#5C1231
336,80,36,#5C1230
337,80,36,#5C122F
338,80,36,#5C122D
339,80,36,#5C122C
340,80,36,#5C122B
341,80,36,#5C122A
342,80,36,#5C1228
343,80,36,#5C1227
344,80,36,#5C1226
345,80,36,#5C1225
346,80,36,#5C1223
347,80,36,#5C1222
348,80,36,#5C1221
349,80,36,#5C1220
350,80,36,#5C121F
351,80,36,#5C121D
352,80,36,#5C121C
353,80,36,#5C121B
354,80,36,#5C121A
355,80,36,#5C1218
356,80,36,#5C1217
357,80,36,#5C1216
358,80,36,#5C1215
359,80,36,#5C1214
0,79,36,#5C1313
1,79,36,#5C1413
2,79,36,#5C1613
3,79,36,#5C1713
4,79,36,#5C1813
5,79,36,#5C1913
6,79,36,#5C1B13
7,79,36,#5C1C13
8,79,36,#5C1D13
9,79,36,#5C1E13
10,79,36,#5C1F13
11,79,36,#5C2113
12,79,36,#5C2213
13,79,36,#5C2313
14,79,36,#5C2413
15,79,36,#5C2513
16,79,36,#5C2713
17,79,36,#5C2813
18,79,36,#5C2913
19,79,36,#5C2A13
20,79,36,#5C2B13
21,79,36,#5C2D13
22,79,36,#5C2E13
23,79,36,#5C2F13
24,79,36,#5C3013
25,79,36,#5C3113
26,79,36,#5C3313
27,79,36,#5C3413
28,79,36,#5C3513
29,79,36,#5C3613
30,79,36,#5C3813
31,79,36,#5C3913
32,79,36,#5C3A13
33,79,36,#5C3B13
34,79,36,#5C3C13
35,79,36,#5C3E13
36,79,36,#5C3F13
37,79,36,#5C4013
38,79,36,#5C4113
39,79,36,#5C4213
40,79,36,#5C4413
41,79,36,#5C4513
42,79,36,#5C4613
43,79,36,#5C4713
44,79,36,#5C4813
45,79,36,#5C4A13
46,79,36,#5C4B13
47,79,36,#5C4C13
48,79,36,#5C4D13
49,79,36,#5C4F13
50,79,36,#5C5013
51,79,36,#5C5113
52,79,36,#5C5213
53,79,36,#5C5313
54,79,36,#5C5513
55,79,36,#5C5613
56,79,36,#5C5713
57,79,36,#5C5813
58,79,36,#5C5913
59,79,36,#5C5B13
60,79,36,#5C5C13
61,79,36,#5B5C13
62,79,36,#595C13
63,79,36,#585C13
64,79,36,#575C13
65,79,36,#565C13
66,79,36,#555C13
67,79,36,#535C13
68,79,36,#525C13
69,79,36,#515C13
70,79,36,#505C13
71,79,36,#4F5C13
72,79,36,#4D5C13
73,79,36,#4C5C13
74,79,36,#4B5C13
75,79,36,#4A5C13
76,79,36,#485C13
77,79,36,#475C13
78,79,36,#465C13
79,79,36,#455C13
80,79,36,#445C13
81,79,36,#425C13
82,79,36,#415C13
83,79,36,#405C13
84,79,36,#3F5C13
85,79,36,#3E5C13
86,79,36,#3C5C13
87,79,36,#3B5C13
88,79,36,#3A5C13
89,79,36,#395C13
90,79,36,#385C13
91,79,36,#365C13
92,79,36,#355C13
93,79,36,#345C13
94,79,36,#335C13
95,79,36,#315C13
96,79,36,#305C13
97,79,36,#2F5C13
98,79,36,#2E5C13
99,79,36,#2D5C13
100,79,36,#2B5C13
101,79,36,#2A5C13
102,79,36,#295C13
103,79,36,#285C13
104,79,36,#275C13
105,79,36,#255C13
106,79,36,#245C13
107,79,36,#235C13
108,79,36,#225C13
109,79,36,#215C13
110,79,36,#1F5C13
111,79,36,#1E5C13
112,79,36,#1D5C13
113,79,36,#1C5C13
114,79,36,#1B5C13
115,79,36,#195C13
116,79,36,#185C13
117,79,36,#175C13
118,79,36,#165C13
119,79,36,#145C13
120,79,36,#135C13
121,79,36,#135C14
122,79,36,#135C16
123,79,36,#135C17
124,79,36,#135C18
125,79,36,#135C19
126,79,36,#135C1B
127,79,36,#135C1C
128,79,36,#135C1D
129,79,36,#135C1E
130,79,36,#135C1F
131,79,36,#135C21
132,79,36,#135C22
133,79,36,#135C23
134,79,36,#135C24
135,79,36,#135C25
136,79,36,#135C27
137,79,36,#135C28
138,79,36,#135C29
139,79,36,#135C2A
140,79,36,#135C2B
141,79,36,#135C2D
142,79,36,#135C2E
143,79,36,#135C2F
144,79,36,#135C30
145,79,36,#135C31
146,79,36,#135C33
147,79,36,#135C34
148,79,36,#135C35
149,79,36,#135C36
150,79,36,#135C38
151,79,36,#135C39
152,79,36,#135C3A
153,79,36,#135C3B
154,79,36,#135C3C
155,79,36,#135C3E
156,79,36,#135C3F
157,79,36,#135C40
158,79,36,#135C41
159,79,36,#135C42
160,79,36,#135C44
161,79,36,#135C45
162,79,36,#135C46
163,79,36,#135C47
164,79,36,#135C48
165,79,36,#135C4A
166,79,36,#135C4B
167,79,36,#135C4C
168,79,36,#135C4D
169,79,36,#135C4F
170,79,36,#135C50
171,79,36,#135C51
172,79,36,#135C52
173,79,36,#135C53
174,79,36,#135C55
175,79,36,#135C56
176,79,36,#135C57
177,79,36,#135C58
178,79,36,#135C59
179,79,36,#135C5B
180,79,36,#135C5C
181,79,36,#135B5C
182,79,36,#13595C
183,79,36,#13585C
184,79,36,#13575C
185,79,36,#13565C
186,79,36,#13555C
187,79,36,#13535C
188,79,36,#13525C
189,79,36,#13515C
190,79,36,#13505C
191,79,36,#134F5C
192,79,36,#134D5C
193,79,36,#134C5C
194,79,36,#134B5C
195,79,36,#134A5C
196,79,36,#13485C
197,79,36,#13475C
198,79,36,#13465C
199,79,36,#13455C
200,79,36,#13445C
201,79,36,#13425C
202,79,36,#13415C
203,79,36,#13405C
204,79,36,#133F5C
205,79,36,#133E5C
206,79,36,#133C5C
207,79,36,#133B5C
208,79,36,#133A5C
209,79,36,#13395C
210,79,36,#13385C
211,79,36,#13365C
212,79,36,#13355C
213,79,36,#13345C
214,79,36,#13335C
215,79,36,#13315C
216,79,36,#13305C
217,79,36,#132F5C
218,79,36,#132E5C
219,79,36,#132D5C
220,79,36,#132B5C
221,79,36,#132A5C
222,79,36,#13295C
223,79,36,#13285C
224,79,36,#13275C
225,79,36,#13255C
226,79,36,#13245C
227,79,36,#13235C
228,79,36,#13225C
229,79,36,#13215C
230,79,36,#131F5C
231,79,36,#131E5C
232,79,36,#131D5C
233,79,36,#131C5C
234,79,36,#131B5C
235,79,36,#13195C
236,79,36,#13185C
237,79,36,#13175C
238,79,36,#13165C
239,79,36,#13145C
240,79,36,#13135C
241,79,36,#14135C
242,79,36,#16135C
243,79,36,#17135C
244,79,36,#18135C
245,79,36,#19135C
246,79,36,#1B135C
247,79,36,#1C135C
248,79,36,#1D135C
249,79,36,#1E135C
250,79,36,#1F135C
251,79,36,#21135C
252,79,36,#22135C
253,79,36,#23135C
254,79,36,#24135C
255,79,36,#25135C
256,79,36,#27135C
257,79,36,#28135C
258,79,36,#29135C
259,79,36,#2A135C
260,79,36,#2B135C
261,79,36,#2D135C
262,79,36,#2E135C
263,79,36,#2F135C
264,79,36,#30135C
265,79,36,#31135C
266,79,36,#33135C
267,79,36,#34135C
268,79,36,#35135C
269,79,36,#36135C
270,79,36,#38135C
271,79,36,#39135C
272,79,36,#3A135C
273,79,36,#3B135C
274,79,36,#3C135C
275,79,36,#3E135C
276,79,36,#3F135C
277,79,36,#40135C
278,79,36,#41135C
279,79,36,#42135C
280,79,36,#44135C
281,79,36,#45135C
282,79,36,#46135C
283,79,36,#47135C
284,79,36,#48135C
285,79,36,#4A135C
286,79,36,#4B135C
287,79,36,#4C135C
288,79,36,#4D135C
289,79,36,#4F135C
290,79,36,#50135C
291,79,36,#51135C
292,79,36,#52135C
293,79,36,#53135C
294,79,36,#55135C
295,79,36,#56135C
296,79,36,#57135C
297,79,36,#58135C
298,79,36,#59135C
299,79,36,#5B135C
300,79,36,#5C135C
301,79,36,#5C135B
302,79,36,#5C1359
303,79,36,#5C1358
304,79,36,#5C1357
305,79,36,#5C1356
306,79,36,#5C1355
307,79,36,#5C1353
308,79,36,#5C1352
309,79,36,#5C1351
310,79,36,#5C1350
311,79,36,#5C134F
312,79,36,#5C134D
313,79,36,#5C134C
314,79,36,#5C134B
315,79,36,#5C134A
316,79,36,#5C1348
317,79,36,#5C1347
318,79,36,#5C1346
319,79,36,#5C1345
320,79,36,#5C1344
321,79,36,#5C1342
322,79,36,#5C1341
323,79,36,#5C1340
324,79,36,#5C133F
325,79,36,#5C133E
326,79,36,#5C133C
327,79,36,#5C133B
328,79,36,#5C133A
329,79,36,#5C1339
330,79,36,#5C1338
331,79,36,#5C1336
332,79,36,#5C1335
333,79,36,#5C1334
334,79,36,#5C1333
335,79,36,#5C1331
336,79,36,#5C1330
337,79,36,#5C132F
338,79,36,#5C132E
339,79,36,#5C132D
340,79,36,#5C132B
341,79,36,#5C132A
342,79,36,#5C1329
343,79,36,#5C1328
344,79,36,#5C1327
345,79,36,#5C1325
346,79,36,#5C1324
347,79,36,#5C1323
348,79,36,#5C1322
349,79,36,#5C1321
350,79,36,#5C131F
351,79,36,#5C131E
352,79,36,#5C131D
353,79,36,#5C131C
354,79,36,#5C131B
355,79,36,#5C1319
356,79,36,#5C1318
357,79,36,#5C1317
358,79,36,#5C1316
359,79,36,#5C1314
0,78,36,#5C1414
1,78,36,#5C1514
2,78,36,#5C1714
3,78,36,#5C1814
4,78,36,#5C1914
5,78,36,#5C1A14
6,78,36,#5C1B14
7,78,36,#5C1D14
8,78,36,#5C1E14
9,78,36,#5C1F14
10,78,36,#5C2014
11,78,36,#5C2114
12,78,36,#5C2314
13,78,36,#5C2414
14,78,36,#5C2514
15,78,36,#5C2614
16,78,36,#5C2714
17,78,36,#5C2814
18,78,36,#5C2A14
19,78,36,#5C2B14
20,78,36,#5C2C14
21,78,36,#5C2D14
22,78,36,#5C2E14
23,78,36,#5C3014
24,78,36,#5C3114
25,78,36,#5C3214
26,78,36,#5C3314
27,78,36,#5C3414
28,78,36,#5C3614
29,78,36,#5C3714
30,78,36,#5C3814
31,78,36,#5C3914
32,78,36,#5C3A14
33,78,36,#5C3C14
34,78,36,#5C3D14
35,78,36,#5C3E14
36,78,36,#5C3F14
37,78,36,#5C4014
38,78,36,#5C4214
39,78,36,#5C4314
40,78,36,#5C4414
41,78,36,#5C4514
42,78,36,#5C4614
43,78,36,#5C4814
44,78,36,#5C4914
45,78,36,#5C4A14
46,78,36,#5C4B14
47,78,36,#5C4C14
48,78,36,#5C4D14
49,78,36,#5C4F14
50,78,36,#5C5014
51,78,36,#5C5114
52,78,36,#5C5214
53,78,36,#5C5314
54,78,36,#5C5514
55,78,36,#5C5614
56,78,36,#5C5714
57,78,36,#5C5814
58,78,36,#5C5914
59,78,36,#5C5B14
60,78,36,#5C5C14
61,78,36,#5B5C14
62,78,36,#595C14
63,78,36,#585C14
64,78,36,#575C14
65,78,36,#565C14
66,78,36,#555C14
67,78,36,#535C14
68,78,36,#525C14
69,78,36,#515C14
70,78,36,#505C14
71,78,36,#4F5C14
72,78,36,#4D5C14
73,78,36,#4C5C14
74,78,36,#4B5C14
75,78,36,#4A5C14
76,78,36,#495C14
77,78,36,#485C14
78,78,36,#465C14
79,78,36,#455C14
80,78,36,#445C14
81,78,36,#435C14
82,78,36,#425C14
83,78,36,#405C14
84,78,36,#3F5C14
85,78,36,#3E5C14
86,78,36,#3D5C14
87,78,36,#3C5C14
88,78,36,#3A5C14
89,78,36,#395C14
90,78,36,#385C14
91,78,36,#375C14
92,78,36,#365C14
93,78,36,#345C14
94,78,36,#335C14
95,78,36,#325C14
96,78,36,#315C14
97,78,36,#305C14
98,78,36,#2E5C14
99,78,36,#2D5C14
100,78,36,#2C5C14
101,78,36,#2B5C14
102,78,36,#2A5C14
103,78,36,#285C14
104,78,36,#275C14
105,78,36,#265C14
106,78,36,#255C14
107,78,36,#245C14
108,78,36,#235C14
109,78,36,#215C14
110,78,36,#205C14
111,78,36,#1F5C14
112,78,36,#1E5C14
113,78,36,#1D5C14
114,78,36,#1B5C14
115,78,36,#1A5C14
116,78,36,#195C14
117,78,36,#185C14
118,78,36,#175C14
119,78,36,#155C14
120,78,36,#145C14
121,78,36,#145C15
122,78,36,#145C17
123,78,36,#145C18
124,78,36,#145C19
125,78,36,#145C1A
126,78,36,#145C1B
127,78,36,#145C1D
128,78,36,#145C1E
129,78,36,#145C1F
130,78,36,#145C20
131,78,36,#145C21
132,78,36,#145C23
133,78,36,#145C24
134,78,36,#145C25
135,78,36,#145C26
136,78,36,#145C27
137,78,36,#145C28
138,78,36,#145C2A
139,78,36,#145C2B
140,78,36,#145C2C
141,78,36,#145C2D
142,78,36,#145C2E
143,78,36,#145C30
144,78,36,#145C31
145,78,36,#145C32
146,78,36,#145C33
147,78,36,#145C34
148,78,36,#145C36
149,78,36,#145C37
150,78,36,#145C38
151,78,36,#145C39
152,78,36,#145C3A
153,78,36,#145C3C
154,78,36,#145C3D
155,78,36,#145C3E
156,78,36,#145C3F
157,78,36,#145C40
158,78,36,#145C42
159,78,36,#145C43
160,78,36,#145C44
161,78,36,#145C45
162,78,36,#145C46
163,78,36,#145C48
164,78,36,#145C49
165,78,36,#145C4A
166,78,36,#145C4B
167,78,36,#145C4C
168,78,36,#145C4D
169,78,36,#145C4F
170,78,36,#145C50
171,78,36,#145C51
172,78,36,#145C52
173,78,36,#145C53
174,78,36,#145C55
175,78,36,#145C56
176,78,36,#145C57
177,78,36,#145C58
178,78,36,#145C59
179,78,36,#145C5B
180,78,36,#145C5C
181,78,36,#145B5C
182,78,36,#14595C
183,78,36,#14585C
184,78,36,#14575C
185,78,36,#14565C
186,78,36,#14555C
187,78,36,#14535C
188,78,36,#14525C
189,78,36,#14515C
190,78,36,#14505C
191,78,36,#144F5C
192,78,36,#144D5C
193,78,36,#144C5C
194,78,36,#144B5C
195,78,36,#144A5C
196,78,36,#14495C
197,78,36,#14485C
198,78,36,#14465C
199,78,36,#14455C
200,78,36,#14445C
201,78,36,#14435C
202,78,36,#14425C
203,78,36,#14405C
204,78,36,#143F5C
205,78,36,#143E5C
206,78,36,#143D5C
207,78,36,#143C5C
208,78,36,#143A5C
209,78,36,#14395C
210,78,36,#14385C
211,78,36,#14375C
212,78,36,#14365C
213,78,36,#14345C
214,78,36,#14335C
215,78,36,#14325C
216,78,36,#14315C
217,78,36,#14305C
218,78,36,#142E5C
219,78,36,#142D5C
220,78,36,#142C5C
221,78,36,#142B5C
222,78,36,#142A5C
223,78,36,#14285C
224,78,36,#14275C
225,78,36,#14265C
226,78,36,#14255C
227,78,36,#14245C
228,78,36,#14235C
229,78,36,#14215C
230,78,36,#14205C
231,78,36,#141F5C
232,78,36,#141E5C
233,78,36,#141D5C
234,78,36,#141B5C
235,78,36,#141A5C
236,78,36,#14195C
237,78,36,#14185C
238,78,36,#14175C
239,78,36,#14155C
240,78,36,#14145C
241,78,36,#15145C
242,78,36,#17145C
243,78,36,#18145C
244,78,36,#19145C
245,78,36,#1A145C
246,78,36,#1B145C
247,78,36,#1D145C
248,78,36,#1E145C
249,78,36,#1F145C
250,78,36,#20145C
251,78,36,#21145C
252,78,36,#23145C
253,78,36,#24145C
254,78,36,#25145C
255,78,36,#26145C
256,78,36,#27145C
257,78,36,#28145C
258,78,36,#2A145C
259,78,36,#2B145C
260,78,36,#2C145C
261,78,36,#2D145C
262,78,36,#2E145C
263,78,36,#30145C
264,78,36,#31145C
265,78,36,#32145C
266,78,36,#33145C
267,78,36,#34145C
268,78,36,#36145C
269,78,36,#37145C
270,78,36,#38145C
271,78,36,#39145C
272,78,36,#3A145C
273,78,36,#3C145C
274,78,36,#3D145C
275,78,36,#3E145C
276,78,36,#3F145C
277,78,36,#40145C
278,78,36,#42145C
279,78,36,#43145C
280,78,36,#44145C
281,78,36,#45145C
282,78,36,#46145C
283,78,36,#48145C
284,78,36,#49145C
285,78,36,#4A145C
286,78,36,#4B145C
287,78,36,#4C145C
288,78,36,#4D145C
289,78,36,#4F145C
290,78,36,#50145C
291,78,36,#51145C
292,78,36,#52145C
293,78,36,#53145C
294,78,36,#55145C
295,78,36,#56145C
296,78,36,#57145C
297,78,36,#58145C
298,78,36,#59145C
299,78,36,#5B145C
300,78,36,#5C145C
301,78,36,#5C145B
302,78,36,#5C1459
303,78,36,#5C1458
304,78,36,#5C1457
305,78,36,#5C1456
306,78,36,#5C1455
307,78,36,#5C1453
308,78,36,#5C1452
309,78,36,#5C1451
310,78,36,#5C1450
311,78,36,#5C144F
312,78,36,#5C144D
313,78,36,#5C144C
314,78,36,#5C144B
315,78,36,#5C144A
316,78,36,#5C1449
317,78,36,#5C1448
318,78,36,#5C1446
319,78,36,#5C1445
320,78,36,#5C1444
321,78,36,#5C1443
322,78,36,#5C1442
323,78,36,#5C1440
324,78,36,#5C143F
325,78,36,#5C143E
326,78,36,#5C143D
327,78,36,#5C143C
328,78,36,#5C143A
329,78,36,#5C1439
330,78,36,#5C1438
331,78,36,#5C1437
332,78,36,#5C1436
333,78,36,#5C1434
334,78,36,#5C1433
335,78,36,#5C1432
336,78,36,#5C1431
337,78,36,#5C1430
338,78,36,#5C142E
339,78,36,#5C142D
340,78,36,#5C142C
341,78,36,#5C142B
342,78,36,#5C142A
343,78,36,#5C1428
344,78,36,#5C1427
345,78,36,#5C1426
346,78,36,#5C1425
347,78,36,#5C1424
348,78,36,#5C1423
349,78,36,#5C1421
350,78,36,#5C1420
351,78,36,#5C141F
352,78,36,#5C141E
353,78,36,#5C141D
354,78,36,#5C141B
355,78,36,#5C141A
356,78,36,#5C1419
357,78,36,#5C1418
358,78,36,#5C1417
359,78,36,#5C1415
0,77,36,#5C1515
1,77,36,#5C1615
2,77,36,#5C1715
3,77,36,#5C1915
4,77,36,#5C1A15
5,77,36,#5C1B15
6,77,36,#5C1C15
7,77,36,#5C1D15
8,77,36,#5C1F15
9,77,36,#5C2015
10,77,36,#5C2115
11,77,36,#5C2215
12,77,36,#5C2315
13,77,36,#5C2415
14,77,36,#5C2615
15,77,36,#5C2715
16,77,36,#5C2815
17,77,36,#5C2915
18,77,36,#5C2A15
19,77,36,#5C2B15
20,77,36,#5C2D15
21,77,36,#5C2E15
22,77,36,#5C2F15
23,77,36,#5C3015
24,77,36,#5C3115
25,77,36,#5C3315
26,77,36,#5C3415
27,77,36,#5C3515
28,77,36,#5C3615
29,77,36,#5C3715
30,77,36,#5C3815
31,77,36,#5C3A15
32,77,36,#5C3B15
33,77,36,#5C3C15
34,77,36,#5C3D15
35,77,36,#5C3E15
36,77,36,#5C4015
37,77,36,#5C4115
38,77,36,#5C4215
39,77,36,#5C4315
40,77,36,#5C4415
41,77,36,#5C4515
42,77,36,#5C4715
43,77,36,#5C4815
44,77,36,#5C4915
45,77,36,#5C4A15
46,77,36,#5C4B15
47,77,36,#5C4C15
48,77,36,#5C4E15
49,77,36,#5C4F15
50,77,36,#5C5015
51,77,36,#5C5115
52,77,36,#5C5215
53,77,36,#5C5415
54,77,36,#5C5515
55,77,36,#5C5615
56,77,36,#5C5715
57,77,36,#5C5815
58,77,36,#5C5915
59,77,36,#5C5B15
60,77,36,#5C5C15
61,77,36,#5B5C15
62,77,36,#595C15
63,77,36,#585C15
64,77,36,#575C15
65,77,36,#565C15
66,77,36,#555C15
67,77,36,#545C15
68,77,36,#525C15
69,77,36,#515C15
70,77,36,#505C15
71,77,36,#4F5C15
72,77,36,#4E5C15
73,77,36,#4C5C15
74,77,36,#4B5C15
75,77,36,#4A5C15
76,77,36,#495C15
77,77,36,#485C15
78,77,36,#475C15
79,77,36,#455C15
80,77,36,#445C15
81,77,36,#435C15
82,77,36,#425C15
83,77,36,#415C15
84,77,36,#405C15
85,77,36,#3E5C15
86,77,36,#3D5C15
87,77,36,#3C5C15
88,77,36,#3B5C15
89,77,36,#3A5C15
90,77,36,#385C15
91,77,36,#375C15
92,77,36,#365C15
93,77,36,#355C15
94,77,36,#345C15
95,77,36,#335C15
96,77,36,#315C15
97,77,36,#305C15
98,77,36,#2F5C15
99,77,36,#2E5C15
100,77,36,#2D5C15
101,77,36,#2B5C15
102,77,36,#2A5C15
103,77,36,#295C15
104,77,36,#285C15
105,77,36,#275C15
106,77,36,#265C15
107,77,36,#245C15
108,77,36,#235C15
109,77,36,#225C15
110,77,36,#215C15
111,77,36,#205C15
112,77,36,#1F5C15
113,77,36,#1D5C15
114,77,36,#1C5C15
115,77,36,#1B5C15
116,77,36,#1A5C15
117,77,36,#195C15
118,77,36,#175C15
119,77,36,#165C15
120,77,36,#155C15
121,77,36,#155C16
122,77,36,#155C17
123,77,36,#155C19
124,77,36,#155C1A
125,77,36,#155C1B
126,77,36,#155C1C
127,77,36,#155C1D
128,77,36,#155C1F
129,77,36,#155C20
130,77,36,#155C21
131,77,36,#155C22
132,77,36,#155C23
133,77,36,#155C24
134,77,36,#155C26
135,77,36,#155C27
136,77,36,#155C28
137,77,36,#155C29
138,77,36,#155C2A
139,77,36,#155C2B
140,77,36,#155C2D
141,77,36,#155C2E
142,77,36,#155C2F
143,77,36,#155C30
144,77,36,#155C31
145,77,36,#155C33
146,77,36,#155C34
147,77,36,#155C35
148,77,36,#155C36
149,77,36,#155C37
150,77,36,#155C38
151,77,36,#155C3A
152,77,36,#155C3B
153,77,36,#155C3C
154,77,36,#155C3D
155,77,36,#155C3E
156,77,36,#155C40
157,77,36,#155C41
158,77,36,#155C42
159,77,36,#155C43
160,77,36,#155C44
161,77,36,#155C45
162,77,36,#155C47
163,77,36,#155C48
164,77,36,#155C49
165,77,36,#155C4A
166,77,36,#155C4B
167,77,36,#155C4C
168,77,36,#155C4E
169,77,36,#155C4F
170,77,36,#155C50
171,77,36,#155C51
172,77,36,#155C52
173,77,36,#155C54
174,77,36,#155C55
175,77,36,#155C56
176,77,36,#155C57
177,77,36,#155C58
178,77,36,#155C59
179,77,36,#155C5B
180,77,36,#155C5C
181,77,36,#155B5C
182,77,36,#15595C
183,77,36,#15585C
184,77,36,#15575C
185,77,36,#15565C
186,77,36,#15555C
187,77,36,#15545C
188,77,36,#15525C
189,77,36,#15515C
190,77,36,#15505C
191,77,36,#154F5C
192,77,36,#154E5C
193,77,36,#154C5C
194,77,36,#154B5C
195,77,36,#154A5C
196,77,36,#15495C
197,77,36,#15485C
198,77,36,#15475C
199,77,36,#15455C
200,77,36,#15445C
201,77,36,#15435C
202,77,36,#15425C
203,77,36,#15415C
204,77,36,#15405C
205,77,36,#153E5C
206,77,36,#153D5C
207,77,36,#153C5C
208,77,36,#153B5C
209,77,36,#153A5C
210,77,36,#15385C
211,77,36,#15375C
212,77,36,#15365C
213,77,36,#15355C
214,77,36,#15345C
215,77,36,#15335C
216,77,36,#15315C
217,77,36,#15305C
218,77,36,#152F5C
219,77,36,#152E5C
220,77,36,#152D5C
221,77,36,#152B5C
222,77,36,#152A5C
223,77,36,#15295C
224,77,36,#15285C
225,77,36,#15275C
226,77,36,#15265C
227,77,36,#15245C
228,77,36,#15235C
229,77,36,#15225C
230,77,36,#15215C
231,77,36,#15205C
232,77,36,#151F5C
233,77,36,#151D5C
234,77,36,#151C5C
235,77,36,#151B5C
236,77,36,#151A5C
237,77,36,#15195C
238,77,36,#15175C
239,77,36,#15165C
240,77,36,#15155C
241,77,36,#16155C
242,77,36,#17155C
243,77,36,#19155C
244,77,36,#1A155C
245,77,36,#1B155C
246,77,36,#1C155C
247,77,36,#1D155C
248,77,36,#1F155C
249,77,36,#20155C
250,77,36,#21155C
251,77,36,#22155C
252,77,36,#23155C
253,77,36,#24155C
254,77,36,#26155C
255,77,36,#27155C
256,77,36,#28155C
257,77,36,#29155C
258,77,36,#2A155C
259,77,36,#2B155C
260,77,36,#2D155C
261,77,36,#2E155C
262,77,36,#2F155C
263,77,36,#30155C
264,77,36,#31155C
265,77,36,#33155C
266,77,36,#34155C
267,77,36,#35155C
268,77,36,#36155C
269,77,36,#37155C
270,77,36,#38155C
271,77,36,#3A155C
272,77,36,#3B155C
273,77,36,#3C155C
274,77,36,#3D155C
275,77,36,#3E155C
276,77,36,#40155C
277,77,36,#41155C
278,77,36,#42155C
279,77,36,#43155C
280,77,36,#44155C
281,77,36,#45155C
282,77,36,#47155C
283,77,36,#48155C
284,77,36,#49155C
285,77,36,#4A155C
286,77,36,#4B155C
287,77,36,#4C155C
288,77,36,#4E155C
289,77,36,#4F155C
290,77,36,#50155C
291,77,36,#51155C
292,77,36,#52155C
293,77,36,#54155C
294,77,36,#55155C
295,77,36,#56155C
296,77,36,#57155C
297,77,36,#58155C
298,77,36,#59155C
299,77,36,#5B155C
300,77,36,#5C155C
301,77,36,#5C155B
302,77,36,#5C1559
303,77,36,#5C1558
304,77,36,#5C1557
305,77,36,#5C1556
306,77,36,#5C1555
307,77,36,#5C1554
308,77,36,#5C1552
309,77,36,#5C1551
310,77,36,#5C1550
311,77,36,#5C154F
312,77,36,#5C154E
313,77,36,#5C154C
314,77,36,#5C154B
315,77,36,#5C154A
316,77,36,#5C1549
317,77,36,#5C1548
318,77,36,#5C1547
319,77,36,#5C1545
320,77,36,#5C1544
321,77,36,#5C1543
322,77,36,#5C1542
323,77,36,#5C1541
324,77,36,#5C1540
325,77,36,#5C153E
326,77,36,#5C153D
327,77,36,#5C153C
328,77,36,#5C153B
329,77,36,#5C153A
330,77,36,#5C1538
331,77,36,#5C1537
332,77,36,#5C1536
333,77,36,#5C1535
334,77,36,#5C1534
335,77,36,#5C1533
336,77,36,#5C1531
337,77,36,#5C1530
338,77,36,#5C152F
339,77,36,#5C152E
340,77,36,#5C152D
341,77,36,#5C152B
342,77,36,#5C152A
343,77,36,#5C1529
344,77,36,#5C1528
345,77,36,#5C1527
346,77,36,#5C1526
347,77,36,#5C1524
348,77,36,#5C1523
349,77,36,#5C1522
350,77,36,#5C1521
351,77,36,#5C1520
352,77,36,#5C151F
353,77,36,#5C151D
354,77,36,#5C151C
355,77,36,#5C151B
356,77,36,#5C151A
357,77,36,#5C1519
358,77,36,#5C1517
359,77,36,#5C1516
0,76,36,#5C1616
1,76,36,#5C1716
2,76,36,#5C1816
3,76,36,#5C1A16
4,76,36,#5C1B16
5,76,36,#5C1C16
6,76,36,#5C1D16
7,76,36,#5C1E16
8,76,36,#5C1F16
9,76,36,#5C2016
10,76,36,#5C2216
11,76,36,#5C2316
12,76,36,#5C2416
13,76,36,#5C2516
14,76,36,#5C2616
15,76,36,#5C2716
16,76,36,#5C2916
17,76,36,#5C2A16
18,76,36,#5C2B16
19,76,36,#5C2C16
20,76,36,#5C2D16
21,76,36,#5C2E16
22,76,36,#5C3016
23,76,36,#5C3116
24,76,36,#5C3216
25,76,36,#5C3316
26,76,36,#5C3416
27,76,36,#5C3516
28,76,36,#5C3716
29,76,36,#5C3816
30,76,36,#5C3916
31,76,36,#5C3A16
32,76,36,#5C3B16
33,76,36,#5C3C16
34,76,36,#5C3E16
35,76,36,#5C3F16
36,76,36,#5C4016
37,76,36,#5C4116
38,76,36,#5C4216
39,76,36,#5C4316
40,76,36,#5C4516
41,76,36,#5C4616
42,76,36,#5C4716
43,76,36,#5C4816
44,76,36,#5C4916
45,76,36,#5C4A16
46,76,36,#5C4C16
47,76,36,#5C4D16
48,76,36,#5C4E16
49,76,36,#5C4F16
50,76,36,#5C5016
51,76,36,#5C5116
52,76,36,#5C5216
53,76,36,#5C5416
54,76,36,#5C5516
55,76,36,#5C5616
56,76,36,#5C5716
57,76,36,#5C5816
58,76,36,#5C5916
59,76,36,#5C5B16
60,76,36,#5C5C16
61,76,36,#5B5C16
62,76,36,#595C16
63,76,36,#585C16
64,76,36,#575C16
65,76,36,#565C16
66,76,36,#555C16
67,76,36,#545C16
68,76,36,#525C16
69,76,36,#515C16
70,76,36,#505C16
71,76,36,#4F5C16
72,76,36,#4E5C16
73,76,36,#4D5C16
74,76,36,#4C5C16
75,76,36,#4A5C16
76,76,36,#495C16
77,76,36,#485C16
78,76,36,#475C16
79,76,36,#465C16
80,76,36,#455C16
81,76,36,#435C16
82,76,36,#425C16
83,76,36,#415C16
84,76,36,#405C16
85,76,36,#3F5C16
86,76,36,#3E5C16
87,76,36,#3C5C16
88,76,36,#3B5C16
89,76,36,#3A5C16
90,76,36,#395C16
91,76,36,#385C16
92,76,36,#375C16
93,76,36,#355C16
94,76,36,#345C16
95,76,36,#335C16
96,76,36,#325C16
97,76,36,#315C16
98,76,36,#305C16
99,76,36,#2E5C16
100,76,36,#2D5C16
101,76,36,#2C5C16
102,76,36,#2B5C16
103,76,36,#2A5C16
104,76,36,#295C16
105,76,36,#275C16
106,76,36,#265C16
107,76,36,#255C16
108,76,36,#245C16
109,76,36,#235C16
110,76,36,#225C16
111,76,36,#205C16
112,76,36,#1F5C16
113,76,36,#1E5C16
114,76,36,#1D5C16
115,76,36,#1C5C16
116,76,36,#1B5C16
117,76,36,#1A5C16
118,76,36,#185C16
119,76,36,#175C16
120,76,36,#165C16
121,76,36,#165C17
122,76,36,#165C18
123,76,36,#165C1A
124,76,36,#165C1B
125,76,36,#165C1C
126,76,36,#165C1D
127,76,36,#165C1E
128,76,36,#165C1F
129,76,36,#165C20
130,76,36,#165C22
131,76,36,#165C23
132,76,36,#165C24
133,76,36,#165C25
134,76,36,#165C26
135,76,36,#165C27
136,76,36,#165C29
137,76,36,#165C2A
138,76,36,#165C2B
139,76,36,#165C2C
140,76,36,#165C2D
141,76,36,#165C2E
142,76,36,#165C30
143,76,36,#165C31
144,76,36,#165C32
145,76,36,#165C33
146,76,36,#165C34
147,76,36,#165C35
148,76,36,#165C37
149,76,36,#165C38
150,76,36,#165C39
151,76,36,#165C3A
152,76,36,#165C3B
153,76,36,#165C3C
154,76,36,#165C3E
155,76,36,#165C3F
156,76,36,#165C40
157,76,36,#165C41
158,76,36,#165C42
159,76,36,#165C43
160,76,36,#165C45
161,76,36,#165C46
162,76,36,#165C47
163,76,36,#165C48
164,76,36,#165C49
165,76,36,#165C4A
166,76,36,#165C4C
167,76,36,#165C4D
168,76,36,#165C4E
169,76,36,#165C4F
170,76,36,#165C50
171,76,36,#165C51
172,76,36,#165C52
173,76,36,#165C54
174,76,36,#165C55
175,76,36,#165C56
176,76,36,#165C57
177,76,36,#165C58
178,76,36,#165C59
179,76,36,#165C5B
180,76,36,#165C5C
181,76,36,#165B5C
182,76,36,#16595C
183,76,36,#16585C
184,76,36,#16575C
185,76,36,#16565C
186,76,36,#16555C
187,76,36,#16545C
188,76,36,#16525C
189,76,36,#16515C
190,76,36,#16505C
191,76,36,#164F5C
192,76,36,#164E5C
193,76,36,#164D5C
194,76,36,#164C5C
195,76,36,#164A5C
196,76,36,#16495C
197,76,36,#16485C
198,76,36,#16475C
199,76,36,#16465C
200,76,36,#16455C
201,76,36,#16435C
202,76,36,#16425C
203,76,36,#16415C
204,76,36,#16405C
205,76,36,#163F5C
206,76,36,#163E5C
207,76,36,#163C5C
208,76,36,#163B5C
209,76,36,#163A5C
210,76,36,#16395C
211,76,36,#16385C
212,76,36,#16375C
213,76,36,#16355C
214,76,36,#16345C
215,76,36,#16335C
216,76,36,#16325C
217,76,36,#16315C
218,76,36,#16305C
219,76,36,#162E5C
220,76,36,#162D5C
221,76,36,#162C5C
222,76,36,#162B5C
223,76,36,#162A5C
224,76,36,#16295C
225,76,36,#16275C
226,76,36,#16265C
227,76,36,#16255C
228,76,36,#16245C
229,76,36,#16235C
230,76,36,#16225C
231,76,36,#16205C
232,76,36,#161F5C
233,76,36,#161E5C
234,76,36,#161D5C
235,76,36,#161C5C
236,76,36,#161B5C
237,76,36,#161A5C
238,76,36,#16185C
239,76,36,#16175C
240,76,36,#16165C
241,76,36,#17165C
242,76,36,#18165C
243,76,36,#1A165C
244,76,36,#1B165C
245,76,36,#1C165C
246,76,36,#1D165C
247,76,36,#1E165C
248,76,36,#1F165C
249,76,36,#20165C
250,76,36,#22165C
251,76,36,#23165C
252,76,36,#24165C
253,76,36,#25165C
254,76,36,#26165C
255,76,36,#27165C
256,76,36,#29165C
257,76,36,#2A165C
258,76,36,#2B165C
259,76,36,#2C165C
260,76,36,#2D165C
261,76,36,#2E165C
262,76,36,#30165C
263,76,36,#31165C
264,76,36,#32165C
265,76,36,#33165C
266,76,36,#34165C
267,76,36,#35165C
268,76,36,#37165C
269,76,36,#38165C
270,76,36,#39165C
271,76,36,#3A165C
272,76,36,#3B165C
273,76,36,#3C165C
274,76,36,#3E165C
275,76,36,#3F165C
276,76,36,#40165C
277,76,36,#41165C
278,76,36,#42165C
279,76,36,#43165C
280,76,36,#45165C
281,76,36,#46165C
282,76,36,#47165C
283,76,36,#48165C
284,76,36,#49165C
285,76,36,#4A165C
286,76,36,#4C165C
287,76,36,#4D165C
288,76,36,#4E165C
289,76,36,#4F165C
290,76,36,#50165C
291,76,36,#51165C
292,76,36,#52165C
293,76,36,#54165C
294,76,36,#55165C
295,76,36,#56165C
296,76,36,#57165C
297,76,36,#58165C
298,76,36,#59165C
299,76,36,#5B165C
300,76,36,#5C165C
301,76,36,#5C165B
302,76,36,#5C1659
303,76,36,#5C1658
304,76,36,#5C1657
305,76,36,#5C1656
306,76,36,#5C1655
307,76,36,#5C1654
308,76,36,#5C1652
309,76,36,#5C1651
310,76,36,#5C1650
311,76,36,#5C164F
312,76,36,#5C164E
313,76,36,#5C164D
314,76,36,#5C164C
315,76,36,#5C164A
316,76,36,#5C1649
317,76,36,#5C1648
318,76,36,#5C1647
319,76,36,#5C1646
320,76,36,#5C1645
321,76,36,#5C1643
322,76,36,#5C1642
323,76,36,#5C1641
324,76,36,#5C1640
325,76,36,#5C163F
326,76,36,#5C163E
327,76,36,#5C163C
328,76,36,#5C163B
329,76,36,#5C163A
330,76,36,#5C1639
331,76,36,#5C1638
332,76,36,#5C1637
333,76,36,#5C1635
334,76,36,#5C1634
335,76,36,#5C1633
336,76,36,#5C1632
337,76,36,#5C1631
338,76,36,#5C1630
339,76,36,#5C162E
340,76,36,#5C162D
341,76,36,#5C162C
342,76,36,#5C162B
343,76,36,#5C162A
344,76,36,#5C1629
345,76,36,#5C1627
346,76,36,#5C1626
347,76,36,#5C1625
348,76,36,#5C1624
349,76,36,#5C1623
350,76,36,#5C1622
351,76,36,#5C1620
352,76,36,#5C161F
353,76,36,#5C161E
354,76,36,#5C161D
355,76,36,#5C161C
356,76,36,#5C161B
357,76,36,#5C161A
358,76,36,#5C1618
359,76,36,#5C1617
0,75,36,#5C1717
1,75,36,#5C1817
2,75,36,#5C1917
3,75,36,#5C1A17
4,75,36,#5C1C17
5,75,36,#5C1D17
6,75,36,#5C1E17
7,75,36,#5C1F17
8,75,36,#5C2017
9,75,36,#5C2117
10,75,36,#5C2217
11,75,36,#5C2417
12,75,36,#5C2517
13,75,36,#5C2617
14,75,36,#5C2717
15,75,36,#5C2817
16,75,36,#5C2917
17,75,36,#5C2A17
18,75,36,#5C2C17
19,75,36,#5C2D17
20,75,36,#5C2E17
21,75,36,#5C2F17
22,75,36,#5C3017
23,75,36,#5C3117
24,75,36,#5C3217
25,75,36,#5C3417
26,75,36,#5C3517
27,75,36,#5C3617
28,75,36,#5C3717
29,75,36,#5C3817
30,75,36,#5C3917
31,75,36,#5C3B17
32,75,36,#5C3C17
33,75,36,#5C3D17
34,75,36,#5C3E17
35,75,36,#5C3F17
36,75,36,#5C4017
37,75,36,#5C4117
38,75,36,#5C4317
39,75,36,#5C4417
40,75,36,#5C4517
41,75,36,#5C4617
42,75,36,#5C4717
43,75,36,#5C4817
44,75,36,#5C4917
45,75,36,#5C4B17
46,75,36,#5C4C17
47,75,36,#5C4D17
48,75,36,#5C4E17
49,75,36,#5C4F17
50,75,36,#5C5017
51,75,36,#5C5117
52,75,36,#5C5317
53,75,36,#5C5417
54,75,36,#5C5517
55,75,36,#5C5617
56,75,36,#5C5717
57,75,36,#5C5817
58,75,36,#5C5A17
59,75,36,#5C5B17
60,75,36,#5C5C17
61,75,36,#5B5C17
62,75,36,#5A5C17
63,75,36,#585C17
64,75,36,#575C17
65,75,36,#565C17
66,75,36,#555C17
67,75,36,#545C17
68,75,36,#535C17
69,75,36,#515C17
70,75,36,#505C17
71,75,36,#4F5C17
72,75,36,#4E5C17
73,75,36,#4D5C17
74,75,36,#4C5C17
75,75,36,#4B5C17
76,75,36,#495C17
77,75,36,#485C17
78,75,36,#475C17
79,75,36,#465C17
80,75,36,#455C17
81,75,36,#445C17
82,75,36,#435C17
83,75,36,#415C17
84,75,36,#405C17
85,75,36,#3F5C17
86,75,36,#3E5C17
87,75,36,#3D5C17
88,75,36,#3C5C17
89,75,36,#3B5C17
90,75,36,#395C17
91,75,36,#385C17
92,75,36,#375C17
93,75,36,#365C17
94,75,36,#355C17
95,75,36,#345C17
96,75,36,#325C17
97,75,36,#315C17
98,75,36,#305C17
99,75,36,#2F5C17
100,75,36,#2E5C17
101,75,36,#2D5C17
102,75,36,#2C5C17
103,75,36,#2A5C17
104,75,36,#295C17
105,75,36,#285C17
106,75,36,#275C17
107,75,36,#265C17
108,75,36,#255C17
109,75,36,#245C17
110,75,36,#225C17
111,75,36,#215C17
112,75,36,#205C17
113,75,36,#1F5C17
114,75,36,#1E5C17
115,75,36,#1D5C17
116,75,36,#1C5C17
117,75,36,#1A5C17
118,75,36,#195C17
119,75,36,#185C17
120,75,36,#175C17
121,75,36,#175C18
122,75,36,#175C19
123,75,36,#175C1A
124,75,36,#175C1C
125,75,36,#175C1D
126,75,36,#175C1E
127,75,36,#175C1F
128,75,36,#175C20
129,75,36,#175C21
130,75,36,#175C22
131,75,36,#175C24
132,75,36,#175C25
133,75,36,#175C26
134,75,36,#175C27
135,75,36,#175C28
136,75,36,#175C29
137,75,36,#175C2A
138,75,36,#175C2C
139,75,36,#175C2D
140,75,36,#175C2E
141,75,36,#175C2F
142,75,36,#175C30
143,75,36,#175C31
144,75,36,#175C32
145,75,36,#175C34
146,75,36,#175C35
147,75,36,#175C36
148,75,36,#175C37
149,75,36,#175C38
150,75,36,#175C39
151,75,36,#175C3B
152,75,36,#175C3C
153,75,36,#175C3D
154,75,36,#175C3E
155,75,36,#175C3F
156,75,36,#175C40
157,75,36,#175C41
158,75,36,#175C43
159,75,36,#175C44
160,75,36,#175C45
161,75,36,#175C46
162,75,36,#175C47
163,75,36,#175C48
164,75,36,#175C49
165,75,36,#175C4B
166,75,36,#175C4C
167,75,36,#175C4D
168,75,36,#175C4E
169,75,36,#175C4F
170,75,36,#175C50
171,75,36,#175C51
172,75,36,#175C53
173,75,36,#175C54
174,75,36,#175C55
175,75,36,#175C56
176,75,36,#175C57
177,75,36,#175C58
178,75,36,#175C5A
179,75,36,#175C5B
180,75,36,#175C5C
181,75,36,#175B5C
182,75,36,#175A5C
183,75,36,#17585C
184,75,36,#17575C
185,75,36,#17565C
186,75,36,#17555C
187,75,36,#17545C
188,75,36,#17535C
189,75,36,#17515C
190,75,36,#17505C
191,75,36,#174F5C
192,75,36,#174E5C
193,75,36,#174D5C
194,75,36,#174C5C
195,75,36,#174B5C
196,75,36,#17495C
197,75,36,#17485C
198,75,36,#17475C
199,75,36,#17465C
200,75,36,#17455C
201,75,36,#17445C
202,75,36,#17435C
203,75,36,#17415C
204,75,36,#17405C
205,75,36,#173F5C
206,75,36,#173E5C
207,75,36,#173D5C
208,75,36,#173C5C
209,75,36,#173B5C
210,75,36,#17395C
211,75,36,#17385C
212,75,36,#17375C
213,75,36,#17365C
214,75,36,#17355C
215,75,36,#17345C
216,75,36,#17325C
217,75,36,#17315C
218,75,36,#17305C
219,75,36,#172F5C
220,75,36,#172E5C
221,75,36,#172D5C
222,75,36,#172C5C
223,75,36,#172A5C
224,75,36,#17295C
225,75,36,#17285C
226,75,36,#17275C
227,75,36,#17265C
228,75,36,#17255C
229,75,36,#17245C
230,75,36,#17225C
231,75,36,#17215C
232,75,36,#17205C
233,75,36,#171F5C
234,75,36,#171E5C
235,75,36,#171D5C
236,75,36,#171C5C
237,75,36,#171A5C
238,75,36,#17195C
239,75,36,#17185C
240,75,36,#17175C
241,75,36,#18175C
242,75,36,#19175C
243,75,36,#1A175C
244,75,36,#1C175C
245,75,36,#1D175C
246,75,36,#1E175C
247,75,36,#1F175C
248,75,36,#20175C
249,75,36,#21175C
250,75,36,#22175C
251,75,36,#24175C
252,75,36,#25175C
253,75,36,#26175C
254,75,36,#27175C
255,75,36,#28175C
256,75,36,#29175C
257,75,36,#2A175C
258,75,36,#2C175C
259,75,36,#2D175C
260,75,36,#2E175C
261,75,36,#2F175C
262,75,36,#30175C
263,75,36,#31175C
264,75,36,#32175C
265,75,36,#34175C
266,75,36,#35175C
267,75,36,#36175C
268,75,36,#37175C
269,75,36,#38175C
270,75,36,#39175C
271,75,36,#3B175C
272,75,36,#3C175C
273,75,36,#3D175C
274,75,36,#3E175C
275,75,36,#3F175C
276,75,36,#40175C
277,75,36,#41175C
278,75,36,#43175C
279,75,36,#44175C
280,75,36,#45175C
281,75,36,#46175C
282,75,36,#47175C
283,75,36,#48175C
284,75,36,#49175C
285,75,36,#4B175C
286,75,36,#4C175C
287,75,36,#4D175C
288,75,36,#4E175C
289,75,36,#4F175C
290,75,36,#50175C
291,75,36,#51175C
292,75,36,#53175C
293,75,36,#54175C
294,75,36,#55175C
295,75,36,#56175C
296,75,36,#57175C
297,75,36,#58175C
298,75,36,#5A175C
299,75,36,#5B175C
300,75,36,#5C175C
301,75,36,#5C175B
302,75,36,#5C175A
303,75,36,#5C1758
304,75,36,#5C1757
305,75,36,#5C1756
306,75,36,#5C1755
307,75,36,#5C1754
308,75,36,#5C1753
309,75,36,#5C1751
310,75,36,#5C1750
311,75,36,#5C174F
312,75,36,#5C174E
313,75,36,#5C174D
314,75,36,#5C174C
315,75,36,#5C174B
316,75,36,#5C1749
317,75,36,#5C1748
318,75,36,#5C1747
319,75,36,#5C1746
320,75,36,#5C1745
321,75,36,#5C1744
322,75,36,#5C1743
323,75,36,#5C1741
324,75,36,#5C1740
325,75,36,#5C173F
326,75,36,#5C173E
327,75,36,#5C173D
328,75,36,#5C173C
329,75,36,#5C173B
330,75,36,#5C1739
331,75,36,#5C1738
332,75,36,#5C1737
333,75,36,#5C1736
334,75,36,#5C1735
335,75,36,#5C1734
336,75,36,#5C1732
337,75,36,#5C1731
338,75,36,#5C1730
339,75,36,#5C172F
340,75,36,#5C172E
341,75,36,#5C172D
342,75,36,#5C172C
343,75,36,#5C172A
344,75,36,#5C1729
345,75,36,#5C1728
346,75,36,#5C1727
347,75,36,#5C1726
348,75,36,#5C1725
349,75,36,#5C1724
350,75,36,#5C1722
351,75,36,#5C1721
352,75,36,#5C1720
353,75,36,#5C171F
354,75,36,#5C171E
355,75,36,#5C171D
356,75,36,#5C171C
357,75,36,#5C171A
358,75,36,#5C1719
359,75,36,#5C1718
0,74,36,#5C1818
1,74,36,#5C1918
2,74,36,#5C1A18
3,74,36,#5C1B18
4,74,36,#5C1C18
5,74,36,#5C1E18
6,74,36,#5C1F18
7,74,36,#5C2018
8,74,36,#5C2118
9,74,36,#5C2218
10,74,36,#5C2318
11,74,36,#5C2418
12,74,36,#5C2518
13,74,36,#5C2718
14,74,36,#5C2818
15,74,36,#5C2918
16,74,36,#5C2A18
17,74,36,#5C2B18
18,74,36,#5C2C18
19,74,36,#5C2D18
20,74,36,#5C2F18
21,74,36,#5C3018
22,74,36,#5C3118
23,74,36,#5C3218
24,74,36,#5C3318
25,74,36,#5C3418
26,74,36,#5C3518
27,74,36,#5C3618
28,74,36,#5C3818
29,74,36,#5C3918
30,74,36,#5C3A18
31,74,36,#5C3B18
32,74,36,#5C3C18
33,74,36,#5C3D18
34,74,36,#5C3E18
35,74,36,#5C3F18
36,74,36,#5C4118
37,74,36,#5C4218
38,74,36,#5C4318
39,74,36,#5C4418
40,74,36,#5C4518
41,74,36,#5C4618
42,74,36,#5C4718
43,74,36,#5C4918
44,74,36,#5C4A18
45,74,36,#5C4B18
46,74,36,#5C4C18
47,74,36,#5C4D18
48,74,36,#5C4E18
49,74,36,#5C4F18
50,74,36,#5C5018
51,74,36,#5C5218
52,74,36,#5C5318
53,74,36,#5C5418
54,74,36,#5C5518
55,74,36,#5C5618
56,74,36,#5C5718
57,74,36,#5C5818
58,74,36,#5C5A18
59,74,36,#5C5B18
60,74,36,#5C5C18
61,74,36,#5B5C18
62,74,36,#5A5C18
63,74,36,#585C18
64,74,36,#575C18
65,74,36,#565C18
66,74,36,#555C18
67,74,36,#545C18
68,74,36,#535C18
69,74,36,#525C18
70,74,36,#505C18
71,74,36,#4F5C18
72,74,36,#4E5C18
73,74,36,#4D5C18
74,74,36,#4C5C18
75,74,36,#4B5C18
76,74,36,#4A5C18
77,74,36,#495C18
78,74,36,#475C18
79,74,36,#465C18
80,74,36,#455C18
81,74,36,#445C18
82,74,36,#435C18
83,74,36,#425C18
84,74,36,#415C18
85,74,36,#3F5C18
86,74,36,#3E5C18
87,74,36,#3D5C18
88,74,36,#3C5C18
89,74,36,#3B5C18
90,74,36,#3A5C18
91,74,36,#395C18
92,74,36,#385C18
93,74,36,#365C18
94,74,36,#355C18
95,74,36,#345C18
96,74,36,#335C18
97,74,36,#325C18
98,74,36,#315C18
99,74,36,#305C18
100,74,36,#2F5C18
101,74,36,#2D5C18
102,74,36,#2C5C18
103,74,36,#2B5C18
104,74,36,#2A5C18
105,74,36,#295C18
106,74,36,#285C18
107,74,36,#275C18
108,74,36,#255C18
109,74,36,#245C18
110,74,36,#235C18
111,74,36,#225C18
112,74,36,#215C18
113,74,36,#205C18
114,74,36,#1F5C18
115,74,36,#1E5C18
116,74,36,#1C5C18
117,74,36,#1B5C18
118,74,36,#1A5C18
119,74,36,#195C18
120,74,36,#185C18
121,74,36,#185C19
122,74,36,#185C1A
123,74,36,#185C1B
124,74,36,#185C1C
125,74,36,#185C1E
126,74,36,#185C1F
127,74,36,#185C20
128,74,36,#185C21
129,74,36,#185C22
130,74,36,#185C23
131,74,36,#185C24
132,74,36,#185C25
133,74,36,#185C27
134,74,36,#185C28
135,74,36,#185C29
136,74,36,#185C2A
137,74,36,#185C2B
138,74,36,#185C2C
139,74,36,#185C2D
140,74,36,#185C2F
141,74,36,#185C30
142,74,36,#185C31
143,74,36,#185C32
144,74,36,#185C33
145,74,36,#185C34
146,74,36,#185C35
147,74,36,#185C36
148,74,36,#185C38
149,74,36,#185C39
150,74,36,#185C3A
151,74,36,#185C3B
152,74,36,#185C3C
153,74,36,#185C3D
154,74,36,#185C3E
155,74,36,#185C3F
156,74,36,#185C41
157,74,36,#185C42
158,74,36,#185C43
159,74,36,#185C44
160,74,36,#185C45
161,74,36,#185C46
162,74,36,#185C47
163,74,36,#185C49
164,74,36,#185C4A
165,74,36,#185C4B
166,74,36,#185C4C
167,74,36,#185C4D
168,74,36,#185C4E
169,74,36,#185C4F
170,74,36,#185C50
171,74,36,#185C52
172,74,36,#185C53
173,74,36,#185C54
174,74,36,#185C55
175,74,36,#185C56
176,74,36,#185C57
177,74,36,#185C58
178,74,36,#185C5A
179,74,36,#185C5B
180,74,36,#185C5C
181,74,36,#185B5C
182,74,36,#185A5C
183,74,36,#18585C
184,74,36,#18575C
185,74,36,#18565C
186,74,36,#18555C
187,74,36,#18545C
188,74,36,#18535C
189,74,36,#18525C
190,74,36,#18505C
191,74,36,#184F5C
192,74,36,#184E5C
193,74,36,#184D5C
194,74,36,#184C5C
195,74,36,#184B5C
196,74,36,#184A5C
197,74,36,#18495C
198,74,36,#18475C
199,74,36,#18465C
200,74,36,#18455C
201,74,36,#18445C
202,74,36,#18435C
203,74,36,#18425C
204,74,36,#18415C
205,74,36,#183F5C
206,74,36,#183E5C
207,74,36,#183D5C
208,74,36,#183C5C
209,74,36,#183B5C
210,74,36,#183A5C
211,74,36,#18395C
212,74,36,#18385C
213,74,36,#18365C
214,74,36,#18355C
215,74,36,#18345C
216,74,36,#18335C
217,74,36,#18325C
218,74,36,#18315C
219,74,36,#18305C
220,74,36,#182F5C
221,74,36,#182D5C
222,74,36,#182C5C
223,74,36,#182B5C
224,74,36,#182A5C
225,74,36,#18295C
226,74,36,#18285C
227,74,36,#18275C
228,74,36,#18255C
229,74,36,#18245C
230,74,36,#18235C
231,74,36,#18225C
232,74,36,#18215C
233,74,36,#18205C
234,74,36,#181F5C
235,74,36,#181E5C
236,74,36,#181C5C
237,74,36,#181B5C
238,74,36,#181A5C
239,74,36,#18195C
240,74,36,#18185C
241,74,36,#19185C
242,74,36,#1A185C
243,74,36,#1B185C
244,74,36,#1C185C
245,74,36,#1E185C
246,74,36,#1F185C
247,74,36,#20185C
248,74,36,#21185C
249,74,36,#22185C
250,74,36,#23185C
251,74,36,#24185C
252,74,36,#25185C
253,74,36,#27185C
254,74,36,#28185C
255,74,36,#29185C
256,74,36,#2A185C
257,74,36,#2B185C
258,74,36,#2C185C
259,74,36,#2D185C
260,74,36,#2F185C
261,74,36,#30185C
262,74,36,#31185C
263,74,36,#32185C
264,74,36,#33185C
265,74,36,#34185C
266,74,36,#35185C
267,74,36,#36185C
268,74,36,#38185C
269,74,36,#39185C
270,74,36,#3A185C
271,74,36,#3B185C
272,74,36,#3C185C
273,74,36,#3D185C
274,74,36,#3E185C
275,74,36,#3F185C
276,74,36,#41185C
277,74,36,#42185C
278,74,36,#43185C
279,74,36,#44185C
280,74,36,#45185C
281,74,36,#46185C
282,74,36,#47185C
283,74,36,#49185C
284,74,36,#4A185C
285,74,36,#4B185C
286,74,36,#4C185C
287,74,36,#4D185C
288,74,36,#4E185C
289,74,36,#4F185C
290,74,36,#50185C
291,74,36,#52185C
292,74,36,#53185C
293,74,36,#54185C
294,74,36,#55185C
295,74,36,#56185C
296,74,36,#57185C
297,74,36,#58185C
298,74,36,#5A185C
299,74,36,#5B185C
300,74,36,#5C185C
301,74,36,#5C185B
302,74,36,#5C185A
303,74,36,#5C1858
304,74,36,#5C1857
305,74,36,#5C1856
306,74,36,#5C1855
307,74,36,#5C1854
308,74,36,#5C1853
309,74,36,#5C1852
310,74,36,#5C1850
311,74,36,#5C184F
312,74,36,#5C184E
313,74,36,#5C184D
314,74,36,#5C184C
315,74,36,#5C184B
316,74,36,#5C184A
317,74,36,#5C1849
318,74,36,#5C1847
319,74,36,#5C1846
320,74,36,#5C1845
321,74,36,#5C1844
322,74,36,#5C1843
323,74,36,#5C1842
324,74,36,#5C1841
325,74,36,#5C183F
326,74,36,#5C183E
327,74,36,#5C183D
328,74,36,#5C183C
329,74,36,#5C183B
330,74,36,#5C183A
331,74,36,#5C1839
332,74,36,#5C1838
333,74,36,#5C1836
334,74,36,#5C1835
335,74,36,#5C1834
336,74,36,#5C1833
337,74,36,#5C1832
338,74,36,#5C1831
339,74,36,#5C1830
340,74,36,#5C182F
341,74,36,#5C182D
342,74,36,#5C182C
343,74,36,#5C182B
344,74,36,#5C182A
345,74,36,#5C1829
346,74,36,#5C1828
347,74,36,#5C1827
348,74,36,#5C1825
349,74,36,#5C1824
350,74,36,#5C1823
351,74,36,#5C1822
352,74,36,#5C1821
353,74,36,#5C1820
354,74,36,#5C181F
355,74,36,#5C181E
356,74,36,#5C181C
357,74,36,#5C181B
358,74,36,#5C181A
359,74,36,#5C1819
0,73,36,#5C1919
1,73,36,#5C1A19
2,73,36,#5C1B19
3,73,36,#5C1C19
4,73,36,#5C1D19
5,73,36,#5C1E19
6,73,36,#5C1F19
7,73,36,#5C2119
8,73,36,#5C2219
9,73,36,#5C2319
10,73,36,#5C2419
11,73,36,#5C2519
12,73,36,#5C2619
13,73,36,#5C2719
14,73,36,#5C2819
15,73,36,#5C2A19
16,73,36,#5C2B19
17,73,36,#5C2C19
18,73,36,#5C2D19
19,73,36,#5C2E19
20,73,36,#5C2F19
21,73,36,#5C3019
22,73,36,#5C3119
23,73,36,#5C3219
24,73,36,#5C3419
25,73,36,#5C3519
26,73,36,#5C3619
27,73,36,#5C3719
28,73,36,#5C3819
29,73,36,#5C3919
30,73,36,#5C3A19
31,73,36,#5C3B19
32,73,36,#5C3D19
33,73,36,#5C3E19
34,73,36,#5C3F19
35,73,36,#5C4019
36,73,36,#5C4119
37,73,36,#5C4219
38,73,36,#5C4319
39,73,36,#5C4419
40,73,36,#5C4519
41,73,36,#5C4719
42,73,36,#5C4819
43,73,36,#5C4919
44,73,36,#5C4A19
45,73,36,#5C4B19
46,73,36,#5C4C19
47,73,36,#5C4D19
48,73,36,#5C4E19
49,73,36,#5C5019
50,73,36,#5C5119
51,73,36,#5C5219
52,73,36,#5C5319
53,73,36,#5C5419
54,73,36,#5C5519
55,73,36,#5C5619
56,73,36,#5C5719
57,73,36,#5C5819
58,73,36,#5C5A19
59,73,36,#5C5B19
60,73,36,#5C5C19
61,73,36,#5B5C19
62,73,36,#5A5C19
63,73,36,#585C19
64,73,36,#575C19
65,73,36,#565C19
66,73,36,#555C19
67,73,36,#545C19
68,73,36,#535C19
69,73,36,#525C19
70,73,36,#515C19
71,73,36,#505C19
72,73,36,#4E5C19
73,73,36,#4D5C19
74,73,36,#4C5C19
75,73,36,#4B5C19
76,73,36,#4A5C19
77,73,36,#495C19
78,73,36,#485C19
79,73,36,#475C19
80,73,36,#455C19
81,73,36,#445C19
82,73,36,#435C19
83,73,36,#425C19
84,73,36,#415C19
85,73,36,#405C19
86,73,36,#3F5C19
87,73,36,#3E5C19
88,73,36,#3D5C19
89,73,36,#3B5C19
90,73,36,#3A5C19
91,73,36,#395C19
92,73,36,#385C19
93,73,36,#375C19
94,73,36,#365C19
95,73,36,#355C19
96,73,36,#345C19
97,73,36,#325C19
98,73,36,#315C19
99,73,36,#305C19
100,73,36,#2F5C19
101,73,36,#2E5C19
102,73,36,#2D5C19
103,73,36,#2C5C19
104,73,36,#2B5C19
105,73,36,#2A5C19
106,73,36,#285C19
107,73,36,#275C19
108,73,36,#265C19
109,73,36,#255C19
110,73,36,#245C19
111,73,36,#235C19
112,73,36,#225C19
113,73,36,#215C19
114,73,36,#1F5C19
115,73,36,#1E5C19
116,73,36,#1D5C19
117,73,36,#1C5C19
118,73,36,#1B5C19
119,73,36,#1A5C19
120,73,36,#195C19
121,73,36,#195C1A
122,73,36,#195C1B
123,73,36,#195C1C
124,73,36,#195C1D
125,73,36,#195C1E
126,73,36,#195C1F
127,73,36,#195C21
128,73,36,#195C22
129,73,36,#195C23
130,73,36,#195C24
131,73,36,#195C25
132,73,36,#195C26
133,73,36,#195C27
134,73,36,#195C28
135,73,36,#195C2A
136,73,36,#195C2B
137,73,36,#195C2C
138,73,36,#195C2D
139,73,36,#195C2E
140,73,36,#195C2F
141,73,36,#195C30
142,73,36,#195C31
143,73,36,#195C32
144,73,36,#195C34
145,73,36,#195C35
146,73,36,#195C36
147,73,36,#195C37
148,73,36,#195C38
149,73,36,#195C39
150,73,36,#195C3A
151,73,36,#195C3B
152,73,36,#195C3D
153,73,36,#195C3E
154,73,36,#195C3F
155,73,36,#195C40
156,73,36,#195C41
157,73,36,#195C42
158,73,36,#195C43
159,73,36,#195C44
160,73,36,#195C45
161,73,36,#195C47
162,73,36,#195C48
163,73,36,#195C49
164,73,36,#195C4A
165,73,36,#195C4B
166,73,36,#195C4C
167,73,36,#195C4D
168,73,36,#195C4E
169,73,36,#195C50
170,73,36,#195C51
171,73,36,#195C52
172,73,36,#195C53
173,73,36,#195C54
174,73,36,#195C55
175,73,36,#195C56
176,73,36,#195C57
177,73,36,#195C58
178,73,36,#195C5A
179,73,36,#195C5B
180,73,36,#195C5C
181,73,36,#195B5C
182,73,36,#195A5C
183,73,36,#19585C
184,73,36,#19575C
185,73,36,#19565C
186,73,36,#19555C
187,73,36,#19545C
188,73,36,#19535C
189,73,36,#19525C
190,73,36,#19515C
191,73,36,#19505C
192,73,36,#194E5C
193,73,36,#194D5C
194,73,36,#194C5C
195,73,36,#194B5C
196,73,36,#194A5C
197,73,36,#19495C
198,73,36,#19485C
199,73,36,#19475C
200,73,36,#19455C
201,73,36,#19445C
202,73,36,#19435C
203,73,36,#19425C
204,73,36,#19415C
205,73,36,#19405C
206,73,36,#193F5C
207,73,36,#193E5C
208,73,36,#193D5C
209,73,36,#193B5C
210,73,36,#193A5C
211,73,36,#19395C
212,73,36,#19385C
213,73,36,#19375C
214,73,36,#19365C
215,73,36,#19355C
216,73,36,#19345C
217,73,36,#19325C
218,73,36,#19315C
219,73,36,#19305C
220,73,36,#192F5C
221,73,36,#192E5C
222,73,36,#192D5C
223,73,36,#192C5C
224,73,36,#192B5C
225,73,36,#192A5C
226,73,36,#19285C
227,73,36,#19275C
228,73,36,#19265C
229,73,36,#19255C
230,73,36,#19245C
231,73,36,#19235C
232,73,36,#19225C
233,73,36,#19215C
234,73,36,#191F5C
235,73,36,#191E5C
236,73,36,#191D5C
237,73,36,#191C5C
238,73,36,#191B5C
239,73,36,#191A5C
240,73,36,#19195C
241,73,36,#1A195C
242,73,36,#1B195C
243,73,36,#1C195C
244,73,36,#1D195C
245,73,36,#1E195C
246,73,36,#1F195C
247,73,36,#21195C
248,73,36,#22195C
249,73,36,#23195C
250,73,36,#24195C
251,73,36,#25195C
252,73,36,#26195C
253,73,36,#27195C
254,73,36,#28195C
255,73,36,#2A195C
256,73,36,#2B195C
257,73,36,#2C195C
258,73,36,#2D195C
259,73,36,#2E195C
260,73,36,#2F195C
261,73,36,#30195C
262,73,36,#31195C
263,73,36,#32195C
264,73,36,#34195C
265,73,36,#35195C
266,73,36,#36195C
267,73,36,#37195C
268,73,36,#38195C
269,73,36,#39195C
270,73,36,#3A195C
271,73,36,#3B195C
272,73,36,#3D195C
273,73,36,#3E195C
274,73,36,#3F195C
275,73,36,#40195C
276,73,36,#41195C
277,73,36,#42195C
278,73,36,#43195C
279,73,36,#44195C
280,73,36,#45195C
281,73,36,#47195C
282,73,36,#48195C
283,73,36,#49195C
284,73,36,#4A195C
285,73,36,#4B195C
286,73,36,#4C195C
287,73,36,#4D195C
288,73,36,#4E195C
289,73,36,#50195C
290,73,36,#51195C
291,73,36,#52195C
292,73,36,#53195C
293,73,36,#54195C
294,73,36,#55195C
295,73,36,#56195C
296,73,36,#57195C
297,73,36,#58195C
298,73,36,#5A195C
299,73,36,#5B195C
300,73,36,#5C195C
301,73,36,#5C195B
302,73,36,#5C195A
303,73,36,#5C1958
304,73,36,#5C1957
305,73,36,#5C1956
306,73,36,#5C1955
307,73,36,#5C1954
308,73,36,#5C1953
309,73,36,#5C1952
310,73,36,#5C1951
311,73,36,#5C1950
312,73,36,#5C194E
313,73,36,#5C194D
314,73,36,#5C194C
315,73,36,#5C194B
316,73,36,#5C194A
317,73,36,#5C1949
318,73,36,#5C1948
319,73,36,#5C1947
320,73,36,#5C1945
321,73,36,#5C1944
322,73,36,#5C1943
323,73,36,#5C1942
324,73,36,#5C1941
325,73,36,#5C1940
326,73,36,#5C193F
327,73,36,#5C193E
328,73,36,#5C193D
329,73,36,#5C193B
330,73,36,#5C193A
331,73,36,#5C1939
332,73,36,#5C1938
333,73,36,#5C1937
334,73,36,#5C1936
335,73,36,#5C1935
336,73,36,#5C1934
337,73,36,#5C1932
338,73,36,#5C1931
339,73,36,#5C1930
340,73,36,#5C192F
341,73,36,#5C192E
342,73,36,#5C192D
343,73,36,#5C192C
344,73,36,#5C192B
345,73,36,#5C192A
346,73,36,#5C1928
347,73,36,#5C1927
348,73,36,#5C1926
349,73,36,#5C1925
350,73,36,#5C1924
351,73,36,#5C1923
352,73,36,#5C1922
353,73,36,#5C1921
354,73,36,#5C191F
355,73,36,#5C191E
356,73,36,#5C191D
357,73,36,#5C191C
358,73,36,#5C191B
359,73,36,#5C191A
0,72,36,#5C1A1A
1,72,36,#5C1B1A
2,72,36,#5C1C1A
3,72,36,#5C1D1A
4,72,36,#5C1E1A
5,72,36,#5C1F1A
6,72,36,#5C201A
7,72,36,#5C211A
8,72,36,#5C231A
9,72,36,#5C241A
10,72,36,#5C251A
11,72,36,#5C261A
12,72,36,#5C271A
13,72,36,#5C281A
14,72,36,#5C291A
15,72,36,#5C2A1A
16,72,36,#5C2B1A
17,72,36,#5C2C1A
18,72,36,#5C2E1A
19,72,36,#5C2F1A
20,72,36,#5C301A
21,72,36,#5C311A
22,72,36,#5C321A
23,72,36,#5C331A
24,72,36,#5C341A
25,72,36,#5C351A
26,72,36,#5C361A
27,72,36,#5C371A
28,72,36,#5C391A
29,72,36,#5C3A1A
30,72,36,#5C3B1A
31,72,36,#5C3C1A
32,72,36,#5C3D1A
33,72,36,#5C3E1A
34,72,36,#5C3F1A
35,72,36,#5C401A
36,72,36,#5C411A
37,72,36,#5C421A
38,72,36,#5C441A
39,72,36,#5C451A
40,72,36,#5C461A
41,72,36,#5C471A
42,72,36,#5C481A
43,72,36,#5C491A
44,72,36,#5C4A1A
45,72,36,#5C4B1A
46,72,36,#5C4C1A
47,72,36,#5C4D1A
48,72,36,#5C4F1A
49,72,36,#5C501A
50,72,36,#5C511A
51,72,36,#5C521A
52,72,36,#5C531A
53,72,36,#5C541A
54,72,36,#5C551A
55,72,36,#5C561A
56,72,36,#5C571A
57,72,36,#5C581A
58,72,36,#5C5A1A
59,72,36,#5C5B1A
60,72,36,#5C5C1A
61,72,36,#5B5C1A
62,72,36,#5A5C1A
63,72,36,#585C1A
64,72,36,#575C1A
65,72,36,#565C1A
66,72,36,#555C1A
67,72,36,#545C1A
68,72,36,#535C1A
69,72,36,#525C1A
70,72,36,#515C1A
71,72,36,#505C1A
72,72,36,#4F5C1A
73,72,36,#4D5C1A
74,72,36,#4C5C1A
75,72,36,#4B5C1A
76,72,36,#4A5C1A
77,72,36,#495C1A
78,72,36,#485C1A
79,72,36,#475C1A
80,72,36,#465C1A
81,72,36,#455C1A
82,72,36,#445C1A
83,72,36,#425C1A
84,72,36,#415C1A
85,72,36,#405C1A
86,72,36,#3F5C1A
87,72,36,#3E5C1A
88,72,36,#3D5C1A
89,72,36,#3C5C1A
90,72,36,#3B5C1A
91,72,36,#3A5C1A
92,72,36,#395C1A
93,72,36,#375C1A
94,72,36,#365C1A
95,72,36,#355C1A
96,72,36,#345C1A
97,72,36,#335C1A
98,72,36,#325C1A
99,72,36,#315C1A
100,72,36,#305C1A
101,72,36,#2F5C1A
102,72,36,#2E5C1A
103,72,36,#2C5C1A
104,72,36,#2B5C1A
105,72,36,#2A5C1A
106,72,36,#295C1A
107,72,36,#285C1A
108,72,36,#275C1A
109,72,36,#265C1A
110,72,36,#255C1A
111,72,36,#245C1A
112,72,36,#235C1A
113,72,36,#215C1A
114,72,36,#205C1A
115,72,36,#1F5C1A
116,72,36,#1E5C1A
117,72,36,#1D5C1A
118,72,36,#1C5C1A
119,72,36,#1B5C1A
120,72,36,#1A5C1A
121,72,36,#1A5C1B
122,72,36,#1A5C1C
123,72,36,#1A5C1D
124,72,36,#1A5C1E
125,72,36,#1A5C1F
126,72,36,#1A5C20
127,72,36,#1A5C21
128,72,36,#1A5C23
129,72,36,#1A5C24
130,72,36,#1A5C25
131,72,36,#1A5C26
132,72,36,#1A5C27
133,72,36,#1A5C28
134,72,36,#1A5C29
135,72,36,#1A5C2A
136,72,36,#1A5C2B
137,72,36,#1A5C2C
138,72,36,#1A5C2E
139,72,36,#1A5C2F
140,72,36,#1A5C30
141,72,36,#1A5C31
142,72,36,#1A5C32
143,72,36,#1A5C33
144,72,36,#1A5C34
145,72,36,#1A5C35
146,72,36,#1A5C36
147,72,36,#1A5C37
148,72,36,#1A5C39
149,72,36,#1A5C3A
150,72,36,#1A5C3B
151,72,36,#1A5C3C
152,72,36,#1A5C3D
153,72,36,#1A5C3E
154,72,36,#1A5C3F
155,72,36,#1A5C40
156,72,36,#1A5C41
157,72,36,#1A5C42
158,72,36,#1A5C44
159,72,36,#1A5C45
160,72,36,#1A5C46
161,72,36,#1A5C47
162,72,36,#1A5C48
163,72,36,#1A5C49
164,72,36,#1A5C4A
165,72,36,#1A5C4B
166,72,36,#1A5C4C
167,72,36,#1A5C4D
168,72,36,#1A5C4F
169,72,36,#1A5C50
170,72,36,#1A5C51
171,72,36,#1A5C52
172,72,36,#1A5C53
173,72,36,#1A5C54
174,72,36,#1A5C55
175,72,36,#1A5C56
176,72,36,#1A5C57
177,72,36,#1A5C58
178,72,36,#1A5C5A
179,72,36,#1A5C5B
180,72,36,#1A5C5C
181,72,36,#1A5B5C
182,72,36,#1A5A5C
183,72,36,#1A585C
184,72,36,#1A575C
185,72,36,#1A565C
186,72,36,#1A555C
187,72,36,#1A545C
188,72,36,#1A535C
189,72,36,#1A525C
190,72,36,#1A515C
191,72,36,#1A505C
192,72,36,#1A4F5C
193,72,36,#1A4D5C
194,72,36,#1A4C5C
195,72,36,#1A4B5C
196,72,36,#1A4A5C
197,72,36,#1A495C
198,72,36,#1A485C
199,72,36,#1A475C
200,72,36,#1A465C
201,72,36,#1A455C
202,72,36,#1A445C
203,72,36,#1A425C
204,72,36,#1A415C
205,72,36,#1A405C
206,72,36,#1A3F5C
207,72,36,#1A3E5C
208,72,36,#1A3D5C
209,72,36,#1A3C5C
210,72,36,#1A3B5C
211,72,36,#1A3A5C
212,72,36,#1A395C
213,72,36,#1A375C
214,72,36,#1A365C
215,72,36,#1A355C
216,72,36,#1A345C
217,72,36,#1A335C
218,72,36,#1A325C
219,72,36,#1A315C
220,72,36,#1A305C
221,72,36,#1A2F5C
222,72,36,#1A2E5C
223,72,36,#1A2C5C
224,72,36,#1A2B5C
225,72,36,#1A2A5C
226,72,36,#1A295C
227,72,36,#1A285C
228,72,36,#1A275C
229,72,36,#1A265C
230,72,36,#1A255C
231,72,36,#1A245C
232,72,36,#1A235C
233,72,36,#1A215C
234,72,36,#1A205C
235,72,36,#1A1F5C
236,72,36,#1A1E5C
237,72,36,#1A1D5C
238,72,36,#1A1C5C
239,72,36,#1A1B5C
240,72,36,#1A1A5C
241,72,36,#1B1A5C
242,72,36,#1C1A5C
243,72,36,#1D1A5C
244,72,36,#1E1A5C
245,72,36,#1F1A5C
246,72,36,#201A5C
247,72,36,#211A5C
248,72,36,#231A5C
249,72,36,#241A5C
250,72,36,#251A5C
251,72,36,#261A5C
252,72,36,#271A5C
253,72,36,#281A5C
254,72,36,#291A5C
255,72,36,#2A1A5C
256,72,36,#2B1A5C
257,72,36,#2C1A5C
258,72,36,#2E1A5C
259,72,36,#2F1A5C
260,72,36,#301A5C
261,72,36,#311A5C
262,72,36,#321A5C
263,72,36,#331A5C
264,72,36,#341A5C
265,72,36,#351A5C
266,72,36,#361A5C
267,72,36,#371A5C
268,72,36,#391A5C
269,72,36,#3A1A5C
270,72,36,#3B1A5C
271,72,36,#3C1A5C
272,72,36,#3D1A5C
273,72,36,#3E1A5C
274,72,36,#3F1A5C
275,72,36,#401A5C
276,72,36,#411A5C
277,72,36,#421A5C
278,72,36,#441A5C
279,72,36,#451A5C
280,72,36,#461A5C
281,72,36,#471A5C
282,72,36,#481A5C
283,72,36,#491A5C
284,72,36,#4A1A5C
285,72,36,#4B1A5C
286,72,36,#4C1A5C
287,72,36,#4D1A5C
288,72,36,#4F1A5C
289,72,36,#501A5C
290,72,36,#511A5C
291,72,36,#521A5C
292,72,36,#531A5C
293,72,36,#541A5C
294,72,36,#551A5C
295,72,36,#561A5C
296,72,36,#571A5C
297,72,36,#581A5C
298,72,36,#5A1A5C
299,72,36,#5B1A5C
300,72,36,#5C1A5C
301,72,36,#5C1A5B
302,72,36,#5C1A5A
303,72,36,#5C1A58
304,72,36,#5C1A57
305,72,36,#5C1A56
306,72,36,#5C1A55
307,72,36,#5C1A54
308,72,36,#5C1A53
309,72,36,#5C1A52
310,72,36,#5C1A51
311,72,36,#5C1A50
312,72,36,#5C1A4F
313,72,36,#5C1A4D
314,72,36,#5C1A4C
315,72,36,#5C1A4B
316,72,36,#5C1A4A
317,72,36,#5C1A49
318,72,36,#5C1A48
319,72,36,#5C1A47
320,72,36,#5C1A46
321,72,36,#5C1A45
322,72,36,#5C1A44
323,72,36,#5C1A42
324,72,36,#5C1A41
325,72,36,#5C1A40
326,72,36,#5C1A3F
327,72,36,#5C1A3E
328,72,36,#5C1A3D
329,72,36,#5C1A3C
330,72,36,#5C1A3B
331,72,36,#5C1A3A
332,72,36,#5C1A39
333,72,36,#5C1A37
334,72,36,#5C1A36
335,72,36,#5C1A35
336,72,36,#5C1A34
337,72,36,#5C1A33
338,72,36,#5C1A32
339,72,36,#5C1A31
340,72,36,#5C1A30
341,72,36,#5C1A2F
342,72,36,#5C1A2E
343,72,36,#5C1A2C
344,72,36,#5C1A2B
345,72,36,#5C1A2A
346,72,36,#5C1A29
347,72,36,#5C1A28
348,72,36,#5C1A27
349,72,36,#5C1A26
350,72,36,#5C1A25
351,72,36,#5C1A24
352,72,36,#5C1A23
353,72,36,#5C1A21
354,72,36,#5C1A20
355,72,36,#5C1A1F
356,72,36,#5C1A1E
357,72,36,#5C1A1D
358,72,36,#5C1A1C
359,72,36,#5C1A1B
0,71,36,#5C1B1B
1,71,36,#5C1C1B
2,71,36,#5C1D1B
3,71,36,#5C1E1B
4,71,36,#5C1F1B
5,71,36,#5C201B
6,71,36,#5C211B
7,71,36,#5C221B
8,71,36,#5C231B
9,71,36,#5C241B
10,71,36,#5C251B
11,71,36,#5C271B
12,71,36,#5C281B
13,71,36,#5C291B
14,71,36,#5C2A1B
15,71,36,#5C2B1B
16,71,36,#5C2C1B
17,71,36,#5C2D1B
18,71,36,#5C2E1B
19,71,36,#5C2F1B
20,71,36,#5C301B
21,71,36,#5C311B
22,71,36,#5C331B
23,71,36,#5C341B
24,71,36,#5C351B
25,71,36,#5C361B
26,71,36,#5C371B
27,71,36,#5C381B
28,71,36,#5C391B
29,71,36,#5C3A1B
30,71,36,#5C3B1B
31,71,36,#5C3C1B
32,71,36,#5C3D1B
33,71,36,#5C3E1B
34,71,36,#5C401B
35,71,36,#5C411B
36,71,36,#5C421B
37,71,36,#5C431B
38,71,36,#5C441B
39,71,36,#5C451B
40,71,36,#5C461B
41,71,36,#5C471B
42,71,36,#5C481B
43,71,36,#5C491B
44,71,36,#5C4A1B
45,71,36,#5C4C1B
46,71,36,#5C4D1B
47,71,36,#5C4E1B
48,71,36,#5C4F1B
49,71,36,#5C501B
50,71,36,#5C511B
51,71,36,#5C521B
52,71,36,#5C531B
53,71,36,#5C541B
54,71,36,#5C551B
55,71,36,#5C561B
56,71,36,#5C571B
57,71,36,#5C591B
58,71,36,#5C5A1B
59,71,36,#5C5B1B
60,71,36,#5C5C1B
61,71,36,#5B5C1B
62,71,36,#5A5C1B
63,71,36,#595C1B
64,71,36,#575C1B
65,71,36,#565C1B
66,71,36,#555C1B
67,71,36,#545C1B
68,71,36,#535C1B
69,71,36,#525C1B
70,71,36,#515C1B
71,71,36,#505C1B
72,71,36,#4F5C1B
73,71,36,#4E5C1B
74,71,36,#4D5C1B
75,71,36,#4C5C1B
76,71,36,#4A5C1B
77,71,36,#495C1B
78,71,36,#485C1B
79,71,36,#475C1B
80,71,36,#465C1B
81,71,36,#455C1B
82,71,36,#445C1B
83,71,36,#435C1B
84,71,36,#425C1B
85,71,36,#415C1B
86,71,36,#405C1B
87,71,36,#3E5C1B
88,71,36,#3D5C1B
89,71,36,#3C5C1B
90,71,36,#3B5C1B
91,71,36,#3A5C1B
92,71,36,#395C1B
93,71,36,#385C1B
94,71,36,#375C1B
95,71,36,#365C1B
96,71,36,#355C1B
97,71,36,#345C1B
98,71,36,#335C1B
99,71,36,#315C1B
100,71,36,#305C1B
101,71,36,#2F5C1B
102,71,36,#2E5C1B
103,71,36,#2D5C1B
104,71,36,#2C5C1B
105,71,36,#2B5C1B
106,71,36,#2A5C1B
107,71,36,#295C1B
108,71,36,#285C1B
109,71,36,#275C1B
110,71,36,#255C1B
111,71,36,#245C1B
112,71,36,#235C1B
113,71,36,#225C1B
114,71,36,#215C1B
115,71,36,#205C1B
116,71,36,#1F5C1B
117,71,36,#1E5C1B
118,71,36,#1D5C1B
119,71,36,#1C5C1B
120,71,36,#1B5C1B
121,71,36,#1B5C1C
122,71,36,#1B5C1D
123,71,36,#1B5C1E
124,71,36,#1B5C1F
125,71,36,#1B5C20
126,71,36,#1B5C21
127,71,36,#1B5C22
128,71,36,#1B5C23
129,71,36,#1B5C24
130,71,36,#1B5C25
131,71,36,#1B5C27
132,71,36,#1B5C28
133,71,36,#1B5C29
134,71,36,#1B5C2A
135,71,36,#1B5C2B
136,71,36,#1B5C2C
137,71,36,#1B5C2D
138,71,36,#1B5C2E
139,71,36,#1B5C2F
140,71,36,#1B5C30
141,71,36,#1B5C31
142,71,36,#1B5C33
143,71,36,#1B5C34
144,71,36,#1B5C35
145,71,36,#1B5C36
146,71,36,#1B5C37
147,71,36,#1B5C38
148,71,36,#1B5C39
149,71,36,#1B5C3A
150,71,36,#1B5C3B
151,71,36,#1B5C3C
152,71,36,#1B5C3D
153,71,36,#1B5C3E
154,71,36,#1B5C40
155,71,36,#1B5C41
156,71,36,#1B5C42
157,71,36,#1B5C43
158,71,36,#1B5C44
159,71,36,#1B5C45
160,71,36,#1B5C46
161,71,36,#1B5C47
162,71,36,#1B5C48
163,71,36,#1B5C49
164,71,36,#1B5C4A
165,71,36,#1B5C4C
166,71,36,#1B5C4D
167,71,36,#1B5C4E
168,71,36,#1B5C4F
169,71,36,#1B5C50
170,71,36,#1B5C51
171,71,36,#1B5C52
172,71,36,#1B5C53
173,71,36,#1B5C54
174,71,36,#1B5C55
175,71,36,#1B5C56
176,71,36,#1B5C57
177,71,36,#1B5C59
178,71,36,#1B5C5A
179,71,36,#1B5C5B
180,71,36,#1B5C5C
181,71,36,#1B5B5C
182,71,36,#1B5A5C
183,71,36,#1B595C
184,71,36,#1B575C
185,71,36,#1B565C
186,71,36,#1B555C
187,71,36,#1B545C
188,71,36,#1B535C
189,71,36,#1B525C
190,71,36,#1B515C
191,71,36,#1B505C
192,71,36,#1B4F5C
193,71,36,#1B4E5C
194,71,36,#1B4D5C
195,71,36,#1B4C5C
196,71,36,#1B4A5C
197,71,36,#1B495C
198,71,36,#1B485C
199,71,36,#1B475C
200,71,36,#1B465C
201,71,36,#1B455C
202,71,36,#1B445C
203,71,36,#1B435C
204,71,36,#1B425C
205,71,36,#1B415C
206,71,36,#1B405C
207,71,36,#1B3E5C
208,71,36,#1B3D5C
209,71,36,#1B3C5C
210,71,36,#1B3B5C
211,71,36,#1B3A5C
212,71,36,#1B395C
213,71,36,#1B385C
214,71,36,#1B375C
215,71,36,#1B365C
216,71,36,#1B355C
217,71,36,#1B345C
218,71,36,#1B335C
219,71,36,#1B315C
220,71,36,#1B305C
221,71,36,#1B2F5C
222,71,36,#1B2E5C
223,71,36,#1B2D5C
224,71,36,#1B2C5C
225,71,36,#1B2B5C
226,71,36,#1B2A5C
227,71,36,#1B295C
228,71,36,#1B285C
229,71,36,#1B275C
230,71,36,#1B255C
231,71,36,#1B245C
232,71,36,#1B235C
233,71,36,#1B225C
234,71,36,#1B215C
235,71,36,#1B205C
236,71,36,#1B1F5C
237,71,36,#1B1E5C
238,71,36,#1B1D5C
239,71,36,#1B1C5C
240,71,36,#1B1B5C
241,71,36,#1C1B5C
242,71,36,#1D1B5C
243,71,36,#1E1B5C
244,71,36,#1F1B5C
245,71,36,#201B5C
246,71,36,#211B5C
247,71,36,#221B5C
248,71,36,#231B5C
249,71,36,#241B5C
250,71,36,#251B5C
251,71,36,#271B5C
252,71,36,#281B5C
253,71,36,#291B5C
254,71,36,#2A1B5C
255,71,36,#2B1B5C
256,71,36,#2C1B5C
257,71,36,#2D1B5C
258,71,36,#2E1B5C
259,71,36,#2F1B5C
260,71,36,#301B5C
261,71,36,#311B5C
262,71,36,#331B5C
263,71,36,#341B5C
264,71,36,#351B5C
265,71,36,#361B5C
266,71,36,#371B5C
267,71,36,#381B5C
268,71,36,#391B5C
269,71,36,#3A1B5C
270,71,36,#3B1B5C
271,71,36,#3C1B5C
272,71,36,#3D1B5C
273,71,36,#3E1B5C
274,71,36,#401B5C
275,71,36,#411B5C
276,71,36,#421B5C
277,71,36,#431B5C
278,71,36,#441B5C
279,71,36,#451B5C
280,71,36,#461B5C
281,71,36,#471B5C
282,71,36,#481B5C
283,71,36,#491B5C
284,71,36,#4A1B5C
285,71,36,#4C1B5C
286,71,36,#4D1B5C
287,71,36,#4E1B5C
288,71,36,#4F1B5C
289,71,36,#501B5C
290,71,36,#511B5C
291,71,36,#521B5C
292,71,36,#531B5C
293,71,36,#541B5C
294,71,36,#551B5C
295,71,36,#561B5C
296,71,36,#571B5C
297,71,36,#591B5C
298,71,36,#5A1B5C
299,71,36,#5B1B5C
300,71,36,#5C1B5C
301,71,36,#5C1B5B
302,71,36,#5C1B5A
303,71,36,#5C1B59
304,71,36,#5C1B57
305,71,36,#5C1B56
306,71,36,#5C1B55
307,71,36,#5C1B54
308,71,36,#5C1B53
309,71,36,#5C1B52
310,71,36,#5C1B51
311,71,36,#5C1B50
312,71,36,#5C1B4F
313,71,36,#5C1B4E
314,71,36,#5C1B4D
315,71,36,#5C1B4C
316,71,36,#5C1B4A
317,71,36,#5C1B49
318,71,36,#5C1B48
319,71,36,#5C1B47
320,71,36,#5C1B46
321,71,36,#5C1B45
322,71,36,#5C1B44
323,71,36,#5C1B43
324,71,36,#5C1B42
325,71,36,#5C1B41
326,71,36,#5C1B40
327,71,36,#5C1B3E
328,71,36,#5C1B3D
329,71,36,#5C1B3C
330,71,36,#5C1B3B
331,71,36,#5C1B3A
332,71,36,#5C1B39
333,71,36,#5C1B38
334,71,36,#5C1B37
335,71,36,#5C1B36
336,71,36,#5C1B35
337,71,36,#5C1B34
338,71,36,#5C1B33
339,71,36,#5C1B31
340,71,36,#5C1B30
341,71,36,#5C1B2F
342,71,36,#5C1B2E
343,71,36,#5C1B2D
344,71,36,#5C1B2C
345,71,36,#5C1B2B
346,71,36,#5C1B2A
347,71,36,#5C1B29
348,71,36,#5C1B28
349,71,36,#5C1B27
350,71,36,#5C1B25
351,71,36,#5C1B24
352,71,36,#5C1B23
353,71,36,#5C1B22
354,71,36,#5C1B21
355,71,36,#5C1B20
356,71,36,#5C1B1F
357,71,36,#5C1B1E
358,71,36,#5C1B1D
359,71,36,#5C1B1C
0,70,36,#5C1C1C
1,70,36,#5C1D1C
2,70,36,#5C1E1C
3,70,36,#5C1F1C
4,70,36,#5C201C
5,70,36,#5C211C
6,70,36,#5C221C
7,70,36,#5C231C
8,70,36,#5C241C
9,70,36,#5C251C
10,70,36,#5C261C
11,70,36,#5C271C
12,70,36,#5C281C
13,70,36,#5C291C
14,70,36,#5C2B1C
15,70,36,#5C2C1C
16,70,36,#5C2D1C
17,70,36,#5C2E1C
18,70,36,#5C2F1C
19,70,36,#5C301C
20,70,36,#5C311C
21,70,36,#5C321C
22,70,36,#5C331C
23,70,36,#5C341C
24,70,36,#5C351C
25,70,36,#5C361C
26,70,36,#5C371C
27,70,36,#5C381C
28,70,36,#5C3A1C
29,70,36,#5C3B1C
30,70,36,#5C3C1C
31,70,36,#5C3D1C
32,70,36,#5C3E1C
33,70,36,#5C3F1C
34,70,36,#5C401C
35,70,36,#5C411C
36,70,36,#5C421C
37,70,36,#5C431C
38,70,36,#5C441C
39,70,36,#5C451C
40,70,36,#5C461C
41,70,36,#5C471C
42,70,36,#5C491C
43,70,36,#5C4A1C
44,70,36,#5C4B1C
45,70,36,#5C4C1C
46,70,36,#5C4D1C
47,70,36,#5C4E1C
48,70,36,#5C4F1C
49,70,36,#5C501C
50,70,36,#5C511C
51,70,36,#5C521C
52,70,36,#5C531C
53,70,36,#5C541C
54,70,36,#5C551C
55,70,36,#5C561C
56,70,36,#5C581C
57,70,36,#5C591C
58,70,36,#5C5A1C
59,70,36,#5C5B1C
60,70,36,#5C5C1C
61,70,36,#5B5C1C
62,70,36,#5A5C1C
63,70,36,#595C1C
64,70,36,#585C1C
65,70,36,#565C1C
66,70,36,#555C1C
67,70,36,#545C1C
68,70,36,#535C1C
69,70,36,#525C1C
70,70,36,#515C1C
71,70,36,#505C1C
72,70,36,#4F5C1C
73,70,36,#4E5C1C
74,70,36,#4D5C1C
75,70,36,#4C5C1C
76,70,36,#4B5C1C
77,70,36,#4A5C1C
78,70,36,#495C1C
79,70,36,#475C1C
80,70,36,#465C1C
81,70,36,#455C1C
82,70,36,#445C1C
83,70,36,#435C1C
84,70,36,#425C1C
85,70,36,#415C1C
86,70,36,#405C1C
87,70,36,#3F5C1C
88,70,36,#3E5C1C
89,70,36,#3D5C1C
90,70,36,#3C5C1C
91,70,36,#3B5C1C
92,70,36,#3A5C1C
93,70,36,#385C1C
94,70,36,#375C1C
95,70,36,#365C1C
96,70,36,#355C1C
97,70,36,#345C1C
98,70,36,#335C1C
99,70,36,#325C1C
100,70,36,#315C1C
101,70,36,#305C1C
102,70,36,#2F5C1C
103,70,36,#2E5C1C
104,70,36,#2D5C1C
105,70,36,#2C5C1C
106,70,36,#2B5C1C
107,70,36,#295C1C
108,70,36,#285C1C
109,70,36,#275C1C
110,70,36,#265C1C
111,70,36,#255C1C
112,70,36,#245C1C
113,70,36,#235C1C
114,70,36,#225C1C
115,70,36,#215C1C
116,70,36,#205C1C
117,70,36,#1F5C1C
118,70,36,#1E5C1C
119,70,36,#1D5C1C
120,70,36,#1C5C1C
121,70,36,#1C5C1D
122,70,36,#1C5C1E
123,70,36,#1C5C1F
124,70,36,#1C5C20
125,70,36,#1C5C21
126,70,36,#1C5C22
127,70,36,#1C5C23
128,70,36,#1C5C24
129,70,36,#1C5C25
130,70,36,#1C5C26
131,70,36,#1C5C27
132,70,36,#1C5C28
133,70,36,#1C5C29
134,70,36,#1C5C2B
135,70,36,#1C5C2C
136,70,36,#1C5C2D
137,70,36,#1C5C2E
138,70,36,#1C5C2F
139,70,36,#1C5C30
140,70,36,#1C5C31
141,70,36,#1C5C32
142,70,36,#1C5C33
143,70,36,#1C5C34
144,70,36,#1C5C35
145,70,36,#1C5C36
146,70,36,#1C5C37
147,70,36,#1C5C38
148,70,36,#1C5C3A
149,70,36,#1C5C3B
150,70,36,#1C5C3C
151,70,36,#1C5C3D
152,70,36,#1C5C3E
153,70,36,#1C5C3F
154,70,36,#1C5C40
155,70,36,#1C5C41
156,70,36,#1C5C42
157,70,36,#1C5C43
158,70,36,#1C5C44
159,70,36,#1C5C45
160,70,36,#1C5C46
161,70,36,#1C5C47
162,70,36,#1C5C49
163,70,36,#1C5C4A
164,70,36,#1C5C4B
165,70,36,#1C5C4C
166,70,36,#1C5C4D
167,70,36,#1C5C4E
168,70,36,#1C5C4F
169,70,36,#1C5C50
170,70,36,#1C5C51
171,70,36,#1C5C52
172,70,36,#1C5C53
173,70,36,#1C5C54
174,70,36,#1C5C55
175,70,36,#1C5C56
176,70,36,#1C5C58
177,70,36,#1C5C59
178,70,36,#1C5C5A
179,70,36,#1C5C5B
180,70,36,#1C5C5C
181,70,36,#1C5B5C
182,70,36,#1C5A5C
183,70,36,#1C595C
184,70,36,#1C585C
185,70,36,#1C565C
186,70,36,#1C555C
187,70,36,#1C545C
188,70,36,#1C535C
189,70,36,#1C525C
190,70,36,#1C515C
191,70,36,#1C505C
192,70,36,#1C4F5C
193,70,36,#1C4E5C
194,70,36,#1C4D5C
195,70,36,#1C4C5C
196,70,36,#1C4B5C
197,70,36,#1C4A5C
198,70,36,#1C495C
199,70,36,#1C475C
200,70,36,#1C465C
201,70,36,#1C455C
202,70,36,#1C445C
203,70,36,#1C435C
204,70,36,#1C425C
205,70,36,#1C415C
206,70,36,#1C405C
207,70,36,#1C3F5C
208,70,36,#1C3E5C
209,70,36,#1C3D5C
210,70,36,#1C3C5C
211,70,36,#1C3B5C
212,70,36,#1C3A5C
213,70,36,#1C385C
214,70,36,#1C375C
215,70,36,#1C365C
216,70,36,#1C355C
217,70,36,#1C345C
218,70,36,#1C335C
219,70,36,#1C325C
220,70,36,#1C315C
221,70,36,#1C305C
222,70,36,#1C2F5C
223,70,36,#1C2E5C
224,70,36,#1C2D5C
225,70,36,#1C2C5C
226,70,36,#1C2B5C
227,70,36,#1C295C
228,70,36,#1C285C
229,70,36,#1C275C
230,70,36,#1C265C
231,70,36,#1C255C
232,70,36,#1C245C
233,70,36,#1C235C
234,70,36,#1C225C
235,70,36,#1C215C
236,70,36,#1C205C
237,70,36,#1C1F5C
238,70,36,#1C1E5C
239,70,36,#1C1D5C
240,70,36,#1C1C5C
241,70,36,#1D1C5C
242,70,36,#1E1C5C
243,70,36,#1F1C5C
244,70,36,#201C5C
245,70,36,#211C5C
246,70,36,#221C5C
247,70,36,#231C5C
248,70,36,#241C5C
249,70,36,#251C5C
250,70,36,#261C5C
251,70,36,#271C5C
252,70,36,#281C5C
253,70,36,#291C5C
254,70,36,#2B1C5C
255,70,36,#2C1C5C
256,70,36,#2D1C5C
257,70,36,#2E1C5C
258,70,36,#2F1C5C
259,70,36,#301C5C
260,70,36,#311C5C
261,70,36,#321C5C
262,70,36,#331C5C
263,70,36,#341C5C
264,70,36,#351C5C
265,70,36,#361C5C
266,70,36,#371C5C
267,70,36,#381C5C
268,70,36,#3A1C5C
269,70,36,#3B1C5C
270,70,36,#3C1C5C
271,70,36,#3D1C5C
272,70,36,#3E1C5C
273,70,36,#3F1C5C
274,70,36,#401C5C
275,70,36,#411C5C
276,70,36,#421C5C
277,70,36,#431C5C
278,70,36,#441C5C
279,70,36,#451C5C
280,70,36,#461C5C
281,70,36,#471C5C
282,70,36,#491C5C
283,70,36,#4A1C5C
284,70,36,#4B1C5C
285,70,36,#4C1C5C
286,70,36,#4D1C5C
287,70,36,#4E1C5C
288,70,36,#4F1C5C
289,70,36,#501C5C
290,70,36,#511C5C
291,70,36,#521C5C
292,70,36,#531C5C
293,70,36,#541C5C
294,70,36,#551C5C
295,70,36,#561C5C
296,70,36,#581C5C
297,70,36,#591C5C
298,70,36,#5A1C5C
299,70,36,#5B1C5C
300,70,36,#5C1C5C
301,70,36,#5C1C5B
302,70,36,#5C1C5A
303,70,36,#5C1C59
304,70,36,#5C1C58
305,70,36,#5C1C56
306,70,36,#5C1C55
307,70,36,#5C1C54
308,70,36,#5C1C53
309,70,36,#5C1C52
310,70,36,#5C1C51
311,70,36,#5C1C50
312,70,36,#5C1C4F
313,70,36,#5C1C4E
314,70,36,#5C1C4D
315,70,36,#5C1C4C
316,70,36,#5C1C4B
317,70,36,#5C1C4A
318,70,36,#5C1C49
319,70,36,#5C1C47
320,70,36,#5C1C46
321,70,36,#5C1C45
322,70,36,#5C1C44
323,70,36,#5C1C43
324,70,36,#5C1C42
325,70,36,#5C1C41
326,70,36,#5C1C40
327,70,36,#5C1C3F
328,70,36,#5C1C3E
329,70,36,#5C1C3D
330,70,36,#5C1C3C
331,70,36,#5C1C3B
332,70,36,#5C1C3A
333,70,36,#5C1C38
334,70,36,#5C1C37
335,70,36,#5C1C36
336,70,36,#5C1C35
337,70,36,#5C1C34
338,70,36,#5C1C33
339,70,36,#5C1C32
340,70,36,#5C1C31
341,70,36,#5C1C30
342,70,36,#5C1C2F
343,70,36,#5C1C2E
344,70,36,#5C1C2D
345,70,36,#5C1C2C
346,70,36,#5C1C2B
347,70,36,#5C1C29
348,70,36,#5C1C28
349,70,36,#5C1C27
350,70,36,#5C1C26
351,70,36,#5C1C25
352,70,36,#5C1C24
353,70,36,#5C1C23
354,70,36,#5C1C22
355,70,36,#5C1C21
356,70,36,#5C1C20
357,70,36,#5C1C1F
358,70,36,#5C1C1E
359,70,36,#5C1C1D
0,69,36,#5C1C1C
1,69,36,#5C1E1C
2,69,36,#5C1F1C
3,69,36,#5C201C
4,69,36,#5C211C
5,69,36,#5C221C
6,69,36,#5C231C
7,69,36,#5C241C
8,69,36,#5C251C
9,69,36,#5C261C
10,69,36,#5C271C
11,69,36,#5C281C
12,69,36,#5C291C
13,69,36,#5C2A1C
14,69,36,#5C2B1C
15,69,36,#5C2C1C
16,69,36,#5C2D1C
17,69,36,#5C2E1C
18,69,36,#5C2F1C
19,69,36,#5C311C
20,69,36,#5C321C
21,69,36,#5C331C
22,69,36,#5C341C
23,69,36,#5C351C
24,69,36,#5C361C
25,69,36,#5C371C
26,69,36,#5C381C
27,69,36,#5C391C
28,69,36,#5C3A1C
29,69,36,#5C3B1C
30,69,36,#5C3C1C
31,69,36,#5C3D1C
32,69,36,#5C3E1C
33,69,36,#5C3F1C
34,69,36,#5C401C
35,69,36,#5C411C
36,69,36,#5C421C
37,69,36,#5C441C
38,69,36,#5C451C
39,69,36,#5C461C
40,69,36,#5C471C
41,69,36,#5C481C
42,69,36,#5C491C
43,69,36,#5C4A1C
44,69,36,#5C4B1C
45,69,36,#5C4C1C
46,69,36,#5C4D1C
47,69,36,#5C4E1C
48,69,36,#5C4F1C
49,69,36,#5C501C
50,69,36,#5C511C
51,69,36,#5C521C
52,69,36,#5C531C
53,69,36,#5C541C
54,69,36,#5C551C
55,69,36,#5C571C
56,69,36,#5C581C
57,69,36,#5C591C
58,69,36,#5C5A1C
59,69,36,#5C5B1C
60,69,36,#5C5C1C
61,69,36,#5B5C1C
62,69,36,#5A5C1C
63,69,36,#595C1C
64,69,36,#585C1C
65,69,36,#575C1C
66,69,36,#555C1C
67,69,36,#545C1C
68,69,36,#535C1C
69,69,36,#525C1C
70,69,36,#515C1C
71,69,36,#505C1C
72,69,36,#4F5C1C
73,69,36,#4E5C1C
74,69,36,#4D5C1C
75,69,36,#4C5C1C
76,69,36,#4B5C1C
77,69,36,#4A5C1C
78,69,36,#495C1C
79,69,36,#485C1C
80,69,36,#475C1C
81,69,36,#465C1C
82,69,36,#455C1C
83,69,36,#445C1C
84,69,36,#425C1C
85,69,36,#415C1C
86,69,36,#405C1C
87,69,36,#3F5C1C
88,69,36,#3E5C1C
89,69,36,#3D5C1C
90,69,36,#3C5C1C
91,69,36,#3B5C1C
92,69,36,#3A5C1C
93,69,36,#395C1C
94,69,36,#385C1C
95,69,36,#375C1C
96,69,36,#365C1C
97,69,36,#355C1C
98,69,36,#345C1C
99,69,36,#335C1C
100,69,36,#325C1C
101,69,36,#315C1C
102,69,36,#2F5C1C
103,69,36,#2E5C1C
104,69,36,#2D5C1C
105,69,36,#2C5C1C
106,69,36,#2B5C1C
107,69,36,#2A5C1C
108,69,36,#295C1C
109,69,36,#285C1C
110,69,36,#275C1C
111,69,36,#265C1C
112,69,36,#255C1C
113,69,36,#245C1C
114,69,36,#235C1C
115,69,36,#225C1C
116,69,36,#215C1C
117,69,36,#205C1C
118,69,36,#1F5C1C
119,69,36,#1E5C1C
120,69,36,#1C5C1C
121,69,36,#1C5C1E
122,69,36,#1C5C1F
123,69,36,#1C5C20
124,69,36,#1C5C21
125,69,36,#1C5C22
126,69,36,#1C5C23
127,69,36,#1C5C24
128,69,36,#1C5C25
129,69,36,#1C5C26
130,69,36,#1C5C27
131,69,36,#1C5C28
132,69,36,#1C5C29
133,69,36,#1C5C2A
134,69,36,#1C5C2B
135,69,36,#1C5C2C
136,69,36,#1C5C2D
137,69,36,#1C5C2E
138,69,36,#1C5C2F
139,69,36,#1C5C31
140,69,36,#1C5C32
141,69,36,#1C5C33
142,69,36,#1C5C34
143,69,36,#1C5C35
144,69,36,#1C5C36
145,69,36,#1C5C37
146,69,36,#1C5C38
147,69,36,#1C5C39
148,69,36,#1C5C3A
149,69,36,#1C5C3B
150,69,36,#1C5C3C
151,69,36,#1C5C3D
152,69,36,#1C5C3E
153,69,36,#1C5C3F
154,69,36,#1C5C40
155,69,36,#1C5C41
156,69,36,#1C5C42
157,69,36,#1C5C44
158,69,36,#1C5C45
159,69,36,#1C5C46
160,69,36,#1C5C47
161,69,36,#1C5C48
162,69,36,#1C5C49
163,69,36,#1C5C4A
164,69,36,#1C5C4B
165,69,36,#1C5C4C
166,69,36,#1C5C4D
167,69,36,#1C5C4E
168,69,36,#1C5C4F
169,69,36,#1C5C50
170,69,36,#1C5C51
171,69,36,#1C5C52
172,69,36,#1C5C53
173,69,36,#1C5C54
174,69,36,#1C5C55
175,69,36,#1C5C57
176,69,36,#1C5C58
177,69,36,#1C5C59
178,69,36,#1C5C5A
179,69,36,#1C5C5B
180,69,36,#1C5C5C
181,69,36,#1C5B5C
182,69,36,#1C5A5C
183,69,36,#1C595C
184,69,36,#1C585C
185,69,36,#1C575C
186,69,36,#1C555C
187,69,36,#1C545C
188,69,36,#1C535C
189,69,36,#1C525C
190,69,36,#1C515C
191,69,36,#1C505C
192,69,36,#1C4F5C
193,69,36,#1C4E5C
194,69,36,#1C4D5C
195,69,36,#1C4C5C
196,69,36,#1C4B5C
197,69,36,#1C4A5C
198,69,36,#1C495C
199,69,36,#1C485C
200,69,36,#1C475C
201,69,36,#1C465C
202,69,36,#1C455C
203,69,36,#1C445C
204,69,36,#1C425C
205,69,36,#1C415C
206,69,36,#1C405C
207,69,36,#1C3F5C
208,69,36,#1C3E5C
209,69,36,#1C3D5C
210,69,36,#1C3C5C
211,69,36,#1C3B5C
212,69,36,#1C3A5C
213,69,36,#1C395C
214,69,36,#1C385C
215,69,36,#1C375C
216,69,36,#1C365C
217,69,36,#1C355C
218,69,36,#1C345C
219,69,36,#1C335C
220,69,36,#1C325C
221,69,36,#1C315C
222,69,36,#1C2F5C
223,69,36,#1C2E5C
224,69,36,#1C2D5C
225,69,36,#1C2C5C
226,69,36,#1C2B5C
227,69,36,#1C2A5C
228,69,36,#1C295C
229,69,36,#1C285C
230,69,36,#1C275C
231,69,36,#1C265C
232,69,36,#1C255C
233,69,36,#1C245C
234,69,36,#1C235C
235,69,36,#1C225C
236,69,36,#1C215C
237,69,36,#1C205C
238,69,36,#1C1F5C
239,69,36,#1C1E5C
240,69,36,#1C1C5C
241,69,36,#1E1C5C
242,69,36,#1F1C5C
243,69,36,#201C5C
244,69,36,#211C5C
245,69,36,#221C5C
246,69,36,#231C5C
247,69,36,#241C5C
248,69,36,#251C5C
249,69,36,#261C5C
250,69,36,#271C5C
251,69,36,#281C5C
252,69,36,#291C5C
253,69,36,#2A1C5C
254,69,36,#2B1C5C
255,69,36,#2C1C5C
256,69,36,#2D1C5C
257,69,36,#2E1C5C
258,69,36,#2F1C5C
259,69,36,#311C5C
260,69,36,#321C5C
261,69,36,#331C5C
262,69,36,#341C5C
263,69,36,#351C5C
264,69,36,#361C5C
265,69,36,#371C5C
266,69,36,#381C5C
267,69,36,#391C5C
268,69,36,#3A1C5C
269,69,36,#3B1C5C
270,69,36,#3C1C5C
271,69,36,#3D1C5C
272,69,36,#3E1C5C
273,69,36,#3F1C5C
274,69,36,#401C5C
275,69,36,#411C5C
276,69,36,#421C5C
277,69,36,#441C5C
278,69,36,#451C5C
279,69,36,#461C5C
280,69,36,#471C5C
281,69,36,#481C5C
282,69,36,#491C5C
283,69,36,#4A1C5C
284,69,36,#4B1C5C
285,69,36,#4C1C5C
286,69,36,#4D1C5C
287,69,36,#4E1C5C
288,69,36,#4F1C5C
289,69,36,#501C5C
290,69,36,#511C5C
291,69,36,#521C5C
292,69,36,#531C5C
293,69,36,#541C5C
294,69,36,#551C5C
295,69,36,#571C5C
296,69,36,#581C5C
297,69,36,#591C5C
298,69,36,#5A1C5C
299,69,36,#5B1C5C
300,69,36,#5C1C5C
301,69,36,#5C1C5B
302,69,36,#5C1C5A
303,69,36,#5C1C59
304,69,36,#5C1C58
305,69,36,#5C1C57
306,69,36,#5C1C55
307,69,36,#5C1C54
308,69,36,#5C1C53
309,69,36,#5C1C52
310,69,36,#5C1C51
311,69,36,#5C1C50
312,69,36,#5C1C4F
313,69,36,#5C1C4E
314,69,36,#5C1C4D
315,69,36,#5C1C4C
316,69,36,#5C1C4B
317,69,36,#5C1C4A
318,69,36,#5C1C49
319,69,36,#5C1C48
320,69,36,#5C1C47
321,69,36,#5C1C46
322,69,36,#5C1C45
323,69,36,#5C1C44
324,69,36,#5C1C42
325,69,36,#5C1C41
326,69,36,#5C1C40
327,69,36,#5C1C3F
328,69,36,#5C1C3E
329,69,36,#5C1C3D
330,69,36,#5C1C3C
331,69,36,#5C1C3B
332,69,36,#5C1C3A
333,69,36,#5C1C39
334,69,36,#5C1C38
335,69,36,#5C1C37
336,69,36,#5C1C36
337,69,36,#5C1C35
338,69,36,#5C1C34
339,69,36,#5C1C33
340,69,36,#5C1C32
341,69,36,#5C1C31
342,69,36,#5C1C2F
343,69,36,#5C1C2E
344,69,36,#5C1C2D
345,69,36,#5C1C2C
346,69,36,#5C1C2B
347,69,36,#5C1C2A
348,69,36,#5C1C29
349,69,36,#5C1C28
350,69,36,#5C1C27
351,69,36,#5C1C26
352,69,36,#5C1C25
353,69,36,#5C1C24
354,69,36,#5C1C23
355,69,36,#5C1C22
356,69,36,#5C1C21
357,69,36,#5C1C20
358,69,36,#5C1C1F
359,69,36,#5C1C1E
0,68,36,#5C1D1D
1,68,36,#5C1E1D
2,68,36,#5C1F1D
3,68,36,#5C201D
4,68,36,#5C221D
5,68,36,#5C231D
6,68,36,#5C241D
7,68,36,#5C251D
8,68,36,#5C261D
9,68,36,#5C271D
10,68,36,#5C281D
11,68,36,#5C291D
12,68,36,#5C2A1D
13,68,36,#5C2B1D
14,68,36,#5C2C1D
15,68,36,#5C2D1D
16,68,36,#5C2E1D
17,68,36,#5C2F1D
18,68,36,#5C301D
19,68,36,#5C311D
20,68,36,#5C321D
21,68,36,#5C331D
22,68,36,#5C341D
23,68,36,#5C351D
24,68,36,#5C361D
25,68,36,#5C371D
26,68,36,#5C381D
27,68,36,#5C391D
28,68,36,#5C3B1D
29,68,36,#5C3C1D
30,68,36,#5C3D1D
31,68,36,#5C3E1D
32,68,36,#5C3F1D
33,68,36,#5C401D
34,68,36,#5C411D
35,68,36,#5C421D
36,68,36,#5C431D
37,68,36,#5C441D
38,68,36,#5C451D
39,68,36,#5C461D
40,68,36,#5C471D
41,68,36,#5C481D
42,68,36,#5C491D
43,68,36,#5C4A1D
44,68,36,#5C4B1D
45,68,36,#5C4C1D
46,68,36,#5C4D1D
47,68,36,#5C4E1D
48,68,36,#5C4F1D
49,68,36,#5C501D
50,68,36,#5C511D
51,68,36,#5C521D
52,68,36,#5C531D
53,68,36,#5C551D
54,68,36,#5C561D
55,68,36,#5C571D
56,68,36,#5C581D
57,68,36,#5C591D
58,68,36,#5C5A1D
59,68,36,#5C5B1D
60,68,36,#5C5C1D
61,68,36,#5B5C1D
62,68,36,#5A5C1D
63,68,36,#595C1D
64,68,36,#585C1D
65,68,36,#575C1D
66,68,36,#565C1D
67,68,36,#555C1D
68,68,36,#535C1D
69,68,36,#525C1D
70,68,36,#515C1D
71,68,36,#505C1D
72,68,36,#4F5C1D
73,68,36,#4E5C1D
74,68,36,#4D5C1D
75,68,36,#4C5C1D
76,68,36,#4B5C1D
77,68,36,#4A5C1D
78,68,36,#495C1D
79,68,36,#485C1D
80,68,36,#475C1D
81,68,36,#465C1D
82,68,36,#455C1D
83,68,36,#445C1D
84,68,36,#435C1D
85,68,36,#425C1D
86,68,36,#415C1D
87,68,36,#405C1D
88,68,36,#3F5C1D
89,68,36,#3E5C1D
90,68,36,#3D5C1D
91,68,36,#3C5C1D
92,68,36,#3B5C1D
93,68,36,#395C1D
94,68,36,#385C1D
95,68,36,#375C1D
96,68,36,#365C1D
97,68,36,#355C1D
98,68,36,#345C1D
99,68,36,#335C1D
100,68,36,#325C1D
101,68,36,#315C1D
102,68,36,#305C1D
103,68,36,#2F5C1D
104,68,36,#2E5C1D
105,68,36,#2D5C1D
106,68,36,#2C5C1D
107,68,36,#2B5C1D
108,68,36,#2A5C1D
109,68,36,#295C1D
110,68,36,#285C1D
111,68,36,#275C1D
112,68,36,#265C1D
113,68,36,#255C1D
114,68,36,#245C1D
115,68,36,#235C1D
116,68,36,#225C1D
117,68,36,#205C1D
118,68,36,#1F5C1D
119,68,36,#1E5C1D
120,68,36,#1D5C1D
121,68,36,#1D5C1E
122,68,36,#1D5C1F
123,68,36,#1D5C20
124,68,36,#1D5C22
125,68,36,#1D5C23
126,68,36,#1D5C24
127,68,36,#1D5C25
128,68,36,#1D5C26
129,68,36,#1D5C27
130,68,36,#1D5C28
131,68,36,#1D5C29
132,68,36,#1D5C2A
133,68,36,#1D5C2B
134,68,36,#1D5C2C
135,68,36,#1D5C2D
136,68,36,#1D5C2E
137,68,36,#1D5C2F
138,68,36,#1D5C30
139,68,36,#1D5C31
140,68,36,#1D5C32
141,68,36,#1D5C33
142,68,36,#1D5C34
143,68,36,#1D5C35
144,68,36,#1D5C36
145,68,36,#1D5C37
146,68,36,#1D5C38
147,68,36,#1D5C39
148,68,36,#1D5C3B
149,68,36,#1D5C3C
150,68,36,#1D5C3D
151,68,36,#1D5C3E
152,68,36,#1D5C3F
153,68,36,#1D5C40
154,68,36,#1D5C41
155,68,36,#1D5C42
156,68,36,#1D5C43
157,68,36,#1D5C44
158,68,36,#1D5C45
159,68,36,#1D5C46
160,68,36,#1D5C47
161,68,36,#1D5C48
162,68,36,#1D5C49
163,68,36,#1D5C4A
164,68,36,#1D5C4B
165,68,36,#1D5C4C
166,68,36,#1D5C4D
167,68,36,#1D5C4E
168,68,36,#1D5C4F
169,68,36,#1D5C50
170,68,36,#1D5C51
171,68,36,#1D5C52
172,68,36,#1D5C53
173,68,36,#1D5C55
174,68,36,#1D5C56
175,68,36,#1D5C57
176,68,36,#1D5C58
177,68,36,#1D5C59
178,68,36,#1D5C5A
179,68,36,#1D5C5B
180,68,36,#1D5C5C
181,68,36,#1D5B5C
182,68,36,#1D5A5C
183,68,36,#1D595C
184,68,36,#1D585C
185,68,36,#1D575C
186,68,36,#1D565C
187,68,36,#1D555C
188,68,36,#1D535C
189,68,36,#1D525C
190,68,36,#1D515C
191,68,36,#1D505C
192,68,36,#1D4F5C
193,68,36,#1D4E5C
194,68,36,#1D4D5C
195,68,36,#1D4C5C
196,68,36,#1D4B5C
197,68,36,#1D4A5C
198,68,36,#1D495C
199,68,36,#1D485C
200,68,36,#1D475C
201,68,36,#1D465C
202,68,36,#1D455C
203,68,36,#1D445C
204,68,36,#1D435C
205,68,36,#1D425C
206,68,36,#1D415C
207,68,36,#1D405C
208,68,36,#1D3F5C
209,68,36,#1D3E5C
210,68,36,#1D3D5C
211,68,36,#1D3C5C
212,68,36,#1D3B5C
213,68,36,#1D395C
214,68,36,#1D385C
215,68,36,#1D375C
216,68,36,#1D365C
217,68,36,#1D355C
218,68,36,#1D345C
219,68,36,#1D335C
220,68,36,#1D325C
221,68,36,#1D315C
222,68,36,#1D305C
223,68,36,#1D2F5C
224,68,36,#1D2E5C
225,68,36,#1D2D5C
226,68,36,#1D2C5C
227,68,36,#1D2B5C
228,68,36,#1D2A5C
229,68,36,#1D295C
230,68,36,#1D285C
231,68,36,#1D275C
232,68,36,#1D265C
233,68,36,#1D255C
234,68,36,#1D245C
235,68,36,#1D235C
236,68,36,#1D225C
237,68,36,#1D205C
238,68,36,#1D1F5C
239,68,36,#1D1E5C
240,68,36,#1D1D5C
241,68,36,#1E1D5C
242,68,36,#1F1D5C
243,68,36,#201D5C
244,68,36,#221D5C
245,68,36,#231D5C
246,68,36,#241D5C
247,68,36,#251D5C
248,68,36,#261D5C
249,68,36,#271D5C
250,68,36,#281D5C
251,68,36,#291D5C
252,68,36,#2A1D5C
253,68,36,#2B1D5C
254,68,36,#2C1D5C
255,68,36,#2D1D5C
256,68,36,#2E1D5C
257,68,36,#2F1D5C
258,68,36,#301D5C
259,68,36,#311D5C
260,68,36,#321D5C
261,68,36,#331D5C
262,68,36,#341D5C
263,68,36,#351D5C
264,68,36,#361D5C
265,68,36,#371D5C
266,68,36,#381D5C
267,68,36,#391D5C
268,68,36,#3B1D5C
269,68,36,#3C1D5C
270,68,36,#3D1D5C
271,68,36,#3E1D5C
272,68,36,#3F1D5C
273,68,36,#401D5C
274,68,36,#411D5C
275,68,36,#421D5C
276,68,36,#431D5C
277,68,36,#441D5C
278,68,36,#451D5C
279,68,36,#461D5C
280,68,36,#471D5C
281,68,36,#481D5C
282,68,36,#491D5C
283,68,36,#4A1D5C
284,68,36,#4B1D5C
285,68,36,#4C1D5C
286,68,36,#4D1D5C
287,68,36,#4E1D5C
288,68,36,#4F1D5C
289,68,36,#501D5C
290,68,36,#511D5C
291,68,36,#521D5C
292,68,36,#531D5C
293,68,36,#551D5C
294,68,36,#561D5C
295,68,36,#571D5C
296,68,36,#581D5C
297,68,36,#591D5C
298,68,36,#5A1D5C
299,68,36,#5B1D5C
300,68,36,#5C1D5C
301,68,36,#5C1D5B
302,68,36,#5C1D5A
303,68,36,#5C1D59
304,68,36,#5C1D58
305,68,36,#5C1D57
306,68,36,#5C1D56
307,68,36,#5C1D55
308,68,36,#5C1D53
309,68,36,#5C1D52
310,68,36,#5C1D51
311,68,36,#5C1D50
312,68,36,#5C1D4F
313,68,36,#5C1D4E
314,68,36,#5C1D4D
315,68,36,#5C1D4C
316,68,36,#5C1D4B
317,68,36,#5C1D4A
318,68,36,#5C1D49
319,68,36,#5C1D48
320,68,36,#5C1D47
321,68,36,#5C1D46
322,68,36,#5C1D45
323,68,36,#5C1D44
324,68,36,#5C1D43
325,68,36,#5C1D42
326,68,36,#5C1D41
327,68,36,#5C1D40
328,68,36,#5C1D3F
329,68,36,#5C1D3E
330,68,36,#5C1D3D
331,68,36,#5C1D3C
332,68,36,#5C1D3B
333,68,36,#5C1D39
334,68,36,#5C1D38
335,68,36,#5C1D37
336,68,36,#5C1D36
337,68,36,#5C1D35
338,68,36,#5C1D34
339,68,36,#5C1D33
340,68,36,#5C1D32
341,68,36,#5C1D31
342,68,36,#5C1D30
343,68,36,#5C1D2F
344,68,36,#5C1D2E
345,68,36,#5C1D2D
346,68,36,#5C1D2C
347,68,36,#5C1D2B
348,68,36,#5C1D2A
349,68,36,#5C1D29
350,68,36,#5C1D28
351,68,36,#5C1D27
352,68,36,#5C1D26
353,68,36,#5C1D25
354,68,36,#5C1D24
355,68,36,#5C1D23
356,68,36,#5C1D22
357,68,36,#5C1D20
358,68,36,#5C1D1F
359,68,36,#5C1D1E
0,67,36,#5C1E1E
1,67,36,#5C1F1E
2,67,36,#5C201E
3,67,36,#5C211E
4,67,36,#5C221E
5,67,36,#5C231E
6,67,36,#5C241E
7,67,36,#5C251E
8,67,36,#5C261E
9,67,36,#5C281E
10,67,36,#5C291E
11,67,36,#5C2A1E
12,67,36,#5C2B1E
13,67,36,#5C2C1E
14,67,36,#5C2D1E
15,67,36,#5C2E1E
16,67,36,#5C2F1E
17,67,36,#5C301E
18,67,36,#5C311E
19,67,36,#5C321E
20,67,36,#5C331E
21,67,36,#5C341E
22,67,36,#5C351E
23,67,36,#5C361E
24,67,36,#5C371E
25,67,36,#5C381E
26,67,36,#5C391E
27,67,36,#5C3A1E
28,67,36,#5C3B1E
29,67,36,#5C3C1E
30,67,36,#5C3D1E
31,67,36,#5C3E1E
32,67,36,#5C3F1E
33,67,36,#5C401E
34,67,36,#5C411E
35,67,36,#5C421E
36,67,36,#5C431E
37,67,36,#5C441E
38,67,36,#5C451E
39,67,36,#5C461E
40,67,36,#5C471E
41,67,36,#5C481E
42,67,36,#5C491E
43,67,36,#5C4A1E
44,67,36,#5C4B1E
45,67,36,#5C4C1E
46,67,36,#5C4D1E
47,67,36,#5C4E1E
48,67,36,#5C4F1E
49,67,36,#5C511E
50,67,36,#5C521E
51,67,36,#5C531E
52,67,36,#5C541E
53,67,36,#5C551E
54,67,36,#5C561E
55,67,36,#5C571E
56,67,36,#5C581E
57,67,36,#5C591E
58,67,36,#5C5A1E
59,67,36,#5C5B1E
60,67,36,#5C5C1E
61,67,36,#5B5C1E
62,67,36,#5A5C1E
63,67,36,#595C1E
64,67,36,#585C1E
65,67,36,#575C1E
66,67,36,#565C1E
67,67,36,#555C1E
68,67,36,#545C1E
69,67,36,#535C1E
70,67,36,#525C1E
71,67,36,#515C1E
72,67,36,#4F5C1E
73,67,36,#4E5C1E
74,67,36,#4D5C1E
75,67,36,#4C5C1E
76,67,36,#4B5C1E
77,67,36,#4A5C1E
78,67,36,#495C1E
79,67,36,#485C1E
80,67,36,#475C1E
81,67,36,#465C1E
82,67,36,#455C1E
83,67,36,#445C1E
84,67,36,#435C1E
85,67,36,#425C1E
86,67,36,#415C1E
87,67,36,#405C1E
88,67,36,#3F5C1E
89,67,36,#3E5C1E
90,67,36,#3D5C1E
91,67,36,#3C5C1E
92,67,36,#3B5C1E
93,67,36,#3A5C1E
94,67,36,#395C1E
95,67,36,#385C1E
96,67,36,#375C1E
97,67,36,#365C1E
98,67,36,#355C1E
99,67,36,#345C1E
100,67,36,#335C1E
101,67,36,#325C1E
102,67,36,#315C1E
103,67,36,#305C1E
104,67,36,#2F5C1E
105,67,36,#2E5C1E
106,67,36,#2D5C1E
107,67,36,#2C5C1E
108,67,36,#2B5C1E
109,67,36,#2A5C1E
110,67,36,#295C1E
111,67,36,#285C1E
112,67,36,#265C1E
113,67,36,#255C1E
114,67,36,#245C1E
115,67,36,#235C1E
116,67,36,#225C1E
117,67,36,#215C1E
118,67,36,#205C1E
119,67,36,#1F5C1E
120,67,36,#1E5C1E
121,67,36,#1E5C1F
122,67,36,#1E5C20
123,67,36,#1E5C21
124,67,36,#1E5C22
125,67,36,#1E5C23
126,67,36,#1E5C24
127,67,36,#1E5C25
128,67,36,#1E5C26
129,67,36,#1E5C28
130,67,36,#1E5C29
131,67,36,#1E5C2A
132,67,36,#1E5C2B
133,67,36,#1E5C2C
134,67,36,#1E5C2D
135,67,36,#1E5C2E
136,67,36,#1E5C2F
137,67,36,#1E5C30
138,67,36,#1E5C31
139,67,36,#1E5C32
140,67,36,#1E5C33
141,67,36,#1E5C34
142,67,36,#1E5C35
143,67,36,#1E5C36
144,67,36,#1E5C37
145,67,36,#1E5C38
146,67,36,#1E5C39
147,67,36,#1E5C3A
148,67,36,#1E5C3B
149,67,36,#1E5C3C
150,67,36,#1E5C3D
151,67,36,#1E5C3E
152,67,36,#1E5C3F
153,67,36,#1E5C40
154,67,36,#1E5C41
155,67,36,#1E5C42
156,67,36,#1E5C43
157,67,36,#1E5C44
158,67,36,#1E5C45
159,67,36,#1E5C46
160,67,36,#1E5C47
161,67,36,#1E5C48
162,67,36,#1E5C49
163,67,36,#1E5C4A
164,67,36,#1E5C4B
165,67,36,#1E5C4C
166,67,36,#1E5C4D
167,67,36,#1E5C4E
168,67,36,#1E5C4F
169,67,36,#1E5C51
170,67,36,#1E5C52
171,67,36,#1E5C53
172,67,36,#1E5C54
173,67,36,#1E5C55
174,67,36,#1E5C56
175,67,36,#1E5C57
176,67,36,#1E5C58
177,67,36,#1E5C59
178,67,36,#1E5C5A
179,67,36,#1E5C5B
180,67,36,#1E5C5C
181,67,36,#1E5B5C
182,67,36,#1E5A5C
183,67,36,#1E595C
184,67,36,#1E585C
185,67,36,#1E575C
186,67,36,#1E565C
187,67,36,#1E555C
188,67,36,#1E545C
189,67,36,#1E535C
190,67,36,#1E525C
191,67,36,#1E515C
192,67,36,#1E4F5C
193,67,36,#1E4E5C
194,67,36,#1E4D5C
195,67,36,#1E4C5C
196,67,36,#1E4B5C
197,67,36,#1E4A5C
198,67,36,#1E495C
199,67,36,#1E485C
200,67,36,#1E475C
201,67,36,#1E465C
202,67,36,#1E455C
203,67,36,#1E445C
204,67,36,#1E435C
205,67,36,#1E425C
206,67,36,#1E415C
207,67,36,#1E405C
208,67,36,#1E3F5C
209,67,36,#1E3E5C
210,67,36,#1E3D5C
211,67,36,#1E3C5C
212,67,36,#1E3B5C
213,67,36,#1E3A5C
214,67,36,#1E395C
215,67,36,#1E385C
216,67,36,#1E375C
217,67,36,#1E365C
218,67,36,#1E355C
219,67,36,#1E345C
220,67,36,#1E335C
221,67,36,#1E325C
222,67,36,#1E315C
223,67,36,#1E305C
224,67,36,#1E2F5C
225,67,36,#1E2E5C
226,67,36,#1E2D5C
227,67,36,#1E2C5C
228,67,36,#1E2B5C
229,67,36,#1E2A5C
230,67,36,#1E295C
231,67,36,#1E285C
232,67,36,#1E265C
233,67,36,#1E255C
234,67,36,#1E245C
235,67,36,#1E235C
236,67,36,#1E225C
237,67,36,#1E215C
238,67,36,#1E205C
239,67,36,#1E1F5C
240,67,36,#1E1E5C
241,67,36,#1F1E5C
242,67,36,#201E5C
243,67,36,#211E5C
244,67,36,#221E5C
245,67,36,#231E5C
246,67,36,#241E5C
247,67,36,#251E5C
248,67,36,#261E5C
249,67,36,#281E5C
250,67,36,#291E5C
251,67,36,#2A1E5C
252,67,36,#2B1E5C
253,67,36,#2C1E5C
254,67,36,#2D1E5C
255,67,36,#2E1E5C
256,67,36,#2F1E5C
257,67,36,#301E5C
258,67,36,#311E5C
259,67,36,#321E5C
260,67,36,#331E5C
261,67,36,#341E5C
262,67,36,#351E5C
263,67,36,#361E5C
264,67,36,#371E5C
265,67,36,#381E5C
266,67,36,#391E5C
267,67,36,#3A1E5C
268,67,36,#3B1E5C
269,67,36,#3C1E5C
270,67,36,#3D1E5C
271,67,36,#3E1E5C
272,67,36,#3F1E5C
273,67,36,#401E5C
274,67,36,#411E5C
275,67,36,#421E5C
276,67,36,#431E5C
277,67,36,#441E5C
278,67,36,#451E5C
279,67,36,#461E5C
280,67,36,#471E5C
281,67,36,#481E5C
282,67,36,#491E5C
283,67,36,#4A1E5C
284,67,36,#4B1E5C
285,67,36,#4C1E5C
286,67,36,#4D1E5C
287,67,36,#4E1E5C
288,67,36,#4F1E5C
289,67,36,#511E5C
290,67,36,#521E5C
291,67,36,#531E5C
292,67,36,#541E5C
293,67,36,#551E5C
294,67,36,#561E5C
295,67,36,#571E5C
296,67,36,#581E5C
297,67,36,#591E5C
298,67,36,#5A1E5C
299,67,36,#5B1E5C
300,67,36,#5C1E5C
301,67,36,#5C1E5B
302,67,36,#5C1E5A
303,67,36,#5C1E59
304,67,36,#5C1E58
305,67,36,#5C1E57
306,67,36,#5C1E56
307,67,36,#5C1E55
308,67,36,#5C1E54
309,67,36,#5C1E53
310,67,36,#5C1E52
311,67,36,#5C1E51
312,67,36,#5C1E4F
313,67,36,#5C1E4E
314,67,36,#5C1E4D
315,67,36,#5C1E4C
316,67,36,#5C1E4B
317,67,36,#5C1E4A
318,67,36,#5C1E49
319,67,36,#5C1E48
320,67,36,#5C1E47
321,67,36,#5C1E46
322,67,36,#5C1E45
323,67,36,#5C1E44
324,67,36,#5C1E43
325,67,36,#5C1E42
326,67,36,#5C1E41
327,67,36,#5C1E40
328,67,36,#5C1E3F
329,67,36,#5C1E3E
330,67,36,#5C1E3D
331,67,36,#5C1E3C
332,67,36,#5C1E3B
333,67,36,#5C1E3A
334,67,36,#5C1E39
335,67,36,#5C1E38
336,67,36,#5C1E37
337,67,36,#5C1E36
338,67,36,#5C1E35
339,67,36,#5C1E34
340,67,36,#5C1E33
341,67,36,#5C1E32
342,67,36,#5C1E31
343,67,36,#5C1E30
344,67,36,#5C1E2F
345,67,36,#5C1E2E
346,67,36,#5C1E2D
347,67,36,#5C1E2C
348,67,36,#5C1E2B
349,67,36,#5C1E2A
350,67,36,#5C1E29
351,67,36,#5C1E28
352,67,36,#5C1E26
353,67,36,#5C1E25
354,67,36,#5C1E24
355,67,36,#5C1E23
356,67,36,#5C1E22
357,67,36,#5C1E21
358,67,36,#5C1E20
359,67,36,#5C1E1F
0,66,36,#5C1F1F
1,66,36,#5C201F
2,66,36,#5C211F
3,66,36,#5C221F
4,66,36,#5C231F
5,66,36,#5C241F
6,66,36,#5C251F
7,66,36,#5C261F
8,66,36,#5C271F
9,66,36,#5C281F
10,66,36,#5C291F
11,66,36,#5C2A1F
12,66,36,#5C2B1F
13,66,36,#5C2C1F
14,66,36,#5C2D1F
15,66,36,#5C2E1F
16,66,36,#5C2F1F
17,66,36,#5C301F
18,66,36,#5C311F
19,66,36,#5C321F
20,66,36,#5C331F
21,66,36,#5C341F
22,66,36,#5C351F
23,66,36,#5C361F
24,66,36,#5C371F
25,66,36,#5C381F
26,66,36,#5C391F
27,66,36,#5C3A1F
28,66,36,#5C3B1F
29,66,36,#5C3C1F
30,66,36,#5C3E1F
31,66,36,#5C3F1F
32,66,36,#5C401F
33,66,36,#5C411F
34,66,36,#5C421F
35,66,36,#5C431F
36,66,36,#5C441F
37,66,36,#5C451F
38,66,36,#5C461F
39,66,36,#5C471F
40,66,36,#5C481F
41,66,36,#5C491F
42,66,36,#5C4A1F
43,66,36,#5C4B1F
44,66,36,#5C4C1F
45,66,36,#5C4D1F
46,66,36,#5C4E1F
47,66,36,#5C4F1F
48,66,36,#5C501F
49,66,36,#5C511F
50,66,36,#5C521F
51,66,36,#5C531F
52,66,36,#5C541F
53,66,36,#5C551F
54,66,36,#5C561F
55,66,36,#5C571F
56,66,36,#5C581F
57,66,36,#5C591F
58,66,36,#5C5A1F
59,66,36,#5C5B1F
60,66,36,#5C5C1F
61,66,36,#5B5C1F
62,66,36,#5A5C1F
63,66,36,#595C1F
64,66,36,#585C1F
65,66,36,#575C1F
66,66,36,#565C1F
67,66,36,#555C1F
68,66,36,#545C1F
69,66,36,#535C1F
70,66,36,#525C1F
71,66,36,#515C1F
72,66,36,#505C1F
73,66,36,#4F5C1F
74,66,36,#4E5C1F
75,66,36,#4D5C1F
76,66,36,#4C5C1F
77,66,36,#4B5C1F
78,66,36,#4A5C1F
79,66,36,#495C1F
80,66,36,#485C1F
81,66,36,#475C1F
82,66,36,#465C1F
83,66,36,#455C1F
84,66,36,#445C1F
85,66,36,#435C1F
86,66,36,#425C1F
87,66,36,#415C1F
88,66,36,#405C1F
89,66,36,#3F5C1F
90,66,36,#3E5C1F
91,66,36,#3C5C1F
92,66,36,#3B5C1F
93,66,36,#3A5C1F
94,66,36,#395C1F
95,66,36,#385C1F
96,66,36,#375C1F
97,66,36,#365C1F
98,66,36,#355C1F
99,66,36,#345C1F
100,66,36,#335C1F
101,66,36,#325C1F
102,66,36,#315C1F
103,66,36,#305C1F
104,66,36,#2F5C1F
105,66,36,#2E5C1F
106,66,36,#2D5C1F
107,66,36,#2C5C1F
108,66,36,#2B5C1F
109,66,36,#2A5C1F
110,66,36,#295C1F
111,66,36,#285C1F
112,66,36,#275C1F
113,66,36,#265C1F
114,66,36,#255C1F
115,66,36,#245C1F
116,66,36,#235C1F
117,66,36,#225C1F
118,66,36,#215C1F
119,66,36,#205C1F
120,66,36,#1F5C1F
121,66,36,#1F5C20
122,66,36,#1F5C21
123,66,36,#1F5C22
124,66,36,#1F5C23
125,66,36,#1F5C24
126,66,36,#1F5C25
127,66,36,#1F5C26
128,66,36,#1F5C27
129,66,36,#1F5C28
130,66,36,#1F5C29
131,66,36,#1F5C2A
132,66,36,#1F5C2B
133,66,36,#1F5C2C
134,66,36,#1F5C2D
135,66,36,#1F5C2E
136,66,36,#1F5C2F
137,66,36,#1F5C30
138,66,36,#1F5C31
139,66,36,#1F5C32
140,66,36,#1F5C33
141,66,36,#1F5C34
142,66,36,#1F5C35
143,66,36,#1F5C36
144,66,36,#1F5C37
145,66,36,#1F5C38
146,66,36,#1F5C39
147,66,36,#1F5C3A
148,66,36,#1F5C3B
149,66,36,#1F5C3C
150,66,36,#1F5C3E
151,66,36,#1F5C3F
152,66,36,#1F5C40
153,66,36,#1F5C41
154,66,36,#1F5C42
155,66,36,#1F5C43
156,66,36,#1F5C44
157,66,36,#1F5C45
158,66,36,#1F5C46
159,66,36,#1F5C47
160,66,36,#1F5C48
161,66,36,#1F5C49
162,66,36,#1F5C4A
163,66,36,#1F5C4B
164,66,36,#1F5C4C
165,66,36,#1F5C4D
166,66,36,#1F5C4E
167,66,36,#1F5C4F
168,66,36,#1F5C50
169,66,36,#1F5C51
170,66,36,#1F5C52
171,66,36,#1F5C53
172,66,36,#1F5C54
173,66,36,#1F5C55
174,66,36,#1F5C56
175,66,36,#1F5C57
176,66,36,#1F5C58
177,66,36,#1F5C59
178,66,36,#1F5C5A
179,66,36,#1F5C5B
180,66,36,#1F5C5C
181,66,36,#1F5B5C
182,66,36,#1F5A5C
183,66,36,#1F595C
184,66,36,#1F585C
185,66,36,#1F575C
186,66,36,#1F565C
187,66,36,#1F555C
188,66,36,#1F545C
189,66,36,#1F535C
190,66,36,#1F525C
191,66,36,#1F515C
192,66,36,#1F505C
193,66,36,#1F4F5C
194,66,36,#1F4E5C
195,66,36,#1F4D5C
196,66,36,#1F4C5C
197,66,36,#1F4B5C
198,66,36,#1F4A5C
199,66,36,#1F495C
200,66,36,#1F485C
201,66,36,#1F475C
202,66,36,#1F465C
203,66,36,#1F455C
204,66,36,#1F445C
205,66,36,#1F435C
206,66,36,#1F425C
207,66,36,#1F415C
208,66,36,#1F405C
209,66,36,#1F3F5C
210,66,36,#1F3E5C
211,66,36,#1F3C5C
212,66,36,#1F3B5C
213,66,36,#1F3A5C
214,66,36,#1F395C
215,66,36,#1F385C
216,66,36,#1F375C
217,66,36,#1F365C
218,66,36,#1F355C
219,66,36,#1F345C
220,66,36,#1F335C
221,66,36,#1F325C
222,66,36,#1F315C
223,66,36,#1F305C
224,66,36,#1F2F5C
225,66,36,#1F2E5C
226,66,36,#1F2D5C
227,66,36,#1F2C5C
228,66,36,#1F2B5C
229,66,36,#1F2A5C
230,66,36,#1F295C
231,66,36,#1F285C
232,66,36,#1F275C
233,66,36,#1F265C
234,66,36,#1F255C
235,66,36,#1F245C
236,66,36,#1F235C
237,66,36,#1F225C
238,66,36,#1F215C
239,66,36,#1F205C
240,66,36,#1F1F5C
241,66,36,#201F5C
242,66,36,#211F5C
243,66,36,#221F5C
244,66,36,#231F5C
245,66,36,#241F5C
246,66,36,#251F5C
247,66,36,#261F5C
248,66,36,#271F5C
249,66,36,#281F5C
250,66,36,#291F5C
251,66,36,#2A1F5C
252,66,36,#2B1F5C
253,66,36,#2C1F5C
254,66,36,#2D1F5C
255,66,36,#2E1F5C
256,66,36,#2F1F5C
257,66,36,#301F5C
258,66,36,#311F5C
259,66,36,#321F5C
260,66,36,#331F5C
261,66,36,#341F5C
262,66,36,#351F5C
263,66,36,#361F5C
264,66,36,#371F5C
265,66,36,#381F5C
266,66,36,#391F5C
267,66,36,#3A1F5C
268,66,36,#3B1F5C
269,66,36,#3C1F5C
270,66,36,#3E1F5C
271,66,36,#3F1F5C
272,66,36,#401F5C
273,66,36,#411F5C
274,66,36,#421F5C
275,66,36,#431F5C
276,66,36,#441F5C
277,66,36,#451F5C
278,66,36,#461F5C
279,66,36,#471F5C
280,66,36,#481F5C
281,66,36,#491F5C
282,66,36,#4A1F5C
283,66,36,#4B1F5C
284,66,36,#4C1F5C
285,66,36,#4D1F5C
286,66,36,#4E1F5C
287,66,36,#4F1F5C
288,66,36,#501F5C
289,66,36,#511F5C
290,66,36,#521F5C
291,66,36,#531F5C
292,66,36,#541F5C
293,66,36,#551F5C
294,66,36,#561F5C
295,66,36,#571F5C
296,66,36,#581F5C
297,66,36,#591F5C
298,66,36,#5A1F5C
299,66,36,#5B1F5C
300,66,36,#5C1F5C
301,66,36,#5C1F5B
302,66,36,#5C1F5A
303,66,36,#5C1F59
304,66,36,#5C1F58
305,66,36,#5C1F57
306,66,36,#5C1F56
307,66,36,#5C1F55
308,66,36,#5C1F54
309,66,36,#5C1F53
310,66,36,#5C1F52
311,66,36,#5C1F51
312,66,36,#5C1F50
313,66,36,#5C1F4F
314,66,36,#5C1F4E
315,66,36,#5C1F4D
316,66,36,#5C1F4C
317,66,36,#5C1F4B
318,66,36,#5C1F4A
319,66,36,#5C1F49
320,66,36,#5C1F48
321,66,36,#5C1F47
322,66,36,#5C1F46
323,66,36,#5C1F45
324,66,36,#5C1F44
325,66,36,#5C1F43
326,66,36,#5C1F42
327,66,36,#5C1F41
328,66,36,#5C1F40
329,66,36,#5C1F3F
330,66,36,#5C1F3E
331,66,36,#5C1F3C
332,66,36,#5C1F3B
333,66,36,#5C1F3A
334,66,36,#5C1F39
335,66,36,#5C1F38
336,66,36,#5C1F37
337,66,36,#5C1F36
338,66,36,#5C1F35
339,66,36,#5C1F34
340,66,36,#5C1F33
341,66,36,#5C1F32
342,66,36,#5C1F31
343,66,36,#5C1F30
344,66,36,#5C1F2F
345,66,36,#5C1F2E
346,66,36,#5C1F2D
347,66,36,#5C1F2C
348,66,36,#5C1F2B
349,66,36,#5C1F2A
350,66,36,#5C1F29
351,66,36,#5C1F28
352,66,36,#5C1F27
353,66,36,#5C1F26
354,66,36,#5C1F25
355,66,36,#5C1F24
356,66,36,#5C1F23
357,66,36,#5C1F22
358,66,36,#5C1F21
359,66,36,#5C1F20
0,65,36,#5C2020
1,65,36,#5C2120
2,65,36,#5C2220
3,65,36,#5C2320
4,65,36,#5C2420
5,65,36,#5C2520
6,65,36,#5C2620
7,65,36,#5C2720
8,65,36,#5C2820
9,65,36,#5C2920
10,65,36,#5C2A20
11,65,36,#5C2B20
12,65,36,#5C2C20
13,65,36,#5C2D20
14,65,36,#5C2E20
15,65,36,#5C2F20
16,65,36,#5C3020
17,65,36,#5C3120
18,65,36,#5C3220
19,65,36,#5C3320
20,65,36,#5C3420
21,65,36,#5C3520
22,65,36,#5C3620
23,65,36,#5C3720
24,65,36,#5C3820
25,65,36,#5C3920
26,65,36,#5C3A20
27,65,36,#5C3B20
28,65,36,#5C3C20
29,65,36,#5C3D20
30,65,36,#5C3E20
31,65,36,#5C3F20
32,65,36,#5C4020
33,65,36,#5C4120
34,65,36,#5C4220
35,65,36,#5C4320
36,65,36,#5C4420
37,65,36,#5C4520
38,65,36,#5C4620
39,65,36,#5C4720
40,65,36,#5C4820
41,65,36,#5C4920
42,65,36,#5C4A20
43,65,36,#5C4B20
44,65,36,#5C4C20
45,65,36,#5C4D20
46,65,36,#5C4E20
47,65,36,#5C4F20
48,65,36,#5C5020
49,65,36,#5C5120
50,65,36,#5C5220
51,65,36,#5C5320
52,65,36,#5C5420
53,65,36,#5C5520
54,65,36,#5C5620
55,65,36,#5C5720
56,65,36,#5C5820
57,65,36,#5C5920
58,65,36,#5C5A20
59,65,36,#5C5B20
60,65,36,#5C5C20
61,65,36,#5B5C20
62,65,36,#5A5C20
63,65,36,#595C20
64,65,36,#585C20
65,65,36,#575C20
66,65,36,#565C20
67,65,36,#555C20
68,65,36,#545C20
69,65,36,#535C20
70,65,36,#525C20
71,65,36,#515C20
72,65,36,#505C20
73,65,36,#4F5C20
74,65,36,#4E5C20
75,65,36,#4D5C20
76,65,36,#4C5C20
77,65,36,#4B5C20
78,65,36,#4A5C20
79,65,36,#495C20
80,65,36,#485C20
81,65,36,#475C20
82,65,36,#465C20
83,65,36,#455C20
84,65,36,#445C20
85,65,36,#435C20
86,65,36,#425C20
87,65,36,#415C20
88,65,36,#405C20
89,65,36,#3F5C20
90,65,36,#3E5C20
91,65,36,#3D5C20
92,65,36,#3C5C20
93,65,36,#3B5C20
94,65,36,#3A5C20
95,65,36,#395C20
96,65,36,#385C20
97,65,36,#375C20
98,65,36,#365C20
99,65,36,#355C20
100,65,36,#345C20
101,65,36,#335C20
102,65,36,#325C20
103,65,36,#315C20
104,65,36,#305C20
105,65,36,#2F5C20
106,65,36,#2E5C20
107,65,36,#2D5C20
108,65,36,#2C5C20
109,65,36,#2B5C20
110,65,36,#2A5C20
111,65,36,#295C20
112,65,36,#285C20
113,65,36,#275C20
114,65,36,#265C20
115,65,36,#255C20
116,65,36,#245C20
117,65,36,#235C20
118,65,36,#225C20
119,65,36,#215C20
120,65,36,#205C20
121,65,36,#205C21
122,65,36,#205C22
123,65,36,#205C23
124,65,36,#205C24
125,65,36,#205C25
126,65,36,#205C26
127,65,36,#205C27
128,65,36,#205C28
129,65,36,#205C29
130,65,36,#205C2A
131,65,36,#205C2B
132,65,36,#205C2C
133,65,36,#205C2D
134,65,36,#205C2E
135,65,36,#205C2F
136,65,36,#205C30
137,65,36,#205C31
138,65,36,#205C32
139,65,36,#205C33
140,65,36,#205C34
141,65,36,#205C35
142,65,36,#205C36
143,65,36,#205C37
144,65,36,#205C38
145,65,36,#205C39
146,65,36,#205C3A
147,65,36,#205C3B
148,65,36,#205C3C
149,65,36,#205C3D
150,65,36,#205C3E
151,65,36,#205C3F
152,65,36,#205C40
153,65,36,#205C41
154,65,36,#205C42
155,65,36,#205C43
156,65,36,#205C44
157,65,36,#205C45
158,65,36,#205C46
159,65,36,#205C47
160,65,36,#205C48
161,65,36,#205C49
162,65,36,#205C4A
163,65,36,#205C4B
164,65,36,#205C4C
165,65,36,#205C4D
166,65,36,#205C4E
167,65,36,#205C4F
168,65,36,#205C50
169,65,36,#205C51
170,65,36,#205C52
171,65,36,#205C53
172,65,36,#205C54
173,65,36,#205C55
174,65,36,#205C56
175,65,36,#205C57
176,65,36,#205C58
177,65,36,#205C59
178,65,36,#205C5A
179,65,36,#205C5B
180,65,36,#205C5C
181,65,36,#205B5C
182,65,36,#205A5C
183,65,36,#20595C
184,65,36,#20585C
185,65,36,#20575C
186,65,36,#20565C
187,65,36,#20555C
188,65,36,#20545C
189,65,36,#20535C
190,65,36,#20525C
191,65,36,#20515C
192,65,36,#20505C
193,65,36,#204F5C
194,65,36,#204E5C
195,65,36,#204D5C
196,65,36,#204C5C
197,65,36,#204B5C
198,65,36,#204A5C
199,65,36,#20495C
200,65,36,#20485C
201,65,36,#20475C
202,65,36,#20465C
203,65,36,#20455C
204,65,36,#20445C
205,65,36,#20435C
206,65,36,#20425C
207,65,36,#20415C
208,65,36,#20405C
209,65,36,#203F5C
210,65,36,#203E5C
211,65,36,#203D5C
212,65,36,#203C5C
213,65,36,#203B5C
214,65,36,#203A5C
215,65,36,#20395C
216,65,36,#20385C
217,65,36,#20375C
218,65,36,#20365C
219,65,36,#20355C
220,65,36,#20345C
221,65,36,#20335C
222,65,36,#20325C
223,65,36,#20315C
224,65,36,#20305C
225,65,36,#202F5C
226,65,36,#202E5C
227,65,36,#202D5C
228,65,36,#202C5C
229,65,36,#202B5C
230,65,36,#202A5C
231,65,36,#20295C
232,65,36,#20285C
233,65,36,#20275C
234,65,36,#20265C
235,65,36,#20255C
236,65,36,#20245C
237,65,36,#20235C
238,65,36,#20225C
239,65,36,#20215C
240,65,36,#20205C
241,65,36,#21205C
242,65,36,#22205C
243,65,36,#23205C
244,65,36,#24205C
245,65,36,#25205C
246,65,36,#26205C
247,65,36,#27205C
248,65,36,#28205C
249,65,36,#29205C
250,65,36,#2A205C
251,65,36,#2B205C
252,65,36,#2C205C
253,65,36,#2D205C
254,65,36,#2E205C
255,65,36,#2F205C
256,65,36,#30205C
257,65,36,#31205C
258,65,36,#32205C
259,65,36,#33205C
260,65,36,#34205C
261,65,36,#35205C
262,65,36,#36205C
263,65,36,#37205C
264,65,36,#38205C
265,65,36,#39205C
266,65,36,#3A205C
267,65,36,#3B205C
268,65,36,#3C205C
269,65,36,#3D205C
270,65,36,#3E205C
271,65,36,#3F205C
272,65,36,#40205C
273,65,36,#41205C
274,65,36,#42205C
275,65,36,#43205C
276,65,36,#44205C
277,65,36,#45205C
278,65,36,#46205C
279,65,36,#47205C
280,65,36,#48205C
281,65,36,#49205C
282,65,36,#4A205C
283,65,36,#4B205C
284,65,36,#4C205C
285,65,36,#4D205C
286,65,36,#4E205C
287,65,36,#4F205C
288,65,36,#50205C
289,65,36,#51205C
290,65,36,#52205C
291,65,36,#53205C
292,65,36,#54205C
293,65,36,#55205C
294,65,36,#56205C
295,65,36,#57205C
296,65,36,#58205C
297,65,36,#59205C
298,65,36,#5A205C
299,65,36,#5B205C
300,65,36,#5C205C
301,65,36,#5C205B
302,65,36,#5C205A
303,65,36,#5C2059
304,65,36,#5C2058
305,65,36,#5C2057
306,65,36,#5C2056
307,65,36,#5C2055
308,65,36,#5C2054
309,65,36,#5C2053
310,65,36,#5C2052
311,65,36,#5C2051
312,65,36,#5C2050
313,65,36,#5C204F
314,65,36,#5C204E
315,65,36,#5C204D
316,65,36,#5C204C
317,65,36,#5C204B
318,65,36,#5C204A
319,65,36,#5C2049
320,65,36,#5C2048
321,65,36,#5C2047
322,65,36,#5C2046
323,65,36,#5C2045
324,65,36,#5C2044
325,65,36,#5C2043
326,65,36,#5C2042
327,65,36,#5C2041
328,65,36,#5C2040
329,65,36,#5C203F
330,65,36,#5C203E
331,65,36,#5C203D
332,65,36,#5C203C
333,65,36,#5C203B
334,65,36,#5C203A
335,65,36,#5C2039
336,65,36,#5C2038
337,65,36,#5C2037
338,65,36,#5C2036
339,65,36,#5C2035
340,65,36,#5C2034
341,65,36,#5C2033
342,65,36,#5C2032
343,65,36,#5C2031
344,65,36,#5C2030
345,65,36,#5C202F
346,65,36,#5C202E
347,65,36,#5C202D
348,65,36,#5C202C
349,65,36,#5C202B
350,65,36,#5C202A
351,65,36,#5C2029
352,65,36,#5C2028
353,65,36,#5C2027
354,65,36,#5C2026
355,65,36,#5C2025
356,65,36,#5C2024
357,65,36,#5C2023
358,65,36,#5C2022
359,65,36,#5C2021
0,64,36,#5C2121
1,64,36,#5C2221
2,64,36,#5C2321
3,64,36,#5C2421
4,64,36,#5C2521
5,64,36,#5C2621
6,64,36,#5C2721
7,64,36,#5C2821
8,64,36,#5C2921
9,64,36,#5C2A21
10,64,36,#5C2B21
11,64,36,#5C2C21
12,64,36,#5C2D21
13,64,36,#5C2E21
14,64,36,#5C2F21
15,64,36,#5C3021
16,64,36,#5C3121
17,64,36,#5C3221
18,64,36,#5C3321
19,64,36,#5C3421
20,64,36,#5C3521
21,64,36,#5C3621
22,64,36,#5C3721
23,64,36,#5C3821
24,64,36,#5C3921
25,64,36,#5C3A21
26,64,36,#5C3B21
27,64,36,#5C3B21
28,64,36,#5C3C21
29,64,36,#5C3D21
30,64,36,#5C3E21
31,64,36,#5C3F21
32,64,36,#5C4021
33,64,36,#5C4121
34,64,36,#5C4221
35,64,36,#5C4321
36,64,36,#5C4421
37,64,36,#5C4521
38,64,36,#5C4621
39,64,36,#5C4721
40,64,36,#5C4821
41,64,36,#5C4921
42,64,36,#5C4A21
43,64,36,#5C4B21
44,64,36,#5C4C21
45,64,36,#5C4D21
46,64,36,#5C4E21
47,64,36,#5C4F21
48,64,36,#5C5021
49,64,36,#5C5121
50,64,36,#5C5221
51,64,36,#5C5321
52,64,36,#5C5421
53,64,36,#5C5521
54,64,36,#5C5621
55,64,36,#5C5721
56,64,36,#5C5821
57,64,36,#5C5921
58,64,36,#5C5A21
59,64,36,#5C5B21
60,64,36,#5C5C21
61,64,36,#5B5C21
62,64,36,#5A5C21
63,64,36,#595C21
64,64,36,#585C21
65,64,36,#575C21
66,64,36,#565C21
67,64,36,#555C21
68,64,36,#545C21
69,64,36,#535C21
70,64,36,#525C21
71,64,36,#515C21
72,64,36,#505C21
73,64,36,#4F5C21
74,64,36,#4E5C21
75,64,36,#4D5C21
76,64,36,#4C5C21
77,64,36,#4B5C21
78,64,36,#4A5C21
79,64,36,#495C21
80,64,36,#485C21
81,64,36,#475C21
82,64,36,#465C21
83,64,36,#455C21
84,64,36,#445C21
85,64,36,#435C21
86,64,36,#425C21
87,64,36,#415C21
88,64,36,#405C21
89,64,36,#3F5C21
90,64,36,#3E5C21
91,64,36,#3D5C21
92,64,36,#3C5C21
93,64,36,#3B5C21
94,64,36,#3B5C21
95,64,36,#3A5C21
96,64,36,#395C21
97,64,36,#385C21
98,64,36,#375C21
99,64,36,#365C21
100,64,36,#355C21
101,64,36,#345C21
102,64,36,#335C21
103,64,36,#325C21
104,64,36,#315C21
105,64,36,#305C21
106,64,36,#2F5C21
107,64,36,#2E5C21
108,64,36,#2D5C21
109,64,36,#2C5C21
110,64,36,#2B5C21
111,64,36,#2A5C21
112,64,36,#295C21
113,64,36,#285C21
114,64,36,#275C21
115,64,36,#265C21
116,64,36,#255C21
117,64,36,#245C21
118,64,36,#235C21
119,64,36,#225C21
120,64,36,#215C21
121,64,36,#215C22
122,64,36,#215C23
123,64,36,#215C24
124,64,36,#215C25
125,64,36,#215C26
126,64,36,#215C27
127,64,36,#215C28
128,64,36,#215C29
129,64,36,#215C2A
130,64,36,#215C2B
131,64,36,#215C2C
132,64,36,#215C2D
133,64,36,#215C2E
134,64,36,#215C2F
135,64,36,#215C30
136,64,36,#215C31
137,64,36,#215C32
138,64,36,#215C33
139,64,36,#215C34
140,64,36,#215C35
141,64,36,#215C36
142,64,36,#215C37
143,64,36,#215C38
144,64,36,#215C39
145,64,36,#215C3A
146,64,36,#215C3B
147,64,36,#215C3B
148,64,36,#215C3C
149,64,36,#215C3D
150,64,36,#215C3E
151,64,36,#215C3F
152,64,36,#215C40
153,64,36,#215C41
154,64,36,#215C42
155,64,36,#215C43
156,64,36,#215C44
157,64,36,#215C45
158,64,36,#215C46
159,64,36,#215C47
160,64,36,#215C48
161,64,36,#215C49
162,64,36,#215C4A
163,64,36,#215C4B
164,64,36,#215C4C
165,64,36,#215C4D
166,64,36,#215C4E
167,64,36,#215C4F
168,64,36,#215C50
169,64,36,#215C51
170,64,36,#215C52
171,64,36,#215C53
172,64,36,#215C54
173,64,36,#215C55
174,64,36,#215C56
175,64,36,#215C57
176,64,36,#215C58
177,64,36,#215C59
178,64,36,#215C5A
179,64,36,#215C5B
180,64,36,#215C5C
181,64,36,#215B5C
182,64,36,#215A5C
183,64,36,#21595C
184,64,36,#21585C
185,64,36,#21575C
186,64,36,#21565C
187,64,36,#21555C
188,64,36,#21545C
189,64,36,#21535C
190,64,36,#21525C
191,64,36,#21515C
192,64,36,#21505C
193,64,36,#214F5C
194,64,36,#214E5C
195,64,36,#214D5C
196,64,36,#214C5C
197,64,36,#214B5C
198,64,36,#214A5C
199,64,36,#21495C
200,64,36,#21485C
201,64,36,#21475C
202,64,36,#21465C
203,64,36,#21455C
204,64,36,#21445C
205,64,36,#21435C
206,64,36,#21425C
207,64,36,#21415C
208,64,36,#21405C
209,64,36,#213F5C
210,64,36,#213E5C
211,64,36,#213D5C
212,64,36,#213C5C
213,64,36,#213B5C
214,64,36,#213B5C
215,64,36,#213A5C
216,64,36,#21395C
217,64,36,#21385C
218,64,36,#21375C
219,64,36,#21365C
220,64,36,#21355C
221,64,36,#21345C
222,64,36,#21335C
223,64,36,#21325C
224,64,36,#21315C
225,64,36,#21305C
226,64,36,#212F5C
227,64,36,#212E5C
228,64,36,#212D5C
229,64,36,#212C5C
230,64,36,#212B5C
231,64,36,#212A5C
232,64,36,#21295C
233,64,36,#21285C
234,64,36,#21275C
235,64,36,#21265C
236,64,36,#21255C
237,64,36,#21245C
238,64,36,#21235C
239,64,36,#21225C
240,64,36,#21215C
241,64,36,#22215C
242,64,36,#23215C
243,64,36,#24215C
244,64,36,#25215C
245,64,36,#26215C
246,64,36,#27215C
247,64,36,#28215C
248,64,36,#29215C
249,64,36,#2A215C
250,64,36,#2B215C
251,64,36,#2C215C
252,64,36,#2D215C
253,64,36,#2E215C
254,64,36,#2F215C
255,64,36,#30215C
256,64,36,#31215C
257,64,36,#32215C
258,64,36,#33215C
259,64,36,#34215C
260,64,36,#35215C
261,64,36,#36215C
262,64,36,#37215C
263,64,36,#38215C
264,64,36,#39215C
265,64,36,#3A215C
266,64,36,#3B215C
267,64,36,#3B215C
268,64,36,#3C215C
269,64,36,#3D215C
270,64,36,#3E215C
271,64,36,#3F215C
272,64,36,#40215C
273,64,36,#41215C
274,64,36,#42215C
275,64,36,#43215C
276,64,36,#44215C
277,64,36,#45215C
278,64,36,#46215C
279,64,36,#47215C
280,64,36,#48215C
281,64,36,#49215C
282,64,36,#4A215C
283,64,36,#4B215C
284,64,36,#4C215C
285,64,36,#4D215C
286,64,36,#4E215C
287,64,36,#4F215C
288,64,36,#50215C
289,64,36,#51215C
290,64,36,#52215C
291,64,36,#53215C
292,64,36,#54215C
293,64,36,#55215C
294,64,36,#56215C
295,64,36,#57215C
296,64,36,#58215C
297,64,36,#59215C
298,64,36,#5A215C
299,64,36,#5B215C
300,64,36,#5C215C
301,64,36,#5C215B
302,64,36,#5C215A
303,64,36,#5C2159
304,64,36,#5C2158
305,64,36,#5C2157
306,64,36,#5C2156
307,64,36,#5C2155
308,64,36,#5C2154
309,64,36,#5C2153
310,64,36,#5C2152
311,64,36,#5C2151
312,64,36,#5C2150
313,64,36,#5C214F
314,64,36,#5C214E
315,64,36,#5C214D
316,64,36,#5C214C
317,64,36,#5C214B
318,64,36,#5C214A
319,64,36,#5C2149
320,64,36,#5C2148
321,64,36,#5C2147
322,64,36,#5C2146
323,64,36,#5C2145
324,64,36,#5C2144
325,64,36,#5C2143
326,64,36,#5C2142
327,64,36,#5C2141
328,64,36,#5C2140
329,64,36,#5C213F
330,64,36,#5C213E
331,64,36,#5C213D
332,64,36,#5C213C
333,64,36,#5C213B
334,64,36,#5C213B
335,64,36,#5C213A
336,64,36,#5C2139
337,64,36,#5C2138
338,64,36,#5C2137
339,64,36,#5C2136
340,64,36,#5C2135
341,64,36,#5C2134
342,64,36,#5C2133
343,64,36,#5C2132
344,64,36,#5C2131
345,64,36,#5C2130
346,64,36,#5C212F
347,64,36,#5C212E
348,64,36,#5C212D
349,64,36,#5C212C
350,64,36,#5C212B
351,64,36,#5C212A
352,64,36,#5C2129
353,64,36,#5C2128
354,64,36,#5C2127
355,64,36,#5C2126
356,64,36,#5C2125
357,64,36,#5C2124
358,64,36,#5C2123
359,64,36,#5C2122
0,63,36,#5C2222
1,63,36,#5C2322
2,63,36,#5C2422
3,63,36,#5C2522
4,63,36,#5C2622
5,63,36,#5C2722
6,63,36,#5C2822
7,63,36,#5C2922
8,63,36,#5C2A22
9,63,36,#5C2B22
10,63,36,#5C2C22
11,63,36,#5C2D22
12,63,36,#5C2E22
13,63,36,#5C2E22
14,63,36,#5C2F22
15,63,36,#5C3022
16,63,36,#5C3122
17,63,36,#5C3222
18,63,36,#5C3322
19,63,36,#5C3422
20,63,36,#5C3522
21,63,36,#5C3622
22,63,36,#5C3722
23,63,36,#5C3822
24,63,36,#5C3922
25,63,36,#5C3A22
26,63,36,#5C3B22
27,63,36,#5C3C22
28,63,36,#5C3D22
29,63,36,#5C3E22
30,63,36,#5C3F22
31,63,36,#5C4022
32,63,36,#5C4122
33,63,36,#5C4222
34,63,36,#5C4322
35,63,36,#5C4422
36,63,36,#5C4522
37,63,36,#5C4622
38,63,36,#5C4722
39,63,36,#5C4822
40,63,36,#5C4922
41,63,36,#5C4922
42,63,36,#5C4A22
43,63,36,#5C4B22
44,63,36,#5C4C22
45,63,36,#5C4D22
46,63,36,#5C4E22
47,63,36,#5C4F22
48,63,36,#5C5022
49,63,36,#5C5122
50,63,36,#5C5222
51,63,36,#5C5322
52,63,36,#5C5422
53,63,36,#5C5522
54,63,36,#5C5622
55,63,36,#5C5722
56,63,36,#5C5822
57,63,36,#5C5922
58,63,36,#5C5A22
59,63,36,#5C5B22
60,63,36,#5C5C22
61,63,36,#5B5C22
62,63,36,#5A5C22
63,63,36,#595C22
64,63,36,#585C22
65,63,36,#575C22
66,63,36,#565C22
67,63,36,#555C22
68,63,36,#545C22
69,63,36,#535C22
70,63,36,#525C22
71,63,36,#515C22
72,63,36,#505C22
73,63,36,#4F5C22
74,63,36,#4E5C22
75,63,36,#4D5C22
76,63,36,#4C5C22
77,63,36,#4B5C22
78,63,36,#4A5C22
79,63,36,#495C22
80,63,36,#495C22
81,63,36,#485C22
82,63,36,#475C22
83,63,36,#465C22
84,63,36,#455C22
85,63,36,#445C22
86,63,36,#435C22
87,63,36,#425C22
88,63,36,#415C22
89,63,36,#405C22
90,63,36,#3F5C22
91,63,36,#3E5C22
92,63,36,#3D5C22
93,63,36,#3C5C22
94,63,36,#3B5C22
95,63,36,#3A5C22
96,63,36,#395C22
97,63,36,#385C22
98,63,36,#375C22
99,63,36,#365C22
100,63,36,#355C22
101,63,36,#345C22
102,63,36,#335C22
103,63,36,#325C22
104,63,36,#315C22
105,63,36,#305C22
106,63,36,#2F5C22
107,63,36,#2E5C22
108,63,36,#2E5C22
109,63,36,#2D5C22
110,63,36,#2C5C22
111,63,36,#2B5C22
112,63,36,#2A5C22
113,63,36,#295C22
114,63,36,#285C22
115,63,36,#275C22
116,63,36,#265C22
117,63,36,#255C22
118,63,36,#245C22
119,63,36,#235C22
120,63,36,#225C22
121,63,36,#225C23
122,63,36,#225C24
123,63,36,#225C25
124,63,36,#225C26
125,63,36,#225C27
126,63,36,#225C28
127,63,36,#225C29
128,63,36,#225C2A
129,63,36,#225C2B
130,63,36,#225C2C
131,63,36,#225C2D
132,63,36,#225C2E
133,63,36,#225C2E
134,63,36,#225C2F
135,63,36,#225C30
136,63,36,#225C31
137,63,36,#225C32
138,63,36,#225C33
139,63,36,#225C34
140,63,36,#225C35
141,63,36,#225C36
142,63,36,#225C37
143,63,36,#225C38
144,63,36,#225C39
145,63,36,#225C3A
146,63,36,#225C3B
147,63,36,#225C3C
148,63,36,#225C3D
149,63,36,#225C3E
150,63,36,#225C3F
151,63,36,#225C40
152,63,36,#225C41
153,63,36,#225C42
154,63,36,#225C43
155,63,36,#225C44
156,63,36,#225C45
157,63,36,#225C46
158,63,36,#225C47
159,63,36,#225C48
160,63,36,#225C49
161,63,36,#225C49
162,63,36,#225C4A
163,63,36,#225C4B
164,63,36,#225C4C
165,63,36,#225C4D
166,63,36,#225C4E
167,63,36,#225C4F
168,63,36,#225C50
169,63,36,#225C51
170,63,36,#225C52
171,63,36,#225C53
172,63,36,#225C54
173,63,36,#225C55
174,63,36,#225C56
175,63,36,#225C57
176,63,36,#225C58
177,63,36,#225C59
178,63,36,#225C5A
179,63,36,#225C5B
180,63,36,#225C5C
181,63,36,#225B5C
182,63,36,#225A5C
183,63,36,#22595C
184,63,36,#22585C
185,63,36,#22575C
186,63,36,#22565C
187,63,36,#22555C
188,63,36,#22545C
189,63,36,#22535C
190,63,36,#22525C
191,63,36,#22515C
192,63,36,#22505C
193,63,36,#224F5C
194,63,36,#224E5C
195,63,36,#224D5C
196,63,36,#224C5C
197,63,36,#224B5C
198,63,36,#224A5C
199,63,36,#22495C
200,63,36,#22495C
201,63,36,#22485C
202,63,36,#22475C
203,63,36,#22465C
204,63,36,#22455C
205,63,36,#22445C
206,63,36,#22435C
207,63,36,#22425C
208,63,36,#22415C
209,63,36,#22405C
210,63,36,#223F5C
211,63,36,#223E5C
212,63,36,#223D5C
213,63,36,#223C5C
214,63,36,#223B5C
215,63,36,#223A5C
216,63,36,#22395C
217,63,36,#22385C
218,63,36,#22375C
219,63,36,#22365C
220,63,36,#22355C
221,63,36,#22345C
222,63,36,#22335C
223,63,36,#22325C
224,63,36,#22315C
225,63,36,#22305C
226,63,36,#222F5C
227,63,36,#222E5C
228,63,36,#222E5C
229,63,36,#222D5C
230,63,36,#222C5C
231,63,36,#222B5C
232,63,36,#222A5C
233,63,36,#22295C
234,63,36,#22285C
235,63,36,#22275C
236,63,36,#22265C
237,63,36,#22255C
238,63,36,#22245C
239,63,36,#22235C
240,63,36,#22225C
241,63,36,#23225C
242,63,36,#24225C
243,63,36,#25225C
244,63,36,#26225C
245,63,36,#27225C
246,63,36,#28225C
247,63,36,#29225C
248,63,36,#2A225C
249,63,36,#2B225C
250,63,36,#2C225C
251,63,36,#2D225C
252,63,36,#2E225C
253,63,36,#2E225C
254,63,36,#2F225C
255,63,36,#30225C
256,63,36,#31225C
257,63,36,#32225C
258,63,36,#33225C
259,63,36,#34225C
260,63,36,#35225C
261,63,36,#36225C
262,63,36,#37225C
263,63,36,#38225C
264,63,36,#39225C
265,63,36,#3A225C
266,63,36,#3B225C
267,63,36,#3C225C
268,63,36,#3D225C
269,63,36,#3E225C
270,63,36,#3F225C
271,63,36,#40225C
272,63,36,#41225C
273,63,36,#42225C
274,63,36,#43225C
275,63,36,#44225C
276,63,36,#45225C
277,63,36,#46225C
278,63,36,#47225C
279,63,36,#48225C
280,63,36,#49225C
281,63,36,#49225C
282,63,36,#4A225C
283,63,36,#4B225C
284,63,36,#4C225C
285,63,36,#4D225C
286,63,36,#4E225C
287,63,36,#4F225C
288,63,36,#50225C
289,63,36,#51225C
290,63,36,#52225C
291,63,36,#53225C
292,63,36,#54225C
293,63,36,#55225C
294,63,36,#56225C
295,63,36,#57225C
296,63,36,#58225C
297,63,36,#59225C
298,63,36,#5A225C
299,63,36,#5B225C
300,63,36,#5C225C
301,63,36,#5C225B
302,63,36,#5C225A
303,63,36,#5C2259
304,63,36,#5C2258
305,63,36,#5C2257
306,63,36,#5C2256
307,63,36,#5C2255
308,63,36,#5C2254
309,63,36,#5C2253
310,63,36,#5C2252
311,63,36,#5C2251
312,63,36,#5C2250
313,63,36,#5C224F
314,63,36,#5C224E
315,63,36,#5C224D
316,63,36,#5C224C
317,63,36,#5C224B
318,63,36,#5C224A
319,63,36,#5C2249
320,63,36,#5C2249
321,63,36,#5C2248
322,63,36,#5C2247
323,63,36,#5C2246
324,63,36,#5C2245
325,63,36,#5C2244
326,63,36,#5C2243
327,63,36,#5C2242
328,63,36,#5C2241
329,63,36,#5C2240
330,63,36,#5C223F
331,63,36,#5C223E
332,63,36,#5C223D
333,63,36,#5C223C
334,63,36,#5C223B
335,63,36,#5C223A
336,63,36,#5C2239
337,63,36,#5C2238
338,63,36,#5C2237
339,63,36,#5C2236
340,63,36,#5C2235
341,63,36,#5C2234
342,63,36,#5C2233
343,63,36,#5C2232
344,63,36,#5C2231
345,63,36,#5C2230
346,63,36,#5C222F
347,63,36,#5C222E
348,63,36,#5C222E
349,63,36,#5C222D
350,63,36,#5C222C
351,63,36,#5C222B
352,63,36,#5C222A
353,63,36,#5C2229
354,63,36,#5C2228
355,63,36,#5C2227
356,63,36,#5C2226
357,63,36,#5C2225
358,63,36,#5C2224
359,63,36,#5C2223
0,62,36,#5C2323
1,62,36,#5C2423
2,62,36,#5C2523
3,62,36,#5C2623
4,62,36,#5C2723
5,62,36,#5C2823
6,62,36,#5C2923
7,62,36,#5C2A23
8,62,36,#5C2A23
9,62,36,#5C2B23
10,62,36,#5C2C23
11,62,36,#5C2D23
12,62,36,#5C2E23
13,62,36,#5C2F23
14,62,36,#5C3023
15,62,36,#5C3123
16,62,36,#5C3223
17,62,36,#5C3323
18,62,36,#5C3423
19,62,36,#5C3523
20,62,36,#5C3623
21,62,36,#5C3723
22,62,36,#5C3823
23,62,36,#5C3923
24,62,36,#5C3A23
25,62,36,#5C3B23
26,62,36,#5C3C23
27,62,36,#5C3C23
28,62,36,#5C3D23
29,62,36,#5C3E23
30,62,36,#5C3F23
31,62,36,#5C4023
32,62,36,#5C4123
33,62,36,#5C4223
34,62,36,#5C4323
35,62,36,#5C4423
36,62,36,#5C4523
37,62,36,#5C4623
38,62,36,#5C4723
39,62,36,#5C4823
40,62,36,#5C4923
41,62,36,#5C4A23
42,62,36,#5C4B23
43,62,36,#5C4C23
44,62,36,#5C4D23
45,62,36,#5C4E23
46,62,36,#5C4F23
47,62,36,#5C4F23
48,62,36,#5C5023
49,62,36,#5C5123
50,62,36,#5C5223
51,62,36,#5C5323
52,62,36,#5C5423
53,62,36,#5C5523
54,62,36,#5C5623
55,62,36,#5C5723
56,62,36,#5C5823
57,62,36,#5C5923
58,62,36,#5C5A23
59,62,36,#5C5B23
60,62,36,#5C5C23
61,62,36,#5B5C23
62,62,36,#5A5C23
63,62,36,#595C23
64,62,36,#585C23
65,62,36,#575C23
66,62,36,#565C23
67,62,36,#555C23
68,62,36,#545C23
69,62,36,#535C23
70,62,36,#525C23
71,62,36,#515C23
72,62,36,#505C23
73,62,36,#4F5C23
74,62,36,#4F5C23
75,62,36,#4E5C23
76,62,36,#4D5C23
77,62,36,#4C5C23
78,62,36,#4B5C23
79,62,36,#4A5C23
80,62,36,#495C23
81,62,36,#485C23
82,62,36,#475C23
83,62,36,#465C23
84,62,36,#455C23
85,62,36,#445C23
86,62,36,#435C23
87,62,36,#425C23
88,62,36,#415C23
89,62,36,#405C23
90,62,36,#3F5C23
91,62,36,#3E5C23
92,62,36,#3D5C23
93,62,36,#3C5C23
94,62,36,#3C5C23
95,62,36,#3B5C23
96,62,36,#3A5C23
97,62,36,#395C23
98,62,36,#385C23
99,62,36,#375C23
100,62,36,#365C23
101,62,36,#355C23
102,62,36,#345C23
103,62,36,#335C23
104,62,36,#325C23
105,62,36,#315C23
106,62,36,#305C23
107,62,36,#2F5C23
108,62,36,#2E5C23
109,62,36,#2D5C23
110,62,36,#2C5C23
111,62,36,#2B5C23
112,62,36,#2A5C23
113,62,36,#2A5C23
114,62,36,#295C23
115,62,36,#285C23
116,62,36,#275C23
117,62,36,#265C23
118,62,36,#255C23
119,62,36,#245C23
120,62,36,#235C23
121,62,36,#235C24
122,62,36,#235C25
123,62,36,#235C26
124,62,36,#235C27
125,62,36,#235C28
126,62,36,#235C29
127,62,36,#235C2A
128,62,36,#235C2A
129,62,36,#235C2B
130,62,36,#235C2C
131,62,36,#235C2D
132,62,36,#235C2E
133,62,36,#235C2F
134,62,36,#235C30
135,62,36,#235C31
136,62,36,#235C32
137,62,36,#235C33
138,62,36,#235C34
139,62,36,#235C35
140,62,36,#235C36
141,62,36,#235C37
142,62,36,#235C38
143,62,36,#235C39
144,62,36,#235C3A
145,62,36,#235C3B
146,62,36,#235C3C
147,62,36,#235C3C
148,62,36,#235C3D
149,62,36,#235C3E
150,62,36,#235C3F
151,62,36,#235C40
152,62,36,#235C41
153,62,36,#235C42
154,62,36,#235C43
155,62,36,#235C44
156,62,36,#235C45
157,62,36,#235C46
158,62,36,#235C47
159,62,36,#235C48
160,62,36,#235C49
161,62,36,#235C4A
162,62,36,#235C4B
163,62,36,#235C4C
164,62,36,#235C4D
165,62,36,#235C4E
166,62,36,#235C4F
167,62,36,#235C4F
168,62,36,#235C50
169,62,36,#235C51
170,62,36,#235C52
171,62,36,#235C53
172,62,36,#235C54
173,62,36,#235C55
174,62,36,#235C56
175,62,36,#235C57
176,62,36,#235C58
177,62,36,#235C59
178,62,36,#235C5A
179,62,36,#235C5B
180,62,36,#235C5C
181,62,36,#235B5C
182,62,36,#235A5C
183,62,36,#23595C
184,62,36,#23585C
185,62,36,#23575C
186,62,36,#23565C
187,62,36,#23555C
188,62,36,#23545C
189,62,36,#23535C
190,62,36,#23525C
191,62,36,#23515C
192,62,36,#23505C
193,62,36,#234F5C
194,62,36,#234F5C
195,62,36,#234E5C
196,62,36,#234D5C
197,62,36,#234C5C
198,62,36,#234B5C
199,62,36,#234A5C
200,62,36,#23495C
201,62,36,#23485C
202,62,36,#23475C
203,62,36,#23465C
204,62,36,#23455C
205,62,36,#23445C
206,62,36,#23435C
207,62,36,#23425C
208,62,36,#23415C
209,62,36,#23405C
210,62,36,#233F5C
211,62,36,#233E5C
212,62,36,#233D5C
213,62,36,#233C5C
214,62,36,#233C5C
215,62,36,#233B5C
216,62,36,#233A5C
217,62,36,#23395C
218,62,36,#23385C
219,62,36,#23375C
220,62,36,#23365C
221,62,36,#23355C
222,62,36,#23345C
223,62,36,#23335C
224,62,36,#23325C
225,62,36,#23315C
226,62,36,#23305C
227,62,36,#232F5C
228,62,36,#232E5C
229,62,36,#232D5C
230,62,36,#232C5C
231,62,36,#232B5C
232,62,36,#232A5C
233,62,36,#232A5C
234,62,36,#23295C
235,62,36,#23285C
236,62,36,#23275C
237,62,36,#23265C
238,62,36,#23255C
239,62,36,#23245C
240,62,36,#23235C
241,62,36,#24235C
242,62,36,#25235C
243,62,36,#26235C
244,62,36,#27235C
245,62,36,#28235C
246,62,36,#29235C
247,62,36,#2A235C
248,62,36,#2A235C
249,62,36,#2B235C
250,62,36,#2C235C
251,62,36,#2D235C
252,62,36,#2E235C
253,62,36,#2F235C
254,62,36,#30235C
255,62,36,#31235C
256,62,36,#32235C
257,62,36,#33235C
258,62,36,#34235C
259,62,36,#35235C
260,62,36,#36235C
261,62,36,#37235C
262,62,36,#38235C
263,62,36,#39235C
264,62,36,#3A235C
265,62,36,#3B235C
266,62,36,#3C235C
267,62,36,#3C235C
268,62,36,#3D235C
269,62,36,#3E235C
270,62,36,#3F235C
271,62,36,#40235C
272,62,36,#41235C
273,62,36,#42235C
274,62,36,#43235C
275,62,36,#44235C
276,62,36,#45235C
277,62,36,#46235C
278,62,36,#47235C
279,62,36,#48235C
280,62,36,#49235C
281,62,36,#4A235C
282,62,36,#4B235C
283,62,36,#4C235C
284,62,36,#4D235C
285,62,36,#4E235C
286,62,36,#4F235C
287,62,36,#4F235C
288,62,36,#50235C
289,62,36,#51235C
290,62,36,#52235C
291,62,36,#53235C
292,62,36,#54235C
293,62,36,#55235C
294,62,36,#56235C
295,62,36,#57235C
296,62,36,#58235C
297,62,36,#59235C
298,62,36,#5A235C
299,62,36,#5B235C
300,62,36,#5C235C
301,62,36,#5C235B
302,62,36,#5C235A
303,62,36,#5C2359
304,62,36,#5C2358
305,62,36,#5C2357
306,62,36,#5C2356
307,62,36,#5C2355
308,62,36,#5C2354
309,62,36,#5C2353
310,62,36,#5C2352
311,62,36,#5C2351
312,62,36,#5C2350
313,62,36,#5C234F
314,62,36,#5C234F
315,62,36,#5C234E
316,62,36,#5C234D
317,62,36,#5C234C
318,62,36,#5C234B
319,62,36,#5C234A
320,62,36,#5C2349
321,62,36,#5C2348
322,62,36,#5C2347
323,62,36,#5C2346
324,62,36,#5C2345
325,62,36,#5C2344
326,62,36,#5C2343
327,62,36,#5C2342
328,62,36,#5C2341
329,62,36,#5C2340
330,62,36,#5C233F
331,62,36,#5C233E
332,62,36,#5C233D
333,62,36,#5C233C
334,62,36,#5C233C
335,62,36,#5C233B
336,62,36,#5C233A
337,62,36,#5C2339
338,62,36,#5C2338
339,62,36,#5C2337
340,62,36,#5C2336
341,62,36,#5C2335
342,62,36,#5C2334
343,62,36,#5C2333
344,62,36,#5C2332
345,62,36,#5C2331
346,62,36,#5C2330
347,62,36,#5C232F
348,62,36,#5C232E
349,62,36,#5C232D
350,62,36,#5C232C
351,62,36,#5C232B
352,62,36,#5C232A
353,62,36,#5C232A
354,62,36,#5C2329
355,62,36,#5C2328
356,62,36,#5C2327
357,62,36,#5C2326
358,62,36,#5C2325
359,62,36,#5C2324
0,61,36,#5C2424
1,61,36,#5C2524
2,61,36,#5C2624
3,61,36,#5C2724
4,61,36,#5C2824
5,61,36,#5C2824
6,61,36,#5C2924
7,61,36,#5C2A24
8,61,36,#5C2B24
9,61,36,#5C2C24
10,61,36,#5C2D24
11,61,36,#5C2E24
12,61,36,#5C2F24
13,61,36,#5C3024
14,61,36,#5C3124
15,61,36,#5C3224
16,61,36,#5C3324
17,61,36,#5C3424
18,61,36,#5C3524
19,61,36,#5C3624
20,61,36,#5C3624
21,61,36,#5C3724
22,61,36,#5C3824
23,61,36,#5C3924
24,61,36,#5C3A24
25,61,36,#5C3B24
26,61,36,#5C3C24
27,61,36,#5C3D24
28,61,36,#5C3E24
29,61,36,#5C3F24
30,61,36,#5C4024
31,61,36,#5C4124
32,61,36,#5C4224
33,61,36,#5C4324
34,61,36,#5C4424
35,61,36,#5C4424
36,61,36,#5C4524
37,61,36,#5C4624
38,61,36,#5C4724
39,61,36,#5C4824
40,61,36,#5C4924
41,61,36,#5C4A24
42,61,36,#5C4B24
43,61,36,#5C4C24
44,61,36,#5C4D24
45,61,36,#5C4E24
46,61,36,#5C4F24
47,61,36,#5C5024
48,61,36,#5C5124
49,61,36,#5C5224
50,61,36,#5C5224
51,61,36,#5C5324
52,61,36,#5C5424
53,61,36,#5C5524
54,61,36,#5C5624
55,61,36,#5C5724
56,61,36,#5C5824
57,61,36,#5C5924
58,61,36,#5C5A24
59,61,36,#5C5B24
60,61,36,#5C5C24
61,61,36,#5B5C24
62,61,36,#5A5C24
63,61,36,#595C24
64,61,36,#585C24
65,61,36,#575C24
66,61,36,#565C24
67,61,36,#555C24
68,61,36,#545C24
69,61,36,#535C24
70,61,36,#525C24
71,61,36,#525C24
72,61,36,#515C24
73,61,36,#505C24
74,61,36,#4F5C24
75,61,36,#4E5C24
76,61,36,#4D5C24
77,61,36,#4C5C24
78,61,36,#4B5C24
79,61,36,#4A5C24
80,61,36,#495C24
81,61,36,#485C24
82,61,36,#475C24
83,61,36,#465C24
84,61,36,#455C24
85,61,36,#445C24
86,61,36,#445C24
87,61,36,#435C24
88,61,36,#425C24
89,61,36,#415C24
90,61,36,#405C24
91,61,36,#3F5C24
92,61,36,#3E5C24
93,61,36,#3D5C24
94,61,36,#3C5C24
95,61,36,#3B5C24
96,61,36,#3A5C24
97,61,36,#395C24
98,61,36,#385C24
99,61,36,#375C24
100,61,36,#365C24
101,61,36,#365C24
102,61,36,#355C24
103,61,36,#345C24
104,61,36,#335C24
105,61,36,#325C24
106,61,36,#315C24
107,61,36,#305C24
108,61,36,#2F5C24
109,61,36,#2E5C24
110,61,36,#2D5C24
111,61,36,#2C5C24
112,61,36,#2B5C24
113,61,36,#2A5C24
114,61,36,#295C24
115,61,36,#285C24
116,61,36,#285C24
117,61,36,#275C24
118,61,36,#265C24
119,61,36,#255C24
120,61,36,#245C24
121,61,36,#245C25
122,61,36,#245C26
123,61,36,#245C27
124,61,36,#245C28
125,61,36,#245C28
126,61,36,#245C29
127,61,36,#245C2A
128,61,36,#245C2B
129,61,36,#245C2C
130,61,36,#245C2D
131,61,36,#245C2E
132,61,36,#245C2F
133,61,36,#245C30
134,61,36,#245C31
135,61,36,#245C32
136,61,36,#245C33
137,61,36,#245C34
138,61,36,#245C35
139,61,36,#245C36
140,61,36,#245C36
141,61,36,#245C37
142,61,36,#245C38
143,61,36,#245C39
144,61,36,#245C3A
145,61,36,#245C3B
146,61,36,#245C3C
147,61,36,#245C3D
148,61,36,#245C3E
149,61,36,#245C3F
150,61,36,#245C40
151,61,36,#245C41
152,61,36,#245C42
153,61,36,#245C43
154,61,36,#245C44
155,61,36,#245C44
156,61,36,#245C45
157,61,36,#245C46
158,61,36,#245C47
159,61,36,#245C48
160,61,36,#245C49
161,61,36,#245C4A
162,61,36,#245C4B
163,61,36,#245C4C
164,61,36,#245C4D
165,61,36,#245C4E
166,61,36,#245C4F
167,61,36,#245C50
168,61,36,#245C51
169,61,36,#245C52
170,61,36,#245C52
171,61,36,#245C53
172,61,36,#245C54
173,61,36,#245C55
174,61,36,#245C56
175,61,36,#245C57
176,61,36,#245C58
177,61,36,#245C59
178,61,36,#245C5A
179,61,36,#245C5B
180,61,36,#245C5C
181,61,36,#245B5C
182,61,36,#245A5C
183,61,36,#24595C
184,61,36,#24585C
185,61,36,#24575C
186,61,36,#24565C
187,61,36,#24555C
188,61,36,#24545C
189,61,36,#24535C
190,61,36,#24525C
191,61,36,#24525C
192,61,36,#24515C
193,61,36,#24505C
194,61,36,#244F5C
195,61,36,#244E5C
196,61,36,#244D5C
197,61,36,#244C5C
198,61,36,#244B5C
199,61,36,#244A5C
200,61,36,#24495C
201,61,36,#24485C
202,61,36,#24475C
203,61,36,#24465C
204,61,36,#24455C
205,61,36,#24445C
206,61,36,#24445C
207,61,36,#24435C
208,61,36,#24425C
209,61,36,#24415C
210,61,36,#24405C
211,61,36,#243F5C
212,61,36,#243E5C
213,61,36,#243D5C
214,61,36,#243C5C
215,61,36,#243B5C
216,61,36,#243A5C
217,61,36,#24395C
218,61,36,#24385C
219,61,36,#24375C
220,61,36,#24365C
221,61,36,#24365C
222,61,36,#24355C
223,61,36,#24345C
224,61,36,#24335C
225,61,36,#24325C
226,61,36,#24315C
227,61,36,#24305C
228,61,36,#242F5C
229,61,36,#242E5C
230,61,36,#242D5C
231,61,36,#242C5C
232,61,36,#242B5C
233,61,36,#242A5C
234,61,36,#24295C
235,61,36,#24285C
236,61,36,#24285C
237,61,36,#24275C
238,61,36,#24265C
239,61,36,#24255C
240,61,36,#24245C
241,61,36,#25245C
242,61,36,#26245C
243,61,36,#27245C
244,61,36,#28245C
245,61,36,#28245C
246,61,36,#29245C
247,61,36,#2A245C
248,61,36,#2B245C
249,61,36,#2C245C
250,61,36,#2D245C
251,61,36,#2E245C
252,61,36,#2F245C
253,61,36,#30245C
254,61,36,#31245C
255,61,36,#32245C
256,61,36,#33245C
257,61,36,#34245C
258,61,36,#35245C
259,61,36,#36245C
260,61,36,#36245C
261,61,36,#37245C
262,61,36,#38245C
263,61,36,#39245C
264,61,36,#3A245C
265,61,36,#3B245C
266,61,36,#3C245C
267,61,36,#3D245C
268,61,36,#3E245C
269,61,36,#3F245C
270,61,36,#40245C
271,61,36,#41245C
272,61,36,#42245C
273,61,36,#43245C
274,61,36,#44245C
275,61,36,#44245C
276,61,36,#45245C
277,61,36,#46245C
278,61,36,#47245C
279,61,36,#48245C
280,61,36,#49245C
281,61,36,#4A245C
282,61,36,#4B245C
283,61,36,#4C245C
284,61,36,#4D245C
285,61,36,#4E245C
286,61,36,#4F245C
287,61,36,#50245C
288,61,36,#51245C
289,61,36,#52245C
290,61,36,#52245C
291,61,36,#53245C
292,61,36,#54245C
293,61,36,#55245C
294,61,36,#56245C
295,61,36,#57245C
296,61,36,#58245C
297,61,36,#59245C
298,61,36,#5A245C
299,61,36,#5B245C
300,61,36,#5C245C
301,61,36,#5C245B
302,61,36,#5C245A
303,61,36,#5C2459
304,61,36,#5C2458
305,61,36,#5C2457
306,61,36,#5C2456
307,61,36,#5C2455
308,61,36,#5C2454
309,61,36,#5C2453
310,61,36,#5C2452
311,61,36,#5C2452
312,61,36,#5C2451
313,61,36,#5C2450
314,61,36,#5C244F
315,61,36,#5C244E
316,61,36,#5C244D
317,61,36,#5C244C
318,61,36,#5C244B
319,61,36,#5C244A
320,61,36,#5C2449
321,61,36,#5C2448
322,61,36,#5C2447
323,61,36,#5C2446
324,61,36,#5C2445
325,61,36,#5C2444
326,61,36,#5C2444
327,61,36,#5C2443
328,61,36,#5C2442
329,61,36,#5C2441
330,61,36,#5C2440
331,61,36,#5C243F
332,61,36,#5C243E
333,61,36,#5C243D
334,61,36,#5C243C
335,61,36,#5C243B
336,61,36,#5C243A
337,61,36,#5C2439
338,61,36,#5C2438
339,61,36,#5C2437
340,61,36,#5C2436
341,61,36,#5C2436
342,61,36,#5C2435
343,61,36,#5C2434
344,61,36,#5C2433
345,61,36,#5C2432
346,61,36,#5C2431
347,61,36,#5C2430
348,61,36,#5C242F
349,61,36,#5C242E
350,61,36,#5C242D
351,61,36,#5C242C
352,61,36,#5C242B
353,61,36,#5C242A
354,61,36,#5C2429
355,61,36,#5C2428
356,61,36,#5C2428
357,61,36,#5C2427
358,61,36,#5C2426
359,61,36,#5C2425
0,60,36,#5C2525
1,60,36,#5C2625
2,60,36,#5C2725
3,60,36,#5C2725
4,60,36,#5C2825
5,60,36,#5C2925
6,60,36,#5C2A25
7,60,36,#5C2B25
8,60,36,#5C2C25
9,60,36,#5C2D25
10,60,36,#5C2E25
11,60,36,#5C2F25
12,60,36,#5C3025
13,60,36,#5C3125
14,60,36,#5C3225
15,60,36,#5C3225
16,60,36,#5C3325
17,60,36,#5C3425
18,60,36,#5C3525
19,60,36,#5C3625
20,60,36,#5C3725
21,60,36,#5C3825
22,60,36,#5C3925
23,60,36,#5C3A25
24,60,36,#5C3B25
25,60,36,#5C3C25
26,60,36,#5C3D25
27,60,36,#5C3E25
28,60,36,#5C3E25
29,60,36,#5C3F25
30,60,36,#5C4025
31,60,36,#5C4125
32,60,36,#5C4225
33,60,36,#5C4325
34,60,36,#5C4425
35,60,36,#5C4525
36,60,36,#5C4625
37,60,36,#5C4725
38,60,36,#5C4825
39,60,36,#5C4925
40,60,36,#5C4925
41,60,36,#5C4A25
42,60,36,#5C4B25
43,60,36,#5C4C25
44,60,36,#5C4D25
45,60,36,#5C4E25
46,60,36,#5C4F25
47,60,36,#5C5025
48,60,36,#5C5125
49,60,36,#5C5225
50,60,36,#5C5325
51,60,36,#5C5425
52,60,36,#5C5425
53,60,36,#5C5525
54,60,36,#5C5625
55,60,36,#5C5725
56,60,36,#5C5825
57,60,36,#5C5925
58,60,36,#5C5A25
59,60,36,#5C5B25
60,60,36,#5C5C25
61,60,36,#5B5C25
62,60,36,#5A5C25
63,60,36,#595C25
64,60,36,#585C25
65,60,36,#575C25
66,60,36,#565C25
67,60,36,#555C25
68,60,36,#545C25
69,60,36,#545C25
70,60,36,#535C25
71,60,36,#525C25
72,60,36,#515C25
73,60,36,#505C25
74,60,36,#4F5C25
75,60,36,#4E5C25
76,60,36,#4D5C25
77,60,36,#4C5C25
78,60,36,#4B5C25
79,60,36,#4A5C25
80,60,36,#495C25
81,60,36,#495C25
82,60,36,#485C25
83,60,36,#475C25
84,60,36,#465C25
85,60,36,#455C25
86,60,36,#445C25
87,60,36,#435C25
88,60,36,#425C25
89,60,36,#415C25
90,60,36,#405C25
91,60,36,#3F5C25
92,60,36,#3E5C25
93,60,36,#3E5C25
94,60,36,#3D5C25
95,60,36,#3C5C25
96,60,36,#3B5C25
97,60,36,#3A5C25
98,60,36,#395C25
99,60,36,#385C25
100,60,36,#375C25
101,60,36,#365C25
102,60,36,#355C25
103,60,36,#345C25
104,60,36,#335C25
105,60,36,#325C25
106,60,36,#325C25
107,60,36,#315C25
108,60,36,#305C25
109,60,36,#2F5C25
110,60,36,#2E5C25
111,60,36,#2D5C25
112,60,36,#2C5C25
113,60,36,#2B5C25
114,60,36,#2A5C25
115,60,36,#295C25
116,60,36,#285C25
117,60,36,#275C25
118,60,36,#275C25
119,60,36,#265C25
120,60,36,#255C25
121,60,36,#255C26
122,60,36,#255C27
123,60,36,#255C27
124,60,36,#255C28
125,60,36,#255C29
126,60,36,#255C2A
127,60,36,#255C2B
128,60,36,#255C2C
129,60,36,#255C2D
130,60,36,#255C2E
131,60,36,#255C2F
132,60,36,#255C30
133,60,36,#255C31
134,60,36,#255C32
135,60,36,#255C32
136,60,36,#255C33
137,60,36,#255C34
138,60,36,#255C35
139,60,36,#255C36
140,60,36,#255C37
141,60,36,#255C38
142,60,36,#255C39
143,60,36,#255C3A
144,60,36,#255C3B
145,60,36,#255C3C
146,60,36,#255C3D
147,60,36,#255C3E
148,60,36,#255C3E
149,60,36,#255C3F
150,60,36,#255C40
151,60,36,#255C41
152,60,36,#255C42
153,60,36,#255C43
154,60,36,#255C44
155,60,36,#255C45
156,60,36,#255C46
157,60,36,#255C47
158,60,36,#255C48
159,60,36,#255C49
160,60,36,#255C49
161,60,36,#255C4A
162,60,36,#255C4B
163,60,36,#255C4C
164,60,36,#255C4D
165,60,36,#255C4E
166,60,36,#255C4F
167,60,36,#255C50
168,60,36,#255C51
169,60,36,#255C52
170,60,36,#255C53
171,60,36,#255C54
172,60,36,#255C54
173,60,36,#255C55
174,60,36,#255C56
175,60,36,#255C57
176,60,36,#255C58
177,60,36,#255C59
178,60,36,#255C5A
179,60,36,#255C5B
180,60,36,#255C5C
181,60,36,#255B5C
182,60,36,#255A5C
183,60,36,#25595C
184,60,36,#25585C
185,60,36,#25575C
186,60,36,#25565C
187,60,36,#25555C
188,60,36,#25545C
189,60,36,#25545C
190,60,36,#25535C
191,60,36,#25525C
192,60,36,#25515C
193,60,36,#25505C
194,60,36,#254F5C
195,60,36,#254E5C
196,60,36,#254D5C
197,60,36,#254C5C
198,60,36,#254B5C
199,60,36,#254A5C
200,60,36,#25495C
201,60,36,#25495C
202,60,36,#25485C
203,60,36,#25475C
204,60,36,#25465C
205,60,36,#25455C
206,60,36,#25445C
207,60,36,#25435C
208,60,36,#25425C
209,60,36,#25415C
210,60,36,#25405C
211,60,36,#253F5C
212,60,36,#253E5C
213,60,36,#253E5C
214,60,36,#253D5C
215,60,36,#253C5C
216,60,36,#253B5C
217,60,36,#253A5C
218,60,36,#25395C
219,60,36,#25385C
220,60,36,#25375C
221,60,36,#25365C
222,60,36,#25355C
223,60,36,#25345C
224,60,36,#25335C
225,60,36,#25325C
226,60,36,#25325C
227,60,36,#25315C
228,60,36,#25305C
229,60,36,#252F5C
230,60,36,#252E5C
231,60,36,#252D5C
232,60,36,#252C5C
233,60,36,#252B5C
234,60,36,#252A5C
235,60,36,#25295C
236,60,36,#25285C
237,60,36,#25275C
238,60,36,#25275C
239,60,36,#25265C
240,60,36,#25255C
241,60,36,#26255C
242,60,36,#27255C
243,60,36,#27255C
244,60,36,#28255C
245,60,36,#29255C
246,60,36,#2A255C
247,60,36,#2B255C
248,60,36,#2C255C
249,60,36,#2D255C
250,60,36,#2E255C
251,60,36,#2F255C
252,60,36,#30255C
253,60,36,#31255C
254,60,36,#32255C
255,60,36,#32255C
256,60,36,#33255C
257,60,36,#34255C
258,60,36,#35255C
259,60,36,#36255C
260,60,36,#37255C
261,60,36,#38255C
262,60,36,#39255C
263,60,36,#3A255C
264,60,36,#3B255C
265,60,36,#3C255C
266,60,36,#3D255C
267,60,36,#3E255C
268,60,36,#3E255C
269,60,36,#3F255C
270,60,36,#40255C
271,60,36,#41255C
272,60,36,#42255C
273,60,36,#43255C
274,60,36,#44255C
275,60,36,#45255C
276,60,36,#46255C
277,60,36,#47255C
278,60,36,#48255C
279,60,36,#49255C
280,60,36,#49255C
281,60,36,#4A255C
282,60,36,#4B255C
283,60,36,#4C255C
284,60,36,#4D255C
285,60,36,#4E255C
286,60,36,#4F255C
287,60,36,#50255C
288,60,36,#51255C
289,60,36,#52255C
290,60,36,#53255C
291,60,36,#54255C
292,60,36,#54255C
293,60,36,#55255C
294,60,36,#56255C
295,60,36,#57255C
296,60,36,#58255C
297,60,36,#59255C
298,60,36,#5A255C
299,60,36,#5B255C
300,60,36,#5C255C
301,60,36,#5C255B
302,60,36,#5C255A
303,60,36,#5C2559
304,60,36,#5C2558
305,60,36,#5C2557
306,60,36,#5C2556
307,60,36,#5C2555
308,60,36,#5C2554
309,60,36,#5C2554
310,60,36,#5C2553
311,60,36,#5C2552
312,60,36,#5C2551
313,60,36,#5C2550
314,60,36,#5C254F
315,60,36,#5C254E
316,60,36,#5C254D
317,60,36,#5C254C
318,60,36,#5C254B
319,60,36,#5C254A
320,60,36,#5C2549
321,60,36,#5C2549
322,60,36,#5C2548
323,60,36,#5C2547
324,60,36,#5C2546
325,60,36,#5C2545
326,60,36,#5C2544
327,60,36,#5C2543
328,60,36,#5C2542
329,60,36,#5C2541
330,60,36,#5C2540
331,60,36,#5C253F
332,60,36,#5C253E
333,60,36,#5C253E
334,60,36,#5C253D
335,60,36,#5C253C
336,60,36,#5C253B
337,60,36,#5C253A
338,60,36,#5C2539
339,60,36,#5C2538
340,60,36,#5C2537
341,60,36,#5C2536
342,60,36,#5C2535
343,60,36,#5C2534
344,60,36,#5C2533
345,60,36,#5C2532
346,60,36,#5C2532
347,60,36,#5C2531
348,60,36,#5C2530
349,60,36,#5C252F
350,60,36,#5C252E
351,60,36,#5C252D
352,60,36,#5C252C
353,60,36,#5C252B
354,60,36,#5C252A
355,60,36,#5C2529
356,60,36,#5C2528
357,60,36,#5C2527
358,60,36,#5C2527
359,60,36,#5C2526
0,59,36,#5C2626
1,59,36,#5C2726
2,59,36,#5C2726
3,59,36,#5C2826
4,59,36,#5C2926
5,59,36,#5C2A26
6,59,36,#5C2B26
7,59,36,#5C2C26
8,59,36,#5C2D26
9,59,36,#5C2E26
10,59,36,#5C2F26
11,59,36,#5C3026
12,59,36,#5C3026
13,59,36,#5C3126
14,59,36,#5C3226
15,59,36,#5C3326
16,59,36,#5C3426
17,59,36,#5C3526
18,59,36,#5C3626
19,59,36,#5C3726
20,59,36,#5C3826
21,59,36,#5C3926
22,59,36,#5C3926
23,59,36,#5C3A26
24,59,36,#5C3B26
25,59,36,#5C3C26
26,59,36,#5C3D26
27,59,36,#5C3E26
28,59,36,#5C3F26
29,59,36,#5C4026
30,59,36,#5C4126
31,59,36,#5C4226
32,59,36,#5C4326
33,59,36,#5C4326
34,59,36,#5C4426
35,59,36,#5C4526
36,59,36,#5C4626
37,59,36,#5C4726
38,59,36,#5C4826
39,59,36,#5C4926
40,59,36,#5C4A26
41,59,36,#5C4B26
42,59,36,#5C4C26
43,59,36,#5C4C26
44,59,36,#5C4D26
45,59,36,#5C4E26
46,59,36,#5C4F26
47,59,36,#5C5026
48,59,36,#5C5126
49,59,36,#5C5226
50,59,36,#5C5326
51,59,36,#5C5426
52,59,36,#5C5526
53,59,36,#5C5526
54,59,36,#5C5626
55,59,36,#5C5726
56,59,36,#5C5826
57,59,36,#5C5926
58,59,36,#5C5A26
59,59,36,#5C5B26
60,59,36,#5C5C26
61,59,36,#5B5C26
62,59,36,#5A5C26
63,59,36,#595C26
64,59,36,#585C26
65,59,36,#575C26
66,59,36,#565C26
67,59,36,#555C26
68,59,36,#555C26
69,59,36,#545C26
70,59,36,#535C26
71,59,36,#525C26
72,59,36,#515C26
73,59,36,#505C26
74,59,36,#4F5C26
75,59,36,#4E5C26
76,59,36,#4D5C26
77,59,36,#4C5C26
78,59,36,#4C5C26
79,59,36,#4B5C26
80,59,36,#4A5C26
81,59,36,#495C26
82,59,36,#485C26
83,59,36,#475C26
84,59,36,#465C26
85,59,36,#455C26
86,59,36,#445C26
87,59,36,#435C26
88,59,36,#435C26
89,59,36,#425C26
90,59,36,#415C26
91,59,36,#405C26
92,59,36,#3F5C26
93,59,36,#3E5C26
94,59,36,#3D5C26
95,59,36,#3C5C26
96,59,36,#3B5C26
97,59,36,#3A5C26
98,59,36,#395C26
99,59,36,#395C26
100,59,36,#385C26
101,59,36,#375C26
102,59,36,#365C26
103,59,36,#355C26
104,59,36,#345C26
105,59,36,#335C26
106,59,36,#325C26
107,59,36,#315C26
108,59,36,#305C26
109,59,36,#305C26
110,59,36,#2F5C26
111,59,36,#2E5C26
112,59,36,#2D5C26
113,59,36,#2C5C26
114,59,36,#2B5C26
115,59,36,#2A5C26
116,59,36,#295C26
117,59,36,#285C26
118,59,36,#275C26
119,59,36,#275C26
120,59,36,#265C26
121,59,36,#265C27
122,59,36,#265C27
123,59,36,#265C28
124,59,36,#265C29
125,59,36,#265C2A
126,59,36,#265C2B
127,59,36,#265C2C
128,59,36,#265C2D
129,59,36,#265C2E
130,59,36,#265C2F
131,59,36,#265C30
132,59,36,#265C30
133,59,36,#265C31
134,59,36,#265C32
135,59,36,#265C33
136,59,36,#265C34
137,59,36,#265C35
138,59,36,#265C36
139,59,36,#265C37
140,59,36,#265C38
141,59,36,#265C39
142,59,36,#265C39
143,59,36,#265C3A
144,59,36,#265C3B
145,59,36,#265C3C
146,59,36,#265C3D
147,59,36,#265C3E
148,59,36,#265C3F
149,59,36,#265C40
150,59,36,#265C41
151,59,36,#265C42
152,59,36,#265C43
153,59,36,#265C43
154,59,36,#265C44
155,59,36,#265C45
156,59,36,#265C46
157,59,36,#265C47
158,59,36,#265C48
159,59,36,#265C49
160,59,36,#265C4A
161,59,36,#265C4B
162,59,36,#265C4C
163,59,36,#265C4C
164,59,36,#265C4D
165,59,36,#265C4E
166,59,36,#265C4F
167,59,36,#265C50
168,59,36,#265C51
169,59,36,#265C52
170,59,36,#265C53
171,59,36,#265C54
172,59,36,#265C55
173,59,36,#265C55
174,59,36,#265C56
175,59,36,#265C57
176,59,36,#265C58
177,59,36,#265C59
178,59,36,#265C5A
179,59,36,#265C5B
180,59,36,#265C5C
181,59,36,#265B5C
182,59,36,#265A5C
183,59,36,#26595C
184,59,36,#26585C
185,59,36,#26575C
186,59,36,#26565C
187,59,36,#26555C
188,59,36,#26555C
189,59,36,#26545C
190,59,36,#26535C
191,59,36,#26525C
192,59,36,#26515C
193,59,36,#26505C
194,59,36,#264F5C
195,59,36,#264E5C
196,59,36,#264D5C
197,59,36,#264C5C
198,59,36,#264C5C
199,59,36,#264B5C
200,59,36,#264A5C
201,59,36,#26495C
202,59,36,#26485C
203,59,36,#26475C
204,59,36,#26465C
205,59,36,#26455C
206,59,36,#26445C
207,59,36,#26435C
208,59,36,#26435C
209,59,36,#26425C
210,59,36,#26415C
211,59,36,#26405C
212,59,36,#263F5C
213,59,36,#263E5C
214,59,36,#263D5C
215,59,36,#263C5C
216,59,36,#263B5C
217,59,36,#263A5C
218,59,36,#26395C
219,59,36,#26395C
220,59,36,#26385C
221,59,36,#26375C
222,59,36,#26365C
223,59,36,#26355C
224,59,36,#26345C
225,59,36,#26335C
226,59,36,#26325C
227,59,36,#26315C
228,59,36,#26305C
229,59,36,#26305C
230,59,36,#262F5C
231,59,36,#262E5C
232,59,36,#262D5C
233,59,36,#262C5C
234,59,36,#262B5C
235,59,36,#262A5C
236,59,36,#26295C
237,59,36,#26285C
238,59,36,#26275C
239,59,36,#26275C
240,59,36,#26265C
241,59,36,#27265C
242,59,36,#27265C
243,59,36,#28265C
244,59,36,#29265C
245,59,36,#2A265C
246,59,36,#2B265C
247,59,36,#2C265C
248,59,36,#2D265C
249,59,36,#2E265C
250,59,36,#2F265C
251,59,36,#30265C
252,59,36,#30265C
253,59,36,#31265C
254,59,36,#32265C
255,59,36,#33265C
256,59,36,#34265C
257,59,36,#35265C
258,59,36,#36265C
259,59,36,#37265C
260,59,36,#38265C
261,59,36,#39265C
262,59,36,#39265C
263,59,36,#3A265C
264,59,36,#3B265C
265,59,36,#3C265C
266,59,36,#3D265C
267,59,36,#3E265C
268,59,36,#3F265C
269,59,36,#40265C
270,59,36,#41265C
271,59,36,#42265C
272,59,36,#43265C
273,59,36,#43265C
274,59,36,#44265C
275,59,36,#45265C
276,59,36,#46265C
277,59,36,#47265C
278,59,36,#48265C
279,59,36,#49265C
280,59,36,#4A265C
281,59,36,#4B265C
282,59,36,#4C265C
283,59,36,#4C265C
284,59,36,#4D265C
285,59,36,#4E265C
286,59,36,#4F265C
287,59,36,#50265C
288,59,36,#51265C
289,59,36,#52265C
290,59,36,#53265C
291,59,36,#54265C
292,59,36,#55265C
293,59,36,#55265C
294,59,36,#56265C
295,59,36,#57265C
296,59,36,#58265C
297,59,36,#59265C
298,59,36,#5A265C
299,59,36,#5B265C
300,59,36,#5C265C
301,59,36,#5C265B
302,59,36,#5C265A
303,59,36,#5C2659
304,59,36,#5C2658
305,59,36,#5C2657
306,59,36,#5C2656
307,59,36,#5C2655
308,59,36,#5C2655
309,59,36,#5C2654
310,59,36,#5C2653
311,59,36,#5C2652
312,59,36,#5C2651
313,59,36,#5C2650
314,59,36,#5C264F
315,59,36,#5C264E
316,59,36,#5C264D
317,59,36,#5C264C
318,59,36,#5C264C
319,59,36,#5C264B
320,59,36,#5C264A
321,59,36,#5C2649
322,59,36,#5C2648
323,59,36,#5C2647
324,59,36,#5C2646
325,59,36,#5C2645
326,59,36,#5C2644
327,59,36,#5C2643
328,59,36,#5C2643
329,59,36,#5C2642
330,59,36,#5C2641
331,59,36,#5C2640
332,59,36,#5C263F
333,59,36,#5C263E
334,59,36,#5C263D
335,59,36,#5C263C
336,59,36,#5C263B
337,59,36,#5C263A
338,59,36,#5C2639
339,59,36,#5C2639
340,59,36,#5C2638
341,59,36,#5C2637
342,59,36,#5C2636
343,59,36,#5C2635
344,59,36,#5C2634
345,59,36,#5C2633
346,59,36,#5C2632
347,59,36,#5C2631
348,59,36,#5C2630
349,59,36,#5C2630
350,59,36,#5C262F
351,59,36,#5C262E
352,59,36,#5C262D
353,59,36,#5C262C
354,59,36,#5C262B
355,59,36,#5C262A
356,59,36,#5C2629
357,59,36,#5C2628
358,59,36,#5C2627
359,59,36,#5C2627
0,58,36,#5C2727
1,58,36,#5C2727
2,58,36,#5C2827
3,58,36,#5C2927
4,58,36,#5C2A27
5,58,36,#5C2B27
6,58,36,#5C2C27
7,58,36,#5C2D27
8,58,36,#5C2E27
9,58,36,#5C2F27
10,58,36,#5C2F27
11,58,36,#5C3027
12,58,36,#5C3127
13,58,36,#5C3227
14,58,36,#5C3327
15,58,36,#5C3427
16,58,36,#5C3527
17,58,36,#5C3627
18,58,36,#5C3727
19,58,36,#5C3727
20,58,36,#5C3827
21,58,36,#5C3927
22,58,36,#5C3A27
23,58,36,#5C3B27
24,58,36,#5C3C27
25,58,36,#5C3D27
26,58,36,#5C3E27
27,58,36,#5C3F27
28,58,36,#5C3F27
29,58,36,#5C4027
30,58,36,#5C4127
31,58,36,#5C4227
32,58,36,#5C4327
33,58,36,#5C4427
34,58,36,#5C4527
35,58,36,#5C4627
36,58,36,#5C4727
37,58,36,#5C4727
38,58,36,#5C4827
39,58,36,#5C4927
40,58,36,#5C4A27
41,58,36,#5C4B27
42,58,36,#5C4C27
43,58,36,#5C4D27
44,58,36,#5C4E27
45,58,36,#5C4E27
46,58,36,#5C4F27
47,58,36,#5C5027
48,58,36,#5C5127
49,58,36,#5C5227
50,58,36,#5C5327
51,58,36,#5C5427
52,58,36,#5C5527
53,58,36,#5C5627
54,58,36,#5C5627
55,58,36,#5C5727
56,58,36,#5C5827
57,58,36,#5C5927
58,58,36,#5C5A27
59,58,36,#5C5B27
60,58,36,#5C5C27
61,58,36,#5B5C27
62,58,36,#5A5C27
63,58,36,#595C27
64,58,36,#585C27
65,58,36,#575C27
66,58,36,#565C27
67,58,36,#565C27
68,58,36,#555C27
69,58,36,#545C27
70,58,36,#535C27
71,58,36,#525C27
72,58,36,#515C27
73,58,36,#505C27
74,58,36,#4F5C27
75,58,36,#4E5C27
76,58,36,#4E5C27
77,58,36,#4D5C27
78,58,36,#4C5C27
79,58,36,#4B5C27
80,58,36,#4A5C27
81,58,36,#495C27
82,58,36,#485C27
83,58,36,#475C27
84,58,36,#475C27
85,58,36,#465C27
86,58,36,#455C27
87,58,36,#445C27
88,58,36,#435C27
89,58,36,#425C27
90,58,36,#415C27
91,58,36,#405C27
92,58,36,#3F5C27
93,58,36,#3F5C27
94,58,36,#3E5C27
95,58,36,#3D5C27
96,58,36,#3C5C27
97,58,36,#3B5C27
98,58,36,#3A5C27
99,58,36,#395C27
100,58,36,#385C27
101,58,36,#375C27
102,58,36,#375C27
103,58,36,#365C27
104,58,36,#355C27
105,58,36,#345C27
106,58,36,#335C27
107,58,36,#325C27
108,58,36,#315C27
109,58,36,#305C27
110,58,36,#2F5C27
111,58,36,#2F5C27
112,58,36,#2E5C27
113,58,36,#2D5C27
114,58,36,#2C5C27
115,58,36,#2B5C27
116,58,36,#2A5C27
117,58,36,#295C27
118,58,36,#285C27
119,58,36,#275C27
120,58,36,#275C27
121,58,36,#275C27
122,58,36,#275C28
123,58,36,#275C29
124,58,36,#275C2A
125,58,36,#275C2B
126,58,36,#275C2C
127,58,36,#275C2D
128,58,36,#275C2E
129,58,36,#275C2F
130,58,36,#275C2F
131,58,36,#275C30
132,58,36,#275C31
133,58,36,#275C32
134,58,36,#275C33
135,58,36,#275C34
136,58,36,#275C35
137,58,36,#275C36
138,58,36,#275C37
139,58,36,#275C37
140,58,36,#275C38
141,58,36,#275C39
142,58,36,#275C3A
143,58,36,#275C3B
144,58,36,#275C3C
145,58,36,#275C3D
146,58,36,#275C3E
147,58,36,#275C3F
148,58,36,#275C3F
149,58,36,#275C40
150,58,36,#275C41
151,58,36,#275C42
152,58,36,#275C43
153,58,36,#275C44
154,58,36,#275C45
155,58,36,#275C46
156,58,36,#275C47
157,58,36,#275C47
158,58,36,#275C48
159,58,36,#275C49
160,58,36,#275C4A
161,58,36,#275C4B
162,58,36,#275C4C
163,58,36,#275C4D
164,58,36,#275C4E
165,58,36,#275C4E
166,58,36,#275C4F
167,58,36,#275C50
168,58,36,#275C51
169,58,36,#275C52
170,58,36,#275C53
171,58,36,#275C54
172,58,36,#275C55
173,58,36,#275C56
174,58,36,#275C56
175,58,36,#275C57
176,58,36,#275C58
177,58,36,#275C59
178,58,36,#275C5A
179,58,36,#275C5B
180,58,36,#275C5C
181,58,36,#275B5C
182,58,36,#275A5C
183,58,36,#27595C
184,58,36,#27585C
185,58,36,#27575C
186,58,36,#27565C
187,58,36,#27565C
188,58,36,#27555C
189,58,36,#27545C
190,58,36,#27535C
191,58,36,#27525C
192,58,36,#27515C
193,58,36,#27505C
194,58,36,#274F5C
195,58,36,#274E5C
196,58,36,#274E5C
197,58,36,#274D5C
198,58,36,#274C5C
199,58,36,#274B5C
200,58,36,#274A5C
201,58,36,#27495C
202,58,36,#27485C
203,58,36,#27475C
204,58,36,#27475C
205,58,36,#27465C
206,58,36,#27455C
207,58,36,#27445C
208,58,36,#27435C
209,58,36,#27425C
210,58,36,#27415C
211,58,36,#27405C
212,58,36,#273F5C
213,58,36,#273F5C
214,58,36,#273E5C
215,58,36,#273D5C
216,58,36,#273C5C
217,58,36,#273B5C
218,58,36,#273A5C
219,58,36,#27395C
220,58,36,#27385C
221,58,36,#27375C
222,58,36,#27375C
223,58,36,#27365C
224,58,36,#27355C
225,58,36,#27345C
226,58,36,#27335C
227,58,36,#27325C
228,58,36,#27315C
229,58,36,#27305C
230,58,36,#272F5C
231,58,36,#272F5C
232,58,36,#272E5C
233,58,36,#272D5C
234,58,36,#272C5C
235,58,36,#272B5C
236,58,36,#272A5C
237,58,36,#27295C
238,58,36,#27285C
239,58,36,#27275C
240,58,36,#27275C
241,58,36,#27275C
242,58,36,#28275C
243,58,36,#29275C
244,58,36,#2A275C
245,58,36,#2B275C
246,58,36,#2C275C
247,58,36,#2D275C
248,58,36,#2E275C
249,58,36,#2F275C
250,58,36,#2F275C
251,58,36,#30275C
252,58,36,#31275C
253,58,36,#32275C
254,58,36,#33275C
255,58,36,#34275C
256,58,36,#35275C
257,58,36,#36275C
258,58,36,#37275C
259,58,36,#37275C
260,58,36,#38275C
261,58,36,#39275C
262,58,36,#3A275C
263,58,36,#3B275C
264,58,36,#3C275C
265,58,36,#3D275C
266,58,36,#3E275C
267,58,36,#3F275C
268,58,36,#3F275C
269,58,36,#40275C
270,58,36,#41275C
271,58,36,#42275C
272,58,36,#43275C
273,58,36,#44275C
274,58,36,#45275C
275,58,36,#46275C
276,58,36,#47275C
277,58,36,#47275C
278,58,36,#48275C
279,58,36,#49275C
280,58,36,#4A275C
281,58,36,#4B275C
282,58,36,#4C275C
283,58,36,#4D275C
284,58,36,#4E275C
285,58,36,#4E275C
286,58,36,#4F275C
287,58,36,#50275C
288,58,36,#51275C
289,58,36,#52275C
290,58,36,#53275C
291,58,36,#54275C
292,58,36,#55275C
293,58,36,#56275C
294,58,36,#56275C
295,58,36,#57275C
296,58,36,#58275C
297,58,36,#59275C
298,58,36,#5A275C
299,58,36,#5B275C
300,58,36,#5C275C
301,58,36,#5C275B
302,58,36,#5C275A
303,58,36,#5C2759
304,58,36,#5C2758
305,58,36,#5C2757
306,58,36,#5C2756
307,58,36,#5C2756
308,58,36,#5C2755
309,58,36,#5C2754
310,58,36,#5C2753
311,58,36,#5C2752
312,58,36,#5C2751
313,58,36,#5C2750
314,58,36,#5C274F
315,58,36,#5C274E
316,58,36,#5C274E
317,58,36,#5C274D
318,58,36,#5C274C
319,58,36,#5C274B
320,58,36,#5C274A
321,58,36,#5C2749
322,58,36,#5C2748
323,58,36,#5C2747
324,58,36,#5C2747
325,58,36,#5C2746
326,58,36,#5C2745
327,58,36,#5C2744
328,58,36,#5C2743
329,58,36,#5C2742
330,58,36,#5C2741
331,58,36,#5C2740
332,58,36,#5C273F
333,58,36,#5C273F
334,58,36,#5C273E
335,58,36,#5C273D
336,58,36,#5C273C
337,58,36,#5C273B
338,58,36,#5C273A
339,58,36,#5C2739
340,58,36,#5C2738
341,58,36,#5C2737
342,58,36,#5C2737
343,58,36,#5C2736
344,58,36,#5C2735
345,58,36,#5C2734
346,58,36,#5C2733
347,58,36,#5C2732
348,58,36,#5C2731
349,58,36,#5C2730
350,58,36,#5C272F
351,58,36,#5C272F
352,58,36,#5C272E
353,58,36,#5C272D
354,58,36,#5C272C
355,58,36,#5C272B
356,58,36,#5C272A
357,58,36,#5C2729
358,58,36,#5C2728
359,58,36,#5C2727
0,57,36,#5C2727
1,57,36,#5C2827
2,57,36,#5C2927
3,57,36,#5C2A27
4,57,36,#5C2B27
5,57,36,#5C2C27
6,57,36,#5C2D27
7,57,36,#5C2E27
8,57,36,#5C2E27
9,57,36,#5C2F27
10,57,36,#5C3027
11,57,36,#5C3127
12,57,36,#5C3227
13,57,36,#5C3327
14,57,36,#5C3427
15,57,36,#5C3527
16,57,36,#5C3527
17,57,36,#5C3627
18,57,36,#5C3727
19,57,36,#5C3827
20,57,36,#5C3927
21,57,36,#5C3A27
22,57,36,#5C3B27
23,57,36,#5C3C27
24,57,36,#5C3C27
25,57,36,#5C3D27
26,57,36,#5C3E27
27,57,36,#5C3F27
28,57,36,#5C4027
29,57,36,#5C4127
30,57,36,#5C4227
31,57,36,#5C4327
32,57,36,#5C4327
33,57,36,#5C4427
34,57,36,#5C4527
35,57,36,#5C4627
36,57,36,#5C4727
37,57,36,#5C4827
38,57,36,#5C4927
39,57,36,#5C4927
40,57,36,#5C4A27
41,57,36,#5C4B27
42,57,36,#5C4C27
43,57,36,#5C4D27
44,57,36,#5C4E27
45,57,36,#5C4F27
46,57,36,#5C5027
47,57,36,#5C5027
48,57,36,#5C5127
49,57,36,#5C5227
50,57,36,#5C5327
51,57,36,#5C5427
52,57,36,#5C5527
53,57,36,#5C5627
54,57,36,#5C5727
55,57,36,#5C5727
56,57,36,#5C5827
57,57,36,#5C5927
58,57,36,#5C5A27
59,57,36,#5C5B27
60,57,36,#5C5C27
61,57,36,#5B5C27
62,57,36,#5A5C27
63,57,36,#595C27
64,57,36,#585C27
65,57,36,#575C27
66,57,36,#575C27
67,57,36,#565C27
68,57,36,#555C27
69,57,36,#545C27
70,57,36,#535C27
71,57,36,#525C27
72,57,36,#515C27
73,57,36,#505C27
74,57,36,#505C27
75,57,36,#4F5C27
76,57,36,#4E5C27
77,57,36,#4D5C27
78,57,36,#4C5C27
79,57,36,#4B5C27
80,57,36,#4A5C27
81,57,36,#495C27
82,57,36,#495C27
83,57,36,#485C27
84,57,36,#475C27
85,57,36,#465C27
86,57,36,#455C27
87,57,36,#445C27
88,57,36,#435C27
89,57,36,#435C27
90,57,36,#425C27
91,57,36,#415C27
92,57,36,#405C27
93,57,36,#3F5C27
94,57,36,#3E5C27
95,57,36,#3D5C27
96,57,36,#3C5C27
97,57,36,#3C5C27
98,57,36,#3B5C27
99,57,36,#3A5C27
100,57,36,#395C27
101,57,36,#385C27
102,57,36,#375C27
103,57,36,#365C27
104,57,36,#355C27
105,57,36,#355C27
106,57,36,#345C27
107,57,36,#335C27
108,57,36,#325C27
109,57,36,#315C27
110,57,36,#305C27
111,57,36,#2F5C27
112,57,36,#2E5C27
113,57,36,#2E5C27
114,57,36,#2D5C27
115,57,36,#2C5C27
116,57,36,#2B5C27
117,57,36,#2A5C27
118,57,36,#295C27
119,57,36,#285C27
120,57,36,#275C27
121,57,36,#275C28
122,57,36,#275C29
123,57,36,#275C2A
124,57,36,#275C2B
125,57,36,#275C2C
126,57,36,#275C2D
127,57,36,#275C2E
128,57,36,#275C2E
129,57,36,#275C2F
130,57,36,#275C30
131,57,36,#275C31
132,57,36,#275C32
133,57,36,#275C33
134,57,36,#275C34
135,57,36,#275C35
136,57,36,#275C35
137,57,36,#275C36
138,57,36,#275C37
139,57,36,#275C38
140,57,36,#275C39
141,57,36,#275C3A
142,57,36,#275C3B
143,57,36,#275C3C
144,57,36,#275C3C
145,57,36,#275C3D
146,57,36,#275C3E
147,57,36,#275C3F
148,57,36,#275C40
149,57,36,#275C41
150,57,36,#275C42
151,57,36,#275C43
152,57,36,#275C43
153,57,36,#275C44
154,57,36,#275C45
155,57,36,#275C46
156,57,36,#275C47
157,57,36,#275C48
158,57,36,#275C49
159,57,36,#275C49
160,57,36,#275C4A
161,57,36,#275C4B
162,57,36,#275C4C
163,57,36,#275C4D
164,57,36,#275C4E
165,57,36,#275C4F
166,57,36,#275C50
167,57,36,#275C50
168,57,36,#275C51
169,57,36,#275C52
170,57,36,#275C53
171,57,36,#275C54
172,57,36,#275C55
173,57,36,#275C56
174,57,36,#275C57
175,57,36,#275C57
176,57,36,#275C58
177,57,36,#275C59
178,57,36,#275C5A
179,57,36,#275C5B
180,57,36,#275C5C
181,57,36,#275B5C
182,57,36,#275A5C
183,57,36,#27595C
184,57,36,#27585C
185,57,36,#27575C
186,57,36,#27575C
187,57,36,#27565C
188,57,36,#27555C
189,57,36,#27545C
190,57,36,#27535C
191,57,36,#27525C
192,57,36,#27515C
193,57,36,#27505C
194,57,36,#27505C
195,57,36,#274F5C
196,57,36,#274E5C
197,57,36,#274D5C
198,57,36,#274C5C
199,57,36,#274B5C
200,57,36,#274A5C
201,57,36,#27495C
202,57,36,#27495C
203,57,36,#27485C
204,57,36,#27475C
205,57,36,#27465C
206,57,36,#27455C
207,57,36,#27445C
208,57,36,#27435C
209,57,36,#27435C
210,57,36,#27425C
211,57,36,#27415C
212,57,36,#27405C
213,57,36,#273F5C
214,57,36,#273E5C
215,57,36,#273D5C
216,57,36,#273C5C
217,57,36,#273C5C
218,57,36,#273B5C
219,57,36,#273A5C
220,57,36,#27395C
221,57,36,#27385C
222,57,36,#27375C
223,57,36,#27365C
224,57,36,#27355C
225,57,36,#27355C
226,57,36,#27345C
227,57,36,#27335C
228,57,36,#27325C
229,57,36,#27315C
230,57,36,#27305C
231,57,36,#272F5C
232,57,36,#272E5C
233,57,36,#272E5C
234,57,36,#272D5C
235,57,36,#272C5C
236,57,36,#272B5C
237,57,36,#272A5C
238,57,36,#27295C
239,57,36,#27285C
240,57,36,#27275C
241,57,36,#28275C
242,57,36,#29275C
243,57,36,#2A275C
244,57,36,#2B275C
245,57,36,#2C275C
246,57,36,#2D275C
247,57,36,#2E275C
248,57,36,#2E275C
249,57,36,#2F275C
250,57,36,#30275C
251,57,36,#31275C
252,57,36,#32275C
253,57,36,#33275C
254,57,36,#34275C
255,57,36,#35275C
256,57,36,#35275C
257,57,36,#36275C
258,57,36,#37275C
259,57,36,#38275C
260,57,36,#39275C
261,57,36,#3A275C
262,57,36,#3B275C
263,57,36,#3C275C
264,57,36,#3C275C
265,57,36,#3D275C
266,57,36,#3E275C
267,57,36,#3F275C
268,57,36,#40275C
269,57,36,#41275C
270,57,36,#42275C
271,57,36,#43275C
272,57,36,#43275C
273,57,36,#44275C
274,57,36,#45275C
275,57,36,#46275C
276,57,36,#47275C
277,57,36,#48275C
278,57,36,#49275C
279,57,36,#49275C
280,57,36,#4A275C
281,57,36,#4B275C
282,57,36,#4C275C
283,57,36,#4D275C
284,57,36,#4E275C
285,57,36,#4F275C
286,57,36,#50275C
287,57,36,#50275C
288,57,36,#51275C
289,57,36,#52275C
290,57,36,#53275C
291,57,36,#54275C
292,57,36,#55275C
293,57,36,#56275C
294,57,36,#57275C
295,57,36,#57275C
296,57,36,#58275C
297,57,36,#59275C
298,57,36,#5A275C
299,57,36,#5B275C
300,57,36,#5C275C
301,57,36,#5C275B
302,57,36,#5C275A
303,57,36,#5C2759
304,57,36,#5C2758
305,57,36,#5C2757
306,57,36,#5C2757
307,57,36,#5C2756
308,57,36,#5C2755
309,57,36,#5C2754
310,57,36,#5C2753
311,57,36,#5C2752
312,57,36,#5C2751
313,57,36,#5C2750
314,57,36,#5C2750
315,57,36,#5C274F
316,57,36,#5C274E
317,57,36,#5C274D
318,57,36,#5C274C
319,57,36,#5C274B
320,57,36,#5C274A
321,57,36,#5C2749
322,57,36,#5C2749
323,57,36,#5C2748
324,57,36,#5C2747
325,57,36,#5C2746
326,57,36,#5C2745
327,57,36,#5C2744
328,57,36,#5C2743
329,57,36,#5C2743
330,57,36,#5C2742
331,57,36,#5C2741
332,57,36,#5C2740
333,57,36,#5C273F
334,57,36,#5C273E
335,57,36,#5C273D
336,57,36,#5C273C
337,57,36,#5C273C
338,57,36,#5C273B
339,57,36,#5C273A
340,57,36,#5C2739
341,57,36,#5C2738
342,57,36,#5C2737
343,57,36,#5C2736
344,57,36,#5C2735
345,57,36,#5C2735
346,57,36,#5C2734
347,57,36,#5C2733
348,57,36,#5C2732
349,57,36,#5C2731
350,57,36,#5C2730
351,57,36,#5C272F
352,57,36,#5C272E
353,57,36,#5C272E
354,57,36,#5C272D
355,57,36,#5C272C
356,57,36,#5C272B
357,57,36,#5C272A
358,57,36,#5C2729
359,57,36,#5C2728
0,56,36,#5C2828
1,56,36,#5C2928
2,56,36,#5C2A28
3,56,36,#5C2B28
4,56,36,#5C2C28
5,56,36,#5C2D28
6,56,36,#5C2E28
7,56,36,#5C2E28
8,56,36,#5C2F28
9,56,36,#5C3028
10,56,36,#5C3128
11,56,36,#5C3228
12,56,36,#5C3328
13,56,36,#5C3428
14,56,36,#5C3428
15,56,36,#5C3528
16,56,36,#5C3628
17,56,36,#5C3728
18,56,36,#5C3828
19,56,36,#5C3928
20,56,36,#5C3A28
21,56,36,#5C3A28
22,56,36,#5C3B28
23,56,36,#5C3C28
24,56,36,#5C3D28
25,56,36,#5C3E28
26,56,36,#5C3F28
27,56,36,#5C4028
28,56,36,#5C4028
29,56,36,#5C4128
30,56,36,#5C4228
31,56,36,#5C4328
32,56,36,#5C4428
33,56,36,#5C4528
34,56,36,#5C4628
35,56,36,#5C4628
36,56,36,#5C4728
37,56,36,#5C4828
38,56,36,#5C4928
39,56,36,#5C4A28
40,56,36,#5C4B28
41,56,36,#5C4C28
42,56,36,#5C4C28
43,56,36,#5C4D28
44,56,36,#5C4E28
45,56,36,#5C4F28
46,56,36,#5C5028
47,56,36,#5C5128
48,56,36,#5C5228
49,56,36,#5C5228
50,56,36,#5C5328
51,56,36,#5C5428
52,56,36,#5C5528
53,56,36,#5C5628
54,56,36,#5C5728
55,56,36,#5C5828
56,56,36,#5C5828
57,56,36,#5C5928
58,56,36,#5C5A28
59,56,36,#5C5B28
60,56,36,#5C5C28
61,56,36,#5B5C28
62,56,36,#5A5C28
63,56,36,#595C28
64,56,36,#585C28
65,56,36,#585C28
66,56,36,#575C28
67,56,36,#565C28
68,56,36,#555C28
69,56,36,#545C28
70,56,36,#535C28
71,56,36,#525C28
72,56,36,#525C28
73,56,36,#515C28
74,56,36,#505C28
75,56,36,#4F5C28
76,56,36,#4E5C28
77,56,36,#4D5C28
78,56,36,#4C5C28
79,56,36,#4C5C28
80,56,36,#4B5C28
81,56,36,#4A5C28
82,56,36,#495C28
83,56,36,#485C28
84,56,36,#475C28
85,56,36,#465C28
86,56,36,#465C28
87,56,36,#455C28
88,56,36,#445C28
89,56,36,#435C28
90,56,36,#425C28
91,56,36,#415C28
92,56,36,#405C28
93,56,36,#405C28
94,56,36,#3F5C28
95,56,36,#3E5C28
96,56,36,#3D5C28
97,56,36,#3C5C28
98,56,36,#3B5C28
99,56,36,#3A5C28
100,56,36,#3A5C28
101,56,36,#395C28
102,56,36,#385C28
103,56,36,#375C28
104,56,36,#365C28
105,56,36,#355C28
106,56,36,#345C28
107,56,36,#345C28
108,56,36,#335C28
109,56,36,#325C28
110,56,36,#315C28
111,56,36,#305C28
112,56,36,#2F5C28
113,56,36,#2E5C28
114,56,36,#2E5C28
115,56,36,#2D5C28
116,56,36,#2C5C28
117,56,36,#2B5C28
118,56,36,#2A5C28
119,56,36,#295C28
120,56,36,#285C28
121,56,36,#285C29
122,56,36,#285C2A
123,56,36,#285C2B
124,56,36,#285C2C
125,56,36,#285C2D
126,56,36,#285C2E
127,56,36,#285C2E
128,56,36,#285C2F
129,56,36,#285C30
130,56,36,#285C31
131,56,36,#285C32
132,56,36,#285C33
133,56,36,#285C34
134,56,36,#285C34
135,56,36,#285C35
136,56,36,#285C36
137,56,36,#285C37
138,56,36,#285C38
139,56,36,#285C39
140,56,36,#285C3A
141,56,36,#285C3A
142,56,36,#285C3B
143,56,36,#285C3C
144,56,36,#285C3D
145,56,36,#285C3E
146,56,36,#285C3F
147,56,36,#285C40
148,56,36,#285C40
149,56,36,#285C41
150,56,36,#285C42
151,56,36,#285C43
152,56,36,#285C44
153,56,36,#285C45
154,56,36,#285C46
155,56,36,#285C46
156,56,36,#285C47
157,56,36,#285C48
158,56,36,#285C49
159,56,36,#285C4A
160,56,36,#285C4B
161,56,36,#285C4C
162,56,36,#285C4C
163,56,36,#285C4D
164,56,36,#285C4E
165,56,36,#285C4F
166,56,36,#285C50
167,56,36,#285C51
168,56,36,#285C52
169,56,36,#285C52
170,56,36,#285C53
171,56,36,#285C54
172,56,36,#285C55
173,56,36,#285C56
174,56,36,#285C57
175,56,36,#285C58
176,56,36,#285C58
177,56,36,#285C59
178,56,36,#285C5A
179,56,36,#285C5B
180,56,36,#285C5C
181,56,36,#285B5C
182,56,36,#285A5C
183,56,36,#28595C
184,56,36,#28585C
185,56,36,#28585C
186,56,36,#28575C
187,56,36,#28565C
188,56,36,#28555C
189,56,36,#28545C
190,56,36,#28535C
191,56,36,#28525C
192,56,36,#28525C
193,56,36,#28515C
194,56,36,#28505C
195,56,36,#284F5C
196,56,36,#284E5C
197,56,36,#284D5C
198,56,36,#284C5C
199,56,36,#284C5C
200,56,36,#284B5C
201,56,36,#284A5C
202,56,36,#28495C
203,56,36,#28485C
204,56,36,#28475C
205,56,36,#28465C
206,56,36,#28465C
207,56,36,#28455C
208,56,36,#28445C
209,56,36,#28435C
210,56,36,#28425C
211,56,36,#28415C
212,56,36,#28405C
213,56,36,#28405C
214,56,36,#283F5C
215,56,36,#283E5C
216,56,36,#283D5C
217,56,36,#283C5C
218,56,36,#283B5C
219,56,36,#283A5C
220,56,36,#283A5C
221,56,36,#28395C
222,56,36,#28385C
223,56,36,#28375C
224,56,36,#28365C
225,56,36,#28355C
226,56,36,#28345C
227,56,36,#28345C
228,56,36,#28335C
229,56,36,#28325C
230,56,36,#28315C
231,56,36,#28305C
232,56,36,#282F5C
233,56,36,#282E5C
234,56,36,#282E5C
235,56,36,#282D5C
236,56,36,#282C5C
237,56,36,#282B5C
238,56,36,#282A5C
239,56,36,#28295C
240,56,36,#28285C
241,56,36,#29285C
242,56,36,#2A285C
243,56,36,#2B285C
244,56,36,#2C285C
245,56,36,#2D285C
246,56,36,#2E285C
247,56,36,#2E285C
248,56,36,#2F285C
249,56,36,#30285C
250,56,36,#31285C
251,56,36,#32285C
252,56,36,#33285C
253,56,36,#34285C
254,56,36,#34285C
255,56,36,#35285C
256,56,36,#36285C
257,56,36,#37285C
258,56,36,#38285C
259,56,36,#39285C
260,56,36,#3A285C
261,56,36,#3A285C
262,56,36,#3B285C
263,56,36,#3C285C
264,56,36,#3D285C
265,56,36,#3E285C
266,56,36,#3F285C
267,56,36,#40285C
268,56,36,#40285C
269,56,36,#41285C
270,56,36,#42285C
271,56,36,#43285C
272,56,36,#44285C
273,56,36,#45285C
274,56,36,#46285C
275,56,36,#46285C
276,56,36,#47285C
277,56,36,#48285C
278,56,36,#49285C
279,56,36,#4A285C
280,56,36,#4B285C
281,56,36,#4C285C
282,56,36,#4C285C
283,56,36,#4D285C
284,56,36,#4E285C
285,56,36,#4F285C
286,56,36,#50285C
287,56,36,#51285C
288,56,36,#52285C
289,56,36,#52285C
290,56,36,#53285C
291,56,36,#54285C
292,56,36,#55285C
293,56,36,#56285C
294,56,36,#57285C
295,56,36,#58285C
296,56,36,#58285C
297,56,36,#59285C
298,56,36,#5A285C
299,56,36,#5B285C
300,56,36,#5C285C
301,56,36,#5C285B
302,56,36,#5C285A
303,56,36,#5C2859
304,56,36,#5C2858
305,56,36,#5C2858
306,56,36,#5C2857
307,56,36,#5C2856
308,56,36,#5C2855
309,56,36,#5C2854
310,56,36,#5C2853
311,56,36,#5C2852
312,56,36,#5C2852
313,56,36,#5C2851
314,56,36,#5C2850
315,56,36,#5C284F
316,56,36,#5C284E
317,56,36,#5C284D
318,56,36,#5C284C
319,56,36,#5C284C
320,56,36,#5C284B
321,56,36,#5C284A
322,56,36,#5C2849
323,56,36,#5C2848
324,56,36,#5C2847
325,56,36,#5C2846
326,56,36,#5C2846
327,56,36,#5C2845
328,56,36,#5C2844
329,56,36,#5C2843
330,56,36,#5C2842
331,56,36,#5C2841
332,56,36,#5C2840
333,56,36,#5C2840
334,56,36,#5C283F
335,56,36,#5C283E
336,56,36,#5C283D
337,56,36,#5C283C
338,56,36,#5C283B
339,56,36,#5C283A
340,56,36,#5C283A
341,56,36,#5C2839
342,56,36,#5C2838
343,56,36,#5C2837
344,56,36,#5C2836
345,56,36,#5C2835
346,56,36,#5C2834
347,56,36,#5C2834
348,56,36,#5C2833
349,56,36,#5C2832
350,56,36,#5C2831
351,56,36,#5C2830
352,56,36,#5C282F
353,56,36,#5C282E
354,56,36,#5C282E
355,56,36,#5C282D
356,56,36,#5C282C
357,56,36,#5C282B
358,56,36,#5C282A
359,56,36,#5C2829
0,55,36,#5C2929
1,55,36,#5C2A29
2,55,36,#5C2B29
3,55,36,#5C2C29
4,55,36,#5C2D29
5,55,36,#5C2E29
6,55,36,#5C2E29
7,55,36,#5C2F29
8,55,36,#5C3029
9,55,36,#5C3129
10,55,36,#5C3229
11,55,36,#5C3329
12,55,36,#5C3329
13,55,36,#5C3429
14,55,36,#5C3529
15,55,36,#5C3629
16,55,36,#5C3729
17,55,36,#5C3829
18,55,36,#5C3829
19,55,36,#5C3929
20,55,36,#5C3A29
21,55,36,#5C3B29
22,55,36,#5C3C29
23,55,36,#5C3D29
24,55,36,#5C3E29
25,55,36,#5C3E29
26,55,36,#5C3F29
27,55,36,#5C4029
28,55,36,#5C4129
29,55,36,#5C4229
30,55,36,#5C4329
31,55,36,#5C4329
32,55,36,#5C4429
33,55,36,#5C4529
34,55,36,#5C4629
35,55,36,#5C4729
36,55,36,#5C4829
37,55,36,#5C4829
38,55,36,#5C4929
39,55,36,#5C4A29
40,55,36,#5C4B29
41,55,36,#5C4C29
42,55,36,#5C4D29
43,55,36,#5C4D29
44,55,36,#5C4E29
45,55,36,#5C4F29
46,55,36,#5C5029
47,55,36,#5C5129
48,55,36,#5C5229
49,55,36,#5C5329
50,55,36,#5C5329
51,55,36,#5C5429
52,55,36,#5C5529
53,55,36,#5C5629
54,55,36,#5C5729
55,55,36,#5C5829
56,55,36,#5C5829
57,55,36,#5C5929
58,55,36,#5C5A29
59,55,36,#5C5B29
60,55,36,#5C5C29
61,55,36,#5B5C29
62,55,36,#5A5C29
63,55,36,#595C29
64,55,36,#585C29
65,55,36,#585C29
66,55,36,#575C29
67,55,36,#565C29
68,55,36,#555C29
69,55,36,#545C29
70,55,36,#535C29
71,55,36,#535C29
72,55,36,#525C29
73,55,36,#515C29
74,55,36,#505C29
75,55,36,#4F5C29
76,55,36,#4E5C29
77,55,36,#4D5C29
78,55,36,#4D5C29
79,55,36,#4C5C29
80,55,36,#4B5C29
81,55,36,#4A5C29
82,55,36,#495C29
83,55,36,#485C29
84,55,36,#485C29
85,55,36,#475C29
86,55,36,#465C29
87,55,36,#455C29
88,55,36,#445C29
89,55,36,#435C29
90,55,36,#435C29
91,55,36,#425C29
92,55,36,#415C29
93,55,36,#405C29
94,55,36,#3F5C29
95,55,36,#3E5C29
96,55,36,#3E5C29
97,55,36,#3D5C29
98,55,36,#3C5C29
99,55,36,#3B5C29
100,55,36,#3A5C29
101,55,36,#395C29
102,55,36,#385C29
103,55,36,#385C29
104,55,36,#375C29
105,55,36,#365C29
106,55,36,#355C29
107,55,36,#345C29
108,55,36,#335C29
109,55,36,#335C29
110,55,36,#325C29
111,55,36,#315C29
112,55,36,#305C29
113,55,36,#2F5C29
114,55,36,#2E5C29
115,55,36,#2E5C29
116,55,36,#2D5C29
117,55,36,#2C5C29
118,55,36,#2B5C29
119,55,36,#2A5C29
120,55,36,#295C29
121,55,36,#295C2A
122,55,36,#295C2B
123,55,36,#295C2C
124,55,36,#295C2D
125,55,36,#295C2E
126,55,36,#295C2E
127,55,36,#295C2F
128,55,36,#295C30
129,55,36,#295C31
130,55,36,#295C32
131,55,36,#295C33
132,55,36,#295C33
133,55,36,#295C34
134,55,36,#295C35
135,55,36,#295C36
136,55,36,#295C37
137,55,36,#295C38
138,55,36,#295C38
139,55,36,#295C39
140,55,36,#295C3A
141,55,36,#295C3B
142,55,36,#295C3C
143,55,36,#295C3D
144,55,36,#295C3E
145,55,36,#295C3E
146,55,36,#295C3F
147,55,36,#295C40
148,55,36,#295C41
149,55,36,#295C42
150,55,36,#295C43
151,55,36,#295C43
152,55,36,#295C44
153,55,36,#295C45
154,55,36,#295C46
155,55,36,#295C47
156,55,36,#295C48
157,55,36,#295C48
158,55,36,#295C49
159,55,36,#295C4A
160,55,36,#295C4B
161,55,36,#295C4C
162,55,36,#295C4D
163,55,36,#295C4D
164,55,36,#295C4E
165,55,36,#295C4F
166,55,36,#295C50
167,55,36,#295C51
168,55,36,#295C52
169,55,36,#295C53
170,55,36,#295C53
171,55,36,#295C54
172,55,36,#295C55
173,55,36,#295C56
174,55,36,#295C57
175,55,36,#295C58
176,55,36,#295C58
177,55,36,#295C59
178,55,36,#295C5A
179,55,36,#295C5B
180,55,36,#295C5C
181,55,36,#295B5C
182,55,36,#295A5C
183,55,36,#29595C
184,55,36,#29585C
185,55,36,#29585C
186,55,36,#29575C
187,55,36,#29565C
188,55,36,#29555C
189,55,36,#29545C
190,55,36,#29535C
191,55,36,#29535C
192,55,36,#29525C
193,55,36,#29515C
194,55,36,#29505C
195,55,36,#294F5C
196,55,36,#294E5C
197,55,36,#294D5C
198,55,36,#294D5C
199,55,36,#294C5C
200,55,36,#294B5C
201,55,36,#294A5C
202,55,36,#29495C
203,55,36,#29485C
204,55,36,#29485C
205,55,36,#29475C
206,55,36,#29465C
207,55,36,#29455C
208,55,36,#29445C
209,55,36,#29435C
210,55,36,#29435C
211,55,36,#29425C
212,55,36,#29415C
213,55,36,#29405C
214,55,36,#293F5C
215,55,36,#293E5C
216,55,36,#293E5C
217,55,36,#293D5C
218,55,36,#293C5C
219,55,36,#293B5C
220,55,36,#293A5C
221,55,36,#29395C
222,55,36,#29385C
223,55,36,#29385C
224,55,36,#29375C
225,55,36,#29365C
226,55,36,#29355C
227,55,36,#29345C
228,55,36,#29335C
229,55,36,#29335C
230,55,36,#29325C
231,55,36,#29315C
232,55,36,#29305C
233,55,36,#292F5C
234,55,36,#292E5C
235,55,36,#292E5C
236,55,36,#292D5C
237,55,36,#292C5C
238,55,36,#292B5C
239,55,36,#292A5C
240,55,36,#29295C
241,55,36,#2A295C
242,55,36,#2B295C
243,55,36,#2C295C
244,55,36,#2D295C
245,55,36,#2E295C
246,55,36,#2E295C
247,55,36,#2F295C
248,55,36,#30295C
249,55,36,#31295C
250,55,36,#32295C
251,55,36,#33295C
252,55,36,#33295C
253,55,36,#34295C
254,55,36,#35295C
255,55,36,#36295C
256,55,36,#37295C
257,55,36,#38295C
258,55,36,#38295C
259,55,36,#39295C
260,55,36,#3A295C
261,55,36,#3B295C
262,55,36,#3C295C
263,55,36,#3D295C
264,55,36,#3E295C
265,55,36,#3E295C
266,55,36,#3F295C
267,55,36,#40295C
268,55,36,#41295C
269,55,36,#42295C
270,55,36,#43295C
271,55,36,#43295C
272,55,36,#44295C
273,55,36,#45295C
274,55,36,#46295C
275,55,36,#47295C
276,55,36,#48295C
277,55,36,#48295C
278,55,36,#49295C
279,55,36,#4A295C
280,55,36,#4B295C
281,55,36,#4C295C
282,55,36,#4D295C
283,55,36,#4D295C
284,55,36,#4E295C
285,55,36,#4F295C
286,55,36,#50295C
287,55,36,#51295C
288,55,36,#52295C
289,55,36,#53295C
290,55,36,#53295C
291,55,36,#54295C
292,55,36,#55295C
293,55,36,#56295C
294,55,36,#57295C
295,55,36,#58295C
296,55,36,#58295C
297,55,36,#59295C
298,55,36,#5A295C
299,55,36,#5B295C
300,55,36,#5C295C
301,55,36,#5C295B
302,55,36,#5C295A
303,55,36,#5C2959
304,55,36,#5C2958
305,55,36,#5C2958
306,55,36,#5C2957
307,55,36,#5C2956
308,55,36,#5C2955
309,55,36,#5C2954
310,55,36,#5C2953
311,55,36,#5C2953
312,55,36,#5C2952
313,55,36,#5C2951
314,55,36,#5C2950
315,55,36,#5C294F
316,55,36,#5C294E
317,55,36,#5C294D
318,55,36,#5C294D
319,55,36,#5C294C
320,55,36,#5C294B
321,55,36,#5C294A
322,55,36,#5C2949
323,55,36,#5C2948
324,55,36,#5C2948
325,55,36,#5C2947
326,55,36,#5C2946
327,55,36,#5C2945
328,55,36,#5C2944
329,55,36,#5C2943
330,55,36,#5C2943
331,55,36,#5C2942
332,55,36,#5C2941
333,55,36,#5C2940
334,55,36,#5C293F
335,55,36,#5C293E
336,55,36,#5C293E
337,55,36,#5C293D
338,55,36,#5C293C
339,55,36,#5C293B
340,55,36,#5C293A
341,55,36,#5C2939
342,55,36,#5C2938
343,55,36,#5C2938
344,55,36,#5C2937
345,55,36,#5C2936
346,55,36,#5C2935
347,55,36,#5C2934
348,55,36,#5C2933
349,55,36,#5C2933
350,55,36,#5C2932
351,55,36,#5C2931
352,55,36,#5C2930
353,55,36,#5C292F
354,55,36,#5C292E
355,55,36,#5C292E
356,55,36,#5C292D
357,55,36,#5C292C
358,55,36,#5C292B
359,55,36,#5C292A
0,54,36,#5C2A2A
1,54,36,#5C2B2A
2,54,36,#5C2C2A
3,54,36,#5C2D2A
4,54,36,#5C2E2A
5,54,36,#5C2E2A
6,54,36,#5C2F2A
7,54,36,#5C302A
8,54,36,#5C312A
9,54,36,#5C322A
10,54,36,#5C322A
11,54,36,#5C332A
12,54,36,#5C342A
13,54,36,#5C352A
14,54,36,#5C362A
15,54,36,#5C372A
16,54,36,#5C372A
17,54,36,#5C382A
18,54,36,#5C392A
19,54,36,#5C3A2A
20,54,36,#5C3B2A
21,54,36,#5C3C2A
22,54,36,#5C3C2A
23,54,36,#5C3D2A
24,54,36,#5C3E2A
25,54,36,#5C3F2A
26,54,36,#5C402A
27,54,36,#5C412A
28,54,36,#5C412A
29,54,36,#5C422A
30,54,36,#5C432A
31,54,36,#5C442A
32,54,36,#5C452A
33,54,36,#5C452A
34,54,36,#5C462A
35,54,36,#5C472A
36,54,36,#5C482A
37,54,36,#5C492A
38,54,36,#5C4A2A
39,54,36,#5C4A2A
40,54,36,#5C4B2A
41,54,36,#5C4C2A
42,54,36,#5C4D2A
43,54,36,#5C4E2A
44,54,36,#5C4F2A
45,54,36,#5C4F2A
46,54,36,#5C502A
47,54,36,#5C512A
48,54,36,#5C522A
49,54,36,#5C532A
50,54,36,#5C542A
51,54,36,#5C542A
52,54,36,#5C552A
53,54,36,#5C562A
54,54,36,#5C572A
55,54,36,#5C582A
56,54,36,#5C582A
57,54,36,#5C592A
58,54,36,#5C5A2A
59,54,36,#5C5B2A
60,54,36,#5C5C2A
61,54,36,#5B5C2A
62,54,36,#5A5C2A
63,54,36,#595C2A
64,54,36,#585C2A
65,54,36,#585C2A
66,54,36,#575C2A
67,54,36,#565C2A
68,54,36,#555C2A
69,54,36,#545C2A
70,54,36,#545C2A
71,54,36,#535C2A
72,54,36,#525C2A
73,54,36,#515C2A
74,54,36,#505C2A
75,54,36,#4F5C2A
76,54,36,#4F5C2A
77,54,36,#4E5C2A
78,54,36,#4D5C2A
79,54,36,#4C5C2A
80,54,36,#4B5C2A
81,54,36,#4A5C2A
82,54,36,#4A5C2A
83,54,36,#495C2A
84,54,36,#485C2A
85,54,36,#475C2A
86,54,36,#465C2A
87,54,36,#455C2A
88,54,36,#455C2A
89,54,36,#445C2A
90,54,36,#435C2A
91,54,36,#425C2A
92,54,36,#415C2A
93,54,36,#415C2A
94,54,36,#405C2A
95,54,36,#3F5C2A
96,54,36,#3E5C2A
97,54,36,#3D5C2A
98,54,36,#3C5C2A
99,54,36,#3C5C2A
100,54,36,#3B5C2A
101,54,36,#3A5C2A
102,54,36,#395C2A
103,54,36,#385C2A
104,54,36,#375C2A
105,54,36,#375C2A
106,54,36,#365C2A
107,54,36,#355C2A
108,54,36,#345C2A
109,54,36,#335C2A
110,54,36,#325C2A
111,54,36,#325C2A
112,54,36,#315C2A
113,54,36,#305C2A
114,54,36,#2F5C2A
115,54,36,#2E5C2A
116,54,36,#2E5C2A
117,54,36,#2D5C2A
118,54,36,#2C5C2A
119,54,36,#2B5C2A
120,54,36,#2A5C2A
121,54,36,#2A5C2B
122,54,36,#2A5C2C
123,54,36,#2A5C2D
124,54,36,#2A5C2E
125,54,36,#2A5C2E
126,54,36,#2A5C2F
127,54,36,#2A5C30
128,54,36,#2A5C31
129,54,36,#2A5C32
130,54,36,#2A5C32
131,54,36,#2A5C33
132,54,36,#2A5C34
133,54,36,#2A5C35
134,54,36,#2A5C36
135,54,36,#2A5C37
136,54,36,#2A5C37
137,54,36,#2A5C38
138,54,36,#2A5C39
139,54,36,#2A5C3A
140,54,36,#2A5C3B
141,54,36,#2A5C3C
142,54,36,#2A5C3C
143,54,36,#2A5C3D
144,54,36,#2A5C3E
145,54,36,#2A5C3F
146,54,36,#2A5C40
147,54,36,#2A5C41
148,54,36,#2A5C41
149,54,36,#2A5C42
150,54,36,#2A5C43
151,54,36,#2A5C44
152,54,36,#2A5C45
153,54,36,#2A5C45
154,54,36,#2A5C46
155,54,36,#2A5C47
156,54,36,#2A5C48
157,54,36,#2A5C49
158,54,36,#2A5C4A
159,54,36,#2A5C4A
160,54,36,#2A5C4B
161,54,36,#2A5C4C
162,54,36,#2A5C4D
163,54,36,#2A5C4E
164,54,36,#2A5C4F
165,54,36,#2A5C4F
166,54,36,#2A5C50
167,54,36,#2A5C51
168,54,36,#2A5C52
169,54,36,#2A5C53
170,54,36,#2A5C54
171,54,36,#2A5C54
172,54,36,#2A5C55
173,54,36,#2A5C56
174,54,36,#2A5C57
175,54,36,#2A5C58
176,54,36,#2A5C58
177,54,36,#2A5C59
178,54,36,#2A5C5A
179,54,36,#2A5C5B
180,54,36,#2A5C5C
181,54,36,#2A5B5C
182,54,36,#2A5A5C
183,54,36,#2A595C
184,54,36,#2A585C
185,54,36,#2A585C
186,54,36,#2A575C
187,54,36,#2A565C
188,54,36,#2A555C
189,54,36,#2A545C
190,54,36,#2A545C
191,54,36,#2A535C
192,54,36,#2A525C
193,54,36,#2A515C
194,54,36,#2A505C
195,54,36,#2A4F5C
196,54,36,#2A4F5C
197,54,36,#2A4E5C
198,54,36,#2A4D5C
199,54,36,#2A4C5C
200,54,36,#2A4B5C
201,54,36,#2A4A5C
202,54,36,#2A4A5C
203,54,36,#2A495C
204,54,36,#2A485C
205,54,36,#2A475C
206,54,36,#2A465C
207,54,36,#2A455C
208,54,36,#2A455C
209,54,36,#2A445C
210,54,36,#2A435C
211,54,36,#2A425C
212,54,36,#2A415C
213,54,36,#2A415C
214,54,36,#2A405C
215,54,36,#2A3F5C
216,54,36,#2A3E5C
217,54,36,#2A3D5C
218,54,36,#2A3C5C
219,54,36,#2A3C5C
220,54,36,#2A3B5C
221,54,36,#2A3A5C
222,54,36,#2A395C
223,54,36,#2A385C
224,54,36,#2A375C
225,54,36,#2A375C
226,54,36,#2A365C
227,54,36,#2A355C
228,54,36,#2A345C
229,54,36,#2A335C
230,54,36,#2A325C
231,54,36,#2A325C
232,54,36,#2A315C
233,54,36,#2A305C
234,54,36,#2A2F5C
235,54,36,#2A2E5C
236,54,36,#2A2E5C
237,54,36,#2A2D5C
238,54,36,#2A2C5C
239,54,36,#2A2B5C
240,54,36,#2A2A5C
241,54,36,#2B2A5C
242,54,36,#2C2A5C
243,54,36,#2D2A5C
244,54,36,#2E2A5C
245,54,36,#2E2A5C
246,54,36,#2F2A5C
247,54,36,#302A5C
248,54,36,#312A5C
249,54,36,#322A5C
250,54,36,#322A5C
251,54,36,#332A5C
252,54,36,#342A5C
253,54,36,#352A5C
254,54,36,#362A5C
255,54,36,#372A5C
256,54,36,#372A5C
257,54,36,#382A5C
258,54,36,#392A5C
259,54,36,#3A2A5C
260,54,36,#3B2A5C
261,54,36,#3C2A5C
262,54,36,#3C2A5C
263,54,36,#3D2A5C
264,54,36,#3E2A5C
265,54,36,#3F2A5C
266,54,36,#402A5C
267,54,36,#412A5C
268,54,36,#412A5C
269,54,36,#422A5C
270,54,36,#432A5C
271,54,36,#442A5C
272,54,36,#452A5C
273,54,36,#452A5C
274,54,36,#462A5C
275,54,36,#472A5C
276,54,36,#482A5C
277,54,36,#492A5C
278,54,36,#4A2A5C
279,54,36,#4A2A5C
280,54,36,#4B2A5C
281,54,36,#4C2A5C
282,54,36,#4D2A5C
283,54,36,#4E2A5C
284,54,36,#4F2A5C
285,54,36,#4F2A5C
286,54,36,#502A5C
287,54,36,#512A5C
288,54,36,#522A5C
289,54,36,#532A5C
290,54,36,#542A5C
291,54,36,#542A5C
292,54,36,#552A5C
293,54,36,#562A5C
294,54,36,#572A5C
295,54,36,#582A5C
296,54,36,#582A5C
297,54,36,#592A5C
298,54,36,#5A2A5C
299,54,36,#5B2A5C
300,54,36,#5C2A5C
301,54,36,#5C2A5B
302,54,36,#5C2A5A
303,54,36,#5C2A59
304,54,36,#5C2A58
305,54,36,#5C2A58
306,54,36,#5C2A57
307,54,36,#5C2A56
308,54,36,#5C2A55
309,54,36,#5C2A54
310,54,36,#5C2A54
311,54,36,#5C2A53
312,54,36,#5C2A52
313,54,36,#5C2A51
314,54,36,#5C2A50
315,54,36,#5C2A4F
316,54,36,#5C2A4F
317,54,36,#5C2A4E
318,54,36,#5C2A4D
319,54,36,#5C2A4C
320,54,36,#5C2A4B
321,54,36,#5C2A4A
322,54,36,#5C2A4A
323,54,36,#5C2A49
324,54,36,#5C2A48
325,54,36,#5C2A47
326,54,36,#5C2A46
327,54,36,#5C2A45
328,54,36,#5C2A45
329,54,36,#5C2A44
330,54,36,#5C2A43
331,54,36,#5C2A42
332,54,36,#5C2A41
333,54,36,#5C2A41
334,54,36,#5C2A40
335,54,36,#5C2A3F
336,54,36,#5C2A3E
337,54,36,#5C2A3D
338,54,36,#5C2A3C
339,54,36,#5C2A3C
340,54,36,#5C2A3B
341,54,36,#5C2A3A
342,54,36,#5C2A39
343,54,36,#5C2A38
344,54,36,#5C2A37
345,54,36,#5C2A37
346,54,36,#5C2A36
347,54,36,#5C2A35
348,54,36,#5C2A34
349,54,36,#5C2A33
350,54,36,#5C2A32
351,54,36,#5C2A32
352,54,36,#5C2A31
353,54,36,#5C2A30
354,54,36,#5C2A2F
355,54,36,#5C2A2E
356,54,36,#5C2A2E
357,54,36,#5C2A2D
358,54,36,#5C2A2C
359,54,36,#5C2A2B
0,53,36,#5C2B2B
1,53,36,#5C2C2B
2,53,36,#5C2D2B
3,53,36,#5C2E2B
4,53,36,#5C2E2B
5,53,36,#5C2F2B
6,53,36,#5C302B
7,53,36,#5C312B
8,53,36,#5C322B
9,53,36,#5C322B
10,53,36,#5C332B
11,53,36,#5C342B
12,53,36,#5C352B
13,53,36,#5C362B
14,53,36,#5C362B
15,53,36,#5C372B
16,53,36,#5C382B
17,53,36,#5C392B
18,53,36,#5C3A2B
19,53,36,#5C3B2B
20,53,36,#5C3B2B
21,53,36,#5C3C2B
22,53,36,#5C3D2B
23,53,36,#5C3E2B
24,53,36,#5C3F2B
25,53,36,#5C3F2B
26,53,36,#5C402B
27,53,36,#5C412B
28,53,36,#5C422B
29,53,36,#5C432B
30,53,36,#5C432B
31,53,36,#5C442B
32,53,36,#5C452B
33,53,36,#5C462B
34,53,36,#5C472B
35,53,36,#5C482B
36,53,36,#5C482B
37,53,36,#5C492B
38,53,36,#5C4A2B
39,53,36,#5C4B2B
40,53,36,#5C4C2B
41,53,36,#5C4C2B
42,53,36,#5C4D2B
43,53,36,#5C4E2B
44,53,36,#5C4F2B
45,53,36,#5C502B
46,53,36,#5C502B
47,53,36,#5C512B
48,53,36,#5C522B
49,53,36,#5C532B
50,53,36,#5C542B
51,53,36,#5C552B
52,53,36,#5C552B
53,53,36,#5C562B
54,53,36,#5C572B
55,53,36,#5C582B
56,53,36,#5C592B
57,53,36,#5C592B
58,53,36,#5C5A2B
59,53,36,#5C5B2B
60,53,36,#5C5C2B
61,53,36,#5B5C2B
62,53,36,#5A5C2B
63,53,36,#595C2B
64,53,36,#595C2B
65,53,36,#585C2B
66,53,36,#575C2B
67,53,36,#565C2B
68,53,36,#555C2B
69,53,36,#555C2B
70,53,36,#545C2B
71,53,36,#535C2B
72,53,36,#525C2B
73,53,36,#515C2B
74,53,36,#505C2B
75,53,36,#505C2B
76,53,36,#4F5C2B
77,53,36,#4E5C2B
78,53,36,#4D5C2B
79,53,36,#4C5C2B
80,53,36,#4C5C2B
81,53,36,#4B5C2B
82,53,36,#4A5C2B
83,53,36,#495C2B
84,53,36,#485C2B
85,53,36,#485C2B
86,53,36,#475C2B
87,53,36,#465C2B
88,53,36,#455C2B
89,53,36,#445C2B
90,53,36,#435C2B
91,53,36,#435C2B
92,53,36,#425C2B
93,53,36,#415C2B
94,53,36,#405C2B
95,53,36,#3F5C2B
96,53,36,#3F5C2B
97,53,36,#3E5C2B
98,53,36,#3D5C2B
99,53,36,#3C5C2B
100,53,36,#3B5C2B
101,53,36,#3B5C2B
102,53,36,#3A5C2B
103,53,36,#395C2B
104,53,36,#385C2B
105,53,36,#375C2B
106,53,36,#365C2B
107,53,36,#365C2B
108,53,36,#355C2B
109,53,36,#345C2B
110,53,36,#335C2B
111,53,36,#325C2B
112,53,36,#325C2B
113,53,36,#315C2B
114,53,36,#305C2B
115,53,36,#2F5C2B
116,53,36,#2E5C2B
117,53,36,#2E5C2B
118,53,36,#2D5C2B
119,53,36,#2C5C2B
120,53,36,#2B5C2B
121,53,36,#2B5C2C
122,53,36,#2B5C2D
123,53,36,#2B5C2E
124,53,36,#2B5C2E
125,53,36,#2B5C2F
126,53,36,#2B5C30
127,53,36,#2B5C31
128,53,36,#2B5C32
129,53,36,#2B5C32
130,53,36,#2B5C33
131,53,36,#2B5C34
132,53,36,#2B5C35
133,53,36,#2B5C36
134,53,36,#2B5C36
135,53,36,#2B5C37
136,53,36,#2B5C38
137,53,36,#2B5C39
138,53,36,#2B5C3A
139,53,36,#2B5C3B
140,53,36,#2B5C3B
141,53,36,#2B5C3C
142,53,36,#2B5C3D
143,53,36,#2B5C3E
144,53,36,#2B5C3F
145,53,36,#2B5C3F
146,53,36,#2B5C40
147,53,36,#2B5C41
148,53,36,#2B5C42
149,53,36,#2B5C43
150,53,36,#2B5C43
151,53,36,#2B5C44
152,53,36,#2B5C45
153,53,36,#2B5C46
154,53,36,#2B5C47
155,53,36,#2B5C48
156,53,36,#2B5C48
157,53,36,#2B5C49
158,53,36,#2B5C4A
159,53,36,#2B5C4B
160,53,36,#2B5C4C
161,53,36,#2B5C4C
162,53,36,#2B5C4D
163,53,36,#2B5C4E
164,53,36,#2B5C4F
165,53,36,#2B5C50
166,53,36,#2B5C50
167,53,36,#2B5C51
168,53,36,#2B5C52
169,53,36,#2B5C53
170,53,36,#2B5C54
171,53,36,#2B5C55
172,53,36,#2B5C55
173,53,36,#2B5C56
174,53,36,#2B5C57
175,53,36,#2B5C58
176,53,36,#2B5C59
177,53,36,#2B5C59
178,53,36,#2B5C5A
179,53,36,#2B5C5B
180,53,36,#2B5C5C
181,53,36,#2B5B5C
182,53,36,#2B5A5C
183,53,36,#2B595C
184,53,36,#2B595C
185,53,36,#2B585C
186,53,36,#2B575C
187,53,36,#2B565C
188,53,36,#2B555C
189,53,36,#2B555C
190,53,36,#2B545C
191,53,36,#2B535C
192,53,36,#2B525C
193,53,36,#2B515C
194,53,36,#2B505C
195,53,36,#2B505C
196,53,36,#2B4F5C
197,53,36,#2B4E5C
198,53,36,#2B4D5C
199,53,36,#2B4C5C
200,53,36,#2B4C5C
201,53,36,#2B4B5C
202,53,36,#2B4A5C
203,53,36,#2B495C
204,53,36,#2B485C
205,53,36,#2B485C
206,53,36,#2B475C
207,53,36,#2B465C
208,53,36,#2B455C
209,53,36,#2B445C
210,53,36,#2B435C
211,53,36,#2B435C
212,53,36,#2B425C
213,53,36,#2B415C
214,53,36,#2B405C
215,53,36,#2B3F5C
216,53,36,#2B3F5C
217,53,36,#2B3E5C
218,53,36,#2B3D5C
219,53,36,#2B3C5C
220,53,36,#2B3B5C
221,53,36,#2B3B5C
222,53,36,#2B3A5C
223,53,36,#2B395C
224,53,36,#2B385C
225,53,36,#2B375C
226,53,36,#2B365C
227,53,36,#2B365C
228,53,36,#2B355C
229,53,36,#2B345C
230,53,36,#2B335C
231,53,36,#2B325C
232,53,36,#2B325C
233,53,36,#2B315C
234,53,36,#2B305C
235,53,36,#2B2F5C
236,53,36,#2B2E5C
237,53,36,#2B2E5C
238,53,36,#2B2D5C
239,53,36,#2B2C5C
240,53,36,#2B2B5C
241,53,36,#2C2B5C
242,53,36,#2D2B5C
243,53,36,#2E2B5C
244,53,36,#2E2B5C
245,53,36,#2F2B5C
246,53,36,#302B5C
247,53,36,#312B5C
248,53,36,#322B5C
249,53,36,#322B5C
250,53,36,#332B5C
251,53,36,#342B5C
252,53,36,#352B5C
253,53,36,#362B5C
254,53,36,#362B5C
255,53,36,#372B5C
256,53,36,#382B5C
257,53,36,#392B5C
258,53,36,#3A2B5C
259,53,36,#3B2B5C
260,53,36,#3B2B5C
261,53,36,#3C2B5C
262,53,36,#3D2B5C
263,53,36,#3E2B5C
264,53,36,#3F2B5C
265,53,36,#3F2B5C
266,53,36,#402B5C
267,53,36,#412B5C
268,53,36,#422B5C
269,53,36,#432B5C
270,53,36,#432B5C
271,53,36,#442B5C
272,53,36,#452B5C
273,53,36,#462B5C
274,53,36,#472B5C
275,53,36,#482B5C
276,53,36,#482B5C
277,53,36,#492B5C
278,53,36,#4A2B5C
279,53,36,#4B2B5C
280,53,36,#4C2B5C
281,53,36,#4C2B5C
282,53,36,#4D2B5C
283,53,36,#4E2B5C
284,53,36,#4F2B5C
285,53,36,#502B5C
286,53,36,#502B5C
287,53,36,#512B5C
288,53,36,#522B5C
289,53,36,#532B5C
290,53,36,#542B5C
291,53,36,#552B5C
292,53,36,#552B5C
293,53,36,#562B5C
294,53,36,#572B5C
295,53,36,#582B5C
296,53,36,#592B5C
297,53,36,#592B5C
298,53,36,#5A2B5C
299,53,36,#5B2B5C
300,53,36,#5C2B5C
301,53,36,#5C2B5B
302,53,36,#5C2B5A
303,53,36,#5C2B59
304,53,36,#5C2B59
305,53,36,#5C2B58
306,53,36,#5C2B57
307,53,36,#5C2B56
308,53,36,#5C2B55
309,53,36,#5C2B55
310,53,36,#5C2B54
311,53,36,#5C2B53
312,53,36,#5C2B52
313,53,36,#5C2B51
314,53,36,#5C2B50
315,53,36,#5C2B50
316,53,36,#5C2B4F
317,53,36,#5C2B4E
318,53,36,#5C2B4D
319,53,36,#5C2B4C
320,53,36,#5C2B4C
321,53,36,#5C2B4B
322,53,36,#5C2B4A
323,53,36,#5C2B49
324,53,36,#5C2B48
325,53,36,#5C2B48
326,53,36,#5C2B47
327,53,36,#5C2B46
328,53,36,#5C2B45
329,53,36,#5C2B44
330,53,36,#5C2B43
331,53,36,#5C2B43
332,53,36,#5C2B42
333,53,36,#5C2B41
334,53,36,#5C2B40
335,53,36,#5C2B3F
336,53,36,#5C2B3F
337,53,36,#5C2B3E
338,53,36,#5C2B3D
339,53,36,#5C2B3C
340,53,36,#5C2B3B
341,53,36,#5C2B3B
342,53,36,#5C2B3A
343,53,36,#5C2B39
344,53,36,#5C2B38
345,53,36,#5C2B37
346,53,36,#5C2B36
347,53,36,#5C2B36
348,53,36,#5C2B35
349,53,36,#5C2B34
350,53,36,#5C2B33
351,53,36,#5C2B32
352,53,36,#5C2B32
353,53,36,#5C2B31
354,53,36,#5C2B30
355,53,36,#5C2B2F
356,53,36,#5C2B2E
357,53,36,#5C2B2E
358,53,36,#5C2B2D
359,53,36,#5C2B2C
0,52,36,#5C2C2C
1,52,36,#5C2D2C
2,52,36,#5C2E2C
3,52,36,#5C2E2C
4,52,36,#5C2F2C
5,52,36,#5C302C
6,52,36,#5C312C
7,52,36,#5C322C
8,52,36,#5C322C
9,52,36,#5C332C
10,52,36,#5C342C
11,52,36,#5C352C
12,52,36,#5C362C
13,52,36,#5C362C
14,52,36,#5C372C
15,52,36,#5C382C
16,52,36,#5C392C
17,52,36,#5C3A2C
18,52,36,#5C3A2C
19,52,36,#5C3B2C
20,52,36,#5C3C2C
21,52,36,#5C3D2C
22,52,36,#5C3E2C
23,52,36,#5C3E2C
24,52,36,#5C3F2C
25,52,36,#5C402C
26,52,36,#5C412C
27,52,36,#5C422C
28,52,36,#5C422C
29,52,36,#5C432C
30,52,36,#5C442C
31,52,36,#5C452C
32,52,36,#5C462C
33,52,36,#5C462C
34,52,36,#5C472C
35,52,36,#5C482C
36,52,36,#5C492C
37,52,36,#5C4A2C
38,52,36,#5C4A2C
39,52,36,#5C4B2C
40,52,36,#5C4C2C
41,52,36,#5C4D2C
42,52,36,#5C4D2C
43,52,36,#5C4E2C
44,52,36,#5C4F2C
45,52,36,#5C502C
46,52,36,#5C512C
47,52,36,#5C512C
48,52,36,#5C522C
49,52,36,#5C532C
50,52,36,#5C542C
51,52,36,#5C552C
52,52,36,#5C552C
53,52,36,#5C562C
54,52,36,#5C572C
55,52,36,#5C582C
56,52,36,#5C592C
57,52,36,#5C592C
58,52,36,#5C5A2C
59,52,36,#5C5B2C
60,52,36,#5C5C2C
61,52,36,#5B5C2C
62,52,36,#5A5C2C
63,52,36,#595C2C
64,52,36,#595C2C
65,52,36,#585C2C
66,52,36,#575C2C
67,52,36,#565C2C
68,52,36,#555C2C
69,52,36,#555C2C
70,52,36,#545C2C
71,52,36,#535C2C
72,52,36,#525C2C
73,52,36,#515C2C
74,52,36,#515C2C
75,52,36,#505C2C
76,52,36,#4F5C2C
77,52,36,#4E5C2C
78,52,36,#4D5C2C
79,52,36,#4D5C2C
80,52,36,#4C5C2C
81,52,36,#4B5C2C
82,52,36,#4A5C2C
83,52,36,#4A5C2C
84,52,36,#495C2C
85,52,36,#485C2C
86,52,36,#475C2C
87,52,36,#465C2C
88,52,36,#465C2C
89,52,36,#455C2C
90,52,36,#445C2C
91,52,36,#435C2C
92,52,36,#425C2C
93,52,36,#425C2C
94,52,36,#415C2C
95,52,36,#405C2C
96,52,36,#3F5C2C
97,52,36,#3E5C2C
98,52,36,#3E5C2C
99,52,36,#3D5C2C
100,52,36,#3C5C2C
101,52,36,#3B5C2C
102,52,36,#3A5C2C
103,52,36,#3A5C2C
104,52,36,#395C2C
105,52,36,#385C2C
106,52,36,#375C2C
107,52,36,#365C2C
108,52,36,#365C2C
109,52,36,#355C2C
110,52,36,#345C2C
111,52,36,#335C2C
112,52,36,#325C2C
113,52,36,#325C2C
114,52,36,#315C2C
115,52,36,#305C2C
116,52,36,#2F5C2C
117,52,36,#2E5C2C
118,52,36,#2E5C2C
119,52,36,#2D5C2C
120,52,36,#2C5C2C
121,52,36,#2C5C2D
122,52,36,#2C5C2E
123,52,36,#2C5C2E
124,52,36,#2C5C2F
125,52,36,#2C5C30
126,52,36,#2C5C31
127,52,36,#2C5C32
128,52,36,#2C5C32
129,52,36,#2C5C33
130,52,36,#2C5C34
131,52,36,#2C5C35
132,52,36,#2C5C36
133,52,36,#2C5C36
134,52,36,#2C5C37
135,52,36,#2C5C38
136,52,36,#2C5C39
137,52,36,#2C5C3A
138,52,36,#2C5C3A
139,52,36,#2C5C3B
140,52,36,#2C5C3C
141,52,36,#2C5C3D
142,52,36,#2C5C3E
143,52,36,#2C5C3E
144,52,36,#2C5C3F
145,52,36,#2C5C40
146,52,36,#2C5C41
147,52,36,#2C5C42
148,52,36,#2C5C42
149,52,36,#2C5C43
150,52,36,#2C5C44
151,52,36,#2C5C45
152,52,36,#2C5C46
153,52,36,#2C5C46
154,52,36,#2C5C47
155,52,36,#2C5C48
156,52,36,#2C5C49
157,52,36,#2C5C4A
158,52,36,#2C5C4A
159,52,36,#2C5C4B
160,52,36,#2C5C4C
161,52,36,#2C5C4D
162,52,36,#2C5C4D
163,52,36,#2C5C4E
164,52,36,#2C5C4F
165,52,36,#2C5C50
166,52,36,#2C5C51
167,52,36,#2C5C51
168,52,36,#2C5C52
169,52,36,#2C5C53
170,52,36,#2C5C54
171,52,36,#2C5C55
172,52,36,#2C5C55
173,52,36,#2C5C56
174,52,36,#2C5C57
175,52,36,#2C5C58
176,52,36,#2C5C59
177,52,36,#2C5C59
178,52,36,#2C5C5A
179,52,36,#2C5C5B
180,52,36,#2C5C5C
181,52,36,#2C5B5C
182,52,36,#2C5A5C
183,52,36,#2C595C
184,52,36,#2C595C
185,52,36,#2C585C
186,52,36,#2C575C
187,52,36,#2C565C
188,52,36,#2C555C
189,52,36,#2C555C
190,52,36,#2C545C
191,52,36,#2C535C
192,52,36,#2C525C
193,52,36,#2C515C
194,52,36,#2C515C
195,52,36,#2C505C
196,52,36,#2C4F5C
197,52,36,#2C4E5C
198,52,36,#2C4D5C
199,52,36,#2C4D5C
200,52,36,#2C4C5C
201,52,36,#2C4B5C
202,52,36,#2C4A5C
203,52,36,#2C4A5C
204,52,36,#2C495C
205,52,36,#2C485C
206,52,36,#2C475C
207,52,36,#2C465C
208,52,36,#2C465C
209,52,36,#2C455C
210,52,36,#2C445C
211,52,36,#2C435C
212,52,36,#2C425C
213,52,36,#2C425C
214,52,36,#2C415C
215,52,36,#2C405C
216,52,36,#2C3F5C
217,52,36,#2C3E5C
218,52,36,#2C3E5C
219,52,36,#2C3D5C
220,52,36,#2C3C5C
221,52,36,#2C3B5C
222,52,36,#2C3A5C
223,52,36,#2C3A5C
224,52,36,#2C395C
225,52,36,#2C385C
226,52,36,#2C375C
227,52,36,#2C365C
228,52,36,#2C365C
229,52,36,#2C355C
230,52,36,#2C345C
231,52,36,#2C335C
232,52,36,#2C325C
233,52,36,#2C325C
234,52,36,#2C315C
235,52,36,#2C305C
236,52,36,#2C2F5C
237,52,36,#2C2E5C
238,52,36,#2C2E5C
239,52,36,#2C2D5C
240,52,36,#2C2C5C
241,52,36,#2D2C5C
242,52,36,#2E2C5C
243,52,36,#2E2C5C
244,52,36,#2F2C5C
245,52,36,#302C5C
246,52,36,#312C5C
247,52,36,#322C5C
248,52,36,#322C5C
249,52,36,#332C5C
250,52,36,#342C5C
251,52,36,#352C5C
252,52,36,#362C5C
253,52,36,#362C5C
254,52,36,#372C5C
255,52,36,#382C5C
256,52,36,#392C5C
257,52,36,#3A2C5C
258,52,36,#3A2C5C
259,52,36,#3B2C5C
260,52,36,#3C2C5C
261,52,36,#3D2C5C
262,52,36,#3E2C5C
263,52,36,#3E2C5C
264,52,36,#3F2C5C
265,52,36,#402C5C
266,52,36,#412C5C
267,52,36,#422C5C
268,52,36,#422C5C
269,52,36,#432C5C
270,52,36,#442C5C
271,52,36,#452C5C
272,52,36,#462C5C
273,52,36,#462C5C
274,52,36,#472C5C
275,52,36,#482C5C
276,52,36,#492C5C
277,52,36,#4A2C5C
278,52,36,#4A2C5C
279,52,36,#4B2C5C
280,52,36,#4C2C5C
281,52,36,#4D2C5C
282,52,36,#4D2C5C
283,52,36,#4E2C5C
284,52,36,#4F2C5C
285,52,36,#502C5C
286,52,36,#512C5C
287,52,36,#512C5C
288,52,36,#522C5C
289,52,36,#532C5C
290,52,36,#542C5C
291,52,36,#552C5C
292,52,36,#552C5C
293,52,36,#562C5C
294,52,36,#572C5C
295,52,36,#582C5C
296,52,36,#592C5C
297,52,36,#592C5C
298,52,36,#5A2C5C
299,52,36,#5B2C5C
300,52,36,#5C2C5C
301,52,36,#5C2C5B
302,52,36,#5C2C5A
303,52,36,#5C2C59
304,52,36,#5C2C59
305,52,36,#5C2C58
306,52,36,#5C2C57
307,52,36,#5C2C56
308,52,36,#5C2C55
309,52,36,#5C2C55
310,52,36,#5C2C54
311,52,36,#5C2C53
312,52,36,#5C2C52
313,52,36,#5C2C51
314,52,36,#5C2C51
315,52,36,#5C2C50
316,52,36,#5C2C4F
317,52,36,#5C2C4E
318,52,36,#5C2C4D
319,52,36,#5C2C4D
320,52,36,#5C2C4C
321,52,36,#5C2C4B
322,52,36,#5C2C4A
323,52,36,#5C2C4A
324,52,36,#5C2C49
325,52,36,#5C2C48
326,52,36,#5C2C47
327,52,36,#5C2C46
328,52,36,#5C2C46
329,52,36,#5C2C45
330,52,36,#5C2C44
331,52,36,#5C2C43
332,52,36,#5C2C42
333,52,36,#5C2C42
334,52,36,#5C2C41
335,52,36,#5C2C40
336,52,36,#5C2C3F
337,52,36,#5C2C3E
338,52,36,#5C2C3E
339,52,36,#5C2C3D
340,52,36,#5C2C3C
341,52,36,#5C2C3B
342,52,36,#5C2C3A
343,52,36,#5C2C3A
344,52,36,#5C2C39
345,52,36,#5C2C38
346,52,36,#5C2C37
347,52,36,#5C2C36
348,52,36,#5C2C36
349,52,36,#5C2C35
350,52,36,#5C2C34
351,52,36,#5C2C33
352,52,36,#5C2C32
353,52,36,#5C2C32
354,52,36,#5C2C31
355,52,36,#5C2C30
356,52,36,#5C2C2F
357,52,36,#5C2C2E
358,52,36,#5C2C2E
359,52,36,#5C2C2D
0,51,36,#5C2D2D
1,51,36,#5C2E2D
2,51,36,#5C2F2D
3,51,36,#5C2F2D
4,51,36,#5C302D
5,51,36,#5C312D
6,51,36,#5C322D
7,51,36,#5C322D
8,51,36,#5C332D
9,51,36,#5C342D
10,51,36,#5C352D
11,51,36,#5C362D
12,51,36,#5C362D
13,51,36,#5C372D
14,51,36,#5C382D
15,51,36,#5C392D
16,51,36,#5C392D
17,51,36,#5C3A2D
18,51,36,#5C3B2D
19,51,36,#5C3C2D
20,51,36,#5C3D2D
21,51,36,#5C3D2D
22,51,36,#5C3E2D
23,51,36,#5C3F2D
24,51,36,#5C402D
25,51,36,#5C402D
26,51,36,#5C412D
27,51,36,#5C422D
28,51,36,#5C432D
29,51,36,#5C442D
30,51,36,#5C442D
31,51,36,#5C452D
32,51,36,#5C462D
33,51,36,#5C472D
34,51,36,#5C482D
35,51,36,#5C482D
36,51,36,#5C492D
37,51,36,#5C4A2D
38,51,36,#5C4B2D
39,51,36,#5C4B2D
40,51,36,#5C4C2D
41,51,36,#5C4D2D
42,51,36,#5C4E2D
43,51,36,#5C4F2D
44,51,36,#5C4F2D
45,51,36,#5C502D
46,51,36,#5C512D
47,51,36,#5C522D
48,51,36,#5C522D
49,51,36,#5C532D
50,51,36,#5C542D
51,51,36,#5C552D
52,51,36,#5C562D
53,51,36,#5C562D
54,51,36,#5C572D
55,51,36,#5C582D
56,51,36,#5C592D
57,51,36,#5C592D
58,51,36,#5C5A2D
59,51,36,#5C5B2D
60,51,36,#5C5C2D
61,51,36,#5B5C2D
62,51,36,#5A5C2D
63,51,36,#595C2D
64,51,36,#595C2D
65,51,36,#585C2D
66,51,36,#575C2D
67,51,36,#565C2D
68,51,36,#565C2D
69,51,36,#555C2D
70,51,36,#545C2D
71,51,36,#535C2D
72,51,36,#525C2D
73,51,36,#525C2D
74,51,36,#515C2D
75,51,36,#505C2D
76,51,36,#4F5C2D
77,51,36,#4F5C2D
78,51,36,#4E5C2D
79,51,36,#4D5C2D
80,51,36,#4C5C2D
81,51,36,#4B5C2D
82,51,36,#4B5C2D
83,51,36,#4A5C2D
84,51,36,#495C2D
85,51,36,#485C2D
86,51,36,#485C2D
87,51,36,#475C2D
88,51,36,#465C2D
89,51,36,#455C2D
90,51,36,#445C2D
91,51,36,#445C2D
92,51,36,#435C2D
93,51,36,#425C2D
94,51,36,#415C2D
95,51,36,#405C2D
96,51,36,#405C2D
97,51,36,#3F5C2D
98,51,36,#3E5C2D
99,51,36,#3D5C2D
100,51,36,#3D5C2D
101,51,36,#3C5C2D
102,51,36,#3B5C2D
103,51,36,#3A5C2D
104,51,36,#395C2D
105,51,36,#395C2D
106,51,36,#385C2D
107,51,36,#375C2D
108,51,36,#365C2D
109,51,36,#365C2D
110,51,36,#355C2D
111,51,36,#345C2D
112,51,36,#335C2D
113,51,36,#325C2D
114,51,36,#325C2D
115,51,36,#315C2D
116,51,36,#305C2D
117,51,36,#2F5C2D
118,51,36,#2F5C2D
119,51,36,#2E5C2D
120,51,36,#2D5C2D
121,51,36,#2D5C2E
122,51,36,#2D5C2F
123,51,36,#2D5C2F
124,51,36,#2D5C30
125,51,36,#2D5C31
126,51,36,#2D5C32
127,51,36,#2D5C32
128,51,36,#2D5C33
129,51,36,#2D5C34
130,51,36,#2D5C35
131,51,36,#2D5C36
132,51,36,#2D5C36
133,51,36,#2D5C37
134,51,36,#2D5C38
135,51,36,#2D5C39
136,51,36,#2D5C39
137,51,36,#2D5C3A
138,51,36,#2D5C3B
139,51,36,#2D5C3C
140,51,36,#2D5C3D
141,51,36,#2D5C3D
142,51,36,#2D5C3E
143,51,36,#2D5C3F
144,51,36,#2D5C40
145,51,36,#2D5C40
146,51,36,#2D5C41
147,51,36,#2D5C42
148,51,36,#2D5C43
149,51,36,#2D5C44
150,51,36,#2D5C44
151,51,36,#2D5C45
152,51,36,#2D5C46
153,51,36,#2D5C47
154,51,36,#2D5C48
155,51,36,#2D5C48
156,51,36,#2D5C49
157,51,36,#2D5C4A
158,51,36,#2D5C4B
159,51,36,#2D5C4B
160,51,36,#2D5C4C
161,51,36,#2D5C4D
162,51,36,#2D5C4E
163,51,36,#2D5C4F
164,51,36,#2D5C4F
165,51,36,#2D5C50
166,51,36,#2D5C51
167,51,36,#2D5C52
168,51,36,#2D5C52
169,51,36,#2D5C53
170,51,36,#2D5C54
171,51,36,#2D5C55
172,51,36,#2D5C56
173,51,36,#2D5C56
174,51,36,#2D5C57
175,51,36,#2D5C58
176,51,36,#2D5C59
177,51,36,#2D5C59
178,51,36,#2D5C5A
179,51,36,#2D5C5B
180,51,36,#2D5C5C
181,51,36,#2D5B5C
182,51,36,#2D5A5C
183,51,36,#2D595C
184,51,36,#2D595C
185,51,36,#2D585C
186,51,36,#2D575C
187,51,36,#2D565C
188,51,36,#2D565C
189,51,36,#2D555C
190,51,36,#2D545C
191,51,36,#2D535C
192,51,36,#2D525C
193,51,36,#2D525C
194,51,36,#2D515C
195,51,36,#2D505C
196,51,36,#2D4F5C
197,51,36,#2D4F5C
198,51,36,#2D4E5C
199,51,36,#2D4D5C
200,51,36,#2D4C5C
201,51,36,#2D4B5C
202,51,36,#2D4B5C
203,51,36,#2D4A5C
204,51,36,#2D495C
205,51,36,#2D485C
206,51,36,#2D485C
207,51,36,#2D475C
208,51,36,#2D465C
209,51,36,#2D455C
210,51,36,#2D445C
211,51,36,#2D445C
212,51,36,#2D435C
213,51,36,#2D425C
214,51,36,#2D415C
215,51,36,#2D405C
216,51,36,#2D405C
217,51,36,#2D3F5C
218,51,36,#2D3E5C
219,51,36,#2D3D5C
220,51,36,#2D3D5C
221,51,36,#2D3C5C
222,51,36,#2D3B5C
223,51,36,#2D3A5C
224,51,36,#2D395C
225,51,36,#2D395C
226,51,36,#2D385C
227,51,36,#2D375C
228,51,36,#2D365C
229,51,36,#2D365C
230,51,36,#2D355C
231,51,36,#2D345C
232,51,36,#2D335C
233,51,36,#2D325C
234,51,36,#2D325C
235,51,36,#2D315C
236,51,36,#2D305C
237,51,36,#2D2F5C
238,51,36,#2D2F5C
239,51,36,#2D2E5C
240,51,36,#2D2D5C
241,51,36,#2E2D5C
242,51,36,#2F2D5C
243,51,36,#2F2D5C
244,51,36,#302D5C
245,51,36,#312D5C
246,51,36,#322D5C
247,51,36,#322D5C
248,51,36,#332D5C
249,51,36,#342D5C
250,51,36,#352D5C
251,51,36,#362D5C
252,51,36,#362D5C
253,51,36,#372D5C
254,51,36,#382D5C
255,51,36,#392D5C
256,51,36,#392D5C
257,51,36,#3A2D5C
258,51,36,#3B2D5C
259,51,36,#3C2D5C
260,51,36,#3D2D5C
261,51,36,#3D2D5C
262,51,36,#3E2D5C
263,51,36,#3F2D5C
264,51,36,#402D5C
265,51,36,#402D5C
266,51,36,#412D5C
267,51,36,#422D5C
268,51,36,#432D5C
269,51,36,#442D5C
270,51,36,#442D5C
271,51,36,#452D5C
272,51,36,#462D5C
273,51,36,#472D5C
274,51,36,#482D5C
275,51,36,#482D5C
276,51,36,#492D5C
277,51,36,#4A2D5C
278,51,36,#4B2D5C
279,51,36,#4B2D5C
280,51,36,#4C2D5C
281,51,36,#4D2D5C
282,51,36,#4E2D5C
283,51,36,#4F2D5C
284,51,36,#4F2D5C
285,51,36,#502D5C
286,51,36,#512D5C
287,51,36,#522D5C
288,51,36,#522D5C
289,51,36,#532D5C
290,51,36,#542D5C
291,51,36,#552D5C
292,51,36,#562D5C
293,51,36,#562D5C
294,51,36,#572D5C
295,51,36,#582D5C
296,51,36,#592D5C
297,51,36,#592D5C
298,51,36,#5A2D5C
299,51,36,#5B2D5C
300,51,36,#5C2D5C
301,51,36,#5C2D5B
302,51,36,#5C2D5A
303,51,36,#5C2D59
304,51,36,#5C2D59
305,51,36,#5C2D58
306,51,36,#5C2D57
307,51,36,#5C2D56
308,51,36,#5C2D56
309,51,36,#5C2D55
310,51,36,#5C2D54
311,51,36,#5C2D53
312,51,36,#5C2D52
313,51,36,#5C2D52
314,51,36,#5C2D51
315,51,36,#5C2D50
316,51,36,#5C2D4F
317,51,36,#5C2D4F
318,51,36,#5C2D4E
319,51,36,#5C2D4D
320,51,36,#5C2D4C
321,51,36,#5C2D4B
322,51,36,#5C2D4B
323,51,36,#5C2D4A
324,51,36,#5C2D49
325,51,36,#5C2D48
326,51,36,#5C2D48
327,51,36,#5C2D47
328,51,36,#5C2D46
329,51,36,#5C2D45
330,51,36,#5C2D44
331,51,36,#5C2D44
332,51,36,#5C2D43
333,51,36,#5C2D42
334,51,36,#5C2D41
335,51,36,#5C2D40
336,51,36,#5C2D40
337,51,36,#5C2D3F
338,51,36,#5C2D3E
339,51,36,#5C2D3D
340,51,36,#5C2D3D
341,51,36,#5C2D3C
342,51,36,#5C2D3B
343,51,36,#5C2D3A
344,51,36,#5C2D39
345,51,36,#5C2D39
346,51,36,#5C2D38
347,51,36,#5C2D37
348,51,36,#5C2D36
349,51,36,#5C2D36
350,51,36,#5C2D35
351,51,36,#5C2D34
352,51,36,#5C2D33
353,51,36,#5C2D32
354,51,36,#5C2D32
355,51,36,#5C2D31
356,51,36,#5C2D30
357,51,36,#5C2D2F
358,51,36,#5C2D2F
359,51,36,#5C2D2E
0,50,36,#5C2E2E
1,50,36,#5C2F2E
2,50,36,#5C2F2E
3,50,36,#5C302E
4,50,36,#5C312E
5,50,36,#5C322E
6,50,36,#5C322E
7,50,36,#5C332E
8,50,36,#5C342E
9,50,36,#5C352E
10,50,36,#5C362E
11,50,36,#5C362E
12,50,36,#5C372E
13,50,36,#5C382E
14,50,36,#5C392E
15,50,36,#5C392E
16,50,36,#5C3A2E
17,50,36,#5C3B2E
18,50,36,#5C3C2E
19,50,36,#5C3C2E
20,50,36,#5C3D2E
21,50,36,#5C3E2E
22,50,36,#5C3F2E
23,50,36,#5C3F2E
24,50,36,#5C402E
25,50,36,#5C412E
26,50,36,#5C422E
27,50,36,#5C432E
28,50,36,#5C432E
29,50,36,#5C442E
30,50,36,#5C452E
31,50,36,#5C462E
32,50,36,#5C462E
33,50,36,#5C472E
34,50,36,#5C482E
35,50,36,#5C492E
36,50,36,#5C492E
37,50,36,#5C4A2E
38,50,36,#5C4B2E
39,50,36,#5C4C2E
40,50,36,#5C4D2E
41,50,36,#5C4D2E
42,50,36,#5C4E2E
43,50,36,#5C4F2E
44,50,36,#5C502E
45,50,36,#5C502E
46,50,36,#5C512E
47,50,36,#5C522E
48,50,36,#5C532E
49,50,36,#5C532E
50,50,36,#5C542E
51,50,36,#5C552E
52,50,36,#5C562E
53,50,36,#5C562E
54,50,36,#5C572E
55,50,36,#5C582E
56,50,36,#5C592E
57,50,36,#5C5A2E
58,50,36,#5C5A2E
59,50,36,#5C5B2E
60,50,36,#5C5C2E
61,50,36,#5B5C2E
62,50,36,#5A5C2E
63,50,36,#5A5C2E
64,50,36,#595C2E
65,50,36,#585C2E
66,50,36,#575C2E
67,50,36,#565C2E
68,50,36,#565C2E
69,50,36,#555C2E
70,50,36,#545C2E
71,50,36,#535C2E
72,50,36,#535C2E
73,50,36,#525C2E
74,50,36,#515C2E
75,50,36,#505C2E
76,50,36,#505C2E
77,50,36,#4F5C2E
78,50,36,#4E5C2E
79,50,36,#4D5C2E
80,50,36,#4D5C2E
81,50,36,#4C5C2E
82,50,36,#4B5C2E
83,50,36,#4A5C2E
84,50,36,#495C2E
85,50,36,#495C2E
86,50,36,#485C2E
87,50,36,#475C2E
88,50,36,#465C2E
89,50,36,#465C2E
90,50,36,#455C2E
91,50,36,#445C2E
92,50,36,#435C2E
93,50,36,#435C2E
94,50,36,#425C2E
95,50,36,#415C2E
96,50,36,#405C2E
97,50,36,#3F5C2E
98,50,36,#3F5C2E
99,50,36,#3E5C2E
100,50,36,#3D5C2E
101,50,36,#3C5C2E
102,50,36,#3C5C2E
103,50,36,#3B5C2E
104,50,36,#3A5C2E
105,50,36,#395C2E
106,50,36,#395C2E
107,50,36,#385C2E
108,50,36,#375C2E
109,50,36,#365C2E
110,50,36,#365C2E
111,50,36,#355C2E
112,50,36,#345C2E
113,50,36,#335C2E
114,50,36,#325C2E
115,50,36,#325C2E
116,50,36,#315C2E
117,50,36,#305C2E
118,50,36,#2F5C2E
119,50,36,#2F5C2E
120,50,36,#2E5C2E
121,50,36,#2E5C2F
122,50,36,#2E5C2F
123,50,36,#2E5C30
124,50,36,#2E5C31
125,50,36,#2E5C32
126,50,36,#2E5C32
127,50,36,#2E5C33
128,50,36,#2E5C34
129,50,36,#2E5C35
130,50,36,#2E5C36
131,50,36,#2E5C36
132,50,36,#2E5C37
133,50,36,#2E5C38
134,50,36,#2E5C39
135,50,36,#2E5C39
136,50,36,#2E5C3A
137,50,36,#2E5C3B
138,50,36,#2E5C3C
139,50,36,#2E5C3C
140,50,36,#2E5C3D
141,50,36,#2E5C3E
142,50,36,#2E5C3F
143,50,36,#2E5C3F
144,50,36,#2E5C40
145,50,36,#2E5C41
146,50,36,#2E5C42
147,50,36,#2E5C43
148,50,36,#2E5C43
149,50,36,#2E5C44
150,50,36,#2E5C45
151,50,36,#2E5C46
152,50,36,#2E5C46
153,50,36,#2E5C47
154,50,36,#2E5C48
155,50,36,#2E5C49
156,50,36,#2E5C49
157,50,36,#2E5C4A
158,50,36,#2E5C4B
159,50,36,#2E5C4C
160,50,36,#2E5C4D
161,50,36,#2E5C4D
162,50,36,#2E5C4E
163,50,36,#2E5C4F
164,50,36,#2E5C50
165,50,36,#2E5C50
166,50,36,#2E5C51
167,50,36,#2E5C52
168,50,36,#2E5C53
169,50,36,#2E5C53
170,50,36,#2E5C54
171,50,36,#2E5C55
172,50,36,#2E5C56
173,50,36,#2E5C56
174,50,36,#2E5C57
175,50,36,#2E5C58
176,50,36,#2E5C59
177,50,36,#2E5C5A
178,50,36,#2E5C5A
179,50,36,#2E5C5B
180,50,36,#2E5C5C
181,50,36,#2E5B5C
182,50,36,#2E5A5C
183,50,36,#2E5A5C
184,50,36,#2E595C
185,50,36,#2E585C
186,50,36,#2E575C
187,50,36,#2E565C
188,50,36,#2E565C
189,50,36,#2E555C
190,50,36,#2E545C
191,50,36,#2E535C
192,50,36,#2E535C
193,50,36,#2E525C
194,50,36,#2E515C
195,50,36,#2E505C
196,50,36,#2E505C
197,50,36,#2E4F5C
198,50,36,#2E4E5C
199,50,36,#2E4D5C
200,50,36,#2E4D5C
201,50,36,#2E4C5C
202,50,36,#2E4B5C
203,50,36,#2E4A5C
204,50,36,#2E495C
205,50,36,#2E495C
206,50,36,#2E485C
207,50,36,#2E475C
208,50,36,#2E465C
209,50,36,#2E465C
210,50,36,#2E455C
211,50,36,#2E445C
212,50,36,#2E435C
213,50,36,#2E435C
214,50,36,#2E425C
215,50,36,#2E415C
216,50,36,#2E405C
217,50,36,#2E3F5C
218,50,36,#2E3F5C
219,50,36,#2E3E5C
220,50,36,#2E3D5C
221,50,36,#2E3C5C
222,50,36,#2E3C5C
223,50,36,#2E3B5C
224,50,36,#2E3A5C
225,50,36,#2E395C
226,50,36,#2E395C
227,50,36,#2E385C
228,50,36,#2E375C
229,50,36,#2E365C
230,50,36,#2E365C
231,50,36,#2E355C
232,50,36,#2E345C
233,50,36,#2E335C
234,50,36,#2E325C
235,50,36,#2E325C
236,50,36,#2E315C
237,50,36,#2E305C
238,50,36,#2E2F5C
239,50,36,#2E2F5C
240,50,36,#2E2E5C
241,50,36,#2F2E5C
242,50,36,#2F2E5C
243,50,36,#302E5C
244,50,36,#312E5C
245,50,36,#322E5C
246,50,36,#322E5C
247,50,36,#332E5C
248,50,36,#342E5C
249,50,36,#352E5C
250,50,36,#362E5C
251,50,36,#362E5C
252,50,36,#372E5C
253,50,36,#382E5C
254,50,36,#392E5C
255,50,36,#392E5C
256,50,36,#3A2E5C
257,50,36,#3B2E5C
258,50,36,#3C2E5C
259,50,36,#3C2E5C
260,50,36,#3D2E5C
261,50,36,#3E2E5C
262,50,36,#3F2E5C
263,50,36,#3F2E5C
264,50,36,#402E5C
265,50,36,#412E5C
266,50,36,#422E5C
267,50,36,#432E5C
268,50,36,#432E5C
269,50,36,#442E5C
270,50,36,#452E5C
271,50,36,#462E5C
272,50,36,#462E5C
273,50,36,#472E5C
274,50,36,#482E5C
275,50,36,#492E5C
276,50,36,#492E5C
277,50,36,#4A2E5C
278,50,36,#4B2E5C
279,50,36,#4C2E5C
280,50,36,#4D2E5C
281,50,36,#4D2E5C
282,50,36,#4E2E5C
283,50,36,#4F2E5C
284,50,36,#502E5C
285,50,36,#502E5C
286,50,36,#512E5C
287,50,36,#522E5C
288,50,36,#532E5C
289,50,36,#532E5C
290,50,36,#542E5C
291,50,36,#552E5C
292,50,36,#562E5C
293,50,36,#562E5C
294,50,36,#572E5C
295,50,36,#582E5C
296,50,36,#592E5C
297,50,36,#5A2E5C
298,50,36,#5A2E5C
299,50,36,#5B2E5C
300,50,36,#5C2E5C
301,50,36,#5C2E5B
302,50,36,#5C2E5A
303,50,36,#5C2E5A
304,50,36,#5C2E59
305,50,36,#5C2E58
306,50,36,#5C2E57
307,50,36,#5C2E56
308,50,36,#5C2E56
309,50,36,#5C2E55
310,50,36,#5C2E54
311,50,36,#5C2E53
312,50,36,#5C2E53
313,50,36,#5C2E52
314,50,36,#5C2E51
315,50,36,#5C2E50
316,50,36,#5C2E50
317,50,36,#5C2E4F
318,50,36,#5C2E4E
319,50,36,#5C2E4D
320,50,36,#5C2E4D
321,50,36,#5C2E4C
322,50,36,#5C2E4B
323,50,36,#5C2E4A
324,50,36,#5C2E49
325,50,36,#5C2E49
326,50,36,#5C2E48
327,50,36,#5C2E47
328,50,36,#5C2E46
329,50,36,#5C2E46
330,50,36,#5C2E45
331,50,36,#5C2E44
332,50,36,#5C2E43
333,50,36,#5C2E43
334,50,36,#5C2E42
335,50,36,#5C2E41
336,50,36,#5C2E40
337,50,36,#5C2E3F
338,50,36,#5C2E3F
339,50,36,#5C2E3E
340,50,36,#5C2E3D
341,50,36,#5C2E3C
342,50,36,#5C2E3C
343,50,36,#5C2E3B
344,50,36,#5C2E3A
345,50,36,#5C2E39
346,50,36,#5C2E39
347,50,36,#5C2E38
348,50,36,#5C2E37
349,50,36,#5C2E36
350,50,36,#5C2E36
351,50,36,#5C2E35
352,50,36,#5C2E34
353,50,36,#5C2E33
354,50,36,#5C2E32
355,50,36,#5C2E32
356,50,36,#5C2E31
357,50,36,#5C2E30
358,50,36,#5C2E2F
359,50,36,#5C2E2F
0,49,36,#5C2F2F
1,49,36,#5C302F
2,49,36,#5C302F
3,49,36,#5C312F
4,49,36,#5C322F
5,49,36,#5C332F
6,49,36,#5C332F
7,49,36,#5C342F
8,49,36,#5C352F
9,49,36,#5C362F
10,49,36,#5C362F
11,49,36,#5C372F
12,49,36,#5C382F
13,49,36,#5C392F
14,49,36,#5C392F
15,49,36,#5C3A2F
16,49,36,#5C3B2F
17,49,36,#5C3C2F
18,49,36,#5C3C2F
19,49,36,#5C3D2F
20,49,36,#5C3E2F
21,49,36,#5C3F2F
22,49,36,#5C3F2F
23,49,36,#5C402F
24,49,36,#5C412F
25,49,36,#5C422F
26,49,36,#5C422F
27,49,36,#5C432F
28,49,36,#5C442F
29,49,36,#5C452F
30,49,36,#5C452F
31,49,36,#5C462F
32,49,36,#5C472F
33,49,36,#5C482F
34,49,36,#5C482F
35,49,36,#5C492F
36,49,36,#5C4A2F
37,49,36,#5C4B2F
38,49,36,#5C4B2F
39,49,36,#5C4C2F
40,49,36,#5C4D2F
41,49,36,#5C4E2F
42,49,36,#5C4E2F
43,49,36,#5C4F2F
44,49,36,#5C502F
45,49,36,#5C512F
46,49,36,#5C512F
47,49,36,#5C522F
48,49,36,#5C532F
49,49,36,#5C542F
50,49,36,#5C542F
51,49,36,#5C552F
52,49,36,#5C562F
53,49,36,#5C572F
54,49,36,#5C572F
55,49,36,#5C582F
56,49,36,#5C592F
57,49,36,#5C5A2F
58,49,36,#5C5A2F
59,49,36,#5C5B2F
60,49,36,#5C5C2F
61,49,36,#5B5C2F
62,49,36,#5A5C2F
63,49,36,#5A5C2F
64,49,36,#595C2F
65,49,36,#585C2F
66,49,36,#575C2F
67,49,36,#575C2F
68,49,36,#565C2F
69,49,36,#555C2F
70,49,36,#545C2F
71,49,36,#545C2F
72,49,36,#535C2F
73,49,36,#525C2F
74,49,36,#515C2F
75,49,36,#515C2F
76,49,36,#505C2F
77,49,36,#4F5C2F
78,49,36,#4E5C2F
79,49,36,#4E5C2F
80,49,36,#4D5C2F
81,49,36,#4C5C2F
82,49,36,#4B5C2F
83,49,36,#4B5C2F
84,49,36,#4A5C2F
85,49,36,#495C2F
86,49,36,#485C2F
87,49,36,#485C2F
88,49,36,#475C2F
89,49,36,#465C2F
90,49,36,#455C2F
91,49,36,#455C2F
92,49,36,#445C2F
93,49,36,#435C2F
94,49,36,#425C2F
95,49,36,#425C2F
96,49,36,#415C2F
97,49,36,#405C2F
98,49,36,#3F5C2F
99,49,36,#3F5C2F
100,49,36,#3E5C2F
101,49,36,#3D5C2F
102,49,36,#3C5C2F
103,49,36,#3C5C2F
104,49,36,#3B5C2F
105,49,36,#3A5C2F
106,49,36,#395C2F
107,49,36,#395C2F
108,49,36,#385C2F
109,49,36,#375C2F
110,49,36,#365C2F
111,49,36,#365C2F
112,49,36,#355C2F
113,49,36,#345C2F
114,49,36,#335C2F
115,49,36,#335C2F
116,49,36,#325C2F
117,49,36,#315C2F
118,49,36,#305C2F
119,49,36,#305C2F
120,49,36,#2F5C2F
121,49,36,#2F5C30
122,49,36,#2F5C30
123,49,36,#2F5C31
124,49,36,#2F5C32
125,49,36,#2F5C33
126,49,36,#2F5C33
127,49,36,#2F5C34
128,49,36,#2F5C35
129,49,36,#2F5C36
130,49,36,#2F5C36
131,49,36,#2F5C37
132,49,36,#2F5C38
133,49,36,#2F5C39
134,49,36,#2F5C39
135,49,36,#2F5C3A
136,49,36,#2F5C3B
137,49,36,#2F5C3C
138,49,36,#2F5C3C
139,49,36,#2F5C3D
140,49,36,#2F5C3E
141,49,36,#2F5C3F
142,49,36,#2F5C3F
143,49,36,#2F5C40
144,49,36,#2F5C41
145,49,36,#2F5C42
146,49,36,#2F5C42
147,49,36,#2F5C43
148,49,36,#2F5C44
149,49,36,#2F5C45
150,49,36,#2F5C45
151,49,36,#2F5C46
152,49,36,#2F5C47
153,49,36,#2F5C48
154,49,36,#2F5C48
155,49,36,#2F5C49
156,49,36,#2F5C4A
157,49,36,#2F5C4B
158,49,36,#2F5C4B
159,49,36,#2F5C4C
160,49,36,#2F5C4D
161,49,36,#2F5C4E
162,49,36,#2F5C4E
163,49,36,#2F5C4F
164,49,36,#2F5C50
165,49,36,#2F5C51
166,49,36,#2F5C51
167,49,36,#2F5C52
168,49,36,#2F5C53
169,49,36,#2F5C54
170,49,36,#2F5C54
171,49,36,#2F5C55
172,49,36,#2F5C56
173,49,36,#2F5C57
174,49,36,#2F5C57
175,49,36,#2F5C58
176,49,36,#2F5C59
177,49,36,#2F5C5A
178,49,36,#2F5C5A
179,49,36,#2F5C5B
180,49,36,#2F5C5C
181,49,36,#2F5B5C
182,49,36,#2F5A5C
183,49,36,#2F5A5C
184,49,36,#2F595C
185,49,36,#2F585C
186,49,36,#2F575C
187,49,36,#2F575C
188,49,36,#2F565C
189,49,36,#2F555C
190,49,36,#2F545C
191,49,36,#2F545C
192,49,36,#2F535C
193,49,36,#2F525C
194,49,36,#2F515C
195,49,36,#2F515C
196,49,36,#2F505C
197,49,36,#2F4F5C
198,49,36,#2F4E5C
199,49,36,#2F4E5C
200,49,36,#2F4D5C
201,49,36,#2F4C5C
202,49,36,#2F4B5C
203,49,36,#2F4B5C
204,49,36,#2F4A5C
205,49,36,#2F495C
206,49,36,#2F485C
207,49,36,#2F485C
208,49,36,#2F475C
209,49,36,#2F465C
210,49,36,#2F455C
211,49,36,#2F455C
212,49,36,#2F445C
213,49,36,#2F435C
214,49,36,#2F425C
215,49,36,#2F425C
216,49,36,#2F415C
217,49,36,#2F405C
218,49,36,#2F3F5C
219,49,36,#2F3F5C
220,49,36,#2F3E5C
221,49,36,#2F3D5C
222,49,36,#2F3C5C
223,49,36,#2F3C5C
224,49,36,#2F3B5C
225,49,36,#2F3A5C
226,49,36,#2F395C
227,49,36,#2F395C
228,49,36,#2F385C
229,49,36,#2F375C
230,49,36,#2F365C
231,49,36,#2F365C
232,49,36,#2F355C
233,49,36,#2F345C
234,49,36,#2F335C
235,49,36,#2F335C
236,49,36,#2F325C
237,49,36,#2F315C
238,49,36,#2F305C
239,49,36,#2F305C
240,49,36,#2F2F5C
241,49,36,#302F5C
242,49,36,#302F5C
243,49,36,#312F5C
244,49,36,#322F5C
245,49,36,#332F5C
246,49,36,#332F5C
247,49,36,#342F5C
248,49,36,#352F5C
249,49,36,#362F5C
250,49,36,#362F5C
251,49,36,#372F5C
252,49,36,#382F5C
253,49,36,#392F5C
254,49,36,#392F5C
255,49,36,#3A2F5C
256,49,36,#3B2F5C
257,49,36,#3C2F5C
258,49,36,#3C2F5C
259,49,36,#3D2F5C
260,49,36,#3E2F5C
261,49,36,#3F2F5C
262,49,36,#3F2F5C
263,49,36,#402F5C
264,49,36,#412F5C
265,49,36,#422F5C
266,49,36,#422F5C
267,49,36,#432F5C
268,49,36,#442F5C
269,49,36,#452F5C
270,49,36,#452F5C
271,49,36,#462F5C
272,49,36,#472F5C
273,49,36,#482F5C
274,49,36,#482F5C
275,49,36,#492F5C
276,49,36,#4A2F5C
277,49,36,#4B2F5C
278,49,36,#4B2F5C
279,49,36,#4C2F5C
280,49,36,#4D2F5C
281,49,36,#4E2F5C
282,49,36,#4E2F5C
283,49,36,#4F2F5C
284,49,36,#502F5C
285,49,36,#512F5C
286,49,36,#512F5C
287,49,36,#522F5C
288,49,36,#532F5C
289,49,36,#542F5C
290,49,36,#542F5C
291,49,36,#552F5C
292,49,36,#562F5C
293,49,36,#572F5C
294,49,36,#572F5C
295,49,36,#582F5C
296,49,36,#592F5C
297,49,36,#5A2F5C
298,49,36,#5A2F5C
299,49,36,#5B2F5C
300,49,36,#5C2F5C
301,49,36,#5C2F5B
302,49,36,#5C2F5A
303,49,36,#5C2F5A
304,49,36,#5C2F59
305,49,36,#5C2F58
306,49,36,#5C2F57
307,49,36,#5C2F57
308,49,36,#5C2F56
309,49,36,#5C2F55
310,49,36,#5C2F54
311,49,36,#5C2F54
312,49,36,#5C2F53
313,49,36,#5C2F52
314,49,36,#5C2F51
315,49,36,#5C2F51
316,49,36,#5C2F50
317,49,36,#5C2F4F
318,49,36,#5C2F4E
319,49,36,#5C2F4E
320,49,36,#5C2F4D
321,49,36,#5C2F4C
322,49,36,#5C2F4B
323,49,36,#5C2F4B
324,49,36,#5C2F4A
325,49,36,#5C2F49
326,49,36,#5C2F48
327,49,36,#5C2F48
328,49,36,#5C2F47
329,49,36,#5C2F46
330,49,36,#5C2F45
331,49,36,#5C2F45
332,49,36,#5C2F44
333,49,36,#5C2F43
334,49,36,#5C2F42
335,49,36,#5C2F42
336,49,36,#5C2F41
337,49,36,#5C2F40
338,49,36,#5C2F3F
339,49,36,#5C2F3F
340,49,36,#5C2F3E
341,49,36,#5C2F3D
342,49,36,#5C2F3C
343,49,36,#5C2F3C
344,49,36,#5C2F3B
345,49,36,#5C2F3A
346,49,36,#5C2F39
347,49,36,#5C2F39
348,49,36,#5C2F38
349,49,36,#5C2F37
350,49,36,#5C2F36
351,49,36,#5C2F36
352,49,36,#5C2F35
353,49,36,#5C2F34
354,49,36,#5C2F33
355,49,36,#5C2F33
356,49,36,#5C2F32
357,49,36,#5C2F31
358,49,36,#5C2F30
359,49,36,#5C2F30
0,48,36,#5C3030
1,48,36,#5C3030
2,48,36,#5C3130
3,48,36,#5C3230
4,48,36,#5C3330
5,48,36,#5C3330
6,48,36,#5C3430
7,48,36,#5C3530
8,48,36,#5C3630
9,48,36,#5C3630
10,48,36,#5C3730
11,48,36,#5C3830
12,48,36,#5C3930
13,48,36,#5C3930
14,48,36,#5C3A30
15,48,36,#5C3B30
16,48,36,#5C3B30
17,48,36,#5C3C30
18,48,36,#5C3D30
19,48,36,#5C3E30
20,48,36,#5C3E30
21,48,36,#5C3F30
22,48,36,#5C4030
23,48,36,#5C4130
24,48,36,#5C4130
25,48,36,#5C4230
26,48,36,#5C4330
27,48,36,#5C4430
28,48,36,#5C4430
29,48,36,#5C4530
30,48,36,#5C4630
31,48,36,#5C4730
32,48,36,#5C4730
33,48,36,#5C4830
34,48,36,#5C4930
35,48,36,#5C4930
36,48,36,#5C4A30
37,48,36,#5C4B30
38,48,36,#5C4C30
39,48,36,#5C4C30
40,48,36,#5C4D30
41,48,36,#5C4E30
42,48,36,#5C4F30
43,48,36,#5C4F30
44,48,36,#5C5030
45,48,36,#5C5130
46,48,36,#5C5230
47,48,36,#5C5230
48,48,36,#5C5330
49,48,36,#5C5430
50,48,36,#5C5430
51,48,36,#5C5530
52,48,36,#5C5630
53,48,36,#5C5730
54,48,36,#5C5730
55,48,36,#5C5830
56,48,36,#5C5930
57,48,36,#5C5A30
58,48,36,#5C5A30
59,48,36,#5C5B30
60,48,36,#5C5C30
61,48,36,#5B5C30
62,48,36,#5A5C30
63,48,36,#5A5C30
64,48,36,#595C30
65,48,36,#585C30
66,48,36,#575C30
67,48,36,#575C30
68,48,36,#565C30
69,48,36,#555C30
70,48,36,#545C30
71,48,36,#545C30
72,48,36,#535C30
73,48,36,#525C30
74,48,36,#525C30
75,48,36,#515C30
76,48,36,#505C30
77,48,36,#4F5C30
78,48,36,#4F5C30
79,48,36,#4E5C30
80,48,36,#4D5C30
81,48,36,#4C5C30
82,48,36,#4C5C30
83,48,36,#4B5C30
84,48,36,#4A5C30
85,48,36,#495C30
86,48,36,#495C30
87,48,36,#485C30
88,48,36,#475C30
89,48,36,#475C30
90,48,36,#465C30
91,48,36,#455C30
92,48,36,#445C30
93,48,36,#445C30
94,48,36,#435C30
95,48,36,#425C30
96,48,36,#415C30
97,48,36,#415C30
98,48,36,#405C30
99,48,36,#3F5C30
100,48,36,#3E5C30
101,48,36,#3E5C30
102,48,36,#3D5C30
103,48,36,#3C5C30
104,48,36,#3B5C30
105,48,36,#3B5C30
106,48,36,#3A5C30
107,48,36,#395C30
108,48,36,#395C30
109,48,36,#385C30
110,48,36,#375C30
111,48,36,#365C30
112,48,36,#365C30
113,48,36,#355C30
114,48,36,#345C30
115,48,36,#335C30
116,48,36,#335C30
117,48,36,#325C30
118,48,36,#315C30
119,48,36,#305C30
120,48,36,#305C30
121,48,36,#305C30
122,48,36,#305C31
123,48,36,#305C32
124,48,36,#305C33
125,48,36,#305C33
126,48,36,#305C34
127,48,36,#305C35
128,48,36,#305C36
129,48,36,#305C36
130,48,36,#305C37
131,48,36,#305C38
132,48,36,#305C39
133,48,36,#305C39
134,48,36,#305C3A
135,48,36,#305C3B
136,48,36,#305C3B
137,48,36,#305C3C
138,48,36,#305C3D
139,48,36,#305C3E
140,48,36,#305C3E
141,48,36,#305C3F
142,48,36,#305C40
143,48,36,#305C41
144,48,36,#305C41
145,48,36,#305C42
146,48,36,#305C43
147,48,36,#305C44
148,48,36,#305C44
149,48,36,#305C45
150,48,36,#305C46
151,48,36,#305C47
152,48,36,#305C47
153,48,36,#305C48
154,48,36,#305C49
155,48,36,#305C49
156,48,36,#305C4A
157,48,36,#305C4B
158,48,36,#305C4C
159,48,36,#305C4C
160,48,36,#305C4D
161,48,36,#305C4E
162,48,36,#305C4F
163,48,36,#305C4F
164,48,36,#305C50
165,48,36,#305C51
166,48,36,#305C52
167,48,36,#305C52
168,48,36,#305C53
169,48,36,#305C54
170,48,36,#305C54
171,48,36,#305C55
172,48,36,#305C56
173,48,36,#305C57
174,48,36,#305C57
175,48,36,#305C58
176,48,36,#305C59
177,48,36,#305C5A
178,48,36,#305C5A
179,48,36,#305C5B
180,48,36,#305C5C
181,48,36,#305B5C
182,48,36,#305A5C
183,48,36,#305A5C
184,48,36,#30595C
185,48,36,#30585C
186,48,36,#30575C
187,48,36,#30575C
188,48,36,#30565C
189,48,36,#30555C
190,48,36,#30545C
191,48,36,#30545C
192,48,36,#30535C
193,48,36,#30525C
194,48,36,#30525C
195,48,36,#30515C
196,48,36,#30505C
197,48,36,#304F5C
198,48,36,#304F5C
199,48,36,#304E5C
200,48,36,#304D5C
201,48,36,#304C5C
202,48,36,#304C5C
203,48,36,#304B5C
204,48,36,#304A5C
205,48,36,#30495C
206,48,36,#30495C
207,48,36,#30485C
208,48,36,#30475C
209,48,36,#30475C
210,48,36,#30465C
211,48,36,#30455C
212,48,36,#30445C
213,48,36,#30445C
214,48,36,#30435C
215,48,36,#30425C
216,48,36,#30415C
217,48,36,#30415C
218,48,36,#30405C
219,48,36,#303F5C
220,48,36,#303E5C
221,48,36,#303E5C
222,48,36,#303D5C
223,48,36,#303C5C
224,48,36,#303B5C
225,48,36,#303B5C
226,48,36,#303A5C
227,48,36,#30395C
228,48,36,#30395C
229,48,36,#30385C
230,48,36,#30375C
231,48,36,#30365C
232,48,36,#30365C
233,48,36,#30355C
234,48,36,#30345C
235,48,36,#30335C
236,48,36,#30335C
237,48,36,#30325C
238,48,36,#30315C
239,48,36,#30305C
240,48,36,#30305C
241,48,36,#30305C
242,48,36,#31305C
243,48,36,#32305C
244,48,36,#33305C
245,48,36,#33305C
246,48,36,#34305C
247,48,36,#35305C
248,48,36,#36305C
249,48,36,#36305C
250,48,36,#37305C
251,48,36,#38305C
252,48,36,#39305C
253,48,36,#39305C
254,48,36,#3A305C
255,48,36,#3B305C
256,48,36,#3B305C
257,48,36,#3C305C
258,48,36,#3D305C
259,48,36,#3E305C
260,48,36,#3E305C
261,48,36,#3F305C
262,48,36,#40305C
263,48,36,#41305C
264,48,36,#41305C
265,48,36,#42305C
266,48,36,#43305C
267,48,36,#44305C
268,48,36,#44305C
269,48,36,#45305C
270,48,36,#46305C
271,48,36,#47305C
272,48,36,#47305C
273,48,36,#48305C
274,48,36,#49305C
275,48,36,#49305C
276,48,36,#4A305C
277,48,36,#4B305C
278,48,36,#4C305C
279,48,36,#4C305C
280,48,36,#4D305C
281,48,36,#4E305C
282,48,36,#4F305C
283,48,36,#4F305C
284,48,36,#50305C
285,48,36,#51305C
286,48,36,#52305C
287,48,36,#52305C
288,48,36,#53305C
289,48,36,#54305C
290,48,36,#54305C
291,48,36,#55305C
292,48,36,#56305C
293,48,36,#57305C
294,48,36,#57305C
295,48,36,#58305C
296,48,36,#59305C
297,48,36,#5A305C
298,48,36,#5A305C
299,48,36,#5B305C
300,48,36,#5C305C
301,48,36,#5C305B
302,48,36,#5C305A
303,48,36,#5C305A
304,48,36,#5C3059
305,48,36,#5C3058
306,48,36,#5C3057
307,48,36,#5C3057
308,48,36,#5C3056
309,48,36,#5C3055
310,48,36,#5C3054
311,48,36,#5C3054
312,48,36,#5C3053
313,48,36,#5C3052
314,48,36,#5C3052
315,48,36,#5C3051
316,48,36,#5C3050
317,48,36,#5C304F
318,48,36,#5C304F
319,48,36,#5C304E
320,48,36,#5C304D
321,48,36,#5C304C
322,48,36,#5C304C
323,48,36,#5C304B
324,48,36,#5C304A
325,48,36,#5C3049
326,48,36,#5C3049
327,48,36,#5C3048
328,48,36,#5C3047
329,48,36,#5C3047
330,48,36,#5C3046
331,48,36,#5C3045
332,48,36,#5C3044
333,48,36,#5C3044
334,48,36,#5C3043
335,48,36,#5C3042
336,48,36,#5C3041
337,48,36,#5C3041
338,48,36,#5C3040
339,48,36,#5C303F
340,48,36,#5C303E
341,48,36,#5C303E
342,48,36,#5C303D
343,48,36,#5C303C
344,48,36,#5C303B
345,48,36,#5C303B
346,48,36,#5C303A
347,48,36,#5C3039
348,48,36,#5C3039
349,48,36,#5C3038
350,48,36,#5C3037
351,48,36,#5C3036
352,48,36,#5C3036
353,48,36,#5C3035
354,48,36,#5C3034
355,48,36,#5C3033
356,48,36,#5C3033
357,48,36,#5C3032
358,48,36,#5C3031
359,48,36,#5C3030
0,47,36,#5C3131
1,47,36,#5C3131
2,47,36,#5C3231
3,47,36,#5C3331
4,47,36,#5C3431
5,47,36,#5C3431
6,47,36,#5C3531
7,47,36,#5C3631
8,47,36,#5C3631
9,47,36,#5C3731
10,47,36,#5C3831
11,47,36,#5C3931
12,47,36,#5C3931
13,47,36,#5C3A31
14,47,36,#5C3B31
15,47,36,#5C3B31
16,47,36,#5C3C31
17,47,36,#5C3D31
18,47,36,#5C3E31
19,47,36,#5C3E31
20,47,36,#5C3F31
21,47,36,#5C4031
22,47,36,#5C4031
23,47,36,#5C4131
24,47,36,#5C4231
25,47,36,#5C4331
26,47,36,#5C4331
27,47,36,#5C4431
28,47,36,#5C4531
29,47,36,#5C4631
30,47,36,#5C4631
31,47,36,#5C4731
32,47,36,#5C4831
33,47,36,#5C4831
34,47,36,#5C4931
35,47,36,#5C4A31
36,47,36,#5C4B31
37,47,36,#5C4B31
38,47,36,#5C4C31
39,47,36,#5C4D31
40,47,36,#5C4D31
41,47,36,#5C4E31
42,47,36,#5C4F31
43,47,36,#5C5031
44,47,36,#5C5031
45,47,36,#5C5131
46,47,36,#5C5231
47,47,36,#5C5231
48,47,36,#5C5331
49,47,36,#5C5431
50,47,36,#5C5531
51,47,36,#5C5531
52,47,36,#5C5631
53,47,36,#5C5731
54,47,36,#5C5731
55,47,36,#5C5831
56,47,36,#5C5931
57,47,36,#5C5A31
58,47,36,#5C5A31
59,47,36,#5C5B31
60,47,36,#5C5C31
61,47,36,#5B5C31
62,47,36,#5A5C31
63,47,36,#5A5C31
64,47,36,#595C31
65,47,36,#585C31
66,47,36,#575C31
67,47,36,#575C31
68,47,36,#565C31
69,47,36,#555C31
70,47,36,#555C31
71,47,36,#545C31
72,47,36,#535C31
73,47,36,#525C31
74,47,36,#525C31
75,47,36,#515C31
76,47,36,#505C31
77,47,36,#505C31
78,47,36,#4F5C31
79,47,36,#4E5C31
80,47,36,#4D5C31
81,47,36,#4D5C31
82,47,36,#4C5C31
83,47,36,#4B5C31
84,47,36,#4B5C31
85,47,36,#4A5C31
86,47,36,#495C31
87,47,36,#485C31
88,47,36,#485C31
89,47,36,#475C31
90,47,36,#465C31
91,47,36,#465C31
92,47,36,#455C31
93,47,36,#445C31
94,47,36,#435C31
95,47,36,#435C31
96,47,36,#425C31
97,47,36,#415C31
98,47,36,#405C31
99,47,36,#405C31
100,47,36,#3F5C31
101,47,36,#3E5C31
102,47,36,#3E5C31
103,47,36,#3D5C31
104,47,36,#3C5C31
105,47,36,#3B5C31
106,47,36,#3B5C31
107,47,36,#3A5C31
108,47,36,#395C31
109,47,36,#395C31
110,47,36,#385C31
111,47,36,#375C31
112,47,36,#365C31
113,47,36,#365C31
114,47,36,#355C31
115,47,36,#345C31
116,47,36,#345C31
117,47,36,#335C31
118,47,36,#325C31
119,47,36,#315C31
120,47,36,#315C31
121,47,36,#315C31
122,47,36,#315C32
123,47,36,#315C33
124,47,36,#315C34
125,47,36,#315C34
126,47,36,#315C35
127,47,36,#315C36
128,47,36,#315C36
129,47,36,#315C37
130,47,36,#315C38
131,47,36,#315C39
132,47,36,#315C39
133,47,36,#315C3A
134,47,36,#315C3B
135,47,36,#315C3B
136,47,36,#315C3C
137,47,36,#315C3D
138,47,36,#315C3E
139,47,36,#315C3E
140,47,36,#315C3F
141,47,36,#315C40
142,47,36,#315C40
143,47,36,#315C41
144,47,36,#315C42
145,47,36,#315C43
146,47,36,#315C43
147,47,36,#315C44
148,47,36,#315C45
149,47,36,#315C46
150,47,36,#315C46
151,47,36,#315C47
152,47,36,#315C48
153,47,36,#315C48
154,47,36,#315C49
155,47,36,#315C4A
156,47,36,#315C4B
157,47,36,#315C4B
158,47,36,#315C4C
159,47,36,#315C4D
160,47,36,#315C4D
161,47,36,#315C4E
162,47,36,#315C4F
163,47,36,#315C50
164,47,36,#315C50
165,47,36,#315C51
166,47,36,#315C52
167,47,36,#315C52
168,47,36,#315C53
169,47,36,#315C54
170,47,36,#315C55
171,47,36,#315C55
172,47,36,#315C56
173,47,36,#315C57
174,47,36,#315C57
175,47,36,#315C58
176,47,36,#315C59
177,47,36,#315C5A
178,47,36,#315C5A
179,47,36,#315C5B
180,47,36,#315C5C
181,47,36,#315B5C
182,47,36,#315A5C
183,47,36,#315A5C
184,47,36,#31595C
185,47,36,#31585C
186,47,36,#31575C
187,47,36,#31575C
188,47,36,#31565C
189,47,36,#31555C
190,47,36,#31555C
191,47,36,#31545C
192,47,36,#31535C
193,47,36,#31525C
194,47,36,#31525C
195,47,36,#31515C
196,47,36,#31505C
197,47,36,#31505C
198,47,36,#314F5C
199,47,36,#314E5C
200,47,36,#314D5C
201,47,36,#314D5C
202,47,36,#314C5C
203,47,36,#314B5C
204,47,36,#314B5C
205,47,36,#314A5C
206,47,36,#31495C
207,47,36,#31485C
208,47,36,#31485C
209,47,36,#31475C
210,47,36,#31465C
211,47,36,#31465C
212,47,36,#31455C
213,47,36,#31445C
214,47,36,#31435C
215,47,36,#31435C
216,47,36,#31425C
217,47,36,#31415C
218,47,36,#31405C
219,47,36,#31405C
220,47,36,#313F5C
221,47,36,#313E5C
222,47,36,#313E5C
223,47,36,#313D5C
224,47,36,#313C5C
225,47,36,#313B5C
226,47,36,#313B5C
227,47,36,#313A5C
228,47,36,#31395C
229,47,36,#31395C
230,47,36,#31385C
231,47,36,#31375C
232,47,36,#31365C
233,47,36,#31365C
234,47,36,#31355C
235,47,36,#31345C
236,47,36,#31345C
237,47,36,#31335C
238,47,36,#31325C
239,47,36,#31315C
240,47,36,#31315C
241,47,36,#31315C
242,47,36,#32315C
243,47,36,#33315C
244,47,36,#34315C
245,47,36,#34315C
246,47,36,#35315C
247,47,36,#36315C
248,47,36,#36315C
249,47,36,#37315C
250,47,36,#38315C
251,47,36,#39315C
252,47,36,#39315C
253,47,36,#3A315C
254,47,36,#3B315C
255,47,36,#3B315C
256,47,36,#3C315C
257,47,36,#3D315C
258,47,36,#3E315C
259,47,36,#3E315C
260,47,36,#3F315C
261,47,36,#40315C
262,47,36,#40315C
263,47,36,#41315C
264,47,36,#42315C
265,47,36,#43315C
266,47,36,#43315C
267,47,36,#44315C
268,47,36,#45315C
269,47,36,#46315C
270,47,36,#46315C
271,47,36,#47315C
272,47,36,#48315C
273,47,36,#48315C
274,47,36,#49315C
275,47,36,#4A315C
276,47,36,#4B315C
277,47,36,#4B315C
278,47,36,#4C315C
279,47,36,#4D315C
280,47,36,#4D315C
281,47,36,#4E315C
282,47,36,#4F315C
283,47,36,#50315C
284,47,36,#50315C
285,47,36,#51315C
286,47,36,#52315C
287,47,36,#52315C
288,47,36,#53315C
289,47,36,#54315C
290,47,36,#55315C
291,47,36,#55315C
292,47,36,#56315C
293,47,36,#57315C
294,47,36,#57315C
295,47,36,#58315C
296,47,36,#59315C
297,47,36,#5A315C
298,47,36,#5A315C
299,47,36,#5B315C
300,47,36,#5C315C
301,47,36,#5C315B
302,47,36,#5C315A
303,47,36,#5C315A
304,47,36,#5C3159
305,47,36,#5C3158
306,47,36,#5C3157
307,47,36,#5C3157
308,47,36,#5C3156
309,47,36,#5C3155
310,47,36,#5C3155
311,47,36,#5C3154
312,47,36,#5C3153
313,47,36,#5C3152
314,47,36,#5C3152
315,47,36,#5C3151
316,47,36,#5C3150
317,47,36,#5C3150
318,47,36,#5C314F
319,47,36,#5C314E
320,47,36,#5C314D
321,47,36,#5C314D
322,47,36,#5C314C
323,47,36,#5C314B
324,47,36,#5C314B
325,47,36,#5C314A
326,47,36,#5C3149
327,47,36,#5C3148
328,47,36,#5C3148
329,47,36,#5C3147
330,47,36,#5C3146
331,47,36,#5C3146
332,47,36,#5C3145
333,47,36,#5C3144
334,47,36,#5C3143
335,47,36,#5C3143
336,47,36,#5C3142
337,47,36,#5C3141
338,47,36,#5C3140
339,47,36,#5C3140
340,47,36,#5C313F
341,47,36,#5C313E
342,47,36,#5C313E
343,47,36,#5C313D
344,47,36,#5C313C
345,47,36,#5C313B
346,47,36,#5C313B
347,47,36,#5C313A
348,47,36,#5C3139
349,47,36,#5C3139
350,47,36,#5C3138
351,47,36,#5C3137
352,47,36,#5C3136
353,47,36,#5C3136
354,47,36,#5C3135
355,47,36,#5C3134
356,47,36,#5C3134
357,47,36,#5C3133
358,47,36,#5C3132
359,47,36,#5C3131
0,46,36,#5C3232
1,46,36,#5C3232
2,46,36,#5C3332
3,46,36,#5C3432
4,46,36,#5C3432
5,46,36,#5C3532
6,46,36,#5C3632
7,46,36,#5C3632
8,46,36,#5C3732
9,46,36,#5C3832
10,46,36,#5C3932
11,46,36,#5C3932
12,46,36,#5C3A32
13,46,36,#5C3B32
14,46,36,#5C3B32
15,46,36,#5C3C32
16,46,36,#5C3D32
17,46,36,#5C3E32
18,46,36,#5C3E32
19,46,36,#5C3F32
20,46,36,#5C4032
21,46,36,#5C4032
22,46,36,#5C4132
23,46,36,#5C4232
24,46,36,#5C4232
25,46,36,#5C4332
26,46,36,#5C4432
27,46,36,#5C4532
28,46,36,#5C4532
29,46,36,#5C4632
30,46,36,#5C4732
31,46,36,#5C4732
32,46,36,#5C4832
33,46,36,#5C4932
34,46,36,#5C4A32
35,46,36,#5C4A32
36,46,36,#5C4B32
37,46,36,#5C4C32
38,46,36,#5C4C32
39,46,36,#5C4D32
40,46,36,#5C4E32
41,46,36,#5C4E32
42,46,36,#5C4F32
43,46,36,#5C5032
44,46,36,#5C5132
45,46,36,#5C5132
46,46,36,#5C5232
47,46,36,#5C5332
48,46,36,#5C5332
49,46,36,#5C5432
50,46,36,#5C5532
51,46,36,#5C5532
52,46,36,#5C5632
53,46,36,#5C5732
54,46,36,#5C5832
55,46,36,#5C5832
56,46,36,#5C5932
57,46,36,#5C5A32
58,46,36,#5C5A32
59,46,36,#5C5B32
60,46,36,#5C5C32
61,46,36,#5B5C32
62,46,36,#5A5C32
63,46,36,#5A5C32
64,46,36,#595C32
65,46,36,#585C32
66,46,36,#585C32
67,46,36,#575C32
68,46,36,#565C32
69,46,36,#555C32
70,46,36,#555C32
71,46,36,#545C32
72,46,36,#535C32
73,46,36,#535C32
74,46,36,#525C32
75,46,36,#515C32
76,46,36,#515C32
77,46,36,#505C32
78,46,36,#4F5C32
79,46,36,#4E5C32
80,46,36,#4E5C32
81,46,36,#4D5C32
82,46,36,#4C5C32
83,46,36,#4C5C32
84,46,36,#4B5C32
85,46,36,#4A5C32
86,46,36,#4A5C32
87,46,36,#495C32
88,46,36,#485C32
89,46,36,#475C32
90,46,36,#475C32
91,46,36,#465C32
92,46,36,#455C32
93,46,36,#455C32
94,46,36,#445C32
95,46,36,#435C32
96,46,36,#425C32
97,46,36,#425C32
98,46,36,#415C32
99,46,36,#405C32
100,46,36,#405C32
101,46,36,#3F5C32
102,46,36,#3E5C32
103,46,36,#3E5C32
104,46,36,#3D5C32
105,46,36,#3C5C32
106,46,36,#3B5C32
107,46,36,#3B5C32
108,46,36,#3A5C32
109,46,36,#395C32
110,46,36,#395C32
111,46,36,#385C32
112,46,36,#375C32
113,46,36,#365C32
114,46,36,#365C32
115,46,36,#355C32
116,46,36,#345C32
117,46,36,#345C32
118,46,36,#335C32
119,46,36,#325C32
120,46,36,#325C32
121,46,36,#325C32
122,46,36,#325C33
123,46,36,#325C34
124,46,36,#325C34
125,46,36,#325C35
126,46,36,#325C36
127,46,36,#325C36
128,46,36,#325C37
129,46,36,#325C38
130,46,36,#325C39
131,46,36,#325C39
132,46,36,#325C3A
133,46,36,#325C3B
134,46,36,#325C3B
135,46,36,#325C3C
136,46,36,#325C3D
137,46,36,#325C3E
138,46,36,#325C3E
139,46,36,#325C3F
140,46,36,#325C40
141,46,36,#325C40
142,46,36,#325C41
143,46,36,#325C42
144,46,36,#325C42
145,46,36,#325C43
146,46,36,#325C44
147,46,36,#325C45
148,46,36,#325C45
149,46,36,#325C46
150,46,36,#325C47
151,46,36,#325C47
152,46,36,#325C48
153,46,36,#325C49
154,46,36,#325C4A
155,46,36,#325C4A
156,46,36,#325C4B
157,46,36,#325C4C
158,46,36,#325C4C
159,46,36,#325C4D
160,46,36,#325C4E
161,46,36,#325C4E
162,46,36,#325C4F
163,46,36,#325C50
164,46,36,#325C51
165,46,36,#325C51
166,46,36,#325C52
167,46,36,#325C53
168,46,36,#325C53
169,46,36,#325C54
170,46,36,#325C55
171,46,36,#325C55
172,46,36,#325C56
173,46,36,#325C57
174,46,36,#325C58
175,46,36,#325C58
176,46,36,#325C59
177,46,36,#325C5A
178,46,36,#325C5A
179,46,36,#325C5B
180,46,36,#325C5C
181,46,36,#325B5C
182,46,36,#325A5C
183,46,36,#325A5C
184,46,36,#32595C
185,46,36,#32585C
186,46,36,#32585C
187,46,36,#32575C
188,46,36,#32565C
189,46,36,#32555C
190,46,36,#32555C
191,46,36,#32545C
192,46,36,#32535C
193,46,36,#32535C
194,46,36,#32525C
195,46,36,#32515C
196,46,36,#32515C
197,46,36,#32505C
198,46,36,#324F5C
199,46,36,#324E5C
200,46,36,#324E5C
201,46,36,#324D5C
202,46,36,#324C5C
203,46,36,#324C5C
204,46,36,#324B5C
205,46,36,#324A5C
206,46,36,#324A5C
207,46,36,#32495C
208,46,36,#32485C
209,46,36,#32475C
210,46,36,#32475C
211,46,36,#32465C
212,46,36,#32455C
213,46,36,#32455C
214,46,36,#32445C
215,46,36,#32435C
216,46,36,#32425C
217,46,36,#32425C
218,46,36,#32415C
219,46,36,#32405C
220,46,36,#32405C
221,46,36,#323F5C
222,46,36,#323E5C
223,46,36,#323E5C
224,46,36,#323D5C
225,46,36,#323C5C
226,46,36,#323B5C
227,46,36,#323B5C
228,46,36,#323A5C
229,46,36,#32395C
230,46,36,#32395C
231,46,36,#32385C
232,46,36,#32375C
233,46,36,#32365C
234,46,36,#32365C
235,46,36,#32355C
236,46,36,#32345C
237,46,36,#32345C
238,46,36,#32335C
239,46,36,#32325C
240,46,36,#32325C
241,46,36,#32325C
242,46,36,#33325C
243,46,36,#34325C
244,46,36,#34325C
245,46,36,#35325C
246,46,36,#36325C
247,46,36,#36325C
248,46,36,#37325C
249,46,36,#38325C
250,46,36,#39325C
251,46,36,#39325C
252,46,36,#3A325C
253,46,36,#3B325C
254,46,36,#3B325C
255,46,36,#3C325C
256,46,36,#3D325C
257,46,36,#3E325C
258,46,36,#3E325C
259,46,36,#3F325C
260,46,36,#40325C
261,46,36,#40325C
262,46,36,#41325C
263,46,36,#42325C
264,46,36,#42325C
265,46,36,#43325C
266,46,36,#44325C
267,46,36,#45325C
268,46,36,#45325C
269,46,36,#46325C
270,46,36,#47325C
271,46,36,#47325C
272,46,36,#48325C
273,46,36,#49325C
274,46,36,#4A325C
275,46,36,#4A325C
276,46,36,#4B325C
277,46,36,#4C325C
278,46,36,#4C325C
279,46,36,#4D325C
280,46,36,#4E325C
281,46,36,#4E325C
282,46,36,#4F325C
283,46,36,#50325C
284,46,36,#51325C
285,46,36,#51325C
286,46,36,#52325C
287,46,36,#53325C
288,46,36,#53325C
289,46,36,#54325C
290,46,36,#55325C
291,46,36,#55325C
292,46,36,#56325C
293,46,36,#57325C
294,46,36,#58325C
295,46,36,#58325C
296,46,36,#59325C
297,46,36,#5A325C
298,46,36,#5A325C
299,46,36,#5B325C
300,46,36,#5C325C
301,46,36,#5C325B
302,46,36,#5C325A
303,46,36,#5C325A
304,46,36,#5C3259
305,46,36,#5C3258
306,46,36,#5C3258
307,46,36,#5C3257
308,46,36,#5C3256
309,46,36,#5C3255
310,46,36,#5C3255
311,46,36,#5C3254
312,46,36,#5C3253
313,46,36,#5C3253
314,46,36,#5C3252
315,46,36,#5C3251
316,46,36,#5C3251
317,46,36,#5C3250
318,46,36,#5C324F
319,46,36,#5C324E
320,46,36,#5C324E
321,46,36,#5C324D
322,46,36,#5C324C
323,46,36,#5C324C
324,46,36,#5C324B
325,46,36,#5C324A
326,46,36,#5C324A
327,46,36,#5C3249
328,46,36,#5C3248
329,46,36,#5C3247
330,46,36,#5C3247
331,46,36,#5C3246
332,46,36,#5C3245
333,46,36,#5C3245
334,46,36,#5C3244
335,46,36,#5C3243
336,46,36,#5C3242
337,46,36,#5C3242
338,46,36,#5C3241
339,46,36,#5C3240
340,46,36,#5C3240
341,46,36,#5C323F
342,46,36,#5C323E
343,46,36,#5C323E
344,46,36,#5C323D
345,46,36,#5C323C
346,46,36,#5C323B
347,46,36,#5C323B
348,46,36,#5C323A
349,46,36,#5C3239
350,46,36,#5C3239
351,46,36,#5C3238
352,46,36,#5C3237
353,46,36,#5C3236
354,46,36,#5C3236
355,46,36,#5C3235
356,46,36,#5C3234
357,46,36,#5C3234
358,46,36,#5C3233
359,46,36,#5C3232
0,45,36,#5C3232
1,45,36,#5C3332
2,45,36,#5C3432
3,45,36,#5C3532
4,45,36,#5C3532
5,45,36,#5C3632
6,45,36,#5C3732
7,45,36,#5C3732
8,45,36,#5C3832
9,45,36,#5C3932
10,45,36,#5C3932
11,45,36,#5C3A32
12,45,36,#5C3B32
13,45,36,#5C3B32
14,45,36,#5C3C32
15,45,36,#5C3D32
16,45,36,#5C3E32
17,45,36,#5C3E32
18,45,36,#5C3F32
19,45,36,#5C4032
20,45,36,#5C4032
21,45,36,#5C4132
22,45,36,#5C4232
23,45,36,#5C4232
24,45,36,#5C4332
25,45,36,#5C4432
26,45,36,#5C4432
27,45,36,#5C4532
28,45,36,#5C4632
29,45,36,#5C4632
30,45,36,#5C4732
31,45,36,#5C4832
32,45,36,#5C4932
33,45,36,#5C4932
34,45,36,#5C4A32
35,45,36,#5C4B32
36,45,36,#5C4B32
37,45,36,#5C4C32
38,45,36,#5C4D32
39,45,36,#5C4D32
40,45,36,#5C4E32
41,45,36,#5C4F32
42,45,36,#5C4F32
43,45,36,#5C5032
44,45,36,#5C5132
45,45,36,#5C5132
46,45,36,#5C5232
47,45,36,#5C5332
48,45,36,#5C5432
49,45,36,#5C5432
50,45,36,#5C5532
51,45,36,#5C5632
52,45,36,#5C5632
53,45,36,#5C5732
54,45,36,#5C5832
55,45,36,#5C5832
56,45,36,#5C5932
57,45,36,#5C5A32
58,45,36,#5C5A32
59,45,36,#5C5B32
60,45,36,#5C5C32
61,45,36,#5B5C32
62,45,36,#5A5C32
63,45,36,#5A5C32
64,45,36,#595C32
65,45,36,#585C32
66,45,36,#585C32
67,45,36,#575C32
68,45,36,#565C32
69,45,36,#565C32
70,45,36,#555C32
71,45,36,#545C32
72,45,36,#545C32
73,45,36,#535C32
74,45,36,#525C32
75,45,36,#515C32
76,45,36,#515C32
77,45,36,#505C32
78,45,36,#4F5C32
79,45,36,#4F5C32
80,45,36,#4E5C32
81,45,36,#4D5C32
82,45,36,#4D5C32
83,45,36,#4C5C32
84,45,36,#4B5C32
85,45,36,#4B5C32
86,45,36,#4A5C32
87,45,36,#495C32
88,45,36,#495C32
89,45,36,#485C32
90,45,36,#475C32
91,45,36,#465C32
92,45,36,#465C32
93,45,36,#455C32
94,45,36,#445C32
95,45,36,#445C32
96,45,36,#435C32
97,45,36,#425C32
98,45,36,#425C32
99,45,36,#415C32
100,45,36,#405C32
101,45,36,#405C32
102,45,36,#3F5C32
103,45,36,#3E5C32
104,45,36,#3E5C32
105,45,36,#3D5C32
106,45,36,#3C5C32
107,45,36,#3B5C32
108,45,36,#3B5C32
109,45,36,#3A5C32
110,45,36,#395C32
111,45,36,#395C32
112,45,36,#385C32
113,45,36,#375C32
114,45,36,#375C32
115,45,36,#365C32
116,45,36,#355C32
117,45,36,#355C32
118,45,36,#345C32
119,45,36,#335C32
120,45,36,#325C32
121,45,36,#325C33
122,45,36,#325C34
123,45,36,#325C35
124,45,36,#325C35
125,45,36,#325C36
126,45,36,#325C37
127,45,36,#325C37
128,45,36,#325C38
129,45,36,#325C39
130,45,36,#325C39
131,45,36,#325C3A
132,45,36,#325C3B
133,45,36,#325C3B
134,45,36,#325C3C
135,45,36,#325C3D
136,45,36,#325C3E
137,45,36,#325C3E
138,45,36,#325C3F
139,45,36,#325C40
140,45,36,#325C40
141,45,36,#325C41
142,45,36,#325C42
143,45,36,#325C42
144,45,36,#325C43
145,45,36,#325C44
146,45,36,#325C44
147,45,36,#325C45
148,45,36,#325C46
149,45,36,#325C46
150,45,36,#325C47
151,45,36,#325C48
152,45,36,#325C49
153,45,36,#325C49
154,45,36,#325C4A
155,45,36,#325C4B
156,45,36,#325C4B
157,45,36,#325C4C
158,45,36,#325C4D
159,45,36,#325C4D
160,45,36,#325C4E
161,45,36,#325C4F
162,45,36,#325C4F
163,45,36,#325C50
164,45,36,#325C51
165,45,36,#325C51
166,45,36,#325C52
167,45,36,#325C53
168,45,36,#325C54
169,45,36,#325C54
170,45,36,#325C55
171,45,36,#325C56
172,45,36,#325C56
173,45,36,#325C57
174,45,36,#325C58
175,45,36,#325C58
176,45,36,#325C59
177,45,36,#325C5A
178,45,36,#325C5A
179,45,36,#325C5B
180,45,36,#325C5C
181,45,36,#325B5C
182,45,36,#325A5C
183,45,36,#325A5C
184,45,36,#32595C
185,45,36,#32585C
186,45,36,#32585C
187,45,36,#32575C
188,45,36,#32565C
189,45,36,#32565C
190,45,36,#32555C
191,45,36,#32545C
192,45,36,#32545C
193,45,36,#32535C
194,45,36,#32525C
195,45,36,#32515C
196,45,36,#32515C
197,45,36,#32505C
198,45,36,#324F5C
199,45,36,#324F5C
200,45,36,#324E5C
201,45,36,#324D5C
202,45,36,#324D5C
203,45,36,#324C5C
204,45,36,#324B5C
205,45,36,#324B5C
206,45,36,#324A5C
207,45,36,#32495C
208,45,36,#32495C
209,45,36,#32485C
210,45,36,#32475C
211,45,36,#32465C
212,45,36,#32465C
213,45,36,#32455C
214,45,36,#32445C
215,45,36,#32445C
216,45,36,#32435C
217,45,36,#32425C
218,45,36,#32425C
219,45,36,#32415C
220,45,36,#32405C
221,45,36,#32405C
222,45,36,#323F5C
223,45,36,#323E5C
224,45,36,#323E5C
225,45,36,#323D5C
226,45,36,#323C5C
227,45,36,#323B5C
228,45,36,#323B5C
229,45,36,#323A5C
230,45,36,#32395C
231,45,36,#32395C
232,45,36,#32385C
233,45,36,#32375C
234,45,36,#32375C
235,45,36,#32365C
236,45,36,#32355C
237,45,36,#32355C
238,45,36,#32345C
239,45,36,#32335C
240,45,36,#32325C
241,45,36,#33325C
242,45,36,#34325C
243,45,36,#35325C
244,45,36,#35325C
245,45,36,#36325C
246,45,36,#37325C
247,45,36,#37325C
248,45,36,#38325C
249,45,36,#39325C
250,45,36,#39325C
251,45,36,#3A325C
252,45,36,#3B325C
253,45,36,#3B325C
254,45,36,#3C325C
255,45,36,#3D325C
256,45,36,#3E325C
257,45,36,#3E325C
258,45,36,#3F325C
259,45,36,#40325C
260,45,36,#40325C
261,45,36,#41325C
262,45,36,#42325C
263,45,36,#42325C
264,45,36,#43325C
265,45,36,#44325C
266,45,36,#44325C
267,45,36,#45325C
268,45,36,#46325C
269,45,36,#46325C
270,45,36,#47325C
271,45,36,#48325C
272,45,36,#49325C
273,45,36,#49325C
274,45,36,#4A325C
275,45,36,#4B325C
276,45,36,#4B325C
277,45,36,#4C325C
278,45,36,#4D325C
279,45,36,#4D325C
280,45,36,#4E325C
281,45,36,#4F325C
282,45,36,#4F325C
283,45,36,#50325C
284,45,36,#51325C
285,45,36,#51325C
286,45,36,#52325C
287,45,36,#53325C
288,45,36,#54325C
289,45,36,#54325C
290,45,36,#55325C
291,45,36,#56325C
292,45,36,#56325C
293,45,36,#57325C
294,45,36,#58325C
295,45,36,#58325C
296,45,36,#59325C
297,45,36,#5A325C
298,45,36,#5A325C
299,45,36,#5B325C
300,45,36,#5C325C
301,45,36,#5C325B
302,45,36,#5C325A
303,45,36,#5C325A
304,45,36,#5C3259
305,45,36,#5C3258
306,45,36,#5C3258
307,45,36,#5C3257
308,45,36,#5C3256
309,45,36,#5C3256
310,45,36,#5C3255
311,45,36,#5C3254
312,45,36,#5C3254
313,45,36,#5C3253
314,45,36,#5C3252
315,45,36,#5C3251
316,45,36,#5C3251
317,45,36,#5C3250
318,45,36,#5C324F
319,45,36,#5C324F
320,45,36,#5C324E
321,45,36,#5C324D
322,45,36,#5C324D
323,45,36,#5C324C
324,45,36,#5C324B
325,45,36,#5C324B
326,45,36,#5C324A
327,45,36,#5C3249
328,45,36,#5C3249
329,45,36,#5C3248
330,45,36,#5C3247
331,45,36,#5C3246
332,45,36,#5C3246
333,45,36,#5C3245
334,45,36,#5C3244
335,45,36,#5C3244
336,45,36,#5C3243
337,45,36,#5C3242
338,45,36,#5C3242
339,45,36,#5C3241
340,45,36,#5C3240
341,45,36,#5C3240
342,45,36,#5C323F
343,45,36,#5C323E
344,45,36,#5C323E
345,45,36,#5C323D
346,45,36,#5C323C
347,45,36,#5C323B
348,45,36,#5C323B
349,45,36,#5C323A
350,45,36,#5C3239
351,45,36,#5C3239
352,45,36,#5C3238
353,45,36,#5C3237
354,45,36,#5C3237
355,45,36,#5C3236
356,45,36,#5C3235
357,45,36,#5C3235
358,45,36,#5C3234
359,45,36,#5C3233
0,44,36,#5C3333
1,44,36,#5C3433
2,44,36,#5C3533
3,44,36,#5C3533
4,44,36,#5C3633
5,44,36,#5C3733
6,44,36,#5C3733
7,44,36,#5C3833
8,44,36,#5C3933
9,44,36,#5C3933
10,44,36,#5C3A33
11,44,36,#5C3B33
12,44,36,#5C3B33
13,44,36,#5C3C33
14,44,36,#5C3D33
15,44,36,#5C3E33
16,44,36,#5C3E33
17,44,36,#5C3F33
18,44,36,#5C4033
19,44,36,#5C4033
20,44,36,#5C4133
21,44,36,#5C4233
22,44,36,#5C4233
23,44,36,#5C4333
24,44,36,#5C4433
25,44,36,#5C4433
26,44,36,#5C4533
27,44,36,#5C4633
28,44,36,#5C4633
29,44,36,#5C4733
30,44,36,#5C4833
31,44,36,#5C4833
32,44,36,#5C4933
33,44,36,#5C4A33
34,44,36,#5C4A33
35,44,36,#5C4B33
36,44,36,#5C4C33
37,44,36,#5C4C33
38,44,36,#5C4D33
39,44,36,#5C4E33
40,44,36,#5C4E33
41,44,36,#5C4F33
42,44,36,#5C5033
43,44,36,#5C5033
44,44,36,#5C5133
45,44,36,#5C5233
46,44,36,#5C5233
47,44,36,#5C5333
48,44,36,#5C5433
49,44,36,#5C5433
50,44,36,#5C5533
51,44,36,#5C5633
52,44,36,#5C5633
53,44,36,#5C5733
54,44,36,#5C5833
55,44,36,#5C5833
56,44,36,#5C5933
57,44,36,#5C5A33
58,44,36,#5C5A33
59,44,36,#5C5B33
60,44,36,#5C5C33
61,44,36,#5B5C33
62,44,36,#5A5C33
63,44,36,#5A5C33
64,44,36,#595C33
65,44,36,#585C33
66,44,36,#585C33
67,44,36,#575C33
68,44,36,#565C33
69,44,36,#565C33
70,44,36,#555C33
71,44,36,#545C33
72,44,36,#545C33
73,44,36,#535C33
74,44,36,#525C33
75,44,36,#525C33
76,44,36,#515C33
77,44,36,#505C33
78,44,36,#505C33
79,44,36,#4F5C33
80,44,36,#4E5C33
81,44,36,#4E5C33
82,44,36,#4D5C33
83,44,36,#4C5C33
84,44,36,#4C5C33
85,44,36,#4B5C33
86,44,36,#4A5C33
87,44,36,#4A5C33
88,44,36,#495C33
89,44,36,#485C33
90,44,36,#485C33
91,44,36,#475C33
92,44,36,#465C33
93,44,36,#465C33
94,44,36,#455C33
95,44,36,#445C33
96,44,36,#445C33
97,44,36,#435C33
98,44,36,#425C33
99,44,36,#425C33
100,44,36,#415C33
101,44,36,#405C33
102,44,36,#405C33
103,44,36,#3F5C33
104,44,36,#3E5C33
105,44,36,#3E5C33
106,44,36,#3D5C33
107,44,36,#3C5C33
108,44,36,#3B5C33
109,44,36,#3B5C33
110,44,36,#3A5C33
111,44,36,#395C33
112,44,36,#395C33
113,44,36,#385C33
114,44,36,#375C33
115,44,36,#375C33
116,44,36,#365C33
117,44,36,#355C33
118,44,36,#355C33
119,44,36,#345C33
120,44,36,#335C33
121,44,36,#335C34
122,44,36,#335C35
123,44,36,#335C35
124,44,36,#335C36
125,44,36,#335C37
126,44,36,#335C37
127,44,36,#335C38
128,44,36,#335C39
129,44,36,#335C39
130,44,36,#335C3A
131,44,36,#335C3B
132,44,36,#335C3B
133,44,36,#335C3C
134,44,36,#335C3D
135,44,36,#335C3E
136,44,36,#335C3E
137,44,36,#335C3F
138,44,36,#335C40
139,44,36,#335C40
140,44,36,#335C41
141,44,36,#335C42
142,44,36,#335C42
143,44,36,#335C43
144,44,36,#335C44
145,44,36,#335C44
146,44,36,#335C45
147,44,36,#335C46
148,44,36,#335C46
149,44,36,#335C47
150,44,36,#335C48
151,44,36,#335C48
152,44,36,#335C49
153,44,36,#335C4A
154,44,36,#335C4A
155,44,36,#335C4B
156,44,36,#335C4C
157,44,36,#335C4C
158,44,36,#335C4D
159,44,36,#335C4E
160,44,36,#335C4E
161,44,36,#335C4F
162,44,36,#335C50
163,44,36,#335C50
164,44,36,#335C51
165,44,36,#335C52
166,44,36,#335C52
167,44,36,#335C53
168,44,36,#335C54
169,44,36,#335C54
170,44,36,#335C55
171,44,36,#335C56
172,44,36,#335C56
173,44,36,#335C57
174,44,36,#335C58
175,44,36,#335C58
176,44,36,#335C59
177,44,36,#335C5A
178,44,36,#335C5A
179,44,36,#335C5B
180,44,36,#335C5C
181,44,36,#335B5C
182,44,36,#335A5C
183,44,36,#335A5C
184,44,36,#33595C
185,44,36,#33585C
186,44,36,#33585C
187,44,36,#33575C
188,44,36,#33565C
189,44,36,#33565C
190,44,36,#33555C
191,44,36,#33545C
192,44,36,#33545C
193,44,36,#33535C
194,44,36,#33525C
195,44,36,#33525C
196,44,36,#33515C
197,44,36,#33505C
198,44,36,#33505C
199,44,36,#334F5C
200,44,36,#334E5C
201,44,36,#334E5C
202,44,36,#334D5C
203,44,36,#334C5C
204,44,36,#334C5C
205,44,36,#334B5C
206,44,36,#334A5C
207,44,36,#334A5C
208,44,36,#33495C
209,44,36,#33485C
210,44,36,#33485C
211,44,36,#33475C
212,44,36,#33465C
213,44,36,#33465C
214,44,36,#33455C
215,44,36,#33445C
216,44,36,#33445C
217,44,36,#33435C
218,44,36,#33425C
219,44,36,#33425C
220,44,36,#33415C
221,44,36,#33405C
222,44,36,#33405C
223,44,36,#333F5C
224,44,36,#333E5C
225,44,36,#333E5C
226,44,36,#333D5C
227,44,36,#333C5C
228,44,36,#333B5C
229,44,36,#333B5C
230,44,36,#333A5C
231,44,36,#33395C
232,44,36,#33395C
233,44,36,#33385C
234,44,36,#33375C
235,44,36,#33375C
236,44,36,#33365C
237,44,36,#33355C
238,44,36,#33355C
239,44,36,#33345C
240,44,36,#33335C
241,44,36,#34335C
242,44,36,#35335C
243,44,36,#35335C
244,44,36,#36335C
245,44,36,#37335C
246,44,36,#37335C
247,44,36,#38335C
248,44,36,#39335C
249,44,36,#39335C
250,44,36,#3A335C
251,44,36,#3B335C
252,44,36,#3B335C
253,44,36,#3C335C
254,44,36,#3D335C
255,44,36,#3E335C
256,44,36,#3E335C
257,44,36,#3F335C
258,44,36,#40335C
259,44,36,#40335C
260,44,36,#41335C
261,44,36,#42335C
262,44,36,#42335C
263,44,36,#43335C
264,44,36,#44335C
265,44,36,#44335C
266,44,36,#45335C
267,44,36,#46335C
268,44,36,#46335C
269,44,36,#47335C
270,44,36,#48335C
271,44,36,#48335C
272,44,36,#49335C
273,44,36,#4A335C
274,44,36,#4A335C
275,44,36,#4B335C
276,44,36,#4C335C
277,44,36,#4C335C
278,44,36,#4D335C
279,44,36,#4E335C
280,44,36,#4E335C
281,44,36,#4F335C
282,44,36,#50335C
283,44,36,#50335C
284,44,36,#51335C
285,44,36,#52335C
286,44,36,#52335C
287,44,36,#53335C
288,44,36,#54335C
289,44,36,#54335C
290,44,36,#55335C
291,44,36,#56335C
292,44,36,#56335C
293,44,36,#57335C
294,44,36,#58335C
295,44,36,#58335C
296,44,36,#59335C
297,44,36,#5A335C
298,44,36,#5A335C
299,44,36,#5B335C
300,44,36,#5C335C
301,44,36,#5C335B
302,44,36,#5C335A
303,44,36,#5C335A
304,44,36,#5C3359
305,44,36,#5C3358
306,44,36,#5C3358
307,44,36,#5C3357
308,44,36,#5C3356
309,44,36,#5C3356
310,44,36,#5C3355
311,44,36,#5C3354
312,44,36,#5C3354
313,44,36,#5C3353
314,44,36,#5C3352
315,44,36,#5C3352
316,44,36,#5C3351
317,44,36,#5C3350
318,44,36,#5C3350
319,44,36,#5C334F
320,44,36,#5C334E
321,44,36,#5C334E
322,44,36,#5C334D
323,44,36,#5C334C
324,44,36,#5C334C
325,44,36,#5C334B
326,44,36,#5C334A
327,44,36,#5C334A
328,44,36,#5C3349
329,44,36,#5C3348
330,44,36,#5C3348
331,44,36,#5C3347
332,44,36,#5C3346
333,44,36,#5C3346
334,44,36,#5C3345
335,44,36,#5C3344
336,44,36,#5C3344
337,44,36,#5C3343
338,44,36,#5C3342
339,44,36,#5C3342
340,44,36,#5C3341
341,44,36,#5C3340
342,44,36,#5C3340
343,44,36,#5C333F
344,44,36,#5C333E
345,44,36,#5C333E
346,44,36,#5C333D
347,44,36,#5C333C
348,44,36,#5C333B
349,44,36,#5C333B
350,44,36,#5C333A
351,44,36,#5C3339
352,44,36,#5C3339
353,44,36,#5C3338
354,44,36,#5C3337
355,44,36,#5C3337
356,44,36,#5C3336
357,44,36,#5C3335
358,44,36,#5C3335
359,44,36,#5C3334
0,43,36,#5C3434
1,43,36,#5C3534
2,43,36,#5C3634
3,43,36,#5C3634
4,43,36,#5C3734
5,43,36,#5C3834
6,43,36,#5C3834
7,43,36,#5C3934
8,43,36,#5C3A34
9,43,36,#5C3A34
10,43,36,#5C3B34
11,43,36,#5C3C34
12,43,36,#5C3C34
13,43,36,#5C3D34
14,43,36,#5C3E34
15,43,36,#5C3E34
16,43,36,#5C3F34
17,43,36,#5C4034
18,43,36,#5C4034
19,43,36,#5C4134
20,43,36,#5C4134
21,43,36,#5C4234
22,43,36,#5C4334
23,43,36,#5C4334
24,43,36,#5C4434
25,43,36,#5C4534
26,43,36,#5C4534
27,43,36,#5C4634
28,43,36,#5C4734
29,43,36,#5C4734
30,43,36,#5C4834
31,43,36,#5C4934
32,43,36,#5C4934
33,43,36,#5C4A34
34,43,36,#5C4B34
35,43,36,#5C4B34
36,43,36,#5C4C34
37,43,36,#5C4D34
38,43,36,#5C4D34
39,43,36,#5C4E34
40,43,36,#5C4F34
41,43,36,#5C4F34
42,43,36,#5C5034
43,43,36,#5C5134
44,43,36,#5C5134
45,43,36,#5C5234
46,43,36,#5C5334
47,43,36,#5C5334
48,43,36,#5C5434
49,43,36,#5C5534
50,43,36,#5C5534
51,43,36,#5C5634
52,43,36,#5C5734
53,43,36,#5C5734
54,43,36,#5C5834
55,43,36,#5C5934
56,43,36,#5C5934
57,43,36,#5C5A34
58,43,36,#5C5A34
59,43,36,#5C5B34
60,43,36,#5C5C34
61,43,36,#5B5C34
62,43,36,#5A5C34
63,43,36,#5A5C34
64,43,36,#595C34
65,43,36,#595C34
66,43,36,#585C34
67,43,36,#575C34
68,43,36,#575C34
69,43,36,#565C34
70,43,36,#555C34
71,43,36,#555C34
72,43,36,#545C34
73,43,36,#535C34
74,43,36,#535C34
75,43,36,#525C34
76,43,36,#515C34
77,43,36,#515C34
78,43,36,#505C34
79,43,36,#4F5C34
80,43,36,#4F5C34
81,43,36,#4E5C34
82,43,36,#4D5C34
83,43,36,#4D5C34
84,43,36,#4C5C34
85,43,36,#4B5C34
86,43,36,#4B5C34
87,43,36,#4A5C34
88,43,36,#495C34
89,43,36,#495C34
90,43,36,#485C34
91,43,36,#475C34
92,43,36,#475C34
93,43,36,#465C34
94,43,36,#455C34
95,43,36,#455C34
96,43,36,#445C34
97,43,36,#435C34
98,43,36,#435C34
99,43,36,#425C34
100,43,36,#415C34
101,43,36,#415C34
102,43,36,#405C34
103,43,36,#405C34
104,43,36,#3F5C34
105,43,36,#3E5C34
106,43,36,#3E5C34
107,43,36,#3D5C34
108,43,36,#3C5C34
109,43,36,#3C5C34
110,43,36,#3B5C34
111,43,36,#3A5C34
112,43,36,#3A5C34
113,43,36,#395C34
114,43,36,#385C34
115,43,36,#385C34
116,43,36,#375C34
117,43,36,#365C34
118,43,36,#365C34
119,43,36,#355C34
120,43,36,#345C34
121,43,36,#345C35
122,43,36,#345C36
123,43,36,#345C36
124,43,36,#345C37
125,43,36,#345C38
126,43,36,#345C38
127,43,36,#345C39
128,43,36,#345C3A
129,43,36,#345C3A
130,43,36,#345C3B
131,43,36,#345C3C
132,43,36,#345C3C
133,43,36,#345C3D
134,43,36,#345C3E
135,43,36,#345C3E
136,43,36,#345C3F
137,43,36,#345C40
138,43,36,#345C40
139,43,36,#345C41
140,43,36,#345C41
141,43,36,#345C42
142,43,36,#345C43
143,43,36,#345C43
144,43,36,#345C44
145,43,36,#345C45
146,43,36,#345C45
147,43,36,#345C46
148,43,36,#345C47
149,43,36,#345C47
150,43,36,#345C48
151,43,36,#345C49
152,43,36,#345C49
153,43,36,#345C4A
154,43,36,#345C4B
155,43,36,#345C4B
156,43,36,#345C4C
157,43,36,#345C4D
158,43,36,#345C4D
159,43,36,#345C4E
160,43,36,#345C4F
161,43,36,#345C4F
162,43,36,#345C50
163,43,36,#345C51
164,43,36,#345C51
165,43,36,#345C52
166,43,36,#345C53
167,43,36,#345C53
168,43,36,#345C54
169,43,36,#345C55
170,43,36,#345C55
171,43,36,#345C56
172,43,36,#345C57
173,43,36,#345C57
174,43,36,#345C58
175,43,36,#345C59
176,43,36,#345C59
177,43,36,#345C5A
178,43,36,#345C5A
179,43,36,#345C5B
180,43,36,#345C5C
181,43,36,#345B5C
182,43,36,#345A5C
183,43,36,#345A5C
184,43,36,#34595C
185,43,36,#34595C
186,43,36,#34585C
187,43,36,#34575C
188,43,36,#34575C
189,43,36,#34565C
190,43,36,#34555C
191,43,36,#34555C
192,43,36,#34545C
193,43,36,#34535C
194,43,36,#34535C
195,43,36,#34525C
196,43,36,#34515C
197,43,36,#34515C
198,43,36,#34505C
199,43,36,#344F5C
200,43,36,#344F5C
201,43,36,#344E5C
202,43,36,#344D5C
203,43,36,#344D5C
204,43,36,#344C5C
205,43,36,#344B5C
206,43,36,#344B5C
207,43,36,#344A5C
208,43,36,#34495C
209,43,36,#34495C
210,43,36,#34485C
211,43,36,#34475C
212,43,36,#34475C
213,43,36,#34465C
214,43,36,#34455C
215,43,36,#34455C
216,43,36,#34445C
217,43,36,#34435C
218,43,36,#34435C
219,43,36,#34425C
220,43,36,#34415C
221,43,36,#34415C
222,43,36,#34405C
223,43,36,#34405C
224,43,36,#343F5C
225,43,36,#343E5C
226,43,36,#343E5C
227,43,36,#343D5C
228,43,36,#343C5C
229,43,36,#343C5C
230,43,36,#343B5C
231,43,36,#343A5C
232,43,36,#343A5C
233,43,36,#34395C
234,43,36,#34385C
235,43,36,#34385C
236,43,36,#34375C
237,43,36,#34365C
238,43,36,#34365C
239,43,36,#34355C
240,43,36,#34345C
241,43,36,#35345C
242,43,36,#36345C
243,43,36,#36345C
244,43,36,#37345C
245,43,36,#38345C
246,43,36,#38345C
247,43,36,#39345C
248,43,36,#3A345C
249,43,36,#3A345C
250,43,36,#3B345C
251,43,36,#3C345C
252,43,36,#3C345C
253,43,36,#3D345C
254,43,36,#3E345C
255,43,36,#3E345C
256,43,36,#3F345C
257,43,36,#40345C
258,43,36,#40345C
259,43,36,#41345C
260,43,36,#41345C
261,43,36,#42345C
262,43,36,#43345C
263,43,36,#43345C
264,43,36,#44345C
265,43,36,#45345C
266,43,36,#45345C
267,43,36,#46345C
268,43,36,#47345C
269,43,36,#47345C
270,43,36,#48345C
271,43,36,#49345C
272,43,36,#49345C
273,43,36,#4A345C
274,43,36,#4B345C
275,43,36,#4B345C
276,43,36,#4C345C
277,43,36,#4D345C
278,43,36,#4D345C
279,43,36,#4E345C
280,43,36,#4F345C
281,43,36,#4F345C
282,43,36,#50345C
283,43,36,#51345C
284,43,36,#51345C
285,43,36,#52345C
286,43,36,#53345C
287,43,36,#53345C
288,43,36,#54345C
289,43,36,#55345C
290,43,36,#55345C
291,43,36,#56345C
292,43,36,#57345C
293,43,36,#57345C
294,43,36,#58345C
295,43,36,#59345C
296,43,36,#59345C
297,43,36,#5A345C
298,43,36,#5A345C
299,43,36,#5B345C
300,43,36,#5C345C
301,43,36,#5C345B
302,43,36,#5C345A
303,43,36,#5C345A
304,43,36,#5C3459
305,43,36,#5C3459
306,43,36,#5C3458
307,43,36,#5C3457
308,43,36,#5C3457
309,43,36,#5C3456
310,43,36,#5C3455
311,43,36,#5C3455
312,43,36,#5C3454
313,43,36,#5C3453
314,43,36,#5C3453
315,43,36,#5C3452
316,43,36,#5C3451
317,43,36,#5C3451
318,43,36,#5C3450
319,43,36,#5C344F
320,43,36,#5C344F
321,43,36,#5C344E
322,43,36,#5C344D
323,43,36,#5C344D
324,43,36,#5C344C
325,43,36,#5C344B
326,43,36,#5C344B
327,43,36,#5C344A
328,43,36,#5C3449
329,43,36,#5C3449
330,43,36,#5C3448
331,43,36,#5C3447
332,43,36,#5C3447
333,43,36,#5C3446
334,43,36,#5C3445
335,43,36,#5C3445
336,43,36,#5C3444
337,43,36,#5C3443
338,43,36,#5C3443
339,43,36,#5C3442
340,43,36,#5C3441
341,43,36,#5C3441
342,43,36,#5C3440
343,43,36,#5C3440
344,43,36,#5C343F
345,43,36,#5C343E
346,43,36,#5C343E
347,43,36,#5C343D
348,43,36,#5C343C
349,43,36,#5C343C
350,43,36,#5C343B
351,43,36,#5C343A
352,43,36,#5C343A
353,43,36,#5C3439
354,43,36,#5C3438
355,43,36,#5C3438
356,43,36,#5C3437
357,43,36,#5C3436
358,43,36,#5C3436
359,43,36,#5C3435
0,42,36,#5C3535
1,42,36,#5C3635
2,42,36,#5C3735
3,42,36,#5C3735
4,42,36,#5C3835
5,42,36,#5C3835
6,42,36,#5C3935
7,42,36,#5C3A35
8,42,36,#5C3A35
9,42,36,#5C3B35
10,42,36,#5C3C35
11,42,36,#5C3C35
12,42,36,#5C3D35
13,42,36,#5C3E35
14,42,36,#5C3E35
15,42,36,#5C3F35
16,42,36,#5C4035
17,42,36,#5C4035
18,42,36,#5C4135
19,42,36,#5C4135
20,42,36,#5C4235
21,42,36,#5C4335
22,42,36,#5C4335
23,42,36,#5C4435
24,42,36,#5C4535
25,42,36,#5C4535
26,42,36,#5C4635
27,42,36,#5C4735
28,42,36,#5C4735
29,42,36,#5C4835
30,42,36,#5C4935
31,42,36,#5C4935
32,42,36,#5C4A35
33,42,36,#5C4A35
34,42,36,#5C4B35
35,42,36,#5C4C35
36,42,36,#5C4C35
37,42,36,#5C4D35
38,42,36,#5C4E35
39,42,36,#5C4E35
40,42,36,#5C4F35
41,42,36,#5C5035
42,42,36,#5C5035
43,42,36,#5C5135
44,42,36,#5C5235
45,42,36,#5C5235
46,42,36,#5C5335
47,42,36,#5C5335
48,42,36,#5C5435
49,42,36,#5C5535
50,42,36,#5C5535
51,42,36,#5C5635
52,42,36,#5C5735
53,42,36,#5C5735
54,42,36,#5C5835
55,42,36,#5C5935
56,42,36,#5C5935
57,42,36,#5C5A35
58,42,36,#5C5B35
59,42,36,#5C5B35
60,42,36,#5C5C35
61,42,36,#5B5C35
62,42,36,#5B5C35
63,42,36,#5A5C35
64,42,36,#595C35
65,42,36,#595C35
66,42,36,#585C35
67,42,36,#575C35
68,42,36,#575C35
69,42,36,#565C35
70,42,36,#555C35
71,42,36,#555C35
72,42,36,#545C35
73,42,36,#535C35
74,42,36,#535C35
75,42,36,#525C35
76,42,36,#525C35
77,42,36,#515C35
78,42,36,#505C35
79,42,36,#505C35
80,42,36,#4F5C35
81,42,36,#4E5C35
82,42,36,#4E5C35
83,42,36,#4D5C35
84,42,36,#4C5C35
85,42,36,#4C5C35
86,42,36,#4B5C35
87,42,36,#4A5C35
88,42,36,#4A5C35
89,42,36,#495C35
90,42,36,#495C35
91,42,36,#485C35
92,42,36,#475C35
93,42,36,#475C35
94,42,36,#465C35
95,42,36,#455C35
96,42,36,#455C35
97,42,36,#445C35
98,42,36,#435C35
99,42,36,#435C35
100,42,36,#425C35
101,42,36,#415C35
102,42,36,#415C35
103,42,36,#405C35
104,42,36,#405C35
105,42,36,#3F5C35
106,42,36,#3E5C35
107,42,36,#3E5C35
108,42,36,#3D5C35
109,42,36,#3C5C35
110,42,36,#3C5C35
111,42,36,#3B5C35
112,42,36,#3A5C35
113,42,36,#3A5C35
114,42,36,#395C35
115,42,36,#385C35
116,42,36,#385C35
117,42,36,#375C35
118,42,36,#375C35
119,42,36,#365C35
120,42,36,#355C35
121,42,36,#355C36
122,42,36,#355C37
123,42,36,#355C37
124,42,36,#355C38
125,42,36,#355C38
126,42,36,#355C39
127,42,36,#355C3A
128,42,36,#355C3A
129,42,36,#355C3B
130,42,36,#355C3C
131,42,36,#355C3C
132,42,36,#355C3D
133,42,36,#355C3E
134,42,36,#355C3E
135,42,36,#355C3F
136,42,36,#355C40
137,42,36,#355C40
138,42,36,#355C41
139,42,36,#355C41
140,42,36,#355C42
141,42,36,#355C43
142,42,36,#355C43
143,42,36,#355C44
144,42,36,#355C45
145,42,36,#355C45
146,42,36,#355C46
147,42,36,#355C47
148,42,36,#355C47
149,42,36,#355C48
150,42,36,#355C49
151,42,36,#355C49
152,42,36,#355C4A
153,42,36,#355C4A
154,42,36,#355C4B
155,42,36,#355C4C
156,42,36,#355C4C
157,42,36,#355C4D
158,42,36,#355C4E
159,42,36,#355C4E
160,42,36,#355C4F
161,42,36,#355C50
162,42,36,#355C50
163,42,36,#355C51
164,42,36,#355C52
165,42,36,#355C52
166,42,36,#355C53
167,42,36,#355C53
168,42,36,#355C54
169,42,36,#355C55
170,42,36,#355C55
171,42,36,#355C56
172,42,36,#355C57
173,42,36,#355C57
174,42,36,#355C58
175,42,36,#355C59
176,42,36,#355C59
177,42,36,#355C5A
178,42,36,#355C5B
179,42,36,#355C5B
180,42,36,#355C5C
181,42,36,#355B5C
182,42,36,#355B5C
183,42,36,#355A5C
184,42,36,#35595C
185,42,36,#35595C
186,42,36,#35585C
187,42,36,#35575C
188,42,36,#35575C
189,42,36,#35565C
190,42,36,#35555C
191,42,36,#35555C
192,42,36,#35545C
193,42,36,#35535C
194,42,36,#35535C
195,42,36,#35525C
196,42,36,#35525C
197,42,36,#35515C
198,42,36,#35505C
199,42,36,#35505C
200,42,36,#354F5C
201,42,36,#354E5C
202,42,36,#354E5C
203,42,36,#354D5C
204,42,36,#354C5C
205,42,36,#354C5C
206,42,36,#354B5C
207,42,36,#354A5C
208,42,36,#354A5C
209,42,36,#35495C
210,42,36,#35495C
211,42,36,#35485C
212,42,36,#35475C
213,42,36,#35475C
214,42,36,#35465C
215,42,36,#35455C
216,42,36,#35455C
217,42,36,#35445C
218,42,36,#35435C
219,42,36,#35435C
220,42,36,#35425C
221,42,36,#35415C
222,42,36,#35415C
223,42,36,#35405C
224,42,36,#35405C
225,42,36,#353F5C
226,42,36,#353E5C
227,42,36,#353E5C
228,42,36,#353D5C
229,42,36,#353C5C
230,42,36,#353C5C
231,42,36,#353B5C
232,42,36,#353A5C
233,42,36,#353A5C
234,42,36,#35395C
235,42,36,#35385C
236,42,36,#35385C
237,42,36,#35375C
238,42,36,#35375C
239,42,36,#35365C
240,42,36,#35355C
241,42,36,#36355C
242,42,36,#37355C
243,42,36,#37355C
244,42,36,#38355C
245,42,36,#38355C
246,42,36,#39355C
247,42,36,#3A355C
248,42,36,#3A355C
249,42,36,#3B355C
250,42,36,#3C355C
251,42,36,#3C355C
252,42,36,#3D355C
253,42,36,#3E355C
254,42,36,#3E355C
255,42,36,#3F355C
256,42,36,#40355C
257,42,36,#40355C
258,42,36,#41355C
259,42,36,#41355C
260,42,36,#42355C
261,42,36,#43355C
262,42,36,#43355C
263,42,36,#44355C
264,42,36,#45355C
265,42,36,#45355C
266,42,36,#46355C
267,42,36,#47355C
268,42,36,#47355C
269,42,36,#48355C
270,42,36,#49355C
271,42,36,#49355C
272,42,36,#4A355C
273,42,36,#4A355C
274,42,36,#4B355C
275,42,36,#4C355C
276,42,36,#4C355C
277,42,36,#4D355C
278,42,36,#4E355C
279,42,36,#4E355C
280,42,36,#4F355C
281,42,36,#50355C
282,42,36,#50355C
283,42,36,#51355C
284,42,36,#52355C
285,42,36,#52355C
286,42,36,#53355C
287,42,36,#53355C
288,42,36,#54355C
289,42,36,#55355C
290,42,36,#55355C
291,42,36,#56355C
292,42,36,#57355C
293,42,36,#57355C
294,42,36,#58355C
295,42,36,#59355C
296,42,36,#59355C
297,42,36,#5A355C
298,42,36,#5B355C
299,42,36,#5B355C
300,42,36,#5C355C
301,42,36,#5C355B
302,42,36,#5C355B
303,42,36,#5C355A
304,42,36,#5C3559
305,42,36,#5C3559
306,42,36,#5C3558
307,42,36,#5C3557
308,42,36,#5C3557
309,42,36,#5C3556
310,42,36,#5C3555
311,42,36,#5C3555
312,42,36,#5C3554
313,42,36,#5C3553
314,42,36,#5C3553
315,42,36,#5C3552
316,42,36,#5C3552
317,42,36,#5C3551
318,42,36,#5C3550
319,42,36,#5C3550
320,42,36,#5C354F
321,42,36,#5C354E
322,42,36,#5C354E
323,42,36,#5C354D
324,42,36,#5C354C
325,42,36,#5C354C
326,42,36,#5C354B
327,42,36,#5C354A
328,42,36,#5C354A
329,42,36,#5C3549
330,42,36,#5C3549
331,42,36,#5C3548
332,42,36,#5C3547
333,42,36,#5C3547
334,42,36,#5C3546
335,42,36,#5C3545
336,42,36,#5C3545
337,42,36,#5C3544
338,42,36,#5C3543
339,42,36,#5C3543
340,42,36,#5C3542
341,42,36,#5C3541
342,42,36,#5C3541
343,42,36,#5C3540
344,42,36,#5C3540
345,42,36,#5C353F
346,42,36,#5C353E
347,42,36,#5C353E
348,42,36,#5C353D
349,42,36,#5C353C
350,42,36,#5C353C
351,42,36,#5C353B
352,42,36,#5C353A
353,42,36,#5C353A
354,42,36,#5C3539
355,42,36,#5C3538
356,42,36,#5C3538
357,42,36,#5C3537
358,42,36,#5C3537
359,42,36,#5C3536
0,41,36,#5C3636
1,41,36,#5C3736
2,41,36,#5C3736
3,41,36,#5C3836
4,41,36,#5C3936
5,41,36,#5C3936
6,41,36,#5C3A36
7,41,36,#5C3B36
8,41,36,#5C3B36
9,41,36,#5C3C36
10,41,36,#5C3C36
11,41,36,#5C3D36
12,41,36,#5C3E36
13,41,36,#5C3E36
14,41,36,#5C3F36
15,41,36,#5C4036
16,41,36,#5C4036
17,41,36,#5C4136
18,41,36,#5C4136
19,41,36,#5C4236
20,41,36,#5C4336
21,41,36,#5C4336
22,41,36,#5C4436
23,41,36,#5C4536
24,41,36,#5C4536
25,41,36,#5C4636
26,41,36,#5C4636
27,41,36,#5C4736
28,41,36,#5C4836
29,41,36,#5C4836
30,41,36,#5C4936
31,41,36,#5C4A36
32,41,36,#5C4A36
33,41,36,#5C4B36
34,41,36,#5C4B36
35,41,36,#5C4C36
36,41,36,#5C4D36
37,41,36,#5C4D36
38,41,36,#5C4E36
39,41,36,#5C4F36
40,41,36,#5C4F36
41,41,36,#5C5036
42,41,36,#5C5136
43,41,36,#5C5136
44,41,36,#5C5236
45,41,36,#5C5236
46,41,36,#5C5336
47,41,36,#5C5436
48,41,36,#5C5436
49,41,36,#5C5536
50,41,36,#5C5636
51,41,36,#5C5636
52,41,36,#5C5736
53,41,36,#5C5736
54,41,36,#5C5836
55,41,36,#5C5936
56,41,36,#5C5936
57,41,36,#5C5A36
58,41,36,#5C5B36
59,41,36,#5C5B36
60,41,36,#5C5C36
61,41,36,#5B5C36
62,41,36,#5B5C36
63,41,36,#5A5C36
64,41,36,#595C36
65,41,36,#595C36
66,41,36,#585C36
67,41,36,#575C36
68,41,36,#575C36
69,41,36,#565C36
70,41,36,#565C36
71,41,36,#555C36
72,41,36,#545C36
73,41,36,#545C36
74,41,36,#535C36
75,41,36,#525C36
76,41,36,#525C36
77,41,36,#515C36
78,41,36,#515C36
79,41,36,#505C36
80,41,36,#4F5C36
81,41,36,#4F5C36
82,41,36,#4E5C36
83,41,36,#4D5C36
84,41,36,#4D5C36
85,41,36,#4C5C36
86,41,36,#4B5C36
87,41,36,#4B5C36
88,41,36,#4A5C36
89,41,36,#4A5C36
90,41,36,#495C36
91,41,36,#485C36
92,41,36,#485C36
93,41,36,#475C36
94,41,36,#465C36
95,41,36,#465C36
96,41,36,#455C36
97,41,36,#455C36
98,41,36,#445C36
99,41,36,#435C36
100,41,36,#435C36
101,41,36,#425C36
102,41,36,#415C36
103,41,36,#415C36
104,41,36,#405C36
105,41,36,#405C36
106,41,36,#3F5C36
107,41,36,#3E5C36
108,41,36,#3E5C36
109,41,36,#3D5C36
110,41,36,#3C5C36
111,41,36,#3C5C36
112,41,36,#3B5C36
113,41,36,#3B5C36
114,41,36,#3A5C36
115,41,36,#395C36
116,41,36,#395C36
117,41,36,#385C36
118,41,36,#375C36
119,41,36,#375C36
120,41,36,#365C36
121,41,36,#365C37
122,41,36,#365C37
123,41,36,#365C38
124,41,36,#365C39
125,41,36,#365C39
126,41,36,#365C3A
127,41,36,#365C3B
128,41,36,#365C3B
129,41,36,#365C3C
130,41,36,#365C3C
131,41,36,#365C3D
132,41,36,#365C3E
133,41,36,#365C3E
134,41,36,#365C3F
135,41,36,#365C40
136,41,36,#365C40
137,41,36,#365C41
138,41,36,#365C41
139,41,36,#365C42
140,41,36,#365C43
141,41,36,#365C43
142,41,36,#365C44
143,41,36,#365C45
144,41,36,#365C45
145,41,36,#365C46
146,41,36,#365C46
147,41,36,#365C47
148,41,36,#365C48
149,41,36,#365C48
150,41,36,#365C49
151,41,36,#365C4A
152,41,36,#365C4A
153,41,36,#365C4B
154,41,36,#365C4B
155,41,36,#365C4C
156,41,36,#365C4D
157,41,36,#365C4D
158,41,36,#365C4E
159,41,36,#365C4F
160,41,36,#365C4F
161,41,36,#365C50
162,41,36,#365C51
163,41,36,#365C51
164,41,36,#365C52
165,41,36,#365C52
166,41,36,#365C53
167,41,36,#365C54
168,41,36,#365C54
169,41,36,#365C55
170,41,36,#365C56
171,41,36,#365C56
172,41,36,#365C57
173,41,36,#365C57
174,41,36,#365C58
175,41,36,#365C59
176,41,36,#365C59
177,41,36,#365C5A
178,41,36,#365C5B
179,41,36,#365C5B
180,41,36,#365C5C
181,41,36,#365B5C
182,41,36,#365B5C
183,41,36,#365A5C
184,41,36,#36595C
185,41,36,#36595C
186,41,36,#36585C
187,41,36,#36575C
188,41,36,#36575C
189,41,36,#36565C
190,41,36,#36565C
191,41,36,#36555C
192,41,36,#36545C
193,41,36,#36545C
194,41,36,#36535C
195,41,36,#36525C
196,41,36,#36525C
197,41,36,#36515C
198,41,36,#36515C
199,41,36,#36505C
200,41,36,#364F5C
201,41,36,#364F5C
202,41,36,#364E5C
203,41,36,#364D5C
204,41,36,#364D5C
205,41,36,#364C5C
206,41,36,#364B5C
207,41,36,#364B5C
208,41,36,#364A5C
209,41,36,#364A5C
210,41,36,#36495C
211,41,36,#36485C
212,41,36,#36485C
213,41,36,#36475C
214,41,36,#36465C
215,41,36,#36465C
216,41,36,#36455C
217,41,36,#36455C
218,41,36,#36445C
219,41,36,#36435C
220,41,36,#36435C
221,41,36,#36425C
222,41,36,#36415C
223,41,36,#36415C
224,41,36,#36405C
225,41,36,#36405C
226,41,36,#363F5C
227,41,36,#363E5C
228,41,36,#363E5C
229,41,36,#363D5C
230,41,36,#363C5C
231,41,36,#363C5C
232,41,36,#363B5C
233,41,36,#363B5C
234,41,36,#363A5C
235,41,36,#36395C
236,41,36,#36395C
237,41,36,#36385C
238,41,36,#36375C
239,41,36,#36375C
240,41,36,#36365C
241,41,36,#37365C
242,41,36,#37365C
243,41,36,#38365C
244,41,36,#39365C
245,41,36,#39365C
246,41,36,#3A365C
247,41,36,#3B365C
248,41,36,#3B365C
249,41,36,#3C365C
250,41,36,#3C365C
251,41,36,#3D365C
252,41,36,#3E365C
253,41,36,#3E365C
254,41,36,#3F365C
255,41,36,#40365C
256,41,36,#40365C
257,41,36,#41365C
258,41,36,#41365C
259,41,36,#42365C
260,41,36,#43365C
261,41,36,#43365C
262,41,36,#44365C
263,41,36,#45365C
264,41,36,#45365C
265,41,36,#46365C
266,41,36,#46365C
267,41,36,#47365C
268,41,36,#48365C
269,41,36,#48365C
270,41,36,#49365C
271,41,36,#4A365C
272,41,36,#4A365C
273,41,36,#4B365C
274,41,36,#4B365C
275,41,36,#4C365C
276,41,36,#4D365C
277,41,36,#4D365C
278,41,36,#4E365C
279,41,36,#4F365C
280,41,36,#4F365C
281,41,36,#50365C
282,41,36,#51365C
283,41,36,#51365C
284,41,36,#52365C
285,41,36,#52365C
286,41,36,#53365C
287,41,36,#54365C
288,41,36,#54365C
289,41,36,#55365C
290,41,36,#56365C
291,41,36,#56365C
292,41,36,#57365C
293,41,36,#57365C
294,41,36,#58365C
295,41,36,#59365C
296,41,36,#59365C
297,41,36,#5A365C
298,41,36,#5B365C
299,41,36,#5B365C
300,41,36,#5C365C
301,41,36,#5C365B
302,41,36,#5C365B
303,41,36,#5C365A
304,41,36,#5C3659
305,41,36,#5C3659
306,41,36,#5C3658
307,41,36,#5C3657
308,41,36,#5C3657
309,41,36,#5C3656
310,41,36,#5C3656
311,41,36,#5C3655
312,41,36,#5C3654
313,41,36,#5C3654
314,41,36,#5C3653
315,41,36,#5C3652
316,41,36,#5C3652
317,41,36,#5C3651
318,41,36,#5C3651
319,41,36,#5C3650
320,41,36,#5C364F
321,41,36,#5C364F
322,41,36,#5C364E
323,41,36,#5C364D
324,41,36,#5C364D
325,41,36,#5C364C
326,41,36,#5C364B
327,41,36,#5C364B
328,41,36,#5C364A
329,41,36,#5C364A
330,41,36,#5C3649
331,41,36,#5C3648
332,41,36,#5C3648
333,41,36,#5C3647
334,41,36,#5C3646
335,41,36,#5C3646
336,41,36,#5C3645
337,41,36,#5C3645
338,41,36,#5C3644
339,41,36,#5C3643
340,41,36,#5C3643
341,41,36,#5C3642
342,41,36,#5C3641
343,41,36,#5C3641
344,41,36,#5C3640
345,41,36,#5C3640
346,41,36,#5C363F
347,41,36,#5C363E
348,41,36,#5C363E
349,41,36,#5C363D
350,41,36,#5C363C
351,41,36,#5C363C
352,41,36,#5C363B
353,41,36,#5C363B
354,41,36,#5C363A
355,41,36,#5C3639
356,41,36,#5C3639
357,41,36,#5C3638
358,41,36,#5C3637
359,41,36,#5C3637
0,40,36,#5C3737
1,40,36,#5C3837
2,40,36,#5C3837
3,40,36,#5C3937
4,40,36,#5C3A37
5,40,36,#5C3A37
6,40,36,#5C3B37
7,40,36,#5C3B37
8,40,36,#5C3C37
9,40,36,#5C3D37
10,40,36,#5C3D37
11,40,36,#5C3E37
12,40,36,#5C3E37
13,40,36,#5C3F37
14,40,36,#5C4037
15,40,36,#5C4037
16,40,36,#5C4137
17,40,36,#5C4137
18,40,36,#5C4237
19,40,36,#5C4337
20,40,36,#5C4337
21,40,36,#5C4437
22,40,36,#5C4537
23,40,36,#5C4537
24,40,36,#5C4637
25,40,36,#5C4637
26,40,36,#5C4737
27,40,36,#5C4837
28,40,36,#5C4837
29,40,36,#5C4937
30,40,36,#5C4937
31,40,36,#5C4A37
32,40,36,#5C4B37
33,40,36,#5C4B37
34,40,36,#5C4C37
35,40,36,#5C4D37
36,40,36,#5C4D37
37,40,36,#5C4E37
38,40,36,#5C4E37
39,40,36,#5C4F37
40,40,36,#5C5037
41,40,36,#5C5037
42,40,36,#5C5137
43,40,36,#5C5137
44,40,36,#5C5237
45,40,36,#5C5337
46,40,36,#5C5337
47,40,36,#5C5437
48,40,36,#5C5437
49,40,36,#5C5537
50,40,36,#5C5637
51,40,36,#5C5637
52,40,36,#5C5737
53,40,36,#5C5837
54,40,36,#5C5837
55,40,36,#5C5937
56,40,36,#5C5937
57,40,36,#5C5A37
58,40,36,#5C5B37
59,40,36,#5C5B37
60,40,36,#5C5C37
61,40,36,#5B5C37
62,40,36,#5B5C37
63,40,36,#5A5C37
64,40,36,#595C37
65,40,36,#595C37
66,40,36,#585C37
67,40,36,#585C37
68,40,36,#575C37
69,40,36,#565C37
70,40,36,#565C37
71,40,36,#555C37
72,40,36,#545C37
73,40,36,#545C37
74,40,36,#535C37
75,40,36,#535C37
76,40,36,#525C37
77,40,36,#515C37
78,40,36,#515C37
79,40,36,#505C37
80,40,36,#505C37
81,40,36,#4F5C37
82,40,36,#4E5C37
83,40,36,#4E5C37
84,40,36,#4D5C37
85,40,36,#4D5C37
86,40,36,#4C5C37
87,40,36,#4B5C37
88,40,36,#4B5C37
89,40,36,#4A5C37
90,40,36,#495C37
91,40,36,#495C37
92,40,36,#485C37
93,40,36,#485C37
94,40,36,#475C37
95,40,36,#465C37
96,40,36,#465C37
97,40,36,#455C37
98,40,36,#455C37
99,40,36,#445C37
100,40,36,#435C37
101,40,36,#435C37
102,40,36,#425C37
103,40,36,#415C37
104,40,36,#415C37
105,40,36,#405C37
106,40,36,#405C37
107,40,36,#3F5C37
108,40,36,#3E5C37
109,40,36,#3E5C37
110,40,36,#3D5C37
111,40,36,#3D5C37
112,40,36,#3C5C37
113,40,36,#3B5C37
114,40,36,#3B5C37
115,40,36,#3A5C37
116,40,36,#3A5C37
117,40,36,#395C37
118,40,36,#385C37
119,40,36,#385C37
120,40,36,#375C37
121,40,36,#375C38
122,40,36,#375C38
123,40,36,#375C39
124,40,36,#375C3A
125,40,36,#375C3A
126,40,36,#375C3B
127,40,36,#375C3B
128,40,36,#375C3C
129,40,36,#375C3D
130,40,36,#375C3D
131,40,36,#375C3E
132,40,36,#375C3E
133,40,36,#375C3F
134,40,36,#375C40
135,40,36,#375C40
136,40,36,#375C41
137,40,36,#375C41
138,40,36,#375C42
139,40,36,#375C43
140,40,36,#375C43
141,40,36,#375C44
142,40,36,#375C45
143,40,36,#375C45
144,40,36,#375C46
145,40,36,#375C46
146,40,36,#375C47
147,40,36,#375C48
148,40,36,#375C48
149,40,36,#375C49
150,40,36,#375C49
151,40,36,#375C4A
152,40,36,#375C4B
153,40,36,#375C4B
154,40,36,#375C4C
155,40,36,#375C4D
156,40,36,#375C4D
157,40,36,#375C4E
158,40,36,#375C4E
159,40,36,#375C4F
160,40,36,#375C50
161,40,36,#375C50
162,40,36,#375C51
163,40,36,#375C51
164,40,36,#375C52
165,40,36,#375C53
166,40,36,#375C53
167,40,36,#375C54
168,40,36,#375C54
169,40,36,#375C55
170,40,36,#375C56
171,40,36,#375C56
172,40,36,#375C57
173,40,36,#375C58
174,40,36,#375C58
175,40,36,#375C59
176,40,36,#375C59
177,40,36,#375C5A
178,40,36,#375C5B
179,40,36,#375C5B
180,40,36,#375C5C
181,40,36,#375B5C
182,40,36,#375B5C
183,40,36,#375A5C
184,40,36,#37595C
185,40,36,#37595C
186,40,36,#37585C
187,40,36,#37585C
188,40,36,#37575C
189,40,36,#37565C
190,40,36,#37565C
191,40,36,#37555C
192,40,36,#37545C
193,40,36,#37545C
194,40,36,#37535C
195,40,36,#37535C
196,40,36,#37525C
197,40,36,#37515C
198,40,36,#37515C
199,40,36,#37505C
200,40,36,#37505C
201,40,36,#374F5C
202,40,36,#374E5C
203,40,36,#374E5C
204,40,36,#374D5C
205,40,36,#374D5C
206,40,36,#374C5C
207,40,36,#374B5C
208,40,36,#374B5C
209,40,36,#374A5C
210,40,36,#37495C
211,40,36,#37495C
212,40,36,#37485C
213,40,36,#37485C
214,40,36,#37475C
215,40,36,#37465C
216,40,36,#37465C
217,40,36,#37455C
218,40,36,#37455C
219,40,36,#37445C
220,40,36,#37435C
221,40,36,#37435C
222,40,36,#37425C
223,40,36,#37415C
224,40,36,#37415C
225,40,36,#37405C
226,40,36,#37405C
227,40,36,#373F5C
228,40,36,#373E5C
229,40,36,#373E5C
230,40,36,#373D5C
231,40,36,#373D5C
232,40,36,#373C5C
233,40,36,#373B5C
234,40,36,#373B5C
235,40,36,#373A5C
236,40,36,#373A5C
237,40,36,#37395C
238,40,36,#37385C
239,40,36,#37385C
240,40,36,#37375C
241,40,36,#38375C
242,40,36,#38375C
243,40,36,#39375C
244,40,36,#3A375C
245,40,36,#3A375C
246,40,36,#3B375C
247,40,36,#3B375C
248,40,36,#3C375C
249,40,36,#3D375C
250,40,36,#3D375C
251,40,36,#3E375C
252,40,36,#3E375C
253,40,36,#3F375C
254,40,36,#40375C
255,40,36,#40375C
256,40,36,#41375C
257,40,36,#41375C
258,40,36,#42375C
259,40,36,#43375C
260,40,36,#43375C
261,40,36,#44375C
262,40,36,#45375C
263,40,36,#45375C
264,40,36,#46375C
265,40,36,#46375C
266,40,36,#47375C
267,40,36,#48375C
268,40,36,#48375C
269,40,36,#49375C
270,40,36,#49375C
271,40,36,#4A375C
272,40,36,#4B375C
273,40,36,#4B375C
274,40,36,#4C375C
275,40,36,#4D375C
276,40,36,#4D375C
277,40,36,#4E375C
278,40,36,#4E375C
279,40,36,#4F375C
280,40,36,#50375C
281,40,36,#50375C
282,40,36,#51375C
283,40,36,#51375C
284,40,36,#52375C
285,40,36,#53375C
286,40,36,#53375C
287,40,36,#54375C
288,40,36,#54375C
289,40,36,#55375C
290,40,36,#56375C
291,40,36,#56375C
292,40,36,#57375C
293,40,36,#58375C
294,40,36,#58375C
295,40,36,#59375C
296,40,36,#59375C
297,40,36,#5A375C
298,40,36,#5B375C
299,40,36,#5B375C
300,40,36,#5C375C
301,40,36,#5C375B
302,40,36,#5C375B
303,40,36,#5C375A
304,40,36,#5C3759
305,40,36,#5C3759
306,40,36,#5C3758
307,40,36,#5C3758
308,40,36,#5C3757
309,40,36,#5C3756
310,40,36,#5C3756
311,40,36,#5C3755
312,40,36,#5C3754
313,40,36,#5C3754
314,40,36,#5C3753
315,40,36,#5C3753
316,40,36,#5C3752
317,40,36,#5C3751
318,40,36,#5C3751
319,40,36,#5C3750
320,40,36,#5C3750
321,40,36,#5C374F
322,40,36,#5C374E
323,40,36,#5C374E
324,40,36,#5C374D
325,40,36,#5C374D
326,40,36,#5C374C
327,40,36,#5C374B
328,40,36,#5C374B
329,40,36,#5C374A
330,40,36,#5C3749
331,40,36,#5C3749
332,40,36,#5C3748
333,40,36,#5C3748
334,40,36,#5C3747
335,40,36,#5C3746
336,40,36,#5C3746
337,40,36,#5C3745
338,40,36,#5C3745
339,40,36,#5C3744
340,40,36,#5C3743
341,40,36,#5C3743
342,40,36,#5C3742
343,40,36,#5C3741
344,40,36,#5C3741
345,40,36,#5C3740
346,40,36,#5C3740
347,40,36,#5C373F
348,40,36,#5C373E
349,40,36,#5C373E
350,40,36,#5C373D
351,40,36,#5C373D
352,40,36,#5C373C
353,40,36,#5C373B
354,40,36,#5C373B
355,40,36,#5C373A
356,40,36,#5C373A
357,40,36,#5C3739
358,40,36,#5C3738
359,40,36,#5C3738
0,39,36,#5C3838
1,39,36,#5C3938
2,39,36,#5C3938
3,39,36,#5C3A38
4,39,36,#5C3A38
5,39,36,#5C3B38
6,39,36,#5C3C38
7,39,36,#5C3C38
8,39,36,#5C3D38
9,39,36,#5C3D38
10,39,36,#5C3E38
11,39,36,#5C3F38
12,39,36,#5C3F38
13,39,36,#5C4038
14,39,36,#5C4038
15,39,36,#5C4138
16,39,36,#5C4238
17,39,36,#5C4238
18,39,36,#5C4338
19,39,36,#5C4338
20,39,36,#5C4438
21,39,36,#5C4538
22,39,36,#5C4538
23,39,36,#5C4638
24,39,36,#5C4638
25,39,36,#5C4738
26,39,36,#5C4838
27,39,36,#5C4838
28,39,36,#5C4938
29,39,36,#5C4938
30,39,36,#5C4A38
31,39,36,#5C4A38
32,39,36,#5C4B38
33,39,36,#5C4C38
34,39,36,#5C4C38
35,39,36,#5C4D38
36,39,36,#5C4D38
37,39,36,#5C4E38
38,39,36,#5C4F38
39,39,36,#5C4F38
40,39,36,#5C5038
41,39,36,#5C5038
42,39,36,#5C5138
43,39,36,#5C5238
44,39,36,#5C5238
45,39,36,#5C5338
46,39,36,#5C5338
47,39,36,#5C5438
48,39,36,#5C5538
49,39,36,#5C5538
50,39,36,#5C5638
51,39,36,#5C5638
52,39,36,#5C5738
53,39,36,#5C5838
54,39,36,#5C5838
55,39,36,#5C5938
56,39,36,#5C5938
57,39,36,#5C5A38
58,39,36,#5C5B38
59,39,36,#5C5B38
60,39,36,#5C5C38
61,39,36,#5B5C38
62,39,36,#5B5C38
63,39,36,#5A5C38
64,39,36,#595C38
65,39,36,#595C38
66,39,36,#585C38
67,39,36,#585C38
68,39,36,#575C38
69,39,36,#565C38
70,39,36,#565C38
71,39,36,#555C38
72,39,36,#555C38
73,39,36,#545C38
74,39,36,#535C38
75,39,36,#535C38
76,39,36,#525C38
77,39,36,#525C38
78,39,36,#515C38
79,39,36,#505C38
80,39,36,#505C38
81,39,36,#4F5C38
82,39,36,#4F5C38
83,39,36,#4E5C38
84,39,36,#4D5C38
85,39,36,#4D5C38
86,39,36,#4C5C38
87,39,36,#4C5C38
88,39,36,#4B5C38
89,39,36,#4A5C38
90,39,36,#4A5C38
91,39,36,#495C38
92,39,36,#495C38
93,39,36,#485C38
94,39,36,#485C38
95,39,36,#475C38
96,39,36,#465C38
97,39,36,#465C38
98,39,36,#455C38
99,39,36,#455C38
100,39,36,#445C38
101,39,36,#435C38
102,39,36,#435C38
103,39,36,#425C38
104,39,36,#425C38
105,39,36,#415C38
106,39,36,#405C38
107,39,36,#405C38
108,39,36,#3F5C38
109,39,36,#3F5C38
110,39,36,#3E5C38
111,39,36,#3D5C38
112,39,36,#3D5C38
113,39,36,#3C5C38
114,39,36,#3C5C38
115,39,36,#3B5C38
116,39,36,#3A5C38
117,39,36,#3A5C38
118,39,36,#395C38
119,39,36,#395C38
120,39,36,#385C38
121,39,36,#385C39
122,39,36,#385C39
123,39,36,#385C3A
124,39,36,#385C3A
125,39,36,#385C3B
126,39,36,#385C3C
127,39,36,#385C3C
128,39,36,#385C3D
129,39,36,#385C3D
130,39,36,#385C3E
131,39,36,#385C3F
132,39,36,#385C3F
133,39,36,#385C40
134,39,36,#385C40
135,39,36,#385C41
136,39,36,#385C42
137,39,36,#385C42
138,39,36,#385C43
139,39,36,#385C43
140,39,36,#385C44
141,39,36,#385C45
142,39,36,#385C45
143,39,36,#385C46
144,39,36,#385C46
145,39,36,#385C47
146,39,36,#385C48
147,39,36,#385C48
148,39,36,#385C49
149,39,36,#385C49
150,39,36,#385C4A
151,39,36,#385C4A
152,39,36,#385C4B
153,39,36,#385C4C
154,39,36,#385C4C
155,39,36,#385C4D
156,39,36,#385C4D
157,39,36,#385C4E
158,39,36,#385C4F
159,39,36,#385C4F
160,39,36,#385C50
161,39,36,#385C50
162,39,36,#385C51
163,39,36,#385C52
164,39,36,#385C52
165,39,36,#385C53
166,39,36,#385C53
167,39,36,#385C54
168,39,36,#385C55
169,39,36,#385C55
170,39,36,#385C56
171,39,36,#385C56
172,39,36,#385C57
173,39,36,#385C58
174,39,36,#385C58
175,39,36,#385C59
176,39,36,#385C59
177,39,36,#385C5A
178,39,36,#385C5B
179,39,36,#385C5B
180,39,36,#385C5C
181,39,36,#385B5C
182,39,36,#385B5C
183,39,36,#385A5C
184,39,36,#38595C
185,39,36,#38595C
186,39,36,#38585C
187,39,36,#38585C
188,39,36,#38575C
189,39,36,#38565C
190,39,36,#38565C
191,39,36,#38555C
192,39,36,#38555C
193,39,36,#38545C
194,39,36,#38535C
195,39,36,#38535C
196,39,36,#38525C
197,39,36,#38525C
198,39,36,#38515C
199,39,36,#38505C
200,39,36,#38505C
201,39,36,#384F5C
202,39,36,#384F5C
203,39,36,#384E5C
204,39,36,#384D5C
205,39,36,#384D5C
206,39,36,#384C5C
207,39,36,#384C5C
208,39,36,#384B5C
209,39,36,#384A5C
210,39,36,#384A5C
211,39,36,#38495C
212,39,36,#38495C
213,39,36,#38485C
214,39,36,#38485C
215,39,36,#38475C
216,39,36,#38465C
217,39,36,#38465C
218,39,36,#38455C
219,39,36,#38455C
220,39,36,#38445C
221,39,36,#38435C
222,39,36,#38435C
223,39,36,#38425C
224,39,36,#38425C
225,39,36,#38415C
226,39,36,#38405C
227,39,36,#38405C
228,39,36,#383F5C
229,39,36,#383F5C
230,39,36,#383E5C
231,39,36,#383D5C
232,39,36,#383D5C
233,39,36,#383C5C
234,39,36,#383C5C
235,39,36,#383B5C
236,39,36,#383A5C
237,39,36,#383A5C
238,39,36,#38395C
239,39,36,#38395C
240,39,36,#38385C
241,39,36,#39385C
242,39,36,#39385C
243,39,36,#3A385C
244,39,36,#3A385C
245,39,36,#3B385C
246,39,36,#3C385C
247,39,36,#3C385C
248,39,36,#3D385C
249,39,36,#3D385C
250,39,36,#3E385C
251,39,36,#3F385C
252,39,36,#3F385C
253,39,36,#40385C
254,39,36,#40385C
255,39,36,#41385C
256,39,36,#42385C
257,39,36,#42385C
258,39,36,#43385C
259,39,36,#43385C
260,39,36,#44385C
261,39,36,#45385C
262,39,36,#45385C
263,39,36,#46385C
264,39,36,#46385C
265,39,36,#47385C
266,39,36,#48385C
267,39,36,#48385C
268,39,36,#49385C
269,39,36,#49385C
270,39,36,#4A385C
271,39,36,#4A385C
272,39,36,#4B385C
273,39,36,#4C385C
274,39,36,#4C385C
275,39,36,#4D385C
276,39,36,#4D385C
277,39,36,#4E385C
278,39,36,#4F385C
279,39,36,#4F385C
280,39,36,#50385C
281,39,36,#50385C
282,39,36,#51385C
283,39,36,#52385C
284,39,36,#52385C
285,39,36,#53385C
286,39,36,#53385C
287,39,36,#54385C
288,39,36,#55385C
289,39,36,#55385C
290,39,36,#56385C
291,39,36,#56385C
292,39,36,#57385C
293,39,36,#58385C
294,39,36,#58385C
295,39,36,#59385C
296,39,36,#59385C
297,39,36,#5A385C
298,39,36,#5B385C
299,39,36,#5B385C
300,39,36,#5C385C
301,39,36,#5C385B
302,39,36,#5C385B
303,39,36,#5C385A
304,39,36,#5C3859
305,39,36,#5C3859
306,39,36,#5C3858
307,39,36,#5C3858
308,39,36,#5C3857
309,39,36,#5C3856
310,39,36,#5C3856
311,39,36,#5C3855
312,39,36,#5C3855
313,39,36,#5C3854
314,39,36,#5C3853
315,39,36,#5C3853
316,39,36,#5C3852
317,39,36,#5C3852
318,39,36,#5C3851
319,39,36,#5C3850
320,39,36,#5C3850
321,39,36,#5C384F
322,39,36,#5C384F
323,39,36,#5C384E
324,39,36,#5C384D
325,39,36,#5C384D
326,39,36,#5C384C
327,39,36,#5C384C
328,39,36,#5C384B
329,39,36,#5C384A
330,39,36,#5C384A
331,39,36,#5C3849
332,39,36,#5C3849
333,39,36,#5C3848
334,39,36,#5C3848
335,39,36,#5C3847
336,39,36,#5C3846
337,39,36,#5C3846
338,39,36,#5C3845
339,39,36,#5C3845
340,39,36,#5C3844
341,39,36,#5C3843
342,39,36,#5C3843
343,39,36,#5C3842
344,39,36,#5C3842
345,39,36,#5C3841
346,39,36,#5C3840
347,39,36,#5C3840
348,39,36,#5C383F
349,39,36,#5C383F
350,39,36,#5C383E
351,39,36,#5C383D
352,39,36,#5C383D
353,39,36,#5C383C
354,39,36,#5C383C
355,39,36,#5C383B
356,39,36,#5C383A
357,39,36,#5C383A
358,39,36,#5C3839
359,39,36,#5C3839
0,38,36,#5C3939
1,38,36,#5C3939
2,38,36,#5C3A39
3,38,36,#5C3B39
4,38,36,#5C3B39
5,38,36,#5C3C39
6,38,36,#5C3C39
7,38,36,#5C3D39
8,38,36,#5C3E39
9,38,36,#5C3E39
10,38,36,#5C3F39
11,38,36,#5C3F39
12,38,36,#5C4039
13,38,36,#5C4039
14,38,36,#5C4139
15,38,36,#5C4239
16,38,36,#5C4239
17,38,36,#5C4339
18,38,36,#5C4339
19,38,36,#5C4439
20,38,36,#5C4539
21,38,36,#5C4539
22,38,36,#5C4639
23,38,36,#5C4639
24,38,36,#5C4739
25,38,36,#5C4739
26,38,36,#5C4839
27,38,36,#5C4939
28,38,36,#5C4939
29,38,36,#5C4A39
30,38,36,#5C4A39
31,38,36,#5C4B39
32,38,36,#5C4C39
33,38,36,#5C4C39
34,38,36,#5C4D39
35,38,36,#5C4D39
36,38,36,#5C4E39
37,38,36,#5C4E39
38,38,36,#5C4F39
39,38,36,#5C5039
40,38,36,#5C5039
41,38,36,#5C5139
42,38,36,#5C5139
43,38,36,#5C5239
44,38,36,#5C5239
45,38,36,#5C5339
46,38,36,#5C5439
47,38,36,#5C5439
48,38,36,#5C5539
49,38,36,#5C5539
50,38,36,#5C5639
51,38,36,#5C5739
52,38,36,#5C5739
53,38,36,#5C5839
54,38,36,#5C5839
55,38,36,#5C5939
56,38,36,#5C5939
57,38,36,#5C5A39
58,38,36,#5C5B39
59,38,36,#5C5B39
60,38,36,#5C5C39
61,38,36,#5B5C39
62,38,36,#5B5C39
63,38,36,#5A5C39
64,38,36,#595C39
65,38,36,#595C39
66,38,36,#585C39
67,38,36,#585C39
68,38,36,#575C39
69,38,36,#575C39
70,38,36,#565C39
71,38,36,#555C39
72,38,36,#555C39
73,38,36,#545C39
74,38,36,#545C39
75,38,36,#535C39
76,38,36,#525C39
77,38,36,#525C39
78,38,36,#515C39
79,38,36,#515C39
80,38,36,#505C39
81,38,36,#505C39
82,38,36,#4F5C39
83,38,36,#4E5C39
84,38,36,#4E5C39
85,38,36,#4D5C39
86,38,36,#4D5C39
87,38,36,#4C5C39
88,38,36,#4C5C39
89,38,36,#4B5C39
90,38,36,#4A5C39
91,38,36,#4A5C39
92,38,36,#495C39
93,38,36,#495C39
94,38,36,#485C39
95,38,36,#475C39
96,38,36,#475C39
97,38,36,#465C39
98,38,36,#465C39
99,38,36,#455C39
100,38,36,#455C39
101,38,36,#445C39
102,38,36,#435C39
103,38,36,#435C39
104,38,36,#425C39
105,38,36,#425C39
106,38,36,#415C39
107,38,36,#405C39
108,38,36,#405C39
109,38,36,#3F5C39
110,38,36,#3F5C39
111,38,36,#3E5C39
112,38,36,#3E5C39
113,38,36,#3D5C39
114,38,36,#3C5C39
115,38,36,#3C5C39
116,38,36,#3B5C39
117,38,36,#3B5C39
118,38,36,#3A5C39
119,38,36,#395C39
120,38,36,#395C39
121,38,36,#395C39
122,38,36,#395C3A
123,38,36,#395C3B
124,38,36,#395C3B
125,38,36,#395C3C
126,38,36,#395C3C
127,38,36,#395C3D
128,38,36,#395C3E
129,38,36,#395C3E
130,38,36,#395C3F
131,38,36,#395C3F
132,38,36,#395C40
133,38,36,#395C40
134,38,36,#395C41
135,38,36,#395C42
136,38,36,#395C42
137,38,36,#395C43
138,38,36,#395C43
139,38,36,#395C44
140,38,36,#395C45
141,38,36,#395C45
142,38,36,#395C46
143,38,36,#395C46
144,38,36,#395C47
145,38,36,#395C47
146,38,36,#395C48
147,38,36,#395C49
148,38,36,#395C49
149,38,36,#395C4A
150,38,36,#395C4A
151,38,36,#395C4B
152,38,36,#395C4C
153,38,36,#395C4C
154,38,36,#395C4D
155,38,36,#395C4D
156,38,36,#395C4E
157,38,36,#395C4E
158,38,36,#395C4F
159,38,36,#395C50
160,38,36,#395C50
161,38,36,#395C51
162,38,36,#395C51
163,38,36,#395C52
164,38,36,#395C52
165,38,36,#395C53
166,38,36,#395C54
167,38,36,#395C54
168,38,36,#395C55
169,38,36,#395C55
170,38,36,#395C56
171,38,36,#395C57
172,38,36,#395C57
173,38,36,#395C58
174,38,36,#395C58
175,38,36,#395C59
176,38,36,#395C59
177,38,36,#395C5A
178,38,36,#395C5B
179,38,36,#395C5B
180,38,36,#395C5C
181,38,36,#395B5C
182,38,36,#395B5C
183,38,36,#395A5C
184,38,36,#39595C
185,38,36,#39595C
186,38,36,#39585C
187,38,36,#39585C
188,38,36,#39575C
189,38,36,#39575C
190,38,36,#39565C
191,38,36,#39555C
192,38,36,#39555C
193,38,36,#39545C
194,38,36,#39545C
195,38,36,#39535C
196,38,36,#39525C
197,38,36,#39525C
198,38,36,#39515C
199,38,36,#39515C
200,38,36,#39505C
201,38,36,#39505C
202,38,36,#394F5C
203,38,36,#394E5C
204,38,36,#394E5C
205,38,36,#394D5C
206,38,36,#394D5C
207,38,36,#394C5C
208,38,36,#394C5C
209,38,36,#394B5C
210,38,36,#394A5C
211,38,36,#394A5C
212,38,36,#39495C
213,38,36,#39495C
214,38,36,#39485C
215,38,36,#39475C
216,38,36,#39475C
217,38,36,#39465C
218,38,36,#39465C
219,38,36,#39455C
220,38,36,#39455C
221,38,36,#39445C
222,38,36,#39435C
223,38,36,#39435C
224,38,36,#39425C
225,38,36,#39425C
226,38,36,#39415C
227,38,36,#39405C
228,38,36,#39405C
229,38,36,#393F5C
230,38,36,#393F5C
231,38,36,#393E5C
232,38,36,#393E5C
233,38,36,#393D5C
234,38,36,#393C5C
235,38,36,#393C5C
236,38,36,#393B5C
237,38,36,#393B5C
238,38,36,#393A5C
239,38,36,#39395C
240,38,36,#39395C
241,38,36,#39395C
242,38,36,#3A395C
243,38,36,#3B395C
244,38,36,#3B395C
245,38,36,#3C395C
246,38,36,#3C395C
247,38,36,#3D395C
248,38,36,#3E395C
249,38,36,#3E395C
250,38,36,#3F395C
251,38,36,#3F395C
252,38,36,#40395C
253,38,36,#40395C
254,38,36,#41395C
255,38,36,#42395C
256,38,36,#42395C
257,38,36,#43395C
258,38,36,#43395C
259,38,36,#44395C
260,38,36,#45395C
261,38,36,#45395C
262,38,36,#46395C
263,38,36,#46395C
264,38,36,#47395C
265,38,36,#47395C
266,38,36,#48395C
267,38,36,#49395C
268,38,36,#49395C
269,38,36,#4A395C
270,38,36,#4A395C
271,38,36,#4B395C
272,38,36,#4C395C
273,38,36,#4C395C
274,38,36,#4D395C
275,38,36,#4D395C
276,38,36,#4E395C
277,38,36,#4E395C
278,38,36,#4F395C
279,38,36,#50395C
280,38,36,#50395C
281,38,36,#51395C
282,38,36,#51395C
283,38,36,#52395C
284,38,36,#52395C
285,38,36,#53395C
286,38,36,#54395C
287,38,36,#54395C
288,38,36,#55395C
289,38,36,#55395C
290,38,36,#56395C
291,38,36,#57395C
292,38,36,#57395C
293,38,36,#58395C
294,38,36,#58395C
295,38,36,#59395C
296,38,36,#59395C
297,38,36,#5A395C
298,38,36,#5B395C
299,38,36,#5B395C
300,38,36,#5C395C
301,38,36,#5C395B
302,38,36,#5C395B
303,38,36,#5C395A
304,38,36,#5C3959
305,38,36,#5C3959
306,38,36,#5C3958
307,38,36,#5C3958
308,38,36,#5C3957
309,38,36,#5C3957
310,38,36,#5C3956
311,38,36,#5C3955
312,38,36,#5C3955
313,38,36,#5C3954
314,38,36,#5C3954
315,38,36,#5C3953
316,38,36,#5C3952
317,38,36,#5C3952
318,38,36,#5C3951
319,38,36,#5C3951
320,38,36,#5C3950
321,38,36,#5C3950
322,38,36,#5C394F
323,38,36,#5C394E
324,38,36,#5C394E
325,38,36,#5C394D
326,38,36,#5C394D
327,38,36,#5C394C
328,38,36,#5C394C
329,38,36,#5C394B
330,38,36,#5C394A
331,38,36,#5C394A
332,38,36,#5C3949
333,38,36,#5C3949
334,38,36,#5C3948
335,38,36,#5C3947
336,38,36,#5C3947
337,38,36,#5C3946
338,38,36,#5C3946
339,38,36,#5C3945
340,38,36,#5C3945
341,38,36,#5C3944
342,38,36,#5C3943
343,38,36,#5C3943
344,38,36,#5C3942
345,38,36,#5C3942
346,38,36,#5C3941
347,38,36,#5C3940
348,38,36,#5C3940
349,38,36,#5C393F
350,38,36,#5C393F
351,38,36,#5C393E
352,38,36,#5C393E
353,38,36,#5C393D
354,38,36,#5C393C
355,38,36,#5C393C
356,38,36,#5C393B
357,38,36,#5C393B
358,38,36,#5C393A
359,38,36,#5C3939
0,37,36,#5C3A3A
1,37,36,#5C3A3A
2,37,36,#5C3B3A
3,37,36,#5C3C3A
4,37,36,#5C3C3A
5,37,36,#5C3D3A
6,37,36,#5C3D3A
7,37,36,#5C3E3A
8,37,36,#5C3E3A
9,37,36,#5C3F3A
10,37,36,#5C3F3A
11,37,36,#5C403A
12,37,36,#5C413A
13,37,36,#5C413A
14,37,36,#5C423A
15,37,36,#5C423A
16,37,36,#5C433A
17,37,36,#5C433A
18,37,36,#5C443A
19,37,36,#5C453A
20,37,36,#5C453A
21,37,36,#5C463A
22,37,36,#5C463A
23,37,36,#5C473A
24,37,36,#5C473A
25,37,36,#5C483A
26,37,36,#5C493A
27,37,36,#5C493A
28,37,36,#5C4A3A
29,37,36,#5C4A3A
30,37,36,#5C4B3A
31,37,36,#5C4B3A
32,37,36,#5C4C3A
33,37,36,#5C4D3A
34,37,36,#5C4D3A
35,37,36,#5C4E3A
36,37,36,#5C4E3A
37,37,36,#5C4F3A
38,37,36,#5C4F3A
39,37,36,#5C503A
40,37,36,#5C503A
41,37,36,#5C513A
42,37,36,#5C523A
43,37,36,#5C523A
44,37,36,#5C533A
45,37,36,#5C533A
46,37,36,#5C543A
47,37,36,#5C543A
48,37,36,#5C553A
49,37,36,#5C563A
50,37,36,#5C563A
51,37,36,#5C573A
52,37,36,#5C573A
53,37,36,#5C583A
54,37,36,#5C583A
55,37,36,#5C593A
56,37,36,#5C5A3A
57,37,36,#5C5A3A
58,37,36,#5C5B3A
59,37,36,#5C5B3A
60,37,36,#5C5C3A
61,37,36,#5B5C3A
62,37,36,#5B5C3A
63,37,36,#5A5C3A
64,37,36,#5A5C3A
65,37,36,#595C3A
66,37,36,#585C3A
67,37,36,#585C3A
68,37,36,#575C3A
69,37,36,#575C3A
70,37,36,#565C3A
71,37,36,#565C3A
72,37,36,#555C3A
73,37,36,#545C3A
74,37,36,#545C3A
75,37,36,#535C3A
76,37,36,#535C3A
77,37,36,#525C3A
78,37,36,#525C3A
79,37,36,#515C3A
80,37,36,#505C3A
81,37,36,#505C3A
82,37,36,#4F5C3A
83,37,36,#4F5C3A
84,37,36,#4E5C3A
85,37,36,#4E5C3A
86,37,36,#4D5C3A
87,37,36,#4D5C3A
88,37,36,#4C5C3A
89,37,36,#4B5C3A
90,37,36,#4B5C3A
91,37,36,#4A5C3A
92,37,36,#4A5C3A
93,37,36,#495C3A
94,37,36,#495C3A
95,37,36,#485C3A
96,37,36,#475C3A
97,37,36,#475C3A
98,37,36,#465C3A
99,37,36,#465C3A
100,37,36,#455C3A
101,37,36,#455C3A
102,37,36,#445C3A
103,37,36,#435C3A
104,37,36,#435C3A
105,37,36,#425C3A
106,37,36,#425C3A
107,37,36,#415C3A
108,37,36,#415C3A
109,37,36,#405C3A
110,37,36,#3F5C3A
111,37,36,#3F5C3A
112,37,36,#3E5C3A
113,37,36,#3E5C3A
114,37,36,#3D5C3A
115,37,36,#3D5C3A
116,37,36,#3C5C3A
117,37,36,#3C5C3A
118,37,36,#3B5C3A
119,37,36,#3A5C3A
120,37,36,#3A5C3A
121,37,36,#3A5C3A
122,37,36,#3A5C3B
123,37,36,#3A5C3C
124,37,36,#3A5C3C
125,37,36,#3A5C3D
126,37,36,#3A5C3D
127,37,36,#3A5C3E
128,37,36,#3A5C3E
129,37,36,#3A5C3F
130,37,36,#3A5C3F
131,37,36,#3A5C40
132,37,36,#3A5C41
133,37,36,#3A5C41
134,37,36,#3A5C42
135,37,36,#3A5C42
136,37,36,#3A5C43
137,37,36,#3A5C43
138,37,36,#3A5C44
139,37,36,#3A5C45
140,37,36,#3A5C45
141,37,36,#3A5C46
142,37,36,#3A5C46
143,37,36,#3A5C47
144,37,36,#3A5C47
145,37,36,#3A5C48
146,37,36,#3A5C49
147,37,36,#3A5C49
148,37,36,#3A5C4A
149,37,36,#3A5C4A
150,37,36,#3A5C4B
151,37,36,#3A5C4B
152,37,36,#3A5C4C
153,37,36,#3A5C4D
154,37,36,#3A5C4D
155,37,36,#3A5C4E
156,37,36,#3A5C4E
157,37,36,#3A5C4F
158,37,36,#3A5C4F
159,37,36,#3A5C50
160,37,36,#3A5C50
161,37,36,#3A5C51
162,37,36,#3A5C52
163,37,36,#3A5C52
164,37,36,#3A5C53
165,37,36,#3A5C53
166,37,36,#3A5C54
167,37,36,#3A5C54
168,37,36,#3A5C55
169,37,36,#3A5C56
170,37,36,#3A5C56
171,37,36,#3A5C57
172,37,36,#3A5C57
173,37,36,#3A5C58
174,37,36,#3A5C58
175,37,36,#3A5C59
176,37,36,#3A5C5A
177,37,36,#3A5C5A
178,37,36,#3A5C5B
179,37,36,#3A5C5B
180,37,36,#3A5C5C
181,37,36,#3A5B5C
182,37,36,#3A5B5C
183,37,36,#3A5A5C
184,37,36,#3A5A5C
185,37,36,#3A595C
186,37,36,#3A585C
187,37,36,#3A585C
188,37,36,#3A575C
189,37,36,#3A575C
190,37,36,#3A565C
191,37,36,#3A565C
192,37,36,#3A555C
193,37,36,#3A545C
194,37,36,#3A545C
195,37,36,#3A535C
196,37,36,#3A535C
197,37,36,#3A525C
198,37,36,#3A525C
199,37,36,#3A515C
200,37,36,#3A505C
201,37,36,#3A505C
202,37,36,#3A4F5C
203,37,36,#3A4F5C
204,37,36,#3A4E5C
205,37,36,#3A4E5C
206,37,36,#3A4D5C
207,37,36,#3A4D5C
208,37,36,#3A4C5C
209,37,36,#3A4B5C
210,37,36,#3A4B5C
211,37,36,#3A4A5C
212,37,36,#3A4A5C
213,37,36,#3A495C
214,37,36,#3A495C
215,37,36,#3A485C
216,37,36,#3A475C
217,37,36,#3A475C
218,37,36,#3A465C
219,37,36,#3A465C
220,37,36,#3A455C
221,37,36,#3A455C
222,37,36,#3A445C
223,37,36,#3A435C
224,37,36,#3A435C
225,37,36,#3A425C
226,37,36,#3A425C
227,37,36,#3A415C
228,37,36,#3A415C
229,37,36,#3A405C
230,37,36,#3A3F5C
231,37,36,#3A3F5C
232,37,36,#3A3E5C
233,37,36,#3A3E5C
234,37,36,#3A3D5C
235,37,36,#3A3D5C
236,37,36,#3A3C5C
237,37,36,#3A3C5C
238,37,36,#3A3B5C
239,37,36,#3A3A5C
240,37,36,#3A3A5C
241,37,36,#3A3A5C
242,37,36,#3B3A5C
243,37,36,#3C3A5C
244,37,36,#3C3A5C
245,37,36,#3D3A5C
246,37,36,#3D3A5C
247,37,36,#3E3A5C
248,37,36,#3E3A5C
249,37,36,#3F3A5C
250,37,36,#3F3A5C
251,37,36,#403A5C
252,37,36,#413A5C
253,37,36,#413A5C
254,37,36,#423A5C
255,37,36,#423A5C
256,37,36,#433A5C
257,37,36,#433A5C
258,37,36,#443A5C
259,37,36,#453A5C
260,37,36,#453A5C
261,37,36,#463A5C
262,37,36,#463A5C
263,37,36,#473A5C
264,37,36,#473A5C
265,37,36,#483A5C
266,37,36,#493A5C
267,37,36,#493A5C
268,37,36,#4A3A5C
269,37,36,#4A3A5C
270,37,36,#4B3A5C
271,37,36,#4B3A5C
272,37,36,#4C3A5C
273,37,36,#4D3A5C
274,37,36,#4D3A5C
275,37,36,#4E3A5C
276,37,36,#4E3A5C
277,37,36,#4F3A5C
278,37,36,#4F3A5C
279,37,36,#503A5C
280,37,36,#503A5C
281,37,36,#513A5C
282,37,36,#523A5C
283,37,36,#523A5C
284,37,36,#533A5C
285,37,36,#533A5C
286,37,36,#543A5C
287,37,36,#543A5C
288,37,36,#553A5C
289,37,36,#563A5C
290,37,36,#563A5C
291,37,36,#573A5C
292,37,36,#573A5C
293,37,36,#583A5C
294,37,36,#583A5C
295,37,36,#593A5C
296,37,36,#5A3A5C
297,37,36,#5A3A5C
298,37,36,#5B3A5C
299,37,36,#5B3A5C
300,37,36,#5C3A5C
301,37,36,#5C3A5B
302,37,36,#5C3A5B
303,37,36,#5C3A5A
304,37,36,#5C3A5A
305,37,36,#5C3A59
306,37,36,#5C3A58
307,37,36,#5C3A58
308,37,36,#5C3A57
309,37,36,#5C3A57
310,37,36,#5C3A56
311,37,36,#5C3A56
312,37,36,#5C3A55
313,37,36,#5C3A54
314,37,36,#5C3A54
315,37,36,#5C3A53
316,37,36,#5C3A53
317,37,36,#5C3A52
318,37,36,#5C3A52
319,37,36,#5C3A51
320,37,36,#5C3A50
321,37,36,#5C3A50
322,37,36,#5C3A4F
323,37,36,#5C3A4F
324,37,36,#5C3A4E
325,37,36,#5C3A4E
326,37,36,#5C3A4D
327,37,36,#5C3A4D
328,37,36,#5C3A4C
329,37,36,#5C3A4B
330,37,36,#5C3A4B
331,37,36,#5C3A4A
332,37,36,#5C3A4A
333,37,36,#5C3A49
334,37,36,#5C3A49
335,37,36,#5C3A48
336,37,36,#5C3A47
337,37,36,#5C3A47
338,37,36,#5C3A46
339,37,36,#5C3A46
340,37,36,#5C3A45
341,37,36,#5C3A45
342,37,36,#5C3A44
343,37,36,#5C3A43
344,37,36,#5C3A43
345,37,36,#5C3A42
346,37,36,#5C3A42
347,37,36,#5C3A41
348,37,36,#5C3A41
349,37,36,#5C3A40
350,37,36,#5C3A3F
351,37,36,#5C3A3F
352,37,36,#5C3A3E
353,37,36,#5C3A3E
354,37,36,#5C3A3D
355,37,36,#5C3A3D
356,37,36,#5C3A3C
357,37,36,#5C3A3C
358,37,36,#5C3A3B
359,37,36,#5C3A3A
0,36,36,#5C3B3B
1,36,36,#5C3B3B
2,36,36,#5C3C3B
3,36,36,#5C3C3B
4,36,36,#5C3D3B
5,36,36,#5C3E3B
6,36,36,#5C3E3B
7,36,36,#5C3F3B
8,36,36,#5C3F3B
9,36,36,#5C403B
10,36,36,#5C403B
11,36,36,#5C413B
12,36,36,#5C413B
13,36,36,#5C423B
14,36,36,#5C423B
15,36,36,#5C433B
16,36,36,#5C443B
17,36,36,#5C443B
18,36,36,#5C453B
19,36,36,#5C453B
20,36,36,#5C463B
21,36,36,#5C463B
22,36,36,#5C473B
23,36,36,#5C473B
24,36,36,#5C483B
25,36,36,#5C493B
26,36,36,#5C493B
27,36,36,#5C4A3B
28,36,36,#5C4A3B
29,36,36,#5C4B3B
30,36,36,#5C4B3B
31,36,36,#5C4C3B
32,36,36,#5C4C3B
33,36,36,#5C4D3B
34,36,36,#5C4D3B
35,36,36,#5C4E3B
36,36,36,#5C4F3B
37,36,36,#5C4F3B
38,36,36,#5C503B
39,36,36,#5C503B
40,36,36,#5C513B
41,36,36,#5C513B
42,36,36,#5C523B
43,36,36,#5C523B
44,36,36,#5C533B
45,36,36,#5C543B
46,36,36,#5C543B
47,36,36,#5C553B
48,36,36,#5C553B
49,36,36,#5C563B
50,36,36,#5C563B
51,36,36,#5C573B
52,36,36,#5C573B
53,36,36,#5C583B
54,36,36,#5C583B
55,36,36,#5C593B
56,36,36,#5C5A3B
57,36,36,#5C5A3B
58,36,36,#5C5B3B
59,36,36,#5C5B3B
60,36,36,#5C5C3B
61,36,36,#5B5C3B
62,36,36,#5B5C3B
63,36,36,#5A5C3B
64,36,36,#5A5C3B
65,36,36,#595C3B
66,36,36,#585C3B
67,36,36,#585C3B
68,36,36,#575C3B
69,36,36,#575C3B
70,36,36,#565C3B
71,36,36,#565C3B
72,36,36,#555C3B
73,36,36,#555C3B
74,36,36,#545C3B
75,36,36,#545C3B
76,36,36,#535C3B
77,36,36,#525C3B
78,36,36,#525C3B
79,36,36,#515C3B
80,36,36,#515C3B
81,36,36,#505C3B
82,36,36,#505C3B
83,36,36,#4F5C3B
84,36,36,#4F5C3B
85,36,36,#4E5C3B
86,36,36,#4D5C3B
87,36,36,#4D5C3B
88,36,36,#4C5C3B
89,36,36,#4C5C3B
90,36,36,#4B5C3B
91,36,36,#4B5C3B
92,36,36,#4A5C3B
93,36,36,#4A5C3B
94,36,36,#495C3B
95,36,36,#495C3B
96,36,36,#485C3B
97,36,36,#475C3B
98,36,36,#475C3B
99,36,36,#465C3B
100,36,36,#465C3B
101,36,36,#455C3B
102,36,36,#455C3B
103,36,36,#445C3B
104,36,36,#445C3B
105,36,36,#435C3B
106,36,36,#425C3B
107,36,36,#425C3B
108,36,36,#415C3B
109,36,36,#415C3B
110,36,36,#405C3B
111,36,36,#405C3B
112,36,36,#3F5C3B
113,36,36,#3F5C3B
114,36,36,#3E5C3B
115,36,36,#3E5C3B
116,36,36,#3D5C3B
117,36,36,#3C5C3B
118,36,36,#3C5C3B
119,36,36,#3B5C3B
120,36,36,#3B5C3B
121,36,36,#3B5C3B
122,36,36,#3B5C3C
123,36,36,#3B5C3C
124,36,36,#3B5C3D
125,36,36,#3B5C3E
126,36,36,#3B5C3E
127,36,36,#3B5C3F
128,36,36,#3B5C3F
129,36,36,#3B5C40
130,36,36,#3B5C40
131,36,36,#3B5C41
132,36,36,#3B5C41
133,36,36,#3B5C42
134,36,36,#3B5C42
135,36,36,#3B5C43
136,36,36,#3B5C44
137,36,36,#3B5C44
138,36,36,#3B5C45
139,36,36,#3B5C45
140,36,36,#3B5C46
141,36,36,#3B5C46
142,36,36,#3B5C47
143,36,36,#3B5C47
144,36,36,#3B5C48
145,36,36,#3B5C49
146,36,36,#3B5C49
147,36,36,#3B5C4A
148,36,36,#3B5C4A
149,36,36,#3B5C4B
150,36,36,#3B5C4B
151,36,36,#3B5C4C
152,36,36,#3B5C4C
153,36,36,#3B5C4D
154,36,36,#3B5C4D
155,36,36,#3B5C4E
156,36,36,#3B5C4F
157,36,36,#3B5C4F
158,36,36,#3B5C50
159,36,36,#3B5C50
160,36,36,#3B5C51
161,36,36,#3B5C51
162,36,36,#3B5C52
163,36,36,#3B5C52
164,36,36,#3B5C53
165,36,36,#3B5C54
166,36,36,#3B5C54
167,36,36,#3B5C55
168,36,36,#3B5C55
169,36,36,#3B5C56
170,36,36,#3B5C56
171,36,36,#3B5C57
172,36,36,#3B5C57
173,36,36,#3B5C58
174,36,36,#3B5C58
175,36,36,#3B5C59
176,36,36,#3B5C5A
177,36,36,#3B5C5A
178,36,36,#3B5C5B
179,36,36,#3B5C5B
180,36,36,#3B5C5C
181,36,36,#3B5B5C
182,36,36,#3B5B5C
183,36,36,#3B5A5C
184,36,36,#3B5A5C
185,36,36,#3B595C
186,36,36,#3B585C
187,36,36,#3B585C
188,36,36,#3B575C
189,36,36,#3B575C
190,36,36,#3B565C
191,36,36,#3B565C
192,36,36,#3B555C
193,36,36,#3B555C
194,36,36,#3B545C
195,36,36,#3B545C
196,36,36,#3B535C
197,36,36,#3B525C
198,36,36,#3B525C
199,36,36,#3B515C
200,36,36,#3B515C
201,36,36,#3B505C
202,36,36,#3B505C
203,36,36,#3B4F5C
204,36,36,#3B4F5C
205,36,36,#3B4E5C
206,36,36,#3B4D5C
207,36,36,#3B4D5C
208,36,36,#3B4C5C
209,36,36,#3B4C5C
210,36,36,#3B4B5C
211,36,36,#3B4B5C
212,36,36,#3B4A5C
213,36,36,#3B4A5C
214,36,36,#3B495C
215,36,36,#3B495C
216,36,36,#3B485C
217,36,36,#3B475C
218,36,36,#3B475C
219,36,36,#3B465C
220,36,36,#3B465C
221,36,36,#3B455C
222,36,36,#3B455C
223,36,36,#3B445C
224,36,36,#3B445C
225,36,36,#3B435C
226,36,36,#3B425C
227,36,36,#3B425C
228,36,36,#3B415C
229,36,36,#3B415C
230,36,36,#3B405C
231,36,36,#3B405C
232,36,36,#3B3F5C
233,36,36,#3B3F5C
234,36,36,#3B3E5C
235,36,36,#3B3E5C
236,36,36,#3B3D5C
237,36,36,#3B3C5C
238,36,36,#3B3C5C
239,36,36,#3B3B5C
240,36,36,#3B3B5C
241,36,36,#3B3B5C
242,36,36,#3C3B5C
243,36,36,#3C3B5C
244,36,36,#3D3B5C
245,36,36,#3E3B5C
246,36,36,#3E3B5C
247,36,36,#3F3B5C
248,36,36,#3F3B5C
249,36,36,#403B5C
250,36,36,#403B5C
251,36,36,#413B5C
252,36,36,#413B5C
253,36,36,#423B5C
254,36,36,#423B5C
255,36,36,#433B5C
256,36,36,#443B5C
257,36,36,#443B5C
258,36,36,#453B5C
259,36,36,#453B5C
260,36,36,#463B5C
261,36,36,#463B5C
262,36,36,#473B5C
263,36,36,#473B5C
264,36,36,#483B5C
265,36,36,#493B5C
266,36,36,#493B5C
267,36,36,#4A3B5C
268,36,36,#4A3B5C
269,36,36,#4B3B5C
270,36,36,#4B3B5C
271,36,36,#4C3B5C
272,36,36,#4C3B5C
273,36,36,#4D3B5C
274,36,36,#4D3B5C
275,36,36,#4E3B5C
276,36,36,#4F3B5C
277,36,36,#4F3B5C
278,36,36,#503B5C
279,36,36,#503B5C
280,36,36,#513B5C
281,36,36,#513B5C
282,36,36,#523B5C
283,36,36,#523B5C
284,36,36,#533B5C
285,36,36,#543B5C
286,36,36,#543B5C
287,36,36,#553B5C
288,36,36,#553B5C
289,36,36,#563B5C
290,36,36,#563B5C
291,36,36,#573B5C
292,36,36,#573B5C
293,36,36,#583B5C
294,36,36,#583B5C
295,36,36,#593B5C
296,36,36,#5A3B5C
297,36,36,#5A3B5C
298,36,36,#5B3B5C
299,36,36,#5B3B5C
300,36,36,#5C3B5C
301,36,36,#5C3B5B
302,36,36,#5C3B5B
303,36,36,#5C3B5A
304,36,36,#5C3B5A
305,36,36,#5C3B59
306,36,36,#5C3B58
307,36,36,#5C3B58
308,36,36,#5C3B57
309,36,36,#5C3B57
310,36,36,#5C3B56
311,36,36,#5C3B56
312,36,36,#5C3B55
313,36,36,#5C3B55
314,36,36,#5C3B54
315,36,36,#5C3B54
316,36,36,#5C3B53
317,36,36,#5C3B52
318,36,36,#5C3B52
319,36,36,#5C3B51
320,36,36,#5C3B51
321,36,36,#5C3B50
322,36,36,#5C3B50
323,36,36,#5C3B4F
324,36,36,#5C3B4F
325,36,36,#5C3B4E
326,36,36,#5C3B4D
327,36,36,#5C3B4D
328,36,36,#5C3B4C
329,36,36,#5C3B4C
330,36,36,#5C3B4B
331,36,36,#5C3B4B
332,36,36,#5C3B4A
333,36,36,#5C3B4A
334,36,36,#5C3B49
335,36,36,#5C3B49
336,36,36,#5C3B48
337,36,36,#5C3B47
338,36,36,#5C3B47
339,36,36,#5C3B46
340,36,36,#5C3B46
341,36,36,#5C3B45
342,36,36,#5C3B45
343,36,36,#5C3B44
344,36,36,#5C3B44
345,36,36,#5C3B43
346,36,36,#5C3B42
347,36,36,#5C3B42
348,36,36,#5C3B41
349,36,36,#5C3B41
350,36,36,#5C3B40
351,36,36,#5C3B40
352,36,36,#5C3B3F
353,36,36,#5C3B3F
354,36,36,#5C3B3E
355,36,36,#5C3B3E
356,36,36,#5C3B3D
357,36,36,#5C3B3C
358,36,36,#5C3B3C
359,36,36,#5C3B3B
0,35,36,#5C3C3C
1,35,36,#5C3C3C
2,35,36,#5C3D3C
3,35,36,#5C3D3C
4,35,36,#5C3E3C
5,35,36,#5C3E3C
6,35,36,#5C3F3C
7,35,36,#5C3F3C
8,35,36,#5C403C
9,35,36,#5C403C
10,35,36,#5C413C
11,35,36,#5C423C
12,35,36,#5C423C
13,35,36,#5C433C
14,35,36,#5C433C
15,35,36,#5C443C
16,35,36,#5C443C
17,35,36,#5C453C
18,35,36,#5C453C
19,35,36,#5C463C
20,35,36,#5C463C
21,35,36,#5C473C
22,35,36,#5C473C
23,35,36,#5C483C
24,35,36,#5C493C
25,35,36,#5C493C
26,35,36,#5C4A3C
27,35,36,#5C4A3C
28,35,36,#5C4B3C
29,35,36,#5C4B3C
30,35,36,#5C4C3C
31,35,36,#5C4C3C
32,35,36,#5C4D3C
33,35,36,#5C4D3C
34,35,36,#5C4E3C
35,35,36,#5C4E3C
36,35,36,#5C4F3C
37,35,36,#5C4F3C
38,35,36,#5C503C
39,35,36,#5C513C
40,35,36,#5C513C
41,35,36,#5C523C
42,35,36,#5C523C
43,35,36,#5C533C
44,35,36,#5C533C
45,35,36,#5C543C
46,35,36,#5C543C
47,35,36,#5C553C
48,35,36,#5C553C
49,35,36,#5C563C
50,35,36,#5C563C
51,35,36,#5C573C
52,35,36,#5C583C
53,35,36,#5C583C
54,35,36,#5C593C
55,35,36,#5C593C
56,35,36,#5C5A3C
57,35,36,#5C5A3C
58,35,36,#5C5B3C
59,35,36,#5C5B3C
60,35,36,#5C5C3C
61,35,36,#5B5C3C
62,35,36,#5B5C3C
63,35,36,#5A5C3C
64,35,36,#5A5C3C
65,35,36,#595C3C
66,35,36,#595C3C
67,35,36,#585C3C
68,35,36,#585C3C
69,35,36,#575C3C
70,35,36,#565C3C
71,35,36,#565C3C
72,35,36,#555C3C
73,35,36,#555C3C
74,35,36,#545C3C
75,35,36,#545C3C
76,35,36,#535C3C
77,35,36,#535C3C
78,35,36,#525C3C
79,35,36,#525C3C
80,35,36,#515C3C
81,35,36,#515C3C
82,35,36,#505C3C
83,35,36,#4F5C3C
84,35,36,#4F5C3C
85,35,36,#4E5C3C
86,35,36,#4E5C3C
87,35,36,#4D5C3C
88,35,36,#4D5C3C
89,35,36,#4C5C3C
90,35,36,#4C5C3C
91,35,36,#4B5C3C
92,35,36,#4B5C3C
93,35,36,#4A5C3C
94,35,36,#4A5C3C
95,35,36,#495C3C
96,35,36,#495C3C
97,35,36,#485C3C
98,35,36,#475C3C
99,35,36,#475C3C
100,35,36,#465C3C
101,35,36,#465C3C
102,35,36,#455C3C
103,35,36,#455C3C
104,35,36,#445C3C
105,35,36,#445C3C
106,35,36,#435C3C
107,35,36,#435C3C
108,35,36,#425C3C
109,35,36,#425C3C
110,35,36,#415C3C
111,35,36,#405C3C
112,35,36,#405C3C
113,35,36,#3F5C3C
114,35,36,#3F5C3C
115,35,36,#3E5C3C
116,35,36,#3E5C3C
117,35,36,#3D5C3C
118,35,36,#3D5C3C
119,35,36,#3C5C3C
120,35,36,#3C5C3C
121,35,36,#3C5C3C
122,35,36,#3C5C3D
123,35,36,#3C5C3D
124,35,36,#3C5C3E
125,35,36,#3C5C3E
126,35,36,#3C5C3F
127,35,36,#3C5C3F
128,35,36,#3C5C40
129,35,36,#3C5C40
130,35,36,#3C5C41
131,35,36,#3C5C42
132,35,36,#3C5C42
133,35,36,#3C5C43
134,35,36,#3C5C43
135,35,36,#3C5C44
136,35,36,#3C5C44
137,35,36,#3C5C45
138,35,36,#3C5C45
139,35,36,#3C5C46
140,35,36,#3C5C46
141,35,36,#3C5C47
142,35,36,#3C5C47
143,35,36,#3C5C48
144,35,36,#3C5C49
145,35,36,#3C5C49
146,35,36,#3C5C4A
147,35,36,#3C5C4A
148,35,36,#3C5C4B
149,35,36,#3C5C4B
150,35,36,#3C5C4C
151,35,36,#3C5C4C
152,35,36,#3C5C4D
153,35,36,#3C5C4D
154,35,36,#3C5C4E
155,35,36,#3C5C4E
156,35,36,#3C5C4F
157,35,36,#3C5C4F
158,35,36,#3C5C50
159,35,36,#3C5C51
160,35,36,#3C5C51
161,35,36,#3C5C52
162,35,36,#3C5C52
163,35,36,#3C5C53
164,35,36,#3C5C53
165,35,36,#3C5C54
166,35,36,#3C5C54
167,35,36,#3C5C55
168,35,36,#3C5C55
169,35,36,#3C5C56
170,35,36,#3C5C56
171,35,36,#3C5C57
172,35,36,#3C5C58
173,35,36,#3C5C58
174,35,36,#3C5C59
175,35,36,#3C5C59
176,35,36,#3C5C5A
177,35,36,#3C5C5A
178,35,36,#3C5C5B
179,35,36,#3C5C5B
180,35,36,#3C5C5C
181,35,36,#3C5B5C
182,35,36,#3C5B5C
183,35,36,#3C5A5C
184,35,36,#3C5A5C
185,35,36,#3C595C
186,35,36,#3C595C
187,35,36,#3C585C
188,35,36,#3C585C
189,35,36,#3C575C
190,35,36,#3C565C
191,35,36,#3C565C
192,35,36,#3C555C
193,35,36,#3C555C
194,35,36,#3C545C
195,35,36,#3C545C
196,35,36,#3C535C
197,35,36,#3C535C
198,35,36,#3C525C
199,35,36,#3C525C
200,35,36,#3C515C
201,35,36,#3C515C
202,35,36,#3C505C
203,35,36,#3C4F5C
204,35,36,#3C4F5C
205,35,36,#3C4E5C
206,35,36,#3C4E5C
207,35,36,#3C4D5C
208,35,36,#3C4D5C
209,35,36,#3C4C5C
210,35,36,#3C4C5C
211,35,36,#3C4B5C
212,35,36,#3C4B5C
213,35,36,#3C4A5C
214,35,36,#3C4A5C
215,35,36,#3C495C
216,35,36,#3C495C
217,35,36,#3C485C
218,35,36,#3C475C
219,35,36,#3C475C
220,35,36,#3C465C
221,35,36,#3C465C
222,35,36,#3C455C
223,35,36,#3C455C
224,35,36,#3C445C
225,35,36,#3C445C
226,35,36,#3C435C
227,35,36,#3C435C
228,35,36,#3C425C
229,35,36,#3C425C
230,35,36,#3C415C
231,35,36,#3C405C
232,35,36,#3C405C
233,35,36,#3C3F5C
234,35,36,#3C3F5C
235,35,36,#3C3E5C
236,35,36,#3C3E5C
237,35,36,#3C3D5C
238,35,36,#3C3D5C
239,35,36,#3C3C5C
240,35,36,#3C3C5C
241,35,36,#3C3C5C
242,35,36,#3D3C5C
243,35,36,#3D3C5C
244,35,36,#3E3C5C
245,35,36,#3E3C5C
246,35,36,#3F3C5C
247,35,36,#3F3C5C
248,35,36,#403C5C
249,35,36,#403C5C
250,35,36,#413C5C
251,35,36,#423C5C
252,35,36,#423C5C
253,35,36,#433C5C
254,35,36,#433C5C
255,35,36,#443C5C
256,35,36,#443C5C
257,35,36,#453C5C
258,35,36,#453C5C
259,35,36,#463C5C
260,35,36,#463C5C
261,35,36,#473C5C
262,35,36,#473C5C
263,35,36,#483C5C
264,35,36,#493C5C
265,35,36,#493C5C
266,35,36,#4A3C5C
267,35,36,#4A3C5C
268,35,36,#4B3C5C
269,35,36,#4B3C5C
270,35,36,#4C3C5C
271,35,36,#4C3C5C
272,35,36,#4D3C5C
273,35,36,#4D3C5C
274,35,36,#4E3C5C
275,35,36,#4E3C5C
276,35,36,#4F3C5C
277,35,36,#4F3C5C
278,35,36,#503C5C
279,35,36,#513C5C
280,35,36,#513C5C
281,35,36,#523C5C
282,35,36,#523C5C
283,35,36,#533C5C
284,35,36,#533C5C
285,35,36,#543C5C
286,35,36,#543C5C
287,35,36,#553C5C
288,35,36,#553C5C
289,35,36,#563C5C
290,35,36,#563C5C
291,35,36,#573C5C
292,35,36,#583C5C
293,35,36,#583C5C
294,35,36,#593C5C
295,35,36,#593C5C
296,35,36,#5A3C5C
297,35,36,#5A3C5C
298,35,36,#5B3C5C
299,35,36,#5B3C5C
300,35,36,#5C3C5C
301,35,36,#5C3C5B
302,35,36,#5C3C5B
303,35,36,#5C3C5A
304,35,36,#5C3C5A
305,35,36,#5C3C59
306,35,36,#5C3C59
307,35,36,#5C3C58
308,35,36,#5C3C58
309,35,36,#5C3C57
310,35,36,#5C3C56
311,35,36,#5C3C56
312,35,36,#5C3C55
313,35,36,#5C3C55
314,35,36,#5C3C54
315,35,36,#5C3C54
316,35,36,#5C3C53
317,35,36,#5C3C53
318,35,36,#5C3C52
319,35,36,#5C3C52
320,35,36,#5C3C51
321,35,36,#5C3C51
322,35,36,#5C3C50
323,35,36,#5C3C4F
324,35,36,#5C3C4F
325,35,36,#5C3C4E
326,35,36,#5C3C4E
327,35,36,#5C3C4D
328,35,36,#5C3C4D
329,35,36,#5C3C4C
330,35,36,#5C3C4C
331,35,36,#5C3C4B
332,35,36,#5C3C4B
333,35,36,#5C3C4A
334,35,36,#5C3C4A
335,35,36,#5C3C49
336,35,36,#5C3C49
337,35,36,#5C3C48
338,35,36,#5C3C47
339,35,36,#5C3C47
340,35,36,#5C3C46
341,35,36,#5C3C46
342,35,36,#5C3C45
343,35,36,#5C3C45
344,35,36,#5C3C44
345,35,36,#5C3C44
346,35,36,#5C3C43
347,35,36,#5C3C43
348,35,36,#5C3C42
349,35,36,#5C3C42
350,35,36,#5C3C41
351,35,36,#5C3C40
352,35,36,#5C3C40
353,35,36,#5C3C3F
354,35,36,#5C3C3F
355,35,36,#5C3C3E
356,35,36,#5C3C3E
357,35,36,#5C3C3D
358,35,36,#5C3C3D
359,35,36,#5C3C3C
0,34,36,#5C3D3D
1,34,36,#5C3D3D
2,34,36,#5C3E3D
3,34,36,#5C3E3D
4,34,36,#5C3F3D
5,34,36,#5C3F3D
6,34,36,#5C403D
7,34,36,#5C403D
8,34,36,#5C413D
9,34,36,#5C413D
10,34,36,#5C423D
11,34,36,#5C423D
12,34,36,#5C433D
13,34,36,#5C433D
14,34,36,#5C443D
15,34,36,#5C443D
16,34,36,#5C453D
17,34,36,#5C453D
18,34,36,#5C463D
19,34,36,#5C463D
20,34,36,#5C473D
21,34,36,#5C483D
22,34,36,#5C483D
23,34,36,#5C493D
24,34,36,#5C493D
25,34,36,#5C4A3D
26,34,36,#5C4A3D
27,34,36,#5C4B3D
28,34,36,#5C4B3D
29,34,36,#5C4C3D
30,34,36,#5C4C3D
31,34,36,#5C4D3D
32,34,36,#5C4D3D
33,34,36,#5C4E3D
34,34,36,#5C4E3D
35,34,36,#5C4F3D
36,34,36,#5C4F3D
37,34,36,#5C503D
38,34,36,#5C503D
39,34,36,#5C513D
40,34,36,#5C513D
41,34,36,#5C523D
42,34,36,#5C523D
43,34,36,#5C533D
44,34,36,#5C533D
45,34,36,#5C543D
46,34,36,#5C553D
47,34,36,#5C553D
48,34,36,#5C563D
49,34,36,#5C563D
50,34,36,#5C573D
51,34,36,#5C573D
52,34,36,#5C583D
53,34,36,#5C583D
54,34,36,#5C593D
55,34,36,#5C593D
56,34,36,#5C5A3D
57,34,36,#5C5A3D
58,34,36,#5C5B3D
59,34,36,#5C5B3D
60,34,36,#5C5C3D
61,34,36,#5B5C3D
62,34,36,#5B5C3D
63,34,36,#5A5C3D
64,34,36,#5A5C3D
65,34,36,#595C3D
66,34,36,#595C3D
67,34,36,#585C3D
68,34,36,#585C3D
69,34,36,#575C3D
70,34,36,#575C3D
71,34,36,#565C3D
72,34,36,#565C3D
73,34,36,#555C3D
74,34,36,#555C3D
75,34,36,#545C3D
76,34,36,#535C3D
77,34,36,#535C3D
78,34,36,#525C3D
79,34,36,#525C3D
80,34,36,#515C3D
81,34,36,#515C3D
82,34,36,#505C3D
83,34,36,#505C3D
84,34,36,#4F5C3D
85,34,36,#4F5C3D
86,34,36,#4E5C3D
87,34,36,#4E5C3D
88,34,36,#4D5C3D
89,34,36,#4D5C3D
90,34,36,#4C5C3D
91,34,36,#4C5C3D
92,34,36,#4B5C3D
93,34,36,#4B5C3D
94,34,36,#4A5C3D
95,34,36,#4A5C3D
96,34,36,#495C3D
97,34,36,#495C3D
98,34,36,#485C3D
99,34,36,#485C3D
100,34,36,#475C3D
101,34,36,#465C3D
102,34,36,#465C3D
103,34,36,#455C3D
104,34,36,#455C3D
105,34,36,#445C3D
106,34,36,#445C3D
107,34,36,#435C3D
108,34,36,#435C3D
109,34,36,#425C3D
110,34,36,#425C3D
111,34,36,#415C3D
112,34,36,#415C3D
113,34,36,#405C3D
114,34,36,#405C3D
115,34,36,#3F5C3D
116,34,36,#3F5C3D
117,34,36,#3E5C3D
118,34,36,#3E5C3D
119,34,36,#3D5C3D
120,34,36,#3D5C3D
121,34,36,#3D5C3D
122,34,36,#3D5C3E
123,34,36,#3D5C3E
124,34,36,#3D5C3F
125,34,36,#3D5C3F
126,34,36,#3D5C40
127,34,36,#3D5C40
128,34,36,#3D5C41
129,34,36,#3D5C41
130,34,36,#3D5C42
131,34,36,#3D5C42
132,34,36,#3D5C43
133,34,36,#3D5C43
134,34,36,#3D5C44
135,34,36,#3D5C44
136,34,36,#3D5C45
137,34,36,#3D5C45
138,34,36,#3D5C46
139,34,36,#3D5C46
140,34,36,#3D5C47
141,34,36,#3D5C48
142,34,36,#3D5C48
143,34,36,#3D5C49
144,34,36,#3D5C49
145,34,36,#3D5C4A
146,34,36,#3D5C4A
147,34,36,#3D5C4B
148,34,36,#3D5C4B
149,34,36,#3D5C4C
150,34,36,#3D5C4C
151,34,36,#3D5C4D
152,34,36,#3D5C4D
153,34,36,#3D5C4E
154,34,36,#3D5C4E
155,34,36,#3D5C4F
156,34,36,#3D5C4F
157,34,36,#3D5C50
158,34,36,#3D5C50
159,34,36,#3D5C51
160,34,36,#3D5C51
161,34,36,#3D5C52
162,34,36,#3D5C52
163,34,36,#3D5C53
164,34,36,#3D5C53
165,34,36,#3D5C54
166,34,36,#3D5C55
167,34,36,#3D5C55
168,34,36,#3D5C56
169,34,36,#3D5C56
170,34,36,#3D5C57
171,34,36,#3D5C57
172,34,36,#3D5C58
173,34,36,#3D5C58
174,34,36,#3D5C59
175,34,36,#3D5C59
176,34,36,#3D5C5A
177,34,36,#3D5C5A
178,34,36,#3D5C5B
179,34,36,#3D5C5B
180,34,36,#3D5C5C
181,34,36,#3D5B5C
182,34,36,#3D5B5C
183,34,36,#3D5A5C
184,34,36,#3D5A5C
185,34,36,#3D595C
186,34,36,#3D595C
187,34,36,#3D585C
188,34,36,#3D585C
189,34,36,#3D575C
190,34,36,#3D575C
191,34,36,#3D565C
192,34,36,#3D565C
193,34,36,#3D555C
194,34,36,#3D555C
195,34,36,#3D545C
196,34,36,#3D535C
197,34,36,#3D535C
198,34,36,#3D525C
199,34,36,#3D525C
200,34,36,#3D515C
201,34,36,#3D515C
202,34,36,#3D505C
203,34,36,#3D505C
204,34,36,#3D4F5C
205,34,36,#3D4F5C
206,34,36,#3D4E5C
207,34,36,#3D4E5C
208,34,36,#3D4D5C
209,34,36,#3D4D5C
210,34,36,#3D4C5C
211,34,36,#3D4C5C
212,34,36,#3D4B5C
213,34,36,#3D4B5C
214,34,36,#3D4A5C
215,34,36,#3D4A5C
216,34,36,#3D495C
217,34,36,#3D495C
218,34,36,#3D485C
219,34,36,#3D485C
220,34,36,#3D475C
221,34,36,#3D465C
222,34,36,#3D465C
223,34,36,#3D455C
224,34,36,#3D455C
225,34,36,#3D445C
226,34,36,#3D445C
227,34,36,#3D435C
228,34,36,#3D435C
229,34,36,#3D425C
230,34,36,#3D425C
231,34,36,#3D415C
232,34,36,#3D415C
233,34,36,#3D405C
234,34,36,#3D405C
235,34,36,#3D3F5C
236,34,36,#3D3F5C
237,34,36,#3D3E5C
238,34,36,#3D3E5C
239,34,36,#3D3D5C
240,34,36,#3D3D5C
241,34,36,#3D3D5C
242,34,36,#3E3D5C
243,34,36,#3E3D5C
244,34,36,#3F3D5C
245,34,36,#3F3D5C
246,34,36,#403D5C
247,34,36,#403D5C
248,34,36,#413D5C
249,34,36,#413D5C
250,34,36,#423D5C
251,34,36,#423D5C
252,34,36,#433D5C
253,34,36,#433D5C
254,34,36,#443D5C
255,34,36,#443D5C
256,34,36,#453D5C
257,34,36,#453D5C
258,34,36,#463D5C
259,34,36,#463D5C
260,34,36,#473D5C
261,34,36,#483D5C
262,34,36,#483D5C
263,34,36,#493D5C
264,34,36,#493D5C
265,34,36,#4A3D5C
266,34,36,#4A3D5C
267,34,36,#4B3D5C
268,34,36,#4B3D5C
269,34,36,#4C3D5C
270,34,36,#4C3D5C
271,34,36,#4D3D5C
272,34,36,#4D3D5C
273,34,36,#4E3D5C
274,34,36,#4E3D5C
275,34,36,#4F3D5C
276,34,36,#4F3D5C
277,34,36,#503D5C
278,34,36,#503D5C
279,34,36,#513D5C
280,34,36,#513D5C
281,34,36,#523D5C
282,34,36,#523D5C
283,34,36,#533D5C
284,34,36,#533D5C
285,34,36,#543D5C
286,34,36,#553D5C
287,34,36,#553D5C
288,34,36,#563D5C
289,34,36,#563D5C
290,34,36,#573D5C
291,34,36,#573D5C
292,34,36,#583D5C
293,34,36,#583D5C
294,34,36,#593D5C
295,34,36,#593D5C
296,34,36,#5A3D5C
297,34,36,#5A3D5C
298,34,36,#5B3D5C
299,34,36,#5B3D5C
300,34,36,#5C3D5C
301,34,36,#5C3D5B
302,34,36,#5C3D5B
303,34,36,#5C3D5A
304,34,36,#5C3D5A
305,34,36,#5C3D59
306,34,36,#5C3D59
307,34,36,#5C3D58
308,34,36,#5C3D58
309,34,36,#5C3D57
310,34,36,#5C3D57
311,34,36,#5C3D56
312,34,36,#5C3D56
313,34,36,#5C3D55
314,34,36,#5C3D55
315,34,36,#5C3D54
316,34,36,#5C3D53
317,34,36,#5C3D53
318,34,36,#5C3D52
319,34,36,#5C3D52
320,34,36,#5C3D51
321,34,36,#5C3D51
322,34,36,#5C3D50
323,34,36,#5C3D50
324,34,36,#5C3D4F
325,34,36,#5C3D4F
326,34,36,#5C3D4E
327,34,36,#5C3D4E
328,34,36,#5C3D4D
329,34,36,#5C3D4D
330,34,36,#5C3D4C
331,34,36,#5C3D4C
332,34,36,#5C3D4B
333,34,36,#5C3D4B
334,34,36,#5C3D4A
335,34,36,#5C3D4A
336,34,36,#5C3D49
337,34,36,#5C3D49
338,34,36,#5C3D48
339,34,36,#5C3D48
340,34,36,#5C3D47
341,34,36,#5C3D46
342,34,36,#5C3D46
343,34,36,#5C3D45
344,34,36,#5C3D45
345,34,36,#5C3D44
346,34,36,#5C3D44
347,34,36,#5C3D43
348,34,36,#5C3D43
349,34,36,#5C3D42
350,34,36,#5C3D42
351,34,36,#5C3D41
352,34,36,#5C3D41
353,34,36,#5C3D40
354,34,36,#5C3D40
355,34,36,#5C3D3F
356,34,36,#5C3D3F
357,34,36,#5C3D3E
358,34,36,#5C3D3E
359,34,36,#5C3D3D
0,33,36,#5C3E3E
1,33,36,#5C3E3E
2,33,36,#5C3F3E
3,33,36,#5C3F3E
4,33,36,#5C403E
5,33,36,#5C403E
6,33,36,#5C413E
7,33,36,#5C413E
8,33,36,#5C423E
9,33,36,#5C423E
10,33,36,#5C433E
11,33,36,#5C433E
12,33,36,#5C443E
13,33,36,#5C443E
14,33,36,#5C453E
15,33,36,#5C453E
16,33,36,#5C463E
17,33,36,#5C463E
18,33,36,#5C473E
19,33,36,#5C473E
20,33,36,#5C483E
21,33,36,#5C483E
22,33,36,#5C493E
23,33,36,#5C493E
24,33,36,#5C4A3E
25,33,36,#5C4A3E
26,33,36,#5C4B3E
27,33,36,#5C4B3E
28,33,36,#5C4C3E
29,33,36,#5C4C3E
30,33,36,#5C4D3E
31,33,36,#5C4D3E
32,33,36,#5C4E3E
33,33,36,#5C4E3E
34,33,36,#5C4F3E
35,33,36,#5C4F3E
36,33,36,#5C503E
37,33,36,#5C503E
38,33,36,#5C513E
39,33,36,#5C513E
40,33,36,#5C523E
41,33,36,#5C523E
42,33,36,#5C533E
43,33,36,#5C533E
44,33,36,#5C543E
45,33,36,#5C543E
46,33,36,#5C553E
47,33,36,#5C553E
48,33,36,#5C563E
49,33,36,#5C563E
50,33,36,#5C573E
51,33,36,#5C573E
52,33,36,#5C583E
53,33,36,#5C583E
54,33,36,#5C593E
55,33,36,#5C593E
56,33,36,#5C5A3E
57,33,36,#5C5A3E
58,33,36,#5C5B3E
59,33,36,#5C5B3E
60,33,36,#5C5C3E
61,33,36,#5B5C3E
62,33,36,#5B5C3E
63,33,36,#5A5C3E
64,33,36,#5A5C3E
65,33,36,#595C3E
66,33,36,#595C3E
67,33,36,#585C3E
68,33,36,#585C3E
69,33,36,#575C3E
70,33,36,#575C3E
71,33,36,#565C3E
72,33,36,#565C3E
73,33,36,#555C3E
74,33,36,#555C3E
75,33,36,#545C3E
76,33,36,#545C3E
77,33,36,#535C3E
78,33,36,#535C3E
79,33,36,#525C3E
80,33,36,#525C3E
81,33,36,#515C3E
82,33,36,#515C3E
83,33,36,#505C3E
84,33,36,#505C3E
85,33,36,#4F5C3E
86,33,36,#4F5C3E
87,33,36,#4E5C3E
88,33,36,#4E5C3E
89,33,36,#4D5C3E
90,33,36,#4D5C3E
91,33,36,#4C5C3E
92,33,36,#4C5C3E
93,33,36,#4B5C3E
94,33,36,#4B5C3E
95,33,36,#4A5C3E
96,33,36,#4A5C3E
97,33,36,#495C3E
98,33,36,#495C3E
99,33,36,#485C3E
100,33,36,#485C3E
101,33,36,#475C3E
102,33,36,#475C3E
103,33,36,#465C3E
104,33,36,#465C3E
105,33,36,#455C3E
106,33,36,#455C3E
107,33,36,#445C3E
108,33,36,#445C3E
109,33,36,#435C3E
110,33,36,#435C3E
111,33,36,#425C3E
112,33,36,#425C3E
113,33,36,#415C3E
114,33,36,#415C3E
115,33,36,#405C3E
116,33,36,#405C3E
117,33,36,#3F5C3E
118,33,36,#3F5C3E
119,33,36,#3E5C3E
120,33,36,#3E5C3E
121,33,36,#3E5C3E
122,33,36,#3E5C3F
123,33,36,#3E5C3F
124,33,36,#3E5C40
125,33,36,#3E5C40
126,33,36,#3E5C41
127,33,36,#3E5C41
128,33,36,#3E5C42
129,33,36,#3E5C42
130,33,36,#3E5C43
131,33,36,#3E5C43
132,33,36,#3E5C44
133,33,36,#3E5C44
134,33,36,#3E5C45
135,33,36,#3E5C45
136,33,36,#3E5C46
137,33,36,#3E5C46
138,33,36,#3E5C47
139,33,36,#3E5C47
140,33,36,#3E5C48
141,33,36,#3E5C48
142,33,36,#3E5C49
143,33,36,#3E5C49
144,33,36,#3E5C4A
145,33,36,#3E5C4A
146,33,36,#3E5C4B
147,33,36,#3E5C4B
148,33,36,#3E5C4C
149,33,36,#3E5C4C
150,33,36,#3E5C4D
151,33,36,#3E5C4D
152,33,36,#3E5C4E
153,33,36,#3E5C4E
154,33,36,#3E5C4F
155,33,36,#3E5C4F
156,33,36,#3E5C50
157,33,36,#3E5C50
158,33,36,#3E5C51
159,33,36,#3E5C51
160,33,36,#3E5C52
161,33,36,#3E5C52
162,33,36,#3E5C53
163,33,36,#3E5C53
164,33,36,#3E5C54
165,33,36,#3E5C54
166,33,36,#3E5C55
167,33,36,#3E5C55
168,33,36,#3E5C56
169,33,36,#3E5C56
170,33,36,#3E5C57
171,33,36,#3E5C57
172,33,36,#3E5C58
173,33,36,#3E5C58
174,33,36,#3E5C59
175,33,36,#3E5C59
176,33,36,#3E5C5A
177,33,36,#3E5C5A
178,33,36,#3E5C5B
179,33,36,#3E5C5B
180,33,36,#3E5C5C
181,33,36,#3E5B5C
182,33,36,#3E5B5C
183,33,36,#3E5A5C
184,33,36,#3E5A5C
185,33,36,#3E595C
186,33,36,#3E595C
187,33,36,#3E585C
188,33,36,#3E585C
189,33,36,#3E575C
190,33,36,#3E575C
191,33,36,#3E565C
192,33,36,#3E565C
193,33,36,#3E555C
194,33,36,#3E555C
195,33,36,#3E545C
196,33,36,#3E545C
197,33,36,#3E535C
198,33,36,#3E535C
199,33,36,#3E525C
200,33,36,#3E525C
201,33,36,#3E515C
202,33,36,#3E515C
203,33,36,#3E505C
204,33,36,#3E505C
205,33,36,#3E4F5C
206,33,36,#3E4F5C
207,33,36,#3E4E5C
208,33,36,#3E4E5C
209,33,36,#3E4D5C
210,33,36,#3E4D5C
211,33,36,#3E4C5C
212,33,36,#3E4C5C
213,33,36,#3E4B5C
214,33,36,#3E4B5C
215,33,36,#3E4A5C
216,33,36,#3E4A5C
217,33,36,#3E495C
218,33,36,#3E495C
219,33,36,#3E485C
220,33,36,#3E485C
221,33,36,#3E475C
222,33,36,#3E475C
223,33,36,#3E465C
224,33,36,#3E465C
225,33,36,#3E455C
226,33,36,#3E455C
227,33,36,#3E445C
228,33,36,#3E445C
229,33,36,#3E435C
230,33,36,#3E435C
231,33,36,#3E425C
232,33,36,#3E425C
233,33,36,#3E415C
234,33,36,#3E415C
235,33,36,#3E405C
236,33,36,#3E405C
237,33,36,#3E3F5C
238,33,36,#3E3F5C
239,33,36,#3E3E5C
240,33,36,#3E3E5C
241,33,36,#3E3E5C
242,33,36,#3F3E5C
243,33,36,#3F3E5C
244,33,36,#403E5C
245,33,36,#403E5C
246,33,36,#413E5C
247,33,36,#413E5C
248,33,36,#423E5C
249,33,36,#423E5C
250,33,36,#433E5C
251,33,36,#433E5C
252,33,36,#443E5C
253,33,36,#443E5C
254,33,36,#453E5C
255,33,36,#453E5C
256,33,36,#463E5C
257,33,36,#463E5C
258,33,36,#473E5C
259,33,36,#473E5C
260,33,36,#483E5C
261,33,36,#483E5C
262,33,36,#493E5C
263,33,36,#493E5C
264,33,36,#4A3E5C
265,33,36,#4A3E5C
266,33,36,#4B3E5C
267,33,36,#4B3E5C
268,33,36,#4C3E5C
269,33,36,#4C3E5C
270,33,36,#4D3E5C
271,33,36,#4D3E5C
272,33,36,#4E3E5C
273,33,36,#4E3E5C
274,33,36,#4F3E5C
275,33,36,#4F3E5C
276,33,36,#503E5C
277,33,36,#503E5C
278,33,36,#513E5C
279,33,36,#513E5C
280,33,36,#523E5C
281,33,36,#523E5C
282,33,36,#533E5C
283,33,36,#533E5C
284,33,36,#543E5C
285,33,36,#543E5C
286,33,36,#553E5C
287,33,36,#553E5C
288,33,36,#563E5C
289,33,36,#563E5C
290,33,36,#573E5C
291,33,36,#573E5C
292,33,36,#583E5C
293,33,36,#583E5C
294,33,36,#593E5C
295,33,36,#593E5C
296,33,36,#5A3E5C
297,33,36,#5A3E5C
298,33,36,#5B3E5C
299,33,36,#5B3E5C
300,33,36,#5C3E5C
301,33,36,#5C3E5B
302,33,36,#5C3E5B
303,33,36,#5C3E5A
304,33,36,#5C3E5A
305,33,36,#5C3E59
306,33,36,#5C3E59
307,33,36,#5C3E58
308,33,36,#5C3E58
309,33,36,#5C3E57
310,33,36,#5C3E57
311,33,36,#5C3E56
312,33,36,#5C3E56
313,33,36,#5C3E55
314,33,36,#5C3E55
315,33,36,#5C3E54
316,33,36,#5C3E54
317,33,36,#5C3E53
318,33,36,#5C3E53
319,33,36,#5C3E52
320,33,36,#5C3E52
321,33,36,#5C3E51
322,33,36,#5C3E51
323,33,36,#5C3E50
324,33,36,#5C3E50
325,33,36,#5C3E4F
326,33,36,#5C3E4F
327,33,36,#5C3E4E
328,33,36,#5C3E4E
329,33,36,#5C3E4D
330,33,36,#5C3E4D
331,33,36,#5C3E4C
332,33,36,#5C3E4C
333,33,36,#5C3E4B
334,33,36,#5C3E4B
335,33,36,#5C3E4A
336,33,36,#5C3E4A
337,33,36,#5C3E49
338,33,36,#5C3E49
339,33,36,#5C3E48
340,33,36,#5C3E48
341,33,36,#5C3E47
342,33,36,#5C3E47
343,33,36,#5C3E46
344,33,36,#5C3E46
345,33,36,#5C3E45
346,33,36,#5C3E45
347,33,36,#5C3E44
348,33,36,#5C3E44
349,33,36,#5C3E43
350,33,36,#5C3E43
351,33,36,#5C3E42
352,33,36,#5C3E42
353,33,36,#5C3E41
354,33,36,#5C3E41
355,33,36,#5C3E40
356,33,36,#5C3E40
357,33,36,#5C3E3F
358,33,36,#5C3E3F
359,33,36,#5C3E3E
0,32,36,#5C3E3E
1,32,36,#5C3F3E
2,32,36,#5C3F3E
3,32,36,#5C403E
4,32,36,#5C403E
5,32,36,#5C413E
6,32,36,#5C413E
7,32,36,#5C423E
8,32,36,#5C423E
9,32,36,#5C433E
10,32,36,#5C433E
11,32,36,#5C443E
12,32,36,#5C443E
13,32,36,#5C453E
14,32,36,#5C453E
15,32,36,#5C463E
16,32,36,#5C463E
17,32,36,#5C473E
18,32,36,#5C473E
19,32,36,#5C483E
20,32,36,#5C483E
21,32,36,#5C493E
22,32,36,#5C493E
23,32,36,#5C4A3E
24,32,36,#5C4A3E
25,32,36,#5C4B3E
26,32,36,#5C4B3E
27,32,36,#5C4C3E
28,32,36,#5C4C3E
29,32,36,#5C4D3E
30,32,36,#5C4D3E
31,32,36,#5C4E3E
32,32,36,#5C4E3E
33,32,36,#5C4F3E
34,32,36,#5C4F3E
35,32,36,#5C503E
36,32,36,#5C503E
37,32,36,#5C513E
38,32,36,#5C513E
39,32,36,#5C523E
40,32,36,#5C523E
41,32,36,#5C523E
42,32,36,#5C533E
43,32,36,#5C533E
44,32,36,#5C543E
45,32,36,#5C543E
46,32,36,#5C553E
47,32,36,#5C553E
48,32,36,#5C563E
49,32,36,#5C563E
50,32,36,#5C573E
51,32,36,#5C573E
52,32,36,#5C583E
53,32,36,#5C583E
54,32,36,#5C593E
55,32,36,#5C593E
56,32,36,#5C5A3E
57,32,36,#5C5A3E
58,32,36,#5C5B3E
59,32,36,#5C5B3E
60,32,36,#5C5C3E
61,32,36,#5B5C3E
62,32,36,#5B5C3E
63,32,36,#5A5C3E
64,32,36,#5A5C3E
65,32,36,#595C3E
66,32,36,#595C3E
67,32,36,#585C3E
68,32,36,#585C3E
69,32,36,#575C3E
70,32,36,#575C3E
71,32,36,#565C3E
72,32,36,#565C3E
73,32,36,#555C3E
74,32,36,#555C3E
75,32,36,#545C3E
76,32,36,#545C3E
77,32,36,#535C3E
78,32,36,#535C3E
79,32,36,#525C3E
80,32,36,#525C3E
81,32,36,#525C3E
82,32,36,#515C3E
83,32,36,#515C3E
84,32,36,#505C3E
85,32,36,#505C3E
86,32,36,#4F5C3E
87,32,36,#4F5C3E
88,32,36,#4E5C3E
89,32,36,#4E5C3E
90,32,36,#4D5C3E
91,32,36,#4D5C3E
92,32,36,#4C5C3E
93,32,36,#4C5C3E
94,32,36,#4B5C3E
95,32,36,#4B5C3E
96,32,36,#4A5C3E
97,32,36,#4A5C3E
98,32,36,#495C3E
99,32,36,#495C3E
100,32,36,#485C3E
101,32,36,#485C3E
102,32,36,#475C3E
103,32,36,#475C3E
104,32,36,#465C3E
105,32,36,#465C3E
106,32,36,#455C3E
107,32,36,#455C3E
108,32,36,#445C3E
109,32,36,#445C3E
110,32,36,#435C3E
111,32,36,#435C3E
112,32,36,#425C3E
113,32,36,#425C3E
114,32,36,#415C3E
115,32,36,#415C3E
116,32,36,#405C3E
117,32,36,#405C3E
118,32,36,#3F5C3E
119,32,36,#3F5C3E
120,32,36,#3E5C3E
121,32,36,#3E5C3F
122,32,36,#3E5C3F
123,32,36,#3E5C40
124,32,36,#3E5C40
125,32,36,#3E5C41
126,32,36,#3E5C41
127,32,36,#3E5C42
128,32,36,#3E5C42
129,32,36,#3E5C43
130,32,36,#3E5C43
131,32,36,#3E5C44
132,32,36,#3E5C44
133,32,36,#3E5C45
134,32,36,#3E5C45
135,32,36,#3E5C46
136,32,36,#3E5C46
137,32,36,#3E5C47
138,32,36,#3E5C47
139,32,36,#3E5C48
140,32,36,#3E5C48
141,32,36,#3E5C49
142,32,36,#3E5C49
143,32,36,#3E5C4A
144,32,36,#3E5C4A
145,32,36,#3E5C4B
146,32,36,#3E5C4B
147,32,36,#3E5C4C
148,32,36,#3E5C4C
149,32,36,#3E5C4D
150,32,36,#3E5C4D
151,32,36,#3E5C4E
152,32,36,#3E5C4E
153,32,36,#3E5C4F
154,32,36,#3E5C4F
155,32,36,#3E5C50
156,32,36,#3E5C50
157,32,36,#3E5C51
158,32,36,#3E5C51
159,32,36,#3E5C52
160,32,36,#3E5C52
161,32,36,#3E5C52
162,32,36,#3E5C53
163,32,36,#3E5C53
164,32,36,#3E5C54
165,32,36,#3E5C54
166,32,36,#3E5C55
167,32,36,#3E5C55
168,32,36,#3E5C56
169,32,36,#3E5C56
170,32,36,#3E5C57
171,32,36,#3E5C57
172,32,36,#3E5C58
173,32,36,#3E5C58
174,32,36,#3E5C59
175,32,36,#3E5C59
176,32,36,#3E5C5A
177,32,36,#3E5C5A
178,32,36,#3E5C5B
179,32,36,#3E5C5B
180,32,36,#3E5C5C
181,32,36,#3E5B5C
182,32,36,#3E5B5C
183,32,36,#3E5A5C
184,32,36,#3E5A5C
185,32,36,#3E595C
186,32,36,#3E595C
187,32,36,#3E585C
188,32,36,#3E585C
189,32,36,#3E575C
190,32,36,#3E575C
191,32,36,#3E565C
192,32,36,#3E565C
193,32,36,#3E555C
194,32,36,#3E555C
195,32,36,#3E545C
196,32,36,#3E545C
197,32,36,#3E535C
198,32,36,#3E535C
199,32,36,#3E525C
200,32,36,#3E525C
201,32,36,#3E525C
202,32,36,#3E515C
203,32,36,#3E515C
204,32,36,#3E505C
205,32,36,#3E505C
206,32,36,#3E4F5C
207,32,36,#3E4F5C
208,32,36,#3E4E5C
209,32,36,#3E4E5C
210,32,36,#3E4D5C
211,32,36,#3E4D5C
212,32,36,#3E4C5C
213,32,36,#3E4C5C
214,32,36,#3E4B5C
215,32,36,#3E4B5C
216,32,36,#3E4A5C
217,32,36,#3E4A5C
218,32,36,#3E495C
219,32,36,#3E495C
220,32,36,#3E485C
221,32,36,#3E485C
222,32,36,#3E475C
223,32,36,#3E475C
224,32,36,#3E465C
225,32,36,#3E465C
226,32,36,#3E455C
227,32,36,#3E455C
228,32,36,#3E445C
229,32,36,#3E445C
230,32,36,#3E435C
231,32,36,#3E435C
232,32,36,#3E425C
233,32,36,#3E425C
234,32,36,#3E415C
235,32,36,#3E415C
236,32,36,#3E405C
237,32,36,#3E405C
238,32,36,#3E3F5C
239,32,36,#3E3F5C
240,32,36,#3E3E5C
241,32,36,#3F3E5C
242,32,36,#3F3E5C
243,32,36,#403E5C
244,32,36,#403E5C
245,32,36,#413E5C
246,32,36,#413E5C
247,32,36,#423E5C
248,32,36,#423E5C
249,32,36,#433E5C
250,32,36,#433E5C
251,32,36,#443E5C
252,32,36,#443E5C
253,32,36,#453E5C
254,32,36,#453E5C
255,32,36,#463E5C
256,32,36,#463E5C
257,32,36,#473E5C
258,32,36,#473E5C
259,32,36,#483E5C
260,32,36,#483E5C
261,32,36,#493E5C
262,32,36,#493E5C
263,32,36,#4A3E5C
264,32,36,#4A3E5C
265,32,36,#4B3E5C
266,32,36,#4B3E5C
267,32,36,#4C3E5C
268,32,36,#4C3E5C
269,32,36,#4D3E5C
270,32,36,#4D3E5C
271,32,36,#4E3E5C
272,32,36,#4E3E5C
273,32,36,#4F3E5C
274,32,36,#4F3E5C
275,32,36,#503E5C
276,32,36,#503E5C
277,32,36,#513E5C
278,32,36,#513E5C
279,32,36,#523E5C
280,32,36,#523E5C
281,32,36,#523E5C
282,32,36,#533E5C
283,32,36,#533E5C
284,32,36,#543E5C
285,32,36,#543E5C
286,32,36,#553E5C
287,32,36,#553E5C
288,32,36,#563E5C
289,32,36,#563E5C
290,32,36,#573E5C
291,32,36,#573E5C
292,32,36,#583E5C
293,32,36,#583E5C
294,32,36,#593E5C
295,32,36,#593E5C
296,32,36,#5A3E5C
297,32,36,#5A3E5C
298,32,36,#5B3E5C
299,32,36,#5B3E5C
300,32,36,#5C3E5C
301,32,36,#5C3E5B
302,32,36,#5C3E5B
303,32,36,#5C3E5A
304,32,36,#5C3E5A
305,32,36,#5C3E59
306,32,36,#5C3E59
307,32,36,#5C3E58
308,32,36,#5C3E58
309,32,36,#5C3E57
310,32,36,#5C3E57
311,32,36,#5C3E56
312,32,36,#5C3E56
313,32,36,#5C3E55
314,32,36,#5C3E55
315,32,36,#5C3E54
316,32,36,#5C3E54
317,32,36,#5C3E53
318,32,36,#5C3E53
319,32,36,#5C3E52
320,32,36,#5C3E52
321,32,36,#5C3E52
322,32,36,#5C3E51
323,32,36,#5C3E51
324,32,36,#5C3E50
325,32,36,#5C3E50
326,32,36,#5C3E4F
327,32,36,#5C3E4F
328,32,36,#5C3E4E
329,32,36,#5C3E4E
330,32,36,#5C3E4D
331,32,36,#5C3E4D
332,32,36,#5C3E4C
333,32,36,#5C3E4C
334,32,36,#5C3E4B
335,32,36,#5C3E4B
336,32,36,#5C3E4A
337,32,36,#5C3E4A
338,32,36,#5C3E49
339,32,36,#5C3E49
340,32,36,#5C3E48
341,32,36,#5C3E48
342,32,36,#5C3E47
343,32,36,#5C3E47
344,32,36,#5C3E46
345,32,36,#5C3E46
346,32,36,#5C3E45
347,32,36,#5C3E45
348,32,36,#5C3E44
349,32,36,#5C3E44
350,32,36,#5C3E43
351,32,36,#5C3E43
352,32,36,#5C3E42
353,32,36,#5C3E42
354,32,36,#5C3E41
355,32,36,#5C3E41
356,32,36,#5C3E40
357,32,36,#5C3E40
358,32,36,#5C3E3F
359,32,36,#5C3E3F
0,31,36,#5C3F3F
1,31,36,#5C403F
2,31,36,#5C403F
3,31,36,#5C413F
4,31,36,#5C413F
5,31,36,#5C423F
6,31,36,#5C423F
7,31,36,#5C433F
8,31,36,#5C433F
9,31,36,#5C443F
10,31,36,#5C443F
11,31,36,#5C453F
12,31,36,#5C453F
13,31,36,#5C463F
14,31,36,#5C463F
15,31,36,#5C463F
16,31,36,#5C473F
17,31,36,#5C473F
18,31,36,#5C483F
19,31,36,#5C483F
20,31,36,#5C493F
21,31,36,#5C493F
22,31,36,#5C4A3F
23,31,36,#5C4A3F
24,31,36,#5C4B3F
25,31,36,#5C4B3F
26,31,36,#5C4C3F
27,31,36,#5C4C3F
28,31,36,#5C4D3F
29,31,36,#5C4D3F
30,31,36,#5C4E3F
31,31,36,#5C4E3F
32,31,36,#5C4F3F
33,31,36,#5C4F3F
34,31,36,#5C4F3F
35,31,36,#5C503F
36,31,36,#5C503F
37,31,36,#5C513F
38,31,36,#5C513F
39,31,36,#5C523F
40,31,36,#5C523F
41,31,36,#5C533F
42,31,36,#5C533F
43,31,36,#5C543F
44,31,36,#5C543F
45,31,36,#5C553F
46,31,36,#5C553F
47,31,36,#5C563F
48,31,36,#5C563F
49,31,36,#5C573F
50,31,36,#5C573F
51,31,36,#5C583F
52,31,36,#5C583F
53,31,36,#5C583F
54,31,36,#5C593F
55,31,36,#5C593F
56,31,36,#5C5A3F
57,31,36,#5C5A3F
58,31,36,#5C5B3F
59,31,36,#5C5B3F
60,31,36,#5C5C3F
61,31,36,#5B5C3F
62,31,36,#5B5C3F
63,31,36,#5A5C3F
64,31,36,#5A5C3F
65,31,36,#595C3F
66,31,36,#595C3F
67,31,36,#585C3F
68,31,36,#585C3F
69,31,36,#585C3F
70,31,36,#575C3F
71,31,36,#575C3F
72,31,36,#565C3F
73,31,36,#565C3F
74,31,36,#555C3F
75,31,36,#555C3F
76,31,36,#545C3F
77,31,36,#545C3F
78,31,36,#535C3F
79,31,36,#535C3F
80,31,36,#525C3F
81,31,36,#525C3F
82,31,36,#515C3F
83,31,36,#515C3F
84,31,36,#505C3F
85,31,36,#505C3F
86,31,36,#4F5C3F
87,31,36,#4F5C3F
88,31,36,#4F5C3F
89,31,36,#4E5C3F
90,31,36,#4E5C3F
91,31,36,#4D5C3F
92,31,36,#4D5C3F
93,31,36,#4C5C3F
94,31,36,#4C5C3F
95,31,36,#4B5C3F
96,31,36,#4B5C3F
97,31,36,#4A5C3F
98,31,36,#4A5C3F
99,31,36,#495C3F
100,31,36,#495C3F
101,31,36,#485C3F
102,31,36,#485C3F
103,31,36,#475C3F
104,31,36,#475C3F
105,31,36,#465C3F
106,31,36,#465C3F
107,31,36,#465C3F
108,31,36,#455C3F
109,31,36,#455C3F
110,31,36,#445C3F
111,31,36,#445C3F
112,31,36,#435C3F
113,31,36,#435C3F
114,31,36,#425C3F
115,31,36,#425C3F
116,31,36,#415C3F
117,31,36,#415C3F
118,31,36,#405C3F
119,31,36,#405C3F
120,31,36,#3F5C3F
121,31,36,#3F5C40
122,31,36,#3F5C40
123,31,36,#3F5C41
124,31,36,#3F5C41
125,31,36,#3F5C42
126,31,36,#3F5C42
127,31,36,#3F5C43
128,31,36,#3F5C43
129,31,36,#3F5C44
130,31,36,#3F5C44
131,31,36,#3F5C45
132,31,36,#3F5C45
133,31,36,#3F5C46
134,31,36,#3F5C46
135,31,36,#3F5C46
136,31,36,#3F5C47
137,31,36,#3F5C47
138,31,36,#3F5C48
139,31,36,#3F5C48
140,31,36,#3F5C49
141,31,36,#3F5C49
142,31,36,#3F5C4A
143,31,36,#3F5C4A
144,31,36,#3F5C4B
145,31,36,#3F5C4B
146,31,36,#3F5C4C
147,31,36,#3F5C4C
148,31,36,#3F5C4D
149,31,36,#3F5C4D
150,31,36,#3F5C4E
151,31,36,#3F5C4E
152,31,36,#3F5C4F
153,31,36,#3F5C4F
154,31,36,#3F5C4F
155,31,36,#3F5C50
156,31,36,#3F5C50
157,31,36,#3F5C51
158,31,36,#3F5C51
159,31,36,#3F5C52
160,31,36,#3F5C52
161,31,36,#3F5C53
162,31,36,#3F5C53
163,31,36,#3F5C54
164,31,36,#3F5C54
165,31,36,#3F5C55
166,31,36,#3F5C55
167,31,36,#3F5C56
168,31,36,#3F5C56
169,31,36,#3F5C57
170,31,36,#3F5C57
171,31,36,#3F5C58
172,31,36,#3F5C58
173,31,36,#3F5C58
174,31,36,#3F5C59
175,31,36,#3F5C59
176,31,36,#3F5C5A
177,31,36,#3F5C5A
178,31,36,#3F5C5B
179,31,36,#3F5C5B
180,31,36,#3F5C5C
181,31,36,#3F5B5C
182,31,36,#3F5B5C
183,31,36,#3F5A5C
184,31,36,#3F5A5C
185,31,36,#3F595C
186,31,36,#3F595C
187,31,36,#3F585C
188,31,36,#3F585C
189,31,36,#3F585C
190,31,36,#3F575C
191,31,36,#3F575C
192,31,36,#3F565C
193,31,36,#3F565C
194,31,36,#3F555C
195,31,36,#3F555C
196,31,36,#3F545C
197,31,36,#3F545C
198,31,36,#3F535C
199,31,36,#3F535C
200,31,36,#3F525C
201,31,36,#3F525C
202,31,36,#3F515C
203,31,36,#3F515C
204,31,36,#3F505C
205,31,36,#3F505C
206,31,36,#3F4F5C
207,31,36,#3F4F5C
208,31,36,#3F4F5C
209,31,36,#3F4E5C
210,31,36,#3F4E5C
211,31,36,#3F4D5C
212,31,36,#3F4D5C
213,31,36,#3F4C5C
214,31,36,#3F4C5C
215,31,36,#3F4B5C
216,31,36,#3F4B5C
217,31,36,#3F4A5C
218,31,36,#3F4A5C
219,31,36,#3F495C
220,31,36,#3F495C
221,31,36,#3F485C
222,31,36,#3F485C
223,31,36,#3F475C
224,31,36,#3F475C
225,31,36,#3F465C
226,31,36,#3F465C
227,31,36,#3F465C
228,31,36,#3F455C
229,31,36,#3F455C
230,31,36,#3F445C
231,31,36,#3F445C
232,31,36,#3F435C
233,31,36,#3F435C
234,31,36,#3F425C
235,31,36,#3F425C
236,31,36,#3F415C
237,31,36,#3F415C
238,31,36,#3F405C
239,31,36,#3F405C
240,31,36,#3F3F5C
241,31,36,#403F5C
242,31,36,#403F5C
243,31,36,#413F5C
244,31,36,#413F5C
245,31,36,#423F5C
246,31,36,#423F5C
247,31,36,#433F5C
248,31,36,#433F5C
249,31,36,#443F5C
250,31,36,#443F5C
251,31,36,#453F5C
252,31,36,#453F5C
253,31,36,#463F5C
254,31,36,#463F5C
255,31,36,#463F5C
256,31,36,#473F5C
257,31,36,#473F5C
258,31,36,#483F5C
259,31,36,#483F5C
260,31,36,#493F5C
261,31,36,#493F5C
262,31,36,#4A3F5C
263,31,36,#4A3F5C
264,31,36,#4B3F5C
265,31,36,#4B3F5C
266,31,36,#4C3F5C
267,31,36,#4C3F5C
268,31,36,#4D3F5C
269,31,36,#4D3F5C
270,31,36,#4E3F5C
271,31,36,#4E3F5C
272,31,36,#4F3F5C
273,31,36,#4F3F5C
274,31,36,#4F3F5C
275,31,36,#503F5C
276,31,36,#503F5C
277,31,36,#513F5C
278,31,36,#513F5C
279,31,36,#523F5C
280,31,36,#523F5C
281,31,36,#533F5C
282,31,36,#533F5C
283,31,36,#543F5C
284,31,36,#543F5C
285,31,36,#553F5C
286,31,36,#553F5C
287,31,36,#563F5C
288,31,36,#563F5C
289,31,36,#573F5C
290,31,36,#573F5C
291,31,36,#583F5C
292,31,36,#583F5C
293,31,36,#583F5C
294,31,36,#593F5C
295,31,36,#593F5C
296,31,36,#5A3F5C
297,31,36,#5A3F5C
298,31,36,#5B3F5C
299,31,36,#5B3F5C
300,31,36,#5C3F5C
301,31,36,#5C3F5B
302,31,36,#5C3F5B
303,31,36,#5C3F5A
304,31,36,#5C3F5A
305,31,36,#5C3F59
306,31,36,#5C3F59
307,31,36,#5C3F58
308,31,36,#5C3F58
309,31,36,#5C3F58
310,31,36,#5C3F57
311,31,36,#5C3F57
312,31,36,#5C3F56
313,31,36,#5C3F56
314,31,36,#5C3F55
315,31,36,#5C3F55
316,31,36,#5C3F54
317,31,36,#5C3F54
318,31,36,#5C3F53
319,31,36,#5C3F53
320,31,36,#5C3F52
321,31,36,#5C3F52
322,31,36,#5C3F51
323,31,36,#5C3F51
324,31,36,#5C3F50
325,31,36,#5C3F50
326,31,36,#5C3F4F
327,31,36,#5C3F4F
328,31,36,#5C3F4F
329,31,36,#5C3F4E
330,31,36,#5C3F4E
331,31,36,#5C3F4D
332,31,36,#5C3F4D
333,31,36,#5C3F4C
334,31,36,#5C3F4C
335,31,36,#5C3F4B
336,31,36,#5C3F4B
337,31,36,#5C3F4A
338,31,36,#5C3F4A
339,31,36,#5C3F49
340,31,36,#5C3F49
341,31,36,#5C3F48
342,31,36,#5C3F48
343,31,36,#5C3F47
344,31,36,#5C3F47
345,31,36,#5C3F46
346,31,36,#5C3F46
347,31,36,#5C3F46
348,31,36,#5C3F45
349,31,36,#5C3F45
350,31,36,#5C3F44
351,31,36,#5C3F44
352,31,36,#5C3F43
353,31,36,#5C3F43
354,31,36,#5C3F42
355,31,36,#5C3F42
356,31,36,#5C3F41
357,31,36,#5C3F41
358,31,36,#5C3F40
359,31,36,#5C3F40
0,30,36,#5C4040
1,30,36,#5C4140
2,30,36,#5C4140
3,30,36,#5C4240
4,30,36,#5C4240
5,30,36,#5C4340
6,30,36,#5C4340
7,30,36,#5C4340
8,30,36,#5C4440
9,30,36,#5C4440
10,30,36,#5C4540
11,30,36,#5C4540
12,30,36,#5C4640
13,30,36,#5C4640
14,30,36,#5C4740
15,30,36,#5C4740
16,30,36,#5C4840
17,30,36,#5C4840
18,30,36,#5C4940
19,30,36,#5C4940
20,30,36,#5C4940
21,30,36,#5C4A40
22,30,36,#5C4A40
23,30,36,#5C4B40
24,30,36,#5C4B40
25,30,36,#5C4C40
26,30,36,#5C4C40
27,30,36,#5C4D40
28,30,36,#5C4D40
29,30,36,#5C4E40
30,30,36,#5C4E40
31,30,36,#5C4E40
32,30,36,#5C4F40
33,30,36,#5C4F40
34,30,36,#5C5040
35,30,36,#5C5040
36,30,36,#5C5140
37,30,36,#5C5140
38,30,36,#5C5240
39,30,36,#5C5240
40,30,36,#5C5340
41,30,36,#5C5340
42,30,36,#5C5440
43,30,36,#5C5440
44,30,36,#5C5440
45,30,36,#5C5540
46,30,36,#5C5540
47,30,36,#5C5640
48,30,36,#5C5640
49,30,36,#5C5740
50,30,36,#5C5740
51,30,36,#5C5840
52,30,36,#5C5840
53,30,36,#5C5940
54,30,36,#5C5940
55,30,36,#5C5A40
56,30,36,#5C5A40
57,30,36,#5C5A40
58,30,36,#5C5B40
59,30,36,#5C5B40
60,30,36,#5C5C40
61,30,36,#5B5C40
62,30,36,#5B5C40
63,30,36,#5A5C40
64,30,36,#5A5C40
65,30,36,#5A5C40
66,30,36,#595C40
67,30,36,#595C40
68,30,36,#585C40
69,30,36,#585C40
70,30,36,#575C40
71,30,36,#575C40
72,30,36,#565C40
73,30,36,#565C40
74,30,36,#555C40
75,30,36,#555C40
76,30,36,#545C40
77,30,36,#545C40
78,30,36,#545C40
79,30,36,#535C40
80,30,36,#535C40
81,30,36,#525C40
82,30,36,#525C40
83,30,36,#515C40
84,30,36,#515C40
85,30,36,#505C40
86,30,36,#505C40
87,30,36,#4F5C40
88,30,36,#4F5C40
89,30,36,#4E5C40
90,30,36,#4E5C40
91,30,36,#4E5C40
92,30,36,#4D5C40
93,30,36,#4D5C40
94,30,36,#4C5C40
95,30,36,#4C5C40
96,30,36,#4B5C40
97,30,36,#4B5C40
98,30,36,#4A5C40
99,30,36,#4A5C40
100,30,36,#495C40
101,30,36,#495C40
102,30,36,#495C40
103,30,36,#485C40
104,30,36,#485C40
105,30,36,#475C40
106,30,36,#475C40
107,30,36,#465C40
108,30,36,#465C40
109,30,36,#455C40
110,30,36,#455C40
111,30,36,#445C40
112,30,36,#445C40
113,30,36,#435C40
114,30,36,#435C40
115,30,36,#435C40
116,30,36,#425C40
117,30,36,#425C40
118,30,36,#415C40
119,30,36,#415C40
120,30,36,#405C40
121,30,36,#405C41
122,30,36,#405C41
123,30,36,#405C42
124,30,36,#405C42
125,30,36,#405C43
126,30,36,#405C43
127,30,36,#405C43
128,30,36,#405C44
129,30,36,#405C44
130,30,36,#405C45
131,30,36,#405C45
132,30,36,#405C46
133,30,36,#405C46
134,30,36,#405C47
135,30,36,#405C47
136,30,36,#405C48
137,30,36,#405C48
138,30,36,#405C49
139,30,36,#405C49
140,30,36,#405C49
141,30,36,#405C4A
142,30,36,#405C4A
143,30,36,#405C4B
144,30,36,#405C4B
145,30,36,#405C4C
146,30,36,#405C4C
147,30,36,#405C4D
148,30,36,#405C4D
149,30,36,#405C4E
150,30,36,#405C4E
151,30,36,#405C4E
152,30,36,#405C4F
153,30,36,#405C4F
154,30,36,#405C50
155,30,36,#405C50
156,30,36,#405C51
157,30,36,#405C51
158,30,36,#405C52
159,30,36,#405C52
160,30,36,#405C53
161,30,36,#405C53
162,30,36,#405C54
163,30,36,#405C54
164,30,36,#405C54
165,30,36,#405C55
166,30,36,#405C55
167,30,36,#405C56
168,30,36,#405C56
169,30,36,#405C57
170,30,36,#405C57
171,30,36,#405C58
172,30,36,#405C58
173,30,36,#405C59
174,30,36,#405C59
175,30,36,#405C5A
176,30,36,#405C5A
177,30,36,#405C5A
178,30,36,#405C5B
179,30,36,#405C5B
180,30,36,#405C5C
181,30,36,#405B5C
182,30,36,#405B5C
183,30,36,#405A5C
184,30,36,#405A5C
185,30,36,#405A5C
186,30,36,#40595C
187,30,36,#40595C
188,30,36,#40585C
189,30,36,#40585C
190,30,36,#40575C
191,30,36,#40575C
192,30,36,#40565C
193,30,36,#40565C
194,30,36,#40555C
195,30,36,#40555C
196,30,36,#40545C
197,30,36,#40545C
198,30,36,#40545C
199,30,36,#40535C
200,30,36,#40535C
201,30,36,#40525C
202,30,36,#40525C
203,30,36,#40515C
204,30,36,#40515C
205,30,36,#40505C
206,30,36,#40505C
207,30,36,#404F5C
208,30,36,#404F5C
209,30,36,#404E5C
210,30,36,#404E5C
211,30,36,#404E5C
212,30,36,#404D5C
213,30,36,#404D5C
214,30,36,#404C5C
215,30,36,#404C5C
216,30,36,#404B5C
217,30,36,#404B5C
218,30,36,#404A5C
219,30,36,#404A5C
220,30,36,#40495C
221,30,36,#40495C
222,30,36,#40495C
223,30,36,#40485C
224,30,36,#40485C
225,30,36,#40475C
226,30,36,#40475C
227,30,36,#40465C
228,30,36,#40465C
229,30,36,#40455C
230,30,36,#40455C
231,30,36,#40445C
232,30,36,#40445C
233,30,36,#40435C
234,30,36,#40435C
235,30,36,#40435C
236,30,36,#40425C
237,30,36,#40425C
238,30,36,#40415C
239,30,36,#40415C
240,30,36,#40405C
241,30,36,#41405C
242,30,36,#41405C
243,30,36,#42405C
244,30,36,#42405C
245,30,36,#43405C
246,30,36,#43405C
247,30,36,#43405C
248,30,36,#44405C
249,30,36,#44405C
250,30,36,#45405C
251,30,36,#45405C
252,30,36,#46405C
253,30,36,#46405C
254,30,36,#47405C
255,30,36,#47405C
256,30,36,#48405C
257,30,36,#48405C
258,30,36,#49405C
259,30,36,#49405C
260,30,36,#49405C
261,30,36,#4A405C
262,30,36,#4A405C
263,30,36,#4B405C
264,30,36,#4B405C
265,30,36,#4C405C
266,30,36,#4C405C
267,30,36,#4D405C
268,30,36,#4D405C
269,30,36,#4E405C
270,30,36,#4E405C
271,30,36,#4E405C
272,30,36,#4F405C
273,30,36,#4F405C
274,30,36,#50405C
275,30,36,#50405C
276,30,36,#51405C
277,30,36,#51405C
278,30,36,#52405C
279,30,36,#52405C
280,30,36,#53405C
281,30,36,#53405C
282,30,36,#54405C
283,30,36,#54405C
284,30,36,#54405C
285,30,36,#55405C
286,30,36,#55405C
287,30,36,#56405C
288,30,36,#56405C
289,30,36,#57405C
290,30,36,#57405C
291,30,36,#58405C
292,30,36,#58405C
293,30,36,#59405C
294,30,36,#59405C
295,30,36,#5A405C
296,30,36,#5A405C
297,30,36,#5A405C
298,30,36,#5B405C
299,30,36,#5B405C
300,30,36,#5C405C
301,30,36,#5C405B
302,30,36,#5C405B
303,30,36,#5C405A
304,30,36,#5C405A
305,30,36,#5C405A
306,30,36,#5C4059
307,30,36,#5C4059
308,30,36,#5C4058
309,30,36,#5C4058
310,30,36,#5C4057
311,30,36,#5C4057
312,30,36,#5C4056
313,30,36,#5C4056
314,30,36,#5C4055
315,30,36,#5C4055
316,30,36,#5C4054
317,30,36,#5C4054
318,30,36,#5C4054
319,30,36,#5C4053
320,30,36,#5C4053
321,30,36,#5C4052
322,30,36,#5C4052
323,30,36,#5C4051
324,30,36,#5C4051
325,30,36,#5C4050
326,30,36,#5C4050
327,30,36,#5C404F
328,30,36,#5C404F
329,30,36,#5C404E
330,30,36,#5C404E
331,30,36,#5C404E
332,30,36,#5C404D
333,30,36,#5C404D
334,30,36,#5C404C
335,30,36,#5C404C
336,30,36,#5C404B
337,30,36,#5C404B
338,30,36,#5C404A
339,30,36,#5C404A
340,30,36,#5C4049
341,30,36,#5C4049
342,30,36,#5C4049
343,30,36,#5C4048
344,30,36,#5C4048
345,30,36,#5C4047
346,30,36,#5C4047
347,30,36,#5C4046
348,30,36,#5C4046
349,30,36,#5C4045
350,30,36,#5C4045
351,30,36,#5C4044
352,30,36,#5C4044
353,30,36,#5C4043
354,30,36,#5C4043
355,30,36,#5C4043
356,30,36,#5C4042
357,30,36,#5C4042
358,30,36,#5C4041
359,30,36,#5C4041
0,29,36,#5C4141
1,29,36,#5C4241
2,29,36,#5C4241
3,29,36,#5C4341
4,29,36,#5C4341
5,29,36,#5C4341
6,29,36,#5C4441
7,29,36,#5C4441
8,29,36,#5C4541
9,29,36,#5C4541
10,29,36,#5C4641
11,29,36,#5C4641
12,29,36,#5C4741
13,29,36,#5C4741
14,29,36,#5C4741
15,29,36,#5C4841
16,29,36,#5C4841
17,29,36,#5C4941
18,29,36,#5C4941
19,29,36,#5C4A41
20,29,36,#5C4A41
21,29,36,#5C4A41
22,29,36,#5C4B41
23,29,36,#5C4B41
24,29,36,#5C4C41
25,29,36,#5C4C41
26,29,36,#5C4D41
27,29,36,#5C4D41
28,29,36,#5C4E41
29,29,36,#5C4E41
30,29,36,#5C4E41
31,29,36,#5C4F41
32,29,36,#5C4F41
33,29,36,#5C5041
34,29,36,#5C5041
35,29,36,#5C5141
36,29,36,#5C5141
37,29,36,#5C5241
38,29,36,#5C5241
39,29,36,#5C5241
40,29,36,#5C5341
41,29,36,#5C5341
42,29,36,#5C5441
43,29,36,#5C5441
44,29,36,#5C5541
45,29,36,#5C5541
46,29,36,#5C5641
47,29,36,#5C5641
48,29,36,#5C5641
49,29,36,#5C5741
50,29,36,#5C5741
51,29,36,#5C5841
52,29,36,#5C5841
53,29,36,#5C5941
54,29,36,#5C5941
55,29,36,#5C5A41
56,29,36,#5C5A41
57,29,36,#5C5A41
58,29,36,#5C5B41
59,29,36,#5C5B41
60,29,36,#5C5C41
61,29,36,#5B5C41
62,29,36,#5B5C41
63,29,36,#5A5C41
64,29,36,#5A5C41
65,29,36,#5A5C41
66,29,36,#595C41
67,29,36,#595C41
68,29,36,#585C41
69,29,36,#585C41
70,29,36,#575C41
71,29,36,#575C41
72,29,36,#565C41
73,29,36,#565C41
74,29,36,#565C41
75,29,36,#555C41
76,29,36,#555C41
77,29,36,#545C41
78,29,36,#545C41
79,29,36,#535C41
80,29,36,#535C41
81,29,36,#525C41
82,29,36,#525C41
83,29,36,#525C41
84,29,36,#515C41
85,29,36,#515C41
86,29,36,#505C41
87,29,36,#505C41
88,29,36,#4F5C41
89,29,36,#4F5C41
90,29,36,#4E5C41
91,29,36,#4E5C41
92,29,36,#4E5C41
93,29,36,#4D5C41
94,29,36,#4D5C41
95,29,36,#4C5C41
96,29,36,#4C5C41
97,29,36,#4B5C41
98,29,36,#4B5C41
99,29,36,#4A5C41
100,29,36,#4A5C41
101,29,36,#4A5C41
102,29,36,#495C41
103,29,36,#495C41
104,29,36,#485C41
105,29,36,#485C41
106,29,36,#475C41
107,29,36,#475C41
108,29,36,#475C41
109,29,36,#465C41
110,29,36,#465C41
111,29,36,#455C41
112,29,36,#455C41
113,29,36,#445C41
114,29,36,#445C41
115,29,36,#435C41
116,29,36,#435C41
117,29,36,#435C41
118,29,36,#425C41
119,29,36,#425C41
120,29,36,#415C41
121,29,36,#415C42
122,29,36,#415C42
123,29,36,#415C43
124,29,36,#415C43
125,29,36,#415C43
126,29,36,#415C44
127,29,36,#415C44
128,29,36,#415C45
129,29,36,#415C45
130,29,36,#415C46
131,29,36,#415C46
132,29,36,#415C47
133,29,36,#415C47
134,29,36,#415C47
135,29,36,#415C48
136,29,36,#415C48
137,29,36,#415C49
138,29,36,#415C49
139,29,36,#415C4A
140,29,36,#415C4A
141,29,36,#415C4A
142,29,36,#415C4B
143,29,36,#415C4B
144,29,36,#415C4C
145,29,36,#415C4C
146,29,36,#415C4D
147,29,36,#415C4D
148,29,36,#415C4E
149,29,36,#415C4E
150,29,36,#415C4E
151,29,36,#415C4F
152,29,36,#415C4F
153,29,36,#415C50
154,29,36,#415C50
155,29,36,#415C51
156,29,36,#415C51
157,29,36,#415C52
158,29,36,#415C52
159,29,36,#415C52
160,29,36,#415C53
161,29,36,#415C53
162,29,36,#415C54
163,29,36,#415C54
164,29,36,#415C55
165,29,36,#415C55
166,29,36,#415C56
167,29,36,#415C56
168,29,36,#415C56
169,29,36,#415C57
170,29,36,#415C57
171,29,36,#415C58
172,29,36,#415C58
173,29,36,#415C59
174,29,36,#415C59
175,29,36,#415C5A
176,29,36,#415C5A
177,29,36,#415C5A
178,29,36,#415C5B
179,29,36,#415C5B
180,29,36,#415C5C
181,29,36,#415B5C
182,29,36,#415B5C
183,29,36,#415A5C
184,29,36,#415A5C
185,29,36,#415A5C
186,29,36,#41595C
187,29,36,#41595C
188,29,36,#41585C
189,29,36,#41585C
190,29,36,#41575C
191,29,36,#41575C
192,29,36,#41565C
193,29,36,#41565C
194,29,36,#41565C
195,29,36,#41555C
196,29,36,#41555C
197,29,36,#41545C
198,29,36,#41545C
199,29,36,#41535C
200,29,36,#41535C
201,29,36,#41525C
202,29,36,#41525C
203,29,36,#41525C
204,29,36,#41515C
205,29,36,#41515C
206,29,36,#41505C
207,29,36,#41505C
208,29,36,#414F5C
209,29,36,#414F5C
210,29,36,#414E5C
211,29,36,#414E5C
212,29,36,#414E5C
213,29,36,#414D5C
214,29,36,#414D5C
215,29,36,#414C5C
216,29,36,#414C5C
217,29,36,#414B5C
218,29,36,#414B5C
219,29,36,#414A5C
220,29,36,#414A5C
221,29,36,#414A5C
222,29,36,#41495C
223,29,36,#41495C
224,29,36,#41485C
225,29,36,#41485C
226,29,36,#41475C
227,29,36,#41475C
228,29,36,#41475C
229,29,36,#41465C
230,29,36,#41465C
231,29,36,#41455C
232,29,36,#41455C
233,29,36,#41445C
234,29,36,#41445C
235,29,36,#41435C
236,29,36,#41435C
237,29,36,#41435C
238,29,36,#41425C
239,29,36,#41425C
240,29,36,#41415C
241,29,36,#42415C
242,29,36,#42415C
243,29,36,#43415C
244,29,36,#43415C
245,29,36,#43415C
246,29,36,#44415C
247,29,36,#44415C
248,29,36,#45415C
249,29,36,#45415C
250,29,36,#46415C
251,29,36,#46415C
252,29,36,#47415C
253,29,36,#47415C
254,29,36,#47415C
255,29,36,#48415C
256,29,36,#48415C
257,29,36,#49415C
258,29,36,#49415C
259,29,36,#4A415C
260,29,36,#4A415C
261,29,36,#4A415C
262,29,36,#4B415C
263,29,36,#4B415C
264,29,36,#4C415C
265,29,36,#4C415C
266,29,36,#4D415C
267,29,36,#4D415C
268,29,36,#4E415C
269,29,36,#4E415C
270,29,36,#4E415C
271,29,36,#4F415C
272,29,36,#4F415C
273,29,36,#50415C
274,29,36,#50415C
275,29,36,#51415C
276,29,36,#51415C
277,29,36,#52415C
278,29,36,#52415C
279,29,36,#52415C
280,29,36,#53415C
281,29,36,#53415C
282,29,36,#54415C
283,29,36,#54415C
284,29,36,#55415C
285,29,36,#55415C
286,29,36,#56415C
287,29,36,#56415C
288,29,36,#56415C
289,29,36,#57415C
290,29,36,#57415C
291,29,36,#58415C
292,29,36,#58415C
293,29,36,#59415C
294,29,36,#59415C
295,29,36,#5A415C
296,29,36,#5A415C
297,29,36,#5A415C
298,29,36,#5B415C
299,29,36,#5B415C
300,29,36,#5C415C
301,29,36,#5C415B
302,29,36,#5C415B
303,29,36,#5C415A
304,29,36,#5C415A
305,29,36,#5C415A
306,29,36,#5C4159
307,29,36,#5C4159
308,29,36,#5C4158
309,29,36,#5C4158
310,29,36,#5C4157
311,29,36,#5C4157
312,29,36,#5C4156
313,29,36,#5C4156
314,29,36,#5C4156
315,29,36,#5C4155
316,29,36,#5C4155
317,29,36,#5C4154
318,29,36,#5C4154
319,29,36,#5C4153
320,29,36,#5C4153
321,29,36,#5C4152
322,29,36,#5C4152
323,29,36,#5C4152
324,29,36,#5C4151
325,29,36,#5C4151
326,29,36,#5C4150
327,29,36,#5C4150
328,29,36,#5C414F
329,29,36,#5C414F
330,29,36,#5C414E
331,29,36,#5C414E
332,29,36,#5C414E
333,29,36,#5C414D
334,29,36,#5C414D
335,29,36,#5C414C
336,29,36,#5C414C
337,29,36,#5C414B
338,29,36,#5C414B
339,29,36,#5C414A
340,29,36,#5C414A
341,29,36,#5C414A
342,29,36,#5C4149
343,29,36,#5C4149
344,29,36,#5C4148
345,29,36,#5C4148
346,29,36,#5C4147
347,29,36,#5C4147
348,29,36,#5C4147
349,29,36,#5C4146
350,29,36,#5C4146
351,29,36,#5C4145
352,29,36,#5C4145
353,29,36,#5C4144
354,29,36,#5C4144
355,29,36,#5C4143
356,29,36,#5C4143
357,29,36,#5C4143
358,29,36,#5C4142
359,29,36,#5C4142
0,28,36,#5C4242
1,28,36,#5C4342
2,28,36,#5C4342
3,28,36,#5C4342
4,28,36,#5C4442
5,28,36,#5C4442
6,28,36,#5C4542
7,28,36,#5C4542
8,28,36,#5C4642
9,28,36,#5C4642
10,28,36,#5C4642
11,28,36,#5C4742
12,28,36,#5C4742
13,28,36,#5C4842
14,28,36,#5C4842
15,28,36,#5C4942
16,28,36,#5C4942
17,28,36,#5C4942
18,28,36,#5C4A42
19,28,36,#5C4A42
20,28,36,#5C4B42
21,28,36,#5C4B42
22,28,36,#5C4C42
23,28,36,#5C4C42
24,28,36,#5C4C42
25,28,36,#5C4D42
26,28,36,#5C4D42
27,28,36,#5C4E42
28,28,36,#5C4E42
29,28,36,#5C4F42
30,28,36,#5C4F42
31,28,36,#5C4F42
32,28,36,#5C5042
33,28,36,#5C5042
34,28,36,#5C5142
35,28,36,#5C5142
36,28,36,#5C5242
37,28,36,#5C5242
38,28,36,#5C5242
39,28,36,#5C5342
40,28,36,#5C5342
41,28,36,#5C5442
42,28,36,#5C5442
43,28,36,#5C5542
44,28,36,#5C5542
45,28,36,#5C5542
46,28,36,#5C5642
47,28,36,#5C5642
48,28,36,#5C5742
49,28,36,#5C5742
50,28,36,#5C5842
51,28,36,#5C5842
52,28,36,#5C5842
53,28,36,#5C5942
54,28,36,#5C5942
55,28,36,#5C5A42
56,28,36,#5C5A42
57,28,36,#5C5B42
58,28,36,#5C5B42
59,28,36,#5C5B42
60,28,36,#5C5C42
61,28,36,#5B5C42
62,28,36,#5B5C42
63,28,36,#5B5C42
64,28,36,#5A5C42
65,28,36,#5A5C42
66,28,36,#595C42
67,28,36,#595C42
68,28,36,#585C42
69,28,36,#585C42
70,28,36,#585C42
71,28,36,#575C42
72,28,36,#575C42
73,28,36,#565C42
74,28,36,#565C42
75,28,36,#555C42
76,28,36,#555C42
77,28,36,#555C42
78,28,36,#545C42
79,28,36,#545C42
80,28,36,#535C42
81,28,36,#535C42
82,28,36,#525C42
83,28,36,#525C42
84,28,36,#525C42
85,28,36,#515C42
86,28,36,#515C42
87,28,36,#505C42
88,28,36,#505C42
89,28,36,#4F5C42
90,28,36,#4F5C42
91,28,36,#4F5C42
92,28,36,#4E5C42
93,28,36,#4E5C42
94,28,36,#4D5C42
95,28,36,#4D5C42
96,28,36,#4C5C42
97,28,36,#4C5C42
98,28,36,#4C5C42
99,28,36,#4B5C42
100,28,36,#4B5C42
101,28,36,#4A5C42
102,28,36,#4A5C42
103,28,36,#495C42
104,28,36,#495C42
105,28,36,#495C42
106,28,36,#485C42
107,28,36,#485C42
108,28,36,#475C42
109,28,36,#475C42
110,28,36,#465C42
111,28,36,#465C42
112,28,36,#465C42
113,28,36,#455C42
114,28,36,#455C42
115,28,36,#445C42
116,28,36,#445C42
117,28,36,#435C42
118,28,36,#435C42
119,28,36,#435C42
120,28,36,#425C42
121,28,36,#425C43
122,28,36,#425C43
123,28,36,#425C43
124,28,36,#425C44
125,28,36,#425C44
126,28,36,#425C45
127,28,36,#425C45
128,28,36,#425C46
129,28,36,#425C46
130,28,36,#425C46
131,28,36,#425C47
132,28,36,#425C47
133,28,36,#425C48
134,28,36,#425C48
135,28,36,#425C49
136,28,36,#425C49
137,28,36,#425C49
138,28,36,#425C4A
139,28,36,#425C4A
140,28,36,#425C4B
141,28,36,#425C4B
142,28,36,#425C4C
143,28,36,#425C4C
144,28,36,#425C4C
145,28,36,#425C4D
146,28,36,#425C4D
147,28,36,#425C4E
148,28,36,#425C4E
149,28,36,#425C4F
150,28,36,#425C4F
151,28,36,#425C4F
152,28,36,#425C50
153,28,36,#425C50
154,28,36,#425C51
155,28,36,#425C51
156,28,36,#425C52
157,28,36,#425C52
158,28,36,#425C52
159,28,36,#425C53
160,28,36,#425C53
161,28,36,#425C54
162,28,36,#425C54
163,28,36,#425C55
164,28,36,#425C55
165,28,36,#425C55
166,28,36,#425C56
167,28,36,#425C56
168,28,36,#425C57
169,28,36,#425C57
170,28,36,#425C58
171,28,36,#425C58
172,28,36,#425C58
173,28,36,#425C59
174,28,36,#425C59
175,28,36,#425C5A
176,28,36,#425C5A
177,28,36,#425C5B
178,28,36,#425C5B
179,28,36,#425C5B
180,28,36,#425C5C
181,28,36,#425B5C
182,28,36,#425B5C
183,28,36,#425B5C
184,28,36,#425A5C
185,28,36,#425A5C
186,28,36,#42595C
187,28,36,#42595C
188,28,36,#42585C
189,28,36,#42585C
190,28,36,#42585C
191,28,36,#42575C
192,28,36,#42575C
193,28,36,#42565C
194,28,36,#42565C
195,28,36,#42555C
196,28,36,#42555C
197,28,36,#42555C
198,28,36,#42545C
199,28,36,#42545C
200,28,36,#42535C
201,28,36,#42535C
202,28,36,#42525C
203,28,36,#42525C
204,28,36,#42525C
205,28,36,#42515C
206,28,36,#42515C
207,28,36,#42505C
208,28,36,#42505C
209,28,36,#424F5C
210,28,36,#424F5C
211,28,36,#424F5C
212,28,36,#424E5C
213,28,36,#424E5C
214,28,36,#424D5C
215,28,36,#424D5C
216,28,36,#424C5C
217,28,36,#424C5C
218,28,36,#424C5C
219,28,36,#424B5C
220,28,36,#424B5C
221,28,36,#424A5C
222,28,36,#424A5C
223,28,36,#42495C
224,28,36,#42495C
225,28,36,#42495C
226,28,36,#42485C
227,28,36,#42485C
228,28,36,#42475C
229,28,36,#42475C
230,28,36,#42465C
231,28,36,#42465C
232,28,36,#42465C
233,28,36,#42455C
234,28,36,#42455C
235,28,36,#42445C
236,28,36,#42445C
237,28,36,#42435C
238,28,36,#42435C
239,28,36,#42435C
240,28,36,#42425C
241,28,36,#43425C
242,28,36,#43425C
243,28,36,#43425C
244,28,36,#44425C
245,28,36,#44425C
246,28,36,#45425C
247,28,36,#45425C
248,28,36,#46425C
249,28,36,#46425C
250,28,36,#46425C
251,28,36,#47425C
252,28,36,#47425C
253,28,36,#48425C
254,28,36,#48425C
255,28,36,#49425C
256,28,36,#49425C
257,28,36,#49425C
258,28,36,#4A425C
259,28,36,#4A425C
260,28,36,#4B425C
261,28,36,#4B425C
262,28,36,#4C425C
263,28,36,#4C425C
264,28,36,#4C425C
265,28,36,#4D425C
266,28,36,#4D425C
267,28,36,#4E425C
268,28,36,#4E425C
269,28,36,#4F425C
270,28,36,#4F425C
271,28,36,#4F425C
272,28,36,#50425C
273,28,36,#50425C
274,28,36,#51425C
275,28,36,#51425C
276,28,36,#52425C
277,28,36,#52425C
278,28,36,#52425C
279,28,36,#53425C
280,28,36,#53425C
281,28,36,#54425C
282,28,36,#54425C
283,28,36,#55425C
284,28,36,#55425C
285,28,36,#55425C
286,28,36,#56425C
287,28,36,#56425C
288,28,36,#57425C
289,28,36,#57425C
290,28,36,#58425C
291,28,36,#58425C
292,28,36,#58425C
293,28,36,#59425C
294,28,36,#59425C
295,28,36,#5A425C
296,28,36,#5A425C
297,28,36,#5B425C
298,28,36,#5B425C
299,28,36,#5B425C
300,28,36,#5C425C
301,28,36,#5C425B
302,28,36,#5C425B
303,28,36,#5C425B
304,28,36,#5C425A
305,28,36,#5C425A
306,28,36,#5C4259
307,28,36,#5C4259
308,28,36,#5C4258
309,28,36,#5C4258
310,28,36,#5C4258
311,28,36,#5C4257
312,28,36,#5C4257
313,28,36,#5C4256
314,28,36,#5C4256
315,28,36,#5C4255
316,28,36,#5C4255
317,28,36,#5C4255
318,28,36,#5C4254
319,28,36,#5C4254
320,28,36,#5C4253
321,28,36,#5C4253
322,28,36,#5C4252
323,28,36,#5C4252
324,28,36,#5C4252
325,28,36,#5C4251
326,28,36,#5C4251
327,28,36,#5C4250
328,28,36,#5C4250
329,28,36,#5C424F
330,28,36,#5C424F
331,28,36,#5C424F
332,28,36,#5C424E
333,28,36,#5C424E
334,28,36,#5C424D
335,28,36,#5C424D
336,28,36,#5C424C
337,28,36,#5C424C
338,28,36,#5C424C
339,28,36,#5C424B
340,28,36,#5C424B
341,28,36,#5C424A
342,28,36,#5C424A
343,28,36,#5C4249
344,28,36,#5C4249
345,28,36,#5C4249
346,28,36,#5C4248
347,28,36,#5C4248
348,28,36,#5C4247
349,28,36,#5C4247
350,28,36,#5C4246
351,28,36,#5C4246
352,28,36,#5C4246
353,28,36,#5C4245
354,28,36,#5C4245
355,28,36,#5C4244
356,28,36,#5C4244
357,28,36,#5C4243
358,28,36,#5C4243
359,28,36,#5C4243
0,27,36,#5C4343
1,27,36,#5C4343
2,27,36,#5C4443
3,27,36,#5C4443
4,27,36,#5C4543
5,27,36,#5C4543
6,27,36,#5C4543
7,27,36,#5C4643
8,27,36,#5C4643
9,27,36,#5C4743
10,27,36,#5C4743
11,27,36,#5C4843
12,27,36,#5C4843
13,27,36,#5C4843
14,27,36,#5C4943
15,27,36,#5C4943
16,27,36,#5C4A43
17,27,36,#5C4A43
18,27,36,#5C4A43
19,27,36,#5C4B43
20,27,36,#5C4B43
21,27,36,#5C4C43
22,27,36,#5C4C43
23,27,36,#5C4D43
24,27,36,#5C4D43
25,27,36,#5C4D43
26,27,36,#5C4E43
27,27,36,#5C4E43
28,27,36,#5C4F43
29,27,36,#5C4F43
30,27,36,#5C4F43
31,27,36,#5C5043
32,27,36,#5C5043
33,27,36,#5C5143
34,27,36,#5C5143
35,27,36,#5C5143
36,27,36,#5C5243
37,27,36,#5C5243
38,27,36,#5C5343
39,27,36,#5C5343
40,27,36,#5C5443
41,27,36,#5C5443
42,27,36,#5C5443
43,27,36,#5C5543
44,27,36,#5C5543
45,27,36,#5C5643
46,27,36,#5C5643
47,27,36,#5C5643
48,27,36,#5C5743
49,27,36,#5C5743
50,27,36,#5C5843
51,27,36,#5C5843
52,27,36,#5C5843
53,27,36,#5C5943
54,27,36,#5C5943
55,27,36,#5C5A43
56,27,36,#5C5A43
57,27,36,#5C5B43
58,27,36,#5C5B43
59,27,36,#5C5B43
60,27,36,#5C5C43
61,27,36,#5B5C43
62,27,36,#5B5C43
63,27,36,#5B5C43
64,27,36,#5A5C43
65,27,36,#5A5C43
66,27,36,#595C43
67,27,36,#595C43
68,27,36,#585C43
69,27,36,#585C43
70,27,36,#585C43
71,27,36,#575C43
72,27,36,#575C43
73,27,36,#565C43
74,27,36,#565C43
75,27,36,#565C43
76,27,36,#555C43
77,27,36,#555C43
78,27,36,#545C43
79,27,36,#545C43
80,27,36,#545C43
81,27,36,#535C43
82,27,36,#535C43
83,27,36,#525C43
84,27,36,#525C43
85,27,36,#515C43
86,27,36,#515C43
87,27,36,#515C43
88,27,36,#505C43
89,27,36,#505C43
90,27,36,#4F5C43
91,27,36,#4F5C43
92,27,36,#4F5C43
93,27,36,#4E5C43
94,27,36,#4E5C43
95,27,36,#4D5C43
96,27,36,#4D5C43
97,27,36,#4D5C43
98,27,36,#4C5C43
99,27,36,#4C5C43
100,27,36,#4B5C43
101,27,36,#4B5C43
102,27,36,#4A5C43
103,27,36,#4A5C43
104,27,36,#4A5C43
105,27,36,#495C43
106,27,36,#495C43
107,27,36,#485C43
108,27,36,#485C43
109,27,36,#485C43
110,27,36,#475C43
111,27,36,#475C43
112,27,36,#465C43
113,27,36,#465C43
114,27,36,#455C43
115,27,36,#455C43
116,27,36,#455C43
117,27,36,#445C43
118,27,36,#445C43
119,27,36,#435C43
120,27,36,#435C43
121,27,36,#435C43
122,27,36,#435C44
123,27,36,#435C44
124,27,36,#435C45
125,27,36,#435C45
126,27,36,#435C45
127,27,36,#435C46
128,27,36,#435C46
129,27,36,#435C47
130,27,36,#435C47
131,27,36,#435C48
132,27,36,#435C48
133,27,36,#435C48
134,27,36,#435C49
135,27,36,#435C49
136,27,36,#435C4A
137,27,36,#435C4A
138,27,36,#435C4A
139,27,36,#435C4B
140,27,36,#435C4B
141,27,36,#435C4C
142,27,36,#435C4C
143,27,36,#435C4D
144,27,36,#435C4D
145,27,36,#435C4D
146,27,36,#435C4E
147,27,36,#435C4E
148,27,36,#435C4F
149,27,36,#435C4F
150,27,36,#435C4F
151,27,36,#435C50
152,27,36,#435C50
153,27,36,#435C51
154,27,36,#435C51
155,27,36,#435C51
156,27,36,#435C52
157,27,36,#435C52
158,27,36,#435C53
159,27,36,#435C53
160,27,36,#435C54
161,27,36,#435C54
162,27,36,#435C54
163,27,36,#435C55
164,27,36,#435C55
165,27,36,#435C56
166,27,36,#435C56
167,27,36,#435C56
168,27,36,#435C57
169,27,36,#435C57
170,27,36,#435C58
171,27,36,#435C58
172,27,36,#435C58
173,27,36,#435C59
174,27,36,#435C59
175,27,36,#435C5A
176,27,36,#435C5A
177,27,36,#435C5B
178,27,36,#435C5B
179,27,36,#435C5B
180,27,36,#435C5C
181,27,36,#435B5C
182,27,36,#435B5C
183,27,36,#435B5C
184,27,36,#435A5C
185,27,36,#435A5C
186,27,36,#43595C
187,27,36,#43595C
188,27,36,#43585C
189,27,36,#43585C
190,27,36,#43585C
191,27,36,#43575C
192,27,36,#43575C
193,27,36,#43565C
194,27,36,#43565C
195,27,36,#43565C
196,27,36,#43555C
197,27,36,#43555C
198,27,36,#43545C
199,27,36,#43545C
200,27,36,#43545C
201,27,36,#43535C
202,27,36,#43535C
203,27,36,#43525C
204,27,36,#43525C
205,27,36,#43515C
206,27,36,#43515C
207,27,36,#43515C
208,27,36,#43505C
209,27,36,#43505C
210,27,36,#434F5C
211,27,36,#434F5C
212,27,36,#434F5C
213,27,36,#434E5C
214,27,36,#434E5C
215,27,36,#434D5C
216,27,36,#434D5C
217,27,36,#434D5C
218,27,36,#434C5C
219,27,36,#434C5C
220,27,36,#434B5C
221,27,36,#434B5C
222,27,36,#434A5C
223,27,36,#434A5C
224,27,36,#434A5C
225,27,36,#43495C
226,27,36,#43495C
227,27,36,#43485C
228,27,36,#43485C
229,27,36,#43485C
230,27,36,#43475C
231,27,36,#43475C
232,27,36,#43465C
233,27,36,#43465C
234,27,36,#43455C
235,27,36,#43455C
236,27,36,#43455C
237,27,36,#43445C
238,27,36,#43445C
239,27,36,#43435C
240,27,36,#43435C
241,27,36,#43435C
242,27,36,#44435C
243,27,36,#44435C
244,27,36,#45435C
245,27,36,#45435C
246,27,36,#45435C
247,27,36,#46435C
248,27,36,#46435C
249,27,36,#47435C
250,27,36,#47435C
251,27,36,#48435C
252,27,36,#48435C
253,27,36,#48435C
254,27,36,#49435C
255,27,36,#49435C
256,27,36,#4A435C
257,27,36,#4A435C
258,27,36,#4A435C
259,27,36,#4B435C
260,27,36,#4B435C
261,27,36,#4C435C
262,27,36,#4C435C
263,27,36,#4D435C
264,27,36,#4D435C
265,27,36,#4D435C
266,27,36,#4E435C
267,27,36,#4E435C
268,27,36,#4F435C
269,27,36,#4F435C
270,27,36,#4F435C
271,27,36,#50435C
272,27,36,#50435C
273,27,36,#51435C
274,27,36,#51435C
275,27,36,#51435C
276,27,36,#52435C
277,27,36,#52435C
278,27,36,#53435C
279,27,36,#53435C
280,27,36,#54435C
281,27,36,#54435C
282,27,36,#54435C
283,27,36,#55435C
284,27,36,#55435C
285,27,36,#56435C
286,27,36,#56435C
287,27,36,#56435C
288,27,36,#57435C
289,27,36,#57435C
290,27,36,#58435C
291,27,36,#58435C
292,27,36,#58435C
293,27,36,#59435C
294,27,36,#59435C
295,27,36,#5A435C
296,27,36,#5A435C
297,27,36,#5B435C
298,27,36,#5B435C
299,27,36,#5B435C
300,27,36,#5C435C
301,27,36,#5C435B
302,27,36,#5C435B
303,27,36,#5C435B
304,27,36,#5C435A
305,27,36,#5C435A
306,27,36,#5C4359
307,27,36,#5C4359
308,27,36,#5C4358
309,27,36,#5C4358
310,27,36,#5C4358
311,27,36,#5C4357
312,27,36,#5C4357
313,27,36,#5C4356
314,27,36,#5C4356
315,27,36,#5C4356
316,27,36,#5C4355
317,27,36,#5C4355
318,27,36,#5C4354
319,27,36,#5C4354
320,27,36,#5C4354
321,27,36,#5C4353
322,27,36,#5C4353
323,27,36,#5C4352
324,27,36,#5C4352
325,27,36,#5C4351
326,27,36,#5C4351
327,27,36,#5C4351
328,27,36,#5C4350
329,27,36,#5C4350
330,27,36,#5C434F
331,27,36,#5C434F
332,27,36,#5C434F
333,27,36,#5C434E
334,27,36,#5C434E
335,27,36,#5C434D
336,27,36,#5C434D
337,27,36,#5C434D
338,27,36,#5C434C
339,27,36,#5C434C
340,27,36,#5C434B
341,27,36,#5C434B
342,27,36,#5C434A
343,27,36,#5C434A
344,27,36,#5C434A
345,27,36,#5C4349
346,27,36,#5C4349
347,27,36,#5C4348
348,27,36,#5C4348
349,27,36,#5C4348
350,27,36,#5C4347
351,27,36,#5C4347
352,27,36,#5C4346
353,27,36,#5C4346
354,27,36,#5C4345
355,27,36,#5C4345
356,27,36,#5C4345
357,27,36,#5C4344
358,27,36,#5C4344
359,27,36,#5C4343
0,26,36,#5C4444
1,26,36,#5C4444
2,26,36,#5C4544
3,26,36,#5C4544
4,26,36,#5C4644
5,26,36,#5C4644
6,26,36,#5C4644
7,26,36,#5C4744
8,26,36,#5C4744
9,26,36,#5C4844
10,26,36,#5C4844
11,26,36,#5C4844
12,26,36,#5C4944
13,26,36,#5C4944
14,26,36,#5C4A44
15,26,36,#5C4A44
16,26,36,#5C4A44
17,26,36,#5C4B44
18,26,36,#5C4B44
19,26,36,#5C4B44
20,26,36,#5C4C44
21,26,36,#5C4C44
22,26,36,#5C4D44
23,26,36,#5C4D44
24,26,36,#5C4D44
25,26,36,#5C4E44
26,26,36,#5C4E44
27,26,36,#5C4F44
28,26,36,#5C4F44
29,26,36,#5C4F44
30,26,36,#5C5044
31,26,36,#5C5044
32,26,36,#5C5144
33,26,36,#5C5144
34,26,36,#5C5144
35,26,36,#5C5244
36,26,36,#5C5244
37,26,36,#5C5344
38,26,36,#5C5344
39,26,36,#5C5344
40,26,36,#5C5444
41,26,36,#5C5444
42,26,36,#5C5544
43,26,36,#5C5544
44,26,36,#5C5544
45,26,36,#5C5644
46,26,36,#5C5644
47,26,36,#5C5744
48,26,36,#5C5744
49,26,36,#5C5744
50,26,36,#5C5844
51,26,36,#5C5844
52,26,36,#5C5944
53,26,36,#5C5944
54,26,36,#5C5944
55,26,36,#5C5A44
56,26,36,#5C5A44
57,26,36,#5C5B44
58,26,36,#5C5B44
59,26,36,#5C5B44
60,26,36,#5C5C44
61,26,36,#5B5C44
62,26,36,#5B5C44
63,26,36,#5B5C44
64,26,36,#5A5C44
65,26,36,#5A5C44
66,26,36,#595C44
67,26,36,#595C44
68,26,36,#595C44
69,26,36,#585C44
70,26,36,#585C44
71,26,36,#575C44
72,26,36,#575C44
73,26,36,#575C44
74,26,36,#565C44
75,26,36,#565C44
76,26,36,#555C44
77,26,36,#555C44
78,26,36,#555C44
79,26,36,#545C44
80,26,36,#545C44
81,26,36,#535C44
82,26,36,#535C44
83,26,36,#535C44
84,26,36,#525C44
85,26,36,#525C44
86,26,36,#515C44
87,26,36,#515C44
88,26,36,#515C44
89,26,36,#505C44
90,26,36,#505C44
91,26,36,#4F5C44
92,26,36,#4F5C44
93,26,36,#4F5C44
94,26,36,#4E5C44
95,26,36,#4E5C44
96,26,36,#4D5C44
97,26,36,#4D5C44
98,26,36,#4D5C44
99,26,36,#4C5C44
100,26,36,#4C5C44
101,26,36,#4B5C44
102,26,36,#4B5C44
103,26,36,#4B5C44
104,26,36,#4A5C44
105,26,36,#4A5C44
106,26,36,#4A5C44
107,26,36,#495C44
108,26,36,#495C44
109,26,36,#485C44
110,26,36,#485C44
111,26,36,#485C44
112,26,36,#475C44
113,26,36,#475C44
114,26,36,#465C44
115,26,36,#465C44
116,26,36,#465C44
117,26,36,#455C44
118,26,36,#455C44
119,26,36,#445C44
120,26,36,#445C44
121,26,36,#445C44
122,26,36,#445C45
123,26,36,#445C45
124,26,36,#445C46
125,26,36,#445C46
126,26,36,#445C46
127,26,36,#445C47
128,26,36,#445C47
129,26,36,#445C48
130,26,36,#445C48
131,26,36,#445C48
132,26,36,#445C49
133,26,36,#445C49
134,26,36,#445C4A
135,26,36,#445C4A
136,26,36,#445C4A
137,26,36,#445C4B
138,26,36,#445C4B
139,26,36,#445C4B
140,26,36,#445C4C
141,26,36,#445C4C
142,26,36,#445C4D
143,26,36,#445C4D
144,26,36,#445C4D
145,26,36,#445C4E
146,26,36,#445C4E
147,26,36,#445C4F
148,26,36,#445C4F
149,26,36,#445C4F
150,26,36,#445C50
151,26,36,#445C50
152,26,36,#445C51
153,26,36,#445C51
154,26,36,#445C51
155,26,36,#445C52
156,26,36,#445C52
157,26,36,#445C53
158,26,36,#445C53
159,26,36,#445C53
160,26,36,#445C54
161,26,36,#445C54
162,26,36,#445C55
163,26,36,#445C55
164,26,36,#445C55
165,26,36,#445C56
166,26,36,#445C56
167,26,36,#445C57
168,26,36,#445C57
169,26,36,#445C57
170,26,36,#445C58
171,26,36,#445C58
172,26,36,#445C59
173,26,36,#445C59
174,26,36,#445C59
175,26,36,#445C5A
176,26,36,#445C5A
177,26,36,#445C5B
178,26,36,#445C5B
179,26,36,#445C5B
180,26,36,#445C5C
181,26,36,#445B5C
182,26,36,#445B5C
183,26,36,#445B5C
184,26,36,#445A5C
185,26,36,#445A5C
186,26,36,#44595C
187,26,36,#44595C
188,26,36,#44595C
189,26,36,#44585C
190,26,36,#44585C
191,26,36,#44575C
192,26,36,#44575C
193,26,36,#44575C
194,26,36,#44565C
195,26,36,#44565C
196,26,36,#44555C
197,26,36,#44555C
198,26,36,#44555C
199,26,36,#44545C
200,26,36,#44545C
201,26,36,#44535C
202,26,36,#44535C
203,26,36,#44535C
204,26,36,#44525C
205,26,36,#44525C
206,26,36,#44515C
207,26,36,#44515C
208,26,36,#44515C
209,26,36,#44505C
210,26,36,#44505C
211,26,36,#444F5C
212,26,36,#444F5C
213,26,36,#444F5C
214,26,36,#444E5C
215,26,36,#444E5C
216,26,36,#444D5C
217,26,36,#444D5C
218,26,36,#444D5C
219,26,36,#444C5C
220,26,36,#444C5C
221,26,36,#444B5C
222,26,36,#444B5C
223,26,36,#444B5C
224,26,36,#444A5C
225,26,36,#444A5C
226,26,36,#444A5C
227,26,36,#44495C
228,26,36,#44495C
229,26,36,#44485C
230,26,36,#44485C
231,26,36,#44485C
232,26,36,#44475C
233,26,36,#44475C
234,26,36,#44465C
235,26,36,#44465C
236,26,36,#44465C
237,26,36,#44455C
238,26,36,#44455C
239,26,36,#44445C
240,26,36,#44445C
241,26,36,#44445C
242,26,36,#45445C
243,26,36,#45445C
244,26,36,#46445C
245,26,36,#46445C
246,26,36,#46445C
247,26,36,#47445C
248,26,36,#47445C
249,26,36,#48445C
250,26,36,#48445C
251,26,36,#48445C
252,26,36,#49445C
253,26,36,#49445C
254,26,36,#4A445C
255,26,36,#4A445C
256,26,36,#4A445C
257,26,36,#4B445C
258,26,36,#4B445C
259,26,36,#4B445C
260,26,36,#4C445C
261,26,36,#4C445C
262,26,36,#4D445C
263,26,36,#4D445C
264,26,36,#4D445C
265,26,36,#4E445C
266,26,36,#4E445C
267,26,36,#4F445C
268,26,36,#4F445C
269,26,36,#4F445C
270,26,36,#50445C
271,26,36,#50445C
272,26,36,#51445C
273,26,36,#51445C
274,26,36,#51445C
275,26,36,#52445C
276,26,36,#52445C
277,26,36,#53445C
278,26,36,#53445C
279,26,36,#53445C
280,26,36,#54445C
281,26,36,#54445C
282,26,36,#55445C
283,26,36,#55445C
284,26,36,#55445C
285,26,36,#56445C
286,26,36,#56445C
287,26,36,#57445C
288,26,36,#57445C
289,26,36,#57445C
290,26,36,#58445C
291,26,36,#58445C
292,26,36,#59445C
293,26,36,#59445C
294,26,36,#59445C
295,26,36,#5A445C
296,26,36,#5A445C
297,26,36,#5B445C
298,26,36,#5B445C
299,26,36,#5B445C
300,26,36,#5C445C
301,26,36,#5C445B
302,26,36,#5C445B
303,26,36,#5C445B
304,26,36,#5C445A
305,26,36,#5C445A
306,26,36,#5C4459
307,26,36,#5C4459
308,26,36,#5C4459
309,26,36,#5C4458
310,26,36,#5C4458
311,26,36,#5C4457
312,26,36,#5C4457
313,26,36,#5C4457
314,26,36,#5C4456
315,26,36,#5C4456
316,26,36,#5C4455
317,26,36,#5C4455
318,26,36,#5C4455
319,26,36,#5C4454
320,26,36,#5C4454
321,26,36,#5C4453
322,26,36,#5C4453
323,26,36,#5C4453
324,26,36,#5C4452
325,26,36,#5C4452
326,26,36,#5C4451
327,26,36,#5C4451
328,26,36,#5C4451
329,26,36,#5C4450
330,26,36,#5C4450
331,26,36,#5C444F
332,26,36,#5C444F
333,26,36,#5C444F
334,26,36,#5C444E
335,26,36,#5C444E
336,26,36,#5C444D
337,26,36,#5C444D
338,26,36,#5C444D
339,26,36,#5C444C
340,26,36,#5C444C
341,26,36,#5C444B
342,26,36,#5C444B
343,26,36,#5C444B
344,26,36,#5C444A
345,26,36,#5C444A
346,26,36,#5C444A
347,26,36,#5C4449
348,26,36,#5C4449
349,26,36,#5C4448
350,26,36,#5C4448
351,26,36,#5C4448
352,26,36,#5C4447
353,26,36,#5C4447
354,26,36,#5C4446
355,26,36,#5C4446
356,26,36,#5C4446
357,26,36,#5C4445
358,26,36,#5C4445
359,26,36,#5C4444
0,25,36,#5C4545
1,25,36,#5C4545
2,25,36,#5C4645
3,25,36,#5C4645
4,25,36,#5C4645
5,25,36,#5C4745
6,25,36,#5C4745
7,25,36,#5C4845
8,25,36,#5C4845
9,25,36,#5C4845
10,25,36,#5C4945
11,25,36,#5C4945
12,25,36,#5C4945
13,25,36,#5C4A45
14,25,36,#5C4A45
15,25,36,#5C4B45
16,25,36,#5C4B45
17,25,36,#5C4B45
18,25,36,#5C4C45
19,25,36,#5C4C45
20,25,36,#5C4D45
21,25,36,#5C4D45
22,25,36,#5C4D45
23,25,36,#5C4E45
24,25,36,#5C4E45
25,25,36,#5C4E45
26,25,36,#5C4F45
27,25,36,#5C4F45
28,25,36,#5C5045
29,25,36,#5C5045
30,25,36,#5C5045
31,25,36,#5C5145
32,25,36,#5C5145
33,25,36,#5C5145
34,25,36,#5C5245
35,25,36,#5C5245
36,25,36,#5C5345
37,25,36,#5C5345
38,25,36,#5C5345
39,25,36,#5C5445
40,25,36,#5C5445
41,25,36,#5C5545
42,25,36,#5C5545
43,25,36,#5C5545
44,25,36,#5C5645
45,25,36,#5C5645
46,25,36,#5C5645
47,25,36,#5C5745
48,25,36,#5C5745
49,25,36,#5C5845
50,25,36,#5C5845
51,25,36,#5C5845
52,25,36,#5C5945
53,25,36,#5C5945
54,25,36,#5C5A45
55,25,36,#5C5A45
56,25,36,#5C5A45
57,25,36,#5C5B45
58,25,36,#5C5B45
59,25,36,#5C5B45
60,25,36,#5C5C45
61,25,36,#5B5C45
62,25,36,#5B5C45
63,25,36,#5B5C45
64,25,36,#5A5C45
65,25,36,#5A5C45
66,25,36,#5A5C45
67,25,36,#595C45
68,25,36,#595C45
69,25,36,#585C45
70,25,36,#585C45
71,25,36,#585C45
72,25,36,#575C45
73,25,36,#575C45
74,25,36,#565C45
75,25,36,#565C45
76,25,36,#565C45
77,25,36,#555C45
78,25,36,#555C45
79,25,36,#555C45
80,25,36,#545C45
81,25,36,#545C45
82,25,36,#535C45
83,25,36,#535C45
84,25,36,#535C45
85,25,36,#525C45
86,25,36,#525C45
87,25,36,#515C45
88,25,36,#515C45
89,25,36,#515C45
90,25,36,#505C45
91,25,36,#505C45
92,25,36,#505C45
93,25,36,#4F5C45
94,25,36,#4F5C45
95,25,36,#4E5C45
96,25,36,#4E5C45
97,25,36,#4E5C45
98,25,36,#4D5C45
99,25,36,#4D5C45
100,25,36,#4D5C45
101,25,36,#4C5C45
102,25,36,#4C5C45
103,25,36,#4B5C45
104,25,36,#4B5C45
105,25,36,#4B5C45
106,25,36,#4A5C45
107,25,36,#4A5C45
108,25,36,#495C45
109,25,36,#495C45
110,25,36,#495C45
111,25,36,#485C45
112,25,36,#485C45
113,25,36,#485C45
114,25,36,#475C45
115,25,36,#475C45
116,25,36,#465C45
117,25,36,#465C45
118,25,36,#465C45
119,25,36,#455C45
120,25,36,#455C45
121,25,36,#455C45
122,25,36,#455C46
123,25,36,#455C46
124,25,36,#455C46
125,25,36,#455C47
126,25,36,#455C47
127,25,36,#455C48
128,25,36,#455C48
129,25,36,#455C48
130,25,36,#455C49
131,25,36,#455C49
132,25,36,#455C49
133,25,36,#455C4A
134,25,36,#455C4A
135,25,36,#455C4B
136,25,36,#455C4B
137,25,36,#455C4B
138,25,36,#455C4C
139,25,36,#455C4C
140,25,36,#455C4D
141,25,36,#455C4D
142,25,36,#455C4D
143,25,36,#455C4E
144,25,36,#455C4E
145,25,36,#455C4E
146,25,36,#455C4F
147,25,36,#455C4F
148,25,36,#455C50
149,25,36,#455C50
150,25,36,#455C50
151,25,36,#455C51
152,25,36,#455C51
153,25,36,#455C51
154,25,36,#455C52
155,25,36,#455C52
156,25,36,#455C53
157,25,36,#455C53
158,25,36,#455C53
159,25,36,#455C54
160,25,36,#455C54
161,25,36,#455C55
162,25,36,#455C55
163,25,36,#455C55
164,25,36,#455C56
165,25,36,#455C56
166,25,36,#455C56
167,25,36,#455C57
168,25,36,#455C57
169,25,36,#455C58
170,25,36,#455C58
171,25,36,#455C58
172,25,36,#455C59
173,25,36,#455C59
174,25,36,#455C5A
175,25,36,#455C5A
176,25,36,#455C5A
177,25,36,#455C5B
178,25,36,#455C5B
179,25,36,#455C5B
180,25,36,#455C5C
181,25,36,#455B5C
182,25,36,#455B5C
183,25,36,#455B5C
184,25,36,#455A5C
185,25,36,#455A5C
186,25,36,#455A5C
187,25,36,#45595C
188,25,36,#45595C
189,25,36,#45585C
190,25,36,#45585C
191,25,36,#45585C
192,25,36,#45575C
193,25,36,#45575C
194,25,36,#45565C
195,25,36,#45565C
196,25,36,#45565C
197,25,36,#45555C
198,25,36,#45555C
199,25,36,#45555C
200,25,36,#45545C
201,25,36,#45545C
202,25,36,#45535C
203,25,36,#45535C
204,25,36,#45535C
205,25,36,#45525C
206,25,36,#45525C
207,25,36,#45515C
208,25,36,#45515C
209,25,36,#45515C
210,25,36,#45505C
211,25,36,#45505C
212,25,36,#45505C
213,25,36,#454F5C
214,25,36,#454F5C
215,25,36,#454E5C
216,25,36,#454E5C
217,25,36,#454E5C
218,25,36,#454D5C
219,25,36,#454D5C
220,25,36,#454D5C
221,25,36,#454C5C
222,25,36,#454C5C
223,25,36,#454B5C
224,25,36,#454B5C
225,25,36,#454B5C
226,25,36,#454A5C
227,25,36,#454A5C
228,25,36,#45495C
229,25,36,#45495C
230,25,36,#45495C
231,25,36,#45485C
232,25,36,#45485C
233,25,36,#45485C
234,25,36,#45475C
235,25,36,#45475C
236,25,36,#45465C
237,25,36,#45465C
238,25,36,#45465C
239,25,36,#45455C
240,25,36,#45455C
241,25,36,#45455C
242,25,36,#46455C
243,25,36,#46455C
244,25,36,#46455C
245,25,36,#47455C
246,25,36,#47455C
247,25,36,#48455C
248,25,36,#48455C
249,25,36,#48455C
250,25,36,#49455C
251,25,36,#49455C
252,25,36,#49455C
253,25,36,#4A455C
254,25,36,#4A455C
255,25,36,#4B455C
256,25,36,#4B455C
257,25,36,#4B455C
258,25,36,#4C455C
259,25,36,#4C455C
260,25,36,#4D455C
261,25,36,#4D455C
262,25,36,#4D455C
263,25,36,#4E455C
264,25,36,#4E455C
265,25,36,#4E455C
266,25,36,#4F455C
267,25,36,#4F455C
268,25,36,#50455C
269,25,36,#50455C
270,25,36,#50455C
271,25,36,#51455C
272,25,36,#51455C
273,25,36,#51455C
274,25,36,#52455C
275,25,36,#52455C
276,25,36,#53455C
277,25,36,#53455C
278,25,36,#53455C
279,25,36,#54455C
280,25,36,#54455C
281,25,36,#55455C
282,25,36,#55455C
283,25,36,#55455C
284,25,36,#56455C
285,25,36,#56455C
286,25,36,#56455C
287,25,36,#57455C
288,25,36,#57455C
289,25,36,#58455C
290,25,36,#58455C
291,25,36,#58455C
292,25,36,#59455C
293,25,36,#59455C
294,25,36,#5A455C
295,25,36,#5A455C
296,25,36,#5A455C
297,25,36,#5B455C
298,25,36,#5B455C
299,25,36,#5B455C
300,25,36,#5C455C
301,25,36,#5C455B
302,25,36,#5C455B
303,25,36,#5C455B
304,25,36,#5C455A
305,25,36,#5C455A
306,25,36,#5C455A
307,25,36,#5C4559
308,25,36,#5C4559
309,25,36,#5C4558
310,25,36,#5C4558
311,25,36,#5C4558
312,25,36,#5C4557
313,25,36,#5C4557
314,25,36,#5C4556
315,25,36,#5C4556
316,25,36,#5C4556
317,25,36,#5C4555
318,25,36,#5C4555
319,25,36,#5C4555
320,25,36,#5C4554
321,25,36,#5C4554
322,25,36,#5C4553
323,25,36,#5C4553
324,25,36,#5C4553
325,25,36,#5C4552
326,25,36,#5C4552
327,25,36,#5C4551
328,25,36,#5C4551
329,25,36,#5C4551
330,25,36,#5C4550
331,25,36,#5C4550
332,25,36,#5C4550
333,25,36,#5C454F
334,25,36,#5C454F
335,25,36,#5C454E
336,25,36,#5C454E
337,25,36,#5C454E
338,25,36,#5C454D
339,25,36,#5C454D
340,25,36,#5C454D
341,25,36,#5C454C
342,25,36,#5C454C
343,25,36,#5C454B
344,25,36,#5C454B
345,25,36,#5C454B
346,25,36,#5C454A
347,25,36,#5C454A
348,25,36,#5C4549
349,25,36,#5C4549
350,25,36,#5C4549
351,25,36,#5C4548
352,25,36,#5C4548
353,25,36,#5C4548
354,25,36,#5C4547
355,25,36,#5C4547
356,25,36,#5C4546
357,25,36,#5C4546
358,25,36,#5C4546
359,25,36,#5C4545
0,24,36,#5C4646
1,24,36,#5C4646
2,24,36,#5C4746
3,24,36,#5C4746
4,24,36,#5C4746
5,24,36,#5C4846
6,24,36,#5C4846
7,24,36,#5C4846
8,24,36,#5C4946
9,24,36,#5C4946
10,24,36,#5C4946
11,24,36,#5C4A46
12,24,36,#5C4A46
13,24,36,#5C4B46
14,24,36,#5C4B46
15,24,36,#5C4B46
16,24,36,#5C4C46
17,24,36,#5C4C46
18,24,36,#5C4C46
19,24,36,#5C4D46
20,24,36,#5C4D46
21,24,36,#5C4D46
22,24,36,#5C4E46
23,24,36,#5C4E46
24,24,36,#5C4F46
25,24,36,#5C4F46
26,24,36,#5C4F46
27,24,36,#5C5046
28,24,36,#5C5046
29,24,36,#5C5046
30,24,36,#5C5146
31,24,36,#5C5146
32,24,36,#5C5246
33,24,36,#5C5246
34,24,36,#5C5246
35,24,36,#5C5346
36,24,36,#5C5346
37,24,36,#5C5346
38,24,36,#5C5446
39,24,36,#5C5446
40,24,36,#5C5446
41,24,36,#5C5546
42,24,36,#5C5546
43,24,36,#5C5646
44,24,36,#5C5646
45,24,36,#5C5646
46,24,36,#5C5746
47,24,36,#5C5746
48,24,36,#5C5746
49,24,36,#5C5846
50,24,36,#5C5846
51,24,36,#5C5846
52,24,36,#5C5946
53,24,36,#5C5946
54,24,36,#5C5A46
55,24,36,#5C5A46
56,24,36,#5C5A46
57,24,36,#5C5B46
58,24,36,#5C5B46
59,24,36,#5C5B46
60,24,36,#5C5C46
61,24,36,#5B5C46
62,24,36,#5B5C46
63,24,36,#5B5C46
64,24,36,#5A5C46
65,24,36,#5A5C46
66,24,36,#5A5C46
67,24,36,#595C46
68,24,36,#595C46
69,24,36,#585C46
70,24,36,#585C46
71,24,36,#585C46
72,24,36,#575C46
73,24,36,#575C46
74,24,36,#575C46
75,24,36,#565C46
76,24,36,#565C46
77,24,36,#565C46
78,24,36,#555C46
79,24,36,#555C46
80,24,36,#545C46
81,24,36,#545C46
82,24,36,#545C46
83,24,36,#535C46
84,24,36,#535C46
85,24,36,#535C46
86,24,36,#525C46
87,24,36,#525C46
88,24,36,#525C46
89,24,36,#515C46
90,24,36,#515C46
91,24,36,#505C46
92,24,36,#505C46
93,24,36,#505C46
94,24,36,#4F5C46
95,24,36,#4F5C46
96,24,36,#4F5C46
97,24,36,#4E5C46
98,24,36,#4E5C46
99,24,36,#4D5C46
100,24,36,#4D5C46
101,24,36,#4D5C46
102,24,36,#4C5C46
103,24,36,#4C5C46
104,24,36,#4C5C46
105,24,36,#4B5C46
106,24,36,#4B5C46
107,24,36,#4B5C46
108,24,36,#4A5C46
109,24,36,#4A5C46
110,24,36,#495C46
111,24,36,#495C46
112,24,36,#495C46
113,24,36,#485C46
114,24,36,#485C46
115,24,36,#485C46
116,24,36,#475C46
117,24,36,#475C46
118,24,36,#475C46
119,24,36,#465C46
120,24,36,#465C46
121,24,36,#465C46
122,24,36,#465C47
123,24,36,#465C47
124,24,36,#465C47
125,24,36,#465C48
126,24,36,#465C48
127,24,36,#465C48
128,24,36,#465C49
129,24,36,#465C49
130,24,36,#465C49
131,24,36,#465C4A
132,24,36,#465C4A
133,24,36,#465C4B
134,24,36,#465C4B
135,24,36,#465C4B
136,24,36,#465C4C
137,24,36,#465C4C
138,24,36,#465C4C
139,24,36,#465C4D
140,24,36,#465C4D
141,24,36,#465C4D
142,24,36,#465C4E
143,24,36,#465C4E
144,24,36,#465C4F
145,24,36,#465C4F
146,24,36,#465C4F
147,24,36,#465C50
148,24,36,#465C50
149,24,36,#465C50
150,24,36,#465C51
151,24,36,#465C51
152,24,36,#465C52
153,24,36,#465C52
154,24,36,#465C52
155,24,36,#465C53
156,24,36,#465C53
157,24,36,#465C53
158,24,36,#465C54
159,24,36,#465C54
160,24,36,#465C54
161,24,36,#465C55
162,24,36,#465C55
163,24,36,#465C56
164,24,36,#465C56
165,24,36,#465C56
166,24,36,#465C57
167,24,36,#465C57
168,24,36,#465C57
169,24,36,#465C58
170,24,36,#465C58
171,24,36,#465C58
172,24,36,#465C59
173,24,36,#465C59
174,24,36,#465C5A
175,24,36,#465C5A
176,24,36,#465C5A
177,24,36,#465C5B
178,24,36,#465C5B
179,24,36,#465C5B
180,24,36,#465C5C
181,24,36,#465B5C
182,24,36,#465B5C
183,24,36,#465B5C
184,24,36,#465A5C
185,24,36,#465A5C
186,24,36,#465A5C
187,24,36,#46595C
188,24,36,#46595C
189,24,36,#46585C
190,24,36,#46585C
191,24,36,#46585C
192,24,36,#46575C
193,24,36,#46575C
194,24,36,#46575C
195,24,36,#46565C
196,24,36,#46565C
197,24,36,#46565C
198,24,36,#46555C
199,24,36,#46555C
200,24,36,#46545C
201,24,36,#46545C
202,24,36,#46545C
203,24,36,#46535C
204,24,36,#46535C
205,24,36,#46535C
206,24,36,#46525C
207,24,36,#46525C
208,24,36,#46525C
209,24,36,#46515C
210,24,36,#46515C
211,24,36,#46505C
212,24,36,#46505C
213,24,36,#46505C
214,24,36,#464F5C
215,24,36,#464F5C
216,24,36,#464F5C
217,24,36,#464E5C
218,24,36,#464E5C
219,24,36,#464D5C
220,24,36,#464D5C
221,24,36,#464D5C
222,24,36,#464C5C
223,24,36,#464C5C
224,24,36,#464C5C
225,24,36,#464B5C
226,24,36,#464B5C
227,24,36,#464B5C
228,24,36,#464A5C
229,24,36,#464A5C
230,24,36,#46495C
231,24,36,#46495C
232,24,36,#46495C
233,24,36,#46485C
234,24,36,#46485C
235,24,36,#46485C
236,24,36,#46475C
237,24,36,#46475C
238,24,36,#46475C
239,24,36,#46465C
240,24,36,#46465C
241,24,36,#46465C
242,24,36,#47465C
243,24,36,#47465C
244,24,36,#47465C
245,24,36,#48465C
246,24,36,#48465C
247,24,36,#48465C
248,24,36,#49465C
249,24,36,#49465C
250,24,36,#49465C
251,24,36,#4A465C
252,24,36,#4A465C
253,24,36,#4B465C
254,24,36,#4B465C
255,24,36,#4B465C
256,24,36,#4C465C
257,24,36,#4C465C
258,24,36,#4C465C
259,24,36,#4D465C
260,24,36,#4D465C
261,24,36,#4D465C
262,24,36,#4E465C
263,24,36,#4E465C
264,24,36,#4F465C
265,24,36,#4F465C
266,24,36,#4F465C
267,24,36,#50465C
268,24,36,#50465C
269,24,36,#50465C
270,24,36,#51465C
271,24,36,#51465C
272,24,36,#52465C
273,24,36,#52465C
274,24,36,#52465C
275,24,36,#53465C
276,24,36,#53465C
277,24,36,#53465C
278,24,36,#54465C
279,24,36,#54465C
280,24,36,#54465C
281,24,36,#55465C
282,24,36,#55465C
283,24,36,#56465C
284,24,36,#56465C
285,24,36,#56465C
286,24,36,#57465C
287,24,36,#57465C
288,24,36,#57465C
289,24,36,#58465C
290,24,36,#58465C
291,24,36,#58465C
292,24,36,#59465C
293,24,36,#59465C
294,24,36,#5A465C
295,24,36,#5A465C
296,24,36,#5A465C
297,24,36,#5B465C
298,24,36,#5B465C
299,24,36,#5B465C
300,24,36,#5C465C
301,24,36,#5C465B
302,24,36,#5C465B
303,24,36,#5C465B
304,24,36,#5C465A
305,24,36,#5C465A
306,24,36,#5C465A
307,24,36,#5C4659
308,24,36,#5C4659
309,24,36,#5C4658
310,24,36,#5C4658
311,24,36,#5C4658
312,24,36,#5C4657
313,24,36,#5C4657
314,24,36,#5C4657
315,24,36,#5C4656
316,24,36,#5C4656
317,24,36,#5C4656
318,24,36,#5C4655
319,24,36,#5C4655
320,24,36,#5C4654
321,24,36,#5C4654
322,24,36,#5C4654
323,24,36,#5C4653
324,24,36,#5C4653
325,24,36,#5C4653
326,24,36,#5C4652
327,24,36,#5C4652
328,24,36,#5C4652
329,24,36,#5C4651
330,24,36,#5C4651
331,24,36,#5C4650
332,24,36,#5C4650
333,24,36,#5C4650
334,24,36,#5C464F
335,24,36,#5C464F
336,24,36,#5C464F
337,24,36,#5C464E
338,24,36,#5C464E
339,24,36,#5C464D
340,24,36,#5C464D
341,24,36,#5C464D
342,24,36,#5C464C
343,24,36,#5C464C
344,24,36,#5C464C
345,24,36,#5C464B
346,24,36,#5C464B
347,24,36,#5C464B
348,24,36,#5C464A
349,24,36,#5C464A
350,24,36,#5C4649
351,24,36,#5C4649
352,24,36,#5C4649
353,24,36,#5C4648
354,24,36,#5C4648
355,24,36,#5C4648
356,24,36,#5C4647
357,24,36,#5C4647
358,24,36,#5C4647
359,24,36,#5C4646
0,23,36,#5C4747
1,23,36,#5C4747
2,23,36,#5C4747
3,23,36,#5C4847
4,23,36,#5C4847
5,23,36,#5C4847
6,23,36,#5C4947
7,23,36,#5C4947
8,23,36,#5C4A47
9,23,36,#5C4A47
10,23,36,#5C4A47
11,23,36,#5C4B47
12,23,36,#5C4B47
13,23,36,#5C4B47
14,23,36,#5C4C47
15,23,36,#5C4C47
16,23,36,#5C4C47
17,23,36,#5C4D47
18,23,36,#5C4D47
19,23,36,#5C4D47
20,23,36,#5C4E47
21,23,36,#5C4E47
22,23,36,#5C4E47
23,23,36,#5C4F47
24,23,36,#5C4F47
25,23,36,#5C4F47
26,23,36,#5C5047
27,23,36,#5C5047
28,23,36,#5C5147
29,23,36,#5C5147
30,23,36,#5C5147
31,23,36,#5C5247
32,23,36,#5C5247
33,23,36,#5C5247
34,23,36,#5C5347
35,23,36,#5C5347
36,23,36,#5C5347
37,23,36,#5C5447
38,23,36,#5C5447
39,23,36,#5C5447
40,23,36,#5C5547
41,23,36,#5C5547
42,23,36,#5C5547
43,23,36,#5C5647
44,23,36,#5C5647
45,23,36,#5C5747
46,23,36,#5C5747
47,23,36,#5C5747
48,23,36,#5C5847
49,23,36,#5C5847
50,23,36,#5C5847
51,23,36,#5C5947
52,23,36,#5C5947
53,23,36,#5C5947
54,23,36,#5C5A47
55,23,36,#5C5A47
56,23,36,#5C5A47
57,23,36,#5C5B47
58,23,36,#5C5B47
59,23,36,#5C5B47
60,23,36,#5C5C47
61,23,36,#5B5C47
62,23,36,#5B5C47
63,23,36,#5B5C47
64,23,36,#5A5C47
65,23,36,#5A5C47
66,23,36,#5A5C47
67,23,36,#595C47
68,23,36,#595C47
69,23,36,#595C47
70,23,36,#585C47
71,23,36,#585C47
72,23,36,#585C47
73,23,36,#575C47
74,23,36,#575C47
75,23,36,#575C47
76,23,36,#565C47
77,23,36,#565C47
78,23,36,#555C47
79,23,36,#555C47
80,23,36,#555C47
81,23,36,#545C47
82,23,36,#545C47
83,23,36,#545C47
84,23,36,#535C47
85,23,36,#535C47
86,23,36,#535C47
87,23,36,#525C47
88,23,36,#525C47
89,23,36,#525C47
90,23,36,#515C47
91,23,36,#515C47
92,23,36,#515C47
93,23,36,#505C47
94,23,36,#505C47
95,23,36,#4F5C47
96,23,36,#4F5C47
97,23,36,#4F5C47
98,23,36,#4E5C47
99,23,36,#4E5C47
100,23,36,#4E5C47
101,23,36,#4D5C47
102,23,36,#4D5C47
103,23,36,#4D5C47
104,23,36,#4C5C47
105,23,36,#4C5C47
106,23,36,#4C5C47
107,23,36,#4B5C47
108,23,36,#4B5C47
109,23,36,#4B5C47
110,23,36,#4A5C47
111,23,36,#4A5C47
112,23,36,#4A5C47
113,23,36,#495C47
114,23,36,#495C47
115,23,36,#485C47
116,23,36,#485C47
117,23,36,#485C47
118,23,36,#475C47
119,23,36,#475C47
120,23,36,#475C47
121,23,36,#475C47
122,23,36,#475C47
123,23,36,#475C48
124,23,36,#475C48
125,23,36,#475C48
126,23,36,#475C49
127,23,36,#475C49
128,23,36,#475C4A
129,23,36,#475C4A
130,23,36,#475C4A
131,23,36,#475C4B
132,23,36,#475C4B
133,23,36,#475C4B
134,23,36,#475C4C
135,23,36,#475C4C
136,23,36,#475C4C
137,23,36,#475C4D
138,23,36,#475C4D
139,23,36,#475C4D
140,23,36,#475C4E
141,23,36,#475C4E
142,23,36,#475C4E
143,23,36,#475C4F
144,23,36,#475C4F
145,23,36,#475C4F
146,23,36,#475C50
147,23,36,#475C50
148,23,36,#475C51
149,23,36,#475C51
150,23,36,#475C51
151,23,36,#475C52
152,23,36,#475C52
153,23,36,#475C52
154,23,36,#475C53
155,23,36,#475C53
156,23,36,#475C53
157,23,36,#475C54
158,23,36,#475C54
159,23,36,#475C54
160,23,36,#475C55
161,23,36,#475C55
162,23,36,#475C55
163,23,36,#475C56
164,23,36,#475C56
165,23,36,#475C57
166,23,36,#475C57
167,23,36,#475C57
168,23,36,#475C58
169,23,36,#475C58
170,23,36,#475C58
171,23,36,#475C59
172,23,36,#475C59
173,23,36,#475C59
174,23,36,#475C5A
175,23,36,#475C5A
176,23,36,#475C5A
177,23,36,#475C5B
178,23,36,#475C5B
179,23,36,#475C5B
180,23,36,#475C5C
181,23,36,#475B5C
182,23,36,#475B5C
183,23,36,#475B5C
184,23,36,#475A5C
185,23,36,#475A5C
186,23,36,#475A5C
187,23,36,#47595C
188,23,36,#47595C
189,23,36,#47595C
190,23,36,#47585C
191,23,36,#47585C
192,23,36,#47585C
193,23,36,#47575C
194,23,36,#47575C
195,23,36,#47575C
196,23,36,#47565C
197,23,36,#47565C
198,23,36,#47555C
199,23,36,#47555C
200,23,36,#47555C
201,23,36,#47545C
202,23,36,#47545C
203,23,36,#47545C
204,23,36,#47535C
205,23,36,#47535C
206,23,36,#47535C
207,23,36,#47525C
208,23,36,#47525C
209,23,36,#47525C
210,23,36,#47515C
211,23,36,#47515C
212,23,36,#47515C
213,23,36,#47505C
214,23,36,#47505C
215,23,36,#474F5C
216,23,36,#474F5C
217,23,36,#474F5C
218,23,36,#474E5C
219,23,36,#474E5C
220,23,36,#474E5C
221,23,36,#474D5C
222,23,36,#474D5C
223,23,36,#474D5C
224,23,36,#474C5C
225,23,36,#474C5C
226,23,36,#474C5C
227,23,36,#474B5C
228,23,36,#474B5C
229,23,36,#474B5C
230,23,36,#474A5C
231,23,36,#474A5C
232,23,36,#474A5C
233,23,36,#47495C
234,23,36,#47495C
235,23,36,#47485C
236,23,36,#47485C
237,23,36,#47485C
238,23,36,#47475C
239,23,36,#47475C
240,23,36,#47475C
241,23,36,#47475C
242,23,36,#47475C
243,23,36,#48475C
244,23,36,#48475C
245,23,36,#48475C
246,23,36,#49475C
247,23,36,#49475C
248,23,36,#4A475C
249,23,36,#4A475C
250,23,36,#4A475C
251,23,36,#4B475C
252,23,36,#4B475C
253,23,36,#4B475C
254,23,36,#4C475C
255,23,36,#4C475C
256,23,36,#4C475C
257,23,36,#4D475C
258,23,36,#4D475C
259,23,36,#4D475C
260,23,36,#4E475C
261,23,36,#4E475C
262,23,36,#4E475C
263,23,36,#4F475C
264,23,36,#4F475C
265,23,36,#4F475C
266,23,36,#50475C
267,23,36,#50475C
268,23,36,#51475C
269,23,36,#51475C
270,23,36,#51475C
271,23,36,#52475C
272,23,36,#52475C
273,23,36,#52475C
274,23,36,#53475C
275,23,36,#53475C
276,23,36,#53475C
277,23,36,#54475C
278,23,36,#54475C
279,23,36,#54475C
280,23,36,#55475C
281,23,36,#55475C
282,23,36,#55475C
283,23,36,#56475C
284,23,36,#56475C
285,23,36,#57475C
286,23,36,#57475C
287,23,36,#57475C
288,23,36,#58475C
289,23,36,#58475C
290,23,36,#58475C
291,23,36,#59475C
292,23,36,#59475C
293,23,36,#59475C
294,23,36,#5A475C
295,23,36,#5A475C
296,23,36,#5A475C
297,23,36,#5B475C
298,23,36,#5B475C
299,23,36,#5B475C
300,23,36,#5C475C
301,23,36,#5C475B
302,23,36,#5C475B
303,23,36,#5C475B
304,23,36,#5C475A
305,23,36,#5C475A
306,23,36,#5C475A
307,23,36,#5C4759
308,23,36,#5C4759
309,23,36,#5C4759
310,23,36,#5C4758
311,23,36,#5C4758
312,23,36,#5C4758
313,23,36,#5C4757
314,23,36,#5C4757
315,23,36,#5C4757
316,23,36,#5C4756
317,23,36,#5C4756
318,23,36,#5C4755
319,23,36,#5C4755
320,23,36,#5C4755
321,23,36,#5C4754
322,23,36,#5C4754
323,23,36,#5C4754
324,23,36,#5C4753
325,23,36,#5C4753
326,23,36,#5C4753
327,23,36,#5C4752
328,23,36,#5C4752
329,23,36,#5C4752
330,23,36,#5C4751
331,23,36,#5C4751
332,23,36,#5C4751
333,23,36,#5C4750
334,23,36,#5C4750
335,23,36,#5C474F
336,23,36,#5C474F
337,23,36,#5C474F
338,23,36,#5C474E
339,23,36,#5C474E
340,23,36,#5C474E
341,23,36,#5C474D
342,23,36,#5C474D
343,23,36,#5C474D
344,23,36,#5C474C
345,23,36,#5C474C
346,23,36,#5C474C
347,23,36,#5C474B
348,23,36,#5C474B
349,23,36,#5C474B
350,23,36,#5C474A
351,23,36,#5C474A
352,23,36,#5C474A
353,23,36,#5C4749
354,23,36,#5C4749
355,23,36,#5C4748
356,23,36,#5C4748
357,23,36,#5C4748
358,23,36,#5C4747
359,23,36,#5C4747
0,22,36,#5C4848
1,22,36,#5C4848
2,22,36,#5C4848
3,22,36,#5C4948
4,22,36,#5C4948
5,22,36,#5C4948
6,22,36,#5C4A48
7,22,36,#5C4A48
8,22,36,#5C4A48
9,22,36,#5C4B48
10,22,36,#5C4B48
11,22,36,#5C4B48
12,22,36,#5C4C48
13,22,36,#5C4C48
14,22,36,#5C4C48
15,22,36,#5C4D48
16,22,36,#5C4D48
17,22,36,#5C4D48
18,22,36,#5C4E48
19,22,36,#5C4E48
20,22,36,#5C4E48
21,22,36,#5C4F48
22,22,36,#5C4F48
23,22,36,#5C4F48
24,22,36,#5C5048
25,22,36,#5C5048
26,22,36,#5C5048
27,22,36,#5C5148
28,22,36,#5C5148
29,22,36,#5C5148
30,22,36,#5C5248
31,22,36,#5C5248
32,22,36,#5C5248
33,22,36,#5C5348
34,22,36,#5C5348
35,22,36,#5C5348
36,22,36,#5C5448
37,22,36,#5C5448
38,22,36,#5C5448
39,22,36,#5C5548
40,22,36,#5C5548
41,22,36,#5C5548
42,22,36,#5C5648
43,22,36,#5C5648
44,22,36,#5C5648
45,22,36,#5C5748
46,22,36,#5C5748
47,22,36,#5C5748
48,22,36,#5C5848
49,22,36,#5C5848
50,22,36,#5C5848
51,22,36,#5C5948
52,22,36,#5C5948
53,22,36,#5C5948
54,22,36,#5C5A48
55,22,36,#5C5A48
56,22,36,#5C5A48
57,22,36,#5C5B48
58,22,36,#5C5B48
59,22,36,#5C5B48
60,22,36,#5C5C48
61,22,36,#5B5C48
62,22,36,#5B5C48
63,22,36,#5B5C48
64,22,36,#5A5C48
65,22,36,#5A5C48
66,22,36,#5A5C48
67,22,36,#595C48
68,22,36,#595C48
69,22,36,#595C48
70,22,36,#585C48
71,22,36,#585C48
72,22,36,#585C48
73,22,36,#575C48
74,22,36,#575C48
75,22,36,#575C48
76,22,36,#565C48
77,22,36,#565C48
78,22,36,#565C48
79,22,36,#555C48
80,22,36,#555C48
81,22,36,#555C48
82,22,36,#545C48
83,22,36,#545C48
84,22,36,#545C48
85,22,36,#535C48
86,22,36,#535C48
87,22,36,#535C48
88,22,36,#525C48
89,22,36,#525C48
90,22,36,#525C48
91,22,36,#515C48
92,22,36,#515C48
93,22,36,#515C48
94,22,36,#505C48
95,22,36,#505C48
96,22,36,#505C48
97,22,36,#4F5C48
98,22,36,#4F5C48
99,22,36,#4F5C48
100,22,36,#4E5C48
101,22,36,#4E5C48
102,22,36,#4E5C48
103,22,36,#4D5C48
104,22,36,#4D5C48
105,22,36,#4D5C48
106,22,36,#4C5C48
107,22,36,#4C5C48
108,22,36,#4C5C48
109,22,36,#4B5C48
110,22,36,#4B5C48
111,22,36,#4B5C48
112,22,36,#4A5C48
113,22,36,#4A5C48
114,22,36,#4A5C48
115,22,36,#495C48
116,22,36,#495C48
117,22,36,#495C48
118,22,36,#485C48
119,22,36,#485C48
120,22,36,#485C48
121,22,36,#485C48
122,22,36,#485C48
123,22,36,#485C49
124,22,36,#485C49
125,22,36,#485C49
126,22,36,#485C4A
127,22,36,#485C4A
128,22,36,#485C4A
129,22,36,#485C4B
130,22,36,#485C4B
131,22,36,#485C4B
132,22,36,#485C4C
133,22,36,#485C4C
134,22,36,#485C4C
135,22,36,#485C4D
136,22,36,#485C4D
137,22,36,#485C4D
138,22,36,#485C4E
139,22,36,#485C4E
140,22,36,#485C4E
141,22,36,#485C4F
142,22,36,#485C4F
143,22,36,#485C4F
144,22,36,#485C50
145,22,36,#485C50
146,22,36,#485C50
147,22,36,#485C51
148,22,36,#485C51
149,22,36,#485C51
150,22,36,#485C52
151,22,36,#485C52
152,22,36,#485C52
153,22,36,#485C53
154,22,36,#485C53
155,22,36,#485C53
156,22,36,#485C54
157,22,36,#485C54
158,22,36,#485C54
159,22,36,#485C55
160,22,36,#485C55
161,22,36,#485C55
162,22,36,#485C56
163,22,36,#485C56
164,22,36,#485C56
165,22,36,#485C57
166,22,36,#485C57
167,22,36,#485C57
168,22,36,#485C58
169,22,36,#485C58
170,22,36,#485C58
171,22,36,#485C59
172,22,36,#485C59
173,22,36,#485C59
174,22,36,#485C5A
175,22,36,#485C5A
176,22,36,#485C5A
177,22,36,#485C5B
178,22,36,#485C5B
179,22,36,#485C5B
180,22,36,#485C5C
181,22,36,#485B5C
182,22,36,#485B5C
183,22,36,#485B5C
184,22,36,#485A5C
185,22,36,#485A5C
186,22,36,#485A5C
187,22,36,#48595C
188,22,36,#48595C
189,22,36,#48595C
190,22,36,#48585C
191,22,36,#48585C
192,22,36,#48585C
193,22,36,#48575C
194,22,36,#48575C
195,22,36,#48575C
196,22,36,#48565C
197,22,36,#48565C
198,22,36,#48565C
199,22,36,#48555C
200,22,36,#48555C
201,22,36,#48555C
202,22,36,#48545C
203,22,36,#48545C
204,22,36,#48545C
205,22,36,#48535C
206,22,36,#48535C
207,22,36,#48535C
208,22,36,#48525C
209,22,36,#48525C
210,22,36,#48525C
211,22,36,#48515C
212,22,36,#48515C
213,22,36,#48515C
214,22,36,#48505C
215,22,36,#48505C
216,22,36,#48505C
217,22,36,#484F5C
218,22,36,#484F5C
219,22,36,#484F5C
220,22,36,#484E5C
221,22,36,#484E5C
222,22,36,#484E5C
223,22,36,#484D5C
224,22,36,#484D5C
225,22,36,#484D5C
226,22,36,#484C5C
227,22,36,#484C5C
228,22,36,#484C5C
229,22,36,#484B5C
230,22,36,#484B5C
231,22,36,#484B5C
232,22,36,#484A5C
233,22,36,#484A5C
234,22,36,#484A5C
235,22,36,#48495C
236,22,36,#48495C
237,22,36,#48495C
238,22,36,#48485C
239,22,36,#48485C
240,22,36,#48485C
241,22,36,#48485C
242,22,36,#48485C
243,22,36,#49485C
244,22,36,#49485C
245,22,36,#49485C
246,22,36,#4A485C
247,22,36,#4A485C
248,22,36,#4A485C
249,22,36,#4B485C
250,22,36,#4B485C
251,22,36,#4B485C
252,22,36,#4C485C
253,22,36,#4C485C
254,22,36,#4C485C
255,22,36,#4D485C
256,22,36,#4D485C
257,22,36,#4D485C
258,22,36,#4E485C
259,22,36,#4E485C
260,22,36,#4E485C
261,22,36,#4F485C
262,22,36,#4F485C
263,22,36,#4F485C
264,22,36,#50485C
265,22,36,#50485C
266,22,36,#50485C
267,22,36,#51485C
268,22,36,#51485C
269,22,36,#51485C
270,22,36,#52485C
271,22,36,#52485C
272,22,36,#52485C
273,22,36,#53485C
274,22,36,#53485C
275,22,36,#53485C
276,22,36,#54485C
277,22,36,#54485C
278,22,36,#54485C
279,22,36,#55485C
280,22,36,#55485C
281,22,36,#55485C
282,22,36,#56485C
283,22,36,#56485C
284,22,36,#56485C
285,22,36,#57485C
286,22,36,#57485C
287,22,36,#57485C
288,22,36,#58485C
289,22,36,#58485C
290,22,36,#58485C
291,22,36,#59485C
292,22,36,#59485C
293,22,36,#59485C
294,22,36,#5A485C
295,22,36,#5A485C
296,22,36,#5A485C
297,22,36,#5B485C
298,22,36,#5B485C
299,22,36,#5B485C
300,22,36,#5C485C
301,22,36,#5C485B
302,22,36,#5C485B
303,22,36,#5C485B
304,22,36,#5C485A
305,22,36,#5C485A
306,22,36,#5C485A
307,22,36,#5C4859
308,22,36,#5C4859
309,22,36,#5C4859
310,22,36,#5C4858
311,22,36,#5C4858
312,22,36,#5C4858
313,22,36,#5C4857
314,22,36,#5C4857
315,22,36,#5C4857
316,22,36,#5C4856
317,22,36,#5C4856
318,22,36,#5C4856
319,22,36,#5C4855
320,22,36,#5C4855
321,22,36,#5C4855
322,22,36,#5C4854
323,22,36,#5C4854
324,22,36,#5C4854
325,22,36,#5C4853
326,22,36,#5C4853
327,22,36,#5C4853
328,22,36,#5C4852
329,22,36,#5C4852
330,22,36,#5C4852
331,22,36,#5C4851
332,22,36,#5C4851
333,22,36,#5C4851
334,22,36,#5C4850
335,22,36,#5C4850
336,22,36,#5C4850
337,22,36,#5C484F
338,22,36,#5C484F
339,22,36,#5C484F
340,22,36,#5C484E
341,22,36,#5C484E
342,22,36,#5C484E
343,22,36,#5C484D
344,22,36,#5C484D
345,22,36,#5C484D
346,22,36,#5C484C
347,22,36,#5C484C
348,22,36,#5C484C
349,22,36,#5C484B
350,22,36,#5C484B
351,22,36,#5C484B
352,22,36,#5C484A
353,22,36,#5C484A
354,22,36,#5C484A
355,22,36,#5C4849
356,22,36,#5C4849
357,22,36,#5C4849
358,22,36,#5C4848
359,22,36,#5C4848
0,21,36,#5C4949
1,21,36,#5C4949
2,21,36,#5C4949
3,21,36,#5C4949
4,21,36,#5C4A49
5,21,36,#5C4A49
6,21,36,#5C4A49
7,21,36,#5C4B49
8,21,36,#5C4B49
9,21,36,#5C4B49
10,21,36,#5C4C49
11,21,36,#5C4C49
12,21,36,#5C4C49
13,21,36,#5C4D49
14,21,36,#5C4D49
15,21,36,#5C4D49
16,21,36,#5C4E49
17,21,36,#5C4E49
18,21,36,#5C4E49
19,21,36,#5C4F49
20,21,36,#5C4F49
21,21,36,#5C4F49
22,21,36,#5C5049
23,21,36,#5C5049
24,21,36,#5C5049
25,21,36,#5C5149
26,21,36,#5C5149
27,21,36,#5C5149
28,21,36,#5C5249
29,21,36,#5C5249
30,21,36,#5C5249
31,21,36,#5C5249
32,21,36,#5C5349
33,21,36,#5C5349
34,21,36,#5C5349
35,21,36,#5C5449
36,21,36,#5C5449
37,21,36,#5C5449
38,21,36,#5C5549
39,21,36,#5C5549
40,21,36,#5C5549
41,21,36,#5C5649
42,21,36,#5C5649
43,21,36,#5C5649
44,21,36,#5C5749
45,21,36,#5C5749
46,21,36,#5C5749
47,21,36,#5C5849
48,21,36,#5C5849
49,21,36,#5C5849
50,21,36,#5C5949
51,21,36,#5C5949
52,21,36,#5C5949
53,21,36,#5C5A49
54,21,36,#5C5A49
55,21,36,#5C5A49
56,21,36,#5C5B49
57,21,36,#5C5B49
58,21,36,#5C5B49
59,21,36,#5C5B49
60,21,36,#5C5C49
61,21,36,#5B5C49
62,21,36,#5B5C49
63,21,36,#5B5C49
64,21,36,#5B5C49
65,21,36,#5A5C49
66,21,36,#5A5C49
67,21,36,#5A5C49
68,21,36,#595C49
69,21,36,#595C49
70,21,36,#595C49
71,21,36,#585C49
72,21,36,#585C49
73,21,36,#585C49
74,21,36,#575C49
75,21,36,#575C49
76,21,36,#575C49
77,21,36,#565C49
78,21,36,#565C49
79,21,36,#565C49
80,21,36,#555C49
81,21,36,#555C49
82,21,36,#555C49
83,21,36,#545C49
84,21,36,#545C49
85,21,36,#545C49
86,21,36,#535C49
87,21,36,#535C49
88,21,36,#535C49
89,21,36,#525C49
90,21,36,#525C49
91,21,36,#525C49
92,21,36,#525C49
93,21,36,#515C49
94,21,36,#515C49
95,21,36,#515C49
96,21,36,#505C49
97,21,36,#505C49
98,21,36,#505C49
99,21,36,#4F5C49
100,21,36,#4F5C49
101,21,36,#4F5C49
102,21,36,#4E5C49
103,21,36,#4E5C49
104,21,36,#4E5C49
105,21,36,#4D5C49
106,21,36,#4D5C49
107,21,36,#4D5C49
108,21,36,#4C5C49
109,21,36,#4C5C49
110,21,36,#4C5C49
111,21,36,#4B5C49
112,21,36,#4B5C49
113,21,36,#4B5C49
114,21,36,#4A5C49
115,21,36,#4A5C49
116,21,36,#4A5C49
117,21,36,#495C49
118,21,36,#495C49
119,21,36,#495C49
120,21,36,#495C49
121,21,36,#495C49
122,21,36,#495C49
123,21,36,#495C49
124,21,36,#495C4A
125,21,36,#495C4A
126,21,36,#495C4A
127,21,36,#495C4B
128,21,36,#495C4B
129,21,36,#495C4B
130,21,36,#495C4C
131,21,36,#495C4C
132,21,36,#495C4C
133,21,36,#495C4D
134,21,36,#495C4D
135,21,36,#495C4D
136,21,36,#495C4E
137,21,36,#495C4E
138,21,36,#495C4E
139,21,36,#495C4F
140,21,36,#495C4F
141,21,36,#495C4F
142,21,36,#495C50
143,21,36,#495C50
144,21,36,#495C50
145,21,36,#495C51
146,21,36,#495C51
147,21,36,#495C51
148,21,36,#495C52
149,21,36,#495C52
150,21,36,#495C52
151,21,36,#495C52
152,21,36,#495C53
153,21,36,#495C53
154,21,36,#495C53
155,21,36,#495C54
156,21,36,#495C54
157,21,36,#495C54
158,21,36,#495C55
159,21,36,#495C55
160,21,36,#495C55
161,21,36,#495C56
162,21,36,#495C56
163,21,36,#495C56
164,21,36,#495C57
165,21,36,#495C57
166,21,36,#495C57
167,21,36,#495C58
168,21,36,#495C58
169,21,36,#495C58
170,21,36,#495C59
171,21,36,#495C59
172,21,36,#495C59
173,21,36,#495C5A
174,21,36,#495C5A
175,21,36,#495C5A
176,21,36,#495C5B
177,21,36,#495C5B
178,21,36,#495C5B
179,21,36,#495C5B
180,21,36,#495C5C
181,21,36,#495B5C
182,21,36,#495B5C
183,21,36,#495B5C
184,21,36,#495B5C
185,21,36,#495A5C
186,21,36,#495A5C
187,21,36,#495A5C
188,21,36,#49595C
189,21,36,#49595C
190,21,36,#49595C
191,21,36,#49585C
192,21,36,#49585C
193,21,36,#49585C
194,21,36,#49575C
195,21,36,#49575C
196,21,36,#49575C
197,21,36,#49565C
198,21,36,#49565C
199,21,36,#49565C
200,21,36,#49555C
201,21,36,#49555C
202,21,36,#49555C
203,21,36,#49545C
204,21,36,#49545C
205,21,36,#49545C
206,21,36,#49535C
207,21,36,#49535C
208,21,36,#49535C
209,21,36,#49525C
210,21,36,#49525C
211,21,36,#49525C
212,21,36,#49525C
213,21,36,#49515C
214,21,36,#49515C
215,21,36,#49515C
216,21,36,#49505C
217,21,36,#49505C
218,21,36,#49505C
219,21,36,#494F5C
220,21,36,#494F5C
221,21,36,#494F5C
222,21,36,#494E5C
223,21,36,#494E5C
224,21,36,#494E5C
225,21,36,#494D5C
226,21,36,#494D5C
227,21,36,#494D5C
228,21,36,#494C5C
229,21,36,#494C5C
230,21,36,#494C5C
231,21,36,#494B5C
232,21,36,#494B5C
233,21,36,#494B5C
234,21,36,#494A5C
235,21,36,#494A5C
236,21,36,#494A5C
237,21,36,#49495C
238,21,36,#49495C
239,21,36,#49495C
240,21,36,#49495C
241,21,36,#49495C
242,21,36,#49495C
243,21,36,#49495C
244,21,36,#4A495C
245,21,36,#4A495C
246,21,36,#4A495C
247,21,36,#4B495C
248,21,36,#4B495C
249,21,36,#4B495C
250,21,36,#4C495C
251,21,36,#4C495C
252,21,36,#4C495C
253,21,36,#4D495C
254,21,36,#4D495C
255,21,36,#4D495C
256,21,36,#4E495C
257,21,36,#4E495C
258,21,36,#4E495C
259,21,36,#4F495C
260,21,36,#4F495C
261,21,36,#4F495C
262,21,36,#50495C
263,21,36,#50495C
264,21,36,#50495C
265,21,36,#51495C
266,21,36,#51495C
267,21,36,#51495C
268,21,36,#52495C
269,21,36,#52495C
270,21,36,#52495C
271,21,36,#52495C
272,21,36,#53495C
273,21,36,#53495C
274,21,36,#53495C
275,21,36,#54495C
276,21,36,#54495C
277,21,36,#54495C
278,21,36,#55495C
279,21,36,#55495C
280,21,36,#55495C
281,21,36,#56495C
282,21,36,#56495C
283,21,36,#56495C
284,21,36,#57495C
285,21,36,#57495C
286,21,36,#57495C
287,21,36,#58495C
288,21,36,#58495C
289,21,36,#58495C
290,21,36,#59495C
291,21,36,#59495C
292,21,36,#59495C
293,21,36,#5A495C
294,21,36,#5A495C
295,21,36,#5A495C
296,21,36,#5B495C
297,21,36,#5B495C
298,21,36,#5B495C
299,21,36,#5B495C
300,21,36,#5C495C
301,21,36,#5C495B
302,21,36,#5C495B
303,21,36,#5C495B
304,21,36,#5C495B
305,21,36,#5C495A
306,21,36,#5C495A
307,21,36,#5C495A
308,21,36,#5C4959
309,21,36,#5C4959
310,21,36,#5C4959
311,21,36,#5C4958
312,21,36,#5C4958
313,21,36,#5C4958
314,21,36,#5C4957
315,21,36,#5C4957
316,21,36,#5C4957
317,21,36,#5C4956
318,21,36,#5C4956
319,21,36,#5C4956
320,21,36,#5C4955
321,21,36,#5C4955
322,21,36,#5C4955
323,21,36,#5C4954
324,21,36,#5C4954
325,21,36,#5C4954
326,21,36,#5C4953
327,21,36,#5C4953
328,21,36,#5C4953
329,21,36,#5C4952
330,21,36,#5C4952
331,21,36,#5C4952
332,21,36,#5C4952
333,21,36,#5C4951
334,21,36,#5C4951
335,21,36,#5C4951
336,21,36,#5C4950
337,21,36,#5C4950
338,21,36,#5C4950
339,21,36,#5C494F
340,21,36,#5C494F
341,21,36,#5C494F
342,21,36,#5C494E
343,21,36,#5C494E
344,21,36,#5C494E
345,21,36,#5C494D
346,21,36,#5C494D
347,21,36,#5C494D
348,21,36,#5C494C
349,21,36,#5C494C
350,21,36,#5C494C
351,21,36,#5C494B
352,21,36,#5C494B
353,21,36,#5C494B
354,21,36,#5C494A
355,21,36,#5C494A
356,21,36,#5C494A
357,21,36,#5C4949
358,21,36,#5C4949
359,21,36,#5C4949
0,20,36,#5C4949
1,20,36,#5C4A49
2,20,36,#5C4A49
3,20,36,#5C4A49
4,20,36,#5C4B49
5,20,36,#5C4B49
6,20,36,#5C4B49
7,20,36,#5C4C49
8,20,36,#5C4C49
9,20,36,#5C4C49
10,20,36,#5C4D49
11,20,36,#5C4D49
12,20,36,#5C4D49
13,20,36,#5C4D49
14,20,36,#5C4E49
15,20,36,#5C4E49
16,20,36,#5C4E49
17,20,36,#5C4F49
18,20,36,#5C4F49
19,20,36,#5C4F49
20,20,36,#5C5049
21,20,36,#5C5049
22,20,36,#5C5049
23,20,36,#5C5049
24,20,36,#5C5149
25,20,36,#5C5149
26,20,36,#5C5149
27,20,36,#5C5249
28,20,36,#5C5249
29,20,36,#5C5249
30,20,36,#5C5349
31,20,36,#5C5349
32,20,36,#5C5349
33,20,36,#5C5449
34,20,36,#5C5449
35,20,36,#5C5449
36,20,36,#5C5449
37,20,36,#5C5549
38,20,36,#5C5549
39,20,36,#5C5549
40,20,36,#5C5649
41,20,36,#5C5649
42,20,36,#5C5649
43,20,36,#5C5749
44,20,36,#5C5749
45,20,36,#5C5749
46,20,36,#5C5849
47,20,36,#5C5849
48,20,36,#5C5849
49,20,36,#5C5849
50,20,36,#5C5949
51,20,36,#5C5949
52,20,36,#5C5949
53,20,36,#5C5A49
54,20,36,#5C5A49
55,20,36,#5C5A49
56,20,36,#5C5B49
57,20,36,#5C5B49
58,20,36,#5C5B49
59,20,36,#5C5B49
60,20,36,#5C5C49
61,20,36,#5B5C49
62,20,36,#5B5C49
63,20,36,#5B5C49
64,20,36,#5B5C49
65,20,36,#5A5C49
66,20,36,#5A5C49
67,20,36,#5A5C49
68,20,36,#595C49
69,20,36,#595C49
70,20,36,#595C49
71,20,36,#585C49
72,20,36,#585C49
73,20,36,#585C49
74,20,36,#585C49
75,20,36,#575C49
76,20,36,#575C49
77,20,36,#575C49
78,20,36,#565C49
79,20,36,#565C49
80,20,36,#565C49
81,20,36,#555C49
82,20,36,#555C49
83,20,36,#555C49
84,20,36,#545C49
85,20,36,#545C49
86,20,36,#545C49
87,20,36,#545C49
88,20,36,#535C49
89,20,36,#535C49
90,20,36,#535C49
91,20,36,#525C49
92,20,36,#525C49
93,20,36,#525C49
94,20,36,#515C49
95,20,36,#515C49
96,20,36,#515C49
97,20,36,#505C49
98,20,36,#505C49
99,20,36,#505C49
100,20,36,#505C49
101,20,36,#4F5C49
102,20,36,#4F5C49
103,20,36,#4F5C49
104,20,36,#4E5C49
105,20,36,#4E5C49
106,20,36,#4E5C49
107,20,36,#4D5C49
108,20,36,#4D5C49
109,20,36,#4D5C49
110,20,36,#4D5C49
111,20,36,#4C5C49
112,20,36,#4C5C49
113,20,36,#4C5C49
114,20,36,#4B5C49
115,20,36,#4B5C49
116,20,36,#4B5C49
117,20,36,#4A5C49
118,20,36,#4A5C49
119,20,36,#4A5C49
120,20,36,#495C49
121,20,36,#495C4A
122,20,36,#495C4A
123,20,36,#495C4A
124,20,36,#495C4B
125,20,36,#495C4B
126,20,36,#495C4B
127,20,36,#495C4C
128,20,36,#495C4C
129,20,36,#495C4C
130,20,36,#495C4D
131,20,36,#495C4D
132,20,36,#495C4D
133,20,36,#495C4D
134,20,36,#495C4E
135,20,36,#495C4E
136,20,36,#495C4E
137,20,36,#495C4F
138,20,36,#495C4F
139,20,36,#495C4F
140,20,36,#495C50
141,20,36,#495C50
142,20,36,#495C50
143,20,36,#495C50
144,20,36,#495C51
145,20,36,#495C51
146,20,36,#495C51
147,20,36,#495C52
148,20,36,#495C52
149,20,36,#495C52
150,20,36,#495C53
151,20,36,#495C53
152,20,36,#495C53
153,20,36,#495C54
154,20,36,#495C54
155,20,36,#495C54
156,20,36,#495C54
157,20,36,#495C55
158,20,36,#495C55
159,20,36,#495C55
160,20,36,#495C56
161,20,36,#495C56
162,20,36,#495C56
163,20,36,#495C57
164,20,36,#495C57
165,20,36,#495C57
166,20,36,#495C58
167,20,36,#495C58
168,20,36,#495C58
169,20,36,#495C58
170,20,36,#495C59
171,20,36,#495C59
172,20,36,#495C59
173,20,36,#495C5A
174,20,36,#495C5A
175,20,36,#495C5A
176,20,36,#495C5B
177,20,36,#495C5B
178,20,36,#495C5B
179,20,36,#495C5B
180,20,36,#495C5C
181,20,36,#495B5C
182,20,36,#495B5C
183,20,36,#495B5C
184,20,36,#495B5C
185,20,36,#495A5C
186,20,36,#495A5C
187,20,36,#495A5C
188,20,36,#49595C
189,20,36,#49595C
190,20,36,#49595C
191,20,36,#49585C
192,20,36,#49585C
193,20,36,#49585C
194,20,36,#49585C
195,20,36,#49575C
196,20,36,#49575C
197,20,36,#49575C
198,20,36,#49565C
199,20,36,#49565C
200,20,36,#49565C
201,20,36,#49555C
202,20,36,#49555C
203,20,36,#49555C
204,20,36,#49545C
205,20,36,#49545C
206,20,36,#49545C
207,20,36,#49545C
208,20,36,#49535C
209,20,36,#49535C
210,20,36,#49535C
211,20,36,#49525C
212,20,36,#49525C
213,20,36,#49525C
214,20,36,#49515C
215,20,36,#49515C
216,20,36,#49515C
217,20,36,#49505C
218,20,36,#49505C
219,20,36,#49505C
220,20,36,#49505C
221,20,36,#494F5C
222,20,36,#494F5C
223,20,36,#494F5C
224,20,36,#494E5C
225,20,36,#494E5C
226,20,36,#494E5C
227,20,36,#494D5C
228,20,36,#494D5C
229,20,36,#494D5C
230,20,36,#494D5C
231,20,36,#494C5C
232,20,36,#494C5C
233,20,36,#494C5C
234,20,36,#494B5C
235,20,36,#494B5C
236,20,36,#494B5C
237,20,36,#494A5C
238,20,36,#494A5C
239,20,36,#494A5C
240,20,36,#49495C
241,20,36,#4A495C
242,20,36,#4A495C
243,20,36,#4A495C
244,20,36,#4B495C
245,20,36,#4B495C
246,20,36,#4B495C
247,20,36,#4C495C
248,20,36,#4C495C
249,20,36,#4C495C
250,20,36,#4D495C
251,20,36,#4D495C
252,20,36,#4D495C
253,20,36,#4D495C
254,20,36,#4E495C
255,20,36,#4E495C
256,20,36,#4E495C
257,20,36,#4F495C
258,20,36,#4F495C
259,20,36,#4F495C
260,20,36,#50495C
261,20,36,#50495C
262,20,36,#50495C
263,20,36,#50495C
264,20,36,#51495C
265,20,36,#51495C
266,20,36,#51495C
267,20,36,#52495C
268,20,36,#52495C
269,20,36,#52495C
270,20,36,#53495C
271,20,36,#53495C
272,20,36,#53495C
273,20,36,#54495C
274,20,36,#54495C
275,20,36,#54495C
276,20,36,#54495C
277,20,36,#55495C
278,20,36,#55495C
279,20,36,#55495C
280,20,36,#56495C
281,20,36,#56495C
282,20,36,#56495C
283,20,36,#57495C
284,20,36,#57495C
285,20,36,#57495C
286,20,36,#58495C
287,20,36,#58495C
288,20,36,#58495C
289,20,36,#58495C
290,20,36,#59495C
291,20,36,#59495C
292,20,36,#59495C
293,20,36,#5A495C
294,20,36,#5A495C
295,20,36,#5A495C
296,20,36,#5B495C
297,20,36,#5B495C
298,20,36,#5B495C
299,20,36,#5B495C
300,20,36,#5C495C
301,20,36,#5C495B
302,20,36,#5C495B
303,20,36,#5C495B
304,20,36,#5C495B
305,20,36,#5C495A
306,20,36,#5C495A
307,20,36,#5C495A
308,20,36,#5C4959
309,20,36,#5C4959
310,20,36,#5C4959
311,20,36,#5C4958
312,20,36,#5C4958
313,20,36,#5C4958
314,20,36,#5C4958
315,20,36,#5C4957
316,20,36,#5C4957
317,20,36,#5C4957
318,20,36,#5C4956
319,20,36,#5C4956
320,20,36,#5C4956
321,20,36,#5C4955
322,20,36,#5C4955
323,20,36,#5C4955
324,20,36,#5C4954
325,20,36,#5C4954
326,20,36,#5C4954
327,20,36,#5C4954
328,20,36,#5C4953
329,20,36,#5C4953
330,20,36,#5C4953
331,20,36,#5C4952
332,20,36,#5C4952
333,20,36,#5C4952
334,20,36,#5C4951
335,20,36,#5C4951
336,20,36,#5C4951
337,20,36,#5C4950
338,20,36,#5C4950
339,20,36,#5C4950
340,20,36,#5C4950
341,20,36,#5C494F
342,20,36,#5C494F
343,20,36,#5C494F
344,20,36,#5C494E
345,20,36,#5C494E
346,20,36,#5C494E
347,20,36,#5C494D
348,20,36,#5C494D
349,20,36,#5C494D
350,20,36,#5C494D
351,20,36,#5C494C
352,20,36,#5C494C
353,20,36,#5C494C
354,20,36,#5C494B
355,20,36,#5C494B
356,20,36,#5C494B
357,20,36,#5C494A
358,20,36,#5C494A
359,20,36,#5C494A
0,19,36,#5C4A4A
1,19,36,#5C4B4A
2,19,36,#5C4B4A
3,19,36,#5C4B4A
4,19,36,#5C4C4A
5,19,36,#5C4C4A
6,19,36,#5C4C4A
7,19,36,#5C4C4A
8,19,36,#5C4D4A
9,19,36,#5C4D4A
10,19,36,#5C4D4A
11,19,36,#5C4E4A
12,19,36,#5C4E4A
13,19,36,#5C4E4A
14,19,36,#5C4E4A
15,19,36,#5C4F4A
16,19,36,#5C4F4A
17,19,36,#5C4F4A
18,19,36,#5C504A
19,19,36,#5C504A
20,19,36,#5C504A
21,19,36,#5C504A
22,19,36,#5C514A
23,19,36,#5C514A
24,19,36,#5C514A
25,19,36,#5C524A
26,19,36,#5C524A
27,19,36,#5C524A
28,19,36,#5C524A
29,19,36,#5C534A
30,19,36,#5C534A
31,19,36,#5C534A
32,19,36,#5C544A
33,19,36,#5C544A
34,19,36,#5C544A
35,19,36,#5C554A
36,19,36,#5C554A
37,19,36,#5C554A
38,19,36,#5C554A
39,19,36,#5C564A
40,19,36,#5C564A
41,19,36,#5C564A
42,19,36,#5C574A
43,19,36,#5C574A
44,19,36,#5C574A
45,19,36,#5C574A
46,19,36,#5C584A
47,19,36,#5C584A
48,19,36,#5C584A
49,19,36,#5C594A
50,19,36,#5C594A
51,19,36,#5C594A
52,19,36,#5C594A
53,19,36,#5C5A4A
54,19,36,#5C5A4A
55,19,36,#5C5A4A
56,19,36,#5C5B4A
57,19,36,#5C5B4A
58,19,36,#5C5B4A
59,19,36,#5C5C4A
60,19,36,#5C5C4A
61,19,36,#5C5C4A
62,19,36,#5B5C4A
63,19,36,#5B5C4A
64,19,36,#5B5C4A
65,19,36,#5A5C4A
66,19,36,#5A5C4A
67,19,36,#5A5C4A
68,19,36,#595C4A
69,19,36,#595C4A
70,19,36,#595C4A
71,19,36,#595C4A
72,19,36,#585C4A
73,19,36,#585C4A
74,19,36,#585C4A
75,19,36,#575C4A
76,19,36,#575C4A
77,19,36,#575C4A
78,19,36,#575C4A
79,19,36,#565C4A
80,19,36,#565C4A
81,19,36,#565C4A
82,19,36,#555C4A
83,19,36,#555C4A
84,19,36,#555C4A
85,19,36,#555C4A
86,19,36,#545C4A
87,19,36,#545C4A
88,19,36,#545C4A
89,19,36,#535C4A
90,19,36,#535C4A
91,19,36,#535C4A
92,19,36,#525C4A
93,19,36,#525C4A
94,19,36,#525C4A
95,19,36,#525C4A
96,19,36,#515C4A
97,19,36,#515C4A
98,19,36,#515C4A
99,19,36,#505C4A
100,19,36,#505C4A
101,19,36,#505C4A
102,19,36,#505C4A
103,19,36,#4F5C4A
104,19,36,#4F5C4A
105,19,36,#4F5C4A
106,19,36,#4E5C4A
107,19,36,#4E5C4A
108,19,36,#4E5C4A
109,19,36,#4E5C4A
110,19,36,#4D5C4A
111,19,36,#4D5C4A
112,19,36,#4D5C4A
113,19,36,#4C5C4A
114,19,36,#4C5C4A
115,19,36,#4C5C4A
116,19,36,#4C5C4A
117,19,36,#4B5C4A
118,19,36,#4B5C4A
119,19,36,#4B5C4A
120,19,36,#4A5C4A
121,19,36,#4A5C4B
122,19,36,#4A5C4B
123,19,36,#4A5C4B
124,19,36,#4A5C4C
125,19,36,#4A5C4C
126,19,36,#4A5C4C
127,19,36,#4A5C4C
128,19,36,#4A5C4D
129,19,36,#4A5C4D
130,19,36,#4A5C4D
131,19,36,#4A5C4E
132,19,36,#4A5C4E
133,19,36,#4A5C4E
134,19,36,#4A5C4E
135,19,36,#4A5C4F
136,19,36,#4A5C4F
137,19,36,#4A5C4F
138,19,36,#4A5C50
139,19,36,#4A5C50
140,19,36,#4A5C50
141,19,36,#4A5C50
142,19,36,#4A5C51
143,19,36,#4A5C51
144,19,36,#4A5C51
145,19,36,#4A5C52
146,19,36,#4A5C52
147,19,36,#4A5C52
148,19,36,#4A5C52
149,19,36,#4A5C53
150,19,36,#4A5C53
151,19,36,#4A5C53
152,19,36,#4A5C54
153,19,36,#4A5C54
154,19,36,#4A5C54
155,19,36,#4A5C55
156,19,36,#4A5C55
157,19,36,#4A5C55
158,19,36,#4A5C55
159,19,36,#4A5C56
160,19,36,#4A5C56
161,19,36,#4A5C56
162,19,36,#4A5C57
163,19,36,#4A5C57
164,19,36,#4A5C57
165,19,36,#4A5C57
166,19,36,#4A5C58
167,19,36,#4A5C58
168,19,36,#4A5C58
169,19,36,#4A5C59
170,19,36,#4A5C59
171,19,36,#4A5C59
172,19,36,#4A5C59
173,19,36,#4A5C5A
174,19,36,#4A5C5A
175,19,36,#4A5C5A
176,19,36,#4A5C5B
177,19,36,#4A5C5B
178,19,36,#4A5C5B
179,19,36,#4A5C5C
180,19,36,#4A5C5C
181,19,36,#4A5C5C
182,19,36,#4A5B5C
183,19,36,#4A5B5C
184,19,36,#4A5B5C
185,19,36,#4A5A5C
186,19,36,#4A5A5C
187,19,36,#4A5A5C
188,19,36,#4A595C
189,19,36,#4A595C
190,19,36,#4A595C
191,19,36,#4A595C
192,19,36,#4A585C
193,19,36,#4A585C
194,19,36,#4A585C
195,19,36,#4A575C
196,19,36,#4A575C
197,19,36,#4A575C
198,19,36,#4A575C
199,19,36,#4A565C
200,19,36,#4A565C
201,19,36,#4A565C
202,19,36,#4A555C
203,19,36,#4A555C
204,19,36,#4A555C
205,19,36,#4A555C
206,19,36,#4A545C
207,19,36,#4A545C
208,19,36,#4A545C
209,19,36,#4A535C
210,19,36,#4A535C
211,19,36,#4A535C
212,19,36,#4A525C
213,19,36,#4A525C
214,19,36,#4A525C
215,19,36,#4A525C
216,19,36,#4A515C
217,19,36,#4A515C
218,19,36,#4A515C
219,19,36,#4A505C
220,19,36,#4A505C
221,19,36,#4A505C
222,19,36,#4A505C
223,19,36,#4A4F5C
224,19,36,#4A4F5C
225,19,36,#4A4F5C
226,19,36,#4A4E5C
227,19,36,#4A4E5C
228,19,36,#4A4E5C
229,19,36,#4A4E5C
230,19,36,#4A4D5C
231,19,36,#4A4D5C
232,19,36,#4A4D5C
233,19,36,#4A4C5C
234,19,36,#4A4C5C
235,19,36,#4A4C5C
236,19,36,#4A4C5C
237,19,36,#4A4B5C
238,19,36,#4A4B5C
239,19,36,#4A4B5C
240,19,36,#4A4A5C
241,19,36,#4B4A5C
242,19,36,#4B4A5C
243,19,36,#4B4A5C
244,19,36,#4C4A5C
245,19,36,#4C4A5C
246,19,36,#4C4A5C
247,19,36,#4C4A5C
248,19,36,#4D4A5C
249,19,36,#4D4A5C
250,19,36,#4D4A5C
251,19,36,#4E4A5C
252,19,36,#4E4A5C
253,19,36,#4E4A5C
254,19,36,#4E4A5C
255,19,36,#4F4A5C
256,19,36,#4F4A5C
257,19,36,#4F4A5C
258,19,36,#504A5C
259,19,36,#504A5C
260,19,36,#504A5C
261,19,36,#504A5C
262,19,36,#514A5C
263,19,36,#514A5C
264,19,36,#514A5C
265,19,36,#524A5C
266,19,36,#524A5C
267,19,36,#524A5C
268,19,36,#524A5C
269,19,36,#534A5C
270,19,36,#534A5C
271,19,36,#534A5C
272,19,36,#544A5C
273,19,36,#544A5C
274,19,36,#544A5C
275,19,36,#554A5C
276,19,36,#554A5C
277,19,36,#554A5C
278,19,36,#554A5C
279,19,36,#564A5C
280,19,36,#564A5C
281,19,36,#564A5C
282,19,36,#574A5C
283,19,36,#574A5C
284,19,36,#574A5C
285,19,36,#574A5C
286,19,36,#584A5C
287,19,36,#584A5C
288,19,36,#584A5C
289,19,36,#594A5C
290,19,36,#594A5C
291,19,36,#594A5C
292,19,36,#594A5C
293,19,36,#5A4A5C
294,19,36,#5A4A5C
295,19,36,#5A4A5C
296,19,36,#5B4A5C
297,19,36,#5B4A5C
298,19,36,#5B4A5C
299,19,36,#5C4A5C
300,19,36,#5C4A5C
301,19,36,#5C4A5C
302,19,36,#5C4A5B
303,19,36,#5C4A5B
304,19,36,#5C4A5B
305,19,36,#5C4A5A
306,19,36,#5C4A5A
307,19,36,#5C4A5A
308,19,36,#5C4A59
309,19,36,#5C4A59
310,19,36,#5C4A59
311,19,36,#5C4A59
312,19,36,#5C4A58
313,19,36,#5C4A58
314,19,36,#5C4A58
315,19,36,#5C4A57
316,19,36,#5C4A57
317,19,36,#5C4A57
318,19,36,#5C4A57
319,19,36,#5C4A56
320,19,36,#5C4A56
321,19,36,#5C4A56
322,19,36,#5C4A55
323,19,36,#5C4A55
324,19,36,#5C4A55
325,19,36,#5C4A55
326,19,36,#5C4A54
327,19,36,#5C4A54
328,19,36,#5C4A54
329,19,36,#5C4A53
330,19,36,#5C4A53
331,19,36,#5C4A53
332,19,36,#5C4A52
333,19,36,#5C4A52
334,19,36,#5C4A52
335,19,36,#5C4A52
336,19,36,#5C4A51
337,19,36,#5C4A51
338,19,36,#5C4A51
339,19,36,#5C4A50
340,19,36,#5C4A50
341,19,36,#5C4A50
342,19,36,#5C4A50
343,19,36,#5C4A4F
344,19,36,#5C4A4F
345,19,36,#5C4A4F
346,19,36,#5C4A4E
347,19,36,#5C4A4E
348,19,36,#5C4A4E
349,19,36,#5C4A4E
350,19,36,#5C4A4D
351,19,36,#5C4A4D
352,19,36,#5C4A4D
353,19,36,#5C4A4C
354,19,36,#5C4A4C
355,19,36,#5C4A4C
356,19,36,#5C4A4C
357,19,36,#5C4A4B
358,19,36,#5C4A4B
359,19,36,#5C4A4B
0,18,36,#5C4B4B
1,18,36,#5C4C4B
2,18,36,#5C4C4B
3,18,36,#5C4C4B
4,18,36,#5C4C4B
5,18,36,#5C4D4B
6,18,36,#5C4D4B
7,18,36,#5C4D4B
8,18,36,#5C4D4B
9,18,36,#5C4E4B
10,18,36,#5C4E4B
11,18,36,#5C4E4B
12,18,36,#5C4F4B
13,18,36,#5C4F4B
14,18,36,#5C4F4B
15,18,36,#5C4F4B
16,18,36,#5C504B
17,18,36,#5C504B
18,18,36,#5C504B
19,18,36,#5C514B
20,18,36,#5C514B
21,18,36,#5C514B
22,18,36,#5C514B
23,18,36,#5C524B
24,18,36,#5C524B
25,18,36,#5C524B
26,18,36,#5C524B
27,18,36,#5C534B
28,18,36,#5C534B
29,18,36,#5C534B
30,18,36,#5C544B
31,18,36,#5C544B
32,18,36,#5C544B
33,18,36,#5C544B
34,18,36,#5C554B
35,18,36,#5C554B
36,18,36,#5C554B
37,18,36,#5C554B
38,18,36,#5C564B
39,18,36,#5C564B
40,18,36,#5C564B
41,18,36,#5C574B
42,18,36,#5C574B
43,18,36,#5C574B
44,18,36,#5C574B
45,18,36,#5C584B
46,18,36,#5C584B
47,18,36,#5C584B
48,18,36,#5C584B
49,18,36,#5C594B
50,18,36,#5C594B
51,18,36,#5C594B
52,18,36,#5C5A4B
53,18,36,#5C5A4B
54,18,36,#5C5A4B
55,18,36,#5C5A4B
56,18,36,#5C5B4B
57,18,36,#5C5B4B
58,18,36,#5C5B4B
59,18,36,#5C5C4B
60,18,36,#5C5C4B
61,18,36,#5C5C4B
62,18,36,#5B5C4B
63,18,36,#5B5C4B
64,18,36,#5B5C4B
65,18,36,#5A5C4B
66,18,36,#5A5C4B
67,18,36,#5A5C4B
68,18,36,#5A5C4B
69,18,36,#595C4B
70,18,36,#595C4B
71,18,36,#595C4B
72,18,36,#585C4B
73,18,36,#585C4B
74,18,36,#585C4B
75,18,36,#585C4B
76,18,36,#575C4B
77,18,36,#575C4B
78,18,36,#575C4B
79,18,36,#575C4B
80,18,36,#565C4B
81,18,36,#565C4B
82,18,36,#565C4B
83,18,36,#555C4B
84,18,36,#555C4B
85,18,36,#555C4B
86,18,36,#555C4B
87,18,36,#545C4B
88,18,36,#545C4B
89,18,36,#545C4B
90,18,36,#545C4B
91,18,36,#535C4B
92,18,36,#535C4B
93,18,36,#535C4B
94,18,36,#525C4B
95,18,36,#525C4B
96,18,36,#525C4B
97,18,36,#525C4B
98,18,36,#515C4B
99,18,36,#515C4B
100,18,36,#515C4B
101,18,36,#515C4B
102,18,36,#505C4B
103,18,36,#505C4B
104,18,36,#505C4B
105,18,36,#4F5C4B
106,18,36,#4F5C4B
107,18,36,#4F5C4B
108,18,36,#4F5C4B
109,18,36,#4E5C4B
110,18,36,#4E5C4B
111,18,36,#4E5C4B
112,18,36,#4D5C4B
113,18,36,#4D5C4B
114,18,36,#4D5C4B
115,18,36,#4D5C4B
116,18,36,#4C5C4B
117,18,36,#4C5C4B
118,18,36,#4C5C4B
119,18,36,#4C5C4B
120,18,36,#4B5C4B
121,18,36,#4B5C4C
122,18,36,#4B5C4C
123,18,36,#4B5C4C
124,18,36,#4B5C4C
125,18,36,#4B5C4D
126,18,36,#4B5C4D
127,18,36,#4B5C4D
128,18,36,#4B5C4D
129,18,36,#4B5C4E
130,18,36,#4B5C4E
131,18,36,#4B5C4E
132,18,36,#4B5C4F
133,18,36,#4B5C4F
134,18,36,#4B5C4F
135,18,36,#4B5C4F
136,18,36,#4B5C50
137,18,36,#4B5C50
138,18,36,#4B5C50
139,18,36,#4B5C51
140,18,36,#4B5C51
141,18,36,#4B5C51
142,18,36,#4B5C51
143,18,36,#4B5C52
144,18,36,#4B5C52
145,18,36,#4B5C52
146,18,36,#4B5C52
147,18,36,#4B5C53
148,18,36,#4B5C53
149,18,36,#4B5C53
150,18,36,#4B5C54
151,18,36,#4B5C54
152,18,36,#4B5C54
153,18,36,#4B5C54
154,18,36,#4B5C55
155,18,36,#4B5C55
156,18,36,#4B5C55
157,18,36,#4B5C55
158,18,36,#4B5C56
159,18,36,#4B5C56
160,18,36,#4B5C56
161,18,36,#4B5C57
162,18,36,#4B5C57
163,18,36,#4B5C57
164,18,36,#4B5C57
165,18,36,#4B5C58
166,18,36,#4B5C58
167,18,36,#4B5C58
168,18,36,#4B5C58
169,18,36,#4B5C59
170,18,36,#4B5C59
171,18,36,#4B5C59
172,18,36,#4B5C5A
173,18,36,#4B5C5A
174,18,36,#4B5C5A
175,18,36,#4B5C5A
176,18,36,#4B5C5B
177,18,36,#4B5C5B
178,18,36,#4B5C5B
179,18,36,#4B5C5C
180,18,36,#4B5C5C
181,18,36,#4B5C5C
182,18,36,#4B5B5C
183,18,36,#4B5B5C
184,18,36,#4B5B5C
185,18,36,#4B5A5C
186,18,36,#4B5A5C
187,18,36,#4B5A5C
188,18,36,#4B5A5C
189,18,36,#4B595C
190,18,36,#4B595C
191,18,36,#4B595C
192,18,36,#4B585C
193,18,36,#4B585C
194,18,36,#4B585C
195,18,36,#4B585C
196,18,36,#4B575C
197,18,36,#4B575C
198,18,36,#4B575C
199,18,36,#4B575C
200,18,36,#4B565C
201,18,36,#4B565C
202,18,36,#4B565C
203,18,36,#4B555C
204,18,36,#4B555C
205,18,36,#4B555C
206,18,36,#4B555C
207,18,36,#4B545C
208,18,36,#4B545C
209,18,36,#4B545C
210,18,36,#4B545C
211,18,36,#4B535C
212,18,36,#4B535C
213,18,36,#4B535C
214,18,36,#4B525C
215,18,36,#4B525C
216,18,36,#4B525C
217,18,36,#4B525C
218,18,36,#4B515C
219,18,36,#4B515C
220,18,36,#4B515C
221,18,36,#4B515C
222,18,36,#4B505C
223,18,36,#4B505C
224,18,36,#4B505C
225,18,36,#4B4F5C
226,18,36,#4B4F5C
227,18,36,#4B4F5C
228,18,36,#4B4F5C
229,18,36,#4B4E5C
230,18,36,#4B4E5C
231,18,36,#4B4E5C
232,18,36,#4B4D5C
233,18,36,#4B4D5C
234,18,36,#4B4D5C
235,18,36,#4B4D5C
236,18,36,#4B4C5C
237,18,36,#4B4C5C
238,18,36,#4B4C5C
239,18,36,#4B4C5C
240,18,36,#4B4B5C
241,18,36,#4C4B5C
242,18,36,#4C4B5C
243,18,36,#4C4B5C
244,18,36,#4C4B5C
245,18,36,#4D4B5C
246,18,36,#4D4B5C
247,18,36,#4D4B5C
248,18,36,#4D4B5C
249,18,36,#4E4B5C
250,18,36,#4E4B5C
251,18,36,#4E4B5C
252,18,36,#4F4B5C
253,18,36,#4F4B5C
254,18,36,#4F4B5C
255,18,36,#4F4B5C
256,18,36,#504B5C
257,18,36,#504B5C
258,18,36,#504B5C
259,18,36,#514B5C
260,18,36,#514B5C
261,18,36,#514B5C
262,18,36,#514B5C
263,18,36,#524B5C
264,18,36,#524B5C
265,18,36,#524B5C
266,18,36,#524B5C
267,18,36,#534B5C
268,18,36,#534B5C
269,18,36,#534B5C
270,18,36,#544B5C
271,18,36,#544B5C
272,18,36,#544B5C
273,18,36,#544B5C
274,18,36,#554B5C
275,18,36,#554B5C
276,18,36,#554B5C
277,18,36,#554B5C
278,18,36,#564B5C
279,18,36,#564B5C
280,18,36,#564B5C
281,18,36,#574B5C
282,18,36,#574B5C
283,18,36,#574B5C
284,18,36,#574B5C
285,18,36,#584B5C
286,18,36,#584B5C
287,18,36,#584B5C
288,18,36,#584B5C
289,18,36,#594B5C
290,18,36,#594B5C
291,18,36,#594B5C
292,18,36,#5A4B5C
293,18,36,#5A4B5C
294,18,36,#5A4B5C
295,18,36,#5A4B5C
296,18,36,#5B4B5C
297,18,36,#5B4B5C
298,18,36,#5B4B5C
299,18,36,#5C4B5C
300,18,36,#5C4B5C
301,18,36,#5C4B5C
302,18,36,#5C4B5B
303,18,36,#5C4B5B
304,18,36,#5C4B5B
305,18,36,#5C4B5A
306,18,36,#5C4B5A
307,18,36,#5C4B5A
308,18,36,#5C4B5A
309,18,36,#5C4B59
310,18,36,#5C4B59
311,18,36,#5C4B59
312,18,36,#5C4B58
313,18,36,#5C4B58
314,18,36,#5C4B58
315,18,36,#5C4B58
316,18,36,#5C4B57
317,18,36,#5C4B57
318,18,36,#5C4B57
319,18,36,#5C4B57
320,18,36,#5C4B56
321,18,36,#5C4B56
322,18,36,#5C4B56
323,18,36,#5C4B55
324,18,36,#5C4B55
325,18,36,#5C4B55
326,18,36,#5C4B55
327,18,36,#5C4B54
328,18,36,#5C4B54
329,18,36,#5C4B54
330,18,36,#5C4B54
331,18,36,#5C4B53
332,18,36,#5C4B53
333,18,36,#5C4B53
334,18,36,#5C4B52
335,18,36,#5C4B52
336,18,36,#5C4B52
337,18,36,#5C4B52
338,18,36,#5C4B51
339,18,36,#5C4B51
340,18,36,#5C4B51
341,18,36,#5C4B51
342,18,36,#5C4B50
343,18,36,#5C4B50
344,18,36,#5C4B50
345,18,36,#5C4B4F
346,18,36,#5C4B4F
347,18,36,#5C4B4F
348,18,36,#5C4B4F
349,18,36,#5C4B4E
350,18,36,#5C4B4E
351,18,36,#5C4B4E
352,18,36,#5C4B4D
353,18,36,#5C4B4D
354,18,36,#5C4B4D
355,18,36,#5C4B4D
356,18,36,#5C4B4C
357,18,36,#5C4B4C
358,18,36,#5C4B4C
359,18,36,#5C4B4C
0,17,36,#5C4C4C
1,17,36,#5C4C4C
2,17,36,#5C4D4C
3,17,36,#5C4D4C
4,17,36,#5C4D4C
5,17,36,#5C4D4C
6,17,36,#5C4E4C
7,17,36,#5C4E4C
8,17,36,#5C4E4C
9,17,36,#5C4F4C
10,17,36,#5C4F4C
11,17,36,#5C4F4C
12,17,36,#5C4F4C
13,17,36,#5C504C
14,17,36,#5C504C
15,17,36,#5C504C
16,17,36,#5C504C
17,17,36,#5C514C
18,17,36,#5C514C
19,17,36,#5C514C
20,17,36,#5C514C
21,17,36,#5C524C
22,17,36,#5C524C
23,17,36,#5C524C
24,17,36,#5C524C
25,17,36,#5C534C
26,17,36,#5C534C
27,17,36,#5C534C
28,17,36,#5C534C
29,17,36,#5C544C
30,17,36,#5C544C
31,17,36,#5C544C
32,17,36,#5C554C
33,17,36,#5C554C
34,17,36,#5C554C
35,17,36,#5C554C
36,17,36,#5C564C
37,17,36,#5C564C
38,17,36,#5C564C
39,17,36,#5C564C
40,17,36,#5C574C
41,17,36,#5C574C
42,17,36,#5C574C
43,17,36,#5C574C
44,17,36,#5C584C
45,17,36,#5C584C
46,17,36,#5C584C
47,17,36,#5C584C
48,17,36,#5C594C
49,17,36,#5C594C
50,17,36,#5C594C
51,17,36,#5C594C
52,17,36,#5C5A4C
53,17,36,#5C5A4C
54,17,36,#5C5A4C
55,17,36,#5C5A4C
56,17,36,#5C5B4C
57,17,36,#5C5B4C
58,17,36,#5C5B4C
59,17,36,#5C5C4C
60,17,36,#5C5C4C
61,17,36,#5C5C4C
62,17,36,#5B5C4C
63,17,36,#5B5C4C
64,17,36,#5B5C4C
65,17,36,#5A5C4C
66,17,36,#5A5C4C
67,17,36,#5A5C4C
68,17,36,#5A5C4C
69,17,36,#595C4C
70,17,36,#595C4C
71,17,36,#595C4C
72,17,36,#595C4C
73,17,36,#585C4C
74,17,36,#585C4C
75,17,36,#585C4C
76,17,36,#585C4C
77,17,36,#575C4C
78,17,36,#575C4C
79,17,36,#575C4C
80,17,36,#575C4C
81,17,36,#565C4C
82,17,36,#565C4C
83,17,36,#565C4C
84,17,36,#565C4C
85,17,36,#555C4C
86,17,36,#555C4C
87,17,36,#555C4C
88,17,36,#555C4C
89,17,36,#545C4C
90,17,36,#545C4C
91,17,36,#545C4C
92,17,36,#535C4C
93,17,36,#535C4C
94,17,36,#535C4C
95,17,36,#535C4C
96,17,36,#525C4C
97,17,36,#525C4C
98,17,36,#525C4C
99,17,36,#525C4C
100,17,36,#515C4C
101,17,36,#515C4C
102,17,36,#515C4C
103,17,36,#515C4C
104,17,36,#505C4C
105,17,36,#505C4C
106,17,36,#505C4C
107,17,36,#505C4C
108,17,36,#4F5C4C
109,17,36,#4F5C4C
110,17,36,#4F5C4C
111,17,36,#4F5C4C
112,17,36,#4E5C4C
113,17,36,#4E5C4C
114,17,36,#4E5C4C
115,17,36,#4D5C4C
116,17,36,#4D5C4C
117,17,36,#4D5C4C
118,17,36,#4D5C4C
119,17,36,#4C5C4C
120,17,36,#4C5C4C
121,17,36,#4C5C4C
122,17,36,#4C5C4D
123,17,36,#4C5C4D
124,17,36,#4C5C4D
125,17,36,#4C5C4D
126,17,36,#4C5C4E
127,17,36,#4C5C4E
128,17,36,#4C5C4E
129,17,36,#4C5C4F
130,17,36,#4C5C4F
131,17,36,#4C5C4F
132,17,36,#4C5C4F
133,17,36,#4C5C50
134,17,36,#4C5C50
135,17,36,#4C5C50
136,17,36,#4C5C50
137,17,36,#4C5C51
138,17,36,#4C5C51
139,17,36,#4C5C51
140,17,36,#4C5C51
141,17,36,#4C5C52
142,17,36,#4C5C52
143,17,36,#4C5C52
144,17,36,#4C5C52
145,17,36,#4C5C53
146,17,36,#4C5C53
147,17,36,#4C5C53
148,17,36,#4C5C53
149,17,36,#4C5C54
150,17,36,#4C5C54
151,17,36,#4C5C54
152,17,36,#4C5C55
153,17,36,#4C5C55
154,17,36,#4C5C55
155,17,36,#4C5C55
156,17,36,#4C5C56
157,17,36,#4C5C56
158,17,36,#4C5C56
159,17,36,#4C5C56
160,17,36,#4C5C57
161,17,36,#4C5C57
162,17,36,#4C5C57
163,17,36,#4C5C57
164,17,36,#4C5C58
165,17,36,#4C5C58
166,17,36,#4C5C58
167,17,36,#4C5C58
168,17,36,#4C5C59
169,17,36,#4C5C59
170,17,36,#4C5C59
171,17,36,#4C5C59
172,17,36,#4C5C5A
173,17,36,#4C5C5A
174,17,36,#4C5C5A
175,17,36,#4C5C5A
176,17,36,#4C5C5B
177,17,36,#4C5C5B
178,17,36,#4C5C5B
179,17,36,#4C5C5C
180,17,36,#4C5C5C
181,17,36,#4C5C5C
182,17,36,#4C5B5C
183,17,36,#4C5B5C
184,17,36,#4C5B5C
185,17,36,#4C5A5C
186,17,36,#4C5A5C
187,17,36,#4C5A5C
188,17,36,#4C5A5C
189,17,36,#4C595C
190,17,36,#4C595C
191,17,36,#4C595C
192,17,36,#4C595C
193,17,36,#4C585C
194,17,36,#4C585C
195,17,36,#4C585C
196,17,36,#4C585C
197,17,36,#4C575C
198,17,36,#4C575C
199,17,36,#4C575C
200,17,36,#4C575C
201,17,36,#4C565C
202,17,36,#4C565C
203,17,36,#4C565C
204,17,36,#4C565C
205,17,36,#4C555C
206,17,36,#4C555C
207,17,36,#4C555C
208,17,36,#4C555C
209,17,36,#4C545C
210,17,36,#4C545C
211,17,36,#4C545C
212,17,36,#4C535C
213,17,36,#4C535C
214,17,36,#4C535C
215,17,36,#4C535C
216,17,36,#4C525C
217,17,36,#4C525C
218,17,36,#4C525C
219,17,36,#4C525C
220,17,36,#4C515C
221,17,36,#4C515C
222,17,36,#4C515C
223,17,36,#4C515C
224,17,36,#4C505C
225,17,36,#4C505C
226,17,36,#4C505C
227,17,36,#4C505C
228,17,36,#4C4F5C
229,17,36,#4C4F5C
230,17,36,#4C4F5C
231,17,36,#4C4F5C
232,17,36,#4C4E5C
233,17,36,#4C4E5C
234,17,36,#4C4E5C
235,17,36,#4C4D5C
236,17,36,#4C4D5C
237,17,36,#4C4D5C
238,17,36,#4C4D5C
239,17,36,#4C4C5C
240,17,36,#4C4C5C
241,17,36,#4C4C5C
242,17,36,#4D4C5C
243,17,36,#4D4C5C
244,17,36,#4D4C5C
245,17,36,#4D4C5C
246,17,36,#4E4C5C
247,17,36,#4E4C5C
248,17,36,#4E4C5C
249,17,36,#4F4C5C
250,17,36,#4F4C5C
251,17,36,#4F4C5C
252,17,36,#4F4C5C
253,17,36,#504C5C
254,17,36,#504C5C
255,17,36,#504C5C
256,17,36,#504C5C
257,17,36,#514C5C
258,17,36,#514C5C
259,17,36,#514C5C
260,17,36,#514C5C
261,17,36,#524C5C
262,17,36,#524C5C
263,17,36,#524C5C
264,17,36,#524C5C
265,17,36,#534C5C
266,17,36,#534C5C
267,17,36,#534C5C
268,17,36,#534C5C
269,17,36,#544C5C
270,17,36,#544C5C
271,17,36,#544C5C
272,17,36,#554C5C
273,17,36,#554C5C
274,17,36,#554C5C
275,17,36,#554C5C
276,17,36,#564C5C
277,17,36,#564C5C
278,17,36,#564C5C
279,17,36,#564C5C
280,17,36,#574C5C
281,17,36,#574C5C
282,17,36,#574C5C
283,17,36,#574C5C
284,17,36,#584C5C
285,17,36,#584C5C
286,17,36,#584C5C
287,17,36,#584C5C
288,17,36,#594C5C
289,17,36,#594C5C
290,17,36,#594C5C
291,17,36,#594C5C
292,17,36,#5A4C5C
293,17,36,#5A4C5C
294,17,36,#5A4C5C
295,17,36,#5A4C5C
296,17,36,#5B4C5C
297,17,36,#5B4C5C
298,17,36,#5B4C5C
299,17,36,#5C4C5C
300,17,36,#5C4C5C
301,17,36,#5C4C5C
302,17,36,#5C4C5B
303,17,36,#5C4C5B
304,17,36,#5C4C5B
305,17,36,#5C4C5A
306,17,36,#5C4C5A
307,17,36,#5C4C5A
308,17,36,#5C4C5A
309,17,36,#5C4C59
310,17,36,#5C4C59
311,17,36,#5C4C59
312,17,36,#5C4C59
313,17,36,#5C4C58
314,17,36,#5C4C58
315,17,36,#5C4C58
316,17,36,#5C4C58
317,17,36,#5C4C57
318,17,36,#5C4C57
319,17,36,#5C4C57
320,17,36,#5C4C57
321,17,36,#5C4C56
322,17,36,#5C4C56
323,17,36,#5C4C56
324,17,36,#5C4C56
325,17,36,#5C4C55
326,17,36,#5C4C55
327,17,36,#5C4C55
328,17,36,#5C4C55
329,17,36,#5C4C54
330,17,36,#5C4C54
331,17,36,#5C4C54
332,17,36,#5C4C53
333,17,36,#5C4C53
334,17,36,#5C4C53
335,17,36,#5C4C53
336,17,36,#5C4C52
337,17,36,#5C4C52
338,17,36,#5C4C52
339,17,36,#5C4C52
340,17,36,#5C4C51
341,17,36,#5C4C51
342,17,36,#5C4C51
343,17,36,#5C4C51
344,17,36,#5C4C50
345,17,36,#5C4C50
346,17,36,#5C4C50
347,17,36,#5C4C50
348,17,36,#5C4C4F
349,17,36,#5C4C4F
350,17,36,#5C4C4F
351,17,36,#5C4C4F
352,17,36,#5C4C4E
353,17,36,#5C4C4E
354,17,36,#5C4C4E
355,17,36,#5C4C4D
356,17,36,#5C4C4D
357,17,36,#5C4C4D
358,17,36,#5C4C4D
359,17,36,#5C4C4C
0,16,36,#5C4D4D
1,16,36,#5C4D4D
2,16,36,#5C4E4D
3,16,36,#5C4E4D
4,16,36,#5C4E4D
5,16,36,#5C4E4D
6,16,36,#5C4F4D
7,16,36,#5C4F4D
8,16,36,#5C4F4D
9,16,36,#5C4F4D
10,16,36,#5C504D
11,16,36,#5C504D
12,16,36,#5C504D
13,16,36,#5C504D
14,16,36,#5C514D
15,16,36,#5C514D
16,16,36,#5C514D
17,16,36,#5C514D
18,16,36,#5C524D
19,16,36,#5C524D
20,16,36,#5C524D
21,16,36,#5C524D
22,16,36,#5C524D
23,16,36,#5C534D
24,16,36,#5C534D
25,16,36,#5C534D
26,16,36,#5C534D
27,16,36,#5C544D
28,16,36,#5C544D
29,16,36,#5C544D
30,16,36,#5C544D
31,16,36,#5C554D
32,16,36,#5C554D
33,16,36,#5C554D
34,16,36,#5C554D
35,16,36,#5C564D
36,16,36,#5C564D
37,16,36,#5C564D
38,16,36,#5C564D
39,16,36,#5C574D
40,16,36,#5C574D
41,16,36,#5C574D
42,16,36,#5C574D
43,16,36,#5C584D
44,16,36,#5C584D
45,16,36,#5C584D
46,16,36,#5C584D
47,16,36,#5C594D
48,16,36,#5C594D
49,16,36,#5C594D
50,16,36,#5C594D
51,16,36,#5C5A4D
52,16,36,#5C5A4D
53,16,36,#5C5A4D
54,16,36,#5C5A4D
55,16,36,#5C5B4D
56,16,36,#5C5B4D
57,16,36,#5C5B4D
58,16,36,#5C5B4D
59,16,36,#5C5C4D
60,16,36,#5C5C4D
61,16,36,#5C5C4D
62,16,36,#5B5C4D
63,16,36,#5B5C4D
64,16,36,#5B5C4D
65,16,36,#5B5C4D
66,16,36,#5A5C4D
67,16,36,#5A5C4D
68,16,36,#5A5C4D
69,16,36,#5A5C4D
70,16,36,#595C4D
71,16,36,#595C4D
72,16,36,#595C4D
73,16,36,#595C4D
74,16,36,#585C4D
75,16,36,#585C4D
76,16,36,#585C4D
77,16,36,#585C4D
78,16,36,#575C4D
79,16,36,#575C4D
80,16,36,#575C4D
81,16,36,#575C4D
82,16,36,#565C4D
83,16,36,#565C4D
84,16,36,#565C4D
85,16,36,#565C4D
86,16,36,#555C4D
87,16,36,#555C4D
88,16,36,#555C4D
89,16,36,#555C4D
90,16,36,#545C4D
91,16,36,#545C4D
92,16,36,#545C4D
93,16,36,#545C4D
94,16,36,#535C4D
95,16,36,#535C4D
96,16,36,#535C4D
97,16,36,#535C4D
98,16,36,#525C4D
99,16,36,#525C4D
100,16,36,#525C4D
101,16,36,#525C4D
102,16,36,#525C4D
103,16,36,#515C4D
104,16,36,#515C4D
105,16,36,#515C4D
106,16,36,#515C4D
107,16,36,#505C4D
108,16,36,#505C4D
109,16,36,#505C4D
110,16,36,#505C4D
111,16,36,#4F5C4D
112,16,36,#4F5C4D
113,16,36,#4F5C4D
114,16,36,#4F5C4D
115,16,36,#4E5C4D
116,16,36,#4E5C4D
117,16,36,#4E5C4D
118,16,36,#4E5C4D
119,16,36,#4D5C4D
120,16,36,#4D5C4D
121,16,36,#4D5C4D
122,16,36,#4D5C4E
123,16,36,#4D5C4E
124,16,36,#4D5C4E
125,16,36,#4D5C4E
126,16,36,#4D5C4F
127,16,36,#4D5C4F
128,16,36,#4D5C4F
129,16,36,#4D5C4F
130,16,36,#4D5C50
131,16,36,#4D5C50
132,16,36,#4D5C50
133,16,36,#4D5C50
134,16,36,#4D5C51
135,16,36,#4D5C51
136,16,36,#4D5C51
137,16,36,#4D5C51
138,16,36,#4D5C52
139,16,36,#4D5C52
140,16,36,#4D5C52
141,16,36,#4D5C52
142,16,36,#4D5C52
143,16,36,#4D5C53
144,16,36,#4D5C53
145,16,36,#4D5C53
146,16,36,#4D5C53
147,16,36,#4D5C54
148,16,36,#4D5C54
149,16,36,#4D5C54
150,16,36,#4D5C54
151,16,36,#4D5C55
152,16,36,#4D5C55
153,16,36,#4D5C55
154,16,36,#4D5C55
155,16,36,#4D5C56
156,16,36,#4D5C56
157,16,36,#4D5C56
158,16,36,#4D5C56
159,16,36,#4D5C57
160,16,36,#4D5C57
161,16,36,#4D5C57
162,16,36,#4D5C57
163,16,36,#4D5C58
164,16,36,#4D5C58
165,16,36,#4D5C58
166,16,36,#4D5C58
167,16,36,#4D5C59
168,16,36,#4D5C59
169,16,36,#4D5C59
170,16,36,#4D5C59
171,16,36,#4D5C5A
172,16,36,#4D5C5A
173,16,36,#4D5C5A
174,16,36,#4D5C5A
175,16,36,#4D5C5B
176,16,36,#4D5C5B
177,16,36,#4D5C5B
178,16,36,#4D5C5B
179,16,36,#4D5C5C
180,16,36,#4D5C5C
181,16,36,#4D5C5C
182,16,36,#4D5B5C
183,16,36,#4D5B5C
184,16,36,#4D5B5C
185,16,36,#4D5B5C
186,16,36,#4D5A5C
187,16,36,#4D5A5C
188,16,36,#4D5A5C
189,16,36,#4D5A5C
190,16,36,#4D595C
191,16,36,#4D595C
192,16,36,#4D595C
193,16,36,#4D595C
194,16,36,#4D585C
195,16,36,#4D585C
196,16,36,#4D585C
197,16,36,#4D585C
198,16,36,#4D575C
199,16,36,#4D575C
200,16,36,#4D575C
201,16,36,#4D575C
202,16,36,#4D565C
203,16,36,#4D565C
204,16,36,#4D565C
205,16,36,#4D565C
206,16,36,#4D555C
207,16,36,#4D555C
208,16,36,#4D555C
209,16,36,#4D555C
210,16,36,#4D545C
211,16,36,#4D545C
212,16,36,#4D545C
213,16,36,#4D545C
214,16,36,#4D535C
215,16,36,#4D535C
216,16,36,#4D535C
217,16,36,#4D535C
218,16,36,#4D525C
219,16,36,#4D525C
220,16,36,#4D525C
221,16,36,#4D525C
222,16,36,#4D525C
223,16,36,#4D515C
224,16,36,#4D515C
225,16,36,#4D515C
226,16,36,#4D515C
227,16,36,#4D505C
228,16,36,#4D505C
229,16,36,#4D505C
230,16,36,#4D505C
231,16,36,#4D4F5C
232,16,36,#4D4F5C
233,16,36,#4D4F5C
234,16,36,#4D4F5C
235,16,36,#4D4E5C
236,16,36,#4D4E5C
237,16,36,#4D4E5C
238,16,36,#4D4E5C
239,16,36,#4D4D5C
240,16,36,#4D4D5C
241,16,36,#4D4D5C
242,16,36,#4E4D5C
243,16,36,#4E4D5C
244,16,36,#4E4D5C
245,16,36,#4E4D5C
246,16,36,#4F4D5C
247,16,36,#4F4D5C
248,16,36,#4F4D5C
249,16,36,#4F4D5C
250,16,36,#504D5C
251,16,36,#504D5C
252,16,36,#504D5C
253,16,36,#504D5C
254,16,36,#514D5C
255,16,36,#514D5C
256,16,36,#514D5C
257,16,36,#514D5C
258,16,36,#524D5C
259,16,36,#524D5C
260,16,36,#524D5C
261,16,36,#524D5C
262,16,36,#524D5C
263,16,36,#534D5C
264,16,36,#534D5C
265,16,36,#534D5C
266,16,36,#534D5C
267,16,36,#544D5C
268,16,36,#544D5C
269,16,36,#544D5C
270,16,36,#544D5C
271,16,36,#554D5C
272,16,36,#554D5C
273,16,36,#554D5C
274,16,36,#554D5C
275,16,36,#564D5C
276,16,36,#564D5C
277,16,36,#564D5C
278,16,36,#564D5C
279,16,36,#574D5C
280,16,36,#574D5C
281,16,36,#574D5C
282,16,36,#574D5C
283,16,36,#584D5C
284,16,36,#584D5C
285,16,36,#584D5C
286,16,36,#584D5C
287,16,36,#594D5C
288,16,36,#594D5C
289,16,36,#594D5C
290,16,36,#594D5C
291,16,36,#5A4D5C
292,16,36,#5A4D5C
293,16,36,#5A4D5C
294,16,36,#5A4D5C
295,16,36,#5B4D5C
296,16,36,#5B4D5C
297,16,36,#5B4D5C
298,16,36,#5B4D5C
299,16,36,#5C4D5C
300,16,36,#5C4D5C
301,16,36,#5C4D5C
302,16,36,#5C4D5B
303,16,36,#5C4D5B
304,16,36,#5C4D5B
305,16,36,#5C4D5B
306,16,36,#5C4D5A
307,16,36,#5C4D5A
308,16,36,#5C4D5A
309,16,36,#5C4D5A
310,16,36,#5C4D59
311,16,36,#5C4D59
312,16,36,#5C4D59
313,16,36,#5C4D59
314,16,36,#5C4D58
315,16,36,#5C4D58
316,16,36,#5C4D58
317,16,36,#5C4D58
318,16,36,#5C4D57
319,16,36,#5C4D57
320,16,36,#5C4D57
321,16,36,#5C4D57
322,16,36,#5C4D56
323,16,36,#5C4D56
324,16,36,#5C4D56
325,16,36,#5C4D56
326,16,36,#5C4D55
327,16,36,#5C4D55
328,16,36,#5C4D55
329,16,36,#5C4D55
330,16,36,#5C4D54
331,16,36,#5C4D54
332,16,36,#5C4D54
333,16,36,#5C4D54
334,16,36,#5C4D53
335,16,36,#5C4D53
336,16,36,#5C4D53
337,16,36,#5C4D53
338,16,36,#5C4D52
339,16,36,#5C4D52
340,16,36,#5C4D52
341,16,36,#5C4D52
342,16,36,#5C4D52
343,16,36,#5C4D51
344,16,36,#5C4D51
345,16,36,#5C4D51
346,16,36,#5C4D51
347,16,36,#5C4D50
348,16,36,#5C4D50
349,16,36,#5C4D50
350,16,36,#5C4D50
351,16,36,#5C4D4F
352,16,36,#5C4D4F
353,16,36,#5C4D4F
354,16,36,#5C4D4F
355,16,36,#5C4D4E
356,16,36,#5C4D4E
357,16,36,#5C4D4E
358,16,36,#5C4D4E
359,16,36,#5C4D4D
0,15,36,#5C4E4E
1,15,36,#5C4E4E
2,15,36,#5C4E4E
3,15,36,#5C4F4E
4,15,36,#5C4F4E
5,15,36,#5C4F4E
6,15,36,#5C4F4E
7,15,36,#5C504E
8,15,36,#5C504E
9,15,36,#5C504E
10,15,36,#5C504E
11,15,36,#5C514E
12,15,36,#5C514E
13,15,36,#5C514E
14,15,36,#5C514E
15,15,36,#5C514E
16,15,36,#5C524E
17,15,36,#5C524E
18,15,36,#5C524E
19,15,36,#5C524E
20,15,36,#5C534E
21,15,36,#5C534E
22,15,36,#5C534E
23,15,36,#5C534E
24,15,36,#5C544E
25,15,36,#5C544E
26,15,36,#5C544E
27,15,36,#5C544E
28,15,36,#5C544E
29,15,36,#5C554E
30,15,36,#5C554E
31,15,36,#5C554E
32,15,36,#5C554E
33,15,36,#5C564E
34,15,36,#5C564E
35,15,36,#5C564E
36,15,36,#5C564E
37,15,36,#5C574E
38,15,36,#5C574E
39,15,36,#5C574E
40,15,36,#5C574E
41,15,36,#5C574E
42,15,36,#5C584E
43,15,36,#5C584E
44,15,36,#5C584E
45,15,36,#5C584E
46,15,36,#5C594E
47,15,36,#5C594E
48,15,36,#5C594E
49,15,36,#5C594E
50,15,36,#5C5A4E
51,15,36,#5C5A4E
52,15,36,#5C5A4E
53,15,36,#5C5A4E
54,15,36,#5C5A4E
55,15,36,#5C5B4E
56,15,36,#5C5B4E
57,15,36,#5C5B4E
58,15,36,#5C5B4E
59,15,36,#5C5C4E
60,15,36,#5C5C4E
61,15,36,#5C5C4E
62,15,36,#5B5C4E
63,15,36,#5B5C4E
64,15,36,#5B5C4E
65,15,36,#5B5C4E
66,15,36,#5A5C4E
67,15,36,#5A5C4E
68,15,36,#5A5C4E
69,15,36,#5A5C4E
70,15,36,#5A5C4E
71,15,36,#595C4E
72,15,36,#595C4E
73,15,36,#595C4E
74,15,36,#595C4E
75,15,36,#585C4E
76,15,36,#585C4E
77,15,36,#585C4E
78,15,36,#585C4E
79,15,36,#575C4E
80,15,36,#575C4E
81,15,36,#575C4E
82,15,36,#575C4E
83,15,36,#575C4E
84,15,36,#565C4E
85,15,36,#565C4E
86,15,36,#565C4E
87,15,36,#565C4E
88,15,36,#555C4E
89,15,36,#555C4E
90,15,36,#555C4E
91,15,36,#555C4E
92,15,36,#545C4E
93,15,36,#545C4E
94,15,36,#545C4E
95,15,36,#545C4E
96,15,36,#545C4E
97,15,36,#535C4E
98,15,36,#535C4E
99,15,36,#535C4E
100,15,36,#535C4E
101,15,36,#525C4E
102,15,36,#525C4E
103,15,36,#525C4E
104,15,36,#525C4E
105,15,36,#515C4E
106,15,36,#515C4E
107,15,36,#515C4E
108,15,36,#515C4E
109,15,36,#515C4E
110,15,36,#505C4E
111,15,36,#505C4E
112,15,36,#505C4E
113,15,36,#505C4E
114,15,36,#4F5C4E
115,15,36,#4F5C4E
116,15,36,#4F5C4E
117,15,36,#4F5C4E
118,15,36,#4E5C4E
119,15,36,#4E5C4E
120,15,36,#4E5C4E
121,15,36,#4E5C4E
122,15,36,#4E5C4E
123,15,36,#4E5C4F
124,15,36,#4E5C4F
125,15,36,#4E5C4F
126,15,36,#4E5C4F
127,15,36,#4E5C50
128,15,36,#4E5C50
129,15,36,#4E5C50
130,15,36,#4E5C50
131,15,36,#4E5C51
132,15,36,#4E5C51
133,15,36,#4E5C51
134,15,36,#4E5C51
135,15,36,#4E5C51
136,15,36,#4E5C52
137,15,36,#4E5C52
138,15,36,#4E5C52
139,15,36,#4E5C52
140,15,36,#4E5C53
141,15,36,#4E5C53
142,15,36,#4E5C53
143,15,36,#4E5C53
144,15,36,#4E5C54
145,15,36,#4E5C54
146,15,36,#4E5C54
147,15,36,#4E5C54
148,15,36,#4E5C54
149,15,36,#4E5C55
150,15,36,#4E5C55
151,15,36,#4E5C55
152,15,36,#4E5C55
153,15,36,#4E5C56
154,15,36,#4E5C56
155,15,36,#4E5C56
156,15,36,#4E5C56
157,15,36,#4E5C57
158,15,36,#4E5C57
159,15,36,#4E5C57
160,15,36,#4E5C57
161,15,36,#4E5C57
162,15,36,#4E5C58
163,15,36,#4E5C58
164,15,36,#4E5C58
165,15,36,#4E5C58
166,15,36,#4E5C59
167,15,36,#4E5C59
168,15,36,#4E5C59
169,15,36,#4E5C59
170,15,36,#4E5C5A
171,15,36,#4E5C5A
172,15,36,#4E5C5A
173,15,36,#4E5C5A
174,15,36,#4E5C5A
175,15,36,#4E5C5B
176,15,36,#4E5C5B
177,15,36,#4E5C5B
178,15,36,#4E5C5B
179,15,36,#4E5C5C
180,15,36,#4E5C5C
181,15,36,#4E5C5C
182,15,36,#4E5B5C
183,15,36,#4E5B5C
184,15,36,#4E5B5C
185,15,36,#4E5B5C
186,15,36,#4E5A5C
187,15,36,#4E5A5C
188,15,36,#4E5A5C
189,15,36,#4E5A5C
190,15,36,#4E5A5C
191,15,36,#4E595C
192,15,36,#4E595C
193,15,36,#4E595C
194,15,36,#4E595C
195,15,36,#4E585C
196,15,36,#4E585C
197,15,36,#4E585C
198,15,36,#4E585C
199,15,36,#4E575C
200,15,36,#4E575C
201,15,36,#4E575C
202,15,36,#4E575C
203,15,36,#4E575C
204,15,36,#4E565C
205,15,36,#4E565C
206,15,36,#4E565C
207,15,36,#4E565C
208,15,36,#4E555C
209,15,36,#4E555C
210,15,36,#4E555C
211,15,36,#4E555C
212,15,36,#4E545C
213,15,36,#4E545C
214,15,36,#4E545C
215,15,36,#4E545C
216,15,36,#4E545C
217,15,36,#4E535C
218,15,36,#4E535C
219,15,36,#4E535C
220,15,36,#4E535C
221,15,36,#4E525C
222,15,36,#4E525C
223,15,36,#4E525C
224,15,36,#4E525C
225,15,36,#4E515C
226,15,36,#4E515C
227,15,36,#4E515C
228,15,36,#4E515C
229,15,36,#4E515C
230,15,36,#4E505C
231,15,36,#4E505C
232,15,36,#4E505C
233,15,36,#4E505C
234,15,36,#4E4F5C
235,15,36,#4E4F5C
236,15,36,#4E4F5C
237,15,36,#4E4F5C
238,15,36,#4E4E5C
239,15,36,#4E4E5C
240,15,36,#4E4E5C
241,15,36,#4E4E5C
242,15,36,#4E4E5C
243,15,36,#4F4E5C
244,15,36,#4F4E5C
245,15,36,#4F4E5C
246,15,36,#4F4E5C
247,15,36,#504E5C
248,15,36,#504E5C
249,15,36,#504E5C
250,15,36,#504E5C
251,15,36,#514E5C
252,15,36,#514E5C
253,15,36,#514E5C
254,15,36,#514E5C
255,15,36,#514E5C
256,15,36,#524E5C
257,15,36,#524E5C
258,15,36,#524E5C
259,15,36,#524E5C
260,15,36,#534E5C
261,15,36,#534E5C
262,15,36,#534E5C
263,15,36,#534E5C
264,15,36,#544E5C
265,15,36,#544E5C
266,15,36,#544E5C
267,15,36,#544E5C
268,15,36,#544E5C
269,15,36,#554E5C
270,15,36,#554E5C
271,15,36,#554E5C
272,15,36,#554E5C
273,15,36,#564E5C
274,15,36,#564E5C
275,15,36,#564E5C
276,15,36,#564E5C
277,15,36,#574E5C
278,15,36,#574E5C
279,15,36,#574E5C
280,15,36,#574E5C
281,15,36,#574E5C
282,15,36,#584E5C
283,15,36,#584E5C
284,15,36,#584E5C
285,15,36,#584E5C
286,15,36,#594E5C
287,15,36,#594E5C
288,15,36,#594E5C
289,15,36,#594E5C
290,15,36,#5A4E5C
291,15,36,#5A4E5C
292,15,36,#5A4E5C
293,15,36,#5A4E5C
294,15,36,#5A4E5C
295,15,36,#5B4E5C
296,15,36,#5B4E5C
297,15,36,#5B4E5C
298,15,36,#5B4E5C
299,15,36,#5C4E5C
300,15,36,#5C4E5C
301,15,36,#5C4E5C
302,15,36,#5C4E5B
303,15,36,#5C4E5B
304,15,36,#5C4E5B
305,15,36,#5C4E5B
306,15,36,#5C4E5A
307,15,36,#5C4E5A
308,15,36,#5C4E5A
309,15,36,#5C4E5A
310,15,36,#5C4E5A
311,15,36,#5C4E59
312,15,36,#5C4E59
313,15,36,#5C4E59
314,15,36,#5C4E59
315,15,36,#5C4E58
316,15,36,#5C4E58
317,15,36,#5C4E58
318,15,36,#5C4E58
319,15,36,#5C4E57
320,15,36,#5C4E57
321,15,36,#5C4E57
322,15,36,#5C4E57
323,15,36,#5C4E57
324,15,36,#5C4E56
325,15,36,#5C4E56
326,15,36,#5C4E56
327,15,36,#5C4E56
328,15,36,#5C4E55
329,15,36,#5C4E55
330,15,36,#5C4E55
331,15,36,#5C4E55
332,15,36,#5C4E54
333,15,36,#5C4E54
334,15,36,#5C4E54
335,15,36,#5C4E54
336,15,36,#5C4E54
337,15,36,#5C4E53
338,15,36,#5C4E53
339,15,36,#5C4E53
340,15,36,#5C4E53
341,15,36,#5C4E52
342,15,36,#5C4E52
343,15,36,#5C4E52
344,15,36,#5C4E52
345,15,36,#5C4E51
346,15,36,#5C4E51
347,15,36,#5C4E51
348,15,36,#5C4E51
349,15,36,#5C4E51
350,15,36,#5C4E50
351,15,36,#5C4E50
352,15,36,#5C4E50
353,15,36,#5C4E50
354,15,36,#5C4E4F
355,15,36,#5C4E4F
356,15,36,#5C4E4F
357,15,36,#5C4E4F
358,15,36,#5C4E4E
359,15,36,#5C4E4E
0,14,36,#5C4F4F
1,14,36,#5C4F4F
2,14,36,#5C4F4F
3,14,36,#5C504F
4,14,36,#5C504F
5,14,36,#5C504F
6,14,36,#5C504F
7,14,36,#5C504F
8,14,36,#5C514F
9,14,36,#5C514F
10,14,36,#5C514F
11,14,36,#5C514F
12,14,36,#5C524F
13,14,36,#5C524F
14,14,36,#5C524F
15,14,36,#5C524F
16,14,36,#5C524F
17,14,36,#5C534F
18,14,36,#5C534F
19,14,36,#5C534F
20,14,36,#5C534F
21,14,36,#5C534F
22,14,36,#5C544F
23,14,36,#5C544F
24,14,36,#5C544F
25,14,36,#5C544F
26,14,36,#5C554F
27,14,36,#5C554F
28,14,36,#5C554F
29,14,36,#5C554F
30,14,36,#5C554F
31,14,36,#5C564F
32,14,36,#5C564F
33,14,36,#5C564F
34,14,36,#5C564F
35,14,36,#5C564F
36,14,36,#5C574F
37,14,36,#5C574F
38,14,36,#5C574F
39,14,36,#5C574F
40,14,36,#5C584F
41,14,36,#5C584F
42,14,36,#5C584F
43,14,36,#5C584F
44,14,36,#5C584F
45,14,36,#5C594F
46,14,36,#5C594F
47,14,36,#5C594F
48,14,36,#5C594F
49,14,36,#5C594F
50,14,36,#5C5A4F
51,14,36,#5C5A4F
52,14,36,#5C5A4F
53,14,36,#5C5A4F
54,14,36,#5C5B4F
55,14,36,#5C5B4F
56,14,36,#5C5B4F
57,14,36,#5C5B4F
58,14,36,#5C5B4F
59,14,36,#5C5C4F
60,14,36,#5C5C4F
61,14,36,#5C5C4F
62,14,36,#5B5C4F
63,14,36,#5B5C4F
64,14,36,#5B5C4F
65,14,36,#5B5C4F
66,14,36,#5B5C4F
67,14,36,#5A5C4F
68,14,36,#5A5C4F
69,14,36,#5A5C4F
70,14,36,#5A5C4F
71,14,36,#595C4F
72,14,36,#595C4F
73,14,36,#595C4F
74,14,36,#595C4F
75,14,36,#595C4F
76,14,36,#585C4F
77,14,36,#585C4F
78,14,36,#585C4F
79,14,36,#585C4F
80,14,36,#585C4F
81,14,36,#575C4F
82,14,36,#575C4F
83,14,36,#575C4F
84,14,36,#575C4F
85,14,36,#565C4F
86,14,36,#565C4F
87,14,36,#565C4F
88,14,36,#565C4F
89,14,36,#565C4F
90,14,36,#555C4F
91,14,36,#555C4F
92,14,36,#555C4F
93,14,36,#555C4F
94,14,36,#555C4F
95,14,36,#545C4F
96,14,36,#545C4F
97,14,36,#545C4F
98,14,36,#545C4F
99,14,36,#535C4F
100,14,36,#535C4F
101,14,36,#535C4F
102,14,36,#535C4F
103,14,36,#535C4F
104,14,36,#525C4F
105,14,36,#525C4F
106,14,36,#525C4F
107,14,36,#525C4F
108,14,36,#525C4F
109,14,36,#515C4F
110,14,36,#515C4F
111,14,36,#515C4F
112,14,36,#515C4F
113,14,36,#505C4F
114,14,36,#505C4F
115,14,36,#505C4F
116,14,36,#505C4F
117,14,36,#505C4F
118,14,36,#4F5C4F
119,14,36,#4F5C4F
120,14,36,#4F5C4F
121,14,36,#4F5C4F
122,14,36,#4F5C4F
123,14,36,#4F5C50
124,14,36,#4F5C50
125,14,36,#4F5C50
126,14,36,#4F5C50
127,14,36,#4F5C50
128,14,36,#4F5C51
129,14,36,#4F5C51
130,14,36,#4F5C51
131,14,36,#4F5C51
132,14,36,#4F5C52
133,14,36,#4F5C52
134,14,36,#4F5C52
135,14,36,#4F5C52
136,14,36,#4F5C52
137,14,36,#4F5C53
138,14,36,#4F5C53
139,14,36,#4F5C53
140,14,36,#4F5C53
141,14,36,#4F5C53
142,14,36,#4F5C54
143,14,36,#4F5C54
144,14,36,#4F5C54
145,14,36,#4F5C54
146,14,36,#4F5C55
147,14,36,#4F5C55
148,14,36,#4F5C55
149,14,36,#4F5C55
150,14,36,#4F5C55
151,14,36,#4F5C56
152,14,36,#4F5C56
153,14,36,#4F5C56
154,14,36,#4F5C56
155,14,36,#4F5C56
156,14,36,#4F5C57
157,14,36,#4F5C57
158,14,36,#4F5C57
159,14,36,#4F5C57
160,14,36,#4F5C58
161,14,36,#4F5C58
162,14,36,#4F5C58
163,14,36,#4F5C58
164,14,36,#4F5C58
165,14,36,#4F5C59
166,14,36,#4F5C59
167,14,36,#4F5C59
168,14,36,#4F5C59
169,14,36,#4F5C59
170,14,36,#4F5C5A
171,14,36,#4F5C5A
172,14,36,#4F5C5A
173,14,36,#4F5C5A
174,14,36,#4F5C5B
175,14,36,#4F5C5B
176,14,36,#4F5C5B
177,14,36,#4F5C5B
178,14,36,#4F5C5B
179,14,36,#4F5C5C
180,14,36,#4F5C5C
181,14,36,#4F5C5C
182,14,36,#4F5B5C
183,14,36,#4F5B5C
184,14,36,#4F5B5C
185,14,36,#4F5B5C
186,14,36,#4F5B5C
187,14,36,#4F5A5C
188,14,36,#4F5A5C
189,14,36,#4F5A5C
190,14,36,#4F5A5C
191,14,36,#4F595C
192,14,36,#4F595C
193,14,36,#4F595C
194,14,36,#4F595C
195,14,36,#4F595C
196,14,36,#4F585C
197,14,36,#4F585C
198,14,36,#4F585C
199,14,36,#4F585C
200,14,36,#4F585C
201,14,36,#4F575C
202,14,36,#4F575C
203,14,36,#4F575C
204,14,36,#4F575C
205,14,36,#4F565C
206,14,36,#4F565C
207,14,36,#4F565C
208,14,36,#4F565C
209,14,36,#4F565C
210,14,36,#4F555C
211,14,36,#4F555C
212,14,36,#4F555C
213,14,36,#4F555C
214,14,36,#4F555C
215,14,36,#4F545C
216,14,36,#4F545C
217,14,36,#4F545C
218,14,36,#4F545C
219,14,36,#4F535C
220,14,36,#4F535C
221,14,36,#4F535C
222,14,36,#4F535C
223,14,36,#4F535C
224,14,36,#4F525C
225,14,36,#4F525C
226,14,36,#4F525C
227,14,36,#4F525C
228,14,36,#4F525C
229,14,36,#4F515C
230,14,36,#4F515C
231,14,36,#4F515C
232,14,36,#4F515C
233,14,36,#4F505C
234,14,36,#4F505C
235,14,36,#4F505C
236,14,36,#4F505C
237,14,36,#4F505C
238,14,36,#4F4F5C
239,14,36,#4F4F5C
240,14,36,#4F4F5C
241,14,36,#4F4F5C
242,14,36,#4F4F5C
243,14,36,#504F5C
244,14,36,#504F5C
245,14,36,#504F5C
246,14,36,#504F5C
247,14,36,#504F5C
248,14,36,#514F5C
249,14,36,#514F5C
250,14,36,#514F5C
251,14,36,#514F5C
252,14,36,#524F5C
253,14,36,#524F5C
254,14,36,#524F5C
255,14,36,#524F5C
256,14,36,#524F5C
257,14,36,#534F5C
258,14,36,#534F5C
259,14,36,#534F5C
260,14,36,#534F5C
261,14,36,#534F5C
262,14,36,#544F5C
263,14,36,#544F5C
264,14,36,#544F5C
265,14,36,#544F5C
266,14,36,#554F5C
267,14,36,#554F5C
268,14,36,#554F5C
269,14,36,#554F5C
270,14,36,#554F5C
271,14,36,#564F5C
272,14,36,#564F5C
273,14,36,#564F5C
274,14,36,#564F5C
275,14,36,#564F5C
276,14,36,#574F5C
277,14,36,#574F5C
278,14,36,#574F5C
279,14,36,#574F5C
280,14,36,#584F5C
281,14,36,#584F5C
282,14,36,#584F5C
283,14,36,#584F5C
284,14,36,#584F5C
285,14,36,#594F5C
286,14,36,#594F5C
287,14,36,#594F5C
288,14,36,#594F5C
289,14,36,#594F5C
290,14,36,#5A4F5C
291,14,36,#5A4F5C
292,14,36,#5A4F5C
293,14,36,#5A4F5C
294,14,36,#5B4F5C
295,14,36,#5B4F5C
296,14,36,#5B4F5C
297,14,36,#5B4F5C
298,14,36,#5B4F5C
299,14,36,#5C4F5C
300,14,36,#5C4F5C
301,14,36,#5C4F5C
302,14,36,#5C4F5B
303,14,36,#5C4F5B
304,14,36,#5C4F5B
305,14,36,#5C4F5B
306,14,36,#5C4F5B
307,14,36,#5C4F5A
308,14,36,#5C4F5A
309,14,36,#5C4F5A
310,14,36,#5C4F5A
311,14,36,#5C4F59
312,14,36,#5C4F59
313,14,36,#5C4F59
314,14,36,#5C4F59
315,14,36,#5C4F59
316,14,36,#5C4F58
317,14,36,#5C4F58
318,14,36,#5C4F58
319,14,36,#5C4F58
320,14,36,#5C4F58
321,14,36,#5C4F57
322,14,36,#5C4F57
323,14,36,#5C4F57
324,14,36,#5C4F57
325,14,36,#5C4F56
326,14,36,#5C4F56
327,14,36,#5C4F56
328,14,36,#5C4F56
329,14,36,#5C4F56
330,14,36,#5C4F55
331,14,36,#5C4F55
332,14,36,#5C4F55
333,14,36,#5C4F55
334,14,36,#5C4F55
335,14,36,#5C4F54
336,14,36,#5C4F54
337,14,36,#5C4F54
338,14,36,#5C4F54
339,14,36,#5C4F53
340,14,36,#5C4F53
341,14,36,#5C4F53
342,14,36,#5C4F53
343,14,36,#5C4F53
344,14,36,#5C4F52
345,14,36,#5C4F52
346,14,36,#5C4F52
347,14,36,#5C4F52
348,14,36,#5C4F52
349,14,36,#5C4F51
350,14,36,#5C4F51
351,14,36,#5C4F51
352,14,36,#5C4F51
353,14,36,#5C4F50
354,14,36,#5C4F50
355,14,36,#5C4F50
356,14,36,#5C4F50
357,14,36,#5C4F50
358,14,36,#5C4F4F
359,14,36,#5C4F4F
0,13,36,#5C5050
1,13,36,#5C5050
2,13,36,#5C5050
3,13,36,#5C5050
4,13,36,#5C5150
5,13,36,#5C5150
6,13,36,#5C5150
7,13,36,#5C5150
8,13,36,#5C5150
9,13,36,#5C5250
10,13,36,#5C5250
11,13,36,#5C5250
12,13,36,#5C5250
13,13,36,#5C5250
14,13,36,#5C5350
15,13,36,#5C5350
16,13,36,#5C5350
17,13,36,#5C5350
18,13,36,#5C5350
19,13,36,#5C5450
20,13,36,#5C5450
21,13,36,#5C5450
22,13,36,#5C5450
23,13,36,#5C5450
24,13,36,#5C5550
25,13,36,#5C5550
26,13,36,#5C5550
27,13,36,#5C5550
28,13,36,#5C5550
29,13,36,#5C5650
30,13,36,#5C5650
31,13,36,#5C5650
32,13,36,#5C5650
33,13,36,#5C5650
34,13,36,#5C5750
35,13,36,#5C5750
36,13,36,#5C5750
37,13,36,#5C5750
38,13,36,#5C5750
39,13,36,#5C5850
40,13,36,#5C5850
41,13,36,#5C5850
42,13,36,#5C5850
43,13,36,#5C5850
44,13,36,#5C5950
45,13,36,#5C5950
46,13,36,#5C5950
47,13,36,#5C5950
48,13,36,#5C5950
49,13,36,#5C5A50
50,13,36,#5C5A50
51,13,36,#5C5A50
52,13,36,#5C5A50
53,13,36,#5C5A50
54,13,36,#5C5B50
55,13,36,#5C5B50
56,13,36,#5C5B50
57,13,36,#5C5B50
58,13,36,#5C5B50
59,13,36,#5C5C50
60,13,36,#5C5C50
61,13,36,#5C5C50
62,13,36,#5B5C50
63,13,36,#5B5C50
64,13,36,#5B5C50
65,13,36,#5B5C50
66,13,36,#5B5C50
67,13,36,#5A5C50
68,13,36,#5A5C50
69,13,36,#5A5C50
70,13,36,#5A5C50
71,13,36,#5A5C50
72,13,36,#595C50
73,13,36,#595C50
74,13,36,#595C50
75,13,36,#595C50
76,13,36,#595C50
77,13,36,#585C50
78,13,36,#585C50
79,13,36,#585C50
80,13,36,#585C50
81,13,36,#585C50
82,13,36,#575C50
83,13,36,#575C50
84,13,36,#575C50
85,13,36,#575C50
86,13,36,#575C50
87,13,36,#565C50
88,13,36,#565C50
89,13,36,#565C50
90,13,36,#565C50
91,13,36,#565C50
92,13,36,#555C50
93,13,36,#555C50
94,13,36,#555C50
95,13,36,#555C50
96,13,36,#555C50
97,13,36,#545C50
98,13,36,#545C50
99,13,36,#545C50
100,13,36,#545C50
101,13,36,#545C50
102,13,36,#535C50
103,13,36,#535C50
104,13,36,#535C50
105,13,36,#535C50
106,13,36,#535C50
107,13,36,#525C50
108,13,36,#525C50
109,13,36,#525C50
110,13,36,#525C50
111,13,36,#525C50
112,13,36,#515C50
113,13,36,#515C50
114,13,36,#515C50
115,13,36,#515C50
116,13,36,#515C50
117,13,36,#505C50
118,13,36,#505C50
119,13,36,#505C50
120,13,36,#505C50
121,13,36,#505C50
122,13,36,#505C50
123,13,36,#505C50
124,13,36,#505C51
125,13,36,#505C51
126,13,36,#505C51
127,13,36,#505C51
128,13,36,#505C51
129,13,36,#505C52
130,13,36,#505C52
131,13,36,#505C52
132,13,36,#505C52
133,13,36,#505C52
134,13,36,#505C53
135,13,36,#505C53
136,13,36,#505C53
137,13,36,#505C53
138,13,36,#505C53
139,13,36,#505C54
140,13,36,#505C54
141,13,36,#505C54
142,13,36,#505C54
143,13,36,#505C54
144,13,36,#505C55
145,13,36,#505C55
146,13,36,#505C55
147,13,36,#505C55
148,13,36,#505C55
149,13,36,#505C56
150,13,36,#505C56
151,13,36,#505C56
152,13,36,#505C56
153,13,36,#505C56
154,13,36,#505C57
155,13,36,#505C57
156,13,36,#505C57
157,13,36,#505C57
158,13,36,#505C57
159,13,36,#505C58
160,13,36,#505C58
161,13,36,#505C58
162,13,36,#505C58
163,13,36,#505C58
164,13,36,#505C59
165,13,36,#505C59
166,13,36,#505C59
167,13,36,#505C59
168,13,36,#505C59
169,13,36,#505C5A
170,13,36,#505C5A
171,13,36,#505C5A
172,13,36,#505C5A
173,13,36,#505C5A
174,13,36,#505C5B
175,13,36,#505C5B
176,13,36,#505C5B
177,13,36,#505C5B
178,13,36,#505C5B
179,13,36,#505C5C
180,13,36,#505C5C
181,13,36,#505C5C
182,13,36,#505B5C
183,13,36,#505B5C
184,13,36,#505B5C
185,13,36,#505B5C
186,13,36,#505B5C
187,13,36,#505A5C
188,13,36,#505A5C
189,13,36,#505A5C
190,13,36,#505A5C
191,13,36,#505A5C
192,13,36,#50595C
193,13,36,#50595C
194,13,36,#50595C
195,13,36,#50595C
196,13,36,#50595C
197,13,36,#50585C
198,13,36,#50585C
199,13,36,#50585C
200,13,36,#50585C
201,13,36,#50585C
202,13,36,#50575C
203,13,36,#50575C
204,13,36,#50575C
205,13,36,#50575C
206,13,36,#50575C
207,13,36,#50565C
208,13,36,#50565C
209,13,36,#50565C
210,13,36,#50565C
211,13,36,#50565C
212,13,36,#50555C
213,13,36,#50555C
214,13,36,#50555C
215,13,36,#50555C
216,13,36,#50555C
217,13,36,#50545C
218,13,36,#50545C
219,13,36,#50545C
220,13,36,#50545C
221,13,36,#50545C
222,13,36,#50535C
223,13,36,#50535C
224,13,36,#50535C
225,13,36,#50535C
226,13,36,#50535C
227,13,36,#50525C
228,13,36,#50525C
229,13,36,#50525C
230,13,36,#50525C
231,13,36,#50525C
232,13,36,#50515C
233,13,36,#50515C
234,13,36,#50515C
235,13,36,#50515C
236,13,36,#50515C
237,13,36,#50505C
238,13,36,#50505C
239,13,36,#50505C
240,13,36,#50505C
241,13,36,#50505C
242,13,36,#50505C
243,13,36,#50505C
244,13,36,#51505C
245,13,36,#51505C
246,13,36,#51505C
247,13,36,#51505C
248,13,36,#51505C
249,13,36,#52505C
250,13,36,#52505C
251,13,36,#52505C
252,13,36,#52505C
253,13,36,#52505C
254,13,36,#53505C
255,13,36,#53505C
256,13,36,#53505C
257,13,36,#53505C
258,13,36,#53505C
259,13,36,#54505C
260,13,36,#54505C
261,13,36,#54505C
262,13,36,#54505C
263,13,36,#54505C
264,13,36,#55505C
265,13,36,#55505C
266,13,36,#55505C
267,13,36,#55505C
268,13,36,#55505C
269,13,36,#56505C
270,13,36,#56505C
271,13,36,#56505C
272,13,36,#56505C
273,13,36,#56505C
274,13,36,#57505C
275,13,36,#57505C
276,13,36,#57505C
277,13,36,#57505C
278,13,36,#57505C
279,13,36,#58505C
280,13,36,#58505C
281,13,36,#58505C
282,13,36,#58505C
283,13,36,#58505C
284,13,36,#59505C
285,13,36,#59505C
286,13,36,#59505C
287,13,36,#59505C
288,13,36,#59505C
289,13,36,#5A505C
290,13,36,#5A505C
291,13,36,#5A505C
292,13,36,#5A505C
293,13,36,#5A505C
294,13,36,#5B505C
295,13,36,#5B505C
296,13,36,#5B505C
297,13,36,#5B505C
298,13,36,#5B505C
299,13,36,#5C505C
300,13,36,#5C505C
301,13,36,#5C505C
302,13,36,#5C505B
303,13,36,#5C505B
304,13,36,#5C505B
305,13,36,#5C505B
306,13,36,#5C505B
307,13,36,#5C505A
308,13,36,#5C505A
309,13,36,#5C505A
310,13,36,#5C505A
311,13,36,#5C505A
312,13,36,#5C5059
313,13,36,#5C5059
314,13,36,#5C5059
315,13,36,#5C5059
316,13,36,#5C5059
317,13,36,#5C5058
318,13,36,#5C5058
319,13,36,#5C5058
320,13,36,#5C5058
321,13,36,#5C5058
322,13,36,#5C5057
323,13,36,#5C5057
324,13,36,#5C5057
325,13,36,#5C5057
326,13,36,#5C5057
327,13,36,#5C5056
328,13,36,#5C5056
329,13,36,#5C5056
330,13,36,#5C5056
331,13,36,#5C5056
332,13,36,#5C5055
333,13,36,#5C5055
334,13,36,#5C5055
335,13,36,#5C5055
336,13,36,#5C5055
337,13,36,#5C5054
338,13,36,#5C5054
339,13,36,#5C5054
340,13,36,#5C5054
341,13,36,#5C5054
342,13,36,#5C5053
343,13,36,#5C5053
344,13,36,#5C5053
345,13,36,#5C5053
346,13,36,#5C5053
347,13,36,#5C5052
348,13,36,#5C5052
349,13,36,#5C5052
350,13,36,#5C5052
351,13,36,#5C5052
352,13,36,#5C5051
353,13,36,#5C5051
354,13,36,#5C5051
355,13,36,#5C5051
356,13,36,#5C5051
357,13,36,#5C5050
358,13,36,#5C5050
359,13,36,#5C5050
0,12,36,#5C5151
1,12,36,#5C5151
2,12,36,#5C5151
3,12,36,#5C5151
4,12,36,#5C5251
5,12,36,#5C5251
6,12,36,#5C5251
7,12,36,#5C5251
8,12,36,#5C5251
9,12,36,#5C5251
10,12,36,#5C5351
11,12,36,#5C5351
12,12,36,#5C5351
13,12,36,#5C5351
14,12,36,#5C5351
15,12,36,#5C5451
16,12,36,#5C5451
17,12,36,#5C5451
18,12,36,#5C5451
19,12,36,#5C5451
20,12,36,#5C5451
21,12,36,#5C5551
22,12,36,#5C5551
23,12,36,#5C5551
24,12,36,#5C5551
25,12,36,#5C5551
26,12,36,#5C5651
27,12,36,#5C5651
28,12,36,#5C5651
29,12,36,#5C5651
30,12,36,#5C5651
31,12,36,#5C5651
32,12,36,#5C5751
33,12,36,#5C5751
34,12,36,#5C5751
35,12,36,#5C5751
36,12,36,#5C5751
37,12,36,#5C5851
38,12,36,#5C5851
39,12,36,#5C5851
40,12,36,#5C5851
41,12,36,#5C5851
42,12,36,#5C5851
43,12,36,#5C5951
44,12,36,#5C5951
45,12,36,#5C5951
46,12,36,#5C5951
47,12,36,#5C5951
48,12,36,#5C5A51
49,12,36,#5C5A51
50,12,36,#5C5A51
51,12,36,#5C5A51
52,12,36,#5C5A51
53,12,36,#5C5B51
54,12,36,#5C5B51
55,12,36,#5C5B51
56,12,36,#5C5B51
57,12,36,#5C5B51
58,12,36,#5C5B51
59,12,36,#5C5C51
60,12,36,#5C5C51
61,12,36,#5C5C51
62,12,36,#5B5C51
63,12,36,#5B5C51
64,12,36,#5B5C51
65,12,36,#5B5C51
66,12,36,#5B5C51
67,12,36,#5B5C51
68,12,36,#5A5C51
69,12,36,#5A5C51
70,12,36,#5A5C51
71,12,36,#5A5C51
72,12,36,#5A5C51
73,12,36,#595C51
74,12,36,#595C51
75,12,36,#595C51
76,12,36,#595C51
77,12,36,#595C51
78,12,36,#585C51
79,12,36,#585C51
80,12,36,#585C51
81,12,36,#585C51
82,12,36,#585C51
83,12,36,#585C51
84,12,36,#575C51
85,12,36,#575C51
86,12,36,#575C51
87,12,36,#575C51
88,12,36,#575C51
89,12,36,#565C51
90,12,36,#565C51
91,12,36,#565C51
92,12,36,#565C51
93,12,36,#565C51
94,12,36,#565C51
95,12,36,#555C51
96,12,36,#555C51
97,12,36,#555C51
98,12,36,#555C51
99,12,36,#555C51
100,12,36,#545C51
101,12,36,#545C51
102,12,36,#545C51
103,12,36,#545C51
104,12,36,#545C51
105,12,36,#545C51
106,12,36,#535C51
107,12,36,#535C51
108,12,36,#535C51
109,12,36,#535C51
110,12,36,#535C51
111,12,36,#525C51
112,12,36,#525C51
113,12,36,#525C51
114,12,36,#525C51
115,12,36,#525C51
116,12,36,#525C51
117,12,36,#515C51
118,12,36,#515C51
119,12,36,#515C51
120,12,36,#515C51
121,12,36,#515C51
122,12,36,#515C51
123,12,36,#515C51
124,12,36,#515C52
125,12,36,#515C52
126,12,36,#515C52
127,12,36,#515C52
128,12,36,#515C52
129,12,36,#515C52
130,12,36,#515C53
131,12,36,#515C53
132,12,36,#515C53
133,12,36,#515C53
134,12,36,#515C53
135,12,36,#515C54
136,12,36,#515C54
137,12,36,#515C54
138,12,36,#515C54
139,12,36,#515C54
140,12,36,#515C54
141,12,36,#515C55
142,12,36,#515C55
143,12,36,#515C55
144,12,36,#515C55
145,12,36,#515C55
146,12,36,#515C56
147,12,36,#515C56
148,12,36,#515C56
149,12,36,#515C56
150,12,36,#515C56
151,12,36,#515C56
152,12,36,#515C57
153,12,36,#515C57
154,12,36,#515C57
155,12,36,#515C57
156,12,36,#515C57
157,12,36,#515C58
158,12,36,#515C58
159,12,36,#515C58
160,12,36,#515C58
161,12,36,#515C58
162,12,36,#515C58
163,12,36,#515C59
164,12,36,#515C59
165,12,36,#515C59
166,12,36,#515C59
167,12,36,#515C59
168,12,36,#515C5A
169,12,36,#515C5A
170,12,36,#515C5A
171,12,36,#515C5A
172,12,36,#515C5A
173,12,36,#515C5B
174,12,36,#515C5B
175,12,36,#515C5B
176,12,36,#515C5B
177,12,36,#515C5B
178,12,36,#515C5B
179,12,36,#515C5C
180,12,36,#515C5C
181,12,36,#515C5C
182,12,36,#515B5C
183,12,36,#515B5C
184,12,36,#515B5C
185,12,36,#515B5C
186,12,36,#515B5C
187,12,36,#515B5C
188,12,36,#515A5C
189,12,36,#515A5C
190,12,36,#515A5C
191,12,36,#515A5C
192,12,36,#515A5C
193,12,36,#51595C
194,12,36,#51595C
195,12,36,#51595C
196,12,36,#51595C
197,12,36,#51595C
198,12,36,#51585C
199,12,36,#51585C
200,12,36,#51585C
201,12,36,#51585C
202,12,36,#51585C
203,12,36,#51585C
204,12,36,#51575C
205,12,36,#51575C
206,12,36,#51575C
207,12,36,#51575C
208,12,36,#51575C
209,12,36,#51565C
210,12,36,#51565C
211,12,36,#51565C
212,12,36,#51565C
213,12,36,#51565C
214,12,36,#51565C
215,12,36,#51555C
216,12,36,#51555C
217,12,36,#51555C
218,12,36,#51555C
219,12,36,#51555C
220,12,36,#51545C
221,12,36,#51545C
222,12,36,#51545C
223,12,36,#51545C
224,12,36,#51545C
225,12,36,#51545C
226,12,36,#51535C
227,12,36,#51535C
228,12,36,#51535C
229,12,36,#51535C
230,12,36,#51535C
231,12,36,#51525C
232,12,36,#51525C
233,12,36,#51525C
234,12,36,#51525C
235,12,36,#51525C
236,12,36,#51525C
237,12,36,#51515C
238,12,36,#51515C
239,12,36,#51515C
240,12,36,#51515C
241,12,36,#51515C
242,12,36,#51515C
243,12,36,#51515C
244,12,36,#52515C
245,12,36,#52515C
246,12,36,#52515C
247,12,36,#52515C
248,12,36,#52515C
249,12,36,#52515C
250,12,36,#53515C
251,12,36,#53515C
252,12,36,#53515C
253,12,36,#53515C
254,12,36,#53515C
255,12,36,#54515C
256,12,36,#54515C
257,12,36,#54515C
258,12,36,#54515C
259,12,36,#54515C
260,12,36,#54515C
261,12,36,#55515C
262,12,36,#55515C
263,12,36,#55515C
264,12,36,#55515C
265,12,36,#55515C
266,12,36,#56515C
267,12,36,#56515C
268,12,36,#56515C
269,12,36,#56515C
270,12,36,#56515C
271,12,36,#56515C
272,12,36,#57515C
273,12,36,#57515C
274,12,36,#57515C
275,12,36,#57515C
276,12,36,#57515C
277,12,36,#58515C
278,12,36,#58515C
279,12,36,#58515C
280,12,36,#58515C
281,12,36,#58515C
282,12,36,#58515C
283,12,36,#59515C
284,12,36,#59515C
285,12,36,#59515C
286,12,36,#59515C
287,12,36,#59515C
288,12,36,#5A515C
289,12,36,#5A515C
290,12,36,#5A515C
291,12,36,#5A515C
292,12,36,#5A515C
293,12,36,#5B515C
294,12,36,#5B515C
295,12,36,#5B515C
296,12,36,#5B515C
297,12,36,#5B515C
298,12,36,#5B515C
299,12,36,#5C515C
300,12,36,#5C515C
301,12,36,#5C515C
302,12,36,#5C515B
303,12,36,#5C515B
304,12,36,#5C515B
305,12,36,#5C515B
306,12,36,#5C515B
307,12,36,#5C515B
308,12,36,#5C515A
309,12,36,#5C515A
310,12,36,#5C515A
311,12,36,#5C515A
312,12,36,#5C515A
313,12,36,#5C5159
314,12,36,#5C5159
315,12,36,#5C5159
316,12,36,#5C5159
317,12,36,#5C5159
318,12,36,#5C5158
319,12,36,#5C5158
320,12,36,#5C5158
321,12,36,#5C5158
322,12,36,#5C5158
323,12,36,#5C5158
324,12,36,#5C5157
325,12,36,#5C5157
326,12,36,#5C5157
327,12,36,#5C5157
328,12,36,#5C5157
329,12,36,#5C5156
330,12,36,#5C5156
331,12,36,#5C5156
332,12,36,#5C5156
333,12,36,#5C5156
334,12,36,#5C5156
335,12,36,#5C5155
336,12,36,#5C5155
337,12,36,#5C5155
338,12,36,#5C5155
339,12,36,#5C5155
340,12,36,#5C5154
341,12,36,#5C5154
342,12,36,#5C5154
343,12,36,#5C5154
344,12,36,#5C5154
345,12,36,#5C5154
346,12,36,#5C5153
347,12,36,#5C5153
348,12,36,#5C5153
349,12,36,#5C5153
350,12,36,#5C5153
351,12,36,#5C5152
352,12,36,#5C5152
353,12,36,#5C5152
354,12,36,#5C5152
355,12,36,#5C5152
356,12,36,#5C5152
357,12,36,#5C5151
358,12,36,#5C5151
359,12,36,#5C5151
0,11,36,#5C5252
1,11,36,#5C5252
2,11,36,#5C5252
3,11,36,#5C5252
4,11,36,#5C5252
5,11,36,#5C5352
6,11,36,#5C5352
7,11,36,#5C5352
8,11,36,#5C5352
9,11,36,#5C5352
10,11,36,#5C5352
11,11,36,#5C5452
12,11,36,#5C5452
13,11,36,#5C5452
14,11,36,#5C5452
15,11,36,#5C5452
16,11,36,#5C5452
17,11,36,#5C5552
18,11,36,#5C5552
19,11,36,#5C5552
20,11,36,#5C5552
21,11,36,#5C5552
22,11,36,#5C5552
23,11,36,#5C5652
24,11,36,#5C5652
25,11,36,#5C5652
26,11,36,#5C5652
27,11,36,#5C5652
28,11,36,#5C5652
29,11,36,#5C5752
30,11,36,#5C5752
31,11,36,#5C5752
32,11,36,#5C5752
33,11,36,#5C5752
34,11,36,#5C5752
35,11,36,#5C5852
36,11,36,#5C5852
37,11,36,#5C5852
38,11,36,#5C5852
39,11,36,#5C5852
40,11,36,#5C5852
41,11,36,#5C5952
42,11,36,#5C5952
43,11,36,#5C5952
44,11,36,#5C5952
45,11,36,#5C5952
46,11,36,#5C5952
47,11,36,#5C5A52
48,11,36,#5C5A52
49,11,36,#5C5A52
50,11,36,#5C5A52
51,11,36,#5C5A52
52,11,36,#5C5A52
53,11,36,#5C5B52
54,11,36,#5C5B52
55,11,36,#5C5B52
56,11,36,#5C5B52
57,11,36,#5C5B52
58,11,36,#5C5B52
59,11,36,#5C5C52
60,11,36,#5C5C52
61,11,36,#5C5C52
62,11,36,#5B5C52
63,11,36,#5B5C52
64,11,36,#5B5C52
65,11,36,#5B5C52
66,11,36,#5B5C52
67,11,36,#5B5C52
68,11,36,#5A5C52
69,11,36,#5A5C52
70,11,36,#5A5C52
71,11,36,#5A5C52
72,11,36,#5A5C52
73,11,36,#5A5C52
74,11,36,#595C52
75,11,36,#595C52
76,11,36,#595C52
77,11,36,#595C52
78,11,36,#595C52
79,11,36,#595C52
80,11,36,#585C52
81,11,36,#585C52
82,11,36,#585C52
83,11,36,#585C52
84,11,36,#585C52
85,11,36,#585C52
86,11,36,#575C52
87,11,36,#575C52
88,11,36,#575C52
89,11,36,#575C52
90,11,36,#575C52
91,11,36,#575C52
92,11,36,#565C52
93,11,36,#565C52
94,11,36,#565C52
95,11,36,#565C52
96,11,36,#565C52
97,11,36,#565C52
98,11,36,#555C52
99,11,36,#555C52
100,11,36,#555C52
101,11,36,#555C52
102,11,36,#555C52
103,11,36,#555C52
104,11,36,#545C52
105,11,36,#545C52
106,11,36,#545C52
107,11,36,#545C52
108,11,36,#545C52
109,11,36,#545C52
110,11,36,#535C52
111,11,36,#535C52
112,11,36,#535C52
113,11,36,#535C52
114,11,36,#535C52
115,11,36,#535C52
116,11,36,#525C52
117,11,36,#525C52
118,11,36,#525C52
119,11,36,#525C52
120,11,36,#525C52
121,11,36,#525C52
122,11,36,#525C52
123,11,36,#525C52
124,11,36,#525C52
125,11,36,#525C53
126,11,36,#525C53
127,11,36,#525C53
128,11,36,#525C53
129,11,36,#525C53
130,11,36,#525C53
131,11,36,#525C54
132,11,36,#525C54
133,11,36,#525C54
134,11,36,#525C54
135,11,36,#525C54
136,11,36,#525C54
137,11,36,#525C55
138,11,36,#525C55
139,11,36,#525C55
140,11,36,#525C55
141,11,36,#525C55
142,11,36,#525C55
143,11,36,#525C56
144,11,36,#525C56
145,11,36,#525C56
146,11,36,#525C56
147,11,36,#525C56
148,11,36,#525C56
149,11,36,#525C57
150,11,36,#525C57
151,11,36,#525C57
152,11,36,#525C57
153,11,36,#525C57
154,11,36,#525C57
155,11,36,#525C58
156,11,36,#525C58
157,11,36,#525C58
158,11,36,#525C58
159,11,36,#525C58
160,11,36,#525C58
161,11,36,#525C59
162,11,36,#525C59
163,11,36,#525C59
164,11,36,#525C59
165,11,36,#525C59
166,11,36,#525C59
167,11,36,#525C5A
168,11,36,#525C5A
169,11,36,#525C5A
170,11,36,#525C5A
171,11,36,#525C5A
172,11,36,#525C5A
173,11,36,#525C5B
174,11,36,#525C5B
175,11,36,#525C5B
176,11,36,#525C5B
177,11,36,#525C5B
178,11,36,#525C5B
179,11,36,#525C5C
180,11,36,#525C5C
181,11,36,#525C5C
182,11,36,#525B5C
183,11,36,#525B5C
184,11,36,#525B5C
185,11,36,#525B5C
186,11,36,#525B5C
187,11,36,#525B5C
188,11,36,#525A5C
189,11,36,#525A5C
190,11,36,#525A5C
191,11,36,#525A5C
192,11,36,#525A5C
193,11,36,#525A5C
194,11,36,#52595C
195,11,36,#52595C
196,11,36,#52595C
197,11,36,#52595C
198,11,36,#52595C
199,11,36,#52595C
200,11,36,#52585C
201,11,36,#52585C
202,11,36,#52585C
203,11,36,#52585C
204,11,36,#52585C
205,11,36,#52585C
206,11,36,#52575C
207,11,36,#52575C
208,11,36,#52575C
209,11,36,#52575C
210,11,36,#52575C
211,11,36,#52575C
212,11,36,#52565C
213,11,36,#52565C
214,11,36,#52565C
215,11,36,#52565C
216,11,36,#52565C
217,11,36,#52565C
218,11,36,#52555C
219,11,36,#52555C
220,11,36,#52555C
221,11,36,#52555C
222,11,36,#52555C
223,11,36,#52555C
224,11,36,#52545C
225,11,36,#52545C
226,11,36,#52545C
227,11,36,#52545C
228,11,36,#52545C
229,11,36,#52545C
230,11,36,#52535C
231,11,36,#52535C
232,11,36,#52535C
233,11,36,#52535C
234,11,36,#52535C
235,11,36,#52535C
236,11,36,#52525C
237,11,36,#52525C
238,11,36,#52525C
239,11,36,#52525C
240,11,36,#52525C
241,11,36,#52525C
242,11,36,#52525C
243,11,36,#52525C
244,11,36,#52525C
245,11,36,#53525C
246,11,36,#53525C
247,11,36,#53525C
248,11,36,#53525C
249,11,36,#53525C
250,11,36,#53525C
251,11,36,#54525C
252,11,36,#54525C
253,11,36,#54525C
254,11,36,#54525C
255,11,36,#54525C
256,11,36,#54525C
257,11,36,#55525C
258,11,36,#55525C
259,11,36,#55525C
260,11,36,#55525C
261,11,36,#55525C
262,11,36,#55525C
263,11,36,#56525C
264,11,36,#56525C
265,11,36,#56525C
266,11,36,#56525C
267,11,36,#56525C
268,11,36,#56525C
269,11,36,#57525C
270,11,36,#57525C
271,11,36,#57525C
272,11,36,#57525C
273,11,36,#57525C
274,11,36,#57525C
275,11,36,#58525C
276,11,36,#58525C
277,11,36,#58525C
278,11,36,#58525C
279,11,36,#58525C
280,11,36,#58525C
281,11,36,#59525C
282,11,36,#59525C
283,11,36,#59525C
284,11,36,#59525C
285,11,36,#59525C
286,11,36,#59525C
287,11,36,#5A525C
288,11,36,#5A525C
289,11,36,#5A525C
290,11,36,#5A525C
291,11,36,#5A525C
292,11,36,#5A525C
293,11,36,#5B525C
294,11,36,#5B525C
295,11,36,#5B525C
296,11,36,#5B525C
297,11,36,#5B525C
298,11,36,#5B525C
299,11,36,#5C525C
300,11,36,#5C525C
301,11,36,#5C525C
302,11,36,#5C525B
303,11,36,#5C525B
304,11,36,#5C525B
305,11,36,#5C525B
306,11,36,#5C525B
307,11,36,#5C525B
308,11,36,#5C525A
309,11,36,#5C525A
310,11,36,#5C525A
311,11,36,#5C525A
312,11,36,#5C525A
313,11,36,#5C525A
314,11,36,#5C5259
315,11,36,#5C5259
316,11,36,#5C5259
317,11,36,#5C5259
318,11,36,#5C5259
319,11,36,#5C5259
320,11,36,#5C5258
321,11,36,#5C5258
322,11,36,#5C5258
323,11,36,#5C5258
324,11,36,#5C5258
325,11,36,#5C5258
326,11,36,#5C5257
327,11,36,#5C5257
328,11,36,#5C5257
329,11,36,#5C5257
330,11,36,#5C5257
331,11,36,#5C5257
332,11,36,#5C5256
333,11,36,#5C5256
334,11,36,#5C5256
335,11,36,#5C5256
336,11,36,#5C5256
337,11,36,#5C5256
338,11,36,#5C5255
339,11,36,#5C5255
340,11,36,#5C5255
341,11,36,#5C5255
342,11,36,#5C5255
343,11,36,#5C5255
344,11,36,#5C5254
345,11,36,#5C5254
346,11,36,#5C5254
347,11,36,#5C5254
348,11,36,#5C5254
349,11,36,#5C5254
350,11,36,#5C5253
351,11,36,#5C5253
352,11,36,#5C5253
353,11,36,#5C5253
354,11,36,#5C5253
355,11,36,#5C5253
356,11,36,#5C5252
357,11,36,#5C5252
358,11,36,#5C5252
359,11,36,#5C5252
0,10,36,#5C5353
1,10,36,#5C5353
2,10,36,#5C5353
3,10,36,#5C5353
4,10,36,#5C5353
5,10,36,#5C5353
6,10,36,#5C5453
7,10,36,#5C5453
8,10,36,#5C5453
9,10,36,#5C5453
10,10,36,#5C5453
11,10,36,#5C5453
12,10,36,#5C5453
13,10,36,#5C5553
14,10,36,#5C5553
15,10,36,#5C5553
16,10,36,#5C5553
17,10,36,#5C5553
18,10,36,#5C5553
19,10,36,#5C5653
20,10,36,#5C5653
21,10,36,#5C5653
22,10,36,#5C5653
23,10,36,#5C5653
24,10,36,#5C5653
25,10,36,#5C5653
26,10,36,#5C5753
27,10,36,#5C5753
28,10,36,#5C5753
29,10,36,#5C5753
30,10,36,#5C5753
31,10,36,#5C5753
32,10,36,#5C5853
33,10,36,#5C5853
34,10,36,#5C5853
35,10,36,#5C5853
36,10,36,#5C5853
37,10,36,#5C5853
38,10,36,#5C5853
39,10,36,#5C5953
40,10,36,#5C5953
41,10,36,#5C5953
42,10,36,#5C5953
43,10,36,#5C5953
44,10,36,#5C5953
45,10,36,#5C5A53
46,10,36,#5C5A53
47,10,36,#5C5A53
48,10,36,#5C5A53
49,10,36,#5C5A53
50,10,36,#5C5A53
51,10,36,#5C5A53
52,10,36,#5C5B53
53,10,36,#5C5B53
54,10,36,#5C5B53
55,10,36,#5C5B53
56,10,36,#5C5B53
57,10,36,#5C5B53
58,10,36,#5C5B53
59,10,36,#5C5C53
60,10,36,#5C5C53
61,10,36,#5C5C53
62,10,36,#5B5C53
63,10,36,#5B5C53
64,10,36,#5B5C53
65,10,36,#5B5C53
66,10,36,#5B5C53
67,10,36,#5B5C53
68,10,36,#5B5C53
69,10,36,#5A5C53
70,10,36,#5A5C53
71,10,36,#5A5C53
72,10,36,#5A5C53
73,10,36,#5A5C53
74,10,36,#5A5C53
75,10,36,#5A5C53
76,10,36,#595C53
77,10,36,#595C53
78,10,36,#595C53
79,10,36,#595C53
80,10,36,#595C53
81,10,36,#595C53
82,10,36,#585C53
83,10,36,#585C53
84,10,36,#585C53
85,10,36,#585C53
86,10,36,#585C53
87,10,36,#585C53
88,10,36,#585C53
89,10,36,#575C53
90,10,36,#575C53
91,10,36,#575C53
92,10,36,#575C53
93,10,36,#575C53
94,10,36,#575C53
95,10,36,#565C53
96,10,36,#565C53
97,10,36,#565C53
98,10,36,#565C53
99,10,36,#565C53
100,10,36,#565C53
101,10,36,#565C53
102,10,36,#555C53
103,10,36,#555C53
104,10,36,#555C53
105,10,36,#555C53
106,10,36,#555C53
107,10,36,#555C53
108,10,36,#545C53
109,10,36,#545C53
110,10,36,#545C53
111,10,36,#545C53
112,10,36,#545C53
113,10,36,#545C53
114,10,36,#545C53
115,10,36,#535C53
116,10,36,#535C53
117,10,36,#535C53
118,10,36,#535C53
119,10,36,#535C53
120,10,36,#535C53
121,10,36,#535C53
122,10,36,#535C53
123,10,36,#535C53
124,10,36,#535C53
125,10,36,#535C53
126,10,36,#535C54
127,10,36,#535C54
128,10,36,#535C54
129,10,36,#535C54
130,10,36,#535C54
131,10,36,#535C54
132,10,36,#535C54
133,10,36,#535C55
134,10,36,#535C55
135,10,36,#535C55
136,10,36,#535C55
137,10,36,#535C55
138,10,36,#535C55
139,10,36,#535C56
140,10,36,#535C56
141,10,36,#535C56
142,10,36,#535C56
143,10,36,#535C56
144,10,36,#535C56
145,10,36,#535C56
146,10,36,#535C57
147,10,36,#535C57
148,10,36,#535C57
149,10,36,#535C57
150,10,36,#535C57
151,10,36,#535C57
152,10,36,#535C58
153,10,36,#535C58
154,10,36,#535C58
155,10,36,#535C58
156,10,36,#535C58
157,10,36,#535C58
158,10,36,#535C58
159,10,36,#535C59
160,10,36,#535C59
161,10,36,#535C59
162,10,36,#535C59
163,10,36,#535C59
164,10,36,#535C59
165,10,36,#535C5A
166,10,36,#535C5A
167,10,36,#535C5A
168,10,36,#535C5A
169,10,36,#535C5A
170,10,36,#535C5A
171,10,36,#535C5A
172,10,36,#535C5B
173,10,36,#535C5B
174,10,36,#535C5B
175,10,36,#535C5B
176,10,36,#535C5B
177,10,36,#535C5B
178,10,36,#535C5B
179,10,36,#535C5C
180,10,36,#535C5C
181,10,36,#535C5C
182,10,36,#535B5C
183,10,36,#535B5C
184,10,36,#535B5C
185,10,36,#535B5C
186,10,36,#535B5C
187,10,36,#535B5C
188,10,36,#535B5C
189,10,36,#535A5C
190,10,36,#535A5C
191,10,36,#535A5C
192,10,36,#535A5C
193,10,36,#535A5C
194,10,36,#535A5C
195,10,36,#535A5C
196,10,36,#53595C
197,10,36,#53595C
198,10,36,#53595C
199,10,36,#53595C
200,10,36,#53595C
201,10,36,#53595C
202,10,36,#53585C
203,10,36,#53585C
204,10,36,#53585C
205,10,36,#53585C
206,10,36,#53585C
207,10,36,#53585C
208,10,36,#53585C
209,10,36,#53575C
210,10,36,#53575C
211,10,36,#53575C
212,10,36,#53575C
213,10,36,#53575C
214,10,36,#53575C
215,10,36,#53565C
216,10,36,#53565C
217,10,36,#53565C
218,10,36,#53565C
219,10,36,#53565C
220,10,36,#53565C
221,10,36,#53565C
222,10,36,#53555C
223,10,36,#53555C
224,10,36,#53555C
225,10,36,#53555C
226,10,36,#53555C
227,10,36,#53555C
228,10,36,#53545C
229,10,36,#53545C
230,10,36,#53545C
231,10,36,#53545C
232,10,36,#53545C
233,10,36,#53545C
234,10,36,#53545C
235,10,36,#53535C
236,10,36,#53535C
237,10,36,#53535C
238,10,36,#53535C
239,10,36,#53535C
240,10,36,#53535C
241,10,36,#53535C
242,10,36,#53535C
243,10,36,#53535C
244,10,36,#53535C
245,10,36,#53535C
246,10,36,#54535C
247,10,36,#54535C
248,10,36,#54535C
249,10,36,#54535C
250,10,36,#54535C
251,10,36,#54535C
252,10,36,#54535C
253,10,36,#55535C
254,10,36,#55535C
255,10,36,#55535C
256,10,36,#55535C
257,10,36,#55535C
258,10,36,#55535C
259,10,36,#56535C
260,10,36,#56535C
261,10,36,#56535C
262,10,36,#56535C
263,10,36,#56535C
264,10,36,#56535C
265,10,36,#56535C
266,10,36,#57535C
267,10,36,#57535C
268,10,36,#57535C
269,10,36,#57535C
270,10,36,#57535C
271,10,36,#57535C
272,10,36,#58535C
273,10,36,#58535C
274,10,36,#58535C
275,10,36,#58535C
276,10,36,#58535C
277,10,36,#58535C
278,10,36,#58535C
279,10,36,#59535C
280,10,36,#59535C
281,10,36,#59535C
282,10,36,#59535C
283,10,36,#59535C
284,10,36,#59535C
285,10,36,#5A535C
286,10,36,#5A535C
287,10,36,#5A535C
288,10,36,#5A535C
289,10,36,#5A535C
290,10,36,#5A535C
291,10,36,#5A535C
292,10,36,#5B535C
293,10,36,#5B535C
294,10,36,#5B535C
295,10,36,#5B535C
296,10,36,#5B535C
297,10,36,#5B535C
298,10,36,#5B535C
299,10,36,#5C535C
300,10,36,#5C535C
301,10,36,#5C535C
302,10,36,#5C535B
303,10,36,#5C535B
304,10,36,#5C535B
305,10,36,#5C535B
306,10,36,#5C535B
307,10,36,#5C535B
308,10,36,#5C535B
309,10,36,#5C535A
310,10,36,#5C535A
311,10,36,#5C535A
312,10,36,#5C535A
313,10,36,#5C535A
314,10,36,#5C535A
315,10,36,#5C535A
316,10,36,#5C5359
317,10,36,#5C5359
318,10,36,#5C5359
319,10,36,#5C5359
320,10,36,#5C5359
321,10,36,#5C5359
322,10,36,#5C5358
323,10,36,#5C5358
324,10,36,#5C5358
325,10,36,#5C5358
326,10,36,#5C5358
327,10,36,#5C5358
328,10,36,#5C5358
329,10,36,#5C5357
330,10,36,#5C5357
331,10,36,#5C5357
332,10,36,#5C5357
333,10,36,#5C5357
334,10,36,#5C5357
335,10,36,#5C5356
336,10,36,#5C5356
337,10,36,#5C5356
338,10,36,#5C5356
339,10,36,#5C5356
340,10,36,#5C5356
341,10,36,#5C5356
342,10,36,#5C5355
343,10,36,#5C5355
344,10,36,#5C5355
345,10,36,#5C5355
346,10,36,#5C5355
347,10,36,#5C5355
348,10,36,#5C5354
349,10,36,#5C5354
350,10,36,#5C5354
351,10,36,#5C5354
352,10,36,#5C5354
353,10,36,#5C5354
354,10,36,#5C5354
355,10,36,#5C5353
356,10,36,#5C5353
357,10,36,#5C5353
358,10,36,#5C5353
359,10,36,#5C5353
0,9,36,#5C5454
1,9,36,#5C5454
2,9,36,#5C5454
3,9,36,#5C5454
4,9,36,#5C5454
5,9,36,#5C5454
6,9,36,#5C5454
7,9,36,#5C5554
8,9,36,#5C5554
9,9,36,#5C5554
10,9,36,#5C5554
11,9,36,#5C5554
12,9,36,#5C5554
13,9,36,#5C5554
14,9,36,#5C5554
15,9,36,#5C5654
16,9,36,#5C5654
17,9,36,#5C5654
18,9,36,#5C5654
19,9,36,#5C5654
20,9,36,#5C5654
21,9,36,#5C5654
22,9,36,#5C5754
23,9,36,#5C5754
24,9,36,#5C5754
25,9,36,#5C5754
26,9,36,#5C5754
27,9,36,#5C5754
28,9,36,#5C5754
29,9,36,#5C5854
30,9,36,#5C5854
31,9,36,#5C5854
32,9,36,#5C5854
33,9,36,#5C5854
34,9,36,#5C5854
35,9,36,#5C5854
36,9,36,#5C5854
37,9,36,#5C5954
38,9,36,#5C5954
39,9,36,#5C5954
40,9,36,#5C5954
41,9,36,#5C5954
42,9,36,#5C5954
43,9,36,#5C5954
44,9,36,#5C5A54
45,9,36,#5C5A54
46,9,36,#5C5A54
47,9,36,#5C5A54
48,9,36,#5C5A54
49,9,36,#5C5A54
50,9,36,#5C5A54
51,9,36,#5C5B54
52,9,36,#5C5B54
53,9,36,#5C5B54
54,9,36,#5C5B54
55,9,36,#5C5B54
56,9,36,#5C5B54
57,9,36,#5C5B54
58,9,36,#5C5C54
59,9,36,#5C5C54
60,9,36,#5C5C54
61,9,36,#5C5C54
62,9,36,#5C5C54
63,9,36,#5B5C54
64,9,36,#5B5C54
65,9,36,#5B5C54
66,9,36,#5B5C54
67,9,36,#5B5C54
68,9,36,#5B5C54
69,9,36,#5B5C54
70,9,36,#5A5C54
71,9,36,#5A5C54
72,9,36,#5A5C54
73,9,36,#5A5C54
74,9,36,#5A5C54
75,9,36,#5A5C54
76,9,36,#5A5C54
77,9,36,#595C54
78,9,36,#595C54
79,9,36,#595C54
80,9,36,#595C54
81,9,36,#595C54
82,9,36,#595C54
83,9,36,#595C54
84,9,36,#585C54
85,9,36,#585C54
86,9,36,#585C54
87,9,36,#585C54
88,9,36,#585C54
89,9,36,#585C54
90,9,36,#585C54
91,9,36,#585C54
92,9,36,#575C54
93,9,36,#575C54
94,9,36,#575C54
95,9,36,#575C54
96,9,36,#575C54
97,9,36,#575C54
98,9,36,#575C54
99,9,36,#565C54
100,9,36,#565C54
101,9,36,#565C54
102,9,36,#565C54
103,9,36,#565C54
104,9,36,#565C54
105,9,36,#565C54
106,9,36,#555C54
107,9,36,#555C54
108,9,36,#555C54
109,9,36,#555C54
110,9,36,#555C54
111,9,36,#555C54
112,9,36,#555C54
113,9,36,#555C54
114,9,36,#545C54
115,9,36,#545C54
116,9,36,#545C54
117,9,36,#545C54
118,9,36,#545C54
119,9,36,#545C54
120,9,36,#545C54
121,9,36,#545C54
122,9,36,#545C54
123,9,36,#545C54
124,9,36,#545C54
125,9,36,#545C54
126,9,36,#545C54
127,9,36,#545C55
128,9,36,#545C55
129,9,36,#545C55
130,9,36,#545C55
131,9,36,#545C55
132,9,36,#545C55
133,9,36,#545C55
134,9,36,#545C55
135,9,36,#545C56
136,9,36,#545C56
137,9,36,#545C56
138,9,36,#545C56
139,9,36,#545C56
140,9,36,#545C56
141,9,36,#545C56
142,9,36,#545C57
143,9,36,#545C57
144,9,36,#545C57
145,9,36,#545C57
146,9,36,#545C57
147,9,36,#545C57
148,9,36,#545C57
149,9,36,#545C58
150,9,36,#545C58
151,9,36,#545C58
152,9,36,#545C58
153,9,36,#545C58
154,9,36,#545C58
155,9,36,#545C58
156,9,36,#545C58
157,9,36,#545C59
158,9,36,#545C59
159,9,36,#545C59
160,9,36,#545C59
161,9,36,#545C59
162,9,36,#545C59
163,9,36,#545C59
164,9,36,#545C5A
165,9,36,#545C5A
166,9,36,#545C5A
167,9,36,#545C5A
168,9,36,#545C5A
169,9,36,#545C5A
170,9,36,#545C5A
171,9,36,#545C5B
172,9,36,#545C5B
173,9,36,#545C5B
174,9,36,#545C5B
175,9,36,#545C5B
176,9,36,#545C5B
177,9,36,#545C5B
178,9,36,#545C5C
179,9,36,#545C5C
180,9,36,#545C5C
181,9,36,#545C5C
182,9,36,#545C5C
183,9,36,#545B5C
184,9,36,#545B5C
185,9,36,#545B5C
186,9,36,#545B5C
187,9,36,#545B5C
188,9,36,#545B5C
189,9,36,#545B5C
190,9,36,#545A5C
191,9,36,#545A5C
192,9,36,#545A5C
193,9,36,#545A5C
194,9,36,#545A5C
195,9,36,#545A5C
196,9,36,#545A5C
197,9,36,#54595C
198,9,36,#54595C
199,9,36,#54595C
200,9,36,#54595C
201,9,36,#54595C
202,9,36,#54595C
203,9,36,#54595C
204,9,36,#54585C
205,9,36,#54585C
206,9,36,#54585C
207,9,36,#54585C
208,9,36,#54585C
209,9,36,#54585C
210,9,36,#54585C
211,9,36,#54585C
212,9,36,#54575C
213,9,36,#54575C
214,9,36,#54575C
215,9,36,#54575C
216,9,36,#54575C
217,9,36,#54575C
218,9,36,#54575C
219,9,36,#54565C
220,9,36,#54565C
221,9,36,#54565C
222,9,36,#54565C
223,9,36,#54565C
224,9,36,#54565C
225,9,36,#54565C
226,9,36,#54555C
227,9,36,#54555C
228,9,36,#54555C
229,9,36,#54555C
230,9,36,#54555C
231,9,36,#54555C
232,9,36,#54555C
233,9,36,#54555C
234,9,36,#54545C
235,9,36,#54545C
236,9,36,#54545C
237,9,36,#54545C
238,9,36,#54545C
239,9,36,#54545C
240,9,36,#54545C
241,9,36,#54545C
242,9,36,#54545C
243,9,36,#54545C
244,9,36,#54545C
245,9,36,#54545C
246,9,36,#54545C
247,9,36,#55545C
248,9,36,#55545C
249,9,36,#55545C
250,9,36,#55545C
251,9,36,#55545C
252,9,36,#55545C
253,9,36,#55545C
254,9,36,#55545C
255,9,36,#56545C
256,9,36,#56545C
257,9,36,#56545C
258,9,36,#56545C
259,9,36,#56545C
260,9,36,#56545C
261,9,36,#56545C
262,9,36,#57545C
263,9,36,#57545C
264,9,36,#57545C
265,9,36,#57545C
266,9,36,#57545C
267,9,36,#57545C
268,9,36,#57545C
269,9,36,#58545C
270,9,36,#58545C
271,9,36,#58545C
272,9,36,#58545C
273,9,36,#58545C
274,9,36,#58545C
275,9,36,#58545C
276,9,36,#58545C
277,9,36,#59545C
278,9,36,#59545C
279,9,36,#59545C
280,9,36,#59545C
281,9,36,#59545C
282,9,36,#59545C
283,9,36,#59545C
284,9,36,#5A545C
285,9,36,#5A545C
286,9,36,#5A545C
287,9,36,#5A545C
288,9,36,#5A545C
289,9,36,#5A545C
290,9,36,#5A545C
291,9,36,#5B545C
292,9,36,#5B545C
293,9,36,#5B545C
294,9,36,#5B545C
295,9,36,#5B545C
296,9,36,#5B545C
297,9,36,#5B545C
298,9,36,#5C545C
299,9,36,#5C545C
300,9,36,#5C545C
301,9,36,#5C545C
302,9,36,#5C545C
303,9,36,#5C545B
304,9,36,#5C545B
305,9,36,#5C545B
306,9,36,#5C545B
307,9,36,#5C545B
308,9,36,#5C545B
309,9,36,#5C545B
310,9,36,#5C545A
311,9,36,#5C545A
312,9,36,#5C545A
313,9,36,#5C545A
314,9,36,#5C545A
315,9,36,#5C545A
316,9,36,#5C545A
317,9,36,#5C5459
318,9,36,#5C5459
319,9,36,#5C5459
320,9,36,#5C5459
321,9,36,#5C5459
322,9,36,#5C5459
323,9,36,#5C5459
324,9,36,#5C5458
325,9,36,#5C5458
326,9,36,#5C5458
327,9,36,#5C5458
328,9,36,#5C5458
329,9,36,#5C5458
330,9,36,#5C5458
331,9,36,#5C5458
332,9,36,#5C5457
333,9,36,#5C5457
334,9,36,#5C5457
335,9,36,#5C5457
336,9,36,#5C5457
337,9,36,#5C5457
338,9,36,#5C5457
339,9,36,#5C5456
340,9,36,#5C5456
341,9,36,#5C5456
342,9,36,#5C5456
343,9,36,#5C5456
344,9,36,#5C5456
345,9,36,#5C5456
346,9,36,#5C5455
347,9,36,#5C5455
348,9,36,#5C5455
349,9,36,#5C5455
350,9,36,#5C5455
351,9,36,#5C5455
352,9,36,#5C5455
353,9,36,#5C5455
354,9,36,#5C5454
355,9,36,#5C5454
356,9,36,#5C5454
357,9,36,#5C5454
358,9,36,#5C5454
359,9,36,#5C5454
0,8,36,#5C5454
1,8,36,#5C5554
2,8,36,#5C5554
3,8,36,#5C5554
4,8,36,#5C5554
5,8,36,#5C5554
6,8,36,#5C5554
7,8,36,#5C5554
8,8,36,#5C5554
9,8,36,#5C5654
10,8,36,#5C5654
11,8,36,#5C5654
12,8,36,#5C5654
13,8,36,#5C5654
14,8,36,#5C5654
15,8,36,#5C5654
16,8,36,#5C5654
17,8,36,#5C5754
18,8,36,#5C5754
19,8,36,#5C5754
20,8,36,#5C5754
21,8,36,#5C5754
22,8,36,#5C5754
23,8,36,#5C5754
24,8,36,#5C5754
25,8,36,#5C5854
26,8,36,#5C5854
27,8,36,#5C5854
28,8,36,#5C5854
29,8,36,#5C5854
30,8,36,#5C5854
31,8,36,#5C5854
32,8,36,#5C5854
33,8,36,#5C5854
34,8,36,#5C5954
35,8,36,#5C5954
36,8,36,#5C5954
37,8,36,#5C5954
38,8,36,#5C5954
39,8,36,#5C5954
40,8,36,#5C5954
41,8,36,#5C5954
42,8,36,#5C5A54
43,8,36,#5C5A54
44,8,36,#5C5A54
45,8,36,#5C5A54
46,8,36,#5C5A54
47,8,36,#5C5A54
48,8,36,#5C5A54
49,8,36,#5C5A54
50,8,36,#5C5B54
51,8,36,#5C5B54
52,8,36,#5C5B54
53,8,36,#5C5B54
54,8,36,#5C5B54
55,8,36,#5C5B54
56,8,36,#5C5B54
57,8,36,#5C5B54
58,8,36,#5C5C54
59,8,36,#5C5C54
60,8,36,#5C5C54
61,8,36,#5C5C54
62,8,36,#5C5C54
63,8,36,#5B5C54
64,8,36,#5B5C54
65,8,36,#5B5C54
66,8,36,#5B5C54
67,8,36,#5B5C54
68,8,36,#5B5C54
69,8,36,#5B5C54
70,8,36,#5B5C54
71,8,36,#5A5C54
72,8,36,#5A5C54
73,8,36,#5A5C54
74,8,36,#5A5C54
75,8,36,#5A5C54
76,8,36,#5A5C54
77,8,36,#5A5C54
78,8,36,#5A5C54
79,8,36,#595C54
80,8,36,#595C54
81,8,36,#595C54
82,8,36,#595C54
83,8,36,#595C54
84,8,36,#595C54
85,8,36,#595C54
86,8,36,#595C54
87,8,36,#585C54
88,8,36,#585C54
89,8,36,#585C54
90,8,36,#585C54
91,8,36,#585C54
92,8,36,#585C54
93,8,36,#585C54
94,8,36,#585C54
95,8,36,#585C54
96,8,36,#575C54
97,8,36,#575C54
98,8,36,#575C54
99,8,36,#575C54
100,8,36,#575C54
101,8,36,#575C54
102,8,36,#575C54
103,8,36,#575C54
104,8,36,#565C54
105,8,36,#565C54
106,8,36,#565C54
107,8,36,#565C54
108,8,36,#565C54
109,8,36,#565C54
110,8,36,#565C54
111,8,36,#565C54
112,8,36,#555C54
113,8,36,#555C54
114,8,36,#555C54
115,8,36,#555C54
116,8,36,#555C54
117,8,36,#555C54
118,8,36,#555C54
119,8,36,#555C54
120,8,36,#545C54
121,8,36,#545C55
122,8,36,#545C55
123,8,36,#545C55
124,8,36,#545C55
125,8,36,#545C55
126,8,36,#545C55
127,8,36,#545C55
128,8,36,#545C55
129,8,36,#545C56
130,8,36,#545C56
131,8,36,#545C56
132,8,36,#545C56
133,8,36,#545C56
134,8,36,#545C56
135,8,36,#545C56
136,8,36,#545C56
137,8,36,#545C57
138,8,36,#545C57
139,8,36,#545C57
140,8,36,#545C57
141,8,36,#545C57
142,8,36,#545C57
143,8,36,#545C57
144,8,36,#545C57
145,8,36,#545C58
146,8,36,#545C58
147,8,36,#545C58
148,8,36,#545C58
149,8,36,#545C58
150,8,36,#545C58
151,8,36,#545C58
152,8,36,#545C58
153,8,36,#545C58
154,8,36,#545C59
155,8,36,#545C59
156,8,36,#545C59
157,8,36,#545C59
158,8,36,#545C59
159,8,36,#545C59
160,8,36,#545C59
161,8,36,#545C59
162,8,36,#545C5A
163,8,36,#545C5A
164,8,36,#545C5A
165,8,36,#545C5A
166,8,36,#545C5A
167,8,36,#545C5A
168,8,36,#545C5A
169,8,36,#545C5A
170,8,36,#545C5B
171,8,36,#545C5B
172,8,36,#545C5B
173,8,36,#545C5B
174,8,36,#545C5B
175,8,36,#545C5B
176,8,36,#545C5B
177,8,36,#545C5B
178,8,36,#545C5C
179,8,36,#545C5C
180,8,36,#545C5C
181,8,36,#545C5C
182,8,36,#545C5C
183,8,36,#545B5C
184,8,36,#545B5C
185,8,36,#545B5C
186,8,36,#545B5C
187,8,36,#545B5C
188,8,36,#545B5C
189,8,36,#545B5C
190,8,36,#545B5C
191,8,36,#545A5C
192,8,36,#545A5C
193,8,36,#545A5C
194,8,36,#545A5C
195,8,36,#545A5C
196,8,36,#545A5C
197,8,36,#545A5C
198,8,36,#545A5C
199,8,36,#54595C
200,8,36,#54595C
201,8,36,#54595C
202,8,36,#54595C
203,8,36,#54595C
204,8,36,#54595C
205,8,36,#54595C
206,8,36,#54595C
207,8,36,#54585C
208,8,36,#54585C
209,8,36,#54585C
210,8,36,#54585C
211,8,36,#54585C
212,8,36,#54585C
213,8,36,#54585C
214,8,36,#54585C
215,8,36,#54585C
216,8,36,#54575C
217,8,36,#54575C
218,8,36,#54575C
219,8,36,#54575C
220,8,36,#54575C
221,8,36,#54575C
222,8,36,#54575C
223,8,36,#54575C
224,8,36,#54565C
225,8,36,#54565C
226,8,36,#54565C
227,8,36,#54565C
228,8,36,#54565C
229,8,36,#54565C
230,8,36,#54565C
231,8,36,#54565C
232,8,36,#54555C
233,8,36,#54555C
234,8,36,#54555C
235,8,36,#54555C
236,8,36,#54555C
237,8,36,#54555C
238,8,36,#54555C
239,8,36,#54555C
240,8,36,#54545C
241,8,36,#55545C
242,8,36,#55545C
243,8,36,#55545C
244,8,36,#55545C
245,8,36,#55545C
246,8,36,#55545C
247,8,36,#55545C
248,8,36,#55545C
249,8,36,#56545C
250,8,36,#56545C
251,8,36,#56545C
252,8,36,#56545C
253,8,36,#56545C
254,8,36,#56545C
255,8,36,#56545C
256,8,36,#56545C
257,8,36,#57545C
258,8,36,#57545C
259,8,36,#57545C
260,8,36,#57545C
261,8,36,#57545C
262,8,36,#57545C
263,8,36,#57545C
264,8,36,#57545C
265,8,36,#58545C
266,8,36,#58545C
267,8,36,#58545C
268,8,36,#58545C
269,8,36,#58545C
270,8,36,#58545C
271,8,36,#58545C
272,8,36,#58545C
273,8,36,#58545C
274,8,36,#59545C
275,8,36,#59545C
276,8,36,#59545C
277,8,36,#59545C
278,8,36,#59545C
279,8,36,#59545C
280,8,36,#59545C
281,8,36,#59545C
282,8,36,#5A545C
283,8,36,#5A545C
284,8,36,#5A545C
285,8,36,#5A545C
286,8,36,#5A545C
287,8,36,#5A545C
288,8,36,#5A545C
289,8,36,#5A545C
290,8,36,#5B545C
291,8,36,#5B545C
292,8,36,#5B545C
293,8,36,#5B545C
294,8,36,#5B545C
295,8,36,#5B545C
296,8,36,#5B545C
297,8,36,#5B545C
298,8,36,#5C545C
299,8,36,#5C545C
300,8,36,#5C545C
301,8,36,#5C545C
302,8,36,#5C545C
303,8,36,#5C545B
304,8,36,#5C545B
305,8,36,#5C545B
306,8,36,#5C545B
307,8,36,#5C545B
308,8,36,#5C545B
309,8,36,#5C545B
310,8,36,#5C545B
311,8,36,#5C545A
312,8,36,#5C545A
313,8,36,#5C545A
314,8,36,#5C545A
315,8,36,#5C545A
316,8,36,#5C545A
317,8,36,#5C545A
318,8,36,#5C545A
319,8,36,#5C5459
320,8,36,#5C5459
321,8,36,#5C5459
322,8,36,#5C5459
323,8,36,#5C5459
324,8,36,#5C5459
325,8,36,#5C5459
326,8,36,#5C5459
327,8,36,#5C5458
328,8,36,#5C5458
329,8,36,#5C5458
330,8,36,#5C5458
331,8,36,#5C5458
332,8,36,#5C5458
333,8,36,#5C5458
334,8,36,#5C5458
335,8,36,#5C5458
336,8,36,#5C5457
337,8,36,#5C5457
338,8,36,#5C5457
339,8,36,#5C5457
340,8,36,#5C5457
341,8,36,#5C5457
342,8,36,#5C5457
343,8,36,#5C5457
344,8,36,#5C5456
345,8,36,#5C5456
346,8,36,#5C5456
347,8,36,#5C5456
348,8,36,#5C5456
349,8,36,#5C5456
350,8,36,#5C5456
351,8,36,#5C5456
352,8,36,#5C5455
353,8,36,#5C5455
354,8,36,#5C5455
355,8,36,#5C5455
356,8,36,#5C5455
357,8,36,#5C5455
358,8,36,#5C5455
359,8,36,#5C5455
0,7,36,#5C5555
1,7,36,#5C5555
2,7,36,#5C5655
3,7,36,#5C5655
4,7,36,#5C5655
5,7,36,#5C5655
6,7,36,#5C5655
7,7,36,#5C5655
8,7,36,#5C5655
9,7,36,#5C5655
10,7,36,#5C5655
11,7,36,#5C5755
12,7,36,#5C5755
13,7,36,#5C5755
14,7,36,#5C5755
15,7,36,#5C5755
16,7,36,#5C5755
17,7,36,#5C5755
18,7,36,#5C5755
19,7,36,#5C5755
20,7,36,#5C5855
21,7,36,#5C5855
22,7,36,#5C5855
23,7,36,#5C5855
24,7,36,#5C5855
25,7,36,#5C5855
26,7,36,#5C5855
27,7,36,#5C5855
28,7,36,#5C5855
29,7,36,#5C5855
30,7,36,#5C5955
31,7,36,#5C5955
32,7,36,#5C5955
33,7,36,#5C5955
34,7,36,#5C5955
35,7,36,#5C5955
36,7,36,#5C5955
37,7,36,#5C5955
38,7,36,#5C5955
39,7,36,#5C5A55
40,7,36,#5C5A55
41,7,36,#5C5A55
42,7,36,#5C5A55
43,7,36,#5C5A55
44,7,36,#5C5A55
45,7,36,#5C5A55
46,7,36,#5C5A55
47,7,36,#5C5A55
48,7,36,#5C5B55
49,7,36,#5C5B55
50,7,36,#5C5B55
51,7,36,#5C5B55
52,7,36,#5C5B55
53,7,36,#5C5B55
54,7,36,#5C5B55
55,7,36,#5C5B55
56,7,36,#5C5B55
57,7,36,#5C5B55
58,7,36,#5C5C55
59,7,36,#5C5C55
60,7,36,#5C5C55
61,7,36,#5C5C55
62,7,36,#5C5C55
63,7,36,#5B5C55
64,7,36,#5B5C55
65,7,36,#5B5C55
66,7,36,#5B5C55
67,7,36,#5B5C55
68,7,36,#5B5C55
69,7,36,#5B5C55
70,7,36,#5B5C55
71,7,36,#5B5C55
72,7,36,#5B5C55
73,7,36,#5A5C55
74,7,36,#5A5C55
75,7,36,#5A5C55
76,7,36,#5A5C55
77,7,36,#5A5C55
78,7,36,#5A5C55
79,7,36,#5A5C55
80,7,36,#5A5C55
81,7,36,#5A5C55
82,7,36,#595C55
83,7,36,#595C55
84,7,36,#595C55
85,7,36,#595C55
86,7,36,#595C55
87,7,36,#595C55
88,7,36,#595C55
89,7,36,#595C55
90,7,36,#595C55
91,7,36,#585C55
92,7,36,#585C55
93,7,36,#585C55
94,7,36,#585C55
95,7,36,#585C55
96,7,36,#585C55
97,7,36,#585C55
98,7,36,#585C55
99,7,36,#585C55
100,7,36,#585C55
101,7,36,#575C55
102,7,36,#575C55
103,7,36,#575C55
104,7,36,#575C55
105,7,36,#575C55
106,7,36,#575C55
107,7,36,#575C55
108,7,36,#575C55
109,7,36,#575C55
110,7,36,#565C55
111,7,36,#565C55
112,7,36,#565C55
113,7,36,#565C55
114,7,36,#565C55
115,7,36,#565C55
116,7,36,#565C55
117,7,36,#565C55
118,7,36,#565C55
119,7,36,#555C55
120,7,36,#555C55
121,7,36,#555C55
122,7,36,#555C56
123,7,36,#555C56
124,7,36,#555C56
125,7,36,#555C56
126,7,36,#555C56
127,7,36,#555C56
128,7,36,#555C56
129,7,36,#555C56
130,7,36,#555C56
131,7,36,#555C57
132,7,36,#555C57
133,7,36,#555C57
134,7,36,#555C57
135,7,36,#555C57
136,7,36,#555C57
137,7,36,#555C57
138,7,36,#555C57
139,7,36,#555C57
140,7,36,#555C58
141,7,36,#555C58
142,7,36,#555C58
143,7,36,#555C58
144,7,36,#555C58
145,7,36,#555C58
146,7,36,#555C58
147,7,36,#555C58
148,7,36,#555C58
149,7,36,#555C58
150,7,36,#555C59
151,7,36,#555C59
152,7,36,#555C59
153,7,36,#555C59
154,7,36,#555C59
155,7,36,#555C59
156,7,36,#555C59
157,7,36,#555C59
158,7,36,#555C59
159,7,36,#555C5A
160,7,36,#555C5A
161,7,36,#555C5A
162,7,36,#555C5A
163,7,36,#555C5A
164,7,36,#555C5A
165,7,36,#555C5A
166,7,36,#555C5A
167,7,36,#555C5A
168,7,36,#555C5B
169,7,36,#555C5B
170,7,36,#555C5B
171,7,36,#555C5B
172,7,36,#555C5B
173,7,36,#555C5B
174,7,36,#555C5B
175,7,36,#555C5B
176,7,36,#555C5B
177,7,36,#555C5B
178,7,36,#555C5C
179,7,36,#555C5C
180,7,36,#555C5C
181,7,36,#555C5C
182,7,36,#555C5C
183,7,36,#555B5C
184,7,36,#555B5C
185,7,36,#555B5C
186,7,36,#555B5C
187,7,36,#555B5C
188,7,36,#555B5C
189,7,36,#555B5C
190,7,36,#555B5C
191,7,36,#555B5C
192,7,36,#555B5C
193,7,36,#555A5C
194,7,36,#555A5C
195,7,36,#555A5C
196,7,36,#555A5C
197,7,36,#555A5C
198,7,36,#555A5C
199,7,36,#555A5C
200,7,36,#555A5C
201,7,36,#555A5C
202,7,36,#55595C
203,7,36,#55595C
204,7,36,#55595C
205,7,36,#55595C
206,7,36,#55595C
207,7,36,#55595C
208,7,36,#55595C
209,7,36,#55595C
210,7,36,#55595C
211,7,36,#55585C
212,7,36,#55585C
213,7,36,#55585C
214,7,36,#55585C
215,7,36,#55585C
216,7,36,#55585C
217,7,36,#55585C
218,7,36,#55585C
219,7,36,#55585C
220,7,36,#55585C
221,7,36,#55575C
222,7,36,#55575C
223,7,36,#55575C
224,7,36,#55575C
225,7,36,#55575C
226,7,36,#55575C
227,7,36,#55575C
228,7,36,#55575C
229,7,36,#55575C
230,7,36,#55565C
231,7,36,#55565C
232,7,36,#55565C
233,7,36,#55565C
234,7,36,#55565C
235,7,36,#55565C
236,7,36,#55565C
237,7,36,#55565C
238,7,36,#55565C
239,7,36,#55555C
240,7,36,#55555C
241,7,36,#55555C
242,7,36,#56555C
243,7,36,#56555C
244,7,36,#56555C
245,7,36,#56555C
246,7,36,#56555C
247,7,36,#56555C
248,7,36,#56555C
249,7,36,#56555C
250,7,36,#56555C
251,7,36,#57555C
252,7,36,#57555C
253,7,36,#57555C
254,7,36,#57555C
255,7,36,#57555C
256,7,36,#57555C
257,7,36,#57555C
258,7,36,#57555C
259,7,36,#57555C
260,7,36,#58555C
261,7,36,#58555C
262,7,36,#58555C
263,7,36,#58555C
264,7,36,#58555C
265,7,36,#58555C
266,7,36,#58555C
267,7,36,#58555C
268,7,36,#58555C
269,7,36,#58555C
270,7,36,#59555C
271,7,36,#59555C
272,7,36,#59555C
273,7,36,#59555C
274,7,36,#59555C
275,7,36,#59555C
276,7,36,#59555C
277,7,36,#59555C
278,7,36,#59555C
279,7,36,#5A555C
280,7,36,#5A555C
281,7,36,#5A555C
282,7,36,#5A555C
283,7,36,#5A555C
284,7,36,#5A555C
285,7,36,#5A555C
286,7,36,#5A555C
287,7,36,#5A555C
288,7,36,#5B555C
289,7,36,#5B555C
290,7,36,#5B555C
291,7,36,#5B555C
292,7,36,#5B555C
293,7,36,#5B555C
294,7,36,#5B555C
295,7,36,#5B555C
296,7,36,#5B555C
297,7,36,#5B555C
298,7,36,#5C555C
299,7,36,#5C555C
300,7,36,#5C555C
301,7,36,#5C555C
302,7,36,#5C555C
303,7,36,#5C555B
304,7,36,#5C555B
305,7,36,#5C555B
306,7,36,#5C555B
307,7,36,#5C555B
308,7,36,#5C555B
309,7,36,#5C555B
310,7,36,#5C555B
311,7,36,#5C555B
312,7,36,#5C555B
313,7,36,#5C555A
314,7,36,#5C555A
315,7,36,#5C555A
316,7,36,#5C555A
317,7,36,#5C555A
318,7,36,#5C555A
319,7,36,#5C555A
320,7,36,#5C555A
321,7,36,#5C555A
322,7,36,#5C5559
323,7,36,#5C5559
324,7,36,#5C5559
325,7,36,#5C5559
326,7,36,#5C5559
327,7,36,#5C5559
328,7,36,#5C5559
329,7,36,#5C5559
330,7,36,#5C5559
331,7,36,#5C5558
332,7,36,#5C5558
333,7,36,#5C5558
334,7,36,#5C5558
335,7,36,#5C5558
336,7,36,#5C5558
337,7,36,#5C5558
338,7,36,#5C5558
339,7,36,#5C5558
340,7,36,#5C5558
341,7,36,#5C5557
342,7,36,#5C5557
343,7,36,#5C5557
344,7,36,#5C5557
345,7,36,#5C5557
346,7,36,#5C5557
347,7,36,#5C5557
348,7,36,#5C5557
349,7,36,#5C5557
350,7,36,#5C5556
351,7,36,#5C5556
352,7,36,#5C5556
353,7,36,#5C5556
354,7,36,#5C5556
355,7,36,#5C5556
356,7,36,#5C5556
357,7,36,#5C5556
358,7,36,#5C5556
359,7,36,#5C5555
0,6,36,#5C5656
1,6,36,#5C5656
2,6,36,#5C5656
3,6,36,#5C5756
4,6,36,#5C5756
5,6,36,#5C5756
6,6,36,#5C5756
7,6,36,#5C5756
8,6,36,#5C5756
9,6,36,#5C5756
10,6,36,#5C5756
11,6,36,#5C5756
12,6,36,#5C5756
13,6,36,#5C5756
14,6,36,#5C5856
15,6,36,#5C5856
16,6,36,#5C5856
17,6,36,#5C5856
18,6,36,#5C5856
19,6,36,#5C5856
20,6,36,#5C5856
21,6,36,#5C5856
22,6,36,#5C5856
23,6,36,#5C5856
24,6,36,#5C5856
25,6,36,#5C5956
26,6,36,#5C5956
27,6,36,#5C5956
28,6,36,#5C5956
29,6,36,#5C5956
30,6,36,#5C5956
31,6,36,#5C5956
32,6,36,#5C5956
33,6,36,#5C5956
34,6,36,#5C5956
35,6,36,#5C5A56
36,6,36,#5C5A56
37,6,36,#5C5A56
38,6,36,#5C5A56
39,6,36,#5C5A56
40,6,36,#5C5A56
41,6,36,#5C5A56
42,6,36,#5C5A56
43,6,36,#5C5A56
44,6,36,#5C5A56
45,6,36,#5C5A56
46,6,36,#5C5B56
47,6,36,#5C5B56
48,6,36,#5C5B56
49,6,36,#5C5B56
50,6,36,#5C5B56
51,6,36,#5C5B56
52,6,36,#5C5B56
53,6,36,#5C5B56
54,6,36,#5C5B56
55,6,36,#5C5B56
56,6,36,#5C5B56
57,6,36,#5C5C56
58,6,36,#5C5C56
59,6,36,#5C5C56
60,6,36,#5C5C56
61,6,36,#5C5C56
62,6,36,#5C5C56
63,6,36,#5C5C56
64,6,36,#5B5C56
65,6,36,#5B5C56
66,6,36,#5B5C56
67,6,36,#5B5C56
68,6,36,#5B5C56
69,6,36,#5B5C56
70,6,36,#5B5C56
71,6,36,#5B5C56
72,6,36,#5B5C56
73,6,36,#5B5C56
74,6,36,#5B5C56
75,6,36,#5A5C56
76,6,36,#5A5C56
77,6,36,#5A5C56
78,6,36,#5A5C56
79,6,36,#5A5C56
80,6,36,#5A5C56
81,6,36,#5A5C56
82,6,36,#5A5C56
83,6,36,#5A5C56
84,6,36,#5A5C56
85,6,36,#5A5C56
86,6,36,#595C56
87,6,36,#595C56
88,6,36,#595C56
89,6,36,#595C56
90,6,36,#595C56
91,6,36,#595C56
92,6,36,#595C56
93,6,36,#595C56
94,6,36,#595C56
95,6,36,#595C56
96,6,36,#585C56
97,6,36,#585C56
98,6,36,#585C56
99,6,36,#585C56
100,6,36,#585C56
101,6,36,#585C56
102,6,36,#585C56
103,6,36,#585C56
104,6,36,#585C56
105,6,36,#585C56
106,6,36,#585C56
107,6,36,#575C56
108,6,36,#575C56
109,6,36,#575C56
110,6,36,#575C56
111,6,36,#575C56
112,6,36,#575C56
113,6,36,#575C56
114,6,36,#575C56
115,6,36,#575C56
116,6,36,#575C56
117,6,36,#575C56
118,6,36,#565C56
119,6,36,#565C56
120,6,36,#565C56
121,6,36,#565C56
122,6,36,#565C56
123,6,36,#565C57
124,6,36,#565C57
125,6,36,#565C57
126,6,36,#565C57
127,6,36,#565C57
128,6,36,#565C57
129,6,36,#565C57
130,6,36,#565C57
131,6,36,#565C57
132,6,36,#565C57
133,6,36,#565C57
134,6,36,#565C58
135,6,36,#565C58
136,6,36,#565C58
137,6,36,#565C58
138,6,36,#565C58
139,6,36,#565C58
140,6,36,#565C58
141,6,36,#565C58
142,6,36,#565C58
143,6,36,#565C58
144,6,36,#565C58
145,6,36,#565C59
146,6,36,#565C59
147,6,36,#565C59
148,6,36,#565C59
149,6,36,#565C59
150,6,36,#565C59
151,6,36,#565C59
152,6,36,#565C59
153,6,36,#565C59
154,6,36,#565C59
155,6,36,#565C5A
156,6,36,#565C5A
157,6,36,#565C5A
158,6,36,#565C5A
159,6,36,#565C5A
160,6,36,#565C5A
161,6,36,#565C5A
162,6,36,#565C5A
163,6,36,#565C5A
164,6,36,#565C5A
165,6,36,#565C5A
166,6,36,#565C5B
167,6,36,#565C5B
168,6,36,#565C5B
169,6,36,#565C5B
170,6,36,#565C5B
171,6,36,#565C5B
172,6,36,#565C5B
173,6,36,#565C5B
174,6,36,#565C5B
175,6,36,#565C5B
176,6,36,#565C5B
177,6,36,#565C5C
178,6,36,#565C5C
179,6,36,#565C5C
180,6,36,#565C5C
181,6,36,#565C5C
182,6,36,#565C5C
183,6,36,#565C5C
184,6,36,#565B5C
185,6,36,#565B5C
186,6,36,#565B5C
187,6,36,#565B5C
188,6,36,#565B5C
189,6,36,#565B5C
190,6,36,#565B5C
191,6,36,#565B5C
192,6,36,#565B5C
193,6,36,#565B5C
194,6,36,#565B5C
195,6,36,#565A5C
196,6,36,#565A5C
197,6,36,#565A5C
198,6,36,#565A5C
199,6,36,#565A5C
200,6,36,#565A5C
201,6,36,#565A5C
202,6,36,#565A5C
203,6,36,#565A5C
204,6,36,#565A5C
205,6,36,#565A5C
206,6,36,#56595C
207,6,36,#56595C
208,6,36,#56595C
209,6,36,#56595C
210,6,36,#56595C
211,6,36,#56595C
212,6,36,#56595C
213,6,36,#56595C
214,6,36,#56595C
215,6,36,#56595C
216,6,36,#56585C
217,6,36,#56585C
218,6,36,#56585C
219,6,36,#56585C
220,6,36,#56585C
221,6,36,#56585C
222,6,36,#56585C
223,6,36,#56585C
224,6,36,#56585C
225,6,36,#56585C
226,6,36,#56585C
227,6,36,#56575C
228,6,36,#56575C
229,6,36,#56575C
230,6,36,#56575C
231,6,36,#56575C
232,6,36,#56575C
233,6,36,#56575C
234,6,36,#56575C
235,6,36,#56575C
236,6,36,#56575C
237,6,36,#56575C
238,6,36,#56565C
239,6,36,#56565C
240,6,36,#56565C
241,6,36,#56565C
242,6,36,#56565C
243,6,36,#57565C
244,6,36,#57565C
245,6,36,#57565C
246,6,36,#57565C
247,6,36,#57565C
248,6,36,#57565C
249,6,36,#57565C
250,6,36,#57565C
251,6,36,#57565C
252,6,36,#57565C
253,6,36,#57565C
254,6,36,#58565C
255,6,36,#58565C
256,6,36,#58565C
257,6,36,#58565C
258,6,36,#58565C
259,6,36,#58565C
260,6,36,#58565C
261,6,36,#58565C
262,6,36,#58565C
263,6,36,#58565C
264,6,36,#58565C
265,6,36,#59565C
266,6,36,#59565C
267,6,36,#59565C
268,6,36,#59565C
269,6,36,#59565C
270,6,36,#59565C
271,6,36,#59565C
272,6,36,#59565C
273,6,36,#59565C
274,6,36,#59565C
275,6,36,#5A565C
276,6,36,#5A565C
277,6,36,#5A565C
278,6,36,#5A565C
279,6,36,#5A565C
280,6,36,#5A565C
281,6,36,#5A565C
282,6,36,#5A565C
283,6,36,#5A565C
284,6,36,#5A565C
285,6,36,#5A565C
286,6,36,#5B565C
287,6,36,#5B565C
288,6,36,#5B565C
289,6,36,#5B565C
290,6,36,#5B565C
291,6,36,#5B565C
292,6,36,#5B565C
293,6,36,#5B565C
294,6,36,#5B565C
295,6,36,#5B565C
296,6,36,#5B565C
297,6,36,#5C565C
298,6,36,#5C565C
299,6,36,#5C565C
300,6,36,#5C565C
301,6,36,#5C565C
302,6,36,#5C565C
303,6,36,#5C565C
304,6,36,#5C565B
305,6,36,#5C565B
306,6,36,#5C565B
307,6,36,#5C565B
308,6,36,#5C565B
309,6,36,#5C565B
310,6,36,#5C565B
311,6,36,#5C565B
312,6,36,#5C565B
313,6,36,#5C565B
314,6,36,#5C565B
315,6,36,#5C565A
316,6,36,#5C565A
317,6,36,#5C565A
318,6,36,#5C565A
319,6,36,#5C565A
320,6,36,#5C565A
321,6,36,#5C565A
322,6,36,#5C565A
323,6,36,#5C565A
324,6,36,#5C565A
325,6,36,#5C565A
326,6,36,#5C5659
327,6,36,#5C5659
328,6,36,#5C5659
329,6,36,#5C5659
330,6,36,#5C5659
331,6,36,#5C5659
332,6,36,#5C5659
333,6,36,#5C5659
334,6,36,#5C5659
335,6,36,#5C5659
336,6,36,#5C5658
337,6,36,#5C5658
338,6,36,#5C5658
339,6,36,#5C5658
340,6,36,#5C5658
341,6,36,#5C5658
342,6,36,#5C5658
343,6,36,#5C5658
344,6,36,#5C5658
345,6,36,#5C5658
346,6,36,#5C5658
347,6,36,#5C5657
348,6,36,#5C5657
349,6,36,#5C5657
350,6,36,#5C5657
351,6,36,#5C5657
352,6,36,#5C5657
353,6,36,#5C5657
354,6,36,#5C5657
355,6,36,#5C5657
356,6,36,#5C5657
357,6,36,#5C5657
358,6,36,#5C5656
359,6,36,#5C5656
0,5,36,#5C5757
1,5,36,#5C5757
2,5,36,#5C5757
3,5,36,#5C5757
4,5,36,#5C5857
5,5,36,#5C5857
6,5,36,#5C5857
7,5,36,#5C5857
8,5,36,#5C5857
9,5,36,#5C5857
10,5,36,#5C5857
11,5,36,#5C5857
12,5,36,#5C5857
13,5,36,#5C5857
14,5,36,#5C5857
15,5,36,#5C5857
16,5,36,#5C5857
17,5,36,#5C5957
18,5,36,#5C5957
19,5,36,#5C5957
20,5,36,#5C5957
21,5,36,#5C5957
22,5,36,#5C5957
23,5,36,#5C5957
24,5,36,#5C5957
25,5,36,#5C5957
26,5,36,#5C5957
27,5,36,#5C5957
28,5,36,#5C5957
29,5,36,#5C5957
30,5,36,#5C5A57
31,5,36,#5C5A57
32,5,36,#5C5A57
33,5,36,#5C5A57
34,5,36,#5C5A57
35,5,36,#5C5A57
36,5,36,#5C5A57
37,5,36,#5C5A57
38,5,36,#5C5A57
39,5,36,#5C5A57
40,5,36,#5C5A57
41,5,36,#5C5A57
42,5,36,#5C5A57
43,5,36,#5C5A57
44,5,36,#5C5B57
45,5,36,#5C5B57
46,5,36,#5C5B57
47,5,36,#5C5B57
48,5,36,#5C5B57
49,5,36,#5C5B57
50,5,36,#5C5B57
51,5,36,#5C5B57
52,5,36,#5C5B57
53,5,36,#5C5B57
54,5,36,#5C5B57
55,5,36,#5C5B57
56,5,36,#5C5B57
57,5,36,#5C5C57
58,5,36,#5C5C57
59,5,36,#5C5C57
60,5,36,#5C5C57
61,5,36,#5C5C57
62,5,36,#5C5C57
63,5,36,#5C5C57
64,5,36,#5B5C57
65,5,36,#5B5C57
66,5,36,#5B5C57
67,5,36,#5B5C57
68,5,36,#5B5C57
69,5,36,#5B5C57
70,5,36,#5B5C57
71,5,36,#5B5C57
72,5,36,#5B5C57
73,5,36,#5B5C57
74,5,36,#5B5C57
75,5,36,#5B5C57
76,5,36,#5B5C57
77,5,36,#5A5C57
78,5,36,#5A5C57
79,5,36,#5A5C57
80,5,36,#5A5C57
81,5,36,#5A5C57
82,5,36,#5A5C57
83,5,36,#5A5C57
84,5,36,#5A5C57
85,5,36,#5A5C57
86,5,36,#5A5C57
87,5,36,#5A5C57
88,5,36,#5A5C57
89,5,36,#5A5C57
90,5,36,#5A5C57
91,5,36,#595C57
92,5,36,#595C57
93,5,36,#595C57
94,5,36,#595C57
95,5,36,#595C57
96,5,36,#595C57
97,5,36,#595C57
98,5,36,#595C57
99,5,36,#595C57
100,5,36,#595C57
101,5,36,#595C57
102,5,36,#595C57
103,5,36,#595C57
104,5,36,#585C57
105,5,36,#585C57
106,5,36,#585C57
107,5,36,#585C57
108,5,36,#585C57
109,5,36,#585C57
110,5,36,#585C57
111,5,36,#585C57
112,5,36,#585C57
113,5,36,#585C57
114,5,36,#585C57
115,5,36,#585C57
116,5,36,#585C57
117,5,36,#575C57
118,5,36,#575C57
119,5,36,#575C57
120,5,36,#575C57
121,5,36,#575C57
122,5,36,#575C57
123,5,36,#575C57
124,5,36,#575C58
125,5,36,#575C58
126,5,36,#575C58
127,5,36,#575C58
128,5,36,#575C58
129,5,36,#575C58
130,5,36,#575C58
131,5,36,#575C58
132,5,36,#575C58
133,5,36,#575C58
134,5,36,#575C58
135,5,36,#575C58
136,5,36,#575C58
137,5,36,#575C59
138,5,36,#575C59
139,5,36,#575C59
140,5,36,#575C59
141,5,36,#575C59
142,5,36,#575C59
143,5,36,#575C59
144,5,36,#575C59
145,5,36,#575C59
146,5,36,#575C59
147,5,36,#575C59
148,5,36,#575C59
149,5,36,#575C59
150,5,36,#575C5A
151,5,36,#575C5A
152,5,36,#575C5A
153,5,36,#575C5A
154,5,36,#575C5A
155,5,36,#575C5A
156,5,36,#575C5A
157,5,36,#575C5A
158,5,36,#575C5A
159,5,36,#575C5A
160,5,36,#575C5A
161,5,36,#575C5A
162,5,36,#575C5A
163,5,36,#575C5A
164,5,36,#575C5B
165,5,36,#575C5B
166,5,36,#575C5B
167,5,36,#575C5B
168,5,36,#575C5B
169,5,36,#575C5B
170,5,36,#575C5B
171,5,36,#575C5B
172,5,36,#575C5B
173,5,36,#575C5B
174,5,36,#575C5B
175,5,36,#575C5B
176,5,36,#575C5B
177,5,36,#575C5C
178,5,36,#575C5C
179,5,36,#575C5C
180,5,36,#575C5C
181,5,36,#575C5C
182,5,36,#575C5C
183,5,36,#575C5C
184,5,36,#575B5C
185,5,36,#575B5C
186,5,36,#575B5C
187,5,36,#575B5C
188,5,36,#575B5C
189,5,36,#575B5C
190,5,36,#575B5C
191,5,36,#575B5C
192,5,36,#575B5C
193,5,36,#575B5C
194,5,36,#575B5C
195,5,36,#575B5C
196,5,36,#575B5C
197,5,36,#575A5C
198,5,36,#575A5C
199,5,36,#575A5C
200,5,36,#575A5C
201,5,36,#575A5C
202,5,36,#575A5C
203,5,36,#575A5C
204,5,36,#575A5C
205,5,36,#575A5C
206,5,36,#575A5C
207,5,36,#575A5C
208,5,36,#575A5C
209,5,36,#575A5C
210,5,36,#575A5C
211,5,36,#57595C
212,5,36,#57595C
213,5,36,#57595C
214,5,36,#57595C
215,5,36,#57595C
216,5,36,#57595C
217,5,36,#57595C
218,5,36,#57595C
219,5,36,#57595C
220,5,36,#57595C
221,5,36,#57595C
222,5,36,#57595C
223,5,36,#57595C
224,5,36,#57585C
225,5,36,#57585C
226,5,36,#57585C
227,5,36,#57585C
228,5,36,#57585C
229,5,36,#57585C
230,5,36,#57585C
231,5,36,#57585C
232,5,36,#57585C
233,5,36,#57585C
234,5,36,#57585C
235,5,36,#57585C
236,5,36,#57585C
237,5,36,#57575C
238,5,36,#57575C
239,5,36,#57575C
240,5,36,#57575C
241,5,36,#57575C
242,5,36,#57575C
243,5,36,#57575C
244,5,36,#58575C
245,5,36,#58575C
246,5,36,#58575C
247,5,36,#58575C
248,5,36,#58575C
249,5,36,#58575C
250,5,36,#58575C
251,5,36,#58575C
252,5,36,#58575C
253,5,36,#58575C
254,5,36,#58575C
255,5,36,#58575C
256,5,36,#58575C
257,5,36,#59575C
258,5,36,#59575C
259,5,36,#59575C
260,5,36,#59575C
261,5,36,#59575C
262,5,36,#59575C
263,5,36,#59575C
264,5,36,#59575C
265,5,36,#59575C
266,5,36,#59575C
267,5,36,#59575C
268,5,36,#59575C
269,5,36,#59575C
270,5,36,#5A575C
271,5,36,#5A575C
272,5,36,#5A575C
273,5,36,#5A575C
274,5,36,#5A575C
275,5,36,#5A575C
276,5,36,#5A575C
277,5,36,#5A575C
278,5,36,#5A575C
279,5,36,#5A575C
280,5,36,#5A575C
281,5,36,#5A575C
282,5,36,#5A575C
283,5,36,#5A575C
284,5,36,#5B575C
285,5,36,#5B575C
286,5,36,#5B575C
287,5,36,#5B575C
288,5,36,#5B575C
289,5,36,#5B575C
290,5,36,#5B575C
291,5,36,#5B575C
292,5,36,#5B575C
293,5,36,#5B575C
294,5,36,#5B575C
295,5,36,#5B575C
296,5,36,#5B575C
297,5,36,#5C575C
298,5,36,#5C575C
299,5,36,#5C575C
300,5,36,#5C575C
301,5,36,#5C575C
302,5,36,#5C575C
303,5,36,#5C575C
304,5,36,#5C575B
305,5,36,#5C575B
306,5,36,#5C575B
307,5,36,#5C575B
308,5,36,#5C575B
309,5,36,#5C575B
310,5,36,#5C575B
311,5,36,#5C575B
312,5,36,#5C575B
313,5,36,#5C575B
314,5,36,#5C575B
315,5,36,#5C575B
316,5,36,#5C575B
317,5,36,#5C575A
318,5,36,#5C575A
319,5,36,#5C575A
320,5,36,#5C575A
321,5,36,#5C575A
322,5,36,#5C575A
323,5,36,#5C575A
324,5,36,#5C575A
325,5,36,#5C575A
326,5,36,#5C575A
327,5,36,#5C575A
328,5,36,#5C575A
329,5,36,#5C575A
330,5,36,#5C575A
331,5,36,#5C5759
332,5,36,#5C5759
333,5,36,#5C5759
334,5,36,#5C5759
335,5,36,#5C5759
336,5,36,#5C5759
337,5,36,#5C5759
338,5,36,#5C5759
339,5,36,#5C5759
340,5,36,#5C5759
341,5,36,#5C5759
342,5,36,#5C5759
343,5,36,#5C5759
344,5,36,#5C5758
345,5,36,#5C5758
346,5,36,#5C5758
347,5,36,#5C5758
348,5,36,#5C5758
349,5,36,#5C5758
350,5,36,#5C5758
351,5,36,#5C5758
352,5,36,#5C5758
353,5,36,#5C5758
354,5,36,#5C5758
355,5,36,#5C5758
356,5,36,#5C5758
357,5,36,#5C5757
358,5,36,#5C5757
359,5,36,#5C5757
0,4,36,#5C5858
1,4,36,#5C5858
2,4,36,#5C5858
3,4,36,#5C5858
4,4,36,#5C5858
5,4,36,#5C5858
6,4,36,#5C5858
7,4,36,#5C5958
8,4,36,#5C5958
9,4,36,#5C5958
10,4,36,#5C5958
11,4,36,#5C5958
12,4,36,#5C5958
13,4,36,#5C5958
14,4,36,#5C5958
15,4,36,#5C5958
16,4,36,#5C5958
17,4,36,#5C5958
18,4,36,#5C5958
19,4,36,#5C5958
20,4,36,#5C5958
21,4,36,#5C5958
22,4,36,#5C5958
23,4,36,#5C5A58
24,4,36,#5C5A58
25,4,36,#5C5A58
26,4,36,#5C5A58
27,4,36,#5C5A58
28,4,36,#5C5A58
29,4,36,#5C5A58
30,4,36,#5C5A58
31,4,36,#5C5A58
32,4,36,#5C5A58
33,4,36,#5C5A58
34,4,36,#5C5A58
35,4,36,#5C5A58
36,4,36,#5C5A58
37,4,36,#5C5A58
38,4,36,#5C5A58
39,4,36,#5C5B58
40,4,36,#5C5B58
41,4,36,#5C5B58
42,4,36,#5C5B58
43,4,36,#5C5B58
44,4,36,#5C5B58
45,4,36,#5C5B58
46,4,36,#5C5B58
47,4,36,#5C5B58
48,4,36,#5C5B58
49,4,36,#5C5B58
50,4,36,#5C5B58
51,4,36,#5C5B58
52,4,36,#5C5B58
53,4,36,#5C5B58
54,4,36,#5C5B58
55,4,36,#5C5B58
56,4,36,#5C5C58
57,4,36,#5C5C58
58,4,36,#5C5C58
59,4,36,#5C5C58
60,4,36,#5C5C58
61,4,36,#5C5C58
62,4,36,#5C5C58
63,4,36,#5C5C58
64,4,36,#5C5C58
65,4,36,#5B5C58
66,4,36,#5B5C58
67,4,36,#5B5C58
68,4,36,#5B5C58
69,4,36,#5B5C58
70,4,36,#5B5C58
71,4,36,#5B5C58
72,4,36,#5B5C58
73,4,36,#5B5C58
74,4,36,#5B5C58
75,4,36,#5B5C58
76,4,36,#5B5C58
77,4,36,#5B5C58
78,4,36,#5B5C58
79,4,36,#5B5C58
80,4,36,#5B5C58
81,4,36,#5B5C58
82,4,36,#5A5C58
83,4,36,#5A5C58
84,4,36,#5A5C58
85,4,36,#5A5C58
86,4,36,#5A5C58
87,4,36,#5A5C58
88,4,36,#5A5C58
89,4,36,#5A5C58
90,4,36,#5A5C58
91,4,36,#5A5C58
92,4,36,#5A5C58
93,4,36,#5A5C58
94,4,36,#5A5C58
95,4,36,#5A5C58
96,4,36,#5A5C58
97,4,36,#5A5C58
98,4,36,#595C58
99,4,36,#595C58
100,4,36,#595C58
101,4,36,#595C58
102,4,36,#595C58
103,4,36,#595C58
104,4,36,#595C58
105,4,36,#595C58
106,4,36,#595C58
107,4,36,#595C58
108,4,36,#595C58
109,4,36,#595C58
110,4,36,#595C58
111,4,36,#595C58
112,4,36,#595C58
113,4,36,#595C58
114,4,36,#585C58
115,4,36,#585C58
116,4,36,#585C58
117,4,36,#585C58
118,4,36,#585C58
119,4,36,#585C58
120,4,36,#585C58
121,4,36,#585C58
122,4,36,#585C58
123,4,36,#585C58
124,4,36,#585C58
125,4,36,#585C58
126,4,36,#585C58
127,4,36,#585C59
128,4,36,#585C59
129,4,36,#585C59
130,4,36,#585C59
131,4,36,#585C59
132,4,36,#585C59
133,4,36,#585C59
134,4,36,#585C59
135,4,36,#585C59
136,4,36,#585C59
137,4,36,#585C59
138,4,36,#585C59
139,4,36,#585C59
140,4,36,#585C59
141,4,36,#585C59
142,4,36,#585C59
143,4,36,#585C5A
144,4,36,#585C5A
145,4,36,#585C5A
146,4,36,#585C5A
147,4,36,#585C5A
148,4,36,#585C5A
149,4,36,#585C5A
150,4,36,#585C5A
151,4,36,#585C5A
152,4,36,#585C5A
153,4,36,#585C5A
154,4,36,#585C5A
155,4,36,#585C5A
156,4,36,#585C5A
157,4,36,#585C5A
158,4,36,#585C5A
159,4,36,#585C5B
160,4,36,#585C5B
161,4,36,#585C5B
162,4,36,#585C5B
163,4,36,#585C5B
164,4,36,#585C5B
165,4,36,#585C5B
166,4,36,#585C5B
167,4,36,#585C5B
168,4,36,#585C5B
169,4,36,#585C5B
170,4,36,#585C5B
171,4,36,#585C5B
172,4,36,#585C5B
173,4,36,#585C5B
174,4,36,#585C5B
175,4,36,#585C5B
176,4,36,#585C5C
177,4,36,#585C5C
178,4,36,#585C5C
179,4,36,#585C5C
180,4,36,#585C5C
181,4,36,#585C5C
182,4,36,#585C5C
183,4,36,#585C5C
184,4,36,#585C5C
185,4,36,#585B5C
186,4,36,#585B5C
187,4,36,#585B5C
188,4,36,#585B5C
189,4,36,#585B5C
190,4,36,#585B5C
191,4,36,#585B5C
192,4,36,#585B5C
193,4,36,#585B5C
194,4,36,#585B5C
195,4,36,#585B5C
196,4,36,#585B5C
197,4,36,#585B5C
198,4,36,#585B5C
199,4,36,#585B5C
200,4,36,#585B5C
201,4,36,#585B5C
202,4,36,#585A5C
203,4,36,#585A5C
204,4,36,#585A5C
205,4,36,#585A5C
206,4,36,#585A5C
207,4,36,#585A5C
208,4,36,#585A5C
209,4,36,#585A5C
210,4,36,#585A5C
211,4,36,#585A5C
212,4,36,#585A5C
213,4,36,#585A5C
214,4,36,#585A5C
215,4,36,#585A5C
216,4,36,#585A5C
217,4,36,#585A5C
218,4,36,#58595C
219,4,36,#58595C
220,4,36,#58595C
221,4,36,#58595C
222,4,36,#58595C
223,4,36,#58595C
224,4,36,#58595C
225,4,36,#58595C
226,4,36,#58595C
227,4,36,#58595C
228,4,36,#58595C
229,4,36,#58595C
230,4,36,#58595C
231,4,36,#58595C
232,4,36,#58595C
233,4,36,#58595C
234,4,36,#58585C
235,4,36,#58585C
236,4,36,#58585C
237,4,36,#58585C
238,4,36,#58585C
239,4,36,#58585C
240,4,36,#58585C
241,4,36,#58585C
242,4,36,#58585C
243,4,36,#58585C
244,4,36,#58585C
245,4,36,#58585C
246,4,36,#58585C
247,4,36,#59585C
248,4,36,#59585C
249,4,36,#59585C
250,4,36,#59585C
251,4,36,#59585C
252,4,36,#59585C
253,4,36,#59585C
254,4,36,#59585C
255,4,36,#59585C
256,4,36,#59585C
257,4,36,#59585C
258,4,36,#59585C
259,4,36,#59585C
260,4,36,#59585C
261,4,36,#59585C
262,4,36,#59585C
263,4,36,#5A585C
264,4,36,#5A585C
265,4,36,#5A585C
266,4,36,#5A585C
267,4,36,#5A585C
268,4,36,#5A585C
269,4,36,#5A585C
270,4,36,#5A585C
271,4,36,#5A585C
272,4,36,#5A585C
273,4,36,#5A585C
274,4,36,#5A585C
275,4,36,#5A585C
276,4,36,#5A585C
277,4,36,#5A585C
278,4,36,#5A585C
279,4,36,#5B585C
280,4,36,#5B585C
281,4,36,#5B585C
282,4,36,#5B585C
283,4,36,#5B585C
284,4,36,#5B585C
285,4,36,#5B585C
286,4,36,#5B585C
287,4,36,#5B585C
288,4,36,#5B585C
289,4,36,#5B585C
290,4,36,#5B585C
291,4,36,#5B585C
292,4,36,#5B585C
293,4,36,#5B585C
294,4,36,#5B585C
295,4,36,#5B585C
296,4,36,#5C585C
297,4,36,#5C585C
298,4,36,#5C585C
299,4,36,#5C585C
300,4,36,#5C585C
301,4,36,#5C585C
302,4,36,#5C585C
303,4,36,#5C585C
304,4,36,#5C585C
305,4,36,#5C585B
306,4,36,#5C585B
307,4,36,#5C585B
308,4,36,#5C585B
309,4,36,#5C585B
310,4,36,#5C585B
311,4,36,#5C585B
312,4,36,#5C585B
313,4,36,#5C585B
314,4,36,#5C585B
315,4,36,#5C585B
316,4,36,#5C585B
317,4,36,#5C585B
318,4,36,#5C585B
319,4,36,#5C585B
320,4,36,#5C585B
321,4,36,#5C585B
322,4,36,#5C585A
323,4,36,#5C585A
324,4,36,#5C585A
325,4,36,#5C585A
326,4,36,#5C585A
327,4,36,#5C585A
328,4,36,#5C585A
329,4,36,#5C585A
330,4,36,#5C585A
331,4,36,#5C585A
332,4,36,#5C585A
333,4,36,#5C585A
334,4,36,#5C585A
335,4,36,#5C585A
336,4,36,#5C585A
337,4,36,#5C585A
338,4,36,#5C5859
339,4,36,#5C5859
340,4,36,#5C5859
341,4,36,#5C5859
342,4,36,#5C5859
343,4,36,#5C5859
344,4,36,#5C5859
345,4,36,#5C5859
346,4,36,#5C5859
347,4,36,#5C5859
348,4,36,#5C5859
349,4,36,#5C5859
350,4,36,#5C5859
351,4,36,#5C5859
352,4,36,#5C5859
353,4,36,#5C5859
354,4,36,#5C5858
355,4,36,#5C5858
356,4,36,#5C5858
357,4,36,#5C5858
358,4,36,#5C5858
359,4,36,#5C5858
0,3,36,#5C5959
1,3,36,#5C5959
2,3,36,#5C5959
3,3,36,#5C5959
4,3,36,#5C5959
5,3,36,#5C5959
6,3,36,#5C5959
7,3,36,#5C5959
8,3,36,#5C5959
9,3,36,#5C5959
10,3,36,#5C5A59
11,3,36,#5C5A59
12,3,36,#5C5A59
13,3,36,#5C5A59
14,3,36,#5C5A59
15,3,36,#5C5A59
16,3,36,#5C5A59
17,3,36,#5C5A59
18,3,36,#5C5A59
19,3,36,#5C5A59
20,3,36,#5C5A59
21,3,36,#5C5A59
22,3,36,#5C5A59
23,3,36,#5C5A59
24,3,36,#5C5A59
25,3,36,#5C5A59
26,3,36,#5C5A59
27,3,36,#5C5A59
28,3,36,#5C5A59
29,3,36,#5C5A59
30,3,36,#5C5A59
31,3,36,#5C5A59
32,3,36,#5C5B59
33,3,36,#5C5B59
34,3,36,#5C5B59
35,3,36,#5C5B59
36,3,36,#5C5B59
37,3,36,#5C5B59
38,3,36,#5C5B59
39,3,36,#5C5B59
40,3,36,#5C5B59
41,3,36,#5C5B59
42,3,36,#5C5B59
43,3,36,#5C5B59
44,3,36,#5C5B59
45,3,36,#5C5B59
46,3,36,#5C5B59
47,3,36,#5C5B59
48,3,36,#5C5B59
49,3,36,#5C5B59
50,3,36,#5C5B59
51,3,36,#5C5B59
52,3,36,#5C5B59
53,3,36,#5C5B59
54,3,36,#5C5C59
55,3,36,#5C5C59
56,3,36,#5C5C59
57,3,36,#5C5C59
58,3,36,#5C5C59
59,3,36,#5C5C59
60,3,36,#5C5C59
61,3,36,#5C5C59
62,3,36,#5C5C59
63,3,36,#5C5C59
64,3,36,#5C5C59
65,3,36,#5C5C59
66,3,36,#5C5C59
67,3,36,#5B5C59
68,3,36,#5B5C59
69,3,36,#5B5C59
70,3,36,#5B5C59
71,3,36,#5B5C59
72,3,36,#5B5C59
73,3,36,#5B5C59
74,3,36,#5B5C59
75,3,36,#5B5C59
76,3,36,#5B5C59
77,3,36,#5B5C59
78,3,36,#5B5C59
79,3,36,#5B5C59
80,3,36,#5B5C59
81,3,36,#5B5C59
82,3,36,#5B5C59
83,3,36,#5B5C59
84,3,36,#5B5C59
85,3,36,#5B5C59
86,3,36,#5B5C59
87,3,36,#5B5C59
88,3,36,#5B5C59
89,3,36,#5A5C59
90,3,36,#5A5C59
91,3,36,#5A5C59
92,3,36,#5A5C59
93,3,36,#5A5C59
94,3,36,#5A5C59
95,3,36,#5A5C59
96,3,36,#5A5C59
97,3,36,#5A5C59
98,3,36,#5A5C59
99,3,36,#5A5C59
100,3,36,#5A5C59
101,3,36,#5A5C59
102,3,36,#5A5C59
103,3,36,#5A5C59
104,3,36,#5A5C59
105,3,36,#5A5C59
106,3,36,#5A5C59
107,3,36,#5A5C59
108,3,36,#5A5C59
109,3,36,#5A5C59
110,3,36,#5A5C59
111,3,36,#595C59
112,3,36,#595C59
113,3,36,#595C59
114,3,36,#595C59
115,3,36,#595C59
116,3,36,#595C59
117,3,36,#595C59
118,3,36,#595C59
119,3,36,#595C59
120,3,36,#595C59
121,3,36,#595C59
122,3,36,#595C59
123,3,36,#595C59
124,3,36,#595C59
125,3,36,#595C59
126,3,36,#595C59
127,3,36,#595C59
128,3,36,#595C59
129,3,36,#595C59
130,3,36,#595C5A
131,3,36,#595C5A
132,3,36,#595C5A
133,3,36,#595C5A
134,3,36,#595C5A
135,3,36,#595C5A
136,3,36,#595C5A
137,3,36,#595C5A
138,3,36,#595C5A
139,3,36,#595C5A
140,3,36,#595C5A
141,3,36,#595C5A
142,3,36,#595C5A
143,3,36,#595C5A
144,3,36,#595C5A
145,3,36,#595C5A
146,3,36,#595C5A
147,3,36,#595C5A
148,3,36,#595C5A
149,3,36,#595C5A
150,3,36,#595C5A
151,3,36,#595C5A
152,3,36,#595C5B
153,3,36,#595C5B
154,3,36,#595C5B
155,3,36,#595C5B
156,3,36,#595C5B
157,3,36,#595C5B
158,3,36,#595C5B
159,3,36,#595C5B
160,3,36,#595C5B
161,3,36,#595C5B
162,3,36,#595C5B
163,3,36,#595C5B
164,3,36,#595C5B
165,3,36,#595C5B
166,3,36,#595C5B
167,3,36,#595C5B
168,3,36,#595C5B
169,3,36,#595C5B
170,3,36,#595C5B
171,3,36,#595C5B
172,3,36,#595C5B
173,3,36,#595C5B
174,3,36,#595C5C
175,3,36,#595C5C
176,3,36,#595C5C
177,3,36,#595C5C
178,3,36,#595C5C
179,3,36,#595C5C
180,3,36,#595C5C
181,3,36,#595C5C
182,3,36,#595C5C
183,3,36,#595C5C
184,3,36,#595C5C
185,3,36,#595C5C
186,3,36,#595C5C
187,3,36,#595B5C
188,3,36,#595B5C
189,3,36,#595B5C
190,3,36,#595B5C
191,3,36,#595B5C
192,3,36,#595B5C
193,3,36,#595B5C
194,3,36,#595B5C
195,3,36,#595B5C
196,3,36,#595B5C
197,3,36,#595B5C
198,3,36,#595B5C
199,3,36,#595B5C
200,3,36,#595B5C
201,3,36,#595B5C
202,3,36,#595B5C
203,3,36,#595B5C
204,3,36,#595B5C
205,3,36,#595B5C
206,3,36,#595B5C
207,3,36,#595B5C
208,3,36,#595B5C
209,3,36,#595A5C
210,3,36,#595A5C
211,3,36,#595A5C
212,3,36,#595A5C
213,3,36,#595A5C
214,3,36,#595A5C
215,3,36,#595A5C
216,3,36,#595A5C
217,3,36,#595A5C
218,3,36,#595A5C
219,3,36,#595A5C
220,3,36,#595A5C
221,3,36,#595A5C
222,3,36,#595A5C
223,3,36,#595A5C
224,3,36,#595A5C
225,3,36,#595A5C
226,3,36,#595A5C
227,3,36,#595A5C
228,3,36,#595A5C
229,3,36,#595A5C
230,3,36,#595A5C
231,3,36,#59595C
232,3,36,#59595C
233,3,36,#59595C
234,3,36,#59595C
235,3,36,#59595C
236,3,36,#59595C
237,3,36,#59595C
238,3,36,#59595C
239,3,36,#59595C
240,3,36,#59595C
241,3,36,#59595C
242,3,36,#59595C
243,3,36,#59595C
244,3,36,#59595C
245,3,36,#59595C
246,3,36,#59595C
247,3,36,#59595C
248,3,36,#59595C
249,3,36,#59595C
250,3,36,#5A595C
251,3,36,#5A595C
252,3,36,#5A595C
253,3,36,#5A595C
254,3,36,#5A595C
255,3,36,#5A595C
256,3,36,#5A595C
257,3,36,#5A595C
258,3,36,#5A595C
259,3,36,#5A595C
260,3,36,#5A595C
261,3,36,#5A595C
262,3,36,#5A595C
263,3,36,#5A595C
264,3,36,#5A595C
265,3,36,#5A595C
266,3,36,#5A595C
267,3,36,#5A595C
268,3,36,#5A595C
269,3,36,#5A595C
270,3,36,#5A595C
271,3,36,#5A595C
272,3,36,#5B595C
273,3,36,#5B595C
274,3,36,#5B595C
275,3,36,#5B595C
276,3,36,#5B595C
277,3,36,#5B595C
278,3,36,#5B595C
279,3,36,#5B595C
280,3,36,#5B595C
281,3,36,#5B595C
282,3,36,#5B595C
283,3,36,#5B595C
284,3,36,#5B595C
285,3,36,#5B595C
286,3,36,#5B595C
287,3,36,#5B595C
288,3,36,#5B595C
289,3,36,#5B595C
290,3,36,#5B595C
291,3,36,#5B595C
292,3,36,#5B595C
293,3,36,#5B595C
294,3,36,#5C595C
295,3,36,#5C595C
296,3,36,#5C595C
297,3,36,#5C595C
298,3,36,#5C595C
299,3,36,#5C595C
300,3,36,#5C595C
301,3,36,#5C595C
302,3,36,#5C595C
303,3,36,#5C595C
304,3,36,#5C595C
305,3,36,#5C595C
306,3,36,#5C595C
307,3,36,#5C595B
308,3,36,#5C595B
309,3,36,#5C595B
310,3,36,#5C595B
311,3,36,#5C595B
312,3,36,#5C595B
313,3,36,#5C595B
314,3,36,#5C595B
315,3,36,#5C595B
316,3,36,#5C595B
317,3,36,#5C595B
318,3,36,#5C595B
319,3,36,#5C595B
320,3,36,#5C595B
321,3,36,#5C595B
322,3,36,#5C595B
323,3,36,#5C595B
324,3,36,#5C595B
325,3,36,#5C595B
326,3,36,#5C595B
327,3,36,#5C595B
328,3,36,#5C595B
329,3,36,#5C595A
330,3,36,#5C595A
331,3,36,#5C595A
332,3,36,#5C595A
333,3,36,#5C595A
334,3,36,#5C595A
335,3,36,#5C595A
336,3,36,#5C595A
337,3,36,#5C595A
338,3,36,#5C595A
339,3,36,#5C595A
340,3,36,#5C595A
341,3,36,#5C595A
342,3,36,#5C595A
343,3,36,#5C595A
344,3,36,#5C595A
345,3,36,#5C595A
346,3,36,#5C595A
347,3,36,#5C595A
348,3,36,#5C595A
349,3,36,#5C595A
350,3,36,#5C595A
351,3,36,#5C5959
352,3,36,#5C5959
353,3,36,#5C5959
354,3,36,#5C5959
355,3,36,#5C5959
356,3,36,#5C5959
357,3,36,#5C5959
358,3,36,#5C5959
359,3,36,#5C5959
0,2,36,#5C5A5A
1,2,36,#5C5A5A
2,2,36,#5C5A5A
3,2,36,#5C5A5A
4,2,36,#5C5A5A
5,2,36,#5C5A5A
6,2,36,#5C5A5A
7,2,36,#5C5A5A
8,2,36,#5C5A5A
9,2,36,#5C5A5A
10,2,36,#5C5A5A
11,2,36,#5C5A5A
12,2,36,#5C5A5A
13,2,36,#5C5A5A
14,2,36,#5C5A5A
15,2,36,#5C5A5A
16,2,36,#5C5A5A
17,2,36,#5C5A5A
18,2,36,#5C5B5A
19,2,36,#5C5B5A
20,2,36,#5C5B5A
21,2,36,#5C5B5A
22,2,36,#5C5B5A
23,2,36,#5C5B5A
24,2,36,#5C5B5A
25,2,36,#5C5B5A
26,2,36,#5C5B5A
27,2,36,#5C5B5A
28,2,36,#5C5B5A
29,2,36,#5C5B5A
30,2,36,#5C5B5A
31,2,36,#5C5B5A
32,2,36,#5C5B5A
33,2,36,#5C5B5A
34,2,36,#5C5B5A
35,2,36,#5C5B5A
36,2,36,#5C5B5A
37,2,36,#5C5B5A
38,2,36,#5C5B5A
39,2,36,#5C5B5A
40,2,36,#5C5B5A
41,2,36,#5C5B5A
42,2,36,#5C5B5A
43,2,36,#5C5B5A
44,2,36,#5C5B5A
45,2,36,#5C5B5A
46,2,36,#5C5B5A
47,2,36,#5C5B5A
48,2,36,#5C5B5A
49,2,36,#5C5B5A
50,2,36,#5C5B5A
51,2,36,#5C5C5A
52,2,36,#5C5C5A
53,2,36,#5C5C5A
54,2,36,#5C5C5A
55,2,36,#5C5C5A
56,2,36,#5C5C5A
57,2,36,#5C5C5A
58,2,36,#5C5C5A
59,2,36,#5C5C5A
60,2,36,#5C5C5A
61,2,36,#5C5C5A
62,2,36,#5C5C5A
63,2,36,#5C5C5A
64,2,36,#5C5C5A
65,2,36,#5C5C5A
66,2,36,#5C5C5A
67,2,36,#5C5C5A
68,2,36,#5C5C5A
69,2,36,#5C5C5A
70,2,36,#5B5C5A
71,2,36,#5B5C5A
72,2,36,#5B5C5A
73,2,36,#5B5C5A
74,2,36,#5B5C5A
75,2,36,#5B5C5A
76,2,36,#5B5C5A
77,2,36,#5B5C5A
78,2,36,#5B5C5A
79,2,36,#5B5C5A
80,2,36,#5B5C5A
81,2,36,#5B5C5A
82,2,36,#5B5C5A
83,2,36,#5B5C5A
84,2,36,#5B5C5A
85,2,36,#5B5C5A
86,2,36,#5B5C5A
87,2,36,#5B5C5A
88,2,36,#5B5C5A
89,2,36,#5B5C5A
90,2,36,#5B5C5A
91,2,36,#5B5C5A
92,2,36,#5B5C5A
93,2,36,#5B5C5A
94,2,36,#5B5C5A
95,2,36,#5B5C5A
96,2,36,#5B5C5A
97,2,36,#5B5C5A
98,2,36,#5B5C5A
99,2,36,#5B5C5A
100,2,36,#5B5C5A
101,2,36,#5B5C5A
102,2,36,#5B5C5A
103,2,36,#5A5C5A
104,2,36,#5A5C5A
105,2,36,#5A5C5A
106,2,36,#5A5C5A
107,2,36,#5A5C5A
108,2,36,#5A5C5A
109,2,36,#5A5C5A
110,2,36,#5A5C5A
111,2,36,#5A5C5A
112,2,36,#5A5C5A
113,2,36,#5A5C5A
114,2,36,#5A5C5A
115,2,36,#5A5C5A
116,2,36,#5A5C5A
117,2,36,#5A5C5A
118,2,36,#5A5C5A
119,2,36,#5A5C5A
120,2,36,#5A5C5A
121,2,36,#5A5C5A
122,2,36,#5A5C5A
123,2,36,#5A5C5A
124,2,36,#5A5C5A
125,2,36,#5A5C5A
126,2,36,#5A5C5A
127,2,36,#5A5C5A
128,2,36,#5A5C5A
129,2,36,#5A5C5A
130,2,36,#5A5C5A
131,2,36,#5A5C5A
132,2,36,#5A5C5A
133,2,36,#5A5C5A
134,2,36,#5A5C5A
135,2,36,#5A5C5A
136,2,36,#5A5C5A
137,2,36,#5A5C5A
138,2,36,#5A5C5B
139,2,36,#5A5C5B
140,2,36,#5A5C5B
141,2,36,#5A5C5B
142,2,36,#5A5C5B
143,2,36,#5A5C5B
144,2,36,#5A5C5B
145,2,36,#5A5C5B
146,2,36,#5A5C5B
147,2,36,#5A5C5B
148,2,36,#5A5C5B
149,2,36,#5A5C5B
150,2,36,#5A5C5B
151,2,36,#5A5C5B
152,2,36,#5A5C5B
153,2,36,#5A5C5B
154,2,36,#5A5C5B
155,2,36,#5A5C5B
156,2,36,#5A5C5B
157,2,36,#5A5C5B
158,2,36,#5A5C5B
159,2,36,#5A5C5B
160,2,36,#5A5C5B
161,2,36,#5A5C5B
162,2,36,#5A5C5B
163,2,36,#5A5C5B
164,2,36,#5A5C5B
165,2,36,#5A5C5B
166,2,36,#5A5C5B
167,2,36,#5A5C5B
168,2,36,#5A5C5B
169,2,36,#5A5C5B
170,2,36,#5A5C5B
171,2,36,#5A5C5C
172,2,36,#5A5C5C
173,2,36,#5A5C5C
174,2,36,#5A5C5C
175,2,36,#5A5C5C
176,2,36,#5A5C5C
177,2,36,#5A5C5C
178,2,36,#5A5C5C
179,2,36,#5A5C5C
180,2,36,#5A5C5C
181,2,36,#5A5C5C
182,2,36,#5A5C5C
183,2,36,#5A5C5C
184,2,36,#5A5C5C
185,2,36,#5A5C5C
186,2,36,#5A5C5C
187,2,36,#5A5C5C
188,2,36,#5A5C5C
189,2,36,#5A5C5C
190,2,36,#5A5B5C
191,2,36,#5A5B5C
192,2,36,#5A5B5C
193,2,36,#5A5B5C
194,2,36,#5A5B5C
195,2,36,#5A5B5C
196,2,36,#5A5B5C
197,2,36,#5A5B5C
198,2,36,#5A5B5C
199,2,36,#5A5B5C
200,2,36,#5A5B5C
201,2,36,#5A5B5C
202,2,36,#5A5B5C
203,2,36,#5A5B5C
204,2,36,#5A5B5C
205,2,36,#5A5B5C
206,2,36,#5A5B5C
207,2,36,#5A5B5C
208,2,36,#5A5B5C
209,2,36,#5A5B5C
210,2,36,#5A5B5C
211,2,36,#5A5B5C
212,2,36,#5A5B5C
213,2,36,#5A5B5C
214,2,36,#5A5B5C
215,2,36,#5A5B5C
216,2,36,#5A5B5C
217,2,36,#5A5B5C
218,2,36,#5A5B5C
219,2,36,#5A5B5C
220,2,36,#5A5B5C
221,2,36,#5A5B5C
222,2,36,#5A5B5C
223,2,36,#5A5A5C
224,2,36,#5A5A5C
225,2,36,#5A5A5C
226,2,36,#5A5A5C
227,2,36,#5A5A5C
228,2,36,#5A5A5C
229,2,36,#5A5A5C
230,2,36,#5A5A5C
231,2,36,#5A5A5C
232,2,36,#5A5A5C
233,2,36,#5A5A5C
234,2,36,#5A5A5C
235,2,36,#5A5A5C
236,2,36,#5A5A5C
237,2,36,#5A5A5C
238,2,36,#5A5A5C
239,2,36,#5A5A5C
240,2,36,#5A5A5C
241,2,36,#5A5A5C
242,2,36,#5A5A5C
243,2,36,#5A5A5C
244,2,36,#5A5A5C
245,2,36,#5A5A5C
246,2,36,#5A5A5C
247,2,36,#5A5A5C
248,2,36,#5A5A5C
249,2,36,#5A5A5C
250,2,36,#5A5A5C
251,2,36,#5A5A5C
252,2,36,#5A5A5C
253,2,36,#5A5A5C
254,2,36,#5A5A5C
255,2,36,#5A5A5C
256,2,36,#5A5A5C
257,2,36,#5A5A5C
258,2,36,#5B5A5C
259,2,36,#5B5A5C
260,2,36,#5B5A5C
261,2,36,#5B5A5C
262,2,36,#5B5A5C
263,2,36,#5B5A5C
264,2,36,#5B5A5C
265,2,36,#5B5A5C
266,2,36,#5B5A5C
267,2,36,#5B5A5C
268,2,36,#5B5A5C
269,2,36,#5B5A5C
270,2,36,#5B5A5C
271,2,36,#5B5A5C
272,2,36,#5B5A5C
273,2,36,#5B5A5C
274,2,36,#5B5A5C
275,2,36,#5B5A5C
276,2,36,#5B5A5C
277,2,36,#5B5A5C
278,2,36,#5B5A5C
279,2,36,#5B5A5C
280,2,36,#5B5A5C
281,2,36,#5B5A5C
282,2,36,#5B5A5C
283,2,36,#5B5A5C
284,2,36,#5B5A5C
285,2,36,#5B5A5C
286,2,36,#5B5A5C
287,2,36,#5B5A5C
288,2,36,#5B5A5C
289,2,36,#5B5A5C
290,2,36,#5B5A5C
291,2,36,#5C5A5C
292,2,36,#5C5A5C
293,2,36,#5C5A5C
294,2,36,#5C5A5C
295,2,36,#5C5A5C
296,2,36,#5C5A5C
297,2,36,#5C5A5C
298,2,36,#5C5A5C
299,2,36,#5C5A5C
300,2,36,#5C5A5C
301,2,36,#5C5A5C
302,2,36,#5C5A5C
303,2,36,#5C5A5C
304,2,36,#5C5A5C
305,2,36,#5C5A5C
306,2,36,#5C5A5C
307,2,36,#5C5A5C
308,2,36,#5C5A5C
309,2,36,#5C5A5C
310,2,36,#5C5A5B
311,2,36,#5C5A5B
312,2,36,#5C5A5B
313,2,36,#5C5A5B
314,2,36,#5C5A5B
315,2,36,#5C5A5B
316,2,36,#5C5A5B
317,2,36,#5C5A5B
318,2,36,#5C5A5B
319,2,36,#5C5A5B
320,2,36,#5C5A5B
321,2,36,#5C5A5B
322,2,36,#5C5A5B
323,2,36,#5C5A5B
324,2,36,#5C5A5B
325,2,36,#5C5A5B
326,2,36,#5C5A5B
327,2,36,#5C5A5B
328,2,36,#5C5A5B
329,2,36,#5C5A5B
330,2,36,#5C5A5B
331,2,36,#5C5A5B
332,2,36,#5C5A5B
333,2,36,#5C5A5B
334,2,36,#5C5A5B
335,2,36,#5C5A5B
336,2,36,#5C5A5B
337,2,36,#5C5A5B
338,2,36,#5C5A5B
339,2,36,#5C5A5B
340,2,36,#5C5A5B
341,2,36,#5C5A5B
342,2,36,#5C5A5B
343,2,36,#5C5A5A
344,2,36,#5C5A5A
345,2,36,#5C5A5A
346,2,36,#5C5A5A
347,2,36,#5C5A5A
348,2,36,#5C5A5A
349,2,36,#5C5A5A
350,2,36,#5C5A5A
351,2,36,#5C5A5A
352,2,36,#5C5A5A
353,2,36,#5C5A5A
354,2,36,#5C5A5A
355,2,36,#5C5A5A
356,2,36,#5C5A5A
357,2,36,#5C5A5A
358,2,36,#5C5A5A
359,2,36,#5C5A5A
0,1,36,#5C5B5B
1,1,36,#5C5B5B
2,1,36,#5C5B5B
3,1,36,#5C5B5B
4,1,36,#5C5B5B
5,1,36,#5C5B5B
6,1,36,#5C5B5B
7,1,36,#5C5B5B
8,1,36,#5C5B5B
9,1,36,#5C5B5B
10,1,36,#5C5B5B
11,1,36,#5C5B5B
12,1,36,#5C5B5B
13,1,36,#5C5B5B
14,1,36,#5C5B5B
15,1,36,#5C5B5B
16,1,36,#5C5B5B
17,1,36,#5C5B5B
18,1,36,#5C5B5B
19,1,36,#5C5B5B
20,1,36,#5C5B5B
21,1,36,#5C5B5B
22,1,36,#5C5B5B
23,1,36,#5C5B5B
24,1,36,#5C5B5B
25,1,36,#5C5B5B
26,1,36,#5C5B5B
27,1,36,#5C5B5B
28,1,36,#5C5B5B
29,1,36,#5C5B5B
30,1,36,#5C5B5B
31,1,36,#5C5B5B
32,1,36,#5C5B5B
33,1,36,#5C5B5B
34,1,36,#5C5B5B
35,1,36,#5C5B5B
36,1,36,#5C5B5B
37,1,36,#5C5B5B
38,1,36,#5C5B5B
39,1,36,#5C5B5B
40,1,36,#5C5B5B
41,1,36,#5C5C5B
42,1,36,#5C5C5B
43,1,36,#5C5C5B
44,1,36,#5C5C5B
45,1,36,#5C5C5B
46,1,36,#5C5C5B
47,1,36,#5C5C5B
48,1,36,#5C5C5B
49,1,36,#5C5C5B
50,1,36,#5C5C5B
51,1,36,#5C5C5B
52,1,36,#5C5C5B
53,1,36,#5C5C5B
54,1,36,#5C5C5B
55,1,36,#5C5C5B
56,1,36,#5C5C5B
57,1,36,#5C5C5B
58,1,36,#5C5C5B
59,1,36,#5C5C5B
60,1,36,#5C5C5B
61,1,36,#5C5C5B
62,1,36,#5C5C5B
63,1,36,#5C5C5B
64,1,36,#5C5C5B
65,1,36,#5C5C5B
66,1,36,#5C5C5B
67,1,36,#5C5C5B
68,1,36,#5C5C5B
69,1,36,#5C5C5B
70,1,36,#5C5C5B
71,1,36,#5C5C5B
72,1,36,#5C5C5B
73,1,36,#5C5C5B
74,1,36,#5C5C5B
75,1,36,#5C5C5B
76,1,36,#5C5C5B
77,1,36,#5C5C5B
78,1,36,#5C5C5B
79,1,36,#5C5C5B
80,1,36,#5B5C5B
81,1,36,#5B5C5B
82,1,36,#5B5C5B
83,1,36,#5B5C5B
84,1,36,#5B5C5B
85,1,36,#5B5C5B
86,1,36,#5B5C5B
87,1,36,#5B5C5B
88,1,36,#5B5C5B
89,1,36,#5B5C5B
90,1,36,#5B5C5B
91,1,36,#5B5C5B
92,1,36,#5B5C5B
93,1,36,#5B5C5B
94,1,36,#5B5C5B
95,1,36,#5B5C5B
96,1,36,#5B5C5B
97,1,36,#5B5C5B
98,1,36,#5B5C5B
99,1,36,#5B5C5B
100,1,36,#5B5C5B
101,1,36,#5B5C5B
102,1,36,#5B5C5B
103,1,36,#5B5C5B
104,1,36,#5B5C5B
105,1,36,#5B5C5B
106,1,36,#5B5C5B
107,1,36,#5B5C5B
108,1,36,#5B5C5B
109,1,36,#5B5C5B
110,1,36,#5B5C5B
111,1,36,#5B5C5B
112,1,36,#5B5C5B
113,1,36,#5B5C5B
114,1,36,#5B5C5B
115,1,36,#5B5C5B
116,1,36,#5B5C5B
117,1,36,#5B5C5B
118,1,36,#5B5C5B
119,1,36,#5B5C5B
120,1,36,#5B5C5B
121,1,36,#5B5C5B
122,1,36,#5B5C5B
123,1,36,#5B5C5B
124,1,36,#5B5C5B
125,1,36,#5B5C5B
126,1,36,#5B5C5B
127,1,36,#5B5C5B
128,1,36,#5B5C5B
129,1,36,#5B5C5B
130,1,36,#5B5C5B
131,1,36,#5B5C5B
132,1,36,#5B5C5B
133,1,36,#5B5C5B
134,1,36,#5B5C5B
135,1,36,#5B5C5B
136,1,36,#5B5C5B
137,1,36,#5B5C5B
138,1,36,#5B5C5B
139,1,36,#5B5C5B
140,1,36,#5B5C5B
141,1,36,#5B5C5B
142,1,36,#5B5C5B
143,1,36,#5B5C5B
144,1,36,#5B5C5B
145,1,36,#5B5C5B
146,1,36,#5B5C5B
147,1,36,#5B5C5B
148,1,36,#5B5C5B
149,1,36,#5B5C5B
150,1,36,#5B5C5B
151,1,36,#5B5C5B
152,1,36,#5B5C5B
153,1,36,#5B5C5B
154,1,36,#5B5C5B
155,1,36,#5B5C5B
156,1,36,#5B5C5B
157,1,36,#5B5C5B
158,1,36,#5B5C5B
159,1,36,#5B5C5B
160,1,36,#5B5C5B
161,1,36,#5B5C5C
162,1,36,#5B5C5C
163,1,36,#5B5C5C
164,1,36,#5B5C5C
165,1,36,#5B5C5C
166,1,36,#5B5C5C
167,1,36,#5B5C5C
168,1,36,#5B5C5C
169,1,36,#5B5C5C
170,1,36,#5B5C5C
171,1,36,#5B5C5C
172,1,36,#5B5C5C
173,1,36,#5B5C5C
174,1,36,#5B5C5C
175,1,36,#5B5C5C
176,1,36,#5B5C5C
177,1,36,#5B5C5C
178,1,36,#5B5C5C
179,1,36,#5B5C5C
180,1,36,#5B5C5C
181,1,36,#5B5C5C
182,1,36,#5B5C5C
183,1,36,#5B5C5C
184,1,36,#5B5C5C
185,1,36,#5B5C5C
186,1,36,#5B5C5C
187,1,36,#5B5C5C
188,1,36,#5B5C5C
189,1,36,#5B5C5C
190,1,36,#5B5C5C
191,1,36,#5B5C5C
192,1,36,#5B5C5C
193,1,36,#5B5C5C
194,1,36,#5B5C5C
195,1,36,#5B5C5C
196,1,36,#5B5C5C
197,1,36,#5B5C5C
198,1,36,#5B5C5C
199,1,36,#5B5C5C
200,1,36,#5B5B5C
201,1,36,#5B5B5C
202,1,36,#5B5B5C
203,1,36,#5B5B5C
204,1,36,#5B5B5C
205,1,36,#5B5B5C
206,1,36,#5B5B5C
207,1,36,#5B5B5C
208,1,36,#5B5B5C
209,1,36,#5B5B5C
210,1,36,#5B5B5C
211,1,36,#5B5B5C
212,1,36,#5B5B5C
213,1,36,#5B5B5C
214,1,36,#5B5B5C
215,1,36,#5B5B5C
216,1,36,#5B5B5C
217,1,36,#5B5B5C
218,1,36,#5B5B5C
219,1,36,#5B5B5C
220,1,36,#5B5B5C
221,1,36,#5B5B5C
222,1,36,#5B5B5C
223,1,36,#5B5B5C
224,1,36,#5B5B5C
225,1,36,#5B5B5C
226,1,36,#5B5B5C
227,1,36,#5B5B5C
228,1,36,#5B5B5C
229,1,36,#5B5B5C
230,1,36,#5B5B5C
231,1,36,#5B5B5C
232,1,36,#5B5B5C
233,1,36,#5B5B5C
234,1,36,#5B5B5C
235,1,36,#5B5B5C
236,1,36,#5B5B5C
237,1,36,#5B5B5C
238,1,36,#5B5B5C
239,1,36,#5B5B5C
240,1,36,#5B5B5C
241,1,36,#5B5B5C
242,1,36,#5B5B5C
243,1,36,#5B5B5C
244,1,36,#5B5B5C
245,1,36,#5B5B5C
246,1,36,#5B5B5C
247,1,36,#5B5B5C
248,1,36,#5B5B5C
249,1,36,#5B5B5C
250,1,36,#5B5B5C
251,1,36,#5B5B5C
252,1,36,#5B5B5C
253,1,36,#5B5B5C
254,1,36,#5B5B5C
255,1,36,#5B5B5C
256,1,36,#5B5B5C
257,1,36,#5B5B5C
258,1,36,#5B5B5C
259,1,36,#5B5B5C
260,1,36,#5B5B5C
261,1,36,#5B5B5C
262,1,36,#5B5B5C
263,1,36,#5B5B5C
264,1,36,#5B5B5C
265,1,36,#5B5B5C
266,1,36,#5B5B5C
267,1,36,#5B5B5C
268,1,36,#5B5B5C
269,1,36,#5B5B5C
270,1,36,#5B5B5C
271,1,36,#5B5B5C
272,1,36,#5B5B5C
273,1,36,#5B5B5C
274,1,36,#5B5B5C
275,1,36,#5B5B5C
276,1,36,#5B5B5C
277,1,36,#5B5B5C
278,1,36,#5B5B5C
279,1,36,#5B5B5C
280,1,36,#5B5B5C
281,1,36,#5C5B5C
282,1,36,#5C5B5C
283,1,36,#5C5B5C
284,1,36,#5C5B5C
285,1,36,#5C5B5C
286,1,36,#5C5B5C
287,1,36,#5C5B5C
288,1,36,#5C5B5C
289,1,36,#5C5B5C
290,1,36,#5C5B5C
291,1,36,#5C5B5C
292,1,36,#5C5B5C
293,1,36,#5C5B5C
294,1,36,#5C5B5C
295,1,36,#5C5B5C
296,1,36,#5C5B5C
297,1,36,#5C5B5C
298,1,36,#5C5B5C
299,1,36,#5C5B5C
300,1,36,#5C5B5C
301,1,36,#5C5B5C
302,1,36,#5C5B5C
303,1,36,#5C5B5C
304,1,36,#5C5B5C
305,1,36,#5C5B5C
306,1,36,#5C5B5C
307,1,36,#5C5B5C
308,1,36,#5C5B5C
309,1,36,#5C5B5C
310,1,36,#5C5B5C
311,1,36,#5C5B5C
312,1,36,#5C5B5C
313,1,36,#5C5B5C
314,1,36,#5C5B5C
315,1,36,#5C5B5C
316,1,36,#5C5B5C
317,1,36,#5C5B5C
318,1,36,#5C5B5C
319,1,36,#5C5B5C
320,1,36,#5C5B5B
321,1,36,#5C5B5B
322,1,36,#5C5B5B
323,1,36,#5C5B5B
324,1,36,#5C5B5B
325,1,36,#5C5B5B
326,1,36,#5C5B5B
327,1,36,#5C5B5B
328,1,36,#5C5B5B
329,1,36,#5C5B5B
330,1,36,#5C5B5B
331,1,36,#5C5B5B
332,1,36,#5C5B5B
333,1,36,#5C5B5B
334,1,36,#5C5B5B
335,1,36,#5C5B5B
336,1,36,#5C5B5B
337,1,36,#5C5B5B
338,1,36,#5C5B5B
339,1,36,#5C5B5B
340,1,36,#5C5B5B
341,1,36,#5C5B5B
342,1,36,#5C5B5B
343,1,36,#5C5B5B
344,1,36,#5C5B5B
345,1,36,#5C5B5B
346,1,36,#5C5B5B
347,1,36,#5C5B5B
348,1,36,#5C5B5B
349,1,36,#5C5B5B
350,1,36,#5C5B5B
351,1,36,#5C5B5B
352,1,36,#5C5B5B
353,1,36,#5C5B5B
354,1,36,#5C5B5B
355,1,36,#5C5B5B
356,1,36,#5C5B5B
357,1,36,#5C5B5B
358,1,36,#5C5B5B
359,1,36,#5C5B5B
0,0,36,#5C5C5C
1,0,36,#5C5C5C
2,0,36,#5C5C5C
3,0,36,#5C5C5C
4,0,36,#5C5C5C
5,0,36,#5C5C5C
6,0,36,#5C5C5C
7,0,36,#5C5C5C
8,0,36,#5C5C5C
9,0,36,#5C5C5C
10,0,36,#5C5C5C
11,0,36,#5C5C5C
12,0,36,#5C5C5C
13,0,36,#5C5C5C
14,0,36,#5C5C5C
15,0,36,#5C5C5C
16,0,36,#5C5C5C
17,0,36,#5C5C5C
18,0,36,#5C5C5C
19,0,36,#5C5C5C
20,0,36,#5C5C5C
21,0,36,#5C5C5C
22,0,36,#5C5C5C
23,0,36,#5C5C5C
24,0,36,#5C5C5C
25,0,36,#5C5C5C
26,0,36,#5C5C5C
27,0,36,#5C5C5C
28,0,36,#5C5C5C
29,0,36,#5C5C5C
30,0,36,#5C5C5C
31,0,36,#5C5C5C
32,0,36,#5C5C5C
33,0,36,#5C5C5C
34,0,36,#5C5C5C
35,0,36,#5C5C5C
36,0,36,#5C5C5C
37,0,36,#5C5C5C
38,0,36,#5C5C5C
39,0,36,#5C5C5C
40,0,36,#5C5C5C
41,0,36,#5C5C5C
42,0,36,#5C5C5C
43,0,36,#5C5C5C
44,0,36,#5C5C5C
45,0,36,#5C5C5C
46,0,36,#5C5C5C
47,0,36,#5C5C5C
48,0,36,#5C5C5C
49,0,36,#5C5C5C
50,0,36,#5C5C5C
51,0,36,#5C5C5C
52,0,36,#5C5C5C
53,0,36,#5C5C5C
54,0,36,#5C5C5C
55,0,36,#5C5C5C
56,0,36,#5C5C5C
57,0,36,#5C5C5C
58,0,36,#5C5C5C
59,0,36,#5C5C5C
60,0,36,#5C5C5C
61,0,36,#5C5C5C
62,0,36,#5C5C5C
63,0,36,#5C5C5C
64,0,36,#5C5C5C
65,0,36,#5C5C5C
66,0,36,#5C5C5C
67,0,36,#5C5C5C
68,0,36,#5C5C5C
69,0,36,#5C5C5C
70,0,36,#5C5C5C
71,0,36,#5C5C5C
72,0,36,#5C5C5C
73,0,36,#5C5C5C
74,0,36,#5C5C5C
75,0,36,#5C5C5C
76,0,36,#5C5C5C
77,0,36,#5C5C5C
78,0,36,#5C5C5C
79,0,36,#5C5C5C
80,0,36,#5C5C5C
81,0,36,#5C5C5C
82,0,36,#5C5C5C
83,0,36,#5C5C5C
84,0,36,#5C5C5C
85,0,36,#5C5C5C
86,0,36,#5C5C5C
87,0,36,#5C5C5C
88,0,36,#5C5C5C
89,0,36,#5C5C5C
90,0,36,#5C5C5C
91,0,36,#5C5C5C
92,0,36,#5C5C5C
93,0,36,#5C5C5C
94,0,36,#5C5C5C
95,0,36,#5C5C5C
96,0,36,#5C5C5C
97,0,36,#5C5C5C
98,0,36,#5C5C5C
99,0,36,#5C5C5C
100,0,36,#5C5C5C
101,0,36,#5C5C5C
102,0,36,#5C5C5C
103,0,36,#5C5C5C
104,0,36,#5C5C5C
105,0,36,#5C5C5C
106,0,36,#5C5C5C
107,0,36,#5C5C5C
108,0,36,#5C5C5C
109,0,36,#5C5C5C
110,0,36,#5C5C5C
111,0,36,#5C5C5C
112,0,36,#5C5C5C
113,0,36,#5C5C5C
114,0,36,#5C5C5C
115,0,36,#5C5C5C
116,0,36,#5C5C5C
117,0,36,#5C5C5C
118,0,36,#5C5C5C
119,0,36,#5C5C5C
120,0,36,#5C5C5C
121,0,36,#5C5C5C
122,0,36,#5C5C5C
123,0,36,#5C5C5C
124,0,36,#5C5C5C
125,0,36,#5C5C5C
126,0,36,#5C5C5C
127,0,36,#5C5C5C
128,0,36,#5C5C5C
129,0,36,#5C5C5C
130,0,36,#5C5C5C
131,0,36,#5C5C5C
132,0,36,#5C5C5C
133,0,36,#5C5C5C
134,0,36,#5C5C5C
135,0,36,#5C5C5C
136,0,36,#5C5C5C
137,0,36,#5C5C5C
138,0,36,#5C5C5C
139,0,36,#5C5C5C
140,0,36,#5C5C5C
141,0,36,#5C5C5C
142,0,36,#5C5C5C
143,0,36,#5C5C5C
144,0,36,#5C5C5C
145,0,36,#5C5C5C
146,0,36,#5C5C5C
147,0,36,#5C5C5C
148,0,36,#5C5C5C
149,0,36,#5C5C5C
150,0,36,#5C5C5C
151,0,36,#5C5C5C
152,0,36,#5C5C5C
153,0,36,#5C5C5C
154,0,36,#5C5C5C
155,0,36,#5C5C5C
156,0,36,#5C5C5C
157,0,36,#5C5C5C
158,0,36,#5C5C5C
159,0,36,#5C5C5C
160,0,36,#5C5C5C
161,0,36,#5C5C5C
162,0,36,#5C5C5C
163,0,36,#5C5C5C
164,0,36,#5C5C5C
165,0,36,#5C5C5C
166,0,36,#5C5C5C
167,0,36,#5C5C5C
168,0,36,#5C5C5C
169,0,36,#5C5C5C
170,0,36,#5C5C5C
171,0,36,#5C5C5C
172,0,36,#5C5C5C
173,0,36,#5C5C5C
174,0,36,#5C5C5C
175,0,36,#5C5C5C
176,0,36,#5C5C5C
177,0,36,#5C5C5C
178,0,36,#5C5C5C
179,0,36,#5C5C5C
180,0,36,#5C5C5C
181,0,36,#5C5C5C
182,0,36,#5C5C5C
183,0,36,#5C5C5C
184,0,36,#5C5C5C
185,0,36,#5C5C5C
186,0,36,#5C5C5C
187,0,36,#5C5C5C
188,0,36,#5C5C5C
189,0,36,#5C5C5C
190,0,36,#5C5C5C
191,0,36,#5C5C5C
192,0,36,#5C5C5C
193,0,36,#5C5C5C
194,0,36,#5C5C5C
195,0,36,#5C5C5C
196,0,36,#5C5C5C
197,0,36,#5C5C5C
198,0,36,#5C5C5C
199,0,36,#5C5C5C
200,0,36,#5C5C5C
201,0,36,#5C5C5C
202,0,36,#5C5C5C
203,0,36,#5C5C5C
204,0,36,#5C5C5C
205,0,36,#5C5C5C
206,0,36,#5C5C5C
207,0,36,#5C5C5C
208,0,36,#5C5C5C
209,0,36,#5C5C5C
210,0,36,#5C5C5C
211,0,36,#5C5C5C
212,0,36,#5C5C5C
213,0,36,#5C5C5C
214,0,36,#5C5C5C
215,0,36,#5C5C5C
216,0,36,#5C5C5C
217,0,36,#5C5C5C
218,0,36,#5C5C5C
219,0,36,#5C5C5C
220,0,36,#5C5C5C
221,0,36,#5C5C5C
222,0,36,#5C5C5C
223,0,36,#5C5C5C
224,0,36,#5C5C5C
225,0,36,#5C5C5C
226,0,36,#5C5C5C
227,0,36,#5C5C5C
228,0,36,#5C5C5C
229,0,36,#5C5C5C
230,0,36,#5C5C5C
231,0,36,#5C5C5C
232,0,36,#5C5C5C
233,0,36,#5C5C5C
234,0,36,#5C5C5C
235,0,36,#5C5C5C
236,0,36,#5C5C5C
237,0,36,#5C5C5C
238,0,36,#5C5C5C
239,0,36,#5C5C5C
240,0,36,#5C5C5C
241,0,36,#5C5C5C
242,0,36,#5C5C5C
243,0,36,#5C5C5C
244,0,36,#5C5C5C
245,0,36,#5C5C5C
246,0,36,#5C5C5C
247,0,36,#5C5C5C
248,0,36,#5C5C5C
249,0,36,#5C5C5C
250,0,36,#5C5C5C
251,0,36,#5C5C5C
252,0,36,#5C5C5C
253,0,36,#5C5C5C
254,0,36,#5C5C5C
255,0,36,#5C5C5C
256,0,36,#5C5C5C
257,0,36,#5C5C5C
258,0,36,#5C5C5C
259,0,36,#5C5C5C
260,0,36,#5C5C5C
261,0,36,#5C5C5C
262,0,36,#5C5C5C
263,0,36,#5C5C5C
264,0,36,#5C5C5C
265,0,36,#5C5C5C
266,0,36,#5C5C5C
267,0,36,#5C5C5C
268,0,36,#5C5C5C
269,0,36,#5C5C5C
270,0,36,#5C5C5C
271,0,36,#5C5C5C
272,0,36,#5C5C5C
273,0,36,#5C5C5C
274,0,36,#5C5C5C
275,0,36,#5C5C5C
276,0,36,#5C5C5C
277,0,36,#5C5C5C
278,0,36,#5C5C5C
279,0,36,#5C5C5C
280,0,36,#5C5C5C
281,0,36,#5C5C5C
282,0,36,#5C5C5C
283,0,36,#5C5C5C
284,0,36,#5C5C5C
285,0,36,#5C5C5C
286,0,36,#5C5C5C
287,0,36,#5C5C5C
288,0,36,#5C5C5C
289,0,36,#5C5C5C
290,0,36,#5C5C5C
291,0,36,#5C5C5C
292,0,36,#5C5C5C
293,0,36,#5C5C5C
294,0,36,#5C5C5C
295,0,36,#5C5C5C
296,0,36,#5C5C5C
297,0,36,#5C5C5C
298,0,36,#5C5C5C
299,0,36,#5C5C5C
300,0,36,#5C5C5C
301,0,36,#5C5C5C
302,0,36,#5C5C5C
303,0,36,#5C5C5C
304,0,36,#5C5C5C
305,0,36,#5C5C5C
306,0,36,#5C5C5C
307,0,36,#5C5C5C
308,0,36,#5C5C5C
309,0,36,#5C5C5C
310,0,36,#5C5C5C
311,0,36,#5C5C5C
312,0,36,#5C5C5C
313,0,36,#5C5C5C
314,0,36,#5C5C5C
315,0,36,#5C5C5C
316,0,36,#5C5C5C
317,0,36,#5C5C5C
318,0,36,#5C5C5C
319,0,36,#5C5C5C
320,0,36,#5C5C5C
321,0,36,#5C5C5C
322,0,36,#5C5C5C
323,0,36,#5C5C5C
324,0,36,#5C5C5C
325,0,36,#5C5C5C
326,0,36,#5C5C5C
327,0,36,#5C5C5C
328,0,36,#5C5C5C
329,0,36,#5C5C5C
330,0,36,#5C5C5C
331,0,36,#5C5C5C
332,0,36,#5C5C5C
333,0,36,#5C5C5C
334,0,36,#5C5C5C
335,0,36,#5C5C5C
336,0,36,#5C5C5C
337,0,36,#5C5C5C
338,0,36,#5C5C5C
339,0,36,#5C5C5C
340,0,36,#5C5C5C
341,0,36,#5C5C5C
342,0,36,#5C5C5C
343,0,36,#5C5C5C
344,0,36,#5C5C5C
345,0,36,#5C5C5C
346,0,36,#5C5C5C
347,0,36,#5C5C5C
348,0,36,#5C5C5C
349,0,36,#5C5C5C
350,0,36,#5C5C5C
351,0,36,#5C5C5C
352,0,36,#5C5C5C
353,0,36,#5C5C5C
354,0,36,#5C5C5C
355,0,36,#5C5C5C
356,0,36,#5C5C5C
357,0,36,#5C5C5C
358,0,36,#5C5C5C
359,0,36,#5C5C5C
