Hue,Saturation,Brightness,Hex
0,100,92,#EB0000
1,100,92,#EB0400
2,100,92,#EB0800
3,100,92,#EB0C00
4,100,92,#EB1000
5,100,92,#EB1400
6,100,92,#EB1700
7,100,92,#EB1B00
8,100,92,#EB1F00
9,100,92,#EB2300
10,100,92,#EB2700
11,100,92,#EB2B00
12,100,92,#EB2F00
13,100,92,#EB3300
14,100,92,#EB3700
15,100,92,#EB3B00
16,100,92,#EB3F00
17,100,92,#EB4200
18,100,92,#EB4600
19,100,92,#EB4A00
20,100,92,#EB4E00
21,100,92,#EB5200
22,100,92,#EB5600
23,100,92,#EB5A00
24,100,92,#EB5E00
25,100,92,#EB6200
26,100,92,#EB6600
27,100,92,#EB6A00
28,100,92,#EB6D00
29,100,92,#EB7100
30,100,92,#EB7500
31,100,92,#EB7900
32,100,92,#EB7D00
33,100,92,#EB8100
34,100,92,#EB8500
35,100,92,#EB8900
36,100,92,#EB8D00
37,100,92,#EB9100
38,100,92,#EB9500
39,100,92,#EB9800
40,100,92,#EB9C00
41,100,92,#EBA000
42,100,92,#EBA400
43,100,92,#EBA800
44,100,92,#EBAC00
45,100,92,#EBB000
46,100,92,#EBB400
47,100,92,#EBB800
48,100,92,#EBBC00
49,100,92,#EBC000
50,100,92,#EBC400
51,100,92,#EBC700
52,100,92,#EBCB00
53,100,92,#EBCF00
54,100,92,#EBD300
55,100,92,#EBD700
56,100,92,#EBDB00
57,100,92,#EBDF00
58,100,92,#EBE300
59,100,92,#EBE700
60,100,92,#EBEB00
61,100,92,#E7EB00
62,100,92,#E3EB00
63,100,92,#DFEB00
64,100,92,#DBEB00
65,100,92,#D7EB00
66,100,92,#D3EB00
67,100,92,#CFEB00
68,100,92,#CBEB00
69,100,92,#C7EB00
70,100,92,#C3EB00
71,100,92,#C0EB00
72,100,92,#BCEB00
73,100,92,#B8EB00
74,100,92,#B4EB00
75,100,92,#B0EB00
76,100,92,#ACEB00
77,100,92,#A8EB00
78,100,92,#A4EB00
79,100,92,#A0EB00
80,100,92,#9CEB00
81,100,92,#98EB00
82,100,92,#95EB00
83,100,92,#91EB00
84,100,92,#8DEB00
85,100,92,#89EB00
86,100,92,#85EB00
87,100,92,#81EB00
88,100,92,#7DEB00
89,100,92,#79EB00
90,100,92,#75EB00
91,100,92,#71EB00
92,100,92,#6DEB00
93,100,92,#6AEB00
94,100,92,#66EB00
95,100,92,#62EB00
96,100,92,#5EEB00
97,100,92,#5AEB00
98,100,92,#56EB00
99,100,92,#52EB00
100,100,92,#4EEB00
101,100,92,#4AEB00
102,100,92,#46EB00
103,100,92,#42EB00
104,100,92,#3FEB00
105,100,92,#3BEB00
106,100,92,#37EB00
107,100,92,#33EB00
108,100,92,#2FEB00
109,100,92,#2BEB00
110,100,92,#27EB00
111,100,92,#23EB00
112,100,92,#1FEB00
113,100,92,#1BEB00
114,100,92,#17EB00
115,100,92,#14EB00
116,100,92,#10EB00
117,100,92,#0CEB00
118,100,92,#08EB00
119,100,92,#04EB00
120,100,92,#00EB00
121,100,92,#00EB04
122,100,92,#00EB08
123,100,92,#00EB0C
124,100,92,#00EB10
125,100,92,#00EB14
126,100,92,#00EB17
127,100,92,#00EB1B
128,100,92,#00EB1F
129,100,92,#00EB23
130,100,92,#00EB27
131,100,92,#00EB2B
132,100,92,#00EB2F
133,100,92,#00EB33
134,100,92,#00EB37
135,100,92,#00EB3B
136,100,92,#00EB3F
137,100,92,#00EB42
138,100,92,#00EB46
139,100,92,#00EB4A
140,100,92,#00EB4E
141,100,92,#00EB52
142,100,92,#00EB56
143,100,92,#00EB5A
144,100,92,#00EB5E
145,100,92,#00EB62
146,100,92,#00EB66
147,100,92,#00EB6A
148,100,92,#00EB6D
149,100,92,#00EB71
150,100,92,#00EB75
151,100,92,#00EB79
152,100,92,#00EB7D
153,100,92,#00EB81
154,100,92,#00EB85
155,100,92,#00EB89
156,100,92,#00EB8D
157,100,92,#00EB91
158,100,92,#00EB95
159,100,92,#00EB98
160,100,92,#00EB9C
161,100,92,#00EBA0
162,100,92,#00EBA4
163,100,92,#00EBA8
164,100,92,#00EBAC
165,100,92,#00EBB0
166,100,92,#00EBB4
167,100,92,#00EBB8
168,100,92,#00EBBC
169,100,92,#00EBC0
170,100,92,#00EBC3
171,100,92,#00EBC7
172,100,92,#00EBCB
173,100,92,#00EBCF
174,100,92,#00EBD3
175,100,92,#00EBD7
176,100,92,#00EBDB
177,100,92,#00EBDF
178,100,92,#00EBE3
179,100,92,#00EBE7
180,100,92,#00EBEB
181,100,92,#00E7EB
182,100,92,#00E3EB
183,100,92,#00DFEB
184,100,92,#00DBEB
185,100,92,#00D7EB
186,100,92,#00D3EB
187,100,92,#00CFEB
188,100,92,#00CBEB
189,100,92,#00C7EB
190,100,92,#00C3EB
191,100,92,#00C0EB
192,100,92,#00BCEB
193,100,92,#00B8EB
194,100,92,#00B4EB
195,100,92,#00B0EB
196,100,92,#00ACEB
197,100,92,#00A8EB
198,100,92,#00A4EB
199,100,92,#00A0EB
200,100,92,#009CEB
201,100,92,#0098EB
202,100,92,#0095EB
203,100,92,#0091EB
204,100,92,#008DEB
205,100,92,#0089EB
206,100,92,#0085EB
207,100,92,#0081EB
208,100,92,#007DEB
209,100,92,#0079EB
210,100,92,#0075EB
211,100,92,#0071EB
212,100,92,#006DEB
213,100,92,#006AEB
214,100,92,#0066EB
215,100,92,#0062EB
216,100,92,#005EEB
217,100,92,#005AEB
218,100,92,#0056EB
219,100,92,#0052EB
220,100,92,#004EEB
221,100,92,#004AEB
222,100,92,#0046EB
223,100,92,#0042EB
224,100,92,#003FEB
225,100,92,#003BEB
226,100,92,#0037EB
227,100,92,#0033EB
228,100,92,#002FEB
229,100,92,#002BEB
230,100,92,#0027EB
231,100,92,#0023EB
232,100,92,#001FEB
233,100,92,#001BEB
234,100,92,#0017EB
235,100,92,#0014EB
236,100,92,#0010EB
237,100,92,#000CEB
238,100,92,#0008EB
239,100,92,#0004EB
240,100,92,#0000EB
241,100,92,#0400EB
242,100,92,#0800EB
243,100,92,#0C00EB
244,100,92,#1000EB
245,100,92,#1400EB
246,100,92,#1700EB
247,100,92,#1B00EB
248,100,92,#1F00EB
249,100,92,#2300EB
250,100,92,#2700EB
251,100,92,#2B00EB
252,100,92,#2F00EB
253,100,92,#3300EB
254,100,92,#3700EB
255,100,92,#3B00EB
256,100,92,#3F00EB
257,100,92,#4200EB
258,100,92,#4600EB
259,100,92,#4A00EB
260,100,92,#4E00EB
261,100,92,#5200EB
262,100,92,#5600EB
263,100,92,#5A00EB
264,100,92,#5E00EB
265,100,92,#6200EB
266,100,92,#6600EB
267,100,92,#6A00EB
268,100,92,#6D00EB
269,100,92,#7100EB
270,100,92,#7500EB
271,100,92,#7900EB
272,100,92,#7D00EB
273,100,92,#8100EB
274,100,92,#8500EB
275,100,92,#8900EB
276,100,92,#8D00EB
277,100,92,#9100EB
278,100,92,#9500EB
279,100,92,#9800EB
280,100,92,#9C00EB
281,100,92,#A000EB
282,100,92,#A400EB
283,100,92,#A800EB
284,100,92,#AC00EB
285,100,92,#B000EB
286,100,92,#B400EB
287,100,92,#B800EB
288,100,92,#BC00EB
289,100,92,#C000EB
290,100,92,#C400EB
291,100,92,#C700EB
292,100,92,#CB00EB
293,100,92,#CF00EB
294,100,92,#D300EB
295,100,92,#D700EB
296,100,92,#DB00EB
297,100,92,#DF00EB
298,100,92,#E300EB
299,100,92,#E700EB
300,100,92,#EB00EB
301,100,92,#EB00E7
302,100,92,#EB00E3
303,100,92,#EB00DF
304,100,92,#EB00DB
305,100,92,#EB00D7
306,100,92,#EB00D3
307,100,92,#EB00CF
308,100,92,#EB00CB
309,100,92,#EB00C7
310,100,92,#EB00C3
311,100,92,#EB00C0
312,100,92,#EB00BC
313,100,92,#EB00B8
314,100,92,#EB00B4
315,100,92,#EB00B0
316,100,92,#EB00AC
317,100,92,#EB00A8
318,100,92,#EB00A4
319,100,92,#EB00A0
320,100,92,#EB009C
321,100,92,#EB0098
322,100,92,#EB0095
323,100,92,#EB0091
324,100,92,#EB008D
325,100,92,#EB0089
326,100,92,#EB0085
327,100,92,#EB0081
328,100,92,#EB007D
329,100,92,#EB0079
330,100,92,#EB0075
331,100,92,#EB0071
332,100,92,#EB006D
333,100,92,#EB006A
334,100,92,#EB0066
335,100,92,#EB0062
336,100,92,#EB005E
337,100,92,#EB005A
338,100,92,#EB0056
339,100,92,#EB0052
340,100,92,#EB004E
341,100,92,#EB004A
342,100,92,#EB0046
343,100,92,#EB0042
344,100,92,#EB003F
345,100,92,#EB003B
346,100,92,#EB0037
347,100,92,#EB0033
348,100,92,#EB002F
349,100,92,#EB002B
350,100,92,#EB0027
351,100,92,#EB0023
352,100,92,#EB001F
353,100,92,#EB001B
354,100,92,#EB0017
355,100,92,#EB0014
356,100,92,#EB0010
357,100,92,#EB000C
358,100,92,#EB0008
359,100,92,#EB0004
0,99,92,#EB0202
1,99,92,#EB0602
2,99,92,#EB0A02
3,99,92,#EB0E02
4,99,92,#EB1202
5,99,92,#EB1602
6,99,92,#EB1A02
7,99,92,#EB1D02
8,99,92,#EB2102
9,99,92,#EB2502
10,99,92,#EB2902
11,99,92,#EB2D02
12,99,92,#EB3102
13,99,92,#EB3502
14,99,92,#EB3902
15,99,92,#EB3C02
16,99,92,#EB4002
17,99,92,#EB4402
18,99,92,#EB4802
19,99,92,#EB4C02
20,99,92,#EB5002
21,99,92,#EB5402
22,99,92,#EB5802
23,99,92,#EB5B02
24,99,92,#EB5F02
25,99,92,#EB6302
26,99,92,#EB6702
27,99,92,#EB6B02
28,99,92,#EB6F02
29,99,92,#EB7302
30,99,92,#EB7602
31,99,92,#EB7A02
32,99,92,#EB7E02
33,99,92,#EB8202
34,99,92,#EB8602
35,99,92,#EB8A02
36,99,92,#EB8E02
37,99,92,#EB9202
38,99,92,#EB9502
39,99,92,#EB9902
40,99,92,#EB9D02
41,99,92,#EBA102
42,99,92,#EBA502
43,99,92,#EBA902
44,99,92,#EBAD02
45,99,92,#EBB102
46,99,92,#EBB402
47,99,92,#EBB802
48,99,92,#EBBC02
49,99,92,#EBC002
50,99,92,#EBC402
51,99,92,#EBC802
52,99,92,#EBCC02
53,99,92,#EBD002
54,99,92,#EBD302
55,99,92,#EBD702
56,99,92,#EBDB02
57,99,92,#EBDF02
58,99,92,#EBE302
59,99,92,#EBE702
60,99,92,#EBEB02
61,99,92,#E7EB02
62,99,92,#E3EB02
63,99,92,#DFEB02
64,99,92,#DBEB02
65,99,92,#D7EB02
66,99,92,#D3EB02
67,99,92,#D0EB02
68,99,92,#CCEB02
69,99,92,#C8EB02
70,99,92,#C4EB02
71,99,92,#C0EB02
72,99,92,#BCEB02
73,99,92,#B8EB02
74,99,92,#B4EB02
75,99,92,#B1EB02
76,99,92,#ADEB02
77,99,92,#A9EB02
78,99,92,#A5EB02
79,99,92,#A1EB02
80,99,92,#9DEB02
81,99,92,#99EB02
82,99,92,#95EB02
83,99,92,#92EB02
84,99,92,#8EEB02
85,99,92,#8AEB02
86,99,92,#86EB02
87,99,92,#82EB02
88,99,92,#7EEB02
89,99,92,#7AEB02
90,99,92,#76EB02
91,99,92,#73EB02
92,99,92,#6FEB02
93,99,92,#6BEB02
94,99,92,#67EB02
95,99,92,#63EB02
96,99,92,#5FEB02
97,99,92,#5BEB02
98,99,92,#58EB02
99,99,92,#54EB02
100,99,92,#50EB02
101,99,92,#4CEB02
102,99,92,#48EB02
103,99,92,#44EB02
104,99,92,#40EB02
105,99,92,#3CEB02
106,99,92,#39EB02
107,99,92,#35EB02
108,99,92,#31EB02
109,99,92,#2DEB02
110,99,92,#29EB02
111,99,92,#25EB02
112,99,92,#21EB02
113,99,92,#1DEB02
114,99,92,#1AEB02
115,99,92,#16EB02
116,99,92,#12EB02
117,99,92,#0EEB02
118,99,92,#0AEB02
119,99,92,#06EB02
120,99,92,#02EB02
121,99,92,#02EB06
122,99,92,#02EB0A
123,99,92,#02EB0E
124,99,92,#02EB12
125,99,92,#02EB16
126,99,92,#02EB1A
127,99,92,#02EB1D
128,99,92,#02EB21
129,99,92,#02EB25
130,99,92,#02EB29
131,99,92,#02EB2D
132,99,92,#02EB31
133,99,92,#02EB35
134,99,92,#02EB39
135,99,92,#02EB3C
136,99,92,#02EB40
137,99,92,#02EB44
138,99,92,#02EB48
139,99,92,#02EB4C
140,99,92,#02EB50
141,99,92,#02EB54
142,99,92,#02EB58
143,99,92,#02EB5B
144,99,92,#02EB5F
145,99,92,#02EB63
146,99,92,#02EB67
147,99,92,#02EB6B
148,99,92,#02EB6F
149,99,92,#02EB73
150,99,92,#02EB76
151,99,92,#02EB7A
152,99,92,#02EB7E
153,99,92,#02EB82
154,99,92,#02EB86
155,99,92,#02EB8A
156,99,92,#02EB8E
157,99,92,#02EB92
158,99,92,#02EB95
159,99,92,#02EB99
160,99,92,#02EB9D
161,99,92,#02EBA1
162,99,92,#02EBA5
163,99,92,#02EBA9
164,99,92,#02EBAD
165,99,92,#02EBB1
166,99,92,#02EBB4
167,99,92,#02EBB8
168,99,92,#02EBBC
169,99,92,#02EBC0
170,99,92,#02EBC4
171,99,92,#02EBC8
172,99,92,#02EBCC
173,99,92,#02EBD0
174,99,92,#02EBD3
175,99,92,#02EBD7
176,99,92,#02EBDB
177,99,92,#02EBDF
178,99,92,#02EBE3
179,99,92,#02EBE7
180,99,92,#02EBEB
181,99,92,#02E7EB
182,99,92,#02E3EB
183,99,92,#02DFEB
184,99,92,#02DBEB
185,99,92,#02D7EB
186,99,92,#02D3EB
187,99,92,#02D0EB
188,99,92,#02CCEB
189,99,92,#02C8EB
190,99,92,#02C4EB
191,99,92,#02C0EB
192,99,92,#02BCEB
193,99,92,#02B8EB
194,99,92,#02B4EB
195,99,92,#02B1EB
196,99,92,#02ADEB
197,99,92,#02A9EB
198,99,92,#02A5EB
199,99,92,#02A1EB
200,99,92,#029DEB
201,99,92,#0299EB
202,99,92,#0295EB
203,99,92,#0292EB
204,99,92,#028EEB
205,99,92,#028AEB
206,99,92,#0286EB
207,99,92,#0282EB
208,99,92,#027EEB
209,99,92,#027AEB
210,99,92,#0276EB
211,99,92,#0273EB
212,99,92,#026FEB
213,99,92,#026BEB
214,99,92,#0267EB
215,99,92,#0263EB
216,99,92,#025FEB
217,99,92,#025BEB
218,99,92,#0258EB
219,99,92,#0254EB
220,99,92,#0250EB
221,99,92,#024CEB
222,99,92,#0248EB
223,99,92,#0244EB
224,99,92,#0240EB
225,99,92,#023CEB
226,99,92,#0239EB
227,99,92,#0235EB
228,99,92,#0231EB
229,99,92,#022DEB
230,99,92,#0229EB
231,99,92,#0225EB
232,99,92,#0221EB
233,99,92,#021DEB
234,99,92,#021AEB
235,99,92,#0216EB
236,99,92,#0212EB
237,99,92,#020EEB
238,99,92,#020AEB
239,99,92,#0206EB
240,99,92,#0202EB
241,99,92,#0602EB
242,99,92,#0A02EB
243,99,92,#0E02EB
244,99,92,#1202EB
245,99,92,#1602EB
246,99,92,#1A02EB
247,99,92,#1D02EB
248,99,92,#2102EB
249,99,92,#2502EB
250,99,92,#2902EB
251,99,92,#2D02EB
252,99,92,#3102EB
253,99,92,#3502EB
254,99,92,#3902EB
255,99,92,#3C02EB
256,99,92,#4002EB
257,99,92,#4402EB
258,99,92,#4802EB
259,99,92,#4C02EB
260,99,92,#5002EB
261,99,92,#5402EB
262,99,92,#5802EB
263,99,92,#5B02EB
264,99,92,#5F02EB
265,99,92,#6302EB
266,99,92,#6702EB
267,99,92,#6B02EB
268,99,92,#6F02EB
269,99,92,#7302EB
270,99,92,#7602EB
271,99,92,#7A02EB
272,99,92,#7E02EB
273,99,92,#8202EB
274,99,92,#8602EB
275,99,92,#8A02EB
276,99,92,#8E02EB
277,99,92,#9202EB
278,99,92,#9502EB
279,99,92,#9902EB
280,99,92,#9D02EB
281,99,92,#A102EB
282,99,92,#A502EB
283,99,92,#A902EB
284,99,92,#AD02EB
285,99,92,#B102EB
286,99,92,#B402EB
287,99,92,#B802EB
288,99,92,#BC02EB
289,99,92,#C002EB
290,99,92,#C402EB
291,99,92,#C802EB
292,99,92,#CC02EB
293,99,92,#D002EB
294,99,92,#D302EB
295,99,92,#D702EB
296,99,92,#DB02EB
297,99,92,#DF02EB
298,99,92,#E302EB
299,99,92,#E702EB
300,99,92,#EB02EB
301,99,92,#EB02E7
302,99,92,#EB02E3
303,99,92,#EB02DF
304,99,92,#EB02DB
305,99,92,#EB02D7
306,99,92,#EB02D3
307,99,92,#EB02D0
308,99,92,#EB02CC
309,99,92,#EB02C8
310,99,92,#EB02C4
311,99,92,#EB02C0
312,99,92,#EB02BC
313,99,92,#EB02B8
314,99,92,#EB02B4
315,99,92,#EB02B1
316,99,92,#EB02AD
317,99,92,#EB02A9
318,99,92,#EB02A5
319,99,92,#EB02A1
320,99,92,#EB029D
321,99,92,#EB0299
322,99,92,#EB0295
323,99,92,#EB0292
324,99,92,#EB028E
325,99,92,#EB028A
326,99,92,#EB0286
327,99,92,#EB0282
328,99,92,#EB027E
329,99,92,#EB027A
330,99,92,#EB0276
331,99,92,#EB0273
332,99,92,#EB026F
333,99,92,#EB026B
334,99,92,#EB0267
335,99,92,#EB0263
336,99,92,#EB025F
337,99,92,#EB025B
338,99,92,#EB0258
339,99,92,#EB0254
340,99,92,#EB0250
341,99,92,#EB024C
342,99,92,#EB0248
343,99,92,#EB0244
344,99,92,#EB0240
345,99,92,#EB023C
346,99,92,#EB0239
347,99,92,#EB0235
348,99,92,#EB0231
349,99,92,#EB022D
350,99,92,#EB0229
351,99,92,#EB0225
352,99,92,#EB0221
353,99,92,#EB021D
354,99,92,#EB021A
355,99,92,#EB0216
356,99,92,#EB0212
357,99,92,#EB020E
358,99,92,#EB020A
359,99,92,#EB0206
0,98,92,#EB0505
1,98,92,#EB0905
2,98,92,#EB0C05
3,98,92,#EB1005
4,98,92,#EB1405
5,98,92,#EB1805
6,98,92,#EB1C05
7,98,92,#EB2005
8,98,92,#EB2305
9,98,92,#EB2705
10,98,92,#EB2B05
11,98,92,#EB2F05
12,98,92,#EB3305
13,98,92,#EB3705
14,98,92,#EB3A05
15,98,92,#EB3E05
16,98,92,#EB4205
17,98,92,#EB4605
18,98,92,#EB4A05
19,98,92,#EB4D05
20,98,92,#EB5105
21,98,92,#EB5505
22,98,92,#EB5905
23,98,92,#EB5D05
24,98,92,#EB6105
25,98,92,#EB6405
26,98,92,#EB6805
27,98,92,#EB6C05
28,98,92,#EB7005
29,98,92,#EB7405
30,98,92,#EB7805
31,98,92,#EB7B05
32,98,92,#EB7F05
33,98,92,#EB8305
34,98,92,#EB8705
35,98,92,#EB8B05
36,98,92,#EB8F05
37,98,92,#EB9205
38,98,92,#EB9605
39,98,92,#EB9A05
40,98,92,#EB9E05
41,98,92,#EBA205
42,98,92,#EBA605
43,98,92,#EBA905
44,98,92,#EBAD05
45,98,92,#EBB105
46,98,92,#EBB505
47,98,92,#EBB905
48,98,92,#EBBD05
49,98,92,#EBC005
50,98,92,#EBC405
51,98,92,#EBC805
52,98,92,#EBCC05
53,98,92,#EBD005
54,98,92,#EBD405
55,98,92,#EBD705
56,98,92,#EBDB05
57,98,92,#EBDF05
58,98,92,#EBE305
59,98,92,#EBE705
60,98,92,#EBEB05
61,98,92,#E7EB05
62,98,92,#E3EB05
63,98,92,#DFEB05
64,98,92,#DBEB05
65,98,92,#D7EB05
66,98,92,#D4EB05
67,98,92,#D0EB05
68,98,92,#CCEB05
69,98,92,#C8EB05
70,98,92,#C4EB05
71,98,92,#C0EB05
72,98,92,#BDEB05
73,98,92,#B9EB05
74,98,92,#B5EB05
75,98,92,#B1EB05
76,98,92,#ADEB05
77,98,92,#A9EB05
78,98,92,#A6EB05
79,98,92,#A2EB05
80,98,92,#9EEB05
81,98,92,#9AEB05
82,98,92,#96EB05
83,98,92,#92EB05
84,98,92,#8FEB05
85,98,92,#8BEB05
86,98,92,#87EB05
87,98,92,#83EB05
88,98,92,#7FEB05
89,98,92,#7BEB05
90,98,92,#78EB05
91,98,92,#74EB05
92,98,92,#70EB05
93,98,92,#6CEB05
94,98,92,#68EB05
95,98,92,#64EB05
96,98,92,#61EB05
97,98,92,#5DEB05
98,98,92,#59EB05
99,98,92,#55EB05
100,98,92,#51EB05
101,98,92,#4DEB05
102,98,92,#4AEB05
103,98,92,#46EB05
104,98,92,#42EB05
105,98,92,#3EEB05
106,98,92,#3AEB05
107,98,92,#37EB05
108,98,92,#33EB05
109,98,92,#2FEB05
110,98,92,#2BEB05
111,98,92,#27EB05
112,98,92,#23EB05
113,98,92,#20EB05
114,98,92,#1CEB05
115,98,92,#18EB05
116,98,92,#14EB05
117,98,92,#10EB05
118,98,92,#0CEB05
119,98,92,#09EB05
120,98,92,#05EB05
121,98,92,#05EB09
122,98,92,#05EB0C
123,98,92,#05EB10
124,98,92,#05EB14
125,98,92,#05EB18
126,98,92,#05EB1C
127,98,92,#05EB20
128,98,92,#05EB23
129,98,92,#05EB27
130,98,92,#05EB2B
131,98,92,#05EB2F
132,98,92,#05EB33
133,98,92,#05EB37
134,98,92,#05EB3A
135,98,92,#05EB3E
136,98,92,#05EB42
137,98,92,#05EB46
138,98,92,#05EB4A
139,98,92,#05EB4D
140,98,92,#05EB51
141,98,92,#05EB55
142,98,92,#05EB59
143,98,92,#05EB5D
144,98,92,#05EB61
145,98,92,#05EB64
146,98,92,#05EB68
147,98,92,#05EB6C
148,98,92,#05EB70
149,98,92,#05EB74
150,98,92,#05EB78
151,98,92,#05EB7B
152,98,92,#05EB7F
153,98,92,#05EB83
154,98,92,#05EB87
155,98,92,#05EB8B
156,98,92,#05EB8F
157,98,92,#05EB92
158,98,92,#05EB96
159,98,92,#05EB9A
160,98,92,#05EB9E
161,98,92,#05EBA2
162,98,92,#05EBA6
163,98,92,#05EBA9
164,98,92,#05EBAD
165,98,92,#05EBB1
166,98,92,#05EBB5
167,98,92,#05EBB9
168,98,92,#05EBBD
169,98,92,#05EBC0
170,98,92,#05EBC4
171,98,92,#05EBC8
172,98,92,#05EBCC
173,98,92,#05EBD0
174,98,92,#05EBD4
175,98,92,#05EBD7
176,98,92,#05EBDB
177,98,92,#05EBDF
178,98,92,#05EBE3
179,98,92,#05EBE7
180,98,92,#05EBEB
181,98,92,#05E7EB
182,98,92,#05E3EB
183,98,92,#05DFEB
184,98,92,#05DBEB
185,98,92,#05D7EB
186,98,92,#05D4EB
187,98,92,#05D0EB
188,98,92,#05CCEB
189,98,92,#05C8EB
190,98,92,#05C4EB
191,98,92,#05C0EB
192,98,92,#05BDEB
193,98,92,#05B9EB
194,98,92,#05B5EB
195,98,92,#05B1EB
196,98,92,#05ADEB
197,98,92,#05A9EB
198,98,92,#05A6EB
199,98,92,#05A2EB
200,98,92,#059EEB
201,98,92,#059AEB
202,98,92,#0596EB
203,98,92,#0592EB
204,98,92,#058FEB
205,98,92,#058BEB
206,98,92,#0587EB
207,98,92,#0583EB
208,98,92,#057FEB
209,98,92,#057BEB
210,98,92,#0578EB
211,98,92,#0574EB
212,98,92,#0570EB
213,98,92,#056CEB
214,98,92,#0568EB
215,98,92,#0564EB
216,98,92,#0561EB
217,98,92,#055DEB
218,98,92,#0559EB
219,98,92,#0555EB
220,98,92,#0551EB
221,98,92,#054DEB
222,98,92,#054AEB
223,98,92,#0546EB
224,98,92,#0542EB
225,98,92,#053EEB
226,98,92,#053AEB
227,98,92,#0537EB
228,98,92,#0533EB
229,98,92,#052FEB
230,98,92,#052BEB
231,98,92,#0527EB
232,98,92,#0523EB
233,98,92,#0520EB
234,98,92,#051CEB
235,98,92,#0518EB
236,98,92,#0514EB
237,98,92,#0510EB
238,98,92,#050CEB
239,98,92,#0509EB
240,98,92,#0505EB
241,98,92,#0905EB
242,98,92,#0C05EB
243,98,92,#1005EB
244,98,92,#1405EB
245,98,92,#1805EB
246,98,92,#1C05EB
247,98,92,#2005EB
248,98,92,#2305EB
249,98,92,#2705EB
250,98,92,#2B05EB
251,98,92,#2F05EB
252,98,92,#3305EB
253,98,92,#3705EB
254,98,92,#3A05EB
255,98,92,#3E05EB
256,98,92,#4205EB
257,98,92,#4605EB
258,98,92,#4A05EB
259,98,92,#4D05EB
260,98,92,#5105EB
261,98,92,#5505EB
262,98,92,#5905EB
263,98,92,#5D05EB
264,98,92,#6105EB
265,98,92,#6405EB
266,98,92,#6805EB
267,98,92,#6C05EB
268,98,92,#7005EB
269,98,92,#7405EB
270,98,92,#7805EB
271,98,92,#7B05EB
272,98,92,#7F05EB
273,98,92,#8305EB
274,98,92,#8705EB
275,98,92,#8B05EB
276,98,92,#8F05EB
277,98,92,#9205EB
278,98,92,#9605EB
279,98,92,#9A05EB
280,98,92,#9E05EB
281,98,92,#A205EB
282,98,92,#A605EB
283,98,92,#A905EB
284,98,92,#AD05EB
285,98,92,#B105EB
286,98,92,#B505EB
287,98,92,#B905EB
288,98,92,#BD05EB
289,98,92,#C005EB
290,98,92,#C405EB
291,98,92,#C805EB
292,98,92,#CC05EB
293,98,92,#D005EB
294,98,92,#D405EB
295,98,92,#D705EB
296,98,92,#DB05EB
297,98,92,#DF05EB
298,98,92,#E305EB
299,98,92,#E705EB
300,98,92,#EB05EB
301,98,92,#EB05E7
302,98,92,#EB05E3
303,98,92,#EB05DF
304,98,92,#EB05DB
305,98,92,#EB05D7
306,98,92,#EB05D4
307,98,92,#EB05D0
308,98,92,#EB05CC
309,98,92,#EB05C8
310,98,92,#EB05C4
311,98,92,#EB05C0
312,98,92,#EB05BD
313,98,92,#EB05B9
314,98,92,#EB05B5
315,98,92,#EB05B1
316,98,92,#EB05AD
317,98,92,#EB05A9
318,98,92,#EB05A6
319,98,92,#EB05A2
320,98,92,#EB059E
321,98,92,#EB059A
322,98,92,#EB0596
323,98,92,#EB0592
324,98,92,#EB058F
325,98,92,#EB058B
326,98,92,#EB0587
327,98,92,#EB0583
328,98,92,#EB057F
329,98,92,#EB057B
330,98,92,#EB0578
331,98,92,#EB0574
332,98,92,#EB0570
333,98,92,#EB056C
334,98,92,#EB0568
335,98,92,#EB0564
336,98,92,#EB0561
337,98,92,#EB055D
338,98,92,#EB0559
339,98,92,#EB0555
340,98,92,#EB0551
341,98,92,#EB054D
342,98,92,#EB054A
343,98,92,#EB0546
344,98,92,#EB0542
345,98,92,#EB053E
346,98,92,#EB053A
347,98,92,#EB0537
348,98,92,#EB0533
349,98,92,#EB052F
350,98,92,#EB052B
351,98,92,#EB0527
352,98,92,#EB0523
353,98,92,#EB0520
354,98,92,#EB051C
355,98,92,#EB0518
356,98,92,#EB0514
357,98,92,#EB0510
358,98,92,#EB050C
359,98,92,#EB0509
0,97,92,#EB0707
1,97,92,#EB0B07
2,97,92,#EB0F07
3,97,92,#EB1207
4,97,92,#EB1607
5,97,92,#EB1A07
6,97,92,#EB1E07
7,97,92,#EB2207
8,97,92,#EB2507
9,97,92,#EB2907
10,97,92,#EB2D07
11,97,92,#EB3107
12,97,92,#EB3507
13,97,92,#EB3807
14,97,92,#EB3C07
15,97,92,#EB4007
16,97,92,#EB4407
17,97,92,#EB4807
18,97,92,#EB4B07
19,97,92,#EB4F07
20,97,92,#EB5307
21,97,92,#EB5707
22,97,92,#EB5A07
23,97,92,#EB5E07
24,97,92,#EB6207
25,97,92,#EB6607
26,97,92,#EB6A07
27,97,92,#EB6D07
28,97,92,#EB7107
29,97,92,#EB7507
30,97,92,#EB7907
31,97,92,#EB7D07
32,97,92,#EB8007
33,97,92,#EB8407
34,97,92,#EB8807
35,97,92,#EB8C07
36,97,92,#EB9007
37,97,92,#EB9307
38,97,92,#EB9707
39,97,92,#EB9B07
40,97,92,#EB9F07
41,97,92,#EBA307
42,97,92,#EBA607
43,97,92,#EBAA07
44,97,92,#EBAE07
45,97,92,#EBB207
46,97,92,#EBB607
47,97,92,#EBB907
48,97,92,#EBBD07
49,97,92,#EBC107
50,97,92,#EBC507
51,97,92,#EBC807
52,97,92,#EBCC07
53,97,92,#EBD007
54,97,92,#EBD407
55,97,92,#EBD807
56,97,92,#EBDB07
57,97,92,#EBDF07
58,97,92,#EBE307
59,97,92,#EBE707
60,97,92,#EBEB07
61,97,92,#E7EB07
62,97,92,#E3EB07
63,97,92,#DFEB07
64,97,92,#DBEB07
65,97,92,#D8EB07
66,97,92,#D4EB07
67,97,92,#D0EB07
68,97,92,#CCEB07
69,97,92,#C8EB07
70,97,92,#C5EB07
71,97,92,#C1EB07
72,97,92,#BDEB07
73,97,92,#B9EB07
74,97,92,#B6EB07
75,97,92,#B2EB07
76,97,92,#AEEB07
77,97,92,#AAEB07
78,97,92,#A6EB07
79,97,92,#A3EB07
80,97,92,#9FEB07
81,97,92,#9BEB07
82,97,92,#97EB07
83,97,92,#93EB07
84,97,92,#90EB07
85,97,92,#8CEB07
86,97,92,#88EB07
87,97,92,#84EB07
88,97,92,#80EB07
89,97,92,#7DEB07
90,97,92,#79EB07
91,97,92,#75EB07
92,97,92,#71EB07
93,97,92,#6DEB07
94,97,92,#6AEB07
95,97,92,#66EB07
96,97,92,#62EB07
97,97,92,#5EEB07
98,97,92,#5AEB07
99,97,92,#57EB07
100,97,92,#53EB07
101,97,92,#4FEB07
102,97,92,#4BEB07
103,97,92,#48EB07
104,97,92,#44EB07
105,97,92,#40EB07
106,97,92,#3CEB07
107,97,92,#38EB07
108,97,92,#35EB07
109,97,92,#31EB07
110,97,92,#2DEB07
111,97,92,#29EB07
112,97,92,#25EB07
113,97,92,#22EB07
114,97,92,#1EEB07
115,97,92,#1AEB07
116,97,92,#16EB07
117,97,92,#12EB07
118,97,92,#0FEB07
119,97,92,#0BEB07
120,97,92,#07EB07
121,97,92,#07EB0B
122,97,92,#07EB0F
123,97,92,#07EB12
124,97,92,#07EB16
125,97,92,#07EB1A
126,97,92,#07EB1E
127,97,92,#07EB22
128,97,92,#07EB25
129,97,92,#07EB29
130,97,92,#07EB2D
131,97,92,#07EB31
132,97,92,#07EB35
133,97,92,#07EB38
134,97,92,#07EB3C
135,97,92,#07EB40
136,97,92,#07EB44
137,97,92,#07EB48
138,97,92,#07EB4B
139,97,92,#07EB4F
140,97,92,#07EB53
141,97,92,#07EB57
142,97,92,#07EB5A
143,97,92,#07EB5E
144,97,92,#07EB62
145,97,92,#07EB66
146,97,92,#07EB6A
147,97,92,#07EB6D
148,97,92,#07EB71
149,97,92,#07EB75
150,97,92,#07EB79
151,97,92,#07EB7D
152,97,92,#07EB80
153,97,92,#07EB84
154,97,92,#07EB88
155,97,92,#07EB8C
156,97,92,#07EB90
157,97,92,#07EB93
158,97,92,#07EB97
159,97,92,#07EB9B
160,97,92,#07EB9F
161,97,92,#07EBA3
162,97,92,#07EBA6
163,97,92,#07EBAA
164,97,92,#07EBAE
165,97,92,#07EBB2
166,97,92,#07EBB6
167,97,92,#07EBB9
168,97,92,#07EBBD
169,97,92,#07EBC1
170,97,92,#07EBC5
171,97,92,#07EBC8
172,97,92,#07EBCC
173,97,92,#07EBD0
174,97,92,#07EBD4
175,97,92,#07EBD8
176,97,92,#07EBDB
177,97,92,#07EBDF
178,97,92,#07EBE3
179,97,92,#07EBE7
180,97,92,#07EBEB
181,97,92,#07E7EB
182,97,92,#07E3EB
183,97,92,#07DFEB
184,97,92,#07DBEB
185,97,92,#07D8EB
186,97,92,#07D4EB
187,97,92,#07D0EB
188,97,92,#07CCEB
189,97,92,#07C8EB
190,97,92,#07C5EB
191,97,92,#07C1EB
192,97,92,#07BDEB
193,97,92,#07B9EB
194,97,92,#07B6EB
195,97,92,#07B2EB
196,97,92,#07AEEB
197,97,92,#07AAEB
198,97,92,#07A6EB
199,97,92,#07A3EB
200,97,92,#079FEB
201,97,92,#079BEB
202,97,92,#0797EB
203,97,92,#0793EB
204,97,92,#0790EB
205,97,92,#078CEB
206,97,92,#0788EB
207,97,92,#0784EB
208,97,92,#0780EB
209,97,92,#077DEB
210,97,92,#0779EB
211,97,92,#0775EB
212,97,92,#0771EB
213,97,92,#076DEB
214,97,92,#076AEB
215,97,92,#0766EB
216,97,92,#0762EB
217,97,92,#075EEB
218,97,92,#075AEB
219,97,92,#0757EB
220,97,92,#0753EB
221,97,92,#074FEB
222,97,92,#074BEB
223,97,92,#0748EB
224,97,92,#0744EB
225,97,92,#0740EB
226,97,92,#073CEB
227,97,92,#0738EB
228,97,92,#0735EB
229,97,92,#0731EB
230,97,92,#072DEB
231,97,92,#0729EB
232,97,92,#0725EB
233,97,92,#0722EB
234,97,92,#071EEB
235,97,92,#071AEB
236,97,92,#0716EB
237,97,92,#0712EB
238,97,92,#070FEB
239,97,92,#070BEB
240,97,92,#0707EB
241,97,92,#0B07EB
242,97,92,#0F07EB
243,97,92,#1207EB
244,97,92,#1607EB
245,97,92,#1A07EB
246,97,92,#1E07EB
247,97,92,#2207EB
248,97,92,#2507EB
249,97,92,#2907EB
250,97,92,#2D07EB
251,97,92,#3107EB
252,97,92,#3507EB
253,97,92,#3807EB
254,97,92,#3C07EB
255,97,92,#4007EB
256,97,92,#4407EB
257,97,92,#4807EB
258,97,92,#4B07EB
259,97,92,#4F07EB
260,97,92,#5307EB
261,97,92,#5707EB
262,97,92,#5A07EB
263,97,92,#5E07EB
264,97,92,#6207EB
265,97,92,#6607EB
266,97,92,#6A07EB
267,97,92,#6D07EB
268,97,92,#7107EB
269,97,92,#7507EB
270,97,92,#7907EB
271,97,92,#7D07EB
272,97,92,#8007EB
273,97,92,#8407EB
274,97,92,#8807EB
275,97,92,#8C07EB
276,97,92,#9007EB
277,97,92,#9307EB
278,97,92,#9707EB
279,97,92,#9B07EB
280,97,92,#9F07EB
281,97,92,#A307EB
282,97,92,#A607EB
283,97,92,#AA07EB
284,97,92,#AE07EB
285,97,92,#B207EB
286,97,92,#B607EB
287,97,92,#B907EB
288,97,92,#BD07EB
289,97,92,#C107EB
290,97,92,#C507EB
291,97,92,#C807EB
292,97,92,#CC07EB
293,97,92,#D007EB
294,97,92,#D407EB
295,97,92,#D807EB
296,97,92,#DB07EB
297,97,92,#DF07EB
298,97,92,#E307EB
299,97,92,#E707EB
300,97,92,#EB07EB
301,97,92,#EB07E7
302,97,92,#EB07E3
303,97,92,#EB07DF
304,97,92,#EB07DB
305,97,92,#EB07D8
306,97,92,#EB07D4
307,97,92,#EB07D0
308,97,92,#EB07CC
309,97,92,#EB07C8
310,97,92,#EB07C5
311,97,92,#EB07C1
312,97,92,#EB07BD
313,97,92,#EB07B9
314,97,92,#EB07B6
315,97,92,#EB07B2
316,97,92,#EB07AE
317,97,92,#EB07AA
318,97,92,#EB07A6
319,97,92,#EB07A3
320,97,92,#EB079F
321,97,92,#EB079B
322,97,92,#EB0797
323,97,92,#EB0793
324,97,92,#EB0790
325,97,92,#EB078C
326,97,92,#EB0788
327,97,92,#EB0784
328,97,92,#EB0780
329,97,92,#EB077D
330,97,92,#EB0779
331,97,92,#EB0775
332,97,92,#EB0771
333,97,92,#EB076D
334,97,92,#EB076A
335,97,92,#EB0766
336,97,92,#EB0762
337,97,92,#EB075E
338,97,92,#EB075A
339,97,92,#EB0757
340,97,92,#EB0753
341,97,92,#EB074F
342,97,92,#EB074B
343,97,92,#EB0748
344,97,92,#EB0744
345,97,92,#EB0740
346,97,92,#EB073C
347,97,92,#EB0738
348,97,92,#EB0735
349,97,92,#EB0731
350,97,92,#EB072D
351,97,92,#EB0729
352,97,92,#EB0725
353,97,92,#EB0722
354,97,92,#EB071E
355,97,92,#EB071A
356,97,92,#EB0716
357,97,92,#EB0712
358,97,92,#EB070F
359,97,92,#EB070B
0,96,92,#EB0909
1,96,92,#EB0D09
2,96,92,#EB1109
3,96,92,#EB1509
4,96,92,#EB1809
5,96,92,#EB1C09
6,96,92,#EB2009
7,96,92,#EB2409
8,96,92,#EB2709
9,96,92,#EB2B09
10,96,92,#EB2F09
11,96,92,#EB3309
12,96,92,#EB3609
13,96,92,#EB3A09
14,96,92,#EB3E09
15,96,92,#EB4209
16,96,92,#EB4509
17,96,92,#EB4909
18,96,92,#EB4D09
19,96,92,#EB5109
20,96,92,#EB5409
21,96,92,#EB5809
22,96,92,#EB5C09
23,96,92,#EB6009
24,96,92,#EB6309
25,96,92,#EB6709
26,96,92,#EB6B09
27,96,92,#EB6F09
28,96,92,#EB7209
29,96,92,#EB7609
30,96,92,#EB7A09
31,96,92,#EB7E09
32,96,92,#EB8109
33,96,92,#EB8509
34,96,92,#EB8909
35,96,92,#EB8D09
36,96,92,#EB9109
37,96,92,#EB9409
38,96,92,#EB9809
39,96,92,#EB9C09
40,96,92,#EBA009
41,96,92,#EBA309
42,96,92,#EBA709
43,96,92,#EBAB09
44,96,92,#EBAF09
45,96,92,#EBB209
46,96,92,#EBB609
47,96,92,#EBBA09
48,96,92,#EBBE09
49,96,92,#EBC109
50,96,92,#EBC509
51,96,92,#EBC909
52,96,92,#EBCD09
53,96,92,#EBD009
54,96,92,#EBD409
55,96,92,#EBD809
56,96,92,#EBDC09
57,96,92,#EBDF09
58,96,92,#EBE309
59,96,92,#EBE709
60,96,92,#EBEB09
61,96,92,#E7EB09
62,96,92,#E3EB09
63,96,92,#DFEB09
64,96,92,#DCEB09
65,96,92,#D8EB09
66,96,92,#D4EB09
67,96,92,#D0EB09
68,96,92,#CDEB09
69,96,92,#C9EB09
70,96,92,#C5EB09
71,96,92,#C1EB09
72,96,92,#BEEB09
73,96,92,#BAEB09
74,96,92,#B6EB09
75,96,92,#B2EB09
76,96,92,#AFEB09
77,96,92,#ABEB09
78,96,92,#A7EB09
79,96,92,#A3EB09
80,96,92,#A0EB09
81,96,92,#9CEB09
82,96,92,#98EB09
83,96,92,#94EB09
84,96,92,#91EB09
85,96,92,#8DEB09
86,96,92,#89EB09
87,96,92,#85EB09
88,96,92,#81EB09
89,96,92,#7EEB09
90,96,92,#7AEB09
91,96,92,#76EB09
92,96,92,#72EB09
93,96,92,#6FEB09
94,96,92,#6BEB09
95,96,92,#67EB09
96,96,92,#63EB09
97,96,92,#60EB09
98,96,92,#5CEB09
99,96,92,#58EB09
100,96,92,#54EB09
101,96,92,#51EB09
102,96,92,#4DEB09
103,96,92,#49EB09
104,96,92,#45EB09
105,96,92,#42EB09
106,96,92,#3EEB09
107,96,92,#3AEB09
108,96,92,#36EB09
109,96,92,#33EB09
110,96,92,#2FEB09
111,96,92,#2BEB09
112,96,92,#27EB09
113,96,92,#24EB09
114,96,92,#20EB09
115,96,92,#1CEB09
116,96,92,#18EB09
117,96,92,#15EB09
118,96,92,#11EB09
119,96,92,#0DEB09
120,96,92,#09EB09
121,96,92,#09EB0D
122,96,92,#09EB11
123,96,92,#09EB15
124,96,92,#09EB18
125,96,92,#09EB1C
126,96,92,#09EB20
127,96,92,#09EB24
128,96,92,#09EB27
129,96,92,#09EB2B
130,96,92,#09EB2F
131,96,92,#09EB33
132,96,92,#09EB36
133,96,92,#09EB3A
134,96,92,#09EB3E
135,96,92,#09EB42
136,96,92,#09EB45
137,96,92,#09EB49
138,96,92,#09EB4D
139,96,92,#09EB51
140,96,92,#09EB54
141,96,92,#09EB58
142,96,92,#09EB5C
143,96,92,#09EB60
144,96,92,#09EB63
145,96,92,#09EB67
146,96,92,#09EB6B
147,96,92,#09EB6F
148,96,92,#09EB72
149,96,92,#09EB76
150,96,92,#09EB7A
151,96,92,#09EB7E
152,96,92,#09EB81
153,96,92,#09EB85
154,96,92,#09EB89
155,96,92,#09EB8D
156,96,92,#09EB91
157,96,92,#09EB94
158,96,92,#09EB98
159,96,92,#09EB9C
160,96,92,#09EBA0
161,96,92,#09EBA3
162,96,92,#09EBA7
163,96,92,#09EBAB
164,96,92,#09EBAF
165,96,92,#09EBB2
166,96,92,#09EBB6
167,96,92,#09EBBA
168,96,92,#09EBBE
169,96,92,#09EBC1
170,96,92,#09EBC5
171,96,92,#09EBC9
172,96,92,#09EBCD
173,96,92,#09EBD0
174,96,92,#09EBD4
175,96,92,#09EBD8
176,96,92,#09EBDC
177,96,92,#09EBDF
178,96,92,#09EBE3
179,96,92,#09EBE7
180,96,92,#09EBEB
181,96,92,#09E7EB
182,96,92,#09E3EB
183,96,92,#09DFEB
184,96,92,#09DCEB
185,96,92,#09D8EB
186,96,92,#09D4EB
187,96,92,#09D0EB
188,96,92,#09CDEB
189,96,92,#09C9EB
190,96,92,#09C5EB
191,96,92,#09C1EB
192,96,92,#09BEEB
193,96,92,#09BAEB
194,96,92,#09B6EB
195,96,92,#09B2EB
196,96,92,#09AFEB
197,96,92,#09ABEB
198,96,92,#09A7EB
199,96,92,#09A3EB
200,96,92,#09A0EB
201,96,92,#099CEB
202,96,92,#0998EB
203,96,92,#0994EB
204,96,92,#0991EB
205,96,92,#098DEB
206,96,92,#0989EB
207,96,92,#0985EB
208,96,92,#0981EB
209,96,92,#097EEB
210,96,92,#097AEB
211,96,92,#0976EB
212,96,92,#0972EB
213,96,92,#096FEB
214,96,92,#096BEB
215,96,92,#0967EB
216,96,92,#0963EB
217,96,92,#0960EB
218,96,92,#095CEB
219,96,92,#0958EB
220,96,92,#0954EB
221,96,92,#0951EB
222,96,92,#094DEB
223,96,92,#0949EB
224,96,92,#0945EB
225,96,92,#0942EB
226,96,92,#093EEB
227,96,92,#093AEB
228,96,92,#0936EB
229,96,92,#0933EB
230,96,92,#092FEB
231,96,92,#092BEB
232,96,92,#0927EB
233,96,92,#0924EB
234,96,92,#0920EB
235,96,92,#091CEB
236,96,92,#0918EB
237,96,92,#0915EB
238,96,92,#0911EB
239,96,92,#090DEB
240,96,92,#0909EB
241,96,92,#0D09EB
242,96,92,#1109EB
243,96,92,#1509EB
244,96,92,#1809EB
245,96,92,#1C09EB
246,96,92,#2009EB
247,96,92,#2409EB
248,96,92,#2709EB
249,96,92,#2B09EB
250,96,92,#2F09EB
251,96,92,#3309EB
252,96,92,#3609EB
253,96,92,#3A09EB
254,96,92,#3E09EB
255,96,92,#4209EB
256,96,92,#4509EB
257,96,92,#4909EB
258,96,92,#4D09EB
259,96,92,#5109EB
260,96,92,#5409EB
261,96,92,#5809EB
262,96,92,#5C09EB
263,96,92,#6009EB
264,96,92,#6309EB
265,96,92,#6709EB
266,96,92,#6B09EB
267,96,92,#6F09EB
268,96,92,#7209EB
269,96,92,#7609EB
270,96,92,#7A09EB
271,96,92,#7E09EB
272,96,92,#8109EB
273,96,92,#8509EB
274,96,92,#8909EB
275,96,92,#8D09EB
276,96,92,#9109EB
277,96,92,#9409EB
278,96,92,#9809EB
279,96,92,#9C09EB
280,96,92,#A009EB
281,96,92,#A309EB
282,96,92,#A709EB
283,96,92,#AB09EB
284,96,92,#AF09EB
285,96,92,#B209EB
286,96,92,#B609EB
287,96,92,#BA09EB
288,96,92,#BE09EB
289,96,92,#C109EB
290,96,92,#C509EB
291,96,92,#C909EB
292,96,92,#CD09EB
293,96,92,#D009EB
294,96,92,#D409EB
295,96,92,#D809EB
296,96,92,#DC09EB
297,96,92,#DF09EB
298,96,92,#E309EB
299,96,92,#E709EB
300,96,92,#EB09EB
301,96,92,#EB09E7
302,96,92,#EB09E3
303,96,92,#EB09DF
304,96,92,#EB09DC
305,96,92,#EB09D8
306,96,92,#EB09D4
307,96,92,#EB09D0
308,96,92,#EB09CD
309,96,92,#EB09C9
310,96,92,#EB09C5
311,96,92,#EB09C1
312,96,92,#EB09BE
313,96,92,#EB09BA
314,96,92,#EB09B6
315,96,92,#EB09B2
316,96,92,#EB09AF
317,96,92,#EB09AB
318,96,92,#EB09A7
319,96,92,#EB09A3
320,96,92,#EB09A0
321,96,92,#EB099C
322,96,92,#EB0998
323,96,92,#EB0994
324,96,92,#EB0991
325,96,92,#EB098D
326,96,92,#EB0989
327,96,92,#EB0985
328,96,92,#EB0981
329,96,92,#EB097E
330,96,92,#EB097A
331,96,92,#EB0976
332,96,92,#EB0972
333,96,92,#EB096F
334,96,92,#EB096B
335,96,92,#EB0967
336,96,92,#EB0963
337,96,92,#EB0960
338,96,92,#EB095C
339,96,92,#EB0958
340,96,92,#EB0954
341,96,92,#EB0951
342,96,92,#EB094D
343,96,92,#EB0949
344,96,92,#EB0945
345,96,92,#EB0942
346,96,92,#EB093E
347,96,92,#EB093A
348,96,92,#EB0936
349,96,92,#EB0933
350,96,92,#EB092F
351,96,92,#EB092B
352,96,92,#EB0927
353,96,92,#EB0924
354,96,92,#EB0920
355,96,92,#EB091C
356,96,92,#EB0918
357,96,92,#EB0915
358,96,92,#EB0911
359,96,92,#EB090D
0,95,92,#EB0C0C
1,95,92,#EB0F0C
2,95,92,#EB130C
3,95,92,#EB170C
4,95,92,#EB1B0C
5,95,92,#EB1E0C
6,95,92,#EB220C
7,95,92,#EB260C
8,95,92,#EB290C
9,95,92,#EB2D0C
10,95,92,#EB310C
11,95,92,#EB350C
12,95,92,#EB380C
13,95,92,#EB3C0C
14,95,92,#EB400C
15,95,92,#EB430C
16,95,92,#EB470C
17,95,92,#EB4B0C
18,95,92,#EB4F0C
19,95,92,#EB520C
20,95,92,#EB560C
21,95,92,#EB5A0C
22,95,92,#EB5D0C
23,95,92,#EB610C
24,95,92,#EB650C
25,95,92,#EB690C
26,95,92,#EB6C0C
27,95,92,#EB700C
28,95,92,#EB740C
29,95,92,#EB770C
30,95,92,#EB7B0C
31,95,92,#EB7F0C
32,95,92,#EB830C
33,95,92,#EB860C
34,95,92,#EB8A0C
35,95,92,#EB8E0C
36,95,92,#EB910C
37,95,92,#EB950C
38,95,92,#EB990C
39,95,92,#EB9D0C
40,95,92,#EBA00C
41,95,92,#EBA40C
42,95,92,#EBA80C
43,95,92,#EBAB0C
44,95,92,#EBAF0C
45,95,92,#EBB30C
46,95,92,#EBB70C
47,95,92,#EBBA0C
48,95,92,#EBBE0C
49,95,92,#EBC20C
50,95,92,#EBC50C
51,95,92,#EBC90C
52,95,92,#EBCD0C
53,95,92,#EBD10C
54,95,92,#EBD40C
55,95,92,#EBD80C
56,95,92,#EBDC0C
57,95,92,#EBDF0C
58,95,92,#EBE30C
59,95,92,#EBE70C
60,95,92,#EBEB0C
61,95,92,#E7EB0C
62,95,92,#E3EB0C
63,95,92,#DFEB0C
64,95,92,#DCEB0C
65,95,92,#D8EB0C
66,95,92,#D4EB0C
67,95,92,#D1EB0C
68,95,92,#CDEB0C
69,95,92,#C9EB0C
70,95,92,#C5EB0C
71,95,92,#C2EB0C
72,95,92,#BEEB0C
73,95,92,#BAEB0C
74,95,92,#B7EB0C
75,95,92,#B3EB0C
76,95,92,#AFEB0C
77,95,92,#ABEB0C
78,95,92,#A8EB0C
79,95,92,#A4EB0C
80,95,92,#A0EB0C
81,95,92,#9DEB0C
82,95,92,#99EB0C
83,95,92,#95EB0C
84,95,92,#91EB0C
85,95,92,#8EEB0C
86,95,92,#8AEB0C
87,95,92,#86EB0C
88,95,92,#83EB0C
89,95,92,#7FEB0C
90,95,92,#7BEB0C
91,95,92,#77EB0C
92,95,92,#74EB0C
93,95,92,#70EB0C
94,95,92,#6CEB0C
95,95,92,#69EB0C
96,95,92,#65EB0C
97,95,92,#61EB0C
98,95,92,#5DEB0C
99,95,92,#5AEB0C
100,95,92,#56EB0C
101,95,92,#52EB0C
102,95,92,#4FEB0C
103,95,92,#4BEB0C
104,95,92,#47EB0C
105,95,92,#43EB0C
106,95,92,#40EB0C
107,95,92,#3CEB0C
108,95,92,#38EB0C
109,95,92,#35EB0C
110,95,92,#31EB0C
111,95,92,#2DEB0C
112,95,92,#29EB0C
113,95,92,#26EB0C
114,95,92,#22EB0C
115,95,92,#1EEB0C
116,95,92,#1BEB0C
117,95,92,#17EB0C
118,95,92,#13EB0C
119,95,92,#0FEB0C
120,95,92,#0CEB0C
121,95,92,#0CEB0F
122,95,92,#0CEB13
123,95,92,#0CEB17
124,95,92,#0CEB1B
125,95,92,#0CEB1E
126,95,92,#0CEB22
127,95,92,#0CEB26
128,95,92,#0CEB29
129,95,92,#0CEB2D
130,95,92,#0CEB31
131,95,92,#0CEB35
132,95,92,#0CEB38
133,95,92,#0CEB3C
134,95,92,#0CEB40
135,95,92,#0CEB43
136,95,92,#0CEB47
137,95,92,#0CEB4B
138,95,92,#0CEB4F
139,95,92,#0CEB52
140,95,92,#0CEB56
141,95,92,#0CEB5A
142,95,92,#0CEB5D
143,95,92,#0CEB61
144,95,92,#0CEB65
145,95,92,#0CEB69
146,95,92,#0CEB6C
147,95,92,#0CEB70
148,95,92,#0CEB74
149,95,92,#0CEB77
150,95,92,#0CEB7B
151,95,92,#0CEB7F
152,95,92,#0CEB83
153,95,92,#0CEB86
154,95,92,#0CEB8A
155,95,92,#0CEB8E
156,95,92,#0CEB91
157,95,92,#0CEB95
158,95,92,#0CEB99
159,95,92,#0CEB9D
160,95,92,#0CEBA0
161,95,92,#0CEBA4
162,95,92,#0CEBA8
163,95,92,#0CEBAB
164,95,92,#0CEBAF
165,95,92,#0CEBB3
166,95,92,#0CEBB7
167,95,92,#0CEBBA
168,95,92,#0CEBBE
169,95,92,#0CEBC2
170,95,92,#0CEBC5
171,95,92,#0CEBC9
172,95,92,#0CEBCD
173,95,92,#0CEBD1
174,95,92,#0CEBD4
175,95,92,#0CEBD8
176,95,92,#0CEBDC
177,95,92,#0CEBDF
178,95,92,#0CEBE3
179,95,92,#0CEBE7
180,95,92,#0CEBEB
181,95,92,#0CE7EB
182,95,92,#0CE3EB
183,95,92,#0CDFEB
184,95,92,#0CDCEB
185,95,92,#0CD8EB
186,95,92,#0CD4EB
187,95,92,#0CD1EB
188,95,92,#0CCDEB
189,95,92,#0CC9EB
190,95,92,#0CC5EB
191,95,92,#0CC2EB
192,95,92,#0CBEEB
193,95,92,#0CBAEB
194,95,92,#0CB7EB
195,95,92,#0CB3EB
196,95,92,#0CAFEB
197,95,92,#0CABEB
198,95,92,#0CA8EB
199,95,92,#0CA4EB
200,95,92,#0CA0EB
201,95,92,#0C9DEB
202,95,92,#0C99EB
203,95,92,#0C95EB
204,95,92,#0C91EB
205,95,92,#0C8EEB
206,95,92,#0C8AEB
207,95,92,#0C86EB
208,95,92,#0C83EB
209,95,92,#0C7FEB
210,95,92,#0C7BEB
211,95,92,#0C77EB
212,95,92,#0C74EB
213,95,92,#0C70EB
214,95,92,#0C6CEB
215,95,92,#0C69EB
216,95,92,#0C65EB
217,95,92,#0C61EB
218,95,92,#0C5DEB
219,95,92,#0C5AEB
220,95,92,#0C56EB
221,95,92,#0C52EB
222,95,92,#0C4FEB
223,95,92,#0C4BEB
224,95,92,#0C47EB
225,95,92,#0C43EB
226,95,92,#0C40EB
227,95,92,#0C3CEB
228,95,92,#0C38EB
229,95,92,#0C35EB
230,95,92,#0C31EB
231,95,92,#0C2DEB
232,95,92,#0C29EB
233,95,92,#0C26EB
234,95,92,#0C22EB
235,95,92,#0C1EEB
236,95,92,#0C1BEB
237,95,92,#0C17EB
238,95,92,#0C13EB
239,95,92,#0C0FEB
240,95,92,#0C0CEB
241,95,92,#0F0CEB
242,95,92,#130CEB
243,95,92,#170CEB
244,95,92,#1B0CEB
245,95,92,#1E0CEB
246,95,92,#220CEB
247,95,92,#260CEB
248,95,92,#290CEB
249,95,92,#2D0CEB
250,95,92,#310CEB
251,95,92,#350CEB
252,95,92,#380CEB
253,95,92,#3C0CEB
254,95,92,#400CEB
255,95,92,#430CEB
256,95,92,#470CEB
257,95,92,#4B0CEB
258,95,92,#4F0CEB
259,95,92,#520CEB
260,95,92,#560CEB
261,95,92,#5A0CEB
262,95,92,#5D0CEB
263,95,92,#610CEB
264,95,92,#650CEB
265,95,92,#690CEB
266,95,92,#6C0CEB
267,95,92,#700CEB
268,95,92,#740CEB
269,95,92,#770CEB
270,95,92,#7B0CEB
271,95,92,#7F0CEB
272,95,92,#830CEB
273,95,92,#860CEB
274,95,92,#8A0CEB
275,95,92,#8E0CEB
276,95,92,#910CEB
277,95,92,#950CEB
278,95,92,#990CEB
279,95,92,#9D0CEB
280,95,92,#A00CEB
281,95,92,#A40CEB
282,95,92,#A80CEB
283,95,92,#AB0CEB
284,95,92,#AF0CEB
285,95,92,#B30CEB
286,95,92,#B70CEB
287,95,92,#BA0CEB
288,95,92,#BE0CEB
289,95,92,#C20CEB
290,95,92,#C50CEB
291,95,92,#C90CEB
292,95,92,#CD0CEB
293,95,92,#D10CEB
294,95,92,#D40CEB
295,95,92,#D80CEB
296,95,92,#DC0CEB
297,95,92,#DF0CEB
298,95,92,#E30CEB
299,95,92,#E70CEB
300,95,92,#EB0CEB
301,95,92,#EB0CE7
302,95,92,#EB0CE3
303,95,92,#EB0CDF
304,95,92,#EB0CDC
305,95,92,#EB0CD8
306,95,92,#EB0CD4
307,95,92,#EB0CD1
308,95,92,#EB0CCD
309,95,92,#EB0CC9
310,95,92,#EB0CC5
311,95,92,#EB0CC2
312,95,92,#EB0CBE
313,95,92,#EB0CBA
314,95,92,#EB0CB7
315,95,92,#EB0CB3
316,95,92,#EB0CAF
317,95,92,#EB0CAB
318,95,92,#EB0CA8
319,95,92,#EB0CA4
320,95,92,#EB0CA0
321,95,92,#EB0C9D
322,95,92,#EB0C99
323,95,92,#EB0C95
324,95,92,#EB0C91
325,95,92,#EB0C8E
326,95,92,#EB0C8A
327,95,92,#EB0C86
328,95,92,#EB0C83
329,95,92,#EB0C7F
330,95,92,#EB0C7B
331,95,92,#EB0C77
332,95,92,#EB0C74
333,95,92,#EB0C70
334,95,92,#EB0C6C
335,95,92,#EB0C69
336,95,92,#EB0C65
337,95,92,#EB0C61
338,95,92,#EB0C5D
339,95,92,#EB0C5A
340,95,92,#EB0C56
341,95,92,#EB0C52
342,95,92,#EB0C4F
343,95,92,#EB0C4B
344,95,92,#EB0C47
345,95,92,#EB0C43
346,95,92,#EB0C40
347,95,92,#EB0C3C
348,95,92,#EB0C38
349,95,92,#EB0C35
350,95,92,#EB0C31
351,95,92,#EB0C2D
352,95,92,#EB0C29
353,95,92,#EB0C26
354,95,92,#EB0C22
355,95,92,#EB0C1E
356,95,92,#EB0C1B
357,95,92,#EB0C17
358,95,92,#EB0C13
359,95,92,#EB0C0F
0,94,92,#EB0E0E
1,94,92,#EB120E
2,94,92,#EB150E
3,94,92,#EB190E
4,94,92,#EB1D0E
5,94,92,#EB200E
6,94,92,#EB240E
7,94,92,#EB280E
8,94,92,#EB2B0E
9,94,92,#EB2F0E
10,94,92,#EB330E
11,94,92,#EB370E
12,94,92,#EB3A0E
13,94,92,#EB3E0E
14,94,92,#EB420E
15,94,92,#EB450E
16,94,92,#EB490E
17,94,92,#EB4D0E
18,94,92,#EB500E
19,94,92,#EB540E
20,94,92,#EB580E
21,94,92,#EB5B0E
22,94,92,#EB5F0E
23,94,92,#EB630E
24,94,92,#EB660E
25,94,92,#EB6A0E
26,94,92,#EB6E0E
27,94,92,#EB710E
28,94,92,#EB750E
29,94,92,#EB790E
30,94,92,#EB7C0E
31,94,92,#EB800E
32,94,92,#EB840E
33,94,92,#EB870E
34,94,92,#EB8B0E
35,94,92,#EB8F0E
36,94,92,#EB920E
37,94,92,#EB960E
38,94,92,#EB9A0E
39,94,92,#EB9D0E
40,94,92,#EBA10E
41,94,92,#EBA50E
42,94,92,#EBA80E
43,94,92,#EBAC0E
44,94,92,#EBB00E
45,94,92,#EBB30E
46,94,92,#EBB70E
47,94,92,#EBBB0E
48,94,92,#EBBE0E
49,94,92,#EBC20E
50,94,92,#EBC60E
51,94,92,#EBCA0E
52,94,92,#EBCD0E
53,94,92,#EBD10E
54,94,92,#EBD50E
55,94,92,#EBD80E
56,94,92,#EBDC0E
57,94,92,#EBE00E
58,94,92,#EBE30E
59,94,92,#EBE70E
60,94,92,#EBEB0E
61,94,92,#E7EB0E
62,94,92,#E3EB0E
63,94,92,#E0EB0E
64,94,92,#DCEB0E
65,94,92,#D8EB0E
66,94,92,#D5EB0E
67,94,92,#D1EB0E
68,94,92,#CDEB0E
69,94,92,#CAEB0E
70,94,92,#C6EB0E
71,94,92,#C2EB0E
72,94,92,#BEEB0E
73,94,92,#BBEB0E
74,94,92,#B7EB0E
75,94,92,#B3EB0E
76,94,92,#B0EB0E
77,94,92,#ACEB0E
78,94,92,#A8EB0E
79,94,92,#A5EB0E
80,94,92,#A1EB0E
81,94,92,#9DEB0E
82,94,92,#9AEB0E
83,94,92,#96EB0E
84,94,92,#92EB0E
85,94,92,#8FEB0E
86,94,92,#8BEB0E
87,94,92,#87EB0E
88,94,92,#84EB0E
89,94,92,#80EB0E
90,94,92,#7CEB0E
91,94,92,#79EB0E
92,94,92,#75EB0E
93,94,92,#71EB0E
94,94,92,#6EEB0E
95,94,92,#6AEB0E
96,94,92,#66EB0E
97,94,92,#63EB0E
98,94,92,#5FEB0E
99,94,92,#5BEB0E
100,94,92,#58EB0E
101,94,92,#54EB0E
102,94,92,#50EB0E
103,94,92,#4DEB0E
104,94,92,#49EB0E
105,94,92,#45EB0E
106,94,92,#42EB0E
107,94,92,#3EEB0E
108,94,92,#3AEB0E
109,94,92,#37EB0E
110,94,92,#33EB0E
111,94,92,#2FEB0E
112,94,92,#2BEB0E
113,94,92,#28EB0E
114,94,92,#24EB0E
115,94,92,#20EB0E
116,94,92,#1DEB0E
117,94,92,#19EB0E
118,94,92,#15EB0E
119,94,92,#12EB0E
120,94,92,#0EEB0E
121,94,92,#0EEB12
122,94,92,#0EEB15
123,94,92,#0EEB19
124,94,92,#0EEB1D
125,94,92,#0EEB20
126,94,92,#0EEB24
127,94,92,#0EEB28
128,94,92,#0EEB2B
129,94,92,#0EEB2F
130,94,92,#0EEB33
131,94,92,#0EEB37
132,94,92,#0EEB3A
133,94,92,#0EEB3E
134,94,92,#0EEB42
135,94,92,#0EEB45
136,94,92,#0EEB49
137,94,92,#0EEB4D
138,94,92,#0EEB50
139,94,92,#0EEB54
140,94,92,#0EEB58
141,94,92,#0EEB5B
142,94,92,#0EEB5F
143,94,92,#0EEB63
144,94,92,#0EEB66
145,94,92,#0EEB6A
146,94,92,#0EEB6E
147,94,92,#0EEB71
148,94,92,#0EEB75
149,94,92,#0EEB79
150,94,92,#0EEB7C
151,94,92,#0EEB80
152,94,92,#0EEB84
153,94,92,#0EEB87
154,94,92,#0EEB8B
155,94,92,#0EEB8F
156,94,92,#0EEB92
157,94,92,#0EEB96
158,94,92,#0EEB9A
159,94,92,#0EEB9D
160,94,92,#0EEBA1
161,94,92,#0EEBA5
162,94,92,#0EEBA8
163,94,92,#0EEBAC
164,94,92,#0EEBB0
165,94,92,#0EEBB3
166,94,92,#0EEBB7
167,94,92,#0EEBBB
168,94,92,#0EEBBE
169,94,92,#0EEBC2
170,94,92,#0EEBC6
171,94,92,#0EEBCA
172,94,92,#0EEBCD
173,94,92,#0EEBD1
174,94,92,#0EEBD5
175,94,92,#0EEBD8
176,94,92,#0EEBDC
177,94,92,#0EEBE0
178,94,92,#0EEBE3
179,94,92,#0EEBE7
180,94,92,#0EEBEB
181,94,92,#0EE7EB
182,94,92,#0EE3EB
183,94,92,#0EE0EB
184,94,92,#0EDCEB
185,94,92,#0ED8EB
186,94,92,#0ED5EB
187,94,92,#0ED1EB
188,94,92,#0ECDEB
189,94,92,#0ECAEB
190,94,92,#0EC6EB
191,94,92,#0EC2EB
192,94,92,#0EBEEB
193,94,92,#0EBBEB
194,94,92,#0EB7EB
195,94,92,#0EB3EB
196,94,92,#0EB0EB
197,94,92,#0EACEB
198,94,92,#0EA8EB
199,94,92,#0EA5EB
200,94,92,#0EA1EB
201,94,92,#0E9DEB
202,94,92,#0E9AEB
203,94,92,#0E96EB
204,94,92,#0E92EB
205,94,92,#0E8FEB
206,94,92,#0E8BEB
207,94,92,#0E87EB
208,94,92,#0E84EB
209,94,92,#0E80EB
210,94,92,#0E7CEB
211,94,92,#0E79EB
212,94,92,#0E75EB
213,94,92,#0E71EB
214,94,92,#0E6EEB
215,94,92,#0E6AEB
216,94,92,#0E66EB
217,94,92,#0E63EB
218,94,92,#0E5FEB
219,94,92,#0E5BEB
220,94,92,#0E58EB
221,94,92,#0E54EB
222,94,92,#0E50EB
223,94,92,#0E4DEB
224,94,92,#0E49EB
225,94,92,#0E45EB
226,94,92,#0E42EB
227,94,92,#0E3EEB
228,94,92,#0E3AEB
229,94,92,#0E37EB
230,94,92,#0E33EB
231,94,92,#0E2FEB
232,94,92,#0E2BEB
233,94,92,#0E28EB
234,94,92,#0E24EB
235,94,92,#0E20EB
236,94,92,#0E1DEB
237,94,92,#0E19EB
238,94,92,#0E15EB
239,94,92,#0E12EB
240,94,92,#0E0EEB
241,94,92,#120EEB
242,94,92,#150EEB
243,94,92,#190EEB
244,94,92,#1D0EEB
245,94,92,#200EEB
246,94,92,#240EEB
247,94,92,#280EEB
248,94,92,#2B0EEB
249,94,92,#2F0EEB
250,94,92,#330EEB
251,94,92,#370EEB
252,94,92,#3A0EEB
253,94,92,#3E0EEB
254,94,92,#420EEB
255,94,92,#450EEB
256,94,92,#490EEB
257,94,92,#4D0EEB
258,94,92,#500EEB
259,94,92,#540EEB
260,94,92,#580EEB
261,94,92,#5B0EEB
262,94,92,#5F0EEB
263,94,92,#630EEB
264,94,92,#660EEB
265,94,92,#6A0EEB
266,94,92,#6E0EEB
267,94,92,#710EEB
268,94,92,#750EEB
269,94,92,#790EEB
270,94,92,#7C0EEB
271,94,92,#800EEB
272,94,92,#840EEB
273,94,92,#870EEB
274,94,92,#8B0EEB
275,94,92,#8F0EEB
276,94,92,#920EEB
277,94,92,#960EEB
278,94,92,#9A0EEB
279,94,92,#9D0EEB
280,94,92,#A10EEB
281,94,92,#A50EEB
282,94,92,#A80EEB
283,94,92,#AC0EEB
284,94,92,#B00EEB
285,94,92,#B30EEB
286,94,92,#B70EEB
287,94,92,#BB0EEB
288,94,92,#BE0EEB
289,94,92,#C20EEB
290,94,92,#C60EEB
291,94,92,#CA0EEB
292,94,92,#CD0EEB
293,94,92,#D10EEB
294,94,92,#D50EEB
295,94,92,#D80EEB
296,94,92,#DC0EEB
297,94,92,#E00EEB
298,94,92,#E30EEB
299,94,92,#E70EEB
300,94,92,#EB0EEB
301,94,92,#EB0EE7
302,94,92,#EB0EE3
303,94,92,#EB0EE0
304,94,92,#EB0EDC
305,94,92,#EB0ED8
306,94,92,#EB0ED5
307,94,92,#EB0ED1
308,94,92,#EB0ECD
309,94,92,#EB0ECA
310,94,92,#EB0EC6
311,94,92,#EB0EC2
312,94,92,#EB0EBE
313,94,92,#EB0EBB
314,94,92,#EB0EB7
315,94,92,#EB0EB3
316,94,92,#EB0EB0
317,94,92,#EB0EAC
318,94,92,#EB0EA8
319,94,92,#EB0EA5
320,94,92,#EB0EA1
321,94,92,#EB0E9D
322,94,92,#EB0E9A
323,94,92,#EB0E96
324,94,92,#EB0E92
325,94,92,#EB0E8F
326,94,92,#EB0E8B
327,94,92,#EB0E87
328,94,92,#EB0E84
329,94,92,#EB0E80
330,94,92,#EB0E7C
331,94,92,#EB0E79
332,94,92,#EB0E75
333,94,92,#EB0E71
334,94,92,#EB0E6E
335,94,92,#EB0E6A
336,94,92,#EB0E66
337,94,92,#EB0E63
338,94,92,#EB0E5F
339,94,92,#EB0E5B
340,94,92,#EB0E58
341,94,92,#EB0E54
342,94,92,#EB0E50
343,94,92,#EB0E4D
344,94,92,#EB0E49
345,94,92,#EB0E45
346,94,92,#EB0E42
347,94,92,#EB0E3E
348,94,92,#EB0E3A
349,94,92,#EB0E37
350,94,92,#EB0E33
351,94,92,#EB0E2F
352,94,92,#EB0E2B
353,94,92,#EB0E28
354,94,92,#EB0E24
355,94,92,#EB0E20
356,94,92,#EB0E1D
357,94,92,#EB0E19
358,94,92,#EB0E15
359,94,92,#EB0E12
0,93,92,#EB1010
1,93,92,#EB1410
2,93,92,#EB1810
3,93,92,#EB1B10
4,93,92,#EB1F10
5,93,92,#EB2310
6,93,92,#EB2610
7,93,92,#EB2A10
8,93,92,#EB2E10
9,93,92,#EB3110
10,93,92,#EB3510
11,93,92,#EB3810
12,93,92,#EB3C10
13,93,92,#EB4010
14,93,92,#EB4310
15,93,92,#EB4710
16,93,92,#EB4B10
17,93,92,#EB4E10
18,93,92,#EB5210
19,93,92,#EB5610
20,93,92,#EB5910
21,93,92,#EB5D10
22,93,92,#EB6010
23,93,92,#EB6410
24,93,92,#EB6810
25,93,92,#EB6B10
26,93,92,#EB6F10
27,93,92,#EB7310
28,93,92,#EB7610
29,93,92,#EB7A10
30,93,92,#EB7E10
31,93,92,#EB8110
32,93,92,#EB8510
33,93,92,#EB8810
34,93,92,#EB8C10
35,93,92,#EB9010
36,93,92,#EB9310
37,93,92,#EB9710
38,93,92,#EB9B10
39,93,92,#EB9E10
40,93,92,#EBA210
41,93,92,#EBA610
42,93,92,#EBA910
43,93,92,#EBAD10
44,93,92,#EBB010
45,93,92,#EBB410
46,93,92,#EBB810
47,93,92,#EBBB10
48,93,92,#EBBF10
49,93,92,#EBC310
50,93,92,#EBC610
51,93,92,#EBCA10
52,93,92,#EBCE10
53,93,92,#EBD110
54,93,92,#EBD510
55,93,92,#EBD810
56,93,92,#EBDC10
57,93,92,#EBE010
58,93,92,#EBE310
59,93,92,#EBE710
60,93,92,#EBEB10
61,93,92,#E7EB10
62,93,92,#E3EB10
63,93,92,#E0EB10
64,93,92,#DCEB10
65,93,92,#D8EB10
66,93,92,#D5EB10
67,93,92,#D1EB10
68,93,92,#CEEB10
69,93,92,#CAEB10
70,93,92,#C6EB10
71,93,92,#C3EB10
72,93,92,#BFEB10
73,93,92,#BBEB10
74,93,92,#B8EB10
75,93,92,#B4EB10
76,93,92,#B0EB10
77,93,92,#ADEB10
78,93,92,#A9EB10
79,93,92,#A6EB10
80,93,92,#A2EB10
81,93,92,#9EEB10
82,93,92,#9BEB10
83,93,92,#97EB10
84,93,92,#93EB10
85,93,92,#90EB10
86,93,92,#8CEB10
87,93,92,#88EB10
88,93,92,#85EB10
89,93,92,#81EB10
90,93,92,#7EEB10
91,93,92,#7AEB10
92,93,92,#76EB10
93,93,92,#73EB10
94,93,92,#6FEB10
95,93,92,#6BEB10
96,93,92,#68EB10
97,93,92,#64EB10
98,93,92,#60EB10
99,93,92,#5DEB10
100,93,92,#59EB10
101,93,92,#56EB10
102,93,92,#52EB10
103,93,92,#4EEB10
104,93,92,#4BEB10
105,93,92,#47EB10
106,93,92,#43EB10
107,93,92,#40EB10
108,93,92,#3CEB10
109,93,92,#38EB10
110,93,92,#35EB10
111,93,92,#31EB10
112,93,92,#2EEB10
113,93,92,#2AEB10
114,93,92,#26EB10
115,93,92,#23EB10
116,93,92,#1FEB10
117,93,92,#1BEB10
118,93,92,#18EB10
119,93,92,#14EB10
120,93,92,#10EB10
121,93,92,#10EB14
122,93,92,#10EB18
123,93,92,#10EB1B
124,93,92,#10EB1F
125,93,92,#10EB23
126,93,92,#10EB26
127,93,92,#10EB2A
128,93,92,#10EB2E
129,93,92,#10EB31
130,93,92,#10EB35
131,93,92,#10EB38
132,93,92,#10EB3C
133,93,92,#10EB40
134,93,92,#10EB43
135,93,92,#10EB47
136,93,92,#10EB4B
137,93,92,#10EB4E
138,93,92,#10EB52
139,93,92,#10EB56
140,93,92,#10EB59
141,93,92,#10EB5D
142,93,92,#10EB60
143,93,92,#10EB64
144,93,92,#10EB68
145,93,92,#10EB6B
146,93,92,#10EB6F
147,93,92,#10EB73
148,93,92,#10EB76
149,93,92,#10EB7A
150,93,92,#10EB7E
151,93,92,#10EB81
152,93,92,#10EB85
153,93,92,#10EB88
154,93,92,#10EB8C
155,93,92,#10EB90
156,93,92,#10EB93
157,93,92,#10EB97
158,93,92,#10EB9B
159,93,92,#10EB9E
160,93,92,#10EBA2
161,93,92,#10EBA6
162,93,92,#10EBA9
163,93,92,#10EBAD
164,93,92,#10EBB0
165,93,92,#10EBB4
166,93,92,#10EBB8
167,93,92,#10EBBB
168,93,92,#10EBBF
169,93,92,#10EBC3
170,93,92,#10EBC6
171,93,92,#10EBCA
172,93,92,#10EBCE
173,93,92,#10EBD1
174,93,92,#10EBD5
175,93,92,#10EBD8
176,93,92,#10EBDC
177,93,92,#10EBE0
178,93,92,#10EBE3
179,93,92,#10EBE7
180,93,92,#10EBEB
181,93,92,#10E7EB
182,93,92,#10E3EB
183,93,92,#10E0EB
184,93,92,#10DCEB
185,93,92,#10D8EB
186,93,92,#10D5EB
187,93,92,#10D1EB
188,93,92,#10CEEB
189,93,92,#10CAEB
190,93,92,#10C6EB
191,93,92,#10C3EB
192,93,92,#10BFEB
193,93,92,#10BBEB
194,93,92,#10B8EB
195,93,92,#10B4EB
196,93,92,#10B0EB
197,93,92,#10ADEB
198,93,92,#10A9EB
199,93,92,#10A6EB
200,93,92,#10A2EB
201,93,92,#109EEB
202,93,92,#109BEB
203,93,92,#1097EB
204,93,92,#1093EB
205,93,92,#1090EB
206,93,92,#108CEB
207,93,92,#1088EB
208,93,92,#1085EB
209,93,92,#1081EB
210,93,92,#107EEB
211,93,92,#107AEB
212,93,92,#1076EB
213,93,92,#1073EB
214,93,92,#106FEB
215,93,92,#106BEB
216,93,92,#1068EB
217,93,92,#1064EB
218,93,92,#1060EB
219,93,92,#105DEB
220,93,92,#1059EB
221,93,92,#1056EB
222,93,92,#1052EB
223,93,92,#104EEB
224,93,92,#104BEB
225,93,92,#1047EB
226,93,92,#1043EB
227,93,92,#1040EB
228,93,92,#103CEB
229,93,92,#1038EB
230,93,92,#1035EB
231,93,92,#1031EB
232,93,92,#102EEB
233,93,92,#102AEB
234,93,92,#1026EB
235,93,92,#1023EB
236,93,92,#101FEB
237,93,92,#101BEB
238,93,92,#1018EB
239,93,92,#1014EB
240,93,92,#1010EB
241,93,92,#1410EB
242,93,92,#1810EB
243,93,92,#1B10EB
244,93,92,#1F10EB
245,93,92,#2310EB
246,93,92,#2610EB
247,93,92,#2A10EB
248,93,92,#2E10EB
249,93,92,#3110EB
250,93,92,#3510EB
251,93,92,#3810EB
252,93,92,#3C10EB
253,93,92,#4010EB
254,93,92,#4310EB
255,93,92,#4710EB
256,93,92,#4B10EB
257,93,92,#4E10EB
258,93,92,#5210EB
259,93,92,#5610EB
260,93,92,#5910EB
261,93,92,#5D10EB
262,93,92,#6010EB
263,93,92,#6410EB
264,93,92,#6810EB
265,93,92,#6B10EB
266,93,92,#6F10EB
267,93,92,#7310EB
268,93,92,#7610EB
269,93,92,#7A10EB
270,93,92,#7E10EB
271,93,92,#8110EB
272,93,92,#8510EB
273,93,92,#8810EB
274,93,92,#8C10EB
275,93,92,#9010EB
276,93,92,#9310EB
277,93,92,#9710EB
278,93,92,#9B10EB
279,93,92,#9E10EB
280,93,92,#A210EB
281,93,92,#A610EB
282,93,92,#A910EB
283,93,92,#AD10EB
284,93,92,#B010EB
285,93,92,#B410EB
286,93,92,#B810EB
287,93,92,#BB10EB
288,93,92,#BF10EB
289,93,92,#C310EB
290,93,92,#C610EB
291,93,92,#CA10EB
292,93,92,#CE10EB
293,93,92,#D110EB
294,93,92,#D510EB
295,93,92,#D810EB
296,93,92,#DC10EB
297,93,92,#E010EB
298,93,92,#E310EB
299,93,92,#E710EB
300,93,92,#EB10EB
301,93,92,#EB10E7
302,93,92,#EB10E3
303,93,92,#EB10E0
304,93,92,#EB10DC
305,93,92,#EB10D8
306,93,92,#EB10D5
307,93,92,#EB10D1
308,93,92,#EB10CE
309,93,92,#EB10CA
310,93,92,#EB10C6
311,93,92,#EB10C3
312,93,92,#EB10BF
313,93,92,#EB10BB
314,93,92,#EB10B8
315,93,92,#EB10B4
316,93,92,#EB10B0
317,93,92,#EB10AD
318,93,92,#EB10A9
319,93,92,#EB10A6
320,93,92,#EB10A2
321,93,92,#EB109E
322,93,92,#EB109B
323,93,92,#EB1097
324,93,92,#EB1093
325,93,92,#EB1090
326,93,92,#EB108C
327,93,92,#EB1088
328,93,92,#EB1085
329,93,92,#EB1081
330,93,92,#EB107E
331,93,92,#EB107A
332,93,92,#EB1076
333,93,92,#EB1073
334,93,92,#EB106F
335,93,92,#EB106B
336,93,92,#EB1068
337,93,92,#EB1064
338,93,92,#EB1060
339,93,92,#EB105D
340,93,92,#EB1059
341,93,92,#EB1056
342,93,92,#EB1052
343,93,92,#EB104E
344,93,92,#EB104B
345,93,92,#EB1047
346,93,92,#EB1043
347,93,92,#EB1040
348,93,92,#EB103C
349,93,92,#EB1038
350,93,92,#EB1035
351,93,92,#EB1031
352,93,92,#EB102E
353,93,92,#EB102A
354,93,92,#EB1026
355,93,92,#EB1023
356,93,92,#EB101F
357,93,92,#EB101B
358,93,92,#EB1018
359,93,92,#EB1014
0,92,92,#EB1313
1,92,92,#EB1613
2,92,92,#EB1A13
3,92,92,#EB1E13
4,92,92,#EB2113
5,92,92,#EB2513
6,92,92,#EB2813
7,92,92,#EB2C13
8,92,92,#EB3013
9,92,92,#EB3313
10,92,92,#EB3713
11,92,92,#EB3A13
12,92,92,#EB3E13
13,92,92,#EB4213
14,92,92,#EB4513
15,92,92,#EB4913
16,92,92,#EB4C13
17,92,92,#EB5013
18,92,92,#EB5413
19,92,92,#EB5713
20,92,92,#EB5B13
21,92,92,#EB5E13
22,92,92,#EB6213
23,92,92,#EB6613
24,92,92,#EB6913
25,92,92,#EB6D13
26,92,92,#EB7013
27,92,92,#EB7413
28,92,92,#EB7713
29,92,92,#EB7B13
30,92,92,#EB7F13
31,92,92,#EB8213
32,92,92,#EB8613
33,92,92,#EB8913
34,92,92,#EB8D13
35,92,92,#EB9113
36,92,92,#EB9413
37,92,92,#EB9813
38,92,92,#EB9B13
39,92,92,#EB9F13
40,92,92,#EBA313
41,92,92,#EBA613
42,92,92,#EBAA13
43,92,92,#EBAD13
44,92,92,#EBB113
45,92,92,#EBB513
46,92,92,#EBB813
47,92,92,#EBBC13
48,92,92,#EBBF13
49,92,92,#EBC313
50,92,92,#EBC713
51,92,92,#EBCA13
52,92,92,#EBCE13
53,92,92,#EBD113
54,92,92,#EBD513
55,92,92,#EBD913
56,92,92,#EBDC13
57,92,92,#EBE013
58,92,92,#EBE313
59,92,92,#EBE713
60,92,92,#EBEB13
61,92,92,#E7EB13
62,92,92,#E3EB13
63,92,92,#E0EB13
64,92,92,#DCEB13
65,92,92,#D9EB13
66,92,92,#D5EB13
67,92,92,#D1EB13
68,92,92,#CEEB13
69,92,92,#CAEB13
70,92,92,#C7EB13
71,92,92,#C3EB13
72,92,92,#BFEB13
73,92,92,#BCEB13
74,92,92,#B8EB13
75,92,92,#B5EB13
76,92,92,#B1EB13
77,92,92,#ADEB13
78,92,92,#AAEB13
79,92,92,#A6EB13
80,92,92,#A3EB13
81,92,92,#9FEB13
82,92,92,#9BEB13
83,92,92,#98EB13
84,92,92,#94EB13
85,92,92,#91EB13
86,92,92,#8DEB13
87,92,92,#89EB13
88,92,92,#86EB13
89,92,92,#82EB13
90,92,92,#7FEB13
91,92,92,#7BEB13
92,92,92,#77EB13
93,92,92,#74EB13
94,92,92,#70EB13
95,92,92,#6DEB13
96,92,92,#69EB13
97,92,92,#66EB13
98,92,92,#62EB13
99,92,92,#5EEB13
100,92,92,#5BEB13
101,92,92,#57EB13
102,92,92,#54EB13
103,92,92,#50EB13
104,92,92,#4CEB13
105,92,92,#49EB13
106,92,92,#45EB13
107,92,92,#42EB13
108,92,92,#3EEB13
109,92,92,#3AEB13
110,92,92,#37EB13
111,92,92,#33EB13
112,92,92,#30EB13
113,92,92,#2CEB13
114,92,92,#28EB13
115,92,92,#25EB13
116,92,92,#21EB13
117,92,92,#1EEB13
118,92,92,#1AEB13
119,92,92,#16EB13
120,92,92,#13EB13
121,92,92,#13EB16
122,92,92,#13EB1A
123,92,92,#13EB1E
124,92,92,#13EB21
125,92,92,#13EB25
126,92,92,#13EB28
127,92,92,#13EB2C
128,92,92,#13EB30
129,92,92,#13EB33
130,92,92,#13EB37
131,92,92,#13EB3A
132,92,92,#13EB3E
133,92,92,#13EB42
134,92,92,#13EB45
135,92,92,#13EB49
136,92,92,#13EB4C
137,92,92,#13EB50
138,92,92,#13EB54
139,92,92,#13EB57
140,92,92,#13EB5B
141,92,92,#13EB5E
142,92,92,#13EB62
143,92,92,#13EB66
144,92,92,#13EB69
145,92,92,#13EB6D
146,92,92,#13EB70
147,92,92,#13EB74
148,92,92,#13EB77
149,92,92,#13EB7B
150,92,92,#13EB7F
151,92,92,#13EB82
152,92,92,#13EB86
153,92,92,#13EB89
154,92,92,#13EB8D
155,92,92,#13EB91
156,92,92,#13EB94
157,92,92,#13EB98
158,92,92,#13EB9B
159,92,92,#13EB9F
160,92,92,#13EBA3
161,92,92,#13EBA6
162,92,92,#13EBAA
163,92,92,#13EBAD
164,92,92,#13EBB1
165,92,92,#13EBB5
166,92,92,#13EBB8
167,92,92,#13EBBC
168,92,92,#13EBBF
169,92,92,#13EBC3
170,92,92,#13EBC7
171,92,92,#13EBCA
172,92,92,#13EBCE
173,92,92,#13EBD1
174,92,92,#13EBD5
175,92,92,#13EBD9
176,92,92,#13EBDC
177,92,92,#13EBE0
178,92,92,#13EBE3
179,92,92,#13EBE7
180,92,92,#13EBEB
181,92,92,#13E7EB
182,92,92,#13E3EB
183,92,92,#13E0EB
184,92,92,#13DCEB
185,92,92,#13D9EB
186,92,92,#13D5EB
187,92,92,#13D1EB
188,92,92,#13CEEB
189,92,92,#13CAEB
190,92,92,#13C7EB
191,92,92,#13C3EB
192,92,92,#13BFEB
193,92,92,#13BCEB
194,92,92,#13B8EB
195,92,92,#13B5EB
196,92,92,#13B1EB
197,92,92,#13ADEB
198,92,92,#13AAEB
199,92,92,#13A6EB
200,92,92,#13A3EB
201,92,92,#139FEB
202,92,92,#139BEB
203,92,92,#1398EB
204,92,92,#1394EB
205,92,92,#1391EB
206,92,92,#138DEB
207,92,92,#1389EB
208,92,92,#1386EB
209,92,92,#1382EB
210,92,92,#137FEB
211,92,92,#137BEB
212,92,92,#1377EB
213,92,92,#1374EB
214,92,92,#1370EB
215,92,92,#136DEB
216,92,92,#1369EB
217,92,92,#1366EB
218,92,92,#1362EB
219,92,92,#135EEB
220,92,92,#135BEB
221,92,92,#1357EB
222,92,92,#1354EB
223,92,92,#1350EB
224,92,92,#134CEB
225,92,92,#1349EB
226,92,92,#1345EB
227,92,92,#1342EB
228,92,92,#133EEB
229,92,92,#133AEB
230,92,92,#1337EB
231,92,92,#1333EB
232,92,92,#1330EB
233,92,92,#132CEB
234,92,92,#1328EB
235,92,92,#1325EB
236,92,92,#1321EB
237,92,92,#131EEB
238,92,92,#131AEB
239,92,92,#1316EB
240,92,92,#1313EB
241,92,92,#1613EB
242,92,92,#1A13EB
243,92,92,#1E13EB
244,92,92,#2113EB
245,92,92,#2513EB
246,92,92,#2813EB
247,92,92,#2C13EB
248,92,92,#3013EB
249,92,92,#3313EB
250,92,92,#3713EB
251,92,92,#3A13EB
252,92,92,#3E13EB
253,92,92,#4213EB
254,92,92,#4513EB
255,92,92,#4913EB
256,92,92,#4C13EB
257,92,92,#5013EB
258,92,92,#5413EB
259,92,92,#5713EB
260,92,92,#5B13EB
261,92,92,#5E13EB
262,92,92,#6213EB
263,92,92,#6613EB
264,92,92,#6913EB
265,92,92,#6D13EB
266,92,92,#7013EB
267,92,92,#7413EB
268,92,92,#7713EB
269,92,92,#7B13EB
270,92,92,#7F13EB
271,92,92,#8213EB
272,92,92,#8613EB
273,92,92,#8913EB
274,92,92,#8D13EB
275,92,92,#9113EB
276,92,92,#9413EB
277,92,92,#9813EB
278,92,92,#9B13EB
279,92,92,#9F13EB
280,92,92,#A313EB
281,92,92,#A613EB
282,92,92,#AA13EB
283,92,92,#AD13EB
284,92,92,#B113EB
285,92,92,#B513EB
286,92,92,#B813EB
287,92,92,#BC13EB
288,92,92,#BF13EB
289,92,92,#C313EB
290,92,92,#C713EB
291,92,92,#CA13EB
292,92,92,#CE13EB
293,92,92,#D113EB
294,92,92,#D513EB
295,92,92,#D913EB
296,92,92,#DC13EB
297,92,92,#E013EB
298,92,92,#E313EB
299,92,92,#E713EB
300,92,92,#EB13EB
301,92,92,#EB13E7
302,92,92,#EB13E3
303,92,92,#EB13E0
304,92,92,#EB13DC
305,92,92,#EB13D9
306,92,92,#EB13D5
307,92,92,#EB13D1
308,92,92,#EB13CE
309,92,92,#EB13CA
310,92,92,#EB13C7
311,92,92,#EB13C3
312,92,92,#EB13BF
313,92,92,#EB13BC
314,92,92,#EB13B8
315,92,92,#EB13B5
316,92,92,#EB13B1
317,92,92,#EB13AD
318,92,92,#EB13AA
319,92,92,#EB13A6
320,92,92,#EB13A3
321,92,92,#EB139F
322,92,92,#EB139B
323,92,92,#EB1398
324,92,92,#EB1394
325,92,92,#EB1391
326,92,92,#EB138D
327,92,92,#EB1389
328,92,92,#EB1386
329,92,92,#EB1382
330,92,92,#EB137F
331,92,92,#EB137B
332,92,92,#EB1377
333,92,92,#EB1374
334,92,92,#EB1370
335,92,92,#EB136D
336,92,92,#EB1369
337,92,92,#EB1366
338,92,92,#EB1362
339,92,92,#EB135E
340,92,92,#EB135B
341,92,92,#EB1357
342,92,92,#EB1354
343,92,92,#EB1350
344,92,92,#EB134C
345,92,92,#EB1349
346,92,92,#EB1345
347,92,92,#EB1342
348,92,92,#EB133E
349,92,92,#EB133A
350,92,92,#EB1337
351,92,92,#EB1333
352,92,92,#EB1330
353,92,92,#EB132C
354,92,92,#EB1328
355,92,92,#EB1325
356,92,92,#EB1321
357,92,92,#EB131E
358,92,92,#EB131A
359,92,92,#EB1316
0,91,92,#EB1515
1,91,92,#EB1915
2,91,92,#EB1C15
3,91,92,#EB2015
4,91,92,#EB2315
5,91,92,#EB2715
6,91,92,#EB2A15
7,91,92,#EB2E15
8,91,92,#EB3215
9,91,92,#EB3515
10,91,92,#EB3915
11,91,92,#EB3C15
12,91,92,#EB4015
13,91,92,#EB4315
14,91,92,#EB4715
15,91,92,#EB4A15
16,91,92,#EB4E15
17,91,92,#EB5215
18,91,92,#EB5515
19,91,92,#EB5915
20,91,92,#EB5C15
21,91,92,#EB6015
22,91,92,#EB6315
23,91,92,#EB6715
24,91,92,#EB6B15
25,91,92,#EB6E15
26,91,92,#EB7215
27,91,92,#EB7515
28,91,92,#EB7915
29,91,92,#EB7C15
30,91,92,#EB8015
31,91,92,#EB8315
32,91,92,#EB8715
33,91,92,#EB8B15
34,91,92,#EB8E15
35,91,92,#EB9215
36,91,92,#EB9515
37,91,92,#EB9915
38,91,92,#EB9C15
39,91,92,#EBA015
40,91,92,#EBA315
41,91,92,#EBA715
42,91,92,#EBAB15
43,91,92,#EBAE15
44,91,92,#EBB215
45,91,92,#EBB515
46,91,92,#EBB915
47,91,92,#EBBC15
48,91,92,#EBC015
49,91,92,#EBC315
50,91,92,#EBC715
51,91,92,#EBCB15
52,91,92,#EBCE15
53,91,92,#EBD215
54,91,92,#EBD515
55,91,92,#EBD915
56,91,92,#EBDC15
57,91,92,#EBE015
58,91,92,#EBE315
59,91,92,#EBE715
60,91,92,#EBEB15
61,91,92,#E7EB15
62,91,92,#E3EB15
63,91,92,#E0EB15
64,91,92,#DCEB15
65,91,92,#D9EB15
66,91,92,#D5EB15
67,91,92,#D2EB15
68,91,92,#CEEB15
69,91,92,#CBEB15
70,91,92,#C7EB15
71,91,92,#C3EB15
72,91,92,#C0EB15
73,91,92,#BCEB15
74,91,92,#B9EB15
75,91,92,#B5EB15
76,91,92,#B2EB15
77,91,92,#AEEB15
78,91,92,#ABEB15
79,91,92,#A7EB15
80,91,92,#A3EB15
81,91,92,#A0EB15
82,91,92,#9CEB15
83,91,92,#99EB15
84,91,92,#95EB15
85,91,92,#92EB15
86,91,92,#8EEB15
87,91,92,#8BEB15
88,91,92,#87EB15
89,91,92,#83EB15
90,91,92,#80EB15
91,91,92,#7CEB15
92,91,92,#79EB15
93,91,92,#75EB15
94,91,92,#72EB15
95,91,92,#6EEB15
96,91,92,#6BEB15
97,91,92,#67EB15
98,91,92,#63EB15
99,91,92,#60EB15
100,91,92,#5CEB15
101,91,92,#59EB15
102,91,92,#55EB15
103,91,92,#52EB15
104,91,92,#4EEB15
105,91,92,#4AEB15
106,91,92,#47EB15
107,91,92,#43EB15
108,91,92,#40EB15
109,91,92,#3CEB15
110,91,92,#39EB15
111,91,92,#35EB15
112,91,92,#32EB15
113,91,92,#2EEB15
114,91,92,#2AEB15
115,91,92,#27EB15
116,91,92,#23EB15
117,91,92,#20EB15
118,91,92,#1CEB15
119,91,92,#19EB15
120,91,92,#15EB15
121,91,92,#15EB19
122,91,92,#15EB1C
123,91,92,#15EB20
124,91,92,#15EB23
125,91,92,#15EB27
126,91,92,#15EB2A
127,91,92,#15EB2E
128,91,92,#15EB32
129,91,92,#15EB35
130,91,92,#15EB39
131,91,92,#15EB3C
132,91,92,#15EB40
133,91,92,#15EB43
134,91,92,#15EB47
135,91,92,#15EB4A
136,91,92,#15EB4E
137,91,92,#15EB52
138,91,92,#15EB55
139,91,92,#15EB59
140,91,92,#15EB5C
141,91,92,#15EB60
142,91,92,#15EB63
143,91,92,#15EB67
144,91,92,#15EB6B
145,91,92,#15EB6E
146,91,92,#15EB72
147,91,92,#15EB75
148,91,92,#15EB79
149,91,92,#15EB7C
150,91,92,#15EB80
151,91,92,#15EB83
152,91,92,#15EB87
153,91,92,#15EB8B
154,91,92,#15EB8E
155,91,92,#15EB92
156,91,92,#15EB95
157,91,92,#15EB99
158,91,92,#15EB9C
159,91,92,#15EBA0
160,91,92,#15EBA3
161,91,92,#15EBA7
162,91,92,#15EBAB
163,91,92,#15EBAE
164,91,92,#15EBB2
165,91,92,#15EBB5
166,91,92,#15EBB9
167,91,92,#15EBBC
168,91,92,#15EBC0
169,91,92,#15EBC3
170,91,92,#15EBC7
171,91,92,#15EBCB
172,91,92,#15EBCE
173,91,92,#15EBD2
174,91,92,#15EBD5
175,91,92,#15EBD9
176,91,92,#15EBDC
177,91,92,#15EBE0
178,91,92,#15EBE3
179,91,92,#15EBE7
180,91,92,#15EBEB
181,91,92,#15E7EB
182,91,92,#15E3EB
183,91,92,#15E0EB
184,91,92,#15DCEB
185,91,92,#15D9EB
186,91,92,#15D5EB
187,91,92,#15D2EB
188,91,92,#15CEEB
189,91,92,#15CBEB
190,91,92,#15C7EB
191,91,92,#15C3EB
192,91,92,#15C0EB
193,91,92,#15BCEB
194,91,92,#15B9EB
195,91,92,#15B5EB
196,91,92,#15B2EB
197,91,92,#15AEEB
198,91,92,#15ABEB
199,91,92,#15A7EB
200,91,92,#15A3EB
201,91,92,#15A0EB
202,91,92,#159CEB
203,91,92,#1599EB
204,91,92,#1595EB
205,91,92,#1592EB
206,91,92,#158EEB
207,91,92,#158BEB
208,91,92,#1587EB
209,91,92,#1583EB
210,91,92,#1580EB
211,91,92,#157CEB
212,91,92,#1579EB
213,91,92,#1575EB
214,91,92,#1572EB
215,91,92,#156EEB
216,91,92,#156BEB
217,91,92,#1567EB
218,91,92,#1563EB
219,91,92,#1560EB
220,91,92,#155CEB
221,91,92,#1559EB
222,91,92,#1555EB
223,91,92,#1552EB
224,91,92,#154EEB
225,91,92,#154AEB
226,91,92,#1547EB
227,91,92,#1543EB
228,91,92,#1540EB
229,91,92,#153CEB
230,91,92,#1539EB
231,91,92,#1535EB
232,91,92,#1532EB
233,91,92,#152EEB
234,91,92,#152AEB
235,91,92,#1527EB
236,91,92,#1523EB
237,91,92,#1520EB
238,91,92,#151CEB
239,91,92,#1519EB
240,91,92,#1515EB
241,91,92,#1915EB
242,91,92,#1C15EB
243,91,92,#2015EB
244,91,92,#2315EB
245,91,92,#2715EB
246,91,92,#2A15EB
247,91,92,#2E15EB
248,91,92,#3215EB
249,91,92,#3515EB
250,91,92,#3915EB
251,91,92,#3C15EB
252,91,92,#4015EB
253,91,92,#4315EB
254,91,92,#4715EB
255,91,92,#4A15EB
256,91,92,#4E15EB
257,91,92,#5215EB
258,91,92,#5515EB
259,91,92,#5915EB
260,91,92,#5C15EB
261,91,92,#6015EB
262,91,92,#6315EB
263,91,92,#6715EB
264,91,92,#6B15EB
265,91,92,#6E15EB
266,91,92,#7215EB
267,91,92,#7515EB
268,91,92,#7915EB
269,91,92,#7C15EB
270,91,92,#8015EB
271,91,92,#8315EB
272,91,92,#8715EB
273,91,92,#8B15EB
274,91,92,#8E15EB
275,91,92,#9215EB
276,91,92,#9515EB
277,91,92,#9915EB
278,91,92,#9C15EB
279,91,92,#A015EB
280,91,92,#A315EB
281,91,92,#A715EB
282,91,92,#AB15EB
283,91,92,#AE15EB
284,91,92,#B215EB
285,91,92,#B515EB
286,91,92,#B915EB
287,91,92,#BC15EB
288,91,92,#C015EB
289,91,92,#C315EB
290,91,92,#C715EB
291,91,92,#CB15EB
292,91,92,#CE15EB
293,91,92,#D215EB
294,91,92,#D515EB
295,91,92,#D915EB
296,91,92,#DC15EB
297,91,92,#E015EB
298,91,92,#E315EB
299,91,92,#E715EB
300,91,92,#EB15EB
301,91,92,#EB15E7
302,91,92,#EB15E3
303,91,92,#EB15E0
304,91,92,#EB15DC
305,91,92,#EB15D9
306,91,92,#EB15D5
307,91,92,#EB15D2
308,91,92,#EB15CE
309,91,92,#EB15CB
310,91,92,#EB15C7
311,91,92,#EB15C3
312,91,92,#EB15C0
313,91,92,#EB15BC
314,91,92,#EB15B9
315,91,92,#EB15B5
316,91,92,#EB15B2
317,91,92,#EB15AE
318,91,92,#EB15AB
319,91,92,#EB15A7
320,91,92,#EB15A3
321,91,92,#EB15A0
322,91,92,#EB159C
323,91,92,#EB1599
324,91,92,#EB1595
325,91,92,#EB1592
326,91,92,#EB158E
327,91,92,#EB158B
328,91,92,#EB1587
329,91,92,#EB1583
330,91,92,#EB1580
331,91,92,#EB157C
332,91,92,#EB1579
333,91,92,#EB1575
334,91,92,#EB1572
335,91,92,#EB156E
336,91,92,#EB156B
337,91,92,#EB1567
338,91,92,#EB1563
339,91,92,#EB1560
340,91,92,#EB155C
341,91,92,#EB1559
342,91,92,#EB1555
343,91,92,#EB1552
344,91,92,#EB154E
345,91,92,#EB154A
346,91,92,#EB1547
347,91,92,#EB1543
348,91,92,#EB1540
349,91,92,#EB153C
350,91,92,#EB1539
351,91,92,#EB1535
352,91,92,#EB1532
353,91,92,#EB152E
354,91,92,#EB152A
355,91,92,#EB1527
356,91,92,#EB1523
357,91,92,#EB1520
358,91,92,#EB151C
359,91,92,#EB1519
0,90,92,#EB1717
1,90,92,#EB1B17
2,90,92,#EB1E17
3,90,92,#EB2217
4,90,92,#EB2617
5,90,92,#EB2917
6,90,92,#EB2D17
7,90,92,#EB3017
8,90,92,#EB3417
9,90,92,#EB3717
10,90,92,#EB3B17
11,90,92,#EB3E17
12,90,92,#EB4217
13,90,92,#EB4517
14,90,92,#EB4917
15,90,92,#EB4C17
16,90,92,#EB5017
17,90,92,#EB5317
18,90,92,#EB5717
19,90,92,#EB5A17
20,90,92,#EB5E17
21,90,92,#EB6117
22,90,92,#EB6517
23,90,92,#EB6817
24,90,92,#EB6C17
25,90,92,#EB6F17
26,90,92,#EB7317
27,90,92,#EB7617
28,90,92,#EB7A17
29,90,92,#EB7E17
30,90,92,#EB8117
31,90,92,#EB8517
32,90,92,#EB8817
33,90,92,#EB8C17
34,90,92,#EB8F17
35,90,92,#EB9317
36,90,92,#EB9617
37,90,92,#EB9A17
38,90,92,#EB9D17
39,90,92,#EBA117
40,90,92,#EBA417
41,90,92,#EBA817
42,90,92,#EBAB17
43,90,92,#EBAF17
44,90,92,#EBB217
45,90,92,#EBB617
46,90,92,#EBB917
47,90,92,#EBBD17
48,90,92,#EBC017
49,90,92,#EBC417
50,90,92,#EBC717
51,90,92,#EBCB17
52,90,92,#EBCE17
53,90,92,#EBD217
54,90,92,#EBD517
55,90,92,#EBD917
56,90,92,#EBDD17
57,90,92,#EBE017
58,90,92,#EBE417
59,90,92,#EBE717
60,90,92,#EBEB17
61,90,92,#E7EB17
62,90,92,#E4EB17
63,90,92,#E0EB17
64,90,92,#DDEB17
65,90,92,#D9EB17
66,90,92,#D5EB17
67,90,92,#D2EB17
68,90,92,#CEEB17
69,90,92,#CBEB17
70,90,92,#C7EB17
71,90,92,#C4EB17
72,90,92,#C0EB17
73,90,92,#BDEB17
74,90,92,#B9EB17
75,90,92,#B6EB17
76,90,92,#B2EB17
77,90,92,#AFEB17
78,90,92,#ABEB17
79,90,92,#A8EB17
80,90,92,#A4EB17
81,90,92,#A1EB17
82,90,92,#9DEB17
83,90,92,#9AEB17
84,90,92,#96EB17
85,90,92,#93EB17
86,90,92,#8FEB17
87,90,92,#8CEB17
88,90,92,#88EB17
89,90,92,#85EB17
90,90,92,#81EB17
91,90,92,#7EEB17
92,90,92,#7AEB17
93,90,92,#76EB17
94,90,92,#73EB17
95,90,92,#6FEB17
96,90,92,#6CEB17
97,90,92,#68EB17
98,90,92,#65EB17
99,90,92,#61EB17
100,90,92,#5EEB17
101,90,92,#5AEB17
102,90,92,#57EB17
103,90,92,#53EB17
104,90,92,#50EB17
105,90,92,#4CEB17
106,90,92,#49EB17
107,90,92,#45EB17
108,90,92,#42EB17
109,90,92,#3EEB17
110,90,92,#3BEB17
111,90,92,#37EB17
112,90,92,#34EB17
113,90,92,#30EB17
114,90,92,#2DEB17
115,90,92,#29EB17
116,90,92,#26EB17
117,90,92,#22EB17
118,90,92,#1EEB17
119,90,92,#1BEB17
120,90,92,#17EB17
121,90,92,#17EB1B
122,90,92,#17EB1E
123,90,92,#17EB22
124,90,92,#17EB26
125,90,92,#17EB29
126,90,92,#17EB2D
127,90,92,#17EB30
128,90,92,#17EB34
129,90,92,#17EB37
130,90,92,#17EB3B
131,90,92,#17EB3E
132,90,92,#17EB42
133,90,92,#17EB45
134,90,92,#17EB49
135,90,92,#17EB4C
136,90,92,#17EB50
137,90,92,#17EB53
138,90,92,#17EB57
139,90,92,#17EB5A
140,90,92,#17EB5E
141,90,92,#17EB61
142,90,92,#17EB65
143,90,92,#17EB68
144,90,92,#17EB6C
145,90,92,#17EB6F
146,90,92,#17EB73
147,90,92,#17EB76
148,90,92,#17EB7A
149,90,92,#17EB7E
150,90,92,#17EB81
151,90,92,#17EB85
152,90,92,#17EB88
153,90,92,#17EB8C
154,90,92,#17EB8F
155,90,92,#17EB93
156,90,92,#17EB96
157,90,92,#17EB9A
158,90,92,#17EB9D
159,90,92,#17EBA1
160,90,92,#17EBA4
161,90,92,#17EBA8
162,90,92,#17EBAB
163,90,92,#17EBAF
164,90,92,#17EBB2
165,90,92,#17EBB6
166,90,92,#17EBB9
167,90,92,#17EBBD
168,90,92,#17EBC0
169,90,92,#17EBC4
170,90,92,#17EBC7
171,90,92,#17EBCB
172,90,92,#17EBCE
173,90,92,#17EBD2
174,90,92,#17EBD5
175,90,92,#17EBD9
176,90,92,#17EBDD
177,90,92,#17EBE0
178,90,92,#17EBE4
179,90,92,#17EBE7
180,90,92,#17EBEB
181,90,92,#17E7EB
182,90,92,#17E4EB
183,90,92,#17E0EB
184,90,92,#17DDEB
185,90,92,#17D9EB
186,90,92,#17D5EB
187,90,92,#17D2EB
188,90,92,#17CEEB
189,90,92,#17CBEB
190,90,92,#17C7EB
191,90,92,#17C4EB
192,90,92,#17C0EB
193,90,92,#17BDEB
194,90,92,#17B9EB
195,90,92,#17B6EB
196,90,92,#17B2EB
197,90,92,#17AFEB
198,90,92,#17ABEB
199,90,92,#17A8EB
200,90,92,#17A4EB
201,90,92,#17A1EB
202,90,92,#179DEB
203,90,92,#179AEB
204,90,92,#1796EB
205,90,92,#1793EB
206,90,92,#178FEB
207,90,92,#178CEB
208,90,92,#1788EB
209,90,92,#1785EB
210,90,92,#1781EB
211,90,92,#177EEB
212,90,92,#177AEB
213,90,92,#1776EB
214,90,92,#1773EB
215,90,92,#176FEB
216,90,92,#176CEB
217,90,92,#1768EB
218,90,92,#1765EB
219,90,92,#1761EB
220,90,92,#175EEB
221,90,92,#175AEB
222,90,92,#1757EB
223,90,92,#1753EB
224,90,92,#1750EB
225,90,92,#174CEB
226,90,92,#1749EB
227,90,92,#1745EB
228,90,92,#1742EB
229,90,92,#173EEB
230,90,92,#173BEB
231,90,92,#1737EB
232,90,92,#1734EB
233,90,92,#1730EB
234,90,92,#172DEB
235,90,92,#1729EB
236,90,92,#1726EB
237,90,92,#1722EB
238,90,92,#171EEB
239,90,92,#171BEB
240,90,92,#1717EB
241,90,92,#1B17EB
242,90,92,#1E17EB
243,90,92,#2217EB
244,90,92,#2617EB
245,90,92,#2917EB
246,90,92,#2D17EB
247,90,92,#3017EB
248,90,92,#3417EB
249,90,92,#3717EB
250,90,92,#3B17EB
251,90,92,#3E17EB
252,90,92,#4217EB
253,90,92,#4517EB
254,90,92,#4917EB
255,90,92,#4C17EB
256,90,92,#5017EB
257,90,92,#5317EB
258,90,92,#5717EB
259,90,92,#5A17EB
260,90,92,#5E17EB
261,90,92,#6117EB
262,90,92,#6517EB
263,90,92,#6817EB
264,90,92,#6C17EB
265,90,92,#6F17EB
266,90,92,#7317EB
267,90,92,#7617EB
268,90,92,#7A17EB
269,90,92,#7E17EB
270,90,92,#8117EB
271,90,92,#8517EB
272,90,92,#8817EB
273,90,92,#8C17EB
274,90,92,#8F17EB
275,90,92,#9317EB
276,90,92,#9617EB
277,90,92,#9A17EB
278,90,92,#9D17EB
279,90,92,#A117EB
280,90,92,#A417EB
281,90,92,#A817EB
282,90,92,#AB17EB
283,90,92,#AF17EB
284,90,92,#B217EB
285,90,92,#B617EB
286,90,92,#B917EB
287,90,92,#BD17EB
288,90,92,#C017EB
289,90,92,#C417EB
290,90,92,#C717EB
291,90,92,#CB17EB
292,90,92,#CE17EB
293,90,92,#D217EB
294,90,92,#D517EB
295,90,92,#D917EB
296,90,92,#DD17EB
297,90,92,#E017EB
298,90,92,#E417EB
299,90,92,#E717EB
300,90,92,#EB17EB
301,90,92,#EB17E7
302,90,92,#EB17E4
303,90,92,#EB17E0
304,90,92,#EB17DD
305,90,92,#EB17D9
306,90,92,#EB17D5
307,90,92,#EB17D2
308,90,92,#EB17CE
309,90,92,#EB17CB
310,90,92,#EB17C7
311,90,92,#EB17C4
312,90,92,#EB17C0
313,90,92,#EB17BD
314,90,92,#EB17B9
315,90,92,#EB17B6
316,90,92,#EB17B2
317,90,92,#EB17AF
318,90,92,#EB17AB
319,90,92,#EB17A8
320,90,92,#EB17A4
321,90,92,#EB17A1
322,90,92,#EB179D
323,90,92,#EB179A
324,90,92,#EB1796
325,90,92,#EB1793
326,90,92,#EB178F
327,90,92,#EB178C
328,90,92,#EB1788
329,90,92,#EB1785
330,90,92,#EB1781
331,90,92,#EB177E
332,90,92,#EB177A
333,90,92,#EB1776
334,90,92,#EB1773
335,90,92,#EB176F
336,90,92,#EB176C
337,90,92,#EB1768
338,90,92,#EB1765
339,90,92,#EB1761
340,90,92,#EB175E
341,90,92,#EB175A
342,90,92,#EB1757
343,90,92,#EB1753
344,90,92,#EB1750
345,90,92,#EB174C
346,90,92,#EB1749
347,90,92,#EB1745
348,90,92,#EB1742
349,90,92,#EB173E
350,90,92,#EB173B
351,90,92,#EB1737
352,90,92,#EB1734
353,90,92,#EB1730
354,90,92,#EB172D
355,90,92,#EB1729
356,90,92,#EB1726
357,90,92,#EB1722
358,90,92,#EB171E
359,90,92,#EB171B
0,89,92,#EB1A1A
1,89,92,#EB1D1A
2,89,92,#EB211A
3,89,92,#EB241A
4,89,92,#EB281A
5,89,92,#EB2B1A
6,89,92,#EB2F1A
7,89,92,#EB321A
8,89,92,#EB361A
9,89,92,#EB391A
10,89,92,#EB3D1A
11,89,92,#EB401A
12,89,92,#EB441A
13,89,92,#EB471A
14,89,92,#EB4B1A
15,89,92,#EB4E1A
16,89,92,#EB511A
17,89,92,#EB551A
18,89,92,#EB581A
19,89,92,#EB5C1A
20,89,92,#EB5F1A
21,89,92,#EB631A
22,89,92,#EB661A
23,89,92,#EB6A1A
24,89,92,#EB6D1A
25,89,92,#EB711A
26,89,92,#EB741A
27,89,92,#EB781A
28,89,92,#EB7B1A
29,89,92,#EB7F1A
30,89,92,#EB821A
31,89,92,#EB861A
32,89,92,#EB891A
33,89,92,#EB8D1A
34,89,92,#EB901A
35,89,92,#EB941A
36,89,92,#EB971A
37,89,92,#EB9B1A
38,89,92,#EB9E1A
39,89,92,#EBA21A
40,89,92,#EBA51A
41,89,92,#EBA81A
42,89,92,#EBAC1A
43,89,92,#EBAF1A
44,89,92,#EBB31A
45,89,92,#EBB61A
46,89,92,#EBBA1A
47,89,92,#EBBD1A
48,89,92,#EBC11A
49,89,92,#EBC41A
50,89,92,#EBC81A
51,89,92,#EBCB1A
52,89,92,#EBCF1A
53,89,92,#EBD21A
54,89,92,#EBD61A
55,89,92,#EBD91A
56,89,92,#EBDD1A
57,89,92,#EBE01A
58,89,92,#EBE41A
59,89,92,#EBE71A
60,89,92,#EBEB1A
61,89,92,#E7EB1A
62,89,92,#E4EB1A
63,89,92,#E0EB1A
64,89,92,#DDEB1A
65,89,92,#D9EB1A
66,89,92,#D6EB1A
67,89,92,#D2EB1A
68,89,92,#CFEB1A
69,89,92,#CBEB1A
70,89,92,#C8EB1A
71,89,92,#C4EB1A
72,89,92,#C1EB1A
73,89,92,#BDEB1A
74,89,92,#BAEB1A
75,89,92,#B6EB1A
76,89,92,#B3EB1A
77,89,92,#AFEB1A
78,89,92,#ACEB1A
79,89,92,#A8EB1A
80,89,92,#A5EB1A
81,89,92,#A2EB1A
82,89,92,#9EEB1A
83,89,92,#9BEB1A
84,89,92,#97EB1A
85,89,92,#94EB1A
86,89,92,#90EB1A
87,89,92,#8DEB1A
88,89,92,#89EB1A
89,89,92,#86EB1A
90,89,92,#82EB1A
91,89,92,#7FEB1A
92,89,92,#7BEB1A
93,89,92,#78EB1A
94,89,92,#74EB1A
95,89,92,#71EB1A
96,89,92,#6DEB1A
97,89,92,#6AEB1A
98,89,92,#66EB1A
99,89,92,#63EB1A
100,89,92,#5FEB1A
101,89,92,#5CEB1A
102,89,92,#58EB1A
103,89,92,#55EB1A
104,89,92,#51EB1A
105,89,92,#4EEB1A
106,89,92,#4BEB1A
107,89,92,#47EB1A
108,89,92,#44EB1A
109,89,92,#40EB1A
110,89,92,#3DEB1A
111,89,92,#39EB1A
112,89,92,#36EB1A
113,89,92,#32EB1A
114,89,92,#2FEB1A
115,89,92,#2BEB1A
116,89,92,#28EB1A
117,89,92,#24EB1A
118,89,92,#21EB1A
119,89,92,#1DEB1A
120,89,92,#1AEB1A
121,89,92,#1AEB1D
122,89,92,#1AEB21
123,89,92,#1AEB24
124,89,92,#1AEB28
125,89,92,#1AEB2B
126,89,92,#1AEB2F
127,89,92,#1AEB32
128,89,92,#1AEB36
129,89,92,#1AEB39
130,89,92,#1AEB3D
131,89,92,#1AEB40
132,89,92,#1AEB44
133,89,92,#1AEB47
134,89,92,#1AEB4B
135,89,92,#1AEB4E
136,89,92,#1AEB51
137,89,92,#1AEB55
138,89,92,#1AEB58
139,89,92,#1AEB5C
140,89,92,#1AEB5F
141,89,92,#1AEB63
142,89,92,#1AEB66
143,89,92,#1AEB6A
144,89,92,#1AEB6D
145,89,92,#1AEB71
146,89,92,#1AEB74
147,89,92,#1AEB78
148,89,92,#1AEB7B
149,89,92,#1AEB7F
150,89,92,#1AEB82
151,89,92,#1AEB86
152,89,92,#1AEB89
153,89,92,#1AEB8D
154,89,92,#1AEB90
155,89,92,#1AEB94
156,89,92,#1AEB97
157,89,92,#1AEB9B
158,89,92,#1AEB9E
159,89,92,#1AEBA2
160,89,92,#1AEBA5
161,89,92,#1AEBA8
162,89,92,#1AEBAC
163,89,92,#1AEBAF
164,89,92,#1AEBB3
165,89,92,#1AEBB6
166,89,92,#1AEBBA
167,89,92,#1AEBBD
168,89,92,#1AEBC1
169,89,92,#1AEBC4
170,89,92,#1AEBC8
171,89,92,#1AEBCB
172,89,92,#1AEBCF
173,89,92,#1AEBD2
174,89,92,#1AEBD6
175,89,92,#1AEBD9
176,89,92,#1AEBDD
177,89,92,#1AEBE0
178,89,92,#1AEBE4
179,89,92,#1AEBE7
180,89,92,#1AEBEB
181,89,92,#1AE7EB
182,89,92,#1AE4EB
183,89,92,#1AE0EB
184,89,92,#1ADDEB
185,89,92,#1AD9EB
186,89,92,#1AD6EB
187,89,92,#1AD2EB
188,89,92,#1ACFEB
189,89,92,#1ACBEB
190,89,92,#1AC8EB
191,89,92,#1AC4EB
192,89,92,#1AC1EB
193,89,92,#1ABDEB
194,89,92,#1ABAEB
195,89,92,#1AB6EB
196,89,92,#1AB3EB
197,89,92,#1AAFEB
198,89,92,#1AACEB
199,89,92,#1AA8EB
200,89,92,#1AA5EB
201,89,92,#1AA2EB
202,89,92,#1A9EEB
203,89,92,#1A9BEB
204,89,92,#1A97EB
205,89,92,#1A94EB
206,89,92,#1A90EB
207,89,92,#1A8DEB
208,89,92,#1A89EB
209,89,92,#1A86EB
210,89,92,#1A82EB
211,89,92,#1A7FEB
212,89,92,#1A7BEB
213,89,92,#1A78EB
214,89,92,#1A74EB
215,89,92,#1A71EB
216,89,92,#1A6DEB
217,89,92,#1A6AEB
218,89,92,#1A66EB
219,89,92,#1A63EB
220,89,92,#1A5FEB
221,89,92,#1A5CEB
222,89,92,#1A58EB
223,89,92,#1A55EB
224,89,92,#1A51EB
225,89,92,#1A4EEB
226,89,92,#1A4BEB
227,89,92,#1A47EB
228,89,92,#1A44EB
229,89,92,#1A40EB
230,89,92,#1A3DEB
231,89,92,#1A39EB
232,89,92,#1A36EB
233,89,92,#1A32EB
234,89,92,#1A2FEB
235,89,92,#1A2BEB
236,89,92,#1A28EB
237,89,92,#1A24EB
238,89,92,#1A21EB
239,89,92,#1A1DEB
240,89,92,#1A1AEB
241,89,92,#1D1AEB
242,89,92,#211AEB
243,89,92,#241AEB
244,89,92,#281AEB
245,89,92,#2B1AEB
246,89,92,#2F1AEB
247,89,92,#321AEB
248,89,92,#361AEB
249,89,92,#391AEB
250,89,92,#3D1AEB
251,89,92,#401AEB
252,89,92,#441AEB
253,89,92,#471AEB
254,89,92,#4B1AEB
255,89,92,#4E1AEB
256,89,92,#511AEB
257,89,92,#551AEB
258,89,92,#581AEB
259,89,92,#5C1AEB
260,89,92,#5F1AEB
261,89,92,#631AEB
262,89,92,#661AEB
263,89,92,#6A1AEB
264,89,92,#6D1AEB
265,89,92,#711AEB
266,89,92,#741AEB
267,89,92,#781AEB
268,89,92,#7B1AEB
269,89,92,#7F1AEB
270,89,92,#821AEB
271,89,92,#861AEB
272,89,92,#891AEB
273,89,92,#8D1AEB
274,89,92,#901AEB
275,89,92,#941AEB
276,89,92,#971AEB
277,89,92,#9B1AEB
278,89,92,#9E1AEB
279,89,92,#A21AEB
280,89,92,#A51AEB
281,89,92,#A81AEB
282,89,92,#AC1AEB
283,89,92,#AF1AEB
284,89,92,#B31AEB
285,89,92,#B61AEB
286,89,92,#BA1AEB
287,89,92,#BD1AEB
288,89,92,#C11AEB
289,89,92,#C41AEB
290,89,92,#C81AEB
291,89,92,#CB1AEB
292,89,92,#CF1AEB
293,89,92,#D21AEB
294,89,92,#D61AEB
295,89,92,#D91AEB
296,89,92,#DD1AEB
297,89,92,#E01AEB
298,89,92,#E41AEB
299,89,92,#E71AEB
300,89,92,#EB1AEB
301,89,92,#EB1AE7
302,89,92,#EB1AE4
303,89,92,#EB1AE0
304,89,92,#EB1ADD
305,89,92,#EB1AD9
306,89,92,#EB1AD6
307,89,92,#EB1AD2
308,89,92,#EB1ACF
309,89,92,#EB1ACB
310,89,92,#EB1AC8
311,89,92,#EB1AC4
312,89,92,#EB1AC1
313,89,92,#EB1ABD
314,89,92,#EB1ABA
315,89,92,#EB1AB6
316,89,92,#EB1AB3
317,89,92,#EB1AAF
318,89,92,#EB1AAC
319,89,92,#EB1AA8
320,89,92,#EB1AA5
321,89,92,#EB1AA2
322,89,92,#EB1A9E
323,89,92,#EB1A9B
324,89,92,#EB1A97
325,89,92,#EB1A94
326,89,92,#EB1A90
327,89,92,#EB1A8D
328,89,92,#EB1A89
329,89,92,#EB1A86
330,89,92,#EB1A82
331,89,92,#EB1A7F
332,89,92,#EB1A7B
333,89,92,#EB1A78
334,89,92,#EB1A74
335,89,92,#EB1A71
336,89,92,#EB1A6D
337,89,92,#EB1A6A
338,89,92,#EB1A66
339,89,92,#EB1A63
340,89,92,#EB1A5F
341,89,92,#EB1A5C
342,89,92,#EB1A58
343,89,92,#EB1A55
344,89,92,#EB1A51
345,89,92,#EB1A4E
346,89,92,#EB1A4B
347,89,92,#EB1A47
348,89,92,#EB1A44
349,89,92,#EB1A40
350,89,92,#EB1A3D
351,89,92,#EB1A39
352,89,92,#EB1A36
353,89,92,#EB1A32
354,89,92,#EB1A2F
355,89,92,#EB1A2B
356,89,92,#EB1A28
357,89,92,#EB1A24
358,89,92,#EB1A21
359,89,92,#EB1A1D
0,88,92,#EB1C1C
1,88,92,#EB201C
2,88,92,#EB231C
3,88,92,#EB261C
4,88,92,#EB2A1C
5,88,92,#EB2D1C
6,88,92,#EB311C
7,88,92,#EB341C
8,88,92,#EB381C
9,88,92,#EB3B1C
10,88,92,#EB3F1C
11,88,92,#EB421C
12,88,92,#EB451C
13,88,92,#EB491C
14,88,92,#EB4C1C
15,88,92,#EB501C
16,88,92,#EB531C
17,88,92,#EB571C
18,88,92,#EB5A1C
19,88,92,#EB5E1C
20,88,92,#EB611C
21,88,92,#EB641C
22,88,92,#EB681C
23,88,92,#EB6B1C
24,88,92,#EB6F1C
25,88,92,#EB721C
26,88,92,#EB761C
27,88,92,#EB791C
28,88,92,#EB7C1C
29,88,92,#EB801C
30,88,92,#EB831C
31,88,92,#EB871C
32,88,92,#EB8A1C
33,88,92,#EB8E1C
34,88,92,#EB911C
35,88,92,#EB951C
36,88,92,#EB981C
37,88,92,#EB9B1C
38,88,92,#EB9F1C
39,88,92,#EBA21C
40,88,92,#EBA61C
41,88,92,#EBA91C
42,88,92,#EBAD1C
43,88,92,#EBB01C
44,88,92,#EBB41C
45,88,92,#EBB71C
46,88,92,#EBBA1C
47,88,92,#EBBE1C
48,88,92,#EBC11C
49,88,92,#EBC51C
50,88,92,#EBC81C
51,88,92,#EBCC1C
52,88,92,#EBCF1C
53,88,92,#EBD31C
54,88,92,#EBD61C
55,88,92,#EBD91C
56,88,92,#EBDD1C
57,88,92,#EBE01C
58,88,92,#EBE41C
59,88,92,#EBE71C
60,88,92,#EBEB1C
61,88,92,#E7EB1C
62,88,92,#E4EB1C
63,88,92,#E0EB1C
64,88,92,#DDEB1C
65,88,92,#D9EB1C
66,88,92,#D6EB1C
67,88,92,#D3EB1C
68,88,92,#CFEB1C
69,88,92,#CCEB1C
70,88,92,#C8EB1C
71,88,92,#C5EB1C
72,88,92,#C1EB1C
73,88,92,#BEEB1C
74,88,92,#BAEB1C
75,88,92,#B7EB1C
76,88,92,#B4EB1C
77,88,92,#B0EB1C
78,88,92,#ADEB1C
79,88,92,#A9EB1C
80,88,92,#A6EB1C
81,88,92,#A2EB1C
82,88,92,#9FEB1C
83,88,92,#9BEB1C
84,88,92,#98EB1C
85,88,92,#95EB1C
86,88,92,#91EB1C
87,88,92,#8EEB1C
88,88,92,#8AEB1C
89,88,92,#87EB1C
90,88,92,#83EB1C
91,88,92,#80EB1C
92,88,92,#7CEB1C
93,88,92,#79EB1C
94,88,92,#76EB1C
95,88,92,#72EB1C
96,88,92,#6FEB1C
97,88,92,#6BEB1C
98,88,92,#68EB1C
99,88,92,#64EB1C
100,88,92,#61EB1C
101,88,92,#5EEB1C
102,88,92,#5AEB1C
103,88,92,#57EB1C
104,88,92,#53EB1C
105,88,92,#50EB1C
106,88,92,#4CEB1C
107,88,92,#49EB1C
108,88,92,#45EB1C
109,88,92,#42EB1C
110,88,92,#3FEB1C
111,88,92,#3BEB1C
112,88,92,#38EB1C
113,88,92,#34EB1C
114,88,92,#31EB1C
115,88,92,#2DEB1C
116,88,92,#2AEB1C
117,88,92,#26EB1C
118,88,92,#23EB1C
119,88,92,#20EB1C
120,88,92,#1CEB1C
121,88,92,#1CEB20
122,88,92,#1CEB23
123,88,92,#1CEB26
124,88,92,#1CEB2A
125,88,92,#1CEB2D
126,88,92,#1CEB31
127,88,92,#1CEB34
128,88,92,#1CEB38
129,88,92,#1CEB3B
130,88,92,#1CEB3F
131,88,92,#1CEB42
132,88,92,#1CEB45
133,88,92,#1CEB49
134,88,92,#1CEB4C
135,88,92,#1CEB50
136,88,92,#1CEB53
137,88,92,#1CEB57
138,88,92,#1CEB5A
139,88,92,#1CEB5E
140,88,92,#1CEB61
141,88,92,#1CEB64
142,88,92,#1CEB68
143,88,92,#1CEB6B
144,88,92,#1CEB6F
145,88,92,#1CEB72
146,88,92,#1CEB76
147,88,92,#1CEB79
148,88,92,#1CEB7C
149,88,92,#1CEB80
150,88,92,#1CEB83
151,88,92,#1CEB87
152,88,92,#1CEB8A
153,88,92,#1CEB8E
154,88,92,#1CEB91
155,88,92,#1CEB95
156,88,92,#1CEB98
157,88,92,#1CEB9B
158,88,92,#1CEB9F
159,88,92,#1CEBA2
160,88,92,#1CEBA6
161,88,92,#1CEBA9
162,88,92,#1CEBAD
163,88,92,#1CEBB0
164,88,92,#1CEBB4
165,88,92,#1CEBB7
166,88,92,#1CEBBA
167,88,92,#1CEBBE
168,88,92,#1CEBC1
169,88,92,#1CEBC5
170,88,92,#1CEBC8
171,88,92,#1CEBCC
172,88,92,#1CEBCF
173,88,92,#1CEBD3
174,88,92,#1CEBD6
175,88,92,#1CEBD9
176,88,92,#1CEBDD
177,88,92,#1CEBE0
178,88,92,#1CEBE4
179,88,92,#1CEBE7
180,88,92,#1CEBEB
181,88,92,#1CE7EB
182,88,92,#1CE4EB
183,88,92,#1CE0EB
184,88,92,#1CDDEB
185,88,92,#1CD9EB
186,88,92,#1CD6EB
187,88,92,#1CD3EB
188,88,92,#1CCFEB
189,88,92,#1CCCEB
190,88,92,#1CC8EB
191,88,92,#1CC5EB
192,88,92,#1CC1EB
193,88,92,#1CBEEB
194,88,92,#1CBAEB
195,88,92,#1CB7EB
196,88,92,#1CB4EB
197,88,92,#1CB0EB
198,88,92,#1CADEB
199,88,92,#1CA9EB
200,88,92,#1CA6EB
201,88,92,#1CA2EB
202,88,92,#1C9FEB
203,88,92,#1C9BEB
204,88,92,#1C98EB
205,88,92,#1C95EB
206,88,92,#1C91EB
207,88,92,#1C8EEB
208,88,92,#1C8AEB
209,88,92,#1C87EB
210,88,92,#1C83EB
211,88,92,#1C80EB
212,88,92,#1C7CEB
213,88,92,#1C79EB
214,88,92,#1C76EB
215,88,92,#1C72EB
216,88,92,#1C6FEB
217,88,92,#1C6BEB
218,88,92,#1C68EB
219,88,92,#1C64EB
220,88,92,#1C61EB
221,88,92,#1C5EEB
222,88,92,#1C5AEB
223,88,92,#1C57EB
224,88,92,#1C53EB
225,88,92,#1C50EB
226,88,92,#1C4CEB
227,88,92,#1C49EB
228,88,92,#1C45EB
229,88,92,#1C42EB
230,88,92,#1C3FEB
231,88,92,#1C3BEB
232,88,92,#1C38EB
233,88,92,#1C34EB
234,88,92,#1C31EB
235,88,92,#1C2DEB
236,88,92,#1C2AEB
237,88,92,#1C26EB
238,88,92,#1C23EB
239,88,92,#1C20EB
240,88,92,#1C1CEB
241,88,92,#201CEB
242,88,92,#231CEB
243,88,92,#261CEB
244,88,92,#2A1CEB
245,88,92,#2D1CEB
246,88,92,#311CEB
247,88,92,#341CEB
248,88,92,#381CEB
249,88,92,#3B1CEB
250,88,92,#3F1CEB
251,88,92,#421CEB
252,88,92,#451CEB
253,88,92,#491CEB
254,88,92,#4C1CEB
255,88,92,#501CEB
256,88,92,#531CEB
257,88,92,#571CEB
258,88,92,#5A1CEB
259,88,92,#5E1CEB
260,88,92,#611CEB
261,88,92,#641CEB
262,88,92,#681CEB
263,88,92,#6B1CEB
264,88,92,#6F1CEB
265,88,92,#721CEB
266,88,92,#761CEB
267,88,92,#791CEB
268,88,92,#7C1CEB
269,88,92,#801CEB
270,88,92,#831CEB
271,88,92,#871CEB
272,88,92,#8A1CEB
273,88,92,#8E1CEB
274,88,92,#911CEB
275,88,92,#951CEB
276,88,92,#981CEB
277,88,92,#9B1CEB
278,88,92,#9F1CEB
279,88,92,#A21CEB
280,88,92,#A61CEB
281,88,92,#A91CEB
282,88,92,#AD1CEB
283,88,92,#B01CEB
284,88,92,#B41CEB
285,88,92,#B71CEB
286,88,92,#BA1CEB
287,88,92,#BE1CEB
288,88,92,#C11CEB
289,88,92,#C51CEB
290,88,92,#C81CEB
291,88,92,#CC1CEB
292,88,92,#CF1CEB
293,88,92,#D31CEB
294,88,92,#D61CEB
295,88,92,#D91CEB
296,88,92,#DD1CEB
297,88,92,#E01CEB
298,88,92,#E41CEB
299,88,92,#E71CEB
300,88,92,#EB1CEB
301,88,92,#EB1CE7
302,88,92,#EB1CE4
303,88,92,#EB1CE0
304,88,92,#EB1CDD
305,88,92,#EB1CD9
306,88,92,#EB1CD6
307,88,92,#EB1CD3
308,88,92,#EB1CCF
309,88,92,#EB1CCC
310,88,92,#EB1CC8
311,88,92,#EB1CC5
312,88,92,#EB1CC1
313,88,92,#EB1CBE
314,88,92,#EB1CBA
315,88,92,#EB1CB7
316,88,92,#EB1CB4
317,88,92,#EB1CB0
318,88,92,#EB1CAD
319,88,92,#EB1CA9
320,88,92,#EB1CA6
321,88,92,#EB1CA2
322,88,92,#EB1C9F
323,88,92,#EB1C9B
324,88,92,#EB1C98
325,88,92,#EB1C95
326,88,92,#EB1C91
327,88,92,#EB1C8E
328,88,92,#EB1C8A
329,88,92,#EB1C87
330,88,92,#EB1C83
331,88,92,#EB1C80
332,88,92,#EB1C7C
333,88,92,#EB1C79
334,88,92,#EB1C76
335,88,92,#EB1C72
336,88,92,#EB1C6F
337,88,92,#EB1C6B
338,88,92,#EB1C68
339,88,92,#EB1C64
340,88,92,#EB1C61
341,88,92,#EB1C5E
342,88,92,#EB1C5A
343,88,92,#EB1C57
344,88,92,#EB1C53
345,88,92,#EB1C50
346,88,92,#EB1C4C
347,88,92,#EB1C49
348,88,92,#EB1C45
349,88,92,#EB1C42
350,88,92,#EB1C3F
351,88,92,#EB1C3B
352,88,92,#EB1C38
353,88,92,#EB1C34
354,88,92,#EB1C31
355,88,92,#EB1C2D
356,88,92,#EB1C2A
357,88,92,#EB1C26
358,88,92,#EB1C23
359,88,92,#EB1C20
0,87,92,#EB1E1E
1,87,92,#EB221E
2,87,92,#EB251E
3,87,92,#EB291E
4,87,92,#EB2C1E
5,87,92,#EB301E
6,87,92,#EB331E
7,87,92,#EB361E
8,87,92,#EB3A1E
9,87,92,#EB3D1E
10,87,92,#EB411E
11,87,92,#EB441E
12,87,92,#EB471E
13,87,92,#EB4B1E
14,87,92,#EB4E1E
15,87,92,#EB521E
16,87,92,#EB551E
17,87,92,#EB581E
18,87,92,#EB5C1E
19,87,92,#EB5F1E
20,87,92,#EB631E
21,87,92,#EB661E
22,87,92,#EB691E
23,87,92,#EB6D1E
24,87,92,#EB701E
25,87,92,#EB741E
26,87,92,#EB771E
27,87,92,#EB7A1E
28,87,92,#EB7E1E
29,87,92,#EB811E
30,87,92,#EB851E
31,87,92,#EB881E
32,87,92,#EB8B1E
33,87,92,#EB8F1E
34,87,92,#EB921E
35,87,92,#EB961E
36,87,92,#EB991E
37,87,92,#EB9C1E
38,87,92,#EBA01E
39,87,92,#EBA31E
40,87,92,#EBA71E
41,87,92,#EBAA1E
42,87,92,#EBAD1E
43,87,92,#EBB11E
44,87,92,#EBB41E
45,87,92,#EBB81E
46,87,92,#EBBB1E
47,87,92,#EBBE1E
48,87,92,#EBC21E
49,87,92,#EBC51E
50,87,92,#EBC91E
51,87,92,#EBCC1E
52,87,92,#EBCF1E
53,87,92,#EBD31E
54,87,92,#EBD61E
55,87,92,#EBDA1E
56,87,92,#EBDD1E
57,87,92,#EBE01E
58,87,92,#EBE41E
59,87,92,#EBE71E
60,87,92,#EBEB1E
61,87,92,#E7EB1E
62,87,92,#E4EB1E
63,87,92,#E0EB1E
64,87,92,#DDEB1E
65,87,92,#DAEB1E
66,87,92,#D6EB1E
67,87,92,#D3EB1E
68,87,92,#CFEB1E
69,87,92,#CCEB1E
70,87,92,#C9EB1E
71,87,92,#C5EB1E
72,87,92,#C2EB1E
73,87,92,#BEEB1E
74,87,92,#BBEB1E
75,87,92,#B8EB1E
76,87,92,#B4EB1E
77,87,92,#B1EB1E
78,87,92,#ADEB1E
79,87,92,#AAEB1E
80,87,92,#A7EB1E
81,87,92,#A3EB1E
82,87,92,#A0EB1E
83,87,92,#9CEB1E
84,87,92,#99EB1E
85,87,92,#96EB1E
86,87,92,#92EB1E
87,87,92,#8FEB1E
88,87,92,#8BEB1E
89,87,92,#88EB1E
90,87,92,#85EB1E
91,87,92,#81EB1E
92,87,92,#7EEB1E
93,87,92,#7AEB1E
94,87,92,#77EB1E
95,87,92,#74EB1E
96,87,92,#70EB1E
97,87,92,#6DEB1E
98,87,92,#69EB1E
99,87,92,#66EB1E
100,87,92,#63EB1E
101,87,92,#5FEB1E
102,87,92,#5CEB1E
103,87,92,#58EB1E
104,87,92,#55EB1E
105,87,92,#52EB1E
106,87,92,#4EEB1E
107,87,92,#4BEB1E
108,87,92,#47EB1E
109,87,92,#44EB1E
110,87,92,#41EB1E
111,87,92,#3DEB1E
112,87,92,#3AEB1E
113,87,92,#36EB1E
114,87,92,#33EB1E
115,87,92,#30EB1E
116,87,92,#2CEB1E
117,87,92,#29EB1E
118,87,92,#25EB1E
119,87,92,#22EB1E
120,87,92,#1EEB1E
121,87,92,#1EEB22
122,87,92,#1EEB25
123,87,92,#1EEB29
124,87,92,#1EEB2C
125,87,92,#1EEB30
126,87,92,#1EEB33
127,87,92,#1EEB36
128,87,92,#1EEB3A
129,87,92,#1EEB3D
130,87,92,#1EEB41
131,87,92,#1EEB44
132,87,92,#1EEB47
133,87,92,#1EEB4B
134,87,92,#1EEB4E
135,87,92,#1EEB52
136,87,92,#1EEB55
137,87,92,#1EEB58
138,87,92,#1EEB5C
139,87,92,#1EEB5F
140,87,92,#1EEB63
141,87,92,#1EEB66
142,87,92,#1EEB69
143,87,92,#1EEB6D
144,87,92,#1EEB70
145,87,92,#1EEB74
146,87,92,#1EEB77
147,87,92,#1EEB7A
148,87,92,#1EEB7E
149,87,92,#1EEB81
150,87,92,#1EEB85
151,87,92,#1EEB88
152,87,92,#1EEB8B
153,87,92,#1EEB8F
154,87,92,#1EEB92
155,87,92,#1EEB96
156,87,92,#1EEB99
157,87,92,#1EEB9C
158,87,92,#1EEBA0
159,87,92,#1EEBA3
160,87,92,#1EEBA7
161,87,92,#1EEBAA
162,87,92,#1EEBAD
163,87,92,#1EEBB1
164,87,92,#1EEBB4
165,87,92,#1EEBB8
166,87,92,#1EEBBB
167,87,92,#1EEBBE
168,87,92,#1EEBC2
169,87,92,#1EEBC5
170,87,92,#1EEBC9
171,87,92,#1EEBCC
172,87,92,#1EEBCF
173,87,92,#1EEBD3
174,87,92,#1EEBD6
175,87,92,#1EEBDA
176,87,92,#1EEBDD
177,87,92,#1EEBE0
178,87,92,#1EEBE4
179,87,92,#1EEBE7
180,87,92,#1EEBEB
181,87,92,#1EE7EB
182,87,92,#1EE4EB
183,87,92,#1EE0EB
184,87,92,#1EDDEB
185,87,92,#1EDAEB
186,87,92,#1ED6EB
187,87,92,#1ED3EB
188,87,92,#1ECFEB
189,87,92,#1ECCEB
190,87,92,#1EC9EB
191,87,92,#1EC5EB
192,87,92,#1EC2EB
193,87,92,#1EBEEB
194,87,92,#1EBBEB
195,87,92,#1EB8EB
196,87,92,#1EB4EB
197,87,92,#1EB1EB
198,87,92,#1EADEB
199,87,92,#1EAAEB
200,87,92,#1EA7EB
201,87,92,#1EA3EB
202,87,92,#1EA0EB
203,87,92,#1E9CEB
204,87,92,#1E99EB
205,87,92,#1E96EB
206,87,92,#1E92EB
207,87,92,#1E8FEB
208,87,92,#1E8BEB
209,87,92,#1E88EB
210,87,92,#1E85EB
211,87,92,#1E81EB
212,87,92,#1E7EEB
213,87,92,#1E7AEB
214,87,92,#1E77EB
215,87,92,#1E74EB
216,87,92,#1E70EB
217,87,92,#1E6DEB
218,87,92,#1E69EB
219,87,92,#1E66EB
220,87,92,#1E63EB
221,87,92,#1E5FEB
222,87,92,#1E5CEB
223,87,92,#1E58EB
224,87,92,#1E55EB
225,87,92,#1E52EB
226,87,92,#1E4EEB
227,87,92,#1E4BEB
228,87,92,#1E47EB
229,87,92,#1E44EB
230,87,92,#1E41EB
231,87,92,#1E3DEB
232,87,92,#1E3AEB
233,87,92,#1E36EB
234,87,92,#1E33EB
235,87,92,#1E30EB
236,87,92,#1E2CEB
237,87,92,#1E29EB
238,87,92,#1E25EB
239,87,92,#1E22EB
240,87,92,#1E1EEB
241,87,92,#221EEB
242,87,92,#251EEB
243,87,92,#291EEB
244,87,92,#2C1EEB
245,87,92,#301EEB
246,87,92,#331EEB
247,87,92,#361EEB
248,87,92,#3A1EEB
249,87,92,#3D1EEB
250,87,92,#411EEB
251,87,92,#441EEB
252,87,92,#471EEB
253,87,92,#4B1EEB
254,87,92,#4E1EEB
255,87,92,#521EEB
256,87,92,#551EEB
257,87,92,#581EEB
258,87,92,#5C1EEB
259,87,92,#5F1EEB
260,87,92,#631EEB
261,87,92,#661EEB
262,87,92,#691EEB
263,87,92,#6D1EEB
264,87,92,#701EEB
265,87,92,#741EEB
266,87,92,#771EEB
267,87,92,#7A1EEB
268,87,92,#7E1EEB
269,87,92,#811EEB
270,87,92,#851EEB
271,87,92,#881EEB
272,87,92,#8B1EEB
273,87,92,#8F1EEB
274,87,92,#921EEB
275,87,92,#961EEB
276,87,92,#991EEB
277,87,92,#9C1EEB
278,87,92,#A01EEB
279,87,92,#A31EEB
280,87,92,#A71EEB
281,87,92,#AA1EEB
282,87,92,#AD1EEB
283,87,92,#B11EEB
284,87,92,#B41EEB
285,87,92,#B81EEB
286,87,92,#BB1EEB
287,87,92,#BE1EEB
288,87,92,#C21EEB
289,87,92,#C51EEB
290,87,92,#C91EEB
291,87,92,#CC1EEB
292,87,92,#CF1EEB
293,87,92,#D31EEB
294,87,92,#D61EEB
295,87,92,#DA1EEB
296,87,92,#DD1EEB
297,87,92,#E01EEB
298,87,92,#E41EEB
299,87,92,#E71EEB
300,87,92,#EB1EEB
301,87,92,#EB1EE7
302,87,92,#EB1EE4
303,87,92,#EB1EE0
304,87,92,#EB1EDD
305,87,92,#EB1EDA
306,87,92,#EB1ED6
307,87,92,#EB1ED3
308,87,92,#EB1ECF
309,87,92,#EB1ECC
310,87,92,#EB1EC9
311,87,92,#EB1EC5
312,87,92,#EB1EC2
313,87,92,#EB1EBE
314,87,92,#EB1EBB
315,87,92,#EB1EB8
316,87,92,#EB1EB4
317,87,92,#EB1EB1
318,87,92,#EB1EAD
319,87,92,#EB1EAA
320,87,92,#EB1EA7
321,87,92,#EB1EA3
322,87,92,#EB1EA0
323,87,92,#EB1E9C
324,87,92,#EB1E99
325,87,92,#EB1E96
326,87,92,#EB1E92
327,87,92,#EB1E8F
328,87,92,#EB1E8B
329,87,92,#EB1E88
330,87,92,#EB1E85
331,87,92,#EB1E81
332,87,92,#EB1E7E
333,87,92,#EB1E7A
334,87,92,#EB1E77
335,87,92,#EB1E74
336,87,92,#EB1E70
337,87,92,#EB1E6D
338,87,92,#EB1E69
339,87,92,#EB1E66
340,87,92,#EB1E63
341,87,92,#EB1E5F
342,87,92,#EB1E5C
343,87,92,#EB1E58
344,87,92,#EB1E55
345,87,92,#EB1E52
346,87,92,#EB1E4E
347,87,92,#EB1E4B
348,87,92,#EB1E47
349,87,92,#EB1E44
350,87,92,#EB1E41
351,87,92,#EB1E3D
352,87,92,#EB1E3A
353,87,92,#EB1E36
354,87,92,#EB1E33
355,87,92,#EB1E30
356,87,92,#EB1E2C
357,87,92,#EB1E29
358,87,92,#EB1E25
359,87,92,#EB1E22
0,86,92,#EB2121
1,86,92,#EB2421
2,86,92,#EB2821
3,86,92,#EB2B21
4,86,92,#EB2E21
5,86,92,#EB3221
6,86,92,#EB3521
7,86,92,#EB3821
8,86,92,#EB3C21
9,86,92,#EB3F21
10,86,92,#EB4221
11,86,92,#EB4621
12,86,92,#EB4921
13,86,92,#EB4D21
14,86,92,#EB5021
15,86,92,#EB5321
16,86,92,#EB5721
17,86,92,#EB5A21
18,86,92,#EB5D21
19,86,92,#EB6121
20,86,92,#EB6421
21,86,92,#EB6721
22,86,92,#EB6B21
23,86,92,#EB6E21
24,86,92,#EB7221
25,86,92,#EB7521
26,86,92,#EB7821
27,86,92,#EB7C21
28,86,92,#EB7F21
29,86,92,#EB8221
30,86,92,#EB8621
31,86,92,#EB8921
32,86,92,#EB8C21
33,86,92,#EB9021
34,86,92,#EB9321
35,86,92,#EB9721
36,86,92,#EB9A21
37,86,92,#EB9D21
38,86,92,#EBA121
39,86,92,#EBA421
40,86,92,#EBA721
41,86,92,#EBAB21
42,86,92,#EBAE21
43,86,92,#EBB121
44,86,92,#EBB521
45,86,92,#EBB821
46,86,92,#EBBC21
47,86,92,#EBBF21
48,86,92,#EBC221
49,86,92,#EBC621
50,86,92,#EBC921
51,86,92,#EBCC21
52,86,92,#EBD021
53,86,92,#EBD321
54,86,92,#EBD621
55,86,92,#EBDA21
56,86,92,#EBDD21
57,86,92,#EBE121
58,86,92,#EBE421
59,86,92,#EBE721
60,86,92,#EBEB21
61,86,92,#E7EB21
62,86,92,#E4EB21
63,86,92,#E1EB21
64,86,92,#DDEB21
65,86,92,#DAEB21
66,86,92,#D6EB21
67,86,92,#D3EB21
68,86,92,#D0EB21
69,86,92,#CCEB21
70,86,92,#C9EB21
71,86,92,#C6EB21
72,86,92,#C2EB21
73,86,92,#BFEB21
74,86,92,#BCEB21
75,86,92,#B8EB21
76,86,92,#B5EB21
77,86,92,#B1EB21
78,86,92,#AEEB21
79,86,92,#ABEB21
80,86,92,#A7EB21
81,86,92,#A4EB21
82,86,92,#A1EB21
83,86,92,#9DEB21
84,86,92,#9AEB21
85,86,92,#97EB21
86,86,92,#93EB21
87,86,92,#90EB21
88,86,92,#8CEB21
89,86,92,#89EB21
90,86,92,#86EB21
91,86,92,#82EB21
92,86,92,#7FEB21
93,86,92,#7CEB21
94,86,92,#78EB21
95,86,92,#75EB21
96,86,92,#72EB21
97,86,92,#6EEB21
98,86,92,#6BEB21
99,86,92,#67EB21
100,86,92,#64EB21
101,86,92,#61EB21
102,86,92,#5DEB21
103,86,92,#5AEB21
104,86,92,#57EB21
105,86,92,#53EB21
106,86,92,#50EB21
107,86,92,#4DEB21
108,86,92,#49EB21
109,86,92,#46EB21
110,86,92,#42EB21
111,86,92,#3FEB21
112,86,92,#3CEB21
113,86,92,#38EB21
114,86,92,#35EB21
115,86,92,#32EB21
116,86,92,#2EEB21
117,86,92,#2BEB21
118,86,92,#28EB21
119,86,92,#24EB21
120,86,92,#21EB21
121,86,92,#21EB24
122,86,92,#21EB28
123,86,92,#21EB2B
124,86,92,#21EB2E
125,86,92,#21EB32
126,86,92,#21EB35
127,86,92,#21EB38
128,86,92,#21EB3C
129,86,92,#21EB3F
130,86,92,#21EB42
131,86,92,#21EB46
132,86,92,#21EB49
133,86,92,#21EB4D
134,86,92,#21EB50
135,86,92,#21EB53
136,86,92,#21EB57
137,86,92,#21EB5A
138,86,92,#21EB5D
139,86,92,#21EB61
140,86,92,#21EB64
141,86,92,#21EB67
142,86,92,#21EB6B
143,86,92,#21EB6E
144,86,92,#21EB72
145,86,92,#21EB75
146,86,92,#21EB78
147,86,92,#21EB7C
148,86,92,#21EB7F
149,86,92,#21EB82
150,86,92,#21EB86
151,86,92,#21EB89
152,86,92,#21EB8C
153,86,92,#21EB90
154,86,92,#21EB93
155,86,92,#21EB97
156,86,92,#21EB9A
157,86,92,#21EB9D
158,86,92,#21EBA1
159,86,92,#21EBA4
160,86,92,#21EBA7
161,86,92,#21EBAB
162,86,92,#21EBAE
163,86,92,#21EBB1
164,86,92,#21EBB5
165,86,92,#21EBB8
166,86,92,#21EBBC
167,86,92,#21EBBF
168,86,92,#21EBC2
169,86,92,#21EBC6
170,86,92,#21EBC9
171,86,92,#21EBCC
172,86,92,#21EBD0
173,86,92,#21EBD3
174,86,92,#21EBD6
175,86,92,#21EBDA
176,86,92,#21EBDD
177,86,92,#21EBE1
178,86,92,#21EBE4
179,86,92,#21EBE7
180,86,92,#21EBEB
181,86,92,#21E7EB
182,86,92,#21E4EB
183,86,92,#21E1EB
184,86,92,#21DDEB
185,86,92,#21DAEB
186,86,92,#21D6EB
187,86,92,#21D3EB
188,86,92,#21D0EB
189,86,92,#21CCEB
190,86,92,#21C9EB
191,86,92,#21C6EB
192,86,92,#21C2EB
193,86,92,#21BFEB
194,86,92,#21BCEB
195,86,92,#21B8EB
196,86,92,#21B5EB
197,86,92,#21B1EB
198,86,92,#21AEEB
199,86,92,#21ABEB
200,86,92,#21A7EB
201,86,92,#21A4EB
202,86,92,#21A1EB
203,86,92,#219DEB
204,86,92,#219AEB
205,86,92,#2197EB
206,86,92,#2193EB
207,86,92,#2190EB
208,86,92,#218CEB
209,86,92,#2189EB
210,86,92,#2186EB
211,86,92,#2182EB
212,86,92,#217FEB
213,86,92,#217CEB
214,86,92,#2178EB
215,86,92,#2175EB
216,86,92,#2172EB
217,86,92,#216EEB
218,86,92,#216BEB
219,86,92,#2167EB
220,86,92,#2164EB
221,86,92,#2161EB
222,86,92,#215DEB
223,86,92,#215AEB
224,86,92,#2157EB
225,86,92,#2153EB
226,86,92,#2150EB
227,86,92,#214DEB
228,86,92,#2149EB
229,86,92,#2146EB
230,86,92,#2142EB
231,86,92,#213FEB
232,86,92,#213CEB
233,86,92,#2138EB
234,86,92,#2135EB
235,86,92,#2132EB
236,86,92,#212EEB
237,86,92,#212BEB
238,86,92,#2128EB
239,86,92,#2124EB
240,86,92,#2121EB
241,86,92,#2421EB
242,86,92,#2821EB
243,86,92,#2B21EB
244,86,92,#2E21EB
245,86,92,#3221EB
246,86,92,#3521EB
247,86,92,#3821EB
248,86,92,#3C21EB
249,86,92,#3F21EB
250,86,92,#4221EB
251,86,92,#4621EB
252,86,92,#4921EB
253,86,92,#4D21EB
254,86,92,#5021EB
255,86,92,#5321EB
256,86,92,#5721EB
257,86,92,#5A21EB
258,86,92,#5D21EB
259,86,92,#6121EB
260,86,92,#6421EB
261,86,92,#6721EB
262,86,92,#6B21EB
263,86,92,#6E21EB
264,86,92,#7221EB
265,86,92,#7521EB
266,86,92,#7821EB
267,86,92,#7C21EB
268,86,92,#7F21EB
269,86,92,#8221EB
270,86,92,#8621EB
271,86,92,#8921EB
272,86,92,#8C21EB
273,86,92,#9021EB
274,86,92,#9321EB
275,86,92,#9721EB
276,86,92,#9A21EB
277,86,92,#9D21EB
278,86,92,#A121EB
279,86,92,#A421EB
280,86,92,#A721EB
281,86,92,#AB21EB
282,86,92,#AE21EB
283,86,92,#B121EB
284,86,92,#B521EB
285,86,92,#B821EB
286,86,92,#BC21EB
287,86,92,#BF21EB
288,86,92,#C221EB
289,86,92,#C621EB
290,86,92,#C921EB
291,86,92,#CC21EB
292,86,92,#D021EB
293,86,92,#D321EB
294,86,92,#D621EB
295,86,92,#DA21EB
296,86,92,#DD21EB
297,86,92,#E121EB
298,86,92,#E421EB
299,86,92,#E721EB
300,86,92,#EB21EB
301,86,92,#EB21E7
302,86,92,#EB21E4
303,86,92,#EB21E1
304,86,92,#EB21DD
305,86,92,#EB21DA
306,86,92,#EB21D6
307,86,92,#EB21D3
308,86,92,#EB21D0
309,86,92,#EB21CC
310,86,92,#EB21C9
311,86,92,#EB21C6
312,86,92,#EB21C2
313,86,92,#EB21BF
314,86,92,#EB21BC
315,86,92,#EB21B8
316,86,92,#EB21B5
317,86,92,#EB21B1
318,86,92,#EB21AE
319,86,92,#EB21AB
320,86,92,#EB21A7
321,86,92,#EB21A4
322,86,92,#EB21A1
323,86,92,#EB219D
324,86,92,#EB219A
325,86,92,#EB2197
326,86,92,#EB2193
327,86,92,#EB2190
328,86,92,#EB218C
329,86,92,#EB2189
330,86,92,#EB2186
331,86,92,#EB2182
332,86,92,#EB217F
333,86,92,#EB217C
334,86,92,#EB2178
335,86,92,#EB2175
336,86,92,#EB2172
337,86,92,#EB216E
338,86,92,#EB216B
339,86,92,#EB2167
340,86,92,#EB2164
341,86,92,#EB2161
342,86,92,#EB215D
343,86,92,#EB215A
344,86,92,#EB2157
345,86,92,#EB2153
346,86,92,#EB2150
347,86,92,#EB214D
348,86,92,#EB2149
349,86,92,#EB2146
350,86,92,#EB2142
351,86,92,#EB213F
352,86,92,#EB213C
353,86,92,#EB2138
354,86,92,#EB2135
355,86,92,#EB2132
356,86,92,#EB212E
357,86,92,#EB212B
358,86,92,#EB2128
359,86,92,#EB2124
0,85,92,#EB2323
1,85,92,#EB2723
2,85,92,#EB2A23
3,85,92,#EB2D23
4,85,92,#EB3023
5,85,92,#EB3423
6,85,92,#EB3723
7,85,92,#EB3A23
8,85,92,#EB3E23
9,85,92,#EB4123
10,85,92,#EB4423
11,85,92,#EB4823
12,85,92,#EB4B23
13,85,92,#EB4E23
14,85,92,#EB5223
15,85,92,#EB5523
16,85,92,#EB5823
17,85,92,#EB5C23
18,85,92,#EB5F23
19,85,92,#EB6223
20,85,92,#EB6623
21,85,92,#EB6923
22,85,92,#EB6C23
23,85,92,#EB7023
24,85,92,#EB7323
25,85,92,#EB7623
26,85,92,#EB7A23
27,85,92,#EB7D23
28,85,92,#EB8023
29,85,92,#EB8423
30,85,92,#EB8723
31,85,92,#EB8A23
32,85,92,#EB8E23
33,85,92,#EB9123
34,85,92,#EB9423
35,85,92,#EB9823
36,85,92,#EB9B23
37,85,92,#EB9E23
38,85,92,#EBA123
39,85,92,#EBA523
40,85,92,#EBA823
41,85,92,#EBAB23
42,85,92,#EBAF23
43,85,92,#EBB223
44,85,92,#EBB523
45,85,92,#EBB923
46,85,92,#EBBC23
47,85,92,#EBBF23
48,85,92,#EBC323
49,85,92,#EBC623
50,85,92,#EBC923
51,85,92,#EBCD23
52,85,92,#EBD023
53,85,92,#EBD323
54,85,92,#EBD723
55,85,92,#EBDA23
56,85,92,#EBDD23
57,85,92,#EBE123
58,85,92,#EBE423
59,85,92,#EBE723
60,85,92,#EBEB23
61,85,92,#E7EB23
62,85,92,#E4EB23
63,85,92,#E1EB23
64,85,92,#DDEB23
65,85,92,#DAEB23
66,85,92,#D7EB23
67,85,92,#D3EB23
68,85,92,#D0EB23
69,85,92,#CDEB23
70,85,92,#C9EB23
71,85,92,#C6EB23
72,85,92,#C3EB23
73,85,92,#BFEB23
74,85,92,#BCEB23
75,85,92,#B9EB23
76,85,92,#B5EB23
77,85,92,#B2EB23
78,85,92,#AFEB23
79,85,92,#ABEB23
80,85,92,#A8EB23
81,85,92,#A5EB23
82,85,92,#A1EB23
83,85,92,#9EEB23
84,85,92,#9BEB23
85,85,92,#98EB23
86,85,92,#94EB23
87,85,92,#91EB23
88,85,92,#8EEB23
89,85,92,#8AEB23
90,85,92,#87EB23
91,85,92,#84EB23
92,85,92,#80EB23
93,85,92,#7DEB23
94,85,92,#7AEB23
95,85,92,#76EB23
96,85,92,#73EB23
97,85,92,#70EB23
98,85,92,#6CEB23
99,85,92,#69EB23
100,85,92,#66EB23
101,85,92,#62EB23
102,85,92,#5FEB23
103,85,92,#5CEB23
104,85,92,#58EB23
105,85,92,#55EB23
106,85,92,#52EB23
107,85,92,#4EEB23
108,85,92,#4BEB23
109,85,92,#48EB23
110,85,92,#44EB23
111,85,92,#41EB23
112,85,92,#3EEB23
113,85,92,#3AEB23
114,85,92,#37EB23
115,85,92,#34EB23
116,85,92,#30EB23
117,85,92,#2DEB23
118,85,92,#2AEB23
119,85,92,#27EB23
120,85,92,#23EB23
121,85,92,#23EB27
122,85,92,#23EB2A
123,85,92,#23EB2D
124,85,92,#23EB30
125,85,92,#23EB34
126,85,92,#23EB37
127,85,92,#23EB3A
128,85,92,#23EB3E
129,85,92,#23EB41
130,85,92,#23EB44
131,85,92,#23EB48
132,85,92,#23EB4B
133,85,92,#23EB4E
134,85,92,#23EB52
135,85,92,#23EB55
136,85,92,#23EB58
137,85,92,#23EB5C
138,85,92,#23EB5F
139,85,92,#23EB62
140,85,92,#23EB66
141,85,92,#23EB69
142,85,92,#23EB6C
143,85,92,#23EB70
144,85,92,#23EB73
145,85,92,#23EB76
146,85,92,#23EB7A
147,85,92,#23EB7D
148,85,92,#23EB80
149,85,92,#23EB84
150,85,92,#23EB87
151,85,92,#23EB8A
152,85,92,#23EB8E
153,85,92,#23EB91
154,85,92,#23EB94
155,85,92,#23EB98
156,85,92,#23EB9B
157,85,92,#23EB9E
158,85,92,#23EBA1
159,85,92,#23EBA5
160,85,92,#23EBA8
161,85,92,#23EBAB
162,85,92,#23EBAF
163,85,92,#23EBB2
164,85,92,#23EBB5
165,85,92,#23EBB9
166,85,92,#23EBBC
167,85,92,#23EBBF
168,85,92,#23EBC3
169,85,92,#23EBC6
170,85,92,#23EBC9
171,85,92,#23EBCD
172,85,92,#23EBD0
173,85,92,#23EBD3
174,85,92,#23EBD7
175,85,92,#23EBDA
176,85,92,#23EBDD
177,85,92,#23EBE1
178,85,92,#23EBE4
179,85,92,#23EBE7
180,85,92,#23EBEB
181,85,92,#23E7EB
182,85,92,#23E4EB
183,85,92,#23E1EB
184,85,92,#23DDEB
185,85,92,#23DAEB
186,85,92,#23D7EB
187,85,92,#23D3EB
188,85,92,#23D0EB
189,85,92,#23CDEB
190,85,92,#23C9EB
191,85,92,#23C6EB
192,85,92,#23C3EB
193,85,92,#23BFEB
194,85,92,#23BCEB
195,85,92,#23B9EB
196,85,92,#23B5EB
197,85,92,#23B2EB
198,85,92,#23AFEB
199,85,92,#23ABEB
200,85,92,#23A8EB
201,85,92,#23A5EB
202,85,92,#23A1EB
203,85,92,#239EEB
204,85,92,#239BEB
205,85,92,#2398EB
206,85,92,#2394EB
207,85,92,#2391EB
208,85,92,#238EEB
209,85,92,#238AEB
210,85,92,#2387EB
211,85,92,#2384EB
212,85,92,#2380EB
213,85,92,#237DEB
214,85,92,#237AEB
215,85,92,#2376EB
216,85,92,#2373EB
217,85,92,#2370EB
218,85,92,#236CEB
219,85,92,#2369EB
220,85,92,#2366EB
221,85,92,#2362EB
222,85,92,#235FEB
223,85,92,#235CEB
224,85,92,#2358EB
225,85,92,#2355EB
226,85,92,#2352EB
227,85,92,#234EEB
228,85,92,#234BEB
229,85,92,#2348EB
230,85,92,#2344EB
231,85,92,#2341EB
232,85,92,#233EEB
233,85,92,#233AEB
234,85,92,#2337EB
235,85,92,#2334EB
236,85,92,#2330EB
237,85,92,#232DEB
238,85,92,#232AEB
239,85,92,#2327EB
240,85,92,#2323EB
241,85,92,#2723EB
242,85,92,#2A23EB
243,85,92,#2D23EB
244,85,92,#3023EB
245,85,92,#3423EB
246,85,92,#3723EB
247,85,92,#3A23EB
248,85,92,#3E23EB
249,85,92,#4123EB
250,85,92,#4423EB
251,85,92,#4823EB
252,85,92,#4B23EB
253,85,92,#4E23EB
254,85,92,#5223EB
255,85,92,#5523EB
256,85,92,#5823EB
257,85,92,#5C23EB
258,85,92,#5F23EB
259,85,92,#6223EB
260,85,92,#6623EB
261,85,92,#6923EB
262,85,92,#6C23EB
263,85,92,#7023EB
264,85,92,#7323EB
265,85,92,#7623EB
266,85,92,#7A23EB
267,85,92,#7D23EB
268,85,92,#8023EB
269,85,92,#8423EB
270,85,92,#8723EB
271,85,92,#8A23EB
272,85,92,#8E23EB
273,85,92,#9123EB
274,85,92,#9423EB
275,85,92,#9823EB
276,85,92,#9B23EB
277,85,92,#9E23EB
278,85,92,#A123EB
279,85,92,#A523EB
280,85,92,#A823EB
281,85,92,#AB23EB
282,85,92,#AF23EB
283,85,92,#B223EB
284,85,92,#B523EB
285,85,92,#B923EB
286,85,92,#BC23EB
287,85,92,#BF23EB
288,85,92,#C323EB
289,85,92,#C623EB
290,85,92,#C923EB
291,85,92,#CD23EB
292,85,92,#D023EB
293,85,92,#D323EB
294,85,92,#D723EB
295,85,92,#DA23EB
296,85,92,#DD23EB
297,85,92,#E123EB
298,85,92,#E423EB
299,85,92,#E723EB
300,85,92,#EB23EB
301,85,92,#EB23E7
302,85,92,#EB23E4
303,85,92,#EB23E1
304,85,92,#EB23DD
305,85,92,#EB23DA
306,85,92,#EB23D7
307,85,92,#EB23D3
308,85,92,#EB23D0
309,85,92,#EB23CD
310,85,92,#EB23C9
311,85,92,#EB23C6
312,85,92,#EB23C3
313,85,92,#EB23BF
314,85,92,#EB23BC
315,85,92,#EB23B9
316,85,92,#EB23B5
317,85,92,#EB23B2
318,85,92,#EB23AF
319,85,92,#EB23AB
320,85,92,#EB23A8
321,85,92,#EB23A5
322,85,92,#EB23A1
323,85,92,#EB239E
324,85,92,#EB239B
325,85,92,#EB2398
326,85,92,#EB2394
327,85,92,#EB2391
328,85,92,#EB238E
329,85,92,#EB238A
330,85,92,#EB2387
331,85,92,#EB2384
332,85,92,#EB2380
333,85,92,#EB237D
334,85,92,#EB237A
335,85,92,#EB2376
336,85,92,#EB2373
337,85,92,#EB2370
338,85,92,#EB236C
339,85,92,#EB2369
340,85,92,#EB2366
341,85,92,#EB2362
342,85,92,#EB235F
343,85,92,#EB235C
344,85,92,#EB2358
345,85,92,#EB2355
346,85,92,#EB2352
347,85,92,#EB234E
348,85,92,#EB234B
349,85,92,#EB2348
350,85,92,#EB2344
351,85,92,#EB2341
352,85,92,#EB233E
353,85,92,#EB233A
354,85,92,#EB2337
355,85,92,#EB2334
356,85,92,#EB2330
357,85,92,#EB232D
358,85,92,#EB232A
359,85,92,#EB2327
0,84,92,#EB2626
1,84,92,#EB2926
2,84,92,#EB2C26
3,84,92,#EB2F26
4,84,92,#EB3326
5,84,92,#EB3626
6,84,92,#EB3926
7,84,92,#EB3D26
8,84,92,#EB4026
9,84,92,#EB4326
10,84,92,#EB4626
11,84,92,#EB4A26
12,84,92,#EB4D26
13,84,92,#EB5026
14,84,92,#EB5426
15,84,92,#EB5726
16,84,92,#EB5A26
17,84,92,#EB5D26
18,84,92,#EB6126
19,84,92,#EB6426
20,84,92,#EB6726
21,84,92,#EB6B26
22,84,92,#EB6E26
23,84,92,#EB7126
24,84,92,#EB7426
25,84,92,#EB7826
26,84,92,#EB7B26
27,84,92,#EB7E26
28,84,92,#EB8126
29,84,92,#EB8526
30,84,92,#EB8826
31,84,92,#EB8B26
32,84,92,#EB8F26
33,84,92,#EB9226
34,84,92,#EB9526
35,84,92,#EB9826
36,84,92,#EB9C26
37,84,92,#EB9F26
38,84,92,#EBA226
39,84,92,#EBA626
40,84,92,#EBA926
41,84,92,#EBAC26
42,84,92,#EBAF26
43,84,92,#EBB326
44,84,92,#EBB626
45,84,92,#EBB926
46,84,92,#EBBD26
47,84,92,#EBC026
48,84,92,#EBC326
49,84,92,#EBC626
50,84,92,#EBCA26
51,84,92,#EBCD26
52,84,92,#EBD026
53,84,92,#EBD426
54,84,92,#EBD726
55,84,92,#EBDA26
56,84,92,#EBDD26
57,84,92,#EBE126
58,84,92,#EBE426
59,84,92,#EBE726
60,84,92,#EBEB26
61,84,92,#E7EB26
62,84,92,#E4EB26
63,84,92,#E1EB26
64,84,92,#DDEB26
65,84,92,#DAEB26
66,84,92,#D7EB26
67,84,92,#D4EB26
68,84,92,#D0EB26
69,84,92,#CDEB26
70,84,92,#CAEB26
71,84,92,#C6EB26
72,84,92,#C3EB26
73,84,92,#C0EB26
74,84,92,#BDEB26
75,84,92,#B9EB26
76,84,92,#B6EB26
77,84,92,#B3EB26
78,84,92,#AFEB26
79,84,92,#ACEB26
80,84,92,#A9EB26
81,84,92,#A6EB26
82,84,92,#A2EB26
83,84,92,#9FEB26
84,84,92,#9CEB26
85,84,92,#98EB26
86,84,92,#95EB26
87,84,92,#92EB26
88,84,92,#8FEB26
89,84,92,#8BEB26
90,84,92,#88EB26
91,84,92,#85EB26
92,84,92,#81EB26
93,84,92,#7EEB26
94,84,92,#7BEB26
95,84,92,#78EB26
96,84,92,#74EB26
97,84,92,#71EB26
98,84,92,#6EEB26
99,84,92,#6BEB26
100,84,92,#67EB26
101,84,92,#64EB26
102,84,92,#61EB26
103,84,92,#5DEB26
104,84,92,#5AEB26
105,84,92,#57EB26
106,84,92,#54EB26
107,84,92,#50EB26
108,84,92,#4DEB26
109,84,92,#4AEB26
110,84,92,#46EB26
111,84,92,#43EB26
112,84,92,#40EB26
113,84,92,#3DEB26
114,84,92,#39EB26
115,84,92,#36EB26
116,84,92,#33EB26
117,84,92,#2FEB26
118,84,92,#2CEB26
119,84,92,#29EB26
120,84,92,#26EB26
121,84,92,#26EB29
122,84,92,#26EB2C
123,84,92,#26EB2F
124,84,92,#26EB33
125,84,92,#26EB36
126,84,92,#26EB39
127,84,92,#26EB3D
128,84,92,#26EB40
129,84,92,#26EB43
130,84,92,#26EB46
131,84,92,#26EB4A
132,84,92,#26EB4D
133,84,92,#26EB50
134,84,92,#26EB54
135,84,92,#26EB57
136,84,92,#26EB5A
137,84,92,#26EB5D
138,84,92,#26EB61
139,84,92,#26EB64
140,84,92,#26EB67
141,84,92,#26EB6B
142,84,92,#26EB6E
143,84,92,#26EB71
144,84,92,#26EB74
145,84,92,#26EB78
146,84,92,#26EB7B
147,84,92,#26EB7E
148,84,92,#26EB81
149,84,92,#26EB85
150,84,92,#26EB88
151,84,92,#26EB8B
152,84,92,#26EB8F
153,84,92,#26EB92
154,84,92,#26EB95
155,84,92,#26EB98
156,84,92,#26EB9C
157,84,92,#26EB9F
158,84,92,#26EBA2
159,84,92,#26EBA6
160,84,92,#26EBA9
161,84,92,#26EBAC
162,84,92,#26EBAF
163,84,92,#26EBB3
164,84,92,#26EBB6
165,84,92,#26EBB9
166,84,92,#26EBBD
167,84,92,#26EBC0
168,84,92,#26EBC3
169,84,92,#26EBC6
170,84,92,#26EBCA
171,84,92,#26EBCD
172,84,92,#26EBD0
173,84,92,#26EBD4
174,84,92,#26EBD7
175,84,92,#26EBDA
176,84,92,#26EBDD
177,84,92,#26EBE1
178,84,92,#26EBE4
179,84,92,#26EBE7
180,84,92,#26EBEB
181,84,92,#26E7EB
182,84,92,#26E4EB
183,84,92,#26E1EB
184,84,92,#26DDEB
185,84,92,#26DAEB
186,84,92,#26D7EB
187,84,92,#26D4EB
188,84,92,#26D0EB
189,84,92,#26CDEB
190,84,92,#26CAEB
191,84,92,#26C6EB
192,84,92,#26C3EB
193,84,92,#26C0EB
194,84,92,#26BDEB
195,84,92,#26B9EB
196,84,92,#26B6EB
197,84,92,#26B3EB
198,84,92,#26AFEB
199,84,92,#26ACEB
200,84,92,#26A9EB
201,84,92,#26A6EB
202,84,92,#26A2EB
203,84,92,#269FEB
204,84,92,#269CEB
205,84,92,#2698EB
206,84,92,#2695EB
207,84,92,#2692EB
208,84,92,#268FEB
209,84,92,#268BEB
210,84,92,#2688EB
211,84,92,#2685EB
212,84,92,#2681EB
213,84,92,#267EEB
214,84,92,#267BEB
215,84,92,#2678EB
216,84,92,#2674EB
217,84,92,#2671EB
218,84,92,#266EEB
219,84,92,#266BEB
220,84,92,#2667EB
221,84,92,#2664EB
222,84,92,#2661EB
223,84,92,#265DEB
224,84,92,#265AEB
225,84,92,#2657EB
226,84,92,#2654EB
227,84,92,#2650EB
228,84,92,#264DEB
229,84,92,#264AEB
230,84,92,#2646EB
231,84,92,#2643EB
232,84,92,#2640EB
233,84,92,#263DEB
234,84,92,#2639EB
235,84,92,#2636EB
236,84,92,#2633EB
237,84,92,#262FEB
238,84,92,#262CEB
239,84,92,#2629EB
240,84,92,#2626EB
241,84,92,#2926EB
242,84,92,#2C26EB
243,84,92,#2F26EB
244,84,92,#3326EB
245,84,92,#3626EB
246,84,92,#3926EB
247,84,92,#3D26EB
248,84,92,#4026EB
249,84,92,#4326EB
250,84,92,#4626EB
251,84,92,#4A26EB
252,84,92,#4D26EB
253,84,92,#5026EB
254,84,92,#5426EB
255,84,92,#5726EB
256,84,92,#5A26EB
257,84,92,#5D26EB
258,84,92,#6126EB
259,84,92,#6426EB
260,84,92,#6726EB
261,84,92,#6B26EB
262,84,92,#6E26EB
263,84,92,#7126EB
264,84,92,#7426EB
265,84,92,#7826EB
266,84,92,#7B26EB
267,84,92,#7E26EB
268,84,92,#8126EB
269,84,92,#8526EB
270,84,92,#8826EB
271,84,92,#8B26EB
272,84,92,#8F26EB
273,84,92,#9226EB
274,84,92,#9526EB
275,84,92,#9826EB
276,84,92,#9C26EB
277,84,92,#9F26EB
278,84,92,#A226EB
279,84,92,#A626EB
280,84,92,#A926EB
281,84,92,#AC26EB
282,84,92,#AF26EB
283,84,92,#B326EB
284,84,92,#B626EB
285,84,92,#B926EB
286,84,92,#BD26EB
287,84,92,#C026EB
288,84,92,#C326EB
289,84,92,#C626EB
290,84,92,#CA26EB
291,84,92,#CD26EB
292,84,92,#D026EB
293,84,92,#D426EB
294,84,92,#D726EB
295,84,92,#DA26EB
296,84,92,#DD26EB
297,84,92,#E126EB
298,84,92,#E426EB
299,84,92,#E726EB
300,84,92,#EB26EB
301,84,92,#EB26E7
302,84,92,#EB26E4
303,84,92,#EB26E1
304,84,92,#EB26DD
305,84,92,#EB26DA
306,84,92,#EB26D7
307,84,92,#EB26D4
308,84,92,#EB26D0
309,84,92,#EB26CD
310,84,92,#EB26CA
311,84,92,#EB26C6
312,84,92,#EB26C3
313,84,92,#EB26C0
314,84,92,#EB26BD
315,84,92,#EB26B9
316,84,92,#EB26B6
317,84,92,#EB26B3
318,84,92,#EB26AF
319,84,92,#EB26AC
320,84,92,#EB26A9
321,84,92,#EB26A6
322,84,92,#EB26A2
323,84,92,#EB269F
324,84,92,#EB269C
325,84,92,#EB2698
326,84,92,#EB2695
327,84,92,#EB2692
328,84,92,#EB268F
329,84,92,#EB268B
330,84,92,#EB2688
331,84,92,#EB2685
332,84,92,#EB2681
333,84,92,#EB267E
334,84,92,#EB267B
335,84,92,#EB2678
336,84,92,#EB2674
337,84,92,#EB2671
338,84,92,#EB266E
339,84,92,#EB266B
340,84,92,#EB2667
341,84,92,#EB2664
342,84,92,#EB2661
343,84,92,#EB265D
344,84,92,#EB265A
345,84,92,#EB2657
346,84,92,#EB2654
347,84,92,#EB2650
348,84,92,#EB264D
349,84,92,#EB264A
350,84,92,#EB2646
351,84,92,#EB2643
352,84,92,#EB2640
353,84,92,#EB263D
354,84,92,#EB2639
355,84,92,#EB2636
356,84,92,#EB2633
357,84,92,#EB262F
358,84,92,#EB262C
359,84,92,#EB2629
0,83,92,#EB2828
1,83,92,#EB2B28
2,83,92,#EB2E28
3,83,92,#EB3228
4,83,92,#EB3528
5,83,92,#EB3828
6,83,92,#EB3B28
7,83,92,#EB3F28
8,83,92,#EB4228
9,83,92,#EB4528
10,83,92,#EB4828
11,83,92,#EB4C28
12,83,92,#EB4F28
13,83,92,#EB5228
14,83,92,#EB5528
15,83,92,#EB5928
16,83,92,#EB5C28
17,83,92,#EB5F28
18,83,92,#EB6228
19,83,92,#EB6628
20,83,92,#EB6928
21,83,92,#EB6C28
22,83,92,#EB6F28
23,83,92,#EB7328
24,83,92,#EB7628
25,83,92,#EB7928
26,83,92,#EB7C28
27,83,92,#EB8028
28,83,92,#EB8328
29,83,92,#EB8628
30,83,92,#EB8928
31,83,92,#EB8C28
32,83,92,#EB9028
33,83,92,#EB9328
34,83,92,#EB9628
35,83,92,#EB9928
36,83,92,#EB9D28
37,83,92,#EBA028
38,83,92,#EBA328
39,83,92,#EBA628
40,83,92,#EBAA28
41,83,92,#EBAD28
42,83,92,#EBB028
43,83,92,#EBB328
44,83,92,#EBB728
45,83,92,#EBBA28
46,83,92,#EBBD28
47,83,92,#EBC028
48,83,92,#EBC428
49,83,92,#EBC728
50,83,92,#EBCA28
51,83,92,#EBCD28
52,83,92,#EBD128
53,83,92,#EBD428
54,83,92,#EBD728
55,83,92,#EBDA28
56,83,92,#EBDE28
57,83,92,#EBE128
58,83,92,#EBE428
59,83,92,#EBE728
60,83,92,#EBEB28
61,83,92,#E7EB28
62,83,92,#E4EB28
63,83,92,#E1EB28
64,83,92,#DEEB28
65,83,92,#DAEB28
66,83,92,#D7EB28
67,83,92,#D4EB28
68,83,92,#D1EB28
69,83,92,#CDEB28
70,83,92,#CAEB28
71,83,92,#C7EB28
72,83,92,#C4EB28
73,83,92,#C0EB28
74,83,92,#BDEB28
75,83,92,#BAEB28
76,83,92,#B7EB28
77,83,92,#B3EB28
78,83,92,#B0EB28
79,83,92,#ADEB28
80,83,92,#AAEB28
81,83,92,#A6EB28
82,83,92,#A3EB28
83,83,92,#A0EB28
84,83,92,#9DEB28
85,83,92,#99EB28
86,83,92,#96EB28
87,83,92,#93EB28
88,83,92,#90EB28
89,83,92,#8CEB28
90,83,92,#89EB28
91,83,92,#86EB28
92,83,92,#83EB28
93,83,92,#80EB28
94,83,92,#7CEB28
95,83,92,#79EB28
96,83,92,#76EB28
97,83,92,#73EB28
98,83,92,#6FEB28
99,83,92,#6CEB28
100,83,92,#69EB28
101,83,92,#66EB28
102,83,92,#62EB28
103,83,92,#5FEB28
104,83,92,#5CEB28
105,83,92,#59EB28
106,83,92,#55EB28
107,83,92,#52EB28
108,83,92,#4FEB28
109,83,92,#4CEB28
110,83,92,#48EB28
111,83,92,#45EB28
112,83,92,#42EB28
113,83,92,#3FEB28
114,83,92,#3BEB28
115,83,92,#38EB28
116,83,92,#35EB28
117,83,92,#32EB28
118,83,92,#2EEB28
119,83,92,#2BEB28
120,83,92,#28EB28
121,83,92,#28EB2B
122,83,92,#28EB2E
123,83,92,#28EB32
124,83,92,#28EB35
125,83,92,#28EB38
126,83,92,#28EB3B
127,83,92,#28EB3F
128,83,92,#28EB42
129,83,92,#28EB45
130,83,92,#28EB48
131,83,92,#28EB4C
132,83,92,#28EB4F
133,83,92,#28EB52
134,83,92,#28EB55
135,83,92,#28EB59
136,83,92,#28EB5C
137,83,92,#28EB5F
138,83,92,#28EB62
139,83,92,#28EB66
140,83,92,#28EB69
141,83,92,#28EB6C
142,83,92,#28EB6F
143,83,92,#28EB73
144,83,92,#28EB76
145,83,92,#28EB79
146,83,92,#28EB7C
147,83,92,#28EB80
148,83,92,#28EB83
149,83,92,#28EB86
150,83,92,#28EB89
151,83,92,#28EB8C
152,83,92,#28EB90
153,83,92,#28EB93
154,83,92,#28EB96
155,83,92,#28EB99
156,83,92,#28EB9D
157,83,92,#28EBA0
158,83,92,#28EBA3
159,83,92,#28EBA6
160,83,92,#28EBAA
161,83,92,#28EBAD
162,83,92,#28EBB0
163,83,92,#28EBB3
164,83,92,#28EBB7
165,83,92,#28EBBA
166,83,92,#28EBBD
167,83,92,#28EBC0
168,83,92,#28EBC4
169,83,92,#28EBC7
170,83,92,#28EBCA
171,83,92,#28EBCD
172,83,92,#28EBD1
173,83,92,#28EBD4
174,83,92,#28EBD7
175,83,92,#28EBDA
176,83,92,#28EBDE
177,83,92,#28EBE1
178,83,92,#28EBE4
179,83,92,#28EBE7
180,83,92,#28EBEB
181,83,92,#28E7EB
182,83,92,#28E4EB
183,83,92,#28E1EB
184,83,92,#28DEEB
185,83,92,#28DAEB
186,83,92,#28D7EB
187,83,92,#28D4EB
188,83,92,#28D1EB
189,83,92,#28CDEB
190,83,92,#28CAEB
191,83,92,#28C7EB
192,83,92,#28C4EB
193,83,92,#28C0EB
194,83,92,#28BDEB
195,83,92,#28BAEB
196,83,92,#28B7EB
197,83,92,#28B3EB
198,83,92,#28B0EB
199,83,92,#28ADEB
200,83,92,#28AAEB
201,83,92,#28A6EB
202,83,92,#28A3EB
203,83,92,#28A0EB
204,83,92,#289DEB
205,83,92,#2899EB
206,83,92,#2896EB
207,83,92,#2893EB
208,83,92,#2890EB
209,83,92,#288CEB
210,83,92,#2889EB
211,83,92,#2886EB
212,83,92,#2883EB
213,83,92,#2880EB
214,83,92,#287CEB
215,83,92,#2879EB
216,83,92,#2876EB
217,83,92,#2873EB
218,83,92,#286FEB
219,83,92,#286CEB
220,83,92,#2869EB
221,83,92,#2866EB
222,83,92,#2862EB
223,83,92,#285FEB
224,83,92,#285CEB
225,83,92,#2859EB
226,83,92,#2855EB
227,83,92,#2852EB
228,83,92,#284FEB
229,83,92,#284CEB
230,83,92,#2848EB
231,83,92,#2845EB
232,83,92,#2842EB
233,83,92,#283FEB
234,83,92,#283BEB
235,83,92,#2838EB
236,83,92,#2835EB
237,83,92,#2832EB
238,83,92,#282EEB
239,83,92,#282BEB
240,83,92,#2828EB
241,83,92,#2B28EB
242,83,92,#2E28EB
243,83,92,#3228EB
244,83,92,#3528EB
245,83,92,#3828EB
246,83,92,#3B28EB
247,83,92,#3F28EB
248,83,92,#4228EB
249,83,92,#4528EB
250,83,92,#4828EB
251,83,92,#4C28EB
252,83,92,#4F28EB
253,83,92,#5228EB
254,83,92,#5528EB
255,83,92,#5928EB
256,83,92,#5C28EB
257,83,92,#5F28EB
258,83,92,#6228EB
259,83,92,#6628EB
260,83,92,#6928EB
261,83,92,#6C28EB
262,83,92,#6F28EB
263,83,92,#7328EB
264,83,92,#7628EB
265,83,92,#7928EB
266,83,92,#7C28EB
267,83,92,#8028EB
268,83,92,#8328EB
269,83,92,#8628EB
270,83,92,#8928EB
271,83,92,#8C28EB
272,83,92,#9028EB
273,83,92,#9328EB
274,83,92,#9628EB
275,83,92,#9928EB
276,83,92,#9D28EB
277,83,92,#A028EB
278,83,92,#A328EB
279,83,92,#A628EB
280,83,92,#AA28EB
281,83,92,#AD28EB
282,83,92,#B028EB
283,83,92,#B328EB
284,83,92,#B728EB
285,83,92,#BA28EB
286,83,92,#BD28EB
287,83,92,#C028EB
288,83,92,#C428EB
289,83,92,#C728EB
290,83,92,#CA28EB
291,83,92,#CD28EB
292,83,92,#D128EB
293,83,92,#D428EB
294,83,92,#D728EB
295,83,92,#DA28EB
296,83,92,#DE28EB
297,83,92,#E128EB
298,83,92,#E428EB
299,83,92,#E728EB
300,83,92,#EB28EB
301,83,92,#EB28E7
302,83,92,#EB28E4
303,83,92,#EB28E1
304,83,92,#EB28DE
305,83,92,#EB28DA
306,83,92,#EB28D7
307,83,92,#EB28D4
308,83,92,#EB28D1
309,83,92,#EB28CD
310,83,92,#EB28CA
311,83,92,#EB28C7
312,83,92,#EB28C4
313,83,92,#EB28C0
314,83,92,#EB28BD
315,83,92,#EB28BA
316,83,92,#EB28B7
317,83,92,#EB28B3
318,83,92,#EB28B0
319,83,92,#EB28AD
320,83,92,#EB28AA
321,83,92,#EB28A6
322,83,92,#EB28A3
323,83,92,#EB28A0
324,83,92,#EB289D
325,83,92,#EB2899
326,83,92,#EB2896
327,83,92,#EB2893
328,83,92,#EB2890
329,83,92,#EB288C
330,83,92,#EB2889
331,83,92,#EB2886
332,83,92,#EB2883
333,83,92,#EB2880
334,83,92,#EB287C
335,83,92,#EB2879
336,83,92,#EB2876
337,83,92,#EB2873
338,83,92,#EB286F
339,83,92,#EB286C
340,83,92,#EB2869
341,83,92,#EB2866
342,83,92,#EB2862
343,83,92,#EB285F
344,83,92,#EB285C
345,83,92,#EB2859
346,83,92,#EB2855
347,83,92,#EB2852
348,83,92,#EB284F
349,83,92,#EB284C
350,83,92,#EB2848
351,83,92,#EB2845
352,83,92,#EB2842
353,83,92,#EB283F
354,83,92,#EB283B
355,83,92,#EB2838
356,83,92,#EB2835
357,83,92,#EB2832
358,83,92,#EB282E
359,83,92,#EB282B
0,82,92,#EB2A2A
1,82,92,#EB2D2A
2,82,92,#EB312A
3,82,92,#EB342A
4,82,92,#EB372A
5,82,92,#EB3A2A
6,82,92,#EB3D2A
7,82,92,#EB412A
8,82,92,#EB442A
9,82,92,#EB472A
10,82,92,#EB4A2A
11,82,92,#EB4D2A
12,82,92,#EB512A
13,82,92,#EB542A
14,82,92,#EB572A
15,82,92,#EB5A2A
16,82,92,#EB5E2A
17,82,92,#EB612A
18,82,92,#EB642A
19,82,92,#EB672A
20,82,92,#EB6A2A
21,82,92,#EB6E2A
22,82,92,#EB712A
23,82,92,#EB742A
24,82,92,#EB772A
25,82,92,#EB7A2A
26,82,92,#EB7E2A
27,82,92,#EB812A
28,82,92,#EB842A
29,82,92,#EB872A
30,82,92,#EB8A2A
31,82,92,#EB8E2A
32,82,92,#EB912A
33,82,92,#EB942A
34,82,92,#EB972A
35,82,92,#EB9A2A
36,82,92,#EB9E2A
37,82,92,#EBA12A
38,82,92,#EBA42A
39,82,92,#EBA72A
40,82,92,#EBAA2A
41,82,92,#EBAE2A
42,82,92,#EBB12A
43,82,92,#EBB42A
44,82,92,#EBB72A
45,82,92,#EBBB2A
46,82,92,#EBBE2A
47,82,92,#EBC12A
48,82,92,#EBC42A
49,82,92,#EBC72A
50,82,92,#EBCB2A
51,82,92,#EBCE2A
52,82,92,#EBD12A
53,82,92,#EBD42A
54,82,92,#EBD72A
55,82,92,#EBDB2A
56,82,92,#EBDE2A
57,82,92,#EBE12A
58,82,92,#EBE42A
59,82,92,#EBE72A
60,82,92,#EBEB2A
61,82,92,#E7EB2A
62,82,92,#E4EB2A
63,82,92,#E1EB2A
64,82,92,#DEEB2A
65,82,92,#DBEB2A
66,82,92,#D7EB2A
67,82,92,#D4EB2A
68,82,92,#D1EB2A
69,82,92,#CEEB2A
70,82,92,#CBEB2A
71,82,92,#C7EB2A
72,82,92,#C4EB2A
73,82,92,#C1EB2A
74,82,92,#BEEB2A
75,82,92,#BBEB2A
76,82,92,#B7EB2A
77,82,92,#B4EB2A
78,82,92,#B1EB2A
79,82,92,#AEEB2A
80,82,92,#AAEB2A
81,82,92,#A7EB2A
82,82,92,#A4EB2A
83,82,92,#A1EB2A
84,82,92,#9EEB2A
85,82,92,#9AEB2A
86,82,92,#97EB2A
87,82,92,#94EB2A
88,82,92,#91EB2A
89,82,92,#8EEB2A
90,82,92,#8AEB2A
91,82,92,#87EB2A
92,82,92,#84EB2A
93,82,92,#81EB2A
94,82,92,#7EEB2A
95,82,92,#7AEB2A
96,82,92,#77EB2A
97,82,92,#74EB2A
98,82,92,#71EB2A
99,82,92,#6EEB2A
100,82,92,#6AEB2A
101,82,92,#67EB2A
102,82,92,#64EB2A
103,82,92,#61EB2A
104,82,92,#5EEB2A
105,82,92,#5AEB2A
106,82,92,#57EB2A
107,82,92,#54EB2A
108,82,92,#51EB2A
109,82,92,#4DEB2A
110,82,92,#4AEB2A
111,82,92,#47EB2A
112,82,92,#44EB2A
113,82,92,#41EB2A
114,82,92,#3DEB2A
115,82,92,#3AEB2A
116,82,92,#37EB2A
117,82,92,#34EB2A
118,82,92,#31EB2A
119,82,92,#2DEB2A
120,82,92,#2AEB2A
121,82,92,#2AEB2D
122,82,92,#2AEB31
123,82,92,#2AEB34
124,82,92,#2AEB37
125,82,92,#2AEB3A
126,82,92,#2AEB3D
127,82,92,#2AEB41
128,82,92,#2AEB44
129,82,92,#2AEB47
130,82,92,#2AEB4A
131,82,92,#2AEB4D
132,82,92,#2AEB51
133,82,92,#2AEB54
134,82,92,#2AEB57
135,82,92,#2AEB5A
136,82,92,#2AEB5E
137,82,92,#2AEB61
138,82,92,#2AEB64
139,82,92,#2AEB67
140,82,92,#2AEB6A
141,82,92,#2AEB6E
142,82,92,#2AEB71
143,82,92,#2AEB74
144,82,92,#2AEB77
145,82,92,#2AEB7A
146,82,92,#2AEB7E
147,82,92,#2AEB81
148,82,92,#2AEB84
149,82,92,#2AEB87
150,82,92,#2AEB8A
151,82,92,#2AEB8E
152,82,92,#2AEB91
153,82,92,#2AEB94
154,82,92,#2AEB97
155,82,92,#2AEB9A
156,82,92,#2AEB9E
157,82,92,#2AEBA1
158,82,92,#2AEBA4
159,82,92,#2AEBA7
160,82,92,#2AEBAA
161,82,92,#2AEBAE
162,82,92,#2AEBB1
163,82,92,#2AEBB4
164,82,92,#2AEBB7
165,82,92,#2AEBBB
166,82,92,#2AEBBE
167,82,92,#2AEBC1
168,82,92,#2AEBC4
169,82,92,#2AEBC7
170,82,92,#2AEBCB
171,82,92,#2AEBCE
172,82,92,#2AEBD1
173,82,92,#2AEBD4
174,82,92,#2AEBD7
175,82,92,#2AEBDB
176,82,92,#2AEBDE
177,82,92,#2AEBE1
178,82,92,#2AEBE4
179,82,92,#2AEBE7
180,82,92,#2AEBEB
181,82,92,#2AE7EB
182,82,92,#2AE4EB
183,82,92,#2AE1EB
184,82,92,#2ADEEB
185,82,92,#2ADBEB
186,82,92,#2AD7EB
187,82,92,#2AD4EB
188,82,92,#2AD1EB
189,82,92,#2ACEEB
190,82,92,#2ACBEB
191,82,92,#2AC7EB
192,82,92,#2AC4EB
193,82,92,#2AC1EB
194,82,92,#2ABEEB
195,82,92,#2ABBEB
196,82,92,#2AB7EB
197,82,92,#2AB4EB
198,82,92,#2AB1EB
199,82,92,#2AAEEB
200,82,92,#2AAAEB
201,82,92,#2AA7EB
202,82,92,#2AA4EB
203,82,92,#2AA1EB
204,82,92,#2A9EEB
205,82,92,#2A9AEB
206,82,92,#2A97EB
207,82,92,#2A94EB
208,82,92,#2A91EB
209,82,92,#2A8EEB
210,82,92,#2A8AEB
211,82,92,#2A87EB
212,82,92,#2A84EB
213,82,92,#2A81EB
214,82,92,#2A7EEB
215,82,92,#2A7AEB
216,82,92,#2A77EB
217,82,92,#2A74EB
218,82,92,#2A71EB
219,82,92,#2A6EEB
220,82,92,#2A6AEB
221,82,92,#2A67EB
222,82,92,#2A64EB
223,82,92,#2A61EB
224,82,92,#2A5EEB
225,82,92,#2A5AEB
226,82,92,#2A57EB
227,82,92,#2A54EB
228,82,92,#2A51EB
229,82,92,#2A4DEB
230,82,92,#2A4AEB
231,82,92,#2A47EB
232,82,92,#2A44EB
233,82,92,#2A41EB
234,82,92,#2A3DEB
235,82,92,#2A3AEB
236,82,92,#2A37EB
237,82,92,#2A34EB
238,82,92,#2A31EB
239,82,92,#2A2DEB
240,82,92,#2A2AEB
241,82,92,#2D2AEB
242,82,92,#312AEB
243,82,92,#342AEB
244,82,92,#372AEB
245,82,92,#3A2AEB
246,82,92,#3D2AEB
247,82,92,#412AEB
248,82,92,#442AEB
249,82,92,#472AEB
250,82,92,#4A2AEB
251,82,92,#4D2AEB
252,82,92,#512AEB
253,82,92,#542AEB
254,82,92,#572AEB
255,82,92,#5A2AEB
256,82,92,#5E2AEB
257,82,92,#612AEB
258,82,92,#642AEB
259,82,92,#672AEB
260,82,92,#6A2AEB
261,82,92,#6E2AEB
262,82,92,#712AEB
263,82,92,#742AEB
264,82,92,#772AEB
265,82,92,#7A2AEB
266,82,92,#7E2AEB
267,82,92,#812AEB
268,82,92,#842AEB
269,82,92,#872AEB
270,82,92,#8A2AEB
271,82,92,#8E2AEB
272,82,92,#912AEB
273,82,92,#942AEB
274,82,92,#972AEB
275,82,92,#9A2AEB
276,82,92,#9E2AEB
277,82,92,#A12AEB
278,82,92,#A42AEB
279,82,92,#A72AEB
280,82,92,#AA2AEB
281,82,92,#AE2AEB
282,82,92,#B12AEB
283,82,92,#B42AEB
284,82,92,#B72AEB
285,82,92,#BB2AEB
286,82,92,#BE2AEB
287,82,92,#C12AEB
288,82,92,#C42AEB
289,82,92,#C72AEB
290,82,92,#CB2AEB
291,82,92,#CE2AEB
292,82,92,#D12AEB
293,82,92,#D42AEB
294,82,92,#D72AEB
295,82,92,#DB2AEB
296,82,92,#DE2AEB
297,82,92,#E12AEB
298,82,92,#E42AEB
299,82,92,#E72AEB
300,82,92,#EB2AEB
301,82,92,#EB2AE7
302,82,92,#EB2AE4
303,82,92,#EB2AE1
304,82,92,#EB2ADE
305,82,92,#EB2ADB
306,82,92,#EB2AD7
307,82,92,#EB2AD4
308,82,92,#EB2AD1
309,82,92,#EB2ACE
310,82,92,#EB2ACB
311,82,92,#EB2AC7
312,82,92,#EB2AC4
313,82,92,#EB2AC1
314,82,92,#EB2ABE
315,82,92,#EB2ABB
316,82,92,#EB2AB7
317,82,92,#EB2AB4
318,82,92,#EB2AB1
319,82,92,#EB2AAE
320,82,92,#EB2AAA
321,82,92,#EB2AA7
322,82,92,#EB2AA4
323,82,92,#EB2AA1
324,82,92,#EB2A9E
325,82,92,#EB2A9A
326,82,92,#EB2A97
327,82,92,#EB2A94
328,82,92,#EB2A91
329,82,92,#EB2A8E
330,82,92,#EB2A8A
331,82,92,#EB2A87
332,82,92,#EB2A84
333,82,92,#EB2A81
334,82,92,#EB2A7E
335,82,92,#EB2A7A
336,82,92,#EB2A77
337,82,92,#EB2A74
338,82,92,#EB2A71
339,82,92,#EB2A6E
340,82,92,#EB2A6A
341,82,92,#EB2A67
342,82,92,#EB2A64
343,82,92,#EB2A61
344,82,92,#EB2A5E
345,82,92,#EB2A5A
346,82,92,#EB2A57
347,82,92,#EB2A54
348,82,92,#EB2A51
349,82,92,#EB2A4D
350,82,92,#EB2A4A
351,82,92,#EB2A47
352,82,92,#EB2A44
353,82,92,#EB2A41
354,82,92,#EB2A3D
355,82,92,#EB2A3A
356,82,92,#EB2A37
357,82,92,#EB2A34
358,82,92,#EB2A31
359,82,92,#EB2A2D
0,81,92,#EB2D2D
1,81,92,#EB302D
2,81,92,#EB332D
3,81,92,#EB362D
4,81,92,#EB392D
5,81,92,#EB3C2D
6,81,92,#EB402D
7,81,92,#EB432D
8,81,92,#EB462D
9,81,92,#EB492D
10,81,92,#EB4C2D
11,81,92,#EB4F2D
12,81,92,#EB532D
13,81,92,#EB562D
14,81,92,#EB592D
15,81,92,#EB5C2D
16,81,92,#EB5F2D
17,81,92,#EB622D
18,81,92,#EB662D
19,81,92,#EB692D
20,81,92,#EB6C2D
21,81,92,#EB6F2D
22,81,92,#EB722D
23,81,92,#EB752D
24,81,92,#EB792D
25,81,92,#EB7C2D
26,81,92,#EB7F2D
27,81,92,#EB822D
28,81,92,#EB852D
29,81,92,#EB882D
30,81,92,#EB8C2D
31,81,92,#EB8F2D
32,81,92,#EB922D
33,81,92,#EB952D
34,81,92,#EB982D
35,81,92,#EB9B2D
36,81,92,#EB9F2D
37,81,92,#EBA22D
38,81,92,#EBA52D
39,81,92,#EBA82D
40,81,92,#EBAB2D
41,81,92,#EBAE2D
42,81,92,#EBB22D
43,81,92,#EBB52D
44,81,92,#EBB82D
45,81,92,#EBBB2D
46,81,92,#EBBE2D
47,81,92,#EBC12D
48,81,92,#EBC52D
49,81,92,#EBC82D
50,81,92,#EBCB2D
51,81,92,#EBCE2D
52,81,92,#EBD12D
53,81,92,#EBD42D
54,81,92,#EBD82D
55,81,92,#EBDB2D
56,81,92,#EBDE2D
57,81,92,#EBE12D
58,81,92,#EBE42D
59,81,92,#EBE72D
60,81,92,#EBEB2D
61,81,92,#E7EB2D
62,81,92,#E4EB2D
63,81,92,#E1EB2D
64,81,92,#DEEB2D
65,81,92,#DBEB2D
66,81,92,#D8EB2D
67,81,92,#D4EB2D
68,81,92,#D1EB2D
69,81,92,#CEEB2D
70,81,92,#CBEB2D
71,81,92,#C8EB2D
72,81,92,#C5EB2D
73,81,92,#C1EB2D
74,81,92,#BEEB2D
75,81,92,#BBEB2D
76,81,92,#B8EB2D
77,81,92,#B5EB2D
78,81,92,#B2EB2D
79,81,92,#AEEB2D
80,81,92,#ABEB2D
81,81,92,#A8EB2D
82,81,92,#A5EB2D
83,81,92,#A2EB2D
84,81,92,#9FEB2D
85,81,92,#9BEB2D
86,81,92,#98EB2D
87,81,92,#95EB2D
88,81,92,#92EB2D
89,81,92,#8FEB2D
90,81,92,#8CEB2D
91,81,92,#88EB2D
92,81,92,#85EB2D
93,81,92,#82EB2D
94,81,92,#7FEB2D
95,81,92,#7CEB2D
96,81,92,#79EB2D
97,81,92,#75EB2D
98,81,92,#72EB2D
99,81,92,#6FEB2D
100,81,92,#6CEB2D
101,81,92,#69EB2D
102,81,92,#66EB2D
103,81,92,#62EB2D
104,81,92,#5FEB2D
105,81,92,#5CEB2D
106,81,92,#59EB2D
107,81,92,#56EB2D
108,81,92,#53EB2D
109,81,92,#4FEB2D
110,81,92,#4CEB2D
111,81,92,#49EB2D
112,81,92,#46EB2D
113,81,92,#43EB2D
114,81,92,#40EB2D
115,81,92,#3CEB2D
116,81,92,#39EB2D
117,81,92,#36EB2D
118,81,92,#33EB2D
119,81,92,#30EB2D
120,81,92,#2DEB2D
121,81,92,#2DEB30
122,81,92,#2DEB33
123,81,92,#2DEB36
124,81,92,#2DEB39
125,81,92,#2DEB3C
126,81,92,#2DEB40
127,81,92,#2DEB43
128,81,92,#2DEB46
129,81,92,#2DEB49
130,81,92,#2DEB4C
131,81,92,#2DEB4F
132,81,92,#2DEB53
133,81,92,#2DEB56
134,81,92,#2DEB59
135,81,92,#2DEB5C
136,81,92,#2DEB5F
137,81,92,#2DEB62
138,81,92,#2DEB66
139,81,92,#2DEB69
140,81,92,#2DEB6C
141,81,92,#2DEB6F
142,81,92,#2DEB72
143,81,92,#2DEB75
144,81,92,#2DEB79
145,81,92,#2DEB7C
146,81,92,#2DEB7F
147,81,92,#2DEB82
148,81,92,#2DEB85
149,81,92,#2DEB88
150,81,92,#2DEB8C
151,81,92,#2DEB8F
152,81,92,#2DEB92
153,81,92,#2DEB95
154,81,92,#2DEB98
155,81,92,#2DEB9B
156,81,92,#2DEB9F
157,81,92,#2DEBA2
158,81,92,#2DEBA5
159,81,92,#2DEBA8
160,81,92,#2DEBAB
161,81,92,#2DEBAE
162,81,92,#2DEBB2
163,81,92,#2DEBB5
164,81,92,#2DEBB8
165,81,92,#2DEBBB
166,81,92,#2DEBBE
167,81,92,#2DEBC1
168,81,92,#2DEBC5
169,81,92,#2DEBC8
170,81,92,#2DEBCB
171,81,92,#2DEBCE
172,81,92,#2DEBD1
173,81,92,#2DEBD4
174,81,92,#2DEBD8
175,81,92,#2DEBDB
176,81,92,#2DEBDE
177,81,92,#2DEBE1
178,81,92,#2DEBE4
179,81,92,#2DEBE7
180,81,92,#2DEBEB
181,81,92,#2DE7EB
182,81,92,#2DE4EB
183,81,92,#2DE1EB
184,81,92,#2DDEEB
185,81,92,#2DDBEB
186,81,92,#2DD8EB
187,81,92,#2DD4EB
188,81,92,#2DD1EB
189,81,92,#2DCEEB
190,81,92,#2DCBEB
191,81,92,#2DC8EB
192,81,92,#2DC5EB
193,81,92,#2DC1EB
194,81,92,#2DBEEB
195,81,92,#2DBBEB
196,81,92,#2DB8EB
197,81,92,#2DB5EB
198,81,92,#2DB2EB
199,81,92,#2DAEEB
200,81,92,#2DABEB
201,81,92,#2DA8EB
202,81,92,#2DA5EB
203,81,92,#2DA2EB
204,81,92,#2D9FEB
205,81,92,#2D9BEB
206,81,92,#2D98EB
207,81,92,#2D95EB
208,81,92,#2D92EB
209,81,92,#2D8FEB
210,81,92,#2D8CEB
211,81,92,#2D88EB
212,81,92,#2D85EB
213,81,92,#2D82EB
214,81,92,#2D7FEB
215,81,92,#2D7CEB
216,81,92,#2D79EB
217,81,92,#2D75EB
218,81,92,#2D72EB
219,81,92,#2D6FEB
220,81,92,#2D6CEB
221,81,92,#2D69EB
222,81,92,#2D66EB
223,81,92,#2D62EB
224,81,92,#2D5FEB
225,81,92,#2D5CEB
226,81,92,#2D59EB
227,81,92,#2D56EB
228,81,92,#2D53EB
229,81,92,#2D4FEB
230,81,92,#2D4CEB
231,81,92,#2D49EB
232,81,92,#2D46EB
233,81,92,#2D43EB
234,81,92,#2D40EB
235,81,92,#2D3CEB
236,81,92,#2D39EB
237,81,92,#2D36EB
238,81,92,#2D33EB
239,81,92,#2D30EB
240,81,92,#2D2DEB
241,81,92,#302DEB
242,81,92,#332DEB
243,81,92,#362DEB
244,81,92,#392DEB
245,81,92,#3C2DEB
246,81,92,#402DEB
247,81,92,#432DEB
248,81,92,#462DEB
249,81,92,#492DEB
250,81,92,#4C2DEB
251,81,92,#4F2DEB
252,81,92,#532DEB
253,81,92,#562DEB
254,81,92,#592DEB
255,81,92,#5C2DEB
256,81,92,#5F2DEB
257,81,92,#622DEB
258,81,92,#662DEB
259,81,92,#692DEB
260,81,92,#6C2DEB
261,81,92,#6F2DEB
262,81,92,#722DEB
263,81,92,#752DEB
264,81,92,#792DEB
265,81,92,#7C2DEB
266,81,92,#7F2DEB
267,81,92,#822DEB
268,81,92,#852DEB
269,81,92,#882DEB
270,81,92,#8C2DEB
271,81,92,#8F2DEB
272,81,92,#922DEB
273,81,92,#952DEB
274,81,92,#982DEB
275,81,92,#9B2DEB
276,81,92,#9F2DEB
277,81,92,#A22DEB
278,81,92,#A52DEB
279,81,92,#A82DEB
280,81,92,#AB2DEB
281,81,92,#AE2DEB
282,81,92,#B22DEB
283,81,92,#B52DEB
284,81,92,#B82DEB
285,81,92,#BB2DEB
286,81,92,#BE2DEB
287,81,92,#C12DEB
288,81,92,#C52DEB
289,81,92,#C82DEB
290,81,92,#CB2DEB
291,81,92,#CE2DEB
292,81,92,#D12DEB
293,81,92,#D42DEB
294,81,92,#D82DEB
295,81,92,#DB2DEB
296,81,92,#DE2DEB
297,81,92,#E12DEB
298,81,92,#E42DEB
299,81,92,#E72DEB
300,81,92,#EB2DEB
301,81,92,#EB2DE7
302,81,92,#EB2DE4
303,81,92,#EB2DE1
304,81,92,#EB2DDE
305,81,92,#EB2DDB
306,81,92,#EB2DD8
307,81,92,#EB2DD4
308,81,92,#EB2DD1
309,81,92,#EB2DCE
310,81,92,#EB2DCB
311,81,92,#EB2DC8
312,81,92,#EB2DC5
313,81,92,#EB2DC1
314,81,92,#EB2DBE
315,81,92,#EB2DBB
316,81,92,#EB2DB8
317,81,92,#EB2DB5
318,81,92,#EB2DB2
319,81,92,#EB2DAE
320,81,92,#EB2DAB
321,81,92,#EB2DA8
322,81,92,#EB2DA5
323,81,92,#EB2DA2
324,81,92,#EB2D9F
325,81,92,#EB2D9B
326,81,92,#EB2D98
327,81,92,#EB2D95
328,81,92,#EB2D92
329,81,92,#EB2D8F
330,81,92,#EB2D8C
331,81,92,#EB2D88
332,81,92,#EB2D85
333,81,92,#EB2D82
334,81,92,#EB2D7F
335,81,92,#EB2D7C
336,81,92,#EB2D79
337,81,92,#EB2D75
338,81,92,#EB2D72
339,81,92,#EB2D6F
340,81,92,#EB2D6C
341,81,92,#EB2D69
342,81,92,#EB2D66
343,81,92,#EB2D62
344,81,92,#EB2D5F
345,81,92,#EB2D5C
346,81,92,#EB2D59
347,81,92,#EB2D56
348,81,92,#EB2D53
349,81,92,#EB2D4F
350,81,92,#EB2D4C
351,81,92,#EB2D49
352,81,92,#EB2D46
353,81,92,#EB2D43
354,81,92,#EB2D40
355,81,92,#EB2D3C
356,81,92,#EB2D39
357,81,92,#EB2D36
358,81,92,#EB2D33
359,81,92,#EB2D30
0,80,92,#EB2F2F
1,80,92,#EB322F
2,80,92,#EB352F
3,80,92,#EB382F
4,80,92,#EB3B2F
5,80,92,#EB3F2F
6,80,92,#EB422F
7,80,92,#EB452F
8,80,92,#EB482F
9,80,92,#EB4B2F
10,80,92,#EB4E2F
11,80,92,#EB512F
12,80,92,#EB542F
13,80,92,#EB582F
14,80,92,#EB5B2F
15,80,92,#EB5E2F
16,80,92,#EB612F
17,80,92,#EB642F
18,80,92,#EB672F
19,80,92,#EB6A2F
20,80,92,#EB6D2F
21,80,92,#EB712F
22,80,92,#EB742F
23,80,92,#EB772F
24,80,92,#EB7A2F
25,80,92,#EB7D2F
26,80,92,#EB802F
27,80,92,#EB832F
28,80,92,#EB872F
29,80,92,#EB8A2F
30,80,92,#EB8D2F
31,80,92,#EB902F
32,80,92,#EB932F
33,80,92,#EB962F
34,80,92,#EB992F
35,80,92,#EB9C2F
36,80,92,#EBA02F
37,80,92,#EBA32F
38,80,92,#EBA62F
39,80,92,#EBA92F
40,80,92,#EBAC2F
41,80,92,#EBAF2F
42,80,92,#EBB22F
43,80,92,#EBB52F
44,80,92,#EBB92F
45,80,92,#EBBC2F
46,80,92,#EBBF2F
47,80,92,#EBC22F
48,80,92,#EBC52F
49,80,92,#EBC82F
50,80,92,#EBCB2F
51,80,92,#EBCE2F
52,80,92,#EBD22F
53,80,92,#EBD52F
54,80,92,#EBD82F
55,80,92,#EBDB2F
56,80,92,#EBDE2F
57,80,92,#EBE12F
58,80,92,#EBE42F
59,80,92,#EBE72F
60,80,92,#EBEB2F
61,80,92,#E7EB2F
62,80,92,#E4EB2F
63,80,92,#E1EB2F
64,80,92,#DEEB2F
65,80,92,#DBEB2F
66,80,92,#D8EB2F
67,80,92,#D5EB2F
68,80,92,#D2EB2F
69,80,92,#CEEB2F
70,80,92,#CBEB2F
71,80,92,#C8EB2F
72,80,92,#C5EB2F
73,80,92,#C2EB2F
74,80,92,#BFEB2F
75,80,92,#BCEB2F
76,80,92,#B9EB2F
77,80,92,#B5EB2F
78,80,92,#B2EB2F
79,80,92,#AFEB2F
80,80,92,#ACEB2F
81,80,92,#A9EB2F
82,80,92,#A6EB2F
83,80,92,#A3EB2F
84,80,92,#A0EB2F
85,80,92,#9CEB2F
86,80,92,#99EB2F
87,80,92,#96EB2F
88,80,92,#93EB2F
89,80,92,#90EB2F
90,80,92,#8DEB2F
91,80,92,#8AEB2F
92,80,92,#87EB2F
93,80,92,#83EB2F
94,80,92,#80EB2F
95,80,92,#7DEB2F
96,80,92,#7AEB2F
97,80,92,#77EB2F
98,80,92,#74EB2F
99,80,92,#71EB2F
100,80,92,#6DEB2F
101,80,92,#6AEB2F
102,80,92,#67EB2F
103,80,92,#64EB2F
104,80,92,#61EB2F
105,80,92,#5EEB2F
106,80,92,#5BEB2F
107,80,92,#58EB2F
108,80,92,#54EB2F
109,80,92,#51EB2F
110,80,92,#4EEB2F
111,80,92,#4BEB2F
112,80,92,#48EB2F
113,80,92,#45EB2F
114,80,92,#42EB2F
115,80,92,#3FEB2F
116,80,92,#3BEB2F
117,80,92,#38EB2F
118,80,92,#35EB2F
119,80,92,#32EB2F
120,80,92,#2FEB2F
121,80,92,#2FEB32
122,80,92,#2FEB35
123,80,92,#2FEB38
124,80,92,#2FEB3B
125,80,92,#2FEB3F
126,80,92,#2FEB42
127,80,92,#2FEB45
128,80,92,#2FEB48
129,80,92,#2FEB4B
130,80,92,#2FEB4E
131,80,92,#2FEB51
132,80,92,#2FEB54
133,80,92,#2FEB58
134,80,92,#2FEB5B
135,80,92,#2FEB5E
136,80,92,#2FEB61
137,80,92,#2FEB64
138,80,92,#2FEB67
139,80,92,#2FEB6A
140,80,92,#2FEB6D
141,80,92,#2FEB71
142,80,92,#2FEB74
143,80,92,#2FEB77
144,80,92,#2FEB7A
145,80,92,#2FEB7D
146,80,92,#2FEB80
147,80,92,#2FEB83
148,80,92,#2FEB87
149,80,92,#2FEB8A
150,80,92,#2FEB8D
151,80,92,#2FEB90
152,80,92,#2FEB93
153,80,92,#2FEB96
154,80,92,#2FEB99
155,80,92,#2FEB9C
156,80,92,#2FEBA0
157,80,92,#2FEBA3
158,80,92,#2FEBA6
159,80,92,#2FEBA9
160,80,92,#2FEBAC
161,80,92,#2FEBAF
162,80,92,#2FEBB2
163,80,92,#2FEBB5
164,80,92,#2FEBB9
165,80,92,#2FEBBC
166,80,92,#2FEBBF
167,80,92,#2FEBC2
168,80,92,#2FEBC5
169,80,92,#2FEBC8
170,80,92,#2FEBCB
171,80,92,#2FEBCE
172,80,92,#2FEBD2
173,80,92,#2FEBD5
174,80,92,#2FEBD8
175,80,92,#2FEBDB
176,80,92,#2FEBDE
177,80,92,#2FEBE1
178,80,92,#2FEBE4
179,80,92,#2FEBE7
180,80,92,#2FEBEB
181,80,92,#2FE7EB
182,80,92,#2FE4EB
183,80,92,#2FE1EB
184,80,92,#2FDEEB
185,80,92,#2FDBEB
186,80,92,#2FD8EB
187,80,92,#2FD5EB
188,80,92,#2FD2EB
189,80,92,#2FCEEB
190,80,92,#2FCBEB
191,80,92,#2FC8EB
192,80,92,#2FC5EB
193,80,92,#2FC2EB
194,80,92,#2FBFEB
195,80,92,#2FBCEB
196,80,92,#2FB9EB
197,80,92,#2FB5EB
198,80,92,#2FB2EB
199,80,92,#2FAFEB
200,80,92,#2FACEB
201,80,92,#2FA9EB
202,80,92,#2FA6EB
203,80,92,#2FA3EB
204,80,92,#2FA0EB
205,80,92,#2F9CEB
206,80,92,#2F99EB
207,80,92,#2F96EB
208,80,92,#2F93EB
209,80,92,#2F90EB
210,80,92,#2F8DEB
211,80,92,#2F8AEB
212,80,92,#2F87EB
213,80,92,#2F83EB
214,80,92,#2F80EB
215,80,92,#2F7DEB
216,80,92,#2F7AEB
217,80,92,#2F77EB
218,80,92,#2F74EB
219,80,92,#2F71EB
220,80,92,#2F6DEB
221,80,92,#2F6AEB
222,80,92,#2F67EB
223,80,92,#2F64EB
224,80,92,#2F61EB
225,80,92,#2F5EEB
226,80,92,#2F5BEB
227,80,92,#2F58EB
228,80,92,#2F54EB
229,80,92,#2F51EB
230,80,92,#2F4EEB
231,80,92,#2F4BEB
232,80,92,#2F48EB
233,80,92,#2F45EB
234,80,92,#2F42EB
235,80,92,#2F3FEB
236,80,92,#2F3BEB
237,80,92,#2F38EB
238,80,92,#2F35EB
239,80,92,#2F32EB
240,80,92,#2F2FEB
241,80,92,#322FEB
242,80,92,#352FEB
243,80,92,#382FEB
244,80,92,#3B2FEB
245,80,92,#3F2FEB
246,80,92,#422FEB
247,80,92,#452FEB
248,80,92,#482FEB
249,80,92,#4B2FEB
250,80,92,#4E2FEB
251,80,92,#512FEB
252,80,92,#542FEB
253,80,92,#582FEB
254,80,92,#5B2FEB
255,80,92,#5E2FEB
256,80,92,#612FEB
257,80,92,#642FEB
258,80,92,#672FEB
259,80,92,#6A2FEB
260,80,92,#6D2FEB
261,80,92,#712FEB
262,80,92,#742FEB
263,80,92,#772FEB
264,80,92,#7A2FEB
265,80,92,#7D2FEB
266,80,92,#802FEB
267,80,92,#832FEB
268,80,92,#872FEB
269,80,92,#8A2FEB
270,80,92,#8D2FEB
271,80,92,#902FEB
272,80,92,#932FEB
273,80,92,#962FEB
274,80,92,#992FEB
275,80,92,#9C2FEB
276,80,92,#A02FEB
277,80,92,#A32FEB
278,80,92,#A62FEB
279,80,92,#A92FEB
280,80,92,#AC2FEB
281,80,92,#AF2FEB
282,80,92,#B22FEB
283,80,92,#B52FEB
284,80,92,#B92FEB
285,80,92,#BC2FEB
286,80,92,#BF2FEB
287,80,92,#C22FEB
288,80,92,#C52FEB
289,80,92,#C82FEB
290,80,92,#CB2FEB
291,80,92,#CE2FEB
292,80,92,#D22FEB
293,80,92,#D52FEB
294,80,92,#D82FEB
295,80,92,#DB2FEB
296,80,92,#DE2FEB
297,80,92,#E12FEB
298,80,92,#E42FEB
299,80,92,#E72FEB
300,80,92,#EB2FEB
301,80,92,#EB2FE7
302,80,92,#EB2FE4
303,80,92,#EB2FE1
304,80,92,#EB2FDE
305,80,92,#EB2FDB
306,80,92,#EB2FD8
307,80,92,#EB2FD5
308,80,92,#EB2FD2
309,80,92,#EB2FCE
310,80,92,#EB2FCB
311,80,92,#EB2FC8
312,80,92,#EB2FC5
313,80,92,#EB2FC2
314,80,92,#EB2FBF
315,80,92,#EB2FBC
316,80,92,#EB2FB9
317,80,92,#EB2FB5
318,80,92,#EB2FB2
319,80,92,#EB2FAF
320,80,92,#EB2FAC
321,80,92,#EB2FA9
322,80,92,#EB2FA6
323,80,92,#EB2FA3
324,80,92,#EB2FA0
325,80,92,#EB2F9C
326,80,92,#EB2F99
327,80,92,#EB2F96
328,80,92,#EB2F93
329,80,92,#EB2F90
330,80,92,#EB2F8D
331,80,92,#EB2F8A
332,80,92,#EB2F87
333,80,92,#EB2F83
334,80,92,#EB2F80
335,80,92,#EB2F7D
336,80,92,#EB2F7A
337,80,92,#EB2F77
338,80,92,#EB2F74
339,80,92,#EB2F71
340,80,92,#EB2F6D
341,80,92,#EB2F6A
342,80,92,#EB2F67
343,80,92,#EB2F64
344,80,92,#EB2F61
345,80,92,#EB2F5E
346,80,92,#EB2F5B
347,80,92,#EB2F58
348,80,92,#EB2F54
349,80,92,#EB2F51
350,80,92,#EB2F4E
351,80,92,#EB2F4B
352,80,92,#EB2F48
353,80,92,#EB2F45
354,80,92,#EB2F42
355,80,92,#EB2F3F
356,80,92,#EB2F3B
357,80,92,#EB2F38
358,80,92,#EB2F35
359,80,92,#EB2F32
0,79,92,#EB3131
1,79,92,#EB3431
2,79,92,#EB3731
3,79,92,#EB3B31
4,79,92,#EB3E31
5,79,92,#EB4131
6,79,92,#EB4431
7,79,92,#EB4731
8,79,92,#EB4A31
9,79,92,#EB4D31
10,79,92,#EB5031
11,79,92,#EB5331
12,79,92,#EB5631
13,79,92,#EB5931
14,79,92,#EB5D31
15,79,92,#EB6031
16,79,92,#EB6331
17,79,92,#EB6631
18,79,92,#EB6931
19,79,92,#EB6C31
20,79,92,#EB6F31
21,79,92,#EB7231
22,79,92,#EB7531
23,79,92,#EB7831
24,79,92,#EB7B31
25,79,92,#EB7E31
26,79,92,#EB8231
27,79,92,#EB8531
28,79,92,#EB8831
29,79,92,#EB8B31
30,79,92,#EB8E31
31,79,92,#EB9131
32,79,92,#EB9431
33,79,92,#EB9731
34,79,92,#EB9A31
35,79,92,#EB9D31
36,79,92,#EBA031
37,79,92,#EBA431
38,79,92,#EBA731
39,79,92,#EBAA31
40,79,92,#EBAD31
41,79,92,#EBB031
42,79,92,#EBB331
43,79,92,#EBB631
44,79,92,#EBB931
45,79,92,#EBBC31
46,79,92,#EBBF31
47,79,92,#EBC231
48,79,92,#EBC631
49,79,92,#EBC931
50,79,92,#EBCC31
51,79,92,#EBCF31
52,79,92,#EBD231
53,79,92,#EBD531
54,79,92,#EBD831
55,79,92,#EBDB31
56,79,92,#EBDE31
57,79,92,#EBE131
58,79,92,#EBE431
59,79,92,#EBE831
60,79,92,#EBEB31
61,79,92,#E8EB31
62,79,92,#E4EB31
63,79,92,#E1EB31
64,79,92,#DEEB31
65,79,92,#DBEB31
66,79,92,#D8EB31
67,79,92,#D5EB31
68,79,92,#D2EB31
69,79,92,#CFEB31
70,79,92,#CCEB31
71,79,92,#C9EB31
72,79,92,#C6EB31
73,79,92,#C2EB31
74,79,92,#BFEB31
75,79,92,#BCEB31
76,79,92,#B9EB31
77,79,92,#B6EB31
78,79,92,#B3EB31
79,79,92,#B0EB31
80,79,92,#ADEB31
81,79,92,#AAEB31
82,79,92,#A7EB31
83,79,92,#A4EB31
84,79,92,#A0EB31
85,79,92,#9DEB31
86,79,92,#9AEB31
87,79,92,#97EB31
88,79,92,#94EB31
89,79,92,#91EB31
90,79,92,#8EEB31
91,79,92,#8BEB31
92,79,92,#88EB31
93,79,92,#85EB31
94,79,92,#82EB31
95,79,92,#7EEB31
96,79,92,#7BEB31
97,79,92,#78EB31
98,79,92,#75EB31
99,79,92,#72EB31
100,79,92,#6FEB31
101,79,92,#6CEB31
102,79,92,#69EB31
103,79,92,#66EB31
104,79,92,#63EB31
105,79,92,#60EB31
106,79,92,#5DEB31
107,79,92,#59EB31
108,79,92,#56EB31
109,79,92,#53EB31
110,79,92,#50EB31
111,79,92,#4DEB31
112,79,92,#4AEB31
113,79,92,#47EB31
114,79,92,#44EB31
115,79,92,#41EB31
116,79,92,#3EEB31
117,79,92,#3BEB31
118,79,92,#37EB31
119,79,92,#34EB31
120,79,92,#31EB31
121,79,92,#31EB34
122,79,92,#31EB37
123,79,92,#31EB3B
124,79,92,#31EB3E
125,79,92,#31EB41
126,79,92,#31EB44
127,79,92,#31EB47
128,79,92,#31EB4A
129,79,92,#31EB4D
130,79,92,#31EB50
131,79,92,#31EB53
132,79,92,#31EB56
133,79,92,#31EB59
134,79,92,#31EB5D
135,79,92,#31EB60
136,79,92,#31EB63
137,79,92,#31EB66
138,79,92,#31EB69
139,79,92,#31EB6C
140,79,92,#31EB6F
141,79,92,#31EB72
142,79,92,#31EB75
143,79,92,#31EB78
144,79,92,#31EB7B
145,79,92,#31EB7E
146,79,92,#31EB82
147,79,92,#31EB85
148,79,92,#31EB88
149,79,92,#31EB8B
150,79,92,#31EB8E
151,79,92,#31EB91
152,79,92,#31EB94
153,79,92,#31EB97
154,79,92,#31EB9A
155,79,92,#31EB9D
156,79,92,#31EBA0
157,79,92,#31EBA4
158,79,92,#31EBA7
159,79,92,#31EBAA
160,79,92,#31EBAD
161,79,92,#31EBB0
162,79,92,#31EBB3
163,79,92,#31EBB6
164,79,92,#31EBB9
165,79,92,#31EBBC
166,79,92,#31EBBF
167,79,92,#31EBC2
168,79,92,#31EBC6
169,79,92,#31EBC9
170,79,92,#31EBCC
171,79,92,#31EBCF
172,79,92,#31EBD2
173,79,92,#31EBD5
174,79,92,#31EBD8
175,79,92,#31EBDB
176,79,92,#31EBDE
177,79,92,#31EBE1
178,79,92,#31EBE4
179,79,92,#31EBE8
180,79,92,#31EBEB
181,79,92,#31E8EB
182,79,92,#31E4EB
183,79,92,#31E1EB
184,79,92,#31DEEB
185,79,92,#31DBEB
186,79,92,#31D8EB
187,79,92,#31D5EB
188,79,92,#31D2EB
189,79,92,#31CFEB
190,79,92,#31CCEB
191,79,92,#31C9EB
192,79,92,#31C6EB
193,79,92,#31C2EB
194,79,92,#31BFEB
195,79,92,#31BCEB
196,79,92,#31B9EB
197,79,92,#31B6EB
198,79,92,#31B3EB
199,79,92,#31B0EB
200,79,92,#31ADEB
201,79,92,#31AAEB
202,79,92,#31A7EB
203,79,92,#31A4EB
204,79,92,#31A0EB
205,79,92,#319DEB
206,79,92,#319AEB
207,79,92,#3197EB
208,79,92,#3194EB
209,79,92,#3191EB
210,79,92,#318EEB
211,79,92,#318BEB
212,79,92,#3188EB
213,79,92,#3185EB
214,79,92,#3182EB
215,79,92,#317EEB
216,79,92,#317BEB
217,79,92,#3178EB
218,79,92,#3175EB
219,79,92,#3172EB
220,79,92,#316FEB
221,79,92,#316CEB
222,79,92,#3169EB
223,79,92,#3166EB
224,79,92,#3163EB
225,79,92,#3160EB
226,79,92,#315DEB
227,79,92,#3159EB
228,79,92,#3156EB
229,79,92,#3153EB
230,79,92,#3150EB
231,79,92,#314DEB
232,79,92,#314AEB
233,79,92,#3147EB
234,79,92,#3144EB
235,79,92,#3141EB
236,79,92,#313EEB
237,79,92,#313BEB
238,79,92,#3137EB
239,79,92,#3134EB
240,79,92,#3131EB
241,79,92,#3431EB
242,79,92,#3731EB
243,79,92,#3B31EB
244,79,92,#3E31EB
245,79,92,#4131EB
246,79,92,#4431EB
247,79,92,#4731EB
248,79,92,#4A31EB
249,79,92,#4D31EB
250,79,92,#5031EB
251,79,92,#5331EB
252,79,92,#5631EB
253,79,92,#5931EB
254,79,92,#5D31EB
255,79,92,#6031EB
256,79,92,#6331EB
257,79,92,#6631EB
258,79,92,#6931EB
259,79,92,#6C31EB
260,79,92,#6F31EB
261,79,92,#7231EB
262,79,92,#7531EB
263,79,92,#7831EB
264,79,92,#7B31EB
265,79,92,#7E31EB
266,79,92,#8231EB
267,79,92,#8531EB
268,79,92,#8831EB
269,79,92,#8B31EB
270,79,92,#8E31EB
271,79,92,#9131EB
272,79,92,#9431EB
273,79,92,#9731EB
274,79,92,#9A31EB
275,79,92,#9D31EB
276,79,92,#A031EB
277,79,92,#A431EB
278,79,92,#A731EB
279,79,92,#AA31EB
280,79,92,#AD31EB
281,79,92,#B031EB
282,79,92,#B331EB
283,79,92,#B631EB
284,79,92,#B931EB
285,79,92,#BC31EB
286,79,92,#BF31EB
287,79,92,#C231EB
288,79,92,#C631EB
289,79,92,#C931EB
290,79,92,#CC31EB
291,79,92,#CF31EB
292,79,92,#D231EB
293,79,92,#D531EB
294,79,92,#D831EB
295,79,92,#DB31EB
296,79,92,#DE31EB
297,79,92,#E131EB
298,79,92,#E431EB
299,79,92,#E831EB
300,79,92,#EB31EB
301,79,92,#EB31E8
302,79,92,#EB31E4
303,79,92,#EB31E1
304,79,92,#EB31DE
305,79,92,#EB31DB
306,79,92,#EB31D8
307,79,92,#EB31D5
308,79,92,#EB31D2
309,79,92,#EB31CF
310,79,92,#EB31CC
311,79,92,#EB31C9
312,79,92,#EB31C6
313,79,92,#EB31C2
314,79,92,#EB31BF
315,79,92,#EB31BC
316,79,92,#EB31B9
317,79,92,#EB31B6
318,79,92,#EB31B3
319,79,92,#EB31B0
320,79,92,#EB31AD
321,79,92,#EB31AA
322,79,92,#EB31A7
323,79,92,#EB31A4
324,79,92,#EB31A0
325,79,92,#EB319D
326,79,92,#EB319A
327,79,92,#EB3197
328,79,92,#EB3194
329,79,92,#EB3191
330,79,92,#EB318E
331,79,92,#EB318B
332,79,92,#EB3188
333,79,92,#EB3185
334,79,92,#EB3182
335,79,92,#EB317E
336,79,92,#EB317B
337,79,92,#EB3178
338,79,92,#EB3175
339,79,92,#EB3172
340,79,92,#EB316F
341,79,92,#EB316C
342,79,92,#EB3169
343,79,92,#EB3166
344,79,92,#EB3163
345,79,92,#EB3160
346,79,92,#EB315D
347,79,92,#EB3159
348,79,92,#EB3156
349,79,92,#EB3153
350,79,92,#EB3150
351,79,92,#EB314D
352,79,92,#EB314A
353,79,92,#EB3147
354,79,92,#EB3144
355,79,92,#EB3141
356,79,92,#EB313E
357,79,92,#EB313B
358,79,92,#EB3137
359,79,92,#EB3134
0,78,92,#EB3434
1,78,92,#EB3734
2,78,92,#EB3A34
3,78,92,#EB3D34
4,78,92,#EB4034
5,78,92,#EB4334
6,78,92,#EB4634
7,78,92,#EB4934
8,78,92,#EB4C34
9,78,92,#EB4F34
10,78,92,#EB5234
11,78,92,#EB5534
12,78,92,#EB5834
13,78,92,#EB5B34
14,78,92,#EB5E34
15,78,92,#EB6134
16,78,92,#EB6434
17,78,92,#EB6734
18,78,92,#EB6B34
19,78,92,#EB6E34
20,78,92,#EB7134
21,78,92,#EB7434
22,78,92,#EB7734
23,78,92,#EB7A34
24,78,92,#EB7D34
25,78,92,#EB8034
26,78,92,#EB8334
27,78,92,#EB8634
28,78,92,#EB8934
29,78,92,#EB8C34
30,78,92,#EB8F34
31,78,92,#EB9234
32,78,92,#EB9534
33,78,92,#EB9834
34,78,92,#EB9B34
35,78,92,#EB9E34
36,78,92,#EBA134
37,78,92,#EBA434
38,78,92,#EBA834
39,78,92,#EBAB34
40,78,92,#EBAE34
41,78,92,#EBB134
42,78,92,#EBB434
43,78,92,#EBB734
44,78,92,#EBBA34
45,78,92,#EBBD34
46,78,92,#EBC034
47,78,92,#EBC334
48,78,92,#EBC634
49,78,92,#EBC934
50,78,92,#EBCC34
51,78,92,#EBCF34
52,78,92,#EBD234
53,78,92,#EBD534
54,78,92,#EBD834
55,78,92,#EBDB34
56,78,92,#EBDE34
57,78,92,#EBE134
58,78,92,#EBE534
59,78,92,#EBE834
60,78,92,#EBEB34
61,78,92,#E8EB34
62,78,92,#E5EB34
63,78,92,#E1EB34
64,78,92,#DEEB34
65,78,92,#DBEB34
66,78,92,#D8EB34
67,78,92,#D5EB34
68,78,92,#D2EB34
69,78,92,#CFEB34
70,78,92,#CCEB34
71,78,92,#C9EB34
72,78,92,#C6EB34
73,78,92,#C3EB34
74,78,92,#C0EB34
75,78,92,#BDEB34
76,78,92,#BAEB34
77,78,92,#B7EB34
78,78,92,#B4EB34
79,78,92,#B1EB34
80,78,92,#AEEB34
81,78,92,#ABEB34
82,78,92,#A8EB34
83,78,92,#A4EB34
84,78,92,#A1EB34
85,78,92,#9EEB34
86,78,92,#9BEB34
87,78,92,#98EB34
88,78,92,#95EB34
89,78,92,#92EB34
90,78,92,#8FEB34
91,78,92,#8CEB34
92,78,92,#89EB34
93,78,92,#86EB34
94,78,92,#83EB34
95,78,92,#80EB34
96,78,92,#7DEB34
97,78,92,#7AEB34
98,78,92,#77EB34
99,78,92,#74EB34
100,78,92,#71EB34
101,78,92,#6EEB34
102,78,92,#6BEB34
103,78,92,#67EB34
104,78,92,#64EB34
105,78,92,#61EB34
106,78,92,#5EEB34
107,78,92,#5BEB34
108,78,92,#58EB34
109,78,92,#55EB34
110,78,92,#52EB34
111,78,92,#4FEB34
112,78,92,#4CEB34
113,78,92,#49EB34
114,78,92,#46EB34
115,78,92,#43EB34
116,78,92,#40EB34
117,78,92,#3DEB34
118,78,92,#3AEB34
119,78,92,#37EB34
120,78,92,#34EB34
121,78,92,#34EB37
122,78,92,#34EB3A
123,78,92,#34EB3D
124,78,92,#34EB40
125,78,92,#34EB43
126,78,92,#34EB46
127,78,92,#34EB49
128,78,92,#34EB4C
129,78,92,#34EB4F
130,78,92,#34EB52
131,78,92,#34EB55
132,78,92,#34EB58
133,78,92,#34EB5B
134,78,92,#34EB5E
135,78,92,#34EB61
136,78,92,#34EB64
137,78,92,#34EB67
138,78,92,#34EB6B
139,78,92,#34EB6E
140,78,92,#34EB71
141,78,92,#34EB74
142,78,92,#34EB77
143,78,92,#34EB7A
144,78,92,#34EB7D
145,78,92,#34EB80
146,78,92,#34EB83
147,78,92,#34EB86
148,78,92,#34EB89
149,78,92,#34EB8C
150,78,92,#34EB8F
151,78,92,#34EB92
152,78,92,#34EB95
153,78,92,#34EB98
154,78,92,#34EB9B
155,78,92,#34EB9E
156,78,92,#34EBA1
157,78,92,#34EBA4
158,78,92,#34EBA8
159,78,92,#34EBAB
160,78,92,#34EBAE
161,78,92,#34EBB1
162,78,92,#34EBB4
163,78,92,#34EBB7
164,78,92,#34EBBA
165,78,92,#34EBBD
166,78,92,#34EBC0
167,78,92,#34EBC3
168,78,92,#34EBC6
169,78,92,#34EBC9
170,78,92,#34EBCC
171,78,92,#34EBCF
172,78,92,#34EBD2
173,78,92,#34EBD5
174,78,92,#34EBD8
175,78,92,#34EBDB
176,78,92,#34EBDE
177,78,92,#34EBE1
178,78,92,#34EBE5
179,78,92,#34EBE8
180,78,92,#34EBEB
181,78,92,#34E8EB
182,78,92,#34E5EB
183,78,92,#34E1EB
184,78,92,#34DEEB
185,78,92,#34DBEB
186,78,92,#34D8EB
187,78,92,#34D5EB
188,78,92,#34D2EB
189,78,92,#34CFEB
190,78,92,#34CCEB
191,78,92,#34C9EB
192,78,92,#34C6EB
193,78,92,#34C3EB
194,78,92,#34C0EB
195,78,92,#34BDEB
196,78,92,#34BAEB
197,78,92,#34B7EB
198,78,92,#34B4EB
199,78,92,#34B1EB
200,78,92,#34AEEB
201,78,92,#34ABEB
202,78,92,#34A8EB
203,78,92,#34A4EB
204,78,92,#34A1EB
205,78,92,#349EEB
206,78,92,#349BEB
207,78,92,#3498EB
208,78,92,#3495EB
209,78,92,#3492EB
210,78,92,#348FEB
211,78,92,#348CEB
212,78,92,#3489EB
213,78,92,#3486EB
214,78,92,#3483EB
215,78,92,#3480EB
216,78,92,#347DEB
217,78,92,#347AEB
218,78,92,#3477EB
219,78,92,#3474EB
220,78,92,#3471EB
221,78,92,#346EEB
222,78,92,#346BEB
223,78,92,#3467EB
224,78,92,#3464EB
225,78,92,#3461EB
226,78,92,#345EEB
227,78,92,#345BEB
228,78,92,#3458EB
229,78,92,#3455EB
230,78,92,#3452EB
231,78,92,#344FEB
232,78,92,#344CEB
233,78,92,#3449EB
234,78,92,#3446EB
235,78,92,#3443EB
236,78,92,#3440EB
237,78,92,#343DEB
238,78,92,#343AEB
239,78,92,#3437EB
240,78,92,#3434EB
241,78,92,#3734EB
242,78,92,#3A34EB
243,78,92,#3D34EB
244,78,92,#4034EB
245,78,92,#4334EB
246,78,92,#4634EB
247,78,92,#4934EB
248,78,92,#4C34EB
249,78,92,#4F34EB
250,78,92,#5234EB
251,78,92,#5534EB
252,78,92,#5834EB
253,78,92,#5B34EB
254,78,92,#5E34EB
255,78,92,#6134EB
256,78,92,#6434EB
257,78,92,#6734EB
258,78,92,#6B34EB
259,78,92,#6E34EB
260,78,92,#7134EB
261,78,92,#7434EB
262,78,92,#7734EB
263,78,92,#7A34EB
264,78,92,#7D34EB
265,78,92,#8034EB
266,78,92,#8334EB
267,78,92,#8634EB
268,78,92,#8934EB
269,78,92,#8C34EB
270,78,92,#8F34EB
271,78,92,#9234EB
272,78,92,#9534EB
273,78,92,#9834EB
274,78,92,#9B34EB
275,78,92,#9E34EB
276,78,92,#A134EB
277,78,92,#A434EB
278,78,92,#A834EB
279,78,92,#AB34EB
280,78,92,#AE34EB
281,78,92,#B134EB
282,78,92,#B434EB
283,78,92,#B734EB
284,78,92,#BA34EB
285,78,92,#BD34EB
286,78,92,#C034EB
287,78,92,#C334EB
288,78,92,#C634EB
289,78,92,#C934EB
290,78,92,#CC34EB
291,78,92,#CF34EB
292,78,92,#D234EB
293,78,92,#D534EB
294,78,92,#D834EB
295,78,92,#DB34EB
296,78,92,#DE34EB
297,78,92,#E134EB
298,78,92,#E534EB
299,78,92,#E834EB
300,78,92,#EB34EB
301,78,92,#EB34E8
302,78,92,#EB34E5
303,78,92,#EB34E1
304,78,92,#EB34DE
305,78,92,#EB34DB
306,78,92,#EB34D8
307,78,92,#EB34D5
308,78,92,#EB34D2
309,78,92,#EB34CF
310,78,92,#EB34CC
311,78,92,#EB34C9
312,78,92,#EB34C6
313,78,92,#EB34C3
314,78,92,#EB34C0
315,78,92,#EB34BD
316,78,92,#EB34BA
317,78,92,#EB34B7
318,78,92,#EB34B4
319,78,92,#EB34B1
320,78,92,#EB34AE
321,78,92,#EB34AB
322,78,92,#EB34A8
323,78,92,#EB34A4
324,78,92,#EB34A1
325,78,92,#EB349E
326,78,92,#EB349B
327,78,92,#EB3498
328,78,92,#EB3495
329,78,92,#EB3492
330,78,92,#EB348F
331,78,92,#EB348C
332,78,92,#EB3489
333,78,92,#EB3486
334,78,92,#EB3483
335,78,92,#EB3480
336,78,92,#EB347D
337,78,92,#EB347A
338,78,92,#EB3477
339,78,92,#EB3474
340,78,92,#EB3471
341,78,92,#EB346E
342,78,92,#EB346B
343,78,92,#EB3467
344,78,92,#EB3464
345,78,92,#EB3461
346,78,92,#EB345E
347,78,92,#EB345B
348,78,92,#EB3458
349,78,92,#EB3455
350,78,92,#EB3452
351,78,92,#EB344F
352,78,92,#EB344C
353,78,92,#EB3449
354,78,92,#EB3446
355,78,92,#EB3443
356,78,92,#EB3440
357,78,92,#EB343D
358,78,92,#EB343A
359,78,92,#EB3437
0,77,92,#EB3636
1,77,92,#EB3936
2,77,92,#EB3C36
3,77,92,#EB3F36
4,77,92,#EB4236
5,77,92,#EB4536
6,77,92,#EB4836
7,77,92,#EB4B36
8,77,92,#EB4E36
9,77,92,#EB5136
10,77,92,#EB5436
11,77,92,#EB5736
12,77,92,#EB5A36
13,77,92,#EB5D36
14,77,92,#EB6036
15,77,92,#EB6336
16,77,92,#EB6636
17,77,92,#EB6936
18,77,92,#EB6C36
19,77,92,#EB6F36
20,77,92,#EB7236
21,77,92,#EB7536
22,77,92,#EB7836
23,77,92,#EB7B36
24,77,92,#EB7E36
25,77,92,#EB8136
26,77,92,#EB8436
27,77,92,#EB8736
28,77,92,#EB8A36
29,77,92,#EB8D36
30,77,92,#EB9036
31,77,92,#EB9336
32,77,92,#EB9636
33,77,92,#EB9936
34,77,92,#EB9C36
35,77,92,#EB9F36
36,77,92,#EBA236
37,77,92,#EBA536
38,77,92,#EBA836
39,77,92,#EBAB36
40,77,92,#EBAE36
41,77,92,#EBB136
42,77,92,#EBB436
43,77,92,#EBB736
44,77,92,#EBBA36
45,77,92,#EBBD36
46,77,92,#EBC036
47,77,92,#EBC336
48,77,92,#EBC636
49,77,92,#EBC936
50,77,92,#EBCC36
51,77,92,#EBD036
52,77,92,#EBD336
53,77,92,#EBD636
54,77,92,#EBD936
55,77,92,#EBDC36
56,77,92,#EBDF36
57,77,92,#EBE236
58,77,92,#EBE536
59,77,92,#EBE836
60,77,92,#EBEB36
61,77,92,#E8EB36
62,77,92,#E5EB36
63,77,92,#E2EB36
64,77,92,#DFEB36
65,77,92,#DCEB36
66,77,92,#D9EB36
67,77,92,#D6EB36
68,77,92,#D3EB36
69,77,92,#D0EB36
70,77,92,#CCEB36
71,77,92,#C9EB36
72,77,92,#C6EB36
73,77,92,#C3EB36
74,77,92,#C0EB36
75,77,92,#BDEB36
76,77,92,#BAEB36
77,77,92,#B7EB36
78,77,92,#B4EB36
79,77,92,#B1EB36
80,77,92,#AEEB36
81,77,92,#ABEB36
82,77,92,#A8EB36
83,77,92,#A5EB36
84,77,92,#A2EB36
85,77,92,#9FEB36
86,77,92,#9CEB36
87,77,92,#99EB36
88,77,92,#96EB36
89,77,92,#93EB36
90,77,92,#90EB36
91,77,92,#8DEB36
92,77,92,#8AEB36
93,77,92,#87EB36
94,77,92,#84EB36
95,77,92,#81EB36
96,77,92,#7EEB36
97,77,92,#7BEB36
98,77,92,#78EB36
99,77,92,#75EB36
100,77,92,#72EB36
101,77,92,#6FEB36
102,77,92,#6CEB36
103,77,92,#69EB36
104,77,92,#66EB36
105,77,92,#63EB36
106,77,92,#60EB36
107,77,92,#5DEB36
108,77,92,#5AEB36
109,77,92,#57EB36
110,77,92,#54EB36
111,77,92,#51EB36
112,77,92,#4EEB36
113,77,92,#4BEB36
114,77,92,#48EB36
115,77,92,#45EB36
116,77,92,#42EB36
117,77,92,#3FEB36
118,77,92,#3CEB36
119,77,92,#39EB36
120,77,92,#36EB36
121,77,92,#36EB39
122,77,92,#36EB3C
123,77,92,#36EB3F
124,77,92,#36EB42
125,77,92,#36EB45
126,77,92,#36EB48
127,77,92,#36EB4B
128,77,92,#36EB4E
129,77,92,#36EB51
130,77,92,#36EB54
131,77,92,#36EB57
132,77,92,#36EB5A
133,77,92,#36EB5D
134,77,92,#36EB60
135,77,92,#36EB63
136,77,92,#36EB66
137,77,92,#36EB69
138,77,92,#36EB6C
139,77,92,#36EB6F
140,77,92,#36EB72
141,77,92,#36EB75
142,77,92,#36EB78
143,77,92,#36EB7B
144,77,92,#36EB7E
145,77,92,#36EB81
146,77,92,#36EB84
147,77,92,#36EB87
148,77,92,#36EB8A
149,77,92,#36EB8D
150,77,92,#36EB90
151,77,92,#36EB93
152,77,92,#36EB96
153,77,92,#36EB99
154,77,92,#36EB9C
155,77,92,#36EB9F
156,77,92,#36EBA2
157,77,92,#36EBA5
158,77,92,#36EBA8
159,77,92,#36EBAB
160,77,92,#36EBAE
161,77,92,#36EBB1
162,77,92,#36EBB4
163,77,92,#36EBB7
164,77,92,#36EBBA
165,77,92,#36EBBD
166,77,92,#36EBC0
167,77,92,#36EBC3
168,77,92,#36EBC6
169,77,92,#36EBC9
170,77,92,#36EBCC
171,77,92,#36EBD0
172,77,92,#36EBD3
173,77,92,#36EBD6
174,77,92,#36EBD9
175,77,92,#36EBDC
176,77,92,#36EBDF
177,77,92,#36EBE2
178,77,92,#36EBE5
179,77,92,#36EBE8
180,77,92,#36EBEB
181,77,92,#36E8EB
182,77,92,#36E5EB
183,77,92,#36E2EB
184,77,92,#36DFEB
185,77,92,#36DCEB
186,77,92,#36D9EB
187,77,92,#36D6EB
188,77,92,#36D3EB
189,77,92,#36D0EB
190,77,92,#36CCEB
191,77,92,#36C9EB
192,77,92,#36C6EB
193,77,92,#36C3EB
194,77,92,#36C0EB
195,77,92,#36BDEB
196,77,92,#36BAEB
197,77,92,#36B7EB
198,77,92,#36B4EB
199,77,92,#36B1EB
200,77,92,#36AEEB
201,77,92,#36ABEB
202,77,92,#36A8EB
203,77,92,#36A5EB
204,77,92,#36A2EB
205,77,92,#369FEB
206,77,92,#369CEB
207,77,92,#3699EB
208,77,92,#3696EB
209,77,92,#3693EB
210,77,92,#3690EB
211,77,92,#368DEB
212,77,92,#368AEB
213,77,92,#3687EB
214,77,92,#3684EB
215,77,92,#3681EB
216,77,92,#367EEB
217,77,92,#367BEB
218,77,92,#3678EB
219,77,92,#3675EB
220,77,92,#3672EB
221,77,92,#366FEB
222,77,92,#366CEB
223,77,92,#3669EB
224,77,92,#3666EB
225,77,92,#3663EB
226,77,92,#3660EB
227,77,92,#365DEB
228,77,92,#365AEB
229,77,92,#3657EB
230,77,92,#3654EB
231,77,92,#3651EB
232,77,92,#364EEB
233,77,92,#364BEB
234,77,92,#3648EB
235,77,92,#3645EB
236,77,92,#3642EB
237,77,92,#363FEB
238,77,92,#363CEB
239,77,92,#3639EB
240,77,92,#3636EB
241,77,92,#3936EB
242,77,92,#3C36EB
243,77,92,#3F36EB
244,77,92,#4236EB
245,77,92,#4536EB
246,77,92,#4836EB
247,77,92,#4B36EB
248,77,92,#4E36EB
249,77,92,#5136EB
250,77,92,#5436EB
251,77,92,#5736EB
252,77,92,#5A36EB
253,77,92,#5D36EB
254,77,92,#6036EB
255,77,92,#6336EB
256,77,92,#6636EB
257,77,92,#6936EB
258,77,92,#6C36EB
259,77,92,#6F36EB
260,77,92,#7236EB
261,77,92,#7536EB
262,77,92,#7836EB
263,77,92,#7B36EB
264,77,92,#7E36EB
265,77,92,#8136EB
266,77,92,#8436EB
267,77,92,#8736EB
268,77,92,#8A36EB
269,77,92,#8D36EB
270,77,92,#9036EB
271,77,92,#9336EB
272,77,92,#9636EB
273,77,92,#9936EB
274,77,92,#9C36EB
275,77,92,#9F36EB
276,77,92,#A236EB
277,77,92,#A536EB
278,77,92,#A836EB
279,77,92,#AB36EB
280,77,92,#AE36EB
281,77,92,#B136EB
282,77,92,#B436EB
283,77,92,#B736EB
284,77,92,#BA36EB
285,77,92,#BD36EB
286,77,92,#C036EB
287,77,92,#C336EB
288,77,92,#C636EB
289,77,92,#C936EB
290,77,92,#CC36EB
291,77,92,#D036EB
292,77,92,#D336EB
293,77,92,#D636EB
294,77,92,#D936EB
295,77,92,#DC36EB
296,77,92,#DF36EB
297,77,92,#E236EB
298,77,92,#E536EB
299,77,92,#E836EB
300,77,92,#EB36EB
301,77,92,#EB36E8
302,77,92,#EB36E5
303,77,92,#EB36E2
304,77,92,#EB36DF
305,77,92,#EB36DC
306,77,92,#EB36D9
307,77,92,#EB36D6
308,77,92,#EB36D3
309,77,92,#EB36D0
310,77,92,#EB36CC
311,77,92,#EB36C9
312,77,92,#EB36C6
313,77,92,#EB36C3
314,77,92,#EB36C0
315,77,92,#EB36BD
316,77,92,#EB36BA
317,77,92,#EB36B7
318,77,92,#EB36B4
319,77,92,#EB36B1
320,77,92,#EB36AE
321,77,92,#EB36AB
322,77,92,#EB36A8
323,77,92,#EB36A5
324,77,92,#EB36A2
325,77,92,#EB369F
326,77,92,#EB369C
327,77,92,#EB3699
328,77,92,#EB3696
329,77,92,#EB3693
330,77,92,#EB3690
331,77,92,#EB368D
332,77,92,#EB368A
333,77,92,#EB3687
334,77,92,#EB3684
335,77,92,#EB3681
336,77,92,#EB367E
337,77,92,#EB367B
338,77,92,#EB3678
339,77,92,#EB3675
340,77,92,#EB3672
341,77,92,#EB366F
342,77,92,#EB366C
343,77,92,#EB3669
344,77,92,#EB3666
345,77,92,#EB3663
346,77,92,#EB3660
347,77,92,#EB365D
348,77,92,#EB365A
349,77,92,#EB3657
350,77,92,#EB3654
351,77,92,#EB3651
352,77,92,#EB364E
353,77,92,#EB364B
354,77,92,#EB3648
355,77,92,#EB3645
356,77,92,#EB3642
357,77,92,#EB363F
358,77,92,#EB363C
359,77,92,#EB3639
0,76,92,#EB3838
1,76,92,#EB3B38
2,76,92,#EB3E38
3,76,92,#EB4138
4,76,92,#EB4438
5,76,92,#EB4738
6,76,92,#EB4A38
7,76,92,#EB4D38
8,76,92,#EB5038
9,76,92,#EB5338
10,76,92,#EB5638
11,76,92,#EB5938
12,76,92,#EB5C38
13,76,92,#EB5F38
14,76,92,#EB6238
15,76,92,#EB6538
16,76,92,#EB6838
17,76,92,#EB6B38
18,76,92,#EB6E38
19,76,92,#EB7138
20,76,92,#EB7438
21,76,92,#EB7738
22,76,92,#EB7A38
23,76,92,#EB7D38
24,76,92,#EB8038
25,76,92,#EB8338
26,76,92,#EB8638
27,76,92,#EB8938
28,76,92,#EB8C38
29,76,92,#EB8E38
30,76,92,#EB9138
31,76,92,#EB9438
32,76,92,#EB9738
33,76,92,#EB9A38
34,76,92,#EB9D38
35,76,92,#EBA038
36,76,92,#EBA338
37,76,92,#EBA638
38,76,92,#EBA938
39,76,92,#EBAC38
40,76,92,#EBAF38
41,76,92,#EBB238
42,76,92,#EBB538
43,76,92,#EBB838
44,76,92,#EBBB38
45,76,92,#EBBE38
46,76,92,#EBC138
47,76,92,#EBC438
48,76,92,#EBC738
49,76,92,#EBCA38
50,76,92,#EBCD38
51,76,92,#EBD038
52,76,92,#EBD338
53,76,92,#EBD638
54,76,92,#EBD938
55,76,92,#EBDC38
56,76,92,#EBDF38
57,76,92,#EBE238
58,76,92,#EBE538
59,76,92,#EBE838
60,76,92,#EBEB38
61,76,92,#E8EB38
62,76,92,#E5EB38
63,76,92,#E2EB38
64,76,92,#DFEB38
65,76,92,#DCEB38
66,76,92,#D9EB38
67,76,92,#D6EB38
68,76,92,#D3EB38
69,76,92,#D0EB38
70,76,92,#CDEB38
71,76,92,#CAEB38
72,76,92,#C7EB38
73,76,92,#C4EB38
74,76,92,#C1EB38
75,76,92,#BEEB38
76,76,92,#BBEB38
77,76,92,#B8EB38
78,76,92,#B5EB38
79,76,92,#B2EB38
80,76,92,#AFEB38
81,76,92,#ACEB38
82,76,92,#A9EB38
83,76,92,#A6EB38
84,76,92,#A3EB38
85,76,92,#A0EB38
86,76,92,#9DEB38
87,76,92,#9AEB38
88,76,92,#97EB38
89,76,92,#94EB38
90,76,92,#91EB38
91,76,92,#8EEB38
92,76,92,#8CEB38
93,76,92,#89EB38
94,76,92,#86EB38
95,76,92,#83EB38
96,76,92,#80EB38
97,76,92,#7DEB38
98,76,92,#7AEB38
99,76,92,#77EB38
100,76,92,#74EB38
101,76,92,#71EB38
102,76,92,#6EEB38
103,76,92,#6BEB38
104,76,92,#68EB38
105,76,92,#65EB38
106,76,92,#62EB38
107,76,92,#5FEB38
108,76,92,#5CEB38
109,76,92,#59EB38
110,76,92,#56EB38
111,76,92,#53EB38
112,76,92,#50EB38
113,76,92,#4DEB38
114,76,92,#4AEB38
115,76,92,#47EB38
116,76,92,#44EB38
117,76,92,#41EB38
118,76,92,#3EEB38
119,76,92,#3BEB38
120,76,92,#38EB38
121,76,92,#38EB3B
122,76,92,#38EB3E
123,76,92,#38EB41
124,76,92,#38EB44
125,76,92,#38EB47
126,76,92,#38EB4A
127,76,92,#38EB4D
128,76,92,#38EB50
129,76,92,#38EB53
130,76,92,#38EB56
131,76,92,#38EB59
132,76,92,#38EB5C
133,76,92,#38EB5F
134,76,92,#38EB62
135,76,92,#38EB65
136,76,92,#38EB68
137,76,92,#38EB6B
138,76,92,#38EB6E
139,76,92,#38EB71
140,76,92,#38EB74
141,76,92,#38EB77
142,76,92,#38EB7A
143,76,92,#38EB7D
144,76,92,#38EB80
145,76,92,#38EB83
146,76,92,#38EB86
147,76,92,#38EB89
148,76,92,#38EB8C
149,76,92,#38EB8E
150,76,92,#38EB91
151,76,92,#38EB94
152,76,92,#38EB97
153,76,92,#38EB9A
154,76,92,#38EB9D
155,76,92,#38EBA0
156,76,92,#38EBA3
157,76,92,#38EBA6
158,76,92,#38EBA9
159,76,92,#38EBAC
160,76,92,#38EBAF
161,76,92,#38EBB2
162,76,92,#38EBB5
163,76,92,#38EBB8
164,76,92,#38EBBB
165,76,92,#38EBBE
166,76,92,#38EBC1
167,76,92,#38EBC4
168,76,92,#38EBC7
169,76,92,#38EBCA
170,76,92,#38EBCD
171,76,92,#38EBD0
172,76,92,#38EBD3
173,76,92,#38EBD6
174,76,92,#38EBD9
175,76,92,#38EBDC
176,76,92,#38EBDF
177,76,92,#38EBE2
178,76,92,#38EBE5
179,76,92,#38EBE8
180,76,92,#38EBEB
181,76,92,#38E8EB
182,76,92,#38E5EB
183,76,92,#38E2EB
184,76,92,#38DFEB
185,76,92,#38DCEB
186,76,92,#38D9EB
187,76,92,#38D6EB
188,76,92,#38D3EB
189,76,92,#38D0EB
190,76,92,#38CDEB
191,76,92,#38CAEB
192,76,92,#38C7EB
193,76,92,#38C4EB
194,76,92,#38C1EB
195,76,92,#38BEEB
196,76,92,#38BBEB
197,76,92,#38B8EB
198,76,92,#38B5EB
199,76,92,#38B2EB
200,76,92,#38AFEB
201,76,92,#38ACEB
202,76,92,#38A9EB
203,76,92,#38A6EB
204,76,92,#38A3EB
205,76,92,#38A0EB
206,76,92,#389DEB
207,76,92,#389AEB
208,76,92,#3897EB
209,76,92,#3894EB
210,76,92,#3891EB
211,76,92,#388EEB
212,76,92,#388CEB
213,76,92,#3889EB
214,76,92,#3886EB
215,76,92,#3883EB
216,76,92,#3880EB
217,76,92,#387DEB
218,76,92,#387AEB
219,76,92,#3877EB
220,76,92,#3874EB
221,76,92,#3871EB
222,76,92,#386EEB
223,76,92,#386BEB
224,76,92,#3868EB
225,76,92,#3865EB
226,76,92,#3862EB
227,76,92,#385FEB
228,76,92,#385CEB
229,76,92,#3859EB
230,76,92,#3856EB
231,76,92,#3853EB
232,76,92,#3850EB
233,76,92,#384DEB
234,76,92,#384AEB
235,76,92,#3847EB
236,76,92,#3844EB
237,76,92,#3841EB
238,76,92,#383EEB
239,76,92,#383BEB
240,76,92,#3838EB
241,76,92,#3B38EB
242,76,92,#3E38EB
243,76,92,#4138EB
244,76,92,#4438EB
245,76,92,#4738EB
246,76,92,#4A38EB
247,76,92,#4D38EB
248,76,92,#5038EB
249,76,92,#5338EB
250,76,92,#5638EB
251,76,92,#5938EB
252,76,92,#5C38EB
253,76,92,#5F38EB
254,76,92,#6238EB
255,76,92,#6538EB
256,76,92,#6838EB
257,76,92,#6B38EB
258,76,92,#6E38EB
259,76,92,#7138EB
260,76,92,#7438EB
261,76,92,#7738EB
262,76,92,#7A38EB
263,76,92,#7D38EB
264,76,92,#8038EB
265,76,92,#8338EB
266,76,92,#8638EB
267,76,92,#8938EB
268,76,92,#8C38EB
269,76,92,#8E38EB
270,76,92,#9138EB
271,76,92,#9438EB
272,76,92,#9738EB
273,76,92,#9A38EB
274,76,92,#9D38EB
275,76,92,#A038EB
276,76,92,#A338EB
277,76,92,#A638EB
278,76,92,#A938EB
279,76,92,#AC38EB
280,76,92,#AF38EB
281,76,92,#B238EB
282,76,92,#B538EB
283,76,92,#B838EB
284,76,92,#BB38EB
285,76,92,#BE38EB
286,76,92,#C138EB
287,76,92,#C438EB
288,76,92,#C738EB
289,76,92,#CA38EB
290,76,92,#CD38EB
291,76,92,#D038EB
292,76,92,#D338EB
293,76,92,#D638EB
294,76,92,#D938EB
295,76,92,#DC38EB
296,76,92,#DF38EB
297,76,92,#E238EB
298,76,92,#E538EB
299,76,92,#E838EB
300,76,92,#EB38EB
301,76,92,#EB38E8
302,76,92,#EB38E5
303,76,92,#EB38E2
304,76,92,#EB38DF
305,76,92,#EB38DC
306,76,92,#EB38D9
307,76,92,#EB38D6
308,76,92,#EB38D3
309,76,92,#EB38D0
310,76,92,#EB38CD
311,76,92,#EB38CA
312,76,92,#EB38C7
313,76,92,#EB38C4
314,76,92,#EB38C1
315,76,92,#EB38BE
316,76,92,#EB38BB
317,76,92,#EB38B8
318,76,92,#EB38B5
319,76,92,#EB38B2
320,76,92,#EB38AF
321,76,92,#EB38AC
322,76,92,#EB38A9
323,76,92,#EB38A6
324,76,92,#EB38A3
325,76,92,#EB38A0
326,76,92,#EB389D
327,76,92,#EB389A
328,76,92,#EB3897
329,76,92,#EB3894
330,76,92,#EB3891
331,76,92,#EB388E
332,76,92,#EB388C
333,76,92,#EB3889
334,76,92,#EB3886
335,76,92,#EB3883
336,76,92,#EB3880
337,76,92,#EB387D
338,76,92,#EB387A
339,76,92,#EB3877
340,76,92,#EB3874
341,76,92,#EB3871
342,76,92,#EB386E
343,76,92,#EB386B
344,76,92,#EB3868
345,76,92,#EB3865
346,76,92,#EB3862
347,76,92,#EB385F
348,76,92,#EB385C
349,76,92,#EB3859
350,76,92,#EB3856
351,76,92,#EB3853
352,76,92,#EB3850
353,76,92,#EB384D
354,76,92,#EB384A
355,76,92,#EB3847
356,76,92,#EB3844
357,76,92,#EB3841
358,76,92,#EB383E
359,76,92,#EB383B
0,75,92,#EB3B3B
1,75,92,#EB3E3B
2,75,92,#EB413B
3,75,92,#EB433B
4,75,92,#EB463B
5,75,92,#EB493B
6,75,92,#EB4C3B
7,75,92,#EB4F3B
8,75,92,#EB523B
9,75,92,#EB553B
10,75,92,#EB583B
11,75,92,#EB5B3B
12,75,92,#EB5E3B
13,75,92,#EB613B
14,75,92,#EB643B
15,75,92,#EB673B
16,75,92,#EB6A3B
17,75,92,#EB6D3B
18,75,92,#EB6F3B
19,75,92,#EB723B
20,75,92,#EB753B
21,75,92,#EB783B
22,75,92,#EB7B3B
23,75,92,#EB7E3B
24,75,92,#EB813B
25,75,92,#EB843B
26,75,92,#EB873B
27,75,92,#EB8A3B
28,75,92,#EB8D3B
29,75,92,#EB903B
30,75,92,#EB933B
31,75,92,#EB963B
32,75,92,#EB983B
33,75,92,#EB9B3B
34,75,92,#EB9E3B
35,75,92,#EBA13B
36,75,92,#EBA43B
37,75,92,#EBA73B
38,75,92,#EBAA3B
39,75,92,#EBAD3B
40,75,92,#EBB03B
41,75,92,#EBB33B
42,75,92,#EBB63B
43,75,92,#EBB93B
44,75,92,#EBBC3B
45,75,92,#EBBF3B
46,75,92,#EBC23B
47,75,92,#EBC43B
48,75,92,#EBC73B
49,75,92,#EBCA3B
50,75,92,#EBCD3B
51,75,92,#EBD03B
52,75,92,#EBD33B
53,75,92,#EBD63B
54,75,92,#EBD93B
55,75,92,#EBDC3B
56,75,92,#EBDF3B
57,75,92,#EBE23B
58,75,92,#EBE53B
59,75,92,#EBE83B
60,75,92,#EBEB3B
61,75,92,#E8EB3B
62,75,92,#E5EB3B
63,75,92,#E2EB3B
64,75,92,#DFEB3B
65,75,92,#DCEB3B
66,75,92,#D9EB3B
67,75,92,#D6EB3B
68,75,92,#D3EB3B
69,75,92,#D0EB3B
70,75,92,#CDEB3B
71,75,92,#CAEB3B
72,75,92,#C7EB3B
73,75,92,#C4EB3B
74,75,92,#C2EB3B
75,75,92,#BFEB3B
76,75,92,#BCEB3B
77,75,92,#B9EB3B
78,75,92,#B6EB3B
79,75,92,#B3EB3B
80,75,92,#B0EB3B
81,75,92,#ADEB3B
82,75,92,#AAEB3B
83,75,92,#A7EB3B
84,75,92,#A4EB3B
85,75,92,#A1EB3B
86,75,92,#9EEB3B
87,75,92,#9BEB3B
88,75,92,#98EB3B
89,75,92,#96EB3B
90,75,92,#93EB3B
91,75,92,#90EB3B
92,75,92,#8DEB3B
93,75,92,#8AEB3B
94,75,92,#87EB3B
95,75,92,#84EB3B
96,75,92,#81EB3B
97,75,92,#7EEB3B
98,75,92,#7BEB3B
99,75,92,#78EB3B
100,75,92,#75EB3B
101,75,92,#72EB3B
102,75,92,#6FEB3B
103,75,92,#6DEB3B
104,75,92,#6AEB3B
105,75,92,#67EB3B
106,75,92,#64EB3B
107,75,92,#61EB3B
108,75,92,#5EEB3B
109,75,92,#5BEB3B
110,75,92,#58EB3B
111,75,92,#55EB3B
112,75,92,#52EB3B
113,75,92,#4FEB3B
114,75,92,#4CEB3B
115,75,92,#49EB3B
116,75,92,#46EB3B
117,75,92,#43EB3B
118,75,92,#41EB3B
119,75,92,#3EEB3B
120,75,92,#3BEB3B
121,75,92,#3BEB3E
122,75,92,#3BEB41
123,75,92,#3BEB43
124,75,92,#3BEB46
125,75,92,#3BEB49
126,75,92,#3BEB4C
127,75,92,#3BEB4F
128,75,92,#3BEB52
129,75,92,#3BEB55
130,75,92,#3BEB58
131,75,92,#3BEB5B
132,75,92,#3BEB5E
133,75,92,#3BEB61
134,75,92,#3BEB64
135,75,92,#3BEB67
136,75,92,#3BEB6A
137,75,92,#3BEB6D
138,75,92,#3BEB6F
139,75,92,#3BEB72
140,75,92,#3BEB75
141,75,92,#3BEB78
142,75,92,#3BEB7B
143,75,92,#3BEB7E
144,75,92,#3BEB81
145,75,92,#3BEB84
146,75,92,#3BEB87
147,75,92,#3BEB8A
148,75,92,#3BEB8D
149,75,92,#3BEB90
150,75,92,#3BEB93
151,75,92,#3BEB96
152,75,92,#3BEB98
153,75,92,#3BEB9B
154,75,92,#3BEB9E
155,75,92,#3BEBA1
156,75,92,#3BEBA4
157,75,92,#3BEBA7
158,75,92,#3BEBAA
159,75,92,#3BEBAD
160,75,92,#3BEBB0
161,75,92,#3BEBB3
162,75,92,#3BEBB6
163,75,92,#3BEBB9
164,75,92,#3BEBBC
165,75,92,#3BEBBF
166,75,92,#3BEBC2
167,75,92,#3BEBC4
168,75,92,#3BEBC7
169,75,92,#3BEBCA
170,75,92,#3BEBCD
171,75,92,#3BEBD0
172,75,92,#3BEBD3
173,75,92,#3BEBD6
174,75,92,#3BEBD9
175,75,92,#3BEBDC
176,75,92,#3BEBDF
177,75,92,#3BEBE2
178,75,92,#3BEBE5
179,75,92,#3BEBE8
180,75,92,#3BEBEB
181,75,92,#3BE8EB
182,75,92,#3BE5EB
183,75,92,#3BE2EB
184,75,92,#3BDFEB
185,75,92,#3BDCEB
186,75,92,#3BD9EB
187,75,92,#3BD6EB
188,75,92,#3BD3EB
189,75,92,#3BD0EB
190,75,92,#3BCDEB
191,75,92,#3BCAEB
192,75,92,#3BC7EB
193,75,92,#3BC4EB
194,75,92,#3BC2EB
195,75,92,#3BBFEB
196,75,92,#3BBCEB
197,75,92,#3BB9EB
198,75,92,#3BB6EB
199,75,92,#3BB3EB
200,75,92,#3BB0EB
201,75,92,#3BADEB
202,75,92,#3BAAEB
203,75,92,#3BA7EB
204,75,92,#3BA4EB
205,75,92,#3BA1EB
206,75,92,#3B9EEB
207,75,92,#3B9BEB
208,75,92,#3B98EB
209,75,92,#3B96EB
210,75,92,#3B93EB
211,75,92,#3B90EB
212,75,92,#3B8DEB
213,75,92,#3B8AEB
214,75,92,#3B87EB
215,75,92,#3B84EB
216,75,92,#3B81EB
217,75,92,#3B7EEB
218,75,92,#3B7BEB
219,75,92,#3B78EB
220,75,92,#3B75EB
221,75,92,#3B72EB
222,75,92,#3B6FEB
223,75,92,#3B6DEB
224,75,92,#3B6AEB
225,75,92,#3B67EB
226,75,92,#3B64EB
227,75,92,#3B61EB
228,75,92,#3B5EEB
229,75,92,#3B5BEB
230,75,92,#3B58EB
231,75,92,#3B55EB
232,75,92,#3B52EB
233,75,92,#3B4FEB
234,75,92,#3B4CEB
235,75,92,#3B49EB
236,75,92,#3B46EB
237,75,92,#3B43EB
238,75,92,#3B41EB
239,75,92,#3B3EEB
240,75,92,#3B3BEB
241,75,92,#3E3BEB
242,75,92,#413BEB
243,75,92,#433BEB
244,75,92,#463BEB
245,75,92,#493BEB
246,75,92,#4C3BEB
247,75,92,#4F3BEB
248,75,92,#523BEB
249,75,92,#553BEB
250,75,92,#583BEB
251,75,92,#5B3BEB
252,75,92,#5E3BEB
253,75,92,#613BEB
254,75,92,#643BEB
255,75,92,#673BEB
256,75,92,#6A3BEB
257,75,92,#6D3BEB
258,75,92,#6F3BEB
259,75,92,#723BEB
260,75,92,#753BEB
261,75,92,#783BEB
262,75,92,#7B3BEB
263,75,92,#7E3BEB
264,75,92,#813BEB
265,75,92,#843BEB
266,75,92,#873BEB
267,75,92,#8A3BEB
268,75,92,#8D3BEB
269,75,92,#903BEB
270,75,92,#933BEB
271,75,92,#963BEB
272,75,92,#983BEB
273,75,92,#9B3BEB
274,75,92,#9E3BEB
275,75,92,#A13BEB
276,75,92,#A43BEB
277,75,92,#A73BEB
278,75,92,#AA3BEB
279,75,92,#AD3BEB
280,75,92,#B03BEB
281,75,92,#B33BEB
282,75,92,#B63BEB
283,75,92,#B93BEB
284,75,92,#BC3BEB
285,75,92,#BF3BEB
286,75,92,#C23BEB
287,75,92,#C43BEB
288,75,92,#C73BEB
289,75,92,#CA3BEB
290,75,92,#CD3BEB
291,75,92,#D03BEB
292,75,92,#D33BEB
293,75,92,#D63BEB
294,75,92,#D93BEB
295,75,92,#DC3BEB
296,75,92,#DF3BEB
297,75,92,#E23BEB
298,75,92,#E53BEB
299,75,92,#E83BEB
300,75,92,#EB3BEB
301,75,92,#EB3BE8
302,75,92,#EB3BE5
303,75,92,#EB3BE2
304,75,92,#EB3BDF
305,75,92,#EB3BDC
306,75,92,#EB3BD9
307,75,92,#EB3BD6
308,75,92,#EB3BD3
309,75,92,#EB3BD0
310,75,92,#EB3BCD
311,75,92,#EB3BCA
312,75,92,#EB3BC7
313,75,92,#EB3BC4
314,75,92,#EB3BC2
315,75,92,#EB3BBF
316,75,92,#EB3BBC
317,75,92,#EB3BB9
318,75,92,#EB3BB6
319,75,92,#EB3BB3
320,75,92,#EB3BB0
321,75,92,#EB3BAD
322,75,92,#EB3BAA
323,75,92,#EB3BA7
324,75,92,#EB3BA4
325,75,92,#EB3BA1
326,75,92,#EB3B9E
327,75,92,#EB3B9B
328,75,92,#EB3B98
329,75,92,#EB3B96
330,75,92,#EB3B93
331,75,92,#EB3B90
332,75,92,#EB3B8D
333,75,92,#EB3B8A
334,75,92,#EB3B87
335,75,92,#EB3B84
336,75,92,#EB3B81
337,75,92,#EB3B7E
338,75,92,#EB3B7B
339,75,92,#EB3B78
340,75,92,#EB3B75
341,75,92,#EB3B72
342,75,92,#EB3B6F
343,75,92,#EB3B6D
344,75,92,#EB3B6A
345,75,92,#EB3B67
346,75,92,#EB3B64
347,75,92,#EB3B61
348,75,92,#EB3B5E
349,75,92,#EB3B5B
350,75,92,#EB3B58
351,75,92,#EB3B55
352,75,92,#EB3B52
353,75,92,#EB3B4F
354,75,92,#EB3B4C
355,75,92,#EB3B49
356,75,92,#EB3B46
357,75,92,#EB3B43
358,75,92,#EB3B41
359,75,92,#EB3B3E
0,74,92,#EB3D3D
1,74,92,#EB403D
2,74,92,#EB433D
3,74,92,#EB463D
4,74,92,#EB493D
5,74,92,#EB4B3D
6,74,92,#EB4E3D
7,74,92,#EB513D
8,74,92,#EB543D
9,74,92,#EB573D
10,74,92,#EB5A3D
11,74,92,#EB5D3D
12,74,92,#EB603D
13,74,92,#EB633D
14,74,92,#EB663D
15,74,92,#EB683D
16,74,92,#EB6B3D
17,74,92,#EB6E3D
18,74,92,#EB713D
19,74,92,#EB743D
20,74,92,#EB773D
21,74,92,#EB7A3D
22,74,92,#EB7D3D
23,74,92,#EB803D
24,74,92,#EB823D
25,74,92,#EB853D
26,74,92,#EB883D
27,74,92,#EB8B3D
28,74,92,#EB8E3D
29,74,92,#EB913D
30,74,92,#EB943D
31,74,92,#EB973D
32,74,92,#EB9A3D
33,74,92,#EB9C3D
34,74,92,#EB9F3D
35,74,92,#EBA23D
36,74,92,#EBA53D
37,74,92,#EBA83D
38,74,92,#EBAB3D
39,74,92,#EBAE3D
40,74,92,#EBB13D
41,74,92,#EBB43D
42,74,92,#EBB73D
43,74,92,#EBB93D
44,74,92,#EBBC3D
45,74,92,#EBBF3D
46,74,92,#EBC23D
47,74,92,#EBC53D
48,74,92,#EBC83D
49,74,92,#EBCB3D
50,74,92,#EBCE3D
51,74,92,#EBD13D
52,74,92,#EBD33D
53,74,92,#EBD63D
54,74,92,#EBD93D
55,74,92,#EBDC3D
56,74,92,#EBDF3D
57,74,92,#EBE23D
58,74,92,#EBE53D
59,74,92,#EBE83D
60,74,92,#EBEB3D
61,74,92,#E8EB3D
62,74,92,#E5EB3D
63,74,92,#E2EB3D
64,74,92,#DFEB3D
65,74,92,#DCEB3D
66,74,92,#D9EB3D
67,74,92,#D6EB3D
68,74,92,#D3EB3D
69,74,92,#D1EB3D
70,74,92,#CEEB3D
71,74,92,#CBEB3D
72,74,92,#C8EB3D
73,74,92,#C5EB3D
74,74,92,#C2EB3D
75,74,92,#BFEB3D
76,74,92,#BCEB3D
77,74,92,#B9EB3D
78,74,92,#B7EB3D
79,74,92,#B4EB3D
80,74,92,#B1EB3D
81,74,92,#AEEB3D
82,74,92,#ABEB3D
83,74,92,#A8EB3D
84,74,92,#A5EB3D
85,74,92,#A2EB3D
86,74,92,#9FEB3D
87,74,92,#9CEB3D
88,74,92,#9AEB3D
89,74,92,#97EB3D
90,74,92,#94EB3D
91,74,92,#91EB3D
92,74,92,#8EEB3D
93,74,92,#8BEB3D
94,74,92,#88EB3D
95,74,92,#85EB3D
96,74,92,#82EB3D
97,74,92,#80EB3D
98,74,92,#7DEB3D
99,74,92,#7AEB3D
100,74,92,#77EB3D
101,74,92,#74EB3D
102,74,92,#71EB3D
103,74,92,#6EEB3D
104,74,92,#6BEB3D
105,74,92,#68EB3D
106,74,92,#66EB3D
107,74,92,#63EB3D
108,74,92,#60EB3D
109,74,92,#5DEB3D
110,74,92,#5AEB3D
111,74,92,#57EB3D
112,74,92,#54EB3D
113,74,92,#51EB3D
114,74,92,#4EEB3D
115,74,92,#4BEB3D
116,74,92,#49EB3D
117,74,92,#46EB3D
118,74,92,#43EB3D
119,74,92,#40EB3D
120,74,92,#3DEB3D
121,74,92,#3DEB40
122,74,92,#3DEB43
123,74,92,#3DEB46
124,74,92,#3DEB49
125,74,92,#3DEB4B
126,74,92,#3DEB4E
127,74,92,#3DEB51
128,74,92,#3DEB54
129,74,92,#3DEB57
130,74,92,#3DEB5A
131,74,92,#3DEB5D
132,74,92,#3DEB60
133,74,92,#3DEB63
134,74,92,#3DEB66
135,74,92,#3DEB68
136,74,92,#3DEB6B
137,74,92,#3DEB6E
138,74,92,#3DEB71
139,74,92,#3DEB74
140,74,92,#3DEB77
141,74,92,#3DEB7A
142,74,92,#3DEB7D
143,74,92,#3DEB80
144,74,92,#3DEB82
145,74,92,#3DEB85
146,74,92,#3DEB88
147,74,92,#3DEB8B
148,74,92,#3DEB8E
149,74,92,#3DEB91
150,74,92,#3DEB94
151,74,92,#3DEB97
152,74,92,#3DEB9A
153,74,92,#3DEB9C
154,74,92,#3DEB9F
155,74,92,#3DEBA2
156,74,92,#3DEBA5
157,74,92,#3DEBA8
158,74,92,#3DEBAB
159,74,92,#3DEBAE
160,74,92,#3DEBB1
161,74,92,#3DEBB4
162,74,92,#3DEBB7
163,74,92,#3DEBB9
164,74,92,#3DEBBC
165,74,92,#3DEBBF
166,74,92,#3DEBC2
167,74,92,#3DEBC5
168,74,92,#3DEBC8
169,74,92,#3DEBCB
170,74,92,#3DEBCE
171,74,92,#3DEBD1
172,74,92,#3DEBD3
173,74,92,#3DEBD6
174,74,92,#3DEBD9
175,74,92,#3DEBDC
176,74,92,#3DEBDF
177,74,92,#3DEBE2
178,74,92,#3DEBE5
179,74,92,#3DEBE8
180,74,92,#3DEBEB
181,74,92,#3DE8EB
182,74,92,#3DE5EB
183,74,92,#3DE2EB
184,74,92,#3DDFEB
185,74,92,#3DDCEB
186,74,92,#3DD9EB
187,74,92,#3DD6EB
188,74,92,#3DD3EB
189,74,92,#3DD1EB
190,74,92,#3DCEEB
191,74,92,#3DCBEB
192,74,92,#3DC8EB
193,74,92,#3DC5EB
194,74,92,#3DC2EB
195,74,92,#3DBFEB
196,74,92,#3DBCEB
197,74,92,#3DB9EB
198,74,92,#3DB7EB
199,74,92,#3DB4EB
200,74,92,#3DB1EB
201,74,92,#3DAEEB
202,74,92,#3DABEB
203,74,92,#3DA8EB
204,74,92,#3DA5EB
205,74,92,#3DA2EB
206,74,92,#3D9FEB
207,74,92,#3D9CEB
208,74,92,#3D9AEB
209,74,92,#3D97EB
210,74,92,#3D94EB
211,74,92,#3D91EB
212,74,92,#3D8EEB
213,74,92,#3D8BEB
214,74,92,#3D88EB
215,74,92,#3D85EB
216,74,92,#3D82EB
217,74,92,#3D80EB
218,74,92,#3D7DEB
219,74,92,#3D7AEB
220,74,92,#3D77EB
221,74,92,#3D74EB
222,74,92,#3D71EB
223,74,92,#3D6EEB
224,74,92,#3D6BEB
225,74,92,#3D68EB
226,74,92,#3D66EB
227,74,92,#3D63EB
228,74,92,#3D60EB
229,74,92,#3D5DEB
230,74,92,#3D5AEB
231,74,92,#3D57EB
232,74,92,#3D54EB
233,74,92,#3D51EB
234,74,92,#3D4EEB
235,74,92,#3D4BEB
236,74,92,#3D49EB
237,74,92,#3D46EB
238,74,92,#3D43EB
239,74,92,#3D40EB
240,74,92,#3D3DEB
241,74,92,#403DEB
242,74,92,#433DEB
243,74,92,#463DEB
244,74,92,#493DEB
245,74,92,#4B3DEB
246,74,92,#4E3DEB
247,74,92,#513DEB
248,74,92,#543DEB
249,74,92,#573DEB
250,74,92,#5A3DEB
251,74,92,#5D3DEB
252,74,92,#603DEB
253,74,92,#633DEB
254,74,92,#663DEB
255,74,92,#683DEB
256,74,92,#6B3DEB
257,74,92,#6E3DEB
258,74,92,#713DEB
259,74,92,#743DEB
260,74,92,#773DEB
261,74,92,#7A3DEB
262,74,92,#7D3DEB
263,74,92,#803DEB
264,74,92,#823DEB
265,74,92,#853DEB
266,74,92,#883DEB
267,74,92,#8B3DEB
268,74,92,#8E3DEB
269,74,92,#913DEB
270,74,92,#943DEB
271,74,92,#973DEB
272,74,92,#9A3DEB
273,74,92,#9C3DEB
274,74,92,#9F3DEB
275,74,92,#A23DEB
276,74,92,#A53DEB
277,74,92,#A83DEB
278,74,92,#AB3DEB
279,74,92,#AE3DEB
280,74,92,#B13DEB
281,74,92,#B43DEB
282,74,92,#B73DEB
283,74,92,#B93DEB
284,74,92,#BC3DEB
285,74,92,#BF3DEB
286,74,92,#C23DEB
287,74,92,#C53DEB
288,74,92,#C83DEB
289,74,92,#CB3DEB
290,74,92,#CE3DEB
291,74,92,#D13DEB
292,74,92,#D33DEB
293,74,92,#D63DEB
294,74,92,#D93DEB
295,74,92,#DC3DEB
296,74,92,#DF3DEB
297,74,92,#E23DEB
298,74,92,#E53DEB
299,74,92,#E83DEB
300,74,92,#EB3DEB
301,74,92,#EB3DE8
302,74,92,#EB3DE5
303,74,92,#EB3DE2
304,74,92,#EB3DDF
305,74,92,#EB3DDC
306,74,92,#EB3DD9
307,74,92,#EB3DD6
308,74,92,#EB3DD3
309,74,92,#EB3DD1
310,74,92,#EB3DCE
311,74,92,#EB3DCB
312,74,92,#EB3DC8
313,74,92,#EB3DC5
314,74,92,#EB3DC2
315,74,92,#EB3DBF
316,74,92,#EB3DBC
317,74,92,#EB3DB9
318,74,92,#EB3DB7
319,74,92,#EB3DB4
320,74,92,#EB3DB1
321,74,92,#EB3DAE
322,74,92,#EB3DAB
323,74,92,#EB3DA8
324,74,92,#EB3DA5
325,74,92,#EB3DA2
326,74,92,#EB3D9F
327,74,92,#EB3D9C
328,74,92,#EB3D9A
329,74,92,#EB3D97
330,74,92,#EB3D94
331,74,92,#EB3D91
332,74,92,#EB3D8E
333,74,92,#EB3D8B
334,74,92,#EB3D88
335,74,92,#EB3D85
336,74,92,#EB3D82
337,74,92,#EB3D80
338,74,92,#EB3D7D
339,74,92,#EB3D7A
340,74,92,#EB3D77
341,74,92,#EB3D74
342,74,92,#EB3D71
343,74,92,#EB3D6E
344,74,92,#EB3D6B
345,74,92,#EB3D68
346,74,92,#EB3D66
347,74,92,#EB3D63
348,74,92,#EB3D60
349,74,92,#EB3D5D
350,74,92,#EB3D5A
351,74,92,#EB3D57
352,74,92,#EB3D54
353,74,92,#EB3D51
354,74,92,#EB3D4E
355,74,92,#EB3D4B
356,74,92,#EB3D49
357,74,92,#EB3D46
358,74,92,#EB3D43
359,74,92,#EB3D40
0,73,92,#EB3F3F
1,73,92,#EB423F
2,73,92,#EB453F
3,73,92,#EB483F
4,73,92,#EB4B3F
5,73,92,#EB4E3F
6,73,92,#EB503F
7,73,92,#EB533F
8,73,92,#EB563F
9,73,92,#EB593F
10,73,92,#EB5C3F
11,73,92,#EB5F3F
12,73,92,#EB623F
13,73,92,#EB643F
14,73,92,#EB673F
15,73,92,#EB6A3F
16,73,92,#EB6D3F
17,73,92,#EB703F
18,73,92,#EB733F
19,73,92,#EB763F
20,73,92,#EB783F
21,73,92,#EB7B3F
22,73,92,#EB7E3F
23,73,92,#EB813F
24,73,92,#EB843F
25,73,92,#EB873F
26,73,92,#EB8A3F
27,73,92,#EB8C3F
28,73,92,#EB8F3F
29,73,92,#EB923F
30,73,92,#EB953F
31,73,92,#EB983F
32,73,92,#EB9B3F
33,73,92,#EB9E3F
34,73,92,#EBA03F
35,73,92,#EBA33F
36,73,92,#EBA63F
37,73,92,#EBA93F
38,73,92,#EBAC3F
39,73,92,#EBAF3F
40,73,92,#EBB23F
41,73,92,#EBB43F
42,73,92,#EBB73F
43,73,92,#EBBA3F
44,73,92,#EBBD3F
45,73,92,#EBC03F
46,73,92,#EBC33F
47,73,92,#EBC53F
48,73,92,#EBC83F
49,73,92,#EBCB3F
50,73,92,#EBCE3F
51,73,92,#EBD13F
52,73,92,#EBD43F
53,73,92,#EBD73F
54,73,92,#EBD93F
55,73,92,#EBDC3F
56,73,92,#EBDF3F
57,73,92,#EBE23F
58,73,92,#EBE53F
59,73,92,#EBE83F
60,73,92,#EBEB3F
61,73,92,#E8EB3F
62,73,92,#E5EB3F
63,73,92,#E2EB3F
64,73,92,#DFEB3F
65,73,92,#DCEB3F
66,73,92,#D9EB3F
67,73,92,#D7EB3F
68,73,92,#D4EB3F
69,73,92,#D1EB3F
70,73,92,#CEEB3F
71,73,92,#CBEB3F
72,73,92,#C8EB3F
73,73,92,#C5EB3F
74,73,92,#C3EB3F
75,73,92,#C0EB3F
76,73,92,#BDEB3F
77,73,92,#BAEB3F
78,73,92,#B7EB3F
79,73,92,#B4EB3F
80,73,92,#B2EB3F
81,73,92,#AFEB3F
82,73,92,#ACEB3F
83,73,92,#A9EB3F
84,73,92,#A6EB3F
85,73,92,#A3EB3F
86,73,92,#A0EB3F
87,73,92,#9EEB3F
88,73,92,#9BEB3F
89,73,92,#98EB3F
90,73,92,#95EB3F
91,73,92,#92EB3F
92,73,92,#8FEB3F
93,73,92,#8CEB3F
94,73,92,#8AEB3F
95,73,92,#87EB3F
96,73,92,#84EB3F
97,73,92,#81EB3F
98,73,92,#7EEB3F
99,73,92,#7BEB3F
100,73,92,#78EB3F
101,73,92,#76EB3F
102,73,92,#73EB3F
103,73,92,#70EB3F
104,73,92,#6DEB3F
105,73,92,#6AEB3F
106,73,92,#67EB3F
107,73,92,#64EB3F
108,73,92,#62EB3F
109,73,92,#5FEB3F
110,73,92,#5CEB3F
111,73,92,#59EB3F
112,73,92,#56EB3F
113,73,92,#53EB3F
114,73,92,#50EB3F
115,73,92,#4EEB3F
116,73,92,#4BEB3F
117,73,92,#48EB3F
118,73,92,#45EB3F
119,73,92,#42EB3F
120,73,92,#3FEB3F
121,73,92,#3FEB42
122,73,92,#3FEB45
123,73,92,#3FEB48
124,73,92,#3FEB4B
125,73,92,#3FEB4E
126,73,92,#3FEB50
127,73,92,#3FEB53
128,73,92,#3FEB56
129,73,92,#3FEB59
130,73,92,#3FEB5C
131,73,92,#3FEB5F
132,73,92,#3FEB62
133,73,92,#3FEB64
134,73,92,#3FEB67
135,73,92,#3FEB6A
136,73,92,#3FEB6D
137,73,92,#3FEB70
138,73,92,#3FEB73
139,73,92,#3FEB76
140,73,92,#3FEB78
141,73,92,#3FEB7B
142,73,92,#3FEB7E
143,73,92,#3FEB81
144,73,92,#3FEB84
145,73,92,#3FEB87
146,73,92,#3FEB8A
147,73,92,#3FEB8C
148,73,92,#3FEB8F
149,73,92,#3FEB92
150,73,92,#3FEB95
151,73,92,#3FEB98
152,73,92,#3FEB9B
153,73,92,#3FEB9E
154,73,92,#3FEBA0
155,73,92,#3FEBA3
156,73,92,#3FEBA6
157,73,92,#3FEBA9
158,73,92,#3FEBAC
159,73,92,#3FEBAF
160,73,92,#3FEBB2
161,73,92,#3FEBB4
162,73,92,#3FEBB7
163,73,92,#3FEBBA
164,73,92,#3FEBBD
165,73,92,#3FEBC0
166,73,92,#3FEBC3
167,73,92,#3FEBC5
168,73,92,#3FEBC8
169,73,92,#3FEBCB
170,73,92,#3FEBCE
171,73,92,#3FEBD1
172,73,92,#3FEBD4
173,73,92,#3FEBD7
174,73,92,#3FEBD9
175,73,92,#3FEBDC
176,73,92,#3FEBDF
177,73,92,#3FEBE2
178,73,92,#3FEBE5
179,73,92,#3FEBE8
180,73,92,#3FEBEB
181,73,92,#3FE8EB
182,73,92,#3FE5EB
183,73,92,#3FE2EB
184,73,92,#3FDFEB
185,73,92,#3FDCEB
186,73,92,#3FD9EB
187,73,92,#3FD7EB
188,73,92,#3FD4EB
189,73,92,#3FD1EB
190,73,92,#3FCEEB
191,73,92,#3FCBEB
192,73,92,#3FC8EB
193,73,92,#3FC5EB
194,73,92,#3FC3EB
195,73,92,#3FC0EB
196,73,92,#3FBDEB
197,73,92,#3FBAEB
198,73,92,#3FB7EB
199,73,92,#3FB4EB
200,73,92,#3FB2EB
201,73,92,#3FAFEB
202,73,92,#3FACEB
203,73,92,#3FA9EB
204,73,92,#3FA6EB
205,73,92,#3FA3EB
206,73,92,#3FA0EB
207,73,92,#3F9EEB
208,73,92,#3F9BEB
209,73,92,#3F98EB
210,73,92,#3F95EB
211,73,92,#3F92EB
212,73,92,#3F8FEB
213,73,92,#3F8CEB
214,73,92,#3F8AEB
215,73,92,#3F87EB
216,73,92,#3F84EB
217,73,92,#3F81EB
218,73,92,#3F7EEB
219,73,92,#3F7BEB
220,73,92,#3F78EB
221,73,92,#3F76EB
222,73,92,#3F73EB
223,73,92,#3F70EB
224,73,92,#3F6DEB
225,73,92,#3F6AEB
226,73,92,#3F67EB
227,73,92,#3F64EB
228,73,92,#3F62EB
229,73,92,#3F5FEB
230,73,92,#3F5CEB
231,73,92,#3F59EB
232,73,92,#3F56EB
233,73,92,#3F53EB
234,73,92,#3F50EB
235,73,92,#3F4EEB
236,73,92,#3F4BEB
237,73,92,#3F48EB
238,73,92,#3F45EB
239,73,92,#3F42EB
240,73,92,#3F3FEB
241,73,92,#423FEB
242,73,92,#453FEB
243,73,92,#483FEB
244,73,92,#4B3FEB
245,73,92,#4E3FEB
246,73,92,#503FEB
247,73,92,#533FEB
248,73,92,#563FEB
249,73,92,#593FEB
250,73,92,#5C3FEB
251,73,92,#5F3FEB
252,73,92,#623FEB
253,73,92,#643FEB
254,73,92,#673FEB
255,73,92,#6A3FEB
256,73,92,#6D3FEB
257,73,92,#703FEB
258,73,92,#733FEB
259,73,92,#763FEB
260,73,92,#783FEB
261,73,92,#7B3FEB
262,73,92,#7E3FEB
263,73,92,#813FEB
264,73,92,#843FEB
265,73,92,#873FEB
266,73,92,#8A3FEB
267,73,92,#8C3FEB
268,73,92,#8F3FEB
269,73,92,#923FEB
270,73,92,#953FEB
271,73,92,#983FEB
272,73,92,#9B3FEB
273,73,92,#9E3FEB
274,73,92,#A03FEB
275,73,92,#A33FEB
276,73,92,#A63FEB
277,73,92,#A93FEB
278,73,92,#AC3FEB
279,73,92,#AF3FEB
280,73,92,#B23FEB
281,73,92,#B43FEB
282,73,92,#B73FEB
283,73,92,#BA3FEB
284,73,92,#BD3FEB
285,73,92,#C03FEB
286,73,92,#C33FEB
287,73,92,#C53FEB
288,73,92,#C83FEB
289,73,92,#CB3FEB
290,73,92,#CE3FEB
291,73,92,#D13FEB
292,73,92,#D43FEB
293,73,92,#D73FEB
294,73,92,#D93FEB
295,73,92,#DC3FEB
296,73,92,#DF3FEB
297,73,92,#E23FEB
298,73,92,#E53FEB
299,73,92,#E83FEB
300,73,92,#EB3FEB
301,73,92,#EB3FE8
302,73,92,#EB3FE5
303,73,92,#EB3FE2
304,73,92,#EB3FDF
305,73,92,#EB3FDC
306,73,92,#EB3FD9
307,73,92,#EB3FD7
308,73,92,#EB3FD4
309,73,92,#EB3FD1
310,73,92,#EB3FCE
311,73,92,#EB3FCB
312,73,92,#EB3FC8
313,73,92,#EB3FC5
314,73,92,#EB3FC3
315,73,92,#EB3FC0
316,73,92,#EB3FBD
317,73,92,#EB3FBA
318,73,92,#EB3FB7
319,73,92,#EB3FB4
320,73,92,#EB3FB2
321,73,92,#EB3FAF
322,73,92,#EB3FAC
323,73,92,#EB3FA9
324,73,92,#EB3FA6
325,73,92,#EB3FA3
326,73,92,#EB3FA0
327,73,92,#EB3F9E
328,73,92,#EB3F9B
329,73,92,#EB3F98
330,73,92,#EB3F95
331,73,92,#EB3F92
332,73,92,#EB3F8F
333,73,92,#EB3F8C
334,73,92,#EB3F8A
335,73,92,#EB3F87
336,73,92,#EB3F84
337,73,92,#EB3F81
338,73,92,#EB3F7E
339,73,92,#EB3F7B
340,73,92,#EB3F78
341,73,92,#EB3F76
342,73,92,#EB3F73
343,73,92,#EB3F70
344,73,92,#EB3F6D
345,73,92,#EB3F6A
346,73,92,#EB3F67
347,73,92,#EB3F64
348,73,92,#EB3F62
349,73,92,#EB3F5F
350,73,92,#EB3F5C
351,73,92,#EB3F59
352,73,92,#EB3F56
353,73,92,#EB3F53
354,73,92,#EB3F50
355,73,92,#EB3F4E
356,73,92,#EB3F4B
357,73,92,#EB3F48
358,73,92,#EB3F45
359,73,92,#EB3F42
0,72,92,#EB4242
1,72,92,#EB4542
2,72,92,#EB4742
3,72,92,#EB4A42
4,72,92,#EB4D42
5,72,92,#EB5042
6,72,92,#EB5342
7,72,92,#EB5542
8,72,92,#EB5842
9,72,92,#EB5B42
10,72,92,#EB5E42
11,72,92,#EB6142
12,72,92,#EB6342
13,72,92,#EB6642
14,72,92,#EB6942
15,72,92,#EB6C42
16,72,92,#EB6F42
17,72,92,#EB7242
18,72,92,#EB7442
19,72,92,#EB7742
20,72,92,#EB7A42
21,72,92,#EB7D42
22,72,92,#EB8042
23,72,92,#EB8242
24,72,92,#EB8542
25,72,92,#EB8842
26,72,92,#EB8B42
27,72,92,#EB8E42
28,72,92,#EB9142
29,72,92,#EB9342
30,72,92,#EB9642
31,72,92,#EB9942
32,72,92,#EB9C42
33,72,92,#EB9F42
34,72,92,#EBA142
35,72,92,#EBA442
36,72,92,#EBA742
37,72,92,#EBAA42
38,72,92,#EBAD42
39,72,92,#EBAF42
40,72,92,#EBB242
41,72,92,#EBB542
42,72,92,#EBB842
43,72,92,#EBBB42
44,72,92,#EBBE42
45,72,92,#EBC042
46,72,92,#EBC342
47,72,92,#EBC642
48,72,92,#EBC942
49,72,92,#EBCC42
50,72,92,#EBCE42
51,72,92,#EBD142
52,72,92,#EBD442
53,72,92,#EBD742
54,72,92,#EBDA42
55,72,92,#EBDD42
56,72,92,#EBDF42
57,72,92,#EBE242
58,72,92,#EBE542
59,72,92,#EBE842
60,72,92,#EBEB42
61,72,92,#E8EB42
62,72,92,#E5EB42
63,72,92,#E2EB42
64,72,92,#DFEB42
65,72,92,#DDEB42
66,72,92,#DAEB42
67,72,92,#D7EB42
68,72,92,#D4EB42
69,72,92,#D1EB42
70,72,92,#CEEB42
71,72,92,#CCEB42
72,72,92,#C9EB42
73,72,92,#C6EB42
74,72,92,#C3EB42
75,72,92,#C0EB42
76,72,92,#BEEB42
77,72,92,#BBEB42
78,72,92,#B8EB42
79,72,92,#B5EB42
80,72,92,#B2EB42
81,72,92,#AFEB42
82,72,92,#ADEB42
83,72,92,#AAEB42
84,72,92,#A7EB42
85,72,92,#A4EB42
86,72,92,#A1EB42
87,72,92,#9FEB42
88,72,92,#9CEB42
89,72,92,#99EB42
90,72,92,#96EB42
91,72,92,#93EB42
92,72,92,#91EB42
93,72,92,#8EEB42
94,72,92,#8BEB42
95,72,92,#88EB42
96,72,92,#85EB42
97,72,92,#82EB42
98,72,92,#80EB42
99,72,92,#7DEB42
100,72,92,#7AEB42
101,72,92,#77EB42
102,72,92,#74EB42
103,72,92,#72EB42
104,72,92,#6FEB42
105,72,92,#6CEB42
106,72,92,#69EB42
107,72,92,#66EB42
108,72,92,#63EB42
109,72,92,#61EB42
110,72,92,#5EEB42
111,72,92,#5BEB42
112,72,92,#58EB42
113,72,92,#55EB42
114,72,92,#53EB42
115,72,92,#50EB42
116,72,92,#4DEB42
117,72,92,#4AEB42
118,72,92,#47EB42
119,72,92,#45EB42
120,72,92,#42EB42
121,72,92,#42EB45
122,72,92,#42EB47
123,72,92,#42EB4A
124,72,92,#42EB4D
125,72,92,#42EB50
126,72,92,#42EB53
127,72,92,#42EB55
128,72,92,#42EB58
129,72,92,#42EB5B
130,72,92,#42EB5E
131,72,92,#42EB61
132,72,92,#42EB63
133,72,92,#42EB66
134,72,92,#42EB69
135,72,92,#42EB6C
136,72,92,#42EB6F
137,72,92,#42EB72
138,72,92,#42EB74
139,72,92,#42EB77
140,72,92,#42EB7A
141,72,92,#42EB7D
142,72,92,#42EB80
143,72,92,#42EB82
144,72,92,#42EB85
145,72,92,#42EB88
146,72,92,#42EB8B
147,72,92,#42EB8E
148,72,92,#42EB91
149,72,92,#42EB93
150,72,92,#42EB96
151,72,92,#42EB99
152,72,92,#42EB9C
153,72,92,#42EB9F
154,72,92,#42EBA1
155,72,92,#42EBA4
156,72,92,#42EBA7
157,72,92,#42EBAA
158,72,92,#42EBAD
159,72,92,#42EBAF
160,72,92,#42EBB2
161,72,92,#42EBB5
162,72,92,#42EBB8
163,72,92,#42EBBB
164,72,92,#42EBBE
165,72,92,#42EBC0
166,72,92,#42EBC3
167,72,92,#42EBC6
168,72,92,#42EBC9
169,72,92,#42EBCC
170,72,92,#42EBCE
171,72,92,#42EBD1
172,72,92,#42EBD4
173,72,92,#42EBD7
174,72,92,#42EBDA
175,72,92,#42EBDD
176,72,92,#42EBDF
177,72,92,#42EBE2
178,72,92,#42EBE5
179,72,92,#42EBE8
180,72,92,#42EBEB
181,72,92,#42E8EB
182,72,92,#42E5EB
183,72,92,#42E2EB
184,72,92,#42DFEB
185,72,92,#42DDEB
186,72,92,#42DAEB
187,72,92,#42D7EB
188,72,92,#42D4EB
189,72,92,#42D1EB
190,72,92,#42CEEB
191,72,92,#42CCEB
192,72,92,#42C9EB
193,72,92,#42C6EB
194,72,92,#42C3EB
195,72,92,#42C0EB
196,72,92,#42BEEB
197,72,92,#42BBEB
198,72,92,#42B8EB
199,72,92,#42B5EB
200,72,92,#42B2EB
201,72,92,#42AFEB
202,72,92,#42ADEB
203,72,92,#42AAEB
204,72,92,#42A7EB
205,72,92,#42A4EB
206,72,92,#42A1EB
207,72,92,#429FEB
208,72,92,#429CEB
209,72,92,#4299EB
210,72,92,#4296EB
211,72,92,#4293EB
212,72,92,#4291EB
213,72,92,#428EEB
214,72,92,#428BEB
215,72,92,#4288EB
216,72,92,#4285EB
217,72,92,#4282EB
218,72,92,#4280EB
219,72,92,#427DEB
220,72,92,#427AEB
221,72,92,#4277EB
222,72,92,#4274EB
223,72,92,#4272EB
224,72,92,#426FEB
225,72,92,#426CEB
226,72,92,#4269EB
227,72,92,#4266EB
228,72,92,#4263EB
229,72,92,#4261EB
230,72,92,#425EEB
231,72,92,#425BEB
232,72,92,#4258EB
233,72,92,#4255EB
234,72,92,#4253EB
235,72,92,#4250EB
236,72,92,#424DEB
237,72,92,#424AEB
238,72,92,#4247EB
239,72,92,#4245EB
240,72,92,#4242EB
241,72,92,#4542EB
242,72,92,#4742EB
243,72,92,#4A42EB
244,72,92,#4D42EB
245,72,92,#5042EB
246,72,92,#5342EB
247,72,92,#5542EB
248,72,92,#5842EB
249,72,92,#5B42EB
250,72,92,#5E42EB
251,72,92,#6142EB
252,72,92,#6342EB
253,72,92,#6642EB
254,72,92,#6942EB
255,72,92,#6C42EB
256,72,92,#6F42EB
257,72,92,#7242EB
258,72,92,#7442EB
259,72,92,#7742EB
260,72,92,#7A42EB
261,72,92,#7D42EB
262,72,92,#8042EB
263,72,92,#8242EB
264,72,92,#8542EB
265,72,92,#8842EB
266,72,92,#8B42EB
267,72,92,#8E42EB
268,72,92,#9142EB
269,72,92,#9342EB
270,72,92,#9642EB
271,72,92,#9942EB
272,72,92,#9C42EB
273,72,92,#9F42EB
274,72,92,#A142EB
275,72,92,#A442EB
276,72,92,#A742EB
277,72,92,#AA42EB
278,72,92,#AD42EB
279,72,92,#AF42EB
280,72,92,#B242EB
281,72,92,#B542EB
282,72,92,#B842EB
283,72,92,#BB42EB
284,72,92,#BE42EB
285,72,92,#C042EB
286,72,92,#C342EB
287,72,92,#C642EB
288,72,92,#C942EB
289,72,92,#CC42EB
290,72,92,#CE42EB
291,72,92,#D142EB
292,72,92,#D442EB
293,72,92,#D742EB
294,72,92,#DA42EB
295,72,92,#DD42EB
296,72,92,#DF42EB
297,72,92,#E242EB
298,72,92,#E542EB
299,72,92,#E842EB
300,72,92,#EB42EB
301,72,92,#EB42E8
302,72,92,#EB42E5
303,72,92,#EB42E2
304,72,92,#EB42DF
305,72,92,#EB42DD
306,72,92,#EB42DA
307,72,92,#EB42D7
308,72,92,#EB42D4
309,72,92,#EB42D1
310,72,92,#EB42CE
311,72,92,#EB42CC
312,72,92,#EB42C9
313,72,92,#EB42C6
314,72,92,#EB42C3
315,72,92,#EB42C0
316,72,92,#EB42BE
317,72,92,#EB42BB
318,72,92,#EB42B8
319,72,92,#EB42B5
320,72,92,#EB42B2
321,72,92,#EB42AF
322,72,92,#EB42AD
323,72,92,#EB42AA
324,72,92,#EB42A7
325,72,92,#EB42A4
326,72,92,#EB42A1
327,72,92,#EB429F
328,72,92,#EB429C
329,72,92,#EB4299
330,72,92,#EB4296
331,72,92,#EB4293
332,72,92,#EB4291
333,72,92,#EB428E
334,72,92,#EB428B
335,72,92,#EB4288
336,72,92,#EB4285
337,72,92,#EB4282
338,72,92,#EB4280
339,72,92,#EB427D
340,72,92,#EB427A
341,72,92,#EB4277
342,72,92,#EB4274
343,72,92,#EB4272
344,72,92,#EB426F
345,72,92,#EB426C
346,72,92,#EB4269
347,72,92,#EB4266
348,72,92,#EB4263
349,72,92,#EB4261
350,72,92,#EB425E
351,72,92,#EB425B
352,72,92,#EB4258
353,72,92,#EB4255
354,72,92,#EB4253
355,72,92,#EB4250
356,72,92,#EB424D
357,72,92,#EB424A
358,72,92,#EB4247
359,72,92,#EB4245
0,71,92,#EB4444
1,71,92,#EB4744
2,71,92,#EB4A44
3,71,92,#EB4C44
4,71,92,#EB4F44
5,71,92,#EB5244
6,71,92,#EB5544
7,71,92,#EB5744
8,71,92,#EB5A44
9,71,92,#EB5D44
10,71,92,#EB6044
11,71,92,#EB6344
12,71,92,#EB6544
13,71,92,#EB6844
14,71,92,#EB6B44
15,71,92,#EB6E44
16,71,92,#EB7044
17,71,92,#EB7344
18,71,92,#EB7644
19,71,92,#EB7944
20,71,92,#EB7C44
21,71,92,#EB7E44
22,71,92,#EB8144
23,71,92,#EB8444
24,71,92,#EB8744
25,71,92,#EB8944
26,71,92,#EB8C44
27,71,92,#EB8F44
28,71,92,#EB9244
29,71,92,#EB9544
30,71,92,#EB9744
31,71,92,#EB9A44
32,71,92,#EB9D44
33,71,92,#EBA044
34,71,92,#EBA244
35,71,92,#EBA544
36,71,92,#EBA844
37,71,92,#EBAB44
38,71,92,#EBAE44
39,71,92,#EBB044
40,71,92,#EBB344
41,71,92,#EBB644
42,71,92,#EBB944
43,71,92,#EBBB44
44,71,92,#EBBE44
45,71,92,#EBC144
46,71,92,#EBC444
47,71,92,#EBC744
48,71,92,#EBC944
49,71,92,#EBCC44
50,71,92,#EBCF44
51,71,92,#EBD244
52,71,92,#EBD444
53,71,92,#EBD744
54,71,92,#EBDA44
55,71,92,#EBDD44
56,71,92,#EBDF44
57,71,92,#EBE244
58,71,92,#EBE544
59,71,92,#EBE844
60,71,92,#EBEB44
61,71,92,#E8EB44
62,71,92,#E5EB44
63,71,92,#E2EB44
64,71,92,#DFEB44
65,71,92,#DDEB44
66,71,92,#DAEB44
67,71,92,#D7EB44
68,71,92,#D4EB44
69,71,92,#D2EB44
70,71,92,#CFEB44
71,71,92,#CCEB44
72,71,92,#C9EB44
73,71,92,#C7EB44
74,71,92,#C4EB44
75,71,92,#C1EB44
76,71,92,#BEEB44
77,71,92,#BBEB44
78,71,92,#B9EB44
79,71,92,#B6EB44
80,71,92,#B3EB44
81,71,92,#B0EB44
82,71,92,#AEEB44
83,71,92,#ABEB44
84,71,92,#A8EB44
85,71,92,#A5EB44
86,71,92,#A2EB44
87,71,92,#A0EB44
88,71,92,#9DEB44
89,71,92,#9AEB44
90,71,92,#97EB44
91,71,92,#95EB44
92,71,92,#92EB44
93,71,92,#8FEB44
94,71,92,#8CEB44
95,71,92,#89EB44
96,71,92,#87EB44
97,71,92,#84EB44
98,71,92,#81EB44
99,71,92,#7EEB44
100,71,92,#7CEB44
101,71,92,#79EB44
102,71,92,#76EB44
103,71,92,#73EB44
104,71,92,#70EB44
105,71,92,#6EEB44
106,71,92,#6BEB44
107,71,92,#68EB44
108,71,92,#65EB44
109,71,92,#63EB44
110,71,92,#60EB44
111,71,92,#5DEB44
112,71,92,#5AEB44
113,71,92,#57EB44
114,71,92,#55EB44
115,71,92,#52EB44
116,71,92,#4FEB44
117,71,92,#4CEB44
118,71,92,#4AEB44
119,71,92,#47EB44
120,71,92,#44EB44
121,71,92,#44EB47
122,71,92,#44EB4A
123,71,92,#44EB4C
124,71,92,#44EB4F
125,71,92,#44EB52
126,71,92,#44EB55
127,71,92,#44EB57
128,71,92,#44EB5A
129,71,92,#44EB5D
130,71,92,#44EB60
131,71,92,#44EB63
132,71,92,#44EB65
133,71,92,#44EB68
134,71,92,#44EB6B
135,71,92,#44EB6E
136,71,92,#44EB70
137,71,92,#44EB73
138,71,92,#44EB76
139,71,92,#44EB79
140,71,92,#44EB7C
141,71,92,#44EB7E
142,71,92,#44EB81
143,71,92,#44EB84
144,71,92,#44EB87
145,71,92,#44EB89
146,71,92,#44EB8C
147,71,92,#44EB8F
148,71,92,#44EB92
149,71,92,#44EB95
150,71,92,#44EB97
151,71,92,#44EB9A
152,71,92,#44EB9D
153,71,92,#44EBA0
154,71,92,#44EBA2
155,71,92,#44EBA5
156,71,92,#44EBA8
157,71,92,#44EBAB
158,71,92,#44EBAE
159,71,92,#44EBB0
160,71,92,#44EBB3
161,71,92,#44EBB6
162,71,92,#44EBB9
163,71,92,#44EBBB
164,71,92,#44EBBE
165,71,92,#44EBC1
166,71,92,#44EBC4
167,71,92,#44EBC7
168,71,92,#44EBC9
169,71,92,#44EBCC
170,71,92,#44EBCF
171,71,92,#44EBD2
172,71,92,#44EBD4
173,71,92,#44EBD7
174,71,92,#44EBDA
175,71,92,#44EBDD
176,71,92,#44EBDF
177,71,92,#44EBE2
178,71,92,#44EBE5
179,71,92,#44EBE8
180,71,92,#44EBEB
181,71,92,#44E8EB
182,71,92,#44E5EB
183,71,92,#44E2EB
184,71,92,#44DFEB
185,71,92,#44DDEB
186,71,92,#44DAEB
187,71,92,#44D7EB
188,71,92,#44D4EB
189,71,92,#44D2EB
190,71,92,#44CFEB
191,71,92,#44CCEB
192,71,92,#44C9EB
193,71,92,#44C7EB
194,71,92,#44C4EB
195,71,92,#44C1EB
196,71,92,#44BEEB
197,71,92,#44BBEB
198,71,92,#44B9EB
199,71,92,#44B6EB
200,71,92,#44B3EB
201,71,92,#44B0EB
202,71,92,#44AEEB
203,71,92,#44ABEB
204,71,92,#44A8EB
205,71,92,#44A5EB
206,71,92,#44A2EB
207,71,92,#44A0EB
208,71,92,#449DEB
209,71,92,#449AEB
210,71,92,#4497EB
211,71,92,#4495EB
212,71,92,#4492EB
213,71,92,#448FEB
214,71,92,#448CEB
215,71,92,#4489EB
216,71,92,#4487EB
217,71,92,#4484EB
218,71,92,#4481EB
219,71,92,#447EEB
220,71,92,#447CEB
221,71,92,#4479EB
222,71,92,#4476EB
223,71,92,#4473EB
224,71,92,#4470EB
225,71,92,#446EEB
226,71,92,#446BEB
227,71,92,#4468EB
228,71,92,#4465EB
229,71,92,#4463EB
230,71,92,#4460EB
231,71,92,#445DEB
232,71,92,#445AEB
233,71,92,#4457EB
234,71,92,#4455EB
235,71,92,#4452EB
236,71,92,#444FEB
237,71,92,#444CEB
238,71,92,#444AEB
239,71,92,#4447EB
240,71,92,#4444EB
241,71,92,#4744EB
242,71,92,#4A44EB
243,71,92,#4C44EB
244,71,92,#4F44EB
245,71,92,#5244EB
246,71,92,#5544EB
247,71,92,#5744EB
248,71,92,#5A44EB
249,71,92,#5D44EB
250,71,92,#6044EB
251,71,92,#6344EB
252,71,92,#6544EB
253,71,92,#6844EB
254,71,92,#6B44EB
255,71,92,#6E44EB
256,71,92,#7044EB
257,71,92,#7344EB
258,71,92,#7644EB
259,71,92,#7944EB
260,71,92,#7C44EB
261,71,92,#7E44EB
262,71,92,#8144EB
263,71,92,#8444EB
264,71,92,#8744EB
265,71,92,#8944EB
266,71,92,#8C44EB
267,71,92,#8F44EB
268,71,92,#9244EB
269,71,92,#9544EB
270,71,92,#9744EB
271,71,92,#9A44EB
272,71,92,#9D44EB
273,71,92,#A044EB
274,71,92,#A244EB
275,71,92,#A544EB
276,71,92,#A844EB
277,71,92,#AB44EB
278,71,92,#AE44EB
279,71,92,#B044EB
280,71,92,#B344EB
281,71,92,#B644EB
282,71,92,#B944EB
283,71,92,#BB44EB
284,71,92,#BE44EB
285,71,92,#C144EB
286,71,92,#C444EB
287,71,92,#C744EB
288,71,92,#C944EB
289,71,92,#CC44EB
290,71,92,#CF44EB
291,71,92,#D244EB
292,71,92,#D444EB
293,71,92,#D744EB
294,71,92,#DA44EB
295,71,92,#DD44EB
296,71,92,#DF44EB
297,71,92,#E244EB
298,71,92,#E544EB
299,71,92,#E844EB
300,71,92,#EB44EB
301,71,92,#EB44E8
302,71,92,#EB44E5
303,71,92,#EB44E2
304,71,92,#EB44DF
305,71,92,#EB44DD
306,71,92,#EB44DA
307,71,92,#EB44D7
308,71,92,#EB44D4
309,71,92,#EB44D2
310,71,92,#EB44CF
311,71,92,#EB44CC
312,71,92,#EB44C9
313,71,92,#EB44C7
314,71,92,#EB44C4
315,71,92,#EB44C1
316,71,92,#EB44BE
317,71,92,#EB44BB
318,71,92,#EB44B9
319,71,92,#EB44B6
320,71,92,#EB44B3
321,71,92,#EB44B0
322,71,92,#EB44AE
323,71,92,#EB44AB
324,71,92,#EB44A8
325,71,92,#EB44A5
326,71,92,#EB44A2
327,71,92,#EB44A0
328,71,92,#EB449D
329,71,92,#EB449A
330,71,92,#EB4497
331,71,92,#EB4495
332,71,92,#EB4492
333,71,92,#EB448F
334,71,92,#EB448C
335,71,92,#EB4489
336,71,92,#EB4487
337,71,92,#EB4484
338,71,92,#EB4481
339,71,92,#EB447E
340,71,92,#EB447C
341,71,92,#EB4479
342,71,92,#EB4476
343,71,92,#EB4473
344,71,92,#EB4470
345,71,92,#EB446E
346,71,92,#EB446B
347,71,92,#EB4468
348,71,92,#EB4465
349,71,92,#EB4463
350,71,92,#EB4460
351,71,92,#EB445D
352,71,92,#EB445A
353,71,92,#EB4457
354,71,92,#EB4455
355,71,92,#EB4452
356,71,92,#EB444F
357,71,92,#EB444C
358,71,92,#EB444A
359,71,92,#EB4447
0,70,92,#EB4646
1,70,92,#EB4946
2,70,92,#EB4C46
3,70,92,#EB4F46
4,70,92,#EB5146
5,70,92,#EB5446
6,70,92,#EB5746
7,70,92,#EB5A46
8,70,92,#EB5C46
9,70,92,#EB5F46
10,70,92,#EB6246
11,70,92,#EB6446
12,70,92,#EB6746
13,70,92,#EB6A46
14,70,92,#EB6D46
15,70,92,#EB6F46
16,70,92,#EB7246
17,70,92,#EB7546
18,70,92,#EB7846
19,70,92,#EB7A46
20,70,92,#EB7D46
21,70,92,#EB8046
22,70,92,#EB8346
23,70,92,#EB8546
24,70,92,#EB8846
25,70,92,#EB8B46
26,70,92,#EB8E46
27,70,92,#EB9046
28,70,92,#EB9346
29,70,92,#EB9646
30,70,92,#EB9846
31,70,92,#EB9B46
32,70,92,#EB9E46
33,70,92,#EBA146
34,70,92,#EBA346
35,70,92,#EBA646
36,70,92,#EBA946
37,70,92,#EBAC46
38,70,92,#EBAE46
39,70,92,#EBB146
40,70,92,#EBB446
41,70,92,#EBB746
42,70,92,#EBB946
43,70,92,#EBBC46
44,70,92,#EBBF46
45,70,92,#EBC246
46,70,92,#EBC446
47,70,92,#EBC746
48,70,92,#EBCA46
49,70,92,#EBCC46
50,70,92,#EBCF46
51,70,92,#EBD246
52,70,92,#EBD546
53,70,92,#EBD746
54,70,92,#EBDA46
55,70,92,#EBDD46
56,70,92,#EBE046
57,70,92,#EBE246
58,70,92,#EBE546
59,70,92,#EBE846
60,70,92,#EBEB46
61,70,92,#E8EB46
62,70,92,#E5EB46
63,70,92,#E2EB46
64,70,92,#E0EB46
65,70,92,#DDEB46
66,70,92,#DAEB46
67,70,92,#D7EB46
68,70,92,#D5EB46
69,70,92,#D2EB46
70,70,92,#CFEB46
71,70,92,#CCEB46
72,70,92,#CAEB46
73,70,92,#C7EB46
74,70,92,#C4EB46
75,70,92,#C2EB46
76,70,92,#BFEB46
77,70,92,#BCEB46
78,70,92,#B9EB46
79,70,92,#B7EB46
80,70,92,#B4EB46
81,70,92,#B1EB46
82,70,92,#AEEB46
83,70,92,#ACEB46
84,70,92,#A9EB46
85,70,92,#A6EB46
86,70,92,#A3EB46
87,70,92,#A1EB46
88,70,92,#9EEB46
89,70,92,#9BEB46
90,70,92,#98EB46
91,70,92,#96EB46
92,70,92,#93EB46
93,70,92,#90EB46
94,70,92,#8EEB46
95,70,92,#8BEB46
96,70,92,#88EB46
97,70,92,#85EB46
98,70,92,#83EB46
99,70,92,#80EB46
100,70,92,#7DEB46
101,70,92,#7AEB46
102,70,92,#78EB46
103,70,92,#75EB46
104,70,92,#72EB46
105,70,92,#6FEB46
106,70,92,#6DEB46
107,70,92,#6AEB46
108,70,92,#67EB46
109,70,92,#64EB46
110,70,92,#62EB46
111,70,92,#5FEB46
112,70,92,#5CEB46
113,70,92,#5AEB46
114,70,92,#57EB46
115,70,92,#54EB46
116,70,92,#51EB46
117,70,92,#4FEB46
118,70,92,#4CEB46
119,70,92,#49EB46
120,70,92,#46EB46
121,70,92,#46EB49
122,70,92,#46EB4C
123,70,92,#46EB4F
124,70,92,#46EB51
125,70,92,#46EB54
126,70,92,#46EB57
127,70,92,#46EB5A
128,70,92,#46EB5C
129,70,92,#46EB5F
130,70,92,#46EB62
131,70,92,#46EB64
132,70,92,#46EB67
133,70,92,#46EB6A
134,70,92,#46EB6D
135,70,92,#46EB6F
136,70,92,#46EB72
137,70,92,#46EB75
138,70,92,#46EB78
139,70,92,#46EB7A
140,70,92,#46EB7D
141,70,92,#46EB80
142,70,92,#46EB83
143,70,92,#46EB85
144,70,92,#46EB88
145,70,92,#46EB8B
146,70,92,#46EB8E
147,70,92,#46EB90
148,70,92,#46EB93
149,70,92,#46EB96
150,70,92,#46EB98
151,70,92,#46EB9B
152,70,92,#46EB9E
153,70,92,#46EBA1
154,70,92,#46EBA3
155,70,92,#46EBA6
156,70,92,#46EBA9
157,70,92,#46EBAC
158,70,92,#46EBAE
159,70,92,#46EBB1
160,70,92,#46EBB4
161,70,92,#46EBB7
162,70,92,#46EBB9
163,70,92,#46EBBC
164,70,92,#46EBBF
165,70,92,#46EBC2
166,70,92,#46EBC4
167,70,92,#46EBC7
168,70,92,#46EBCA
169,70,92,#46EBCC
170,70,92,#46EBCF
171,70,92,#46EBD2
172,70,92,#46EBD5
173,70,92,#46EBD7
174,70,92,#46EBDA
175,70,92,#46EBDD
176,70,92,#46EBE0
177,70,92,#46EBE2
178,70,92,#46EBE5
179,70,92,#46EBE8
180,70,92,#46EBEB
181,70,92,#46E8EB
182,70,92,#46E5EB
183,70,92,#46E2EB
184,70,92,#46E0EB
185,70,92,#46DDEB
186,70,92,#46DAEB
187,70,92,#46D7EB
188,70,92,#46D5EB
189,70,92,#46D2EB
190,70,92,#46CFEB
191,70,92,#46CCEB
192,70,92,#46CAEB
193,70,92,#46C7EB
194,70,92,#46C4EB
195,70,92,#46C2EB
196,70,92,#46BFEB
197,70,92,#46BCEB
198,70,92,#46B9EB
199,70,92,#46B7EB
200,70,92,#46B4EB
201,70,92,#46B1EB
202,70,92,#46AEEB
203,70,92,#46ACEB
204,70,92,#46A9EB
205,70,92,#46A6EB
206,70,92,#46A3EB
207,70,92,#46A1EB
208,70,92,#469EEB
209,70,92,#469BEB
210,70,92,#4698EB
211,70,92,#4696EB
212,70,92,#4693EB
213,70,92,#4690EB
214,70,92,#468EEB
215,70,92,#468BEB
216,70,92,#4688EB
217,70,92,#4685EB
218,70,92,#4683EB
219,70,92,#4680EB
220,70,92,#467DEB
221,70,92,#467AEB
222,70,92,#4678EB
223,70,92,#4675EB
224,70,92,#4672EB
225,70,92,#466FEB
226,70,92,#466DEB
227,70,92,#466AEB
228,70,92,#4667EB
229,70,92,#4664EB
230,70,92,#4662EB
231,70,92,#465FEB
232,70,92,#465CEB
233,70,92,#465AEB
234,70,92,#4657EB
235,70,92,#4654EB
236,70,92,#4651EB
237,70,92,#464FEB
238,70,92,#464CEB
239,70,92,#4649EB
240,70,92,#4646EB
241,70,92,#4946EB
242,70,92,#4C46EB
243,70,92,#4F46EB
244,70,92,#5146EB
245,70,92,#5446EB
246,70,92,#5746EB
247,70,92,#5A46EB
248,70,92,#5C46EB
249,70,92,#5F46EB
250,70,92,#6246EB
251,70,92,#6446EB
252,70,92,#6746EB
253,70,92,#6A46EB
254,70,92,#6D46EB
255,70,92,#6F46EB
256,70,92,#7246EB
257,70,92,#7546EB
258,70,92,#7846EB
259,70,92,#7A46EB
260,70,92,#7D46EB
261,70,92,#8046EB
262,70,92,#8346EB
263,70,92,#8546EB
264,70,92,#8846EB
265,70,92,#8B46EB
266,70,92,#8E46EB
267,70,92,#9046EB
268,70,92,#9346EB
269,70,92,#9646EB
270,70,92,#9846EB
271,70,92,#9B46EB
272,70,92,#9E46EB
273,70,92,#A146EB
274,70,92,#A346EB
275,70,92,#A646EB
276,70,92,#A946EB
277,70,92,#AC46EB
278,70,92,#AE46EB
279,70,92,#B146EB
280,70,92,#B446EB
281,70,92,#B746EB
282,70,92,#B946EB
283,70,92,#BC46EB
284,70,92,#BF46EB
285,70,92,#C246EB
286,70,92,#C446EB
287,70,92,#C746EB
288,70,92,#CA46EB
289,70,92,#CC46EB
290,70,92,#CF46EB
291,70,92,#D246EB
292,70,92,#D546EB
293,70,92,#D746EB
294,70,92,#DA46EB
295,70,92,#DD46EB
296,70,92,#E046EB
297,70,92,#E246EB
298,70,92,#E546EB
299,70,92,#E846EB
300,70,92,#EB46EB
301,70,92,#EB46E8
302,70,92,#EB46E5
303,70,92,#EB46E2
304,70,92,#EB46E0
305,70,92,#EB46DD
306,70,92,#EB46DA
307,70,92,#EB46D7
308,70,92,#EB46D5
309,70,92,#EB46D2
310,70,92,#EB46CF
311,70,92,#EB46CC
312,70,92,#EB46CA
313,70,92,#EB46C7
314,70,92,#EB46C4
315,70,92,#EB46C2
316,70,92,#EB46BF
317,70,92,#EB46BC
318,70,92,#EB46B9
319,70,92,#EB46B7
320,70,92,#EB46B4
321,70,92,#EB46B1
322,70,92,#EB46AE
323,70,92,#EB46AC
324,70,92,#EB46A9
325,70,92,#EB46A6
326,70,92,#EB46A3
327,70,92,#EB46A1
328,70,92,#EB469E
329,70,92,#EB469B
330,70,92,#EB4698
331,70,92,#EB4696
332,70,92,#EB4693
333,70,92,#EB4690
334,70,92,#EB468E
335,70,92,#EB468B
336,70,92,#EB4688
337,70,92,#EB4685
338,70,92,#EB4683
339,70,92,#EB4680
340,70,92,#EB467D
341,70,92,#EB467A
342,70,92,#EB4678
343,70,92,#EB4675
344,70,92,#EB4672
345,70,92,#EB466F
346,70,92,#EB466D
347,70,92,#EB466A
348,70,92,#EB4667
349,70,92,#EB4664
350,70,92,#EB4662
351,70,92,#EB465F
352,70,92,#EB465C
353,70,92,#EB465A
354,70,92,#EB4657
355,70,92,#EB4654
356,70,92,#EB4651
357,70,92,#EB464F
358,70,92,#EB464C
359,70,92,#EB4649
0,69,92,#EB4949
1,69,92,#EB4B49
2,69,92,#EB4E49
3,69,92,#EB5149
4,69,92,#EB5449
5,69,92,#EB5649
6,69,92,#EB5949
7,69,92,#EB5C49
8,69,92,#EB5E49
9,69,92,#EB6149
10,69,92,#EB6449
11,69,92,#EB6649
12,69,92,#EB6949
13,69,92,#EB6C49
14,69,92,#EB6E49
15,69,92,#EB7149
16,69,92,#EB7449
17,69,92,#EB7749
18,69,92,#EB7949
19,69,92,#EB7C49
20,69,92,#EB7F49
21,69,92,#EB8149
22,69,92,#EB8449
23,69,92,#EB8749
24,69,92,#EB8949
25,69,92,#EB8C49
26,69,92,#EB8F49
27,69,92,#EB9249
28,69,92,#EB9449
29,69,92,#EB9749
30,69,92,#EB9A49
31,69,92,#EB9C49
32,69,92,#EB9F49
33,69,92,#EBA249
34,69,92,#EBA449
35,69,92,#EBA749
36,69,92,#EBAA49
37,69,92,#EBAD49
38,69,92,#EBAF49
39,69,92,#EBB249
40,69,92,#EBB549
41,69,92,#EBB749
42,69,92,#EBBA49
43,69,92,#EBBD49
44,69,92,#EBBF49
45,69,92,#EBC249
46,69,92,#EBC549
47,69,92,#EBC849
48,69,92,#EBCA49
49,69,92,#EBCD49
50,69,92,#EBD049
51,69,92,#EBD249
52,69,92,#EBD549
53,69,92,#EBD849
54,69,92,#EBDA49
55,69,92,#EBDD49
56,69,92,#EBE049
57,69,92,#EBE349
58,69,92,#EBE549
59,69,92,#EBE849
60,69,92,#EBEB49
61,69,92,#E8EB49
62,69,92,#E5EB49
63,69,92,#E3EB49
64,69,92,#E0EB49
65,69,92,#DDEB49
66,69,92,#DAEB49
67,69,92,#D8EB49
68,69,92,#D5EB49
69,69,92,#D2EB49
70,69,92,#D0EB49
71,69,92,#CDEB49
72,69,92,#CAEB49
73,69,92,#C8EB49
74,69,92,#C5EB49
75,69,92,#C2EB49
76,69,92,#BFEB49
77,69,92,#BDEB49
78,69,92,#BAEB49
79,69,92,#B7EB49
80,69,92,#B5EB49
81,69,92,#B2EB49
82,69,92,#AFEB49
83,69,92,#ADEB49
84,69,92,#AAEB49
85,69,92,#A7EB49
86,69,92,#A4EB49
87,69,92,#A2EB49
88,69,92,#9FEB49
89,69,92,#9CEB49
90,69,92,#9AEB49
91,69,92,#97EB49
92,69,92,#94EB49
93,69,92,#92EB49
94,69,92,#8FEB49
95,69,92,#8CEB49
96,69,92,#89EB49
97,69,92,#87EB49
98,69,92,#84EB49
99,69,92,#81EB49
100,69,92,#7FEB49
101,69,92,#7CEB49
102,69,92,#79EB49
103,69,92,#77EB49
104,69,92,#74EB49
105,69,92,#71EB49
106,69,92,#6EEB49
107,69,92,#6CEB49
108,69,92,#69EB49
109,69,92,#66EB49
110,69,92,#64EB49
111,69,92,#61EB49
112,69,92,#5EEB49
113,69,92,#5CEB49
114,69,92,#59EB49
115,69,92,#56EB49
116,69,92,#54EB49
117,69,92,#51EB49
118,69,92,#4EEB49
119,69,92,#4BEB49
120,69,92,#49EB49
121,69,92,#49EB4B
122,69,92,#49EB4E
123,69,92,#49EB51
124,69,92,#49EB54
125,69,92,#49EB56
126,69,92,#49EB59
127,69,92,#49EB5C
128,69,92,#49EB5E
129,69,92,#49EB61
130,69,92,#49EB64
131,69,92,#49EB66
132,69,92,#49EB69
133,69,92,#49EB6C
134,69,92,#49EB6E
135,69,92,#49EB71
136,69,92,#49EB74
137,69,92,#49EB77
138,69,92,#49EB79
139,69,92,#49EB7C
140,69,92,#49EB7F
141,69,92,#49EB81
142,69,92,#49EB84
143,69,92,#49EB87
144,69,92,#49EB89
145,69,92,#49EB8C
146,69,92,#49EB8F
147,69,92,#49EB92
148,69,92,#49EB94
149,69,92,#49EB97
150,69,92,#49EB9A
151,69,92,#49EB9C
152,69,92,#49EB9F
153,69,92,#49EBA2
154,69,92,#49EBA4
155,69,92,#49EBA7
156,69,92,#49EBAA
157,69,92,#49EBAD
158,69,92,#49EBAF
159,69,92,#49EBB2
160,69,92,#49EBB5
161,69,92,#49EBB7
162,69,92,#49EBBA
163,69,92,#49EBBD
164,69,92,#49EBBF
165,69,92,#49EBC2
166,69,92,#49EBC5
167,69,92,#49EBC8
168,69,92,#49EBCA
169,69,92,#49EBCD
170,69,92,#49EBD0
171,69,92,#49EBD2
172,69,92,#49EBD5
173,69,92,#49EBD8
174,69,92,#49EBDA
175,69,92,#49EBDD
176,69,92,#49EBE0
177,69,92,#49EBE3
178,69,92,#49EBE5
179,69,92,#49EBE8
180,69,92,#49EBEB
181,69,92,#49E8EB
182,69,92,#49E5EB
183,69,92,#49E3EB
184,69,92,#49E0EB
185,69,92,#49DDEB
186,69,92,#49DAEB
187,69,92,#49D8EB
188,69,92,#49D5EB
189,69,92,#49D2EB
190,69,92,#49D0EB
191,69,92,#49CDEB
192,69,92,#49CAEB
193,69,92,#49C8EB
194,69,92,#49C5EB
195,69,92,#49C2EB
196,69,92,#49BFEB
197,69,92,#49BDEB
198,69,92,#49BAEB
199,69,92,#49B7EB
200,69,92,#49B5EB
201,69,92,#49B2EB
202,69,92,#49AFEB
203,69,92,#49ADEB
204,69,92,#49AAEB
205,69,92,#49A7EB
206,69,92,#49A4EB
207,69,92,#49A2EB
208,69,92,#499FEB
209,69,92,#499CEB
210,69,92,#499AEB
211,69,92,#4997EB
212,69,92,#4994EB
213,69,92,#4992EB
214,69,92,#498FEB
215,69,92,#498CEB
216,69,92,#4989EB
217,69,92,#4987EB
218,69,92,#4984EB
219,69,92,#4981EB
220,69,92,#497FEB
221,69,92,#497CEB
222,69,92,#4979EB
223,69,92,#4977EB
224,69,92,#4974EB
225,69,92,#4971EB
226,69,92,#496EEB
227,69,92,#496CEB
228,69,92,#4969EB
229,69,92,#4966EB
230,69,92,#4964EB
231,69,92,#4961EB
232,69,92,#495EEB
233,69,92,#495CEB
234,69,92,#4959EB
235,69,92,#4956EB
236,69,92,#4954EB
237,69,92,#4951EB
238,69,92,#494EEB
239,69,92,#494BEB
240,69,92,#4949EB
241,69,92,#4B49EB
242,69,92,#4E49EB
243,69,92,#5149EB
244,69,92,#5449EB
245,69,92,#5649EB
246,69,92,#5949EB
247,69,92,#5C49EB
248,69,92,#5E49EB
249,69,92,#6149EB
250,69,92,#6449EB
251,69,92,#6649EB
252,69,92,#6949EB
253,69,92,#6C49EB
254,69,92,#6E49EB
255,69,92,#7149EB
256,69,92,#7449EB
257,69,92,#7749EB
258,69,92,#7949EB
259,69,92,#7C49EB
260,69,92,#7F49EB
261,69,92,#8149EB
262,69,92,#8449EB
263,69,92,#8749EB
264,69,92,#8949EB
265,69,92,#8C49EB
266,69,92,#8F49EB
267,69,92,#9249EB
268,69,92,#9449EB
269,69,92,#9749EB
270,69,92,#9A49EB
271,69,92,#9C49EB
272,69,92,#9F49EB
273,69,92,#A249EB
274,69,92,#A449EB
275,69,92,#A749EB
276,69,92,#AA49EB
277,69,92,#AD49EB
278,69,92,#AF49EB
279,69,92,#B249EB
280,69,92,#B549EB
281,69,92,#B749EB
282,69,92,#BA49EB
283,69,92,#BD49EB
284,69,92,#BF49EB
285,69,92,#C249EB
286,69,92,#C549EB
287,69,92,#C849EB
288,69,92,#CA49EB
289,69,92,#CD49EB
290,69,92,#D049EB
291,69,92,#D249EB
292,69,92,#D549EB
293,69,92,#D849EB
294,69,92,#DA49EB
295,69,92,#DD49EB
296,69,92,#E049EB
297,69,92,#E349EB
298,69,92,#E549EB
299,69,92,#E849EB
300,69,92,#EB49EB
301,69,92,#EB49E8
302,69,92,#EB49E5
303,69,92,#EB49E3
304,69,92,#EB49E0
305,69,92,#EB49DD
306,69,92,#EB49DA
307,69,92,#EB49D8
308,69,92,#EB49D5
309,69,92,#EB49D2
310,69,92,#EB49D0
311,69,92,#EB49CD
312,69,92,#EB49CA
313,69,92,#EB49C8
314,69,92,#EB49C5
315,69,92,#EB49C2
316,69,92,#EB49BF
317,69,92,#EB49BD
318,69,92,#EB49BA
319,69,92,#EB49B7
320,69,92,#EB49B5
321,69,92,#EB49B2
322,69,92,#EB49AF
323,69,92,#EB49AD
324,69,92,#EB49AA
325,69,92,#EB49A7
326,69,92,#EB49A4
327,69,92,#EB49A2
328,69,92,#EB499F
329,69,92,#EB499C
330,69,92,#EB499A
331,69,92,#EB4997
332,69,92,#EB4994
333,69,92,#EB4992
334,69,92,#EB498F
335,69,92,#EB498C
336,69,92,#EB4989
337,69,92,#EB4987
338,69,92,#EB4984
339,69,92,#EB4981
340,69,92,#EB497F
341,69,92,#EB497C
342,69,92,#EB4979
343,69,92,#EB4977
344,69,92,#EB4974
345,69,92,#EB4971
346,69,92,#EB496E
347,69,92,#EB496C
348,69,92,#EB4969
349,69,92,#EB4966
350,69,92,#EB4964
351,69,92,#EB4961
352,69,92,#EB495E
353,69,92,#EB495C
354,69,92,#EB4959
355,69,92,#EB4956
356,69,92,#EB4954
357,69,92,#EB4951
358,69,92,#EB494E
359,69,92,#EB494B
0,68,92,#EB4B4B
1,68,92,#EB4E4B
2,68,92,#EB504B
3,68,92,#EB534B
4,68,92,#EB564B
5,68,92,#EB584B
6,68,92,#EB5B4B
7,68,92,#EB5E4B
8,68,92,#EB604B
9,68,92,#EB634B
10,68,92,#EB664B
11,68,92,#EB684B
12,68,92,#EB6B4B
13,68,92,#EB6E4B
14,68,92,#EB704B
15,68,92,#EB734B
16,68,92,#EB764B
17,68,92,#EB784B
18,68,92,#EB7B4B
19,68,92,#EB7E4B
20,68,92,#EB804B
21,68,92,#EB834B
22,68,92,#EB864B
23,68,92,#EB884B
24,68,92,#EB8B4B
25,68,92,#EB8E4B
26,68,92,#EB904B
27,68,92,#EB934B
28,68,92,#EB964B
29,68,92,#EB984B
30,68,92,#EB9B4B
31,68,92,#EB9D4B
32,68,92,#EBA04B
33,68,92,#EBA34B
34,68,92,#EBA54B
35,68,92,#EBA84B
36,68,92,#EBAB4B
37,68,92,#EBAD4B
38,68,92,#EBB04B
39,68,92,#EBB34B
40,68,92,#EBB54B
41,68,92,#EBB84B
42,68,92,#EBBB4B
43,68,92,#EBBD4B
44,68,92,#EBC04B
45,68,92,#EBC34B
46,68,92,#EBC54B
47,68,92,#EBC84B
48,68,92,#EBCB4B
49,68,92,#EBCD4B
50,68,92,#EBD04B
51,68,92,#EBD34B
52,68,92,#EBD54B
53,68,92,#EBD84B
54,68,92,#EBDB4B
55,68,92,#EBDD4B
56,68,92,#EBE04B
57,68,92,#EBE34B
58,68,92,#EBE54B
59,68,92,#EBE84B
60,68,92,#EBEB4B
61,68,92,#E8EB4B
62,68,92,#E5EB4B
63,68,92,#E3EB4B
64,68,92,#E0EB4B
65,68,92,#DDEB4B
66,68,92,#DBEB4B
67,68,92,#D8EB4B
68,68,92,#D5EB4B
69,68,92,#D3EB4B
70,68,92,#D0EB4B
71,68,92,#CDEB4B
72,68,92,#CBEB4B
73,68,92,#C8EB4B
74,68,92,#C5EB4B
75,68,92,#C3EB4B
76,68,92,#C0EB4B
77,68,92,#BDEB4B
78,68,92,#BBEB4B
79,68,92,#B8EB4B
80,68,92,#B5EB4B
81,68,92,#B3EB4B
82,68,92,#B0EB4B
83,68,92,#ADEB4B
84,68,92,#ABEB4B
85,68,92,#A8EB4B
86,68,92,#A5EB4B
87,68,92,#A3EB4B
88,68,92,#A0EB4B
89,68,92,#9DEB4B
90,68,92,#9BEB4B
91,68,92,#98EB4B
92,68,92,#96EB4B
93,68,92,#93EB4B
94,68,92,#90EB4B
95,68,92,#8EEB4B
96,68,92,#8BEB4B
97,68,92,#88EB4B
98,68,92,#86EB4B
99,68,92,#83EB4B
100,68,92,#80EB4B
101,68,92,#7EEB4B
102,68,92,#7BEB4B
103,68,92,#78EB4B
104,68,92,#76EB4B
105,68,92,#73EB4B
106,68,92,#70EB4B
107,68,92,#6EEB4B
108,68,92,#6BEB4B
109,68,92,#68EB4B
110,68,92,#66EB4B
111,68,92,#63EB4B
112,68,92,#60EB4B
113,68,92,#5EEB4B
114,68,92,#5BEB4B
115,68,92,#58EB4B
116,68,92,#56EB4B
117,68,92,#53EB4B
118,68,92,#50EB4B
119,68,92,#4EEB4B
120,68,92,#4BEB4B
121,68,92,#4BEB4E
122,68,92,#4BEB50
123,68,92,#4BEB53
124,68,92,#4BEB56
125,68,92,#4BEB58
126,68,92,#4BEB5B
127,68,92,#4BEB5E
128,68,92,#4BEB60
129,68,92,#4BEB63
130,68,92,#4BEB66
131,68,92,#4BEB68
132,68,92,#4BEB6B
133,68,92,#4BEB6E
134,68,92,#4BEB70
135,68,92,#4BEB73
136,68,92,#4BEB76
137,68,92,#4BEB78
138,68,92,#4BEB7B
139,68,92,#4BEB7E
140,68,92,#4BEB80
141,68,92,#4BEB83
142,68,92,#4BEB86
143,68,92,#4BEB88
144,68,92,#4BEB8B
145,68,92,#4BEB8E
146,68,92,#4BEB90
147,68,92,#4BEB93
148,68,92,#4BEB96
149,68,92,#4BEB98
150,68,92,#4BEB9B
151,68,92,#4BEB9D
152,68,92,#4BEBA0
153,68,92,#4BEBA3
154,68,92,#4BEBA5
155,68,92,#4BEBA8
156,68,92,#4BEBAB
157,68,92,#4BEBAD
158,68,92,#4BEBB0
159,68,92,#4BEBB3
160,68,92,#4BEBB5
161,68,92,#4BEBB8
162,68,92,#4BEBBB
163,68,92,#4BEBBD
164,68,92,#4BEBC0
165,68,92,#4BEBC3
166,68,92,#4BEBC5
167,68,92,#4BEBC8
168,68,92,#4BEBCB
169,68,92,#4BEBCD
170,68,92,#4BEBD0
171,68,92,#4BEBD3
172,68,92,#4BEBD5
173,68,92,#4BEBD8
174,68,92,#4BEBDB
175,68,92,#4BEBDD
176,68,92,#4BEBE0
177,68,92,#4BEBE3
178,68,92,#4BEBE5
179,68,92,#4BEBE8
180,68,92,#4BEBEB
181,68,92,#4BE8EB
182,68,92,#4BE5EB
183,68,92,#4BE3EB
184,68,92,#4BE0EB
185,68,92,#4BDDEB
186,68,92,#4BDBEB
187,68,92,#4BD8EB
188,68,92,#4BD5EB
189,68,92,#4BD3EB
190,68,92,#4BD0EB
191,68,92,#4BCDEB
192,68,92,#4BCBEB
193,68,92,#4BC8EB
194,68,92,#4BC5EB
195,68,92,#4BC3EB
196,68,92,#4BC0EB
197,68,92,#4BBDEB
198,68,92,#4BBBEB
199,68,92,#4BB8EB
200,68,92,#4BB5EB
201,68,92,#4BB3EB
202,68,92,#4BB0EB
203,68,92,#4BADEB
204,68,92,#4BABEB
205,68,92,#4BA8EB
206,68,92,#4BA5EB
207,68,92,#4BA3EB
208,68,92,#4BA0EB
209,68,92,#4B9DEB
210,68,92,#4B9BEB
211,68,92,#4B98EB
212,68,92,#4B96EB
213,68,92,#4B93EB
214,68,92,#4B90EB
215,68,92,#4B8EEB
216,68,92,#4B8BEB
217,68,92,#4B88EB
218,68,92,#4B86EB
219,68,92,#4B83EB
220,68,92,#4B80EB
221,68,92,#4B7EEB
222,68,92,#4B7BEB
223,68,92,#4B78EB
224,68,92,#4B76EB
225,68,92,#4B73EB
226,68,92,#4B70EB
227,68,92,#4B6EEB
228,68,92,#4B6BEB
229,68,92,#4B68EB
230,68,92,#4B66EB
231,68,92,#4B63EB
232,68,92,#4B60EB
233,68,92,#4B5EEB
234,68,92,#4B5BEB
235,68,92,#4B58EB
236,68,92,#4B56EB
237,68,92,#4B53EB
238,68,92,#4B50EB
239,68,92,#4B4EEB
240,68,92,#4B4BEB
241,68,92,#4E4BEB
242,68,92,#504BEB
243,68,92,#534BEB
244,68,92,#564BEB
245,68,92,#584BEB
246,68,92,#5B4BEB
247,68,92,#5E4BEB
248,68,92,#604BEB
249,68,92,#634BEB
250,68,92,#664BEB
251,68,92,#684BEB
252,68,92,#6B4BEB
253,68,92,#6E4BEB
254,68,92,#704BEB
255,68,92,#734BEB
256,68,92,#764BEB
257,68,92,#784BEB
258,68,92,#7B4BEB
259,68,92,#7E4BEB
260,68,92,#804BEB
261,68,92,#834BEB
262,68,92,#864BEB
263,68,92,#884BEB
264,68,92,#8B4BEB
265,68,92,#8E4BEB
266,68,92,#904BEB
267,68,92,#934BEB
268,68,92,#964BEB
269,68,92,#984BEB
270,68,92,#9B4BEB
271,68,92,#9D4BEB
272,68,92,#A04BEB
273,68,92,#A34BEB
274,68,92,#A54BEB
275,68,92,#A84BEB
276,68,92,#AB4BEB
277,68,92,#AD4BEB
278,68,92,#B04BEB
279,68,92,#B34BEB
280,68,92,#B54BEB
281,68,92,#B84BEB
282,68,92,#BB4BEB
283,68,92,#BD4BEB
284,68,92,#C04BEB
285,68,92,#C34BEB
286,68,92,#C54BEB
287,68,92,#C84BEB
288,68,92,#CB4BEB
289,68,92,#CD4BEB
290,68,92,#D04BEB
291,68,92,#D34BEB
292,68,92,#D54BEB
293,68,92,#D84BEB
294,68,92,#DB4BEB
295,68,92,#DD4BEB
296,68,92,#E04BEB
297,68,92,#E34BEB
298,68,92,#E54BEB
299,68,92,#E84BEB
300,68,92,#EB4BEB
301,68,92,#EB4BE8
302,68,92,#EB4BE5
303,68,92,#EB4BE3
304,68,92,#EB4BE0
305,68,92,#EB4BDD
306,68,92,#EB4BDB
307,68,92,#EB4BD8
308,68,92,#EB4BD5
309,68,92,#EB4BD3
310,68,92,#EB4BD0
311,68,92,#EB4BCD
312,68,92,#EB4BCB
313,68,92,#EB4BC8
314,68,92,#EB4BC5
315,68,92,#EB4BC3
316,68,92,#EB4BC0
317,68,92,#EB4BBD
318,68,92,#EB4BBB
319,68,92,#EB4BB8
320,68,92,#EB4BB5
321,68,92,#EB4BB3
322,68,92,#EB4BB0
323,68,92,#EB4BAD
324,68,92,#EB4BAB
325,68,92,#EB4BA8
326,68,92,#EB4BA5
327,68,92,#EB4BA3
328,68,92,#EB4BA0
329,68,92,#EB4B9D
330,68,92,#EB4B9B
331,68,92,#EB4B98
332,68,92,#EB4B96
333,68,92,#EB4B93
334,68,92,#EB4B90
335,68,92,#EB4B8E
336,68,92,#EB4B8B
337,68,92,#EB4B88
338,68,92,#EB4B86
339,68,92,#EB4B83
340,68,92,#EB4B80
341,68,92,#EB4B7E
342,68,92,#EB4B7B
343,68,92,#EB4B78
344,68,92,#EB4B76
345,68,92,#EB4B73
346,68,92,#EB4B70
347,68,92,#EB4B6E
348,68,92,#EB4B6B
349,68,92,#EB4B68
350,68,92,#EB4B66
351,68,92,#EB4B63
352,68,92,#EB4B60
353,68,92,#EB4B5E
354,68,92,#EB4B5B
355,68,92,#EB4B58
356,68,92,#EB4B56
357,68,92,#EB4B53
358,68,92,#EB4B50
359,68,92,#EB4B4E
0,67,92,#EB4D4D
1,67,92,#EB504D
2,67,92,#EB534D
3,67,92,#EB554D
4,67,92,#EB584D
5,67,92,#EB5B4D
6,67,92,#EB5D4D
7,67,92,#EB604D
8,67,92,#EB624D
9,67,92,#EB654D
10,67,92,#EB684D
11,67,92,#EB6A4D
12,67,92,#EB6D4D
13,67,92,#EB6F4D
14,67,92,#EB724D
15,67,92,#EB754D
16,67,92,#EB774D
17,67,92,#EB7A4D
18,67,92,#EB7D4D
19,67,92,#EB7F4D
20,67,92,#EB824D
21,67,92,#EB844D
22,67,92,#EB874D
23,67,92,#EB8A4D
24,67,92,#EB8C4D
25,67,92,#EB8F4D
26,67,92,#EB924D
27,67,92,#EB944D
28,67,92,#EB974D
29,67,92,#EB994D
30,67,92,#EB9C4D
31,67,92,#EB9F4D
32,67,92,#EBA14D
33,67,92,#EBA44D
34,67,92,#EBA64D
35,67,92,#EBA94D
36,67,92,#EBAC4D
37,67,92,#EBAE4D
38,67,92,#EBB14D
39,67,92,#EBB44D
40,67,92,#EBB64D
41,67,92,#EBB94D
42,67,92,#EBBB4D
43,67,92,#EBBE4D
44,67,92,#EBC14D
45,67,92,#EBC34D
46,67,92,#EBC64D
47,67,92,#EBC94D
48,67,92,#EBCB4D
49,67,92,#EBCE4D
50,67,92,#EBD04D
51,67,92,#EBD34D
52,67,92,#EBD64D
53,67,92,#EBD84D
54,67,92,#EBDB4D
55,67,92,#EBDE4D
56,67,92,#EBE04D
57,67,92,#EBE34D
58,67,92,#EBE54D
59,67,92,#EBE84D
60,67,92,#EBEB4D
61,67,92,#E8EB4D
62,67,92,#E5EB4D
63,67,92,#E3EB4D
64,67,92,#E0EB4D
65,67,92,#DEEB4D
66,67,92,#DBEB4D
67,67,92,#D8EB4D
68,67,92,#D6EB4D
69,67,92,#D3EB4D
70,67,92,#D0EB4D
71,67,92,#CEEB4D
72,67,92,#CBEB4D
73,67,92,#C9EB4D
74,67,92,#C6EB4D
75,67,92,#C3EB4D
76,67,92,#C1EB4D
77,67,92,#BEEB4D
78,67,92,#BBEB4D
79,67,92,#B9EB4D
80,67,92,#B6EB4D
81,67,92,#B4EB4D
82,67,92,#B1EB4D
83,67,92,#AEEB4D
84,67,92,#ACEB4D
85,67,92,#A9EB4D
86,67,92,#A6EB4D
87,67,92,#A4EB4D
88,67,92,#A1EB4D
89,67,92,#9FEB4D
90,67,92,#9CEB4D
91,67,92,#99EB4D
92,67,92,#97EB4D
93,67,92,#94EB4D
94,67,92,#92EB4D
95,67,92,#8FEB4D
96,67,92,#8CEB4D
97,67,92,#8AEB4D
98,67,92,#87EB4D
99,67,92,#84EB4D
100,67,92,#82EB4D
101,67,92,#7FEB4D
102,67,92,#7DEB4D
103,67,92,#7AEB4D
104,67,92,#77EB4D
105,67,92,#75EB4D
106,67,92,#72EB4D
107,67,92,#6FEB4D
108,67,92,#6DEB4D
109,67,92,#6AEB4D
110,67,92,#68EB4D
111,67,92,#65EB4D
112,67,92,#62EB4D
113,67,92,#60EB4D
114,67,92,#5DEB4D
115,67,92,#5BEB4D
116,67,92,#58EB4D
117,67,92,#55EB4D
118,67,92,#53EB4D
119,67,92,#50EB4D
120,67,92,#4DEB4D
121,67,92,#4DEB50
122,67,92,#4DEB53
123,67,92,#4DEB55
124,67,92,#4DEB58
125,67,92,#4DEB5B
126,67,92,#4DEB5D
127,67,92,#4DEB60
128,67,92,#4DEB62
129,67,92,#4DEB65
130,67,92,#4DEB68
131,67,92,#4DEB6A
132,67,92,#4DEB6D
133,67,92,#4DEB6F
134,67,92,#4DEB72
135,67,92,#4DEB75
136,67,92,#4DEB77
137,67,92,#4DEB7A
138,67,92,#4DEB7D
139,67,92,#4DEB7F
140,67,92,#4DEB82
141,67,92,#4DEB84
142,67,92,#4DEB87
143,67,92,#4DEB8A
144,67,92,#4DEB8C
145,67,92,#4DEB8F
146,67,92,#4DEB92
147,67,92,#4DEB94
148,67,92,#4DEB97
149,67,92,#4DEB99
150,67,92,#4DEB9C
151,67,92,#4DEB9F
152,67,92,#4DEBA1
153,67,92,#4DEBA4
154,67,92,#4DEBA6
155,67,92,#4DEBA9
156,67,92,#4DEBAC
157,67,92,#4DEBAE
158,67,92,#4DEBB1
159,67,92,#4DEBB4
160,67,92,#4DEBB6
161,67,92,#4DEBB9
162,67,92,#4DEBBB
163,67,92,#4DEBBE
164,67,92,#4DEBC1
165,67,92,#4DEBC3
166,67,92,#4DEBC6
167,67,92,#4DEBC9
168,67,92,#4DEBCB
169,67,92,#4DEBCE
170,67,92,#4DEBD0
171,67,92,#4DEBD3
172,67,92,#4DEBD6
173,67,92,#4DEBD8
174,67,92,#4DEBDB
175,67,92,#4DEBDE
176,67,92,#4DEBE0
177,67,92,#4DEBE3
178,67,92,#4DEBE5
179,67,92,#4DEBE8
180,67,92,#4DEBEB
181,67,92,#4DE8EB
182,67,92,#4DE5EB
183,67,92,#4DE3EB
184,67,92,#4DE0EB
185,67,92,#4DDEEB
186,67,92,#4DDBEB
187,67,92,#4DD8EB
188,67,92,#4DD6EB
189,67,92,#4DD3EB
190,67,92,#4DD0EB
191,67,92,#4DCEEB
192,67,92,#4DCBEB
193,67,92,#4DC9EB
194,67,92,#4DC6EB
195,67,92,#4DC3EB
196,67,92,#4DC1EB
197,67,92,#4DBEEB
198,67,92,#4DBBEB
199,67,92,#4DB9EB
200,67,92,#4DB6EB
201,67,92,#4DB4EB
202,67,92,#4DB1EB
203,67,92,#4DAEEB
204,67,92,#4DACEB
205,67,92,#4DA9EB
206,67,92,#4DA6EB
207,67,92,#4DA4EB
208,67,92,#4DA1EB
209,67,92,#4D9FEB
210,67,92,#4D9CEB
211,67,92,#4D99EB
212,67,92,#4D97EB
213,67,92,#4D94EB
214,67,92,#4D92EB
215,67,92,#4D8FEB
216,67,92,#4D8CEB
217,67,92,#4D8AEB
218,67,92,#4D87EB
219,67,92,#4D84EB
220,67,92,#4D82EB
221,67,92,#4D7FEB
222,67,92,#4D7DEB
223,67,92,#4D7AEB
224,67,92,#4D77EB
225,67,92,#4D75EB
226,67,92,#4D72EB
227,67,92,#4D6FEB
228,67,92,#4D6DEB
229,67,92,#4D6AEB
230,67,92,#4D68EB
231,67,92,#4D65EB
232,67,92,#4D62EB
233,67,92,#4D60EB
234,67,92,#4D5DEB
235,67,92,#4D5BEB
236,67,92,#4D58EB
237,67,92,#4D55EB
238,67,92,#4D53EB
239,67,92,#4D50EB
240,67,92,#4D4DEB
241,67,92,#504DEB
242,67,92,#534DEB
243,67,92,#554DEB
244,67,92,#584DEB
245,67,92,#5B4DEB
246,67,92,#5D4DEB
247,67,92,#604DEB
248,67,92,#624DEB
249,67,92,#654DEB
250,67,92,#684DEB
251,67,92,#6A4DEB
252,67,92,#6D4DEB
253,67,92,#6F4DEB
254,67,92,#724DEB
255,67,92,#754DEB
256,67,92,#774DEB
257,67,92,#7A4DEB
258,67,92,#7D4DEB
259,67,92,#7F4DEB
260,67,92,#824DEB
261,67,92,#844DEB
262,67,92,#874DEB
263,67,92,#8A4DEB
264,67,92,#8C4DEB
265,67,92,#8F4DEB
266,67,92,#924DEB
267,67,92,#944DEB
268,67,92,#974DEB
269,67,92,#994DEB
270,67,92,#9C4DEB
271,67,92,#9F4DEB
272,67,92,#A14DEB
273,67,92,#A44DEB
274,67,92,#A64DEB
275,67,92,#A94DEB
276,67,92,#AC4DEB
277,67,92,#AE4DEB
278,67,92,#B14DEB
279,67,92,#B44DEB
280,67,92,#B64DEB
281,67,92,#B94DEB
282,67,92,#BB4DEB
283,67,92,#BE4DEB
284,67,92,#C14DEB
285,67,92,#C34DEB
286,67,92,#C64DEB
287,67,92,#C94DEB
288,67,92,#CB4DEB
289,67,92,#CE4DEB
290,67,92,#D04DEB
291,67,92,#D34DEB
292,67,92,#D64DEB
293,67,92,#D84DEB
294,67,92,#DB4DEB
295,67,92,#DE4DEB
296,67,92,#E04DEB
297,67,92,#E34DEB
298,67,92,#E54DEB
299,67,92,#E84DEB
300,67,92,#EB4DEB
301,67,92,#EB4DE8
302,67,92,#EB4DE5
303,67,92,#EB4DE3
304,67,92,#EB4DE0
305,67,92,#EB4DDE
306,67,92,#EB4DDB
307,67,92,#EB4DD8
308,67,92,#EB4DD6
309,67,92,#EB4DD3
310,67,92,#EB4DD0
311,67,92,#EB4DCE
312,67,92,#EB4DCB
313,67,92,#EB4DC9
314,67,92,#EB4DC6
315,67,92,#EB4DC3
316,67,92,#EB4DC1
317,67,92,#EB4DBE
318,67,92,#EB4DBB
319,67,92,#EB4DB9
320,67,92,#EB4DB6
321,67,92,#EB4DB4
322,67,92,#EB4DB1
323,67,92,#EB4DAE
324,67,92,#EB4DAC
325,67,92,#EB4DA9
326,67,92,#EB4DA6
327,67,92,#EB4DA4
328,67,92,#EB4DA1
329,67,92,#EB4D9F
330,67,92,#EB4D9C
331,67,92,#EB4D99
332,67,92,#EB4D97
333,67,92,#EB4D94
334,67,92,#EB4D92
335,67,92,#EB4D8F
336,67,92,#EB4D8C
337,67,92,#EB4D8A
338,67,92,#EB4D87
339,67,92,#EB4D84
340,67,92,#EB4D82
341,67,92,#EB4D7F
342,67,92,#EB4D7D
343,67,92,#EB4D7A
344,67,92,#EB4D77
345,67,92,#EB4D75
346,67,92,#EB4D72
347,67,92,#EB4D6F
348,67,92,#EB4D6D
349,67,92,#EB4D6A
350,67,92,#EB4D68
351,67,92,#EB4D65
352,67,92,#EB4D62
353,67,92,#EB4D60
354,67,92,#EB4D5D
355,67,92,#EB4D5B
356,67,92,#EB4D58
357,67,92,#EB4D55
358,67,92,#EB4D53
359,67,92,#EB4D50
0,66,92,#EB5050
1,66,92,#EB5250
2,66,92,#EB5550
3,66,92,#EB5850
4,66,92,#EB5A50
5,66,92,#EB5D50
6,66,92,#EB5F50
7,66,92,#EB6250
8,66,92,#EB6450
9,66,92,#EB6750
10,66,92,#EB6A50
11,66,92,#EB6C50
12,66,92,#EB6F50
13,66,92,#EB7150
14,66,92,#EB7450
15,66,92,#EB7650
16,66,92,#EB7950
17,66,92,#EB7C50
18,66,92,#EB7E50
19,66,92,#EB8150
20,66,92,#EB8350
21,66,92,#EB8650
22,66,92,#EB8950
23,66,92,#EB8B50
24,66,92,#EB8E50
25,66,92,#EB9050
26,66,92,#EB9350
27,66,92,#EB9550
28,66,92,#EB9850
29,66,92,#EB9B50
30,66,92,#EB9D50
31,66,92,#EBA050
32,66,92,#EBA250
33,66,92,#EBA550
34,66,92,#EBA850
35,66,92,#EBAA50
36,66,92,#EBAD50
37,66,92,#EBAF50
38,66,92,#EBB250
39,66,92,#EBB450
40,66,92,#EBB750
41,66,92,#EBBA50
42,66,92,#EBBC50
43,66,92,#EBBF50
44,66,92,#EBC150
45,66,92,#EBC450
46,66,92,#EBC650
47,66,92,#EBC950
48,66,92,#EBCC50
49,66,92,#EBCE50
50,66,92,#EBD150
51,66,92,#EBD350
52,66,92,#EBD650
53,66,92,#EBD950
54,66,92,#EBDB50
55,66,92,#EBDE50
56,66,92,#EBE050
57,66,92,#EBE350
58,66,92,#EBE550
59,66,92,#EBE850
60,66,92,#EBEB50
61,66,92,#E8EB50
62,66,92,#E5EB50
63,66,92,#E3EB50
64,66,92,#E0EB50
65,66,92,#DEEB50
66,66,92,#DBEB50
67,66,92,#D9EB50
68,66,92,#D6EB50
69,66,92,#D3EB50
70,66,92,#D1EB50
71,66,92,#CEEB50
72,66,92,#CCEB50
73,66,92,#C9EB50
74,66,92,#C6EB50
75,66,92,#C4EB50
76,66,92,#C1EB50
77,66,92,#BFEB50
78,66,92,#BCEB50
79,66,92,#BAEB50
80,66,92,#B7EB50
81,66,92,#B4EB50
82,66,92,#B2EB50
83,66,92,#AFEB50
84,66,92,#ADEB50
85,66,92,#AAEB50
86,66,92,#A8EB50
87,66,92,#A5EB50
88,66,92,#A2EB50
89,66,92,#A0EB50
90,66,92,#9DEB50
91,66,92,#9BEB50
92,66,92,#98EB50
93,66,92,#95EB50
94,66,92,#93EB50
95,66,92,#90EB50
96,66,92,#8EEB50
97,66,92,#8BEB50
98,66,92,#89EB50
99,66,92,#86EB50
100,66,92,#83EB50
101,66,92,#81EB50
102,66,92,#7EEB50
103,66,92,#7CEB50
104,66,92,#79EB50
105,66,92,#76EB50
106,66,92,#74EB50
107,66,92,#71EB50
108,66,92,#6FEB50
109,66,92,#6CEB50
110,66,92,#6AEB50
111,66,92,#67EB50
112,66,92,#64EB50
113,66,92,#62EB50
114,66,92,#5FEB50
115,66,92,#5DEB50
116,66,92,#5AEB50
117,66,92,#58EB50
118,66,92,#55EB50
119,66,92,#52EB50
120,66,92,#50EB50
121,66,92,#50EB52
122,66,92,#50EB55
123,66,92,#50EB58
124,66,92,#50EB5A
125,66,92,#50EB5D
126,66,92,#50EB5F
127,66,92,#50EB62
128,66,92,#50EB64
129,66,92,#50EB67
130,66,92,#50EB6A
131,66,92,#50EB6C
132,66,92,#50EB6F
133,66,92,#50EB71
134,66,92,#50EB74
135,66,92,#50EB76
136,66,92,#50EB79
137,66,92,#50EB7C
138,66,92,#50EB7E
139,66,92,#50EB81
140,66,92,#50EB83
141,66,92,#50EB86
142,66,92,#50EB89
143,66,92,#50EB8B
144,66,92,#50EB8E
145,66,92,#50EB90
146,66,92,#50EB93
147,66,92,#50EB95
148,66,92,#50EB98
149,66,92,#50EB9B
150,66,92,#50EB9D
151,66,92,#50EBA0
152,66,92,#50EBA2
153,66,92,#50EBA5
154,66,92,#50EBA8
155,66,92,#50EBAA
156,66,92,#50EBAD
157,66,92,#50EBAF
158,66,92,#50EBB2
159,66,92,#50EBB4
160,66,92,#50EBB7
161,66,92,#50EBBA
162,66,92,#50EBBC
163,66,92,#50EBBF
164,66,92,#50EBC1
165,66,92,#50EBC4
166,66,92,#50EBC6
167,66,92,#50EBC9
168,66,92,#50EBCC
169,66,92,#50EBCE
170,66,92,#50EBD1
171,66,92,#50EBD3
172,66,92,#50EBD6
173,66,92,#50EBD9
174,66,92,#50EBDB
175,66,92,#50EBDE
176,66,92,#50EBE0
177,66,92,#50EBE3
178,66,92,#50EBE5
179,66,92,#50EBE8
180,66,92,#50EBEB
181,66,92,#50E8EB
182,66,92,#50E5EB
183,66,92,#50E3EB
184,66,92,#50E0EB
185,66,92,#50DEEB
186,66,92,#50DBEB
187,66,92,#50D9EB
188,66,92,#50D6EB
189,66,92,#50D3EB
190,66,92,#50D1EB
191,66,92,#50CEEB
192,66,92,#50CCEB
193,66,92,#50C9EB
194,66,92,#50C6EB
195,66,92,#50C4EB
196,66,92,#50C1EB
197,66,92,#50BFEB
198,66,92,#50BCEB
199,66,92,#50BAEB
200,66,92,#50B7EB
201,66,92,#50B4EB
202,66,92,#50B2EB
203,66,92,#50AFEB
204,66,92,#50ADEB
205,66,92,#50AAEB
206,66,92,#50A8EB
207,66,92,#50A5EB
208,66,92,#50A2EB
209,66,92,#50A0EB
210,66,92,#509DEB
211,66,92,#509BEB
212,66,92,#5098EB
213,66,92,#5095EB
214,66,92,#5093EB
215,66,92,#5090EB
216,66,92,#508EEB
217,66,92,#508BEB
218,66,92,#5089EB
219,66,92,#5086EB
220,66,92,#5083EB
221,66,92,#5081EB
222,66,92,#507EEB
223,66,92,#507CEB
224,66,92,#5079EB
225,66,92,#5076EB
226,66,92,#5074EB
227,66,92,#5071EB
228,66,92,#506FEB
229,66,92,#506CEB
230,66,92,#506AEB
231,66,92,#5067EB
232,66,92,#5064EB
233,66,92,#5062EB
234,66,92,#505FEB
235,66,92,#505DEB
236,66,92,#505AEB
237,66,92,#5058EB
238,66,92,#5055EB
239,66,92,#5052EB
240,66,92,#5050EB
241,66,92,#5250EB
242,66,92,#5550EB
243,66,92,#5850EB
244,66,92,#5A50EB
245,66,92,#5D50EB
246,66,92,#5F50EB
247,66,92,#6250EB
248,66,92,#6450EB
249,66,92,#6750EB
250,66,92,#6A50EB
251,66,92,#6C50EB
252,66,92,#6F50EB
253,66,92,#7150EB
254,66,92,#7450EB
255,66,92,#7650EB
256,66,92,#7950EB
257,66,92,#7C50EB
258,66,92,#7E50EB
259,66,92,#8150EB
260,66,92,#8350EB
261,66,92,#8650EB
262,66,92,#8950EB
263,66,92,#8B50EB
264,66,92,#8E50EB
265,66,92,#9050EB
266,66,92,#9350EB
267,66,92,#9550EB
268,66,92,#9850EB
269,66,92,#9B50EB
270,66,92,#9D50EB
271,66,92,#A050EB
272,66,92,#A250EB
273,66,92,#A550EB
274,66,92,#A850EB
275,66,92,#AA50EB
276,66,92,#AD50EB
277,66,92,#AF50EB
278,66,92,#B250EB
279,66,92,#B450EB
280,66,92,#B750EB
281,66,92,#BA50EB
282,66,92,#BC50EB
283,66,92,#BF50EB
284,66,92,#C150EB
285,66,92,#C450EB
286,66,92,#C650EB
287,66,92,#C950EB
288,66,92,#CC50EB
289,66,92,#CE50EB
290,66,92,#D150EB
291,66,92,#D350EB
292,66,92,#D650EB
293,66,92,#D950EB
294,66,92,#DB50EB
295,66,92,#DE50EB
296,66,92,#E050EB
297,66,92,#E350EB
298,66,92,#E550EB
299,66,92,#E850EB
300,66,92,#EB50EB
301,66,92,#EB50E8
302,66,92,#EB50E5
303,66,92,#EB50E3
304,66,92,#EB50E0
305,66,92,#EB50DE
306,66,92,#EB50DB
307,66,92,#EB50D9
308,66,92,#EB50D6
309,66,92,#EB50D3
310,66,92,#EB50D1
311,66,92,#EB50CE
312,66,92,#EB50CC
313,66,92,#EB50C9
314,66,92,#EB50C6
315,66,92,#EB50C4
316,66,92,#EB50C1
317,66,92,#EB50BF
318,66,92,#EB50BC
319,66,92,#EB50BA
320,66,92,#EB50B7
321,66,92,#EB50B4
322,66,92,#EB50B2
323,66,92,#EB50AF
324,66,92,#EB50AD
325,66,92,#EB50AA
326,66,92,#EB50A8
327,66,92,#EB50A5
328,66,92,#EB50A2
329,66,92,#EB50A0
330,66,92,#EB509D
331,66,92,#EB509B
332,66,92,#EB5098
333,66,92,#EB5095
334,66,92,#EB5093
335,66,92,#EB5090
336,66,92,#EB508E
337,66,92,#EB508B
338,66,92,#EB5089
339,66,92,#EB5086
340,66,92,#EB5083
341,66,92,#EB5081
342,66,92,#EB507E
343,66,92,#EB507C
344,66,92,#EB5079
345,66,92,#EB5076
346,66,92,#EB5074
347,66,92,#EB5071
348,66,92,#EB506F
349,66,92,#EB506C
350,66,92,#EB506A
351,66,92,#EB5067
352,66,92,#EB5064
353,66,92,#EB5062
354,66,92,#EB505F
355,66,92,#EB505D
356,66,92,#EB505A
357,66,92,#EB5058
358,66,92,#EB5055
359,66,92,#EB5052
0,65,92,#EB5252
1,65,92,#EB5552
2,65,92,#EB5752
3,65,92,#EB5A52
4,65,92,#EB5C52
5,65,92,#EB5F52
6,65,92,#EB6152
7,65,92,#EB6452
8,65,92,#EB6652
9,65,92,#EB6952
10,65,92,#EB6C52
11,65,92,#EB6E52
12,65,92,#EB7152
13,65,92,#EB7352
14,65,92,#EB7652
15,65,92,#EB7852
16,65,92,#EB7B52
17,65,92,#EB7D52
18,65,92,#EB8052
19,65,92,#EB8252
20,65,92,#EB8552
21,65,92,#EB8752
22,65,92,#EB8A52
23,65,92,#EB8D52
24,65,92,#EB8F52
25,65,92,#EB9252
26,65,92,#EB9452
27,65,92,#EB9752
28,65,92,#EB9952
29,65,92,#EB9C52
30,65,92,#EB9E52
31,65,92,#EBA152
32,65,92,#EBA352
33,65,92,#EBA652
34,65,92,#EBA952
35,65,92,#EBAB52
36,65,92,#EBAE52
37,65,92,#EBB052
38,65,92,#EBB352
39,65,92,#EBB552
40,65,92,#EBB852
41,65,92,#EBBA52
42,65,92,#EBBD52
43,65,92,#EBBF52
44,65,92,#EBC252
45,65,92,#EBC452
46,65,92,#EBC752
47,65,92,#EBCA52
48,65,92,#EBCC52
49,65,92,#EBCF52
50,65,92,#EBD152
51,65,92,#EBD452
52,65,92,#EBD652
53,65,92,#EBD952
54,65,92,#EBDB52
55,65,92,#EBDE52
56,65,92,#EBE052
57,65,92,#EBE352
58,65,92,#EBE652
59,65,92,#EBE852
60,65,92,#EBEB52
61,65,92,#E8EB52
62,65,92,#E6EB52
63,65,92,#E3EB52
64,65,92,#E0EB52
65,65,92,#DEEB52
66,65,92,#DBEB52
67,65,92,#D9EB52
68,65,92,#D6EB52
69,65,92,#D4EB52
70,65,92,#D1EB52
71,65,92,#CFEB52
72,65,92,#CCEB52
73,65,92,#CAEB52
74,65,92,#C7EB52
75,65,92,#C4EB52
76,65,92,#C2EB52
77,65,92,#BFEB52
78,65,92,#BDEB52
79,65,92,#BAEB52
80,65,92,#B8EB52
81,65,92,#B5EB52
82,65,92,#B3EB52
83,65,92,#B0EB52
84,65,92,#AEEB52
85,65,92,#ABEB52
86,65,92,#A9EB52
87,65,92,#A6EB52
88,65,92,#A3EB52
89,65,92,#A1EB52
90,65,92,#9EEB52
91,65,92,#9CEB52
92,65,92,#99EB52
93,65,92,#97EB52
94,65,92,#94EB52
95,65,92,#92EB52
96,65,92,#8FEB52
97,65,92,#8DEB52
98,65,92,#8AEB52
99,65,92,#87EB52
100,65,92,#85EB52
101,65,92,#82EB52
102,65,92,#80EB52
103,65,92,#7DEB52
104,65,92,#7BEB52
105,65,92,#78EB52
106,65,92,#76EB52
107,65,92,#73EB52
108,65,92,#71EB52
109,65,92,#6EEB52
110,65,92,#6CEB52
111,65,92,#69EB52
112,65,92,#66EB52
113,65,92,#64EB52
114,65,92,#61EB52
115,65,92,#5FEB52
116,65,92,#5CEB52
117,65,92,#5AEB52
118,65,92,#57EB52
119,65,92,#55EB52
120,65,92,#52EB52
121,65,92,#52EB55
122,65,92,#52EB57
123,65,92,#52EB5A
124,65,92,#52EB5C
125,65,92,#52EB5F
126,65,92,#52EB61
127,65,92,#52EB64
128,65,92,#52EB66
129,65,92,#52EB69
130,65,92,#52EB6C
131,65,92,#52EB6E
132,65,92,#52EB71
133,65,92,#52EB73
134,65,92,#52EB76
135,65,92,#52EB78
136,65,92,#52EB7B
137,65,92,#52EB7D
138,65,92,#52EB80
139,65,92,#52EB82
140,65,92,#52EB85
141,65,92,#52EB87
142,65,92,#52EB8A
143,65,92,#52EB8D
144,65,92,#52EB8F
145,65,92,#52EB92
146,65,92,#52EB94
147,65,92,#52EB97
148,65,92,#52EB99
149,65,92,#52EB9C
150,65,92,#52EB9E
151,65,92,#52EBA1
152,65,92,#52EBA3
153,65,92,#52EBA6
154,65,92,#52EBA9
155,65,92,#52EBAB
156,65,92,#52EBAE
157,65,92,#52EBB0
158,65,92,#52EBB3
159,65,92,#52EBB5
160,65,92,#52EBB8
161,65,92,#52EBBA
162,65,92,#52EBBD
163,65,92,#52EBBF
164,65,92,#52EBC2
165,65,92,#52EBC4
166,65,92,#52EBC7
167,65,92,#52EBCA
168,65,92,#52EBCC
169,65,92,#52EBCF
170,65,92,#52EBD1
171,65,92,#52EBD4
172,65,92,#52EBD6
173,65,92,#52EBD9
174,65,92,#52EBDB
175,65,92,#52EBDE
176,65,92,#52EBE0
177,65,92,#52EBE3
178,65,92,#52EBE6
179,65,92,#52EBE8
180,65,92,#52EBEB
181,65,92,#52E8EB
182,65,92,#52E6EB
183,65,92,#52E3EB
184,65,92,#52E0EB
185,65,92,#52DEEB
186,65,92,#52DBEB
187,65,92,#52D9EB
188,65,92,#52D6EB
189,65,92,#52D4EB
190,65,92,#52D1EB
191,65,92,#52CFEB
192,65,92,#52CCEB
193,65,92,#52CAEB
194,65,92,#52C7EB
195,65,92,#52C4EB
196,65,92,#52C2EB
197,65,92,#52BFEB
198,65,92,#52BDEB
199,65,92,#52BAEB
200,65,92,#52B8EB
201,65,92,#52B5EB
202,65,92,#52B3EB
203,65,92,#52B0EB
204,65,92,#52AEEB
205,65,92,#52ABEB
206,65,92,#52A9EB
207,65,92,#52A6EB
208,65,92,#52A3EB
209,65,92,#52A1EB
210,65,92,#529EEB
211,65,92,#529CEB
212,65,92,#5299EB
213,65,92,#5297EB
214,65,92,#5294EB
215,65,92,#5292EB
216,65,92,#528FEB
217,65,92,#528DEB
218,65,92,#528AEB
219,65,92,#5287EB
220,65,92,#5285EB
221,65,92,#5282EB
222,65,92,#5280EB
223,65,92,#527DEB
224,65,92,#527BEB
225,65,92,#5278EB
226,65,92,#5276EB
227,65,92,#5273EB
228,65,92,#5271EB
229,65,92,#526EEB
230,65,92,#526CEB
231,65,92,#5269EB
232,65,92,#5266EB
233,65,92,#5264EB
234,65,92,#5261EB
235,65,92,#525FEB
236,65,92,#525CEB
237,65,92,#525AEB
238,65,92,#5257EB
239,65,92,#5255EB
240,65,92,#5252EB
241,65,92,#5552EB
242,65,92,#5752EB
243,65,92,#5A52EB
244,65,92,#5C52EB
245,65,92,#5F52EB
246,65,92,#6152EB
247,65,92,#6452EB
248,65,92,#6652EB
249,65,92,#6952EB
250,65,92,#6C52EB
251,65,92,#6E52EB
252,65,92,#7152EB
253,65,92,#7352EB
254,65,92,#7652EB
255,65,92,#7852EB
256,65,92,#7B52EB
257,65,92,#7D52EB
258,65,92,#8052EB
259,65,92,#8252EB
260,65,92,#8552EB
261,65,92,#8752EB
262,65,92,#8A52EB
263,65,92,#8D52EB
264,65,92,#8F52EB
265,65,92,#9252EB
266,65,92,#9452EB
267,65,92,#9752EB
268,65,92,#9952EB
269,65,92,#9C52EB
270,65,92,#9E52EB
271,65,92,#A152EB
272,65,92,#A352EB
273,65,92,#A652EB
274,65,92,#A952EB
275,65,92,#AB52EB
276,65,92,#AE52EB
277,65,92,#B052EB
278,65,92,#B352EB
279,65,92,#B552EB
280,65,92,#B852EB
281,65,92,#BA52EB
282,65,92,#BD52EB
283,65,92,#BF52EB
284,65,92,#C252EB
285,65,92,#C452EB
286,65,92,#C752EB
287,65,92,#CA52EB
288,65,92,#CC52EB
289,65,92,#CF52EB
290,65,92,#D152EB
291,65,92,#D452EB
292,65,92,#D652EB
293,65,92,#D952EB
294,65,92,#DB52EB
295,65,92,#DE52EB
296,65,92,#E052EB
297,65,92,#E352EB
298,65,92,#E652EB
299,65,92,#E852EB
300,65,92,#EB52EB
301,65,92,#EB52E8
302,65,92,#EB52E6
303,65,92,#EB52E3
304,65,92,#EB52E0
305,65,92,#EB52DE
306,65,92,#EB52DB
307,65,92,#EB52D9
308,65,92,#EB52D6
309,65,92,#EB52D4
310,65,92,#EB52D1
311,65,92,#EB52CF
312,65,92,#EB52CC
313,65,92,#EB52CA
314,65,92,#EB52C7
315,65,92,#EB52C4
316,65,92,#EB52C2
317,65,92,#EB52BF
318,65,92,#EB52BD
319,65,92,#EB52BA
320,65,92,#EB52B8
321,65,92,#EB52B5
322,65,92,#EB52B3
323,65,92,#EB52B0
324,65,92,#EB52AE
325,65,92,#EB52AB
326,65,92,#EB52A9
327,65,92,#EB52A6
328,65,92,#EB52A3
329,65,92,#EB52A1
330,65,92,#EB529E
331,65,92,#EB529C
332,65,92,#EB5299
333,65,92,#EB5297
334,65,92,#EB5294
335,65,92,#EB5292
336,65,92,#EB528F
337,65,92,#EB528D
338,65,92,#EB528A
339,65,92,#EB5287
340,65,92,#EB5285
341,65,92,#EB5282
342,65,92,#EB5280
343,65,92,#EB527D
344,65,92,#EB527B
345,65,92,#EB5278
346,65,92,#EB5276
347,65,92,#EB5273
348,65,92,#EB5271
349,65,92,#EB526E
350,65,92,#EB526C
351,65,92,#EB5269
352,65,92,#EB5266
353,65,92,#EB5264
354,65,92,#EB5261
355,65,92,#EB525F
356,65,92,#EB525C
357,65,92,#EB525A
358,65,92,#EB5257
359,65,92,#EB5255
0,64,92,#EB5454
1,64,92,#EB5754
2,64,92,#EB5954
3,64,92,#EB5C54
4,64,92,#EB5E54
5,64,92,#EB6154
6,64,92,#EB6354
7,64,92,#EB6654
8,64,92,#EB6854
9,64,92,#EB6B54
10,64,92,#EB6D54
11,64,92,#EB7054
12,64,92,#EB7254
13,64,92,#EB7554
14,64,92,#EB7754
15,64,92,#EB7A54
16,64,92,#EB7C54
17,64,92,#EB7F54
18,64,92,#EB8154
19,64,92,#EB8454
20,64,92,#EB8754
21,64,92,#EB8954
22,64,92,#EB8C54
23,64,92,#EB8E54
24,64,92,#EB9154
25,64,92,#EB9354
26,64,92,#EB9654
27,64,92,#EB9854
28,64,92,#EB9B54
29,64,92,#EB9D54
30,64,92,#EBA054
31,64,92,#EBA254
32,64,92,#EBA554
33,64,92,#EBA754
34,64,92,#EBAA54
35,64,92,#EBAC54
36,64,92,#EBAF54
37,64,92,#EBB154
38,64,92,#EBB454
39,64,92,#EBB654
40,64,92,#EBB954
41,64,92,#EBBB54
42,64,92,#EBBE54
43,64,92,#EBC054
44,64,92,#EBC354
45,64,92,#EBC554
46,64,92,#EBC854
47,64,92,#EBCA54
48,64,92,#EBCD54
49,64,92,#EBCF54
50,64,92,#EBD254
51,64,92,#EBD454
52,64,92,#EBD754
53,64,92,#EBD954
54,64,92,#EBDC54
55,64,92,#EBDE54
56,64,92,#EBE154
57,64,92,#EBE354
58,64,92,#EBE654
59,64,92,#EBE854
60,64,92,#EBEB54
61,64,92,#E8EB54
62,64,92,#E6EB54
63,64,92,#E3EB54
64,64,92,#E1EB54
65,64,92,#DEEB54
66,64,92,#DCEB54
67,64,92,#D9EB54
68,64,92,#D7EB54
69,64,92,#D4EB54
70,64,92,#D2EB54
71,64,92,#CFEB54
72,64,92,#CDEB54
73,64,92,#CAEB54
74,64,92,#C8EB54
75,64,92,#C5EB54
76,64,92,#C3EB54
77,64,92,#C0EB54
78,64,92,#BEEB54
79,64,92,#BBEB54
80,64,92,#B9EB54
81,64,92,#B6EB54
82,64,92,#B4EB54
83,64,92,#B1EB54
84,64,92,#AFEB54
85,64,92,#ACEB54
86,64,92,#AAEB54
87,64,92,#A7EB54
88,64,92,#A5EB54
89,64,92,#A2EB54
90,64,92,#A0EB54
91,64,92,#9DEB54
92,64,92,#9BEB54
93,64,92,#98EB54
94,64,92,#96EB54
95,64,92,#93EB54
96,64,92,#91EB54
97,64,92,#8EEB54
98,64,92,#8CEB54
99,64,92,#89EB54
100,64,92,#87EB54
101,64,92,#84EB54
102,64,92,#81EB54
103,64,92,#7FEB54
104,64,92,#7CEB54
105,64,92,#7AEB54
106,64,92,#77EB54
107,64,92,#75EB54
108,64,92,#72EB54
109,64,92,#70EB54
110,64,92,#6DEB54
111,64,92,#6BEB54
112,64,92,#68EB54
113,64,92,#66EB54
114,64,92,#63EB54
115,64,92,#61EB54
116,64,92,#5EEB54
117,64,92,#5CEB54
118,64,92,#59EB54
119,64,92,#57EB54
120,64,92,#54EB54
121,64,92,#54EB57
122,64,92,#54EB59
123,64,92,#54EB5C
124,64,92,#54EB5E
125,64,92,#54EB61
126,64,92,#54EB63
127,64,92,#54EB66
128,64,92,#54EB68
129,64,92,#54EB6B
130,64,92,#54EB6D
131,64,92,#54EB70
132,64,92,#54EB72
133,64,92,#54EB75
134,64,92,#54EB77
135,64,92,#54EB7A
136,64,92,#54EB7C
137,64,92,#54EB7F
138,64,92,#54EB81
139,64,92,#54EB84
140,64,92,#54EB87
141,64,92,#54EB89
142,64,92,#54EB8C
143,64,92,#54EB8E
144,64,92,#54EB91
145,64,92,#54EB93
146,64,92,#54EB96
147,64,92,#54EB98
148,64,92,#54EB9B
149,64,92,#54EB9D
150,64,92,#54EBA0
151,64,92,#54EBA2
152,64,92,#54EBA5
153,64,92,#54EBA7
154,64,92,#54EBAA
155,64,92,#54EBAC
156,64,92,#54EBAF
157,64,92,#54EBB1
158,64,92,#54EBB4
159,64,92,#54EBB6
160,64,92,#54EBB9
161,64,92,#54EBBB
162,64,92,#54EBBE
163,64,92,#54EBC0
164,64,92,#54EBC3
165,64,92,#54EBC5
166,64,92,#54EBC8
167,64,92,#54EBCA
168,64,92,#54EBCD
169,64,92,#54EBCF
170,64,92,#54EBD2
171,64,92,#54EBD4
172,64,92,#54EBD7
173,64,92,#54EBD9
174,64,92,#54EBDC
175,64,92,#54EBDE
176,64,92,#54EBE1
177,64,92,#54EBE3
178,64,92,#54EBE6
179,64,92,#54EBE8
180,64,92,#54EBEB
181,64,92,#54E8EB
182,64,92,#54E6EB
183,64,92,#54E3EB
184,64,92,#54E1EB
185,64,92,#54DEEB
186,64,92,#54DCEB
187,64,92,#54D9EB
188,64,92,#54D7EB
189,64,92,#54D4EB
190,64,92,#54D2EB
191,64,92,#54CFEB
192,64,92,#54CDEB
193,64,92,#54CAEB
194,64,92,#54C8EB
195,64,92,#54C5EB
196,64,92,#54C3EB
197,64,92,#54C0EB
198,64,92,#54BEEB
199,64,92,#54BBEB
200,64,92,#54B9EB
201,64,92,#54B6EB
202,64,92,#54B4EB
203,64,92,#54B1EB
204,64,92,#54AFEB
205,64,92,#54ACEB
206,64,92,#54AAEB
207,64,92,#54A7EB
208,64,92,#54A5EB
209,64,92,#54A2EB
210,64,92,#54A0EB
211,64,92,#549DEB
212,64,92,#549BEB
213,64,92,#5498EB
214,64,92,#5496EB
215,64,92,#5493EB
216,64,92,#5491EB
217,64,92,#548EEB
218,64,92,#548CEB
219,64,92,#5489EB
220,64,92,#5487EB
221,64,92,#5484EB
222,64,92,#5481EB
223,64,92,#547FEB
224,64,92,#547CEB
225,64,92,#547AEB
226,64,92,#5477EB
227,64,92,#5475EB
228,64,92,#5472EB
229,64,92,#5470EB
230,64,92,#546DEB
231,64,92,#546BEB
232,64,92,#5468EB
233,64,92,#5466EB
234,64,92,#5463EB
235,64,92,#5461EB
236,64,92,#545EEB
237,64,92,#545CEB
238,64,92,#5459EB
239,64,92,#5457EB
240,64,92,#5454EB
241,64,92,#5754EB
242,64,92,#5954EB
243,64,92,#5C54EB
244,64,92,#5E54EB
245,64,92,#6154EB
246,64,92,#6354EB
247,64,92,#6654EB
248,64,92,#6854EB
249,64,92,#6B54EB
250,64,92,#6D54EB
251,64,92,#7054EB
252,64,92,#7254EB
253,64,92,#7554EB
254,64,92,#7754EB
255,64,92,#7A54EB
256,64,92,#7C54EB
257,64,92,#7F54EB
258,64,92,#8154EB
259,64,92,#8454EB
260,64,92,#8754EB
261,64,92,#8954EB
262,64,92,#8C54EB
263,64,92,#8E54EB
264,64,92,#9154EB
265,64,92,#9354EB
266,64,92,#9654EB
267,64,92,#9854EB
268,64,92,#9B54EB
269,64,92,#9D54EB
270,64,92,#A054EB
271,64,92,#A254EB
272,64,92,#A554EB
273,64,92,#A754EB
274,64,92,#AA54EB
275,64,92,#AC54EB
276,64,92,#AF54EB
277,64,92,#B154EB
278,64,92,#B454EB
279,64,92,#B654EB
280,64,92,#B954EB
281,64,92,#BB54EB
282,64,92,#BE54EB
283,64,92,#C054EB
284,64,92,#C354EB
285,64,92,#C554EB
286,64,92,#C854EB
287,64,92,#CA54EB
288,64,92,#CD54EB
289,64,92,#CF54EB
290,64,92,#D254EB
291,64,92,#D454EB
292,64,92,#D754EB
293,64,92,#D954EB
294,64,92,#DC54EB
295,64,92,#DE54EB
296,64,92,#E154EB
297,64,92,#E354EB
298,64,92,#E654EB
299,64,92,#E854EB
300,64,92,#EB54EB
301,64,92,#EB54E8
302,64,92,#EB54E6
303,64,92,#EB54E3
304,64,92,#EB54E1
305,64,92,#EB54DE
306,64,92,#EB54DC
307,64,92,#EB54D9
308,64,92,#EB54D7
309,64,92,#EB54D4
310,64,92,#EB54D2
311,64,92,#EB54CF
312,64,92,#EB54CD
313,64,92,#EB54CA
314,64,92,#EB54C8
315,64,92,#EB54C5
316,64,92,#EB54C3
317,64,92,#EB54C0
318,64,92,#EB54BE
319,64,92,#EB54BB
320,64,92,#EB54B9
321,64,92,#EB54B6
322,64,92,#EB54B4
323,64,92,#EB54B1
324,64,92,#EB54AF
325,64,92,#EB54AC
326,64,92,#EB54AA
327,64,92,#EB54A7
328,64,92,#EB54A5
329,64,92,#EB54A2
330,64,92,#EB54A0
331,64,92,#EB549D
332,64,92,#EB549B
333,64,92,#EB5498
334,64,92,#EB5496
335,64,92,#EB5493
336,64,92,#EB5491
337,64,92,#EB548E
338,64,92,#EB548C
339,64,92,#EB5489
340,64,92,#EB5487
341,64,92,#EB5484
342,64,92,#EB5481
343,64,92,#EB547F
344,64,92,#EB547C
345,64,92,#EB547A
346,64,92,#EB5477
347,64,92,#EB5475
348,64,92,#EB5472
349,64,92,#EB5470
350,64,92,#EB546D
351,64,92,#EB546B
352,64,92,#EB5468
353,64,92,#EB5466
354,64,92,#EB5463
355,64,92,#EB5461
356,64,92,#EB545E
357,64,92,#EB545C
358,64,92,#EB5459
359,64,92,#EB5457
0,63,92,#EB5757
1,63,92,#EB5957
2,63,92,#EB5C57
3,63,92,#EB5E57
4,63,92,#EB6157
5,63,92,#EB6357
6,63,92,#EB6657
7,63,92,#EB6857
8,63,92,#EB6B57
9,63,92,#EB6D57
10,63,92,#EB6F57
11,63,92,#EB7257
12,63,92,#EB7457
13,63,92,#EB7757
14,63,92,#EB7957
15,63,92,#EB7C57
16,63,92,#EB7E57
17,63,92,#EB8157
18,63,92,#EB8357
19,63,92,#EB8657
20,63,92,#EB8857
21,63,92,#EB8B57
22,63,92,#EB8D57
23,63,92,#EB8F57
24,63,92,#EB9257
25,63,92,#EB9457
26,63,92,#EB9757
27,63,92,#EB9957
28,63,92,#EB9C57
29,63,92,#EB9E57
30,63,92,#EBA157
31,63,92,#EBA357
32,63,92,#EBA657
33,63,92,#EBA857
34,63,92,#EBAB57
35,63,92,#EBAD57
36,63,92,#EBAF57
37,63,92,#EBB257
38,63,92,#EBB457
39,63,92,#EBB757
40,63,92,#EBB957
41,63,92,#EBBC57
42,63,92,#EBBE57
43,63,92,#EBC157
44,63,92,#EBC357
45,63,92,#EBC657
46,63,92,#EBC857
47,63,92,#EBCB57
48,63,92,#EBCD57
49,63,92,#EBD057
50,63,92,#EBD257
51,63,92,#EBD457
52,63,92,#EBD757
53,63,92,#EBD957
54,63,92,#EBDC57
55,63,92,#EBDE57
56,63,92,#EBE157
57,63,92,#EBE357
58,63,92,#EBE657
59,63,92,#EBE857
60,63,92,#EBEB57
61,63,92,#E8EB57
62,63,92,#E6EB57
63,63,92,#E3EB57
64,63,92,#E1EB57
65,63,92,#DEEB57
66,63,92,#DCEB57
67,63,92,#D9EB57
68,63,92,#D7EB57
69,63,92,#D4EB57
70,63,92,#D2EB57
71,63,92,#D0EB57
72,63,92,#CDEB57
73,63,92,#CBEB57
74,63,92,#C8EB57
75,63,92,#C6EB57
76,63,92,#C3EB57
77,63,92,#C1EB57
78,63,92,#BEEB57
79,63,92,#BCEB57
80,63,92,#B9EB57
81,63,92,#B7EB57
82,63,92,#B4EB57
83,63,92,#B2EB57
84,63,92,#AFEB57
85,63,92,#ADEB57
86,63,92,#ABEB57
87,63,92,#A8EB57
88,63,92,#A6EB57
89,63,92,#A3EB57
90,63,92,#A1EB57
91,63,92,#9EEB57
92,63,92,#9CEB57
93,63,92,#99EB57
94,63,92,#97EB57
95,63,92,#94EB57
96,63,92,#92EB57
97,63,92,#8FEB57
98,63,92,#8DEB57
99,63,92,#8BEB57
100,63,92,#88EB57
101,63,92,#86EB57
102,63,92,#83EB57
103,63,92,#81EB57
104,63,92,#7EEB57
105,63,92,#7CEB57
106,63,92,#79EB57
107,63,92,#77EB57
108,63,92,#74EB57
109,63,92,#72EB57
110,63,92,#6FEB57
111,63,92,#6DEB57
112,63,92,#6BEB57
113,63,92,#68EB57
114,63,92,#66EB57
115,63,92,#63EB57
116,63,92,#61EB57
117,63,92,#5EEB57
118,63,92,#5CEB57
119,63,92,#59EB57
120,63,92,#57EB57
121,63,92,#57EB59
122,63,92,#57EB5C
123,63,92,#57EB5E
124,63,92,#57EB61
125,63,92,#57EB63
126,63,92,#57EB66
127,63,92,#57EB68
128,63,92,#57EB6B
129,63,92,#57EB6D
130,63,92,#57EB6F
131,63,92,#57EB72
132,63,92,#57EB74
133,63,92,#57EB77
134,63,92,#57EB79
135,63,92,#57EB7C
136,63,92,#57EB7E
137,63,92,#57EB81
138,63,92,#57EB83
139,63,92,#57EB86
140,63,92,#57EB88
141,63,92,#57EB8B
142,63,92,#57EB8D
143,63,92,#57EB8F
144,63,92,#57EB92
145,63,92,#57EB94
146,63,92,#57EB97
147,63,92,#57EB99
148,63,92,#57EB9C
149,63,92,#57EB9E
150,63,92,#57EBA1
151,63,92,#57EBA3
152,63,92,#57EBA6
153,63,92,#57EBA8
154,63,92,#57EBAB
155,63,92,#57EBAD
156,63,92,#57EBAF
157,63,92,#57EBB2
158,63,92,#57EBB4
159,63,92,#57EBB7
160,63,92,#57EBB9
161,63,92,#57EBBC
162,63,92,#57EBBE
163,63,92,#57EBC1
164,63,92,#57EBC3
165,63,92,#57EBC6
166,63,92,#57EBC8
167,63,92,#57EBCB
168,63,92,#57EBCD
169,63,92,#57EBD0
170,63,92,#57EBD2
171,63,92,#57EBD4
172,63,92,#57EBD7
173,63,92,#57EBD9
174,63,92,#57EBDC
175,63,92,#57EBDE
176,63,92,#57EBE1
177,63,92,#57EBE3
178,63,92,#57EBE6
179,63,92,#57EBE8
180,63,92,#57EBEB
181,63,92,#57E8EB
182,63,92,#57E6EB
183,63,92,#57E3EB
184,63,92,#57E1EB
185,63,92,#57DEEB
186,63,92,#57DCEB
187,63,92,#57D9EB
188,63,92,#57D7EB
189,63,92,#57D4EB
190,63,92,#57D2EB
191,63,92,#57D0EB
192,63,92,#57CDEB
193,63,92,#57CBEB
194,63,92,#57C8EB
195,63,92,#57C6EB
196,63,92,#57C3EB
197,63,92,#57C1EB
198,63,92,#57BEEB
199,63,92,#57BCEB
200,63,92,#57B9EB
201,63,92,#57B7EB
202,63,92,#57B4EB
203,63,92,#57B2EB
204,63,92,#57AFEB
205,63,92,#57ADEB
206,63,92,#57ABEB
207,63,92,#57A8EB
208,63,92,#57A6EB
209,63,92,#57A3EB
210,63,92,#57A1EB
211,63,92,#579EEB
212,63,92,#579CEB
213,63,92,#5799EB
214,63,92,#5797EB
215,63,92,#5794EB
216,63,92,#5792EB
217,63,92,#578FEB
218,63,92,#578DEB
219,63,92,#578BEB
220,63,92,#5788EB
221,63,92,#5786EB
222,63,92,#5783EB
223,63,92,#5781EB
224,63,92,#577EEB
225,63,92,#577CEB
226,63,92,#5779EB
227,63,92,#5777EB
228,63,92,#5774EB
229,63,92,#5772EB
230,63,92,#576FEB
231,63,92,#576DEB
232,63,92,#576BEB
233,63,92,#5768EB
234,63,92,#5766EB
235,63,92,#5763EB
236,63,92,#5761EB
237,63,92,#575EEB
238,63,92,#575CEB
239,63,92,#5759EB
240,63,92,#5757EB
241,63,92,#5957EB
242,63,92,#5C57EB
243,63,92,#5E57EB
244,63,92,#6157EB
245,63,92,#6357EB
246,63,92,#6657EB
247,63,92,#6857EB
248,63,92,#6B57EB
249,63,92,#6D57EB
250,63,92,#6F57EB
251,63,92,#7257EB
252,63,92,#7457EB
253,63,92,#7757EB
254,63,92,#7957EB
255,63,92,#7C57EB
256,63,92,#7E57EB
257,63,92,#8157EB
258,63,92,#8357EB
259,63,92,#8657EB
260,63,92,#8857EB
261,63,92,#8B57EB
262,63,92,#8D57EB
263,63,92,#8F57EB
264,63,92,#9257EB
265,63,92,#9457EB
266,63,92,#9757EB
267,63,92,#9957EB
268,63,92,#9C57EB
269,63,92,#9E57EB
270,63,92,#A157EB
271,63,92,#A357EB
272,63,92,#A657EB
273,63,92,#A857EB
274,63,92,#AB57EB
275,63,92,#AD57EB
276,63,92,#AF57EB
277,63,92,#B257EB
278,63,92,#B457EB
279,63,92,#B757EB
280,63,92,#B957EB
281,63,92,#BC57EB
282,63,92,#BE57EB
283,63,92,#C157EB
284,63,92,#C357EB
285,63,92,#C657EB
286,63,92,#C857EB
287,63,92,#CB57EB
288,63,92,#CD57EB
289,63,92,#D057EB
290,63,92,#D257EB
291,63,92,#D457EB
292,63,92,#D757EB
293,63,92,#D957EB
294,63,92,#DC57EB
295,63,92,#DE57EB
296,63,92,#E157EB
297,63,92,#E357EB
298,63,92,#E657EB
299,63,92,#E857EB
300,63,92,#EB57EB
301,63,92,#EB57E8
302,63,92,#EB57E6
303,63,92,#EB57E3
304,63,92,#EB57E1
305,63,92,#EB57DE
306,63,92,#EB57DC
307,63,92,#EB57D9
308,63,92,#EB57D7
309,63,92,#EB57D4
310,63,92,#EB57D2
311,63,92,#EB57D0
312,63,92,#EB57CD
313,63,92,#EB57CB
314,63,92,#EB57C8
315,63,92,#EB57C6
316,63,92,#EB57C3
317,63,92,#EB57C1
318,63,92,#EB57BE
319,63,92,#EB57BC
320,63,92,#EB57B9
321,63,92,#EB57B7
322,63,92,#EB57B4
323,63,92,#EB57B2
324,63,92,#EB57AF
325,63,92,#EB57AD
326,63,92,#EB57AB
327,63,92,#EB57A8
328,63,92,#EB57A6
329,63,92,#EB57A3
330,63,92,#EB57A1
331,63,92,#EB579E
332,63,92,#EB579C
333,63,92,#EB5799
334,63,92,#EB5797
335,63,92,#EB5794
336,63,92,#EB5792
337,63,92,#EB578F
338,63,92,#EB578D
339,63,92,#EB578B
340,63,92,#EB5788
341,63,92,#EB5786
342,63,92,#EB5783
343,63,92,#EB5781
344,63,92,#EB577E
345,63,92,#EB577C
346,63,92,#EB5779
347,63,92,#EB5777
348,63,92,#EB5774
349,63,92,#EB5772
350,63,92,#EB576F
351,63,92,#EB576D
352,63,92,#EB576B
353,63,92,#EB5768
354,63,92,#EB5766
355,63,92,#EB5763
356,63,92,#EB5761
357,63,92,#EB575E
358,63,92,#EB575C
359,63,92,#EB5759
0,62,92,#EB5959
1,62,92,#EB5C59
2,62,92,#EB5E59
3,62,92,#EB6059
4,62,92,#EB6359
5,62,92,#EB6559
6,62,92,#EB6859
7,62,92,#EB6A59
8,62,92,#EB6D59
9,62,92,#EB6F59
10,62,92,#EB7159
11,62,92,#EB7459
12,62,92,#EB7659
13,62,92,#EB7959
14,62,92,#EB7B59
15,62,92,#EB7E59
16,62,92,#EB8059
17,62,92,#EB8259
18,62,92,#EB8559
19,62,92,#EB8759
20,62,92,#EB8A59
21,62,92,#EB8C59
22,62,92,#EB8E59
23,62,92,#EB9159
24,62,92,#EB9359
25,62,92,#EB9659
26,62,92,#EB9859
27,62,92,#EB9B59
28,62,92,#EB9D59
29,62,92,#EB9F59
30,62,92,#EBA259
31,62,92,#EBA459
32,62,92,#EBA759
33,62,92,#EBA959
34,62,92,#EBAC59
35,62,92,#EBAE59
36,62,92,#EBB059
37,62,92,#EBB359
38,62,92,#EBB559
39,62,92,#EBB859
40,62,92,#EBBA59
41,62,92,#EBBD59
42,62,92,#EBBF59
43,62,92,#EBC159
44,62,92,#EBC459
45,62,92,#EBC659
46,62,92,#EBC959
47,62,92,#EBCB59
48,62,92,#EBCE59
49,62,92,#EBD059
50,62,92,#EBD259
51,62,92,#EBD559
52,62,92,#EBD759
53,62,92,#EBDA59
54,62,92,#EBDC59
55,62,92,#EBDE59
56,62,92,#EBE159
57,62,92,#EBE359
58,62,92,#EBE659
59,62,92,#EBE859
60,62,92,#EBEB59
61,62,92,#E8EB59
62,62,92,#E6EB59
63,62,92,#E3EB59
64,62,92,#E1EB59
65,62,92,#DEEB59
66,62,92,#DCEB59
67,62,92,#DAEB59
68,62,92,#D7EB59
69,62,92,#D5EB59
70,62,92,#D2EB59
71,62,92,#D0EB59
72,62,92,#CEEB59
73,62,92,#CBEB59
74,62,92,#C9EB59
75,62,92,#C6EB59
76,62,92,#C4EB59
77,62,92,#C1EB59
78,62,92,#BFEB59
79,62,92,#BDEB59
80,62,92,#BAEB59
81,62,92,#B8EB59
82,62,92,#B5EB59
83,62,92,#B3EB59
84,62,92,#B0EB59
85,62,92,#AEEB59
86,62,92,#ACEB59
87,62,92,#A9EB59
88,62,92,#A7EB59
89,62,92,#A4EB59
90,62,92,#A2EB59
91,62,92,#9FEB59
92,62,92,#9DEB59
93,62,92,#9BEB59
94,62,92,#98EB59
95,62,92,#96EB59
96,62,92,#93EB59
97,62,92,#91EB59
98,62,92,#8EEB59
99,62,92,#8CEB59
100,62,92,#8AEB59
101,62,92,#87EB59
102,62,92,#85EB59
103,62,92,#82EB59
104,62,92,#80EB59
105,62,92,#7EEB59
106,62,92,#7BEB59
107,62,92,#79EB59
108,62,92,#76EB59
109,62,92,#74EB59
110,62,92,#71EB59
111,62,92,#6FEB59
112,62,92,#6DEB59
113,62,92,#6AEB59
114,62,92,#68EB59
115,62,92,#65EB59
116,62,92,#63EB59
117,62,92,#60EB59
118,62,92,#5EEB59
119,62,92,#5CEB59
120,62,92,#59EB59
121,62,92,#59EB5C
122,62,92,#59EB5E
123,62,92,#59EB60
124,62,92,#59EB63
125,62,92,#59EB65
126,62,92,#59EB68
127,62,92,#59EB6A
128,62,92,#59EB6D
129,62,92,#59EB6F
130,62,92,#59EB71
131,62,92,#59EB74
132,62,92,#59EB76
133,62,92,#59EB79
134,62,92,#59EB7B
135,62,92,#59EB7E
136,62,92,#59EB80
137,62,92,#59EB82
138,62,92,#59EB85
139,62,92,#59EB87
140,62,92,#59EB8A
141,62,92,#59EB8C
142,62,92,#59EB8E
143,62,92,#59EB91
144,62,92,#59EB93
145,62,92,#59EB96
146,62,92,#59EB98
147,62,92,#59EB9B
148,62,92,#59EB9D
149,62,92,#59EB9F
150,62,92,#59EBA2
151,62,92,#59EBA4
152,62,92,#59EBA7
153,62,92,#59EBA9
154,62,92,#59EBAC
155,62,92,#59EBAE
156,62,92,#59EBB0
157,62,92,#59EBB3
158,62,92,#59EBB5
159,62,92,#59EBB8
160,62,92,#59EBBA
161,62,92,#59EBBD
162,62,92,#59EBBF
163,62,92,#59EBC1
164,62,92,#59EBC4
165,62,92,#59EBC6
166,62,92,#59EBC9
167,62,92,#59EBCB
168,62,92,#59EBCE
169,62,92,#59EBD0
170,62,92,#59EBD2
171,62,92,#59EBD5
172,62,92,#59EBD7
173,62,92,#59EBDA
174,62,92,#59EBDC
175,62,92,#59EBDE
176,62,92,#59EBE1
177,62,92,#59EBE3
178,62,92,#59EBE6
179,62,92,#59EBE8
180,62,92,#59EBEB
181,62,92,#59E8EB
182,62,92,#59E6EB
183,62,92,#59E3EB
184,62,92,#59E1EB
185,62,92,#59DEEB
186,62,92,#59DCEB
187,62,92,#59DAEB
188,62,92,#59D7EB
189,62,92,#59D5EB
190,62,92,#59D2EB
191,62,92,#59D0EB
192,62,92,#59CEEB
193,62,92,#59CBEB
194,62,92,#59C9EB
195,62,92,#59C6EB
196,62,92,#59C4EB
197,62,92,#59C1EB
198,62,92,#59BFEB
199,62,92,#59BDEB
200,62,92,#59BAEB
201,62,92,#59B8EB
202,62,92,#59B5EB
203,62,92,#59B3EB
204,62,92,#59B0EB
205,62,92,#59AEEB
206,62,92,#59ACEB
207,62,92,#59A9EB
208,62,92,#59A7EB
209,62,92,#59A4EB
210,62,92,#59A2EB
211,62,92,#599FEB
212,62,92,#599DEB
213,62,92,#599BEB
214,62,92,#5998EB
215,62,92,#5996EB
216,62,92,#5993EB
217,62,92,#5991EB
218,62,92,#598EEB
219,62,92,#598CEB
220,62,92,#598AEB
221,62,92,#5987EB
222,62,92,#5985EB
223,62,92,#5982EB
224,62,92,#5980EB
225,62,92,#597EEB
226,62,92,#597BEB
227,62,92,#5979EB
228,62,92,#5976EB
229,62,92,#5974EB
230,62,92,#5971EB
231,62,92,#596FEB
232,62,92,#596DEB
233,62,92,#596AEB
234,62,92,#5968EB
235,62,92,#5965EB
236,62,92,#5963EB
237,62,92,#5960EB
238,62,92,#595EEB
239,62,92,#595CEB
240,62,92,#5959EB
241,62,92,#5C59EB
242,62,92,#5E59EB
243,62,92,#6059EB
244,62,92,#6359EB
245,62,92,#6559EB
246,62,92,#6859EB
247,62,92,#6A59EB
248,62,92,#6D59EB
249,62,92,#6F59EB
250,62,92,#7159EB
251,62,92,#7459EB
252,62,92,#7659EB
253,62,92,#7959EB
254,62,92,#7B59EB
255,62,92,#7E59EB
256,62,92,#8059EB
257,62,92,#8259EB
258,62,92,#8559EB
259,62,92,#8759EB
260,62,92,#8A59EB
261,62,92,#8C59EB
262,62,92,#8E59EB
263,62,92,#9159EB
264,62,92,#9359EB
265,62,92,#9659EB
266,62,92,#9859EB
267,62,92,#9B59EB
268,62,92,#9D59EB
269,62,92,#9F59EB
270,62,92,#A259EB
271,62,92,#A459EB
272,62,92,#A759EB
273,62,92,#A959EB
274,62,92,#AC59EB
275,62,92,#AE59EB
276,62,92,#B059EB
277,62,92,#B359EB
278,62,92,#B559EB
279,62,92,#B859EB
280,62,92,#BA59EB
281,62,92,#BD59EB
282,62,92,#BF59EB
283,62,92,#C159EB
284,62,92,#C459EB
285,62,92,#C659EB
286,62,92,#C959EB
287,62,92,#CB59EB
288,62,92,#CE59EB
289,62,92,#D059EB
290,62,92,#D259EB
291,62,92,#D559EB
292,62,92,#D759EB
293,62,92,#DA59EB
294,62,92,#DC59EB
295,62,92,#DE59EB
296,62,92,#E159EB
297,62,92,#E359EB
298,62,92,#E659EB
299,62,92,#E859EB
300,62,92,#EB59EB
301,62,92,#EB59E8
302,62,92,#EB59E6
303,62,92,#EB59E3
304,62,92,#EB59E1
305,62,92,#EB59DE
306,62,92,#EB59DC
307,62,92,#EB59DA
308,62,92,#EB59D7
309,62,92,#EB59D5
310,62,92,#EB59D2
311,62,92,#EB59D0
312,62,92,#EB59CE
313,62,92,#EB59CB
314,62,92,#EB59C9
315,62,92,#EB59C6
316,62,92,#EB59C4
317,62,92,#EB59C1
318,62,92,#EB59BF
319,62,92,#EB59BD
320,62,92,#EB59BA
321,62,92,#EB59B8
322,62,92,#EB59B5
323,62,92,#EB59B3
324,62,92,#EB59B0
325,62,92,#EB59AE
326,62,92,#EB59AC
327,62,92,#EB59A9
328,62,92,#EB59A7
329,62,92,#EB59A4
330,62,92,#EB59A2
331,62,92,#EB599F
332,62,92,#EB599D
333,62,92,#EB599B
334,62,92,#EB5998
335,62,92,#EB5996
336,62,92,#EB5993
337,62,92,#EB5991
338,62,92,#EB598E
339,62,92,#EB598C
340,62,92,#EB598A
341,62,92,#EB5987
342,62,92,#EB5985
343,62,92,#EB5982
344,62,92,#EB5980
345,62,92,#EB597E
346,62,92,#EB597B
347,62,92,#EB5979
348,62,92,#EB5976
349,62,92,#EB5974
350,62,92,#EB5971
351,62,92,#EB596F
352,62,92,#EB596D
353,62,92,#EB596A
354,62,92,#EB5968
355,62,92,#EB5965
356,62,92,#EB5963
357,62,92,#EB5960
358,62,92,#EB595E
359,62,92,#EB595C
0,61,92,#EB5B5B
1,61,92,#EB5E5B
2,61,92,#EB605B
3,61,92,#EB635B
4,61,92,#EB655B
5,61,92,#EB675B
6,61,92,#EB6A5B
7,61,92,#EB6C5B
8,61,92,#EB6F5B
9,61,92,#EB715B
10,61,92,#EB735B
11,61,92,#EB765B
12,61,92,#EB785B
13,61,92,#EB7B5B
14,61,92,#EB7D5B
15,61,92,#EB7F5B
16,61,92,#EB825B
17,61,92,#EB845B
18,61,92,#EB865B
19,61,92,#EB895B
20,61,92,#EB8B5B
21,61,92,#EB8E5B
22,61,92,#EB905B
23,61,92,#EB925B
24,61,92,#EB955B
25,61,92,#EB975B
26,61,92,#EB9A5B
27,61,92,#EB9C5B
28,61,92,#EB9E5B
29,61,92,#EBA15B
30,61,92,#EBA35B
31,61,92,#EBA55B
32,61,92,#EBA85B
33,61,92,#EBAA5B
34,61,92,#EBAD5B
35,61,92,#EBAF5B
36,61,92,#EBB15B
37,61,92,#EBB45B
38,61,92,#EBB65B
39,61,92,#EBB95B
40,61,92,#EBBB5B
41,61,92,#EBBD5B
42,61,92,#EBC05B
43,61,92,#EBC25B
44,61,92,#EBC45B
45,61,92,#EBC75B
46,61,92,#EBC95B
47,61,92,#EBCC5B
48,61,92,#EBCE5B
49,61,92,#EBD05B
50,61,92,#EBD35B
51,61,92,#EBD55B
52,61,92,#EBD85B
53,61,92,#EBDA5B
54,61,92,#EBDC5B
55,61,92,#EBDF5B
56,61,92,#EBE15B
57,61,92,#EBE35B
58,61,92,#EBE65B
59,61,92,#EBE85B
60,61,92,#EBEB5B
61,61,92,#E8EB5B
62,61,92,#E6EB5B
63,61,92,#E3EB5B
64,61,92,#E1EB5B
65,61,92,#DFEB5B
66,61,92,#DCEB5B
67,61,92,#DAEB5B
68,61,92,#D8EB5B
69,61,92,#D5EB5B
70,61,92,#D3EB5B
71,61,92,#D0EB5B
72,61,92,#CEEB5B
73,61,92,#CCEB5B
74,61,92,#C9EB5B
75,61,92,#C7EB5B
76,61,92,#C4EB5B
77,61,92,#C2EB5B
78,61,92,#C0EB5B
79,61,92,#BDEB5B
80,61,92,#BBEB5B
81,61,92,#B9EB5B
82,61,92,#B6EB5B
83,61,92,#B4EB5B
84,61,92,#B1EB5B
85,61,92,#AFEB5B
86,61,92,#ADEB5B
87,61,92,#AAEB5B
88,61,92,#A8EB5B
89,61,92,#A5EB5B
90,61,92,#A3EB5B
91,61,92,#A1EB5B
92,61,92,#9EEB5B
93,61,92,#9CEB5B
94,61,92,#9AEB5B
95,61,92,#97EB5B
96,61,92,#95EB5B
97,61,92,#92EB5B
98,61,92,#90EB5B
99,61,92,#8EEB5B
100,61,92,#8BEB5B
101,61,92,#89EB5B
102,61,92,#86EB5B
103,61,92,#84EB5B
104,61,92,#82EB5B
105,61,92,#7FEB5B
106,61,92,#7DEB5B
107,61,92,#7BEB5B
108,61,92,#78EB5B
109,61,92,#76EB5B
110,61,92,#73EB5B
111,61,92,#71EB5B
112,61,92,#6FEB5B
113,61,92,#6CEB5B
114,61,92,#6AEB5B
115,61,92,#67EB5B
116,61,92,#65EB5B
117,61,92,#63EB5B
118,61,92,#60EB5B
119,61,92,#5EEB5B
120,61,92,#5BEB5B
121,61,92,#5BEB5E
122,61,92,#5BEB60
123,61,92,#5BEB63
124,61,92,#5BEB65
125,61,92,#5BEB67
126,61,92,#5BEB6A
127,61,92,#5BEB6C
128,61,92,#5BEB6F
129,61,92,#5BEB71
130,61,92,#5BEB73
131,61,92,#5BEB76
132,61,92,#5BEB78
133,61,92,#5BEB7B
134,61,92,#5BEB7D
135,61,92,#5BEB7F
136,61,92,#5BEB82
137,61,92,#5BEB84
138,61,92,#5BEB86
139,61,92,#5BEB89
140,61,92,#5BEB8B
141,61,92,#5BEB8E
142,61,92,#5BEB90
143,61,92,#5BEB92
144,61,92,#5BEB95
145,61,92,#5BEB97
146,61,92,#5BEB9A
147,61,92,#5BEB9C
148,61,92,#5BEB9E
149,61,92,#5BEBA1
150,61,92,#5BEBA3
151,61,92,#5BEBA5
152,61,92,#5BEBA8
153,61,92,#5BEBAA
154,61,92,#5BEBAD
155,61,92,#5BEBAF
156,61,92,#5BEBB1
157,61,92,#5BEBB4
158,61,92,#5BEBB6
159,61,92,#5BEBB9
160,61,92,#5BEBBB
161,61,92,#5BEBBD
162,61,92,#5BEBC0
163,61,92,#5BEBC2
164,61,92,#5BEBC4
165,61,92,#5BEBC7
166,61,92,#5BEBC9
167,61,92,#5BEBCC
168,61,92,#5BEBCE
169,61,92,#5BEBD0
170,61,92,#5BEBD3
171,61,92,#5BEBD5
172,61,92,#5BEBD8
173,61,92,#5BEBDA
174,61,92,#5BEBDC
175,61,92,#5BEBDF
176,61,92,#5BEBE1
177,61,92,#5BEBE3
178,61,92,#5BEBE6
179,61,92,#5BEBE8
180,61,92,#5BEBEB
181,61,92,#5BE8EB
182,61,92,#5BE6EB
183,61,92,#5BE3EB
184,61,92,#5BE1EB
185,61,92,#5BDFEB
186,61,92,#5BDCEB
187,61,92,#5BDAEB
188,61,92,#5BD8EB
189,61,92,#5BD5EB
190,61,92,#5BD3EB
191,61,92,#5BD0EB
192,61,92,#5BCEEB
193,61,92,#5BCCEB
194,61,92,#5BC9EB
195,61,92,#5BC7EB
196,61,92,#5BC4EB
197,61,92,#5BC2EB
198,61,92,#5BC0EB
199,61,92,#5BBDEB
200,61,92,#5BBBEB
201,61,92,#5BB9EB
202,61,92,#5BB6EB
203,61,92,#5BB4EB
204,61,92,#5BB1EB
205,61,92,#5BAFEB
206,61,92,#5BADEB
207,61,92,#5BAAEB
208,61,92,#5BA8EB
209,61,92,#5BA5EB
210,61,92,#5BA3EB
211,61,92,#5BA1EB
212,61,92,#5B9EEB
213,61,92,#5B9CEB
214,61,92,#5B9AEB
215,61,92,#5B97EB
216,61,92,#5B95EB
217,61,92,#5B92EB
218,61,92,#5B90EB
219,61,92,#5B8EEB
220,61,92,#5B8BEB
221,61,92,#5B89EB
222,61,92,#5B86EB
223,61,92,#5B84EB
224,61,92,#5B82EB
225,61,92,#5B7FEB
226,61,92,#5B7DEB
227,61,92,#5B7BEB
228,61,92,#5B78EB
229,61,92,#5B76EB
230,61,92,#5B73EB
231,61,92,#5B71EB
232,61,92,#5B6FEB
233,61,92,#5B6CEB
234,61,92,#5B6AEB
235,61,92,#5B67EB
236,61,92,#5B65EB
237,61,92,#5B63EB
238,61,92,#5B60EB
239,61,92,#5B5EEB
240,61,92,#5B5BEB
241,61,92,#5E5BEB
242,61,92,#605BEB
243,61,92,#635BEB
244,61,92,#655BEB
245,61,92,#675BEB
246,61,92,#6A5BEB
247,61,92,#6C5BEB
248,61,92,#6F5BEB
249,61,92,#715BEB
250,61,92,#735BEB
251,61,92,#765BEB
252,61,92,#785BEB
253,61,92,#7B5BEB
254,61,92,#7D5BEB
255,61,92,#7F5BEB
256,61,92,#825BEB
257,61,92,#845BEB
258,61,92,#865BEB
259,61,92,#895BEB
260,61,92,#8B5BEB
261,61,92,#8E5BEB
262,61,92,#905BEB
263,61,92,#925BEB
264,61,92,#955BEB
265,61,92,#975BEB
266,61,92,#9A5BEB
267,61,92,#9C5BEB
268,61,92,#9E5BEB
269,61,92,#A15BEB
270,61,92,#A35BEB
271,61,92,#A55BEB
272,61,92,#A85BEB
273,61,92,#AA5BEB
274,61,92,#AD5BEB
275,61,92,#AF5BEB
276,61,92,#B15BEB
277,61,92,#B45BEB
278,61,92,#B65BEB
279,61,92,#B95BEB
280,61,92,#BB5BEB
281,61,92,#BD5BEB
282,61,92,#C05BEB
283,61,92,#C25BEB
284,61,92,#C45BEB
285,61,92,#C75BEB
286,61,92,#C95BEB
287,61,92,#CC5BEB
288,61,92,#CE5BEB
289,61,92,#D05BEB
290,61,92,#D35BEB
291,61,92,#D55BEB
292,61,92,#D85BEB
293,61,92,#DA5BEB
294,61,92,#DC5BEB
295,61,92,#DF5BEB
296,61,92,#E15BEB
297,61,92,#E35BEB
298,61,92,#E65BEB
299,61,92,#E85BEB
300,61,92,#EB5BEB
301,61,92,#EB5BE8
302,61,92,#EB5BE6
303,61,92,#EB5BE3
304,61,92,#EB5BE1
305,61,92,#EB5BDF
306,61,92,#EB5BDC
307,61,92,#EB5BDA
308,61,92,#EB5BD8
309,61,92,#EB5BD5
310,61,92,#EB5BD3
311,61,92,#EB5BD0
312,61,92,#EB5BCE
313,61,92,#EB5BCC
314,61,92,#EB5BC9
315,61,92,#EB5BC7
316,61,92,#EB5BC4
317,61,92,#EB5BC2
318,61,92,#EB5BC0
319,61,92,#EB5BBD
320,61,92,#EB5BBB
321,61,92,#EB5BB9
322,61,92,#EB5BB6
323,61,92,#EB5BB4
324,61,92,#EB5BB1
325,61,92,#EB5BAF
326,61,92,#EB5BAD
327,61,92,#EB5BAA
328,61,92,#EB5BA8
329,61,92,#EB5BA5
330,61,92,#EB5BA3
331,61,92,#EB5BA1
332,61,92,#EB5B9E
333,61,92,#EB5B9C
334,61,92,#EB5B9A
335,61,92,#EB5B97
336,61,92,#EB5B95
337,61,92,#EB5B92
338,61,92,#EB5B90
339,61,92,#EB5B8E
340,61,92,#EB5B8B
341,61,92,#EB5B89
342,61,92,#EB5B86
343,61,92,#EB5B84
344,61,92,#EB5B82
345,61,92,#EB5B7F
346,61,92,#EB5B7D
347,61,92,#EB5B7B
348,61,92,#EB5B78
349,61,92,#EB5B76
350,61,92,#EB5B73
351,61,92,#EB5B71
352,61,92,#EB5B6F
353,61,92,#EB5B6C
354,61,92,#EB5B6A
355,61,92,#EB5B67
356,61,92,#EB5B65
357,61,92,#EB5B63
358,61,92,#EB5B60
359,61,92,#EB5B5E
0,60,92,#EB5E5E
1,60,92,#EB605E
2,60,92,#EB635E
3,60,92,#EB655E
4,60,92,#EB675E
5,60,92,#EB6A5E
6,60,92,#EB6C5E
7,60,92,#EB6E5E
8,60,92,#EB715E
9,60,92,#EB735E
10,60,92,#EB755E
11,60,92,#EB785E
12,60,92,#EB7A5E
13,60,92,#EB7C5E
14,60,92,#EB7F5E
15,60,92,#EB815E
16,60,92,#EB835E
17,60,92,#EB865E
18,60,92,#EB885E
19,60,92,#EB8A5E
20,60,92,#EB8D5E
21,60,92,#EB8F5E
22,60,92,#EB915E
23,60,92,#EB945E
24,60,92,#EB965E
25,60,92,#EB985E
26,60,92,#EB9B5E
27,60,92,#EB9D5E
28,60,92,#EBA05E
29,60,92,#EBA25E
30,60,92,#EBA45E
31,60,92,#EBA75E
32,60,92,#EBA95E
33,60,92,#EBAB5E
34,60,92,#EBAE5E
35,60,92,#EBB05E
36,60,92,#EBB25E
37,60,92,#EBB55E
38,60,92,#EBB75E
39,60,92,#EBB95E
40,60,92,#EBBC5E
41,60,92,#EBBE5E
42,60,92,#EBC05E
43,60,92,#EBC35E
44,60,92,#EBC55E
45,60,92,#EBC75E
46,60,92,#EBCA5E
47,60,92,#EBCC5E
48,60,92,#EBCE5E
49,60,92,#EBD15E
50,60,92,#EBD35E
51,60,92,#EBD55E
52,60,92,#EBD85E
53,60,92,#EBDA5E
54,60,92,#EBDD5E
55,60,92,#EBDF5E
56,60,92,#EBE15E
57,60,92,#EBE45E
58,60,92,#EBE65E
59,60,92,#EBE85E
60,60,92,#EBEB5E
61,60,92,#E8EB5E
62,60,92,#E6EB5E
63,60,92,#E4EB5E
64,60,92,#E1EB5E
65,60,92,#DFEB5E
66,60,92,#DDEB5E
67,60,92,#DAEB5E
68,60,92,#D8EB5E
69,60,92,#D5EB5E
70,60,92,#D3EB5E
71,60,92,#D1EB5E
72,60,92,#CEEB5E
73,60,92,#CCEB5E
74,60,92,#CAEB5E
75,60,92,#C7EB5E
76,60,92,#C5EB5E
77,60,92,#C3EB5E
78,60,92,#C0EB5E
79,60,92,#BEEB5E
80,60,92,#BCEB5E
81,60,92,#B9EB5E
82,60,92,#B7EB5E
83,60,92,#B5EB5E
84,60,92,#B2EB5E
85,60,92,#B0EB5E
86,60,92,#AEEB5E
87,60,92,#ABEB5E
88,60,92,#A9EB5E
89,60,92,#A7EB5E
90,60,92,#A4EB5E
91,60,92,#A2EB5E
92,60,92,#A0EB5E
93,60,92,#9DEB5E
94,60,92,#9BEB5E
95,60,92,#98EB5E
96,60,92,#96EB5E
97,60,92,#94EB5E
98,60,92,#91EB5E
99,60,92,#8FEB5E
100,60,92,#8DEB5E
101,60,92,#8AEB5E
102,60,92,#88EB5E
103,60,92,#86EB5E
104,60,92,#83EB5E
105,60,92,#81EB5E
106,60,92,#7FEB5E
107,60,92,#7CEB5E
108,60,92,#7AEB5E
109,60,92,#78EB5E
110,60,92,#75EB5E
111,60,92,#73EB5E
112,60,92,#71EB5E
113,60,92,#6EEB5E
114,60,92,#6CEB5E
115,60,92,#6AEB5E
116,60,92,#67EB5E
117,60,92,#65EB5E
118,60,92,#63EB5E
119,60,92,#60EB5E
120,60,92,#5EEB5E
121,60,92,#5EEB60
122,60,92,#5EEB63
123,60,92,#5EEB65
124,60,92,#5EEB67
125,60,92,#5EEB6A
126,60,92,#5EEB6C
127,60,92,#5EEB6E
128,60,92,#5EEB71
129,60,92,#5EEB73
130,60,92,#5EEB75
131,60,92,#5EEB78
132,60,92,#5EEB7A
133,60,92,#5EEB7C
134,60,92,#5EEB7F
135,60,92,#5EEB81
136,60,92,#5EEB83
137,60,92,#5EEB86
138,60,92,#5EEB88
139,60,92,#5EEB8A
140,60,92,#5EEB8D
141,60,92,#5EEB8F
142,60,92,#5EEB91
143,60,92,#5EEB94
144,60,92,#5EEB96
145,60,92,#5EEB98
146,60,92,#5EEB9B
147,60,92,#5EEB9D
148,60,92,#5EEBA0
149,60,92,#5EEBA2
150,60,92,#5EEBA4
151,60,92,#5EEBA7
152,60,92,#5EEBA9
153,60,92,#5EEBAB
154,60,92,#5EEBAE
155,60,92,#5EEBB0
156,60,92,#5EEBB2
157,60,92,#5EEBB5
158,60,92,#5EEBB7
159,60,92,#5EEBB9
160,60,92,#5EEBBC
161,60,92,#5EEBBE
162,60,92,#5EEBC0
163,60,92,#5EEBC3
164,60,92,#5EEBC5
165,60,92,#5EEBC7
166,60,92,#5EEBCA
167,60,92,#5EEBCC
168,60,92,#5EEBCE
169,60,92,#5EEBD1
170,60,92,#5EEBD3
171,60,92,#5EEBD5
172,60,92,#5EEBD8
173,60,92,#5EEBDA
174,60,92,#5EEBDD
175,60,92,#5EEBDF
176,60,92,#5EEBE1
177,60,92,#5EEBE4
178,60,92,#5EEBE6
179,60,92,#5EEBE8
180,60,92,#5EEBEB
181,60,92,#5EE8EB
182,60,92,#5EE6EB
183,60,92,#5EE4EB
184,60,92,#5EE1EB
185,60,92,#5EDFEB
186,60,92,#5EDDEB
187,60,92,#5EDAEB
188,60,92,#5ED8EB
189,60,92,#5ED5EB
190,60,92,#5ED3EB
191,60,92,#5ED1EB
192,60,92,#5ECEEB
193,60,92,#5ECCEB
194,60,92,#5ECAEB
195,60,92,#5EC7EB
196,60,92,#5EC5EB
197,60,92,#5EC3EB
198,60,92,#5EC0EB
199,60,92,#5EBEEB
200,60,92,#5EBCEB
201,60,92,#5EB9EB
202,60,92,#5EB7EB
203,60,92,#5EB5EB
204,60,92,#5EB2EB
205,60,92,#5EB0EB
206,60,92,#5EAEEB
207,60,92,#5EABEB
208,60,92,#5EA9EB
209,60,92,#5EA7EB
210,60,92,#5EA4EB
211,60,92,#5EA2EB
212,60,92,#5EA0EB
213,60,92,#5E9DEB
214,60,92,#5E9BEB
215,60,92,#5E98EB
216,60,92,#5E96EB
217,60,92,#5E94EB
218,60,92,#5E91EB
219,60,92,#5E8FEB
220,60,92,#5E8DEB
221,60,92,#5E8AEB
222,60,92,#5E88EB
223,60,92,#5E86EB
224,60,92,#5E83EB
225,60,92,#5E81EB
226,60,92,#5E7FEB
227,60,92,#5E7CEB
228,60,92,#5E7AEB
229,60,92,#5E78EB
230,60,92,#5E75EB
231,60,92,#5E73EB
232,60,92,#5E71EB
233,60,92,#5E6EEB
234,60,92,#5E6CEB
235,60,92,#5E6AEB
236,60,92,#5E67EB
237,60,92,#5E65EB
238,60,92,#5E63EB
239,60,92,#5E60EB
240,60,92,#5E5EEB
241,60,92,#605EEB
242,60,92,#635EEB
243,60,92,#655EEB
244,60,92,#675EEB
245,60,92,#6A5EEB
246,60,92,#6C5EEB
247,60,92,#6E5EEB
248,60,92,#715EEB
249,60,92,#735EEB
250,60,92,#755EEB
251,60,92,#785EEB
252,60,92,#7A5EEB
253,60,92,#7C5EEB
254,60,92,#7F5EEB
255,60,92,#815EEB
256,60,92,#835EEB
257,60,92,#865EEB
258,60,92,#885EEB
259,60,92,#8A5EEB
260,60,92,#8D5EEB
261,60,92,#8F5EEB
262,60,92,#915EEB
263,60,92,#945EEB
264,60,92,#965EEB
265,60,92,#985EEB
266,60,92,#9B5EEB
267,60,92,#9D5EEB
268,60,92,#A05EEB
269,60,92,#A25EEB
270,60,92,#A45EEB
271,60,92,#A75EEB
272,60,92,#A95EEB
273,60,92,#AB5EEB
274,60,92,#AE5EEB
275,60,92,#B05EEB
276,60,92,#B25EEB
277,60,92,#B55EEB
278,60,92,#B75EEB
279,60,92,#B95EEB
280,60,92,#BC5EEB
281,60,92,#BE5EEB
282,60,92,#C05EEB
283,60,92,#C35EEB
284,60,92,#C55EEB
285,60,92,#C75EEB
286,60,92,#CA5EEB
287,60,92,#CC5EEB
288,60,92,#CE5EEB
289,60,92,#D15EEB
290,60,92,#D35EEB
291,60,92,#D55EEB
292,60,92,#D85EEB
293,60,92,#DA5EEB
294,60,92,#DD5EEB
295,60,92,#DF5EEB
296,60,92,#E15EEB
297,60,92,#E45EEB
298,60,92,#E65EEB
299,60,92,#E85EEB
300,60,92,#EB5EEB
301,60,92,#EB5EE8
302,60,92,#EB5EE6
303,60,92,#EB5EE4
304,60,92,#EB5EE1
305,60,92,#EB5EDF
306,60,92,#EB5EDD
307,60,92,#EB5EDA
308,60,92,#EB5ED8
309,60,92,#EB5ED5
310,60,92,#EB5ED3
311,60,92,#EB5ED1
312,60,92,#EB5ECE
313,60,92,#EB5ECC
314,60,92,#EB5ECA
315,60,92,#EB5EC7
316,60,92,#EB5EC5
317,60,92,#EB5EC3
318,60,92,#EB5EC0
319,60,92,#EB5EBE
320,60,92,#EB5EBC
321,60,92,#EB5EB9
322,60,92,#EB5EB7
323,60,92,#EB5EB5
324,60,92,#EB5EB2
325,60,92,#EB5EB0
326,60,92,#EB5EAE
327,60,92,#EB5EAB
328,60,92,#EB5EA9
329,60,92,#EB5EA7
330,60,92,#EB5EA4
331,60,92,#EB5EA2
332,60,92,#EB5EA0
333,60,92,#EB5E9D
334,60,92,#EB5E9B
335,60,92,#EB5E98
336,60,92,#EB5E96
337,60,92,#EB5E94
338,60,92,#EB5E91
339,60,92,#EB5E8F
340,60,92,#EB5E8D
341,60,92,#EB5E8A
342,60,92,#EB5E88
343,60,92,#EB5E86
344,60,92,#EB5E83
345,60,92,#EB5E81
346,60,92,#EB5E7F
347,60,92,#EB5E7C
348,60,92,#EB5E7A
349,60,92,#EB5E78
350,60,92,#EB5E75
351,60,92,#EB5E73
352,60,92,#EB5E71
353,60,92,#EB5E6E
354,60,92,#EB5E6C
355,60,92,#EB5E6A
356,60,92,#EB5E67
357,60,92,#EB5E65
358,60,92,#EB5E63
359,60,92,#EB5E60
0,59,92,#EB6060
1,59,92,#EB6260
2,59,92,#EB6560
3,59,92,#EB6760
4,59,92,#EB6960
5,59,92,#EB6C60
6,59,92,#EB6E60
7,59,92,#EB7060
8,59,92,#EB7360
9,59,92,#EB7560
10,59,92,#EB7760
11,59,92,#EB7A60
12,59,92,#EB7C60
13,59,92,#EB7E60
14,59,92,#EB8060
15,59,92,#EB8360
16,59,92,#EB8560
17,59,92,#EB8760
18,59,92,#EB8A60
19,59,92,#EB8C60
20,59,92,#EB8E60
21,59,92,#EB9160
22,59,92,#EB9360
23,59,92,#EB9560
24,59,92,#EB9860
25,59,92,#EB9A60
26,59,92,#EB9C60
27,59,92,#EB9E60
28,59,92,#EBA160
29,59,92,#EBA360
30,59,92,#EBA560
31,59,92,#EBA860
32,59,92,#EBAA60
33,59,92,#EBAC60
34,59,92,#EBAF60
35,59,92,#EBB160
36,59,92,#EBB360
37,59,92,#EBB660
38,59,92,#EBB860
39,59,92,#EBBA60
40,59,92,#EBBC60
41,59,92,#EBBF60
42,59,92,#EBC160
43,59,92,#EBC360
44,59,92,#EBC660
45,59,92,#EBC860
46,59,92,#EBCA60
47,59,92,#EBCD60
48,59,92,#EBCF60
49,59,92,#EBD160
50,59,92,#EBD460
51,59,92,#EBD660
52,59,92,#EBD860
53,59,92,#EBDA60
54,59,92,#EBDD60
55,59,92,#EBDF60
56,59,92,#EBE160
57,59,92,#EBE460
58,59,92,#EBE660
59,59,92,#EBE860
60,59,92,#EBEB60
61,59,92,#E8EB60
62,59,92,#E6EB60
63,59,92,#E4EB60
64,59,92,#E1EB60
65,59,92,#DFEB60
66,59,92,#DDEB60
67,59,92,#DAEB60
68,59,92,#D8EB60
69,59,92,#D6EB60
70,59,92,#D4EB60
71,59,92,#D1EB60
72,59,92,#CFEB60
73,59,92,#CDEB60
74,59,92,#CAEB60
75,59,92,#C8EB60
76,59,92,#C6EB60
77,59,92,#C3EB60
78,59,92,#C1EB60
79,59,92,#BFEB60
80,59,92,#BCEB60
81,59,92,#BAEB60
82,59,92,#B8EB60
83,59,92,#B6EB60
84,59,92,#B3EB60
85,59,92,#B1EB60
86,59,92,#AFEB60
87,59,92,#ACEB60
88,59,92,#AAEB60
89,59,92,#A8EB60
90,59,92,#A5EB60
91,59,92,#A3EB60
92,59,92,#A1EB60
93,59,92,#9EEB60
94,59,92,#9CEB60
95,59,92,#9AEB60
96,59,92,#98EB60
97,59,92,#95EB60
98,59,92,#93EB60
99,59,92,#91EB60
100,59,92,#8EEB60
101,59,92,#8CEB60
102,59,92,#8AEB60
103,59,92,#87EB60
104,59,92,#85EB60
105,59,92,#83EB60
106,59,92,#80EB60
107,59,92,#7EEB60
108,59,92,#7CEB60
109,59,92,#7AEB60
110,59,92,#77EB60
111,59,92,#75EB60
112,59,92,#73EB60
113,59,92,#70EB60
114,59,92,#6EEB60
115,59,92,#6CEB60
116,59,92,#69EB60
117,59,92,#67EB60
118,59,92,#65EB60
119,59,92,#62EB60
120,59,92,#60EB60
121,59,92,#60EB62
122,59,92,#60EB65
123,59,92,#60EB67
124,59,92,#60EB69
125,59,92,#60EB6C
126,59,92,#60EB6E
127,59,92,#60EB70
128,59,92,#60EB73
129,59,92,#60EB75
130,59,92,#60EB77
131,59,92,#60EB7A
132,59,92,#60EB7C
133,59,92,#60EB7E
134,59,92,#60EB80
135,59,92,#60EB83
136,59,92,#60EB85
137,59,92,#60EB87
138,59,92,#60EB8A
139,59,92,#60EB8C
140,59,92,#60EB8E
141,59,92,#60EB91
142,59,92,#60EB93
143,59,92,#60EB95
144,59,92,#60EB98
145,59,92,#60EB9A
146,59,92,#60EB9C
147,59,92,#60EB9E
148,59,92,#60EBA1
149,59,92,#60EBA3
150,59,92,#60EBA5
151,59,92,#60EBA8
152,59,92,#60EBAA
153,59,92,#60EBAC
154,59,92,#60EBAF
155,59,92,#60EBB1
156,59,92,#60EBB3
157,59,92,#60EBB6
158,59,92,#60EBB8
159,59,92,#60EBBA
160,59,92,#60EBBC
161,59,92,#60EBBF
162,59,92,#60EBC1
163,59,92,#60EBC3
164,59,92,#60EBC6
165,59,92,#60EBC8
166,59,92,#60EBCA
167,59,92,#60EBCD
168,59,92,#60EBCF
169,59,92,#60EBD1
170,59,92,#60EBD4
171,59,92,#60EBD6
172,59,92,#60EBD8
173,59,92,#60EBDA
174,59,92,#60EBDD
175,59,92,#60EBDF
176,59,92,#60EBE1
177,59,92,#60EBE4
178,59,92,#60EBE6
179,59,92,#60EBE8
180,59,92,#60EBEB
181,59,92,#60E8EB
182,59,92,#60E6EB
183,59,92,#60E4EB
184,59,92,#60E1EB
185,59,92,#60DFEB
186,59,92,#60DDEB
187,59,92,#60DAEB
188,59,92,#60D8EB
189,59,92,#60D6EB
190,59,92,#60D4EB
191,59,92,#60D1EB
192,59,92,#60CFEB
193,59,92,#60CDEB
194,59,92,#60CAEB
195,59,92,#60C8EB
196,59,92,#60C6EB
197,59,92,#60C3EB
198,59,92,#60C1EB
199,59,92,#60BFEB
200,59,92,#60BCEB
201,59,92,#60BAEB
202,59,92,#60B8EB
203,59,92,#60B6EB
204,59,92,#60B3EB
205,59,92,#60B1EB
206,59,92,#60AFEB
207,59,92,#60ACEB
208,59,92,#60AAEB
209,59,92,#60A8EB
210,59,92,#60A5EB
211,59,92,#60A3EB
212,59,92,#60A1EB
213,59,92,#609EEB
214,59,92,#609CEB
215,59,92,#609AEB
216,59,92,#6098EB
217,59,92,#6095EB
218,59,92,#6093EB
219,59,92,#6091EB
220,59,92,#608EEB
221,59,92,#608CEB
222,59,92,#608AEB
223,59,92,#6087EB
224,59,92,#6085EB
225,59,92,#6083EB
226,59,92,#6080EB
227,59,92,#607EEB
228,59,92,#607CEB
229,59,92,#607AEB
230,59,92,#6077EB
231,59,92,#6075EB
232,59,92,#6073EB
233,59,92,#6070EB
234,59,92,#606EEB
235,59,92,#606CEB
236,59,92,#6069EB
237,59,92,#6067EB
238,59,92,#6065EB
239,59,92,#6062EB
240,59,92,#6060EB
241,59,92,#6260EB
242,59,92,#6560EB
243,59,92,#6760EB
244,59,92,#6960EB
245,59,92,#6C60EB
246,59,92,#6E60EB
247,59,92,#7060EB
248,59,92,#7360EB
249,59,92,#7560EB
250,59,92,#7760EB
251,59,92,#7A60EB
252,59,92,#7C60EB
253,59,92,#7E60EB
254,59,92,#8060EB
255,59,92,#8360EB
256,59,92,#8560EB
257,59,92,#8760EB
258,59,92,#8A60EB
259,59,92,#8C60EB
260,59,92,#8E60EB
261,59,92,#9160EB
262,59,92,#9360EB
263,59,92,#9560EB
264,59,92,#9860EB
265,59,92,#9A60EB
266,59,92,#9C60EB
267,59,92,#9E60EB
268,59,92,#A160EB
269,59,92,#A360EB
270,59,92,#A560EB
271,59,92,#A860EB
272,59,92,#AA60EB
273,59,92,#AC60EB
274,59,92,#AF60EB
275,59,92,#B160EB
276,59,92,#B360EB
277,59,92,#B660EB
278,59,92,#B860EB
279,59,92,#BA60EB
280,59,92,#BC60EB
281,59,92,#BF60EB
282,59,92,#C160EB
283,59,92,#C360EB
284,59,92,#C660EB
285,59,92,#C860EB
286,59,92,#CA60EB
287,59,92,#CD60EB
288,59,92,#CF60EB
289,59,92,#D160EB
290,59,92,#D460EB
291,59,92,#D660EB
292,59,92,#D860EB
293,59,92,#DA60EB
294,59,92,#DD60EB
295,59,92,#DF60EB
296,59,92,#E160EB
297,59,92,#E460EB
298,59,92,#E660EB
299,59,92,#E860EB
300,59,92,#EB60EB
301,59,92,#EB60E8
302,59,92,#EB60E6
303,59,92,#EB60E4
304,59,92,#EB60E1
305,59,92,#EB60DF
306,59,92,#EB60DD
307,59,92,#EB60DA
308,59,92,#EB60D8
309,59,92,#EB60D6
310,59,92,#EB60D4
311,59,92,#EB60D1
312,59,92,#EB60CF
313,59,92,#EB60CD
314,59,92,#EB60CA
315,59,92,#EB60C8
316,59,92,#EB60C6
317,59,92,#EB60C3
318,59,92,#EB60C1
319,59,92,#EB60BF
320,59,92,#EB60BC
321,59,92,#EB60BA
322,59,92,#EB60B8
323,59,92,#EB60B6
324,59,92,#EB60B3
325,59,92,#EB60B1
326,59,92,#EB60AF
327,59,92,#EB60AC
328,59,92,#EB60AA
329,59,92,#EB60A8
330,59,92,#EB60A5
331,59,92,#EB60A3
332,59,92,#EB60A1
333,59,92,#EB609E
334,59,92,#EB609C
335,59,92,#EB609A
336,59,92,#EB6098
337,59,92,#EB6095
338,59,92,#EB6093
339,59,92,#EB6091
340,59,92,#EB608E
341,59,92,#EB608C
342,59,92,#EB608A
343,59,92,#EB6087
344,59,92,#EB6085
345,59,92,#EB6083
346,59,92,#EB6080
347,59,92,#EB607E
348,59,92,#EB607C
349,59,92,#EB607A
350,59,92,#EB6077
351,59,92,#EB6075
352,59,92,#EB6073
353,59,92,#EB6070
354,59,92,#EB606E
355,59,92,#EB606C
356,59,92,#EB6069
357,59,92,#EB6067
358,59,92,#EB6065
359,59,92,#EB6062
0,58,92,#EB6363
1,58,92,#EB6563
2,58,92,#EB6763
3,58,92,#EB6963
4,58,92,#EB6C63
5,58,92,#EB6E63
6,58,92,#EB7063
7,58,92,#EB7263
8,58,92,#EB7563
9,58,92,#EB7763
10,58,92,#EB7963
11,58,92,#EB7B63
12,58,92,#EB7E63
13,58,92,#EB8063
14,58,92,#EB8263
15,58,92,#EB8563
16,58,92,#EB8763
17,58,92,#EB8963
18,58,92,#EB8B63
19,58,92,#EB8E63
20,58,92,#EB9063
21,58,92,#EB9263
22,58,92,#EB9463
23,58,92,#EB9763
24,58,92,#EB9963
25,58,92,#EB9B63
26,58,92,#EB9D63
27,58,92,#EBA063
28,58,92,#EBA263
29,58,92,#EBA463
30,58,92,#EBA763
31,58,92,#EBA963
32,58,92,#EBAB63
33,58,92,#EBAD63
34,58,92,#EBB063
35,58,92,#EBB263
36,58,92,#EBB463
37,58,92,#EBB663
38,58,92,#EBB963
39,58,92,#EBBB63
40,58,92,#EBBD63
41,58,92,#EBC063
42,58,92,#EBC263
43,58,92,#EBC463
44,58,92,#EBC663
45,58,92,#EBC963
46,58,92,#EBCB63
47,58,92,#EBCD63
48,58,92,#EBCF63
49,58,92,#EBD263
50,58,92,#EBD463
51,58,92,#EBD663
52,58,92,#EBD863
53,58,92,#EBDB63
54,58,92,#EBDD63
55,58,92,#EBDF63
56,58,92,#EBE263
57,58,92,#EBE463
58,58,92,#EBE663
59,58,92,#EBE863
60,58,92,#EBEB63
61,58,92,#E8EB63
62,58,92,#E6EB63
63,58,92,#E4EB63
64,58,92,#E2EB63
65,58,92,#DFEB63
66,58,92,#DDEB63
67,58,92,#DBEB63
68,58,92,#D8EB63
69,58,92,#D6EB63
70,58,92,#D4EB63
71,58,92,#D2EB63
72,58,92,#CFEB63
73,58,92,#CDEB63
74,58,92,#CBEB63
75,58,92,#C9EB63
76,58,92,#C6EB63
77,58,92,#C4EB63
78,58,92,#C2EB63
79,58,92,#C0EB63
80,58,92,#BDEB63
81,58,92,#BBEB63
82,58,92,#B9EB63
83,58,92,#B6EB63
84,58,92,#B4EB63
85,58,92,#B2EB63
86,58,92,#B0EB63
87,58,92,#ADEB63
88,58,92,#ABEB63
89,58,92,#A9EB63
90,58,92,#A7EB63
91,58,92,#A4EB63
92,58,92,#A2EB63
93,58,92,#A0EB63
94,58,92,#9DEB63
95,58,92,#9BEB63
96,58,92,#99EB63
97,58,92,#97EB63
98,58,92,#94EB63
99,58,92,#92EB63
100,58,92,#90EB63
101,58,92,#8EEB63
102,58,92,#8BEB63
103,58,92,#89EB63
104,58,92,#87EB63
105,58,92,#85EB63
106,58,92,#82EB63
107,58,92,#80EB63
108,58,92,#7EEB63
109,58,92,#7BEB63
110,58,92,#79EB63
111,58,92,#77EB63
112,58,92,#75EB63
113,58,92,#72EB63
114,58,92,#70EB63
115,58,92,#6EEB63
116,58,92,#6CEB63
117,58,92,#69EB63
118,58,92,#67EB63
119,58,92,#65EB63
120,58,92,#63EB63
121,58,92,#63EB65
122,58,92,#63EB67
123,58,92,#63EB69
124,58,92,#63EB6C
125,58,92,#63EB6E
126,58,92,#63EB70
127,58,92,#63EB72
128,58,92,#63EB75
129,58,92,#63EB77
130,58,92,#63EB79
131,58,92,#63EB7B
132,58,92,#63EB7E
133,58,92,#63EB80
134,58,92,#63EB82
135,58,92,#63EB85
136,58,92,#63EB87
137,58,92,#63EB89
138,58,92,#63EB8B
139,58,92,#63EB8E
140,58,92,#63EB90
141,58,92,#63EB92
142,58,92,#63EB94
143,58,92,#63EB97
144,58,92,#63EB99
145,58,92,#63EB9B
146,58,92,#63EB9D
147,58,92,#63EBA0
148,58,92,#63EBA2
149,58,92,#63EBA4
150,58,92,#63EBA7
151,58,92,#63EBA9
152,58,92,#63EBAB
153,58,92,#63EBAD
154,58,92,#63EBB0
155,58,92,#63EBB2
156,58,92,#63EBB4
157,58,92,#63EBB6
158,58,92,#63EBB9
159,58,92,#63EBBB
160,58,92,#63EBBD
161,58,92,#63EBC0
162,58,92,#63EBC2
163,58,92,#63EBC4
164,58,92,#63EBC6
165,58,92,#63EBC9
166,58,92,#63EBCB
167,58,92,#63EBCD
168,58,92,#63EBCF
169,58,92,#63EBD2
170,58,92,#63EBD4
171,58,92,#63EBD6
172,58,92,#63EBD8
173,58,92,#63EBDB
174,58,92,#63EBDD
175,58,92,#63EBDF
176,58,92,#63EBE2
177,58,92,#63EBE4
178,58,92,#63EBE6
179,58,92,#63EBE8
180,58,92,#63EBEB
181,58,92,#63E8EB
182,58,92,#63E6EB
183,58,92,#63E4EB
184,58,92,#63E2EB
185,58,92,#63DFEB
186,58,92,#63DDEB
187,58,92,#63DBEB
188,58,92,#63D8EB
189,58,92,#63D6EB
190,58,92,#63D4EB
191,58,92,#63D2EB
192,58,92,#63CFEB
193,58,92,#63CDEB
194,58,92,#63CBEB
195,58,92,#63C9EB
196,58,92,#63C6EB
197,58,92,#63C4EB
198,58,92,#63C2EB
199,58,92,#63C0EB
200,58,92,#63BDEB
201,58,92,#63BBEB
202,58,92,#63B9EB
203,58,92,#63B6EB
204,58,92,#63B4EB
205,58,92,#63B2EB
206,58,92,#63B0EB
207,58,92,#63ADEB
208,58,92,#63ABEB
209,58,92,#63A9EB
210,58,92,#63A7EB
211,58,92,#63A4EB
212,58,92,#63A2EB
213,58,92,#63A0EB
214,58,92,#639DEB
215,58,92,#639BEB
216,58,92,#6399EB
217,58,92,#6397EB
218,58,92,#6394EB
219,58,92,#6392EB
220,58,92,#6390EB
221,58,92,#638EEB
222,58,92,#638BEB
223,58,92,#6389EB
224,58,92,#6387EB
225,58,92,#6385EB
226,58,92,#6382EB
227,58,92,#6380EB
228,58,92,#637EEB
229,58,92,#637BEB
230,58,92,#6379EB
231,58,92,#6377EB
232,58,92,#6375EB
233,58,92,#6372EB
234,58,92,#6370EB
235,58,92,#636EEB
236,58,92,#636CEB
237,58,92,#6369EB
238,58,92,#6367EB
239,58,92,#6365EB
240,58,92,#6363EB
241,58,92,#6563EB
242,58,92,#6763EB
243,58,92,#6963EB
244,58,92,#6C63EB
245,58,92,#6E63EB
246,58,92,#7063EB
247,58,92,#7263EB
248,58,92,#7563EB
249,58,92,#7763EB
250,58,92,#7963EB
251,58,92,#7B63EB
252,58,92,#7E63EB
253,58,92,#8063EB
254,58,92,#8263EB
255,58,92,#8563EB
256,58,92,#8763EB
257,58,92,#8963EB
258,58,92,#8B63EB
259,58,92,#8E63EB
260,58,92,#9063EB
261,58,92,#9263EB
262,58,92,#9463EB
263,58,92,#9763EB
264,58,92,#9963EB
265,58,92,#9B63EB
266,58,92,#9D63EB
267,58,92,#A063EB
268,58,92,#A263EB
269,58,92,#A463EB
270,58,92,#A763EB
271,58,92,#A963EB
272,58,92,#AB63EB
273,58,92,#AD63EB
274,58,92,#B063EB
275,58,92,#B263EB
276,58,92,#B463EB
277,58,92,#B663EB
278,58,92,#B963EB
279,58,92,#BB63EB
280,58,92,#BD63EB
281,58,92,#C063EB
282,58,92,#C263EB
283,58,92,#C463EB
284,58,92,#C663EB
285,58,92,#C963EB
286,58,92,#CB63EB
287,58,92,#CD63EB
288,58,92,#CF63EB
289,58,92,#D263EB
290,58,92,#D463EB
291,58,92,#D663EB
292,58,92,#D863EB
293,58,92,#DB63EB
294,58,92,#DD63EB
295,58,92,#DF63EB
296,58,92,#E263EB
297,58,92,#E463EB
298,58,92,#E663EB
299,58,92,#E863EB
300,58,92,#EB63EB
301,58,92,#EB63E8
302,58,92,#EB63E6
303,58,92,#EB63E4
304,58,92,#EB63E2
305,58,92,#EB63DF
306,58,92,#EB63DD
307,58,92,#EB63DB
308,58,92,#EB63D8
309,58,92,#EB63D6
310,58,92,#EB63D4
311,58,92,#EB63D2
312,58,92,#EB63CF
313,58,92,#EB63CD
314,58,92,#EB63CB
315,58,92,#EB63C9
316,58,92,#EB63C6
317,58,92,#EB63C4
318,58,92,#EB63C2
319,58,92,#EB63C0
320,58,92,#EB63BD
321,58,92,#EB63BB
322,58,92,#EB63B9
323,58,92,#EB63B6
324,58,92,#EB63B4
325,58,92,#EB63B2
326,58,92,#EB63B0
327,58,92,#EB63AD
328,58,92,#EB63AB
329,58,92,#EB63A9
330,58,92,#EB63A7
331,58,92,#EB63A4
332,58,92,#EB63A2
333,58,92,#EB63A0
334,58,92,#EB639D
335,58,92,#EB639B
336,58,92,#EB6399
337,58,92,#EB6397
338,58,92,#EB6394
339,58,92,#EB6392
340,58,92,#EB6390
341,58,92,#EB638E
342,58,92,#EB638B
343,58,92,#EB6389
344,58,92,#EB6387
345,58,92,#EB6385
346,58,92,#EB6382
347,58,92,#EB6380
348,58,92,#EB637E
349,58,92,#EB637B
350,58,92,#EB6379
351,58,92,#EB6377
352,58,92,#EB6375
353,58,92,#EB6372
354,58,92,#EB6370
355,58,92,#EB636E
356,58,92,#EB636C
357,58,92,#EB6369
358,58,92,#EB6367
359,58,92,#EB6365
0,57,92,#EB6565
1,57,92,#EB6765
2,57,92,#EB6965
3,57,92,#EB6C65
4,57,92,#EB6E65
5,57,92,#EB7065
6,57,92,#EB7265
7,57,92,#EB7465
8,57,92,#EB7765
9,57,92,#EB7965
10,57,92,#EB7B65
11,57,92,#EB7D65
12,57,92,#EB8065
13,57,92,#EB8265
14,57,92,#EB8465
15,57,92,#EB8665
16,57,92,#EB8965
17,57,92,#EB8B65
18,57,92,#EB8D65
19,57,92,#EB8F65
20,57,92,#EB9165
21,57,92,#EB9465
22,57,92,#EB9665
23,57,92,#EB9865
24,57,92,#EB9A65
25,57,92,#EB9D65
26,57,92,#EB9F65
27,57,92,#EBA165
28,57,92,#EBA365
29,57,92,#EBA665
30,57,92,#EBA865
31,57,92,#EBAA65
32,57,92,#EBAC65
33,57,92,#EBAE65
34,57,92,#EBB165
35,57,92,#EBB365
36,57,92,#EBB565
37,57,92,#EBB765
38,57,92,#EBBA65
39,57,92,#EBBC65
40,57,92,#EBBE65
41,57,92,#EBC065
42,57,92,#EBC265
43,57,92,#EBC565
44,57,92,#EBC765
45,57,92,#EBC965
46,57,92,#EBCB65
47,57,92,#EBCE65
48,57,92,#EBD065
49,57,92,#EBD265
50,57,92,#EBD465
51,57,92,#EBD765
52,57,92,#EBD965
53,57,92,#EBDB65
54,57,92,#EBDD65
55,57,92,#EBDF65
56,57,92,#EBE265
57,57,92,#EBE465
58,57,92,#EBE665
59,57,92,#EBE865
60,57,92,#EBEB65
61,57,92,#E8EB65
62,57,92,#E6EB65
63,57,92,#E4EB65
64,57,92,#E2EB65
65,57,92,#DFEB65
66,57,92,#DDEB65
67,57,92,#DBEB65
68,57,92,#D9EB65
69,57,92,#D7EB65
70,57,92,#D4EB65
71,57,92,#D2EB65
72,57,92,#D0EB65
73,57,92,#CEEB65
74,57,92,#CBEB65
75,57,92,#C9EB65
76,57,92,#C7EB65
77,57,92,#C5EB65
78,57,92,#C2EB65
79,57,92,#C0EB65
80,57,92,#BEEB65
81,57,92,#BCEB65
82,57,92,#BAEB65
83,57,92,#B7EB65
84,57,92,#B5EB65
85,57,92,#B3EB65
86,57,92,#B1EB65
87,57,92,#AEEB65
88,57,92,#ACEB65
89,57,92,#AAEB65
90,57,92,#A8EB65
91,57,92,#A6EB65
92,57,92,#A3EB65
93,57,92,#A1EB65
94,57,92,#9FEB65
95,57,92,#9DEB65
96,57,92,#9AEB65
97,57,92,#98EB65
98,57,92,#96EB65
99,57,92,#94EB65
100,57,92,#91EB65
101,57,92,#8FEB65
102,57,92,#8DEB65
103,57,92,#8BEB65
104,57,92,#89EB65
105,57,92,#86EB65
106,57,92,#84EB65
107,57,92,#82EB65
108,57,92,#80EB65
109,57,92,#7DEB65
110,57,92,#7BEB65
111,57,92,#79EB65
112,57,92,#77EB65
113,57,92,#74EB65
114,57,92,#72EB65
115,57,92,#70EB65
116,57,92,#6EEB65
117,57,92,#6CEB65
118,57,92,#69EB65
119,57,92,#67EB65
120,57,92,#65EB65
121,57,92,#65EB67
122,57,92,#65EB69
123,57,92,#65EB6C
124,57,92,#65EB6E
125,57,92,#65EB70
126,57,92,#65EB72
127,57,92,#65EB74
128,57,92,#65EB77
129,57,92,#65EB79
130,57,92,#65EB7B
131,57,92,#65EB7D
132,57,92,#65EB80
133,57,92,#65EB82
134,57,92,#65EB84
135,57,92,#65EB86
136,57,92,#65EB89
137,57,92,#65EB8B
138,57,92,#65EB8D
139,57,92,#65EB8F
140,57,92,#65EB91
141,57,92,#65EB94
142,57,92,#65EB96
143,57,92,#65EB98
144,57,92,#65EB9A
145,57,92,#65EB9D
146,57,92,#65EB9F
147,57,92,#65EBA1
148,57,92,#65EBA3
149,57,92,#65EBA6
150,57,92,#65EBA8
151,57,92,#65EBAA
152,57,92,#65EBAC
153,57,92,#65EBAE
154,57,92,#65EBB1
155,57,92,#65EBB3
156,57,92,#65EBB5
157,57,92,#65EBB7
158,57,92,#65EBBA
159,57,92,#65EBBC
160,57,92,#65EBBE
161,57,92,#65EBC0
162,57,92,#65EBC2
163,57,92,#65EBC5
164,57,92,#65EBC7
165,57,92,#65EBC9
166,57,92,#65EBCB
167,57,92,#65EBCE
168,57,92,#65EBD0
169,57,92,#65EBD2
170,57,92,#65EBD4
171,57,92,#65EBD7
172,57,92,#65EBD9
173,57,92,#65EBDB
174,57,92,#65EBDD
175,57,92,#65EBDF
176,57,92,#65EBE2
177,57,92,#65EBE4
178,57,92,#65EBE6
179,57,92,#65EBE8
180,57,92,#65EBEB
181,57,92,#65E8EB
182,57,92,#65E6EB
183,57,92,#65E4EB
184,57,92,#65E2EB
185,57,92,#65DFEB
186,57,92,#65DDEB
187,57,92,#65DBEB
188,57,92,#65D9EB
189,57,92,#65D7EB
190,57,92,#65D4EB
191,57,92,#65D2EB
192,57,92,#65D0EB
193,57,92,#65CEEB
194,57,92,#65CBEB
195,57,92,#65C9EB
196,57,92,#65C7EB
197,57,92,#65C5EB
198,57,92,#65C2EB
199,57,92,#65C0EB
200,57,92,#65BEEB
201,57,92,#65BCEB
202,57,92,#65BAEB
203,57,92,#65B7EB
204,57,92,#65B5EB
205,57,92,#65B3EB
206,57,92,#65B1EB
207,57,92,#65AEEB
208,57,92,#65ACEB
209,57,92,#65AAEB
210,57,92,#65A8EB
211,57,92,#65A6EB
212,57,92,#65A3EB
213,57,92,#65A1EB
214,57,92,#659FEB
215,57,92,#659DEB
216,57,92,#659AEB
217,57,92,#6598EB
218,57,92,#6596EB
219,57,92,#6594EB
220,57,92,#6591EB
221,57,92,#658FEB
222,57,92,#658DEB
223,57,92,#658BEB
224,57,92,#6589EB
225,57,92,#6586EB
226,57,92,#6584EB
227,57,92,#6582EB
228,57,92,#6580EB
229,57,92,#657DEB
230,57,92,#657BEB
231,57,92,#6579EB
232,57,92,#6577EB
233,57,92,#6574EB
234,57,92,#6572EB
235,57,92,#6570EB
236,57,92,#656EEB
237,57,92,#656CEB
238,57,92,#6569EB
239,57,92,#6567EB
240,57,92,#6565EB
241,57,92,#6765EB
242,57,92,#6965EB
243,57,92,#6C65EB
244,57,92,#6E65EB
245,57,92,#7065EB
246,57,92,#7265EB
247,57,92,#7465EB
248,57,92,#7765EB
249,57,92,#7965EB
250,57,92,#7B65EB
251,57,92,#7D65EB
252,57,92,#8065EB
253,57,92,#8265EB
254,57,92,#8465EB
255,57,92,#8665EB
256,57,92,#8965EB
257,57,92,#8B65EB
258,57,92,#8D65EB
259,57,92,#8F65EB
260,57,92,#9165EB
261,57,92,#9465EB
262,57,92,#9665EB
263,57,92,#9865EB
264,57,92,#9A65EB
265,57,92,#9D65EB
266,57,92,#9F65EB
267,57,92,#A165EB
268,57,92,#A365EB
269,57,92,#A665EB
270,57,92,#A865EB
271,57,92,#AA65EB
272,57,92,#AC65EB
273,57,92,#AE65EB
274,57,92,#B165EB
275,57,92,#B365EB
276,57,92,#B565EB
277,57,92,#B765EB
278,57,92,#BA65EB
279,57,92,#BC65EB
280,57,92,#BE65EB
281,57,92,#C065EB
282,57,92,#C265EB
283,57,92,#C565EB
284,57,92,#C765EB
285,57,92,#C965EB
286,57,92,#CB65EB
287,57,92,#CE65EB
288,57,92,#D065EB
289,57,92,#D265EB
290,57,92,#D465EB
291,57,92,#D765EB
292,57,92,#D965EB
293,57,92,#DB65EB
294,57,92,#DD65EB
295,57,92,#DF65EB
296,57,92,#E265EB
297,57,92,#E465EB
298,57,92,#E665EB
299,57,92,#E865EB
300,57,92,#EB65EB
301,57,92,#EB65E8
302,57,92,#EB65E6
303,57,92,#EB65E4
304,57,92,#EB65E2
305,57,92,#EB65DF
306,57,92,#EB65DD
307,57,92,#EB65DB
308,57,92,#EB65D9
309,57,92,#EB65D7
310,57,92,#EB65D4
311,57,92,#EB65D2
312,57,92,#EB65D0
313,57,92,#EB65CE
314,57,92,#EB65CB
315,57,92,#EB65C9
316,57,92,#EB65C7
317,57,92,#EB65C5
318,57,92,#EB65C2
319,57,92,#EB65C0
320,57,92,#EB65BE
321,57,92,#EB65BC
322,57,92,#EB65BA
323,57,92,#EB65B7
324,57,92,#EB65B5
325,57,92,#EB65B3
326,57,92,#EB65B1
327,57,92,#EB65AE
328,57,92,#EB65AC
329,57,92,#EB65AA
330,57,92,#EB65A8
331,57,92,#EB65A6
332,57,92,#EB65A3
333,57,92,#EB65A1
334,57,92,#EB659F
335,57,92,#EB659D
336,57,92,#EB659A
337,57,92,#EB6598
338,57,92,#EB6596
339,57,92,#EB6594
340,57,92,#EB6591
341,57,92,#EB658F
342,57,92,#EB658D
343,57,92,#EB658B
344,57,92,#EB6589
345,57,92,#EB6586
346,57,92,#EB6584
347,57,92,#EB6582
348,57,92,#EB6580
349,57,92,#EB657D
350,57,92,#EB657B
351,57,92,#EB6579
352,57,92,#EB6577
353,57,92,#EB6574
354,57,92,#EB6572
355,57,92,#EB6570
356,57,92,#EB656E
357,57,92,#EB656C
358,57,92,#EB6569
359,57,92,#EB6567
0,56,92,#EB6767
1,56,92,#EB6967
2,56,92,#EB6C67
3,56,92,#EB6E67
4,56,92,#EB7067
5,56,92,#EB7267
6,56,92,#EB7467
7,56,92,#EB7767
8,56,92,#EB7967
9,56,92,#EB7B67
10,56,92,#EB7D67
11,56,92,#EB7F67
12,56,92,#EB8167
13,56,92,#EB8467
14,56,92,#EB8667
15,56,92,#EB8867
16,56,92,#EB8A67
17,56,92,#EB8C67
18,56,92,#EB8F67
19,56,92,#EB9167
20,56,92,#EB9367
21,56,92,#EB9567
22,56,92,#EB9767
23,56,92,#EB9A67
24,56,92,#EB9C67
25,56,92,#EB9E67
26,56,92,#EBA067
27,56,92,#EBA267
28,56,92,#EBA567
29,56,92,#EBA767
30,56,92,#EBA967
31,56,92,#EBAB67
32,56,92,#EBAD67
33,56,92,#EBAF67
34,56,92,#EBB267
35,56,92,#EBB467
36,56,92,#EBB667
37,56,92,#EBB867
38,56,92,#EBBA67
39,56,92,#EBBD67
40,56,92,#EBBF67
41,56,92,#EBC167
42,56,92,#EBC367
43,56,92,#EBC567
44,56,92,#EBC867
45,56,92,#EBCA67
46,56,92,#EBCC67
47,56,92,#EBCE67
48,56,92,#EBD067
49,56,92,#EBD367
50,56,92,#EBD567
51,56,92,#EBD767
52,56,92,#EBD967
53,56,92,#EBDB67
54,56,92,#EBDD67
55,56,92,#EBE067
56,56,92,#EBE267
57,56,92,#EBE467
58,56,92,#EBE667
59,56,92,#EBE867
60,56,92,#EBEB67
61,56,92,#E8EB67
62,56,92,#E6EB67
63,56,92,#E4EB67
64,56,92,#E2EB67
65,56,92,#E0EB67
66,56,92,#DDEB67
67,56,92,#DBEB67
68,56,92,#D9EB67
69,56,92,#D7EB67
70,56,92,#D5EB67
71,56,92,#D3EB67
72,56,92,#D0EB67
73,56,92,#CEEB67
74,56,92,#CCEB67
75,56,92,#CAEB67
76,56,92,#C8EB67
77,56,92,#C5EB67
78,56,92,#C3EB67
79,56,92,#C1EB67
80,56,92,#BFEB67
81,56,92,#BDEB67
82,56,92,#BAEB67
83,56,92,#B8EB67
84,56,92,#B6EB67
85,56,92,#B4EB67
86,56,92,#B2EB67
87,56,92,#AFEB67
88,56,92,#ADEB67
89,56,92,#ABEB67
90,56,92,#A9EB67
91,56,92,#A7EB67
92,56,92,#A5EB67
93,56,92,#A2EB67
94,56,92,#A0EB67
95,56,92,#9EEB67
96,56,92,#9CEB67
97,56,92,#9AEB67
98,56,92,#97EB67
99,56,92,#95EB67
100,56,92,#93EB67
101,56,92,#91EB67
102,56,92,#8FEB67
103,56,92,#8CEB67
104,56,92,#8AEB67
105,56,92,#88EB67
106,56,92,#86EB67
107,56,92,#84EB67
108,56,92,#81EB67
109,56,92,#7FEB67
110,56,92,#7DEB67
111,56,92,#7BEB67
112,56,92,#79EB67
113,56,92,#77EB67
114,56,92,#74EB67
115,56,92,#72EB67
116,56,92,#70EB67
117,56,92,#6EEB67
118,56,92,#6CEB67
119,56,92,#69EB67
120,56,92,#67EB67
121,56,92,#67EB69
122,56,92,#67EB6C
123,56,92,#67EB6E
124,56,92,#67EB70
125,56,92,#67EB72
126,56,92,#67EB74
127,56,92,#67EB77
128,56,92,#67EB79
129,56,92,#67EB7B
130,56,92,#67EB7D
131,56,92,#67EB7F
132,56,92,#67EB81
133,56,92,#67EB84
134,56,92,#67EB86
135,56,92,#67EB88
136,56,92,#67EB8A
137,56,92,#67EB8C
138,56,92,#67EB8F
139,56,92,#67EB91
140,56,92,#67EB93
141,56,92,#67EB95
142,56,92,#67EB97
143,56,92,#67EB9A
144,56,92,#67EB9C
145,56,92,#67EB9E
146,56,92,#67EBA0
147,56,92,#67EBA2
148,56,92,#67EBA5
149,56,92,#67EBA7
150,56,92,#67EBA9
151,56,92,#67EBAB
152,56,92,#67EBAD
153,56,92,#67EBAF
154,56,92,#67EBB2
155,56,92,#67EBB4
156,56,92,#67EBB6
157,56,92,#67EBB8
158,56,92,#67EBBA
159,56,92,#67EBBD
160,56,92,#67EBBF
161,56,92,#67EBC1
162,56,92,#67EBC3
163,56,92,#67EBC5
164,56,92,#67EBC8
165,56,92,#67EBCA
166,56,92,#67EBCC
167,56,92,#67EBCE
168,56,92,#67EBD0
169,56,92,#67EBD3
170,56,92,#67EBD5
171,56,92,#67EBD7
172,56,92,#67EBD9
173,56,92,#67EBDB
174,56,92,#67EBDD
175,56,92,#67EBE0
176,56,92,#67EBE2
177,56,92,#67EBE4
178,56,92,#67EBE6
179,56,92,#67EBE8
180,56,92,#67EBEB
181,56,92,#67E8EB
182,56,92,#67E6EB
183,56,92,#67E4EB
184,56,92,#67E2EB
185,56,92,#67E0EB
186,56,92,#67DDEB
187,56,92,#67DBEB
188,56,92,#67D9EB
189,56,92,#67D7EB
190,56,92,#67D5EB
191,56,92,#67D3EB
192,56,92,#67D0EB
193,56,92,#67CEEB
194,56,92,#67CCEB
195,56,92,#67CAEB
196,56,92,#67C8EB
197,56,92,#67C5EB
198,56,92,#67C3EB
199,56,92,#67C1EB
200,56,92,#67BFEB
201,56,92,#67BDEB
202,56,92,#67BAEB
203,56,92,#67B8EB
204,56,92,#67B6EB
205,56,92,#67B4EB
206,56,92,#67B2EB
207,56,92,#67AFEB
208,56,92,#67ADEB
209,56,92,#67ABEB
210,56,92,#67A9EB
211,56,92,#67A7EB
212,56,92,#67A5EB
213,56,92,#67A2EB
214,56,92,#67A0EB
215,56,92,#679EEB
216,56,92,#679CEB
217,56,92,#679AEB
218,56,92,#6797EB
219,56,92,#6795EB
220,56,92,#6793EB
221,56,92,#6791EB
222,56,92,#678FEB
223,56,92,#678CEB
224,56,92,#678AEB
225,56,92,#6788EB
226,56,92,#6786EB
227,56,92,#6784EB
228,56,92,#6781EB
229,56,92,#677FEB
230,56,92,#677DEB
231,56,92,#677BEB
232,56,92,#6779EB
233,56,92,#6777EB
234,56,92,#6774EB
235,56,92,#6772EB
236,56,92,#6770EB
237,56,92,#676EEB
238,56,92,#676CEB
239,56,92,#6769EB
240,56,92,#6767EB
241,56,92,#6967EB
242,56,92,#6C67EB
243,56,92,#6E67EB
244,56,92,#7067EB
245,56,92,#7267EB
246,56,92,#7467EB
247,56,92,#7767EB
248,56,92,#7967EB
249,56,92,#7B67EB
250,56,92,#7D67EB
251,56,92,#7F67EB
252,56,92,#8167EB
253,56,92,#8467EB
254,56,92,#8667EB
255,56,92,#8867EB
256,56,92,#8A67EB
257,56,92,#8C67EB
258,56,92,#8F67EB
259,56,92,#9167EB
260,56,92,#9367EB
261,56,92,#9567EB
262,56,92,#9767EB
263,56,92,#9A67EB
264,56,92,#9C67EB
265,56,92,#9E67EB
266,56,92,#A067EB
267,56,92,#A267EB
268,56,92,#A567EB
269,56,92,#A767EB
270,56,92,#A967EB
271,56,92,#AB67EB
272,56,92,#AD67EB
273,56,92,#AF67EB
274,56,92,#B267EB
275,56,92,#B467EB
276,56,92,#B667EB
277,56,92,#B867EB
278,56,92,#BA67EB
279,56,92,#BD67EB
280,56,92,#BF67EB
281,56,92,#C167EB
282,56,92,#C367EB
283,56,92,#C567EB
284,56,92,#C867EB
285,56,92,#CA67EB
286,56,92,#CC67EB
287,56,92,#CE67EB
288,56,92,#D067EB
289,56,92,#D367EB
290,56,92,#D567EB
291,56,92,#D767EB
292,56,92,#D967EB
293,56,92,#DB67EB
294,56,92,#DD67EB
295,56,92,#E067EB
296,56,92,#E267EB
297,56,92,#E467EB
298,56,92,#E667EB
299,56,92,#E867EB
300,56,92,#EB67EB
301,56,92,#EB67E8
302,56,92,#EB67E6
303,56,92,#EB67E4
304,56,92,#EB67E2
305,56,92,#EB67E0
306,56,92,#EB67DD
307,56,92,#EB67DB
308,56,92,#EB67D9
309,56,92,#EB67D7
310,56,92,#EB67D5
311,56,92,#EB67D3
312,56,92,#EB67D0
313,56,92,#EB67CE
314,56,92,#EB67CC
315,56,92,#EB67CA
316,56,92,#EB67C8
317,56,92,#EB67C5
318,56,92,#EB67C3
319,56,92,#EB67C1
320,56,92,#EB67BF
321,56,92,#EB67BD
322,56,92,#EB67BA
323,56,92,#EB67B8
324,56,92,#EB67B6
325,56,92,#EB67B4
326,56,92,#EB67B2
327,56,92,#EB67AF
328,56,92,#EB67AD
329,56,92,#EB67AB
330,56,92,#EB67A9
331,56,92,#EB67A7
332,56,92,#EB67A5
333,56,92,#EB67A2
334,56,92,#EB67A0
335,56,92,#EB679E
336,56,92,#EB679C
337,56,92,#EB679A
338,56,92,#EB6797
339,56,92,#EB6795
340,56,92,#EB6793
341,56,92,#EB6791
342,56,92,#EB678F
343,56,92,#EB678C
344,56,92,#EB678A
345,56,92,#EB6788
346,56,92,#EB6786
347,56,92,#EB6784
348,56,92,#EB6781
349,56,92,#EB677F
350,56,92,#EB677D
351,56,92,#EB677B
352,56,92,#EB6779
353,56,92,#EB6777
354,56,92,#EB6774
355,56,92,#EB6772
356,56,92,#EB6770
357,56,92,#EB676E
358,56,92,#EB676C
359,56,92,#EB6769
0,55,92,#EB6A6A
1,55,92,#EB6C6A
2,55,92,#EB6E6A
3,55,92,#EB706A
4,55,92,#EB726A
5,55,92,#EB746A
6,55,92,#EB766A
7,55,92,#EB796A
8,55,92,#EB7B6A
9,55,92,#EB7D6A
10,55,92,#EB7F6A
11,55,92,#EB816A
12,55,92,#EB836A
13,55,92,#EB866A
14,55,92,#EB886A
15,55,92,#EB8A6A
16,55,92,#EB8C6A
17,55,92,#EB8E6A
18,55,92,#EB906A
19,55,92,#EB926A
20,55,92,#EB956A
21,55,92,#EB976A
22,55,92,#EB996A
23,55,92,#EB9B6A
24,55,92,#EB9D6A
25,55,92,#EB9F6A
26,55,92,#EBA16A
27,55,92,#EBA46A
28,55,92,#EBA66A
29,55,92,#EBA86A
30,55,92,#EBAA6A
31,55,92,#EBAC6A
32,55,92,#EBAE6A
33,55,92,#EBB16A
34,55,92,#EBB36A
35,55,92,#EBB56A
36,55,92,#EBB76A
37,55,92,#EBB96A
38,55,92,#EBBB6A
39,55,92,#EBBD6A
40,55,92,#EBC06A
41,55,92,#EBC26A
42,55,92,#EBC46A
43,55,92,#EBC66A
44,55,92,#EBC86A
45,55,92,#EBCA6A
46,55,92,#EBCC6A
47,55,92,#EBCF6A
48,55,92,#EBD16A
49,55,92,#EBD36A
50,55,92,#EBD56A
51,55,92,#EBD76A
52,55,92,#EBD96A
53,55,92,#EBDC6A
54,55,92,#EBDE6A
55,55,92,#EBE06A
56,55,92,#EBE26A
57,55,92,#EBE46A
58,55,92,#EBE66A
59,55,92,#EBE86A
60,55,92,#EBEB6A
61,55,92,#E8EB6A
62,55,92,#E6EB6A
63,55,92,#E4EB6A
64,55,92,#E2EB6A
65,55,92,#E0EB6A
66,55,92,#DEEB6A
67,55,92,#DCEB6A
68,55,92,#D9EB6A
69,55,92,#D7EB6A
70,55,92,#D5EB6A
71,55,92,#D3EB6A
72,55,92,#D1EB6A
73,55,92,#CFEB6A
74,55,92,#CCEB6A
75,55,92,#CAEB6A
76,55,92,#C8EB6A
77,55,92,#C6EB6A
78,55,92,#C4EB6A
79,55,92,#C2EB6A
80,55,92,#C0EB6A
81,55,92,#BDEB6A
82,55,92,#BBEB6A
83,55,92,#B9EB6A
84,55,92,#B7EB6A
85,55,92,#B5EB6A
86,55,92,#B3EB6A
87,55,92,#B1EB6A
88,55,92,#AEEB6A
89,55,92,#ACEB6A
90,55,92,#AAEB6A
91,55,92,#A8EB6A
92,55,92,#A6EB6A
93,55,92,#A4EB6A
94,55,92,#A1EB6A
95,55,92,#9FEB6A
96,55,92,#9DEB6A
97,55,92,#9BEB6A
98,55,92,#99EB6A
99,55,92,#97EB6A
100,55,92,#95EB6A
101,55,92,#92EB6A
102,55,92,#90EB6A
103,55,92,#8EEB6A
104,55,92,#8CEB6A
105,55,92,#8AEB6A
106,55,92,#88EB6A
107,55,92,#86EB6A
108,55,92,#83EB6A
109,55,92,#81EB6A
110,55,92,#7FEB6A
111,55,92,#7DEB6A
112,55,92,#7BEB6A
113,55,92,#79EB6A
114,55,92,#76EB6A
115,55,92,#74EB6A
116,55,92,#72EB6A
117,55,92,#70EB6A
118,55,92,#6EEB6A
119,55,92,#6CEB6A
120,55,92,#6AEB6A
121,55,92,#6AEB6C
122,55,92,#6AEB6E
123,55,92,#6AEB70
124,55,92,#6AEB72
125,55,92,#6AEB74
126,55,92,#6AEB76
127,55,92,#6AEB79
128,55,92,#6AEB7B
129,55,92,#6AEB7D
130,55,92,#6AEB7F
131,55,92,#6AEB81
132,55,92,#6AEB83
133,55,92,#6AEB86
134,55,92,#6AEB88
135,55,92,#6AEB8A
136,55,92,#6AEB8C
137,55,92,#6AEB8E
138,55,92,#6AEB90
139,55,92,#6AEB92
140,55,92,#6AEB95
141,55,92,#6AEB97
142,55,92,#6AEB99
143,55,92,#6AEB9B
144,55,92,#6AEB9D
145,55,92,#6AEB9F
146,55,92,#6AEBA1
147,55,92,#6AEBA4
148,55,92,#6AEBA6
149,55,92,#6AEBA8
150,55,92,#6AEBAA
151,55,92,#6AEBAC
152,55,92,#6AEBAE
153,55,92,#6AEBB1
154,55,92,#6AEBB3
155,55,92,#6AEBB5
156,55,92,#6AEBB7
157,55,92,#6AEBB9
158,55,92,#6AEBBB
159,55,92,#6AEBBD
160,55,92,#6AEBC0
161,55,92,#6AEBC2
162,55,92,#6AEBC4
163,55,92,#6AEBC6
164,55,92,#6AEBC8
165,55,92,#6AEBCA
166,55,92,#6AEBCC
167,55,92,#6AEBCF
168,55,92,#6AEBD1
169,55,92,#6AEBD3
170,55,92,#6AEBD5
171,55,92,#6AEBD7
172,55,92,#6AEBD9
173,55,92,#6AEBDC
174,55,92,#6AEBDE
175,55,92,#6AEBE0
176,55,92,#6AEBE2
177,55,92,#6AEBE4
178,55,92,#6AEBE6
179,55,92,#6AEBE8
180,55,92,#6AEBEB
181,55,92,#6AE8EB
182,55,92,#6AE6EB
183,55,92,#6AE4EB
184,55,92,#6AE2EB
185,55,92,#6AE0EB
186,55,92,#6ADEEB
187,55,92,#6ADCEB
188,55,92,#6AD9EB
189,55,92,#6AD7EB
190,55,92,#6AD5EB
191,55,92,#6AD3EB
192,55,92,#6AD1EB
193,55,92,#6ACFEB
194,55,92,#6ACCEB
195,55,92,#6ACAEB
196,55,92,#6AC8EB
197,55,92,#6AC6EB
198,55,92,#6AC4EB
199,55,92,#6AC2EB
200,55,92,#6AC0EB
201,55,92,#6ABDEB
202,55,92,#6ABBEB
203,55,92,#6AB9EB
204,55,92,#6AB7EB
205,55,92,#6AB5EB
206,55,92,#6AB3EB
207,55,92,#6AB1EB
208,55,92,#6AAEEB
209,55,92,#6AACEB
210,55,92,#6AAAEB
211,55,92,#6AA8EB
212,55,92,#6AA6EB
213,55,92,#6AA4EB
214,55,92,#6AA1EB
215,55,92,#6A9FEB
216,55,92,#6A9DEB
217,55,92,#6A9BEB
218,55,92,#6A99EB
219,55,92,#6A97EB
220,55,92,#6A95EB
221,55,92,#6A92EB
222,55,92,#6A90EB
223,55,92,#6A8EEB
224,55,92,#6A8CEB
225,55,92,#6A8AEB
226,55,92,#6A88EB
227,55,92,#6A86EB
228,55,92,#6A83EB
229,55,92,#6A81EB
230,55,92,#6A7FEB
231,55,92,#6A7DEB
232,55,92,#6A7BEB
233,55,92,#6A79EB
234,55,92,#6A76EB
235,55,92,#6A74EB
236,55,92,#6A72EB
237,55,92,#6A70EB
238,55,92,#6A6EEB
239,55,92,#6A6CEB
240,55,92,#6A6AEB
241,55,92,#6C6AEB
242,55,92,#6E6AEB
243,55,92,#706AEB
244,55,92,#726AEB
245,55,92,#746AEB
246,55,92,#766AEB
247,55,92,#796AEB
248,55,92,#7B6AEB
249,55,92,#7D6AEB
250,55,92,#7F6AEB
251,55,92,#816AEB
252,55,92,#836AEB
253,55,92,#866AEB
254,55,92,#886AEB
255,55,92,#8A6AEB
256,55,92,#8C6AEB
257,55,92,#8E6AEB
258,55,92,#906AEB
259,55,92,#926AEB
260,55,92,#956AEB
261,55,92,#976AEB
262,55,92,#996AEB
263,55,92,#9B6AEB
264,55,92,#9D6AEB
265,55,92,#9F6AEB
266,55,92,#A16AEB
267,55,92,#A46AEB
268,55,92,#A66AEB
269,55,92,#A86AEB
270,55,92,#AA6AEB
271,55,92,#AC6AEB
272,55,92,#AE6AEB
273,55,92,#B16AEB
274,55,92,#B36AEB
275,55,92,#B56AEB
276,55,92,#B76AEB
277,55,92,#B96AEB
278,55,92,#BB6AEB
279,55,92,#BD6AEB
280,55,92,#C06AEB
281,55,92,#C26AEB
282,55,92,#C46AEB
283,55,92,#C66AEB
284,55,92,#C86AEB
285,55,92,#CA6AEB
286,55,92,#CC6AEB
287,55,92,#CF6AEB
288,55,92,#D16AEB
289,55,92,#D36AEB
290,55,92,#D56AEB
291,55,92,#D76AEB
292,55,92,#D96AEB
293,55,92,#DC6AEB
294,55,92,#DE6AEB
295,55,92,#E06AEB
296,55,92,#E26AEB
297,55,92,#E46AEB
298,55,92,#E66AEB
299,55,92,#E86AEB
300,55,92,#EB6AEB
301,55,92,#EB6AE8
302,55,92,#EB6AE6
303,55,92,#EB6AE4
304,55,92,#EB6AE2
305,55,92,#EB6AE0
306,55,92,#EB6ADE
307,55,92,#EB6ADC
308,55,92,#EB6AD9
309,55,92,#EB6AD7
310,55,92,#EB6AD5
311,55,92,#EB6AD3
312,55,92,#EB6AD1
313,55,92,#EB6ACF
314,55,92,#EB6ACC
315,55,92,#EB6ACA
316,55,92,#EB6AC8
317,55,92,#EB6AC6
318,55,92,#EB6AC4
319,55,92,#EB6AC2
320,55,92,#EB6AC0
321,55,92,#EB6ABD
322,55,92,#EB6ABB
323,55,92,#EB6AB9
324,55,92,#EB6AB7
325,55,92,#EB6AB5
326,55,92,#EB6AB3
327,55,92,#EB6AB1
328,55,92,#EB6AAE
329,55,92,#EB6AAC
330,55,92,#EB6AAA
331,55,92,#EB6AA8
332,55,92,#EB6AA6
333,55,92,#EB6AA4
334,55,92,#EB6AA1
335,55,92,#EB6A9F
336,55,92,#EB6A9D
337,55,92,#EB6A9B
338,55,92,#EB6A99
339,55,92,#EB6A97
340,55,92,#EB6A95
341,55,92,#EB6A92
342,55,92,#EB6A90
343,55,92,#EB6A8E
344,55,92,#EB6A8C
345,55,92,#EB6A8A
346,55,92,#EB6A88
347,55,92,#EB6A86
348,55,92,#EB6A83
349,55,92,#EB6A81
350,55,92,#EB6A7F
351,55,92,#EB6A7D
352,55,92,#EB6A7B
353,55,92,#EB6A79
354,55,92,#EB6A76
355,55,92,#EB6A74
356,55,92,#EB6A72
357,55,92,#EB6A70
358,55,92,#EB6A6E
359,55,92,#EB6A6C
0,54,92,#EB6C6C
1,54,92,#EB6E6C
2,54,92,#EB706C
3,54,92,#EB726C
4,54,92,#EB746C
5,54,92,#EB766C
6,54,92,#EB796C
7,54,92,#EB7B6C
8,54,92,#EB7D6C
9,54,92,#EB7F6C
10,54,92,#EB816C
11,54,92,#EB836C
12,54,92,#EB856C
13,54,92,#EB876C
14,54,92,#EB896C
15,54,92,#EB8C6C
16,54,92,#EB8E6C
17,54,92,#EB906C
18,54,92,#EB926C
19,54,92,#EB946C
20,54,92,#EB966C
21,54,92,#EB986C
22,54,92,#EB9A6C
23,54,92,#EB9C6C
24,54,92,#EB9F6C
25,54,92,#EBA16C
26,54,92,#EBA36C
27,54,92,#EBA56C
28,54,92,#EBA76C
29,54,92,#EBA96C
30,54,92,#EBAB6C
31,54,92,#EBAD6C
32,54,92,#EBAF6C
33,54,92,#EBB26C
34,54,92,#EBB46C
35,54,92,#EBB66C
36,54,92,#EBB86C
37,54,92,#EBBA6C
38,54,92,#EBBC6C
39,54,92,#EBBE6C
40,54,92,#EBC06C
41,54,92,#EBC26C
42,54,92,#EBC56C
43,54,92,#EBC76C
44,54,92,#EBC96C
45,54,92,#EBCB6C
46,54,92,#EBCD6C
47,54,92,#EBCF6C
48,54,92,#EBD16C
49,54,92,#EBD36C
50,54,92,#EBD56C
51,54,92,#EBD86C
52,54,92,#EBDA6C
53,54,92,#EBDC6C
54,54,92,#EBDE6C
55,54,92,#EBE06C
56,54,92,#EBE26C
57,54,92,#EBE46C
58,54,92,#EBE66C
59,54,92,#EBE86C
60,54,92,#EBEB6C
61,54,92,#E8EB6C
62,54,92,#E6EB6C
63,54,92,#E4EB6C
64,54,92,#E2EB6C
65,54,92,#E0EB6C
66,54,92,#DEEB6C
67,54,92,#DCEB6C
68,54,92,#DAEB6C
69,54,92,#D8EB6C
70,54,92,#D5EB6C
71,54,92,#D3EB6C
72,54,92,#D1EB6C
73,54,92,#CFEB6C
74,54,92,#CDEB6C
75,54,92,#CBEB6C
76,54,92,#C9EB6C
77,54,92,#C7EB6C
78,54,92,#C5EB6C
79,54,92,#C2EB6C
80,54,92,#C0EB6C
81,54,92,#BEEB6C
82,54,92,#BCEB6C
83,54,92,#BAEB6C
84,54,92,#B8EB6C
85,54,92,#B6EB6C
86,54,92,#B4EB6C
87,54,92,#B2EB6C
88,54,92,#AFEB6C
89,54,92,#ADEB6C
90,54,92,#ABEB6C
91,54,92,#A9EB6C
92,54,92,#A7EB6C
93,54,92,#A5EB6C
94,54,92,#A3EB6C
95,54,92,#A1EB6C
96,54,92,#9FEB6C
97,54,92,#9CEB6C
98,54,92,#9AEB6C
99,54,92,#98EB6C
100,54,92,#96EB6C
101,54,92,#94EB6C
102,54,92,#92EB6C
103,54,92,#90EB6C
104,54,92,#8EEB6C
105,54,92,#8CEB6C
106,54,92,#89EB6C
107,54,92,#87EB6C
108,54,92,#85EB6C
109,54,92,#83EB6C
110,54,92,#81EB6C
111,54,92,#7FEB6C
112,54,92,#7DEB6C
113,54,92,#7BEB6C
114,54,92,#79EB6C
115,54,92,#76EB6C
116,54,92,#74EB6C
117,54,92,#72EB6C
118,54,92,#70EB6C
119,54,92,#6EEB6C
120,54,92,#6CEB6C
121,54,92,#6CEB6E
122,54,92,#6CEB70
123,54,92,#6CEB72
124,54,92,#6CEB74
125,54,92,#6CEB76
126,54,92,#6CEB79
127,54,92,#6CEB7B
128,54,92,#6CEB7D
129,54,92,#6CEB7F
130,54,92,#6CEB81
131,54,92,#6CEB83
132,54,92,#6CEB85
133,54,92,#6CEB87
134,54,92,#6CEB89
135,54,92,#6CEB8C
136,54,92,#6CEB8E
137,54,92,#6CEB90
138,54,92,#6CEB92
139,54,92,#6CEB94
140,54,92,#6CEB96
141,54,92,#6CEB98
142,54,92,#6CEB9A
143,54,92,#6CEB9C
144,54,92,#6CEB9F
145,54,92,#6CEBA1
146,54,92,#6CEBA3
147,54,92,#6CEBA5
148,54,92,#6CEBA7
149,54,92,#6CEBA9
150,54,92,#6CEBAB
151,54,92,#6CEBAD
152,54,92,#6CEBAF
153,54,92,#6CEBB2
154,54,92,#6CEBB4
155,54,92,#6CEBB6
156,54,92,#6CEBB8
157,54,92,#6CEBBA
158,54,92,#6CEBBC
159,54,92,#6CEBBE
160,54,92,#6CEBC0
161,54,92,#6CEBC2
162,54,92,#6CEBC5
163,54,92,#6CEBC7
164,54,92,#6CEBC9
165,54,92,#6CEBCB
166,54,92,#6CEBCD
167,54,92,#6CEBCF
168,54,92,#6CEBD1
169,54,92,#6CEBD3
170,54,92,#6CEBD5
171,54,92,#6CEBD8
172,54,92,#6CEBDA
173,54,92,#6CEBDC
174,54,92,#6CEBDE
175,54,92,#6CEBE0
176,54,92,#6CEBE2
177,54,92,#6CEBE4
178,54,92,#6CEBE6
179,54,92,#6CEBE8
180,54,92,#6CEBEB
181,54,92,#6CE8EB
182,54,92,#6CE6EB
183,54,92,#6CE4EB
184,54,92,#6CE2EB
185,54,92,#6CE0EB
186,54,92,#6CDEEB
187,54,92,#6CDCEB
188,54,92,#6CDAEB
189,54,92,#6CD8EB
190,54,92,#6CD5EB
191,54,92,#6CD3EB
192,54,92,#6CD1EB
193,54,92,#6CCFEB
194,54,92,#6CCDEB
195,54,92,#6CCBEB
196,54,92,#6CC9EB
197,54,92,#6CC7EB
198,54,92,#6CC5EB
199,54,92,#6CC2EB
200,54,92,#6CC0EB
201,54,92,#6CBEEB
202,54,92,#6CBCEB
203,54,92,#6CBAEB
204,54,92,#6CB8EB
205,54,92,#6CB6EB
206,54,92,#6CB4EB
207,54,92,#6CB2EB
208,54,92,#6CAFEB
209,54,92,#6CADEB
210,54,92,#6CABEB
211,54,92,#6CA9EB
212,54,92,#6CA7EB
213,54,92,#6CA5EB
214,54,92,#6CA3EB
215,54,92,#6CA1EB
216,54,92,#6C9FEB
217,54,92,#6C9CEB
218,54,92,#6C9AEB
219,54,92,#6C98EB
220,54,92,#6C96EB
221,54,92,#6C94EB
222,54,92,#6C92EB
223,54,92,#6C90EB
224,54,92,#6C8EEB
225,54,92,#6C8CEB
226,54,92,#6C89EB
227,54,92,#6C87EB
228,54,92,#6C85EB
229,54,92,#6C83EB
230,54,92,#6C81EB
231,54,92,#6C7FEB
232,54,92,#6C7DEB
233,54,92,#6C7BEB
234,54,92,#6C79EB
235,54,92,#6C76EB
236,54,92,#6C74EB
237,54,92,#6C72EB
238,54,92,#6C70EB
239,54,92,#6C6EEB
240,54,92,#6C6CEB
241,54,92,#6E6CEB
242,54,92,#706CEB
243,54,92,#726CEB
244,54,92,#746CEB
245,54,92,#766CEB
246,54,92,#796CEB
247,54,92,#7B6CEB
248,54,92,#7D6CEB
249,54,92,#7F6CEB
250,54,92,#816CEB
251,54,92,#836CEB
252,54,92,#856CEB
253,54,92,#876CEB
254,54,92,#896CEB
255,54,92,#8C6CEB
256,54,92,#8E6CEB
257,54,92,#906CEB
258,54,92,#926CEB
259,54,92,#946CEB
260,54,92,#966CEB
261,54,92,#986CEB
262,54,92,#9A6CEB
263,54,92,#9C6CEB
264,54,92,#9F6CEB
265,54,92,#A16CEB
266,54,92,#A36CEB
267,54,92,#A56CEB
268,54,92,#A76CEB
269,54,92,#A96CEB
270,54,92,#AB6CEB
271,54,92,#AD6CEB
272,54,92,#AF6CEB
273,54,92,#B26CEB
274,54,92,#B46CEB
275,54,92,#B66CEB
276,54,92,#B86CEB
277,54,92,#BA6CEB
278,54,92,#BC6CEB
279,54,92,#BE6CEB
280,54,92,#C06CEB
281,54,92,#C26CEB
282,54,92,#C56CEB
283,54,92,#C76CEB
284,54,92,#C96CEB
285,54,92,#CB6CEB
286,54,92,#CD6CEB
287,54,92,#CF6CEB
288,54,92,#D16CEB
289,54,92,#D36CEB
290,54,92,#D56CEB
291,54,92,#D86CEB
292,54,92,#DA6CEB
293,54,92,#DC6CEB
294,54,92,#DE6CEB
295,54,92,#E06CEB
296,54,92,#E26CEB
297,54,92,#E46CEB
298,54,92,#E66CEB
299,54,92,#E86CEB
300,54,92,#EB6CEB
301,54,92,#EB6CE8
302,54,92,#EB6CE6
303,54,92,#EB6CE4
304,54,92,#EB6CE2
305,54,92,#EB6CE0
306,54,92,#EB6CDE
307,54,92,#EB6CDC
308,54,92,#EB6CDA
309,54,92,#EB6CD8
310,54,92,#EB6CD5
311,54,92,#EB6CD3
312,54,92,#EB6CD1
313,54,92,#EB6CCF
314,54,92,#EB6CCD
315,54,92,#EB6CCB
316,54,92,#EB6CC9
317,54,92,#EB6CC7
318,54,92,#EB6CC5
319,54,92,#EB6CC2
320,54,92,#EB6CC0
321,54,92,#EB6CBE
322,54,92,#EB6CBC
323,54,92,#EB6CBA
324,54,92,#EB6CB8
325,54,92,#EB6CB6
326,54,92,#EB6CB4
327,54,92,#EB6CB2
328,54,92,#EB6CAF
329,54,92,#EB6CAD
330,54,92,#EB6CAB
331,54,92,#EB6CA9
332,54,92,#EB6CA7
333,54,92,#EB6CA5
334,54,92,#EB6CA3
335,54,92,#EB6CA1
336,54,92,#EB6C9F
337,54,92,#EB6C9C
338,54,92,#EB6C9A
339,54,92,#EB6C98
340,54,92,#EB6C96
341,54,92,#EB6C94
342,54,92,#EB6C92
343,54,92,#EB6C90
344,54,92,#EB6C8E
345,54,92,#EB6C8C
346,54,92,#EB6C89
347,54,92,#EB6C87
348,54,92,#EB6C85
349,54,92,#EB6C83
350,54,92,#EB6C81
351,54,92,#EB6C7F
352,54,92,#EB6C7D
353,54,92,#EB6C7B
354,54,92,#EB6C79
355,54,92,#EB6C76
356,54,92,#EB6C74
357,54,92,#EB6C72
358,54,92,#EB6C70
359,54,92,#EB6C6E
0,53,92,#EB6E6E
1,53,92,#EB706E
2,53,92,#EB726E
3,53,92,#EB746E
4,53,92,#EB776E
5,53,92,#EB796E
6,53,92,#EB7B6E
7,53,92,#EB7D6E
8,53,92,#EB7F6E
9,53,92,#EB816E
10,53,92,#EB836E
11,53,92,#EB856E
12,53,92,#EB876E
13,53,92,#EB896E
14,53,92,#EB8B6E
15,53,92,#EB8D6E
16,53,92,#EB8F6E
17,53,92,#EB916E
18,53,92,#EB946E
19,53,92,#EB966E
20,53,92,#EB986E
21,53,92,#EB9A6E
22,53,92,#EB9C6E
23,53,92,#EB9E6E
24,53,92,#EBA06E
25,53,92,#EBA26E
26,53,92,#EBA46E
27,53,92,#EBA66E
28,53,92,#EBA86E
29,53,92,#EBAA6E
30,53,92,#EBAC6E
31,53,92,#EBAF6E
32,53,92,#EBB16E
33,53,92,#EBB36E
34,53,92,#EBB56E
35,53,92,#EBB76E
36,53,92,#EBB96E
37,53,92,#EBBB6E
38,53,92,#EBBD6E
39,53,92,#EBBF6E
40,53,92,#EBC16E
41,53,92,#EBC36E
42,53,92,#EBC56E
43,53,92,#EBC76E
44,53,92,#EBC96E
45,53,92,#EBCC6E
46,53,92,#EBCE6E
47,53,92,#EBD06E
48,53,92,#EBD26E
49,53,92,#EBD46E
50,53,92,#EBD66E
51,53,92,#EBD86E
52,53,92,#EBDA6E
53,53,92,#EBDC6E
54,53,92,#EBDE6E
55,53,92,#EBE06E
56,53,92,#EBE26E
57,53,92,#EBE46E
58,53,92,#EBE66E
59,53,92,#EBE96E
60,53,92,#EBEB6E
61,53,92,#E9EB6E
62,53,92,#E6EB6E
63,53,92,#E4EB6E
64,53,92,#E2EB6E
65,53,92,#E0EB6E
66,53,92,#DEEB6E
67,53,92,#DCEB6E
68,53,92,#DAEB6E
69,53,92,#D8EB6E
70,53,92,#D6EB6E
71,53,92,#D4EB6E
72,53,92,#D2EB6E
73,53,92,#D0EB6E
74,53,92,#CEEB6E
75,53,92,#CCEB6E
76,53,92,#C9EB6E
77,53,92,#C7EB6E
78,53,92,#C5EB6E
79,53,92,#C3EB6E
80,53,92,#C1EB6E
81,53,92,#BFEB6E
82,53,92,#BDEB6E
83,53,92,#BBEB6E
84,53,92,#B9EB6E
85,53,92,#B7EB6E
86,53,92,#B5EB6E
87,53,92,#B3EB6E
88,53,92,#B1EB6E
89,53,92,#AFEB6E
90,53,92,#ACEB6E
91,53,92,#AAEB6E
92,53,92,#A8EB6E
93,53,92,#A6EB6E
94,53,92,#A4EB6E
95,53,92,#A2EB6E
96,53,92,#A0EB6E
97,53,92,#9EEB6E
98,53,92,#9CEB6E
99,53,92,#9AEB6E
100,53,92,#98EB6E
101,53,92,#96EB6E
102,53,92,#94EB6E
103,53,92,#91EB6E
104,53,92,#8FEB6E
105,53,92,#8DEB6E
106,53,92,#8BEB6E
107,53,92,#89EB6E
108,53,92,#87EB6E
109,53,92,#85EB6E
110,53,92,#83EB6E
111,53,92,#81EB6E
112,53,92,#7FEB6E
113,53,92,#7DEB6E
114,53,92,#7BEB6E
115,53,92,#79EB6E
116,53,92,#77EB6E
117,53,92,#74EB6E
118,53,92,#72EB6E
119,53,92,#70EB6E
120,53,92,#6EEB6E
121,53,92,#6EEB70
122,53,92,#6EEB72
123,53,92,#6EEB74
124,53,92,#6EEB77
125,53,92,#6EEB79
126,53,92,#6EEB7B
127,53,92,#6EEB7D
128,53,92,#6EEB7F
129,53,92,#6EEB81
130,53,92,#6EEB83
131,53,92,#6EEB85
132,53,92,#6EEB87
133,53,92,#6EEB89
134,53,92,#6EEB8B
135,53,92,#6EEB8D
136,53,92,#6EEB8F
137,53,92,#6EEB91
138,53,92,#6EEB94
139,53,92,#6EEB96
140,53,92,#6EEB98
141,53,92,#6EEB9A
142,53,92,#6EEB9C
143,53,92,#6EEB9E
144,53,92,#6EEBA0
145,53,92,#6EEBA2
146,53,92,#6EEBA4
147,53,92,#6EEBA6
148,53,92,#6EEBA8
149,53,92,#6EEBAA
150,53,92,#6EEBAC
151,53,92,#6EEBAF
152,53,92,#6EEBB1
153,53,92,#6EEBB3
154,53,92,#6EEBB5
155,53,92,#6EEBB7
156,53,92,#6EEBB9
157,53,92,#6EEBBB
158,53,92,#6EEBBD
159,53,92,#6EEBBF
160,53,92,#6EEBC1
161,53,92,#6EEBC3
162,53,92,#6EEBC5
163,53,92,#6EEBC7
164,53,92,#6EEBC9
165,53,92,#6EEBCC
166,53,92,#6EEBCE
167,53,92,#6EEBD0
168,53,92,#6EEBD2
169,53,92,#6EEBD4
170,53,92,#6EEBD6
171,53,92,#6EEBD8
172,53,92,#6EEBDA
173,53,92,#6EEBDC
174,53,92,#6EEBDE
175,53,92,#6EEBE0
176,53,92,#6EEBE2
177,53,92,#6EEBE4
178,53,92,#6EEBE6
179,53,92,#6EEBE9
180,53,92,#6EEBEB
181,53,92,#6EE9EB
182,53,92,#6EE6EB
183,53,92,#6EE4EB
184,53,92,#6EE2EB
185,53,92,#6EE0EB
186,53,92,#6EDEEB
187,53,92,#6EDCEB
188,53,92,#6EDAEB
189,53,92,#6ED8EB
190,53,92,#6ED6EB
191,53,92,#6ED4EB
192,53,92,#6ED2EB
193,53,92,#6ED0EB
194,53,92,#6ECEEB
195,53,92,#6ECCEB
196,53,92,#6EC9EB
197,53,92,#6EC7EB
198,53,92,#6EC5EB
199,53,92,#6EC3EB
200,53,92,#6EC1EB
201,53,92,#6EBFEB
202,53,92,#6EBDEB
203,53,92,#6EBBEB
204,53,92,#6EB9EB
205,53,92,#6EB7EB
206,53,92,#6EB5EB
207,53,92,#6EB3EB
208,53,92,#6EB1EB
209,53,92,#6EAFEB
210,53,92,#6EACEB
211,53,92,#6EAAEB
212,53,92,#6EA8EB
213,53,92,#6EA6EB
214,53,92,#6EA4EB
215,53,92,#6EA2EB
216,53,92,#6EA0EB
217,53,92,#6E9EEB
218,53,92,#6E9CEB
219,53,92,#6E9AEB
220,53,92,#6E98EB
221,53,92,#6E96EB
222,53,92,#6E94EB
223,53,92,#6E91EB
224,53,92,#6E8FEB
225,53,92,#6E8DEB
226,53,92,#6E8BEB
227,53,92,#6E89EB
228,53,92,#6E87EB
229,53,92,#6E85EB
230,53,92,#6E83EB
231,53,92,#6E81EB
232,53,92,#6E7FEB
233,53,92,#6E7DEB
234,53,92,#6E7BEB
235,53,92,#6E79EB
236,53,92,#6E77EB
237,53,92,#6E74EB
238,53,92,#6E72EB
239,53,92,#6E70EB
240,53,92,#6E6EEB
241,53,92,#706EEB
242,53,92,#726EEB
243,53,92,#746EEB
244,53,92,#776EEB
245,53,92,#796EEB
246,53,92,#7B6EEB
247,53,92,#7D6EEB
248,53,92,#7F6EEB
249,53,92,#816EEB
250,53,92,#836EEB
251,53,92,#856EEB
252,53,92,#876EEB
253,53,92,#896EEB
254,53,92,#8B6EEB
255,53,92,#8D6EEB
256,53,92,#8F6EEB
257,53,92,#916EEB
258,53,92,#946EEB
259,53,92,#966EEB
260,53,92,#986EEB
261,53,92,#9A6EEB
262,53,92,#9C6EEB
263,53,92,#9E6EEB
264,53,92,#A06EEB
265,53,92,#A26EEB
266,53,92,#A46EEB
267,53,92,#A66EEB
268,53,92,#A86EEB
269,53,92,#AA6EEB
270,53,92,#AC6EEB
271,53,92,#AF6EEB
272,53,92,#B16EEB
273,53,92,#B36EEB
274,53,92,#B56EEB
275,53,92,#B76EEB
276,53,92,#B96EEB
277,53,92,#BB6EEB
278,53,92,#BD6EEB
279,53,92,#BF6EEB
280,53,92,#C16EEB
281,53,92,#C36EEB
282,53,92,#C56EEB
283,53,92,#C76EEB
284,53,92,#C96EEB
285,53,92,#CC6EEB
286,53,92,#CE6EEB
287,53,92,#D06EEB
288,53,92,#D26EEB
289,53,92,#D46EEB
290,53,92,#D66EEB
291,53,92,#D86EEB
292,53,92,#DA6EEB
293,53,92,#DC6EEB
294,53,92,#DE6EEB
295,53,92,#E06EEB
296,53,92,#E26EEB
297,53,92,#E46EEB
298,53,92,#E66EEB
299,53,92,#E96EEB
300,53,92,#EB6EEB
301,53,92,#EB6EE9
302,53,92,#EB6EE6
303,53,92,#EB6EE4
304,53,92,#EB6EE2
305,53,92,#EB6EE0
306,53,92,#EB6EDE
307,53,92,#EB6EDC
308,53,92,#EB6EDA
309,53,92,#EB6ED8
310,53,92,#EB6ED6
311,53,92,#EB6ED4
312,53,92,#EB6ED2
313,53,92,#EB6ED0
314,53,92,#EB6ECE
315,53,92,#EB6ECC
316,53,92,#EB6EC9
317,53,92,#EB6EC7
318,53,92,#EB6EC5
319,53,92,#EB6EC3
320,53,92,#EB6EC1
321,53,92,#EB6EBF
322,53,92,#EB6EBD
323,53,92,#EB6EBB
324,53,92,#EB6EB9
325,53,92,#EB6EB7
326,53,92,#EB6EB5
327,53,92,#EB6EB3
328,53,92,#EB6EB1
329,53,92,#EB6EAF
330,53,92,#EB6EAC
331,53,92,#EB6EAA
332,53,92,#EB6EA8
333,53,92,#EB6EA6
334,53,92,#EB6EA4
335,53,92,#EB6EA2
336,53,92,#EB6EA0
337,53,92,#EB6E9E
338,53,92,#EB6E9C
339,53,92,#EB6E9A
340,53,92,#EB6E98
341,53,92,#EB6E96
342,53,92,#EB6E94
343,53,92,#EB6E91
344,53,92,#EB6E8F
345,53,92,#EB6E8D
346,53,92,#EB6E8B
347,53,92,#EB6E89
348,53,92,#EB6E87
349,53,92,#EB6E85
350,53,92,#EB6E83
351,53,92,#EB6E81
352,53,92,#EB6E7F
353,53,92,#EB6E7D
354,53,92,#EB6E7B
355,53,92,#EB6E79
356,53,92,#EB6E77
357,53,92,#EB6E74
358,53,92,#EB6E72
359,53,92,#EB6E70
0,52,92,#EB7171
1,52,92,#EB7371
2,52,92,#EB7571
3,52,92,#EB7771
4,52,92,#EB7971
5,52,92,#EB7B71
6,52,92,#EB7D71
7,52,92,#EB7F71
8,52,92,#EB8171
9,52,92,#EB8371
10,52,92,#EB8571
11,52,92,#EB8771
12,52,92,#EB8971
13,52,92,#EB8B71
14,52,92,#EB8D71
15,52,92,#EB8F71
16,52,92,#EB9171
17,52,92,#EB9371
18,52,92,#EB9571
19,52,92,#EB9771
20,52,92,#EB9971
21,52,92,#EB9B71
22,52,92,#EB9D71
23,52,92,#EB9F71
24,52,92,#EBA171
25,52,92,#EBA371
26,52,92,#EBA571
27,52,92,#EBA871
28,52,92,#EBAA71
29,52,92,#EBAC71
30,52,92,#EBAE71
31,52,92,#EBB071
32,52,92,#EBB271
33,52,92,#EBB471
34,52,92,#EBB671
35,52,92,#EBB871
36,52,92,#EBBA71
37,52,92,#EBBC71
38,52,92,#EBBE71
39,52,92,#EBC071
40,52,92,#EBC271
41,52,92,#EBC471
42,52,92,#EBC671
43,52,92,#EBC871
44,52,92,#EBCA71
45,52,92,#EBCC71
46,52,92,#EBCE71
47,52,92,#EBD071
48,52,92,#EBD271
49,52,92,#EBD471
50,52,92,#EBD671
51,52,92,#EBD871
52,52,92,#EBDA71
53,52,92,#EBDC71
54,52,92,#EBDE71
55,52,92,#EBE071
56,52,92,#EBE271
57,52,92,#EBE571
58,52,92,#EBE771
59,52,92,#EBE971
60,52,92,#EBEB71
61,52,92,#E9EB71
62,52,92,#E7EB71
63,52,92,#E5EB71
64,52,92,#E2EB71
65,52,92,#E0EB71
66,52,92,#DEEB71
67,52,92,#DCEB71
68,52,92,#DAEB71
69,52,92,#D8EB71
70,52,92,#D6EB71
71,52,92,#D4EB71
72,52,92,#D2EB71
73,52,92,#D0EB71
74,52,92,#CEEB71
75,52,92,#CCEB71
76,52,92,#CAEB71
77,52,92,#C8EB71
78,52,92,#C6EB71
79,52,92,#C4EB71
80,52,92,#C2EB71
81,52,92,#C0EB71
82,52,92,#BEEB71
83,52,92,#BCEB71
84,52,92,#BAEB71
85,52,92,#B8EB71
86,52,92,#B6EB71
87,52,92,#B4EB71
88,52,92,#B2EB71
89,52,92,#B0EB71
90,52,92,#AEEB71
91,52,92,#ACEB71
92,52,92,#AAEB71
93,52,92,#A8EB71
94,52,92,#A5EB71
95,52,92,#A3EB71
96,52,92,#A1EB71
97,52,92,#9FEB71
98,52,92,#9DEB71
99,52,92,#9BEB71
100,52,92,#99EB71
101,52,92,#97EB71
102,52,92,#95EB71
103,52,92,#93EB71
104,52,92,#91EB71
105,52,92,#8FEB71
106,52,92,#8DEB71
107,52,92,#8BEB71
108,52,92,#89EB71
109,52,92,#87EB71
110,52,92,#85EB71
111,52,92,#83EB71
112,52,92,#81EB71
113,52,92,#7FEB71
114,52,92,#7DEB71
115,52,92,#7BEB71
116,52,92,#79EB71
117,52,92,#77EB71
118,52,92,#75EB71
119,52,92,#73EB71
120,52,92,#71EB71
121,52,92,#71EB73
122,52,92,#71EB75
123,52,92,#71EB77
124,52,92,#71EB79
125,52,92,#71EB7B
126,52,92,#71EB7D
127,52,92,#71EB7F
128,52,92,#71EB81
129,52,92,#71EB83
130,52,92,#71EB85
131,52,92,#71EB87
132,52,92,#71EB89
133,52,92,#71EB8B
134,52,92,#71EB8D
135,52,92,#71EB8F
136,52,92,#71EB91
137,52,92,#71EB93
138,52,92,#71EB95
139,52,92,#71EB97
140,52,92,#71EB99
141,52,92,#71EB9B
142,52,92,#71EB9D
143,52,92,#71EB9F
144,52,92,#71EBA1
145,52,92,#71EBA3
146,52,92,#71EBA5
147,52,92,#71EBA8
148,52,92,#71EBAA
149,52,92,#71EBAC
150,52,92,#71EBAE
151,52,92,#71EBB0
152,52,92,#71EBB2
153,52,92,#71EBB4
154,52,92,#71EBB6
155,52,92,#71EBB8
156,52,92,#71EBBA
157,52,92,#71EBBC
158,52,92,#71EBBE
159,52,92,#71EBC0
160,52,92,#71EBC2
161,52,92,#71EBC4
162,52,92,#71EBC6
163,52,92,#71EBC8
164,52,92,#71EBCA
165,52,92,#71EBCC
166,52,92,#71EBCE
167,52,92,#71EBD0
168,52,92,#71EBD2
169,52,92,#71EBD4
170,52,92,#71EBD6
171,52,92,#71EBD8
172,52,92,#71EBDA
173,52,92,#71EBDC
174,52,92,#71EBDE
175,52,92,#71EBE0
176,52,92,#71EBE2
177,52,92,#71EBE5
178,52,92,#71EBE7
179,52,92,#71EBE9
180,52,92,#71EBEB
181,52,92,#71E9EB
182,52,92,#71E7EB
183,52,92,#71E5EB
184,52,92,#71E2EB
185,52,92,#71E0EB
186,52,92,#71DEEB
187,52,92,#71DCEB
188,52,92,#71DAEB
189,52,92,#71D8EB
190,52,92,#71D6EB
191,52,92,#71D4EB
192,52,92,#71D2EB
193,52,92,#71D0EB
194,52,92,#71CEEB
195,52,92,#71CCEB
196,52,92,#71CAEB
197,52,92,#71C8EB
198,52,92,#71C6EB
199,52,92,#71C4EB
200,52,92,#71C2EB
201,52,92,#71C0EB
202,52,92,#71BEEB
203,52,92,#71BCEB
204,52,92,#71BAEB
205,52,92,#71B8EB
206,52,92,#71B6EB
207,52,92,#71B4EB
208,52,92,#71B2EB
209,52,92,#71B0EB
210,52,92,#71AEEB
211,52,92,#71ACEB
212,52,92,#71AAEB
213,52,92,#71A8EB
214,52,92,#71A5EB
215,52,92,#71A3EB
216,52,92,#71A1EB
217,52,92,#719FEB
218,52,92,#719DEB
219,52,92,#719BEB
220,52,92,#7199EB
221,52,92,#7197EB
222,52,92,#7195EB
223,52,92,#7193EB
224,52,92,#7191EB
225,52,92,#718FEB
226,52,92,#718DEB
227,52,92,#718BEB
228,52,92,#7189EB
229,52,92,#7187EB
230,52,92,#7185EB
231,52,92,#7183EB
232,52,92,#7181EB
233,52,92,#717FEB
234,52,92,#717DEB
235,52,92,#717BEB
236,52,92,#7179EB
237,52,92,#7177EB
238,52,92,#7175EB
239,52,92,#7173EB
240,52,92,#7171EB
241,52,92,#7371EB
242,52,92,#7571EB
243,52,92,#7771EB
244,52,92,#7971EB
245,52,92,#7B71EB
246,52,92,#7D71EB
247,52,92,#7F71EB
248,52,92,#8171EB
249,52,92,#8371EB
250,52,92,#8571EB
251,52,92,#8771EB
252,52,92,#8971EB
253,52,92,#8B71EB
254,52,92,#8D71EB
255,52,92,#8F71EB
256,52,92,#9171EB
257,52,92,#9371EB
258,52,92,#9571EB
259,52,92,#9771EB
260,52,92,#9971EB
261,52,92,#9B71EB
262,52,92,#9D71EB
263,52,92,#9F71EB
264,52,92,#A171EB
265,52,92,#A371EB
266,52,92,#A571EB
267,52,92,#A871EB
268,52,92,#AA71EB
269,52,92,#AC71EB
270,52,92,#AE71EB
271,52,92,#B071EB
272,52,92,#B271EB
273,52,92,#B471EB
274,52,92,#B671EB
275,52,92,#B871EB
276,52,92,#BA71EB
277,52,92,#BC71EB
278,52,92,#BE71EB
279,52,92,#C071EB
280,52,92,#C271EB
281,52,92,#C471EB
282,52,92,#C671EB
283,52,92,#C871EB
284,52,92,#CA71EB
285,52,92,#CC71EB
286,52,92,#CE71EB
287,52,92,#D071EB
288,52,92,#D271EB
289,52,92,#D471EB
290,52,92,#D671EB
291,52,92,#D871EB
292,52,92,#DA71EB
293,52,92,#DC71EB
294,52,92,#DE71EB
295,52,92,#E071EB
296,52,92,#E271EB
297,52,92,#E571EB
298,52,92,#E771EB
299,52,92,#E971EB
300,52,92,#EB71EB
301,52,92,#EB71E9
302,52,92,#EB71E7
303,52,92,#EB71E5
304,52,92,#EB71E2
305,52,92,#EB71E0
306,52,92,#EB71DE
307,52,92,#EB71DC
308,52,92,#EB71DA
309,52,92,#EB71D8
310,52,92,#EB71D6
311,52,92,#EB71D4
312,52,92,#EB71D2
313,52,92,#EB71D0
314,52,92,#EB71CE
315,52,92,#EB71CC
316,52,92,#EB71CA
317,52,92,#EB71C8
318,52,92,#EB71C6
319,52,92,#EB71C4
320,52,92,#EB71C2
321,52,92,#EB71C0
322,52,92,#EB71BE
323,52,92,#EB71BC
324,52,92,#EB71BA
325,52,92,#EB71B8
326,52,92,#EB71B6
327,52,92,#EB71B4
328,52,92,#EB71B2
329,52,92,#EB71B0
330,52,92,#EB71AE
331,52,92,#EB71AC
332,52,92,#EB71AA
333,52,92,#EB71A8
334,52,92,#EB71A5
335,52,92,#EB71A3
336,52,92,#EB71A1
337,52,92,#EB719F
338,52,92,#EB719D
339,52,92,#EB719B
340,52,92,#EB7199
341,52,92,#EB7197
342,52,92,#EB7195
343,52,92,#EB7193
344,52,92,#EB7191
345,52,92,#EB718F
346,52,92,#EB718D
347,52,92,#EB718B
348,52,92,#EB7189
349,52,92,#EB7187
350,52,92,#EB7185
351,52,92,#EB7183
352,52,92,#EB7181
353,52,92,#EB717F
354,52,92,#EB717D
355,52,92,#EB717B
356,52,92,#EB7179
357,52,92,#EB7177
358,52,92,#EB7175
359,52,92,#EB7173
0,51,92,#EB7373
1,51,92,#EB7573
2,51,92,#EB7773
3,51,92,#EB7973
4,51,92,#EB7B73
5,51,92,#EB7D73
6,51,92,#EB7F73
7,51,92,#EB8173
8,51,92,#EB8373
9,51,92,#EB8573
10,51,92,#EB8773
11,51,92,#EB8973
12,51,92,#EB8B73
13,51,92,#EB8D73
14,51,92,#EB8F73
15,51,92,#EB9173
16,51,92,#EB9373
17,51,92,#EB9573
18,51,92,#EB9773
19,51,92,#EB9973
20,51,92,#EB9B73
21,51,92,#EB9D73
22,51,92,#EB9F73
23,51,92,#EBA173
24,51,92,#EBA373
25,51,92,#EBA573
26,51,92,#EBA773
27,51,92,#EBA973
28,51,92,#EBAB73
29,51,92,#EBAD73
30,51,92,#EBAF73
31,51,92,#EBB173
32,51,92,#EBB373
33,51,92,#EBB573
34,51,92,#EBB773
35,51,92,#EBB973
36,51,92,#EBBB73
37,51,92,#EBBD73
38,51,92,#EBBF73
39,51,92,#EBC173
40,51,92,#EBC373
41,51,92,#EBC573
42,51,92,#EBC773
43,51,92,#EBC973
44,51,92,#EBCB73
45,51,92,#EBCD73
46,51,92,#EBCF73
47,51,92,#EBD173
48,51,92,#EBD373
49,51,92,#EBD573
50,51,92,#EBD773
51,51,92,#EBD973
52,51,92,#EBDB73
53,51,92,#EBDD73
54,51,92,#EBDF73
55,51,92,#EBE173
56,51,92,#EBE373
57,51,92,#EBE573
58,51,92,#EBE773
59,51,92,#EBE973
60,51,92,#EBEB73
61,51,92,#E9EB73
62,51,92,#E7EB73
63,51,92,#E5EB73
64,51,92,#E3EB73
65,51,92,#E1EB73
66,51,92,#DFEB73
67,51,92,#DDEB73
68,51,92,#DBEB73
69,51,92,#D9EB73
70,51,92,#D7EB73
71,51,92,#D5EB73
72,51,92,#D3EB73
73,51,92,#D1EB73
74,51,92,#CFEB73
75,51,92,#CDEB73
76,51,92,#CBEB73
77,51,92,#C9EB73
78,51,92,#C7EB73
79,51,92,#C5EB73
80,51,92,#C3EB73
81,51,92,#C1EB73
82,51,92,#BFEB73
83,51,92,#BDEB73
84,51,92,#BBEB73
85,51,92,#B9EB73
86,51,92,#B7EB73
87,51,92,#B5EB73
88,51,92,#B3EB73
89,51,92,#B1EB73
90,51,92,#AFEB73
91,51,92,#ADEB73
92,51,92,#ABEB73
93,51,92,#A9EB73
94,51,92,#A7EB73
95,51,92,#A5EB73
96,51,92,#A3EB73
97,51,92,#A1EB73
98,51,92,#9FEB73
99,51,92,#9DEB73
100,51,92,#9BEB73
101,51,92,#99EB73
102,51,92,#97EB73
103,51,92,#95EB73
104,51,92,#93EB73
105,51,92,#91EB73
106,51,92,#8FEB73
107,51,92,#8DEB73
108,51,92,#8BEB73
109,51,92,#89EB73
110,51,92,#87EB73
111,51,92,#85EB73
112,51,92,#83EB73
113,51,92,#81EB73
114,51,92,#7FEB73
115,51,92,#7DEB73
116,51,92,#7BEB73
117,51,92,#79EB73
118,51,92,#77EB73
119,51,92,#75EB73
120,51,92,#73EB73
121,51,92,#73EB75
122,51,92,#73EB77
123,51,92,#73EB79
124,51,92,#73EB7B
125,51,92,#73EB7D
126,51,92,#73EB7F
127,51,92,#73EB81
128,51,92,#73EB83
129,51,92,#73EB85
130,51,92,#73EB87
131,51,92,#73EB89
132,51,92,#73EB8B
133,51,92,#73EB8D
134,51,92,#73EB8F
135,51,92,#73EB91
136,51,92,#73EB93
137,51,92,#73EB95
138,51,92,#73EB97
139,51,92,#73EB99
140,51,92,#73EB9B
141,51,92,#73EB9D
142,51,92,#73EB9F
143,51,92,#73EBA1
144,51,92,#73EBA3
145,51,92,#73EBA5
146,51,92,#73EBA7
147,51,92,#73EBA9
148,51,92,#73EBAB
149,51,92,#73EBAD
150,51,92,#73EBAF
151,51,92,#73EBB1
152,51,92,#73EBB3
153,51,92,#73EBB5
154,51,92,#73EBB7
155,51,92,#73EBB9
156,51,92,#73EBBB
157,51,92,#73EBBD
158,51,92,#73EBBF
159,51,92,#73EBC1
160,51,92,#73EBC3
161,51,92,#73EBC5
162,51,92,#73EBC7
163,51,92,#73EBC9
164,51,92,#73EBCB
165,51,92,#73EBCD
166,51,92,#73EBCF
167,51,92,#73EBD1
168,51,92,#73EBD3
169,51,92,#73EBD5
170,51,92,#73EBD7
171,51,92,#73EBD9
172,51,92,#73EBDB
173,51,92,#73EBDD
174,51,92,#73EBDF
175,51,92,#73EBE1
176,51,92,#73EBE3
177,51,92,#73EBE5
178,51,92,#73EBE7
179,51,92,#73EBE9
180,51,92,#73EBEB
181,51,92,#73E9EB
182,51,92,#73E7EB
183,51,92,#73E5EB
184,51,92,#73E3EB
185,51,92,#73E1EB
186,51,92,#73DFEB
187,51,92,#73DDEB
188,51,92,#73DBEB
189,51,92,#73D9EB
190,51,92,#73D7EB
191,51,92,#73D5EB
192,51,92,#73D3EB
193,51,92,#73D1EB
194,51,92,#73CFEB
195,51,92,#73CDEB
196,51,92,#73CBEB
197,51,92,#73C9EB
198,51,92,#73C7EB
199,51,92,#73C5EB
200,51,92,#73C3EB
201,51,92,#73C1EB
202,51,92,#73BFEB
203,51,92,#73BDEB
204,51,92,#73BBEB
205,51,92,#73B9EB
206,51,92,#73B7EB
207,51,92,#73B5EB
208,51,92,#73B3EB
209,51,92,#73B1EB
210,51,92,#73AFEB
211,51,92,#73ADEB
212,51,92,#73ABEB
213,51,92,#73A9EB
214,51,92,#73A7EB
215,51,92,#73A5EB
216,51,92,#73A3EB
217,51,92,#73A1EB
218,51,92,#739FEB
219,51,92,#739DEB
220,51,92,#739BEB
221,51,92,#7399EB
222,51,92,#7397EB
223,51,92,#7395EB
224,51,92,#7393EB
225,51,92,#7391EB
226,51,92,#738FEB
227,51,92,#738DEB
228,51,92,#738BEB
229,51,92,#7389EB
230,51,92,#7387EB
231,51,92,#7385EB
232,51,92,#7383EB
233,51,92,#7381EB
234,51,92,#737FEB
235,51,92,#737DEB
236,51,92,#737BEB
237,51,92,#7379EB
238,51,92,#7377EB
239,51,92,#7375EB
240,51,92,#7373EB
241,51,92,#7573EB
242,51,92,#7773EB
243,51,92,#7973EB
244,51,92,#7B73EB
245,51,92,#7D73EB
246,51,92,#7F73EB
247,51,92,#8173EB
248,51,92,#8373EB
249,51,92,#8573EB
250,51,92,#8773EB
251,51,92,#8973EB
252,51,92,#8B73EB
253,51,92,#8D73EB
254,51,92,#8F73EB
255,51,92,#9173EB
256,51,92,#9373EB
257,51,92,#9573EB
258,51,92,#9773EB
259,51,92,#9973EB
260,51,92,#9B73EB
261,51,92,#9D73EB
262,51,92,#9F73EB
263,51,92,#A173EB
264,51,92,#A373EB
265,51,92,#A573EB
266,51,92,#A773EB
267,51,92,#A973EB
268,51,92,#AB73EB
269,51,92,#AD73EB
270,51,92,#AF73EB
271,51,92,#B173EB
272,51,92,#B373EB
273,51,92,#B573EB
274,51,92,#B773EB
275,51,92,#B973EB
276,51,92,#BB73EB
277,51,92,#BD73EB
278,51,92,#BF73EB
279,51,92,#C173EB
280,51,92,#C373EB
281,51,92,#C573EB
282,51,92,#C773EB
283,51,92,#C973EB
284,51,92,#CB73EB
285,51,92,#CD73EB
286,51,92,#CF73EB
287,51,92,#D173EB
288,51,92,#D373EB
289,51,92,#D573EB
290,51,92,#D773EB
291,51,92,#D973EB
292,51,92,#DB73EB
293,51,92,#DD73EB
294,51,92,#DF73EB
295,51,92,#E173EB
296,51,92,#E373EB
297,51,92,#E573EB
298,51,92,#E773EB
299,51,92,#E973EB
300,51,92,#EB73EB
301,51,92,#EB73E9
302,51,92,#EB73E7
303,51,92,#EB73E5
304,51,92,#EB73E3
305,51,92,#EB73E1
306,51,92,#EB73DF
307,51,92,#EB73DD
308,51,92,#EB73DB
309,51,92,#EB73D9
310,51,92,#EB73D7
311,51,92,#EB73D5
312,51,92,#EB73D3
313,51,92,#EB73D1
314,51,92,#EB73CF
315,51,92,#EB73CD
316,51,92,#EB73CB
317,51,92,#EB73C9
318,51,92,#EB73C7
319,51,92,#EB73C5
320,51,92,#EB73C3
321,51,92,#EB73C1
322,51,92,#EB73BF
323,51,92,#EB73BD
324,51,92,#EB73BB
325,51,92,#EB73B9
326,51,92,#EB73B7
327,51,92,#EB73B5
328,51,92,#EB73B3
329,51,92,#EB73B1
330,51,92,#EB73AF
331,51,92,#EB73AD
332,51,92,#EB73AB
333,51,92,#EB73A9
334,51,92,#EB73A7
335,51,92,#EB73A5
336,51,92,#EB73A3
337,51,92,#EB73A1
338,51,92,#EB739F
339,51,92,#EB739D
340,51,92,#EB739B
341,51,92,#EB7399
342,51,92,#EB7397
343,51,92,#EB7395
344,51,92,#EB7393
345,51,92,#EB7391
346,51,92,#EB738F
347,51,92,#EB738D
348,51,92,#EB738B
349,51,92,#EB7389
350,51,92,#EB7387
351,51,92,#EB7385
352,51,92,#EB7383
353,51,92,#EB7381
354,51,92,#EB737F
355,51,92,#EB737D
356,51,92,#EB737B
357,51,92,#EB7379
358,51,92,#EB7377
359,51,92,#EB7375
0,50,92,#EB7575
1,50,92,#EB7775
2,50,92,#EB7975
3,50,92,#EB7B75
4,50,92,#EB7D75
5,50,92,#EB7F75
6,50,92,#EB8175
7,50,92,#EB8375
8,50,92,#EB8575
9,50,92,#EB8775
10,50,92,#EB8975
11,50,92,#EB8B75
12,50,92,#EB8D75
13,50,92,#EB8F75
14,50,92,#EB9175
15,50,92,#EB9375
16,50,92,#EB9575
17,50,92,#EB9775
18,50,92,#EB9875
19,50,92,#EB9A75
20,50,92,#EB9C75
21,50,92,#EB9E75
22,50,92,#EBA075
23,50,92,#EBA275
24,50,92,#EBA475
25,50,92,#EBA675
26,50,92,#EBA875
27,50,92,#EBAA75
28,50,92,#EBAC75
29,50,92,#EBAE75
30,50,92,#EBB075
31,50,92,#EBB275
32,50,92,#EBB475
33,50,92,#EBB675
34,50,92,#EBB875
35,50,92,#EBBA75
36,50,92,#EBBC75
37,50,92,#EBBE75
38,50,92,#EBC075
39,50,92,#EBC275
40,50,92,#EBC375
41,50,92,#EBC575
42,50,92,#EBC775
43,50,92,#EBC975
44,50,92,#EBCB75
45,50,92,#EBCD75
46,50,92,#EBCF75
47,50,92,#EBD175
48,50,92,#EBD375
49,50,92,#EBD575
50,50,92,#EBD775
51,50,92,#EBD975
52,50,92,#EBDB75
53,50,92,#EBDD75
54,50,92,#EBDF75
55,50,92,#EBE175
56,50,92,#EBE375
57,50,92,#EBE575
58,50,92,#EBE775
59,50,92,#EBE975
60,50,92,#EBEB75
61,50,92,#E9EB75
62,50,92,#E7EB75
63,50,92,#E5EB75
64,50,92,#E3EB75
65,50,92,#E1EB75
66,50,92,#DFEB75
67,50,92,#DDEB75
68,50,92,#DBEB75
69,50,92,#D9EB75
70,50,92,#D7EB75
71,50,92,#D5EB75
72,50,92,#D3EB75
73,50,92,#D1EB75
74,50,92,#CFEB75
75,50,92,#CDEB75
76,50,92,#CBEB75
77,50,92,#C9EB75
78,50,92,#C7EB75
79,50,92,#C5EB75
80,50,92,#C4EB75
81,50,92,#C2EB75
82,50,92,#C0EB75
83,50,92,#BEEB75
84,50,92,#BCEB75
85,50,92,#BAEB75
86,50,92,#B8EB75
87,50,92,#B6EB75
88,50,92,#B4EB75
89,50,92,#B2EB75
90,50,92,#B0EB75
91,50,92,#AEEB75
92,50,92,#ACEB75
93,50,92,#AAEB75
94,50,92,#A8EB75
95,50,92,#A6EB75
96,50,92,#A4EB75
97,50,92,#A2EB75
98,50,92,#A0EB75
99,50,92,#9EEB75
100,50,92,#9CEB75
101,50,92,#9AEB75
102,50,92,#98EB75
103,50,92,#97EB75
104,50,92,#95EB75
105,50,92,#93EB75
106,50,92,#91EB75
107,50,92,#8FEB75
108,50,92,#8DEB75
109,50,92,#8BEB75
110,50,92,#89EB75
111,50,92,#87EB75
112,50,92,#85EB75
113,50,92,#83EB75
114,50,92,#81EB75
115,50,92,#7FEB75
116,50,92,#7DEB75
117,50,92,#7BEB75
118,50,92,#79EB75
119,50,92,#77EB75
120,50,92,#75EB75
121,50,92,#75EB77
122,50,92,#75EB79
123,50,92,#75EB7B
124,50,92,#75EB7D
125,50,92,#75EB7F
126,50,92,#75EB81
127,50,92,#75EB83
128,50,92,#75EB85
129,50,92,#75EB87
130,50,92,#75EB89
131,50,92,#75EB8B
132,50,92,#75EB8D
133,50,92,#75EB8F
134,50,92,#75EB91
135,50,92,#75EB93
136,50,92,#75EB95
137,50,92,#75EB97
138,50,92,#75EB98
139,50,92,#75EB9A
140,50,92,#75EB9C
141,50,92,#75EB9E
142,50,92,#75EBA0
143,50,92,#75EBA2
144,50,92,#75EBA4
145,50,92,#75EBA6
146,50,92,#75EBA8
147,50,92,#75EBAA
148,50,92,#75EBAC
149,50,92,#75EBAE
150,50,92,#75EBB0
151,50,92,#75EBB2
152,50,92,#75EBB4
153,50,92,#75EBB6
154,50,92,#75EBB8
155,50,92,#75EBBA
156,50,92,#75EBBC
157,50,92,#75EBBE
158,50,92,#75EBC0
159,50,92,#75EBC2
160,50,92,#75EBC3
161,50,92,#75EBC5
162,50,92,#75EBC7
163,50,92,#75EBC9
164,50,92,#75EBCB
165,50,92,#75EBCD
166,50,92,#75EBCF
167,50,92,#75EBD1
168,50,92,#75EBD3
169,50,92,#75EBD5
170,50,92,#75EBD7
171,50,92,#75EBD9
172,50,92,#75EBDB
173,50,92,#75EBDD
174,50,92,#75EBDF
175,50,92,#75EBE1
176,50,92,#75EBE3
177,50,92,#75EBE5
178,50,92,#75EBE7
179,50,92,#75EBE9
180,50,92,#75EBEB
181,50,92,#75E9EB
182,50,92,#75E7EB
183,50,92,#75E5EB
184,50,92,#75E3EB
185,50,92,#75E1EB
186,50,92,#75DFEB
187,50,92,#75DDEB
188,50,92,#75DBEB
189,50,92,#75D9EB
190,50,92,#75D7EB
191,50,92,#75D5EB
192,50,92,#75D3EB
193,50,92,#75D1EB
194,50,92,#75CFEB
195,50,92,#75CDEB
196,50,92,#75CBEB
197,50,92,#75C9EB
198,50,92,#75C7EB
199,50,92,#75C5EB
200,50,92,#75C3EB
201,50,92,#75C2EB
202,50,92,#75C0EB
203,50,92,#75BEEB
204,50,92,#75BCEB
205,50,92,#75BAEB
206,50,92,#75B8EB
207,50,92,#75B6EB
208,50,92,#75B4EB
209,50,92,#75B2EB
210,50,92,#75B0EB
211,50,92,#75AEEB
212,50,92,#75ACEB
213,50,92,#75AAEB
214,50,92,#75A8EB
215,50,92,#75A6EB
216,50,92,#75A4EB
217,50,92,#75A2EB
218,50,92,#75A0EB
219,50,92,#759EEB
220,50,92,#759CEB
221,50,92,#759AEB
222,50,92,#7598EB
223,50,92,#7597EB
224,50,92,#7595EB
225,50,92,#7593EB
226,50,92,#7591EB
227,50,92,#758FEB
228,50,92,#758DEB
229,50,92,#758BEB
230,50,92,#7589EB
231,50,92,#7587EB
232,50,92,#7585EB
233,50,92,#7583EB
234,50,92,#7581EB
235,50,92,#757FEB
236,50,92,#757DEB
237,50,92,#757BEB
238,50,92,#7579EB
239,50,92,#7577EB
240,50,92,#7575EB
241,50,92,#7775EB
242,50,92,#7975EB
243,50,92,#7B75EB
244,50,92,#7D75EB
245,50,92,#7F75EB
246,50,92,#8175EB
247,50,92,#8375EB
248,50,92,#8575EB
249,50,92,#8775EB
250,50,92,#8975EB
251,50,92,#8B75EB
252,50,92,#8D75EB
253,50,92,#8F75EB
254,50,92,#9175EB
255,50,92,#9375EB
256,50,92,#9575EB
257,50,92,#9775EB
258,50,92,#9875EB
259,50,92,#9A75EB
260,50,92,#9C75EB
261,50,92,#9E75EB
262,50,92,#A075EB
263,50,92,#A275EB
264,50,92,#A475EB
265,50,92,#A675EB
266,50,92,#A875EB
267,50,92,#AA75EB
268,50,92,#AC75EB
269,50,92,#AE75EB
270,50,92,#B075EB
271,50,92,#B275EB
272,50,92,#B475EB
273,50,92,#B675EB
274,50,92,#B875EB
275,50,92,#BA75EB
276,50,92,#BC75EB
277,50,92,#BE75EB
278,50,92,#C075EB
279,50,92,#C275EB
280,50,92,#C475EB
281,50,92,#C575EB
282,50,92,#C775EB
283,50,92,#C975EB
284,50,92,#CB75EB
285,50,92,#CD75EB
286,50,92,#CF75EB
287,50,92,#D175EB
288,50,92,#D375EB
289,50,92,#D575EB
290,50,92,#D775EB
291,50,92,#D975EB
292,50,92,#DB75EB
293,50,92,#DD75EB
294,50,92,#DF75EB
295,50,92,#E175EB
296,50,92,#E375EB
297,50,92,#E575EB
298,50,92,#E775EB
299,50,92,#E975EB
300,50,92,#EB75EB
301,50,92,#EB75E9
302,50,92,#EB75E7
303,50,92,#EB75E5
304,50,92,#EB75E3
305,50,92,#EB75E1
306,50,92,#EB75DF
307,50,92,#EB75DD
308,50,92,#EB75DB
309,50,92,#EB75D9
310,50,92,#EB75D7
311,50,92,#EB75D5
312,50,92,#EB75D3
313,50,92,#EB75D1
314,50,92,#EB75CF
315,50,92,#EB75CD
316,50,92,#EB75CB
317,50,92,#EB75C9
318,50,92,#EB75C7
319,50,92,#EB75C5
320,50,92,#EB75C4
321,50,92,#EB75C2
322,50,92,#EB75C0
323,50,92,#EB75BE
324,50,92,#EB75BC
325,50,92,#EB75BA
326,50,92,#EB75B8
327,50,92,#EB75B6
328,50,92,#EB75B4
329,50,92,#EB75B2
330,50,92,#EB75B0
331,50,92,#EB75AE
332,50,92,#EB75AC
333,50,92,#EB75AA
334,50,92,#EB75A8
335,50,92,#EB75A6
336,50,92,#EB75A4
337,50,92,#EB75A2
338,50,92,#EB75A0
339,50,92,#EB759E
340,50,92,#EB759C
341,50,92,#EB759A
342,50,92,#EB7598
343,50,92,#EB7597
344,50,92,#EB7595
345,50,92,#EB7593
346,50,92,#EB7591
347,50,92,#EB758F
348,50,92,#EB758D
349,50,92,#EB758B
350,50,92,#EB7589
351,50,92,#EB7587
352,50,92,#EB7585
353,50,92,#EB7583
354,50,92,#EB7581
355,50,92,#EB757F
356,50,92,#EB757D
357,50,92,#EB757B
358,50,92,#EB7579
359,50,92,#EB7577
0,49,92,#EB7878
1,49,92,#EB7A78
2,49,92,#EB7B78
3,49,92,#EB7D78
4,49,92,#EB7F78
5,49,92,#EB8178
6,49,92,#EB8378
7,49,92,#EB8578
8,49,92,#EB8778
9,49,92,#EB8978
10,49,92,#EB8B78
11,49,92,#EB8D78
12,49,92,#EB8F78
13,49,92,#EB9178
14,49,92,#EB9278
15,49,92,#EB9478
16,49,92,#EB9678
17,49,92,#EB9878
18,49,92,#EB9A78
19,49,92,#EB9C78
20,49,92,#EB9E78
21,49,92,#EBA078
22,49,92,#EBA278
23,49,92,#EBA478
24,49,92,#EBA678
25,49,92,#EBA878
26,49,92,#EBA978
27,49,92,#EBAB78
28,49,92,#EBAD78
29,49,92,#EBAF78
30,49,92,#EBB178
31,49,92,#EBB378
32,49,92,#EBB578
33,49,92,#EBB778
34,49,92,#EBB978
35,49,92,#EBBB78
36,49,92,#EBBD78
37,49,92,#EBBF78
38,49,92,#EBC078
39,49,92,#EBC278
40,49,92,#EBC478
41,49,92,#EBC678
42,49,92,#EBC878
43,49,92,#EBCA78
44,49,92,#EBCC78
45,49,92,#EBCE78
46,49,92,#EBD078
47,49,92,#EBD278
48,49,92,#EBD478
49,49,92,#EBD678
50,49,92,#EBD778
51,49,92,#EBD978
52,49,92,#EBDB78
53,49,92,#EBDD78
54,49,92,#EBDF78
55,49,92,#EBE178
56,49,92,#EBE378
57,49,92,#EBE578
58,49,92,#EBE778
59,49,92,#EBE978
60,49,92,#EBEB78
61,49,92,#E9EB78
62,49,92,#E7EB78
63,49,92,#E5EB78
64,49,92,#E3EB78
65,49,92,#E1EB78
66,49,92,#DFEB78
67,49,92,#DDEB78
68,49,92,#DBEB78
69,49,92,#D9EB78
70,49,92,#D7EB78
71,49,92,#D6EB78
72,49,92,#D4EB78
73,49,92,#D2EB78
74,49,92,#D0EB78
75,49,92,#CEEB78
76,49,92,#CCEB78
77,49,92,#CAEB78
78,49,92,#C8EB78
79,49,92,#C6EB78
80,49,92,#C4EB78
81,49,92,#C2EB78
82,49,92,#C0EB78
83,49,92,#BFEB78
84,49,92,#BDEB78
85,49,92,#BBEB78
86,49,92,#B9EB78
87,49,92,#B7EB78
88,49,92,#B5EB78
89,49,92,#B3EB78
90,49,92,#B1EB78
91,49,92,#AFEB78
92,49,92,#ADEB78
93,49,92,#ABEB78
94,49,92,#A9EB78
95,49,92,#A8EB78
96,49,92,#A6EB78
97,49,92,#A4EB78
98,49,92,#A2EB78
99,49,92,#A0EB78
100,49,92,#9EEB78
101,49,92,#9CEB78
102,49,92,#9AEB78
103,49,92,#98EB78
104,49,92,#96EB78
105,49,92,#94EB78
106,49,92,#92EB78
107,49,92,#91EB78
108,49,92,#8FEB78
109,49,92,#8DEB78
110,49,92,#8BEB78
111,49,92,#89EB78
112,49,92,#87EB78
113,49,92,#85EB78
114,49,92,#83EB78
115,49,92,#81EB78
116,49,92,#7FEB78
117,49,92,#7DEB78
118,49,92,#7BEB78
119,49,92,#7AEB78
120,49,92,#78EB78
121,49,92,#78EB7A
122,49,92,#78EB7B
123,49,92,#78EB7D
124,49,92,#78EB7F
125,49,92,#78EB81
126,49,92,#78EB83
127,49,92,#78EB85
128,49,92,#78EB87
129,49,92,#78EB89
130,49,92,#78EB8B
131,49,92,#78EB8D
132,49,92,#78EB8F
133,49,92,#78EB91
134,49,92,#78EB92
135,49,92,#78EB94
136,49,92,#78EB96
137,49,92,#78EB98
138,49,92,#78EB9A
139,49,92,#78EB9C
140,49,92,#78EB9E
141,49,92,#78EBA0
142,49,92,#78EBA2
143,49,92,#78EBA4
144,49,92,#78EBA6
145,49,92,#78EBA8
146,49,92,#78EBA9
147,49,92,#78EBAB
148,49,92,#78EBAD
149,49,92,#78EBAF
150,49,92,#78EBB1
151,49,92,#78EBB3
152,49,92,#78EBB5
153,49,92,#78EBB7
154,49,92,#78EBB9
155,49,92,#78EBBB
156,49,92,#78EBBD
157,49,92,#78EBBF
158,49,92,#78EBC0
159,49,92,#78EBC2
160,49,92,#78EBC4
161,49,92,#78EBC6
162,49,92,#78EBC8
163,49,92,#78EBCA
164,49,92,#78EBCC
165,49,92,#78EBCE
166,49,92,#78EBD0
167,49,92,#78EBD2
168,49,92,#78EBD4
169,49,92,#78EBD6
170,49,92,#78EBD7
171,49,92,#78EBD9
172,49,92,#78EBDB
173,49,92,#78EBDD
174,49,92,#78EBDF
175,49,92,#78EBE1
176,49,92,#78EBE3
177,49,92,#78EBE5
178,49,92,#78EBE7
179,49,92,#78EBE9
180,49,92,#78EBEB
181,49,92,#78E9EB
182,49,92,#78E7EB
183,49,92,#78E5EB
184,49,92,#78E3EB
185,49,92,#78E1EB
186,49,92,#78DFEB
187,49,92,#78DDEB
188,49,92,#78DBEB
189,49,92,#78D9EB
190,49,92,#78D7EB
191,49,92,#78D6EB
192,49,92,#78D4EB
193,49,92,#78D2EB
194,49,92,#78D0EB
195,49,92,#78CEEB
196,49,92,#78CCEB
197,49,92,#78CAEB
198,49,92,#78C8EB
199,49,92,#78C6EB
200,49,92,#78C4EB
201,49,92,#78C2EB
202,49,92,#78C0EB
203,49,92,#78BFEB
204,49,92,#78BDEB
205,49,92,#78BBEB
206,49,92,#78B9EB
207,49,92,#78B7EB
208,49,92,#78B5EB
209,49,92,#78B3EB
210,49,92,#78B1EB
211,49,92,#78AFEB
212,49,92,#78ADEB
213,49,92,#78ABEB
214,49,92,#78A9EB
215,49,92,#78A8EB
216,49,92,#78A6EB
217,49,92,#78A4EB
218,49,92,#78A2EB
219,49,92,#78A0EB
220,49,92,#789EEB
221,49,92,#789CEB
222,49,92,#789AEB
223,49,92,#7898EB
224,49,92,#7896EB
225,49,92,#7894EB
226,49,92,#7892EB
227,49,92,#7891EB
228,49,92,#788FEB
229,49,92,#788DEB
230,49,92,#788BEB
231,49,92,#7889EB
232,49,92,#7887EB
233,49,92,#7885EB
234,49,92,#7883EB
235,49,92,#7881EB
236,49,92,#787FEB
237,49,92,#787DEB
238,49,92,#787BEB
239,49,92,#787AEB
240,49,92,#7878EB
241,49,92,#7A78EB
242,49,92,#7B78EB
243,49,92,#7D78EB
244,49,92,#7F78EB
245,49,92,#8178EB
246,49,92,#8378EB
247,49,92,#8578EB
248,49,92,#8778EB
249,49,92,#8978EB
250,49,92,#8B78EB
251,49,92,#8D78EB
252,49,92,#8F78EB
253,49,92,#9178EB
254,49,92,#9278EB
255,49,92,#9478EB
256,49,92,#9678EB
257,49,92,#9878EB
258,49,92,#9A78EB
259,49,92,#9C78EB
260,49,92,#9E78EB
261,49,92,#A078EB
262,49,92,#A278EB
263,49,92,#A478EB
264,49,92,#A678EB
265,49,92,#A878EB
266,49,92,#A978EB
267,49,92,#AB78EB
268,49,92,#AD78EB
269,49,92,#AF78EB
270,49,92,#B178EB
271,49,92,#B378EB
272,49,92,#B578EB
273,49,92,#B778EB
274,49,92,#B978EB
275,49,92,#BB78EB
276,49,92,#BD78EB
277,49,92,#BF78EB
278,49,92,#C078EB
279,49,92,#C278EB
280,49,92,#C478EB
281,49,92,#C678EB
282,49,92,#C878EB
283,49,92,#CA78EB
284,49,92,#CC78EB
285,49,92,#CE78EB
286,49,92,#D078EB
287,49,92,#D278EB
288,49,92,#D478EB
289,49,92,#D678EB
290,49,92,#D778EB
291,49,92,#D978EB
292,49,92,#DB78EB
293,49,92,#DD78EB
294,49,92,#DF78EB
295,49,92,#E178EB
296,49,92,#E378EB
297,49,92,#E578EB
298,49,92,#E778EB
299,49,92,#E978EB
300,49,92,#EB78EB
301,49,92,#EB78E9
302,49,92,#EB78E7
303,49,92,#EB78E5
304,49,92,#EB78E3
305,49,92,#EB78E1
306,49,92,#EB78DF
307,49,92,#EB78DD
308,49,92,#EB78DB
309,49,92,#EB78D9
310,49,92,#EB78D7
311,49,92,#EB78D6
312,49,92,#EB78D4
313,49,92,#EB78D2
314,49,92,#EB78D0
315,49,92,#EB78CE
316,49,92,#EB78CC
317,49,92,#EB78CA
318,49,92,#EB78C8
319,49,92,#EB78C6
320,49,92,#EB78C4
321,49,92,#EB78C2
322,49,92,#EB78C0
323,49,92,#EB78BF
324,49,92,#EB78BD
325,49,92,#EB78BB
326,49,92,#EB78B9
327,49,92,#EB78B7
328,49,92,#EB78B5
329,49,92,#EB78B3
330,49,92,#EB78B1
331,49,92,#EB78AF
332,49,92,#EB78AD
333,49,92,#EB78AB
334,49,92,#EB78A9
335,49,92,#EB78A8
336,49,92,#EB78A6
337,49,92,#EB78A4
338,49,92,#EB78A2
339,49,92,#EB78A0
340,49,92,#EB789E
341,49,92,#EB789C
342,49,92,#EB789A
343,49,92,#EB7898
344,49,92,#EB7896
345,49,92,#EB7894
346,49,92,#EB7892
347,49,92,#EB7891
348,49,92,#EB788F
349,49,92,#EB788D
350,49,92,#EB788B
351,49,92,#EB7889
352,49,92,#EB7887
353,49,92,#EB7885
354,49,92,#EB7883
355,49,92,#EB7881
356,49,92,#EB787F
357,49,92,#EB787D
358,49,92,#EB787B
359,49,92,#EB787A
0,48,92,#EB7A7A
1,48,92,#EB7C7A
2,48,92,#EB7E7A
3,48,92,#EB807A
4,48,92,#EB817A
5,48,92,#EB837A
6,48,92,#EB857A
7,48,92,#EB877A
8,48,92,#EB897A
9,48,92,#EB8B7A
10,48,92,#EB8D7A
11,48,92,#EB8F7A
12,48,92,#EB917A
13,48,92,#EB927A
14,48,92,#EB947A
15,48,92,#EB967A
16,48,92,#EB987A
17,48,92,#EB9A7A
18,48,92,#EB9C7A
19,48,92,#EB9E7A
20,48,92,#EBA07A
21,48,92,#EBA17A
22,48,92,#EBA37A
23,48,92,#EBA57A
24,48,92,#EBA77A
25,48,92,#EBA97A
26,48,92,#EBAB7A
27,48,92,#EBAD7A
28,48,92,#EBAF7A
29,48,92,#EBB07A
30,48,92,#EBB27A
31,48,92,#EBB47A
32,48,92,#EBB67A
33,48,92,#EBB87A
34,48,92,#EBBA7A
35,48,92,#EBBC7A
36,48,92,#EBBE7A
37,48,92,#EBBF7A
38,48,92,#EBC17A
39,48,92,#EBC37A
40,48,92,#EBC57A
41,48,92,#EBC77A
42,48,92,#EBC97A
43,48,92,#EBCB7A
44,48,92,#EBCD7A
45,48,92,#EBCE7A
46,48,92,#EBD07A
47,48,92,#EBD27A
48,48,92,#EBD47A
49,48,92,#EBD67A
50,48,92,#EBD87A
51,48,92,#EBDA7A
52,48,92,#EBDC7A
53,48,92,#EBDD7A
54,48,92,#EBDF7A
55,48,92,#EBE17A
56,48,92,#EBE37A
57,48,92,#EBE57A
58,48,92,#EBE77A
59,48,92,#EBE97A
60,48,92,#EBEB7A
61,48,92,#E9EB7A
62,48,92,#E7EB7A
63,48,92,#E5EB7A
64,48,92,#E3EB7A
65,48,92,#E1EB7A
66,48,92,#DFEB7A
67,48,92,#DDEB7A
68,48,92,#DCEB7A
69,48,92,#DAEB7A
70,48,92,#D8EB7A
71,48,92,#D6EB7A
72,48,92,#D4EB7A
73,48,92,#D2EB7A
74,48,92,#D0EB7A
75,48,92,#CEEB7A
76,48,92,#CDEB7A
77,48,92,#CBEB7A
78,48,92,#C9EB7A
79,48,92,#C7EB7A
80,48,92,#C5EB7A
81,48,92,#C3EB7A
82,48,92,#C1EB7A
83,48,92,#BFEB7A
84,48,92,#BEEB7A
85,48,92,#BCEB7A
86,48,92,#BAEB7A
87,48,92,#B8EB7A
88,48,92,#B6EB7A
89,48,92,#B4EB7A
90,48,92,#B2EB7A
91,48,92,#B0EB7A
92,48,92,#AFEB7A
93,48,92,#ADEB7A
94,48,92,#ABEB7A
95,48,92,#A9EB7A
96,48,92,#A7EB7A
97,48,92,#A5EB7A
98,48,92,#A3EB7A
99,48,92,#A1EB7A
100,48,92,#A0EB7A
101,48,92,#9EEB7A
102,48,92,#9CEB7A
103,48,92,#9AEB7A
104,48,92,#98EB7A
105,48,92,#96EB7A
106,48,92,#94EB7A
107,48,92,#92EB7A
108,48,92,#91EB7A
109,48,92,#8FEB7A
110,48,92,#8DEB7A
111,48,92,#8BEB7A
112,48,92,#89EB7A
113,48,92,#87EB7A
114,48,92,#85EB7A
115,48,92,#83EB7A
116,48,92,#81EB7A
117,48,92,#80EB7A
118,48,92,#7EEB7A
119,48,92,#7CEB7A
120,48,92,#7AEB7A
121,48,92,#7AEB7C
122,48,92,#7AEB7E
123,48,92,#7AEB80
124,48,92,#7AEB81
125,48,92,#7AEB83
126,48,92,#7AEB85
127,48,92,#7AEB87
128,48,92,#7AEB89
129,48,92,#7AEB8B
130,48,92,#7AEB8D
131,48,92,#7AEB8F
132,48,92,#7AEB91
133,48,92,#7AEB92
134,48,92,#7AEB94
135,48,92,#7AEB96
136,48,92,#7AEB98
137,48,92,#7AEB9A
138,48,92,#7AEB9C
139,48,92,#7AEB9E
140,48,92,#7AEBA0
141,48,92,#7AEBA1
142,48,92,#7AEBA3
143,48,92,#7AEBA5
144,48,92,#7AEBA7
145,48,92,#7AEBA9
146,48,92,#7AEBAB
147,48,92,#7AEBAD
148,48,92,#7AEBAF
149,48,92,#7AEBB0
150,48,92,#7AEBB2
151,48,92,#7AEBB4
152,48,92,#7AEBB6
153,48,92,#7AEBB8
154,48,92,#7AEBBA
155,48,92,#7AEBBC
156,48,92,#7AEBBE
157,48,92,#7AEBBF
158,48,92,#7AEBC1
159,48,92,#7AEBC3
160,48,92,#7AEBC5
161,48,92,#7AEBC7
162,48,92,#7AEBC9
163,48,92,#7AEBCB
164,48,92,#7AEBCD
165,48,92,#7AEBCE
166,48,92,#7AEBD0
167,48,92,#7AEBD2
168,48,92,#7AEBD4
169,48,92,#7AEBD6
170,48,92,#7AEBD8
171,48,92,#7AEBDA
172,48,92,#7AEBDC
173,48,92,#7AEBDD
174,48,92,#7AEBDF
175,48,92,#7AEBE1
176,48,92,#7AEBE3
177,48,92,#7AEBE5
178,48,92,#7AEBE7
179,48,92,#7AEBE9
180,48,92,#7AEBEB
181,48,92,#7AE9EB
182,48,92,#7AE7EB
183,48,92,#7AE5EB
184,48,92,#7AE3EB
185,48,92,#7AE1EB
186,48,92,#7ADFEB
187,48,92,#7ADDEB
188,48,92,#7ADCEB
189,48,92,#7ADAEB
190,48,92,#7AD8EB
191,48,92,#7AD6EB
192,48,92,#7AD4EB
193,48,92,#7AD2EB
194,48,92,#7AD0EB
195,48,92,#7ACEEB
196,48,92,#7ACDEB
197,48,92,#7ACBEB
198,48,92,#7AC9EB
199,48,92,#7AC7EB
200,48,92,#7AC5EB
201,48,92,#7AC3EB
202,48,92,#7AC1EB
203,48,92,#7ABFEB
204,48,92,#7ABEEB
205,48,92,#7ABCEB
206,48,92,#7ABAEB
207,48,92,#7AB8EB
208,48,92,#7AB6EB
209,48,92,#7AB4EB
210,48,92,#7AB2EB
211,48,92,#7AB0EB
212,48,92,#7AAFEB
213,48,92,#7AADEB
214,48,92,#7AABEB
215,48,92,#7AA9EB
216,48,92,#7AA7EB
217,48,92,#7AA5EB
218,48,92,#7AA3EB
219,48,92,#7AA1EB
220,48,92,#7AA0EB
221,48,92,#7A9EEB
222,48,92,#7A9CEB
223,48,92,#7A9AEB
224,48,92,#7A98EB
225,48,92,#7A96EB
226,48,92,#7A94EB
227,48,92,#7A92EB
228,48,92,#7A91EB
229,48,92,#7A8FEB
230,48,92,#7A8DEB
231,48,92,#7A8BEB
232,48,92,#7A89EB
233,48,92,#7A87EB
234,48,92,#7A85EB
235,48,92,#7A83EB
236,48,92,#7A81EB
237,48,92,#7A80EB
238,48,92,#7A7EEB
239,48,92,#7A7CEB
240,48,92,#7A7AEB
241,48,92,#7C7AEB
242,48,92,#7E7AEB
243,48,92,#807AEB
244,48,92,#817AEB
245,48,92,#837AEB
246,48,92,#857AEB
247,48,92,#877AEB
248,48,92,#897AEB
249,48,92,#8B7AEB
250,48,92,#8D7AEB
251,48,92,#8F7AEB
252,48,92,#917AEB
253,48,92,#927AEB
254,48,92,#947AEB
255,48,92,#967AEB
256,48,92,#987AEB
257,48,92,#9A7AEB
258,48,92,#9C7AEB
259,48,92,#9E7AEB
260,48,92,#A07AEB
261,48,92,#A17AEB
262,48,92,#A37AEB
263,48,92,#A57AEB
264,48,92,#A77AEB
265,48,92,#A97AEB
266,48,92,#AB7AEB
267,48,92,#AD7AEB
268,48,92,#AF7AEB
269,48,92,#B07AEB
270,48,92,#B27AEB
271,48,92,#B47AEB
272,48,92,#B67AEB
273,48,92,#B87AEB
274,48,92,#BA7AEB
275,48,92,#BC7AEB
276,48,92,#BE7AEB
277,48,92,#BF7AEB
278,48,92,#C17AEB
279,48,92,#C37AEB
280,48,92,#C57AEB
281,48,92,#C77AEB
282,48,92,#C97AEB
283,48,92,#CB7AEB
284,48,92,#CD7AEB
285,48,92,#CE7AEB
286,48,92,#D07AEB
287,48,92,#D27AEB
288,48,92,#D47AEB
289,48,92,#D67AEB
290,48,92,#D87AEB
291,48,92,#DA7AEB
292,48,92,#DC7AEB
293,48,92,#DD7AEB
294,48,92,#DF7AEB
295,48,92,#E17AEB
296,48,92,#E37AEB
297,48,92,#E57AEB
298,48,92,#E77AEB
299,48,92,#E97AEB
300,48,92,#EB7AEB
301,48,92,#EB7AE9
302,48,92,#EB7AE7
303,48,92,#EB7AE5
304,48,92,#EB7AE3
305,48,92,#EB7AE1
306,48,92,#EB7ADF
307,48,92,#EB7ADD
308,48,92,#EB7ADC
309,48,92,#EB7ADA
310,48,92,#EB7AD8
311,48,92,#EB7AD6
312,48,92,#EB7AD4
313,48,92,#EB7AD2
314,48,92,#EB7AD0
315,48,92,#EB7ACE
316,48,92,#EB7ACD
317,48,92,#EB7ACB
318,48,92,#EB7AC9
319,48,92,#EB7AC7
320,48,92,#EB7AC5
321,48,92,#EB7AC3
322,48,92,#EB7AC1
323,48,92,#EB7ABF
324,48,92,#EB7ABE
325,48,92,#EB7ABC
326,48,92,#EB7ABA
327,48,92,#EB7AB8
328,48,92,#EB7AB6
329,48,92,#EB7AB4
330,48,92,#EB7AB2
331,48,92,#EB7AB0
332,48,92,#EB7AAF
333,48,92,#EB7AAD
334,48,92,#EB7AAB
335,48,92,#EB7AA9
336,48,92,#EB7AA7
337,48,92,#EB7AA5
338,48,92,#EB7AA3
339,48,92,#EB7AA1
340,48,92,#EB7AA0
341,48,92,#EB7A9E
342,48,92,#EB7A9C
343,48,92,#EB7A9A
344,48,92,#EB7A98
345,48,92,#EB7A96
346,48,92,#EB7A94
347,48,92,#EB7A92
348,48,92,#EB7A91
349,48,92,#EB7A8F
350,48,92,#EB7A8D
351,48,92,#EB7A8B
352,48,92,#EB7A89
353,48,92,#EB7A87
354,48,92,#EB7A85
355,48,92,#EB7A83
356,48,92,#EB7A81
357,48,92,#EB7A80
358,48,92,#EB7A7E
359,48,92,#EB7A7C
0,47,92,#EB7C7C
1,47,92,#EB7E7C
2,47,92,#EB807C
3,47,92,#EB827C
4,47,92,#EB847C
5,47,92,#EB867C
6,47,92,#EB877C
7,47,92,#EB897C
8,47,92,#EB8B7C
9,47,92,#EB8D7C
10,47,92,#EB8F7C
11,47,92,#EB917C
12,47,92,#EB927C
13,47,92,#EB947C
14,47,92,#EB967C
15,47,92,#EB987C
16,47,92,#EB9A7C
17,47,92,#EB9C7C
18,47,92,#EB9D7C
19,47,92,#EB9F7C
20,47,92,#EBA17C
21,47,92,#EBA37C
22,47,92,#EBA57C
23,47,92,#EBA77C
24,47,92,#EBA87C
25,47,92,#EBAA7C
26,47,92,#EBAC7C
27,47,92,#EBAE7C
28,47,92,#EBB07C
29,47,92,#EBB27C
30,47,92,#EBB37C
31,47,92,#EBB57C
32,47,92,#EBB77C
33,47,92,#EBB97C
34,47,92,#EBBB7C
35,47,92,#EBBD7C
36,47,92,#EBBE7C
37,47,92,#EBC07C
38,47,92,#EBC27C
39,47,92,#EBC47C
40,47,92,#EBC67C
41,47,92,#EBC87C
42,47,92,#EBCA7C
43,47,92,#EBCB7C
44,47,92,#EBCD7C
45,47,92,#EBCF7C
46,47,92,#EBD17C
47,47,92,#EBD37C
48,47,92,#EBD57C
49,47,92,#EBD67C
50,47,92,#EBD87C
51,47,92,#EBDA7C
52,47,92,#EBDC7C
53,47,92,#EBDE7C
54,47,92,#EBE07C
55,47,92,#EBE17C
56,47,92,#EBE37C
57,47,92,#EBE57C
58,47,92,#EBE77C
59,47,92,#EBE97C
60,47,92,#EBEB7C
61,47,92,#E9EB7C
62,47,92,#E7EB7C
63,47,92,#E5EB7C
64,47,92,#E3EB7C
65,47,92,#E1EB7C
66,47,92,#E0EB7C
67,47,92,#DEEB7C
68,47,92,#DCEB7C
69,47,92,#DAEB7C
70,47,92,#D8EB7C
71,47,92,#D6EB7C
72,47,92,#D5EB7C
73,47,92,#D3EB7C
74,47,92,#D1EB7C
75,47,92,#CFEB7C
76,47,92,#CDEB7C
77,47,92,#CBEB7C
78,47,92,#CAEB7C
79,47,92,#C8EB7C
80,47,92,#C6EB7C
81,47,92,#C4EB7C
82,47,92,#C2EB7C
83,47,92,#C0EB7C
84,47,92,#BEEB7C
85,47,92,#BDEB7C
86,47,92,#BBEB7C
87,47,92,#B9EB7C
88,47,92,#B7EB7C
89,47,92,#B5EB7C
90,47,92,#B3EB7C
91,47,92,#B2EB7C
92,47,92,#B0EB7C
93,47,92,#AEEB7C
94,47,92,#ACEB7C
95,47,92,#AAEB7C
96,47,92,#A8EB7C
97,47,92,#A7EB7C
98,47,92,#A5EB7C
99,47,92,#A3EB7C
100,47,92,#A1EB7C
101,47,92,#9FEB7C
102,47,92,#9DEB7C
103,47,92,#9CEB7C
104,47,92,#9AEB7C
105,47,92,#98EB7C
106,47,92,#96EB7C
107,47,92,#94EB7C
108,47,92,#92EB7C
109,47,92,#91EB7C
110,47,92,#8FEB7C
111,47,92,#8DEB7C
112,47,92,#8BEB7C
113,47,92,#89EB7C
114,47,92,#87EB7C
115,47,92,#86EB7C
116,47,92,#84EB7C
117,47,92,#82EB7C
118,47,92,#80EB7C
119,47,92,#7EEB7C
120,47,92,#7CEB7C
121,47,92,#7CEB7E
122,47,92,#7CEB80
123,47,92,#7CEB82
124,47,92,#7CEB84
125,47,92,#7CEB86
126,47,92,#7CEB87
127,47,92,#7CEB89
128,47,92,#7CEB8B
129,47,92,#7CEB8D
130,47,92,#7CEB8F
131,47,92,#7CEB91
132,47,92,#7CEB92
133,47,92,#7CEB94
134,47,92,#7CEB96
135,47,92,#7CEB98
136,47,92,#7CEB9A
137,47,92,#7CEB9C
138,47,92,#7CEB9D
139,47,92,#7CEB9F
140,47,92,#7CEBA1
141,47,92,#7CEBA3
142,47,92,#7CEBA5
143,47,92,#7CEBA7
144,47,92,#7CEBA8
145,47,92,#7CEBAA
146,47,92,#7CEBAC
147,47,92,#7CEBAE
148,47,92,#7CEBB0
149,47,92,#7CEBB2
150,47,92,#7CEBB3
151,47,92,#7CEBB5
152,47,92,#7CEBB7
153,47,92,#7CEBB9
154,47,92,#7CEBBB
155,47,92,#7CEBBD
156,47,92,#7CEBBE
157,47,92,#7CEBC0
158,47,92,#7CEBC2
159,47,92,#7CEBC4
160,47,92,#7CEBC6
161,47,92,#7CEBC8
162,47,92,#7CEBCA
163,47,92,#7CEBCB
164,47,92,#7CEBCD
165,47,92,#7CEBCF
166,47,92,#7CEBD1
167,47,92,#7CEBD3
168,47,92,#7CEBD5
169,47,92,#7CEBD6
170,47,92,#7CEBD8
171,47,92,#7CEBDA
172,47,92,#7CEBDC
173,47,92,#7CEBDE
174,47,92,#7CEBE0
175,47,92,#7CEBE1
176,47,92,#7CEBE3
177,47,92,#7CEBE5
178,47,92,#7CEBE7
179,47,92,#7CEBE9
180,47,92,#7CEBEB
181,47,92,#7CE9EB
182,47,92,#7CE7EB
183,47,92,#7CE5EB
184,47,92,#7CE3EB
185,47,92,#7CE1EB
186,47,92,#7CE0EB
187,47,92,#7CDEEB
188,47,92,#7CDCEB
189,47,92,#7CDAEB
190,47,92,#7CD8EB
191,47,92,#7CD6EB
192,47,92,#7CD5EB
193,47,92,#7CD3EB
194,47,92,#7CD1EB
195,47,92,#7CCFEB
196,47,92,#7CCDEB
197,47,92,#7CCBEB
198,47,92,#7CCAEB
199,47,92,#7CC8EB
200,47,92,#7CC6EB
201,47,92,#7CC4EB
202,47,92,#7CC2EB
203,47,92,#7CC0EB
204,47,92,#7CBEEB
205,47,92,#7CBDEB
206,47,92,#7CBBEB
207,47,92,#7CB9EB
208,47,92,#7CB7EB
209,47,92,#7CB5EB
210,47,92,#7CB3EB
211,47,92,#7CB2EB
212,47,92,#7CB0EB
213,47,92,#7CAEEB
214,47,92,#7CACEB
215,47,92,#7CAAEB
216,47,92,#7CA8EB
217,47,92,#7CA7EB
218,47,92,#7CA5EB
219,47,92,#7CA3EB
220,47,92,#7CA1EB
221,47,92,#7C9FEB
222,47,92,#7C9DEB
223,47,92,#7C9CEB
224,47,92,#7C9AEB
225,47,92,#7C98EB
226,47,92,#7C96EB
227,47,92,#7C94EB
228,47,92,#7C92EB
229,47,92,#7C91EB
230,47,92,#7C8FEB
231,47,92,#7C8DEB
232,47,92,#7C8BEB
233,47,92,#7C89EB
234,47,92,#7C87EB
235,47,92,#7C86EB
236,47,92,#7C84EB
237,47,92,#7C82EB
238,47,92,#7C80EB
239,47,92,#7C7EEB
240,47,92,#7C7CEB
241,47,92,#7E7CEB
242,47,92,#807CEB
243,47,92,#827CEB
244,47,92,#847CEB
245,47,92,#867CEB
246,47,92,#877CEB
247,47,92,#897CEB
248,47,92,#8B7CEB
249,47,92,#8D7CEB
250,47,92,#8F7CEB
251,47,92,#917CEB
252,47,92,#927CEB
253,47,92,#947CEB
254,47,92,#967CEB
255,47,92,#987CEB
256,47,92,#9A7CEB
257,47,92,#9C7CEB
258,47,92,#9D7CEB
259,47,92,#9F7CEB
260,47,92,#A17CEB
261,47,92,#A37CEB
262,47,92,#A57CEB
263,47,92,#A77CEB
264,47,92,#A87CEB
265,47,92,#AA7CEB
266,47,92,#AC7CEB
267,47,92,#AE7CEB
268,47,92,#B07CEB
269,47,92,#B27CEB
270,47,92,#B37CEB
271,47,92,#B57CEB
272,47,92,#B77CEB
273,47,92,#B97CEB
274,47,92,#BB7CEB
275,47,92,#BD7CEB
276,47,92,#BE7CEB
277,47,92,#C07CEB
278,47,92,#C27CEB
279,47,92,#C47CEB
280,47,92,#C67CEB
281,47,92,#C87CEB
282,47,92,#CA7CEB
283,47,92,#CB7CEB
284,47,92,#CD7CEB
285,47,92,#CF7CEB
286,47,92,#D17CEB
287,47,92,#D37CEB
288,47,92,#D57CEB
289,47,92,#D67CEB
290,47,92,#D87CEB
291,47,92,#DA7CEB
292,47,92,#DC7CEB
293,47,92,#DE7CEB
294,47,92,#E07CEB
295,47,92,#E17CEB
296,47,92,#E37CEB
297,47,92,#E57CEB
298,47,92,#E77CEB
299,47,92,#E97CEB
300,47,92,#EB7CEB
301,47,92,#EB7CE9
302,47,92,#EB7CE7
303,47,92,#EB7CE5
304,47,92,#EB7CE3
305,47,92,#EB7CE1
306,47,92,#EB7CE0
307,47,92,#EB7CDE
308,47,92,#EB7CDC
309,47,92,#EB7CDA
310,47,92,#EB7CD8
311,47,92,#EB7CD6
312,47,92,#EB7CD5
313,47,92,#EB7CD3
314,47,92,#EB7CD1
315,47,92,#EB7CCF
316,47,92,#EB7CCD
317,47,92,#EB7CCB
318,47,92,#EB7CCA
319,47,92,#EB7CC8
320,47,92,#EB7CC6
321,47,92,#EB7CC4
322,47,92,#EB7CC2
323,47,92,#EB7CC0
324,47,92,#EB7CBE
325,47,92,#EB7CBD
326,47,92,#EB7CBB
327,47,92,#EB7CB9
328,47,92,#EB7CB7
329,47,92,#EB7CB5
330,47,92,#EB7CB3
331,47,92,#EB7CB2
332,47,92,#EB7CB0
333,47,92,#EB7CAE
334,47,92,#EB7CAC
335,47,92,#EB7CAA
336,47,92,#EB7CA8
337,47,92,#EB7CA7
338,47,92,#EB7CA5
339,47,92,#EB7CA3
340,47,92,#EB7CA1
341,47,92,#EB7C9F
342,47,92,#EB7C9D
343,47,92,#EB7C9C
344,47,92,#EB7C9A
345,47,92,#EB7C98
346,47,92,#EB7C96
347,47,92,#EB7C94
348,47,92,#EB7C92
349,47,92,#EB7C91
350,47,92,#EB7C8F
351,47,92,#EB7C8D
352,47,92,#EB7C8B
353,47,92,#EB7C89
354,47,92,#EB7C87
355,47,92,#EB7C86
356,47,92,#EB7C84
357,47,92,#EB7C82
358,47,92,#EB7C80
359,47,92,#EB7C7E
0,46,92,#EB7F7F
1,46,92,#EB807F
2,46,92,#EB827F
3,46,92,#EB847F
4,46,92,#EB867F
5,46,92,#EB887F
6,46,92,#EB897F
7,46,92,#EB8B7F
8,46,92,#EB8D7F
9,46,92,#EB8F7F
10,46,92,#EB917F
11,46,92,#EB927F
12,46,92,#EB947F
13,46,92,#EB967F
14,46,92,#EB987F
15,46,92,#EB9A7F
16,46,92,#EB9B7F
17,46,92,#EB9D7F
18,46,92,#EB9F7F
19,46,92,#EBA17F
20,46,92,#EBA37F
21,46,92,#EBA47F
22,46,92,#EBA67F
23,46,92,#EBA87F
24,46,92,#EBAA7F
25,46,92,#EBAC7F
26,46,92,#EBAD7F
27,46,92,#EBAF7F
28,46,92,#EBB17F
29,46,92,#EBB37F
30,46,92,#EBB57F
31,46,92,#EBB67F
32,46,92,#EBB87F
33,46,92,#EBBA7F
34,46,92,#EBBC7F
35,46,92,#EBBE7F
36,46,92,#EBBF7F
37,46,92,#EBC17F
38,46,92,#EBC37F
39,46,92,#EBC57F
40,46,92,#EBC77F
41,46,92,#EBC87F
42,46,92,#EBCA7F
43,46,92,#EBCC7F
44,46,92,#EBCE7F
45,46,92,#EBD07F
46,46,92,#EBD17F
47,46,92,#EBD37F
48,46,92,#EBD57F
49,46,92,#EBD77F
50,46,92,#EBD97F
51,46,92,#EBDA7F
52,46,92,#EBDC7F
53,46,92,#EBDE7F
54,46,92,#EBE07F
55,46,92,#EBE27F
56,46,92,#EBE37F
57,46,92,#EBE57F
58,46,92,#EBE77F
59,46,92,#EBE97F
60,46,92,#EBEB7F
61,46,92,#E9EB7F
62,46,92,#E7EB7F
63,46,92,#E5EB7F
64,46,92,#E3EB7F
65,46,92,#E2EB7F
66,46,92,#E0EB7F
67,46,92,#DEEB7F
68,46,92,#DCEB7F
69,46,92,#DAEB7F
70,46,92,#D9EB7F
71,46,92,#D7EB7F
72,46,92,#D5EB7F
73,46,92,#D3EB7F
74,46,92,#D1EB7F
75,46,92,#D0EB7F
76,46,92,#CEEB7F
77,46,92,#CCEB7F
78,46,92,#CAEB7F
79,46,92,#C8EB7F
80,46,92,#C7EB7F
81,46,92,#C5EB7F
82,46,92,#C3EB7F
83,46,92,#C1EB7F
84,46,92,#BFEB7F
85,46,92,#BEEB7F
86,46,92,#BCEB7F
87,46,92,#BAEB7F
88,46,92,#B8EB7F
89,46,92,#B6EB7F
90,46,92,#B5EB7F
91,46,92,#B3EB7F
92,46,92,#B1EB7F
93,46,92,#AFEB7F
94,46,92,#ADEB7F
95,46,92,#ACEB7F
96,46,92,#AAEB7F
97,46,92,#A8EB7F
98,46,92,#A6EB7F
99,46,92,#A4EB7F
100,46,92,#A3EB7F
101,46,92,#A1EB7F
102,46,92,#9FEB7F
103,46,92,#9DEB7F
104,46,92,#9BEB7F
105,46,92,#9AEB7F
106,46,92,#98EB7F
107,46,92,#96EB7F
108,46,92,#94EB7F
109,46,92,#92EB7F
110,46,92,#91EB7F
111,46,92,#8FEB7F
112,46,92,#8DEB7F
113,46,92,#8BEB7F
114,46,92,#89EB7F
115,46,92,#88EB7F
116,46,92,#86EB7F
117,46,92,#84EB7F
118,46,92,#82EB7F
119,46,92,#80EB7F
120,46,92,#7FEB7F
121,46,92,#7FEB80
122,46,92,#7FEB82
123,46,92,#7FEB84
124,46,92,#7FEB86
125,46,92,#7FEB88
126,46,92,#7FEB89
127,46,92,#7FEB8B
128,46,92,#7FEB8D
129,46,92,#7FEB8F
130,46,92,#7FEB91
131,46,92,#7FEB92
132,46,92,#7FEB94
133,46,92,#7FEB96
134,46,92,#7FEB98
135,46,92,#7FEB9A
136,46,92,#7FEB9B
137,46,92,#7FEB9D
138,46,92,#7FEB9F
139,46,92,#7FEBA1
140,46,92,#7FEBA3
141,46,92,#7FEBA4
142,46,92,#7FEBA6
143,46,92,#7FEBA8
144,46,92,#7FEBAA
145,46,92,#7FEBAC
146,46,92,#7FEBAD
147,46,92,#7FEBAF
148,46,92,#7FEBB1
149,46,92,#7FEBB3
150,46,92,#7FEBB5
151,46,92,#7FEBB6
152,46,92,#7FEBB8
153,46,92,#7FEBBA
154,46,92,#7FEBBC
155,46,92,#7FEBBE
156,46,92,#7FEBBF
157,46,92,#7FEBC1
158,46,92,#7FEBC3
159,46,92,#7FEBC5
160,46,92,#7FEBC7
161,46,92,#7FEBC8
162,46,92,#7FEBCA
163,46,92,#7FEBCC
164,46,92,#7FEBCE
165,46,92,#7FEBD0
166,46,92,#7FEBD1
167,46,92,#7FEBD3
168,46,92,#7FEBD5
169,46,92,#7FEBD7
170,46,92,#7FEBD9
171,46,92,#7FEBDA
172,46,92,#7FEBDC
173,46,92,#7FEBDE
174,46,92,#7FEBE0
175,46,92,#7FEBE2
176,46,92,#7FEBE3
177,46,92,#7FEBE5
178,46,92,#7FEBE7
179,46,92,#7FEBE9
180,46,92,#7FEBEB
181,46,92,#7FE9EB
182,46,92,#7FE7EB
183,46,92,#7FE5EB
184,46,92,#7FE3EB
185,46,92,#7FE2EB
186,46,92,#7FE0EB
187,46,92,#7FDEEB
188,46,92,#7FDCEB
189,46,92,#7FDAEB
190,46,92,#7FD9EB
191,46,92,#7FD7EB
192,46,92,#7FD5EB
193,46,92,#7FD3EB
194,46,92,#7FD1EB
195,46,92,#7FD0EB
196,46,92,#7FCEEB
197,46,92,#7FCCEB
198,46,92,#7FCAEB
199,46,92,#7FC8EB
200,46,92,#7FC7EB
201,46,92,#7FC5EB
202,46,92,#7FC3EB
203,46,92,#7FC1EB
204,46,92,#7FBFEB
205,46,92,#7FBEEB
206,46,92,#7FBCEB
207,46,92,#7FBAEB
208,46,92,#7FB8EB
209,46,92,#7FB6EB
210,46,92,#7FB5EB
211,46,92,#7FB3EB
212,46,92,#7FB1EB
213,46,92,#7FAFEB
214,46,92,#7FADEB
215,46,92,#7FACEB
216,46,92,#7FAAEB
217,46,92,#7FA8EB
218,46,92,#7FA6EB
219,46,92,#7FA4EB
220,46,92,#7FA3EB
221,46,92,#7FA1EB
222,46,92,#7F9FEB
223,46,92,#7F9DEB
224,46,92,#7F9BEB
225,46,92,#7F9AEB
226,46,92,#7F98EB
227,46,92,#7F96EB
228,46,92,#7F94EB
229,46,92,#7F92EB
230,46,92,#7F91EB
231,46,92,#7F8FEB
232,46,92,#7F8DEB
233,46,92,#7F8BEB
234,46,92,#7F89EB
235,46,92,#7F88EB
236,46,92,#7F86EB
237,46,92,#7F84EB
238,46,92,#7F82EB
239,46,92,#7F80EB
240,46,92,#7F7FEB
241,46,92,#807FEB
242,46,92,#827FEB
243,46,92,#847FEB
244,46,92,#867FEB
245,46,92,#887FEB
246,46,92,#897FEB
247,46,92,#8B7FEB
248,46,92,#8D7FEB
249,46,92,#8F7FEB
250,46,92,#917FEB
251,46,92,#927FEB
252,46,92,#947FEB
253,46,92,#967FEB
254,46,92,#987FEB
255,46,92,#9A7FEB
256,46,92,#9B7FEB
257,46,92,#9D7FEB
258,46,92,#9F7FEB
259,46,92,#A17FEB
260,46,92,#A37FEB
261,46,92,#A47FEB
262,46,92,#A67FEB
263,46,92,#A87FEB
264,46,92,#AA7FEB
265,46,92,#AC7FEB
266,46,92,#AD7FEB
267,46,92,#AF7FEB
268,46,92,#B17FEB
269,46,92,#B37FEB
270,46,92,#B57FEB
271,46,92,#B67FEB
272,46,92,#B87FEB
273,46,92,#BA7FEB
274,46,92,#BC7FEB
275,46,92,#BE7FEB
276,46,92,#BF7FEB
277,46,92,#C17FEB
278,46,92,#C37FEB
279,46,92,#C57FEB
280,46,92,#C77FEB
281,46,92,#C87FEB
282,46,92,#CA7FEB
283,46,92,#CC7FEB
284,46,92,#CE7FEB
285,46,92,#D07FEB
286,46,92,#D17FEB
287,46,92,#D37FEB
288,46,92,#D57FEB
289,46,92,#D77FEB
290,46,92,#D97FEB
291,46,92,#DA7FEB
292,46,92,#DC7FEB
293,46,92,#DE7FEB
294,46,92,#E07FEB
295,46,92,#E27FEB
296,46,92,#E37FEB
297,46,92,#E57FEB
298,46,92,#E77FEB
299,46,92,#E97FEB
300,46,92,#EB7FEB
301,46,92,#EB7FE9
302,46,92,#EB7FE7
303,46,92,#EB7FE5
304,46,92,#EB7FE3
305,46,92,#EB7FE2
306,46,92,#EB7FE0
307,46,92,#EB7FDE
308,46,92,#EB7FDC
309,46,92,#EB7FDA
310,46,92,#EB7FD9
311,46,92,#EB7FD7
312,46,92,#EB7FD5
313,46,92,#EB7FD3
314,46,92,#EB7FD1
315,46,92,#EB7FD0
316,46,92,#EB7FCE
317,46,92,#EB7FCC
318,46,92,#EB7FCA
319,46,92,#EB7FC8
320,46,92,#EB7FC7
321,46,92,#EB7FC5
322,46,92,#EB7FC3
323,46,92,#EB7FC1
324,46,92,#EB7FBF
325,46,92,#EB7FBE
326,46,92,#EB7FBC
327,46,92,#EB7FBA
328,46,92,#EB7FB8
329,46,92,#EB7FB6
330,46,92,#EB7FB5
331,46,92,#EB7FB3
332,46,92,#EB7FB1
333,46,92,#EB7FAF
334,46,92,#EB7FAD
335,46,92,#EB7FAC
336,46,92,#EB7FAA
337,46,92,#EB7FA8
338,46,92,#EB7FA6
339,46,92,#EB7FA4
340,46,92,#EB7FA3
341,46,92,#EB7FA1
342,46,92,#EB7F9F
343,46,92,#EB7F9D
344,46,92,#EB7F9B
345,46,92,#EB7F9A
346,46,92,#EB7F98
347,46,92,#EB7F96
348,46,92,#EB7F94
349,46,92,#EB7F92
350,46,92,#EB7F91
351,46,92,#EB7F8F
352,46,92,#EB7F8D
353,46,92,#EB7F8B
354,46,92,#EB7F89
355,46,92,#EB7F88
356,46,92,#EB7F86
357,46,92,#EB7F84
358,46,92,#EB7F82
359,46,92,#EB7F80
0,45,92,#EB8181
1,45,92,#EB8381
2,45,92,#EB8581
3,45,92,#EB8681
4,45,92,#EB8881
5,45,92,#EB8A81
6,45,92,#EB8C81
7,45,92,#EB8D81
8,45,92,#EB8F81
9,45,92,#EB9181
10,45,92,#EB9381
11,45,92,#EB9481
12,45,92,#EB9681
13,45,92,#EB9881
14,45,92,#EB9A81
15,45,92,#EB9B81
16,45,92,#EB9D81
17,45,92,#EB9F81
18,45,92,#EBA181
19,45,92,#EBA281
20,45,92,#EBA481
21,45,92,#EBA681
22,45,92,#EBA881
23,45,92,#EBA981
24,45,92,#EBAB81
25,45,92,#EBAD81
26,45,92,#EBAF81
27,45,92,#EBB181
28,45,92,#EBB281
29,45,92,#EBB481
30,45,92,#EBB681
31,45,92,#EBB881
32,45,92,#EBB981
33,45,92,#EBBB81
34,45,92,#EBBD81
35,45,92,#EBBF81
36,45,92,#EBC081
37,45,92,#EBC281
38,45,92,#EBC481
39,45,92,#EBC681
40,45,92,#EBC781
41,45,92,#EBC981
42,45,92,#EBCB81
43,45,92,#EBCD81
44,45,92,#EBCE81
45,45,92,#EBD081
46,45,92,#EBD281
47,45,92,#EBD481
48,45,92,#EBD581
49,45,92,#EBD781
50,45,92,#EBD981
51,45,92,#EBDB81
52,45,92,#EBDD81
53,45,92,#EBDE81
54,45,92,#EBE081
55,45,92,#EBE281
56,45,92,#EBE481
57,45,92,#EBE581
58,45,92,#EBE781
59,45,92,#EBE981
60,45,92,#EBEB81
61,45,92,#E9EB81
62,45,92,#E7EB81
63,45,92,#E5EB81
64,45,92,#E4EB81
65,45,92,#E2EB81
66,45,92,#E0EB81
67,45,92,#DEEB81
68,45,92,#DDEB81
69,45,92,#DBEB81
70,45,92,#D9EB81
71,45,92,#D7EB81
72,45,92,#D5EB81
73,45,92,#D4EB81
74,45,92,#D2EB81
75,45,92,#D0EB81
76,45,92,#CEEB81
77,45,92,#CDEB81
78,45,92,#CBEB81
79,45,92,#C9EB81
80,45,92,#C7EB81
81,45,92,#C6EB81
82,45,92,#C4EB81
83,45,92,#C2EB81
84,45,92,#C0EB81
85,45,92,#BFEB81
86,45,92,#BDEB81
87,45,92,#BBEB81
88,45,92,#B9EB81
89,45,92,#B8EB81
90,45,92,#B6EB81
91,45,92,#B4EB81
92,45,92,#B2EB81
93,45,92,#B1EB81
94,45,92,#AFEB81
95,45,92,#ADEB81
96,45,92,#ABEB81
97,45,92,#A9EB81
98,45,92,#A8EB81
99,45,92,#A6EB81
100,45,92,#A4EB81
101,45,92,#A2EB81
102,45,92,#A1EB81
103,45,92,#9FEB81
104,45,92,#9DEB81
105,45,92,#9BEB81
106,45,92,#9AEB81
107,45,92,#98EB81
108,45,92,#96EB81
109,45,92,#94EB81
110,45,92,#93EB81
111,45,92,#91EB81
112,45,92,#8FEB81
113,45,92,#8DEB81
114,45,92,#8CEB81
115,45,92,#8AEB81
116,45,92,#88EB81
117,45,92,#86EB81
118,45,92,#85EB81
119,45,92,#83EB81
120,45,92,#81EB81
121,45,92,#81EB83
122,45,92,#81EB85
123,45,92,#81EB86
124,45,92,#81EB88
125,45,92,#81EB8A
126,45,92,#81EB8C
127,45,92,#81EB8D
128,45,92,#81EB8F
129,45,92,#81EB91
130,45,92,#81EB93
131,45,92,#81EB94
132,45,92,#81EB96
133,45,92,#81EB98
134,45,92,#81EB9A
135,45,92,#81EB9B
136,45,92,#81EB9D
137,45,92,#81EB9F
138,45,92,#81EBA1
139,45,92,#81EBA2
140,45,92,#81EBA4
141,45,92,#81EBA6
142,45,92,#81EBA8
143,45,92,#81EBA9
144,45,92,#81EBAB
145,45,92,#81EBAD
146,45,92,#81EBAF
147,45,92,#81EBB1
148,45,92,#81EBB2
149,45,92,#81EBB4
150,45,92,#81EBB6
151,45,92,#81EBB8
152,45,92,#81EBB9
153,45,92,#81EBBB
154,45,92,#81EBBD
155,45,92,#81EBBF
156,45,92,#81EBC0
157,45,92,#81EBC2
158,45,92,#81EBC4
159,45,92,#81EBC6
160,45,92,#81EBC7
161,45,92,#81EBC9
162,45,92,#81EBCB
163,45,92,#81EBCD
164,45,92,#81EBCE
165,45,92,#81EBD0
166,45,92,#81EBD2
167,45,92,#81EBD4
168,45,92,#81EBD5
169,45,92,#81EBD7
170,45,92,#81EBD9
171,45,92,#81EBDB
172,45,92,#81EBDD
173,45,92,#81EBDE
174,45,92,#81EBE0
175,45,92,#81EBE2
176,45,92,#81EBE4
177,45,92,#81EBE5
178,45,92,#81EBE7
179,45,92,#81EBE9
180,45,92,#81EBEB
181,45,92,#81E9EB
182,45,92,#81E7EB
183,45,92,#81E5EB
184,45,92,#81E4EB
185,45,92,#81E2EB
186,45,92,#81E0EB
187,45,92,#81DEEB
188,45,92,#81DDEB
189,45,92,#81DBEB
190,45,92,#81D9EB
191,45,92,#81D7EB
192,45,92,#81D5EB
193,45,92,#81D4EB
194,45,92,#81D2EB
195,45,92,#81D0EB
196,45,92,#81CEEB
197,45,92,#81CDEB
198,45,92,#81CBEB
199,45,92,#81C9EB
200,45,92,#81C7EB
201,45,92,#81C6EB
202,45,92,#81C4EB
203,45,92,#81C2EB
204,45,92,#81C0EB
205,45,92,#81BFEB
206,45,92,#81BDEB
207,45,92,#81BBEB
208,45,92,#81B9EB
209,45,92,#81B8EB
210,45,92,#81B6EB
211,45,92,#81B4EB
212,45,92,#81B2EB
213,45,92,#81B1EB
214,45,92,#81AFEB
215,45,92,#81ADEB
216,45,92,#81ABEB
217,45,92,#81A9EB
218,45,92,#81A8EB
219,45,92,#81A6EB
220,45,92,#81A4EB
221,45,92,#81A2EB
222,45,92,#81A1EB
223,45,92,#819FEB
224,45,92,#819DEB
225,45,92,#819BEB
226,45,92,#819AEB
227,45,92,#8198EB
228,45,92,#8196EB
229,45,92,#8194EB
230,45,92,#8193EB
231,45,92,#8191EB
232,45,92,#818FEB
233,45,92,#818DEB
234,45,92,#818CEB
235,45,92,#818AEB
236,45,92,#8188EB
237,45,92,#8186EB
238,45,92,#8185EB
239,45,92,#8183EB
240,45,92,#8181EB
241,45,92,#8381EB
242,45,92,#8581EB
243,45,92,#8681EB
244,45,92,#8881EB
245,45,92,#8A81EB
246,45,92,#8C81EB
247,45,92,#8D81EB
248,45,92,#8F81EB
249,45,92,#9181EB
250,45,92,#9381EB
251,45,92,#9481EB
252,45,92,#9681EB
253,45,92,#9881EB
254,45,92,#9A81EB
255,45,92,#9B81EB
256,45,92,#9D81EB
257,45,92,#9F81EB
258,45,92,#A181EB
259,45,92,#A281EB
260,45,92,#A481EB
261,45,92,#A681EB
262,45,92,#A881EB
263,45,92,#A981EB
264,45,92,#AB81EB
265,45,92,#AD81EB
266,45,92,#AF81EB
267,45,92,#B181EB
268,45,92,#B281EB
269,45,92,#B481EB
270,45,92,#B681EB
271,45,92,#B881EB
272,45,92,#B981EB
273,45,92,#BB81EB
274,45,92,#BD81EB
275,45,92,#BF81EB
276,45,92,#C081EB
277,45,92,#C281EB
278,45,92,#C481EB
279,45,92,#C681EB
280,45,92,#C781EB
281,45,92,#C981EB
282,45,92,#CB81EB
283,45,92,#CD81EB
284,45,92,#CE81EB
285,45,92,#D081EB
286,45,92,#D281EB
287,45,92,#D481EB
288,45,92,#D581EB
289,45,92,#D781EB
290,45,92,#D981EB
291,45,92,#DB81EB
292,45,92,#DD81EB
293,45,92,#DE81EB
294,45,92,#E081EB
295,45,92,#E281EB
296,45,92,#E481EB
297,45,92,#E581EB
298,45,92,#E781EB
299,45,92,#E981EB
300,45,92,#EB81EB
301,45,92,#EB81E9
302,45,92,#EB81E7
303,45,92,#EB81E5
304,45,92,#EB81E4
305,45,92,#EB81E2
306,45,92,#EB81E0
307,45,92,#EB81DE
308,45,92,#EB81DD
309,45,92,#EB81DB
310,45,92,#EB81D9
311,45,92,#EB81D7
312,45,92,#EB81D5
313,45,92,#EB81D4
314,45,92,#EB81D2
315,45,92,#EB81D0
316,45,92,#EB81CE
317,45,92,#EB81CD
318,45,92,#EB81CB
319,45,92,#EB81C9
320,45,92,#EB81C7
321,45,92,#EB81C6
322,45,92,#EB81C4
323,45,92,#EB81C2
324,45,92,#EB81C0
325,45,92,#EB81BF
326,45,92,#EB81BD
327,45,92,#EB81BB
328,45,92,#EB81B9
329,45,92,#EB81B8
330,45,92,#EB81B6
331,45,92,#EB81B4
332,45,92,#EB81B2
333,45,92,#EB81B1
334,45,92,#EB81AF
335,45,92,#EB81AD
336,45,92,#EB81AB
337,45,92,#EB81A9
338,45,92,#EB81A8
339,45,92,#EB81A6
340,45,92,#EB81A4
341,45,92,#EB81A2
342,45,92,#EB81A1
343,45,92,#EB819F
344,45,92,#EB819D
345,45,92,#EB819B
346,45,92,#EB819A
347,45,92,#EB8198
348,45,92,#EB8196
349,45,92,#EB8194
350,45,92,#EB8193
351,45,92,#EB8191
352,45,92,#EB818F
353,45,92,#EB818D
354,45,92,#EB818C
355,45,92,#EB818A
356,45,92,#EB8188
357,45,92,#EB8186
358,45,92,#EB8185
359,45,92,#EB8183
0,44,92,#EB8383
1,44,92,#EB8583
2,44,92,#EB8783
3,44,92,#EB8983
4,44,92,#EB8A83
5,44,92,#EB8C83
6,44,92,#EB8E83
7,44,92,#EB8F83
8,44,92,#EB9183
9,44,92,#EB9383
10,44,92,#EB9583
11,44,92,#EB9683
12,44,92,#EB9883
13,44,92,#EB9A83
14,44,92,#EB9B83
15,44,92,#EB9D83
16,44,92,#EB9F83
17,44,92,#EBA183
18,44,92,#EBA283
19,44,92,#EBA483
20,44,92,#EBA683
21,44,92,#EBA883
22,44,92,#EBA983
23,44,92,#EBAB83
24,44,92,#EBAD83
25,44,92,#EBAE83
26,44,92,#EBB083
27,44,92,#EBB283
28,44,92,#EBB483
29,44,92,#EBB583
30,44,92,#EBB783
31,44,92,#EBB983
32,44,92,#EBBA83
33,44,92,#EBBC83
34,44,92,#EBBE83
35,44,92,#EBC083
36,44,92,#EBC183
37,44,92,#EBC383
38,44,92,#EBC583
39,44,92,#EBC683
40,44,92,#EBC883
41,44,92,#EBCA83
42,44,92,#EBCC83
43,44,92,#EBCD83
44,44,92,#EBCF83
45,44,92,#EBD183
46,44,92,#EBD383
47,44,92,#EBD483
48,44,92,#EBD683
49,44,92,#EBD883
50,44,92,#EBD983
51,44,92,#EBDB83
52,44,92,#EBDD83
53,44,92,#EBDF83
54,44,92,#EBE083
55,44,92,#EBE283
56,44,92,#EBE483
57,44,92,#EBE583
58,44,92,#EBE783
59,44,92,#EBE983
60,44,92,#EBEB83
61,44,92,#E9EB83
62,44,92,#E7EB83
63,44,92,#E5EB83
64,44,92,#E4EB83
65,44,92,#E2EB83
66,44,92,#E0EB83
67,44,92,#DFEB83
68,44,92,#DDEB83
69,44,92,#DBEB83
70,44,92,#D9EB83
71,44,92,#D8EB83
72,44,92,#D6EB83
73,44,92,#D4EB83
74,44,92,#D3EB83
75,44,92,#D1EB83
76,44,92,#CFEB83
77,44,92,#CDEB83
78,44,92,#CCEB83
79,44,92,#CAEB83
80,44,92,#C8EB83
81,44,92,#C6EB83
82,44,92,#C5EB83
83,44,92,#C3EB83
84,44,92,#C1EB83
85,44,92,#C0EB83
86,44,92,#BEEB83
87,44,92,#BCEB83
88,44,92,#BAEB83
89,44,92,#B9EB83
90,44,92,#B7EB83
91,44,92,#B5EB83
92,44,92,#B4EB83
93,44,92,#B2EB83
94,44,92,#B0EB83
95,44,92,#AEEB83
96,44,92,#ADEB83
97,44,92,#ABEB83
98,44,92,#A9EB83
99,44,92,#A8EB83
100,44,92,#A6EB83
101,44,92,#A4EB83
102,44,92,#A2EB83
103,44,92,#A1EB83
104,44,92,#9FEB83
105,44,92,#9DEB83
106,44,92,#9BEB83
107,44,92,#9AEB83
108,44,92,#98EB83
109,44,92,#96EB83
110,44,92,#95EB83
111,44,92,#93EB83
112,44,92,#91EB83
113,44,92,#8FEB83
114,44,92,#8EEB83
115,44,92,#8CEB83
116,44,92,#8AEB83
117,44,92,#89EB83
118,44,92,#87EB83
119,44,92,#85EB83
120,44,92,#83EB83
121,44,92,#83EB85
122,44,92,#83EB87
123,44,92,#83EB89
124,44,92,#83EB8A
125,44,92,#83EB8C
126,44,92,#83EB8E
127,44,92,#83EB8F
128,44,92,#83EB91
129,44,92,#83EB93
130,44,92,#83EB95
131,44,92,#83EB96
132,44,92,#83EB98
133,44,92,#83EB9A
134,44,92,#83EB9B
135,44,92,#83EB9D
136,44,92,#83EB9F
137,44,92,#83EBA1
138,44,92,#83EBA2
139,44,92,#83EBA4
140,44,92,#83EBA6
141,44,92,#83EBA8
142,44,92,#83EBA9
143,44,92,#83EBAB
144,44,92,#83EBAD
145,44,92,#83EBAE
146,44,92,#83EBB0
147,44,92,#83EBB2
148,44,92,#83EBB4
149,44,92,#83EBB5
150,44,92,#83EBB7
151,44,92,#83EBB9
152,44,92,#83EBBA
153,44,92,#83EBBC
154,44,92,#83EBBE
155,44,92,#83EBC0
156,44,92,#83EBC1
157,44,92,#83EBC3
158,44,92,#83EBC5
159,44,92,#83EBC6
160,44,92,#83EBC8
161,44,92,#83EBCA
162,44,92,#83EBCC
163,44,92,#83EBCD
164,44,92,#83EBCF
165,44,92,#83EBD1
166,44,92,#83EBD3
167,44,92,#83EBD4
168,44,92,#83EBD6
169,44,92,#83EBD8
170,44,92,#83EBD9
171,44,92,#83EBDB
172,44,92,#83EBDD
173,44,92,#83EBDF
174,44,92,#83EBE0
175,44,92,#83EBE2
176,44,92,#83EBE4
177,44,92,#83EBE5
178,44,92,#83EBE7
179,44,92,#83EBE9
180,44,92,#83EBEB
181,44,92,#83E9EB
182,44,92,#83E7EB
183,44,92,#83E5EB
184,44,92,#83E4EB
185,44,92,#83E2EB
186,44,92,#83E0EB
187,44,92,#83DFEB
188,44,92,#83DDEB
189,44,92,#83DBEB
190,44,92,#83D9EB
191,44,92,#83D8EB
192,44,92,#83D6EB
193,44,92,#83D4EB
194,44,92,#83D3EB
195,44,92,#83D1EB
196,44,92,#83CFEB
197,44,92,#83CDEB
198,44,92,#83CCEB
199,44,92,#83CAEB
200,44,92,#83C8EB
201,44,92,#83C6EB
202,44,92,#83C5EB
203,44,92,#83C3EB
204,44,92,#83C1EB
205,44,92,#83C0EB
206,44,92,#83BEEB
207,44,92,#83BCEB
208,44,92,#83BAEB
209,44,92,#83B9EB
210,44,92,#83B7EB
211,44,92,#83B5EB
212,44,92,#83B4EB
213,44,92,#83B2EB
214,44,92,#83B0EB
215,44,92,#83AEEB
216,44,92,#83ADEB
217,44,92,#83ABEB
218,44,92,#83A9EB
219,44,92,#83A8EB
220,44,92,#83A6EB
221,44,92,#83A4EB
222,44,92,#83A2EB
223,44,92,#83A1EB
224,44,92,#839FEB
225,44,92,#839DEB
226,44,92,#839BEB
227,44,92,#839AEB
228,44,92,#8398EB
229,44,92,#8396EB
230,44,92,#8395EB
231,44,92,#8393EB
232,44,92,#8391EB
233,44,92,#838FEB
234,44,92,#838EEB
235,44,92,#838CEB
236,44,92,#838AEB
237,44,92,#8389EB
238,44,92,#8387EB
239,44,92,#8385EB
240,44,92,#8383EB
241,44,92,#8583EB
242,44,92,#8783EB
243,44,92,#8983EB
244,44,92,#8A83EB
245,44,92,#8C83EB
246,44,92,#8E83EB
247,44,92,#8F83EB
248,44,92,#9183EB
249,44,92,#9383EB
250,44,92,#9583EB
251,44,92,#9683EB
252,44,92,#9883EB
253,44,92,#9A83EB
254,44,92,#9B83EB
255,44,92,#9D83EB
256,44,92,#9F83EB
257,44,92,#A183EB
258,44,92,#A283EB
259,44,92,#A483EB
260,44,92,#A683EB
261,44,92,#A883EB
262,44,92,#A983EB
263,44,92,#AB83EB
264,44,92,#AD83EB
265,44,92,#AE83EB
266,44,92,#B083EB
267,44,92,#B283EB
268,44,92,#B483EB
269,44,92,#B583EB
270,44,92,#B783EB
271,44,92,#B983EB
272,44,92,#BA83EB
273,44,92,#BC83EB
274,44,92,#BE83EB
275,44,92,#C083EB
276,44,92,#C183EB
277,44,92,#C383EB
278,44,92,#C583EB
279,44,92,#C683EB
280,44,92,#C883EB
281,44,92,#CA83EB
282,44,92,#CC83EB
283,44,92,#CD83EB
284,44,92,#CF83EB
285,44,92,#D183EB
286,44,92,#D383EB
287,44,92,#D483EB
288,44,92,#D683EB
289,44,92,#D883EB
290,44,92,#D983EB
291,44,92,#DB83EB
292,44,92,#DD83EB
293,44,92,#DF83EB
294,44,92,#E083EB
295,44,92,#E283EB
296,44,92,#E483EB
297,44,92,#E583EB
298,44,92,#E783EB
299,44,92,#E983EB
300,44,92,#EB83EB
301,44,92,#EB83E9
302,44,92,#EB83E7
303,44,92,#EB83E5
304,44,92,#EB83E4
305,44,92,#EB83E2
306,44,92,#EB83E0
307,44,92,#EB83DF
308,44,92,#EB83DD
309,44,92,#EB83DB
310,44,92,#EB83D9
311,44,92,#EB83D8
312,44,92,#EB83D6
313,44,92,#EB83D4
314,44,92,#EB83D3
315,44,92,#EB83D1
316,44,92,#EB83CF
317,44,92,#EB83CD
318,44,92,#EB83CC
319,44,92,#EB83CA
320,44,92,#EB83C8
321,44,92,#EB83C6
322,44,92,#EB83C5
323,44,92,#EB83C3
324,44,92,#EB83C1
325,44,92,#EB83C0
326,44,92,#EB83BE
327,44,92,#EB83BC
328,44,92,#EB83BA
329,44,92,#EB83B9
330,44,92,#EB83B7
331,44,92,#EB83B5
332,44,92,#EB83B4
333,44,92,#EB83B2
334,44,92,#EB83B0
335,44,92,#EB83AE
336,44,92,#EB83AD
337,44,92,#EB83AB
338,44,92,#EB83A9
339,44,92,#EB83A8
340,44,92,#EB83A6
341,44,92,#EB83A4
342,44,92,#EB83A2
343,44,92,#EB83A1
344,44,92,#EB839F
345,44,92,#EB839D
346,44,92,#EB839B
347,44,92,#EB839A
348,44,92,#EB8398
349,44,92,#EB8396
350,44,92,#EB8395
351,44,92,#EB8393
352,44,92,#EB8391
353,44,92,#EB838F
354,44,92,#EB838E
355,44,92,#EB838C
356,44,92,#EB838A
357,44,92,#EB8389
358,44,92,#EB8387
359,44,92,#EB8385
0,43,92,#EB8686
1,43,92,#EB8786
2,43,92,#EB8986
3,43,92,#EB8B86
4,43,92,#EB8C86
5,43,92,#EB8E86
6,43,92,#EB9086
7,43,92,#EB9186
8,43,92,#EB9386
9,43,92,#EB9586
10,43,92,#EB9786
11,43,92,#EB9886
12,43,92,#EB9A86
13,43,92,#EB9C86
14,43,92,#EB9D86
15,43,92,#EB9F86
16,43,92,#EBA186
17,43,92,#EBA286
18,43,92,#EBA486
19,43,92,#EBA686
20,43,92,#EBA786
21,43,92,#EBA986
22,43,92,#EBAB86
23,43,92,#EBAC86
24,43,92,#EBAE86
25,43,92,#EBB086
26,43,92,#EBB186
27,43,92,#EBB386
28,43,92,#EBB586
29,43,92,#EBB686
30,43,92,#EBB886
31,43,92,#EBBA86
32,43,92,#EBBC86
33,43,92,#EBBD86
34,43,92,#EBBF86
35,43,92,#EBC186
36,43,92,#EBC286
37,43,92,#EBC486
38,43,92,#EBC686
39,43,92,#EBC786
40,43,92,#EBC986
41,43,92,#EBCB86
42,43,92,#EBCC86
43,43,92,#EBCE86
44,43,92,#EBD086
45,43,92,#EBD186
46,43,92,#EBD386
47,43,92,#EBD586
48,43,92,#EBD686
49,43,92,#EBD886
50,43,92,#EBDA86
51,43,92,#EBDB86
52,43,92,#EBDD86
53,43,92,#EBDF86
54,43,92,#EBE186
55,43,92,#EBE286
56,43,92,#EBE486
57,43,92,#EBE686
58,43,92,#EBE786
59,43,92,#EBE986
60,43,92,#EBEB86
61,43,92,#E9EB86
62,43,92,#E7EB86
63,43,92,#E6EB86
64,43,92,#E4EB86
65,43,92,#E2EB86
66,43,92,#E1EB86
67,43,92,#DFEB86
68,43,92,#DDEB86
69,43,92,#DBEB86
70,43,92,#DAEB86
71,43,92,#D8EB86
72,43,92,#D6EB86
73,43,92,#D5EB86
74,43,92,#D3EB86
75,43,92,#D1EB86
76,43,92,#D0EB86
77,43,92,#CEEB86
78,43,92,#CCEB86
79,43,92,#CBEB86
80,43,92,#C9EB86
81,43,92,#C7EB86
82,43,92,#C6EB86
83,43,92,#C4EB86
84,43,92,#C2EB86
85,43,92,#C1EB86
86,43,92,#BFEB86
87,43,92,#BDEB86
88,43,92,#BCEB86
89,43,92,#BAEB86
90,43,92,#B8EB86
91,43,92,#B6EB86
92,43,92,#B5EB86
93,43,92,#B3EB86
94,43,92,#B1EB86
95,43,92,#B0EB86
96,43,92,#AEEB86
97,43,92,#ACEB86
98,43,92,#ABEB86
99,43,92,#A9EB86
100,43,92,#A7EB86
101,43,92,#A6EB86
102,43,92,#A4EB86
103,43,92,#A2EB86
104,43,92,#A1EB86
105,43,92,#9FEB86
106,43,92,#9DEB86
107,43,92,#9CEB86
108,43,92,#9AEB86
109,43,92,#98EB86
110,43,92,#97EB86
111,43,92,#95EB86
112,43,92,#93EB86
113,43,92,#91EB86
114,43,92,#90EB86
115,43,92,#8EEB86
116,43,92,#8CEB86
117,43,92,#8BEB86
118,43,92,#89EB86
119,43,92,#87EB86
120,43,92,#86EB86
121,43,92,#86EB87
122,43,92,#86EB89
123,43,92,#86EB8B
124,43,92,#86EB8C
125,43,92,#86EB8E
126,43,92,#86EB90
127,43,92,#86EB91
128,43,92,#86EB93
129,43,92,#86EB95
130,43,92,#86EB97
131,43,92,#86EB98
132,43,92,#86EB9A
133,43,92,#86EB9C
134,43,92,#86EB9D
135,43,92,#86EB9F
136,43,92,#86EBA1
137,43,92,#86EBA2
138,43,92,#86EBA4
139,43,92,#86EBA6
140,43,92,#86EBA7
141,43,92,#86EBA9
142,43,92,#86EBAB
143,43,92,#86EBAC
144,43,92,#86EBAE
145,43,92,#86EBB0
146,43,92,#86EBB1
147,43,92,#86EBB3
148,43,92,#86EBB5
149,43,92,#86EBB6
150,43,92,#86EBB8
151,43,92,#86EBBA
152,43,92,#86EBBC
153,43,92,#86EBBD
154,43,92,#86EBBF
155,43,92,#86EBC1
156,43,92,#86EBC2
157,43,92,#86EBC4
158,43,92,#86EBC6
159,43,92,#86EBC7
160,43,92,#86EBC9
161,43,92,#86EBCB
162,43,92,#86EBCC
163,43,92,#86EBCE
164,43,92,#86EBD0
165,43,92,#86EBD1
166,43,92,#86EBD3
167,43,92,#86EBD5
168,43,92,#86EBD6
169,43,92,#86EBD8
170,43,92,#86EBDA
171,43,92,#86EBDB
172,43,92,#86EBDD
173,43,92,#86EBDF
174,43,92,#86EBE1
175,43,92,#86EBE2
176,43,92,#86EBE4
177,43,92,#86EBE6
178,43,92,#86EBE7
179,43,92,#86EBE9
180,43,92,#86EBEB
181,43,92,#86E9EB
182,43,92,#86E7EB
183,43,92,#86E6EB
184,43,92,#86E4EB
185,43,92,#86E2EB
186,43,92,#86E1EB
187,43,92,#86DFEB
188,43,92,#86DDEB
189,43,92,#86DBEB
190,43,92,#86DAEB
191,43,92,#86D8EB
192,43,92,#86D6EB
193,43,92,#86D5EB
194,43,92,#86D3EB
195,43,92,#86D1EB
196,43,92,#86D0EB
197,43,92,#86CEEB
198,43,92,#86CCEB
199,43,92,#86CBEB
200,43,92,#86C9EB
201,43,92,#86C7EB
202,43,92,#86C6EB
203,43,92,#86C4EB
204,43,92,#86C2EB
205,43,92,#86C1EB
206,43,92,#86BFEB
207,43,92,#86BDEB
208,43,92,#86BCEB
209,43,92,#86BAEB
210,43,92,#86B8EB
211,43,92,#86B6EB
212,43,92,#86B5EB
213,43,92,#86B3EB
214,43,92,#86B1EB
215,43,92,#86B0EB
216,43,92,#86AEEB
217,43,92,#86ACEB
218,43,92,#86ABEB
219,43,92,#86A9EB
220,43,92,#86A7EB
221,43,92,#86A6EB
222,43,92,#86A4EB
223,43,92,#86A2EB
224,43,92,#86A1EB
225,43,92,#869FEB
226,43,92,#869DEB
227,43,92,#869CEB
228,43,92,#869AEB
229,43,92,#8698EB
230,43,92,#8697EB
231,43,92,#8695EB
232,43,92,#8693EB
233,43,92,#8691EB
234,43,92,#8690EB
235,43,92,#868EEB
236,43,92,#868CEB
237,43,92,#868BEB
238,43,92,#8689EB
239,43,92,#8687EB
240,43,92,#8686EB
241,43,92,#8786EB
242,43,92,#8986EB
243,43,92,#8B86EB
244,43,92,#8C86EB
245,43,92,#8E86EB
246,43,92,#9086EB
247,43,92,#9186EB
248,43,92,#9386EB
249,43,92,#9586EB
250,43,92,#9786EB
251,43,92,#9886EB
252,43,92,#9A86EB
253,43,92,#9C86EB
254,43,92,#9D86EB
255,43,92,#9F86EB
256,43,92,#A186EB
257,43,92,#A286EB
258,43,92,#A486EB
259,43,92,#A686EB
260,43,92,#A786EB
261,43,92,#A986EB
262,43,92,#AB86EB
263,43,92,#AC86EB
264,43,92,#AE86EB
265,43,92,#B086EB
266,43,92,#B186EB
267,43,92,#B386EB
268,43,92,#B586EB
269,43,92,#B686EB
270,43,92,#B886EB
271,43,92,#BA86EB
272,43,92,#BC86EB
273,43,92,#BD86EB
274,43,92,#BF86EB
275,43,92,#C186EB
276,43,92,#C286EB
277,43,92,#C486EB
278,43,92,#C686EB
279,43,92,#C786EB
280,43,92,#C986EB
281,43,92,#CB86EB
282,43,92,#CC86EB
283,43,92,#CE86EB
284,43,92,#D086EB
285,43,92,#D186EB
286,43,92,#D386EB
287,43,92,#D586EB
288,43,92,#D686EB
289,43,92,#D886EB
290,43,92,#DA86EB
291,43,92,#DB86EB
292,43,92,#DD86EB
293,43,92,#DF86EB
294,43,92,#E186EB
295,43,92,#E286EB
296,43,92,#E486EB
297,43,92,#E686EB
298,43,92,#E786EB
299,43,92,#E986EB
300,43,92,#EB86EB
301,43,92,#EB86E9
302,43,92,#EB86E7
303,43,92,#EB86E6
304,43,92,#EB86E4
305,43,92,#EB86E2
306,43,92,#EB86E1
307,43,92,#EB86DF
308,43,92,#EB86DD
309,43,92,#EB86DB
310,43,92,#EB86DA
311,43,92,#EB86D8
312,43,92,#EB86D6
313,43,92,#EB86D5
314,43,92,#EB86D3
315,43,92,#EB86D1
316,43,92,#EB86D0
317,43,92,#EB86CE
318,43,92,#EB86CC
319,43,92,#EB86CB
320,43,92,#EB86C9
321,43,92,#EB86C7
322,43,92,#EB86C6
323,43,92,#EB86C4
324,43,92,#EB86C2
325,43,92,#EB86C1
326,43,92,#EB86BF
327,43,92,#EB86BD
328,43,92,#EB86BC
329,43,92,#EB86BA
330,43,92,#EB86B8
331,43,92,#EB86B6
332,43,92,#EB86B5
333,43,92,#EB86B3
334,43,92,#EB86B1
335,43,92,#EB86B0
336,43,92,#EB86AE
337,43,92,#EB86AC
338,43,92,#EB86AB
339,43,92,#EB86A9
340,43,92,#EB86A7
341,43,92,#EB86A6
342,43,92,#EB86A4
343,43,92,#EB86A2
344,43,92,#EB86A1
345,43,92,#EB869F
346,43,92,#EB869D
347,43,92,#EB869C
348,43,92,#EB869A
349,43,92,#EB8698
350,43,92,#EB8697
351,43,92,#EB8695
352,43,92,#EB8693
353,43,92,#EB8691
354,43,92,#EB8690
355,43,92,#EB868E
356,43,92,#EB868C
357,43,92,#EB868B
358,43,92,#EB8689
359,43,92,#EB8687
0,42,92,#EB8888
1,42,92,#EB8A88
2,42,92,#EB8B88
3,42,92,#EB8D88
4,42,92,#EB8F88
5,42,92,#EB9088
6,42,92,#EB9288
7,42,92,#EB9488
8,42,92,#EB9588
9,42,92,#EB9788
10,42,92,#EB9888
11,42,92,#EB9A88
12,42,92,#EB9C88
13,42,92,#EB9D88
14,42,92,#EB9F88
15,42,92,#EBA188
16,42,92,#EBA288
17,42,92,#EBA488
18,42,92,#EBA688
19,42,92,#EBA788
20,42,92,#EBA988
21,42,92,#EBAB88
22,42,92,#EBAC88
23,42,92,#EBAE88
24,42,92,#EBAF88
25,42,92,#EBB188
26,42,92,#EBB388
27,42,92,#EBB488
28,42,92,#EBB688
29,42,92,#EBB888
30,42,92,#EBB988
31,42,92,#EBBB88
32,42,92,#EBBD88
33,42,92,#EBBE88
34,42,92,#EBC088
35,42,92,#EBC288
36,42,92,#EBC388
37,42,92,#EBC588
38,42,92,#EBC688
39,42,92,#EBC888
40,42,92,#EBCA88
41,42,92,#EBCB88
42,42,92,#EBCD88
43,42,92,#EBCF88
44,42,92,#EBD088
45,42,92,#EBD288
46,42,92,#EBD488
47,42,92,#EBD588
48,42,92,#EBD788
49,42,92,#EBD988
50,42,92,#EBDA88
51,42,92,#EBDC88
52,42,92,#EBDD88
53,42,92,#EBDF88
54,42,92,#EBE188
55,42,92,#EBE288
56,42,92,#EBE488
57,42,92,#EBE688
58,42,92,#EBE788
59,42,92,#EBE988
60,42,92,#EBEB88
61,42,92,#E9EB88
62,42,92,#E7EB88
63,42,92,#E6EB88
64,42,92,#E4EB88
65,42,92,#E2EB88
66,42,92,#E1EB88
67,42,92,#DFEB88
68,42,92,#DDEB88
69,42,92,#DCEB88
70,42,92,#DAEB88
71,42,92,#D9EB88
72,42,92,#D7EB88
73,42,92,#D5EB88
74,42,92,#D4EB88
75,42,92,#D2EB88
76,42,92,#D0EB88
77,42,92,#CFEB88
78,42,92,#CDEB88
79,42,92,#CBEB88
80,42,92,#CAEB88
81,42,92,#C8EB88
82,42,92,#C6EB88
83,42,92,#C5EB88
84,42,92,#C3EB88
85,42,92,#C2EB88
86,42,92,#C0EB88
87,42,92,#BEEB88
88,42,92,#BDEB88
89,42,92,#BBEB88
90,42,92,#B9EB88
91,42,92,#B8EB88
92,42,92,#B6EB88
93,42,92,#B4EB88
94,42,92,#B3EB88
95,42,92,#B1EB88
96,42,92,#AFEB88
97,42,92,#AEEB88
98,42,92,#ACEB88
99,42,92,#ABEB88
100,42,92,#A9EB88
101,42,92,#A7EB88
102,42,92,#A6EB88
103,42,92,#A4EB88
104,42,92,#A2EB88
105,42,92,#A1EB88
106,42,92,#9FEB88
107,42,92,#9DEB88
108,42,92,#9CEB88
109,42,92,#9AEB88
110,42,92,#98EB88
111,42,92,#97EB88
112,42,92,#95EB88
113,42,92,#94EB88
114,42,92,#92EB88
115,42,92,#90EB88
116,42,92,#8FEB88
117,42,92,#8DEB88
118,42,92,#8BEB88
119,42,92,#8AEB88
120,42,92,#88EB88
121,42,92,#88EB8A
122,42,92,#88EB8B
123,42,92,#88EB8D
124,42,92,#88EB8F
125,42,92,#88EB90
126,42,92,#88EB92
127,42,92,#88EB94
128,42,92,#88EB95
129,42,92,#88EB97
130,42,92,#88EB98
131,42,92,#88EB9A
132,42,92,#88EB9C
133,42,92,#88EB9D
134,42,92,#88EB9F
135,42,92,#88EBA1
136,42,92,#88EBA2
137,42,92,#88EBA4
138,42,92,#88EBA6
139,42,92,#88EBA7
140,42,92,#88EBA9
141,42,92,#88EBAB
142,42,92,#88EBAC
143,42,92,#88EBAE
144,42,92,#88EBAF
145,42,92,#88EBB1
146,42,92,#88EBB3
147,42,92,#88EBB4
148,42,92,#88EBB6
149,42,92,#88EBB8
150,42,92,#88EBB9
151,42,92,#88EBBB
152,42,92,#88EBBD
153,42,92,#88EBBE
154,42,92,#88EBC0
155,42,92,#88EBC2
156,42,92,#88EBC3
157,42,92,#88EBC5
158,42,92,#88EBC6
159,42,92,#88EBC8
160,42,92,#88EBCA
161,42,92,#88EBCB
162,42,92,#88EBCD
163,42,92,#88EBCF
164,42,92,#88EBD0
165,42,92,#88EBD2
166,42,92,#88EBD4
167,42,92,#88EBD5
168,42,92,#88EBD7
169,42,92,#88EBD9
170,42,92,#88EBDA
171,42,92,#88EBDC
172,42,92,#88EBDD
173,42,92,#88EBDF
174,42,92,#88EBE1
175,42,92,#88EBE2
176,42,92,#88EBE4
177,42,92,#88EBE6
178,42,92,#88EBE7
179,42,92,#88EBE9
180,42,92,#88EBEB
181,42,92,#88E9EB
182,42,92,#88E7EB
183,42,92,#88E6EB
184,42,92,#88E4EB
185,42,92,#88E2EB
186,42,92,#88E1EB
187,42,92,#88DFEB
188,42,92,#88DDEB
189,42,92,#88DCEB
190,42,92,#88DAEB
191,42,92,#88D9EB
192,42,92,#88D7EB
193,42,92,#88D5EB
194,42,92,#88D4EB
195,42,92,#88D2EB
196,42,92,#88D0EB
197,42,92,#88CFEB
198,42,92,#88CDEB
199,42,92,#88CBEB
200,42,92,#88CAEB
201,42,92,#88C8EB
202,42,92,#88C6EB
203,42,92,#88C5EB
204,42,92,#88C3EB
205,42,92,#88C2EB
206,42,92,#88C0EB
207,42,92,#88BEEB
208,42,92,#88BDEB
209,42,92,#88BBEB
210,42,92,#88B9EB
211,42,92,#88B8EB
212,42,92,#88B6EB
213,42,92,#88B4EB
214,42,92,#88B3EB
215,42,92,#88B1EB
216,42,92,#88AFEB
217,42,92,#88AEEB
218,42,92,#88ACEB
219,42,92,#88ABEB
220,42,92,#88A9EB
221,42,92,#88A7EB
222,42,92,#88A6EB
223,42,92,#88A4EB
224,42,92,#88A2EB
225,42,92,#88A1EB
226,42,92,#889FEB
227,42,92,#889DEB
228,42,92,#889CEB
229,42,92,#889AEB
230,42,92,#8898EB
231,42,92,#8897EB
232,42,92,#8895EB
233,42,92,#8894EB
234,42,92,#8892EB
235,42,92,#8890EB
236,42,92,#888FEB
237,42,92,#888DEB
238,42,92,#888BEB
239,42,92,#888AEB
240,42,92,#8888EB
241,42,92,#8A88EB
242,42,92,#8B88EB
243,42,92,#8D88EB
244,42,92,#8F88EB
245,42,92,#9088EB
246,42,92,#9288EB
247,42,92,#9488EB
248,42,92,#9588EB
249,42,92,#9788EB
250,42,92,#9888EB
251,42,92,#9A88EB
252,42,92,#9C88EB
253,42,92,#9D88EB
254,42,92,#9F88EB
255,42,92,#A188EB
256,42,92,#A288EB
257,42,92,#A488EB
258,42,92,#A688EB
259,42,92,#A788EB
260,42,92,#A988EB
261,42,92,#AB88EB
262,42,92,#AC88EB
263,42,92,#AE88EB
264,42,92,#AF88EB
265,42,92,#B188EB
266,42,92,#B388EB
267,42,92,#B488EB
268,42,92,#B688EB
269,42,92,#B888EB
270,42,92,#B988EB
271,42,92,#BB88EB
272,42,92,#BD88EB
273,42,92,#BE88EB
274,42,92,#C088EB
275,42,92,#C288EB
276,42,92,#C388EB
277,42,92,#C588EB
278,42,92,#C688EB
279,42,92,#C888EB
280,42,92,#CA88EB
281,42,92,#CB88EB
282,42,92,#CD88EB
283,42,92,#CF88EB
284,42,92,#D088EB
285,42,92,#D288EB
286,42,92,#D488EB
287,42,92,#D588EB
288,42,92,#D788EB
289,42,92,#D988EB
290,42,92,#DA88EB
291,42,92,#DC88EB
292,42,92,#DD88EB
293,42,92,#DF88EB
294,42,92,#E188EB
295,42,92,#E288EB
296,42,92,#E488EB
297,42,92,#E688EB
298,42,92,#E788EB
299,42,92,#E988EB
300,42,92,#EB88EB
301,42,92,#EB88E9
302,42,92,#EB88E7
303,42,92,#EB88E6
304,42,92,#EB88E4
305,42,92,#EB88E2
306,42,92,#EB88E1
307,42,92,#EB88DF
308,42,92,#EB88DD
309,42,92,#EB88DC
310,42,92,#EB88DA
311,42,92,#EB88D9
312,42,92,#EB88D7
313,42,92,#EB88D5
314,42,92,#EB88D4
315,42,92,#EB88D2
316,42,92,#EB88D0
317,42,92,#EB88CF
318,42,92,#EB88CD
319,42,92,#EB88CB
320,42,92,#EB88CA
321,42,92,#EB88C8
322,42,92,#EB88C6
323,42,92,#EB88C5
324,42,92,#EB88C3
325,42,92,#EB88C2
326,42,92,#EB88C0
327,42,92,#EB88BE
328,42,92,#EB88BD
329,42,92,#EB88BB
330,42,92,#EB88B9
331,42,92,#EB88B8
332,42,92,#EB88B6
333,42,92,#EB88B4
334,42,92,#EB88B3
335,42,92,#EB88B1
336,42,92,#EB88AF
337,42,92,#EB88AE
338,42,92,#EB88AC
339,42,92,#EB88AB
340,42,92,#EB88A9
341,42,92,#EB88A7
342,42,92,#EB88A6
343,42,92,#EB88A4
344,42,92,#EB88A2
345,42,92,#EB88A1
346,42,92,#EB889F
347,42,92,#EB889D
348,42,92,#EB889C
349,42,92,#EB889A
350,42,92,#EB8898
351,42,92,#EB8897
352,42,92,#EB8895
353,42,92,#EB8894
354,42,92,#EB8892
355,42,92,#EB8890
356,42,92,#EB888F
357,42,92,#EB888D
358,42,92,#EB888B
359,42,92,#EB888A
0,41,92,#EB8A8A
1,41,92,#EB8C8A
2,41,92,#EB8E8A
3,41,92,#EB8F8A
4,41,92,#EB918A
5,41,92,#EB928A
6,41,92,#EB948A
7,41,92,#EB968A
8,41,92,#EB978A
9,41,92,#EB998A
10,41,92,#EB9A8A
11,41,92,#EB9C8A
12,41,92,#EB9E8A
13,41,92,#EB9F8A
14,41,92,#EBA18A
15,41,92,#EBA28A
16,41,92,#EBA48A
17,41,92,#EBA68A
18,41,92,#EBA78A
19,41,92,#EBA98A
20,41,92,#EBAA8A
21,41,92,#EBAC8A
22,41,92,#EBAE8A
23,41,92,#EBAF8A
24,41,92,#EBB18A
25,41,92,#EBB28A
26,41,92,#EBB48A
27,41,92,#EBB68A
28,41,92,#EBB78A
29,41,92,#EBB98A
30,41,92,#EBBB8A
31,41,92,#EBBC8A
32,41,92,#EBBE8A
33,41,92,#EBBF8A
34,41,92,#EBC18A
35,41,92,#EBC38A
36,41,92,#EBC48A
37,41,92,#EBC68A
38,41,92,#EBC78A
39,41,92,#EBC98A
40,41,92,#EBCB8A
41,41,92,#EBCC8A
42,41,92,#EBCE8A
43,41,92,#EBCF8A
44,41,92,#EBD18A
45,41,92,#EBD38A
46,41,92,#EBD48A
47,41,92,#EBD68A
48,41,92,#EBD78A
49,41,92,#EBD98A
50,41,92,#EBDB8A
51,41,92,#EBDC8A
52,41,92,#EBDE8A
53,41,92,#EBDF8A
54,41,92,#EBE18A
55,41,92,#EBE38A
56,41,92,#EBE48A
57,41,92,#EBE68A
58,41,92,#EBE78A
59,41,92,#EBE98A
60,41,92,#EBEB8A
61,41,92,#E9EB8A
62,41,92,#E7EB8A
63,41,92,#E6EB8A
64,41,92,#E4EB8A
65,41,92,#E3EB8A
66,41,92,#E1EB8A
67,41,92,#DFEB8A
68,41,92,#DEEB8A
69,41,92,#DCEB8A
70,41,92,#DBEB8A
71,41,92,#D9EB8A
72,41,92,#D7EB8A
73,41,92,#D6EB8A
74,41,92,#D4EB8A
75,41,92,#D3EB8A
76,41,92,#D1EB8A
77,41,92,#CFEB8A
78,41,92,#CEEB8A
79,41,92,#CCEB8A
80,41,92,#CBEB8A
81,41,92,#C9EB8A
82,41,92,#C7EB8A
83,41,92,#C6EB8A
84,41,92,#C4EB8A
85,41,92,#C3EB8A
86,41,92,#C1EB8A
87,41,92,#BFEB8A
88,41,92,#BEEB8A
89,41,92,#BCEB8A
90,41,92,#BBEB8A
91,41,92,#B9EB8A
92,41,92,#B7EB8A
93,41,92,#B6EB8A
94,41,92,#B4EB8A
95,41,92,#B2EB8A
96,41,92,#B1EB8A
97,41,92,#AFEB8A
98,41,92,#AEEB8A
99,41,92,#ACEB8A
100,41,92,#AAEB8A
101,41,92,#A9EB8A
102,41,92,#A7EB8A
103,41,92,#A6EB8A
104,41,92,#A4EB8A
105,41,92,#A2EB8A
106,41,92,#A1EB8A
107,41,92,#9FEB8A
108,41,92,#9EEB8A
109,41,92,#9CEB8A
110,41,92,#9AEB8A
111,41,92,#99EB8A
112,41,92,#97EB8A
113,41,92,#96EB8A
114,41,92,#94EB8A
115,41,92,#92EB8A
116,41,92,#91EB8A
117,41,92,#8FEB8A
118,41,92,#8EEB8A
119,41,92,#8CEB8A
120,41,92,#8AEB8A
121,41,92,#8AEB8C
122,41,92,#8AEB8E
123,41,92,#8AEB8F
124,41,92,#8AEB91
125,41,92,#8AEB92
126,41,92,#8AEB94
127,41,92,#8AEB96
128,41,92,#8AEB97
129,41,92,#8AEB99
130,41,92,#8AEB9A
131,41,92,#8AEB9C
132,41,92,#8AEB9E
133,41,92,#8AEB9F
134,41,92,#8AEBA1
135,41,92,#8AEBA2
136,41,92,#8AEBA4
137,41,92,#8AEBA6
138,41,92,#8AEBA7
139,41,92,#8AEBA9
140,41,92,#8AEBAA
141,41,92,#8AEBAC
142,41,92,#8AEBAE
143,41,92,#8AEBAF
144,41,92,#8AEBB1
145,41,92,#8AEBB2
146,41,92,#8AEBB4
147,41,92,#8AEBB6
148,41,92,#8AEBB7
149,41,92,#8AEBB9
150,41,92,#8AEBBB
151,41,92,#8AEBBC
152,41,92,#8AEBBE
153,41,92,#8AEBBF
154,41,92,#8AEBC1
155,41,92,#8AEBC3
156,41,92,#8AEBC4
157,41,92,#8AEBC6
158,41,92,#8AEBC7
159,41,92,#8AEBC9
160,41,92,#8AEBCB
161,41,92,#8AEBCC
162,41,92,#8AEBCE
163,41,92,#8AEBCF
164,41,92,#8AEBD1
165,41,92,#8AEBD3
166,41,92,#8AEBD4
167,41,92,#8AEBD6
168,41,92,#8AEBD7
169,41,92,#8AEBD9
170,41,92,#8AEBDB
171,41,92,#8AEBDC
172,41,92,#8AEBDE
173,41,92,#8AEBDF
174,41,92,#8AEBE1
175,41,92,#8AEBE3
176,41,92,#8AEBE4
177,41,92,#8AEBE6
178,41,92,#8AEBE7
179,41,92,#8AEBE9
180,41,92,#8AEBEB
181,41,92,#8AE9EB
182,41,92,#8AE7EB
183,41,92,#8AE6EB
184,41,92,#8AE4EB
185,41,92,#8AE3EB
186,41,92,#8AE1EB
187,41,92,#8ADFEB
188,41,92,#8ADEEB
189,41,92,#8ADCEB
190,41,92,#8ADBEB
191,41,92,#8AD9EB
192,41,92,#8AD7EB
193,41,92,#8AD6EB
194,41,92,#8AD4EB
195,41,92,#8AD3EB
196,41,92,#8AD1EB
197,41,92,#8ACFEB
198,41,92,#8ACEEB
199,41,92,#8ACCEB
200,41,92,#8ACBEB
201,41,92,#8AC9EB
202,41,92,#8AC7EB
203,41,92,#8AC6EB
204,41,92,#8AC4EB
205,41,92,#8AC3EB
206,41,92,#8AC1EB
207,41,92,#8ABFEB
208,41,92,#8ABEEB
209,41,92,#8ABCEB
210,41,92,#8ABBEB
211,41,92,#8AB9EB
212,41,92,#8AB7EB
213,41,92,#8AB6EB
214,41,92,#8AB4EB
215,41,92,#8AB2EB
216,41,92,#8AB1EB
217,41,92,#8AAFEB
218,41,92,#8AAEEB
219,41,92,#8AACEB
220,41,92,#8AAAEB
221,41,92,#8AA9EB
222,41,92,#8AA7EB
223,41,92,#8AA6EB
224,41,92,#8AA4EB
225,41,92,#8AA2EB
226,41,92,#8AA1EB
227,41,92,#8A9FEB
228,41,92,#8A9EEB
229,41,92,#8A9CEB
230,41,92,#8A9AEB
231,41,92,#8A99EB
232,41,92,#8A97EB
233,41,92,#8A96EB
234,41,92,#8A94EB
235,41,92,#8A92EB
236,41,92,#8A91EB
237,41,92,#8A8FEB
238,41,92,#8A8EEB
239,41,92,#8A8CEB
240,41,92,#8A8AEB
241,41,92,#8C8AEB
242,41,92,#8E8AEB
243,41,92,#8F8AEB
244,41,92,#918AEB
245,41,92,#928AEB
246,41,92,#948AEB
247,41,92,#968AEB
248,41,92,#978AEB
249,41,92,#998AEB
250,41,92,#9A8AEB
251,41,92,#9C8AEB
252,41,92,#9E8AEB
253,41,92,#9F8AEB
254,41,92,#A18AEB
255,41,92,#A28AEB
256,41,92,#A48AEB
257,41,92,#A68AEB
258,41,92,#A78AEB
259,41,92,#A98AEB
260,41,92,#AA8AEB
261,41,92,#AC8AEB
262,41,92,#AE8AEB
263,41,92,#AF8AEB
264,41,92,#B18AEB
265,41,92,#B28AEB
266,41,92,#B48AEB
267,41,92,#B68AEB
268,41,92,#B78AEB
269,41,92,#B98AEB
270,41,92,#BB8AEB
271,41,92,#BC8AEB
272,41,92,#BE8AEB
273,41,92,#BF8AEB
274,41,92,#C18AEB
275,41,92,#C38AEB
276,41,92,#C48AEB
277,41,92,#C68AEB
278,41,92,#C78AEB
279,41,92,#C98AEB
280,41,92,#CB8AEB
281,41,92,#CC8AEB
282,41,92,#CE8AEB
283,41,92,#CF8AEB
284,41,92,#D18AEB
285,41,92,#D38AEB
286,41,92,#D48AEB
287,41,92,#D68AEB
288,41,92,#D78AEB
289,41,92,#D98AEB
290,41,92,#DB8AEB
291,41,92,#DC8AEB
292,41,92,#DE8AEB
293,41,92,#DF8AEB
294,41,92,#E18AEB
295,41,92,#E38AEB
296,41,92,#E48AEB
297,41,92,#E68AEB
298,41,92,#E78AEB
299,41,92,#E98AEB
300,41,92,#EB8AEB
301,41,92,#EB8AE9
302,41,92,#EB8AE7
303,41,92,#EB8AE6
304,41,92,#EB8AE4
305,41,92,#EB8AE3
306,41,92,#EB8AE1
307,41,92,#EB8ADF
308,41,92,#EB8ADE
309,41,92,#EB8ADC
310,41,92,#EB8ADB
311,41,92,#EB8AD9
312,41,92,#EB8AD7
313,41,92,#EB8AD6
314,41,92,#EB8AD4
315,41,92,#EB8AD3
316,41,92,#EB8AD1
317,41,92,#EB8ACF
318,41,92,#EB8ACE
319,41,92,#EB8ACC
320,41,92,#EB8ACB
321,41,92,#EB8AC9
322,41,92,#EB8AC7
323,41,92,#EB8AC6
324,41,92,#EB8AC4
325,41,92,#EB8AC3
326,41,92,#EB8AC1
327,41,92,#EB8ABF
328,41,92,#EB8ABE
329,41,92,#EB8ABC
330,41,92,#EB8ABB
331,41,92,#EB8AB9
332,41,92,#EB8AB7
333,41,92,#EB8AB6
334,41,92,#EB8AB4
335,41,92,#EB8AB2
336,41,92,#EB8AB1
337,41,92,#EB8AAF
338,41,92,#EB8AAE
339,41,92,#EB8AAC
340,41,92,#EB8AAA
341,41,92,#EB8AA9
342,41,92,#EB8AA7
343,41,92,#EB8AA6
344,41,92,#EB8AA4
345,41,92,#EB8AA2
346,41,92,#EB8AA1
347,41,92,#EB8A9F
348,41,92,#EB8A9E
349,41,92,#EB8A9C
350,41,92,#EB8A9A
351,41,92,#EB8A99
352,41,92,#EB8A97
353,41,92,#EB8A96
354,41,92,#EB8A94
355,41,92,#EB8A92
356,41,92,#EB8A91
357,41,92,#EB8A8F
358,41,92,#EB8A8E
359,41,92,#EB8A8C
0,40,92,#EB8D8D
1,40,92,#EB8E8D
2,40,92,#EB908D
3,40,92,#EB918D
4,40,92,#EB938D
5,40,92,#EB958D
6,40,92,#EB968D
7,40,92,#EB988D
8,40,92,#EB998D
9,40,92,#EB9B8D
10,40,92,#EB9C8D
11,40,92,#EB9E8D
12,40,92,#EBA08D
13,40,92,#EBA18D
14,40,92,#EBA38D
15,40,92,#EBA48D
16,40,92,#EBA68D
17,40,92,#EBA78D
18,40,92,#EBA98D
19,40,92,#EBAA8D
20,40,92,#EBAC8D
21,40,92,#EBAE8D
22,40,92,#EBAF8D
23,40,92,#EBB18D
24,40,92,#EBB28D
25,40,92,#EBB48D
26,40,92,#EBB58D
27,40,92,#EBB78D
28,40,92,#EBB98D
29,40,92,#EBBA8D
30,40,92,#EBBC8D
31,40,92,#EBBD8D
32,40,92,#EBBF8D
33,40,92,#EBC08D
34,40,92,#EBC28D
35,40,92,#EBC48D
36,40,92,#EBC58D
37,40,92,#EBC78D
38,40,92,#EBC88D
39,40,92,#EBCA8D
40,40,92,#EBCB8D
41,40,92,#EBCD8D
42,40,92,#EBCE8D
43,40,92,#EBD08D
44,40,92,#EBD28D
45,40,92,#EBD38D
46,40,92,#EBD58D
47,40,92,#EBD68D
48,40,92,#EBD88D
49,40,92,#EBD98D
50,40,92,#EBDB8D
51,40,92,#EBDD8D
52,40,92,#EBDE8D
53,40,92,#EBE08D
54,40,92,#EBE18D
55,40,92,#EBE38D
56,40,92,#EBE48D
57,40,92,#EBE68D
58,40,92,#EBE78D
59,40,92,#EBE98D
60,40,92,#EBEB8D
61,40,92,#E9EB8D
62,40,92,#E7EB8D
63,40,92,#E6EB8D
64,40,92,#E4EB8D
65,40,92,#E3EB8D
66,40,92,#E1EB8D
67,40,92,#E0EB8D
68,40,92,#DEEB8D
69,40,92,#DDEB8D
70,40,92,#DBEB8D
71,40,92,#D9EB8D
72,40,92,#D8EB8D
73,40,92,#D6EB8D
74,40,92,#D5EB8D
75,40,92,#D3EB8D
76,40,92,#D2EB8D
77,40,92,#D0EB8D
78,40,92,#CEEB8D
79,40,92,#CDEB8D
80,40,92,#CBEB8D
81,40,92,#CAEB8D
82,40,92,#C8EB8D
83,40,92,#C7EB8D
84,40,92,#C5EB8D
85,40,92,#C4EB8D
86,40,92,#C2EB8D
87,40,92,#C0EB8D
88,40,92,#BFEB8D
89,40,92,#BDEB8D
90,40,92,#BCEB8D
91,40,92,#BAEB8D
92,40,92,#B9EB8D
93,40,92,#B7EB8D
94,40,92,#B5EB8D
95,40,92,#B4EB8D
96,40,92,#B2EB8D
97,40,92,#B1EB8D
98,40,92,#AFEB8D
99,40,92,#AEEB8D
100,40,92,#ACEB8D
101,40,92,#AAEB8D
102,40,92,#A9EB8D
103,40,92,#A7EB8D
104,40,92,#A6EB8D
105,40,92,#A4EB8D
106,40,92,#A3EB8D
107,40,92,#A1EB8D
108,40,92,#A0EB8D
109,40,92,#9EEB8D
110,40,92,#9CEB8D
111,40,92,#9BEB8D
112,40,92,#99EB8D
113,40,92,#98EB8D
114,40,92,#96EB8D
115,40,92,#95EB8D
116,40,92,#93EB8D
117,40,92,#91EB8D
118,40,92,#90EB8D
119,40,92,#8EEB8D
120,40,92,#8DEB8D
121,40,92,#8DEB8E
122,40,92,#8DEB90
123,40,92,#8DEB91
124,40,92,#8DEB93
125,40,92,#8DEB95
126,40,92,#8DEB96
127,40,92,#8DEB98
128,40,92,#8DEB99
129,40,92,#8DEB9B
130,40,92,#8DEB9C
131,40,92,#8DEB9E
132,40,92,#8DEBA0
133,40,92,#8DEBA1
134,40,92,#8DEBA3
135,40,92,#8DEBA4
136,40,92,#8DEBA6
137,40,92,#8DEBA7
138,40,92,#8DEBA9
139,40,92,#8DEBAA
140,40,92,#8DEBAC
141,40,92,#8DEBAE
142,40,92,#8DEBAF
143,40,92,#8DEBB1
144,40,92,#8DEBB2
145,40,92,#8DEBB4
146,40,92,#8DEBB5
147,40,92,#8DEBB7
148,40,92,#8DEBB9
149,40,92,#8DEBBA
150,40,92,#8DEBBC
151,40,92,#8DEBBD
152,40,92,#8DEBBF
153,40,92,#8DEBC0
154,40,92,#8DEBC2
155,40,92,#8DEBC4
156,40,92,#8DEBC5
157,40,92,#8DEBC7
158,40,92,#8DEBC8
159,40,92,#8DEBCA
160,40,92,#8DEBCB
161,40,92,#8DEBCD
162,40,92,#8DEBCE
163,40,92,#8DEBD0
164,40,92,#8DEBD2
165,40,92,#8DEBD3
166,40,92,#8DEBD5
167,40,92,#8DEBD6
168,40,92,#8DEBD8
169,40,92,#8DEBD9
170,40,92,#8DEBDB
171,40,92,#8DEBDD
172,40,92,#8DEBDE
173,40,92,#8DEBE0
174,40,92,#8DEBE1
175,40,92,#8DEBE3
176,40,92,#8DEBE4
177,40,92,#8DEBE6
178,40,92,#8DEBE7
179,40,92,#8DEBE9
180,40,92,#8DEBEB
181,40,92,#8DE9EB
182,40,92,#8DE7EB
183,40,92,#8DE6EB
184,40,92,#8DE4EB
185,40,92,#8DE3EB
186,40,92,#8DE1EB
187,40,92,#8DE0EB
188,40,92,#8DDEEB
189,40,92,#8DDDEB
190,40,92,#8DDBEB
191,40,92,#8DD9EB
192,40,92,#8DD8EB
193,40,92,#8DD6EB
194,40,92,#8DD5EB
195,40,92,#8DD3EB
196,40,92,#8DD2EB
197,40,92,#8DD0EB
198,40,92,#8DCEEB
199,40,92,#8DCDEB
200,40,92,#8DCBEB
201,40,92,#8DCAEB
202,40,92,#8DC8EB
203,40,92,#8DC7EB
204,40,92,#8DC5EB
205,40,92,#8DC4EB
206,40,92,#8DC2EB
207,40,92,#8DC0EB
208,40,92,#8DBFEB
209,40,92,#8DBDEB
210,40,92,#8DBCEB
211,40,92,#8DBAEB
212,40,92,#8DB9EB
213,40,92,#8DB7EB
214,40,92,#8DB5EB
215,40,92,#8DB4EB
216,40,92,#8DB2EB
217,40,92,#8DB1EB
218,40,92,#8DAFEB
219,40,92,#8DAEEB
220,40,92,#8DACEB
221,40,92,#8DAAEB
222,40,92,#8DA9EB
223,40,92,#8DA7EB
224,40,92,#8DA6EB
225,40,92,#8DA4EB
226,40,92,#8DA3EB
227,40,92,#8DA1EB
228,40,92,#8DA0EB
229,40,92,#8D9EEB
230,40,92,#8D9CEB
231,40,92,#8D9BEB
232,40,92,#8D99EB
233,40,92,#8D98EB
234,40,92,#8D96EB
235,40,92,#8D95EB
236,40,92,#8D93EB
237,40,92,#8D91EB
238,40,92,#8D90EB
239,40,92,#8D8EEB
240,40,92,#8D8DEB
241,40,92,#8E8DEB
242,40,92,#908DEB
243,40,92,#918DEB
244,40,92,#938DEB
245,40,92,#958DEB
246,40,92,#968DEB
247,40,92,#988DEB
248,40,92,#998DEB
249,40,92,#9B8DEB
250,40,92,#9C8DEB
251,40,92,#9E8DEB
252,40,92,#A08DEB
253,40,92,#A18DEB
254,40,92,#A38DEB
255,40,92,#A48DEB
256,40,92,#A68DEB
257,40,92,#A78DEB
258,40,92,#A98DEB
259,40,92,#AA8DEB
260,40,92,#AC8DEB
261,40,92,#AE8DEB
262,40,92,#AF8DEB
263,40,92,#B18DEB
264,40,92,#B28DEB
265,40,92,#B48DEB
266,40,92,#B58DEB
267,40,92,#B78DEB
268,40,92,#B98DEB
269,40,92,#BA8DEB
270,40,92,#BC8DEB
271,40,92,#BD8DEB
272,40,92,#BF8DEB
273,40,92,#C08DEB
274,40,92,#C28DEB
275,40,92,#C38DEB
276,40,92,#C58DEB
277,40,92,#C78DEB
278,40,92,#C88DEB
279,40,92,#CA8DEB
280,40,92,#CB8DEB
281,40,92,#CD8DEB
282,40,92,#CE8DEB
283,40,92,#D08DEB
284,40,92,#D28DEB
285,40,92,#D38DEB
286,40,92,#D58DEB
287,40,92,#D68DEB
288,40,92,#D88DEB
289,40,92,#D98DEB
290,40,92,#DB8DEB
291,40,92,#DD8DEB
292,40,92,#DE8DEB
293,40,92,#E08DEB
294,40,92,#E18DEB
295,40,92,#E38DEB
296,40,92,#E48DEB
297,40,92,#E68DEB
298,40,92,#E78DEB
299,40,92,#E98DEB
300,40,92,#EB8DEB
301,40,92,#EB8DE9
302,40,92,#EB8DE7
303,40,92,#EB8DE6
304,40,92,#EB8DE4
305,40,92,#EB8DE3
306,40,92,#EB8DE1
307,40,92,#EB8DE0
308,40,92,#EB8DDE
309,40,92,#EB8DDD
310,40,92,#EB8DDB
311,40,92,#EB8DD9
312,40,92,#EB8DD8
313,40,92,#EB8DD6
314,40,92,#EB8DD5
315,40,92,#EB8DD3
316,40,92,#EB8DD2
317,40,92,#EB8DD0
318,40,92,#EB8DCE
319,40,92,#EB8DCD
320,40,92,#EB8DCB
321,40,92,#EB8DCA
322,40,92,#EB8DC8
323,40,92,#EB8DC7
324,40,92,#EB8DC5
325,40,92,#EB8DC3
326,40,92,#EB8DC2
327,40,92,#EB8DC0
328,40,92,#EB8DBF
329,40,92,#EB8DBD
330,40,92,#EB8DBC
331,40,92,#EB8DBA
332,40,92,#EB8DB9
333,40,92,#EB8DB7
334,40,92,#EB8DB5
335,40,92,#EB8DB4
336,40,92,#EB8DB2
337,40,92,#EB8DB1
338,40,92,#EB8DAF
339,40,92,#EB8DAE
340,40,92,#EB8DAC
341,40,92,#EB8DAA
342,40,92,#EB8DA9
343,40,92,#EB8DA7
344,40,92,#EB8DA6
345,40,92,#EB8DA4
346,40,92,#EB8DA3
347,40,92,#EB8DA1
348,40,92,#EB8DA0
349,40,92,#EB8D9E
350,40,92,#EB8D9C
351,40,92,#EB8D9B
352,40,92,#EB8D99
353,40,92,#EB8D98
354,40,92,#EB8D96
355,40,92,#EB8D95
356,40,92,#EB8D93
357,40,92,#EB8D91
358,40,92,#EB8D90
359,40,92,#EB8D8E
0,39,92,#EB8F8F
1,39,92,#EB918F
2,39,92,#EB928F
3,39,92,#EB948F
4,39,92,#EB958F
5,39,92,#EB978F
6,39,92,#EB988F
7,39,92,#EB9A8F
8,39,92,#EB9B8F
9,39,92,#EB9D8F
10,39,92,#EB9E8F
11,39,92,#EBA08F
12,39,92,#EBA18F
13,39,92,#EBA38F
14,39,92,#EBA48F
15,39,92,#EBA68F
16,39,92,#EBA88F
17,39,92,#EBA98F
18,39,92,#EBAB8F
19,39,92,#EBAC8F
20,39,92,#EBAE8F
21,39,92,#EBAF8F
22,39,92,#EBB18F
23,39,92,#EBB28F
24,39,92,#EBB48F
25,39,92,#EBB58F
26,39,92,#EBB78F
27,39,92,#EBB88F
28,39,92,#EBBA8F
29,39,92,#EBBB8F
30,39,92,#EBBD8F
31,39,92,#EBBE8F
32,39,92,#EBC08F
33,39,92,#EBC18F
34,39,92,#EBC38F
35,39,92,#EBC48F
36,39,92,#EBC68F
37,39,92,#EBC88F
38,39,92,#EBC98F
39,39,92,#EBCB8F
40,39,92,#EBCC8F
41,39,92,#EBCE8F
42,39,92,#EBCF8F
43,39,92,#EBD18F
44,39,92,#EBD28F
45,39,92,#EBD48F
46,39,92,#EBD58F
47,39,92,#EBD78F
48,39,92,#EBD88F
49,39,92,#EBDA8F
50,39,92,#EBDB8F
51,39,92,#EBDD8F
52,39,92,#EBDE8F
53,39,92,#EBE08F
54,39,92,#EBE18F
55,39,92,#EBE38F
56,39,92,#EBE58F
57,39,92,#EBE68F
58,39,92,#EBE88F
59,39,92,#EBE98F
60,39,92,#EBEB8F
61,39,92,#E9EB8F
62,39,92,#E8EB8F
63,39,92,#E6EB8F
64,39,92,#E5EB8F
65,39,92,#E3EB8F
66,39,92,#E1EB8F
67,39,92,#E0EB8F
68,39,92,#DEEB8F
69,39,92,#DDEB8F
70,39,92,#DBEB8F
71,39,92,#DAEB8F
72,39,92,#D8EB8F
73,39,92,#D7EB8F
74,39,92,#D5EB8F
75,39,92,#D4EB8F
76,39,92,#D2EB8F
77,39,92,#D1EB8F
78,39,92,#CFEB8F
79,39,92,#CEEB8F
80,39,92,#CCEB8F
81,39,92,#CBEB8F
82,39,92,#C9EB8F
83,39,92,#C8EB8F
84,39,92,#C6EB8F
85,39,92,#C4EB8F
86,39,92,#C3EB8F
87,39,92,#C1EB8F
88,39,92,#C0EB8F
89,39,92,#BEEB8F
90,39,92,#BDEB8F
91,39,92,#BBEB8F
92,39,92,#BAEB8F
93,39,92,#B8EB8F
94,39,92,#B7EB8F
95,39,92,#B5EB8F
96,39,92,#B4EB8F
97,39,92,#B2EB8F
98,39,92,#B1EB8F
99,39,92,#AFEB8F
100,39,92,#AEEB8F
101,39,92,#ACEB8F
102,39,92,#ABEB8F
103,39,92,#A9EB8F
104,39,92,#A8EB8F
105,39,92,#A6EB8F
106,39,92,#A4EB8F
107,39,92,#A3EB8F
108,39,92,#A1EB8F
109,39,92,#A0EB8F
110,39,92,#9EEB8F
111,39,92,#9DEB8F
112,39,92,#9BEB8F
113,39,92,#9AEB8F
114,39,92,#98EB8F
115,39,92,#97EB8F
116,39,92,#95EB8F
117,39,92,#94EB8F
118,39,92,#92EB8F
119,39,92,#91EB8F
120,39,92,#8FEB8F
121,39,92,#8FEB91
122,39,92,#8FEB92
123,39,92,#8FEB94
124,39,92,#8FEB95
125,39,92,#8FEB97
126,39,92,#8FEB98
127,39,92,#8FEB9A
128,39,92,#8FEB9B
129,39,92,#8FEB9D
130,39,92,#8FEB9E
131,39,92,#8FEBA0
132,39,92,#8FEBA1
133,39,92,#8FEBA3
134,39,92,#8FEBA4
135,39,92,#8FEBA6
136,39,92,#8FEBA8
137,39,92,#8FEBA9
138,39,92,#8FEBAB
139,39,92,#8FEBAC
140,39,92,#8FEBAE
141,39,92,#8FEBAF
142,39,92,#8FEBB1
143,39,92,#8FEBB2
144,39,92,#8FEBB4
145,39,92,#8FEBB5
146,39,92,#8FEBB7
147,39,92,#8FEBB8
148,39,92,#8FEBBA
149,39,92,#8FEBBB
150,39,92,#8FEBBD
151,39,92,#8FEBBE
152,39,92,#8FEBC0
153,39,92,#8FEBC1
154,39,92,#8FEBC3
155,39,92,#8FEBC4
156,39,92,#8FEBC6
157,39,92,#8FEBC8
158,39,92,#8FEBC9
159,39,92,#8FEBCB
160,39,92,#8FEBCC
161,39,92,#8FEBCE
162,39,92,#8FEBCF
163,39,92,#8FEBD1
164,39,92,#8FEBD2
165,39,92,#8FEBD4
166,39,92,#8FEBD5
167,39,92,#8FEBD7
168,39,92,#8FEBD8
169,39,92,#8FEBDA
170,39,92,#8FEBDB
171,39,92,#8FEBDD
172,39,92,#8FEBDE
173,39,92,#8FEBE0
174,39,92,#8FEBE1
175,39,92,#8FEBE3
176,39,92,#8FEBE5
177,39,92,#8FEBE6
178,39,92,#8FEBE8
179,39,92,#8FEBE9
180,39,92,#8FEBEB
181,39,92,#8FE9EB
182,39,92,#8FE8EB
183,39,92,#8FE6EB
184,39,92,#8FE5EB
185,39,92,#8FE3EB
186,39,92,#8FE1EB
187,39,92,#8FE0EB
188,39,92,#8FDEEB
189,39,92,#8FDDEB
190,39,92,#8FDBEB
191,39,92,#8FDAEB
192,39,92,#8FD8EB
193,39,92,#8FD7EB
194,39,92,#8FD5EB
195,39,92,#8FD4EB
196,39,92,#8FD2EB
197,39,92,#8FD1EB
198,39,92,#8FCFEB
199,39,92,#8FCEEB
200,39,92,#8FCCEB
201,39,92,#8FCBEB
202,39,92,#8FC9EB
203,39,92,#8FC8EB
204,39,92,#8FC6EB
205,39,92,#8FC4EB
206,39,92,#8FC3EB
207,39,92,#8FC1EB
208,39,92,#8FC0EB
209,39,92,#8FBEEB
210,39,92,#8FBDEB
211,39,92,#8FBBEB
212,39,92,#8FBAEB
213,39,92,#8FB8EB
214,39,92,#8FB7EB
215,39,92,#8FB5EB
216,39,92,#8FB4EB
217,39,92,#8FB2EB
218,39,92,#8FB1EB
219,39,92,#8FAFEB
220,39,92,#8FAEEB
221,39,92,#8FACEB
222,39,92,#8FABEB
223,39,92,#8FA9EB
224,39,92,#8FA8EB
225,39,92,#8FA6EB
226,39,92,#8FA4EB
227,39,92,#8FA3EB
228,39,92,#8FA1EB
229,39,92,#8FA0EB
230,39,92,#8F9EEB
231,39,92,#8F9DEB
232,39,92,#8F9BEB
233,39,92,#8F9AEB
234,39,92,#8F98EB
235,39,92,#8F97EB
236,39,92,#8F95EB
237,39,92,#8F94EB
238,39,92,#8F92EB
239,39,92,#8F91EB
240,39,92,#8F8FEB
241,39,92,#918FEB
242,39,92,#928FEB
243,39,92,#948FEB
244,39,92,#958FEB
245,39,92,#978FEB
246,39,92,#988FEB
247,39,92,#9A8FEB
248,39,92,#9B8FEB
249,39,92,#9D8FEB
250,39,92,#9E8FEB
251,39,92,#A08FEB
252,39,92,#A18FEB
253,39,92,#A38FEB
254,39,92,#A48FEB
255,39,92,#A68FEB
256,39,92,#A88FEB
257,39,92,#A98FEB
258,39,92,#AB8FEB
259,39,92,#AC8FEB
260,39,92,#AE8FEB
261,39,92,#AF8FEB
262,39,92,#B18FEB
263,39,92,#B28FEB
264,39,92,#B48FEB
265,39,92,#B58FEB
266,39,92,#B78FEB
267,39,92,#B88FEB
268,39,92,#BA8FEB
269,39,92,#BB8FEB
270,39,92,#BD8FEB
271,39,92,#BE8FEB
272,39,92,#C08FEB
273,39,92,#C18FEB
274,39,92,#C38FEB
275,39,92,#C48FEB
276,39,92,#C68FEB
277,39,92,#C88FEB
278,39,92,#C98FEB
279,39,92,#CB8FEB
280,39,92,#CC8FEB
281,39,92,#CE8FEB
282,39,92,#CF8FEB
283,39,92,#D18FEB
284,39,92,#D28FEB
285,39,92,#D48FEB
286,39,92,#D58FEB
287,39,92,#D78FEB
288,39,92,#D88FEB
289,39,92,#DA8FEB
290,39,92,#DB8FEB
291,39,92,#DD8FEB
292,39,92,#DE8FEB
293,39,92,#E08FEB
294,39,92,#E18FEB
295,39,92,#E38FEB
296,39,92,#E58FEB
297,39,92,#E68FEB
298,39,92,#E88FEB
299,39,92,#E98FEB
300,39,92,#EB8FEB
301,39,92,#EB8FE9
302,39,92,#EB8FE8
303,39,92,#EB8FE6
304,39,92,#EB8FE5
305,39,92,#EB8FE3
306,39,92,#EB8FE1
307,39,92,#EB8FE0
308,39,92,#EB8FDE
309,39,92,#EB8FDD
310,39,92,#EB8FDB
311,39,92,#EB8FDA
312,39,92,#EB8FD8
313,39,92,#EB8FD7
314,39,92,#EB8FD5
315,39,92,#EB8FD4
316,39,92,#EB8FD2
317,39,92,#EB8FD1
318,39,92,#EB8FCF
319,39,92,#EB8FCE
320,39,92,#EB8FCC
321,39,92,#EB8FCB
322,39,92,#EB8FC9
323,39,92,#EB8FC8
324,39,92,#EB8FC6
325,39,92,#EB8FC4
326,39,92,#EB8FC3
327,39,92,#EB8FC1
328,39,92,#EB8FC0
329,39,92,#EB8FBE
330,39,92,#EB8FBD
331,39,92,#EB8FBB
332,39,92,#EB8FBA
333,39,92,#EB8FB8
334,39,92,#EB8FB7
335,39,92,#EB8FB5
336,39,92,#EB8FB4
337,39,92,#EB8FB2
338,39,92,#EB8FB1
339,39,92,#EB8FAF
340,39,92,#EB8FAE
341,39,92,#EB8FAC
342,39,92,#EB8FAB
343,39,92,#EB8FA9
344,39,92,#EB8FA8
345,39,92,#EB8FA6
346,39,92,#EB8FA4
347,39,92,#EB8FA3
348,39,92,#EB8FA1
349,39,92,#EB8FA0
350,39,92,#EB8F9E
351,39,92,#EB8F9D
352,39,92,#EB8F9B
353,39,92,#EB8F9A
354,39,92,#EB8F98
355,39,92,#EB8F97
356,39,92,#EB8F95
357,39,92,#EB8F94
358,39,92,#EB8F92
359,39,92,#EB8F91
0,38,92,#EB9191
1,38,92,#EB9391
2,38,92,#EB9491
3,38,92,#EB9691
4,38,92,#EB9791
5,38,92,#EB9991
6,38,92,#EB9A91
7,38,92,#EB9C91
8,38,92,#EB9D91
9,38,92,#EB9F91
10,38,92,#EBA091
11,38,92,#EBA291
12,38,92,#EBA391
13,38,92,#EBA591
14,38,92,#EBA691
15,38,92,#EBA891
16,38,92,#EBA991
17,38,92,#EBAB91
18,38,92,#EBAC91
19,38,92,#EBAE91
20,38,92,#EBAF91
21,38,92,#EBB191
22,38,92,#EBB291
23,38,92,#EBB491
24,38,92,#EBB591
25,38,92,#EBB791
26,38,92,#EBB891
27,38,92,#EBBA91
28,38,92,#EBBB91
29,38,92,#EBBD91
30,38,92,#EBBE91
31,38,92,#EBC091
32,38,92,#EBC191
33,38,92,#EBC291
34,38,92,#EBC491
35,38,92,#EBC591
36,38,92,#EBC791
37,38,92,#EBC891
38,38,92,#EBCA91
39,38,92,#EBCB91
40,38,92,#EBCD91
41,38,92,#EBCE91
42,38,92,#EBD091
43,38,92,#EBD191
44,38,92,#EBD391
45,38,92,#EBD491
46,38,92,#EBD691
47,38,92,#EBD791
48,38,92,#EBD991
49,38,92,#EBDA91
50,38,92,#EBDC91
51,38,92,#EBDD91
52,38,92,#EBDF91
53,38,92,#EBE091
54,38,92,#EBE291
55,38,92,#EBE391
56,38,92,#EBE591
57,38,92,#EBE691
58,38,92,#EBE891
59,38,92,#EBE991
60,38,92,#EBEB91
61,38,92,#E9EB91
62,38,92,#E8EB91
63,38,92,#E6EB91
64,38,92,#E5EB91
65,38,92,#E3EB91
66,38,92,#E2EB91
67,38,92,#E0EB91
68,38,92,#DFEB91
69,38,92,#DDEB91
70,38,92,#DCEB91
71,38,92,#DAEB91
72,38,92,#D9EB91
73,38,92,#D7EB91
74,38,92,#D6EB91
75,38,92,#D4EB91
76,38,92,#D3EB91
77,38,92,#D1EB91
78,38,92,#D0EB91
79,38,92,#CEEB91
80,38,92,#CDEB91
81,38,92,#CBEB91
82,38,92,#CAEB91
83,38,92,#C8EB91
84,38,92,#C7EB91
85,38,92,#C5EB91
86,38,92,#C4EB91
87,38,92,#C2EB91
88,38,92,#C1EB91
89,38,92,#C0EB91
90,38,92,#BEEB91
91,38,92,#BDEB91
92,38,92,#BBEB91
93,38,92,#BAEB91
94,38,92,#B8EB91
95,38,92,#B7EB91
96,38,92,#B5EB91
97,38,92,#B4EB91
98,38,92,#B2EB91
99,38,92,#B1EB91
100,38,92,#AFEB91
101,38,92,#AEEB91
102,38,92,#ACEB91
103,38,92,#ABEB91
104,38,92,#A9EB91
105,38,92,#A8EB91
106,38,92,#A6EB91
107,38,92,#A5EB91
108,38,92,#A3EB91
109,38,92,#A2EB91
110,38,92,#A0EB91
111,38,92,#9FEB91
112,38,92,#9DEB91
113,38,92,#9CEB91
114,38,92,#9AEB91
115,38,92,#99EB91
116,38,92,#97EB91
117,38,92,#96EB91
118,38,92,#94EB91
119,38,92,#93EB91
120,38,92,#91EB91
121,38,92,#91EB93
122,38,92,#91EB94
123,38,92,#91EB96
124,38,92,#91EB97
125,38,92,#91EB99
126,38,92,#91EB9A
127,38,92,#91EB9C
128,38,92,#91EB9D
129,38,92,#91EB9F
130,38,92,#91EBA0
131,38,92,#91EBA2
132,38,92,#91EBA3
133,38,92,#91EBA5
134,38,92,#91EBA6
135,38,92,#91EBA8
136,38,92,#91EBA9
137,38,92,#91EBAB
138,38,92,#91EBAC
139,38,92,#91EBAE
140,38,92,#91EBAF
141,38,92,#91EBB1
142,38,92,#91EBB2
143,38,92,#91EBB4
144,38,92,#91EBB5
145,38,92,#91EBB7
146,38,92,#91EBB8
147,38,92,#91EBBA
148,38,92,#91EBBB
149,38,92,#91EBBD
150,38,92,#91EBBE
151,38,92,#91EBC0
152,38,92,#91EBC1
153,38,92,#91EBC2
154,38,92,#91EBC4
155,38,92,#91EBC5
156,38,92,#91EBC7
157,38,92,#91EBC8
158,38,92,#91EBCA
159,38,92,#91EBCB
160,38,92,#91EBCD
161,38,92,#91EBCE
162,38,92,#91EBD0
163,38,92,#91EBD1
164,38,92,#91EBD3
165,38,92,#91EBD4
166,38,92,#91EBD6
167,38,92,#91EBD7
168,38,92,#91EBD9
169,38,92,#91EBDA
170,38,92,#91EBDC
171,38,92,#91EBDD
172,38,92,#91EBDF
173,38,92,#91EBE0
174,38,92,#91EBE2
175,38,92,#91EBE3
176,38,92,#91EBE5
177,38,92,#91EBE6
178,38,92,#91EBE8
179,38,92,#91EBE9
180,38,92,#91EBEB
181,38,92,#91E9EB
182,38,92,#91E8EB
183,38,92,#91E6EB
184,38,92,#91E5EB
185,38,92,#91E3EB
186,38,92,#91E2EB
187,38,92,#91E0EB
188,38,92,#91DFEB
189,38,92,#91DDEB
190,38,92,#91DCEB
191,38,92,#91DAEB
192,38,92,#91D9EB
193,38,92,#91D7EB
194,38,92,#91D6EB
195,38,92,#91D4EB
196,38,92,#91D3EB
197,38,92,#91D1EB
198,38,92,#91D0EB
199,38,92,#91CEEB
200,38,92,#91CDEB
201,38,92,#91CBEB
202,38,92,#91CAEB
203,38,92,#91C8EB
204,38,92,#91C7EB
205,38,92,#91C5EB
206,38,92,#91C4EB
207,38,92,#91C2EB
208,38,92,#91C1EB
209,38,92,#91C0EB
210,38,92,#91BEEB
211,38,92,#91BDEB
212,38,92,#91BBEB
213,38,92,#91BAEB
214,38,92,#91B8EB
215,38,92,#91B7EB
216,38,92,#91B5EB
217,38,92,#91B4EB
218,38,92,#91B2EB
219,38,92,#91B1EB
220,38,92,#91AFEB
221,38,92,#91AEEB
222,38,92,#91ACEB
223,38,92,#91ABEB
224,38,92,#91A9EB
225,38,92,#91A8EB
226,38,92,#91A6EB
227,38,92,#91A5EB
228,38,92,#91A3EB
229,38,92,#91A2EB
230,38,92,#91A0EB
231,38,92,#919FEB
232,38,92,#919DEB
233,38,92,#919CEB
234,38,92,#919AEB
235,38,92,#9199EB
236,38,92,#9197EB
237,38,92,#9196EB
238,38,92,#9194EB
239,38,92,#9193EB
240,38,92,#9191EB
241,38,92,#9391EB
242,38,92,#9491EB
243,38,92,#9691EB
244,38,92,#9791EB
245,38,92,#9991EB
246,38,92,#9A91EB
247,38,92,#9C91EB
248,38,92,#9D91EB
249,38,92,#9F91EB
250,38,92,#A091EB
251,38,92,#A291EB
252,38,92,#A391EB
253,38,92,#A591EB
254,38,92,#A691EB
255,38,92,#A891EB
256,38,92,#A991EB
257,38,92,#AB91EB
258,38,92,#AC91EB
259,38,92,#AE91EB
260,38,92,#AF91EB
261,38,92,#B191EB
262,38,92,#B291EB
263,38,92,#B491EB
264,38,92,#B591EB
265,38,92,#B791EB
266,38,92,#B891EB
267,38,92,#BA91EB
268,38,92,#BB91EB
269,38,92,#BD91EB
270,38,92,#BE91EB
271,38,92,#C091EB
272,38,92,#C191EB
273,38,92,#C291EB
274,38,92,#C491EB
275,38,92,#C591EB
276,38,92,#C791EB
277,38,92,#C891EB
278,38,92,#CA91EB
279,38,92,#CB91EB
280,38,92,#CD91EB
281,38,92,#CE91EB
282,38,92,#D091EB
283,38,92,#D191EB
284,38,92,#D391EB
285,38,92,#D491EB
286,38,92,#D691EB
287,38,92,#D791EB
288,38,92,#D991EB
289,38,92,#DA91EB
290,38,92,#DC91EB
291,38,92,#DD91EB
292,38,92,#DF91EB
293,38,92,#E091EB
294,38,92,#E291EB
295,38,92,#E391EB
296,38,92,#E591EB
297,38,92,#E691EB
298,38,92,#E891EB
299,38,92,#E991EB
300,38,92,#EB91EB
301,38,92,#EB91E9
302,38,92,#EB91E8
303,38,92,#EB91E6
304,38,92,#EB91E5
305,38,92,#EB91E3
306,38,92,#EB91E2
307,38,92,#EB91E0
308,38,92,#EB91DF
309,38,92,#EB91DD
310,38,92,#EB91DC
311,38,92,#EB91DA
312,38,92,#EB91D9
313,38,92,#EB91D7
314,38,92,#EB91D6
315,38,92,#EB91D4
316,38,92,#EB91D3
317,38,92,#EB91D1
318,38,92,#EB91D0
319,38,92,#EB91CE
320,38,92,#EB91CD
321,38,92,#EB91CB
322,38,92,#EB91CA
323,38,92,#EB91C8
324,38,92,#EB91C7
325,38,92,#EB91C5
326,38,92,#EB91C4
327,38,92,#EB91C2
328,38,92,#EB91C1
329,38,92,#EB91C0
330,38,92,#EB91BE
331,38,92,#EB91BD
332,38,92,#EB91BB
333,38,92,#EB91BA
334,38,92,#EB91B8
335,38,92,#EB91B7
336,38,92,#EB91B5
337,38,92,#EB91B4
338,38,92,#EB91B2
339,38,92,#EB91B1
340,38,92,#EB91AF
341,38,92,#EB91AE
342,38,92,#EB91AC
343,38,92,#EB91AB
344,38,92,#EB91A9
345,38,92,#EB91A8
346,38,92,#EB91A6
347,38,92,#EB91A5
348,38,92,#EB91A3
349,38,92,#EB91A2
350,38,92,#EB91A0
351,38,92,#EB919F
352,38,92,#EB919D
353,38,92,#EB919C
354,38,92,#EB919A
355,38,92,#EB9199
356,38,92,#EB9197
357,38,92,#EB9196
358,38,92,#EB9194
359,38,92,#EB9193
0,37,92,#EB9494
1,37,92,#EB9594
2,37,92,#EB9794
3,37,92,#EB9894
4,37,92,#EB9A94
5,37,92,#EB9B94
6,37,92,#EB9C94
7,37,92,#EB9E94
8,37,92,#EB9F94
9,37,92,#EBA194
10,37,92,#EBA294
11,37,92,#EBA494
12,37,92,#EBA594
13,37,92,#EBA794
14,37,92,#EBA894
15,37,92,#EBA994
16,37,92,#EBAB94
17,37,92,#EBAC94
18,37,92,#EBAE94
19,37,92,#EBAF94
20,37,92,#EBB194
21,37,92,#EBB294
22,37,92,#EBB494
23,37,92,#EBB594
24,37,92,#EBB794
25,37,92,#EBB894
26,37,92,#EBB994
27,37,92,#EBBB94
28,37,92,#EBBC94
29,37,92,#EBBE94
30,37,92,#EBBF94
31,37,92,#EBC194
32,37,92,#EBC294
33,37,92,#EBC494
34,37,92,#EBC594
35,37,92,#EBC694
36,37,92,#EBC894
37,37,92,#EBC994
38,37,92,#EBCB94
39,37,92,#EBCC94
40,37,92,#EBCE94
41,37,92,#EBCF94
42,37,92,#EBD194
43,37,92,#EBD294
44,37,92,#EBD394
45,37,92,#EBD594
46,37,92,#EBD694
47,37,92,#EBD894
48,37,92,#EBD994
49,37,92,#EBDB94
50,37,92,#EBDC94
51,37,92,#EBDE94
52,37,92,#EBDF94
53,37,92,#EBE094
54,37,92,#EBE294
55,37,92,#EBE394
56,37,92,#EBE594
57,37,92,#EBE694
58,37,92,#EBE894
59,37,92,#EBE994
60,37,92,#EBEB94
61,37,92,#E9EB94
62,37,92,#E8EB94
63,37,92,#E6EB94
64,37,92,#E5EB94
65,37,92,#E3EB94
66,37,92,#E2EB94
67,37,92,#E0EB94
68,37,92,#DFEB94
69,37,92,#DEEB94
70,37,92,#DCEB94
71,37,92,#DBEB94
72,37,92,#D9EB94
73,37,92,#D8EB94
74,37,92,#D6EB94
75,37,92,#D5EB94
76,37,92,#D3EB94
77,37,92,#D2EB94
78,37,92,#D1EB94
79,37,92,#CFEB94
80,37,92,#CEEB94
81,37,92,#CCEB94
82,37,92,#CBEB94
83,37,92,#C9EB94
84,37,92,#C8EB94
85,37,92,#C6EB94
86,37,92,#C5EB94
87,37,92,#C4EB94
88,37,92,#C2EB94
89,37,92,#C1EB94
90,37,92,#BFEB94
91,37,92,#BEEB94
92,37,92,#BCEB94
93,37,92,#BBEB94
94,37,92,#B9EB94
95,37,92,#B8EB94
96,37,92,#B7EB94
97,37,92,#B5EB94
98,37,92,#B4EB94
99,37,92,#B2EB94
100,37,92,#B1EB94
101,37,92,#AFEB94
102,37,92,#AEEB94
103,37,92,#ACEB94
104,37,92,#ABEB94
105,37,92,#A9EB94
106,37,92,#A8EB94
107,37,92,#A7EB94
108,37,92,#A5EB94
109,37,92,#A4EB94
110,37,92,#A2EB94
111,37,92,#A1EB94
112,37,92,#9FEB94
113,37,92,#9EEB94
114,37,92,#9CEB94
115,37,92,#9BEB94
116,37,92,#9AEB94
117,37,92,#98EB94
118,37,92,#97EB94
119,37,92,#95EB94
120,37,92,#94EB94
121,37,92,#94EB95
122,37,92,#94EB97
123,37,92,#94EB98
124,37,92,#94EB9A
125,37,92,#94EB9B
126,37,92,#94EB9C
127,37,92,#94EB9E
128,37,92,#94EB9F
129,37,92,#94EBA1
130,37,92,#94EBA2
131,37,92,#94EBA4
132,37,92,#94EBA5
133,37,92,#94EBA7
134,37,92,#94EBA8
135,37,92,#94EBA9
136,37,92,#94EBAB
137,37,92,#94EBAC
138,37,92,#94EBAE
139,37,92,#94EBAF
140,37,92,#94EBB1
141,37,92,#94EBB2
142,37,92,#94EBB4
143,37,92,#94EBB5
144,37,92,#94EBB7
145,37,92,#94EBB8
146,37,92,#94EBB9
147,37,92,#94EBBB
148,37,92,#94EBBC
149,37,92,#94EBBE
150,37,92,#94EBBF
151,37,92,#94EBC1
152,37,92,#94EBC2
153,37,92,#94EBC4
154,37,92,#94EBC5
155,37,92,#94EBC6
156,37,92,#94EBC8
157,37,92,#94EBC9
158,37,92,#94EBCB
159,37,92,#94EBCC
160,37,92,#94EBCE
161,37,92,#94EBCF
162,37,92,#94EBD1
163,37,92,#94EBD2
164,37,92,#94EBD3
165,37,92,#94EBD5
166,37,92,#94EBD6
167,37,92,#94EBD8
168,37,92,#94EBD9
169,37,92,#94EBDB
170,37,92,#94EBDC
171,37,92,#94EBDE
172,37,92,#94EBDF
173,37,92,#94EBE0
174,37,92,#94EBE2
175,37,92,#94EBE3
176,37,92,#94EBE5
177,37,92,#94EBE6
178,37,92,#94EBE8
179,37,92,#94EBE9
180,37,92,#94EBEB
181,37,92,#94E9EB
182,37,92,#94E8EB
183,37,92,#94E6EB
184,37,92,#94E5EB
185,37,92,#94E3EB
186,37,92,#94E2EB
187,37,92,#94E0EB
188,37,92,#94DFEB
189,37,92,#94DEEB
190,37,92,#94DCEB
191,37,92,#94DBEB
192,37,92,#94D9EB
193,37,92,#94D8EB
194,37,92,#94D6EB
195,37,92,#94D5EB
196,37,92,#94D3EB
197,37,92,#94D2EB
198,37,92,#94D1EB
199,37,92,#94CFEB
200,37,92,#94CEEB
201,37,92,#94CCEB
202,37,92,#94CBEB
203,37,92,#94C9EB
204,37,92,#94C8EB
205,37,92,#94C6EB
206,37,92,#94C5EB
207,37,92,#94C4EB
208,37,92,#94C2EB
209,37,92,#94C1EB
210,37,92,#94BFEB
211,37,92,#94BEEB
212,37,92,#94BCEB
213,37,92,#94BBEB
214,37,92,#94B9EB
215,37,92,#94B8EB
216,37,92,#94B7EB
217,37,92,#94B5EB
218,37,92,#94B4EB
219,37,92,#94B2EB
220,37,92,#94B1EB
221,37,92,#94AFEB
222,37,92,#94AEEB
223,37,92,#94ACEB
224,37,92,#94ABEB
225,37,92,#94A9EB
226,37,92,#94A8EB
227,37,92,#94A7EB
228,37,92,#94A5EB
229,37,92,#94A4EB
230,37,92,#94A2EB
231,37,92,#94A1EB
232,37,92,#949FEB
233,37,92,#949EEB
234,37,92,#949CEB
235,37,92,#949BEB
236,37,92,#949AEB
237,37,92,#9498EB
238,37,92,#9497EB
239,37,92,#9495EB
240,37,92,#9494EB
241,37,92,#9594EB
242,37,92,#9794EB
243,37,92,#9894EB
244,37,92,#9A94EB
245,37,92,#9B94EB
246,37,92,#9C94EB
247,37,92,#9E94EB
248,37,92,#9F94EB
249,37,92,#A194EB
250,37,92,#A294EB
251,37,92,#A494EB
252,37,92,#A594EB
253,37,92,#A794EB
254,37,92,#A894EB
255,37,92,#A994EB
256,37,92,#AB94EB
257,37,92,#AC94EB
258,37,92,#AE94EB
259,37,92,#AF94EB
260,37,92,#B194EB
261,37,92,#B294EB
262,37,92,#B494EB
263,37,92,#B594EB
264,37,92,#B794EB
265,37,92,#B894EB
266,37,92,#B994EB
267,37,92,#BB94EB
268,37,92,#BC94EB
269,37,92,#BE94EB
270,37,92,#BF94EB
271,37,92,#C194EB
272,37,92,#C294EB
273,37,92,#C494EB
274,37,92,#C594EB
275,37,92,#C694EB
276,37,92,#C894EB
277,37,92,#C994EB
278,37,92,#CB94EB
279,37,92,#CC94EB
280,37,92,#CE94EB
281,37,92,#CF94EB
282,37,92,#D194EB
283,37,92,#D294EB
284,37,92,#D394EB
285,37,92,#D594EB
286,37,92,#D694EB
287,37,92,#D894EB
288,37,92,#D994EB
289,37,92,#DB94EB
290,37,92,#DC94EB
291,37,92,#DE94EB
292,37,92,#DF94EB
293,37,92,#E094EB
294,37,92,#E294EB
295,37,92,#E394EB
296,37,92,#E594EB
297,37,92,#E694EB
298,37,92,#E894EB
299,37,92,#E994EB
300,37,92,#EB94EB
301,37,92,#EB94E9
302,37,92,#EB94E8
303,37,92,#EB94E6
304,37,92,#EB94E5
305,37,92,#EB94E3
306,37,92,#EB94E2
307,37,92,#EB94E0
308,37,92,#EB94DF
309,37,92,#EB94DE
310,37,92,#EB94DC
311,37,92,#EB94DB
312,37,92,#EB94D9
313,37,92,#EB94D8
314,37,92,#EB94D6
315,37,92,#EB94D5
316,37,92,#EB94D3
317,37,92,#EB94D2
318,37,92,#EB94D1
319,37,92,#EB94CF
320,37,92,#EB94CE
321,37,92,#EB94CC
322,37,92,#EB94CB
323,37,92,#EB94C9
324,37,92,#EB94C8
325,37,92,#EB94C6
326,37,92,#EB94C5
327,37,92,#EB94C4
328,37,92,#EB94C2
329,37,92,#EB94C1
330,37,92,#EB94BF
331,37,92,#EB94BE
332,37,92,#EB94BC
333,37,92,#EB94BB
334,37,92,#EB94B9
335,37,92,#EB94B8
336,37,92,#EB94B7
337,37,92,#EB94B5
338,37,92,#EB94B4
339,37,92,#EB94B2
340,37,92,#EB94B1
341,37,92,#EB94AF
342,37,92,#EB94AE
343,37,92,#EB94AC
344,37,92,#EB94AB
345,37,92,#EB94A9
346,37,92,#EB94A8
347,37,92,#EB94A7
348,37,92,#EB94A5
349,37,92,#EB94A4
350,37,92,#EB94A2
351,37,92,#EB94A1
352,37,92,#EB949F
353,37,92,#EB949E
354,37,92,#EB949C
355,37,92,#EB949B
356,37,92,#EB949A
357,37,92,#EB9498
358,37,92,#EB9497
359,37,92,#EB9495
0,36,92,#EB9696
1,36,92,#EB9896
2,36,92,#EB9996
3,36,92,#EB9A96
4,36,92,#EB9C96
5,36,92,#EB9D96
6,36,92,#EB9F96
7,36,92,#EBA096
8,36,92,#EBA196
9,36,92,#EBA396
10,36,92,#EBA496
11,36,92,#EBA696
12,36,92,#EBA796
13,36,92,#EBA896
14,36,92,#EBAA96
15,36,92,#EBAB96
16,36,92,#EBAD96
17,36,92,#EBAE96
18,36,92,#EBAF96
19,36,92,#EBB196
20,36,92,#EBB296
21,36,92,#EBB496
22,36,92,#EBB596
23,36,92,#EBB796
24,36,92,#EBB896
25,36,92,#EBB996
26,36,92,#EBBB96
27,36,92,#EBBC96
28,36,92,#EBBE96
29,36,92,#EBBF96
30,36,92,#EBC096
31,36,92,#EBC296
32,36,92,#EBC396
33,36,92,#EBC596
34,36,92,#EBC696
35,36,92,#EBC796
36,36,92,#EBC996
37,36,92,#EBCA96
38,36,92,#EBCC96
39,36,92,#EBCD96
40,36,92,#EBCE96
41,36,92,#EBD096
42,36,92,#EBD196
43,36,92,#EBD396
44,36,92,#EBD496
45,36,92,#EBD596
46,36,92,#EBD796
47,36,92,#EBD896
48,36,92,#EBDA96
49,36,92,#EBDB96
50,36,92,#EBDD96
51,36,92,#EBDE96
52,36,92,#EBDF96
53,36,92,#EBE196
54,36,92,#EBE296
55,36,92,#EBE496
56,36,92,#EBE596
57,36,92,#EBE696
58,36,92,#EBE896
59,36,92,#EBE996
60,36,92,#EBEB96
61,36,92,#E9EB96
62,36,92,#E8EB96
63,36,92,#E6EB96
64,36,92,#E5EB96
65,36,92,#E4EB96
66,36,92,#E2EB96
67,36,92,#E1EB96
68,36,92,#DFEB96
69,36,92,#DEEB96
70,36,92,#DDEB96
71,36,92,#DBEB96
72,36,92,#DAEB96
73,36,92,#D8EB96
74,36,92,#D7EB96
75,36,92,#D5EB96
76,36,92,#D4EB96
77,36,92,#D3EB96
78,36,92,#D1EB96
79,36,92,#D0EB96
80,36,92,#CEEB96
81,36,92,#CDEB96
82,36,92,#CCEB96
83,36,92,#CAEB96
84,36,92,#C9EB96
85,36,92,#C7EB96
86,36,92,#C6EB96
87,36,92,#C5EB96
88,36,92,#C3EB96
89,36,92,#C2EB96
90,36,92,#C0EB96
91,36,92,#BFEB96
92,36,92,#BEEB96
93,36,92,#BCEB96
94,36,92,#BBEB96
95,36,92,#B9EB96
96,36,92,#B8EB96
97,36,92,#B7EB96
98,36,92,#B5EB96
99,36,92,#B4EB96
100,36,92,#B2EB96
101,36,92,#B1EB96
102,36,92,#AFEB96
103,36,92,#AEEB96
104,36,92,#ADEB96
105,36,92,#ABEB96
106,36,92,#AAEB96
107,36,92,#A8EB96
108,36,92,#A7EB96
109,36,92,#A6EB96
110,36,92,#A4EB96
111,36,92,#A3EB96
112,36,92,#A1EB96
113,36,92,#A0EB96
114,36,92,#9FEB96
115,36,92,#9DEB96
116,36,92,#9CEB96
117,36,92,#9AEB96
118,36,92,#99EB96
119,36,92,#98EB96
120,36,92,#96EB96
121,36,92,#96EB98
122,36,92,#96EB99
123,36,92,#96EB9A
124,36,92,#96EB9C
125,36,92,#96EB9D
126,36,92,#96EB9F
127,36,92,#96EBA0
128,36,92,#96EBA1
129,36,92,#96EBA3
130,36,92,#96EBA4
131,36,92,#96EBA6
132,36,92,#96EBA7
133,36,92,#96EBA8
134,36,92,#96EBAA
135,36,92,#96EBAB
136,36,92,#96EBAD
137,36,92,#96EBAE
138,36,92,#96EBAF
139,36,92,#96EBB1
140,36,92,#96EBB2
141,36,92,#96EBB4
142,36,92,#96EBB5
143,36,92,#96EBB7
144,36,92,#96EBB8
145,36,92,#96EBB9
146,36,92,#96EBBB
147,36,92,#96EBBC
148,36,92,#96EBBE
149,36,92,#96EBBF
150,36,92,#96EBC0
151,36,92,#96EBC2
152,36,92,#96EBC3
153,36,92,#96EBC5
154,36,92,#96EBC6
155,36,92,#96EBC7
156,36,92,#96EBC9
157,36,92,#96EBCA
158,36,92,#96EBCC
159,36,92,#96EBCD
160,36,92,#96EBCE
161,36,92,#96EBD0
162,36,92,#96EBD1
163,36,92,#96EBD3
164,36,92,#96EBD4
165,36,92,#96EBD5
166,36,92,#96EBD7
167,36,92,#96EBD8
168,36,92,#96EBDA
169,36,92,#96EBDB
170,36,92,#96EBDD
171,36,92,#96EBDE
172,36,92,#96EBDF
173,36,92,#96EBE1
174,36,92,#96EBE2
175,36,92,#96EBE4
176,36,92,#96EBE5
177,36,92,#96EBE6
178,36,92,#96EBE8
179,36,92,#96EBE9
180,36,92,#96EBEB
181,36,92,#96E9EB
182,36,92,#96E8EB
183,36,92,#96E6EB
184,36,92,#96E5EB
185,36,92,#96E4EB
186,36,92,#96E2EB
187,36,92,#96E1EB
188,36,92,#96DFEB
189,36,92,#96DEEB
190,36,92,#96DDEB
191,36,92,#96DBEB
192,36,92,#96DAEB
193,36,92,#96D8EB
194,36,92,#96D7EB
195,36,92,#96D5EB
196,36,92,#96D4EB
197,36,92,#96D3EB
198,36,92,#96D1EB
199,36,92,#96D0EB
200,36,92,#96CEEB
201,36,92,#96CDEB
202,36,92,#96CCEB
203,36,92,#96CAEB
204,36,92,#96C9EB
205,36,92,#96C7EB
206,36,92,#96C6EB
207,36,92,#96C5EB
208,36,92,#96C3EB
209,36,92,#96C2EB
210,36,92,#96C0EB
211,36,92,#96BFEB
212,36,92,#96BEEB
213,36,92,#96BCEB
214,36,92,#96BBEB
215,36,92,#96B9EB
216,36,92,#96B8EB
217,36,92,#96B7EB
218,36,92,#96B5EB
219,36,92,#96B4EB
220,36,92,#96B2EB
221,36,92,#96B1EB
222,36,92,#96AFEB
223,36,92,#96AEEB
224,36,92,#96ADEB
225,36,92,#96ABEB
226,36,92,#96AAEB
227,36,92,#96A8EB
228,36,92,#96A7EB
229,36,92,#96A6EB
230,36,92,#96A4EB
231,36,92,#96A3EB
232,36,92,#96A1EB
233,36,92,#96A0EB
234,36,92,#969FEB
235,36,92,#969DEB
236,36,92,#969CEB
237,36,92,#969AEB
238,36,92,#9699EB
239,36,92,#9698EB
240,36,92,#9696EB
241,36,92,#9896EB
242,36,92,#9996EB
243,36,92,#9A96EB
244,36,92,#9C96EB
245,36,92,#9D96EB
246,36,92,#9F96EB
247,36,92,#A096EB
248,36,92,#A196EB
249,36,92,#A396EB
250,36,92,#A496EB
251,36,92,#A696EB
252,36,92,#A796EB
253,36,92,#A896EB
254,36,92,#AA96EB
255,36,92,#AB96EB
256,36,92,#AD96EB
257,36,92,#AE96EB
258,36,92,#AF96EB
259,36,92,#B196EB
260,36,92,#B296EB
261,36,92,#B496EB
262,36,92,#B596EB
263,36,92,#B796EB
264,36,92,#B896EB
265,36,92,#B996EB
266,36,92,#BB96EB
267,36,92,#BC96EB
268,36,92,#BE96EB
269,36,92,#BF96EB
270,36,92,#C096EB
271,36,92,#C296EB
272,36,92,#C396EB
273,36,92,#C596EB
274,36,92,#C696EB
275,36,92,#C796EB
276,36,92,#C996EB
277,36,92,#CA96EB
278,36,92,#CC96EB
279,36,92,#CD96EB
280,36,92,#CE96EB
281,36,92,#D096EB
282,36,92,#D196EB
283,36,92,#D396EB
284,36,92,#D496EB
285,36,92,#D596EB
286,36,92,#D796EB
287,36,92,#D896EB
288,36,92,#DA96EB
289,36,92,#DB96EB
290,36,92,#DD96EB
291,36,92,#DE96EB
292,36,92,#DF96EB
293,36,92,#E196EB
294,36,92,#E296EB
295,36,92,#E496EB
296,36,92,#E596EB
297,36,92,#E696EB
298,36,92,#E896EB
299,36,92,#E996EB
300,36,92,#EB96EB
301,36,92,#EB96E9
302,36,92,#EB96E8
303,36,92,#EB96E6
304,36,92,#EB96E5
305,36,92,#EB96E4
306,36,92,#EB96E2
307,36,92,#EB96E1
308,36,92,#EB96DF
309,36,92,#EB96DE
310,36,92,#EB96DD
311,36,92,#EB96DB
312,36,92,#EB96DA
313,36,92,#EB96D8
314,36,92,#EB96D7
315,36,92,#EB96D5
316,36,92,#EB96D4
317,36,92,#EB96D3
318,36,92,#EB96D1
319,36,92,#EB96D0
320,36,92,#EB96CE
321,36,92,#EB96CD
322,36,92,#EB96CC
323,36,92,#EB96CA
324,36,92,#EB96C9
325,36,92,#EB96C7
326,36,92,#EB96C6
327,36,92,#EB96C5
328,36,92,#EB96C3
329,36,92,#EB96C2
330,36,92,#EB96C0
331,36,92,#EB96BF
332,36,92,#EB96BE
333,36,92,#EB96BC
334,36,92,#EB96BB
335,36,92,#EB96B9
336,36,92,#EB96B8
337,36,92,#EB96B7
338,36,92,#EB96B5
339,36,92,#EB96B4
340,36,92,#EB96B2
341,36,92,#EB96B1
342,36,92,#EB96AF
343,36,92,#EB96AE
344,36,92,#EB96AD
345,36,92,#EB96AB
346,36,92,#EB96AA
347,36,92,#EB96A8
348,36,92,#EB96A7
349,36,92,#EB96A6
350,36,92,#EB96A4
351,36,92,#EB96A3
352,36,92,#EB96A1
353,36,92,#EB96A0
354,36,92,#EB969F
355,36,92,#EB969D
356,36,92,#EB969C
357,36,92,#EB969A
358,36,92,#EB9699
359,36,92,#EB9698
0,35,92,#EB9898
1,35,92,#EB9A98
2,35,92,#EB9B98
3,35,92,#EB9D98
4,35,92,#EB9E98
5,35,92,#EB9F98
6,35,92,#EBA198
7,35,92,#EBA298
8,35,92,#EBA398
9,35,92,#EBA598
10,35,92,#EBA698
11,35,92,#EBA898
12,35,92,#EBA998
13,35,92,#EBAA98
14,35,92,#EBAC98
15,35,92,#EBAD98
16,35,92,#EBAE98
17,35,92,#EBB098
18,35,92,#EBB198
19,35,92,#EBB298
20,35,92,#EBB498
21,35,92,#EBB598
22,35,92,#EBB798
23,35,92,#EBB898
24,35,92,#EBB998
25,35,92,#EBBB98
26,35,92,#EBBC98
27,35,92,#EBBD98
28,35,92,#EBBF98
29,35,92,#EBC098
30,35,92,#EBC298
31,35,92,#EBC398
32,35,92,#EBC498
33,35,92,#EBC698
34,35,92,#EBC798
35,35,92,#EBC898
36,35,92,#EBCA98
37,35,92,#EBCB98
38,35,92,#EBCC98
39,35,92,#EBCE98
40,35,92,#EBCF98
41,35,92,#EBD198
42,35,92,#EBD298
43,35,92,#EBD398
44,35,92,#EBD598
45,35,92,#EBD698
46,35,92,#EBD798
47,35,92,#EBD998
48,35,92,#EBDA98
49,35,92,#EBDC98
50,35,92,#EBDD98
51,35,92,#EBDE98
52,35,92,#EBE098
53,35,92,#EBE198
54,35,92,#EBE298
55,35,92,#EBE498
56,35,92,#EBE598
57,35,92,#EBE698
58,35,92,#EBE898
59,35,92,#EBE998
60,35,92,#EBEB98
61,35,92,#E9EB98
62,35,92,#E8EB98
63,35,92,#E6EB98
64,35,92,#E5EB98
65,35,92,#E4EB98
66,35,92,#E2EB98
67,35,92,#E1EB98
68,35,92,#E0EB98
69,35,92,#DEEB98
70,35,92,#DDEB98
71,35,92,#DCEB98
72,35,92,#DAEB98
73,35,92,#D9EB98
74,35,92,#D7EB98
75,35,92,#D6EB98
76,35,92,#D5EB98
77,35,92,#D3EB98
78,35,92,#D2EB98
79,35,92,#D1EB98
80,35,92,#CFEB98
81,35,92,#CEEB98
82,35,92,#CCEB98
83,35,92,#CBEB98
84,35,92,#CAEB98
85,35,92,#C8EB98
86,35,92,#C7EB98
87,35,92,#C6EB98
88,35,92,#C4EB98
89,35,92,#C3EB98
90,35,92,#C2EB98
91,35,92,#C0EB98
92,35,92,#BFEB98
93,35,92,#BDEB98
94,35,92,#BCEB98
95,35,92,#BBEB98
96,35,92,#B9EB98
97,35,92,#B8EB98
98,35,92,#B7EB98
99,35,92,#B5EB98
100,35,92,#B4EB98
101,35,92,#B2EB98
102,35,92,#B1EB98
103,35,92,#B0EB98
104,35,92,#AEEB98
105,35,92,#ADEB98
106,35,92,#ACEB98
107,35,92,#AAEB98
108,35,92,#A9EB98
109,35,92,#A8EB98
110,35,92,#A6EB98
111,35,92,#A5EB98
112,35,92,#A3EB98
113,35,92,#A2EB98
114,35,92,#A1EB98
115,35,92,#9FEB98
116,35,92,#9EEB98
117,35,92,#9DEB98
118,35,92,#9BEB98
119,35,92,#9AEB98
120,35,92,#98EB98
121,35,92,#98EB9A
122,35,92,#98EB9B
123,35,92,#98EB9D
124,35,92,#98EB9E
125,35,92,#98EB9F
126,35,92,#98EBA1
127,35,92,#98EBA2
128,35,92,#98EBA3
129,35,92,#98EBA5
130,35,92,#98EBA6
131,35,92,#98EBA8
132,35,92,#98EBA9
133,35,92,#98EBAA
134,35,92,#98EBAC
135,35,92,#98EBAD
136,35,92,#98EBAE
137,35,92,#98EBB0
138,35,92,#98EBB1
139,35,92,#98EBB2
140,35,92,#98EBB4
141,35,92,#98EBB5
142,35,92,#98EBB7
143,35,92,#98EBB8
144,35,92,#98EBB9
145,35,92,#98EBBB
146,35,92,#98EBBC
147,35,92,#98EBBD
148,35,92,#98EBBF
149,35,92,#98EBC0
150,35,92,#98EBC2
151,35,92,#98EBC3
152,35,92,#98EBC4
153,35,92,#98EBC6
154,35,92,#98EBC7
155,35,92,#98EBC8
156,35,92,#98EBCA
157,35,92,#98EBCB
158,35,92,#98EBCC
159,35,92,#98EBCE
160,35,92,#98EBCF
161,35,92,#98EBD1
162,35,92,#98EBD2
163,35,92,#98EBD3
164,35,92,#98EBD5
165,35,92,#98EBD6
166,35,92,#98EBD7
167,35,92,#98EBD9
168,35,92,#98EBDA
169,35,92,#98EBDC
170,35,92,#98EBDD
171,35,92,#98EBDE
172,35,92,#98EBE0
173,35,92,#98EBE1
174,35,92,#98EBE2
175,35,92,#98EBE4
176,35,92,#98EBE5
177,35,92,#98EBE6
178,35,92,#98EBE8
179,35,92,#98EBE9
180,35,92,#98EBEB
181,35,92,#98E9EB
182,35,92,#98E8EB
183,35,92,#98E6EB
184,35,92,#98E5EB
185,35,92,#98E4EB
186,35,92,#98E2EB
187,35,92,#98E1EB
188,35,92,#98E0EB
189,35,92,#98DEEB
190,35,92,#98DDEB
191,35,92,#98DCEB
192,35,92,#98DAEB
193,35,92,#98D9EB
194,35,92,#98D7EB
195,35,92,#98D6EB
196,35,92,#98D5EB
197,35,92,#98D3EB
198,35,92,#98D2EB
199,35,92,#98D1EB
200,35,92,#98CFEB
201,35,92,#98CEEB
202,35,92,#98CCEB
203,35,92,#98CBEB
204,35,92,#98CAEB
205,35,92,#98C8EB
206,35,92,#98C7EB
207,35,92,#98C6EB
208,35,92,#98C4EB
209,35,92,#98C3EB
210,35,92,#98C2EB
211,35,92,#98C0EB
212,35,92,#98BFEB
213,35,92,#98BDEB
214,35,92,#98BCEB
215,35,92,#98BBEB
216,35,92,#98B9EB
217,35,92,#98B8EB
218,35,92,#98B7EB
219,35,92,#98B5EB
220,35,92,#98B4EB
221,35,92,#98B2EB
222,35,92,#98B1EB
223,35,92,#98B0EB
224,35,92,#98AEEB
225,35,92,#98ADEB
226,35,92,#98ACEB
227,35,92,#98AAEB
228,35,92,#98A9EB
229,35,92,#98A8EB
230,35,92,#98A6EB
231,35,92,#98A5EB
232,35,92,#98A3EB
233,35,92,#98A2EB
234,35,92,#98A1EB
235,35,92,#989FEB
236,35,92,#989EEB
237,35,92,#989DEB
238,35,92,#989BEB
239,35,92,#989AEB
240,35,92,#9898EB
241,35,92,#9A98EB
242,35,92,#9B98EB
243,35,92,#9D98EB
244,35,92,#9E98EB
245,35,92,#9F98EB
246,35,92,#A198EB
247,35,92,#A298EB
248,35,92,#A398EB
249,35,92,#A598EB
250,35,92,#A698EB
251,35,92,#A898EB
252,35,92,#A998EB
253,35,92,#AA98EB
254,35,92,#AC98EB
255,35,92,#AD98EB
256,35,92,#AE98EB
257,35,92,#B098EB
258,35,92,#B198EB
259,35,92,#B298EB
260,35,92,#B498EB
261,35,92,#B598EB
262,35,92,#B798EB
263,35,92,#B898EB
264,35,92,#B998EB
265,35,92,#BB98EB
266,35,92,#BC98EB
267,35,92,#BD98EB
268,35,92,#BF98EB
269,35,92,#C098EB
270,35,92,#C298EB
271,35,92,#C398EB
272,35,92,#C498EB
273,35,92,#C698EB
274,35,92,#C798EB
275,35,92,#C898EB
276,35,92,#CA98EB
277,35,92,#CB98EB
278,35,92,#CC98EB
279,35,92,#CE98EB
280,35,92,#CF98EB
281,35,92,#D198EB
282,35,92,#D298EB
283,35,92,#D398EB
284,35,92,#D598EB
285,35,92,#D698EB
286,35,92,#D798EB
287,35,92,#D998EB
288,35,92,#DA98EB
289,35,92,#DC98EB
290,35,92,#DD98EB
291,35,92,#DE98EB
292,35,92,#E098EB
293,35,92,#E198EB
294,35,92,#E298EB
295,35,92,#E498EB
296,35,92,#E598EB
297,35,92,#E698EB
298,35,92,#E898EB
299,35,92,#E998EB
300,35,92,#EB98EB
301,35,92,#EB98E9
302,35,92,#EB98E8
303,35,92,#EB98E6
304,35,92,#EB98E5
305,35,92,#EB98E4
306,35,92,#EB98E2
307,35,92,#EB98E1
308,35,92,#EB98E0
309,35,92,#EB98DE
310,35,92,#EB98DD
311,35,92,#EB98DC
312,35,92,#EB98DA
313,35,92,#EB98D9
314,35,92,#EB98D7
315,35,92,#EB98D6
316,35,92,#EB98D5
317,35,92,#EB98D3
318,35,92,#EB98D2
319,35,92,#EB98D1
320,35,92,#EB98CF
321,35,92,#EB98CE
322,35,92,#EB98CC
323,35,92,#EB98CB
324,35,92,#EB98CA
325,35,92,#EB98C8
326,35,92,#EB98C7
327,35,92,#EB98C6
328,35,92,#EB98C4
329,35,92,#EB98C3
330,35,92,#EB98C2
331,35,92,#EB98C0
332,35,92,#EB98BF
333,35,92,#EB98BD
334,35,92,#EB98BC
335,35,92,#EB98BB
336,35,92,#EB98B9
337,35,92,#EB98B8
338,35,92,#EB98B7
339,35,92,#EB98B5
340,35,92,#EB98B4
341,35,92,#EB98B2
342,35,92,#EB98B1
343,35,92,#EB98B0
344,35,92,#EB98AE
345,35,92,#EB98AD
346,35,92,#EB98AC
347,35,92,#EB98AA
348,35,92,#EB98A9
349,35,92,#EB98A8
350,35,92,#EB98A6
351,35,92,#EB98A5
352,35,92,#EB98A3
353,35,92,#EB98A2
354,35,92,#EB98A1
355,35,92,#EB989F
356,35,92,#EB989E
357,35,92,#EB989D
358,35,92,#EB989B
359,35,92,#EB989A
0,34,92,#EB9B9B
1,34,92,#EB9C9B
2,34,92,#EB9D9B
3,34,92,#EB9F9B
4,34,92,#EBA09B
5,34,92,#EBA19B
6,34,92,#EBA39B
7,34,92,#EBA49B
8,34,92,#EBA59B
9,34,92,#EBA79B
10,34,92,#EBA89B
11,34,92,#EBA99B
12,34,92,#EBAB9B
13,34,92,#EBAC9B
14,34,92,#EBAD9B
15,34,92,#EBAF9B
16,34,92,#EBB09B
17,34,92,#EBB19B
18,34,92,#EBB39B
19,34,92,#EBB49B
20,34,92,#EBB59B
21,34,92,#EBB79B
22,34,92,#EBB89B
23,34,92,#EBB99B
24,34,92,#EBBB9B
25,34,92,#EBBC9B
26,34,92,#EBBD9B
27,34,92,#EBBF9B
28,34,92,#EBC09B
29,34,92,#EBC19B
30,34,92,#EBC39B
31,34,92,#EBC49B
32,34,92,#EBC59B
33,34,92,#EBC79B
34,34,92,#EBC89B
35,34,92,#EBC99B
36,34,92,#EBCB9B
37,34,92,#EBCC9B
38,34,92,#EBCD9B
39,34,92,#EBCF9B
40,34,92,#EBD09B
41,34,92,#EBD19B
42,34,92,#EBD39B
43,34,92,#EBD49B
44,34,92,#EBD59B
45,34,92,#EBD79B
46,34,92,#EBD89B
47,34,92,#EBD99B
48,34,92,#EBDB9B
49,34,92,#EBDC9B
50,34,92,#EBDD9B
51,34,92,#EBDF9B
52,34,92,#EBE09B
53,34,92,#EBE19B
54,34,92,#EBE39B
55,34,92,#EBE49B
56,34,92,#EBE59B
57,34,92,#EBE79B
58,34,92,#EBE89B
59,34,92,#EBE99B
60,34,92,#EBEB9B
61,34,92,#E9EB9B
62,34,92,#E8EB9B
63,34,92,#E7EB9B
64,34,92,#E5EB9B
65,34,92,#E4EB9B
66,34,92,#E3EB9B
67,34,92,#E1EB9B
68,34,92,#E0EB9B
69,34,92,#DFEB9B
70,34,92,#DDEB9B
71,34,92,#DCEB9B
72,34,92,#DBEB9B
73,34,92,#D9EB9B
74,34,92,#D8EB9B
75,34,92,#D7EB9B
76,34,92,#D5EB9B
77,34,92,#D4EB9B
78,34,92,#D3EB9B
79,34,92,#D1EB9B
80,34,92,#D0EB9B
81,34,92,#CFEB9B
82,34,92,#CDEB9B
83,34,92,#CCEB9B
84,34,92,#CBEB9B
85,34,92,#C9EB9B
86,34,92,#C8EB9B
87,34,92,#C7EB9B
88,34,92,#C5EB9B
89,34,92,#C4EB9B
90,34,92,#C3EB9B
91,34,92,#C1EB9B
92,34,92,#C0EB9B
93,34,92,#BFEB9B
94,34,92,#BDEB9B
95,34,92,#BCEB9B
96,34,92,#BBEB9B
97,34,92,#B9EB9B
98,34,92,#B8EB9B
99,34,92,#B7EB9B
100,34,92,#B5EB9B
101,34,92,#B4EB9B
102,34,92,#B3EB9B
103,34,92,#B1EB9B
104,34,92,#B0EB9B
105,34,92,#AFEB9B
106,34,92,#ADEB9B
107,34,92,#ACEB9B
108,34,92,#ABEB9B
109,34,92,#A9EB9B
110,34,92,#A8EB9B
111,34,92,#A7EB9B
112,34,92,#A5EB9B
113,34,92,#A4EB9B
114,34,92,#A3EB9B
115,34,92,#A1EB9B
116,34,92,#A0EB9B
117,34,92,#9FEB9B
118,34,92,#9DEB9B
119,34,92,#9CEB9B
120,34,92,#9BEB9B
121,34,92,#9BEB9C
122,34,92,#9BEB9D
123,34,92,#9BEB9F
124,34,92,#9BEBA0
125,34,92,#9BEBA1
126,34,92,#9BEBA3
127,34,92,#9BEBA4
128,34,92,#9BEBA5
129,34,92,#9BEBA7
130,34,92,#9BEBA8
131,34,92,#9BEBA9
132,34,92,#9BEBAB
133,34,92,#9BEBAC
134,34,92,#9BEBAD
135,34,92,#9BEBAF
136,34,92,#9BEBB0
137,34,92,#9BEBB1
138,34,92,#9BEBB3
139,34,92,#9BEBB4
140,34,92,#9BEBB5
141,34,92,#9BEBB7
142,34,92,#9BEBB8
143,34,92,#9BEBB9
144,34,92,#9BEBBB
145,34,92,#9BEBBC
146,34,92,#9BEBBD
147,34,92,#9BEBBF
148,34,92,#9BEBC0
149,34,92,#9BEBC1
150,34,92,#9BEBC3
151,34,92,#9BEBC4
152,34,92,#9BEBC5
153,34,92,#9BEBC7
154,34,92,#9BEBC8
155,34,92,#9BEBC9
156,34,92,#9BEBCB
157,34,92,#9BEBCC
158,34,92,#9BEBCD
159,34,92,#9BEBCF
160,34,92,#9BEBD0
161,34,92,#9BEBD1
162,34,92,#9BEBD3
163,34,92,#9BEBD4
164,34,92,#9BEBD5
165,34,92,#9BEBD7
166,34,92,#9BEBD8
167,34,92,#9BEBD9
168,34,92,#9BEBDB
169,34,92,#9BEBDC
170,34,92,#9BEBDD
171,34,92,#9BEBDF
172,34,92,#9BEBE0
173,34,92,#9BEBE1
174,34,92,#9BEBE3
175,34,92,#9BEBE4
176,34,92,#9BEBE5
177,34,92,#9BEBE7
178,34,92,#9BEBE8
179,34,92,#9BEBE9
180,34,92,#9BEBEB
181,34,92,#9BE9EB
182,34,92,#9BE8EB
183,34,92,#9BE7EB
184,34,92,#9BE5EB
185,34,92,#9BE4EB
186,34,92,#9BE3EB
187,34,92,#9BE1EB
188,34,92,#9BE0EB
189,34,92,#9BDFEB
190,34,92,#9BDDEB
191,34,92,#9BDCEB
192,34,92,#9BDBEB
193,34,92,#9BD9EB
194,34,92,#9BD8EB
195,34,92,#9BD7EB
196,34,92,#9BD5EB
197,34,92,#9BD4EB
198,34,92,#9BD3EB
199,34,92,#9BD1EB
200,34,92,#9BD0EB
201,34,92,#9BCFEB
202,34,92,#9BCDEB
203,34,92,#9BCCEB
204,34,92,#9BCBEB
205,34,92,#9BC9EB
206,34,92,#9BC8EB
207,34,92,#9BC7EB
208,34,92,#9BC5EB
209,34,92,#9BC4EB
210,34,92,#9BC3EB
211,34,92,#9BC1EB
212,34,92,#9BC0EB
213,34,92,#9BBFEB
214,34,92,#9BBDEB
215,34,92,#9BBCEB
216,34,92,#9BBBEB
217,34,92,#9BB9EB
218,34,92,#9BB8EB
219,34,92,#9BB7EB
220,34,92,#9BB5EB
221,34,92,#9BB4EB
222,34,92,#9BB3EB
223,34,92,#9BB1EB
224,34,92,#9BB0EB
225,34,92,#9BAFEB
226,34,92,#9BADEB
227,34,92,#9BACEB
228,34,92,#9BABEB
229,34,92,#9BA9EB
230,34,92,#9BA8EB
231,34,92,#9BA7EB
232,34,92,#9BA5EB
233,34,92,#9BA4EB
234,34,92,#9BA3EB
235,34,92,#9BA1EB
236,34,92,#9BA0EB
237,34,92,#9B9FEB
238,34,92,#9B9DEB
239,34,92,#9B9CEB
240,34,92,#9B9BEB
241,34,92,#9C9BEB
242,34,92,#9D9BEB
243,34,92,#9F9BEB
244,34,92,#A09BEB
245,34,92,#A19BEB
246,34,92,#A39BEB
247,34,92,#A49BEB
248,34,92,#A59BEB
249,34,92,#A79BEB
250,34,92,#A89BEB
251,34,92,#A99BEB
252,34,92,#AB9BEB
253,34,92,#AC9BEB
254,34,92,#AD9BEB
255,34,92,#AF9BEB
256,34,92,#B09BEB
257,34,92,#B19BEB
258,34,92,#B39BEB
259,34,92,#B49BEB
260,34,92,#B59BEB
261,34,92,#B79BEB
262,34,92,#B89BEB
263,34,92,#B99BEB
264,34,92,#BB9BEB
265,34,92,#BC9BEB
266,34,92,#BD9BEB
267,34,92,#BF9BEB
268,34,92,#C09BEB
269,34,92,#C19BEB
270,34,92,#C39BEB
271,34,92,#C49BEB
272,34,92,#C59BEB
273,34,92,#C79BEB
274,34,92,#C89BEB
275,34,92,#C99BEB
276,34,92,#CB9BEB
277,34,92,#CC9BEB
278,34,92,#CD9BEB
279,34,92,#CF9BEB
280,34,92,#D09BEB
281,34,92,#D19BEB
282,34,92,#D39BEB
283,34,92,#D49BEB
284,34,92,#D59BEB
285,34,92,#D79BEB
286,34,92,#D89BEB
287,34,92,#D99BEB
288,34,92,#DB9BEB
289,34,92,#DC9BEB
290,34,92,#DD9BEB
291,34,92,#DF9BEB
292,34,92,#E09BEB
293,34,92,#E19BEB
294,34,92,#E39BEB
295,34,92,#E49BEB
296,34,92,#E59BEB
297,34,92,#E79BEB
298,34,92,#E89BEB
299,34,92,#E99BEB
300,34,92,#EB9BEB
301,34,92,#EB9BE9
302,34,92,#EB9BE8
303,34,92,#EB9BE7
304,34,92,#EB9BE5
305,34,92,#EB9BE4
306,34,92,#EB9BE3
307,34,92,#EB9BE1
308,34,92,#EB9BE0
309,34,92,#EB9BDF
310,34,92,#EB9BDD
311,34,92,#EB9BDC
312,34,92,#EB9BDB
313,34,92,#EB9BD9
314,34,92,#EB9BD8
315,34,92,#EB9BD7
316,34,92,#EB9BD5
317,34,92,#EB9BD4
318,34,92,#EB9BD3
319,34,92,#EB9BD1
320,34,92,#EB9BD0
321,34,92,#EB9BCF
322,34,92,#EB9BCD
323,34,92,#EB9BCC
324,34,92,#EB9BCB
325,34,92,#EB9BC9
326,34,92,#EB9BC8
327,34,92,#EB9BC7
328,34,92,#EB9BC5
329,34,92,#EB9BC4
330,34,92,#EB9BC3
331,34,92,#EB9BC1
332,34,92,#EB9BC0
333,34,92,#EB9BBF
334,34,92,#EB9BBD
335,34,92,#EB9BBC
336,34,92,#EB9BBB
337,34,92,#EB9BB9
338,34,92,#EB9BB8
339,34,92,#EB9BB7
340,34,92,#EB9BB5
341,34,92,#EB9BB4
342,34,92,#EB9BB3
343,34,92,#EB9BB1
344,34,92,#EB9BB0
345,34,92,#EB9BAF
346,34,92,#EB9BAD
347,34,92,#EB9BAC
348,34,92,#EB9BAB
349,34,92,#EB9BA9
350,34,92,#EB9BA8
351,34,92,#EB9BA7
352,34,92,#EB9BA5
353,34,92,#EB9BA4
354,34,92,#EB9BA3
355,34,92,#EB9BA1
356,34,92,#EB9BA0
357,34,92,#EB9B9F
358,34,92,#EB9B9D
359,34,92,#EB9B9C
0,33,92,#EB9D9D
1,33,92,#EB9E9D
2,33,92,#EBA09D
3,33,92,#EBA19D
4,33,92,#EBA29D
5,33,92,#EBA49D
6,33,92,#EBA59D
7,33,92,#EBA69D
8,33,92,#EBA89D
9,33,92,#EBA99D
10,33,92,#EBAA9D
11,33,92,#EBAB9D
12,33,92,#EBAD9D
13,33,92,#EBAE9D
14,33,92,#EBAF9D
15,33,92,#EBB19D
16,33,92,#EBB29D
17,33,92,#EBB39D
18,33,92,#EBB49D
19,33,92,#EBB69D
20,33,92,#EBB79D
21,33,92,#EBB89D
22,33,92,#EBBA9D
23,33,92,#EBBB9D
24,33,92,#EBBC9D
25,33,92,#EBBD9D
26,33,92,#EBBF9D
27,33,92,#EBC09D
28,33,92,#EBC19D
29,33,92,#EBC39D
30,33,92,#EBC49D
31,33,92,#EBC59D
32,33,92,#EBC69D
33,33,92,#EBC89D
34,33,92,#EBC99D
35,33,92,#EBCA9D
36,33,92,#EBCC9D
37,33,92,#EBCD9D
38,33,92,#EBCE9D
39,33,92,#EBD09D
40,33,92,#EBD19D
41,33,92,#EBD29D
42,33,92,#EBD39D
43,33,92,#EBD59D
44,33,92,#EBD69D
45,33,92,#EBD79D
46,33,92,#EBD99D
47,33,92,#EBDA9D
48,33,92,#EBDB9D
49,33,92,#EBDC9D
50,33,92,#EBDE9D
51,33,92,#EBDF9D
52,33,92,#EBE09D
53,33,92,#EBE29D
54,33,92,#EBE39D
55,33,92,#EBE49D
56,33,92,#EBE59D
57,33,92,#EBE79D
58,33,92,#EBE89D
59,33,92,#EBE99D
60,33,92,#EBEB9D
61,33,92,#E9EB9D
62,33,92,#E8EB9D
63,33,92,#E7EB9D
64,33,92,#E5EB9D
65,33,92,#E4EB9D
66,33,92,#E3EB9D
67,33,92,#E2EB9D
68,33,92,#E0EB9D
69,33,92,#DFEB9D
70,33,92,#DEEB9D
71,33,92,#DCEB9D
72,33,92,#DBEB9D
73,33,92,#DAEB9D
74,33,92,#D9EB9D
75,33,92,#D7EB9D
76,33,92,#D6EB9D
77,33,92,#D5EB9D
78,33,92,#D3EB9D
79,33,92,#D2EB9D
80,33,92,#D1EB9D
81,33,92,#D0EB9D
82,33,92,#CEEB9D
83,33,92,#CDEB9D
84,33,92,#CCEB9D
85,33,92,#CAEB9D
86,33,92,#C9EB9D
87,33,92,#C8EB9D
88,33,92,#C6EB9D
89,33,92,#C5EB9D
90,33,92,#C4EB9D
91,33,92,#C3EB9D
92,33,92,#C1EB9D
93,33,92,#C0EB9D
94,33,92,#BFEB9D
95,33,92,#BDEB9D
96,33,92,#BCEB9D
97,33,92,#BBEB9D
98,33,92,#BAEB9D
99,33,92,#B8EB9D
100,33,92,#B7EB9D
101,33,92,#B6EB9D
102,33,92,#B4EB9D
103,33,92,#B3EB9D
104,33,92,#B2EB9D
105,33,92,#B1EB9D
106,33,92,#AFEB9D
107,33,92,#AEEB9D
108,33,92,#ADEB9D
109,33,92,#ABEB9D
110,33,92,#AAEB9D
111,33,92,#A9EB9D
112,33,92,#A8EB9D
113,33,92,#A6EB9D
114,33,92,#A5EB9D
115,33,92,#A4EB9D
116,33,92,#A2EB9D
117,33,92,#A1EB9D
118,33,92,#A0EB9D
119,33,92,#9EEB9D
120,33,92,#9DEB9D
121,33,92,#9DEB9E
122,33,92,#9DEBA0
123,33,92,#9DEBA1
124,33,92,#9DEBA2
125,33,92,#9DEBA4
126,33,92,#9DEBA5
127,33,92,#9DEBA6
128,33,92,#9DEBA8
129,33,92,#9DEBA9
130,33,92,#9DEBAA
131,33,92,#9DEBAB
132,33,92,#9DEBAD
133,33,92,#9DEBAE
134,33,92,#9DEBAF
135,33,92,#9DEBB1
136,33,92,#9DEBB2
137,33,92,#9DEBB3
138,33,92,#9DEBB4
139,33,92,#9DEBB6
140,33,92,#9DEBB7
141,33,92,#9DEBB8
142,33,92,#9DEBBA
143,33,92,#9DEBBB
144,33,92,#9DEBBC
145,33,92,#9DEBBD
146,33,92,#9DEBBF
147,33,92,#9DEBC0
148,33,92,#9DEBC1
149,33,92,#9DEBC3
150,33,92,#9DEBC4
151,33,92,#9DEBC5
152,33,92,#9DEBC6
153,33,92,#9DEBC8
154,33,92,#9DEBC9
155,33,92,#9DEBCA
156,33,92,#9DEBCC
157,33,92,#9DEBCD
158,33,92,#9DEBCE
159,33,92,#9DEBD0
160,33,92,#9DEBD1
161,33,92,#9DEBD2
162,33,92,#9DEBD3
163,33,92,#9DEBD5
164,33,92,#9DEBD6
165,33,92,#9DEBD7
166,33,92,#9DEBD9
167,33,92,#9DEBDA
168,33,92,#9DEBDB
169,33,92,#9DEBDC
170,33,92,#9DEBDE
171,33,92,#9DEBDF
172,33,92,#9DEBE0
173,33,92,#9DEBE2
174,33,92,#9DEBE3
175,33,92,#9DEBE4
176,33,92,#9DEBE5
177,33,92,#9DEBE7
178,33,92,#9DEBE8
179,33,92,#9DEBE9
180,33,92,#9DEBEB
181,33,92,#9DE9EB
182,33,92,#9DE8EB
183,33,92,#9DE7EB
184,33,92,#9DE5EB
185,33,92,#9DE4EB
186,33,92,#9DE3EB
187,33,92,#9DE2EB
188,33,92,#9DE0EB
189,33,92,#9DDFEB
190,33,92,#9DDEEB
191,33,92,#9DDCEB
192,33,92,#9DDBEB
193,33,92,#9DDAEB
194,33,92,#9DD9EB
195,33,92,#9DD7EB
196,33,92,#9DD6EB
197,33,92,#9DD5EB
198,33,92,#9DD3EB
199,33,92,#9DD2EB
200,33,92,#9DD1EB
201,33,92,#9DD0EB
202,33,92,#9DCEEB
203,33,92,#9DCDEB
204,33,92,#9DCCEB
205,33,92,#9DCAEB
206,33,92,#9DC9EB
207,33,92,#9DC8EB
208,33,92,#9DC6EB
209,33,92,#9DC5EB
210,33,92,#9DC4EB
211,33,92,#9DC3EB
212,33,92,#9DC1EB
213,33,92,#9DC0EB
214,33,92,#9DBFEB
215,33,92,#9DBDEB
216,33,92,#9DBCEB
217,33,92,#9DBBEB
218,33,92,#9DBAEB
219,33,92,#9DB8EB
220,33,92,#9DB7EB
221,33,92,#9DB6EB
222,33,92,#9DB4EB
223,33,92,#9DB3EB
224,33,92,#9DB2EB
225,33,92,#9DB1EB
226,33,92,#9DAFEB
227,33,92,#9DAEEB
228,33,92,#9DADEB
229,33,92,#9DABEB
230,33,92,#9DAAEB
231,33,92,#9DA9EB
232,33,92,#9DA8EB
233,33,92,#9DA6EB
234,33,92,#9DA5EB
235,33,92,#9DA4EB
236,33,92,#9DA2EB
237,33,92,#9DA1EB
238,33,92,#9DA0EB
239,33,92,#9D9EEB
240,33,92,#9D9DEB
241,33,92,#9E9DEB
242,33,92,#A09DEB
243,33,92,#A19DEB
244,33,92,#A29DEB
245,33,92,#A49DEB
246,33,92,#A59DEB
247,33,92,#A69DEB
248,33,92,#A89DEB
249,33,92,#A99DEB
250,33,92,#AA9DEB
251,33,92,#AB9DEB
252,33,92,#AD9DEB
253,33,92,#AE9DEB
254,33,92,#AF9DEB
255,33,92,#B19DEB
256,33,92,#B29DEB
257,33,92,#B39DEB
258,33,92,#B49DEB
259,33,92,#B69DEB
260,33,92,#B79DEB
261,33,92,#B89DEB
262,33,92,#BA9DEB
263,33,92,#BB9DEB
264,33,92,#BC9DEB
265,33,92,#BD9DEB
266,33,92,#BF9DEB
267,33,92,#C09DEB
268,33,92,#C19DEB
269,33,92,#C39DEB
270,33,92,#C49DEB
271,33,92,#C59DEB
272,33,92,#C69DEB
273,33,92,#C89DEB
274,33,92,#C99DEB
275,33,92,#CA9DEB
276,33,92,#CC9DEB
277,33,92,#CD9DEB
278,33,92,#CE9DEB
279,33,92,#D09DEB
280,33,92,#D19DEB
281,33,92,#D29DEB
282,33,92,#D39DEB
283,33,92,#D59DEB
284,33,92,#D69DEB
285,33,92,#D79DEB
286,33,92,#D99DEB
287,33,92,#DA9DEB
288,33,92,#DB9DEB
289,33,92,#DC9DEB
290,33,92,#DE9DEB
291,33,92,#DF9DEB
292,33,92,#E09DEB
293,33,92,#E29DEB
294,33,92,#E39DEB
295,33,92,#E49DEB
296,33,92,#E59DEB
297,33,92,#E79DEB
298,33,92,#E89DEB
299,33,92,#E99DEB
300,33,92,#EB9DEB
301,33,92,#EB9DE9
302,33,92,#EB9DE8
303,33,92,#EB9DE7
304,33,92,#EB9DE5
305,33,92,#EB9DE4
306,33,92,#EB9DE3
307,33,92,#EB9DE2
308,33,92,#EB9DE0
309,33,92,#EB9DDF
310,33,92,#EB9DDE
311,33,92,#EB9DDC
312,33,92,#EB9DDB
313,33,92,#EB9DDA
314,33,92,#EB9DD9
315,33,92,#EB9DD7
316,33,92,#EB9DD6
317,33,92,#EB9DD5
318,33,92,#EB9DD3
319,33,92,#EB9DD2
320,33,92,#EB9DD1
321,33,92,#EB9DD0
322,33,92,#EB9DCE
323,33,92,#EB9DCD
324,33,92,#EB9DCC
325,33,92,#EB9DCA
326,33,92,#EB9DC9
327,33,92,#EB9DC8
328,33,92,#EB9DC6
329,33,92,#EB9DC5
330,33,92,#EB9DC4
331,33,92,#EB9DC3
332,33,92,#EB9DC1
333,33,92,#EB9DC0
334,33,92,#EB9DBF
335,33,92,#EB9DBD
336,33,92,#EB9DBC
337,33,92,#EB9DBB
338,33,92,#EB9DBA
339,33,92,#EB9DB8
340,33,92,#EB9DB7
341,33,92,#EB9DB6
342,33,92,#EB9DB4
343,33,92,#EB9DB3
344,33,92,#EB9DB2
345,33,92,#EB9DB1
346,33,92,#EB9DAF
347,33,92,#EB9DAE
348,33,92,#EB9DAD
349,33,92,#EB9DAB
350,33,92,#EB9DAA
351,33,92,#EB9DA9
352,33,92,#EB9DA8
353,33,92,#EB9DA6
354,33,92,#EB9DA5
355,33,92,#EB9DA4
356,33,92,#EB9DA2
357,33,92,#EB9DA1
358,33,92,#EB9DA0
359,33,92,#EB9D9E
0,32,92,#EBA0A0
1,32,92,#EBA1A0
2,32,92,#EBA2A0
3,32,92,#EBA3A0
4,32,92,#EBA5A0
5,32,92,#EBA6A0
6,32,92,#EBA7A0
7,32,92,#EBA8A0
8,32,92,#EBAAA0
9,32,92,#EBABA0
10,32,92,#EBACA0
11,32,92,#EBADA0
12,32,92,#EBAFA0
13,32,92,#EBB0A0
14,32,92,#EBB1A0
15,32,92,#EBB2A0
16,32,92,#EBB4A0
17,32,92,#EBB5A0
18,32,92,#EBB6A0
19,32,92,#EBB7A0
20,32,92,#EBB9A0
21,32,92,#EBBAA0
22,32,92,#EBBBA0
23,32,92,#EBBCA0
24,32,92,#EBBEA0
25,32,92,#EBBFA0
26,32,92,#EBC0A0
27,32,92,#EBC1A0
28,32,92,#EBC3A0
29,32,92,#EBC4A0
30,32,92,#EBC5A0
31,32,92,#EBC6A0
32,32,92,#EBC8A0
33,32,92,#EBC9A0
34,32,92,#EBCAA0
35,32,92,#EBCBA0
36,32,92,#EBCDA0
37,32,92,#EBCEA0
38,32,92,#EBCFA0
39,32,92,#EBD0A0
40,32,92,#EBD2A0
41,32,92,#EBD3A0
42,32,92,#EBD4A0
43,32,92,#EBD5A0
44,32,92,#EBD7A0
45,32,92,#EBD8A0
46,32,92,#EBD9A0
47,32,92,#EBDAA0
48,32,92,#EBDCA0
49,32,92,#EBDDA0
50,32,92,#EBDEA0
51,32,92,#EBDFA0
52,32,92,#EBE1A0
53,32,92,#EBE2A0
54,32,92,#EBE3A0
55,32,92,#EBE4A0
56,32,92,#EBE6A0
57,32,92,#EBE7A0
58,32,92,#EBE8A0
59,32,92,#EBE9A0
60,32,92,#EBEBA0
61,32,92,#E9EBA0
62,32,92,#E8EBA0
63,32,92,#E7EBA0
64,32,92,#E6EBA0
65,32,92,#E4EBA0
66,32,92,#E3EBA0
67,32,92,#E2EBA0
68,32,92,#E1EBA0
69,32,92,#DFEBA0
70,32,92,#DEEBA0
71,32,92,#DDEBA0
72,32,92,#DCEBA0
73,32,92,#DAEBA0
74,32,92,#D9EBA0
75,32,92,#D8EBA0
76,32,92,#D7EBA0
77,32,92,#D5EBA0
78,32,92,#D4EBA0
79,32,92,#D3EBA0
80,32,92,#D2EBA0
81,32,92,#D0EBA0
82,32,92,#CFEBA0
83,32,92,#CEEBA0
84,32,92,#CDEBA0
85,32,92,#CBEBA0
86,32,92,#CAEBA0
87,32,92,#C9EBA0
88,32,92,#C8EBA0
89,32,92,#C6EBA0
90,32,92,#C5EBA0
91,32,92,#C4EBA0
92,32,92,#C3EBA0
93,32,92,#C1EBA0
94,32,92,#C0EBA0
95,32,92,#BFEBA0
96,32,92,#BEEBA0
97,32,92,#BCEBA0
98,32,92,#BBEBA0
99,32,92,#BAEBA0
100,32,92,#B9EBA0
101,32,92,#B7EBA0
102,32,92,#B6EBA0
103,32,92,#B5EBA0
104,32,92,#B4EBA0
105,32,92,#B2EBA0
106,32,92,#B1EBA0
107,32,92,#B0EBA0
108,32,92,#AFEBA0
109,32,92,#ADEBA0
110,32,92,#ACEBA0
111,32,92,#ABEBA0
112,32,92,#AAEBA0
113,32,92,#A8EBA0
114,32,92,#A7EBA0
115,32,92,#A6EBA0
116,32,92,#A5EBA0
117,32,92,#A3EBA0
118,32,92,#A2EBA0
119,32,92,#A1EBA0
120,32,92,#A0EBA0
121,32,92,#A0EBA1
122,32,92,#A0EBA2
123,32,92,#A0EBA3
124,32,92,#A0EBA5
125,32,92,#A0EBA6
126,32,92,#A0EBA7
127,32,92,#A0EBA8
128,32,92,#A0EBAA
129,32,92,#A0EBAB
130,32,92,#A0EBAC
131,32,92,#A0EBAD
132,32,92,#A0EBAF
133,32,92,#A0EBB0
134,32,92,#A0EBB1
135,32,92,#A0EBB2
136,32,92,#A0EBB4
137,32,92,#A0EBB5
138,32,92,#A0EBB6
139,32,92,#A0EBB7
140,32,92,#A0EBB9
141,32,92,#A0EBBA
142,32,92,#A0EBBB
143,32,92,#A0EBBC
144,32,92,#A0EBBE
145,32,92,#A0EBBF
146,32,92,#A0EBC0
147,32,92,#A0EBC1
148,32,92,#A0EBC3
149,32,92,#A0EBC4
150,32,92,#A0EBC5
151,32,92,#A0EBC6
152,32,92,#A0EBC8
153,32,92,#A0EBC9
154,32,92,#A0EBCA
155,32,92,#A0EBCB
156,32,92,#A0EBCD
157,32,92,#A0EBCE
158,32,92,#A0EBCF
159,32,92,#A0EBD0
160,32,92,#A0EBD2
161,32,92,#A0EBD3
162,32,92,#A0EBD4
163,32,92,#A0EBD5
164,32,92,#A0EBD7
165,32,92,#A0EBD8
166,32,92,#A0EBD9
167,32,92,#A0EBDA
168,32,92,#A0EBDC
169,32,92,#A0EBDD
170,32,92,#A0EBDE
171,32,92,#A0EBDF
172,32,92,#A0EBE1
173,32,92,#A0EBE2
174,32,92,#A0EBE3
175,32,92,#A0EBE4
176,32,92,#A0EBE6
177,32,92,#A0EBE7
178,32,92,#A0EBE8
179,32,92,#A0EBE9
180,32,92,#A0EBEB
181,32,92,#A0E9EB
182,32,92,#A0E8EB
183,32,92,#A0E7EB
184,32,92,#A0E6EB
185,32,92,#A0E4EB
186,32,92,#A0E3EB
187,32,92,#A0E2EB
188,32,92,#A0E1EB
189,32,92,#A0DFEB
190,32,92,#A0DEEB
191,32,92,#A0DDEB
192,32,92,#A0DCEB
193,32,92,#A0DAEB
194,32,92,#A0D9EB
195,32,92,#A0D8EB
196,32,92,#A0D7EB
197,32,92,#A0D5EB
198,32,92,#A0D4EB
199,32,92,#A0D3EB
200,32,92,#A0D2EB
201,32,92,#A0D0EB
202,32,92,#A0CFEB
203,32,92,#A0CEEB
204,32,92,#A0CDEB
205,32,92,#A0CBEB
206,32,92,#A0CAEB
207,32,92,#A0C9EB
208,32,92,#A0C8EB
209,32,92,#A0C6EB
210,32,92,#A0C5EB
211,32,92,#A0C4EB
212,32,92,#A0C3EB
213,32,92,#A0C1EB
214,32,92,#A0C0EB
215,32,92,#A0BFEB
216,32,92,#A0BEEB
217,32,92,#A0BCEB
218,32,92,#A0BBEB
219,32,92,#A0BAEB
220,32,92,#A0B9EB
221,32,92,#A0B7EB
222,32,92,#A0B6EB
223,32,92,#A0B5EB
224,32,92,#A0B4EB
225,32,92,#A0B2EB
226,32,92,#A0B1EB
227,32,92,#A0B0EB
228,32,92,#A0AFEB
229,32,92,#A0ADEB
230,32,92,#A0ACEB
231,32,92,#A0ABEB
232,32,92,#A0AAEB
233,32,92,#A0A8EB
234,32,92,#A0A7EB
235,32,92,#A0A6EB
236,32,92,#A0A5EB
237,32,92,#A0A3EB
238,32,92,#A0A2EB
239,32,92,#A0A1EB
240,32,92,#A0A0EB
241,32,92,#A1A0EB
242,32,92,#A2A0EB
243,32,92,#A3A0EB
244,32,92,#A5A0EB
245,32,92,#A6A0EB
246,32,92,#A7A0EB
247,32,92,#A8A0EB
248,32,92,#AAA0EB
249,32,92,#ABA0EB
250,32,92,#ACA0EB
251,32,92,#ADA0EB
252,32,92,#AFA0EB
253,32,92,#B0A0EB
254,32,92,#B1A0EB
255,32,92,#B2A0EB
256,32,92,#B4A0EB
257,32,92,#B5A0EB
258,32,92,#B6A0EB
259,32,92,#B7A0EB
260,32,92,#B9A0EB
261,32,92,#BAA0EB
262,32,92,#BBA0EB
263,32,92,#BCA0EB
264,32,92,#BEA0EB
265,32,92,#BFA0EB
266,32,92,#C0A0EB
267,32,92,#C1A0EB
268,32,92,#C3A0EB
269,32,92,#C4A0EB
270,32,92,#C5A0EB
271,32,92,#C6A0EB
272,32,92,#C8A0EB
273,32,92,#C9A0EB
274,32,92,#CAA0EB
275,32,92,#CBA0EB
276,32,92,#CDA0EB
277,32,92,#CEA0EB
278,32,92,#CFA0EB
279,32,92,#D0A0EB
280,32,92,#D2A0EB
281,32,92,#D3A0EB
282,32,92,#D4A0EB
283,32,92,#D5A0EB
284,32,92,#D7A0EB
285,32,92,#D8A0EB
286,32,92,#D9A0EB
287,32,92,#DAA0EB
288,32,92,#DCA0EB
289,32,92,#DDA0EB
290,32,92,#DEA0EB
291,32,92,#DFA0EB
292,32,92,#E1A0EB
293,32,92,#E2A0EB
294,32,92,#E3A0EB
295,32,92,#E4A0EB
296,32,92,#E6A0EB
297,32,92,#E7A0EB
298,32,92,#E8A0EB
299,32,92,#E9A0EB
300,32,92,#EBA0EB
301,32,92,#EBA0E9
302,32,92,#EBA0E8
303,32,92,#EBA0E7
304,32,92,#EBA0E6
305,32,92,#EBA0E4
306,32,92,#EBA0E3
307,32,92,#EBA0E2
308,32,92,#EBA0E1
309,32,92,#EBA0DF
310,32,92,#EBA0DE
311,32,92,#EBA0DD
312,32,92,#EBA0DC
313,32,92,#EBA0DA
314,32,92,#EBA0D9
315,32,92,#EBA0D8
316,32,92,#EBA0D7
317,32,92,#EBA0D5
318,32,92,#EBA0D4
319,32,92,#EBA0D3
320,32,92,#EBA0D2
321,32,92,#EBA0D0
322,32,92,#EBA0CF
323,32,92,#EBA0CE
324,32,92,#EBA0CD
325,32,92,#EBA0CB
326,32,92,#EBA0CA
327,32,92,#EBA0C9
328,32,92,#EBA0C8
329,32,92,#EBA0C6
330,32,92,#EBA0C5
331,32,92,#EBA0C4
332,32,92,#EBA0C3
333,32,92,#EBA0C1
334,32,92,#EBA0C0
335,32,92,#EBA0BF
336,32,92,#EBA0BE
337,32,92,#EBA0BC
338,32,92,#EBA0BB
339,32,92,#EBA0BA
340,32,92,#EBA0B9
341,32,92,#EBA0B7
342,32,92,#EBA0B6
343,32,92,#EBA0B5
344,32,92,#EBA0B4
345,32,92,#EBA0B2
346,32,92,#EBA0B1
347,32,92,#EBA0B0
348,32,92,#EBA0AF
349,32,92,#EBA0AD
350,32,92,#EBA0AC
351,32,92,#EBA0AB
352,32,92,#EBA0AA
353,32,92,#EBA0A8
354,32,92,#EBA0A7
355,32,92,#EBA0A6
356,32,92,#EBA0A5
357,32,92,#EBA0A3
358,32,92,#EBA0A2
359,32,92,#EBA0A1
0,31,92,#EBA2A2
1,31,92,#EBA3A2
2,31,92,#EBA4A2
3,31,92,#EBA6A2
4,31,92,#EBA7A2
5,31,92,#EBA8A2
6,31,92,#EBA9A2
7,31,92,#EBAAA2
8,31,92,#EBACA2
9,31,92,#EBADA2
10,31,92,#EBAEA2
11,31,92,#EBAFA2
12,31,92,#EBB0A2
13,31,92,#EBB2A2
14,31,92,#EBB3A2
15,31,92,#EBB4A2
16,31,92,#EBB5A2
17,31,92,#EBB6A2
18,31,92,#EBB8A2
19,31,92,#EBB9A2
20,31,92,#EBBAA2
21,31,92,#EBBBA2
22,31,92,#EBBDA2
23,31,92,#EBBEA2
24,31,92,#EBBFA2
25,31,92,#EBC0A2
26,31,92,#EBC1A2
27,31,92,#EBC3A2
28,31,92,#EBC4A2
29,31,92,#EBC5A2
30,31,92,#EBC6A2
31,31,92,#EBC7A2
32,31,92,#EBC9A2
33,31,92,#EBCAA2
34,31,92,#EBCBA2
35,31,92,#EBCCA2
36,31,92,#EBCEA2
37,31,92,#EBCFA2
38,31,92,#EBD0A2
39,31,92,#EBD1A2
40,31,92,#EBD2A2
41,31,92,#EBD4A2
42,31,92,#EBD5A2
43,31,92,#EBD6A2
44,31,92,#EBD7A2
45,31,92,#EBD8A2
46,31,92,#EBDAA2
47,31,92,#EBDBA2
48,31,92,#EBDCA2
49,31,92,#EBDDA2
50,31,92,#EBDEA2
51,31,92,#EBE0A2
52,31,92,#EBE1A2
53,31,92,#EBE2A2
54,31,92,#EBE3A2
55,31,92,#EBE5A2
56,31,92,#EBE6A2
57,31,92,#EBE7A2
58,31,92,#EBE8A2
59,31,92,#EBE9A2
60,31,92,#EBEBA2
61,31,92,#E9EBA2
62,31,92,#E8EBA2
63,31,92,#E7EBA2
64,31,92,#E6EBA2
65,31,92,#E5EBA2
66,31,92,#E3EBA2
67,31,92,#E2EBA2
68,31,92,#E1EBA2
69,31,92,#E0EBA2
70,31,92,#DEEBA2
71,31,92,#DDEBA2
72,31,92,#DCEBA2
73,31,92,#DBEBA2
74,31,92,#DAEBA2
75,31,92,#D8EBA2
76,31,92,#D7EBA2
77,31,92,#D6EBA2
78,31,92,#D5EBA2
79,31,92,#D4EBA2
80,31,92,#D2EBA2
81,31,92,#D1EBA2
82,31,92,#D0EBA2
83,31,92,#CFEBA2
84,31,92,#CEEBA2
85,31,92,#CCEBA2
86,31,92,#CBEBA2
87,31,92,#CAEBA2
88,31,92,#C9EBA2
89,31,92,#C7EBA2
90,31,92,#C6EBA2
91,31,92,#C5EBA2
92,31,92,#C4EBA2
93,31,92,#C3EBA2
94,31,92,#C1EBA2
95,31,92,#C0EBA2
96,31,92,#BFEBA2
97,31,92,#BEEBA2
98,31,92,#BDEBA2
99,31,92,#BBEBA2
100,31,92,#BAEBA2
101,31,92,#B9EBA2
102,31,92,#B8EBA2
103,31,92,#B6EBA2
104,31,92,#B5EBA2
105,31,92,#B4EBA2
106,31,92,#B3EBA2
107,31,92,#B2EBA2
108,31,92,#B0EBA2
109,31,92,#AFEBA2
110,31,92,#AEEBA2
111,31,92,#ADEBA2
112,31,92,#ACEBA2
113,31,92,#AAEBA2
114,31,92,#A9EBA2
115,31,92,#A8EBA2
116,31,92,#A7EBA2
117,31,92,#A6EBA2
118,31,92,#A4EBA2
119,31,92,#A3EBA2
120,31,92,#A2EBA2
121,31,92,#A2EBA3
122,31,92,#A2EBA4
123,31,92,#A2EBA6
124,31,92,#A2EBA7
125,31,92,#A2EBA8
126,31,92,#A2EBA9
127,31,92,#A2EBAA
128,31,92,#A2EBAC
129,31,92,#A2EBAD
130,31,92,#A2EBAE
131,31,92,#A2EBAF
132,31,92,#A2EBB0
133,31,92,#A2EBB2
134,31,92,#A2EBB3
135,31,92,#A2EBB4
136,31,92,#A2EBB5
137,31,92,#A2EBB6
138,31,92,#A2EBB8
139,31,92,#A2EBB9
140,31,92,#A2EBBA
141,31,92,#A2EBBB
142,31,92,#A2EBBD
143,31,92,#A2EBBE
144,31,92,#A2EBBF
145,31,92,#A2EBC0
146,31,92,#A2EBC1
147,31,92,#A2EBC3
148,31,92,#A2EBC4
149,31,92,#A2EBC5
150,31,92,#A2EBC6
151,31,92,#A2EBC7
152,31,92,#A2EBC9
153,31,92,#A2EBCA
154,31,92,#A2EBCB
155,31,92,#A2EBCC
156,31,92,#A2EBCE
157,31,92,#A2EBCF
158,31,92,#A2EBD0
159,31,92,#A2EBD1
160,31,92,#A2EBD2
161,31,92,#A2EBD4
162,31,92,#A2EBD5
163,31,92,#A2EBD6
164,31,92,#A2EBD7
165,31,92,#A2EBD8
166,31,92,#A2EBDA
167,31,92,#A2EBDB
168,31,92,#A2EBDC
169,31,92,#A2EBDD
170,31,92,#A2EBDE
171,31,92,#A2EBE0
172,31,92,#A2EBE1
173,31,92,#A2EBE2
174,31,92,#A2EBE3
175,31,92,#A2EBE5
176,31,92,#A2EBE6
177,31,92,#A2EBE7
178,31,92,#A2EBE8
179,31,92,#A2EBE9
180,31,92,#A2EBEB
181,31,92,#A2E9EB
182,31,92,#A2E8EB
183,31,92,#A2E7EB
184,31,92,#A2E6EB
185,31,92,#A2E5EB
186,31,92,#A2E3EB
187,31,92,#A2E2EB
188,31,92,#A2E1EB
189,31,92,#A2E0EB
190,31,92,#A2DEEB
191,31,92,#A2DDEB
192,31,92,#A2DCEB
193,31,92,#A2DBEB
194,31,92,#A2DAEB
195,31,92,#A2D8EB
196,31,92,#A2D7EB
197,31,92,#A2D6EB
198,31,92,#A2D5EB
199,31,92,#A2D4EB
200,31,92,#A2D2EB
201,31,92,#A2D1EB
202,31,92,#A2D0EB
203,31,92,#A2CFEB
204,31,92,#A2CEEB
205,31,92,#A2CCEB
206,31,92,#A2CBEB
207,31,92,#A2CAEB
208,31,92,#A2C9EB
209,31,92,#A2C7EB
210,31,92,#A2C6EB
211,31,92,#A2C5EB
212,31,92,#A2C4EB
213,31,92,#A2C3EB
214,31,92,#A2C1EB
215,31,92,#A2C0EB
216,31,92,#A2BFEB
217,31,92,#A2BEEB
218,31,92,#A2BDEB
219,31,92,#A2BBEB
220,31,92,#A2BAEB
221,31,92,#A2B9EB
222,31,92,#A2B8EB
223,31,92,#A2B6EB
224,31,92,#A2B5EB
225,31,92,#A2B4EB
226,31,92,#A2B3EB
227,31,92,#A2B2EB
228,31,92,#A2B0EB
229,31,92,#A2AFEB
230,31,92,#A2AEEB
231,31,92,#A2ADEB
232,31,92,#A2ACEB
233,31,92,#A2AAEB
234,31,92,#A2A9EB
235,31,92,#A2A8EB
236,31,92,#A2A7EB
237,31,92,#A2A6EB
238,31,92,#A2A4EB
239,31,92,#A2A3EB
240,31,92,#A2A2EB
241,31,92,#A3A2EB
242,31,92,#A4A2EB
243,31,92,#A6A2EB
244,31,92,#A7A2EB
245,31,92,#A8A2EB
246,31,92,#A9A2EB
247,31,92,#AAA2EB
248,31,92,#ACA2EB
249,31,92,#ADA2EB
250,31,92,#AEA2EB
251,31,92,#AFA2EB
252,31,92,#B0A2EB
253,31,92,#B2A2EB
254,31,92,#B3A2EB
255,31,92,#B4A2EB
256,31,92,#B5A2EB
257,31,92,#B6A2EB
258,31,92,#B8A2EB
259,31,92,#B9A2EB
260,31,92,#BAA2EB
261,31,92,#BBA2EB
262,31,92,#BDA2EB
263,31,92,#BEA2EB
264,31,92,#BFA2EB
265,31,92,#C0A2EB
266,31,92,#C1A2EB
267,31,92,#C3A2EB
268,31,92,#C4A2EB
269,31,92,#C5A2EB
270,31,92,#C6A2EB
271,31,92,#C7A2EB
272,31,92,#C9A2EB
273,31,92,#CAA2EB
274,31,92,#CBA2EB
275,31,92,#CCA2EB
276,31,92,#CEA2EB
277,31,92,#CFA2EB
278,31,92,#D0A2EB
279,31,92,#D1A2EB
280,31,92,#D2A2EB
281,31,92,#D4A2EB
282,31,92,#D5A2EB
283,31,92,#D6A2EB
284,31,92,#D7A2EB
285,31,92,#D8A2EB
286,31,92,#DAA2EB
287,31,92,#DBA2EB
288,31,92,#DCA2EB
289,31,92,#DDA2EB
290,31,92,#DEA2EB
291,31,92,#E0A2EB
292,31,92,#E1A2EB
293,31,92,#E2A2EB
294,31,92,#E3A2EB
295,31,92,#E5A2EB
296,31,92,#E6A2EB
297,31,92,#E7A2EB
298,31,92,#E8A2EB
299,31,92,#E9A2EB
300,31,92,#EBA2EB
301,31,92,#EBA2E9
302,31,92,#EBA2E8
303,31,92,#EBA2E7
304,31,92,#EBA2E6
305,31,92,#EBA2E5
306,31,92,#EBA2E3
307,31,92,#EBA2E2
308,31,92,#EBA2E1
309,31,92,#EBA2E0
310,31,92,#EBA2DE
311,31,92,#EBA2DD
312,31,92,#EBA2DC
313,31,92,#EBA2DB
314,31,92,#EBA2DA
315,31,92,#EBA2D8
316,31,92,#EBA2D7
317,31,92,#EBA2D6
318,31,92,#EBA2D5
319,31,92,#EBA2D4
320,31,92,#EBA2D2
321,31,92,#EBA2D1
322,31,92,#EBA2D0
323,31,92,#EBA2CF
324,31,92,#EBA2CE
325,31,92,#EBA2CC
326,31,92,#EBA2CB
327,31,92,#EBA2CA
328,31,92,#EBA2C9
329,31,92,#EBA2C7
330,31,92,#EBA2C6
331,31,92,#EBA2C5
332,31,92,#EBA2C4
333,31,92,#EBA2C3
334,31,92,#EBA2C1
335,31,92,#EBA2C0
336,31,92,#EBA2BF
337,31,92,#EBA2BE
338,31,92,#EBA2BD
339,31,92,#EBA2BB
340,31,92,#EBA2BA
341,31,92,#EBA2B9
342,31,92,#EBA2B8
343,31,92,#EBA2B6
344,31,92,#EBA2B5
345,31,92,#EBA2B4
346,31,92,#EBA2B3
347,31,92,#EBA2B2
348,31,92,#EBA2B0
349,31,92,#EBA2AF
350,31,92,#EBA2AE
351,31,92,#EBA2AD
352,31,92,#EBA2AC
353,31,92,#EBA2AA
354,31,92,#EBA2A9
355,31,92,#EBA2A8
356,31,92,#EBA2A7
357,31,92,#EBA2A6
358,31,92,#EBA2A4
359,31,92,#EBA2A3
0,30,92,#EBA4A4
1,30,92,#EBA5A4
2,30,92,#EBA7A4
3,30,92,#EBA8A4
4,30,92,#EBA9A4
5,30,92,#EBAAA4
6,30,92,#EBABA4
7,30,92,#EBACA4
8,30,92,#EBAEA4
9,30,92,#EBAFA4
10,30,92,#EBB0A4
11,30,92,#EBB1A4
12,30,92,#EBB2A4
13,30,92,#EBB3A4
14,30,92,#EBB5A4
15,30,92,#EBB6A4
16,30,92,#EBB7A4
17,30,92,#EBB8A4
18,30,92,#EBB9A4
19,30,92,#EBBBA4
20,30,92,#EBBCA4
21,30,92,#EBBDA4
22,30,92,#EBBEA4
23,30,92,#EBBFA4
24,30,92,#EBC0A4
25,30,92,#EBC2A4
26,30,92,#EBC3A4
27,30,92,#EBC4A4
28,30,92,#EBC5A4
29,30,92,#EBC6A4
30,30,92,#EBC7A4
31,30,92,#EBC9A4
32,30,92,#EBCAA4
33,30,92,#EBCBA4
34,30,92,#EBCCA4
35,30,92,#EBCDA4
36,30,92,#EBCEA4
37,30,92,#EBD0A4
38,30,92,#EBD1A4
39,30,92,#EBD2A4
40,30,92,#EBD3A4
41,30,92,#EBD4A4
42,30,92,#EBD5A4
43,30,92,#EBD7A4
44,30,92,#EBD8A4
45,30,92,#EBD9A4
46,30,92,#EBDAA4
47,30,92,#EBDBA4
48,30,92,#EBDDA4
49,30,92,#EBDEA4
50,30,92,#EBDFA4
51,30,92,#EBE0A4
52,30,92,#EBE1A4
53,30,92,#EBE2A4
54,30,92,#EBE4A4
55,30,92,#EBE5A4
56,30,92,#EBE6A4
57,30,92,#EBE7A4
58,30,92,#EBE8A4
59,30,92,#EBE9A4
60,30,92,#EBEBA4
61,30,92,#E9EBA4
62,30,92,#E8EBA4
63,30,92,#E7EBA4
64,30,92,#E6EBA4
65,30,92,#E5EBA4
66,30,92,#E4EBA4
67,30,92,#E2EBA4
68,30,92,#E1EBA4
69,30,92,#E0EBA4
70,30,92,#DFEBA4
71,30,92,#DEEBA4
72,30,92,#DDEBA4
73,30,92,#DBEBA4
74,30,92,#DAEBA4
75,30,92,#D9EBA4
76,30,92,#D8EBA4
77,30,92,#D7EBA4
78,30,92,#D5EBA4
79,30,92,#D4EBA4
80,30,92,#D3EBA4
81,30,92,#D2EBA4
82,30,92,#D1EBA4
83,30,92,#D0EBA4
84,30,92,#CEEBA4
85,30,92,#CDEBA4
86,30,92,#CCEBA4
87,30,92,#CBEBA4
88,30,92,#CAEBA4
89,30,92,#C9EBA4
90,30,92,#C7EBA4
91,30,92,#C6EBA4
92,30,92,#C5EBA4
93,30,92,#C4EBA4
94,30,92,#C3EBA4
95,30,92,#C2EBA4
96,30,92,#C0EBA4
97,30,92,#BFEBA4
98,30,92,#BEEBA4
99,30,92,#BDEBA4
100,30,92,#BCEBA4
101,30,92,#BBEBA4
102,30,92,#B9EBA4
103,30,92,#B8EBA4
104,30,92,#B7EBA4
105,30,92,#B6EBA4
106,30,92,#B5EBA4
107,30,92,#B3EBA4
108,30,92,#B2EBA4
109,30,92,#B1EBA4
110,30,92,#B0EBA4
111,30,92,#AFEBA4
112,30,92,#AEEBA4
113,30,92,#ACEBA4
114,30,92,#ABEBA4
115,30,92,#AAEBA4
116,30,92,#A9EBA4
117,30,92,#A8EBA4
118,30,92,#A7EBA4
119,30,92,#A5EBA4
120,30,92,#A4EBA4
121,30,92,#A4EBA5
122,30,92,#A4EBA7
123,30,92,#A4EBA8
124,30,92,#A4EBA9
125,30,92,#A4EBAA
126,30,92,#A4EBAB
127,30,92,#A4EBAC
128,30,92,#A4EBAE
129,30,92,#A4EBAF
130,30,92,#A4EBB0
131,30,92,#A4EBB1
132,30,92,#A4EBB2
133,30,92,#A4EBB3
134,30,92,#A4EBB5
135,30,92,#A4EBB6
136,30,92,#A4EBB7
137,30,92,#A4EBB8
138,30,92,#A4EBB9
139,30,92,#A4EBBB
140,30,92,#A4EBBC
141,30,92,#A4EBBD
142,30,92,#A4EBBE
143,30,92,#A4EBBF
144,30,92,#A4EBC0
145,30,92,#A4EBC2
146,30,92,#A4EBC3
147,30,92,#A4EBC4
148,30,92,#A4EBC5
149,30,92,#A4EBC6
150,30,92,#A4EBC7
151,30,92,#A4EBC9
152,30,92,#A4EBCA
153,30,92,#A4EBCB
154,30,92,#A4EBCC
155,30,92,#A4EBCD
156,30,92,#A4EBCE
157,30,92,#A4EBD0
158,30,92,#A4EBD1
159,30,92,#A4EBD2
160,30,92,#A4EBD3
161,30,92,#A4EBD4
162,30,92,#A4EBD5
163,30,92,#A4EBD7
164,30,92,#A4EBD8
165,30,92,#A4EBD9
166,30,92,#A4EBDA
167,30,92,#A4EBDB
168,30,92,#A4EBDD
169,30,92,#A4EBDE
170,30,92,#A4EBDF
171,30,92,#A4EBE0
172,30,92,#A4EBE1
173,30,92,#A4EBE2
174,30,92,#A4EBE4
175,30,92,#A4EBE5
176,30,92,#A4EBE6
177,30,92,#A4EBE7
178,30,92,#A4EBE8
179,30,92,#A4EBE9
180,30,92,#A4EBEB
181,30,92,#A4E9EB
182,30,92,#A4E8EB
183,30,92,#A4E7EB
184,30,92,#A4E6EB
185,30,92,#A4E5EB
186,30,92,#A4E4EB
187,30,92,#A4E2EB
188,30,92,#A4E1EB
189,30,92,#A4E0EB
190,30,92,#A4DFEB
191,30,92,#A4DEEB
192,30,92,#A4DDEB
193,30,92,#A4DBEB
194,30,92,#A4DAEB
195,30,92,#A4D9EB
196,30,92,#A4D8EB
197,30,92,#A4D7EB
198,30,92,#A4D5EB
199,30,92,#A4D4EB
200,30,92,#A4D3EB
201,30,92,#A4D2EB
202,30,92,#A4D1EB
203,30,92,#A4D0EB
204,30,92,#A4CEEB
205,30,92,#A4CDEB
206,30,92,#A4CCEB
207,30,92,#A4CBEB
208,30,92,#A4CAEB
209,30,92,#A4C9EB
210,30,92,#A4C7EB
211,30,92,#A4C6EB
212,30,92,#A4C5EB
213,30,92,#A4C4EB
214,30,92,#A4C3EB
215,30,92,#A4C2EB
216,30,92,#A4C0EB
217,30,92,#A4BFEB
218,30,92,#A4BEEB
219,30,92,#A4BDEB
220,30,92,#A4BCEB
221,30,92,#A4BBEB
222,30,92,#A4B9EB
223,30,92,#A4B8EB
224,30,92,#A4B7EB
225,30,92,#A4B6EB
226,30,92,#A4B5EB
227,30,92,#A4B3EB
228,30,92,#A4B2EB
229,30,92,#A4B1EB
230,30,92,#A4B0EB
231,30,92,#A4AFEB
232,30,92,#A4AEEB
233,30,92,#A4ACEB
234,30,92,#A4ABEB
235,30,92,#A4AAEB
236,30,92,#A4A9EB
237,30,92,#A4A8EB
238,30,92,#A4A7EB
239,30,92,#A4A5EB
240,30,92,#A4A4EB
241,30,92,#A5A4EB
242,30,92,#A7A4EB
243,30,92,#A8A4EB
244,30,92,#A9A4EB
245,30,92,#AAA4EB
246,30,92,#ABA4EB
247,30,92,#ACA4EB
248,30,92,#AEA4EB
249,30,92,#AFA4EB
250,30,92,#B0A4EB
251,30,92,#B1A4EB
252,30,92,#B2A4EB
253,30,92,#B3A4EB
254,30,92,#B5A4EB
255,30,92,#B6A4EB
256,30,92,#B7A4EB
257,30,92,#B8A4EB
258,30,92,#B9A4EB
259,30,92,#BBA4EB
260,30,92,#BCA4EB
261,30,92,#BDA4EB
262,30,92,#BEA4EB
263,30,92,#BFA4EB
264,30,92,#C0A4EB
265,30,92,#C2A4EB
266,30,92,#C3A4EB
267,30,92,#C4A4EB
268,30,92,#C5A4EB
269,30,92,#C6A4EB
270,30,92,#C7A4EB
271,30,92,#C9A4EB
272,30,92,#CAA4EB
273,30,92,#CBA4EB
274,30,92,#CCA4EB
275,30,92,#CDA4EB
276,30,92,#CEA4EB
277,30,92,#D0A4EB
278,30,92,#D1A4EB
279,30,92,#D2A4EB
280,30,92,#D3A4EB
281,30,92,#D4A4EB
282,30,92,#D5A4EB
283,30,92,#D7A4EB
284,30,92,#D8A4EB
285,30,92,#D9A4EB
286,30,92,#DAA4EB
287,30,92,#DBA4EB
288,30,92,#DDA4EB
289,30,92,#DEA4EB
290,30,92,#DFA4EB
291,30,92,#E0A4EB
292,30,92,#E1A4EB
293,30,92,#E2A4EB
294,30,92,#E4A4EB
295,30,92,#E5A4EB
296,30,92,#E6A4EB
297,30,92,#E7A4EB
298,30,92,#E8A4EB
299,30,92,#E9A4EB
300,30,92,#EBA4EB
301,30,92,#EBA4E9
302,30,92,#EBA4E8
303,30,92,#EBA4E7
304,30,92,#EBA4E6
305,30,92,#EBA4E5
306,30,92,#EBA4E4
307,30,92,#EBA4E2
308,30,92,#EBA4E1
309,30,92,#EBA4E0
310,30,92,#EBA4DF
311,30,92,#EBA4DE
312,30,92,#EBA4DD
313,30,92,#EBA4DB
314,30,92,#EBA4DA
315,30,92,#EBA4D9
316,30,92,#EBA4D8
317,30,92,#EBA4D7
318,30,92,#EBA4D5
319,30,92,#EBA4D4
320,30,92,#EBA4D3
321,30,92,#EBA4D2
322,30,92,#EBA4D1
323,30,92,#EBA4D0
324,30,92,#EBA4CE
325,30,92,#EBA4CD
326,30,92,#EBA4CC
327,30,92,#EBA4CB
328,30,92,#EBA4CA
329,30,92,#EBA4C9
330,30,92,#EBA4C7
331,30,92,#EBA4C6
332,30,92,#EBA4C5
333,30,92,#EBA4C4
334,30,92,#EBA4C3
335,30,92,#EBA4C2
336,30,92,#EBA4C0
337,30,92,#EBA4BF
338,30,92,#EBA4BE
339,30,92,#EBA4BD
340,30,92,#EBA4BC
341,30,92,#EBA4BB
342,30,92,#EBA4B9
343,30,92,#EBA4B8
344,30,92,#EBA4B7
345,30,92,#EBA4B6
346,30,92,#EBA4B5
347,30,92,#EBA4B3
348,30,92,#EBA4B2
349,30,92,#EBA4B1
350,30,92,#EBA4B0
351,30,92,#EBA4AF
352,30,92,#EBA4AE
353,30,92,#EBA4AC
354,30,92,#EBA4AB
355,30,92,#EBA4AA
356,30,92,#EBA4A9
357,30,92,#EBA4A8
358,30,92,#EBA4A7
359,30,92,#EBA4A5
0,29,92,#EBA7A7
1,29,92,#EBA8A7
2,29,92,#EBA9A7
3,29,92,#EBAAA7
4,29,92,#EBABA7
5,29,92,#EBACA7
6,29,92,#EBADA7
7,29,92,#EBAFA7
8,29,92,#EBB0A7
9,29,92,#EBB1A7
10,29,92,#EBB2A7
11,29,92,#EBB3A7
12,29,92,#EBB4A7
13,29,92,#EBB5A7
14,29,92,#EBB6A7
15,29,92,#EBB8A7
16,29,92,#EBB9A7
17,29,92,#EBBAA7
18,29,92,#EBBBA7
19,29,92,#EBBCA7
20,29,92,#EBBDA7
21,29,92,#EBBEA7
22,29,92,#EBC0A7
23,29,92,#EBC1A7
24,29,92,#EBC2A7
25,29,92,#EBC3A7
26,29,92,#EBC4A7
27,29,92,#EBC5A7
28,29,92,#EBC6A7
29,29,92,#EBC7A7
30,29,92,#EBC9A7
31,29,92,#EBCAA7
32,29,92,#EBCBA7
33,29,92,#EBCCA7
34,29,92,#EBCDA7
35,29,92,#EBCEA7
36,29,92,#EBCFA7
37,29,92,#EBD1A7
38,29,92,#EBD2A7
39,29,92,#EBD3A7
40,29,92,#EBD4A7
41,29,92,#EBD5A7
42,29,92,#EBD6A7
43,29,92,#EBD7A7
44,29,92,#EBD8A7
45,29,92,#EBDAA7
46,29,92,#EBDBA7
47,29,92,#EBDCA7
48,29,92,#EBDDA7
49,29,92,#EBDEA7
50,29,92,#EBDFA7
51,29,92,#EBE0A7
52,29,92,#EBE2A7
53,29,92,#EBE3A7
54,29,92,#EBE4A7
55,29,92,#EBE5A7
56,29,92,#EBE6A7
57,29,92,#EBE7A7
58,29,92,#EBE8A7
59,29,92,#EBE9A7
60,29,92,#EBEBA7
61,29,92,#E9EBA7
62,29,92,#E8EBA7
63,29,92,#E7EBA7
64,29,92,#E6EBA7
65,29,92,#E5EBA7
66,29,92,#E4EBA7
67,29,92,#E3EBA7
68,29,92,#E2EBA7
69,29,92,#E0EBA7
70,29,92,#DFEBA7
71,29,92,#DEEBA7
72,29,92,#DDEBA7
73,29,92,#DCEBA7
74,29,92,#DBEBA7
75,29,92,#DAEBA7
76,29,92,#D8EBA7
77,29,92,#D7EBA7
78,29,92,#D6EBA7
79,29,92,#D5EBA7
80,29,92,#D4EBA7
81,29,92,#D3EBA7
82,29,92,#D2EBA7
83,29,92,#D1EBA7
84,29,92,#CFEBA7
85,29,92,#CEEBA7
86,29,92,#CDEBA7
87,29,92,#CCEBA7
88,29,92,#CBEBA7
89,29,92,#CAEBA7
90,29,92,#C9EBA7
91,29,92,#C7EBA7
92,29,92,#C6EBA7
93,29,92,#C5EBA7
94,29,92,#C4EBA7
95,29,92,#C3EBA7
96,29,92,#C2EBA7
97,29,92,#C1EBA7
98,29,92,#C0EBA7
99,29,92,#BEEBA7
100,29,92,#BDEBA7
101,29,92,#BCEBA7
102,29,92,#BBEBA7
103,29,92,#BAEBA7
104,29,92,#B9EBA7
105,29,92,#B8EBA7
106,29,92,#B6EBA7
107,29,92,#B5EBA7
108,29,92,#B4EBA7
109,29,92,#B3EBA7
110,29,92,#B2EBA7
111,29,92,#B1EBA7
112,29,92,#B0EBA7
113,29,92,#AFEBA7
114,29,92,#ADEBA7
115,29,92,#ACEBA7
116,29,92,#ABEBA7
117,29,92,#AAEBA7
118,29,92,#A9EBA7
119,29,92,#A8EBA7
120,29,92,#A7EBA7
121,29,92,#A7EBA8
122,29,92,#A7EBA9
123,29,92,#A7EBAA
124,29,92,#A7EBAB
125,29,92,#A7EBAC
126,29,92,#A7EBAD
127,29,92,#A7EBAF
128,29,92,#A7EBB0
129,29,92,#A7EBB1
130,29,92,#A7EBB2
131,29,92,#A7EBB3
132,29,92,#A7EBB4
133,29,92,#A7EBB5
134,29,92,#A7EBB6
135,29,92,#A7EBB8
136,29,92,#A7EBB9
137,29,92,#A7EBBA
138,29,92,#A7EBBB
139,29,92,#A7EBBC
140,29,92,#A7EBBD
141,29,92,#A7EBBE
142,29,92,#A7EBC0
143,29,92,#A7EBC1
144,29,92,#A7EBC2
145,29,92,#A7EBC3
146,29,92,#A7EBC4
147,29,92,#A7EBC5
148,29,92,#A7EBC6
149,29,92,#A7EBC7
150,29,92,#A7EBC9
151,29,92,#A7EBCA
152,29,92,#A7EBCB
153,29,92,#A7EBCC
154,29,92,#A7EBCD
155,29,92,#A7EBCE
156,29,92,#A7EBCF
157,29,92,#A7EBD1
158,29,92,#A7EBD2
159,29,92,#A7EBD3
160,29,92,#A7EBD4
161,29,92,#A7EBD5
162,29,92,#A7EBD6
163,29,92,#A7EBD7
164,29,92,#A7EBD8
165,29,92,#A7EBDA
166,29,92,#A7EBDB
167,29,92,#A7EBDC
168,29,92,#A7EBDD
169,29,92,#A7EBDE
170,29,92,#A7EBDF
171,29,92,#A7EBE0
172,29,92,#A7EBE2
173,29,92,#A7EBE3
174,29,92,#A7EBE4
175,29,92,#A7EBE5
176,29,92,#A7EBE6
177,29,92,#A7EBE7
178,29,92,#A7EBE8
179,29,92,#A7EBE9
180,29,92,#A7EBEB
181,29,92,#A7E9EB
182,29,92,#A7E8EB
183,29,92,#A7E7EB
184,29,92,#A7E6EB
185,29,92,#A7E5EB
186,29,92,#A7E4EB
187,29,92,#A7E3EB
188,29,92,#A7E2EB
189,29,92,#A7E0EB
190,29,92,#A7DFEB
191,29,92,#A7DEEB
192,29,92,#A7DDEB
193,29,92,#A7DCEB
194,29,92,#A7DBEB
195,29,92,#A7DAEB
196,29,92,#A7D8EB
197,29,92,#A7D7EB
198,29,92,#A7D6EB
199,29,92,#A7D5EB
200,29,92,#A7D4EB
201,29,92,#A7D3EB
202,29,92,#A7D2EB
203,29,92,#A7D1EB
204,29,92,#A7CFEB
205,29,92,#A7CEEB
206,29,92,#A7CDEB
207,29,92,#A7CCEB
208,29,92,#A7CBEB
209,29,92,#A7CAEB
210,29,92,#A7C9EB
211,29,92,#A7C7EB
212,29,92,#A7C6EB
213,29,92,#A7C5EB
214,29,92,#A7C4EB
215,29,92,#A7C3EB
216,29,92,#A7C2EB
217,29,92,#A7C1EB
218,29,92,#A7C0EB
219,29,92,#A7BEEB
220,29,92,#A7BDEB
221,29,92,#A7BCEB
222,29,92,#A7BBEB
223,29,92,#A7BAEB
224,29,92,#A7B9EB
225,29,92,#A7B8EB
226,29,92,#A7B6EB
227,29,92,#A7B5EB
228,29,92,#A7B4EB
229,29,92,#A7B3EB
230,29,92,#A7B2EB
231,29,92,#A7B1EB
232,29,92,#A7B0EB
233,29,92,#A7AFEB
234,29,92,#A7ADEB
235,29,92,#A7ACEB
236,29,92,#A7ABEB
237,29,92,#A7AAEB
238,29,92,#A7A9EB
239,29,92,#A7A8EB
240,29,92,#A7A7EB
241,29,92,#A8A7EB
242,29,92,#A9A7EB
243,29,92,#AAA7EB
244,29,92,#ABA7EB
245,29,92,#ACA7EB
246,29,92,#ADA7EB
247,29,92,#AFA7EB
248,29,92,#B0A7EB
249,29,92,#B1A7EB
250,29,92,#B2A7EB
251,29,92,#B3A7EB
252,29,92,#B4A7EB
253,29,92,#B5A7EB
254,29,92,#B6A7EB
255,29,92,#B8A7EB
256,29,92,#B9A7EB
257,29,92,#BAA7EB
258,29,92,#BBA7EB
259,29,92,#BCA7EB
260,29,92,#BDA7EB
261,29,92,#BEA7EB
262,29,92,#C0A7EB
263,29,92,#C1A7EB
264,29,92,#C2A7EB
265,29,92,#C3A7EB
266,29,92,#C4A7EB
267,29,92,#C5A7EB
268,29,92,#C6A7EB
269,29,92,#C7A7EB
270,29,92,#C9A7EB
271,29,92,#CAA7EB
272,29,92,#CBA7EB
273,29,92,#CCA7EB
274,29,92,#CDA7EB
275,29,92,#CEA7EB
276,29,92,#CFA7EB
277,29,92,#D1A7EB
278,29,92,#D2A7EB
279,29,92,#D3A7EB
280,29,92,#D4A7EB
281,29,92,#D5A7EB
282,29,92,#D6A7EB
283,29,92,#D7A7EB
284,29,92,#D8A7EB
285,29,92,#DAA7EB
286,29,92,#DBA7EB
287,29,92,#DCA7EB
288,29,92,#DDA7EB
289,29,92,#DEA7EB
290,29,92,#DFA7EB
291,29,92,#E0A7EB
292,29,92,#E2A7EB
293,29,92,#E3A7EB
294,29,92,#E4A7EB
295,29,92,#E5A7EB
296,29,92,#E6A7EB
297,29,92,#E7A7EB
298,29,92,#E8A7EB
299,29,92,#E9A7EB
300,29,92,#EBA7EB
301,29,92,#EBA7E9
302,29,92,#EBA7E8
303,29,92,#EBA7E7
304,29,92,#EBA7E6
305,29,92,#EBA7E5
306,29,92,#EBA7E4
307,29,92,#EBA7E3
308,29,92,#EBA7E2
309,29,92,#EBA7E0
310,29,92,#EBA7DF
311,29,92,#EBA7DE
312,29,92,#EBA7DD
313,29,92,#EBA7DC
314,29,92,#EBA7DB
315,29,92,#EBA7DA
316,29,92,#EBA7D8
317,29,92,#EBA7D7
318,29,92,#EBA7D6
319,29,92,#EBA7D5
320,29,92,#EBA7D4
321,29,92,#EBA7D3
322,29,92,#EBA7D2
323,29,92,#EBA7D1
324,29,92,#EBA7CF
325,29,92,#EBA7CE
326,29,92,#EBA7CD
327,29,92,#EBA7CC
328,29,92,#EBA7CB
329,29,92,#EBA7CA
330,29,92,#EBA7C9
331,29,92,#EBA7C7
332,29,92,#EBA7C6
333,29,92,#EBA7C5
334,29,92,#EBA7C4
335,29,92,#EBA7C3
336,29,92,#EBA7C2
337,29,92,#EBA7C1
338,29,92,#EBA7C0
339,29,92,#EBA7BE
340,29,92,#EBA7BD
341,29,92,#EBA7BC
342,29,92,#EBA7BB
343,29,92,#EBA7BA
344,29,92,#EBA7B9
345,29,92,#EBA7B8
346,29,92,#EBA7B6
347,29,92,#EBA7B5
348,29,92,#EBA7B4
349,29,92,#EBA7B3
350,29,92,#EBA7B2
351,29,92,#EBA7B1
352,29,92,#EBA7B0
353,29,92,#EBA7AF
354,29,92,#EBA7AD
355,29,92,#EBA7AC
356,29,92,#EBA7AB
357,29,92,#EBA7AA
358,29,92,#EBA7A9
359,29,92,#EBA7A8
0,28,92,#EBA9A9
1,28,92,#EBAAA9
2,28,92,#EBABA9
3,28,92,#EBACA9
4,28,92,#EBADA9
5,28,92,#EBAEA9
6,28,92,#EBAFA9
7,28,92,#EBB1A9
8,28,92,#EBB2A9
9,28,92,#EBB3A9
10,28,92,#EBB4A9
11,28,92,#EBB5A9
12,28,92,#EBB6A9
13,28,92,#EBB7A9
14,28,92,#EBB8A9
15,28,92,#EBB9A9
16,28,92,#EBBAA9
17,28,92,#EBBCA9
18,28,92,#EBBDA9
19,28,92,#EBBEA9
20,28,92,#EBBFA9
21,28,92,#EBC0A9
22,28,92,#EBC1A9
23,28,92,#EBC2A9
24,28,92,#EBC3A9
25,28,92,#EBC4A9
26,28,92,#EBC5A9
27,28,92,#EBC6A9
28,28,92,#EBC8A9
29,28,92,#EBC9A9
30,28,92,#EBCAA9
31,28,92,#EBCBA9
32,28,92,#EBCCA9
33,28,92,#EBCDA9
34,28,92,#EBCEA9
35,28,92,#EBCFA9
36,28,92,#EBD0A9
37,28,92,#EBD1A9
38,28,92,#EBD3A9
39,28,92,#EBD4A9
40,28,92,#EBD5A9
41,28,92,#EBD6A9
42,28,92,#EBD7A9
43,28,92,#EBD8A9
44,28,92,#EBD9A9
45,28,92,#EBDAA9
46,28,92,#EBDBA9
47,28,92,#EBDCA9
48,28,92,#EBDDA9
49,28,92,#EBDFA9
50,28,92,#EBE0A9
51,28,92,#EBE1A9
52,28,92,#EBE2A9
53,28,92,#EBE3A9
54,28,92,#EBE4A9
55,28,92,#EBE5A9
56,28,92,#EBE6A9
57,28,92,#EBE7A9
58,28,92,#EBE8A9
59,28,92,#EBEAA9
60,28,92,#EBEBA9
61,28,92,#EAEBA9
62,28,92,#E8EBA9
63,28,92,#E7EBA9
64,28,92,#E6EBA9
65,28,92,#E5EBA9
66,28,92,#E4EBA9
67,28,92,#E3EBA9
68,28,92,#E2EBA9
69,28,92,#E1EBA9
70,28,92,#E0EBA9
71,28,92,#DFEBA9
72,28,92,#DDEBA9
73,28,92,#DCEBA9
74,28,92,#DBEBA9
75,28,92,#DAEBA9
76,28,92,#D9EBA9
77,28,92,#D8EBA9
78,28,92,#D7EBA9
79,28,92,#D6EBA9
80,28,92,#D5EBA9
81,28,92,#D4EBA9
82,28,92,#D3EBA9
83,28,92,#D1EBA9
84,28,92,#D0EBA9
85,28,92,#CFEBA9
86,28,92,#CEEBA9
87,28,92,#CDEBA9
88,28,92,#CCEBA9
89,28,92,#CBEBA9
90,28,92,#CAEBA9
91,28,92,#C9EBA9
92,28,92,#C8EBA9
93,28,92,#C6EBA9
94,28,92,#C5EBA9
95,28,92,#C4EBA9
96,28,92,#C3EBA9
97,28,92,#C2EBA9
98,28,92,#C1EBA9
99,28,92,#C0EBA9
100,28,92,#BFEBA9
101,28,92,#BEEBA9
102,28,92,#BDEBA9
103,28,92,#BCEBA9
104,28,92,#BAEBA9
105,28,92,#B9EBA9
106,28,92,#B8EBA9
107,28,92,#B7EBA9
108,28,92,#B6EBA9
109,28,92,#B5EBA9
110,28,92,#B4EBA9
111,28,92,#B3EBA9
112,28,92,#B2EBA9
113,28,92,#B1EBA9
114,28,92,#AFEBA9
115,28,92,#AEEBA9
116,28,92,#ADEBA9
117,28,92,#ACEBA9
118,28,92,#ABEBA9
119,28,92,#AAEBA9
120,28,92,#A9EBA9
121,28,92,#A9EBAA
122,28,92,#A9EBAB
123,28,92,#A9EBAC
124,28,92,#A9EBAD
125,28,92,#A9EBAE
126,28,92,#A9EBAF
127,28,92,#A9EBB1
128,28,92,#A9EBB2
129,28,92,#A9EBB3
130,28,92,#A9EBB4
131,28,92,#A9EBB5
132,28,92,#A9EBB6
133,28,92,#A9EBB7
134,28,92,#A9EBB8
135,28,92,#A9EBB9
136,28,92,#A9EBBA
137,28,92,#A9EBBC
138,28,92,#A9EBBD
139,28,92,#A9EBBE
140,28,92,#A9EBBF
141,28,92,#A9EBC0
142,28,92,#A9EBC1
143,28,92,#A9EBC2
144,28,92,#A9EBC3
145,28,92,#A9EBC4
146,28,92,#A9EBC5
147,28,92,#A9EBC6
148,28,92,#A9EBC8
149,28,92,#A9EBC9
150,28,92,#A9EBCA
151,28,92,#A9EBCB
152,28,92,#A9EBCC
153,28,92,#A9EBCD
154,28,92,#A9EBCE
155,28,92,#A9EBCF
156,28,92,#A9EBD0
157,28,92,#A9EBD1
158,28,92,#A9EBD3
159,28,92,#A9EBD4
160,28,92,#A9EBD5
161,28,92,#A9EBD6
162,28,92,#A9EBD7
163,28,92,#A9EBD8
164,28,92,#A9EBD9
165,28,92,#A9EBDA
166,28,92,#A9EBDB
167,28,92,#A9EBDC
168,28,92,#A9EBDD
169,28,92,#A9EBDF
170,28,92,#A9EBE0
171,28,92,#A9EBE1
172,28,92,#A9EBE2
173,28,92,#A9EBE3
174,28,92,#A9EBE4
175,28,92,#A9EBE5
176,28,92,#A9EBE6
177,28,92,#A9EBE7
178,28,92,#A9EBE8
179,28,92,#A9EBEA
180,28,92,#A9EBEB
181,28,92,#A9EAEB
182,28,92,#A9E8EB
183,28,92,#A9E7EB
184,28,92,#A9E6EB
185,28,92,#A9E5EB
186,28,92,#A9E4EB
187,28,92,#A9E3EB
188,28,92,#A9E2EB
189,28,92,#A9E1EB
190,28,92,#A9E0EB
191,28,92,#A9DFEB
192,28,92,#A9DDEB
193,28,92,#A9DCEB
194,28,92,#A9DBEB
195,28,92,#A9DAEB
196,28,92,#A9D9EB
197,28,92,#A9D8EB
198,28,92,#A9D7EB
199,28,92,#A9D6EB
200,28,92,#A9D5EB
201,28,92,#A9D4EB
202,28,92,#A9D3EB
203,28,92,#A9D1EB
204,28,92,#A9D0EB
205,28,92,#A9CFEB
206,28,92,#A9CEEB
207,28,92,#A9CDEB
208,28,92,#A9CCEB
209,28,92,#A9CBEB
210,28,92,#A9CAEB
211,28,92,#A9C9EB
212,28,92,#A9C8EB
213,28,92,#A9C6EB
214,28,92,#A9C5EB
215,28,92,#A9C4EB
216,28,92,#A9C3EB
217,28,92,#A9C2EB
218,28,92,#A9C1EB
219,28,92,#A9C0EB
220,28,92,#A9BFEB
221,28,92,#A9BEEB
222,28,92,#A9BDEB
223,28,92,#A9BCEB
224,28,92,#A9BAEB
225,28,92,#A9B9EB
226,28,92,#A9B8EB
227,28,92,#A9B7EB
228,28,92,#A9B6EB
229,28,92,#A9B5EB
230,28,92,#A9B4EB
231,28,92,#A9B3EB
232,28,92,#A9B2EB
233,28,92,#A9B1EB
234,28,92,#A9AFEB
235,28,92,#A9AEEB
236,28,92,#A9ADEB
237,28,92,#A9ACEB
238,28,92,#A9ABEB
239,28,92,#A9AAEB
240,28,92,#A9A9EB
241,28,92,#AAA9EB
242,28,92,#ABA9EB
243,28,92,#ACA9EB
244,28,92,#ADA9EB
245,28,92,#AEA9EB
246,28,92,#AFA9EB
247,28,92,#B1A9EB
248,28,92,#B2A9EB
249,28,92,#B3A9EB
250,28,92,#B4A9EB
251,28,92,#B5A9EB
252,28,92,#B6A9EB
253,28,92,#B7A9EB
254,28,92,#B8A9EB
255,28,92,#B9A9EB
256,28,92,#BAA9EB
257,28,92,#BCA9EB
258,28,92,#BDA9EB
259,28,92,#BEA9EB
260,28,92,#BFA9EB
261,28,92,#C0A9EB
262,28,92,#C1A9EB
263,28,92,#C2A9EB
264,28,92,#C3A9EB
265,28,92,#C4A9EB
266,28,92,#C5A9EB
267,28,92,#C6A9EB
268,28,92,#C8A9EB
269,28,92,#C9A9EB
270,28,92,#CAA9EB
271,28,92,#CBA9EB
272,28,92,#CCA9EB
273,28,92,#CDA9EB
274,28,92,#CEA9EB
275,28,92,#CFA9EB
276,28,92,#D0A9EB
277,28,92,#D1A9EB
278,28,92,#D3A9EB
279,28,92,#D4A9EB
280,28,92,#D5A9EB
281,28,92,#D6A9EB
282,28,92,#D7A9EB
283,28,92,#D8A9EB
284,28,92,#D9A9EB
285,28,92,#DAA9EB
286,28,92,#DBA9EB
287,28,92,#DCA9EB
288,28,92,#DDA9EB
289,28,92,#DFA9EB
290,28,92,#E0A9EB
291,28,92,#E1A9EB
292,28,92,#E2A9EB
293,28,92,#E3A9EB
294,28,92,#E4A9EB
295,28,92,#E5A9EB
296,28,92,#E6A9EB
297,28,92,#E7A9EB
298,28,92,#E8A9EB
299,28,92,#EAA9EB
300,28,92,#EBA9EB
301,28,92,#EBA9EA
302,28,92,#EBA9E8
303,28,92,#EBA9E7
304,28,92,#EBA9E6
305,28,92,#EBA9E5
306,28,92,#EBA9E4
307,28,92,#EBA9E3
308,28,92,#EBA9E2
309,28,92,#EBA9E1
310,28,92,#EBA9E0
311,28,92,#EBA9DF
312,28,92,#EBA9DD
313,28,92,#EBA9DC
314,28,92,#EBA9DB
315,28,92,#EBA9DA
316,28,92,#EBA9D9
317,28,92,#EBA9D8
318,28,92,#EBA9D7
319,28,92,#EBA9D6
320,28,92,#EBA9D5
321,28,92,#EBA9D4
322,28,92,#EBA9D3
323,28,92,#EBA9D1
324,28,92,#EBA9D0
325,28,92,#EBA9CF
326,28,92,#EBA9CE
327,28,92,#EBA9CD
328,28,92,#EBA9CC
329,28,92,#EBA9CB
330,28,92,#EBA9CA
331,28,92,#EBA9C9
332,28,92,#EBA9C8
333,28,92,#EBA9C6
334,28,92,#EBA9C5
335,28,92,#EBA9C4
336,28,92,#EBA9C3
337,28,92,#EBA9C2
338,28,92,#EBA9C1
339,28,92,#EBA9C0
340,28,92,#EBA9BF
341,28,92,#EBA9BE
342,28,92,#EBA9BD
343,28,92,#EBA9BC
344,28,92,#EBA9BA
345,28,92,#EBA9B9
346,28,92,#EBA9B8
347,28,92,#EBA9B7
348,28,92,#EBA9B6
349,28,92,#EBA9B5
350,28,92,#EBA9B4
351,28,92,#EBA9B3
352,28,92,#EBA9B2
353,28,92,#EBA9B1
354,28,92,#EBA9AF
355,28,92,#EBA9AE
356,28,92,#EBA9AD
357,28,92,#EBA9AC
358,28,92,#EBA9AB
359,28,92,#EBA9AA
0,27,92,#EBABAB
1,27,92,#EBACAB
2,27,92,#EBADAB
3,27,92,#EBAEAB
4,27,92,#EBAFAB
5,27,92,#EBB1AB
6,27,92,#EBB2AB
7,27,92,#EBB3AB
8,27,92,#EBB4AB
9,27,92,#EBB5AB
10,27,92,#EBB6AB
11,27,92,#EBB7AB
12,27,92,#EBB8AB
13,27,92,#EBB9AB
14,27,92,#EBBAAB
15,27,92,#EBBBAB
16,27,92,#EBBCAB
17,27,92,#EBBDAB
18,27,92,#EBBEAB
19,27,92,#EBBFAB
20,27,92,#EBC0AB
21,27,92,#EBC1AB
22,27,92,#EBC2AB
23,27,92,#EBC4AB
24,27,92,#EBC5AB
25,27,92,#EBC6AB
26,27,92,#EBC7AB
27,27,92,#EBC8AB
28,27,92,#EBC9AB
29,27,92,#EBCAAB
30,27,92,#EBCBAB
31,27,92,#EBCCAB
32,27,92,#EBCDAB
33,27,92,#EBCEAB
34,27,92,#EBCFAB
35,27,92,#EBD0AB
36,27,92,#EBD1AB
37,27,92,#EBD2AB
38,27,92,#EBD3AB
39,27,92,#EBD4AB
40,27,92,#EBD5AB
41,27,92,#EBD7AB
42,27,92,#EBD8AB
43,27,92,#EBD9AB
44,27,92,#EBDAAB
45,27,92,#EBDBAB
46,27,92,#EBDCAB
47,27,92,#EBDDAB
48,27,92,#EBDEAB
49,27,92,#EBDFAB
50,27,92,#EBE0AB
51,27,92,#EBE1AB
52,27,92,#EBE2AB
53,27,92,#EBE3AB
54,27,92,#EBE4AB
55,27,92,#EBE5AB
56,27,92,#EBE6AB
57,27,92,#EBE7AB
58,27,92,#EBE8AB
59,27,92,#EBEAAB
60,27,92,#EBEBAB
61,27,92,#EAEBAB
62,27,92,#E8EBAB
63,27,92,#E7EBAB
64,27,92,#E6EBAB
65,27,92,#E5EBAB
66,27,92,#E4EBAB
67,27,92,#E3EBAB
68,27,92,#E2EBAB
69,27,92,#E1EBAB
70,27,92,#E0EBAB
71,27,92,#DFEBAB
72,27,92,#DEEBAB
73,27,92,#DDEBAB
74,27,92,#DCEBAB
75,27,92,#DBEBAB
76,27,92,#DAEBAB
77,27,92,#D9EBAB
78,27,92,#D8EBAB
79,27,92,#D7EBAB
80,27,92,#D5EBAB
81,27,92,#D4EBAB
82,27,92,#D3EBAB
83,27,92,#D2EBAB
84,27,92,#D1EBAB
85,27,92,#D0EBAB
86,27,92,#CFEBAB
87,27,92,#CEEBAB
88,27,92,#CDEBAB
89,27,92,#CCEBAB
90,27,92,#CBEBAB
91,27,92,#CAEBAB
92,27,92,#C9EBAB
93,27,92,#C8EBAB
94,27,92,#C7EBAB
95,27,92,#C6EBAB
96,27,92,#C5EBAB
97,27,92,#C4EBAB
98,27,92,#C2EBAB
99,27,92,#C1EBAB
100,27,92,#C0EBAB
101,27,92,#BFEBAB
102,27,92,#BEEBAB
103,27,92,#BDEBAB
104,27,92,#BCEBAB
105,27,92,#BBEBAB
106,27,92,#BAEBAB
107,27,92,#B9EBAB
108,27,92,#B8EBAB
109,27,92,#B7EBAB
110,27,92,#B6EBAB
111,27,92,#B5EBAB
112,27,92,#B4EBAB
113,27,92,#B3EBAB
114,27,92,#B2EBAB
115,27,92,#B1EBAB
116,27,92,#AFEBAB
117,27,92,#AEEBAB
118,27,92,#ADEBAB
119,27,92,#ACEBAB
120,27,92,#ABEBAB
121,27,92,#ABEBAC
122,27,92,#ABEBAD
123,27,92,#ABEBAE
124,27,92,#ABEBAF
125,27,92,#ABEBB1
126,27,92,#ABEBB2
127,27,92,#ABEBB3
128,27,92,#ABEBB4
129,27,92,#ABEBB5
130,27,92,#ABEBB6
131,27,92,#ABEBB7
132,27,92,#ABEBB8
133,27,92,#ABEBB9
134,27,92,#ABEBBA
135,27,92,#ABEBBB
136,27,92,#ABEBBC
137,27,92,#ABEBBD
138,27,92,#ABEBBE
139,27,92,#ABEBBF
140,27,92,#ABEBC0
141,27,92,#ABEBC1
142,27,92,#ABEBC2
143,27,92,#ABEBC4
144,27,92,#ABEBC5
145,27,92,#ABEBC6
146,27,92,#ABEBC7
147,27,92,#ABEBC8
148,27,92,#ABEBC9
149,27,92,#ABEBCA
150,27,92,#ABEBCB
151,27,92,#ABEBCC
152,27,92,#ABEBCD
153,27,92,#ABEBCE
154,27,92,#ABEBCF
155,27,92,#ABEBD0
156,27,92,#ABEBD1
157,27,92,#ABEBD2
158,27,92,#ABEBD3
159,27,92,#ABEBD4
160,27,92,#ABEBD5
161,27,92,#ABEBD7
162,27,92,#ABEBD8
163,27,92,#ABEBD9
164,27,92,#ABEBDA
165,27,92,#ABEBDB
166,27,92,#ABEBDC
167,27,92,#ABEBDD
168,27,92,#ABEBDE
169,27,92,#ABEBDF
170,27,92,#ABEBE0
171,27,92,#ABEBE1
172,27,92,#ABEBE2
173,27,92,#ABEBE3
174,27,92,#ABEBE4
175,27,92,#ABEBE5
176,27,92,#ABEBE6
177,27,92,#ABEBE7
178,27,92,#ABEBE8
179,27,92,#ABEBEA
180,27,92,#ABEBEB
181,27,92,#ABEAEB
182,27,92,#ABE8EB
183,27,92,#ABE7EB
184,27,92,#ABE6EB
185,27,92,#ABE5EB
186,27,92,#ABE4EB
187,27,92,#ABE3EB
188,27,92,#ABE2EB
189,27,92,#ABE1EB
190,27,92,#ABE0EB
191,27,92,#ABDFEB
192,27,92,#ABDEEB
193,27,92,#ABDDEB
194,27,92,#ABDCEB
195,27,92,#ABDBEB
196,27,92,#ABDAEB
197,27,92,#ABD9EB
198,27,92,#ABD8EB
199,27,92,#ABD7EB
200,27,92,#ABD5EB
201,27,92,#ABD4EB
202,27,92,#ABD3EB
203,27,92,#ABD2EB
204,27,92,#ABD1EB
205,27,92,#ABD0EB
206,27,92,#ABCFEB
207,27,92,#ABCEEB
208,27,92,#ABCDEB
209,27,92,#ABCCEB
210,27,92,#ABCBEB
211,27,92,#ABCAEB
212,27,92,#ABC9EB
213,27,92,#ABC8EB
214,27,92,#ABC7EB
215,27,92,#ABC6EB
216,27,92,#ABC5EB
217,27,92,#ABC4EB
218,27,92,#ABC2EB
219,27,92,#ABC1EB
220,27,92,#ABC0EB
221,27,92,#ABBFEB
222,27,92,#ABBEEB
223,27,92,#ABBDEB
224,27,92,#ABBCEB
225,27,92,#ABBBEB
226,27,92,#ABBAEB
227,27,92,#ABB9EB
228,27,92,#ABB8EB
229,27,92,#ABB7EB
230,27,92,#ABB6EB
231,27,92,#ABB5EB
232,27,92,#ABB4EB
233,27,92,#ABB3EB
234,27,92,#ABB2EB
235,27,92,#ABB1EB
236,27,92,#ABAFEB
237,27,92,#ABAEEB
238,27,92,#ABADEB
239,27,92,#ABACEB
240,27,92,#ABABEB
241,27,92,#ACABEB
242,27,92,#ADABEB
243,27,92,#AEABEB
244,27,92,#AFABEB
245,27,92,#B1ABEB
246,27,92,#B2ABEB
247,27,92,#B3ABEB
248,27,92,#B4ABEB
249,27,92,#B5ABEB
250,27,92,#B6ABEB
251,27,92,#B7ABEB
252,27,92,#B8ABEB
253,27,92,#B9ABEB
254,27,92,#BAABEB
255,27,92,#BBABEB
256,27,92,#BCABEB
257,27,92,#BDABEB
258,27,92,#BEABEB
259,27,92,#BFABEB
260,27,92,#C0ABEB
261,27,92,#C1ABEB
262,27,92,#C2ABEB
263,27,92,#C4ABEB
264,27,92,#C5ABEB
265,27,92,#C6ABEB
266,27,92,#C7ABEB
267,27,92,#C8ABEB
268,27,92,#C9ABEB
269,27,92,#CAABEB
270,27,92,#CBABEB
271,27,92,#CCABEB
272,27,92,#CDABEB
273,27,92,#CEABEB
274,27,92,#CFABEB
275,27,92,#D0ABEB
276,27,92,#D1ABEB
277,27,92,#D2ABEB
278,27,92,#D3ABEB
279,27,92,#D4ABEB
280,27,92,#D5ABEB
281,27,92,#D7ABEB
282,27,92,#D8ABEB
283,27,92,#D9ABEB
284,27,92,#DAABEB
285,27,92,#DBABEB
286,27,92,#DCABEB
287,27,92,#DDABEB
288,27,92,#DEABEB
289,27,92,#DFABEB
290,27,92,#E0ABEB
291,27,92,#E1ABEB
292,27,92,#E2ABEB
293,27,92,#E3ABEB
294,27,92,#E4ABEB
295,27,92,#E5ABEB
296,27,92,#E6ABEB
297,27,92,#E7ABEB
298,27,92,#E8ABEB
299,27,92,#EAABEB
300,27,92,#EBABEB
301,27,92,#EBABEA
302,27,92,#EBABE8
303,27,92,#EBABE7
304,27,92,#EBABE6
305,27,92,#EBABE5
306,27,92,#EBABE4
307,27,92,#EBABE3
308,27,92,#EBABE2
309,27,92,#EBABE1
310,27,92,#EBABE0
311,27,92,#EBABDF
312,27,92,#EBABDE
313,27,92,#EBABDD
314,27,92,#EBABDC
315,27,92,#EBABDB
316,27,92,#EBABDA
317,27,92,#EBABD9
318,27,92,#EBABD8
319,27,92,#EBABD7
320,27,92,#EBABD5
321,27,92,#EBABD4
322,27,92,#EBABD3
323,27,92,#EBABD2
324,27,92,#EBABD1
325,27,92,#EBABD0
326,27,92,#EBABCF
327,27,92,#EBABCE
328,27,92,#EBABCD
329,27,92,#EBABCC
330,27,92,#EBABCB
331,27,92,#EBABCA
332,27,92,#EBABC9
333,27,92,#EBABC8
334,27,92,#EBABC7
335,27,92,#EBABC6
336,27,92,#EBABC5
337,27,92,#EBABC4
338,27,92,#EBABC2
339,27,92,#EBABC1
340,27,92,#EBABC0
341,27,92,#EBABBF
342,27,92,#EBABBE
343,27,92,#EBABBD
344,27,92,#EBABBC
345,27,92,#EBABBB
346,27,92,#EBABBA
347,27,92,#EBABB9
348,27,92,#EBABB8
349,27,92,#EBABB7
350,27,92,#EBABB6
351,27,92,#EBABB5
352,27,92,#EBABB4
353,27,92,#EBABB3
354,27,92,#EBABB2
355,27,92,#EBABB1
356,27,92,#EBABAF
357,27,92,#EBABAE
358,27,92,#EBABAD
359,27,92,#EBABAC
0,26,92,#EBAEAE
1,26,92,#EBAFAE
2,26,92,#EBB0AE
3,26,92,#EBB1AE
4,26,92,#EBB2AE
5,26,92,#EBB3AE
6,26,92,#EBB4AE
7,26,92,#EBB5AE
8,26,92,#EBB6AE
9,26,92,#EBB7AE
10,26,92,#EBB8AE
11,26,92,#EBB9AE
12,26,92,#EBBAAE
13,26,92,#EBBBAE
14,26,92,#EBBCAE
15,26,92,#EBBDAE
16,26,92,#EBBEAE
17,26,92,#EBBFAE
18,26,92,#EBC0AE
19,26,92,#EBC1AE
20,26,92,#EBC2AE
21,26,92,#EBC3AE
22,26,92,#EBC4AE
23,26,92,#EBC5AE
24,26,92,#EBC6AE
25,26,92,#EBC7AE
26,26,92,#EBC8AE
27,26,92,#EBC9AE
28,26,92,#EBCAAE
29,26,92,#EBCBAE
30,26,92,#EBCCAE
31,26,92,#EBCDAE
32,26,92,#EBCEAE
33,26,92,#EBCFAE
34,26,92,#EBD0AE
35,26,92,#EBD1AE
36,26,92,#EBD2AE
37,26,92,#EBD3AE
38,26,92,#EBD4AE
39,26,92,#EBD5AE
40,26,92,#EBD6AE
41,26,92,#EBD7AE
42,26,92,#EBD8AE
43,26,92,#EBD9AE
44,26,92,#EBDAAE
45,26,92,#EBDBAE
46,26,92,#EBDCAE
47,26,92,#EBDDAE
48,26,92,#EBDEAE
49,26,92,#EBDFAE
50,26,92,#EBE0AE
51,26,92,#EBE1AE
52,26,92,#EBE2AE
53,26,92,#EBE3AE
54,26,92,#EBE5AE
55,26,92,#EBE6AE
56,26,92,#EBE7AE
57,26,92,#EBE8AE
58,26,92,#EBE9AE
59,26,92,#EBEAAE
60,26,92,#EBEBAE
61,26,92,#EAEBAE
62,26,92,#E9EBAE
63,26,92,#E8EBAE
64,26,92,#E7EBAE
65,26,92,#E6EBAE
66,26,92,#E5EBAE
67,26,92,#E3EBAE
68,26,92,#E2EBAE
69,26,92,#E1EBAE
70,26,92,#E0EBAE
71,26,92,#DFEBAE
72,26,92,#DEEBAE
73,26,92,#DDEBAE
74,26,92,#DCEBAE
75,26,92,#DBEBAE
76,26,92,#DAEBAE
77,26,92,#D9EBAE
78,26,92,#D8EBAE
79,26,92,#D7EBAE
80,26,92,#D6EBAE
81,26,92,#D5EBAE
82,26,92,#D4EBAE
83,26,92,#D3EBAE
84,26,92,#D2EBAE
85,26,92,#D1EBAE
86,26,92,#D0EBAE
87,26,92,#CFEBAE
88,26,92,#CEEBAE
89,26,92,#CDEBAE
90,26,92,#CCEBAE
91,26,92,#CBEBAE
92,26,92,#CAEBAE
93,26,92,#C9EBAE
94,26,92,#C8EBAE
95,26,92,#C7EBAE
96,26,92,#C6EBAE
97,26,92,#C5EBAE
98,26,92,#C4EBAE
99,26,92,#C3EBAE
100,26,92,#C2EBAE
101,26,92,#C1EBAE
102,26,92,#C0EBAE
103,26,92,#BFEBAE
104,26,92,#BEEBAE
105,26,92,#BDEBAE
106,26,92,#BCEBAE
107,26,92,#BBEBAE
108,26,92,#BAEBAE
109,26,92,#B9EBAE
110,26,92,#B8EBAE
111,26,92,#B7EBAE
112,26,92,#B6EBAE
113,26,92,#B5EBAE
114,26,92,#B4EBAE
115,26,92,#B3EBAE
116,26,92,#B2EBAE
117,26,92,#B1EBAE
118,26,92,#B0EBAE
119,26,92,#AFEBAE
120,26,92,#AEEBAE
121,26,92,#AEEBAF
122,26,92,#AEEBB0
123,26,92,#AEEBB1
124,26,92,#AEEBB2
125,26,92,#AEEBB3
126,26,92,#AEEBB4
127,26,92,#AEEBB5
128,26,92,#AEEBB6
129,26,92,#AEEBB7
130,26,92,#AEEBB8
131,26,92,#AEEBB9
132,26,92,#AEEBBA
133,26,92,#AEEBBB
134,26,92,#AEEBBC
135,26,92,#AEEBBD
136,26,92,#AEEBBE
137,26,92,#AEEBBF
138,26,92,#AEEBC0
139,26,92,#AEEBC1
140,26,92,#AEEBC2
141,26,92,#AEEBC3
142,26,92,#AEEBC4
143,26,92,#AEEBC5
144,26,92,#AEEBC6
145,26,92,#AEEBC7
146,26,92,#AEEBC8
147,26,92,#AEEBC9
148,26,92,#AEEBCA
149,26,92,#AEEBCB
150,26,92,#AEEBCC
151,26,92,#AEEBCD
152,26,92,#AEEBCE
153,26,92,#AEEBCF
154,26,92,#AEEBD0
155,26,92,#AEEBD1
156,26,92,#AEEBD2
157,26,92,#AEEBD3
158,26,92,#AEEBD4
159,26,92,#AEEBD5
160,26,92,#AEEBD6
161,26,92,#AEEBD7
162,26,92,#AEEBD8
163,26,92,#AEEBD9
164,26,92,#AEEBDA
165,26,92,#AEEBDB
166,26,92,#AEEBDC
167,26,92,#AEEBDD
168,26,92,#AEEBDE
169,26,92,#AEEBDF
170,26,92,#AEEBE0
171,26,92,#AEEBE1
172,26,92,#AEEBE2
173,26,92,#AEEBE3
174,26,92,#AEEBE5
175,26,92,#AEEBE6
176,26,92,#AEEBE7
177,26,92,#AEEBE8
178,26,92,#AEEBE9
179,26,92,#AEEBEA
180,26,92,#AEEBEB
181,26,92,#AEEAEB
182,26,92,#AEE9EB
183,26,92,#AEE8EB
184,26,92,#AEE7EB
185,26,92,#AEE6EB
186,26,92,#AEE5EB
187,26,92,#AEE3EB
188,26,92,#AEE2EB
189,26,92,#AEE1EB
190,26,92,#AEE0EB
191,26,92,#AEDFEB
192,26,92,#AEDEEB
193,26,92,#AEDDEB
194,26,92,#AEDCEB
195,26,92,#AEDBEB
196,26,92,#AEDAEB
197,26,92,#AED9EB
198,26,92,#AED8EB
199,26,92,#AED7EB
200,26,92,#AED6EB
201,26,92,#AED5EB
202,26,92,#AED4EB
203,26,92,#AED3EB
204,26,92,#AED2EB
205,26,92,#AED1EB
206,26,92,#AED0EB
207,26,92,#AECFEB
208,26,92,#AECEEB
209,26,92,#AECDEB
210,26,92,#AECCEB
211,26,92,#AECBEB
212,26,92,#AECAEB
213,26,92,#AEC9EB
214,26,92,#AEC8EB
215,26,92,#AEC7EB
216,26,92,#AEC6EB
217,26,92,#AEC5EB
218,26,92,#AEC4EB
219,26,92,#AEC3EB
220,26,92,#AEC2EB
221,26,92,#AEC1EB
222,26,92,#AEC0EB
223,26,92,#AEBFEB
224,26,92,#AEBEEB
225,26,92,#AEBDEB
226,26,92,#AEBCEB
227,26,92,#AEBBEB
228,26,92,#AEBAEB
229,26,92,#AEB9EB
230,26,92,#AEB8EB
231,26,92,#AEB7EB
232,26,92,#AEB6EB
233,26,92,#AEB5EB
234,26,92,#AEB4EB
235,26,92,#AEB3EB
236,26,92,#AEB2EB
237,26,92,#AEB1EB
238,26,92,#AEB0EB
239,26,92,#AEAFEB
240,26,92,#AEAEEB
241,26,92,#AFAEEB
242,26,92,#B0AEEB
243,26,92,#B1AEEB
244,26,92,#B2AEEB
245,26,92,#B3AEEB
246,26,92,#B4AEEB
247,26,92,#B5AEEB
248,26,92,#B6AEEB
249,26,92,#B7AEEB
250,26,92,#B8AEEB
251,26,92,#B9AEEB
252,26,92,#BAAEEB
253,26,92,#BBAEEB
254,26,92,#BCAEEB
255,26,92,#BDAEEB
256,26,92,#BEAEEB
257,26,92,#BFAEEB
258,26,92,#C0AEEB
259,26,92,#C1AEEB
260,26,92,#C2AEEB
261,26,92,#C3AEEB
262,26,92,#C4AEEB
263,26,92,#C5AEEB
264,26,92,#C6AEEB
265,26,92,#C7AEEB
266,26,92,#C8AEEB
267,26,92,#C9AEEB
268,26,92,#CAAEEB
269,26,92,#CBAEEB
270,26,92,#CCAEEB
271,26,92,#CDAEEB
272,26,92,#CEAEEB
273,26,92,#CFAEEB
274,26,92,#D0AEEB
275,26,92,#D1AEEB
276,26,92,#D2AEEB
277,26,92,#D3AEEB
278,26,92,#D4AEEB
279,26,92,#D5AEEB
280,26,92,#D6AEEB
281,26,92,#D7AEEB
282,26,92,#D8AEEB
283,26,92,#D9AEEB
284,26,92,#DAAEEB
285,26,92,#DBAEEB
286,26,92,#DCAEEB
287,26,92,#DDAEEB
288,26,92,#DEAEEB
289,26,92,#DFAEEB
290,26,92,#E0AEEB
291,26,92,#E1AEEB
292,26,92,#E2AEEB
293,26,92,#E3AEEB
294,26,92,#E5AEEB
295,26,92,#E6AEEB
296,26,92,#E7AEEB
297,26,92,#E8AEEB
298,26,92,#E9AEEB
299,26,92,#EAAEEB
300,26,92,#EBAEEB
301,26,92,#EBAEEA
302,26,92,#EBAEE9
303,26,92,#EBAEE8
304,26,92,#EBAEE7
305,26,92,#EBAEE6
306,26,92,#EBAEE5
307,26,92,#EBAEE3
308,26,92,#EBAEE2
309,26,92,#EBAEE1
310,26,92,#EBAEE0
311,26,92,#EBAEDF
312,26,92,#EBAEDE
313,26,92,#EBAEDD
314,26,92,#EBAEDC
315,26,92,#EBAEDB
316,26,92,#EBAEDA
317,26,92,#EBAED9
318,26,92,#EBAED8
319,26,92,#EBAED7
320,26,92,#EBAED6
321,26,92,#EBAED5
322,26,92,#EBAED4
323,26,92,#EBAED3
324,26,92,#EBAED2
325,26,92,#EBAED1
326,26,92,#EBAED0
327,26,92,#EBAECF
328,26,92,#EBAECE
329,26,92,#EBAECD
330,26,92,#EBAECC
331,26,92,#EBAECB
332,26,92,#EBAECA
333,26,92,#EBAEC9
334,26,92,#EBAEC8
335,26,92,#EBAEC7
336,26,92,#EBAEC6
337,26,92,#EBAEC5
338,26,92,#EBAEC4
339,26,92,#EBAEC3
340,26,92,#EBAEC2
341,26,92,#EBAEC1
342,26,92,#EBAEC0
343,26,92,#EBAEBF
344,26,92,#EBAEBE
345,26,92,#EBAEBD
346,26,92,#EBAEBC
347,26,92,#EBAEBB
348,26,92,#EBAEBA
349,26,92,#EBAEB9
350,26,92,#EBAEB8
351,26,92,#EBAEB7
352,26,92,#EBAEB6
353,26,92,#EBAEB5
354,26,92,#EBAEB4
355,26,92,#EBAEB3
356,26,92,#EBAEB2
357,26,92,#EBAEB1
358,26,92,#EBAEB0
359,26,92,#EBAEAF
0,25,92,#EBB0B0
1,25,92,#EBB1B0
2,25,92,#EBB2B0
3,25,92,#EBB3B0
4,25,92,#EBB4B0
5,25,92,#EBB5B0
6,25,92,#EBB6B0
7,25,92,#EBB7B0
8,25,92,#EBB8B0
9,25,92,#EBB9B0
10,25,92,#EBBAB0
11,25,92,#EBBBB0
12,25,92,#EBBCB0
13,25,92,#EBBDB0
14,25,92,#EBBEB0
15,25,92,#EBBFB0
16,25,92,#EBC0B0
17,25,92,#EBC1B0
18,25,92,#EBC2B0
19,25,92,#EBC3B0
20,25,92,#EBC3B0
21,25,92,#EBC4B0
22,25,92,#EBC5B0
23,25,92,#EBC6B0
24,25,92,#EBC7B0
25,25,92,#EBC8B0
26,25,92,#EBC9B0
27,25,92,#EBCAB0
28,25,92,#EBCBB0
29,25,92,#EBCCB0
30,25,92,#EBCDB0
31,25,92,#EBCEB0
32,25,92,#EBCFB0
33,25,92,#EBD0B0
34,25,92,#EBD1B0
35,25,92,#EBD2B0
36,25,92,#EBD3B0
37,25,92,#EBD4B0
38,25,92,#EBD5B0
39,25,92,#EBD6B0
40,25,92,#EBD7B0
41,25,92,#EBD8B0
42,25,92,#EBD9B0
43,25,92,#EBDAB0
44,25,92,#EBDBB0
45,25,92,#EBDCB0
46,25,92,#EBDDB0
47,25,92,#EBDEB0
48,25,92,#EBDFB0
49,25,92,#EBE0B0
50,25,92,#EBE1B0
51,25,92,#EBE2B0
52,25,92,#EBE3B0
53,25,92,#EBE4B0
54,25,92,#EBE5B0
55,25,92,#EBE6B0
56,25,92,#EBE7B0
57,25,92,#EBE8B0
58,25,92,#EBE9B0
59,25,92,#EBEAB0
60,25,92,#EBEBB0
61,25,92,#EAEBB0
62,25,92,#E9EBB0
63,25,92,#E8EBB0
64,25,92,#E7EBB0
65,25,92,#E6EBB0
66,25,92,#E5EBB0
67,25,92,#E4EBB0
68,25,92,#E3EBB0
69,25,92,#E2EBB0
70,25,92,#E1EBB0
71,25,92,#E0EBB0
72,25,92,#DFEBB0
73,25,92,#DEEBB0
74,25,92,#DDEBB0
75,25,92,#DCEBB0
76,25,92,#DBEBB0
77,25,92,#DAEBB0
78,25,92,#D9EBB0
79,25,92,#D8EBB0
80,25,92,#D7EBB0
81,25,92,#D6EBB0
82,25,92,#D5EBB0
83,25,92,#D4EBB0
84,25,92,#D3EBB0
85,25,92,#D2EBB0
86,25,92,#D1EBB0
87,25,92,#D0EBB0
88,25,92,#CFEBB0
89,25,92,#CEEBB0
90,25,92,#CDEBB0
91,25,92,#CCEBB0
92,25,92,#CBEBB0
93,25,92,#CAEBB0
94,25,92,#C9EBB0
95,25,92,#C8EBB0
96,25,92,#C7EBB0
97,25,92,#C6EBB0
98,25,92,#C5EBB0
99,25,92,#C4EBB0
100,25,92,#C3EBB0
101,25,92,#C3EBB0
102,25,92,#C2EBB0
103,25,92,#C1EBB0
104,25,92,#C0EBB0
105,25,92,#BFEBB0
106,25,92,#BEEBB0
107,25,92,#BDEBB0
108,25,92,#BCEBB0
109,25,92,#BBEBB0
110,25,92,#BAEBB0
111,25,92,#B9EBB0
112,25,92,#B8EBB0
113,25,92,#B7EBB0
114,25,92,#B6EBB0
115,25,92,#B5EBB0
116,25,92,#B4EBB0
117,25,92,#B3EBB0
118,25,92,#B2EBB0
119,25,92,#B1EBB0
120,25,92,#B0EBB0
121,25,92,#B0EBB1
122,25,92,#B0EBB2
123,25,92,#B0EBB3
124,25,92,#B0EBB4
125,25,92,#B0EBB5
126,25,92,#B0EBB6
127,25,92,#B0EBB7
128,25,92,#B0EBB8
129,25,92,#B0EBB9
130,25,92,#B0EBBA
131,25,92,#B0EBBB
132,25,92,#B0EBBC
133,25,92,#B0EBBD
134,25,92,#B0EBBE
135,25,92,#B0EBBF
136,25,92,#B0EBC0
137,25,92,#B0EBC1
138,25,92,#B0EBC2
139,25,92,#B0EBC3
140,25,92,#B0EBC4
141,25,92,#B0EBC4
142,25,92,#B0EBC5
143,25,92,#B0EBC6
144,25,92,#B0EBC7
145,25,92,#B0EBC8
146,25,92,#B0EBC9
147,25,92,#B0EBCA
148,25,92,#B0EBCB
149,25,92,#B0EBCC
150,25,92,#B0EBCD
151,25,92,#B0EBCE
152,25,92,#B0EBCF
153,25,92,#B0EBD0
154,25,92,#B0EBD1
155,25,92,#B0EBD2
156,25,92,#B0EBD3
157,25,92,#B0EBD4
158,25,92,#B0EBD5
159,25,92,#B0EBD6
160,25,92,#B0EBD7
161,25,92,#B0EBD8
162,25,92,#B0EBD9
163,25,92,#B0EBDA
164,25,92,#B0EBDB
165,25,92,#B0EBDC
166,25,92,#B0EBDD
167,25,92,#B0EBDE
168,25,92,#B0EBDF
169,25,92,#B0EBE0
170,25,92,#B0EBE1
171,25,92,#B0EBE2
172,25,92,#B0EBE3
173,25,92,#B0EBE4
174,25,92,#B0EBE5
175,25,92,#B0EBE6
176,25,92,#B0EBE7
177,25,92,#B0EBE8
178,25,92,#B0EBE9
179,25,92,#B0EBEA
180,25,92,#B0EBEB
181,25,92,#B0EAEB
182,25,92,#B0E9EB
183,25,92,#B0E8EB
184,25,92,#B0E7EB
185,25,92,#B0E6EB
186,25,92,#B0E5EB
187,25,92,#B0E4EB
188,25,92,#B0E3EB
189,25,92,#B0E2EB
190,25,92,#B0E1EB
191,25,92,#B0E0EB
192,25,92,#B0DFEB
193,25,92,#B0DEEB
194,25,92,#B0DDEB
195,25,92,#B0DCEB
196,25,92,#B0DBEB
197,25,92,#B0DAEB
198,25,92,#B0D9EB
199,25,92,#B0D8EB
200,25,92,#B0D7EB
201,25,92,#B0D6EB
202,25,92,#B0D5EB
203,25,92,#B0D4EB
204,25,92,#B0D3EB
205,25,92,#B0D2EB
206,25,92,#B0D1EB
207,25,92,#B0D0EB
208,25,92,#B0CFEB
209,25,92,#B0CEEB
210,25,92,#B0CDEB
211,25,92,#B0CCEB
212,25,92,#B0CBEB
213,25,92,#B0CAEB
214,25,92,#B0C9EB
215,25,92,#B0C8EB
216,25,92,#B0C7EB
217,25,92,#B0C6EB
218,25,92,#B0C5EB
219,25,92,#B0C4EB
220,25,92,#B0C3EB
221,25,92,#B0C3EB
222,25,92,#B0C2EB
223,25,92,#B0C1EB
224,25,92,#B0C0EB
225,25,92,#B0BFEB
226,25,92,#B0BEEB
227,25,92,#B0BDEB
228,25,92,#B0BCEB
229,25,92,#B0BBEB
230,25,92,#B0BAEB
231,25,92,#B0B9EB
232,25,92,#B0B8EB
233,25,92,#B0B7EB
234,25,92,#B0B6EB
235,25,92,#B0B5EB
236,25,92,#B0B4EB
237,25,92,#B0B3EB
238,25,92,#B0B2EB
239,25,92,#B0B1EB
240,25,92,#B0B0EB
241,25,92,#B1B0EB
242,25,92,#B2B0EB
243,25,92,#B3B0EB
244,25,92,#B4B0EB
245,25,92,#B5B0EB
246,25,92,#B6B0EB
247,25,92,#B7B0EB
248,25,92,#B8B0EB
249,25,92,#B9B0EB
250,25,92,#BAB0EB
251,25,92,#BBB0EB
252,25,92,#BCB0EB
253,25,92,#BDB0EB
254,25,92,#BEB0EB
255,25,92,#BFB0EB
256,25,92,#C0B0EB
257,25,92,#C1B0EB
258,25,92,#C2B0EB
259,25,92,#C3B0EB
260,25,92,#C3B0EB
261,25,92,#C4B0EB
262,25,92,#C5B0EB
263,25,92,#C6B0EB
264,25,92,#C7B0EB
265,25,92,#C8B0EB
266,25,92,#C9B0EB
267,25,92,#CAB0EB
268,25,92,#CBB0EB
269,25,92,#CCB0EB
270,25,92,#CDB0EB
271,25,92,#CEB0EB
272,25,92,#CFB0EB
273,25,92,#D0B0EB
274,25,92,#D1B0EB
275,25,92,#D2B0EB
276,25,92,#D3B0EB
277,25,92,#D4B0EB
278,25,92,#D5B0EB
279,25,92,#D6B0EB
280,25,92,#D7B0EB
281,25,92,#D8B0EB
282,25,92,#D9B0EB
283,25,92,#DAB0EB
284,25,92,#DBB0EB
285,25,92,#DCB0EB
286,25,92,#DDB0EB
287,25,92,#DEB0EB
288,25,92,#DFB0EB
289,25,92,#E0B0EB
290,25,92,#E1B0EB
291,25,92,#E2B0EB
292,25,92,#E3B0EB
293,25,92,#E4B0EB
294,25,92,#E5B0EB
295,25,92,#E6B0EB
296,25,92,#E7B0EB
297,25,92,#E8B0EB
298,25,92,#E9B0EB
299,25,92,#EAB0EB
300,25,92,#EBB0EB
301,25,92,#EBB0EA
302,25,92,#EBB0E9
303,25,92,#EBB0E8
304,25,92,#EBB0E7
305,25,92,#EBB0E6
306,25,92,#EBB0E5
307,25,92,#EBB0E4
308,25,92,#EBB0E3
309,25,92,#EBB0E2
310,25,92,#EBB0E1
311,25,92,#EBB0E0
312,25,92,#EBB0DF
313,25,92,#EBB0DE
314,25,92,#EBB0DD
315,25,92,#EBB0DC
316,25,92,#EBB0DB
317,25,92,#EBB0DA
318,25,92,#EBB0D9
319,25,92,#EBB0D8
320,25,92,#EBB0D7
321,25,92,#EBB0D6
322,25,92,#EBB0D5
323,25,92,#EBB0D4
324,25,92,#EBB0D3
325,25,92,#EBB0D2
326,25,92,#EBB0D1
327,25,92,#EBB0D0
328,25,92,#EBB0CF
329,25,92,#EBB0CE
330,25,92,#EBB0CD
331,25,92,#EBB0CC
332,25,92,#EBB0CB
333,25,92,#EBB0CA
334,25,92,#EBB0C9
335,25,92,#EBB0C8
336,25,92,#EBB0C7
337,25,92,#EBB0C6
338,25,92,#EBB0C5
339,25,92,#EBB0C4
340,25,92,#EBB0C4
341,25,92,#EBB0C3
342,25,92,#EBB0C2
343,25,92,#EBB0C1
344,25,92,#EBB0C0
345,25,92,#EBB0BF
346,25,92,#EBB0BE
347,25,92,#EBB0BD
348,25,92,#EBB0BC
349,25,92,#EBB0BB
350,25,92,#EBB0BA
351,25,92,#EBB0B9
352,25,92,#EBB0B8
353,25,92,#EBB0B7
354,25,92,#EBB0B6
355,25,92,#EBB0B5
356,25,92,#EBB0B4
357,25,92,#EBB0B3
358,25,92,#EBB0B2
359,25,92,#EBB0B1
0,24,92,#EBB2B2
1,24,92,#EBB3B2
2,24,92,#EBB4B2
3,24,92,#EBB5B2
4,24,92,#EBB6B2
5,24,92,#EBB7B2
6,24,92,#EBB8B2
7,24,92,#EBB9B2
8,24,92,#EBBAB2
9,24,92,#EBBBB2
10,24,92,#EBBCB2
11,24,92,#EBBDB2
12,24,92,#EBBEB2
13,24,92,#EBBEB2
14,24,92,#EBBFB2
15,24,92,#EBC0B2
16,24,92,#EBC1B2
17,24,92,#EBC2B2
18,24,92,#EBC3B2
19,24,92,#EBC4B2
20,24,92,#EBC5B2
21,24,92,#EBC6B2
22,24,92,#EBC7B2
23,24,92,#EBC8B2
24,24,92,#EBC9B2
25,24,92,#EBCAB2
26,24,92,#EBCBB2
27,24,92,#EBCCB2
28,24,92,#EBCDB2
29,24,92,#EBCEB2
30,24,92,#EBCEB2
31,24,92,#EBCFB2
32,24,92,#EBD0B2
33,24,92,#EBD1B2
34,24,92,#EBD2B2
35,24,92,#EBD3B2
36,24,92,#EBD4B2
37,24,92,#EBD5B2
38,24,92,#EBD6B2
39,24,92,#EBD7B2
40,24,92,#EBD8B2
41,24,92,#EBD9B2
42,24,92,#EBDAB2
43,24,92,#EBDBB2
44,24,92,#EBDCB2
45,24,92,#EBDDB2
46,24,92,#EBDDB2
47,24,92,#EBDEB2
48,24,92,#EBDFB2
49,24,92,#EBE0B2
50,24,92,#EBE1B2
51,24,92,#EBE2B2
52,24,92,#EBE3B2
53,24,92,#EBE4B2
54,24,92,#EBE5B2
55,24,92,#EBE6B2
56,24,92,#EBE7B2
57,24,92,#EBE8B2
58,24,92,#EBE9B2
59,24,92,#EBEAB2
60,24,92,#EBEBB2
61,24,92,#EAEBB2
62,24,92,#E9EBB2
63,24,92,#E8EBB2
64,24,92,#E7EBB2
65,24,92,#E6EBB2
66,24,92,#E5EBB2
67,24,92,#E4EBB2
68,24,92,#E3EBB2
69,24,92,#E2EBB2
70,24,92,#E1EBB2
71,24,92,#E0EBB2
72,24,92,#DFEBB2
73,24,92,#DEEBB2
74,24,92,#DDEBB2
75,24,92,#DDEBB2
76,24,92,#DCEBB2
77,24,92,#DBEBB2
78,24,92,#DAEBB2
79,24,92,#D9EBB2
80,24,92,#D8EBB2
81,24,92,#D7EBB2
82,24,92,#D6EBB2
83,24,92,#D5EBB2
84,24,92,#D4EBB2
85,24,92,#D3EBB2
86,24,92,#D2EBB2
87,24,92,#D1EBB2
88,24,92,#D0EBB2
89,24,92,#CFEBB2
90,24,92,#CEEBB2
91,24,92,#CEEBB2
92,24,92,#CDEBB2
93,24,92,#CCEBB2
94,24,92,#CBEBB2
95,24,92,#CAEBB2
96,24,92,#C9EBB2
97,24,92,#C8EBB2
98,24,92,#C7EBB2
99,24,92,#C6EBB2
100,24,92,#C5EBB2
101,24,92,#C4EBB2
102,24,92,#C3EBB2
103,24,92,#C2EBB2
104,24,92,#C1EBB2
105,24,92,#C0EBB2
106,24,92,#BFEBB2
107,24,92,#BEEBB2
108,24,92,#BEEBB2
109,24,92,#BDEBB2
110,24,92,#BCEBB2
111,24,92,#BBEBB2
112,24,92,#BAEBB2
113,24,92,#B9EBB2
114,24,92,#B8EBB2
115,24,92,#B7EBB2
116,24,92,#B6EBB2
117,24,92,#B5EBB2
118,24,92,#B4EBB2
119,24,92,#B3EBB2
120,24,92,#B2EBB2
121,24,92,#B2EBB3
122,24,92,#B2EBB4
123,24,92,#B2EBB5
124,24,92,#B2EBB6
125,24,92,#B2EBB7
126,24,92,#B2EBB8
127,24,92,#B2EBB9
128,24,92,#B2EBBA
129,24,92,#B2EBBB
130,24,92,#B2EBBC
131,24,92,#B2EBBD
132,24,92,#B2EBBE
133,24,92,#B2EBBE
134,24,92,#B2EBBF
135,24,92,#B2EBC0
136,24,92,#B2EBC1
137,24,92,#B2EBC2
138,24,92,#B2EBC3
139,24,92,#B2EBC4
140,24,92,#B2EBC5
141,24,92,#B2EBC6
142,24,92,#B2EBC7
143,24,92,#B2EBC8
144,24,92,#B2EBC9
145,24,92,#B2EBCA
146,24,92,#B2EBCB
147,24,92,#B2EBCC
148,24,92,#B2EBCD
149,24,92,#B2EBCE
150,24,92,#B2EBCE
151,24,92,#B2EBCF
152,24,92,#B2EBD0
153,24,92,#B2EBD1
154,24,92,#B2EBD2
155,24,92,#B2EBD3
156,24,92,#B2EBD4
157,24,92,#B2EBD5
158,24,92,#B2EBD6
159,24,92,#B2EBD7
160,24,92,#B2EBD8
161,24,92,#B2EBD9
162,24,92,#B2EBDA
163,24,92,#B2EBDB
164,24,92,#B2EBDC
165,24,92,#B2EBDD
166,24,92,#B2EBDD
167,24,92,#B2EBDE
168,24,92,#B2EBDF
169,24,92,#B2EBE0
170,24,92,#B2EBE1
171,24,92,#B2EBE2
172,24,92,#B2EBE3
173,24,92,#B2EBE4
174,24,92,#B2EBE5
175,24,92,#B2EBE6
176,24,92,#B2EBE7
177,24,92,#B2EBE8
178,24,92,#B2EBE9
179,24,92,#B2EBEA
180,24,92,#B2EBEB
181,24,92,#B2EAEB
182,24,92,#B2E9EB
183,24,92,#B2E8EB
184,24,92,#B2E7EB
185,24,92,#B2E6EB
186,24,92,#B2E5EB
187,24,92,#B2E4EB
188,24,92,#B2E3EB
189,24,92,#B2E2EB
190,24,92,#B2E1EB
191,24,92,#B2E0EB
192,24,92,#B2DFEB
193,24,92,#B2DEEB
194,24,92,#B2DDEB
195,24,92,#B2DDEB
196,24,92,#B2DCEB
197,24,92,#B2DBEB
198,24,92,#B2DAEB
199,24,92,#B2D9EB
200,24,92,#B2D8EB
201,24,92,#B2D7EB
202,24,92,#B2D6EB
203,24,92,#B2D5EB
204,24,92,#B2D4EB
205,24,92,#B2D3EB
206,24,92,#B2D2EB
207,24,92,#B2D1EB
208,24,92,#B2D0EB
209,24,92,#B2CFEB
210,24,92,#B2CEEB
211,24,92,#B2CEEB
212,24,92,#B2CDEB
213,24,92,#B2CCEB
214,24,92,#B2CBEB
215,24,92,#B2CAEB
216,24,92,#B2C9EB
217,24,92,#B2C8EB
218,24,92,#B2C7EB
219,24,92,#B2C6EB
220,24,92,#B2C5EB
221,24,92,#B2C4EB
222,24,92,#B2C3EB
223,24,92,#B2C2EB
224,24,92,#B2C1EB
225,24,92,#B2C0EB
226,24,92,#B2BFEB
227,24,92,#B2BEEB
228,24,92,#B2BEEB
229,24,92,#B2BDEB
230,24,92,#B2BCEB
231,24,92,#B2BBEB
232,24,92,#B2BAEB
233,24,92,#B2B9EB
234,24,92,#B2B8EB
235,24,92,#B2B7EB
236,24,92,#B2B6EB
237,24,92,#B2B5EB
238,24,92,#B2B4EB
239,24,92,#B2B3EB
240,24,92,#B2B2EB
241,24,92,#B3B2EB
242,24,92,#B4B2EB
243,24,92,#B5B2EB
244,24,92,#B6B2EB
245,24,92,#B7B2EB
246,24,92,#B8B2EB
247,24,92,#B9B2EB
248,24,92,#BAB2EB
249,24,92,#BBB2EB
250,24,92,#BCB2EB
251,24,92,#BDB2EB
252,24,92,#BEB2EB
253,24,92,#BEB2EB
254,24,92,#BFB2EB
255,24,92,#C0B2EB
256,24,92,#C1B2EB
257,24,92,#C2B2EB
258,24,92,#C3B2EB
259,24,92,#C4B2EB
260,24,92,#C5B2EB
261,24,92,#C6B2EB
262,24,92,#C7B2EB
263,24,92,#C8B2EB
264,24,92,#C9B2EB
265,24,92,#CAB2EB
266,24,92,#CBB2EB
267,24,92,#CCB2EB
268,24,92,#CDB2EB
269,24,92,#CEB2EB
270,24,92,#CEB2EB
271,24,92,#CFB2EB
272,24,92,#D0B2EB
273,24,92,#D1B2EB
274,24,92,#D2B2EB
275,24,92,#D3B2EB
276,24,92,#D4B2EB
277,24,92,#D5B2EB
278,24,92,#D6B2EB
279,24,92,#D7B2EB
280,24,92,#D8B2EB
281,24,92,#D9B2EB
282,24,92,#DAB2EB
283,24,92,#DBB2EB
284,24,92,#DCB2EB
285,24,92,#DDB2EB
286,24,92,#DDB2EB
287,24,92,#DEB2EB
288,24,92,#DFB2EB
289,24,92,#E0B2EB
290,24,92,#E1B2EB
291,24,92,#E2B2EB
292,24,92,#E3B2EB
293,24,92,#E4B2EB
294,24,92,#E5B2EB
295,24,92,#E6B2EB
296,24,92,#E7B2EB
297,24,92,#E8B2EB
298,24,92,#E9B2EB
299,24,92,#EAB2EB
300,24,92,#EBB2EB
301,24,92,#EBB2EA
302,24,92,#EBB2E9
303,24,92,#EBB2E8
304,24,92,#EBB2E7
305,24,92,#EBB2E6
306,24,92,#EBB2E5
307,24,92,#EBB2E4
308,24,92,#EBB2E3
309,24,92,#EBB2E2
310,24,92,#EBB2E1
311,24,92,#EBB2E0
312,24,92,#EBB2DF
313,24,92,#EBB2DE
314,24,92,#EBB2DD
315,24,92,#EBB2DD
316,24,92,#EBB2DC
317,24,92,#EBB2DB
318,24,92,#EBB2DA
319,24,92,#EBB2D9
320,24,92,#EBB2D8
321,24,92,#EBB2D7
322,24,92,#EBB2D6
323,24,92,#EBB2D5
324,24,92,#EBB2D4
325,24,92,#EBB2D3
326,24,92,#EBB2D2
327,24,92,#EBB2D1
328,24,92,#EBB2D0
329,24,92,#EBB2CF
330,24,92,#EBB2CE
331,24,92,#EBB2CE
332,24,92,#EBB2CD
333,24,92,#EBB2CC
334,24,92,#EBB2CB
335,24,92,#EBB2CA
336,24,92,#EBB2C9
337,24,92,#EBB2C8
338,24,92,#EBB2C7
339,24,92,#EBB2C6
340,24,92,#EBB2C5
341,24,92,#EBB2C4
342,24,92,#EBB2C3
343,24,92,#EBB2C2
344,24,92,#EBB2C1
345,24,92,#EBB2C0
346,24,92,#EBB2BF
347,24,92,#EBB2BE
348,24,92,#EBB2BE
349,24,92,#EBB2BD
350,24,92,#EBB2BC
351,24,92,#EBB2BB
352,24,92,#EBB2BA
353,24,92,#EBB2B9
354,24,92,#EBB2B8
355,24,92,#EBB2B7
356,24,92,#EBB2B6
357,24,92,#EBB2B5
358,24,92,#EBB2B4
359,24,92,#EBB2B3
0,23,92,#EBB5B5
1,23,92,#EBB6B5
2,23,92,#EBB6B5
3,23,92,#EBB7B5
4,23,92,#EBB8B5
5,23,92,#EBB9B5
6,23,92,#EBBAB5
7,23,92,#EBBBB5
8,23,92,#EBBCB5
9,23,92,#EBBDB5
10,23,92,#EBBEB5
11,23,92,#EBBFB5
12,23,92,#EBBFB5
13,23,92,#EBC0B5
14,23,92,#EBC1B5
15,23,92,#EBC2B5
16,23,92,#EBC3B5
17,23,92,#EBC4B5
18,23,92,#EBC5B5
19,23,92,#EBC6B5
20,23,92,#EBC7B5
21,23,92,#EBC8B5
22,23,92,#EBC8B5
23,23,92,#EBC9B5
24,23,92,#EBCAB5
25,23,92,#EBCBB5
26,23,92,#EBCCB5
27,23,92,#EBCDB5
28,23,92,#EBCEB5
29,23,92,#EBCFB5
30,23,92,#EBD0B5
31,23,92,#EBD1B5
32,23,92,#EBD1B5
33,23,92,#EBD2B5
34,23,92,#EBD3B5
35,23,92,#EBD4B5
36,23,92,#EBD5B5
37,23,92,#EBD6B5
38,23,92,#EBD7B5
39,23,92,#EBD8B5
40,23,92,#EBD9B5
41,23,92,#EBDAB5
42,23,92,#EBDAB5
43,23,92,#EBDBB5
44,23,92,#EBDCB5
45,23,92,#EBDDB5
46,23,92,#EBDEB5
47,23,92,#EBDFB5
48,23,92,#EBE0B5
49,23,92,#EBE1B5
50,23,92,#EBE2B5
51,23,92,#EBE3B5
52,23,92,#EBE3B5
53,23,92,#EBE4B5
54,23,92,#EBE5B5
55,23,92,#EBE6B5
56,23,92,#EBE7B5
57,23,92,#EBE8B5
58,23,92,#EBE9B5
59,23,92,#EBEAB5
60,23,92,#EBEBB5
61,23,92,#EAEBB5
62,23,92,#E9EBB5
63,23,92,#E8EBB5
64,23,92,#E7EBB5
65,23,92,#E6EBB5
66,23,92,#E5EBB5
67,23,92,#E4EBB5
68,23,92,#E3EBB5
69,23,92,#E3EBB5
70,23,92,#E2EBB5
71,23,92,#E1EBB5
72,23,92,#E0EBB5
73,23,92,#DFEBB5
74,23,92,#DEEBB5
75,23,92,#DDEBB5
76,23,92,#DCEBB5
77,23,92,#DBEBB5
78,23,92,#DAEBB5
79,23,92,#DAEBB5
80,23,92,#D9EBB5
81,23,92,#D8EBB5
82,23,92,#D7EBB5
83,23,92,#D6EBB5
84,23,92,#D5EBB5
85,23,92,#D4EBB5
86,23,92,#D3EBB5
87,23,92,#D2EBB5
88,23,92,#D1EBB5
89,23,92,#D1EBB5
90,23,92,#D0EBB5
91,23,92,#CFEBB5
92,23,92,#CEEBB5
93,23,92,#CDEBB5
94,23,92,#CCEBB5
95,23,92,#CBEBB5
96,23,92,#CAEBB5
97,23,92,#C9EBB5
98,23,92,#C8EBB5
99,23,92,#C8EBB5
100,23,92,#C7EBB5
101,23,92,#C6EBB5
102,23,92,#C5EBB5
103,23,92,#C4EBB5
104,23,92,#C3EBB5
105,23,92,#C2EBB5
106,23,92,#C1EBB5
107,23,92,#C0EBB5
108,23,92,#BFEBB5
109,23,92,#BFEBB5
110,23,92,#BEEBB5
111,23,92,#BDEBB5
112,23,92,#BCEBB5
113,23,92,#BBEBB5
114,23,92,#BAEBB5
115,23,92,#B9EBB5
116,23,92,#B8EBB5
117,23,92,#B7EBB5
118,23,92,#B6EBB5
119,23,92,#B6EBB5
120,23,92,#B5EBB5
121,23,92,#B5EBB6
122,23,92,#B5EBB6
123,23,92,#B5EBB7
124,23,92,#B5EBB8
125,23,92,#B5EBB9
126,23,92,#B5EBBA
127,23,92,#B5EBBB
128,23,92,#B5EBBC
129,23,92,#B5EBBD
130,23,92,#B5EBBE
131,23,92,#B5EBBF
132,23,92,#B5EBBF
133,23,92,#B5EBC0
134,23,92,#B5EBC1
135,23,92,#B5EBC2
136,23,92,#B5EBC3
137,23,92,#B5EBC4
138,23,92,#B5EBC5
139,23,92,#B5EBC6
140,23,92,#B5EBC7
141,23,92,#B5EBC8
142,23,92,#B5EBC8
143,23,92,#B5EBC9
144,23,92,#B5EBCA
145,23,92,#B5EBCB
146,23,92,#B5EBCC
147,23,92,#B5EBCD
148,23,92,#B5EBCE
149,23,92,#B5EBCF
150,23,92,#B5EBD0
151,23,92,#B5EBD1
152,23,92,#B5EBD1
153,23,92,#B5EBD2
154,23,92,#B5EBD3
155,23,92,#B5EBD4
156,23,92,#B5EBD5
157,23,92,#B5EBD6
158,23,92,#B5EBD7
159,23,92,#B5EBD8
160,23,92,#B5EBD9
161,23,92,#B5EBDA
162,23,92,#B5EBDA
163,23,92,#B5EBDB
164,23,92,#B5EBDC
165,23,92,#B5EBDD
166,23,92,#B5EBDE
167,23,92,#B5EBDF
168,23,92,#B5EBE0
169,23,92,#B5EBE1
170,23,92,#B5EBE2
171,23,92,#B5EBE3
172,23,92,#B5EBE3
173,23,92,#B5EBE4
174,23,92,#B5EBE5
175,23,92,#B5EBE6
176,23,92,#B5EBE7
177,23,92,#B5EBE8
178,23,92,#B5EBE9
179,23,92,#B5EBEA
180,23,92,#B5EBEB
181,23,92,#B5EAEB
182,23,92,#B5E9EB
183,23,92,#B5E8EB
184,23,92,#B5E7EB
185,23,92,#B5E6EB
186,23,92,#B5E5EB
187,23,92,#B5E4EB
188,23,92,#B5E3EB
189,23,92,#B5E3EB
190,23,92,#B5E2EB
191,23,92,#B5E1EB
192,23,92,#B5E0EB
193,23,92,#B5DFEB
194,23,92,#B5DEEB
195,23,92,#B5DDEB
196,23,92,#B5DCEB
197,23,92,#B5DBEB
198,23,92,#B5DAEB
199,23,92,#B5DAEB
200,23,92,#B5D9EB
201,23,92,#B5D8EB
202,23,92,#B5D7EB
203,23,92,#B5D6EB
204,23,92,#B5D5EB
205,23,92,#B5D4EB
206,23,92,#B5D3EB
207,23,92,#B5D2EB
208,23,92,#B5D1EB
209,23,92,#B5D1EB
210,23,92,#B5D0EB
211,23,92,#B5CFEB
212,23,92,#B5CEEB
213,23,92,#B5CDEB
214,23,92,#B5CCEB
215,23,92,#B5CBEB
216,23,92,#B5CAEB
217,23,92,#B5C9EB
218,23,92,#B5C8EB
219,23,92,#B5C8EB
220,23,92,#B5C7EB
221,23,92,#B5C6EB
222,23,92,#B5C5EB
223,23,92,#B5C4EB
224,23,92,#B5C3EB
225,23,92,#B5C2EB
226,23,92,#B5C1EB
227,23,92,#B5C0EB
228,23,92,#B5BFEB
229,23,92,#B5BFEB
230,23,92,#B5BEEB
231,23,92,#B5BDEB
232,23,92,#B5BCEB
233,23,92,#B5BBEB
234,23,92,#B5BAEB
235,23,92,#B5B9EB
236,23,92,#B5B8EB
237,23,92,#B5B7EB
238,23,92,#B5B6EB
239,23,92,#B5B6EB
240,23,92,#B5B5EB
241,23,92,#B6B5EB
242,23,92,#B6B5EB
243,23,92,#B7B5EB
244,23,92,#B8B5EB
245,23,92,#B9B5EB
246,23,92,#BAB5EB
247,23,92,#BBB5EB
248,23,92,#BCB5EB
249,23,92,#BDB5EB
250,23,92,#BEB5EB
251,23,92,#BFB5EB
252,23,92,#BFB5EB
253,23,92,#C0B5EB
254,23,92,#C1B5EB
255,23,92,#C2B5EB
256,23,92,#C3B5EB
257,23,92,#C4B5EB
258,23,92,#C5B5EB
259,23,92,#C6B5EB
260,23,92,#C7B5EB
261,23,92,#C8B5EB
262,23,92,#C8B5EB
263,23,92,#C9B5EB
264,23,92,#CAB5EB
265,23,92,#CBB5EB
266,23,92,#CCB5EB
267,23,92,#CDB5EB
268,23,92,#CEB5EB
269,23,92,#CFB5EB
270,23,92,#D0B5EB
271,23,92,#D1B5EB
272,23,92,#D1B5EB
273,23,92,#D2B5EB
274,23,92,#D3B5EB
275,23,92,#D4B5EB
276,23,92,#D5B5EB
277,23,92,#D6B5EB
278,23,92,#D7B5EB
279,23,92,#D8B5EB
280,23,92,#D9B5EB
281,23,92,#DAB5EB
282,23,92,#DAB5EB
283,23,92,#DBB5EB
284,23,92,#DCB5EB
285,23,92,#DDB5EB
286,23,92,#DEB5EB
287,23,92,#DFB5EB
288,23,92,#E0B5EB
289,23,92,#E1B5EB
290,23,92,#E2B5EB
291,23,92,#E3B5EB
292,23,92,#E3B5EB
293,23,92,#E4B5EB
294,23,92,#E5B5EB
295,23,92,#E6B5EB
296,23,92,#E7B5EB
297,23,92,#E8B5EB
298,23,92,#E9B5EB
299,23,92,#EAB5EB
300,23,92,#EBB5EB
301,23,92,#EBB5EA
302,23,92,#EBB5E9
303,23,92,#EBB5E8
304,23,92,#EBB5E7
305,23,92,#EBB5E6
306,23,92,#EBB5E5
307,23,92,#EBB5E4
308,23,92,#EBB5E3
309,23,92,#EBB5E3
310,23,92,#EBB5E2
311,23,92,#EBB5E1
312,23,92,#EBB5E0
313,23,92,#EBB5DF
314,23,92,#EBB5DE
315,23,92,#EBB5DD
316,23,92,#EBB5DC
317,23,92,#EBB5DB
318,23,92,#EBB5DA
319,23,92,#EBB5DA
320,23,92,#EBB5D9
321,23,92,#EBB5D8
322,23,92,#EBB5D7
323,23,92,#EBB5D6
324,23,92,#EBB5D5
325,23,92,#EBB5D4
326,23,92,#EBB5D3
327,23,92,#EBB5D2
328,23,92,#EBB5D1
329,23,92,#EBB5D1
330,23,92,#EBB5D0
331,23,92,#EBB5CF
332,23,92,#EBB5CE
333,23,92,#EBB5CD
334,23,92,#EBB5CC
335,23,92,#EBB5CB
336,23,92,#EBB5CA
337,23,92,#EBB5C9
338,23,92,#EBB5C8
339,23,92,#EBB5C8
340,23,92,#EBB5C7
341,23,92,#EBB5C6
342,23,92,#EBB5C5
343,23,92,#EBB5C4
344,23,92,#EBB5C3
345,23,92,#EBB5C2
346,23,92,#EBB5C1
347,23,92,#EBB5C0
348,23,92,#EBB5BF
349,23,92,#EBB5BF
350,23,92,#EBB5BE
351,23,92,#EBB5BD
352,23,92,#EBB5BC
353,23,92,#EBB5BB
354,23,92,#EBB5BA
355,23,92,#EBB5B9
356,23,92,#EBB5B8
357,23,92,#EBB5B7
358,23,92,#EBB5B6
359,23,92,#EBB5B6
0,22,92,#EBB7B7
1,22,92,#EBB8B7
2,22,92,#EBB9B7
3,22,92,#EBBAB7
4,22,92,#EBBAB7
5,22,92,#EBBBB7
6,22,92,#EBBCB7
7,22,92,#EBBDB7
8,22,92,#EBBEB7
9,22,92,#EBBFB7
10,22,92,#EBC0B7
11,22,92,#EBC0B7
12,22,92,#EBC1B7
13,22,92,#EBC2B7
14,22,92,#EBC3B7
15,22,92,#EBC4B7
16,22,92,#EBC5B7
17,22,92,#EBC6B7
18,22,92,#EBC6B7
19,22,92,#EBC7B7
20,22,92,#EBC8B7
21,22,92,#EBC9B7
22,22,92,#EBCAB7
23,22,92,#EBCBB7
24,22,92,#EBCCB7
25,22,92,#EBCCB7
26,22,92,#EBCDB7
27,22,92,#EBCEB7
28,22,92,#EBCFB7
29,22,92,#EBD0B7
30,22,92,#EBD1B7
31,22,92,#EBD2B7
32,22,92,#EBD3B7
33,22,92,#EBD3B7
34,22,92,#EBD4B7
35,22,92,#EBD5B7
36,22,92,#EBD6B7
37,22,92,#EBD7B7
38,22,92,#EBD8B7
39,22,92,#EBD9B7
40,22,92,#EBD9B7
41,22,92,#EBDAB7
42,22,92,#EBDBB7
43,22,92,#EBDCB7
44,22,92,#EBDDB7
45,22,92,#EBDEB7
46,22,92,#EBDFB7
47,22,92,#EBDFB7
48,22,92,#EBE0B7
49,22,92,#EBE1B7
50,22,92,#EBE2B7
51,22,92,#EBE3B7
52,22,92,#EBE4B7
53,22,92,#EBE5B7
54,22,92,#EBE5B7
55,22,92,#EBE6B7
56,22,92,#EBE7B7
57,22,92,#EBE8B7
58,22,92,#EBE9B7
59,22,92,#EBEAB7
60,22,92,#EBEBB7
61,22,92,#EAEBB7
62,22,92,#E9EBB7
63,22,92,#E8EBB7
64,22,92,#E7EBB7
65,22,92,#E6EBB7
66,22,92,#E5EBB7
67,22,92,#E5EBB7
68,22,92,#E4EBB7
69,22,92,#E3EBB7
70,22,92,#E2EBB7
71,22,92,#E1EBB7
72,22,92,#E0EBB7
73,22,92,#DFEBB7
74,22,92,#DFEBB7
75,22,92,#DEEBB7
76,22,92,#DDEBB7
77,22,92,#DCEBB7
78,22,92,#DBEBB7
79,22,92,#DAEBB7
80,22,92,#D9EBB7
81,22,92,#D9EBB7
82,22,92,#D8EBB7
83,22,92,#D7EBB7
84,22,92,#D6EBB7
85,22,92,#D5EBB7
86,22,92,#D4EBB7
87,22,92,#D3EBB7
88,22,92,#D3EBB7
89,22,92,#D2EBB7
90,22,92,#D1EBB7
91,22,92,#D0EBB7
92,22,92,#CFEBB7
93,22,92,#CEEBB7
94,22,92,#CDEBB7
95,22,92,#CCEBB7
96,22,92,#CCEBB7
97,22,92,#CBEBB7
98,22,92,#CAEBB7
99,22,92,#C9EBB7
100,22,92,#C8EBB7
101,22,92,#C7EBB7
102,22,92,#C6EBB7
103,22,92,#C6EBB7
104,22,92,#C5EBB7
105,22,92,#C4EBB7
106,22,92,#C3EBB7
107,22,92,#C2EBB7
108,22,92,#C1EBB7
109,22,92,#C0EBB7
110,22,92,#C0EBB7
111,22,92,#BFEBB7
112,22,92,#BEEBB7
113,22,92,#BDEBB7
114,22,92,#BCEBB7
115,22,92,#BBEBB7
116,22,92,#BAEBB7
117,22,92,#BAEBB7
118,22,92,#B9EBB7
119,22,92,#B8EBB7
120,22,92,#B7EBB7
121,22,92,#B7EBB8
122,22,92,#B7EBB9
123,22,92,#B7EBBA
124,22,92,#B7EBBA
125,22,92,#B7EBBB
126,22,92,#B7EBBC
127,22,92,#B7EBBD
128,22,92,#B7EBBE
129,22,92,#B7EBBF
130,22,92,#B7EBC0
131,22,92,#B7EBC0
132,22,92,#B7EBC1
133,22,92,#B7EBC2
134,22,92,#B7EBC3
135,22,92,#B7EBC4
136,22,92,#B7EBC5
137,22,92,#B7EBC6
138,22,92,#B7EBC6
139,22,92,#B7EBC7
140,22,92,#B7EBC8
141,22,92,#B7EBC9
142,22,92,#B7EBCA
143,22,92,#B7EBCB
144,22,92,#B7EBCC
145,22,92,#B7EBCC
146,22,92,#B7EBCD
147,22,92,#B7EBCE
148,22,92,#B7EBCF
149,22,92,#B7EBD0
150,22,92,#B7EBD1
151,22,92,#B7EBD2
152,22,92,#B7EBD3
153,22,92,#B7EBD3
154,22,92,#B7EBD4
155,22,92,#B7EBD5
156,22,92,#B7EBD6
157,22,92,#B7EBD7
158,22,92,#B7EBD8
159,22,92,#B7EBD9
160,22,92,#B7EBD9
161,22,92,#B7EBDA
162,22,92,#B7EBDB
163,22,92,#B7EBDC
164,22,92,#B7EBDD
165,22,92,#B7EBDE
166,22,92,#B7EBDF
167,22,92,#B7EBDF
168,22,92,#B7EBE0
169,22,92,#B7EBE1
170,22,92,#B7EBE2
171,22,92,#B7EBE3
172,22,92,#B7EBE4
173,22,92,#B7EBE5
174,22,92,#B7EBE5
175,22,92,#B7EBE6
176,22,92,#B7EBE7
177,22,92,#B7EBE8
178,22,92,#B7EBE9
179,22,92,#B7EBEA
180,22,92,#B7EBEB
181,22,92,#B7EAEB
182,22,92,#B7E9EB
183,22,92,#B7E8EB
184,22,92,#B7E7EB
185,22,92,#B7E6EB
186,22,92,#B7E5EB
187,22,92,#B7E5EB
188,22,92,#B7E4EB
189,22,92,#B7E3EB
190,22,92,#B7E2EB
191,22,92,#B7E1EB
192,22,92,#B7E0EB
193,22,92,#B7DFEB
194,22,92,#B7DFEB
195,22,92,#B7DEEB
196,22,92,#B7DDEB
197,22,92,#B7DCEB
198,22,92,#B7DBEB
199,22,92,#B7DAEB
200,22,92,#B7D9EB
201,22,92,#B7D9EB
202,22,92,#B7D8EB
203,22,92,#B7D7EB
204,22,92,#B7D6EB
205,22,92,#B7D5EB
206,22,92,#B7D4EB
207,22,92,#B7D3EB
208,22,92,#B7D3EB
209,22,92,#B7D2EB
210,22,92,#B7D1EB
211,22,92,#B7D0EB
212,22,92,#B7CFEB
213,22,92,#B7CEEB
214,22,92,#B7CDEB
215,22,92,#B7CCEB
216,22,92,#B7CCEB
217,22,92,#B7CBEB
218,22,92,#B7CAEB
219,22,92,#B7C9EB
220,22,92,#B7C8EB
221,22,92,#B7C7EB
222,22,92,#B7C6EB
223,22,92,#B7C6EB
224,22,92,#B7C5EB
225,22,92,#B7C4EB
226,22,92,#B7C3EB
227,22,92,#B7C2EB
228,22,92,#B7C1EB
229,22,92,#B7C0EB
230,22,92,#B7C0EB
231,22,92,#B7BFEB
232,22,92,#B7BEEB
233,22,92,#B7BDEB
234,22,92,#B7BCEB
235,22,92,#B7BBEB
236,22,92,#B7BAEB
237,22,92,#B7BAEB
238,22,92,#B7B9EB
239,22,92,#B7B8EB
240,22,92,#B7B7EB
241,22,92,#B8B7EB
242,22,92,#B9B7EB
243,22,92,#BAB7EB
244,22,92,#BAB7EB
245,22,92,#BBB7EB
246,22,92,#BCB7EB
247,22,92,#BDB7EB
248,22,92,#BEB7EB
249,22,92,#BFB7EB
250,22,92,#C0B7EB
251,22,92,#C0B7EB
252,22,92,#C1B7EB
253,22,92,#C2B7EB
254,22,92,#C3B7EB
255,22,92,#C4B7EB
256,22,92,#C5B7EB
257,22,92,#C6B7EB
258,22,92,#C6B7EB
259,22,92,#C7B7EB
260,22,92,#C8B7EB
261,22,92,#C9B7EB
262,22,92,#CAB7EB
263,22,92,#CBB7EB
264,22,92,#CCB7EB
265,22,92,#CCB7EB
266,22,92,#CDB7EB
267,22,92,#CEB7EB
268,22,92,#CFB7EB
269,22,92,#D0B7EB
270,22,92,#D1B7EB
271,22,92,#D2B7EB
272,22,92,#D3B7EB
273,22,92,#D3B7EB
274,22,92,#D4B7EB
275,22,92,#D5B7EB
276,22,92,#D6B7EB
277,22,92,#D7B7EB
278,22,92,#D8B7EB
279,22,92,#D9B7EB
280,22,92,#D9B7EB
281,22,92,#DAB7EB
282,22,92,#DBB7EB
283,22,92,#DCB7EB
284,22,92,#DDB7EB
285,22,92,#DEB7EB
286,22,92,#DFB7EB
287,22,92,#DFB7EB
288,22,92,#E0B7EB
289,22,92,#E1B7EB
290,22,92,#E2B7EB
291,22,92,#E3B7EB
292,22,92,#E4B7EB
293,22,92,#E5B7EB
294,22,92,#E5B7EB
295,22,92,#E6B7EB
296,22,92,#E7B7EB
297,22,92,#E8B7EB
298,22,92,#E9B7EB
299,22,92,#EAB7EB
300,22,92,#EBB7EB
301,22,92,#EBB7EA
302,22,92,#EBB7E9
303,22,92,#EBB7E8
304,22,92,#EBB7E7
305,22,92,#EBB7E6
306,22,92,#EBB7E5
307,22,92,#EBB7E5
308,22,92,#EBB7E4
309,22,92,#EBB7E3
310,22,92,#EBB7E2
311,22,92,#EBB7E1
312,22,92,#EBB7E0
313,22,92,#EBB7DF
314,22,92,#EBB7DF
315,22,92,#EBB7DE
316,22,92,#EBB7DD
317,22,92,#EBB7DC
318,22,92,#EBB7DB
319,22,92,#EBB7DA
320,22,92,#EBB7D9
321,22,92,#EBB7D9
322,22,92,#EBB7D8
323,22,92,#EBB7D7
324,22,92,#EBB7D6
325,22,92,#EBB7D5
326,22,92,#EBB7D4
327,22,92,#EBB7D3
328,22,92,#EBB7D3
329,22,92,#EBB7D2
330,22,92,#EBB7D1
331,22,92,#EBB7D0
332,22,92,#EBB7CF
333,22,92,#EBB7CE
334,22,92,#EBB7CD
335,22,92,#EBB7CC
336,22,92,#EBB7CC
337,22,92,#EBB7CB
338,22,92,#EBB7CA
339,22,92,#EBB7C9
340,22,92,#EBB7C8
341,22,92,#EBB7C7
342,22,92,#EBB7C6
343,22,92,#EBB7C6
344,22,92,#EBB7C5
345,22,92,#EBB7C4
346,22,92,#EBB7C3
347,22,92,#EBB7C2
348,22,92,#EBB7C1
349,22,92,#EBB7C0
350,22,92,#EBB7C0
351,22,92,#EBB7BF
352,22,92,#EBB7BE
353,22,92,#EBB7BD
354,22,92,#EBB7BC
355,22,92,#EBB7BB
356,22,92,#EBB7BA
357,22,92,#EBB7BA
358,22,92,#EBB7B9
359,22,92,#EBB7B8
0,21,92,#EBB9B9
1,21,92,#EBBAB9
2,21,92,#EBBBB9
3,21,92,#EBBCB9
4,21,92,#EBBDB9
5,21,92,#EBBDB9
6,21,92,#EBBEB9
7,21,92,#EBBFB9
8,21,92,#EBC0B9
9,21,92,#EBC1B9
10,21,92,#EBC2B9
11,21,92,#EBC2B9
12,21,92,#EBC3B9
13,21,92,#EBC4B9
14,21,92,#EBC5B9
15,21,92,#EBC6B9
16,21,92,#EBC6B9
17,21,92,#EBC7B9
18,21,92,#EBC8B9
19,21,92,#EBC9B9
20,21,92,#EBCAB9
21,21,92,#EBCBB9
22,21,92,#EBCBB9
23,21,92,#EBCCB9
24,21,92,#EBCDB9
25,21,92,#EBCEB9
26,21,92,#EBCFB9
27,21,92,#EBD0B9
28,21,92,#EBD0B9
29,21,92,#EBD1B9
30,21,92,#EBD2B9
31,21,92,#EBD3B9
32,21,92,#EBD4B9
33,21,92,#EBD4B9
34,21,92,#EBD5B9
35,21,92,#EBD6B9
36,21,92,#EBD7B9
37,21,92,#EBD8B9
38,21,92,#EBD9B9
39,21,92,#EBD9B9
40,21,92,#EBDAB9
41,21,92,#EBDBB9
42,21,92,#EBDCB9
43,21,92,#EBDDB9
44,21,92,#EBDDB9
45,21,92,#EBDEB9
46,21,92,#EBDFB9
47,21,92,#EBE0B9
48,21,92,#EBE1B9
49,21,92,#EBE2B9
50,21,92,#EBE2B9
51,21,92,#EBE3B9
52,21,92,#EBE4B9
53,21,92,#EBE5B9
54,21,92,#EBE6B9
55,21,92,#EBE6B9
56,21,92,#EBE7B9
57,21,92,#EBE8B9
58,21,92,#EBE9B9
59,21,92,#EBEAB9
60,21,92,#EBEBB9
61,21,92,#EAEBB9
62,21,92,#E9EBB9
63,21,92,#E8EBB9
64,21,92,#E7EBB9
65,21,92,#E6EBB9
66,21,92,#E6EBB9
67,21,92,#E5EBB9
68,21,92,#E4EBB9
69,21,92,#E3EBB9
70,21,92,#E2EBB9
71,21,92,#E2EBB9
72,21,92,#E1EBB9
73,21,92,#E0EBB9
74,21,92,#DFEBB9
75,21,92,#DEEBB9
76,21,92,#DDEBB9
77,21,92,#DDEBB9
78,21,92,#DCEBB9
79,21,92,#DBEBB9
80,21,92,#DAEBB9
81,21,92,#D9EBB9
82,21,92,#D9EBB9
83,21,92,#D8EBB9
84,21,92,#D7EBB9
85,21,92,#D6EBB9
86,21,92,#D5EBB9
87,21,92,#D4EBB9
88,21,92,#D4EBB9
89,21,92,#D3EBB9
90,21,92,#D2EBB9
91,21,92,#D1EBB9
92,21,92,#D0EBB9
93,21,92,#D0EBB9
94,21,92,#CFEBB9
95,21,92,#CEEBB9
96,21,92,#CDEBB9
97,21,92,#CCEBB9
98,21,92,#CBEBB9
99,21,92,#CBEBB9
100,21,92,#CAEBB9
101,21,92,#C9EBB9
102,21,92,#C8EBB9
103,21,92,#C7EBB9
104,21,92,#C6EBB9
105,21,92,#C6EBB9
106,21,92,#C5EBB9
107,21,92,#C4EBB9
108,21,92,#C3EBB9
109,21,92,#C2EBB9
110,21,92,#C2EBB9
111,21,92,#C1EBB9
112,21,92,#C0EBB9
113,21,92,#BFEBB9
114,21,92,#BEEBB9
115,21,92,#BDEBB9
116,21,92,#BDEBB9
117,21,92,#BCEBB9
118,21,92,#BBEBB9
119,21,92,#BAEBB9
120,21,92,#B9EBB9
121,21,92,#B9EBBA
122,21,92,#B9EBBB
123,21,92,#B9EBBC
124,21,92,#B9EBBD
125,21,92,#B9EBBD
126,21,92,#B9EBBE
127,21,92,#B9EBBF
128,21,92,#B9EBC0
129,21,92,#B9EBC1
130,21,92,#B9EBC2
131,21,92,#B9EBC2
132,21,92,#B9EBC3
133,21,92,#B9EBC4
134,21,92,#B9EBC5
135,21,92,#B9EBC6
136,21,92,#B9EBC6
137,21,92,#B9EBC7
138,21,92,#B9EBC8
139,21,92,#B9EBC9
140,21,92,#B9EBCA
141,21,92,#B9EBCB
142,21,92,#B9EBCB
143,21,92,#B9EBCC
144,21,92,#B9EBCD
145,21,92,#B9EBCE
146,21,92,#B9EBCF
147,21,92,#B9EBD0
148,21,92,#B9EBD0
149,21,92,#B9EBD1
150,21,92,#B9EBD2
151,21,92,#B9EBD3
152,21,92,#B9EBD4
153,21,92,#B9EBD4
154,21,92,#B9EBD5
155,21,92,#B9EBD6
156,21,92,#B9EBD7
157,21,92,#B9EBD8
158,21,92,#B9EBD9
159,21,92,#B9EBD9
160,21,92,#B9EBDA
161,21,92,#B9EBDB
162,21,92,#B9EBDC
163,21,92,#B9EBDD
164,21,92,#B9EBDD
165,21,92,#B9EBDE
166,21,92,#B9EBDF
167,21,92,#B9EBE0
168,21,92,#B9EBE1
169,21,92,#B9EBE2
170,21,92,#B9EBE2
171,21,92,#B9EBE3
172,21,92,#B9EBE4
173,21,92,#B9EBE5
174,21,92,#B9EBE6
175,21,92,#B9EBE6
176,21,92,#B9EBE7
177,21,92,#B9EBE8
178,21,92,#B9EBE9
179,21,92,#B9EBEA
180,21,92,#B9EBEB
181,21,92,#B9EAEB
182,21,92,#B9E9EB
183,21,92,#B9E8EB
184,21,92,#B9E7EB
185,21,92,#B9E6EB
186,21,92,#B9E6EB
187,21,92,#B9E5EB
188,21,92,#B9E4EB
189,21,92,#B9E3EB
190,21,92,#B9E2EB
191,21,92,#B9E2EB
192,21,92,#B9E1EB
193,21,92,#B9E0EB
194,21,92,#B9DFEB
195,21,92,#B9DEEB
196,21,92,#B9DDEB
197,21,92,#B9DDEB
198,21,92,#B9DCEB
199,21,92,#B9DBEB
200,21,92,#B9DAEB
201,21,92,#B9D9EB
202,21,92,#B9D9EB
203,21,92,#B9D8EB
204,21,92,#B9D7EB
205,21,92,#B9D6EB
206,21,92,#B9D5EB
207,21,92,#B9D4EB
208,21,92,#B9D4EB
209,21,92,#B9D3EB
210,21,92,#B9D2EB
211,21,92,#B9D1EB
212,21,92,#B9D0EB
213,21,92,#B9D0EB
214,21,92,#B9CFEB
215,21,92,#B9CEEB
216,21,92,#B9CDEB
217,21,92,#B9CCEB
218,21,92,#B9CBEB
219,21,92,#B9CBEB
220,21,92,#B9CAEB
221,21,92,#B9C9EB
222,21,92,#B9C8EB
223,21,92,#B9C7EB
224,21,92,#B9C6EB
225,21,92,#B9C6EB
226,21,92,#B9C5EB
227,21,92,#B9C4EB
228,21,92,#B9C3EB
229,21,92,#B9C2EB
230,21,92,#B9C2EB
231,21,92,#B9C1EB
232,21,92,#B9C0EB
233,21,92,#B9BFEB
234,21,92,#B9BEEB
235,21,92,#B9BDEB
236,21,92,#B9BDEB
237,21,92,#B9BCEB
238,21,92,#B9BBEB
239,21,92,#B9BAEB
240,21,92,#B9B9EB
241,21,92,#BAB9EB
242,21,92,#BBB9EB
243,21,92,#BCB9EB
244,21,92,#BDB9EB
245,21,92,#BDB9EB
246,21,92,#BEB9EB
247,21,92,#BFB9EB
248,21,92,#C0B9EB
249,21,92,#C1B9EB
250,21,92,#C2B9EB
251,21,92,#C2B9EB
252,21,92,#C3B9EB
253,21,92,#C4B9EB
254,21,92,#C5B9EB
255,21,92,#C6B9EB
256,21,92,#C6B9EB
257,21,92,#C7B9EB
258,21,92,#C8B9EB
259,21,92,#C9B9EB
260,21,92,#CAB9EB
261,21,92,#CBB9EB
262,21,92,#CBB9EB
263,21,92,#CCB9EB
264,21,92,#CDB9EB
265,21,92,#CEB9EB
266,21,92,#CFB9EB
267,21,92,#D0B9EB
268,21,92,#D0B9EB
269,21,92,#D1B9EB
270,21,92,#D2B9EB
271,21,92,#D3B9EB
272,21,92,#D4B9EB
273,21,92,#D4B9EB
274,21,92,#D5B9EB
275,21,92,#D6B9EB
276,21,92,#D7B9EB
277,21,92,#D8B9EB
278,21,92,#D9B9EB
279,21,92,#D9B9EB
280,21,92,#DAB9EB
281,21,92,#DBB9EB
282,21,92,#DCB9EB
283,21,92,#DDB9EB
284,21,92,#DDB9EB
285,21,92,#DEB9EB
286,21,92,#DFB9EB
287,21,92,#E0B9EB
288,21,92,#E1B9EB
289,21,92,#E2B9EB
290,21,92,#E2B9EB
291,21,92,#E3B9EB
292,21,92,#E4B9EB
293,21,92,#E5B9EB
294,21,92,#E6B9EB
295,21,92,#E6B9EB
296,21,92,#E7B9EB
297,21,92,#E8B9EB
298,21,92,#E9B9EB
299,21,92,#EAB9EB
300,21,92,#EBB9EB
301,21,92,#EBB9EA
302,21,92,#EBB9E9
303,21,92,#EBB9E8
304,21,92,#EBB9E7
305,21,92,#EBB9E6
306,21,92,#EBB9E6
307,21,92,#EBB9E5
308,21,92,#EBB9E4
309,21,92,#EBB9E3
310,21,92,#EBB9E2
311,21,92,#EBB9E2
312,21,92,#EBB9E1
313,21,92,#EBB9E0
314,21,92,#EBB9DF
315,21,92,#EBB9DE
316,21,92,#EBB9DD
317,21,92,#EBB9DD
318,21,92,#EBB9DC
319,21,92,#EBB9DB
320,21,92,#EBB9DA
321,21,92,#EBB9D9
322,21,92,#EBB9D9
323,21,92,#EBB9D8
324,21,92,#EBB9D7
325,21,92,#EBB9D6
326,21,92,#EBB9D5
327,21,92,#EBB9D4
328,21,92,#EBB9D4
329,21,92,#EBB9D3
330,21,92,#EBB9D2
331,21,92,#EBB9D1
332,21,92,#EBB9D0
333,21,92,#EBB9D0
334,21,92,#EBB9CF
335,21,92,#EBB9CE
336,21,92,#EBB9CD
337,21,92,#EBB9CC
338,21,92,#EBB9CB
339,21,92,#EBB9CB
340,21,92,#EBB9CA
341,21,92,#EBB9C9
342,21,92,#EBB9C8
343,21,92,#EBB9C7
344,21,92,#EBB9C6
345,21,92,#EBB9C6
346,21,92,#EBB9C5
347,21,92,#EBB9C4
348,21,92,#EBB9C3
349,21,92,#EBB9C2
350,21,92,#EBB9C2
351,21,92,#EBB9C1
352,21,92,#EBB9C0
353,21,92,#EBB9BF
354,21,92,#EBB9BE
355,21,92,#EBB9BD
356,21,92,#EBB9BD
357,21,92,#EBB9BC
358,21,92,#EBB9BB
359,21,92,#EBB9BA
0,20,92,#EBBCBC
1,20,92,#EBBCBC
2,20,92,#EBBDBC
3,20,92,#EBBEBC
4,20,92,#EBBFBC
5,20,92,#EBC0BC
6,20,92,#EBC0BC
7,20,92,#EBC1BC
8,20,92,#EBC2BC
9,20,92,#EBC3BC
10,20,92,#EBC3BC
11,20,92,#EBC4BC
12,20,92,#EBC5BC
13,20,92,#EBC6BC
14,20,92,#EBC7BC
15,20,92,#EBC7BC
16,20,92,#EBC8BC
17,20,92,#EBC9BC
18,20,92,#EBCABC
19,20,92,#EBCBBC
20,20,92,#EBCBBC
21,20,92,#EBCCBC
22,20,92,#EBCDBC
23,20,92,#EBCEBC
24,20,92,#EBCEBC
25,20,92,#EBCFBC
26,20,92,#EBD0BC
27,20,92,#EBD1BC
28,20,92,#EBD2BC
29,20,92,#EBD2BC
30,20,92,#EBD3BC
31,20,92,#EBD4BC
32,20,92,#EBD5BC
33,20,92,#EBD5BC
34,20,92,#EBD6BC
35,20,92,#EBD7BC
36,20,92,#EBD8BC
37,20,92,#EBD9BC
38,20,92,#EBD9BC
39,20,92,#EBDABC
40,20,92,#EBDBBC
41,20,92,#EBDCBC
42,20,92,#EBDDBC
43,20,92,#EBDDBC
44,20,92,#EBDEBC
45,20,92,#EBDFBC
46,20,92,#EBE0BC
47,20,92,#EBE0BC
48,20,92,#EBE1BC
49,20,92,#EBE2BC
50,20,92,#EBE3BC
51,20,92,#EBE4BC
52,20,92,#EBE4BC
53,20,92,#EBE5BC
54,20,92,#EBE6BC
55,20,92,#EBE7BC
56,20,92,#EBE7BC
57,20,92,#EBE8BC
58,20,92,#EBE9BC
59,20,92,#EBEABC
60,20,92,#EBEBBC
61,20,92,#EAEBBC
62,20,92,#E9EBBC
63,20,92,#E8EBBC
64,20,92,#E7EBBC
65,20,92,#E7EBBC
66,20,92,#E6EBBC
67,20,92,#E5EBBC
68,20,92,#E4EBBC
69,20,92,#E4EBBC
70,20,92,#E3EBBC
71,20,92,#E2EBBC
72,20,92,#E1EBBC
73,20,92,#E0EBBC
74,20,92,#E0EBBC
75,20,92,#DFEBBC
76,20,92,#DEEBBC
77,20,92,#DDEBBC
78,20,92,#DDEBBC
79,20,92,#DCEBBC
80,20,92,#DBEBBC
81,20,92,#DAEBBC
82,20,92,#D9EBBC
83,20,92,#D9EBBC
84,20,92,#D8EBBC
85,20,92,#D7EBBC
86,20,92,#D6EBBC
87,20,92,#D5EBBC
88,20,92,#D5EBBC
89,20,92,#D4EBBC
90,20,92,#D3EBBC
91,20,92,#D2EBBC
92,20,92,#D2EBBC
93,20,92,#D1EBBC
94,20,92,#D0EBBC
95,20,92,#CFEBBC
96,20,92,#CEEBBC
97,20,92,#CEEBBC
98,20,92,#CDEBBC
99,20,92,#CCEBBC
100,20,92,#CBEBBC
101,20,92,#CBEBBC
102,20,92,#CAEBBC
103,20,92,#C9EBBC
104,20,92,#C8EBBC
105,20,92,#C7EBBC
106,20,92,#C7EBBC
107,20,92,#C6EBBC
108,20,92,#C5EBBC
109,20,92,#C4EBBC
110,20,92,#C3EBBC
111,20,92,#C3EBBC
112,20,92,#C2EBBC
113,20,92,#C1EBBC
114,20,92,#C0EBBC
115,20,92,#C0EBBC
116,20,92,#BFEBBC
117,20,92,#BEEBBC
118,20,92,#BDEBBC
119,20,92,#BCEBBC
120,20,92,#BCEBBC
121,20,92,#BCEBBC
122,20,92,#BCEBBD
123,20,92,#BCEBBE
124,20,92,#BCEBBF
125,20,92,#BCEBC0
126,20,92,#BCEBC0
127,20,92,#BCEBC1
128,20,92,#BCEBC2
129,20,92,#BCEBC3
130,20,92,#BCEBC3
131,20,92,#BCEBC4
132,20,92,#BCEBC5
133,20,92,#BCEBC6
134,20,92,#BCEBC7
135,20,92,#BCEBC7
136,20,92,#BCEBC8
137,20,92,#BCEBC9
138,20,92,#BCEBCA
139,20,92,#BCEBCB
140,20,92,#BCEBCB
141,20,92,#BCEBCC
142,20,92,#BCEBCD
143,20,92,#BCEBCE
144,20,92,#BCEBCE
145,20,92,#BCEBCF
146,20,92,#BCEBD0
147,20,92,#BCEBD1
148,20,92,#BCEBD2
149,20,92,#BCEBD2
150,20,92,#BCEBD3
151,20,92,#BCEBD4
152,20,92,#BCEBD5
153,20,92,#BCEBD5
154,20,92,#BCEBD6
155,20,92,#BCEBD7
156,20,92,#BCEBD8
157,20,92,#BCEBD9
158,20,92,#BCEBD9
159,20,92,#BCEBDA
160,20,92,#BCEBDB
161,20,92,#BCEBDC
162,20,92,#BCEBDD
163,20,92,#BCEBDD
164,20,92,#BCEBDE
165,20,92,#BCEBDF
166,20,92,#BCEBE0
167,20,92,#BCEBE0
168,20,92,#BCEBE1
169,20,92,#BCEBE2
170,20,92,#BCEBE3
171,20,92,#BCEBE4
172,20,92,#BCEBE4
173,20,92,#BCEBE5
174,20,92,#BCEBE6
175,20,92,#BCEBE7
176,20,92,#BCEBE7
177,20,92,#BCEBE8
178,20,92,#BCEBE9
179,20,92,#BCEBEA
180,20,92,#BCEBEB
181,20,92,#BCEAEB
182,20,92,#BCE9EB
183,20,92,#BCE8EB
184,20,92,#BCE7EB
185,20,92,#BCE7EB
186,20,92,#BCE6EB
187,20,92,#BCE5EB
188,20,92,#BCE4EB
189,20,92,#BCE4EB
190,20,92,#BCE3EB
191,20,92,#BCE2EB
192,20,92,#BCE1EB
193,20,92,#BCE0EB
194,20,92,#BCE0EB
195,20,92,#BCDFEB
196,20,92,#BCDEEB
197,20,92,#BCDDEB
198,20,92,#BCDDEB
199,20,92,#BCDCEB
200,20,92,#BCDBEB
201,20,92,#BCDAEB
202,20,92,#BCD9EB
203,20,92,#BCD9EB
204,20,92,#BCD8EB
205,20,92,#BCD7EB
206,20,92,#BCD6EB
207,20,92,#BCD5EB
208,20,92,#BCD5EB
209,20,92,#BCD4EB
210,20,92,#BCD3EB
211,20,92,#BCD2EB
212,20,92,#BCD2EB
213,20,92,#BCD1EB
214,20,92,#BCD0EB
215,20,92,#BCCFEB
216,20,92,#BCCEEB
217,20,92,#BCCEEB
218,20,92,#BCCDEB
219,20,92,#BCCCEB
220,20,92,#BCCBEB
221,20,92,#BCCBEB
222,20,92,#BCCAEB
223,20,92,#BCC9EB
224,20,92,#BCC8EB
225,20,92,#BCC7EB
226,20,92,#BCC7EB
227,20,92,#BCC6EB
228,20,92,#BCC5EB
229,20,92,#BCC4EB
230,20,92,#BCC4EB
231,20,92,#BCC3EB
232,20,92,#BCC2EB
233,20,92,#BCC1EB
234,20,92,#BCC0EB
235,20,92,#BCC0EB
236,20,92,#BCBFEB
237,20,92,#BCBEEB
238,20,92,#BCBDEB
239,20,92,#BCBCEB
240,20,92,#BCBCEB
241,20,92,#BCBCEB
242,20,92,#BDBCEB
243,20,92,#BEBCEB
244,20,92,#BFBCEB
245,20,92,#C0BCEB
246,20,92,#C0BCEB
247,20,92,#C1BCEB
248,20,92,#C2BCEB
249,20,92,#C3BCEB
250,20,92,#C3BCEB
251,20,92,#C4BCEB
252,20,92,#C5BCEB
253,20,92,#C6BCEB
254,20,92,#C7BCEB
255,20,92,#C7BCEB
256,20,92,#C8BCEB
257,20,92,#C9BCEB
258,20,92,#CABCEB
259,20,92,#CBBCEB
260,20,92,#CBBCEB
261,20,92,#CCBCEB
262,20,92,#CDBCEB
263,20,92,#CEBCEB
264,20,92,#CEBCEB
265,20,92,#CFBCEB
266,20,92,#D0BCEB
267,20,92,#D1BCEB
268,20,92,#D2BCEB
269,20,92,#D2BCEB
270,20,92,#D3BCEB
271,20,92,#D4BCEB
272,20,92,#D5BCEB
273,20,92,#D5BCEB
274,20,92,#D6BCEB
275,20,92,#D7BCEB
276,20,92,#D8BCEB
277,20,92,#D9BCEB
278,20,92,#D9BCEB
279,20,92,#DABCEB
280,20,92,#DBBCEB
281,20,92,#DCBCEB
282,20,92,#DDBCEB
283,20,92,#DDBCEB
284,20,92,#DEBCEB
285,20,92,#DFBCEB
286,20,92,#E0BCEB
287,20,92,#E0BCEB
288,20,92,#E1BCEB
289,20,92,#E2BCEB
290,20,92,#E3BCEB
291,20,92,#E4BCEB
292,20,92,#E4BCEB
293,20,92,#E5BCEB
294,20,92,#E6BCEB
295,20,92,#E7BCEB
296,20,92,#E7BCEB
297,20,92,#E8BCEB
298,20,92,#E9BCEB
299,20,92,#EABCEB
300,20,92,#EBBCEB
301,20,92,#EBBCEA
302,20,92,#EBBCE9
303,20,92,#EBBCE8
304,20,92,#EBBCE7
305,20,92,#EBBCE7
306,20,92,#EBBCE6
307,20,92,#EBBCE5
308,20,92,#EBBCE4
309,20,92,#EBBCE4
310,20,92,#EBBCE3
311,20,92,#EBBCE2
312,20,92,#EBBCE1
313,20,92,#EBBCE0
314,20,92,#EBBCE0
315,20,92,#EBBCDF
316,20,92,#EBBCDE
317,20,92,#EBBCDD
318,20,92,#EBBCDD
319,20,92,#EBBCDC
320,20,92,#EBBCDB
321,20,92,#EBBCDA
322,20,92,#EBBCD9
323,20,92,#EBBCD9
324,20,92,#EBBCD8
325,20,92,#EBBCD7
326,20,92,#EBBCD6
327,20,92,#EBBCD5
328,20,92,#EBBCD5
329,20,92,#EBBCD4
330,20,92,#EBBCD3
331,20,92,#EBBCD2
332,20,92,#EBBCD2
333,20,92,#EBBCD1
334,20,92,#EBBCD0
335,20,92,#EBBCCF
336,20,92,#EBBCCE
337,20,92,#EBBCCE
338,20,92,#EBBCCD
339,20,92,#EBBCCC
340,20,92,#EBBCCB
341,20,92,#EBBCCB
342,20,92,#EBBCCA
343,20,92,#EBBCC9
344,20,92,#EBBCC8
345,20,92,#EBBCC7
346,20,92,#EBBCC7
347,20,92,#EBBCC6
348,20,92,#EBBCC5
349,20,92,#EBBCC4
350,20,92,#EBBCC4
351,20,92,#EBBCC3
352,20,92,#EBBCC2
353,20,92,#EBBCC1
354,20,92,#EBBCC0
355,20,92,#EBBCC0
356,20,92,#EBBCBF
357,20,92,#EBBCBE
358,20,92,#EBBCBD
359,20,92,#EBBCBC
0,19,92,#EBBEBE
1,19,92,#EBBFBE
2,19,92,#EBC0BE
3,19,92,#EBC0BE
4,19,92,#EBC1BE
5,19,92,#EBC2BE
6,19,92,#EBC2BE
7,19,92,#EBC3BE
8,19,92,#EBC4BE
9,19,92,#EBC5BE
10,19,92,#EBC5BE
11,19,92,#EBC6BE
12,19,92,#EBC7BE
13,19,92,#EBC8BE
14,19,92,#EBC8BE
15,19,92,#EBC9BE
16,19,92,#EBCABE
17,19,92,#EBCBBE
18,19,92,#EBCBBE
19,19,92,#EBCCBE
20,19,92,#EBCDBE
21,19,92,#EBCEBE
22,19,92,#EBCEBE
23,19,92,#EBCFBE
24,19,92,#EBD0BE
25,19,92,#EBD1BE
26,19,92,#EBD1BE
27,19,92,#EBD2BE
28,19,92,#EBD3BE
29,19,92,#EBD4BE
30,19,92,#EBD4BE
31,19,92,#EBD5BE
32,19,92,#EBD6BE
33,19,92,#EBD7BE
34,19,92,#EBD7BE
35,19,92,#EBD8BE
36,19,92,#EBD9BE
37,19,92,#EBDABE
38,19,92,#EBDABE
39,19,92,#EBDBBE
40,19,92,#EBDCBE
41,19,92,#EBDCBE
42,19,92,#EBDDBE
43,19,92,#EBDEBE
44,19,92,#EBDFBE
45,19,92,#EBDFBE
46,19,92,#EBE0BE
47,19,92,#EBE1BE
48,19,92,#EBE2BE
49,19,92,#EBE2BE
50,19,92,#EBE3BE
51,19,92,#EBE4BE
52,19,92,#EBE5BE
53,19,92,#EBE5BE
54,19,92,#EBE6BE
55,19,92,#EBE7BE
56,19,92,#EBE8BE
57,19,92,#EBE8BE
58,19,92,#EBE9BE
59,19,92,#EBEABE
60,19,92,#EBEBBE
61,19,92,#EAEBBE
62,19,92,#E9EBBE
63,19,92,#E8EBBE
64,19,92,#E8EBBE
65,19,92,#E7EBBE
66,19,92,#E6EBBE
67,19,92,#E5EBBE
68,19,92,#E5EBBE
69,19,92,#E4EBBE
70,19,92,#E3EBBE
71,19,92,#E2EBBE
72,19,92,#E2EBBE
73,19,92,#E1EBBE
74,19,92,#E0EBBE
75,19,92,#DFEBBE
76,19,92,#DFEBBE
77,19,92,#DEEBBE
78,19,92,#DDEBBE
79,19,92,#DCEBBE
80,19,92,#DCEBBE
81,19,92,#DBEBBE
82,19,92,#DAEBBE
83,19,92,#DAEBBE
84,19,92,#D9EBBE
85,19,92,#D8EBBE
86,19,92,#D7EBBE
87,19,92,#D7EBBE
88,19,92,#D6EBBE
89,19,92,#D5EBBE
90,19,92,#D4EBBE
91,19,92,#D4EBBE
92,19,92,#D3EBBE
93,19,92,#D2EBBE
94,19,92,#D1EBBE
95,19,92,#D1EBBE
96,19,92,#D0EBBE
97,19,92,#CFEBBE
98,19,92,#CEEBBE
99,19,92,#CEEBBE
100,19,92,#CDEBBE
101,19,92,#CCEBBE
102,19,92,#CBEBBE
103,19,92,#CBEBBE
104,19,92,#CAEBBE
105,19,92,#C9EBBE
106,19,92,#C8EBBE
107,19,92,#C8EBBE
108,19,92,#C7EBBE
109,19,92,#C6EBBE
110,19,92,#C5EBBE
111,19,92,#C5EBBE
112,19,92,#C4EBBE
113,19,92,#C3EBBE
114,19,92,#C2EBBE
115,19,92,#C2EBBE
116,19,92,#C1EBBE
117,19,92,#C0EBBE
118,19,92,#C0EBBE
119,19,92,#BFEBBE
120,19,92,#BEEBBE
121,19,92,#BEEBBF
122,19,92,#BEEBC0
123,19,92,#BEEBC0
124,19,92,#BEEBC1
125,19,92,#BEEBC2
126,19,92,#BEEBC2
127,19,92,#BEEBC3
128,19,92,#BEEBC4
129,19,92,#BEEBC5
130,19,92,#BEEBC5
131,19,92,#BEEBC6
132,19,92,#BEEBC7
133,19,92,#BEEBC8
134,19,92,#BEEBC8
135,19,92,#BEEBC9
136,19,92,#BEEBCA
137,19,92,#BEEBCB
138,19,92,#BEEBCB
139,19,92,#BEEBCC
140,19,92,#BEEBCD
141,19,92,#BEEBCE
142,19,92,#BEEBCE
143,19,92,#BEEBCF
144,19,92,#BEEBD0
145,19,92,#BEEBD1
146,19,92,#BEEBD1
147,19,92,#BEEBD2
148,19,92,#BEEBD3
149,19,92,#BEEBD4
150,19,92,#BEEBD4
151,19,92,#BEEBD5
152,19,92,#BEEBD6
153,19,92,#BEEBD7
154,19,92,#BEEBD7
155,19,92,#BEEBD8
156,19,92,#BEEBD9
157,19,92,#BEEBDA
158,19,92,#BEEBDA
159,19,92,#BEEBDB
160,19,92,#BEEBDC
161,19,92,#BEEBDC
162,19,92,#BEEBDD
163,19,92,#BEEBDE
164,19,92,#BEEBDF
165,19,92,#BEEBDF
166,19,92,#BEEBE0
167,19,92,#BEEBE1
168,19,92,#BEEBE2
169,19,92,#BEEBE2
170,19,92,#BEEBE3
171,19,92,#BEEBE4
172,19,92,#BEEBE5
173,19,92,#BEEBE5
174,19,92,#BEEBE6
175,19,92,#BEEBE7
176,19,92,#BEEBE8
177,19,92,#BEEBE8
178,19,92,#BEEBE9
179,19,92,#BEEBEA
180,19,92,#BEEBEB
181,19,92,#BEEAEB
182,19,92,#BEE9EB
183,19,92,#BEE8EB
184,19,92,#BEE8EB
185,19,92,#BEE7EB
186,19,92,#BEE6EB
187,19,92,#BEE5EB
188,19,92,#BEE5EB
189,19,92,#BEE4EB
190,19,92,#BEE3EB
191,19,92,#BEE2EB
192,19,92,#BEE2EB
193,19,92,#BEE1EB
194,19,92,#BEE0EB
195,19,92,#BEDFEB
196,19,92,#BEDFEB
197,19,92,#BEDEEB
198,19,92,#BEDDEB
199,19,92,#BEDCEB
200,19,92,#BEDCEB
201,19,92,#BEDBEB
202,19,92,#BEDAEB
203,19,92,#BEDAEB
204,19,92,#BED9EB
205,19,92,#BED8EB
206,19,92,#BED7EB
207,19,92,#BED7EB
208,19,92,#BED6EB
209,19,92,#BED5EB
210,19,92,#BED4EB
211,19,92,#BED4EB
212,19,92,#BED3EB
213,19,92,#BED2EB
214,19,92,#BED1EB
215,19,92,#BED1EB
216,19,92,#BED0EB
217,19,92,#BECFEB
218,19,92,#BECEEB
219,19,92,#BECEEB
220,19,92,#BECDEB
221,19,92,#BECCEB
222,19,92,#BECBEB
223,19,92,#BECBEB
224,19,92,#BECAEB
225,19,92,#BEC9EB
226,19,92,#BEC8EB
227,19,92,#BEC8EB
228,19,92,#BEC7EB
229,19,92,#BEC6EB
230,19,92,#BEC5EB
231,19,92,#BEC5EB
232,19,92,#BEC4EB
233,19,92,#BEC3EB
234,19,92,#BEC2EB
235,19,92,#BEC2EB
236,19,92,#BEC1EB
237,19,92,#BEC0EB
238,19,92,#BEC0EB
239,19,92,#BEBFEB
240,19,92,#BEBEEB
241,19,92,#BFBEEB
242,19,92,#C0BEEB
243,19,92,#C0BEEB
244,19,92,#C1BEEB
245,19,92,#C2BEEB
246,19,92,#C2BEEB
247,19,92,#C3BEEB
248,19,92,#C4BEEB
249,19,92,#C5BEEB
250,19,92,#C5BEEB
251,19,92,#C6BEEB
252,19,92,#C7BEEB
253,19,92,#C8BEEB
254,19,92,#C8BEEB
255,19,92,#C9BEEB
256,19,92,#CABEEB
257,19,92,#CBBEEB
258,19,92,#CBBEEB
259,19,92,#CCBEEB
260,19,92,#CDBEEB
261,19,92,#CEBEEB
262,19,92,#CEBEEB
263,19,92,#CFBEEB
264,19,92,#D0BEEB
265,19,92,#D1BEEB
266,19,92,#D1BEEB
267,19,92,#D2BEEB
268,19,92,#D3BEEB
269,19,92,#D4BEEB
270,19,92,#D4BEEB
271,19,92,#D5BEEB
272,19,92,#D6BEEB
273,19,92,#D7BEEB
274,19,92,#D7BEEB
275,19,92,#D8BEEB
276,19,92,#D9BEEB
277,19,92,#DABEEB
278,19,92,#DABEEB
279,19,92,#DBBEEB
280,19,92,#DCBEEB
281,19,92,#DCBEEB
282,19,92,#DDBEEB
283,19,92,#DEBEEB
284,19,92,#DFBEEB
285,19,92,#DFBEEB
286,19,92,#E0BEEB
287,19,92,#E1BEEB
288,19,92,#E2BEEB
289,19,92,#E2BEEB
290,19,92,#E3BEEB
291,19,92,#E4BEEB
292,19,92,#E5BEEB
293,19,92,#E5BEEB
294,19,92,#E6BEEB
295,19,92,#E7BEEB
296,19,92,#E8BEEB
297,19,92,#E8BEEB
298,19,92,#E9BEEB
299,19,92,#EABEEB
300,19,92,#EBBEEB
301,19,92,#EBBEEA
302,19,92,#EBBEE9
303,19,92,#EBBEE8
304,19,92,#EBBEE8
305,19,92,#EBBEE7
306,19,92,#EBBEE6
307,19,92,#EBBEE5
308,19,92,#EBBEE5
309,19,92,#EBBEE4
310,19,92,#EBBEE3
311,19,92,#EBBEE2
312,19,92,#EBBEE2
313,19,92,#EBBEE1
314,19,92,#EBBEE0
315,19,92,#EBBEDF
316,19,92,#EBBEDF
317,19,92,#EBBEDE
318,19,92,#EBBEDD
319,19,92,#EBBEDC
320,19,92,#EBBEDC
321,19,92,#EBBEDB
322,19,92,#EBBEDA
323,19,92,#EBBEDA
324,19,92,#EBBED9
325,19,92,#EBBED8
326,19,92,#EBBED7
327,19,92,#EBBED7
328,19,92,#EBBED6
329,19,92,#EBBED5
330,19,92,#EBBED4
331,19,92,#EBBED4
332,19,92,#EBBED3
333,19,92,#EBBED2
334,19,92,#EBBED1
335,19,92,#EBBED1
336,19,92,#EBBED0
337,19,92,#EBBECF
338,19,92,#EBBECE
339,19,92,#EBBECE
340,19,92,#EBBECD
341,19,92,#EBBECC
342,19,92,#EBBECB
343,19,92,#EBBECB
344,19,92,#EBBECA
345,19,92,#EBBEC9
346,19,92,#EBBEC8
347,19,92,#EBBEC8
348,19,92,#EBBEC7
349,19,92,#EBBEC6
350,19,92,#EBBEC5
351,19,92,#EBBEC5
352,19,92,#EBBEC4
353,19,92,#EBBEC3
354,19,92,#EBBEC2
355,19,92,#EBBEC2
356,19,92,#EBBEC1
357,19,92,#EBBEC0
358,19,92,#EBBEC0
359,19,92,#EBBEBF
0,18,92,#EBC0C0
1,18,92,#EBC1C0
2,18,92,#EBC2C0
3,18,92,#EBC2C0
4,18,92,#EBC3C0
5,18,92,#EBC4C0
6,18,92,#EBC5C0
7,18,92,#EBC5C0
8,18,92,#EBC6C0
9,18,92,#EBC7C0
10,18,92,#EBC7C0
11,18,92,#EBC8C0
12,18,92,#EBC9C0
13,18,92,#EBCAC0
14,18,92,#EBCAC0
15,18,92,#EBCBC0
16,18,92,#EBCCC0
17,18,92,#EBCCC0
18,18,92,#EBCDC0
19,18,92,#EBCEC0
20,18,92,#EBCEC0
21,18,92,#EBCFC0
22,18,92,#EBD0C0
23,18,92,#EBD1C0
24,18,92,#EBD1C0
25,18,92,#EBD2C0
26,18,92,#EBD3C0
27,18,92,#EBD3C0
28,18,92,#EBD4C0
29,18,92,#EBD5C0
30,18,92,#EBD5C0
31,18,92,#EBD6C0
32,18,92,#EBD7C0
33,18,92,#EBD8C0
34,18,92,#EBD8C0
35,18,92,#EBD9C0
36,18,92,#EBDAC0
37,18,92,#EBDAC0
38,18,92,#EBDBC0
39,18,92,#EBDCC0
40,18,92,#EBDDC0
41,18,92,#EBDDC0
42,18,92,#EBDEC0
43,18,92,#EBDFC0
44,18,92,#EBDFC0
45,18,92,#EBE0C0
46,18,92,#EBE1C0
47,18,92,#EBE1C0
48,18,92,#EBE2C0
49,18,92,#EBE3C0
50,18,92,#EBE4C0
51,18,92,#EBE4C0
52,18,92,#EBE5C0
53,18,92,#EBE6C0
54,18,92,#EBE6C0
55,18,92,#EBE7C0
56,18,92,#EBE8C0
57,18,92,#EBE8C0
58,18,92,#EBE9C0
59,18,92,#EBEAC0
60,18,92,#EBEBC0
61,18,92,#EAEBC0
62,18,92,#E9EBC0
63,18,92,#E8EBC0
64,18,92,#E8EBC0
65,18,92,#E7EBC0
66,18,92,#E6EBC0
67,18,92,#E6EBC0
68,18,92,#E5EBC0
69,18,92,#E4EBC0
70,18,92,#E4EBC0
71,18,92,#E3EBC0
72,18,92,#E2EBC0
73,18,92,#E1EBC0
74,18,92,#E1EBC0
75,18,92,#E0EBC0
76,18,92,#DFEBC0
77,18,92,#DFEBC0
78,18,92,#DEEBC0
79,18,92,#DDEBC0
80,18,92,#DDEBC0
81,18,92,#DCEBC0
82,18,92,#DBEBC0
83,18,92,#DAEBC0
84,18,92,#DAEBC0
85,18,92,#D9EBC0
86,18,92,#D8EBC0
87,18,92,#D8EBC0
88,18,92,#D7EBC0
89,18,92,#D6EBC0
90,18,92,#D5EBC0
91,18,92,#D5EBC0
92,18,92,#D4EBC0
93,18,92,#D3EBC0
94,18,92,#D3EBC0
95,18,92,#D2EBC0
96,18,92,#D1EBC0
97,18,92,#D1EBC0
98,18,92,#D0EBC0
99,18,92,#CFEBC0
100,18,92,#CEEBC0
101,18,92,#CEEBC0
102,18,92,#CDEBC0
103,18,92,#CCEBC0
104,18,92,#CCEBC0
105,18,92,#CBEBC0
106,18,92,#CAEBC0
107,18,92,#CAEBC0
108,18,92,#C9EBC0
109,18,92,#C8EBC0
110,18,92,#C7EBC0
111,18,92,#C7EBC0
112,18,92,#C6EBC0
113,18,92,#C5EBC0
114,18,92,#C5EBC0
115,18,92,#C4EBC0
116,18,92,#C3EBC0
117,18,92,#C2EBC0
118,18,92,#C2EBC0
119,18,92,#C1EBC0
120,18,92,#C0EBC0
121,18,92,#C0EBC1
122,18,92,#C0EBC2
123,18,92,#C0EBC2
124,18,92,#C0EBC3
125,18,92,#C0EBC4
126,18,92,#C0EBC5
127,18,92,#C0EBC5
128,18,92,#C0EBC6
129,18,92,#C0EBC7
130,18,92,#C0EBC7
131,18,92,#C0EBC8
132,18,92,#C0EBC9
133,18,92,#C0EBCA
134,18,92,#C0EBCA
135,18,92,#C0EBCB
136,18,92,#C0EBCC
137,18,92,#C0EBCC
138,18,92,#C0EBCD
139,18,92,#C0EBCE
140,18,92,#C0EBCE
141,18,92,#C0EBCF
142,18,92,#C0EBD0
143,18,92,#C0EBD1
144,18,92,#C0EBD1
145,18,92,#C0EBD2
146,18,92,#C0EBD3
147,18,92,#C0EBD3
148,18,92,#C0EBD4
149,18,92,#C0EBD5
150,18,92,#C0EBD5
151,18,92,#C0EBD6
152,18,92,#C0EBD7
153,18,92,#C0EBD8
154,18,92,#C0EBD8
155,18,92,#C0EBD9
156,18,92,#C0EBDA
157,18,92,#C0EBDA
158,18,92,#C0EBDB
159,18,92,#C0EBDC
160,18,92,#C0EBDD
161,18,92,#C0EBDD
162,18,92,#C0EBDE
163,18,92,#C0EBDF
164,18,92,#C0EBDF
165,18,92,#C0EBE0
166,18,92,#C0EBE1
167,18,92,#C0EBE1
168,18,92,#C0EBE2
169,18,92,#C0EBE3
170,18,92,#C0EBE4
171,18,92,#C0EBE4
172,18,92,#C0EBE5
173,18,92,#C0EBE6
174,18,92,#C0EBE6
175,18,92,#C0EBE7
176,18,92,#C0EBE8
177,18,92,#C0EBE8
178,18,92,#C0EBE9
179,18,92,#C0EBEA
180,18,92,#C0EBEB
181,18,92,#C0EAEB
182,18,92,#C0E9EB
183,18,92,#C0E8EB
184,18,92,#C0E8EB
185,18,92,#C0E7EB
186,18,92,#C0E6EB
187,18,92,#C0E6EB
188,18,92,#C0E5EB
189,18,92,#C0E4EB
190,18,92,#C0E4EB
191,18,92,#C0E3EB
192,18,92,#C0E2EB
193,18,92,#C0E1EB
194,18,92,#C0E1EB
195,18,92,#C0E0EB
196,18,92,#C0DFEB
197,18,92,#C0DFEB
198,18,92,#C0DEEB
199,18,92,#C0DDEB
200,18,92,#C0DDEB
201,18,92,#C0DCEB
202,18,92,#C0DBEB
203,18,92,#C0DAEB
204,18,92,#C0DAEB
205,18,92,#C0D9EB
206,18,92,#C0D8EB
207,18,92,#C0D8EB
208,18,92,#C0D7EB
209,18,92,#C0D6EB
210,18,92,#C0D5EB
211,18,92,#C0D5EB
212,18,92,#C0D4EB
213,18,92,#C0D3EB
214,18,92,#C0D3EB
215,18,92,#C0D2EB
216,18,92,#C0D1EB
217,18,92,#C0D1EB
218,18,92,#C0D0EB
219,18,92,#C0CFEB
220,18,92,#C0CEEB
221,18,92,#C0CEEB
222,18,92,#C0CDEB
223,18,92,#C0CCEB
224,18,92,#C0CCEB
225,18,92,#C0CBEB
226,18,92,#C0CAEB
227,18,92,#C0CAEB
228,18,92,#C0C9EB
229,18,92,#C0C8EB
230,18,92,#C0C7EB
231,18,92,#C0C7EB
232,18,92,#C0C6EB
233,18,92,#C0C5EB
234,18,92,#C0C5EB
235,18,92,#C0C4EB
236,18,92,#C0C3EB
237,18,92,#C0C2EB
238,18,92,#C0C2EB
239,18,92,#C0C1EB
240,18,92,#C0C0EB
241,18,92,#C1C0EB
242,18,92,#C2C0EB
243,18,92,#C2C0EB
244,18,92,#C3C0EB
245,18,92,#C4C0EB
246,18,92,#C5C0EB
247,18,92,#C5C0EB
248,18,92,#C6C0EB
249,18,92,#C7C0EB
250,18,92,#C7C0EB
251,18,92,#C8C0EB
252,18,92,#C9C0EB
253,18,92,#CAC0EB
254,18,92,#CAC0EB
255,18,92,#CBC0EB
256,18,92,#CCC0EB
257,18,92,#CCC0EB
258,18,92,#CDC0EB
259,18,92,#CEC0EB
260,18,92,#CEC0EB
261,18,92,#CFC0EB
262,18,92,#D0C0EB
263,18,92,#D1C0EB
264,18,92,#D1C0EB
265,18,92,#D2C0EB
266,18,92,#D3C0EB
267,18,92,#D3C0EB
268,18,92,#D4C0EB
269,18,92,#D5C0EB
270,18,92,#D5C0EB
271,18,92,#D6C0EB
272,18,92,#D7C0EB
273,18,92,#D8C0EB
274,18,92,#D8C0EB
275,18,92,#D9C0EB
276,18,92,#DAC0EB
277,18,92,#DAC0EB
278,18,92,#DBC0EB
279,18,92,#DCC0EB
280,18,92,#DDC0EB
281,18,92,#DDC0EB
282,18,92,#DEC0EB
283,18,92,#DFC0EB
284,18,92,#DFC0EB
285,18,92,#E0C0EB
286,18,92,#E1C0EB
287,18,92,#E1C0EB
288,18,92,#E2C0EB
289,18,92,#E3C0EB
290,18,92,#E4C0EB
291,18,92,#E4C0EB
292,18,92,#E5C0EB
293,18,92,#E6C0EB
294,18,92,#E6C0EB
295,18,92,#E7C0EB
296,18,92,#E8C0EB
297,18,92,#E8C0EB
298,18,92,#E9C0EB
299,18,92,#EAC0EB
300,18,92,#EBC0EB
301,18,92,#EBC0EA
302,18,92,#EBC0E9
303,18,92,#EBC0E8
304,18,92,#EBC0E8
305,18,92,#EBC0E7
306,18,92,#EBC0E6
307,18,92,#EBC0E6
308,18,92,#EBC0E5
309,18,92,#EBC0E4
310,18,92,#EBC0E4
311,18,92,#EBC0E3
312,18,92,#EBC0E2
313,18,92,#EBC0E1
314,18,92,#EBC0E1
315,18,92,#EBC0E0
316,18,92,#EBC0DF
317,18,92,#EBC0DF
318,18,92,#EBC0DE
319,18,92,#EBC0DD
320,18,92,#EBC0DD
321,18,92,#EBC0DC
322,18,92,#EBC0DB
323,18,92,#EBC0DA
324,18,92,#EBC0DA
325,18,92,#EBC0D9
326,18,92,#EBC0D8
327,18,92,#EBC0D8
328,18,92,#EBC0D7
329,18,92,#EBC0D6
330,18,92,#EBC0D5
331,18,92,#EBC0D5
332,18,92,#EBC0D4
333,18,92,#EBC0D3
334,18,92,#EBC0D3
335,18,92,#EBC0D2
336,18,92,#EBC0D1
337,18,92,#EBC0D1
338,18,92,#EBC0D0
339,18,92,#EBC0CF
340,18,92,#EBC0CE
341,18,92,#EBC0CE
342,18,92,#EBC0CD
343,18,92,#EBC0CC
344,18,92,#EBC0CC
345,18,92,#EBC0CB
346,18,92,#EBC0CA
347,18,92,#EBC0CA
348,18,92,#EBC0C9
349,18,92,#EBC0C8
350,18,92,#EBC0C7
351,18,92,#EBC0C7
352,18,92,#EBC0C6
353,18,92,#EBC0C5
354,18,92,#EBC0C5
355,18,92,#EBC0C4
356,18,92,#EBC0C3
357,18,92,#EBC0C2
358,18,92,#EBC0C2
359,18,92,#EBC0C1
0,17,92,#EBC3C3
1,17,92,#EBC3C3
2,17,92,#EBC4C3
3,17,92,#EBC5C3
4,17,92,#EBC5C3
5,17,92,#EBC6C3
6,17,92,#EBC7C3
7,17,92,#EBC7C3
8,17,92,#EBC8C3
9,17,92,#EBC9C3
10,17,92,#EBC9C3
11,17,92,#EBCAC3
12,17,92,#EBCBC3
13,17,92,#EBCBC3
14,17,92,#EBCCC3
15,17,92,#EBCDC3
16,17,92,#EBCDC3
17,17,92,#EBCEC3
18,17,92,#EBCFC3
19,17,92,#EBCFC3
20,17,92,#EBD0C3
21,17,92,#EBD1C3
22,17,92,#EBD1C3
23,17,92,#EBD2C3
24,17,92,#EBD3C3
25,17,92,#EBD3C3
26,17,92,#EBD4C3
27,17,92,#EBD5C3
28,17,92,#EBD5C3
29,17,92,#EBD6C3
30,17,92,#EBD7C3
31,17,92,#EBD7C3
32,17,92,#EBD8C3
33,17,92,#EBD9C3
34,17,92,#EBD9C3
35,17,92,#EBDAC3
36,17,92,#EBDBC3
37,17,92,#EBDBC3
38,17,92,#EBDCC3
39,17,92,#EBDDC3
40,17,92,#EBDDC3
41,17,92,#EBDEC3
42,17,92,#EBDFC3
43,17,92,#EBDFC3
44,17,92,#EBE0C3
45,17,92,#EBE1C3
46,17,92,#EBE1C3
47,17,92,#EBE2C3
48,17,92,#EBE3C3
49,17,92,#EBE3C3
50,17,92,#EBE4C3
51,17,92,#EBE5C3
52,17,92,#EBE5C3
53,17,92,#EBE6C3
54,17,92,#EBE7C3
55,17,92,#EBE7C3
56,17,92,#EBE8C3
57,17,92,#EBE9C3
58,17,92,#EBE9C3
59,17,92,#EBEAC3
60,17,92,#EBEBC3
61,17,92,#EAEBC3
62,17,92,#E9EBC3
63,17,92,#E9EBC3
64,17,92,#E8EBC3
65,17,92,#E7EBC3
66,17,92,#E7EBC3
67,17,92,#E6EBC3
68,17,92,#E5EBC3
69,17,92,#E5EBC3
70,17,92,#E4EBC3
71,17,92,#E3EBC3
72,17,92,#E3EBC3
73,17,92,#E2EBC3
74,17,92,#E1EBC3
75,17,92,#E1EBC3
76,17,92,#E0EBC3
77,17,92,#DFEBC3
78,17,92,#DFEBC3
79,17,92,#DEEBC3
80,17,92,#DDEBC3
81,17,92,#DDEBC3
82,17,92,#DCEBC3
83,17,92,#DBEBC3
84,17,92,#DBEBC3
85,17,92,#DAEBC3
86,17,92,#D9EBC3
87,17,92,#D9EBC3
88,17,92,#D8EBC3
89,17,92,#D7EBC3
90,17,92,#D7EBC3
91,17,92,#D6EBC3
92,17,92,#D5EBC3
93,17,92,#D5EBC3
94,17,92,#D4EBC3
95,17,92,#D3EBC3
96,17,92,#D3EBC3
97,17,92,#D2EBC3
98,17,92,#D1EBC3
99,17,92,#D1EBC3
100,17,92,#D0EBC3
101,17,92,#CFEBC3
102,17,92,#CFEBC3
103,17,92,#CEEBC3
104,17,92,#CDEBC3
105,17,92,#CDEBC3
106,17,92,#CCEBC3
107,17,92,#CBEBC3
108,17,92,#CBEBC3
109,17,92,#CAEBC3
110,17,92,#C9EBC3
111,17,92,#C9EBC3
112,17,92,#C8EBC3
113,17,92,#C7EBC3
114,17,92,#C7EBC3
115,17,92,#C6EBC3
116,17,92,#C5EBC3
117,17,92,#C5EBC3
118,17,92,#C4EBC3
119,17,92,#C3EBC3
120,17,92,#C3EBC3
121,17,92,#C3EBC3
122,17,92,#C3EBC4
123,17,92,#C3EBC5
124,17,92,#C3EBC5
125,17,92,#C3EBC6
126,17,92,#C3EBC7
127,17,92,#C3EBC7
128,17,92,#C3EBC8
129,17,92,#C3EBC9
130,17,92,#C3EBC9
131,17,92,#C3EBCA
132,17,92,#C3EBCB
133,17,92,#C3EBCB
134,17,92,#C3EBCC
135,17,92,#C3EBCD
136,17,92,#C3EBCD
137,17,92,#C3EBCE
138,17,92,#C3EBCF
139,17,92,#C3EBCF
140,17,92,#C3EBD0
141,17,92,#C3EBD1
142,17,92,#C3EBD1
143,17,92,#C3EBD2
144,17,92,#C3EBD3
145,17,92,#C3EBD3
146,17,92,#C3EBD4
147,17,92,#C3EBD5
148,17,92,#C3EBD5
149,17,92,#C3EBD6
150,17,92,#C3EBD7
151,17,92,#C3EBD7
152,17,92,#C3EBD8
153,17,92,#C3EBD9
154,17,92,#C3EBD9
155,17,92,#C3EBDA
156,17,92,#C3EBDB
157,17,92,#C3EBDB
158,17,92,#C3EBDC
159,17,92,#C3EBDD
160,17,92,#C3EBDD
161,17,92,#C3EBDE
162,17,92,#C3EBDF
163,17,92,#C3EBDF
164,17,92,#C3EBE0
165,17,92,#C3EBE1
166,17,92,#C3EBE1
167,17,92,#C3EBE2
168,17,92,#C3EBE3
169,17,92,#C3EBE3
170,17,92,#C3EBE4
171,17,92,#C3EBE5
172,17,92,#C3EBE5
173,17,92,#C3EBE6
174,17,92,#C3EBE7
175,17,92,#C3EBE7
176,17,92,#C3EBE8
177,17,92,#C3EBE9
178,17,92,#C3EBE9
179,17,92,#C3EBEA
180,17,92,#C3EBEB
181,17,92,#C3EAEB
182,17,92,#C3E9EB
183,17,92,#C3E9EB
184,17,92,#C3E8EB
185,17,92,#C3E7EB
186,17,92,#C3E7EB
187,17,92,#C3E6EB
188,17,92,#C3E5EB
189,17,92,#C3E5EB
190,17,92,#C3E4EB
191,17,92,#C3E3EB
192,17,92,#C3E3EB
193,17,92,#C3E2EB
194,17,92,#C3E1EB
195,17,92,#C3E1EB
196,17,92,#C3E0EB
197,17,92,#C3DFEB
198,17,92,#C3DFEB
199,17,92,#C3DEEB
200,17,92,#C3DDEB
201,17,92,#C3DDEB
202,17,92,#C3DCEB
203,17,92,#C3DBEB
204,17,92,#C3DBEB
205,17,92,#C3DAEB
206,17,92,#C3D9EB
207,17,92,#C3D9EB
208,17,92,#C3D8EB
209,17,92,#C3D7EB
210,17,92,#C3D7EB
211,17,92,#C3D6EB
212,17,92,#C3D5EB
213,17,92,#C3D5EB
214,17,92,#C3D4EB
215,17,92,#C3D3EB
216,17,92,#C3D3EB
217,17,92,#C3D2EB
218,17,92,#C3D1EB
219,17,92,#C3D1EB
220,17,92,#C3D0EB
221,17,92,#C3CFEB
222,17,92,#C3CFEB
223,17,92,#C3CEEB
224,17,92,#C3CDEB
225,17,92,#C3CDEB
226,17,92,#C3CCEB
227,17,92,#C3CBEB
228,17,92,#C3CBEB
229,17,92,#C3CAEB
230,17,92,#C3C9EB
231,17,92,#C3C9EB
232,17,92,#C3C8EB
233,17,92,#C3C7EB
234,17,92,#C3C7EB
235,17,92,#C3C6EB
236,17,92,#C3C5EB
237,17,92,#C3C5EB
238,17,92,#C3C4EB
239,17,92,#C3C3EB
240,17,92,#C3C3EB
241,17,92,#C3C3EB
242,17,92,#C4C3EB
243,17,92,#C5C3EB
244,17,92,#C5C3EB
245,17,92,#C6C3EB
246,17,92,#C7C3EB
247,17,92,#C7C3EB
248,17,92,#C8C3EB
249,17,92,#C9C3EB
250,17,92,#C9C3EB
251,17,92,#CAC3EB
252,17,92,#CBC3EB
253,17,92,#CBC3EB
254,17,92,#CCC3EB
255,17,92,#CDC3EB
256,17,92,#CDC3EB
257,17,92,#CEC3EB
258,17,92,#CFC3EB
259,17,92,#CFC3EB
260,17,92,#D0C3EB
261,17,92,#D1C3EB
262,17,92,#D1C3EB
263,17,92,#D2C3EB
264,17,92,#D3C3EB
265,17,92,#D3C3EB
266,17,92,#D4C3EB
267,17,92,#D5C3EB
268,17,92,#D5C3EB
269,17,92,#D6C3EB
270,17,92,#D7C3EB
271,17,92,#D7C3EB
272,17,92,#D8C3EB
273,17,92,#D9C3EB
274,17,92,#D9C3EB
275,17,92,#DAC3EB
276,17,92,#DBC3EB
277,17,92,#DBC3EB
278,17,92,#DCC3EB
279,17,92,#DDC3EB
280,17,92,#DDC3EB
281,17,92,#DEC3EB
282,17,92,#DFC3EB
283,17,92,#DFC3EB
284,17,92,#E0C3EB
285,17,92,#E1C3EB
286,17,92,#E1C3EB
287,17,92,#E2C3EB
288,17,92,#E3C3EB
289,17,92,#E3C3EB
290,17,92,#E4C3EB
291,17,92,#E5C3EB
292,17,92,#E5C3EB
293,17,92,#E6C3EB
294,17,92,#E7C3EB
295,17,92,#E7C3EB
296,17,92,#E8C3EB
297,17,92,#E9C3EB
298,17,92,#E9C3EB
299,17,92,#EAC3EB
300,17,92,#EBC3EB
301,17,92,#EBC3EA
302,17,92,#EBC3E9
303,17,92,#EBC3E9
304,17,92,#EBC3E8
305,17,92,#EBC3E7
306,17,92,#EBC3E7
307,17,92,#EBC3E6
308,17,92,#EBC3E5
309,17,92,#EBC3E5
310,17,92,#EBC3E4
311,17,92,#EBC3E3
312,17,92,#EBC3E3
313,17,92,#EBC3E2
314,17,92,#EBC3E1
315,17,92,#EBC3E1
316,17,92,#EBC3E0
317,17,92,#EBC3DF
318,17,92,#EBC3DF
319,17,92,#EBC3DE
320,17,92,#EBC3DD
321,17,92,#EBC3DD
322,17,92,#EBC3DC
323,17,92,#EBC3DB
324,17,92,#EBC3DB
325,17,92,#EBC3DA
326,17,92,#EBC3D9
327,17,92,#EBC3D9
328,17,92,#EBC3D8
329,17,92,#EBC3D7
330,17,92,#EBC3D7
331,17,92,#EBC3D6
332,17,92,#EBC3D5
333,17,92,#EBC3D5
334,17,92,#EBC3D4
335,17,92,#EBC3D3
336,17,92,#EBC3D3
337,17,92,#EBC3D2
338,17,92,#EBC3D1
339,17,92,#EBC3D1
340,17,92,#EBC3D0
341,17,92,#EBC3CF
342,17,92,#EBC3CF
343,17,92,#EBC3CE
344,17,92,#EBC3CD
345,17,92,#EBC3CD
346,17,92,#EBC3CC
347,17,92,#EBC3CB
348,17,92,#EBC3CB
349,17,92,#EBC3CA
350,17,92,#EBC3C9
351,17,92,#EBC3C9
352,17,92,#EBC3C8
353,17,92,#EBC3C7
354,17,92,#EBC3C7
355,17,92,#EBC3C6
356,17,92,#EBC3C5
357,17,92,#EBC3C5
358,17,92,#EBC3C4
359,17,92,#EBC3C3
0,16,92,#EBC5C5
1,16,92,#EBC6C5
2,16,92,#EBC6C5
3,16,92,#EBC7C5
4,16,92,#EBC8C5
5,16,92,#EBC8C5
6,16,92,#EBC9C5
7,16,92,#EBC9C5
8,16,92,#EBCAC5
9,16,92,#EBCBC5
10,16,92,#EBCBC5
11,16,92,#EBCCC5
12,16,92,#EBCDC5
13,16,92,#EBCDC5
14,16,92,#EBCEC5
15,16,92,#EBCEC5
16,16,92,#EBCFC5
17,16,92,#EBD0C5
18,16,92,#EBD0C5
19,16,92,#EBD1C5
20,16,92,#EBD2C5
21,16,92,#EBD2C5
22,16,92,#EBD3C5
23,16,92,#EBD3C5
24,16,92,#EBD4C5
25,16,92,#EBD5C5
26,16,92,#EBD5C5
27,16,92,#EBD6C5
28,16,92,#EBD7C5
29,16,92,#EBD7C5
30,16,92,#EBD8C5
31,16,92,#EBD8C5
32,16,92,#EBD9C5
33,16,92,#EBDAC5
34,16,92,#EBDAC5
35,16,92,#EBDBC5
36,16,92,#EBDCC5
37,16,92,#EBDCC5
38,16,92,#EBDDC5
39,16,92,#EBDDC5
40,16,92,#EBDEC5
41,16,92,#EBDFC5
42,16,92,#EBDFC5
43,16,92,#EBE0C5
44,16,92,#EBE1C5
45,16,92,#EBE1C5
46,16,92,#EBE2C5
47,16,92,#EBE2C5
48,16,92,#EBE3C5
49,16,92,#EBE4C5
50,16,92,#EBE4C5
51,16,92,#EBE5C5
52,16,92,#EBE6C5
53,16,92,#EBE6C5
54,16,92,#EBE7C5
55,16,92,#EBE7C5
56,16,92,#EBE8C5
57,16,92,#EBE9C5
58,16,92,#EBE9C5
59,16,92,#EBEAC5
60,16,92,#EBEBC5
61,16,92,#EAEBC5
62,16,92,#E9EBC5
63,16,92,#E9EBC5
64,16,92,#E8EBC5
65,16,92,#E7EBC5
66,16,92,#E7EBC5
67,16,92,#E6EBC5
68,16,92,#E6EBC5
69,16,92,#E5EBC5
70,16,92,#E4EBC5
71,16,92,#E4EBC5
72,16,92,#E3EBC5
73,16,92,#E2EBC5
74,16,92,#E2EBC5
75,16,92,#E1EBC5
76,16,92,#E1EBC5
77,16,92,#E0EBC5
78,16,92,#DFEBC5
79,16,92,#DFEBC5
80,16,92,#DEEBC5
81,16,92,#DDEBC5
82,16,92,#DDEBC5
83,16,92,#DCEBC5
84,16,92,#DCEBC5
85,16,92,#DBEBC5
86,16,92,#DAEBC5
87,16,92,#DAEBC5
88,16,92,#D9EBC5
89,16,92,#D8EBC5
90,16,92,#D8EBC5
91,16,92,#D7EBC5
92,16,92,#D7EBC5
93,16,92,#D6EBC5
94,16,92,#D5EBC5
95,16,92,#D5EBC5
96,16,92,#D4EBC5
97,16,92,#D3EBC5
98,16,92,#D3EBC5
99,16,92,#D2EBC5
100,16,92,#D2EBC5
101,16,92,#D1EBC5
102,16,92,#D0EBC5
103,16,92,#D0EBC5
104,16,92,#CFEBC5
105,16,92,#CEEBC5
106,16,92,#CEEBC5
107,16,92,#CDEBC5
108,16,92,#CDEBC5
109,16,92,#CCEBC5
110,16,92,#CBEBC5
111,16,92,#CBEBC5
112,16,92,#CAEBC5
113,16,92,#C9EBC5
114,16,92,#C9EBC5
115,16,92,#C8EBC5
116,16,92,#C8EBC5
117,16,92,#C7EBC5
118,16,92,#C6EBC5
119,16,92,#C6EBC5
120,16,92,#C5EBC5
121,16,92,#C5EBC6
122,16,92,#C5EBC6
123,16,92,#C5EBC7
124,16,92,#C5EBC8
125,16,92,#C5EBC8
126,16,92,#C5EBC9
127,16,92,#C5EBC9
128,16,92,#C5EBCA
129,16,92,#C5EBCB
130,16,92,#C5EBCB
131,16,92,#C5EBCC
132,16,92,#C5EBCD
133,16,92,#C5EBCD
134,16,92,#C5EBCE
135,16,92,#C5EBCE
136,16,92,#C5EBCF
137,16,92,#C5EBD0
138,16,92,#C5EBD0
139,16,92,#C5EBD1
140,16,92,#C5EBD2
141,16,92,#C5EBD2
142,16,92,#C5EBD3
143,16,92,#C5EBD3
144,16,92,#C5EBD4
145,16,92,#C5EBD5
146,16,92,#C5EBD5
147,16,92,#C5EBD6
148,16,92,#C5EBD7
149,16,92,#C5EBD7
150,16,92,#C5EBD8
151,16,92,#C5EBD8
152,16,92,#C5EBD9
153,16,92,#C5EBDA
154,16,92,#C5EBDA
155,16,92,#C5EBDB
156,16,92,#C5EBDC
157,16,92,#C5EBDC
158,16,92,#C5EBDD
159,16,92,#C5EBDD
160,16,92,#C5EBDE
161,16,92,#C5EBDF
162,16,92,#C5EBDF
163,16,92,#C5EBE0
164,16,92,#C5EBE1
165,16,92,#C5EBE1
166,16,92,#C5EBE2
167,16,92,#C5EBE2
168,16,92,#C5EBE3
169,16,92,#C5EBE4
170,16,92,#C5EBE4
171,16,92,#C5EBE5
172,16,92,#C5EBE6
173,16,92,#C5EBE6
174,16,92,#C5EBE7
175,16,92,#C5EBE7
176,16,92,#C5EBE8
177,16,92,#C5EBE9
178,16,92,#C5EBE9
179,16,92,#C5EBEA
180,16,92,#C5EBEB
181,16,92,#C5EAEB
182,16,92,#C5E9EB
183,16,92,#C5E9EB
184,16,92,#C5E8EB
185,16,92,#C5E7EB
186,16,92,#C5E7EB
187,16,92,#C5E6EB
188,16,92,#C5E6EB
189,16,92,#C5E5EB
190,16,92,#C5E4EB
191,16,92,#C5E4EB
192,16,92,#C5E3EB
193,16,92,#C5E2EB
194,16,92,#C5E2EB
195,16,92,#C5E1EB
196,16,92,#C5E1EB
197,16,92,#C5E0EB
198,16,92,#C5DFEB
199,16,92,#C5DFEB
200,16,92,#C5DEEB
201,16,92,#C5DDEB
202,16,92,#C5DDEB
203,16,92,#C5DCEB
204,16,92,#C5DCEB
205,16,92,#C5DBEB
206,16,92,#C5DAEB
207,16,92,#C5DAEB
208,16,92,#C5D9EB
209,16,92,#C5D8EB
210,16,92,#C5D8EB
211,16,92,#C5D7EB
212,16,92,#C5D7EB
213,16,92,#C5D6EB
214,16,92,#C5D5EB
215,16,92,#C5D5EB
216,16,92,#C5D4EB
217,16,92,#C5D3EB
218,16,92,#C5D3EB
219,16,92,#C5D2EB
220,16,92,#C5D2EB
221,16,92,#C5D1EB
222,16,92,#C5D0EB
223,16,92,#C5D0EB
224,16,92,#C5CFEB
225,16,92,#C5CEEB
226,16,92,#C5CEEB
227,16,92,#C5CDEB
228,16,92,#C5CDEB
229,16,92,#C5CCEB
230,16,92,#C5CBEB
231,16,92,#C5CBEB
232,16,92,#C5CAEB
233,16,92,#C5C9EB
234,16,92,#C5C9EB
235,16,92,#C5C8EB
236,16,92,#C5C8EB
237,16,92,#C5C7EB
238,16,92,#C5C6EB
239,16,92,#C5C6EB
240,16,92,#C5C5EB
241,16,92,#C6C5EB
242,16,92,#C6C5EB
243,16,92,#C7C5EB
244,16,92,#C8C5EB
245,16,92,#C8C5EB
246,16,92,#C9C5EB
247,16,92,#C9C5EB
248,16,92,#CAC5EB
249,16,92,#CBC5EB
250,16,92,#CBC5EB
251,16,92,#CCC5EB
252,16,92,#CDC5EB
253,16,92,#CDC5EB
254,16,92,#CEC5EB
255,16,92,#CEC5EB
256,16,92,#CFC5EB
257,16,92,#D0C5EB
258,16,92,#D0C5EB
259,16,92,#D1C5EB
260,16,92,#D2C5EB
261,16,92,#D2C5EB
262,16,92,#D3C5EB
263,16,92,#D3C5EB
264,16,92,#D4C5EB
265,16,92,#D5C5EB
266,16,92,#D5C5EB
267,16,92,#D6C5EB
268,16,92,#D7C5EB
269,16,92,#D7C5EB
270,16,92,#D8C5EB
271,16,92,#D8C5EB
272,16,92,#D9C5EB
273,16,92,#DAC5EB
274,16,92,#DAC5EB
275,16,92,#DBC5EB
276,16,92,#DCC5EB
277,16,92,#DCC5EB
278,16,92,#DDC5EB
279,16,92,#DDC5EB
280,16,92,#DEC5EB
281,16,92,#DFC5EB
282,16,92,#DFC5EB
283,16,92,#E0C5EB
284,16,92,#E1C5EB
285,16,92,#E1C5EB
286,16,92,#E2C5EB
287,16,92,#E2C5EB
288,16,92,#E3C5EB
289,16,92,#E4C5EB
290,16,92,#E4C5EB
291,16,92,#E5C5EB
292,16,92,#E6C5EB
293,16,92,#E6C5EB
294,16,92,#E7C5EB
295,16,92,#E7C5EB
296,16,92,#E8C5EB
297,16,92,#E9C5EB
298,16,92,#E9C5EB
299,16,92,#EAC5EB
300,16,92,#EBC5EB
301,16,92,#EBC5EA
302,16,92,#EBC5E9
303,16,92,#EBC5E9
304,16,92,#EBC5E8
305,16,92,#EBC5E7
306,16,92,#EBC5E7
307,16,92,#EBC5E6
308,16,92,#EBC5E6
309,16,92,#EBC5E5
310,16,92,#EBC5E4
311,16,92,#EBC5E4
312,16,92,#EBC5E3
313,16,92,#EBC5E2
314,16,92,#EBC5E2
315,16,92,#EBC5E1
316,16,92,#EBC5E1
317,16,92,#EBC5E0
318,16,92,#EBC5DF
319,16,92,#EBC5DF
320,16,92,#EBC5DE
321,16,92,#EBC5DD
322,16,92,#EBC5DD
323,16,92,#EBC5DC
324,16,92,#EBC5DC
325,16,92,#EBC5DB
326,16,92,#EBC5DA
327,16,92,#EBC5DA
328,16,92,#EBC5D9
329,16,92,#EBC5D8
330,16,92,#EBC5D8
331,16,92,#EBC5D7
332,16,92,#EBC5D7
333,16,92,#EBC5D6
334,16,92,#EBC5D5
335,16,92,#EBC5D5
336,16,92,#EBC5D4
337,16,92,#EBC5D3
338,16,92,#EBC5D3
339,16,92,#EBC5D2
340,16,92,#EBC5D2
341,16,92,#EBC5D1
342,16,92,#EBC5D0
343,16,92,#EBC5D0
344,16,92,#EBC5CF
345,16,92,#EBC5CE
346,16,92,#EBC5CE
347,16,92,#EBC5CD
348,16,92,#EBC5CD
349,16,92,#EBC5CC
350,16,92,#EBC5CB
351,16,92,#EBC5CB
352,16,92,#EBC5CA
353,16,92,#EBC5C9
354,16,92,#EBC5C9
355,16,92,#EBC5C8
356,16,92,#EBC5C8
357,16,92,#EBC5C7
358,16,92,#EBC5C6
359,16,92,#EBC5C6
0,15,92,#EBC7C7
1,15,92,#EBC8C7
2,15,92,#EBC9C7
3,15,92,#EBC9C7
4,15,92,#EBCAC7
5,15,92,#EBCAC7
6,15,92,#EBCBC7
7,15,92,#EBCCC7
8,15,92,#EBCCC7
9,15,92,#EBCDC7
10,15,92,#EBCDC7
11,15,92,#EBCEC7
12,15,92,#EBCEC7
13,15,92,#EBCFC7
14,15,92,#EBD0C7
15,15,92,#EBD0C7
16,15,92,#EBD1C7
17,15,92,#EBD1C7
18,15,92,#EBD2C7
19,15,92,#EBD3C7
20,15,92,#EBD3C7
21,15,92,#EBD4C7
22,15,92,#EBD4C7
23,15,92,#EBD5C7
24,15,92,#EBD5C7
25,15,92,#EBD6C7
26,15,92,#EBD7C7
27,15,92,#EBD7C7
28,15,92,#EBD8C7
29,15,92,#EBD8C7
30,15,92,#EBD9C7
31,15,92,#EBDAC7
32,15,92,#EBDAC7
33,15,92,#EBDBC7
34,15,92,#EBDBC7
35,15,92,#EBDCC7
36,15,92,#EBDDC7
37,15,92,#EBDDC7
38,15,92,#EBDEC7
39,15,92,#EBDEC7
40,15,92,#EBDFC7
41,15,92,#EBDFC7
42,15,92,#EBE0C7
43,15,92,#EBE1C7
44,15,92,#EBE1C7
45,15,92,#EBE2C7
46,15,92,#EBE2C7
47,15,92,#EBE3C7
48,15,92,#EBE4C7
49,15,92,#EBE4C7
50,15,92,#EBE5C7
51,15,92,#EBE5C7
52,15,92,#EBE6C7
53,15,92,#EBE6C7
54,15,92,#EBE7C7
55,15,92,#EBE8C7
56,15,92,#EBE8C7
57,15,92,#EBE9C7
58,15,92,#EBE9C7
59,15,92,#EBEAC7
60,15,92,#EBEBC7
61,15,92,#EAEBC7
62,15,92,#E9EBC7
63,15,92,#E9EBC7
64,15,92,#E8EBC7
65,15,92,#E8EBC7
66,15,92,#E7EBC7
67,15,92,#E6EBC7
68,15,92,#E6EBC7
69,15,92,#E5EBC7
70,15,92,#E5EBC7
71,15,92,#E4EBC7
72,15,92,#E4EBC7
73,15,92,#E3EBC7
74,15,92,#E2EBC7
75,15,92,#E2EBC7
76,15,92,#E1EBC7
77,15,92,#E1EBC7
78,15,92,#E0EBC7
79,15,92,#DFEBC7
80,15,92,#DFEBC7
81,15,92,#DEEBC7
82,15,92,#DEEBC7
83,15,92,#DDEBC7
84,15,92,#DDEBC7
85,15,92,#DCEBC7
86,15,92,#DBEBC7
87,15,92,#DBEBC7
88,15,92,#DAEBC7
89,15,92,#DAEBC7
90,15,92,#D9EBC7
91,15,92,#D8EBC7
92,15,92,#D8EBC7
93,15,92,#D7EBC7
94,15,92,#D7EBC7
95,15,92,#D6EBC7
96,15,92,#D5EBC7
97,15,92,#D5EBC7
98,15,92,#D4EBC7
99,15,92,#D4EBC7
100,15,92,#D3EBC7
101,15,92,#D3EBC7
102,15,92,#D2EBC7
103,15,92,#D1EBC7
104,15,92,#D1EBC7
105,15,92,#D0EBC7
106,15,92,#D0EBC7
107,15,92,#CFEBC7
108,15,92,#CEEBC7
109,15,92,#CEEBC7
110,15,92,#CDEBC7
111,15,92,#CDEBC7
112,15,92,#CCEBC7
113,15,92,#CCEBC7
114,15,92,#CBEBC7
115,15,92,#CAEBC7
116,15,92,#CAEBC7
117,15,92,#C9EBC7
118,15,92,#C9EBC7
119,15,92,#C8EBC7
120,15,92,#C7EBC7
121,15,92,#C7EBC8
122,15,92,#C7EBC9
123,15,92,#C7EBC9
124,15,92,#C7EBCA
125,15,92,#C7EBCA
126,15,92,#C7EBCB
127,15,92,#C7EBCC
128,15,92,#C7EBCC
129,15,92,#C7EBCD
130,15,92,#C7EBCD
131,15,92,#C7EBCE
132,15,92,#C7EBCE
133,15,92,#C7EBCF
134,15,92,#C7EBD0
135,15,92,#C7EBD0
136,15,92,#C7EBD1
137,15,92,#C7EBD1
138,15,92,#C7EBD2
139,15,92,#C7EBD3
140,15,92,#C7EBD3
141,15,92,#C7EBD4
142,15,92,#C7EBD4
143,15,92,#C7EBD5
144,15,92,#C7EBD5
145,15,92,#C7EBD6
146,15,92,#C7EBD7
147,15,92,#C7EBD7
148,15,92,#C7EBD8
149,15,92,#C7EBD8
150,15,92,#C7EBD9
151,15,92,#C7EBDA
152,15,92,#C7EBDA
153,15,92,#C7EBDB
154,15,92,#C7EBDB
155,15,92,#C7EBDC
156,15,92,#C7EBDD
157,15,92,#C7EBDD
158,15,92,#C7EBDE
159,15,92,#C7EBDE
160,15,92,#C7EBDF
161,15,92,#C7EBDF
162,15,92,#C7EBE0
163,15,92,#C7EBE1
164,15,92,#C7EBE1
165,15,92,#C7EBE2
166,15,92,#C7EBE2
167,15,92,#C7EBE3
168,15,92,#C7EBE4
169,15,92,#C7EBE4
170,15,92,#C7EBE5
171,15,92,#C7EBE5
172,15,92,#C7EBE6
173,15,92,#C7EBE6
174,15,92,#C7EBE7
175,15,92,#C7EBE8
176,15,92,#C7EBE8
177,15,92,#C7EBE9
178,15,92,#C7EBE9
179,15,92,#C7EBEA
180,15,92,#C7EBEB
181,15,92,#C7EAEB
182,15,92,#C7E9EB
183,15,92,#C7E9EB
184,15,92,#C7E8EB
185,15,92,#C7E8EB
186,15,92,#C7E7EB
187,15,92,#C7E6EB
188,15,92,#C7E6EB
189,15,92,#C7E5EB
190,15,92,#C7E5EB
191,15,92,#C7E4EB
192,15,92,#C7E4EB
193,15,92,#C7E3EB
194,15,92,#C7E2EB
195,15,92,#C7E2EB
196,15,92,#C7E1EB
197,15,92,#C7E1EB
198,15,92,#C7E0EB
199,15,92,#C7DFEB
200,15,92,#C7DFEB
201,15,92,#C7DEEB
202,15,92,#C7DEEB
203,15,92,#C7DDEB
204,15,92,#C7DDEB
205,15,92,#C7DCEB
206,15,92,#C7DBEB
207,15,92,#C7DBEB
208,15,92,#C7DAEB
209,15,92,#C7DAEB
210,15,92,#C7D9EB
211,15,92,#C7D8EB
212,15,92,#C7D8EB
213,15,92,#C7D7EB
214,15,92,#C7D7EB
215,15,92,#C7D6EB
216,15,92,#C7D5EB
217,15,92,#C7D5EB
218,15,92,#C7D4EB
219,15,92,#C7D4EB
220,15,92,#C7D3EB
221,15,92,#C7D3EB
222,15,92,#C7D2EB
223,15,92,#C7D1EB
224,15,92,#C7D1EB
225,15,92,#C7D0EB
226,15,92,#C7D0EB
227,15,92,#C7CFEB
228,15,92,#C7CEEB
229,15,92,#C7CEEB
230,15,92,#C7CDEB
231,15,92,#C7CDEB
232,15,92,#C7CCEB
233,15,92,#C7CCEB
234,15,92,#C7CBEB
235,15,92,#C7CAEB
236,15,92,#C7CAEB
237,15,92,#C7C9EB
238,15,92,#C7C9EB
239,15,92,#C7C8EB
240,15,92,#C7C7EB
241,15,92,#C8C7EB
242,15,92,#C9C7EB
243,15,92,#C9C7EB
244,15,92,#CAC7EB
245,15,92,#CAC7EB
246,15,92,#CBC7EB
247,15,92,#CCC7EB
248,15,92,#CCC7EB
249,15,92,#CDC7EB
250,15,92,#CDC7EB
251,15,92,#CEC7EB
252,15,92,#CEC7EB
253,15,92,#CFC7EB
254,15,92,#D0C7EB
255,15,92,#D0C7EB
256,15,92,#D1C7EB
257,15,92,#D1C7EB
258,15,92,#D2C7EB
259,15,92,#D3C7EB
260,15,92,#D3C7EB
261,15,92,#D4C7EB
262,15,92,#D4C7EB
263,15,92,#D5C7EB
264,15,92,#D5C7EB
265,15,92,#D6C7EB
266,15,92,#D7C7EB
267,15,92,#D7C7EB
268,15,92,#D8C7EB
269,15,92,#D8C7EB
270,15,92,#D9C7EB
271,15,92,#DAC7EB
272,15,92,#DAC7EB
273,15,92,#DBC7EB
274,15,92,#DBC7EB
275,15,92,#DCC7EB
276,15,92,#DDC7EB
277,15,92,#DDC7EB
278,15,92,#DEC7EB
279,15,92,#DEC7EB
280,15,92,#DFC7EB
281,15,92,#DFC7EB
282,15,92,#E0C7EB
283,15,92,#E1C7EB
284,15,92,#E1C7EB
285,15,92,#E2C7EB
286,15,92,#E2C7EB
287,15,92,#E3C7EB
288,15,92,#E4C7EB
289,15,92,#E4C7EB
290,15,92,#E5C7EB
291,15,92,#E5C7EB
292,15,92,#E6C7EB
293,15,92,#E6C7EB
294,15,92,#E7C7EB
295,15,92,#E8C7EB
296,15,92,#E8C7EB
297,15,92,#E9C7EB
298,15,92,#E9C7EB
299,15,92,#EAC7EB
300,15,92,#EBC7EB
301,15,92,#EBC7EA
302,15,92,#EBC7E9
303,15,92,#EBC7E9
304,15,92,#EBC7E8
305,15,92,#EBC7E8
306,15,92,#EBC7E7
307,15,92,#EBC7E6
308,15,92,#EBC7E6
309,15,92,#EBC7E5
310,15,92,#EBC7E5
311,15,92,#EBC7E4
312,15,92,#EBC7E4
313,15,92,#EBC7E3
314,15,92,#EBC7E2
315,15,92,#EBC7E2
316,15,92,#EBC7E1
317,15,92,#EBC7E1
318,15,92,#EBC7E0
319,15,92,#EBC7DF
320,15,92,#EBC7DF
321,15,92,#EBC7DE
322,15,92,#EBC7DE
323,15,92,#EBC7DD
324,15,92,#EBC7DD
325,15,92,#EBC7DC
326,15,92,#EBC7DB
327,15,92,#EBC7DB
328,15,92,#EBC7DA
329,15,92,#EBC7DA
330,15,92,#EBC7D9
331,15,92,#EBC7D8
332,15,92,#EBC7D8
333,15,92,#EBC7D7
334,15,92,#EBC7D7
335,15,92,#EBC7D6
336,15,92,#EBC7D5
337,15,92,#EBC7D5
338,15,92,#EBC7D4
339,15,92,#EBC7D4
340,15,92,#EBC7D3
341,15,92,#EBC7D3
342,15,92,#EBC7D2
343,15,92,#EBC7D1
344,15,92,#EBC7D1
345,15,92,#EBC7D0
346,15,92,#EBC7D0
347,15,92,#EBC7CF
348,15,92,#EBC7CE
349,15,92,#EBC7CE
350,15,92,#EBC7CD
351,15,92,#EBC7CD
352,15,92,#EBC7CC
353,15,92,#EBC7CC
354,15,92,#EBC7CB
355,15,92,#EBC7CA
356,15,92,#EBC7CA
357,15,92,#EBC7C9
358,15,92,#EBC7C9
359,15,92,#EBC7C8
0,14,92,#EBCACA
1,14,92,#EBCACA
2,14,92,#EBCBCA
3,14,92,#EBCBCA
4,14,92,#EBCCCA
5,14,92,#EBCCCA
6,14,92,#EBCDCA
7,14,92,#EBCECA
8,14,92,#EBCECA
9,14,92,#EBCFCA
10,14,92,#EBCFCA
11,14,92,#EBD0CA
12,14,92,#EBD0CA
13,14,92,#EBD1CA
14,14,92,#EBD1CA
15,14,92,#EBD2CA
16,14,92,#EBD3CA
17,14,92,#EBD3CA
18,14,92,#EBD4CA
19,14,92,#EBD4CA
20,14,92,#EBD5CA
21,14,92,#EBD5CA
22,14,92,#EBD6CA
23,14,92,#EBD6CA
24,14,92,#EBD7CA
25,14,92,#EBD7CA
26,14,92,#EBD8CA
27,14,92,#EBD9CA
28,14,92,#EBD9CA
29,14,92,#EBDACA
30,14,92,#EBDACA
31,14,92,#EBDBCA
32,14,92,#EBDBCA
33,14,92,#EBDCCA
34,14,92,#EBDCCA
35,14,92,#EBDDCA
36,14,92,#EBDDCA
37,14,92,#EBDECA
38,14,92,#EBDFCA
39,14,92,#EBDFCA
40,14,92,#EBE0CA
41,14,92,#EBE0CA
42,14,92,#EBE1CA
43,14,92,#EBE1CA
44,14,92,#EBE2CA
45,14,92,#EBE2CA
46,14,92,#EBE3CA
47,14,92,#EBE3CA
48,14,92,#EBE4CA
49,14,92,#EBE5CA
50,14,92,#EBE5CA
51,14,92,#EBE6CA
52,14,92,#EBE6CA
53,14,92,#EBE7CA
54,14,92,#EBE7CA
55,14,92,#EBE8CA
56,14,92,#EBE8CA
57,14,92,#EBE9CA
58,14,92,#EBEACA
59,14,92,#EBEACA
60,14,92,#EBEBCA
61,14,92,#EAEBCA
62,14,92,#EAEBCA
63,14,92,#E9EBCA
64,14,92,#E8EBCA
65,14,92,#E8EBCA
66,14,92,#E7EBCA
67,14,92,#E7EBCA
68,14,92,#E6EBCA
69,14,92,#E6EBCA
70,14,92,#E5EBCA
71,14,92,#E5EBCA
72,14,92,#E4EBCA
73,14,92,#E3EBCA
74,14,92,#E3EBCA
75,14,92,#E2EBCA
76,14,92,#E2EBCA
77,14,92,#E1EBCA
78,14,92,#E1EBCA
79,14,92,#E0EBCA
80,14,92,#E0EBCA
81,14,92,#DFEBCA
82,14,92,#DFEBCA
83,14,92,#DEEBCA
84,14,92,#DDEBCA
85,14,92,#DDEBCA
86,14,92,#DCEBCA
87,14,92,#DCEBCA
88,14,92,#DBEBCA
89,14,92,#DBEBCA
90,14,92,#DAEBCA
91,14,92,#DAEBCA
92,14,92,#D9EBCA
93,14,92,#D9EBCA
94,14,92,#D8EBCA
95,14,92,#D7EBCA
96,14,92,#D7EBCA
97,14,92,#D6EBCA
98,14,92,#D6EBCA
99,14,92,#D5EBCA
100,14,92,#D5EBCA
101,14,92,#D4EBCA
102,14,92,#D4EBCA
103,14,92,#D3EBCA
104,14,92,#D3EBCA
105,14,92,#D2EBCA
106,14,92,#D1EBCA
107,14,92,#D1EBCA
108,14,92,#D0EBCA
109,14,92,#D0EBCA
110,14,92,#CFEBCA
111,14,92,#CFEBCA
112,14,92,#CEEBCA
113,14,92,#CEEBCA
114,14,92,#CDEBCA
115,14,92,#CCEBCA
116,14,92,#CCEBCA
117,14,92,#CBEBCA
118,14,92,#CBEBCA
119,14,92,#CAEBCA
120,14,92,#CAEBCA
121,14,92,#CAEBCA
122,14,92,#CAEBCB
123,14,92,#CAEBCB
124,14,92,#CAEBCC
125,14,92,#CAEBCC
126,14,92,#CAEBCD
127,14,92,#CAEBCE
128,14,92,#CAEBCE
129,14,92,#CAEBCF
130,14,92,#CAEBCF
131,14,92,#CAEBD0
132,14,92,#CAEBD0
133,14,92,#CAEBD1
134,14,92,#CAEBD1
135,14,92,#CAEBD2
136,14,92,#CAEBD3
137,14,92,#CAEBD3
138,14,92,#CAEBD4
139,14,92,#CAEBD4
140,14,92,#CAEBD5
141,14,92,#CAEBD5
142,14,92,#CAEBD6
143,14,92,#CAEBD6
144,14,92,#CAEBD7
145,14,92,#CAEBD7
146,14,92,#CAEBD8
147,14,92,#CAEBD9
148,14,92,#CAEBD9
149,14,92,#CAEBDA
150,14,92,#CAEBDA
151,14,92,#CAEBDB
152,14,92,#CAEBDB
153,14,92,#CAEBDC
154,14,92,#CAEBDC
155,14,92,#CAEBDD
156,14,92,#CAEBDD
157,14,92,#CAEBDE
158,14,92,#CAEBDF
159,14,92,#CAEBDF
160,14,92,#CAEBE0
161,14,92,#CAEBE0
162,14,92,#CAEBE1
163,14,92,#CAEBE1
164,14,92,#CAEBE2
165,14,92,#CAEBE2
166,14,92,#CAEBE3
167,14,92,#CAEBE3
168,14,92,#CAEBE4
169,14,92,#CAEBE5
170,14,92,#CAEBE5
171,14,92,#CAEBE6
172,14,92,#CAEBE6
173,14,92,#CAEBE7
174,14,92,#CAEBE7
175,14,92,#CAEBE8
176,14,92,#CAEBE8
177,14,92,#CAEBE9
178,14,92,#CAEBEA
179,14,92,#CAEBEA
180,14,92,#CAEBEB
181,14,92,#CAEAEB
182,14,92,#CAEAEB
183,14,92,#CAE9EB
184,14,92,#CAE8EB
185,14,92,#CAE8EB
186,14,92,#CAE7EB
187,14,92,#CAE7EB
188,14,92,#CAE6EB
189,14,92,#CAE6EB
190,14,92,#CAE5EB
191,14,92,#CAE5EB
192,14,92,#CAE4EB
193,14,92,#CAE3EB
194,14,92,#CAE3EB
195,14,92,#CAE2EB
196,14,92,#CAE2EB
197,14,92,#CAE1EB
198,14,92,#CAE1EB
199,14,92,#CAE0EB
200,14,92,#CAE0EB
201,14,92,#CADFEB
202,14,92,#CADFEB
203,14,92,#CADEEB
204,14,92,#CADDEB
205,14,92,#CADDEB
206,14,92,#CADCEB
207,14,92,#CADCEB
208,14,92,#CADBEB
209,14,92,#CADBEB
210,14,92,#CADAEB
211,14,92,#CADAEB
212,14,92,#CAD9EB
213,14,92,#CAD9EB
214,14,92,#CAD8EB
215,14,92,#CAD7EB
216,14,92,#CAD7EB
217,14,92,#CAD6EB
218,14,92,#CAD6EB
219,14,92,#CAD5EB
220,14,92,#CAD5EB
221,14,92,#CAD4EB
222,14,92,#CAD4EB
223,14,92,#CAD3EB
224,14,92,#CAD3EB
225,14,92,#CAD2EB
226,14,92,#CAD1EB
227,14,92,#CAD1EB
228,14,92,#CAD0EB
229,14,92,#CAD0EB
230,14,92,#CACFEB
231,14,92,#CACFEB
232,14,92,#CACEEB
233,14,92,#CACEEB
234,14,92,#CACDEB
235,14,92,#CACCEB
236,14,92,#CACCEB
237,14,92,#CACBEB
238,14,92,#CACBEB
239,14,92,#CACAEB
240,14,92,#CACAEB
241,14,92,#CACAEB
242,14,92,#CBCAEB
243,14,92,#CBCAEB
244,14,92,#CCCAEB
245,14,92,#CCCAEB
246,14,92,#CDCAEB
247,14,92,#CECAEB
248,14,92,#CECAEB
249,14,92,#CFCAEB
250,14,92,#CFCAEB
251,14,92,#D0CAEB
252,14,92,#D0CAEB
253,14,92,#D1CAEB
254,14,92,#D1CAEB
255,14,92,#D2CAEB
256,14,92,#D3CAEB
257,14,92,#D3CAEB
258,14,92,#D4CAEB
259,14,92,#D4CAEB
260,14,92,#D5CAEB
261,14,92,#D5CAEB
262,14,92,#D6CAEB
263,14,92,#D6CAEB
264,14,92,#D7CAEB
265,14,92,#D7CAEB
266,14,92,#D8CAEB
267,14,92,#D9CAEB
268,14,92,#D9CAEB
269,14,92,#DACAEB
270,14,92,#DACAEB
271,14,92,#DBCAEB
272,14,92,#DBCAEB
273,14,92,#DCCAEB
274,14,92,#DCCAEB
275,14,92,#DDCAEB
276,14,92,#DDCAEB
277,14,92,#DECAEB
278,14,92,#DFCAEB
279,14,92,#DFCAEB
280,14,92,#E0CAEB
281,14,92,#E0CAEB
282,14,92,#E1CAEB
283,14,92,#E1CAEB
284,14,92,#E2CAEB
285,14,92,#E2CAEB
286,14,92,#E3CAEB
287,14,92,#E3CAEB
288,14,92,#E4CAEB
289,14,92,#E5CAEB
290,14,92,#E5CAEB
291,14,92,#E6CAEB
292,14,92,#E6CAEB
293,14,92,#E7CAEB
294,14,92,#E7CAEB
295,14,92,#E8CAEB
296,14,92,#E8CAEB
297,14,92,#E9CAEB
298,14,92,#EACAEB
299,14,92,#EACAEB
300,14,92,#EBCAEB
301,14,92,#EBCAEA
302,14,92,#EBCAEA
303,14,92,#EBCAE9
304,14,92,#EBCAE8
305,14,92,#EBCAE8
306,14,92,#EBCAE7
307,14,92,#EBCAE7
308,14,92,#EBCAE6
309,14,92,#EBCAE6
310,14,92,#EBCAE5
311,14,92,#EBCAE5
312,14,92,#EBCAE4
313,14,92,#EBCAE3
314,14,92,#EBCAE3
315,14,92,#EBCAE2
316,14,92,#EBCAE2
317,14,92,#EBCAE1
318,14,92,#EBCAE1
319,14,92,#EBCAE0
320,14,92,#EBCAE0
321,14,92,#EBCADF
322,14,92,#EBCADF
323,14,92,#EBCADE
324,14,92,#EBCADD
325,14,92,#EBCADD
326,14,92,#EBCADC
327,14,92,#EBCADC
328,14,92,#EBCADB
329,14,92,#EBCADB
330,14,92,#EBCADA
331,14,92,#EBCADA
332,14,92,#EBCAD9
333,14,92,#EBCAD9
334,14,92,#EBCAD8
335,14,92,#EBCAD7
336,14,92,#EBCAD7
337,14,92,#EBCAD6
338,14,92,#EBCAD6
339,14,92,#EBCAD5
340,14,92,#EBCAD5
341,14,92,#EBCAD4
342,14,92,#EBCAD4
343,14,92,#EBCAD3
344,14,92,#EBCAD3
345,14,92,#EBCAD2
346,14,92,#EBCAD1
347,14,92,#EBCAD1
348,14,92,#EBCAD0
349,14,92,#EBCAD0
350,14,92,#EBCACF
351,14,92,#EBCACF
352,14,92,#EBCACE
353,14,92,#EBCACE
354,14,92,#EBCACD
355,14,92,#EBCACC
356,14,92,#EBCACC
357,14,92,#EBCACB
358,14,92,#EBCACB
359,14,92,#EBCACA
0,13,92,#EBCCCC
1,13,92,#EBCDCC
2,13,92,#EBCDCC
3,13,92,#EBCECC
4,13,92,#EBCECC
5,13,92,#EBCFCC
6,13,92,#EBCFCC
7,13,92,#EBD0CC
8,13,92,#EBD0CC
9,13,92,#EBD1CC
10,13,92,#EBD1CC
11,13,92,#EBD2CC
12,13,92,#EBD2CC
13,13,92,#EBD3CC
14,13,92,#EBD3CC
15,13,92,#EBD4CC
16,13,92,#EBD4CC
17,13,92,#EBD5CC
18,13,92,#EBD5CC
19,13,92,#EBD6CC
20,13,92,#EBD6CC
21,13,92,#EBD7CC
22,13,92,#EBD7CC
23,13,92,#EBD8CC
24,13,92,#EBD8CC
25,13,92,#EBD9CC
26,13,92,#EBD9CC
27,13,92,#EBDACC
28,13,92,#EBDACC
29,13,92,#EBDBCC
30,13,92,#EBDBCC
31,13,92,#EBDCCC
32,13,92,#EBDCCC
33,13,92,#EBDDCC
34,13,92,#EBDDCC
35,13,92,#EBDECC
36,13,92,#EBDECC
37,13,92,#EBDFCC
38,13,92,#EBDFCC
39,13,92,#EBE0CC
40,13,92,#EBE0CC
41,13,92,#EBE1CC
42,13,92,#EBE1CC
43,13,92,#EBE2CC
44,13,92,#EBE2CC
45,13,92,#EBE3CC
46,13,92,#EBE3CC
47,13,92,#EBE4CC
48,13,92,#EBE5CC
49,13,92,#EBE5CC
50,13,92,#EBE6CC
51,13,92,#EBE6CC
52,13,92,#EBE7CC
53,13,92,#EBE7CC
54,13,92,#EBE8CC
55,13,92,#EBE8CC
56,13,92,#EBE9CC
57,13,92,#EBE9CC
58,13,92,#EBEACC
59,13,92,#EBEACC
60,13,92,#EBEBCC
61,13,92,#EAEBCC
62,13,92,#EAEBCC
63,13,92,#E9EBCC
64,13,92,#E9EBCC
65,13,92,#E8EBCC
66,13,92,#E8EBCC
67,13,92,#E7EBCC
68,13,92,#E7EBCC
69,13,92,#E6EBCC
70,13,92,#E6EBCC
71,13,92,#E5EBCC
72,13,92,#E5EBCC
73,13,92,#E4EBCC
74,13,92,#E3EBCC
75,13,92,#E3EBCC
76,13,92,#E2EBCC
77,13,92,#E2EBCC
78,13,92,#E1EBCC
79,13,92,#E1EBCC
80,13,92,#E0EBCC
81,13,92,#E0EBCC
82,13,92,#DFEBCC
83,13,92,#DFEBCC
84,13,92,#DEEBCC
85,13,92,#DEEBCC
86,13,92,#DDEBCC
87,13,92,#DDEBCC
88,13,92,#DCEBCC
89,13,92,#DCEBCC
90,13,92,#DBEBCC
91,13,92,#DBEBCC
92,13,92,#DAEBCC
93,13,92,#DAEBCC
94,13,92,#D9EBCC
95,13,92,#D9EBCC
96,13,92,#D8EBCC
97,13,92,#D8EBCC
98,13,92,#D7EBCC
99,13,92,#D7EBCC
100,13,92,#D6EBCC
101,13,92,#D6EBCC
102,13,92,#D5EBCC
103,13,92,#D5EBCC
104,13,92,#D4EBCC
105,13,92,#D4EBCC
106,13,92,#D3EBCC
107,13,92,#D3EBCC
108,13,92,#D2EBCC
109,13,92,#D2EBCC
110,13,92,#D1EBCC
111,13,92,#D1EBCC
112,13,92,#D0EBCC
113,13,92,#D0EBCC
114,13,92,#CFEBCC
115,13,92,#CFEBCC
116,13,92,#CEEBCC
117,13,92,#CEEBCC
118,13,92,#CDEBCC
119,13,92,#CDEBCC
120,13,92,#CCEBCC
121,13,92,#CCEBCD
122,13,92,#CCEBCD
123,13,92,#CCEBCE
124,13,92,#CCEBCE
125,13,92,#CCEBCF
126,13,92,#CCEBCF
127,13,92,#CCEBD0
128,13,92,#CCEBD0
129,13,92,#CCEBD1
130,13,92,#CCEBD1
131,13,92,#CCEBD2
132,13,92,#CCEBD2
133,13,92,#CCEBD3
134,13,92,#CCEBD3
135,13,92,#CCEBD4
136,13,92,#CCEBD4
137,13,92,#CCEBD5
138,13,92,#CCEBD5
139,13,92,#CCEBD6
140,13,92,#CCEBD6
141,13,92,#CCEBD7
142,13,92,#CCEBD7
143,13,92,#CCEBD8
144,13,92,#CCEBD8
145,13,92,#CCEBD9
146,13,92,#CCEBD9
147,13,92,#CCEBDA
148,13,92,#CCEBDA
149,13,92,#CCEBDB
150,13,92,#CCEBDB
151,13,92,#CCEBDC
152,13,92,#CCEBDC
153,13,92,#CCEBDD
154,13,92,#CCEBDD
155,13,92,#CCEBDE
156,13,92,#CCEBDE
157,13,92,#CCEBDF
158,13,92,#CCEBDF
159,13,92,#CCEBE0
160,13,92,#CCEBE0
161,13,92,#CCEBE1
162,13,92,#CCEBE1
163,13,92,#CCEBE2
164,13,92,#CCEBE2
165,13,92,#CCEBE3
166,13,92,#CCEBE3
167,13,92,#CCEBE4
168,13,92,#CCEBE5
169,13,92,#CCEBE5
170,13,92,#CCEBE6
171,13,92,#CCEBE6
172,13,92,#CCEBE7
173,13,92,#CCEBE7
174,13,92,#CCEBE8
175,13,92,#CCEBE8
176,13,92,#CCEBE9
177,13,92,#CCEBE9
178,13,92,#CCEBEA
179,13,92,#CCEBEA
180,13,92,#CCEBEB
181,13,92,#CCEAEB
182,13,92,#CCEAEB
183,13,92,#CCE9EB
184,13,92,#CCE9EB
185,13,92,#CCE8EB
186,13,92,#CCE8EB
187,13,92,#CCE7EB
188,13,92,#CCE7EB
189,13,92,#CCE6EB
190,13,92,#CCE6EB
191,13,92,#CCE5EB
192,13,92,#CCE5EB
193,13,92,#CCE4EB
194,13,92,#CCE3EB
195,13,92,#CCE3EB
196,13,92,#CCE2EB
197,13,92,#CCE2EB
198,13,92,#CCE1EB
199,13,92,#CCE1EB
200,13,92,#CCE0EB
201,13,92,#CCE0EB
202,13,92,#CCDFEB
203,13,92,#CCDFEB
204,13,92,#CCDEEB
205,13,92,#CCDEEB
206,13,92,#CCDDEB
207,13,92,#CCDDEB
208,13,92,#CCDCEB
209,13,92,#CCDCEB
210,13,92,#CCDBEB
211,13,92,#CCDBEB
212,13,92,#CCDAEB
213,13,92,#CCDAEB
214,13,92,#CCD9EB
215,13,92,#CCD9EB
216,13,92,#CCD8EB
217,13,92,#CCD8EB
218,13,92,#CCD7EB
219,13,92,#CCD7EB
220,13,92,#CCD6EB
221,13,92,#CCD6EB
222,13,92,#CCD5EB
223,13,92,#CCD5EB
224,13,92,#CCD4EB
225,13,92,#CCD4EB
226,13,92,#CCD3EB
227,13,92,#CCD3EB
228,13,92,#CCD2EB
229,13,92,#CCD2EB
230,13,92,#CCD1EB
231,13,92,#CCD1EB
232,13,92,#CCD0EB
233,13,92,#CCD0EB
234,13,92,#CCCFEB
235,13,92,#CCCFEB
236,13,92,#CCCEEB
237,13,92,#CCCEEB
238,13,92,#CCCDEB
239,13,92,#CCCDEB
240,13,92,#CCCCEB
241,13,92,#CDCCEB
242,13,92,#CDCCEB
243,13,92,#CECCEB
244,13,92,#CECCEB
245,13,92,#CFCCEB
246,13,92,#CFCCEB
247,13,92,#D0CCEB
248,13,92,#D0CCEB
249,13,92,#D1CCEB
250,13,92,#D1CCEB
251,13,92,#D2CCEB
252,13,92,#D2CCEB
253,13,92,#D3CCEB
254,13,92,#D3CCEB
255,13,92,#D4CCEB
256,13,92,#D4CCEB
257,13,92,#D5CCEB
258,13,92,#D5CCEB
259,13,92,#D6CCEB
260,13,92,#D6CCEB
261,13,92,#D7CCEB
262,13,92,#D7CCEB
263,13,92,#D8CCEB
264,13,92,#D8CCEB
265,13,92,#D9CCEB
266,13,92,#D9CCEB
267,13,92,#DACCEB
268,13,92,#DACCEB
269,13,92,#DBCCEB
270,13,92,#DBCCEB
271,13,92,#DCCCEB
272,13,92,#DCCCEB
273,13,92,#DDCCEB
274,13,92,#DDCCEB
275,13,92,#DECCEB
276,13,92,#DECCEB
277,13,92,#DFCCEB
278,13,92,#DFCCEB
279,13,92,#E0CCEB
280,13,92,#E0CCEB
281,13,92,#E1CCEB
282,13,92,#E1CCEB
283,13,92,#E2CCEB
284,13,92,#E2CCEB
285,13,92,#E3CCEB
286,13,92,#E3CCEB
287,13,92,#E4CCEB
288,13,92,#E5CCEB
289,13,92,#E5CCEB
290,13,92,#E6CCEB
291,13,92,#E6CCEB
292,13,92,#E7CCEB
293,13,92,#E7CCEB
294,13,92,#E8CCEB
295,13,92,#E8CCEB
296,13,92,#E9CCEB
297,13,92,#E9CCEB
298,13,92,#EACCEB
299,13,92,#EACCEB
300,13,92,#EBCCEB
301,13,92,#EBCCEA
302,13,92,#EBCCEA
303,13,92,#EBCCE9
304,13,92,#EBCCE9
305,13,92,#EBCCE8
306,13,92,#EBCCE8
307,13,92,#EBCCE7
308,13,92,#EBCCE7
309,13,92,#EBCCE6
310,13,92,#EBCCE6
311,13,92,#EBCCE5
312,13,92,#EBCCE5
313,13,92,#EBCCE4
314,13,92,#EBCCE3
315,13,92,#EBCCE3
316,13,92,#EBCCE2
317,13,92,#EBCCE2
318,13,92,#EBCCE1
319,13,92,#EBCCE1
320,13,92,#EBCCE0
321,13,92,#EBCCE0
322,13,92,#EBCCDF
323,13,92,#EBCCDF
324,13,92,#EBCCDE
325,13,92,#EBCCDE
326,13,92,#EBCCDD
327,13,92,#EBCCDD
328,13,92,#EBCCDC
329,13,92,#EBCCDC
330,13,92,#EBCCDB
331,13,92,#EBCCDB
332,13,92,#EBCCDA
333,13,92,#EBCCDA
334,13,92,#EBCCD9
335,13,92,#EBCCD9
336,13,92,#EBCCD8
337,13,92,#EBCCD8
338,13,92,#EBCCD7
339,13,92,#EBCCD7
340,13,92,#EBCCD6
341,13,92,#EBCCD6
342,13,92,#EBCCD5
343,13,92,#EBCCD5
344,13,92,#EBCCD4
345,13,92,#EBCCD4
346,13,92,#EBCCD3
347,13,92,#EBCCD3
348,13,92,#EBCCD2
349,13,92,#EBCCD2
350,13,92,#EBCCD1
351,13,92,#EBCCD1
352,13,92,#EBCCD0
353,13,92,#EBCCD0
354,13,92,#EBCCCF
355,13,92,#EBCCCF
356,13,92,#EBCCCE
357,13,92,#EBCCCE
358,13,92,#EBCCCD
359,13,92,#EBCCCD
0,12,92,#EBCECE
1,12,92,#EBCFCE
2,12,92,#EBCFCE
3,12,92,#EBD0CE
4,12,92,#EBD0CE
5,12,92,#EBD1CE
6,12,92,#EBD1CE
7,12,92,#EBD2CE
8,12,92,#EBD2CE
9,12,92,#EBD3CE
10,12,92,#EBD3CE
11,12,92,#EBD4CE
12,12,92,#EBD4CE
13,12,92,#EBD5CE
14,12,92,#EBD5CE
15,12,92,#EBD5CE
16,12,92,#EBD6CE
17,12,92,#EBD6CE
18,12,92,#EBD7CE
19,12,92,#EBD7CE
20,12,92,#EBD8CE
21,12,92,#EBD8CE
22,12,92,#EBD9CE
23,12,92,#EBD9CE
24,12,92,#EBDACE
25,12,92,#EBDACE
26,12,92,#EBDBCE
27,12,92,#EBDBCE
28,12,92,#EBDCCE
29,12,92,#EBDCCE
30,12,92,#EBDDCE
31,12,92,#EBDDCE
32,12,92,#EBDDCE
33,12,92,#EBDECE
34,12,92,#EBDECE
35,12,92,#EBDFCE
36,12,92,#EBDFCE
37,12,92,#EBE0CE
38,12,92,#EBE0CE
39,12,92,#EBE1CE
40,12,92,#EBE1CE
41,12,92,#EBE2CE
42,12,92,#EBE2CE
43,12,92,#EBE3CE
44,12,92,#EBE3CE
45,12,92,#EBE4CE
46,12,92,#EBE4CE
47,12,92,#EBE5CE
48,12,92,#EBE5CE
49,12,92,#EBE5CE
50,12,92,#EBE6CE
51,12,92,#EBE6CE
52,12,92,#EBE7CE
53,12,92,#EBE7CE
54,12,92,#EBE8CE
55,12,92,#EBE8CE
56,12,92,#EBE9CE
57,12,92,#EBE9CE
58,12,92,#EBEACE
59,12,92,#EBEACE
60,12,92,#EBEBCE
61,12,92,#EAEBCE
62,12,92,#EAEBCE
63,12,92,#E9EBCE
64,12,92,#E9EBCE
65,12,92,#E8EBCE
66,12,92,#E8EBCE
67,12,92,#E7EBCE
68,12,92,#E7EBCE
69,12,92,#E6EBCE
70,12,92,#E6EBCE
71,12,92,#E5EBCE
72,12,92,#E5EBCE
73,12,92,#E5EBCE
74,12,92,#E4EBCE
75,12,92,#E4EBCE
76,12,92,#E3EBCE
77,12,92,#E3EBCE
78,12,92,#E2EBCE
79,12,92,#E2EBCE
80,12,92,#E1EBCE
81,12,92,#E1EBCE
82,12,92,#E0EBCE
83,12,92,#E0EBCE
84,12,92,#DFEBCE
85,12,92,#DFEBCE
86,12,92,#DEEBCE
87,12,92,#DEEBCE
88,12,92,#DDEBCE
89,12,92,#DDEBCE
90,12,92,#DDEBCE
91,12,92,#DCEBCE
92,12,92,#DCEBCE
93,12,92,#DBEBCE
94,12,92,#DBEBCE
95,12,92,#DAEBCE
96,12,92,#DAEBCE
97,12,92,#D9EBCE
98,12,92,#D9EBCE
99,12,92,#D8EBCE
100,12,92,#D8EBCE
101,12,92,#D7EBCE
102,12,92,#D7EBCE
103,12,92,#D6EBCE
104,12,92,#D6EBCE
105,12,92,#D5EBCE
106,12,92,#D5EBCE
107,12,92,#D5EBCE
108,12,92,#D4EBCE
109,12,92,#D4EBCE
110,12,92,#D3EBCE
111,12,92,#D3EBCE
112,12,92,#D2EBCE
113,12,92,#D2EBCE
114,12,92,#D1EBCE
115,12,92,#D1EBCE
116,12,92,#D0EBCE
117,12,92,#D0EBCE
118,12,92,#CFEBCE
119,12,92,#CFEBCE
120,12,92,#CEEBCE
121,12,92,#CEEBCF
122,12,92,#CEEBCF
123,12,92,#CEEBD0
124,12,92,#CEEBD0
125,12,92,#CEEBD1
126,12,92,#CEEBD1
127,12,92,#CEEBD2
128,12,92,#CEEBD2
129,12,92,#CEEBD3
130,12,92,#CEEBD3
131,12,92,#CEEBD4
132,12,92,#CEEBD4
133,12,92,#CEEBD5
134,12,92,#CEEBD5
135,12,92,#CEEBD5
136,12,92,#CEEBD6
137,12,92,#CEEBD6
138,12,92,#CEEBD7
139,12,92,#CEEBD7
140,12,92,#CEEBD8
141,12,92,#CEEBD8
142,12,92,#CEEBD9
143,12,92,#CEEBD9
144,12,92,#CEEBDA
145,12,92,#CEEBDA
146,12,92,#CEEBDB
147,12,92,#CEEBDB
148,12,92,#CEEBDC
149,12,92,#CEEBDC
150,12,92,#CEEBDD
151,12,92,#CEEBDD
152,12,92,#CEEBDD
153,12,92,#CEEBDE
154,12,92,#CEEBDE
155,12,92,#CEEBDF
156,12,92,#CEEBDF
157,12,92,#CEEBE0
158,12,92,#CEEBE0
159,12,92,#CEEBE1
160,12,92,#CEEBE1
161,12,92,#CEEBE2
162,12,92,#CEEBE2
163,12,92,#CEEBE3
164,12,92,#CEEBE3
165,12,92,#CEEBE4
166,12,92,#CEEBE4
167,12,92,#CEEBE5
168,12,92,#CEEBE5
169,12,92,#CEEBE5
170,12,92,#CEEBE6
171,12,92,#CEEBE6
172,12,92,#CEEBE7
173,12,92,#CEEBE7
174,12,92,#CEEBE8
175,12,92,#CEEBE8
176,12,92,#CEEBE9
177,12,92,#CEEBE9
178,12,92,#CEEBEA
179,12,92,#CEEBEA
180,12,92,#CEEBEB
181,12,92,#CEEAEB
182,12,92,#CEEAEB
183,12,92,#CEE9EB
184,12,92,#CEE9EB
185,12,92,#CEE8EB
186,12,92,#CEE8EB
187,12,92,#CEE7EB
188,12,92,#CEE7EB
189,12,92,#CEE6EB
190,12,92,#CEE6EB
191,12,92,#CEE5EB
192,12,92,#CEE5EB
193,12,92,#CEE5EB
194,12,92,#CEE4EB
195,12,92,#CEE4EB
196,12,92,#CEE3EB
197,12,92,#CEE3EB
198,12,92,#CEE2EB
199,12,92,#CEE2EB
200,12,92,#CEE1EB
201,12,92,#CEE1EB
202,12,92,#CEE0EB
203,12,92,#CEE0EB
204,12,92,#CEDFEB
205,12,92,#CEDFEB
206,12,92,#CEDEEB
207,12,92,#CEDEEB
208,12,92,#CEDDEB
209,12,92,#CEDDEB
210,12,92,#CEDDEB
211,12,92,#CEDCEB
212,12,92,#CEDCEB
213,12,92,#CEDBEB
214,12,92,#CEDBEB
215,12,92,#CEDAEB
216,12,92,#CEDAEB
217,12,92,#CED9EB
218,12,92,#CED9EB
219,12,92,#CED8EB
220,12,92,#CED8EB
221,12,92,#CED7EB
222,12,92,#CED7EB
223,12,92,#CED6EB
224,12,92,#CED6EB
225,12,92,#CED5EB
226,12,92,#CED5EB
227,12,92,#CED5EB
228,12,92,#CED4EB
229,12,92,#CED4EB
230,12,92,#CED3EB
231,12,92,#CED3EB
232,12,92,#CED2EB
233,12,92,#CED2EB
234,12,92,#CED1EB
235,12,92,#CED1EB
236,12,92,#CED0EB
237,12,92,#CED0EB
238,12,92,#CECFEB
239,12,92,#CECFEB
240,12,92,#CECEEB
241,12,92,#CFCEEB
242,12,92,#CFCEEB
243,12,92,#D0CEEB
244,12,92,#D0CEEB
245,12,92,#D1CEEB
246,12,92,#D1CEEB
247,12,92,#D2CEEB
248,12,92,#D2CEEB
249,12,92,#D3CEEB
250,12,92,#D3CEEB
251,12,92,#D4CEEB
252,12,92,#D4CEEB
253,12,92,#D5CEEB
254,12,92,#D5CEEB
255,12,92,#D5CEEB
256,12,92,#D6CEEB
257,12,92,#D6CEEB
258,12,92,#D7CEEB
259,12,92,#D7CEEB
260,12,92,#D8CEEB
261,12,92,#D8CEEB
262,12,92,#D9CEEB
263,12,92,#D9CEEB
264,12,92,#DACEEB
265,12,92,#DACEEB
266,12,92,#DBCEEB
267,12,92,#DBCEEB
268,12,92,#DCCEEB
269,12,92,#DCCEEB
270,12,92,#DDCEEB
271,12,92,#DDCEEB
272,12,92,#DDCEEB
273,12,92,#DECEEB
274,12,92,#DECEEB
275,12,92,#DFCEEB
276,12,92,#DFCEEB
277,12,92,#E0CEEB
278,12,92,#E0CEEB
279,12,92,#E1CEEB
280,12,92,#E1CEEB
281,12,92,#E2CEEB
282,12,92,#E2CEEB
283,12,92,#E3CEEB
284,12,92,#E3CEEB
285,12,92,#E4CEEB
286,12,92,#E4CEEB
287,12,92,#E5CEEB
288,12,92,#E5CEEB
289,12,92,#E5CEEB
290,12,92,#E6CEEB
291,12,92,#E6CEEB
292,12,92,#E7CEEB
293,12,92,#E7CEEB
294,12,92,#E8CEEB
295,12,92,#E8CEEB
296,12,92,#E9CEEB
297,12,92,#E9CEEB
298,12,92,#EACEEB
299,12,92,#EACEEB
300,12,92,#EBCEEB
301,12,92,#EBCEEA
302,12,92,#EBCEEA
303,12,92,#EBCEE9
304,12,92,#EBCEE9
305,12,92,#EBCEE8
306,12,92,#EBCEE8
307,12,92,#EBCEE7
308,12,92,#EBCEE7
309,12,92,#EBCEE6
310,12,92,#EBCEE6
311,12,92,#EBCEE5
312,12,92,#EBCEE5
313,12,92,#EBCEE5
314,12,92,#EBCEE4
315,12,92,#EBCEE4
316,12,92,#EBCEE3
317,12,92,#EBCEE3
318,12,92,#EBCEE2
319,12,92,#EBCEE2
320,12,92,#EBCEE1
321,12,92,#EBCEE1
322,12,92,#EBCEE0
323,12,92,#EBCEE0
324,12,92,#EBCEDF
325,12,92,#EBCEDF
326,12,92,#EBCEDE
327,12,92,#EBCEDE
328,12,92,#EBCEDD
329,12,92,#EBCEDD
330,12,92,#EBCEDD
331,12,92,#EBCEDC
332,12,92,#EBCEDC
333,12,92,#EBCEDB
334,12,92,#EBCEDB
335,12,92,#EBCEDA
336,12,92,#EBCEDA
337,12,92,#EBCED9
338,12,92,#EBCED9
339,12,92,#EBCED8
340,12,92,#EBCED8
341,12,92,#EBCED7
342,12,92,#EBCED7
343,12,92,#EBCED6
344,12,92,#EBCED6
345,12,92,#EBCED5
346,12,92,#EBCED5
347,12,92,#EBCED5
348,12,92,#EBCED4
349,12,92,#EBCED4
350,12,92,#EBCED3
351,12,92,#EBCED3
352,12,92,#EBCED2
353,12,92,#EBCED2
354,12,92,#EBCED1
355,12,92,#EBCED1
356,12,92,#EBCED0
357,12,92,#EBCED0
358,12,92,#EBCECF
359,12,92,#EBCECF
0,11,92,#EBD1D1
1,11,92,#EBD1D1
2,11,92,#EBD2D1
3,11,92,#EBD2D1
4,11,92,#EBD3D1
5,11,92,#EBD3D1
6,11,92,#EBD3D1
7,11,92,#EBD4D1
8,11,92,#EBD4D1
9,11,92,#EBD5D1
10,11,92,#EBD5D1
11,11,92,#EBD6D1
12,11,92,#EBD6D1
13,11,92,#EBD6D1
14,11,92,#EBD7D1
15,11,92,#EBD7D1
16,11,92,#EBD8D1
17,11,92,#EBD8D1
18,11,92,#EBD9D1
19,11,92,#EBD9D1
20,11,92,#EBD9D1
21,11,92,#EBDAD1
22,11,92,#EBDAD1
23,11,92,#EBDBD1
24,11,92,#EBDBD1
25,11,92,#EBDCD1
26,11,92,#EBDCD1
27,11,92,#EBDCD1
28,11,92,#EBDDD1
29,11,92,#EBDDD1
30,11,92,#EBDED1
31,11,92,#EBDED1
32,11,92,#EBDFD1
33,11,92,#EBDFD1
34,11,92,#EBDFD1
35,11,92,#EBE0D1
36,11,92,#EBE0D1
37,11,92,#EBE1D1
38,11,92,#EBE1D1
39,11,92,#EBE2D1
40,11,92,#EBE2D1
41,11,92,#EBE2D1
42,11,92,#EBE3D1
43,11,92,#EBE3D1
44,11,92,#EBE4D1
45,11,92,#EBE4D1
46,11,92,#EBE5D1
47,11,92,#EBE5D1
48,11,92,#EBE5D1
49,11,92,#EBE6D1
50,11,92,#EBE6D1
51,11,92,#EBE7D1
52,11,92,#EBE7D1
53,11,92,#EBE8D1
54,11,92,#EBE8D1
55,11,92,#EBE8D1
56,11,92,#EBE9D1
57,11,92,#EBE9D1
58,11,92,#EBEAD1
59,11,92,#EBEAD1
60,11,92,#EBEBD1
61,11,92,#EAEBD1
62,11,92,#EAEBD1
63,11,92,#E9EBD1
64,11,92,#E9EBD1
65,11,92,#E8EBD1
66,11,92,#E8EBD1
67,11,92,#E8EBD1
68,11,92,#E7EBD1
69,11,92,#E7EBD1
70,11,92,#E6EBD1
71,11,92,#E6EBD1
72,11,92,#E5EBD1
73,11,92,#E5EBD1
74,11,92,#E5EBD1
75,11,92,#E4EBD1
76,11,92,#E4EBD1
77,11,92,#E3EBD1
78,11,92,#E3EBD1
79,11,92,#E2EBD1
80,11,92,#E2EBD1
81,11,92,#E2EBD1
82,11,92,#E1EBD1
83,11,92,#E1EBD1
84,11,92,#E0EBD1
85,11,92,#E0EBD1
86,11,92,#DFEBD1
87,11,92,#DFEBD1
88,11,92,#DFEBD1
89,11,92,#DEEBD1
90,11,92,#DEEBD1
91,11,92,#DDEBD1
92,11,92,#DDEBD1
93,11,92,#DCEBD1
94,11,92,#DCEBD1
95,11,92,#DCEBD1
96,11,92,#DBEBD1
97,11,92,#DBEBD1
98,11,92,#DAEBD1
99,11,92,#DAEBD1
100,11,92,#D9EBD1
101,11,92,#D9EBD1
102,11,92,#D9EBD1
103,11,92,#D8EBD1
104,11,92,#D8EBD1
105,11,92,#D7EBD1
106,11,92,#D7EBD1
107,11,92,#D6EBD1
108,11,92,#D6EBD1
109,11,92,#D6EBD1
110,11,92,#D5EBD1
111,11,92,#D5EBD1
112,11,92,#D4EBD1
113,11,92,#D4EBD1
114,11,92,#D3EBD1
115,11,92,#D3EBD1
116,11,92,#D3EBD1
117,11,92,#D2EBD1
118,11,92,#D2EBD1
119,11,92,#D1EBD1
120,11,92,#D1EBD1
121,11,92,#D1EBD1
122,11,92,#D1EBD2
123,11,92,#D1EBD2
124,11,92,#D1EBD3
125,11,92,#D1EBD3
126,11,92,#D1EBD3
127,11,92,#D1EBD4
128,11,92,#D1EBD4
129,11,92,#D1EBD5
130,11,92,#D1EBD5
131,11,92,#D1EBD6
132,11,92,#D1EBD6
133,11,92,#D1EBD6
134,11,92,#D1EBD7
135,11,92,#D1EBD7
136,11,92,#D1EBD8
137,11,92,#D1EBD8
138,11,92,#D1EBD9
139,11,92,#D1EBD9
140,11,92,#D1EBD9
141,11,92,#D1EBDA
142,11,92,#D1EBDA
143,11,92,#D1EBDB
144,11,92,#D1EBDB
145,11,92,#D1EBDC
146,11,92,#D1EBDC
147,11,92,#D1EBDC
148,11,92,#D1EBDD
149,11,92,#D1EBDD
150,11,92,#D1EBDE
151,11,92,#D1EBDE
152,11,92,#D1EBDF
153,11,92,#D1EBDF
154,11,92,#D1EBDF
155,11,92,#D1EBE0
156,11,92,#D1EBE0
157,11,92,#D1EBE1
158,11,92,#D1EBE1
159,11,92,#D1EBE2
160,11,92,#D1EBE2
161,11,92,#D1EBE2
162,11,92,#D1EBE3
163,11,92,#D1EBE3
164,11,92,#D1EBE4
165,11,92,#D1EBE4
166,11,92,#D1EBE5
167,11,92,#D1EBE5
168,11,92,#D1EBE5
169,11,92,#D1EBE6
170,11,92,#D1EBE6
171,11,92,#D1EBE7
172,11,92,#D1EBE7
173,11,92,#D1EBE8
174,11,92,#D1EBE8
175,11,92,#D1EBE8
176,11,92,#D1EBE9
177,11,92,#D1EBE9
178,11,92,#D1EBEA
179,11,92,#D1EBEA
180,11,92,#D1EBEB
181,11,92,#D1EAEB
182,11,92,#D1EAEB
183,11,92,#D1E9EB
184,11,92,#D1E9EB
185,11,92,#D1E8EB
186,11,92,#D1E8EB
187,11,92,#D1E8EB
188,11,92,#D1E7EB
189,11,92,#D1E7EB
190,11,92,#D1E6EB
191,11,92,#D1E6EB
192,11,92,#D1E5EB
193,11,92,#D1E5EB
194,11,92,#D1E5EB
195,11,92,#D1E4EB
196,11,92,#D1E4EB
197,11,92,#D1E3EB
198,11,92,#D1E3EB
199,11,92,#D1E2EB
200,11,92,#D1E2EB
201,11,92,#D1E2EB
202,11,92,#D1E1EB
203,11,92,#D1E1EB
204,11,92,#D1E0EB
205,11,92,#D1E0EB
206,11,92,#D1DFEB
207,11,92,#D1DFEB
208,11,92,#D1DFEB
209,11,92,#D1DEEB
210,11,92,#D1DEEB
211,11,92,#D1DDEB
212,11,92,#D1DDEB
213,11,92,#D1DCEB
214,11,92,#D1DCEB
215,11,92,#D1DCEB
216,11,92,#D1DBEB
217,11,92,#D1DBEB
218,11,92,#D1DAEB
219,11,92,#D1DAEB
220,11,92,#D1D9EB
221,11,92,#D1D9EB
222,11,92,#D1D9EB
223,11,92,#D1D8EB
224,11,92,#D1D8EB
225,11,92,#D1D7EB
226,11,92,#D1D7EB
227,11,92,#D1D6EB
228,11,92,#D1D6EB
229,11,92,#D1D6EB
230,11,92,#D1D5EB
231,11,92,#D1D5EB
232,11,92,#D1D4EB
233,11,92,#D1D4EB
234,11,92,#D1D3EB
235,11,92,#D1D3EB
236,11,92,#D1D3EB
237,11,92,#D1D2EB
238,11,92,#D1D2EB
239,11,92,#D1D1EB
240,11,92,#D1D1EB
241,11,92,#D1D1EB
242,11,92,#D2D1EB
243,11,92,#D2D1EB
244,11,92,#D3D1EB
245,11,92,#D3D1EB
246,11,92,#D3D1EB
247,11,92,#D4D1EB
248,11,92,#D4D1EB
249,11,92,#D5D1EB
250,11,92,#D5D1EB
251,11,92,#D6D1EB
252,11,92,#D6D1EB
253,11,92,#D6D1EB
254,11,92,#D7D1EB
255,11,92,#D7D1EB
256,11,92,#D8D1EB
257,11,92,#D8D1EB
258,11,92,#D9D1EB
259,11,92,#D9D1EB
260,11,92,#D9D1EB
261,11,92,#DAD1EB
262,11,92,#DAD1EB
263,11,92,#DBD1EB
264,11,92,#DBD1EB
265,11,92,#DCD1EB
266,11,92,#DCD1EB
267,11,92,#DCD1EB
268,11,92,#DDD1EB
269,11,92,#DDD1EB
270,11,92,#DED1EB
271,11,92,#DED1EB
272,11,92,#DFD1EB
273,11,92,#DFD1EB
274,11,92,#DFD1EB
275,11,92,#E0D1EB
276,11,92,#E0D1EB
277,11,92,#E1D1EB
278,11,92,#E1D1EB
279,11,92,#E2D1EB
280,11,92,#E2D1EB
281,11,92,#E2D1EB
282,11,92,#E3D1EB
283,11,92,#E3D1EB
284,11,92,#E4D1EB
285,11,92,#E4D1EB
286,11,92,#E5D1EB
287,11,92,#E5D1EB
288,11,92,#E5D1EB
289,11,92,#E6D1EB
290,11,92,#E6D1EB
291,11,92,#E7D1EB
292,11,92,#E7D1EB
293,11,92,#E8D1EB
294,11,92,#E8D1EB
295,11,92,#E8D1EB
296,11,92,#E9D1EB
297,11,92,#E9D1EB
298,11,92,#EAD1EB
299,11,92,#EAD1EB
300,11,92,#EBD1EB
301,11,92,#EBD1EA
302,11,92,#EBD1EA
303,11,92,#EBD1E9
304,11,92,#EBD1E9
305,11,92,#EBD1E8
306,11,92,#EBD1E8
307,11,92,#EBD1E8
308,11,92,#EBD1E7
309,11,92,#EBD1E7
310,11,92,#EBD1E6
311,11,92,#EBD1E6
312,11,92,#EBD1E5
313,11,92,#EBD1E5
314,11,92,#EBD1E5
315,11,92,#EBD1E4
316,11,92,#EBD1E4
317,11,92,#EBD1E3
318,11,92,#EBD1E3
319,11,92,#EBD1E2
320,11,92,#EBD1E2
321,11,92,#EBD1E2
322,11,92,#EBD1E1
323,11,92,#EBD1E1
324,11,92,#EBD1E0
325,11,92,#EBD1E0
326,11,92,#EBD1DF
327,11,92,#EBD1DF
328,11,92,#EBD1DF
329,11,92,#EBD1DE
330,11,92,#EBD1DE
331,11,92,#EBD1DD
332,11,92,#EBD1DD
333,11,92,#EBD1DC
334,11,92,#EBD1DC
335,11,92,#EBD1DC
336,11,92,#EBD1DB
337,11,92,#EBD1DB
338,11,92,#EBD1DA
339,11,92,#EBD1DA
340,11,92,#EBD1D9
341,11,92,#EBD1D9
342,11,92,#EBD1D9
343,11,92,#EBD1D8
344,11,92,#EBD1D8
345,11,92,#EBD1D7
346,11,92,#EBD1D7
347,11,92,#EBD1D6
348,11,92,#EBD1D6
349,11,92,#EBD1D6
350,11,92,#EBD1D5
351,11,92,#EBD1D5
352,11,92,#EBD1D4
353,11,92,#EBD1D4
354,11,92,#EBD1D3
355,11,92,#EBD1D3
356,11,92,#EBD1D3
357,11,92,#EBD1D2
358,11,92,#EBD1D2
359,11,92,#EBD1D1
0,10,92,#EBD3D3
1,10,92,#EBD4D3
2,10,92,#EBD4D3
3,10,92,#EBD4D3
4,10,92,#EBD5D3
5,10,92,#EBD5D3
6,10,92,#EBD5D3
7,10,92,#EBD6D3
8,10,92,#EBD6D3
9,10,92,#EBD7D3
10,10,92,#EBD7D3
11,10,92,#EBD7D3
12,10,92,#EBD8D3
13,10,92,#EBD8D3
14,10,92,#EBD9D3
15,10,92,#EBD9D3
16,10,92,#EBD9D3
17,10,92,#EBDAD3
18,10,92,#EBDAD3
19,10,92,#EBDBD3
20,10,92,#EBDBD3
21,10,92,#EBDBD3
22,10,92,#EBDCD3
23,10,92,#EBDCD3
24,10,92,#EBDDD3
25,10,92,#EBDDD3
26,10,92,#EBDDD3
27,10,92,#EBDED3
28,10,92,#EBDED3
29,10,92,#EBDED3
30,10,92,#EBDFD3
31,10,92,#EBDFD3
32,10,92,#EBE0D3
33,10,92,#EBE0D3
34,10,92,#EBE0D3
35,10,92,#EBE1D3
36,10,92,#EBE1D3
37,10,92,#EBE2D3
38,10,92,#EBE2D3
39,10,92,#EBE2D3
40,10,92,#EBE3D3
41,10,92,#EBE3D3
42,10,92,#EBE4D3
43,10,92,#EBE4D3
44,10,92,#EBE4D3
45,10,92,#EBE5D3
46,10,92,#EBE5D3
47,10,92,#EBE6D3
48,10,92,#EBE6D3
49,10,92,#EBE6D3
50,10,92,#EBE7D3
51,10,92,#EBE7D3
52,10,92,#EBE7D3
53,10,92,#EBE8D3
54,10,92,#EBE8D3
55,10,92,#EBE9D3
56,10,92,#EBE9D3
57,10,92,#EBE9D3
58,10,92,#EBEAD3
59,10,92,#EBEAD3
60,10,92,#EBEBD3
61,10,92,#EAEBD3
62,10,92,#EAEBD3
63,10,92,#E9EBD3
64,10,92,#E9EBD3
65,10,92,#E9EBD3
66,10,92,#E8EBD3
67,10,92,#E8EBD3
68,10,92,#E7EBD3
69,10,92,#E7EBD3
70,10,92,#E7EBD3
71,10,92,#E6EBD3
72,10,92,#E6EBD3
73,10,92,#E6EBD3
74,10,92,#E5EBD3
75,10,92,#E5EBD3
76,10,92,#E4EBD3
77,10,92,#E4EBD3
78,10,92,#E4EBD3
79,10,92,#E3EBD3
80,10,92,#E3EBD3
81,10,92,#E2EBD3
82,10,92,#E2EBD3
83,10,92,#E2EBD3
84,10,92,#E1EBD3
85,10,92,#E1EBD3
86,10,92,#E0EBD3
87,10,92,#E0EBD3
88,10,92,#E0EBD3
89,10,92,#DFEBD3
90,10,92,#DFEBD3
91,10,92,#DEEBD3
92,10,92,#DEEBD3
93,10,92,#DEEBD3
94,10,92,#DDEBD3
95,10,92,#DDEBD3
96,10,92,#DDEBD3
97,10,92,#DCEBD3
98,10,92,#DCEBD3
99,10,92,#DBEBD3
100,10,92,#DBEBD3
101,10,92,#DBEBD3
102,10,92,#DAEBD3
103,10,92,#DAEBD3
104,10,92,#D9EBD3
105,10,92,#D9EBD3
106,10,92,#D9EBD3
107,10,92,#D8EBD3
108,10,92,#D8EBD3
109,10,92,#D7EBD3
110,10,92,#D7EBD3
111,10,92,#D7EBD3
112,10,92,#D6EBD3
113,10,92,#D6EBD3
114,10,92,#D5EBD3
115,10,92,#D5EBD3
116,10,92,#D5EBD3
117,10,92,#D4EBD3
118,10,92,#D4EBD3
119,10,92,#D4EBD3
120,10,92,#D3EBD3
121,10,92,#D3EBD4
122,10,92,#D3EBD4
123,10,92,#D3EBD4
124,10,92,#D3EBD5
125,10,92,#D3EBD5
126,10,92,#D3EBD5
127,10,92,#D3EBD6
128,10,92,#D3EBD6
129,10,92,#D3EBD7
130,10,92,#D3EBD7
131,10,92,#D3EBD7
132,10,92,#D3EBD8
133,10,92,#D3EBD8
134,10,92,#D3EBD9
135,10,92,#D3EBD9
136,10,92,#D3EBD9
137,10,92,#D3EBDA
138,10,92,#D3EBDA
139,10,92,#D3EBDB
140,10,92,#D3EBDB
141,10,92,#D3EBDB
142,10,92,#D3EBDC
143,10,92,#D3EBDC
144,10,92,#D3EBDD
145,10,92,#D3EBDD
146,10,92,#D3EBDD
147,10,92,#D3EBDE
148,10,92,#D3EBDE
149,10,92,#D3EBDE
150,10,92,#D3EBDF
151,10,92,#D3EBDF
152,10,92,#D3EBE0
153,10,92,#D3EBE0
154,10,92,#D3EBE0
155,10,92,#D3EBE1
156,10,92,#D3EBE1
157,10,92,#D3EBE2
158,10,92,#D3EBE2
159,10,92,#D3EBE2
160,10,92,#D3EBE3
161,10,92,#D3EBE3
162,10,92,#D3EBE4
163,10,92,#D3EBE4
164,10,92,#D3EBE4
165,10,92,#D3EBE5
166,10,92,#D3EBE5
167,10,92,#D3EBE6
168,10,92,#D3EBE6
169,10,92,#D3EBE6
170,10,92,#D3EBE7
171,10,92,#D3EBE7
172,10,92,#D3EBE7
173,10,92,#D3EBE8
174,10,92,#D3EBE8
175,10,92,#D3EBE9
176,10,92,#D3EBE9
177,10,92,#D3EBE9
178,10,92,#D3EBEA
179,10,92,#D3EBEA
180,10,92,#D3EBEB
181,10,92,#D3EAEB
182,10,92,#D3EAEB
183,10,92,#D3E9EB
184,10,92,#D3E9EB
185,10,92,#D3E9EB
186,10,92,#D3E8EB
187,10,92,#D3E8EB
188,10,92,#D3E7EB
189,10,92,#D3E7EB
190,10,92,#D3E7EB
191,10,92,#D3E6EB
192,10,92,#D3E6EB
193,10,92,#D3E6EB
194,10,92,#D3E5EB
195,10,92,#D3E5EB
196,10,92,#D3E4EB
197,10,92,#D3E4EB
198,10,92,#D3E4EB
199,10,92,#D3E3EB
200,10,92,#D3E3EB
201,10,92,#D3E2EB
202,10,92,#D3E2EB
203,10,92,#D3E2EB
204,10,92,#D3E1EB
205,10,92,#D3E1EB
206,10,92,#D3E0EB
207,10,92,#D3E0EB
208,10,92,#D3E0EB
209,10,92,#D3DFEB
210,10,92,#D3DFEB
211,10,92,#D3DEEB
212,10,92,#D3DEEB
213,10,92,#D3DEEB
214,10,92,#D3DDEB
215,10,92,#D3DDEB
216,10,92,#D3DDEB
217,10,92,#D3DCEB
218,10,92,#D3DCEB
219,10,92,#D3DBEB
220,10,92,#D3DBEB
221,10,92,#D3DBEB
222,10,92,#D3DAEB
223,10,92,#D3DAEB
224,10,92,#D3D9EB
225,10,92,#D3D9EB
226,10,92,#D3D9EB
227,10,92,#D3D8EB
228,10,92,#D3D8EB
229,10,92,#D3D7EB
230,10,92,#D3D7EB
231,10,92,#D3D7EB
232,10,92,#D3D6EB
233,10,92,#D3D6EB
234,10,92,#D3D5EB
235,10,92,#D3D5EB
236,10,92,#D3D5EB
237,10,92,#D3D4EB
238,10,92,#D3D4EB
239,10,92,#D3D4EB
240,10,92,#D3D3EB
241,10,92,#D4D3EB
242,10,92,#D4D3EB
243,10,92,#D4D3EB
244,10,92,#D5D3EB
245,10,92,#D5D3EB
246,10,92,#D5D3EB
247,10,92,#D6D3EB
248,10,92,#D6D3EB
249,10,92,#D7D3EB
250,10,92,#D7D3EB
251,10,92,#D7D3EB
252,10,92,#D8D3EB
253,10,92,#D8D3EB
254,10,92,#D9D3EB
255,10,92,#D9D3EB
256,10,92,#D9D3EB
257,10,92,#DAD3EB
258,10,92,#DAD3EB
259,10,92,#DBD3EB
260,10,92,#DBD3EB
261,10,92,#DBD3EB
262,10,92,#DCD3EB
263,10,92,#DCD3EB
264,10,92,#DDD3EB
265,10,92,#DDD3EB
266,10,92,#DDD3EB
267,10,92,#DED3EB
268,10,92,#DED3EB
269,10,92,#DED3EB
270,10,92,#DFD3EB
271,10,92,#DFD3EB
272,10,92,#E0D3EB
273,10,92,#E0D3EB
274,10,92,#E0D3EB
275,10,92,#E1D3EB
276,10,92,#E1D3EB
277,10,92,#E2D3EB
278,10,92,#E2D3EB
279,10,92,#E2D3EB
280,10,92,#E3D3EB
281,10,92,#E3D3EB
282,10,92,#E4D3EB
283,10,92,#E4D3EB
284,10,92,#E4D3EB
285,10,92,#E5D3EB
286,10,92,#E5D3EB
287,10,92,#E6D3EB
288,10,92,#E6D3EB
289,10,92,#E6D3EB
290,10,92,#E7D3EB
291,10,92,#E7D3EB
292,10,92,#E7D3EB
293,10,92,#E8D3EB
294,10,92,#E8D3EB
295,10,92,#E9D3EB
296,10,92,#E9D3EB
297,10,92,#E9D3EB
298,10,92,#EAD3EB
299,10,92,#EAD3EB
300,10,92,#EBD3EB
301,10,92,#EBD3EA
302,10,92,#EBD3EA
303,10,92,#EBD3E9
304,10,92,#EBD3E9
305,10,92,#EBD3E9
306,10,92,#EBD3E8
307,10,92,#EBD3E8
308,10,92,#EBD3E7
309,10,92,#EBD3E7
310,10,92,#EBD3E7
311,10,92,#EBD3E6
312,10,92,#EBD3E6
313,10,92,#EBD3E6
314,10,92,#EBD3E5
315,10,92,#EBD3E5
316,10,92,#EBD3E4
317,10,92,#EBD3E4
318,10,92,#EBD3E4
319,10,92,#EBD3E3
320,10,92,#EBD3E3
321,10,92,#EBD3E2
322,10,92,#EBD3E2
323,10,92,#EBD3E2
324,10,92,#EBD3E1
325,10,92,#EBD3E1
326,10,92,#EBD3E0
327,10,92,#EBD3E0
328,10,92,#EBD3E0
329,10,92,#EBD3DF
330,10,92,#EBD3DF
331,10,92,#EBD3DE
332,10,92,#EBD3DE
333,10,92,#EBD3DE
334,10,92,#EBD3DD
335,10,92,#EBD3DD
336,10,92,#EBD3DD
337,10,92,#EBD3DC
338,10,92,#EBD3DC
339,10,92,#EBD3DB
340,10,92,#EBD3DB
341,10,92,#EBD3DB
342,10,92,#EBD3DA
343,10,92,#EBD3DA
344,10,92,#EBD3D9
345,10,92,#EBD3D9
346,10,92,#EBD3D9
347,10,92,#EBD3D8
348,10,92,#EBD3D8
349,10,92,#EBD3D7
350,10,92,#EBD3D7
351,10,92,#EBD3D7
352,10,92,#EBD3D6
353,10,92,#EBD3D6
354,10,92,#EBD3D5
355,10,92,#EBD3D5
356,10,92,#EBD3D5
357,10,92,#EBD3D4
358,10,92,#EBD3D4
359,10,92,#EBD3D4
0,9,92,#EBD5D5
1,9,92,#EBD6D5
2,9,92,#EBD6D5
3,9,92,#EBD7D5
4,9,92,#EBD7D5
5,9,92,#EBD7D5
6,9,92,#EBD8D5
7,9,92,#EBD8D5
8,9,92,#EBD8D5
9,9,92,#EBD9D5
10,9,92,#EBD9D5
11,9,92,#EBD9D5
12,9,92,#EBDAD5
13,9,92,#EBDAD5
14,9,92,#EBDAD5
15,9,92,#EBDBD5
16,9,92,#EBDBD5
17,9,92,#EBDBD5
18,9,92,#EBDCD5
19,9,92,#EBDCD5
20,9,92,#EBDDD5
21,9,92,#EBDDD5
22,9,92,#EBDDD5
23,9,92,#EBDED5
24,9,92,#EBDED5
25,9,92,#EBDED5
26,9,92,#EBDFD5
27,9,92,#EBDFD5
28,9,92,#EBDFD5
29,9,92,#EBE0D5
30,9,92,#EBE0D5
31,9,92,#EBE0D5
32,9,92,#EBE1D5
33,9,92,#EBE1D5
34,9,92,#EBE1D5
35,9,92,#EBE2D5
36,9,92,#EBE2D5
37,9,92,#EBE3D5
38,9,92,#EBE3D5
39,9,92,#EBE3D5
40,9,92,#EBE4D5
41,9,92,#EBE4D5
42,9,92,#EBE4D5
43,9,92,#EBE5D5
44,9,92,#EBE5D5
45,9,92,#EBE5D5
46,9,92,#EBE6D5
47,9,92,#EBE6D5
48,9,92,#EBE6D5
49,9,92,#EBE7D5
50,9,92,#EBE7D5
51,9,92,#EBE7D5
52,9,92,#EBE8D5
53,9,92,#EBE8D5
54,9,92,#EBE8D5
55,9,92,#EBE9D5
56,9,92,#EBE9D5
57,9,92,#EBEAD5
58,9,92,#EBEAD5
59,9,92,#EBEAD5
60,9,92,#EBEBD5
61,9,92,#EAEBD5
62,9,92,#EAEBD5
63,9,92,#EAEBD5
64,9,92,#E9EBD5
65,9,92,#E9EBD5
66,9,92,#E8EBD5
67,9,92,#E8EBD5
68,9,92,#E8EBD5
69,9,92,#E7EBD5
70,9,92,#E7EBD5
71,9,92,#E7EBD5
72,9,92,#E6EBD5
73,9,92,#E6EBD5
74,9,92,#E6EBD5
75,9,92,#E5EBD5
76,9,92,#E5EBD5
77,9,92,#E5EBD5
78,9,92,#E4EBD5
79,9,92,#E4EBD5
80,9,92,#E4EBD5
81,9,92,#E3EBD5
82,9,92,#E3EBD5
83,9,92,#E3EBD5
84,9,92,#E2EBD5
85,9,92,#E2EBD5
86,9,92,#E1EBD5
87,9,92,#E1EBD5
88,9,92,#E1EBD5
89,9,92,#E0EBD5
90,9,92,#E0EBD5
91,9,92,#E0EBD5
92,9,92,#DFEBD5
93,9,92,#DFEBD5
94,9,92,#DFEBD5
95,9,92,#DEEBD5
96,9,92,#DEEBD5
97,9,92,#DEEBD5
98,9,92,#DDEBD5
99,9,92,#DDEBD5
100,9,92,#DDEBD5
101,9,92,#DCEBD5
102,9,92,#DCEBD5
103,9,92,#DBEBD5
104,9,92,#DBEBD5
105,9,92,#DBEBD5
106,9,92,#DAEBD5
107,9,92,#DAEBD5
108,9,92,#DAEBD5
109,9,92,#D9EBD5
110,9,92,#D9EBD5
111,9,92,#D9EBD5
112,9,92,#D8EBD5
113,9,92,#D8EBD5
114,9,92,#D8EBD5
115,9,92,#D7EBD5
116,9,92,#D7EBD5
117,9,92,#D7EBD5
118,9,92,#D6EBD5
119,9,92,#D6EBD5
120,9,92,#D5EBD5
121,9,92,#D5EBD6
122,9,92,#D5EBD6
123,9,92,#D5EBD7
124,9,92,#D5EBD7
125,9,92,#D5EBD7
126,9,92,#D5EBD8
127,9,92,#D5EBD8
128,9,92,#D5EBD8
129,9,92,#D5EBD9
130,9,92,#D5EBD9
131,9,92,#D5EBD9
132,9,92,#D5EBDA
133,9,92,#D5EBDA
134,9,92,#D5EBDA
135,9,92,#D5EBDB
136,9,92,#D5EBDB
137,9,92,#D5EBDB
138,9,92,#D5EBDC
139,9,92,#D5EBDC
140,9,92,#D5EBDD
141,9,92,#D5EBDD
142,9,92,#D5EBDD
143,9,92,#D5EBDE
144,9,92,#D5EBDE
145,9,92,#D5EBDE
146,9,92,#D5EBDF
147,9,92,#D5EBDF
148,9,92,#D5EBDF
149,9,92,#D5EBE0
150,9,92,#D5EBE0
151,9,92,#D5EBE0
152,9,92,#D5EBE1
153,9,92,#D5EBE1
154,9,92,#D5EBE1
155,9,92,#D5EBE2
156,9,92,#D5EBE2
157,9,92,#D5EBE3
158,9,92,#D5EBE3
159,9,92,#D5EBE3
160,9,92,#D5EBE4
161,9,92,#D5EBE4
162,9,92,#D5EBE4
163,9,92,#D5EBE5
164,9,92,#D5EBE5
165,9,92,#D5EBE5
166,9,92,#D5EBE6
167,9,92,#D5EBE6
168,9,92,#D5EBE6
169,9,92,#D5EBE7
170,9,92,#D5EBE7
171,9,92,#D5EBE7
172,9,92,#D5EBE8
173,9,92,#D5EBE8
174,9,92,#D5EBE8
175,9,92,#D5EBE9
176,9,92,#D5EBE9
177,9,92,#D5EBEA
178,9,92,#D5EBEA
179,9,92,#D5EBEA
180,9,92,#D5EBEB
181,9,92,#D5EAEB
182,9,92,#D5EAEB
183,9,92,#D5EAEB
184,9,92,#D5E9EB
185,9,92,#D5E9EB
186,9,92,#D5E8EB
187,9,92,#D5E8EB
188,9,92,#D5E8EB
189,9,92,#D5E7EB
190,9,92,#D5E7EB
191,9,92,#D5E7EB
192,9,92,#D5E6EB
193,9,92,#D5E6EB
194,9,92,#D5E6EB
195,9,92,#D5E5EB
196,9,92,#D5E5EB
197,9,92,#D5E5EB
198,9,92,#D5E4EB
199,9,92,#D5E4EB
200,9,92,#D5E4EB
201,9,92,#D5E3EB
202,9,92,#D5E3EB
203,9,92,#D5E3EB
204,9,92,#D5E2EB
205,9,92,#D5E2EB
206,9,92,#D5E1EB
207,9,92,#D5E1EB
208,9,92,#D5E1EB
209,9,92,#D5E0EB
210,9,92,#D5E0EB
211,9,92,#D5E0EB
212,9,92,#D5DFEB
213,9,92,#D5DFEB
214,9,92,#D5DFEB
215,9,92,#D5DEEB
216,9,92,#D5DEEB
217,9,92,#D5DEEB
218,9,92,#D5DDEB
219,9,92,#D5DDEB
220,9,92,#D5DDEB
221,9,92,#D5DCEB
222,9,92,#D5DCEB
223,9,92,#D5DBEB
224,9,92,#D5DBEB
225,9,92,#D5DBEB
226,9,92,#D5DAEB
227,9,92,#D5DAEB
228,9,92,#D5DAEB
229,9,92,#D5D9EB
230,9,92,#D5D9EB
231,9,92,#D5D9EB
232,9,92,#D5D8EB
233,9,92,#D5D8EB
234,9,92,#D5D8EB
235,9,92,#D5D7EB
236,9,92,#D5D7EB
237,9,92,#D5D7EB
238,9,92,#D5D6EB
239,9,92,#D5D6EB
240,9,92,#D5D5EB
241,9,92,#D6D5EB
242,9,92,#D6D5EB
243,9,92,#D7D5EB
244,9,92,#D7D5EB
245,9,92,#D7D5EB
246,9,92,#D8D5EB
247,9,92,#D8D5EB
248,9,92,#D8D5EB
249,9,92,#D9D5EB
250,9,92,#D9D5EB
251,9,92,#D9D5EB
252,9,92,#DAD5EB
253,9,92,#DAD5EB
254,9,92,#DAD5EB
255,9,92,#DBD5EB
256,9,92,#DBD5EB
257,9,92,#DBD5EB
258,9,92,#DCD5EB
259,9,92,#DCD5EB
260,9,92,#DDD5EB
261,9,92,#DDD5EB
262,9,92,#DDD5EB
263,9,92,#DED5EB
264,9,92,#DED5EB
265,9,92,#DED5EB
266,9,92,#DFD5EB
267,9,92,#DFD5EB
268,9,92,#DFD5EB
269,9,92,#E0D5EB
270,9,92,#E0D5EB
271,9,92,#E0D5EB
272,9,92,#E1D5EB
273,9,92,#E1D5EB
274,9,92,#E1D5EB
275,9,92,#E2D5EB
276,9,92,#E2D5EB
277,9,92,#E3D5EB
278,9,92,#E3D5EB
279,9,92,#E3D5EB
280,9,92,#E4D5EB
281,9,92,#E4D5EB
282,9,92,#E4D5EB
283,9,92,#E5D5EB
284,9,92,#E5D5EB
285,9,92,#E5D5EB
286,9,92,#E6D5EB
287,9,92,#E6D5EB
288,9,92,#E6D5EB
289,9,92,#E7D5EB
290,9,92,#E7D5EB
291,9,92,#E7D5EB
292,9,92,#E8D5EB
293,9,92,#E8D5EB
294,9,92,#E8D5EB
295,9,92,#E9D5EB
296,9,92,#E9D5EB
297,9,92,#EAD5EB
298,9,92,#EAD5EB
299,9,92,#EAD5EB
300,9,92,#EBD5EB
301,9,92,#EBD5EA
302,9,92,#EBD5EA
303,9,92,#EBD5EA
304,9,92,#EBD5E9
305,9,92,#EBD5E9
306,9,92,#EBD5E8
307,9,92,#EBD5E8
308,9,92,#EBD5E8
309,9,92,#EBD5E7
310,9,92,#EBD5E7
311,9,92,#EBD5E7
312,9,92,#EBD5E6
313,9,92,#EBD5E6
314,9,92,#EBD5E6
315,9,92,#EBD5E5
316,9,92,#EBD5E5
317,9,92,#EBD5E5
318,9,92,#EBD5E4
319,9,92,#EBD5E4
320,9,92,#EBD5E4
321,9,92,#EBD5E3
322,9,92,#EBD5E3
323,9,92,#EBD5E3
324,9,92,#EBD5E2
325,9,92,#EBD5E2
326,9,92,#EBD5E1
327,9,92,#EBD5E1
328,9,92,#EBD5E1
329,9,92,#EBD5E0
330,9,92,#EBD5E0
331,9,92,#EBD5E0
332,9,92,#EBD5DF
333,9,92,#EBD5DF
334,9,92,#EBD5DF
335,9,92,#EBD5DE
336,9,92,#EBD5DE
337,9,92,#EBD5DE
338,9,92,#EBD5DD
339,9,92,#EBD5DD
340,9,92,#EBD5DD
341,9,92,#EBD5DC
342,9,92,#EBD5DC
343,9,92,#EBD5DB
344,9,92,#EBD5DB
345,9,92,#EBD5DB
346,9,92,#EBD5DA
347,9,92,#EBD5DA
348,9,92,#EBD5DA
349,9,92,#EBD5D9
350,9,92,#EBD5D9
351,9,92,#EBD5D9
352,9,92,#EBD5D8
353,9,92,#EBD5D8
354,9,92,#EBD5D8
355,9,92,#EBD5D7
356,9,92,#EBD5D7
357,9,92,#EBD5D7
358,9,92,#EBD5D6
359,9,92,#EBD5D6
0,8,92,#EBD8D8
1,8,92,#EBD8D8
2,8,92,#EBD8D8
3,8,92,#EBD9D8
4,8,92,#EBD9D8
5,8,92,#EBD9D8
6,8,92,#EBDAD8
7,8,92,#EBDAD8
8,8,92,#EBDAD8
9,8,92,#EBDBD8
10,8,92,#EBDBD8
11,8,92,#EBDBD8
12,8,92,#EBDCD8
13,8,92,#EBDCD8
14,8,92,#EBDCD8
15,8,92,#EBDDD8
16,8,92,#EBDDD8
17,8,92,#EBDDD8
18,8,92,#EBDDD8
19,8,92,#EBDED8
20,8,92,#EBDED8
21,8,92,#EBDED8
22,8,92,#EBDFD8
23,8,92,#EBDFD8
24,8,92,#EBDFD8
25,8,92,#EBE0D8
26,8,92,#EBE0D8
27,8,92,#EBE0D8
28,8,92,#EBE1D8
29,8,92,#EBE1D8
30,8,92,#EBE1D8
31,8,92,#EBE2D8
32,8,92,#EBE2D8
33,8,92,#EBE2D8
34,8,92,#EBE2D8
35,8,92,#EBE3D8
36,8,92,#EBE3D8
37,8,92,#EBE3D8
38,8,92,#EBE4D8
39,8,92,#EBE4D8
40,8,92,#EBE4D8
41,8,92,#EBE5D8
42,8,92,#EBE5D8
43,8,92,#EBE5D8
44,8,92,#EBE6D8
45,8,92,#EBE6D8
46,8,92,#EBE6D8
47,8,92,#EBE7D8
48,8,92,#EBE7D8
49,8,92,#EBE7D8
50,8,92,#EBE7D8
51,8,92,#EBE8D8
52,8,92,#EBE8D8
53,8,92,#EBE8D8
54,8,92,#EBE9D8
55,8,92,#EBE9D8
56,8,92,#EBE9D8
57,8,92,#EBEAD8
58,8,92,#EBEAD8
59,8,92,#EBEAD8
60,8,92,#EBEBD8
61,8,92,#EAEBD8
62,8,92,#EAEBD8
63,8,92,#EAEBD8
64,8,92,#E9EBD8
65,8,92,#E9EBD8
66,8,92,#E9EBD8
67,8,92,#E8EBD8
68,8,92,#E8EBD8
69,8,92,#E8EBD8
70,8,92,#E7EBD8
71,8,92,#E7EBD8
72,8,92,#E7EBD8
73,8,92,#E7EBD8
74,8,92,#E6EBD8
75,8,92,#E6EBD8
76,8,92,#E6EBD8
77,8,92,#E5EBD8
78,8,92,#E5EBD8
79,8,92,#E5EBD8
80,8,92,#E4EBD8
81,8,92,#E4EBD8
82,8,92,#E4EBD8
83,8,92,#E3EBD8
84,8,92,#E3EBD8
85,8,92,#E3EBD8
86,8,92,#E2EBD8
87,8,92,#E2EBD8
88,8,92,#E2EBD8
89,8,92,#E2EBD8
90,8,92,#E1EBD8
91,8,92,#E1EBD8
92,8,92,#E1EBD8
93,8,92,#E0EBD8
94,8,92,#E0EBD8
95,8,92,#E0EBD8
96,8,92,#DFEBD8
97,8,92,#DFEBD8
98,8,92,#DFEBD8
99,8,92,#DEEBD8
100,8,92,#DEEBD8
101,8,92,#DEEBD8
102,8,92,#DDEBD8
103,8,92,#DDEBD8
104,8,92,#DDEBD8
105,8,92,#DDEBD8
106,8,92,#DCEBD8
107,8,92,#DCEBD8
108,8,92,#DCEBD8
109,8,92,#DBEBD8
110,8,92,#DBEBD8
111,8,92,#DBEBD8
112,8,92,#DAEBD8
113,8,92,#DAEBD8
114,8,92,#DAEBD8
115,8,92,#D9EBD8
116,8,92,#D9EBD8
117,8,92,#D9EBD8
118,8,92,#D8EBD8
119,8,92,#D8EBD8
120,8,92,#D8EBD8
121,8,92,#D8EBD8
122,8,92,#D8EBD8
123,8,92,#D8EBD9
124,8,92,#D8EBD9
125,8,92,#D8EBD9
126,8,92,#D8EBDA
127,8,92,#D8EBDA
128,8,92,#D8EBDA
129,8,92,#D8EBDB
130,8,92,#D8EBDB
131,8,92,#D8EBDB
132,8,92,#D8EBDC
133,8,92,#D8EBDC
134,8,92,#D8EBDC
135,8,92,#D8EBDD
136,8,92,#D8EBDD
137,8,92,#D8EBDD
138,8,92,#D8EBDD
139,8,92,#D8EBDE
140,8,92,#D8EBDE
141,8,92,#D8EBDE
142,8,92,#D8EBDF
143,8,92,#D8EBDF
144,8,92,#D8EBDF
145,8,92,#D8EBE0
146,8,92,#D8EBE0
147,8,92,#D8EBE0
148,8,92,#D8EBE1
149,8,92,#D8EBE1
150,8,92,#D8EBE1
151,8,92,#D8EBE2
152,8,92,#D8EBE2
153,8,92,#D8EBE2
154,8,92,#D8EBE2
155,8,92,#D8EBE3
156,8,92,#D8EBE3
157,8,92,#D8EBE3
158,8,92,#D8EBE4
159,8,92,#D8EBE4
160,8,92,#D8EBE4
161,8,92,#D8EBE5
162,8,92,#D8EBE5
163,8,92,#D8EBE5
164,8,92,#D8EBE6
165,8,92,#D8EBE6
166,8,92,#D8EBE6
167,8,92,#D8EBE7
168,8,92,#D8EBE7
169,8,92,#D8EBE7
170,8,92,#D8EBE7
171,8,92,#D8EBE8
172,8,92,#D8EBE8
173,8,92,#D8EBE8
174,8,92,#D8EBE9
175,8,92,#D8EBE9
176,8,92,#D8EBE9
177,8,92,#D8EBEA
178,8,92,#D8EBEA
179,8,92,#D8EBEA
180,8,92,#D8EBEB
181,8,92,#D8EAEB
182,8,92,#D8EAEB
183,8,92,#D8EAEB
184,8,92,#D8E9EB
185,8,92,#D8E9EB
186,8,92,#D8E9EB
187,8,92,#D8E8EB
188,8,92,#D8E8EB
189,8,92,#D8E8EB
190,8,92,#D8E7EB
191,8,92,#D8E7EB
192,8,92,#D8E7EB
193,8,92,#D8E7EB
194,8,92,#D8E6EB
195,8,92,#D8E6EB
196,8,92,#D8E6EB
197,8,92,#D8E5EB
198,8,92,#D8E5EB
199,8,92,#D8E5EB
200,8,92,#D8E4EB
201,8,92,#D8E4EB
202,8,92,#D8E4EB
203,8,92,#D8E3EB
204,8,92,#D8E3EB
205,8,92,#D8E3EB
206,8,92,#D8E2EB
207,8,92,#D8E2EB
208,8,92,#D8E2EB
209,8,92,#D8E2EB
210,8,92,#D8E1EB
211,8,92,#D8E1EB
212,8,92,#D8E1EB
213,8,92,#D8E0EB
214,8,92,#D8E0EB
215,8,92,#D8E0EB
216,8,92,#D8DFEB
217,8,92,#D8DFEB
218,8,92,#D8DFEB
219,8,92,#D8DEEB
220,8,92,#D8DEEB
221,8,92,#D8DEEB
222,8,92,#D8DDEB
223,8,92,#D8DDEB
224,8,92,#D8DDEB
225,8,92,#D8DDEB
226,8,92,#D8DCEB
227,8,92,#D8DCEB
228,8,92,#D8DCEB
229,8,92,#D8DBEB
230,8,92,#D8DBEB
231,8,92,#D8DBEB
232,8,92,#D8DAEB
233,8,92,#D8DAEB
234,8,92,#D8DAEB
235,8,92,#D8D9EB
236,8,92,#D8D9EB
237,8,92,#D8D9EB
238,8,92,#D8D8EB
239,8,92,#D8D8EB
240,8,92,#D8D8EB
241,8,92,#D8D8EB
242,8,92,#D8D8EB
243,8,92,#D9D8EB
244,8,92,#D9D8EB
245,8,92,#D9D8EB
246,8,92,#DAD8EB
247,8,92,#DAD8EB
248,8,92,#DAD8EB
249,8,92,#DBD8EB
250,8,92,#DBD8EB
251,8,92,#DBD8EB
252,8,92,#DCD8EB
253,8,92,#DCD8EB
254,8,92,#DCD8EB
255,8,92,#DDD8EB
256,8,92,#DDD8EB
257,8,92,#DDD8EB
258,8,92,#DDD8EB
259,8,92,#DED8EB
260,8,92,#DED8EB
261,8,92,#DED8EB
262,8,92,#DFD8EB
263,8,92,#DFD8EB
264,8,92,#DFD8EB
265,8,92,#E0D8EB
266,8,92,#E0D8EB
267,8,92,#E0D8EB
268,8,92,#E1D8EB
269,8,92,#E1D8EB
270,8,92,#E1D8EB
271,8,92,#E2D8EB
272,8,92,#E2D8EB
273,8,92,#E2D8EB
274,8,92,#E2D8EB
275,8,92,#E3D8EB
276,8,92,#E3D8EB
277,8,92,#E3D8EB
278,8,92,#E4D8EB
279,8,92,#E4D8EB
280,8,92,#E4D8EB
281,8,92,#E5D8EB
282,8,92,#E5D8EB
283,8,92,#E5D8EB
284,8,92,#E6D8EB
285,8,92,#E6D8EB
286,8,92,#E6D8EB
287,8,92,#E7D8EB
288,8,92,#E7D8EB
289,8,92,#E7D8EB
290,8,92,#E7D8EB
291,8,92,#E8D8EB
292,8,92,#E8D8EB
293,8,92,#E8D8EB
294,8,92,#E9D8EB
295,8,92,#E9D8EB
296,8,92,#E9D8EB
297,8,92,#EAD8EB
298,8,92,#EAD8EB
299,8,92,#EAD8EB
300,8,92,#EBD8EB
301,8,92,#EBD8EA
302,8,92,#EBD8EA
303,8,92,#EBD8EA
304,8,92,#EBD8E9
305,8,92,#EBD8E9
306,8,92,#EBD8E9
307,8,92,#EBD8E8
308,8,92,#EBD8E8
309,8,92,#EBD8E8
310,8,92,#EBD8E7
311,8,92,#EBD8E7
312,8,92,#EBD8E7
313,8,92,#EBD8E7
314,8,92,#EBD8E6
315,8,92,#EBD8E6
316,8,92,#EBD8E6
317,8,92,#EBD8E5
318,8,92,#EBD8E5
319,8,92,#EBD8E5
320,8,92,#EBD8E4
321,8,92,#EBD8E4
322,8,92,#EBD8E4
323,8,92,#EBD8E3
324,8,92,#EBD8E3
325,8,92,#EBD8E3
326,8,92,#EBD8E2
327,8,92,#EBD8E2
328,8,92,#EBD8E2
329,8,92,#EBD8E2
330,8,92,#EBD8E1
331,8,92,#EBD8E1
332,8,92,#EBD8E1
333,8,92,#EBD8E0
334,8,92,#EBD8E0
335,8,92,#EBD8E0
336,8,92,#EBD8DF
337,8,92,#EBD8DF
338,8,92,#EBD8DF
339,8,92,#EBD8DE
340,8,92,#EBD8DE
341,8,92,#EBD8DE
342,8,92,#EBD8DD
343,8,92,#EBD8DD
344,8,92,#EBD8DD
345,8,92,#EBD8DD
346,8,92,#EBD8DC
347,8,92,#EBD8DC
348,8,92,#EBD8DC
349,8,92,#EBD8DB
350,8,92,#EBD8DB
351,8,92,#EBD8DB
352,8,92,#EBD8DA
353,8,92,#EBD8DA
354,8,92,#EBD8DA
355,8,92,#EBD8D9
356,8,92,#EBD8D9
357,8,92,#EBD8D9
358,8,92,#EBD8D8
359,8,92,#EBD8D8
0,7,92,#EBDADA
1,7,92,#EBDADA
2,7,92,#EBDBDA
3,7,92,#EBDBDA
4,7,92,#EBDBDA
5,7,92,#EBDCDA
6,7,92,#EBDCDA
7,7,92,#EBDCDA
8,7,92,#EBDCDA
9,7,92,#EBDDDA
10,7,92,#EBDDDA
11,7,92,#EBDDDA
12,7,92,#EBDDDA
13,7,92,#EBDEDA
14,7,92,#EBDEDA
15,7,92,#EBDEDA
16,7,92,#EBDFDA
17,7,92,#EBDFDA
18,7,92,#EBDFDA
19,7,92,#EBDFDA
20,7,92,#EBE0DA
21,7,92,#EBE0DA
22,7,92,#EBE0DA
23,7,92,#EBE0DA
24,7,92,#EBE1DA
25,7,92,#EBE1DA
26,7,92,#EBE1DA
27,7,92,#EBE2DA
28,7,92,#EBE2DA
29,7,92,#EBE2DA
30,7,92,#EBE2DA
31,7,92,#EBE3DA
32,7,92,#EBE3DA
33,7,92,#EBE3DA
34,7,92,#EBE3DA
35,7,92,#EBE4DA
36,7,92,#EBE4DA
37,7,92,#EBE4DA
38,7,92,#EBE5DA
39,7,92,#EBE5DA
40,7,92,#EBE5DA
41,7,92,#EBE5DA
42,7,92,#EBE6DA
43,7,92,#EBE6DA
44,7,92,#EBE6DA
45,7,92,#EBE6DA
46,7,92,#EBE7DA
47,7,92,#EBE7DA
48,7,92,#EBE7DA
49,7,92,#EBE8DA
50,7,92,#EBE8DA
51,7,92,#EBE8DA
52,7,92,#EBE8DA
53,7,92,#EBE9DA
54,7,92,#EBE9DA
55,7,92,#EBE9DA
56,7,92,#EBEADA
57,7,92,#EBEADA
58,7,92,#EBEADA
59,7,92,#EBEADA
60,7,92,#EBEBDA
61,7,92,#EAEBDA
62,7,92,#EAEBDA
63,7,92,#EAEBDA
64,7,92,#EAEBDA
65,7,92,#E9EBDA
66,7,92,#E9EBDA
67,7,92,#E9EBDA
68,7,92,#E8EBDA
69,7,92,#E8EBDA
70,7,92,#E8EBDA
71,7,92,#E8EBDA
72,7,92,#E7EBDA
73,7,92,#E7EBDA
74,7,92,#E7EBDA
75,7,92,#E6EBDA
76,7,92,#E6EBDA
77,7,92,#E6EBDA
78,7,92,#E6EBDA
79,7,92,#E5EBDA
80,7,92,#E5EBDA
81,7,92,#E5EBDA
82,7,92,#E5EBDA
83,7,92,#E4EBDA
84,7,92,#E4EBDA
85,7,92,#E4EBDA
86,7,92,#E3EBDA
87,7,92,#E3EBDA
88,7,92,#E3EBDA
89,7,92,#E3EBDA
90,7,92,#E2EBDA
91,7,92,#E2EBDA
92,7,92,#E2EBDA
93,7,92,#E2EBDA
94,7,92,#E1EBDA
95,7,92,#E1EBDA
96,7,92,#E1EBDA
97,7,92,#E0EBDA
98,7,92,#E0EBDA
99,7,92,#E0EBDA
100,7,92,#E0EBDA
101,7,92,#DFEBDA
102,7,92,#DFEBDA
103,7,92,#DFEBDA
104,7,92,#DFEBDA
105,7,92,#DEEBDA
106,7,92,#DEEBDA
107,7,92,#DEEBDA
108,7,92,#DDEBDA
109,7,92,#DDEBDA
110,7,92,#DDEBDA
111,7,92,#DDEBDA
112,7,92,#DCEBDA
113,7,92,#DCEBDA
114,7,92,#DCEBDA
115,7,92,#DCEBDA
116,7,92,#DBEBDA
117,7,92,#DBEBDA
118,7,92,#DBEBDA
119,7,92,#DAEBDA
120,7,92,#DAEBDA
121,7,92,#DAEBDA
122,7,92,#DAEBDB
123,7,92,#DAEBDB
124,7,92,#DAEBDB
125,7,92,#DAEBDC
126,7,92,#DAEBDC
127,7,92,#DAEBDC
128,7,92,#DAEBDC
129,7,92,#DAEBDD
130,7,92,#DAEBDD
131,7,92,#DAEBDD
132,7,92,#DAEBDD
133,7,92,#DAEBDE
134,7,92,#DAEBDE
135,7,92,#DAEBDE
136,7,92,#DAEBDF
137,7,92,#DAEBDF
138,7,92,#DAEBDF
139,7,92,#DAEBDF
140,7,92,#DAEBE0
141,7,92,#DAEBE0
142,7,92,#DAEBE0
143,7,92,#DAEBE0
144,7,92,#DAEBE1
145,7,92,#DAEBE1
146,7,92,#DAEBE1
147,7,92,#DAEBE2
148,7,92,#DAEBE2
149,7,92,#DAEBE2
150,7,92,#DAEBE2
151,7,92,#DAEBE3
152,7,92,#DAEBE3
153,7,92,#DAEBE3
154,7,92,#DAEBE3
155,7,92,#DAEBE4
156,7,92,#DAEBE4
157,7,92,#DAEBE4
158,7,92,#DAEBE5
159,7,92,#DAEBE5
160,7,92,#DAEBE5
161,7,92,#DAEBE5
162,7,92,#DAEBE6
163,7,92,#DAEBE6
164,7,92,#DAEBE6
165,7,92,#DAEBE6
166,7,92,#DAEBE7
167,7,92,#DAEBE7
168,7,92,#DAEBE7
169,7,92,#DAEBE8
170,7,92,#DAEBE8
171,7,92,#DAEBE8
172,7,92,#DAEBE8
173,7,92,#DAEBE9
174,7,92,#DAEBE9
175,7,92,#DAEBE9
176,7,92,#DAEBEA
177,7,92,#DAEBEA
178,7,92,#DAEBEA
179,7,92,#DAEBEA
180,7,92,#DAEBEB
181,7,92,#DAEAEB
182,7,92,#DAEAEB
183,7,92,#DAEAEB
184,7,92,#DAEAEB
185,7,92,#DAE9EB
186,7,92,#DAE9EB
187,7,92,#DAE9EB
188,7,92,#DAE8EB
189,7,92,#DAE8EB
190,7,92,#DAE8EB
191,7,92,#DAE8EB
192,7,92,#DAE7EB
193,7,92,#DAE7EB
194,7,92,#DAE7EB
195,7,92,#DAE6EB
196,7,92,#DAE6EB
197,7,92,#DAE6EB
198,7,92,#DAE6EB
199,7,92,#DAE5EB
200,7,92,#DAE5EB
201,7,92,#DAE5EB
202,7,92,#DAE5EB
203,7,92,#DAE4EB
204,7,92,#DAE4EB
205,7,92,#DAE4EB
206,7,92,#DAE3EB
207,7,92,#DAE3EB
208,7,92,#DAE3EB
209,7,92,#DAE3EB
210,7,92,#DAE2EB
211,7,92,#DAE2EB
212,7,92,#DAE2EB
213,7,92,#DAE2EB
214,7,92,#DAE1EB
215,7,92,#DAE1EB
216,7,92,#DAE1EB
217,7,92,#DAE0EB
218,7,92,#DAE0EB
219,7,92,#DAE0EB
220,7,92,#DAE0EB
221,7,92,#DADFEB
222,7,92,#DADFEB
223,7,92,#DADFEB
224,7,92,#DADFEB
225,7,92,#DADEEB
226,7,92,#DADEEB
227,7,92,#DADEEB
228,7,92,#DADDEB
229,7,92,#DADDEB
230,7,92,#DADDEB
231,7,92,#DADDEB
232,7,92,#DADCEB
233,7,92,#DADCEB
234,7,92,#DADCEB
235,7,92,#DADCEB
236,7,92,#DADBEB
237,7,92,#DADBEB
238,7,92,#DADBEB
239,7,92,#DADAEB
240,7,92,#DADAEB
241,7,92,#DADAEB
242,7,92,#DBDAEB
243,7,92,#DBDAEB
244,7,92,#DBDAEB
245,7,92,#DCDAEB
246,7,92,#DCDAEB
247,7,92,#DCDAEB
248,7,92,#DCDAEB
249,7,92,#DDDAEB
250,7,92,#DDDAEB
251,7,92,#DDDAEB
252,7,92,#DDDAEB
253,7,92,#DEDAEB
254,7,92,#DEDAEB
255,7,92,#DEDAEB
256,7,92,#DFDAEB
257,7,92,#DFDAEB
258,7,92,#DFDAEB
259,7,92,#DFDAEB
260,7,92,#E0DAEB
261,7,92,#E0DAEB
262,7,92,#E0DAEB
263,7,92,#E0DAEB
264,7,92,#E1DAEB
265,7,92,#E1DAEB
266,7,92,#E1DAEB
267,7,92,#E2DAEB
268,7,92,#E2DAEB
269,7,92,#E2DAEB
270,7,92,#E2DAEB
271,7,92,#E3DAEB
272,7,92,#E3DAEB
273,7,92,#E3DAEB
274,7,92,#E3DAEB
275,7,92,#E4DAEB
276,7,92,#E4DAEB
277,7,92,#E4DAEB
278,7,92,#E5DAEB
279,7,92,#E5DAEB
280,7,92,#E5DAEB
281,7,92,#E5DAEB
282,7,92,#E6DAEB
283,7,92,#E6DAEB
284,7,92,#E6DAEB
285,7,92,#E6DAEB
286,7,92,#E7DAEB
287,7,92,#E7DAEB
288,7,92,#E7DAEB
289,7,92,#E8DAEB
290,7,92,#E8DAEB
291,7,92,#E8DAEB
292,7,92,#E8DAEB
293,7,92,#E9DAEB
294,7,92,#E9DAEB
295,7,92,#E9DAEB
296,7,92,#EADAEB
297,7,92,#EADAEB
298,7,92,#EADAEB
299,7,92,#EADAEB
300,7,92,#EBDAEB
301,7,92,#EBDAEA
302,7,92,#EBDAEA
303,7,92,#EBDAEA
304,7,92,#EBDAEA
305,7,92,#EBDAE9
306,7,92,#EBDAE9
307,7,92,#EBDAE9
308,7,92,#EBDAE8
309,7,92,#EBDAE8
310,7,92,#EBDAE8
311,7,92,#EBDAE8
312,7,92,#EBDAE7
313,7,92,#EBDAE7
314,7,92,#EBDAE7
315,7,92,#EBDAE6
316,7,92,#EBDAE6
317,7,92,#EBDAE6
318,7,92,#EBDAE6
319,7,92,#EBDAE5
320,7,92,#EBDAE5
321,7,92,#EBDAE5
322,7,92,#EBDAE5
323,7,92,#EBDAE4
324,7,92,#EBDAE4
325,7,92,#EBDAE4
326,7,92,#EBDAE3
327,7,92,#EBDAE3
328,7,92,#EBDAE3
329,7,92,#EBDAE3
330,7,92,#EBDAE2
331,7,92,#EBDAE2
332,7,92,#EBDAE2
333,7,92,#EBDAE2
334,7,92,#EBDAE1
335,7,92,#EBDAE1
336,7,92,#EBDAE1
337,7,92,#EBDAE0
338,7,92,#EBDAE0
339,7,92,#EBDAE0
340,7,92,#EBDAE0
341,7,92,#EBDADF
342,7,92,#EBDADF
343,7,92,#EBDADF
344,7,92,#EBDADF
345,7,92,#EBDADE
346,7,92,#EBDADE
347,7,92,#EBDADE
348,7,92,#EBDADD
349,7,92,#EBDADD
350,7,92,#EBDADD
351,7,92,#EBDADD
352,7,92,#EBDADC
353,7,92,#EBDADC
354,7,92,#EBDADC
355,7,92,#EBDADC
356,7,92,#EBDADB
357,7,92,#EBDADB
358,7,92,#EBDADB
359,7,92,#EBDADA
0,6,92,#EBDDDD
1,6,92,#EBDDDD
2,6,92,#EBDDDD
3,6,92,#EBDDDD
4,6,92,#EBDDDD
5,6,92,#EBDEDD
6,6,92,#EBDEDD
7,6,92,#EBDEDD
8,6,92,#EBDEDD
9,6,92,#EBDFDD
10,6,92,#EBDFDD
11,6,92,#EBDFDD
12,6,92,#EBDFDD
13,6,92,#EBE0DD
14,6,92,#EBE0DD
15,6,92,#EBE0DD
16,6,92,#EBE0DD
17,6,92,#EBE1DD
18,6,92,#EBE1DD
19,6,92,#EBE1DD
20,6,92,#EBE1DD
21,6,92,#EBE1DD
22,6,92,#EBE2DD
23,6,92,#EBE2DD
24,6,92,#EBE2DD
25,6,92,#EBE2DD
26,6,92,#EBE3DD
27,6,92,#EBE3DD
28,6,92,#EBE3DD
29,6,92,#EBE3DD
30,6,92,#EBE4DD
31,6,92,#EBE4DD
32,6,92,#EBE4DD
33,6,92,#EBE4DD
34,6,92,#EBE5DD
35,6,92,#EBE5DD
36,6,92,#EBE5DD
37,6,92,#EBE5DD
38,6,92,#EBE5DD
39,6,92,#EBE6DD
40,6,92,#EBE6DD
41,6,92,#EBE6DD
42,6,92,#EBE6DD
43,6,92,#EBE7DD
44,6,92,#EBE7DD
45,6,92,#EBE7DD
46,6,92,#EBE7DD
47,6,92,#EBE8DD
48,6,92,#EBE8DD
49,6,92,#EBE8DD
50,6,92,#EBE8DD
51,6,92,#EBE8DD
52,6,92,#EBE9DD
53,6,92,#EBE9DD
54,6,92,#EBE9DD
55,6,92,#EBE9DD
56,6,92,#EBEADD
57,6,92,#EBEADD
58,6,92,#EBEADD
59,6,92,#EBEADD
60,6,92,#EBEBDD
61,6,92,#EAEBDD
62,6,92,#EAEBDD
63,6,92,#EAEBDD
64,6,92,#EAEBDD
65,6,92,#E9EBDD
66,6,92,#E9EBDD
67,6,92,#E9EBDD
68,6,92,#E9EBDD
69,6,92,#E8EBDD
70,6,92,#E8EBDD
71,6,92,#E8EBDD
72,6,92,#E8EBDD
73,6,92,#E8EBDD
74,6,92,#E7EBDD
75,6,92,#E7EBDD
76,6,92,#E7EBDD
77,6,92,#E7EBDD
78,6,92,#E6EBDD
79,6,92,#E6EBDD
80,6,92,#E6EBDD
81,6,92,#E6EBDD
82,6,92,#E5EBDD
83,6,92,#E5EBDD
84,6,92,#E5EBDD
85,6,92,#E5EBDD
86,6,92,#E5EBDD
87,6,92,#E4EBDD
88,6,92,#E4EBDD
89,6,92,#E4EBDD
90,6,92,#E4EBDD
91,6,92,#E3EBDD
92,6,92,#E3EBDD
93,6,92,#E3EBDD
94,6,92,#E3EBDD
95,6,92,#E2EBDD
96,6,92,#E2EBDD
97,6,92,#E2EBDD
98,6,92,#E2EBDD
99,6,92,#E1EBDD
100,6,92,#E1EBDD
101,6,92,#E1EBDD
102,6,92,#E1EBDD
103,6,92,#E1EBDD
104,6,92,#E0EBDD
105,6,92,#E0EBDD
106,6,92,#E0EBDD
107,6,92,#E0EBDD
108,6,92,#DFEBDD
109,6,92,#DFEBDD
110,6,92,#DFEBDD
111,6,92,#DFEBDD
112,6,92,#DEEBDD
113,6,92,#DEEBDD
114,6,92,#DEEBDD
115,6,92,#DEEBDD
116,6,92,#DDEBDD
117,6,92,#DDEBDD
118,6,92,#DDEBDD
119,6,92,#DDEBDD
120,6,92,#DDEBDD
121,6,92,#DDEBDD
122,6,92,#DDEBDD
123,6,92,#DDEBDD
124,6,92,#DDEBDD
125,6,92,#DDEBDE
126,6,92,#DDEBDE
127,6,92,#DDEBDE
128,6,92,#DDEBDE
129,6,92,#DDEBDF
130,6,92,#DDEBDF
131,6,92,#DDEBDF
132,6,92,#DDEBDF
133,6,92,#DDEBE0
134,6,92,#DDEBE0
135,6,92,#DDEBE0
136,6,92,#DDEBE0
137,6,92,#DDEBE1
138,6,92,#DDEBE1
139,6,92,#DDEBE1
140,6,92,#DDEBE1
141,6,92,#DDEBE1
142,6,92,#DDEBE2
143,6,92,#DDEBE2
144,6,92,#DDEBE2
145,6,92,#DDEBE2
146,6,92,#DDEBE3
147,6,92,#DDEBE3
148,6,92,#DDEBE3
149,6,92,#DDEBE3
150,6,92,#DDEBE4
151,6,92,#DDEBE4
152,6,92,#DDEBE4
153,6,92,#DDEBE4
154,6,92,#DDEBE5
155,6,92,#DDEBE5
156,6,92,#DDEBE5
157,6,92,#DDEBE5
158,6,92,#DDEBE5
159,6,92,#DDEBE6
160,6,92,#DDEBE6
161,6,92,#DDEBE6
162,6,92,#DDEBE6
163,6,92,#DDEBE7
164,6,92,#DDEBE7
165,6,92,#DDEBE7
166,6,92,#DDEBE7
167,6,92,#DDEBE8
168,6,92,#DDEBE8
169,6,92,#DDEBE8
170,6,92,#DDEBE8
171,6,92,#DDEBE8
172,6,92,#DDEBE9
173,6,92,#DDEBE9
174,6,92,#DDEBE9
175,6,92,#DDEBE9
176,6,92,#DDEBEA
177,6,92,#DDEBEA
178,6,92,#DDEBEA
179,6,92,#DDEBEA
180,6,92,#DDEBEB
181,6,92,#DDEAEB
182,6,92,#DDEAEB
183,6,92,#DDEAEB
184,6,92,#DDEAEB
185,6,92,#DDE9EB
186,6,92,#DDE9EB
187,6,92,#DDE9EB
188,6,92,#DDE9EB
189,6,92,#DDE8EB
190,6,92,#DDE8EB
191,6,92,#DDE8EB
192,6,92,#DDE8EB
193,6,92,#DDE8EB
194,6,92,#DDE7EB
195,6,92,#DDE7EB
196,6,92,#DDE7EB
197,6,92,#DDE7EB
198,6,92,#DDE6EB
199,6,92,#DDE6EB
200,6,92,#DDE6EB
201,6,92,#DDE6EB
202,6,92,#DDE5EB
203,6,92,#DDE5EB
204,6,92,#DDE5EB
205,6,92,#DDE5EB
206,6,92,#DDE5EB
207,6,92,#DDE4EB
208,6,92,#DDE4EB
209,6,92,#DDE4EB
210,6,92,#DDE4EB
211,6,92,#DDE3EB
212,6,92,#DDE3EB
213,6,92,#DDE3EB
214,6,92,#DDE3EB
215,6,92,#DDE2EB
216,6,92,#DDE2EB
217,6,92,#DDE2EB
218,6,92,#DDE2EB
219,6,92,#DDE1EB
220,6,92,#DDE1EB
221,6,92,#DDE1EB
222,6,92,#DDE1EB
223,6,92,#DDE1EB
224,6,92,#DDE0EB
225,6,92,#DDE0EB
226,6,92,#DDE0EB
227,6,92,#DDE0EB
228,6,92,#DDDFEB
229,6,92,#DDDFEB
230,6,92,#DDDFEB
231,6,92,#DDDFEB
232,6,92,#DDDEEB
233,6,92,#DDDEEB
234,6,92,#DDDEEB
235,6,92,#DDDEEB
236,6,92,#DDDDEB
237,6,92,#DDDDEB
238,6,92,#DDDDEB
239,6,92,#DDDDEB
240,6,92,#DDDDEB
241,6,92,#DDDDEB
242,6,92,#DDDDEB
243,6,92,#DDDDEB
244,6,92,#DDDDEB
245,6,92,#DEDDEB
246,6,92,#DEDDEB
247,6,92,#DEDDEB
248,6,92,#DEDDEB
249,6,92,#DFDDEB
250,6,92,#DFDDEB
251,6,92,#DFDDEB
252,6,92,#DFDDEB
253,6,92,#E0DDEB
254,6,92,#E0DDEB
255,6,92,#E0DDEB
256,6,92,#E0DDEB
257,6,92,#E1DDEB
258,6,92,#E1DDEB
259,6,92,#E1DDEB
260,6,92,#E1DDEB
261,6,92,#E1DDEB
262,6,92,#E2DDEB
263,6,92,#E2DDEB
264,6,92,#E2DDEB
265,6,92,#E2DDEB
266,6,92,#E3DDEB
267,6,92,#E3DDEB
268,6,92,#E3DDEB
269,6,92,#E3DDEB
270,6,92,#E4DDEB
271,6,92,#E4DDEB
272,6,92,#E4DDEB
273,6,92,#E4DDEB
274,6,92,#E5DDEB
275,6,92,#E5DDEB
276,6,92,#E5DDEB
277,6,92,#E5DDEB
278,6,92,#E5DDEB
279,6,92,#E6DDEB
280,6,92,#E6DDEB
281,6,92,#E6DDEB
282,6,92,#E6DDEB
283,6,92,#E7DDEB
284,6,92,#E7DDEB
285,6,92,#E7DDEB
286,6,92,#E7DDEB
287,6,92,#E8DDEB
288,6,92,#E8DDEB
289,6,92,#E8DDEB
290,6,92,#E8DDEB
291,6,92,#E8DDEB
292,6,92,#E9DDEB
293,6,92,#E9DDEB
294,6,92,#E9DDEB
295,6,92,#E9DDEB
296,6,92,#EADDEB
297,6,92,#EADDEB
298,6,92,#EADDEB
299,6,92,#EADDEB
300,6,92,#EBDDEB
301,6,92,#EBDDEA
302,6,92,#EBDDEA
303,6,92,#EBDDEA
304,6,92,#EBDDEA
305,6,92,#EBDDE9
306,6,92,#EBDDE9
307,6,92,#EBDDE9
308,6,92,#EBDDE9
309,6,92,#EBDDE8
310,6,92,#EBDDE8
311,6,92,#EBDDE8
312,6,92,#EBDDE8
313,6,92,#EBDDE8
314,6,92,#EBDDE7
315,6,92,#EBDDE7
316,6,92,#EBDDE7
317,6,92,#EBDDE7
318,6,92,#EBDDE6
319,6,92,#EBDDE6
320,6,92,#EBDDE6
321,6,92,#EBDDE6
322,6,92,#EBDDE5
323,6,92,#EBDDE5
324,6,92,#EBDDE5
325,6,92,#EBDDE5
326,6,92,#EBDDE5
327,6,92,#EBDDE4
328,6,92,#EBDDE4
329,6,92,#EBDDE4
330,6,92,#EBDDE4
331,6,92,#EBDDE3
332,6,92,#EBDDE3
333,6,92,#EBDDE3
334,6,92,#EBDDE3
335,6,92,#EBDDE2
336,6,92,#EBDDE2
337,6,92,#EBDDE2
338,6,92,#EBDDE2
339,6,92,#EBDDE1
340,6,92,#EBDDE1
341,6,92,#EBDDE1
342,6,92,#EBDDE1
343,6,92,#EBDDE1
344,6,92,#EBDDE0
345,6,92,#EBDDE0
346,6,92,#EBDDE0
347,6,92,#EBDDE0
348,6,92,#EBDDDF
349,6,92,#EBDDDF
350,6,92,#EBDDDF
351,6,92,#EBDDDF
352,6,92,#EBDDDE
353,6,92,#EBDDDE
354,6,92,#EBDDDE
355,6,92,#EBDDDE
356,6,92,#EBDDDD
357,6,92,#EBDDDD
358,6,92,#EBDDDD
359,6,92,#EBDDDD
0,5,92,#EBDFDF
1,5,92,#EBDFDF
2,5,92,#EBDFDF
3,5,92,#EBDFDF
4,5,92,#EBE0DF
5,5,92,#EBE0DF
6,5,92,#EBE0DF
7,5,92,#EBE0DF
8,5,92,#EBE0DF
9,5,92,#EBE1DF
10,5,92,#EBE1DF
11,5,92,#EBE1DF
12,5,92,#EBE1DF
13,5,92,#EBE1DF
14,5,92,#EBE2DF
15,5,92,#EBE2DF
16,5,92,#EBE2DF
17,5,92,#EBE2DF
18,5,92,#EBE2DF
19,5,92,#EBE3DF
20,5,92,#EBE3DF
21,5,92,#EBE3DF
22,5,92,#EBE3DF
23,5,92,#EBE3DF
24,5,92,#EBE4DF
25,5,92,#EBE4DF
26,5,92,#EBE4DF
27,5,92,#EBE4DF
28,5,92,#EBE4DF
29,5,92,#EBE5DF
30,5,92,#EBE5DF
31,5,92,#EBE5DF
32,5,92,#EBE5DF
33,5,92,#EBE5DF
34,5,92,#EBE6DF
35,5,92,#EBE6DF
36,5,92,#EBE6DF
37,5,92,#EBE6DF
38,5,92,#EBE6DF
39,5,92,#EBE6DF
40,5,92,#EBE7DF
41,5,92,#EBE7DF
42,5,92,#EBE7DF
43,5,92,#EBE7DF
44,5,92,#EBE7DF
45,5,92,#EBE8DF
46,5,92,#EBE8DF
47,5,92,#EBE8DF
48,5,92,#EBE8DF
49,5,92,#EBE8DF
50,5,92,#EBE9DF
51,5,92,#EBE9DF
52,5,92,#EBE9DF
53,5,92,#EBE9DF
54,5,92,#EBE9DF
55,5,92,#EBEADF
56,5,92,#EBEADF
57,5,92,#EBEADF
58,5,92,#EBEADF
59,5,92,#EBEADF
60,5,92,#EBEBDF
61,5,92,#EAEBDF
62,5,92,#EAEBDF
63,5,92,#EAEBDF
64,5,92,#EAEBDF
65,5,92,#EAEBDF
66,5,92,#E9EBDF
67,5,92,#E9EBDF
68,5,92,#E9EBDF
69,5,92,#E9EBDF
70,5,92,#E9EBDF
71,5,92,#E8EBDF
72,5,92,#E8EBDF
73,5,92,#E8EBDF
74,5,92,#E8EBDF
75,5,92,#E8EBDF
76,5,92,#E7EBDF
77,5,92,#E7EBDF
78,5,92,#E7EBDF
79,5,92,#E7EBDF
80,5,92,#E7EBDF
81,5,92,#E6EBDF
82,5,92,#E6EBDF
83,5,92,#E6EBDF
84,5,92,#E6EBDF
85,5,92,#E6EBDF
86,5,92,#E6EBDF
87,5,92,#E5EBDF
88,5,92,#E5EBDF
89,5,92,#E5EBDF
90,5,92,#E5EBDF
91,5,92,#E5EBDF
92,5,92,#E4EBDF
93,5,92,#E4EBDF
94,5,92,#E4EBDF
95,5,92,#E4EBDF
96,5,92,#E4EBDF
97,5,92,#E3EBDF
98,5,92,#E3EBDF
99,5,92,#E3EBDF
100,5,92,#E3EBDF
101,5,92,#E3EBDF
102,5,92,#E2EBDF
103,5,92,#E2EBDF
104,5,92,#E2EBDF
105,5,92,#E2EBDF
106,5,92,#E2EBDF
107,5,92,#E1EBDF
108,5,92,#E1EBDF
109,5,92,#E1EBDF
110,5,92,#E1EBDF
111,5,92,#E1EBDF
112,5,92,#E0EBDF
113,5,92,#E0EBDF
114,5,92,#E0EBDF
115,5,92,#E0EBDF
116,5,92,#E0EBDF
117,5,92,#DFEBDF
118,5,92,#DFEBDF
119,5,92,#DFEBDF
120,5,92,#DFEBDF
121,5,92,#DFEBDF
122,5,92,#DFEBDF
123,5,92,#DFEBDF
124,5,92,#DFEBE0
125,5,92,#DFEBE0
126,5,92,#DFEBE0
127,5,92,#DFEBE0
128,5,92,#DFEBE0
129,5,92,#DFEBE1
130,5,92,#DFEBE1
131,5,92,#DFEBE1
132,5,92,#DFEBE1
133,5,92,#DFEBE1
134,5,92,#DFEBE2
135,5,92,#DFEBE2
136,5,92,#DFEBE2
137,5,92,#DFEBE2
138,5,92,#DFEBE2
139,5,92,#DFEBE3
140,5,92,#DFEBE3
141,5,92,#DFEBE3
142,5,92,#DFEBE3
143,5,92,#DFEBE3
144,5,92,#DFEBE4
145,5,92,#DFEBE4
146,5,92,#DFEBE4
147,5,92,#DFEBE4
148,5,92,#DFEBE4
149,5,92,#DFEBE5
150,5,92,#DFEBE5
151,5,92,#DFEBE5
152,5,92,#DFEBE5
153,5,92,#DFEBE5
154,5,92,#DFEBE6
155,5,92,#DFEBE6
156,5,92,#DFEBE6
157,5,92,#DFEBE6
158,5,92,#DFEBE6
159,5,92,#DFEBE6
160,5,92,#DFEBE7
161,5,92,#DFEBE7
162,5,92,#DFEBE7
163,5,92,#DFEBE7
164,5,92,#DFEBE7
165,5,92,#DFEBE8
166,5,92,#DFEBE8
167,5,92,#DFEBE8
168,5,92,#DFEBE8
169,5,92,#DFEBE8
170,5,92,#DFEBE9
171,5,92,#DFEBE9
172,5,92,#DFEBE9
173,5,92,#DFEBE9
174,5,92,#DFEBE9
175,5,92,#DFEBEA
176,5,92,#DFEBEA
177,5,92,#DFEBEA
178,5,92,#DFEBEA
179,5,92,#DFEBEA
180,5,92,#DFEBEB
181,5,92,#DFEAEB
182,5,92,#DFEAEB
183,5,92,#DFEAEB
184,5,92,#DFEAEB
185,5,92,#DFEAEB
186,5,92,#DFE9EB
187,5,92,#DFE9EB
188,5,92,#DFE9EB
189,5,92,#DFE9EB
190,5,92,#DFE9EB
191,5,92,#DFE8EB
192,5,92,#DFE8EB
193,5,92,#DFE8EB
194,5,92,#DFE8EB
195,5,92,#DFE8EB
196,5,92,#DFE7EB
197,5,92,#DFE7EB
198,5,92,#DFE7EB
199,5,92,#DFE7EB
200,5,92,#DFE7EB
201,5,92,#DFE6EB
202,5,92,#DFE6EB
203,5,92,#DFE6EB
204,5,92,#DFE6EB
205,5,92,#DFE6EB
206,5,92,#DFE6EB
207,5,92,#DFE5EB
208,5,92,#DFE5EB
209,5,92,#DFE5EB
210,5,92,#DFE5EB
211,5,92,#DFE5EB
212,5,92,#DFE4EB
213,5,92,#DFE4EB
214,5,92,#DFE4EB
215,5,92,#DFE4EB
216,5,92,#DFE4EB
217,5,92,#DFE3EB
218,5,92,#DFE3EB
219,5,92,#DFE3EB
220,5,92,#DFE3EB
221,5,92,#DFE3EB
222,5,92,#DFE2EB
223,5,92,#DFE2EB
224,5,92,#DFE2EB
225,5,92,#DFE2EB
226,5,92,#DFE2EB
227,5,92,#DFE1EB
228,5,92,#DFE1EB
229,5,92,#DFE1EB
230,5,92,#DFE1EB
231,5,92,#DFE1EB
232,5,92,#DFE0EB
233,5,92,#DFE0EB
234,5,92,#DFE0EB
235,5,92,#DFE0EB
236,5,92,#DFE0EB
237,5,92,#DFDFEB
238,5,92,#DFDFEB
239,5,92,#DFDFEB
240,5,92,#DFDFEB
241,5,92,#DFDFEB
242,5,92,#DFDFEB
243,5,92,#DFDFEB
244,5,92,#E0DFEB
245,5,92,#E0DFEB
246,5,92,#E0DFEB
247,5,92,#E0DFEB
248,5,92,#E0DFEB
249,5,92,#E1DFEB
250,5,92,#E1DFEB
251,5,92,#E1DFEB
252,5,92,#E1DFEB
253,5,92,#E1DFEB
254,5,92,#E2DFEB
255,5,92,#E2DFEB
256,5,92,#E2DFEB
257,5,92,#E2DFEB
258,5,92,#E2DFEB
259,5,92,#E3DFEB
260,5,92,#E3DFEB
261,5,92,#E3DFEB
262,5,92,#E3DFEB
263,5,92,#E3DFEB
264,5,92,#E4DFEB
265,5,92,#E4DFEB
266,5,92,#E4DFEB
267,5,92,#E4DFEB
268,5,92,#E4DFEB
269,5,92,#E5DFEB
270,5,92,#E5DFEB
271,5,92,#E5DFEB
272,5,92,#E5DFEB
273,5,92,#E5DFEB
274,5,92,#E6DFEB
275,5,92,#E6DFEB
276,5,92,#E6DFEB
277,5,92,#E6DFEB
278,5,92,#E6DFEB
279,5,92,#E6DFEB
280,5,92,#E7DFEB
281,5,92,#E7DFEB
282,5,92,#E7DFEB
283,5,92,#E7DFEB
284,5,92,#E7DFEB
285,5,92,#E8DFEB
286,5,92,#E8DFEB
287,5,92,#E8DFEB
288,5,92,#E8DFEB
289,5,92,#E8DFEB
290,5,92,#E9DFEB
291,5,92,#E9DFEB
292,5,92,#E9DFEB
293,5,92,#E9DFEB
294,5,92,#E9DFEB
295,5,92,#EADFEB
296,5,92,#EADFEB
297,5,92,#EADFEB
298,5,92,#EADFEB
299,5,92,#EADFEB
300,5,92,#EBDFEB
301,5,92,#EBDFEA
302,5,92,#EBDFEA
303,5,92,#EBDFEA
304,5,92,#EBDFEA
305,5,92,#EBDFEA
306,5,92,#EBDFE9
307,5,92,#EBDFE9
308,5,92,#EBDFE9
309,5,92,#EBDFE9
310,5,92,#EBDFE9
311,5,92,#EBDFE8
312,5,92,#EBDFE8
313,5,92,#EBDFE8
314,5,92,#EBDFE8
315,5,92,#EBDFE8
316,5,92,#EBDFE7
317,5,92,#EBDFE7
318,5,92,#EBDFE7
319,5,92,#EBDFE7
320,5,92,#EBDFE7
321,5,92,#EBDFE6
322,5,92,#EBDFE6
323,5,92,#EBDFE6
324,5,92,#EBDFE6
325,5,92,#EBDFE6
326,5,92,#EBDFE6
327,5,92,#EBDFE5
328,5,92,#EBDFE5
329,5,92,#EBDFE5
330,5,92,#EBDFE5
331,5,92,#EBDFE5
332,5,92,#EBDFE4
333,5,92,#EBDFE4
334,5,92,#EBDFE4
335,5,92,#EBDFE4
336,5,92,#EBDFE4
337,5,92,#EBDFE3
338,5,92,#EBDFE3
339,5,92,#EBDFE3
340,5,92,#EBDFE3
341,5,92,#EBDFE3
342,5,92,#EBDFE2
343,5,92,#EBDFE2
344,5,92,#EBDFE2
345,5,92,#EBDFE2
346,5,92,#EBDFE2
347,5,92,#EBDFE1
348,5,92,#EBDFE1
349,5,92,#EBDFE1
350,5,92,#EBDFE1
351,5,92,#EBDFE1
352,5,92,#EBDFE0
353,5,92,#EBDFE0
354,5,92,#EBDFE0
355,5,92,#EBDFE0
356,5,92,#EBDFE0
357,5,92,#EBDFDF
358,5,92,#EBDFDF
359,5,92,#EBDFDF
0,4,92,#EBE1E1
1,4,92,#EBE1E1
2,4,92,#EBE2E1
3,4,92,#EBE2E1
4,4,92,#EBE2E1
5,4,92,#EBE2E1
6,4,92,#EBE2E1
7,4,92,#EBE2E1
8,4,92,#EBE2E1
9,4,92,#EBE3E1
10,4,92,#EBE3E1
11,4,92,#EBE3E1
12,4,92,#EBE3E1
13,4,92,#EBE3E1
14,4,92,#EBE3E1
15,4,92,#EBE4E1
16,4,92,#EBE4E1
17,4,92,#EBE4E1
18,4,92,#EBE4E1
19,4,92,#EBE4E1
20,4,92,#EBE4E1
21,4,92,#EBE5E1
22,4,92,#EBE5E1
23,4,92,#EBE5E1
24,4,92,#EBE5E1
25,4,92,#EBE5E1
26,4,92,#EBE5E1
27,4,92,#EBE5E1
28,4,92,#EBE6E1
29,4,92,#EBE6E1
30,4,92,#EBE6E1
31,4,92,#EBE6E1
32,4,92,#EBE6E1
33,4,92,#EBE6E1
34,4,92,#EBE7E1
35,4,92,#EBE7E1
36,4,92,#EBE7E1
37,4,92,#EBE7E1
38,4,92,#EBE7E1
39,4,92,#EBE7E1
40,4,92,#EBE7E1
41,4,92,#EBE8E1
42,4,92,#EBE8E1
43,4,92,#EBE8E1
44,4,92,#EBE8E1
45,4,92,#EBE8E1
46,4,92,#EBE8E1
47,4,92,#EBE9E1
48,4,92,#EBE9E1
49,4,92,#EBE9E1
50,4,92,#EBE9E1
51,4,92,#EBE9E1
52,4,92,#EBE9E1
53,4,92,#EBEAE1
54,4,92,#EBEAE1
55,4,92,#EBEAE1
56,4,92,#EBEAE1
57,4,92,#EBEAE1
58,4,92,#EBEAE1
59,4,92,#EBEAE1
60,4,92,#EBEBE1
61,4,92,#EAEBE1
62,4,92,#EAEBE1
63,4,92,#EAEBE1
64,4,92,#EAEBE1
65,4,92,#EAEBE1
66,4,92,#EAEBE1
67,4,92,#EAEBE1
68,4,92,#E9EBE1
69,4,92,#E9EBE1
70,4,92,#E9EBE1
71,4,92,#E9EBE1
72,4,92,#E9EBE1
73,4,92,#E9EBE1
74,4,92,#E8EBE1
75,4,92,#E8EBE1
76,4,92,#E8EBE1
77,4,92,#E8EBE1
78,4,92,#E8EBE1
79,4,92,#E8EBE1
80,4,92,#E7EBE1
81,4,92,#E7EBE1
82,4,92,#E7EBE1
83,4,92,#E7EBE1
84,4,92,#E7EBE1
85,4,92,#E7EBE1
86,4,92,#E7EBE1
87,4,92,#E6EBE1
88,4,92,#E6EBE1
89,4,92,#E6EBE1
90,4,92,#E6EBE1
91,4,92,#E6EBE1
92,4,92,#E6EBE1
93,4,92,#E5EBE1
94,4,92,#E5EBE1
95,4,92,#E5EBE1
96,4,92,#E5EBE1
97,4,92,#E5EBE1
98,4,92,#E5EBE1
99,4,92,#E5EBE1
100,4,92,#E4EBE1
101,4,92,#E4EBE1
102,4,92,#E4EBE1
103,4,92,#E4EBE1
104,4,92,#E4EBE1
105,4,92,#E4EBE1
106,4,92,#E3EBE1
107,4,92,#E3EBE1
108,4,92,#E3EBE1
109,4,92,#E3EBE1
110,4,92,#E3EBE1
111,4,92,#E3EBE1
112,4,92,#E2EBE1
113,4,92,#E2EBE1
114,4,92,#E2EBE1
115,4,92,#E2EBE1
116,4,92,#E2EBE1
117,4,92,#E2EBE1
118,4,92,#E2EBE1
119,4,92,#E1EBE1
120,4,92,#E1EBE1
121,4,92,#E1EBE1
122,4,92,#E1EBE2
123,4,92,#E1EBE2
124,4,92,#E1EBE2
125,4,92,#E1EBE2
126,4,92,#E1EBE2
127,4,92,#E1EBE2
128,4,92,#E1EBE2
129,4,92,#E1EBE3
130,4,92,#E1EBE3
131,4,92,#E1EBE3
132,4,92,#E1EBE3
133,4,92,#E1EBE3
134,4,92,#E1EBE3
135,4,92,#E1EBE4
136,4,92,#E1EBE4
137,4,92,#E1EBE4
138,4,92,#E1EBE4
139,4,92,#E1EBE4
140,4,92,#E1EBE4
141,4,92,#E1EBE5
142,4,92,#E1EBE5
143,4,92,#E1EBE5
144,4,92,#E1EBE5
145,4,92,#E1EBE5
146,4,92,#E1EBE5
147,4,92,#E1EBE5
148,4,92,#E1EBE6
149,4,92,#E1EBE6
150,4,92,#E1EBE6
151,4,92,#E1EBE6
152,4,92,#E1EBE6
153,4,92,#E1EBE6
154,4,92,#E1EBE7
155,4,92,#E1EBE7
156,4,92,#E1EBE7
157,4,92,#E1EBE7
158,4,92,#E1EBE7
159,4,92,#E1EBE7
160,4,92,#E1EBE7
161,4,92,#E1EBE8
162,4,92,#E1EBE8
163,4,92,#E1EBE8
164,4,92,#E1EBE8
165,4,92,#E1EBE8
166,4,92,#E1EBE8
167,4,92,#E1EBE9
168,4,92,#E1EBE9
169,4,92,#E1EBE9
170,4,92,#E1EBE9
171,4,92,#E1EBE9
172,4,92,#E1EBE9
173,4,92,#E1EBEA
174,4,92,#E1EBEA
175,4,92,#E1EBEA
176,4,92,#E1EBEA
177,4,92,#E1EBEA
178,4,92,#E1EBEA
179,4,92,#E1EBEA
180,4,92,#E1EBEB
181,4,92,#E1EAEB
182,4,92,#E1EAEB
183,4,92,#E1EAEB
184,4,92,#E1EAEB
185,4,92,#E1EAEB
186,4,92,#E1EAEB
187,4,92,#E1EAEB
188,4,92,#E1E9EB
189,4,92,#E1E9EB
190,4,92,#E1E9EB
191,4,92,#E1E9EB
192,4,92,#E1E9EB
193,4,92,#E1E9EB
194,4,92,#E1E8EB
195,4,92,#E1E8EB
196,4,92,#E1E8EB
197,4,92,#E1E8EB
198,4,92,#E1E8EB
199,4,92,#E1E8EB
200,4,92,#E1E7EB
201,4,92,#E1E7EB
202,4,92,#E1E7EB
203,4,92,#E1E7EB
204,4,92,#E1E7EB
205,4,92,#E1E7EB
206,4,92,#E1E7EB
207,4,92,#E1E6EB
208,4,92,#E1E6EB
209,4,92,#E1E6EB
210,4,92,#E1E6EB
211,4,92,#E1E6EB
212,4,92,#E1E6EB
213,4,92,#E1E5EB
214,4,92,#E1E5EB
215,4,92,#E1E5EB
216,4,92,#E1E5EB
217,4,92,#E1E5EB
218,4,92,#E1E5EB
219,4,92,#E1E5EB
220,4,92,#E1E4EB
221,4,92,#E1E4EB
222,4,92,#E1E4EB
223,4,92,#E1E4EB
224,4,92,#E1E4EB
225,4,92,#E1E4EB
226,4,92,#E1E3EB
227,4,92,#E1E3EB
228,4,92,#E1E3EB
229,4,92,#E1E3EB
230,4,92,#E1E3EB
231,4,92,#E1E3EB
232,4,92,#E1E2EB
233,4,92,#E1E2EB
234,4,92,#E1E2EB
235,4,92,#E1E2EB
236,4,92,#E1E2EB
237,4,92,#E1E2EB
238,4,92,#E1E2EB
239,4,92,#E1E1EB
240,4,92,#E1E1EB
241,4,92,#E1E1EB
242,4,92,#E2E1EB
243,4,92,#E2E1EB
244,4,92,#E2E1EB
245,4,92,#E2E1EB
246,4,92,#E2E1EB
247,4,92,#E2E1EB
248,4,92,#E2E1EB
249,4,92,#E3E1EB
250,4,92,#E3E1EB
251,4,92,#E3E1EB
252,4,92,#E3E1EB
253,4,92,#E3E1EB
254,4,92,#E3E1EB
255,4,92,#E4E1EB
256,4,92,#E4E1EB
257,4,92,#E4E1EB
258,4,92,#E4E1EB
259,4,92,#E4E1EB
260,4,92,#E4E1EB
261,4,92,#E5E1EB
262,4,92,#E5E1EB
263,4,92,#E5E1EB
264,4,92,#E5E1EB
265,4,92,#E5E1EB
266,4,92,#E5E1EB
267,4,92,#E5E1EB
268,4,92,#E6E1EB
269,4,92,#E6E1EB
270,4,92,#E6E1EB
271,4,92,#E6E1EB
272,4,92,#E6E1EB
273,4,92,#E6E1EB
274,4,92,#E7E1EB
275,4,92,#E7E1EB
276,4,92,#E7E1EB
277,4,92,#E7E1EB
278,4,92,#E7E1EB
279,4,92,#E7E1EB
280,4,92,#E7E1EB
281,4,92,#E8E1EB
282,4,92,#E8E1EB
283,4,92,#E8E1EB
284,4,92,#E8E1EB
285,4,92,#E8E1EB
286,4,92,#E8E1EB
287,4,92,#E9E1EB
288,4,92,#E9E1EB
289,4,92,#E9E1EB
290,4,92,#E9E1EB
291,4,92,#E9E1EB
292,4,92,#E9E1EB
293,4,92,#EAE1EB
294,4,92,#EAE1EB
295,4,92,#EAE1EB
296,4,92,#EAE1EB
297,4,92,#EAE1EB
298,4,92,#EAE1EB
299,4,92,#EAE1EB
300,4,92,#EBE1EB
301,4,92,#EBE1EA
302,4,92,#EBE1EA
303,4,92,#EBE1EA
304,4,92,#EBE1EA
305,4,92,#EBE1EA
306,4,92,#EBE1EA
307,4,92,#EBE1EA
308,4,92,#EBE1E9
309,4,92,#EBE1E9
310,4,92,#EBE1E9
311,4,92,#EBE1E9
312,4,92,#EBE1E9
313,4,92,#EBE1E9
314,4,92,#EBE1E8
315,4,92,#EBE1E8
316,4,92,#EBE1E8
317,4,92,#EBE1E8
318,4,92,#EBE1E8
319,4,92,#EBE1E8
320,4,92,#EBE1E7
321,4,92,#EBE1E7
322,4,92,#EBE1E7
323,4,92,#EBE1E7
324,4,92,#EBE1E7
325,4,92,#EBE1E7
326,4,92,#EBE1E7
327,4,92,#EBE1E6
328,4,92,#EBE1E6
329,4,92,#EBE1E6
330,4,92,#EBE1E6
331,4,92,#EBE1E6
332,4,92,#EBE1E6
333,4,92,#EBE1E5
334,4,92,#EBE1E5
335,4,92,#EBE1E5
336,4,92,#EBE1E5
337,4,92,#EBE1E5
338,4,92,#EBE1E5
339,4,92,#EBE1E5
340,4,92,#EBE1E4
341,4,92,#EBE1E4
342,4,92,#EBE1E4
343,4,92,#EBE1E4
344,4,92,#EBE1E4
345,4,92,#EBE1E4
346,4,92,#EBE1E3
347,4,92,#EBE1E3
348,4,92,#EBE1E3
349,4,92,#EBE1E3
350,4,92,#EBE1E3
351,4,92,#EBE1E3
352,4,92,#EBE1E2
353,4,92,#EBE1E2
354,4,92,#EBE1E2
355,4,92,#EBE1E2
356,4,92,#EBE1E2
357,4,92,#EBE1E2
358,4,92,#EBE1E2
359,4,92,#EBE1E1
0,3,92,#EBE4E4
1,3,92,#EBE4E4
2,3,92,#EBE4E4
3,3,92,#EBE4E4
4,3,92,#EBE4E4
5,3,92,#EBE4E4
6,3,92,#EBE4E4
7,3,92,#EBE4E4
8,3,92,#EBE5E4
9,3,92,#EBE5E4
10,3,92,#EBE5E4
11,3,92,#EBE5E4
12,3,92,#EBE5E4
13,3,92,#EBE5E4
14,3,92,#EBE5E4
15,3,92,#EBE5E4
16,3,92,#EBE5E4
17,3,92,#EBE6E4
18,3,92,#EBE6E4
19,3,92,#EBE6E4
20,3,92,#EBE6E4
21,3,92,#EBE6E4
22,3,92,#EBE6E4
23,3,92,#EBE6E4
24,3,92,#EBE6E4
25,3,92,#EBE6E4
26,3,92,#EBE7E4
27,3,92,#EBE7E4
28,3,92,#EBE7E4
29,3,92,#EBE7E4
30,3,92,#EBE7E4
31,3,92,#EBE7E4
32,3,92,#EBE7E4
33,3,92,#EBE7E4
34,3,92,#EBE8E4
35,3,92,#EBE8E4
36,3,92,#EBE8E4
37,3,92,#EBE8E4
38,3,92,#EBE8E4
39,3,92,#EBE8E4
40,3,92,#EBE8E4
41,3,92,#EBE8E4
42,3,92,#EBE8E4
43,3,92,#EBE9E4
44,3,92,#EBE9E4
45,3,92,#EBE9E4
46,3,92,#EBE9E4
47,3,92,#EBE9E4
48,3,92,#EBE9E4
49,3,92,#EBE9E4
50,3,92,#EBE9E4
51,3,92,#EBEAE4
52,3,92,#EBEAE4
53,3,92,#EBEAE4
54,3,92,#EBEAE4
55,3,92,#EBEAE4
56,3,92,#EBEAE4
57,3,92,#EBEAE4
58,3,92,#EBEAE4
59,3,92,#EBEAE4
60,3,92,#EBEBE4
61,3,92,#EAEBE4
62,3,92,#EAEBE4
63,3,92,#EAEBE4
64,3,92,#EAEBE4
65,3,92,#EAEBE4
66,3,92,#EAEBE4
67,3,92,#EAEBE4
68,3,92,#EAEBE4
69,3,92,#EAEBE4
70,3,92,#E9EBE4
71,3,92,#E9EBE4
72,3,92,#E9EBE4
73,3,92,#E9EBE4
74,3,92,#E9EBE4
75,3,92,#E9EBE4
76,3,92,#E9EBE4
77,3,92,#E9EBE4
78,3,92,#E8EBE4
79,3,92,#E8EBE4
80,3,92,#E8EBE4
81,3,92,#E8EBE4
82,3,92,#E8EBE4
83,3,92,#E8EBE4
84,3,92,#E8EBE4
85,3,92,#E8EBE4
86,3,92,#E8EBE4
87,3,92,#E7EBE4
88,3,92,#E7EBE4
89,3,92,#E7EBE4
90,3,92,#E7EBE4
91,3,92,#E7EBE4
92,3,92,#E7EBE4
93,3,92,#E7EBE4
94,3,92,#E7EBE4
95,3,92,#E6EBE4
96,3,92,#E6EBE4
97,3,92,#E6EBE4
98,3,92,#E6EBE4
99,3,92,#E6EBE4
100,3,92,#E6EBE4
101,3,92,#E6EBE4
102,3,92,#E6EBE4
103,3,92,#E6EBE4
104,3,92,#E5EBE4
105,3,92,#E5EBE4
106,3,92,#E5EBE4
107,3,92,#E5EBE4
108,3,92,#E5EBE4
109,3,92,#E5EBE4
110,3,92,#E5EBE4
111,3,92,#E5EBE4
112,3,92,#E5EBE4
113,3,92,#E4EBE4
114,3,92,#E4EBE4
115,3,92,#E4EBE4
116,3,92,#E4EBE4
117,3,92,#E4EBE4
118,3,92,#E4EBE4
119,3,92,#E4EBE4
120,3,92,#E4EBE4
121,3,92,#E4EBE4
122,3,92,#E4EBE4
123,3,92,#E4EBE4
124,3,92,#E4EBE4
125,3,92,#E4EBE4
126,3,92,#E4EBE4
127,3,92,#E4EBE4
128,3,92,#E4EBE5
129,3,92,#E4EBE5
130,3,92,#E4EBE5
131,3,92,#E4EBE5
132,3,92,#E4EBE5
133,3,92,#E4EBE5
134,3,92,#E4EBE5
135,3,92,#E4EBE5
136,3,92,#E4EBE5
137,3,92,#E4EBE6
138,3,92,#E4EBE6
139,3,92,#E4EBE6
140,3,92,#E4EBE6
141,3,92,#E4EBE6
142,3,92,#E4EBE6
143,3,92,#E4EBE6
144,3,92,#E4EBE6
145,3,92,#E4EBE6
146,3,92,#E4EBE7
147,3,92,#E4EBE7
148,3,92,#E4EBE7
149,3,92,#E4EBE7
150,3,92,#E4EBE7
151,3,92,#E4EBE7
152,3,92,#E4EBE7
153,3,92,#E4EBE7
154,3,92,#E4EBE8
155,3,92,#E4EBE8
156,3,92,#E4EBE8
157,3,92,#E4EBE8
158,3,92,#E4EBE8
159,3,92,#E4EBE8
160,3,92,#E4EBE8
161,3,92,#E4EBE8
162,3,92,#E4EBE8
163,3,92,#E4EBE9
164,3,92,#E4EBE9
165,3,92,#E4EBE9
166,3,92,#E4EBE9
167,3,92,#E4EBE9
168,3,92,#E4EBE9
169,3,92,#E4EBE9
170,3,92,#E4EBE9
171,3,92,#E4EBEA
172,3,92,#E4EBEA
173,3,92,#E4EBEA
174,3,92,#E4EBEA
175,3,92,#E4EBEA
176,3,92,#E4EBEA
177,3,92,#E4EBEA
178,3,92,#E4EBEA
179,3,92,#E4EBEA
180,3,92,#E4EBEB
181,3,92,#E4EAEB
182,3,92,#E4EAEB
183,3,92,#E4EAEB
184,3,92,#E4EAEB
185,3,92,#E4EAEB
186,3,92,#E4EAEB
187,3,92,#E4EAEB
188,3,92,#E4EAEB
189,3,92,#E4EAEB
190,3,92,#E4E9EB
191,3,92,#E4E9EB
192,3,92,#E4E9EB
193,3,92,#E4E9EB
194,3,92,#E4E9EB
195,3,92,#E4E9EB
196,3,92,#E4E9EB
197,3,92,#E4E9EB
198,3,92,#E4E8EB
199,3,92,#E4E8EB
200,3,92,#E4E8EB
201,3,92,#E4E8EB
202,3,92,#E4E8EB
203,3,92,#E4E8EB
204,3,92,#E4E8EB
205,3,92,#E4E8EB
206,3,92,#E4E8EB
207,3,92,#E4E7EB
208,3,92,#E4E7EB
209,3,92,#E4E7EB
210,3,92,#E4E7EB
211,3,92,#E4E7EB
212,3,92,#E4E7EB
213,3,92,#E4E7EB
214,3,92,#E4E7EB
215,3,92,#E4E6EB
216,3,92,#E4E6EB
217,3,92,#E4E6EB
218,3,92,#E4E6EB
219,3,92,#E4E6EB
220,3,92,#E4E6EB
221,3,92,#E4E6EB
222,3,92,#E4E6EB
223,3,92,#E4E6EB
224,3,92,#E4E5EB
225,3,92,#E4E5EB
226,3,92,#E4E5EB
227,3,92,#E4E5EB
228,3,92,#E4E5EB
229,3,92,#E4E5EB
230,3,92,#E4E5EB
231,3,92,#E4E5EB
232,3,92,#E4E5EB
233,3,92,#E4E4EB
234,3,92,#E4E4EB
235,3,92,#E4E4EB
236,3,92,#E4E4EB
237,3,92,#E4E4EB
238,3,92,#E4E4EB
239,3,92,#E4E4EB
240,3,92,#E4E4EB
241,3,92,#E4E4EB
242,3,92,#E4E4EB
243,3,92,#E4E4EB
244,3,92,#E4E4EB
245,3,92,#E4E4EB
246,3,92,#E4E4EB
247,3,92,#E4E4EB
248,3,92,#E5E4EB
249,3,92,#E5E4EB
250,3,92,#E5E4EB
251,3,92,#E5E4EB
252,3,92,#E5E4EB
253,3,92,#E5E4EB
254,3,92,#E5E4EB
255,3,92,#E5E4EB
256,3,92,#E5E4EB
257,3,92,#E6E4EB
258,3,92,#E6E4EB
259,3,92,#E6E4EB
260,3,92,#E6E4EB
261,3,92,#E6E4EB
262,3,92,#E6E4EB
263,3,92,#E6E4EB
264,3,92,#E6E4EB
265,3,92,#E6E4EB
266,3,92,#E7E4EB
267,3,92,#E7E4EB
268,3,92,#E7E4EB
269,3,92,#E7E4EB
270,3,92,#E7E4EB
271,3,92,#E7E4EB
272,3,92,#E7E4EB
273,3,92,#E7E4EB
274,3,92,#E8E4EB
275,3,92,#E8E4EB
276,3,92,#E8E4EB
277,3,92,#E8E4EB
278,3,92,#E8E4EB
279,3,92,#E8E4EB
280,3,92,#E8E4EB
281,3,92,#E8E4EB
282,3,92,#E8E4EB
283,3,92,#E9E4EB
284,3,92,#E9E4EB
285,3,92,#E9E4EB
286,3,92,#E9E4EB
287,3,92,#E9E4EB
288,3,92,#E9E4EB
289,3,92,#E9E4EB
290,3,92,#E9E4EB
291,3,92,#EAE4EB
292,3,92,#EAE4EB
293,3,92,#EAE4EB
294,3,92,#EAE4EB
295,3,92,#EAE4EB
296,3,92,#EAE4EB
297,3,92,#EAE4EB
298,3,92,#EAE4EB
299,3,92,#EAE4EB
300,3,92,#EBE4EB
301,3,92,#EBE4EA
302,3,92,#EBE4EA
303,3,92,#EBE4EA
304,3,92,#EBE4EA
305,3,92,#EBE4EA
306,3,92,#EBE4EA
307,3,92,#EBE4EA
308,3,92,#EBE4EA
309,3,92,#EBE4EA
310,3,92,#EBE4E9
311,3,92,#EBE4E9
312,3,92,#EBE4E9
313,3,92,#EBE4E9
314,3,92,#EBE4E9
315,3,92,#EBE4E9
316,3,92,#EBE4E9
317,3,92,#EBE4E9
318,3,92,#EBE4E8
319,3,92,#EBE4E8
320,3,92,#EBE4E8
321,3,92,#EBE4E8
322,3,92,#EBE4E8
323,3,92,#EBE4E8
324,3,92,#EBE4E8
325,3,92,#EBE4E8
326,3,92,#EBE4E8
327,3,92,#EBE4E7
328,3,92,#EBE4E7
329,3,92,#EBE4E7
330,3,92,#EBE4E7
331,3,92,#EBE4E7
332,3,92,#EBE4E7
333,3,92,#EBE4E7
334,3,92,#EBE4E7
335,3,92,#EBE4E6
336,3,92,#EBE4E6
337,3,92,#EBE4E6
338,3,92,#EBE4E6
339,3,92,#EBE4E6
340,3,92,#EBE4E6
341,3,92,#EBE4E6
342,3,92,#EBE4E6
343,3,92,#EBE4E6
344,3,92,#EBE4E5
345,3,92,#EBE4E5
346,3,92,#EBE4E5
347,3,92,#EBE4E5
348,3,92,#EBE4E5
349,3,92,#EBE4E5
350,3,92,#EBE4E5
351,3,92,#EBE4E5
352,3,92,#EBE4E5
353,3,92,#EBE4E4
354,3,92,#EBE4E4
355,3,92,#EBE4E4
356,3,92,#EBE4E4
357,3,92,#EBE4E4
358,3,92,#EBE4E4
359,3,92,#EBE4E4
0,2,92,#EBE6E6
1,2,92,#EBE6E6
2,2,92,#EBE6E6
3,2,92,#EBE6E6
4,2,92,#EBE6E6
5,2,92,#EBE6E6
6,2,92,#EBE6E6
7,2,92,#EBE6E6
8,2,92,#EBE7E6
9,2,92,#EBE7E6
10,2,92,#EBE7E6
11,2,92,#EBE7E6
12,2,92,#EBE7E6
13,2,92,#EBE7E6
14,2,92,#EBE7E6
15,2,92,#EBE7E6
16,2,92,#EBE7E6
17,2,92,#EBE7E6
18,2,92,#EBE7E6
19,2,92,#EBE7E6
20,2,92,#EBE7E6
21,2,92,#EBE8E6
22,2,92,#EBE8E6
23,2,92,#EBE8E6
24,2,92,#EBE8E6
25,2,92,#EBE8E6
26,2,92,#EBE8E6
27,2,92,#EBE8E6
28,2,92,#EBE8E6
29,2,92,#EBE8E6
30,2,92,#EBE8E6
31,2,92,#EBE8E6
32,2,92,#EBE8E6
33,2,92,#EBE8E6
34,2,92,#EBE9E6
35,2,92,#EBE9E6
36,2,92,#EBE9E6
37,2,92,#EBE9E6
38,2,92,#EBE9E6
39,2,92,#EBE9E6
40,2,92,#EBE9E6
41,2,92,#EBE9E6
42,2,92,#EBE9E6
43,2,92,#EBE9E6
44,2,92,#EBE9E6
45,2,92,#EBE9E6
46,2,92,#EBEAE6
47,2,92,#EBEAE6
48,2,92,#EBEAE6
49,2,92,#EBEAE6
50,2,92,#EBEAE6
51,2,92,#EBEAE6
52,2,92,#EBEAE6
53,2,92,#EBEAE6
54,2,92,#EBEAE6
55,2,92,#EBEAE6
56,2,92,#EBEAE6
57,2,92,#EBEAE6
58,2,92,#EBEAE6
59,2,92,#EBEBE6
60,2,92,#EBEBE6
61,2,92,#EBEBE6
62,2,92,#EAEBE6
63,2,92,#EAEBE6
64,2,92,#EAEBE6
65,2,92,#EAEBE6
66,2,92,#EAEBE6
67,2,92,#EAEBE6
68,2,92,#EAEBE6
69,2,92,#EAEBE6
70,2,92,#EAEBE6
71,2,92,#EAEBE6
72,2,92,#EAEBE6
73,2,92,#EAEBE6
74,2,92,#EAEBE6
75,2,92,#E9EBE6
76,2,92,#E9EBE6
77,2,92,#E9EBE6
78,2,92,#E9EBE6
79,2,92,#E9EBE6
80,2,92,#E9EBE6
81,2,92,#E9EBE6
82,2,92,#E9EBE6
83,2,92,#E9EBE6
84,2,92,#E9EBE6
85,2,92,#E9EBE6
86,2,92,#E9EBE6
87,2,92,#E8EBE6
88,2,92,#E8EBE6
89,2,92,#E8EBE6
90,2,92,#E8EBE6
91,2,92,#E8EBE6
92,2,92,#E8EBE6
93,2,92,#E8EBE6
94,2,92,#E8EBE6
95,2,92,#E8EBE6
96,2,92,#E8EBE6
97,2,92,#E8EBE6
98,2,92,#E8EBE6
99,2,92,#E8EBE6
100,2,92,#E7EBE6
101,2,92,#E7EBE6
102,2,92,#E7EBE6
103,2,92,#E7EBE6
104,2,92,#E7EBE6
105,2,92,#E7EBE6
106,2,92,#E7EBE6
107,2,92,#E7EBE6
108,2,92,#E7EBE6
109,2,92,#E7EBE6
110,2,92,#E7EBE6
111,2,92,#E7EBE6
112,2,92,#E7EBE6
113,2,92,#E6EBE6
114,2,92,#E6EBE6
115,2,92,#E6EBE6
116,2,92,#E6EBE6
117,2,92,#E6EBE6
118,2,92,#E6EBE6
119,2,92,#E6EBE6
120,2,92,#E6EBE6
121,2,92,#E6EBE6
122,2,92,#E6EBE6
123,2,92,#E6EBE6
124,2,92,#E6EBE6
125,2,92,#E6EBE6
126,2,92,#E6EBE6
127,2,92,#E6EBE6
128,2,92,#E6EBE7
129,2,92,#E6EBE7
130,2,92,#E6EBE7
131,2,92,#E6EBE7
132,2,92,#E6EBE7
133,2,92,#E6EBE7
134,2,92,#E6EBE7
135,2,92,#E6EBE7
136,2,92,#E6EBE7
137,2,92,#E6EBE7
138,2,92,#E6EBE7
139,2,92,#E6EBE7
140,2,92,#E6EBE7
141,2,92,#E6EBE8
142,2,92,#E6EBE8
143,2,92,#E6EBE8
144,2,92,#E6EBE8
145,2,92,#E6EBE8
146,2,92,#E6EBE8
147,2,92,#E6EBE8
148,2,92,#E6EBE8
149,2,92,#E6EBE8
150,2,92,#E6EBE8
151,2,92,#E6EBE8
152,2,92,#E6EBE8
153,2,92,#E6EBE8
154,2,92,#E6EBE9
155,2,92,#E6EBE9
156,2,92,#E6EBE9
157,2,92,#E6EBE9
158,2,92,#E6EBE9
159,2,92,#E6EBE9
160,2,92,#E6EBE9
161,2,92,#E6EBE9
162,2,92,#E6EBE9
163,2,92,#E6EBE9
164,2,92,#E6EBE9
165,2,92,#E6EBE9
166,2,92,#E6EBEA
167,2,92,#E6EBEA
168,2,92,#E6EBEA
169,2,92,#E6EBEA
170,2,92,#E6EBEA
171,2,92,#E6EBEA
172,2,92,#E6EBEA
173,2,92,#E6EBEA
174,2,92,#E6EBEA
175,2,92,#E6EBEA
176,2,92,#E6EBEA
177,2,92,#E6EBEA
178,2,92,#E6EBEA
179,2,92,#E6EBEB
180,2,92,#E6EBEB
181,2,92,#E6EBEB
182,2,92,#E6EAEB
183,2,92,#E6EAEB
184,2,92,#E6EAEB
185,2,92,#E6EAEB
186,2,92,#E6EAEB
187,2,92,#E6EAEB
188,2,92,#E6EAEB
189,2,92,#E6EAEB
190,2,92,#E6EAEB
191,2,92,#E6EAEB
192,2,92,#E6EAEB
193,2,92,#E6EAEB
194,2,92,#E6EAEB
195,2,92,#E6E9EB
196,2,92,#E6E9EB
197,2,92,#E6E9EB
198,2,92,#E6E9EB
199,2,92,#E6E9EB
200,2,92,#E6E9EB
201,2,92,#E6E9EB
202,2,92,#E6E9EB
203,2,92,#E6E9EB
204,2,92,#E6E9EB
205,2,92,#E6E9EB
206,2,92,#E6E9EB
207,2,92,#E6E8EB
208,2,92,#E6E8EB
209,2,92,#E6E8EB
210,2,92,#E6E8EB
211,2,92,#E6E8EB
212,2,92,#E6E8EB
213,2,92,#E6E8EB
214,2,92,#E6E8EB
215,2,92,#E6E8EB
216,2,92,#E6E8EB
217,2,92,#E6E8EB
218,2,92,#E6E8EB
219,2,92,#E6E8EB
220,2,92,#E6E7EB
221,2,92,#E6E7EB
222,2,92,#E6E7EB
223,2,92,#E6E7EB
224,2,92,#E6E7EB
225,2,92,#E6E7EB
226,2,92,#E6E7EB
227,2,92,#E6E7EB
228,2,92,#E6E7EB
229,2,92,#E6E7EB
230,2,92,#E6E7EB
231,2,92,#E6E7EB
232,2,92,#E6E7EB
233,2,92,#E6E6EB
234,2,92,#E6E6EB
235,2,92,#E6E6EB
236,2,92,#E6E6EB
237,2,92,#E6E6EB
238,2,92,#E6E6EB
239,2,92,#E6E6EB
240,2,92,#E6E6EB
241,2,92,#E6E6EB
242,2,92,#E6E6EB
243,2,92,#E6E6EB
244,2,92,#E6E6EB
245,2,92,#E6E6EB
246,2,92,#E6E6EB
247,2,92,#E6E6EB
248,2,92,#E7E6EB
249,2,92,#E7E6EB
250,2,92,#E7E6EB
251,2,92,#E7E6EB
252,2,92,#E7E6EB
253,2,92,#E7E6EB
254,2,92,#E7E6EB
255,2,92,#E7E6EB
256,2,92,#E7E6EB
257,2,92,#E7E6EB
258,2,92,#E7E6EB
259,2,92,#E7E6EB
260,2,92,#E7E6EB
261,2,92,#E8E6EB
262,2,92,#E8E6EB
263,2,92,#E8E6EB
264,2,92,#E8E6EB
265,2,92,#E8E6EB
266,2,92,#E8E6EB
267,2,92,#E8E6EB
268,2,92,#E8E6EB
269,2,92,#E8E6EB
270,2,92,#E8E6EB
271,2,92,#E8E6EB
272,2,92,#E8E6EB
273,2,92,#E8E6EB
274,2,92,#E9E6EB
275,2,92,#E9E6EB
276,2,92,#E9E6EB
277,2,92,#E9E6EB
278,2,92,#E9E6EB
279,2,92,#E9E6EB
280,2,92,#E9E6EB
281,2,92,#E9E6EB
282,2,92,#E9E6EB
283,2,92,#E9E6EB
284,2,92,#E9E6EB
285,2,92,#E9E6EB
286,2,92,#EAE6EB
287,2,92,#EAE6EB
288,2,92,#EAE6EB
289,2,92,#EAE6EB
290,2,92,#EAE6EB
291,2,92,#EAE6EB
292,2,92,#EAE6EB
293,2,92,#EAE6EB
294,2,92,#EAE6EB
295,2,92,#EAE6EB
296,2,92,#EAE6EB
297,2,92,#EAE6EB
298,2,92,#EAE6EB
299,2,92,#EBE6EB
300,2,92,#EBE6EB
301,2,92,#EBE6EB
302,2,92,#EBE6EA
303,2,92,#EBE6EA
304,2,92,#EBE6EA
305,2,92,#EBE6EA
306,2,92,#EBE6EA
307,2,92,#EBE6EA
308,2,92,#EBE6EA
309,2,92,#EBE6EA
310,2,92,#EBE6EA
311,2,92,#EBE6EA
312,2,92,#EBE6EA
313,2,92,#EBE6EA
314,2,92,#EBE6EA
315,2,92,#EBE6E9
316,2,92,#EBE6E9
317,2,92,#EBE6E9
318,2,92,#EBE6E9
319,2,92,#EBE6E9
320,2,92,#EBE6E9
321,2,92,#EBE6E9
322,2,92,#EBE6E9
323,2,92,#EBE6E9
324,2,92,#EBE6E9
325,2,92,#EBE6E9
326,2,92,#EBE6E9
327,2,92,#EBE6E8
328,2,92,#EBE6E8
329,2,92,#EBE6E8
330,2,92,#EBE6E8
331,2,92,#EBE6E8
332,2,92,#EBE6E8
333,2,92,#EBE6E8
334,2,92,#EBE6E8
335,2,92,#EBE6E8
336,2,92,#EBE6E8
337,2,92,#EBE6E8
338,2,92,#EBE6E8
339,2,92,#EBE6E8
340,2,92,#EBE6E7
341,2,92,#EBE6E7
342,2,92,#EBE6E7
343,2,92,#EBE6E7
344,2,92,#EBE6E7
345,2,92,#EBE6E7
346,2,92,#EBE6E7
347,2,92,#EBE6E7
348,2,92,#EBE6E7
349,2,92,#EBE6E7
350,2,92,#EBE6E7
351,2,92,#EBE6E7
352,2,92,#EBE6E7
353,2,92,#EBE6E6
354,2,92,#EBE6E6
355,2,92,#EBE6E6
356,2,92,#EBE6E6
357,2,92,#EBE6E6
358,2,92,#EBE6E6
359,2,92,#EBE6E6
0,1,92,#EBE8E8
1,1,92,#EBE8E8
2,1,92,#EBE8E8
3,1,92,#EBE8E8
4,1,92,#EBE8E8
5,1,92,#EBE8E8
6,1,92,#EBE8E8
7,1,92,#EBE9E8
8,1,92,#EBE9E8
9,1,92,#EBE9E8
10,1,92,#EBE9E8
11,1,92,#EBE9E8
12,1,92,#EBE9E8
13,1,92,#EBE9E8
14,1,92,#EBE9E8
15,1,92,#EBE9E8
16,1,92,#EBE9E8
17,1,92,#EBE9E8
18,1,92,#EBE9E8
19,1,92,#EBE9E8
20,1,92,#EBE9E8
21,1,92,#EBE9E8
22,1,92,#EBE9E8
23,1,92,#EBE9E8
24,1,92,#EBE9E8
25,1,92,#EBE9E8
26,1,92,#EBE9E8
27,1,92,#EBE9E8
28,1,92,#EBE9E8
29,1,92,#EBE9E8
30,1,92,#EBE9E8
31,1,92,#EBE9E8
32,1,92,#EBEAE8
33,1,92,#EBEAE8
34,1,92,#EBEAE8
35,1,92,#EBEAE8
36,1,92,#EBEAE8
37,1,92,#EBEAE8
38,1,92,#EBEAE8
39,1,92,#EBEAE8
40,1,92,#EBEAE8
41,1,92,#EBEAE8
42,1,92,#EBEAE8
43,1,92,#EBEAE8
44,1,92,#EBEAE8
45,1,92,#EBEAE8
46,1,92,#EBEAE8
47,1,92,#EBEAE8
48,1,92,#EBEAE8
49,1,92,#EBEAE8
50,1,92,#EBEAE8
51,1,92,#EBEAE8
52,1,92,#EBEAE8
53,1,92,#EBEAE8
54,1,92,#EBEAE8
55,1,92,#EBEAE8
56,1,92,#EBEAE8
57,1,92,#EBEAE8
58,1,92,#EBEBE8
59,1,92,#EBEBE8
60,1,92,#EBEBE8
61,1,92,#EBEBE8
62,1,92,#EBEBE8
63,1,92,#EAEBE8
64,1,92,#EAEBE8
65,1,92,#EAEBE8
66,1,92,#EAEBE8
67,1,92,#EAEBE8
68,1,92,#EAEBE8
69,1,92,#EAEBE8
70,1,92,#EAEBE8
71,1,92,#EAEBE8
72,1,92,#EAEBE8
73,1,92,#EAEBE8
74,1,92,#EAEBE8
75,1,92,#EAEBE8
76,1,92,#EAEBE8
77,1,92,#EAEBE8
78,1,92,#EAEBE8
79,1,92,#EAEBE8
80,1,92,#EAEBE8
81,1,92,#EAEBE8
82,1,92,#EAEBE8
83,1,92,#EAEBE8
84,1,92,#EAEBE8
85,1,92,#EAEBE8
86,1,92,#EAEBE8
87,1,92,#EAEBE8
88,1,92,#EAEBE8
89,1,92,#E9EBE8
90,1,92,#E9EBE8
91,1,92,#E9EBE8
92,1,92,#E9EBE8
93,1,92,#E9EBE8
94,1,92,#E9EBE8
95,1,92,#E9EBE8
96,1,92,#E9EBE8
97,1,92,#E9EBE8
98,1,92,#E9EBE8
99,1,92,#E9EBE8
100,1,92,#E9EBE8
101,1,92,#E9EBE8
102,1,92,#E9EBE8
103,1,92,#E9EBE8
104,1,92,#E9EBE8
105,1,92,#E9EBE8
106,1,92,#E9EBE8
107,1,92,#E9EBE8
108,1,92,#E9EBE8
109,1,92,#E9EBE8
110,1,92,#E9EBE8
111,1,92,#E9EBE8
112,1,92,#E9EBE8
113,1,92,#E9EBE8
114,1,92,#E8EBE8
115,1,92,#E8EBE8
116,1,92,#E8EBE8
117,1,92,#E8EBE8
118,1,92,#E8EBE8
119,1,92,#E8EBE8
120,1,92,#E8EBE8
121,1,92,#E8EBE8
122,1,92,#E8EBE8
123,1,92,#E8EBE8
124,1,92,#E8EBE8
125,1,92,#E8EBE8
126,1,92,#E8EBE8
127,1,92,#E8EBE9
128,1,92,#E8EBE9
129,1,92,#E8EBE9
130,1,92,#E8EBE9
131,1,92,#E8EBE9
132,1,92,#E8EBE9
133,1,92,#E8EBE9
134,1,92,#E8EBE9
135,1,92,#E8EBE9
136,1,92,#E8EBE9
137,1,92,#E8EBE9
138,1,92,#E8EBE9
139,1,92,#E8EBE9
140,1,92,#E8EBE9
141,1,92,#E8EBE9
142,1,92,#E8EBE9
143,1,92,#E8EBE9
144,1,92,#E8EBE9
145,1,92,#E8EBE9
146,1,92,#E8EBE9
147,1,92,#E8EBE9
148,1,92,#E8EBE9
149,1,92,#E8EBE9
150,1,92,#E8EBE9
151,1,92,#E8EBE9
152,1,92,#E8EBEA
153,1,92,#E8EBEA
154,1,92,#E8EBEA
155,1,92,#E8EBEA
156,1,92,#E8EBEA
157,1,92,#E8EBEA
158,1,92,#E8EBEA
159,1,92,#E8EBEA
160,1,92,#E8EBEA
161,1,92,#E8EBEA
162,1,92,#E8EBEA
163,1,92,#E8EBEA
164,1,92,#E8EBEA
165,1,92,#E8EBEA
166,1,92,#E8EBEA
167,1,92,#E8EBEA
168,1,92,#E8EBEA
169,1,92,#E8EBEA
170,1,92,#E8EBEA
171,1,92,#E8EBEA
172,1,92,#E8EBEA
173,1,92,#E8EBEA
174,1,92,#E8EBEA
175,1,92,#E8EBEA
176,1,92,#E8EBEA
177,1,92,#E8EBEA
178,1,92,#E8EBEB
179,1,92,#E8EBEB
180,1,92,#E8EBEB
181,1,92,#E8EBEB
182,1,92,#E8EBEB
183,1,92,#E8EAEB
184,1,92,#E8EAEB
185,1,92,#E8EAEB
186,1,92,#E8EAEB
187,1,92,#E8EAEB
188,1,92,#E8EAEB
189,1,92,#E8EAEB
190,1,92,#E8EAEB
191,1,92,#E8EAEB
192,1,92,#E8EAEB
193,1,92,#E8EAEB
194,1,92,#E8EAEB
195,1,92,#E8EAEB
196,1,92,#E8EAEB
197,1,92,#E8EAEB
198,1,92,#E8EAEB
199,1,92,#E8EAEB
200,1,92,#E8EAEB
201,1,92,#E8EAEB
202,1,92,#E8EAEB
203,1,92,#E8EAEB
204,1,92,#E8EAEB
205,1,92,#E8EAEB
206,1,92,#E8EAEB
207,1,92,#E8EAEB
208,1,92,#E8EAEB
209,1,92,#E8E9EB
210,1,92,#E8E9EB
211,1,92,#E8E9EB
212,1,92,#E8E9EB
213,1,92,#E8E9EB
214,1,92,#E8E9EB
215,1,92,#E8E9EB
216,1,92,#E8E9EB
217,1,92,#E8E9EB
218,1,92,#E8E9EB
219,1,92,#E8E9EB
220,1,92,#E8E9EB
221,1,92,#E8E9EB
222,1,92,#E8E9EB
223,1,92,#E8E9EB
224,1,92,#E8E9EB
225,1,92,#E8E9EB
226,1,92,#E8E9EB
227,1,92,#E8E9EB
228,1,92,#E8E9EB
229,1,92,#E8E9EB
230,1,92,#E8E9EB
231,1,92,#E8E9EB
232,1,92,#E8E9EB
233,1,92,#E8E9EB
234,1,92,#E8E8EB
235,1,92,#E8E8EB
236,1,92,#E8E8EB
237,1,92,#E8E8EB
238,1,92,#E8E8EB
239,1,92,#E8E8EB
240,1,92,#E8E8EB
241,1,92,#E8E8EB
242,1,92,#E8E8EB
243,1,92,#E8E8EB
244,1,92,#E8E8EB
245,1,92,#E8E8EB
246,1,92,#E8E8EB
247,1,92,#E9E8EB
248,1,92,#E9E8EB
249,1,92,#E9E8EB
250,1,92,#E9E8EB
251,1,92,#E9E8EB
252,1,92,#E9E8EB
253,1,92,#E9E8EB
254,1,92,#E9E8EB
255,1,92,#E9E8EB
256,1,92,#E9E8EB
257,1,92,#E9E8EB
258,1,92,#E9E8EB
259,1,92,#E9E8EB
260,1,92,#E9E8EB
261,1,92,#E9E8EB
262,1,92,#E9E8EB
263,1,92,#E9E8EB
264,1,92,#E9E8EB
265,1,92,#E9E8EB
266,1,92,#E9E8EB
267,1,92,#E9E8EB
268,1,92,#E9E8EB
269,1,92,#E9E8EB
270,1,92,#E9E8EB
271,1,92,#E9E8EB
272,1,92,#EAE8EB
273,1,92,#EAE8EB
274,1,92,#EAE8EB
275,1,92,#EAE8EB
276,1,92,#EAE8EB
277,1,92,#EAE8EB
278,1,92,#EAE8EB
279,1,92,#EAE8EB
280,1,92,#EAE8EB
281,1,92,#EAE8EB
282,1,92,#EAE8EB
283,1,92,#EAE8EB
284,1,92,#EAE8EB
285,1,92,#EAE8EB
286,1,92,#EAE8EB
287,1,92,#EAE8EB
288,1,92,#EAE8EB
289,1,92,#EAE8EB
290,1,92,#EAE8EB
291,1,92,#EAE8EB
292,1,92,#EAE8EB
293,1,92,#EAE8EB
294,1,92,#EAE8EB
295,1,92,#EAE8EB
296,1,92,#EAE8EB
297,1,92,#EAE8EB
298,1,92,#EBE8EB
299,1,92,#EBE8EB
300,1,92,#EBE8EB
301,1,92,#EBE8EB
302,1,92,#EBE8EB
303,1,92,#EBE8EA
304,1,92,#EBE8EA
305,1,92,#EBE8EA
306,1,92,#EBE8EA
307,1,92,#EBE8EA
308,1,92,#EBE8EA
309,1,92,#EBE8EA
310,1,92,#EBE8EA
311,1,92,#EBE8EA
312,1,92,#EBE8EA
313,1,92,#EBE8EA
314,1,92,#EBE8EA
315,1,92,#EBE8EA
316,1,92,#EBE8EA
317,1,92,#EBE8EA
318,1,92,#EBE8EA
319,1,92,#EBE8EA
320,1,92,#EBE8EA
321,1,92,#EBE8EA
322,1,92,#EBE8EA
323,1,92,#EBE8EA
324,1,92,#EBE8EA
325,1,92,#EBE8EA
326,1,92,#EBE8EA
327,1,92,#EBE8EA
328,1,92,#EBE8EA
329,1,92,#EBE8E9
330,1,92,#EBE8E9
331,1,92,#EBE8E9
332,1,92,#EBE8E9
333,1,92,#EBE8E9
334,1,92,#EBE8E9
335,1,92,#EBE8E9
336,1,92,#EBE8E9
337,1,92,#EBE8E9
338,1,92,#EBE8E9
339,1,92,#EBE8E9
340,1,92,#EBE8E9
341,1,92,#EBE8E9
342,1,92,#EBE8E9
343,1,92,#EBE8E9
344,1,92,#EBE8E9
345,1,92,#EBE8E9
346,1,92,#EBE8E9
347,1,92,#EBE8E9
348,1,92,#EBE8E9
349,1,92,#EBE8E9
350,1,92,#EBE8E9
351,1,92,#EBE8E9
352,1,92,#EBE8E9
353,1,92,#EBE8E9
354,1,92,#EBE8E8
355,1,92,#EBE8E8
356,1,92,#EBE8E8
357,1,92,#EBE8E8
358,1,92,#EBE8E8
359,1,92,#EBE8E8
0,0,92,#EBEBEB
1,0,92,#EBEBEB
2,0,92,#EBEBEB
3,0,92,#EBEBEB
4,0,92,#EBEBEB
5,0,92,#EBEBEB
6,0,92,#EBEBEB
7,0,92,#EBEBEB
8,0,92,#EBEBEB
9,0,92,#EBEBEB
10,0,92,#EBEBEB
11,0,92,#EBEBEB
12,0,92,#EBEBEB
13,0,92,#EBEBEB
14,0,92,#EBEBEB
15,0,92,#EBEBEB
16,0,92,#EBEBEB
17,0,92,#EBEBEB
18,0,92,#EBEBEB
19,0,92,#EBEBEB
20,0,92,#EBEBEB
21,0,92,#EBEBEB
22,0,92,#EBEBEB
23,0,92,#EBEBEB
24,0,92,#EBEBEB
25,0,92,#EBEBEB
26,0,92,#EBEBEB
27,0,92,#EBEBEB
28,0,92,#EBEBEB
29,0,92,#EBEBEB
30,0,92,#EBEBEB
31,0,92,#EBEBEB
32,0,92,#EBEBEB
33,0,92,#EBEBEB
34,0,92,#EBEBEB
35,0,92,#EBEBEB
36,0,92,#EBEBEB
37,0,92,#EBEBEB
38,0,92,#EBEBEB
39,0,92,#EBEBEB
40,0,92,#EBEBEB
41,0,92,#EBEBEB
42,0,92,#EBEBEB
43,0,92,#EBEBEB
44,0,92,#EBEBEB
45,0,92,#EBEBEB
46,0,92,#EBEBEB
47,0,92,#EBEBEB
48,0,92,#EBEBEB
49,0,92,#EBEBEB
50,0,92,#EBEBEB
51,0,92,#EBEBEB
52,0,92,#EBEBEB
53,0,92,#EBEBEB
54,0,92,#EBEBEB
55,0,92,#EBEBEB
56,0,92,#EBEBEB
57,0,92,#EBEBEB
58,0,92,#EBEBEB
59,0,92,#EBEBEB
60,0,92,#EBEBEB
61,0,92,#EBEBEB
62,0,92,#EBEBEB
63,0,92,#EBEBEB
64,0,92,#EBEBEB
65,0,92,#EBEBEB
66,0,92,#EBEBEB
67,0,92,#EBEBEB
68,0,92,#EBEBEB
69,0,92,#EBEBEB
70,0,92,#EBEBEB
71,0,92,#EBEBEB
72,0,92,#EBEBEB
73,0,92,#EBEBEB
74,0,92,#EBEBEB
75,0,92,#EBEBEB
76,0,92,#EBEBEB
77,0,92,#EBEBEB
78,0,92,#EBEBEB
79,0,92,#EBEBEB
80,0,92,#EBEBEB
81,0,92,#EBEBEB
82,0,92,#EBEBEB
83,0,92,#EBEBEB
84,0,92,#EBEBEB
85,0,92,#EBEBEB
86,0,92,#EBEBEB
87,0,92,#EBEBEB
88,0,92,#EBEBEB
89,0,92,#EBEBEB
90,0,92,#EBEBEB
91,0,92,#EBEBEB
92,0,92,#EBEBEB
93,0,92,#EBEBEB
94,0,92,#EBEBEB
95,0,92,#EBEBEB
96,0,92,#EBEBEB
97,0,92,#EBEBEB
98,0,92,#EBEBEB
99,0,92,#EBEBEB
100,0,92,#EBEBEB
101,0,92,#EBEBEB
102,0,92,#EBEBEB
103,0,92,#EBEBEB
104,0,92,#EBEBEB
105,0,92,#EBEBEB
106,0,92,#EBEBEB
107,0,92,#EBEBEB
108,0,92,#EBEBEB
109,0,92,#EBEBEB
110,0,92,#EBEBEB
111,0,92,#EBEBEB
112,0,92,#EBEBEB
113,0,92,#EBEBEB
114,0,92,#EBEBEB
115,0,92,#EBEBEB
116,0,92,#EBEBEB
117,0,92,#EBEBEB
118,0,92,#EBEBEB
119,0,92,#EBEBEB
120,0,92,#EBEBEB
121,0,92,#EBEBEB
122,0,92,#EBEBEB
123,0,92,#EBEBEB
124,0,92,#EBEBEB
125,0,92,#EBEBEB
126,0,92,#EBEBEB
127,0,92,#EBEBEB
128,0,92,#EBEBEB
129,0,92,#EBEBEB
130,0,92,#EBEBEB
131,0,92,#EBEBEB
132,0,92,#EBEBEB
133,0,92,#EBEBEB
134,0,92,#EBEBEB
135,0,92,#EBEBEB
136,0,92,#EBEBEB
137,0,92,#EBEBEB
138,0,92,#EBEBEB
139,0,92,#EBEBEB
140,0,92,#EBEBEB
141,0,92,#EBEBEB
142,0,92,#EBEBEB
143,0,92,#EBEBEB
144,0,92,#EBEBEB
145,0,92,#EBEBEB
146,0,92,#EBEBEB
147,0,92,#EBEBEB
148,0,92,#EBEBEB
149,0,92,#EBEBEB
150,0,92,#EBEBEB
151,0,92,#EBEBEB
152,0,92,#EBEBEB
153,0,92,#EBEBEB
154,0,92,#EBEBEB
155,0,92,#EBEBEB
156,0,92,#EBEBEB
157,0,92,#EBEBEB
158,0,92,#EBEBEB
159,0,92,#EBEBEB
160,0,92,#EBEBEB
161,0,92,#EBEBEB
162,0,92,#EBEBEB
163,0,92,#EBEBEB
164,0,92,#EBEBEB
165,0,92,#EBEBEB
166,0,92,#EBEBEB
167,0,92,#EBEBEB
168,0,92,#EBEBEB
169,0,92,#EBEBEB
170,0,92,#EBEBEB
171,0,92,#EBEBEB
172,0,92,#EBEBEB
173,0,92,#EBEBEB
174,0,92,#EBEBEB
175,0,92,#EBEBEB
176,0,92,#EBEBEB
177,0,92,#EBEBEB
178,0,92,#EBEBEB
179,0,92,#EBEBEB
180,0,92,#EBEBEB
181,0,92,#EBEBEB
182,0,92,#EBEBEB
183,0,92,#EBEBEB
184,0,92,#EBEBEB
185,0,92,#EBEBEB
186,0,92,#EBEBEB
187,0,92,#EBEBEB
188,0,92,#EBEBEB
189,0,92,#EBEBEB
190,0,92,#EBEBEB
191,0,92,#EBEBEB
192,0,92,#EBEBEB
193,0,92,#EBEBEB
194,0,92,#EBEBEB
195,0,92,#EBEBEB
196,0,92,#EBEBEB
197,0,92,#EBEBEB
198,0,92,#EBEBEB
199,0,92,#EBEBEB
200,0,92,#EBEBEB
201,0,92,#EBEBEB
202,0,92,#EBEBEB
203,0,92,#EBEBEB
204,0,92,#EBEBEB
205,0,92,#EBEBEB
206,0,92,#EBEBEB
207,0,92,#EBEBEB
208,0,92,#EBEBEB
209,0,92,#EBEBEB
210,0,92,#EBEBEB
211,0,92,#EBEBEB
212,0,92,#EBEBEB
213,0,92,#EBEBEB
214,0,92,#EBEBEB
215,0,92,#EBEBEB
216,0,92,#EBEBEB
217,0,92,#EBEBEB
218,0,92,#EBEBEB
219,0,92,#EBEBEB
220,0,92,#EBEBEB
221,0,92,#EBEBEB
222,0,92,#EBEBEB
223,0,92,#EBEBEB
224,0,92,#EBEBEB
225,0,92,#EBEBEB
226,0,92,#EBEBEB
227,0,92,#EBEBEB
228,0,92,#EBEBEB
229,0,92,#EBEBEB
230,0,92,#EBEBEB
231,0,92,#EBEBEB
232,0,92,#EBEBEB
233,0,92,#EBEBEB
234,0,92,#EBEBEB
235,0,92,#EBEBEB
236,0,92,#EBEBEB
237,0,92,#EBEBEB
238,0,92,#EBEBEB
239,0,92,#EBEBEB
240,0,92,#EBEBEB
241,0,92,#EBEBEB
242,0,92,#EBEBEB
243,0,92,#EBEBEB
244,0,92,#EBEBEB
245,0,92,#EBEBEB
246,0,92,#EBEBEB
247,0,92,#EBEBEB
248,0,92,#EBEBEB
249,0,92,#EBEBEB
250,0,92,#EBEBEB
251,0,92,#EBEBEB
252,0,92,#EBEBEB
253,0,92,#EBEBEB
254,0,92,#EBEBEB
255,0,92,#EBEBEB
256,0,92,#EBEBEB
257,0,92,#EBEBEB
258,0,92,#EBEBEB
259,0,92,#EBEBEB
260,0,92,#EBEBEB
261,0,92,#EBEBEB
262,0,92,#EBEBEB
263,0,92,#EBEBEB
264,0,92,#EBEBEB
265,0,92,#EBEBEB
266,0,92,#EBEBEB
267,0,92,#EBEBEB
268,0,92,#EBEBEB
269,0,92,#EBEBEB
270,0,92,#EBEBEB
271,0,92,#EBEBEB
272,0,92,#EBEBEB
273,0,92,#EBEBEB
274,0,92,#EBEBEB
275,0,92,#EBEBEB
276,0,92,#EBEBEB
277,0,92,#EBEBEB
278,0,92,#EBEBEB
279,0,92,#EBEBEB
280,0,92,#EBEBEB
281,0,92,#EBEBEB
282,0,92,#EBEBEB
283,0,92,#EBEBEB
284,0,92,#EBEBEB
285,0,92,#EBEBEB
286,0,92,#EBEBEB
287,0,92,#EBEBEB
288,0,92,#EBEBEB
289,0,92,#EBEBEB
290,0,92,#EBEBEB
291,0,92,#EBEBEB
292,0,92,#EBEBEB
293,0,92,#EBEBEB
294,0,92,#EBEBEB
295,0,92,#EBEBEB
296,0,92,#EBEBEB
297,0,92,#EBEBEB
298,0,92,#EBEBEB
299,0,92,#EBEBEB
300,0,92,#EBEBEB
301,0,92,#EBEBEB
302,0,92,#EBEBEB
303,0,92,#EBEBEB
304,0,92,#EBEBEB
305,0,92,#EBEBEB
306,0,92,#EBEBEB
307,0,92,#EBEBEB
308,0,92,#EBEBEB
309,0,92,#EBEBEB
310,0,92,#EBEBEB
311,0,92,#EBEBEB
312,0,92,#EBEBEB
313,0,92,#EBEBEB
314,0,92,#EBEBEB
315,0,92,#EBEBEB
316,0,92,#EBEBEB
317,0,92,#EBEBEB
318,0,92,#EBEBEB
319,0,92,#EBEBEB
320,0,92,#EBEBEB
321,0,92,#EBEBEB
322,0,92,#EBEBEB
323,0,92,#EBEBEB
324,0,92,#EBEBEB
325,0,92,#EBEBEB
326,0,92,#EBEBEB
327,0,92,#EBEBEB
328,0,92,#EBEBEB
329,0,92,#EBEBEB
330,0,92,#EBEBEB
331,0,92,#EBEBEB
332,0,92,#EBEBEB
333,0,92,#EBEBEB
334,0,92,#EBEBEB
335,0,92,#EBEBEB
336,0,92,#EBEBEB
337,0,92,#EBEBEB
338,0,92,#EBEBEB
339,0,92,#EBEBEB
340,0,92,#EBEBEB
341,0,92,#EBEBEB
342,0,92,#EBEBEB
343,0,92,#EBEBEB
344,0,92,#EBEBEB
345,0,92,#EBEBEB
346,0,92,#EBEBEB
347,0,92,#EBEBEB
348,0,92,#EBEBEB
349,0,92,#EBEBEB
350,0,92,#EBEBEB
351,0,92,#EBEBEB
352,0,92,#EBEBEB
353,0,92,#EBEBEB
354,0,92,#EBEBEB
355,0,92,#EBEBEB
356,0,92,#EBEBEB
357,0,92,#EBEBEB
358,0,92,#EBEBEB
359,0,92,#EBEBEB
