Hue,Saturation,Brightness,Hex
0,100,90,#E60000
1,100,90,#E60400
2,100,90,#E60800
3,100,90,#E60B00
4,100,90,#E60F00
5,100,90,#E61300
6,100,90,#E61700
7,100,90,#E61B00
8,100,90,#E61F00
9,100,90,#E62200
10,100,90,#E62600
11,100,90,#E62A00
12,100,90,#E62E00
13,100,90,#E63200
14,100,90,#E63600
15,100,90,#E63900
16,100,90,#E63D00
17,100,90,#E64100
18,100,90,#E64500
19,100,90,#E64900
20,100,90,#E64C00
21,100,90,#E65000
22,100,90,#E65400
23,100,90,#E65800
24,100,90,#E65C00
25,100,90,#E66000
26,100,90,#E66300
27,100,90,#E66700
28,100,90,#E66B00
29,100,90,#E66F00
30,100,90,#E67300
31,100,90,#E67700
32,100,90,#E67A00
33,100,90,#E67E00
34,100,90,#E68200
35,100,90,#E68600
36,100,90,#E68A00
37,100,90,#E68E00
38,100,90,#E69100
39,100,90,#E69500
40,100,90,#E69900
41,100,90,#E69D00
42,100,90,#E6A100
43,100,90,#E6A400
44,100,90,#E6A800
45,100,90,#E6AC00
46,100,90,#E6B000
47,100,90,#E6B400
48,100,90,#E6B800
49,100,90,#E6BB00
50,100,90,#E6BF00
51,100,90,#E6C300
52,100,90,#E6C700
53,100,90,#E6CB00
54,100,90,#E6CF00
55,100,90,#E6D200
56,100,90,#E6D600
57,100,90,#E6DA00
58,100,90,#E6DE00
59,100,90,#E6E200
60,100,90,#E6E600
61,100,90,#E2E600
62,100,90,#DEE600
63,100,90,#DAE600
64,100,90,#D6E600
65,100,90,#D2E600
66,100,90,#CFE600
67,100,90,#CBE600
68,100,90,#C7E600
69,100,90,#C3E600
70,100,90,#BFE600
71,100,90,#BBE600
72,100,90,#B8E600
73,100,90,#B4E600
74,100,90,#B0E600
75,100,90,#ACE600
76,100,90,#A8E600
77,100,90,#A4E600
78,100,90,#A1E600
79,100,90,#9DE600
80,100,90,#99E600
81,100,90,#95E600
82,100,90,#91E600
83,100,90,#8EE600
84,100,90,#8AE600
85,100,90,#86E600
86,100,90,#82E600
87,100,90,#7EE600
88,100,90,#7AE600
89,100,90,#77E600
90,100,90,#73E600
91,100,90,#6FE600
92,100,90,#6BE600
93,100,90,#67E600
94,100,90,#63E600
95,100,90,#60E600
96,100,90,#5CE600
97,100,90,#58E600
98,100,90,#54E600
99,100,90,#50E600
100,100,90,#4CE600
101,100,90,#49E600
102,100,90,#45E600
103,100,90,#41E600
104,100,90,#3DE600
105,100,90,#39E600
106,100,90,#36E600
107,100,90,#32E600
108,100,90,#2EE600
109,100,90,#2AE600
110,100,90,#26E600
111,100,90,#22E600
112,100,90,#1FE600
113,100,90,#1BE600
114,100,90,#17E600
115,100,90,#13E600
116,100,90,#0FE600
117,100,90,#0BE600
118,100,90,#08E600
119,100,90,#04E600
120,100,90,#00E600
121,100,90,#00E604
122,100,90,#00E608
123,100,90,#00E60B
124,100,90,#00E60F
125,100,90,#00E613
126,100,90,#00E617
127,100,90,#00E61B
128,100,90,#00E61F
129,100,90,#00E622
130,100,90,#00E626
131,100,90,#00E62A
132,100,90,#00E62E
133,100,90,#00E632
134,100,90,#00E636
135,100,90,#00E639
136,100,90,#00E63D
137,100,90,#00E641
138,100,90,#00E645
139,100,90,#00E649
140,100,90,#00E64D
141,100,90,#00E650
142,100,90,#00E654
143,100,90,#00E658
144,100,90,#00E65C
145,100,90,#00E660
146,100,90,#00E663
147,100,90,#00E667
148,100,90,#00E66B
149,100,90,#00E66F
150,100,90,#00E673
151,100,90,#00E677
152,100,90,#00E67A
153,100,90,#00E67E
154,100,90,#00E682
155,100,90,#00E686
156,100,90,#00E68A
157,100,90,#00E68E
158,100,90,#00E691
159,100,90,#00E695
160,100,90,#00E699
161,100,90,#00E69D
162,100,90,#00E6A1
163,100,90,#00E6A4
164,100,90,#00E6A8
165,100,90,#00E6AC
166,100,90,#00E6B0
167,100,90,#00E6B4
168,100,90,#00E6B8
169,100,90,#00E6BB
170,100,90,#00E6BF
171,100,90,#00E6C3
172,100,90,#00E6C7
173,100,90,#00E6CB
174,100,90,#00E6CF
175,100,90,#00E6D2
176,100,90,#00E6D6
177,100,90,#00E6DA
178,100,90,#00E6DE
179,100,90,#00E6E2
180,100,90,#00E6E6
181,100,90,#00E2E6
182,100,90,#00DEE6
183,100,90,#00DAE6
184,100,90,#00D6E6
185,100,90,#00D2E6
186,100,90,#00CFE6
187,100,90,#00CBE6
188,100,90,#00C7E6
189,100,90,#00C3E6
190,100,90,#00BFE6
191,100,90,#00BBE6
192,100,90,#00B8E6
193,100,90,#00B4E6
194,100,90,#00B0E6
195,100,90,#00ACE6
196,100,90,#00A8E6
197,100,90,#00A4E6
198,100,90,#00A1E6
199,100,90,#009DE6
200,100,90,#0099E6
201,100,90,#0095E6
202,100,90,#0091E6
203,100,90,#008EE6
204,100,90,#008AE6
205,100,90,#0086E6
206,100,90,#0082E6
207,100,90,#007EE6
208,100,90,#007AE6
209,100,90,#0077E6
210,100,90,#0073E6
211,100,90,#006FE6
212,100,90,#006BE6
213,100,90,#0067E6
214,100,90,#0063E6
215,100,90,#0060E6
216,100,90,#005CE6
217,100,90,#0058E6
218,100,90,#0054E6
219,100,90,#0050E6
220,100,90,#004CE6
221,100,90,#0049E6
222,100,90,#0045E6
223,100,90,#0041E6
224,100,90,#003DE6
225,100,90,#0039E6
226,100,90,#0036E6
227,100,90,#0032E6
228,100,90,#002EE6
229,100,90,#002AE6
230,100,90,#0026E6
231,100,90,#0022E6
232,100,90,#001FE6
233,100,90,#001BE6
234,100,90,#0017E6
235,100,90,#0013E6
236,100,90,#000FE6
237,100,90,#000BE6
238,100,90,#0008E6
239,100,90,#0004E6
240,100,90,#0000E6
241,100,90,#0400E6
242,100,90,#0800E6
243,100,90,#0B00E6
244,100,90,#0F00E6
245,100,90,#1300E6
246,100,90,#1700E6
247,100,90,#1B00E6
248,100,90,#1F00E6
249,100,90,#2200E6
250,100,90,#2600E6
251,100,90,#2A00E6
252,100,90,#2E00E6
253,100,90,#3200E6
254,100,90,#3600E6
255,100,90,#3900E6
256,100,90,#3D00E6
257,100,90,#4100E6
258,100,90,#4500E6
259,100,90,#4900E6
260,100,90,#4C00E6
261,100,90,#5000E6
262,100,90,#5400E6
263,100,90,#5800E6
264,100,90,#5C00E6
265,100,90,#6000E6
266,100,90,#6300E6
267,100,90,#6700E6
268,100,90,#6B00E6
269,100,90,#6F00E6
270,100,90,#7300E6
271,100,90,#7700E6
272,100,90,#7A00E6
273,100,90,#7E00E6
274,100,90,#8200E6
275,100,90,#8600E6
276,100,90,#8A00E6
277,100,90,#8E00E6
278,100,90,#9100E6
279,100,90,#9500E6
280,100,90,#9900E6
281,100,90,#9D00E6
282,100,90,#A100E6
283,100,90,#A400E6
284,100,90,#A800E6
285,100,90,#AC00E6
286,100,90,#B000E6
287,100,90,#B400E6
288,100,90,#B800E6
289,100,90,#BB00E6
290,100,90,#BF00E6
291,100,90,#C300E6
292,100,90,#C700E6
293,100,90,#CB00E6
294,100,90,#CF00E6
295,100,90,#D200E6
296,100,90,#D600E6
297,100,90,#DA00E6
298,100,90,#DE00E6
299,100,90,#E200E6
300,100,90,#E600E6
301,100,90,#E600E2
302,100,90,#E600DE
303,100,90,#E600DA
304,100,90,#E600D6
305,100,90,#E600D2
306,100,90,#E600CF
307,100,90,#E600CB
308,100,90,#E600C7
309,100,90,#E600C3
310,100,90,#E600BF
311,100,90,#E600BB
312,100,90,#E600B8
313,100,90,#E600B4
314,100,90,#E600B0
315,100,90,#E600AC
316,100,90,#E600A8
317,100,90,#E600A4
318,100,90,#E600A1
319,100,90,#E6009D
320,100,90,#E60099
321,100,90,#E60095
322,100,90,#E60091
323,100,90,#E6008E
324,100,90,#E6008A
325,100,90,#E60086
326,100,90,#E60082
327,100,90,#E6007E
328,100,90,#E6007A
329,100,90,#E60077
330,100,90,#E60073
331,100,90,#E6006F
332,100,90,#E6006B
333,100,90,#E60067
334,100,90,#E60063
335,100,90,#E60060
336,100,90,#E6005C
337,100,90,#E60058
338,100,90,#E60054
339,100,90,#E60050
340,100,90,#E6004D
341,100,90,#E60049
342,100,90,#E60045
343,100,90,#E60041
344,100,90,#E6003D
345,100,90,#E60039
346,100,90,#E60036
347,100,90,#E60032
348,100,90,#E6002E
349,100,90,#E6002A
350,100,90,#E60026
351,100,90,#E60022
352,100,90,#E6001F
353,100,90,#E6001B
354,100,90,#E60017
355,100,90,#E60013
356,100,90,#E6000F
357,100,90,#E6000B
358,100,90,#E60008
359,100,90,#E60004
0,99,90,#E60202
1,99,90,#E60602
2,99,90,#E60A02
3,99,90,#E60E02
4,99,90,#E61102
5,99,90,#E61502
6,99,90,#E61902
7,99,90,#E61D02
8,99,90,#E62102
9,99,90,#E62402
10,99,90,#E62802
11,99,90,#E62C02
12,99,90,#E63002
13,99,90,#E63402
14,99,90,#E63702
15,99,90,#E63B02
16,99,90,#E63F02
17,99,90,#E64302
18,99,90,#E64602
19,99,90,#E64A02
20,99,90,#E64E02
21,99,90,#E65202
22,99,90,#E65602
23,99,90,#E65902
24,99,90,#E65D02
25,99,90,#E66102
26,99,90,#E66502
27,99,90,#E66902
28,99,90,#E66C02
29,99,90,#E67002
30,99,90,#E67402
31,99,90,#E67802
32,99,90,#E67B02
33,99,90,#E67F02
34,99,90,#E68302
35,99,90,#E68702
36,99,90,#E68B02
37,99,90,#E68E02
38,99,90,#E69202
39,99,90,#E69602
40,99,90,#E69A02
41,99,90,#E69E02
42,99,90,#E6A102
43,99,90,#E6A502
44,99,90,#E6A902
45,99,90,#E6AD02
46,99,90,#E6B002
47,99,90,#E6B402
48,99,90,#E6B802
49,99,90,#E6BC02
50,99,90,#E6C002
51,99,90,#E6C302
52,99,90,#E6C702
53,99,90,#E6CB02
54,99,90,#E6CF02
55,99,90,#E6D302
56,99,90,#E6D602
57,99,90,#E6DA02
58,99,90,#E6DE02
59,99,90,#E6E202
60,99,90,#E6E602
61,99,90,#E2E602
62,99,90,#DEE602
63,99,90,#DAE602
64,99,90,#D6E602
65,99,90,#D3E602
66,99,90,#CFE602
67,99,90,#CBE602
68,99,90,#C7E602
69,99,90,#C3E602
70,99,90,#C0E602
71,99,90,#BCE602
72,99,90,#B8E602
73,99,90,#B4E602
74,99,90,#B0E602
75,99,90,#ADE602
76,99,90,#A9E602
77,99,90,#A5E602
78,99,90,#A1E602
79,99,90,#9EE602
80,99,90,#9AE602
81,99,90,#96E602
82,99,90,#92E602
83,99,90,#8EE602
84,99,90,#8BE602
85,99,90,#87E602
86,99,90,#83E602
87,99,90,#7FE602
88,99,90,#7BE602
89,99,90,#78E602
90,99,90,#74E602
91,99,90,#70E602
92,99,90,#6CE602
93,99,90,#69E602
94,99,90,#65E602
95,99,90,#61E602
96,99,90,#5DE602
97,99,90,#59E602
98,99,90,#56E602
99,99,90,#52E602
100,99,90,#4EE602
101,99,90,#4AE602
102,99,90,#46E602
103,99,90,#43E602
104,99,90,#3FE602
105,99,90,#3BE602
106,99,90,#37E602
107,99,90,#34E602
108,99,90,#30E602
109,99,90,#2CE602
110,99,90,#28E602
111,99,90,#24E602
112,99,90,#21E602
113,99,90,#1DE602
114,99,90,#19E602
115,99,90,#15E602
116,99,90,#11E602
117,99,90,#0EE602
118,99,90,#0AE602
119,99,90,#06E602
120,99,90,#02E602
121,99,90,#02E606
122,99,90,#02E60A
123,99,90,#02E60E
124,99,90,#02E611
125,99,90,#02E615
126,99,90,#02E619
127,99,90,#02E61D
128,99,90,#02E621
129,99,90,#02E624
130,99,90,#02E628
131,99,90,#02E62C
132,99,90,#02E630
133,99,90,#02E634
134,99,90,#02E637
135,99,90,#02E63B
136,99,90,#02E63F
137,99,90,#02E643
138,99,90,#02E646
139,99,90,#02E64A
140,99,90,#02E64E
141,99,90,#02E652
142,99,90,#02E656
143,99,90,#02E659
144,99,90,#02E65D
145,99,90,#02E661
146,99,90,#02E665
147,99,90,#02E669
148,99,90,#02E66C
149,99,90,#02E670
150,99,90,#02E674
151,99,90,#02E678
152,99,90,#02E67B
153,99,90,#02E67F
154,99,90,#02E683
155,99,90,#02E687
156,99,90,#02E68B
157,99,90,#02E68E
158,99,90,#02E692
159,99,90,#02E696
160,99,90,#02E69A
161,99,90,#02E69E
162,99,90,#02E6A1
163,99,90,#02E6A5
164,99,90,#02E6A9
165,99,90,#02E6AD
166,99,90,#02E6B0
167,99,90,#02E6B4
168,99,90,#02E6B8
169,99,90,#02E6BC
170,99,90,#02E6C0
171,99,90,#02E6C3
172,99,90,#02E6C7
173,99,90,#02E6CB
174,99,90,#02E6CF
175,99,90,#02E6D3
176,99,90,#02E6D6
177,99,90,#02E6DA
178,99,90,#02E6DE
179,99,90,#02E6E2
180,99,90,#02E6E6
181,99,90,#02E2E6
182,99,90,#02DEE6
183,99,90,#02DAE6
184,99,90,#02D6E6
185,99,90,#02D3E6
186,99,90,#02CFE6
187,99,90,#02CBE6
188,99,90,#02C7E6
189,99,90,#02C3E6
190,99,90,#02C0E6
191,99,90,#02BCE6
192,99,90,#02B8E6
193,99,90,#02B4E6
194,99,90,#02B0E6
195,99,90,#02ADE6
196,99,90,#02A9E6
197,99,90,#02A5E6
198,99,90,#02A1E6
199,99,90,#029EE6
200,99,90,#029AE6
201,99,90,#0296E6
202,99,90,#0292E6
203,99,90,#028EE6
204,99,90,#028BE6
205,99,90,#0287E6
206,99,90,#0283E6
207,99,90,#027FE6
208,99,90,#027BE6
209,99,90,#0278E6
210,99,90,#0274E6
211,99,90,#0270E6
212,99,90,#026CE6
213,99,90,#0269E6
214,99,90,#0265E6
215,99,90,#0261E6
216,99,90,#025DE6
217,99,90,#0259E6
218,99,90,#0256E6
219,99,90,#0252E6
220,99,90,#024EE6
221,99,90,#024AE6
222,99,90,#0246E6
223,99,90,#0243E6
224,99,90,#023FE6
225,99,90,#023BE6
226,99,90,#0237E6
227,99,90,#0234E6
228,99,90,#0230E6
229,99,90,#022CE6
230,99,90,#0228E6
231,99,90,#0224E6
232,99,90,#0221E6
233,99,90,#021DE6
234,99,90,#0219E6
235,99,90,#0215E6
236,99,90,#0211E6
237,99,90,#020EE6
238,99,90,#020AE6
239,99,90,#0206E6
240,99,90,#0202E6
241,99,90,#0602E6
242,99,90,#0A02E6
243,99,90,#0E02E6
244,99,90,#1102E6
245,99,90,#1502E6
246,99,90,#1902E6
247,99,90,#1D02E6
248,99,90,#2102E6
249,99,90,#2402E6
250,99,90,#2802E6
251,99,90,#2C02E6
252,99,90,#3002E6
253,99,90,#3402E6
254,99,90,#3702E6
255,99,90,#3B02E6
256,99,90,#3F02E6
257,99,90,#4302E6
258,99,90,#4602E6
259,99,90,#4A02E6
260,99,90,#4E02E6
261,99,90,#5202E6
262,99,90,#5602E6
263,99,90,#5902E6
264,99,90,#5D02E6
265,99,90,#6102E6
266,99,90,#6502E6
267,99,90,#6902E6
268,99,90,#6C02E6
269,99,90,#7002E6
270,99,90,#7402E6
271,99,90,#7802E6
272,99,90,#7B02E6
273,99,90,#7F02E6
274,99,90,#8302E6
275,99,90,#8702E6
276,99,90,#8B02E6
277,99,90,#8E02E6
278,99,90,#9202E6
279,99,90,#9602E6
280,99,90,#9A02E6
281,99,90,#9E02E6
282,99,90,#A102E6
283,99,90,#A502E6
284,99,90,#A902E6
285,99,90,#AD02E6
286,99,90,#B002E6
287,99,90,#B402E6
288,99,90,#B802E6
289,99,90,#BC02E6
290,99,90,#C002E6
291,99,90,#C302E6
292,99,90,#C702E6
293,99,90,#CB02E6
294,99,90,#CF02E6
295,99,90,#D302E6
296,99,90,#D602E6
297,99,90,#DA02E6
298,99,90,#DE02E6
299,99,90,#E202E6
300,99,90,#E602E6
301,99,90,#E602E2
302,99,90,#E602DE
303,99,90,#E602DA
304,99,90,#E602D6
305,99,90,#E602D3
306,99,90,#E602CF
307,99,90,#E602CB
308,99,90,#E602C7
309,99,90,#E602C3
310,99,90,#E602C0
311,99,90,#E602BC
312,99,90,#E602B8
313,99,90,#E602B4
314,99,90,#E602B0
315,99,90,#E602AD
316,99,90,#E602A9
317,99,90,#E602A5
318,99,90,#E602A1
319,99,90,#E6029E
320,99,90,#E6029A
321,99,90,#E60296
322,99,90,#E60292
323,99,90,#E6028E
324,99,90,#E6028B
325,99,90,#E60287
326,99,90,#E60283
327,99,90,#E6027F
328,99,90,#E6027B
329,99,90,#E60278
330,99,90,#E60274
331,99,90,#E60270
332,99,90,#E6026C
333,99,90,#E60269
334,99,90,#E60265
335,99,90,#E60261
336,99,90,#E6025D
337,99,90,#E60259
338,99,90,#E60256
339,99,90,#E60252
340,99,90,#E6024E
341,99,90,#E6024A
342,99,90,#E60246
343,99,90,#E60243
344,99,90,#E6023F
345,99,90,#E6023B
346,99,90,#E60237
347,99,90,#E60234
348,99,90,#E60230
349,99,90,#E6022C
350,99,90,#E60228
351,99,90,#E60224
352,99,90,#E60221
353,99,90,#E6021D
354,99,90,#E60219
355,99,90,#E60215
356,99,90,#E60211
357,99,90,#E6020E
358,99,90,#E6020A
359,99,90,#E60206
0,98,90,#E60505
1,98,90,#E60805
2,98,90,#E60C05
3,98,90,#E61005
4,98,90,#E61405
5,98,90,#E61705
6,98,90,#E61B05
7,98,90,#E61F05
8,98,90,#E62305
9,98,90,#E62605
10,98,90,#E62A05
11,98,90,#E62E05
12,98,90,#E63205
13,98,90,#E63505
14,98,90,#E63905
15,98,90,#E63D05
16,98,90,#E64105
17,98,90,#E64405
18,98,90,#E64805
19,98,90,#E64C05
20,98,90,#E65005
21,98,90,#E65305
22,98,90,#E65705
23,98,90,#E65B05
24,98,90,#E65F05
25,98,90,#E66205
26,98,90,#E66605
27,98,90,#E66A05
28,98,90,#E66E05
29,98,90,#E67105
30,98,90,#E67505
31,98,90,#E67905
32,98,90,#E67D05
33,98,90,#E68005
34,98,90,#E68405
35,98,90,#E68805
36,98,90,#E68C05
37,98,90,#E68F05
38,98,90,#E69305
39,98,90,#E69705
40,98,90,#E69B05
41,98,90,#E69E05
42,98,90,#E6A205
43,98,90,#E6A605
44,98,90,#E6AA05
45,98,90,#E6AD05
46,98,90,#E6B105
47,98,90,#E6B505
48,98,90,#E6B905
49,98,90,#E6BC05
50,98,90,#E6C005
51,98,90,#E6C405
52,98,90,#E6C805
53,98,90,#E6CB05
54,98,90,#E6CF05
55,98,90,#E6D305
56,98,90,#E6D705
57,98,90,#E6DA05
58,98,90,#E6DE05
59,98,90,#E6E205
60,98,90,#E6E605
61,98,90,#E2E605
62,98,90,#DEE605
63,98,90,#DAE605
64,98,90,#D7E605
65,98,90,#D3E605
66,98,90,#CFE605
67,98,90,#CBE605
68,98,90,#C8E605
69,98,90,#C4E605
70,98,90,#C0E605
71,98,90,#BCE605
72,98,90,#B9E605
73,98,90,#B5E605
74,98,90,#B1E605
75,98,90,#ADE605
76,98,90,#AAE605
77,98,90,#A6E605
78,98,90,#A2E605
79,98,90,#9EE605
80,98,90,#9BE605
81,98,90,#97E605
82,98,90,#93E605
83,98,90,#8FE605
84,98,90,#8CE605
85,98,90,#88E605
86,98,90,#84E605
87,98,90,#80E605
88,98,90,#7DE605
89,98,90,#79E605
90,98,90,#75E605
91,98,90,#71E605
92,98,90,#6EE605
93,98,90,#6AE605
94,98,90,#66E605
95,98,90,#62E605
96,98,90,#5FE605
97,98,90,#5BE605
98,98,90,#57E605
99,98,90,#53E605
100,98,90,#50E605
101,98,90,#4CE605
102,98,90,#48E605
103,98,90,#44E605
104,98,90,#41E605
105,98,90,#3DE605
106,98,90,#39E605
107,98,90,#35E605
108,98,90,#32E605
109,98,90,#2EE605
110,98,90,#2AE605
111,98,90,#26E605
112,98,90,#23E605
113,98,90,#1FE605
114,98,90,#1BE605
115,98,90,#17E605
116,98,90,#14E605
117,98,90,#10E605
118,98,90,#0CE605
119,98,90,#08E605
120,98,90,#05E605
121,98,90,#05E608
122,98,90,#05E60C
123,98,90,#05E610
124,98,90,#05E614
125,98,90,#05E617
126,98,90,#05E61B
127,98,90,#05E61F
128,98,90,#05E623
129,98,90,#05E626
130,98,90,#05E62A
131,98,90,#05E62E
132,98,90,#05E632
133,98,90,#05E635
134,98,90,#05E639
135,98,90,#05E63D
136,98,90,#05E641
137,98,90,#05E644
138,98,90,#05E648
139,98,90,#05E64C
140,98,90,#05E650
141,98,90,#05E653
142,98,90,#05E657
143,98,90,#05E65B
144,98,90,#05E65F
145,98,90,#05E662
146,98,90,#05E666
147,98,90,#05E66A
148,98,90,#05E66E
149,98,90,#05E671
150,98,90,#05E675
151,98,90,#05E679
152,98,90,#05E67D
153,98,90,#05E680
154,98,90,#05E684
155,98,90,#05E688
156,98,90,#05E68C
157,98,90,#05E68F
158,98,90,#05E693
159,98,90,#05E697
160,98,90,#05E69B
161,98,90,#05E69E
162,98,90,#05E6A2
163,98,90,#05E6A6
164,98,90,#05E6AA
165,98,90,#05E6AD
166,98,90,#05E6B1
167,98,90,#05E6B5
168,98,90,#05E6B9
169,98,90,#05E6BC
170,98,90,#05E6C0
171,98,90,#05E6C4
172,98,90,#05E6C8
173,98,90,#05E6CB
174,98,90,#05E6CF
175,98,90,#05E6D3
176,98,90,#05E6D7
177,98,90,#05E6DA
178,98,90,#05E6DE
179,98,90,#05E6E2
180,98,90,#05E6E6
181,98,90,#05E2E6
182,98,90,#05DEE6
183,98,90,#05DAE6
184,98,90,#05D7E6
185,98,90,#05D3E6
186,98,90,#05CFE6
187,98,90,#05CBE6
188,98,90,#05C8E6
189,98,90,#05C4E6
190,98,90,#05C0E6
191,98,90,#05BCE6
192,98,90,#05B9E6
193,98,90,#05B5E6
194,98,90,#05B1E6
195,98,90,#05ADE6
196,98,90,#05AAE6
197,98,90,#05A6E6
198,98,90,#05A2E6
199,98,90,#059EE6
200,98,90,#059BE6
201,98,90,#0597E6
202,98,90,#0593E6
203,98,90,#058FE6
204,98,90,#058CE6
205,98,90,#0588E6
206,98,90,#0584E6
207,98,90,#0580E6
208,98,90,#057DE6
209,98,90,#0579E6
210,98,90,#0575E6
211,98,90,#0571E6
212,98,90,#056EE6
213,98,90,#056AE6
214,98,90,#0566E6
215,98,90,#0562E6
216,98,90,#055FE6
217,98,90,#055BE6
218,98,90,#0557E6
219,98,90,#0553E6
220,98,90,#0550E6
221,98,90,#054CE6
222,98,90,#0548E6
223,98,90,#0544E6
224,98,90,#0541E6
225,98,90,#053DE6
226,98,90,#0539E6
227,98,90,#0535E6
228,98,90,#0532E6
229,98,90,#052EE6
230,98,90,#052AE6
231,98,90,#0526E6
232,98,90,#0523E6
233,98,90,#051FE6
234,98,90,#051BE6
235,98,90,#0517E6
236,98,90,#0514E6
237,98,90,#0510E6
238,98,90,#050CE6
239,98,90,#0508E6
240,98,90,#0505E6
241,98,90,#0805E6
242,98,90,#0C05E6
243,98,90,#1005E6
244,98,90,#1405E6
245,98,90,#1705E6
246,98,90,#1B05E6
247,98,90,#1F05E6
248,98,90,#2305E6
249,98,90,#2605E6
250,98,90,#2A05E6
251,98,90,#2E05E6
252,98,90,#3205E6
253,98,90,#3505E6
254,98,90,#3905E6
255,98,90,#3D05E6
256,98,90,#4105E6
257,98,90,#4405E6
258,98,90,#4805E6
259,98,90,#4C05E6
260,98,90,#5005E6
261,98,90,#5305E6
262,98,90,#5705E6
263,98,90,#5B05E6
264,98,90,#5F05E6
265,98,90,#6205E6
266,98,90,#6605E6
267,98,90,#6A05E6
268,98,90,#6E05E6
269,98,90,#7105E6
270,98,90,#7505E6
271,98,90,#7905E6
272,98,90,#7D05E6
273,98,90,#8005E6
274,98,90,#8405E6
275,98,90,#8805E6
276,98,90,#8C05E6
277,98,90,#8F05E6
278,98,90,#9305E6
279,98,90,#9705E6
280,98,90,#9B05E6
281,98,90,#9E05E6
282,98,90,#A205E6
283,98,90,#A605E6
284,98,90,#AA05E6
285,98,90,#AD05E6
286,98,90,#B105E6
287,98,90,#B505E6
288,98,90,#B905E6
289,98,90,#BC05E6
290,98,90,#C005E6
291,98,90,#C405E6
292,98,90,#C805E6
293,98,90,#CB05E6
294,98,90,#CF05E6
295,98,90,#D305E6
296,98,90,#D705E6
297,98,90,#DA05E6
298,98,90,#DE05E6
299,98,90,#E205E6
300,98,90,#E605E6
301,98,90,#E605E2
302,98,90,#E605DE
303,98,90,#E605DA
304,98,90,#E605D7
305,98,90,#E605D3
306,98,90,#E605CF
307,98,90,#E605CB
308,98,90,#E605C8
309,98,90,#E605C4
310,98,90,#E605C0
311,98,90,#E605BC
312,98,90,#E605B9
313,98,90,#E605B5
314,98,90,#E605B1
315,98,90,#E605AD
316,98,90,#E605AA
317,98,90,#E605A6
318,98,90,#E605A2
319,98,90,#E6059E
320,98,90,#E6059B
321,98,90,#E60597
322,98,90,#E60593
323,98,90,#E6058F
324,98,90,#E6058C
325,98,90,#E60588
326,98,90,#E60584
327,98,90,#E60580
328,98,90,#E6057D
329,98,90,#E60579
330,98,90,#E60575
331,98,90,#E60571
332,98,90,#E6056E
333,98,90,#E6056A
334,98,90,#E60566
335,98,90,#E60562
336,98,90,#E6055F
337,98,90,#E6055B
338,98,90,#E60557
339,98,90,#E60553
340,98,90,#E60550
341,98,90,#E6054C
342,98,90,#E60548
343,98,90,#E60544
344,98,90,#E60541
345,98,90,#E6053D
346,98,90,#E60539
347,98,90,#E60535
348,98,90,#E60532
349,98,90,#E6052E
350,98,90,#E6052A
351,98,90,#E60526
352,98,90,#E60523
353,98,90,#E6051F
354,98,90,#E6051B
355,98,90,#E60517
356,98,90,#E60514
357,98,90,#E60510
358,98,90,#E6050C
359,98,90,#E60508
0,97,90,#E60707
1,97,90,#E60B07
2,97,90,#E60E07
3,97,90,#E61207
4,97,90,#E61607
5,97,90,#E61907
6,97,90,#E61D07
7,97,90,#E62107
8,97,90,#E62507
9,97,90,#E62807
10,97,90,#E62C07
11,97,90,#E63007
12,97,90,#E63307
13,97,90,#E63707
14,97,90,#E63B07
15,97,90,#E63F07
16,97,90,#E64207
17,97,90,#E64607
18,97,90,#E64A07
19,97,90,#E64D07
20,97,90,#E65107
21,97,90,#E65507
22,97,90,#E65907
23,97,90,#E65C07
24,97,90,#E66007
25,97,90,#E66407
26,97,90,#E66707
27,97,90,#E66B07
28,97,90,#E66F07
29,97,90,#E67207
30,97,90,#E67607
31,97,90,#E67A07
32,97,90,#E67E07
33,97,90,#E68107
34,97,90,#E68507
35,97,90,#E68907
36,97,90,#E68C07
37,97,90,#E69007
38,97,90,#E69407
39,97,90,#E69807
40,97,90,#E69B07
41,97,90,#E69F07
42,97,90,#E6A307
43,97,90,#E6A607
44,97,90,#E6AA07
45,97,90,#E6AE07
46,97,90,#E6B207
47,97,90,#E6B507
48,97,90,#E6B907
49,97,90,#E6BD07
50,97,90,#E6C007
51,97,90,#E6C407
52,97,90,#E6C807
53,97,90,#E6CC07
54,97,90,#E6CF07
55,97,90,#E6D307
56,97,90,#E6D707
57,97,90,#E6DA07
58,97,90,#E6DE07
59,97,90,#E6E207
60,97,90,#E6E607
61,97,90,#E2E607
62,97,90,#DEE607
63,97,90,#DAE607
64,97,90,#D7E607
65,97,90,#D3E607
66,97,90,#CFE607
67,97,90,#CCE607
68,97,90,#C8E607
69,97,90,#C4E607
70,97,90,#C0E607
71,97,90,#BDE607
72,97,90,#B9E607
73,97,90,#B5E607
74,97,90,#B2E607
75,97,90,#AEE607
76,97,90,#AAE607
77,97,90,#A6E607
78,97,90,#A3E607
79,97,90,#9FE607
80,97,90,#9BE607
81,97,90,#98E607
82,97,90,#94E607
83,97,90,#90E607
84,97,90,#8CE607
85,97,90,#89E607
86,97,90,#85E607
87,97,90,#81E607
88,97,90,#7EE607
89,97,90,#7AE607
90,97,90,#76E607
91,97,90,#72E607
92,97,90,#6FE607
93,97,90,#6BE607
94,97,90,#67E607
95,97,90,#64E607
96,97,90,#60E607
97,97,90,#5CE607
98,97,90,#59E607
99,97,90,#55E607
100,97,90,#51E607
101,97,90,#4DE607
102,97,90,#4AE607
103,97,90,#46E607
104,97,90,#42E607
105,97,90,#3FE607
106,97,90,#3BE607
107,97,90,#37E607
108,97,90,#33E607
109,97,90,#30E607
110,97,90,#2CE607
111,97,90,#28E607
112,97,90,#25E607
113,97,90,#21E607
114,97,90,#1DE607
115,97,90,#19E607
116,97,90,#16E607
117,97,90,#12E607
118,97,90,#0EE607
119,97,90,#0BE607
120,97,90,#07E607
121,97,90,#07E60B
122,97,90,#07E60E
123,97,90,#07E612
124,97,90,#07E616
125,97,90,#07E619
126,97,90,#07E61D
127,97,90,#07E621
128,97,90,#07E625
129,97,90,#07E628
130,97,90,#07E62C
131,97,90,#07E630
132,97,90,#07E633
133,97,90,#07E637
134,97,90,#07E63B
135,97,90,#07E63F
136,97,90,#07E642
137,97,90,#07E646
138,97,90,#07E64A
139,97,90,#07E64D
140,97,90,#07E651
141,97,90,#07E655
142,97,90,#07E659
143,97,90,#07E65C
144,97,90,#07E660
145,97,90,#07E664
146,97,90,#07E667
147,97,90,#07E66B
148,97,90,#07E66F
149,97,90,#07E672
150,97,90,#07E676
151,97,90,#07E67A
152,97,90,#07E67E
153,97,90,#07E681
154,97,90,#07E685
155,97,90,#07E689
156,97,90,#07E68C
157,97,90,#07E690
158,97,90,#07E694
159,97,90,#07E698
160,97,90,#07E69B
161,97,90,#07E69F
162,97,90,#07E6A3
163,97,90,#07E6A6
164,97,90,#07E6AA
165,97,90,#07E6AE
166,97,90,#07E6B2
167,97,90,#07E6B5
168,97,90,#07E6B9
169,97,90,#07E6BD
170,97,90,#07E6C0
171,97,90,#07E6C4
172,97,90,#07E6C8
173,97,90,#07E6CC
174,97,90,#07E6CF
175,97,90,#07E6D3
176,97,90,#07E6D7
177,97,90,#07E6DA
178,97,90,#07E6DE
179,97,90,#07E6E2
180,97,90,#07E6E6
181,97,90,#07E2E6
182,97,90,#07DEE6
183,97,90,#07DAE6
184,97,90,#07D7E6
185,97,90,#07D3E6
186,97,90,#07CFE6
187,97,90,#07CCE6
188,97,90,#07C8E6
189,97,90,#07C4E6
190,97,90,#07C0E6
191,97,90,#07BDE6
192,97,90,#07B9E6
193,97,90,#07B5E6
194,97,90,#07B2E6
195,97,90,#07AEE6
196,97,90,#07AAE6
197,97,90,#07A6E6
198,97,90,#07A3E6
199,97,90,#079FE6
200,97,90,#079BE6
201,97,90,#0798E6
202,97,90,#0794E6
203,97,90,#0790E6
204,97,90,#078CE6
205,97,90,#0789E6
206,97,90,#0785E6
207,97,90,#0781E6
208,97,90,#077EE6
209,97,90,#077AE6
210,97,90,#0776E6
211,97,90,#0772E6
212,97,90,#076FE6
213,97,90,#076BE6
214,97,90,#0767E6
215,97,90,#0764E6
216,97,90,#0760E6
217,97,90,#075CE6
218,97,90,#0759E6
219,97,90,#0755E6
220,97,90,#0751E6
221,97,90,#074DE6
222,97,90,#074AE6
223,97,90,#0746E6
224,97,90,#0742E6
225,97,90,#073FE6
226,97,90,#073BE6
227,97,90,#0737E6
228,97,90,#0733E6
229,97,90,#0730E6
230,97,90,#072CE6
231,97,90,#0728E6
232,97,90,#0725E6
233,97,90,#0721E6
234,97,90,#071DE6
235,97,90,#0719E6
236,97,90,#0716E6
237,97,90,#0712E6
238,97,90,#070EE6
239,97,90,#070BE6
240,97,90,#0707E6
241,97,90,#0B07E6
242,97,90,#0E07E6
243,97,90,#1207E6
244,97,90,#1607E6
245,97,90,#1907E6
246,97,90,#1D07E6
247,97,90,#2107E6
248,97,90,#2507E6
249,97,90,#2807E6
250,97,90,#2C07E6
251,97,90,#3007E6
252,97,90,#3307E6
253,97,90,#3707E6
254,97,90,#3B07E6
255,97,90,#3F07E6
256,97,90,#4207E6
257,97,90,#4607E6
258,97,90,#4A07E6
259,97,90,#4D07E6
260,97,90,#5107E6
261,97,90,#5507E6
262,97,90,#5907E6
263,97,90,#5C07E6
264,97,90,#6007E6
265,97,90,#6407E6
266,97,90,#6707E6
267,97,90,#6B07E6
268,97,90,#6F07E6
269,97,90,#7207E6
270,97,90,#7607E6
271,97,90,#7A07E6
272,97,90,#7E07E6
273,97,90,#8107E6
274,97,90,#8507E6
275,97,90,#8907E6
276,97,90,#8C07E6
277,97,90,#9007E6
278,97,90,#9407E6
279,97,90,#9807E6
280,97,90,#9B07E6
281,97,90,#9F07E6
282,97,90,#A307E6
283,97,90,#A607E6
284,97,90,#AA07E6
285,97,90,#AE07E6
286,97,90,#B207E6
287,97,90,#B507E6
288,97,90,#B907E6
289,97,90,#BD07E6
290,97,90,#C007E6
291,97,90,#C407E6
292,97,90,#C807E6
293,97,90,#CC07E6
294,97,90,#CF07E6
295,97,90,#D307E6
296,97,90,#D707E6
297,97,90,#DA07E6
298,97,90,#DE07E6
299,97,90,#E207E6
300,97,90,#E607E6
301,97,90,#E607E2
302,97,90,#E607DE
303,97,90,#E607DA
304,97,90,#E607D7
305,97,90,#E607D3
306,97,90,#E607CF
307,97,90,#E607CC
308,97,90,#E607C8
309,97,90,#E607C4
310,97,90,#E607C0
311,97,90,#E607BD
312,97,90,#E607B9
313,97,90,#E607B5
314,97,90,#E607B2
315,97,90,#E607AE
316,97,90,#E607AA
317,97,90,#E607A6
318,97,90,#E607A3
319,97,90,#E6079F
320,97,90,#E6079B
321,97,90,#E60798
322,97,90,#E60794
323,97,90,#E60790
324,97,90,#E6078C
325,97,90,#E60789
326,97,90,#E60785
327,97,90,#E60781
328,97,90,#E6077E
329,97,90,#E6077A
330,97,90,#E60776
331,97,90,#E60772
332,97,90,#E6076F
333,97,90,#E6076B
334,97,90,#E60767
335,97,90,#E60764
336,97,90,#E60760
337,97,90,#E6075C
338,97,90,#E60759
339,97,90,#E60755
340,97,90,#E60751
341,97,90,#E6074D
342,97,90,#E6074A
343,97,90,#E60746
344,97,90,#E60742
345,97,90,#E6073F
346,97,90,#E6073B
347,97,90,#E60737
348,97,90,#E60733
349,97,90,#E60730
350,97,90,#E6072C
351,97,90,#E60728
352,97,90,#E60725
353,97,90,#E60721
354,97,90,#E6071D
355,97,90,#E60719
356,97,90,#E60716
357,97,90,#E60712
358,97,90,#E6070E
359,97,90,#E6070B
0,96,90,#E60909
1,96,90,#E60D09
2,96,90,#E61109
3,96,90,#E61409
4,96,90,#E61809
5,96,90,#E61C09
6,96,90,#E61F09
7,96,90,#E62309
8,96,90,#E62709
9,96,90,#E62A09
10,96,90,#E62E09
11,96,90,#E63209
12,96,90,#E63509
13,96,90,#E63909
14,96,90,#E63D09
15,96,90,#E64009
16,96,90,#E64409
17,96,90,#E64809
18,96,90,#E64B09
19,96,90,#E64F09
20,96,90,#E65309
21,96,90,#E65609
22,96,90,#E65A09
23,96,90,#E65E09
24,96,90,#E66109
25,96,90,#E66509
26,96,90,#E66909
27,96,90,#E66C09
28,96,90,#E67009
29,96,90,#E67409
30,96,90,#E67709
31,96,90,#E67B09
32,96,90,#E67F09
33,96,90,#E68209
34,96,90,#E68609
35,96,90,#E68A09
36,96,90,#E68D09
37,96,90,#E69109
38,96,90,#E69509
39,96,90,#E69809
40,96,90,#E69C09
41,96,90,#E6A009
42,96,90,#E6A309
43,96,90,#E6A709
44,96,90,#E6AB09
45,96,90,#E6AE09
46,96,90,#E6B209
47,96,90,#E6B609
48,96,90,#E6B909
49,96,90,#E6BD09
50,96,90,#E6C109
51,96,90,#E6C409
52,96,90,#E6C809
53,96,90,#E6CC09
54,96,90,#E6CF09
55,96,90,#E6D309
56,96,90,#E6D709
57,96,90,#E6DA09
58,96,90,#E6DE09
59,96,90,#E6E209
60,96,90,#E6E609
61,96,90,#E2E609
62,96,90,#DEE609
63,96,90,#DAE609
64,96,90,#D7E609
65,96,90,#D3E609
66,96,90,#CFE609
67,96,90,#CCE609
68,96,90,#C8E609
69,96,90,#C4E609
70,96,90,#C1E609
71,96,90,#BDE609
72,96,90,#B9E609
73,96,90,#B6E609
74,96,90,#B2E609
75,96,90,#AEE609
76,96,90,#ABE609
77,96,90,#A7E609
78,96,90,#A3E609
79,96,90,#A0E609
80,96,90,#9CE609
81,96,90,#98E609
82,96,90,#95E609
83,96,90,#91E609
84,96,90,#8DE609
85,96,90,#8AE609
86,96,90,#86E609
87,96,90,#82E609
88,96,90,#7FE609
89,96,90,#7BE609
90,96,90,#77E609
91,96,90,#74E609
92,96,90,#70E609
93,96,90,#6CE609
94,96,90,#69E609
95,96,90,#65E609
96,96,90,#61E609
97,96,90,#5EE609
98,96,90,#5AE609
99,96,90,#56E609
100,96,90,#53E609
101,96,90,#4FE609
102,96,90,#4BE609
103,96,90,#48E609
104,96,90,#44E609
105,96,90,#40E609
106,96,90,#3DE609
107,96,90,#39E609
108,96,90,#35E609
109,96,90,#32E609
110,96,90,#2EE609
111,96,90,#2AE609
112,96,90,#27E609
113,96,90,#23E609
114,96,90,#1FE609
115,96,90,#1CE609
116,96,90,#18E609
117,96,90,#14E609
118,96,90,#11E609
119,96,90,#0DE609
120,96,90,#09E609
121,96,90,#09E60D
122,96,90,#09E611
123,96,90,#09E614
124,96,90,#09E618
125,96,90,#09E61C
126,96,90,#09E61F
127,96,90,#09E623
128,96,90,#09E627
129,96,90,#09E62A
130,96,90,#09E62E
131,96,90,#09E632
132,96,90,#09E635
133,96,90,#09E639
134,96,90,#09E63D
135,96,90,#09E640
136,96,90,#09E644
137,96,90,#09E648
138,96,90,#09E64B
139,96,90,#09E64F
140,96,90,#09E653
141,96,90,#09E656
142,96,90,#09E65A
143,96,90,#09E65E
144,96,90,#09E661
145,96,90,#09E665
146,96,90,#09E669
147,96,90,#09E66C
148,96,90,#09E670
149,96,90,#09E674
150,96,90,#09E677
151,96,90,#09E67B
152,96,90,#09E67F
153,96,90,#09E682
154,96,90,#09E686
155,96,90,#09E68A
156,96,90,#09E68D
157,96,90,#09E691
158,96,90,#09E695
159,96,90,#09E698
160,96,90,#09E69C
161,96,90,#09E6A0
162,96,90,#09E6A3
163,96,90,#09E6A7
164,96,90,#09E6AB
165,96,90,#09E6AE
166,96,90,#09E6B2
167,96,90,#09E6B6
168,96,90,#09E6B9
169,96,90,#09E6BD
170,96,90,#09E6C1
171,96,90,#09E6C4
172,96,90,#09E6C8
173,96,90,#09E6CC
174,96,90,#09E6CF
175,96,90,#09E6D3
176,96,90,#09E6D7
177,96,90,#09E6DA
178,96,90,#09E6DE
179,96,90,#09E6E2
180,96,90,#09E6E6
181,96,90,#09E2E6
182,96,90,#09DEE6
183,96,90,#09DAE6
184,96,90,#09D7E6
185,96,90,#09D3E6
186,96,90,#09CFE6
187,96,90,#09CCE6
188,96,90,#09C8E6
189,96,90,#09C4E6
190,96,90,#09C1E6
191,96,90,#09BDE6
192,96,90,#09B9E6
193,96,90,#09B6E6
194,96,90,#09B2E6
195,96,90,#09AEE6
196,96,90,#09ABE6
197,96,90,#09A7E6
198,96,90,#09A3E6
199,96,90,#09A0E6
200,96,90,#099CE6
201,96,90,#0998E6
202,96,90,#0995E6
203,96,90,#0991E6
204,96,90,#098DE6
205,96,90,#098AE6
206,96,90,#0986E6
207,96,90,#0982E6
208,96,90,#097FE6
209,96,90,#097BE6
210,96,90,#0977E6
211,96,90,#0974E6
212,96,90,#0970E6
213,96,90,#096CE6
214,96,90,#0969E6
215,96,90,#0965E6
216,96,90,#0961E6
217,96,90,#095EE6
218,96,90,#095AE6
219,96,90,#0956E6
220,96,90,#0953E6
221,96,90,#094FE6
222,96,90,#094BE6
223,96,90,#0948E6
224,96,90,#0944E6
225,96,90,#0940E6
226,96,90,#093DE6
227,96,90,#0939E6
228,96,90,#0935E6
229,96,90,#0932E6
230,96,90,#092EE6
231,96,90,#092AE6
232,96,90,#0927E6
233,96,90,#0923E6
234,96,90,#091FE6
235,96,90,#091CE6
236,96,90,#0918E6
237,96,90,#0914E6
238,96,90,#0911E6
239,96,90,#090DE6
240,96,90,#0909E6
241,96,90,#0D09E6
242,96,90,#1109E6
243,96,90,#1409E6
244,96,90,#1809E6
245,96,90,#1C09E6
246,96,90,#1F09E6
247,96,90,#2309E6
248,96,90,#2709E6
249,96,90,#2A09E6
250,96,90,#2E09E6
251,96,90,#3209E6
252,96,90,#3509E6
253,96,90,#3909E6
254,96,90,#3D09E6
255,96,90,#4009E6
256,96,90,#4409E6
257,96,90,#4809E6
258,96,90,#4B09E6
259,96,90,#4F09E6
260,96,90,#5309E6
261,96,90,#5609E6
262,96,90,#5A09E6
263,96,90,#5E09E6
264,96,90,#6109E6
265,96,90,#6509E6
266,96,90,#6909E6
267,96,90,#6C09E6
268,96,90,#7009E6
269,96,90,#7409E6
270,96,90,#7709E6
271,96,90,#7B09E6
272,96,90,#7F09E6
273,96,90,#8209E6
274,96,90,#8609E6
275,96,90,#8A09E6
276,96,90,#8D09E6
277,96,90,#9109E6
278,96,90,#9509E6
279,96,90,#9809E6
280,96,90,#9C09E6
281,96,90,#A009E6
282,96,90,#A309E6
283,96,90,#A709E6
284,96,90,#AB09E6
285,96,90,#AE09E6
286,96,90,#B209E6
287,96,90,#B609E6
288,96,90,#B909E6
289,96,90,#BD09E6
290,96,90,#C109E6
291,96,90,#C409E6
292,96,90,#C809E6
293,96,90,#CC09E6
294,96,90,#CF09E6
295,96,90,#D309E6
296,96,90,#D709E6
297,96,90,#DA09E6
298,96,90,#DE09E6
299,96,90,#E209E6
300,96,90,#E609E6
301,96,90,#E609E2
302,96,90,#E609DE
303,96,90,#E609DA
304,96,90,#E609D7
305,96,90,#E609D3
306,96,90,#E609CF
307,96,90,#E609CC
308,96,90,#E609C8
309,96,90,#E609C4
310,96,90,#E609C1
311,96,90,#E609BD
312,96,90,#E609B9
313,96,90,#E609B6
314,96,90,#E609B2
315,96,90,#E609AE
316,96,90,#E609AB
317,96,90,#E609A7
318,96,90,#E609A3
319,96,90,#E609A0
320,96,90,#E6099C
321,96,90,#E60998
322,96,90,#E60995
323,96,90,#E60991
324,96,90,#E6098D
325,96,90,#E6098A
326,96,90,#E60986
327,96,90,#E60982
328,96,90,#E6097F
329,96,90,#E6097B
330,96,90,#E60977
331,96,90,#E60974
332,96,90,#E60970
333,96,90,#E6096C
334,96,90,#E60969
335,96,90,#E60965
336,96,90,#E60961
337,96,90,#E6095E
338,96,90,#E6095A
339,96,90,#E60956
340,96,90,#E60953
341,96,90,#E6094F
342,96,90,#E6094B
343,96,90,#E60948
344,96,90,#E60944
345,96,90,#E60940
346,96,90,#E6093D
347,96,90,#E60939
348,96,90,#E60935
349,96,90,#E60932
350,96,90,#E6092E
351,96,90,#E6092A
352,96,90,#E60927
353,96,90,#E60923
354,96,90,#E6091F
355,96,90,#E6091C
356,96,90,#E60918
357,96,90,#E60914
358,96,90,#E60911
359,96,90,#E6090D
0,95,90,#E60B0B
1,95,90,#E60F0B
2,95,90,#E6130B
3,95,90,#E6160B
4,95,90,#E61A0B
5,95,90,#E61E0B
6,95,90,#E6210B
7,95,90,#E6250B
8,95,90,#E6290B
9,95,90,#E62C0B
10,95,90,#E6300B
11,95,90,#E6330B
12,95,90,#E6370B
13,95,90,#E63B0B
14,95,90,#E63E0B
15,95,90,#E6420B
16,95,90,#E6460B
17,95,90,#E6490B
18,95,90,#E64D0B
19,95,90,#E6510B
20,95,90,#E6540B
21,95,90,#E6580B
22,95,90,#E65B0B
23,95,90,#E65F0B
24,95,90,#E6630B
25,95,90,#E6660B
26,95,90,#E66A0B
27,95,90,#E66E0B
28,95,90,#E6710B
29,95,90,#E6750B
30,95,90,#E6780B
31,95,90,#E67C0B
32,95,90,#E6800B
33,95,90,#E6830B
34,95,90,#E6870B
35,95,90,#E68B0B
36,95,90,#E68E0B
37,95,90,#E6920B
38,95,90,#E6960B
39,95,90,#E6990B
40,95,90,#E69D0B
41,95,90,#E6A00B
42,95,90,#E6A40B
43,95,90,#E6A80B
44,95,90,#E6AB0B
45,95,90,#E6AF0B
46,95,90,#E6B30B
47,95,90,#E6B60B
48,95,90,#E6BA0B
49,95,90,#E6BE0B
50,95,90,#E6C10B
51,95,90,#E6C50B
52,95,90,#E6C80B
53,95,90,#E6CC0B
54,95,90,#E6D00B
55,95,90,#E6D30B
56,95,90,#E6D70B
57,95,90,#E6DB0B
58,95,90,#E6DE0B
59,95,90,#E6E20B
60,95,90,#E6E60B
61,95,90,#E2E60B
62,95,90,#DEE60B
63,95,90,#DBE60B
64,95,90,#D7E60B
65,95,90,#D3E60B
66,95,90,#D0E60B
67,95,90,#CCE60B
68,95,90,#C8E60B
69,95,90,#C5E60B
70,95,90,#C1E60B
71,95,90,#BEE60B
72,95,90,#BAE60B
73,95,90,#B6E60B
74,95,90,#B3E60B
75,95,90,#AFE60B
76,95,90,#ABE60B
77,95,90,#A8E60B
78,95,90,#A4E60B
79,95,90,#A0E60B
80,95,90,#9DE60B
81,95,90,#99E60B
82,95,90,#96E60B
83,95,90,#92E60B
84,95,90,#8EE60B
85,95,90,#8BE60B
86,95,90,#87E60B
87,95,90,#83E60B
88,95,90,#80E60B
89,95,90,#7CE60B
90,95,90,#78E60B
91,95,90,#75E60B
92,95,90,#71E60B
93,95,90,#6EE60B
94,95,90,#6AE60B
95,95,90,#66E60B
96,95,90,#63E60B
97,95,90,#5FE60B
98,95,90,#5BE60B
99,95,90,#58E60B
100,95,90,#54E60B
101,95,90,#51E60B
102,95,90,#4DE60B
103,95,90,#49E60B
104,95,90,#46E60B
105,95,90,#42E60B
106,95,90,#3EE60B
107,95,90,#3BE60B
108,95,90,#37E60B
109,95,90,#33E60B
110,95,90,#30E60B
111,95,90,#2CE60B
112,95,90,#29E60B
113,95,90,#25E60B
114,95,90,#21E60B
115,95,90,#1EE60B
116,95,90,#1AE60B
117,95,90,#16E60B
118,95,90,#13E60B
119,95,90,#0FE60B
120,95,90,#0BE60B
121,95,90,#0BE60F
122,95,90,#0BE613
123,95,90,#0BE616
124,95,90,#0BE61A
125,95,90,#0BE61E
126,95,90,#0BE621
127,95,90,#0BE625
128,95,90,#0BE629
129,95,90,#0BE62C
130,95,90,#0BE630
131,95,90,#0BE633
132,95,90,#0BE637
133,95,90,#0BE63B
134,95,90,#0BE63E
135,95,90,#0BE642
136,95,90,#0BE646
137,95,90,#0BE649
138,95,90,#0BE64D
139,95,90,#0BE651
140,95,90,#0BE654
141,95,90,#0BE658
142,95,90,#0BE65B
143,95,90,#0BE65F
144,95,90,#0BE663
145,95,90,#0BE666
146,95,90,#0BE66A
147,95,90,#0BE66E
148,95,90,#0BE671
149,95,90,#0BE675
150,95,90,#0BE678
151,95,90,#0BE67C
152,95,90,#0BE680
153,95,90,#0BE683
154,95,90,#0BE687
155,95,90,#0BE68B
156,95,90,#0BE68E
157,95,90,#0BE692
158,95,90,#0BE696
159,95,90,#0BE699
160,95,90,#0BE69D
161,95,90,#0BE6A0
162,95,90,#0BE6A4
163,95,90,#0BE6A8
164,95,90,#0BE6AB
165,95,90,#0BE6AF
166,95,90,#0BE6B3
167,95,90,#0BE6B6
168,95,90,#0BE6BA
169,95,90,#0BE6BE
170,95,90,#0BE6C1
171,95,90,#0BE6C5
172,95,90,#0BE6C8
173,95,90,#0BE6CC
174,95,90,#0BE6D0
175,95,90,#0BE6D3
176,95,90,#0BE6D7
177,95,90,#0BE6DB
178,95,90,#0BE6DE
179,95,90,#0BE6E2
180,95,90,#0BE6E6
181,95,90,#0BE2E6
182,95,90,#0BDEE6
183,95,90,#0BDBE6
184,95,90,#0BD7E6
185,95,90,#0BD3E6
186,95,90,#0BD0E6
187,95,90,#0BCCE6
188,95,90,#0BC8E6
189,95,90,#0BC5E6
190,95,90,#0BC1E6
191,95,90,#0BBEE6
192,95,90,#0BBAE6
193,95,90,#0BB6E6
194,95,90,#0BB3E6
195,95,90,#0BAFE6
196,95,90,#0BABE6
197,95,90,#0BA8E6
198,95,90,#0BA4E6
199,95,90,#0BA0E6
200,95,90,#0B9DE6
201,95,90,#0B99E6
202,95,90,#0B96E6
203,95,90,#0B92E6
204,95,90,#0B8EE6
205,95,90,#0B8BE6
206,95,90,#0B87E6
207,95,90,#0B83E6
208,95,90,#0B80E6
209,95,90,#0B7CE6
210,95,90,#0B78E6
211,95,90,#0B75E6
212,95,90,#0B71E6
213,95,90,#0B6EE6
214,95,90,#0B6AE6
215,95,90,#0B66E6
216,95,90,#0B63E6
217,95,90,#0B5FE6
218,95,90,#0B5BE6
219,95,90,#0B58E6
220,95,90,#0B54E6
221,95,90,#0B51E6
222,95,90,#0B4DE6
223,95,90,#0B49E6
224,95,90,#0B46E6
225,95,90,#0B42E6
226,95,90,#0B3EE6
227,95,90,#0B3BE6
228,95,90,#0B37E6
229,95,90,#0B33E6
230,95,90,#0B30E6
231,95,90,#0B2CE6
232,95,90,#0B29E6
233,95,90,#0B25E6
234,95,90,#0B21E6
235,95,90,#0B1EE6
236,95,90,#0B1AE6
237,95,90,#0B16E6
238,95,90,#0B13E6
239,95,90,#0B0FE6
240,95,90,#0B0BE6
241,95,90,#0F0BE6
242,95,90,#130BE6
243,95,90,#160BE6
244,95,90,#1A0BE6
245,95,90,#1E0BE6
246,95,90,#210BE6
247,95,90,#250BE6
248,95,90,#290BE6
249,95,90,#2C0BE6
250,95,90,#300BE6
251,95,90,#330BE6
252,95,90,#370BE6
253,95,90,#3B0BE6
254,95,90,#3E0BE6
255,95,90,#420BE6
256,95,90,#460BE6
257,95,90,#490BE6
258,95,90,#4D0BE6
259,95,90,#510BE6
260,95,90,#540BE6
261,95,90,#580BE6
262,95,90,#5B0BE6
263,95,90,#5F0BE6
264,95,90,#630BE6
265,95,90,#660BE6
266,95,90,#6A0BE6
267,95,90,#6E0BE6
268,95,90,#710BE6
269,95,90,#750BE6
270,95,90,#780BE6
271,95,90,#7C0BE6
272,95,90,#800BE6
273,95,90,#830BE6
274,95,90,#870BE6
275,95,90,#8B0BE6
276,95,90,#8E0BE6
277,95,90,#920BE6
278,95,90,#960BE6
279,95,90,#990BE6
280,95,90,#9D0BE6
281,95,90,#A00BE6
282,95,90,#A40BE6
283,95,90,#A80BE6
284,95,90,#AB0BE6
285,95,90,#AF0BE6
286,95,90,#B30BE6
287,95,90,#B60BE6
288,95,90,#BA0BE6
289,95,90,#BE0BE6
290,95,90,#C10BE6
291,95,90,#C50BE6
292,95,90,#C80BE6
293,95,90,#CC0BE6
294,95,90,#D00BE6
295,95,90,#D30BE6
296,95,90,#D70BE6
297,95,90,#DB0BE6
298,95,90,#DE0BE6
299,95,90,#E20BE6
300,95,90,#E60BE6
301,95,90,#E60BE2
302,95,90,#E60BDE
303,95,90,#E60BDB
304,95,90,#E60BD7
305,95,90,#E60BD3
306,95,90,#E60BD0
307,95,90,#E60BCC
308,95,90,#E60BC8
309,95,90,#E60BC5
310,95,90,#E60BC1
311,95,90,#E60BBE
312,95,90,#E60BBA
313,95,90,#E60BB6
314,95,90,#E60BB3
315,95,90,#E60BAF
316,95,90,#E60BAB
317,95,90,#E60BA8
318,95,90,#E60BA4
319,95,90,#E60BA0
320,95,90,#E60B9D
321,95,90,#E60B99
322,95,90,#E60B96
323,95,90,#E60B92
324,95,90,#E60B8E
325,95,90,#E60B8B
326,95,90,#E60B87
327,95,90,#E60B83
328,95,90,#E60B80
329,95,90,#E60B7C
330,95,90,#E60B78
331,95,90,#E60B75
332,95,90,#E60B71
333,95,90,#E60B6E
334,95,90,#E60B6A
335,95,90,#E60B66
336,95,90,#E60B63
337,95,90,#E60B5F
338,95,90,#E60B5B
339,95,90,#E60B58
340,95,90,#E60B54
341,95,90,#E60B51
342,95,90,#E60B4D
343,95,90,#E60B49
344,95,90,#E60B46
345,95,90,#E60B42
346,95,90,#E60B3E
347,95,90,#E60B3B
348,95,90,#E60B37
349,95,90,#E60B33
350,95,90,#E60B30
351,95,90,#E60B2C
352,95,90,#E60B29
353,95,90,#E60B25
354,95,90,#E60B21
355,95,90,#E60B1E
356,95,90,#E60B1A
357,95,90,#E60B16
358,95,90,#E60B13
359,95,90,#E60B0F
0,94,90,#E60E0E
1,94,90,#E6110E
2,94,90,#E6150E
3,94,90,#E6190E
4,94,90,#E61C0E
5,94,90,#E6200E
6,94,90,#E6230E
7,94,90,#E6270E
8,94,90,#E62B0E
9,94,90,#E62E0E
10,94,90,#E6320E
11,94,90,#E6350E
12,94,90,#E6390E
13,94,90,#E63D0E
14,94,90,#E6400E
15,94,90,#E6440E
16,94,90,#E6470E
17,94,90,#E64B0E
18,94,90,#E64E0E
19,94,90,#E6520E
20,94,90,#E6560E
21,94,90,#E6590E
22,94,90,#E65D0E
23,94,90,#E6600E
24,94,90,#E6640E
25,94,90,#E6680E
26,94,90,#E66B0E
27,94,90,#E66F0E
28,94,90,#E6720E
29,94,90,#E6760E
30,94,90,#E67A0E
31,94,90,#E67D0E
32,94,90,#E6810E
33,94,90,#E6840E
34,94,90,#E6880E
35,94,90,#E68C0E
36,94,90,#E68F0E
37,94,90,#E6930E
38,94,90,#E6960E
39,94,90,#E69A0E
40,94,90,#E69E0E
41,94,90,#E6A10E
42,94,90,#E6A50E
43,94,90,#E6A80E
44,94,90,#E6AC0E
45,94,90,#E6B00E
46,94,90,#E6B30E
47,94,90,#E6B70E
48,94,90,#E6BA0E
49,94,90,#E6BE0E
50,94,90,#E6C20E
51,94,90,#E6C50E
52,94,90,#E6C90E
53,94,90,#E6CC0E
54,94,90,#E6D00E
55,94,90,#E6D40E
56,94,90,#E6D70E
57,94,90,#E6DB0E
58,94,90,#E6DE0E
59,94,90,#E6E20E
60,94,90,#E6E60E
61,94,90,#E2E60E
62,94,90,#DEE60E
63,94,90,#DBE60E
64,94,90,#D7E60E
65,94,90,#D4E60E
66,94,90,#D0E60E
67,94,90,#CCE60E
68,94,90,#C9E60E
69,94,90,#C5E60E
70,94,90,#C2E60E
71,94,90,#BEE60E
72,94,90,#BAE60E
73,94,90,#B7E60E
74,94,90,#B3E60E
75,94,90,#B0E60E
76,94,90,#ACE60E
77,94,90,#A8E60E
78,94,90,#A5E60E
79,94,90,#A1E60E
80,94,90,#9EE60E
81,94,90,#9AE60E
82,94,90,#96E60E
83,94,90,#93E60E
84,94,90,#8FE60E
85,94,90,#8CE60E
86,94,90,#88E60E
87,94,90,#84E60E
88,94,90,#81E60E
89,94,90,#7DE60E
90,94,90,#7AE60E
91,94,90,#76E60E
92,94,90,#72E60E
93,94,90,#6FE60E
94,94,90,#6BE60E
95,94,90,#68E60E
96,94,90,#64E60E
97,94,90,#60E60E
98,94,90,#5DE60E
99,94,90,#59E60E
100,94,90,#56E60E
101,94,90,#52E60E
102,94,90,#4EE60E
103,94,90,#4BE60E
104,94,90,#47E60E
105,94,90,#44E60E
106,94,90,#40E60E
107,94,90,#3DE60E
108,94,90,#39E60E
109,94,90,#35E60E
110,94,90,#32E60E
111,94,90,#2EE60E
112,94,90,#2BE60E
113,94,90,#27E60E
114,94,90,#23E60E
115,94,90,#20E60E
116,94,90,#1CE60E
117,94,90,#19E60E
118,94,90,#15E60E
119,94,90,#11E60E
120,94,90,#0EE60E
121,94,90,#0EE611
122,94,90,#0EE615
123,94,90,#0EE619
124,94,90,#0EE61C
125,94,90,#0EE620
126,94,90,#0EE623
127,94,90,#0EE627
128,94,90,#0EE62B
129,94,90,#0EE62E
130,94,90,#0EE632
131,94,90,#0EE635
132,94,90,#0EE639
133,94,90,#0EE63D
134,94,90,#0EE640
135,94,90,#0EE644
136,94,90,#0EE647
137,94,90,#0EE64B
138,94,90,#0EE64E
139,94,90,#0EE652
140,94,90,#0EE656
141,94,90,#0EE659
142,94,90,#0EE65D
143,94,90,#0EE660
144,94,90,#0EE664
145,94,90,#0EE668
146,94,90,#0EE66B
147,94,90,#0EE66F
148,94,90,#0EE672
149,94,90,#0EE676
150,94,90,#0EE67A
151,94,90,#0EE67D
152,94,90,#0EE681
153,94,90,#0EE684
154,94,90,#0EE688
155,94,90,#0EE68C
156,94,90,#0EE68F
157,94,90,#0EE693
158,94,90,#0EE696
159,94,90,#0EE69A
160,94,90,#0EE69E
161,94,90,#0EE6A1
162,94,90,#0EE6A5
163,94,90,#0EE6A8
164,94,90,#0EE6AC
165,94,90,#0EE6B0
166,94,90,#0EE6B3
167,94,90,#0EE6B7
168,94,90,#0EE6BA
169,94,90,#0EE6BE
170,94,90,#0EE6C2
171,94,90,#0EE6C5
172,94,90,#0EE6C9
173,94,90,#0EE6CC
174,94,90,#0EE6D0
175,94,90,#0EE6D4
176,94,90,#0EE6D7
177,94,90,#0EE6DB
178,94,90,#0EE6DE
179,94,90,#0EE6E2
180,94,90,#0EE6E6
181,94,90,#0EE2E6
182,94,90,#0EDEE6
183,94,90,#0EDBE6
184,94,90,#0ED7E6
185,94,90,#0ED4E6
186,94,90,#0ED0E6
187,94,90,#0ECCE6
188,94,90,#0EC9E6
189,94,90,#0EC5E6
190,94,90,#0EC2E6
191,94,90,#0EBEE6
192,94,90,#0EBAE6
193,94,90,#0EB7E6
194,94,90,#0EB3E6
195,94,90,#0EB0E6
196,94,90,#0EACE6
197,94,90,#0EA8E6
198,94,90,#0EA5E6
199,94,90,#0EA1E6
200,94,90,#0E9EE6
201,94,90,#0E9AE6
202,94,90,#0E96E6
203,94,90,#0E93E6
204,94,90,#0E8FE6
205,94,90,#0E8CE6
206,94,90,#0E88E6
207,94,90,#0E84E6
208,94,90,#0E81E6
209,94,90,#0E7DE6
210,94,90,#0E7AE6
211,94,90,#0E76E6
212,94,90,#0E72E6
213,94,90,#0E6FE6
214,94,90,#0E6BE6
215,94,90,#0E68E6
216,94,90,#0E64E6
217,94,90,#0E60E6
218,94,90,#0E5DE6
219,94,90,#0E59E6
220,94,90,#0E56E6
221,94,90,#0E52E6
222,94,90,#0E4EE6
223,94,90,#0E4BE6
224,94,90,#0E47E6
225,94,90,#0E44E6
226,94,90,#0E40E6
227,94,90,#0E3DE6
228,94,90,#0E39E6
229,94,90,#0E35E6
230,94,90,#0E32E6
231,94,90,#0E2EE6
232,94,90,#0E2BE6
233,94,90,#0E27E6
234,94,90,#0E23E6
235,94,90,#0E20E6
236,94,90,#0E1CE6
237,94,90,#0E19E6
238,94,90,#0E15E6
239,94,90,#0E11E6
240,94,90,#0E0EE6
241,94,90,#110EE6
242,94,90,#150EE6
243,94,90,#190EE6
244,94,90,#1C0EE6
245,94,90,#200EE6
246,94,90,#230EE6
247,94,90,#270EE6
248,94,90,#2B0EE6
249,94,90,#2E0EE6
250,94,90,#320EE6
251,94,90,#350EE6
252,94,90,#390EE6
253,94,90,#3D0EE6
254,94,90,#400EE6
255,94,90,#440EE6
256,94,90,#470EE6
257,94,90,#4B0EE6
258,94,90,#4E0EE6
259,94,90,#520EE6
260,94,90,#560EE6
261,94,90,#590EE6
262,94,90,#5D0EE6
263,94,90,#600EE6
264,94,90,#640EE6
265,94,90,#680EE6
266,94,90,#6B0EE6
267,94,90,#6F0EE6
268,94,90,#720EE6
269,94,90,#760EE6
270,94,90,#7A0EE6
271,94,90,#7D0EE6
272,94,90,#810EE6
273,94,90,#840EE6
274,94,90,#880EE6
275,94,90,#8C0EE6
276,94,90,#8F0EE6
277,94,90,#930EE6
278,94,90,#960EE6
279,94,90,#9A0EE6
280,94,90,#9E0EE6
281,94,90,#A10EE6
282,94,90,#A50EE6
283,94,90,#A80EE6
284,94,90,#AC0EE6
285,94,90,#B00EE6
286,94,90,#B30EE6
287,94,90,#B70EE6
288,94,90,#BA0EE6
289,94,90,#BE0EE6
290,94,90,#C20EE6
291,94,90,#C50EE6
292,94,90,#C90EE6
293,94,90,#CC0EE6
294,94,90,#D00EE6
295,94,90,#D40EE6
296,94,90,#D70EE6
297,94,90,#DB0EE6
298,94,90,#DE0EE6
299,94,90,#E20EE6
300,94,90,#E60EE6
301,94,90,#E60EE2
302,94,90,#E60EDE
303,94,90,#E60EDB
304,94,90,#E60ED7
305,94,90,#E60ED4
306,94,90,#E60ED0
307,94,90,#E60ECC
308,94,90,#E60EC9
309,94,90,#E60EC5
310,94,90,#E60EC2
311,94,90,#E60EBE
312,94,90,#E60EBA
313,94,90,#E60EB7
314,94,90,#E60EB3
315,94,90,#E60EB0
316,94,90,#E60EAC
317,94,90,#E60EA8
318,94,90,#E60EA5
319,94,90,#E60EA1
320,94,90,#E60E9E
321,94,90,#E60E9A
322,94,90,#E60E96
323,94,90,#E60E93
324,94,90,#E60E8F
325,94,90,#E60E8C
326,94,90,#E60E88
327,94,90,#E60E84
328,94,90,#E60E81
329,94,90,#E60E7D
330,94,90,#E60E7A
331,94,90,#E60E76
332,94,90,#E60E72
333,94,90,#E60E6F
334,94,90,#E60E6B
335,94,90,#E60E68
336,94,90,#E60E64
337,94,90,#E60E60
338,94,90,#E60E5D
339,94,90,#E60E59
340,94,90,#E60E56
341,94,90,#E60E52
342,94,90,#E60E4E
343,94,90,#E60E4B
344,94,90,#E60E47
345,94,90,#E60E44
346,94,90,#E60E40
347,94,90,#E60E3D
348,94,90,#E60E39
349,94,90,#E60E35
350,94,90,#E60E32
351,94,90,#E60E2E
352,94,90,#E60E2B
353,94,90,#E60E27
354,94,90,#E60E23
355,94,90,#E60E20
356,94,90,#E60E1C
357,94,90,#E60E19
358,94,90,#E60E15
359,94,90,#E60E11
0,93,90,#E61010
1,93,90,#E61410
2,93,90,#E61710
3,93,90,#E61B10
4,93,90,#E61E10
5,93,90,#E62210
6,93,90,#E62510
7,93,90,#E62910
8,93,90,#E62D10
9,93,90,#E63010
10,93,90,#E63410
11,93,90,#E63710
12,93,90,#E63B10
13,93,90,#E63E10
14,93,90,#E64210
15,93,90,#E64510
16,93,90,#E64910
17,93,90,#E64D10
18,93,90,#E65010
19,93,90,#E65410
20,93,90,#E65710
21,93,90,#E65B10
22,93,90,#E65E10
23,93,90,#E66210
24,93,90,#E66510
25,93,90,#E66910
26,93,90,#E66D10
27,93,90,#E67010
28,93,90,#E67410
29,93,90,#E67710
30,93,90,#E67B10
31,93,90,#E67E10
32,93,90,#E68210
33,93,90,#E68510
34,93,90,#E68910
35,93,90,#E68D10
36,93,90,#E69010
37,93,90,#E69410
38,93,90,#E69710
39,93,90,#E69B10
40,93,90,#E69E10
41,93,90,#E6A210
42,93,90,#E6A510
43,93,90,#E6A910
44,93,90,#E6AD10
45,93,90,#E6B010
46,93,90,#E6B410
47,93,90,#E6B710
48,93,90,#E6BB10
49,93,90,#E6BE10
50,93,90,#E6C210
51,93,90,#E6C510
52,93,90,#E6C910
53,93,90,#E6CD10
54,93,90,#E6D010
55,93,90,#E6D410
56,93,90,#E6D710
57,93,90,#E6DB10
58,93,90,#E6DE10
59,93,90,#E6E210
60,93,90,#E6E610
61,93,90,#E2E610
62,93,90,#DEE610
63,93,90,#DBE610
64,93,90,#D7E610
65,93,90,#D4E610
66,93,90,#D0E610
67,93,90,#CDE610
68,93,90,#C9E610
69,93,90,#C5E610
70,93,90,#C2E610
71,93,90,#BEE610
72,93,90,#BBE610
73,93,90,#B7E610
74,93,90,#B4E610
75,93,90,#B0E610
76,93,90,#ADE610
77,93,90,#A9E610
78,93,90,#A5E610
79,93,90,#A2E610
80,93,90,#9EE610
81,93,90,#9BE610
82,93,90,#97E610
83,93,90,#94E610
84,93,90,#90E610
85,93,90,#8DE610
86,93,90,#89E610
87,93,90,#85E610
88,93,90,#82E610
89,93,90,#7EE610
90,93,90,#7BE610
91,93,90,#77E610
92,93,90,#74E610
93,93,90,#70E610
94,93,90,#6DE610
95,93,90,#69E610
96,93,90,#65E610
97,93,90,#62E610
98,93,90,#5EE610
99,93,90,#5BE610
100,93,90,#57E610
101,93,90,#54E610
102,93,90,#50E610
103,93,90,#4DE610
104,93,90,#49E610
105,93,90,#45E610
106,93,90,#42E610
107,93,90,#3EE610
108,93,90,#3BE610
109,93,90,#37E610
110,93,90,#34E610
111,93,90,#30E610
112,93,90,#2DE610
113,93,90,#29E610
114,93,90,#25E610
115,93,90,#22E610
116,93,90,#1EE610
117,93,90,#1BE610
118,93,90,#17E610
119,93,90,#14E610
120,93,90,#10E610
121,93,90,#10E614
122,93,90,#10E617
123,93,90,#10E61B
124,93,90,#10E61E
125,93,90,#10E622
126,93,90,#10E625
127,93,90,#10E629
128,93,90,#10E62D
129,93,90,#10E630
130,93,90,#10E634
131,93,90,#10E637
132,93,90,#10E63B
133,93,90,#10E63E
134,93,90,#10E642
135,93,90,#10E645
136,93,90,#10E649
137,93,90,#10E64D
138,93,90,#10E650
139,93,90,#10E654
140,93,90,#10E657
141,93,90,#10E65B
142,93,90,#10E65E
143,93,90,#10E662
144,93,90,#10E665
145,93,90,#10E669
146,93,90,#10E66D
147,93,90,#10E670
148,93,90,#10E674
149,93,90,#10E677
150,93,90,#10E67B
151,93,90,#10E67E
152,93,90,#10E682
153,93,90,#10E685
154,93,90,#10E689
155,93,90,#10E68D
156,93,90,#10E690
157,93,90,#10E694
158,93,90,#10E697
159,93,90,#10E69B
160,93,90,#10E69E
161,93,90,#10E6A2
162,93,90,#10E6A5
163,93,90,#10E6A9
164,93,90,#10E6AD
165,93,90,#10E6B0
166,93,90,#10E6B4
167,93,90,#10E6B7
168,93,90,#10E6BB
169,93,90,#10E6BE
170,93,90,#10E6C2
171,93,90,#10E6C5
172,93,90,#10E6C9
173,93,90,#10E6CD
174,93,90,#10E6D0
175,93,90,#10E6D4
176,93,90,#10E6D7
177,93,90,#10E6DB
178,93,90,#10E6DE
179,93,90,#10E6E2
180,93,90,#10E6E6
181,93,90,#10E2E6
182,93,90,#10DEE6
183,93,90,#10DBE6
184,93,90,#10D7E6
185,93,90,#10D4E6
186,93,90,#10D0E6
187,93,90,#10CDE6
188,93,90,#10C9E6
189,93,90,#10C5E6
190,93,90,#10C2E6
191,93,90,#10BEE6
192,93,90,#10BBE6
193,93,90,#10B7E6
194,93,90,#10B4E6
195,93,90,#10B0E6
196,93,90,#10ADE6
197,93,90,#10A9E6
198,93,90,#10A5E6
199,93,90,#10A2E6
200,93,90,#109EE6
201,93,90,#109BE6
202,93,90,#1097E6
203,93,90,#1094E6
204,93,90,#1090E6
205,93,90,#108DE6
206,93,90,#1089E6
207,93,90,#1085E6
208,93,90,#1082E6
209,93,90,#107EE6
210,93,90,#107BE6
211,93,90,#1077E6
212,93,90,#1074E6
213,93,90,#1070E6
214,93,90,#106DE6
215,93,90,#1069E6
216,93,90,#1065E6
217,93,90,#1062E6
218,93,90,#105EE6
219,93,90,#105BE6
220,93,90,#1057E6
221,93,90,#1054E6
222,93,90,#1050E6
223,93,90,#104DE6
224,93,90,#1049E6
225,93,90,#1045E6
226,93,90,#1042E6
227,93,90,#103EE6
228,93,90,#103BE6
229,93,90,#1037E6
230,93,90,#1034E6
231,93,90,#1030E6
232,93,90,#102DE6
233,93,90,#1029E6
234,93,90,#1025E6
235,93,90,#1022E6
236,93,90,#101EE6
237,93,90,#101BE6
238,93,90,#1017E6
239,93,90,#1014E6
240,93,90,#1010E6
241,93,90,#1410E6
242,93,90,#1710E6
243,93,90,#1B10E6
244,93,90,#1E10E6
245,93,90,#2210E6
246,93,90,#2510E6
247,93,90,#2910E6
248,93,90,#2D10E6
249,93,90,#3010E6
250,93,90,#3410E6
251,93,90,#3710E6
252,93,90,#3B10E6
253,93,90,#3E10E6
254,93,90,#4210E6
255,93,90,#4510E6
256,93,90,#4910E6
257,93,90,#4D10E6
258,93,90,#5010E6
259,93,90,#5410E6
260,93,90,#5710E6
261,93,90,#5B10E6
262,93,90,#5E10E6
263,93,90,#6210E6
264,93,90,#6510E6
265,93,90,#6910E6
266,93,90,#6D10E6
267,93,90,#7010E6
268,93,90,#7410E6
269,93,90,#7710E6
270,93,90,#7B10E6
271,93,90,#7E10E6
272,93,90,#8210E6
273,93,90,#8510E6
274,93,90,#8910E6
275,93,90,#8D10E6
276,93,90,#9010E6
277,93,90,#9410E6
278,93,90,#9710E6
279,93,90,#9B10E6
280,93,90,#9E10E6
281,93,90,#A210E6
282,93,90,#A510E6
283,93,90,#A910E6
284,93,90,#AD10E6
285,93,90,#B010E6
286,93,90,#B410E6
287,93,90,#B710E6
288,93,90,#BB10E6
289,93,90,#BE10E6
290,93,90,#C210E6
291,93,90,#C510E6
292,93,90,#C910E6
293,93,90,#CD10E6
294,93,90,#D010E6
295,93,90,#D410E6
296,93,90,#D710E6
297,93,90,#DB10E6
298,93,90,#DE10E6
299,93,90,#E210E6
300,93,90,#E610E6
301,93,90,#E610E2
302,93,90,#E610DE
303,93,90,#E610DB
304,93,90,#E610D7
305,93,90,#E610D4
306,93,90,#E610D0
307,93,90,#E610CD
308,93,90,#E610C9
309,93,90,#E610C5
310,93,90,#E610C2
311,93,90,#E610BE
312,93,90,#E610BB
313,93,90,#E610B7
314,93,90,#E610B4
315,93,90,#E610B0
316,93,90,#E610AD
317,93,90,#E610A9
318,93,90,#E610A5
319,93,90,#E610A2
320,93,90,#E6109E
321,93,90,#E6109B
322,93,90,#E61097
323,93,90,#E61094
324,93,90,#E61090
325,93,90,#E6108D
326,93,90,#E61089
327,93,90,#E61085
328,93,90,#E61082
329,93,90,#E6107E
330,93,90,#E6107B
331,93,90,#E61077
332,93,90,#E61074
333,93,90,#E61070
334,93,90,#E6106D
335,93,90,#E61069
336,93,90,#E61065
337,93,90,#E61062
338,93,90,#E6105E
339,93,90,#E6105B
340,93,90,#E61057
341,93,90,#E61054
342,93,90,#E61050
343,93,90,#E6104D
344,93,90,#E61049
345,93,90,#E61045
346,93,90,#E61042
347,93,90,#E6103E
348,93,90,#E6103B
349,93,90,#E61037
350,93,90,#E61034
351,93,90,#E61030
352,93,90,#E6102D
353,93,90,#E61029
354,93,90,#E61025
355,93,90,#E61022
356,93,90,#E6101E
357,93,90,#E6101B
358,93,90,#E61017
359,93,90,#E61014
0,92,90,#E61212
1,92,90,#E61612
2,92,90,#E61912
3,92,90,#E61D12
4,92,90,#E62012
5,92,90,#E62412
6,92,90,#E62712
7,92,90,#E62B12
8,92,90,#E62F12
9,92,90,#E63212
10,92,90,#E63612
11,92,90,#E63912
12,92,90,#E63D12
13,92,90,#E64012
14,92,90,#E64412
15,92,90,#E64712
16,92,90,#E64B12
17,92,90,#E64E12
18,92,90,#E65212
19,92,90,#E65512
20,92,90,#E65912
21,92,90,#E65C12
22,92,90,#E66012
23,92,90,#E66312
24,92,90,#E66712
25,92,90,#E66A12
26,92,90,#E66E12
27,92,90,#E67112
28,92,90,#E67512
29,92,90,#E67812
30,92,90,#E67C12
31,92,90,#E67F12
32,92,90,#E68312
33,92,90,#E68612
34,92,90,#E68A12
35,92,90,#E68E12
36,92,90,#E69112
37,92,90,#E69512
38,92,90,#E69812
39,92,90,#E69C12
40,92,90,#E69F12
41,92,90,#E6A312
42,92,90,#E6A612
43,92,90,#E6AA12
44,92,90,#E6AD12
45,92,90,#E6B112
46,92,90,#E6B412
47,92,90,#E6B812
48,92,90,#E6BB12
49,92,90,#E6BF12
50,92,90,#E6C212
51,92,90,#E6C612
52,92,90,#E6C912
53,92,90,#E6CD12
54,92,90,#E6D012
55,92,90,#E6D412
56,92,90,#E6D712
57,92,90,#E6DB12
58,92,90,#E6DE12
59,92,90,#E6E212
60,92,90,#E6E612
61,92,90,#E2E612
62,92,90,#DEE612
63,92,90,#DBE612
64,92,90,#D7E612
65,92,90,#D4E612
66,92,90,#D0E612
67,92,90,#CDE612
68,92,90,#C9E612
69,92,90,#C6E612
70,92,90,#C2E612
71,92,90,#BFE612
72,92,90,#BBE612
73,92,90,#B8E612
74,92,90,#B4E612
75,92,90,#B1E612
76,92,90,#ADE612
77,92,90,#AAE612
78,92,90,#A6E612
79,92,90,#A3E612
80,92,90,#9FE612
81,92,90,#9CE612
82,92,90,#98E612
83,92,90,#95E612
84,92,90,#91E612
85,92,90,#8EE612
86,92,90,#8AE612
87,92,90,#86E612
88,92,90,#83E612
89,92,90,#7FE612
90,92,90,#7CE612
91,92,90,#78E612
92,92,90,#75E612
93,92,90,#71E612
94,92,90,#6EE612
95,92,90,#6AE612
96,92,90,#67E612
97,92,90,#63E612
98,92,90,#60E612
99,92,90,#5CE612
100,92,90,#59E612
101,92,90,#55E612
102,92,90,#52E612
103,92,90,#4EE612
104,92,90,#4BE612
105,92,90,#47E612
106,92,90,#44E612
107,92,90,#40E612
108,92,90,#3DE612
109,92,90,#39E612
110,92,90,#36E612
111,92,90,#32E612
112,92,90,#2FE612
113,92,90,#2BE612
114,92,90,#27E612
115,92,90,#24E612
116,92,90,#20E612
117,92,90,#1DE612
118,92,90,#19E612
119,92,90,#16E612
120,92,90,#12E612
121,92,90,#12E616
122,92,90,#12E619
123,92,90,#12E61D
124,92,90,#12E620
125,92,90,#12E624
126,92,90,#12E627
127,92,90,#12E62B
128,92,90,#12E62F
129,92,90,#12E632
130,92,90,#12E636
131,92,90,#12E639
132,92,90,#12E63D
133,92,90,#12E640
134,92,90,#12E644
135,92,90,#12E647
136,92,90,#12E64B
137,92,90,#12E64E
138,92,90,#12E652
139,92,90,#12E655
140,92,90,#12E659
141,92,90,#12E65C
142,92,90,#12E660
143,92,90,#12E663
144,92,90,#12E667
145,92,90,#12E66A
146,92,90,#12E66E
147,92,90,#12E671
148,92,90,#12E675
149,92,90,#12E678
150,92,90,#12E67C
151,92,90,#12E67F
152,92,90,#12E683
153,92,90,#12E686
154,92,90,#12E68A
155,92,90,#12E68E
156,92,90,#12E691
157,92,90,#12E695
158,92,90,#12E698
159,92,90,#12E69C
160,92,90,#12E69F
161,92,90,#12E6A3
162,92,90,#12E6A6
163,92,90,#12E6AA
164,92,90,#12E6AD
165,92,90,#12E6B1
166,92,90,#12E6B4
167,92,90,#12E6B8
168,92,90,#12E6BB
169,92,90,#12E6BF
170,92,90,#12E6C2
171,92,90,#12E6C6
172,92,90,#12E6C9
173,92,90,#12E6CD
174,92,90,#12E6D0
175,92,90,#12E6D4
176,92,90,#12E6D7
177,92,90,#12E6DB
178,92,90,#12E6DE
179,92,90,#12E6E2
180,92,90,#12E6E6
181,92,90,#12E2E6
182,92,90,#12DEE6
183,92,90,#12DBE6
184,92,90,#12D7E6
185,92,90,#12D4E6
186,92,90,#12D0E6
187,92,90,#12CDE6
188,92,90,#12C9E6
189,92,90,#12C6E6
190,92,90,#12C2E6
191,92,90,#12BFE6
192,92,90,#12BBE6
193,92,90,#12B8E6
194,92,90,#12B4E6
195,92,90,#12B1E6
196,92,90,#12ADE6
197,92,90,#12AAE6
198,92,90,#12A6E6
199,92,90,#12A3E6
200,92,90,#129FE6
201,92,90,#129CE6
202,92,90,#1298E6
203,92,90,#1295E6
204,92,90,#1291E6
205,92,90,#128EE6
206,92,90,#128AE6
207,92,90,#1286E6
208,92,90,#1283E6
209,92,90,#127FE6
210,92,90,#127CE6
211,92,90,#1278E6
212,92,90,#1275E6
213,92,90,#1271E6
214,92,90,#126EE6
215,92,90,#126AE6
216,92,90,#1267E6
217,92,90,#1263E6
218,92,90,#1260E6
219,92,90,#125CE6
220,92,90,#1259E6
221,92,90,#1255E6
222,92,90,#1252E6
223,92,90,#124EE6
224,92,90,#124BE6
225,92,90,#1247E6
226,92,90,#1244E6
227,92,90,#1240E6
228,92,90,#123DE6
229,92,90,#1239E6
230,92,90,#1236E6
231,92,90,#1232E6
232,92,90,#122FE6
233,92,90,#122BE6
234,92,90,#1227E6
235,92,90,#1224E6
236,92,90,#1220E6
237,92,90,#121DE6
238,92,90,#1219E6
239,92,90,#1216E6
240,92,90,#1212E6
241,92,90,#1612E6
242,92,90,#1912E6
243,92,90,#1D12E6
244,92,90,#2012E6
245,92,90,#2412E6
246,92,90,#2712E6
247,92,90,#2B12E6
248,92,90,#2F12E6
249,92,90,#3212E6
250,92,90,#3612E6
251,92,90,#3912E6
252,92,90,#3D12E6
253,92,90,#4012E6
254,92,90,#4412E6
255,92,90,#4712E6
256,92,90,#4B12E6
257,92,90,#4E12E6
258,92,90,#5212E6
259,92,90,#5512E6
260,92,90,#5912E6
261,92,90,#5C12E6
262,92,90,#6012E6
263,92,90,#6312E6
264,92,90,#6712E6
265,92,90,#6A12E6
266,92,90,#6E12E6
267,92,90,#7112E6
268,92,90,#7512E6
269,92,90,#7812E6
270,92,90,#7C12E6
271,92,90,#7F12E6
272,92,90,#8312E6
273,92,90,#8612E6
274,92,90,#8A12E6
275,92,90,#8E12E6
276,92,90,#9112E6
277,92,90,#9512E6
278,92,90,#9812E6
279,92,90,#9C12E6
280,92,90,#9F12E6
281,92,90,#A312E6
282,92,90,#A612E6
283,92,90,#AA12E6
284,92,90,#AD12E6
285,92,90,#B112E6
286,92,90,#B412E6
287,92,90,#B812E6
288,92,90,#BB12E6
289,92,90,#BF12E6
290,92,90,#C212E6
291,92,90,#C612E6
292,92,90,#C912E6
293,92,90,#CD12E6
294,92,90,#D012E6
295,92,90,#D412E6
296,92,90,#D712E6
297,92,90,#DB12E6
298,92,90,#DE12E6
299,92,90,#E212E6
300,92,90,#E612E6
301,92,90,#E612E2
302,92,90,#E612DE
303,92,90,#E612DB
304,92,90,#E612D7
305,92,90,#E612D4
306,92,90,#E612D0
307,92,90,#E612CD
308,92,90,#E612C9
309,92,90,#E612C6
310,92,90,#E612C2
311,92,90,#E612BF
312,92,90,#E612BB
313,92,90,#E612B8
314,92,90,#E612B4
315,92,90,#E612B1
316,92,90,#E612AD
317,92,90,#E612AA
318,92,90,#E612A6
319,92,90,#E612A3
320,92,90,#E6129F
321,92,90,#E6129C
322,92,90,#E61298
323,92,90,#E61295
324,92,90,#E61291
325,92,90,#E6128E
326,92,90,#E6128A
327,92,90,#E61286
328,92,90,#E61283
329,92,90,#E6127F
330,92,90,#E6127C
331,92,90,#E61278
332,92,90,#E61275
333,92,90,#E61271
334,92,90,#E6126E
335,92,90,#E6126A
336,92,90,#E61267
337,92,90,#E61263
338,92,90,#E61260
339,92,90,#E6125C
340,92,90,#E61259
341,92,90,#E61255
342,92,90,#E61252
343,92,90,#E6124E
344,92,90,#E6124B
345,92,90,#E61247
346,92,90,#E61244
347,92,90,#E61240
348,92,90,#E6123D
349,92,90,#E61239
350,92,90,#E61236
351,92,90,#E61232
352,92,90,#E6122F
353,92,90,#E6122B
354,92,90,#E61227
355,92,90,#E61224
356,92,90,#E61220
357,92,90,#E6121D
358,92,90,#E61219
359,92,90,#E61216
0,91,90,#E61515
1,91,90,#E61815
2,91,90,#E61C15
3,91,90,#E61F15
4,91,90,#E62315
5,91,90,#E62615
6,91,90,#E62A15
7,91,90,#E62D15
8,91,90,#E63115
9,91,90,#E63415
10,91,90,#E63715
11,91,90,#E63B15
12,91,90,#E63E15
13,91,90,#E64215
14,91,90,#E64515
15,91,90,#E64915
16,91,90,#E64C15
17,91,90,#E65015
18,91,90,#E65315
19,91,90,#E65715
20,91,90,#E65A15
21,91,90,#E65E15
22,91,90,#E66115
23,91,90,#E66515
24,91,90,#E66815
25,91,90,#E66C15
26,91,90,#E66F15
27,91,90,#E67315
28,91,90,#E67615
29,91,90,#E67A15
30,91,90,#E67D15
31,91,90,#E68115
32,91,90,#E68415
33,91,90,#E68815
34,91,90,#E68B15
35,91,90,#E68E15
36,91,90,#E69215
37,91,90,#E69515
38,91,90,#E69915
39,91,90,#E69C15
40,91,90,#E6A015
41,91,90,#E6A315
42,91,90,#E6A715
43,91,90,#E6AA15
44,91,90,#E6AE15
45,91,90,#E6B115
46,91,90,#E6B515
47,91,90,#E6B815
48,91,90,#E6BC15
49,91,90,#E6BF15
50,91,90,#E6C315
51,91,90,#E6C615
52,91,90,#E6CA15
53,91,90,#E6CD15
54,91,90,#E6D115
55,91,90,#E6D415
56,91,90,#E6D815
57,91,90,#E6DB15
58,91,90,#E6DF15
59,91,90,#E6E215
60,91,90,#E6E615
61,91,90,#E2E615
62,91,90,#DFE615
63,91,90,#DBE615
64,91,90,#D8E615
65,91,90,#D4E615
66,91,90,#D1E615
67,91,90,#CDE615
68,91,90,#CAE615
69,91,90,#C6E615
70,91,90,#C3E615
71,91,90,#BFE615
72,91,90,#BCE615
73,91,90,#B8E615
74,91,90,#B5E615
75,91,90,#B1E615
76,91,90,#AEE615
77,91,90,#AAE615
78,91,90,#A7E615
79,91,90,#A3E615
80,91,90,#A0E615
81,91,90,#9CE615
82,91,90,#99E615
83,91,90,#95E615
84,91,90,#92E615
85,91,90,#8EE615
86,91,90,#8BE615
87,91,90,#88E615
88,91,90,#84E615
89,91,90,#81E615
90,91,90,#7DE615
91,91,90,#7AE615
92,91,90,#76E615
93,91,90,#73E615
94,91,90,#6FE615
95,91,90,#6CE615
96,91,90,#68E615
97,91,90,#65E615
98,91,90,#61E615
99,91,90,#5EE615
100,91,90,#5AE615
101,91,90,#57E615
102,91,90,#53E615
103,91,90,#50E615
104,91,90,#4CE615
105,91,90,#49E615
106,91,90,#45E615
107,91,90,#42E615
108,91,90,#3EE615
109,91,90,#3BE615
110,91,90,#37E615
111,91,90,#34E615
112,91,90,#31E615
113,91,90,#2DE615
114,91,90,#2AE615
115,91,90,#26E615
116,91,90,#23E615
117,91,90,#1FE615
118,91,90,#1CE615
119,91,90,#18E615
120,91,90,#15E615
121,91,90,#15E618
122,91,90,#15E61C
123,91,90,#15E61F
124,91,90,#15E623
125,91,90,#15E626
126,91,90,#15E62A
127,91,90,#15E62D
128,91,90,#15E631
129,91,90,#15E634
130,91,90,#15E637
131,91,90,#15E63B
132,91,90,#15E63E
133,91,90,#15E642
134,91,90,#15E645
135,91,90,#15E649
136,91,90,#15E64C
137,91,90,#15E650
138,91,90,#15E653
139,91,90,#15E657
140,91,90,#15E65A
141,91,90,#15E65E
142,91,90,#15E661
143,91,90,#15E665
144,91,90,#15E668
145,91,90,#15E66C
146,91,90,#15E66F
147,91,90,#15E673
148,91,90,#15E676
149,91,90,#15E67A
150,91,90,#15E67D
151,91,90,#15E681
152,91,90,#15E684
153,91,90,#15E688
154,91,90,#15E68B
155,91,90,#15E68E
156,91,90,#15E692
157,91,90,#15E695
158,91,90,#15E699
159,91,90,#15E69C
160,91,90,#15E6A0
161,91,90,#15E6A3
162,91,90,#15E6A7
163,91,90,#15E6AA
164,91,90,#15E6AE
165,91,90,#15E6B1
166,91,90,#15E6B5
167,91,90,#15E6B8
168,91,90,#15E6BC
169,91,90,#15E6BF
170,91,90,#15E6C3
171,91,90,#15E6C6
172,91,90,#15E6CA
173,91,90,#15E6CD
174,91,90,#15E6D1
175,91,90,#15E6D4
176,91,90,#15E6D8
177,91,90,#15E6DB
178,91,90,#15E6DF
179,91,90,#15E6E2
180,91,90,#15E6E6
181,91,90,#15E2E6
182,91,90,#15DFE6
183,91,90,#15DBE6
184,91,90,#15D8E6
185,91,90,#15D4E6
186,91,90,#15D1E6
187,91,90,#15CDE6
188,91,90,#15CAE6
189,91,90,#15C6E6
190,91,90,#15C3E6
191,91,90,#15BFE6
192,91,90,#15BCE6
193,91,90,#15B8E6
194,91,90,#15B5E6
195,91,90,#15B1E6
196,91,90,#15AEE6
197,91,90,#15AAE6
198,91,90,#15A7E6
199,91,90,#15A3E6
200,91,90,#15A0E6
201,91,90,#159CE6
202,91,90,#1599E6
203,91,90,#1595E6
204,91,90,#1592E6
205,91,90,#158EE6
206,91,90,#158BE6
207,91,90,#1588E6
208,91,90,#1584E6
209,91,90,#1581E6
210,91,90,#157DE6
211,91,90,#157AE6
212,91,90,#1576E6
213,91,90,#1573E6
214,91,90,#156FE6
215,91,90,#156CE6
216,91,90,#1568E6
217,91,90,#1565E6
218,91,90,#1561E6
219,91,90,#155EE6
220,91,90,#155AE6
221,91,90,#1557E6
222,91,90,#1553E6
223,91,90,#1550E6
224,91,90,#154CE6
225,91,90,#1549E6
226,91,90,#1545E6
227,91,90,#1542E6
228,91,90,#153EE6
229,91,90,#153BE6
230,91,90,#1537E6
231,91,90,#1534E6
232,91,90,#1531E6
233,91,90,#152DE6
234,91,90,#152AE6
235,91,90,#1526E6
236,91,90,#1523E6
237,91,90,#151FE6
238,91,90,#151CE6
239,91,90,#1518E6
240,91,90,#1515E6
241,91,90,#1815E6
242,91,90,#1C15E6
243,91,90,#1F15E6
244,91,90,#2315E6
245,91,90,#2615E6
246,91,90,#2A15E6
247,91,90,#2D15E6
248,91,90,#3115E6
249,91,90,#3415E6
250,91,90,#3715E6
251,91,90,#3B15E6
252,91,90,#3E15E6
253,91,90,#4215E6
254,91,90,#4515E6
255,91,90,#4915E6
256,91,90,#4C15E6
257,91,90,#5015E6
258,91,90,#5315E6
259,91,90,#5715E6
260,91,90,#5A15E6
261,91,90,#5E15E6
262,91,90,#6115E6
263,91,90,#6515E6
264,91,90,#6815E6
265,91,90,#6C15E6
266,91,90,#6F15E6
267,91,90,#7315E6
268,91,90,#7615E6
269,91,90,#7A15E6
270,91,90,#7D15E6
271,91,90,#8115E6
272,91,90,#8415E6
273,91,90,#8815E6
274,91,90,#8B15E6
275,91,90,#8E15E6
276,91,90,#9215E6
277,91,90,#9515E6
278,91,90,#9915E6
279,91,90,#9C15E6
280,91,90,#A015E6
281,91,90,#A315E6
282,91,90,#A715E6
283,91,90,#AA15E6
284,91,90,#AE15E6
285,91,90,#B115E6
286,91,90,#B515E6
287,91,90,#B815E6
288,91,90,#BC15E6
289,91,90,#BF15E6
290,91,90,#C315E6
291,91,90,#C615E6
292,91,90,#CA15E6
293,91,90,#CD15E6
294,91,90,#D115E6
295,91,90,#D415E6
296,91,90,#D815E6
297,91,90,#DB15E6
298,91,90,#DF15E6
299,91,90,#E215E6
300,91,90,#E615E6
301,91,90,#E615E2
302,91,90,#E615DF
303,91,90,#E615DB
304,91,90,#E615D8
305,91,90,#E615D4
306,91,90,#E615D1
307,91,90,#E615CD
308,91,90,#E615CA
309,91,90,#E615C6
310,91,90,#E615C3
311,91,90,#E615BF
312,91,90,#E615BC
313,91,90,#E615B8
314,91,90,#E615B5
315,91,90,#E615B1
316,91,90,#E615AE
317,91,90,#E615AA
318,91,90,#E615A7
319,91,90,#E615A3
320,91,90,#E615A0
321,91,90,#E6159C
322,91,90,#E61599
323,91,90,#E61595
324,91,90,#E61592
325,91,90,#E6158E
326,91,90,#E6158B
327,91,90,#E61588
328,91,90,#E61584
329,91,90,#E61581
330,91,90,#E6157D
331,91,90,#E6157A
332,91,90,#E61576
333,91,90,#E61573
334,91,90,#E6156F
335,91,90,#E6156C
336,91,90,#E61568
337,91,90,#E61565
338,91,90,#E61561
339,91,90,#E6155E
340,91,90,#E6155A
341,91,90,#E61557
342,91,90,#E61553
343,91,90,#E61550
344,91,90,#E6154C
345,91,90,#E61549
346,91,90,#E61545
347,91,90,#E61542
348,91,90,#E6153E
349,91,90,#E6153B
350,91,90,#E61537
351,91,90,#E61534
352,91,90,#E61531
353,91,90,#E6152D
354,91,90,#E6152A
355,91,90,#E61526
356,91,90,#E61523
357,91,90,#E6151F
358,91,90,#E6151C
359,91,90,#E61518
0,90,90,#E61717
1,90,90,#E61A17
2,90,90,#E61E17
3,90,90,#E62117
4,90,90,#E62517
5,90,90,#E62817
6,90,90,#E62C17
7,90,90,#E62F17
8,90,90,#E63217
9,90,90,#E63617
10,90,90,#E63917
11,90,90,#E63D17
12,90,90,#E64017
13,90,90,#E64417
14,90,90,#E64717
15,90,90,#E64B17
16,90,90,#E64E17
17,90,90,#E65117
18,90,90,#E65517
19,90,90,#E65817
20,90,90,#E65C17
21,90,90,#E65F17
22,90,90,#E66317
23,90,90,#E66617
24,90,90,#E66A17
25,90,90,#E66D17
26,90,90,#E67017
27,90,90,#E67417
28,90,90,#E67717
29,90,90,#E67B17
30,90,90,#E67E17
31,90,90,#E68217
32,90,90,#E68517
33,90,90,#E68917
34,90,90,#E68C17
35,90,90,#E68F17
36,90,90,#E69317
37,90,90,#E69617
38,90,90,#E69A17
39,90,90,#E69D17
40,90,90,#E6A117
41,90,90,#E6A417
42,90,90,#E6A817
43,90,90,#E6AB17
44,90,90,#E6AE17
45,90,90,#E6B217
46,90,90,#E6B517
47,90,90,#E6B917
48,90,90,#E6BC17
49,90,90,#E6C017
50,90,90,#E6C317
51,90,90,#E6C717
52,90,90,#E6CA17
53,90,90,#E6CD17
54,90,90,#E6D117
55,90,90,#E6D417
56,90,90,#E6D817
57,90,90,#E6DB17
58,90,90,#E6DF17
59,90,90,#E6E217
60,90,90,#E6E617
61,90,90,#E2E617
62,90,90,#DFE617
63,90,90,#DBE617
64,90,90,#D8E617
65,90,90,#D4E617
66,90,90,#D1E617
67,90,90,#CDE617
68,90,90,#CAE617
69,90,90,#C7E617
70,90,90,#C3E617
71,90,90,#C0E617
72,90,90,#BCE617
73,90,90,#B9E617
74,90,90,#B5E617
75,90,90,#B2E617
76,90,90,#AEE617
77,90,90,#ABE617
78,90,90,#A8E617
79,90,90,#A4E617
80,90,90,#A1E617
81,90,90,#9DE617
82,90,90,#9AE617
83,90,90,#96E617
84,90,90,#93E617
85,90,90,#8FE617
86,90,90,#8CE617
87,90,90,#89E617
88,90,90,#85E617
89,90,90,#82E617
90,90,90,#7EE617
91,90,90,#7BE617
92,90,90,#77E617
93,90,90,#74E617
94,90,90,#70E617
95,90,90,#6DE617
96,90,90,#6AE617
97,90,90,#66E617
98,90,90,#63E617
99,90,90,#5FE617
100,90,90,#5CE617
101,90,90,#58E617
102,90,90,#55E617
103,90,90,#51E617
104,90,90,#4EE617
105,90,90,#4BE617
106,90,90,#47E617
107,90,90,#44E617
108,90,90,#40E617
109,90,90,#3DE617
110,90,90,#39E617
111,90,90,#36E617
112,90,90,#32E617
113,90,90,#2FE617
114,90,90,#2CE617
115,90,90,#28E617
116,90,90,#25E617
117,90,90,#21E617
118,90,90,#1EE617
119,90,90,#1AE617
120,90,90,#17E617
121,90,90,#17E61A
122,90,90,#17E61E
123,90,90,#17E621
124,90,90,#17E625
125,90,90,#17E628
126,90,90,#17E62C
127,90,90,#17E62F
128,90,90,#17E632
129,90,90,#17E636
130,90,90,#17E639
131,90,90,#17E63D
132,90,90,#17E640
133,90,90,#17E644
134,90,90,#17E647
135,90,90,#17E64B
136,90,90,#17E64E
137,90,90,#17E651
138,90,90,#17E655
139,90,90,#17E658
140,90,90,#17E65C
141,90,90,#17E65F
142,90,90,#17E663
143,90,90,#17E666
144,90,90,#17E66A
145,90,90,#17E66D
146,90,90,#17E670
147,90,90,#17E674
148,90,90,#17E677
149,90,90,#17E67B
150,90,90,#17E67E
151,90,90,#17E682
152,90,90,#17E685
153,90,90,#17E689
154,90,90,#17E68C
155,90,90,#17E68F
156,90,90,#17E693
157,90,90,#17E696
158,90,90,#17E69A
159,90,90,#17E69D
160,90,90,#17E6A1
161,90,90,#17E6A4
162,90,90,#17E6A8
163,90,90,#17E6AB
164,90,90,#17E6AE
165,90,90,#17E6B2
166,90,90,#17E6B5
167,90,90,#17E6B9
168,90,90,#17E6BC
169,90,90,#17E6C0
170,90,90,#17E6C3
171,90,90,#17E6C7
172,90,90,#17E6CA
173,90,90,#17E6CD
174,90,90,#17E6D1
175,90,90,#17E6D4
176,90,90,#17E6D8
177,90,90,#17E6DB
178,90,90,#17E6DF
179,90,90,#17E6E2
180,90,90,#17E6E6
181,90,90,#17E2E6
182,90,90,#17DFE6
183,90,90,#17DBE6
184,90,90,#17D8E6
185,90,90,#17D4E6
186,90,90,#17D1E6
187,90,90,#17CDE6
188,90,90,#17CAE6
189,90,90,#17C7E6
190,90,90,#17C3E6
191,90,90,#17C0E6
192,90,90,#17BCE6
193,90,90,#17B9E6
194,90,90,#17B5E6
195,90,90,#17B2E6
196,90,90,#17AEE6
197,90,90,#17ABE6
198,90,90,#17A8E6
199,90,90,#17A4E6
200,90,90,#17A1E6
201,90,90,#179DE6
202,90,90,#179AE6
203,90,90,#1796E6
204,90,90,#1793E6
205,90,90,#178FE6
206,90,90,#178CE6
207,90,90,#1789E6
208,90,90,#1785E6
209,90,90,#1782E6
210,90,90,#177EE6
211,90,90,#177BE6
212,90,90,#1777E6
213,90,90,#1774E6
214,90,90,#1770E6
215,90,90,#176DE6
216,90,90,#176AE6
217,90,90,#1766E6
218,90,90,#1763E6
219,90,90,#175FE6
220,90,90,#175CE6
221,90,90,#1758E6
222,90,90,#1755E6
223,90,90,#1751E6
224,90,90,#174EE6
225,90,90,#174BE6
226,90,90,#1747E6
227,90,90,#1744E6
228,90,90,#1740E6
229,90,90,#173DE6
230,90,90,#1739E6
231,90,90,#1736E6
232,90,90,#1732E6
233,90,90,#172FE6
234,90,90,#172CE6
235,90,90,#1728E6
236,90,90,#1725E6
237,90,90,#1721E6
238,90,90,#171EE6
239,90,90,#171AE6
240,90,90,#1717E6
241,90,90,#1A17E6
242,90,90,#1E17E6
243,90,90,#2117E6
244,90,90,#2517E6
245,90,90,#2817E6
246,90,90,#2C17E6
247,90,90,#2F17E6
248,90,90,#3217E6
249,90,90,#3617E6
250,90,90,#3917E6
251,90,90,#3D17E6
252,90,90,#4017E6
253,90,90,#4417E6
254,90,90,#4717E6
255,90,90,#4B17E6
256,90,90,#4E17E6
257,90,90,#5117E6
258,90,90,#5517E6
259,90,90,#5817E6
260,90,90,#5C17E6
261,90,90,#5F17E6
262,90,90,#6317E6
263,90,90,#6617E6
264,90,90,#6A17E6
265,90,90,#6D17E6
266,90,90,#7017E6
267,90,90,#7417E6
268,90,90,#7717E6
269,90,90,#7B17E6
270,90,90,#7E17E6
271,90,90,#8217E6
272,90,90,#8517E6
273,90,90,#8917E6
274,90,90,#8C17E6
275,90,90,#8F17E6
276,90,90,#9317E6
277,90,90,#9617E6
278,90,90,#9A17E6
279,90,90,#9D17E6
280,90,90,#A117E6
281,90,90,#A417E6
282,90,90,#A817E6
283,90,90,#AB17E6
284,90,90,#AE17E6
285,90,90,#B217E6
286,90,90,#B517E6
287,90,90,#B917E6
288,90,90,#BC17E6
289,90,90,#C017E6
290,90,90,#C317E6
291,90,90,#C717E6
292,90,90,#CA17E6
293,90,90,#CD17E6
294,90,90,#D117E6
295,90,90,#D417E6
296,90,90,#D817E6
297,90,90,#DB17E6
298,90,90,#DF17E6
299,90,90,#E217E6
300,90,90,#E617E6
301,90,90,#E617E2
302,90,90,#E617DF
303,90,90,#E617DB
304,90,90,#E617D8
305,90,90,#E617D4
306,90,90,#E617D1
307,90,90,#E617CD
308,90,90,#E617CA
309,90,90,#E617C7
310,90,90,#E617C3
311,90,90,#E617C0
312,90,90,#E617BC
313,90,90,#E617B9
314,90,90,#E617B5
315,90,90,#E617B2
316,90,90,#E617AE
317,90,90,#E617AB
318,90,90,#E617A8
319,90,90,#E617A4
320,90,90,#E617A1
321,90,90,#E6179D
322,90,90,#E6179A
323,90,90,#E61796
324,90,90,#E61793
325,90,90,#E6178F
326,90,90,#E6178C
327,90,90,#E61789
328,90,90,#E61785
329,90,90,#E61782
330,90,90,#E6177E
331,90,90,#E6177B
332,90,90,#E61777
333,90,90,#E61774
334,90,90,#E61770
335,90,90,#E6176D
336,90,90,#E6176A
337,90,90,#E61766
338,90,90,#E61763
339,90,90,#E6175F
340,90,90,#E6175C
341,90,90,#E61758
342,90,90,#E61755
343,90,90,#E61751
344,90,90,#E6174E
345,90,90,#E6174B
346,90,90,#E61747
347,90,90,#E61744
348,90,90,#E61740
349,90,90,#E6173D
350,90,90,#E61739
351,90,90,#E61736
352,90,90,#E61732
353,90,90,#E6172F
354,90,90,#E6172C
355,90,90,#E61728
356,90,90,#E61725
357,90,90,#E61721
358,90,90,#E6171E
359,90,90,#E6171A
0,89,90,#E61919
1,89,90,#E61D19
2,89,90,#E62019
3,89,90,#E62319
4,89,90,#E62719
5,89,90,#E62A19
6,89,90,#E62E19
7,89,90,#E63119
8,89,90,#E63419
9,89,90,#E63819
10,89,90,#E63B19
11,89,90,#E63F19
12,89,90,#E64219
13,89,90,#E64619
14,89,90,#E64919
15,89,90,#E64C19
16,89,90,#E65019
17,89,90,#E65319
18,89,90,#E65719
19,89,90,#E65A19
20,89,90,#E65D19
21,89,90,#E66119
22,89,90,#E66419
23,89,90,#E66819
24,89,90,#E66B19
25,89,90,#E66E19
26,89,90,#E67219
27,89,90,#E67519
28,89,90,#E67919
29,89,90,#E67C19
30,89,90,#E67F19
31,89,90,#E68319
32,89,90,#E68619
33,89,90,#E68A19
34,89,90,#E68D19
35,89,90,#E69019
36,89,90,#E69419
37,89,90,#E69719
38,89,90,#E69B19
39,89,90,#E69E19
40,89,90,#E6A119
41,89,90,#E6A519
42,89,90,#E6A819
43,89,90,#E6AC19
44,89,90,#E6AF19
45,89,90,#E6B219
46,89,90,#E6B619
47,89,90,#E6B919
48,89,90,#E6BD19
49,89,90,#E6C019
50,89,90,#E6C319
51,89,90,#E6C719
52,89,90,#E6CA19
53,89,90,#E6CE19
54,89,90,#E6D119
55,89,90,#E6D419
56,89,90,#E6D819
57,89,90,#E6DB19
58,89,90,#E6DF19
59,89,90,#E6E219
60,89,90,#E6E619
61,89,90,#E2E619
62,89,90,#DFE619
63,89,90,#DBE619
64,89,90,#D8E619
65,89,90,#D4E619
66,89,90,#D1E619
67,89,90,#CEE619
68,89,90,#CAE619
69,89,90,#C7E619
70,89,90,#C3E619
71,89,90,#C0E619
72,89,90,#BDE619
73,89,90,#B9E619
74,89,90,#B6E619
75,89,90,#B2E619
76,89,90,#AFE619
77,89,90,#ACE619
78,89,90,#A8E619
79,89,90,#A5E619
80,89,90,#A1E619
81,89,90,#9EE619
82,89,90,#9BE619
83,89,90,#97E619
84,89,90,#94E619
85,89,90,#90E619
86,89,90,#8DE619
87,89,90,#8AE619
88,89,90,#86E619
89,89,90,#83E619
90,89,90,#7FE619
91,89,90,#7CE619
92,89,90,#79E619
93,89,90,#75E619
94,89,90,#72E619
95,89,90,#6EE619
96,89,90,#6BE619
97,89,90,#68E619
98,89,90,#64E619
99,89,90,#61E619
100,89,90,#5DE619
101,89,90,#5AE619
102,89,90,#57E619
103,89,90,#53E619
104,89,90,#50E619
105,89,90,#4CE619
106,89,90,#49E619
107,89,90,#46E619
108,89,90,#42E619
109,89,90,#3FE619
110,89,90,#3BE619
111,89,90,#38E619
112,89,90,#34E619
113,89,90,#31E619
114,89,90,#2EE619
115,89,90,#2AE619
116,89,90,#27E619
117,89,90,#23E619
118,89,90,#20E619
119,89,90,#1DE619
120,89,90,#19E619
121,89,90,#19E61D
122,89,90,#19E620
123,89,90,#19E623
124,89,90,#19E627
125,89,90,#19E62A
126,89,90,#19E62E
127,89,90,#19E631
128,89,90,#19E634
129,89,90,#19E638
130,89,90,#19E63B
131,89,90,#19E63F
132,89,90,#19E642
133,89,90,#19E646
134,89,90,#19E649
135,89,90,#19E64C
136,89,90,#19E650
137,89,90,#19E653
138,89,90,#19E657
139,89,90,#19E65A
140,89,90,#19E65D
141,89,90,#19E661
142,89,90,#19E664
143,89,90,#19E668
144,89,90,#19E66B
145,89,90,#19E66E
146,89,90,#19E672
147,89,90,#19E675
148,89,90,#19E679
149,89,90,#19E67C
150,89,90,#19E67F
151,89,90,#19E683
152,89,90,#19E686
153,89,90,#19E68A
154,89,90,#19E68D
155,89,90,#19E690
156,89,90,#19E694
157,89,90,#19E697
158,89,90,#19E69B
159,89,90,#19E69E
160,89,90,#19E6A1
161,89,90,#19E6A5
162,89,90,#19E6A8
163,89,90,#19E6AC
164,89,90,#19E6AF
165,89,90,#19E6B2
166,89,90,#19E6B6
167,89,90,#19E6B9
168,89,90,#19E6BD
169,89,90,#19E6C0
170,89,90,#19E6C3
171,89,90,#19E6C7
172,89,90,#19E6CA
173,89,90,#19E6CE
174,89,90,#19E6D1
175,89,90,#19E6D4
176,89,90,#19E6D8
177,89,90,#19E6DB
178,89,90,#19E6DF
179,89,90,#19E6E2
180,89,90,#19E6E6
181,89,90,#19E2E6
182,89,90,#19DFE6
183,89,90,#19DBE6
184,89,90,#19D8E6
185,89,90,#19D4E6
186,89,90,#19D1E6
187,89,90,#19CEE6
188,89,90,#19CAE6
189,89,90,#19C7E6
190,89,90,#19C3E6
191,89,90,#19C0E6
192,89,90,#19BDE6
193,89,90,#19B9E6
194,89,90,#19B6E6
195,89,90,#19B2E6
196,89,90,#19AFE6
197,89,90,#19ACE6
198,89,90,#19A8E6
199,89,90,#19A5E6
200,89,90,#19A1E6
201,89,90,#199EE6
202,89,90,#199BE6
203,89,90,#1997E6
204,89,90,#1994E6
205,89,90,#1990E6
206,89,90,#198DE6
207,89,90,#198AE6
208,89,90,#1986E6
209,89,90,#1983E6
210,89,90,#197FE6
211,89,90,#197CE6
212,89,90,#1979E6
213,89,90,#1975E6
214,89,90,#1972E6
215,89,90,#196EE6
216,89,90,#196BE6
217,89,90,#1968E6
218,89,90,#1964E6
219,89,90,#1961E6
220,89,90,#195DE6
221,89,90,#195AE6
222,89,90,#1957E6
223,89,90,#1953E6
224,89,90,#1950E6
225,89,90,#194CE6
226,89,90,#1949E6
227,89,90,#1946E6
228,89,90,#1942E6
229,89,90,#193FE6
230,89,90,#193BE6
231,89,90,#1938E6
232,89,90,#1934E6
233,89,90,#1931E6
234,89,90,#192EE6
235,89,90,#192AE6
236,89,90,#1927E6
237,89,90,#1923E6
238,89,90,#1920E6
239,89,90,#191DE6
240,89,90,#1919E6
241,89,90,#1D19E6
242,89,90,#2019E6
243,89,90,#2319E6
244,89,90,#2719E6
245,89,90,#2A19E6
246,89,90,#2E19E6
247,89,90,#3119E6
248,89,90,#3419E6
249,89,90,#3819E6
250,89,90,#3B19E6
251,89,90,#3F19E6
252,89,90,#4219E6
253,89,90,#4619E6
254,89,90,#4919E6
255,89,90,#4C19E6
256,89,90,#5019E6
257,89,90,#5319E6
258,89,90,#5719E6
259,89,90,#5A19E6
260,89,90,#5D19E6
261,89,90,#6119E6
262,89,90,#6419E6
263,89,90,#6819E6
264,89,90,#6B19E6
265,89,90,#6E19E6
266,89,90,#7219E6
267,89,90,#7519E6
268,89,90,#7919E6
269,89,90,#7C19E6
270,89,90,#7F19E6
271,89,90,#8319E6
272,89,90,#8619E6
273,89,90,#8A19E6
274,89,90,#8D19E6
275,89,90,#9019E6
276,89,90,#9419E6
277,89,90,#9719E6
278,89,90,#9B19E6
279,89,90,#9E19E6
280,89,90,#A119E6
281,89,90,#A519E6
282,89,90,#A819E6
283,89,90,#AC19E6
284,89,90,#AF19E6
285,89,90,#B219E6
286,89,90,#B619E6
287,89,90,#B919E6
288,89,90,#BD19E6
289,89,90,#C019E6
290,89,90,#C319E6
291,89,90,#C719E6
292,89,90,#CA19E6
293,89,90,#CE19E6
294,89,90,#D119E6
295,89,90,#D419E6
296,89,90,#D819E6
297,89,90,#DB19E6
298,89,90,#DF19E6
299,89,90,#E219E6
300,89,90,#E619E6
301,89,90,#E619E2
302,89,90,#E619DF
303,89,90,#E619DB
304,89,90,#E619D8
305,89,90,#E619D4
306,89,90,#E619D1
307,89,90,#E619CE
308,89,90,#E619CA
309,89,90,#E619C7
310,89,90,#E619C3
311,89,90,#E619C0
312,89,90,#E619BD
313,89,90,#E619B9
314,89,90,#E619B6
315,89,90,#E619B2
316,89,90,#E619AF
317,89,90,#E619AC
318,89,90,#E619A8
319,89,90,#E619A5
320,89,90,#E619A1
321,89,90,#E6199E
322,89,90,#E6199B
323,89,90,#E61997
324,89,90,#E61994
325,89,90,#E61990
326,89,90,#E6198D
327,89,90,#E6198A
328,89,90,#E61986
329,89,90,#E61983
330,89,90,#E6197F
331,89,90,#E6197C
332,89,90,#E61979
333,89,90,#E61975
334,89,90,#E61972
335,89,90,#E6196E
336,89,90,#E6196B
337,89,90,#E61968
338,89,90,#E61964
339,89,90,#E61961
340,89,90,#E6195D
341,89,90,#E6195A
342,89,90,#E61957
343,89,90,#E61953
344,89,90,#E61950
345,89,90,#E6194C
346,89,90,#E61949
347,89,90,#E61946
348,89,90,#E61942
349,89,90,#E6193F
350,89,90,#E6193B
351,89,90,#E61938
352,89,90,#E61934
353,89,90,#E61931
354,89,90,#E6192E
355,89,90,#E6192A
356,89,90,#E61927
357,89,90,#E61923
358,89,90,#E61920
359,89,90,#E6191D
0,88,90,#E61C1C
1,88,90,#E61F1C
2,88,90,#E6221C
3,88,90,#E6261C
4,88,90,#E6291C
5,88,90,#E62C1C
6,88,90,#E6301C
7,88,90,#E6331C
8,88,90,#E6361C
9,88,90,#E63A1C
10,88,90,#E63D1C
11,88,90,#E6411C
12,88,90,#E6441C
13,88,90,#E6471C
14,88,90,#E64B1C
15,88,90,#E64E1C
16,88,90,#E6511C
17,88,90,#E6551C
18,88,90,#E6581C
19,88,90,#E65B1C
20,88,90,#E65F1C
21,88,90,#E6621C
22,88,90,#E6661C
23,88,90,#E6691C
24,88,90,#E66C1C
25,88,90,#E6701C
26,88,90,#E6731C
27,88,90,#E6761C
28,88,90,#E67A1C
29,88,90,#E67D1C
30,88,90,#E6811C
31,88,90,#E6841C
32,88,90,#E6871C
33,88,90,#E68B1C
34,88,90,#E68E1C
35,88,90,#E6911C
36,88,90,#E6951C
37,88,90,#E6981C
38,88,90,#E69B1C
39,88,90,#E69F1C
40,88,90,#E6A21C
41,88,90,#E6A61C
42,88,90,#E6A91C
43,88,90,#E6AC1C
44,88,90,#E6B01C
45,88,90,#E6B31C
46,88,90,#E6B61C
47,88,90,#E6BA1C
48,88,90,#E6BD1C
49,88,90,#E6C01C
50,88,90,#E6C41C
51,88,90,#E6C71C
52,88,90,#E6CB1C
53,88,90,#E6CE1C
54,88,90,#E6D11C
55,88,90,#E6D51C
56,88,90,#E6D81C
57,88,90,#E6DB1C
58,88,90,#E6DF1C
59,88,90,#E6E21C
60,88,90,#E6E61C
61,88,90,#E2E61C
62,88,90,#DFE61C
63,88,90,#DBE61C
64,88,90,#D8E61C
65,88,90,#D5E61C
66,88,90,#D1E61C
67,88,90,#CEE61C
68,88,90,#CBE61C
69,88,90,#C7E61C
70,88,90,#C4E61C
71,88,90,#C0E61C
72,88,90,#BDE61C
73,88,90,#BAE61C
74,88,90,#B6E61C
75,88,90,#B3E61C
76,88,90,#B0E61C
77,88,90,#ACE61C
78,88,90,#A9E61C
79,88,90,#A6E61C
80,88,90,#A2E61C
81,88,90,#9FE61C
82,88,90,#9BE61C
83,88,90,#98E61C
84,88,90,#95E61C
85,88,90,#91E61C
86,88,90,#8EE61C
87,88,90,#8BE61C
88,88,90,#87E61C
89,88,90,#84E61C
90,88,90,#81E61C
91,88,90,#7DE61C
92,88,90,#7AE61C
93,88,90,#76E61C
94,88,90,#73E61C
95,88,90,#70E61C
96,88,90,#6CE61C
97,88,90,#69E61C
98,88,90,#66E61C
99,88,90,#62E61C
100,88,90,#5FE61C
101,88,90,#5BE61C
102,88,90,#58E61C
103,88,90,#55E61C
104,88,90,#51E61C
105,88,90,#4EE61C
106,88,90,#4BE61C
107,88,90,#47E61C
108,88,90,#44E61C
109,88,90,#41E61C
110,88,90,#3DE61C
111,88,90,#3AE61C
112,88,90,#36E61C
113,88,90,#33E61C
114,88,90,#30E61C
115,88,90,#2CE61C
116,88,90,#29E61C
117,88,90,#26E61C
118,88,90,#22E61C
119,88,90,#1FE61C
120,88,90,#1CE61C
121,88,90,#1CE61F
122,88,90,#1CE622
123,88,90,#1CE626
124,88,90,#1CE629
125,88,90,#1CE62C
126,88,90,#1CE630
127,88,90,#1CE633
128,88,90,#1CE636
129,88,90,#1CE63A
130,88,90,#1CE63D
131,88,90,#1CE641
132,88,90,#1CE644
133,88,90,#1CE647
134,88,90,#1CE64B
135,88,90,#1CE64E
136,88,90,#1CE651
137,88,90,#1CE655
138,88,90,#1CE658
139,88,90,#1CE65B
140,88,90,#1CE65F
141,88,90,#1CE662
142,88,90,#1CE666
143,88,90,#1CE669
144,88,90,#1CE66C
145,88,90,#1CE670
146,88,90,#1CE673
147,88,90,#1CE676
148,88,90,#1CE67A
149,88,90,#1CE67D
150,88,90,#1CE681
151,88,90,#1CE684
152,88,90,#1CE687
153,88,90,#1CE68B
154,88,90,#1CE68E
155,88,90,#1CE691
156,88,90,#1CE695
157,88,90,#1CE698
158,88,90,#1CE69B
159,88,90,#1CE69F
160,88,90,#1CE6A2
161,88,90,#1CE6A6
162,88,90,#1CE6A9
163,88,90,#1CE6AC
164,88,90,#1CE6B0
165,88,90,#1CE6B3
166,88,90,#1CE6B6
167,88,90,#1CE6BA
168,88,90,#1CE6BD
169,88,90,#1CE6C0
170,88,90,#1CE6C4
171,88,90,#1CE6C7
172,88,90,#1CE6CB
173,88,90,#1CE6CE
174,88,90,#1CE6D1
175,88,90,#1CE6D5
176,88,90,#1CE6D8
177,88,90,#1CE6DB
178,88,90,#1CE6DF
179,88,90,#1CE6E2
180,88,90,#1CE6E6
181,88,90,#1CE2E6
182,88,90,#1CDFE6
183,88,90,#1CDBE6
184,88,90,#1CD8E6
185,88,90,#1CD5E6
186,88,90,#1CD1E6
187,88,90,#1CCEE6
188,88,90,#1CCBE6
189,88,90,#1CC7E6
190,88,90,#1CC4E6
191,88,90,#1CC0E6
192,88,90,#1CBDE6
193,88,90,#1CBAE6
194,88,90,#1CB6E6
195,88,90,#1CB3E6
196,88,90,#1CB0E6
197,88,90,#1CACE6
198,88,90,#1CA9E6
199,88,90,#1CA6E6
200,88,90,#1CA2E6
201,88,90,#1C9FE6
202,88,90,#1C9BE6
203,88,90,#1C98E6
204,88,90,#1C95E6
205,88,90,#1C91E6
206,88,90,#1C8EE6
207,88,90,#1C8BE6
208,88,90,#1C87E6
209,88,90,#1C84E6
210,88,90,#1C81E6
211,88,90,#1C7DE6
212,88,90,#1C7AE6
213,88,90,#1C76E6
214,88,90,#1C73E6
215,88,90,#1C70E6
216,88,90,#1C6CE6
217,88,90,#1C69E6
218,88,90,#1C66E6
219,88,90,#1C62E6
220,88,90,#1C5FE6
221,88,90,#1C5BE6
222,88,90,#1C58E6
223,88,90,#1C55E6
224,88,90,#1C51E6
225,88,90,#1C4EE6
226,88,90,#1C4BE6
227,88,90,#1C47E6
228,88,90,#1C44E6
229,88,90,#1C41E6
230,88,90,#1C3DE6
231,88,90,#1C3AE6
232,88,90,#1C36E6
233,88,90,#1C33E6
234,88,90,#1C30E6
235,88,90,#1C2CE6
236,88,90,#1C29E6
237,88,90,#1C26E6
238,88,90,#1C22E6
239,88,90,#1C1FE6
240,88,90,#1C1CE6
241,88,90,#1F1CE6
242,88,90,#221CE6
243,88,90,#261CE6
244,88,90,#291CE6
245,88,90,#2C1CE6
246,88,90,#301CE6
247,88,90,#331CE6
248,88,90,#361CE6
249,88,90,#3A1CE6
250,88,90,#3D1CE6
251,88,90,#411CE6
252,88,90,#441CE6
253,88,90,#471CE6
254,88,90,#4B1CE6
255,88,90,#4E1CE6
256,88,90,#511CE6
257,88,90,#551CE6
258,88,90,#581CE6
259,88,90,#5B1CE6
260,88,90,#5F1CE6
261,88,90,#621CE6
262,88,90,#661CE6
263,88,90,#691CE6
264,88,90,#6C1CE6
265,88,90,#701CE6
266,88,90,#731CE6
267,88,90,#761CE6
268,88,90,#7A1CE6
269,88,90,#7D1CE6
270,88,90,#811CE6
271,88,90,#841CE6
272,88,90,#871CE6
273,88,90,#8B1CE6
274,88,90,#8E1CE6
275,88,90,#911CE6
276,88,90,#951CE6
277,88,90,#981CE6
278,88,90,#9B1CE6
279,88,90,#9F1CE6
280,88,90,#A21CE6
281,88,90,#A61CE6
282,88,90,#A91CE6
283,88,90,#AC1CE6
284,88,90,#B01CE6
285,88,90,#B31CE6
286,88,90,#B61CE6
287,88,90,#BA1CE6
288,88,90,#BD1CE6
289,88,90,#C01CE6
290,88,90,#C41CE6
291,88,90,#C71CE6
292,88,90,#CB1CE6
293,88,90,#CE1CE6
294,88,90,#D11CE6
295,88,90,#D51CE6
296,88,90,#D81CE6
297,88,90,#DB1CE6
298,88,90,#DF1CE6
299,88,90,#E21CE6
300,88,90,#E61CE6
301,88,90,#E61CE2
302,88,90,#E61CDF
303,88,90,#E61CDB
304,88,90,#E61CD8
305,88,90,#E61CD5
306,88,90,#E61CD1
307,88,90,#E61CCE
308,88,90,#E61CCB
309,88,90,#E61CC7
310,88,90,#E61CC4
311,88,90,#E61CC0
312,88,90,#E61CBD
313,88,90,#E61CBA
314,88,90,#E61CB6
315,88,90,#E61CB3
316,88,90,#E61CB0
317,88,90,#E61CAC
318,88,90,#E61CA9
319,88,90,#E61CA6
320,88,90,#E61CA2
321,88,90,#E61C9F
322,88,90,#E61C9B
323,88,90,#E61C98
324,88,90,#E61C95
325,88,90,#E61C91
326,88,90,#E61C8E
327,88,90,#E61C8B
328,88,90,#E61C87
329,88,90,#E61C84
330,88,90,#E61C81
331,88,90,#E61C7D
332,88,90,#E61C7A
333,88,90,#E61C76
334,88,90,#E61C73
335,88,90,#E61C70
336,88,90,#E61C6C
337,88,90,#E61C69
338,88,90,#E61C66
339,88,90,#E61C62
340,88,90,#E61C5F
341,88,90,#E61C5B
342,88,90,#E61C58
343,88,90,#E61C55
344,88,90,#E61C51
345,88,90,#E61C4E
346,88,90,#E61C4B
347,88,90,#E61C47
348,88,90,#E61C44
349,88,90,#E61C41
350,88,90,#E61C3D
351,88,90,#E61C3A
352,88,90,#E61C36
353,88,90,#E61C33
354,88,90,#E61C30
355,88,90,#E61C2C
356,88,90,#E61C29
357,88,90,#E61C26
358,88,90,#E61C22
359,88,90,#E61C1F
0,87,90,#E61E1E
1,87,90,#E6211E
2,87,90,#E6241E
3,87,90,#E6281E
4,87,90,#E62B1E
5,87,90,#E62E1E
6,87,90,#E6321E
7,87,90,#E6351E
8,87,90,#E6381E
9,87,90,#E63C1E
10,87,90,#E63F1E
11,87,90,#E6421E
12,87,90,#E6461E
13,87,90,#E6491E
14,87,90,#E64C1E
15,87,90,#E6501E
16,87,90,#E6531E
17,87,90,#E6561E
18,87,90,#E65A1E
19,87,90,#E65D1E
20,87,90,#E6601E
21,87,90,#E6641E
22,87,90,#E6671E
23,87,90,#E66A1E
24,87,90,#E66E1E
25,87,90,#E6711E
26,87,90,#E6741E
27,87,90,#E6781E
28,87,90,#E67B1E
29,87,90,#E67E1E
30,87,90,#E6821E
31,87,90,#E6851E
32,87,90,#E6881E
33,87,90,#E68C1E
34,87,90,#E68F1E
35,87,90,#E6921E
36,87,90,#E6961E
37,87,90,#E6991E
38,87,90,#E69C1E
39,87,90,#E6A01E
40,87,90,#E6A31E
41,87,90,#E6A61E
42,87,90,#E6AA1E
43,87,90,#E6AD1E
44,87,90,#E6B01E
45,87,90,#E6B41E
46,87,90,#E6B71E
47,87,90,#E6BA1E
48,87,90,#E6BE1E
49,87,90,#E6C11E
50,87,90,#E6C41E
51,87,90,#E6C81E
52,87,90,#E6CB1E
53,87,90,#E6CE1E
54,87,90,#E6D21E
55,87,90,#E6D51E
56,87,90,#E6D81E
57,87,90,#E6DC1E
58,87,90,#E6DF1E
59,87,90,#E6E21E
60,87,90,#E6E61E
61,87,90,#E2E61E
62,87,90,#DFE61E
63,87,90,#DCE61E
64,87,90,#D8E61E
65,87,90,#D5E61E
66,87,90,#D2E61E
67,87,90,#CEE61E
68,87,90,#CBE61E
69,87,90,#C8E61E
70,87,90,#C4E61E
71,87,90,#C1E61E
72,87,90,#BEE61E
73,87,90,#BAE61E
74,87,90,#B7E61E
75,87,90,#B4E61E
76,87,90,#B0E61E
77,87,90,#ADE61E
78,87,90,#AAE61E
79,87,90,#A6E61E
80,87,90,#A3E61E
81,87,90,#A0E61E
82,87,90,#9CE61E
83,87,90,#99E61E
84,87,90,#96E61E
85,87,90,#92E61E
86,87,90,#8FE61E
87,87,90,#8CE61E
88,87,90,#88E61E
89,87,90,#85E61E
90,87,90,#82E61E
91,87,90,#7EE61E
92,87,90,#7BE61E
93,87,90,#78E61E
94,87,90,#74E61E
95,87,90,#71E61E
96,87,90,#6EE61E
97,87,90,#6AE61E
98,87,90,#67E61E
99,87,90,#64E61E
100,87,90,#60E61E
101,87,90,#5DE61E
102,87,90,#5AE61E
103,87,90,#56E61E
104,87,90,#53E61E
105,87,90,#50E61E
106,87,90,#4CE61E
107,87,90,#49E61E
108,87,90,#46E61E
109,87,90,#42E61E
110,87,90,#3FE61E
111,87,90,#3CE61E
112,87,90,#38E61E
113,87,90,#35E61E
114,87,90,#32E61E
115,87,90,#2EE61E
116,87,90,#2BE61E
117,87,90,#28E61E
118,87,90,#24E61E
119,87,90,#21E61E
120,87,90,#1EE61E
121,87,90,#1EE621
122,87,90,#1EE624
123,87,90,#1EE628
124,87,90,#1EE62B
125,87,90,#1EE62E
126,87,90,#1EE632
127,87,90,#1EE635
128,87,90,#1EE638
129,87,90,#1EE63C
130,87,90,#1EE63F
131,87,90,#1EE642
132,87,90,#1EE646
133,87,90,#1EE649
134,87,90,#1EE64C
135,87,90,#1EE650
136,87,90,#1EE653
137,87,90,#1EE656
138,87,90,#1EE65A
139,87,90,#1EE65D
140,87,90,#1EE660
141,87,90,#1EE664
142,87,90,#1EE667
143,87,90,#1EE66A
144,87,90,#1EE66E
145,87,90,#1EE671
146,87,90,#1EE674
147,87,90,#1EE678
148,87,90,#1EE67B
149,87,90,#1EE67E
150,87,90,#1EE682
151,87,90,#1EE685
152,87,90,#1EE688
153,87,90,#1EE68C
154,87,90,#1EE68F
155,87,90,#1EE692
156,87,90,#1EE696
157,87,90,#1EE699
158,87,90,#1EE69C
159,87,90,#1EE6A0
160,87,90,#1EE6A3
161,87,90,#1EE6A6
162,87,90,#1EE6AA
163,87,90,#1EE6AD
164,87,90,#1EE6B0
165,87,90,#1EE6B4
166,87,90,#1EE6B7
167,87,90,#1EE6BA
168,87,90,#1EE6BE
169,87,90,#1EE6C1
170,87,90,#1EE6C4
171,87,90,#1EE6C8
172,87,90,#1EE6CB
173,87,90,#1EE6CE
174,87,90,#1EE6D2
175,87,90,#1EE6D5
176,87,90,#1EE6D8
177,87,90,#1EE6DC
178,87,90,#1EE6DF
179,87,90,#1EE6E2
180,87,90,#1EE6E6
181,87,90,#1EE2E6
182,87,90,#1EDFE6
183,87,90,#1EDCE6
184,87,90,#1ED8E6
185,87,90,#1ED5E6
186,87,90,#1ED2E6
187,87,90,#1ECEE6
188,87,90,#1ECBE6
189,87,90,#1EC8E6
190,87,90,#1EC4E6
191,87,90,#1EC1E6
192,87,90,#1EBEE6
193,87,90,#1EBAE6
194,87,90,#1EB7E6
195,87,90,#1EB4E6
196,87,90,#1EB0E6
197,87,90,#1EADE6
198,87,90,#1EAAE6
199,87,90,#1EA6E6
200,87,90,#1EA3E6
201,87,90,#1EA0E6
202,87,90,#1E9CE6
203,87,90,#1E99E6
204,87,90,#1E96E6
205,87,90,#1E92E6
206,87,90,#1E8FE6
207,87,90,#1E8CE6
208,87,90,#1E88E6
209,87,90,#1E85E6
210,87,90,#1E82E6
211,87,90,#1E7EE6
212,87,90,#1E7BE6
213,87,90,#1E78E6
214,87,90,#1E74E6
215,87,90,#1E71E6
216,87,90,#1E6EE6
217,87,90,#1E6AE6
218,87,90,#1E67E6
219,87,90,#1E64E6
220,87,90,#1E60E6
221,87,90,#1E5DE6
222,87,90,#1E5AE6
223,87,90,#1E56E6
224,87,90,#1E53E6
225,87,90,#1E50E6
226,87,90,#1E4CE6
227,87,90,#1E49E6
228,87,90,#1E46E6
229,87,90,#1E42E6
230,87,90,#1E3FE6
231,87,90,#1E3CE6
232,87,90,#1E38E6
233,87,90,#1E35E6
234,87,90,#1E32E6
235,87,90,#1E2EE6
236,87,90,#1E2BE6
237,87,90,#1E28E6
238,87,90,#1E24E6
239,87,90,#1E21E6
240,87,90,#1E1EE6
241,87,90,#211EE6
242,87,90,#241EE6
243,87,90,#281EE6
244,87,90,#2B1EE6
245,87,90,#2E1EE6
246,87,90,#321EE6
247,87,90,#351EE6
248,87,90,#381EE6
249,87,90,#3C1EE6
250,87,90,#3F1EE6
251,87,90,#421EE6
252,87,90,#461EE6
253,87,90,#491EE6
254,87,90,#4C1EE6
255,87,90,#501EE6
256,87,90,#531EE6
257,87,90,#561EE6
258,87,90,#5A1EE6
259,87,90,#5D1EE6
260,87,90,#601EE6
261,87,90,#641EE6
262,87,90,#671EE6
263,87,90,#6A1EE6
264,87,90,#6E1EE6
265,87,90,#711EE6
266,87,90,#741EE6
267,87,90,#781EE6
268,87,90,#7B1EE6
269,87,90,#7E1EE6
270,87,90,#821EE6
271,87,90,#851EE6
272,87,90,#881EE6
273,87,90,#8C1EE6
274,87,90,#8F1EE6
275,87,90,#921EE6
276,87,90,#961EE6
277,87,90,#991EE6
278,87,90,#9C1EE6
279,87,90,#A01EE6
280,87,90,#A31EE6
281,87,90,#A61EE6
282,87,90,#AA1EE6
283,87,90,#AD1EE6
284,87,90,#B01EE6
285,87,90,#B41EE6
286,87,90,#B71EE6
287,87,90,#BA1EE6
288,87,90,#BE1EE6
289,87,90,#C11EE6
290,87,90,#C41EE6
291,87,90,#C81EE6
292,87,90,#CB1EE6
293,87,90,#CE1EE6
294,87,90,#D21EE6
295,87,90,#D51EE6
296,87,90,#D81EE6
297,87,90,#DC1EE6
298,87,90,#DF1EE6
299,87,90,#E21EE6
300,87,90,#E61EE6
301,87,90,#E61EE2
302,87,90,#E61EDF
303,87,90,#E61EDC
304,87,90,#E61ED8
305,87,90,#E61ED5
306,87,90,#E61ED2
307,87,90,#E61ECE
308,87,90,#E61ECB
309,87,90,#E61EC8
310,87,90,#E61EC4
311,87,90,#E61EC1
312,87,90,#E61EBE
313,87,90,#E61EBA
314,87,90,#E61EB7
315,87,90,#E61EB4
316,87,90,#E61EB0
317,87,90,#E61EAD
318,87,90,#E61EAA
319,87,90,#E61EA6
320,87,90,#E61EA3
321,87,90,#E61EA0
322,87,90,#E61E9C
323,87,90,#E61E99
324,87,90,#E61E96
325,87,90,#E61E92
326,87,90,#E61E8F
327,87,90,#E61E8C
328,87,90,#E61E88
329,87,90,#E61E85
330,87,90,#E61E82
331,87,90,#E61E7E
332,87,90,#E61E7B
333,87,90,#E61E78
334,87,90,#E61E74
335,87,90,#E61E71
336,87,90,#E61E6E
337,87,90,#E61E6A
338,87,90,#E61E67
339,87,90,#E61E64
340,87,90,#E61E60
341,87,90,#E61E5D
342,87,90,#E61E5A
343,87,90,#E61E56
344,87,90,#E61E53
345,87,90,#E61E50
346,87,90,#E61E4C
347,87,90,#E61E49
348,87,90,#E61E46
349,87,90,#E61E42
350,87,90,#E61E3F
351,87,90,#E61E3C
352,87,90,#E61E38
353,87,90,#E61E35
354,87,90,#E61E32
355,87,90,#E61E2E
356,87,90,#E61E2B
357,87,90,#E61E28
358,87,90,#E61E24
359,87,90,#E61E21
0,86,90,#E62020
1,86,90,#E62320
2,86,90,#E62720
3,86,90,#E62A20
4,86,90,#E62D20
5,86,90,#E63120
6,86,90,#E63420
7,86,90,#E63720
8,86,90,#E63A20
9,86,90,#E63E20
10,86,90,#E64120
11,86,90,#E64420
12,86,90,#E64820
13,86,90,#E64B20
14,86,90,#E64E20
15,86,90,#E65120
16,86,90,#E65520
17,86,90,#E65820
18,86,90,#E65B20
19,86,90,#E65F20
20,86,90,#E66220
21,86,90,#E66520
22,86,90,#E66820
23,86,90,#E66C20
24,86,90,#E66F20
25,86,90,#E67220
26,86,90,#E67620
27,86,90,#E67920
28,86,90,#E67C20
29,86,90,#E68020
30,86,90,#E68320
31,86,90,#E68620
32,86,90,#E68920
33,86,90,#E68D20
34,86,90,#E69020
35,86,90,#E69320
36,86,90,#E69720
37,86,90,#E69A20
38,86,90,#E69D20
39,86,90,#E6A020
40,86,90,#E6A420
41,86,90,#E6A720
42,86,90,#E6AA20
43,86,90,#E6AE20
44,86,90,#E6B120
45,86,90,#E6B420
46,86,90,#E6B720
47,86,90,#E6BB20
48,86,90,#E6BE20
49,86,90,#E6C120
50,86,90,#E6C520
51,86,90,#E6C820
52,86,90,#E6CB20
53,86,90,#E6CE20
54,86,90,#E6D220
55,86,90,#E6D520
56,86,90,#E6D820
57,86,90,#E6DC20
58,86,90,#E6DF20
59,86,90,#E6E220
60,86,90,#E6E620
61,86,90,#E2E620
62,86,90,#DFE620
63,86,90,#DCE620
64,86,90,#D8E620
65,86,90,#D5E620
66,86,90,#D2E620
67,86,90,#CEE620
68,86,90,#CBE620
69,86,90,#C8E620
70,86,90,#C5E620
71,86,90,#C1E620
72,86,90,#BEE620
73,86,90,#BBE620
74,86,90,#B7E620
75,86,90,#B4E620
76,86,90,#B1E620
77,86,90,#AEE620
78,86,90,#AAE620
79,86,90,#A7E620
80,86,90,#A4E620
81,86,90,#A0E620
82,86,90,#9DE620
83,86,90,#9AE620
84,86,90,#97E620
85,86,90,#93E620
86,86,90,#90E620
87,86,90,#8DE620
88,86,90,#89E620
89,86,90,#86E620
90,86,90,#83E620
91,86,90,#80E620
92,86,90,#7CE620
93,86,90,#79E620
94,86,90,#76E620
95,86,90,#72E620
96,86,90,#6FE620
97,86,90,#6CE620
98,86,90,#68E620
99,86,90,#65E620
100,86,90,#62E620
101,86,90,#5FE620
102,86,90,#5BE620
103,86,90,#58E620
104,86,90,#55E620
105,86,90,#51E620
106,86,90,#4EE620
107,86,90,#4BE620
108,86,90,#48E620
109,86,90,#44E620
110,86,90,#41E620
111,86,90,#3EE620
112,86,90,#3AE620
113,86,90,#37E620
114,86,90,#34E620
115,86,90,#31E620
116,86,90,#2DE620
117,86,90,#2AE620
118,86,90,#27E620
119,86,90,#23E620
120,86,90,#20E620
121,86,90,#20E623
122,86,90,#20E627
123,86,90,#20E62A
124,86,90,#20E62D
125,86,90,#20E631
126,86,90,#20E634
127,86,90,#20E637
128,86,90,#20E63A
129,86,90,#20E63E
130,86,90,#20E641
131,86,90,#20E644
132,86,90,#20E648
133,86,90,#20E64B
134,86,90,#20E64E
135,86,90,#20E651
136,86,90,#20E655
137,86,90,#20E658
138,86,90,#20E65B
139,86,90,#20E65F
140,86,90,#20E662
141,86,90,#20E665
142,86,90,#20E668
143,86,90,#20E66C
144,86,90,#20E66F
145,86,90,#20E672
146,86,90,#20E676
147,86,90,#20E679
148,86,90,#20E67C
149,86,90,#20E680
150,86,90,#20E683
151,86,90,#20E686
152,86,90,#20E689
153,86,90,#20E68D
154,86,90,#20E690
155,86,90,#20E693
156,86,90,#20E697
157,86,90,#20E69A
158,86,90,#20E69D
159,86,90,#20E6A0
160,86,90,#20E6A4
161,86,90,#20E6A7
162,86,90,#20E6AA
163,86,90,#20E6AE
164,86,90,#20E6B1
165,86,90,#20E6B4
166,86,90,#20E6B7
167,86,90,#20E6BB
168,86,90,#20E6BE
169,86,90,#20E6C1
170,86,90,#20E6C5
171,86,90,#20E6C8
172,86,90,#20E6CB
173,86,90,#20E6CE
174,86,90,#20E6D2
175,86,90,#20E6D5
176,86,90,#20E6D8
177,86,90,#20E6DC
178,86,90,#20E6DF
179,86,90,#20E6E2
180,86,90,#20E6E6
181,86,90,#20E2E6
182,86,90,#20DFE6
183,86,90,#20DCE6
184,86,90,#20D8E6
185,86,90,#20D5E6
186,86,90,#20D2E6
187,86,90,#20CEE6
188,86,90,#20CBE6
189,86,90,#20C8E6
190,86,90,#20C5E6
191,86,90,#20C1E6
192,86,90,#20BEE6
193,86,90,#20BBE6
194,86,90,#20B7E6
195,86,90,#20B4E6
196,86,90,#20B1E6
197,86,90,#20AEE6
198,86,90,#20AAE6
199,86,90,#20A7E6
200,86,90,#20A4E6
201,86,90,#20A0E6
202,86,90,#209DE6
203,86,90,#209AE6
204,86,90,#2097E6
205,86,90,#2093E6
206,86,90,#2090E6
207,86,90,#208DE6
208,86,90,#2089E6
209,86,90,#2086E6
210,86,90,#2083E6
211,86,90,#2080E6
212,86,90,#207CE6
213,86,90,#2079E6
214,86,90,#2076E6
215,86,90,#2072E6
216,86,90,#206FE6
217,86,90,#206CE6
218,86,90,#2068E6
219,86,90,#2065E6
220,86,90,#2062E6
221,86,90,#205FE6
222,86,90,#205BE6
223,86,90,#2058E6
224,86,90,#2055E6
225,86,90,#2051E6
226,86,90,#204EE6
227,86,90,#204BE6
228,86,90,#2048E6
229,86,90,#2044E6
230,86,90,#2041E6
231,86,90,#203EE6
232,86,90,#203AE6
233,86,90,#2037E6
234,86,90,#2034E6
235,86,90,#2031E6
236,86,90,#202DE6
237,86,90,#202AE6
238,86,90,#2027E6
239,86,90,#2023E6
240,86,90,#2020E6
241,86,90,#2320E6
242,86,90,#2720E6
243,86,90,#2A20E6
244,86,90,#2D20E6
245,86,90,#3120E6
246,86,90,#3420E6
247,86,90,#3720E6
248,86,90,#3A20E6
249,86,90,#3E20E6
250,86,90,#4120E6
251,86,90,#4420E6
252,86,90,#4820E6
253,86,90,#4B20E6
254,86,90,#4E20E6
255,86,90,#5120E6
256,86,90,#5520E6
257,86,90,#5820E6
258,86,90,#5B20E6
259,86,90,#5F20E6
260,86,90,#6220E6
261,86,90,#6520E6
262,86,90,#6820E6
263,86,90,#6C20E6
264,86,90,#6F20E6
265,86,90,#7220E6
266,86,90,#7620E6
267,86,90,#7920E6
268,86,90,#7C20E6
269,86,90,#8020E6
270,86,90,#8320E6
271,86,90,#8620E6
272,86,90,#8920E6
273,86,90,#8D20E6
274,86,90,#9020E6
275,86,90,#9320E6
276,86,90,#9720E6
277,86,90,#9A20E6
278,86,90,#9D20E6
279,86,90,#A020E6
280,86,90,#A420E6
281,86,90,#A720E6
282,86,90,#AA20E6
283,86,90,#AE20E6
284,86,90,#B120E6
285,86,90,#B420E6
286,86,90,#B720E6
287,86,90,#BB20E6
288,86,90,#BE20E6
289,86,90,#C120E6
290,86,90,#C520E6
291,86,90,#C820E6
292,86,90,#CB20E6
293,86,90,#CE20E6
294,86,90,#D220E6
295,86,90,#D520E6
296,86,90,#D820E6
297,86,90,#DC20E6
298,86,90,#DF20E6
299,86,90,#E220E6
300,86,90,#E620E6
301,86,90,#E620E2
302,86,90,#E620DF
303,86,90,#E620DC
304,86,90,#E620D8
305,86,90,#E620D5
306,86,90,#E620D2
307,86,90,#E620CE
308,86,90,#E620CB
309,86,90,#E620C8
310,86,90,#E620C5
311,86,90,#E620C1
312,86,90,#E620BE
313,86,90,#E620BB
314,86,90,#E620B7
315,86,90,#E620B4
316,86,90,#E620B1
317,86,90,#E620AE
318,86,90,#E620AA
319,86,90,#E620A7
320,86,90,#E620A4
321,86,90,#E620A0
322,86,90,#E6209D
323,86,90,#E6209A
324,86,90,#E62097
325,86,90,#E62093
326,86,90,#E62090
327,86,90,#E6208D
328,86,90,#E62089
329,86,90,#E62086
330,86,90,#E62083
331,86,90,#E62080
332,86,90,#E6207C
333,86,90,#E62079
334,86,90,#E62076
335,86,90,#E62072
336,86,90,#E6206F
337,86,90,#E6206C
338,86,90,#E62068
339,86,90,#E62065
340,86,90,#E62062
341,86,90,#E6205F
342,86,90,#E6205B
343,86,90,#E62058
344,86,90,#E62055
345,86,90,#E62051
346,86,90,#E6204E
347,86,90,#E6204B
348,86,90,#E62048
349,86,90,#E62044
350,86,90,#E62041
351,86,90,#E6203E
352,86,90,#E6203A
353,86,90,#E62037
354,86,90,#E62034
355,86,90,#E62031
356,86,90,#E6202D
357,86,90,#E6202A
358,86,90,#E62027
359,86,90,#E62023
0,85,90,#E62222
1,85,90,#E62622
2,85,90,#E62922
3,85,90,#E62C22
4,85,90,#E62F22
5,85,90,#E63322
6,85,90,#E63622
7,85,90,#E63922
8,85,90,#E63C22
9,85,90,#E64022
10,85,90,#E64322
11,85,90,#E64622
12,85,90,#E64922
13,85,90,#E64D22
14,85,90,#E65022
15,85,90,#E65322
16,85,90,#E65622
17,85,90,#E65A22
18,85,90,#E65D22
19,85,90,#E66022
20,85,90,#E66322
21,85,90,#E66722
22,85,90,#E66A22
23,85,90,#E66D22
24,85,90,#E67022
25,85,90,#E67422
26,85,90,#E67722
27,85,90,#E67A22
28,85,90,#E67D22
29,85,90,#E68122
30,85,90,#E68422
31,85,90,#E68722
32,85,90,#E68A22
33,85,90,#E68E22
34,85,90,#E69122
35,85,90,#E69422
36,85,90,#E69722
37,85,90,#E69B22
38,85,90,#E69E22
39,85,90,#E6A122
40,85,90,#E6A422
41,85,90,#E6A822
42,85,90,#E6AB22
43,85,90,#E6AE22
44,85,90,#E6B122
45,85,90,#E6B522
46,85,90,#E6B822
47,85,90,#E6BB22
48,85,90,#E6BE22
49,85,90,#E6C222
50,85,90,#E6C522
51,85,90,#E6C822
52,85,90,#E6CB22
53,85,90,#E6CF22
54,85,90,#E6D222
55,85,90,#E6D522
56,85,90,#E6D822
57,85,90,#E6DC22
58,85,90,#E6DF22
59,85,90,#E6E222
60,85,90,#E6E622
61,85,90,#E2E622
62,85,90,#DFE622
63,85,90,#DCE622
64,85,90,#D8E622
65,85,90,#D5E622
66,85,90,#D2E622
67,85,90,#CFE622
68,85,90,#CBE622
69,85,90,#C8E622
70,85,90,#C5E622
71,85,90,#C2E622
72,85,90,#BEE622
73,85,90,#BBE622
74,85,90,#B8E622
75,85,90,#B5E622
76,85,90,#B1E622
77,85,90,#AEE622
78,85,90,#ABE622
79,85,90,#A8E622
80,85,90,#A4E622
81,85,90,#A1E622
82,85,90,#9EE622
83,85,90,#9BE622
84,85,90,#97E622
85,85,90,#94E622
86,85,90,#91E622
87,85,90,#8EE622
88,85,90,#8AE622
89,85,90,#87E622
90,85,90,#84E622
91,85,90,#81E622
92,85,90,#7DE622
93,85,90,#7AE622
94,85,90,#77E622
95,85,90,#74E622
96,85,90,#70E622
97,85,90,#6DE622
98,85,90,#6AE622
99,85,90,#67E622
100,85,90,#63E622
101,85,90,#60E622
102,85,90,#5DE622
103,85,90,#5AE622
104,85,90,#56E622
105,85,90,#53E622
106,85,90,#50E622
107,85,90,#4DE622
108,85,90,#49E622
109,85,90,#46E622
110,85,90,#43E622
111,85,90,#40E622
112,85,90,#3CE622
113,85,90,#39E622
114,85,90,#36E622
115,85,90,#33E622
116,85,90,#2FE622
117,85,90,#2CE622
118,85,90,#29E622
119,85,90,#26E622
120,85,90,#22E622
121,85,90,#22E626
122,85,90,#22E629
123,85,90,#22E62C
124,85,90,#22E62F
125,85,90,#22E633
126,85,90,#22E636
127,85,90,#22E639
128,85,90,#22E63C
129,85,90,#22E640
130,85,90,#22E643
131,85,90,#22E646
132,85,90,#22E649
133,85,90,#22E64D
134,85,90,#22E650
135,85,90,#22E653
136,85,90,#22E656
137,85,90,#22E65A
138,85,90,#22E65D
139,85,90,#22E660
140,85,90,#22E663
141,85,90,#22E667
142,85,90,#22E66A
143,85,90,#22E66D
144,85,90,#22E670
145,85,90,#22E674
146,85,90,#22E677
147,85,90,#22E67A
148,85,90,#22E67D
149,85,90,#22E681
150,85,90,#22E684
151,85,90,#22E687
152,85,90,#22E68A
153,85,90,#22E68E
154,85,90,#22E691
155,85,90,#22E694
156,85,90,#22E697
157,85,90,#22E69B
158,85,90,#22E69E
159,85,90,#22E6A1
160,85,90,#22E6A4
161,85,90,#22E6A8
162,85,90,#22E6AB
163,85,90,#22E6AE
164,85,90,#22E6B1
165,85,90,#22E6B5
166,85,90,#22E6B8
167,85,90,#22E6BB
168,85,90,#22E6BE
169,85,90,#22E6C2
170,85,90,#22E6C5
171,85,90,#22E6C8
172,85,90,#22E6CB
173,85,90,#22E6CF
174,85,90,#22E6D2
175,85,90,#22E6D5
176,85,90,#22E6D8
177,85,90,#22E6DC
178,85,90,#22E6DF
179,85,90,#22E6E2
180,85,90,#22E6E6
181,85,90,#22E2E6
182,85,90,#22DFE6
183,85,90,#22DCE6
184,85,90,#22D8E6
185,85,90,#22D5E6
186,85,90,#22D2E6
187,85,90,#22CFE6
188,85,90,#22CBE6
189,85,90,#22C8E6
190,85,90,#22C5E6
191,85,90,#22C2E6
192,85,90,#22BEE6
193,85,90,#22BBE6
194,85,90,#22B8E6
195,85,90,#22B5E6
196,85,90,#22B1E6
197,85,90,#22AEE6
198,85,90,#22ABE6
199,85,90,#22A8E6
200,85,90,#22A4E6
201,85,90,#22A1E6
202,85,90,#229EE6
203,85,90,#229BE6
204,85,90,#2297E6
205,85,90,#2294E6
206,85,90,#2291E6
207,85,90,#228EE6
208,85,90,#228AE6
209,85,90,#2287E6
210,85,90,#2284E6
211,85,90,#2281E6
212,85,90,#227DE6
213,85,90,#227AE6
214,85,90,#2277E6
215,85,90,#2274E6
216,85,90,#2270E6
217,85,90,#226DE6
218,85,90,#226AE6
219,85,90,#2267E6
220,85,90,#2263E6
221,85,90,#2260E6
222,85,90,#225DE6
223,85,90,#225AE6
224,85,90,#2256E6
225,85,90,#2253E6
226,85,90,#2250E6
227,85,90,#224DE6
228,85,90,#2249E6
229,85,90,#2246E6
230,85,90,#2243E6
231,85,90,#2240E6
232,85,90,#223CE6
233,85,90,#2239E6
234,85,90,#2236E6
235,85,90,#2233E6
236,85,90,#222FE6
237,85,90,#222CE6
238,85,90,#2229E6
239,85,90,#2226E6
240,85,90,#2222E6
241,85,90,#2622E6
242,85,90,#2922E6
243,85,90,#2C22E6
244,85,90,#2F22E6
245,85,90,#3322E6
246,85,90,#3622E6
247,85,90,#3922E6
248,85,90,#3C22E6
249,85,90,#4022E6
250,85,90,#4322E6
251,85,90,#4622E6
252,85,90,#4922E6
253,85,90,#4D22E6
254,85,90,#5022E6
255,85,90,#5322E6
256,85,90,#5622E6
257,85,90,#5A22E6
258,85,90,#5D22E6
259,85,90,#6022E6
260,85,90,#6322E6
261,85,90,#6722E6
262,85,90,#6A22E6
263,85,90,#6D22E6
264,85,90,#7022E6
265,85,90,#7422E6
266,85,90,#7722E6
267,85,90,#7A22E6
268,85,90,#7D22E6
269,85,90,#8122E6
270,85,90,#8422E6
271,85,90,#8722E6
272,85,90,#8A22E6
273,85,90,#8E22E6
274,85,90,#9122E6
275,85,90,#9422E6
276,85,90,#9722E6
277,85,90,#9B22E6
278,85,90,#9E22E6
279,85,90,#A122E6
280,85,90,#A422E6
281,85,90,#A822E6
282,85,90,#AB22E6
283,85,90,#AE22E6
284,85,90,#B122E6
285,85,90,#B522E6
286,85,90,#B822E6
287,85,90,#BB22E6
288,85,90,#BE22E6
289,85,90,#C222E6
290,85,90,#C522E6
291,85,90,#C822E6
292,85,90,#CB22E6
293,85,90,#CF22E6
294,85,90,#D222E6
295,85,90,#D522E6
296,85,90,#D822E6
297,85,90,#DC22E6
298,85,90,#DF22E6
299,85,90,#E222E6
300,85,90,#E622E6
301,85,90,#E622E2
302,85,90,#E622DF
303,85,90,#E622DC
304,85,90,#E622D8
305,85,90,#E622D5
306,85,90,#E622D2
307,85,90,#E622CF
308,85,90,#E622CB
309,85,90,#E622C8
310,85,90,#E622C5
311,85,90,#E622C2
312,85,90,#E622BE
313,85,90,#E622BB
314,85,90,#E622B8
315,85,90,#E622B5
316,85,90,#E622B1
317,85,90,#E622AE
318,85,90,#E622AB
319,85,90,#E622A8
320,85,90,#E622A4
321,85,90,#E622A1
322,85,90,#E6229E
323,85,90,#E6229B
324,85,90,#E62297
325,85,90,#E62294
326,85,90,#E62291
327,85,90,#E6228E
328,85,90,#E6228A
329,85,90,#E62287
330,85,90,#E62284
331,85,90,#E62281
332,85,90,#E6227D
333,85,90,#E6227A
334,85,90,#E62277
335,85,90,#E62274
336,85,90,#E62270
337,85,90,#E6226D
338,85,90,#E6226A
339,85,90,#E62267
340,85,90,#E62263
341,85,90,#E62260
342,85,90,#E6225D
343,85,90,#E6225A
344,85,90,#E62256
345,85,90,#E62253
346,85,90,#E62250
347,85,90,#E6224D
348,85,90,#E62249
349,85,90,#E62246
350,85,90,#E62243
351,85,90,#E62240
352,85,90,#E6223C
353,85,90,#E62239
354,85,90,#E62236
355,85,90,#E62233
356,85,90,#E6222F
357,85,90,#E6222C
358,85,90,#E62229
359,85,90,#E62226
0,84,90,#E62525
1,84,90,#E62825
2,84,90,#E62B25
3,84,90,#E62E25
4,84,90,#E63225
5,84,90,#E63525
6,84,90,#E63825
7,84,90,#E63B25
8,84,90,#E63E25
9,84,90,#E64225
10,84,90,#E64525
11,84,90,#E64825
12,84,90,#E64B25
13,84,90,#E64E25
14,84,90,#E65225
15,84,90,#E65525
16,84,90,#E65825
17,84,90,#E65B25
18,84,90,#E65F25
19,84,90,#E66225
20,84,90,#E66525
21,84,90,#E66825
22,84,90,#E66B25
23,84,90,#E66F25
24,84,90,#E67225
25,84,90,#E67525
26,84,90,#E67825
27,84,90,#E67B25
28,84,90,#E67F25
29,84,90,#E68225
30,84,90,#E68525
31,84,90,#E68825
32,84,90,#E68C25
33,84,90,#E68F25
34,84,90,#E69225
35,84,90,#E69525
36,84,90,#E69825
37,84,90,#E69C25
38,84,90,#E69F25
39,84,90,#E6A225
40,84,90,#E6A525
41,84,90,#E6A825
42,84,90,#E6AC25
43,84,90,#E6AF25
44,84,90,#E6B225
45,84,90,#E6B525
46,84,90,#E6B925
47,84,90,#E6BC25
48,84,90,#E6BF25
49,84,90,#E6C225
50,84,90,#E6C525
51,84,90,#E6C925
52,84,90,#E6CC25
53,84,90,#E6CF25
54,84,90,#E6D225
55,84,90,#E6D525
56,84,90,#E6D925
57,84,90,#E6DC25
58,84,90,#E6DF25
59,84,90,#E6E225
60,84,90,#E6E625
61,84,90,#E2E625
62,84,90,#DFE625
63,84,90,#DCE625
64,84,90,#D9E625
65,84,90,#D5E625
66,84,90,#D2E625
67,84,90,#CFE625
68,84,90,#CCE625
69,84,90,#C9E625
70,84,90,#C5E625
71,84,90,#C2E625
72,84,90,#BFE625
73,84,90,#BCE625
74,84,90,#B9E625
75,84,90,#B5E625
76,84,90,#B2E625
77,84,90,#AFE625
78,84,90,#ACE625
79,84,90,#A8E625
80,84,90,#A5E625
81,84,90,#A2E625
82,84,90,#9FE625
83,84,90,#9CE625
84,84,90,#98E625
85,84,90,#95E625
86,84,90,#92E625
87,84,90,#8FE625
88,84,90,#8CE625
89,84,90,#88E625
90,84,90,#85E625
91,84,90,#82E625
92,84,90,#7FE625
93,84,90,#7BE625
94,84,90,#78E625
95,84,90,#75E625
96,84,90,#72E625
97,84,90,#6FE625
98,84,90,#6BE625
99,84,90,#68E625
100,84,90,#65E625
101,84,90,#62E625
102,84,90,#5FE625
103,84,90,#5BE625
104,84,90,#58E625
105,84,90,#55E625
106,84,90,#52E625
107,84,90,#4EE625
108,84,90,#4BE625
109,84,90,#48E625
110,84,90,#45E625
111,84,90,#42E625
112,84,90,#3EE625
113,84,90,#3BE625
114,84,90,#38E625
115,84,90,#35E625
116,84,90,#32E625
117,84,90,#2EE625
118,84,90,#2BE625
119,84,90,#28E625
120,84,90,#25E625
121,84,90,#25E628
122,84,90,#25E62B
123,84,90,#25E62E
124,84,90,#25E632
125,84,90,#25E635
126,84,90,#25E638
127,84,90,#25E63B
128,84,90,#25E63E
129,84,90,#25E642
130,84,90,#25E645
131,84,90,#25E648
132,84,90,#25E64B
133,84,90,#25E64E
134,84,90,#25E652
135,84,90,#25E655
136,84,90,#25E658
137,84,90,#25E65B
138,84,90,#25E65F
139,84,90,#25E662
140,84,90,#25E665
141,84,90,#25E668
142,84,90,#25E66B
143,84,90,#25E66F
144,84,90,#25E672
145,84,90,#25E675
146,84,90,#25E678
147,84,90,#25E67B
148,84,90,#25E67F
149,84,90,#25E682
150,84,90,#25E685
151,84,90,#25E688
152,84,90,#25E68C
153,84,90,#25E68F
154,84,90,#25E692
155,84,90,#25E695
156,84,90,#25E698
157,84,90,#25E69C
158,84,90,#25E69F
159,84,90,#25E6A2
160,84,90,#25E6A5
161,84,90,#25E6A8
162,84,90,#25E6AC
163,84,90,#25E6AF
164,84,90,#25E6B2
165,84,90,#25E6B5
166,84,90,#25E6B9
167,84,90,#25E6BC
168,84,90,#25E6BF
169,84,90,#25E6C2
170,84,90,#25E6C5
171,84,90,#25E6C9
172,84,90,#25E6CC
173,84,90,#25E6CF
174,84,90,#25E6D2
175,84,90,#25E6D5
176,84,90,#25E6D9
177,84,90,#25E6DC
178,84,90,#25E6DF
179,84,90,#25E6E2
180,84,90,#25E6E6
181,84,90,#25E2E6
182,84,90,#25DFE6
183,84,90,#25DCE6
184,84,90,#25D9E6
185,84,90,#25D5E6
186,84,90,#25D2E6
187,84,90,#25CFE6
188,84,90,#25CCE6
189,84,90,#25C9E6
190,84,90,#25C5E6
191,84,90,#25C2E6
192,84,90,#25BFE6
193,84,90,#25BCE6
194,84,90,#25B9E6
195,84,90,#25B5E6
196,84,90,#25B2E6
197,84,90,#25AFE6
198,84,90,#25ACE6
199,84,90,#25A8E6
200,84,90,#25A5E6
201,84,90,#25A2E6
202,84,90,#259FE6
203,84,90,#259CE6
204,84,90,#2598E6
205,84,90,#2595E6
206,84,90,#2592E6
207,84,90,#258FE6
208,84,90,#258CE6
209,84,90,#2588E6
210,84,90,#2585E6
211,84,90,#2582E6
212,84,90,#257FE6
213,84,90,#257BE6
214,84,90,#2578E6
215,84,90,#2575E6
216,84,90,#2572E6
217,84,90,#256FE6
218,84,90,#256BE6
219,84,90,#2568E6
220,84,90,#2565E6
221,84,90,#2562E6
222,84,90,#255FE6
223,84,90,#255BE6
224,84,90,#2558E6
225,84,90,#2555E6
226,84,90,#2552E6
227,84,90,#254EE6
228,84,90,#254BE6
229,84,90,#2548E6
230,84,90,#2545E6
231,84,90,#2542E6
232,84,90,#253EE6
233,84,90,#253BE6
234,84,90,#2538E6
235,84,90,#2535E6
236,84,90,#2532E6
237,84,90,#252EE6
238,84,90,#252BE6
239,84,90,#2528E6
240,84,90,#2525E6
241,84,90,#2825E6
242,84,90,#2B25E6
243,84,90,#2E25E6
244,84,90,#3225E6
245,84,90,#3525E6
246,84,90,#3825E6
247,84,90,#3B25E6
248,84,90,#3E25E6
249,84,90,#4225E6
250,84,90,#4525E6
251,84,90,#4825E6
252,84,90,#4B25E6
253,84,90,#4E25E6
254,84,90,#5225E6
255,84,90,#5525E6
256,84,90,#5825E6
257,84,90,#5B25E6
258,84,90,#5F25E6
259,84,90,#6225E6
260,84,90,#6525E6
261,84,90,#6825E6
262,84,90,#6B25E6
263,84,90,#6F25E6
264,84,90,#7225E6
265,84,90,#7525E6
266,84,90,#7825E6
267,84,90,#7B25E6
268,84,90,#7F25E6
269,84,90,#8225E6
270,84,90,#8525E6
271,84,90,#8825E6
272,84,90,#8C25E6
273,84,90,#8F25E6
274,84,90,#9225E6
275,84,90,#9525E6
276,84,90,#9825E6
277,84,90,#9C25E6
278,84,90,#9F25E6
279,84,90,#A225E6
280,84,90,#A525E6
281,84,90,#A825E6
282,84,90,#AC25E6
283,84,90,#AF25E6
284,84,90,#B225E6
285,84,90,#B525E6
286,84,90,#B925E6
287,84,90,#BC25E6
288,84,90,#BF25E6
289,84,90,#C225E6
290,84,90,#C525E6
291,84,90,#C925E6
292,84,90,#CC25E6
293,84,90,#CF25E6
294,84,90,#D225E6
295,84,90,#D525E6
296,84,90,#D925E6
297,84,90,#DC25E6
298,84,90,#DF25E6
299,84,90,#E225E6
300,84,90,#E625E6
301,84,90,#E625E2
302,84,90,#E625DF
303,84,90,#E625DC
304,84,90,#E625D9
305,84,90,#E625D5
306,84,90,#E625D2
307,84,90,#E625CF
308,84,90,#E625CC
309,84,90,#E625C9
310,84,90,#E625C5
311,84,90,#E625C2
312,84,90,#E625BF
313,84,90,#E625BC
314,84,90,#E625B9
315,84,90,#E625B5
316,84,90,#E625B2
317,84,90,#E625AF
318,84,90,#E625AC
319,84,90,#E625A8
320,84,90,#E625A5
321,84,90,#E625A2
322,84,90,#E6259F
323,84,90,#E6259C
324,84,90,#E62598
325,84,90,#E62595
326,84,90,#E62592
327,84,90,#E6258F
328,84,90,#E6258C
329,84,90,#E62588
330,84,90,#E62585
331,84,90,#E62582
332,84,90,#E6257F
333,84,90,#E6257B
334,84,90,#E62578
335,84,90,#E62575
336,84,90,#E62572
337,84,90,#E6256F
338,84,90,#E6256B
339,84,90,#E62568
340,84,90,#E62565
341,84,90,#E62562
342,84,90,#E6255F
343,84,90,#E6255B
344,84,90,#E62558
345,84,90,#E62555
346,84,90,#E62552
347,84,90,#E6254E
348,84,90,#E6254B
349,84,90,#E62548
350,84,90,#E62545
351,84,90,#E62542
352,84,90,#E6253E
353,84,90,#E6253B
354,84,90,#E62538
355,84,90,#E62535
356,84,90,#E62532
357,84,90,#E6252E
358,84,90,#E6252B
359,84,90,#E62528
0,83,90,#E62727
1,83,90,#E62A27
2,83,90,#E62D27
3,83,90,#E63127
4,83,90,#E63427
5,83,90,#E63727
6,83,90,#E63A27
7,83,90,#E63D27
8,83,90,#E64027
9,83,90,#E64427
10,83,90,#E64727
11,83,90,#E64A27
12,83,90,#E64D27
13,83,90,#E65027
14,83,90,#E65327
15,83,90,#E65727
16,83,90,#E65A27
17,83,90,#E65D27
18,83,90,#E66027
19,83,90,#E66327
20,83,90,#E66727
21,83,90,#E66A27
22,83,90,#E66D27
23,83,90,#E67027
24,83,90,#E67327
25,83,90,#E67627
26,83,90,#E67A27
27,83,90,#E67D27
28,83,90,#E68027
29,83,90,#E68327
30,83,90,#E68627
31,83,90,#E68927
32,83,90,#E68D27
33,83,90,#E69027
34,83,90,#E69327
35,83,90,#E69627
36,83,90,#E69927
37,83,90,#E69C27
38,83,90,#E6A027
39,83,90,#E6A327
40,83,90,#E6A627
41,83,90,#E6A927
42,83,90,#E6AC27
43,83,90,#E6B027
44,83,90,#E6B327
45,83,90,#E6B627
46,83,90,#E6B927
47,83,90,#E6BC27
48,83,90,#E6BF27
49,83,90,#E6C327
50,83,90,#E6C627
51,83,90,#E6C927
52,83,90,#E6CC27
53,83,90,#E6CF27
54,83,90,#E6D227
55,83,90,#E6D627
56,83,90,#E6D927
57,83,90,#E6DC27
58,83,90,#E6DF27
59,83,90,#E6E227
60,83,90,#E6E627
61,83,90,#E2E627
62,83,90,#DFE627
63,83,90,#DCE627
64,83,90,#D9E627
65,83,90,#D6E627
66,83,90,#D2E627
67,83,90,#CFE627
68,83,90,#CCE627
69,83,90,#C9E627
70,83,90,#C6E627
71,83,90,#C3E627
72,83,90,#BFE627
73,83,90,#BCE627
74,83,90,#B9E627
75,83,90,#B6E627
76,83,90,#B3E627
77,83,90,#B0E627
78,83,90,#ACE627
79,83,90,#A9E627
80,83,90,#A6E627
81,83,90,#A3E627
82,83,90,#A0E627
83,83,90,#9CE627
84,83,90,#99E627
85,83,90,#96E627
86,83,90,#93E627
87,83,90,#90E627
88,83,90,#8DE627
89,83,90,#89E627
90,83,90,#86E627
91,83,90,#83E627
92,83,90,#80E627
93,83,90,#7DE627
94,83,90,#7AE627
95,83,90,#76E627
96,83,90,#73E627
97,83,90,#70E627
98,83,90,#6DE627
99,83,90,#6AE627
100,83,90,#67E627
101,83,90,#63E627
102,83,90,#60E627
103,83,90,#5DE627
104,83,90,#5AE627
105,83,90,#57E627
106,83,90,#53E627
107,83,90,#50E627
108,83,90,#4DE627
109,83,90,#4AE627
110,83,90,#47E627
111,83,90,#44E627
112,83,90,#40E627
113,83,90,#3DE627
114,83,90,#3AE627
115,83,90,#37E627
116,83,90,#34E627
117,83,90,#31E627
118,83,90,#2DE627
119,83,90,#2AE627
120,83,90,#27E627
121,83,90,#27E62A
122,83,90,#27E62D
123,83,90,#27E631
124,83,90,#27E634
125,83,90,#27E637
126,83,90,#27E63A
127,83,90,#27E63D
128,83,90,#27E640
129,83,90,#27E644
130,83,90,#27E647
131,83,90,#27E64A
132,83,90,#27E64D
133,83,90,#27E650
134,83,90,#27E653
135,83,90,#27E657
136,83,90,#27E65A
137,83,90,#27E65D
138,83,90,#27E660
139,83,90,#27E663
140,83,90,#27E667
141,83,90,#27E66A
142,83,90,#27E66D
143,83,90,#27E670
144,83,90,#27E673
145,83,90,#27E676
146,83,90,#27E67A
147,83,90,#27E67D
148,83,90,#27E680
149,83,90,#27E683
150,83,90,#27E686
151,83,90,#27E689
152,83,90,#27E68D
153,83,90,#27E690
154,83,90,#27E693
155,83,90,#27E696
156,83,90,#27E699
157,83,90,#27E69C
158,83,90,#27E6A0
159,83,90,#27E6A3
160,83,90,#27E6A6
161,83,90,#27E6A9
162,83,90,#27E6AC
163,83,90,#27E6B0
164,83,90,#27E6B3
165,83,90,#27E6B6
166,83,90,#27E6B9
167,83,90,#27E6BC
168,83,90,#27E6BF
169,83,90,#27E6C3
170,83,90,#27E6C6
171,83,90,#27E6C9
172,83,90,#27E6CC
173,83,90,#27E6CF
174,83,90,#27E6D2
175,83,90,#27E6D6
176,83,90,#27E6D9
177,83,90,#27E6DC
178,83,90,#27E6DF
179,83,90,#27E6E2
180,83,90,#27E6E6
181,83,90,#27E2E6
182,83,90,#27DFE6
183,83,90,#27DCE6
184,83,90,#27D9E6
185,83,90,#27D6E6
186,83,90,#27D2E6
187,83,90,#27CFE6
188,83,90,#27CCE6
189,83,90,#27C9E6
190,83,90,#27C6E6
191,83,90,#27C3E6
192,83,90,#27BFE6
193,83,90,#27BCE6
194,83,90,#27B9E6
195,83,90,#27B6E6
196,83,90,#27B3E6
197,83,90,#27B0E6
198,83,90,#27ACE6
199,83,90,#27A9E6
200,83,90,#27A6E6
201,83,90,#27A3E6
202,83,90,#27A0E6
203,83,90,#279CE6
204,83,90,#2799E6
205,83,90,#2796E6
206,83,90,#2793E6
207,83,90,#2790E6
208,83,90,#278DE6
209,83,90,#2789E6
210,83,90,#2786E6
211,83,90,#2783E6
212,83,90,#2780E6
213,83,90,#277DE6
214,83,90,#277AE6
215,83,90,#2776E6
216,83,90,#2773E6
217,83,90,#2770E6
218,83,90,#276DE6
219,83,90,#276AE6
220,83,90,#2767E6
221,83,90,#2763E6
222,83,90,#2760E6
223,83,90,#275DE6
224,83,90,#275AE6
225,83,90,#2757E6
226,83,90,#2753E6
227,83,90,#2750E6
228,83,90,#274DE6
229,83,90,#274AE6
230,83,90,#2747E6
231,83,90,#2744E6
232,83,90,#2740E6
233,83,90,#273DE6
234,83,90,#273AE6
235,83,90,#2737E6
236,83,90,#2734E6
237,83,90,#2731E6
238,83,90,#272DE6
239,83,90,#272AE6
240,83,90,#2727E6
241,83,90,#2A27E6
242,83,90,#2D27E6
243,83,90,#3127E6
244,83,90,#3427E6
245,83,90,#3727E6
246,83,90,#3A27E6
247,83,90,#3D27E6
248,83,90,#4027E6
249,83,90,#4427E6
250,83,90,#4727E6
251,83,90,#4A27E6
252,83,90,#4D27E6
253,83,90,#5027E6
254,83,90,#5327E6
255,83,90,#5727E6
256,83,90,#5A27E6
257,83,90,#5D27E6
258,83,90,#6027E6
259,83,90,#6327E6
260,83,90,#6727E6
261,83,90,#6A27E6
262,83,90,#6D27E6
263,83,90,#7027E6
264,83,90,#7327E6
265,83,90,#7627E6
266,83,90,#7A27E6
267,83,90,#7D27E6
268,83,90,#8027E6
269,83,90,#8327E6
270,83,90,#8627E6
271,83,90,#8927E6
272,83,90,#8D27E6
273,83,90,#9027E6
274,83,90,#9327E6
275,83,90,#9627E6
276,83,90,#9927E6
277,83,90,#9C27E6
278,83,90,#A027E6
279,83,90,#A327E6
280,83,90,#A627E6
281,83,90,#A927E6
282,83,90,#AC27E6
283,83,90,#B027E6
284,83,90,#B327E6
285,83,90,#B627E6
286,83,90,#B927E6
287,83,90,#BC27E6
288,83,90,#BF27E6
289,83,90,#C327E6
290,83,90,#C627E6
291,83,90,#C927E6
292,83,90,#CC27E6
293,83,90,#CF27E6
294,83,90,#D227E6
295,83,90,#D627E6
296,83,90,#D927E6
297,83,90,#DC27E6
298,83,90,#DF27E6
299,83,90,#E227E6
300,83,90,#E627E6
301,83,90,#E627E2
302,83,90,#E627DF
303,83,90,#E627DC
304,83,90,#E627D9
305,83,90,#E627D6
306,83,90,#E627D2
307,83,90,#E627CF
308,83,90,#E627CC
309,83,90,#E627C9
310,83,90,#E627C6
311,83,90,#E627C3
312,83,90,#E627BF
313,83,90,#E627BC
314,83,90,#E627B9
315,83,90,#E627B6
316,83,90,#E627B3
317,83,90,#E627B0
318,83,90,#E627AC
319,83,90,#E627A9
320,83,90,#E627A6
321,83,90,#E627A3
322,83,90,#E627A0
323,83,90,#E6279C
324,83,90,#E62799
325,83,90,#E62796
326,83,90,#E62793
327,83,90,#E62790
328,83,90,#E6278D
329,83,90,#E62789
330,83,90,#E62786
331,83,90,#E62783
332,83,90,#E62780
333,83,90,#E6277D
334,83,90,#E6277A
335,83,90,#E62776
336,83,90,#E62773
337,83,90,#E62770
338,83,90,#E6276D
339,83,90,#E6276A
340,83,90,#E62767
341,83,90,#E62763
342,83,90,#E62760
343,83,90,#E6275D
344,83,90,#E6275A
345,83,90,#E62757
346,83,90,#E62753
347,83,90,#E62750
348,83,90,#E6274D
349,83,90,#E6274A
350,83,90,#E62747
351,83,90,#E62744
352,83,90,#E62740
353,83,90,#E6273D
354,83,90,#E6273A
355,83,90,#E62737
356,83,90,#E62734
357,83,90,#E62731
358,83,90,#E6272D
359,83,90,#E6272A
0,82,90,#E62929
1,82,90,#E62C29
2,82,90,#E63029
3,82,90,#E63329
4,82,90,#E63629
5,82,90,#E63929
6,82,90,#E63C29
7,82,90,#E63F29
8,82,90,#E64229
9,82,90,#E64629
10,82,90,#E64929
11,82,90,#E64C29
12,82,90,#E64F29
13,82,90,#E65229
14,82,90,#E65529
15,82,90,#E65829
16,82,90,#E65B29
17,82,90,#E65F29
18,82,90,#E66229
19,82,90,#E66529
20,82,90,#E66829
21,82,90,#E66B29
22,82,90,#E66E29
23,82,90,#E67129
24,82,90,#E67529
25,82,90,#E67829
26,82,90,#E67B29
27,82,90,#E67E29
28,82,90,#E68129
29,82,90,#E68429
30,82,90,#E68729
31,82,90,#E68B29
32,82,90,#E68E29
33,82,90,#E69129
34,82,90,#E69429
35,82,90,#E69729
36,82,90,#E69A29
37,82,90,#E69D29
38,82,90,#E6A029
39,82,90,#E6A429
40,82,90,#E6A729
41,82,90,#E6AA29
42,82,90,#E6AD29
43,82,90,#E6B029
44,82,90,#E6B329
45,82,90,#E6B629
46,82,90,#E6BA29
47,82,90,#E6BD29
48,82,90,#E6C029
49,82,90,#E6C329
50,82,90,#E6C629
51,82,90,#E6C929
52,82,90,#E6CC29
53,82,90,#E6D029
54,82,90,#E6D329
55,82,90,#E6D629
56,82,90,#E6D929
57,82,90,#E6DC29
58,82,90,#E6DF29
59,82,90,#E6E229
60,82,90,#E6E629
61,82,90,#E2E629
62,82,90,#DFE629
63,82,90,#DCE629
64,82,90,#D9E629
65,82,90,#D6E629
66,82,90,#D3E629
67,82,90,#D0E629
68,82,90,#CCE629
69,82,90,#C9E629
70,82,90,#C6E629
71,82,90,#C3E629
72,82,90,#C0E629
73,82,90,#BDE629
74,82,90,#BAE629
75,82,90,#B6E629
76,82,90,#B3E629
77,82,90,#B0E629
78,82,90,#ADE629
79,82,90,#AAE629
80,82,90,#A7E629
81,82,90,#A4E629
82,82,90,#A0E629
83,82,90,#9DE629
84,82,90,#9AE629
85,82,90,#97E629
86,82,90,#94E629
87,82,90,#91E629
88,82,90,#8EE629
89,82,90,#8BE629
90,82,90,#87E629
91,82,90,#84E629
92,82,90,#81E629
93,82,90,#7EE629
94,82,90,#7BE629
95,82,90,#78E629
96,82,90,#75E629
97,82,90,#71E629
98,82,90,#6EE629
99,82,90,#6BE629
100,82,90,#68E629
101,82,90,#65E629
102,82,90,#62E629
103,82,90,#5FE629
104,82,90,#5BE629
105,82,90,#58E629
106,82,90,#55E629
107,82,90,#52E629
108,82,90,#4FE629
109,82,90,#4CE629
110,82,90,#49E629
111,82,90,#46E629
112,82,90,#42E629
113,82,90,#3FE629
114,82,90,#3CE629
115,82,90,#39E629
116,82,90,#36E629
117,82,90,#33E629
118,82,90,#30E629
119,82,90,#2CE629
120,82,90,#29E629
121,82,90,#29E62C
122,82,90,#29E630
123,82,90,#29E633
124,82,90,#29E636
125,82,90,#29E639
126,82,90,#29E63C
127,82,90,#29E63F
128,82,90,#29E642
129,82,90,#29E646
130,82,90,#29E649
131,82,90,#29E64C
132,82,90,#29E64F
133,82,90,#29E652
134,82,90,#29E655
135,82,90,#29E658
136,82,90,#29E65B
137,82,90,#29E65F
138,82,90,#29E662
139,82,90,#29E665
140,82,90,#29E668
141,82,90,#29E66B
142,82,90,#29E66E
143,82,90,#29E671
144,82,90,#29E675
145,82,90,#29E678
146,82,90,#29E67B
147,82,90,#29E67E
148,82,90,#29E681
149,82,90,#29E684
150,82,90,#29E687
151,82,90,#29E68B
152,82,90,#29E68E
153,82,90,#29E691
154,82,90,#29E694
155,82,90,#29E697
156,82,90,#29E69A
157,82,90,#29E69D
158,82,90,#29E6A0
159,82,90,#29E6A4
160,82,90,#29E6A7
161,82,90,#29E6AA
162,82,90,#29E6AD
163,82,90,#29E6B0
164,82,90,#29E6B3
165,82,90,#29E6B6
166,82,90,#29E6BA
167,82,90,#29E6BD
168,82,90,#29E6C0
169,82,90,#29E6C3
170,82,90,#29E6C6
171,82,90,#29E6C9
172,82,90,#29E6CC
173,82,90,#29E6D0
174,82,90,#29E6D3
175,82,90,#29E6D6
176,82,90,#29E6D9
177,82,90,#29E6DC
178,82,90,#29E6DF
179,82,90,#29E6E2
180,82,90,#29E6E6
181,82,90,#29E2E6
182,82,90,#29DFE6
183,82,90,#29DCE6
184,82,90,#29D9E6
185,82,90,#29D6E6
186,82,90,#29D3E6
187,82,90,#29D0E6
188,82,90,#29CCE6
189,82,90,#29C9E6
190,82,90,#29C6E6
191,82,90,#29C3E6
192,82,90,#29C0E6
193,82,90,#29BDE6
194,82,90,#29BAE6
195,82,90,#29B6E6
196,82,90,#29B3E6
197,82,90,#29B0E6
198,82,90,#29ADE6
199,82,90,#29AAE6
200,82,90,#29A7E6
201,82,90,#29A4E6
202,82,90,#29A0E6
203,82,90,#299DE6
204,82,90,#299AE6
205,82,90,#2997E6
206,82,90,#2994E6
207,82,90,#2991E6
208,82,90,#298EE6
209,82,90,#298BE6
210,82,90,#2987E6
211,82,90,#2984E6
212,82,90,#2981E6
213,82,90,#297EE6
214,82,90,#297BE6
215,82,90,#2978E6
216,82,90,#2975E6
217,82,90,#2971E6
218,82,90,#296EE6
219,82,90,#296BE6
220,82,90,#2968E6
221,82,90,#2965E6
222,82,90,#2962E6
223,82,90,#295FE6
224,82,90,#295BE6
225,82,90,#2958E6
226,82,90,#2955E6
227,82,90,#2952E6
228,82,90,#294FE6
229,82,90,#294CE6
230,82,90,#2949E6
231,82,90,#2946E6
232,82,90,#2942E6
233,82,90,#293FE6
234,82,90,#293CE6
235,82,90,#2939E6
236,82,90,#2936E6
237,82,90,#2933E6
238,82,90,#2930E6
239,82,90,#292CE6
240,82,90,#2929E6
241,82,90,#2C29E6
242,82,90,#3029E6
243,82,90,#3329E6
244,82,90,#3629E6
245,82,90,#3929E6
246,82,90,#3C29E6
247,82,90,#3F29E6
248,82,90,#4229E6
249,82,90,#4629E6
250,82,90,#4929E6
251,82,90,#4C29E6
252,82,90,#4F29E6
253,82,90,#5229E6
254,82,90,#5529E6
255,82,90,#5829E6
256,82,90,#5B29E6
257,82,90,#5F29E6
258,82,90,#6229E6
259,82,90,#6529E6
260,82,90,#6829E6
261,82,90,#6B29E6
262,82,90,#6E29E6
263,82,90,#7129E6
264,82,90,#7529E6
265,82,90,#7829E6
266,82,90,#7B29E6
267,82,90,#7E29E6
268,82,90,#8129E6
269,82,90,#8429E6
270,82,90,#8729E6
271,82,90,#8B29E6
272,82,90,#8E29E6
273,82,90,#9129E6
274,82,90,#9429E6
275,82,90,#9729E6
276,82,90,#9A29E6
277,82,90,#9D29E6
278,82,90,#A029E6
279,82,90,#A429E6
280,82,90,#A729E6
281,82,90,#AA29E6
282,82,90,#AD29E6
283,82,90,#B029E6
284,82,90,#B329E6
285,82,90,#B629E6
286,82,90,#BA29E6
287,82,90,#BD29E6
288,82,90,#C029E6
289,82,90,#C329E6
290,82,90,#C629E6
291,82,90,#C929E6
292,82,90,#CC29E6
293,82,90,#D029E6
294,82,90,#D329E6
295,82,90,#D629E6
296,82,90,#D929E6
297,82,90,#DC29E6
298,82,90,#DF29E6
299,82,90,#E229E6
300,82,90,#E629E6
301,82,90,#E629E2
302,82,90,#E629DF
303,82,90,#E629DC
304,82,90,#E629D9
305,82,90,#E629D6
306,82,90,#E629D3
307,82,90,#E629D0
308,82,90,#E629CC
309,82,90,#E629C9
310,82,90,#E629C6
311,82,90,#E629C3
312,82,90,#E629C0
313,82,90,#E629BD
314,82,90,#E629BA
315,82,90,#E629B6
316,82,90,#E629B3
317,82,90,#E629B0
318,82,90,#E629AD
319,82,90,#E629AA
320,82,90,#E629A7
321,82,90,#E629A4
322,82,90,#E629A0
323,82,90,#E6299D
324,82,90,#E6299A
325,82,90,#E62997
326,82,90,#E62994
327,82,90,#E62991
328,82,90,#E6298E
329,82,90,#E6298B
330,82,90,#E62987
331,82,90,#E62984
332,82,90,#E62981
333,82,90,#E6297E
334,82,90,#E6297B
335,82,90,#E62978
336,82,90,#E62975
337,82,90,#E62971
338,82,90,#E6296E
339,82,90,#E6296B
340,82,90,#E62968
341,82,90,#E62965
342,82,90,#E62962
343,82,90,#E6295F
344,82,90,#E6295B
345,82,90,#E62958
346,82,90,#E62955
347,82,90,#E62952
348,82,90,#E6294F
349,82,90,#E6294C
350,82,90,#E62949
351,82,90,#E62946
352,82,90,#E62942
353,82,90,#E6293F
354,82,90,#E6293C
355,82,90,#E62939
356,82,90,#E62936
357,82,90,#E62933
358,82,90,#E62930
359,82,90,#E6292C
0,81,90,#E62C2C
1,81,90,#E62F2C
2,81,90,#E6322C
3,81,90,#E6352C
4,81,90,#E6382C
5,81,90,#E63B2C
6,81,90,#E63E2C
7,81,90,#E6412C
8,81,90,#E6442C
9,81,90,#E6472C
10,81,90,#E64B2C
11,81,90,#E64E2C
12,81,90,#E6512C
13,81,90,#E6542C
14,81,90,#E6572C
15,81,90,#E65A2C
16,81,90,#E65D2C
17,81,90,#E6602C
18,81,90,#E6632C
19,81,90,#E6662C
20,81,90,#E66A2C
21,81,90,#E66D2C
22,81,90,#E6702C
23,81,90,#E6732C
24,81,90,#E6762C
25,81,90,#E6792C
26,81,90,#E67C2C
27,81,90,#E67F2C
28,81,90,#E6822C
29,81,90,#E6852C
30,81,90,#E6892C
31,81,90,#E68C2C
32,81,90,#E68F2C
33,81,90,#E6922C
34,81,90,#E6952C
35,81,90,#E6982C
36,81,90,#E69B2C
37,81,90,#E69E2C
38,81,90,#E6A12C
39,81,90,#E6A42C
40,81,90,#E6A82C
41,81,90,#E6AB2C
42,81,90,#E6AE2C
43,81,90,#E6B12C
44,81,90,#E6B42C
45,81,90,#E6B72C
46,81,90,#E6BA2C
47,81,90,#E6BD2C
48,81,90,#E6C02C
49,81,90,#E6C32C
50,81,90,#E6C72C
51,81,90,#E6CA2C
52,81,90,#E6CD2C
53,81,90,#E6D02C
54,81,90,#E6D32C
55,81,90,#E6D62C
56,81,90,#E6D92C
57,81,90,#E6DC2C
58,81,90,#E6DF2C
59,81,90,#E6E22C
60,81,90,#E6E62C
61,81,90,#E2E62C
62,81,90,#DFE62C
63,81,90,#DCE62C
64,81,90,#D9E62C
65,81,90,#D6E62C
66,81,90,#D3E62C
67,81,90,#D0E62C
68,81,90,#CDE62C
69,81,90,#CAE62C
70,81,90,#C7E62C
71,81,90,#C3E62C
72,81,90,#C0E62C
73,81,90,#BDE62C
74,81,90,#BAE62C
75,81,90,#B7E62C
76,81,90,#B4E62C
77,81,90,#B1E62C
78,81,90,#AEE62C
79,81,90,#ABE62C
80,81,90,#A8E62C
81,81,90,#A4E62C
82,81,90,#A1E62C
83,81,90,#9EE62C
84,81,90,#9BE62C
85,81,90,#98E62C
86,81,90,#95E62C
87,81,90,#92E62C
88,81,90,#8FE62C
89,81,90,#8CE62C
90,81,90,#89E62C
91,81,90,#85E62C
92,81,90,#82E62C
93,81,90,#7FE62C
94,81,90,#7CE62C
95,81,90,#79E62C
96,81,90,#76E62C
97,81,90,#73E62C
98,81,90,#70E62C
99,81,90,#6DE62C
100,81,90,#6AE62C
101,81,90,#66E62C
102,81,90,#63E62C
103,81,90,#60E62C
104,81,90,#5DE62C
105,81,90,#5AE62C
106,81,90,#57E62C
107,81,90,#54E62C
108,81,90,#51E62C
109,81,90,#4EE62C
110,81,90,#4BE62C
111,81,90,#47E62C
112,81,90,#44E62C
113,81,90,#41E62C
114,81,90,#3EE62C
115,81,90,#3BE62C
116,81,90,#38E62C
117,81,90,#35E62C
118,81,90,#32E62C
119,81,90,#2FE62C
120,81,90,#2CE62C
121,81,90,#2CE62F
122,81,90,#2CE632
123,81,90,#2CE635
124,81,90,#2CE638
125,81,90,#2CE63B
126,81,90,#2CE63E
127,81,90,#2CE641
128,81,90,#2CE644
129,81,90,#2CE647
130,81,90,#2CE64B
131,81,90,#2CE64E
132,81,90,#2CE651
133,81,90,#2CE654
134,81,90,#2CE657
135,81,90,#2CE65A
136,81,90,#2CE65D
137,81,90,#2CE660
138,81,90,#2CE663
139,81,90,#2CE666
140,81,90,#2CE66A
141,81,90,#2CE66D
142,81,90,#2CE670
143,81,90,#2CE673
144,81,90,#2CE676
145,81,90,#2CE679
146,81,90,#2CE67C
147,81,90,#2CE67F
148,81,90,#2CE682
149,81,90,#2CE685
150,81,90,#2CE689
151,81,90,#2CE68C
152,81,90,#2CE68F
153,81,90,#2CE692
154,81,90,#2CE695
155,81,90,#2CE698
156,81,90,#2CE69B
157,81,90,#2CE69E
158,81,90,#2CE6A1
159,81,90,#2CE6A4
160,81,90,#2CE6A8
161,81,90,#2CE6AB
162,81,90,#2CE6AE
163,81,90,#2CE6B1
164,81,90,#2CE6B4
165,81,90,#2CE6B7
166,81,90,#2CE6BA
167,81,90,#2CE6BD
168,81,90,#2CE6C0
169,81,90,#2CE6C3
170,81,90,#2CE6C7
171,81,90,#2CE6CA
172,81,90,#2CE6CD
173,81,90,#2CE6D0
174,81,90,#2CE6D3
175,81,90,#2CE6D6
176,81,90,#2CE6D9
177,81,90,#2CE6DC
178,81,90,#2CE6DF
179,81,90,#2CE6E2
180,81,90,#2CE6E6
181,81,90,#2CE2E6
182,81,90,#2CDFE6
183,81,90,#2CDCE6
184,81,90,#2CD9E6
185,81,90,#2CD6E6
186,81,90,#2CD3E6
187,81,90,#2CD0E6
188,81,90,#2CCDE6
189,81,90,#2CCAE6
190,81,90,#2CC7E6
191,81,90,#2CC3E6
192,81,90,#2CC0E6
193,81,90,#2CBDE6
194,81,90,#2CBAE6
195,81,90,#2CB7E6
196,81,90,#2CB4E6
197,81,90,#2CB1E6
198,81,90,#2CAEE6
199,81,90,#2CABE6
200,81,90,#2CA8E6
201,81,90,#2CA4E6
202,81,90,#2CA1E6
203,81,90,#2C9EE6
204,81,90,#2C9BE6
205,81,90,#2C98E6
206,81,90,#2C95E6
207,81,90,#2C92E6
208,81,90,#2C8FE6
209,81,90,#2C8CE6
210,81,90,#2C89E6
211,81,90,#2C85E6
212,81,90,#2C82E6
213,81,90,#2C7FE6
214,81,90,#2C7CE6
215,81,90,#2C79E6
216,81,90,#2C76E6
217,81,90,#2C73E6
218,81,90,#2C70E6
219,81,90,#2C6DE6
220,81,90,#2C6AE6
221,81,90,#2C66E6
222,81,90,#2C63E6
223,81,90,#2C60E6
224,81,90,#2C5DE6
225,81,90,#2C5AE6
226,81,90,#2C57E6
227,81,90,#2C54E6
228,81,90,#2C51E6
229,81,90,#2C4EE6
230,81,90,#2C4BE6
231,81,90,#2C47E6
232,81,90,#2C44E6
233,81,90,#2C41E6
234,81,90,#2C3EE6
235,81,90,#2C3BE6
236,81,90,#2C38E6
237,81,90,#2C35E6
238,81,90,#2C32E6
239,81,90,#2C2FE6
240,81,90,#2C2CE6
241,81,90,#2F2CE6
242,81,90,#322CE6
243,81,90,#352CE6
244,81,90,#382CE6
245,81,90,#3B2CE6
246,81,90,#3E2CE6
247,81,90,#412CE6
248,81,90,#442CE6
249,81,90,#472CE6
250,81,90,#4B2CE6
251,81,90,#4E2CE6
252,81,90,#512CE6
253,81,90,#542CE6
254,81,90,#572CE6
255,81,90,#5A2CE6
256,81,90,#5D2CE6
257,81,90,#602CE6
258,81,90,#632CE6
259,81,90,#662CE6
260,81,90,#6A2CE6
261,81,90,#6D2CE6
262,81,90,#702CE6
263,81,90,#732CE6
264,81,90,#762CE6
265,81,90,#792CE6
266,81,90,#7C2CE6
267,81,90,#7F2CE6
268,81,90,#822CE6
269,81,90,#852CE6
270,81,90,#892CE6
271,81,90,#8C2CE6
272,81,90,#8F2CE6
273,81,90,#922CE6
274,81,90,#952CE6
275,81,90,#982CE6
276,81,90,#9B2CE6
277,81,90,#9E2CE6
278,81,90,#A12CE6
279,81,90,#A42CE6
280,81,90,#A82CE6
281,81,90,#AB2CE6
282,81,90,#AE2CE6
283,81,90,#B12CE6
284,81,90,#B42CE6
285,81,90,#B72CE6
286,81,90,#BA2CE6
287,81,90,#BD2CE6
288,81,90,#C02CE6
289,81,90,#C32CE6
290,81,90,#C72CE6
291,81,90,#CA2CE6
292,81,90,#CD2CE6
293,81,90,#D02CE6
294,81,90,#D32CE6
295,81,90,#D62CE6
296,81,90,#D92CE6
297,81,90,#DC2CE6
298,81,90,#DF2CE6
299,81,90,#E22CE6
300,81,90,#E62CE6
301,81,90,#E62CE2
302,81,90,#E62CDF
303,81,90,#E62CDC
304,81,90,#E62CD9
305,81,90,#E62CD6
306,81,90,#E62CD3
307,81,90,#E62CD0
308,81,90,#E62CCD
309,81,90,#E62CCA
310,81,90,#E62CC7
311,81,90,#E62CC3
312,81,90,#E62CC0
313,81,90,#E62CBD
314,81,90,#E62CBA
315,81,90,#E62CB7
316,81,90,#E62CB4
317,81,90,#E62CB1
318,81,90,#E62CAE
319,81,90,#E62CAB
320,81,90,#E62CA8
321,81,90,#E62CA4
322,81,90,#E62CA1
323,81,90,#E62C9E
324,81,90,#E62C9B
325,81,90,#E62C98
326,81,90,#E62C95
327,81,90,#E62C92
328,81,90,#E62C8F
329,81,90,#E62C8C
330,81,90,#E62C89
331,81,90,#E62C85
332,81,90,#E62C82
333,81,90,#E62C7F
334,81,90,#E62C7C
335,81,90,#E62C79
336,81,90,#E62C76
337,81,90,#E62C73
338,81,90,#E62C70
339,81,90,#E62C6D
340,81,90,#E62C6A
341,81,90,#E62C66
342,81,90,#E62C63
343,81,90,#E62C60
344,81,90,#E62C5D
345,81,90,#E62C5A
346,81,90,#E62C57
347,81,90,#E62C54
348,81,90,#E62C51
349,81,90,#E62C4E
350,81,90,#E62C4B
351,81,90,#E62C47
352,81,90,#E62C44
353,81,90,#E62C41
354,81,90,#E62C3E
355,81,90,#E62C3B
356,81,90,#E62C38
357,81,90,#E62C35
358,81,90,#E62C32
359,81,90,#E62C2F
0,80,90,#E62E2E
1,80,90,#E6312E
2,80,90,#E6342E
3,80,90,#E6372E
4,80,90,#E63A2E
5,80,90,#E63D2E
6,80,90,#E6402E
7,80,90,#E6432E
8,80,90,#E6462E
9,80,90,#E6492E
10,80,90,#E64C2E
11,80,90,#E6502E
12,80,90,#E6532E
13,80,90,#E6562E
14,80,90,#E6592E
15,80,90,#E65C2E
16,80,90,#E65F2E
17,80,90,#E6622E
18,80,90,#E6652E
19,80,90,#E6682E
20,80,90,#E66B2E
21,80,90,#E66E2E
22,80,90,#E6712E
23,80,90,#E6742E
24,80,90,#E6772E
25,80,90,#E67A2E
26,80,90,#E67D2E
27,80,90,#E6812E
28,80,90,#E6842E
29,80,90,#E6872E
30,80,90,#E68A2E
31,80,90,#E68D2E
32,80,90,#E6902E
33,80,90,#E6932E
34,80,90,#E6962E
35,80,90,#E6992E
36,80,90,#E69C2E
37,80,90,#E69F2E
38,80,90,#E6A22E
39,80,90,#E6A52E
40,80,90,#E6A82E
41,80,90,#E6AB2E
42,80,90,#E6AE2E
43,80,90,#E6B12E
44,80,90,#E6B52E
45,80,90,#E6B82E
46,80,90,#E6BB2E
47,80,90,#E6BE2E
48,80,90,#E6C12E
49,80,90,#E6C42E
50,80,90,#E6C72E
51,80,90,#E6CA2E
52,80,90,#E6CD2E
53,80,90,#E6D02E
54,80,90,#E6D32E
55,80,90,#E6D62E
56,80,90,#E6D92E
57,80,90,#E6DC2E
58,80,90,#E6DF2E
59,80,90,#E6E22E
60,80,90,#E6E62E
61,80,90,#E2E62E
62,80,90,#DFE62E
63,80,90,#DCE62E
64,80,90,#D9E62E
65,80,90,#D6E62E
66,80,90,#D3E62E
67,80,90,#D0E62E
68,80,90,#CDE62E
69,80,90,#CAE62E
70,80,90,#C7E62E
71,80,90,#C4E62E
72,80,90,#C1E62E
73,80,90,#BEE62E
74,80,90,#BBE62E
75,80,90,#B8E62E
76,80,90,#B5E62E
77,80,90,#B1E62E
78,80,90,#AEE62E
79,80,90,#ABE62E
80,80,90,#A8E62E
81,80,90,#A5E62E
82,80,90,#A2E62E
83,80,90,#9FE62E
84,80,90,#9CE62E
85,80,90,#99E62E
86,80,90,#96E62E
87,80,90,#93E62E
88,80,90,#90E62E
89,80,90,#8DE62E
90,80,90,#8AE62E
91,80,90,#87E62E
92,80,90,#84E62E
93,80,90,#81E62E
94,80,90,#7DE62E
95,80,90,#7AE62E
96,80,90,#77E62E
97,80,90,#74E62E
98,80,90,#71E62E
99,80,90,#6EE62E
100,80,90,#6BE62E
101,80,90,#68E62E
102,80,90,#65E62E
103,80,90,#62E62E
104,80,90,#5FE62E
105,80,90,#5CE62E
106,80,90,#59E62E
107,80,90,#56E62E
108,80,90,#53E62E
109,80,90,#50E62E
110,80,90,#4CE62E
111,80,90,#49E62E
112,80,90,#46E62E
113,80,90,#43E62E
114,80,90,#40E62E
115,80,90,#3DE62E
116,80,90,#3AE62E
117,80,90,#37E62E
118,80,90,#34E62E
119,80,90,#31E62E
120,80,90,#2EE62E
121,80,90,#2EE631
122,80,90,#2EE634
123,80,90,#2EE637
124,80,90,#2EE63A
125,80,90,#2EE63D
126,80,90,#2EE640
127,80,90,#2EE643
128,80,90,#2EE646
129,80,90,#2EE649
130,80,90,#2EE64C
131,80,90,#2EE650
132,80,90,#2EE653
133,80,90,#2EE656
134,80,90,#2EE659
135,80,90,#2EE65C
136,80,90,#2EE65F
137,80,90,#2EE662
138,80,90,#2EE665
139,80,90,#2EE668
140,80,90,#2EE66B
141,80,90,#2EE66E
142,80,90,#2EE671
143,80,90,#2EE674
144,80,90,#2EE677
145,80,90,#2EE67A
146,80,90,#2EE67D
147,80,90,#2EE681
148,80,90,#2EE684
149,80,90,#2EE687
150,80,90,#2EE68A
151,80,90,#2EE68D
152,80,90,#2EE690
153,80,90,#2EE693
154,80,90,#2EE696
155,80,90,#2EE699
156,80,90,#2EE69C
157,80,90,#2EE69F
158,80,90,#2EE6A2
159,80,90,#2EE6A5
160,80,90,#2EE6A8
161,80,90,#2EE6AB
162,80,90,#2EE6AE
163,80,90,#2EE6B1
164,80,90,#2EE6B5
165,80,90,#2EE6B8
166,80,90,#2EE6BB
167,80,90,#2EE6BE
168,80,90,#2EE6C1
169,80,90,#2EE6C4
170,80,90,#2EE6C7
171,80,90,#2EE6CA
172,80,90,#2EE6CD
173,80,90,#2EE6D0
174,80,90,#2EE6D3
175,80,90,#2EE6D6
176,80,90,#2EE6D9
177,80,90,#2EE6DC
178,80,90,#2EE6DF
179,80,90,#2EE6E2
180,80,90,#2EE6E6
181,80,90,#2EE2E6
182,80,90,#2EDFE6
183,80,90,#2EDCE6
184,80,90,#2ED9E6
185,80,90,#2ED6E6
186,80,90,#2ED3E6
187,80,90,#2ED0E6
188,80,90,#2ECDE6
189,80,90,#2ECAE6
190,80,90,#2EC7E6
191,80,90,#2EC4E6
192,80,90,#2EC1E6
193,80,90,#2EBEE6
194,80,90,#2EBBE6
195,80,90,#2EB8E6
196,80,90,#2EB5E6
197,80,90,#2EB1E6
198,80,90,#2EAEE6
199,80,90,#2EABE6
200,80,90,#2EA8E6
201,80,90,#2EA5E6
202,80,90,#2EA2E6
203,80,90,#2E9FE6
204,80,90,#2E9CE6
205,80,90,#2E99E6
206,80,90,#2E96E6
207,80,90,#2E93E6
208,80,90,#2E90E6
209,80,90,#2E8DE6
210,80,90,#2E8AE6
211,80,90,#2E87E6
212,80,90,#2E84E6
213,80,90,#2E81E6
214,80,90,#2E7DE6
215,80,90,#2E7AE6
216,80,90,#2E77E6
217,80,90,#2E74E6
218,80,90,#2E71E6
219,80,90,#2E6EE6
220,80,90,#2E6BE6
221,80,90,#2E68E6
222,80,90,#2E65E6
223,80,90,#2E62E6
224,80,90,#2E5FE6
225,80,90,#2E5CE6
226,80,90,#2E59E6
227,80,90,#2E56E6
228,80,90,#2E53E6
229,80,90,#2E50E6
230,80,90,#2E4DE6
231,80,90,#2E49E6
232,80,90,#2E46E6
233,80,90,#2E43E6
234,80,90,#2E40E6
235,80,90,#2E3DE6
236,80,90,#2E3AE6
237,80,90,#2E37E6
238,80,90,#2E34E6
239,80,90,#2E31E6
240,80,90,#2E2EE6
241,80,90,#312EE6
242,80,90,#342EE6
243,80,90,#372EE6
244,80,90,#3A2EE6
245,80,90,#3D2EE6
246,80,90,#402EE6
247,80,90,#432EE6
248,80,90,#462EE6
249,80,90,#492EE6
250,80,90,#4C2EE6
251,80,90,#502EE6
252,80,90,#532EE6
253,80,90,#562EE6
254,80,90,#592EE6
255,80,90,#5C2EE6
256,80,90,#5F2EE6
257,80,90,#622EE6
258,80,90,#652EE6
259,80,90,#682EE6
260,80,90,#6B2EE6
261,80,90,#6E2EE6
262,80,90,#712EE6
263,80,90,#742EE6
264,80,90,#772EE6
265,80,90,#7A2EE6
266,80,90,#7D2EE6
267,80,90,#812EE6
268,80,90,#842EE6
269,80,90,#872EE6
270,80,90,#8A2EE6
271,80,90,#8D2EE6
272,80,90,#902EE6
273,80,90,#932EE6
274,80,90,#962EE6
275,80,90,#992EE6
276,80,90,#9C2EE6
277,80,90,#9F2EE6
278,80,90,#A22EE6
279,80,90,#A52EE6
280,80,90,#A82EE6
281,80,90,#AB2EE6
282,80,90,#AE2EE6
283,80,90,#B12EE6
284,80,90,#B52EE6
285,80,90,#B82EE6
286,80,90,#BB2EE6
287,80,90,#BE2EE6
288,80,90,#C12EE6
289,80,90,#C42EE6
290,80,90,#C72EE6
291,80,90,#CA2EE6
292,80,90,#CD2EE6
293,80,90,#D02EE6
294,80,90,#D32EE6
295,80,90,#D62EE6
296,80,90,#D92EE6
297,80,90,#DC2EE6
298,80,90,#DF2EE6
299,80,90,#E22EE6
300,80,90,#E62EE6
301,80,90,#E62EE2
302,80,90,#E62EDF
303,80,90,#E62EDC
304,80,90,#E62ED9
305,80,90,#E62ED6
306,80,90,#E62ED3
307,80,90,#E62ED0
308,80,90,#E62ECD
309,80,90,#E62ECA
310,80,90,#E62EC7
311,80,90,#E62EC4
312,80,90,#E62EC1
313,80,90,#E62EBE
314,80,90,#E62EBB
315,80,90,#E62EB8
316,80,90,#E62EB5
317,80,90,#E62EB1
318,80,90,#E62EAE
319,80,90,#E62EAB
320,80,90,#E62EA8
321,80,90,#E62EA5
322,80,90,#E62EA2
323,80,90,#E62E9F
324,80,90,#E62E9C
325,80,90,#E62E99
326,80,90,#E62E96
327,80,90,#E62E93
328,80,90,#E62E90
329,80,90,#E62E8D
330,80,90,#E62E8A
331,80,90,#E62E87
332,80,90,#E62E84
333,80,90,#E62E81
334,80,90,#E62E7D
335,80,90,#E62E7A
336,80,90,#E62E77
337,80,90,#E62E74
338,80,90,#E62E71
339,80,90,#E62E6E
340,80,90,#E62E6B
341,80,90,#E62E68
342,80,90,#E62E65
343,80,90,#E62E62
344,80,90,#E62E5F
345,80,90,#E62E5C
346,80,90,#E62E59
347,80,90,#E62E56
348,80,90,#E62E53
349,80,90,#E62E50
350,80,90,#E62E4D
351,80,90,#E62E49
352,80,90,#E62E46
353,80,90,#E62E43
354,80,90,#E62E40
355,80,90,#E62E3D
356,80,90,#E62E3A
357,80,90,#E62E37
358,80,90,#E62E34
359,80,90,#E62E31
0,79,90,#E63030
1,79,90,#E63330
2,79,90,#E63630
3,79,90,#E63930
4,79,90,#E63C30
5,79,90,#E63F30
6,79,90,#E64230
7,79,90,#E64530
8,79,90,#E64830
9,79,90,#E64B30
10,79,90,#E64E30
11,79,90,#E65130
12,79,90,#E65430
13,79,90,#E65730
14,79,90,#E65A30
15,79,90,#E65E30
16,79,90,#E66130
17,79,90,#E66430
18,79,90,#E66730
19,79,90,#E66A30
20,79,90,#E66D30
21,79,90,#E67030
22,79,90,#E67330
23,79,90,#E67630
24,79,90,#E67930
25,79,90,#E67C30
26,79,90,#E67F30
27,79,90,#E68230
28,79,90,#E68530
29,79,90,#E68830
30,79,90,#E68B30
31,79,90,#E68E30
32,79,90,#E69130
33,79,90,#E69430
34,79,90,#E69730
35,79,90,#E69A30
36,79,90,#E69D30
37,79,90,#E6A030
38,79,90,#E6A330
39,79,90,#E6A630
40,79,90,#E6A930
41,79,90,#E6AC30
42,79,90,#E6AF30
43,79,90,#E6B230
44,79,90,#E6B530
45,79,90,#E6B830
46,79,90,#E6BB30
47,79,90,#E6BE30
48,79,90,#E6C130
49,79,90,#E6C430
50,79,90,#E6C730
51,79,90,#E6CA30
52,79,90,#E6CD30
53,79,90,#E6D030
54,79,90,#E6D330
55,79,90,#E6D630
56,79,90,#E6D930
57,79,90,#E6DC30
58,79,90,#E6DF30
59,79,90,#E6E230
60,79,90,#E6E630
61,79,90,#E2E630
62,79,90,#DFE630
63,79,90,#DCE630
64,79,90,#D9E630
65,79,90,#D6E630
66,79,90,#D3E630
67,79,90,#D0E630
68,79,90,#CDE630
69,79,90,#CAE630
70,79,90,#C7E630
71,79,90,#C4E630
72,79,90,#C1E630
73,79,90,#BEE630
74,79,90,#BBE630
75,79,90,#B8E630
76,79,90,#B5E630
77,79,90,#B2E630
78,79,90,#AFE630
79,79,90,#ACE630
80,79,90,#A9E630
81,79,90,#A6E630
82,79,90,#A3E630
83,79,90,#A0E630
84,79,90,#9DE630
85,79,90,#9AE630
86,79,90,#97E630
87,79,90,#94E630
88,79,90,#91E630
89,79,90,#8EE630
90,79,90,#8BE630
91,79,90,#88E630
92,79,90,#85E630
93,79,90,#82E630
94,79,90,#7FE630
95,79,90,#7CE630
96,79,90,#79E630
97,79,90,#76E630
98,79,90,#73E630
99,79,90,#70E630
100,79,90,#6DE630
101,79,90,#6AE630
102,79,90,#67E630
103,79,90,#64E630
104,79,90,#61E630
105,79,90,#5EE630
106,79,90,#5AE630
107,79,90,#57E630
108,79,90,#54E630
109,79,90,#51E630
110,79,90,#4EE630
111,79,90,#4BE630
112,79,90,#48E630
113,79,90,#45E630
114,79,90,#42E630
115,79,90,#3FE630
116,79,90,#3CE630
117,79,90,#39E630
118,79,90,#36E630
119,79,90,#33E630
120,79,90,#30E630
121,79,90,#30E633
122,79,90,#30E636
123,79,90,#30E639
124,79,90,#30E63C
125,79,90,#30E63F
126,79,90,#30E642
127,79,90,#30E645
128,79,90,#30E648
129,79,90,#30E64B
130,79,90,#30E64E
131,79,90,#30E651
132,79,90,#30E654
133,79,90,#30E657
134,79,90,#30E65A
135,79,90,#30E65E
136,79,90,#30E661
137,79,90,#30E664
138,79,90,#30E667
139,79,90,#30E66A
140,79,90,#30E66D
141,79,90,#30E670
142,79,90,#30E673
143,79,90,#30E676
144,79,90,#30E679
145,79,90,#30E67C
146,79,90,#30E67F
147,79,90,#30E682
148,79,90,#30E685
149,79,90,#30E688
150,79,90,#30E68B
151,79,90,#30E68E
152,79,90,#30E691
153,79,90,#30E694
154,79,90,#30E697
155,79,90,#30E69A
156,79,90,#30E69D
157,79,90,#30E6A0
158,79,90,#30E6A3
159,79,90,#30E6A6
160,79,90,#30E6A9
161,79,90,#30E6AC
162,79,90,#30E6AF
163,79,90,#30E6B2
164,79,90,#30E6B5
165,79,90,#30E6B8
166,79,90,#30E6BB
167,79,90,#30E6BE
168,79,90,#30E6C1
169,79,90,#30E6C4
170,79,90,#30E6C7
171,79,90,#30E6CA
172,79,90,#30E6CD
173,79,90,#30E6D0
174,79,90,#30E6D3
175,79,90,#30E6D6
176,79,90,#30E6D9
177,79,90,#30E6DC
178,79,90,#30E6DF
179,79,90,#30E6E2
180,79,90,#30E6E6
181,79,90,#30E2E6
182,79,90,#30DFE6
183,79,90,#30DCE6
184,79,90,#30D9E6
185,79,90,#30D6E6
186,79,90,#30D3E6
187,79,90,#30D0E6
188,79,90,#30CDE6
189,79,90,#30CAE6
190,79,90,#30C7E6
191,79,90,#30C4E6
192,79,90,#30C1E6
193,79,90,#30BEE6
194,79,90,#30BBE6
195,79,90,#30B8E6
196,79,90,#30B5E6
197,79,90,#30B2E6
198,79,90,#30AFE6
199,79,90,#30ACE6
200,79,90,#30A9E6
201,79,90,#30A6E6
202,79,90,#30A3E6
203,79,90,#30A0E6
204,79,90,#309DE6
205,79,90,#309AE6
206,79,90,#3097E6
207,79,90,#3094E6
208,79,90,#3091E6
209,79,90,#308EE6
210,79,90,#308BE6
211,79,90,#3088E6
212,79,90,#3085E6
213,79,90,#3082E6
214,79,90,#307FE6
215,79,90,#307CE6
216,79,90,#3079E6
217,79,90,#3076E6
218,79,90,#3073E6
219,79,90,#3070E6
220,79,90,#306DE6
221,79,90,#306AE6
222,79,90,#3067E6
223,79,90,#3064E6
224,79,90,#3061E6
225,79,90,#305EE6
226,79,90,#305AE6
227,79,90,#3057E6
228,79,90,#3054E6
229,79,90,#3051E6
230,79,90,#304EE6
231,79,90,#304BE6
232,79,90,#3048E6
233,79,90,#3045E6
234,79,90,#3042E6
235,79,90,#303FE6
236,79,90,#303CE6
237,79,90,#3039E6
238,79,90,#3036E6
239,79,90,#3033E6
240,79,90,#3030E6
241,79,90,#3330E6
242,79,90,#3630E6
243,79,90,#3930E6
244,79,90,#3C30E6
245,79,90,#3F30E6
246,79,90,#4230E6
247,79,90,#4530E6
248,79,90,#4830E6
249,79,90,#4B30E6
250,79,90,#4E30E6
251,79,90,#5130E6
252,79,90,#5430E6
253,79,90,#5730E6
254,79,90,#5A30E6
255,79,90,#5E30E6
256,79,90,#6130E6
257,79,90,#6430E6
258,79,90,#6730E6
259,79,90,#6A30E6
260,79,90,#6D30E6
261,79,90,#7030E6
262,79,90,#7330E6
263,79,90,#7630E6
264,79,90,#7930E6
265,79,90,#7C30E6
266,79,90,#7F30E6
267,79,90,#8230E6
268,79,90,#8530E6
269,79,90,#8830E6
270,79,90,#8B30E6
271,79,90,#8E30E6
272,79,90,#9130E6
273,79,90,#9430E6
274,79,90,#9730E6
275,79,90,#9A30E6
276,79,90,#9D30E6
277,79,90,#A030E6
278,79,90,#A330E6
279,79,90,#A630E6
280,79,90,#A930E6
281,79,90,#AC30E6
282,79,90,#AF30E6
283,79,90,#B230E6
284,79,90,#B530E6
285,79,90,#B830E6
286,79,90,#BB30E6
287,79,90,#BE30E6
288,79,90,#C130E6
289,79,90,#C430E6
290,79,90,#C730E6
291,79,90,#CA30E6
292,79,90,#CD30E6
293,79,90,#D030E6
294,79,90,#D330E6
295,79,90,#D630E6
296,79,90,#D930E6
297,79,90,#DC30E6
298,79,90,#DF30E6
299,79,90,#E230E6
300,79,90,#E630E6
301,79,90,#E630E2
302,79,90,#E630DF
303,79,90,#E630DC
304,79,90,#E630D9
305,79,90,#E630D6
306,79,90,#E630D3
307,79,90,#E630D0
308,79,90,#E630CD
309,79,90,#E630CA
310,79,90,#E630C7
311,79,90,#E630C4
312,79,90,#E630C1
313,79,90,#E630BE
314,79,90,#E630BB
315,79,90,#E630B8
316,79,90,#E630B5
317,79,90,#E630B2
318,79,90,#E630AF
319,79,90,#E630AC
320,79,90,#E630A9
321,79,90,#E630A6
322,79,90,#E630A3
323,79,90,#E630A0
324,79,90,#E6309D
325,79,90,#E6309A
326,79,90,#E63097
327,79,90,#E63094
328,79,90,#E63091
329,79,90,#E6308E
330,79,90,#E6308B
331,79,90,#E63088
332,79,90,#E63085
333,79,90,#E63082
334,79,90,#E6307F
335,79,90,#E6307C
336,79,90,#E63079
337,79,90,#E63076
338,79,90,#E63073
339,79,90,#E63070
340,79,90,#E6306D
341,79,90,#E6306A
342,79,90,#E63067
343,79,90,#E63064
344,79,90,#E63061
345,79,90,#E6305E
346,79,90,#E6305A
347,79,90,#E63057
348,79,90,#E63054
349,79,90,#E63051
350,79,90,#E6304E
351,79,90,#E6304B
352,79,90,#E63048
353,79,90,#E63045
354,79,90,#E63042
355,79,90,#E6303F
356,79,90,#E6303C
357,79,90,#E63039
358,79,90,#E63036
359,79,90,#E63033
0,78,90,#E63232
1,78,90,#E63532
2,78,90,#E63832
3,78,90,#E63B32
4,78,90,#E63E32
5,78,90,#E64132
6,78,90,#E64432
7,78,90,#E64732
8,78,90,#E64A32
9,78,90,#E64D32
10,78,90,#E65032
11,78,90,#E65332
12,78,90,#E65632
13,78,90,#E65932
14,78,90,#E65C32
15,78,90,#E65F32
16,78,90,#E66232
17,78,90,#E66532
18,78,90,#E66832
19,78,90,#E66B32
20,78,90,#E66E32
21,78,90,#E67132
22,78,90,#E67432
23,78,90,#E67732
24,78,90,#E67A32
25,78,90,#E67D32
26,78,90,#E68032
27,78,90,#E68332
28,78,90,#E68632
29,78,90,#E68932
30,78,90,#E68C32
31,78,90,#E68F32
32,78,90,#E69232
33,78,90,#E69532
34,78,90,#E69832
35,78,90,#E69B32
36,78,90,#E69E32
37,78,90,#E6A132
38,78,90,#E6A432
39,78,90,#E6A732
40,78,90,#E6AA32
41,78,90,#E6AD32
42,78,90,#E6B032
43,78,90,#E6B332
44,78,90,#E6B632
45,78,90,#E6B932
46,78,90,#E6BC32
47,78,90,#E6BF32
48,78,90,#E6C232
49,78,90,#E6C532
50,78,90,#E6C832
51,78,90,#E6CB32
52,78,90,#E6CE32
53,78,90,#E6D132
54,78,90,#E6D432
55,78,90,#E6D732
56,78,90,#E6DA32
57,78,90,#E6DD32
58,78,90,#E6E032
59,78,90,#E6E332
60,78,90,#E6E632
61,78,90,#E3E632
62,78,90,#E0E632
63,78,90,#DDE632
64,78,90,#DAE632
65,78,90,#D7E632
66,78,90,#D4E632
67,78,90,#D1E632
68,78,90,#CEE632
69,78,90,#CBE632
70,78,90,#C8E632
71,78,90,#C5E632
72,78,90,#C2E632
73,78,90,#BFE632
74,78,90,#BCE632
75,78,90,#B9E632
76,78,90,#B6E632
77,78,90,#B3E632
78,78,90,#B0E632
79,78,90,#ADE632
80,78,90,#AAE632
81,78,90,#A7E632
82,78,90,#A4E632
83,78,90,#A1E632
84,78,90,#9EE632
85,78,90,#9BE632
86,78,90,#98E632
87,78,90,#95E632
88,78,90,#92E632
89,78,90,#8FE632
90,78,90,#8CE632
91,78,90,#89E632
92,78,90,#86E632
93,78,90,#83E632
94,78,90,#80E632
95,78,90,#7DE632
96,78,90,#7AE632
97,78,90,#77E632
98,78,90,#74E632
99,78,90,#71E632
100,78,90,#6EE632
101,78,90,#6BE632
102,78,90,#68E632
103,78,90,#65E632
104,78,90,#62E632
105,78,90,#5FE632
106,78,90,#5CE632
107,78,90,#59E632
108,78,90,#56E632
109,78,90,#53E632
110,78,90,#50E632
111,78,90,#4DE632
112,78,90,#4AE632
113,78,90,#47E632
114,78,90,#44E632
115,78,90,#41E632
116,78,90,#3EE632
117,78,90,#3BE632
118,78,90,#38E632
119,78,90,#35E632
120,78,90,#32E632
121,78,90,#32E635
122,78,90,#32E638
123,78,90,#32E63B
124,78,90,#32E63E
125,78,90,#32E641
126,78,90,#32E644
127,78,90,#32E647
128,78,90,#32E64A
129,78,90,#32E64D
130,78,90,#32E650
131,78,90,#32E653
132,78,90,#32E656
133,78,90,#32E659
134,78,90,#32E65C
135,78,90,#32E65F
136,78,90,#32E662
137,78,90,#32E665
138,78,90,#32E668
139,78,90,#32E66B
140,78,90,#32E66E
141,78,90,#32E671
142,78,90,#32E674
143,78,90,#32E677
144,78,90,#32E67A
145,78,90,#32E67D
146,78,90,#32E680
147,78,90,#32E683
148,78,90,#32E686
149,78,90,#32E689
150,78,90,#32E68C
151,78,90,#32E68F
152,78,90,#32E692
153,78,90,#32E695
154,78,90,#32E698
155,78,90,#32E69B
156,78,90,#32E69E
157,78,90,#32E6A1
158,78,90,#32E6A4
159,78,90,#32E6A7
160,78,90,#32E6AA
161,78,90,#32E6AD
162,78,90,#32E6B0
163,78,90,#32E6B3
164,78,90,#32E6B6
165,78,90,#32E6B9
166,78,90,#32E6BC
167,78,90,#32E6BF
168,78,90,#32E6C2
169,78,90,#32E6C5
170,78,90,#32E6C8
171,78,90,#32E6CB
172,78,90,#32E6CE
173,78,90,#32E6D1
174,78,90,#32E6D4
175,78,90,#32E6D7
176,78,90,#32E6DA
177,78,90,#32E6DD
178,78,90,#32E6E0
179,78,90,#32E6E3
180,78,90,#32E6E6
181,78,90,#32E3E6
182,78,90,#32E0E6
183,78,90,#32DDE6
184,78,90,#32DAE6
185,78,90,#32D7E6
186,78,90,#32D4E6
187,78,90,#32D1E6
188,78,90,#32CEE6
189,78,90,#32CBE6
190,78,90,#32C8E6
191,78,90,#32C5E6
192,78,90,#32C2E6
193,78,90,#32BFE6
194,78,90,#32BCE6
195,78,90,#32B9E6
196,78,90,#32B6E6
197,78,90,#32B3E6
198,78,90,#32B0E6
199,78,90,#32ADE6
200,78,90,#32AAE6
201,78,90,#32A7E6
202,78,90,#32A4E6
203,78,90,#32A1E6
204,78,90,#329EE6
205,78,90,#329BE6
206,78,90,#3298E6
207,78,90,#3295E6
208,78,90,#3292E6
209,78,90,#328FE6
210,78,90,#328CE6
211,78,90,#3289E6
212,78,90,#3286E6
213,78,90,#3283E6
214,78,90,#3280E6
215,78,90,#327DE6
216,78,90,#327AE6
217,78,90,#3277E6
218,78,90,#3274E6
219,78,90,#3271E6
220,78,90,#326EE6
221,78,90,#326BE6
222,78,90,#3268E6
223,78,90,#3265E6
224,78,90,#3262E6
225,78,90,#325FE6
226,78,90,#325CE6
227,78,90,#3259E6
228,78,90,#3256E6
229,78,90,#3253E6
230,78,90,#3250E6
231,78,90,#324DE6
232,78,90,#324AE6
233,78,90,#3247E6
234,78,90,#3244E6
235,78,90,#3241E6
236,78,90,#323EE6
237,78,90,#323BE6
238,78,90,#3238E6
239,78,90,#3235E6
240,78,90,#3232E6
241,78,90,#3532E6
242,78,90,#3832E6
243,78,90,#3B32E6
244,78,90,#3E32E6
245,78,90,#4132E6
246,78,90,#4432E6
247,78,90,#4732E6
248,78,90,#4A32E6
249,78,90,#4D32E6
250,78,90,#5032E6
251,78,90,#5332E6
252,78,90,#5632E6
253,78,90,#5932E6
254,78,90,#5C32E6
255,78,90,#5F32E6
256,78,90,#6232E6
257,78,90,#6532E6
258,78,90,#6832E6
259,78,90,#6B32E6
260,78,90,#6E32E6
261,78,90,#7132E6
262,78,90,#7432E6
263,78,90,#7732E6
264,78,90,#7A32E6
265,78,90,#7D32E6
266,78,90,#8032E6
267,78,90,#8332E6
268,78,90,#8632E6
269,78,90,#8932E6
270,78,90,#8C32E6
271,78,90,#8F32E6
272,78,90,#9232E6
273,78,90,#9532E6
274,78,90,#9832E6
275,78,90,#9B32E6
276,78,90,#9E32E6
277,78,90,#A132E6
278,78,90,#A432E6
279,78,90,#A732E6
280,78,90,#AA32E6
281,78,90,#AD32E6
282,78,90,#B032E6
283,78,90,#B332E6
284,78,90,#B632E6
285,78,90,#B932E6
286,78,90,#BC32E6
287,78,90,#BF32E6
288,78,90,#C232E6
289,78,90,#C532E6
290,78,90,#C832E6
291,78,90,#CB32E6
292,78,90,#CE32E6
293,78,90,#D132E6
294,78,90,#D432E6
295,78,90,#D732E6
296,78,90,#DA32E6
297,78,90,#DD32E6
298,78,90,#E032E6
299,78,90,#E332E6
300,78,90,#E632E6
301,78,90,#E632E3
302,78,90,#E632E0
303,78,90,#E632DD
304,78,90,#E632DA
305,78,90,#E632D7
306,78,90,#E632D4
307,78,90,#E632D1
308,78,90,#E632CE
309,78,90,#E632CB
310,78,90,#E632C8
311,78,90,#E632C5
312,78,90,#E632C2
313,78,90,#E632BF
314,78,90,#E632BC
315,78,90,#E632B9
316,78,90,#E632B6
317,78,90,#E632B3
318,78,90,#E632B0
319,78,90,#E632AD
320,78,90,#E632AA
321,78,90,#E632A7
322,78,90,#E632A4
323,78,90,#E632A1
324,78,90,#E6329E
325,78,90,#E6329B
326,78,90,#E63298
327,78,90,#E63295
328,78,90,#E63292
329,78,90,#E6328F
330,78,90,#E6328C
331,78,90,#E63289
332,78,90,#E63286
333,78,90,#E63283
334,78,90,#E63280
335,78,90,#E6327D
336,78,90,#E6327A
337,78,90,#E63277
338,78,90,#E63274
339,78,90,#E63271
340,78,90,#E6326E
341,78,90,#E6326B
342,78,90,#E63268
343,78,90,#E63265
344,78,90,#E63262
345,78,90,#E6325F
346,78,90,#E6325C
347,78,90,#E63259
348,78,90,#E63256
349,78,90,#E63253
350,78,90,#E63250
351,78,90,#E6324D
352,78,90,#E6324A
353,78,90,#E63247
354,78,90,#E63244
355,78,90,#E63241
356,78,90,#E6323E
357,78,90,#E6323B
358,78,90,#E63238
359,78,90,#E63235
0,77,90,#E63535
1,77,90,#E63835
2,77,90,#E63B35
3,77,90,#E63E35
4,77,90,#E64135
5,77,90,#E64435
6,77,90,#E64635
7,77,90,#E64935
8,77,90,#E64C35
9,77,90,#E64F35
10,77,90,#E65235
11,77,90,#E65535
12,77,90,#E65835
13,77,90,#E65B35
14,77,90,#E65E35
15,77,90,#E66135
16,77,90,#E66435
17,77,90,#E66735
18,77,90,#E66A35
19,77,90,#E66D35
20,77,90,#E67035
21,77,90,#E67335
22,77,90,#E67635
23,77,90,#E67935
24,77,90,#E67B35
25,77,90,#E67E35
26,77,90,#E68135
27,77,90,#E68435
28,77,90,#E68735
29,77,90,#E68A35
30,77,90,#E68D35
31,77,90,#E69035
32,77,90,#E69335
33,77,90,#E69635
34,77,90,#E69935
35,77,90,#E69C35
36,77,90,#E69F35
37,77,90,#E6A235
38,77,90,#E6A535
39,77,90,#E6A835
40,77,90,#E6AB35
41,77,90,#E6AE35
42,77,90,#E6B035
43,77,90,#E6B335
44,77,90,#E6B635
45,77,90,#E6B935
46,77,90,#E6BC35
47,77,90,#E6BF35
48,77,90,#E6C235
49,77,90,#E6C535
50,77,90,#E6C835
51,77,90,#E6CB35
52,77,90,#E6CE35
53,77,90,#E6D135
54,77,90,#E6D435
55,77,90,#E6D735
56,77,90,#E6DA35
57,77,90,#E6DD35
58,77,90,#E6E035
59,77,90,#E6E335
60,77,90,#E6E635
61,77,90,#E3E635
62,77,90,#E0E635
63,77,90,#DDE635
64,77,90,#DAE635
65,77,90,#D7E635
66,77,90,#D4E635
67,77,90,#D1E635
68,77,90,#CEE635
69,77,90,#CBE635
70,77,90,#C8E635
71,77,90,#C5E635
72,77,90,#C2E635
73,77,90,#BFE635
74,77,90,#BCE635
75,77,90,#B9E635
76,77,90,#B6E635
77,77,90,#B3E635
78,77,90,#B0E635
79,77,90,#AEE635
80,77,90,#ABE635
81,77,90,#A8E635
82,77,90,#A5E635
83,77,90,#A2E635
84,77,90,#9FE635
85,77,90,#9CE635
86,77,90,#99E635
87,77,90,#96E635
88,77,90,#93E635
89,77,90,#90E635
90,77,90,#8DE635
91,77,90,#8AE635
92,77,90,#87E635
93,77,90,#84E635
94,77,90,#81E635
95,77,90,#7EE635
96,77,90,#7BE635
97,77,90,#79E635
98,77,90,#76E635
99,77,90,#73E635
100,77,90,#70E635
101,77,90,#6DE635
102,77,90,#6AE635
103,77,90,#67E635
104,77,90,#64E635
105,77,90,#61E635
106,77,90,#5EE635
107,77,90,#5BE635
108,77,90,#58E635
109,77,90,#55E635
110,77,90,#52E635
111,77,90,#4FE635
112,77,90,#4CE635
113,77,90,#49E635
114,77,90,#46E635
115,77,90,#44E635
116,77,90,#41E635
117,77,90,#3EE635
118,77,90,#3BE635
119,77,90,#38E635
120,77,90,#35E635
121,77,90,#35E638
122,77,90,#35E63B
123,77,90,#35E63E
124,77,90,#35E641
125,77,90,#35E644
126,77,90,#35E646
127,77,90,#35E649
128,77,90,#35E64C
129,77,90,#35E64F
130,77,90,#35E652
131,77,90,#35E655
132,77,90,#35E658
133,77,90,#35E65B
134,77,90,#35E65E
135,77,90,#35E661
136,77,90,#35E664
137,77,90,#35E667
138,77,90,#35E66A
139,77,90,#35E66D
140,77,90,#35E670
141,77,90,#35E673
142,77,90,#35E676
143,77,90,#35E679
144,77,90,#35E67B
145,77,90,#35E67E
146,77,90,#35E681
147,77,90,#35E684
148,77,90,#35E687
149,77,90,#35E68A
150,77,90,#35E68D
151,77,90,#35E690
152,77,90,#35E693
153,77,90,#35E696
154,77,90,#35E699
155,77,90,#35E69C
156,77,90,#35E69F
157,77,90,#35E6A2
158,77,90,#35E6A5
159,77,90,#35E6A8
160,77,90,#35E6AB
161,77,90,#35E6AE
162,77,90,#35E6B0
163,77,90,#35E6B3
164,77,90,#35E6B6
165,77,90,#35E6B9
166,77,90,#35E6BC
167,77,90,#35E6BF
168,77,90,#35E6C2
169,77,90,#35E6C5
170,77,90,#35E6C8
171,77,90,#35E6CB
172,77,90,#35E6CE
173,77,90,#35E6D1
174,77,90,#35E6D4
175,77,90,#35E6D7
176,77,90,#35E6DA
177,77,90,#35E6DD
178,77,90,#35E6E0
179,77,90,#35E6E3
180,77,90,#35E6E6
181,77,90,#35E3E6
182,77,90,#35E0E6
183,77,90,#35DDE6
184,77,90,#35DAE6
185,77,90,#35D7E6
186,77,90,#35D4E6
187,77,90,#35D1E6
188,77,90,#35CEE6
189,77,90,#35CBE6
190,77,90,#35C8E6
191,77,90,#35C5E6
192,77,90,#35C2E6
193,77,90,#35BFE6
194,77,90,#35BCE6
195,77,90,#35B9E6
196,77,90,#35B6E6
197,77,90,#35B3E6
198,77,90,#35B0E6
199,77,90,#35AEE6
200,77,90,#35ABE6
201,77,90,#35A8E6
202,77,90,#35A5E6
203,77,90,#35A2E6
204,77,90,#359FE6
205,77,90,#359CE6
206,77,90,#3599E6
207,77,90,#3596E6
208,77,90,#3593E6
209,77,90,#3590E6
210,77,90,#358DE6
211,77,90,#358AE6
212,77,90,#3587E6
213,77,90,#3584E6
214,77,90,#3581E6
215,77,90,#357EE6
216,77,90,#357BE6
217,77,90,#3579E6
218,77,90,#3576E6
219,77,90,#3573E6
220,77,90,#3570E6
221,77,90,#356DE6
222,77,90,#356AE6
223,77,90,#3567E6
224,77,90,#3564E6
225,77,90,#3561E6
226,77,90,#355EE6
227,77,90,#355BE6
228,77,90,#3558E6
229,77,90,#3555E6
230,77,90,#3552E6
231,77,90,#354FE6
232,77,90,#354CE6
233,77,90,#3549E6
234,77,90,#3546E6
235,77,90,#3544E6
236,77,90,#3541E6
237,77,90,#353EE6
238,77,90,#353BE6
239,77,90,#3538E6
240,77,90,#3535E6
241,77,90,#3835E6
242,77,90,#3B35E6
243,77,90,#3E35E6
244,77,90,#4135E6
245,77,90,#4435E6
246,77,90,#4635E6
247,77,90,#4935E6
248,77,90,#4C35E6
249,77,90,#4F35E6
250,77,90,#5235E6
251,77,90,#5535E6
252,77,90,#5835E6
253,77,90,#5B35E6
254,77,90,#5E35E6
255,77,90,#6135E6
256,77,90,#6435E6
257,77,90,#6735E6
258,77,90,#6A35E6
259,77,90,#6D35E6
260,77,90,#7035E6
261,77,90,#7335E6
262,77,90,#7635E6
263,77,90,#7935E6
264,77,90,#7B35E6
265,77,90,#7E35E6
266,77,90,#8135E6
267,77,90,#8435E6
268,77,90,#8735E6
269,77,90,#8A35E6
270,77,90,#8D35E6
271,77,90,#9035E6
272,77,90,#9335E6
273,77,90,#9635E6
274,77,90,#9935E6
275,77,90,#9C35E6
276,77,90,#9F35E6
277,77,90,#A235E6
278,77,90,#A535E6
279,77,90,#A835E6
280,77,90,#AB35E6
281,77,90,#AE35E6
282,77,90,#B035E6
283,77,90,#B335E6
284,77,90,#B635E6
285,77,90,#B935E6
286,77,90,#BC35E6
287,77,90,#BF35E6
288,77,90,#C235E6
289,77,90,#C535E6
290,77,90,#C835E6
291,77,90,#CB35E6
292,77,90,#CE35E6
293,77,90,#D135E6
294,77,90,#D435E6
295,77,90,#D735E6
296,77,90,#DA35E6
297,77,90,#DD35E6
298,77,90,#E035E6
299,77,90,#E335E6
300,77,90,#E635E6
301,77,90,#E635E3
302,77,90,#E635E0
303,77,90,#E635DD
304,77,90,#E635DA
305,77,90,#E635D7
306,77,90,#E635D4
307,77,90,#E635D1
308,77,90,#E635CE
309,77,90,#E635CB
310,77,90,#E635C8
311,77,90,#E635C5
312,77,90,#E635C2
313,77,90,#E635BF
314,77,90,#E635BC
315,77,90,#E635B9
316,77,90,#E635B6
317,77,90,#E635B3
318,77,90,#E635B0
319,77,90,#E635AE
320,77,90,#E635AB
321,77,90,#E635A8
322,77,90,#E635A5
323,77,90,#E635A2
324,77,90,#E6359F
325,77,90,#E6359C
326,77,90,#E63599
327,77,90,#E63596
328,77,90,#E63593
329,77,90,#E63590
330,77,90,#E6358D
331,77,90,#E6358A
332,77,90,#E63587
333,77,90,#E63584
334,77,90,#E63581
335,77,90,#E6357E
336,77,90,#E6357B
337,77,90,#E63579
338,77,90,#E63576
339,77,90,#E63573
340,77,90,#E63570
341,77,90,#E6356D
342,77,90,#E6356A
343,77,90,#E63567
344,77,90,#E63564
345,77,90,#E63561
346,77,90,#E6355E
347,77,90,#E6355B
348,77,90,#E63558
349,77,90,#E63555
350,77,90,#E63552
351,77,90,#E6354F
352,77,90,#E6354C
353,77,90,#E63549
354,77,90,#E63546
355,77,90,#E63544
356,77,90,#E63541
357,77,90,#E6353E
358,77,90,#E6353B
359,77,90,#E63538
0,76,90,#E63737
1,76,90,#E63A37
2,76,90,#E63D37
3,76,90,#E64037
4,76,90,#E64337
5,76,90,#E64637
6,76,90,#E64937
7,76,90,#E64B37
8,76,90,#E64E37
9,76,90,#E65137
10,76,90,#E65437
11,76,90,#E65737
12,76,90,#E65A37
13,76,90,#E65D37
14,76,90,#E66037
15,76,90,#E66337
16,76,90,#E66637
17,76,90,#E66837
18,76,90,#E66B37
19,76,90,#E66E37
20,76,90,#E67137
21,76,90,#E67437
22,76,90,#E67737
23,76,90,#E67A37
24,76,90,#E67D37
25,76,90,#E68037
26,76,90,#E68337
27,76,90,#E68637
28,76,90,#E68837
29,76,90,#E68B37
30,76,90,#E68E37
31,76,90,#E69137
32,76,90,#E69437
33,76,90,#E69737
34,76,90,#E69A37
35,76,90,#E69D37
36,76,90,#E6A037
37,76,90,#E6A337
38,76,90,#E6A637
39,76,90,#E6A837
40,76,90,#E6AB37
41,76,90,#E6AE37
42,76,90,#E6B137
43,76,90,#E6B437
44,76,90,#E6B737
45,76,90,#E6BA37
46,76,90,#E6BD37
47,76,90,#E6C037
48,76,90,#E6C337
49,76,90,#E6C637
50,76,90,#E6C837
51,76,90,#E6CB37
52,76,90,#E6CE37
53,76,90,#E6D137
54,76,90,#E6D437
55,76,90,#E6D737
56,76,90,#E6DA37
57,76,90,#E6DD37
58,76,90,#E6E037
59,76,90,#E6E337
60,76,90,#E6E637
61,76,90,#E3E637
62,76,90,#E0E637
63,76,90,#DDE637
64,76,90,#DAE637
65,76,90,#D7E637
66,76,90,#D4E637
67,76,90,#D1E637
68,76,90,#CEE637
69,76,90,#CBE637
70,76,90,#C8E637
71,76,90,#C6E637
72,76,90,#C3E637
73,76,90,#C0E637
74,76,90,#BDE637
75,76,90,#BAE637
76,76,90,#B7E637
77,76,90,#B4E637
78,76,90,#B1E637
79,76,90,#AEE637
80,76,90,#ABE637
81,76,90,#A8E637
82,76,90,#A6E637
83,76,90,#A3E637
84,76,90,#A0E637
85,76,90,#9DE637
86,76,90,#9AE637
87,76,90,#97E637
88,76,90,#94E637
89,76,90,#91E637
90,76,90,#8EE637
91,76,90,#8BE637
92,76,90,#88E637
93,76,90,#86E637
94,76,90,#83E637
95,76,90,#80E637
96,76,90,#7DE637
97,76,90,#7AE637
98,76,90,#77E637
99,76,90,#74E637
100,76,90,#71E637
101,76,90,#6EE637
102,76,90,#6BE637
103,76,90,#68E637
104,76,90,#66E637
105,76,90,#63E637
106,76,90,#60E637
107,76,90,#5DE637
108,76,90,#5AE637
109,76,90,#57E637
110,76,90,#54E637
111,76,90,#51E637
112,76,90,#4EE637
113,76,90,#4BE637
114,76,90,#49E637
115,76,90,#46E637
116,76,90,#43E637
117,76,90,#40E637
118,76,90,#3DE637
119,76,90,#3AE637
120,76,90,#37E637
121,76,90,#37E63A
122,76,90,#37E63D
123,76,90,#37E640
124,76,90,#37E643
125,76,90,#37E646
126,76,90,#37E649
127,76,90,#37E64B
128,76,90,#37E64E
129,76,90,#37E651
130,76,90,#37E654
131,76,90,#37E657
132,76,90,#37E65A
133,76,90,#37E65D
134,76,90,#37E660
135,76,90,#37E663
136,76,90,#37E666
137,76,90,#37E668
138,76,90,#37E66B
139,76,90,#37E66E
140,76,90,#37E671
141,76,90,#37E674
142,76,90,#37E677
143,76,90,#37E67A
144,76,90,#37E67D
145,76,90,#37E680
146,76,90,#37E683
147,76,90,#37E686
148,76,90,#37E688
149,76,90,#37E68B
150,76,90,#37E68E
151,76,90,#37E691
152,76,90,#37E694
153,76,90,#37E697
154,76,90,#37E69A
155,76,90,#37E69D
156,76,90,#37E6A0
157,76,90,#37E6A3
158,76,90,#37E6A6
159,76,90,#37E6A8
160,76,90,#37E6AB
161,76,90,#37E6AE
162,76,90,#37E6B1
163,76,90,#37E6B4
164,76,90,#37E6B7
165,76,90,#37E6BA
166,76,90,#37E6BD
167,76,90,#37E6C0
168,76,90,#37E6C3
169,76,90,#37E6C6
170,76,90,#37E6C8
171,76,90,#37E6CB
172,76,90,#37E6CE
173,76,90,#37E6D1
174,76,90,#37E6D4
175,76,90,#37E6D7
176,76,90,#37E6DA
177,76,90,#37E6DD
178,76,90,#37E6E0
179,76,90,#37E6E3
180,76,90,#37E6E6
181,76,90,#37E3E6
182,76,90,#37E0E6
183,76,90,#37DDE6
184,76,90,#37DAE6
185,76,90,#37D7E6
186,76,90,#37D4E6
187,76,90,#37D1E6
188,76,90,#37CEE6
189,76,90,#37CBE6
190,76,90,#37C8E6
191,76,90,#37C6E6
192,76,90,#37C3E6
193,76,90,#37C0E6
194,76,90,#37BDE6
195,76,90,#37BAE6
196,76,90,#37B7E6
197,76,90,#37B4E6
198,76,90,#37B1E6
199,76,90,#37AEE6
200,76,90,#37ABE6
201,76,90,#37A8E6
202,76,90,#37A6E6
203,76,90,#37A3E6
204,76,90,#37A0E6
205,76,90,#379DE6
206,76,90,#379AE6
207,76,90,#3797E6
208,76,90,#3794E6
209,76,90,#3791E6
210,76,90,#378EE6
211,76,90,#378BE6
212,76,90,#3788E6
213,76,90,#3786E6
214,76,90,#3783E6
215,76,90,#3780E6
216,76,90,#377DE6
217,76,90,#377AE6
218,76,90,#3777E6
219,76,90,#3774E6
220,76,90,#3771E6
221,76,90,#376EE6
222,76,90,#376BE6
223,76,90,#3768E6
224,76,90,#3766E6
225,76,90,#3763E6
226,76,90,#3760E6
227,76,90,#375DE6
228,76,90,#375AE6
229,76,90,#3757E6
230,76,90,#3754E6
231,76,90,#3751E6
232,76,90,#374EE6
233,76,90,#374BE6
234,76,90,#3749E6
235,76,90,#3746E6
236,76,90,#3743E6
237,76,90,#3740E6
238,76,90,#373DE6
239,76,90,#373AE6
240,76,90,#3737E6
241,76,90,#3A37E6
242,76,90,#3D37E6
243,76,90,#4037E6
244,76,90,#4337E6
245,76,90,#4637E6
246,76,90,#4937E6
247,76,90,#4B37E6
248,76,90,#4E37E6
249,76,90,#5137E6
250,76,90,#5437E6
251,76,90,#5737E6
252,76,90,#5A37E6
253,76,90,#5D37E6
254,76,90,#6037E6
255,76,90,#6337E6
256,76,90,#6637E6
257,76,90,#6837E6
258,76,90,#6B37E6
259,76,90,#6E37E6
260,76,90,#7137E6
261,76,90,#7437E6
262,76,90,#7737E6
263,76,90,#7A37E6
264,76,90,#7D37E6
265,76,90,#8037E6
266,76,90,#8337E6
267,76,90,#8637E6
268,76,90,#8837E6
269,76,90,#8B37E6
270,76,90,#8E37E6
271,76,90,#9137E6
272,76,90,#9437E6
273,76,90,#9737E6
274,76,90,#9A37E6
275,76,90,#9D37E6
276,76,90,#A037E6
277,76,90,#A337E6
278,76,90,#A637E6
279,76,90,#A837E6
280,76,90,#AB37E6
281,76,90,#AE37E6
282,76,90,#B137E6
283,76,90,#B437E6
284,76,90,#B737E6
285,76,90,#BA37E6
286,76,90,#BD37E6
287,76,90,#C037E6
288,76,90,#C337E6
289,76,90,#C637E6
290,76,90,#C837E6
291,76,90,#CB37E6
292,76,90,#CE37E6
293,76,90,#D137E6
294,76,90,#D437E6
295,76,90,#D737E6
296,76,90,#DA37E6
297,76,90,#DD37E6
298,76,90,#E037E6
299,76,90,#E337E6
300,76,90,#E637E6
301,76,90,#E637E3
302,76,90,#E637E0
303,76,90,#E637DD
304,76,90,#E637DA
305,76,90,#E637D7
306,76,90,#E637D4
307,76,90,#E637D1
308,76,90,#E637CE
309,76,90,#E637CB
310,76,90,#E637C8
311,76,90,#E637C6
312,76,90,#E637C3
313,76,90,#E637C0
314,76,90,#E637BD
315,76,90,#E637BA
316,76,90,#E637B7
317,76,90,#E637B4
318,76,90,#E637B1
319,76,90,#E637AE
320,76,90,#E637AB
321,76,90,#E637A8
322,76,90,#E637A6
323,76,90,#E637A3
324,76,90,#E637A0
325,76,90,#E6379D
326,76,90,#E6379A
327,76,90,#E63797
328,76,90,#E63794
329,76,90,#E63791
330,76,90,#E6378E
331,76,90,#E6378B
332,76,90,#E63788
333,76,90,#E63786
334,76,90,#E63783
335,76,90,#E63780
336,76,90,#E6377D
337,76,90,#E6377A
338,76,90,#E63777
339,76,90,#E63774
340,76,90,#E63771
341,76,90,#E6376E
342,76,90,#E6376B
343,76,90,#E63768
344,76,90,#E63766
345,76,90,#E63763
346,76,90,#E63760
347,76,90,#E6375D
348,76,90,#E6375A
349,76,90,#E63757
350,76,90,#E63754
351,76,90,#E63751
352,76,90,#E6374E
353,76,90,#E6374B
354,76,90,#E63749
355,76,90,#E63746
356,76,90,#E63743
357,76,90,#E63740
358,76,90,#E6373D
359,76,90,#E6373A
0,75,90,#E63939
1,75,90,#E63C39
2,75,90,#E63F39
3,75,90,#E64239
4,75,90,#E64539
5,75,90,#E64839
6,75,90,#E64B39
7,75,90,#E64D39
8,75,90,#E65039
9,75,90,#E65339
10,75,90,#E65639
11,75,90,#E65939
12,75,90,#E65C39
13,75,90,#E65F39
14,75,90,#E66239
15,75,90,#E66439
16,75,90,#E66739
17,75,90,#E66A39
18,75,90,#E66D39
19,75,90,#E67039
20,75,90,#E67339
21,75,90,#E67639
22,75,90,#E67839
23,75,90,#E67B39
24,75,90,#E67E39
25,75,90,#E68139
26,75,90,#E68439
27,75,90,#E68739
28,75,90,#E68A39
29,75,90,#E68D39
30,75,90,#E68F39
31,75,90,#E69239
32,75,90,#E69539
33,75,90,#E69839
34,75,90,#E69B39
35,75,90,#E69E39
36,75,90,#E6A139
37,75,90,#E6A439
38,75,90,#E6A639
39,75,90,#E6A939
40,75,90,#E6AC39
41,75,90,#E6AF39
42,75,90,#E6B239
43,75,90,#E6B539
44,75,90,#E6B839
45,75,90,#E6BA39
46,75,90,#E6BD39
47,75,90,#E6C039
48,75,90,#E6C339
49,75,90,#E6C639
50,75,90,#E6C939
51,75,90,#E6CC39
52,75,90,#E6CF39
53,75,90,#E6D139
54,75,90,#E6D439
55,75,90,#E6D739
56,75,90,#E6DA39
57,75,90,#E6DD39
58,75,90,#E6E039
59,75,90,#E6E339
60,75,90,#E6E639
61,75,90,#E3E639
62,75,90,#E0E639
63,75,90,#DDE639
64,75,90,#DAE639
65,75,90,#D7E639
66,75,90,#D4E639
67,75,90,#D1E639
68,75,90,#CFE639
69,75,90,#CCE639
70,75,90,#C9E639
71,75,90,#C6E639
72,75,90,#C3E639
73,75,90,#C0E639
74,75,90,#BDE639
75,75,90,#BAE639
76,75,90,#B8E639
77,75,90,#B5E639
78,75,90,#B2E639
79,75,90,#AFE639
80,75,90,#ACE639
81,75,90,#A9E639
82,75,90,#A6E639
83,75,90,#A4E639
84,75,90,#A1E639
85,75,90,#9EE639
86,75,90,#9BE639
87,75,90,#98E639
88,75,90,#95E639
89,75,90,#92E639
90,75,90,#8FE639
91,75,90,#8DE639
92,75,90,#8AE639
93,75,90,#87E639
94,75,90,#84E639
95,75,90,#81E639
96,75,90,#7EE639
97,75,90,#7BE639
98,75,90,#78E639
99,75,90,#76E639
100,75,90,#73E639
101,75,90,#70E639
102,75,90,#6DE639
103,75,90,#6AE639
104,75,90,#67E639
105,75,90,#64E639
106,75,90,#62E639
107,75,90,#5FE639
108,75,90,#5CE639
109,75,90,#59E639
110,75,90,#56E639
111,75,90,#53E639
112,75,90,#50E639
113,75,90,#4DE639
114,75,90,#4BE639
115,75,90,#48E639
116,75,90,#45E639
117,75,90,#42E639
118,75,90,#3FE639
119,75,90,#3CE639
120,75,90,#39E639
121,75,90,#39E63C
122,75,90,#39E63F
123,75,90,#39E642
124,75,90,#39E645
125,75,90,#39E648
126,75,90,#39E64B
127,75,90,#39E64D
128,75,90,#39E650
129,75,90,#39E653
130,75,90,#39E656
131,75,90,#39E659
132,75,90,#39E65C
133,75,90,#39E65F
134,75,90,#39E662
135,75,90,#39E664
136,75,90,#39E667
137,75,90,#39E66A
138,75,90,#39E66D
139,75,90,#39E670
140,75,90,#39E673
141,75,90,#39E676
142,75,90,#39E678
143,75,90,#39E67B
144,75,90,#39E67E
145,75,90,#39E681
146,75,90,#39E684
147,75,90,#39E687
148,75,90,#39E68A
149,75,90,#39E68D
150,75,90,#39E68F
151,75,90,#39E692
152,75,90,#39E695
153,75,90,#39E698
154,75,90,#39E69B
155,75,90,#39E69E
156,75,90,#39E6A1
157,75,90,#39E6A4
158,75,90,#39E6A6
159,75,90,#39E6A9
160,75,90,#39E6AC
161,75,90,#39E6AF
162,75,90,#39E6B2
163,75,90,#39E6B5
164,75,90,#39E6B8
165,75,90,#39E6BA
166,75,90,#39E6BD
167,75,90,#39E6C0
168,75,90,#39E6C3
169,75,90,#39E6C6
170,75,90,#39E6C9
171,75,90,#39E6CC
172,75,90,#39E6CF
173,75,90,#39E6D1
174,75,90,#39E6D4
175,75,90,#39E6D7
176,75,90,#39E6DA
177,75,90,#39E6DD
178,75,90,#39E6E0
179,75,90,#39E6E3
180,75,90,#39E6E6
181,75,90,#39E3E6
182,75,90,#39E0E6
183,75,90,#39DDE6
184,75,90,#39DAE6
185,75,90,#39D7E6
186,75,90,#39D4E6
187,75,90,#39D1E6
188,75,90,#39CFE6
189,75,90,#39CCE6
190,75,90,#39C9E6
191,75,90,#39C6E6
192,75,90,#39C3E6
193,75,90,#39C0E6
194,75,90,#39BDE6
195,75,90,#39BAE6
196,75,90,#39B8E6
197,75,90,#39B5E6
198,75,90,#39B2E6
199,75,90,#39AFE6
200,75,90,#39ACE6
201,75,90,#39A9E6
202,75,90,#39A6E6
203,75,90,#39A4E6
204,75,90,#39A1E6
205,75,90,#399EE6
206,75,90,#399BE6
207,75,90,#3998E6
208,75,90,#3995E6
209,75,90,#3992E6
210,75,90,#398FE6
211,75,90,#398DE6
212,75,90,#398AE6
213,75,90,#3987E6
214,75,90,#3984E6
215,75,90,#3981E6
216,75,90,#397EE6
217,75,90,#397BE6
218,75,90,#3978E6
219,75,90,#3976E6
220,75,90,#3973E6
221,75,90,#3970E6
222,75,90,#396DE6
223,75,90,#396AE6
224,75,90,#3967E6
225,75,90,#3964E6
226,75,90,#3962E6
227,75,90,#395FE6
228,75,90,#395CE6
229,75,90,#3959E6
230,75,90,#3956E6
231,75,90,#3953E6
232,75,90,#3950E6
233,75,90,#394DE6
234,75,90,#394BE6
235,75,90,#3948E6
236,75,90,#3945E6
237,75,90,#3942E6
238,75,90,#393FE6
239,75,90,#393CE6
240,75,90,#3939E6
241,75,90,#3C39E6
242,75,90,#3F39E6
243,75,90,#4239E6
244,75,90,#4539E6
245,75,90,#4839E6
246,75,90,#4B39E6
247,75,90,#4D39E6
248,75,90,#5039E6
249,75,90,#5339E6
250,75,90,#5639E6
251,75,90,#5939E6
252,75,90,#5C39E6
253,75,90,#5F39E6
254,75,90,#6239E6
255,75,90,#6439E6
256,75,90,#6739E6
257,75,90,#6A39E6
258,75,90,#6D39E6
259,75,90,#7039E6
260,75,90,#7339E6
261,75,90,#7639E6
262,75,90,#7839E6
263,75,90,#7B39E6
264,75,90,#7E39E6
265,75,90,#8139E6
266,75,90,#8439E6
267,75,90,#8739E6
268,75,90,#8A39E6
269,75,90,#8D39E6
270,75,90,#8F39E6
271,75,90,#9239E6
272,75,90,#9539E6
273,75,90,#9839E6
274,75,90,#9B39E6
275,75,90,#9E39E6
276,75,90,#A139E6
277,75,90,#A439E6
278,75,90,#A639E6
279,75,90,#A939E6
280,75,90,#AC39E6
281,75,90,#AF39E6
282,75,90,#B239E6
283,75,90,#B539E6
284,75,90,#B839E6
285,75,90,#BA39E6
286,75,90,#BD39E6
287,75,90,#C039E6
288,75,90,#C339E6
289,75,90,#C639E6
290,75,90,#C939E6
291,75,90,#CC39E6
292,75,90,#CF39E6
293,75,90,#D139E6
294,75,90,#D439E6
295,75,90,#D739E6
296,75,90,#DA39E6
297,75,90,#DD39E6
298,75,90,#E039E6
299,75,90,#E339E6
300,75,90,#E639E6
301,75,90,#E639E3
302,75,90,#E639E0
303,75,90,#E639DD
304,75,90,#E639DA
305,75,90,#E639D7
306,75,90,#E639D4
307,75,90,#E639D1
308,75,90,#E639CF
309,75,90,#E639CC
310,75,90,#E639C9
311,75,90,#E639C6
312,75,90,#E639C3
313,75,90,#E639C0
314,75,90,#E639BD
315,75,90,#E639BA
316,75,90,#E639B8
317,75,90,#E639B5
318,75,90,#E639B2
319,75,90,#E639AF
320,75,90,#E639AC
321,75,90,#E639A9
322,75,90,#E639A6
323,75,90,#E639A4
324,75,90,#E639A1
325,75,90,#E6399E
326,75,90,#E6399B
327,75,90,#E63998
328,75,90,#E63995
329,75,90,#E63992
330,75,90,#E6398F
331,75,90,#E6398D
332,75,90,#E6398A
333,75,90,#E63987
334,75,90,#E63984
335,75,90,#E63981
336,75,90,#E6397E
337,75,90,#E6397B
338,75,90,#E63978
339,75,90,#E63976
340,75,90,#E63973
341,75,90,#E63970
342,75,90,#E6396D
343,75,90,#E6396A
344,75,90,#E63967
345,75,90,#E63964
346,75,90,#E63962
347,75,90,#E6395F
348,75,90,#E6395C
349,75,90,#E63959
350,75,90,#E63956
351,75,90,#E63953
352,75,90,#E63950
353,75,90,#E6394D
354,75,90,#E6394B
355,75,90,#E63948
356,75,90,#E63945
357,75,90,#E63942
358,75,90,#E6393F
359,75,90,#E6393C
0,74,90,#E63C3C
1,74,90,#E63F3C
2,74,90,#E6413C
3,74,90,#E6443C
4,74,90,#E6473C
5,74,90,#E64A3C
6,74,90,#E64D3C
7,74,90,#E64F3C
8,74,90,#E6523C
9,74,90,#E6553C
10,74,90,#E6583C
11,74,90,#E65B3C
12,74,90,#E65E3C
13,74,90,#E6603C
14,74,90,#E6633C
15,74,90,#E6663C
16,74,90,#E6693C
17,74,90,#E66C3C
18,74,90,#E66F3C
19,74,90,#E6713C
20,74,90,#E6743C
21,74,90,#E6773C
22,74,90,#E67A3C
23,74,90,#E67D3C
24,74,90,#E6803C
25,74,90,#E6823C
26,74,90,#E6853C
27,74,90,#E6883C
28,74,90,#E68B3C
29,74,90,#E68E3C
30,74,90,#E6913C
31,74,90,#E6933C
32,74,90,#E6963C
33,74,90,#E6993C
34,74,90,#E69C3C
35,74,90,#E69F3C
36,74,90,#E6A23C
37,74,90,#E6A43C
38,74,90,#E6A73C
39,74,90,#E6AA3C
40,74,90,#E6AD3C
41,74,90,#E6B03C
42,74,90,#E6B33C
43,74,90,#E6B53C
44,74,90,#E6B83C
45,74,90,#E6BB3C
46,74,90,#E6BE3C
47,74,90,#E6C13C
48,74,90,#E6C43C
49,74,90,#E6C63C
50,74,90,#E6C93C
51,74,90,#E6CC3C
52,74,90,#E6CF3C
53,74,90,#E6D23C
54,74,90,#E6D53C
55,74,90,#E6D73C
56,74,90,#E6DA3C
57,74,90,#E6DD3C
58,74,90,#E6E03C
59,74,90,#E6E33C
60,74,90,#E6E63C
61,74,90,#E3E63C
62,74,90,#E0E63C
63,74,90,#DDE63C
64,74,90,#DAE63C
65,74,90,#D7E63C
66,74,90,#D5E63C
67,74,90,#D2E63C
68,74,90,#CFE63C
69,74,90,#CCE63C
70,74,90,#C9E63C
71,74,90,#C6E63C
72,74,90,#C4E63C
73,74,90,#C1E63C
74,74,90,#BEE63C
75,74,90,#BBE63C
76,74,90,#B8E63C
77,74,90,#B5E63C
78,74,90,#B3E63C
79,74,90,#B0E63C
80,74,90,#ADE63C
81,74,90,#AAE63C
82,74,90,#A7E63C
83,74,90,#A4E63C
84,74,90,#A2E63C
85,74,90,#9FE63C
86,74,90,#9CE63C
87,74,90,#99E63C
88,74,90,#96E63C
89,74,90,#93E63C
90,74,90,#91E63C
91,74,90,#8EE63C
92,74,90,#8BE63C
93,74,90,#88E63C
94,74,90,#85E63C
95,74,90,#82E63C
96,74,90,#80E63C
97,74,90,#7DE63C
98,74,90,#7AE63C
99,74,90,#77E63C
100,74,90,#74E63C
101,74,90,#71E63C
102,74,90,#6FE63C
103,74,90,#6CE63C
104,74,90,#69E63C
105,74,90,#66E63C
106,74,90,#63E63C
107,74,90,#60E63C
108,74,90,#5EE63C
109,74,90,#5BE63C
110,74,90,#58E63C
111,74,90,#55E63C
112,74,90,#52E63C
113,74,90,#4FE63C
114,74,90,#4DE63C
115,74,90,#4AE63C
116,74,90,#47E63C
117,74,90,#44E63C
118,74,90,#41E63C
119,74,90,#3FE63C
120,74,90,#3CE63C
121,74,90,#3CE63F
122,74,90,#3CE641
123,74,90,#3CE644
124,74,90,#3CE647
125,74,90,#3CE64A
126,74,90,#3CE64D
127,74,90,#3CE64F
128,74,90,#3CE652
129,74,90,#3CE655
130,74,90,#3CE658
131,74,90,#3CE65B
132,74,90,#3CE65E
133,74,90,#3CE660
134,74,90,#3CE663
135,74,90,#3CE666
136,74,90,#3CE669
137,74,90,#3CE66C
138,74,90,#3CE66F
139,74,90,#3CE671
140,74,90,#3CE674
141,74,90,#3CE677
142,74,90,#3CE67A
143,74,90,#3CE67D
144,74,90,#3CE680
145,74,90,#3CE682
146,74,90,#3CE685
147,74,90,#3CE688
148,74,90,#3CE68B
149,74,90,#3CE68E
150,74,90,#3CE691
151,74,90,#3CE693
152,74,90,#3CE696
153,74,90,#3CE699
154,74,90,#3CE69C
155,74,90,#3CE69F
156,74,90,#3CE6A2
157,74,90,#3CE6A4
158,74,90,#3CE6A7
159,74,90,#3CE6AA
160,74,90,#3CE6AD
161,74,90,#3CE6B0
162,74,90,#3CE6B3
163,74,90,#3CE6B5
164,74,90,#3CE6B8
165,74,90,#3CE6BB
166,74,90,#3CE6BE
167,74,90,#3CE6C1
168,74,90,#3CE6C4
169,74,90,#3CE6C6
170,74,90,#3CE6C9
171,74,90,#3CE6CC
172,74,90,#3CE6CF
173,74,90,#3CE6D2
174,74,90,#3CE6D5
175,74,90,#3CE6D7
176,74,90,#3CE6DA
177,74,90,#3CE6DD
178,74,90,#3CE6E0
179,74,90,#3CE6E3
180,74,90,#3CE6E6
181,74,90,#3CE3E6
182,74,90,#3CE0E6
183,74,90,#3CDDE6
184,74,90,#3CDAE6
185,74,90,#3CD7E6
186,74,90,#3CD5E6
187,74,90,#3CD2E6
188,74,90,#3CCFE6
189,74,90,#3CCCE6
190,74,90,#3CC9E6
191,74,90,#3CC6E6
192,74,90,#3CC4E6
193,74,90,#3CC1E6
194,74,90,#3CBEE6
195,74,90,#3CBBE6
196,74,90,#3CB8E6
197,74,90,#3CB5E6
198,74,90,#3CB3E6
199,74,90,#3CB0E6
200,74,90,#3CADE6
201,74,90,#3CAAE6
202,74,90,#3CA7E6
203,74,90,#3CA4E6
204,74,90,#3CA2E6
205,74,90,#3C9FE6
206,74,90,#3C9CE6
207,74,90,#3C99E6
208,74,90,#3C96E6
209,74,90,#3C93E6
210,74,90,#3C91E6
211,74,90,#3C8EE6
212,74,90,#3C8BE6
213,74,90,#3C88E6
214,74,90,#3C85E6
215,74,90,#3C82E6
216,74,90,#3C80E6
217,74,90,#3C7DE6
218,74,90,#3C7AE6
219,74,90,#3C77E6
220,74,90,#3C74E6
221,74,90,#3C71E6
222,74,90,#3C6FE6
223,74,90,#3C6CE6
224,74,90,#3C69E6
225,74,90,#3C66E6
226,74,90,#3C63E6
227,74,90,#3C60E6
228,74,90,#3C5EE6
229,74,90,#3C5BE6
230,74,90,#3C58E6
231,74,90,#3C55E6
232,74,90,#3C52E6
233,74,90,#3C4FE6
234,74,90,#3C4DE6
235,74,90,#3C4AE6
236,74,90,#3C47E6
237,74,90,#3C44E6
238,74,90,#3C41E6
239,74,90,#3C3FE6
240,74,90,#3C3CE6
241,74,90,#3F3CE6
242,74,90,#413CE6
243,74,90,#443CE6
244,74,90,#473CE6
245,74,90,#4A3CE6
246,74,90,#4D3CE6
247,74,90,#4F3CE6
248,74,90,#523CE6
249,74,90,#553CE6
250,74,90,#583CE6
251,74,90,#5B3CE6
252,74,90,#5E3CE6
253,74,90,#603CE6
254,74,90,#633CE6
255,74,90,#663CE6
256,74,90,#693CE6
257,74,90,#6C3CE6
258,74,90,#6F3CE6
259,74,90,#713CE6
260,74,90,#743CE6
261,74,90,#773CE6
262,74,90,#7A3CE6
263,74,90,#7D3CE6
264,74,90,#803CE6
265,74,90,#823CE6
266,74,90,#853CE6
267,74,90,#883CE6
268,74,90,#8B3CE6
269,74,90,#8E3CE6
270,74,90,#913CE6
271,74,90,#933CE6
272,74,90,#963CE6
273,74,90,#993CE6
274,74,90,#9C3CE6
275,74,90,#9F3CE6
276,74,90,#A23CE6
277,74,90,#A43CE6
278,74,90,#A73CE6
279,74,90,#AA3CE6
280,74,90,#AD3CE6
281,74,90,#B03CE6
282,74,90,#B33CE6
283,74,90,#B53CE6
284,74,90,#B83CE6
285,74,90,#BB3CE6
286,74,90,#BE3CE6
287,74,90,#C13CE6
288,74,90,#C43CE6
289,74,90,#C63CE6
290,74,90,#C93CE6
291,74,90,#CC3CE6
292,74,90,#CF3CE6
293,74,90,#D23CE6
294,74,90,#D53CE6
295,74,90,#D73CE6
296,74,90,#DA3CE6
297,74,90,#DD3CE6
298,74,90,#E03CE6
299,74,90,#E33CE6
300,74,90,#E63CE6
301,74,90,#E63CE3
302,74,90,#E63CE0
303,74,90,#E63CDD
304,74,90,#E63CDA
305,74,90,#E63CD7
306,74,90,#E63CD5
307,74,90,#E63CD2
308,74,90,#E63CCF
309,74,90,#E63CCC
310,74,90,#E63CC9
311,74,90,#E63CC6
312,74,90,#E63CC4
313,74,90,#E63CC1
314,74,90,#E63CBE
315,74,90,#E63CBB
316,74,90,#E63CB8
317,74,90,#E63CB5
318,74,90,#E63CB3
319,74,90,#E63CB0
320,74,90,#E63CAD
321,74,90,#E63CAA
322,74,90,#E63CA7
323,74,90,#E63CA4
324,74,90,#E63CA2
325,74,90,#E63C9F
326,74,90,#E63C9C
327,74,90,#E63C99
328,74,90,#E63C96
329,74,90,#E63C93
330,74,90,#E63C91
331,74,90,#E63C8E
332,74,90,#E63C8B
333,74,90,#E63C88
334,74,90,#E63C85
335,74,90,#E63C82
336,74,90,#E63C80
337,74,90,#E63C7D
338,74,90,#E63C7A
339,74,90,#E63C77
340,74,90,#E63C74
341,74,90,#E63C71
342,74,90,#E63C6F
343,74,90,#E63C6C
344,74,90,#E63C69
345,74,90,#E63C66
346,74,90,#E63C63
347,74,90,#E63C60
348,74,90,#E63C5E
349,74,90,#E63C5B
350,74,90,#E63C58
351,74,90,#E63C55
352,74,90,#E63C52
353,74,90,#E63C4F
354,74,90,#E63C4D
355,74,90,#E63C4A
356,74,90,#E63C47
357,74,90,#E63C44
358,74,90,#E63C41
359,74,90,#E63C3F
0,73,90,#E63E3E
1,73,90,#E6413E
2,73,90,#E6443E
3,73,90,#E6463E
4,73,90,#E6493E
5,73,90,#E64C3E
6,73,90,#E64F3E
7,73,90,#E6523E
8,73,90,#E6543E
9,73,90,#E6573E
10,73,90,#E65A3E
11,73,90,#E65D3E
12,73,90,#E65F3E
13,73,90,#E6623E
14,73,90,#E6653E
15,73,90,#E6683E
16,73,90,#E66B3E
17,73,90,#E66D3E
18,73,90,#E6703E
19,73,90,#E6733E
20,73,90,#E6763E
21,73,90,#E6793E
22,73,90,#E67B3E
23,73,90,#E67E3E
24,73,90,#E6813E
25,73,90,#E6843E
26,73,90,#E6873E
27,73,90,#E6893E
28,73,90,#E68C3E
29,73,90,#E68F3E
30,73,90,#E6923E
31,73,90,#E6953E
32,73,90,#E6973E
33,73,90,#E69A3E
34,73,90,#E69D3E
35,73,90,#E6A03E
36,73,90,#E6A23E
37,73,90,#E6A53E
38,73,90,#E6A83E
39,73,90,#E6AB3E
40,73,90,#E6AE3E
41,73,90,#E6B03E
42,73,90,#E6B33E
43,73,90,#E6B63E
44,73,90,#E6B93E
45,73,90,#E6BC3E
46,73,90,#E6BE3E
47,73,90,#E6C13E
48,73,90,#E6C43E
49,73,90,#E6C73E
50,73,90,#E6CA3E
51,73,90,#E6CC3E
52,73,90,#E6CF3E
53,73,90,#E6D23E
54,73,90,#E6D53E
55,73,90,#E6D83E
56,73,90,#E6DA3E
57,73,90,#E6DD3E
58,73,90,#E6E03E
59,73,90,#E6E33E
60,73,90,#E6E63E
61,73,90,#E3E63E
62,73,90,#E0E63E
63,73,90,#DDE63E
64,73,90,#DAE63E
65,73,90,#D8E63E
66,73,90,#D5E63E
67,73,90,#D2E63E
68,73,90,#CFE63E
69,73,90,#CCE63E
70,73,90,#CAE63E
71,73,90,#C7E63E
72,73,90,#C4E63E
73,73,90,#C1E63E
74,73,90,#BEE63E
75,73,90,#BCE63E
76,73,90,#B9E63E
77,73,90,#B6E63E
78,73,90,#B3E63E
79,73,90,#B0E63E
80,73,90,#AEE63E
81,73,90,#ABE63E
82,73,90,#A8E63E
83,73,90,#A5E63E
84,73,90,#A2E63E
85,73,90,#A0E63E
86,73,90,#9DE63E
87,73,90,#9AE63E
88,73,90,#97E63E
89,73,90,#95E63E
90,73,90,#92E63E
91,73,90,#8FE63E
92,73,90,#8CE63E
93,73,90,#89E63E
94,73,90,#87E63E
95,73,90,#84E63E
96,73,90,#81E63E
97,73,90,#7EE63E
98,73,90,#7BE63E
99,73,90,#79E63E
100,73,90,#76E63E
101,73,90,#73E63E
102,73,90,#70E63E
103,73,90,#6DE63E
104,73,90,#6BE63E
105,73,90,#68E63E
106,73,90,#65E63E
107,73,90,#62E63E
108,73,90,#5FE63E
109,73,90,#5DE63E
110,73,90,#5AE63E
111,73,90,#57E63E
112,73,90,#54E63E
113,73,90,#52E63E
114,73,90,#4FE63E
115,73,90,#4CE63E
116,73,90,#49E63E
117,73,90,#46E63E
118,73,90,#44E63E
119,73,90,#41E63E
120,73,90,#3EE63E
121,73,90,#3EE641
122,73,90,#3EE644
123,73,90,#3EE646
124,73,90,#3EE649
125,73,90,#3EE64C
126,73,90,#3EE64F
127,73,90,#3EE652
128,73,90,#3EE654
129,73,90,#3EE657
130,73,90,#3EE65A
131,73,90,#3EE65D
132,73,90,#3EE65F
133,73,90,#3EE662
134,73,90,#3EE665
135,73,90,#3EE668
136,73,90,#3EE66B
137,73,90,#3EE66D
138,73,90,#3EE670
139,73,90,#3EE673
140,73,90,#3EE676
141,73,90,#3EE679
142,73,90,#3EE67B
143,73,90,#3EE67E
144,73,90,#3EE681
145,73,90,#3EE684
146,73,90,#3EE687
147,73,90,#3EE689
148,73,90,#3EE68C
149,73,90,#3EE68F
150,73,90,#3EE692
151,73,90,#3EE695
152,73,90,#3EE697
153,73,90,#3EE69A
154,73,90,#3EE69D
155,73,90,#3EE6A0
156,73,90,#3EE6A2
157,73,90,#3EE6A5
158,73,90,#3EE6A8
159,73,90,#3EE6AB
160,73,90,#3EE6AE
161,73,90,#3EE6B0
162,73,90,#3EE6B3
163,73,90,#3EE6B6
164,73,90,#3EE6B9
165,73,90,#3EE6BC
166,73,90,#3EE6BE
167,73,90,#3EE6C1
168,73,90,#3EE6C4
169,73,90,#3EE6C7
170,73,90,#3EE6CA
171,73,90,#3EE6CC
172,73,90,#3EE6CF
173,73,90,#3EE6D2
174,73,90,#3EE6D5
175,73,90,#3EE6D8
176,73,90,#3EE6DA
177,73,90,#3EE6DD
178,73,90,#3EE6E0
179,73,90,#3EE6E3
180,73,90,#3EE6E6
181,73,90,#3EE3E6
182,73,90,#3EE0E6
183,73,90,#3EDDE6
184,73,90,#3EDAE6
185,73,90,#3ED8E6
186,73,90,#3ED5E6
187,73,90,#3ED2E6
188,73,90,#3ECFE6
189,73,90,#3ECCE6
190,73,90,#3ECAE6
191,73,90,#3EC7E6
192,73,90,#3EC4E6
193,73,90,#3EC1E6
194,73,90,#3EBEE6
195,73,90,#3EBCE6
196,73,90,#3EB9E6
197,73,90,#3EB6E6
198,73,90,#3EB3E6
199,73,90,#3EB0E6
200,73,90,#3EAEE6
201,73,90,#3EABE6
202,73,90,#3EA8E6
203,73,90,#3EA5E6
204,73,90,#3EA2E6
205,73,90,#3EA0E6
206,73,90,#3E9DE6
207,73,90,#3E9AE6
208,73,90,#3E97E6
209,73,90,#3E95E6
210,73,90,#3E92E6
211,73,90,#3E8FE6
212,73,90,#3E8CE6
213,73,90,#3E89E6
214,73,90,#3E87E6
215,73,90,#3E84E6
216,73,90,#3E81E6
217,73,90,#3E7EE6
218,73,90,#3E7BE6
219,73,90,#3E79E6
220,73,90,#3E76E6
221,73,90,#3E73E6
222,73,90,#3E70E6
223,73,90,#3E6DE6
224,73,90,#3E6BE6
225,73,90,#3E68E6
226,73,90,#3E65E6
227,73,90,#3E62E6
228,73,90,#3E5FE6
229,73,90,#3E5DE6
230,73,90,#3E5AE6
231,73,90,#3E57E6
232,73,90,#3E54E6
233,73,90,#3E52E6
234,73,90,#3E4FE6
235,73,90,#3E4CE6
236,73,90,#3E49E6
237,73,90,#3E46E6
238,73,90,#3E44E6
239,73,90,#3E41E6
240,73,90,#3E3EE6
241,73,90,#413EE6
242,73,90,#443EE6
243,73,90,#463EE6
244,73,90,#493EE6
245,73,90,#4C3EE6
246,73,90,#4F3EE6
247,73,90,#523EE6
248,73,90,#543EE6
249,73,90,#573EE6
250,73,90,#5A3EE6
251,73,90,#5D3EE6
252,73,90,#5F3EE6
253,73,90,#623EE6
254,73,90,#653EE6
255,73,90,#683EE6
256,73,90,#6B3EE6
257,73,90,#6D3EE6
258,73,90,#703EE6
259,73,90,#733EE6
260,73,90,#763EE6
261,73,90,#793EE6
262,73,90,#7B3EE6
263,73,90,#7E3EE6
264,73,90,#813EE6
265,73,90,#843EE6
266,73,90,#873EE6
267,73,90,#893EE6
268,73,90,#8C3EE6
269,73,90,#8F3EE6
270,73,90,#923EE6
271,73,90,#953EE6
272,73,90,#973EE6
273,73,90,#9A3EE6
274,73,90,#9D3EE6
275,73,90,#A03EE6
276,73,90,#A23EE6
277,73,90,#A53EE6
278,73,90,#A83EE6
279,73,90,#AB3EE6
280,73,90,#AE3EE6
281,73,90,#B03EE6
282,73,90,#B33EE6
283,73,90,#B63EE6
284,73,90,#B93EE6
285,73,90,#BC3EE6
286,73,90,#BE3EE6
287,73,90,#C13EE6
288,73,90,#C43EE6
289,73,90,#C73EE6
290,73,90,#CA3EE6
291,73,90,#CC3EE6
292,73,90,#CF3EE6
293,73,90,#D23EE6
294,73,90,#D53EE6
295,73,90,#D83EE6
296,73,90,#DA3EE6
297,73,90,#DD3EE6
298,73,90,#E03EE6
299,73,90,#E33EE6
300,73,90,#E63EE6
301,73,90,#E63EE3
302,73,90,#E63EE0
303,73,90,#E63EDD
304,73,90,#E63EDA
305,73,90,#E63ED8
306,73,90,#E63ED5
307,73,90,#E63ED2
308,73,90,#E63ECF
309,73,90,#E63ECC
310,73,90,#E63ECA
311,73,90,#E63EC7
312,73,90,#E63EC4
313,73,90,#E63EC1
314,73,90,#E63EBE
315,73,90,#E63EBC
316,73,90,#E63EB9
317,73,90,#E63EB6
318,73,90,#E63EB3
319,73,90,#E63EB0
320,73,90,#E63EAE
321,73,90,#E63EAB
322,73,90,#E63EA8
323,73,90,#E63EA5
324,73,90,#E63EA2
325,73,90,#E63EA0
326,73,90,#E63E9D
327,73,90,#E63E9A
328,73,90,#E63E97
329,73,90,#E63E95
330,73,90,#E63E92
331,73,90,#E63E8F
332,73,90,#E63E8C
333,73,90,#E63E89
334,73,90,#E63E87
335,73,90,#E63E84
336,73,90,#E63E81
337,73,90,#E63E7E
338,73,90,#E63E7B
339,73,90,#E63E79
340,73,90,#E63E76
341,73,90,#E63E73
342,73,90,#E63E70
343,73,90,#E63E6D
344,73,90,#E63E6B
345,73,90,#E63E68
346,73,90,#E63E65
347,73,90,#E63E62
348,73,90,#E63E5F
349,73,90,#E63E5D
350,73,90,#E63E5A
351,73,90,#E63E57
352,73,90,#E63E54
353,73,90,#E63E52
354,73,90,#E63E4F
355,73,90,#E63E4C
356,73,90,#E63E49
357,73,90,#E63E46
358,73,90,#E63E44
359,73,90,#E63E41
0,72,90,#E64040
1,72,90,#E64340
2,72,90,#E64640
3,72,90,#E64940
4,72,90,#E64B40
5,72,90,#E64E40
6,72,90,#E65140
7,72,90,#E65440
8,72,90,#E65640
9,72,90,#E65940
10,72,90,#E65C40
11,72,90,#E65F40
12,72,90,#E66140
13,72,90,#E66440
14,72,90,#E66740
15,72,90,#E66A40
16,72,90,#E66C40
17,72,90,#E66F40
18,72,90,#E67240
19,72,90,#E67540
20,72,90,#E67740
21,72,90,#E67A40
22,72,90,#E67D40
23,72,90,#E68040
24,72,90,#E68240
25,72,90,#E68540
26,72,90,#E68840
27,72,90,#E68B40
28,72,90,#E68D40
29,72,90,#E69040
30,72,90,#E69340
31,72,90,#E69640
32,72,90,#E69840
33,72,90,#E69B40
34,72,90,#E69E40
35,72,90,#E6A140
36,72,90,#E6A340
37,72,90,#E6A640
38,72,90,#E6A940
39,72,90,#E6AC40
40,72,90,#E6AE40
41,72,90,#E6B140
42,72,90,#E6B440
43,72,90,#E6B740
44,72,90,#E6B940
45,72,90,#E6BC40
46,72,90,#E6BF40
47,72,90,#E6C240
48,72,90,#E6C440
49,72,90,#E6C740
50,72,90,#E6CA40
51,72,90,#E6CD40
52,72,90,#E6CF40
53,72,90,#E6D240
54,72,90,#E6D540
55,72,90,#E6D840
56,72,90,#E6DA40
57,72,90,#E6DD40
58,72,90,#E6E040
59,72,90,#E6E340
60,72,90,#E6E640
61,72,90,#E3E640
62,72,90,#E0E640
63,72,90,#DDE640
64,72,90,#DAE640
65,72,90,#D8E640
66,72,90,#D5E640
67,72,90,#D2E640
68,72,90,#CFE640
69,72,90,#CDE640
70,72,90,#CAE640
71,72,90,#C7E640
72,72,90,#C4E640
73,72,90,#C2E640
74,72,90,#BFE640
75,72,90,#BCE640
76,72,90,#B9E640
77,72,90,#B7E640
78,72,90,#B4E640
79,72,90,#B1E640
80,72,90,#AEE640
81,72,90,#ACE640
82,72,90,#A9E640
83,72,90,#A6E640
84,72,90,#A3E640
85,72,90,#A1E640
86,72,90,#9EE640
87,72,90,#9BE640
88,72,90,#98E640
89,72,90,#96E640
90,72,90,#93E640
91,72,90,#90E640
92,72,90,#8DE640
93,72,90,#8BE640
94,72,90,#88E640
95,72,90,#85E640
96,72,90,#82E640
97,72,90,#80E640
98,72,90,#7DE640
99,72,90,#7AE640
100,72,90,#77E640
101,72,90,#75E640
102,72,90,#72E640
103,72,90,#6FE640
104,72,90,#6CE640
105,72,90,#6AE640
106,72,90,#67E640
107,72,90,#64E640
108,72,90,#61E640
109,72,90,#5FE640
110,72,90,#5CE640
111,72,90,#59E640
112,72,90,#56E640
113,72,90,#54E640
114,72,90,#51E640
115,72,90,#4EE640
116,72,90,#4BE640
117,72,90,#49E640
118,72,90,#46E640
119,72,90,#43E640
120,72,90,#40E640
121,72,90,#40E643
122,72,90,#40E646
123,72,90,#40E649
124,72,90,#40E64B
125,72,90,#40E64E
126,72,90,#40E651
127,72,90,#40E654
128,72,90,#40E656
129,72,90,#40E659
130,72,90,#40E65C
131,72,90,#40E65F
132,72,90,#40E661
133,72,90,#40E664
134,72,90,#40E667
135,72,90,#40E66A
136,72,90,#40E66C
137,72,90,#40E66F
138,72,90,#40E672
139,72,90,#40E675
140,72,90,#40E677
141,72,90,#40E67A
142,72,90,#40E67D
143,72,90,#40E680
144,72,90,#40E682
145,72,90,#40E685
146,72,90,#40E688
147,72,90,#40E68B
148,72,90,#40E68D
149,72,90,#40E690
150,72,90,#40E693
151,72,90,#40E696
152,72,90,#40E698
153,72,90,#40E69B
154,72,90,#40E69E
155,72,90,#40E6A1
156,72,90,#40E6A3
157,72,90,#40E6A6
158,72,90,#40E6A9
159,72,90,#40E6AC
160,72,90,#40E6AE
161,72,90,#40E6B1
162,72,90,#40E6B4
163,72,90,#40E6B7
164,72,90,#40E6B9
165,72,90,#40E6BC
166,72,90,#40E6BF
167,72,90,#40E6C2
168,72,90,#40E6C4
169,72,90,#40E6C7
170,72,90,#40E6CA
171,72,90,#40E6CD
172,72,90,#40E6CF
173,72,90,#40E6D2
174,72,90,#40E6D5
175,72,90,#40E6D8
176,72,90,#40E6DA
177,72,90,#40E6DD
178,72,90,#40E6E0
179,72,90,#40E6E3
180,72,90,#40E6E6
181,72,90,#40E3E6
182,72,90,#40E0E6
183,72,90,#40DDE6
184,72,90,#40DAE6
185,72,90,#40D8E6
186,72,90,#40D5E6
187,72,90,#40D2E6
188,72,90,#40CFE6
189,72,90,#40CDE6
190,72,90,#40CAE6
191,72,90,#40C7E6
192,72,90,#40C4E6
193,72,90,#40C2E6
194,72,90,#40BFE6
195,72,90,#40BCE6
196,72,90,#40B9E6
197,72,90,#40B7E6
198,72,90,#40B4E6
199,72,90,#40B1E6
200,72,90,#40AEE6
201,72,90,#40ACE6
202,72,90,#40A9E6
203,72,90,#40A6E6
204,72,90,#40A3E6
205,72,90,#40A1E6
206,72,90,#409EE6
207,72,90,#409BE6
208,72,90,#4098E6
209,72,90,#4096E6
210,72,90,#4093E6
211,72,90,#4090E6
212,72,90,#408DE6
213,72,90,#408BE6
214,72,90,#4088E6
215,72,90,#4085E6
216,72,90,#4082E6
217,72,90,#4080E6
218,72,90,#407DE6
219,72,90,#407AE6
220,72,90,#4077E6
221,72,90,#4075E6
222,72,90,#4072E6
223,72,90,#406FE6
224,72,90,#406CE6
225,72,90,#406AE6
226,72,90,#4067E6
227,72,90,#4064E6
228,72,90,#4061E6
229,72,90,#405FE6
230,72,90,#405CE6
231,72,90,#4059E6
232,72,90,#4056E6
233,72,90,#4054E6
234,72,90,#4051E6
235,72,90,#404EE6
236,72,90,#404BE6
237,72,90,#4049E6
238,72,90,#4046E6
239,72,90,#4043E6
240,72,90,#4040E6
241,72,90,#4340E6
242,72,90,#4640E6
243,72,90,#4940E6
244,72,90,#4B40E6
245,72,90,#4E40E6
246,72,90,#5140E6
247,72,90,#5440E6
248,72,90,#5640E6
249,72,90,#5940E6
250,72,90,#5C40E6
251,72,90,#5F40E6
252,72,90,#6140E6
253,72,90,#6440E6
254,72,90,#6740E6
255,72,90,#6A40E6
256,72,90,#6C40E6
257,72,90,#6F40E6
258,72,90,#7240E6
259,72,90,#7540E6
260,72,90,#7740E6
261,72,90,#7A40E6
262,72,90,#7D40E6
263,72,90,#8040E6
264,72,90,#8240E6
265,72,90,#8540E6
266,72,90,#8840E6
267,72,90,#8B40E6
268,72,90,#8D40E6
269,72,90,#9040E6
270,72,90,#9340E6
271,72,90,#9640E6
272,72,90,#9840E6
273,72,90,#9B40E6
274,72,90,#9E40E6
275,72,90,#A140E6
276,72,90,#A340E6
277,72,90,#A640E6
278,72,90,#A940E6
279,72,90,#AC40E6
280,72,90,#AE40E6
281,72,90,#B140E6
282,72,90,#B440E6
283,72,90,#B740E6
284,72,90,#B940E6
285,72,90,#BC40E6
286,72,90,#BF40E6
287,72,90,#C240E6
288,72,90,#C440E6
289,72,90,#C740E6
290,72,90,#CA40E6
291,72,90,#CD40E6
292,72,90,#CF40E6
293,72,90,#D240E6
294,72,90,#D540E6
295,72,90,#D840E6
296,72,90,#DA40E6
297,72,90,#DD40E6
298,72,90,#E040E6
299,72,90,#E340E6
300,72,90,#E640E6
301,72,90,#E640E3
302,72,90,#E640E0
303,72,90,#E640DD
304,72,90,#E640DA
305,72,90,#E640D8
306,72,90,#E640D5
307,72,90,#E640D2
308,72,90,#E640CF
309,72,90,#E640CD
310,72,90,#E640CA
311,72,90,#E640C7
312,72,90,#E640C4
313,72,90,#E640C2
314,72,90,#E640BF
315,72,90,#E640BC
316,72,90,#E640B9
317,72,90,#E640B7
318,72,90,#E640B4
319,72,90,#E640B1
320,72,90,#E640AE
321,72,90,#E640AC
322,72,90,#E640A9
323,72,90,#E640A6
324,72,90,#E640A3
325,72,90,#E640A1
326,72,90,#E6409E
327,72,90,#E6409B
328,72,90,#E64098
329,72,90,#E64096
330,72,90,#E64093
331,72,90,#E64090
332,72,90,#E6408D
333,72,90,#E6408B
334,72,90,#E64088
335,72,90,#E64085
336,72,90,#E64082
337,72,90,#E64080
338,72,90,#E6407D
339,72,90,#E6407A
340,72,90,#E64077
341,72,90,#E64075
342,72,90,#E64072
343,72,90,#E6406F
344,72,90,#E6406C
345,72,90,#E6406A
346,72,90,#E64067
347,72,90,#E64064
348,72,90,#E64061
349,72,90,#E6405F
350,72,90,#E6405C
351,72,90,#E64059
352,72,90,#E64056
353,72,90,#E64054
354,72,90,#E64051
355,72,90,#E6404E
356,72,90,#E6404B
357,72,90,#E64049
358,72,90,#E64046
359,72,90,#E64043
0,71,90,#E64343
1,71,90,#E64543
2,71,90,#E64843
3,71,90,#E64B43
4,71,90,#E64D43
5,71,90,#E65043
6,71,90,#E65343
7,71,90,#E65643
8,71,90,#E65843
9,71,90,#E65B43
10,71,90,#E65E43
11,71,90,#E66043
12,71,90,#E66343
13,71,90,#E66643
14,71,90,#E66943
15,71,90,#E66B43
16,71,90,#E66E43
17,71,90,#E67143
18,71,90,#E67343
19,71,90,#E67643
20,71,90,#E67943
21,71,90,#E67C43
22,71,90,#E67E43
23,71,90,#E68143
24,71,90,#E68443
25,71,90,#E68643
26,71,90,#E68943
27,71,90,#E68C43
28,71,90,#E68F43
29,71,90,#E69143
30,71,90,#E69443
31,71,90,#E69743
32,71,90,#E69943
33,71,90,#E69C43
34,71,90,#E69F43
35,71,90,#E6A243
36,71,90,#E6A443
37,71,90,#E6A743
38,71,90,#E6AA43
39,71,90,#E6AC43
40,71,90,#E6AF43
41,71,90,#E6B243
42,71,90,#E6B543
43,71,90,#E6B743
44,71,90,#E6BA43
45,71,90,#E6BD43
46,71,90,#E6BF43
47,71,90,#E6C243
48,71,90,#E6C543
49,71,90,#E6C843
50,71,90,#E6CA43
51,71,90,#E6CD43
52,71,90,#E6D043
53,71,90,#E6D243
54,71,90,#E6D543
55,71,90,#E6D843
56,71,90,#E6DB43
57,71,90,#E6DD43
58,71,90,#E6E043
59,71,90,#E6E343
60,71,90,#E6E643
61,71,90,#E3E643
62,71,90,#E0E643
63,71,90,#DDE643
64,71,90,#DBE643
65,71,90,#D8E643
66,71,90,#D5E643
67,71,90,#D2E643
68,71,90,#D0E643
69,71,90,#CDE643
70,71,90,#CAE643
71,71,90,#C8E643
72,71,90,#C5E643
73,71,90,#C2E643
74,71,90,#BFE643
75,71,90,#BDE643
76,71,90,#BAE643
77,71,90,#B7E643
78,71,90,#B5E643
79,71,90,#B2E643
80,71,90,#AFE643
81,71,90,#ACE643
82,71,90,#AAE643
83,71,90,#A7E643
84,71,90,#A4E643
85,71,90,#A2E643
86,71,90,#9FE643
87,71,90,#9CE643
88,71,90,#99E643
89,71,90,#97E643
90,71,90,#94E643
91,71,90,#91E643
92,71,90,#8FE643
93,71,90,#8CE643
94,71,90,#89E643
95,71,90,#86E643
96,71,90,#84E643
97,71,90,#81E643
98,71,90,#7EE643
99,71,90,#7CE643
100,71,90,#79E643
101,71,90,#76E643
102,71,90,#73E643
103,71,90,#71E643
104,71,90,#6EE643
105,71,90,#6BE643
106,71,90,#69E643
107,71,90,#66E643
108,71,90,#63E643
109,71,90,#60E643
110,71,90,#5EE643
111,71,90,#5BE643
112,71,90,#58E643
113,71,90,#56E643
114,71,90,#53E643
115,71,90,#50E643
116,71,90,#4DE643
117,71,90,#4BE643
118,71,90,#48E643
119,71,90,#45E643
120,71,90,#43E643
121,71,90,#43E645
122,71,90,#43E648
123,71,90,#43E64B
124,71,90,#43E64D
125,71,90,#43E650
126,71,90,#43E653
127,71,90,#43E656
128,71,90,#43E658
129,71,90,#43E65B
130,71,90,#43E65E
131,71,90,#43E660
132,71,90,#43E663
133,71,90,#43E666
134,71,90,#43E669
135,71,90,#43E66B
136,71,90,#43E66E
137,71,90,#43E671
138,71,90,#43E673
139,71,90,#43E676
140,71,90,#43E679
141,71,90,#43E67C
142,71,90,#43E67E
143,71,90,#43E681
144,71,90,#43E684
145,71,90,#43E686
146,71,90,#43E689
147,71,90,#43E68C
148,71,90,#43E68F
149,71,90,#43E691
150,71,90,#43E694
151,71,90,#43E697
152,71,90,#43E699
153,71,90,#43E69C
154,71,90,#43E69F
155,71,90,#43E6A2
156,71,90,#43E6A4
157,71,90,#43E6A7
158,71,90,#43E6AA
159,71,90,#43E6AC
160,71,90,#43E6AF
161,71,90,#43E6B2
162,71,90,#43E6B5
163,71,90,#43E6B7
164,71,90,#43E6BA
165,71,90,#43E6BD
166,71,90,#43E6BF
167,71,90,#43E6C2
168,71,90,#43E6C5
169,71,90,#43E6C8
170,71,90,#43E6CA
171,71,90,#43E6CD
172,71,90,#43E6D0
173,71,90,#43E6D2
174,71,90,#43E6D5
175,71,90,#43E6D8
176,71,90,#43E6DB
177,71,90,#43E6DD
178,71,90,#43E6E0
179,71,90,#43E6E3
180,71,90,#43E6E6
181,71,90,#43E3E6
182,71,90,#43E0E6
183,71,90,#43DDE6
184,71,90,#43DBE6
185,71,90,#43D8E6
186,71,90,#43D5E6
187,71,90,#43D2E6
188,71,90,#43D0E6
189,71,90,#43CDE6
190,71,90,#43CAE6
191,71,90,#43C8E6
192,71,90,#43C5E6
193,71,90,#43C2E6
194,71,90,#43BFE6
195,71,90,#43BDE6
196,71,90,#43BAE6
197,71,90,#43B7E6
198,71,90,#43B5E6
199,71,90,#43B2E6
200,71,90,#43AFE6
201,71,90,#43ACE6
202,71,90,#43AAE6
203,71,90,#43A7E6
204,71,90,#43A4E6
205,71,90,#43A2E6
206,71,90,#439FE6
207,71,90,#439CE6
208,71,90,#4399E6
209,71,90,#4397E6
210,71,90,#4394E6
211,71,90,#4391E6
212,71,90,#438FE6
213,71,90,#438CE6
214,71,90,#4389E6
215,71,90,#4386E6
216,71,90,#4384E6
217,71,90,#4381E6
218,71,90,#437EE6
219,71,90,#437CE6
220,71,90,#4379E6
221,71,90,#4376E6
222,71,90,#4373E6
223,71,90,#4371E6
224,71,90,#436EE6
225,71,90,#436BE6
226,71,90,#4369E6
227,71,90,#4366E6
228,71,90,#4363E6
229,71,90,#4360E6
230,71,90,#435EE6
231,71,90,#435BE6
232,71,90,#4358E6
233,71,90,#4356E6
234,71,90,#4353E6
235,71,90,#4350E6
236,71,90,#434DE6
237,71,90,#434BE6
238,71,90,#4348E6
239,71,90,#4345E6
240,71,90,#4343E6
241,71,90,#4543E6
242,71,90,#4843E6
243,71,90,#4B43E6
244,71,90,#4D43E6
245,71,90,#5043E6
246,71,90,#5343E6
247,71,90,#5643E6
248,71,90,#5843E6
249,71,90,#5B43E6
250,71,90,#5E43E6
251,71,90,#6043E6
252,71,90,#6343E6
253,71,90,#6643E6
254,71,90,#6943E6
255,71,90,#6B43E6
256,71,90,#6E43E6
257,71,90,#7143E6
258,71,90,#7343E6
259,71,90,#7643E6
260,71,90,#7943E6
261,71,90,#7C43E6
262,71,90,#7E43E6
263,71,90,#8143E6
264,71,90,#8443E6
265,71,90,#8643E6
266,71,90,#8943E6
267,71,90,#8C43E6
268,71,90,#8F43E6
269,71,90,#9143E6
270,71,90,#9443E6
271,71,90,#9743E6
272,71,90,#9943E6
273,71,90,#9C43E6
274,71,90,#9F43E6
275,71,90,#A243E6
276,71,90,#A443E6
277,71,90,#A743E6
278,71,90,#AA43E6
279,71,90,#AC43E6
280,71,90,#AF43E6
281,71,90,#B243E6
282,71,90,#B543E6
283,71,90,#B743E6
284,71,90,#BA43E6
285,71,90,#BD43E6
286,71,90,#BF43E6
287,71,90,#C243E6
288,71,90,#C543E6
289,71,90,#C843E6
290,71,90,#CA43E6
291,71,90,#CD43E6
292,71,90,#D043E6
293,71,90,#D243E6
294,71,90,#D543E6
295,71,90,#D843E6
296,71,90,#DB43E6
297,71,90,#DD43E6
298,71,90,#E043E6
299,71,90,#E343E6
300,71,90,#E643E6
301,71,90,#E643E3
302,71,90,#E643E0
303,71,90,#E643DD
304,71,90,#E643DB
305,71,90,#E643D8
306,71,90,#E643D5
307,71,90,#E643D2
308,71,90,#E643D0
309,71,90,#E643CD
310,71,90,#E643CA
311,71,90,#E643C8
312,71,90,#E643C5
313,71,90,#E643C2
314,71,90,#E643BF
315,71,90,#E643BD
316,71,90,#E643BA
317,71,90,#E643B7
318,71,90,#E643B5
319,71,90,#E643B2
320,71,90,#E643AF
321,71,90,#E643AC
322,71,90,#E643AA
323,71,90,#E643A7
324,71,90,#E643A4
325,71,90,#E643A2
326,71,90,#E6439F
327,71,90,#E6439C
328,71,90,#E64399
329,71,90,#E64397
330,71,90,#E64394
331,71,90,#E64391
332,71,90,#E6438F
333,71,90,#E6438C
334,71,90,#E64389
335,71,90,#E64386
336,71,90,#E64384
337,71,90,#E64381
338,71,90,#E6437E
339,71,90,#E6437C
340,71,90,#E64379
341,71,90,#E64376
342,71,90,#E64373
343,71,90,#E64371
344,71,90,#E6436E
345,71,90,#E6436B
346,71,90,#E64369
347,71,90,#E64366
348,71,90,#E64363
349,71,90,#E64360
350,71,90,#E6435E
351,71,90,#E6435B
352,71,90,#E64358
353,71,90,#E64356
354,71,90,#E64353
355,71,90,#E64350
356,71,90,#E6434D
357,71,90,#E6434B
358,71,90,#E64348
359,71,90,#E64345
0,70,90,#E64545
1,70,90,#E64845
2,70,90,#E64A45
3,70,90,#E64D45
4,70,90,#E65045
5,70,90,#E65245
6,70,90,#E65545
7,70,90,#E65845
8,70,90,#E65A45
9,70,90,#E65D45
10,70,90,#E66045
11,70,90,#E66245
12,70,90,#E66545
13,70,90,#E66845
14,70,90,#E66A45
15,70,90,#E66D45
16,70,90,#E67045
17,70,90,#E67245
18,70,90,#E67545
19,70,90,#E67845
20,70,90,#E67A45
21,70,90,#E67D45
22,70,90,#E68045
23,70,90,#E68245
24,70,90,#E68545
25,70,90,#E68845
26,70,90,#E68A45
27,70,90,#E68D45
28,70,90,#E69045
29,70,90,#E69245
30,70,90,#E69545
31,70,90,#E69845
32,70,90,#E69B45
33,70,90,#E69D45
34,70,90,#E6A045
35,70,90,#E6A345
36,70,90,#E6A545
37,70,90,#E6A845
38,70,90,#E6AB45
39,70,90,#E6AD45
40,70,90,#E6B045
41,70,90,#E6B345
42,70,90,#E6B545
43,70,90,#E6B845
44,70,90,#E6BB45
45,70,90,#E6BD45
46,70,90,#E6C045
47,70,90,#E6C345
48,70,90,#E6C545
49,70,90,#E6C845
50,70,90,#E6CB45
51,70,90,#E6CD45
52,70,90,#E6D045
53,70,90,#E6D345
54,70,90,#E6D545
55,70,90,#E6D845
56,70,90,#E6DB45
57,70,90,#E6DD45
58,70,90,#E6E045
59,70,90,#E6E345
60,70,90,#E6E645
61,70,90,#E3E645
62,70,90,#E0E645
63,70,90,#DDE645
64,70,90,#DBE645
65,70,90,#D8E645
66,70,90,#D5E645
67,70,90,#D3E645
68,70,90,#D0E645
69,70,90,#CDE645
70,70,90,#CBE645
71,70,90,#C8E645
72,70,90,#C5E645
73,70,90,#C3E645
74,70,90,#C0E645
75,70,90,#BDE645
76,70,90,#BBE645
77,70,90,#B8E645
78,70,90,#B5E645
79,70,90,#B3E645
80,70,90,#B0E645
81,70,90,#ADE645
82,70,90,#ABE645
83,70,90,#A8E645
84,70,90,#A5E645
85,70,90,#A3E645
86,70,90,#A0E645
87,70,90,#9DE645
88,70,90,#9BE645
89,70,90,#98E645
90,70,90,#95E645
91,70,90,#92E645
92,70,90,#90E645
93,70,90,#8DE645
94,70,90,#8AE645
95,70,90,#88E645
96,70,90,#85E645
97,70,90,#82E645
98,70,90,#80E645
99,70,90,#7DE645
100,70,90,#7AE645
101,70,90,#78E645
102,70,90,#75E645
103,70,90,#72E645
104,70,90,#70E645
105,70,90,#6DE645
106,70,90,#6AE645
107,70,90,#68E645
108,70,90,#65E645
109,70,90,#62E645
110,70,90,#60E645
111,70,90,#5DE645
112,70,90,#5AE645
113,70,90,#58E645
114,70,90,#55E645
115,70,90,#52E645
116,70,90,#50E645
117,70,90,#4DE645
118,70,90,#4AE645
119,70,90,#48E645
120,70,90,#45E645
121,70,90,#45E648
122,70,90,#45E64A
123,70,90,#45E64D
124,70,90,#45E650
125,70,90,#45E652
126,70,90,#45E655
127,70,90,#45E658
128,70,90,#45E65A
129,70,90,#45E65D
130,70,90,#45E660
131,70,90,#45E662
132,70,90,#45E665
133,70,90,#45E668
134,70,90,#45E66A
135,70,90,#45E66D
136,70,90,#45E670
137,70,90,#45E672
138,70,90,#45E675
139,70,90,#45E678
140,70,90,#45E67A
141,70,90,#45E67D
142,70,90,#45E680
143,70,90,#45E682
144,70,90,#45E685
145,70,90,#45E688
146,70,90,#45E68A
147,70,90,#45E68D
148,70,90,#45E690
149,70,90,#45E692
150,70,90,#45E695
151,70,90,#45E698
152,70,90,#45E69B
153,70,90,#45E69D
154,70,90,#45E6A0
155,70,90,#45E6A3
156,70,90,#45E6A5
157,70,90,#45E6A8
158,70,90,#45E6AB
159,70,90,#45E6AD
160,70,90,#45E6B0
161,70,90,#45E6B3
162,70,90,#45E6B5
163,70,90,#45E6B8
164,70,90,#45E6BB
165,70,90,#45E6BD
166,70,90,#45E6C0
167,70,90,#45E6C3
168,70,90,#45E6C5
169,70,90,#45E6C8
170,70,90,#45E6CB
171,70,90,#45E6CD
172,70,90,#45E6D0
173,70,90,#45E6D3
174,70,90,#45E6D5
175,70,90,#45E6D8
176,70,90,#45E6DB
177,70,90,#45E6DD
178,70,90,#45E6E0
179,70,90,#45E6E3
180,70,90,#45E6E6
181,70,90,#45E3E6
182,70,90,#45E0E6
183,70,90,#45DDE6
184,70,90,#45DBE6
185,70,90,#45D8E6
186,70,90,#45D5E6
187,70,90,#45D3E6
188,70,90,#45D0E6
189,70,90,#45CDE6
190,70,90,#45CBE6
191,70,90,#45C8E6
192,70,90,#45C5E6
193,70,90,#45C3E6
194,70,90,#45C0E6
195,70,90,#45BDE6
196,70,90,#45BBE6
197,70,90,#45B8E6
198,70,90,#45B5E6
199,70,90,#45B3E6
200,70,90,#45B0E6
201,70,90,#45ADE6
202,70,90,#45ABE6
203,70,90,#45A8E6
204,70,90,#45A5E6
205,70,90,#45A3E6
206,70,90,#45A0E6
207,70,90,#459DE6
208,70,90,#459BE6
209,70,90,#4598E6
210,70,90,#4595E6
211,70,90,#4592E6
212,70,90,#4590E6
213,70,90,#458DE6
214,70,90,#458AE6
215,70,90,#4588E6
216,70,90,#4585E6
217,70,90,#4582E6
218,70,90,#4580E6
219,70,90,#457DE6
220,70,90,#457AE6
221,70,90,#4578E6
222,70,90,#4575E6
223,70,90,#4572E6
224,70,90,#4570E6
225,70,90,#456DE6
226,70,90,#456AE6
227,70,90,#4568E6
228,70,90,#4565E6
229,70,90,#4562E6
230,70,90,#4560E6
231,70,90,#455DE6
232,70,90,#455AE6
233,70,90,#4558E6
234,70,90,#4555E6
235,70,90,#4552E6
236,70,90,#4550E6
237,70,90,#454DE6
238,70,90,#454AE6
239,70,90,#4548E6
240,70,90,#4545E6
241,70,90,#4845E6
242,70,90,#4A45E6
243,70,90,#4D45E6
244,70,90,#5045E6
245,70,90,#5245E6
246,70,90,#5545E6
247,70,90,#5845E6
248,70,90,#5A45E6
249,70,90,#5D45E6
250,70,90,#6045E6
251,70,90,#6245E6
252,70,90,#6545E6
253,70,90,#6845E6
254,70,90,#6A45E6
255,70,90,#6D45E6
256,70,90,#7045E6
257,70,90,#7245E6
258,70,90,#7545E6
259,70,90,#7845E6
260,70,90,#7A45E6
261,70,90,#7D45E6
262,70,90,#8045E6
263,70,90,#8245E6
264,70,90,#8545E6
265,70,90,#8845E6
266,70,90,#8A45E6
267,70,90,#8D45E6
268,70,90,#9045E6
269,70,90,#9245E6
270,70,90,#9545E6
271,70,90,#9845E6
272,70,90,#9B45E6
273,70,90,#9D45E6
274,70,90,#A045E6
275,70,90,#A345E6
276,70,90,#A545E6
277,70,90,#A845E6
278,70,90,#AB45E6
279,70,90,#AD45E6
280,70,90,#B045E6
281,70,90,#B345E6
282,70,90,#B545E6
283,70,90,#B845E6
284,70,90,#BB45E6
285,70,90,#BD45E6
286,70,90,#C045E6
287,70,90,#C345E6
288,70,90,#C545E6
289,70,90,#C845E6
290,70,90,#CB45E6
291,70,90,#CD45E6
292,70,90,#D045E6
293,70,90,#D345E6
294,70,90,#D545E6
295,70,90,#D845E6
296,70,90,#DB45E6
297,70,90,#DD45E6
298,70,90,#E045E6
299,70,90,#E345E6
300,70,90,#E645E6
301,70,90,#E645E3
302,70,90,#E645E0
303,70,90,#E645DD
304,70,90,#E645DB
305,70,90,#E645D8
306,70,90,#E645D5
307,70,90,#E645D3
308,70,90,#E645D0
309,70,90,#E645CD
310,70,90,#E645CB
311,70,90,#E645C8
312,70,90,#E645C5
313,70,90,#E645C3
314,70,90,#E645C0
315,70,90,#E645BD
316,70,90,#E645BB
317,70,90,#E645B8
318,70,90,#E645B5
319,70,90,#E645B3
320,70,90,#E645B0
321,70,90,#E645AD
322,70,90,#E645AB
323,70,90,#E645A8
324,70,90,#E645A5
325,70,90,#E645A3
326,70,90,#E645A0
327,70,90,#E6459D
328,70,90,#E6459B
329,70,90,#E64598
330,70,90,#E64595
331,70,90,#E64592
332,70,90,#E64590
333,70,90,#E6458D
334,70,90,#E6458A
335,70,90,#E64588
336,70,90,#E64585
337,70,90,#E64582
338,70,90,#E64580
339,70,90,#E6457D
340,70,90,#E6457A
341,70,90,#E64578
342,70,90,#E64575
343,70,90,#E64572
344,70,90,#E64570
345,70,90,#E6456D
346,70,90,#E6456A
347,70,90,#E64568
348,70,90,#E64565
349,70,90,#E64562
350,70,90,#E64560
351,70,90,#E6455D
352,70,90,#E6455A
353,70,90,#E64558
354,70,90,#E64555
355,70,90,#E64552
356,70,90,#E64550
357,70,90,#E6454D
358,70,90,#E6454A
359,70,90,#E64548
0,69,90,#E64747
1,69,90,#E64A47
2,69,90,#E64C47
3,69,90,#E64F47
4,69,90,#E65247
5,69,90,#E65447
6,69,90,#E65747
7,69,90,#E65A47
8,69,90,#E65C47
9,69,90,#E65F47
10,69,90,#E66247
11,69,90,#E66447
12,69,90,#E66747
13,69,90,#E66947
14,69,90,#E66C47
15,69,90,#E66F47
16,69,90,#E67147
17,69,90,#E67447
18,69,90,#E67747
19,69,90,#E67947
20,69,90,#E67C47
21,69,90,#E67F47
22,69,90,#E68147
23,69,90,#E68447
24,69,90,#E68647
25,69,90,#E68947
26,69,90,#E68C47
27,69,90,#E68E47
28,69,90,#E69147
29,69,90,#E69447
30,69,90,#E69647
31,69,90,#E69947
32,69,90,#E69C47
33,69,90,#E69E47
34,69,90,#E6A147
35,69,90,#E6A447
36,69,90,#E6A647
37,69,90,#E6A947
38,69,90,#E6AB47
39,69,90,#E6AE47
40,69,90,#E6B147
41,69,90,#E6B347
42,69,90,#E6B647
43,69,90,#E6B947
44,69,90,#E6BB47
45,69,90,#E6BE47
46,69,90,#E6C147
47,69,90,#E6C347
48,69,90,#E6C647
49,69,90,#E6C847
50,69,90,#E6CB47
51,69,90,#E6CE47
52,69,90,#E6D047
53,69,90,#E6D347
54,69,90,#E6D647
55,69,90,#E6D847
56,69,90,#E6DB47
57,69,90,#E6DE47
58,69,90,#E6E047
59,69,90,#E6E347
60,69,90,#E6E647
61,69,90,#E3E647
62,69,90,#E0E647
63,69,90,#DEE647
64,69,90,#DBE647
65,69,90,#D8E647
66,69,90,#D6E647
67,69,90,#D3E647
68,69,90,#D0E647
69,69,90,#CEE647
70,69,90,#CBE647
71,69,90,#C8E647
72,69,90,#C6E647
73,69,90,#C3E647
74,69,90,#C1E647
75,69,90,#BEE647
76,69,90,#BBE647
77,69,90,#B9E647
78,69,90,#B6E647
79,69,90,#B3E647
80,69,90,#B1E647
81,69,90,#AEE647
82,69,90,#ABE647
83,69,90,#A9E647
84,69,90,#A6E647
85,69,90,#A4E647
86,69,90,#A1E647
87,69,90,#9EE647
88,69,90,#9CE647
89,69,90,#99E647
90,69,90,#96E647
91,69,90,#94E647
92,69,90,#91E647
93,69,90,#8EE647
94,69,90,#8CE647
95,69,90,#89E647
96,69,90,#86E647
97,69,90,#84E647
98,69,90,#81E647
99,69,90,#7FE647
100,69,90,#7CE647
101,69,90,#79E647
102,69,90,#77E647
103,69,90,#74E647
104,69,90,#71E647
105,69,90,#6FE647
106,69,90,#6CE647
107,69,90,#69E647
108,69,90,#67E647
109,69,90,#64E647
110,69,90,#62E647
111,69,90,#5FE647
112,69,90,#5CE647
113,69,90,#5AE647
114,69,90,#57E647
115,69,90,#54E647
116,69,90,#52E647
117,69,90,#4FE647
118,69,90,#4CE647
119,69,90,#4AE647
120,69,90,#47E647
121,69,90,#47E64A
122,69,90,#47E64C
123,69,90,#47E64F
124,69,90,#47E652
125,69,90,#47E654
126,69,90,#47E657
127,69,90,#47E65A
128,69,90,#47E65C
129,69,90,#47E65F
130,69,90,#47E662
131,69,90,#47E664
132,69,90,#47E667
133,69,90,#47E669
134,69,90,#47E66C
135,69,90,#47E66F
136,69,90,#47E671
137,69,90,#47E674
138,69,90,#47E677
139,69,90,#47E679
140,69,90,#47E67C
141,69,90,#47E67F
142,69,90,#47E681
143,69,90,#47E684
144,69,90,#47E686
145,69,90,#47E689
146,69,90,#47E68C
147,69,90,#47E68E
148,69,90,#47E691
149,69,90,#47E694
150,69,90,#47E696
151,69,90,#47E699
152,69,90,#47E69C
153,69,90,#47E69E
154,69,90,#47E6A1
155,69,90,#47E6A4
156,69,90,#47E6A6
157,69,90,#47E6A9
158,69,90,#47E6AB
159,69,90,#47E6AE
160,69,90,#47E6B1
161,69,90,#47E6B3
162,69,90,#47E6B6
163,69,90,#47E6B9
164,69,90,#47E6BB
165,69,90,#47E6BE
166,69,90,#47E6C1
167,69,90,#47E6C3
168,69,90,#47E6C6
169,69,90,#47E6C8
170,69,90,#47E6CB
171,69,90,#47E6CE
172,69,90,#47E6D0
173,69,90,#47E6D3
174,69,90,#47E6D6
175,69,90,#47E6D8
176,69,90,#47E6DB
177,69,90,#47E6DE
178,69,90,#47E6E0
179,69,90,#47E6E3
180,69,90,#47E6E6
181,69,90,#47E3E6
182,69,90,#47E0E6
183,69,90,#47DEE6
184,69,90,#47DBE6
185,69,90,#47D8E6
186,69,90,#47D6E6
187,69,90,#47D3E6
188,69,90,#47D0E6
189,69,90,#47CEE6
190,69,90,#47CBE6
191,69,90,#47C8E6
192,69,90,#47C6E6
193,69,90,#47C3E6
194,69,90,#47C1E6
195,69,90,#47BEE6
196,69,90,#47BBE6
197,69,90,#47B9E6
198,69,90,#47B6E6
199,69,90,#47B3E6
200,69,90,#47B1E6
201,69,90,#47AEE6
202,69,90,#47ABE6
203,69,90,#47A9E6
204,69,90,#47A6E6
205,69,90,#47A4E6
206,69,90,#47A1E6
207,69,90,#479EE6
208,69,90,#479CE6
209,69,90,#4799E6
210,69,90,#4796E6
211,69,90,#4794E6
212,69,90,#4791E6
213,69,90,#478EE6
214,69,90,#478CE6
215,69,90,#4789E6
216,69,90,#4786E6
217,69,90,#4784E6
218,69,90,#4781E6
219,69,90,#477FE6
220,69,90,#477CE6
221,69,90,#4779E6
222,69,90,#4777E6
223,69,90,#4774E6
224,69,90,#4771E6
225,69,90,#476FE6
226,69,90,#476CE6
227,69,90,#4769E6
228,69,90,#4767E6
229,69,90,#4764E6
230,69,90,#4762E6
231,69,90,#475FE6
232,69,90,#475CE6
233,69,90,#475AE6
234,69,90,#4757E6
235,69,90,#4754E6
236,69,90,#4752E6
237,69,90,#474FE6
238,69,90,#474CE6
239,69,90,#474AE6
240,69,90,#4747E6
241,69,90,#4A47E6
242,69,90,#4C47E6
243,69,90,#4F47E6
244,69,90,#5247E6
245,69,90,#5447E6
246,69,90,#5747E6
247,69,90,#5A47E6
248,69,90,#5C47E6
249,69,90,#5F47E6
250,69,90,#6247E6
251,69,90,#6447E6
252,69,90,#6747E6
253,69,90,#6947E6
254,69,90,#6C47E6
255,69,90,#6F47E6
256,69,90,#7147E6
257,69,90,#7447E6
258,69,90,#7747E6
259,69,90,#7947E6
260,69,90,#7C47E6
261,69,90,#7F47E6
262,69,90,#8147E6
263,69,90,#8447E6
264,69,90,#8647E6
265,69,90,#8947E6
266,69,90,#8C47E6
267,69,90,#8E47E6
268,69,90,#9147E6
269,69,90,#9447E6
270,69,90,#9647E6
271,69,90,#9947E6
272,69,90,#9C47E6
273,69,90,#9E47E6
274,69,90,#A147E6
275,69,90,#A447E6
276,69,90,#A647E6
277,69,90,#A947E6
278,69,90,#AB47E6
279,69,90,#AE47E6
280,69,90,#B147E6
281,69,90,#B347E6
282,69,90,#B647E6
283,69,90,#B947E6
284,69,90,#BB47E6
285,69,90,#BE47E6
286,69,90,#C147E6
287,69,90,#C347E6
288,69,90,#C647E6
289,69,90,#C847E6
290,69,90,#CB47E6
291,69,90,#CE47E6
292,69,90,#D047E6
293,69,90,#D347E6
294,69,90,#D647E6
295,69,90,#D847E6
296,69,90,#DB47E6
297,69,90,#DE47E6
298,69,90,#E047E6
299,69,90,#E347E6
300,69,90,#E647E6
301,69,90,#E647E3
302,69,90,#E647E0
303,69,90,#E647DE
304,69,90,#E647DB
305,69,90,#E647D8
306,69,90,#E647D6
307,69,90,#E647D3
308,69,90,#E647D0
309,69,90,#E647CE
310,69,90,#E647CB
311,69,90,#E647C8
312,69,90,#E647C6
313,69,90,#E647C3
314,69,90,#E647C1
315,69,90,#E647BE
316,69,90,#E647BB
317,69,90,#E647B9
318,69,90,#E647B6
319,69,90,#E647B3
320,69,90,#E647B1
321,69,90,#E647AE
322,69,90,#E647AB
323,69,90,#E647A9
324,69,90,#E647A6
325,69,90,#E647A4
326,69,90,#E647A1
327,69,90,#E6479E
328,69,90,#E6479C
329,69,90,#E64799
330,69,90,#E64796
331,69,90,#E64794
332,69,90,#E64791
333,69,90,#E6478E
334,69,90,#E6478C
335,69,90,#E64789
336,69,90,#E64786
337,69,90,#E64784
338,69,90,#E64781
339,69,90,#E6477F
340,69,90,#E6477C
341,69,90,#E64779
342,69,90,#E64777
343,69,90,#E64774
344,69,90,#E64771
345,69,90,#E6476F
346,69,90,#E6476C
347,69,90,#E64769
348,69,90,#E64767
349,69,90,#E64764
350,69,90,#E64762
351,69,90,#E6475F
352,69,90,#E6475C
353,69,90,#E6475A
354,69,90,#E64757
355,69,90,#E64754
356,69,90,#E64752
357,69,90,#E6474F
358,69,90,#E6474C
359,69,90,#E6474A
0,68,90,#E64949
1,68,90,#E64C49
2,68,90,#E64F49
3,68,90,#E65149
4,68,90,#E65449
5,68,90,#E65649
6,68,90,#E65949
7,68,90,#E65C49
8,68,90,#E65E49
9,68,90,#E66149
10,68,90,#E66349
11,68,90,#E66649
12,68,90,#E66949
13,68,90,#E66B49
14,68,90,#E66E49
15,68,90,#E67049
16,68,90,#E67349
17,68,90,#E67649
18,68,90,#E67849
19,68,90,#E67B49
20,68,90,#E67D49
21,68,90,#E68049
22,68,90,#E68349
23,68,90,#E68549
24,68,90,#E68849
25,68,90,#E68A49
26,68,90,#E68D49
27,68,90,#E69049
28,68,90,#E69249
29,68,90,#E69549
30,68,90,#E69749
31,68,90,#E69A49
32,68,90,#E69D49
33,68,90,#E69F49
34,68,90,#E6A249
35,68,90,#E6A449
36,68,90,#E6A749
37,68,90,#E6AA49
38,68,90,#E6AC49
39,68,90,#E6AF49
40,68,90,#E6B149
41,68,90,#E6B449
42,68,90,#E6B749
43,68,90,#E6B949
44,68,90,#E6BC49
45,68,90,#E6BE49
46,68,90,#E6C149
47,68,90,#E6C449
48,68,90,#E6C649
49,68,90,#E6C949
50,68,90,#E6CB49
51,68,90,#E6CE49
52,68,90,#E6D149
53,68,90,#E6D349
54,68,90,#E6D649
55,68,90,#E6D849
56,68,90,#E6DB49
57,68,90,#E6DE49
58,68,90,#E6E049
59,68,90,#E6E349
60,68,90,#E6E649
61,68,90,#E3E649
62,68,90,#E0E649
63,68,90,#DEE649
64,68,90,#DBE649
65,68,90,#D8E649
66,68,90,#D6E649
67,68,90,#D3E649
68,68,90,#D1E649
69,68,90,#CEE649
70,68,90,#CBE649
71,68,90,#C9E649
72,68,90,#C6E649
73,68,90,#C4E649
74,68,90,#C1E649
75,68,90,#BEE649
76,68,90,#BCE649
77,68,90,#B9E649
78,68,90,#B7E649
79,68,90,#B4E649
80,68,90,#B1E649
81,68,90,#AFE649
82,68,90,#ACE649
83,68,90,#AAE649
84,68,90,#A7E649
85,68,90,#A4E649
86,68,90,#A2E649
87,68,90,#9FE649
88,68,90,#9DE649
89,68,90,#9AE649
90,68,90,#97E649
91,68,90,#95E649
92,68,90,#92E649
93,68,90,#90E649
94,68,90,#8DE649
95,68,90,#8AE649
96,68,90,#88E649
97,68,90,#85E649
98,68,90,#83E649
99,68,90,#80E649
100,68,90,#7DE649
101,68,90,#7BE649
102,68,90,#78E649
103,68,90,#76E649
104,68,90,#73E649
105,68,90,#70E649
106,68,90,#6EE649
107,68,90,#6BE649
108,68,90,#69E649
109,68,90,#66E649
110,68,90,#63E649
111,68,90,#61E649
112,68,90,#5EE649
113,68,90,#5CE649
114,68,90,#59E649
115,68,90,#56E649
116,68,90,#54E649
117,68,90,#51E649
118,68,90,#4FE649
119,68,90,#4CE649
120,68,90,#49E649
121,68,90,#49E64C
122,68,90,#49E64F
123,68,90,#49E651
124,68,90,#49E654
125,68,90,#49E656
126,68,90,#49E659
127,68,90,#49E65C
128,68,90,#49E65E
129,68,90,#49E661
130,68,90,#49E663
131,68,90,#49E666
132,68,90,#49E669
133,68,90,#49E66B
134,68,90,#49E66E
135,68,90,#49E670
136,68,90,#49E673
137,68,90,#49E676
138,68,90,#49E678
139,68,90,#49E67B
140,68,90,#49E67D
141,68,90,#49E680
142,68,90,#49E683
143,68,90,#49E685
144,68,90,#49E688
145,68,90,#49E68A
146,68,90,#49E68D
147,68,90,#49E690
148,68,90,#49E692
149,68,90,#49E695
150,68,90,#49E697
151,68,90,#49E69A
152,68,90,#49E69D
153,68,90,#49E69F
154,68,90,#49E6A2
155,68,90,#49E6A4
156,68,90,#49E6A7
157,68,90,#49E6AA
158,68,90,#49E6AC
159,68,90,#49E6AF
160,68,90,#49E6B1
161,68,90,#49E6B4
162,68,90,#49E6B7
163,68,90,#49E6B9
164,68,90,#49E6BC
165,68,90,#49E6BE
166,68,90,#49E6C1
167,68,90,#49E6C4
168,68,90,#49E6C6
169,68,90,#49E6C9
170,68,90,#49E6CB
171,68,90,#49E6CE
172,68,90,#49E6D1
173,68,90,#49E6D3
174,68,90,#49E6D6
175,68,90,#49E6D8
176,68,90,#49E6DB
177,68,90,#49E6DE
178,68,90,#49E6E0
179,68,90,#49E6E3
180,68,90,#49E6E6
181,68,90,#49E3E6
182,68,90,#49E0E6
183,68,90,#49DEE6
184,68,90,#49DBE6
185,68,90,#49D8E6
186,68,90,#49D6E6
187,68,90,#49D3E6
188,68,90,#49D1E6
189,68,90,#49CEE6
190,68,90,#49CBE6
191,68,90,#49C9E6
192,68,90,#49C6E6
193,68,90,#49C4E6
194,68,90,#49C1E6
195,68,90,#49BEE6
196,68,90,#49BCE6
197,68,90,#49B9E6
198,68,90,#49B7E6
199,68,90,#49B4E6
200,68,90,#49B1E6
201,68,90,#49AFE6
202,68,90,#49ACE6
203,68,90,#49AAE6
204,68,90,#49A7E6
205,68,90,#49A4E6
206,68,90,#49A2E6
207,68,90,#499FE6
208,68,90,#499DE6
209,68,90,#499AE6
210,68,90,#4997E6
211,68,90,#4995E6
212,68,90,#4992E6
213,68,90,#4990E6
214,68,90,#498DE6
215,68,90,#498AE6
216,68,90,#4988E6
217,68,90,#4985E6
218,68,90,#4983E6
219,68,90,#4980E6
220,68,90,#497DE6
221,68,90,#497BE6
222,68,90,#4978E6
223,68,90,#4976E6
224,68,90,#4973E6
225,68,90,#4970E6
226,68,90,#496EE6
227,68,90,#496BE6
228,68,90,#4969E6
229,68,90,#4966E6
230,68,90,#4963E6
231,68,90,#4961E6
232,68,90,#495EE6
233,68,90,#495CE6
234,68,90,#4959E6
235,68,90,#4956E6
236,68,90,#4954E6
237,68,90,#4951E6
238,68,90,#494FE6
239,68,90,#494CE6
240,68,90,#4949E6
241,68,90,#4C49E6
242,68,90,#4F49E6
243,68,90,#5149E6
244,68,90,#5449E6
245,68,90,#5649E6
246,68,90,#5949E6
247,68,90,#5C49E6
248,68,90,#5E49E6
249,68,90,#6149E6
250,68,90,#6349E6
251,68,90,#6649E6
252,68,90,#6949E6
253,68,90,#6B49E6
254,68,90,#6E49E6
255,68,90,#7049E6
256,68,90,#7349E6
257,68,90,#7649E6
258,68,90,#7849E6
259,68,90,#7B49E6
260,68,90,#7D49E6
261,68,90,#8049E6
262,68,90,#8349E6
263,68,90,#8549E6
264,68,90,#8849E6
265,68,90,#8A49E6
266,68,90,#8D49E6
267,68,90,#9049E6
268,68,90,#9249E6
269,68,90,#9549E6
270,68,90,#9749E6
271,68,90,#9A49E6
272,68,90,#9D49E6
273,68,90,#9F49E6
274,68,90,#A249E6
275,68,90,#A449E6
276,68,90,#A749E6
277,68,90,#AA49E6
278,68,90,#AC49E6
279,68,90,#AF49E6
280,68,90,#B149E6
281,68,90,#B449E6
282,68,90,#B749E6
283,68,90,#B949E6
284,68,90,#BC49E6
285,68,90,#BE49E6
286,68,90,#C149E6
287,68,90,#C449E6
288,68,90,#C649E6
289,68,90,#C949E6
290,68,90,#CB49E6
291,68,90,#CE49E6
292,68,90,#D149E6
293,68,90,#D349E6
294,68,90,#D649E6
295,68,90,#D849E6
296,68,90,#DB49E6
297,68,90,#DE49E6
298,68,90,#E049E6
299,68,90,#E349E6
300,68,90,#E649E6
301,68,90,#E649E3
302,68,90,#E649E0
303,68,90,#E649DE
304,68,90,#E649DB
305,68,90,#E649D8
306,68,90,#E649D6
307,68,90,#E649D3
308,68,90,#E649D1
309,68,90,#E649CE
310,68,90,#E649CB
311,68,90,#E649C9
312,68,90,#E649C6
313,68,90,#E649C4
314,68,90,#E649C1
315,68,90,#E649BE
316,68,90,#E649BC
317,68,90,#E649B9
318,68,90,#E649B7
319,68,90,#E649B4
320,68,90,#E649B1
321,68,90,#E649AF
322,68,90,#E649AC
323,68,90,#E649AA
324,68,90,#E649A7
325,68,90,#E649A4
326,68,90,#E649A2
327,68,90,#E6499F
328,68,90,#E6499D
329,68,90,#E6499A
330,68,90,#E64997
331,68,90,#E64995
332,68,90,#E64992
333,68,90,#E64990
334,68,90,#E6498D
335,68,90,#E6498A
336,68,90,#E64988
337,68,90,#E64985
338,68,90,#E64983
339,68,90,#E64980
340,68,90,#E6497D
341,68,90,#E6497B
342,68,90,#E64978
343,68,90,#E64976
344,68,90,#E64973
345,68,90,#E64970
346,68,90,#E6496E
347,68,90,#E6496B
348,68,90,#E64969
349,68,90,#E64966
350,68,90,#E64963
351,68,90,#E64961
352,68,90,#E6495E
353,68,90,#E6495C
354,68,90,#E64959
355,68,90,#E64956
356,68,90,#E64954
357,68,90,#E64951
358,68,90,#E6494F
359,68,90,#E6494C
0,67,90,#E64C4C
1,67,90,#E64E4C
2,67,90,#E6514C
3,67,90,#E6534C
4,67,90,#E6564C
5,67,90,#E6594C
6,67,90,#E65B4C
7,67,90,#E65E4C
8,67,90,#E6604C
9,67,90,#E6634C
10,67,90,#E6654C
11,67,90,#E6684C
12,67,90,#E66A4C
13,67,90,#E66D4C
14,67,90,#E6704C
15,67,90,#E6724C
16,67,90,#E6754C
17,67,90,#E6774C
18,67,90,#E67A4C
19,67,90,#E67C4C
20,67,90,#E67F4C
21,67,90,#E6824C
22,67,90,#E6844C
23,67,90,#E6874C
24,67,90,#E6894C
25,67,90,#E68C4C
26,67,90,#E68E4C
27,67,90,#E6914C
28,67,90,#E6934C
29,67,90,#E6964C
30,67,90,#E6994C
31,67,90,#E69B4C
32,67,90,#E69E4C
33,67,90,#E6A04C
34,67,90,#E6A34C
35,67,90,#E6A54C
36,67,90,#E6A84C
37,67,90,#E6AB4C
38,67,90,#E6AD4C
39,67,90,#E6B04C
40,67,90,#E6B24C
41,67,90,#E6B54C
42,67,90,#E6B74C
43,67,90,#E6BA4C
44,67,90,#E6BC4C
45,67,90,#E6BF4C
46,67,90,#E6C24C
47,67,90,#E6C44C
48,67,90,#E6C74C
49,67,90,#E6C94C
50,67,90,#E6CC4C
51,67,90,#E6CE4C
52,67,90,#E6D14C
53,67,90,#E6D44C
54,67,90,#E6D64C
55,67,90,#E6D94C
56,67,90,#E6DB4C
57,67,90,#E6DE4C
58,67,90,#E6E04C
59,67,90,#E6E34C
60,67,90,#E6E64C
61,67,90,#E3E64C
62,67,90,#E0E64C
63,67,90,#DEE64C
64,67,90,#DBE64C
65,67,90,#D9E64C
66,67,90,#D6E64C
67,67,90,#D4E64C
68,67,90,#D1E64C
69,67,90,#CEE64C
70,67,90,#CCE64C
71,67,90,#C9E64C
72,67,90,#C7E64C
73,67,90,#C4E64C
74,67,90,#C2E64C
75,67,90,#BFE64C
76,67,90,#BCE64C
77,67,90,#BAE64C
78,67,90,#B7E64C
79,67,90,#B5E64C
80,67,90,#B2E64C
81,67,90,#B0E64C
82,67,90,#ADE64C
83,67,90,#ABE64C
84,67,90,#A8E64C
85,67,90,#A5E64C
86,67,90,#A3E64C
87,67,90,#A0E64C
88,67,90,#9EE64C
89,67,90,#9BE64C
90,67,90,#99E64C
91,67,90,#96E64C
92,67,90,#93E64C
93,67,90,#91E64C
94,67,90,#8EE64C
95,67,90,#8CE64C
96,67,90,#89E64C
97,67,90,#87E64C
98,67,90,#84E64C
99,67,90,#82E64C
100,67,90,#7FE64C
101,67,90,#7CE64C
102,67,90,#7AE64C
103,67,90,#77E64C
104,67,90,#75E64C
105,67,90,#72E64C
106,67,90,#70E64C
107,67,90,#6DE64C
108,67,90,#6AE64C
109,67,90,#68E64C
110,67,90,#65E64C
111,67,90,#63E64C
112,67,90,#60E64C
113,67,90,#5EE64C
114,67,90,#5BE64C
115,67,90,#59E64C
116,67,90,#56E64C
117,67,90,#53E64C
118,67,90,#51E64C
119,67,90,#4EE64C
120,67,90,#4CE64C
121,67,90,#4CE64E
122,67,90,#4CE651
123,67,90,#4CE653
124,67,90,#4CE656
125,67,90,#4CE659
126,67,90,#4CE65B
127,67,90,#4CE65E
128,67,90,#4CE660
129,67,90,#4CE663
130,67,90,#4CE665
131,67,90,#4CE668
132,67,90,#4CE66A
133,67,90,#4CE66D
134,67,90,#4CE670
135,67,90,#4CE672
136,67,90,#4CE675
137,67,90,#4CE677
138,67,90,#4CE67A
139,67,90,#4CE67C
140,67,90,#4CE67F
141,67,90,#4CE682
142,67,90,#4CE684
143,67,90,#4CE687
144,67,90,#4CE689
145,67,90,#4CE68C
146,67,90,#4CE68E
147,67,90,#4CE691
148,67,90,#4CE693
149,67,90,#4CE696
150,67,90,#4CE699
151,67,90,#4CE69B
152,67,90,#4CE69E
153,67,90,#4CE6A0
154,67,90,#4CE6A3
155,67,90,#4CE6A5
156,67,90,#4CE6A8
157,67,90,#4CE6AB
158,67,90,#4CE6AD
159,67,90,#4CE6B0
160,67,90,#4CE6B2
161,67,90,#4CE6B5
162,67,90,#4CE6B7
163,67,90,#4CE6BA
164,67,90,#4CE6BC
165,67,90,#4CE6BF
166,67,90,#4CE6C2
167,67,90,#4CE6C4
168,67,90,#4CE6C7
169,67,90,#4CE6C9
170,67,90,#4CE6CC
171,67,90,#4CE6CE
172,67,90,#4CE6D1
173,67,90,#4CE6D4
174,67,90,#4CE6D6
175,67,90,#4CE6D9
176,67,90,#4CE6DB
177,67,90,#4CE6DE
178,67,90,#4CE6E0
179,67,90,#4CE6E3
180,67,90,#4CE6E6
181,67,90,#4CE3E6
182,67,90,#4CE0E6
183,67,90,#4CDEE6
184,67,90,#4CDBE6
185,67,90,#4CD9E6
186,67,90,#4CD6E6
187,67,90,#4CD4E6
188,67,90,#4CD1E6
189,67,90,#4CCEE6
190,67,90,#4CCCE6
191,67,90,#4CC9E6
192,67,90,#4CC7E6
193,67,90,#4CC4E6
194,67,90,#4CC2E6
195,67,90,#4CBFE6
196,67,90,#4CBCE6
197,67,90,#4CBAE6
198,67,90,#4CB7E6
199,67,90,#4CB5E6
200,67,90,#4CB2E6
201,67,90,#4CB0E6
202,67,90,#4CADE6
203,67,90,#4CABE6
204,67,90,#4CA8E6
205,67,90,#4CA5E6
206,67,90,#4CA3E6
207,67,90,#4CA0E6
208,67,90,#4C9EE6
209,67,90,#4C9BE6
210,67,90,#4C99E6
211,67,90,#4C96E6
212,67,90,#4C93E6
213,67,90,#4C91E6
214,67,90,#4C8EE6
215,67,90,#4C8CE6
216,67,90,#4C89E6
217,67,90,#4C87E6
218,67,90,#4C84E6
219,67,90,#4C82E6
220,67,90,#4C7FE6
221,67,90,#4C7CE6
222,67,90,#4C7AE6
223,67,90,#4C77E6
224,67,90,#4C75E6
225,67,90,#4C72E6
226,67,90,#4C70E6
227,67,90,#4C6DE6
228,67,90,#4C6AE6
229,67,90,#4C68E6
230,67,90,#4C65E6
231,67,90,#4C63E6
232,67,90,#4C60E6
233,67,90,#4C5EE6
234,67,90,#4C5BE6
235,67,90,#4C59E6
236,67,90,#4C56E6
237,67,90,#4C53E6
238,67,90,#4C51E6
239,67,90,#4C4EE6
240,67,90,#4C4CE6
241,67,90,#4E4CE6
242,67,90,#514CE6
243,67,90,#534CE6
244,67,90,#564CE6
245,67,90,#594CE6
246,67,90,#5B4CE6
247,67,90,#5E4CE6
248,67,90,#604CE6
249,67,90,#634CE6
250,67,90,#654CE6
251,67,90,#684CE6
252,67,90,#6A4CE6
253,67,90,#6D4CE6
254,67,90,#704CE6
255,67,90,#724CE6
256,67,90,#754CE6
257,67,90,#774CE6
258,67,90,#7A4CE6
259,67,90,#7C4CE6
260,67,90,#7F4CE6
261,67,90,#824CE6
262,67,90,#844CE6
263,67,90,#874CE6
264,67,90,#894CE6
265,67,90,#8C4CE6
266,67,90,#8E4CE6
267,67,90,#914CE6
268,67,90,#934CE6
269,67,90,#964CE6
270,67,90,#994CE6
271,67,90,#9B4CE6
272,67,90,#9E4CE6
273,67,90,#A04CE6
274,67,90,#A34CE6
275,67,90,#A54CE6
276,67,90,#A84CE6
277,67,90,#AB4CE6
278,67,90,#AD4CE6
279,67,90,#B04CE6
280,67,90,#B24CE6
281,67,90,#B54CE6
282,67,90,#B74CE6
283,67,90,#BA4CE6
284,67,90,#BC4CE6
285,67,90,#BF4CE6
286,67,90,#C24CE6
287,67,90,#C44CE6
288,67,90,#C74CE6
289,67,90,#C94CE6
290,67,90,#CC4CE6
291,67,90,#CE4CE6
292,67,90,#D14CE6
293,67,90,#D44CE6
294,67,90,#D64CE6
295,67,90,#D94CE6
296,67,90,#DB4CE6
297,67,90,#DE4CE6
298,67,90,#E04CE6
299,67,90,#E34CE6
300,67,90,#E64CE6
301,67,90,#E64CE3
302,67,90,#E64CE0
303,67,90,#E64CDE
304,67,90,#E64CDB
305,67,90,#E64CD9
306,67,90,#E64CD6
307,67,90,#E64CD4
308,67,90,#E64CD1
309,67,90,#E64CCE
310,67,90,#E64CCC
311,67,90,#E64CC9
312,67,90,#E64CC7
313,67,90,#E64CC4
314,67,90,#E64CC2
315,67,90,#E64CBF
316,67,90,#E64CBC
317,67,90,#E64CBA
318,67,90,#E64CB7
319,67,90,#E64CB5
320,67,90,#E64CB2
321,67,90,#E64CB0
322,67,90,#E64CAD
323,67,90,#E64CAB
324,67,90,#E64CA8
325,67,90,#E64CA5
326,67,90,#E64CA3
327,67,90,#E64CA0
328,67,90,#E64C9E
329,67,90,#E64C9B
330,67,90,#E64C99
331,67,90,#E64C96
332,67,90,#E64C93
333,67,90,#E64C91
334,67,90,#E64C8E
335,67,90,#E64C8C
336,67,90,#E64C89
337,67,90,#E64C87
338,67,90,#E64C84
339,67,90,#E64C82
340,67,90,#E64C7F
341,67,90,#E64C7C
342,67,90,#E64C7A
343,67,90,#E64C77
344,67,90,#E64C75
345,67,90,#E64C72
346,67,90,#E64C70
347,67,90,#E64C6D
348,67,90,#E64C6A
349,67,90,#E64C68
350,67,90,#E64C65
351,67,90,#E64C63
352,67,90,#E64C60
353,67,90,#E64C5E
354,67,90,#E64C5B
355,67,90,#E64C59
356,67,90,#E64C56
357,67,90,#E64C53
358,67,90,#E64C51
359,67,90,#E64C4E
0,66,90,#E64E4E
1,66,90,#E6514E
2,66,90,#E6534E
3,66,90,#E6564E
4,66,90,#E6584E
5,66,90,#E65B4E
6,66,90,#E65D4E
7,66,90,#E6604E
8,66,90,#E6624E
9,66,90,#E6654E
10,66,90,#E6674E
11,66,90,#E66A4E
12,66,90,#E66C4E
13,66,90,#E66F4E
14,66,90,#E6714E
15,66,90,#E6744E
16,66,90,#E6764E
17,66,90,#E6794E
18,66,90,#E67B4E
19,66,90,#E67E4E
20,66,90,#E6814E
21,66,90,#E6834E
22,66,90,#E6864E
23,66,90,#E6884E
24,66,90,#E68B4E
25,66,90,#E68D4E
26,66,90,#E6904E
27,66,90,#E6924E
28,66,90,#E6954E
29,66,90,#E6974E
30,66,90,#E69A4E
31,66,90,#E69C4E
32,66,90,#E69F4E
33,66,90,#E6A14E
34,66,90,#E6A44E
35,66,90,#E6A64E
36,66,90,#E6A94E
37,66,90,#E6AB4E
38,66,90,#E6AE4E
39,66,90,#E6B04E
40,66,90,#E6B34E
41,66,90,#E6B64E
42,66,90,#E6B84E
43,66,90,#E6BB4E
44,66,90,#E6BD4E
45,66,90,#E6C04E
46,66,90,#E6C24E
47,66,90,#E6C54E
48,66,90,#E6C74E
49,66,90,#E6CA4E
50,66,90,#E6CC4E
51,66,90,#E6CF4E
52,66,90,#E6D14E
53,66,90,#E6D44E
54,66,90,#E6D64E
55,66,90,#E6D94E
56,66,90,#E6DB4E
57,66,90,#E6DE4E
58,66,90,#E6E04E
59,66,90,#E6E34E
60,66,90,#E6E64E
61,66,90,#E3E64E
62,66,90,#E0E64E
63,66,90,#DEE64E
64,66,90,#DBE64E
65,66,90,#D9E64E
66,66,90,#D6E64E
67,66,90,#D4E64E
68,66,90,#D1E64E
69,66,90,#CFE64E
70,66,90,#CCE64E
71,66,90,#CAE64E
72,66,90,#C7E64E
73,66,90,#C5E64E
74,66,90,#C2E64E
75,66,90,#C0E64E
76,66,90,#BDE64E
77,66,90,#BBE64E
78,66,90,#B8E64E
79,66,90,#B6E64E
80,66,90,#B3E64E
81,66,90,#B0E64E
82,66,90,#AEE64E
83,66,90,#ABE64E
84,66,90,#A9E64E
85,66,90,#A6E64E
86,66,90,#A4E64E
87,66,90,#A1E64E
88,66,90,#9FE64E
89,66,90,#9CE64E
90,66,90,#9AE64E
91,66,90,#97E64E
92,66,90,#95E64E
93,66,90,#92E64E
94,66,90,#90E64E
95,66,90,#8DE64E
96,66,90,#8BE64E
97,66,90,#88E64E
98,66,90,#86E64E
99,66,90,#83E64E
100,66,90,#81E64E
101,66,90,#7EE64E
102,66,90,#7BE64E
103,66,90,#79E64E
104,66,90,#76E64E
105,66,90,#74E64E
106,66,90,#71E64E
107,66,90,#6FE64E
108,66,90,#6CE64E
109,66,90,#6AE64E
110,66,90,#67E64E
111,66,90,#65E64E
112,66,90,#62E64E
113,66,90,#60E64E
114,66,90,#5DE64E
115,66,90,#5BE64E
116,66,90,#58E64E
117,66,90,#56E64E
118,66,90,#53E64E
119,66,90,#51E64E
120,66,90,#4EE64E
121,66,90,#4EE651
122,66,90,#4EE653
123,66,90,#4EE656
124,66,90,#4EE658
125,66,90,#4EE65B
126,66,90,#4EE65D
127,66,90,#4EE660
128,66,90,#4EE662
129,66,90,#4EE665
130,66,90,#4EE667
131,66,90,#4EE66A
132,66,90,#4EE66C
133,66,90,#4EE66F
134,66,90,#4EE671
135,66,90,#4EE674
136,66,90,#4EE676
137,66,90,#4EE679
138,66,90,#4EE67B
139,66,90,#4EE67E
140,66,90,#4EE681
141,66,90,#4EE683
142,66,90,#4EE686
143,66,90,#4EE688
144,66,90,#4EE68B
145,66,90,#4EE68D
146,66,90,#4EE690
147,66,90,#4EE692
148,66,90,#4EE695
149,66,90,#4EE697
150,66,90,#4EE69A
151,66,90,#4EE69C
152,66,90,#4EE69F
153,66,90,#4EE6A1
154,66,90,#4EE6A4
155,66,90,#4EE6A6
156,66,90,#4EE6A9
157,66,90,#4EE6AB
158,66,90,#4EE6AE
159,66,90,#4EE6B0
160,66,90,#4EE6B3
161,66,90,#4EE6B6
162,66,90,#4EE6B8
163,66,90,#4EE6BB
164,66,90,#4EE6BD
165,66,90,#4EE6C0
166,66,90,#4EE6C2
167,66,90,#4EE6C5
168,66,90,#4EE6C7
169,66,90,#4EE6CA
170,66,90,#4EE6CC
171,66,90,#4EE6CF
172,66,90,#4EE6D1
173,66,90,#4EE6D4
174,66,90,#4EE6D6
175,66,90,#4EE6D9
176,66,90,#4EE6DB
177,66,90,#4EE6DE
178,66,90,#4EE6E0
179,66,90,#4EE6E3
180,66,90,#4EE6E6
181,66,90,#4EE3E6
182,66,90,#4EE0E6
183,66,90,#4EDEE6
184,66,90,#4EDBE6
185,66,90,#4ED9E6
186,66,90,#4ED6E6
187,66,90,#4ED4E6
188,66,90,#4ED1E6
189,66,90,#4ECFE6
190,66,90,#4ECCE6
191,66,90,#4ECAE6
192,66,90,#4EC7E6
193,66,90,#4EC5E6
194,66,90,#4EC2E6
195,66,90,#4EC0E6
196,66,90,#4EBDE6
197,66,90,#4EBBE6
198,66,90,#4EB8E6
199,66,90,#4EB6E6
200,66,90,#4EB3E6
201,66,90,#4EB0E6
202,66,90,#4EAEE6
203,66,90,#4EABE6
204,66,90,#4EA9E6
205,66,90,#4EA6E6
206,66,90,#4EA4E6
207,66,90,#4EA1E6
208,66,90,#4E9FE6
209,66,90,#4E9CE6
210,66,90,#4E9AE6
211,66,90,#4E97E6
212,66,90,#4E95E6
213,66,90,#4E92E6
214,66,90,#4E90E6
215,66,90,#4E8DE6
216,66,90,#4E8BE6
217,66,90,#4E88E6
218,66,90,#4E86E6
219,66,90,#4E83E6
220,66,90,#4E81E6
221,66,90,#4E7EE6
222,66,90,#4E7BE6
223,66,90,#4E79E6
224,66,90,#4E76E6
225,66,90,#4E74E6
226,66,90,#4E71E6
227,66,90,#4E6FE6
228,66,90,#4E6CE6
229,66,90,#4E6AE6
230,66,90,#4E67E6
231,66,90,#4E65E6
232,66,90,#4E62E6
233,66,90,#4E60E6
234,66,90,#4E5DE6
235,66,90,#4E5BE6
236,66,90,#4E58E6
237,66,90,#4E56E6
238,66,90,#4E53E6
239,66,90,#4E51E6
240,66,90,#4E4EE6
241,66,90,#514EE6
242,66,90,#534EE6
243,66,90,#564EE6
244,66,90,#584EE6
245,66,90,#5B4EE6
246,66,90,#5D4EE6
247,66,90,#604EE6
248,66,90,#624EE6
249,66,90,#654EE6
250,66,90,#674EE6
251,66,90,#6A4EE6
252,66,90,#6C4EE6
253,66,90,#6F4EE6
254,66,90,#714EE6
255,66,90,#744EE6
256,66,90,#764EE6
257,66,90,#794EE6
258,66,90,#7B4EE6
259,66,90,#7E4EE6
260,66,90,#814EE6
261,66,90,#834EE6
262,66,90,#864EE6
263,66,90,#884EE6
264,66,90,#8B4EE6
265,66,90,#8D4EE6
266,66,90,#904EE6
267,66,90,#924EE6
268,66,90,#954EE6
269,66,90,#974EE6
270,66,90,#9A4EE6
271,66,90,#9C4EE6
272,66,90,#9F4EE6
273,66,90,#A14EE6
274,66,90,#A44EE6
275,66,90,#A64EE6
276,66,90,#A94EE6
277,66,90,#AB4EE6
278,66,90,#AE4EE6
279,66,90,#B04EE6
280,66,90,#B34EE6
281,66,90,#B64EE6
282,66,90,#B84EE6
283,66,90,#BB4EE6
284,66,90,#BD4EE6
285,66,90,#C04EE6
286,66,90,#C24EE6
287,66,90,#C54EE6
288,66,90,#C74EE6
289,66,90,#CA4EE6
290,66,90,#CC4EE6
291,66,90,#CF4EE6
292,66,90,#D14EE6
293,66,90,#D44EE6
294,66,90,#D64EE6
295,66,90,#D94EE6
296,66,90,#DB4EE6
297,66,90,#DE4EE6
298,66,90,#E04EE6
299,66,90,#E34EE6
300,66,90,#E64EE6
301,66,90,#E64EE3
302,66,90,#E64EE0
303,66,90,#E64EDE
304,66,90,#E64EDB
305,66,90,#E64ED9
306,66,90,#E64ED6
307,66,90,#E64ED4
308,66,90,#E64ED1
309,66,90,#E64ECF
310,66,90,#E64ECC
311,66,90,#E64ECA
312,66,90,#E64EC7
313,66,90,#E64EC5
314,66,90,#E64EC2
315,66,90,#E64EC0
316,66,90,#E64EBD
317,66,90,#E64EBB
318,66,90,#E64EB8
319,66,90,#E64EB6
320,66,90,#E64EB3
321,66,90,#E64EB0
322,66,90,#E64EAE
323,66,90,#E64EAB
324,66,90,#E64EA9
325,66,90,#E64EA6
326,66,90,#E64EA4
327,66,90,#E64EA1
328,66,90,#E64E9F
329,66,90,#E64E9C
330,66,90,#E64E9A
331,66,90,#E64E97
332,66,90,#E64E95
333,66,90,#E64E92
334,66,90,#E64E90
335,66,90,#E64E8D
336,66,90,#E64E8B
337,66,90,#E64E88
338,66,90,#E64E86
339,66,90,#E64E83
340,66,90,#E64E81
341,66,90,#E64E7E
342,66,90,#E64E7B
343,66,90,#E64E79
344,66,90,#E64E76
345,66,90,#E64E74
346,66,90,#E64E71
347,66,90,#E64E6F
348,66,90,#E64E6C
349,66,90,#E64E6A
350,66,90,#E64E67
351,66,90,#E64E65
352,66,90,#E64E62
353,66,90,#E64E60
354,66,90,#E64E5D
355,66,90,#E64E5B
356,66,90,#E64E58
357,66,90,#E64E56
358,66,90,#E64E53
359,66,90,#E64E51
0,65,90,#E65050
1,65,90,#E65350
2,65,90,#E65550
3,65,90,#E65850
4,65,90,#E65A50
5,65,90,#E65D50
6,65,90,#E65F50
7,65,90,#E66250
8,65,90,#E66450
9,65,90,#E66750
10,65,90,#E66950
11,65,90,#E66C50
12,65,90,#E66E50
13,65,90,#E67150
14,65,90,#E67350
15,65,90,#E67650
16,65,90,#E67850
17,65,90,#E67B50
18,65,90,#E67D50
19,65,90,#E68050
20,65,90,#E68250
21,65,90,#E68550
22,65,90,#E68750
23,65,90,#E68A50
24,65,90,#E68C50
25,65,90,#E68E50
26,65,90,#E69150
27,65,90,#E69350
28,65,90,#E69650
29,65,90,#E69850
30,65,90,#E69B50
31,65,90,#E69D50
32,65,90,#E6A050
33,65,90,#E6A250
34,65,90,#E6A550
35,65,90,#E6A750
36,65,90,#E6AA50
37,65,90,#E6AC50
38,65,90,#E6AF50
39,65,90,#E6B150
40,65,90,#E6B450
41,65,90,#E6B650
42,65,90,#E6B950
43,65,90,#E6BB50
44,65,90,#E6BE50
45,65,90,#E6C050
46,65,90,#E6C350
47,65,90,#E6C550
48,65,90,#E6C850
49,65,90,#E6CA50
50,65,90,#E6CD50
51,65,90,#E6CF50
52,65,90,#E6D250
53,65,90,#E6D450
54,65,90,#E6D750
55,65,90,#E6D950
56,65,90,#E6DC50
57,65,90,#E6DE50
58,65,90,#E6E150
59,65,90,#E6E350
60,65,90,#E6E650
61,65,90,#E3E650
62,65,90,#E1E650
63,65,90,#DEE650
64,65,90,#DCE650
65,65,90,#D9E650
66,65,90,#D7E650
67,65,90,#D4E650
68,65,90,#D2E650
69,65,90,#CFE650
70,65,90,#CDE650
71,65,90,#CAE650
72,65,90,#C8E650
73,65,90,#C5E650
74,65,90,#C3E650
75,65,90,#C0E650
76,65,90,#BEE650
77,65,90,#BBE650
78,65,90,#B9E650
79,65,90,#B6E650
80,65,90,#B4E650
81,65,90,#B1E650
82,65,90,#AFE650
83,65,90,#ACE650
84,65,90,#AAE650
85,65,90,#A7E650
86,65,90,#A5E650
87,65,90,#A2E650
88,65,90,#A0E650
89,65,90,#9DE650
90,65,90,#9BE650
91,65,90,#98E650
92,65,90,#96E650
93,65,90,#93E650
94,65,90,#91E650
95,65,90,#8EE650
96,65,90,#8CE650
97,65,90,#8AE650
98,65,90,#87E650
99,65,90,#85E650
100,65,90,#82E650
101,65,90,#80E650
102,65,90,#7DE650
103,65,90,#7BE650
104,65,90,#78E650
105,65,90,#76E650
106,65,90,#73E650
107,65,90,#71E650
108,65,90,#6EE650
109,65,90,#6CE650
110,65,90,#69E650
111,65,90,#67E650
112,65,90,#64E650
113,65,90,#62E650
114,65,90,#5FE650
115,65,90,#5DE650
116,65,90,#5AE650
117,65,90,#58E650
118,65,90,#55E650
119,65,90,#53E650
120,65,90,#50E650
121,65,90,#50E653
122,65,90,#50E655
123,65,90,#50E658
124,65,90,#50E65A
125,65,90,#50E65D
126,65,90,#50E65F
127,65,90,#50E662
128,65,90,#50E664
129,65,90,#50E667
130,65,90,#50E669
131,65,90,#50E66C
132,65,90,#50E66E
133,65,90,#50E671
134,65,90,#50E673
135,65,90,#50E676
136,65,90,#50E678
137,65,90,#50E67B
138,65,90,#50E67D
139,65,90,#50E680
140,65,90,#50E682
141,65,90,#50E685
142,65,90,#50E687
143,65,90,#50E68A
144,65,90,#50E68C
145,65,90,#50E68E
146,65,90,#50E691
147,65,90,#50E693
148,65,90,#50E696
149,65,90,#50E698
150,65,90,#50E69B
151,65,90,#50E69D
152,65,90,#50E6A0
153,65,90,#50E6A2
154,65,90,#50E6A5
155,65,90,#50E6A7
156,65,90,#50E6AA
157,65,90,#50E6AC
158,65,90,#50E6AF
159,65,90,#50E6B1
160,65,90,#50E6B4
161,65,90,#50E6B6
162,65,90,#50E6B9
163,65,90,#50E6BB
164,65,90,#50E6BE
165,65,90,#50E6C0
166,65,90,#50E6C3
167,65,90,#50E6C5
168,65,90,#50E6C8
169,65,90,#50E6CA
170,65,90,#50E6CD
171,65,90,#50E6CF
172,65,90,#50E6D2
173,65,90,#50E6D4
174,65,90,#50E6D7
175,65,90,#50E6D9
176,65,90,#50E6DC
177,65,90,#50E6DE
178,65,90,#50E6E1
179,65,90,#50E6E3
180,65,90,#50E6E6
181,65,90,#50E3E6
182,65,90,#50E1E6
183,65,90,#50DEE6
184,65,90,#50DCE6
185,65,90,#50D9E6
186,65,90,#50D7E6
187,65,90,#50D4E6
188,65,90,#50D2E6
189,65,90,#50CFE6
190,65,90,#50CDE6
191,65,90,#50CAE6
192,65,90,#50C8E6
193,65,90,#50C5E6
194,65,90,#50C3E6
195,65,90,#50C0E6
196,65,90,#50BEE6
197,65,90,#50BBE6
198,65,90,#50B9E6
199,65,90,#50B6E6
200,65,90,#50B4E6
201,65,90,#50B1E6
202,65,90,#50AFE6
203,65,90,#50ACE6
204,65,90,#50AAE6
205,65,90,#50A7E6
206,65,90,#50A5E6
207,65,90,#50A2E6
208,65,90,#50A0E6
209,65,90,#509DE6
210,65,90,#509BE6
211,65,90,#5098E6
212,65,90,#5096E6
213,65,90,#5093E6
214,65,90,#5091E6
215,65,90,#508EE6
216,65,90,#508CE6
217,65,90,#508AE6
218,65,90,#5087E6
219,65,90,#5085E6
220,65,90,#5082E6
221,65,90,#5080E6
222,65,90,#507DE6
223,65,90,#507BE6
224,65,90,#5078E6
225,65,90,#5076E6
226,65,90,#5073E6
227,65,90,#5071E6
228,65,90,#506EE6
229,65,90,#506CE6
230,65,90,#5069E6
231,65,90,#5067E6
232,65,90,#5064E6
233,65,90,#5062E6
234,65,90,#505FE6
235,65,90,#505DE6
236,65,90,#505AE6
237,65,90,#5058E6
238,65,90,#5055E6
239,65,90,#5053E6
240,65,90,#5050E6
241,65,90,#5350E6
242,65,90,#5550E6
243,65,90,#5850E6
244,65,90,#5A50E6
245,65,90,#5D50E6
246,65,90,#5F50E6
247,65,90,#6250E6
248,65,90,#6450E6
249,65,90,#6750E6
250,65,90,#6950E6
251,65,90,#6C50E6
252,65,90,#6E50E6
253,65,90,#7150E6
254,65,90,#7350E6
255,65,90,#7650E6
256,65,90,#7850E6
257,65,90,#7B50E6
258,65,90,#7D50E6
259,65,90,#8050E6
260,65,90,#8250E6
261,65,90,#8550E6
262,65,90,#8750E6
263,65,90,#8A50E6
264,65,90,#8C50E6
265,65,90,#8E50E6
266,65,90,#9150E6
267,65,90,#9350E6
268,65,90,#9650E6
269,65,90,#9850E6
270,65,90,#9B50E6
271,65,90,#9D50E6
272,65,90,#A050E6
273,65,90,#A250E6
274,65,90,#A550E6
275,65,90,#A750E6
276,65,90,#AA50E6
277,65,90,#AC50E6
278,65,90,#AF50E6
279,65,90,#B150E6
280,65,90,#B450E6
281,65,90,#B650E6
282,65,90,#B950E6
283,65,90,#BB50E6
284,65,90,#BE50E6
285,65,90,#C050E6
286,65,90,#C350E6
287,65,90,#C550E6
288,65,90,#C850E6
289,65,90,#CA50E6
290,65,90,#CD50E6
291,65,90,#CF50E6
292,65,90,#D250E6
293,65,90,#D450E6
294,65,90,#D750E6
295,65,90,#D950E6
296,65,90,#DC50E6
297,65,90,#DE50E6
298,65,90,#E150E6
299,65,90,#E350E6
300,65,90,#E650E6
301,65,90,#E650E3
302,65,90,#E650E1
303,65,90,#E650DE
304,65,90,#E650DC
305,65,90,#E650D9
306,65,90,#E650D7
307,65,90,#E650D4
308,65,90,#E650D2
309,65,90,#E650CF
310,65,90,#E650CD
311,65,90,#E650CA
312,65,90,#E650C8
313,65,90,#E650C5
314,65,90,#E650C3
315,65,90,#E650C0
316,65,90,#E650BE
317,65,90,#E650BB
318,65,90,#E650B9
319,65,90,#E650B6
320,65,90,#E650B4
321,65,90,#E650B1
322,65,90,#E650AF
323,65,90,#E650AC
324,65,90,#E650AA
325,65,90,#E650A7
326,65,90,#E650A5
327,65,90,#E650A2
328,65,90,#E650A0
329,65,90,#E6509D
330,65,90,#E6509B
331,65,90,#E65098
332,65,90,#E65096
333,65,90,#E65093
334,65,90,#E65091
335,65,90,#E6508E
336,65,90,#E6508C
337,65,90,#E6508A
338,65,90,#E65087
339,65,90,#E65085
340,65,90,#E65082
341,65,90,#E65080
342,65,90,#E6507D
343,65,90,#E6507B
344,65,90,#E65078
345,65,90,#E65076
346,65,90,#E65073
347,65,90,#E65071
348,65,90,#E6506E
349,65,90,#E6506C
350,65,90,#E65069
351,65,90,#E65067
352,65,90,#E65064
353,65,90,#E65062
354,65,90,#E6505F
355,65,90,#E6505D
356,65,90,#E6505A
357,65,90,#E65058
358,65,90,#E65055
359,65,90,#E65053
0,64,90,#E65353
1,64,90,#E65553
2,64,90,#E65853
3,64,90,#E65A53
4,64,90,#E65C53
5,64,90,#E65F53
6,64,90,#E66153
7,64,90,#E66453
8,64,90,#E66653
9,64,90,#E66953
10,64,90,#E66B53
11,64,90,#E66E53
12,64,90,#E67053
13,64,90,#E67253
14,64,90,#E67553
15,64,90,#E67753
16,64,90,#E67A53
17,64,90,#E67C53
18,64,90,#E67F53
19,64,90,#E68153
20,64,90,#E68453
21,64,90,#E68653
22,64,90,#E68853
23,64,90,#E68B53
24,64,90,#E68D53
25,64,90,#E69053
26,64,90,#E69253
27,64,90,#E69553
28,64,90,#E69753
29,64,90,#E69A53
30,64,90,#E69C53
31,64,90,#E69F53
32,64,90,#E6A153
33,64,90,#E6A353
34,64,90,#E6A653
35,64,90,#E6A853
36,64,90,#E6AB53
37,64,90,#E6AD53
38,64,90,#E6B053
39,64,90,#E6B253
40,64,90,#E6B553
41,64,90,#E6B753
42,64,90,#E6B953
43,64,90,#E6BC53
44,64,90,#E6BE53
45,64,90,#E6C153
46,64,90,#E6C353
47,64,90,#E6C653
48,64,90,#E6C853
49,64,90,#E6CB53
50,64,90,#E6CD53
51,64,90,#E6CF53
52,64,90,#E6D253
53,64,90,#E6D453
54,64,90,#E6D753
55,64,90,#E6D953
56,64,90,#E6DC53
57,64,90,#E6DE53
58,64,90,#E6E153
59,64,90,#E6E353
60,64,90,#E6E653
61,64,90,#E3E653
62,64,90,#E1E653
63,64,90,#DEE653
64,64,90,#DCE653
65,64,90,#D9E653
66,64,90,#D7E653
67,64,90,#D4E653
68,64,90,#D2E653
69,64,90,#CFE653
70,64,90,#CDE653
71,64,90,#CBE653
72,64,90,#C8E653
73,64,90,#C6E653
74,64,90,#C3E653
75,64,90,#C1E653
76,64,90,#BEE653
77,64,90,#BCE653
78,64,90,#B9E653
79,64,90,#B7E653
80,64,90,#B5E653
81,64,90,#B2E653
82,64,90,#B0E653
83,64,90,#ADE653
84,64,90,#ABE653
85,64,90,#A8E653
86,64,90,#A6E653
87,64,90,#A3E653
88,64,90,#A1E653
89,64,90,#9FE653
90,64,90,#9CE653
91,64,90,#9AE653
92,64,90,#97E653
93,64,90,#95E653
94,64,90,#92E653
95,64,90,#90E653
96,64,90,#8DE653
97,64,90,#8BE653
98,64,90,#88E653
99,64,90,#86E653
100,64,90,#84E653
101,64,90,#81E653
102,64,90,#7FE653
103,64,90,#7CE653
104,64,90,#7AE653
105,64,90,#77E653
106,64,90,#75E653
107,64,90,#72E653
108,64,90,#70E653
109,64,90,#6EE653
110,64,90,#6BE653
111,64,90,#69E653
112,64,90,#66E653
113,64,90,#64E653
114,64,90,#61E653
115,64,90,#5FE653
116,64,90,#5CE653
117,64,90,#5AE653
118,64,90,#58E653
119,64,90,#55E653
120,64,90,#53E653
121,64,90,#53E655
122,64,90,#53E658
123,64,90,#53E65A
124,64,90,#53E65C
125,64,90,#53E65F
126,64,90,#53E661
127,64,90,#53E664
128,64,90,#53E666
129,64,90,#53E669
130,64,90,#53E66B
131,64,90,#53E66E
132,64,90,#53E670
133,64,90,#53E672
134,64,90,#53E675
135,64,90,#53E677
136,64,90,#53E67A
137,64,90,#53E67C
138,64,90,#53E67F
139,64,90,#53E681
140,64,90,#53E684
141,64,90,#53E686
142,64,90,#53E688
143,64,90,#53E68B
144,64,90,#53E68D
145,64,90,#53E690
146,64,90,#53E692
147,64,90,#53E695
148,64,90,#53E697
149,64,90,#53E69A
150,64,90,#53E69C
151,64,90,#53E69F
152,64,90,#53E6A1
153,64,90,#53E6A3
154,64,90,#53E6A6
155,64,90,#53E6A8
156,64,90,#53E6AB
157,64,90,#53E6AD
158,64,90,#53E6B0
159,64,90,#53E6B2
160,64,90,#53E6B5
161,64,90,#53E6B7
162,64,90,#53E6B9
163,64,90,#53E6BC
164,64,90,#53E6BE
165,64,90,#53E6C1
166,64,90,#53E6C3
167,64,90,#53E6C6
168,64,90,#53E6C8
169,64,90,#53E6CB
170,64,90,#53E6CD
171,64,90,#53E6CF
172,64,90,#53E6D2
173,64,90,#53E6D4
174,64,90,#53E6D7
175,64,90,#53E6D9
176,64,90,#53E6DC
177,64,90,#53E6DE
178,64,90,#53E6E1
179,64,90,#53E6E3
180,64,90,#53E6E6
181,64,90,#53E3E6
182,64,90,#53E1E6
183,64,90,#53DEE6
184,64,90,#53DCE6
185,64,90,#53D9E6
186,64,90,#53D7E6
187,64,90,#53D4E6
188,64,90,#53D2E6
189,64,90,#53CFE6
190,64,90,#53CDE6
191,64,90,#53CBE6
192,64,90,#53C8E6
193,64,90,#53C6E6
194,64,90,#53C3E6
195,64,90,#53C1E6
196,64,90,#53BEE6
197,64,90,#53BCE6
198,64,90,#53B9E6
199,64,90,#53B7E6
200,64,90,#53B5E6
201,64,90,#53B2E6
202,64,90,#53B0E6
203,64,90,#53ADE6
204,64,90,#53ABE6
205,64,90,#53A8E6
206,64,90,#53A6E6
207,64,90,#53A3E6
208,64,90,#53A1E6
209,64,90,#539FE6
210,64,90,#539CE6
211,64,90,#539AE6
212,64,90,#5397E6
213,64,90,#5395E6
214,64,90,#5392E6
215,64,90,#5390E6
216,64,90,#538DE6
217,64,90,#538BE6
218,64,90,#5388E6
219,64,90,#5386E6
220,64,90,#5384E6
221,64,90,#5381E6
222,64,90,#537FE6
223,64,90,#537CE6
224,64,90,#537AE6
225,64,90,#5377E6
226,64,90,#5375E6
227,64,90,#5372E6
228,64,90,#5370E6
229,64,90,#536EE6
230,64,90,#536BE6
231,64,90,#5369E6
232,64,90,#5366E6
233,64,90,#5364E6
234,64,90,#5361E6
235,64,90,#535FE6
236,64,90,#535CE6
237,64,90,#535AE6
238,64,90,#5358E6
239,64,90,#5355E6
240,64,90,#5353E6
241,64,90,#5553E6
242,64,90,#5853E6
243,64,90,#5A53E6
244,64,90,#5C53E6
245,64,90,#5F53E6
246,64,90,#6153E6
247,64,90,#6453E6
248,64,90,#6653E6
249,64,90,#6953E6
250,64,90,#6B53E6
251,64,90,#6E53E6
252,64,90,#7053E6
253,64,90,#7253E6
254,64,90,#7553E6
255,64,90,#7753E6
256,64,90,#7A53E6
257,64,90,#7C53E6
258,64,90,#7F53E6
259,64,90,#8153E6
260,64,90,#8453E6
261,64,90,#8653E6
262,64,90,#8853E6
263,64,90,#8B53E6
264,64,90,#8D53E6
265,64,90,#9053E6
266,64,90,#9253E6
267,64,90,#9553E6
268,64,90,#9753E6
269,64,90,#9A53E6
270,64,90,#9C53E6
271,64,90,#9F53E6
272,64,90,#A153E6
273,64,90,#A353E6
274,64,90,#A653E6
275,64,90,#A853E6
276,64,90,#AB53E6
277,64,90,#AD53E6
278,64,90,#B053E6
279,64,90,#B253E6
280,64,90,#B553E6
281,64,90,#B753E6
282,64,90,#B953E6
283,64,90,#BC53E6
284,64,90,#BE53E6
285,64,90,#C153E6
286,64,90,#C353E6
287,64,90,#C653E6
288,64,90,#C853E6
289,64,90,#CB53E6
290,64,90,#CD53E6
291,64,90,#CF53E6
292,64,90,#D253E6
293,64,90,#D453E6
294,64,90,#D753E6
295,64,90,#D953E6
296,64,90,#DC53E6
297,64,90,#DE53E6
298,64,90,#E153E6
299,64,90,#E353E6
300,64,90,#E653E6
301,64,90,#E653E3
302,64,90,#E653E1
303,64,90,#E653DE
304,64,90,#E653DC
305,64,90,#E653D9
306,64,90,#E653D7
307,64,90,#E653D4
308,64,90,#E653D2
309,64,90,#E653CF
310,64,90,#E653CD
311,64,90,#E653CB
312,64,90,#E653C8
313,64,90,#E653C6
314,64,90,#E653C3
315,64,90,#E653C1
316,64,90,#E653BE
317,64,90,#E653BC
318,64,90,#E653B9
319,64,90,#E653B7
320,64,90,#E653B5
321,64,90,#E653B2
322,64,90,#E653B0
323,64,90,#E653AD
324,64,90,#E653AB
325,64,90,#E653A8
326,64,90,#E653A6
327,64,90,#E653A3
328,64,90,#E653A1
329,64,90,#E6539F
330,64,90,#E6539C
331,64,90,#E6539A
332,64,90,#E65397
333,64,90,#E65395
334,64,90,#E65392
335,64,90,#E65390
336,64,90,#E6538D
337,64,90,#E6538B
338,64,90,#E65388
339,64,90,#E65386
340,64,90,#E65384
341,64,90,#E65381
342,64,90,#E6537F
343,64,90,#E6537C
344,64,90,#E6537A
345,64,90,#E65377
346,64,90,#E65375
347,64,90,#E65372
348,64,90,#E65370
349,64,90,#E6536E
350,64,90,#E6536B
351,64,90,#E65369
352,64,90,#E65366
353,64,90,#E65364
354,64,90,#E65361
355,64,90,#E6535F
356,64,90,#E6535C
357,64,90,#E6535A
358,64,90,#E65358
359,64,90,#E65355
0,63,90,#E65555
1,63,90,#E65755
2,63,90,#E65A55
3,63,90,#E65C55
4,63,90,#E65F55
5,63,90,#E66155
6,63,90,#E66355
7,63,90,#E66655
8,63,90,#E66855
9,63,90,#E66B55
10,63,90,#E66D55
11,63,90,#E66F55
12,63,90,#E67255
13,63,90,#E67455
14,63,90,#E67755
15,63,90,#E67955
16,63,90,#E67B55
17,63,90,#E67E55
18,63,90,#E68055
19,63,90,#E68355
20,63,90,#E68555
21,63,90,#E68855
22,63,90,#E68A55
23,63,90,#E68C55
24,63,90,#E68F55
25,63,90,#E69155
26,63,90,#E69455
27,63,90,#E69655
28,63,90,#E69855
29,63,90,#E69B55
30,63,90,#E69D55
31,63,90,#E6A055
32,63,90,#E6A255
33,63,90,#E6A455
34,63,90,#E6A755
35,63,90,#E6A955
36,63,90,#E6AC55
37,63,90,#E6AE55
38,63,90,#E6B055
39,63,90,#E6B355
40,63,90,#E6B555
41,63,90,#E6B855
42,63,90,#E6BA55
43,63,90,#E6BD55
44,63,90,#E6BF55
45,63,90,#E6C155
46,63,90,#E6C455
47,63,90,#E6C655
48,63,90,#E6C955
49,63,90,#E6CB55
50,63,90,#E6CD55
51,63,90,#E6D055
52,63,90,#E6D255
53,63,90,#E6D555
54,63,90,#E6D755
55,63,90,#E6D955
56,63,90,#E6DC55
57,63,90,#E6DE55
58,63,90,#E6E155
59,63,90,#E6E355
60,63,90,#E6E655
61,63,90,#E3E655
62,63,90,#E1E655
63,63,90,#DEE655
64,63,90,#DCE655
65,63,90,#D9E655
66,63,90,#D7E655
67,63,90,#D5E655
68,63,90,#D2E655
69,63,90,#D0E655
70,63,90,#CDE655
71,63,90,#CBE655
72,63,90,#C9E655
73,63,90,#C6E655
74,63,90,#C4E655
75,63,90,#C1E655
76,63,90,#BFE655
77,63,90,#BDE655
78,63,90,#BAE655
79,63,90,#B8E655
80,63,90,#B5E655
81,63,90,#B3E655
82,63,90,#B0E655
83,63,90,#AEE655
84,63,90,#ACE655
85,63,90,#A9E655
86,63,90,#A7E655
87,63,90,#A4E655
88,63,90,#A2E655
89,63,90,#A0E655
90,63,90,#9DE655
91,63,90,#9BE655
92,63,90,#98E655
93,63,90,#96E655
94,63,90,#94E655
95,63,90,#91E655
96,63,90,#8FE655
97,63,90,#8CE655
98,63,90,#8AE655
99,63,90,#88E655
100,63,90,#85E655
101,63,90,#83E655
102,63,90,#80E655
103,63,90,#7EE655
104,63,90,#7BE655
105,63,90,#79E655
106,63,90,#77E655
107,63,90,#74E655
108,63,90,#72E655
109,63,90,#6FE655
110,63,90,#6DE655
111,63,90,#6BE655
112,63,90,#68E655
113,63,90,#66E655
114,63,90,#63E655
115,63,90,#61E655
116,63,90,#5FE655
117,63,90,#5CE655
118,63,90,#5AE655
119,63,90,#57E655
120,63,90,#55E655
121,63,90,#55E657
122,63,90,#55E65A
123,63,90,#55E65C
124,63,90,#55E65F
125,63,90,#55E661
126,63,90,#55E663
127,63,90,#55E666
128,63,90,#55E668
129,63,90,#55E66B
130,63,90,#55E66D
131,63,90,#55E66F
132,63,90,#55E672
133,63,90,#55E674
134,63,90,#55E677
135,63,90,#55E679
136,63,90,#55E67B
137,63,90,#55E67E
138,63,90,#55E680
139,63,90,#55E683
140,63,90,#55E685
141,63,90,#55E688
142,63,90,#55E68A
143,63,90,#55E68C
144,63,90,#55E68F
145,63,90,#55E691
146,63,90,#55E694
147,63,90,#55E696
148,63,90,#55E698
149,63,90,#55E69B
150,63,90,#55E69D
151,63,90,#55E6A0
152,63,90,#55E6A2
153,63,90,#55E6A4
154,63,90,#55E6A7
155,63,90,#55E6A9
156,63,90,#55E6AC
157,63,90,#55E6AE
158,63,90,#55E6B0
159,63,90,#55E6B3
160,63,90,#55E6B5
161,63,90,#55E6B8
162,63,90,#55E6BA
163,63,90,#55E6BD
164,63,90,#55E6BF
165,63,90,#55E6C1
166,63,90,#55E6C4
167,63,90,#55E6C6
168,63,90,#55E6C9
169,63,90,#55E6CB
170,63,90,#55E6CD
171,63,90,#55E6D0
172,63,90,#55E6D2
173,63,90,#55E6D5
174,63,90,#55E6D7
175,63,90,#55E6D9
176,63,90,#55E6DC
177,63,90,#55E6DE
178,63,90,#55E6E1
179,63,90,#55E6E3
180,63,90,#55E6E6
181,63,90,#55E3E6
182,63,90,#55E1E6
183,63,90,#55DEE6
184,63,90,#55DCE6
185,63,90,#55D9E6
186,63,90,#55D7E6
187,63,90,#55D5E6
188,63,90,#55D2E6
189,63,90,#55D0E6
190,63,90,#55CDE6
191,63,90,#55CBE6
192,63,90,#55C9E6
193,63,90,#55C6E6
194,63,90,#55C4E6
195,63,90,#55C1E6
196,63,90,#55BFE6
197,63,90,#55BDE6
198,63,90,#55BAE6
199,63,90,#55B8E6
200,63,90,#55B5E6
201,63,90,#55B3E6
202,63,90,#55B0E6
203,63,90,#55AEE6
204,63,90,#55ACE6
205,63,90,#55A9E6
206,63,90,#55A7E6
207,63,90,#55A4E6
208,63,90,#55A2E6
209,63,90,#55A0E6
210,63,90,#559DE6
211,63,90,#559BE6
212,63,90,#5598E6
213,63,90,#5596E6
214,63,90,#5594E6
215,63,90,#5591E6
216,63,90,#558FE6
217,63,90,#558CE6
218,63,90,#558AE6
219,63,90,#5588E6
220,63,90,#5585E6
221,63,90,#5583E6
222,63,90,#5580E6
223,63,90,#557EE6
224,63,90,#557BE6
225,63,90,#5579E6
226,63,90,#5577E6
227,63,90,#5574E6
228,63,90,#5572E6
229,63,90,#556FE6
230,63,90,#556DE6
231,63,90,#556BE6
232,63,90,#5568E6
233,63,90,#5566E6
234,63,90,#5563E6
235,63,90,#5561E6
236,63,90,#555FE6
237,63,90,#555CE6
238,63,90,#555AE6
239,63,90,#5557E6
240,63,90,#5555E6
241,63,90,#5755E6
242,63,90,#5A55E6
243,63,90,#5C55E6
244,63,90,#5F55E6
245,63,90,#6155E6
246,63,90,#6355E6
247,63,90,#6655E6
248,63,90,#6855E6
249,63,90,#6B55E6
250,63,90,#6D55E6
251,63,90,#6F55E6
252,63,90,#7255E6
253,63,90,#7455E6
254,63,90,#7755E6
255,63,90,#7955E6
256,63,90,#7B55E6
257,63,90,#7E55E6
258,63,90,#8055E6
259,63,90,#8355E6
260,63,90,#8555E6
261,63,90,#8855E6
262,63,90,#8A55E6
263,63,90,#8C55E6
264,63,90,#8F55E6
265,63,90,#9155E6
266,63,90,#9455E6
267,63,90,#9655E6
268,63,90,#9855E6
269,63,90,#9B55E6
270,63,90,#9D55E6
271,63,90,#A055E6
272,63,90,#A255E6
273,63,90,#A455E6
274,63,90,#A755E6
275,63,90,#A955E6
276,63,90,#AC55E6
277,63,90,#AE55E6
278,63,90,#B055E6
279,63,90,#B355E6
280,63,90,#B555E6
281,63,90,#B855E6
282,63,90,#BA55E6
283,63,90,#BD55E6
284,63,90,#BF55E6
285,63,90,#C155E6
286,63,90,#C455E6
287,63,90,#C655E6
288,63,90,#C955E6
289,63,90,#CB55E6
290,63,90,#CD55E6
291,63,90,#D055E6
292,63,90,#D255E6
293,63,90,#D555E6
294,63,90,#D755E6
295,63,90,#D955E6
296,63,90,#DC55E6
297,63,90,#DE55E6
298,63,90,#E155E6
299,63,90,#E355E6
300,63,90,#E655E6
301,63,90,#E655E3
302,63,90,#E655E1
303,63,90,#E655DE
304,63,90,#E655DC
305,63,90,#E655D9
306,63,90,#E655D7
307,63,90,#E655D5
308,63,90,#E655D2
309,63,90,#E655D0
310,63,90,#E655CD
311,63,90,#E655CB
312,63,90,#E655C9
313,63,90,#E655C6
314,63,90,#E655C4
315,63,90,#E655C1
316,63,90,#E655BF
317,63,90,#E655BD
318,63,90,#E655BA
319,63,90,#E655B8
320,63,90,#E655B5
321,63,90,#E655B3
322,63,90,#E655B0
323,63,90,#E655AE
324,63,90,#E655AC
325,63,90,#E655A9
326,63,90,#E655A7
327,63,90,#E655A4
328,63,90,#E655A2
329,63,90,#E655A0
330,63,90,#E6559D
331,63,90,#E6559B
332,63,90,#E65598
333,63,90,#E65596
334,63,90,#E65594
335,63,90,#E65591
336,63,90,#E6558F
337,63,90,#E6558C
338,63,90,#E6558A
339,63,90,#E65588
340,63,90,#E65585
341,63,90,#E65583
342,63,90,#E65580
343,63,90,#E6557E
344,63,90,#E6557B
345,63,90,#E65579
346,63,90,#E65577
347,63,90,#E65574
348,63,90,#E65572
349,63,90,#E6556F
350,63,90,#E6556D
351,63,90,#E6556B
352,63,90,#E65568
353,63,90,#E65566
354,63,90,#E65563
355,63,90,#E65561
356,63,90,#E6555F
357,63,90,#E6555C
358,63,90,#E6555A
359,63,90,#E65557
0,62,90,#E65757
1,62,90,#E65A57
2,62,90,#E65C57
3,62,90,#E65E57
4,62,90,#E66157
5,62,90,#E66357
6,62,90,#E66557
7,62,90,#E66857
8,62,90,#E66A57
9,62,90,#E66D57
10,62,90,#E66F57
11,62,90,#E67157
12,62,90,#E67457
13,62,90,#E67657
14,62,90,#E67857
15,62,90,#E67B57
16,62,90,#E67D57
17,62,90,#E68057
18,62,90,#E68257
19,62,90,#E68457
20,62,90,#E68757
21,62,90,#E68957
22,62,90,#E68B57
23,62,90,#E68E57
24,62,90,#E69057
25,62,90,#E69257
26,62,90,#E69557
27,62,90,#E69757
28,62,90,#E69A57
29,62,90,#E69C57
30,62,90,#E69E57
31,62,90,#E6A157
32,62,90,#E6A357
33,62,90,#E6A557
34,62,90,#E6A857
35,62,90,#E6AA57
36,62,90,#E6AD57
37,62,90,#E6AF57
38,62,90,#E6B157
39,62,90,#E6B457
40,62,90,#E6B657
41,62,90,#E6B857
42,62,90,#E6BB57
43,62,90,#E6BD57
44,62,90,#E6C057
45,62,90,#E6C257
46,62,90,#E6C457
47,62,90,#E6C757
48,62,90,#E6C957
49,62,90,#E6CB57
50,62,90,#E6CE57
51,62,90,#E6D057
52,62,90,#E6D357
53,62,90,#E6D557
54,62,90,#E6D757
55,62,90,#E6DA57
56,62,90,#E6DC57
57,62,90,#E6DE57
58,62,90,#E6E157
59,62,90,#E6E357
60,62,90,#E6E657
61,62,90,#E3E657
62,62,90,#E1E657
63,62,90,#DEE657
64,62,90,#DCE657
65,62,90,#DAE657
66,62,90,#D7E657
67,62,90,#D5E657
68,62,90,#D3E657
69,62,90,#D0E657
70,62,90,#CEE657
71,62,90,#CBE657
72,62,90,#C9E657
73,62,90,#C7E657
74,62,90,#C4E657
75,62,90,#C2E657
76,62,90,#C0E657
77,62,90,#BDE657
78,62,90,#BBE657
79,62,90,#B8E657
80,62,90,#B6E657
81,62,90,#B4E657
82,62,90,#B1E657
83,62,90,#AFE657
84,62,90,#ADE657
85,62,90,#AAE657
86,62,90,#A8E657
87,62,90,#A5E657
88,62,90,#A3E657
89,62,90,#A1E657
90,62,90,#9EE657
91,62,90,#9CE657
92,62,90,#9AE657
93,62,90,#97E657
94,62,90,#95E657
95,62,90,#92E657
96,62,90,#90E657
97,62,90,#8EE657
98,62,90,#8BE657
99,62,90,#89E657
100,62,90,#87E657
101,62,90,#84E657
102,62,90,#82E657
103,62,90,#80E657
104,62,90,#7DE657
105,62,90,#7BE657
106,62,90,#78E657
107,62,90,#76E657
108,62,90,#74E657
109,62,90,#71E657
110,62,90,#6FE657
111,62,90,#6DE657
112,62,90,#6AE657
113,62,90,#68E657
114,62,90,#65E657
115,62,90,#63E657
116,62,90,#61E657
117,62,90,#5EE657
118,62,90,#5CE657
119,62,90,#5AE657
120,62,90,#57E657
121,62,90,#57E65A
122,62,90,#57E65C
123,62,90,#57E65E
124,62,90,#57E661
125,62,90,#57E663
126,62,90,#57E665
127,62,90,#57E668
128,62,90,#57E66A
129,62,90,#57E66D
130,62,90,#57E66F
131,62,90,#57E671
132,62,90,#57E674
133,62,90,#57E676
134,62,90,#57E678
135,62,90,#57E67B
136,62,90,#57E67D
137,62,90,#57E680
138,62,90,#57E682
139,62,90,#57E684
140,62,90,#57E687
141,62,90,#57E689
142,62,90,#57E68B
143,62,90,#57E68E
144,62,90,#57E690
145,62,90,#57E692
146,62,90,#57E695
147,62,90,#57E697
148,62,90,#57E69A
149,62,90,#57E69C
150,62,90,#57E69E
151,62,90,#57E6A1
152,62,90,#57E6A3
153,62,90,#57E6A5
154,62,90,#57E6A8
155,62,90,#57E6AA
156,62,90,#57E6AD
157,62,90,#57E6AF
158,62,90,#57E6B1
159,62,90,#57E6B4
160,62,90,#57E6B6
161,62,90,#57E6B8
162,62,90,#57E6BB
163,62,90,#57E6BD
164,62,90,#57E6C0
165,62,90,#57E6C2
166,62,90,#57E6C4
167,62,90,#57E6C7
168,62,90,#57E6C9
169,62,90,#57E6CB
170,62,90,#57E6CE
171,62,90,#57E6D0
172,62,90,#57E6D3
173,62,90,#57E6D5
174,62,90,#57E6D7
175,62,90,#57E6DA
176,62,90,#57E6DC
177,62,90,#57E6DE
178,62,90,#57E6E1
179,62,90,#57E6E3
180,62,90,#57E6E6
181,62,90,#57E3E6
182,62,90,#57E1E6
183,62,90,#57DEE6
184,62,90,#57DCE6
185,62,90,#57DAE6
186,62,90,#57D7E6
187,62,90,#57D5E6
188,62,90,#57D3E6
189,62,90,#57D0E6
190,62,90,#57CEE6
191,62,90,#57CBE6
192,62,90,#57C9E6
193,62,90,#57C7E6
194,62,90,#57C4E6
195,62,90,#57C2E6
196,62,90,#57C0E6
197,62,90,#57BDE6
198,62,90,#57BBE6
199,62,90,#57B8E6
200,62,90,#57B6E6
201,62,90,#57B4E6
202,62,90,#57B1E6
203,62,90,#57AFE6
204,62,90,#57ADE6
205,62,90,#57AAE6
206,62,90,#57A8E6
207,62,90,#57A5E6
208,62,90,#57A3E6
209,62,90,#57A1E6
210,62,90,#579EE6
211,62,90,#579CE6
212,62,90,#579AE6
213,62,90,#5797E6
214,62,90,#5795E6
215,62,90,#5792E6
216,62,90,#5790E6
217,62,90,#578EE6
218,62,90,#578BE6
219,62,90,#5789E6
220,62,90,#5787E6
221,62,90,#5784E6
222,62,90,#5782E6
223,62,90,#5780E6
224,62,90,#577DE6
225,62,90,#577BE6
226,62,90,#5778E6
227,62,90,#5776E6
228,62,90,#5774E6
229,62,90,#5771E6
230,62,90,#576FE6
231,62,90,#576DE6
232,62,90,#576AE6
233,62,90,#5768E6
234,62,90,#5765E6
235,62,90,#5763E6
236,62,90,#5761E6
237,62,90,#575EE6
238,62,90,#575CE6
239,62,90,#575AE6
240,62,90,#5757E6
241,62,90,#5A57E6
242,62,90,#5C57E6
243,62,90,#5E57E6
244,62,90,#6157E6
245,62,90,#6357E6
246,62,90,#6557E6
247,62,90,#6857E6
248,62,90,#6A57E6
249,62,90,#6D57E6
250,62,90,#6F57E6
251,62,90,#7157E6
252,62,90,#7457E6
253,62,90,#7657E6
254,62,90,#7857E6
255,62,90,#7B57E6
256,62,90,#7D57E6
257,62,90,#8057E6
258,62,90,#8257E6
259,62,90,#8457E6
260,62,90,#8757E6
261,62,90,#8957E6
262,62,90,#8B57E6
263,62,90,#8E57E6
264,62,90,#9057E6
265,62,90,#9257E6
266,62,90,#9557E6
267,62,90,#9757E6
268,62,90,#9A57E6
269,62,90,#9C57E6
270,62,90,#9E57E6
271,62,90,#A157E6
272,62,90,#A357E6
273,62,90,#A557E6
274,62,90,#A857E6
275,62,90,#AA57E6
276,62,90,#AD57E6
277,62,90,#AF57E6
278,62,90,#B157E6
279,62,90,#B457E6
280,62,90,#B657E6
281,62,90,#B857E6
282,62,90,#BB57E6
283,62,90,#BD57E6
284,62,90,#C057E6
285,62,90,#C257E6
286,62,90,#C457E6
287,62,90,#C757E6
288,62,90,#C957E6
289,62,90,#CB57E6
290,62,90,#CE57E6
291,62,90,#D057E6
292,62,90,#D357E6
293,62,90,#D557E6
294,62,90,#D757E6
295,62,90,#DA57E6
296,62,90,#DC57E6
297,62,90,#DE57E6
298,62,90,#E157E6
299,62,90,#E357E6
300,62,90,#E657E6
301,62,90,#E657E3
302,62,90,#E657E1
303,62,90,#E657DE
304,62,90,#E657DC
305,62,90,#E657DA
306,62,90,#E657D7
307,62,90,#E657D5
308,62,90,#E657D3
309,62,90,#E657D0
310,62,90,#E657CE
311,62,90,#E657CB
312,62,90,#E657C9
313,62,90,#E657C7
314,62,90,#E657C4
315,62,90,#E657C2
316,62,90,#E657C0
317,62,90,#E657BD
318,62,90,#E657BB
319,62,90,#E657B8
320,62,90,#E657B6
321,62,90,#E657B4
322,62,90,#E657B1
323,62,90,#E657AF
324,62,90,#E657AD
325,62,90,#E657AA
326,62,90,#E657A8
327,62,90,#E657A5
328,62,90,#E657A3
329,62,90,#E657A1
330,62,90,#E6579E
331,62,90,#E6579C
332,62,90,#E6579A
333,62,90,#E65797
334,62,90,#E65795
335,62,90,#E65792
336,62,90,#E65790
337,62,90,#E6578E
338,62,90,#E6578B
339,62,90,#E65789
340,62,90,#E65787
341,62,90,#E65784
342,62,90,#E65782
343,62,90,#E65780
344,62,90,#E6577D
345,62,90,#E6577B
346,62,90,#E65778
347,62,90,#E65776
348,62,90,#E65774
349,62,90,#E65771
350,62,90,#E6576F
351,62,90,#E6576D
352,62,90,#E6576A
353,62,90,#E65768
354,62,90,#E65765
355,62,90,#E65763
356,62,90,#E65761
357,62,90,#E6575E
358,62,90,#E6575C
359,62,90,#E6575A
0,61,90,#E65A5A
1,61,90,#E65C5A
2,61,90,#E65E5A
3,61,90,#E6615A
4,61,90,#E6635A
5,61,90,#E6655A
6,61,90,#E6685A
7,61,90,#E66A5A
8,61,90,#E66C5A
9,61,90,#E66F5A
10,61,90,#E6715A
11,61,90,#E6735A
12,61,90,#E6765A
13,61,90,#E6785A
14,61,90,#E67A5A
15,61,90,#E67D5A
16,61,90,#E67F5A
17,61,90,#E6815A
18,61,90,#E6845A
19,61,90,#E6865A
20,61,90,#E6885A
21,61,90,#E68B5A
22,61,90,#E68D5A
23,61,90,#E68F5A
24,61,90,#E6925A
25,61,90,#E6945A
26,61,90,#E6965A
27,61,90,#E6995A
28,61,90,#E69B5A
29,61,90,#E69D5A
30,61,90,#E6A05A
31,61,90,#E6A25A
32,61,90,#E6A45A
33,61,90,#E6A75A
34,61,90,#E6A95A
35,61,90,#E6AB5A
36,61,90,#E6AE5A
37,61,90,#E6B05A
38,61,90,#E6B25A
39,61,90,#E6B55A
40,61,90,#E6B75A
41,61,90,#E6B95A
42,61,90,#E6BC5A
43,61,90,#E6BE5A
44,61,90,#E6C05A
45,61,90,#E6C35A
46,61,90,#E6C55A
47,61,90,#E6C75A
48,61,90,#E6CA5A
49,61,90,#E6CC5A
50,61,90,#E6CE5A
51,61,90,#E6D15A
52,61,90,#E6D35A
53,61,90,#E6D55A
54,61,90,#E6D85A
55,61,90,#E6DA5A
56,61,90,#E6DC5A
57,61,90,#E6DF5A
58,61,90,#E6E15A
59,61,90,#E6E35A
60,61,90,#E6E65A
61,61,90,#E3E65A
62,61,90,#E1E65A
63,61,90,#DFE65A
64,61,90,#DCE65A
65,61,90,#DAE65A
66,61,90,#D8E65A
67,61,90,#D5E65A
68,61,90,#D3E65A
69,61,90,#D1E65A
70,61,90,#CEE65A
71,61,90,#CCE65A
72,61,90,#CAE65A
73,61,90,#C7E65A
74,61,90,#C5E65A
75,61,90,#C3E65A
76,61,90,#C0E65A
77,61,90,#BEE65A
78,61,90,#BCE65A
79,61,90,#B9E65A
80,61,90,#B7E65A
81,61,90,#B5E65A
82,61,90,#B2E65A
83,61,90,#B0E65A
84,61,90,#AEE65A
85,61,90,#ABE65A
86,61,90,#A9E65A
87,61,90,#A7E65A
88,61,90,#A4E65A
89,61,90,#A2E65A
90,61,90,#A0E65A
91,61,90,#9DE65A
92,61,90,#9BE65A
93,61,90,#99E65A
94,61,90,#96E65A
95,61,90,#94E65A
96,61,90,#92E65A
97,61,90,#8FE65A
98,61,90,#8DE65A
99,61,90,#8BE65A
100,61,90,#88E65A
101,61,90,#86E65A
102,61,90,#84E65A
103,61,90,#81E65A
104,61,90,#7FE65A
105,61,90,#7DE65A
106,61,90,#7AE65A
107,61,90,#78E65A
108,61,90,#76E65A
109,61,90,#73E65A
110,61,90,#71E65A
111,61,90,#6FE65A
112,61,90,#6CE65A
113,61,90,#6AE65A
114,61,90,#68E65A
115,61,90,#65E65A
116,61,90,#63E65A
117,61,90,#61E65A
118,61,90,#5EE65A
119,61,90,#5CE65A
120,61,90,#5AE65A
121,61,90,#5AE65C
122,61,90,#5AE65E
123,61,90,#5AE661
124,61,90,#5AE663
125,61,90,#5AE665
126,61,90,#5AE668
127,61,90,#5AE66A
128,61,90,#5AE66C
129,61,90,#5AE66F
130,61,90,#5AE671
131,61,90,#5AE673
132,61,90,#5AE676
133,61,90,#5AE678
134,61,90,#5AE67A
135,61,90,#5AE67D
136,61,90,#5AE67F
137,61,90,#5AE681
138,61,90,#5AE684
139,61,90,#5AE686
140,61,90,#5AE688
141,61,90,#5AE68B
142,61,90,#5AE68D
143,61,90,#5AE68F
144,61,90,#5AE692
145,61,90,#5AE694
146,61,90,#5AE696
147,61,90,#5AE699
148,61,90,#5AE69B
149,61,90,#5AE69D
150,61,90,#5AE6A0
151,61,90,#5AE6A2
152,61,90,#5AE6A4
153,61,90,#5AE6A7
154,61,90,#5AE6A9
155,61,90,#5AE6AB
156,61,90,#5AE6AE
157,61,90,#5AE6B0
158,61,90,#5AE6B2
159,61,90,#5AE6B5
160,61,90,#5AE6B7
161,61,90,#5AE6B9
162,61,90,#5AE6BC
163,61,90,#5AE6BE
164,61,90,#5AE6C0
165,61,90,#5AE6C3
166,61,90,#5AE6C5
167,61,90,#5AE6C7
168,61,90,#5AE6CA
169,61,90,#5AE6CC
170,61,90,#5AE6CE
171,61,90,#5AE6D1
172,61,90,#5AE6D3
173,61,90,#5AE6D5
174,61,90,#5AE6D8
175,61,90,#5AE6DA
176,61,90,#5AE6DC
177,61,90,#5AE6DF
178,61,90,#5AE6E1
179,61,90,#5AE6E3
180,61,90,#5AE6E6
181,61,90,#5AE3E6
182,61,90,#5AE1E6
183,61,90,#5ADFE6
184,61,90,#5ADCE6
185,61,90,#5ADAE6
186,61,90,#5AD8E6
187,61,90,#5AD5E6
188,61,90,#5AD3E6
189,61,90,#5AD1E6
190,61,90,#5ACEE6
191,61,90,#5ACCE6
192,61,90,#5ACAE6
193,61,90,#5AC7E6
194,61,90,#5AC5E6
195,61,90,#5AC3E6
196,61,90,#5AC0E6
197,61,90,#5ABEE6
198,61,90,#5ABCE6
199,61,90,#5AB9E6
200,61,90,#5AB7E6
201,61,90,#5AB5E6
202,61,90,#5AB2E6
203,61,90,#5AB0E6
204,61,90,#5AAEE6
205,61,90,#5AABE6
206,61,90,#5AA9E6
207,61,90,#5AA7E6
208,61,90,#5AA4E6
209,61,90,#5AA2E6
210,61,90,#5AA0E6
211,61,90,#5A9DE6
212,61,90,#5A9BE6
213,61,90,#5A99E6
214,61,90,#5A96E6
215,61,90,#5A94E6
216,61,90,#5A92E6
217,61,90,#5A8FE6
218,61,90,#5A8DE6
219,61,90,#5A8BE6
220,61,90,#5A88E6
221,61,90,#5A86E6
222,61,90,#5A84E6
223,61,90,#5A81E6
224,61,90,#5A7FE6
225,61,90,#5A7DE6
226,61,90,#5A7AE6
227,61,90,#5A78E6
228,61,90,#5A76E6
229,61,90,#5A73E6
230,61,90,#5A71E6
231,61,90,#5A6FE6
232,61,90,#5A6CE6
233,61,90,#5A6AE6
234,61,90,#5A68E6
235,61,90,#5A65E6
236,61,90,#5A63E6
237,61,90,#5A61E6
238,61,90,#5A5EE6
239,61,90,#5A5CE6
240,61,90,#5A5AE6
241,61,90,#5C5AE6
242,61,90,#5E5AE6
243,61,90,#615AE6
244,61,90,#635AE6
245,61,90,#655AE6
246,61,90,#685AE6
247,61,90,#6A5AE6
248,61,90,#6C5AE6
249,61,90,#6F5AE6
250,61,90,#715AE6
251,61,90,#735AE6
252,61,90,#765AE6
253,61,90,#785AE6
254,61,90,#7A5AE6
255,61,90,#7D5AE6
256,61,90,#7F5AE6
257,61,90,#815AE6
258,61,90,#845AE6
259,61,90,#865AE6
260,61,90,#885AE6
261,61,90,#8B5AE6
262,61,90,#8D5AE6
263,61,90,#8F5AE6
264,61,90,#925AE6
265,61,90,#945AE6
266,61,90,#965AE6
267,61,90,#995AE6
268,61,90,#9B5AE6
269,61,90,#9D5AE6
270,61,90,#A05AE6
271,61,90,#A25AE6
272,61,90,#A45AE6
273,61,90,#A75AE6
274,61,90,#A95AE6
275,61,90,#AB5AE6
276,61,90,#AE5AE6
277,61,90,#B05AE6
278,61,90,#B25AE6
279,61,90,#B55AE6
280,61,90,#B75AE6
281,61,90,#B95AE6
282,61,90,#BC5AE6
283,61,90,#BE5AE6
284,61,90,#C05AE6
285,61,90,#C35AE6
286,61,90,#C55AE6
287,61,90,#C75AE6
288,61,90,#CA5AE6
289,61,90,#CC5AE6
290,61,90,#CE5AE6
291,61,90,#D15AE6
292,61,90,#D35AE6
293,61,90,#D55AE6
294,61,90,#D85AE6
295,61,90,#DA5AE6
296,61,90,#DC5AE6
297,61,90,#DF5AE6
298,61,90,#E15AE6
299,61,90,#E35AE6
300,61,90,#E65AE6
301,61,90,#E65AE3
302,61,90,#E65AE1
303,61,90,#E65ADF
304,61,90,#E65ADC
305,61,90,#E65ADA
306,61,90,#E65AD8
307,61,90,#E65AD5
308,61,90,#E65AD3
309,61,90,#E65AD1
310,61,90,#E65ACE
311,61,90,#E65ACC
312,61,90,#E65ACA
313,61,90,#E65AC7
314,61,90,#E65AC5
315,61,90,#E65AC3
316,61,90,#E65AC0
317,61,90,#E65ABE
318,61,90,#E65ABC
319,61,90,#E65AB9
320,61,90,#E65AB7
321,61,90,#E65AB5
322,61,90,#E65AB2
323,61,90,#E65AB0
324,61,90,#E65AAE
325,61,90,#E65AAB
326,61,90,#E65AA9
327,61,90,#E65AA7
328,61,90,#E65AA4
329,61,90,#E65AA2
330,61,90,#E65AA0
331,61,90,#E65A9D
332,61,90,#E65A9B
333,61,90,#E65A99
334,61,90,#E65A96
335,61,90,#E65A94
336,61,90,#E65A92
337,61,90,#E65A8F
338,61,90,#E65A8D
339,61,90,#E65A8B
340,61,90,#E65A88
341,61,90,#E65A86
342,61,90,#E65A84
343,61,90,#E65A81
344,61,90,#E65A7F
345,61,90,#E65A7D
346,61,90,#E65A7A
347,61,90,#E65A78
348,61,90,#E65A76
349,61,90,#E65A73
350,61,90,#E65A71
351,61,90,#E65A6F
352,61,90,#E65A6C
353,61,90,#E65A6A
354,61,90,#E65A68
355,61,90,#E65A65
356,61,90,#E65A63
357,61,90,#E65A61
358,61,90,#E65A5E
359,61,90,#E65A5C
0,60,90,#E65C5C
1,60,90,#E65E5C
2,60,90,#E6605C
3,60,90,#E6635C
4,60,90,#E6655C
5,60,90,#E6675C
6,60,90,#E66A5C
7,60,90,#E66C5C
8,60,90,#E66E5C
9,60,90,#E6705C
10,60,90,#E6735C
11,60,90,#E6755C
12,60,90,#E6775C
13,60,90,#E67A5C
14,60,90,#E67C5C
15,60,90,#E67E5C
16,60,90,#E6815C
17,60,90,#E6835C
18,60,90,#E6855C
19,60,90,#E6875C
20,60,90,#E68A5C
21,60,90,#E68C5C
22,60,90,#E68E5C
23,60,90,#E6915C
24,60,90,#E6935C
25,60,90,#E6955C
26,60,90,#E6975C
27,60,90,#E69A5C
28,60,90,#E69C5C
29,60,90,#E69E5C
30,60,90,#E6A15C
31,60,90,#E6A35C
32,60,90,#E6A55C
33,60,90,#E6A85C
34,60,90,#E6AA5C
35,60,90,#E6AC5C
36,60,90,#E6AE5C
37,60,90,#E6B15C
38,60,90,#E6B35C
39,60,90,#E6B55C
40,60,90,#E6B85C
41,60,90,#E6BA5C
42,60,90,#E6BC5C
43,60,90,#E6BE5C
44,60,90,#E6C15C
45,60,90,#E6C35C
46,60,90,#E6C55C
47,60,90,#E6C85C
48,60,90,#E6CA5C
49,60,90,#E6CC5C
50,60,90,#E6CF5C
51,60,90,#E6D15C
52,60,90,#E6D35C
53,60,90,#E6D55C
54,60,90,#E6D85C
55,60,90,#E6DA5C
56,60,90,#E6DC5C
57,60,90,#E6DF5C
58,60,90,#E6E15C
59,60,90,#E6E35C
60,60,90,#E6E65C
61,60,90,#E3E65C
62,60,90,#E1E65C
63,60,90,#DFE65C
64,60,90,#DCE65C
65,60,90,#DAE65C
66,60,90,#D8E65C
67,60,90,#D5E65C
68,60,90,#D3E65C
69,60,90,#D1E65C
70,60,90,#CFE65C
71,60,90,#CCE65C
72,60,90,#CAE65C
73,60,90,#C8E65C
74,60,90,#C5E65C
75,60,90,#C3E65C
76,60,90,#C1E65C
77,60,90,#BEE65C
78,60,90,#BCE65C
79,60,90,#BAE65C
80,60,90,#B8E65C
81,60,90,#B5E65C
82,60,90,#B3E65C
83,60,90,#B1E65C
84,60,90,#AEE65C
85,60,90,#ACE65C
86,60,90,#AAE65C
87,60,90,#A8E65C
88,60,90,#A5E65C
89,60,90,#A3E65C
90,60,90,#A1E65C
91,60,90,#9EE65C
92,60,90,#9CE65C
93,60,90,#9AE65C
94,60,90,#97E65C
95,60,90,#95E65C
96,60,90,#93E65C
97,60,90,#91E65C
98,60,90,#8EE65C
99,60,90,#8CE65C
100,60,90,#8AE65C
101,60,90,#87E65C
102,60,90,#85E65C
103,60,90,#83E65C
104,60,90,#81E65C
105,60,90,#7EE65C
106,60,90,#7CE65C
107,60,90,#7AE65C
108,60,90,#77E65C
109,60,90,#75E65C
110,60,90,#73E65C
111,60,90,#70E65C
112,60,90,#6EE65C
113,60,90,#6CE65C
114,60,90,#6AE65C
115,60,90,#67E65C
116,60,90,#65E65C
117,60,90,#63E65C
118,60,90,#60E65C
119,60,90,#5EE65C
120,60,90,#5CE65C
121,60,90,#5CE65E
122,60,90,#5CE660
123,60,90,#5CE663
124,60,90,#5CE665
125,60,90,#5CE667
126,60,90,#5CE66A
127,60,90,#5CE66C
128,60,90,#5CE66E
129,60,90,#5CE670
130,60,90,#5CE673
131,60,90,#5CE675
132,60,90,#5CE677
133,60,90,#5CE67A
134,60,90,#5CE67C
135,60,90,#5CE67E
136,60,90,#5CE681
137,60,90,#5CE683
138,60,90,#5CE685
139,60,90,#5CE687
140,60,90,#5CE68A
141,60,90,#5CE68C
142,60,90,#5CE68E
143,60,90,#5CE691
144,60,90,#5CE693
145,60,90,#5CE695
146,60,90,#5CE697
147,60,90,#5CE69A
148,60,90,#5CE69C
149,60,90,#5CE69E
150,60,90,#5CE6A1
151,60,90,#5CE6A3
152,60,90,#5CE6A5
153,60,90,#5CE6A8
154,60,90,#5CE6AA
155,60,90,#5CE6AC
156,60,90,#5CE6AE
157,60,90,#5CE6B1
158,60,90,#5CE6B3
159,60,90,#5CE6B5
160,60,90,#5CE6B8
161,60,90,#5CE6BA
162,60,90,#5CE6BC
163,60,90,#5CE6BE
164,60,90,#5CE6C1
165,60,90,#5CE6C3
166,60,90,#5CE6C5
167,60,90,#5CE6C8
168,60,90,#5CE6CA
169,60,90,#5CE6CC
170,60,90,#5CE6CF
171,60,90,#5CE6D1
172,60,90,#5CE6D3
173,60,90,#5CE6D5
174,60,90,#5CE6D8
175,60,90,#5CE6DA
176,60,90,#5CE6DC
177,60,90,#5CE6DF
178,60,90,#5CE6E1
179,60,90,#5CE6E3
180,60,90,#5CE6E6
181,60,90,#5CE3E6
182,60,90,#5CE1E6
183,60,90,#5CDFE6
184,60,90,#5CDCE6
185,60,90,#5CDAE6
186,60,90,#5CD8E6
187,60,90,#5CD5E6
188,60,90,#5CD3E6
189,60,90,#5CD1E6
190,60,90,#5CCFE6
191,60,90,#5CCCE6
192,60,90,#5CCAE6
193,60,90,#5CC8E6
194,60,90,#5CC5E6
195,60,90,#5CC3E6
196,60,90,#5CC1E6
197,60,90,#5CBEE6
198,60,90,#5CBCE6
199,60,90,#5CBAE6
200,60,90,#5CB8E6
201,60,90,#5CB5E6
202,60,90,#5CB3E6
203,60,90,#5CB1E6
204,60,90,#5CAEE6
205,60,90,#5CACE6
206,60,90,#5CAAE6
207,60,90,#5CA8E6
208,60,90,#5CA5E6
209,60,90,#5CA3E6
210,60,90,#5CA1E6
211,60,90,#5C9EE6
212,60,90,#5C9CE6
213,60,90,#5C9AE6
214,60,90,#5C97E6
215,60,90,#5C95E6
216,60,90,#5C93E6
217,60,90,#5C91E6
218,60,90,#5C8EE6
219,60,90,#5C8CE6
220,60,90,#5C8AE6
221,60,90,#5C87E6
222,60,90,#5C85E6
223,60,90,#5C83E6
224,60,90,#5C81E6
225,60,90,#5C7EE6
226,60,90,#5C7CE6
227,60,90,#5C7AE6
228,60,90,#5C77E6
229,60,90,#5C75E6
230,60,90,#5C73E6
231,60,90,#5C70E6
232,60,90,#5C6EE6
233,60,90,#5C6CE6
234,60,90,#5C6AE6
235,60,90,#5C67E6
236,60,90,#5C65E6
237,60,90,#5C63E6
238,60,90,#5C60E6
239,60,90,#5C5EE6
240,60,90,#5C5CE6
241,60,90,#5E5CE6
242,60,90,#605CE6
243,60,90,#635CE6
244,60,90,#655CE6
245,60,90,#675CE6
246,60,90,#6A5CE6
247,60,90,#6C5CE6
248,60,90,#6E5CE6
249,60,90,#705CE6
250,60,90,#735CE6
251,60,90,#755CE6
252,60,90,#775CE6
253,60,90,#7A5CE6
254,60,90,#7C5CE6
255,60,90,#7E5CE6
256,60,90,#815CE6
257,60,90,#835CE6
258,60,90,#855CE6
259,60,90,#875CE6
260,60,90,#8A5CE6
261,60,90,#8C5CE6
262,60,90,#8E5CE6
263,60,90,#915CE6
264,60,90,#935CE6
265,60,90,#955CE6
266,60,90,#975CE6
267,60,90,#9A5CE6
268,60,90,#9C5CE6
269,60,90,#9E5CE6
270,60,90,#A15CE6
271,60,90,#A35CE6
272,60,90,#A55CE6
273,60,90,#A85CE6
274,60,90,#AA5CE6
275,60,90,#AC5CE6
276,60,90,#AE5CE6
277,60,90,#B15CE6
278,60,90,#B35CE6
279,60,90,#B55CE6
280,60,90,#B85CE6
281,60,90,#BA5CE6
282,60,90,#BC5CE6
283,60,90,#BE5CE6
284,60,90,#C15CE6
285,60,90,#C35CE6
286,60,90,#C55CE6
287,60,90,#C85CE6
288,60,90,#CA5CE6
289,60,90,#CC5CE6
290,60,90,#CF5CE6
291,60,90,#D15CE6
292,60,90,#D35CE6
293,60,90,#D55CE6
294,60,90,#D85CE6
295,60,90,#DA5CE6
296,60,90,#DC5CE6
297,60,90,#DF5CE6
298,60,90,#E15CE6
299,60,90,#E35CE6
300,60,90,#E65CE6
301,60,90,#E65CE3
302,60,90,#E65CE1
303,60,90,#E65CDF
304,60,90,#E65CDC
305,60,90,#E65CDA
306,60,90,#E65CD8
307,60,90,#E65CD5
308,60,90,#E65CD3
309,60,90,#E65CD1
310,60,90,#E65CCF
311,60,90,#E65CCC
312,60,90,#E65CCA
313,60,90,#E65CC8
314,60,90,#E65CC5
315,60,90,#E65CC3
316,60,90,#E65CC1
317,60,90,#E65CBE
318,60,90,#E65CBC
319,60,90,#E65CBA
320,60,90,#E65CB8
321,60,90,#E65CB5
322,60,90,#E65CB3
323,60,90,#E65CB1
324,60,90,#E65CAE
325,60,90,#E65CAC
326,60,90,#E65CAA
327,60,90,#E65CA8
328,60,90,#E65CA5
329,60,90,#E65CA3
330,60,90,#E65CA1
331,60,90,#E65C9E
332,60,90,#E65C9C
333,60,90,#E65C9A
334,60,90,#E65C97
335,60,90,#E65C95
336,60,90,#E65C93
337,60,90,#E65C91
338,60,90,#E65C8E
339,60,90,#E65C8C
340,60,90,#E65C8A
341,60,90,#E65C87
342,60,90,#E65C85
343,60,90,#E65C83
344,60,90,#E65C81
345,60,90,#E65C7E
346,60,90,#E65C7C
347,60,90,#E65C7A
348,60,90,#E65C77
349,60,90,#E65C75
350,60,90,#E65C73
351,60,90,#E65C70
352,60,90,#E65C6E
353,60,90,#E65C6C
354,60,90,#E65C6A
355,60,90,#E65C67
356,60,90,#E65C65
357,60,90,#E65C63
358,60,90,#E65C60
359,60,90,#E65C5E
0,59,90,#E65E5E
1,59,90,#E6605E
2,59,90,#E6635E
3,59,90,#E6655E
4,59,90,#E6675E
5,59,90,#E6695E
6,59,90,#E66C5E
7,59,90,#E66E5E
8,59,90,#E6705E
9,59,90,#E6725E
10,59,90,#E6755E
11,59,90,#E6775E
12,59,90,#E6795E
13,59,90,#E67B5E
14,59,90,#E67E5E
15,59,90,#E6805E
16,59,90,#E6825E
17,59,90,#E6845E
18,59,90,#E6875E
19,59,90,#E6895E
20,59,90,#E68B5E
21,59,90,#E68D5E
22,59,90,#E6905E
23,59,90,#E6925E
24,59,90,#E6945E
25,59,90,#E6975E
26,59,90,#E6995E
27,59,90,#E69B5E
28,59,90,#E69D5E
29,59,90,#E6A05E
30,59,90,#E6A25E
31,59,90,#E6A45E
32,59,90,#E6A65E
33,59,90,#E6A95E
34,59,90,#E6AB5E
35,59,90,#E6AD5E
36,59,90,#E6AF5E
37,59,90,#E6B25E
38,59,90,#E6B45E
39,59,90,#E6B65E
40,59,90,#E6B85E
41,59,90,#E6BB5E
42,59,90,#E6BD5E
43,59,90,#E6BF5E
44,59,90,#E6C15E
45,59,90,#E6C45E
46,59,90,#E6C65E
47,59,90,#E6C85E
48,59,90,#E6CA5E
49,59,90,#E6CD5E
50,59,90,#E6CF5E
51,59,90,#E6D15E
52,59,90,#E6D35E
53,59,90,#E6D65E
54,59,90,#E6D85E
55,59,90,#E6DA5E
56,59,90,#E6DC5E
57,59,90,#E6DF5E
58,59,90,#E6E15E
59,59,90,#E6E35E
60,59,90,#E6E65E
61,59,90,#E3E65E
62,59,90,#E1E65E
63,59,90,#DFE65E
64,59,90,#DCE65E
65,59,90,#DAE65E
66,59,90,#D8E65E
67,59,90,#D6E65E
68,59,90,#D3E65E
69,59,90,#D1E65E
70,59,90,#CFE65E
71,59,90,#CDE65E
72,59,90,#CAE65E
73,59,90,#C8E65E
74,59,90,#C6E65E
75,59,90,#C4E65E
76,59,90,#C1E65E
77,59,90,#BFE65E
78,59,90,#BDE65E
79,59,90,#BBE65E
80,59,90,#B8E65E
81,59,90,#B6E65E
82,59,90,#B4E65E
83,59,90,#B2E65E
84,59,90,#AFE65E
85,59,90,#ADE65E
86,59,90,#ABE65E
87,59,90,#A9E65E
88,59,90,#A6E65E
89,59,90,#A4E65E
90,59,90,#A2E65E
91,59,90,#A0E65E
92,59,90,#9DE65E
93,59,90,#9BE65E
94,59,90,#99E65E
95,59,90,#97E65E
96,59,90,#94E65E
97,59,90,#92E65E
98,59,90,#90E65E
99,59,90,#8DE65E
100,59,90,#8BE65E
101,59,90,#89E65E
102,59,90,#87E65E
103,59,90,#84E65E
104,59,90,#82E65E
105,59,90,#80E65E
106,59,90,#7EE65E
107,59,90,#7BE65E
108,59,90,#79E65E
109,59,90,#77E65E
110,59,90,#75E65E
111,59,90,#72E65E
112,59,90,#70E65E
113,59,90,#6EE65E
114,59,90,#6CE65E
115,59,90,#69E65E
116,59,90,#67E65E
117,59,90,#65E65E
118,59,90,#63E65E
119,59,90,#60E65E
120,59,90,#5EE65E
121,59,90,#5EE660
122,59,90,#5EE663
123,59,90,#5EE665
124,59,90,#5EE667
125,59,90,#5EE669
126,59,90,#5EE66C
127,59,90,#5EE66E
128,59,90,#5EE670
129,59,90,#5EE672
130,59,90,#5EE675
131,59,90,#5EE677
132,59,90,#5EE679
133,59,90,#5EE67B
134,59,90,#5EE67E
135,59,90,#5EE680
136,59,90,#5EE682
137,59,90,#5EE684
138,59,90,#5EE687
139,59,90,#5EE689
140,59,90,#5EE68B
141,59,90,#5EE68D
142,59,90,#5EE690
143,59,90,#5EE692
144,59,90,#5EE694
145,59,90,#5EE697
146,59,90,#5EE699
147,59,90,#5EE69B
148,59,90,#5EE69D
149,59,90,#5EE6A0
150,59,90,#5EE6A2
151,59,90,#5EE6A4
152,59,90,#5EE6A6
153,59,90,#5EE6A9
154,59,90,#5EE6AB
155,59,90,#5EE6AD
156,59,90,#5EE6AF
157,59,90,#5EE6B2
158,59,90,#5EE6B4
159,59,90,#5EE6B6
160,59,90,#5EE6B8
161,59,90,#5EE6BB
162,59,90,#5EE6BD
163,59,90,#5EE6BF
164,59,90,#5EE6C1
165,59,90,#5EE6C4
166,59,90,#5EE6C6
167,59,90,#5EE6C8
168,59,90,#5EE6CA
169,59,90,#5EE6CD
170,59,90,#5EE6CF
171,59,90,#5EE6D1
172,59,90,#5EE6D3
173,59,90,#5EE6D6
174,59,90,#5EE6D8
175,59,90,#5EE6DA
176,59,90,#5EE6DC
177,59,90,#5EE6DF
178,59,90,#5EE6E1
179,59,90,#5EE6E3
180,59,90,#5EE6E6
181,59,90,#5EE3E6
182,59,90,#5EE1E6
183,59,90,#5EDFE6
184,59,90,#5EDCE6
185,59,90,#5EDAE6
186,59,90,#5ED8E6
187,59,90,#5ED6E6
188,59,90,#5ED3E6
189,59,90,#5ED1E6
190,59,90,#5ECFE6
191,59,90,#5ECDE6
192,59,90,#5ECAE6
193,59,90,#5EC8E6
194,59,90,#5EC6E6
195,59,90,#5EC4E6
196,59,90,#5EC1E6
197,59,90,#5EBFE6
198,59,90,#5EBDE6
199,59,90,#5EBBE6
200,59,90,#5EB8E6
201,59,90,#5EB6E6
202,59,90,#5EB4E6
203,59,90,#5EB2E6
204,59,90,#5EAFE6
205,59,90,#5EADE6
206,59,90,#5EABE6
207,59,90,#5EA9E6
208,59,90,#5EA6E6
209,59,90,#5EA4E6
210,59,90,#5EA2E6
211,59,90,#5EA0E6
212,59,90,#5E9DE6
213,59,90,#5E9BE6
214,59,90,#5E99E6
215,59,90,#5E97E6
216,59,90,#5E94E6
217,59,90,#5E92E6
218,59,90,#5E90E6
219,59,90,#5E8DE6
220,59,90,#5E8BE6
221,59,90,#5E89E6
222,59,90,#5E87E6
223,59,90,#5E84E6
224,59,90,#5E82E6
225,59,90,#5E80E6
226,59,90,#5E7EE6
227,59,90,#5E7BE6
228,59,90,#5E79E6
229,59,90,#5E77E6
230,59,90,#5E75E6
231,59,90,#5E72E6
232,59,90,#5E70E6
233,59,90,#5E6EE6
234,59,90,#5E6CE6
235,59,90,#5E69E6
236,59,90,#5E67E6
237,59,90,#5E65E6
238,59,90,#5E63E6
239,59,90,#5E60E6
240,59,90,#5E5EE6
241,59,90,#605EE6
242,59,90,#635EE6
243,59,90,#655EE6
244,59,90,#675EE6
245,59,90,#695EE6
246,59,90,#6C5EE6
247,59,90,#6E5EE6
248,59,90,#705EE6
249,59,90,#725EE6
250,59,90,#755EE6
251,59,90,#775EE6
252,59,90,#795EE6
253,59,90,#7B5EE6
254,59,90,#7E5EE6
255,59,90,#805EE6
256,59,90,#825EE6
257,59,90,#845EE6
258,59,90,#875EE6
259,59,90,#895EE6
260,59,90,#8B5EE6
261,59,90,#8D5EE6
262,59,90,#905EE6
263,59,90,#925EE6
264,59,90,#945EE6
265,59,90,#975EE6
266,59,90,#995EE6
267,59,90,#9B5EE6
268,59,90,#9D5EE6
269,59,90,#A05EE6
270,59,90,#A25EE6
271,59,90,#A45EE6
272,59,90,#A65EE6
273,59,90,#A95EE6
274,59,90,#AB5EE6
275,59,90,#AD5EE6
276,59,90,#AF5EE6
277,59,90,#B25EE6
278,59,90,#B45EE6
279,59,90,#B65EE6
280,59,90,#B85EE6
281,59,90,#BB5EE6
282,59,90,#BD5EE6
283,59,90,#BF5EE6
284,59,90,#C15EE6
285,59,90,#C45EE6
286,59,90,#C65EE6
287,59,90,#C85EE6
288,59,90,#CA5EE6
289,59,90,#CD5EE6
290,59,90,#CF5EE6
291,59,90,#D15EE6
292,59,90,#D35EE6
293,59,90,#D65EE6
294,59,90,#D85EE6
295,59,90,#DA5EE6
296,59,90,#DC5EE6
297,59,90,#DF5EE6
298,59,90,#E15EE6
299,59,90,#E35EE6
300,59,90,#E65EE6
301,59,90,#E65EE3
302,59,90,#E65EE1
303,59,90,#E65EDF
304,59,90,#E65EDC
305,59,90,#E65EDA
306,59,90,#E65ED8
307,59,90,#E65ED6
308,59,90,#E65ED3
309,59,90,#E65ED1
310,59,90,#E65ECF
311,59,90,#E65ECD
312,59,90,#E65ECA
313,59,90,#E65EC8
314,59,90,#E65EC6
315,59,90,#E65EC4
316,59,90,#E65EC1
317,59,90,#E65EBF
318,59,90,#E65EBD
319,59,90,#E65EBB
320,59,90,#E65EB8
321,59,90,#E65EB6
322,59,90,#E65EB4
323,59,90,#E65EB2
324,59,90,#E65EAF
325,59,90,#E65EAD
326,59,90,#E65EAB
327,59,90,#E65EA9
328,59,90,#E65EA6
329,59,90,#E65EA4
330,59,90,#E65EA2
331,59,90,#E65EA0
332,59,90,#E65E9D
333,59,90,#E65E9B
334,59,90,#E65E99
335,59,90,#E65E97
336,59,90,#E65E94
337,59,90,#E65E92
338,59,90,#E65E90
339,59,90,#E65E8D
340,59,90,#E65E8B
341,59,90,#E65E89
342,59,90,#E65E87
343,59,90,#E65E84
344,59,90,#E65E82
345,59,90,#E65E80
346,59,90,#E65E7E
347,59,90,#E65E7B
348,59,90,#E65E79
349,59,90,#E65E77
350,59,90,#E65E75
351,59,90,#E65E72
352,59,90,#E65E70
353,59,90,#E65E6E
354,59,90,#E65E6C
355,59,90,#E65E69
356,59,90,#E65E67
357,59,90,#E65E65
358,59,90,#E65E63
359,59,90,#E65E60
0,58,90,#E66060
1,58,90,#E66360
2,58,90,#E66560
3,58,90,#E66760
4,58,90,#E66960
5,58,90,#E66B60
6,58,90,#E66E60
7,58,90,#E67060
8,58,90,#E67260
9,58,90,#E67460
10,58,90,#E67760
11,58,90,#E67960
12,58,90,#E67B60
13,58,90,#E67D60
14,58,90,#E67F60
15,58,90,#E68260
16,58,90,#E68460
17,58,90,#E68660
18,58,90,#E68860
19,58,90,#E68B60
20,58,90,#E68D60
21,58,90,#E68F60
22,58,90,#E69160
23,58,90,#E69360
24,58,90,#E69660
25,58,90,#E69860
26,58,90,#E69A60
27,58,90,#E69C60
28,58,90,#E69F60
29,58,90,#E6A160
30,58,90,#E6A360
31,58,90,#E6A560
32,58,90,#E6A760
33,58,90,#E6AA60
34,58,90,#E6AC60
35,58,90,#E6AE60
36,58,90,#E6B060
37,58,90,#E6B260
38,58,90,#E6B560
39,58,90,#E6B760
40,58,90,#E6B960
41,58,90,#E6BB60
42,58,90,#E6BE60
43,58,90,#E6C060
44,58,90,#E6C260
45,58,90,#E6C460
46,58,90,#E6C660
47,58,90,#E6C960
48,58,90,#E6CB60
49,58,90,#E6CD60
50,58,90,#E6CF60
51,58,90,#E6D260
52,58,90,#E6D460
53,58,90,#E6D660
54,58,90,#E6D860
55,58,90,#E6DA60
56,58,90,#E6DD60
57,58,90,#E6DF60
58,58,90,#E6E160
59,58,90,#E6E360
60,58,90,#E6E660
61,58,90,#E3E660
62,58,90,#E1E660
63,58,90,#DFE660
64,58,90,#DDE660
65,58,90,#DAE660
66,58,90,#D8E660
67,58,90,#D6E660
68,58,90,#D4E660
69,58,90,#D2E660
70,58,90,#CFE660
71,58,90,#CDE660
72,58,90,#CBE660
73,58,90,#C9E660
74,58,90,#C6E660
75,58,90,#C4E660
76,58,90,#C2E660
77,58,90,#C0E660
78,58,90,#BEE660
79,58,90,#BBE660
80,58,90,#B9E660
81,58,90,#B7E660
82,58,90,#B5E660
83,58,90,#B2E660
84,58,90,#B0E660
85,58,90,#AEE660
86,58,90,#ACE660
87,58,90,#AAE660
88,58,90,#A7E660
89,58,90,#A5E660
90,58,90,#A3E660
91,58,90,#A1E660
92,58,90,#9FE660
93,58,90,#9CE660
94,58,90,#9AE660
95,58,90,#98E660
96,58,90,#96E660
97,58,90,#93E660
98,58,90,#91E660
99,58,90,#8FE660
100,58,90,#8DE660
101,58,90,#8BE660
102,58,90,#88E660
103,58,90,#86E660
104,58,90,#84E660
105,58,90,#82E660
106,58,90,#7FE660
107,58,90,#7DE660
108,58,90,#7BE660
109,58,90,#79E660
110,58,90,#77E660
111,58,90,#74E660
112,58,90,#72E660
113,58,90,#70E660
114,58,90,#6EE660
115,58,90,#6BE660
116,58,90,#69E660
117,58,90,#67E660
118,58,90,#65E660
119,58,90,#63E660
120,58,90,#60E660
121,58,90,#60E663
122,58,90,#60E665
123,58,90,#60E667
124,58,90,#60E669
125,58,90,#60E66B
126,58,90,#60E66E
127,58,90,#60E670
128,58,90,#60E672
129,58,90,#60E674
130,58,90,#60E677
131,58,90,#60E679
132,58,90,#60E67B
133,58,90,#60E67D
134,58,90,#60E67F
135,58,90,#60E682
136,58,90,#60E684
137,58,90,#60E686
138,58,90,#60E688
139,58,90,#60E68B
140,58,90,#60E68D
141,58,90,#60E68F
142,58,90,#60E691
143,58,90,#60E693
144,58,90,#60E696
145,58,90,#60E698
146,58,90,#60E69A
147,58,90,#60E69C
148,58,90,#60E69F
149,58,90,#60E6A1
150,58,90,#60E6A3
151,58,90,#60E6A5
152,58,90,#60E6A7
153,58,90,#60E6AA
154,58,90,#60E6AC
155,58,90,#60E6AE
156,58,90,#60E6B0
157,58,90,#60E6B2
158,58,90,#60E6B5
159,58,90,#60E6B7
160,58,90,#60E6B9
161,58,90,#60E6BB
162,58,90,#60E6BE
163,58,90,#60E6C0
164,58,90,#60E6C2
165,58,90,#60E6C4
166,58,90,#60E6C6
167,58,90,#60E6C9
168,58,90,#60E6CB
169,58,90,#60E6CD
170,58,90,#60E6CF
171,58,90,#60E6D2
172,58,90,#60E6D4
173,58,90,#60E6D6
174,58,90,#60E6D8
175,58,90,#60E6DA
176,58,90,#60E6DD
177,58,90,#60E6DF
178,58,90,#60E6E1
179,58,90,#60E6E3
180,58,90,#60E6E6
181,58,90,#60E3E6
182,58,90,#60E1E6
183,58,90,#60DFE6
184,58,90,#60DDE6
185,58,90,#60DAE6
186,58,90,#60D8E6
187,58,90,#60D6E6
188,58,90,#60D4E6
189,58,90,#60D2E6
190,58,90,#60CFE6
191,58,90,#60CDE6
192,58,90,#60CBE6
193,58,90,#60C9E6
194,58,90,#60C6E6
195,58,90,#60C4E6
196,58,90,#60C2E6
197,58,90,#60C0E6
198,58,90,#60BEE6
199,58,90,#60BBE6
200,58,90,#60B9E6
201,58,90,#60B7E6
202,58,90,#60B5E6
203,58,90,#60B2E6
204,58,90,#60B0E6
205,58,90,#60AEE6
206,58,90,#60ACE6
207,58,90,#60AAE6
208,58,90,#60A7E6
209,58,90,#60A5E6
210,58,90,#60A3E6
211,58,90,#60A1E6
212,58,90,#609FE6
213,58,90,#609CE6
214,58,90,#609AE6
215,58,90,#6098E6
216,58,90,#6096E6
217,58,90,#6093E6
218,58,90,#6091E6
219,58,90,#608FE6
220,58,90,#608DE6
221,58,90,#608BE6
222,58,90,#6088E6
223,58,90,#6086E6
224,58,90,#6084E6
225,58,90,#6082E6
226,58,90,#607FE6
227,58,90,#607DE6
228,58,90,#607BE6
229,58,90,#6079E6
230,58,90,#6077E6
231,58,90,#6074E6
232,58,90,#6072E6
233,58,90,#6070E6
234,58,90,#606EE6
235,58,90,#606BE6
236,58,90,#6069E6
237,58,90,#6067E6
238,58,90,#6065E6
239,58,90,#6063E6
240,58,90,#6060E6
241,58,90,#6360E6
242,58,90,#6560E6
243,58,90,#6760E6
244,58,90,#6960E6
245,58,90,#6B60E6
246,58,90,#6E60E6
247,58,90,#7060E6
248,58,90,#7260E6
249,58,90,#7460E6
250,58,90,#7760E6
251,58,90,#7960E6
252,58,90,#7B60E6
253,58,90,#7D60E6
254,58,90,#7F60E6
255,58,90,#8260E6
256,58,90,#8460E6
257,58,90,#8660E6
258,58,90,#8860E6
259,58,90,#8B60E6
260,58,90,#8D60E6
261,58,90,#8F60E6
262,58,90,#9160E6
263,58,90,#9360E6
264,58,90,#9660E6
265,58,90,#9860E6
266,58,90,#9A60E6
267,58,90,#9C60E6
268,58,90,#9F60E6
269,58,90,#A160E6
270,58,90,#A360E6
271,58,90,#A560E6
272,58,90,#A760E6
273,58,90,#AA60E6
274,58,90,#AC60E6
275,58,90,#AE60E6
276,58,90,#B060E6
277,58,90,#B260E6
278,58,90,#B560E6
279,58,90,#B760E6
280,58,90,#B960E6
281,58,90,#BB60E6
282,58,90,#BE60E6
283,58,90,#C060E6
284,58,90,#C260E6
285,58,90,#C460E6
286,58,90,#C660E6
287,58,90,#C960E6
288,58,90,#CB60E6
289,58,90,#CD60E6
290,58,90,#CF60E6
291,58,90,#D260E6
292,58,90,#D460E6
293,58,90,#D660E6
294,58,90,#D860E6
295,58,90,#DA60E6
296,58,90,#DD60E6
297,58,90,#DF60E6
298,58,90,#E160E6
299,58,90,#E360E6
300,58,90,#E660E6
301,58,90,#E660E3
302,58,90,#E660E1
303,58,90,#E660DF
304,58,90,#E660DD
305,58,90,#E660DA
306,58,90,#E660D8
307,58,90,#E660D6
308,58,90,#E660D4
309,58,90,#E660D2
310,58,90,#E660CF
311,58,90,#E660CD
312,58,90,#E660CB
313,58,90,#E660C9
314,58,90,#E660C6
315,58,90,#E660C4
316,58,90,#E660C2
317,58,90,#E660C0
318,58,90,#E660BE
319,58,90,#E660BB
320,58,90,#E660B9
321,58,90,#E660B7
322,58,90,#E660B5
323,58,90,#E660B2
324,58,90,#E660B0
325,58,90,#E660AE
326,58,90,#E660AC
327,58,90,#E660AA
328,58,90,#E660A7
329,58,90,#E660A5
330,58,90,#E660A3
331,58,90,#E660A1
332,58,90,#E6609F
333,58,90,#E6609C
334,58,90,#E6609A
335,58,90,#E66098
336,58,90,#E66096
337,58,90,#E66093
338,58,90,#E66091
339,58,90,#E6608F
340,58,90,#E6608D
341,58,90,#E6608B
342,58,90,#E66088
343,58,90,#E66086
344,58,90,#E66084
345,58,90,#E66082
346,58,90,#E6607F
347,58,90,#E6607D
348,58,90,#E6607B
349,58,90,#E66079
350,58,90,#E66077
351,58,90,#E66074
352,58,90,#E66072
353,58,90,#E66070
354,58,90,#E6606E
355,58,90,#E6606B
356,58,90,#E66069
357,58,90,#E66067
358,58,90,#E66065
359,58,90,#E66063
0,57,90,#E66363
1,57,90,#E66563
2,57,90,#E66763
3,57,90,#E66963
4,57,90,#E66B63
5,57,90,#E66E63
6,57,90,#E67063
7,57,90,#E67263
8,57,90,#E67463
9,57,90,#E67663
10,57,90,#E67863
11,57,90,#E67B63
12,57,90,#E67D63
13,57,90,#E67F63
14,57,90,#E68163
15,57,90,#E68363
16,57,90,#E68663
17,57,90,#E68863
18,57,90,#E68A63
19,57,90,#E68C63
20,57,90,#E68E63
21,57,90,#E69063
22,57,90,#E69363
23,57,90,#E69563
24,57,90,#E69763
25,57,90,#E69963
26,57,90,#E69B63
27,57,90,#E69E63
28,57,90,#E6A063
29,57,90,#E6A263
30,57,90,#E6A463
31,57,90,#E6A663
32,57,90,#E6A863
33,57,90,#E6AB63
34,57,90,#E6AD63
35,57,90,#E6AF63
36,57,90,#E6B163
37,57,90,#E6B363
38,57,90,#E6B663
39,57,90,#E6B863
40,57,90,#E6BA63
41,57,90,#E6BC63
42,57,90,#E6BE63
43,57,90,#E6C063
44,57,90,#E6C363
45,57,90,#E6C563
46,57,90,#E6C763
47,57,90,#E6C963
48,57,90,#E6CB63
49,57,90,#E6CE63
50,57,90,#E6D063
51,57,90,#E6D263
52,57,90,#E6D463
53,57,90,#E6D663
54,57,90,#E6D863
55,57,90,#E6DB63
56,57,90,#E6DD63
57,57,90,#E6DF63
58,57,90,#E6E163
59,57,90,#E6E363
60,57,90,#E6E663
61,57,90,#E3E663
62,57,90,#E1E663
63,57,90,#DFE663
64,57,90,#DDE663
65,57,90,#DBE663
66,57,90,#D8E663
67,57,90,#D6E663
68,57,90,#D4E663
69,57,90,#D2E663
70,57,90,#D0E663
71,57,90,#CEE663
72,57,90,#CBE663
73,57,90,#C9E663
74,57,90,#C7E663
75,57,90,#C5E663
76,57,90,#C3E663
77,57,90,#C0E663
78,57,90,#BEE663
79,57,90,#BCE663
80,57,90,#BAE663
81,57,90,#B8E663
82,57,90,#B6E663
83,57,90,#B3E663
84,57,90,#B1E663
85,57,90,#AFE663
86,57,90,#ADE663
87,57,90,#ABE663
88,57,90,#A8E663
89,57,90,#A6E663
90,57,90,#A4E663
91,57,90,#A2E663
92,57,90,#A0E663
93,57,90,#9EE663
94,57,90,#9BE663
95,57,90,#99E663
96,57,90,#97E663
97,57,90,#95E663
98,57,90,#93E663
99,57,90,#90E663
100,57,90,#8EE663
101,57,90,#8CE663
102,57,90,#8AE663
103,57,90,#88E663
104,57,90,#86E663
105,57,90,#83E663
106,57,90,#81E663
107,57,90,#7FE663
108,57,90,#7DE663
109,57,90,#7BE663
110,57,90,#78E663
111,57,90,#76E663
112,57,90,#74E663
113,57,90,#72E663
114,57,90,#70E663
115,57,90,#6EE663
116,57,90,#6BE663
117,57,90,#69E663
118,57,90,#67E663
119,57,90,#65E663
120,57,90,#63E663
121,57,90,#63E665
122,57,90,#63E667
123,57,90,#63E669
124,57,90,#63E66B
125,57,90,#63E66E
126,57,90,#63E670
127,57,90,#63E672
128,57,90,#63E674
129,57,90,#63E676
130,57,90,#63E678
131,57,90,#63E67B
132,57,90,#63E67D
133,57,90,#63E67F
134,57,90,#63E681
135,57,90,#63E683
136,57,90,#63E686
137,57,90,#63E688
138,57,90,#63E68A
139,57,90,#63E68C
140,57,90,#63E68E
141,57,90,#63E690
142,57,90,#63E693
143,57,90,#63E695
144,57,90,#63E697
145,57,90,#63E699
146,57,90,#63E69B
147,57,90,#63E69E
148,57,90,#63E6A0
149,57,90,#63E6A2
150,57,90,#63E6A4
151,57,90,#63E6A6
152,57,90,#63E6A8
153,57,90,#63E6AB
154,57,90,#63E6AD
155,57,90,#63E6AF
156,57,90,#63E6B1
157,57,90,#63E6B3
158,57,90,#63E6B6
159,57,90,#63E6B8
160,57,90,#63E6BA
161,57,90,#63E6BC
162,57,90,#63E6BE
163,57,90,#63E6C0
164,57,90,#63E6C3
165,57,90,#63E6C5
166,57,90,#63E6C7
167,57,90,#63E6C9
168,57,90,#63E6CB
169,57,90,#63E6CE
170,57,90,#63E6D0
171,57,90,#63E6D2
172,57,90,#63E6D4
173,57,90,#63E6D6
174,57,90,#63E6D8
175,57,90,#63E6DB
176,57,90,#63E6DD
177,57,90,#63E6DF
178,57,90,#63E6E1
179,57,90,#63E6E3
180,57,90,#63E6E6
181,57,90,#63E3E6
182,57,90,#63E1E6
183,57,90,#63DFE6
184,57,90,#63DDE6
185,57,90,#63DBE6
186,57,90,#63D8E6
187,57,90,#63D6E6
188,57,90,#63D4E6
189,57,90,#63D2E6
190,57,90,#63D0E6
191,57,90,#63CEE6
192,57,90,#63CBE6
193,57,90,#63C9E6
194,57,90,#63C7E6
195,57,90,#63C5E6
196,57,90,#63C3E6
197,57,90,#63C0E6
198,57,90,#63BEE6
199,57,90,#63BCE6
200,57,90,#63BAE6
201,57,90,#63B8E6
202,57,90,#63B6E6
203,57,90,#63B3E6
204,57,90,#63B1E6
205,57,90,#63AFE6
206,57,90,#63ADE6
207,57,90,#63ABE6
208,57,90,#63A8E6
209,57,90,#63A6E6
210,57,90,#63A4E6
211,57,90,#63A2E6
212,57,90,#63A0E6
213,57,90,#639EE6
214,57,90,#639BE6
215,57,90,#6399E6
216,57,90,#6397E6
217,57,90,#6395E6
218,57,90,#6393E6
219,57,90,#6390E6
220,57,90,#638EE6
221,57,90,#638CE6
222,57,90,#638AE6
223,57,90,#6388E6
224,57,90,#6386E6
225,57,90,#6383E6
226,57,90,#6381E6
227,57,90,#637FE6
228,57,90,#637DE6
229,57,90,#637BE6
230,57,90,#6378E6
231,57,90,#6376E6
232,57,90,#6374E6
233,57,90,#6372E6
234,57,90,#6370E6
235,57,90,#636EE6
236,57,90,#636BE6
237,57,90,#6369E6
238,57,90,#6367E6
239,57,90,#6365E6
240,57,90,#6363E6
241,57,90,#6563E6
242,57,90,#6763E6
243,57,90,#6963E6
244,57,90,#6B63E6
245,57,90,#6E63E6
246,57,90,#7063E6
247,57,90,#7263E6
248,57,90,#7463E6
249,57,90,#7663E6
250,57,90,#7863E6
251,57,90,#7B63E6
252,57,90,#7D63E6
253,57,90,#7F63E6
254,57,90,#8163E6
255,57,90,#8363E6
256,57,90,#8663E6
257,57,90,#8863E6
258,57,90,#8A63E6
259,57,90,#8C63E6
260,57,90,#8E63E6
261,57,90,#9063E6
262,57,90,#9363E6
263,57,90,#9563E6
264,57,90,#9763E6
265,57,90,#9963E6
266,57,90,#9B63E6
267,57,90,#9E63E6
268,57,90,#A063E6
269,57,90,#A263E6
270,57,90,#A463E6
271,57,90,#A663E6
272,57,90,#A863E6
273,57,90,#AB63E6
274,57,90,#AD63E6
275,57,90,#AF63E6
276,57,90,#B163E6
277,57,90,#B363E6
278,57,90,#B663E6
279,57,90,#B863E6
280,57,90,#BA63E6
281,57,90,#BC63E6
282,57,90,#BE63E6
283,57,90,#C063E6
284,57,90,#C363E6
285,57,90,#C563E6
286,57,90,#C763E6
287,57,90,#C963E6
288,57,90,#CB63E6
289,57,90,#CE63E6
290,57,90,#D063E6
291,57,90,#D263E6
292,57,90,#D463E6
293,57,90,#D663E6
294,57,90,#D863E6
295,57,90,#DB63E6
296,57,90,#DD63E6
297,57,90,#DF63E6
298,57,90,#E163E6
299,57,90,#E363E6
300,57,90,#E663E6
301,57,90,#E663E3
302,57,90,#E663E1
303,57,90,#E663DF
304,57,90,#E663DD
305,57,90,#E663DB
306,57,90,#E663D8
307,57,90,#E663D6
308,57,90,#E663D4
309,57,90,#E663D2
310,57,90,#E663D0
311,57,90,#E663CE
312,57,90,#E663CB
313,57,90,#E663C9
314,57,90,#E663C7
315,57,90,#E663C5
316,57,90,#E663C3
317,57,90,#E663C0
318,57,90,#E663BE
319,57,90,#E663BC
320,57,90,#E663BA
321,57,90,#E663B8
322,57,90,#E663B6
323,57,90,#E663B3
324,57,90,#E663B1
325,57,90,#E663AF
326,57,90,#E663AD
327,57,90,#E663AB
328,57,90,#E663A8
329,57,90,#E663A6
330,57,90,#E663A4
331,57,90,#E663A2
332,57,90,#E663A0
333,57,90,#E6639E
334,57,90,#E6639B
335,57,90,#E66399
336,57,90,#E66397
337,57,90,#E66395
338,57,90,#E66393
339,57,90,#E66390
340,57,90,#E6638E
341,57,90,#E6638C
342,57,90,#E6638A
343,57,90,#E66388
344,57,90,#E66386
345,57,90,#E66383
346,57,90,#E66381
347,57,90,#E6637F
348,57,90,#E6637D
349,57,90,#E6637B
350,57,90,#E66378
351,57,90,#E66376
352,57,90,#E66374
353,57,90,#E66372
354,57,90,#E66370
355,57,90,#E6636E
356,57,90,#E6636B
357,57,90,#E66369
358,57,90,#E66367
359,57,90,#E66365
0,56,90,#E66565
1,56,90,#E66765
2,56,90,#E66965
3,56,90,#E66B65
4,56,90,#E66E65
5,56,90,#E67065
6,56,90,#E67265
7,56,90,#E67465
8,56,90,#E67665
9,56,90,#E67865
10,56,90,#E67A65
11,56,90,#E67D65
12,56,90,#E67F65
13,56,90,#E68165
14,56,90,#E68365
15,56,90,#E68565
16,56,90,#E68765
17,56,90,#E68965
18,56,90,#E68C65
19,56,90,#E68E65
20,56,90,#E69065
21,56,90,#E69265
22,56,90,#E69465
23,56,90,#E69665
24,56,90,#E69865
25,56,90,#E69B65
26,56,90,#E69D65
27,56,90,#E69F65
28,56,90,#E6A165
29,56,90,#E6A365
30,56,90,#E6A565
31,56,90,#E6A765
32,56,90,#E6AA65
33,56,90,#E6AC65
34,56,90,#E6AE65
35,56,90,#E6B065
36,56,90,#E6B265
37,56,90,#E6B465
38,56,90,#E6B665
39,56,90,#E6B965
40,56,90,#E6BB65
41,56,90,#E6BD65
42,56,90,#E6BF65
43,56,90,#E6C165
44,56,90,#E6C365
45,56,90,#E6C565
46,56,90,#E6C865
47,56,90,#E6CA65
48,56,90,#E6CC65
49,56,90,#E6CE65
50,56,90,#E6D065
51,56,90,#E6D265
52,56,90,#E6D465
53,56,90,#E6D765
54,56,90,#E6D965
55,56,90,#E6DB65
56,56,90,#E6DD65
57,56,90,#E6DF65
58,56,90,#E6E165
59,56,90,#E6E365
60,56,90,#E6E665
61,56,90,#E3E665
62,56,90,#E1E665
63,56,90,#DFE665
64,56,90,#DDE665
65,56,90,#DBE665
66,56,90,#D9E665
67,56,90,#D7E665
68,56,90,#D4E665
69,56,90,#D2E665
70,56,90,#D0E665
71,56,90,#CEE665
72,56,90,#CCE665
73,56,90,#CAE665
74,56,90,#C8E665
75,56,90,#C5E665
76,56,90,#C3E665
77,56,90,#C1E665
78,56,90,#BFE665
79,56,90,#BDE665
80,56,90,#BBE665
81,56,90,#B9E665
82,56,90,#B6E665
83,56,90,#B4E665
84,56,90,#B2E665
85,56,90,#B0E665
86,56,90,#AEE665
87,56,90,#ACE665
88,56,90,#AAE665
89,56,90,#A7E665
90,56,90,#A5E665
91,56,90,#A3E665
92,56,90,#A1E665
93,56,90,#9FE665
94,56,90,#9DE665
95,56,90,#9BE665
96,56,90,#98E665
97,56,90,#96E665
98,56,90,#94E665
99,56,90,#92E665
100,56,90,#90E665
101,56,90,#8EE665
102,56,90,#8CE665
103,56,90,#89E665
104,56,90,#87E665
105,56,90,#85E665
106,56,90,#83E665
107,56,90,#81E665
108,56,90,#7FE665
109,56,90,#7DE665
110,56,90,#7AE665
111,56,90,#78E665
112,56,90,#76E665
113,56,90,#74E665
114,56,90,#72E665
115,56,90,#70E665
116,56,90,#6EE665
117,56,90,#6BE665
118,56,90,#69E665
119,56,90,#67E665
120,56,90,#65E665
121,56,90,#65E667
122,56,90,#65E669
123,56,90,#65E66B
124,56,90,#65E66E
125,56,90,#65E670
126,56,90,#65E672
127,56,90,#65E674
128,56,90,#65E676
129,56,90,#65E678
130,56,90,#65E67A
131,56,90,#65E67D
132,56,90,#65E67F
133,56,90,#65E681
134,56,90,#65E683
135,56,90,#65E685
136,56,90,#65E687
137,56,90,#65E689
138,56,90,#65E68C
139,56,90,#65E68E
140,56,90,#65E690
141,56,90,#65E692
142,56,90,#65E694
143,56,90,#65E696
144,56,90,#65E698
145,56,90,#65E69B
146,56,90,#65E69D
147,56,90,#65E69F
148,56,90,#65E6A1
149,56,90,#65E6A3
150,56,90,#65E6A5
151,56,90,#65E6A7
152,56,90,#65E6AA
153,56,90,#65E6AC
154,56,90,#65E6AE
155,56,90,#65E6B0
156,56,90,#65E6B2
157,56,90,#65E6B4
158,56,90,#65E6B6
159,56,90,#65E6B9
160,56,90,#65E6BB
161,56,90,#65E6BD
162,56,90,#65E6BF
163,56,90,#65E6C1
164,56,90,#65E6C3
165,56,90,#65E6C5
166,56,90,#65E6C8
167,56,90,#65E6CA
168,56,90,#65E6CC
169,56,90,#65E6CE
170,56,90,#65E6D0
171,56,90,#65E6D2
172,56,90,#65E6D4
173,56,90,#65E6D7
174,56,90,#65E6D9
175,56,90,#65E6DB
176,56,90,#65E6DD
177,56,90,#65E6DF
178,56,90,#65E6E1
179,56,90,#65E6E3
180,56,90,#65E6E6
181,56,90,#65E3E6
182,56,90,#65E1E6
183,56,90,#65DFE6
184,56,90,#65DDE6
185,56,90,#65DBE6
186,56,90,#65D9E6
187,56,90,#65D7E6
188,56,90,#65D4E6
189,56,90,#65D2E6
190,56,90,#65D0E6
191,56,90,#65CEE6
192,56,90,#65CCE6
193,56,90,#65CAE6
194,56,90,#65C8E6
195,56,90,#65C5E6
196,56,90,#65C3E6
197,56,90,#65C1E6
198,56,90,#65BFE6
199,56,90,#65BDE6
200,56,90,#65BBE6
201,56,90,#65B9E6
202,56,90,#65B6E6
203,56,90,#65B4E6
204,56,90,#65B2E6
205,56,90,#65B0E6
206,56,90,#65AEE6
207,56,90,#65ACE6
208,56,90,#65AAE6
209,56,90,#65A7E6
210,56,90,#65A5E6
211,56,90,#65A3E6
212,56,90,#65A1E6
213,56,90,#659FE6
214,56,90,#659DE6
215,56,90,#659BE6
216,56,90,#6598E6
217,56,90,#6596E6
218,56,90,#6594E6
219,56,90,#6592E6
220,56,90,#6590E6
221,56,90,#658EE6
222,56,90,#658CE6
223,56,90,#6589E6
224,56,90,#6587E6
225,56,90,#6585E6
226,56,90,#6583E6
227,56,90,#6581E6
228,56,90,#657FE6
229,56,90,#657DE6
230,56,90,#657AE6
231,56,90,#6578E6
232,56,90,#6576E6
233,56,90,#6574E6
234,56,90,#6572E6
235,56,90,#6570E6
236,56,90,#656EE6
237,56,90,#656BE6
238,56,90,#6569E6
239,56,90,#6567E6
240,56,90,#6565E6
241,56,90,#6765E6
242,56,90,#6965E6
243,56,90,#6B65E6
244,56,90,#6E65E6
245,56,90,#7065E6
246,56,90,#7265E6
247,56,90,#7465E6
248,56,90,#7665E6
249,56,90,#7865E6
250,56,90,#7A65E6
251,56,90,#7D65E6
252,56,90,#7F65E6
253,56,90,#8165E6
254,56,90,#8365E6
255,56,90,#8565E6
256,56,90,#8765E6
257,56,90,#8965E6
258,56,90,#8C65E6
259,56,90,#8E65E6
260,56,90,#9065E6
261,56,90,#9265E6
262,56,90,#9465E6
263,56,90,#9665E6
264,56,90,#9865E6
265,56,90,#9B65E6
266,56,90,#9D65E6
267,56,90,#9F65E6
268,56,90,#A165E6
269,56,90,#A365E6
270,56,90,#A565E6
271,56,90,#A765E6
272,56,90,#AA65E6
273,56,90,#AC65E6
274,56,90,#AE65E6
275,56,90,#B065E6
276,56,90,#B265E6
277,56,90,#B465E6
278,56,90,#B665E6
279,56,90,#B965E6
280,56,90,#BB65E6
281,56,90,#BD65E6
282,56,90,#BF65E6
283,56,90,#C165E6
284,56,90,#C365E6
285,56,90,#C565E6
286,56,90,#C865E6
287,56,90,#CA65E6
288,56,90,#CC65E6
289,56,90,#CE65E6
290,56,90,#D065E6
291,56,90,#D265E6
292,56,90,#D465E6
293,56,90,#D765E6
294,56,90,#D965E6
295,56,90,#DB65E6
296,56,90,#DD65E6
297,56,90,#DF65E6
298,56,90,#E165E6
299,56,90,#E365E6
300,56,90,#E665E6
301,56,90,#E665E3
302,56,90,#E665E1
303,56,90,#E665DF
304,56,90,#E665DD
305,56,90,#E665DB
306,56,90,#E665D9
307,56,90,#E665D7
308,56,90,#E665D4
309,56,90,#E665D2
310,56,90,#E665D0
311,56,90,#E665CE
312,56,90,#E665CC
313,56,90,#E665CA
314,56,90,#E665C8
315,56,90,#E665C5
316,56,90,#E665C3
317,56,90,#E665C1
318,56,90,#E665BF
319,56,90,#E665BD
320,56,90,#E665BB
321,56,90,#E665B9
322,56,90,#E665B6
323,56,90,#E665B4
324,56,90,#E665B2
325,56,90,#E665B0
326,56,90,#E665AE
327,56,90,#E665AC
328,56,90,#E665AA
329,56,90,#E665A7
330,56,90,#E665A5
331,56,90,#E665A3
332,56,90,#E665A1
333,56,90,#E6659F
334,56,90,#E6659D
335,56,90,#E6659B
336,56,90,#E66598
337,56,90,#E66596
338,56,90,#E66594
339,56,90,#E66592
340,56,90,#E66590
341,56,90,#E6658E
342,56,90,#E6658C
343,56,90,#E66589
344,56,90,#E66587
345,56,90,#E66585
346,56,90,#E66583
347,56,90,#E66581
348,56,90,#E6657F
349,56,90,#E6657D
350,56,90,#E6657A
351,56,90,#E66578
352,56,90,#E66576
353,56,90,#E66574
354,56,90,#E66572
355,56,90,#E66570
356,56,90,#E6656E
357,56,90,#E6656B
358,56,90,#E66569
359,56,90,#E66567
0,55,90,#E66767
1,55,90,#E66967
2,55,90,#E66B67
3,55,90,#E66E67
4,55,90,#E67067
5,55,90,#E67267
6,55,90,#E67467
7,55,90,#E67667
8,55,90,#E67867
9,55,90,#E67A67
10,55,90,#E67C67
11,55,90,#E67E67
12,55,90,#E68167
13,55,90,#E68367
14,55,90,#E68567
15,55,90,#E68767
16,55,90,#E68967
17,55,90,#E68B67
18,55,90,#E68D67
19,55,90,#E68F67
20,55,90,#E69167
21,55,90,#E69367
22,55,90,#E69667
23,55,90,#E69867
24,55,90,#E69A67
25,55,90,#E69C67
26,55,90,#E69E67
27,55,90,#E6A067
28,55,90,#E6A267
29,55,90,#E6A467
30,55,90,#E6A667
31,55,90,#E6A867
32,55,90,#E6AB67
33,55,90,#E6AD67
34,55,90,#E6AF67
35,55,90,#E6B167
36,55,90,#E6B367
37,55,90,#E6B567
38,55,90,#E6B767
39,55,90,#E6B967
40,55,90,#E6BB67
41,55,90,#E6BE67
42,55,90,#E6C067
43,55,90,#E6C267
44,55,90,#E6C467
45,55,90,#E6C667
46,55,90,#E6C867
47,55,90,#E6CA67
48,55,90,#E6CC67
49,55,90,#E6CE67
50,55,90,#E6D067
51,55,90,#E6D367
52,55,90,#E6D567
53,55,90,#E6D767
54,55,90,#E6D967
55,55,90,#E6DB67
56,55,90,#E6DD67
57,55,90,#E6DF67
58,55,90,#E6E167
59,55,90,#E6E367
60,55,90,#E6E667
61,55,90,#E3E667
62,55,90,#E1E667
63,55,90,#DFE667
64,55,90,#DDE667
65,55,90,#DBE667
66,55,90,#D9E667
67,55,90,#D7E667
68,55,90,#D5E667
69,55,90,#D3E667
70,55,90,#D0E667
71,55,90,#CEE667
72,55,90,#CCE667
73,55,90,#CAE667
74,55,90,#C8E667
75,55,90,#C6E667
76,55,90,#C4E667
77,55,90,#C2E667
78,55,90,#C0E667
79,55,90,#BEE667
80,55,90,#BBE667
81,55,90,#B9E667
82,55,90,#B7E667
83,55,90,#B5E667
84,55,90,#B3E667
85,55,90,#B1E667
86,55,90,#AFE667
87,55,90,#ADE667
88,55,90,#ABE667
89,55,90,#A8E667
90,55,90,#A6E667
91,55,90,#A4E667
92,55,90,#A2E667
93,55,90,#A0E667
94,55,90,#9EE667
95,55,90,#9CE667
96,55,90,#9AE667
97,55,90,#98E667
98,55,90,#96E667
99,55,90,#93E667
100,55,90,#91E667
101,55,90,#8FE667
102,55,90,#8DE667
103,55,90,#8BE667
104,55,90,#89E667
105,55,90,#87E667
106,55,90,#85E667
107,55,90,#83E667
108,55,90,#81E667
109,55,90,#7EE667
110,55,90,#7CE667
111,55,90,#7AE667
112,55,90,#78E667
113,55,90,#76E667
114,55,90,#74E667
115,55,90,#72E667
116,55,90,#70E667
117,55,90,#6EE667
118,55,90,#6BE667
119,55,90,#69E667
120,55,90,#67E667
121,55,90,#67E669
122,55,90,#67E66B
123,55,90,#67E66E
124,55,90,#67E670
125,55,90,#67E672
126,55,90,#67E674
127,55,90,#67E676
128,55,90,#67E678
129,55,90,#67E67A
130,55,90,#67E67C
131,55,90,#67E67E
132,55,90,#67E681
133,55,90,#67E683
134,55,90,#67E685
135,55,90,#67E687
136,55,90,#67E689
137,55,90,#67E68B
138,55,90,#67E68D
139,55,90,#67E68F
140,55,90,#67E691
141,55,90,#67E693
142,55,90,#67E696
143,55,90,#67E698
144,55,90,#67E69A
145,55,90,#67E69C
146,55,90,#67E69E
147,55,90,#67E6A0
148,55,90,#67E6A2
149,55,90,#67E6A4
150,55,90,#67E6A6
151,55,90,#67E6A8
152,55,90,#67E6AB
153,55,90,#67E6AD
154,55,90,#67E6AF
155,55,90,#67E6B1
156,55,90,#67E6B3
157,55,90,#67E6B5
158,55,90,#67E6B7
159,55,90,#67E6B9
160,55,90,#67E6BB
161,55,90,#67E6BE
162,55,90,#67E6C0
163,55,90,#67E6C2
164,55,90,#67E6C4
165,55,90,#67E6C6
166,55,90,#67E6C8
167,55,90,#67E6CA
168,55,90,#67E6CC
169,55,90,#67E6CE
170,55,90,#67E6D0
171,55,90,#67E6D3
172,55,90,#67E6D5
173,55,90,#67E6D7
174,55,90,#67E6D9
175,55,90,#67E6DB
176,55,90,#67E6DD
177,55,90,#67E6DF
178,55,90,#67E6E1
179,55,90,#67E6E3
180,55,90,#67E6E6
181,55,90,#67E3E6
182,55,90,#67E1E6
183,55,90,#67DFE6
184,55,90,#67DDE6
185,55,90,#67DBE6
186,55,90,#67D9E6
187,55,90,#67D7E6
188,55,90,#67D5E6
189,55,90,#67D3E6
190,55,90,#67D0E6
191,55,90,#67CEE6
192,55,90,#67CCE6
193,55,90,#67CAE6
194,55,90,#67C8E6
195,55,90,#67C6E6
196,55,90,#67C4E6
197,55,90,#67C2E6
198,55,90,#67C0E6
199,55,90,#67BEE6
200,55,90,#67BBE6
201,55,90,#67B9E6
202,55,90,#67B7E6
203,55,90,#67B5E6
204,55,90,#67B3E6
205,55,90,#67B1E6
206,55,90,#67AFE6
207,55,90,#67ADE6
208,55,90,#67ABE6
209,55,90,#67A8E6
210,55,90,#67A6E6
211,55,90,#67A4E6
212,55,90,#67A2E6
213,55,90,#67A0E6
214,55,90,#679EE6
215,55,90,#679CE6
216,55,90,#679AE6
217,55,90,#6798E6
218,55,90,#6796E6
219,55,90,#6793E6
220,55,90,#6791E6
221,55,90,#678FE6
222,55,90,#678DE6
223,55,90,#678BE6
224,55,90,#6789E6
225,55,90,#6787E6
226,55,90,#6785E6
227,55,90,#6783E6
228,55,90,#6781E6
229,55,90,#677EE6
230,55,90,#677CE6
231,55,90,#677AE6
232,55,90,#6778E6
233,55,90,#6776E6
234,55,90,#6774E6
235,55,90,#6772E6
236,55,90,#6770E6
237,55,90,#676EE6
238,55,90,#676BE6
239,55,90,#6769E6
240,55,90,#6767E6
241,55,90,#6967E6
242,55,90,#6B67E6
243,55,90,#6E67E6
244,55,90,#7067E6
245,55,90,#7267E6
246,55,90,#7467E6
247,55,90,#7667E6
248,55,90,#7867E6
249,55,90,#7A67E6
250,55,90,#7C67E6
251,55,90,#7E67E6
252,55,90,#8167E6
253,55,90,#8367E6
254,55,90,#8567E6
255,55,90,#8767E6
256,55,90,#8967E6
257,55,90,#8B67E6
258,55,90,#8D67E6
259,55,90,#8F67E6
260,55,90,#9167E6
261,55,90,#9367E6
262,55,90,#9667E6
263,55,90,#9867E6
264,55,90,#9A67E6
265,55,90,#9C67E6
266,55,90,#9E67E6
267,55,90,#A067E6
268,55,90,#A267E6
269,55,90,#A467E6
270,55,90,#A667E6
271,55,90,#A867E6
272,55,90,#AB67E6
273,55,90,#AD67E6
274,55,90,#AF67E6
275,55,90,#B167E6
276,55,90,#B367E6
277,55,90,#B567E6
278,55,90,#B767E6
279,55,90,#B967E6
280,55,90,#BB67E6
281,55,90,#BE67E6
282,55,90,#C067E6
283,55,90,#C267E6
284,55,90,#C467E6
285,55,90,#C667E6
286,55,90,#C867E6
287,55,90,#CA67E6
288,55,90,#CC67E6
289,55,90,#CE67E6
290,55,90,#D067E6
291,55,90,#D367E6
292,55,90,#D567E6
293,55,90,#D767E6
294,55,90,#D967E6
295,55,90,#DB67E6
296,55,90,#DD67E6
297,55,90,#DF67E6
298,55,90,#E167E6
299,55,90,#E367E6
300,55,90,#E667E6
301,55,90,#E667E3
302,55,90,#E667E1
303,55,90,#E667DF
304,55,90,#E667DD
305,55,90,#E667DB
306,55,90,#E667D9
307,55,90,#E667D7
308,55,90,#E667D5
309,55,90,#E667D3
310,55,90,#E667D0
311,55,90,#E667CE
312,55,90,#E667CC
313,55,90,#E667CA
314,55,90,#E667C8
315,55,90,#E667C6
316,55,90,#E667C4
317,55,90,#E667C2
318,55,90,#E667C0
319,55,90,#E667BE
320,55,90,#E667BB
321,55,90,#E667B9
322,55,90,#E667B7
323,55,90,#E667B5
324,55,90,#E667B3
325,55,90,#E667B1
326,55,90,#E667AF
327,55,90,#E667AD
328,55,90,#E667AB
329,55,90,#E667A8
330,55,90,#E667A6
331,55,90,#E667A4
332,55,90,#E667A2
333,55,90,#E667A0
334,55,90,#E6679E
335,55,90,#E6679C
336,55,90,#E6679A
337,55,90,#E66798
338,55,90,#E66796
339,55,90,#E66793
340,55,90,#E66791
341,55,90,#E6678F
342,55,90,#E6678D
343,55,90,#E6678B
344,55,90,#E66789
345,55,90,#E66787
346,55,90,#E66785
347,55,90,#E66783
348,55,90,#E66781
349,55,90,#E6677E
350,55,90,#E6677C
351,55,90,#E6677A
352,55,90,#E66778
353,55,90,#E66776
354,55,90,#E66774
355,55,90,#E66772
356,55,90,#E66770
357,55,90,#E6676E
358,55,90,#E6676B
359,55,90,#E66769
0,54,90,#E66A6A
1,54,90,#E66C6A
2,54,90,#E66E6A
3,54,90,#E6706A
4,54,90,#E6726A
5,54,90,#E6746A
6,54,90,#E6766A
7,54,90,#E6786A
8,54,90,#E67A6A
9,54,90,#E67C6A
10,54,90,#E67E6A
11,54,90,#E6806A
12,54,90,#E6826A
13,54,90,#E6846A
14,54,90,#E6866A
15,54,90,#E6896A
16,54,90,#E68B6A
17,54,90,#E68D6A
18,54,90,#E68F6A
19,54,90,#E6916A
20,54,90,#E6936A
21,54,90,#E6956A
22,54,90,#E6976A
23,54,90,#E6996A
24,54,90,#E69B6A
25,54,90,#E69D6A
26,54,90,#E69F6A
27,54,90,#E6A16A
28,54,90,#E6A36A
29,54,90,#E6A56A
30,54,90,#E6A86A
31,54,90,#E6AA6A
32,54,90,#E6AC6A
33,54,90,#E6AE6A
34,54,90,#E6B06A
35,54,90,#E6B26A
36,54,90,#E6B46A
37,54,90,#E6B66A
38,54,90,#E6B86A
39,54,90,#E6BA6A
40,54,90,#E6BC6A
41,54,90,#E6BE6A
42,54,90,#E6C06A
43,54,90,#E6C26A
44,54,90,#E6C46A
45,54,90,#E6C76A
46,54,90,#E6C96A
47,54,90,#E6CB6A
48,54,90,#E6CD6A
49,54,90,#E6CF6A
50,54,90,#E6D16A
51,54,90,#E6D36A
52,54,90,#E6D56A
53,54,90,#E6D76A
54,54,90,#E6D96A
55,54,90,#E6DB6A
56,54,90,#E6DD6A
57,54,90,#E6DF6A
58,54,90,#E6E16A
59,54,90,#E6E36A
60,54,90,#E6E66A
61,54,90,#E3E66A
62,54,90,#E1E66A
63,54,90,#DFE66A
64,54,90,#DDE66A
65,54,90,#DBE66A
66,54,90,#D9E66A
67,54,90,#D7E66A
68,54,90,#D5E66A
69,54,90,#D3E66A
70,54,90,#D1E66A
71,54,90,#CFE66A
72,54,90,#CDE66A
73,54,90,#CBE66A
74,54,90,#C9E66A
75,54,90,#C7E66A
76,54,90,#C4E66A
77,54,90,#C2E66A
78,54,90,#C0E66A
79,54,90,#BEE66A
80,54,90,#BCE66A
81,54,90,#BAE66A
82,54,90,#B8E66A
83,54,90,#B6E66A
84,54,90,#B4E66A
85,54,90,#B2E66A
86,54,90,#B0E66A
87,54,90,#AEE66A
88,54,90,#ACE66A
89,54,90,#AAE66A
90,54,90,#A8E66A
91,54,90,#A5E66A
92,54,90,#A3E66A
93,54,90,#A1E66A
94,54,90,#9FE66A
95,54,90,#9DE66A
96,54,90,#9BE66A
97,54,90,#99E66A
98,54,90,#97E66A
99,54,90,#95E66A
100,54,90,#93E66A
101,54,90,#91E66A
102,54,90,#8FE66A
103,54,90,#8DE66A
104,54,90,#8BE66A
105,54,90,#89E66A
106,54,90,#86E66A
107,54,90,#84E66A
108,54,90,#82E66A
109,54,90,#80E66A
110,54,90,#7EE66A
111,54,90,#7CE66A
112,54,90,#7AE66A
113,54,90,#78E66A
114,54,90,#76E66A
115,54,90,#74E66A
116,54,90,#72E66A
117,54,90,#70E66A
118,54,90,#6EE66A
119,54,90,#6CE66A
120,54,90,#6AE66A
121,54,90,#6AE66C
122,54,90,#6AE66E
123,54,90,#6AE670
124,54,90,#6AE672
125,54,90,#6AE674
126,54,90,#6AE676
127,54,90,#6AE678
128,54,90,#6AE67A
129,54,90,#6AE67C
130,54,90,#6AE67E
131,54,90,#6AE680
132,54,90,#6AE682
133,54,90,#6AE684
134,54,90,#6AE686
135,54,90,#6AE689
136,54,90,#6AE68B
137,54,90,#6AE68D
138,54,90,#6AE68F
139,54,90,#6AE691
140,54,90,#6AE693
141,54,90,#6AE695
142,54,90,#6AE697
143,54,90,#6AE699
144,54,90,#6AE69B
145,54,90,#6AE69D
146,54,90,#6AE69F
147,54,90,#6AE6A1
148,54,90,#6AE6A3
149,54,90,#6AE6A5
150,54,90,#6AE6A8
151,54,90,#6AE6AA
152,54,90,#6AE6AC
153,54,90,#6AE6AE
154,54,90,#6AE6B0
155,54,90,#6AE6B2
156,54,90,#6AE6B4
157,54,90,#6AE6B6
158,54,90,#6AE6B8
159,54,90,#6AE6BA
160,54,90,#6AE6BC
161,54,90,#6AE6BE
162,54,90,#6AE6C0
163,54,90,#6AE6C2
164,54,90,#6AE6C4
165,54,90,#6AE6C7
166,54,90,#6AE6C9
167,54,90,#6AE6CB
168,54,90,#6AE6CD
169,54,90,#6AE6CF
170,54,90,#6AE6D1
171,54,90,#6AE6D3
172,54,90,#6AE6D5
173,54,90,#6AE6D7
174,54,90,#6AE6D9
175,54,90,#6AE6DB
176,54,90,#6AE6DD
177,54,90,#6AE6DF
178,54,90,#6AE6E1
179,54,90,#6AE6E3
180,54,90,#6AE6E6
181,54,90,#6AE3E6
182,54,90,#6AE1E6
183,54,90,#6ADFE6
184,54,90,#6ADDE6
185,54,90,#6ADBE6
186,54,90,#6AD9E6
187,54,90,#6AD7E6
188,54,90,#6AD5E6
189,54,90,#6AD3E6
190,54,90,#6AD1E6
191,54,90,#6ACFE6
192,54,90,#6ACDE6
193,54,90,#6ACBE6
194,54,90,#6AC9E6
195,54,90,#6AC7E6
196,54,90,#6AC4E6
197,54,90,#6AC2E6
198,54,90,#6AC0E6
199,54,90,#6ABEE6
200,54,90,#6ABCE6
201,54,90,#6ABAE6
202,54,90,#6AB8E6
203,54,90,#6AB6E6
204,54,90,#6AB4E6
205,54,90,#6AB2E6
206,54,90,#6AB0E6
207,54,90,#6AAEE6
208,54,90,#6AACE6
209,54,90,#6AAAE6
210,54,90,#6AA8E6
211,54,90,#6AA5E6
212,54,90,#6AA3E6
213,54,90,#6AA1E6
214,54,90,#6A9FE6
215,54,90,#6A9DE6
216,54,90,#6A9BE6
217,54,90,#6A99E6
218,54,90,#6A97E6
219,54,90,#6A95E6
220,54,90,#6A93E6
221,54,90,#6A91E6
222,54,90,#6A8FE6
223,54,90,#6A8DE6
224,54,90,#6A8BE6
225,54,90,#6A89E6
226,54,90,#6A86E6
227,54,90,#6A84E6
228,54,90,#6A82E6
229,54,90,#6A80E6
230,54,90,#6A7EE6
231,54,90,#6A7CE6
232,54,90,#6A7AE6
233,54,90,#6A78E6
234,54,90,#6A76E6
235,54,90,#6A74E6
236,54,90,#6A72E6
237,54,90,#6A70E6
238,54,90,#6A6EE6
239,54,90,#6A6CE6
240,54,90,#6A6AE6
241,54,90,#6C6AE6
242,54,90,#6E6AE6
243,54,90,#706AE6
244,54,90,#726AE6
245,54,90,#746AE6
246,54,90,#766AE6
247,54,90,#786AE6
248,54,90,#7A6AE6
249,54,90,#7C6AE6
250,54,90,#7E6AE6
251,54,90,#806AE6
252,54,90,#826AE6
253,54,90,#846AE6
254,54,90,#866AE6
255,54,90,#896AE6
256,54,90,#8B6AE6
257,54,90,#8D6AE6
258,54,90,#8F6AE6
259,54,90,#916AE6
260,54,90,#936AE6
261,54,90,#956AE6
262,54,90,#976AE6
263,54,90,#996AE6
264,54,90,#9B6AE6
265,54,90,#9D6AE6
266,54,90,#9F6AE6
267,54,90,#A16AE6
268,54,90,#A36AE6
269,54,90,#A56AE6
270,54,90,#A86AE6
271,54,90,#AA6AE6
272,54,90,#AC6AE6
273,54,90,#AE6AE6
274,54,90,#B06AE6
275,54,90,#B26AE6
276,54,90,#B46AE6
277,54,90,#B66AE6
278,54,90,#B86AE6
279,54,90,#BA6AE6
280,54,90,#BC6AE6
281,54,90,#BE6AE6
282,54,90,#C06AE6
283,54,90,#C26AE6
284,54,90,#C46AE6
285,54,90,#C76AE6
286,54,90,#C96AE6
287,54,90,#CB6AE6
288,54,90,#CD6AE6
289,54,90,#CF6AE6
290,54,90,#D16AE6
291,54,90,#D36AE6
292,54,90,#D56AE6
293,54,90,#D76AE6
294,54,90,#D96AE6
295,54,90,#DB6AE6
296,54,90,#DD6AE6
297,54,90,#DF6AE6
298,54,90,#E16AE6
299,54,90,#E36AE6
300,54,90,#E66AE6
301,54,90,#E66AE3
302,54,90,#E66AE1
303,54,90,#E66ADF
304,54,90,#E66ADD
305,54,90,#E66ADB
306,54,90,#E66AD9
307,54,90,#E66AD7
308,54,90,#E66AD5
309,54,90,#E66AD3
310,54,90,#E66AD1
311,54,90,#E66ACF
312,54,90,#E66ACD
313,54,90,#E66ACB
314,54,90,#E66AC9
315,54,90,#E66AC7
316,54,90,#E66AC4
317,54,90,#E66AC2
318,54,90,#E66AC0
319,54,90,#E66ABE
320,54,90,#E66ABC
321,54,90,#E66ABA
322,54,90,#E66AB8
323,54,90,#E66AB6
324,54,90,#E66AB4
325,54,90,#E66AB2
326,54,90,#E66AB0
327,54,90,#E66AAE
328,54,90,#E66AAC
329,54,90,#E66AAA
330,54,90,#E66AA8
331,54,90,#E66AA5
332,54,90,#E66AA3
333,54,90,#E66AA1
334,54,90,#E66A9F
335,54,90,#E66A9D
336,54,90,#E66A9B
337,54,90,#E66A99
338,54,90,#E66A97
339,54,90,#E66A95
340,54,90,#E66A93
341,54,90,#E66A91
342,54,90,#E66A8F
343,54,90,#E66A8D
344,54,90,#E66A8B
345,54,90,#E66A89
346,54,90,#E66A86
347,54,90,#E66A84
348,54,90,#E66A82
349,54,90,#E66A80
350,54,90,#E66A7E
351,54,90,#E66A7C
352,54,90,#E66A7A
353,54,90,#E66A78
354,54,90,#E66A76
355,54,90,#E66A74
356,54,90,#E66A72
357,54,90,#E66A70
358,54,90,#E66A6E
359,54,90,#E66A6C
0,53,90,#E66C6C
1,53,90,#E66E6C
2,53,90,#E6706C
3,53,90,#E6726C
4,53,90,#E6746C
5,53,90,#E6766C
6,53,90,#E6786C
7,53,90,#E67A6C
8,53,90,#E67C6C
9,53,90,#E67E6C
10,53,90,#E6806C
11,53,90,#E6826C
12,53,90,#E6846C
13,53,90,#E6866C
14,53,90,#E6886C
15,53,90,#E68A6C
16,53,90,#E68C6C
17,53,90,#E68E6C
18,53,90,#E6906C
19,53,90,#E6926C
20,53,90,#E6946C
21,53,90,#E6966C
22,53,90,#E6986C
23,53,90,#E69A6C
24,53,90,#E69D6C
25,53,90,#E69F6C
26,53,90,#E6A16C
27,53,90,#E6A36C
28,53,90,#E6A56C
29,53,90,#E6A76C
30,53,90,#E6A96C
31,53,90,#E6AB6C
32,53,90,#E6AD6C
33,53,90,#E6AF6C
34,53,90,#E6B16C
35,53,90,#E6B36C
36,53,90,#E6B56C
37,53,90,#E6B76C
38,53,90,#E6B96C
39,53,90,#E6BB6C
40,53,90,#E6BD6C
41,53,90,#E6BF6C
42,53,90,#E6C16C
43,53,90,#E6C36C
44,53,90,#E6C56C
45,53,90,#E6C76C
46,53,90,#E6C96C
47,53,90,#E6CB6C
48,53,90,#E6CD6C
49,53,90,#E6CF6C
50,53,90,#E6D16C
51,53,90,#E6D36C
52,53,90,#E6D56C
53,53,90,#E6D76C
54,53,90,#E6D96C
55,53,90,#E6DB6C
56,53,90,#E6DD6C
57,53,90,#E6DF6C
58,53,90,#E6E16C
59,53,90,#E6E36C
60,53,90,#E6E66C
61,53,90,#E3E66C
62,53,90,#E1E66C
63,53,90,#DFE66C
64,53,90,#DDE66C
65,53,90,#DBE66C
66,53,90,#D9E66C
67,53,90,#D7E66C
68,53,90,#D5E66C
69,53,90,#D3E66C
70,53,90,#D1E66C
71,53,90,#CFE66C
72,53,90,#CDE66C
73,53,90,#CBE66C
74,53,90,#C9E66C
75,53,90,#C7E66C
76,53,90,#C5E66C
77,53,90,#C3E66C
78,53,90,#C1E66C
79,53,90,#BFE66C
80,53,90,#BDE66C
81,53,90,#BBE66C
82,53,90,#B9E66C
83,53,90,#B7E66C
84,53,90,#B5E66C
85,53,90,#B3E66C
86,53,90,#B1E66C
87,53,90,#AFE66C
88,53,90,#ADE66C
89,53,90,#ABE66C
90,53,90,#A9E66C
91,53,90,#A7E66C
92,53,90,#A5E66C
93,53,90,#A3E66C
94,53,90,#A1E66C
95,53,90,#9FE66C
96,53,90,#9DE66C
97,53,90,#9AE66C
98,53,90,#98E66C
99,53,90,#96E66C
100,53,90,#94E66C
101,53,90,#92E66C
102,53,90,#90E66C
103,53,90,#8EE66C
104,53,90,#8CE66C
105,53,90,#8AE66C
106,53,90,#88E66C
107,53,90,#86E66C
108,53,90,#84E66C
109,53,90,#82E66C
110,53,90,#80E66C
111,53,90,#7EE66C
112,53,90,#7CE66C
113,53,90,#7AE66C
114,53,90,#78E66C
115,53,90,#76E66C
116,53,90,#74E66C
117,53,90,#72E66C
118,53,90,#70E66C
119,53,90,#6EE66C
120,53,90,#6CE66C
121,53,90,#6CE66E
122,53,90,#6CE670
123,53,90,#6CE672
124,53,90,#6CE674
125,53,90,#6CE676
126,53,90,#6CE678
127,53,90,#6CE67A
128,53,90,#6CE67C
129,53,90,#6CE67E
130,53,90,#6CE680
131,53,90,#6CE682
132,53,90,#6CE684
133,53,90,#6CE686
134,53,90,#6CE688
135,53,90,#6CE68A
136,53,90,#6CE68C
137,53,90,#6CE68E
138,53,90,#6CE690
139,53,90,#6CE692
140,53,90,#6CE694
141,53,90,#6CE696
142,53,90,#6CE698
143,53,90,#6CE69A
144,53,90,#6CE69D
145,53,90,#6CE69F
146,53,90,#6CE6A1
147,53,90,#6CE6A3
148,53,90,#6CE6A5
149,53,90,#6CE6A7
150,53,90,#6CE6A9
151,53,90,#6CE6AB
152,53,90,#6CE6AD
153,53,90,#6CE6AF
154,53,90,#6CE6B1
155,53,90,#6CE6B3
156,53,90,#6CE6B5
157,53,90,#6CE6B7
158,53,90,#6CE6B9
159,53,90,#6CE6BB
160,53,90,#6CE6BD
161,53,90,#6CE6BF
162,53,90,#6CE6C1
163,53,90,#6CE6C3
164,53,90,#6CE6C5
165,53,90,#6CE6C7
166,53,90,#6CE6C9
167,53,90,#6CE6CB
168,53,90,#6CE6CD
169,53,90,#6CE6CF
170,53,90,#6CE6D1
171,53,90,#6CE6D3
172,53,90,#6CE6D5
173,53,90,#6CE6D7
174,53,90,#6CE6D9
175,53,90,#6CE6DB
176,53,90,#6CE6DD
177,53,90,#6CE6DF
178,53,90,#6CE6E1
179,53,90,#6CE6E3
180,53,90,#6CE6E6
181,53,90,#6CE3E6
182,53,90,#6CE1E6
183,53,90,#6CDFE6
184,53,90,#6CDDE6
185,53,90,#6CDBE6
186,53,90,#6CD9E6
187,53,90,#6CD7E6
188,53,90,#6CD5E6
189,53,90,#6CD3E6
190,53,90,#6CD1E6
191,53,90,#6CCFE6
192,53,90,#6CCDE6
193,53,90,#6CCBE6
194,53,90,#6CC9E6
195,53,90,#6CC7E6
196,53,90,#6CC5E6
197,53,90,#6CC3E6
198,53,90,#6CC1E6
199,53,90,#6CBFE6
200,53,90,#6CBDE6
201,53,90,#6CBBE6
202,53,90,#6CB9E6
203,53,90,#6CB7E6
204,53,90,#6CB5E6
205,53,90,#6CB3E6
206,53,90,#6CB1E6
207,53,90,#6CAFE6
208,53,90,#6CADE6
209,53,90,#6CABE6
210,53,90,#6CA9E6
211,53,90,#6CA7E6
212,53,90,#6CA5E6
213,53,90,#6CA3E6
214,53,90,#6CA1E6
215,53,90,#6C9FE6
216,53,90,#6C9DE6
217,53,90,#6C9AE6
218,53,90,#6C98E6
219,53,90,#6C96E6
220,53,90,#6C94E6
221,53,90,#6C92E6
222,53,90,#6C90E6
223,53,90,#6C8EE6
224,53,90,#6C8CE6
225,53,90,#6C8AE6
226,53,90,#6C88E6
227,53,90,#6C86E6
228,53,90,#6C84E6
229,53,90,#6C82E6
230,53,90,#6C80E6
231,53,90,#6C7EE6
232,53,90,#6C7CE6
233,53,90,#6C7AE6
234,53,90,#6C78E6
235,53,90,#6C76E6
236,53,90,#6C74E6
237,53,90,#6C72E6
238,53,90,#6C70E6
239,53,90,#6C6EE6
240,53,90,#6C6CE6
241,53,90,#6E6CE6
242,53,90,#706CE6
243,53,90,#726CE6
244,53,90,#746CE6
245,53,90,#766CE6
246,53,90,#786CE6
247,53,90,#7A6CE6
248,53,90,#7C6CE6
249,53,90,#7E6CE6
250,53,90,#806CE6
251,53,90,#826CE6
252,53,90,#846CE6
253,53,90,#866CE6
254,53,90,#886CE6
255,53,90,#8A6CE6
256,53,90,#8C6CE6
257,53,90,#8E6CE6
258,53,90,#906CE6
259,53,90,#926CE6
260,53,90,#946CE6
261,53,90,#966CE6
262,53,90,#986CE6
263,53,90,#9A6CE6
264,53,90,#9D6CE6
265,53,90,#9F6CE6
266,53,90,#A16CE6
267,53,90,#A36CE6
268,53,90,#A56CE6
269,53,90,#A76CE6
270,53,90,#A96CE6
271,53,90,#AB6CE6
272,53,90,#AD6CE6
273,53,90,#AF6CE6
274,53,90,#B16CE6
275,53,90,#B36CE6
276,53,90,#B56CE6
277,53,90,#B76CE6
278,53,90,#B96CE6
279,53,90,#BB6CE6
280,53,90,#BD6CE6
281,53,90,#BF6CE6
282,53,90,#C16CE6
283,53,90,#C36CE6
284,53,90,#C56CE6
285,53,90,#C76CE6
286,53,90,#C96CE6
287,53,90,#CB6CE6
288,53,90,#CD6CE6
289,53,90,#CF6CE6
290,53,90,#D16CE6
291,53,90,#D36CE6
292,53,90,#D56CE6
293,53,90,#D76CE6
294,53,90,#D96CE6
295,53,90,#DB6CE6
296,53,90,#DD6CE6
297,53,90,#DF6CE6
298,53,90,#E16CE6
299,53,90,#E36CE6
300,53,90,#E66CE6
301,53,90,#E66CE3
302,53,90,#E66CE1
303,53,90,#E66CDF
304,53,90,#E66CDD
305,53,90,#E66CDB
306,53,90,#E66CD9
307,53,90,#E66CD7
308,53,90,#E66CD5
309,53,90,#E66CD3
310,53,90,#E66CD1
311,53,90,#E66CCF
312,53,90,#E66CCD
313,53,90,#E66CCB
314,53,90,#E66CC9
315,53,90,#E66CC7
316,53,90,#E66CC5
317,53,90,#E66CC3
318,53,90,#E66CC1
319,53,90,#E66CBF
320,53,90,#E66CBD
321,53,90,#E66CBB
322,53,90,#E66CB9
323,53,90,#E66CB7
324,53,90,#E66CB5
325,53,90,#E66CB3
326,53,90,#E66CB1
327,53,90,#E66CAF
328,53,90,#E66CAD
329,53,90,#E66CAB
330,53,90,#E66CA9
331,53,90,#E66CA7
332,53,90,#E66CA5
333,53,90,#E66CA3
334,53,90,#E66CA1
335,53,90,#E66C9F
336,53,90,#E66C9D
337,53,90,#E66C9A
338,53,90,#E66C98
339,53,90,#E66C96
340,53,90,#E66C94
341,53,90,#E66C92
342,53,90,#E66C90
343,53,90,#E66C8E
344,53,90,#E66C8C
345,53,90,#E66C8A
346,53,90,#E66C88
347,53,90,#E66C86
348,53,90,#E66C84
349,53,90,#E66C82
350,53,90,#E66C80
351,53,90,#E66C7E
352,53,90,#E66C7C
353,53,90,#E66C7A
354,53,90,#E66C78
355,53,90,#E66C76
356,53,90,#E66C74
357,53,90,#E66C72
358,53,90,#E66C70
359,53,90,#E66C6E
0,52,90,#E66E6E
1,52,90,#E6706E
2,52,90,#E6726E
3,52,90,#E6746E
4,52,90,#E6766E
5,52,90,#E6786E
6,52,90,#E67A6E
7,52,90,#E67C6E
8,52,90,#E67E6E
9,52,90,#E6806E
10,52,90,#E6826E
11,52,90,#E6846E
12,52,90,#E6866E
13,52,90,#E6886E
14,52,90,#E68A6E
15,52,90,#E68C6E
16,52,90,#E68E6E
17,52,90,#E6906E
18,52,90,#E6926E
19,52,90,#E6946E
20,52,90,#E6966E
21,52,90,#E6986E
22,52,90,#E69A6E
23,52,90,#E69C6E
24,52,90,#E69E6E
25,52,90,#E6A06E
26,52,90,#E6A26E
27,52,90,#E6A46E
28,52,90,#E6A66E
29,52,90,#E6A86E
30,52,90,#E6AA6E
31,52,90,#E6AC6E
32,52,90,#E6AE6E
33,52,90,#E6B06E
34,52,90,#E6B26E
35,52,90,#E6B46E
36,52,90,#E6B66E
37,52,90,#E6B86E
38,52,90,#E6BA6E
39,52,90,#E6BC6E
40,52,90,#E6BE6E
41,52,90,#E6C06E
42,52,90,#E6C26E
43,52,90,#E6C46E
44,52,90,#E6C66E
45,52,90,#E6C86E
46,52,90,#E6CA6E
47,52,90,#E6CC6E
48,52,90,#E6CE6E
49,52,90,#E6D06E
50,52,90,#E6D26E
51,52,90,#E6D46E
52,52,90,#E6D66E
53,52,90,#E6D86E
54,52,90,#E6DA6E
55,52,90,#E6DC6E
56,52,90,#E6DE6E
57,52,90,#E6E06E
58,52,90,#E6E26E
59,52,90,#E6E46E
60,52,90,#E6E66E
61,52,90,#E4E66E
62,52,90,#E2E66E
63,52,90,#E0E66E
64,52,90,#DEE66E
65,52,90,#DCE66E
66,52,90,#DAE66E
67,52,90,#D8E66E
68,52,90,#D6E66E
69,52,90,#D4E66E
70,52,90,#D2E66E
71,52,90,#D0E66E
72,52,90,#CEE66E
73,52,90,#CCE66E
74,52,90,#CAE66E
75,52,90,#C8E66E
76,52,90,#C6E66E
77,52,90,#C4E66E
78,52,90,#C2E66E
79,52,90,#C0E66E
80,52,90,#BEE66E
81,52,90,#BCE66E
82,52,90,#BAE66E
83,52,90,#B8E66E
84,52,90,#B6E66E
85,52,90,#B4E66E
86,52,90,#B2E66E
87,52,90,#B0E66E
88,52,90,#AEE66E
89,52,90,#ACE66E
90,52,90,#AAE66E
91,52,90,#A8E66E
92,52,90,#A6E66E
93,52,90,#A4E66E
94,52,90,#A2E66E
95,52,90,#A0E66E
96,52,90,#9EE66E
97,52,90,#9CE66E
98,52,90,#9AE66E
99,52,90,#98E66E
100,52,90,#96E66E
101,52,90,#94E66E
102,52,90,#92E66E
103,52,90,#90E66E
104,52,90,#8EE66E
105,52,90,#8CE66E
106,52,90,#8AE66E
107,52,90,#88E66E
108,52,90,#86E66E
109,52,90,#84E66E
110,52,90,#82E66E
111,52,90,#80E66E
112,52,90,#7EE66E
113,52,90,#7CE66E
114,52,90,#7AE66E
115,52,90,#78E66E
116,52,90,#76E66E
117,52,90,#74E66E
118,52,90,#72E66E
119,52,90,#70E66E
120,52,90,#6EE66E
121,52,90,#6EE670
122,52,90,#6EE672
123,52,90,#6EE674
124,52,90,#6EE676
125,52,90,#6EE678
126,52,90,#6EE67A
127,52,90,#6EE67C
128,52,90,#6EE67E
129,52,90,#6EE680
130,52,90,#6EE682
131,52,90,#6EE684
132,52,90,#6EE686
133,52,90,#6EE688
134,52,90,#6EE68A
135,52,90,#6EE68C
136,52,90,#6EE68E
137,52,90,#6EE690
138,52,90,#6EE692
139,52,90,#6EE694
140,52,90,#6EE696
141,52,90,#6EE698
142,52,90,#6EE69A
143,52,90,#6EE69C
144,52,90,#6EE69E
145,52,90,#6EE6A0
146,52,90,#6EE6A2
147,52,90,#6EE6A4
148,52,90,#6EE6A6
149,52,90,#6EE6A8
150,52,90,#6EE6AA
151,52,90,#6EE6AC
152,52,90,#6EE6AE
153,52,90,#6EE6B0
154,52,90,#6EE6B2
155,52,90,#6EE6B4
156,52,90,#6EE6B6
157,52,90,#6EE6B8
158,52,90,#6EE6BA
159,52,90,#6EE6BC
160,52,90,#6EE6BE
161,52,90,#6EE6C0
162,52,90,#6EE6C2
163,52,90,#6EE6C4
164,52,90,#6EE6C6
165,52,90,#6EE6C8
166,52,90,#6EE6CA
167,52,90,#6EE6CC
168,52,90,#6EE6CE
169,52,90,#6EE6D0
170,52,90,#6EE6D2
171,52,90,#6EE6D4
172,52,90,#6EE6D6
173,52,90,#6EE6D8
174,52,90,#6EE6DA
175,52,90,#6EE6DC
176,52,90,#6EE6DE
177,52,90,#6EE6E0
178,52,90,#6EE6E2
179,52,90,#6EE6E4
180,52,90,#6EE6E6
181,52,90,#6EE4E6
182,52,90,#6EE2E6
183,52,90,#6EE0E6
184,52,90,#6EDEE6
185,52,90,#6EDCE6
186,52,90,#6EDAE6
187,52,90,#6ED8E6
188,52,90,#6ED6E6
189,52,90,#6ED4E6
190,52,90,#6ED2E6
191,52,90,#6ED0E6
192,52,90,#6ECEE6
193,52,90,#6ECCE6
194,52,90,#6ECAE6
195,52,90,#6EC8E6
196,52,90,#6EC6E6
197,52,90,#6EC4E6
198,52,90,#6EC2E6
199,52,90,#6EC0E6
200,52,90,#6EBEE6
201,52,90,#6EBCE6
202,52,90,#6EBAE6
203,52,90,#6EB8E6
204,52,90,#6EB6E6
205,52,90,#6EB4E6
206,52,90,#6EB2E6
207,52,90,#6EB0E6
208,52,90,#6EAEE6
209,52,90,#6EACE6
210,52,90,#6EAAE6
211,52,90,#6EA8E6
212,52,90,#6EA6E6
213,52,90,#6EA4E6
214,52,90,#6EA2E6
215,52,90,#6EA0E6
216,52,90,#6E9EE6
217,52,90,#6E9CE6
218,52,90,#6E9AE6
219,52,90,#6E98E6
220,52,90,#6E96E6
221,52,90,#6E94E6
222,52,90,#6E92E6
223,52,90,#6E90E6
224,52,90,#6E8EE6
225,52,90,#6E8CE6
226,52,90,#6E8AE6
227,52,90,#6E88E6
228,52,90,#6E86E6
229,52,90,#6E84E6
230,52,90,#6E82E6
231,52,90,#6E80E6
232,52,90,#6E7EE6
233,52,90,#6E7CE6
234,52,90,#6E7AE6
235,52,90,#6E78E6
236,52,90,#6E76E6
237,52,90,#6E74E6
238,52,90,#6E72E6
239,52,90,#6E70E6
240,52,90,#6E6EE6
241,52,90,#706EE6
242,52,90,#726EE6
243,52,90,#746EE6
244,52,90,#766EE6
245,52,90,#786EE6
246,52,90,#7A6EE6
247,52,90,#7C6EE6
248,52,90,#7E6EE6
249,52,90,#806EE6
250,52,90,#826EE6
251,52,90,#846EE6
252,52,90,#866EE6
253,52,90,#886EE6
254,52,90,#8A6EE6
255,52,90,#8C6EE6
256,52,90,#8E6EE6
257,52,90,#906EE6
258,52,90,#926EE6
259,52,90,#946EE6
260,52,90,#966EE6
261,52,90,#986EE6
262,52,90,#9A6EE6
263,52,90,#9C6EE6
264,52,90,#9E6EE6
265,52,90,#A06EE6
266,52,90,#A26EE6
267,52,90,#A46EE6
268,52,90,#A66EE6
269,52,90,#A86EE6
270,52,90,#AA6EE6
271,52,90,#AC6EE6
272,52,90,#AE6EE6
273,52,90,#B06EE6
274,52,90,#B26EE6
275,52,90,#B46EE6
276,52,90,#B66EE6
277,52,90,#B86EE6
278,52,90,#BA6EE6
279,52,90,#BC6EE6
280,52,90,#BE6EE6
281,52,90,#C06EE6
282,52,90,#C26EE6
283,52,90,#C46EE6
284,52,90,#C66EE6
285,52,90,#C86EE6
286,52,90,#CA6EE6
287,52,90,#CC6EE6
288,52,90,#CE6EE6
289,52,90,#D06EE6
290,52,90,#D26EE6
291,52,90,#D46EE6
292,52,90,#D66EE6
293,52,90,#D86EE6
294,52,90,#DA6EE6
295,52,90,#DC6EE6
296,52,90,#DE6EE6
297,52,90,#E06EE6
298,52,90,#E26EE6
299,52,90,#E46EE6
300,52,90,#E66EE6
301,52,90,#E66EE4
302,52,90,#E66EE2
303,52,90,#E66EE0
304,52,90,#E66EDE
305,52,90,#E66EDC
306,52,90,#E66EDA
307,52,90,#E66ED8
308,52,90,#E66ED6
309,52,90,#E66ED4
310,52,90,#E66ED2
311,52,90,#E66ED0
312,52,90,#E66ECE
313,52,90,#E66ECC
314,52,90,#E66ECA
315,52,90,#E66EC8
316,52,90,#E66EC6
317,52,90,#E66EC4
318,52,90,#E66EC2
319,52,90,#E66EC0
320,52,90,#E66EBE
321,52,90,#E66EBC
322,52,90,#E66EBA
323,52,90,#E66EB8
324,52,90,#E66EB6
325,52,90,#E66EB4
326,52,90,#E66EB2
327,52,90,#E66EB0
328,52,90,#E66EAE
329,52,90,#E66EAC
330,52,90,#E66EAA
331,52,90,#E66EA8
332,52,90,#E66EA6
333,52,90,#E66EA4
334,52,90,#E66EA2
335,52,90,#E66EA0
336,52,90,#E66E9E
337,52,90,#E66E9C
338,52,90,#E66E9A
339,52,90,#E66E98
340,52,90,#E66E96
341,52,90,#E66E94
342,52,90,#E66E92
343,52,90,#E66E90
344,52,90,#E66E8E
345,52,90,#E66E8C
346,52,90,#E66E8A
347,52,90,#E66E88
348,52,90,#E66E86
349,52,90,#E66E84
350,52,90,#E66E82
351,52,90,#E66E80
352,52,90,#E66E7E
353,52,90,#E66E7C
354,52,90,#E66E7A
355,52,90,#E66E78
356,52,90,#E66E76
357,52,90,#E66E74
358,52,90,#E66E72
359,52,90,#E66E70
0,51,90,#E67070
1,51,90,#E67270
2,51,90,#E67470
3,51,90,#E67670
4,51,90,#E67870
5,51,90,#E67A70
6,51,90,#E67C70
7,51,90,#E67E70
8,51,90,#E68070
9,51,90,#E68270
10,51,90,#E68470
11,51,90,#E68670
12,51,90,#E68870
13,51,90,#E68A70
14,51,90,#E68C70
15,51,90,#E68E70
16,51,90,#E69070
17,51,90,#E69270
18,51,90,#E69470
19,51,90,#E69670
20,51,90,#E69770
21,51,90,#E69970
22,51,90,#E69B70
23,51,90,#E69D70
24,51,90,#E69F70
25,51,90,#E6A170
26,51,90,#E6A370
27,51,90,#E6A570
28,51,90,#E6A770
29,51,90,#E6A970
30,51,90,#E6AB70
31,51,90,#E6AD70
32,51,90,#E6AF70
33,51,90,#E6B170
34,51,90,#E6B370
35,51,90,#E6B570
36,51,90,#E6B770
37,51,90,#E6B970
38,51,90,#E6BB70
39,51,90,#E6BD70
40,51,90,#E6BE70
41,51,90,#E6C070
42,51,90,#E6C270
43,51,90,#E6C470
44,51,90,#E6C670
45,51,90,#E6C870
46,51,90,#E6CA70
47,51,90,#E6CC70
48,51,90,#E6CE70
49,51,90,#E6D070
50,51,90,#E6D270
51,51,90,#E6D470
52,51,90,#E6D670
53,51,90,#E6D870
54,51,90,#E6DA70
55,51,90,#E6DC70
56,51,90,#E6DE70
57,51,90,#E6E070
58,51,90,#E6E270
59,51,90,#E6E470
60,51,90,#E6E670
61,51,90,#E4E670
62,51,90,#E2E670
63,51,90,#E0E670
64,51,90,#DEE670
65,51,90,#DCE670
66,51,90,#DAE670
67,51,90,#D8E670
68,51,90,#D6E670
69,51,90,#D4E670
70,51,90,#D2E670
71,51,90,#D0E670
72,51,90,#CEE670
73,51,90,#CCE670
74,51,90,#CAE670
75,51,90,#C8E670
76,51,90,#C6E670
77,51,90,#C4E670
78,51,90,#C2E670
79,51,90,#C0E670
80,51,90,#BEE670
81,51,90,#BDE670
82,51,90,#BBE670
83,51,90,#B9E670
84,51,90,#B7E670
85,51,90,#B5E670
86,51,90,#B3E670
87,51,90,#B1E670
88,51,90,#AFE670
89,51,90,#ADE670
90,51,90,#ABE670
91,51,90,#A9E670
92,51,90,#A7E670
93,51,90,#A5E670
94,51,90,#A3E670
95,51,90,#A1E670
96,51,90,#9FE670
97,51,90,#9DE670
98,51,90,#9BE670
99,51,90,#99E670
100,51,90,#97E670
101,51,90,#96E670
102,51,90,#94E670
103,51,90,#92E670
104,51,90,#90E670
105,51,90,#8EE670
106,51,90,#8CE670
107,51,90,#8AE670
108,51,90,#88E670
109,51,90,#86E670
110,51,90,#84E670
111,51,90,#82E670
112,51,90,#80E670
113,51,90,#7EE670
114,51,90,#7CE670
115,51,90,#7AE670
116,51,90,#78E670
117,51,90,#76E670
118,51,90,#74E670
119,51,90,#72E670
120,51,90,#70E670
121,51,90,#70E672
122,51,90,#70E674
123,51,90,#70E676
124,51,90,#70E678
125,51,90,#70E67A
126,51,90,#70E67C
127,51,90,#70E67E
128,51,90,#70E680
129,51,90,#70E682
130,51,90,#70E684
131,51,90,#70E686
132,51,90,#70E688
133,51,90,#70E68A
134,51,90,#70E68C
135,51,90,#70E68E
136,51,90,#70E690
137,51,90,#70E692
138,51,90,#70E694
139,51,90,#70E696
140,51,90,#70E697
141,51,90,#70E699
142,51,90,#70E69B
143,51,90,#70E69D
144,51,90,#70E69F
145,51,90,#70E6A1
146,51,90,#70E6A3
147,51,90,#70E6A5
148,51,90,#70E6A7
149,51,90,#70E6A9
150,51,90,#70E6AB
151,51,90,#70E6AD
152,51,90,#70E6AF
153,51,90,#70E6B1
154,51,90,#70E6B3
155,51,90,#70E6B5
156,51,90,#70E6B7
157,51,90,#70E6B9
158,51,90,#70E6BB
159,51,90,#70E6BD
160,51,90,#70E6BE
161,51,90,#70E6C0
162,51,90,#70E6C2
163,51,90,#70E6C4
164,51,90,#70E6C6
165,51,90,#70E6C8
166,51,90,#70E6CA
167,51,90,#70E6CC
168,51,90,#70E6CE
169,51,90,#70E6D0
170,51,90,#70E6D2
171,51,90,#70E6D4
172,51,90,#70E6D6
173,51,90,#70E6D8
174,51,90,#70E6DA
175,51,90,#70E6DC
176,51,90,#70E6DE
177,51,90,#70E6E0
178,51,90,#70E6E2
179,51,90,#70E6E4
180,51,90,#70E6E6
181,51,90,#70E4E6
182,51,90,#70E2E6
183,51,90,#70E0E6
184,51,90,#70DEE6
185,51,90,#70DCE6
186,51,90,#70DAE6
187,51,90,#70D8E6
188,51,90,#70D6E6
189,51,90,#70D4E6
190,51,90,#70D2E6
191,51,90,#70D0E6
192,51,90,#70CEE6
193,51,90,#70CCE6
194,51,90,#70CAE6
195,51,90,#70C8E6
196,51,90,#70C6E6
197,51,90,#70C4E6
198,51,90,#70C2E6
199,51,90,#70C0E6
200,51,90,#70BEE6
201,51,90,#70BDE6
202,51,90,#70BBE6
203,51,90,#70B9E6
204,51,90,#70B7E6
205,51,90,#70B5E6
206,51,90,#70B3E6
207,51,90,#70B1E6
208,51,90,#70AFE6
209,51,90,#70ADE6
210,51,90,#70ABE6
211,51,90,#70A9E6
212,51,90,#70A7E6
213,51,90,#70A5E6
214,51,90,#70A3E6
215,51,90,#70A1E6
216,51,90,#709FE6
217,51,90,#709DE6
218,51,90,#709BE6
219,51,90,#7099E6
220,51,90,#7097E6
221,51,90,#7096E6
222,51,90,#7094E6
223,51,90,#7092E6
224,51,90,#7090E6
225,51,90,#708EE6
226,51,90,#708CE6
227,51,90,#708AE6
228,51,90,#7088E6
229,51,90,#7086E6
230,51,90,#7084E6
231,51,90,#7082E6
232,51,90,#7080E6
233,51,90,#707EE6
234,51,90,#707CE6
235,51,90,#707AE6
236,51,90,#7078E6
237,51,90,#7076E6
238,51,90,#7074E6
239,51,90,#7072E6
240,51,90,#7070E6
241,51,90,#7270E6
242,51,90,#7470E6
243,51,90,#7670E6
244,51,90,#7870E6
245,51,90,#7A70E6
246,51,90,#7C70E6
247,51,90,#7E70E6
248,51,90,#8070E6
249,51,90,#8270E6
250,51,90,#8470E6
251,51,90,#8670E6
252,51,90,#8870E6
253,51,90,#8A70E6
254,51,90,#8C70E6
255,51,90,#8E70E6
256,51,90,#9070E6
257,51,90,#9270E6
258,51,90,#9470E6
259,51,90,#9670E6
260,51,90,#9770E6
261,51,90,#9970E6
262,51,90,#9B70E6
263,51,90,#9D70E6
264,51,90,#9F70E6
265,51,90,#A170E6
266,51,90,#A370E6
267,51,90,#A570E6
268,51,90,#A770E6
269,51,90,#A970E6
270,51,90,#AB70E6
271,51,90,#AD70E6
272,51,90,#AF70E6
273,51,90,#B170E6
274,51,90,#B370E6
275,51,90,#B570E6
276,51,90,#B770E6
277,51,90,#B970E6
278,51,90,#BB70E6
279,51,90,#BD70E6
280,51,90,#BE70E6
281,51,90,#C070E6
282,51,90,#C270E6
283,51,90,#C470E6
284,51,90,#C670E6
285,51,90,#C870E6
286,51,90,#CA70E6
287,51,90,#CC70E6
288,51,90,#CE70E6
289,51,90,#D070E6
290,51,90,#D270E6
291,51,90,#D470E6
292,51,90,#D670E6
293,51,90,#D870E6
294,51,90,#DA70E6
295,51,90,#DC70E6
296,51,90,#DE70E6
297,51,90,#E070E6
298,51,90,#E270E6
299,51,90,#E470E6
300,51,90,#E670E6
301,51,90,#E670E4
302,51,90,#E670E2
303,51,90,#E670E0
304,51,90,#E670DE
305,51,90,#E670DC
306,51,90,#E670DA
307,51,90,#E670D8
308,51,90,#E670D6
309,51,90,#E670D4
310,51,90,#E670D2
311,51,90,#E670D0
312,51,90,#E670CE
313,51,90,#E670CC
314,51,90,#E670CA
315,51,90,#E670C8
316,51,90,#E670C6
317,51,90,#E670C4
318,51,90,#E670C2
319,51,90,#E670C0
320,51,90,#E670BE
321,51,90,#E670BD
322,51,90,#E670BB
323,51,90,#E670B9
324,51,90,#E670B7
325,51,90,#E670B5
326,51,90,#E670B3
327,51,90,#E670B1
328,51,90,#E670AF
329,51,90,#E670AD
330,51,90,#E670AB
331,51,90,#E670A9
332,51,90,#E670A7
333,51,90,#E670A5
334,51,90,#E670A3
335,51,90,#E670A1
336,51,90,#E6709F
337,51,90,#E6709D
338,51,90,#E6709B
339,51,90,#E67099
340,51,90,#E67097
341,51,90,#E67096
342,51,90,#E67094
343,51,90,#E67092
344,51,90,#E67090
345,51,90,#E6708E
346,51,90,#E6708C
347,51,90,#E6708A
348,51,90,#E67088
349,51,90,#E67086
350,51,90,#E67084
351,51,90,#E67082
352,51,90,#E67080
353,51,90,#E6707E
354,51,90,#E6707C
355,51,90,#E6707A
356,51,90,#E67078
357,51,90,#E67076
358,51,90,#E67074
359,51,90,#E67072
0,50,90,#E67373
1,50,90,#E67573
2,50,90,#E67773
3,50,90,#E67873
4,50,90,#E67A73
5,50,90,#E67C73
6,50,90,#E67E73
7,50,90,#E68073
8,50,90,#E68273
9,50,90,#E68473
10,50,90,#E68673
11,50,90,#E68873
12,50,90,#E68A73
13,50,90,#E68C73
14,50,90,#E68E73
15,50,90,#E68F73
16,50,90,#E69173
17,50,90,#E69373
18,50,90,#E69573
19,50,90,#E69773
20,50,90,#E69973
21,50,90,#E69B73
22,50,90,#E69D73
23,50,90,#E69F73
24,50,90,#E6A173
25,50,90,#E6A373
26,50,90,#E6A473
27,50,90,#E6A673
28,50,90,#E6A873
29,50,90,#E6AA73
30,50,90,#E6AC73
31,50,90,#E6AE73
32,50,90,#E6B073
33,50,90,#E6B273
34,50,90,#E6B473
35,50,90,#E6B673
36,50,90,#E6B873
37,50,90,#E6BA73
38,50,90,#E6BB73
39,50,90,#E6BD73
40,50,90,#E6BF73
41,50,90,#E6C173
42,50,90,#E6C373
43,50,90,#E6C573
44,50,90,#E6C773
45,50,90,#E6C973
46,50,90,#E6CB73
47,50,90,#E6CD73
48,50,90,#E6CF73
49,50,90,#E6D073
50,50,90,#E6D273
51,50,90,#E6D473
52,50,90,#E6D673
53,50,90,#E6D873
54,50,90,#E6DA73
55,50,90,#E6DC73
56,50,90,#E6DE73
57,50,90,#E6E073
58,50,90,#E6E273
59,50,90,#E6E473
60,50,90,#E6E673
61,50,90,#E4E673
62,50,90,#E2E673
63,50,90,#E0E673
64,50,90,#DEE673
65,50,90,#DCE673
66,50,90,#DAE673
67,50,90,#D8E673
68,50,90,#D6E673
69,50,90,#D4E673
70,50,90,#D2E673
71,50,90,#D0E673
72,50,90,#CFE673
73,50,90,#CDE673
74,50,90,#CBE673
75,50,90,#C9E673
76,50,90,#C7E673
77,50,90,#C5E673
78,50,90,#C3E673
79,50,90,#C1E673
80,50,90,#BFE673
81,50,90,#BDE673
82,50,90,#BBE673
83,50,90,#BAE673
84,50,90,#B8E673
85,50,90,#B6E673
86,50,90,#B4E673
87,50,90,#B2E673
88,50,90,#B0E673
89,50,90,#AEE673
90,50,90,#ACE673
91,50,90,#AAE673
92,50,90,#A8E673
93,50,90,#A6E673
94,50,90,#A4E673
95,50,90,#A3E673
96,50,90,#A1E673
97,50,90,#9FE673
98,50,90,#9DE673
99,50,90,#9BE673
100,50,90,#99E673
101,50,90,#97E673
102,50,90,#95E673
103,50,90,#93E673
104,50,90,#91E673
105,50,90,#8FE673
106,50,90,#8EE673
107,50,90,#8CE673
108,50,90,#8AE673
109,50,90,#88E673
110,50,90,#86E673
111,50,90,#84E673
112,50,90,#82E673
113,50,90,#80E673
114,50,90,#7EE673
115,50,90,#7CE673
116,50,90,#7AE673
117,50,90,#78E673
118,50,90,#77E673
119,50,90,#75E673
120,50,90,#73E673
121,50,90,#73E675
122,50,90,#73E677
123,50,90,#73E678
124,50,90,#73E67A
125,50,90,#73E67C
126,50,90,#73E67E
127,50,90,#73E680
128,50,90,#73E682
129,50,90,#73E684
130,50,90,#73E686
131,50,90,#73E688
132,50,90,#73E68A
133,50,90,#73E68C
134,50,90,#73E68E
135,50,90,#73E68F
136,50,90,#73E691
137,50,90,#73E693
138,50,90,#73E695
139,50,90,#73E697
140,50,90,#73E699
141,50,90,#73E69B
142,50,90,#73E69D
143,50,90,#73E69F
144,50,90,#73E6A1
145,50,90,#73E6A3
146,50,90,#73E6A4
147,50,90,#73E6A6
148,50,90,#73E6A8
149,50,90,#73E6AA
150,50,90,#73E6AC
151,50,90,#73E6AE
152,50,90,#73E6B0
153,50,90,#73E6B2
154,50,90,#73E6B4
155,50,90,#73E6B6
156,50,90,#73E6B8
157,50,90,#73E6BA
158,50,90,#73E6BB
159,50,90,#73E6BD
160,50,90,#73E6BF
161,50,90,#73E6C1
162,50,90,#73E6C3
163,50,90,#73E6C5
164,50,90,#73E6C7
165,50,90,#73E6C9
166,50,90,#73E6CB
167,50,90,#73E6CD
168,50,90,#73E6CF
169,50,90,#73E6D0
170,50,90,#73E6D2
171,50,90,#73E6D4
172,50,90,#73E6D6
173,50,90,#73E6D8
174,50,90,#73E6DA
175,50,90,#73E6DC
176,50,90,#73E6DE
177,50,90,#73E6E0
178,50,90,#73E6E2
179,50,90,#73E6E4
180,50,90,#73E6E6
181,50,90,#73E4E6
182,50,90,#73E2E6
183,50,90,#73E0E6
184,50,90,#73DEE6
185,50,90,#73DCE6
186,50,90,#73DAE6
187,50,90,#73D8E6
188,50,90,#73D6E6
189,50,90,#73D4E6
190,50,90,#73D2E6
191,50,90,#73D0E6
192,50,90,#73CFE6
193,50,90,#73CDE6
194,50,90,#73CBE6
195,50,90,#73C9E6
196,50,90,#73C7E6
197,50,90,#73C5E6
198,50,90,#73C3E6
199,50,90,#73C1E6
200,50,90,#73BFE6
201,50,90,#73BDE6
202,50,90,#73BBE6
203,50,90,#73BAE6
204,50,90,#73B8E6
205,50,90,#73B6E6
206,50,90,#73B4E6
207,50,90,#73B2E6
208,50,90,#73B0E6
209,50,90,#73AEE6
210,50,90,#73ACE6
211,50,90,#73AAE6
212,50,90,#73A8E6
213,50,90,#73A6E6
214,50,90,#73A4E6
215,50,90,#73A3E6
216,50,90,#73A1E6
217,50,90,#739FE6
218,50,90,#739DE6
219,50,90,#739BE6
220,50,90,#7399E6
221,50,90,#7397E6
222,50,90,#7395E6
223,50,90,#7393E6
224,50,90,#7391E6
225,50,90,#738FE6
226,50,90,#738EE6
227,50,90,#738CE6
228,50,90,#738AE6
229,50,90,#7388E6
230,50,90,#7386E6
231,50,90,#7384E6
232,50,90,#7382E6
233,50,90,#7380E6
234,50,90,#737EE6
235,50,90,#737CE6
236,50,90,#737AE6
237,50,90,#7378E6
238,50,90,#7377E6
239,50,90,#7375E6
240,50,90,#7373E6
241,50,90,#7573E6
242,50,90,#7773E6
243,50,90,#7873E6
244,50,90,#7A73E6
245,50,90,#7C73E6
246,50,90,#7E73E6
247,50,90,#8073E6
248,50,90,#8273E6
249,50,90,#8473E6
250,50,90,#8673E6
251,50,90,#8873E6
252,50,90,#8A73E6
253,50,90,#8C73E6
254,50,90,#8E73E6
255,50,90,#8F73E6
256,50,90,#9173E6
257,50,90,#9373E6
258,50,90,#9573E6
259,50,90,#9773E6
260,50,90,#9973E6
261,50,90,#9B73E6
262,50,90,#9D73E6
263,50,90,#9F73E6
264,50,90,#A173E6
265,50,90,#A373E6
266,50,90,#A473E6
267,50,90,#A673E6
268,50,90,#A873E6
269,50,90,#AA73E6
270,50,90,#AC73E6
271,50,90,#AE73E6
272,50,90,#B073E6
273,50,90,#B273E6
274,50,90,#B473E6
275,50,90,#B673E6
276,50,90,#B873E6
277,50,90,#BA73E6
278,50,90,#BB73E6
279,50,90,#BD73E6
280,50,90,#BF73E6
281,50,90,#C173E6
282,50,90,#C373E6
283,50,90,#C573E6
284,50,90,#C773E6
285,50,90,#C973E6
286,50,90,#CB73E6
287,50,90,#CD73E6
288,50,90,#CF73E6
289,50,90,#D073E6
290,50,90,#D273E6
291,50,90,#D473E6
292,50,90,#D673E6
293,50,90,#D873E6
294,50,90,#DA73E6
295,50,90,#DC73E6
296,50,90,#DE73E6
297,50,90,#E073E6
298,50,90,#E273E6
299,50,90,#E473E6
300,50,90,#E673E6
301,50,90,#E673E4
302,50,90,#E673E2
303,50,90,#E673E0
304,50,90,#E673DE
305,50,90,#E673DC
306,50,90,#E673DA
307,50,90,#E673D8
308,50,90,#E673D6
309,50,90,#E673D4
310,50,90,#E673D2
311,50,90,#E673D0
312,50,90,#E673CF
313,50,90,#E673CD
314,50,90,#E673CB
315,50,90,#E673C9
316,50,90,#E673C7
317,50,90,#E673C5
318,50,90,#E673C3
319,50,90,#E673C1
320,50,90,#E673BF
321,50,90,#E673BD
322,50,90,#E673BB
323,50,90,#E673BA
324,50,90,#E673B8
325,50,90,#E673B6
326,50,90,#E673B4
327,50,90,#E673B2
328,50,90,#E673B0
329,50,90,#E673AE
330,50,90,#E673AC
331,50,90,#E673AA
332,50,90,#E673A8
333,50,90,#E673A6
334,50,90,#E673A4
335,50,90,#E673A3
336,50,90,#E673A1
337,50,90,#E6739F
338,50,90,#E6739D
339,50,90,#E6739B
340,50,90,#E67399
341,50,90,#E67397
342,50,90,#E67395
343,50,90,#E67393
344,50,90,#E67391
345,50,90,#E6738F
346,50,90,#E6738E
347,50,90,#E6738C
348,50,90,#E6738A
349,50,90,#E67388
350,50,90,#E67386
351,50,90,#E67384
352,50,90,#E67382
353,50,90,#E67380
354,50,90,#E6737E
355,50,90,#E6737C
356,50,90,#E6737A
357,50,90,#E67378
358,50,90,#E67377
359,50,90,#E67375
0,49,90,#E67575
1,49,90,#E67775
2,49,90,#E67975
3,49,90,#E67B75
4,49,90,#E67D75
5,49,90,#E67E75
6,49,90,#E68075
7,49,90,#E68275
8,49,90,#E68475
9,49,90,#E68675
10,49,90,#E68875
11,49,90,#E68A75
12,49,90,#E68C75
13,49,90,#E68D75
14,49,90,#E68F75
15,49,90,#E69175
16,49,90,#E69375
17,49,90,#E69575
18,49,90,#E69775
19,49,90,#E69975
20,49,90,#E69B75
21,49,90,#E69C75
22,49,90,#E69E75
23,49,90,#E6A075
24,49,90,#E6A275
25,49,90,#E6A475
26,49,90,#E6A675
27,49,90,#E6A875
28,49,90,#E6AA75
29,49,90,#E6AB75
30,49,90,#E6AD75
31,49,90,#E6AF75
32,49,90,#E6B175
33,49,90,#E6B375
34,49,90,#E6B575
35,49,90,#E6B775
36,49,90,#E6B975
37,49,90,#E6BA75
38,49,90,#E6BC75
39,49,90,#E6BE75
40,49,90,#E6C075
41,49,90,#E6C275
42,49,90,#E6C475
43,49,90,#E6C675
44,49,90,#E6C875
45,49,90,#E6C975
46,49,90,#E6CB75
47,49,90,#E6CD75
48,49,90,#E6CF75
49,49,90,#E6D175
50,49,90,#E6D375
51,49,90,#E6D575
52,49,90,#E6D775
53,49,90,#E6D875
54,49,90,#E6DA75
55,49,90,#E6DC75
56,49,90,#E6DE75
57,49,90,#E6E075
58,49,90,#E6E275
59,49,90,#E6E475
60,49,90,#E6E675
61,49,90,#E4E675
62,49,90,#E2E675
63,49,90,#E0E675
64,49,90,#DEE675
65,49,90,#DCE675
66,49,90,#DAE675
67,49,90,#D8E675
68,49,90,#D7E675
69,49,90,#D5E675
70,49,90,#D3E675
71,49,90,#D1E675
72,49,90,#CFE675
73,49,90,#CDE675
74,49,90,#CBE675
75,49,90,#C9E675
76,49,90,#C8E675
77,49,90,#C6E675
78,49,90,#C4E675
79,49,90,#C2E675
80,49,90,#C0E675
81,49,90,#BEE675
82,49,90,#BCE675
83,49,90,#BAE675
84,49,90,#B9E675
85,49,90,#B7E675
86,49,90,#B5E675
87,49,90,#B3E675
88,49,90,#B1E675
89,49,90,#AFE675
90,49,90,#ADE675
91,49,90,#ABE675
92,49,90,#AAE675
93,49,90,#A8E675
94,49,90,#A6E675
95,49,90,#A4E675
96,49,90,#A2E675
97,49,90,#A0E675
98,49,90,#9EE675
99,49,90,#9CE675
100,49,90,#9BE675
101,49,90,#99E675
102,49,90,#97E675
103,49,90,#95E675
104,49,90,#93E675
105,49,90,#91E675
106,49,90,#8FE675
107,49,90,#8DE675
108,49,90,#8CE675
109,49,90,#8AE675
110,49,90,#88E675
111,49,90,#86E675
112,49,90,#84E675
113,49,90,#82E675
114,49,90,#80E675
115,49,90,#7EE675
116,49,90,#7DE675
117,49,90,#7BE675
118,49,90,#79E675
119,49,90,#77E675
120,49,90,#75E675
121,49,90,#75E677
122,49,90,#75E679
123,49,90,#75E67B
124,49,90,#75E67D
125,49,90,#75E67E
126,49,90,#75E680
127,49,90,#75E682
128,49,90,#75E684
129,49,90,#75E686
130,49,90,#75E688
131,49,90,#75E68A
132,49,90,#75E68C
133,49,90,#75E68D
134,49,90,#75E68F
135,49,90,#75E691
136,49,90,#75E693
137,49,90,#75E695
138,49,90,#75E697
139,49,90,#75E699
140,49,90,#75E69B
141,49,90,#75E69C
142,49,90,#75E69E
143,49,90,#75E6A0
144,49,90,#75E6A2
145,49,90,#75E6A4
146,49,90,#75E6A6
147,49,90,#75E6A8
148,49,90,#75E6AA
149,49,90,#75E6AB
150,49,90,#75E6AD
151,49,90,#75E6AF
152,49,90,#75E6B1
153,49,90,#75E6B3
154,49,90,#75E6B5
155,49,90,#75E6B7
156,49,90,#75E6B9
157,49,90,#75E6BA
158,49,90,#75E6BC
159,49,90,#75E6BE
160,49,90,#75E6C0
161,49,90,#75E6C2
162,49,90,#75E6C4
163,49,90,#75E6C6
164,49,90,#75E6C8
165,49,90,#75E6C9
166,49,90,#75E6CB
167,49,90,#75E6CD
168,49,90,#75E6CF
169,49,90,#75E6D1
170,49,90,#75E6D3
171,49,90,#75E6D5
172,49,90,#75E6D7
173,49,90,#75E6D8
174,49,90,#75E6DA
175,49,90,#75E6DC
176,49,90,#75E6DE
177,49,90,#75E6E0
178,49,90,#75E6E2
179,49,90,#75E6E4
180,49,90,#75E6E6
181,49,90,#75E4E6
182,49,90,#75E2E6
183,49,90,#75E0E6
184,49,90,#75DEE6
185,49,90,#75DCE6
186,49,90,#75DAE6
187,49,90,#75D8E6
188,49,90,#75D7E6
189,49,90,#75D5E6
190,49,90,#75D3E6
191,49,90,#75D1E6
192,49,90,#75CFE6
193,49,90,#75CDE6
194,49,90,#75CBE6
195,49,90,#75C9E6
196,49,90,#75C8E6
197,49,90,#75C6E6
198,49,90,#75C4E6
199,49,90,#75C2E6
200,49,90,#75C0E6
201,49,90,#75BEE6
202,49,90,#75BCE6
203,49,90,#75BAE6
204,49,90,#75B9E6
205,49,90,#75B7E6
206,49,90,#75B5E6
207,49,90,#75B3E6
208,49,90,#75B1E6
209,49,90,#75AFE6
210,49,90,#75ADE6
211,49,90,#75ABE6
212,49,90,#75AAE6
213,49,90,#75A8E6
214,49,90,#75A6E6
215,49,90,#75A4E6
216,49,90,#75A2E6
217,49,90,#75A0E6
218,49,90,#759EE6
219,49,90,#759CE6
220,49,90,#759BE6
221,49,90,#7599E6
222,49,90,#7597E6
223,49,90,#7595E6
224,49,90,#7593E6
225,49,90,#7591E6
226,49,90,#758FE6
227,49,90,#758DE6
228,49,90,#758CE6
229,49,90,#758AE6
230,49,90,#7588E6
231,49,90,#7586E6
232,49,90,#7584E6
233,49,90,#7582E6
234,49,90,#7580E6
235,49,90,#757EE6
236,49,90,#757DE6
237,49,90,#757BE6
238,49,90,#7579E6
239,49,90,#7577E6
240,49,90,#7575E6
241,49,90,#7775E6
242,49,90,#7975E6
243,49,90,#7B75E6
244,49,90,#7D75E6
245,49,90,#7E75E6
246,49,90,#8075E6
247,49,90,#8275E6
248,49,90,#8475E6
249,49,90,#8675E6
250,49,90,#8875E6
251,49,90,#8A75E6
252,49,90,#8C75E6
253,49,90,#8D75E6
254,49,90,#8F75E6
255,49,90,#9175E6
256,49,90,#9375E6
257,49,90,#9575E6
258,49,90,#9775E6
259,49,90,#9975E6
260,49,90,#9B75E6
261,49,90,#9C75E6
262,49,90,#9E75E6
263,49,90,#A075E6
264,49,90,#A275E6
265,49,90,#A475E6
266,49,90,#A675E6
267,49,90,#A875E6
268,49,90,#AA75E6
269,49,90,#AB75E6
270,49,90,#AD75E6
271,49,90,#AF75E6
272,49,90,#B175E6
273,49,90,#B375E6
274,49,90,#B575E6
275,49,90,#B775E6
276,49,90,#B975E6
277,49,90,#BA75E6
278,49,90,#BC75E6
279,49,90,#BE75E6
280,49,90,#C075E6
281,49,90,#C275E6
282,49,90,#C475E6
283,49,90,#C675E6
284,49,90,#C875E6
285,49,90,#C975E6
286,49,90,#CB75E6
287,49,90,#CD75E6
288,49,90,#CF75E6
289,49,90,#D175E6
290,49,90,#D375E6
291,49,90,#D575E6
292,49,90,#D775E6
293,49,90,#D875E6
294,49,90,#DA75E6
295,49,90,#DC75E6
296,49,90,#DE75E6
297,49,90,#E075E6
298,49,90,#E275E6
299,49,90,#E475E6
300,49,90,#E675E6
301,49,90,#E675E4
302,49,90,#E675E2
303,49,90,#E675E0
304,49,90,#E675DE
305,49,90,#E675DC
306,49,90,#E675DA
307,49,90,#E675D8
308,49,90,#E675D7
309,49,90,#E675D5
310,49,90,#E675D3
311,49,90,#E675D1
312,49,90,#E675CF
313,49,90,#E675CD
314,49,90,#E675CB
315,49,90,#E675C9
316,49,90,#E675C8
317,49,90,#E675C6
318,49,90,#E675C4
319,49,90,#E675C2
320,49,90,#E675C0
321,49,90,#E675BE
322,49,90,#E675BC
323,49,90,#E675BA
324,49,90,#E675B9
325,49,90,#E675B7
326,49,90,#E675B5
327,49,90,#E675B3
328,49,90,#E675B1
329,49,90,#E675AF
330,49,90,#E675AD
331,49,90,#E675AB
332,49,90,#E675AA
333,49,90,#E675A8
334,49,90,#E675A6
335,49,90,#E675A4
336,49,90,#E675A2
337,49,90,#E675A0
338,49,90,#E6759E
339,49,90,#E6759C
340,49,90,#E6759B
341,49,90,#E67599
342,49,90,#E67597
343,49,90,#E67595
344,49,90,#E67593
345,49,90,#E67591
346,49,90,#E6758F
347,49,90,#E6758D
348,49,90,#E6758C
349,49,90,#E6758A
350,49,90,#E67588
351,49,90,#E67586
352,49,90,#E67584
353,49,90,#E67582
354,49,90,#E67580
355,49,90,#E6757E
356,49,90,#E6757D
357,49,90,#E6757B
358,49,90,#E67579
359,49,90,#E67577
0,48,90,#E67777
1,48,90,#E67977
2,48,90,#E67B77
3,48,90,#E67D77
4,48,90,#E67F77
5,48,90,#E68177
6,48,90,#E68277
7,48,90,#E68477
8,48,90,#E68677
9,48,90,#E68877
10,48,90,#E68A77
11,48,90,#E68C77
12,48,90,#E68D77
13,48,90,#E68F77
14,48,90,#E69177
15,48,90,#E69377
16,48,90,#E69577
17,48,90,#E69777
18,48,90,#E69877
19,48,90,#E69A77
20,48,90,#E69C77
21,48,90,#E69E77
22,48,90,#E6A077
23,48,90,#E6A277
24,48,90,#E6A377
25,48,90,#E6A577
26,48,90,#E6A777
27,48,90,#E6A977
28,48,90,#E6AB77
29,48,90,#E6AD77
30,48,90,#E6AE77
31,48,90,#E6B077
32,48,90,#E6B277
33,48,90,#E6B477
34,48,90,#E6B677
35,48,90,#E6B877
36,48,90,#E6B977
37,48,90,#E6BB77
38,48,90,#E6BD77
39,48,90,#E6BF77
40,48,90,#E6C177
41,48,90,#E6C377
42,48,90,#E6C477
43,48,90,#E6C677
44,48,90,#E6C877
45,48,90,#E6CA77
46,48,90,#E6CC77
47,48,90,#E6CE77
48,48,90,#E6CF77
49,48,90,#E6D177
50,48,90,#E6D377
51,48,90,#E6D577
52,48,90,#E6D777
53,48,90,#E6D977
54,48,90,#E6DA77
55,48,90,#E6DC77
56,48,90,#E6DE77
57,48,90,#E6E077
58,48,90,#E6E277
59,48,90,#E6E477
60,48,90,#E6E677
61,48,90,#E4E677
62,48,90,#E2E677
63,48,90,#E0E677
64,48,90,#DEE677
65,48,90,#DCE677
66,48,90,#DAE677
67,48,90,#D9E677
68,48,90,#D7E677
69,48,90,#D5E677
70,48,90,#D3E677
71,48,90,#D1E677
72,48,90,#CFE677
73,48,90,#CEE677
74,48,90,#CCE677
75,48,90,#CAE677
76,48,90,#C8E677
77,48,90,#C6E677
78,48,90,#C4E677
79,48,90,#C3E677
80,48,90,#C1E677
81,48,90,#BFE677
82,48,90,#BDE677
83,48,90,#BBE677
84,48,90,#B9E677
85,48,90,#B8E677
86,48,90,#B6E677
87,48,90,#B4E677
88,48,90,#B2E677
89,48,90,#B0E677
90,48,90,#AEE677
91,48,90,#ADE677
92,48,90,#ABE677
93,48,90,#A9E677
94,48,90,#A7E677
95,48,90,#A5E677
96,48,90,#A3E677
97,48,90,#A2E677
98,48,90,#A0E677
99,48,90,#9EE677
100,48,90,#9CE677
101,48,90,#9AE677
102,48,90,#98E677
103,48,90,#97E677
104,48,90,#95E677
105,48,90,#93E677
106,48,90,#91E677
107,48,90,#8FE677
108,48,90,#8DE677
109,48,90,#8CE677
110,48,90,#8AE677
111,48,90,#88E677
112,48,90,#86E677
113,48,90,#84E677
114,48,90,#82E677
115,48,90,#81E677
116,48,90,#7FE677
117,48,90,#7DE677
118,48,90,#7BE677
119,48,90,#79E677
120,48,90,#77E677
121,48,90,#77E679
122,48,90,#77E67B
123,48,90,#77E67D
124,48,90,#77E67F
125,48,90,#77E681
126,48,90,#77E682
127,48,90,#77E684
128,48,90,#77E686
129,48,90,#77E688
130,48,90,#77E68A
131,48,90,#77E68C
132,48,90,#77E68D
133,48,90,#77E68F
134,48,90,#77E691
135,48,90,#77E693
136,48,90,#77E695
137,48,90,#77E697
138,48,90,#77E698
139,48,90,#77E69A
140,48,90,#77E69C
141,48,90,#77E69E
142,48,90,#77E6A0
143,48,90,#77E6A2
144,48,90,#77E6A3
145,48,90,#77E6A5
146,48,90,#77E6A7
147,48,90,#77E6A9
148,48,90,#77E6AB
149,48,90,#77E6AD
150,48,90,#77E6AE
151,48,90,#77E6B0
152,48,90,#77E6B2
153,48,90,#77E6B4
154,48,90,#77E6B6
155,48,90,#77E6B8
156,48,90,#77E6B9
157,48,90,#77E6BB
158,48,90,#77E6BD
159,48,90,#77E6BF
160,48,90,#77E6C1
161,48,90,#77E6C3
162,48,90,#77E6C4
163,48,90,#77E6C6
164,48,90,#77E6C8
165,48,90,#77E6CA
166,48,90,#77E6CC
167,48,90,#77E6CE
168,48,90,#77E6CF
169,48,90,#77E6D1
170,48,90,#77E6D3
171,48,90,#77E6D5
172,48,90,#77E6D7
173,48,90,#77E6D9
174,48,90,#77E6DA
175,48,90,#77E6DC
176,48,90,#77E6DE
177,48,90,#77E6E0
178,48,90,#77E6E2
179,48,90,#77E6E4
180,48,90,#77E6E6
181,48,90,#77E4E6
182,48,90,#77E2E6
183,48,90,#77E0E6
184,48,90,#77DEE6
185,48,90,#77DCE6
186,48,90,#77DAE6
187,48,90,#77D9E6
188,48,90,#77D7E6
189,48,90,#77D5E6
190,48,90,#77D3E6
191,48,90,#77D1E6
192,48,90,#77CFE6
193,48,90,#77CEE6
194,48,90,#77CCE6
195,48,90,#77CAE6
196,48,90,#77C8E6
197,48,90,#77C6E6
198,48,90,#77C4E6
199,48,90,#77C3E6
200,48,90,#77C1E6
201,48,90,#77BFE6
202,48,90,#77BDE6
203,48,90,#77BBE6
204,48,90,#77B9E6
205,48,90,#77B8E6
206,48,90,#77B6E6
207,48,90,#77B4E6
208,48,90,#77B2E6
209,48,90,#77B0E6
210,48,90,#77AEE6
211,48,90,#77ADE6
212,48,90,#77ABE6
213,48,90,#77A9E6
214,48,90,#77A7E6
215,48,90,#77A5E6
216,48,90,#77A3E6
217,48,90,#77A2E6
218,48,90,#77A0E6
219,48,90,#779EE6
220,48,90,#779CE6
221,48,90,#779AE6
222,48,90,#7798E6
223,48,90,#7797E6
224,48,90,#7795E6
225,48,90,#7793E6
226,48,90,#7791E6
227,48,90,#778FE6
228,48,90,#778DE6
229,48,90,#778CE6
230,48,90,#778AE6
231,48,90,#7788E6
232,48,90,#7786E6
233,48,90,#7784E6
234,48,90,#7782E6
235,48,90,#7781E6
236,48,90,#777FE6
237,48,90,#777DE6
238,48,90,#777BE6
239,48,90,#7779E6
240,48,90,#7777E6
241,48,90,#7977E6
242,48,90,#7B77E6
243,48,90,#7D77E6
244,48,90,#7F77E6
245,48,90,#8177E6
246,48,90,#8277E6
247,48,90,#8477E6
248,48,90,#8677E6
249,48,90,#8877E6
250,48,90,#8A77E6
251,48,90,#8C77E6
252,48,90,#8D77E6
253,48,90,#8F77E6
254,48,90,#9177E6
255,48,90,#9377E6
256,48,90,#9577E6
257,48,90,#9777E6
258,48,90,#9877E6
259,48,90,#9A77E6
260,48,90,#9C77E6
261,48,90,#9E77E6
262,48,90,#A077E6
263,48,90,#A277E6
264,48,90,#A377E6
265,48,90,#A577E6
266,48,90,#A777E6
267,48,90,#A977E6
268,48,90,#AB77E6
269,48,90,#AD77E6
270,48,90,#AE77E6
271,48,90,#B077E6
272,48,90,#B277E6
273,48,90,#B477E6
274,48,90,#B677E6
275,48,90,#B877E6
276,48,90,#B977E6
277,48,90,#BB77E6
278,48,90,#BD77E6
279,48,90,#BF77E6
280,48,90,#C177E6
281,48,90,#C377E6
282,48,90,#C477E6
283,48,90,#C677E6
284,48,90,#C877E6
285,48,90,#CA77E6
286,48,90,#CC77E6
287,48,90,#CE77E6
288,48,90,#CF77E6
289,48,90,#D177E6
290,48,90,#D377E6
291,48,90,#D577E6
292,48,90,#D777E6
293,48,90,#D977E6
294,48,90,#DA77E6
295,48,90,#DC77E6
296,48,90,#DE77E6
297,48,90,#E077E6
298,48,90,#E277E6
299,48,90,#E477E6
300,48,90,#E677E6
301,48,90,#E677E4
302,48,90,#E677E2
303,48,90,#E677E0
304,48,90,#E677DE
305,48,90,#E677DC
306,48,90,#E677DA
307,48,90,#E677D9
308,48,90,#E677D7
309,48,90,#E677D5
310,48,90,#E677D3
311,48,90,#E677D1
312,48,90,#E677CF
313,48,90,#E677CE
314,48,90,#E677CC
315,48,90,#E677CA
316,48,90,#E677C8
317,48,90,#E677C6
318,48,90,#E677C4
319,48,90,#E677C3
320,48,90,#E677C1
321,48,90,#E677BF
322,48,90,#E677BD
323,48,90,#E677BB
324,48,90,#E677B9
325,48,90,#E677B8
326,48,90,#E677B6
327,48,90,#E677B4
328,48,90,#E677B2
329,48,90,#E677B0
330,48,90,#E677AE
331,48,90,#E677AD
332,48,90,#E677AB
333,48,90,#E677A9
334,48,90,#E677A7
335,48,90,#E677A5
336,48,90,#E677A3
337,48,90,#E677A2
338,48,90,#E677A0
339,48,90,#E6779E
340,48,90,#E6779C
341,48,90,#E6779A
342,48,90,#E67798
343,48,90,#E67797
344,48,90,#E67795
345,48,90,#E67793
346,48,90,#E67791
347,48,90,#E6778F
348,48,90,#E6778D
349,48,90,#E6778C
350,48,90,#E6778A
351,48,90,#E67788
352,48,90,#E67786
353,48,90,#E67784
354,48,90,#E67782
355,48,90,#E67781
356,48,90,#E6777F
357,48,90,#E6777D
358,48,90,#E6777B
359,48,90,#E67779
0,47,90,#E67A7A
1,47,90,#E67B7A
2,47,90,#E67D7A
3,47,90,#E67F7A
4,47,90,#E6817A
5,47,90,#E6837A
6,47,90,#E6847A
7,47,90,#E6867A
8,47,90,#E6887A
9,47,90,#E68A7A
10,47,90,#E68C7A
11,47,90,#E68D7A
12,47,90,#E68F7A
13,47,90,#E6917A
14,47,90,#E6937A
15,47,90,#E6957A
16,47,90,#E6967A
17,47,90,#E6987A
18,47,90,#E69A7A
19,47,90,#E69C7A
20,47,90,#E69E7A
21,47,90,#E69F7A
22,47,90,#E6A17A
23,47,90,#E6A37A
24,47,90,#E6A57A
25,47,90,#E6A77A
26,47,90,#E6A87A
27,47,90,#E6AA7A
28,47,90,#E6AC7A
29,47,90,#E6AE7A
30,47,90,#E6B07A
31,47,90,#E6B17A
32,47,90,#E6B37A
33,47,90,#E6B57A
34,47,90,#E6B77A
35,47,90,#E6B97A
36,47,90,#E6BA7A
37,47,90,#E6BC7A
38,47,90,#E6BE7A
39,47,90,#E6C07A
40,47,90,#E6C27A
41,47,90,#E6C37A
42,47,90,#E6C57A
43,47,90,#E6C77A
44,47,90,#E6C97A
45,47,90,#E6CB7A
46,47,90,#E6CC7A
47,47,90,#E6CE7A
48,47,90,#E6D07A
49,47,90,#E6D27A
50,47,90,#E6D47A
51,47,90,#E6D57A
52,47,90,#E6D77A
53,47,90,#E6D97A
54,47,90,#E6DB7A
55,47,90,#E6DD7A
56,47,90,#E6DE7A
57,47,90,#E6E07A
58,47,90,#E6E27A
59,47,90,#E6E47A
60,47,90,#E6E67A
61,47,90,#E4E67A
62,47,90,#E2E67A
63,47,90,#E0E67A
64,47,90,#DEE67A
65,47,90,#DDE67A
66,47,90,#DBE67A
67,47,90,#D9E67A
68,47,90,#D7E67A
69,47,90,#D5E67A
70,47,90,#D4E67A
71,47,90,#D2E67A
72,47,90,#D0E67A
73,47,90,#CEE67A
74,47,90,#CCE67A
75,47,90,#CBE67A
76,47,90,#C9E67A
77,47,90,#C7E67A
78,47,90,#C5E67A
79,47,90,#C3E67A
80,47,90,#C2E67A
81,47,90,#C0E67A
82,47,90,#BEE67A
83,47,90,#BCE67A
84,47,90,#BAE67A
85,47,90,#B9E67A
86,47,90,#B7E67A
87,47,90,#B5E67A
88,47,90,#B3E67A
89,47,90,#B1E67A
90,47,90,#B0E67A
91,47,90,#AEE67A
92,47,90,#ACE67A
93,47,90,#AAE67A
94,47,90,#A8E67A
95,47,90,#A7E67A
96,47,90,#A5E67A
97,47,90,#A3E67A
98,47,90,#A1E67A
99,47,90,#9FE67A
100,47,90,#9EE67A
101,47,90,#9CE67A
102,47,90,#9AE67A
103,47,90,#98E67A
104,47,90,#96E67A
105,47,90,#95E67A
106,47,90,#93E67A
107,47,90,#91E67A
108,47,90,#8FE67A
109,47,90,#8DE67A
110,47,90,#8CE67A
111,47,90,#8AE67A
112,47,90,#88E67A
113,47,90,#86E67A
114,47,90,#84E67A
115,47,90,#83E67A
116,47,90,#81E67A
117,47,90,#7FE67A
118,47,90,#7DE67A
119,47,90,#7BE67A
120,47,90,#7AE67A
121,47,90,#7AE67B
122,47,90,#7AE67D
123,47,90,#7AE67F
124,47,90,#7AE681
125,47,90,#7AE683
126,47,90,#7AE684
127,47,90,#7AE686
128,47,90,#7AE688
129,47,90,#7AE68A
130,47,90,#7AE68C
131,47,90,#7AE68D
132,47,90,#7AE68F
133,47,90,#7AE691
134,47,90,#7AE693
135,47,90,#7AE695
136,47,90,#7AE696
137,47,90,#7AE698
138,47,90,#7AE69A
139,47,90,#7AE69C
140,47,90,#7AE69E
141,47,90,#7AE69F
142,47,90,#7AE6A1
143,47,90,#7AE6A3
144,47,90,#7AE6A5
145,47,90,#7AE6A7
146,47,90,#7AE6A8
147,47,90,#7AE6AA
148,47,90,#7AE6AC
149,47,90,#7AE6AE
150,47,90,#7AE6B0
151,47,90,#7AE6B1
152,47,90,#7AE6B3
153,47,90,#7AE6B5
154,47,90,#7AE6B7
155,47,90,#7AE6B9
156,47,90,#7AE6BA
157,47,90,#7AE6BC
158,47,90,#7AE6BE
159,47,90,#7AE6C0
160,47,90,#7AE6C2
161,47,90,#7AE6C3
162,47,90,#7AE6C5
163,47,90,#7AE6C7
164,47,90,#7AE6C9
165,47,90,#7AE6CB
166,47,90,#7AE6CC
167,47,90,#7AE6CE
168,47,90,#7AE6D0
169,47,90,#7AE6D2
170,47,90,#7AE6D4
171,47,90,#7AE6D5
172,47,90,#7AE6D7
173,47,90,#7AE6D9
174,47,90,#7AE6DB
175,47,90,#7AE6DD
176,47,90,#7AE6DE
177,47,90,#7AE6E0
178,47,90,#7AE6E2
179,47,90,#7AE6E4
180,47,90,#7AE6E6
181,47,90,#7AE4E6
182,47,90,#7AE2E6
183,47,90,#7AE0E6
184,47,90,#7ADEE6
185,47,90,#7ADDE6
186,47,90,#7ADBE6
187,47,90,#7AD9E6
188,47,90,#7AD7E6
189,47,90,#7AD5E6
190,47,90,#7AD4E6
191,47,90,#7AD2E6
192,47,90,#7AD0E6
193,47,90,#7ACEE6
194,47,90,#7ACCE6
195,47,90,#7ACBE6
196,47,90,#7AC9E6
197,47,90,#7AC7E6
198,47,90,#7AC5E6
199,47,90,#7AC3E6
200,47,90,#7AC2E6
201,47,90,#7AC0E6
202,47,90,#7ABEE6
203,47,90,#7ABCE6
204,47,90,#7ABAE6
205,47,90,#7AB9E6
206,47,90,#7AB7E6
207,47,90,#7AB5E6
208,47,90,#7AB3E6
209,47,90,#7AB1E6
210,47,90,#7AB0E6
211,47,90,#7AAEE6
212,47,90,#7AACE6
213,47,90,#7AAAE6
214,47,90,#7AA8E6
215,47,90,#7AA7E6
216,47,90,#7AA5E6
217,47,90,#7AA3E6
218,47,90,#7AA1E6
219,47,90,#7A9FE6
220,47,90,#7A9EE6
221,47,90,#7A9CE6
222,47,90,#7A9AE6
223,47,90,#7A98E6
224,47,90,#7A96E6
225,47,90,#7A95E6
226,47,90,#7A93E6
227,47,90,#7A91E6
228,47,90,#7A8FE6
229,47,90,#7A8DE6
230,47,90,#7A8CE6
231,47,90,#7A8AE6
232,47,90,#7A88E6
233,47,90,#7A86E6
234,47,90,#7A84E6
235,47,90,#7A83E6
236,47,90,#7A81E6
237,47,90,#7A7FE6
238,47,90,#7A7DE6
239,47,90,#7A7BE6
240,47,90,#7A7AE6
241,47,90,#7B7AE6
242,47,90,#7D7AE6
243,47,90,#7F7AE6
244,47,90,#817AE6
245,47,90,#837AE6
246,47,90,#847AE6
247,47,90,#867AE6
248,47,90,#887AE6
249,47,90,#8A7AE6
250,47,90,#8C7AE6
251,47,90,#8D7AE6
252,47,90,#8F7AE6
253,47,90,#917AE6
254,47,90,#937AE6
255,47,90,#957AE6
256,47,90,#967AE6
257,47,90,#987AE6
258,47,90,#9A7AE6
259,47,90,#9C7AE6
260,47,90,#9E7AE6
261,47,90,#9F7AE6
262,47,90,#A17AE6
263,47,90,#A37AE6
264,47,90,#A57AE6
265,47,90,#A77AE6
266,47,90,#A87AE6
267,47,90,#AA7AE6
268,47,90,#AC7AE6
269,47,90,#AE7AE6
270,47,90,#B07AE6
271,47,90,#B17AE6
272,47,90,#B37AE6
273,47,90,#B57AE6
274,47,90,#B77AE6
275,47,90,#B97AE6
276,47,90,#BA7AE6
277,47,90,#BC7AE6
278,47,90,#BE7AE6
279,47,90,#C07AE6
280,47,90,#C27AE6
281,47,90,#C37AE6
282,47,90,#C57AE6
283,47,90,#C77AE6
284,47,90,#C97AE6
285,47,90,#CB7AE6
286,47,90,#CC7AE6
287,47,90,#CE7AE6
288,47,90,#D07AE6
289,47,90,#D27AE6
290,47,90,#D47AE6
291,47,90,#D57AE6
292,47,90,#D77AE6
293,47,90,#D97AE6
294,47,90,#DB7AE6
295,47,90,#DD7AE6
296,47,90,#DE7AE6
297,47,90,#E07AE6
298,47,90,#E27AE6
299,47,90,#E47AE6
300,47,90,#E67AE6
301,47,90,#E67AE4
302,47,90,#E67AE2
303,47,90,#E67AE0
304,47,90,#E67ADE
305,47,90,#E67ADD
306,47,90,#E67ADB
307,47,90,#E67AD9
308,47,90,#E67AD7
309,47,90,#E67AD5
310,47,90,#E67AD4
311,47,90,#E67AD2
312,47,90,#E67AD0
313,47,90,#E67ACE
314,47,90,#E67ACC
315,47,90,#E67ACB
316,47,90,#E67AC9
317,47,90,#E67AC7
318,47,90,#E67AC5
319,47,90,#E67AC3
320,47,90,#E67AC2
321,47,90,#E67AC0
322,47,90,#E67ABE
323,47,90,#E67ABC
324,47,90,#E67ABA
325,47,90,#E67AB9
326,47,90,#E67AB7
327,47,90,#E67AB5
328,47,90,#E67AB3
329,47,90,#E67AB1
330,47,90,#E67AB0
331,47,90,#E67AAE
332,47,90,#E67AAC
333,47,90,#E67AAA
334,47,90,#E67AA8
335,47,90,#E67AA7
336,47,90,#E67AA5
337,47,90,#E67AA3
338,47,90,#E67AA1
339,47,90,#E67A9F
340,47,90,#E67A9E
341,47,90,#E67A9C
342,47,90,#E67A9A
343,47,90,#E67A98
344,47,90,#E67A96
345,47,90,#E67A95
346,47,90,#E67A93
347,47,90,#E67A91
348,47,90,#E67A8F
349,47,90,#E67A8D
350,47,90,#E67A8C
351,47,90,#E67A8A
352,47,90,#E67A88
353,47,90,#E67A86
354,47,90,#E67A84
355,47,90,#E67A83
356,47,90,#E67A81
357,47,90,#E67A7F
358,47,90,#E67A7D
359,47,90,#E67A7B
0,46,90,#E67C7C
1,46,90,#E67E7C
2,46,90,#E67F7C
3,46,90,#E6817C
4,46,90,#E6837C
5,46,90,#E6857C
6,46,90,#E6867C
7,46,90,#E6887C
8,46,90,#E68A7C
9,46,90,#E68C7C
10,46,90,#E68E7C
11,46,90,#E68F7C
12,46,90,#E6917C
13,46,90,#E6937C
14,46,90,#E6957C
15,46,90,#E6967C
16,46,90,#E6987C
17,46,90,#E69A7C
18,46,90,#E69C7C
19,46,90,#E69D7C
20,46,90,#E69F7C
21,46,90,#E6A17C
22,46,90,#E6A37C
23,46,90,#E6A47C
24,46,90,#E6A67C
25,46,90,#E6A87C
26,46,90,#E6AA7C
27,46,90,#E6AB7C
28,46,90,#E6AD7C
29,46,90,#E6AF7C
30,46,90,#E6B17C
31,46,90,#E6B27C
32,46,90,#E6B47C
33,46,90,#E6B67C
34,46,90,#E6B87C
35,46,90,#E6BA7C
36,46,90,#E6BB7C
37,46,90,#E6BD7C
38,46,90,#E6BF7C
39,46,90,#E6C17C
40,46,90,#E6C27C
41,46,90,#E6C47C
42,46,90,#E6C67C
43,46,90,#E6C87C
44,46,90,#E6C97C
45,46,90,#E6CB7C
46,46,90,#E6CD7C
47,46,90,#E6CF7C
48,46,90,#E6D07C
49,46,90,#E6D27C
50,46,90,#E6D47C
51,46,90,#E6D67C
52,46,90,#E6D77C
53,46,90,#E6D97C
54,46,90,#E6DB7C
55,46,90,#E6DD7C
56,46,90,#E6DE7C
57,46,90,#E6E07C
58,46,90,#E6E27C
59,46,90,#E6E47C
60,46,90,#E6E67C
61,46,90,#E4E67C
62,46,90,#E2E67C
63,46,90,#E0E67C
64,46,90,#DEE67C
65,46,90,#DDE67C
66,46,90,#DBE67C
67,46,90,#D9E67C
68,46,90,#D7E67C
69,46,90,#D6E67C
70,46,90,#D4E67C
71,46,90,#D2E67C
72,46,90,#D0E67C
73,46,90,#CFE67C
74,46,90,#CDE67C
75,46,90,#CBE67C
76,46,90,#C9E67C
77,46,90,#C8E67C
78,46,90,#C6E67C
79,46,90,#C4E67C
80,46,90,#C2E67C
81,46,90,#C1E67C
82,46,90,#BFE67C
83,46,90,#BDE67C
84,46,90,#BBE67C
85,46,90,#BAE67C
86,46,90,#B8E67C
87,46,90,#B6E67C
88,46,90,#B4E67C
89,46,90,#B2E67C
90,46,90,#B1E67C
91,46,90,#AFE67C
92,46,90,#ADE67C
93,46,90,#ABE67C
94,46,90,#AAE67C
95,46,90,#A8E67C
96,46,90,#A6E67C
97,46,90,#A4E67C
98,46,90,#A3E67C
99,46,90,#A1E67C
100,46,90,#9FE67C
101,46,90,#9DE67C
102,46,90,#9CE67C
103,46,90,#9AE67C
104,46,90,#98E67C
105,46,90,#96E67C
106,46,90,#95E67C
107,46,90,#93E67C
108,46,90,#91E67C
109,46,90,#8FE67C
110,46,90,#8EE67C
111,46,90,#8CE67C
112,46,90,#8AE67C
113,46,90,#88E67C
114,46,90,#86E67C
115,46,90,#85E67C
116,46,90,#83E67C
117,46,90,#81E67C
118,46,90,#7FE67C
119,46,90,#7EE67C
120,46,90,#7CE67C
121,46,90,#7CE67E
122,46,90,#7CE67F
123,46,90,#7CE681
124,46,90,#7CE683
125,46,90,#7CE685
126,46,90,#7CE686
127,46,90,#7CE688
128,46,90,#7CE68A
129,46,90,#7CE68C
130,46,90,#7CE68E
131,46,90,#7CE68F
132,46,90,#7CE691
133,46,90,#7CE693
134,46,90,#7CE695
135,46,90,#7CE696
136,46,90,#7CE698
137,46,90,#7CE69A
138,46,90,#7CE69C
139,46,90,#7CE69D
140,46,90,#7CE69F
141,46,90,#7CE6A1
142,46,90,#7CE6A3
143,46,90,#7CE6A4
144,46,90,#7CE6A6
145,46,90,#7CE6A8
146,46,90,#7CE6AA
147,46,90,#7CE6AB
148,46,90,#7CE6AD
149,46,90,#7CE6AF
150,46,90,#7CE6B1
151,46,90,#7CE6B2
152,46,90,#7CE6B4
153,46,90,#7CE6B6
154,46,90,#7CE6B8
155,46,90,#7CE6BA
156,46,90,#7CE6BB
157,46,90,#7CE6BD
158,46,90,#7CE6BF
159,46,90,#7CE6C1
160,46,90,#7CE6C2
161,46,90,#7CE6C4
162,46,90,#7CE6C6
163,46,90,#7CE6C8
164,46,90,#7CE6C9
165,46,90,#7CE6CB
166,46,90,#7CE6CD
167,46,90,#7CE6CF
168,46,90,#7CE6D0
169,46,90,#7CE6D2
170,46,90,#7CE6D4
171,46,90,#7CE6D6
172,46,90,#7CE6D7
173,46,90,#7CE6D9
174,46,90,#7CE6DB
175,46,90,#7CE6DD
176,46,90,#7CE6DE
177,46,90,#7CE6E0
178,46,90,#7CE6E2
179,46,90,#7CE6E4
180,46,90,#7CE6E6
181,46,90,#7CE4E6
182,46,90,#7CE2E6
183,46,90,#7CE0E6
184,46,90,#7CDEE6
185,46,90,#7CDDE6
186,46,90,#7CDBE6
187,46,90,#7CD9E6
188,46,90,#7CD7E6
189,46,90,#7CD6E6
190,46,90,#7CD4E6
191,46,90,#7CD2E6
192,46,90,#7CD0E6
193,46,90,#7CCFE6
194,46,90,#7CCDE6
195,46,90,#7CCBE6
196,46,90,#7CC9E6
197,46,90,#7CC8E6
198,46,90,#7CC6E6
199,46,90,#7CC4E6
200,46,90,#7CC2E6
201,46,90,#7CC1E6
202,46,90,#7CBFE6
203,46,90,#7CBDE6
204,46,90,#7CBBE6
205,46,90,#7CBAE6
206,46,90,#7CB8E6
207,46,90,#7CB6E6
208,46,90,#7CB4E6
209,46,90,#7CB2E6
210,46,90,#7CB1E6
211,46,90,#7CAFE6
212,46,90,#7CADE6
213,46,90,#7CABE6
214,46,90,#7CAAE6
215,46,90,#7CA8E6
216,46,90,#7CA6E6
217,46,90,#7CA4E6
218,46,90,#7CA3E6
219,46,90,#7CA1E6
220,46,90,#7C9FE6
221,46,90,#7C9DE6
222,46,90,#7C9CE6
223,46,90,#7C9AE6
224,46,90,#7C98E6
225,46,90,#7C96E6
226,46,90,#7C95E6
227,46,90,#7C93E6
228,46,90,#7C91E6
229,46,90,#7C8FE6
230,46,90,#7C8EE6
231,46,90,#7C8CE6
232,46,90,#7C8AE6
233,46,90,#7C88E6
234,46,90,#7C86E6
235,46,90,#7C85E6
236,46,90,#7C83E6
237,46,90,#7C81E6
238,46,90,#7C7FE6
239,46,90,#7C7EE6
240,46,90,#7C7CE6
241,46,90,#7E7CE6
242,46,90,#7F7CE6
243,46,90,#817CE6
244,46,90,#837CE6
245,46,90,#857CE6
246,46,90,#867CE6
247,46,90,#887CE6
248,46,90,#8A7CE6
249,46,90,#8C7CE6
250,46,90,#8E7CE6
251,46,90,#8F7CE6
252,46,90,#917CE6
253,46,90,#937CE6
254,46,90,#957CE6
255,46,90,#967CE6
256,46,90,#987CE6
257,46,90,#9A7CE6
258,46,90,#9C7CE6
259,46,90,#9D7CE6
260,46,90,#9F7CE6
261,46,90,#A17CE6
262,46,90,#A37CE6
263,46,90,#A47CE6
264,46,90,#A67CE6
265,46,90,#A87CE6
266,46,90,#AA7CE6
267,46,90,#AB7CE6
268,46,90,#AD7CE6
269,46,90,#AF7CE6
270,46,90,#B17CE6
271,46,90,#B27CE6
272,46,90,#B47CE6
273,46,90,#B67CE6
274,46,90,#B87CE6
275,46,90,#BA7CE6
276,46,90,#BB7CE6
277,46,90,#BD7CE6
278,46,90,#BF7CE6
279,46,90,#C17CE6
280,46,90,#C27CE6
281,46,90,#C47CE6
282,46,90,#C67CE6
283,46,90,#C87CE6
284,46,90,#C97CE6
285,46,90,#CB7CE6
286,46,90,#CD7CE6
287,46,90,#CF7CE6
288,46,90,#D07CE6
289,46,90,#D27CE6
290,46,90,#D47CE6
291,46,90,#D67CE6
292,46,90,#D77CE6
293,46,90,#D97CE6
294,46,90,#DB7CE6
295,46,90,#DD7CE6
296,46,90,#DE7CE6
297,46,90,#E07CE6
298,46,90,#E27CE6
299,46,90,#E47CE6
300,46,90,#E67CE6
301,46,90,#E67CE4
302,46,90,#E67CE2
303,46,90,#E67CE0
304,46,90,#E67CDE
305,46,90,#E67CDD
306,46,90,#E67CDB
307,46,90,#E67CD9
308,46,90,#E67CD7
309,46,90,#E67CD6
310,46,90,#E67CD4
311,46,90,#E67CD2
312,46,90,#E67CD0
313,46,90,#E67CCF
314,46,90,#E67CCD
315,46,90,#E67CCB
316,46,90,#E67CC9
317,46,90,#E67CC8
318,46,90,#E67CC6
319,46,90,#E67CC4
320,46,90,#E67CC2
321,46,90,#E67CC1
322,46,90,#E67CBF
323,46,90,#E67CBD
324,46,90,#E67CBB
325,46,90,#E67CBA
326,46,90,#E67CB8
327,46,90,#E67CB6
328,46,90,#E67CB4
329,46,90,#E67CB2
330,46,90,#E67CB1
331,46,90,#E67CAF
332,46,90,#E67CAD
333,46,90,#E67CAB
334,46,90,#E67CAA
335,46,90,#E67CA8
336,46,90,#E67CA6
337,46,90,#E67CA4
338,46,90,#E67CA3
339,46,90,#E67CA1
340,46,90,#E67C9F
341,46,90,#E67C9D
342,46,90,#E67C9C
343,46,90,#E67C9A
344,46,90,#E67C98
345,46,90,#E67C96
346,46,90,#E67C95
347,46,90,#E67C93
348,46,90,#E67C91
349,46,90,#E67C8F
350,46,90,#E67C8E
351,46,90,#E67C8C
352,46,90,#E67C8A
353,46,90,#E67C88
354,46,90,#E67C86
355,46,90,#E67C85
356,46,90,#E67C83
357,46,90,#E67C81
358,46,90,#E67C7F
359,46,90,#E67C7E
0,45,90,#E67E7E
1,45,90,#E6807E
2,45,90,#E6827E
3,45,90,#E6837E
4,45,90,#E6857E
5,45,90,#E6877E
6,45,90,#E6897E
7,45,90,#E68A7E
8,45,90,#E68C7E
9,45,90,#E68E7E
10,45,90,#E68F7E
11,45,90,#E6917E
12,45,90,#E6937E
13,45,90,#E6957E
14,45,90,#E6967E
15,45,90,#E6987E
16,45,90,#E69A7E
17,45,90,#E69B7E
18,45,90,#E69D7E
19,45,90,#E69F7E
20,45,90,#E6A17E
21,45,90,#E6A27E
22,45,90,#E6A47E
23,45,90,#E6A67E
24,45,90,#E6A87E
25,45,90,#E6A97E
26,45,90,#E6AB7E
27,45,90,#E6AD7E
28,45,90,#E6AE7E
29,45,90,#E6B07E
30,45,90,#E6B27E
31,45,90,#E6B47E
32,45,90,#E6B57E
33,45,90,#E6B77E
34,45,90,#E6B97E
35,45,90,#E6BA7E
36,45,90,#E6BC7E
37,45,90,#E6BE7E
38,45,90,#E6C07E
39,45,90,#E6C17E
40,45,90,#E6C37E
41,45,90,#E6C57E
42,45,90,#E6C77E
43,45,90,#E6C87E
44,45,90,#E6CA7E
45,45,90,#E6CC7E
46,45,90,#E6CD7E
47,45,90,#E6CF7E
48,45,90,#E6D17E
49,45,90,#E6D37E
50,45,90,#E6D47E
51,45,90,#E6D67E
52,45,90,#E6D87E
53,45,90,#E6D97E
54,45,90,#E6DB7E
55,45,90,#E6DD7E
56,45,90,#E6DF7E
57,45,90,#E6E07E
58,45,90,#E6E27E
59,45,90,#E6E47E
60,45,90,#E6E67E
61,45,90,#E4E67E
62,45,90,#E2E67E
63,45,90,#E0E67E
64,45,90,#DFE67E
65,45,90,#DDE67E
66,45,90,#DBE67E
67,45,90,#D9E67E
68,45,90,#D8E67E
69,45,90,#D6E67E
70,45,90,#D4E67E
71,45,90,#D3E67E
72,45,90,#D1E67E
73,45,90,#CFE67E
74,45,90,#CDE67E
75,45,90,#CCE67E
76,45,90,#CAE67E
77,45,90,#C8E67E
78,45,90,#C7E67E
79,45,90,#C5E67E
80,45,90,#C3E67E
81,45,90,#C1E67E
82,45,90,#C0E67E
83,45,90,#BEE67E
84,45,90,#BCE67E
85,45,90,#BAE67E
86,45,90,#B9E67E
87,45,90,#B7E67E
88,45,90,#B5E67E
89,45,90,#B4E67E
90,45,90,#B2E67E
91,45,90,#B0E67E
92,45,90,#AEE67E
93,45,90,#ADE67E
94,45,90,#ABE67E
95,45,90,#A9E67E
96,45,90,#A8E67E
97,45,90,#A6E67E
98,45,90,#A4E67E
99,45,90,#A2E67E
100,45,90,#A1E67E
101,45,90,#9FE67E
102,45,90,#9DE67E
103,45,90,#9BE67E
104,45,90,#9AE67E
105,45,90,#98E67E
106,45,90,#96E67E
107,45,90,#95E67E
108,45,90,#93E67E
109,45,90,#91E67E
110,45,90,#8FE67E
111,45,90,#8EE67E
112,45,90,#8CE67E
113,45,90,#8AE67E
114,45,90,#89E67E
115,45,90,#87E67E
116,45,90,#85E67E
117,45,90,#83E67E
118,45,90,#82E67E
119,45,90,#80E67E
120,45,90,#7EE67E
121,45,90,#7EE680
122,45,90,#7EE682
123,45,90,#7EE683
124,45,90,#7EE685
125,45,90,#7EE687
126,45,90,#7EE689
127,45,90,#7EE68A
128,45,90,#7EE68C
129,45,90,#7EE68E
130,45,90,#7EE68F
131,45,90,#7EE691
132,45,90,#7EE693
133,45,90,#7EE695
134,45,90,#7EE696
135,45,90,#7EE698
136,45,90,#7EE69A
137,45,90,#7EE69B
138,45,90,#7EE69D
139,45,90,#7EE69F
140,45,90,#7EE6A1
141,45,90,#7EE6A2
142,45,90,#7EE6A4
143,45,90,#7EE6A6
144,45,90,#7EE6A8
145,45,90,#7EE6A9
146,45,90,#7EE6AB
147,45,90,#7EE6AD
148,45,90,#7EE6AE
149,45,90,#7EE6B0
150,45,90,#7EE6B2
151,45,90,#7EE6B4
152,45,90,#7EE6B5
153,45,90,#7EE6B7
154,45,90,#7EE6B9
155,45,90,#7EE6BA
156,45,90,#7EE6BC
157,45,90,#7EE6BE
158,45,90,#7EE6C0
159,45,90,#7EE6C1
160,45,90,#7EE6C3
161,45,90,#7EE6C5
162,45,90,#7EE6C7
163,45,90,#7EE6C8
164,45,90,#7EE6CA
165,45,90,#7EE6CC
166,45,90,#7EE6CD
167,45,90,#7EE6CF
168,45,90,#7EE6D1
169,45,90,#7EE6D3
170,45,90,#7EE6D4
171,45,90,#7EE6D6
172,45,90,#7EE6D8
173,45,90,#7EE6D9
174,45,90,#7EE6DB
175,45,90,#7EE6DD
176,45,90,#7EE6DF
177,45,90,#7EE6E0
178,45,90,#7EE6E2
179,45,90,#7EE6E4
180,45,90,#7EE6E6
181,45,90,#7EE4E6
182,45,90,#7EE2E6
183,45,90,#7EE0E6
184,45,90,#7EDFE6
185,45,90,#7EDDE6
186,45,90,#7EDBE6
187,45,90,#7ED9E6
188,45,90,#7ED8E6
189,45,90,#7ED6E6
190,45,90,#7ED4E6
191,45,90,#7ED3E6
192,45,90,#7ED1E6
193,45,90,#7ECFE6
194,45,90,#7ECDE6
195,45,90,#7ECCE6
196,45,90,#7ECAE6
197,45,90,#7EC8E6
198,45,90,#7EC7E6
199,45,90,#7EC5E6
200,45,90,#7EC3E6
201,45,90,#7EC1E6
202,45,90,#7EC0E6
203,45,90,#7EBEE6
204,45,90,#7EBCE6
205,45,90,#7EBAE6
206,45,90,#7EB9E6
207,45,90,#7EB7E6
208,45,90,#7EB5E6
209,45,90,#7EB4E6
210,45,90,#7EB2E6
211,45,90,#7EB0E6
212,45,90,#7EAEE6
213,45,90,#7EADE6
214,45,90,#7EABE6
215,45,90,#7EA9E6
216,45,90,#7EA8E6
217,45,90,#7EA6E6
218,45,90,#7EA4E6
219,45,90,#7EA2E6
220,45,90,#7EA1E6
221,45,90,#7E9FE6
222,45,90,#7E9DE6
223,45,90,#7E9BE6
224,45,90,#7E9AE6
225,45,90,#7E98E6
226,45,90,#7E96E6
227,45,90,#7E95E6
228,45,90,#7E93E6
229,45,90,#7E91E6
230,45,90,#7E8FE6
231,45,90,#7E8EE6
232,45,90,#7E8CE6
233,45,90,#7E8AE6
234,45,90,#7E89E6
235,45,90,#7E87E6
236,45,90,#7E85E6
237,45,90,#7E83E6
238,45,90,#7E82E6
239,45,90,#7E80E6
240,45,90,#7E7EE6
241,45,90,#807EE6
242,45,90,#827EE6
243,45,90,#837EE6
244,45,90,#857EE6
245,45,90,#877EE6
246,45,90,#897EE6
247,45,90,#8A7EE6
248,45,90,#8C7EE6
249,45,90,#8E7EE6
250,45,90,#8F7EE6
251,45,90,#917EE6
252,45,90,#937EE6
253,45,90,#957EE6
254,45,90,#967EE6
255,45,90,#987EE6
256,45,90,#9A7EE6
257,45,90,#9B7EE6
258,45,90,#9D7EE6
259,45,90,#9F7EE6
260,45,90,#A17EE6
261,45,90,#A27EE6
262,45,90,#A47EE6
263,45,90,#A67EE6
264,45,90,#A87EE6
265,45,90,#A97EE6
266,45,90,#AB7EE6
267,45,90,#AD7EE6
268,45,90,#AE7EE6
269,45,90,#B07EE6
270,45,90,#B27EE6
271,45,90,#B47EE6
272,45,90,#B57EE6
273,45,90,#B77EE6
274,45,90,#B97EE6
275,45,90,#BA7EE6
276,45,90,#BC7EE6
277,45,90,#BE7EE6
278,45,90,#C07EE6
279,45,90,#C17EE6
280,45,90,#C37EE6
281,45,90,#C57EE6
282,45,90,#C77EE6
283,45,90,#C87EE6
284,45,90,#CA7EE6
285,45,90,#CC7EE6
286,45,90,#CD7EE6
287,45,90,#CF7EE6
288,45,90,#D17EE6
289,45,90,#D37EE6
290,45,90,#D47EE6
291,45,90,#D67EE6
292,45,90,#D87EE6
293,45,90,#D97EE6
294,45,90,#DB7EE6
295,45,90,#DD7EE6
296,45,90,#DF7EE6
297,45,90,#E07EE6
298,45,90,#E27EE6
299,45,90,#E47EE6
300,45,90,#E67EE6
301,45,90,#E67EE4
302,45,90,#E67EE2
303,45,90,#E67EE0
304,45,90,#E67EDF
305,45,90,#E67EDD
306,45,90,#E67EDB
307,45,90,#E67ED9
308,45,90,#E67ED8
309,45,90,#E67ED6
310,45,90,#E67ED4
311,45,90,#E67ED3
312,45,90,#E67ED1
313,45,90,#E67ECF
314,45,90,#E67ECD
315,45,90,#E67ECC
316,45,90,#E67ECA
317,45,90,#E67EC8
318,45,90,#E67EC7
319,45,90,#E67EC5
320,45,90,#E67EC3
321,45,90,#E67EC1
322,45,90,#E67EC0
323,45,90,#E67EBE
324,45,90,#E67EBC
325,45,90,#E67EBA
326,45,90,#E67EB9
327,45,90,#E67EB7
328,45,90,#E67EB5
329,45,90,#E67EB4
330,45,90,#E67EB2
331,45,90,#E67EB0
332,45,90,#E67EAE
333,45,90,#E67EAD
334,45,90,#E67EAB
335,45,90,#E67EA9
336,45,90,#E67EA8
337,45,90,#E67EA6
338,45,90,#E67EA4
339,45,90,#E67EA2
340,45,90,#E67EA1
341,45,90,#E67E9F
342,45,90,#E67E9D
343,45,90,#E67E9B
344,45,90,#E67E9A
345,45,90,#E67E98
346,45,90,#E67E96
347,45,90,#E67E95
348,45,90,#E67E93
349,45,90,#E67E91
350,45,90,#E67E8F
351,45,90,#E67E8E
352,45,90,#E67E8C
353,45,90,#E67E8A
354,45,90,#E67E89
355,45,90,#E67E87
356,45,90,#E67E85
357,45,90,#E67E83
358,45,90,#E67E82
359,45,90,#E67E80
0,44,90,#E68181
1,44,90,#E68281
2,44,90,#E68481
3,44,90,#E68681
4,44,90,#E68781
5,44,90,#E68981
6,44,90,#E68B81
7,44,90,#E68C81
8,44,90,#E68E81
9,44,90,#E69081
10,44,90,#E69181
11,44,90,#E69381
12,44,90,#E69581
13,44,90,#E69681
14,44,90,#E69881
15,44,90,#E69A81
16,44,90,#E69B81
17,44,90,#E69D81
18,44,90,#E69F81
19,44,90,#E6A081
20,44,90,#E6A281
21,44,90,#E6A481
22,44,90,#E6A681
23,44,90,#E6A781
24,44,90,#E6A981
25,44,90,#E6AB81
26,44,90,#E6AC81
27,44,90,#E6AE81
28,44,90,#E6B081
29,44,90,#E6B181
30,44,90,#E6B381
31,44,90,#E6B581
32,44,90,#E6B681
33,44,90,#E6B881
34,44,90,#E6BA81
35,44,90,#E6BB81
36,44,90,#E6BD81
37,44,90,#E6BF81
38,44,90,#E6C081
39,44,90,#E6C281
40,44,90,#E6C481
41,44,90,#E6C681
42,44,90,#E6C781
43,44,90,#E6C981
44,44,90,#E6CB81
45,44,90,#E6CC81
46,44,90,#E6CE81
47,44,90,#E6D081
48,44,90,#E6D181
49,44,90,#E6D381
50,44,90,#E6D581
51,44,90,#E6D681
52,44,90,#E6D881
53,44,90,#E6DA81
54,44,90,#E6DB81
55,44,90,#E6DD81
56,44,90,#E6DF81
57,44,90,#E6E081
58,44,90,#E6E281
59,44,90,#E6E481
60,44,90,#E6E681
61,44,90,#E4E681
62,44,90,#E2E681
63,44,90,#E0E681
64,44,90,#DFE681
65,44,90,#DDE681
66,44,90,#DBE681
67,44,90,#DAE681
68,44,90,#D8E681
69,44,90,#D6E681
70,44,90,#D5E681
71,44,90,#D3E681
72,44,90,#D1E681
73,44,90,#D0E681
74,44,90,#CEE681
75,44,90,#CCE681
76,44,90,#CBE681
77,44,90,#C9E681
78,44,90,#C7E681
79,44,90,#C6E681
80,44,90,#C4E681
81,44,90,#C2E681
82,44,90,#C0E681
83,44,90,#BFE681
84,44,90,#BDE681
85,44,90,#BBE681
86,44,90,#BAE681
87,44,90,#B8E681
88,44,90,#B6E681
89,44,90,#B5E681
90,44,90,#B3E681
91,44,90,#B1E681
92,44,90,#B0E681
93,44,90,#AEE681
94,44,90,#ACE681
95,44,90,#ABE681
96,44,90,#A9E681
97,44,90,#A7E681
98,44,90,#A6E681
99,44,90,#A4E681
100,44,90,#A2E681
101,44,90,#A0E681
102,44,90,#9FE681
103,44,90,#9DE681
104,44,90,#9BE681
105,44,90,#9AE681
106,44,90,#98E681
107,44,90,#96E681
108,44,90,#95E681
109,44,90,#93E681
110,44,90,#91E681
111,44,90,#90E681
112,44,90,#8EE681
113,44,90,#8CE681
114,44,90,#8BE681
115,44,90,#89E681
116,44,90,#87E681
117,44,90,#86E681
118,44,90,#84E681
119,44,90,#82E681
120,44,90,#81E681
121,44,90,#81E682
122,44,90,#81E684
123,44,90,#81E686
124,44,90,#81E687
125,44,90,#81E689
126,44,90,#81E68B
127,44,90,#81E68C
128,44,90,#81E68E
129,44,90,#81E690
130,44,90,#81E691
131,44,90,#81E693
132,44,90,#81E695
133,44,90,#81E696
134,44,90,#81E698
135,44,90,#81E69A
136,44,90,#81E69B
137,44,90,#81E69D
138,44,90,#81E69F
139,44,90,#81E6A0
140,44,90,#81E6A2
141,44,90,#81E6A4
142,44,90,#81E6A6
143,44,90,#81E6A7
144,44,90,#81E6A9
145,44,90,#81E6AB
146,44,90,#81E6AC
147,44,90,#81E6AE
148,44,90,#81E6B0
149,44,90,#81E6B1
150,44,90,#81E6B3
151,44,90,#81E6B5
152,44,90,#81E6B6
153,44,90,#81E6B8
154,44,90,#81E6BA
155,44,90,#81E6BB
156,44,90,#81E6BD
157,44,90,#81E6BF
158,44,90,#81E6C0
159,44,90,#81E6C2
160,44,90,#81E6C4
161,44,90,#81E6C6
162,44,90,#81E6C7
163,44,90,#81E6C9
164,44,90,#81E6CB
165,44,90,#81E6CC
166,44,90,#81E6CE
167,44,90,#81E6D0
168,44,90,#81E6D1
169,44,90,#81E6D3
170,44,90,#81E6D5
171,44,90,#81E6D6
172,44,90,#81E6D8
173,44,90,#81E6DA
174,44,90,#81E6DB
175,44,90,#81E6DD
176,44,90,#81E6DF
177,44,90,#81E6E0
178,44,90,#81E6E2
179,44,90,#81E6E4
180,44,90,#81E6E6
181,44,90,#81E4E6
182,44,90,#81E2E6
183,44,90,#81E0E6
184,44,90,#81DFE6
185,44,90,#81DDE6
186,44,90,#81DBE6
187,44,90,#81DAE6
188,44,90,#81D8E6
189,44,90,#81D6E6
190,44,90,#81D5E6
191,44,90,#81D3E6
192,44,90,#81D1E6
193,44,90,#81D0E6
194,44,90,#81CEE6
195,44,90,#81CCE6
196,44,90,#81CBE6
197,44,90,#81C9E6
198,44,90,#81C7E6
199,44,90,#81C6E6
200,44,90,#81C4E6
201,44,90,#81C2E6
202,44,90,#81C0E6
203,44,90,#81BFE6
204,44,90,#81BDE6
205,44,90,#81BBE6
206,44,90,#81BAE6
207,44,90,#81B8E6
208,44,90,#81B6E6
209,44,90,#81B5E6
210,44,90,#81B3E6
211,44,90,#81B1E6
212,44,90,#81B0E6
213,44,90,#81AEE6
214,44,90,#81ACE6
215,44,90,#81ABE6
216,44,90,#81A9E6
217,44,90,#81A7E6
218,44,90,#81A6E6
219,44,90,#81A4E6
220,44,90,#81A2E6
221,44,90,#81A0E6
222,44,90,#819FE6
223,44,90,#819DE6
224,44,90,#819BE6
225,44,90,#819AE6
226,44,90,#8198E6
227,44,90,#8196E6
228,44,90,#8195E6
229,44,90,#8193E6
230,44,90,#8191E6
231,44,90,#8190E6
232,44,90,#818EE6
233,44,90,#818CE6
234,44,90,#818BE6
235,44,90,#8189E6
236,44,90,#8187E6
237,44,90,#8186E6
238,44,90,#8184E6
239,44,90,#8182E6
240,44,90,#8181E6
241,44,90,#8281E6
242,44,90,#8481E6
243,44,90,#8681E6
244,44,90,#8781E6
245,44,90,#8981E6
246,44,90,#8B81E6
247,44,90,#8C81E6
248,44,90,#8E81E6
249,44,90,#9081E6
250,44,90,#9181E6
251,44,90,#9381E6
252,44,90,#9581E6
253,44,90,#9681E6
254,44,90,#9881E6
255,44,90,#9A81E6
256,44,90,#9B81E6
257,44,90,#9D81E6
258,44,90,#9F81E6
259,44,90,#A081E6
260,44,90,#A281E6
261,44,90,#A481E6
262,44,90,#A681E6
263,44,90,#A781E6
264,44,90,#A981E6
265,44,90,#AB81E6
266,44,90,#AC81E6
267,44,90,#AE81E6
268,44,90,#B081E6
269,44,90,#B181E6
270,44,90,#B381E6
271,44,90,#B581E6
272,44,90,#B681E6
273,44,90,#B881E6
274,44,90,#BA81E6
275,44,90,#BB81E6
276,44,90,#BD81E6
277,44,90,#BF81E6
278,44,90,#C081E6
279,44,90,#C281E6
280,44,90,#C481E6
281,44,90,#C681E6
282,44,90,#C781E6
283,44,90,#C981E6
284,44,90,#CB81E6
285,44,90,#CC81E6
286,44,90,#CE81E6
287,44,90,#D081E6
288,44,90,#D181E6
289,44,90,#D381E6
290,44,90,#D581E6
291,44,90,#D681E6
292,44,90,#D881E6
293,44,90,#DA81E6
294,44,90,#DB81E6
295,44,90,#DD81E6
296,44,90,#DF81E6
297,44,90,#E081E6
298,44,90,#E281E6
299,44,90,#E481E6
300,44,90,#E681E6
301,44,90,#E681E4
302,44,90,#E681E2
303,44,90,#E681E0
304,44,90,#E681DF
305,44,90,#E681DD
306,44,90,#E681DB
307,44,90,#E681DA
308,44,90,#E681D8
309,44,90,#E681D6
310,44,90,#E681D5
311,44,90,#E681D3
312,44,90,#E681D1
313,44,90,#E681D0
314,44,90,#E681CE
315,44,90,#E681CC
316,44,90,#E681CB
317,44,90,#E681C9
318,44,90,#E681C7
319,44,90,#E681C6
320,44,90,#E681C4
321,44,90,#E681C2
322,44,90,#E681C0
323,44,90,#E681BF
324,44,90,#E681BD
325,44,90,#E681BB
326,44,90,#E681BA
327,44,90,#E681B8
328,44,90,#E681B6
329,44,90,#E681B5
330,44,90,#E681B3
331,44,90,#E681B1
332,44,90,#E681B0
333,44,90,#E681AE
334,44,90,#E681AC
335,44,90,#E681AB
336,44,90,#E681A9
337,44,90,#E681A7
338,44,90,#E681A6
339,44,90,#E681A4
340,44,90,#E681A2
341,44,90,#E681A0
342,44,90,#E6819F
343,44,90,#E6819D
344,44,90,#E6819B
345,44,90,#E6819A
346,44,90,#E68198
347,44,90,#E68196
348,44,90,#E68195
349,44,90,#E68193
350,44,90,#E68191
351,44,90,#E68190
352,44,90,#E6818E
353,44,90,#E6818C
354,44,90,#E6818B
355,44,90,#E68189
356,44,90,#E68187
357,44,90,#E68186
358,44,90,#E68184
359,44,90,#E68182
0,43,90,#E68383
1,43,90,#E68483
2,43,90,#E68683
3,43,90,#E68883
4,43,90,#E68983
5,43,90,#E68B83
6,43,90,#E68D83
7,43,90,#E68E83
8,43,90,#E69083
9,43,90,#E69283
10,43,90,#E69383
11,43,90,#E69583
12,43,90,#E69783
13,43,90,#E69883
14,43,90,#E69A83
15,43,90,#E69B83
16,43,90,#E69D83
17,43,90,#E69F83
18,43,90,#E6A083
19,43,90,#E6A283
20,43,90,#E6A483
21,43,90,#E6A583
22,43,90,#E6A783
23,43,90,#E6A983
24,43,90,#E6AA83
25,43,90,#E6AC83
26,43,90,#E6AE83
27,43,90,#E6AF83
28,43,90,#E6B183
29,43,90,#E6B383
30,43,90,#E6B483
31,43,90,#E6B683
32,43,90,#E6B783
33,43,90,#E6B983
34,43,90,#E6BB83
35,43,90,#E6BC83
36,43,90,#E6BE83
37,43,90,#E6C083
38,43,90,#E6C183
39,43,90,#E6C383
40,43,90,#E6C583
41,43,90,#E6C683
42,43,90,#E6C883
43,43,90,#E6CA83
44,43,90,#E6CB83
45,43,90,#E6CD83
46,43,90,#E6CE83
47,43,90,#E6D083
48,43,90,#E6D283
49,43,90,#E6D383
50,43,90,#E6D583
51,43,90,#E6D783
52,43,90,#E6D883
53,43,90,#E6DA83
54,43,90,#E6DC83
55,43,90,#E6DD83
56,43,90,#E6DF83
57,43,90,#E6E183
58,43,90,#E6E283
59,43,90,#E6E483
60,43,90,#E6E683
61,43,90,#E4E683
62,43,90,#E2E683
63,43,90,#E1E683
64,43,90,#DFE683
65,43,90,#DDE683
66,43,90,#DCE683
67,43,90,#DAE683
68,43,90,#D8E683
69,43,90,#D7E683
70,43,90,#D5E683
71,43,90,#D3E683
72,43,90,#D2E683
73,43,90,#D0E683
74,43,90,#CEE683
75,43,90,#CDE683
76,43,90,#CBE683
77,43,90,#CAE683
78,43,90,#C8E683
79,43,90,#C6E683
80,43,90,#C5E683
81,43,90,#C3E683
82,43,90,#C1E683
83,43,90,#C0E683
84,43,90,#BEE683
85,43,90,#BCE683
86,43,90,#BBE683
87,43,90,#B9E683
88,43,90,#B7E683
89,43,90,#B6E683
90,43,90,#B4E683
91,43,90,#B3E683
92,43,90,#B1E683
93,43,90,#AFE683
94,43,90,#AEE683
95,43,90,#ACE683
96,43,90,#AAE683
97,43,90,#A9E683
98,43,90,#A7E683
99,43,90,#A5E683
100,43,90,#A4E683
101,43,90,#A2E683
102,43,90,#A0E683
103,43,90,#9FE683
104,43,90,#9DE683
105,43,90,#9BE683
106,43,90,#9AE683
107,43,90,#98E683
108,43,90,#97E683
109,43,90,#95E683
110,43,90,#93E683
111,43,90,#92E683
112,43,90,#90E683
113,43,90,#8EE683
114,43,90,#8DE683
115,43,90,#8BE683
116,43,90,#89E683
117,43,90,#88E683
118,43,90,#86E683
119,43,90,#84E683
120,43,90,#83E683
121,43,90,#83E684
122,43,90,#83E686
123,43,90,#83E688
124,43,90,#83E689
125,43,90,#83E68B
126,43,90,#83E68D
127,43,90,#83E68E
128,43,90,#83E690
129,43,90,#83E692
130,43,90,#83E693
131,43,90,#83E695
132,43,90,#83E697
133,43,90,#83E698
134,43,90,#83E69A
135,43,90,#83E69B
136,43,90,#83E69D
137,43,90,#83E69F
138,43,90,#83E6A0
139,43,90,#83E6A2
140,43,90,#83E6A4
141,43,90,#83E6A5
142,43,90,#83E6A7
143,43,90,#83E6A9
144,43,90,#83E6AA
145,43,90,#83E6AC
146,43,90,#83E6AE
147,43,90,#83E6AF
148,43,90,#83E6B1
149,43,90,#83E6B3
150,43,90,#83E6B4
151,43,90,#83E6B6
152,43,90,#83E6B7
153,43,90,#83E6B9
154,43,90,#83E6BB
155,43,90,#83E6BC
156,43,90,#83E6BE
157,43,90,#83E6C0
158,43,90,#83E6C1
159,43,90,#83E6C3
160,43,90,#83E6C5
161,43,90,#83E6C6
162,43,90,#83E6C8
163,43,90,#83E6CA
164,43,90,#83E6CB
165,43,90,#83E6CD
166,43,90,#83E6CE
167,43,90,#83E6D0
168,43,90,#83E6D2
169,43,90,#83E6D3
170,43,90,#83E6D5
171,43,90,#83E6D7
172,43,90,#83E6D8
173,43,90,#83E6DA
174,43,90,#83E6DC
175,43,90,#83E6DD
176,43,90,#83E6DF
177,43,90,#83E6E1
178,43,90,#83E6E2
179,43,90,#83E6E4
180,43,90,#83E6E6
181,43,90,#83E4E6
182,43,90,#83E2E6
183,43,90,#83E1E6
184,43,90,#83DFE6
185,43,90,#83DDE6
186,43,90,#83DCE6
187,43,90,#83DAE6
188,43,90,#83D8E6
189,43,90,#83D7E6
190,43,90,#83D5E6
191,43,90,#83D3E6
192,43,90,#83D2E6
193,43,90,#83D0E6
194,43,90,#83CEE6
195,43,90,#83CDE6
196,43,90,#83CBE6
197,43,90,#83CAE6
198,43,90,#83C8E6
199,43,90,#83C6E6
200,43,90,#83C5E6
201,43,90,#83C3E6
202,43,90,#83C1E6
203,43,90,#83C0E6
204,43,90,#83BEE6
205,43,90,#83BCE6
206,43,90,#83BBE6
207,43,90,#83B9E6
208,43,90,#83B7E6
209,43,90,#83B6E6
210,43,90,#83B4E6
211,43,90,#83B3E6
212,43,90,#83B1E6
213,43,90,#83AFE6
214,43,90,#83AEE6
215,43,90,#83ACE6
216,43,90,#83AAE6
217,43,90,#83A9E6
218,43,90,#83A7E6
219,43,90,#83A5E6
220,43,90,#83A4E6
221,43,90,#83A2E6
222,43,90,#83A0E6
223,43,90,#839FE6
224,43,90,#839DE6
225,43,90,#839BE6
226,43,90,#839AE6
227,43,90,#8398E6
228,43,90,#8397E6
229,43,90,#8395E6
230,43,90,#8393E6
231,43,90,#8392E6
232,43,90,#8390E6
233,43,90,#838EE6
234,43,90,#838DE6
235,43,90,#838BE6
236,43,90,#8389E6
237,43,90,#8388E6
238,43,90,#8386E6
239,43,90,#8384E6
240,43,90,#8383E6
241,43,90,#8483E6
242,43,90,#8683E6
243,43,90,#8883E6
244,43,90,#8983E6
245,43,90,#8B83E6
246,43,90,#8D83E6
247,43,90,#8E83E6
248,43,90,#9083E6
249,43,90,#9283E6
250,43,90,#9383E6
251,43,90,#9583E6
252,43,90,#9783E6
253,43,90,#9883E6
254,43,90,#9A83E6
255,43,90,#9B83E6
256,43,90,#9D83E6
257,43,90,#9F83E6
258,43,90,#A083E6
259,43,90,#A283E6
260,43,90,#A483E6
261,43,90,#A583E6
262,43,90,#A783E6
263,43,90,#A983E6
264,43,90,#AA83E6
265,43,90,#AC83E6
266,43,90,#AE83E6
267,43,90,#AF83E6
268,43,90,#B183E6
269,43,90,#B383E6
270,43,90,#B483E6
271,43,90,#B683E6
272,43,90,#B783E6
273,43,90,#B983E6
274,43,90,#BB83E6
275,43,90,#BC83E6
276,43,90,#BE83E6
277,43,90,#C083E6
278,43,90,#C183E6
279,43,90,#C383E6
280,43,90,#C583E6
281,43,90,#C683E6
282,43,90,#C883E6
283,43,90,#CA83E6
284,43,90,#CB83E6
285,43,90,#CD83E6
286,43,90,#CE83E6
287,43,90,#D083E6
288,43,90,#D283E6
289,43,90,#D383E6
290,43,90,#D583E6
291,43,90,#D783E6
292,43,90,#D883E6
293,43,90,#DA83E6
294,43,90,#DC83E6
295,43,90,#DD83E6
296,43,90,#DF83E6
297,43,90,#E183E6
298,43,90,#E283E6
299,43,90,#E483E6
300,43,90,#E683E6
301,43,90,#E683E4
302,43,90,#E683E2
303,43,90,#E683E1
304,43,90,#E683DF
305,43,90,#E683DD
306,43,90,#E683DC
307,43,90,#E683DA
308,43,90,#E683D8
309,43,90,#E683D7
310,43,90,#E683D5
311,43,90,#E683D3
312,43,90,#E683D2
313,43,90,#E683D0
314,43,90,#E683CE
315,43,90,#E683CD
316,43,90,#E683CB
317,43,90,#E683CA
318,43,90,#E683C8
319,43,90,#E683C6
320,43,90,#E683C5
321,43,90,#E683C3
322,43,90,#E683C1
323,43,90,#E683C0
324,43,90,#E683BE
325,43,90,#E683BC
326,43,90,#E683BB
327,43,90,#E683B9
328,43,90,#E683B7
329,43,90,#E683B6
330,43,90,#E683B4
331,43,90,#E683B3
332,43,90,#E683B1
333,43,90,#E683AF
334,43,90,#E683AE
335,43,90,#E683AC
336,43,90,#E683AA
337,43,90,#E683A9
338,43,90,#E683A7
339,43,90,#E683A5
340,43,90,#E683A4
341,43,90,#E683A2
342,43,90,#E683A0
343,43,90,#E6839F
344,43,90,#E6839D
345,43,90,#E6839B
346,43,90,#E6839A
347,43,90,#E68398
348,43,90,#E68397
349,43,90,#E68395
350,43,90,#E68393
351,43,90,#E68392
352,43,90,#E68390
353,43,90,#E6838E
354,43,90,#E6838D
355,43,90,#E6838B
356,43,90,#E68389
357,43,90,#E68388
358,43,90,#E68386
359,43,90,#E68384
0,42,90,#E68585
1,42,90,#E68785
2,42,90,#E68885
3,42,90,#E68A85
4,42,90,#E68C85
5,42,90,#E68D85
6,42,90,#E68F85
7,42,90,#E69085
8,42,90,#E69285
9,42,90,#E69485
10,42,90,#E69585
11,42,90,#E69785
12,42,90,#E69885
13,42,90,#E69A85
14,42,90,#E69C85
15,42,90,#E69D85
16,42,90,#E69F85
17,42,90,#E6A085
18,42,90,#E6A285
19,42,90,#E6A485
20,42,90,#E6A585
21,42,90,#E6A785
22,42,90,#E6A885
23,42,90,#E6AA85
24,42,90,#E6AC85
25,42,90,#E6AD85
26,42,90,#E6AF85
27,42,90,#E6B085
28,42,90,#E6B285
29,42,90,#E6B485
30,42,90,#E6B585
31,42,90,#E6B785
32,42,90,#E6B985
33,42,90,#E6BA85
34,42,90,#E6BC85
35,42,90,#E6BD85
36,42,90,#E6BF85
37,42,90,#E6C185
38,42,90,#E6C285
39,42,90,#E6C485
40,42,90,#E6C585
41,42,90,#E6C785
42,42,90,#E6C985
43,42,90,#E6CA85
44,42,90,#E6CC85
45,42,90,#E6CD85
46,42,90,#E6CF85
47,42,90,#E6D185
48,42,90,#E6D285
49,42,90,#E6D485
50,42,90,#E6D585
51,42,90,#E6D785
52,42,90,#E6D985
53,42,90,#E6DA85
54,42,90,#E6DC85
55,42,90,#E6DD85
56,42,90,#E6DF85
57,42,90,#E6E185
58,42,90,#E6E285
59,42,90,#E6E485
60,42,90,#E6E685
61,42,90,#E4E685
62,42,90,#E2E685
63,42,90,#E1E685
64,42,90,#DFE685
65,42,90,#DDE685
66,42,90,#DCE685
67,42,90,#DAE685
68,42,90,#D9E685
69,42,90,#D7E685
70,42,90,#D5E685
71,42,90,#D4E685
72,42,90,#D2E685
73,42,90,#D1E685
74,42,90,#CFE685
75,42,90,#CDE685
76,42,90,#CCE685
77,42,90,#CAE685
78,42,90,#C9E685
79,42,90,#C7E685
80,42,90,#C5E685
81,42,90,#C4E685
82,42,90,#C2E685
83,42,90,#C1E685
84,42,90,#BFE685
85,42,90,#BDE685
86,42,90,#BCE685
87,42,90,#BAE685
88,42,90,#B9E685
89,42,90,#B7E685
90,42,90,#B5E685
91,42,90,#B4E685
92,42,90,#B2E685
93,42,90,#B0E685
94,42,90,#AFE685
95,42,90,#ADE685
96,42,90,#ACE685
97,42,90,#AAE685
98,42,90,#A8E685
99,42,90,#A7E685
100,42,90,#A5E685
101,42,90,#A4E685
102,42,90,#A2E685
103,42,90,#A0E685
104,42,90,#9FE685
105,42,90,#9DE685
106,42,90,#9CE685
107,42,90,#9AE685
108,42,90,#98E685
109,42,90,#97E685
110,42,90,#95E685
111,42,90,#94E685
112,42,90,#92E685
113,42,90,#90E685
114,42,90,#8FE685
115,42,90,#8DE685
116,42,90,#8CE685
117,42,90,#8AE685
118,42,90,#88E685
119,42,90,#87E685
120,42,90,#85E685
121,42,90,#85E687
122,42,90,#85E688
123,42,90,#85E68A
124,42,90,#85E68C
125,42,90,#85E68D
126,42,90,#85E68F
127,42,90,#85E690
128,42,90,#85E692
129,42,90,#85E694
130,42,90,#85E695
131,42,90,#85E697
132,42,90,#85E698
133,42,90,#85E69A
134,42,90,#85E69C
135,42,90,#85E69D
136,42,90,#85E69F
137,42,90,#85E6A0
138,42,90,#85E6A2
139,42,90,#85E6A4
140,42,90,#85E6A5
141,42,90,#85E6A7
142,42,90,#85E6A8
143,42,90,#85E6AA
144,42,90,#85E6AC
145,42,90,#85E6AD
146,42,90,#85E6AF
147,42,90,#85E6B0
148,42,90,#85E6B2
149,42,90,#85E6B4
150,42,90,#85E6B5
151,42,90,#85E6B7
152,42,90,#85E6B9
153,42,90,#85E6BA
154,42,90,#85E6BC
155,42,90,#85E6BD
156,42,90,#85E6BF
157,42,90,#85E6C1
158,42,90,#85E6C2
159,42,90,#85E6C4
160,42,90,#85E6C5
161,42,90,#85E6C7
162,42,90,#85E6C9
163,42,90,#85E6CA
164,42,90,#85E6CC
165,42,90,#85E6CD
166,42,90,#85E6CF
167,42,90,#85E6D1
168,42,90,#85E6D2
169,42,90,#85E6D4
170,42,90,#85E6D5
171,42,90,#85E6D7
172,42,90,#85E6D9
173,42,90,#85E6DA
174,42,90,#85E6DC
175,42,90,#85E6DD
176,42,90,#85E6DF
177,42,90,#85E6E1
178,42,90,#85E6E2
179,42,90,#85E6E4
180,42,90,#85E6E6
181,42,90,#85E4E6
182,42,90,#85E2E6
183,42,90,#85E1E6
184,42,90,#85DFE6
185,42,90,#85DDE6
186,42,90,#85DCE6
187,42,90,#85DAE6
188,42,90,#85D9E6
189,42,90,#85D7E6
190,42,90,#85D5E6
191,42,90,#85D4E6
192,42,90,#85D2E6
193,42,90,#85D1E6
194,42,90,#85CFE6
195,42,90,#85CDE6
196,42,90,#85CCE6
197,42,90,#85CAE6
198,42,90,#85C9E6
199,42,90,#85C7E6
200,42,90,#85C5E6
201,42,90,#85C4E6
202,42,90,#85C2E6
203,42,90,#85C1E6
204,42,90,#85BFE6
205,42,90,#85BDE6
206,42,90,#85BCE6
207,42,90,#85BAE6
208,42,90,#85B9E6
209,42,90,#85B7E6
210,42,90,#85B5E6
211,42,90,#85B4E6
212,42,90,#85B2E6
213,42,90,#85B0E6
214,42,90,#85AFE6
215,42,90,#85ADE6
216,42,90,#85ACE6
217,42,90,#85AAE6
218,42,90,#85A8E6
219,42,90,#85A7E6
220,42,90,#85A5E6
221,42,90,#85A4E6
222,42,90,#85A2E6
223,42,90,#85A0E6
224,42,90,#859FE6
225,42,90,#859DE6
226,42,90,#859CE6
227,42,90,#859AE6
228,42,90,#8598E6
229,42,90,#8597E6
230,42,90,#8595E6
231,42,90,#8594E6
232,42,90,#8592E6
233,42,90,#8590E6
234,42,90,#858FE6
235,42,90,#858DE6
236,42,90,#858CE6
237,42,90,#858AE6
238,42,90,#8588E6
239,42,90,#8587E6
240,42,90,#8585E6
241,42,90,#8785E6
242,42,90,#8885E6
243,42,90,#8A85E6
244,42,90,#8C85E6
245,42,90,#8D85E6
246,42,90,#8F85E6
247,42,90,#9085E6
248,42,90,#9285E6
249,42,90,#9485E6
250,42,90,#9585E6
251,42,90,#9785E6
252,42,90,#9885E6
253,42,90,#9A85E6
254,42,90,#9C85E6
255,42,90,#9D85E6
256,42,90,#9F85E6
257,42,90,#A085E6
258,42,90,#A285E6
259,42,90,#A485E6
260,42,90,#A585E6
261,42,90,#A785E6
262,42,90,#A885E6
263,42,90,#AA85E6
264,42,90,#AC85E6
265,42,90,#AD85E6
266,42,90,#AF85E6
267,42,90,#B085E6
268,42,90,#B285E6
269,42,90,#B485E6
270,42,90,#B585E6
271,42,90,#B785E6
272,42,90,#B985E6
273,42,90,#BA85E6
274,42,90,#BC85E6
275,42,90,#BD85E6
276,42,90,#BF85E6
277,42,90,#C185E6
278,42,90,#C285E6
279,42,90,#C485E6
280,42,90,#C585E6
281,42,90,#C785E6
282,42,90,#C985E6
283,42,90,#CA85E6
284,42,90,#CC85E6
285,42,90,#CD85E6
286,42,90,#CF85E6
287,42,90,#D185E6
288,42,90,#D285E6
289,42,90,#D485E6
290,42,90,#D585E6
291,42,90,#D785E6
292,42,90,#D985E6
293,42,90,#DA85E6
294,42,90,#DC85E6
295,42,90,#DD85E6
296,42,90,#DF85E6
297,42,90,#E185E6
298,42,90,#E285E6
299,42,90,#E485E6
300,42,90,#E685E6
301,42,90,#E685E4
302,42,90,#E685E2
303,42,90,#E685E1
304,42,90,#E685DF
305,42,90,#E685DD
306,42,90,#E685DC
307,42,90,#E685DA
308,42,90,#E685D9
309,42,90,#E685D7
310,42,90,#E685D5
311,42,90,#E685D4
312,42,90,#E685D2
313,42,90,#E685D1
314,42,90,#E685CF
315,42,90,#E685CD
316,42,90,#E685CC
317,42,90,#E685CA
318,42,90,#E685C9
319,42,90,#E685C7
320,42,90,#E685C5
321,42,90,#E685C4
322,42,90,#E685C2
323,42,90,#E685C1
324,42,90,#E685BF
325,42,90,#E685BD
326,42,90,#E685BC
327,42,90,#E685BA
328,42,90,#E685B9
329,42,90,#E685B7
330,42,90,#E685B5
331,42,90,#E685B4
332,42,90,#E685B2
333,42,90,#E685B0
334,42,90,#E685AF
335,42,90,#E685AD
336,42,90,#E685AC
337,42,90,#E685AA
338,42,90,#E685A8
339,42,90,#E685A7
340,42,90,#E685A5
341,42,90,#E685A4
342,42,90,#E685A2
343,42,90,#E685A0
344,42,90,#E6859F
345,42,90,#E6859D
346,42,90,#E6859C
347,42,90,#E6859A
348,42,90,#E68598
349,42,90,#E68597
350,42,90,#E68595
351,42,90,#E68594
352,42,90,#E68592
353,42,90,#E68590
354,42,90,#E6858F
355,42,90,#E6858D
356,42,90,#E6858C
357,42,90,#E6858A
358,42,90,#E68588
359,42,90,#E68587
0,41,90,#E68787
1,41,90,#E68987
2,41,90,#E68B87
3,41,90,#E68C87
4,41,90,#E68E87
5,41,90,#E68F87
6,41,90,#E69187
7,41,90,#E69287
8,41,90,#E69487
9,41,90,#E69687
10,41,90,#E69787
11,41,90,#E69987
12,41,90,#E69A87
13,41,90,#E69C87
14,41,90,#E69D87
15,41,90,#E69F87
16,41,90,#E6A087
17,41,90,#E6A287
18,41,90,#E6A487
19,41,90,#E6A587
20,41,90,#E6A787
21,41,90,#E6A887
22,41,90,#E6AA87
23,41,90,#E6AB87
24,41,90,#E6AD87
25,41,90,#E6AF87
26,41,90,#E6B087
27,41,90,#E6B287
28,41,90,#E6B387
29,41,90,#E6B587
30,41,90,#E6B687
31,41,90,#E6B887
32,41,90,#E6BA87
33,41,90,#E6BB87
34,41,90,#E6BD87
35,41,90,#E6BE87
36,41,90,#E6C087
37,41,90,#E6C187
38,41,90,#E6C387
39,41,90,#E6C587
40,41,90,#E6C687
41,41,90,#E6C887
42,41,90,#E6C987
43,41,90,#E6CB87
44,41,90,#E6CC87
45,41,90,#E6CE87
46,41,90,#E6D087
47,41,90,#E6D187
48,41,90,#E6D387
49,41,90,#E6D487
50,41,90,#E6D687
51,41,90,#E6D787
52,41,90,#E6D987
53,41,90,#E6DB87
54,41,90,#E6DC87
55,41,90,#E6DE87
56,41,90,#E6DF87
57,41,90,#E6E187
58,41,90,#E6E287
59,41,90,#E6E487
60,41,90,#E6E687
61,41,90,#E4E687
62,41,90,#E2E687
63,41,90,#E1E687
64,41,90,#DFE687
65,41,90,#DEE687
66,41,90,#DCE687
67,41,90,#DBE687
68,41,90,#D9E687
69,41,90,#D7E687
70,41,90,#D6E687
71,41,90,#D4E687
72,41,90,#D3E687
73,41,90,#D1E687
74,41,90,#D0E687
75,41,90,#CEE687
76,41,90,#CCE687
77,41,90,#CBE687
78,41,90,#C9E687
79,41,90,#C8E687
80,41,90,#C6E687
81,41,90,#C5E687
82,41,90,#C3E687
83,41,90,#C1E687
84,41,90,#C0E687
85,41,90,#BEE687
86,41,90,#BDE687
87,41,90,#BBE687
88,41,90,#BAE687
89,41,90,#B8E687
90,41,90,#B6E687
91,41,90,#B5E687
92,41,90,#B3E687
93,41,90,#B2E687
94,41,90,#B0E687
95,41,90,#AFE687
96,41,90,#ADE687
97,41,90,#ABE687
98,41,90,#AAE687
99,41,90,#A8E687
100,41,90,#A7E687
101,41,90,#A5E687
102,41,90,#A4E687
103,41,90,#A2E687
104,41,90,#A0E687
105,41,90,#9FE687
106,41,90,#9DE687
107,41,90,#9CE687
108,41,90,#9AE687
109,41,90,#99E687
110,41,90,#97E687
111,41,90,#96E687
112,41,90,#94E687
113,41,90,#92E687
114,41,90,#91E687
115,41,90,#8FE687
116,41,90,#8EE687
117,41,90,#8CE687
118,41,90,#8BE687
119,41,90,#89E687
120,41,90,#87E687
121,41,90,#87E689
122,41,90,#87E68B
123,41,90,#87E68C
124,41,90,#87E68E
125,41,90,#87E68F
126,41,90,#87E691
127,41,90,#87E692
128,41,90,#87E694
129,41,90,#87E696
130,41,90,#87E697
131,41,90,#87E699
132,41,90,#87E69A
133,41,90,#87E69C
134,41,90,#87E69D
135,41,90,#87E69F
136,41,90,#87E6A0
137,41,90,#87E6A2
138,41,90,#87E6A4
139,41,90,#87E6A5
140,41,90,#87E6A7
141,41,90,#87E6A8
142,41,90,#87E6AA
143,41,90,#87E6AB
144,41,90,#87E6AD
145,41,90,#87E6AF
146,41,90,#87E6B0
147,41,90,#87E6B2
148,41,90,#87E6B3
149,41,90,#87E6B5
150,41,90,#87E6B6
151,41,90,#87E6B8
152,41,90,#87E6BA
153,41,90,#87E6BB
154,41,90,#87E6BD
155,41,90,#87E6BE
156,41,90,#87E6C0
157,41,90,#87E6C1
158,41,90,#87E6C3
159,41,90,#87E6C5
160,41,90,#87E6C6
161,41,90,#87E6C8
162,41,90,#87E6C9
163,41,90,#87E6CB
164,41,90,#87E6CC
165,41,90,#87E6CE
166,41,90,#87E6D0
167,41,90,#87E6D1
168,41,90,#87E6D3
169,41,90,#87E6D4
170,41,90,#87E6D6
171,41,90,#87E6D7
172,41,90,#87E6D9
173,41,90,#87E6DB
174,41,90,#87E6DC
175,41,90,#87E6DE
176,41,90,#87E6DF
177,41,90,#87E6E1
178,41,90,#87E6E2
179,41,90,#87E6E4
180,41,90,#87E6E6
181,41,90,#87E4E6
182,41,90,#87E2E6
183,41,90,#87E1E6
184,41,90,#87DFE6
185,41,90,#87DEE6
186,41,90,#87DCE6
187,41,90,#87DBE6
188,41,90,#87D9E6
189,41,90,#87D7E6
190,41,90,#87D6E6
191,41,90,#87D4E6
192,41,90,#87D3E6
193,41,90,#87D1E6
194,41,90,#87D0E6
195,41,90,#87CEE6
196,41,90,#87CCE6
197,41,90,#87CBE6
198,41,90,#87C9E6
199,41,90,#87C8E6
200,41,90,#87C6E6
201,41,90,#87C5E6
202,41,90,#87C3E6
203,41,90,#87C1E6
204,41,90,#87C0E6
205,41,90,#87BEE6
206,41,90,#87BDE6
207,41,90,#87BBE6
208,41,90,#87BAE6
209,41,90,#87B8E6
210,41,90,#87B6E6
211,41,90,#87B5E6
212,41,90,#87B3E6
213,41,90,#87B2E6
214,41,90,#87B0E6
215,41,90,#87AFE6
216,41,90,#87ADE6
217,41,90,#87ABE6
218,41,90,#87AAE6
219,41,90,#87A8E6
220,41,90,#87A7E6
221,41,90,#87A5E6
222,41,90,#87A4E6
223,41,90,#87A2E6
224,41,90,#87A0E6
225,41,90,#879FE6
226,41,90,#879DE6
227,41,90,#879CE6
228,41,90,#879AE6
229,41,90,#8799E6
230,41,90,#8797E6
231,41,90,#8796E6
232,41,90,#8794E6
233,41,90,#8792E6
234,41,90,#8791E6
235,41,90,#878FE6
236,41,90,#878EE6
237,41,90,#878CE6
238,41,90,#878BE6
239,41,90,#8789E6
240,41,90,#8787E6
241,41,90,#8987E6
242,41,90,#8B87E6
243,41,90,#8C87E6
244,41,90,#8E87E6
245,41,90,#8F87E6
246,41,90,#9187E6
247,41,90,#9287E6
248,41,90,#9487E6
249,41,90,#9687E6
250,41,90,#9787E6
251,41,90,#9987E6
252,41,90,#9A87E6
253,41,90,#9C87E6
254,41,90,#9D87E6
255,41,90,#9F87E6
256,41,90,#A087E6
257,41,90,#A287E6
258,41,90,#A487E6
259,41,90,#A587E6
260,41,90,#A787E6
261,41,90,#A887E6
262,41,90,#AA87E6
263,41,90,#AB87E6
264,41,90,#AD87E6
265,41,90,#AF87E6
266,41,90,#B087E6
267,41,90,#B287E6
268,41,90,#B387E6
269,41,90,#B587E6
270,41,90,#B687E6
271,41,90,#B887E6
272,41,90,#BA87E6
273,41,90,#BB87E6
274,41,90,#BD87E6
275,41,90,#BE87E6
276,41,90,#C087E6
277,41,90,#C187E6
278,41,90,#C387E6
279,41,90,#C587E6
280,41,90,#C687E6
281,41,90,#C887E6
282,41,90,#C987E6
283,41,90,#CB87E6
284,41,90,#CC87E6
285,41,90,#CE87E6
286,41,90,#D087E6
287,41,90,#D187E6
288,41,90,#D387E6
289,41,90,#D487E6
290,41,90,#D687E6
291,41,90,#D787E6
292,41,90,#D987E6
293,41,90,#DB87E6
294,41,90,#DC87E6
295,41,90,#DE87E6
296,41,90,#DF87E6
297,41,90,#E187E6
298,41,90,#E287E6
299,41,90,#E487E6
300,41,90,#E687E6
301,41,90,#E687E4
302,41,90,#E687E2
303,41,90,#E687E1
304,41,90,#E687DF
305,41,90,#E687DE
306,41,90,#E687DC
307,41,90,#E687DB
308,41,90,#E687D9
309,41,90,#E687D7
310,41,90,#E687D6
311,41,90,#E687D4
312,41,90,#E687D3
313,41,90,#E687D1
314,41,90,#E687D0
315,41,90,#E687CE
316,41,90,#E687CC
317,41,90,#E687CB
318,41,90,#E687C9
319,41,90,#E687C8
320,41,90,#E687C6
321,41,90,#E687C5
322,41,90,#E687C3
323,41,90,#E687C1
324,41,90,#E687C0
325,41,90,#E687BE
326,41,90,#E687BD
327,41,90,#E687BB
328,41,90,#E687BA
329,41,90,#E687B8
330,41,90,#E687B6
331,41,90,#E687B5
332,41,90,#E687B3
333,41,90,#E687B2
334,41,90,#E687B0
335,41,90,#E687AF
336,41,90,#E687AD
337,41,90,#E687AB
338,41,90,#E687AA
339,41,90,#E687A8
340,41,90,#E687A7
341,41,90,#E687A5
342,41,90,#E687A4
343,41,90,#E687A2
344,41,90,#E687A0
345,41,90,#E6879F
346,41,90,#E6879D
347,41,90,#E6879C
348,41,90,#E6879A
349,41,90,#E68799
350,41,90,#E68797
351,41,90,#E68796
352,41,90,#E68794
353,41,90,#E68792
354,41,90,#E68791
355,41,90,#E6878F
356,41,90,#E6878E
357,41,90,#E6878C
358,41,90,#E6878B
359,41,90,#E68789
0,40,90,#E68A8A
1,40,90,#E68B8A
2,40,90,#E68D8A
3,40,90,#E68E8A
4,40,90,#E6908A
5,40,90,#E6918A
6,40,90,#E6938A
7,40,90,#E6948A
8,40,90,#E6968A
9,40,90,#E6978A
10,40,90,#E6998A
11,40,90,#E69B8A
12,40,90,#E69C8A
13,40,90,#E69E8A
14,40,90,#E69F8A
15,40,90,#E6A18A
16,40,90,#E6A28A
17,40,90,#E6A48A
18,40,90,#E6A58A
19,40,90,#E6A78A
20,40,90,#E6A88A
21,40,90,#E6AA8A
22,40,90,#E6AB8A
23,40,90,#E6AD8A
24,40,90,#E6AE8A
25,40,90,#E6B08A
26,40,90,#E6B18A
27,40,90,#E6B38A
28,40,90,#E6B58A
29,40,90,#E6B68A
30,40,90,#E6B88A
31,40,90,#E6B98A
32,40,90,#E6BB8A
33,40,90,#E6BC8A
34,40,90,#E6BE8A
35,40,90,#E6BF8A
36,40,90,#E6C18A
37,40,90,#E6C28A
38,40,90,#E6C48A
39,40,90,#E6C58A
40,40,90,#E6C78A
41,40,90,#E6C88A
42,40,90,#E6CA8A
43,40,90,#E6CB8A
44,40,90,#E6CD8A
45,40,90,#E6CF8A
46,40,90,#E6D08A
47,40,90,#E6D28A
48,40,90,#E6D38A
49,40,90,#E6D58A
50,40,90,#E6D68A
51,40,90,#E6D88A
52,40,90,#E6D98A
53,40,90,#E6DB8A
54,40,90,#E6DC8A
55,40,90,#E6DE8A
56,40,90,#E6DF8A
57,40,90,#E6E18A
58,40,90,#E6E28A
59,40,90,#E6E48A
60,40,90,#E6E68A
61,40,90,#E4E68A
62,40,90,#E2E68A
63,40,90,#E1E68A
64,40,90,#DFE68A
65,40,90,#DEE68A
66,40,90,#DCE68A
67,40,90,#DBE68A
68,40,90,#D9E68A
69,40,90,#D8E68A
70,40,90,#D6E68A
71,40,90,#D5E68A
72,40,90,#D3E68A
73,40,90,#D2E68A
74,40,90,#D0E68A
75,40,90,#CFE68A
76,40,90,#CDE68A
77,40,90,#CBE68A
78,40,90,#CAE68A
79,40,90,#C8E68A
80,40,90,#C7E68A
81,40,90,#C5E68A
82,40,90,#C4E68A
83,40,90,#C2E68A
84,40,90,#C1E68A
85,40,90,#BFE68A
86,40,90,#BEE68A
87,40,90,#BCE68A
88,40,90,#BBE68A
89,40,90,#B9E68A
90,40,90,#B8E68A
91,40,90,#B6E68A
92,40,90,#B5E68A
93,40,90,#B3E68A
94,40,90,#B1E68A
95,40,90,#B0E68A
96,40,90,#AEE68A
97,40,90,#ADE68A
98,40,90,#ABE68A
99,40,90,#AAE68A
100,40,90,#A8E68A
101,40,90,#A7E68A
102,40,90,#A5E68A
103,40,90,#A4E68A
104,40,90,#A2E68A
105,40,90,#A1E68A
106,40,90,#9FE68A
107,40,90,#9EE68A
108,40,90,#9CE68A
109,40,90,#9BE68A
110,40,90,#99E68A
111,40,90,#97E68A
112,40,90,#96E68A
113,40,90,#94E68A
114,40,90,#93E68A
115,40,90,#91E68A
116,40,90,#90E68A
117,40,90,#8EE68A
118,40,90,#8DE68A
119,40,90,#8BE68A
120,40,90,#8AE68A
121,40,90,#8AE68B
122,40,90,#8AE68D
123,40,90,#8AE68E
124,40,90,#8AE690
125,40,90,#8AE691
126,40,90,#8AE693
127,40,90,#8AE694
128,40,90,#8AE696
129,40,90,#8AE697
130,40,90,#8AE699
131,40,90,#8AE69B
132,40,90,#8AE69C
133,40,90,#8AE69E
134,40,90,#8AE69F
135,40,90,#8AE6A1
136,40,90,#8AE6A2
137,40,90,#8AE6A4
138,40,90,#8AE6A5
139,40,90,#8AE6A7
140,40,90,#8AE6A8
141,40,90,#8AE6AA
142,40,90,#8AE6AB
143,40,90,#8AE6AD
144,40,90,#8AE6AE
145,40,90,#8AE6B0
146,40,90,#8AE6B1
147,40,90,#8AE6B3
148,40,90,#8AE6B5
149,40,90,#8AE6B6
150,40,90,#8AE6B8
151,40,90,#8AE6B9
152,40,90,#8AE6BB
153,40,90,#8AE6BC
154,40,90,#8AE6BE
155,40,90,#8AE6BF
156,40,90,#8AE6C1
157,40,90,#8AE6C2
158,40,90,#8AE6C4
159,40,90,#8AE6C5
160,40,90,#8AE6C7
161,40,90,#8AE6C8
162,40,90,#8AE6CA
163,40,90,#8AE6CB
164,40,90,#8AE6CD
165,40,90,#8AE6CF
166,40,90,#8AE6D0
167,40,90,#8AE6D2
168,40,90,#8AE6D3
169,40,90,#8AE6D5
170,40,90,#8AE6D6
171,40,90,#8AE6D8
172,40,90,#8AE6D9
173,40,90,#8AE6DB
174,40,90,#8AE6DC
175,40,90,#8AE6DE
176,40,90,#8AE6DF
177,40,90,#8AE6E1
178,40,90,#8AE6E2
179,40,90,#8AE6E4
180,40,90,#8AE6E6
181,40,90,#8AE4E6
182,40,90,#8AE2E6
183,40,90,#8AE1E6
184,40,90,#8ADFE6
185,40,90,#8ADEE6
186,40,90,#8ADCE6
187,40,90,#8ADBE6
188,40,90,#8AD9E6
189,40,90,#8AD8E6
190,40,90,#8AD6E6
191,40,90,#8AD5E6
192,40,90,#8AD3E6
193,40,90,#8AD2E6
194,40,90,#8AD0E6
195,40,90,#8ACFE6
196,40,90,#8ACDE6
197,40,90,#8ACBE6
198,40,90,#8ACAE6
199,40,90,#8AC8E6
200,40,90,#8AC7E6
201,40,90,#8AC5E6
202,40,90,#8AC4E6
203,40,90,#8AC2E6
204,40,90,#8AC1E6
205,40,90,#8ABFE6
206,40,90,#8ABEE6
207,40,90,#8ABCE6
208,40,90,#8ABBE6
209,40,90,#8AB9E6
210,40,90,#8AB8E6
211,40,90,#8AB6E6
212,40,90,#8AB5E6
213,40,90,#8AB3E6
214,40,90,#8AB1E6
215,40,90,#8AB0E6
216,40,90,#8AAEE6
217,40,90,#8AADE6
218,40,90,#8AABE6
219,40,90,#8AAAE6
220,40,90,#8AA8E6
221,40,90,#8AA7E6
222,40,90,#8AA5E6
223,40,90,#8AA4E6
224,40,90,#8AA2E6
225,40,90,#8AA1E6
226,40,90,#8A9FE6
227,40,90,#8A9EE6
228,40,90,#8A9CE6
229,40,90,#8A9BE6
230,40,90,#8A99E6
231,40,90,#8A97E6
232,40,90,#8A96E6
233,40,90,#8A94E6
234,40,90,#8A93E6
235,40,90,#8A91E6
236,40,90,#8A90E6
237,40,90,#8A8EE6
238,40,90,#8A8DE6
239,40,90,#8A8BE6
240,40,90,#8A8AE6
241,40,90,#8B8AE6
242,40,90,#8D8AE6
243,40,90,#8E8AE6
244,40,90,#908AE6
245,40,90,#918AE6
246,40,90,#938AE6
247,40,90,#948AE6
248,40,90,#968AE6
249,40,90,#978AE6
250,40,90,#998AE6
251,40,90,#9B8AE6
252,40,90,#9C8AE6
253,40,90,#9E8AE6
254,40,90,#9F8AE6
255,40,90,#A18AE6
256,40,90,#A28AE6
257,40,90,#A48AE6
258,40,90,#A58AE6
259,40,90,#A78AE6
260,40,90,#A88AE6
261,40,90,#AA8AE6
262,40,90,#AB8AE6
263,40,90,#AD8AE6
264,40,90,#AE8AE6
265,40,90,#B08AE6
266,40,90,#B18AE6
267,40,90,#B38AE6
268,40,90,#B58AE6
269,40,90,#B68AE6
270,40,90,#B88AE6
271,40,90,#B98AE6
272,40,90,#BB8AE6
273,40,90,#BC8AE6
274,40,90,#BE8AE6
275,40,90,#BF8AE6
276,40,90,#C18AE6
277,40,90,#C28AE6
278,40,90,#C48AE6
279,40,90,#C58AE6
280,40,90,#C78AE6
281,40,90,#C88AE6
282,40,90,#CA8AE6
283,40,90,#CB8AE6
284,40,90,#CD8AE6
285,40,90,#CF8AE6
286,40,90,#D08AE6
287,40,90,#D28AE6
288,40,90,#D38AE6
289,40,90,#D58AE6
290,40,90,#D68AE6
291,40,90,#D88AE6
292,40,90,#D98AE6
293,40,90,#DB8AE6
294,40,90,#DC8AE6
295,40,90,#DE8AE6
296,40,90,#DF8AE6
297,40,90,#E18AE6
298,40,90,#E28AE6
299,40,90,#E48AE6
300,40,90,#E68AE6
301,40,90,#E68AE4
302,40,90,#E68AE2
303,40,90,#E68AE1
304,40,90,#E68ADF
305,40,90,#E68ADE
306,40,90,#E68ADC
307,40,90,#E68ADB
308,40,90,#E68AD9
309,40,90,#E68AD8
310,40,90,#E68AD6
311,40,90,#E68AD5
312,40,90,#E68AD3
313,40,90,#E68AD2
314,40,90,#E68AD0
315,40,90,#E68ACF
316,40,90,#E68ACD
317,40,90,#E68ACB
318,40,90,#E68ACA
319,40,90,#E68AC8
320,40,90,#E68AC7
321,40,90,#E68AC5
322,40,90,#E68AC4
323,40,90,#E68AC2
324,40,90,#E68AC1
325,40,90,#E68ABF
326,40,90,#E68ABE
327,40,90,#E68ABC
328,40,90,#E68ABB
329,40,90,#E68AB9
330,40,90,#E68AB8
331,40,90,#E68AB6
332,40,90,#E68AB5
333,40,90,#E68AB3
334,40,90,#E68AB1
335,40,90,#E68AB0
336,40,90,#E68AAE
337,40,90,#E68AAD
338,40,90,#E68AAB
339,40,90,#E68AAA
340,40,90,#E68AA8
341,40,90,#E68AA7
342,40,90,#E68AA5
343,40,90,#E68AA4
344,40,90,#E68AA2
345,40,90,#E68AA1
346,40,90,#E68A9F
347,40,90,#E68A9E
348,40,90,#E68A9C
349,40,90,#E68A9B
350,40,90,#E68A99
351,40,90,#E68A97
352,40,90,#E68A96
353,40,90,#E68A94
354,40,90,#E68A93
355,40,90,#E68A91
356,40,90,#E68A90
357,40,90,#E68A8E
358,40,90,#E68A8D
359,40,90,#E68A8B
0,39,90,#E68C8C
1,39,90,#E68D8C
2,39,90,#E68F8C
3,39,90,#E6908C
4,39,90,#E6928C
5,39,90,#E6938C
6,39,90,#E6958C
7,39,90,#E6968C
8,39,90,#E6988C
9,39,90,#E6998C
10,39,90,#E69B8C
11,39,90,#E69C8C
12,39,90,#E69E8C
13,39,90,#E69F8C
14,39,90,#E6A18C
15,39,90,#E6A28C
16,39,90,#E6A48C
17,39,90,#E6A58C
18,39,90,#E6A78C
19,39,90,#E6A88C
20,39,90,#E6AA8C
21,39,90,#E6AB8C
22,39,90,#E6AD8C
23,39,90,#E6AE8C
24,39,90,#E6B08C
25,39,90,#E6B18C
26,39,90,#E6B38C
27,39,90,#E6B48C
28,39,90,#E6B68C
29,39,90,#E6B78C
30,39,90,#E6B98C
31,39,90,#E6BA8C
32,39,90,#E6BC8C
33,39,90,#E6BD8C
34,39,90,#E6BF8C
35,39,90,#E6C08C
36,39,90,#E6C28C
37,39,90,#E6C38C
38,39,90,#E6C58C
39,39,90,#E6C68C
40,39,90,#E6C88C
41,39,90,#E6C98C
42,39,90,#E6CB8C
43,39,90,#E6CC8C
44,39,90,#E6CE8C
45,39,90,#E6CF8C
46,39,90,#E6D18C
47,39,90,#E6D28C
48,39,90,#E6D48C
49,39,90,#E6D58C
50,39,90,#E6D78C
51,39,90,#E6D88C
52,39,90,#E6DA8C
53,39,90,#E6DB8C
54,39,90,#E6DD8C
55,39,90,#E6DE8C
56,39,90,#E6E08C
57,39,90,#E6E18C
58,39,90,#E6E38C
59,39,90,#E6E48C
60,39,90,#E6E68C
61,39,90,#E4E68C
62,39,90,#E3E68C
63,39,90,#E1E68C
64,39,90,#E0E68C
65,39,90,#DEE68C
66,39,90,#DDE68C
67,39,90,#DBE68C
68,39,90,#DAE68C
69,39,90,#D8E68C
70,39,90,#D7E68C
71,39,90,#D5E68C
72,39,90,#D4E68C
73,39,90,#D2E68C
74,39,90,#D1E68C
75,39,90,#CFE68C
76,39,90,#CEE68C
77,39,90,#CCE68C
78,39,90,#CBE68C
79,39,90,#C9E68C
80,39,90,#C8E68C
81,39,90,#C6E68C
82,39,90,#C5E68C
83,39,90,#C3E68C
84,39,90,#C2E68C
85,39,90,#C0E68C
86,39,90,#BFE68C
87,39,90,#BDE68C
88,39,90,#BCE68C
89,39,90,#BAE68C
90,39,90,#B9E68C
91,39,90,#B7E68C
92,39,90,#B6E68C
93,39,90,#B4E68C
94,39,90,#B3E68C
95,39,90,#B1E68C
96,39,90,#B0E68C
97,39,90,#AEE68C
98,39,90,#ADE68C
99,39,90,#ABE68C
100,39,90,#AAE68C
101,39,90,#A8E68C
102,39,90,#A7E68C
103,39,90,#A5E68C
104,39,90,#A4E68C
105,39,90,#A2E68C
106,39,90,#A1E68C
107,39,90,#9FE68C
108,39,90,#9EE68C
109,39,90,#9CE68C
110,39,90,#9BE68C
111,39,90,#99E68C
112,39,90,#98E68C
113,39,90,#96E68C
114,39,90,#95E68C
115,39,90,#93E68C
116,39,90,#92E68C
117,39,90,#90E68C
118,39,90,#8FE68C
119,39,90,#8DE68C
120,39,90,#8CE68C
121,39,90,#8CE68D
122,39,90,#8CE68F
123,39,90,#8CE690
124,39,90,#8CE692
125,39,90,#8CE693
126,39,90,#8CE695
127,39,90,#8CE696
128,39,90,#8CE698
129,39,90,#8CE699
130,39,90,#8CE69B
131,39,90,#8CE69C
132,39,90,#8CE69E
133,39,90,#8CE69F
134,39,90,#8CE6A1
135,39,90,#8CE6A2
136,39,90,#8CE6A4
137,39,90,#8CE6A5
138,39,90,#8CE6A7
139,39,90,#8CE6A8
140,39,90,#8CE6AA
141,39,90,#8CE6AB
142,39,90,#8CE6AD
143,39,90,#8CE6AE
144,39,90,#8CE6B0
145,39,90,#8CE6B1
146,39,90,#8CE6B3
147,39,90,#8CE6B4
148,39,90,#8CE6B6
149,39,90,#8CE6B7
150,39,90,#8CE6B9
151,39,90,#8CE6BA
152,39,90,#8CE6BC
153,39,90,#8CE6BD
154,39,90,#8CE6BF
155,39,90,#8CE6C0
156,39,90,#8CE6C2
157,39,90,#8CE6C3
158,39,90,#8CE6C5
159,39,90,#8CE6C6
160,39,90,#8CE6C8
161,39,90,#8CE6C9
162,39,90,#8CE6CB
163,39,90,#8CE6CC
164,39,90,#8CE6CE
165,39,90,#8CE6CF
166,39,90,#8CE6D1
167,39,90,#8CE6D2
168,39,90,#8CE6D4
169,39,90,#8CE6D5
170,39,90,#8CE6D7
171,39,90,#8CE6D8
172,39,90,#8CE6DA
173,39,90,#8CE6DB
174,39,90,#8CE6DD
175,39,90,#8CE6DE
176,39,90,#8CE6E0
177,39,90,#8CE6E1
178,39,90,#8CE6E3
179,39,90,#8CE6E4
180,39,90,#8CE6E6
181,39,90,#8CE4E6
182,39,90,#8CE3E6
183,39,90,#8CE1E6
184,39,90,#8CE0E6
185,39,90,#8CDEE6
186,39,90,#8CDDE6
187,39,90,#8CDBE6
188,39,90,#8CDAE6
189,39,90,#8CD8E6
190,39,90,#8CD7E6
191,39,90,#8CD5E6
192,39,90,#8CD4E6
193,39,90,#8CD2E6
194,39,90,#8CD1E6
195,39,90,#8CCFE6
196,39,90,#8CCEE6
197,39,90,#8CCCE6
198,39,90,#8CCBE6
199,39,90,#8CC9E6
200,39,90,#8CC8E6
201,39,90,#8CC6E6
202,39,90,#8CC5E6
203,39,90,#8CC3E6
204,39,90,#8CC2E6
205,39,90,#8CC0E6
206,39,90,#8CBFE6
207,39,90,#8CBDE6
208,39,90,#8CBCE6
209,39,90,#8CBAE6
210,39,90,#8CB9E6
211,39,90,#8CB7E6
212,39,90,#8CB6E6
213,39,90,#8CB4E6
214,39,90,#8CB3E6
215,39,90,#8CB1E6
216,39,90,#8CB0E6
217,39,90,#8CAEE6
218,39,90,#8CADE6
219,39,90,#8CABE6
220,39,90,#8CAAE6
221,39,90,#8CA8E6
222,39,90,#8CA7E6
223,39,90,#8CA5E6
224,39,90,#8CA4E6
225,39,90,#8CA2E6
226,39,90,#8CA1E6
227,39,90,#8C9FE6
228,39,90,#8C9EE6
229,39,90,#8C9CE6
230,39,90,#8C9BE6
231,39,90,#8C99E6
232,39,90,#8C98E6
233,39,90,#8C96E6
234,39,90,#8C95E6
235,39,90,#8C93E6
236,39,90,#8C92E6
237,39,90,#8C90E6
238,39,90,#8C8FE6
239,39,90,#8C8DE6
240,39,90,#8C8CE6
241,39,90,#8D8CE6
242,39,90,#8F8CE6
243,39,90,#908CE6
244,39,90,#928CE6
245,39,90,#938CE6
246,39,90,#958CE6
247,39,90,#968CE6
248,39,90,#988CE6
249,39,90,#998CE6
250,39,90,#9B8CE6
251,39,90,#9C8CE6
252,39,90,#9E8CE6
253,39,90,#9F8CE6
254,39,90,#A18CE6
255,39,90,#A28CE6
256,39,90,#A48CE6
257,39,90,#A58CE6
258,39,90,#A78CE6
259,39,90,#A88CE6
260,39,90,#AA8CE6
261,39,90,#AB8CE6
262,39,90,#AD8CE6
263,39,90,#AE8CE6
264,39,90,#B08CE6
265,39,90,#B18CE6
266,39,90,#B38CE6
267,39,90,#B48CE6
268,39,90,#B68CE6
269,39,90,#B78CE6
270,39,90,#B98CE6
271,39,90,#BA8CE6
272,39,90,#BC8CE6
273,39,90,#BD8CE6
274,39,90,#BF8CE6
275,39,90,#C08CE6
276,39,90,#C28CE6
277,39,90,#C38CE6
278,39,90,#C58CE6
279,39,90,#C68CE6
280,39,90,#C88CE6
281,39,90,#C98CE6
282,39,90,#CB8CE6
283,39,90,#CC8CE6
284,39,90,#CE8CE6
285,39,90,#CF8CE6
286,39,90,#D18CE6
287,39,90,#D28CE6
288,39,90,#D48CE6
289,39,90,#D58CE6
290,39,90,#D78CE6
291,39,90,#D88CE6
292,39,90,#DA8CE6
293,39,90,#DB8CE6
294,39,90,#DD8CE6
295,39,90,#DE8CE6
296,39,90,#E08CE6
297,39,90,#E18CE6
298,39,90,#E38CE6
299,39,90,#E48CE6
300,39,90,#E68CE6
301,39,90,#E68CE4
302,39,90,#E68CE3
303,39,90,#E68CE1
304,39,90,#E68CE0
305,39,90,#E68CDE
306,39,90,#E68CDD
307,39,90,#E68CDB
308,39,90,#E68CDA
309,39,90,#E68CD8
310,39,90,#E68CD7
311,39,90,#E68CD5
312,39,90,#E68CD4
313,39,90,#E68CD2
314,39,90,#E68CD1
315,39,90,#E68CCF
316,39,90,#E68CCE
317,39,90,#E68CCC
318,39,90,#E68CCB
319,39,90,#E68CC9
320,39,90,#E68CC8
321,39,90,#E68CC6
322,39,90,#E68CC5
323,39,90,#E68CC3
324,39,90,#E68CC2
325,39,90,#E68CC0
326,39,90,#E68CBF
327,39,90,#E68CBD
328,39,90,#E68CBC
329,39,90,#E68CBA
330,39,90,#E68CB9
331,39,90,#E68CB7
332,39,90,#E68CB6
333,39,90,#E68CB4
334,39,90,#E68CB3
335,39,90,#E68CB1
336,39,90,#E68CB0
337,39,90,#E68CAE
338,39,90,#E68CAD
339,39,90,#E68CAB
340,39,90,#E68CAA
341,39,90,#E68CA8
342,39,90,#E68CA7
343,39,90,#E68CA5
344,39,90,#E68CA4
345,39,90,#E68CA2
346,39,90,#E68CA1
347,39,90,#E68C9F
348,39,90,#E68C9E
349,39,90,#E68C9C
350,39,90,#E68C9B
351,39,90,#E68C99
352,39,90,#E68C98
353,39,90,#E68C96
354,39,90,#E68C95
355,39,90,#E68C93
356,39,90,#E68C92
357,39,90,#E68C90
358,39,90,#E68C8F
359,39,90,#E68C8D
0,38,90,#E68E8E
1,38,90,#E6908E
2,38,90,#E6918E
3,38,90,#E6938E
4,38,90,#E6948E
5,38,90,#E6968E
6,38,90,#E6978E
7,38,90,#E6988E
8,38,90,#E69A8E
9,38,90,#E69B8E
10,38,90,#E69D8E
11,38,90,#E69E8E
12,38,90,#E6A08E
13,38,90,#E6A18E
14,38,90,#E6A38E
15,38,90,#E6A48E
16,38,90,#E6A68E
17,38,90,#E6A78E
18,38,90,#E6A88E
19,38,90,#E6AA8E
20,38,90,#E6AB8E
21,38,90,#E6AD8E
22,38,90,#E6AE8E
23,38,90,#E6B08E
24,38,90,#E6B18E
25,38,90,#E6B38E
26,38,90,#E6B48E
27,38,90,#E6B68E
28,38,90,#E6B78E
29,38,90,#E6B88E
30,38,90,#E6BA8E
31,38,90,#E6BB8E
32,38,90,#E6BD8E
33,38,90,#E6BE8E
34,38,90,#E6C08E
35,38,90,#E6C18E
36,38,90,#E6C38E
37,38,90,#E6C48E
38,38,90,#E6C68E
39,38,90,#E6C78E
40,38,90,#E6C88E
41,38,90,#E6CA8E
42,38,90,#E6CB8E
43,38,90,#E6CD8E
44,38,90,#E6CE8E
45,38,90,#E6D08E
46,38,90,#E6D18E
47,38,90,#E6D38E
48,38,90,#E6D48E
49,38,90,#E6D68E
50,38,90,#E6D78E
51,38,90,#E6D88E
52,38,90,#E6DA8E
53,38,90,#E6DB8E
54,38,90,#E6DD8E
55,38,90,#E6DE8E
56,38,90,#E6E08E
57,38,90,#E6E18E
58,38,90,#E6E38E
59,38,90,#E6E48E
60,38,90,#E6E68E
61,38,90,#E4E68E
62,38,90,#E3E68E
63,38,90,#E1E68E
64,38,90,#E0E68E
65,38,90,#DEE68E
66,38,90,#DDE68E
67,38,90,#DBE68E
68,38,90,#DAE68E
69,38,90,#D8E68E
70,38,90,#D7E68E
71,38,90,#D6E68E
72,38,90,#D4E68E
73,38,90,#D3E68E
74,38,90,#D1E68E
75,38,90,#D0E68E
76,38,90,#CEE68E
77,38,90,#CDE68E
78,38,90,#CBE68E
79,38,90,#CAE68E
80,38,90,#C8E68E
81,38,90,#C7E68E
82,38,90,#C6E68E
83,38,90,#C4E68E
84,38,90,#C3E68E
85,38,90,#C1E68E
86,38,90,#C0E68E
87,38,90,#BEE68E
88,38,90,#BDE68E
89,38,90,#BBE68E
90,38,90,#BAE68E
91,38,90,#B8E68E
92,38,90,#B7E68E
93,38,90,#B6E68E
94,38,90,#B4E68E
95,38,90,#B3E68E
96,38,90,#B1E68E
97,38,90,#B0E68E
98,38,90,#AEE68E
99,38,90,#ADE68E
100,38,90,#ABE68E
101,38,90,#AAE68E
102,38,90,#A8E68E
103,38,90,#A7E68E
104,38,90,#A6E68E
105,38,90,#A4E68E
106,38,90,#A3E68E
107,38,90,#A1E68E
108,38,90,#A0E68E
109,38,90,#9EE68E
110,38,90,#9DE68E
111,38,90,#9BE68E
112,38,90,#9AE68E
113,38,90,#98E68E
114,38,90,#97E68E
115,38,90,#96E68E
116,38,90,#94E68E
117,38,90,#93E68E
118,38,90,#91E68E
119,38,90,#90E68E
120,38,90,#8EE68E
121,38,90,#8EE690
122,38,90,#8EE691
123,38,90,#8EE693
124,38,90,#8EE694
125,38,90,#8EE696
126,38,90,#8EE697
127,38,90,#8EE698
128,38,90,#8EE69A
129,38,90,#8EE69B
130,38,90,#8EE69D
131,38,90,#8EE69E
132,38,90,#8EE6A0
133,38,90,#8EE6A1
134,38,90,#8EE6A3
135,38,90,#8EE6A4
136,38,90,#8EE6A6
137,38,90,#8EE6A7
138,38,90,#8EE6A8
139,38,90,#8EE6AA
140,38,90,#8EE6AB
141,38,90,#8EE6AD
142,38,90,#8EE6AE
143,38,90,#8EE6B0
144,38,90,#8EE6B1
145,38,90,#8EE6B3
146,38,90,#8EE6B4
147,38,90,#8EE6B6
148,38,90,#8EE6B7
149,38,90,#8EE6B8
150,38,90,#8EE6BA
151,38,90,#8EE6BB
152,38,90,#8EE6BD
153,38,90,#8EE6BE
154,38,90,#8EE6C0
155,38,90,#8EE6C1
156,38,90,#8EE6C3
157,38,90,#8EE6C4
158,38,90,#8EE6C6
159,38,90,#8EE6C7
160,38,90,#8EE6C8
161,38,90,#8EE6CA
162,38,90,#8EE6CB
163,38,90,#8EE6CD
164,38,90,#8EE6CE
165,38,90,#8EE6D0
166,38,90,#8EE6D1
167,38,90,#8EE6D3
168,38,90,#8EE6D4
169,38,90,#8EE6D6
170,38,90,#8EE6D7
171,38,90,#8EE6D8
172,38,90,#8EE6DA
173,38,90,#8EE6DB
174,38,90,#8EE6DD
175,38,90,#8EE6DE
176,38,90,#8EE6E0
177,38,90,#8EE6E1
178,38,90,#8EE6E3
179,38,90,#8EE6E4
180,38,90,#8EE6E6
181,38,90,#8EE4E6
182,38,90,#8EE3E6
183,38,90,#8EE1E6
184,38,90,#8EE0E6
185,38,90,#8EDEE6
186,38,90,#8EDDE6
187,38,90,#8EDBE6
188,38,90,#8EDAE6
189,38,90,#8ED8E6
190,38,90,#8ED7E6
191,38,90,#8ED6E6
192,38,90,#8ED4E6
193,38,90,#8ED3E6
194,38,90,#8ED1E6
195,38,90,#8ED0E6
196,38,90,#8ECEE6
197,38,90,#8ECDE6
198,38,90,#8ECBE6
199,38,90,#8ECAE6
200,38,90,#8EC8E6
201,38,90,#8EC7E6
202,38,90,#8EC6E6
203,38,90,#8EC4E6
204,38,90,#8EC3E6
205,38,90,#8EC1E6
206,38,90,#8EC0E6
207,38,90,#8EBEE6
208,38,90,#8EBDE6
209,38,90,#8EBBE6
210,38,90,#8EBAE6
211,38,90,#8EB8E6
212,38,90,#8EB7E6
213,38,90,#8EB6E6
214,38,90,#8EB4E6
215,38,90,#8EB3E6
216,38,90,#8EB1E6
217,38,90,#8EB0E6
218,38,90,#8EAEE6
219,38,90,#8EADE6
220,38,90,#8EABE6
221,38,90,#8EAAE6
222,38,90,#8EA8E6
223,38,90,#8EA7E6
224,38,90,#8EA6E6
225,38,90,#8EA4E6
226,38,90,#8EA3E6
227,38,90,#8EA1E6
228,38,90,#8EA0E6
229,38,90,#8E9EE6
230,38,90,#8E9DE6
231,38,90,#8E9BE6
232,38,90,#8E9AE6
233,38,90,#8E98E6
234,38,90,#8E97E6
235,38,90,#8E96E6
236,38,90,#8E94E6
237,38,90,#8E93E6
238,38,90,#8E91E6
239,38,90,#8E90E6
240,38,90,#8E8EE6
241,38,90,#908EE6
242,38,90,#918EE6
243,38,90,#938EE6
244,38,90,#948EE6
245,38,90,#968EE6
246,38,90,#978EE6
247,38,90,#988EE6
248,38,90,#9A8EE6
249,38,90,#9B8EE6
250,38,90,#9D8EE6
251,38,90,#9E8EE6
252,38,90,#A08EE6
253,38,90,#A18EE6
254,38,90,#A38EE6
255,38,90,#A48EE6
256,38,90,#A68EE6
257,38,90,#A78EE6
258,38,90,#A88EE6
259,38,90,#AA8EE6
260,38,90,#AB8EE6
261,38,90,#AD8EE6
262,38,90,#AE8EE6
263,38,90,#B08EE6
264,38,90,#B18EE6
265,38,90,#B38EE6
266,38,90,#B48EE6
267,38,90,#B68EE6
268,38,90,#B78EE6
269,38,90,#B88EE6
270,38,90,#BA8EE6
271,38,90,#BB8EE6
272,38,90,#BD8EE6
273,38,90,#BE8EE6
274,38,90,#C08EE6
275,38,90,#C18EE6
276,38,90,#C38EE6
277,38,90,#C48EE6
278,38,90,#C68EE6
279,38,90,#C78EE6
280,38,90,#C88EE6
281,38,90,#CA8EE6
282,38,90,#CB8EE6
283,38,90,#CD8EE6
284,38,90,#CE8EE6
285,38,90,#D08EE6
286,38,90,#D18EE6
287,38,90,#D38EE6
288,38,90,#D48EE6
289,38,90,#D68EE6
290,38,90,#D78EE6
291,38,90,#D88EE6
292,38,90,#DA8EE6
293,38,90,#DB8EE6
294,38,90,#DD8EE6
295,38,90,#DE8EE6
296,38,90,#E08EE6
297,38,90,#E18EE6
298,38,90,#E38EE6
299,38,90,#E48EE6
300,38,90,#E68EE6
301,38,90,#E68EE4
302,38,90,#E68EE3
303,38,90,#E68EE1
304,38,90,#E68EE0
305,38,90,#E68EDE
306,38,90,#E68EDD
307,38,90,#E68EDB
308,38,90,#E68EDA
309,38,90,#E68ED8
310,38,90,#E68ED7
311,38,90,#E68ED6
312,38,90,#E68ED4
313,38,90,#E68ED3
314,38,90,#E68ED1
315,38,90,#E68ED0
316,38,90,#E68ECE
317,38,90,#E68ECD
318,38,90,#E68ECB
319,38,90,#E68ECA
320,38,90,#E68EC8
321,38,90,#E68EC7
322,38,90,#E68EC6
323,38,90,#E68EC4
324,38,90,#E68EC3
325,38,90,#E68EC1
326,38,90,#E68EC0
327,38,90,#E68EBE
328,38,90,#E68EBD
329,38,90,#E68EBB
330,38,90,#E68EBA
331,38,90,#E68EB8
332,38,90,#E68EB7
333,38,90,#E68EB6
334,38,90,#E68EB4
335,38,90,#E68EB3
336,38,90,#E68EB1
337,38,90,#E68EB0
338,38,90,#E68EAE
339,38,90,#E68EAD
340,38,90,#E68EAB
341,38,90,#E68EAA
342,38,90,#E68EA8
343,38,90,#E68EA7
344,38,90,#E68EA6
345,38,90,#E68EA4
346,38,90,#E68EA3
347,38,90,#E68EA1
348,38,90,#E68EA0
349,38,90,#E68E9E
350,38,90,#E68E9D
351,38,90,#E68E9B
352,38,90,#E68E9A
353,38,90,#E68E98
354,38,90,#E68E97
355,38,90,#E68E96
356,38,90,#E68E94
357,38,90,#E68E93
358,38,90,#E68E91
359,38,90,#E68E90
0,37,90,#E69191
1,37,90,#E69291
2,37,90,#E69391
3,37,90,#E69591
4,37,90,#E69691
5,37,90,#E69891
6,37,90,#E69991
7,37,90,#E69A91
8,37,90,#E69C91
9,37,90,#E69D91
10,37,90,#E69F91
11,37,90,#E6A091
12,37,90,#E6A291
13,37,90,#E6A391
14,37,90,#E6A491
15,37,90,#E6A691
16,37,90,#E6A791
17,37,90,#E6A991
18,37,90,#E6AA91
19,37,90,#E6AB91
20,37,90,#E6AD91
21,37,90,#E6AE91
22,37,90,#E6B091
23,37,90,#E6B191
24,37,90,#E6B391
25,37,90,#E6B491
26,37,90,#E6B591
27,37,90,#E6B791
28,37,90,#E6B891
29,37,90,#E6BA91
30,37,90,#E6BB91
31,37,90,#E6BC91
32,37,90,#E6BE91
33,37,90,#E6BF91
34,37,90,#E6C191
35,37,90,#E6C291
36,37,90,#E6C491
37,37,90,#E6C591
38,37,90,#E6C691
39,37,90,#E6C891
40,37,90,#E6C991
41,37,90,#E6CB91
42,37,90,#E6CC91
43,37,90,#E6CD91
44,37,90,#E6CF91
45,37,90,#E6D091
46,37,90,#E6D291
47,37,90,#E6D391
48,37,90,#E6D591
49,37,90,#E6D691
50,37,90,#E6D791
51,37,90,#E6D991
52,37,90,#E6DA91
53,37,90,#E6DC91
54,37,90,#E6DD91
55,37,90,#E6DE91
56,37,90,#E6E091
57,37,90,#E6E191
58,37,90,#E6E391
59,37,90,#E6E491
60,37,90,#E6E691
61,37,90,#E4E691
62,37,90,#E3E691
63,37,90,#E1E691
64,37,90,#E0E691
65,37,90,#DEE691
66,37,90,#DDE691
67,37,90,#DCE691
68,37,90,#DAE691
69,37,90,#D9E691
70,37,90,#D7E691
71,37,90,#D6E691
72,37,90,#D5E691
73,37,90,#D3E691
74,37,90,#D2E691
75,37,90,#D0E691
76,37,90,#CFE691
77,37,90,#CDE691
78,37,90,#CCE691
79,37,90,#CBE691
80,37,90,#C9E691
81,37,90,#C8E691
82,37,90,#C6E691
83,37,90,#C5E691
84,37,90,#C4E691
85,37,90,#C2E691
86,37,90,#C1E691
87,37,90,#BFE691
88,37,90,#BEE691
89,37,90,#BCE691
90,37,90,#BBE691
91,37,90,#BAE691
92,37,90,#B8E691
93,37,90,#B7E691
94,37,90,#B5E691
95,37,90,#B4E691
96,37,90,#B3E691
97,37,90,#B1E691
98,37,90,#B0E691
99,37,90,#AEE691
100,37,90,#ADE691
101,37,90,#ABE691
102,37,90,#AAE691
103,37,90,#A9E691
104,37,90,#A7E691
105,37,90,#A6E691
106,37,90,#A4E691
107,37,90,#A3E691
108,37,90,#A2E691
109,37,90,#A0E691
110,37,90,#9FE691
111,37,90,#9DE691
112,37,90,#9CE691
113,37,90,#9AE691
114,37,90,#99E691
115,37,90,#98E691
116,37,90,#96E691
117,37,90,#95E691
118,37,90,#93E691
119,37,90,#92E691
120,37,90,#91E691
121,37,90,#91E692
122,37,90,#91E693
123,37,90,#91E695
124,37,90,#91E696
125,37,90,#91E698
126,37,90,#91E699
127,37,90,#91E69A
128,37,90,#91E69C
129,37,90,#91E69D
130,37,90,#91E69F
131,37,90,#91E6A0
132,37,90,#91E6A2
133,37,90,#91E6A3
134,37,90,#91E6A4
135,37,90,#91E6A6
136,37,90,#91E6A7
137,37,90,#91E6A9
138,37,90,#91E6AA
139,37,90,#91E6AB
140,37,90,#91E6AD
141,37,90,#91E6AE
142,37,90,#91E6B0
143,37,90,#91E6B1
144,37,90,#91E6B3
145,37,90,#91E6B4
146,37,90,#91E6B5
147,37,90,#91E6B7
148,37,90,#91E6B8
149,37,90,#91E6BA
150,37,90,#91E6BB
151,37,90,#91E6BC
152,37,90,#91E6BE
153,37,90,#91E6BF
154,37,90,#91E6C1
155,37,90,#91E6C2
156,37,90,#91E6C4
157,37,90,#91E6C5
158,37,90,#91E6C6
159,37,90,#91E6C8
160,37,90,#91E6C9
161,37,90,#91E6CB
162,37,90,#91E6CC
163,37,90,#91E6CD
164,37,90,#91E6CF
165,37,90,#91E6D0
166,37,90,#91E6D2
167,37,90,#91E6D3
168,37,90,#91E6D5
169,37,90,#91E6D6
170,37,90,#91E6D7
171,37,90,#91E6D9
172,37,90,#91E6DA
173,37,90,#91E6DC
174,37,90,#91E6DD
175,37,90,#91E6DE
176,37,90,#91E6E0
177,37,90,#91E6E1
178,37,90,#91E6E3
179,37,90,#91E6E4
180,37,90,#91E6E6
181,37,90,#91E4E6
182,37,90,#91E3E6
183,37,90,#91E1E6
184,37,90,#91E0E6
185,37,90,#91DEE6
186,37,90,#91DDE6
187,37,90,#91DCE6
188,37,90,#91DAE6
189,37,90,#91D9E6
190,37,90,#91D7E6
191,37,90,#91D6E6
192,37,90,#91D5E6
193,37,90,#91D3E6
194,37,90,#91D2E6
195,37,90,#91D0E6
196,37,90,#91CFE6
197,37,90,#91CDE6
198,37,90,#91CCE6
199,37,90,#91CBE6
200,37,90,#91C9E6
201,37,90,#91C8E6
202,37,90,#91C6E6
203,37,90,#91C5E6
204,37,90,#91C4E6
205,37,90,#91C2E6
206,37,90,#91C1E6
207,37,90,#91BFE6
208,37,90,#91BEE6
209,37,90,#91BCE6
210,37,90,#91BBE6
211,37,90,#91BAE6
212,37,90,#91B8E6
213,37,90,#91B7E6
214,37,90,#91B5E6
215,37,90,#91B4E6
216,37,90,#91B3E6
217,37,90,#91B1E6
218,37,90,#91B0E6
219,37,90,#91AEE6
220,37,90,#91ADE6
221,37,90,#91ABE6
222,37,90,#91AAE6
223,37,90,#91A9E6
224,37,90,#91A7E6
225,37,90,#91A6E6
226,37,90,#91A4E6
227,37,90,#91A3E6
228,37,90,#91A2E6
229,37,90,#91A0E6
230,37,90,#919FE6
231,37,90,#919DE6
232,37,90,#919CE6
233,37,90,#919AE6
234,37,90,#9199E6
235,37,90,#9198E6
236,37,90,#9196E6
237,37,90,#9195E6
238,37,90,#9193E6
239,37,90,#9192E6
240,37,90,#9191E6
241,37,90,#9291E6
242,37,90,#9391E6
243,37,90,#9591E6
244,37,90,#9691E6
245,37,90,#9891E6
246,37,90,#9991E6
247,37,90,#9A91E6
248,37,90,#9C91E6
249,37,90,#9D91E6
250,37,90,#9F91E6
251,37,90,#A091E6
252,37,90,#A291E6
253,37,90,#A391E6
254,37,90,#A491E6
255,37,90,#A691E6
256,37,90,#A791E6
257,37,90,#A991E6
258,37,90,#AA91E6
259,37,90,#AB91E6
260,37,90,#AD91E6
261,37,90,#AE91E6
262,37,90,#B091E6
263,37,90,#B191E6
264,37,90,#B391E6
265,37,90,#B491E6
266,37,90,#B591E6
267,37,90,#B791E6
268,37,90,#B891E6
269,37,90,#BA91E6
270,37,90,#BB91E6
271,37,90,#BC91E6
272,37,90,#BE91E6
273,37,90,#BF91E6
274,37,90,#C191E6
275,37,90,#C291E6
276,37,90,#C491E6
277,37,90,#C591E6
278,37,90,#C691E6
279,37,90,#C891E6
280,37,90,#C991E6
281,37,90,#CB91E6
282,37,90,#CC91E6
283,37,90,#CD91E6
284,37,90,#CF91E6
285,37,90,#D091E6
286,37,90,#D291E6
287,37,90,#D391E6
288,37,90,#D591E6
289,37,90,#D691E6
290,37,90,#D791E6
291,37,90,#D991E6
292,37,90,#DA91E6
293,37,90,#DC91E6
294,37,90,#DD91E6
295,37,90,#DE91E6
296,37,90,#E091E6
297,37,90,#E191E6
298,37,90,#E391E6
299,37,90,#E491E6
300,37,90,#E691E6
301,37,90,#E691E4
302,37,90,#E691E3
303,37,90,#E691E1
304,37,90,#E691E0
305,37,90,#E691DE
306,37,90,#E691DD
307,37,90,#E691DC
308,37,90,#E691DA
309,37,90,#E691D9
310,37,90,#E691D7
311,37,90,#E691D6
312,37,90,#E691D5
313,37,90,#E691D3
314,37,90,#E691D2
315,37,90,#E691D0
316,37,90,#E691CF
317,37,90,#E691CD
318,37,90,#E691CC
319,37,90,#E691CB
320,37,90,#E691C9
321,37,90,#E691C8
322,37,90,#E691C6
323,37,90,#E691C5
324,37,90,#E691C4
325,37,90,#E691C2
326,37,90,#E691C1
327,37,90,#E691BF
328,37,90,#E691BE
329,37,90,#E691BC
330,37,90,#E691BB
331,37,90,#E691BA
332,37,90,#E691B8
333,37,90,#E691B7
334,37,90,#E691B5
335,37,90,#E691B4
336,37,90,#E691B3
337,37,90,#E691B1
338,37,90,#E691B0
339,37,90,#E691AE
340,37,90,#E691AD
341,37,90,#E691AB
342,37,90,#E691AA
343,37,90,#E691A9
344,37,90,#E691A7
345,37,90,#E691A6
346,37,90,#E691A4
347,37,90,#E691A3
348,37,90,#E691A2
349,37,90,#E691A0
350,37,90,#E6919F
351,37,90,#E6919D
352,37,90,#E6919C
353,37,90,#E6919A
354,37,90,#E69199
355,37,90,#E69198
356,37,90,#E69196
357,37,90,#E69195
358,37,90,#E69193
359,37,90,#E69192
0,36,90,#E69393
1,36,90,#E69493
2,36,90,#E69693
3,36,90,#E69793
4,36,90,#E69893
5,36,90,#E69A93
6,36,90,#E69B93
7,36,90,#E69D93
8,36,90,#E69E93
9,36,90,#E69F93
10,36,90,#E6A193
11,36,90,#E6A293
12,36,90,#E6A393
13,36,90,#E6A593
14,36,90,#E6A693
15,36,90,#E6A893
16,36,90,#E6A993
17,36,90,#E6AA93
18,36,90,#E6AC93
19,36,90,#E6AD93
20,36,90,#E6AE93
21,36,90,#E6B093
22,36,90,#E6B193
23,36,90,#E6B393
24,36,90,#E6B493
25,36,90,#E6B593
26,36,90,#E6B793
27,36,90,#E6B893
28,36,90,#E6B993
29,36,90,#E6BB93
30,36,90,#E6BC93
31,36,90,#E6BE93
32,36,90,#E6BF93
33,36,90,#E6C093
34,36,90,#E6C293
35,36,90,#E6C393
36,36,90,#E6C493
37,36,90,#E6C693
38,36,90,#E6C793
39,36,90,#E6C993
40,36,90,#E6CA93
41,36,90,#E6CB93
42,36,90,#E6CD93
43,36,90,#E6CE93
44,36,90,#E6CF93
45,36,90,#E6D193
46,36,90,#E6D293
47,36,90,#E6D493
48,36,90,#E6D593
49,36,90,#E6D693
50,36,90,#E6D893
51,36,90,#E6D993
52,36,90,#E6DA93
53,36,90,#E6DC93
54,36,90,#E6DD93
55,36,90,#E6DF93
56,36,90,#E6E093
57,36,90,#E6E193
58,36,90,#E6E393
59,36,90,#E6E493
60,36,90,#E6E693
61,36,90,#E4E693
62,36,90,#E3E693
63,36,90,#E1E693
64,36,90,#E0E693
65,36,90,#DFE693
66,36,90,#DDE693
67,36,90,#DCE693
68,36,90,#DAE693
69,36,90,#D9E693
70,36,90,#D8E693
71,36,90,#D6E693
72,36,90,#D5E693
73,36,90,#D4E693
74,36,90,#D2E693
75,36,90,#D1E693
76,36,90,#CFE693
77,36,90,#CEE693
78,36,90,#CDE693
79,36,90,#CBE693
80,36,90,#CAE693
81,36,90,#C9E693
82,36,90,#C7E693
83,36,90,#C6E693
84,36,90,#C4E693
85,36,90,#C3E693
86,36,90,#C2E693
87,36,90,#C0E693
88,36,90,#BFE693
89,36,90,#BEE693
90,36,90,#BCE693
91,36,90,#BBE693
92,36,90,#B9E693
93,36,90,#B8E693
94,36,90,#B7E693
95,36,90,#B5E693
96,36,90,#B4E693
97,36,90,#B3E693
98,36,90,#B1E693
99,36,90,#B0E693
100,36,90,#AEE693
101,36,90,#ADE693
102,36,90,#ACE693
103,36,90,#AAE693
104,36,90,#A9E693
105,36,90,#A8E693
106,36,90,#A6E693
107,36,90,#A5E693
108,36,90,#A3E693
109,36,90,#A2E693
110,36,90,#A1E693
111,36,90,#9FE693
112,36,90,#9EE693
113,36,90,#9DE693
114,36,90,#9BE693
115,36,90,#9AE693
116,36,90,#98E693
117,36,90,#97E693
118,36,90,#96E693
119,36,90,#94E693
120,36,90,#93E693
121,36,90,#93E694
122,36,90,#93E696
123,36,90,#93E697
124,36,90,#93E698
125,36,90,#93E69A
126,36,90,#93E69B
127,36,90,#93E69D
128,36,90,#93E69E
129,36,90,#93E69F
130,36,90,#93E6A1
131,36,90,#93E6A2
132,36,90,#93E6A3
133,36,90,#93E6A5
134,36,90,#93E6A6
135,36,90,#93E6A8
136,36,90,#93E6A9
137,36,90,#93E6AA
138,36,90,#93E6AC
139,36,90,#93E6AD
140,36,90,#93E6AE
141,36,90,#93E6B0
142,36,90,#93E6B1
143,36,90,#93E6B3
144,36,90,#93E6B4
145,36,90,#93E6B5
146,36,90,#93E6B7
147,36,90,#93E6B8
148,36,90,#93E6B9
149,36,90,#93E6BB
150,36,90,#93E6BC
151,36,90,#93E6BE
152,36,90,#93E6BF
153,36,90,#93E6C0
154,36,90,#93E6C2
155,36,90,#93E6C3
156,36,90,#93E6C4
157,36,90,#93E6C6
158,36,90,#93E6C7
159,36,90,#93E6C9
160,36,90,#93E6CA
161,36,90,#93E6CB
162,36,90,#93E6CD
163,36,90,#93E6CE
164,36,90,#93E6CF
165,36,90,#93E6D1
166,36,90,#93E6D2
167,36,90,#93E6D4
168,36,90,#93E6D5
169,36,90,#93E6D6
170,36,90,#93E6D8
171,36,90,#93E6D9
172,36,90,#93E6DA
173,36,90,#93E6DC
174,36,90,#93E6DD
175,36,90,#93E6DF
176,36,90,#93E6E0
177,36,90,#93E6E1
178,36,90,#93E6E3
179,36,90,#93E6E4
180,36,90,#93E6E6
181,36,90,#93E4E6
182,36,90,#93E3E6
183,36,90,#93E1E6
184,36,90,#93E0E6
185,36,90,#93DFE6
186,36,90,#93DDE6
187,36,90,#93DCE6
188,36,90,#93DAE6
189,36,90,#93D9E6
190,36,90,#93D8E6
191,36,90,#93D6E6
192,36,90,#93D5E6
193,36,90,#93D4E6
194,36,90,#93D2E6
195,36,90,#93D1E6
196,36,90,#93CFE6
197,36,90,#93CEE6
198,36,90,#93CDE6
199,36,90,#93CBE6
200,36,90,#93CAE6
201,36,90,#93C9E6
202,36,90,#93C7E6
203,36,90,#93C6E6
204,36,90,#93C4E6
205,36,90,#93C3E6
206,36,90,#93C2E6
207,36,90,#93C0E6
208,36,90,#93BFE6
209,36,90,#93BEE6
210,36,90,#93BCE6
211,36,90,#93BBE6
212,36,90,#93B9E6
213,36,90,#93B8E6
214,36,90,#93B7E6
215,36,90,#93B5E6
216,36,90,#93B4E6
217,36,90,#93B3E6
218,36,90,#93B1E6
219,36,90,#93B0E6
220,36,90,#93AEE6
221,36,90,#93ADE6
222,36,90,#93ACE6
223,36,90,#93AAE6
224,36,90,#93A9E6
225,36,90,#93A8E6
226,36,90,#93A6E6
227,36,90,#93A5E6
228,36,90,#93A3E6
229,36,90,#93A2E6
230,36,90,#93A1E6
231,36,90,#939FE6
232,36,90,#939EE6
233,36,90,#939DE6
234,36,90,#939BE6
235,36,90,#939AE6
236,36,90,#9398E6
237,36,90,#9397E6
238,36,90,#9396E6
239,36,90,#9394E6
240,36,90,#9393E6
241,36,90,#9493E6
242,36,90,#9693E6
243,36,90,#9793E6
244,36,90,#9893E6
245,36,90,#9A93E6
246,36,90,#9B93E6
247,36,90,#9D93E6
248,36,90,#9E93E6
249,36,90,#9F93E6
250,36,90,#A193E6
251,36,90,#A293E6
252,36,90,#A393E6
253,36,90,#A593E6
254,36,90,#A693E6
255,36,90,#A893E6
256,36,90,#A993E6
257,36,90,#AA93E6
258,36,90,#AC93E6
259,36,90,#AD93E6
260,36,90,#AE93E6
261,36,90,#B093E6
262,36,90,#B193E6
263,36,90,#B393E6
264,36,90,#B493E6
265,36,90,#B593E6
266,36,90,#B793E6
267,36,90,#B893E6
268,36,90,#B993E6
269,36,90,#BB93E6
270,36,90,#BC93E6
271,36,90,#BE93E6
272,36,90,#BF93E6
273,36,90,#C093E6
274,36,90,#C293E6
275,36,90,#C393E6
276,36,90,#C493E6
277,36,90,#C693E6
278,36,90,#C793E6
279,36,90,#C993E6
280,36,90,#CA93E6
281,36,90,#CB93E6
282,36,90,#CD93E6
283,36,90,#CE93E6
284,36,90,#CF93E6
285,36,90,#D193E6
286,36,90,#D293E6
287,36,90,#D493E6
288,36,90,#D593E6
289,36,90,#D693E6
290,36,90,#D893E6
291,36,90,#D993E6
292,36,90,#DA93E6
293,36,90,#DC93E6
294,36,90,#DD93E6
295,36,90,#DF93E6
296,36,90,#E093E6
297,36,90,#E193E6
298,36,90,#E393E6
299,36,90,#E493E6
300,36,90,#E693E6
301,36,90,#E693E4
302,36,90,#E693E3
303,36,90,#E693E1
304,36,90,#E693E0
305,36,90,#E693DF
306,36,90,#E693DD
307,36,90,#E693DC
308,36,90,#E693DA
309,36,90,#E693D9
310,36,90,#E693D8
311,36,90,#E693D6
312,36,90,#E693D5
313,36,90,#E693D4
314,36,90,#E693D2
315,36,90,#E693D1
316,36,90,#E693CF
317,36,90,#E693CE
318,36,90,#E693CD
319,36,90,#E693CB
320,36,90,#E693CA
321,36,90,#E693C9
322,36,90,#E693C7
323,36,90,#E693C6
324,36,90,#E693C4
325,36,90,#E693C3
326,36,90,#E693C2
327,36,90,#E693C0
328,36,90,#E693BF
329,36,90,#E693BE
330,36,90,#E693BC
331,36,90,#E693BB
332,36,90,#E693B9
333,36,90,#E693B8
334,36,90,#E693B7
335,36,90,#E693B5
336,36,90,#E693B4
337,36,90,#E693B3
338,36,90,#E693B1
339,36,90,#E693B0
340,36,90,#E693AE
341,36,90,#E693AD
342,36,90,#E693AC
343,36,90,#E693AA
344,36,90,#E693A9
345,36,90,#E693A8
346,36,90,#E693A6
347,36,90,#E693A5
348,36,90,#E693A3
349,36,90,#E693A2
350,36,90,#E693A1
351,36,90,#E6939F
352,36,90,#E6939E
353,36,90,#E6939D
354,36,90,#E6939B
355,36,90,#E6939A
356,36,90,#E69398
357,36,90,#E69397
358,36,90,#E69396
359,36,90,#E69394
0,35,90,#E69595
1,35,90,#E69795
2,35,90,#E69895
3,35,90,#E69995
4,35,90,#E69B95
5,35,90,#E69C95
6,35,90,#E69D95
7,35,90,#E69F95
8,35,90,#E6A095
9,35,90,#E6A195
10,35,90,#E6A395
11,35,90,#E6A495
12,35,90,#E6A595
13,35,90,#E6A795
14,35,90,#E6A895
15,35,90,#E6A995
16,35,90,#E6AB95
17,35,90,#E6AC95
18,35,90,#E6AD95
19,35,90,#E6AF95
20,35,90,#E6B095
21,35,90,#E6B195
22,35,90,#E6B395
23,35,90,#E6B495
24,35,90,#E6B595
25,35,90,#E6B795
26,35,90,#E6B895
27,35,90,#E6B995
28,35,90,#E6BB95
29,35,90,#E6BC95
30,35,90,#E6BD95
31,35,90,#E6BF95
32,35,90,#E6C095
33,35,90,#E6C195
34,35,90,#E6C395
35,35,90,#E6C495
36,35,90,#E6C595
37,35,90,#E6C795
38,35,90,#E6C895
39,35,90,#E6C995
40,35,90,#E6CB95
41,35,90,#E6CC95
42,35,90,#E6CD95
43,35,90,#E6CF95
44,35,90,#E6D095
45,35,90,#E6D195
46,35,90,#E6D395
47,35,90,#E6D495
48,35,90,#E6D595
49,35,90,#E6D795
50,35,90,#E6D895
51,35,90,#E6D995
52,35,90,#E6DB95
53,35,90,#E6DC95
54,35,90,#E6DD95
55,35,90,#E6DF95
56,35,90,#E6E095
57,35,90,#E6E195
58,35,90,#E6E395
59,35,90,#E6E495
60,35,90,#E6E695
61,35,90,#E4E695
62,35,90,#E3E695
63,35,90,#E1E695
64,35,90,#E0E695
65,35,90,#DFE695
66,35,90,#DDE695
67,35,90,#DCE695
68,35,90,#DBE695
69,35,90,#D9E695
70,35,90,#D8E695
71,35,90,#D7E695
72,35,90,#D5E695
73,35,90,#D4E695
74,35,90,#D3E695
75,35,90,#D1E695
76,35,90,#D0E695
77,35,90,#CFE695
78,35,90,#CDE695
79,35,90,#CCE695
80,35,90,#CBE695
81,35,90,#C9E695
82,35,90,#C8E695
83,35,90,#C7E695
84,35,90,#C5E695
85,35,90,#C4E695
86,35,90,#C3E695
87,35,90,#C1E695
88,35,90,#C0E695
89,35,90,#BFE695
90,35,90,#BDE695
91,35,90,#BCE695
92,35,90,#BBE695
93,35,90,#B9E695
94,35,90,#B8E695
95,35,90,#B7E695
96,35,90,#B5E695
97,35,90,#B4E695
98,35,90,#B3E695
99,35,90,#B1E695
100,35,90,#B0E695
101,35,90,#AFE695
102,35,90,#ADE695
103,35,90,#ACE695
104,35,90,#ABE695
105,35,90,#A9E695
106,35,90,#A8E695
107,35,90,#A7E695
108,35,90,#A5E695
109,35,90,#A4E695
110,35,90,#A3E695
111,35,90,#A1E695
112,35,90,#A0E695
113,35,90,#9FE695
114,35,90,#9DE695
115,35,90,#9CE695
116,35,90,#9BE695
117,35,90,#99E695
118,35,90,#98E695
119,35,90,#97E695
120,35,90,#95E695
121,35,90,#95E697
122,35,90,#95E698
123,35,90,#95E699
124,35,90,#95E69B
125,35,90,#95E69C
126,35,90,#95E69D
127,35,90,#95E69F
128,35,90,#95E6A0
129,35,90,#95E6A1
130,35,90,#95E6A3
131,35,90,#95E6A4
132,35,90,#95E6A5
133,35,90,#95E6A7
134,35,90,#95E6A8
135,35,90,#95E6A9
136,35,90,#95E6AB
137,35,90,#95E6AC
138,35,90,#95E6AD
139,35,90,#95E6AF
140,35,90,#95E6B0
141,35,90,#95E6B1
142,35,90,#95E6B3
143,35,90,#95E6B4
144,35,90,#95E6B5
145,35,90,#95E6B7
146,35,90,#95E6B8
147,35,90,#95E6B9
148,35,90,#95E6BB
149,35,90,#95E6BC
150,35,90,#95E6BD
151,35,90,#95E6BF
152,35,90,#95E6C0
153,35,90,#95E6C1
154,35,90,#95E6C3
155,35,90,#95E6C4
156,35,90,#95E6C5
157,35,90,#95E6C7
158,35,90,#95E6C8
159,35,90,#95E6C9
160,35,90,#95E6CB
161,35,90,#95E6CC
162,35,90,#95E6CD
163,35,90,#95E6CF
164,35,90,#95E6D0
165,35,90,#95E6D1
166,35,90,#95E6D3
167,35,90,#95E6D4
168,35,90,#95E6D5
169,35,90,#95E6D7
170,35,90,#95E6D8
171,35,90,#95E6D9
172,35,90,#95E6DB
173,35,90,#95E6DC
174,35,90,#95E6DD
175,35,90,#95E6DF
176,35,90,#95E6E0
177,35,90,#95E6E1
178,35,90,#95E6E3
179,35,90,#95E6E4
180,35,90,#95E6E6
181,35,90,#95E4E6
182,35,90,#95E3E6
183,35,90,#95E1E6
184,35,90,#95E0E6
185,35,90,#95DFE6
186,35,90,#95DDE6
187,35,90,#95DCE6
188,35,90,#95DBE6
189,35,90,#95D9E6
190,35,90,#95D8E6
191,35,90,#95D7E6
192,35,90,#95D5E6
193,35,90,#95D4E6
194,35,90,#95D3E6
195,35,90,#95D1E6
196,35,90,#95D0E6
197,35,90,#95CFE6
198,35,90,#95CDE6
199,35,90,#95CCE6
200,35,90,#95CBE6
201,35,90,#95C9E6
202,35,90,#95C8E6
203,35,90,#95C7E6
204,35,90,#95C5E6
205,35,90,#95C4E6
206,35,90,#95C3E6
207,35,90,#95C1E6
208,35,90,#95C0E6
209,35,90,#95BFE6
210,35,90,#95BDE6
211,35,90,#95BCE6
212,35,90,#95BBE6
213,35,90,#95B9E6
214,35,90,#95B8E6
215,35,90,#95B7E6
216,35,90,#95B5E6
217,35,90,#95B4E6
218,35,90,#95B3E6
219,35,90,#95B1E6
220,35,90,#95B0E6
221,35,90,#95AFE6
222,35,90,#95ADE6
223,35,90,#95ACE6
224,35,90,#95ABE6
225,35,90,#95A9E6
226,35,90,#95A8E6
227,35,90,#95A7E6
228,35,90,#95A5E6
229,35,90,#95A4E6
230,35,90,#95A3E6
231,35,90,#95A1E6
232,35,90,#95A0E6
233,35,90,#959FE6
234,35,90,#959DE6
235,35,90,#959CE6
236,35,90,#959BE6
237,35,90,#9599E6
238,35,90,#9598E6
239,35,90,#9597E6
240,35,90,#9595E6
241,35,90,#9795E6
242,35,90,#9895E6
243,35,90,#9995E6
244,35,90,#9B95E6
245,35,90,#9C95E6
246,35,90,#9D95E6
247,35,90,#9F95E6
248,35,90,#A095E6
249,35,90,#A195E6
250,35,90,#A395E6
251,35,90,#A495E6
252,35,90,#A595E6
253,35,90,#A795E6
254,35,90,#A895E6
255,35,90,#A995E6
256,35,90,#AB95E6
257,35,90,#AC95E6
258,35,90,#AD95E6
259,35,90,#AF95E6
260,35,90,#B095E6
261,35,90,#B195E6
262,35,90,#B395E6
263,35,90,#B495E6
264,35,90,#B595E6
265,35,90,#B795E6
266,35,90,#B895E6
267,35,90,#B995E6
268,35,90,#BB95E6
269,35,90,#BC95E6
270,35,90,#BD95E6
271,35,90,#BF95E6
272,35,90,#C095E6
273,35,90,#C195E6
274,35,90,#C395E6
275,35,90,#C495E6
276,35,90,#C595E6
277,35,90,#C795E6
278,35,90,#C895E6
279,35,90,#C995E6
280,35,90,#CB95E6
281,35,90,#CC95E6
282,35,90,#CD95E6
283,35,90,#CF95E6
284,35,90,#D095E6
285,35,90,#D195E6
286,35,90,#D395E6
287,35,90,#D495E6
288,35,90,#D595E6
289,35,90,#D795E6
290,35,90,#D895E6
291,35,90,#D995E6
292,35,90,#DB95E6
293,35,90,#DC95E6
294,35,90,#DD95E6
295,35,90,#DF95E6
296,35,90,#E095E6
297,35,90,#E195E6
298,35,90,#E395E6
299,35,90,#E495E6
300,35,90,#E695E6
301,35,90,#E695E4
302,35,90,#E695E3
303,35,90,#E695E1
304,35,90,#E695E0
305,35,90,#E695DF
306,35,90,#E695DD
307,35,90,#E695DC
308,35,90,#E695DB
309,35,90,#E695D9
310,35,90,#E695D8
311,35,90,#E695D7
312,35,90,#E695D5
313,35,90,#E695D4
314,35,90,#E695D3
315,35,90,#E695D1
316,35,90,#E695D0
317,35,90,#E695CF
318,35,90,#E695CD
319,35,90,#E695CC
320,35,90,#E695CB
321,35,90,#E695C9
322,35,90,#E695C8
323,35,90,#E695C7
324,35,90,#E695C5
325,35,90,#E695C4
326,35,90,#E695C3
327,35,90,#E695C1
328,35,90,#E695C0
329,35,90,#E695BF
330,35,90,#E695BD
331,35,90,#E695BC
332,35,90,#E695BB
333,35,90,#E695B9
334,35,90,#E695B8
335,35,90,#E695B7
336,35,90,#E695B5
337,35,90,#E695B4
338,35,90,#E695B3
339,35,90,#E695B1
340,35,90,#E695B0
341,35,90,#E695AF
342,35,90,#E695AD
343,35,90,#E695AC
344,35,90,#E695AB
345,35,90,#E695A9
346,35,90,#E695A8
347,35,90,#E695A7
348,35,90,#E695A5
349,35,90,#E695A4
350,35,90,#E695A3
351,35,90,#E695A1
352,35,90,#E695A0
353,35,90,#E6959F
354,35,90,#E6959D
355,35,90,#E6959C
356,35,90,#E6959B
357,35,90,#E69599
358,35,90,#E69598
359,35,90,#E69597
0,34,90,#E69797
1,34,90,#E69997
2,34,90,#E69A97
3,34,90,#E69B97
4,34,90,#E69D97
5,34,90,#E69E97
6,34,90,#E69F97
7,34,90,#E6A197
8,34,90,#E6A297
9,34,90,#E6A397
10,34,90,#E6A497
11,34,90,#E6A697
12,34,90,#E6A797
13,34,90,#E6A897
14,34,90,#E6AA97
15,34,90,#E6AB97
16,34,90,#E6AC97
17,34,90,#E6AE97
18,34,90,#E6AF97
19,34,90,#E6B097
20,34,90,#E6B197
21,34,90,#E6B397
22,34,90,#E6B497
23,34,90,#E6B597
24,34,90,#E6B797
25,34,90,#E6B897
26,34,90,#E6B997
27,34,90,#E6BB97
28,34,90,#E6BC97
29,34,90,#E6BD97
30,34,90,#E6BE97
31,34,90,#E6C097
32,34,90,#E6C197
33,34,90,#E6C297
34,34,90,#E6C497
35,34,90,#E6C597
36,34,90,#E6C697
37,34,90,#E6C897
38,34,90,#E6C997
39,34,90,#E6CA97
40,34,90,#E6CB97
41,34,90,#E6CD97
42,34,90,#E6CE97
43,34,90,#E6CF97
44,34,90,#E6D197
45,34,90,#E6D297
46,34,90,#E6D397
47,34,90,#E6D597
48,34,90,#E6D697
49,34,90,#E6D797
50,34,90,#E6D897
51,34,90,#E6DA97
52,34,90,#E6DB97
53,34,90,#E6DC97
54,34,90,#E6DE97
55,34,90,#E6DF97
56,34,90,#E6E097
57,34,90,#E6E297
58,34,90,#E6E397
59,34,90,#E6E497
60,34,90,#E6E697
61,34,90,#E4E697
62,34,90,#E3E697
63,34,90,#E2E697
64,34,90,#E0E697
65,34,90,#DFE697
66,34,90,#DEE697
67,34,90,#DCE697
68,34,90,#DBE697
69,34,90,#DAE697
70,34,90,#D8E697
71,34,90,#D7E697
72,34,90,#D6E697
73,34,90,#D5E697
74,34,90,#D3E697
75,34,90,#D2E697
76,34,90,#D1E697
77,34,90,#CFE697
78,34,90,#CEE697
79,34,90,#CDE697
80,34,90,#CBE697
81,34,90,#CAE697
82,34,90,#C9E697
83,34,90,#C8E697
84,34,90,#C6E697
85,34,90,#C5E697
86,34,90,#C4E697
87,34,90,#C2E697
88,34,90,#C1E697
89,34,90,#C0E697
90,34,90,#BEE697
91,34,90,#BDE697
92,34,90,#BCE697
93,34,90,#BBE697
94,34,90,#B9E697
95,34,90,#B8E697
96,34,90,#B7E697
97,34,90,#B5E697
98,34,90,#B4E697
99,34,90,#B3E697
100,34,90,#B1E697
101,34,90,#B0E697
102,34,90,#AFE697
103,34,90,#AEE697
104,34,90,#ACE697
105,34,90,#ABE697
106,34,90,#AAE697
107,34,90,#A8E697
108,34,90,#A7E697
109,34,90,#A6E697
110,34,90,#A4E697
111,34,90,#A3E697
112,34,90,#A2E697
113,34,90,#A1E697
114,34,90,#9FE697
115,34,90,#9EE697
116,34,90,#9DE697
117,34,90,#9BE697
118,34,90,#9AE697
119,34,90,#99E697
120,34,90,#97E697
121,34,90,#97E699
122,34,90,#97E69A
123,34,90,#97E69B
124,34,90,#97E69D
125,34,90,#97E69E
126,34,90,#97E69F
127,34,90,#97E6A1
128,34,90,#97E6A2
129,34,90,#97E6A3
130,34,90,#97E6A4
131,34,90,#97E6A6
132,34,90,#97E6A7
133,34,90,#97E6A8
134,34,90,#97E6AA
135,34,90,#97E6AB
136,34,90,#97E6AC
137,34,90,#97E6AE
138,34,90,#97E6AF
139,34,90,#97E6B0
140,34,90,#97E6B1
141,34,90,#97E6B3
142,34,90,#97E6B4
143,34,90,#97E6B5
144,34,90,#97E6B7
145,34,90,#97E6B8
146,34,90,#97E6B9
147,34,90,#97E6BB
148,34,90,#97E6BC
149,34,90,#97E6BD
150,34,90,#97E6BE
151,34,90,#97E6C0
152,34,90,#97E6C1
153,34,90,#97E6C2
154,34,90,#97E6C4
155,34,90,#97E6C5
156,34,90,#97E6C6
157,34,90,#97E6C8
158,34,90,#97E6C9
159,34,90,#97E6CA
160,34,90,#97E6CB
161,34,90,#97E6CD
162,34,90,#97E6CE
163,34,90,#97E6CF
164,34,90,#97E6D1
165,34,90,#97E6D2
166,34,90,#97E6D3
167,34,90,#97E6D5
168,34,90,#97E6D6
169,34,90,#97E6D7
170,34,90,#97E6D8
171,34,90,#97E6DA
172,34,90,#97E6DB
173,34,90,#97E6DC
174,34,90,#97E6DE
175,34,90,#97E6DF
176,34,90,#97E6E0
177,34,90,#97E6E2
178,34,90,#97E6E3
179,34,90,#97E6E4
180,34,90,#97E6E6
181,34,90,#97E4E6
182,34,90,#97E3E6
183,34,90,#97E2E6
184,34,90,#97E0E6
185,34,90,#97DFE6
186,34,90,#97DEE6
187,34,90,#97DCE6
188,34,90,#97DBE6
189,34,90,#97DAE6
190,34,90,#97D8E6
191,34,90,#97D7E6
192,34,90,#97D6E6
193,34,90,#97D5E6
194,34,90,#97D3E6
195,34,90,#97D2E6
196,34,90,#97D1E6
197,34,90,#97CFE6
198,34,90,#97CEE6
199,34,90,#97CDE6
200,34,90,#97CBE6
201,34,90,#97CAE6
202,34,90,#97C9E6
203,34,90,#97C8E6
204,34,90,#97C6E6
205,34,90,#97C5E6
206,34,90,#97C4E6
207,34,90,#97C2E6
208,34,90,#97C1E6
209,34,90,#97C0E6
210,34,90,#97BEE6
211,34,90,#97BDE6
212,34,90,#97BCE6
213,34,90,#97BBE6
214,34,90,#97B9E6
215,34,90,#97B8E6
216,34,90,#97B7E6
217,34,90,#97B5E6
218,34,90,#97B4E6
219,34,90,#97B3E6
220,34,90,#97B1E6
221,34,90,#97B0E6
222,34,90,#97AFE6
223,34,90,#97AEE6
224,34,90,#97ACE6
225,34,90,#97ABE6
226,34,90,#97AAE6
227,34,90,#97A8E6
228,34,90,#97A7E6
229,34,90,#97A6E6
230,34,90,#97A4E6
231,34,90,#97A3E6
232,34,90,#97A2E6
233,34,90,#97A1E6
234,34,90,#979FE6
235,34,90,#979EE6
236,34,90,#979DE6
237,34,90,#979BE6
238,34,90,#979AE6
239,34,90,#9799E6
240,34,90,#9797E6
241,34,90,#9997E6
242,34,90,#9A97E6
243,34,90,#9B97E6
244,34,90,#9D97E6
245,34,90,#9E97E6
246,34,90,#9F97E6
247,34,90,#A197E6
248,34,90,#A297E6
249,34,90,#A397E6
250,34,90,#A497E6
251,34,90,#A697E6
252,34,90,#A797E6
253,34,90,#A897E6
254,34,90,#AA97E6
255,34,90,#AB97E6
256,34,90,#AC97E6
257,34,90,#AE97E6
258,34,90,#AF97E6
259,34,90,#B097E6
260,34,90,#B197E6
261,34,90,#B397E6
262,34,90,#B497E6
263,34,90,#B597E6
264,34,90,#B797E6
265,34,90,#B897E6
266,34,90,#B997E6
267,34,90,#BB97E6
268,34,90,#BC97E6
269,34,90,#BD97E6
270,34,90,#BE97E6
271,34,90,#C097E6
272,34,90,#C197E6
273,34,90,#C297E6
274,34,90,#C497E6
275,34,90,#C597E6
276,34,90,#C697E6
277,34,90,#C897E6
278,34,90,#C997E6
279,34,90,#CA97E6
280,34,90,#CB97E6
281,34,90,#CD97E6
282,34,90,#CE97E6
283,34,90,#CF97E6
284,34,90,#D197E6
285,34,90,#D297E6
286,34,90,#D397E6
287,34,90,#D597E6
288,34,90,#D697E6
289,34,90,#D797E6
290,34,90,#D897E6
291,34,90,#DA97E6
292,34,90,#DB97E6
293,34,90,#DC97E6
294,34,90,#DE97E6
295,34,90,#DF97E6
296,34,90,#E097E6
297,34,90,#E297E6
298,34,90,#E397E6
299,34,90,#E497E6
300,34,90,#E697E6
301,34,90,#E697E4
302,34,90,#E697E3
303,34,90,#E697E2
304,34,90,#E697E0
305,34,90,#E697DF
306,34,90,#E697DE
307,34,90,#E697DC
308,34,90,#E697DB
309,34,90,#E697DA
310,34,90,#E697D8
311,34,90,#E697D7
312,34,90,#E697D6
313,34,90,#E697D5
314,34,90,#E697D3
315,34,90,#E697D2
316,34,90,#E697D1
317,34,90,#E697CF
318,34,90,#E697CE
319,34,90,#E697CD
320,34,90,#E697CB
321,34,90,#E697CA
322,34,90,#E697C9
323,34,90,#E697C8
324,34,90,#E697C6
325,34,90,#E697C5
326,34,90,#E697C4
327,34,90,#E697C2
328,34,90,#E697C1
329,34,90,#E697C0
330,34,90,#E697BE
331,34,90,#E697BD
332,34,90,#E697BC
333,34,90,#E697BB
334,34,90,#E697B9
335,34,90,#E697B8
336,34,90,#E697B7
337,34,90,#E697B5
338,34,90,#E697B4
339,34,90,#E697B3
340,34,90,#E697B1
341,34,90,#E697B0
342,34,90,#E697AF
343,34,90,#E697AE
344,34,90,#E697AC
345,34,90,#E697AB
346,34,90,#E697AA
347,34,90,#E697A8
348,34,90,#E697A7
349,34,90,#E697A6
350,34,90,#E697A4
351,34,90,#E697A3
352,34,90,#E697A2
353,34,90,#E697A1
354,34,90,#E6979F
355,34,90,#E6979E
356,34,90,#E6979D
357,34,90,#E6979B
358,34,90,#E6979A
359,34,90,#E69799
0,33,90,#E69A9A
1,33,90,#E69B9A
2,33,90,#E69C9A
3,33,90,#E69E9A
4,33,90,#E69F9A
5,33,90,#E6A09A
6,33,90,#E6A19A
7,33,90,#E6A39A
8,33,90,#E6A49A
9,33,90,#E6A59A
10,33,90,#E6A69A
11,33,90,#E6A89A
12,33,90,#E6A99A
13,33,90,#E6AA9A
14,33,90,#E6AB9A
15,33,90,#E6AD9A
16,33,90,#E6AE9A
17,33,90,#E6AF9A
18,33,90,#E6B09A
19,33,90,#E6B29A
20,33,90,#E6B39A
21,33,90,#E6B49A
22,33,90,#E6B69A
23,33,90,#E6B79A
24,33,90,#E6B89A
25,33,90,#E6B99A
26,33,90,#E6BB9A
27,33,90,#E6BC9A
28,33,90,#E6BD9A
29,33,90,#E6BE9A
30,33,90,#E6C09A
31,33,90,#E6C19A
32,33,90,#E6C29A
33,33,90,#E6C39A
34,33,90,#E6C59A
35,33,90,#E6C69A
36,33,90,#E6C79A
37,33,90,#E6C89A
38,33,90,#E6CA9A
39,33,90,#E6CB9A
40,33,90,#E6CC9A
41,33,90,#E6CE9A
42,33,90,#E6CF9A
43,33,90,#E6D09A
44,33,90,#E6D19A
45,33,90,#E6D39A
46,33,90,#E6D49A
47,33,90,#E6D59A
48,33,90,#E6D69A
49,33,90,#E6D89A
50,33,90,#E6D99A
51,33,90,#E6DA9A
52,33,90,#E6DB9A
53,33,90,#E6DD9A
54,33,90,#E6DE9A
55,33,90,#E6DF9A
56,33,90,#E6E09A
57,33,90,#E6E29A
58,33,90,#E6E39A
59,33,90,#E6E49A
60,33,90,#E6E69A
61,33,90,#E4E69A
62,33,90,#E3E69A
63,33,90,#E2E69A
64,33,90,#E0E69A
65,33,90,#DFE69A
66,33,90,#DEE69A
67,33,90,#DDE69A
68,33,90,#DBE69A
69,33,90,#DAE69A
70,33,90,#D9E69A
71,33,90,#D8E69A
72,33,90,#D6E69A
73,33,90,#D5E69A
74,33,90,#D4E69A
75,33,90,#D3E69A
76,33,90,#D1E69A
77,33,90,#D0E69A
78,33,90,#CFE69A
79,33,90,#CEE69A
80,33,90,#CCE69A
81,33,90,#CBE69A
82,33,90,#CAE69A
83,33,90,#C8E69A
84,33,90,#C7E69A
85,33,90,#C6E69A
86,33,90,#C5E69A
87,33,90,#C3E69A
88,33,90,#C2E69A
89,33,90,#C1E69A
90,33,90,#C0E69A
91,33,90,#BEE69A
92,33,90,#BDE69A
93,33,90,#BCE69A
94,33,90,#BBE69A
95,33,90,#B9E69A
96,33,90,#B8E69A
97,33,90,#B7E69A
98,33,90,#B6E69A
99,33,90,#B4E69A
100,33,90,#B3E69A
101,33,90,#B2E69A
102,33,90,#B0E69A
103,33,90,#AFE69A
104,33,90,#AEE69A
105,33,90,#ADE69A
106,33,90,#ABE69A
107,33,90,#AAE69A
108,33,90,#A9E69A
109,33,90,#A8E69A
110,33,90,#A6E69A
111,33,90,#A5E69A
112,33,90,#A4E69A
113,33,90,#A3E69A
114,33,90,#A1E69A
115,33,90,#A0E69A
116,33,90,#9FE69A
117,33,90,#9EE69A
118,33,90,#9CE69A
119,33,90,#9BE69A
120,33,90,#9AE69A
121,33,90,#9AE69B
122,33,90,#9AE69C
123,33,90,#9AE69E
124,33,90,#9AE69F
125,33,90,#9AE6A0
126,33,90,#9AE6A1
127,33,90,#9AE6A3
128,33,90,#9AE6A4
129,33,90,#9AE6A5
130,33,90,#9AE6A6
131,33,90,#9AE6A8
132,33,90,#9AE6A9
133,33,90,#9AE6AA
134,33,90,#9AE6AB
135,33,90,#9AE6AD
136,33,90,#9AE6AE
137,33,90,#9AE6AF
138,33,90,#9AE6B0
139,33,90,#9AE6B2
140,33,90,#9AE6B3
141,33,90,#9AE6B4
142,33,90,#9AE6B6
143,33,90,#9AE6B7
144,33,90,#9AE6B8
145,33,90,#9AE6B9
146,33,90,#9AE6BB
147,33,90,#9AE6BC
148,33,90,#9AE6BD
149,33,90,#9AE6BE
150,33,90,#9AE6C0
151,33,90,#9AE6C1
152,33,90,#9AE6C2
153,33,90,#9AE6C3
154,33,90,#9AE6C5
155,33,90,#9AE6C6
156,33,90,#9AE6C7
157,33,90,#9AE6C8
158,33,90,#9AE6CA
159,33,90,#9AE6CB
160,33,90,#9AE6CC
161,33,90,#9AE6CE
162,33,90,#9AE6CF
163,33,90,#9AE6D0
164,33,90,#9AE6D1
165,33,90,#9AE6D3
166,33,90,#9AE6D4
167,33,90,#9AE6D5
168,33,90,#9AE6D6
169,33,90,#9AE6D8
170,33,90,#9AE6D9
171,33,90,#9AE6DA
172,33,90,#9AE6DB
173,33,90,#9AE6DD
174,33,90,#9AE6DE
175,33,90,#9AE6DF
176,33,90,#9AE6E0
177,33,90,#9AE6E2
178,33,90,#9AE6E3
179,33,90,#9AE6E4
180,33,90,#9AE6E6
181,33,90,#9AE4E6
182,33,90,#9AE3E6
183,33,90,#9AE2E6
184,33,90,#9AE0E6
185,33,90,#9ADFE6
186,33,90,#9ADEE6
187,33,90,#9ADDE6
188,33,90,#9ADBE6
189,33,90,#9ADAE6
190,33,90,#9AD9E6
191,33,90,#9AD8E6
192,33,90,#9AD6E6
193,33,90,#9AD5E6
194,33,90,#9AD4E6
195,33,90,#9AD3E6
196,33,90,#9AD1E6
197,33,90,#9AD0E6
198,33,90,#9ACFE6
199,33,90,#9ACEE6
200,33,90,#9ACCE6
201,33,90,#9ACBE6
202,33,90,#9ACAE6
203,33,90,#9AC8E6
204,33,90,#9AC7E6
205,33,90,#9AC6E6
206,33,90,#9AC5E6
207,33,90,#9AC3E6
208,33,90,#9AC2E6
209,33,90,#9AC1E6
210,33,90,#9AC0E6
211,33,90,#9ABEE6
212,33,90,#9ABDE6
213,33,90,#9ABCE6
214,33,90,#9ABBE6
215,33,90,#9AB9E6
216,33,90,#9AB8E6
217,33,90,#9AB7E6
218,33,90,#9AB6E6
219,33,90,#9AB4E6
220,33,90,#9AB3E6
221,33,90,#9AB2E6
222,33,90,#9AB0E6
223,33,90,#9AAFE6
224,33,90,#9AAEE6
225,33,90,#9AADE6
226,33,90,#9AABE6
227,33,90,#9AAAE6
228,33,90,#9AA9E6
229,33,90,#9AA8E6
230,33,90,#9AA6E6
231,33,90,#9AA5E6
232,33,90,#9AA4E6
233,33,90,#9AA3E6
234,33,90,#9AA1E6
235,33,90,#9AA0E6
236,33,90,#9A9FE6
237,33,90,#9A9EE6
238,33,90,#9A9CE6
239,33,90,#9A9BE6
240,33,90,#9A9AE6
241,33,90,#9B9AE6
242,33,90,#9C9AE6
243,33,90,#9E9AE6
244,33,90,#9F9AE6
245,33,90,#A09AE6
246,33,90,#A19AE6
247,33,90,#A39AE6
248,33,90,#A49AE6
249,33,90,#A59AE6
250,33,90,#A69AE6
251,33,90,#A89AE6
252,33,90,#A99AE6
253,33,90,#AA9AE6
254,33,90,#AB9AE6
255,33,90,#AD9AE6
256,33,90,#AE9AE6
257,33,90,#AF9AE6
258,33,90,#B09AE6
259,33,90,#B29AE6
260,33,90,#B39AE6
261,33,90,#B49AE6
262,33,90,#B69AE6
263,33,90,#B79AE6
264,33,90,#B89AE6
265,33,90,#B99AE6
266,33,90,#BB9AE6
267,33,90,#BC9AE6
268,33,90,#BD9AE6
269,33,90,#BE9AE6
270,33,90,#C09AE6
271,33,90,#C19AE6
272,33,90,#C29AE6
273,33,90,#C39AE6
274,33,90,#C59AE6
275,33,90,#C69AE6
276,33,90,#C79AE6
277,33,90,#C89AE6
278,33,90,#CA9AE6
279,33,90,#CB9AE6
280,33,90,#CC9AE6
281,33,90,#CE9AE6
282,33,90,#CF9AE6
283,33,90,#D09AE6
284,33,90,#D19AE6
285,33,90,#D39AE6
286,33,90,#D49AE6
287,33,90,#D59AE6
288,33,90,#D69AE6
289,33,90,#D89AE6
290,33,90,#D99AE6
291,33,90,#DA9AE6
292,33,90,#DB9AE6
293,33,90,#DD9AE6
294,33,90,#DE9AE6
295,33,90,#DF9AE6
296,33,90,#E09AE6
297,33,90,#E29AE6
298,33,90,#E39AE6
299,33,90,#E49AE6
300,33,90,#E69AE6
301,33,90,#E69AE4
302,33,90,#E69AE3
303,33,90,#E69AE2
304,33,90,#E69AE0
305,33,90,#E69ADF
306,33,90,#E69ADE
307,33,90,#E69ADD
308,33,90,#E69ADB
309,33,90,#E69ADA
310,33,90,#E69AD9
311,33,90,#E69AD8
312,33,90,#E69AD6
313,33,90,#E69AD5
314,33,90,#E69AD4
315,33,90,#E69AD3
316,33,90,#E69AD1
317,33,90,#E69AD0
318,33,90,#E69ACF
319,33,90,#E69ACE
320,33,90,#E69ACC
321,33,90,#E69ACB
322,33,90,#E69ACA
323,33,90,#E69AC8
324,33,90,#E69AC7
325,33,90,#E69AC6
326,33,90,#E69AC5
327,33,90,#E69AC3
328,33,90,#E69AC2
329,33,90,#E69AC1
330,33,90,#E69AC0
331,33,90,#E69ABE
332,33,90,#E69ABD
333,33,90,#E69ABC
334,33,90,#E69ABB
335,33,90,#E69AB9
336,33,90,#E69AB8
337,33,90,#E69AB7
338,33,90,#E69AB6
339,33,90,#E69AB4
340,33,90,#E69AB3
341,33,90,#E69AB2
342,33,90,#E69AB0
343,33,90,#E69AAF
344,33,90,#E69AAE
345,33,90,#E69AAD
346,33,90,#E69AAB
347,33,90,#E69AAA
348,33,90,#E69AA9
349,33,90,#E69AA8
350,33,90,#E69AA6
351,33,90,#E69AA5
352,33,90,#E69AA4
353,33,90,#E69AA3
354,33,90,#E69AA1
355,33,90,#E69AA0
356,33,90,#E69A9F
357,33,90,#E69A9E
358,33,90,#E69A9C
359,33,90,#E69A9B
0,32,90,#E69C9C
1,32,90,#E69D9C
2,32,90,#E69F9C
3,32,90,#E6A09C
4,32,90,#E6A19C
5,32,90,#E6A29C
6,32,90,#E6A39C
7,32,90,#E6A59C
8,32,90,#E6A69C
9,32,90,#E6A79C
10,32,90,#E6A89C
11,32,90,#E6AA9C
12,32,90,#E6AB9C
13,32,90,#E6AC9C
14,32,90,#E6AD9C
15,32,90,#E6AE9C
16,32,90,#E6B09C
17,32,90,#E6B19C
18,32,90,#E6B29C
19,32,90,#E6B39C
20,32,90,#E6B59C
21,32,90,#E6B69C
22,32,90,#E6B79C
23,32,90,#E6B89C
24,32,90,#E6B99C
25,32,90,#E6BB9C
26,32,90,#E6BC9C
27,32,90,#E6BD9C
28,32,90,#E6BE9C
29,32,90,#E6C09C
30,32,90,#E6C19C
31,32,90,#E6C29C
32,32,90,#E6C39C
33,32,90,#E6C49C
34,32,90,#E6C69C
35,32,90,#E6C79C
36,32,90,#E6C89C
37,32,90,#E6C99C
38,32,90,#E6CB9C
39,32,90,#E6CC9C
40,32,90,#E6CD9C
41,32,90,#E6CE9C
42,32,90,#E6CF9C
43,32,90,#E6D19C
44,32,90,#E6D29C
45,32,90,#E6D39C
46,32,90,#E6D49C
47,32,90,#E6D69C
48,32,90,#E6D79C
49,32,90,#E6D89C
50,32,90,#E6D99C
51,32,90,#E6DA9C
52,32,90,#E6DC9C
53,32,90,#E6DD9C
54,32,90,#E6DE9C
55,32,90,#E6DF9C
56,32,90,#E6E19C
57,32,90,#E6E29C
58,32,90,#E6E39C
59,32,90,#E6E49C
60,32,90,#E6E69C
61,32,90,#E4E69C
62,32,90,#E3E69C
63,32,90,#E2E69C
64,32,90,#E1E69C
65,32,90,#DFE69C
66,32,90,#DEE69C
67,32,90,#DDE69C
68,32,90,#DCE69C
69,32,90,#DAE69C
70,32,90,#D9E69C
71,32,90,#D8E69C
72,32,90,#D7E69C
73,32,90,#D6E69C
74,32,90,#D4E69C
75,32,90,#D3E69C
76,32,90,#D2E69C
77,32,90,#D1E69C
78,32,90,#CFE69C
79,32,90,#CEE69C
80,32,90,#CDE69C
81,32,90,#CCE69C
82,32,90,#CBE69C
83,32,90,#C9E69C
84,32,90,#C8E69C
85,32,90,#C7E69C
86,32,90,#C6E69C
87,32,90,#C4E69C
88,32,90,#C3E69C
89,32,90,#C2E69C
90,32,90,#C1E69C
91,32,90,#C0E69C
92,32,90,#BEE69C
93,32,90,#BDE69C
94,32,90,#BCE69C
95,32,90,#BBE69C
96,32,90,#B9E69C
97,32,90,#B8E69C
98,32,90,#B7E69C
99,32,90,#B6E69C
100,32,90,#B5E69C
101,32,90,#B3E69C
102,32,90,#B2E69C
103,32,90,#B1E69C
104,32,90,#B0E69C
105,32,90,#AEE69C
106,32,90,#ADE69C
107,32,90,#ACE69C
108,32,90,#ABE69C
109,32,90,#AAE69C
110,32,90,#A8E69C
111,32,90,#A7E69C
112,32,90,#A6E69C
113,32,90,#A5E69C
114,32,90,#A3E69C
115,32,90,#A2E69C
116,32,90,#A1E69C
117,32,90,#A0E69C
118,32,90,#9FE69C
119,32,90,#9DE69C
120,32,90,#9CE69C
121,32,90,#9CE69D
122,32,90,#9CE69F
123,32,90,#9CE6A0
124,32,90,#9CE6A1
125,32,90,#9CE6A2
126,32,90,#9CE6A3
127,32,90,#9CE6A5
128,32,90,#9CE6A6
129,32,90,#9CE6A7
130,32,90,#9CE6A8
131,32,90,#9CE6AA
132,32,90,#9CE6AB
133,32,90,#9CE6AC
134,32,90,#9CE6AD
135,32,90,#9CE6AE
136,32,90,#9CE6B0
137,32,90,#9CE6B1
138,32,90,#9CE6B2
139,32,90,#9CE6B3
140,32,90,#9CE6B5
141,32,90,#9CE6B6
142,32,90,#9CE6B7
143,32,90,#9CE6B8
144,32,90,#9CE6B9
145,32,90,#9CE6BB
146,32,90,#9CE6BC
147,32,90,#9CE6BD
148,32,90,#9CE6BE
149,32,90,#9CE6C0
150,32,90,#9CE6C1
151,32,90,#9CE6C2
152,32,90,#9CE6C3
153,32,90,#9CE6C4
154,32,90,#9CE6C6
155,32,90,#9CE6C7
156,32,90,#9CE6C8
157,32,90,#9CE6C9
158,32,90,#9CE6CB
159,32,90,#9CE6CC
160,32,90,#9CE6CD
161,32,90,#9CE6CE
162,32,90,#9CE6CF
163,32,90,#9CE6D1
164,32,90,#9CE6D2
165,32,90,#9CE6D3
166,32,90,#9CE6D4
167,32,90,#9CE6D6
168,32,90,#9CE6D7
169,32,90,#9CE6D8
170,32,90,#9CE6D9
171,32,90,#9CE6DA
172,32,90,#9CE6DC
173,32,90,#9CE6DD
174,32,90,#9CE6DE
175,32,90,#9CE6DF
176,32,90,#9CE6E1
177,32,90,#9CE6E2
178,32,90,#9CE6E3
179,32,90,#9CE6E4
180,32,90,#9CE6E6
181,32,90,#9CE4E6
182,32,90,#9CE3E6
183,32,90,#9CE2E6
184,32,90,#9CE1E6
185,32,90,#9CDFE6
186,32,90,#9CDEE6
187,32,90,#9CDDE6
188,32,90,#9CDCE6
189,32,90,#9CDAE6
190,32,90,#9CD9E6
191,32,90,#9CD8E6
192,32,90,#9CD7E6
193,32,90,#9CD6E6
194,32,90,#9CD4E6
195,32,90,#9CD3E6
196,32,90,#9CD2E6
197,32,90,#9CD1E6
198,32,90,#9CCFE6
199,32,90,#9CCEE6
200,32,90,#9CCDE6
201,32,90,#9CCCE6
202,32,90,#9CCBE6
203,32,90,#9CC9E6
204,32,90,#9CC8E6
205,32,90,#9CC7E6
206,32,90,#9CC6E6
207,32,90,#9CC4E6
208,32,90,#9CC3E6
209,32,90,#9CC2E6
210,32,90,#9CC1E6
211,32,90,#9CC0E6
212,32,90,#9CBEE6
213,32,90,#9CBDE6
214,32,90,#9CBCE6
215,32,90,#9CBBE6
216,32,90,#9CB9E6
217,32,90,#9CB8E6
218,32,90,#9CB7E6
219,32,90,#9CB6E6
220,32,90,#9CB5E6
221,32,90,#9CB3E6
222,32,90,#9CB2E6
223,32,90,#9CB1E6
224,32,90,#9CB0E6
225,32,90,#9CAEE6
226,32,90,#9CADE6
227,32,90,#9CACE6
228,32,90,#9CABE6
229,32,90,#9CAAE6
230,32,90,#9CA8E6
231,32,90,#9CA7E6
232,32,90,#9CA6E6
233,32,90,#9CA5E6
234,32,90,#9CA3E6
235,32,90,#9CA2E6
236,32,90,#9CA1E6
237,32,90,#9CA0E6
238,32,90,#9C9FE6
239,32,90,#9C9DE6
240,32,90,#9C9CE6
241,32,90,#9D9CE6
242,32,90,#9F9CE6
243,32,90,#A09CE6
244,32,90,#A19CE6
245,32,90,#A29CE6
246,32,90,#A39CE6
247,32,90,#A59CE6
248,32,90,#A69CE6
249,32,90,#A79CE6
250,32,90,#A89CE6
251,32,90,#AA9CE6
252,32,90,#AB9CE6
253,32,90,#AC9CE6
254,32,90,#AD9CE6
255,32,90,#AE9CE6
256,32,90,#B09CE6
257,32,90,#B19CE6
258,32,90,#B29CE6
259,32,90,#B39CE6
260,32,90,#B59CE6
261,32,90,#B69CE6
262,32,90,#B79CE6
263,32,90,#B89CE6
264,32,90,#B99CE6
265,32,90,#BB9CE6
266,32,90,#BC9CE6
267,32,90,#BD9CE6
268,32,90,#BE9CE6
269,32,90,#C09CE6
270,32,90,#C19CE6
271,32,90,#C29CE6
272,32,90,#C39CE6
273,32,90,#C49CE6
274,32,90,#C69CE6
275,32,90,#C79CE6
276,32,90,#C89CE6
277,32,90,#C99CE6
278,32,90,#CB9CE6
279,32,90,#CC9CE6
280,32,90,#CD9CE6
281,32,90,#CE9CE6
282,32,90,#CF9CE6
283,32,90,#D19CE6
284,32,90,#D29CE6
285,32,90,#D39CE6
286,32,90,#D49CE6
287,32,90,#D69CE6
288,32,90,#D79CE6
289,32,90,#D89CE6
290,32,90,#D99CE6
291,32,90,#DA9CE6
292,32,90,#DC9CE6
293,32,90,#DD9CE6
294,32,90,#DE9CE6
295,32,90,#DF9CE6
296,32,90,#E19CE6
297,32,90,#E29CE6
298,32,90,#E39CE6
299,32,90,#E49CE6
300,32,90,#E69CE6
301,32,90,#E69CE4
302,32,90,#E69CE3
303,32,90,#E69CE2
304,32,90,#E69CE1
305,32,90,#E69CDF
306,32,90,#E69CDE
307,32,90,#E69CDD
308,32,90,#E69CDC
309,32,90,#E69CDA
310,32,90,#E69CD9
311,32,90,#E69CD8
312,32,90,#E69CD7
313,32,90,#E69CD6
314,32,90,#E69CD4
315,32,90,#E69CD3
316,32,90,#E69CD2
317,32,90,#E69CD1
318,32,90,#E69CCF
319,32,90,#E69CCE
320,32,90,#E69CCD
321,32,90,#E69CCC
322,32,90,#E69CCB
323,32,90,#E69CC9
324,32,90,#E69CC8
325,32,90,#E69CC7
326,32,90,#E69CC6
327,32,90,#E69CC4
328,32,90,#E69CC3
329,32,90,#E69CC2
330,32,90,#E69CC1
331,32,90,#E69CC0
332,32,90,#E69CBE
333,32,90,#E69CBD
334,32,90,#E69CBC
335,32,90,#E69CBB
336,32,90,#E69CB9
337,32,90,#E69CB8
338,32,90,#E69CB7
339,32,90,#E69CB6
340,32,90,#E69CB5
341,32,90,#E69CB3
342,32,90,#E69CB2
343,32,90,#E69CB1
344,32,90,#E69CB0
345,32,90,#E69CAE
346,32,90,#E69CAD
347,32,90,#E69CAC
348,32,90,#E69CAB
349,32,90,#E69CAA
350,32,90,#E69CA8
351,32,90,#E69CA7
352,32,90,#E69CA6
353,32,90,#E69CA5
354,32,90,#E69CA3
355,32,90,#E69CA2
356,32,90,#E69CA1
357,32,90,#E69CA0
358,32,90,#E69C9F
359,32,90,#E69C9D
0,31,90,#E69E9E
1,31,90,#E6A09E
2,31,90,#E6A19E
3,31,90,#E6A29E
4,31,90,#E6A39E
5,31,90,#E6A49E
6,31,90,#E6A59E
7,31,90,#E6A79E
8,31,90,#E6A89E
9,31,90,#E6A99E
10,31,90,#E6AA9E
11,31,90,#E6AB9E
12,31,90,#E6AD9E
13,31,90,#E6AE9E
14,31,90,#E6AF9E
15,31,90,#E6B09E
16,31,90,#E6B19E
17,31,90,#E6B39E
18,31,90,#E6B49E
19,31,90,#E6B59E
20,31,90,#E6B69E
21,31,90,#E6B79E
22,31,90,#E6B89E
23,31,90,#E6BA9E
24,31,90,#E6BB9E
25,31,90,#E6BC9E
26,31,90,#E6BD9E
27,31,90,#E6BE9E
28,31,90,#E6C09E
29,31,90,#E6C19E
30,31,90,#E6C29E
31,31,90,#E6C39E
32,31,90,#E6C49E
33,31,90,#E6C59E
34,31,90,#E6C79E
35,31,90,#E6C89E
36,31,90,#E6C99E
37,31,90,#E6CA9E
38,31,90,#E6CB9E
39,31,90,#E6CD9E
40,31,90,#E6CE9E
41,31,90,#E6CF9E
42,31,90,#E6D09E
43,31,90,#E6D19E
44,31,90,#E6D39E
45,31,90,#E6D49E
46,31,90,#E6D59E
47,31,90,#E6D69E
48,31,90,#E6D79E
49,31,90,#E6D89E
50,31,90,#E6DA9E
51,31,90,#E6DB9E
52,31,90,#E6DC9E
53,31,90,#E6DD9E
54,31,90,#E6DE9E
55,31,90,#E6E09E
56,31,90,#E6E19E
57,31,90,#E6E29E
58,31,90,#E6E39E
59,31,90,#E6E49E
60,31,90,#E6E69E
61,31,90,#E4E69E
62,31,90,#E3E69E
63,31,90,#E2E69E
64,31,90,#E1E69E
65,31,90,#E0E69E
66,31,90,#DEE69E
67,31,90,#DDE69E
68,31,90,#DCE69E
69,31,90,#DBE69E
70,31,90,#DAE69E
71,31,90,#D8E69E
72,31,90,#D7E69E
73,31,90,#D6E69E
74,31,90,#D5E69E
75,31,90,#D4E69E
76,31,90,#D3E69E
77,31,90,#D1E69E
78,31,90,#D0E69E
79,31,90,#CFE69E
80,31,90,#CEE69E
81,31,90,#CDE69E
82,31,90,#CBE69E
83,31,90,#CAE69E
84,31,90,#C9E69E
85,31,90,#C8E69E
86,31,90,#C7E69E
87,31,90,#C5E69E
88,31,90,#C4E69E
89,31,90,#C3E69E
90,31,90,#C2E69E
91,31,90,#C1E69E
92,31,90,#C0E69E
93,31,90,#BEE69E
94,31,90,#BDE69E
95,31,90,#BCE69E
96,31,90,#BBE69E
97,31,90,#BAE69E
98,31,90,#B8E69E
99,31,90,#B7E69E
100,31,90,#B6E69E
101,31,90,#B5E69E
102,31,90,#B4E69E
103,31,90,#B3E69E
104,31,90,#B1E69E
105,31,90,#B0E69E
106,31,90,#AFE69E
107,31,90,#AEE69E
108,31,90,#ADE69E
109,31,90,#ABE69E
110,31,90,#AAE69E
111,31,90,#A9E69E
112,31,90,#A8E69E
113,31,90,#A7E69E
114,31,90,#A5E69E
115,31,90,#A4E69E
116,31,90,#A3E69E
117,31,90,#A2E69E
118,31,90,#A1E69E
119,31,90,#A0E69E
120,31,90,#9EE69E
121,31,90,#9EE6A0
122,31,90,#9EE6A1
123,31,90,#9EE6A2
124,31,90,#9EE6A3
125,31,90,#9EE6A4
126,31,90,#9EE6A5
127,31,90,#9EE6A7
128,31,90,#9EE6A8
129,31,90,#9EE6A9
130,31,90,#9EE6AA
131,31,90,#9EE6AB
132,31,90,#9EE6AD
133,31,90,#9EE6AE
134,31,90,#9EE6AF
135,31,90,#9EE6B0
136,31,90,#9EE6B1
137,31,90,#9EE6B3
138,31,90,#9EE6B4
139,31,90,#9EE6B5
140,31,90,#9EE6B6
141,31,90,#9EE6B7
142,31,90,#9EE6B8
143,31,90,#9EE6BA
144,31,90,#9EE6BB
145,31,90,#9EE6BC
146,31,90,#9EE6BD
147,31,90,#9EE6BE
148,31,90,#9EE6C0
149,31,90,#9EE6C1
150,31,90,#9EE6C2
151,31,90,#9EE6C3
152,31,90,#9EE6C4
153,31,90,#9EE6C5
154,31,90,#9EE6C7
155,31,90,#9EE6C8
156,31,90,#9EE6C9
157,31,90,#9EE6CA
158,31,90,#9EE6CB
159,31,90,#9EE6CD
160,31,90,#9EE6CE
161,31,90,#9EE6CF
162,31,90,#9EE6D0
163,31,90,#9EE6D1
164,31,90,#9EE6D3
165,31,90,#9EE6D4
166,31,90,#9EE6D5
167,31,90,#9EE6D6
168,31,90,#9EE6D7
169,31,90,#9EE6D8
170,31,90,#9EE6DA
171,31,90,#9EE6DB
172,31,90,#9EE6DC
173,31,90,#9EE6DD
174,31,90,#9EE6DE
175,31,90,#9EE6E0
176,31,90,#9EE6E1
177,31,90,#9EE6E2
178,31,90,#9EE6E3
179,31,90,#9EE6E4
180,31,90,#9EE6E6
181,31,90,#9EE4E6
182,31,90,#9EE3E6
183,31,90,#9EE2E6
184,31,90,#9EE1E6
185,31,90,#9EE0E6
186,31,90,#9EDEE6
187,31,90,#9EDDE6
188,31,90,#9EDCE6
189,31,90,#9EDBE6
190,31,90,#9EDAE6
191,31,90,#9ED8E6
192,31,90,#9ED7E6
193,31,90,#9ED6E6
194,31,90,#9ED5E6
195,31,90,#9ED4E6
196,31,90,#9ED3E6
197,31,90,#9ED1E6
198,31,90,#9ED0E6
199,31,90,#9ECFE6
200,31,90,#9ECEE6
201,31,90,#9ECDE6
202,31,90,#9ECBE6
203,31,90,#9ECAE6
204,31,90,#9EC9E6
205,31,90,#9EC8E6
206,31,90,#9EC7E6
207,31,90,#9EC5E6
208,31,90,#9EC4E6
209,31,90,#9EC3E6
210,31,90,#9EC2E6
211,31,90,#9EC1E6
212,31,90,#9EC0E6
213,31,90,#9EBEE6
214,31,90,#9EBDE6
215,31,90,#9EBCE6
216,31,90,#9EBBE6
217,31,90,#9EBAE6
218,31,90,#9EB8E6
219,31,90,#9EB7E6
220,31,90,#9EB6E6
221,31,90,#9EB5E6
222,31,90,#9EB4E6
223,31,90,#9EB3E6
224,31,90,#9EB1E6
225,31,90,#9EB0E6
226,31,90,#9EAFE6
227,31,90,#9EAEE6
228,31,90,#9EADE6
229,31,90,#9EABE6
230,31,90,#9EAAE6
231,31,90,#9EA9E6
232,31,90,#9EA8E6
233,31,90,#9EA7E6
234,31,90,#9EA5E6
235,31,90,#9EA4E6
236,31,90,#9EA3E6
237,31,90,#9EA2E6
238,31,90,#9EA1E6
239,31,90,#9EA0E6
240,31,90,#9E9EE6
241,31,90,#A09EE6
242,31,90,#A19EE6
243,31,90,#A29EE6
244,31,90,#A39EE6
245,31,90,#A49EE6
246,31,90,#A59EE6
247,31,90,#A79EE6
248,31,90,#A89EE6
249,31,90,#A99EE6
250,31,90,#AA9EE6
251,31,90,#AB9EE6
252,31,90,#AD9EE6
253,31,90,#AE9EE6
254,31,90,#AF9EE6
255,31,90,#B09EE6
256,31,90,#B19EE6
257,31,90,#B39EE6
258,31,90,#B49EE6
259,31,90,#B59EE6
260,31,90,#B69EE6
261,31,90,#B79EE6
262,31,90,#B89EE6
263,31,90,#BA9EE6
264,31,90,#BB9EE6
265,31,90,#BC9EE6
266,31,90,#BD9EE6
267,31,90,#BE9EE6
268,31,90,#C09EE6
269,31,90,#C19EE6
270,31,90,#C29EE6
271,31,90,#C39EE6
272,31,90,#C49EE6
273,31,90,#C59EE6
274,31,90,#C79EE6
275,31,90,#C89EE6
276,31,90,#C99EE6
277,31,90,#CA9EE6
278,31,90,#CB9EE6
279,31,90,#CD9EE6
280,31,90,#CE9EE6
281,31,90,#CF9EE6
282,31,90,#D09EE6
283,31,90,#D19EE6
284,31,90,#D39EE6
285,31,90,#D49EE6
286,31,90,#D59EE6
287,31,90,#D69EE6
288,31,90,#D79EE6
289,31,90,#D89EE6
290,31,90,#DA9EE6
291,31,90,#DB9EE6
292,31,90,#DC9EE6
293,31,90,#DD9EE6
294,31,90,#DE9EE6
295,31,90,#E09EE6
296,31,90,#E19EE6
297,31,90,#E29EE6
298,31,90,#E39EE6
299,31,90,#E49EE6
300,31,90,#E69EE6
301,31,90,#E69EE4
302,31,90,#E69EE3
303,31,90,#E69EE2
304,31,90,#E69EE1
305,31,90,#E69EE0
306,31,90,#E69EDE
307,31,90,#E69EDD
308,31,90,#E69EDC
309,31,90,#E69EDB
310,31,90,#E69EDA
311,31,90,#E69ED8
312,31,90,#E69ED7
313,31,90,#E69ED6
314,31,90,#E69ED5
315,31,90,#E69ED4
316,31,90,#E69ED3
317,31,90,#E69ED1
318,31,90,#E69ED0
319,31,90,#E69ECF
320,31,90,#E69ECE
321,31,90,#E69ECD
322,31,90,#E69ECB
323,31,90,#E69ECA
324,31,90,#E69EC9
325,31,90,#E69EC8
326,31,90,#E69EC7
327,31,90,#E69EC5
328,31,90,#E69EC4
329,31,90,#E69EC3
330,31,90,#E69EC2
331,31,90,#E69EC1
332,31,90,#E69EC0
333,31,90,#E69EBE
334,31,90,#E69EBD
335,31,90,#E69EBC
336,31,90,#E69EBB
337,31,90,#E69EBA
338,31,90,#E69EB8
339,31,90,#E69EB7
340,31,90,#E69EB6
341,31,90,#E69EB5
342,31,90,#E69EB4
343,31,90,#E69EB3
344,31,90,#E69EB1
345,31,90,#E69EB0
346,31,90,#E69EAF
347,31,90,#E69EAE
348,31,90,#E69EAD
349,31,90,#E69EAB
350,31,90,#E69EAA
351,31,90,#E69EA9
352,31,90,#E69EA8
353,31,90,#E69EA7
354,31,90,#E69EA5
355,31,90,#E69EA4
356,31,90,#E69EA3
357,31,90,#E69EA2
358,31,90,#E69EA1
359,31,90,#E69EA0
0,30,90,#E6A1A1
1,30,90,#E6A2A1
2,30,90,#E6A3A1
3,30,90,#E6A4A1
4,30,90,#E6A5A1
5,30,90,#E6A6A1
6,30,90,#E6A8A1
7,30,90,#E6A9A1
8,30,90,#E6AAA1
9,30,90,#E6ABA1
10,30,90,#E6ACA1
11,30,90,#E6ADA1
12,30,90,#E6AEA1
13,30,90,#E6B0A1
14,30,90,#E6B1A1
15,30,90,#E6B2A1
16,30,90,#E6B3A1
17,30,90,#E6B4A1
18,30,90,#E6B5A1
19,30,90,#E6B6A1
20,30,90,#E6B8A1
21,30,90,#E6B9A1
22,30,90,#E6BAA1
23,30,90,#E6BBA1
24,30,90,#E6BCA1
25,30,90,#E6BDA1
26,30,90,#E6BEA1
27,30,90,#E6C0A1
28,30,90,#E6C1A1
29,30,90,#E6C2A1
30,30,90,#E6C3A1
31,30,90,#E6C4A1
32,30,90,#E6C5A1
33,30,90,#E6C7A1
34,30,90,#E6C8A1
35,30,90,#E6C9A1
36,30,90,#E6CAA1
37,30,90,#E6CBA1
38,30,90,#E6CCA1
39,30,90,#E6CDA1
40,30,90,#E6CFA1
41,30,90,#E6D0A1
42,30,90,#E6D1A1
43,30,90,#E6D2A1
44,30,90,#E6D3A1
45,30,90,#E6D4A1
46,30,90,#E6D5A1
47,30,90,#E6D7A1
48,30,90,#E6D8A1
49,30,90,#E6D9A1
50,30,90,#E6DAA1
51,30,90,#E6DBA1
52,30,90,#E6DCA1
53,30,90,#E6DDA1
54,30,90,#E6DFA1
55,30,90,#E6E0A1
56,30,90,#E6E1A1
57,30,90,#E6E2A1
58,30,90,#E6E3A1
59,30,90,#E6E4A1
60,30,90,#E6E6A1
61,30,90,#E4E6A1
62,30,90,#E3E6A1
63,30,90,#E2E6A1
64,30,90,#E1E6A1
65,30,90,#E0E6A1
66,30,90,#DFE6A1
67,30,90,#DDE6A1
68,30,90,#DCE6A1
69,30,90,#DBE6A1
70,30,90,#DAE6A1
71,30,90,#D9E6A1
72,30,90,#D8E6A1
73,30,90,#D7E6A1
74,30,90,#D5E6A1
75,30,90,#D4E6A1
76,30,90,#D3E6A1
77,30,90,#D2E6A1
78,30,90,#D1E6A1
79,30,90,#D0E6A1
80,30,90,#CFE6A1
81,30,90,#CDE6A1
82,30,90,#CCE6A1
83,30,90,#CBE6A1
84,30,90,#CAE6A1
85,30,90,#C9E6A1
86,30,90,#C8E6A1
87,30,90,#C7E6A1
88,30,90,#C5E6A1
89,30,90,#C4E6A1
90,30,90,#C3E6A1
91,30,90,#C2E6A1
92,30,90,#C1E6A1
93,30,90,#C0E6A1
94,30,90,#BEE6A1
95,30,90,#BDE6A1
96,30,90,#BCE6A1
97,30,90,#BBE6A1
98,30,90,#BAE6A1
99,30,90,#B9E6A1
100,30,90,#B8E6A1
101,30,90,#B6E6A1
102,30,90,#B5E6A1
103,30,90,#B4E6A1
104,30,90,#B3E6A1
105,30,90,#B2E6A1
106,30,90,#B1E6A1
107,30,90,#B0E6A1
108,30,90,#AEE6A1
109,30,90,#ADE6A1
110,30,90,#ACE6A1
111,30,90,#ABE6A1
112,30,90,#AAE6A1
113,30,90,#A9E6A1
114,30,90,#A8E6A1
115,30,90,#A6E6A1
116,30,90,#A5E6A1
117,30,90,#A4E6A1
118,30,90,#A3E6A1
119,30,90,#A2E6A1
120,30,90,#A1E6A1
121,30,90,#A1E6A2
122,30,90,#A1E6A3
123,30,90,#A1E6A4
124,30,90,#A1E6A5
125,30,90,#A1E6A6
126,30,90,#A1E6A8
127,30,90,#A1E6A9
128,30,90,#A1E6AA
129,30,90,#A1E6AB
130,30,90,#A1E6AC
131,30,90,#A1E6AD
132,30,90,#A1E6AE
133,30,90,#A1E6B0
134,30,90,#A1E6B1
135,30,90,#A1E6B2
136,30,90,#A1E6B3
137,30,90,#A1E6B4
138,30,90,#A1E6B5
139,30,90,#A1E6B6
140,30,90,#A1E6B8
141,30,90,#A1E6B9
142,30,90,#A1E6BA
143,30,90,#A1E6BB
144,30,90,#A1E6BC
145,30,90,#A1E6BD
146,30,90,#A1E6BE
147,30,90,#A1E6C0
148,30,90,#A1E6C1
149,30,90,#A1E6C2
150,30,90,#A1E6C3
151,30,90,#A1E6C4
152,30,90,#A1E6C5
153,30,90,#A1E6C7
154,30,90,#A1E6C8
155,30,90,#A1E6C9
156,30,90,#A1E6CA
157,30,90,#A1E6CB
158,30,90,#A1E6CC
159,30,90,#A1E6CD
160,30,90,#A1E6CF
161,30,90,#A1E6D0
162,30,90,#A1E6D1
163,30,90,#A1E6D2
164,30,90,#A1E6D3
165,30,90,#A1E6D4
166,30,90,#A1E6D5
167,30,90,#A1E6D7
168,30,90,#A1E6D8
169,30,90,#A1E6D9
170,30,90,#A1E6DA
171,30,90,#A1E6DB
172,30,90,#A1E6DC
173,30,90,#A1E6DD
174,30,90,#A1E6DF
175,30,90,#A1E6E0
176,30,90,#A1E6E1
177,30,90,#A1E6E2
178,30,90,#A1E6E3
179,30,90,#A1E6E4
180,30,90,#A1E6E6
181,30,90,#A1E4E6
182,30,90,#A1E3E6
183,30,90,#A1E2E6
184,30,90,#A1E1E6
185,30,90,#A1E0E6
186,30,90,#A1DFE6
187,30,90,#A1DDE6
188,30,90,#A1DCE6
189,30,90,#A1DBE6
190,30,90,#A1DAE6
191,30,90,#A1D9E6
192,30,90,#A1D8E6
193,30,90,#A1D7E6
194,30,90,#A1D5E6
195,30,90,#A1D4E6
196,30,90,#A1D3E6
197,30,90,#A1D2E6
198,30,90,#A1D1E6
199,30,90,#A1D0E6
200,30,90,#A1CFE6
201,30,90,#A1CDE6
202,30,90,#A1CCE6
203,30,90,#A1CBE6
204,30,90,#A1CAE6
205,30,90,#A1C9E6
206,30,90,#A1C8E6
207,30,90,#A1C7E6
208,30,90,#A1C5E6
209,30,90,#A1C4E6
210,30,90,#A1C3E6
211,30,90,#A1C2E6
212,30,90,#A1C1E6
213,30,90,#A1C0E6
214,30,90,#A1BEE6
215,30,90,#A1BDE6
216,30,90,#A1BCE6
217,30,90,#A1BBE6
218,30,90,#A1BAE6
219,30,90,#A1B9E6
220,30,90,#A1B8E6
221,30,90,#A1B6E6
222,30,90,#A1B5E6
223,30,90,#A1B4E6
224,30,90,#A1B3E6
225,30,90,#A1B2E6
226,30,90,#A1B1E6
227,30,90,#A1B0E6
228,30,90,#A1AEE6
229,30,90,#A1ADE6
230,30,90,#A1ACE6
231,30,90,#A1ABE6
232,30,90,#A1AAE6
233,30,90,#A1A9E6
234,30,90,#A1A8E6
235,30,90,#A1A6E6
236,30,90,#A1A5E6
237,30,90,#A1A4E6
238,30,90,#A1A3E6
239,30,90,#A1A2E6
240,30,90,#A1A1E6
241,30,90,#A2A1E6
242,30,90,#A3A1E6
243,30,90,#A4A1E6
244,30,90,#A5A1E6
245,30,90,#A6A1E6
246,30,90,#A8A1E6
247,30,90,#A9A1E6
248,30,90,#AAA1E6
249,30,90,#ABA1E6
250,30,90,#ACA1E6
251,30,90,#ADA1E6
252,30,90,#AEA1E6
253,30,90,#B0A1E6
254,30,90,#B1A1E6
255,30,90,#B2A1E6
256,30,90,#B3A1E6
257,30,90,#B4A1E6
258,30,90,#B5A1E6
259,30,90,#B6A1E6
260,30,90,#B8A1E6
261,30,90,#B9A1E6
262,30,90,#BAA1E6
263,30,90,#BBA1E6
264,30,90,#BCA1E6
265,30,90,#BDA1E6
266,30,90,#BEA1E6
267,30,90,#C0A1E6
268,30,90,#C1A1E6
269,30,90,#C2A1E6
270,30,90,#C3A1E6
271,30,90,#C4A1E6
272,30,90,#C5A1E6
273,30,90,#C7A1E6
274,30,90,#C8A1E6
275,30,90,#C9A1E6
276,30,90,#CAA1E6
277,30,90,#CBA1E6
278,30,90,#CCA1E6
279,30,90,#CDA1E6
280,30,90,#CFA1E6
281,30,90,#D0A1E6
282,30,90,#D1A1E6
283,30,90,#D2A1E6
284,30,90,#D3A1E6
285,30,90,#D4A1E6
286,30,90,#D5A1E6
287,30,90,#D7A1E6
288,30,90,#D8A1E6
289,30,90,#D9A1E6
290,30,90,#DAA1E6
291,30,90,#DBA1E6
292,30,90,#DCA1E6
293,30,90,#DDA1E6
294,30,90,#DFA1E6
295,30,90,#E0A1E6
296,30,90,#E1A1E6
297,30,90,#E2A1E6
298,30,90,#E3A1E6
299,30,90,#E4A1E6
300,30,90,#E6A1E6
301,30,90,#E6A1E4
302,30,90,#E6A1E3
303,30,90,#E6A1E2
304,30,90,#E6A1E1
305,30,90,#E6A1E0
306,30,90,#E6A1DF
307,30,90,#E6A1DD
308,30,90,#E6A1DC
309,30,90,#E6A1DB
310,30,90,#E6A1DA
311,30,90,#E6A1D9
312,30,90,#E6A1D8
313,30,90,#E6A1D7
314,30,90,#E6A1D5
315,30,90,#E6A1D4
316,30,90,#E6A1D3
317,30,90,#E6A1D2
318,30,90,#E6A1D1
319,30,90,#E6A1D0
320,30,90,#E6A1CF
321,30,90,#E6A1CD
322,30,90,#E6A1CC
323,30,90,#E6A1CB
324,30,90,#E6A1CA
325,30,90,#E6A1C9
326,30,90,#E6A1C8
327,30,90,#E6A1C7
328,30,90,#E6A1C5
329,30,90,#E6A1C4
330,30,90,#E6A1C3
331,30,90,#E6A1C2
332,30,90,#E6A1C1
333,30,90,#E6A1C0
334,30,90,#E6A1BE
335,30,90,#E6A1BD
336,30,90,#E6A1BC
337,30,90,#E6A1BB
338,30,90,#E6A1BA
339,30,90,#E6A1B9
340,30,90,#E6A1B8
341,30,90,#E6A1B6
342,30,90,#E6A1B5
343,30,90,#E6A1B4
344,30,90,#E6A1B3
345,30,90,#E6A1B2
346,30,90,#E6A1B1
347,30,90,#E6A1B0
348,30,90,#E6A1AE
349,30,90,#E6A1AD
350,30,90,#E6A1AC
351,30,90,#E6A1AB
352,30,90,#E6A1AA
353,30,90,#E6A1A9
354,30,90,#E6A1A8
355,30,90,#E6A1A6
356,30,90,#E6A1A5
357,30,90,#E6A1A4
358,30,90,#E6A1A3
359,30,90,#E6A1A2
0,29,90,#E6A3A3
1,29,90,#E6A4A3
2,29,90,#E6A5A3
3,29,90,#E6A6A3
4,29,90,#E6A7A3
5,29,90,#E6A8A3
6,29,90,#E6AAA3
7,29,90,#E6ABA3
8,29,90,#E6ACA3
9,29,90,#E6ADA3
10,29,90,#E6AEA3
11,29,90,#E6AFA3
12,29,90,#E6B0A3
13,29,90,#E6B1A3
14,29,90,#E6B2A3
15,29,90,#E6B4A3
16,29,90,#E6B5A3
17,29,90,#E6B6A3
18,29,90,#E6B7A3
19,29,90,#E6B8A3
20,29,90,#E6B9A3
21,29,90,#E6BAA3
22,29,90,#E6BBA3
23,29,90,#E6BCA3
24,29,90,#E6BEA3
25,29,90,#E6BFA3
26,29,90,#E6C0A3
27,29,90,#E6C1A3
28,29,90,#E6C2A3
29,29,90,#E6C3A3
30,29,90,#E6C4A3
31,29,90,#E6C5A3
32,29,90,#E6C6A3
33,29,90,#E6C8A3
34,29,90,#E6C9A3
35,29,90,#E6CAA3
36,29,90,#E6CBA3
37,29,90,#E6CCA3
38,29,90,#E6CDA3
39,29,90,#E6CEA3
40,29,90,#E6CFA3
41,29,90,#E6D0A3
42,29,90,#E6D2A3
43,29,90,#E6D3A3
44,29,90,#E6D4A3
45,29,90,#E6D5A3
46,29,90,#E6D6A3
47,29,90,#E6D7A3
48,29,90,#E6D8A3
49,29,90,#E6D9A3
50,29,90,#E6DAA3
51,29,90,#E6DCA3
52,29,90,#E6DDA3
53,29,90,#E6DEA3
54,29,90,#E6DFA3
55,29,90,#E6E0A3
56,29,90,#E6E1A3
57,29,90,#E6E2A3
58,29,90,#E6E3A3
59,29,90,#E6E4A3
60,29,90,#E6E6A3
61,29,90,#E4E6A3
62,29,90,#E3E6A3
63,29,90,#E2E6A3
64,29,90,#E1E6A3
65,29,90,#E0E6A3
66,29,90,#DFE6A3
67,29,90,#DEE6A3
68,29,90,#DDE6A3
69,29,90,#DCE6A3
70,29,90,#DAE6A3
71,29,90,#D9E6A3
72,29,90,#D8E6A3
73,29,90,#D7E6A3
74,29,90,#D6E6A3
75,29,90,#D5E6A3
76,29,90,#D4E6A3
77,29,90,#D3E6A3
78,29,90,#D2E6A3
79,29,90,#D0E6A3
80,29,90,#CFE6A3
81,29,90,#CEE6A3
82,29,90,#CDE6A3
83,29,90,#CCE6A3
84,29,90,#CBE6A3
85,29,90,#CAE6A3
86,29,90,#C9E6A3
87,29,90,#C8E6A3
88,29,90,#C6E6A3
89,29,90,#C5E6A3
90,29,90,#C4E6A3
91,29,90,#C3E6A3
92,29,90,#C2E6A3
93,29,90,#C1E6A3
94,29,90,#C0E6A3
95,29,90,#BFE6A3
96,29,90,#BEE6A3
97,29,90,#BCE6A3
98,29,90,#BBE6A3
99,29,90,#BAE6A3
100,29,90,#B9E6A3
101,29,90,#B8E6A3
102,29,90,#B7E6A3
103,29,90,#B6E6A3
104,29,90,#B5E6A3
105,29,90,#B4E6A3
106,29,90,#B2E6A3
107,29,90,#B1E6A3
108,29,90,#B0E6A3
109,29,90,#AFE6A3
110,29,90,#AEE6A3
111,29,90,#ADE6A3
112,29,90,#ACE6A3
113,29,90,#ABE6A3
114,29,90,#AAE6A3
115,29,90,#A8E6A3
116,29,90,#A7E6A3
117,29,90,#A6E6A3
118,29,90,#A5E6A3
119,29,90,#A4E6A3
120,29,90,#A3E6A3
121,29,90,#A3E6A4
122,29,90,#A3E6A5
123,29,90,#A3E6A6
124,29,90,#A3E6A7
125,29,90,#A3E6A8
126,29,90,#A3E6AA
127,29,90,#A3E6AB
128,29,90,#A3E6AC
129,29,90,#A3E6AD
130,29,90,#A3E6AE
131,29,90,#A3E6AF
132,29,90,#A3E6B0
133,29,90,#A3E6B1
134,29,90,#A3E6B2
135,29,90,#A3E6B4
136,29,90,#A3E6B5
137,29,90,#A3E6B6
138,29,90,#A3E6B7
139,29,90,#A3E6B8
140,29,90,#A3E6B9
141,29,90,#A3E6BA
142,29,90,#A3E6BB
143,29,90,#A3E6BC
144,29,90,#A3E6BE
145,29,90,#A3E6BF
146,29,90,#A3E6C0
147,29,90,#A3E6C1
148,29,90,#A3E6C2
149,29,90,#A3E6C3
150,29,90,#A3E6C4
151,29,90,#A3E6C5
152,29,90,#A3E6C6
153,29,90,#A3E6C8
154,29,90,#A3E6C9
155,29,90,#A3E6CA
156,29,90,#A3E6CB
157,29,90,#A3E6CC
158,29,90,#A3E6CD
159,29,90,#A3E6CE
160,29,90,#A3E6CF
161,29,90,#A3E6D0
162,29,90,#A3E6D2
163,29,90,#A3E6D3
164,29,90,#A3E6D4
165,29,90,#A3E6D5
166,29,90,#A3E6D6
167,29,90,#A3E6D7
168,29,90,#A3E6D8
169,29,90,#A3E6D9
170,29,90,#A3E6DA
171,29,90,#A3E6DC
172,29,90,#A3E6DD
173,29,90,#A3E6DE
174,29,90,#A3E6DF
175,29,90,#A3E6E0
176,29,90,#A3E6E1
177,29,90,#A3E6E2
178,29,90,#A3E6E3
179,29,90,#A3E6E4
180,29,90,#A3E6E6
181,29,90,#A3E4E6
182,29,90,#A3E3E6
183,29,90,#A3E2E6
184,29,90,#A3E1E6
185,29,90,#A3E0E6
186,29,90,#A3DFE6
187,29,90,#A3DEE6
188,29,90,#A3DDE6
189,29,90,#A3DCE6
190,29,90,#A3DAE6
191,29,90,#A3D9E6
192,29,90,#A3D8E6
193,29,90,#A3D7E6
194,29,90,#A3D6E6
195,29,90,#A3D5E6
196,29,90,#A3D4E6
197,29,90,#A3D3E6
198,29,90,#A3D2E6
199,29,90,#A3D0E6
200,29,90,#A3CFE6
201,29,90,#A3CEE6
202,29,90,#A3CDE6
203,29,90,#A3CCE6
204,29,90,#A3CBE6
205,29,90,#A3CAE6
206,29,90,#A3C9E6
207,29,90,#A3C8E6
208,29,90,#A3C6E6
209,29,90,#A3C5E6
210,29,90,#A3C4E6
211,29,90,#A3C3E6
212,29,90,#A3C2E6
213,29,90,#A3C1E6
214,29,90,#A3C0E6
215,29,90,#A3BFE6
216,29,90,#A3BEE6
217,29,90,#A3BCE6
218,29,90,#A3BBE6
219,29,90,#A3BAE6
220,29,90,#A3B9E6
221,29,90,#A3B8E6
222,29,90,#A3B7E6
223,29,90,#A3B6E6
224,29,90,#A3B5E6
225,29,90,#A3B4E6
226,29,90,#A3B2E6
227,29,90,#A3B1E6
228,29,90,#A3B0E6
229,29,90,#A3AFE6
230,29,90,#A3AEE6
231,29,90,#A3ADE6
232,29,90,#A3ACE6
233,29,90,#A3ABE6
234,29,90,#A3AAE6
235,29,90,#A3A8E6
236,29,90,#A3A7E6
237,29,90,#A3A6E6
238,29,90,#A3A5E6
239,29,90,#A3A4E6
240,29,90,#A3A3E6
241,29,90,#A4A3E6
242,29,90,#A5A3E6
243,29,90,#A6A3E6
244,29,90,#A7A3E6
245,29,90,#A8A3E6
246,29,90,#AAA3E6
247,29,90,#ABA3E6
248,29,90,#ACA3E6
249,29,90,#ADA3E6
250,29,90,#AEA3E6
251,29,90,#AFA3E6
252,29,90,#B0A3E6
253,29,90,#B1A3E6
254,29,90,#B2A3E6
255,29,90,#B4A3E6
256,29,90,#B5A3E6
257,29,90,#B6A3E6
258,29,90,#B7A3E6
259,29,90,#B8A3E6
260,29,90,#B9A3E6
261,29,90,#BAA3E6
262,29,90,#BBA3E6
263,29,90,#BCA3E6
264,29,90,#BEA3E6
265,29,90,#BFA3E6
266,29,90,#C0A3E6
267,29,90,#C1A3E6
268,29,90,#C2A3E6
269,29,90,#C3A3E6
270,29,90,#C4A3E6
271,29,90,#C5A3E6
272,29,90,#C6A3E6
273,29,90,#C8A3E6
274,29,90,#C9A3E6
275,29,90,#CAA3E6
276,29,90,#CBA3E6
277,29,90,#CCA3E6
278,29,90,#CDA3E6
279,29,90,#CEA3E6
280,29,90,#CFA3E6
281,29,90,#D0A3E6
282,29,90,#D2A3E6
283,29,90,#D3A3E6
284,29,90,#D4A3E6
285,29,90,#D5A3E6
286,29,90,#D6A3E6
287,29,90,#D7A3E6
288,29,90,#D8A3E6
289,29,90,#D9A3E6
290,29,90,#DAA3E6
291,29,90,#DCA3E6
292,29,90,#DDA3E6
293,29,90,#DEA3E6
294,29,90,#DFA3E6
295,29,90,#E0A3E6
296,29,90,#E1A3E6
297,29,90,#E2A3E6
298,29,90,#E3A3E6
299,29,90,#E4A3E6
300,29,90,#E6A3E6
301,29,90,#E6A3E4
302,29,90,#E6A3E3
303,29,90,#E6A3E2
304,29,90,#E6A3E1
305,29,90,#E6A3E0
306,29,90,#E6A3DF
307,29,90,#E6A3DE
308,29,90,#E6A3DD
309,29,90,#E6A3DC
310,29,90,#E6A3DA
311,29,90,#E6A3D9
312,29,90,#E6A3D8
313,29,90,#E6A3D7
314,29,90,#E6A3D6
315,29,90,#E6A3D5
316,29,90,#E6A3D4
317,29,90,#E6A3D3
318,29,90,#E6A3D2
319,29,90,#E6A3D0
320,29,90,#E6A3CF
321,29,90,#E6A3CE
322,29,90,#E6A3CD
323,29,90,#E6A3CC
324,29,90,#E6A3CB
325,29,90,#E6A3CA
326,29,90,#E6A3C9
327,29,90,#E6A3C8
328,29,90,#E6A3C6
329,29,90,#E6A3C5
330,29,90,#E6A3C4
331,29,90,#E6A3C3
332,29,90,#E6A3C2
333,29,90,#E6A3C1
334,29,90,#E6A3C0
335,29,90,#E6A3BF
336,29,90,#E6A3BE
337,29,90,#E6A3BC
338,29,90,#E6A3BB
339,29,90,#E6A3BA
340,29,90,#E6A3B9
341,29,90,#E6A3B8
342,29,90,#E6A3B7
343,29,90,#E6A3B6
344,29,90,#E6A3B5
345,29,90,#E6A3B4
346,29,90,#E6A3B2
347,29,90,#E6A3B1
348,29,90,#E6A3B0
349,29,90,#E6A3AF
350,29,90,#E6A3AE
351,29,90,#E6A3AD
352,29,90,#E6A3AC
353,29,90,#E6A3AB
354,29,90,#E6A3AA
355,29,90,#E6A3A8
356,29,90,#E6A3A7
357,29,90,#E6A3A6
358,29,90,#E6A3A5
359,29,90,#E6A3A4
0,28,90,#E6A5A5
1,28,90,#E6A6A5
2,28,90,#E6A7A5
3,28,90,#E6A8A5
4,28,90,#E6AAA5
5,28,90,#E6ABA5
6,28,90,#E6ACA5
7,28,90,#E6ADA5
8,28,90,#E6AEA5
9,28,90,#E6AFA5
10,28,90,#E6B0A5
11,28,90,#E6B1A5
12,28,90,#E6B2A5
13,28,90,#E6B3A5
14,28,90,#E6B4A5
15,28,90,#E6B5A5
16,28,90,#E6B6A5
17,28,90,#E6B7A5
18,28,90,#E6B9A5
19,28,90,#E6BAA5
20,28,90,#E6BBA5
21,28,90,#E6BCA5
22,28,90,#E6BDA5
23,28,90,#E6BEA5
24,28,90,#E6BFA5
25,28,90,#E6C0A5
26,28,90,#E6C1A5
27,28,90,#E6C2A5
28,28,90,#E6C3A5
29,28,90,#E6C4A5
30,28,90,#E6C5A5
31,28,90,#E6C6A5
32,28,90,#E6C8A5
33,28,90,#E6C9A5
34,28,90,#E6CAA5
35,28,90,#E6CBA5
36,28,90,#E6CCA5
37,28,90,#E6CDA5
38,28,90,#E6CEA5
39,28,90,#E6CFA5
40,28,90,#E6D0A5
41,28,90,#E6D1A5
42,28,90,#E6D2A5
43,28,90,#E6D3A5
44,28,90,#E6D4A5
45,28,90,#E6D5A5
46,28,90,#E6D7A5
47,28,90,#E6D8A5
48,28,90,#E6D9A5
49,28,90,#E6DAA5
50,28,90,#E6DBA5
51,28,90,#E6DCA5
52,28,90,#E6DDA5
53,28,90,#E6DEA5
54,28,90,#E6DFA5
55,28,90,#E6E0A5
56,28,90,#E6E1A5
57,28,90,#E6E2A5
58,28,90,#E6E3A5
59,28,90,#E6E4A5
60,28,90,#E6E6A5
61,28,90,#E4E6A5
62,28,90,#E3E6A5
63,28,90,#E2E6A5
64,28,90,#E1E6A5
65,28,90,#E0E6A5
66,28,90,#DFE6A5
67,28,90,#DEE6A5
68,28,90,#DDE6A5
69,28,90,#DCE6A5
70,28,90,#DBE6A5
71,28,90,#DAE6A5
72,28,90,#D9E6A5
73,28,90,#D8E6A5
74,28,90,#D7E6A5
75,28,90,#D5E6A5
76,28,90,#D4E6A5
77,28,90,#D3E6A5
78,28,90,#D2E6A5
79,28,90,#D1E6A5
80,28,90,#D0E6A5
81,28,90,#CFE6A5
82,28,90,#CEE6A5
83,28,90,#CDE6A5
84,28,90,#CCE6A5
85,28,90,#CBE6A5
86,28,90,#CAE6A5
87,28,90,#C9E6A5
88,28,90,#C8E6A5
89,28,90,#C6E6A5
90,28,90,#C5E6A5
91,28,90,#C4E6A5
92,28,90,#C3E6A5
93,28,90,#C2E6A5
94,28,90,#C1E6A5
95,28,90,#C0E6A5
96,28,90,#BFE6A5
97,28,90,#BEE6A5
98,28,90,#BDE6A5
99,28,90,#BCE6A5
100,28,90,#BBE6A5
101,28,90,#BAE6A5
102,28,90,#B9E6A5
103,28,90,#B7E6A5
104,28,90,#B6E6A5
105,28,90,#B5E6A5
106,28,90,#B4E6A5
107,28,90,#B3E6A5
108,28,90,#B2E6A5
109,28,90,#B1E6A5
110,28,90,#B0E6A5
111,28,90,#AFE6A5
112,28,90,#AEE6A5
113,28,90,#ADE6A5
114,28,90,#ACE6A5
115,28,90,#ABE6A5
116,28,90,#AAE6A5
117,28,90,#A8E6A5
118,28,90,#A7E6A5
119,28,90,#A6E6A5
120,28,90,#A5E6A5
121,28,90,#A5E6A6
122,28,90,#A5E6A7
123,28,90,#A5E6A8
124,28,90,#A5E6AA
125,28,90,#A5E6AB
126,28,90,#A5E6AC
127,28,90,#A5E6AD
128,28,90,#A5E6AE
129,28,90,#A5E6AF
130,28,90,#A5E6B0
131,28,90,#A5E6B1
132,28,90,#A5E6B2
133,28,90,#A5E6B3
134,28,90,#A5E6B4
135,28,90,#A5E6B5
136,28,90,#A5E6B6
137,28,90,#A5E6B7
138,28,90,#A5E6B9
139,28,90,#A5E6BA
140,28,90,#A5E6BB
141,28,90,#A5E6BC
142,28,90,#A5E6BD
143,28,90,#A5E6BE
144,28,90,#A5E6BF
145,28,90,#A5E6C0
146,28,90,#A5E6C1
147,28,90,#A5E6C2
148,28,90,#A5E6C3
149,28,90,#A5E6C4
150,28,90,#A5E6C5
151,28,90,#A5E6C6
152,28,90,#A5E6C8
153,28,90,#A5E6C9
154,28,90,#A5E6CA
155,28,90,#A5E6CB
156,28,90,#A5E6CC
157,28,90,#A5E6CD
158,28,90,#A5E6CE
159,28,90,#A5E6CF
160,28,90,#A5E6D0
161,28,90,#A5E6D1
162,28,90,#A5E6D2
163,28,90,#A5E6D3
164,28,90,#A5E6D4
165,28,90,#A5E6D5
166,28,90,#A5E6D7
167,28,90,#A5E6D8
168,28,90,#A5E6D9
169,28,90,#A5E6DA
170,28,90,#A5E6DB
171,28,90,#A5E6DC
172,28,90,#A5E6DD
173,28,90,#A5E6DE
174,28,90,#A5E6DF
175,28,90,#A5E6E0
176,28,90,#A5E6E1
177,28,90,#A5E6E2
178,28,90,#A5E6E3
179,28,90,#A5E6E4
180,28,90,#A5E6E6
181,28,90,#A5E4E6
182,28,90,#A5E3E6
183,28,90,#A5E2E6
184,28,90,#A5E1E6
185,28,90,#A5E0E6
186,28,90,#A5DFE6
187,28,90,#A5DEE6
188,28,90,#A5DDE6
189,28,90,#A5DCE6
190,28,90,#A5DBE6
191,28,90,#A5DAE6
192,28,90,#A5D9E6
193,28,90,#A5D8E6
194,28,90,#A5D7E6
195,28,90,#A5D5E6
196,28,90,#A5D4E6
197,28,90,#A5D3E6
198,28,90,#A5D2E6
199,28,90,#A5D1E6
200,28,90,#A5D0E6
201,28,90,#A5CFE6
202,28,90,#A5CEE6
203,28,90,#A5CDE6
204,28,90,#A5CCE6
205,28,90,#A5CBE6
206,28,90,#A5CAE6
207,28,90,#A5C9E6
208,28,90,#A5C8E6
209,28,90,#A5C6E6
210,28,90,#A5C5E6
211,28,90,#A5C4E6
212,28,90,#A5C3E6
213,28,90,#A5C2E6
214,28,90,#A5C1E6
215,28,90,#A5C0E6
216,28,90,#A5BFE6
217,28,90,#A5BEE6
218,28,90,#A5BDE6
219,28,90,#A5BCE6
220,28,90,#A5BBE6
221,28,90,#A5BAE6
222,28,90,#A5B9E6
223,28,90,#A5B7E6
224,28,90,#A5B6E6
225,28,90,#A5B5E6
226,28,90,#A5B4E6
227,28,90,#A5B3E6
228,28,90,#A5B2E6
229,28,90,#A5B1E6
230,28,90,#A5B0E6
231,28,90,#A5AFE6
232,28,90,#A5AEE6
233,28,90,#A5ADE6
234,28,90,#A5ACE6
235,28,90,#A5ABE6
236,28,90,#A5AAE6
237,28,90,#A5A8E6
238,28,90,#A5A7E6
239,28,90,#A5A6E6
240,28,90,#A5A5E6
241,28,90,#A6A5E6
242,28,90,#A7A5E6
243,28,90,#A8A5E6
244,28,90,#AAA5E6
245,28,90,#ABA5E6
246,28,90,#ACA5E6
247,28,90,#ADA5E6
248,28,90,#AEA5E6
249,28,90,#AFA5E6
250,28,90,#B0A5E6
251,28,90,#B1A5E6
252,28,90,#B2A5E6
253,28,90,#B3A5E6
254,28,90,#B4A5E6
255,28,90,#B5A5E6
256,28,90,#B6A5E6
257,28,90,#B7A5E6
258,28,90,#B9A5E6
259,28,90,#BAA5E6
260,28,90,#BBA5E6
261,28,90,#BCA5E6
262,28,90,#BDA5E6
263,28,90,#BEA5E6
264,28,90,#BFA5E6
265,28,90,#C0A5E6
266,28,90,#C1A5E6
267,28,90,#C2A5E6
268,28,90,#C3A5E6
269,28,90,#C4A5E6
270,28,90,#C5A5E6
271,28,90,#C6A5E6
272,28,90,#C8A5E6
273,28,90,#C9A5E6
274,28,90,#CAA5E6
275,28,90,#CBA5E6
276,28,90,#CCA5E6
277,28,90,#CDA5E6
278,28,90,#CEA5E6
279,28,90,#CFA5E6
280,28,90,#D0A5E6
281,28,90,#D1A5E6
282,28,90,#D2A5E6
283,28,90,#D3A5E6
284,28,90,#D4A5E6
285,28,90,#D5A5E6
286,28,90,#D7A5E6
287,28,90,#D8A5E6
288,28,90,#D9A5E6
289,28,90,#DAA5E6
290,28,90,#DBA5E6
291,28,90,#DCA5E6
292,28,90,#DDA5E6
293,28,90,#DEA5E6
294,28,90,#DFA5E6
295,28,90,#E0A5E6
296,28,90,#E1A5E6
297,28,90,#E2A5E6
298,28,90,#E3A5E6
299,28,90,#E4A5E6
300,28,90,#E6A5E6
301,28,90,#E6A5E4
302,28,90,#E6A5E3
303,28,90,#E6A5E2
304,28,90,#E6A5E1
305,28,90,#E6A5E0
306,28,90,#E6A5DF
307,28,90,#E6A5DE
308,28,90,#E6A5DD
309,28,90,#E6A5DC
310,28,90,#E6A5DB
311,28,90,#E6A5DA
312,28,90,#E6A5D9
313,28,90,#E6A5D8
314,28,90,#E6A5D7
315,28,90,#E6A5D5
316,28,90,#E6A5D4
317,28,90,#E6A5D3
318,28,90,#E6A5D2
319,28,90,#E6A5D1
320,28,90,#E6A5D0
321,28,90,#E6A5CF
322,28,90,#E6A5CE
323,28,90,#E6A5CD
324,28,90,#E6A5CC
325,28,90,#E6A5CB
326,28,90,#E6A5CA
327,28,90,#E6A5C9
328,28,90,#E6A5C8
329,28,90,#E6A5C6
330,28,90,#E6A5C5
331,28,90,#E6A5C4
332,28,90,#E6A5C3
333,28,90,#E6A5C2
334,28,90,#E6A5C1
335,28,90,#E6A5C0
336,28,90,#E6A5BF
337,28,90,#E6A5BE
338,28,90,#E6A5BD
339,28,90,#E6A5BC
340,28,90,#E6A5BB
341,28,90,#E6A5BA
342,28,90,#E6A5B9
343,28,90,#E6A5B7
344,28,90,#E6A5B6
345,28,90,#E6A5B5
346,28,90,#E6A5B4
347,28,90,#E6A5B3
348,28,90,#E6A5B2
349,28,90,#E6A5B1
350,28,90,#E6A5B0
351,28,90,#E6A5AF
352,28,90,#E6A5AE
353,28,90,#E6A5AD
354,28,90,#E6A5AC
355,28,90,#E6A5AB
356,28,90,#E6A5AA
357,28,90,#E6A5A8
358,28,90,#E6A5A7
359,28,90,#E6A5A6
0,27,90,#E6A8A8
1,27,90,#E6A9A8
2,27,90,#E6AAA8
3,27,90,#E6ABA8
4,27,90,#E6ACA8
5,27,90,#E6ADA8
6,27,90,#E6AEA8
7,27,90,#E6AFA8
8,27,90,#E6B0A8
9,27,90,#E6B1A8
10,27,90,#E6B2A8
11,27,90,#E6B3A8
12,27,90,#E6B4A8
13,27,90,#E6B5A8
14,27,90,#E6B6A8
15,27,90,#E6B7A8
16,27,90,#E6B8A8
17,27,90,#E6B9A8
18,27,90,#E6BAA8
19,27,90,#E6BBA8
20,27,90,#E6BCA8
21,27,90,#E6BDA8
22,27,90,#E6BEA8
23,27,90,#E6BFA8
24,27,90,#E6C0A8
25,27,90,#E6C1A8
26,27,90,#E6C2A8
27,27,90,#E6C3A8
28,27,90,#E6C4A8
29,27,90,#E6C5A8
30,27,90,#E6C7A8
31,27,90,#E6C8A8
32,27,90,#E6C9A8
33,27,90,#E6CAA8
34,27,90,#E6CBA8
35,27,90,#E6CCA8
36,27,90,#E6CDA8
37,27,90,#E6CEA8
38,27,90,#E6CFA8
39,27,90,#E6D0A8
40,27,90,#E6D1A8
41,27,90,#E6D2A8
42,27,90,#E6D3A8
43,27,90,#E6D4A8
44,27,90,#E6D5A8
45,27,90,#E6D6A8
46,27,90,#E6D7A8
47,27,90,#E6D8A8
48,27,90,#E6D9A8
49,27,90,#E6DAA8
50,27,90,#E6DBA8
51,27,90,#E6DCA8
52,27,90,#E6DDA8
53,27,90,#E6DEA8
54,27,90,#E6DFA8
55,27,90,#E6E0A8
56,27,90,#E6E1A8
57,27,90,#E6E2A8
58,27,90,#E6E3A8
59,27,90,#E6E4A8
60,27,90,#E6E6A8
61,27,90,#E4E6A8
62,27,90,#E3E6A8
63,27,90,#E2E6A8
64,27,90,#E1E6A8
65,27,90,#E0E6A8
66,27,90,#DFE6A8
67,27,90,#DEE6A8
68,27,90,#DDE6A8
69,27,90,#DCE6A8
70,27,90,#DBE6A8
71,27,90,#DAE6A8
72,27,90,#D9E6A8
73,27,90,#D8E6A8
74,27,90,#D7E6A8
75,27,90,#D6E6A8
76,27,90,#D5E6A8
77,27,90,#D4E6A8
78,27,90,#D3E6A8
79,27,90,#D2E6A8
80,27,90,#D1E6A8
81,27,90,#D0E6A8
82,27,90,#CFE6A8
83,27,90,#CEE6A8
84,27,90,#CDE6A8
85,27,90,#CCE6A8
86,27,90,#CBE6A8
87,27,90,#CAE6A8
88,27,90,#C9E6A8
89,27,90,#C8E6A8
90,27,90,#C7E6A8
91,27,90,#C5E6A8
92,27,90,#C4E6A8
93,27,90,#C3E6A8
94,27,90,#C2E6A8
95,27,90,#C1E6A8
96,27,90,#C0E6A8
97,27,90,#BFE6A8
98,27,90,#BEE6A8
99,27,90,#BDE6A8
100,27,90,#BCE6A8
101,27,90,#BBE6A8
102,27,90,#BAE6A8
103,27,90,#B9E6A8
104,27,90,#B8E6A8
105,27,90,#B7E6A8
106,27,90,#B6E6A8
107,27,90,#B5E6A8
108,27,90,#B4E6A8
109,27,90,#B3E6A8
110,27,90,#B2E6A8
111,27,90,#B1E6A8
112,27,90,#B0E6A8
113,27,90,#AFE6A8
114,27,90,#AEE6A8
115,27,90,#ADE6A8
116,27,90,#ACE6A8
117,27,90,#ABE6A8
118,27,90,#AAE6A8
119,27,90,#A9E6A8
120,27,90,#A8E6A8
121,27,90,#A8E6A9
122,27,90,#A8E6AA
123,27,90,#A8E6AB
124,27,90,#A8E6AC
125,27,90,#A8E6AD
126,27,90,#A8E6AE
127,27,90,#A8E6AF
128,27,90,#A8E6B0
129,27,90,#A8E6B1
130,27,90,#A8E6B2
131,27,90,#A8E6B3
132,27,90,#A8E6B4
133,27,90,#A8E6B5
134,27,90,#A8E6B6
135,27,90,#A8E6B7
136,27,90,#A8E6B8
137,27,90,#A8E6B9
138,27,90,#A8E6BA
139,27,90,#A8E6BB
140,27,90,#A8E6BC
141,27,90,#A8E6BD
142,27,90,#A8E6BE
143,27,90,#A8E6BF
144,27,90,#A8E6C0
145,27,90,#A8E6C1
146,27,90,#A8E6C2
147,27,90,#A8E6C3
148,27,90,#A8E6C4
149,27,90,#A8E6C5
150,27,90,#A8E6C7
151,27,90,#A8E6C8
152,27,90,#A8E6C9
153,27,90,#A8E6CA
154,27,90,#A8E6CB
155,27,90,#A8E6CC
156,27,90,#A8E6CD
157,27,90,#A8E6CE
158,27,90,#A8E6CF
159,27,90,#A8E6D0
160,27,90,#A8E6D1
161,27,90,#A8E6D2
162,27,90,#A8E6D3
163,27,90,#A8E6D4
164,27,90,#A8E6D5
165,27,90,#A8E6D6
166,27,90,#A8E6D7
167,27,90,#A8E6D8
168,27,90,#A8E6D9
169,27,90,#A8E6DA
170,27,90,#A8E6DB
171,27,90,#A8E6DC
172,27,90,#A8E6DD
173,27,90,#A8E6DE
174,27,90,#A8E6DF
175,27,90,#A8E6E0
176,27,90,#A8E6E1
177,27,90,#A8E6E2
178,27,90,#A8E6E3
179,27,90,#A8E6E4
180,27,90,#A8E6E6
181,27,90,#A8E4E6
182,27,90,#A8E3E6
183,27,90,#A8E2E6
184,27,90,#A8E1E6
185,27,90,#A8E0E6
186,27,90,#A8DFE6
187,27,90,#A8DEE6
188,27,90,#A8DDE6
189,27,90,#A8DCE6
190,27,90,#A8DBE6
191,27,90,#A8DAE6
192,27,90,#A8D9E6
193,27,90,#A8D8E6
194,27,90,#A8D7E6
195,27,90,#A8D6E6
196,27,90,#A8D5E6
197,27,90,#A8D4E6
198,27,90,#A8D3E6
199,27,90,#A8D2E6
200,27,90,#A8D1E6
201,27,90,#A8D0E6
202,27,90,#A8CFE6
203,27,90,#A8CEE6
204,27,90,#A8CDE6
205,27,90,#A8CCE6
206,27,90,#A8CBE6
207,27,90,#A8CAE6
208,27,90,#A8C9E6
209,27,90,#A8C8E6
210,27,90,#A8C7E6
211,27,90,#A8C5E6
212,27,90,#A8C4E6
213,27,90,#A8C3E6
214,27,90,#A8C2E6
215,27,90,#A8C1E6
216,27,90,#A8C0E6
217,27,90,#A8BFE6
218,27,90,#A8BEE6
219,27,90,#A8BDE6
220,27,90,#A8BCE6
221,27,90,#A8BBE6
222,27,90,#A8BAE6
223,27,90,#A8B9E6
224,27,90,#A8B8E6
225,27,90,#A8B7E6
226,27,90,#A8B6E6
227,27,90,#A8B5E6
228,27,90,#A8B4E6
229,27,90,#A8B3E6
230,27,90,#A8B2E6
231,27,90,#A8B1E6
232,27,90,#A8B0E6
233,27,90,#A8AFE6
234,27,90,#A8AEE6
235,27,90,#A8ADE6
236,27,90,#A8ACE6
237,27,90,#A8ABE6
238,27,90,#A8AAE6
239,27,90,#A8A9E6
240,27,90,#A8A8E6
241,27,90,#A9A8E6
242,27,90,#AAA8E6
243,27,90,#ABA8E6
244,27,90,#ACA8E6
245,27,90,#ADA8E6
246,27,90,#AEA8E6
247,27,90,#AFA8E6
248,27,90,#B0A8E6
249,27,90,#B1A8E6
250,27,90,#B2A8E6
251,27,90,#B3A8E6
252,27,90,#B4A8E6
253,27,90,#B5A8E6
254,27,90,#B6A8E6
255,27,90,#B7A8E6
256,27,90,#B8A8E6
257,27,90,#B9A8E6
258,27,90,#BAA8E6
259,27,90,#BBA8E6
260,27,90,#BCA8E6
261,27,90,#BDA8E6
262,27,90,#BEA8E6
263,27,90,#BFA8E6
264,27,90,#C0A8E6
265,27,90,#C1A8E6
266,27,90,#C2A8E6
267,27,90,#C3A8E6
268,27,90,#C4A8E6
269,27,90,#C5A8E6
270,27,90,#C7A8E6
271,27,90,#C8A8E6
272,27,90,#C9A8E6
273,27,90,#CAA8E6
274,27,90,#CBA8E6
275,27,90,#CCA8E6
276,27,90,#CDA8E6
277,27,90,#CEA8E6
278,27,90,#CFA8E6
279,27,90,#D0A8E6
280,27,90,#D1A8E6
281,27,90,#D2A8E6
282,27,90,#D3A8E6
283,27,90,#D4A8E6
284,27,90,#D5A8E6
285,27,90,#D6A8E6
286,27,90,#D7A8E6
287,27,90,#D8A8E6
288,27,90,#D9A8E6
289,27,90,#DAA8E6
290,27,90,#DBA8E6
291,27,90,#DCA8E6
292,27,90,#DDA8E6
293,27,90,#DEA8E6
294,27,90,#DFA8E6
295,27,90,#E0A8E6
296,27,90,#E1A8E6
297,27,90,#E2A8E6
298,27,90,#E3A8E6
299,27,90,#E4A8E6
300,27,90,#E6A8E6
301,27,90,#E6A8E4
302,27,90,#E6A8E3
303,27,90,#E6A8E2
304,27,90,#E6A8E1
305,27,90,#E6A8E0
306,27,90,#E6A8DF
307,27,90,#E6A8DE
308,27,90,#E6A8DD
309,27,90,#E6A8DC
310,27,90,#E6A8DB
311,27,90,#E6A8DA
312,27,90,#E6A8D9
313,27,90,#E6A8D8
314,27,90,#E6A8D7
315,27,90,#E6A8D6
316,27,90,#E6A8D5
317,27,90,#E6A8D4
318,27,90,#E6A8D3
319,27,90,#E6A8D2
320,27,90,#E6A8D1
321,27,90,#E6A8D0
322,27,90,#E6A8CF
323,27,90,#E6A8CE
324,27,90,#E6A8CD
325,27,90,#E6A8CC
326,27,90,#E6A8CB
327,27,90,#E6A8CA
328,27,90,#E6A8C9
329,27,90,#E6A8C8
330,27,90,#E6A8C7
331,27,90,#E6A8C5
332,27,90,#E6A8C4
333,27,90,#E6A8C3
334,27,90,#E6A8C2
335,27,90,#E6A8C1
336,27,90,#E6A8C0
337,27,90,#E6A8BF
338,27,90,#E6A8BE
339,27,90,#E6A8BD
340,27,90,#E6A8BC
341,27,90,#E6A8BB
342,27,90,#E6A8BA
343,27,90,#E6A8B9
344,27,90,#E6A8B8
345,27,90,#E6A8B7
346,27,90,#E6A8B6
347,27,90,#E6A8B5
348,27,90,#E6A8B4
349,27,90,#E6A8B3
350,27,90,#E6A8B2
351,27,90,#E6A8B1
352,27,90,#E6A8B0
353,27,90,#E6A8AF
354,27,90,#E6A8AE
355,27,90,#E6A8AD
356,27,90,#E6A8AC
357,27,90,#E6A8AB
358,27,90,#E6A8AA
359,27,90,#E6A8A9
0,26,90,#E6AAAA
1,26,90,#E6ABAA
2,26,90,#E6ACAA
3,26,90,#E6ADAA
4,26,90,#E6AEAA
5,26,90,#E6AFAA
6,26,90,#E6B0AA
7,26,90,#E6B1AA
8,26,90,#E6B2AA
9,26,90,#E6B3AA
10,26,90,#E6B4AA
11,26,90,#E6B5AA
12,26,90,#E6B6AA
13,26,90,#E6B7AA
14,26,90,#E6B8AA
15,26,90,#E6B9AA
16,26,90,#E6BAAA
17,26,90,#E6BBAA
18,26,90,#E6BCAA
19,26,90,#E6BDAA
20,26,90,#E6BEAA
21,26,90,#E6BFAA
22,26,90,#E6C0AA
23,26,90,#E6C1AA
24,26,90,#E6C2AA
25,26,90,#E6C3AA
26,26,90,#E6C4AA
27,26,90,#E6C5AA
28,26,90,#E6C6AA
29,26,90,#E6C7AA
30,26,90,#E6C8AA
31,26,90,#E6C9AA
32,26,90,#E6CAAA
33,26,90,#E6CBAA
34,26,90,#E6CCAA
35,26,90,#E6CDAA
36,26,90,#E6CEAA
37,26,90,#E6CFAA
38,26,90,#E6D0AA
39,26,90,#E6D1AA
40,26,90,#E6D2AA
41,26,90,#E6D3AA
42,26,90,#E6D4AA
43,26,90,#E6D5AA
44,26,90,#E6D6AA
45,26,90,#E6D7AA
46,26,90,#E6D8AA
47,26,90,#E6D9AA
48,26,90,#E6DAAA
49,26,90,#E6DBAA
50,26,90,#E6DCAA
51,26,90,#E6DDAA
52,26,90,#E6DEAA
53,26,90,#E6DFAA
54,26,90,#E6E0AA
55,26,90,#E6E1AA
56,26,90,#E6E2AA
57,26,90,#E6E3AA
58,26,90,#E6E4AA
59,26,90,#E6E5AA
60,26,90,#E6E6AA
61,26,90,#E5E6AA
62,26,90,#E4E6AA
63,26,90,#E3E6AA
64,26,90,#E2E6AA
65,26,90,#E1E6AA
66,26,90,#E0E6AA
67,26,90,#DFE6AA
68,26,90,#DEE6AA
69,26,90,#DDE6AA
70,26,90,#DCE6AA
71,26,90,#DBE6AA
72,26,90,#DAE6AA
73,26,90,#D9E6AA
74,26,90,#D8E6AA
75,26,90,#D7E6AA
76,26,90,#D6E6AA
77,26,90,#D5E6AA
78,26,90,#D4E6AA
79,26,90,#D3E6AA
80,26,90,#D2E6AA
81,26,90,#D1E6AA
82,26,90,#D0E6AA
83,26,90,#CFE6AA
84,26,90,#CEE6AA
85,26,90,#CDE6AA
86,26,90,#CCE6AA
87,26,90,#CBE6AA
88,26,90,#CAE6AA
89,26,90,#C9E6AA
90,26,90,#C8E6AA
91,26,90,#C7E6AA
92,26,90,#C6E6AA
93,26,90,#C5E6AA
94,26,90,#C4E6AA
95,26,90,#C3E6AA
96,26,90,#C2E6AA
97,26,90,#C1E6AA
98,26,90,#C0E6AA
99,26,90,#BFE6AA
100,26,90,#BEE6AA
101,26,90,#BDE6AA
102,26,90,#BCE6AA
103,26,90,#BBE6AA
104,26,90,#BAE6AA
105,26,90,#B9E6AA
106,26,90,#B8E6AA
107,26,90,#B7E6AA
108,26,90,#B6E6AA
109,26,90,#B5E6AA
110,26,90,#B4E6AA
111,26,90,#B3E6AA
112,26,90,#B2E6AA
113,26,90,#B1E6AA
114,26,90,#B0E6AA
115,26,90,#AFE6AA
116,26,90,#AEE6AA
117,26,90,#ADE6AA
118,26,90,#ACE6AA
119,26,90,#ABE6AA
120,26,90,#AAE6AA
121,26,90,#AAE6AB
122,26,90,#AAE6AC
123,26,90,#AAE6AD
124,26,90,#AAE6AE
125,26,90,#AAE6AF
126,26,90,#AAE6B0
127,26,90,#AAE6B1
128,26,90,#AAE6B2
129,26,90,#AAE6B3
130,26,90,#AAE6B4
131,26,90,#AAE6B5
132,26,90,#AAE6B6
133,26,90,#AAE6B7
134,26,90,#AAE6B8
135,26,90,#AAE6B9
136,26,90,#AAE6BA
137,26,90,#AAE6BB
138,26,90,#AAE6BC
139,26,90,#AAE6BD
140,26,90,#AAE6BE
141,26,90,#AAE6BF
142,26,90,#AAE6C0
143,26,90,#AAE6C1
144,26,90,#AAE6C2
145,26,90,#AAE6C3
146,26,90,#AAE6C4
147,26,90,#AAE6C5
148,26,90,#AAE6C6
149,26,90,#AAE6C7
150,26,90,#AAE6C8
151,26,90,#AAE6C9
152,26,90,#AAE6CA
153,26,90,#AAE6CB
154,26,90,#AAE6CC
155,26,90,#AAE6CD
156,26,90,#AAE6CE
157,26,90,#AAE6CF
158,26,90,#AAE6D0
159,26,90,#AAE6D1
160,26,90,#AAE6D2
161,26,90,#AAE6D3
162,26,90,#AAE6D4
163,26,90,#AAE6D5
164,26,90,#AAE6D6
165,26,90,#AAE6D7
166,26,90,#AAE6D8
167,26,90,#AAE6D9
168,26,90,#AAE6DA
169,26,90,#AAE6DB
170,26,90,#AAE6DC
171,26,90,#AAE6DD
172,26,90,#AAE6DE
173,26,90,#AAE6DF
174,26,90,#AAE6E0
175,26,90,#AAE6E1
176,26,90,#AAE6E2
177,26,90,#AAE6E3
178,26,90,#AAE6E4
179,26,90,#AAE6E5
180,26,90,#AAE6E6
181,26,90,#AAE5E6
182,26,90,#AAE4E6
183,26,90,#AAE3E6
184,26,90,#AAE2E6
185,26,90,#AAE1E6
186,26,90,#AAE0E6
187,26,90,#AADFE6
188,26,90,#AADEE6
189,26,90,#AADDE6
190,26,90,#AADCE6
191,26,90,#AADBE6
192,26,90,#AADAE6
193,26,90,#AAD9E6
194,26,90,#AAD8E6
195,26,90,#AAD7E6
196,26,90,#AAD6E6
197,26,90,#AAD5E6
198,26,90,#AAD4E6
199,26,90,#AAD3E6
200,26,90,#AAD2E6
201,26,90,#AAD1E6
202,26,90,#AAD0E6
203,26,90,#AACFE6
204,26,90,#AACEE6
205,26,90,#AACDE6
206,26,90,#AACCE6
207,26,90,#AACBE6
208,26,90,#AACAE6
209,26,90,#AAC9E6
210,26,90,#AAC8E6
211,26,90,#AAC7E6
212,26,90,#AAC6E6
213,26,90,#AAC5E6
214,26,90,#AAC4E6
215,26,90,#AAC3E6
216,26,90,#AAC2E6
217,26,90,#AAC1E6
218,26,90,#AAC0E6
219,26,90,#AABFE6
220,26,90,#AABEE6
221,26,90,#AABDE6
222,26,90,#AABCE6
223,26,90,#AABBE6
224,26,90,#AABAE6
225,26,90,#AAB9E6
226,26,90,#AAB8E6
227,26,90,#AAB7E6
228,26,90,#AAB6E6
229,26,90,#AAB5E6
230,26,90,#AAB4E6
231,26,90,#AAB3E6
232,26,90,#AAB2E6
233,26,90,#AAB1E6
234,26,90,#AAB0E6
235,26,90,#AAAFE6
236,26,90,#AAAEE6
237,26,90,#AAADE6
238,26,90,#AAACE6
239,26,90,#AAABE6
240,26,90,#AAAAE6
241,26,90,#ABAAE6
242,26,90,#ACAAE6
243,26,90,#ADAAE6
244,26,90,#AEAAE6
245,26,90,#AFAAE6
246,26,90,#B0AAE6
247,26,90,#B1AAE6
248,26,90,#B2AAE6
249,26,90,#B3AAE6
250,26,90,#B4AAE6
251,26,90,#B5AAE6
252,26,90,#B6AAE6
253,26,90,#B7AAE6
254,26,90,#B8AAE6
255,26,90,#B9AAE6
256,26,90,#BAAAE6
257,26,90,#BBAAE6
258,26,90,#BCAAE6
259,26,90,#BDAAE6
260,26,90,#BEAAE6
261,26,90,#BFAAE6
262,26,90,#C0AAE6
263,26,90,#C1AAE6
264,26,90,#C2AAE6
265,26,90,#C3AAE6
266,26,90,#C4AAE6
267,26,90,#C5AAE6
268,26,90,#C6AAE6
269,26,90,#C7AAE6
270,26,90,#C8AAE6
271,26,90,#C9AAE6
272,26,90,#CAAAE6
273,26,90,#CBAAE6
274,26,90,#CCAAE6
275,26,90,#CDAAE6
276,26,90,#CEAAE6
277,26,90,#CFAAE6
278,26,90,#D0AAE6
279,26,90,#D1AAE6
280,26,90,#D2AAE6
281,26,90,#D3AAE6
282,26,90,#D4AAE6
283,26,90,#D5AAE6
284,26,90,#D6AAE6
285,26,90,#D7AAE6
286,26,90,#D8AAE6
287,26,90,#D9AAE6
288,26,90,#DAAAE6
289,26,90,#DBAAE6
290,26,90,#DCAAE6
291,26,90,#DDAAE6
292,26,90,#DEAAE6
293,26,90,#DFAAE6
294,26,90,#E0AAE6
295,26,90,#E1AAE6
296,26,90,#E2AAE6
297,26,90,#E3AAE6
298,26,90,#E4AAE6
299,26,90,#E5AAE6
300,26,90,#E6AAE6
301,26,90,#E6AAE5
302,26,90,#E6AAE4
303,26,90,#E6AAE3
304,26,90,#E6AAE2
305,26,90,#E6AAE1
306,26,90,#E6AAE0
307,26,90,#E6AADF
308,26,90,#E6AADE
309,26,90,#E6AADD
310,26,90,#E6AADC
311,26,90,#E6AADB
312,26,90,#E6AADA
313,26,90,#E6AAD9
314,26,90,#E6AAD8
315,26,90,#E6AAD7
316,26,90,#E6AAD6
317,26,90,#E6AAD5
318,26,90,#E6AAD4
319,26,90,#E6AAD3
320,26,90,#E6AAD2
321,26,90,#E6AAD1
322,26,90,#E6AAD0
323,26,90,#E6AACF
324,26,90,#E6AACE
325,26,90,#E6AACD
326,26,90,#E6AACC
327,26,90,#E6AACB
328,26,90,#E6AACA
329,26,90,#E6AAC9
330,26,90,#E6AAC8
331,26,90,#E6AAC7
332,26,90,#E6AAC6
333,26,90,#E6AAC5
334,26,90,#E6AAC4
335,26,90,#E6AAC3
336,26,90,#E6AAC2
337,26,90,#E6AAC1
338,26,90,#E6AAC0
339,26,90,#E6AABF
340,26,90,#E6AABE
341,26,90,#E6AABD
342,26,90,#E6AABC
343,26,90,#E6AABB
344,26,90,#E6AABA
345,26,90,#E6AAB9
346,26,90,#E6AAB8
347,26,90,#E6AAB7
348,26,90,#E6AAB6
349,26,90,#E6AAB5
350,26,90,#E6AAB4
351,26,90,#E6AAB3
352,26,90,#E6AAB2
353,26,90,#E6AAB1
354,26,90,#E6AAB0
355,26,90,#E6AAAF
356,26,90,#E6AAAE
357,26,90,#E6AAAD
358,26,90,#E6AAAC
359,26,90,#E6AAAB
0,25,90,#E6ACAC
1,25,90,#E6ADAC
2,25,90,#E6AEAC
3,25,90,#E6AFAC
4,25,90,#E6B0AC
5,25,90,#E6B1AC
6,25,90,#E6B2AC
7,25,90,#E6B3AC
8,25,90,#E6B4AC
9,25,90,#E6B5AC
10,25,90,#E6B6AC
11,25,90,#E6B7AC
12,25,90,#E6B8AC
13,25,90,#E6B9AC
14,25,90,#E6BAAC
15,25,90,#E6BAAC
16,25,90,#E6BBAC
17,25,90,#E6BCAC
18,25,90,#E6BDAC
19,25,90,#E6BEAC
20,25,90,#E6BFAC
21,25,90,#E6C0AC
22,25,90,#E6C1AC
23,25,90,#E6C2AC
24,25,90,#E6C3AC
25,25,90,#E6C4AC
26,25,90,#E6C5AC
27,25,90,#E6C6AC
28,25,90,#E6C7AC
29,25,90,#E6C8AC
30,25,90,#E6C9AC
31,25,90,#E6CAAC
32,25,90,#E6CBAC
33,25,90,#E6CCAC
34,25,90,#E6CDAC
35,25,90,#E6CEAC
36,25,90,#E6CFAC
37,25,90,#E6D0AC
38,25,90,#E6D0AC
39,25,90,#E6D1AC
40,25,90,#E6D2AC
41,25,90,#E6D3AC
42,25,90,#E6D4AC
43,25,90,#E6D5AC
44,25,90,#E6D6AC
45,25,90,#E6D7AC
46,25,90,#E6D8AC
47,25,90,#E6D9AC
48,25,90,#E6DAAC
49,25,90,#E6DBAC
50,25,90,#E6DCAC
51,25,90,#E6DDAC
52,25,90,#E6DEAC
53,25,90,#E6DFAC
54,25,90,#E6E0AC
55,25,90,#E6E1AC
56,25,90,#E6E2AC
57,25,90,#E6E3AC
58,25,90,#E6E4AC
59,25,90,#E6E5AC
60,25,90,#E6E6AC
61,25,90,#E5E6AC
62,25,90,#E4E6AC
63,25,90,#E3E6AC
64,25,90,#E2E6AC
65,25,90,#E1E6AC
66,25,90,#E0E6AC
67,25,90,#DFE6AC
68,25,90,#DEE6AC
69,25,90,#DDE6AC
70,25,90,#DCE6AC
71,25,90,#DBE6AC
72,25,90,#DAE6AC
73,25,90,#D9E6AC
74,25,90,#D8E6AC
75,25,90,#D7E6AC
76,25,90,#D6E6AC
77,25,90,#D5E6AC
78,25,90,#D4E6AC
79,25,90,#D3E6AC
80,25,90,#D2E6AC
81,25,90,#D1E6AC
82,25,90,#D0E6AC
83,25,90,#D0E6AC
84,25,90,#CFE6AC
85,25,90,#CEE6AC
86,25,90,#CDE6AC
87,25,90,#CCE6AC
88,25,90,#CBE6AC
89,25,90,#CAE6AC
90,25,90,#C9E6AC
91,25,90,#C8E6AC
92,25,90,#C7E6AC
93,25,90,#C6E6AC
94,25,90,#C5E6AC
95,25,90,#C4E6AC
96,25,90,#C3E6AC
97,25,90,#C2E6AC
98,25,90,#C1E6AC
99,25,90,#C0E6AC
100,25,90,#BFE6AC
101,25,90,#BEE6AC
102,25,90,#BDE6AC
103,25,90,#BCE6AC
104,25,90,#BBE6AC
105,25,90,#BAE6AC
106,25,90,#BAE6AC
107,25,90,#B9E6AC
108,25,90,#B8E6AC
109,25,90,#B7E6AC
110,25,90,#B6E6AC
111,25,90,#B5E6AC
112,25,90,#B4E6AC
113,25,90,#B3E6AC
114,25,90,#B2E6AC
115,25,90,#B1E6AC
116,25,90,#B0E6AC
117,25,90,#AFE6AC
118,25,90,#AEE6AC
119,25,90,#ADE6AC
120,25,90,#ACE6AC
121,25,90,#ACE6AD
122,25,90,#ACE6AE
123,25,90,#ACE6AF
124,25,90,#ACE6B0
125,25,90,#ACE6B1
126,25,90,#ACE6B2
127,25,90,#ACE6B3
128,25,90,#ACE6B4
129,25,90,#ACE6B5
130,25,90,#ACE6B6
131,25,90,#ACE6B7
132,25,90,#ACE6B8
133,25,90,#ACE6B9
134,25,90,#ACE6BA
135,25,90,#ACE6BA
136,25,90,#ACE6BB
137,25,90,#ACE6BC
138,25,90,#ACE6BD
139,25,90,#ACE6BE
140,25,90,#ACE6BF
141,25,90,#ACE6C0
142,25,90,#ACE6C1
143,25,90,#ACE6C2
144,25,90,#ACE6C3
145,25,90,#ACE6C4
146,25,90,#ACE6C5
147,25,90,#ACE6C6
148,25,90,#ACE6C7
149,25,90,#ACE6C8
150,25,90,#ACE6C9
151,25,90,#ACE6CA
152,25,90,#ACE6CB
153,25,90,#ACE6CC
154,25,90,#ACE6CD
155,25,90,#ACE6CE
156,25,90,#ACE6CF
157,25,90,#ACE6D0
158,25,90,#ACE6D0
159,25,90,#ACE6D1
160,25,90,#ACE6D2
161,25,90,#ACE6D3
162,25,90,#ACE6D4
163,25,90,#ACE6D5
164,25,90,#ACE6D6
165,25,90,#ACE6D7
166,25,90,#ACE6D8
167,25,90,#ACE6D9
168,25,90,#ACE6DA
169,25,90,#ACE6DB
170,25,90,#ACE6DC
171,25,90,#ACE6DD
172,25,90,#ACE6DE
173,25,90,#ACE6DF
174,25,90,#ACE6E0
175,25,90,#ACE6E1
176,25,90,#ACE6E2
177,25,90,#ACE6E3
178,25,90,#ACE6E4
179,25,90,#ACE6E5
180,25,90,#ACE6E6
181,25,90,#ACE5E6
182,25,90,#ACE4E6
183,25,90,#ACE3E6
184,25,90,#ACE2E6
185,25,90,#ACE1E6
186,25,90,#ACE0E6
187,25,90,#ACDFE6
188,25,90,#ACDEE6
189,25,90,#ACDDE6
190,25,90,#ACDCE6
191,25,90,#ACDBE6
192,25,90,#ACDAE6
193,25,90,#ACD9E6
194,25,90,#ACD8E6
195,25,90,#ACD7E6
196,25,90,#ACD6E6
197,25,90,#ACD5E6
198,25,90,#ACD4E6
199,25,90,#ACD3E6
200,25,90,#ACD2E6
201,25,90,#ACD1E6
202,25,90,#ACD0E6
203,25,90,#ACD0E6
204,25,90,#ACCFE6
205,25,90,#ACCEE6
206,25,90,#ACCDE6
207,25,90,#ACCCE6
208,25,90,#ACCBE6
209,25,90,#ACCAE6
210,25,90,#ACC9E6
211,25,90,#ACC8E6
212,25,90,#ACC7E6
213,25,90,#ACC6E6
214,25,90,#ACC5E6
215,25,90,#ACC4E6
216,25,90,#ACC3E6
217,25,90,#ACC2E6
218,25,90,#ACC1E6
219,25,90,#ACC0E6
220,25,90,#ACBFE6
221,25,90,#ACBEE6
222,25,90,#ACBDE6
223,25,90,#ACBCE6
224,25,90,#ACBBE6
225,25,90,#ACBAE6
226,25,90,#ACBAE6
227,25,90,#ACB9E6
228,25,90,#ACB8E6
229,25,90,#ACB7E6
230,25,90,#ACB6E6
231,25,90,#ACB5E6
232,25,90,#ACB4E6
233,25,90,#ACB3E6
234,25,90,#ACB2E6
235,25,90,#ACB1E6
236,25,90,#ACB0E6
237,25,90,#ACAFE6
238,25,90,#ACAEE6
239,25,90,#ACADE6
240,25,90,#ACACE6
241,25,90,#ADACE6
242,25,90,#AEACE6
243,25,90,#AFACE6
244,25,90,#B0ACE6
245,25,90,#B1ACE6
246,25,90,#B2ACE6
247,25,90,#B3ACE6
248,25,90,#B4ACE6
249,25,90,#B5ACE6
250,25,90,#B6ACE6
251,25,90,#B7ACE6
252,25,90,#B8ACE6
253,25,90,#B9ACE6
254,25,90,#BAACE6
255,25,90,#BAACE6
256,25,90,#BBACE6
257,25,90,#BCACE6
258,25,90,#BDACE6
259,25,90,#BEACE6
260,25,90,#BFACE6
261,25,90,#C0ACE6
262,25,90,#C1ACE6
263,25,90,#C2ACE6
264,25,90,#C3ACE6
265,25,90,#C4ACE6
266,25,90,#C5ACE6
267,25,90,#C6ACE6
268,25,90,#C7ACE6
269,25,90,#C8ACE6
270,25,90,#C9ACE6
271,25,90,#CAACE6
272,25,90,#CBACE6
273,25,90,#CCACE6
274,25,90,#CDACE6
275,25,90,#CEACE6
276,25,90,#CFACE6
277,25,90,#D0ACE6
278,25,90,#D0ACE6
279,25,90,#D1ACE6
280,25,90,#D2ACE6
281,25,90,#D3ACE6
282,25,90,#D4ACE6
283,25,90,#D5ACE6
284,25,90,#D6ACE6
285,25,90,#D7ACE6
286,25,90,#D8ACE6
287,25,90,#D9ACE6
288,25,90,#DAACE6
289,25,90,#DBACE6
290,25,90,#DCACE6
291,25,90,#DDACE6
292,25,90,#DEACE6
293,25,90,#DFACE6
294,25,90,#E0ACE6
295,25,90,#E1ACE6
296,25,90,#E2ACE6
297,25,90,#E3ACE6
298,25,90,#E4ACE6
299,25,90,#E5ACE6
300,25,90,#E6ACE6
301,25,90,#E6ACE5
302,25,90,#E6ACE4
303,25,90,#E6ACE3
304,25,90,#E6ACE2
305,25,90,#E6ACE1
306,25,90,#E6ACE0
307,25,90,#E6ACDF
308,25,90,#E6ACDE
309,25,90,#E6ACDD
310,25,90,#E6ACDC
311,25,90,#E6ACDB
312,25,90,#E6ACDA
313,25,90,#E6ACD9
314,25,90,#E6ACD8
315,25,90,#E6ACD7
316,25,90,#E6ACD6
317,25,90,#E6ACD5
318,25,90,#E6ACD4
319,25,90,#E6ACD3
320,25,90,#E6ACD2
321,25,90,#E6ACD1
322,25,90,#E6ACD0
323,25,90,#E6ACD0
324,25,90,#E6ACCF
325,25,90,#E6ACCE
326,25,90,#E6ACCD
327,25,90,#E6ACCC
328,25,90,#E6ACCB
329,25,90,#E6ACCA
330,25,90,#E6ACC9
331,25,90,#E6ACC8
332,25,90,#E6ACC7
333,25,90,#E6ACC6
334,25,90,#E6ACC5
335,25,90,#E6ACC4
336,25,90,#E6ACC3
337,25,90,#E6ACC2
338,25,90,#E6ACC1
339,25,90,#E6ACC0
340,25,90,#E6ACBF
341,25,90,#E6ACBE
342,25,90,#E6ACBD
343,25,90,#E6ACBC
344,25,90,#E6ACBB
345,25,90,#E6ACBA
346,25,90,#E6ACBA
347,25,90,#E6ACB9
348,25,90,#E6ACB8
349,25,90,#E6ACB7
350,25,90,#E6ACB6
351,25,90,#E6ACB5
352,25,90,#E6ACB4
353,25,90,#E6ACB3
354,25,90,#E6ACB2
355,25,90,#E6ACB1
356,25,90,#E6ACB0
357,25,90,#E6ACAF
358,25,90,#E6ACAE
359,25,90,#E6ACAD
0,24,90,#E6AEAE
1,24,90,#E6AFAE
2,24,90,#E6B0AE
3,24,90,#E6B1AE
4,24,90,#E6B2AE
5,24,90,#E6B3AE
6,24,90,#E6B4AE
7,24,90,#E6B5AE
8,24,90,#E6B6AE
9,24,90,#E6B7AE
10,24,90,#E6B8AE
11,24,90,#E6B9AE
12,24,90,#E6B9AE
13,24,90,#E6BAAE
14,24,90,#E6BBAE
15,24,90,#E6BCAE
16,24,90,#E6BDAE
17,24,90,#E6BEAE
18,24,90,#E6BFAE
19,24,90,#E6C0AE
20,24,90,#E6C1AE
21,24,90,#E6C2AE
22,24,90,#E6C3AE
23,24,90,#E6C4AE
24,24,90,#E6C4AE
25,24,90,#E6C5AE
26,24,90,#E6C6AE
27,24,90,#E6C7AE
28,24,90,#E6C8AE
29,24,90,#E6C9AE
30,24,90,#E6CAAE
31,24,90,#E6CBAE
32,24,90,#E6CCAE
33,24,90,#E6CDAE
34,24,90,#E6CEAE
35,24,90,#E6CFAE
36,24,90,#E6CFAE
37,24,90,#E6D0AE
38,24,90,#E6D1AE
39,24,90,#E6D2AE
40,24,90,#E6D3AE
41,24,90,#E6D4AE
42,24,90,#E6D5AE
43,24,90,#E6D6AE
44,24,90,#E6D7AE
45,24,90,#E6D8AE
46,24,90,#E6D9AE
47,24,90,#E6DAAE
48,24,90,#E6DAAE
49,24,90,#E6DBAE
50,24,90,#E6DCAE
51,24,90,#E6DDAE
52,24,90,#E6DEAE
53,24,90,#E6DFAE
54,24,90,#E6E0AE
55,24,90,#E6E1AE
56,24,90,#E6E2AE
57,24,90,#E6E3AE
58,24,90,#E6E4AE
59,24,90,#E6E5AE
60,24,90,#E6E6AE
61,24,90,#E5E6AE
62,24,90,#E4E6AE
63,24,90,#E3E6AE
64,24,90,#E2E6AE
65,24,90,#E1E6AE
66,24,90,#E0E6AE
67,24,90,#DFE6AE
68,24,90,#DEE6AE
69,24,90,#DDE6AE
70,24,90,#DCE6AE
71,24,90,#DBE6AE
72,24,90,#DAE6AE
73,24,90,#DAE6AE
74,24,90,#D9E6AE
75,24,90,#D8E6AE
76,24,90,#D7E6AE
77,24,90,#D6E6AE
78,24,90,#D5E6AE
79,24,90,#D4E6AE
80,24,90,#D3E6AE
81,24,90,#D2E6AE
82,24,90,#D1E6AE
83,24,90,#D0E6AE
84,24,90,#CFE6AE
85,24,90,#CFE6AE
86,24,90,#CEE6AE
87,24,90,#CDE6AE
88,24,90,#CCE6AE
89,24,90,#CBE6AE
90,24,90,#CAE6AE
91,24,90,#C9E6AE
92,24,90,#C8E6AE
93,24,90,#C7E6AE
94,24,90,#C6E6AE
95,24,90,#C5E6AE
96,24,90,#C4E6AE
97,24,90,#C4E6AE
98,24,90,#C3E6AE
99,24,90,#C2E6AE
100,24,90,#C1E6AE
101,24,90,#C0E6AE
102,24,90,#BFE6AE
103,24,90,#BEE6AE
104,24,90,#BDE6AE
105,24,90,#BCE6AE
106,24,90,#BBE6AE
107,24,90,#BAE6AE
108,24,90,#B9E6AE
109,24,90,#B9E6AE
110,24,90,#B8E6AE
111,24,90,#B7E6AE
112,24,90,#B6E6AE
113,24,90,#B5E6AE
114,24,90,#B4E6AE
115,24,90,#B3E6AE
116,24,90,#B2E6AE
117,24,90,#B1E6AE
118,24,90,#B0E6AE
119,24,90,#AFE6AE
120,24,90,#AEE6AE
121,24,90,#AEE6AF
122,24,90,#AEE6B0
123,24,90,#AEE6B1
124,24,90,#AEE6B2
125,24,90,#AEE6B3
126,24,90,#AEE6B4
127,24,90,#AEE6B5
128,24,90,#AEE6B6
129,24,90,#AEE6B7
130,24,90,#AEE6B8
131,24,90,#AEE6B9
132,24,90,#AEE6B9
133,24,90,#AEE6BA
134,24,90,#AEE6BB
135,24,90,#AEE6BC
136,24,90,#AEE6BD
137,24,90,#AEE6BE
138,24,90,#AEE6BF
139,24,90,#AEE6C0
140,24,90,#AEE6C1
141,24,90,#AEE6C2
142,24,90,#AEE6C3
143,24,90,#AEE6C4
144,24,90,#AEE6C4
145,24,90,#AEE6C5
146,24,90,#AEE6C6
147,24,90,#AEE6C7
148,24,90,#AEE6C8
149,24,90,#AEE6C9
150,24,90,#AEE6CA
151,24,90,#AEE6CB
152,24,90,#AEE6CC
153,24,90,#AEE6CD
154,24,90,#AEE6CE
155,24,90,#AEE6CF
156,24,90,#AEE6CF
157,24,90,#AEE6D0
158,24,90,#AEE6D1
159,24,90,#AEE6D2
160,24,90,#AEE6D3
161,24,90,#AEE6D4
162,24,90,#AEE6D5
163,24,90,#AEE6D6
164,24,90,#AEE6D7
165,24,90,#AEE6D8
166,24,90,#AEE6D9
167,24,90,#AEE6DA
168,24,90,#AEE6DA
169,24,90,#AEE6DB
170,24,90,#AEE6DC
171,24,90,#AEE6DD
172,24,90,#AEE6DE
173,24,90,#AEE6DF
174,24,90,#AEE6E0
175,24,90,#AEE6E1
176,24,90,#AEE6E2
177,24,90,#AEE6E3
178,24,90,#AEE6E4
179,24,90,#AEE6E5
180,24,90,#AEE6E6
181,24,90,#AEE5E6
182,24,90,#AEE4E6
183,24,90,#AEE3E6
184,24,90,#AEE2E6
185,24,90,#AEE1E6
186,24,90,#AEE0E6
187,24,90,#AEDFE6
188,24,90,#AEDEE6
189,24,90,#AEDDE6
190,24,90,#AEDCE6
191,24,90,#AEDBE6
192,24,90,#AEDAE6
193,24,90,#AEDAE6
194,24,90,#AED9E6
195,24,90,#AED8E6
196,24,90,#AED7E6
197,24,90,#AED6E6
198,24,90,#AED5E6
199,24,90,#AED4E6
200,24,90,#AED3E6
201,24,90,#AED2E6
202,24,90,#AED1E6
203,24,90,#AED0E6
204,24,90,#AECFE6
205,24,90,#AECFE6
206,24,90,#AECEE6
207,24,90,#AECDE6
208,24,90,#AECCE6
209,24,90,#AECBE6
210,24,90,#AECAE6
211,24,90,#AEC9E6
212,24,90,#AEC8E6
213,24,90,#AEC7E6
214,24,90,#AEC6E6
215,24,90,#AEC5E6
216,24,90,#AEC4E6
217,24,90,#AEC4E6
218,24,90,#AEC3E6
219,24,90,#AEC2E6
220,24,90,#AEC1E6
221,24,90,#AEC0E6
222,24,90,#AEBFE6
223,24,90,#AEBEE6
224,24,90,#AEBDE6
225,24,90,#AEBCE6
226,24,90,#AEBBE6
227,24,90,#AEBAE6
228,24,90,#AEB9E6
229,24,90,#AEB9E6
230,24,90,#AEB8E6
231,24,90,#AEB7E6
232,24,90,#AEB6E6
233,24,90,#AEB5E6
234,24,90,#AEB4E6
235,24,90,#AEB3E6
236,24,90,#AEB2E6
237,24,90,#AEB1E6
238,24,90,#AEB0E6
239,24,90,#AEAFE6
240,24,90,#AEAEE6
241,24,90,#AFAEE6
242,24,90,#B0AEE6
243,24,90,#B1AEE6
244,24,90,#B2AEE6
245,24,90,#B3AEE6
246,24,90,#B4AEE6
247,24,90,#B5AEE6
248,24,90,#B6AEE6
249,24,90,#B7AEE6
250,24,90,#B8AEE6
251,24,90,#B9AEE6
252,24,90,#B9AEE6
253,24,90,#BAAEE6
254,24,90,#BBAEE6
255,24,90,#BCAEE6
256,24,90,#BDAEE6
257,24,90,#BEAEE6
258,24,90,#BFAEE6
259,24,90,#C0AEE6
260,24,90,#C1AEE6
261,24,90,#C2AEE6
262,24,90,#C3AEE6
263,24,90,#C4AEE6
264,24,90,#C4AEE6
265,24,90,#C5AEE6
266,24,90,#C6AEE6
267,24,90,#C7AEE6
268,24,90,#C8AEE6
269,24,90,#C9AEE6
270,24,90,#CAAEE6
271,24,90,#CBAEE6
272,24,90,#CCAEE6
273,24,90,#CDAEE6
274,24,90,#CEAEE6
275,24,90,#CFAEE6
276,24,90,#CFAEE6
277,24,90,#D0AEE6
278,24,90,#D1AEE6
279,24,90,#D2AEE6
280,24,90,#D3AEE6
281,24,90,#D4AEE6
282,24,90,#D5AEE6
283,24,90,#D6AEE6
284,24,90,#D7AEE6
285,24,90,#D8AEE6
286,24,90,#D9AEE6
287,24,90,#DAAEE6
288,24,90,#DAAEE6
289,24,90,#DBAEE6
290,24,90,#DCAEE6
291,24,90,#DDAEE6
292,24,90,#DEAEE6
293,24,90,#DFAEE6
294,24,90,#E0AEE6
295,24,90,#E1AEE6
296,24,90,#E2AEE6
297,24,90,#E3AEE6
298,24,90,#E4AEE6
299,24,90,#E5AEE6
300,24,90,#E6AEE6
301,24,90,#E6AEE5
302,24,90,#E6AEE4
303,24,90,#E6AEE3
304,24,90,#E6AEE2
305,24,90,#E6AEE1
306,24,90,#E6AEE0
307,24,90,#E6AEDF
308,24,90,#E6AEDE
309,24,90,#E6AEDD
310,24,90,#E6AEDC
311,24,90,#E6AEDB
312,24,90,#E6AEDA
313,24,90,#E6AEDA
314,24,90,#E6AED9
315,24,90,#E6AED8
316,24,90,#E6AED7
317,24,90,#E6AED6
318,24,90,#E6AED5
319,24,90,#E6AED4
320,24,90,#E6AED3
321,24,90,#E6AED2
322,24,90,#E6AED1
323,24,90,#E6AED0
324,24,90,#E6AECF
325,24,90,#E6AECF
326,24,90,#E6AECE
327,24,90,#E6AECD
328,24,90,#E6AECC
329,24,90,#E6AECB
330,24,90,#E6AECA
331,24,90,#E6AEC9
332,24,90,#E6AEC8
333,24,90,#E6AEC7
334,24,90,#E6AEC6
335,24,90,#E6AEC5
336,24,90,#E6AEC4
337,24,90,#E6AEC4
338,24,90,#E6AEC3
339,24,90,#E6AEC2
340,24,90,#E6AEC1
341,24,90,#E6AEC0
342,24,90,#E6AEBF
343,24,90,#E6AEBE
344,24,90,#E6AEBD
345,24,90,#E6AEBC
346,24,90,#E6AEBB
347,24,90,#E6AEBA
348,24,90,#E6AEB9
349,24,90,#E6AEB9
350,24,90,#E6AEB8
351,24,90,#E6AEB7
352,24,90,#E6AEB6
353,24,90,#E6AEB5
354,24,90,#E6AEB4
355,24,90,#E6AEB3
356,24,90,#E6AEB2
357,24,90,#E6AEB1
358,24,90,#E6AEB0
359,24,90,#E6AEAF
0,23,90,#E6B1B1
1,23,90,#E6B2B1
2,23,90,#E6B2B1
3,23,90,#E6B3B1
4,23,90,#E6B4B1
5,23,90,#E6B5B1
6,23,90,#E6B6B1
7,23,90,#E6B7B1
8,23,90,#E6B8B1
9,23,90,#E6B9B1
10,23,90,#E6BAB1
11,23,90,#E6BAB1
12,23,90,#E6BBB1
13,23,90,#E6BCB1
14,23,90,#E6BDB1
15,23,90,#E6BEB1
16,23,90,#E6BFB1
17,23,90,#E6C0B1
18,23,90,#E6C1B1
19,23,90,#E6C1B1
20,23,90,#E6C2B1
21,23,90,#E6C3B1
22,23,90,#E6C4B1
23,23,90,#E6C5B1
24,23,90,#E6C6B1
25,23,90,#E6C7B1
26,23,90,#E6C8B1
27,23,90,#E6C8B1
28,23,90,#E6C9B1
29,23,90,#E6CAB1
30,23,90,#E6CBB1
31,23,90,#E6CCB1
32,23,90,#E6CDB1
33,23,90,#E6CEB1
34,23,90,#E6CFB1
35,23,90,#E6D0B1
36,23,90,#E6D0B1
37,23,90,#E6D1B1
38,23,90,#E6D2B1
39,23,90,#E6D3B1
40,23,90,#E6D4B1
41,23,90,#E6D5B1
42,23,90,#E6D6B1
43,23,90,#E6D7B1
44,23,90,#E6D7B1
45,23,90,#E6D8B1
46,23,90,#E6D9B1
47,23,90,#E6DAB1
48,23,90,#E6DBB1
49,23,90,#E6DCB1
50,23,90,#E6DDB1
51,23,90,#E6DEB1
52,23,90,#E6DEB1
53,23,90,#E6DFB1
54,23,90,#E6E0B1
55,23,90,#E6E1B1
56,23,90,#E6E2B1
57,23,90,#E6E3B1
58,23,90,#E6E4B1
59,23,90,#E6E5B1
60,23,90,#E6E6B1
61,23,90,#E5E6B1
62,23,90,#E4E6B1
63,23,90,#E3E6B1
64,23,90,#E2E6B1
65,23,90,#E1E6B1
66,23,90,#E0E6B1
67,23,90,#DFE6B1
68,23,90,#DEE6B1
69,23,90,#DEE6B1
70,23,90,#DDE6B1
71,23,90,#DCE6B1
72,23,90,#DBE6B1
73,23,90,#DAE6B1
74,23,90,#D9E6B1
75,23,90,#D8E6B1
76,23,90,#D7E6B1
77,23,90,#D7E6B1
78,23,90,#D6E6B1
79,23,90,#D5E6B1
80,23,90,#D4E6B1
81,23,90,#D3E6B1
82,23,90,#D2E6B1
83,23,90,#D1E6B1
84,23,90,#D0E6B1
85,23,90,#D0E6B1
86,23,90,#CFE6B1
87,23,90,#CEE6B1
88,23,90,#CDE6B1
89,23,90,#CCE6B1
90,23,90,#CBE6B1
91,23,90,#CAE6B1
92,23,90,#C9E6B1
93,23,90,#C8E6B1
94,23,90,#C8E6B1
95,23,90,#C7E6B1
96,23,90,#C6E6B1
97,23,90,#C5E6B1
98,23,90,#C4E6B1
99,23,90,#C3E6B1
100,23,90,#C2E6B1
101,23,90,#C1E6B1
102,23,90,#C1E6B1
103,23,90,#C0E6B1
104,23,90,#BFE6B1
105,23,90,#BEE6B1
106,23,90,#BDE6B1
107,23,90,#BCE6B1
108,23,90,#BBE6B1
109,23,90,#BAE6B1
110,23,90,#BAE6B1
111,23,90,#B9E6B1
112,23,90,#B8E6B1
113,23,90,#B7E6B1
114,23,90,#B6E6B1
115,23,90,#B5E6B1
116,23,90,#B4E6B1
117,23,90,#B3E6B1
118,23,90,#B2E6B1
119,23,90,#B2E6B1
120,23,90,#B1E6B1
121,23,90,#B1E6B2
122,23,90,#B1E6B2
123,23,90,#B1E6B3
124,23,90,#B1E6B4
125,23,90,#B1E6B5
126,23,90,#B1E6B6
127,23,90,#B1E6B7
128,23,90,#B1E6B8
129,23,90,#B1E6B9
130,23,90,#B1E6BA
131,23,90,#B1E6BA
132,23,90,#B1E6BB
133,23,90,#B1E6BC
134,23,90,#B1E6BD
135,23,90,#B1E6BE
136,23,90,#B1E6BF
137,23,90,#B1E6C0
138,23,90,#B1E6C1
139,23,90,#B1E6C1
140,23,90,#B1E6C2
141,23,90,#B1E6C3
142,23,90,#B1E6C4
143,23,90,#B1E6C5
144,23,90,#B1E6C6
145,23,90,#B1E6C7
146,23,90,#B1E6C8
147,23,90,#B1E6C8
148,23,90,#B1E6C9
149,23,90,#B1E6CA
150,23,90,#B1E6CB
151,23,90,#B1E6CC
152,23,90,#B1E6CD
153,23,90,#B1E6CE
154,23,90,#B1E6CF
155,23,90,#B1E6D0
156,23,90,#B1E6D0
157,23,90,#B1E6D1
158,23,90,#B1E6D2
159,23,90,#B1E6D3
160,23,90,#B1E6D4
161,23,90,#B1E6D5
162,23,90,#B1E6D6
163,23,90,#B1E6D7
164,23,90,#B1E6D7
165,23,90,#B1E6D8
166,23,90,#B1E6D9
167,23,90,#B1E6DA
168,23,90,#B1E6DB
169,23,90,#B1E6DC
170,23,90,#B1E6DD
171,23,90,#B1E6DE
172,23,90,#B1E6DE
173,23,90,#B1E6DF
174,23,90,#B1E6E0
175,23,90,#B1E6E1
176,23,90,#B1E6E2
177,23,90,#B1E6E3
178,23,90,#B1E6E4
179,23,90,#B1E6E5
180,23,90,#B1E6E6
181,23,90,#B1E5E6
182,23,90,#B1E4E6
183,23,90,#B1E3E6
184,23,90,#B1E2E6
185,23,90,#B1E1E6
186,23,90,#B1E0E6
187,23,90,#B1DFE6
188,23,90,#B1DEE6
189,23,90,#B1DEE6
190,23,90,#B1DDE6
191,23,90,#B1DCE6
192,23,90,#B1DBE6
193,23,90,#B1DAE6
194,23,90,#B1D9E6
195,23,90,#B1D8E6
196,23,90,#B1D7E6
197,23,90,#B1D7E6
198,23,90,#B1D6E6
199,23,90,#B1D5E6
200,23,90,#B1D4E6
201,23,90,#B1D3E6
202,23,90,#B1D2E6
203,23,90,#B1D1E6
204,23,90,#B1D0E6
205,23,90,#B1D0E6
206,23,90,#B1CFE6
207,23,90,#B1CEE6
208,23,90,#B1CDE6
209,23,90,#B1CCE6
210,23,90,#B1CBE6
211,23,90,#B1CAE6
212,23,90,#B1C9E6
213,23,90,#B1C8E6
214,23,90,#B1C8E6
215,23,90,#B1C7E6
216,23,90,#B1C6E6
217,23,90,#B1C5E6
218,23,90,#B1C4E6
219,23,90,#B1C3E6
220,23,90,#B1C2E6
221,23,90,#B1C1E6
222,23,90,#B1C1E6
223,23,90,#B1C0E6
224,23,90,#B1BFE6
225,23,90,#B1BEE6
226,23,90,#B1BDE6
227,23,90,#B1BCE6
228,23,90,#B1BBE6
229,23,90,#B1BAE6
230,23,90,#B1BAE6
231,23,90,#B1B9E6
232,23,90,#B1B8E6
233,23,90,#B1B7E6
234,23,90,#B1B6E6
235,23,90,#B1B5E6
236,23,90,#B1B4E6
237,23,90,#B1B3E6
238,23,90,#B1B2E6
239,23,90,#B1B2E6
240,23,90,#B1B1E6
241,23,90,#B2B1E6
242,23,90,#B2B1E6
243,23,90,#B3B1E6
244,23,90,#B4B1E6
245,23,90,#B5B1E6
246,23,90,#B6B1E6
247,23,90,#B7B1E6
248,23,90,#B8B1E6
249,23,90,#B9B1E6
250,23,90,#BAB1E6
251,23,90,#BAB1E6
252,23,90,#BBB1E6
253,23,90,#BCB1E6
254,23,90,#BDB1E6
255,23,90,#BEB1E6
256,23,90,#BFB1E6
257,23,90,#C0B1E6
258,23,90,#C1B1E6
259,23,90,#C1B1E6
260,23,90,#C2B1E6
261,23,90,#C3B1E6
262,23,90,#C4B1E6
263,23,90,#C5B1E6
264,23,90,#C6B1E6
265,23,90,#C7B1E6
266,23,90,#C8B1E6
267,23,90,#C8B1E6
268,23,90,#C9B1E6
269,23,90,#CAB1E6
270,23,90,#CBB1E6
271,23,90,#CCB1E6
272,23,90,#CDB1E6
273,23,90,#CEB1E6
274,23,90,#CFB1E6
275,23,90,#D0B1E6
276,23,90,#D0B1E6
277,23,90,#D1B1E6
278,23,90,#D2B1E6
279,23,90,#D3B1E6
280,23,90,#D4B1E6
281,23,90,#D5B1E6
282,23,90,#D6B1E6
283,23,90,#D7B1E6
284,23,90,#D7B1E6
285,23,90,#D8B1E6
286,23,90,#D9B1E6
287,23,90,#DAB1E6
288,23,90,#DBB1E6
289,23,90,#DCB1E6
290,23,90,#DDB1E6
291,23,90,#DEB1E6
292,23,90,#DEB1E6
293,23,90,#DFB1E6
294,23,90,#E0B1E6
295,23,90,#E1B1E6
296,23,90,#E2B1E6
297,23,90,#E3B1E6
298,23,90,#E4B1E6
299,23,90,#E5B1E6
300,23,90,#E6B1E6
301,23,90,#E6B1E5
302,23,90,#E6B1E4
303,23,90,#E6B1E3
304,23,90,#E6B1E2
305,23,90,#E6B1E1
306,23,90,#E6B1E0
307,23,90,#E6B1DF
308,23,90,#E6B1DE
309,23,90,#E6B1DE
310,23,90,#E6B1DD
311,23,90,#E6B1DC
312,23,90,#E6B1DB
313,23,90,#E6B1DA
314,23,90,#E6B1D9
315,23,90,#E6B1D8
316,23,90,#E6B1D7
317,23,90,#E6B1D7
318,23,90,#E6B1D6
319,23,90,#E6B1D5
320,23,90,#E6B1D4
321,23,90,#E6B1D3
322,23,90,#E6B1D2
323,23,90,#E6B1D1
324,23,90,#E6B1D0
325,23,90,#E6B1D0
326,23,90,#E6B1CF
327,23,90,#E6B1CE
328,23,90,#E6B1CD
329,23,90,#E6B1CC
330,23,90,#E6B1CB
331,23,90,#E6B1CA
332,23,90,#E6B1C9
333,23,90,#E6B1C8
334,23,90,#E6B1C8
335,23,90,#E6B1C7
336,23,90,#E6B1C6
337,23,90,#E6B1C5
338,23,90,#E6B1C4
339,23,90,#E6B1C3
340,23,90,#E6B1C2
341,23,90,#E6B1C1
342,23,90,#E6B1C1
343,23,90,#E6B1C0
344,23,90,#E6B1BF
345,23,90,#E6B1BE
346,23,90,#E6B1BD
347,23,90,#E6B1BC
348,23,90,#E6B1BB
349,23,90,#E6B1BA
350,23,90,#E6B1BA
351,23,90,#E6B1B9
352,23,90,#E6B1B8
353,23,90,#E6B1B7
354,23,90,#E6B1B6
355,23,90,#E6B1B5
356,23,90,#E6B1B4
357,23,90,#E6B1B3
358,23,90,#E6B1B2
359,23,90,#E6B1B2
0,22,90,#E6B3B3
1,22,90,#E6B4B3
2,22,90,#E6B5B3
3,22,90,#E6B6B3
4,22,90,#E6B6B3
5,22,90,#E6B7B3
6,22,90,#E6B8B3
7,22,90,#E6B9B3
8,22,90,#E6BAB3
9,22,90,#E6BBB3
10,22,90,#E6BBB3
11,22,90,#E6BCB3
12,22,90,#E6BDB3
13,22,90,#E6BEB3
14,22,90,#E6BFB3
15,22,90,#E6C0B3
16,22,90,#E6C0B3
17,22,90,#E6C1B3
18,22,90,#E6C2B3
19,22,90,#E6C3B3
20,22,90,#E6C4B3
21,22,90,#E6C5B3
22,22,90,#E6C6B3
23,22,90,#E6C6B3
24,22,90,#E6C7B3
25,22,90,#E6C8B3
26,22,90,#E6C9B3
27,22,90,#E6CAB3
28,22,90,#E6CBB3
29,22,90,#E6CBB3
30,22,90,#E6CCB3
31,22,90,#E6CDB3
32,22,90,#E6CEB3
33,22,90,#E6CFB3
34,22,90,#E6D0B3
35,22,90,#E6D0B3
36,22,90,#E6D1B3
37,22,90,#E6D2B3
38,22,90,#E6D3B3
39,22,90,#E6D4B3
40,22,90,#E6D5B3
41,22,90,#E6D6B3
42,22,90,#E6D6B3
43,22,90,#E6D7B3
44,22,90,#E6D8B3
45,22,90,#E6D9B3
46,22,90,#E6DAB3
47,22,90,#E6DBB3
48,22,90,#E6DBB3
49,22,90,#E6DCB3
50,22,90,#E6DDB3
51,22,90,#E6DEB3
52,22,90,#E6DFB3
53,22,90,#E6E0B3
54,22,90,#E6E0B3
55,22,90,#E6E1B3
56,22,90,#E6E2B3
57,22,90,#E6E3B3
58,22,90,#E6E4B3
59,22,90,#E6E5B3
60,22,90,#E6E6B3
61,22,90,#E5E6B3
62,22,90,#E4E6B3
63,22,90,#E3E6B3
64,22,90,#E2E6B3
65,22,90,#E1E6B3
66,22,90,#E0E6B3
67,22,90,#E0E6B3
68,22,90,#DFE6B3
69,22,90,#DEE6B3
70,22,90,#DDE6B3
71,22,90,#DCE6B3
72,22,90,#DBE6B3
73,22,90,#DBE6B3
74,22,90,#DAE6B3
75,22,90,#D9E6B3
76,22,90,#D8E6B3
77,22,90,#D7E6B3
78,22,90,#D6E6B3
79,22,90,#D6E6B3
80,22,90,#D5E6B3
81,22,90,#D4E6B3
82,22,90,#D3E6B3
83,22,90,#D2E6B3
84,22,90,#D1E6B3
85,22,90,#D0E6B3
86,22,90,#D0E6B3
87,22,90,#CFE6B3
88,22,90,#CEE6B3
89,22,90,#CDE6B3
90,22,90,#CCE6B3
91,22,90,#CBE6B3
92,22,90,#CBE6B3
93,22,90,#CAE6B3
94,22,90,#C9E6B3
95,22,90,#C8E6B3
96,22,90,#C7E6B3
97,22,90,#C6E6B3
98,22,90,#C6E6B3
99,22,90,#C5E6B3
100,22,90,#C4E6B3
101,22,90,#C3E6B3
102,22,90,#C2E6B3
103,22,90,#C1E6B3
104,22,90,#C0E6B3
105,22,90,#C0E6B3
106,22,90,#BFE6B3
107,22,90,#BEE6B3
108,22,90,#BDE6B3
109,22,90,#BCE6B3
110,22,90,#BBE6B3
111,22,90,#BBE6B3
112,22,90,#BAE6B3
113,22,90,#B9E6B3
114,22,90,#B8E6B3
115,22,90,#B7E6B3
116,22,90,#B6E6B3
117,22,90,#B6E6B3
118,22,90,#B5E6B3
119,22,90,#B4E6B3
120,22,90,#B3E6B3
121,22,90,#B3E6B4
122,22,90,#B3E6B5
123,22,90,#B3E6B6
124,22,90,#B3E6B6
125,22,90,#B3E6B7
126,22,90,#B3E6B8
127,22,90,#B3E6B9
128,22,90,#B3E6BA
129,22,90,#B3E6BB
130,22,90,#B3E6BB
131,22,90,#B3E6BC
132,22,90,#B3E6BD
133,22,90,#B3E6BE
134,22,90,#B3E6BF
135,22,90,#B3E6C0
136,22,90,#B3E6C0
137,22,90,#B3E6C1
138,22,90,#B3E6C2
139,22,90,#B3E6C3
140,22,90,#B3E6C4
141,22,90,#B3E6C5
142,22,90,#B3E6C6
143,22,90,#B3E6C6
144,22,90,#B3E6C7
145,22,90,#B3E6C8
146,22,90,#B3E6C9
147,22,90,#B3E6CA
148,22,90,#B3E6CB
149,22,90,#B3E6CB
150,22,90,#B3E6CC
151,22,90,#B3E6CD
152,22,90,#B3E6CE
153,22,90,#B3E6CF
154,22,90,#B3E6D0
155,22,90,#B3E6D0
156,22,90,#B3E6D1
157,22,90,#B3E6D2
158,22,90,#B3E6D3
159,22,90,#B3E6D4
160,22,90,#B3E6D5
161,22,90,#B3E6D6
162,22,90,#B3E6D6
163,22,90,#B3E6D7
164,22,90,#B3E6D8
165,22,90,#B3E6D9
166,22,90,#B3E6DA
167,22,90,#B3E6DB
168,22,90,#B3E6DB
169,22,90,#B3E6DC
170,22,90,#B3E6DD
171,22,90,#B3E6DE
172,22,90,#B3E6DF
173,22,90,#B3E6E0
174,22,90,#B3E6E0
175,22,90,#B3E6E1
176,22,90,#B3E6E2
177,22,90,#B3E6E3
178,22,90,#B3E6E4
179,22,90,#B3E6E5
180,22,90,#B3E6E6
181,22,90,#B3E5E6
182,22,90,#B3E4E6
183,22,90,#B3E3E6
184,22,90,#B3E2E6
185,22,90,#B3E1E6
186,22,90,#B3E0E6
187,22,90,#B3E0E6
188,22,90,#B3DFE6
189,22,90,#B3DEE6
190,22,90,#B3DDE6
191,22,90,#B3DCE6
192,22,90,#B3DBE6
193,22,90,#B3DBE6
194,22,90,#B3DAE6
195,22,90,#B3D9E6
196,22,90,#B3D8E6
197,22,90,#B3D7E6
198,22,90,#B3D6E6
199,22,90,#B3D6E6
200,22,90,#B3D5E6
201,22,90,#B3D4E6
202,22,90,#B3D3E6
203,22,90,#B3D2E6
204,22,90,#B3D1E6
205,22,90,#B3D0E6
206,22,90,#B3D0E6
207,22,90,#B3CFE6
208,22,90,#B3CEE6
209,22,90,#B3CDE6
210,22,90,#B3CCE6
211,22,90,#B3CBE6
212,22,90,#B3CBE6
213,22,90,#B3CAE6
214,22,90,#B3C9E6
215,22,90,#B3C8E6
216,22,90,#B3C7E6
217,22,90,#B3C6E6
218,22,90,#B3C6E6
219,22,90,#B3C5E6
220,22,90,#B3C4E6
221,22,90,#B3C3E6
222,22,90,#B3C2E6
223,22,90,#B3C1E6
224,22,90,#B3C0E6
225,22,90,#B3C0E6
226,22,90,#B3BFE6
227,22,90,#B3BEE6
228,22,90,#B3BDE6
229,22,90,#B3BCE6
230,22,90,#B3BBE6
231,22,90,#B3BBE6
232,22,90,#B3BAE6
233,22,90,#B3B9E6
234,22,90,#B3B8E6
235,22,90,#B3B7E6
236,22,90,#B3B6E6
237,22,90,#B3B6E6
238,22,90,#B3B5E6
239,22,90,#B3B4E6
240,22,90,#B3B3E6
241,22,90,#B4B3E6
242,22,90,#B5B3E6
243,22,90,#B6B3E6
244,22,90,#B6B3E6
245,22,90,#B7B3E6
246,22,90,#B8B3E6
247,22,90,#B9B3E6
248,22,90,#BAB3E6
249,22,90,#BBB3E6
250,22,90,#BBB3E6
251,22,90,#BCB3E6
252,22,90,#BDB3E6
253,22,90,#BEB3E6
254,22,90,#BFB3E6
255,22,90,#C0B3E6
256,22,90,#C0B3E6
257,22,90,#C1B3E6
258,22,90,#C2B3E6
259,22,90,#C3B3E6
260,22,90,#C4B3E6
261,22,90,#C5B3E6
262,22,90,#C6B3E6
263,22,90,#C6B3E6
264,22,90,#C7B3E6
265,22,90,#C8B3E6
266,22,90,#C9B3E6
267,22,90,#CAB3E6
268,22,90,#CBB3E6
269,22,90,#CBB3E6
270,22,90,#CCB3E6
271,22,90,#CDB3E6
272,22,90,#CEB3E6
273,22,90,#CFB3E6
274,22,90,#D0B3E6
275,22,90,#D0B3E6
276,22,90,#D1B3E6
277,22,90,#D2B3E6
278,22,90,#D3B3E6
279,22,90,#D4B3E6
280,22,90,#D5B3E6
281,22,90,#D6B3E6
282,22,90,#D6B3E6
283,22,90,#D7B3E6
284,22,90,#D8B3E6
285,22,90,#D9B3E6
286,22,90,#DAB3E6
287,22,90,#DBB3E6
288,22,90,#DBB3E6
289,22,90,#DCB3E6
290,22,90,#DDB3E6
291,22,90,#DEB3E6
292,22,90,#DFB3E6
293,22,90,#E0B3E6
294,22,90,#E0B3E6
295,22,90,#E1B3E6
296,22,90,#E2B3E6
297,22,90,#E3B3E6
298,22,90,#E4B3E6
299,22,90,#E5B3E6
300,22,90,#E6B3E6
301,22,90,#E6B3E5
302,22,90,#E6B3E4
303,22,90,#E6B3E3
304,22,90,#E6B3E2
305,22,90,#E6B3E1
306,22,90,#E6B3E0
307,22,90,#E6B3E0
308,22,90,#E6B3DF
309,22,90,#E6B3DE
310,22,90,#E6B3DD
311,22,90,#E6B3DC
312,22,90,#E6B3DB
313,22,90,#E6B3DB
314,22,90,#E6B3DA
315,22,90,#E6B3D9
316,22,90,#E6B3D8
317,22,90,#E6B3D7
318,22,90,#E6B3D6
319,22,90,#E6B3D6
320,22,90,#E6B3D5
321,22,90,#E6B3D4
322,22,90,#E6B3D3
323,22,90,#E6B3D2
324,22,90,#E6B3D1
325,22,90,#E6B3D0
326,22,90,#E6B3D0
327,22,90,#E6B3CF
328,22,90,#E6B3CE
329,22,90,#E6B3CD
330,22,90,#E6B3CC
331,22,90,#E6B3CB
332,22,90,#E6B3CB
333,22,90,#E6B3CA
334,22,90,#E6B3C9
335,22,90,#E6B3C8
336,22,90,#E6B3C7
337,22,90,#E6B3C6
338,22,90,#E6B3C6
339,22,90,#E6B3C5
340,22,90,#E6B3C4
341,22,90,#E6B3C3
342,22,90,#E6B3C2
343,22,90,#E6B3C1
344,22,90,#E6B3C0
345,22,90,#E6B3C0
346,22,90,#E6B3BF
347,22,90,#E6B3BE
348,22,90,#E6B3BD
349,22,90,#E6B3BC
350,22,90,#E6B3BB
351,22,90,#E6B3BB
352,22,90,#E6B3BA
353,22,90,#E6B3B9
354,22,90,#E6B3B8
355,22,90,#E6B3B7
356,22,90,#E6B3B6
357,22,90,#E6B3B6
358,22,90,#E6B3B5
359,22,90,#E6B3B4
0,21,90,#E6B5B5
1,21,90,#E6B6B5
2,21,90,#E6B7B5
3,21,90,#E6B8B5
4,21,90,#E6B9B5
5,21,90,#E6B9B5
6,21,90,#E6BAB5
7,21,90,#E6BBB5
8,21,90,#E6BCB5
9,21,90,#E6BDB5
10,21,90,#E6BDB5
11,21,90,#E6BEB5
12,21,90,#E6BFB5
13,21,90,#E6C0B5
14,21,90,#E6C1B5
15,21,90,#E6C1B5
16,21,90,#E6C2B5
17,21,90,#E6C3B5
18,21,90,#E6C4B5
19,21,90,#E6C5B5
20,21,90,#E6C5B5
21,21,90,#E6C6B5
22,21,90,#E6C7B5
23,21,90,#E6C8B5
24,21,90,#E6C9B5
25,21,90,#E6C9B5
26,21,90,#E6CAB5
27,21,90,#E6CBB5
28,21,90,#E6CCB5
29,21,90,#E6CDB5
30,21,90,#E6CDB5
31,21,90,#E6CEB5
32,21,90,#E6CFB5
33,21,90,#E6D0B5
34,21,90,#E6D1B5
35,21,90,#E6D1B5
36,21,90,#E6D2B5
37,21,90,#E6D3B5
38,21,90,#E6D4B5
39,21,90,#E6D5B5
40,21,90,#E6D5B5
41,21,90,#E6D6B5
42,21,90,#E6D7B5
43,21,90,#E6D8B5
44,21,90,#E6D9B5
45,21,90,#E6D9B5
46,21,90,#E6DAB5
47,21,90,#E6DBB5
48,21,90,#E6DCB5
49,21,90,#E6DDB5
50,21,90,#E6DDB5
51,21,90,#E6DEB5
52,21,90,#E6DFB5
53,21,90,#E6E0B5
54,21,90,#E6E1B5
55,21,90,#E6E1B5
56,21,90,#E6E2B5
57,21,90,#E6E3B5
58,21,90,#E6E4B5
59,21,90,#E6E5B5
60,21,90,#E6E6B5
61,21,90,#E5E6B5
62,21,90,#E4E6B5
63,21,90,#E3E6B5
64,21,90,#E2E6B5
65,21,90,#E1E6B5
66,21,90,#E1E6B5
67,21,90,#E0E6B5
68,21,90,#DFE6B5
69,21,90,#DEE6B5
70,21,90,#DDE6B5
71,21,90,#DDE6B5
72,21,90,#DCE6B5
73,21,90,#DBE6B5
74,21,90,#DAE6B5
75,21,90,#D9E6B5
76,21,90,#D9E6B5
77,21,90,#D8E6B5
78,21,90,#D7E6B5
79,21,90,#D6E6B5
80,21,90,#D5E6B5
81,21,90,#D5E6B5
82,21,90,#D4E6B5
83,21,90,#D3E6B5
84,21,90,#D2E6B5
85,21,90,#D1E6B5
86,21,90,#D1E6B5
87,21,90,#D0E6B5
88,21,90,#CFE6B5
89,21,90,#CEE6B5
90,21,90,#CDE6B5
91,21,90,#CDE6B5
92,21,90,#CCE6B5
93,21,90,#CBE6B5
94,21,90,#CAE6B5
95,21,90,#C9E6B5
96,21,90,#C9E6B5
97,21,90,#C8E6B5
98,21,90,#C7E6B5
99,21,90,#C6E6B5
100,21,90,#C5E6B5
101,21,90,#C5E6B5
102,21,90,#C4E6B5
103,21,90,#C3E6B5
104,21,90,#C2E6B5
105,21,90,#C1E6B5
106,21,90,#C1E6B5
107,21,90,#C0E6B5
108,21,90,#BFE6B5
109,21,90,#BEE6B5
110,21,90,#BDE6B5
111,21,90,#BDE6B5
112,21,90,#BCE6B5
113,21,90,#BBE6B5
114,21,90,#BAE6B5
115,21,90,#B9E6B5
116,21,90,#B9E6B5
117,21,90,#B8E6B5
118,21,90,#B7E6B5
119,21,90,#B6E6B5
120,21,90,#B5E6B5
121,21,90,#B5E6B6
122,21,90,#B5E6B7
123,21,90,#B5E6B8
124,21,90,#B5E6B9
125,21,90,#B5E6B9
126,21,90,#B5E6BA
127,21,90,#B5E6BB
128,21,90,#B5E6BC
129,21,90,#B5E6BD
130,21,90,#B5E6BD
131,21,90,#B5E6BE
132,21,90,#B5E6BF
133,21,90,#B5E6C0
134,21,90,#B5E6C1
135,21,90,#B5E6C1
136,21,90,#B5E6C2
137,21,90,#B5E6C3
138,21,90,#B5E6C4
139,21,90,#B5E6C5
140,21,90,#B5E6C5
141,21,90,#B5E6C6
142,21,90,#B5E6C7
143,21,90,#B5E6C8
144,21,90,#B5E6C9
145,21,90,#B5E6C9
146,21,90,#B5E6CA
147,21,90,#B5E6CB
148,21,90,#B5E6CC
149,21,90,#B5E6CD
150,21,90,#B5E6CD
151,21,90,#B5E6CE
152,21,90,#B5E6CF
153,21,90,#B5E6D0
154,21,90,#B5E6D1
155,21,90,#B5E6D1
156,21,90,#B5E6D2
157,21,90,#B5E6D3
158,21,90,#B5E6D4
159,21,90,#B5E6D5
160,21,90,#B5E6D5
161,21,90,#B5E6D6
162,21,90,#B5E6D7
163,21,90,#B5E6D8
164,21,90,#B5E6D9
165,21,90,#B5E6D9
166,21,90,#B5E6DA
167,21,90,#B5E6DB
168,21,90,#B5E6DC
169,21,90,#B5E6DD
170,21,90,#B5E6DD
171,21,90,#B5E6DE
172,21,90,#B5E6DF
173,21,90,#B5E6E0
174,21,90,#B5E6E1
175,21,90,#B5E6E1
176,21,90,#B5E6E2
177,21,90,#B5E6E3
178,21,90,#B5E6E4
179,21,90,#B5E6E5
180,21,90,#B5E6E6
181,21,90,#B5E5E6
182,21,90,#B5E4E6
183,21,90,#B5E3E6
184,21,90,#B5E2E6
185,21,90,#B5E1E6
186,21,90,#B5E1E6
187,21,90,#B5E0E6
188,21,90,#B5DFE6
189,21,90,#B5DEE6
190,21,90,#B5DDE6
191,21,90,#B5DDE6
192,21,90,#B5DCE6
193,21,90,#B5DBE6
194,21,90,#B5DAE6
195,21,90,#B5D9E6
196,21,90,#B5D9E6
197,21,90,#B5D8E6
198,21,90,#B5D7E6
199,21,90,#B5D6E6
200,21,90,#B5D5E6
201,21,90,#B5D5E6
202,21,90,#B5D4E6
203,21,90,#B5D3E6
204,21,90,#B5D2E6
205,21,90,#B5D1E6
206,21,90,#B5D1E6
207,21,90,#B5D0E6
208,21,90,#B5CFE6
209,21,90,#B5CEE6
210,21,90,#B5CDE6
211,21,90,#B5CDE6
212,21,90,#B5CCE6
213,21,90,#B5CBE6
214,21,90,#B5CAE6
215,21,90,#B5C9E6
216,21,90,#B5C9E6
217,21,90,#B5C8E6
218,21,90,#B5C7E6
219,21,90,#B5C6E6
220,21,90,#B5C5E6
221,21,90,#B5C5E6
222,21,90,#B5C4E6
223,21,90,#B5C3E6
224,21,90,#B5C2E6
225,21,90,#B5C1E6
226,21,90,#B5C1E6
227,21,90,#B5C0E6
228,21,90,#B5BFE6
229,21,90,#B5BEE6
230,21,90,#B5BDE6
231,21,90,#B5BDE6
232,21,90,#B5BCE6
233,21,90,#B5BBE6
234,21,90,#B5BAE6
235,21,90,#B5B9E6
236,21,90,#B5B9E6
237,21,90,#B5B8E6
238,21,90,#B5B7E6
239,21,90,#B5B6E6
240,21,90,#B5B5E6
241,21,90,#B6B5E6
242,21,90,#B7B5E6
243,21,90,#B8B5E6
244,21,90,#B9B5E6
245,21,90,#B9B5E6
246,21,90,#BAB5E6
247,21,90,#BBB5E6
248,21,90,#BCB5E6
249,21,90,#BDB5E6
250,21,90,#BDB5E6
251,21,90,#BEB5E6
252,21,90,#BFB5E6
253,21,90,#C0B5E6
254,21,90,#C1B5E6
255,21,90,#C1B5E6
256,21,90,#C2B5E6
257,21,90,#C3B5E6
258,21,90,#C4B5E6
259,21,90,#C5B5E6
260,21,90,#C5B5E6
261,21,90,#C6B5E6
262,21,90,#C7B5E6
263,21,90,#C8B5E6
264,21,90,#C9B5E6
265,21,90,#C9B5E6
266,21,90,#CAB5E6
267,21,90,#CBB5E6
268,21,90,#CCB5E6
269,21,90,#CDB5E6
270,21,90,#CDB5E6
271,21,90,#CEB5E6
272,21,90,#CFB5E6
273,21,90,#D0B5E6
274,21,90,#D1B5E6
275,21,90,#D1B5E6
276,21,90,#D2B5E6
277,21,90,#D3B5E6
278,21,90,#D4B5E6
279,21,90,#D5B5E6
280,21,90,#D5B5E6
281,21,90,#D6B5E6
282,21,90,#D7B5E6
283,21,90,#D8B5E6
284,21,90,#D9B5E6
285,21,90,#D9B5E6
286,21,90,#DAB5E6
287,21,90,#DBB5E6
288,21,90,#DCB5E6
289,21,90,#DDB5E6
290,21,90,#DDB5E6
291,21,90,#DEB5E6
292,21,90,#DFB5E6
293,21,90,#E0B5E6
294,21,90,#E1B5E6
295,21,90,#E1B5E6
296,21,90,#E2B5E6
297,21,90,#E3B5E6
298,21,90,#E4B5E6
299,21,90,#E5B5E6
300,21,90,#E6B5E6
301,21,90,#E6B5E5
302,21,90,#E6B5E4
303,21,90,#E6B5E3
304,21,90,#E6B5E2
305,21,90,#E6B5E1
306,21,90,#E6B5E1
307,21,90,#E6B5E0
308,21,90,#E6B5DF
309,21,90,#E6B5DE
310,21,90,#E6B5DD
311,21,90,#E6B5DD
312,21,90,#E6B5DC
313,21,90,#E6B5DB
314,21,90,#E6B5DA
315,21,90,#E6B5D9
316,21,90,#E6B5D9
317,21,90,#E6B5D8
318,21,90,#E6B5D7
319,21,90,#E6B5D6
320,21,90,#E6B5D5
321,21,90,#E6B5D5
322,21,90,#E6B5D4
323,21,90,#E6B5D3
324,21,90,#E6B5D2
325,21,90,#E6B5D1
326,21,90,#E6B5D1
327,21,90,#E6B5D0
328,21,90,#E6B5CF
329,21,90,#E6B5CE
330,21,90,#E6B5CD
331,21,90,#E6B5CD
332,21,90,#E6B5CC
333,21,90,#E6B5CB
334,21,90,#E6B5CA
335,21,90,#E6B5C9
336,21,90,#E6B5C9
337,21,90,#E6B5C8
338,21,90,#E6B5C7
339,21,90,#E6B5C6
340,21,90,#E6B5C5
341,21,90,#E6B5C5
342,21,90,#E6B5C4
343,21,90,#E6B5C3
344,21,90,#E6B5C2
345,21,90,#E6B5C1
346,21,90,#E6B5C1
347,21,90,#E6B5C0
348,21,90,#E6B5BF
349,21,90,#E6B5BE
350,21,90,#E6B5BD
351,21,90,#E6B5BD
352,21,90,#E6B5BC
353,21,90,#E6B5BB
354,21,90,#E6B5BA
355,21,90,#E6B5B9
356,21,90,#E6B5B9
357,21,90,#E6B5B8
358,21,90,#E6B5B7
359,21,90,#E6B5B6
0,20,90,#E6B8B8
1,20,90,#E6B8B8
2,20,90,#E6B9B8
3,20,90,#E6BAB8
4,20,90,#E6BBB8
5,20,90,#E6BBB8
6,20,90,#E6BCB8
7,20,90,#E6BDB8
8,20,90,#E6BEB8
9,20,90,#E6BEB8
10,20,90,#E6BFB8
11,20,90,#E6C0B8
12,20,90,#E6C1B8
13,20,90,#E6C2B8
14,20,90,#E6C2B8
15,20,90,#E6C3B8
16,20,90,#E6C4B8
17,20,90,#E6C5B8
18,20,90,#E6C5B8
19,20,90,#E6C6B8
20,20,90,#E6C7B8
21,20,90,#E6C8B8
22,20,90,#E6C8B8
23,20,90,#E6C9B8
24,20,90,#E6CAB8
25,20,90,#E6CBB8
26,20,90,#E6CBB8
27,20,90,#E6CCB8
28,20,90,#E6CDB8
29,20,90,#E6CEB8
30,20,90,#E6CFB8
31,20,90,#E6CFB8
32,20,90,#E6D0B8
33,20,90,#E6D1B8
34,20,90,#E6D2B8
35,20,90,#E6D2B8
36,20,90,#E6D3B8
37,20,90,#E6D4B8
38,20,90,#E6D5B8
39,20,90,#E6D5B8
40,20,90,#E6D6B8
41,20,90,#E6D7B8
42,20,90,#E6D8B8
43,20,90,#E6D8B8
44,20,90,#E6D9B8
45,20,90,#E6DAB8
46,20,90,#E6DBB8
47,20,90,#E6DCB8
48,20,90,#E6DCB8
49,20,90,#E6DDB8
50,20,90,#E6DEB8
51,20,90,#E6DFB8
52,20,90,#E6DFB8
53,20,90,#E6E0B8
54,20,90,#E6E1B8
55,20,90,#E6E2B8
56,20,90,#E6E2B8
57,20,90,#E6E3B8
58,20,90,#E6E4B8
59,20,90,#E6E5B8
60,20,90,#E6E6B8
61,20,90,#E5E6B8
62,20,90,#E4E6B8
63,20,90,#E3E6B8
64,20,90,#E2E6B8
65,20,90,#E2E6B8
66,20,90,#E1E6B8
67,20,90,#E0E6B8
68,20,90,#DFE6B8
69,20,90,#DFE6B8
70,20,90,#DEE6B8
71,20,90,#DDE6B8
72,20,90,#DCE6B8
73,20,90,#DCE6B8
74,20,90,#DBE6B8
75,20,90,#DAE6B8
76,20,90,#D9E6B8
77,20,90,#D8E6B8
78,20,90,#D8E6B8
79,20,90,#D7E6B8
80,20,90,#D6E6B8
81,20,90,#D5E6B8
82,20,90,#D5E6B8
83,20,90,#D4E6B8
84,20,90,#D3E6B8
85,20,90,#D2E6B8
86,20,90,#D2E6B8
87,20,90,#D1E6B8
88,20,90,#D0E6B8
89,20,90,#CFE6B8
90,20,90,#CFE6B8
91,20,90,#CEE6B8
92,20,90,#CDE6B8
93,20,90,#CCE6B8
94,20,90,#CBE6B8
95,20,90,#CBE6B8
96,20,90,#CAE6B8
97,20,90,#C9E6B8
98,20,90,#C8E6B8
99,20,90,#C8E6B8
100,20,90,#C7E6B8
101,20,90,#C6E6B8
102,20,90,#C5E6B8
103,20,90,#C5E6B8
104,20,90,#C4E6B8
105,20,90,#C3E6B8
106,20,90,#C2E6B8
107,20,90,#C2E6B8
108,20,90,#C1E6B8
109,20,90,#C0E6B8
110,20,90,#BFE6B8
111,20,90,#BEE6B8
112,20,90,#BEE6B8
113,20,90,#BDE6B8
114,20,90,#BCE6B8
115,20,90,#BBE6B8
116,20,90,#BBE6B8
117,20,90,#BAE6B8
118,20,90,#B9E6B8
119,20,90,#B8E6B8
120,20,90,#B8E6B8
121,20,90,#B8E6B8
122,20,90,#B8E6B9
123,20,90,#B8E6BA
124,20,90,#B8E6BB
125,20,90,#B8E6BB
126,20,90,#B8E6BC
127,20,90,#B8E6BD
128,20,90,#B8E6BE
129,20,90,#B8E6BE
130,20,90,#B8E6BF
131,20,90,#B8E6C0
132,20,90,#B8E6C1
133,20,90,#B8E6C2
134,20,90,#B8E6C2
135,20,90,#B8E6C3
136,20,90,#B8E6C4
137,20,90,#B8E6C5
138,20,90,#B8E6C5
139,20,90,#B8E6C6
140,20,90,#B8E6C7
141,20,90,#B8E6C8
142,20,90,#B8E6C8
143,20,90,#B8E6C9
144,20,90,#B8E6CA
145,20,90,#B8E6CB
146,20,90,#B8E6CB
147,20,90,#B8E6CC
148,20,90,#B8E6CD
149,20,90,#B8E6CE
150,20,90,#B8E6CF
151,20,90,#B8E6CF
152,20,90,#B8E6D0
153,20,90,#B8E6D1
154,20,90,#B8E6D2
155,20,90,#B8E6D2
156,20,90,#B8E6D3
157,20,90,#B8E6D4
158,20,90,#B8E6D5
159,20,90,#B8E6D5
160,20,90,#B8E6D6
161,20,90,#B8E6D7
162,20,90,#B8E6D8
163,20,90,#B8E6D8
164,20,90,#B8E6D9
165,20,90,#B8E6DA
166,20,90,#B8E6DB
167,20,90,#B8E6DC
168,20,90,#B8E6DC
169,20,90,#B8E6DD
170,20,90,#B8E6DE
171,20,90,#B8E6DF
172,20,90,#B8E6DF
173,20,90,#B8E6E0
174,20,90,#B8E6E1
175,20,90,#B8E6E2
176,20,90,#B8E6E2
177,20,90,#B8E6E3
178,20,90,#B8E6E4
179,20,90,#B8E6E5
180,20,90,#B8E6E6
181,20,90,#B8E5E6
182,20,90,#B8E4E6
183,20,90,#B8E3E6
184,20,90,#B8E2E6
185,20,90,#B8E2E6
186,20,90,#B8E1E6
187,20,90,#B8E0E6
188,20,90,#B8DFE6
189,20,90,#B8DFE6
190,20,90,#B8DEE6
191,20,90,#B8DDE6
192,20,90,#B8DCE6
193,20,90,#B8DCE6
194,20,90,#B8DBE6
195,20,90,#B8DAE6
196,20,90,#B8D9E6
197,20,90,#B8D8E6
198,20,90,#B8D8E6
199,20,90,#B8D7E6
200,20,90,#B8D6E6
201,20,90,#B8D5E6
202,20,90,#B8D5E6
203,20,90,#B8D4E6
204,20,90,#B8D3E6
205,20,90,#B8D2E6
206,20,90,#B8D2E6
207,20,90,#B8D1E6
208,20,90,#B8D0E6
209,20,90,#B8CFE6
210,20,90,#B8CFE6
211,20,90,#B8CEE6
212,20,90,#B8CDE6
213,20,90,#B8CCE6
214,20,90,#B8CBE6
215,20,90,#B8CBE6
216,20,90,#B8CAE6
217,20,90,#B8C9E6
218,20,90,#B8C8E6
219,20,90,#B8C8E6
220,20,90,#B8C7E6
221,20,90,#B8C6E6
222,20,90,#B8C5E6
223,20,90,#B8C5E6
224,20,90,#B8C4E6
225,20,90,#B8C3E6
226,20,90,#B8C2E6
227,20,90,#B8C2E6
228,20,90,#B8C1E6
229,20,90,#B8C0E6
230,20,90,#B8BFE6
231,20,90,#B8BEE6
232,20,90,#B8BEE6
233,20,90,#B8BDE6
234,20,90,#B8BCE6
235,20,90,#B8BBE6
236,20,90,#B8BBE6
237,20,90,#B8BAE6
238,20,90,#B8B9E6
239,20,90,#B8B8E6
240,20,90,#B8B8E6
241,20,90,#B8B8E6
242,20,90,#B9B8E6
243,20,90,#BAB8E6
244,20,90,#BBB8E6
245,20,90,#BBB8E6
246,20,90,#BCB8E6
247,20,90,#BDB8E6
248,20,90,#BEB8E6
249,20,90,#BEB8E6
250,20,90,#BFB8E6
251,20,90,#C0B8E6
252,20,90,#C1B8E6
253,20,90,#C2B8E6
254,20,90,#C2B8E6
255,20,90,#C3B8E6
256,20,90,#C4B8E6
257,20,90,#C5B8E6
258,20,90,#C5B8E6
259,20,90,#C6B8E6
260,20,90,#C7B8E6
261,20,90,#C8B8E6
262,20,90,#C8B8E6
263,20,90,#C9B8E6
264,20,90,#CAB8E6
265,20,90,#CBB8E6
266,20,90,#CBB8E6
267,20,90,#CCB8E6
268,20,90,#CDB8E6
269,20,90,#CEB8E6
270,20,90,#CFB8E6
271,20,90,#CFB8E6
272,20,90,#D0B8E6
273,20,90,#D1B8E6
274,20,90,#D2B8E6
275,20,90,#D2B8E6
276,20,90,#D3B8E6
277,20,90,#D4B8E6
278,20,90,#D5B8E6
279,20,90,#D5B8E6
280,20,90,#D6B8E6
281,20,90,#D7B8E6
282,20,90,#D8B8E6
283,20,90,#D8B8E6
284,20,90,#D9B8E6
285,20,90,#DAB8E6
286,20,90,#DBB8E6
287,20,90,#DCB8E6
288,20,90,#DCB8E6
289,20,90,#DDB8E6
290,20,90,#DEB8E6
291,20,90,#DFB8E6
292,20,90,#DFB8E6
293,20,90,#E0B8E6
294,20,90,#E1B8E6
295,20,90,#E2B8E6
296,20,90,#E2B8E6
297,20,90,#E3B8E6
298,20,90,#E4B8E6
299,20,90,#E5B8E6
300,20,90,#E6B8E6
301,20,90,#E6B8E5
302,20,90,#E6B8E4
303,20,90,#E6B8E3
304,20,90,#E6B8E2
305,20,90,#E6B8E2
306,20,90,#E6B8E1
307,20,90,#E6B8E0
308,20,90,#E6B8DF
309,20,90,#E6B8DF
310,20,90,#E6B8DE
311,20,90,#E6B8DD
312,20,90,#E6B8DC
313,20,90,#E6B8DC
314,20,90,#E6B8DB
315,20,90,#E6B8DA
316,20,90,#E6B8D9
317,20,90,#E6B8D8
318,20,90,#E6B8D8
319,20,90,#E6B8D7
320,20,90,#E6B8D6
321,20,90,#E6B8D5
322,20,90,#E6B8D5
323,20,90,#E6B8D4
324,20,90,#E6B8D3
325,20,90,#E6B8D2
326,20,90,#E6B8D2
327,20,90,#E6B8D1
328,20,90,#E6B8D0
329,20,90,#E6B8CF
330,20,90,#E6B8CF
331,20,90,#E6B8CE
332,20,90,#E6B8CD
333,20,90,#E6B8CC
334,20,90,#E6B8CB
335,20,90,#E6B8CB
336,20,90,#E6B8CA
337,20,90,#E6B8C9
338,20,90,#E6B8C8
339,20,90,#E6B8C8
340,20,90,#E6B8C7
341,20,90,#E6B8C6
342,20,90,#E6B8C5
343,20,90,#E6B8C5
344,20,90,#E6B8C4
345,20,90,#E6B8C3
346,20,90,#E6B8C2
347,20,90,#E6B8C2
348,20,90,#E6B8C1
349,20,90,#E6B8C0
350,20,90,#E6B8BF
351,20,90,#E6B8BE
352,20,90,#E6B8BE
353,20,90,#E6B8BD
354,20,90,#E6B8BC
355,20,90,#E6B8BB
356,20,90,#E6B8BB
357,20,90,#E6B8BA
358,20,90,#E6B8B9
359,20,90,#E6B8B8
0,19,90,#E6BABA
1,19,90,#E6BBBA
2,19,90,#E6BBBA
3,19,90,#E6BCBA
4,19,90,#E6BDBA
5,19,90,#E6BEBA
6,19,90,#E6BEBA
7,19,90,#E6BFBA
8,19,90,#E6C0BA
9,19,90,#E6C0BA
10,19,90,#E6C1BA
11,19,90,#E6C2BA
12,19,90,#E6C3BA
13,19,90,#E6C3BA
14,19,90,#E6C4BA
15,19,90,#E6C5BA
16,19,90,#E6C6BA
17,19,90,#E6C6BA
18,19,90,#E6C7BA
19,19,90,#E6C8BA
20,19,90,#E6C8BA
21,19,90,#E6C9BA
22,19,90,#E6CABA
23,19,90,#E6CBBA
24,19,90,#E6CBBA
25,19,90,#E6CCBA
26,19,90,#E6CDBA
27,19,90,#E6CEBA
28,19,90,#E6CEBA
29,19,90,#E6CFBA
30,19,90,#E6D0BA
31,19,90,#E6D0BA
32,19,90,#E6D1BA
33,19,90,#E6D2BA
34,19,90,#E6D3BA
35,19,90,#E6D3BA
36,19,90,#E6D4BA
37,19,90,#E6D5BA
38,19,90,#E6D6BA
39,19,90,#E6D6BA
40,19,90,#E6D7BA
41,19,90,#E6D8BA
42,19,90,#E6D8BA
43,19,90,#E6D9BA
44,19,90,#E6DABA
45,19,90,#E6DBBA
46,19,90,#E6DBBA
47,19,90,#E6DCBA
48,19,90,#E6DDBA
49,19,90,#E6DEBA
50,19,90,#E6DEBA
51,19,90,#E6DFBA
52,19,90,#E6E0BA
53,19,90,#E6E0BA
54,19,90,#E6E1BA
55,19,90,#E6E2BA
56,19,90,#E6E3BA
57,19,90,#E6E3BA
58,19,90,#E6E4BA
59,19,90,#E6E5BA
60,19,90,#E6E6BA
61,19,90,#E5E6BA
62,19,90,#E4E6BA
63,19,90,#E3E6BA
64,19,90,#E3E6BA
65,19,90,#E2E6BA
66,19,90,#E1E6BA
67,19,90,#E0E6BA
68,19,90,#E0E6BA
69,19,90,#DFE6BA
70,19,90,#DEE6BA
71,19,90,#DEE6BA
72,19,90,#DDE6BA
73,19,90,#DCE6BA
74,19,90,#DBE6BA
75,19,90,#DBE6BA
76,19,90,#DAE6BA
77,19,90,#D9E6BA
78,19,90,#D8E6BA
79,19,90,#D8E6BA
80,19,90,#D7E6BA
81,19,90,#D6E6BA
82,19,90,#D6E6BA
83,19,90,#D5E6BA
84,19,90,#D4E6BA
85,19,90,#D3E6BA
86,19,90,#D3E6BA
87,19,90,#D2E6BA
88,19,90,#D1E6BA
89,19,90,#D0E6BA
90,19,90,#D0E6BA
91,19,90,#CFE6BA
92,19,90,#CEE6BA
93,19,90,#CEE6BA
94,19,90,#CDE6BA
95,19,90,#CCE6BA
96,19,90,#CBE6BA
97,19,90,#CBE6BA
98,19,90,#CAE6BA
99,19,90,#C9E6BA
100,19,90,#C8E6BA
101,19,90,#C8E6BA
102,19,90,#C7E6BA
103,19,90,#C6E6BA
104,19,90,#C6E6BA
105,19,90,#C5E6BA
106,19,90,#C4E6BA
107,19,90,#C3E6BA
108,19,90,#C3E6BA
109,19,90,#C2E6BA
110,19,90,#C1E6BA
111,19,90,#C0E6BA
112,19,90,#C0E6BA
113,19,90,#BFE6BA
114,19,90,#BEE6BA
115,19,90,#BEE6BA
116,19,90,#BDE6BA
117,19,90,#BCE6BA
118,19,90,#BBE6BA
119,19,90,#BBE6BA
120,19,90,#BAE6BA
121,19,90,#BAE6BB
122,19,90,#BAE6BB
123,19,90,#BAE6BC
124,19,90,#BAE6BD
125,19,90,#BAE6BE
126,19,90,#BAE6BE
127,19,90,#BAE6BF
128,19,90,#BAE6C0
129,19,90,#BAE6C0
130,19,90,#BAE6C1
131,19,90,#BAE6C2
132,19,90,#BAE6C3
133,19,90,#BAE6C3
134,19,90,#BAE6C4
135,19,90,#BAE6C5
136,19,90,#BAE6C6
137,19,90,#BAE6C6
138,19,90,#BAE6C7
139,19,90,#BAE6C8
140,19,90,#BAE6C8
141,19,90,#BAE6C9
142,19,90,#BAE6CA
143,19,90,#BAE6CB
144,19,90,#BAE6CB
145,19,90,#BAE6CC
146,19,90,#BAE6CD
147,19,90,#BAE6CE
148,19,90,#BAE6CE
149,19,90,#BAE6CF
150,19,90,#BAE6D0
151,19,90,#BAE6D0
152,19,90,#BAE6D1
153,19,90,#BAE6D2
154,19,90,#BAE6D3
155,19,90,#BAE6D3
156,19,90,#BAE6D4
157,19,90,#BAE6D5
158,19,90,#BAE6D6
159,19,90,#BAE6D6
160,19,90,#BAE6D7
161,19,90,#BAE6D8
162,19,90,#BAE6D8
163,19,90,#BAE6D9
164,19,90,#BAE6DA
165,19,90,#BAE6DB
166,19,90,#BAE6DB
167,19,90,#BAE6DC
168,19,90,#BAE6DD
169,19,90,#BAE6DE
170,19,90,#BAE6DE
171,19,90,#BAE6DF
172,19,90,#BAE6E0
173,19,90,#BAE6E0
174,19,90,#BAE6E1
175,19,90,#BAE6E2
176,19,90,#BAE6E3
177,19,90,#BAE6E3
178,19,90,#BAE6E4
179,19,90,#BAE6E5
180,19,90,#BAE6E6
181,19,90,#BAE5E6
182,19,90,#BAE4E6
183,19,90,#BAE3E6
184,19,90,#BAE3E6
185,19,90,#BAE2E6
186,19,90,#BAE1E6
187,19,90,#BAE0E6
188,19,90,#BAE0E6
189,19,90,#BADFE6
190,19,90,#BADEE6
191,19,90,#BADEE6
192,19,90,#BADDE6
193,19,90,#BADCE6
194,19,90,#BADBE6
195,19,90,#BADBE6
196,19,90,#BADAE6
197,19,90,#BAD9E6
198,19,90,#BAD8E6
199,19,90,#BAD8E6
200,19,90,#BAD7E6
201,19,90,#BAD6E6
202,19,90,#BAD6E6
203,19,90,#BAD5E6
204,19,90,#BAD4E6
205,19,90,#BAD3E6
206,19,90,#BAD3E6
207,19,90,#BAD2E6
208,19,90,#BAD1E6
209,19,90,#BAD0E6
210,19,90,#BAD0E6
211,19,90,#BACFE6
212,19,90,#BACEE6
213,19,90,#BACEE6
214,19,90,#BACDE6
215,19,90,#BACCE6
216,19,90,#BACBE6
217,19,90,#BACBE6
218,19,90,#BACAE6
219,19,90,#BAC9E6
220,19,90,#BAC8E6
221,19,90,#BAC8E6
222,19,90,#BAC7E6
223,19,90,#BAC6E6
224,19,90,#BAC6E6
225,19,90,#BAC5E6
226,19,90,#BAC4E6
227,19,90,#BAC3E6
228,19,90,#BAC3E6
229,19,90,#BAC2E6
230,19,90,#BAC1E6
231,19,90,#BAC0E6
232,19,90,#BAC0E6
233,19,90,#BABFE6
234,19,90,#BABEE6
235,19,90,#BABEE6
236,19,90,#BABDE6
237,19,90,#BABCE6
238,19,90,#BABBE6
239,19,90,#BABBE6
240,19,90,#BABAE6
241,19,90,#BBBAE6
242,19,90,#BBBAE6
243,19,90,#BCBAE6
244,19,90,#BDBAE6
245,19,90,#BEBAE6
246,19,90,#BEBAE6
247,19,90,#BFBAE6
248,19,90,#C0BAE6
249,19,90,#C0BAE6
250,19,90,#C1BAE6
251,19,90,#C2BAE6
252,19,90,#C3BAE6
253,19,90,#C3BAE6
254,19,90,#C4BAE6
255,19,90,#C5BAE6
256,19,90,#C6BAE6
257,19,90,#C6BAE6
258,19,90,#C7BAE6
259,19,90,#C8BAE6
260,19,90,#C8BAE6
261,19,90,#C9BAE6
262,19,90,#CABAE6
263,19,90,#CBBAE6
264,19,90,#CBBAE6
265,19,90,#CCBAE6
266,19,90,#CDBAE6
267,19,90,#CEBAE6
268,19,90,#CEBAE6
269,19,90,#CFBAE6
270,19,90,#D0BAE6
271,19,90,#D0BAE6
272,19,90,#D1BAE6
273,19,90,#D2BAE6
274,19,90,#D3BAE6
275,19,90,#D3BAE6
276,19,90,#D4BAE6
277,19,90,#D5BAE6
278,19,90,#D6BAE6
279,19,90,#D6BAE6
280,19,90,#D7BAE6
281,19,90,#D8BAE6
282,19,90,#D8BAE6
283,19,90,#D9BAE6
284,19,90,#DABAE6
285,19,90,#DBBAE6
286,19,90,#DBBAE6
287,19,90,#DCBAE6
288,19,90,#DDBAE6
289,19,90,#DEBAE6
290,19,90,#DEBAE6
291,19,90,#DFBAE6
292,19,90,#E0BAE6
293,19,90,#E0BAE6
294,19,90,#E1BAE6
295,19,90,#E2BAE6
296,19,90,#E3BAE6
297,19,90,#E3BAE6
298,19,90,#E4BAE6
299,19,90,#E5BAE6
300,19,90,#E6BAE6
301,19,90,#E6BAE5
302,19,90,#E6BAE4
303,19,90,#E6BAE3
304,19,90,#E6BAE3
305,19,90,#E6BAE2
306,19,90,#E6BAE1
307,19,90,#E6BAE0
308,19,90,#E6BAE0
309,19,90,#E6BADF
310,19,90,#E6BADE
311,19,90,#E6BADE
312,19,90,#E6BADD
313,19,90,#E6BADC
314,19,90,#E6BADB
315,19,90,#E6BADB
316,19,90,#E6BADA
317,19,90,#E6BAD9
318,19,90,#E6BAD8
319,19,90,#E6BAD8
320,19,90,#E6BAD7
321,19,90,#E6BAD6
322,19,90,#E6BAD6
323,19,90,#E6BAD5
324,19,90,#E6BAD4
325,19,90,#E6BAD3
326,19,90,#E6BAD3
327,19,90,#E6BAD2
328,19,90,#E6BAD1
329,19,90,#E6BAD0
330,19,90,#E6BAD0
331,19,90,#E6BACF
332,19,90,#E6BACE
333,19,90,#E6BACE
334,19,90,#E6BACD
335,19,90,#E6BACC
336,19,90,#E6BACB
337,19,90,#E6BACB
338,19,90,#E6BACA
339,19,90,#E6BAC9
340,19,90,#E6BAC8
341,19,90,#E6BAC8
342,19,90,#E6BAC7
343,19,90,#E6BAC6
344,19,90,#E6BAC6
345,19,90,#E6BAC5
346,19,90,#E6BAC4
347,19,90,#E6BAC3
348,19,90,#E6BAC3
349,19,90,#E6BAC2
350,19,90,#E6BAC1
351,19,90,#E6BAC0
352,19,90,#E6BAC0
353,19,90,#E6BABF
354,19,90,#E6BABE
355,19,90,#E6BABE
356,19,90,#E6BABD
357,19,90,#E6BABC
358,19,90,#E6BABB
359,19,90,#E6BABB
0,18,90,#E6BCBC
1,18,90,#E6BDBC
2,18,90,#E6BEBC
3,18,90,#E6BEBC
4,18,90,#E6BFBC
5,18,90,#E6C0BC
6,18,90,#E6C0BC
7,18,90,#E6C1BC
8,18,90,#E6C2BC
9,18,90,#E6C2BC
10,18,90,#E6C3BC
11,18,90,#E6C4BC
12,18,90,#E6C4BC
13,18,90,#E6C5BC
14,18,90,#E6C6BC
15,18,90,#E6C7BC
16,18,90,#E6C7BC
17,18,90,#E6C8BC
18,18,90,#E6C9BC
19,18,90,#E6C9BC
20,18,90,#E6CABC
21,18,90,#E6CBBC
22,18,90,#E6CBBC
23,18,90,#E6CCBC
24,18,90,#E6CDBC
25,18,90,#E6CDBC
26,18,90,#E6CEBC
27,18,90,#E6CFBC
28,18,90,#E6CFBC
29,18,90,#E6D0BC
30,18,90,#E6D1BC
31,18,90,#E6D2BC
32,18,90,#E6D2BC
33,18,90,#E6D3BC
34,18,90,#E6D4BC
35,18,90,#E6D4BC
36,18,90,#E6D5BC
37,18,90,#E6D6BC
38,18,90,#E6D6BC
39,18,90,#E6D7BC
40,18,90,#E6D8BC
41,18,90,#E6D8BC
42,18,90,#E6D9BC
43,18,90,#E6DABC
44,18,90,#E6DABC
45,18,90,#E6DBBC
46,18,90,#E6DCBC
47,18,90,#E6DDBC
48,18,90,#E6DDBC
49,18,90,#E6DEBC
50,18,90,#E6DFBC
51,18,90,#E6DFBC
52,18,90,#E6E0BC
53,18,90,#E6E1BC
54,18,90,#E6E1BC
55,18,90,#E6E2BC
56,18,90,#E6E3BC
57,18,90,#E6E3BC
58,18,90,#E6E4BC
59,18,90,#E6E5BC
60,18,90,#E6E6BC
61,18,90,#E5E6BC
62,18,90,#E4E6BC
63,18,90,#E3E6BC
64,18,90,#E3E6BC
65,18,90,#E2E6BC
66,18,90,#E1E6BC
67,18,90,#E1E6BC
68,18,90,#E0E6BC
69,18,90,#DFE6BC
70,18,90,#DFE6BC
71,18,90,#DEE6BC
72,18,90,#DDE6BC
73,18,90,#DDE6BC
74,18,90,#DCE6BC
75,18,90,#DBE6BC
76,18,90,#DAE6BC
77,18,90,#DAE6BC
78,18,90,#D9E6BC
79,18,90,#D8E6BC
80,18,90,#D8E6BC
81,18,90,#D7E6BC
82,18,90,#D6E6BC
83,18,90,#D6E6BC
84,18,90,#D5E6BC
85,18,90,#D4E6BC
86,18,90,#D4E6BC
87,18,90,#D3E6BC
88,18,90,#D2E6BC
89,18,90,#D2E6BC
90,18,90,#D1E6BC
91,18,90,#D0E6BC
92,18,90,#CFE6BC
93,18,90,#CFE6BC
94,18,90,#CEE6BC
95,18,90,#CDE6BC
96,18,90,#CDE6BC
97,18,90,#CCE6BC
98,18,90,#CBE6BC
99,18,90,#CBE6BC
100,18,90,#CAE6BC
101,18,90,#C9E6BC
102,18,90,#C9E6BC
103,18,90,#C8E6BC
104,18,90,#C7E6BC
105,18,90,#C7E6BC
106,18,90,#C6E6BC
107,18,90,#C5E6BC
108,18,90,#C4E6BC
109,18,90,#C4E6BC
110,18,90,#C3E6BC
111,18,90,#C2E6BC
112,18,90,#C2E6BC
113,18,90,#C1E6BC
114,18,90,#C0E6BC
115,18,90,#C0E6BC
116,18,90,#BFE6BC
117,18,90,#BEE6BC
118,18,90,#BEE6BC
119,18,90,#BDE6BC
120,18,90,#BCE6BC
121,18,90,#BCE6BD
122,18,90,#BCE6BE
123,18,90,#BCE6BE
124,18,90,#BCE6BF
125,18,90,#BCE6C0
126,18,90,#BCE6C0
127,18,90,#BCE6C1
128,18,90,#BCE6C2
129,18,90,#BCE6C2
130,18,90,#BCE6C3
131,18,90,#BCE6C4
132,18,90,#BCE6C4
133,18,90,#BCE6C5
134,18,90,#BCE6C6
135,18,90,#BCE6C7
136,18,90,#BCE6C7
137,18,90,#BCE6C8
138,18,90,#BCE6C9
139,18,90,#BCE6C9
140,18,90,#BCE6CA
141,18,90,#BCE6CB
142,18,90,#BCE6CB
143,18,90,#BCE6CC
144,18,90,#BCE6CD
145,18,90,#BCE6CD
146,18,90,#BCE6CE
147,18,90,#BCE6CF
148,18,90,#BCE6CF
149,18,90,#BCE6D0
150,18,90,#BCE6D1
151,18,90,#BCE6D2
152,18,90,#BCE6D2
153,18,90,#BCE6D3
154,18,90,#BCE6D4
155,18,90,#BCE6D4
156,18,90,#BCE6D5
157,18,90,#BCE6D6
158,18,90,#BCE6D6
159,18,90,#BCE6D7
160,18,90,#BCE6D8
161,18,90,#BCE6D8
162,18,90,#BCE6D9
163,18,90,#BCE6DA
164,18,90,#BCE6DA
165,18,90,#BCE6DB
166,18,90,#BCE6DC
167,18,90,#BCE6DD
168,18,90,#BCE6DD
169,18,90,#BCE6DE
170,18,90,#BCE6DF
171,18,90,#BCE6DF
172,18,90,#BCE6E0
173,18,90,#BCE6E1
174,18,90,#BCE6E1
175,18,90,#BCE6E2
176,18,90,#BCE6E3
177,18,90,#BCE6E3
178,18,90,#BCE6E4
179,18,90,#BCE6E5
180,18,90,#BCE6E6
181,18,90,#BCE5E6
182,18,90,#BCE4E6
183,18,90,#BCE3E6
184,18,90,#BCE3E6
185,18,90,#BCE2E6
186,18,90,#BCE1E6
187,18,90,#BCE1E6
188,18,90,#BCE0E6
189,18,90,#BCDFE6
190,18,90,#BCDFE6
191,18,90,#BCDEE6
192,18,90,#BCDDE6
193,18,90,#BCDDE6
194,18,90,#BCDCE6
195,18,90,#BCDBE6
196,18,90,#BCDAE6
197,18,90,#BCDAE6
198,18,90,#BCD9E6
199,18,90,#BCD8E6
200,18,90,#BCD8E6
201,18,90,#BCD7E6
202,18,90,#BCD6E6
203,18,90,#BCD6E6
204,18,90,#BCD5E6
205,18,90,#BCD4E6
206,18,90,#BCD4E6
207,18,90,#BCD3E6
208,18,90,#BCD2E6
209,18,90,#BCD2E6
210,18,90,#BCD1E6
211,18,90,#BCD0E6
212,18,90,#BCCFE6
213,18,90,#BCCFE6
214,18,90,#BCCEE6
215,18,90,#BCCDE6
216,18,90,#BCCDE6
217,18,90,#BCCCE6
218,18,90,#BCCBE6
219,18,90,#BCCBE6
220,18,90,#BCCAE6
221,18,90,#BCC9E6
222,18,90,#BCC9E6
223,18,90,#BCC8E6
224,18,90,#BCC7E6
225,18,90,#BCC7E6
226,18,90,#BCC6E6
227,18,90,#BCC5E6
228,18,90,#BCC4E6
229,18,90,#BCC4E6
230,18,90,#BCC3E6
231,18,90,#BCC2E6
232,18,90,#BCC2E6
233,18,90,#BCC1E6
234,18,90,#BCC0E6
235,18,90,#BCC0E6
236,18,90,#BCBFE6
237,18,90,#BCBEE6
238,18,90,#BCBEE6
239,18,90,#BCBDE6
240,18,90,#BCBCE6
241,18,90,#BDBCE6
242,18,90,#BEBCE6
243,18,90,#BEBCE6
244,18,90,#BFBCE6
245,18,90,#C0BCE6
246,18,90,#C0BCE6
247,18,90,#C1BCE6
248,18,90,#C2BCE6
249,18,90,#C2BCE6
250,18,90,#C3BCE6
251,18,90,#C4BCE6
252,18,90,#C4BCE6
253,18,90,#C5BCE6
254,18,90,#C6BCE6
255,18,90,#C7BCE6
256,18,90,#C7BCE6
257,18,90,#C8BCE6
258,18,90,#C9BCE6
259,18,90,#C9BCE6
260,18,90,#CABCE6
261,18,90,#CBBCE6
262,18,90,#CBBCE6
263,18,90,#CCBCE6
264,18,90,#CDBCE6
265,18,90,#CDBCE6
266,18,90,#CEBCE6
267,18,90,#CFBCE6
268,18,90,#CFBCE6
269,18,90,#D0BCE6
270,18,90,#D1BCE6
271,18,90,#D2BCE6
272,18,90,#D2BCE6
273,18,90,#D3BCE6
274,18,90,#D4BCE6
275,18,90,#D4BCE6
276,18,90,#D5BCE6
277,18,90,#D6BCE6
278,18,90,#D6BCE6
279,18,90,#D7BCE6
280,18,90,#D8BCE6
281,18,90,#D8BCE6
282,18,90,#D9BCE6
283,18,90,#DABCE6
284,18,90,#DABCE6
285,18,90,#DBBCE6
286,18,90,#DCBCE6
287,18,90,#DDBCE6
288,18,90,#DDBCE6
289,18,90,#DEBCE6
290,18,90,#DFBCE6
291,18,90,#DFBCE6
292,18,90,#E0BCE6
293,18,90,#E1BCE6
294,18,90,#E1BCE6
295,18,90,#E2BCE6
296,18,90,#E3BCE6
297,18,90,#E3BCE6
298,18,90,#E4BCE6
299,18,90,#E5BCE6
300,18,90,#E6BCE6
301,18,90,#E6BCE5
302,18,90,#E6BCE4
303,18,90,#E6BCE3
304,18,90,#E6BCE3
305,18,90,#E6BCE2
306,18,90,#E6BCE1
307,18,90,#E6BCE1
308,18,90,#E6BCE0
309,18,90,#E6BCDF
310,18,90,#E6BCDF
311,18,90,#E6BCDE
312,18,90,#E6BCDD
313,18,90,#E6BCDD
314,18,90,#E6BCDC
315,18,90,#E6BCDB
316,18,90,#E6BCDA
317,18,90,#E6BCDA
318,18,90,#E6BCD9
319,18,90,#E6BCD8
320,18,90,#E6BCD8
321,18,90,#E6BCD7
322,18,90,#E6BCD6
323,18,90,#E6BCD6
324,18,90,#E6BCD5
325,18,90,#E6BCD4
326,18,90,#E6BCD4
327,18,90,#E6BCD3
328,18,90,#E6BCD2
329,18,90,#E6BCD2
330,18,90,#E6BCD1
331,18,90,#E6BCD0
332,18,90,#E6BCCF
333,18,90,#E6BCCF
334,18,90,#E6BCCE
335,18,90,#E6BCCD
336,18,90,#E6BCCD
337,18,90,#E6BCCC
338,18,90,#E6BCCB
339,18,90,#E6BCCB
340,18,90,#E6BCCA
341,18,90,#E6BCC9
342,18,90,#E6BCC9
343,18,90,#E6BCC8
344,18,90,#E6BCC7
345,18,90,#E6BCC7
346,18,90,#E6BCC6
347,18,90,#E6BCC5
348,18,90,#E6BCC4
349,18,90,#E6BCC4
350,18,90,#E6BCC3
351,18,90,#E6BCC2
352,18,90,#E6BCC2
353,18,90,#E6BCC1
354,18,90,#E6BCC0
355,18,90,#E6BCC0
356,18,90,#E6BCBF
357,18,90,#E6BCBE
358,18,90,#E6BCBE
359,18,90,#E6BCBD
0,17,90,#E6BEBE
1,17,90,#E6BFBE
2,17,90,#E6C0BE
3,17,90,#E6C0BE
4,17,90,#E6C1BE
5,17,90,#E6C2BE
6,17,90,#E6C2BE
7,17,90,#E6C3BE
8,17,90,#E6C4BE
9,17,90,#E6C4BE
10,17,90,#E6C5BE
11,17,90,#E6C6BE
12,17,90,#E6C6BE
13,17,90,#E6C7BE
14,17,90,#E6C8BE
15,17,90,#E6C8BE
16,17,90,#E6C9BE
17,17,90,#E6CABE
18,17,90,#E6CABE
19,17,90,#E6CBBE
20,17,90,#E6CBBE
21,17,90,#E6CCBE
22,17,90,#E6CDBE
23,17,90,#E6CDBE
24,17,90,#E6CEBE
25,17,90,#E6CFBE
26,17,90,#E6CFBE
27,17,90,#E6D0BE
28,17,90,#E6D1BE
29,17,90,#E6D1BE
30,17,90,#E6D2BE
31,17,90,#E6D3BE
32,17,90,#E6D3BE
33,17,90,#E6D4BE
34,17,90,#E6D5BE
35,17,90,#E6D5BE
36,17,90,#E6D6BE
37,17,90,#E6D7BE
38,17,90,#E6D7BE
39,17,90,#E6D8BE
40,17,90,#E6D8BE
41,17,90,#E6D9BE
42,17,90,#E6DABE
43,17,90,#E6DABE
44,17,90,#E6DBBE
45,17,90,#E6DCBE
46,17,90,#E6DCBE
47,17,90,#E6DDBE
48,17,90,#E6DEBE
49,17,90,#E6DEBE
50,17,90,#E6DFBE
51,17,90,#E6E0BE
52,17,90,#E6E0BE
53,17,90,#E6E1BE
54,17,90,#E6E2BE
55,17,90,#E6E2BE
56,17,90,#E6E3BE
57,17,90,#E6E4BE
58,17,90,#E6E4BE
59,17,90,#E6E5BE
60,17,90,#E6E6BE
61,17,90,#E5E6BE
62,17,90,#E4E6BE
63,17,90,#E4E6BE
64,17,90,#E3E6BE
65,17,90,#E2E6BE
66,17,90,#E2E6BE
67,17,90,#E1E6BE
68,17,90,#E0E6BE
69,17,90,#E0E6BE
70,17,90,#DFE6BE
71,17,90,#DEE6BE
72,17,90,#DEE6BE
73,17,90,#DDE6BE
74,17,90,#DCE6BE
75,17,90,#DCE6BE
76,17,90,#DBE6BE
77,17,90,#DAE6BE
78,17,90,#DAE6BE
79,17,90,#D9E6BE
80,17,90,#D8E6BE
81,17,90,#D8E6BE
82,17,90,#D7E6BE
83,17,90,#D7E6BE
84,17,90,#D6E6BE
85,17,90,#D5E6BE
86,17,90,#D5E6BE
87,17,90,#D4E6BE
88,17,90,#D3E6BE
89,17,90,#D3E6BE
90,17,90,#D2E6BE
91,17,90,#D1E6BE
92,17,90,#D1E6BE
93,17,90,#D0E6BE
94,17,90,#CFE6BE
95,17,90,#CFE6BE
96,17,90,#CEE6BE
97,17,90,#CDE6BE
98,17,90,#CDE6BE
99,17,90,#CCE6BE
100,17,90,#CBE6BE
101,17,90,#CBE6BE
102,17,90,#CAE6BE
103,17,90,#CAE6BE
104,17,90,#C9E6BE
105,17,90,#C8E6BE
106,17,90,#C8E6BE
107,17,90,#C7E6BE
108,17,90,#C6E6BE
109,17,90,#C6E6BE
110,17,90,#C5E6BE
111,17,90,#C4E6BE
112,17,90,#C4E6BE
113,17,90,#C3E6BE
114,17,90,#C2E6BE
115,17,90,#C2E6BE
116,17,90,#C1E6BE
117,17,90,#C0E6BE
118,17,90,#C0E6BE
119,17,90,#BFE6BE
120,17,90,#BEE6BE
121,17,90,#BEE6BF
122,17,90,#BEE6C0
123,17,90,#BEE6C0
124,17,90,#BEE6C1
125,17,90,#BEE6C2
126,17,90,#BEE6C2
127,17,90,#BEE6C3
128,17,90,#BEE6C4
129,17,90,#BEE6C4
130,17,90,#BEE6C5
131,17,90,#BEE6C6
132,17,90,#BEE6C6
133,17,90,#BEE6C7
134,17,90,#BEE6C8
135,17,90,#BEE6C8
136,17,90,#BEE6C9
137,17,90,#BEE6CA
138,17,90,#BEE6CA
139,17,90,#BEE6CB
140,17,90,#BEE6CB
141,17,90,#BEE6CC
142,17,90,#BEE6CD
143,17,90,#BEE6CD
144,17,90,#BEE6CE
145,17,90,#BEE6CF
146,17,90,#BEE6CF
147,17,90,#BEE6D0
148,17,90,#BEE6D1
149,17,90,#BEE6D1
150,17,90,#BEE6D2
151,17,90,#BEE6D3
152,17,90,#BEE6D3
153,17,90,#BEE6D4
154,17,90,#BEE6D5
155,17,90,#BEE6D5
156,17,90,#BEE6D6
157,17,90,#BEE6D7
158,17,90,#BEE6D7
159,17,90,#BEE6D8
160,17,90,#BEE6D8
161,17,90,#BEE6D9
162,17,90,#BEE6DA
163,17,90,#BEE6DA
164,17,90,#BEE6DB
165,17,90,#BEE6DC
166,17,90,#BEE6DC
167,17,90,#BEE6DD
168,17,90,#BEE6DE
169,17,90,#BEE6DE
170,17,90,#BEE6DF
171,17,90,#BEE6E0
172,17,90,#BEE6E0
173,17,90,#BEE6E1
174,17,90,#BEE6E2
175,17,90,#BEE6E2
176,17,90,#BEE6E3
177,17,90,#BEE6E4
178,17,90,#BEE6E4
179,17,90,#BEE6E5
180,17,90,#BEE6E6
181,17,90,#BEE5E6
182,17,90,#BEE4E6
183,17,90,#BEE4E6
184,17,90,#BEE3E6
185,17,90,#BEE2E6
186,17,90,#BEE2E6
187,17,90,#BEE1E6
188,17,90,#BEE0E6
189,17,90,#BEE0E6
190,17,90,#BEDFE6
191,17,90,#BEDEE6
192,17,90,#BEDEE6
193,17,90,#BEDDE6
194,17,90,#BEDCE6
195,17,90,#BEDCE6
196,17,90,#BEDBE6
197,17,90,#BEDAE6
198,17,90,#BEDAE6
199,17,90,#BED9E6
200,17,90,#BED8E6
201,17,90,#BED8E6
202,17,90,#BED7E6
203,17,90,#BED7E6
204,17,90,#BED6E6
205,17,90,#BED5E6
206,17,90,#BED5E6
207,17,90,#BED4E6
208,17,90,#BED3E6
209,17,90,#BED3E6
210,17,90,#BED2E6
211,17,90,#BED1E6
212,17,90,#BED1E6
213,17,90,#BED0E6
214,17,90,#BECFE6
215,17,90,#BECFE6
216,17,90,#BECEE6
217,17,90,#BECDE6
218,17,90,#BECDE6
219,17,90,#BECCE6
220,17,90,#BECBE6
221,17,90,#BECBE6
222,17,90,#BECAE6
223,17,90,#BECAE6
224,17,90,#BEC9E6
225,17,90,#BEC8E6
226,17,90,#BEC8E6
227,17,90,#BEC7E6
228,17,90,#BEC6E6
229,17,90,#BEC6E6
230,17,90,#BEC5E6
231,17,90,#BEC4E6
232,17,90,#BEC4E6
233,17,90,#BEC3E6
234,17,90,#BEC2E6
235,17,90,#BEC2E6
236,17,90,#BEC1E6
237,17,90,#BEC0E6
238,17,90,#BEC0E6
239,17,90,#BEBFE6
240,17,90,#BEBEE6
241,17,90,#BFBEE6
242,17,90,#C0BEE6
243,17,90,#C0BEE6
244,17,90,#C1BEE6
245,17,90,#C2BEE6
246,17,90,#C2BEE6
247,17,90,#C3BEE6
248,17,90,#C4BEE6
249,17,90,#C4BEE6
250,17,90,#C5BEE6
251,17,90,#C6BEE6
252,17,90,#C6BEE6
253,17,90,#C7BEE6
254,17,90,#C8BEE6
255,17,90,#C8BEE6
256,17,90,#C9BEE6
257,17,90,#CABEE6
258,17,90,#CABEE6
259,17,90,#CBBEE6
260,17,90,#CBBEE6
261,17,90,#CCBEE6
262,17,90,#CDBEE6
263,17,90,#CDBEE6
264,17,90,#CEBEE6
265,17,90,#CFBEE6
266,17,90,#CFBEE6
267,17,90,#D0BEE6
268,17,90,#D1BEE6
269,17,90,#D1BEE6
270,17,90,#D2BEE6
271,17,90,#D3BEE6
272,17,90,#D3BEE6
273,17,90,#D4BEE6
274,17,90,#D5BEE6
275,17,90,#D5BEE6
276,17,90,#D6BEE6
277,17,90,#D7BEE6
278,17,90,#D7BEE6
279,17,90,#D8BEE6
280,17,90,#D8BEE6
281,17,90,#D9BEE6
282,17,90,#DABEE6
283,17,90,#DABEE6
284,17,90,#DBBEE6
285,17,90,#DCBEE6
286,17,90,#DCBEE6
287,17,90,#DDBEE6
288,17,90,#DEBEE6
289,17,90,#DEBEE6
290,17,90,#DFBEE6
291,17,90,#E0BEE6
292,17,90,#E0BEE6
293,17,90,#E1BEE6
294,17,90,#E2BEE6
295,17,90,#E2BEE6
296,17,90,#E3BEE6
297,17,90,#E4BEE6
298,17,90,#E4BEE6
299,17,90,#E5BEE6
300,17,90,#E6BEE6
301,17,90,#E6BEE5
302,17,90,#E6BEE4
303,17,90,#E6BEE4
304,17,90,#E6BEE3
305,17,90,#E6BEE2
306,17,90,#E6BEE2
307,17,90,#E6BEE1
308,17,90,#E6BEE0
309,17,90,#E6BEE0
310,17,90,#E6BEDF
311,17,90,#E6BEDE
312,17,90,#E6BEDE
313,17,90,#E6BEDD
314,17,90,#E6BEDC
315,17,90,#E6BEDC
316,17,90,#E6BEDB
317,17,90,#E6BEDA
318,17,90,#E6BEDA
319,17,90,#E6BED9
320,17,90,#E6BED8
321,17,90,#E6BED8
322,17,90,#E6BED7
323,17,90,#E6BED7
324,17,90,#E6BED6
325,17,90,#E6BED5
326,17,90,#E6BED5
327,17,90,#E6BED4
328,17,90,#E6BED3
329,17,90,#E6BED3
330,17,90,#E6BED2
331,17,90,#E6BED1
332,17,90,#E6BED1
333,17,90,#E6BED0
334,17,90,#E6BECF
335,17,90,#E6BECF
336,17,90,#E6BECE
337,17,90,#E6BECD
338,17,90,#E6BECD
339,17,90,#E6BECC
340,17,90,#E6BECB
341,17,90,#E6BECB
342,17,90,#E6BECA
343,17,90,#E6BECA
344,17,90,#E6BEC9
345,17,90,#E6BEC8
346,17,90,#E6BEC8
347,17,90,#E6BEC7
348,17,90,#E6BEC6
349,17,90,#E6BEC6
350,17,90,#E6BEC5
351,17,90,#E6BEC4
352,17,90,#E6BEC4
353,17,90,#E6BEC3
354,17,90,#E6BEC2
355,17,90,#E6BEC2
356,17,90,#E6BEC1
357,17,90,#E6BEC0
358,17,90,#E6BEC0
359,17,90,#E6BEBF
0,16,90,#E6C1C1
1,16,90,#E6C1C1
2,16,90,#E6C2C1
3,16,90,#E6C3C1
4,16,90,#E6C3C1
5,16,90,#E6C4C1
6,16,90,#E6C4C1
7,16,90,#E6C5C1
8,16,90,#E6C6C1
9,16,90,#E6C6C1
10,16,90,#E6C7C1
11,16,90,#E6C8C1
12,16,90,#E6C8C1
13,16,90,#E6C9C1
14,16,90,#E6C9C1
15,16,90,#E6CAC1
16,16,90,#E6CBC1
17,16,90,#E6CBC1
18,16,90,#E6CCC1
19,16,90,#E6CCC1
20,16,90,#E6CDC1
21,16,90,#E6CEC1
22,16,90,#E6CEC1
23,16,90,#E6CFC1
24,16,90,#E6CFC1
25,16,90,#E6D0C1
26,16,90,#E6D1C1
27,16,90,#E6D1C1
28,16,90,#E6D2C1
29,16,90,#E6D3C1
30,16,90,#E6D3C1
31,16,90,#E6D4C1
32,16,90,#E6D4C1
33,16,90,#E6D5C1
34,16,90,#E6D6C1
35,16,90,#E6D6C1
36,16,90,#E6D7C1
37,16,90,#E6D7C1
38,16,90,#E6D8C1
39,16,90,#E6D9C1
40,16,90,#E6D9C1
41,16,90,#E6DAC1
42,16,90,#E6DAC1
43,16,90,#E6DBC1
44,16,90,#E6DCC1
45,16,90,#E6DCC1
46,16,90,#E6DDC1
47,16,90,#E6DEC1
48,16,90,#E6DEC1
49,16,90,#E6DFC1
50,16,90,#E6DFC1
51,16,90,#E6E0C1
52,16,90,#E6E1C1
53,16,90,#E6E1C1
54,16,90,#E6E2C1
55,16,90,#E6E2C1
56,16,90,#E6E3C1
57,16,90,#E6E4C1
58,16,90,#E6E4C1
59,16,90,#E6E5C1
60,16,90,#E6E6C1
61,16,90,#E5E6C1
62,16,90,#E4E6C1
63,16,90,#E4E6C1
64,16,90,#E3E6C1
65,16,90,#E2E6C1
66,16,90,#E2E6C1
67,16,90,#E1E6C1
68,16,90,#E1E6C1
69,16,90,#E0E6C1
70,16,90,#DFE6C1
71,16,90,#DFE6C1
72,16,90,#DEE6C1
73,16,90,#DEE6C1
74,16,90,#DDE6C1
75,16,90,#DCE6C1
76,16,90,#DCE6C1
77,16,90,#DBE6C1
78,16,90,#DAE6C1
79,16,90,#DAE6C1
80,16,90,#D9E6C1
81,16,90,#D9E6C1
82,16,90,#D8E6C1
83,16,90,#D7E6C1
84,16,90,#D7E6C1
85,16,90,#D6E6C1
86,16,90,#D6E6C1
87,16,90,#D5E6C1
88,16,90,#D4E6C1
89,16,90,#D4E6C1
90,16,90,#D3E6C1
91,16,90,#D3E6C1
92,16,90,#D2E6C1
93,16,90,#D1E6C1
94,16,90,#D1E6C1
95,16,90,#D0E6C1
96,16,90,#CFE6C1
97,16,90,#CFE6C1
98,16,90,#CEE6C1
99,16,90,#CEE6C1
100,16,90,#CDE6C1
101,16,90,#CCE6C1
102,16,90,#CCE6C1
103,16,90,#CBE6C1
104,16,90,#CBE6C1
105,16,90,#CAE6C1
106,16,90,#C9E6C1
107,16,90,#C9E6C1
108,16,90,#C8E6C1
109,16,90,#C8E6C1
110,16,90,#C7E6C1
111,16,90,#C6E6C1
112,16,90,#C6E6C1
113,16,90,#C5E6C1
114,16,90,#C4E6C1
115,16,90,#C4E6C1
116,16,90,#C3E6C1
117,16,90,#C3E6C1
118,16,90,#C2E6C1
119,16,90,#C1E6C1
120,16,90,#C1E6C1
121,16,90,#C1E6C1
122,16,90,#C1E6C2
123,16,90,#C1E6C3
124,16,90,#C1E6C3
125,16,90,#C1E6C4
126,16,90,#C1E6C4
127,16,90,#C1E6C5
128,16,90,#C1E6C6
129,16,90,#C1E6C6
130,16,90,#C1E6C7
131,16,90,#C1E6C8
132,16,90,#C1E6C8
133,16,90,#C1E6C9
134,16,90,#C1E6C9
135,16,90,#C1E6CA
136,16,90,#C1E6CB
137,16,90,#C1E6CB
138,16,90,#C1E6CC
139,16,90,#C1E6CC
140,16,90,#C1E6CD
141,16,90,#C1E6CE
142,16,90,#C1E6CE
143,16,90,#C1E6CF
144,16,90,#C1E6CF
145,16,90,#C1E6D0
146,16,90,#C1E6D1
147,16,90,#C1E6D1
148,16,90,#C1E6D2
149,16,90,#C1E6D3
150,16,90,#C1E6D3
151,16,90,#C1E6D4
152,16,90,#C1E6D4
153,16,90,#C1E6D5
154,16,90,#C1E6D6
155,16,90,#C1E6D6
156,16,90,#C1E6D7
157,16,90,#C1E6D7
158,16,90,#C1E6D8
159,16,90,#C1E6D9
160,16,90,#C1E6D9
161,16,90,#C1E6DA
162,16,90,#C1E6DA
163,16,90,#C1E6DB
164,16,90,#C1E6DC
165,16,90,#C1E6DC
166,16,90,#C1E6DD
167,16,90,#C1E6DE
168,16,90,#C1E6DE
169,16,90,#C1E6DF
170,16,90,#C1E6DF
171,16,90,#C1E6E0
172,16,90,#C1E6E1
173,16,90,#C1E6E1
174,16,90,#C1E6E2
175,16,90,#C1E6E2
176,16,90,#C1E6E3
177,16,90,#C1E6E4
178,16,90,#C1E6E4
179,16,90,#C1E6E5
180,16,90,#C1E6E6
181,16,90,#C1E5E6
182,16,90,#C1E4E6
183,16,90,#C1E4E6
184,16,90,#C1E3E6
185,16,90,#C1E2E6
186,16,90,#C1E2E6
187,16,90,#C1E1E6
188,16,90,#C1E1E6
189,16,90,#C1E0E6
190,16,90,#C1DFE6
191,16,90,#C1DFE6
192,16,90,#C1DEE6
193,16,90,#C1DEE6
194,16,90,#C1DDE6
195,16,90,#C1DCE6
196,16,90,#C1DCE6
197,16,90,#C1DBE6
198,16,90,#C1DAE6
199,16,90,#C1DAE6
200,16,90,#C1D9E6
201,16,90,#C1D9E6
202,16,90,#C1D8E6
203,16,90,#C1D7E6
204,16,90,#C1D7E6
205,16,90,#C1D6E6
206,16,90,#C1D6E6
207,16,90,#C1D5E6
208,16,90,#C1D4E6
209,16,90,#C1D4E6
210,16,90,#C1D3E6
211,16,90,#C1D3E6
212,16,90,#C1D2E6
213,16,90,#C1D1E6
214,16,90,#C1D1E6
215,16,90,#C1D0E6
216,16,90,#C1CFE6
217,16,90,#C1CFE6
218,16,90,#C1CEE6
219,16,90,#C1CEE6
220,16,90,#C1CDE6
221,16,90,#C1CCE6
222,16,90,#C1CCE6
223,16,90,#C1CBE6
224,16,90,#C1CBE6
225,16,90,#C1CAE6
226,16,90,#C1C9E6
227,16,90,#C1C9E6
228,16,90,#C1C8E6
229,16,90,#C1C8E6
230,16,90,#C1C7E6
231,16,90,#C1C6E6
232,16,90,#C1C6E6
233,16,90,#C1C5E6
234,16,90,#C1C4E6
235,16,90,#C1C4E6
236,16,90,#C1C3E6
237,16,90,#C1C3E6
238,16,90,#C1C2E6
239,16,90,#C1C1E6
240,16,90,#C1C1E6
241,16,90,#C1C1E6
242,16,90,#C2C1E6
243,16,90,#C3C1E6
244,16,90,#C3C1E6
245,16,90,#C4C1E6
246,16,90,#C4C1E6
247,16,90,#C5C1E6
248,16,90,#C6C1E6
249,16,90,#C6C1E6
250,16,90,#C7C1E6
251,16,90,#C8C1E6
252,16,90,#C8C1E6
253,16,90,#C9C1E6
254,16,90,#C9C1E6
255,16,90,#CAC1E6
256,16,90,#CBC1E6
257,16,90,#CBC1E6
258,16,90,#CCC1E6
259,16,90,#CCC1E6
260,16,90,#CDC1E6
261,16,90,#CEC1E6
262,16,90,#CEC1E6
263,16,90,#CFC1E6
264,16,90,#CFC1E6
265,16,90,#D0C1E6
266,16,90,#D1C1E6
267,16,90,#D1C1E6
268,16,90,#D2C1E6
269,16,90,#D3C1E6
270,16,90,#D3C1E6
271,16,90,#D4C1E6
272,16,90,#D4C1E6
273,16,90,#D5C1E6
274,16,90,#D6C1E6
275,16,90,#D6C1E6
276,16,90,#D7C1E6
277,16,90,#D7C1E6
278,16,90,#D8C1E6
279,16,90,#D9C1E6
280,16,90,#D9C1E6
281,16,90,#DAC1E6
282,16,90,#DAC1E6
283,16,90,#DBC1E6
284,16,90,#DCC1E6
285,16,90,#DCC1E6
286,16,90,#DDC1E6
287,16,90,#DEC1E6
288,16,90,#DEC1E6
289,16,90,#DFC1E6
290,16,90,#DFC1E6
291,16,90,#E0C1E6
292,16,90,#E1C1E6
293,16,90,#E1C1E6
294,16,90,#E2C1E6
295,16,90,#E2C1E6
296,16,90,#E3C1E6
297,16,90,#E4C1E6
298,16,90,#E4C1E6
299,16,90,#E5C1E6
300,16,90,#E6C1E6
301,16,90,#E6C1E5
302,16,90,#E6C1E4
303,16,90,#E6C1E4
304,16,90,#E6C1E3
305,16,90,#E6C1E2
306,16,90,#E6C1E2
307,16,90,#E6C1E1
308,16,90,#E6C1E1
309,16,90,#E6C1E0
310,16,90,#E6C1DF
311,16,90,#E6C1DF
312,16,90,#E6C1DE
313,16,90,#E6C1DE
314,16,90,#E6C1DD
315,16,90,#E6C1DC
316,16,90,#E6C1DC
317,16,90,#E6C1DB
318,16,90,#E6C1DA
319,16,90,#E6C1DA
320,16,90,#E6C1D9
321,16,90,#E6C1D9
322,16,90,#E6C1D8
323,16,90,#E6C1D7
324,16,90,#E6C1D7
325,16,90,#E6C1D6
326,16,90,#E6C1D6
327,16,90,#E6C1D5
328,16,90,#E6C1D4
329,16,90,#E6C1D4
330,16,90,#E6C1D3
331,16,90,#E6C1D3
332,16,90,#E6C1D2
333,16,90,#E6C1D1
334,16,90,#E6C1D1
335,16,90,#E6C1D0
336,16,90,#E6C1CF
337,16,90,#E6C1CF
338,16,90,#E6C1CE
339,16,90,#E6C1CE
340,16,90,#E6C1CD
341,16,90,#E6C1CC
342,16,90,#E6C1CC
343,16,90,#E6C1CB
344,16,90,#E6C1CB
345,16,90,#E6C1CA
346,16,90,#E6C1C9
347,16,90,#E6C1C9
348,16,90,#E6C1C8
349,16,90,#E6C1C8
350,16,90,#E6C1C7
351,16,90,#E6C1C6
352,16,90,#E6C1C6
353,16,90,#E6C1C5
354,16,90,#E6C1C4
355,16,90,#E6C1C4
356,16,90,#E6C1C3
357,16,90,#E6C1C3
358,16,90,#E6C1C2
359,16,90,#E6C1C1
0,15,90,#E6C3C3
1,15,90,#E6C4C3
2,15,90,#E6C4C3
3,15,90,#E6C5C3
4,15,90,#E6C5C3
5,15,90,#E6C6C3
6,15,90,#E6C7C3
7,15,90,#E6C7C3
8,15,90,#E6C8C3
9,15,90,#E6C8C3
10,15,90,#E6C9C3
11,15,90,#E6C9C3
12,15,90,#E6CAC3
13,15,90,#E6CBC3
14,15,90,#E6CBC3
15,15,90,#E6CCC3
16,15,90,#E6CCC3
17,15,90,#E6CDC3
18,15,90,#E6CDC3
19,15,90,#E6CEC3
20,15,90,#E6CFC3
21,15,90,#E6CFC3
22,15,90,#E6D0C3
23,15,90,#E6D0C3
24,15,90,#E6D1C3
25,15,90,#E6D1C3
26,15,90,#E6D2C3
27,15,90,#E6D3C3
28,15,90,#E6D3C3
29,15,90,#E6D4C3
30,15,90,#E6D4C3
31,15,90,#E6D5C3
32,15,90,#E6D5C3
33,15,90,#E6D6C3
34,15,90,#E6D7C3
35,15,90,#E6D7C3
36,15,90,#E6D8C3
37,15,90,#E6D8C3
38,15,90,#E6D9C3
39,15,90,#E6D9C3
40,15,90,#E6DAC3
41,15,90,#E6DBC3
42,15,90,#E6DBC3
43,15,90,#E6DCC3
44,15,90,#E6DCC3
45,15,90,#E6DDC3
46,15,90,#E6DDC3
47,15,90,#E6DEC3
48,15,90,#E6DFC3
49,15,90,#E6DFC3
50,15,90,#E6E0C3
51,15,90,#E6E0C3
52,15,90,#E6E1C3
53,15,90,#E6E1C3
54,15,90,#E6E2C3
55,15,90,#E6E3C3
56,15,90,#E6E3C3
57,15,90,#E6E4C3
58,15,90,#E6E4C3
59,15,90,#E6E5C3
60,15,90,#E6E6C3
61,15,90,#E5E6C3
62,15,90,#E4E6C3
63,15,90,#E4E6C3
64,15,90,#E3E6C3
65,15,90,#E3E6C3
66,15,90,#E2E6C3
67,15,90,#E1E6C3
68,15,90,#E1E6C3
69,15,90,#E0E6C3
70,15,90,#E0E6C3
71,15,90,#DFE6C3
72,15,90,#DFE6C3
73,15,90,#DEE6C3
74,15,90,#DDE6C3
75,15,90,#DDE6C3
76,15,90,#DCE6C3
77,15,90,#DCE6C3
78,15,90,#DBE6C3
79,15,90,#DBE6C3
80,15,90,#DAE6C3
81,15,90,#D9E6C3
82,15,90,#D9E6C3
83,15,90,#D8E6C3
84,15,90,#D8E6C3
85,15,90,#D7E6C3
86,15,90,#D7E6C3
87,15,90,#D6E6C3
88,15,90,#D5E6C3
89,15,90,#D5E6C3
90,15,90,#D4E6C3
91,15,90,#D4E6C3
92,15,90,#D3E6C3
93,15,90,#D3E6C3
94,15,90,#D2E6C3
95,15,90,#D1E6C3
96,15,90,#D1E6C3
97,15,90,#D0E6C3
98,15,90,#D0E6C3
99,15,90,#CFE6C3
100,15,90,#CFE6C3
101,15,90,#CEE6C3
102,15,90,#CDE6C3
103,15,90,#CDE6C3
104,15,90,#CCE6C3
105,15,90,#CCE6C3
106,15,90,#CBE6C3
107,15,90,#CBE6C3
108,15,90,#CAE6C3
109,15,90,#C9E6C3
110,15,90,#C9E6C3
111,15,90,#C8E6C3
112,15,90,#C8E6C3
113,15,90,#C7E6C3
114,15,90,#C7E6C3
115,15,90,#C6E6C3
116,15,90,#C5E6C3
117,15,90,#C5E6C3
118,15,90,#C4E6C3
119,15,90,#C4E6C3
120,15,90,#C3E6C3
121,15,90,#C3E6C4
122,15,90,#C3E6C4
123,15,90,#C3E6C5
124,15,90,#C3E6C5
125,15,90,#C3E6C6
126,15,90,#C3E6C7
127,15,90,#C3E6C7
128,15,90,#C3E6C8
129,15,90,#C3E6C8
130,15,90,#C3E6C9
131,15,90,#C3E6C9
132,15,90,#C3E6CA
133,15,90,#C3E6CB
134,15,90,#C3E6CB
135,15,90,#C3E6CC
136,15,90,#C3E6CC
137,15,90,#C3E6CD
138,15,90,#C3E6CD
139,15,90,#C3E6CE
140,15,90,#C3E6CF
141,15,90,#C3E6CF
142,15,90,#C3E6D0
143,15,90,#C3E6D0
144,15,90,#C3E6D1
145,15,90,#C3E6D1
146,15,90,#C3E6D2
147,15,90,#C3E6D3
148,15,90,#C3E6D3
149,15,90,#C3E6D4
150,15,90,#C3E6D4
151,15,90,#C3E6D5
152,15,90,#C3E6D5
153,15,90,#C3E6D6
154,15,90,#C3E6D7
155,15,90,#C3E6D7
156,15,90,#C3E6D8
157,15,90,#C3E6D8
158,15,90,#C3E6D9
159,15,90,#C3E6D9
160,15,90,#C3E6DA
161,15,90,#C3E6DB
162,15,90,#C3E6DB
163,15,90,#C3E6DC
164,15,90,#C3E6DC
165,15,90,#C3E6DD
166,15,90,#C3E6DD
167,15,90,#C3E6DE
168,15,90,#C3E6DF
169,15,90,#C3E6DF
170,15,90,#C3E6E0
171,15,90,#C3E6E0
172,15,90,#C3E6E1
173,15,90,#C3E6E1
174,15,90,#C3E6E2
175,15,90,#C3E6E3
176,15,90,#C3E6E3
177,15,90,#C3E6E4
178,15,90,#C3E6E4
179,15,90,#C3E6E5
180,15,90,#C3E6E6
181,15,90,#C3E5E6
182,15,90,#C3E4E6
183,15,90,#C3E4E6
184,15,90,#C3E3E6
185,15,90,#C3E3E6
186,15,90,#C3E2E6
187,15,90,#C3E1E6
188,15,90,#C3E1E6
189,15,90,#C3E0E6
190,15,90,#C3E0E6
191,15,90,#C3DFE6
192,15,90,#C3DFE6
193,15,90,#C3DEE6
194,15,90,#C3DDE6
195,15,90,#C3DDE6
196,15,90,#C3DCE6
197,15,90,#C3DCE6
198,15,90,#C3DBE6
199,15,90,#C3DBE6
200,15,90,#C3DAE6
201,15,90,#C3D9E6
202,15,90,#C3D9E6
203,15,90,#C3D8E6
204,15,90,#C3D8E6
205,15,90,#C3D7E6
206,15,90,#C3D7E6
207,15,90,#C3D6E6
208,15,90,#C3D5E6
209,15,90,#C3D5E6
210,15,90,#C3D4E6
211,15,90,#C3D4E6
212,15,90,#C3D3E6
213,15,90,#C3D3E6
214,15,90,#C3D2E6
215,15,90,#C3D1E6
216,15,90,#C3D1E6
217,15,90,#C3D0E6
218,15,90,#C3D0E6
219,15,90,#C3CFE6
220,15,90,#C3CFE6
221,15,90,#C3CEE6
222,15,90,#C3CDE6
223,15,90,#C3CDE6
224,15,90,#C3CCE6
225,15,90,#C3CCE6
226,15,90,#C3CBE6
227,15,90,#C3CBE6
228,15,90,#C3CAE6
229,15,90,#C3C9E6
230,15,90,#C3C9E6
231,15,90,#C3C8E6
232,15,90,#C3C8E6
233,15,90,#C3C7E6
234,15,90,#C3C7E6
235,15,90,#C3C6E6
236,15,90,#C3C5E6
237,15,90,#C3C5E6
238,15,90,#C3C4E6
239,15,90,#C3C4E6
240,15,90,#C3C3E6
241,15,90,#C4C3E6
242,15,90,#C4C3E6
243,15,90,#C5C3E6
244,15,90,#C5C3E6
245,15,90,#C6C3E6
246,15,90,#C7C3E6
247,15,90,#C7C3E6
248,15,90,#C8C3E6
249,15,90,#C8C3E6
250,15,90,#C9C3E6
251,15,90,#C9C3E6
252,15,90,#CAC3E6
253,15,90,#CBC3E6
254,15,90,#CBC3E6
255,15,90,#CCC3E6
256,15,90,#CCC3E6
257,15,90,#CDC3E6
258,15,90,#CDC3E6
259,15,90,#CEC3E6
260,15,90,#CFC3E6
261,15,90,#CFC3E6
262,15,90,#D0C3E6
263,15,90,#D0C3E6
264,15,90,#D1C3E6
265,15,90,#D1C3E6
266,15,90,#D2C3E6
267,15,90,#D3C3E6
268,15,90,#D3C3E6
269,15,90,#D4C3E6
270,15,90,#D4C3E6
271,15,90,#D5C3E6
272,15,90,#D5C3E6
273,15,90,#D6C3E6
274,15,90,#D7C3E6
275,15,90,#D7C3E6
276,15,90,#D8C3E6
277,15,90,#D8C3E6
278,15,90,#D9C3E6
279,15,90,#D9C3E6
280,15,90,#DAC3E6
281,15,90,#DBC3E6
282,15,90,#DBC3E6
283,15,90,#DCC3E6
284,15,90,#DCC3E6
285,15,90,#DDC3E6
286,15,90,#DDC3E6
287,15,90,#DEC3E6
288,15,90,#DFC3E6
289,15,90,#DFC3E6
290,15,90,#E0C3E6
291,15,90,#E0C3E6
292,15,90,#E1C3E6
293,15,90,#E1C3E6
294,15,90,#E2C3E6
295,15,90,#E3C3E6
296,15,90,#E3C3E6
297,15,90,#E4C3E6
298,15,90,#E4C3E6
299,15,90,#E5C3E6
300,15,90,#E6C3E6
301,15,90,#E6C3E5
302,15,90,#E6C3E4
303,15,90,#E6C3E4
304,15,90,#E6C3E3
305,15,90,#E6C3E3
306,15,90,#E6C3E2
307,15,90,#E6C3E1
308,15,90,#E6C3E1
309,15,90,#E6C3E0
310,15,90,#E6C3E0
311,15,90,#E6C3DF
312,15,90,#E6C3DF
313,15,90,#E6C3DE
314,15,90,#E6C3DD
315,15,90,#E6C3DD
316,15,90,#E6C3DC
317,15,90,#E6C3DC
318,15,90,#E6C3DB
319,15,90,#E6C3DB
320,15,90,#E6C3DA
321,15,90,#E6C3D9
322,15,90,#E6C3D9
323,15,90,#E6C3D8
324,15,90,#E6C3D8
325,15,90,#E6C3D7
326,15,90,#E6C3D7
327,15,90,#E6C3D6
328,15,90,#E6C3D5
329,15,90,#E6C3D5
330,15,90,#E6C3D4
331,15,90,#E6C3D4
332,15,90,#E6C3D3
333,15,90,#E6C3D3
334,15,90,#E6C3D2
335,15,90,#E6C3D1
336,15,90,#E6C3D1
337,15,90,#E6C3D0
338,15,90,#E6C3D0
339,15,90,#E6C3CF
340,15,90,#E6C3CF
341,15,90,#E6C3CE
342,15,90,#E6C3CD
343,15,90,#E6C3CD
344,15,90,#E6C3CC
345,15,90,#E6C3CC
346,15,90,#E6C3CB
347,15,90,#E6C3CB
348,15,90,#E6C3CA
349,15,90,#E6C3C9
350,15,90,#E6C3C9
351,15,90,#E6C3C8
352,15,90,#E6C3C8
353,15,90,#E6C3C7
354,15,90,#E6C3C7
355,15,90,#E6C3C6
356,15,90,#E6C3C5
357,15,90,#E6C3C5
358,15,90,#E6C3C4
359,15,90,#E6C3C4
0,14,90,#E6C5C5
1,14,90,#E6C6C5
2,14,90,#E6C6C5
3,14,90,#E6C7C5
4,14,90,#E6C8C5
5,14,90,#E6C8C5
6,14,90,#E6C9C5
7,14,90,#E6C9C5
8,14,90,#E6CAC5
9,14,90,#E6CAC5
10,14,90,#E6CBC5
11,14,90,#E6CBC5
12,14,90,#E6CCC5
13,14,90,#E6CCC5
14,14,90,#E6CDC5
15,14,90,#E6CDC5
16,14,90,#E6CEC5
17,14,90,#E6CEC5
18,14,90,#E6CFC5
19,14,90,#E6D0C5
20,14,90,#E6D0C5
21,14,90,#E6D1C5
22,14,90,#E6D1C5
23,14,90,#E6D2C5
24,14,90,#E6D2C5
25,14,90,#E6D3C5
26,14,90,#E6D3C5
27,14,90,#E6D4C5
28,14,90,#E6D4C5
29,14,90,#E6D5C5
30,14,90,#E6D5C5
31,14,90,#E6D6C5
32,14,90,#E6D7C5
33,14,90,#E6D7C5
34,14,90,#E6D8C5
35,14,90,#E6D8C5
36,14,90,#E6D9C5
37,14,90,#E6D9C5
38,14,90,#E6DAC5
39,14,90,#E6DAC5
40,14,90,#E6DBC5
41,14,90,#E6DBC5
42,14,90,#E6DCC5
43,14,90,#E6DCC5
44,14,90,#E6DDC5
45,14,90,#E6DDC5
46,14,90,#E6DEC5
47,14,90,#E6DFC5
48,14,90,#E6DFC5
49,14,90,#E6E0C5
50,14,90,#E6E0C5
51,14,90,#E6E1C5
52,14,90,#E6E1C5
53,14,90,#E6E2C5
54,14,90,#E6E2C5
55,14,90,#E6E3C5
56,14,90,#E6E3C5
57,14,90,#E6E4C5
58,14,90,#E6E4C5
59,14,90,#E6E5C5
60,14,90,#E6E6C5
61,14,90,#E5E6C5
62,14,90,#E4E6C5
63,14,90,#E4E6C5
64,14,90,#E3E6C5
65,14,90,#E3E6C5
66,14,90,#E2E6C5
67,14,90,#E2E6C5
68,14,90,#E1E6C5
69,14,90,#E1E6C5
70,14,90,#E0E6C5
71,14,90,#E0E6C5
72,14,90,#DFE6C5
73,14,90,#DFE6C5
74,14,90,#DEE6C5
75,14,90,#DDE6C5
76,14,90,#DDE6C5
77,14,90,#DCE6C5
78,14,90,#DCE6C5
79,14,90,#DBE6C5
80,14,90,#DBE6C5
81,14,90,#DAE6C5
82,14,90,#DAE6C5
83,14,90,#D9E6C5
84,14,90,#D9E6C5
85,14,90,#D8E6C5
86,14,90,#D8E6C5
87,14,90,#D7E6C5
88,14,90,#D7E6C5
89,14,90,#D6E6C5
90,14,90,#D5E6C5
91,14,90,#D5E6C5
92,14,90,#D4E6C5
93,14,90,#D4E6C5
94,14,90,#D3E6C5
95,14,90,#D3E6C5
96,14,90,#D2E6C5
97,14,90,#D2E6C5
98,14,90,#D1E6C5
99,14,90,#D1E6C5
100,14,90,#D0E6C5
101,14,90,#D0E6C5
102,14,90,#CFE6C5
103,14,90,#CEE6C5
104,14,90,#CEE6C5
105,14,90,#CDE6C5
106,14,90,#CDE6C5
107,14,90,#CCE6C5
108,14,90,#CCE6C5
109,14,90,#CBE6C5
110,14,90,#CBE6C5
111,14,90,#CAE6C5
112,14,90,#CAE6C5
113,14,90,#C9E6C5
114,14,90,#C9E6C5
115,14,90,#C8E6C5
116,14,90,#C8E6C5
117,14,90,#C7E6C5
118,14,90,#C6E6C5
119,14,90,#C6E6C5
120,14,90,#C5E6C5
121,14,90,#C5E6C6
122,14,90,#C5E6C6
123,14,90,#C5E6C7
124,14,90,#C5E6C8
125,14,90,#C5E6C8
126,14,90,#C5E6C9
127,14,90,#C5E6C9
128,14,90,#C5E6CA
129,14,90,#C5E6CA
130,14,90,#C5E6CB
131,14,90,#C5E6CB
132,14,90,#C5E6CC
133,14,90,#C5E6CC
134,14,90,#C5E6CD
135,14,90,#C5E6CD
136,14,90,#C5E6CE
137,14,90,#C5E6CE
138,14,90,#C5E6CF
139,14,90,#C5E6D0
140,14,90,#C5E6D0
141,14,90,#C5E6D1
142,14,90,#C5E6D1
143,14,90,#C5E6D2
144,14,90,#C5E6D2
145,14,90,#C5E6D3
146,14,90,#C5E6D3
147,14,90,#C5E6D4
148,14,90,#C5E6D4
149,14,90,#C5E6D5
150,14,90,#C5E6D5
151,14,90,#C5E6D6
152,14,90,#C5E6D7
153,14,90,#C5E6D7
154,14,90,#C5E6D8
155,14,90,#C5E6D8
156,14,90,#C5E6D9
157,14,90,#C5E6D9
158,14,90,#C5E6DA
159,14,90,#C5E6DA
160,14,90,#C5E6DB
161,14,90,#C5E6DB
162,14,90,#C5E6DC
163,14,90,#C5E6DC
164,14,90,#C5E6DD
165,14,90,#C5E6DD
166,14,90,#C5E6DE
167,14,90,#C5E6DF
168,14,90,#C5E6DF
169,14,90,#C5E6E0
170,14,90,#C5E6E0
171,14,90,#C5E6E1
172,14,90,#C5E6E1
173,14,90,#C5E6E2
174,14,90,#C5E6E2
175,14,90,#C5E6E3
176,14,90,#C5E6E3
177,14,90,#C5E6E4
178,14,90,#C5E6E4
179,14,90,#C5E6E5
180,14,90,#C5E6E6
181,14,90,#C5E5E6
182,14,90,#C5E4E6
183,14,90,#C5E4E6
184,14,90,#C5E3E6
185,14,90,#C5E3E6
186,14,90,#C5E2E6
187,14,90,#C5E2E6
188,14,90,#C5E1E6
189,14,90,#C5E1E6
190,14,90,#C5E0E6
191,14,90,#C5E0E6
192,14,90,#C5DFE6
193,14,90,#C5DFE6
194,14,90,#C5DEE6
195,14,90,#C5DDE6
196,14,90,#C5DDE6
197,14,90,#C5DCE6
198,14,90,#C5DCE6
199,14,90,#C5DBE6
200,14,90,#C5DBE6
201,14,90,#C5DAE6
202,14,90,#C5DAE6
203,14,90,#C5D9E6
204,14,90,#C5D9E6
205,14,90,#C5D8E6
206,14,90,#C5D8E6
207,14,90,#C5D7E6
208,14,90,#C5D7E6
209,14,90,#C5D6E6
210,14,90,#C5D5E6
211,14,90,#C5D5E6
212,14,90,#C5D4E6
213,14,90,#C5D4E6
214,14,90,#C5D3E6
215,14,90,#C5D3E6
216,14,90,#C5D2E6
217,14,90,#C5D2E6
218,14,90,#C5D1E6
219,14,90,#C5D1E6
220,14,90,#C5D0E6
221,14,90,#C5D0E6
222,14,90,#C5CFE6
223,14,90,#C5CEE6
224,14,90,#C5CEE6
225,14,90,#C5CDE6
226,14,90,#C5CDE6
227,14,90,#C5CCE6
228,14,90,#C5CCE6
229,14,90,#C5CBE6
230,14,90,#C5CBE6
231,14,90,#C5CAE6
232,14,90,#C5CAE6
233,14,90,#C5C9E6
234,14,90,#C5C9E6
235,14,90,#C5C8E6
236,14,90,#C5C8E6
237,14,90,#C5C7E6
238,14,90,#C5C6E6
239,14,90,#C5C6E6
240,14,90,#C5C5E6
241,14,90,#C6C5E6
242,14,90,#C6C5E6
243,14,90,#C7C5E6
244,14,90,#C8C5E6
245,14,90,#C8C5E6
246,14,90,#C9C5E6
247,14,90,#C9C5E6
248,14,90,#CAC5E6
249,14,90,#CAC5E6
250,14,90,#CBC5E6
251,14,90,#CBC5E6
252,14,90,#CCC5E6
253,14,90,#CCC5E6
254,14,90,#CDC5E6
255,14,90,#CDC5E6
256,14,90,#CEC5E6
257,14,90,#CEC5E6
258,14,90,#CFC5E6
259,14,90,#D0C5E6
260,14,90,#D0C5E6
261,14,90,#D1C5E6
262,14,90,#D1C5E6
263,14,90,#D2C5E6
264,14,90,#D2C5E6
265,14,90,#D3C5E6
266,14,90,#D3C5E6
267,14,90,#D4C5E6
268,14,90,#D4C5E6
269,14,90,#D5C5E6
270,14,90,#D5C5E6
271,14,90,#D6C5E6
272,14,90,#D7C5E6
273,14,90,#D7C5E6
274,14,90,#D8C5E6
275,14,90,#D8C5E6
276,14,90,#D9C5E6
277,14,90,#D9C5E6
278,14,90,#DAC5E6
279,14,90,#DAC5E6
280,14,90,#DBC5E6
281,14,90,#DBC5E6
282,14,90,#DCC5E6
283,14,90,#DCC5E6
284,14,90,#DDC5E6
285,14,90,#DDC5E6
286,14,90,#DEC5E6
287,14,90,#DFC5E6
288,14,90,#DFC5E6
289,14,90,#E0C5E6
290,14,90,#E0C5E6
291,14,90,#E1C5E6
292,14,90,#E1C5E6
293,14,90,#E2C5E6
294,14,90,#E2C5E6
295,14,90,#E3C5E6
296,14,90,#E3C5E6
297,14,90,#E4C5E6
298,14,90,#E4C5E6
299,14,90,#E5C5E6
300,14,90,#E6C5E6
301,14,90,#E6C5E5
302,14,90,#E6C5E4
303,14,90,#E6C5E4
304,14,90,#E6C5E3
305,14,90,#E6C5E3
306,14,90,#E6C5E2
307,14,90,#E6C5E2
308,14,90,#E6C5E1
309,14,90,#E6C5E1
310,14,90,#E6C5E0
311,14,90,#E6C5E0
312,14,90,#E6C5DF
313,14,90,#E6C5DF
314,14,90,#E6C5DE
315,14,90,#E6C5DD
316,14,90,#E6C5DD
317,14,90,#E6C5DC
318,14,90,#E6C5DC
319,14,90,#E6C5DB
320,14,90,#E6C5DB
321,14,90,#E6C5DA
322,14,90,#E6C5DA
323,14,90,#E6C5D9
324,14,90,#E6C5D9
325,14,90,#E6C5D8
326,14,90,#E6C5D8
327,14,90,#E6C5D7
328,14,90,#E6C5D7
329,14,90,#E6C5D6
330,14,90,#E6C5D5
331,14,90,#E6C5D5
332,14,90,#E6C5D4
333,14,90,#E6C5D4
334,14,90,#E6C5D3
335,14,90,#E6C5D3
336,14,90,#E6C5D2
337,14,90,#E6C5D2
338,14,90,#E6C5D1
339,14,90,#E6C5D1
340,14,90,#E6C5D0
341,14,90,#E6C5D0
342,14,90,#E6C5CF
343,14,90,#E6C5CE
344,14,90,#E6C5CE
345,14,90,#E6C5CD
346,14,90,#E6C5CD
347,14,90,#E6C5CC
348,14,90,#E6C5CC
349,14,90,#E6C5CB
350,14,90,#E6C5CB
351,14,90,#E6C5CA
352,14,90,#E6C5CA
353,14,90,#E6C5C9
354,14,90,#E6C5C9
355,14,90,#E6C5C8
356,14,90,#E6C5C8
357,14,90,#E6C5C7
358,14,90,#E6C5C6
359,14,90,#E6C5C6
0,13,90,#E6C8C8
1,13,90,#E6C8C8
2,13,90,#E6C9C8
3,13,90,#E6C9C8
4,13,90,#E6CAC8
5,13,90,#E6CAC8
6,13,90,#E6CBC8
7,13,90,#E6CBC8
8,13,90,#E6CCC8
9,13,90,#E6CCC8
10,13,90,#E6CDC8
11,13,90,#E6CDC8
12,13,90,#E6CEC8
13,13,90,#E6CEC8
14,13,90,#E6CFC8
15,13,90,#E6CFC8
16,13,90,#E6D0C8
17,13,90,#E6D0C8
18,13,90,#E6D1C8
19,13,90,#E6D1C8
20,13,90,#E6D2C8
21,13,90,#E6D2C8
22,13,90,#E6D3C8
23,13,90,#E6D3C8
24,13,90,#E6D4C8
25,13,90,#E6D4C8
26,13,90,#E6D5C8
27,13,90,#E6D5C8
28,13,90,#E6D6C8
29,13,90,#E6D6C8
30,13,90,#E6D7C8
31,13,90,#E6D7C8
32,13,90,#E6D8C8
33,13,90,#E6D8C8
34,13,90,#E6D9C8
35,13,90,#E6D9C8
36,13,90,#E6DAC8
37,13,90,#E6DAC8
38,13,90,#E6DBC8
39,13,90,#E6DBC8
40,13,90,#E6DCC8
41,13,90,#E6DCC8
42,13,90,#E6DDC8
43,13,90,#E6DDC8
44,13,90,#E6DEC8
45,13,90,#E6DEC8
46,13,90,#E6DFC8
47,13,90,#E6DFC8
48,13,90,#E6E0C8
49,13,90,#E6E0C8
50,13,90,#E6E1C8
51,13,90,#E6E1C8
52,13,90,#E6E2C8
53,13,90,#E6E2C8
54,13,90,#E6E3C8
55,13,90,#E6E3C8
56,13,90,#E6E4C8
57,13,90,#E6E4C8
58,13,90,#E6E5C8
59,13,90,#E6E5C8
60,13,90,#E6E6C8
61,13,90,#E5E6C8
62,13,90,#E5E6C8
63,13,90,#E4E6C8
64,13,90,#E4E6C8
65,13,90,#E3E6C8
66,13,90,#E3E6C8
67,13,90,#E2E6C8
68,13,90,#E2E6C8
69,13,90,#E1E6C8
70,13,90,#E1E6C8
71,13,90,#E0E6C8
72,13,90,#E0E6C8
73,13,90,#DFE6C8
74,13,90,#DFE6C8
75,13,90,#DEE6C8
76,13,90,#DEE6C8
77,13,90,#DDE6C8
78,13,90,#DDE6C8
79,13,90,#DCE6C8
80,13,90,#DCE6C8
81,13,90,#DBE6C8
82,13,90,#DBE6C8
83,13,90,#DAE6C8
84,13,90,#DAE6C8
85,13,90,#D9E6C8
86,13,90,#D9E6C8
87,13,90,#D8E6C8
88,13,90,#D8E6C8
89,13,90,#D7E6C8
90,13,90,#D7E6C8
91,13,90,#D6E6C8
92,13,90,#D6E6C8
93,13,90,#D5E6C8
94,13,90,#D5E6C8
95,13,90,#D4E6C8
96,13,90,#D4E6C8
97,13,90,#D3E6C8
98,13,90,#D3E6C8
99,13,90,#D2E6C8
100,13,90,#D2E6C8
101,13,90,#D1E6C8
102,13,90,#D1E6C8
103,13,90,#D0E6C8
104,13,90,#D0E6C8
105,13,90,#CFE6C8
106,13,90,#CFE6C8
107,13,90,#CEE6C8
108,13,90,#CEE6C8
109,13,90,#CDE6C8
110,13,90,#CDE6C8
111,13,90,#CCE6C8
112,13,90,#CCE6C8
113,13,90,#CBE6C8
114,13,90,#CBE6C8
115,13,90,#CAE6C8
116,13,90,#CAE6C8
117,13,90,#C9E6C8
118,13,90,#C9E6C8
119,13,90,#C8E6C8
120,13,90,#C8E6C8
121,13,90,#C8E6C8
122,13,90,#C8E6C9
123,13,90,#C8E6C9
124,13,90,#C8E6CA
125,13,90,#C8E6CA
126,13,90,#C8E6CB
127,13,90,#C8E6CB
128,13,90,#C8E6CC
129,13,90,#C8E6CC
130,13,90,#C8E6CD
131,13,90,#C8E6CD
132,13,90,#C8E6CE
133,13,90,#C8E6CE
134,13,90,#C8E6CF
135,13,90,#C8E6CF
136,13,90,#C8E6D0
137,13,90,#C8E6D0
138,13,90,#C8E6D1
139,13,90,#C8E6D1
140,13,90,#C8E6D2
141,13,90,#C8E6D2
142,13,90,#C8E6D3
143,13,90,#C8E6D3
144,13,90,#C8E6D4
145,13,90,#C8E6D4
146,13,90,#C8E6D5
147,13,90,#C8E6D5
148,13,90,#C8E6D6
149,13,90,#C8E6D6
150,13,90,#C8E6D7
151,13,90,#C8E6D7
152,13,90,#C8E6D8
153,13,90,#C8E6D8
154,13,90,#C8E6D9
155,13,90,#C8E6D9
156,13,90,#C8E6DA
157,13,90,#C8E6DA
158,13,90,#C8E6DB
159,13,90,#C8E6DB
160,13,90,#C8E6DC
161,13,90,#C8E6DC
162,13,90,#C8E6DD
163,13,90,#C8E6DD
164,13,90,#C8E6DE
165,13,90,#C8E6DE
166,13,90,#C8E6DF
167,13,90,#C8E6DF
168,13,90,#C8E6E0
169,13,90,#C8E6E0
170,13,90,#C8E6E1
171,13,90,#C8E6E1
172,13,90,#C8E6E2
173,13,90,#C8E6E2
174,13,90,#C8E6E3
175,13,90,#C8E6E3
176,13,90,#C8E6E4
177,13,90,#C8E6E4
178,13,90,#C8E6E5
179,13,90,#C8E6E5
180,13,90,#C8E6E6
181,13,90,#C8E5E6
182,13,90,#C8E5E6
183,13,90,#C8E4E6
184,13,90,#C8E4E6
185,13,90,#C8E3E6
186,13,90,#C8E3E6
187,13,90,#C8E2E6
188,13,90,#C8E2E6
189,13,90,#C8E1E6
190,13,90,#C8E1E6
191,13,90,#C8E0E6
192,13,90,#C8E0E6
193,13,90,#C8DFE6
194,13,90,#C8DFE6
195,13,90,#C8DEE6
196,13,90,#C8DEE6
197,13,90,#C8DDE6
198,13,90,#C8DDE6
199,13,90,#C8DCE6
200,13,90,#C8DCE6
201,13,90,#C8DBE6
202,13,90,#C8DBE6
203,13,90,#C8DAE6
204,13,90,#C8DAE6
205,13,90,#C8D9E6
206,13,90,#C8D9E6
207,13,90,#C8D8E6
208,13,90,#C8D8E6
209,13,90,#C8D7E6
210,13,90,#C8D7E6
211,13,90,#C8D6E6
212,13,90,#C8D6E6
213,13,90,#C8D5E6
214,13,90,#C8D5E6
215,13,90,#C8D4E6
216,13,90,#C8D4E6
217,13,90,#C8D3E6
218,13,90,#C8D3E6
219,13,90,#C8D2E6
220,13,90,#C8D2E6
221,13,90,#C8D1E6
222,13,90,#C8D1E6
223,13,90,#C8D0E6
224,13,90,#C8D0E6
225,13,90,#C8CFE6
226,13,90,#C8CFE6
227,13,90,#C8CEE6
228,13,90,#C8CEE6
229,13,90,#C8CDE6
230,13,90,#C8CDE6
231,13,90,#C8CCE6
232,13,90,#C8CCE6
233,13,90,#C8CBE6
234,13,90,#C8CBE6
235,13,90,#C8CAE6
236,13,90,#C8CAE6
237,13,90,#C8C9E6
238,13,90,#C8C9E6
239,13,90,#C8C8E6
240,13,90,#C8C8E6
241,13,90,#C8C8E6
242,13,90,#C9C8E6
243,13,90,#C9C8E6
244,13,90,#CAC8E6
245,13,90,#CAC8E6
246,13,90,#CBC8E6
247,13,90,#CBC8E6
248,13,90,#CCC8E6
249,13,90,#CCC8E6
250,13,90,#CDC8E6
251,13,90,#CDC8E6
252,13,90,#CEC8E6
253,13,90,#CEC8E6
254,13,90,#CFC8E6
255,13,90,#CFC8E6
256,13,90,#D0C8E6
257,13,90,#D0C8E6
258,13,90,#D1C8E6
259,13,90,#D1C8E6
260,13,90,#D2C8E6
261,13,90,#D2C8E6
262,13,90,#D3C8E6
263,13,90,#D3C8E6
264,13,90,#D4C8E6
265,13,90,#D4C8E6
266,13,90,#D5C8E6
267,13,90,#D5C8E6
268,13,90,#D6C8E6
269,13,90,#D6C8E6
270,13,90,#D7C8E6
271,13,90,#D7C8E6
272,13,90,#D8C8E6
273,13,90,#D8C8E6
274,13,90,#D9C8E6
275,13,90,#D9C8E6
276,13,90,#DAC8E6
277,13,90,#DAC8E6
278,13,90,#DBC8E6
279,13,90,#DBC8E6
280,13,90,#DCC8E6
281,13,90,#DCC8E6
282,13,90,#DDC8E6
283,13,90,#DDC8E6
284,13,90,#DEC8E6
285,13,90,#DEC8E6
286,13,90,#DFC8E6
287,13,90,#DFC8E6
288,13,90,#E0C8E6
289,13,90,#E0C8E6
290,13,90,#E1C8E6
291,13,90,#E1C8E6
292,13,90,#E2C8E6
293,13,90,#E2C8E6
294,13,90,#E3C8E6
295,13,90,#E3C8E6
296,13,90,#E4C8E6
297,13,90,#E4C8E6
298,13,90,#E5C8E6
299,13,90,#E5C8E6
300,13,90,#E6C8E6
301,13,90,#E6C8E5
302,13,90,#E6C8E5
303,13,90,#E6C8E4
304,13,90,#E6C8E4
305,13,90,#E6C8E3
306,13,90,#E6C8E3
307,13,90,#E6C8E2
308,13,90,#E6C8E2
309,13,90,#E6C8E1
310,13,90,#E6C8E1
311,13,90,#E6C8E0
312,13,90,#E6C8E0
313,13,90,#E6C8DF
314,13,90,#E6C8DF
315,13,90,#E6C8DE
316,13,90,#E6C8DE
317,13,90,#E6C8DD
318,13,90,#E6C8DD
319,13,90,#E6C8DC
320,13,90,#E6C8DC
321,13,90,#E6C8DB
322,13,90,#E6C8DB
323,13,90,#E6C8DA
324,13,90,#E6C8DA
325,13,90,#E6C8D9
326,13,90,#E6C8D9
327,13,90,#E6C8D8
328,13,90,#E6C8D8
329,13,90,#E6C8D7
330,13,90,#E6C8D7
331,13,90,#E6C8D6
332,13,90,#E6C8D6
333,13,90,#E6C8D5
334,13,90,#E6C8D5
335,13,90,#E6C8D4
336,13,90,#E6C8D4
337,13,90,#E6C8D3
338,13,90,#E6C8D3
339,13,90,#E6C8D2
340,13,90,#E6C8D2
341,13,90,#E6C8D1
342,13,90,#E6C8D1
343,13,90,#E6C8D0
344,13,90,#E6C8D0
345,13,90,#E6C8CF
346,13,90,#E6C8CF
347,13,90,#E6C8CE
348,13,90,#E6C8CE
349,13,90,#E6C8CD
350,13,90,#E6C8CD
351,13,90,#E6C8CC
352,13,90,#E6C8CC
353,13,90,#E6C8CB
354,13,90,#E6C8CB
355,13,90,#E6C8CA
356,13,90,#E6C8CA
357,13,90,#E6C8C9
358,13,90,#E6C8C9
359,13,90,#E6C8C8
0,12,90,#E6CACA
1,12,90,#E6CACA
2,12,90,#E6CBCA
3,12,90,#E6CBCA
4,12,90,#E6CCCA
5,12,90,#E6CCCA
6,12,90,#E6CDCA
7,12,90,#E6CDCA
8,12,90,#E6CECA
9,12,90,#E6CECA
10,12,90,#E6CFCA
11,12,90,#E6CFCA
12,12,90,#E6CFCA
13,12,90,#E6D0CA
14,12,90,#E6D0CA
15,12,90,#E6D1CA
16,12,90,#E6D1CA
17,12,90,#E6D2CA
18,12,90,#E6D2CA
19,12,90,#E6D3CA
20,12,90,#E6D3CA
21,12,90,#E6D4CA
22,12,90,#E6D4CA
23,12,90,#E6D5CA
24,12,90,#E6D5CA
25,12,90,#E6D5CA
26,12,90,#E6D6CA
27,12,90,#E6D6CA
28,12,90,#E6D7CA
29,12,90,#E6D7CA
30,12,90,#E6D8CA
31,12,90,#E6D8CA
32,12,90,#E6D9CA
33,12,90,#E6D9CA
34,12,90,#E6DACA
35,12,90,#E6DACA
36,12,90,#E6DACA
37,12,90,#E6DBCA
38,12,90,#E6DBCA
39,12,90,#E6DCCA
40,12,90,#E6DCCA
41,12,90,#E6DDCA
42,12,90,#E6DDCA
43,12,90,#E6DECA
44,12,90,#E6DECA
45,12,90,#E6DFCA
46,12,90,#E6DFCA
47,12,90,#E6E0CA
48,12,90,#E6E0CA
49,12,90,#E6E0CA
50,12,90,#E6E1CA
51,12,90,#E6E1CA
52,12,90,#E6E2CA
53,12,90,#E6E2CA
54,12,90,#E6E3CA
55,12,90,#E6E3CA
56,12,90,#E6E4CA
57,12,90,#E6E4CA
58,12,90,#E6E5CA
59,12,90,#E6E5CA
60,12,90,#E6E6CA
61,12,90,#E5E6CA
62,12,90,#E5E6CA
63,12,90,#E4E6CA
64,12,90,#E4E6CA
65,12,90,#E3E6CA
66,12,90,#E3E6CA
67,12,90,#E2E6CA
68,12,90,#E2E6CA
69,12,90,#E1E6CA
70,12,90,#E1E6CA
71,12,90,#E0E6CA
72,12,90,#E0E6CA
73,12,90,#E0E6CA
74,12,90,#DFE6CA
75,12,90,#DFE6CA
76,12,90,#DEE6CA
77,12,90,#DEE6CA
78,12,90,#DDE6CA
79,12,90,#DDE6CA
80,12,90,#DCE6CA
81,12,90,#DCE6CA
82,12,90,#DBE6CA
83,12,90,#DBE6CA
84,12,90,#DAE6CA
85,12,90,#DAE6CA
86,12,90,#DAE6CA
87,12,90,#D9E6CA
88,12,90,#D9E6CA
89,12,90,#D8E6CA
90,12,90,#D8E6CA
91,12,90,#D7E6CA
92,12,90,#D7E6CA
93,12,90,#D6E6CA
94,12,90,#D6E6CA
95,12,90,#D5E6CA
96,12,90,#D5E6CA
97,12,90,#D5E6CA
98,12,90,#D4E6CA
99,12,90,#D4E6CA
100,12,90,#D3E6CA
101,12,90,#D3E6CA
102,12,90,#D2E6CA
103,12,90,#D2E6CA
104,12,90,#D1E6CA
105,12,90,#D1E6CA
106,12,90,#D0E6CA
107,12,90,#D0E6CA
108,12,90,#CFE6CA
109,12,90,#CFE6CA
110,12,90,#CFE6CA
111,12,90,#CEE6CA
112,12,90,#CEE6CA
113,12,90,#CDE6CA
114,12,90,#CDE6CA
115,12,90,#CCE6CA
116,12,90,#CCE6CA
117,12,90,#CBE6CA
118,12,90,#CBE6CA
119,12,90,#CAE6CA
120,12,90,#CAE6CA
121,12,90,#CAE6CA
122,12,90,#CAE6CB
123,12,90,#CAE6CB
124,12,90,#CAE6CC
125,12,90,#CAE6CC
126,12,90,#CAE6CD
127,12,90,#CAE6CD
128,12,90,#CAE6CE
129,12,90,#CAE6CE
130,12,90,#CAE6CF
131,12,90,#CAE6CF
132,12,90,#CAE6CF
133,12,90,#CAE6D0
134,12,90,#CAE6D0
135,12,90,#CAE6D1
136,12,90,#CAE6D1
137,12,90,#CAE6D2
138,12,90,#CAE6D2
139,12,90,#CAE6D3
140,12,90,#CAE6D3
141,12,90,#CAE6D4
142,12,90,#CAE6D4
143,12,90,#CAE6D5
144,12,90,#CAE6D5
145,12,90,#CAE6D5
146,12,90,#CAE6D6
147,12,90,#CAE6D6
148,12,90,#CAE6D7
149,12,90,#CAE6D7
150,12,90,#CAE6D8
151,12,90,#CAE6D8
152,12,90,#CAE6D9
153,12,90,#CAE6D9
154,12,90,#CAE6DA
155,12,90,#CAE6DA
156,12,90,#CAE6DA
157,12,90,#CAE6DB
158,12,90,#CAE6DB
159,12,90,#CAE6DC
160,12,90,#CAE6DC
161,12,90,#CAE6DD
162,12,90,#CAE6DD
163,12,90,#CAE6DE
164,12,90,#CAE6DE
165,12,90,#CAE6DF
166,12,90,#CAE6DF
167,12,90,#CAE6E0
168,12,90,#CAE6E0
169,12,90,#CAE6E0
170,12,90,#CAE6E1
171,12,90,#CAE6E1
172,12,90,#CAE6E2
173,12,90,#CAE6E2
174,12,90,#CAE6E3
175,12,90,#CAE6E3
176,12,90,#CAE6E4
177,12,90,#CAE6E4
178,12,90,#CAE6E5
179,12,90,#CAE6E5
180,12,90,#CAE6E6
181,12,90,#CAE5E6
182,12,90,#CAE5E6
183,12,90,#CAE4E6
184,12,90,#CAE4E6
185,12,90,#CAE3E6
186,12,90,#CAE3E6
187,12,90,#CAE2E6
188,12,90,#CAE2E6
189,12,90,#CAE1E6
190,12,90,#CAE1E6
191,12,90,#CAE0E6
192,12,90,#CAE0E6
193,12,90,#CAE0E6
194,12,90,#CADFE6
195,12,90,#CADFE6
196,12,90,#CADEE6
197,12,90,#CADEE6
198,12,90,#CADDE6
199,12,90,#CADDE6
200,12,90,#CADCE6
201,12,90,#CADCE6
202,12,90,#CADBE6
203,12,90,#CADBE6
204,12,90,#CADAE6
205,12,90,#CADAE6
206,12,90,#CADAE6
207,12,90,#CAD9E6
208,12,90,#CAD9E6
209,12,90,#CAD8E6
210,12,90,#CAD8E6
211,12,90,#CAD7E6
212,12,90,#CAD7E6
213,12,90,#CAD6E6
214,12,90,#CAD6E6
215,12,90,#CAD5E6
216,12,90,#CAD5E6
217,12,90,#CAD5E6
218,12,90,#CAD4E6
219,12,90,#CAD4E6
220,12,90,#CAD3E6
221,12,90,#CAD3E6
222,12,90,#CAD2E6
223,12,90,#CAD2E6
224,12,90,#CAD1E6
225,12,90,#CAD1E6
226,12,90,#CAD0E6
227,12,90,#CAD0E6
228,12,90,#CACFE6
229,12,90,#CACFE6
230,12,90,#CACFE6
231,12,90,#CACEE6
232,12,90,#CACEE6
233,12,90,#CACDE6
234,12,90,#CACDE6
235,12,90,#CACCE6
236,12,90,#CACCE6
237,12,90,#CACBE6
238,12,90,#CACBE6
239,12,90,#CACAE6
240,12,90,#CACAE6
241,12,90,#CACAE6
242,12,90,#CBCAE6
243,12,90,#CBCAE6
244,12,90,#CCCAE6
245,12,90,#CCCAE6
246,12,90,#CDCAE6
247,12,90,#CDCAE6
248,12,90,#CECAE6
249,12,90,#CECAE6
250,12,90,#CFCAE6
251,12,90,#CFCAE6
252,12,90,#CFCAE6
253,12,90,#D0CAE6
254,12,90,#D0CAE6
255,12,90,#D1CAE6
256,12,90,#D1CAE6
257,12,90,#D2CAE6
258,12,90,#D2CAE6
259,12,90,#D3CAE6
260,12,90,#D3CAE6
261,12,90,#D4CAE6
262,12,90,#D4CAE6
263,12,90,#D5CAE6
264,12,90,#D5CAE6
265,12,90,#D5CAE6
266,12,90,#D6CAE6
267,12,90,#D6CAE6
268,12,90,#D7CAE6
269,12,90,#D7CAE6
270,12,90,#D8CAE6
271,12,90,#D8CAE6
272,12,90,#D9CAE6
273,12,90,#D9CAE6
274,12,90,#DACAE6
275,12,90,#DACAE6
276,12,90,#DACAE6
277,12,90,#DBCAE6
278,12,90,#DBCAE6
279,12,90,#DCCAE6
280,12,90,#DCCAE6
281,12,90,#DDCAE6
282,12,90,#DDCAE6
283,12,90,#DECAE6
284,12,90,#DECAE6
285,12,90,#DFCAE6
286,12,90,#DFCAE6
287,12,90,#E0CAE6
288,12,90,#E0CAE6
289,12,90,#E0CAE6
290,12,90,#E1CAE6
291,12,90,#E1CAE6
292,12,90,#E2CAE6
293,12,90,#E2CAE6
294,12,90,#E3CAE6
295,12,90,#E3CAE6
296,12,90,#E4CAE6
297,12,90,#E4CAE6
298,12,90,#E5CAE6
299,12,90,#E5CAE6
300,12,90,#E6CAE6
301,12,90,#E6CAE5
302,12,90,#E6CAE5
303,12,90,#E6CAE4
304,12,90,#E6CAE4
305,12,90,#E6CAE3
306,12,90,#E6CAE3
307,12,90,#E6CAE2
308,12,90,#E6CAE2
309,12,90,#E6CAE1
310,12,90,#E6CAE1
311,12,90,#E6CAE0
312,12,90,#E6CAE0
313,12,90,#E6CAE0
314,12,90,#E6CADF
315,12,90,#E6CADF
316,12,90,#E6CADE
317,12,90,#E6CADE
318,12,90,#E6CADD
319,12,90,#E6CADD
320,12,90,#E6CADC
321,12,90,#E6CADC
322,12,90,#E6CADB
323,12,90,#E6CADB
324,12,90,#E6CADA
325,12,90,#E6CADA
326,12,90,#E6CADA
327,12,90,#E6CAD9
328,12,90,#E6CAD9
329,12,90,#E6CAD8
330,12,90,#E6CAD8
331,12,90,#E6CAD7
332,12,90,#E6CAD7
333,12,90,#E6CAD6
334,12,90,#E6CAD6
335,12,90,#E6CAD5
336,12,90,#E6CAD5
337,12,90,#E6CAD5
338,12,90,#E6CAD4
339,12,90,#E6CAD4
340,12,90,#E6CAD3
341,12,90,#E6CAD3
342,12,90,#E6CAD2
343,12,90,#E6CAD2
344,12,90,#E6CAD1
345,12,90,#E6CAD1
346,12,90,#E6CAD0
347,12,90,#E6CAD0
348,12,90,#E6CACF
349,12,90,#E6CACF
350,12,90,#E6CACF
351,12,90,#E6CACE
352,12,90,#E6CACE
353,12,90,#E6CACD
354,12,90,#E6CACD
355,12,90,#E6CACC
356,12,90,#E6CACC
357,12,90,#E6CACB
358,12,90,#E6CACB
359,12,90,#E6CACA
0,11,90,#E6CCCC
1,11,90,#E6CDCC
2,11,90,#E6CDCC
3,11,90,#E6CECC
4,11,90,#E6CECC
5,11,90,#E6CECC
6,11,90,#E6CFCC
7,11,90,#E6CFCC
8,11,90,#E6D0CC
9,11,90,#E6D0CC
10,11,90,#E6D0CC
11,11,90,#E6D1CC
12,11,90,#E6D1CC
13,11,90,#E6D2CC
14,11,90,#E6D2CC
15,11,90,#E6D3CC
16,11,90,#E6D3CC
17,11,90,#E6D3CC
18,11,90,#E6D4CC
19,11,90,#E6D4CC
20,11,90,#E6D5CC
21,11,90,#E6D5CC
22,11,90,#E6D6CC
23,11,90,#E6D6CC
24,11,90,#E6D6CC
25,11,90,#E6D7CC
26,11,90,#E6D7CC
27,11,90,#E6D8CC
28,11,90,#E6D8CC
29,11,90,#E6D8CC
30,11,90,#E6D9CC
31,11,90,#E6D9CC
32,11,90,#E6DACC
33,11,90,#E6DACC
34,11,90,#E6DBCC
35,11,90,#E6DBCC
36,11,90,#E6DBCC
37,11,90,#E6DCCC
38,11,90,#E6DCCC
39,11,90,#E6DDCC
40,11,90,#E6DDCC
41,11,90,#E6DECC
42,11,90,#E6DECC
43,11,90,#E6DECC
44,11,90,#E6DFCC
45,11,90,#E6DFCC
46,11,90,#E6E0CC
47,11,90,#E6E0CC
48,11,90,#E6E0CC
49,11,90,#E6E1CC
50,11,90,#E6E1CC
51,11,90,#E6E2CC
52,11,90,#E6E2CC
53,11,90,#E6E3CC
54,11,90,#E6E3CC
55,11,90,#E6E3CC
56,11,90,#E6E4CC
57,11,90,#E6E4CC
58,11,90,#E6E5CC
59,11,90,#E6E5CC
60,11,90,#E6E6CC
61,11,90,#E5E6CC
62,11,90,#E5E6CC
63,11,90,#E4E6CC
64,11,90,#E4E6CC
65,11,90,#E3E6CC
66,11,90,#E3E6CC
67,11,90,#E3E6CC
68,11,90,#E2E6CC
69,11,90,#E2E6CC
70,11,90,#E1E6CC
71,11,90,#E1E6CC
72,11,90,#E0E6CC
73,11,90,#E0E6CC
74,11,90,#E0E6CC
75,11,90,#DFE6CC
76,11,90,#DFE6CC
77,11,90,#DEE6CC
78,11,90,#DEE6CC
79,11,90,#DEE6CC
80,11,90,#DDE6CC
81,11,90,#DDE6CC
82,11,90,#DCE6CC
83,11,90,#DCE6CC
84,11,90,#DBE6CC
85,11,90,#DBE6CC
86,11,90,#DBE6CC
87,11,90,#DAE6CC
88,11,90,#DAE6CC
89,11,90,#D9E6CC
90,11,90,#D9E6CC
91,11,90,#D8E6CC
92,11,90,#D8E6CC
93,11,90,#D8E6CC
94,11,90,#D7E6CC
95,11,90,#D7E6CC
96,11,90,#D6E6CC
97,11,90,#D6E6CC
98,11,90,#D6E6CC
99,11,90,#D5E6CC
100,11,90,#D5E6CC
101,11,90,#D4E6CC
102,11,90,#D4E6CC
103,11,90,#D3E6CC
104,11,90,#D3E6CC
105,11,90,#D3E6CC
106,11,90,#D2E6CC
107,11,90,#D2E6CC
108,11,90,#D1E6CC
109,11,90,#D1E6CC
110,11,90,#D0E6CC
111,11,90,#D0E6CC
112,11,90,#D0E6CC
113,11,90,#CFE6CC
114,11,90,#CFE6CC
115,11,90,#CEE6CC
116,11,90,#CEE6CC
117,11,90,#CEE6CC
118,11,90,#CDE6CC
119,11,90,#CDE6CC
120,11,90,#CCE6CC
121,11,90,#CCE6CD
122,11,90,#CCE6CD
123,11,90,#CCE6CE
124,11,90,#CCE6CE
125,11,90,#CCE6CE
126,11,90,#CCE6CF
127,11,90,#CCE6CF
128,11,90,#CCE6D0
129,11,90,#CCE6D0
130,11,90,#CCE6D0
131,11,90,#CCE6D1
132,11,90,#CCE6D1
133,11,90,#CCE6D2
134,11,90,#CCE6D2
135,11,90,#CCE6D3
136,11,90,#CCE6D3
137,11,90,#CCE6D3
138,11,90,#CCE6D4
139,11,90,#CCE6D4
140,11,90,#CCE6D5
141,11,90,#CCE6D5
142,11,90,#CCE6D6
143,11,90,#CCE6D6
144,11,90,#CCE6D6
145,11,90,#CCE6D7
146,11,90,#CCE6D7
147,11,90,#CCE6D8
148,11,90,#CCE6D8
149,11,90,#CCE6D8
150,11,90,#CCE6D9
151,11,90,#CCE6D9
152,11,90,#CCE6DA
153,11,90,#CCE6DA
154,11,90,#CCE6DB
155,11,90,#CCE6DB
156,11,90,#CCE6DB
157,11,90,#CCE6DC
158,11,90,#CCE6DC
159,11,90,#CCE6DD
160,11,90,#CCE6DD
161,11,90,#CCE6DE
162,11,90,#CCE6DE
163,11,90,#CCE6DE
164,11,90,#CCE6DF
165,11,90,#CCE6DF
166,11,90,#CCE6E0
167,11,90,#CCE6E0
168,11,90,#CCE6E0
169,11,90,#CCE6E1
170,11,90,#CCE6E1
171,11,90,#CCE6E2
172,11,90,#CCE6E2
173,11,90,#CCE6E3
174,11,90,#CCE6E3
175,11,90,#CCE6E3
176,11,90,#CCE6E4
177,11,90,#CCE6E4
178,11,90,#CCE6E5
179,11,90,#CCE6E5
180,11,90,#CCE6E6
181,11,90,#CCE5E6
182,11,90,#CCE5E6
183,11,90,#CCE4E6
184,11,90,#CCE4E6
185,11,90,#CCE3E6
186,11,90,#CCE3E6
187,11,90,#CCE3E6
188,11,90,#CCE2E6
189,11,90,#CCE2E6
190,11,90,#CCE1E6
191,11,90,#CCE1E6
192,11,90,#CCE0E6
193,11,90,#CCE0E6
194,11,90,#CCE0E6
195,11,90,#CCDFE6
196,11,90,#CCDFE6
197,11,90,#CCDEE6
198,11,90,#CCDEE6
199,11,90,#CCDEE6
200,11,90,#CCDDE6
201,11,90,#CCDDE6
202,11,90,#CCDCE6
203,11,90,#CCDCE6
204,11,90,#CCDBE6
205,11,90,#CCDBE6
206,11,90,#CCDBE6
207,11,90,#CCDAE6
208,11,90,#CCDAE6
209,11,90,#CCD9E6
210,11,90,#CCD9E6
211,11,90,#CCD8E6
212,11,90,#CCD8E6
213,11,90,#CCD8E6
214,11,90,#CCD7E6
215,11,90,#CCD7E6
216,11,90,#CCD6E6
217,11,90,#CCD6E6
218,11,90,#CCD6E6
219,11,90,#CCD5E6
220,11,90,#CCD5E6
221,11,90,#CCD4E6
222,11,90,#CCD4E6
223,11,90,#CCD3E6
224,11,90,#CCD3E6
225,11,90,#CCD3E6
226,11,90,#CCD2E6
227,11,90,#CCD2E6
228,11,90,#CCD1E6
229,11,90,#CCD1E6
230,11,90,#CCD0E6
231,11,90,#CCD0E6
232,11,90,#CCD0E6
233,11,90,#CCCFE6
234,11,90,#CCCFE6
235,11,90,#CCCEE6
236,11,90,#CCCEE6
237,11,90,#CCCEE6
238,11,90,#CCCDE6
239,11,90,#CCCDE6
240,11,90,#CCCCE6
241,11,90,#CDCCE6
242,11,90,#CDCCE6
243,11,90,#CECCE6
244,11,90,#CECCE6
245,11,90,#CECCE6
246,11,90,#CFCCE6
247,11,90,#CFCCE6
248,11,90,#D0CCE6
249,11,90,#D0CCE6
250,11,90,#D0CCE6
251,11,90,#D1CCE6
252,11,90,#D1CCE6
253,11,90,#D2CCE6
254,11,90,#D2CCE6
255,11,90,#D3CCE6
256,11,90,#D3CCE6
257,11,90,#D3CCE6
258,11,90,#D4CCE6
259,11,90,#D4CCE6
260,11,90,#D5CCE6
261,11,90,#D5CCE6
262,11,90,#D6CCE6
263,11,90,#D6CCE6
264,11,90,#D6CCE6
265,11,90,#D7CCE6
266,11,90,#D7CCE6
267,11,90,#D8CCE6
268,11,90,#D8CCE6
269,11,90,#D8CCE6
270,11,90,#D9CCE6
271,11,90,#D9CCE6
272,11,90,#DACCE6
273,11,90,#DACCE6
274,11,90,#DBCCE6
275,11,90,#DBCCE6
276,11,90,#DBCCE6
277,11,90,#DCCCE6
278,11,90,#DCCCE6
279,11,90,#DDCCE6
280,11,90,#DDCCE6
281,11,90,#DECCE6
282,11,90,#DECCE6
283,11,90,#DECCE6
284,11,90,#DFCCE6
285,11,90,#DFCCE6
286,11,90,#E0CCE6
287,11,90,#E0CCE6
288,11,90,#E0CCE6
289,11,90,#E1CCE6
290,11,90,#E1CCE6
291,11,90,#E2CCE6
292,11,90,#E2CCE6
293,11,90,#E3CCE6
294,11,90,#E3CCE6
295,11,90,#E3CCE6
296,11,90,#E4CCE6
297,11,90,#E4CCE6
298,11,90,#E5CCE6
299,11,90,#E5CCE6
300,11,90,#E6CCE6
301,11,90,#E6CCE5
302,11,90,#E6CCE5
303,11,90,#E6CCE4
304,11,90,#E6CCE4
305,11,90,#E6CCE3
306,11,90,#E6CCE3
307,11,90,#E6CCE3
308,11,90,#E6CCE2
309,11,90,#E6CCE2
310,11,90,#E6CCE1
311,11,90,#E6CCE1
312,11,90,#E6CCE0
313,11,90,#E6CCE0
314,11,90,#E6CCE0
315,11,90,#E6CCDF
316,11,90,#E6CCDF
317,11,90,#E6CCDE
318,11,90,#E6CCDE
319,11,90,#E6CCDE
320,11,90,#E6CCDD
321,11,90,#E6CCDD
322,11,90,#E6CCDC
323,11,90,#E6CCDC
324,11,90,#E6CCDB
325,11,90,#E6CCDB
326,11,90,#E6CCDB
327,11,90,#E6CCDA
328,11,90,#E6CCDA
329,11,90,#E6CCD9
330,11,90,#E6CCD9
331,11,90,#E6CCD8
332,11,90,#E6CCD8
333,11,90,#E6CCD8
334,11,90,#E6CCD7
335,11,90,#E6CCD7
336,11,90,#E6CCD6
337,11,90,#E6CCD6
338,11,90,#E6CCD6
339,11,90,#E6CCD5
340,11,90,#E6CCD5
341,11,90,#E6CCD4
342,11,90,#E6CCD4
343,11,90,#E6CCD3
344,11,90,#E6CCD3
345,11,90,#E6CCD3
346,11,90,#E6CCD2
347,11,90,#E6CCD2
348,11,90,#E6CCD1
349,11,90,#E6CCD1
350,11,90,#E6CCD0
351,11,90,#E6CCD0
352,11,90,#E6CCD0
353,11,90,#E6CCCF
354,11,90,#E6CCCF
355,11,90,#E6CCCE
356,11,90,#E6CCCE
357,11,90,#E6CCCE
358,11,90,#E6CCCD
359,11,90,#E6CCCD
0,10,90,#E6CFCF
1,10,90,#E6CFCF
2,10,90,#E6CFCF
3,10,90,#E6D0CF
4,10,90,#E6D0CF
5,10,90,#E6D0CF
6,10,90,#E6D1CF
7,10,90,#E6D1CF
8,10,90,#E6D2CF
9,10,90,#E6D2CF
10,10,90,#E6D2CF
11,10,90,#E6D3CF
12,10,90,#E6D3CF
13,10,90,#E6D4CF
14,10,90,#E6D4CF
15,10,90,#E6D4CF
16,10,90,#E6D5CF
17,10,90,#E6D5CF
18,10,90,#E6D5CF
19,10,90,#E6D6CF
20,10,90,#E6D6CF
21,10,90,#E6D7CF
22,10,90,#E6D7CF
23,10,90,#E6D7CF
24,10,90,#E6D8CF
25,10,90,#E6D8CF
26,10,90,#E6D8CF
27,10,90,#E6D9CF
28,10,90,#E6D9CF
29,10,90,#E6DACF
30,10,90,#E6DACF
31,10,90,#E6DACF
32,10,90,#E6DBCF
33,10,90,#E6DBCF
34,10,90,#E6DCCF
35,10,90,#E6DCCF
36,10,90,#E6DCCF
37,10,90,#E6DDCF
38,10,90,#E6DDCF
39,10,90,#E6DDCF
40,10,90,#E6DECF
41,10,90,#E6DECF
42,10,90,#E6DFCF
43,10,90,#E6DFCF
44,10,90,#E6DFCF
45,10,90,#E6E0CF
46,10,90,#E6E0CF
47,10,90,#E6E1CF
48,10,90,#E6E1CF
49,10,90,#E6E1CF
50,10,90,#E6E2CF
51,10,90,#E6E2CF
52,10,90,#E6E2CF
53,10,90,#E6E3CF
54,10,90,#E6E3CF
55,10,90,#E6E4CF
56,10,90,#E6E4CF
57,10,90,#E6E4CF
58,10,90,#E6E5CF
59,10,90,#E6E5CF
60,10,90,#E6E6CF
61,10,90,#E5E6CF
62,10,90,#E5E6CF
63,10,90,#E4E6CF
64,10,90,#E4E6CF
65,10,90,#E4E6CF
66,10,90,#E3E6CF
67,10,90,#E3E6CF
68,10,90,#E2E6CF
69,10,90,#E2E6CF
70,10,90,#E2E6CF
71,10,90,#E1E6CF
72,10,90,#E1E6CF
73,10,90,#E1E6CF
74,10,90,#E0E6CF
75,10,90,#E0E6CF
76,10,90,#DFE6CF
77,10,90,#DFE6CF
78,10,90,#DFE6CF
79,10,90,#DEE6CF
80,10,90,#DEE6CF
81,10,90,#DDE6CF
82,10,90,#DDE6CF
83,10,90,#DDE6CF
84,10,90,#DCE6CF
85,10,90,#DCE6CF
86,10,90,#DCE6CF
87,10,90,#DBE6CF
88,10,90,#DBE6CF
89,10,90,#DAE6CF
90,10,90,#DAE6CF
91,10,90,#DAE6CF
92,10,90,#D9E6CF
93,10,90,#D9E6CF
94,10,90,#D8E6CF
95,10,90,#D8E6CF
96,10,90,#D8E6CF
97,10,90,#D7E6CF
98,10,90,#D7E6CF
99,10,90,#D7E6CF
100,10,90,#D6E6CF
101,10,90,#D6E6CF
102,10,90,#D5E6CF
103,10,90,#D5E6CF
104,10,90,#D5E6CF
105,10,90,#D4E6CF
106,10,90,#D4E6CF
107,10,90,#D4E6CF
108,10,90,#D3E6CF
109,10,90,#D3E6CF
110,10,90,#D2E6CF
111,10,90,#D2E6CF
112,10,90,#D2E6CF
113,10,90,#D1E6CF
114,10,90,#D1E6CF
115,10,90,#D0E6CF
116,10,90,#D0E6CF
117,10,90,#D0E6CF
118,10,90,#CFE6CF
119,10,90,#CFE6CF
120,10,90,#CFE6CF
121,10,90,#CFE6CF
122,10,90,#CFE6CF
123,10,90,#CFE6D0
124,10,90,#CFE6D0
125,10,90,#CFE6D0
126,10,90,#CFE6D1
127,10,90,#CFE6D1
128,10,90,#CFE6D2
129,10,90,#CFE6D2
130,10,90,#CFE6D2
131,10,90,#CFE6D3
132,10,90,#CFE6D3
133,10,90,#CFE6D4
134,10,90,#CFE6D4
135,10,90,#CFE6D4
136,10,90,#CFE6D5
137,10,90,#CFE6D5
138,10,90,#CFE6D5
139,10,90,#CFE6D6
140,10,90,#CFE6D6
141,10,90,#CFE6D7
142,10,90,#CFE6D7
143,10,90,#CFE6D7
144,10,90,#CFE6D8
145,10,90,#CFE6D8
146,10,90,#CFE6D8
147,10,90,#CFE6D9
148,10,90,#CFE6D9
149,10,90,#CFE6DA
150,10,90,#CFE6DA
151,10,90,#CFE6DA
152,10,90,#CFE6DB
153,10,90,#CFE6DB
154,10,90,#CFE6DC
155,10,90,#CFE6DC
156,10,90,#CFE6DC
157,10,90,#CFE6DD
158,10,90,#CFE6DD
159,10,90,#CFE6DD
160,10,90,#CFE6DE
161,10,90,#CFE6DE
162,10,90,#CFE6DF
163,10,90,#CFE6DF
164,10,90,#CFE6DF
165,10,90,#CFE6E0
166,10,90,#CFE6E0
167,10,90,#CFE6E1
168,10,90,#CFE6E1
169,10,90,#CFE6E1
170,10,90,#CFE6E2
171,10,90,#CFE6E2
172,10,90,#CFE6E2
173,10,90,#CFE6E3
174,10,90,#CFE6E3
175,10,90,#CFE6E4
176,10,90,#CFE6E4
177,10,90,#CFE6E4
178,10,90,#CFE6E5
179,10,90,#CFE6E5
180,10,90,#CFE6E6
181,10,90,#CFE5E6
182,10,90,#CFE5E6
183,10,90,#CFE4E6
184,10,90,#CFE4E6
185,10,90,#CFE4E6
186,10,90,#CFE3E6
187,10,90,#CFE3E6
188,10,90,#CFE2E6
189,10,90,#CFE2E6
190,10,90,#CFE2E6
191,10,90,#CFE1E6
192,10,90,#CFE1E6
193,10,90,#CFE1E6
194,10,90,#CFE0E6
195,10,90,#CFE0E6
196,10,90,#CFDFE6
197,10,90,#CFDFE6
198,10,90,#CFDFE6
199,10,90,#CFDEE6
200,10,90,#CFDEE6
201,10,90,#CFDDE6
202,10,90,#CFDDE6
203,10,90,#CFDDE6
204,10,90,#CFDCE6
205,10,90,#CFDCE6
206,10,90,#CFDCE6
207,10,90,#CFDBE6
208,10,90,#CFDBE6
209,10,90,#CFDAE6
210,10,90,#CFDAE6
211,10,90,#CFDAE6
212,10,90,#CFD9E6
213,10,90,#CFD9E6
214,10,90,#CFD8E6
215,10,90,#CFD8E6
216,10,90,#CFD8E6
217,10,90,#CFD7E6
218,10,90,#CFD7E6
219,10,90,#CFD7E6
220,10,90,#CFD6E6
221,10,90,#CFD6E6
222,10,90,#CFD5E6
223,10,90,#CFD5E6
224,10,90,#CFD5E6
225,10,90,#CFD4E6
226,10,90,#CFD4E6
227,10,90,#CFD4E6
228,10,90,#CFD3E6
229,10,90,#CFD3E6
230,10,90,#CFD2E6
231,10,90,#CFD2E6
232,10,90,#CFD2E6
233,10,90,#CFD1E6
234,10,90,#CFD1E6
235,10,90,#CFD0E6
236,10,90,#CFD0E6
237,10,90,#CFD0E6
238,10,90,#CFCFE6
239,10,90,#CFCFE6
240,10,90,#CFCFE6
241,10,90,#CFCFE6
242,10,90,#CFCFE6
243,10,90,#D0CFE6
244,10,90,#D0CFE6
245,10,90,#D0CFE6
246,10,90,#D1CFE6
247,10,90,#D1CFE6
248,10,90,#D2CFE6
249,10,90,#D2CFE6
250,10,90,#D2CFE6
251,10,90,#D3CFE6
252,10,90,#D3CFE6
253,10,90,#D4CFE6
254,10,90,#D4CFE6
255,10,90,#D4CFE6
256,10,90,#D5CFE6
257,10,90,#D5CFE6
258,10,90,#D5CFE6
259,10,90,#D6CFE6
260,10,90,#D6CFE6
261,10,90,#D7CFE6
262,10,90,#D7CFE6
263,10,90,#D7CFE6
264,10,90,#D8CFE6
265,10,90,#D8CFE6
266,10,90,#D8CFE6
267,10,90,#D9CFE6
268,10,90,#D9CFE6
269,10,90,#DACFE6
270,10,90,#DACFE6
271,10,90,#DACFE6
272,10,90,#DBCFE6
273,10,90,#DBCFE6
274,10,90,#DCCFE6
275,10,90,#DCCFE6
276,10,90,#DCCFE6
277,10,90,#DDCFE6
278,10,90,#DDCFE6
279,10,90,#DDCFE6
280,10,90,#DECFE6
281,10,90,#DECFE6
282,10,90,#DFCFE6
283,10,90,#DFCFE6
284,10,90,#DFCFE6
285,10,90,#E0CFE6
286,10,90,#E0CFE6
287,10,90,#E1CFE6
288,10,90,#E1CFE6
289,10,90,#E1CFE6
290,10,90,#E2CFE6
291,10,90,#E2CFE6
292,10,90,#E2CFE6
293,10,90,#E3CFE6
294,10,90,#E3CFE6
295,10,90,#E4CFE6
296,10,90,#E4CFE6
297,10,90,#E4CFE6
298,10,90,#E5CFE6
299,10,90,#E5CFE6
300,10,90,#E6CFE6
301,10,90,#E6CFE5
302,10,90,#E6CFE5
303,10,90,#E6CFE4
304,10,90,#E6CFE4
305,10,90,#E6CFE4
306,10,90,#E6CFE3
307,10,90,#E6CFE3
308,10,90,#E6CFE2
309,10,90,#E6CFE2
310,10,90,#E6CFE2
311,10,90,#E6CFE1
312,10,90,#E6CFE1
313,10,90,#E6CFE1
314,10,90,#E6CFE0
315,10,90,#E6CFE0
316,10,90,#E6CFDF
317,10,90,#E6CFDF
318,10,90,#E6CFDF
319,10,90,#E6CFDE
320,10,90,#E6CFDE
321,10,90,#E6CFDD
322,10,90,#E6CFDD
323,10,90,#E6CFDD
324,10,90,#E6CFDC
325,10,90,#E6CFDC
326,10,90,#E6CFDC
327,10,90,#E6CFDB
328,10,90,#E6CFDB
329,10,90,#E6CFDA
330,10,90,#E6CFDA
331,10,90,#E6CFDA
332,10,90,#E6CFD9
333,10,90,#E6CFD9
334,10,90,#E6CFD8
335,10,90,#E6CFD8
336,10,90,#E6CFD8
337,10,90,#E6CFD7
338,10,90,#E6CFD7
339,10,90,#E6CFD7
340,10,90,#E6CFD6
341,10,90,#E6CFD6
342,10,90,#E6CFD5
343,10,90,#E6CFD5
344,10,90,#E6CFD5
345,10,90,#E6CFD4
346,10,90,#E6CFD4
347,10,90,#E6CFD4
348,10,90,#E6CFD3
349,10,90,#E6CFD3
350,10,90,#E6CFD2
351,10,90,#E6CFD2
352,10,90,#E6CFD2
353,10,90,#E6CFD1
354,10,90,#E6CFD1
355,10,90,#E6CFD0
356,10,90,#E6CFD0
357,10,90,#E6CFD0
358,10,90,#E6CFCF
359,10,90,#E6CFCF
0,9,90,#E6D1D1
1,9,90,#E6D1D1
2,9,90,#E6D2D1
3,9,90,#E6D2D1
4,9,90,#E6D2D1
5,9,90,#E6D3D1
6,9,90,#E6D3D1
7,9,90,#E6D3D1
8,9,90,#E6D4D1
9,9,90,#E6D4D1
10,9,90,#E6D4D1
11,9,90,#E6D5D1
12,9,90,#E6D5D1
13,9,90,#E6D5D1
14,9,90,#E6D6D1
15,9,90,#E6D6D1
16,9,90,#E6D6D1
17,9,90,#E6D7D1
18,9,90,#E6D7D1
19,9,90,#E6D7D1
20,9,90,#E6D8D1
21,9,90,#E6D8D1
22,9,90,#E6D8D1
23,9,90,#E6D9D1
24,9,90,#E6D9D1
25,9,90,#E6D9D1
26,9,90,#E6DAD1
27,9,90,#E6DAD1
28,9,90,#E6DAD1
29,9,90,#E6DBD1
30,9,90,#E6DBD1
31,9,90,#E6DCD1
32,9,90,#E6DCD1
33,9,90,#E6DCD1
34,9,90,#E6DDD1
35,9,90,#E6DDD1
36,9,90,#E6DDD1
37,9,90,#E6DED1
38,9,90,#E6DED1
39,9,90,#E6DED1
40,9,90,#E6DFD1
41,9,90,#E6DFD1
42,9,90,#E6DFD1
43,9,90,#E6E0D1
44,9,90,#E6E0D1
45,9,90,#E6E0D1
46,9,90,#E6E1D1
47,9,90,#E6E1D1
48,9,90,#E6E1D1
49,9,90,#E6E2D1
50,9,90,#E6E2D1
51,9,90,#E6E2D1
52,9,90,#E6E3D1
53,9,90,#E6E3D1
54,9,90,#E6E3D1
55,9,90,#E6E4D1
56,9,90,#E6E4D1
57,9,90,#E6E4D1
58,9,90,#E6E5D1
59,9,90,#E6E5D1
60,9,90,#E6E6D1
61,9,90,#E5E6D1
62,9,90,#E5E6D1
63,9,90,#E4E6D1
64,9,90,#E4E6D1
65,9,90,#E4E6D1
66,9,90,#E3E6D1
67,9,90,#E3E6D1
68,9,90,#E3E6D1
69,9,90,#E2E6D1
70,9,90,#E2E6D1
71,9,90,#E2E6D1
72,9,90,#E1E6D1
73,9,90,#E1E6D1
74,9,90,#E1E6D1
75,9,90,#E0E6D1
76,9,90,#E0E6D1
77,9,90,#E0E6D1
78,9,90,#DFE6D1
79,9,90,#DFE6D1
80,9,90,#DFE6D1
81,9,90,#DEE6D1
82,9,90,#DEE6D1
83,9,90,#DEE6D1
84,9,90,#DDE6D1
85,9,90,#DDE6D1
86,9,90,#DDE6D1
87,9,90,#DCE6D1
88,9,90,#DCE6D1
89,9,90,#DCE6D1
90,9,90,#DBE6D1
91,9,90,#DBE6D1
92,9,90,#DAE6D1
93,9,90,#DAE6D1
94,9,90,#DAE6D1
95,9,90,#D9E6D1
96,9,90,#D9E6D1
97,9,90,#D9E6D1
98,9,90,#D8E6D1
99,9,90,#D8E6D1
100,9,90,#D8E6D1
101,9,90,#D7E6D1
102,9,90,#D7E6D1
103,9,90,#D7E6D1
104,9,90,#D6E6D1
105,9,90,#D6E6D1
106,9,90,#D6E6D1
107,9,90,#D5E6D1
108,9,90,#D5E6D1
109,9,90,#D5E6D1
110,9,90,#D4E6D1
111,9,90,#D4E6D1
112,9,90,#D4E6D1
113,9,90,#D3E6D1
114,9,90,#D3E6D1
115,9,90,#D3E6D1
116,9,90,#D2E6D1
117,9,90,#D2E6D1
118,9,90,#D2E6D1
119,9,90,#D1E6D1
120,9,90,#D1E6D1
121,9,90,#D1E6D1
122,9,90,#D1E6D2
123,9,90,#D1E6D2
124,9,90,#D1E6D2
125,9,90,#D1E6D3
126,9,90,#D1E6D3
127,9,90,#D1E6D3
128,9,90,#D1E6D4
129,9,90,#D1E6D4
130,9,90,#D1E6D4
131,9,90,#D1E6D5
132,9,90,#D1E6D5
133,9,90,#D1E6D5
134,9,90,#D1E6D6
135,9,90,#D1E6D6
136,9,90,#D1E6D6
137,9,90,#D1E6D7
138,9,90,#D1E6D7
139,9,90,#D1E6D7
140,9,90,#D1E6D8
141,9,90,#D1E6D8
142,9,90,#D1E6D8
143,9,90,#D1E6D9
144,9,90,#D1E6D9
145,9,90,#D1E6D9
146,9,90,#D1E6DA
147,9,90,#D1E6DA
148,9,90,#D1E6DA
149,9,90,#D1E6DB
150,9,90,#D1E6DB
151,9,90,#D1E6DC
152,9,90,#D1E6DC
153,9,90,#D1E6DC
154,9,90,#D1E6DD
155,9,90,#D1E6DD
156,9,90,#D1E6DD
157,9,90,#D1E6DE
158,9,90,#D1E6DE
159,9,90,#D1E6DE
160,9,90,#D1E6DF
161,9,90,#D1E6DF
162,9,90,#D1E6DF
163,9,90,#D1E6E0
164,9,90,#D1E6E0
165,9,90,#D1E6E0
166,9,90,#D1E6E1
167,9,90,#D1E6E1
168,9,90,#D1E6E1
169,9,90,#D1E6E2
170,9,90,#D1E6E2
171,9,90,#D1E6E2
172,9,90,#D1E6E3
173,9,90,#D1E6E3
174,9,90,#D1E6E3
175,9,90,#D1E6E4
176,9,90,#D1E6E4
177,9,90,#D1E6E4
178,9,90,#D1E6E5
179,9,90,#D1E6E5
180,9,90,#D1E6E6
181,9,90,#D1E5E6
182,9,90,#D1E5E6
183,9,90,#D1E4E6
184,9,90,#D1E4E6
185,9,90,#D1E4E6
186,9,90,#D1E3E6
187,9,90,#D1E3E6
188,9,90,#D1E3E6
189,9,90,#D1E2E6
190,9,90,#D1E2E6
191,9,90,#D1E2E6
192,9,90,#D1E1E6
193,9,90,#D1E1E6
194,9,90,#D1E1E6
195,9,90,#D1E0E6
196,9,90,#D1E0E6
197,9,90,#D1E0E6
198,9,90,#D1DFE6
199,9,90,#D1DFE6
200,9,90,#D1DFE6
201,9,90,#D1DEE6
202,9,90,#D1DEE6
203,9,90,#D1DEE6
204,9,90,#D1DDE6
205,9,90,#D1DDE6
206,9,90,#D1DDE6
207,9,90,#D1DCE6
208,9,90,#D1DCE6
209,9,90,#D1DCE6
210,9,90,#D1DBE6
211,9,90,#D1DBE6
212,9,90,#D1DAE6
213,9,90,#D1DAE6
214,9,90,#D1DAE6
215,9,90,#D1D9E6
216,9,90,#D1D9E6
217,9,90,#D1D9E6
218,9,90,#D1D8E6
219,9,90,#D1D8E6
220,9,90,#D1D8E6
221,9,90,#D1D7E6
222,9,90,#D1D7E6
223,9,90,#D1D7E6
224,9,90,#D1D6E6
225,9,90,#D1D6E6
226,9,90,#D1D6E6
227,9,90,#D1D5E6
228,9,90,#D1D5E6
229,9,90,#D1D5E6
230,9,90,#D1D4E6
231,9,90,#D1D4E6
232,9,90,#D1D4E6
233,9,90,#D1D3E6
234,9,90,#D1D3E6
235,9,90,#D1D3E6
236,9,90,#D1D2E6
237,9,90,#D1D2E6
238,9,90,#D1D2E6
239,9,90,#D1D1E6
240,9,90,#D1D1E6
241,9,90,#D1D1E6
242,9,90,#D2D1E6
243,9,90,#D2D1E6
244,9,90,#D2D1E6
245,9,90,#D3D1E6
246,9,90,#D3D1E6
247,9,90,#D3D1E6
248,9,90,#D4D1E6
249,9,90,#D4D1E6
250,9,90,#D4D1E6
251,9,90,#D5D1E6
252,9,90,#D5D1E6
253,9,90,#D5D1E6
254,9,90,#D6D1E6
255,9,90,#D6D1E6
256,9,90,#D6D1E6
257,9,90,#D7D1E6
258,9,90,#D7D1E6
259,9,90,#D7D1E6
260,9,90,#D8D1E6
261,9,90,#D8D1E6
262,9,90,#D8D1E6
263,9,90,#D9D1E6
264,9,90,#D9D1E6
265,9,90,#D9D1E6
266,9,90,#DAD1E6
267,9,90,#DAD1E6
268,9,90,#DAD1E6
269,9,90,#DBD1E6
270,9,90,#DBD1E6
271,9,90,#DCD1E6
272,9,90,#DCD1E6
273,9,90,#DCD1E6
274,9,90,#DDD1E6
275,9,90,#DDD1E6
276,9,90,#DDD1E6
277,9,90,#DED1E6
278,9,90,#DED1E6
279,9,90,#DED1E6
280,9,90,#DFD1E6
281,9,90,#DFD1E6
282,9,90,#DFD1E6
283,9,90,#E0D1E6
284,9,90,#E0D1E6
285,9,90,#E0D1E6
286,9,90,#E1D1E6
287,9,90,#E1D1E6
288,9,90,#E1D1E6
289,9,90,#E2D1E6
290,9,90,#E2D1E6
291,9,90,#E2D1E6
292,9,90,#E3D1E6
293,9,90,#E3D1E6
294,9,90,#E3D1E6
295,9,90,#E4D1E6
296,9,90,#E4D1E6
297,9,90,#E4D1E6
298,9,90,#E5D1E6
299,9,90,#E5D1E6
300,9,90,#E6D1E6
301,9,90,#E6D1E5
302,9,90,#E6D1E5
303,9,90,#E6D1E4
304,9,90,#E6D1E4
305,9,90,#E6D1E4
306,9,90,#E6D1E3
307,9,90,#E6D1E3
308,9,90,#E6D1E3
309,9,90,#E6D1E2
310,9,90,#E6D1E2
311,9,90,#E6D1E2
312,9,90,#E6D1E1
313,9,90,#E6D1E1
314,9,90,#E6D1E1
315,9,90,#E6D1E0
316,9,90,#E6D1E0
317,9,90,#E6D1E0
318,9,90,#E6D1DF
319,9,90,#E6D1DF
320,9,90,#E6D1DF
321,9,90,#E6D1DE
322,9,90,#E6D1DE
323,9,90,#E6D1DE
324,9,90,#E6D1DD
325,9,90,#E6D1DD
326,9,90,#E6D1DD
327,9,90,#E6D1DC
328,9,90,#E6D1DC
329,9,90,#E6D1DC
330,9,90,#E6D1DB
331,9,90,#E6D1DB
332,9,90,#E6D1DA
333,9,90,#E6D1DA
334,9,90,#E6D1DA
335,9,90,#E6D1D9
336,9,90,#E6D1D9
337,9,90,#E6D1D9
338,9,90,#E6D1D8
339,9,90,#E6D1D8
340,9,90,#E6D1D8
341,9,90,#E6D1D7
342,9,90,#E6D1D7
343,9,90,#E6D1D7
344,9,90,#E6D1D6
345,9,90,#E6D1D6
346,9,90,#E6D1D6
347,9,90,#E6D1D5
348,9,90,#E6D1D5
349,9,90,#E6D1D5
350,9,90,#E6D1D4
351,9,90,#E6D1D4
352,9,90,#E6D1D4
353,9,90,#E6D1D3
354,9,90,#E6D1D3
355,9,90,#E6D1D3
356,9,90,#E6D1D2
357,9,90,#E6D1D2
358,9,90,#E6D1D2
359,9,90,#E6D1D1
0,8,90,#E6D3D3
1,8,90,#E6D3D3
2,8,90,#E6D4D3
3,8,90,#E6D4D3
4,8,90,#E6D4D3
5,8,90,#E6D5D3
6,8,90,#E6D5D3
7,8,90,#E6D5D3
8,8,90,#E6D6D3
9,8,90,#E6D6D3
10,8,90,#E6D6D3
11,8,90,#E6D7D3
12,8,90,#E6D7D3
13,8,90,#E6D7D3
14,8,90,#E6D7D3
15,8,90,#E6D8D3
16,8,90,#E6D8D3
17,8,90,#E6D8D3
18,8,90,#E6D9D3
19,8,90,#E6D9D3
20,8,90,#E6D9D3
21,8,90,#E6DAD3
22,8,90,#E6DAD3
23,8,90,#E6DAD3
24,8,90,#E6DAD3
25,8,90,#E6DBD3
26,8,90,#E6DBD3
27,8,90,#E6DBD3
28,8,90,#E6DCD3
29,8,90,#E6DCD3
30,8,90,#E6DCD3
31,8,90,#E6DDD3
32,8,90,#E6DDD3
33,8,90,#E6DDD3
34,8,90,#E6DED3
35,8,90,#E6DED3
36,8,90,#E6DED3
37,8,90,#E6DED3
38,8,90,#E6DFD3
39,8,90,#E6DFD3
40,8,90,#E6DFD3
41,8,90,#E6E0D3
42,8,90,#E6E0D3
43,8,90,#E6E0D3
44,8,90,#E6E1D3
45,8,90,#E6E1D3
46,8,90,#E6E1D3
47,8,90,#E6E2D3
48,8,90,#E6E2D3
49,8,90,#E6E2D3
50,8,90,#E6E2D3
51,8,90,#E6E3D3
52,8,90,#E6E3D3
53,8,90,#E6E3D3
54,8,90,#E6E4D3
55,8,90,#E6E4D3
56,8,90,#E6E4D3
57,8,90,#E6E5D3
58,8,90,#E6E5D3
59,8,90,#E6E5D3
60,8,90,#E6E6D3
61,8,90,#E5E6D3
62,8,90,#E5E6D3
63,8,90,#E5E6D3
64,8,90,#E4E6D3
65,8,90,#E4E6D3
66,8,90,#E4E6D3
67,8,90,#E3E6D3
68,8,90,#E3E6D3
69,8,90,#E3E6D3
70,8,90,#E2E6D3
71,8,90,#E2E6D3
72,8,90,#E2E6D3
73,8,90,#E2E6D3
74,8,90,#E1E6D3
75,8,90,#E1E6D3
76,8,90,#E1E6D3
77,8,90,#E0E6D3
78,8,90,#E0E6D3
79,8,90,#E0E6D3
80,8,90,#DFE6D3
81,8,90,#DFE6D3
82,8,90,#DFE6D3
83,8,90,#DEE6D3
84,8,90,#DEE6D3
85,8,90,#DEE6D3
86,8,90,#DEE6D3
87,8,90,#DDE6D3
88,8,90,#DDE6D3
89,8,90,#DDE6D3
90,8,90,#DCE6D3
91,8,90,#DCE6D3
92,8,90,#DCE6D3
93,8,90,#DBE6D3
94,8,90,#DBE6D3
95,8,90,#DBE6D3
96,8,90,#DAE6D3
97,8,90,#DAE6D3
98,8,90,#DAE6D3
99,8,90,#DAE6D3
100,8,90,#D9E6D3
101,8,90,#D9E6D3
102,8,90,#D9E6D3
103,8,90,#D8E6D3
104,8,90,#D8E6D3
105,8,90,#D8E6D3
106,8,90,#D7E6D3
107,8,90,#D7E6D3
108,8,90,#D7E6D3
109,8,90,#D7E6D3
110,8,90,#D6E6D3
111,8,90,#D6E6D3
112,8,90,#D6E6D3
113,8,90,#D5E6D3
114,8,90,#D5E6D3
115,8,90,#D5E6D3
116,8,90,#D4E6D3
117,8,90,#D4E6D3
118,8,90,#D4E6D3
119,8,90,#D3E6D3
120,8,90,#D3E6D3
121,8,90,#D3E6D3
122,8,90,#D3E6D4
123,8,90,#D3E6D4
124,8,90,#D3E6D4
125,8,90,#D3E6D5
126,8,90,#D3E6D5
127,8,90,#D3E6D5
128,8,90,#D3E6D6
129,8,90,#D3E6D6
130,8,90,#D3E6D6
131,8,90,#D3E6D7
132,8,90,#D3E6D7
133,8,90,#D3E6D7
134,8,90,#D3E6D7
135,8,90,#D3E6D8
136,8,90,#D3E6D8
137,8,90,#D3E6D8
138,8,90,#D3E6D9
139,8,90,#D3E6D9
140,8,90,#D3E6D9
141,8,90,#D3E6DA
142,8,90,#D3E6DA
143,8,90,#D3E6DA
144,8,90,#D3E6DA
145,8,90,#D3E6DB
146,8,90,#D3E6DB
147,8,90,#D3E6DB
148,8,90,#D3E6DC
149,8,90,#D3E6DC
150,8,90,#D3E6DC
151,8,90,#D3E6DD
152,8,90,#D3E6DD
153,8,90,#D3E6DD
154,8,90,#D3E6DE
155,8,90,#D3E6DE
156,8,90,#D3E6DE
157,8,90,#D3E6DE
158,8,90,#D3E6DF
159,8,90,#D3E6DF
160,8,90,#D3E6DF
161,8,90,#D3E6E0
162,8,90,#D3E6E0
163,8,90,#D3E6E0
164,8,90,#D3E6E1
165,8,90,#D3E6E1
166,8,90,#D3E6E1
167,8,90,#D3E6E2
168,8,90,#D3E6E2
169,8,90,#D3E6E2
170,8,90,#D3E6E2
171,8,90,#D3E6E3
172,8,90,#D3E6E3
173,8,90,#D3E6E3
174,8,90,#D3E6E4
175,8,90,#D3E6E4
176,8,90,#D3E6E4
177,8,90,#D3E6E5
178,8,90,#D3E6E5
179,8,90,#D3E6E5
180,8,90,#D3E6E6
181,8,90,#D3E5E6
182,8,90,#D3E5E6
183,8,90,#D3E5E6
184,8,90,#D3E4E6
185,8,90,#D3E4E6
186,8,90,#D3E4E6
187,8,90,#D3E3E6
188,8,90,#D3E3E6
189,8,90,#D3E3E6
190,8,90,#D3E2E6
191,8,90,#D3E2E6
192,8,90,#D3E2E6
193,8,90,#D3E2E6
194,8,90,#D3E1E6
195,8,90,#D3E1E6
196,8,90,#D3E1E6
197,8,90,#D3E0E6
198,8,90,#D3E0E6
199,8,90,#D3E0E6
200,8,90,#D3DFE6
201,8,90,#D3DFE6
202,8,90,#D3DFE6
203,8,90,#D3DEE6
204,8,90,#D3DEE6
205,8,90,#D3DEE6
206,8,90,#D3DEE6
207,8,90,#D3DDE6
208,8,90,#D3DDE6
209,8,90,#D3DDE6
210,8,90,#D3DCE6
211,8,90,#D3DCE6
212,8,90,#D3DCE6
213,8,90,#D3DBE6
214,8,90,#D3DBE6
215,8,90,#D3DBE6
216,8,90,#D3DAE6
217,8,90,#D3DAE6
218,8,90,#D3DAE6
219,8,90,#D3DAE6
220,8,90,#D3D9E6
221,8,90,#D3D9E6
222,8,90,#D3D9E6
223,8,90,#D3D8E6
224,8,90,#D3D8E6
225,8,90,#D3D8E6
226,8,90,#D3D7E6
227,8,90,#D3D7E6
228,8,90,#D3D7E6
229,8,90,#D3D7E6
230,8,90,#D3D6E6
231,8,90,#D3D6E6
232,8,90,#D3D6E6
233,8,90,#D3D5E6
234,8,90,#D3D5E6
235,8,90,#D3D5E6
236,8,90,#D3D4E6
237,8,90,#D3D4E6
238,8,90,#D3D4E6
239,8,90,#D3D3E6
240,8,90,#D3D3E6
241,8,90,#D3D3E6
242,8,90,#D4D3E6
243,8,90,#D4D3E6
244,8,90,#D4D3E6
245,8,90,#D5D3E6
246,8,90,#D5D3E6
247,8,90,#D5D3E6
248,8,90,#D6D3E6
249,8,90,#D6D3E6
250,8,90,#D6D3E6
251,8,90,#D7D3E6
252,8,90,#D7D3E6
253,8,90,#D7D3E6
254,8,90,#D7D3E6
255,8,90,#D8D3E6
256,8,90,#D8D3E6
257,8,90,#D8D3E6
258,8,90,#D9D3E6
259,8,90,#D9D3E6
260,8,90,#D9D3E6
261,8,90,#DAD3E6
262,8,90,#DAD3E6
263,8,90,#DAD3E6
264,8,90,#DAD3E6
265,8,90,#DBD3E6
266,8,90,#DBD3E6
267,8,90,#DBD3E6
268,8,90,#DCD3E6
269,8,90,#DCD3E6
270,8,90,#DCD3E6
271,8,90,#DDD3E6
272,8,90,#DDD3E6
273,8,90,#DDD3E6
274,8,90,#DED3E6
275,8,90,#DED3E6
276,8,90,#DED3E6
277,8,90,#DED3E6
278,8,90,#DFD3E6
279,8,90,#DFD3E6
280,8,90,#DFD3E6
281,8,90,#E0D3E6
282,8,90,#E0D3E6
283,8,90,#E0D3E6
284,8,90,#E1D3E6
285,8,90,#E1D3E6
286,8,90,#E1D3E6
287,8,90,#E2D3E6
288,8,90,#E2D3E6
289,8,90,#E2D3E6
290,8,90,#E2D3E6
291,8,90,#E3D3E6
292,8,90,#E3D3E6
293,8,90,#E3D3E6
294,8,90,#E4D3E6
295,8,90,#E4D3E6
296,8,90,#E4D3E6
297,8,90,#E5D3E6
298,8,90,#E5D3E6
299,8,90,#E5D3E6
300,8,90,#E6D3E6
301,8,90,#E6D3E5
302,8,90,#E6D3E5
303,8,90,#E6D3E5
304,8,90,#E6D3E4
305,8,90,#E6D3E4
306,8,90,#E6D3E4
307,8,90,#E6D3E3
308,8,90,#E6D3E3
309,8,90,#E6D3E3
310,8,90,#E6D3E2
311,8,90,#E6D3E2
312,8,90,#E6D3E2
313,8,90,#E6D3E2
314,8,90,#E6D3E1
315,8,90,#E6D3E1
316,8,90,#E6D3E1
317,8,90,#E6D3E0
318,8,90,#E6D3E0
319,8,90,#E6D3E0
320,8,90,#E6D3DF
321,8,90,#E6D3DF
322,8,90,#E6D3DF
323,8,90,#E6D3DE
324,8,90,#E6D3DE
325,8,90,#E6D3DE
326,8,90,#E6D3DE
327,8,90,#E6D3DD
328,8,90,#E6D3DD
329,8,90,#E6D3DD
330,8,90,#E6D3DC
331,8,90,#E6D3DC
332,8,90,#E6D3DC
333,8,90,#E6D3DB
334,8,90,#E6D3DB
335,8,90,#E6D3DB
336,8,90,#E6D3DA
337,8,90,#E6D3DA
338,8,90,#E6D3DA
339,8,90,#E6D3DA
340,8,90,#E6D3D9
341,8,90,#E6D3D9
342,8,90,#E6D3D9
343,8,90,#E6D3D8
344,8,90,#E6D3D8
345,8,90,#E6D3D8
346,8,90,#E6D3D7
347,8,90,#E6D3D7
348,8,90,#E6D3D7
349,8,90,#E6D3D7
350,8,90,#E6D3D6
351,8,90,#E6D3D6
352,8,90,#E6D3D6
353,8,90,#E6D3D5
354,8,90,#E6D3D5
355,8,90,#E6D3D5
356,8,90,#E6D3D4
357,8,90,#E6D3D4
358,8,90,#E6D3D4
359,8,90,#E6D3D3
0,7,90,#E6D5D5
1,7,90,#E6D6D5
2,7,90,#E6D6D5
3,7,90,#E6D6D5
4,7,90,#E6D7D5
5,7,90,#E6D7D5
6,7,90,#E6D7D5
7,7,90,#E6D7D5
8,7,90,#E6D8D5
9,7,90,#E6D8D5
10,7,90,#E6D8D5
11,7,90,#E6D8D5
12,7,90,#E6D9D5
13,7,90,#E6D9D5
14,7,90,#E6D9D5
15,7,90,#E6D9D5
16,7,90,#E6DAD5
17,7,90,#E6DAD5
18,7,90,#E6DAD5
19,7,90,#E6DBD5
20,7,90,#E6DBD5
21,7,90,#E6DBD5
22,7,90,#E6DBD5
23,7,90,#E6DCD5
24,7,90,#E6DCD5
25,7,90,#E6DCD5
26,7,90,#E6DCD5
27,7,90,#E6DDD5
28,7,90,#E6DDD5
29,7,90,#E6DDD5
30,7,90,#E6DDD5
31,7,90,#E6DED5
32,7,90,#E6DED5
33,7,90,#E6DED5
34,7,90,#E6DFD5
35,7,90,#E6DFD5
36,7,90,#E6DFD5
37,7,90,#E6DFD5
38,7,90,#E6E0D5
39,7,90,#E6E0D5
40,7,90,#E6E0D5
41,7,90,#E6E0D5
42,7,90,#E6E1D5
43,7,90,#E6E1D5
44,7,90,#E6E1D5
45,7,90,#E6E1D5
46,7,90,#E6E2D5
47,7,90,#E6E2D5
48,7,90,#E6E2D5
49,7,90,#E6E3D5
50,7,90,#E6E3D5
51,7,90,#E6E3D5
52,7,90,#E6E3D5
53,7,90,#E6E4D5
54,7,90,#E6E4D5
55,7,90,#E6E4D5
56,7,90,#E6E4D5
57,7,90,#E6E5D5
58,7,90,#E6E5D5
59,7,90,#E6E5D5
60,7,90,#E6E6D5
61,7,90,#E5E6D5
62,7,90,#E5E6D5
63,7,90,#E5E6D5
64,7,90,#E4E6D5
65,7,90,#E4E6D5
66,7,90,#E4E6D5
67,7,90,#E4E6D5
68,7,90,#E3E6D5
69,7,90,#E3E6D5
70,7,90,#E3E6D5
71,7,90,#E3E6D5
72,7,90,#E2E6D5
73,7,90,#E2E6D5
74,7,90,#E2E6D5
75,7,90,#E1E6D5
76,7,90,#E1E6D5
77,7,90,#E1E6D5
78,7,90,#E1E6D5
79,7,90,#E0E6D5
80,7,90,#E0E6D5
81,7,90,#E0E6D5
82,7,90,#E0E6D5
83,7,90,#DFE6D5
84,7,90,#DFE6D5
85,7,90,#DFE6D5
86,7,90,#DFE6D5
87,7,90,#DEE6D5
88,7,90,#DEE6D5
89,7,90,#DEE6D5
90,7,90,#DDE6D5
91,7,90,#DDE6D5
92,7,90,#DDE6D5
93,7,90,#DDE6D5
94,7,90,#DCE6D5
95,7,90,#DCE6D5
96,7,90,#DCE6D5
97,7,90,#DCE6D5
98,7,90,#DBE6D5
99,7,90,#DBE6D5
100,7,90,#DBE6D5
101,7,90,#DBE6D5
102,7,90,#DAE6D5
103,7,90,#DAE6D5
104,7,90,#DAE6D5
105,7,90,#D9E6D5
106,7,90,#D9E6D5
107,7,90,#D9E6D5
108,7,90,#D9E6D5
109,7,90,#D8E6D5
110,7,90,#D8E6D5
111,7,90,#D8E6D5
112,7,90,#D8E6D5
113,7,90,#D7E6D5
114,7,90,#D7E6D5
115,7,90,#D7E6D5
116,7,90,#D7E6D5
117,7,90,#D6E6D5
118,7,90,#D6E6D5
119,7,90,#D6E6D5
120,7,90,#D5E6D5
121,7,90,#D5E6D6
122,7,90,#D5E6D6
123,7,90,#D5E6D6
124,7,90,#D5E6D7
125,7,90,#D5E6D7
126,7,90,#D5E6D7
127,7,90,#D5E6D7
128,7,90,#D5E6D8
129,7,90,#D5E6D8
130,7,90,#D5E6D8
131,7,90,#D5E6D8
132,7,90,#D5E6D9
133,7,90,#D5E6D9
134,7,90,#D5E6D9
135,7,90,#D5E6D9
136,7,90,#D5E6DA
137,7,90,#D5E6DA
138,7,90,#D5E6DA
139,7,90,#D5E6DB
140,7,90,#D5E6DB
141,7,90,#D5E6DB
142,7,90,#D5E6DB
143,7,90,#D5E6DC
144,7,90,#D5E6DC
145,7,90,#D5E6DC
146,7,90,#D5E6DC
147,7,90,#D5E6DD
148,7,90,#D5E6DD
149,7,90,#D5E6DD
150,7,90,#D5E6DD
151,7,90,#D5E6DE
152,7,90,#D5E6DE
153,7,90,#D5E6DE
154,7,90,#D5E6DF
155,7,90,#D5E6DF
156,7,90,#D5E6DF
157,7,90,#D5E6DF
158,7,90,#D5E6E0
159,7,90,#D5E6E0
160,7,90,#D5E6E0
161,7,90,#D5E6E0
162,7,90,#D5E6E1
163,7,90,#D5E6E1
164,7,90,#D5E6E1
165,7,90,#D5E6E1
166,7,90,#D5E6E2
167,7,90,#D5E6E2
168,7,90,#D5E6E2
169,7,90,#D5E6E3
170,7,90,#D5E6E3
171,7,90,#D5E6E3
172,7,90,#D5E6E3
173,7,90,#D5E6E4
174,7,90,#D5E6E4
175,7,90,#D5E6E4
176,7,90,#D5E6E4
177,7,90,#D5E6E5
178,7,90,#D5E6E5
179,7,90,#D5E6E5
180,7,90,#D5E6E6
181,7,90,#D5E5E6
182,7,90,#D5E5E6
183,7,90,#D5E5E6
184,7,90,#D5E4E6
185,7,90,#D5E4E6
186,7,90,#D5E4E6
187,7,90,#D5E4E6
188,7,90,#D5E3E6
189,7,90,#D5E3E6
190,7,90,#D5E3E6
191,7,90,#D5E3E6
192,7,90,#D5E2E6
193,7,90,#D5E2E6
194,7,90,#D5E2E6
195,7,90,#D5E1E6
196,7,90,#D5E1E6
197,7,90,#D5E1E6
198,7,90,#D5E1E6
199,7,90,#D5E0E6
200,7,90,#D5E0E6
201,7,90,#D5E0E6
202,7,90,#D5E0E6
203,7,90,#D5DFE6
204,7,90,#D5DFE6
205,7,90,#D5DFE6
206,7,90,#D5DFE6
207,7,90,#D5DEE6
208,7,90,#D5DEE6
209,7,90,#D5DEE6
210,7,90,#D5DDE6
211,7,90,#D5DDE6
212,7,90,#D5DDE6
213,7,90,#D5DDE6
214,7,90,#D5DCE6
215,7,90,#D5DCE6
216,7,90,#D5DCE6
217,7,90,#D5DCE6
218,7,90,#D5DBE6
219,7,90,#D5DBE6
220,7,90,#D5DBE6
221,7,90,#D5DBE6
222,7,90,#D5DAE6
223,7,90,#D5DAE6
224,7,90,#D5DAE6
225,7,90,#D5D9E6
226,7,90,#D5D9E6
227,7,90,#D5D9E6
228,7,90,#D5D9E6
229,7,90,#D5D8E6
230,7,90,#D5D8E6
231,7,90,#D5D8E6
232,7,90,#D5D8E6
233,7,90,#D5D7E6
234,7,90,#D5D7E6
235,7,90,#D5D7E6
236,7,90,#D5D7E6
237,7,90,#D5D6E6
238,7,90,#D5D6E6
239,7,90,#D5D6E6
240,7,90,#D5D5E6
241,7,90,#D6D5E6
242,7,90,#D6D5E6
243,7,90,#D6D5E6
244,7,90,#D7D5E6
245,7,90,#D7D5E6
246,7,90,#D7D5E6
247,7,90,#D7D5E6
248,7,90,#D8D5E6
249,7,90,#D8D5E6
250,7,90,#D8D5E6
251,7,90,#D8D5E6
252,7,90,#D9D5E6
253,7,90,#D9D5E6
254,7,90,#D9D5E6
255,7,90,#D9D5E6
256,7,90,#DAD5E6
257,7,90,#DAD5E6
258,7,90,#DAD5E6
259,7,90,#DBD5E6
260,7,90,#DBD5E6
261,7,90,#DBD5E6
262,7,90,#DBD5E6
263,7,90,#DCD5E6
264,7,90,#DCD5E6
265,7,90,#DCD5E6
266,7,90,#DCD5E6
267,7,90,#DDD5E6
268,7,90,#DDD5E6
269,7,90,#DDD5E6
270,7,90,#DDD5E6
271,7,90,#DED5E6
272,7,90,#DED5E6
273,7,90,#DED5E6
274,7,90,#DFD5E6
275,7,90,#DFD5E6
276,7,90,#DFD5E6
277,7,90,#DFD5E6
278,7,90,#E0D5E6
279,7,90,#E0D5E6
280,7,90,#E0D5E6
281,7,90,#E0D5E6
282,7,90,#E1D5E6
283,7,90,#E1D5E6
284,7,90,#E1D5E6
285,7,90,#E1D5E6
286,7,90,#E2D5E6
287,7,90,#E2D5E6
288,7,90,#E2D5E6
289,7,90,#E3D5E6
290,7,90,#E3D5E6
291,7,90,#E3D5E6
292,7,90,#E3D5E6
293,7,90,#E4D5E6
294,7,90,#E4D5E6
295,7,90,#E4D5E6
296,7,90,#E4D5E6
297,7,90,#E5D5E6
298,7,90,#E5D5E6
299,7,90,#E5D5E6
300,7,90,#E6D5E6
301,7,90,#E6D5E5
302,7,90,#E6D5E5
303,7,90,#E6D5E5
304,7,90,#E6D5E4
305,7,90,#E6D5E4
306,7,90,#E6D5E4
307,7,90,#E6D5E4
308,7,90,#E6D5E3
309,7,90,#E6D5E3
310,7,90,#E6D5E3
311,7,90,#E6D5E3
312,7,90,#E6D5E2
313,7,90,#E6D5E2
314,7,90,#E6D5E2
315,7,90,#E6D5E1
316,7,90,#E6D5E1
317,7,90,#E6D5E1
318,7,90,#E6D5E1
319,7,90,#E6D5E0
320,7,90,#E6D5E0
321,7,90,#E6D5E0
322,7,90,#E6D5E0
323,7,90,#E6D5DF
324,7,90,#E6D5DF
325,7,90,#E6D5DF
326,7,90,#E6D5DF
327,7,90,#E6D5DE
328,7,90,#E6D5DE
329,7,90,#E6D5DE
330,7,90,#E6D5DD
331,7,90,#E6D5DD
332,7,90,#E6D5DD
333,7,90,#E6D5DD
334,7,90,#E6D5DC
335,7,90,#E6D5DC
336,7,90,#E6D5DC
337,7,90,#E6D5DC
338,7,90,#E6D5DB
339,7,90,#E6D5DB
340,7,90,#E6D5DB
341,7,90,#E6D5DB
342,7,90,#E6D5DA
343,7,90,#E6D5DA
344,7,90,#E6D5DA
345,7,90,#E6D5D9
346,7,90,#E6D5D9
347,7,90,#E6D5D9
348,7,90,#E6D5D9
349,7,90,#E6D5D8
350,7,90,#E6D5D8
351,7,90,#E6D5D8
352,7,90,#E6D5D8
353,7,90,#E6D5D7
354,7,90,#E6D5D7
355,7,90,#E6D5D7
356,7,90,#E6D5D7
357,7,90,#E6D5D6
358,7,90,#E6D5D6
359,7,90,#E6D5D6
0,6,90,#E6D8D8
1,6,90,#E6D8D8
2,6,90,#E6D8D8
3,6,90,#E6D8D8
4,6,90,#E6D9D8
5,6,90,#E6D9D8
6,6,90,#E6D9D8
7,6,90,#E6D9D8
8,6,90,#E6DAD8
9,6,90,#E6DAD8
10,6,90,#E6DAD8
11,6,90,#E6DAD8
12,6,90,#E6DAD8
13,6,90,#E6DBD8
14,6,90,#E6DBD8
15,6,90,#E6DBD8
16,6,90,#E6DBD8
17,6,90,#E6DCD8
18,6,90,#E6DCD8
19,6,90,#E6DCD8
20,6,90,#E6DCD8
21,6,90,#E6DDD8
22,6,90,#E6DDD8
23,6,90,#E6DDD8
24,6,90,#E6DDD8
25,6,90,#E6DDD8
26,6,90,#E6DED8
27,6,90,#E6DED8
28,6,90,#E6DED8
29,6,90,#E6DED8
30,6,90,#E6DFD8
31,6,90,#E6DFD8
32,6,90,#E6DFD8
33,6,90,#E6DFD8
34,6,90,#E6E0D8
35,6,90,#E6E0D8
36,6,90,#E6E0D8
37,6,90,#E6E0D8
38,6,90,#E6E0D8
39,6,90,#E6E1D8
40,6,90,#E6E1D8
41,6,90,#E6E1D8
42,6,90,#E6E1D8
43,6,90,#E6E2D8
44,6,90,#E6E2D8
45,6,90,#E6E2D8
46,6,90,#E6E2D8
47,6,90,#E6E3D8
48,6,90,#E6E3D8
49,6,90,#E6E3D8
50,6,90,#E6E3D8
51,6,90,#E6E3D8
52,6,90,#E6E4D8
53,6,90,#E6E4D8
54,6,90,#E6E4D8
55,6,90,#E6E4D8
56,6,90,#E6E5D8
57,6,90,#E6E5D8
58,6,90,#E6E5D8
59,6,90,#E6E5D8
60,6,90,#E6E6D8
61,6,90,#E5E6D8
62,6,90,#E5E6D8
63,6,90,#E5E6D8
64,6,90,#E5E6D8
65,6,90,#E4E6D8
66,6,90,#E4E6D8
67,6,90,#E4E6D8
68,6,90,#E4E6D8
69,6,90,#E3E6D8
70,6,90,#E3E6D8
71,6,90,#E3E6D8
72,6,90,#E3E6D8
73,6,90,#E3E6D8
74,6,90,#E2E6D8
75,6,90,#E2E6D8
76,6,90,#E2E6D8
77,6,90,#E2E6D8
78,6,90,#E1E6D8
79,6,90,#E1E6D8
80,6,90,#E1E6D8
81,6,90,#E1E6D8
82,6,90,#E0E6D8
83,6,90,#E0E6D8
84,6,90,#E0E6D8
85,6,90,#E0E6D8
86,6,90,#E0E6D8
87,6,90,#DFE6D8
88,6,90,#DFE6D8
89,6,90,#DFE6D8
90,6,90,#DFE6D8
91,6,90,#DEE6D8
92,6,90,#DEE6D8
93,6,90,#DEE6D8
94,6,90,#DEE6D8
95,6,90,#DDE6D8
96,6,90,#DDE6D8
97,6,90,#DDE6D8
98,6,90,#DDE6D8
99,6,90,#DDE6D8
100,6,90,#DCE6D8
101,6,90,#DCE6D8
102,6,90,#DCE6D8
103,6,90,#DCE6D8
104,6,90,#DBE6D8
105,6,90,#DBE6D8
106,6,90,#DBE6D8
107,6,90,#DBE6D8
108,6,90,#DAE6D8
109,6,90,#DAE6D8
110,6,90,#DAE6D8
111,6,90,#DAE6D8
112,6,90,#DAE6D8
113,6,90,#D9E6D8
114,6,90,#D9E6D8
115,6,90,#D9E6D8
116,6,90,#D9E6D8
117,6,90,#D8E6D8
118,6,90,#D8E6D8
119,6,90,#D8E6D8
120,6,90,#D8E6D8
121,6,90,#D8E6D8
122,6,90,#D8E6D8
123,6,90,#D8E6D8
124,6,90,#D8E6D9
125,6,90,#D8E6D9
126,6,90,#D8E6D9
127,6,90,#D8E6D9
128,6,90,#D8E6DA
129,6,90,#D8E6DA
130,6,90,#D8E6DA
131,6,90,#D8E6DA
132,6,90,#D8E6DA
133,6,90,#D8E6DB
134,6,90,#D8E6DB
135,6,90,#D8E6DB
136,6,90,#D8E6DB
137,6,90,#D8E6DC
138,6,90,#D8E6DC
139,6,90,#D8E6DC
140,6,90,#D8E6DC
141,6,90,#D8E6DD
142,6,90,#D8E6DD
143,6,90,#D8E6DD
144,6,90,#D8E6DD
145,6,90,#D8E6DD
146,6,90,#D8E6DE
147,6,90,#D8E6DE
148,6,90,#D8E6DE
149,6,90,#D8E6DE
150,6,90,#D8E6DF
151,6,90,#D8E6DF
152,6,90,#D8E6DF
153,6,90,#D8E6DF
154,6,90,#D8E6E0
155,6,90,#D8E6E0
156,6,90,#D8E6E0
157,6,90,#D8E6E0
158,6,90,#D8E6E0
159,6,90,#D8E6E1
160,6,90,#D8E6E1
161,6,90,#D8E6E1
162,6,90,#D8E6E1
163,6,90,#D8E6E2
164,6,90,#D8E6E2
165,6,90,#D8E6E2
166,6,90,#D8E6E2
167,6,90,#D8E6E3
168,6,90,#D8E6E3
169,6,90,#D8E6E3
170,6,90,#D8E6E3
171,6,90,#D8E6E3
172,6,90,#D8E6E4
173,6,90,#D8E6E4
174,6,90,#D8E6E4
175,6,90,#D8E6E4
176,6,90,#D8E6E5
177,6,90,#D8E6E5
178,6,90,#D8E6E5
179,6,90,#D8E6E5
180,6,90,#D8E6E6
181,6,90,#D8E5E6
182,6,90,#D8E5E6
183,6,90,#D8E5E6
184,6,90,#D8E5E6
185,6,90,#D8E4E6
186,6,90,#D8E4E6
187,6,90,#D8E4E6
188,6,90,#D8E4E6
189,6,90,#D8E3E6
190,6,90,#D8E3E6
191,6,90,#D8E3E6
192,6,90,#D8E3E6
193,6,90,#D8E3E6
194,6,90,#D8E2E6
195,6,90,#D8E2E6
196,6,90,#D8E2E6
197,6,90,#D8E2E6
198,6,90,#D8E1E6
199,6,90,#D8E1E6
200,6,90,#D8E1E6
201,6,90,#D8E1E6
202,6,90,#D8E0E6
203,6,90,#D8E0E6
204,6,90,#D8E0E6
205,6,90,#D8E0E6
206,6,90,#D8E0E6
207,6,90,#D8DFE6
208,6,90,#D8DFE6
209,6,90,#D8DFE6
210,6,90,#D8DFE6
211,6,90,#D8DEE6
212,6,90,#D8DEE6
213,6,90,#D8DEE6
214,6,90,#D8DEE6
215,6,90,#D8DDE6
216,6,90,#D8DDE6
217,6,90,#D8DDE6
218,6,90,#D8DDE6
219,6,90,#D8DDE6
220,6,90,#D8DCE6
221,6,90,#D8DCE6
222,6,90,#D8DCE6
223,6,90,#D8DCE6
224,6,90,#D8DBE6
225,6,90,#D8DBE6
226,6,90,#D8DBE6
227,6,90,#D8DBE6
228,6,90,#D8DAE6
229,6,90,#D8DAE6
230,6,90,#D8DAE6
231,6,90,#D8DAE6
232,6,90,#D8DAE6
233,6,90,#D8D9E6
234,6,90,#D8D9E6
235,6,90,#D8D9E6
236,6,90,#D8D9E6
237,6,90,#D8D8E6
238,6,90,#D8D8E6
239,6,90,#D8D8E6
240,6,90,#D8D8E6
241,6,90,#D8D8E6
242,6,90,#D8D8E6
243,6,90,#D8D8E6
244,6,90,#D9D8E6
245,6,90,#D9D8E6
246,6,90,#D9D8E6
247,6,90,#D9D8E6
248,6,90,#DAD8E6
249,6,90,#DAD8E6
250,6,90,#DAD8E6
251,6,90,#DAD8E6
252,6,90,#DAD8E6
253,6,90,#DBD8E6
254,6,90,#DBD8E6
255,6,90,#DBD8E6
256,6,90,#DBD8E6
257,6,90,#DCD8E6
258,6,90,#DCD8E6
259,6,90,#DCD8E6
260,6,90,#DCD8E6
261,6,90,#DDD8E6
262,6,90,#DDD8E6
263,6,90,#DDD8E6
264,6,90,#DDD8E6
265,6,90,#DDD8E6
266,6,90,#DED8E6
267,6,90,#DED8E6
268,6,90,#DED8E6
269,6,90,#DED8E6
270,6,90,#DFD8E6
271,6,90,#DFD8E6
272,6,90,#DFD8E6
273,6,90,#DFD8E6
274,6,90,#E0D8E6
275,6,90,#E0D8E6
276,6,90,#E0D8E6
277,6,90,#E0D8E6
278,6,90,#E0D8E6
279,6,90,#E1D8E6
280,6,90,#E1D8E6
281,6,90,#E1D8E6
282,6,90,#E1D8E6
283,6,90,#E2D8E6
284,6,90,#E2D8E6
285,6,90,#E2D8E6
286,6,90,#E2D8E6
287,6,90,#E3D8E6
288,6,90,#E3D8E6
289,6,90,#E3D8E6
290,6,90,#E3D8E6
291,6,90,#E3D8E6
292,6,90,#E4D8E6
293,6,90,#E4D8E6
294,6,90,#E4D8E6
295,6,90,#E4D8E6
296,6,90,#E5D8E6
297,6,90,#E5D8E6
298,6,90,#E5D8E6
299,6,90,#E5D8E6
300,6,90,#E6D8E6
301,6,90,#E6D8E5
302,6,90,#E6D8E5
303,6,90,#E6D8E5
304,6,90,#E6D8E5
305,6,90,#E6D8E4
306,6,90,#E6D8E4
307,6,90,#E6D8E4
308,6,90,#E6D8E4
309,6,90,#E6D8E3
310,6,90,#E6D8E3
311,6,90,#E6D8E3
312,6,90,#E6D8E3
313,6,90,#E6D8E3
314,6,90,#E6D8E2
315,6,90,#E6D8E2
316,6,90,#E6D8E2
317,6,90,#E6D8E2
318,6,90,#E6D8E1
319,6,90,#E6D8E1
320,6,90,#E6D8E1
321,6,90,#E6D8E1
322,6,90,#E6D8E0
323,6,90,#E6D8E0
324,6,90,#E6D8E0
325,6,90,#E6D8E0
326,6,90,#E6D8E0
327,6,90,#E6D8DF
328,6,90,#E6D8DF
329,6,90,#E6D8DF
330,6,90,#E6D8DF
331,6,90,#E6D8DE
332,6,90,#E6D8DE
333,6,90,#E6D8DE
334,6,90,#E6D8DE
335,6,90,#E6D8DD
336,6,90,#E6D8DD
337,6,90,#E6D8DD
338,6,90,#E6D8DD
339,6,90,#E6D8DD
340,6,90,#E6D8DC
341,6,90,#E6D8DC
342,6,90,#E6D8DC
343,6,90,#E6D8DC
344,6,90,#E6D8DB
345,6,90,#E6D8DB
346,6,90,#E6D8DB
347,6,90,#E6D8DB
348,6,90,#E6D8DA
349,6,90,#E6D8DA
350,6,90,#E6D8DA
351,6,90,#E6D8DA
352,6,90,#E6D8DA
353,6,90,#E6D8D9
354,6,90,#E6D8D9
355,6,90,#E6D8D9
356,6,90,#E6D8D9
357,6,90,#E6D8D8
358,6,90,#E6D8D8
359,6,90,#E6D8D8
0,5,90,#E6DADA
1,5,90,#E6DADA
2,5,90,#E6DADA
3,5,90,#E6DBDA
4,5,90,#E6DBDA
5,5,90,#E6DBDA
6,5,90,#E6DBDA
7,5,90,#E6DBDA
8,5,90,#E6DCDA
9,5,90,#E6DCDA
10,5,90,#E6DCDA
11,5,90,#E6DCDA
12,5,90,#E6DCDA
13,5,90,#E6DDDA
14,5,90,#E6DDDA
15,5,90,#E6DDDA
16,5,90,#E6DDDA
17,5,90,#E6DDDA
18,5,90,#E6DDDA
19,5,90,#E6DEDA
20,5,90,#E6DEDA
21,5,90,#E6DEDA
22,5,90,#E6DEDA
23,5,90,#E6DEDA
24,5,90,#E6DFDA
25,5,90,#E6DFDA
26,5,90,#E6DFDA
27,5,90,#E6DFDA
28,5,90,#E6DFDA
29,5,90,#E6E0DA
30,5,90,#E6E0DA
31,5,90,#E6E0DA
32,5,90,#E6E0DA
33,5,90,#E6E0DA
34,5,90,#E6E1DA
35,5,90,#E6E1DA
36,5,90,#E6E1DA
37,5,90,#E6E1DA
38,5,90,#E6E1DA
39,5,90,#E6E1DA
40,5,90,#E6E2DA
41,5,90,#E6E2DA
42,5,90,#E6E2DA
43,5,90,#E6E2DA
44,5,90,#E6E2DA
45,5,90,#E6E3DA
46,5,90,#E6E3DA
47,5,90,#E6E3DA
48,5,90,#E6E3DA
49,5,90,#E6E3DA
50,5,90,#E6E4DA
51,5,90,#E6E4DA
52,5,90,#E6E4DA
53,5,90,#E6E4DA
54,5,90,#E6E4DA
55,5,90,#E6E5DA
56,5,90,#E6E5DA
57,5,90,#E6E5DA
58,5,90,#E6E5DA
59,5,90,#E6E5DA
60,5,90,#E6E6DA
61,5,90,#E5E6DA
62,5,90,#E5E6DA
63,5,90,#E5E6DA
64,5,90,#E5E6DA
65,5,90,#E5E6DA
66,5,90,#E4E6DA
67,5,90,#E4E6DA
68,5,90,#E4E6DA
69,5,90,#E4E6DA
70,5,90,#E4E6DA
71,5,90,#E3E6DA
72,5,90,#E3E6DA
73,5,90,#E3E6DA
74,5,90,#E3E6DA
75,5,90,#E3E6DA
76,5,90,#E2E6DA
77,5,90,#E2E6DA
78,5,90,#E2E6DA
79,5,90,#E2E6DA
80,5,90,#E2E6DA
81,5,90,#E1E6DA
82,5,90,#E1E6DA
83,5,90,#E1E6DA
84,5,90,#E1E6DA
85,5,90,#E1E6DA
86,5,90,#E1E6DA
87,5,90,#E0E6DA
88,5,90,#E0E6DA
89,5,90,#E0E6DA
90,5,90,#E0E6DA
91,5,90,#E0E6DA
92,5,90,#DFE6DA
93,5,90,#DFE6DA
94,5,90,#DFE6DA
95,5,90,#DFE6DA
96,5,90,#DFE6DA
97,5,90,#DEE6DA
98,5,90,#DEE6DA
99,5,90,#DEE6DA
100,5,90,#DEE6DA
101,5,90,#DEE6DA
102,5,90,#DDE6DA
103,5,90,#DDE6DA
104,5,90,#DDE6DA
105,5,90,#DDE6DA
106,5,90,#DDE6DA
107,5,90,#DDE6DA
108,5,90,#DCE6DA
109,5,90,#DCE6DA
110,5,90,#DCE6DA
111,5,90,#DCE6DA
112,5,90,#DCE6DA
113,5,90,#DBE6DA
114,5,90,#DBE6DA
115,5,90,#DBE6DA
116,5,90,#DBE6DA
117,5,90,#DBE6DA
118,5,90,#DAE6DA
119,5,90,#DAE6DA
120,5,90,#DAE6DA
121,5,90,#DAE6DA
122,5,90,#DAE6DA
123,5,90,#DAE6DB
124,5,90,#DAE6DB
125,5,90,#DAE6DB
126,5,90,#DAE6DB
127,5,90,#DAE6DB
128,5,90,#DAE6DC
129,5,90,#DAE6DC
130,5,90,#DAE6DC
131,5,90,#DAE6DC
132,5,90,#DAE6DC
133,5,90,#DAE6DD
134,5,90,#DAE6DD
135,5,90,#DAE6DD
136,5,90,#DAE6DD
137,5,90,#DAE6DD
138,5,90,#DAE6DD
139,5,90,#DAE6DE
140,5,90,#DAE6DE
141,5,90,#DAE6DE
142,5,90,#DAE6DE
143,5,90,#DAE6DE
144,5,90,#DAE6DF
145,5,90,#DAE6DF
146,5,90,#DAE6DF
147,5,90,#DAE6DF
148,5,90,#DAE6DF
149,5,90,#DAE6E0
150,5,90,#DAE6E0
151,5,90,#DAE6E0
152,5,90,#DAE6E0
153,5,90,#DAE6E0
154,5,90,#DAE6E1
155,5,90,#DAE6E1
156,5,90,#DAE6E1
157,5,90,#DAE6E1
158,5,90,#DAE6E1
159,5,90,#DAE6E1
160,5,90,#DAE6E2
161,5,90,#DAE6E2
162,5,90,#DAE6E2
163,5,90,#DAE6E2
164,5,90,#DAE6E2
165,5,90,#DAE6E3
166,5,90,#DAE6E3
167,5,90,#DAE6E3
168,5,90,#DAE6E3
169,5,90,#DAE6E3
170,5,90,#DAE6E4
171,5,90,#DAE6E4
172,5,90,#DAE6E4
173,5,90,#DAE6E4
174,5,90,#DAE6E4
175,5,90,#DAE6E5
176,5,90,#DAE6E5
177,5,90,#DAE6E5
178,5,90,#DAE6E5
179,5,90,#DAE6E5
180,5,90,#DAE6E6
181,5,90,#DAE5E6
182,5,90,#DAE5E6
183,5,90,#DAE5E6
184,5,90,#DAE5E6
185,5,90,#DAE5E6
186,5,90,#DAE4E6
187,5,90,#DAE4E6
188,5,90,#DAE4E6
189,5,90,#DAE4E6
190,5,90,#DAE4E6
191,5,90,#DAE3E6
192,5,90,#DAE3E6
193,5,90,#DAE3E6
194,5,90,#DAE3E6
195,5,90,#DAE3E6
196,5,90,#DAE2E6
197,5,90,#DAE2E6
198,5,90,#DAE2E6
199,5,90,#DAE2E6
200,5,90,#DAE2E6
201,5,90,#DAE1E6
202,5,90,#DAE1E6
203,5,90,#DAE1E6
204,5,90,#DAE1E6
205,5,90,#DAE1E6
206,5,90,#DAE1E6
207,5,90,#DAE0E6
208,5,90,#DAE0E6
209,5,90,#DAE0E6
210,5,90,#DAE0E6
211,5,90,#DAE0E6
212,5,90,#DADFE6
213,5,90,#DADFE6
214,5,90,#DADFE6
215,5,90,#DADFE6
216,5,90,#DADFE6
217,5,90,#DADEE6
218,5,90,#DADEE6
219,5,90,#DADEE6
220,5,90,#DADEE6
221,5,90,#DADEE6
222,5,90,#DADDE6
223,5,90,#DADDE6
224,5,90,#DADDE6
225,5,90,#DADDE6
226,5,90,#DADDE6
227,5,90,#DADDE6
228,5,90,#DADCE6
229,5,90,#DADCE6
230,5,90,#DADCE6
231,5,90,#DADCE6
232,5,90,#DADCE6
233,5,90,#DADBE6
234,5,90,#DADBE6
235,5,90,#DADBE6
236,5,90,#DADBE6
237,5,90,#DADBE6
238,5,90,#DADAE6
239,5,90,#DADAE6
240,5,90,#DADAE6
241,5,90,#DADAE6
242,5,90,#DADAE6
243,5,90,#DBDAE6
244,5,90,#DBDAE6
245,5,90,#DBDAE6
246,5,90,#DBDAE6
247,5,90,#DBDAE6
248,5,90,#DCDAE6
249,5,90,#DCDAE6
250,5,90,#DCDAE6
251,5,90,#DCDAE6
252,5,90,#DCDAE6
253,5,90,#DDDAE6
254,5,90,#DDDAE6
255,5,90,#DDDAE6
256,5,90,#DDDAE6
257,5,90,#DDDAE6
258,5,90,#DDDAE6
259,5,90,#DEDAE6
260,5,90,#DEDAE6
261,5,90,#DEDAE6
262,5,90,#DEDAE6
263,5,90,#DEDAE6
264,5,90,#DFDAE6
265,5,90,#DFDAE6
266,5,90,#DFDAE6
267,5,90,#DFDAE6
268,5,90,#DFDAE6
269,5,90,#E0DAE6
270,5,90,#E0DAE6
271,5,90,#E0DAE6
272,5,90,#E0DAE6
273,5,90,#E0DAE6
274,5,90,#E1DAE6
275,5,90,#E1DAE6
276,5,90,#E1DAE6
277,5,90,#E1DAE6
278,5,90,#E1DAE6
279,5,90,#E1DAE6
280,5,90,#E2DAE6
281,5,90,#E2DAE6
282,5,90,#E2DAE6
283,5,90,#E2DAE6
284,5,90,#E2DAE6
285,5,90,#E3DAE6
286,5,90,#E3DAE6
287,5,90,#E3DAE6
288,5,90,#E3DAE6
289,5,90,#E3DAE6
290,5,90,#E4DAE6
291,5,90,#E4DAE6
292,5,90,#E4DAE6
293,5,90,#E4DAE6
294,5,90,#E4DAE6
295,5,90,#E5DAE6
296,5,90,#E5DAE6
297,5,90,#E5DAE6
298,5,90,#E5DAE6
299,5,90,#E5DAE6
300,5,90,#E6DAE6
301,5,90,#E6DAE5
302,5,90,#E6DAE5
303,5,90,#E6DAE5
304,5,90,#E6DAE5
305,5,90,#E6DAE5
306,5,90,#E6DAE4
307,5,90,#E6DAE4
308,5,90,#E6DAE4
309,5,90,#E6DAE4
310,5,90,#E6DAE4
311,5,90,#E6DAE3
312,5,90,#E6DAE3
313,5,90,#E6DAE3
314,5,90,#E6DAE3
315,5,90,#E6DAE3
316,5,90,#E6DAE2
317,5,90,#E6DAE2
318,5,90,#E6DAE2
319,5,90,#E6DAE2
320,5,90,#E6DAE2
321,5,90,#E6DAE1
322,5,90,#E6DAE1
323,5,90,#E6DAE1
324,5,90,#E6DAE1
325,5,90,#E6DAE1
326,5,90,#E6DAE1
327,5,90,#E6DAE0
328,5,90,#E6DAE0
329,5,90,#E6DAE0
330,5,90,#E6DAE0
331,5,90,#E6DAE0
332,5,90,#E6DADF
333,5,90,#E6DADF
334,5,90,#E6DADF
335,5,90,#E6DADF
336,5,90,#E6DADF
337,5,90,#E6DADE
338,5,90,#E6DADE
339,5,90,#E6DADE
340,5,90,#E6DADE
341,5,90,#E6DADE
342,5,90,#E6DADD
343,5,90,#E6DADD
344,5,90,#E6DADD
345,5,90,#E6DADD
346,5,90,#E6DADD
347,5,90,#E6DADD
348,5,90,#E6DADC
349,5,90,#E6DADC
350,5,90,#E6DADC
351,5,90,#E6DADC
352,5,90,#E6DADC
353,5,90,#E6DADB
354,5,90,#E6DADB
355,5,90,#E6DADB
356,5,90,#E6DADB
357,5,90,#E6DADB
358,5,90,#E6DADA
359,5,90,#E6DADA
0,4,90,#E6DCDC
1,4,90,#E6DCDC
2,4,90,#E6DDDC
3,4,90,#E6DDDC
4,4,90,#E6DDDC
5,4,90,#E6DDDC
6,4,90,#E6DDDC
7,4,90,#E6DDDC
8,4,90,#E6DEDC
9,4,90,#E6DEDC
10,4,90,#E6DEDC
11,4,90,#E6DEDC
12,4,90,#E6DEDC
13,4,90,#E6DEDC
14,4,90,#E6DEDC
15,4,90,#E6DFDC
16,4,90,#E6DFDC
17,4,90,#E6DFDC
18,4,90,#E6DFDC
19,4,90,#E6DFDC
20,4,90,#E6DFDC
21,4,90,#E6E0DC
22,4,90,#E6E0DC
23,4,90,#E6E0DC
24,4,90,#E6E0DC
25,4,90,#E6E0DC
26,4,90,#E6E0DC
27,4,90,#E6E0DC
28,4,90,#E6E1DC
29,4,90,#E6E1DC
30,4,90,#E6E1DC
31,4,90,#E6E1DC
32,4,90,#E6E1DC
33,4,90,#E6E1DC
34,4,90,#E6E2DC
35,4,90,#E6E2DC
36,4,90,#E6E2DC
37,4,90,#E6E2DC
38,4,90,#E6E2DC
39,4,90,#E6E2DC
40,4,90,#E6E2DC
41,4,90,#E6E3DC
42,4,90,#E6E3DC
43,4,90,#E6E3DC
44,4,90,#E6E3DC
45,4,90,#E6E3DC
46,4,90,#E6E3DC
47,4,90,#E6E4DC
48,4,90,#E6E4DC
49,4,90,#E6E4DC
50,4,90,#E6E4DC
51,4,90,#E6E4DC
52,4,90,#E6E4DC
53,4,90,#E6E4DC
54,4,90,#E6E5DC
55,4,90,#E6E5DC
56,4,90,#E6E5DC
57,4,90,#E6E5DC
58,4,90,#E6E5DC
59,4,90,#E6E5DC
60,4,90,#E6E6DC
61,4,90,#E5E6DC
62,4,90,#E5E6DC
63,4,90,#E5E6DC
64,4,90,#E5E6DC
65,4,90,#E5E6DC
66,4,90,#E5E6DC
67,4,90,#E4E6DC
68,4,90,#E4E6DC
69,4,90,#E4E6DC
70,4,90,#E4E6DC
71,4,90,#E4E6DC
72,4,90,#E4E6DC
73,4,90,#E4E6DC
74,4,90,#E3E6DC
75,4,90,#E3E6DC
76,4,90,#E3E6DC
77,4,90,#E3E6DC
78,4,90,#E3E6DC
79,4,90,#E3E6DC
80,4,90,#E2E6DC
81,4,90,#E2E6DC
82,4,90,#E2E6DC
83,4,90,#E2E6DC
84,4,90,#E2E6DC
85,4,90,#E2E6DC
86,4,90,#E2E6DC
87,4,90,#E1E6DC
88,4,90,#E1E6DC
89,4,90,#E1E6DC
90,4,90,#E1E6DC
91,4,90,#E1E6DC
92,4,90,#E1E6DC
93,4,90,#E0E6DC
94,4,90,#E0E6DC
95,4,90,#E0E6DC
96,4,90,#E0E6DC
97,4,90,#E0E6DC
98,4,90,#E0E6DC
99,4,90,#E0E6DC
100,4,90,#DFE6DC
101,4,90,#DFE6DC
102,4,90,#DFE6DC
103,4,90,#DFE6DC
104,4,90,#DFE6DC
105,4,90,#DFE6DC
106,4,90,#DEE6DC
107,4,90,#DEE6DC
108,4,90,#DEE6DC
109,4,90,#DEE6DC
110,4,90,#DEE6DC
111,4,90,#DEE6DC
112,4,90,#DEE6DC
113,4,90,#DDE6DC
114,4,90,#DDE6DC
115,4,90,#DDE6DC
116,4,90,#DDE6DC
117,4,90,#DDE6DC
118,4,90,#DDE6DC
119,4,90,#DCE6DC
120,4,90,#DCE6DC
121,4,90,#DCE6DC
122,4,90,#DCE6DD
123,4,90,#DCE6DD
124,4,90,#DCE6DD
125,4,90,#DCE6DD
126,4,90,#DCE6DD
127,4,90,#DCE6DD
128,4,90,#DCE6DE
129,4,90,#DCE6DE
130,4,90,#DCE6DE
131,4,90,#DCE6DE
132,4,90,#DCE6DE
133,4,90,#DCE6DE
134,4,90,#DCE6DE
135,4,90,#DCE6DF
136,4,90,#DCE6DF
137,4,90,#DCE6DF
138,4,90,#DCE6DF
139,4,90,#DCE6DF
140,4,90,#DCE6DF
141,4,90,#DCE6E0
142,4,90,#DCE6E0
143,4,90,#DCE6E0
144,4,90,#DCE6E0
145,4,90,#DCE6E0
146,4,90,#DCE6E0
147,4,90,#DCE6E0
148,4,90,#DCE6E1
149,4,90,#DCE6E1
150,4,90,#DCE6E1
151,4,90,#DCE6E1
152,4,90,#DCE6E1
153,4,90,#DCE6E1
154,4,90,#DCE6E2
155,4,90,#DCE6E2
156,4,90,#DCE6E2
157,4,90,#DCE6E2
158,4,90,#DCE6E2
159,4,90,#DCE6E2
160,4,90,#DCE6E2
161,4,90,#DCE6E3
162,4,90,#DCE6E3
163,4,90,#DCE6E3
164,4,90,#DCE6E3
165,4,90,#DCE6E3
166,4,90,#DCE6E3
167,4,90,#DCE6E4
168,4,90,#DCE6E4
169,4,90,#DCE6E4
170,4,90,#DCE6E4
171,4,90,#DCE6E4
172,4,90,#DCE6E4
173,4,90,#DCE6E4
174,4,90,#DCE6E5
175,4,90,#DCE6E5
176,4,90,#DCE6E5
177,4,90,#DCE6E5
178,4,90,#DCE6E5
179,4,90,#DCE6E5
180,4,90,#DCE6E6
181,4,90,#DCE5E6
182,4,90,#DCE5E6
183,4,90,#DCE5E6
184,4,90,#DCE5E6
185,4,90,#DCE5E6
186,4,90,#DCE5E6
187,4,90,#DCE4E6
188,4,90,#DCE4E6
189,4,90,#DCE4E6
190,4,90,#DCE4E6
191,4,90,#DCE4E6
192,4,90,#DCE4E6
193,4,90,#DCE4E6
194,4,90,#DCE3E6
195,4,90,#DCE3E6
196,4,90,#DCE3E6
197,4,90,#DCE3E6
198,4,90,#DCE3E6
199,4,90,#DCE3E6
200,4,90,#DCE2E6
201,4,90,#DCE2E6
202,4,90,#DCE2E6
203,4,90,#DCE2E6
204,4,90,#DCE2E6
205,4,90,#DCE2E6
206,4,90,#DCE2E6
207,4,90,#DCE1E6
208,4,90,#DCE1E6
209,4,90,#DCE1E6
210,4,90,#DCE1E6
211,4,90,#DCE1E6
212,4,90,#DCE1E6
213,4,90,#DCE0E6
214,4,90,#DCE0E6
215,4,90,#DCE0E6
216,4,90,#DCE0E6
217,4,90,#DCE0E6
218,4,90,#DCE0E6
219,4,90,#DCE0E6
220,4,90,#DCDFE6
221,4,90,#DCDFE6
222,4,90,#DCDFE6
223,4,90,#DCDFE6
224,4,90,#DCDFE6
225,4,90,#DCDFE6
226,4,90,#DCDEE6
227,4,90,#DCDEE6
228,4,90,#DCDEE6
229,4,90,#DCDEE6
230,4,90,#DCDEE6
231,4,90,#DCDEE6
232,4,90,#DCDEE6
233,4,90,#DCDDE6
234,4,90,#DCDDE6
235,4,90,#DCDDE6
236,4,90,#DCDDE6
237,4,90,#DCDDE6
238,4,90,#DCDDE6
239,4,90,#DCDCE6
240,4,90,#DCDCE6
241,4,90,#DCDCE6
242,4,90,#DDDCE6
243,4,90,#DDDCE6
244,4,90,#DDDCE6
245,4,90,#DDDCE6
246,4,90,#DDDCE6
247,4,90,#DDDCE6
248,4,90,#DEDCE6
249,4,90,#DEDCE6
250,4,90,#DEDCE6
251,4,90,#DEDCE6
252,4,90,#DEDCE6
253,4,90,#DEDCE6
254,4,90,#DEDCE6
255,4,90,#DFDCE6
256,4,90,#DFDCE6
257,4,90,#DFDCE6
258,4,90,#DFDCE6
259,4,90,#DFDCE6
260,4,90,#DFDCE6
261,4,90,#E0DCE6
262,4,90,#E0DCE6
263,4,90,#E0DCE6
264,4,90,#E0DCE6
265,4,90,#E0DCE6
266,4,90,#E0DCE6
267,4,90,#E0DCE6
268,4,90,#E1DCE6
269,4,90,#E1DCE6
270,4,90,#E1DCE6
271,4,90,#E1DCE6
272,4,90,#E1DCE6
273,4,90,#E1DCE6
274,4,90,#E2DCE6
275,4,90,#E2DCE6
276,4,90,#E2DCE6
277,4,90,#E2DCE6
278,4,90,#E2DCE6
279,4,90,#E2DCE6
280,4,90,#E2DCE6
281,4,90,#E3DCE6
282,4,90,#E3DCE6
283,4,90,#E3DCE6
284,4,90,#E3DCE6
285,4,90,#E3DCE6
286,4,90,#E3DCE6
287,4,90,#E4DCE6
288,4,90,#E4DCE6
289,4,90,#E4DCE6
290,4,90,#E4DCE6
291,4,90,#E4DCE6
292,4,90,#E4DCE6
293,4,90,#E4DCE6
294,4,90,#E5DCE6
295,4,90,#E5DCE6
296,4,90,#E5DCE6
297,4,90,#E5DCE6
298,4,90,#E5DCE6
299,4,90,#E5DCE6
300,4,90,#E6DCE6
301,4,90,#E6DCE5
302,4,90,#E6DCE5
303,4,90,#E6DCE5
304,4,90,#E6DCE5
305,4,90,#E6DCE5
306,4,90,#E6DCE5
307,4,90,#E6DCE4
308,4,90,#E6DCE4
309,4,90,#E6DCE4
310,4,90,#E6DCE4
311,4,90,#E6DCE4
312,4,90,#E6DCE4
313,4,90,#E6DCE4
314,4,90,#E6DCE3
315,4,90,#E6DCE3
316,4,90,#E6DCE3
317,4,90,#E6DCE3
318,4,90,#E6DCE3
319,4,90,#E6DCE3
320,4,90,#E6DCE2
321,4,90,#E6DCE2
322,4,90,#E6DCE2
323,4,90,#E6DCE2
324,4,90,#E6DCE2
325,4,90,#E6DCE2
326,4,90,#E6DCE2
327,4,90,#E6DCE1
328,4,90,#E6DCE1
329,4,90,#E6DCE1
330,4,90,#E6DCE1
331,4,90,#E6DCE1
332,4,90,#E6DCE1
333,4,90,#E6DCE0
334,4,90,#E6DCE0
335,4,90,#E6DCE0
336,4,90,#E6DCE0
337,4,90,#E6DCE0
338,4,90,#E6DCE0
339,4,90,#E6DCE0
340,4,90,#E6DCDF
341,4,90,#E6DCDF
342,4,90,#E6DCDF
343,4,90,#E6DCDF
344,4,90,#E6DCDF
345,4,90,#E6DCDF
346,4,90,#E6DCDE
347,4,90,#E6DCDE
348,4,90,#E6DCDE
349,4,90,#E6DCDE
350,4,90,#E6DCDE
351,4,90,#E6DCDE
352,4,90,#E6DCDE
353,4,90,#E6DCDD
354,4,90,#E6DCDD
355,4,90,#E6DCDD
356,4,90,#E6DCDD
357,4,90,#E6DCDD
358,4,90,#E6DCDD
359,4,90,#E6DCDC
0,3,90,#E6DFDF
1,3,90,#E6DFDF
2,3,90,#E6DFDF
3,3,90,#E6DFDF
4,3,90,#E6DFDF
5,3,90,#E6DFDF
6,3,90,#E6DFDF
7,3,90,#E6DFDF
8,3,90,#E6E0DF
9,3,90,#E6E0DF
10,3,90,#E6E0DF
11,3,90,#E6E0DF
12,3,90,#E6E0DF
13,3,90,#E6E0DF
14,3,90,#E6E0DF
15,3,90,#E6E0DF
16,3,90,#E6E0DF
17,3,90,#E6E1DF
18,3,90,#E6E1DF
19,3,90,#E6E1DF
20,3,90,#E6E1DF
21,3,90,#E6E1DF
22,3,90,#E6E1DF
23,3,90,#E6E1DF
24,3,90,#E6E1DF
25,3,90,#E6E1DF
26,3,90,#E6E2DF
27,3,90,#E6E2DF
28,3,90,#E6E2DF
29,3,90,#E6E2DF
30,3,90,#E6E2DF
31,3,90,#E6E2DF
32,3,90,#E6E2DF
33,3,90,#E6E2DF
34,3,90,#E6E3DF
35,3,90,#E6E3DF
36,3,90,#E6E3DF
37,3,90,#E6E3DF
38,3,90,#E6E3DF
39,3,90,#E6E3DF
40,3,90,#E6E3DF
41,3,90,#E6E3DF
42,3,90,#E6E3DF
43,3,90,#E6E4DF
44,3,90,#E6E4DF
45,3,90,#E6E4DF
46,3,90,#E6E4DF
47,3,90,#E6E4DF
48,3,90,#E6E4DF
49,3,90,#E6E4DF
50,3,90,#E6E4DF
51,3,90,#E6E4DF
52,3,90,#E6E5DF
53,3,90,#E6E5DF
54,3,90,#E6E5DF
55,3,90,#E6E5DF
56,3,90,#E6E5DF
57,3,90,#E6E5DF
58,3,90,#E6E5DF
59,3,90,#E6E5DF
60,3,90,#E6E6DF
61,3,90,#E5E6DF
62,3,90,#E5E6DF
63,3,90,#E5E6DF
64,3,90,#E5E6DF
65,3,90,#E5E6DF
66,3,90,#E5E6DF
67,3,90,#E5E6DF
68,3,90,#E5E6DF
69,3,90,#E4E6DF
70,3,90,#E4E6DF
71,3,90,#E4E6DF
72,3,90,#E4E6DF
73,3,90,#E4E6DF
74,3,90,#E4E6DF
75,3,90,#E4E6DF
76,3,90,#E4E6DF
77,3,90,#E4E6DF
78,3,90,#E3E6DF
79,3,90,#E3E6DF
80,3,90,#E3E6DF
81,3,90,#E3E6DF
82,3,90,#E3E6DF
83,3,90,#E3E6DF
84,3,90,#E3E6DF
85,3,90,#E3E6DF
86,3,90,#E3E6DF
87,3,90,#E2E6DF
88,3,90,#E2E6DF
89,3,90,#E2E6DF
90,3,90,#E2E6DF
91,3,90,#E2E6DF
92,3,90,#E2E6DF
93,3,90,#E2E6DF
94,3,90,#E2E6DF
95,3,90,#E1E6DF
96,3,90,#E1E6DF
97,3,90,#E1E6DF
98,3,90,#E1E6DF
99,3,90,#E1E6DF
100,3,90,#E1E6DF
101,3,90,#E1E6DF
102,3,90,#E1E6DF
103,3,90,#E1E6DF
104,3,90,#E0E6DF
105,3,90,#E0E6DF
106,3,90,#E0E6DF
107,3,90,#E0E6DF
108,3,90,#E0E6DF
109,3,90,#E0E6DF
110,3,90,#E0E6DF
111,3,90,#E0E6DF
112,3,90,#E0E6DF
113,3,90,#DFE6DF
114,3,90,#DFE6DF
115,3,90,#DFE6DF
116,3,90,#DFE6DF
117,3,90,#DFE6DF
118,3,90,#DFE6DF
119,3,90,#DFE6DF
120,3,90,#DFE6DF
121,3,90,#DFE6DF
122,3,90,#DFE6DF
123,3,90,#DFE6DF
124,3,90,#DFE6DF
125,3,90,#DFE6DF
126,3,90,#DFE6DF
127,3,90,#DFE6DF
128,3,90,#DFE6E0
129,3,90,#DFE6E0
130,3,90,#DFE6E0
131,3,90,#DFE6E0
132,3,90,#DFE6E0
133,3,90,#DFE6E0
134,3,90,#DFE6E0
135,3,90,#DFE6E0
136,3,90,#DFE6E0
137,3,90,#DFE6E1
138,3,90,#DFE6E1
139,3,90,#DFE6E1
140,3,90,#DFE6E1
141,3,90,#DFE6E1
142,3,90,#DFE6E1
143,3,90,#DFE6E1
144,3,90,#DFE6E1
145,3,90,#DFE6E1
146,3,90,#DFE6E2
147,3,90,#DFE6E2
148,3,90,#DFE6E2
149,3,90,#DFE6E2
150,3,90,#DFE6E2
151,3,90,#DFE6E2
152,3,90,#DFE6E2
153,3,90,#DFE6E2
154,3,90,#DFE6E3
155,3,90,#DFE6E3
156,3,90,#DFE6E3
157,3,90,#DFE6E3
158,3,90,#DFE6E3
159,3,90,#DFE6E3
160,3,90,#DFE6E3
161,3,90,#DFE6E3
162,3,90,#DFE6E3
163,3,90,#DFE6E4
164,3,90,#DFE6E4
165,3,90,#DFE6E4
166,3,90,#DFE6E4
167,3,90,#DFE6E4
168,3,90,#DFE6E4
169,3,90,#DFE6E4
170,3,90,#DFE6E4
171,3,90,#DFE6E4
172,3,90,#DFE6E5
173,3,90,#DFE6E5
174,3,90,#DFE6E5
175,3,90,#DFE6E5
176,3,90,#DFE6E5
177,3,90,#DFE6E5
178,3,90,#DFE6E5
179,3,90,#DFE6E5
180,3,90,#DFE6E6
181,3,90,#DFE5E6
182,3,90,#DFE5E6
183,3,90,#DFE5E6
184,3,90,#DFE5E6
185,3,90,#DFE5E6
186,3,90,#DFE5E6
187,3,90,#DFE5E6
188,3,90,#DFE5E6
189,3,90,#DFE4E6
190,3,90,#DFE4E6
191,3,90,#DFE4E6
192,3,90,#DFE4E6
193,3,90,#DFE4E6
194,3,90,#DFE4E6
195,3,90,#DFE4E6
196,3,90,#DFE4E6
197,3,90,#DFE4E6
198,3,90,#DFE3E6
199,3,90,#DFE3E6
200,3,90,#DFE3E6
201,3,90,#DFE3E6
202,3,90,#DFE3E6
203,3,90,#DFE3E6
204,3,90,#DFE3E6
205,3,90,#DFE3E6
206,3,90,#DFE3E6
207,3,90,#DFE2E6
208,3,90,#DFE2E6
209,3,90,#DFE2E6
210,3,90,#DFE2E6
211,3,90,#DFE2E6
212,3,90,#DFE2E6
213,3,90,#DFE2E6
214,3,90,#DFE2E6
215,3,90,#DFE1E6
216,3,90,#DFE1E6
217,3,90,#DFE1E6
218,3,90,#DFE1E6
219,3,90,#DFE1E6
220,3,90,#DFE1E6
221,3,90,#DFE1E6
222,3,90,#DFE1E6
223,3,90,#DFE1E6
224,3,90,#DFE0E6
225,3,90,#DFE0E6
226,3,90,#DFE0E6
227,3,90,#DFE0E6
228,3,90,#DFE0E6
229,3,90,#DFE0E6
230,3,90,#DFE0E6
231,3,90,#DFE0E6
232,3,90,#DFE0E6
233,3,90,#DFDFE6
234,3,90,#DFDFE6
235,3,90,#DFDFE6
236,3,90,#DFDFE6
237,3,90,#DFDFE6
238,3,90,#DFDFE6
239,3,90,#DFDFE6
240,3,90,#DFDFE6
241,3,90,#DFDFE6
242,3,90,#DFDFE6
243,3,90,#DFDFE6
244,3,90,#DFDFE6
245,3,90,#DFDFE6
246,3,90,#DFDFE6
247,3,90,#DFDFE6
248,3,90,#E0DFE6
249,3,90,#E0DFE6
250,3,90,#E0DFE6
251,3,90,#E0DFE6
252,3,90,#E0DFE6
253,3,90,#E0DFE6
254,3,90,#E0DFE6
255,3,90,#E0DFE6
256,3,90,#E0DFE6
257,3,90,#E1DFE6
258,3,90,#E1DFE6
259,3,90,#E1DFE6
260,3,90,#E1DFE6
261,3,90,#E1DFE6
262,3,90,#E1DFE6
263,3,90,#E1DFE6
264,3,90,#E1DFE6
265,3,90,#E1DFE6
266,3,90,#E2DFE6
267,3,90,#E2DFE6
268,3,90,#E2DFE6
269,3,90,#E2DFE6
270,3,90,#E2DFE6
271,3,90,#E2DFE6
272,3,90,#E2DFE6
273,3,90,#E2DFE6
274,3,90,#E3DFE6
275,3,90,#E3DFE6
276,3,90,#E3DFE6
277,3,90,#E3DFE6
278,3,90,#E3DFE6
279,3,90,#E3DFE6
280,3,90,#E3DFE6
281,3,90,#E3DFE6
282,3,90,#E3DFE6
283,3,90,#E4DFE6
284,3,90,#E4DFE6
285,3,90,#E4DFE6
286,3,90,#E4DFE6
287,3,90,#E4DFE6
288,3,90,#E4DFE6
289,3,90,#E4DFE6
290,3,90,#E4DFE6
291,3,90,#E4DFE6
292,3,90,#E5DFE6
293,3,90,#E5DFE6
294,3,90,#E5DFE6
295,3,90,#E5DFE6
296,3,90,#E5DFE6
297,3,90,#E5DFE6
298,3,90,#E5DFE6
299,3,90,#E5DFE6
300,3,90,#E6DFE6
301,3,90,#E6DFE5
302,3,90,#E6DFE5
303,3,90,#E6DFE5
304,3,90,#E6DFE5
305,3,90,#E6DFE5
306,3,90,#E6DFE5
307,3,90,#E6DFE5
308,3,90,#E6DFE5
309,3,90,#E6DFE4
310,3,90,#E6DFE4
311,3,90,#E6DFE4
312,3,90,#E6DFE4
313,3,90,#E6DFE4
314,3,90,#E6DFE4
315,3,90,#E6DFE4
316,3,90,#E6DFE4
317,3,90,#E6DFE4
318,3,90,#E6DFE3
319,3,90,#E6DFE3
320,3,90,#E6DFE3
321,3,90,#E6DFE3
322,3,90,#E6DFE3
323,3,90,#E6DFE3
324,3,90,#E6DFE3
325,3,90,#E6DFE3
326,3,90,#E6DFE3
327,3,90,#E6DFE2
328,3,90,#E6DFE2
329,3,90,#E6DFE2
330,3,90,#E6DFE2
331,3,90,#E6DFE2
332,3,90,#E6DFE2
333,3,90,#E6DFE2
334,3,90,#E6DFE2
335,3,90,#E6DFE1
336,3,90,#E6DFE1
337,3,90,#E6DFE1
338,3,90,#E6DFE1
339,3,90,#E6DFE1
340,3,90,#E6DFE1
341,3,90,#E6DFE1
342,3,90,#E6DFE1
343,3,90,#E6DFE1
344,3,90,#E6DFE0
345,3,90,#E6DFE0
346,3,90,#E6DFE0
347,3,90,#E6DFE0
348,3,90,#E6DFE0
349,3,90,#E6DFE0
350,3,90,#E6DFE0
351,3,90,#E6DFE0
352,3,90,#E6DFE0
353,3,90,#E6DFDF
354,3,90,#E6DFDF
355,3,90,#E6DFDF
356,3,90,#E6DFDF
357,3,90,#E6DFDF
358,3,90,#E6DFDF
359,3,90,#E6DFDF
0,2,90,#E6E1E1
1,2,90,#E6E1E1
2,2,90,#E6E1E1
3,2,90,#E6E1E1
4,2,90,#E6E1E1
5,2,90,#E6E1E1
6,2,90,#E6E1E1
7,2,90,#E6E1E1
8,2,90,#E6E2E1
9,2,90,#E6E2E1
10,2,90,#E6E2E1
11,2,90,#E6E2E1
12,2,90,#E6E2E1
13,2,90,#E6E2E1
14,2,90,#E6E2E1
15,2,90,#E6E2E1
16,2,90,#E6E2E1
17,2,90,#E6E2E1
18,2,90,#E6E2E1
19,2,90,#E6E2E1
20,2,90,#E6E2E1
21,2,90,#E6E3E1
22,2,90,#E6E3E1
23,2,90,#E6E3E1
24,2,90,#E6E3E1
25,2,90,#E6E3E1
26,2,90,#E6E3E1
27,2,90,#E6E3E1
28,2,90,#E6E3E1
29,2,90,#E6E3E1
30,2,90,#E6E3E1
31,2,90,#E6E3E1
32,2,90,#E6E3E1
33,2,90,#E6E3E1
34,2,90,#E6E4E1
35,2,90,#E6E4E1
36,2,90,#E6E4E1
37,2,90,#E6E4E1
38,2,90,#E6E4E1
39,2,90,#E6E4E1
40,2,90,#E6E4E1
41,2,90,#E6E4E1
42,2,90,#E6E4E1
43,2,90,#E6E4E1
44,2,90,#E6E4E1
45,2,90,#E6E4E1
46,2,90,#E6E4E1
47,2,90,#E6E5E1
48,2,90,#E6E5E1
49,2,90,#E6E5E1
50,2,90,#E6E5E1
51,2,90,#E6E5E1
52,2,90,#E6E5E1
53,2,90,#E6E5E1
54,2,90,#E6E5E1
55,2,90,#E6E5E1
56,2,90,#E6E5E1
57,2,90,#E6E5E1
58,2,90,#E6E5E1
59,2,90,#E6E5E1
60,2,90,#E6E6E1
61,2,90,#E5E6E1
62,2,90,#E5E6E1
63,2,90,#E5E6E1
64,2,90,#E5E6E1
65,2,90,#E5E6E1
66,2,90,#E5E6E1
67,2,90,#E5E6E1
68,2,90,#E5E6E1
69,2,90,#E5E6E1
70,2,90,#E5E6E1
71,2,90,#E5E6E1
72,2,90,#E5E6E1
73,2,90,#E5E6E1
74,2,90,#E4E6E1
75,2,90,#E4E6E1
76,2,90,#E4E6E1
77,2,90,#E4E6E1
78,2,90,#E4E6E1
79,2,90,#E4E6E1
80,2,90,#E4E6E1
81,2,90,#E4E6E1
82,2,90,#E4E6E1
83,2,90,#E4E6E1
84,2,90,#E4E6E1
85,2,90,#E4E6E1
86,2,90,#E4E6E1
87,2,90,#E3E6E1
88,2,90,#E3E6E1
89,2,90,#E3E6E1
90,2,90,#E3E6E1
91,2,90,#E3E6E1
92,2,90,#E3E6E1
93,2,90,#E3E6E1
94,2,90,#E3E6E1
95,2,90,#E3E6E1
96,2,90,#E3E6E1
97,2,90,#E3E6E1
98,2,90,#E3E6E1
99,2,90,#E3E6E1
100,2,90,#E2E6E1
101,2,90,#E2E6E1
102,2,90,#E2E6E1
103,2,90,#E2E6E1
104,2,90,#E2E6E1
105,2,90,#E2E6E1
106,2,90,#E2E6E1
107,2,90,#E2E6E1
108,2,90,#E2E6E1
109,2,90,#E2E6E1
110,2,90,#E2E6E1
111,2,90,#E2E6E1
112,2,90,#E2E6E1
113,2,90,#E1E6E1
114,2,90,#E1E6E1
115,2,90,#E1E6E1
116,2,90,#E1E6E1
117,2,90,#E1E6E1
118,2,90,#E1E6E1
119,2,90,#E1E6E1
120,2,90,#E1E6E1
121,2,90,#E1E6E1
122,2,90,#E1E6E1
123,2,90,#E1E6E1
124,2,90,#E1E6E1
125,2,90,#E1E6E1
126,2,90,#E1E6E1
127,2,90,#E1E6E1
128,2,90,#E1E6E2
129,2,90,#E1E6E2
130,2,90,#E1E6E2
131,2,90,#E1E6E2
132,2,90,#E1E6E2
133,2,90,#E1E6E2
134,2,90,#E1E6E2
135,2,90,#E1E6E2
136,2,90,#E1E6E2
137,2,90,#E1E6E2
138,2,90,#E1E6E2
139,2,90,#E1E6E2
140,2,90,#E1E6E2
141,2,90,#E1E6E3
142,2,90,#E1E6E3
143,2,90,#E1E6E3
144,2,90,#E1E6E3
145,2,90,#E1E6E3
146,2,90,#E1E6E3
147,2,90,#E1E6E3
148,2,90,#E1E6E3
149,2,90,#E1E6E3
150,2,90,#E1E6E3
151,2,90,#E1E6E3
152,2,90,#E1E6E3
153,2,90,#E1E6E3
154,2,90,#E1E6E4
155,2,90,#E1E6E4
156,2,90,#E1E6E4
157,2,90,#E1E6E4
158,2,90,#E1E6E4
159,2,90,#E1E6E4
160,2,90,#E1E6E4
161,2,90,#E1E6E4
162,2,90,#E1E6E4
163,2,90,#E1E6E4
164,2,90,#E1E6E4
165,2,90,#E1E6E4
166,2,90,#E1E6E4
167,2,90,#E1E6E5
168,2,90,#E1E6E5
169,2,90,#E1E6E5
170,2,90,#E1E6E5
171,2,90,#E1E6E5
172,2,90,#E1E6E5
173,2,90,#E1E6E5
174,2,90,#E1E6E5
175,2,90,#E1E6E5
176,2,90,#E1E6E5
177,2,90,#E1E6E5
178,2,90,#E1E6E5
179,2,90,#E1E6E5
180,2,90,#E1E6E6
181,2,90,#E1E5E6
182,2,90,#E1E5E6
183,2,90,#E1E5E6
184,2,90,#E1E5E6
185,2,90,#E1E5E6
186,2,90,#E1E5E6
187,2,90,#E1E5E6
188,2,90,#E1E5E6
189,2,90,#E1E5E6
190,2,90,#E1E5E6
191,2,90,#E1E5E6
192,2,90,#E1E5E6
193,2,90,#E1E5E6
194,2,90,#E1E4E6
195,2,90,#E1E4E6
196,2,90,#E1E4E6
197,2,90,#E1E4E6
198,2,90,#E1E4E6
199,2,90,#E1E4E6
200,2,90,#E1E4E6
201,2,90,#E1E4E6
202,2,90,#E1E4E6
203,2,90,#E1E4E6
204,2,90,#E1E4E6
205,2,90,#E1E4E6
206,2,90,#E1E4E6
207,2,90,#E1E3E6
208,2,90,#E1E3E6
209,2,90,#E1E3E6
210,2,90,#E1E3E6
211,2,90,#E1E3E6
212,2,90,#E1E3E6
213,2,90,#E1E3E6
214,2,90,#E1E3E6
215,2,90,#E1E3E6
216,2,90,#E1E3E6
217,2,90,#E1E3E6
218,2,90,#E1E3E6
219,2,90,#E1E3E6
220,2,90,#E1E2E6
221,2,90,#E1E2E6
222,2,90,#E1E2E6
223,2,90,#E1E2E6
224,2,90,#E1E2E6
225,2,90,#E1E2E6
226,2,90,#E1E2E6
227,2,90,#E1E2E6
228,2,90,#E1E2E6
229,2,90,#E1E2E6
230,2,90,#E1E2E6
231,2,90,#E1E2E6
232,2,90,#E1E2E6
233,2,90,#E1E1E6
234,2,90,#E1E1E6
235,2,90,#E1E1E6
236,2,90,#E1E1E6
237,2,90,#E1E1E6
238,2,90,#E1E1E6
239,2,90,#E1E1E6
240,2,90,#E1E1E6
241,2,90,#E1E1E6
242,2,90,#E1E1E6
243,2,90,#E1E1E6
244,2,90,#E1E1E6
245,2,90,#E1E1E6
246,2,90,#E1E1E6
247,2,90,#E1E1E6
248,2,90,#E2E1E6
249,2,90,#E2E1E6
250,2,90,#E2E1E6
251,2,90,#E2E1E6
252,2,90,#E2E1E6
253,2,90,#E2E1E6
254,2,90,#E2E1E6
255,2,90,#E2E1E6
256,2,90,#E2E1E6
257,2,90,#E2E1E6
258,2,90,#E2E1E6
259,2,90,#E2E1E6
260,2,90,#E2E1E6
261,2,90,#E3E1E6
262,2,90,#E3E1E6
263,2,90,#E3E1E6
264,2,90,#E3E1E6
265,2,90,#E3E1E6
266,2,90,#E3E1E6
267,2,90,#E3E1E6
268,2,90,#E3E1E6
269,2,90,#E3E1E6
270,2,90,#E3E1E6
271,2,90,#E3E1E6
272,2,90,#E3E1E6
273,2,90,#E3E1E6
274,2,90,#E4E1E6
275,2,90,#E4E1E6
276,2,90,#E4E1E6
277,2,90,#E4E1E6
278,2,90,#E4E1E6
279,2,90,#E4E1E6
280,2,90,#E4E1E6
281,2,90,#E4E1E6
282,2,90,#E4E1E6
283,2,90,#E4E1E6
284,2,90,#E4E1E6
285,2,90,#E4E1E6
286,2,90,#E4E1E6
287,2,90,#E5E1E6
288,2,90,#E5E1E6
289,2,90,#E5E1E6
290,2,90,#E5E1E6
291,2,90,#E5E1E6
292,2,90,#E5E1E6
293,2,90,#E5E1E6
294,2,90,#E5E1E6
295,2,90,#E5E1E6
296,2,90,#E5E1E6
297,2,90,#E5E1E6
298,2,90,#E5E1E6
299,2,90,#E5E1E6
300,2,90,#E6E1E6
301,2,90,#E6E1E5
302,2,90,#E6E1E5
303,2,90,#E6E1E5
304,2,90,#E6E1E5
305,2,90,#E6E1E5
306,2,90,#E6E1E5
307,2,90,#E6E1E5
308,2,90,#E6E1E5
309,2,90,#E6E1E5
310,2,90,#E6E1E5
311,2,90,#E6E1E5
312,2,90,#E6E1E5
313,2,90,#E6E1E5
314,2,90,#E6E1E4
315,2,90,#E6E1E4
316,2,90,#E6E1E4
317,2,90,#E6E1E4
318,2,90,#E6E1E4
319,2,90,#E6E1E4
320,2,90,#E6E1E4
321,2,90,#E6E1E4
322,2,90,#E6E1E4
323,2,90,#E6E1E4
324,2,90,#E6E1E4
325,2,90,#E6E1E4
326,2,90,#E6E1E4
327,2,90,#E6E1E3
328,2,90,#E6E1E3
329,2,90,#E6E1E3
330,2,90,#E6E1E3
331,2,90,#E6E1E3
332,2,90,#E6E1E3
333,2,90,#E6E1E3
334,2,90,#E6E1E3
335,2,90,#E6E1E3
336,2,90,#E6E1E3
337,2,90,#E6E1E3
338,2,90,#E6E1E3
339,2,90,#E6E1E3
340,2,90,#E6E1E2
341,2,90,#E6E1E2
342,2,90,#E6E1E2
343,2,90,#E6E1E2
344,2,90,#E6E1E2
345,2,90,#E6E1E2
346,2,90,#E6E1E2
347,2,90,#E6E1E2
348,2,90,#E6E1E2
349,2,90,#E6E1E2
350,2,90,#E6E1E2
351,2,90,#E6E1E2
352,2,90,#E6E1E2
353,2,90,#E6E1E1
354,2,90,#E6E1E1
355,2,90,#E6E1E1
356,2,90,#E6E1E1
357,2,90,#E6E1E1
358,2,90,#E6E1E1
359,2,90,#E6E1E1
0,1,90,#E6E3E3
1,1,90,#E6E3E3
2,1,90,#E6E3E3
3,1,90,#E6E3E3
4,1,90,#E6E3E3
5,1,90,#E6E3E3
6,1,90,#E6E3E3
7,1,90,#E6E3E3
8,1,90,#E6E4E3
9,1,90,#E6E4E3
10,1,90,#E6E4E3
11,1,90,#E6E4E3
12,1,90,#E6E4E3
13,1,90,#E6E4E3
14,1,90,#E6E4E3
15,1,90,#E6E4E3
16,1,90,#E6E4E3
17,1,90,#E6E4E3
18,1,90,#E6E4E3
19,1,90,#E6E4E3
20,1,90,#E6E4E3
21,1,90,#E6E4E3
22,1,90,#E6E4E3
23,1,90,#E6E4E3
24,1,90,#E6E4E3
25,1,90,#E6E4E3
26,1,90,#E6E4E3
27,1,90,#E6E4E3
28,1,90,#E6E4E3
29,1,90,#E6E4E3
30,1,90,#E6E4E3
31,1,90,#E6E4E3
32,1,90,#E6E4E3
33,1,90,#E6E4E3
34,1,90,#E6E5E3
35,1,90,#E6E5E3
36,1,90,#E6E5E3
37,1,90,#E6E5E3
38,1,90,#E6E5E3
39,1,90,#E6E5E3
40,1,90,#E6E5E3
41,1,90,#E6E5E3
42,1,90,#E6E5E3
43,1,90,#E6E5E3
44,1,90,#E6E5E3
45,1,90,#E6E5E3
46,1,90,#E6E5E3
47,1,90,#E6E5E3
48,1,90,#E6E5E3
49,1,90,#E6E5E3
50,1,90,#E6E5E3
51,1,90,#E6E5E3
52,1,90,#E6E5E3
53,1,90,#E6E5E3
54,1,90,#E6E5E3
55,1,90,#E6E5E3
56,1,90,#E6E5E3
57,1,90,#E6E5E3
58,1,90,#E6E5E3
59,1,90,#E6E5E3
60,1,90,#E6E6E3
61,1,90,#E5E6E3
62,1,90,#E5E6E3
63,1,90,#E5E6E3
64,1,90,#E5E6E3
65,1,90,#E5E6E3
66,1,90,#E5E6E3
67,1,90,#E5E6E3
68,1,90,#E5E6E3
69,1,90,#E5E6E3
70,1,90,#E5E6E3
71,1,90,#E5E6E3
72,1,90,#E5E6E3
73,1,90,#E5E6E3
74,1,90,#E5E6E3
75,1,90,#E5E6E3
76,1,90,#E5E6E3
77,1,90,#E5E6E3
78,1,90,#E5E6E3
79,1,90,#E5E6E3
80,1,90,#E5E6E3
81,1,90,#E5E6E3
82,1,90,#E5E6E3
83,1,90,#E5E6E3
84,1,90,#E5E6E3
85,1,90,#E5E6E3
86,1,90,#E5E6E3
87,1,90,#E4E6E3
88,1,90,#E4E6E3
89,1,90,#E4E6E3
90,1,90,#E4E6E3
91,1,90,#E4E6E3
92,1,90,#E4E6E3
93,1,90,#E4E6E3
94,1,90,#E4E6E3
95,1,90,#E4E6E3
96,1,90,#E4E6E3
97,1,90,#E4E6E3
98,1,90,#E4E6E3
99,1,90,#E4E6E3
100,1,90,#E4E6E3
101,1,90,#E4E6E3
102,1,90,#E4E6E3
103,1,90,#E4E6E3
104,1,90,#E4E6E3
105,1,90,#E4E6E3
106,1,90,#E4E6E3
107,1,90,#E4E6E3
108,1,90,#E4E6E3
109,1,90,#E4E6E3
110,1,90,#E4E6E3
111,1,90,#E4E6E3
112,1,90,#E4E6E3
113,1,90,#E3E6E3
114,1,90,#E3E6E3
115,1,90,#E3E6E3
116,1,90,#E3E6E3
117,1,90,#E3E6E3
118,1,90,#E3E6E3
119,1,90,#E3E6E3
120,1,90,#E3E6E3
121,1,90,#E3E6E3
122,1,90,#E3E6E3
123,1,90,#E3E6E3
124,1,90,#E3E6E3
125,1,90,#E3E6E3
126,1,90,#E3E6E3
127,1,90,#E3E6E3
128,1,90,#E3E6E4
129,1,90,#E3E6E4
130,1,90,#E3E6E4
131,1,90,#E3E6E4
132,1,90,#E3E6E4
133,1,90,#E3E6E4
134,1,90,#E3E6E4
135,1,90,#E3E6E4
136,1,90,#E3E6E4
137,1,90,#E3E6E4
138,1,90,#E3E6E4
139,1,90,#E3E6E4
140,1,90,#E3E6E4
141,1,90,#E3E6E4
142,1,90,#E3E6E4
143,1,90,#E3E6E4
144,1,90,#E3E6E4
145,1,90,#E3E6E4
146,1,90,#E3E6E4
147,1,90,#E3E6E4
148,1,90,#E3E6E4
149,1,90,#E3E6E4
150,1,90,#E3E6E4
151,1,90,#E3E6E4
152,1,90,#E3E6E4
153,1,90,#E3E6E4
154,1,90,#E3E6E5
155,1,90,#E3E6E5
156,1,90,#E3E6E5
157,1,90,#E3E6E5
158,1,90,#E3E6E5
159,1,90,#E3E6E5
160,1,90,#E3E6E5
161,1,90,#E3E6E5
162,1,90,#E3E6E5
163,1,90,#E3E6E5
164,1,90,#E3E6E5
165,1,90,#E3E6E5
166,1,90,#E3E6E5
167,1,90,#E3E6E5
168,1,90,#E3E6E5
169,1,90,#E3E6E5
170,1,90,#E3E6E5
171,1,90,#E3E6E5
172,1,90,#E3E6E5
173,1,90,#E3E6E5
174,1,90,#E3E6E5
175,1,90,#E3E6E5
176,1,90,#E3E6E5
177,1,90,#E3E6E5
178,1,90,#E3E6E5
179,1,90,#E3E6E5
180,1,90,#E3E6E6
181,1,90,#E3E5E6
182,1,90,#E3E5E6
183,1,90,#E3E5E6
184,1,90,#E3E5E6
185,1,90,#E3E5E6
186,1,90,#E3E5E6
187,1,90,#E3E5E6
188,1,90,#E3E5E6
189,1,90,#E3E5E6
190,1,90,#E3E5E6
191,1,90,#E3E5E6
192,1,90,#E3E5E6
193,1,90,#E3E5E6
194,1,90,#E3E5E6
195,1,90,#E3E5E6
196,1,90,#E3E5E6
197,1,90,#E3E5E6
198,1,90,#E3E5E6
199,1,90,#E3E5E6
200,1,90,#E3E5E6
201,1,90,#E3E5E6
202,1,90,#E3E5E6
203,1,90,#E3E5E6
204,1,90,#E3E5E6
205,1,90,#E3E5E6
206,1,90,#E3E5E6
207,1,90,#E3E4E6
208,1,90,#E3E4E6
209,1,90,#E3E4E6
210,1,90,#E3E4E6
211,1,90,#E3E4E6
212,1,90,#E3E4E6
213,1,90,#E3E4E6
214,1,90,#E3E4E6
215,1,90,#E3E4E6
216,1,90,#E3E4E6
217,1,90,#E3E4E6
218,1,90,#E3E4E6
219,1,90,#E3E4E6
220,1,90,#E3E4E6
221,1,90,#E3E4E6
222,1,90,#E3E4E6
223,1,90,#E3E4E6
224,1,90,#E3E4E6
225,1,90,#E3E4E6
226,1,90,#E3E4E6
227,1,90,#E3E4E6
228,1,90,#E3E4E6
229,1,90,#E3E4E6
230,1,90,#E3E4E6
231,1,90,#E3E4E6
232,1,90,#E3E4E6
233,1,90,#E3E3E6
234,1,90,#E3E3E6
235,1,90,#E3E3E6
236,1,90,#E3E3E6
237,1,90,#E3E3E6
238,1,90,#E3E3E6
239,1,90,#E3E3E6
240,1,90,#E3E3E6
241,1,90,#E3E3E6
242,1,90,#E3E3E6
243,1,90,#E3E3E6
244,1,90,#E3E3E6
245,1,90,#E3E3E6
246,1,90,#E3E3E6
247,1,90,#E3E3E6
248,1,90,#E4E3E6
249,1,90,#E4E3E6
250,1,90,#E4E3E6
251,1,90,#E4E3E6
252,1,90,#E4E3E6
253,1,90,#E4E3E6
254,1,90,#E4E3E6
255,1,90,#E4E3E6
256,1,90,#E4E3E6
257,1,90,#E4E3E6
258,1,90,#E4E3E6
259,1,90,#E4E3E6
260,1,90,#E4E3E6
261,1,90,#E4E3E6
262,1,90,#E4E3E6
263,1,90,#E4E3E6
264,1,90,#E4E3E6
265,1,90,#E4E3E6
266,1,90,#E4E3E6
267,1,90,#E4E3E6
268,1,90,#E4E3E6
269,1,90,#E4E3E6
270,1,90,#E4E3E6
271,1,90,#E4E3E6
272,1,90,#E4E3E6
273,1,90,#E4E3E6
274,1,90,#E5E3E6
275,1,90,#E5E3E6
276,1,90,#E5E3E6
277,1,90,#E5E3E6
278,1,90,#E5E3E6
279,1,90,#E5E3E6
280,1,90,#E5E3E6
281,1,90,#E5E3E6
282,1,90,#E5E3E6
283,1,90,#E5E3E6
284,1,90,#E5E3E6
285,1,90,#E5E3E6
286,1,90,#E5E3E6
287,1,90,#E5E3E6
288,1,90,#E5E3E6
289,1,90,#E5E3E6
290,1,90,#E5E3E6
291,1,90,#E5E3E6
292,1,90,#E5E3E6
293,1,90,#E5E3E6
294,1,90,#E5E3E6
295,1,90,#E5E3E6
296,1,90,#E5E3E6
297,1,90,#E5E3E6
298,1,90,#E5E3E6
299,1,90,#E5E3E6
300,1,90,#E6E3E6
301,1,90,#E6E3E5
302,1,90,#E6E3E5
303,1,90,#E6E3E5
304,1,90,#E6E3E5
305,1,90,#E6E3E5
306,1,90,#E6E3E5
307,1,90,#E6E3E5
308,1,90,#E6E3E5
309,1,90,#E6E3E5
310,1,90,#E6E3E5
311,1,90,#E6E3E5
312,1,90,#E6E3E5
313,1,90,#E6E3E5
314,1,90,#E6E3E5
315,1,90,#E6E3E5
316,1,90,#E6E3E5
317,1,90,#E6E3E5
318,1,90,#E6E3E5
319,1,90,#E6E3E5
320,1,90,#E6E3E5
321,1,90,#E6E3E5
322,1,90,#E6E3E5
323,1,90,#E6E3E5
324,1,90,#E6E3E5
325,1,90,#E6E3E5
326,1,90,#E6E3E5
327,1,90,#E6E3E4
328,1,90,#E6E3E4
329,1,90,#E6E3E4
330,1,90,#E6E3E4
331,1,90,#E6E3E4
332,1,90,#E6E3E4
333,1,90,#E6E3E4
334,1,90,#E6E3E4
335,1,90,#E6E3E4
336,1,90,#E6E3E4
337,1,90,#E6E3E4
338,1,90,#E6E3E4
339,1,90,#E6E3E4
340,1,90,#E6E3E4
341,1,90,#E6E3E4
342,1,90,#E6E3E4
343,1,90,#E6E3E4
344,1,90,#E6E3E4
345,1,90,#E6E3E4
346,1,90,#E6E3E4
347,1,90,#E6E3E4
348,1,90,#E6E3E4
349,1,90,#E6E3E4
350,1,90,#E6E3E4
351,1,90,#E6E3E4
352,1,90,#E6E3E4
353,1,90,#E6E3E3
354,1,90,#E6E3E3
355,1,90,#E6E3E3
356,1,90,#E6E3E3
357,1,90,#E6E3E3
358,1,90,#E6E3E3
359,1,90,#E6E3E3
0,0,90,#E6E6E6
1,0,90,#E6E6E6
2,0,90,#E6E6E6
3,0,90,#E6E6E6
4,0,90,#E6E6E6
5,0,90,#E6E6E6
6,0,90,#E6E6E6
7,0,90,#E6E6E6
8,0,90,#E6E6E6
9,0,90,#E6E6E6
10,0,90,#E6E6E6
11,0,90,#E6E6E6
12,0,90,#E6E6E6
13,0,90,#E6E6E6
14,0,90,#E6E6E6
15,0,90,#E6E6E6
16,0,90,#E6E6E6
17,0,90,#E6E6E6
18,0,90,#E6E6E6
19,0,90,#E6E6E6
20,0,90,#E6E6E6
21,0,90,#E6E6E6
22,0,90,#E6E6E6
23,0,90,#E6E6E6
24,0,90,#E6E6E6
25,0,90,#E6E6E6
26,0,90,#E6E6E6
27,0,90,#E6E6E6
28,0,90,#E6E6E6
29,0,90,#E6E6E6
30,0,90,#E6E6E6
31,0,90,#E6E6E6
32,0,90,#E6E6E6
33,0,90,#E6E6E6
34,0,90,#E6E6E6
35,0,90,#E6E6E6
36,0,90,#E6E6E6
37,0,90,#E6E6E6
38,0,90,#E6E6E6
39,0,90,#E6E6E6
40,0,90,#E6E6E6
41,0,90,#E6E6E6
42,0,90,#E6E6E6
43,0,90,#E6E6E6
44,0,90,#E6E6E6
45,0,90,#E6E6E6
46,0,90,#E6E6E6
47,0,90,#E6E6E6
48,0,90,#E6E6E6
49,0,90,#E6E6E6
50,0,90,#E6E6E6
51,0,90,#E6E6E6
52,0,90,#E6E6E6
53,0,90,#E6E6E6
54,0,90,#E6E6E6
55,0,90,#E6E6E6
56,0,90,#E6E6E6
57,0,90,#E6E6E6
58,0,90,#E6E6E6
59,0,90,#E6E6E6
60,0,90,#E6E6E6
61,0,90,#E6E6E6
62,0,90,#E6E6E6
63,0,90,#E6E6E6
64,0,90,#E6E6E6
65,0,90,#E6E6E6
66,0,90,#E6E6E6
67,0,90,#E6E6E6
68,0,90,#E6E6E6
69,0,90,#E6E6E6
70,0,90,#E6E6E6
71,0,90,#E6E6E6
72,0,90,#E6E6E6
73,0,90,#E6E6E6
74,0,90,#E6E6E6
75,0,90,#E6E6E6
76,0,90,#E6E6E6
77,0,90,#E6E6E6
78,0,90,#E6E6E6
79,0,90,#E6E6E6
80,0,90,#E6E6E6
81,0,90,#E6E6E6
82,0,90,#E6E6E6
83,0,90,#E6E6E6
84,0,90,#E6E6E6
85,0,90,#E6E6E6
86,0,90,#E6E6E6
87,0,90,#E6E6E6
88,0,90,#E6E6E6
89,0,90,#E6E6E6
90,0,90,#E6E6E6
91,0,90,#E6E6E6
92,0,90,#E6E6E6
93,0,90,#E6E6E6
94,0,90,#E6E6E6
95,0,90,#E6E6E6
96,0,90,#E6E6E6
97,0,90,#E6E6E6
98,0,90,#E6E6E6
99,0,90,#E6E6E6
100,0,90,#E6E6E6
101,0,90,#E6E6E6
102,0,90,#E6E6E6
103,0,90,#E6E6E6
104,0,90,#E6E6E6
105,0,90,#E6E6E6
106,0,90,#E6E6E6
107,0,90,#E6E6E6
108,0,90,#E6E6E6
109,0,90,#E6E6E6
110,0,90,#E6E6E6
111,0,90,#E6E6E6
112,0,90,#E6E6E6
113,0,90,#E6E6E6
114,0,90,#E6E6E6
115,0,90,#E6E6E6
116,0,90,#E6E6E6
117,0,90,#E6E6E6
118,0,90,#E6E6E6
119,0,90,#E6E6E6
120,0,90,#E6E6E6
121,0,90,#E6E6E6
122,0,90,#E6E6E6
123,0,90,#E6E6E6
124,0,90,#E6E6E6
125,0,90,#E6E6E6
126,0,90,#E6E6E6
127,0,90,#E6E6E6
128,0,90,#E6E6E6
129,0,90,#E6E6E6
130,0,90,#E6E6E6
131,0,90,#E6E6E6
132,0,90,#E6E6E6
133,0,90,#E6E6E6
134,0,90,#E6E6E6
135,0,90,#E6E6E6
136,0,90,#E6E6E6
137,0,90,#E6E6E6
138,0,90,#E6E6E6
139,0,90,#E6E6E6
140,0,90,#E6E6E6
141,0,90,#E6E6E6
142,0,90,#E6E6E6
143,0,90,#E6E6E6
144,0,90,#E6E6E6
145,0,90,#E6E6E6
146,0,90,#E6E6E6
147,0,90,#E6E6E6
148,0,90,#E6E6E6
149,0,90,#E6E6E6
150,0,90,#E6E6E6
151,0,90,#E6E6E6
152,0,90,#E6E6E6
153,0,90,#E6E6E6
154,0,90,#E6E6E6
155,0,90,#E6E6E6
156,0,90,#E6E6E6
157,0,90,#E6E6E6
158,0,90,#E6E6E6
159,0,90,#E6E6E6
160,0,90,#E6E6E6
161,0,90,#E6E6E6
162,0,90,#E6E6E6
163,0,90,#E6E6E6
164,0,90,#E6E6E6
165,0,90,#E6E6E6
166,0,90,#E6E6E6
167,0,90,#E6E6E6
168,0,90,#E6E6E6
169,0,90,#E6E6E6
170,0,90,#E6E6E6
171,0,90,#E6E6E6
172,0,90,#E6E6E6
173,0,90,#E6E6E6
174,0,90,#E6E6E6
175,0,90,#E6E6E6
176,0,90,#E6E6E6
177,0,90,#E6E6E6
178,0,90,#E6E6E6
179,0,90,#E6E6E6
180,0,90,#E6E6E6
181,0,90,#E6E6E6
182,0,90,#E6E6E6
183,0,90,#E6E6E6
184,0,90,#E6E6E6
185,0,90,#E6E6E6
186,0,90,#E6E6E6
187,0,90,#E6E6E6
188,0,90,#E6E6E6
189,0,90,#E6E6E6
190,0,90,#E6E6E6
191,0,90,#E6E6E6
192,0,90,#E6E6E6
193,0,90,#E6E6E6
194,0,90,#E6E6E6
195,0,90,#E6E6E6
196,0,90,#E6E6E6
197,0,90,#E6E6E6
198,0,90,#E6E6E6
199,0,90,#E6E6E6
200,0,90,#E6E6E6
201,0,90,#E6E6E6
202,0,90,#E6E6E6
203,0,90,#E6E6E6
204,0,90,#E6E6E6
205,0,90,#E6E6E6
206,0,90,#E6E6E6
207,0,90,#E6E6E6
208,0,90,#E6E6E6
209,0,90,#E6E6E6
210,0,90,#E6E6E6
211,0,90,#E6E6E6
212,0,90,#E6E6E6
213,0,90,#E6E6E6
214,0,90,#E6E6E6
215,0,90,#E6E6E6
216,0,90,#E6E6E6
217,0,90,#E6E6E6
218,0,90,#E6E6E6
219,0,90,#E6E6E6
220,0,90,#E6E6E6
221,0,90,#E6E6E6
222,0,90,#E6E6E6
223,0,90,#E6E6E6
224,0,90,#E6E6E6
225,0,90,#E6E6E6
226,0,90,#E6E6E6
227,0,90,#E6E6E6
228,0,90,#E6E6E6
229,0,90,#E6E6E6
230,0,90,#E6E6E6
231,0,90,#E6E6E6
232,0,90,#E6E6E6
233,0,90,#E6E6E6
234,0,90,#E6E6E6
235,0,90,#E6E6E6
236,0,90,#E6E6E6
237,0,90,#E6E6E6
238,0,90,#E6E6E6
239,0,90,#E6E6E6
240,0,90,#E6E6E6
241,0,90,#E6E6E6
242,0,90,#E6E6E6
243,0,90,#E6E6E6
244,0,90,#E6E6E6
245,0,90,#E6E6E6
246,0,90,#E6E6E6
247,0,90,#E6E6E6
248,0,90,#E6E6E6
249,0,90,#E6E6E6
250,0,90,#E6E6E6
251,0,90,#E6E6E6
252,0,90,#E6E6E6
253,0,90,#E6E6E6
254,0,90,#E6E6E6
255,0,90,#E6E6E6
256,0,90,#E6E6E6
257,0,90,#E6E6E6
258,0,90,#E6E6E6
259,0,90,#E6E6E6
260,0,90,#E6E6E6
261,0,90,#E6E6E6
262,0,90,#E6E6E6
263,0,90,#E6E6E6
264,0,90,#E6E6E6
265,0,90,#E6E6E6
266,0,90,#E6E6E6
267,0,90,#E6E6E6
268,0,90,#E6E6E6
269,0,90,#E6E6E6
270,0,90,#E6E6E6
271,0,90,#E6E6E6
272,0,90,#E6E6E6
273,0,90,#E6E6E6
274,0,90,#E6E6E6
275,0,90,#E6E6E6
276,0,90,#E6E6E6
277,0,90,#E6E6E6
278,0,90,#E6E6E6
279,0,90,#E6E6E6
280,0,90,#E6E6E6
281,0,90,#E6E6E6
282,0,90,#E6E6E6
283,0,90,#E6E6E6
284,0,90,#E6E6E6
285,0,90,#E6E6E6
286,0,90,#E6E6E6
287,0,90,#E6E6E6
288,0,90,#E6E6E6
289,0,90,#E6E6E6
290,0,90,#E6E6E6
291,0,90,#E6E6E6
292,0,90,#E6E6E6
293,0,90,#E6E6E6
294,0,90,#E6E6E6
295,0,90,#E6E6E6
296,0,90,#E6E6E6
297,0,90,#E6E6E6
298,0,90,#E6E6E6
299,0,90,#E6E6E6
300,0,90,#E6E6E6
301,0,90,#E6E6E6
302,0,90,#E6E6E6
303,0,90,#E6E6E6
304,0,90,#E6E6E6
305,0,90,#E6E6E6
306,0,90,#E6E6E6
307,0,90,#E6E6E6
308,0,90,#E6E6E6
309,0,90,#E6E6E6
310,0,90,#E6E6E6
311,0,90,#E6E6E6
312,0,90,#E6E6E6
313,0,90,#E6E6E6
314,0,90,#E6E6E6
315,0,90,#E6E6E6
316,0,90,#E6E6E6
317,0,90,#E6E6E6
318,0,90,#E6E6E6
319,0,90,#E6E6E6
320,0,90,#E6E6E6
321,0,90,#E6E6E6
322,0,90,#E6E6E6
323,0,90,#E6E6E6
324,0,90,#E6E6E6
325,0,90,#E6E6E6
326,0,90,#E6E6E6
327,0,90,#E6E6E6
328,0,90,#E6E6E6
329,0,90,#E6E6E6
330,0,90,#E6E6E6
331,0,90,#E6E6E6
332,0,90,#E6E6E6
333,0,90,#E6E6E6
334,0,90,#E6E6E6
335,0,90,#E6E6E6
336,0,90,#E6E6E6
337,0,90,#E6E6E6
338,0,90,#E6E6E6
339,0,90,#E6E6E6
340,0,90,#E6E6E6
341,0,90,#E6E6E6
342,0,90,#E6E6E6
343,0,90,#E6E6E6
344,0,90,#E6E6E6
345,0,90,#E6E6E6
346,0,90,#E6E6E6
347,0,90,#E6E6E6
348,0,90,#E6E6E6
349,0,90,#E6E6E6
350,0,90,#E6E6E6
351,0,90,#E6E6E6
352,0,90,#E6E6E6
353,0,90,#E6E6E6
354,0,90,#E6E6E6
355,0,90,#E6E6E6
356,0,90,#E6E6E6
357,0,90,#E6E6E6
358,0,90,#E6E6E6
359,0,90,#E6E6E6
