Hue,Saturation,Brightness,Hex
0,100,100,#FF0000
1,100,100,#FF0400
2,100,100,#FF0800
3,100,100,#FF0D00
4,100,100,#FF1100
5,100,100,#FF1500
6,100,100,#FF1900
7,100,100,#FF1E00
8,100,100,#FF2200
9,100,100,#FF2600
10,100,100,#FF2A00
11,100,100,#FF2F00
12,100,100,#FF3300
13,100,100,#FF3700
14,100,100,#FF3C00
15,100,100,#FF4000
16,100,100,#FF4400
17,100,100,#FF4800
18,100,100,#FF4D00
19,100,100,#FF5100
20,100,100,#FF5500
21,100,100,#FF5900
22,100,100,#FF5E00
23,100,100,#FF6200
24,100,100,#FF6600
25,100,100,#FF6A00
26,100,100,#FF6F00
27,100,100,#FF7300
28,100,100,#FF7700
29,100,100,#FF7B00
30,100,100,#FF8000
31,100,100,#FF8400
32,100,100,#FF8800
33,100,100,#FF8C00
34,100,100,#FF9100
35,100,100,#FF9500
36,100,100,#FF9900
37,100,100,#FF9D00
38,100,100,#FFA200
39,100,100,#FFA600
40,100,100,#FFAA00
41,100,100,#FFAE00
42,100,100,#FFB300
43,100,100,#FFB700
44,100,100,#FFBB00
45,100,100,#FFBF00
46,100,100,#FFC300
47,100,100,#FFC800
48,100,100,#FFCC00
49,100,100,#FFD000
50,100,100,#FFD500
51,100,100,#FFD900
52,100,100,#FFDD00
53,100,100,#FFE100
54,100,100,#FFE500
55,100,100,#FFEA00
56,100,100,#FFEE00
57,100,100,#FFF200
58,100,100,#FFF700
59,100,100,#FFFB00
60,100,100,#FFFF00
61,100,100,#FBFF00
62,100,100,#F7FF00
63,100,100,#F2FF00
64,100,100,#EEFF00
65,100,100,#EAFF00
66,100,100,#E6FF00
67,100,100,#E1FF00
68,100,100,#DDFF00
69,100,100,#D9FF00
70,100,100,#D4FF00
71,100,100,#D0FF00
72,100,100,#CCFF00
73,100,100,#C8FF00
74,100,100,#C3FF00
75,100,100,#BFFF00
76,100,100,#BBFF00
77,100,100,#B7FF00
78,100,100,#B3FF00
79,100,100,#AEFF00
80,100,100,#AAFF00
81,100,100,#A6FF00
82,100,100,#A2FF00
83,100,100,#9DFF00
84,100,100,#99FF00
85,100,100,#95FF00
86,100,100,#91FF00
87,100,100,#8CFF00
88,100,100,#88FF00
89,100,100,#84FF00
90,100,100,#80FF00
91,100,100,#7BFF00
92,100,100,#77FF00
93,100,100,#73FF00
94,100,100,#6EFF00
95,100,100,#6AFF00
96,100,100,#66FF00
97,100,100,#62FF00
98,100,100,#5EFF00
99,100,100,#59FF00
100,100,100,#55FF00
101,100,100,#51FF00
102,100,100,#4DFF00
103,100,100,#48FF00
104,100,100,#44FF00
105,100,100,#40FF00
106,100,100,#3CFF00
107,100,100,#37FF00
108,100,100,#33FF00
109,100,100,#2FFF00
110,100,100,#2AFF00
111,100,100,#26FF00
112,100,100,#22FF00
113,100,100,#1EFF00
114,100,100,#1AFF00
115,100,100,#15FF00
116,100,100,#11FF00
117,100,100,#0DFF00
118,100,100,#08FF00
119,100,100,#04FF00
120,100,100,#00FF00
121,100,100,#00FF04
122,100,100,#00FF08
123,100,100,#00FF0D
124,100,100,#00FF11
125,100,100,#00FF15
126,100,100,#00FF19
127,100,100,#00FF1E
128,100,100,#00FF22
129,100,100,#00FF26
130,100,100,#00FF2A
131,100,100,#00FF2F
132,100,100,#00FF33
133,100,100,#00FF37
134,100,100,#00FF3C
135,100,100,#00FF40
136,100,100,#00FF44
137,100,100,#00FF48
138,100,100,#00FF4D
139,100,100,#00FF51
140,100,100,#00FF55
141,100,100,#00FF59
142,100,100,#00FF5E
143,100,100,#00FF62
144,100,100,#00FF66
145,100,100,#00FF6A
146,100,100,#00FF6F
147,100,100,#00FF73
148,100,100,#00FF77
149,100,100,#00FF7B
150,100,100,#00FF80
151,100,100,#00FF84
152,100,100,#00FF88
153,100,100,#00FF8C
154,100,100,#00FF90
155,100,100,#00FF95
156,100,100,#00FF99
157,100,100,#00FF9D
158,100,100,#00FFA2
159,100,100,#00FFA6
160,100,100,#00FFAA
161,100,100,#00FFAE
162,100,100,#00FFB3
163,100,100,#00FFB7
164,100,100,#00FFBB
165,100,100,#00FFBF
166,100,100,#00FFC3
167,100,100,#00FFC8
168,100,100,#00FFCC
169,100,100,#00FFD0
170,100,100,#00FFD4
171,100,100,#00FFD9
172,100,100,#00FFDD
173,100,100,#00FFE1
174,100,100,#00FFE5
175,100,100,#00FFEA
176,100,100,#00FFEE
177,100,100,#00FFF2
178,100,100,#00FFF7
179,100,100,#00FFFB
180,100,100,#00FFFF
181,100,100,#00FBFF
182,100,100,#00F7FF
183,100,100,#00F2FF
184,100,100,#00EEFF
185,100,100,#00EAFF
186,100,100,#00E5FF
187,100,100,#00E1FF
188,100,100,#00DDFF
189,100,100,#00D9FF
190,100,100,#00D4FF
191,100,100,#00D0FF
192,100,100,#00CCFF
193,100,100,#00C8FF
194,100,100,#00C3FF
195,100,100,#00BFFF
196,100,100,#00BBFF
197,100,100,#00B7FF
198,100,100,#00B2FF
199,100,100,#00AEFF
200,100,100,#00AAFF
201,100,100,#00A6FF
202,100,100,#00A2FF
203,100,100,#009DFF
204,100,100,#0099FF
205,100,100,#0095FF
206,100,100,#0091FF
207,100,100,#008CFF
208,100,100,#0088FF
209,100,100,#0084FF
210,100,100,#0080FF
211,100,100,#007BFF
212,100,100,#0077FF
213,100,100,#0073FF
214,100,100,#006FFF
215,100,100,#006AFF
216,100,100,#0066FF
217,100,100,#0062FF
218,100,100,#005EFF
219,100,100,#0059FF
220,100,100,#0055FF
221,100,100,#0051FF
222,100,100,#004CFF
223,100,100,#0048FF
224,100,100,#0044FF
225,100,100,#0040FF
226,100,100,#003CFF
227,100,100,#0037FF
228,100,100,#0033FF
229,100,100,#002FFF
230,100,100,#002BFF
231,100,100,#0026FF
232,100,100,#0022FF
233,100,100,#001EFF
234,100,100,#0019FF
235,100,100,#0015FF
236,100,100,#0011FF
237,100,100,#000DFF
238,100,100,#0008FF
239,100,100,#0004FF
240,100,100,#0000FF
241,100,100,#0400FF
242,100,100,#0800FF
243,100,100,#0D00FF
244,100,100,#1100FF
245,100,100,#1500FF
246,100,100,#1900FF
247,100,100,#1E00FF
248,100,100,#2200FF
249,100,100,#2600FF
250,100,100,#2A00FF
251,100,100,#2F00FF
252,100,100,#3300FF
253,100,100,#3700FF
254,100,100,#3C00FF
255,100,100,#4000FF
256,100,100,#4400FF
257,100,100,#4800FF
258,100,100,#4C00FF
259,100,100,#5100FF
260,100,100,#5500FF
261,100,100,#5900FF
262,100,100,#5D00FF
263,100,100,#6200FF
264,100,100,#6600FF
265,100,100,#6A00FF
266,100,100,#6F00FF
267,100,100,#7300FF
268,100,100,#7700FF
269,100,100,#7B00FF
270,100,100,#8000FF
271,100,100,#8400FF
272,100,100,#8800FF
273,100,100,#8C00FF
274,100,100,#9000FF
275,100,100,#9500FF
276,100,100,#9900FF
277,100,100,#9D00FF
278,100,100,#A200FF
279,100,100,#A600FF
280,100,100,#AA00FF
281,100,100,#AE00FF
282,100,100,#B300FF
283,100,100,#B700FF
284,100,100,#BB00FF
285,100,100,#BF00FF
286,100,100,#C300FF
287,100,100,#C800FF
288,100,100,#CC00FF
289,100,100,#D000FF
290,100,100,#D500FF
291,100,100,#D900FF
292,100,100,#DD00FF
293,100,100,#E100FF
294,100,100,#E600FF
295,100,100,#EA00FF
296,100,100,#EE00FF
297,100,100,#F200FF
298,100,100,#F700FF
299,100,100,#FB00FF
300,100,100,#FF00FF
301,100,100,#FF00FB
302,100,100,#FF00F7
303,100,100,#FF00F2
304,100,100,#FF00EE
305,100,100,#FF00EA
306,100,100,#FF00E6
307,100,100,#FF00E1
308,100,100,#FF00DD
309,100,100,#FF00D9
310,100,100,#FF00D4
311,100,100,#FF00D0
312,100,100,#FF00CC
313,100,100,#FF00C8
314,100,100,#FF00C3
315,100,100,#FF00BF
316,100,100,#FF00BB
317,100,100,#FF00B7
318,100,100,#FF00B3
319,100,100,#FF00AE
320,100,100,#FF00AA
321,100,100,#FF00A6
322,100,100,#FF00A1
323,100,100,#FF009D
324,100,100,#FF0099
325,100,100,#FF0095
326,100,100,#FF0090
327,100,100,#FF008C
328,100,100,#FF0088
329,100,100,#FF0084
330,100,100,#FF0080
331,100,100,#FF007B
332,100,100,#FF0077
333,100,100,#FF0073
334,100,100,#FF006F
335,100,100,#FF006A
336,100,100,#FF0066
337,100,100,#FF0062
338,100,100,#FF005E
339,100,100,#FF0059
340,100,100,#FF0055
341,100,100,#FF0051
342,100,100,#FF004D
343,100,100,#FF0048
344,100,100,#FF0044
345,100,100,#FF0040
346,100,100,#FF003C
347,100,100,#FF0037
348,100,100,#FF0033
349,100,100,#FF002F
350,100,100,#FF002B
351,100,100,#FF0026
352,100,100,#FF0022
353,100,100,#FF001E
354,100,100,#FF001A
355,100,100,#FF0015
356,100,100,#FF0011
357,100,100,#FF000D
358,100,100,#FF0008
359,100,100,#FF0004
0,99,100,#FF0303
1,99,100,#FF0703
2,99,100,#FF0B03
3,99,100,#FF0F03
4,99,100,#FF1303
5,99,100,#FF1803
6,99,100,#FF1C03
7,99,100,#FF2003
8,99,100,#FF2403
9,99,100,#FF2803
10,99,100,#FF2D03
11,99,100,#FF3103
12,99,100,#FF3503
13,99,100,#FF3903
14,99,100,#FF3D03
15,99,100,#FF4203
16,99,100,#FF4603
17,99,100,#FF4A03
18,99,100,#FF4E03
19,99,100,#FF5203
20,99,100,#FF5703
21,99,100,#FF5B03
22,99,100,#FF5F03
23,99,100,#FF6303
24,99,100,#FF6803
25,99,100,#FF6C03
26,99,100,#FF7003
27,99,100,#FF7403
28,99,100,#FF7803
29,99,100,#FF7D03
30,99,100,#FF8103
31,99,100,#FF8503
32,99,100,#FF8903
33,99,100,#FF8D03
34,99,100,#FF9203
35,99,100,#FF9603
36,99,100,#FF9A03
37,99,100,#FF9E03
38,99,100,#FFA203
39,99,100,#FFA703
40,99,100,#FFAB03
41,99,100,#FFAF03
42,99,100,#FFB303
43,99,100,#FFB703
44,99,100,#FFBC03
45,99,100,#FFC003
46,99,100,#FFC403
47,99,100,#FFC803
48,99,100,#FFCD03
49,99,100,#FFD103
50,99,100,#FFD503
51,99,100,#FFD903
52,99,100,#FFDD03
53,99,100,#FFE203
54,99,100,#FFE603
55,99,100,#FFEA03
56,99,100,#FFEE03
57,99,100,#FFF203
58,99,100,#FFF703
59,99,100,#FFFB03
60,99,100,#FFFF03
61,99,100,#FBFF03
62,99,100,#F7FF03
63,99,100,#F2FF03
64,99,100,#EEFF03
65,99,100,#EAFF03
66,99,100,#E6FF03
67,99,100,#E2FF03
68,99,100,#DDFF03
69,99,100,#D9FF03
70,99,100,#D5FF03
71,99,100,#D1FF03
72,99,100,#CDFF03
73,99,100,#C8FF03
74,99,100,#C4FF03
75,99,100,#C0FF03
76,99,100,#BCFF03
77,99,100,#B7FF03
78,99,100,#B3FF03
79,99,100,#AFFF03
80,99,100,#ABFF03
81,99,100,#A7FF03
82,99,100,#A2FF03
83,99,100,#9EFF03
84,99,100,#9AFF03
85,99,100,#96FF03
86,99,100,#92FF03
87,99,100,#8DFF03
88,99,100,#89FF03
89,99,100,#85FF03
90,99,100,#81FF03
91,99,100,#7DFF03
92,99,100,#78FF03
93,99,100,#74FF03
94,99,100,#70FF03
95,99,100,#6CFF03
96,99,100,#68FF03
97,99,100,#63FF03
98,99,100,#5FFF03
99,99,100,#5BFF03
100,99,100,#57FF03
101,99,100,#52FF03
102,99,100,#4EFF03
103,99,100,#4AFF03
104,99,100,#46FF03
105,99,100,#42FF03
106,99,100,#3DFF03
107,99,100,#39FF03
108,99,100,#35FF03
109,99,100,#31FF03
110,99,100,#2DFF03
111,99,100,#28FF03
112,99,100,#24FF03
113,99,100,#20FF03
114,99,100,#1CFF03
115,99,100,#18FF03
116,99,100,#13FF03
117,99,100,#0FFF03
118,99,100,#0BFF03
119,99,100,#07FF03
120,99,100,#03FF03
121,99,100,#03FF07
122,99,100,#03FF0B
123,99,100,#03FF0F
124,99,100,#03FF13
125,99,100,#03FF18
126,99,100,#03FF1C
127,99,100,#03FF20
128,99,100,#03FF24
129,99,100,#03FF28
130,99,100,#03FF2D
131,99,100,#03FF31
132,99,100,#03FF35
133,99,100,#03FF39
134,99,100,#03FF3D
135,99,100,#03FF42
136,99,100,#03FF46
137,99,100,#03FF4A
138,99,100,#03FF4E
139,99,100,#03FF52
140,99,100,#03FF57
141,99,100,#03FF5B
142,99,100,#03FF5F
143,99,100,#03FF63
144,99,100,#03FF68
145,99,100,#03FF6C
146,99,100,#03FF70
147,99,100,#03FF74
148,99,100,#03FF78
149,99,100,#03FF7D
150,99,100,#03FF81
151,99,100,#03FF85
152,99,100,#03FF89
153,99,100,#03FF8D
154,99,100,#03FF92
155,99,100,#03FF96
156,99,100,#03FF9A
157,99,100,#03FF9E
158,99,100,#03FFA2
159,99,100,#03FFA7
160,99,100,#03FFAB
161,99,100,#03FFAF
162,99,100,#03FFB3
163,99,100,#03FFB7
164,99,100,#03FFBC
165,99,100,#03FFC0
166,99,100,#03FFC4
167,99,100,#03FFC8
168,99,100,#03FFCD
169,99,100,#03FFD1
170,99,100,#03FFD5
171,99,100,#03FFD9
172,99,100,#03FFDD
173,99,100,#03FFE2
174,99,100,#03FFE6
175,99,100,#03FFEA
176,99,100,#03FFEE
177,99,100,#03FFF2
178,99,100,#03FFF7
179,99,100,#03FFFB
180,99,100,#03FFFF
181,99,100,#03FBFF
182,99,100,#03F7FF
183,99,100,#03F2FF
184,99,100,#03EEFF
185,99,100,#03EAFF
186,99,100,#03E6FF
187,99,100,#03E2FF
188,99,100,#03DDFF
189,99,100,#03D9FF
190,99,100,#03D5FF
191,99,100,#03D1FF
192,99,100,#03CDFF
193,99,100,#03C8FF
194,99,100,#03C4FF
195,99,100,#03C0FF
196,99,100,#03BCFF
197,99,100,#03B7FF
198,99,100,#03B3FF
199,99,100,#03AFFF
200,99,100,#03ABFF
201,99,100,#03A7FF
202,99,100,#03A2FF
203,99,100,#039EFF
204,99,100,#039AFF
205,99,100,#0396FF
206,99,100,#0392FF
207,99,100,#038DFF
208,99,100,#0389FF
209,99,100,#0385FF
210,99,100,#0381FF
211,99,100,#037DFF
212,99,100,#0378FF
213,99,100,#0374FF
214,99,100,#0370FF
215,99,100,#036CFF
216,99,100,#0368FF
217,99,100,#0363FF
218,99,100,#035FFF
219,99,100,#035BFF
220,99,100,#0357FF
221,99,100,#0352FF
222,99,100,#034EFF
223,99,100,#034AFF
224,99,100,#0346FF
225,99,100,#0342FF
226,99,100,#033DFF
227,99,100,#0339FF
228,99,100,#0335FF
229,99,100,#0331FF
230,99,100,#032DFF
231,99,100,#0328FF
232,99,100,#0324FF
233,99,100,#0320FF
234,99,100,#031CFF
235,99,100,#0318FF
236,99,100,#0313FF
237,99,100,#030FFF
238,99,100,#030BFF
239,99,100,#0307FF
240,99,100,#0303FF
241,99,100,#0703FF
242,99,100,#0B03FF
243,99,100,#0F03FF
244,99,100,#1303FF
245,99,100,#1803FF
246,99,100,#1C03FF
247,99,100,#2003FF
248,99,100,#2403FF
249,99,100,#2803FF
250,99,100,#2D03FF
251,99,100,#3103FF
252,99,100,#3503FF
253,99,100,#3903FF
254,99,100,#3D03FF
255,99,100,#4203FF
256,99,100,#4603FF
257,99,100,#4A03FF
258,99,100,#4E03FF
259,99,100,#5203FF
260,99,100,#5703FF
261,99,100,#5B03FF
262,99,100,#5F03FF
263,99,100,#6303FF
264,99,100,#6803FF
265,99,100,#6C03FF
266,99,100,#7003FF
267,99,100,#7403FF
268,99,100,#7803FF
269,99,100,#7D03FF
270,99,100,#8103FF
271,99,100,#8503FF
272,99,100,#8903FF
273,99,100,#8D03FF
274,99,100,#9203FF
275,99,100,#9603FF
276,99,100,#9A03FF
277,99,100,#9E03FF
278,99,100,#A203FF
279,99,100,#A703FF
280,99,100,#AB03FF
281,99,100,#AF03FF
282,99,100,#B303FF
283,99,100,#B703FF
284,99,100,#BC03FF
285,99,100,#C003FF
286,99,100,#C403FF
287,99,100,#C803FF
288,99,100,#CD03FF
289,99,100,#D103FF
290,99,100,#D503FF
291,99,100,#D903FF
292,99,100,#DD03FF
293,99,100,#E203FF
294,99,100,#E603FF
295,99,100,#EA03FF
296,99,100,#EE03FF
297,99,100,#F203FF
298,99,100,#F703FF
299,99,100,#FB03FF
300,99,100,#FF03FF
301,99,100,#FF03FB
302,99,100,#FF03F7
303,99,100,#FF03F2
304,99,100,#FF03EE
305,99,100,#FF03EA
306,99,100,#FF03E6
307,99,100,#FF03E2
308,99,100,#FF03DD
309,99,100,#FF03D9
310,99,100,#FF03D5
311,99,100,#FF03D1
312,99,100,#FF03CD
313,99,100,#FF03C8
314,99,100,#FF03C4
315,99,100,#FF03C0
316,99,100,#FF03BC
317,99,100,#FF03B7
318,99,100,#FF03B3
319,99,100,#FF03AF
320,99,100,#FF03AB
321,99,100,#FF03A7
322,99,100,#FF03A2
323,99,100,#FF039E
324,99,100,#FF039A
325,99,100,#FF0396
326,99,100,#FF0392
327,99,100,#FF038D
328,99,100,#FF0389
329,99,100,#FF0385
330,99,100,#FF0381
331,99,100,#FF037D
332,99,100,#FF0378
333,99,100,#FF0374
334,99,100,#FF0370
335,99,100,#FF036C
336,99,100,#FF0368
337,99,100,#FF0363
338,99,100,#FF035F
339,99,100,#FF035B
340,99,100,#FF0357
341,99,100,#FF0352
342,99,100,#FF034E
343,99,100,#FF034A
344,99,100,#FF0346
345,99,100,#FF0342
346,99,100,#FF033D
347,99,100,#FF0339
348,99,100,#FF0335
349,99,100,#FF0331
350,99,100,#FF032D
351,99,100,#FF0328
352,99,100,#FF0324
353,99,100,#FF0320
354,99,100,#FF031C
355,99,100,#FF0318
356,99,100,#FF0313
357,99,100,#FF030F
358,99,100,#FF030B
359,99,100,#FF0307
0,98,100,#FF0505
1,98,100,#FF0905
2,98,100,#FF0D05
3,98,100,#FF1205
4,98,100,#FF1605
5,98,100,#FF1A05
6,98,100,#FF1E05
7,98,100,#FF2205
8,98,100,#FF2605
9,98,100,#FF2B05
10,98,100,#FF2F05
11,98,100,#FF3305
12,98,100,#FF3705
13,98,100,#FF3B05
14,98,100,#FF3F05
15,98,100,#FF4405
16,98,100,#FF4805
17,98,100,#FF4C05
18,98,100,#FF5005
19,98,100,#FF5405
20,98,100,#FF5805
21,98,100,#FF5D05
22,98,100,#FF6105
23,98,100,#FF6505
24,98,100,#FF6905
25,98,100,#FF6D05
26,98,100,#FF7105
27,98,100,#FF7605
28,98,100,#FF7A05
29,98,100,#FF7E05
30,98,100,#FF8205
31,98,100,#FF8605
32,98,100,#FF8A05
33,98,100,#FF8F05
34,98,100,#FF9305
35,98,100,#FF9705
36,98,100,#FF9B05
37,98,100,#FF9F05
38,98,100,#FFA305
39,98,100,#FFA805
40,98,100,#FFAC05
41,98,100,#FFB005
42,98,100,#FFB405
43,98,100,#FFB805
44,98,100,#FFBC05
45,98,100,#FFC105
46,98,100,#FFC505
47,98,100,#FFC905
48,98,100,#FFCD05
49,98,100,#FFD105
50,98,100,#FFD505
51,98,100,#FFDA05
52,98,100,#FFDE05
53,98,100,#FFE205
54,98,100,#FFE605
55,98,100,#FFEA05
56,98,100,#FFEE05
57,98,100,#FFF305
58,98,100,#FFF705
59,98,100,#FFFB05
60,98,100,#FFFF05
61,98,100,#FBFF05
62,98,100,#F7FF05
63,98,100,#F3FF05
64,98,100,#EEFF05
65,98,100,#EAFF05
66,98,100,#E6FF05
67,98,100,#E2FF05
68,98,100,#DEFF05
69,98,100,#DAFF05
70,98,100,#D5FF05
71,98,100,#D1FF05
72,98,100,#CDFF05
73,98,100,#C9FF05
74,98,100,#C5FF05
75,98,100,#C1FF05
76,98,100,#BCFF05
77,98,100,#B8FF05
78,98,100,#B4FF05
79,98,100,#B0FF05
80,98,100,#ACFF05
81,98,100,#A8FF05
82,98,100,#A3FF05
83,98,100,#9FFF05
84,98,100,#9BFF05
85,98,100,#97FF05
86,98,100,#93FF05
87,98,100,#8FFF05
88,98,100,#8AFF05
89,98,100,#86FF05
90,98,100,#82FF05
91,98,100,#7EFF05
92,98,100,#7AFF05
93,98,100,#76FF05
94,98,100,#71FF05
95,98,100,#6DFF05
96,98,100,#69FF05
97,98,100,#65FF05
98,98,100,#61FF05
99,98,100,#5DFF05
100,98,100,#58FF05
101,98,100,#54FF05
102,98,100,#50FF05
103,98,100,#4CFF05
104,98,100,#48FF05
105,98,100,#44FF05
106,98,100,#3FFF05
107,98,100,#3BFF05
108,98,100,#37FF05
109,98,100,#33FF05
110,98,100,#2FFF05
111,98,100,#2BFF05
112,98,100,#26FF05
113,98,100,#22FF05
114,98,100,#1EFF05
115,98,100,#1AFF05
116,98,100,#16FF05
117,98,100,#12FF05
118,98,100,#0DFF05
119,98,100,#09FF05
120,98,100,#05FF05
121,98,100,#05FF09
122,98,100,#05FF0D
123,98,100,#05FF12
124,98,100,#05FF16
125,98,100,#05FF1A
126,98,100,#05FF1E
127,98,100,#05FF22
128,98,100,#05FF26
129,98,100,#05FF2B
130,98,100,#05FF2F
131,98,100,#05FF33
132,98,100,#05FF37
133,98,100,#05FF3B
134,98,100,#05FF3F
135,98,100,#05FF44
136,98,100,#05FF48
137,98,100,#05FF4C
138,98,100,#05FF50
139,98,100,#05FF54
140,98,100,#05FF58
141,98,100,#05FF5D
142,98,100,#05FF61
143,98,100,#05FF65
144,98,100,#05FF69
145,98,100,#05FF6D
146,98,100,#05FF71
147,98,100,#05FF76
148,98,100,#05FF7A
149,98,100,#05FF7E
150,98,100,#05FF82
151,98,100,#05FF86
152,98,100,#05FF8A
153,98,100,#05FF8F
154,98,100,#05FF93
155,98,100,#05FF97
156,98,100,#05FF9B
157,98,100,#05FF9F
158,98,100,#05FFA3
159,98,100,#05FFA8
160,98,100,#05FFAC
161,98,100,#05FFB0
162,98,100,#05FFB4
163,98,100,#05FFB8
164,98,100,#05FFBC
165,98,100,#05FFC1
166,98,100,#05FFC5
167,98,100,#05FFC9
168,98,100,#05FFCD
169,98,100,#05FFD1
170,98,100,#05FFD5
171,98,100,#05FFDA
172,98,100,#05FFDE
173,98,100,#05FFE2
174,98,100,#05FFE6
175,98,100,#05FFEA
176,98,100,#05FFEE
177,98,100,#05FFF3
178,98,100,#05FFF7
179,98,100,#05FFFB
180,98,100,#05FFFF
181,98,100,#05FBFF
182,98,100,#05F7FF
183,98,100,#05F3FF
184,98,100,#05EEFF
185,98,100,#05EAFF
186,98,100,#05E6FF
187,98,100,#05E2FF
188,98,100,#05DEFF
189,98,100,#05DAFF
190,98,100,#05D5FF
191,98,100,#05D1FF
192,98,100,#05CDFF
193,98,100,#05C9FF
194,98,100,#05C5FF
195,98,100,#05C1FF
196,98,100,#05BCFF
197,98,100,#05B8FF
198,98,100,#05B4FF
199,98,100,#05B0FF
200,98,100,#05ACFF
201,98,100,#05A8FF
202,98,100,#05A3FF
203,98,100,#059FFF
204,98,100,#059BFF
205,98,100,#0597FF
206,98,100,#0593FF
207,98,100,#058FFF
208,98,100,#058AFF
209,98,100,#0586FF
210,98,100,#0582FF
211,98,100,#057EFF
212,98,100,#057AFF
213,98,100,#0576FF
214,98,100,#0571FF
215,98,100,#056DFF
216,98,100,#0569FF
217,98,100,#0565FF
218,98,100,#0561FF
219,98,100,#055DFF
220,98,100,#0558FF
221,98,100,#0554FF
222,98,100,#0550FF
223,98,100,#054CFF
224,98,100,#0548FF
225,98,100,#0544FF
226,98,100,#053FFF
227,98,100,#053BFF
228,98,100,#0537FF
229,98,100,#0533FF
230,98,100,#052FFF
231,98,100,#052BFF
232,98,100,#0526FF
233,98,100,#0522FF
234,98,100,#051EFF
235,98,100,#051AFF
236,98,100,#0516FF
237,98,100,#0512FF
238,98,100,#050DFF
239,98,100,#0509FF
240,98,100,#0505FF
241,98,100,#0905FF
242,98,100,#0D05FF
243,98,100,#1205FF
244,98,100,#1605FF
245,98,100,#1A05FF
246,98,100,#1E05FF
247,98,100,#2205FF
248,98,100,#2605FF
249,98,100,#2B05FF
250,98,100,#2F05FF
251,98,100,#3305FF
252,98,100,#3705FF
253,98,100,#3B05FF
254,98,100,#3F05FF
255,98,100,#4405FF
256,98,100,#4805FF
257,98,100,#4C05FF
258,98,100,#5005FF
259,98,100,#5405FF
260,98,100,#5805FF
261,98,100,#5D05FF
262,98,100,#6105FF
263,98,100,#6505FF
264,98,100,#6905FF
265,98,100,#6D05FF
266,98,100,#7105FF
267,98,100,#7605FF
268,98,100,#7A05FF
269,98,100,#7E05FF
270,98,100,#8205FF
271,98,100,#8605FF
272,98,100,#8A05FF
273,98,100,#8F05FF
274,98,100,#9305FF
275,98,100,#9705FF
276,98,100,#9B05FF
277,98,100,#9F05FF
278,98,100,#A305FF
279,98,100,#A805FF
280,98,100,#AC05FF
281,98,100,#B005FF
282,98,100,#B405FF
283,98,100,#B805FF
284,98,100,#BC05FF
285,98,100,#C105FF
286,98,100,#C505FF
287,98,100,#C905FF
288,98,100,#CD05FF
289,98,100,#D105FF
290,98,100,#D505FF
291,98,100,#DA05FF
292,98,100,#DE05FF
293,98,100,#E205FF
294,98,100,#E605FF
295,98,100,#EA05FF
296,98,100,#EE05FF
297,98,100,#F305FF
298,98,100,#F705FF
299,98,100,#FB05FF
300,98,100,#FF05FF
301,98,100,#FF05FB
302,98,100,#FF05F7
303,98,100,#FF05F3
304,98,100,#FF05EE
305,98,100,#FF05EA
306,98,100,#FF05E6
307,98,100,#FF05E2
308,98,100,#FF05DE
309,98,100,#FF05DA
310,98,100,#FF05D5
311,98,100,#FF05D1
312,98,100,#FF05CD
313,98,100,#FF05C9
314,98,100,#FF05C5
315,98,100,#FF05C1
316,98,100,#FF05BC
317,98,100,#FF05B8
318,98,100,#FF05B4
319,98,100,#FF05B0
320,98,100,#FF05AC
321,98,100,#FF05A8
322,98,100,#FF05A3
323,98,100,#FF059F
324,98,100,#FF059B
325,98,100,#FF0597
326,98,100,#FF0593
327,98,100,#FF058F
328,98,100,#FF058A
329,98,100,#FF0586
330,98,100,#FF0582
331,98,100,#FF057E
332,98,100,#FF057A
333,98,100,#FF0576
334,98,100,#FF0571
335,98,100,#FF056D
336,98,100,#FF0569
337,98,100,#FF0565
338,98,100,#FF0561
339,98,100,#FF055D
340,98,100,#FF0558
341,98,100,#FF0554
342,98,100,#FF0550
343,98,100,#FF054C
344,98,100,#FF0548
345,98,100,#FF0544
346,98,100,#FF053F
347,98,100,#FF053B
348,98,100,#FF0537
349,98,100,#FF0533
350,98,100,#FF052F
351,98,100,#FF052B
352,98,100,#FF0526
353,98,100,#FF0522
354,98,100,#FF051E
355,98,100,#FF051A
356,98,100,#FF0516
357,98,100,#FF0512
358,98,100,#FF050D
359,98,100,#FF0509
0,97,100,#FF0808
1,97,100,#FF0C08
2,97,100,#FF1008
3,97,100,#FF1408
4,97,100,#FF1808
5,97,100,#FF1C08
6,97,100,#FF2008
7,97,100,#FF2508
8,97,100,#FF2908
9,97,100,#FF2D08
10,97,100,#FF3108
11,97,100,#FF3508
12,97,100,#FF3908
13,97,100,#FF3D08
14,97,100,#FF4108
15,97,100,#FF4508
16,97,100,#FF4A08
17,97,100,#FF4E08
18,97,100,#FF5208
19,97,100,#FF5608
20,97,100,#FF5A08
21,97,100,#FF5E08
22,97,100,#FF6208
23,97,100,#FF6608
24,97,100,#FF6B08
25,97,100,#FF6F08
26,97,100,#FF7308
27,97,100,#FF7708
28,97,100,#FF7B08
29,97,100,#FF7F08
30,97,100,#FF8308
31,97,100,#FF8708
32,97,100,#FF8C08
33,97,100,#FF9008
34,97,100,#FF9408
35,97,100,#FF9808
36,97,100,#FF9C08
37,97,100,#FFA008
38,97,100,#FFA408
39,97,100,#FFA808
40,97,100,#FFAD08
41,97,100,#FFB108
42,97,100,#FFB508
43,97,100,#FFB908
44,97,100,#FFBD08
45,97,100,#FFC108
46,97,100,#FFC508
47,97,100,#FFC908
48,97,100,#FFCE08
49,97,100,#FFD208
50,97,100,#FFD608
51,97,100,#FFDA08
52,97,100,#FFDE08
53,97,100,#FFE208
54,97,100,#FFE608
55,97,100,#FFEA08
56,97,100,#FFEF08
57,97,100,#FFF308
58,97,100,#FFF708
59,97,100,#FFFB08
60,97,100,#FFFF08
61,97,100,#FBFF08
62,97,100,#F7FF08
63,97,100,#F3FF08
64,97,100,#EFFF08
65,97,100,#EAFF08
66,97,100,#E6FF08
67,97,100,#E2FF08
68,97,100,#DEFF08
69,97,100,#DAFF08
70,97,100,#D6FF08
71,97,100,#D2FF08
72,97,100,#CEFF08
73,97,100,#C9FF08
74,97,100,#C5FF08
75,97,100,#C1FF08
76,97,100,#BDFF08
77,97,100,#B9FF08
78,97,100,#B5FF08
79,97,100,#B1FF08
80,97,100,#ADFF08
81,97,100,#A8FF08
82,97,100,#A4FF08
83,97,100,#A0FF08
84,97,100,#9CFF08
85,97,100,#98FF08
86,97,100,#94FF08
87,97,100,#90FF08
88,97,100,#8CFF08
89,97,100,#87FF08
90,97,100,#83FF08
91,97,100,#7FFF08
92,97,100,#7BFF08
93,97,100,#77FF08
94,97,100,#73FF08
95,97,100,#6FFF08
96,97,100,#6BFF08
97,97,100,#66FF08
98,97,100,#62FF08
99,97,100,#5EFF08
100,97,100,#5AFF08
101,97,100,#56FF08
102,97,100,#52FF08
103,97,100,#4EFF08
104,97,100,#4AFF08
105,97,100,#45FF08
106,97,100,#41FF08
107,97,100,#3DFF08
108,97,100,#39FF08
109,97,100,#35FF08
110,97,100,#31FF08
111,97,100,#2DFF08
112,97,100,#29FF08
113,97,100,#25FF08
114,97,100,#20FF08
115,97,100,#1CFF08
116,97,100,#18FF08
117,97,100,#14FF08
118,97,100,#10FF08
119,97,100,#0CFF08
120,97,100,#08FF08
121,97,100,#08FF0C
122,97,100,#08FF10
123,97,100,#08FF14
124,97,100,#08FF18
125,97,100,#08FF1C
126,97,100,#08FF20
127,97,100,#08FF25
128,97,100,#08FF29
129,97,100,#08FF2D
130,97,100,#08FF31
131,97,100,#08FF35
132,97,100,#08FF39
133,97,100,#08FF3D
134,97,100,#08FF41
135,97,100,#08FF45
136,97,100,#08FF4A
137,97,100,#08FF4E
138,97,100,#08FF52
139,97,100,#08FF56
140,97,100,#08FF5A
141,97,100,#08FF5E
142,97,100,#08FF62
143,97,100,#08FF66
144,97,100,#08FF6B
145,97,100,#08FF6F
146,97,100,#08FF73
147,97,100,#08FF77
148,97,100,#08FF7B
149,97,100,#08FF7F
150,97,100,#08FF83
151,97,100,#08FF87
152,97,100,#08FF8C
153,97,100,#08FF90
154,97,100,#08FF94
155,97,100,#08FF98
156,97,100,#08FF9C
157,97,100,#08FFA0
158,97,100,#08FFA4
159,97,100,#08FFA8
160,97,100,#08FFAD
161,97,100,#08FFB1
162,97,100,#08FFB5
163,97,100,#08FFB9
164,97,100,#08FFBD
165,97,100,#08FFC1
166,97,100,#08FFC5
167,97,100,#08FFC9
168,97,100,#08FFCE
169,97,100,#08FFD2
170,97,100,#08FFD6
171,97,100,#08FFDA
172,97,100,#08FFDE
173,97,100,#08FFE2
174,97,100,#08FFE6
175,97,100,#08FFEA
176,97,100,#08FFEF
177,97,100,#08FFF3
178,97,100,#08FFF7
179,97,100,#08FFFB
180,97,100,#08FFFF
181,97,100,#08FBFF
182,97,100,#08F7FF
183,97,100,#08F3FF
184,97,100,#08EFFF
185,97,100,#08EAFF
186,97,100,#08E6FF
187,97,100,#08E2FF
188,97,100,#08DEFF
189,97,100,#08DAFF
190,97,100,#08D6FF
191,97,100,#08D2FF
192,97,100,#08CEFF
193,97,100,#08C9FF
194,97,100,#08C5FF
195,97,100,#08C1FF
196,97,100,#08BDFF
197,97,100,#08B9FF
198,97,100,#08B5FF
199,97,100,#08B1FF
200,97,100,#08ADFF
201,97,100,#08A8FF
202,97,100,#08A4FF
203,97,100,#08A0FF
204,97,100,#089CFF
205,97,100,#0898FF
206,97,100,#0894FF
207,97,100,#0890FF
208,97,100,#088CFF
209,97,100,#0887FF
210,97,100,#0883FF
211,97,100,#087FFF
212,97,100,#087BFF
213,97,100,#0877FF
214,97,100,#0873FF
215,97,100,#086FFF
216,97,100,#086BFF
217,97,100,#0866FF
218,97,100,#0862FF
219,97,100,#085EFF
220,97,100,#085AFF
221,97,100,#0856FF
222,97,100,#0852FF
223,97,100,#084EFF
224,97,100,#084AFF
225,97,100,#0845FF
226,97,100,#0841FF
227,97,100,#083DFF
228,97,100,#0839FF
229,97,100,#0835FF
230,97,100,#0831FF
231,97,100,#082DFF
232,97,100,#0829FF
233,97,100,#0825FF
234,97,100,#0820FF
235,97,100,#081CFF
236,97,100,#0818FF
237,97,100,#0814FF
238,97,100,#0810FF
239,97,100,#080CFF
240,97,100,#0808FF
241,97,100,#0C08FF
242,97,100,#1008FF
243,97,100,#1408FF
244,97,100,#1808FF
245,97,100,#1C08FF
246,97,100,#2008FF
247,97,100,#2508FF
248,97,100,#2908FF
249,97,100,#2D08FF
250,97,100,#3108FF
251,97,100,#3508FF
252,97,100,#3908FF
253,97,100,#3D08FF
254,97,100,#4108FF
255,97,100,#4508FF
256,97,100,#4A08FF
257,97,100,#4E08FF
258,97,100,#5208FF
259,97,100,#5608FF
260,97,100,#5A08FF
261,97,100,#5E08FF
262,97,100,#6208FF
263,97,100,#6608FF
264,97,100,#6B08FF
265,97,100,#6F08FF
266,97,100,#7308FF
267,97,100,#7708FF
268,97,100,#7B08FF
269,97,100,#7F08FF
270,97,100,#8308FF
271,97,100,#8708FF
272,97,100,#8C08FF
273,97,100,#9008FF
274,97,100,#9408FF
275,97,100,#9808FF
276,97,100,#9C08FF
277,97,100,#A008FF
278,97,100,#A408FF
279,97,100,#A808FF
280,97,100,#AD08FF
281,97,100,#B108FF
282,97,100,#B508FF
283,97,100,#B908FF
284,97,100,#BD08FF
285,97,100,#C108FF
286,97,100,#C508FF
287,97,100,#C908FF
288,97,100,#CE08FF
289,97,100,#D208FF
290,97,100,#D608FF
291,97,100,#DA08FF
292,97,100,#DE08FF
293,97,100,#E208FF
294,97,100,#E608FF
295,97,100,#EA08FF
296,97,100,#EF08FF
297,97,100,#F308FF
298,97,100,#F708FF
299,97,100,#FB08FF
300,97,100,#FF08FF
301,97,100,#FF08FB
302,97,100,#FF08F7
303,97,100,#FF08F3
304,97,100,#FF08EF
305,97,100,#FF08EA
306,97,100,#FF08E6
307,97,100,#FF08E2
308,97,100,#FF08DE
309,97,100,#FF08DA
310,97,100,#FF08D6
311,97,100,#FF08D2
312,97,100,#FF08CE
313,97,100,#FF08C9
314,97,100,#FF08C5
315,97,100,#FF08C1
316,97,100,#FF08BD
317,97,100,#FF08B9
318,97,100,#FF08B5
319,97,100,#FF08B1
320,97,100,#FF08AD
321,97,100,#FF08A8
322,97,100,#FF08A4
323,97,100,#FF08A0
324,97,100,#FF089C
325,97,100,#FF0898
326,97,100,#FF0894
327,97,100,#FF0890
328,97,100,#FF088C
329,97,100,#FF0887
330,97,100,#FF0883
331,97,100,#FF087F
332,97,100,#FF087B
333,97,100,#FF0877
334,97,100,#FF0873
335,97,100,#FF086F
336,97,100,#FF086B
337,97,100,#FF0866
338,97,100,#FF0862
339,97,100,#FF085E
340,97,100,#FF085A
341,97,100,#FF0856
342,97,100,#FF0852
343,97,100,#FF084E
344,97,100,#FF084A
345,97,100,#FF0845
346,97,100,#FF0841
347,97,100,#FF083D
348,97,100,#FF0839
349,97,100,#FF0835
350,97,100,#FF0831
351,97,100,#FF082D
352,97,100,#FF0829
353,97,100,#FF0825
354,97,100,#FF0820
355,97,100,#FF081C
356,97,100,#FF0818
357,97,100,#FF0814
358,97,100,#FF0810
359,97,100,#FF080C
0,96,100,#FF0A0A
1,96,100,#FF0E0A
2,96,100,#FF120A
3,96,100,#FF160A
4,96,100,#FF1B0A
5,96,100,#FF1F0A
6,96,100,#FF230A
7,96,100,#FF270A
8,96,100,#FF2B0A
9,96,100,#FF2F0A
10,96,100,#FF330A
11,96,100,#FF370A
12,96,100,#FF3B0A
13,96,100,#FF3F0A
14,96,100,#FF430A
15,96,100,#FF470A
16,96,100,#FF4B0A
17,96,100,#FF500A
18,96,100,#FF540A
19,96,100,#FF580A
20,96,100,#FF5C0A
21,96,100,#FF600A
22,96,100,#FF640A
23,96,100,#FF680A
24,96,100,#FF6C0A
25,96,100,#FF700A
26,96,100,#FF740A
27,96,100,#FF780A
28,96,100,#FF7C0A
29,96,100,#FF810A
30,96,100,#FF850A
31,96,100,#FF890A
32,96,100,#FF8D0A
33,96,100,#FF910A
34,96,100,#FF950A
35,96,100,#FF990A
36,96,100,#FF9D0A
37,96,100,#FFA10A
38,96,100,#FFA50A
39,96,100,#FFA90A
40,96,100,#FFAD0A
41,96,100,#FFB10A
42,96,100,#FFB60A
43,96,100,#FFBA0A
44,96,100,#FFBE0A
45,96,100,#FFC20A
46,96,100,#FFC60A
47,96,100,#FFCA0A
48,96,100,#FFCE0A
49,96,100,#FFD20A
50,96,100,#FFD60A
51,96,100,#FFDA0A
52,96,100,#FFDE0A
53,96,100,#FFE20A
54,96,100,#FFE70A
55,96,100,#FFEB0A
56,96,100,#FFEF0A
57,96,100,#FFF30A
58,96,100,#FFF70A
59,96,100,#FFFB0A
60,96,100,#FFFF0A
61,96,100,#FBFF0A
62,96,100,#F7FF0A
63,96,100,#F3FF0A
64,96,100,#EFFF0A
65,96,100,#EBFF0A
66,96,100,#E7FF0A
67,96,100,#E2FF0A
68,96,100,#DEFF0A
69,96,100,#DAFF0A
70,96,100,#D6FF0A
71,96,100,#D2FF0A
72,96,100,#CEFF0A
73,96,100,#CAFF0A
74,96,100,#C6FF0A
75,96,100,#C2FF0A
76,96,100,#BEFF0A
77,96,100,#BAFF0A
78,96,100,#B6FF0A
79,96,100,#B1FF0A
80,96,100,#ADFF0A
81,96,100,#A9FF0A
82,96,100,#A5FF0A
83,96,100,#A1FF0A
84,96,100,#9DFF0A
85,96,100,#99FF0A
86,96,100,#95FF0A
87,96,100,#91FF0A
88,96,100,#8DFF0A
89,96,100,#89FF0A
90,96,100,#85FF0A
91,96,100,#81FF0A
92,96,100,#7CFF0A
93,96,100,#78FF0A
94,96,100,#74FF0A
95,96,100,#70FF0A
96,96,100,#6CFF0A
97,96,100,#68FF0A
98,96,100,#64FF0A
99,96,100,#60FF0A
100,96,100,#5CFF0A
101,96,100,#58FF0A
102,96,100,#54FF0A
103,96,100,#50FF0A
104,96,100,#4BFF0A
105,96,100,#47FF0A
106,96,100,#43FF0A
107,96,100,#3FFF0A
108,96,100,#3BFF0A
109,96,100,#37FF0A
110,96,100,#33FF0A
111,96,100,#2FFF0A
112,96,100,#2BFF0A
113,96,100,#27FF0A
114,96,100,#23FF0A
115,96,100,#1FFF0A
116,96,100,#1BFF0A
117,96,100,#16FF0A
118,96,100,#12FF0A
119,96,100,#0EFF0A
120,96,100,#0AFF0A
121,96,100,#0AFF0E
122,96,100,#0AFF12
123,96,100,#0AFF16
124,96,100,#0AFF1B
125,96,100,#0AFF1F
126,96,100,#0AFF23
127,96,100,#0AFF27
128,96,100,#0AFF2B
129,96,100,#0AFF2F
130,96,100,#0AFF33
131,96,100,#0AFF37
132,96,100,#0AFF3B
133,96,100,#0AFF3F
134,96,100,#0AFF43
135,96,100,#0AFF47
136,96,100,#0AFF4B
137,96,100,#0AFF50
138,96,100,#0AFF54
139,96,100,#0AFF58
140,96,100,#0AFF5C
141,96,100,#0AFF60
142,96,100,#0AFF64
143,96,100,#0AFF68
144,96,100,#0AFF6C
145,96,100,#0AFF70
146,96,100,#0AFF74
147,96,100,#0AFF78
148,96,100,#0AFF7C
149,96,100,#0AFF81
150,96,100,#0AFF85
151,96,100,#0AFF89
152,96,100,#0AFF8D
153,96,100,#0AFF91
154,96,100,#0AFF95
155,96,100,#0AFF99
156,96,100,#0AFF9D
157,96,100,#0AFFA1
158,96,100,#0AFFA5
159,96,100,#0AFFA9
160,96,100,#0AFFAD
161,96,100,#0AFFB1
162,96,100,#0AFFB6
163,96,100,#0AFFBA
164,96,100,#0AFFBE
165,96,100,#0AFFC2
166,96,100,#0AFFC6
167,96,100,#0AFFCA
168,96,100,#0AFFCE
169,96,100,#0AFFD2
170,96,100,#0AFFD6
171,96,100,#0AFFDA
172,96,100,#0AFFDE
173,96,100,#0AFFE2
174,96,100,#0AFFE7
175,96,100,#0AFFEB
176,96,100,#0AFFEF
177,96,100,#0AFFF3
178,96,100,#0AFFF7
179,96,100,#0AFFFB
180,96,100,#0AFFFF
181,96,100,#0AFBFF
182,96,100,#0AF7FF
183,96,100,#0AF3FF
184,96,100,#0AEFFF
185,96,100,#0AEBFF
186,96,100,#0AE7FF
187,96,100,#0AE2FF
188,96,100,#0ADEFF
189,96,100,#0ADAFF
190,96,100,#0AD6FF
191,96,100,#0AD2FF
192,96,100,#0ACEFF
193,96,100,#0ACAFF
194,96,100,#0AC6FF
195,96,100,#0AC2FF
196,96,100,#0ABEFF
197,96,100,#0ABAFF
198,96,100,#0AB6FF
199,96,100,#0AB1FF
200,96,100,#0AADFF
201,96,100,#0AA9FF
202,96,100,#0AA5FF
203,96,100,#0AA1FF
204,96,100,#0A9DFF
205,96,100,#0A99FF
206,96,100,#0A95FF
207,96,100,#0A91FF
208,96,100,#0A8DFF
209,96,100,#0A89FF
210,96,100,#0A85FF
211,96,100,#0A81FF
212,96,100,#0A7CFF
213,96,100,#0A78FF
214,96,100,#0A74FF
215,96,100,#0A70FF
216,96,100,#0A6CFF
217,96,100,#0A68FF
218,96,100,#0A64FF
219,96,100,#0A60FF
220,96,100,#0A5CFF
221,96,100,#0A58FF
222,96,100,#0A54FF
223,96,100,#0A50FF
224,96,100,#0A4BFF
225,96,100,#0A47FF
226,96,100,#0A43FF
227,96,100,#0A3FFF
228,96,100,#0A3BFF
229,96,100,#0A37FF
230,96,100,#0A33FF
231,96,100,#0A2FFF
232,96,100,#0A2BFF
233,96,100,#0A27FF
234,96,100,#0A23FF
235,96,100,#0A1FFF
236,96,100,#0A1BFF
237,96,100,#0A16FF
238,96,100,#0A12FF
239,96,100,#0A0EFF
240,96,100,#0A0AFF
241,96,100,#0E0AFF
242,96,100,#120AFF
243,96,100,#160AFF
244,96,100,#1B0AFF
245,96,100,#1F0AFF
246,96,100,#230AFF
247,96,100,#270AFF
248,96,100,#2B0AFF
249,96,100,#2F0AFF
250,96,100,#330AFF
251,96,100,#370AFF
252,96,100,#3B0AFF
253,96,100,#3F0AFF
254,96,100,#430AFF
255,96,100,#470AFF
256,96,100,#4B0AFF
257,96,100,#500AFF
258,96,100,#540AFF
259,96,100,#580AFF
260,96,100,#5C0AFF
261,96,100,#600AFF
262,96,100,#640AFF
263,96,100,#680AFF
264,96,100,#6C0AFF
265,96,100,#700AFF
266,96,100,#740AFF
267,96,100,#780AFF
268,96,100,#7C0AFF
269,96,100,#810AFF
270,96,100,#850AFF
271,96,100,#890AFF
272,96,100,#8D0AFF
273,96,100,#910AFF
274,96,100,#950AFF
275,96,100,#990AFF
276,96,100,#9D0AFF
277,96,100,#A10AFF
278,96,100,#A50AFF
279,96,100,#A90AFF
280,96,100,#AD0AFF
281,96,100,#B10AFF
282,96,100,#B60AFF
283,96,100,#BA0AFF
284,96,100,#BE0AFF
285,96,100,#C20AFF
286,96,100,#C60AFF
287,96,100,#CA0AFF
288,96,100,#CE0AFF
289,96,100,#D20AFF
290,96,100,#D60AFF
291,96,100,#DA0AFF
292,96,100,#DE0AFF
293,96,100,#E20AFF
294,96,100,#E70AFF
295,96,100,#EB0AFF
296,96,100,#EF0AFF
297,96,100,#F30AFF
298,96,100,#F70AFF
299,96,100,#FB0AFF
300,96,100,#FF0AFF
301,96,100,#FF0AFB
302,96,100,#FF0AF7
303,96,100,#FF0AF3
304,96,100,#FF0AEF
305,96,100,#FF0AEB
306,96,100,#FF0AE7
307,96,100,#FF0AE2
308,96,100,#FF0ADE
309,96,100,#FF0ADA
310,96,100,#FF0AD6
311,96,100,#FF0AD2
312,96,100,#FF0ACE
313,96,100,#FF0ACA
314,96,100,#FF0AC6
315,96,100,#FF0AC2
316,96,100,#FF0ABE
317,96,100,#FF0ABA
318,96,100,#FF0AB6
319,96,100,#FF0AB1
320,96,100,#FF0AAD
321,96,100,#FF0AA9
322,96,100,#FF0AA5
323,96,100,#FF0AA1
324,96,100,#FF0A9D
325,96,100,#FF0A99
326,96,100,#FF0A95
327,96,100,#FF0A91
328,96,100,#FF0A8D
329,96,100,#FF0A89
330,96,100,#FF0A85
331,96,100,#FF0A81
332,96,100,#FF0A7C
333,96,100,#FF0A78
334,96,100,#FF0A74
335,96,100,#FF0A70
336,96,100,#FF0A6C
337,96,100,#FF0A68
338,96,100,#FF0A64
339,96,100,#FF0A60
340,96,100,#FF0A5C
341,96,100,#FF0A58
342,96,100,#FF0A54
343,96,100,#FF0A50
344,96,100,#FF0A4B
345,96,100,#FF0A47
346,96,100,#FF0A43
347,96,100,#FF0A3F
348,96,100,#FF0A3B
349,96,100,#FF0A37
350,96,100,#FF0A33
351,96,100,#FF0A2F
352,96,100,#FF0A2B
353,96,100,#FF0A27
354,96,100,#FF0A23
355,96,100,#FF0A1F
356,96,100,#FF0A1B
357,96,100,#FF0A16
358,96,100,#FF0A12
359,96,100,#FF0A0E
0,95,100,#FF0D0D
1,95,100,#FF110D
2,95,100,#FF150D
3,95,100,#FF190D
4,95,100,#FF1D0D
5,95,100,#FF210D
6,95,100,#FF250D
7,95,100,#FF290D
8,95,100,#FF2D0D
9,95,100,#FF310D
10,95,100,#FF350D
11,95,100,#FF390D
12,95,100,#FF3D0D
13,95,100,#FF410D
14,95,100,#FF450D
15,95,100,#FF490D
16,95,100,#FF4D0D
17,95,100,#FF510D
18,95,100,#FF550D
19,95,100,#FF590D
20,95,100,#FF5D0D
21,95,100,#FF620D
22,95,100,#FF660D
23,95,100,#FF6A0D
24,95,100,#FF6E0D
25,95,100,#FF720D
26,95,100,#FF760D
27,95,100,#FF7A0D
28,95,100,#FF7E0D
29,95,100,#FF820D
30,95,100,#FF860D
31,95,100,#FF8A0D
32,95,100,#FF8E0D
33,95,100,#FF920D
34,95,100,#FF960D
35,95,100,#FF9A0D
36,95,100,#FF9E0D
37,95,100,#FFA20D
38,95,100,#FFA60D
39,95,100,#FFAA0D
40,95,100,#FFAE0D
41,95,100,#FFB20D
42,95,100,#FFB60D
43,95,100,#FFBA0D
44,95,100,#FFBE0D
45,95,100,#FFC20D
46,95,100,#FFC60D
47,95,100,#FFCB0D
48,95,100,#FFCF0D
49,95,100,#FFD30D
50,95,100,#FFD70D
51,95,100,#FFDB0D
52,95,100,#FFDF0D
53,95,100,#FFE30D
54,95,100,#FFE70D
55,95,100,#FFEB0D
56,95,100,#FFEF0D
57,95,100,#FFF30D
58,95,100,#FFF70D
59,95,100,#FFFB0D
60,95,100,#FFFF0D
61,95,100,#FBFF0D
62,95,100,#F7FF0D
63,95,100,#F3FF0D
64,95,100,#EFFF0D
65,95,100,#EBFF0D
66,95,100,#E7FF0D
67,95,100,#E3FF0D
68,95,100,#DFFF0D
69,95,100,#DBFF0D
70,95,100,#D7FF0D
71,95,100,#D3FF0D
72,95,100,#CFFF0D
73,95,100,#CBFF0D
74,95,100,#C6FF0D
75,95,100,#C2FF0D
76,95,100,#BEFF0D
77,95,100,#BAFF0D
78,95,100,#B6FF0D
79,95,100,#B2FF0D
80,95,100,#AEFF0D
81,95,100,#AAFF0D
82,95,100,#A6FF0D
83,95,100,#A2FF0D
84,95,100,#9EFF0D
85,95,100,#9AFF0D
86,95,100,#96FF0D
87,95,100,#92FF0D
88,95,100,#8EFF0D
89,95,100,#8AFF0D
90,95,100,#86FF0D
91,95,100,#82FF0D
92,95,100,#7EFF0D
93,95,100,#7AFF0D
94,95,100,#76FF0D
95,95,100,#72FF0D
96,95,100,#6EFF0D
97,95,100,#6AFF0D
98,95,100,#66FF0D
99,95,100,#62FF0D
100,95,100,#5DFF0D
101,95,100,#59FF0D
102,95,100,#55FF0D
103,95,100,#51FF0D
104,95,100,#4DFF0D
105,95,100,#49FF0D
106,95,100,#45FF0D
107,95,100,#41FF0D
108,95,100,#3DFF0D
109,95,100,#39FF0D
110,95,100,#35FF0D
111,95,100,#31FF0D
112,95,100,#2DFF0D
113,95,100,#29FF0D
114,95,100,#25FF0D
115,95,100,#21FF0D
116,95,100,#1DFF0D
117,95,100,#19FF0D
118,95,100,#15FF0D
119,95,100,#11FF0D
120,95,100,#0DFF0D
121,95,100,#0DFF11
122,95,100,#0DFF15
123,95,100,#0DFF19
124,95,100,#0DFF1D
125,95,100,#0DFF21
126,95,100,#0DFF25
127,95,100,#0DFF29
128,95,100,#0DFF2D
129,95,100,#0DFF31
130,95,100,#0DFF35
131,95,100,#0DFF39
132,95,100,#0DFF3D
133,95,100,#0DFF41
134,95,100,#0DFF45
135,95,100,#0DFF49
136,95,100,#0DFF4D
137,95,100,#0DFF51
138,95,100,#0DFF55
139,95,100,#0DFF59
140,95,100,#0DFF5E
141,95,100,#0DFF62
142,95,100,#0DFF66
143,95,100,#0DFF6A
144,95,100,#0DFF6E
145,95,100,#0DFF72
146,95,100,#0DFF76
147,95,100,#0DFF7A
148,95,100,#0DFF7E
149,95,100,#0DFF82
150,95,100,#0DFF86
151,95,100,#0DFF8A
152,95,100,#0DFF8E
153,95,100,#0DFF92
154,95,100,#0DFF96
155,95,100,#0DFF9A
156,95,100,#0DFF9E
157,95,100,#0DFFA2
158,95,100,#0DFFA6
159,95,100,#0DFFAA
160,95,100,#0DFFAE
161,95,100,#0DFFB2
162,95,100,#0DFFB6
163,95,100,#0DFFBA
164,95,100,#0DFFBE
165,95,100,#0DFFC2
166,95,100,#0DFFC6
167,95,100,#0DFFCB
168,95,100,#0DFFCF
169,95,100,#0DFFD3
170,95,100,#0DFFD7
171,95,100,#0DFFDB
172,95,100,#0DFFDF
173,95,100,#0DFFE3
174,95,100,#0DFFE7
175,95,100,#0DFFEB
176,95,100,#0DFFEF
177,95,100,#0DFFF3
178,95,100,#0DFFF7
179,95,100,#0DFFFB
180,95,100,#0DFFFF
181,95,100,#0DFBFF
182,95,100,#0DF7FF
183,95,100,#0DF3FF
184,95,100,#0DEFFF
185,95,100,#0DEBFF
186,95,100,#0DE7FF
187,95,100,#0DE3FF
188,95,100,#0DDFFF
189,95,100,#0DDBFF
190,95,100,#0DD7FF
191,95,100,#0DD3FF
192,95,100,#0DCFFF
193,95,100,#0DCBFF
194,95,100,#0DC6FF
195,95,100,#0DC2FF
196,95,100,#0DBEFF
197,95,100,#0DBAFF
198,95,100,#0DB6FF
199,95,100,#0DB2FF
200,95,100,#0DAEFF
201,95,100,#0DAAFF
202,95,100,#0DA6FF
203,95,100,#0DA2FF
204,95,100,#0D9EFF
205,95,100,#0D9AFF
206,95,100,#0D96FF
207,95,100,#0D92FF
208,95,100,#0D8EFF
209,95,100,#0D8AFF
210,95,100,#0D86FF
211,95,100,#0D82FF
212,95,100,#0D7EFF
213,95,100,#0D7AFF
214,95,100,#0D76FF
215,95,100,#0D72FF
216,95,100,#0D6EFF
217,95,100,#0D6AFF
218,95,100,#0D66FF
219,95,100,#0D62FF
220,95,100,#0D5DFF
221,95,100,#0D59FF
222,95,100,#0D55FF
223,95,100,#0D51FF
224,95,100,#0D4DFF
225,95,100,#0D49FF
226,95,100,#0D45FF
227,95,100,#0D41FF
228,95,100,#0D3DFF
229,95,100,#0D39FF
230,95,100,#0D35FF
231,95,100,#0D31FF
232,95,100,#0D2DFF
233,95,100,#0D29FF
234,95,100,#0D25FF
235,95,100,#0D21FF
236,95,100,#0D1DFF
237,95,100,#0D19FF
238,95,100,#0D15FF
239,95,100,#0D11FF
240,95,100,#0D0DFF
241,95,100,#110DFF
242,95,100,#150DFF
243,95,100,#190DFF
244,95,100,#1D0DFF
245,95,100,#210DFF
246,95,100,#250DFF
247,95,100,#290DFF
248,95,100,#2D0DFF
249,95,100,#310DFF
250,95,100,#350DFF
251,95,100,#390DFF
252,95,100,#3D0DFF
253,95,100,#410DFF
254,95,100,#450DFF
255,95,100,#490DFF
256,95,100,#4D0DFF
257,95,100,#510DFF
258,95,100,#550DFF
259,95,100,#590DFF
260,95,100,#5D0DFF
261,95,100,#620DFF
262,95,100,#660DFF
263,95,100,#6A0DFF
264,95,100,#6E0DFF
265,95,100,#720DFF
266,95,100,#760DFF
267,95,100,#7A0DFF
268,95,100,#7E0DFF
269,95,100,#820DFF
270,95,100,#860DFF
271,95,100,#8A0DFF
272,95,100,#8E0DFF
273,95,100,#920DFF
274,95,100,#960DFF
275,95,100,#9A0DFF
276,95,100,#9E0DFF
277,95,100,#A20DFF
278,95,100,#A60DFF
279,95,100,#AA0DFF
280,95,100,#AE0DFF
281,95,100,#B20DFF
282,95,100,#B60DFF
283,95,100,#BA0DFF
284,95,100,#BE0DFF
285,95,100,#C20DFF
286,95,100,#C60DFF
287,95,100,#CB0DFF
288,95,100,#CF0DFF
289,95,100,#D30DFF
290,95,100,#D70DFF
291,95,100,#DB0DFF
292,95,100,#DF0DFF
293,95,100,#E30DFF
294,95,100,#E70DFF
295,95,100,#EB0DFF
296,95,100,#EF0DFF
297,95,100,#F30DFF
298,95,100,#F70DFF
299,95,100,#FB0DFF
300,95,100,#FF0DFF
301,95,100,#FF0DFB
302,95,100,#FF0DF7
303,95,100,#FF0DF3
304,95,100,#FF0DEF
305,95,100,#FF0DEB
306,95,100,#FF0DE7
307,95,100,#FF0DE3
308,95,100,#FF0DDF
309,95,100,#FF0DDB
310,95,100,#FF0DD7
311,95,100,#FF0DD3
312,95,100,#FF0DCF
313,95,100,#FF0DCB
314,95,100,#FF0DC6
315,95,100,#FF0DC2
316,95,100,#FF0DBE
317,95,100,#FF0DBA
318,95,100,#FF0DB6
319,95,100,#FF0DB2
320,95,100,#FF0DAE
321,95,100,#FF0DAA
322,95,100,#FF0DA6
323,95,100,#FF0DA2
324,95,100,#FF0D9E
325,95,100,#FF0D9A
326,95,100,#FF0D96
327,95,100,#FF0D92
328,95,100,#FF0D8E
329,95,100,#FF0D8A
330,95,100,#FF0D86
331,95,100,#FF0D82
332,95,100,#FF0D7E
333,95,100,#FF0D7A
334,95,100,#FF0D76
335,95,100,#FF0D72
336,95,100,#FF0D6E
337,95,100,#FF0D6A
338,95,100,#FF0D66
339,95,100,#FF0D62
340,95,100,#FF0D5E
341,95,100,#FF0D59
342,95,100,#FF0D55
343,95,100,#FF0D51
344,95,100,#FF0D4D
345,95,100,#FF0D49
346,95,100,#FF0D45
347,95,100,#FF0D41
348,95,100,#FF0D3D
349,95,100,#FF0D39
350,95,100,#FF0D35
351,95,100,#FF0D31
352,95,100,#FF0D2D
353,95,100,#FF0D29
354,95,100,#FF0D25
355,95,100,#FF0D21
356,95,100,#FF0D1D
357,95,100,#FF0D19
358,95,100,#FF0D15
359,95,100,#FF0D11
0,94,100,#FF0F0F
1,94,100,#FF130F
2,94,100,#FF170F
3,94,100,#FF1B0F
4,94,100,#FF1F0F
5,94,100,#FF230F
6,94,100,#FF270F
7,94,100,#FF2B0F
8,94,100,#FF2F0F
9,94,100,#FF330F
10,94,100,#FF370F
11,94,100,#FF3B0F
12,94,100,#FF3F0F
13,94,100,#FF430F
14,94,100,#FF470F
15,94,100,#FF4B0F
16,94,100,#FF4F0F
17,94,100,#FF530F
18,94,100,#FF570F
19,94,100,#FF5B0F
20,94,100,#FF5F0F
21,94,100,#FF630F
22,94,100,#FF670F
23,94,100,#FF6B0F
24,94,100,#FF6F0F
25,94,100,#FF730F
26,94,100,#FF770F
27,94,100,#FF7B0F
28,94,100,#FF7F0F
29,94,100,#FF830F
30,94,100,#FF870F
31,94,100,#FF8B0F
32,94,100,#FF8F0F
33,94,100,#FF930F
34,94,100,#FF970F
35,94,100,#FF9B0F
36,94,100,#FF9F0F
37,94,100,#FFA30F
38,94,100,#FFA70F
39,94,100,#FFAB0F
40,94,100,#FFAF0F
41,94,100,#FFB30F
42,94,100,#FFB70F
43,94,100,#FFBB0F
44,94,100,#FFBF0F
45,94,100,#FFC30F
46,94,100,#FFC70F
47,94,100,#FFCB0F
48,94,100,#FFCF0F
49,94,100,#FFD30F
50,94,100,#FFD70F
51,94,100,#FFDB0F
52,94,100,#FFDF0F
53,94,100,#FFE30F
54,94,100,#FFE70F
55,94,100,#FFEB0F
56,94,100,#FFEF0F
57,94,100,#FFF30F
58,94,100,#FFF70F
59,94,100,#FFFB0F
60,94,100,#FFFF0F
61,94,100,#FBFF0F
62,94,100,#F7FF0F
63,94,100,#F3FF0F
64,94,100,#EFFF0F
65,94,100,#EBFF0F
66,94,100,#E7FF0F
67,94,100,#E3FF0F
68,94,100,#DFFF0F
69,94,100,#DBFF0F
70,94,100,#D7FF0F
71,94,100,#D3FF0F
72,94,100,#CFFF0F
73,94,100,#CBFF0F
74,94,100,#C7FF0F
75,94,100,#C3FF0F
76,94,100,#BFFF0F
77,94,100,#BBFF0F
78,94,100,#B7FF0F
79,94,100,#B3FF0F
80,94,100,#AFFF0F
81,94,100,#ABFF0F
82,94,100,#A7FF0F
83,94,100,#A3FF0F
84,94,100,#9FFF0F
85,94,100,#9BFF0F
86,94,100,#97FF0F
87,94,100,#93FF0F
88,94,100,#8FFF0F
89,94,100,#8BFF0F
90,94,100,#87FF0F
91,94,100,#83FF0F
92,94,100,#7FFF0F
93,94,100,#7BFF0F
94,94,100,#77FF0F
95,94,100,#73FF0F
96,94,100,#6FFF0F
97,94,100,#6BFF0F
98,94,100,#67FF0F
99,94,100,#63FF0F
100,94,100,#5FFF0F
101,94,100,#5BFF0F
102,94,100,#57FF0F
103,94,100,#53FF0F
104,94,100,#4FFF0F
105,94,100,#4BFF0F
106,94,100,#47FF0F
107,94,100,#43FF0F
108,94,100,#3FFF0F
109,94,100,#3BFF0F
110,94,100,#37FF0F
111,94,100,#33FF0F
112,94,100,#2FFF0F
113,94,100,#2BFF0F
114,94,100,#27FF0F
115,94,100,#23FF0F
116,94,100,#1FFF0F
117,94,100,#1BFF0F
118,94,100,#17FF0F
119,94,100,#13FF0F
120,94,100,#0FFF0F
121,94,100,#0FFF13
122,94,100,#0FFF17
123,94,100,#0FFF1B
124,94,100,#0FFF1F
125,94,100,#0FFF23
126,94,100,#0FFF27
127,94,100,#0FFF2B
128,94,100,#0FFF2F
129,94,100,#0FFF33
130,94,100,#0FFF37
131,94,100,#0FFF3B
132,94,100,#0FFF3F
133,94,100,#0FFF43
134,94,100,#0FFF47
135,94,100,#0FFF4B
136,94,100,#0FFF4F
137,94,100,#0FFF53
138,94,100,#0FFF57
139,94,100,#0FFF5B
140,94,100,#0FFF5F
141,94,100,#0FFF63
142,94,100,#0FFF67
143,94,100,#0FFF6B
144,94,100,#0FFF6F
145,94,100,#0FFF73
146,94,100,#0FFF77
147,94,100,#0FFF7B
148,94,100,#0FFF7F
149,94,100,#0FFF83
150,94,100,#0FFF87
151,94,100,#0FFF8B
152,94,100,#0FFF8F
153,94,100,#0FFF93
154,94,100,#0FFF97
155,94,100,#0FFF9B
156,94,100,#0FFF9F
157,94,100,#0FFFA3
158,94,100,#0FFFA7
159,94,100,#0FFFAB
160,94,100,#0FFFAF
161,94,100,#0FFFB3
162,94,100,#0FFFB7
163,94,100,#0FFFBB
164,94,100,#0FFFBF
165,94,100,#0FFFC3
166,94,100,#0FFFC7
167,94,100,#0FFFCB
168,94,100,#0FFFCF
169,94,100,#0FFFD3
170,94,100,#0FFFD7
171,94,100,#0FFFDB
172,94,100,#0FFFDF
173,94,100,#0FFFE3
174,94,100,#0FFFE7
175,94,100,#0FFFEB
176,94,100,#0FFFEF
177,94,100,#0FFFF3
178,94,100,#0FFFF7
179,94,100,#0FFFFB
180,94,100,#0FFFFF
181,94,100,#0FFBFF
182,94,100,#0FF7FF
183,94,100,#0FF3FF
184,94,100,#0FEFFF
185,94,100,#0FEBFF
186,94,100,#0FE7FF
187,94,100,#0FE3FF
188,94,100,#0FDFFF
189,94,100,#0FDBFF
190,94,100,#0FD7FF
191,94,100,#0FD3FF
192,94,100,#0FCFFF
193,94,100,#0FCBFF
194,94,100,#0FC7FF
195,94,100,#0FC3FF
196,94,100,#0FBFFF
197,94,100,#0FBBFF
198,94,100,#0FB7FF
199,94,100,#0FB3FF
200,94,100,#0FAFFF
201,94,100,#0FABFF
202,94,100,#0FA7FF
203,94,100,#0FA3FF
204,94,100,#0F9FFF
205,94,100,#0F9BFF
206,94,100,#0F97FF
207,94,100,#0F93FF
208,94,100,#0F8FFF
209,94,100,#0F8BFF
210,94,100,#0F87FF
211,94,100,#0F83FF
212,94,100,#0F7FFF
213,94,100,#0F7BFF
214,94,100,#0F77FF
215,94,100,#0F73FF
216,94,100,#0F6FFF
217,94,100,#0F6BFF
218,94,100,#0F67FF
219,94,100,#0F63FF
220,94,100,#0F5FFF
221,94,100,#0F5BFF
222,94,100,#0F57FF
223,94,100,#0F53FF
224,94,100,#0F4FFF
225,94,100,#0F4BFF
226,94,100,#0F47FF
227,94,100,#0F43FF
228,94,100,#0F3FFF
229,94,100,#0F3BFF
230,94,100,#0F37FF
231,94,100,#0F33FF
232,94,100,#0F2FFF
233,94,100,#0F2BFF
234,94,100,#0F27FF
235,94,100,#0F23FF
236,94,100,#0F1FFF
237,94,100,#0F1BFF
238,94,100,#0F17FF
239,94,100,#0F13FF
240,94,100,#0F0FFF
241,94,100,#130FFF
242,94,100,#170FFF
243,94,100,#1B0FFF
244,94,100,#1F0FFF
245,94,100,#230FFF
246,94,100,#270FFF
247,94,100,#2B0FFF
248,94,100,#2F0FFF
249,94,100,#330FFF
250,94,100,#370FFF
251,94,100,#3B0FFF
252,94,100,#3F0FFF
253,94,100,#430FFF
254,94,100,#470FFF
255,94,100,#4B0FFF
256,94,100,#4F0FFF
257,94,100,#530FFF
258,94,100,#570FFF
259,94,100,#5B0FFF
260,94,100,#5F0FFF
261,94,100,#630FFF
262,94,100,#670FFF
263,94,100,#6B0FFF
264,94,100,#6F0FFF
265,94,100,#730FFF
266,94,100,#770FFF
267,94,100,#7B0FFF
268,94,100,#7F0FFF
269,94,100,#830FFF
270,94,100,#870FFF
271,94,100,#8B0FFF
272,94,100,#8F0FFF
273,94,100,#930FFF
274,94,100,#970FFF
275,94,100,#9B0FFF
276,94,100,#9F0FFF
277,94,100,#A30FFF
278,94,100,#A70FFF
279,94,100,#AB0FFF
280,94,100,#AF0FFF
281,94,100,#B30FFF
282,94,100,#B70FFF
283,94,100,#BB0FFF
284,94,100,#BF0FFF
285,94,100,#C30FFF
286,94,100,#C70FFF
287,94,100,#CB0FFF
288,94,100,#CF0FFF
289,94,100,#D30FFF
290,94,100,#D70FFF
291,94,100,#DB0FFF
292,94,100,#DF0FFF
293,94,100,#E30FFF
294,94,100,#E70FFF
295,94,100,#EB0FFF
296,94,100,#EF0FFF
297,94,100,#F30FFF
298,94,100,#F70FFF
299,94,100,#FB0FFF
300,94,100,#FF0FFF
301,94,100,#FF0FFB
302,94,100,#FF0FF7
303,94,100,#FF0FF3
304,94,100,#FF0FEF
305,94,100,#FF0FEB
306,94,100,#FF0FE7
307,94,100,#FF0FE3
308,94,100,#FF0FDF
309,94,100,#FF0FDB
310,94,100,#FF0FD7
311,94,100,#FF0FD3
312,94,100,#FF0FCF
313,94,100,#FF0FCB
314,94,100,#FF0FC7
315,94,100,#FF0FC3
316,94,100,#FF0FBF
317,94,100,#FF0FBB
318,94,100,#FF0FB7
319,94,100,#FF0FB3
320,94,100,#FF0FAF
321,94,100,#FF0FAB
322,94,100,#FF0FA7
323,94,100,#FF0FA3
324,94,100,#FF0F9F
325,94,100,#FF0F9B
326,94,100,#FF0F97
327,94,100,#FF0F93
328,94,100,#FF0F8F
329,94,100,#FF0F8B
330,94,100,#FF0F87
331,94,100,#FF0F83
332,94,100,#FF0F7F
333,94,100,#FF0F7B
334,94,100,#FF0F77
335,94,100,#FF0F73
336,94,100,#FF0F6F
337,94,100,#FF0F6B
338,94,100,#FF0F67
339,94,100,#FF0F63
340,94,100,#FF0F5F
341,94,100,#FF0F5B
342,94,100,#FF0F57
343,94,100,#FF0F53
344,94,100,#FF0F4F
345,94,100,#FF0F4B
346,94,100,#FF0F47
347,94,100,#FF0F43
348,94,100,#FF0F3F
349,94,100,#FF0F3B
350,94,100,#FF0F37
351,94,100,#FF0F33
352,94,100,#FF0F2F
353,94,100,#FF0F2B
354,94,100,#FF0F27
355,94,100,#FF0F23
356,94,100,#FF0F1F
357,94,100,#FF0F1B
358,94,100,#FF0F17
359,94,100,#FF0F13
0,93,100,#FF1212
1,93,100,#FF1612
2,93,100,#FF1A12
3,93,100,#FF1E12
4,93,100,#FF2212
5,93,100,#FF2612
6,93,100,#FF2A12
7,93,100,#FF2E12
8,93,100,#FF3112
9,93,100,#FF3512
10,93,100,#FF3912
11,93,100,#FF3D12
12,93,100,#FF4112
13,93,100,#FF4512
14,93,100,#FF4912
15,93,100,#FF4D12
16,93,100,#FF5112
17,93,100,#FF5512
18,93,100,#FF5912
19,93,100,#FF5D12
20,93,100,#FF6112
21,93,100,#FF6512
22,93,100,#FF6912
23,93,100,#FF6D12
24,93,100,#FF7112
25,93,100,#FF7512
26,93,100,#FF7912
27,93,100,#FF7D12
28,93,100,#FF8112
29,93,100,#FF8412
30,93,100,#FF8812
31,93,100,#FF8C12
32,93,100,#FF9012
33,93,100,#FF9412
34,93,100,#FF9812
35,93,100,#FF9C12
36,93,100,#FFA012
37,93,100,#FFA412
38,93,100,#FFA812
39,93,100,#FFAC12
40,93,100,#FFB012
41,93,100,#FFB412
42,93,100,#FFB812
43,93,100,#FFBC12
44,93,100,#FFC012
45,93,100,#FFC412
46,93,100,#FFC812
47,93,100,#FFCC12
48,93,100,#FFD012
49,93,100,#FFD412
50,93,100,#FFD712
51,93,100,#FFDB12
52,93,100,#FFDF12
53,93,100,#FFE312
54,93,100,#FFE712
55,93,100,#FFEB12
56,93,100,#FFEF12
57,93,100,#FFF312
58,93,100,#FFF712
59,93,100,#FFFB12
60,93,100,#FFFF12
61,93,100,#FBFF12
62,93,100,#F7FF12
63,93,100,#F3FF12
64,93,100,#EFFF12
65,93,100,#EBFF12
66,93,100,#E7FF12
67,93,100,#E3FF12
68,93,100,#DFFF12
69,93,100,#DBFF12
70,93,100,#D7FF12
71,93,100,#D4FF12
72,93,100,#D0FF12
73,93,100,#CCFF12
74,93,100,#C8FF12
75,93,100,#C4FF12
76,93,100,#C0FF12
77,93,100,#BCFF12
78,93,100,#B8FF12
79,93,100,#B4FF12
80,93,100,#B0FF12
81,93,100,#ACFF12
82,93,100,#A8FF12
83,93,100,#A4FF12
84,93,100,#A0FF12
85,93,100,#9CFF12
86,93,100,#98FF12
87,93,100,#94FF12
88,93,100,#90FF12
89,93,100,#8CFF12
90,93,100,#88FF12
91,93,100,#84FF12
92,93,100,#81FF12
93,93,100,#7DFF12
94,93,100,#79FF12
95,93,100,#75FF12
96,93,100,#71FF12
97,93,100,#6DFF12
98,93,100,#69FF12
99,93,100,#65FF12
100,93,100,#61FF12
101,93,100,#5DFF12
102,93,100,#59FF12
103,93,100,#55FF12
104,93,100,#51FF12
105,93,100,#4DFF12
106,93,100,#49FF12
107,93,100,#45FF12
108,93,100,#41FF12
109,93,100,#3DFF12
110,93,100,#39FF12
111,93,100,#35FF12
112,93,100,#31FF12
113,93,100,#2EFF12
114,93,100,#2AFF12
115,93,100,#26FF12
116,93,100,#22FF12
117,93,100,#1EFF12
118,93,100,#1AFF12
119,93,100,#16FF12
120,93,100,#12FF12
121,93,100,#12FF16
122,93,100,#12FF1A
123,93,100,#12FF1E
124,93,100,#12FF22
125,93,100,#12FF26
126,93,100,#12FF2A
127,93,100,#12FF2E
128,93,100,#12FF31
129,93,100,#12FF35
130,93,100,#12FF39
131,93,100,#12FF3D
132,93,100,#12FF41
133,93,100,#12FF45
134,93,100,#12FF49
135,93,100,#12FF4D
136,93,100,#12FF51
137,93,100,#12FF55
138,93,100,#12FF59
139,93,100,#12FF5D
140,93,100,#12FF61
141,93,100,#12FF65
142,93,100,#12FF69
143,93,100,#12FF6D
144,93,100,#12FF71
145,93,100,#12FF75
146,93,100,#12FF79
147,93,100,#12FF7D
148,93,100,#12FF81
149,93,100,#12FF84
150,93,100,#12FF88
151,93,100,#12FF8C
152,93,100,#12FF90
153,93,100,#12FF94
154,93,100,#12FF98
155,93,100,#12FF9C
156,93,100,#12FFA0
157,93,100,#12FFA4
158,93,100,#12FFA8
159,93,100,#12FFAC
160,93,100,#12FFB0
161,93,100,#12FFB4
162,93,100,#12FFB8
163,93,100,#12FFBC
164,93,100,#12FFC0
165,93,100,#12FFC4
166,93,100,#12FFC8
167,93,100,#12FFCC
168,93,100,#12FFD0
169,93,100,#12FFD4
170,93,100,#12FFD7
171,93,100,#12FFDB
172,93,100,#12FFDF
173,93,100,#12FFE3
174,93,100,#12FFE7
175,93,100,#12FFEB
176,93,100,#12FFEF
177,93,100,#12FFF3
178,93,100,#12FFF7
179,93,100,#12FFFB
180,93,100,#12FFFF
181,93,100,#12FBFF
182,93,100,#12F7FF
183,93,100,#12F3FF
184,93,100,#12EFFF
185,93,100,#12EBFF
186,93,100,#12E7FF
187,93,100,#12E3FF
188,93,100,#12DFFF
189,93,100,#12DBFF
190,93,100,#12D7FF
191,93,100,#12D4FF
192,93,100,#12D0FF
193,93,100,#12CCFF
194,93,100,#12C8FF
195,93,100,#12C4FF
196,93,100,#12C0FF
197,93,100,#12BCFF
198,93,100,#12B8FF
199,93,100,#12B4FF
200,93,100,#12B0FF
201,93,100,#12ACFF
202,93,100,#12A8FF
203,93,100,#12A4FF
204,93,100,#12A0FF
205,93,100,#129CFF
206,93,100,#1298FF
207,93,100,#1294FF
208,93,100,#1290FF
209,93,100,#128CFF
210,93,100,#1288FF
211,93,100,#1284FF
212,93,100,#1281FF
213,93,100,#127DFF
214,93,100,#1279FF
215,93,100,#1275FF
216,93,100,#1271FF
217,93,100,#126DFF
218,93,100,#1269FF
219,93,100,#1265FF
220,93,100,#1261FF
221,93,100,#125DFF
222,93,100,#1259FF
223,93,100,#1255FF
224,93,100,#1251FF
225,93,100,#124DFF
226,93,100,#1249FF
227,93,100,#1245FF
228,93,100,#1241FF
229,93,100,#123DFF
230,93,100,#1239FF
231,93,100,#1235FF
232,93,100,#1231FF
233,93,100,#122EFF
234,93,100,#122AFF
235,93,100,#1226FF
236,93,100,#1222FF
237,93,100,#121EFF
238,93,100,#121AFF
239,93,100,#1216FF
240,93,100,#1212FF
241,93,100,#1612FF
242,93,100,#1A12FF
243,93,100,#1E12FF
244,93,100,#2212FF
245,93,100,#2612FF
246,93,100,#2A12FF
247,93,100,#2E12FF
248,93,100,#3112FF
249,93,100,#3512FF
250,93,100,#3912FF
251,93,100,#3D12FF
252,93,100,#4112FF
253,93,100,#4512FF
254,93,100,#4912FF
255,93,100,#4D12FF
256,93,100,#5112FF
257,93,100,#5512FF
258,93,100,#5912FF
259,93,100,#5D12FF
260,93,100,#6112FF
261,93,100,#6512FF
262,93,100,#6912FF
263,93,100,#6D12FF
264,93,100,#7112FF
265,93,100,#7512FF
266,93,100,#7912FF
267,93,100,#7D12FF
268,93,100,#8112FF
269,93,100,#8412FF
270,93,100,#8812FF
271,93,100,#8C12FF
272,93,100,#9012FF
273,93,100,#9412FF
274,93,100,#9812FF
275,93,100,#9C12FF
276,93,100,#A012FF
277,93,100,#A412FF
278,93,100,#A812FF
279,93,100,#AC12FF
280,93,100,#B012FF
281,93,100,#B412FF
282,93,100,#B812FF
283,93,100,#BC12FF
284,93,100,#C012FF
285,93,100,#C412FF
286,93,100,#C812FF
287,93,100,#CC12FF
288,93,100,#D012FF
289,93,100,#D412FF
290,93,100,#D712FF
291,93,100,#DB12FF
292,93,100,#DF12FF
293,93,100,#E312FF
294,93,100,#E712FF
295,93,100,#EB12FF
296,93,100,#EF12FF
297,93,100,#F312FF
298,93,100,#F712FF
299,93,100,#FB12FF
300,93,100,#FF12FF
301,93,100,#FF12FB
302,93,100,#FF12F7
303,93,100,#FF12F3
304,93,100,#FF12EF
305,93,100,#FF12EB
306,93,100,#FF12E7
307,93,100,#FF12E3
308,93,100,#FF12DF
309,93,100,#FF12DB
310,93,100,#FF12D7
311,93,100,#FF12D4
312,93,100,#FF12D0
313,93,100,#FF12CC
314,93,100,#FF12C8
315,93,100,#FF12C4
316,93,100,#FF12C0
317,93,100,#FF12BC
318,93,100,#FF12B8
319,93,100,#FF12B4
320,93,100,#FF12B0
321,93,100,#FF12AC
322,93,100,#FF12A8
323,93,100,#FF12A4
324,93,100,#FF12A0
325,93,100,#FF129C
326,93,100,#FF1298
327,93,100,#FF1294
328,93,100,#FF1290
329,93,100,#FF128C
330,93,100,#FF1288
331,93,100,#FF1284
332,93,100,#FF1281
333,93,100,#FF127D
334,93,100,#FF1279
335,93,100,#FF1275
336,93,100,#FF1271
337,93,100,#FF126D
338,93,100,#FF1269
339,93,100,#FF1265
340,93,100,#FF1261
341,93,100,#FF125D
342,93,100,#FF1259
343,93,100,#FF1255
344,93,100,#FF1251
345,93,100,#FF124D
346,93,100,#FF1249
347,93,100,#FF1245
348,93,100,#FF1241
349,93,100,#FF123D
350,93,100,#FF1239
351,93,100,#FF1235
352,93,100,#FF1231
353,93,100,#FF122E
354,93,100,#FF122A
355,93,100,#FF1226
356,93,100,#FF1222
357,93,100,#FF121E
358,93,100,#FF121A
359,93,100,#FF1216
0,92,100,#FF1414
1,92,100,#FF1814
2,92,100,#FF1C14
3,92,100,#FF2014
4,92,100,#FF2414
5,92,100,#FF2814
6,92,100,#FF2C14
7,92,100,#FF3014
8,92,100,#FF3414
9,92,100,#FF3814
10,92,100,#FF3B14
11,92,100,#FF3F14
12,92,100,#FF4314
13,92,100,#FF4714
14,92,100,#FF4B14
15,92,100,#FF4F14
16,92,100,#FF5314
17,92,100,#FF5714
18,92,100,#FF5B14
19,92,100,#FF5F14
20,92,100,#FF6314
21,92,100,#FF6714
22,92,100,#FF6A14
23,92,100,#FF6E14
24,92,100,#FF7214
25,92,100,#FF7614
26,92,100,#FF7A14
27,92,100,#FF7E14
28,92,100,#FF8214
29,92,100,#FF8614
30,92,100,#FF8A14
31,92,100,#FF8E14
32,92,100,#FF9214
33,92,100,#FF9514
34,92,100,#FF9914
35,92,100,#FF9D14
36,92,100,#FFA114
37,92,100,#FFA514
38,92,100,#FFA914
39,92,100,#FFAD14
40,92,100,#FFB114
41,92,100,#FFB514
42,92,100,#FFB914
43,92,100,#FFBD14
44,92,100,#FFC014
45,92,100,#FFC414
46,92,100,#FFC814
47,92,100,#FFCC14
48,92,100,#FFD014
49,92,100,#FFD414
50,92,100,#FFD814
51,92,100,#FFDC14
52,92,100,#FFE014
53,92,100,#FFE414
54,92,100,#FFE814
55,92,100,#FFEB14
56,92,100,#FFEF14
57,92,100,#FFF314
58,92,100,#FFF714
59,92,100,#FFFB14
60,92,100,#FFFF14
61,92,100,#FBFF14
62,92,100,#F7FF14
63,92,100,#F3FF14
64,92,100,#EFFF14
65,92,100,#EBFF14
66,92,100,#E8FF14
67,92,100,#E4FF14
68,92,100,#E0FF14
69,92,100,#DCFF14
70,92,100,#D8FF14
71,92,100,#D4FF14
72,92,100,#D0FF14
73,92,100,#CCFF14
74,92,100,#C8FF14
75,92,100,#C4FF14
76,92,100,#C0FF14
77,92,100,#BDFF14
78,92,100,#B9FF14
79,92,100,#B5FF14
80,92,100,#B1FF14
81,92,100,#ADFF14
82,92,100,#A9FF14
83,92,100,#A5FF14
84,92,100,#A1FF14
85,92,100,#9DFF14
86,92,100,#99FF14
87,92,100,#95FF14
88,92,100,#92FF14
89,92,100,#8EFF14
90,92,100,#8AFF14
91,92,100,#86FF14
92,92,100,#82FF14
93,92,100,#7EFF14
94,92,100,#7AFF14
95,92,100,#76FF14
96,92,100,#72FF14
97,92,100,#6EFF14
98,92,100,#6AFF14
99,92,100,#67FF14
100,92,100,#63FF14
101,92,100,#5FFF14
102,92,100,#5BFF14
103,92,100,#57FF14
104,92,100,#53FF14
105,92,100,#4FFF14
106,92,100,#4BFF14
107,92,100,#47FF14
108,92,100,#43FF14
109,92,100,#3FFF14
110,92,100,#3BFF14
111,92,100,#38FF14
112,92,100,#34FF14
113,92,100,#30FF14
114,92,100,#2CFF14
115,92,100,#28FF14
116,92,100,#24FF14
117,92,100,#20FF14
118,92,100,#1CFF14
119,92,100,#18FF14
120,92,100,#14FF14
121,92,100,#14FF18
122,92,100,#14FF1C
123,92,100,#14FF20
124,92,100,#14FF24
125,92,100,#14FF28
126,92,100,#14FF2C
127,92,100,#14FF30
128,92,100,#14FF34
129,92,100,#14FF38
130,92,100,#14FF3B
131,92,100,#14FF3F
132,92,100,#14FF43
133,92,100,#14FF47
134,92,100,#14FF4B
135,92,100,#14FF4F
136,92,100,#14FF53
137,92,100,#14FF57
138,92,100,#14FF5B
139,92,100,#14FF5F
140,92,100,#14FF63
141,92,100,#14FF67
142,92,100,#14FF6A
143,92,100,#14FF6E
144,92,100,#14FF72
145,92,100,#14FF76
146,92,100,#14FF7A
147,92,100,#14FF7E
148,92,100,#14FF82
149,92,100,#14FF86
150,92,100,#14FF8A
151,92,100,#14FF8E
152,92,100,#14FF92
153,92,100,#14FF95
154,92,100,#14FF99
155,92,100,#14FF9D
156,92,100,#14FFA1
157,92,100,#14FFA5
158,92,100,#14FFA9
159,92,100,#14FFAD
160,92,100,#14FFB1
161,92,100,#14FFB5
162,92,100,#14FFB9
163,92,100,#14FFBD
164,92,100,#14FFC0
165,92,100,#14FFC4
166,92,100,#14FFC8
167,92,100,#14FFCC
168,92,100,#14FFD0
169,92,100,#14FFD4
170,92,100,#14FFD8
171,92,100,#14FFDC
172,92,100,#14FFE0
173,92,100,#14FFE4
174,92,100,#14FFE8
175,92,100,#14FFEB
176,92,100,#14FFEF
177,92,100,#14FFF3
178,92,100,#14FFF7
179,92,100,#14FFFB
180,92,100,#14FFFF
181,92,100,#14FBFF
182,92,100,#14F7FF
183,92,100,#14F3FF
184,92,100,#14EFFF
185,92,100,#14EBFF
186,92,100,#14E8FF
187,92,100,#14E4FF
188,92,100,#14E0FF
189,92,100,#14DCFF
190,92,100,#14D8FF
191,92,100,#14D4FF
192,92,100,#14D0FF
193,92,100,#14CCFF
194,92,100,#14C8FF
195,92,100,#14C4FF
196,92,100,#14C0FF
197,92,100,#14BDFF
198,92,100,#14B9FF
199,92,100,#14B5FF
200,92,100,#14B1FF
201,92,100,#14ADFF
202,92,100,#14A9FF
203,92,100,#14A5FF
204,92,100,#14A1FF
205,92,100,#149DFF
206,92,100,#1499FF
207,92,100,#1495FF
208,92,100,#1492FF
209,92,100,#148EFF
210,92,100,#148AFF
211,92,100,#1486FF
212,92,100,#1482FF
213,92,100,#147EFF
214,92,100,#147AFF
215,92,100,#1476FF
216,92,100,#1472FF
217,92,100,#146EFF
218,92,100,#146AFF
219,92,100,#1467FF
220,92,100,#1463FF
221,92,100,#145FFF
222,92,100,#145BFF
223,92,100,#1457FF
224,92,100,#1453FF
225,92,100,#144FFF
226,92,100,#144BFF
227,92,100,#1447FF
228,92,100,#1443FF
229,92,100,#143FFF
230,92,100,#143CFF
231,92,100,#1438FF
232,92,100,#1434FF
233,92,100,#1430FF
234,92,100,#142CFF
235,92,100,#1428FF
236,92,100,#1424FF
237,92,100,#1420FF
238,92,100,#141CFF
239,92,100,#1418FF
240,92,100,#1414FF
241,92,100,#1814FF
242,92,100,#1C14FF
243,92,100,#2014FF
244,92,100,#2414FF
245,92,100,#2814FF
246,92,100,#2C14FF
247,92,100,#3014FF
248,92,100,#3414FF
249,92,100,#3814FF
250,92,100,#3B14FF
251,92,100,#3F14FF
252,92,100,#4314FF
253,92,100,#4714FF
254,92,100,#4B14FF
255,92,100,#4F14FF
256,92,100,#5314FF
257,92,100,#5714FF
258,92,100,#5B14FF
259,92,100,#5F14FF
260,92,100,#6314FF
261,92,100,#6714FF
262,92,100,#6A14FF
263,92,100,#6E14FF
264,92,100,#7214FF
265,92,100,#7614FF
266,92,100,#7A14FF
267,92,100,#7E14FF
268,92,100,#8214FF
269,92,100,#8614FF
270,92,100,#8A14FF
271,92,100,#8E14FF
272,92,100,#9214FF
273,92,100,#9514FF
274,92,100,#9914FF
275,92,100,#9D14FF
276,92,100,#A114FF
277,92,100,#A514FF
278,92,100,#A914FF
279,92,100,#AD14FF
280,92,100,#B114FF
281,92,100,#B514FF
282,92,100,#B914FF
283,92,100,#BD14FF
284,92,100,#C014FF
285,92,100,#C414FF
286,92,100,#C814FF
287,92,100,#CC14FF
288,92,100,#D014FF
289,92,100,#D414FF
290,92,100,#D814FF
291,92,100,#DC14FF
292,92,100,#E014FF
293,92,100,#E414FF
294,92,100,#E814FF
295,92,100,#EB14FF
296,92,100,#EF14FF
297,92,100,#F314FF
298,92,100,#F714FF
299,92,100,#FB14FF
300,92,100,#FF14FF
301,92,100,#FF14FB
302,92,100,#FF14F7
303,92,100,#FF14F3
304,92,100,#FF14EF
305,92,100,#FF14EB
306,92,100,#FF14E8
307,92,100,#FF14E4
308,92,100,#FF14E0
309,92,100,#FF14DC
310,92,100,#FF14D8
311,92,100,#FF14D4
312,92,100,#FF14D0
313,92,100,#FF14CC
314,92,100,#FF14C8
315,92,100,#FF14C4
316,92,100,#FF14C0
317,92,100,#FF14BD
318,92,100,#FF14B9
319,92,100,#FF14B5
320,92,100,#FF14B1
321,92,100,#FF14AD
322,92,100,#FF14A9
323,92,100,#FF14A5
324,92,100,#FF14A1
325,92,100,#FF149D
326,92,100,#FF1499
327,92,100,#FF1495
328,92,100,#FF1492
329,92,100,#FF148E
330,92,100,#FF148A
331,92,100,#FF1486
332,92,100,#FF1482
333,92,100,#FF147E
334,92,100,#FF147A
335,92,100,#FF1476
336,92,100,#FF1472
337,92,100,#FF146E
338,92,100,#FF146A
339,92,100,#FF1467
340,92,100,#FF1463
341,92,100,#FF145F
342,92,100,#FF145B
343,92,100,#FF1457
344,92,100,#FF1453
345,92,100,#FF144F
346,92,100,#FF144B
347,92,100,#FF1447
348,92,100,#FF1443
349,92,100,#FF143F
350,92,100,#FF143C
351,92,100,#FF1438
352,92,100,#FF1434
353,92,100,#FF1430
354,92,100,#FF142C
355,92,100,#FF1428
356,92,100,#FF1424
357,92,100,#FF1420
358,92,100,#FF141C
359,92,100,#FF1418
0,91,100,#FF1717
1,91,100,#FF1B17
2,91,100,#FF1F17
3,91,100,#FF2317
4,91,100,#FF2617
5,91,100,#FF2A17
6,91,100,#FF2E17
7,91,100,#FF3217
8,91,100,#FF3617
9,91,100,#FF3A17
10,91,100,#FF3E17
11,91,100,#FF4117
12,91,100,#FF4517
13,91,100,#FF4917
14,91,100,#FF4D17
15,91,100,#FF5117
16,91,100,#FF5517
17,91,100,#FF5917
18,91,100,#FF5D17
19,91,100,#FF6017
20,91,100,#FF6417
21,91,100,#FF6817
22,91,100,#FF6C17
23,91,100,#FF7017
24,91,100,#FF7417
25,91,100,#FF7817
26,91,100,#FF7C17
27,91,100,#FF7F17
28,91,100,#FF8317
29,91,100,#FF8717
30,91,100,#FF8B17
31,91,100,#FF8F17
32,91,100,#FF9317
33,91,100,#FF9717
34,91,100,#FF9A17
35,91,100,#FF9E17
36,91,100,#FFA217
37,91,100,#FFA617
38,91,100,#FFAA17
39,91,100,#FFAE17
40,91,100,#FFB217
41,91,100,#FFB617
42,91,100,#FFB917
43,91,100,#FFBD17
44,91,100,#FFC117
45,91,100,#FFC517
46,91,100,#FFC917
47,91,100,#FFCD17
48,91,100,#FFD117
49,91,100,#FFD417
50,91,100,#FFD817
51,91,100,#FFDC17
52,91,100,#FFE017
53,91,100,#FFE417
54,91,100,#FFE817
55,91,100,#FFEC17
56,91,100,#FFF017
57,91,100,#FFF317
58,91,100,#FFF717
59,91,100,#FFFB17
60,91,100,#FFFF17
61,91,100,#FBFF17
62,91,100,#F7FF17
63,91,100,#F3FF17
64,91,100,#F0FF17
65,91,100,#ECFF17
66,91,100,#E8FF17
67,91,100,#E4FF17
68,91,100,#E0FF17
69,91,100,#DCFF17
70,91,100,#D8FF17
71,91,100,#D4FF17
72,91,100,#D1FF17
73,91,100,#CDFF17
74,91,100,#C9FF17
75,91,100,#C5FF17
76,91,100,#C1FF17
77,91,100,#BDFF17
78,91,100,#B9FF17
79,91,100,#B6FF17
80,91,100,#B2FF17
81,91,100,#AEFF17
82,91,100,#AAFF17
83,91,100,#A6FF17
84,91,100,#A2FF17
85,91,100,#9EFF17
86,91,100,#9AFF17
87,91,100,#97FF17
88,91,100,#93FF17
89,91,100,#8FFF17
90,91,100,#8BFF17
91,91,100,#87FF17
92,91,100,#83FF17
93,91,100,#7FFF17
94,91,100,#7CFF17
95,91,100,#78FF17
96,91,100,#74FF17
97,91,100,#70FF17
98,91,100,#6CFF17
99,91,100,#68FF17
100,91,100,#64FF17
101,91,100,#60FF17
102,91,100,#5DFF17
103,91,100,#59FF17
104,91,100,#55FF17
105,91,100,#51FF17
106,91,100,#4DFF17
107,91,100,#49FF17
108,91,100,#45FF17
109,91,100,#41FF17
110,91,100,#3EFF17
111,91,100,#3AFF17
112,91,100,#36FF17
113,91,100,#32FF17
114,91,100,#2EFF17
115,91,100,#2AFF17
116,91,100,#26FF17
117,91,100,#23FF17
118,91,100,#1FFF17
119,91,100,#1BFF17
120,91,100,#17FF17
121,91,100,#17FF1B
122,91,100,#17FF1F
123,91,100,#17FF23
124,91,100,#17FF26
125,91,100,#17FF2A
126,91,100,#17FF2E
127,91,100,#17FF32
128,91,100,#17FF36
129,91,100,#17FF3A
130,91,100,#17FF3E
131,91,100,#17FF41
132,91,100,#17FF45
133,91,100,#17FF49
134,91,100,#17FF4D
135,91,100,#17FF51
136,91,100,#17FF55
137,91,100,#17FF59
138,91,100,#17FF5D
139,91,100,#17FF60
140,91,100,#17FF64
141,91,100,#17FF68
142,91,100,#17FF6C
143,91,100,#17FF70
144,91,100,#17FF74
145,91,100,#17FF78
146,91,100,#17FF7C
147,91,100,#17FF7F
148,91,100,#17FF83
149,91,100,#17FF87
150,91,100,#17FF8B
151,91,100,#17FF8F
152,91,100,#17FF93
153,91,100,#17FF97
154,91,100,#17FF9A
155,91,100,#17FF9E
156,91,100,#17FFA2
157,91,100,#17FFA6
158,91,100,#17FFAA
159,91,100,#17FFAE
160,91,100,#17FFB2
161,91,100,#17FFB6
162,91,100,#17FFB9
163,91,100,#17FFBD
164,91,100,#17FFC1
165,91,100,#17FFC5
166,91,100,#17FFC9
167,91,100,#17FFCD
168,91,100,#17FFD1
169,91,100,#17FFD4
170,91,100,#17FFD8
171,91,100,#17FFDC
172,91,100,#17FFE0
173,91,100,#17FFE4
174,91,100,#17FFE8
175,91,100,#17FFEC
176,91,100,#17FFF0
177,91,100,#17FFF3
178,91,100,#17FFF7
179,91,100,#17FFFB
180,91,100,#17FFFF
181,91,100,#17FBFF
182,91,100,#17F7FF
183,91,100,#17F3FF
184,91,100,#17F0FF
185,91,100,#17ECFF
186,91,100,#17E8FF
187,91,100,#17E4FF
188,91,100,#17E0FF
189,91,100,#17DCFF
190,91,100,#17D8FF
191,91,100,#17D4FF
192,91,100,#17D1FF
193,91,100,#17CDFF
194,91,100,#17C9FF
195,91,100,#17C5FF
196,91,100,#17C1FF
197,91,100,#17BDFF
198,91,100,#17B9FF
199,91,100,#17B6FF
200,91,100,#17B2FF
201,91,100,#17AEFF
202,91,100,#17AAFF
203,91,100,#17A6FF
204,91,100,#17A2FF
205,91,100,#179EFF
206,91,100,#179AFF
207,91,100,#1797FF
208,91,100,#1793FF
209,91,100,#178FFF
210,91,100,#178BFF
211,91,100,#1787FF
212,91,100,#1783FF
213,91,100,#177FFF
214,91,100,#177CFF
215,91,100,#1778FF
216,91,100,#1774FF
217,91,100,#1770FF
218,91,100,#176CFF
219,91,100,#1768FF
220,91,100,#1764FF
221,91,100,#1760FF
222,91,100,#175DFF
223,91,100,#1759FF
224,91,100,#1755FF
225,91,100,#1751FF
226,91,100,#174DFF
227,91,100,#1749FF
228,91,100,#1745FF
229,91,100,#1741FF
230,91,100,#173EFF
231,91,100,#173AFF
232,91,100,#1736FF
233,91,100,#1732FF
234,91,100,#172EFF
235,91,100,#172AFF
236,91,100,#1726FF
237,91,100,#1723FF
238,91,100,#171FFF
239,91,100,#171BFF
240,91,100,#1717FF
241,91,100,#1B17FF
242,91,100,#1F17FF
243,91,100,#2317FF
244,91,100,#2617FF
245,91,100,#2A17FF
246,91,100,#2E17FF
247,91,100,#3217FF
248,91,100,#3617FF
249,91,100,#3A17FF
250,91,100,#3E17FF
251,91,100,#4117FF
252,91,100,#4517FF
253,91,100,#4917FF
254,91,100,#4D17FF
255,91,100,#5117FF
256,91,100,#5517FF
257,91,100,#5917FF
258,91,100,#5D17FF
259,91,100,#6017FF
260,91,100,#6417FF
261,91,100,#6817FF
262,91,100,#6C17FF
263,91,100,#7017FF
264,91,100,#7417FF
265,91,100,#7817FF
266,91,100,#7C17FF
267,91,100,#7F17FF
268,91,100,#8317FF
269,91,100,#8717FF
270,91,100,#8B17FF
271,91,100,#8F17FF
272,91,100,#9317FF
273,91,100,#9717FF
274,91,100,#9A17FF
275,91,100,#9E17FF
276,91,100,#A217FF
277,91,100,#A617FF
278,91,100,#AA17FF
279,91,100,#AE17FF
280,91,100,#B217FF
281,91,100,#B617FF
282,91,100,#B917FF
283,91,100,#BD17FF
284,91,100,#C117FF
285,91,100,#C517FF
286,91,100,#C917FF
287,91,100,#CD17FF
288,91,100,#D117FF
289,91,100,#D417FF
290,91,100,#D817FF
291,91,100,#DC17FF
292,91,100,#E017FF
293,91,100,#E417FF
294,91,100,#E817FF
295,91,100,#EC17FF
296,91,100,#F017FF
297,91,100,#F317FF
298,91,100,#F717FF
299,91,100,#FB17FF
300,91,100,#FF17FF
301,91,100,#FF17FB
302,91,100,#FF17F7
303,91,100,#FF17F3
304,91,100,#FF17F0
305,91,100,#FF17EC
306,91,100,#FF17E8
307,91,100,#FF17E4
308,91,100,#FF17E0
309,91,100,#FF17DC
310,91,100,#FF17D8
311,91,100,#FF17D4
312,91,100,#FF17D1
313,91,100,#FF17CD
314,91,100,#FF17C9
315,91,100,#FF17C5
316,91,100,#FF17C1
317,91,100,#FF17BD
318,91,100,#FF17B9
319,91,100,#FF17B6
320,91,100,#FF17B2
321,91,100,#FF17AE
322,91,100,#FF17AA
323,91,100,#FF17A6
324,91,100,#FF17A2
325,91,100,#FF179E
326,91,100,#FF179A
327,91,100,#FF1797
328,91,100,#FF1793
329,91,100,#FF178F
330,91,100,#FF178B
331,91,100,#FF1787
332,91,100,#FF1783
333,91,100,#FF177F
334,91,100,#FF177C
335,91,100,#FF1778
336,91,100,#FF1774
337,91,100,#FF1770
338,91,100,#FF176C
339,91,100,#FF1768
340,91,100,#FF1764
341,91,100,#FF1760
342,91,100,#FF175D
343,91,100,#FF1759
344,91,100,#FF1755
345,91,100,#FF1751
346,91,100,#FF174D
347,91,100,#FF1749
348,91,100,#FF1745
349,91,100,#FF1741
350,91,100,#FF173E
351,91,100,#FF173A
352,91,100,#FF1736
353,91,100,#FF1732
354,91,100,#FF172E
355,91,100,#FF172A
356,91,100,#FF1726
357,91,100,#FF1723
358,91,100,#FF171F
359,91,100,#FF171B
0,90,100,#FF1919
1,90,100,#FF1D19
2,90,100,#FF2119
3,90,100,#FF2519
4,90,100,#FF2919
5,90,100,#FF2D19
6,90,100,#FF3019
7,90,100,#FF3419
8,90,100,#FF3819
9,90,100,#FF3C19
10,90,100,#FF4019
11,90,100,#FF4419
12,90,100,#FF4719
13,90,100,#FF4B19
14,90,100,#FF4F19
15,90,100,#FF5319
16,90,100,#FF5719
17,90,100,#FF5B19
18,90,100,#FF5E19
19,90,100,#FF6219
20,90,100,#FF6619
21,90,100,#FF6A19
22,90,100,#FF6E19
23,90,100,#FF7119
24,90,100,#FF7519
25,90,100,#FF7919
26,90,100,#FF7D19
27,90,100,#FF8119
28,90,100,#FF8519
29,90,100,#FF8819
30,90,100,#FF8C19
31,90,100,#FF9019
32,90,100,#FF9419
33,90,100,#FF9819
34,90,100,#FF9C19
35,90,100,#FF9F19
36,90,100,#FFA319
37,90,100,#FFA719
38,90,100,#FFAB19
39,90,100,#FFAF19
40,90,100,#FFB319
41,90,100,#FFB619
42,90,100,#FFBA19
43,90,100,#FFBE19
44,90,100,#FFC219
45,90,100,#FFC619
46,90,100,#FFC919
47,90,100,#FFCD19
48,90,100,#FFD119
49,90,100,#FFD519
50,90,100,#FFD919
51,90,100,#FFDD19
52,90,100,#FFE019
53,90,100,#FFE419
54,90,100,#FFE819
55,90,100,#FFEC19
56,90,100,#FFF019
57,90,100,#FFF419
58,90,100,#FFF719
59,90,100,#FFFB19
60,90,100,#FFFF19
61,90,100,#FBFF19
62,90,100,#F7FF19
63,90,100,#F4FF19
64,90,100,#F0FF19
65,90,100,#ECFF19
66,90,100,#E8FF19
67,90,100,#E4FF19
68,90,100,#E0FF19
69,90,100,#DDFF19
70,90,100,#D9FF19
71,90,100,#D5FF19
72,90,100,#D1FF19
73,90,100,#CDFF19
74,90,100,#C9FF19
75,90,100,#C6FF19
76,90,100,#C2FF19
77,90,100,#BEFF19
78,90,100,#BAFF19
79,90,100,#B6FF19
80,90,100,#B3FF19
81,90,100,#AFFF19
82,90,100,#ABFF19
83,90,100,#A7FF19
84,90,100,#A3FF19
85,90,100,#9FFF19
86,90,100,#9CFF19
87,90,100,#98FF19
88,90,100,#94FF19
89,90,100,#90FF19
90,90,100,#8CFF19
91,90,100,#88FF19
92,90,100,#85FF19
93,90,100,#81FF19
94,90,100,#7DFF19
95,90,100,#79FF19
96,90,100,#75FF19
97,90,100,#71FF19
98,90,100,#6EFF19
99,90,100,#6AFF19
100,90,100,#66FF19
101,90,100,#62FF19
102,90,100,#5EFF19
103,90,100,#5BFF19
104,90,100,#57FF19
105,90,100,#53FF19
106,90,100,#4FFF19
107,90,100,#4BFF19
108,90,100,#47FF19
109,90,100,#44FF19
110,90,100,#40FF19
111,90,100,#3CFF19
112,90,100,#38FF19
113,90,100,#34FF19
114,90,100,#30FF19
115,90,100,#2DFF19
116,90,100,#29FF19
117,90,100,#25FF19
118,90,100,#21FF19
119,90,100,#1DFF19
120,90,100,#19FF19
121,90,100,#19FF1D
122,90,100,#19FF21
123,90,100,#19FF25
124,90,100,#19FF29
125,90,100,#19FF2D
126,90,100,#19FF30
127,90,100,#19FF34
128,90,100,#19FF38
129,90,100,#19FF3C
130,90,100,#19FF40
131,90,100,#19FF44
132,90,100,#19FF47
133,90,100,#19FF4B
134,90,100,#19FF4F
135,90,100,#19FF53
136,90,100,#19FF57
137,90,100,#19FF5B
138,90,100,#19FF5E
139,90,100,#19FF62
140,90,100,#19FF66
141,90,100,#19FF6A
142,90,100,#19FF6E
143,90,100,#19FF71
144,90,100,#19FF75
145,90,100,#19FF79
146,90,100,#19FF7D
147,90,100,#19FF81
148,90,100,#19FF85
149,90,100,#19FF88
150,90,100,#19FF8C
151,90,100,#19FF90
152,90,100,#19FF94
153,90,100,#19FF98
154,90,100,#19FF9C
155,90,100,#19FF9F
156,90,100,#19FFA3
157,90,100,#19FFA7
158,90,100,#19FFAB
159,90,100,#19FFAF
160,90,100,#19FFB2
161,90,100,#19FFB6
162,90,100,#19FFBA
163,90,100,#19FFBE
164,90,100,#19FFC2
165,90,100,#19FFC6
166,90,100,#19FFC9
167,90,100,#19FFCD
168,90,100,#19FFD1
169,90,100,#19FFD5
170,90,100,#19FFD9
171,90,100,#19FFDD
172,90,100,#19FFE0
173,90,100,#19FFE4
174,90,100,#19FFE8
175,90,100,#19FFEC
176,90,100,#19FFF0
177,90,100,#19FFF4
178,90,100,#19FFF7
179,90,100,#19FFFB
180,90,100,#19FFFF
181,90,100,#19FBFF
182,90,100,#19F7FF
183,90,100,#19F4FF
184,90,100,#19F0FF
185,90,100,#19ECFF
186,90,100,#19E8FF
187,90,100,#19E4FF
188,90,100,#19E0FF
189,90,100,#19DDFF
190,90,100,#19D9FF
191,90,100,#19D5FF
192,90,100,#19D1FF
193,90,100,#19CDFF
194,90,100,#19C9FF
195,90,100,#19C6FF
196,90,100,#19C2FF
197,90,100,#19BEFF
198,90,100,#19BAFF
199,90,100,#19B6FF
200,90,100,#19B2FF
201,90,100,#19AFFF
202,90,100,#19ABFF
203,90,100,#19A7FF
204,90,100,#19A3FF
205,90,100,#199FFF
206,90,100,#199CFF
207,90,100,#1998FF
208,90,100,#1994FF
209,90,100,#1990FF
210,90,100,#198CFF
211,90,100,#1988FF
212,90,100,#1985FF
213,90,100,#1981FF
214,90,100,#197DFF
215,90,100,#1979FF
216,90,100,#1975FF
217,90,100,#1971FF
218,90,100,#196EFF
219,90,100,#196AFF
220,90,100,#1966FF
221,90,100,#1962FF
222,90,100,#195EFF
223,90,100,#195BFF
224,90,100,#1957FF
225,90,100,#1953FF
226,90,100,#194FFF
227,90,100,#194BFF
228,90,100,#1947FF
229,90,100,#1944FF
230,90,100,#1940FF
231,90,100,#193CFF
232,90,100,#1938FF
233,90,100,#1934FF
234,90,100,#1930FF
235,90,100,#192DFF
236,90,100,#1929FF
237,90,100,#1925FF
238,90,100,#1921FF
239,90,100,#191DFF
240,90,100,#1919FF
241,90,100,#1D19FF
242,90,100,#2119FF
243,90,100,#2519FF
244,90,100,#2919FF
245,90,100,#2D19FF
246,90,100,#3019FF
247,90,100,#3419FF
248,90,100,#3819FF
249,90,100,#3C19FF
250,90,100,#4019FF
251,90,100,#4419FF
252,90,100,#4719FF
253,90,100,#4B19FF
254,90,100,#4F19FF
255,90,100,#5319FF
256,90,100,#5719FF
257,90,100,#5B19FF
258,90,100,#5E19FF
259,90,100,#6219FF
260,90,100,#6619FF
261,90,100,#6A19FF
262,90,100,#6E19FF
263,90,100,#7119FF
264,90,100,#7519FF
265,90,100,#7919FF
266,90,100,#7D19FF
267,90,100,#8119FF
268,90,100,#8519FF
269,90,100,#8819FF
270,90,100,#8C19FF
271,90,100,#9019FF
272,90,100,#9419FF
273,90,100,#9819FF
274,90,100,#9C19FF
275,90,100,#9F19FF
276,90,100,#A319FF
277,90,100,#A719FF
278,90,100,#AB19FF
279,90,100,#AF19FF
280,90,100,#B319FF
281,90,100,#B619FF
282,90,100,#BA19FF
283,90,100,#BE19FF
284,90,100,#C219FF
285,90,100,#C619FF
286,90,100,#C919FF
287,90,100,#CD19FF
288,90,100,#D119FF
289,90,100,#D519FF
290,90,100,#D919FF
291,90,100,#DD19FF
292,90,100,#E019FF
293,90,100,#E419FF
294,90,100,#E819FF
295,90,100,#EC19FF
296,90,100,#F019FF
297,90,100,#F419FF
298,90,100,#F719FF
299,90,100,#FB19FF
300,90,100,#FF19FF
301,90,100,#FF19FB
302,90,100,#FF19F7
303,90,100,#FF19F4
304,90,100,#FF19F0
305,90,100,#FF19EC
306,90,100,#FF19E8
307,90,100,#FF19E4
308,90,100,#FF19E0
309,90,100,#FF19DD
310,90,100,#FF19D9
311,90,100,#FF19D5
312,90,100,#FF19D1
313,90,100,#FF19CD
314,90,100,#FF19C9
315,90,100,#FF19C6
316,90,100,#FF19C2
317,90,100,#FF19BE
318,90,100,#FF19BA
319,90,100,#FF19B6
320,90,100,#FF19B3
321,90,100,#FF19AF
322,90,100,#FF19AB
323,90,100,#FF19A7
324,90,100,#FF19A3
325,90,100,#FF199F
326,90,100,#FF199C
327,90,100,#FF1998
328,90,100,#FF1994
329,90,100,#FF1990
330,90,100,#FF198C
331,90,100,#FF1988
332,90,100,#FF1985
333,90,100,#FF1981
334,90,100,#FF197D
335,90,100,#FF1979
336,90,100,#FF1975
337,90,100,#FF1971
338,90,100,#FF196E
339,90,100,#FF196A
340,90,100,#FF1966
341,90,100,#FF1962
342,90,100,#FF195E
343,90,100,#FF195B
344,90,100,#FF1957
345,90,100,#FF1953
346,90,100,#FF194F
347,90,100,#FF194B
348,90,100,#FF1947
349,90,100,#FF1944
350,90,100,#FF1940
351,90,100,#FF193C
352,90,100,#FF1938
353,90,100,#FF1934
354,90,100,#FF1930
355,90,100,#FF192D
356,90,100,#FF1929
357,90,100,#FF1925
358,90,100,#FF1921
359,90,100,#FF191D
0,89,100,#FF1C1C
1,89,100,#FF201C
2,89,100,#FF241C
3,89,100,#FF271C
4,89,100,#FF2B1C
5,89,100,#FF2F1C
6,89,100,#FF331C
7,89,100,#FF371C
8,89,100,#FF3A1C
9,89,100,#FF3E1C
10,89,100,#FF421C
11,89,100,#FF461C
12,89,100,#FF491C
13,89,100,#FF4D1C
14,89,100,#FF511C
15,89,100,#FF551C
16,89,100,#FF591C
17,89,100,#FF5C1C
18,89,100,#FF601C
19,89,100,#FF641C
20,89,100,#FF681C
21,89,100,#FF6B1C
22,89,100,#FF6F1C
23,89,100,#FF731C
24,89,100,#FF771C
25,89,100,#FF7B1C
26,89,100,#FF7E1C
27,89,100,#FF821C
28,89,100,#FF861C
29,89,100,#FF8A1C
30,89,100,#FF8E1C
31,89,100,#FF911C
32,89,100,#FF951C
33,89,100,#FF991C
34,89,100,#FF9D1C
35,89,100,#FFA01C
36,89,100,#FFA41C
37,89,100,#FFA81C
38,89,100,#FFAC1C
39,89,100,#FFB01C
40,89,100,#FFB31C
41,89,100,#FFB71C
42,89,100,#FFBB1C
43,89,100,#FFBF1C
44,89,100,#FFC21C
45,89,100,#FFC61C
46,89,100,#FFCA1C
47,89,100,#FFCE1C
48,89,100,#FFD21C
49,89,100,#FFD51C
50,89,100,#FFD91C
51,89,100,#FFDD1C
52,89,100,#FFE11C
53,89,100,#FFE51C
54,89,100,#FFE81C
55,89,100,#FFEC1C
56,89,100,#FFF01C
57,89,100,#FFF41C
58,89,100,#FFF71C
59,89,100,#FFFB1C
60,89,100,#FFFF1C
61,89,100,#FBFF1C
62,89,100,#F7FF1C
63,89,100,#F4FF1C
64,89,100,#F0FF1C
65,89,100,#ECFF1C
66,89,100,#E8FF1C
67,89,100,#E5FF1C
68,89,100,#E1FF1C
69,89,100,#DDFF1C
70,89,100,#D9FF1C
71,89,100,#D5FF1C
72,89,100,#D2FF1C
73,89,100,#CEFF1C
74,89,100,#CAFF1C
75,89,100,#C6FF1C
76,89,100,#C2FF1C
77,89,100,#BFFF1C
78,89,100,#BBFF1C
79,89,100,#B7FF1C
80,89,100,#B3FF1C
81,89,100,#B0FF1C
82,89,100,#ACFF1C
83,89,100,#A8FF1C
84,89,100,#A4FF1C
85,89,100,#A0FF1C
86,89,100,#9DFF1C
87,89,100,#99FF1C
88,89,100,#95FF1C
89,89,100,#91FF1C
90,89,100,#8EFF1C
91,89,100,#8AFF1C
92,89,100,#86FF1C
93,89,100,#82FF1C
94,89,100,#7EFF1C
95,89,100,#7BFF1C
96,89,100,#77FF1C
97,89,100,#73FF1C
98,89,100,#6FFF1C
99,89,100,#6BFF1C
100,89,100,#68FF1C
101,89,100,#64FF1C
102,89,100,#60FF1C
103,89,100,#5CFF1C
104,89,100,#59FF1C
105,89,100,#55FF1C
106,89,100,#51FF1C
107,89,100,#4DFF1C
108,89,100,#49FF1C
109,89,100,#46FF1C
110,89,100,#42FF1C
111,89,100,#3EFF1C
112,89,100,#3AFF1C
113,89,100,#37FF1C
114,89,100,#33FF1C
115,89,100,#2FFF1C
116,89,100,#2BFF1C
117,89,100,#27FF1C
118,89,100,#24FF1C
119,89,100,#20FF1C
120,89,100,#1CFF1C
121,89,100,#1CFF20
122,89,100,#1CFF24
123,89,100,#1CFF27
124,89,100,#1CFF2B
125,89,100,#1CFF2F
126,89,100,#1CFF33
127,89,100,#1CFF37
128,89,100,#1CFF3A
129,89,100,#1CFF3E
130,89,100,#1CFF42
131,89,100,#1CFF46
132,89,100,#1CFF49
133,89,100,#1CFF4D
134,89,100,#1CFF51
135,89,100,#1CFF55
136,89,100,#1CFF59
137,89,100,#1CFF5C
138,89,100,#1CFF60
139,89,100,#1CFF64
140,89,100,#1CFF68
141,89,100,#1CFF6B
142,89,100,#1CFF6F
143,89,100,#1CFF73
144,89,100,#1CFF77
145,89,100,#1CFF7B
146,89,100,#1CFF7E
147,89,100,#1CFF82
148,89,100,#1CFF86
149,89,100,#1CFF8A
150,89,100,#1CFF8E
151,89,100,#1CFF91
152,89,100,#1CFF95
153,89,100,#1CFF99
154,89,100,#1CFF9D
155,89,100,#1CFFA0
156,89,100,#1CFFA4
157,89,100,#1CFFA8
158,89,100,#1CFFAC
159,89,100,#1CFFB0
160,89,100,#1CFFB3
161,89,100,#1CFFB7
162,89,100,#1CFFBB
163,89,100,#1CFFBF
164,89,100,#1CFFC2
165,89,100,#1CFFC6
166,89,100,#1CFFCA
167,89,100,#1CFFCE
168,89,100,#1CFFD2
169,89,100,#1CFFD5
170,89,100,#1CFFD9
171,89,100,#1CFFDD
172,89,100,#1CFFE1
173,89,100,#1CFFE5
174,89,100,#1CFFE8
175,89,100,#1CFFEC
176,89,100,#1CFFF0
177,89,100,#1CFFF4
178,89,100,#1CFFF7
179,89,100,#1CFFFB
180,89,100,#1CFFFF
181,89,100,#1CFBFF
182,89,100,#1CF7FF
183,89,100,#1CF4FF
184,89,100,#1CF0FF
185,89,100,#1CECFF
186,89,100,#1CE8FF
187,89,100,#1CE5FF
188,89,100,#1CE1FF
189,89,100,#1CDDFF
190,89,100,#1CD9FF
191,89,100,#1CD5FF
192,89,100,#1CD2FF
193,89,100,#1CCEFF
194,89,100,#1CCAFF
195,89,100,#1CC6FF
196,89,100,#1CC2FF
197,89,100,#1CBFFF
198,89,100,#1CBBFF
199,89,100,#1CB7FF
200,89,100,#1CB3FF
201,89,100,#1CB0FF
202,89,100,#1CACFF
203,89,100,#1CA8FF
204,89,100,#1CA4FF
205,89,100,#1CA0FF
206,89,100,#1C9DFF
207,89,100,#1C99FF
208,89,100,#1C95FF
209,89,100,#1C91FF
210,89,100,#1C8EFF
211,89,100,#1C8AFF
212,89,100,#1C86FF
213,89,100,#1C82FF
214,89,100,#1C7EFF
215,89,100,#1C7BFF
216,89,100,#1C77FF
217,89,100,#1C73FF
218,89,100,#1C6FFF
219,89,100,#1C6BFF
220,89,100,#1C68FF
221,89,100,#1C64FF
222,89,100,#1C60FF
223,89,100,#1C5CFF
224,89,100,#1C59FF
225,89,100,#1C55FF
226,89,100,#1C51FF
227,89,100,#1C4DFF
228,89,100,#1C49FF
229,89,100,#1C46FF
230,89,100,#1C42FF
231,89,100,#1C3EFF
232,89,100,#1C3AFF
233,89,100,#1C37FF
234,89,100,#1C33FF
235,89,100,#1C2FFF
236,89,100,#1C2BFF
237,89,100,#1C27FF
238,89,100,#1C24FF
239,89,100,#1C20FF
240,89,100,#1C1CFF
241,89,100,#201CFF
242,89,100,#241CFF
243,89,100,#271CFF
244,89,100,#2B1CFF
245,89,100,#2F1CFF
246,89,100,#331CFF
247,89,100,#371CFF
248,89,100,#3A1CFF
249,89,100,#3E1CFF
250,89,100,#421CFF
251,89,100,#461CFF
252,89,100,#491CFF
253,89,100,#4D1CFF
254,89,100,#511CFF
255,89,100,#551CFF
256,89,100,#591CFF
257,89,100,#5C1CFF
258,89,100,#601CFF
259,89,100,#641CFF
260,89,100,#681CFF
261,89,100,#6B1CFF
262,89,100,#6F1CFF
263,89,100,#731CFF
264,89,100,#771CFF
265,89,100,#7B1CFF
266,89,100,#7E1CFF
267,89,100,#821CFF
268,89,100,#861CFF
269,89,100,#8A1CFF
270,89,100,#8E1CFF
271,89,100,#911CFF
272,89,100,#951CFF
273,89,100,#991CFF
274,89,100,#9D1CFF
275,89,100,#A01CFF
276,89,100,#A41CFF
277,89,100,#A81CFF
278,89,100,#AC1CFF
279,89,100,#B01CFF
280,89,100,#B31CFF
281,89,100,#B71CFF
282,89,100,#BB1CFF
283,89,100,#BF1CFF
284,89,100,#C21CFF
285,89,100,#C61CFF
286,89,100,#CA1CFF
287,89,100,#CE1CFF
288,89,100,#D21CFF
289,89,100,#D51CFF
290,89,100,#D91CFF
291,89,100,#DD1CFF
292,89,100,#E11CFF
293,89,100,#E51CFF
294,89,100,#E81CFF
295,89,100,#EC1CFF
296,89,100,#F01CFF
297,89,100,#F41CFF
298,89,100,#F71CFF
299,89,100,#FB1CFF
300,89,100,#FF1CFF
301,89,100,#FF1CFB
302,89,100,#FF1CF7
303,89,100,#FF1CF4
304,89,100,#FF1CF0
305,89,100,#FF1CEC
306,89,100,#FF1CE8
307,89,100,#FF1CE5
308,89,100,#FF1CE1
309,89,100,#FF1CDD
310,89,100,#FF1CD9
311,89,100,#FF1CD5
312,89,100,#FF1CD2
313,89,100,#FF1CCE
314,89,100,#FF1CCA
315,89,100,#FF1CC6
316,89,100,#FF1CC2
317,89,100,#FF1CBF
318,89,100,#FF1CBB
319,89,100,#FF1CB7
320,89,100,#FF1CB3
321,89,100,#FF1CB0
322,89,100,#FF1CAC
323,89,100,#FF1CA8
324,89,100,#FF1CA4
325,89,100,#FF1CA0
326,89,100,#FF1C9D
327,89,100,#FF1C99
328,89,100,#FF1C95
329,89,100,#FF1C91
330,89,100,#FF1C8E
331,89,100,#FF1C8A
332,89,100,#FF1C86
333,89,100,#FF1C82
334,89,100,#FF1C7E
335,89,100,#FF1C7B
336,89,100,#FF1C77
337,89,100,#FF1C73
338,89,100,#FF1C6F
339,89,100,#FF1C6B
340,89,100,#FF1C68
341,89,100,#FF1C64
342,89,100,#FF1C60
343,89,100,#FF1C5C
344,89,100,#FF1C59
345,89,100,#FF1C55
346,89,100,#FF1C51
347,89,100,#FF1C4D
348,89,100,#FF1C49
349,89,100,#FF1C46
350,89,100,#FF1C42
351,89,100,#FF1C3E
352,89,100,#FF1C3A
353,89,100,#FF1C37
354,89,100,#FF1C33
355,89,100,#FF1C2F
356,89,100,#FF1C2B
357,89,100,#FF1C27
358,89,100,#FF1C24
359,89,100,#FF1C20
0,88,100,#FF1F1F
1,88,100,#FF221F
2,88,100,#FF261F
3,88,100,#FF2A1F
4,88,100,#FF2E1F
5,88,100,#FF311F
6,88,100,#FF351F
7,88,100,#FF391F
8,88,100,#FF3D1F
9,88,100,#FF401F
10,88,100,#FF441F
11,88,100,#FF481F
12,88,100,#FF4B1F
13,88,100,#FF4F1F
14,88,100,#FF531F
15,88,100,#FF571F
16,88,100,#FF5A1F
17,88,100,#FF5E1F
18,88,100,#FF621F
19,88,100,#FF661F
20,88,100,#FF691F
21,88,100,#FF6D1F
22,88,100,#FF711F
23,88,100,#FF751F
24,88,100,#FF781F
25,88,100,#FF7C1F
26,88,100,#FF801F
27,88,100,#FF841F
28,88,100,#FF871F
29,88,100,#FF8B1F
30,88,100,#FF8F1F
31,88,100,#FF931F
32,88,100,#FF961F
33,88,100,#FF9A1F
34,88,100,#FF9E1F
35,88,100,#FFA21F
36,88,100,#FFA51F
37,88,100,#FFA91F
38,88,100,#FFAD1F
39,88,100,#FFB01F
40,88,100,#FFB41F
41,88,100,#FFB81F
42,88,100,#FFBC1F
43,88,100,#FFBF1F
44,88,100,#FFC31F
45,88,100,#FFC71F
46,88,100,#FFCB1F
47,88,100,#FFCE1F
48,88,100,#FFD21F
49,88,100,#FFD61F
50,88,100,#FFDA1F
51,88,100,#FFDD1F
52,88,100,#FFE11F
53,88,100,#FFE51F
54,88,100,#FFE91F
55,88,100,#FFEC1F
56,88,100,#FFF01F
57,88,100,#FFF41F
58,88,100,#FFF81F
59,88,100,#FFFB1F
60,88,100,#FFFF1F
61,88,100,#FBFF1F
62,88,100,#F8FF1F
63,88,100,#F4FF1F
64,88,100,#F0FF1F
65,88,100,#ECFF1F
66,88,100,#E9FF1F
67,88,100,#E5FF1F
68,88,100,#E1FF1F
69,88,100,#DDFF1F
70,88,100,#DAFF1F
71,88,100,#D6FF1F
72,88,100,#D2FF1F
73,88,100,#CEFF1F
74,88,100,#CBFF1F
75,88,100,#C7FF1F
76,88,100,#C3FF1F
77,88,100,#BFFF1F
78,88,100,#BCFF1F
79,88,100,#B8FF1F
80,88,100,#B4FF1F
81,88,100,#B0FF1F
82,88,100,#ADFF1F
83,88,100,#A9FF1F
84,88,100,#A5FF1F
85,88,100,#A2FF1F
86,88,100,#9EFF1F
87,88,100,#9AFF1F
88,88,100,#96FF1F
89,88,100,#93FF1F
90,88,100,#8FFF1F
91,88,100,#8BFF1F
92,88,100,#87FF1F
93,88,100,#84FF1F
94,88,100,#80FF1F
95,88,100,#7CFF1F
96,88,100,#78FF1F
97,88,100,#75FF1F
98,88,100,#71FF1F
99,88,100,#6DFF1F
100,88,100,#69FF1F
101,88,100,#66FF1F
102,88,100,#62FF1F
103,88,100,#5EFF1F
104,88,100,#5AFF1F
105,88,100,#57FF1F
106,88,100,#53FF1F
107,88,100,#4FFF1F
108,88,100,#4BFF1F
109,88,100,#48FF1F
110,88,100,#44FF1F
111,88,100,#40FF1F
112,88,100,#3DFF1F
113,88,100,#39FF1F
114,88,100,#35FF1F
115,88,100,#31FF1F
116,88,100,#2EFF1F
117,88,100,#2AFF1F
118,88,100,#26FF1F
119,88,100,#22FF1F
120,88,100,#1FFF1F
121,88,100,#1FFF22
122,88,100,#1FFF26
123,88,100,#1FFF2A
124,88,100,#1FFF2E
125,88,100,#1FFF31
126,88,100,#1FFF35
127,88,100,#1FFF39
128,88,100,#1FFF3D
129,88,100,#1FFF40
130,88,100,#1FFF44
131,88,100,#1FFF48
132,88,100,#1FFF4B
133,88,100,#1FFF4F
134,88,100,#1FFF53
135,88,100,#1FFF57
136,88,100,#1FFF5A
137,88,100,#1FFF5E
138,88,100,#1FFF62
139,88,100,#1FFF66
140,88,100,#1FFF69
141,88,100,#1FFF6D
142,88,100,#1FFF71
143,88,100,#1FFF75
144,88,100,#1FFF78
145,88,100,#1FFF7C
146,88,100,#1FFF80
147,88,100,#1FFF84
148,88,100,#1FFF87
149,88,100,#1FFF8B
150,88,100,#1FFF8F
151,88,100,#1FFF93
152,88,100,#1FFF96
153,88,100,#1FFF9A
154,88,100,#1FFF9E
155,88,100,#1FFFA2
156,88,100,#1FFFA5
157,88,100,#1FFFA9
158,88,100,#1FFFAD
159,88,100,#1FFFB0
160,88,100,#1FFFB4
161,88,100,#1FFFB8
162,88,100,#1FFFBC
163,88,100,#1FFFBF
164,88,100,#1FFFC3
165,88,100,#1FFFC7
166,88,100,#1FFFCB
167,88,100,#1FFFCE
168,88,100,#1FFFD2
169,88,100,#1FFFD6
170,88,100,#1FFFDA
171,88,100,#1FFFDD
172,88,100,#1FFFE1
173,88,100,#1FFFE5
174,88,100,#1FFFE9
175,88,100,#1FFFEC
176,88,100,#1FFFF0
177,88,100,#1FFFF4
178,88,100,#1FFFF8
179,88,100,#1FFFFB
180,88,100,#1FFFFF
181,88,100,#1FFBFF
182,88,100,#1FF8FF
183,88,100,#1FF4FF
184,88,100,#1FF0FF
185,88,100,#1FECFF
186,88,100,#1FE9FF
187,88,100,#1FE5FF
188,88,100,#1FE1FF
189,88,100,#1FDDFF
190,88,100,#1FDAFF
191,88,100,#1FD6FF
192,88,100,#1FD2FF
193,88,100,#1FCEFF
194,88,100,#1FCBFF
195,88,100,#1FC7FF
196,88,100,#1FC3FF
197,88,100,#1FBFFF
198,88,100,#1FBCFF
199,88,100,#1FB8FF
200,88,100,#1FB4FF
201,88,100,#1FB0FF
202,88,100,#1FADFF
203,88,100,#1FA9FF
204,88,100,#1FA5FF
205,88,100,#1FA2FF
206,88,100,#1F9EFF
207,88,100,#1F9AFF
208,88,100,#1F96FF
209,88,100,#1F93FF
210,88,100,#1F8FFF
211,88,100,#1F8BFF
212,88,100,#1F87FF
213,88,100,#1F84FF
214,88,100,#1F80FF
215,88,100,#1F7CFF
216,88,100,#1F78FF
217,88,100,#1F75FF
218,88,100,#1F71FF
219,88,100,#1F6DFF
220,88,100,#1F69FF
221,88,100,#1F66FF
222,88,100,#1F62FF
223,88,100,#1F5EFF
224,88,100,#1F5AFF
225,88,100,#1F57FF
226,88,100,#1F53FF
227,88,100,#1F4FFF
228,88,100,#1F4BFF
229,88,100,#1F48FF
230,88,100,#1F44FF
231,88,100,#1F40FF
232,88,100,#1F3DFF
233,88,100,#1F39FF
234,88,100,#1F35FF
235,88,100,#1F31FF
236,88,100,#1F2EFF
237,88,100,#1F2AFF
238,88,100,#1F26FF
239,88,100,#1F22FF
240,88,100,#1F1FFF
241,88,100,#221FFF
242,88,100,#261FFF
243,88,100,#2A1FFF
244,88,100,#2E1FFF
245,88,100,#311FFF
246,88,100,#351FFF
247,88,100,#391FFF
248,88,100,#3D1FFF
249,88,100,#401FFF
250,88,100,#441FFF
251,88,100,#481FFF
252,88,100,#4B1FFF
253,88,100,#4F1FFF
254,88,100,#531FFF
255,88,100,#571FFF
256,88,100,#5A1FFF
257,88,100,#5E1FFF
258,88,100,#621FFF
259,88,100,#661FFF
260,88,100,#691FFF
261,88,100,#6D1FFF
262,88,100,#711FFF
263,88,100,#751FFF
264,88,100,#781FFF
265,88,100,#7C1FFF
266,88,100,#801FFF
267,88,100,#841FFF
268,88,100,#871FFF
269,88,100,#8B1FFF
270,88,100,#8F1FFF
271,88,100,#931FFF
272,88,100,#961FFF
273,88,100,#9A1FFF
274,88,100,#9E1FFF
275,88,100,#A11FFF
276,88,100,#A51FFF
277,88,100,#A91FFF
278,88,100,#AD1FFF
279,88,100,#B01FFF
280,88,100,#B41FFF
281,88,100,#B81FFF
282,88,100,#BC1FFF
283,88,100,#BF1FFF
284,88,100,#C31FFF
285,88,100,#C71FFF
286,88,100,#CB1FFF
287,88,100,#CE1FFF
288,88,100,#D21FFF
289,88,100,#D61FFF
290,88,100,#DA1FFF
291,88,100,#DD1FFF
292,88,100,#E11FFF
293,88,100,#E51FFF
294,88,100,#E91FFF
295,88,100,#EC1FFF
296,88,100,#F01FFF
297,88,100,#F41FFF
298,88,100,#F81FFF
299,88,100,#FB1FFF
300,88,100,#FF1FFF
301,88,100,#FF1FFB
302,88,100,#FF1FF8
303,88,100,#FF1FF4
304,88,100,#FF1FF0
305,88,100,#FF1FEC
306,88,100,#FF1FE9
307,88,100,#FF1FE5
308,88,100,#FF1FE1
309,88,100,#FF1FDD
310,88,100,#FF1FDA
311,88,100,#FF1FD6
312,88,100,#FF1FD2
313,88,100,#FF1FCE
314,88,100,#FF1FCB
315,88,100,#FF1FC7
316,88,100,#FF1FC3
317,88,100,#FF1FBF
318,88,100,#FF1FBC
319,88,100,#FF1FB8
320,88,100,#FF1FB4
321,88,100,#FF1FB0
322,88,100,#FF1FAD
323,88,100,#FF1FA9
324,88,100,#FF1FA5
325,88,100,#FF1FA1
326,88,100,#FF1F9E
327,88,100,#FF1F9A
328,88,100,#FF1F96
329,88,100,#FF1F93
330,88,100,#FF1F8F
331,88,100,#FF1F8B
332,88,100,#FF1F87
333,88,100,#FF1F84
334,88,100,#FF1F80
335,88,100,#FF1F7C
336,88,100,#FF1F78
337,88,100,#FF1F75
338,88,100,#FF1F71
339,88,100,#FF1F6D
340,88,100,#FF1F69
341,88,100,#FF1F66
342,88,100,#FF1F62
343,88,100,#FF1F5E
344,88,100,#FF1F5A
345,88,100,#FF1F57
346,88,100,#FF1F53
347,88,100,#FF1F4F
348,88,100,#FF1F4B
349,88,100,#FF1F48
350,88,100,#FF1F44
351,88,100,#FF1F40
352,88,100,#FF1F3D
353,88,100,#FF1F39
354,88,100,#FF1F35
355,88,100,#FF1F31
356,88,100,#FF1F2E
357,88,100,#FF1F2A
358,88,100,#FF1F26
359,88,100,#FF1F22
0,87,100,#FF2121
1,87,100,#FF2521
2,87,100,#FF2921
3,87,100,#FF2C21
4,87,100,#FF3021
5,87,100,#FF3421
6,87,100,#FF3721
7,87,100,#FF3B21
8,87,100,#FF3F21
9,87,100,#FF4221
10,87,100,#FF4621
11,87,100,#FF4A21
12,87,100,#FF4E21
13,87,100,#FF5121
14,87,100,#FF5521
15,87,100,#FF5921
16,87,100,#FF5C21
17,87,100,#FF6021
18,87,100,#FF6421
19,87,100,#FF6721
20,87,100,#FF6B21
21,87,100,#FF6F21
22,87,100,#FF7221
23,87,100,#FF7621
24,87,100,#FF7A21
25,87,100,#FF7E21
26,87,100,#FF8121
27,87,100,#FF8521
28,87,100,#FF8921
29,87,100,#FF8C21
30,87,100,#FF9021
31,87,100,#FF9421
32,87,100,#FF9721
33,87,100,#FF9B21
34,87,100,#FF9F21
35,87,100,#FFA321
36,87,100,#FFA621
37,87,100,#FFAA21
38,87,100,#FFAE21
39,87,100,#FFB121
40,87,100,#FFB521
41,87,100,#FFB921
42,87,100,#FFBC21
43,87,100,#FFC021
44,87,100,#FFC421
45,87,100,#FFC821
46,87,100,#FFCB21
47,87,100,#FFCF21
48,87,100,#FFD321
49,87,100,#FFD621
50,87,100,#FFDA21
51,87,100,#FFDE21
52,87,100,#FFE121
53,87,100,#FFE521
54,87,100,#FFE921
55,87,100,#FFED21
56,87,100,#FFF021
57,87,100,#FFF421
58,87,100,#FFF821
59,87,100,#FFFB21
60,87,100,#FFFF21
61,87,100,#FBFF21
62,87,100,#F8FF21
63,87,100,#F4FF21
64,87,100,#F0FF21
65,87,100,#EDFF21
66,87,100,#E9FF21
67,87,100,#E5FF21
68,87,100,#E1FF21
69,87,100,#DEFF21
70,87,100,#DAFF21
71,87,100,#D6FF21
72,87,100,#D3FF21
73,87,100,#CFFF21
74,87,100,#CBFF21
75,87,100,#C8FF21
76,87,100,#C4FF21
77,87,100,#C0FF21
78,87,100,#BCFF21
79,87,100,#B9FF21
80,87,100,#B5FF21
81,87,100,#B1FF21
82,87,100,#AEFF21
83,87,100,#AAFF21
84,87,100,#A6FF21
85,87,100,#A3FF21
86,87,100,#9FFF21
87,87,100,#9BFF21
88,87,100,#97FF21
89,87,100,#94FF21
90,87,100,#90FF21
91,87,100,#8CFF21
92,87,100,#89FF21
93,87,100,#85FF21
94,87,100,#81FF21
95,87,100,#7EFF21
96,87,100,#7AFF21
97,87,100,#76FF21
98,87,100,#72FF21
99,87,100,#6FFF21
100,87,100,#6BFF21
101,87,100,#67FF21
102,87,100,#64FF21
103,87,100,#60FF21
104,87,100,#5CFF21
105,87,100,#59FF21
106,87,100,#55FF21
107,87,100,#51FF21
108,87,100,#4EFF21
109,87,100,#4AFF21
110,87,100,#46FF21
111,87,100,#42FF21
112,87,100,#3FFF21
113,87,100,#3BFF21
114,87,100,#37FF21
115,87,100,#34FF21
116,87,100,#30FF21
117,87,100,#2CFF21
118,87,100,#29FF21
119,87,100,#25FF21
120,87,100,#21FF21
121,87,100,#21FF25
122,87,100,#21FF29
123,87,100,#21FF2C
124,87,100,#21FF30
125,87,100,#21FF34
126,87,100,#21FF37
127,87,100,#21FF3B
128,87,100,#21FF3F
129,87,100,#21FF42
130,87,100,#21FF46
131,87,100,#21FF4A
132,87,100,#21FF4E
133,87,100,#21FF51
134,87,100,#21FF55
135,87,100,#21FF59
136,87,100,#21FF5C
137,87,100,#21FF60
138,87,100,#21FF64
139,87,100,#21FF67
140,87,100,#21FF6B
141,87,100,#21FF6F
142,87,100,#21FF72
143,87,100,#21FF76
144,87,100,#21FF7A
145,87,100,#21FF7E
146,87,100,#21FF81
147,87,100,#21FF85
148,87,100,#21FF89
149,87,100,#21FF8C
150,87,100,#21FF90
151,87,100,#21FF94
152,87,100,#21FF97
153,87,100,#21FF9B
154,87,100,#21FF9F
155,87,100,#21FFA3
156,87,100,#21FFA6
157,87,100,#21FFAA
158,87,100,#21FFAE
159,87,100,#21FFB1
160,87,100,#21FFB5
161,87,100,#21FFB9
162,87,100,#21FFBC
163,87,100,#21FFC0
164,87,100,#21FFC4
165,87,100,#21FFC8
166,87,100,#21FFCB
167,87,100,#21FFCF
168,87,100,#21FFD3
169,87,100,#21FFD6
170,87,100,#21FFDA
171,87,100,#21FFDE
172,87,100,#21FFE1
173,87,100,#21FFE5
174,87,100,#21FFE9
175,87,100,#21FFED
176,87,100,#21FFF0
177,87,100,#21FFF4
178,87,100,#21FFF8
179,87,100,#21FFFB
180,87,100,#21FFFF
181,87,100,#21FBFF
182,87,100,#21F8FF
183,87,100,#21F4FF
184,87,100,#21F0FF
185,87,100,#21EDFF
186,87,100,#21E9FF
187,87,100,#21E5FF
188,87,100,#21E1FF
189,87,100,#21DEFF
190,87,100,#21DAFF
191,87,100,#21D6FF
192,87,100,#21D3FF
193,87,100,#21CFFF
194,87,100,#21CBFF
195,87,100,#21C8FF
196,87,100,#21C4FF
197,87,100,#21C0FF
198,87,100,#21BCFF
199,87,100,#21B9FF
200,87,100,#21B5FF
201,87,100,#21B1FF
202,87,100,#21AEFF
203,87,100,#21AAFF
204,87,100,#21A6FF
205,87,100,#21A3FF
206,87,100,#219FFF
207,87,100,#219BFF
208,87,100,#2197FF
209,87,100,#2194FF
210,87,100,#2190FF
211,87,100,#218CFF
212,87,100,#2189FF
213,87,100,#2185FF
214,87,100,#2181FF
215,87,100,#217EFF
216,87,100,#217AFF
217,87,100,#2176FF
218,87,100,#2172FF
219,87,100,#216FFF
220,87,100,#216BFF
221,87,100,#2167FF
222,87,100,#2164FF
223,87,100,#2160FF
224,87,100,#215CFF
225,87,100,#2159FF
226,87,100,#2155FF
227,87,100,#2151FF
228,87,100,#214EFF
229,87,100,#214AFF
230,87,100,#2146FF
231,87,100,#2142FF
232,87,100,#213FFF
233,87,100,#213BFF
234,87,100,#2137FF
235,87,100,#2134FF
236,87,100,#2130FF
237,87,100,#212CFF
238,87,100,#2129FF
239,87,100,#2125FF
240,87,100,#2121FF
241,87,100,#2521FF
242,87,100,#2921FF
243,87,100,#2C21FF
244,87,100,#3021FF
245,87,100,#3421FF
246,87,100,#3721FF
247,87,100,#3B21FF
248,87,100,#3F21FF
249,87,100,#4221FF
250,87,100,#4621FF
251,87,100,#4A21FF
252,87,100,#4E21FF
253,87,100,#5121FF
254,87,100,#5521FF
255,87,100,#5921FF
256,87,100,#5C21FF
257,87,100,#6021FF
258,87,100,#6421FF
259,87,100,#6721FF
260,87,100,#6B21FF
261,87,100,#6F21FF
262,87,100,#7221FF
263,87,100,#7621FF
264,87,100,#7A21FF
265,87,100,#7E21FF
266,87,100,#8121FF
267,87,100,#8521FF
268,87,100,#8921FF
269,87,100,#8C21FF
270,87,100,#9021FF
271,87,100,#9421FF
272,87,100,#9721FF
273,87,100,#9B21FF
274,87,100,#9F21FF
275,87,100,#A321FF
276,87,100,#A621FF
277,87,100,#AA21FF
278,87,100,#AE21FF
279,87,100,#B121FF
280,87,100,#B521FF
281,87,100,#B921FF
282,87,100,#BC21FF
283,87,100,#C021FF
284,87,100,#C421FF
285,87,100,#C821FF
286,87,100,#CB21FF
287,87,100,#CF21FF
288,87,100,#D321FF
289,87,100,#D621FF
290,87,100,#DA21FF
291,87,100,#DE21FF
292,87,100,#E121FF
293,87,100,#E521FF
294,87,100,#E921FF
295,87,100,#ED21FF
296,87,100,#F021FF
297,87,100,#F421FF
298,87,100,#F821FF
299,87,100,#FB21FF
300,87,100,#FF21FF
301,87,100,#FF21FB
302,87,100,#FF21F8
303,87,100,#FF21F4
304,87,100,#FF21F0
305,87,100,#FF21ED
306,87,100,#FF21E9
307,87,100,#FF21E5
308,87,100,#FF21E1
309,87,100,#FF21DE
310,87,100,#FF21DA
311,87,100,#FF21D6
312,87,100,#FF21D3
313,87,100,#FF21CF
314,87,100,#FF21CB
315,87,100,#FF21C8
316,87,100,#FF21C4
317,87,100,#FF21C0
318,87,100,#FF21BC
319,87,100,#FF21B9
320,87,100,#FF21B5
321,87,100,#FF21B1
322,87,100,#FF21AE
323,87,100,#FF21AA
324,87,100,#FF21A6
325,87,100,#FF21A3
326,87,100,#FF219F
327,87,100,#FF219B
328,87,100,#FF2197
329,87,100,#FF2194
330,87,100,#FF2190
331,87,100,#FF218C
332,87,100,#FF2189
333,87,100,#FF2185
334,87,100,#FF2181
335,87,100,#FF217E
336,87,100,#FF217A
337,87,100,#FF2176
338,87,100,#FF2172
339,87,100,#FF216F
340,87,100,#FF216B
341,87,100,#FF2167
342,87,100,#FF2164
343,87,100,#FF2160
344,87,100,#FF215C
345,87,100,#FF2159
346,87,100,#FF2155
347,87,100,#FF2151
348,87,100,#FF214E
349,87,100,#FF214A
350,87,100,#FF2146
351,87,100,#FF2142
352,87,100,#FF213F
353,87,100,#FF213B
354,87,100,#FF2137
355,87,100,#FF2134
356,87,100,#FF2130
357,87,100,#FF212C
358,87,100,#FF2129
359,87,100,#FF2125
0,86,100,#FF2424
1,86,100,#FF2724
2,86,100,#FF2B24
3,86,100,#FF2F24
4,86,100,#FF3224
5,86,100,#FF3624
6,86,100,#FF3A24
7,86,100,#FF3D24
8,86,100,#FF4124
9,86,100,#FF4524
10,86,100,#FF4824
11,86,100,#FF4C24
12,86,100,#FF5024
13,86,100,#FF5324
14,86,100,#FF5724
15,86,100,#FF5B24
16,86,100,#FF5E24
17,86,100,#FF6224
18,86,100,#FF6524
19,86,100,#FF6924
20,86,100,#FF6D24
21,86,100,#FF7024
22,86,100,#FF7424
23,86,100,#FF7824
24,86,100,#FF7B24
25,86,100,#FF7F24
26,86,100,#FF8324
27,86,100,#FF8624
28,86,100,#FF8A24
29,86,100,#FF8E24
30,86,100,#FF9124
31,86,100,#FF9524
32,86,100,#FF9924
33,86,100,#FF9C24
34,86,100,#FFA024
35,86,100,#FFA424
36,86,100,#FFA724
37,86,100,#FFAB24
38,86,100,#FFAF24
39,86,100,#FFB224
40,86,100,#FFB624
41,86,100,#FFBA24
42,86,100,#FFBD24
43,86,100,#FFC124
44,86,100,#FFC524
45,86,100,#FFC824
46,86,100,#FFCC24
47,86,100,#FFCF24
48,86,100,#FFD324
49,86,100,#FFD724
50,86,100,#FFDA24
51,86,100,#FFDE24
52,86,100,#FFE224
53,86,100,#FFE524
54,86,100,#FFE924
55,86,100,#FFED24
56,86,100,#FFF024
57,86,100,#FFF424
58,86,100,#FFF824
59,86,100,#FFFB24
60,86,100,#FFFF24
61,86,100,#FBFF24
62,86,100,#F8FF24
63,86,100,#F4FF24
64,86,100,#F0FF24
65,86,100,#EDFF24
66,86,100,#E9FF24
67,86,100,#E5FF24
68,86,100,#E2FF24
69,86,100,#DEFF24
70,86,100,#DAFF24
71,86,100,#D7FF24
72,86,100,#D3FF24
73,86,100,#CFFF24
74,86,100,#CCFF24
75,86,100,#C8FF24
76,86,100,#C5FF24
77,86,100,#C1FF24
78,86,100,#BDFF24
79,86,100,#BAFF24
80,86,100,#B6FF24
81,86,100,#B2FF24
82,86,100,#AFFF24
83,86,100,#ABFF24
84,86,100,#A7FF24
85,86,100,#A4FF24
86,86,100,#A0FF24
87,86,100,#9CFF24
88,86,100,#99FF24
89,86,100,#95FF24
90,86,100,#91FF24
91,86,100,#8EFF24
92,86,100,#8AFF24
93,86,100,#86FF24
94,86,100,#83FF24
95,86,100,#7FFF24
96,86,100,#7BFF24
97,86,100,#78FF24
98,86,100,#74FF24
99,86,100,#70FF24
100,86,100,#6DFF24
101,86,100,#69FF24
102,86,100,#65FF24
103,86,100,#62FF24
104,86,100,#5EFF24
105,86,100,#5BFF24
106,86,100,#57FF24
107,86,100,#53FF24
108,86,100,#50FF24
109,86,100,#4CFF24
110,86,100,#48FF24
111,86,100,#45FF24
112,86,100,#41FF24
113,86,100,#3DFF24
114,86,100,#3AFF24
115,86,100,#36FF24
116,86,100,#32FF24
117,86,100,#2FFF24
118,86,100,#2BFF24
119,86,100,#27FF24
120,86,100,#24FF24
121,86,100,#24FF27
122,86,100,#24FF2B
123,86,100,#24FF2F
124,86,100,#24FF32
125,86,100,#24FF36
126,86,100,#24FF3A
127,86,100,#24FF3D
128,86,100,#24FF41
129,86,100,#24FF45
130,86,100,#24FF48
131,86,100,#24FF4C
132,86,100,#24FF50
133,86,100,#24FF53
134,86,100,#24FF57
135,86,100,#24FF5B
136,86,100,#24FF5E
137,86,100,#24FF62
138,86,100,#24FF65
139,86,100,#24FF69
140,86,100,#24FF6D
141,86,100,#24FF70
142,86,100,#24FF74
143,86,100,#24FF78
144,86,100,#24FF7B
145,86,100,#24FF7F
146,86,100,#24FF83
147,86,100,#24FF86
148,86,100,#24FF8A
149,86,100,#24FF8E
150,86,100,#24FF91
151,86,100,#24FF95
152,86,100,#24FF99
153,86,100,#24FF9C
154,86,100,#24FFA0
155,86,100,#24FFA4
156,86,100,#24FFA7
157,86,100,#24FFAB
158,86,100,#24FFAF
159,86,100,#24FFB2
160,86,100,#24FFB6
161,86,100,#24FFBA
162,86,100,#24FFBD
163,86,100,#24FFC1
164,86,100,#24FFC5
165,86,100,#24FFC8
166,86,100,#24FFCC
167,86,100,#24FFCF
168,86,100,#24FFD3
169,86,100,#24FFD7
170,86,100,#24FFDA
171,86,100,#24FFDE
172,86,100,#24FFE2
173,86,100,#24FFE5
174,86,100,#24FFE9
175,86,100,#24FFED
176,86,100,#24FFF0
177,86,100,#24FFF4
178,86,100,#24FFF8
179,86,100,#24FFFB
180,86,100,#24FFFF
181,86,100,#24FBFF
182,86,100,#24F8FF
183,86,100,#24F4FF
184,86,100,#24F0FF
185,86,100,#24EDFF
186,86,100,#24E9FF
187,86,100,#24E5FF
188,86,100,#24E2FF
189,86,100,#24DEFF
190,86,100,#24DAFF
191,86,100,#24D7FF
192,86,100,#24D3FF
193,86,100,#24CFFF
194,86,100,#24CCFF
195,86,100,#24C8FF
196,86,100,#24C5FF
197,86,100,#24C1FF
198,86,100,#24BDFF
199,86,100,#24BAFF
200,86,100,#24B6FF
201,86,100,#24B2FF
202,86,100,#24AFFF
203,86,100,#24ABFF
204,86,100,#24A7FF
205,86,100,#24A4FF
206,86,100,#24A0FF
207,86,100,#249CFF
208,86,100,#2499FF
209,86,100,#2495FF
210,86,100,#2491FF
211,86,100,#248EFF
212,86,100,#248AFF
213,86,100,#2486FF
214,86,100,#2483FF
215,86,100,#247FFF
216,86,100,#247BFF
217,86,100,#2478FF
218,86,100,#2474FF
219,86,100,#2470FF
220,86,100,#246DFF
221,86,100,#2469FF
222,86,100,#2465FF
223,86,100,#2462FF
224,86,100,#245EFF
225,86,100,#245BFF
226,86,100,#2457FF
227,86,100,#2453FF
228,86,100,#2450FF
229,86,100,#244CFF
230,86,100,#2448FF
231,86,100,#2445FF
232,86,100,#2441FF
233,86,100,#243DFF
234,86,100,#243AFF
235,86,100,#2436FF
236,86,100,#2432FF
237,86,100,#242FFF
238,86,100,#242BFF
239,86,100,#2427FF
240,86,100,#2424FF
241,86,100,#2724FF
242,86,100,#2B24FF
243,86,100,#2F24FF
244,86,100,#3224FF
245,86,100,#3624FF
246,86,100,#3A24FF
247,86,100,#3D24FF
248,86,100,#4124FF
249,86,100,#4524FF
250,86,100,#4824FF
251,86,100,#4C24FF
252,86,100,#5024FF
253,86,100,#5324FF
254,86,100,#5724FF
255,86,100,#5B24FF
256,86,100,#5E24FF
257,86,100,#6224FF
258,86,100,#6524FF
259,86,100,#6924FF
260,86,100,#6D24FF
261,86,100,#7024FF
262,86,100,#7424FF
263,86,100,#7824FF
264,86,100,#7B24FF
265,86,100,#7F24FF
266,86,100,#8324FF
267,86,100,#8624FF
268,86,100,#8A24FF
269,86,100,#8E24FF
270,86,100,#9124FF
271,86,100,#9524FF
272,86,100,#9924FF
273,86,100,#9C24FF
274,86,100,#A024FF
275,86,100,#A424FF
276,86,100,#A724FF
277,86,100,#AB24FF
278,86,100,#AF24FF
279,86,100,#B224FF
280,86,100,#B624FF
281,86,100,#BA24FF
282,86,100,#BD24FF
283,86,100,#C124FF
284,86,100,#C524FF
285,86,100,#C824FF
286,86,100,#CC24FF
287,86,100,#CF24FF
288,86,100,#D324FF
289,86,100,#D724FF
290,86,100,#DA24FF
291,86,100,#DE24FF
292,86,100,#E224FF
293,86,100,#E524FF
294,86,100,#E924FF
295,86,100,#ED24FF
296,86,100,#F024FF
297,86,100,#F424FF
298,86,100,#F824FF
299,86,100,#FB24FF
300,86,100,#FF24FF
301,86,100,#FF24FB
302,86,100,#FF24F8
303,86,100,#FF24F4
304,86,100,#FF24F0
305,86,100,#FF24ED
306,86,100,#FF24E9
307,86,100,#FF24E5
308,86,100,#FF24E2
309,86,100,#FF24DE
310,86,100,#FF24DA
311,86,100,#FF24D7
312,86,100,#FF24D3
313,86,100,#FF24CF
314,86,100,#FF24CC
315,86,100,#FF24C8
316,86,100,#FF24C5
317,86,100,#FF24C1
318,86,100,#FF24BD
319,86,100,#FF24BA
320,86,100,#FF24B6
321,86,100,#FF24B2
322,86,100,#FF24AF
323,86,100,#FF24AB
324,86,100,#FF24A7
325,86,100,#FF24A4
326,86,100,#FF24A0
327,86,100,#FF249C
328,86,100,#FF2499
329,86,100,#FF2495
330,86,100,#FF2491
331,86,100,#FF248E
332,86,100,#FF248A
333,86,100,#FF2486
334,86,100,#FF2483
335,86,100,#FF247F
336,86,100,#FF247B
337,86,100,#FF2478
338,86,100,#FF2474
339,86,100,#FF2470
340,86,100,#FF246D
341,86,100,#FF2469
342,86,100,#FF2465
343,86,100,#FF2462
344,86,100,#FF245E
345,86,100,#FF245B
346,86,100,#FF2457
347,86,100,#FF2453
348,86,100,#FF2450
349,86,100,#FF244C
350,86,100,#FF2448
351,86,100,#FF2445
352,86,100,#FF2441
353,86,100,#FF243D
354,86,100,#FF243A
355,86,100,#FF2436
356,86,100,#FF2432
357,86,100,#FF242F
358,86,100,#FF242B
359,86,100,#FF2427
0,85,100,#FF2626
1,85,100,#FF2A26
2,85,100,#FF2D26
3,85,100,#FF3126
4,85,100,#FF3526
5,85,100,#FF3826
6,85,100,#FF3C26
7,85,100,#FF4026
8,85,100,#FF4326
9,85,100,#FF4726
10,85,100,#FF4A26
11,85,100,#FF4E26
12,85,100,#FF5226
13,85,100,#FF5526
14,85,100,#FF5926
15,85,100,#FF5C26
16,85,100,#FF6026
17,85,100,#FF6426
18,85,100,#FF6726
19,85,100,#FF6B26
20,85,100,#FF6E26
21,85,100,#FF7226
22,85,100,#FF7626
23,85,100,#FF7926
24,85,100,#FF7D26
25,85,100,#FF8126
26,85,100,#FF8426
27,85,100,#FF8826
28,85,100,#FF8B26
29,85,100,#FF8F26
30,85,100,#FF9326
31,85,100,#FF9626
32,85,100,#FF9A26
33,85,100,#FF9D26
34,85,100,#FFA126
35,85,100,#FFA526
36,85,100,#FFA826
37,85,100,#FFAC26
38,85,100,#FFB026
39,85,100,#FFB326
40,85,100,#FFB726
41,85,100,#FFBA26
42,85,100,#FFBE26
43,85,100,#FFC226
44,85,100,#FFC526
45,85,100,#FFC926
46,85,100,#FFCC26
47,85,100,#FFD026
48,85,100,#FFD426
49,85,100,#FFD726
50,85,100,#FFDB26
51,85,100,#FFDE26
52,85,100,#FFE226
53,85,100,#FFE626
54,85,100,#FFE926
55,85,100,#FFED26
56,85,100,#FFF126
57,85,100,#FFF426
58,85,100,#FFF826
59,85,100,#FFFB26
60,85,100,#FFFF26
61,85,100,#FBFF26
62,85,100,#F8FF26
63,85,100,#F4FF26
64,85,100,#F1FF26
65,85,100,#EDFF26
66,85,100,#E9FF26
67,85,100,#E6FF26
68,85,100,#E2FF26
69,85,100,#DEFF26
70,85,100,#DBFF26
71,85,100,#D7FF26
72,85,100,#D4FF26
73,85,100,#D0FF26
74,85,100,#CCFF26
75,85,100,#C9FF26
76,85,100,#C5FF26
77,85,100,#C2FF26
78,85,100,#BEFF26
79,85,100,#BAFF26
80,85,100,#B7FF26
81,85,100,#B3FF26
82,85,100,#B0FF26
83,85,100,#ACFF26
84,85,100,#A8FF26
85,85,100,#A5FF26
86,85,100,#A1FF26
87,85,100,#9DFF26
88,85,100,#9AFF26
89,85,100,#96FF26
90,85,100,#93FF26
91,85,100,#8FFF26
92,85,100,#8BFF26
93,85,100,#88FF26
94,85,100,#84FF26
95,85,100,#81FF26
96,85,100,#7DFF26
97,85,100,#79FF26
98,85,100,#76FF26
99,85,100,#72FF26
100,85,100,#6EFF26
101,85,100,#6BFF26
102,85,100,#67FF26
103,85,100,#64FF26
104,85,100,#60FF26
105,85,100,#5CFF26
106,85,100,#59FF26
107,85,100,#55FF26
108,85,100,#52FF26
109,85,100,#4EFF26
110,85,100,#4AFF26
111,85,100,#47FF26
112,85,100,#43FF26
113,85,100,#40FF26
114,85,100,#3CFF26
115,85,100,#38FF26
116,85,100,#35FF26
117,85,100,#31FF26
118,85,100,#2DFF26
119,85,100,#2AFF26
120,85,100,#26FF26
121,85,100,#26FF2A
122,85,100,#26FF2D
123,85,100,#26FF31
124,85,100,#26FF35
125,85,100,#26FF38
126,85,100,#26FF3C
127,85,100,#26FF40
128,85,100,#26FF43
129,85,100,#26FF47
130,85,100,#26FF4A
131,85,100,#26FF4E
132,85,100,#26FF52
133,85,100,#26FF55
134,85,100,#26FF59
135,85,100,#26FF5C
136,85,100,#26FF60
137,85,100,#26FF64
138,85,100,#26FF67
139,85,100,#26FF6B
140,85,100,#26FF6F
141,85,100,#26FF72
142,85,100,#26FF76
143,85,100,#26FF79
144,85,100,#26FF7D
145,85,100,#26FF81
146,85,100,#26FF84
147,85,100,#26FF88
148,85,100,#26FF8B
149,85,100,#26FF8F
150,85,100,#26FF93
151,85,100,#26FF96
152,85,100,#26FF9A
153,85,100,#26FF9D
154,85,100,#26FFA1
155,85,100,#26FFA5
156,85,100,#26FFA8
157,85,100,#26FFAC
158,85,100,#26FFB0
159,85,100,#26FFB3
160,85,100,#26FFB7
161,85,100,#26FFBA
162,85,100,#26FFBE
163,85,100,#26FFC2
164,85,100,#26FFC5
165,85,100,#26FFC9
166,85,100,#26FFCC
167,85,100,#26FFD0
168,85,100,#26FFD4
169,85,100,#26FFD7
170,85,100,#26FFDB
171,85,100,#26FFDE
172,85,100,#26FFE2
173,85,100,#26FFE6
174,85,100,#26FFE9
175,85,100,#26FFED
176,85,100,#26FFF1
177,85,100,#26FFF4
178,85,100,#26FFF8
179,85,100,#26FFFB
180,85,100,#26FFFF
181,85,100,#26FBFF
182,85,100,#26F8FF
183,85,100,#26F4FF
184,85,100,#26F1FF
185,85,100,#26EDFF
186,85,100,#26E9FF
187,85,100,#26E6FF
188,85,100,#26E2FF
189,85,100,#26DEFF
190,85,100,#26DBFF
191,85,100,#26D7FF
192,85,100,#26D4FF
193,85,100,#26D0FF
194,85,100,#26CCFF
195,85,100,#26C9FF
196,85,100,#26C5FF
197,85,100,#26C2FF
198,85,100,#26BEFF
199,85,100,#26BAFF
200,85,100,#26B7FF
201,85,100,#26B3FF
202,85,100,#26B0FF
203,85,100,#26ACFF
204,85,100,#26A8FF
205,85,100,#26A5FF
206,85,100,#26A1FF
207,85,100,#269DFF
208,85,100,#269AFF
209,85,100,#2696FF
210,85,100,#2693FF
211,85,100,#268FFF
212,85,100,#268BFF
213,85,100,#2688FF
214,85,100,#2684FF
215,85,100,#2681FF
216,85,100,#267DFF
217,85,100,#2679FF
218,85,100,#2676FF
219,85,100,#2672FF
220,85,100,#266EFF
221,85,100,#266BFF
222,85,100,#2667FF
223,85,100,#2664FF
224,85,100,#2660FF
225,85,100,#265CFF
226,85,100,#2659FF
227,85,100,#2655FF
228,85,100,#2652FF
229,85,100,#264EFF
230,85,100,#264AFF
231,85,100,#2647FF
232,85,100,#2643FF
233,85,100,#2640FF
234,85,100,#263CFF
235,85,100,#2638FF
236,85,100,#2635FF
237,85,100,#2631FF
238,85,100,#262DFF
239,85,100,#262AFF
240,85,100,#2626FF
241,85,100,#2A26FF
242,85,100,#2D26FF
243,85,100,#3126FF
244,85,100,#3526FF
245,85,100,#3826FF
246,85,100,#3C26FF
247,85,100,#4026FF
248,85,100,#4326FF
249,85,100,#4726FF
250,85,100,#4A26FF
251,85,100,#4E26FF
252,85,100,#5226FF
253,85,100,#5526FF
254,85,100,#5926FF
255,85,100,#5C26FF
256,85,100,#6026FF
257,85,100,#6426FF
258,85,100,#6726FF
259,85,100,#6B26FF
260,85,100,#6E26FF
261,85,100,#7226FF
262,85,100,#7626FF
263,85,100,#7926FF
264,85,100,#7D26FF
265,85,100,#8126FF
266,85,100,#8426FF
267,85,100,#8826FF
268,85,100,#8B26FF
269,85,100,#8F26FF
270,85,100,#9326FF
271,85,100,#9626FF
272,85,100,#9A26FF
273,85,100,#9D26FF
274,85,100,#A126FF
275,85,100,#A526FF
276,85,100,#A826FF
277,85,100,#AC26FF
278,85,100,#B026FF
279,85,100,#B326FF
280,85,100,#B726FF
281,85,100,#BA26FF
282,85,100,#BE26FF
283,85,100,#C226FF
284,85,100,#C526FF
285,85,100,#C926FF
286,85,100,#CC26FF
287,85,100,#D026FF
288,85,100,#D426FF
289,85,100,#D726FF
290,85,100,#DB26FF
291,85,100,#DE26FF
292,85,100,#E226FF
293,85,100,#E626FF
294,85,100,#E926FF
295,85,100,#ED26FF
296,85,100,#F126FF
297,85,100,#F426FF
298,85,100,#F826FF
299,85,100,#FB26FF
300,85,100,#FF26FF
301,85,100,#FF26FB
302,85,100,#FF26F8
303,85,100,#FF26F4
304,85,100,#FF26F1
305,85,100,#FF26ED
306,85,100,#FF26E9
307,85,100,#FF26E6
308,85,100,#FF26E2
309,85,100,#FF26DE
310,85,100,#FF26DB
311,85,100,#FF26D7
312,85,100,#FF26D4
313,85,100,#FF26D0
314,85,100,#FF26CC
315,85,100,#FF26C9
316,85,100,#FF26C5
317,85,100,#FF26C2
318,85,100,#FF26BE
319,85,100,#FF26BA
320,85,100,#FF26B7
321,85,100,#FF26B3
322,85,100,#FF26B0
323,85,100,#FF26AC
324,85,100,#FF26A8
325,85,100,#FF26A5
326,85,100,#FF26A1
327,85,100,#FF269D
328,85,100,#FF269A
329,85,100,#FF2696
330,85,100,#FF2693
331,85,100,#FF268F
332,85,100,#FF268B
333,85,100,#FF2688
334,85,100,#FF2684
335,85,100,#FF2681
336,85,100,#FF267D
337,85,100,#FF2679
338,85,100,#FF2676
339,85,100,#FF2672
340,85,100,#FF266F
341,85,100,#FF266B
342,85,100,#FF2667
343,85,100,#FF2664
344,85,100,#FF2660
345,85,100,#FF265C
346,85,100,#FF2659
347,85,100,#FF2655
348,85,100,#FF2652
349,85,100,#FF264E
350,85,100,#FF264A
351,85,100,#FF2647
352,85,100,#FF2643
353,85,100,#FF2640
354,85,100,#FF263C
355,85,100,#FF2638
356,85,100,#FF2635
357,85,100,#FF2631
358,85,100,#FF262D
359,85,100,#FF262A
0,84,100,#FF2929
1,84,100,#FF2C29
2,84,100,#FF3029
3,84,100,#FF3429
4,84,100,#FF3729
5,84,100,#FF3B29
6,84,100,#FF3E29
7,84,100,#FF4229
8,84,100,#FF4529
9,84,100,#FF4929
10,84,100,#FF4D29
11,84,100,#FF5029
12,84,100,#FF5429
13,84,100,#FF5729
14,84,100,#FF5B29
15,84,100,#FF5E29
16,84,100,#FF6229
17,84,100,#FF6529
18,84,100,#FF6929
19,84,100,#FF6D29
20,84,100,#FF7029
21,84,100,#FF7429
22,84,100,#FF7729
23,84,100,#FF7B29
24,84,100,#FF7E29
25,84,100,#FF8229
26,84,100,#FF8629
27,84,100,#FF8929
28,84,100,#FF8D29
29,84,100,#FF9029
30,84,100,#FF9429
31,84,100,#FF9729
32,84,100,#FF9B29
33,84,100,#FF9F29
34,84,100,#FFA229
35,84,100,#FFA629
36,84,100,#FFA929
37,84,100,#FFAD29
38,84,100,#FFB029
39,84,100,#FFB429
40,84,100,#FFB829
41,84,100,#FFBB29
42,84,100,#FFBF29
43,84,100,#FFC229
44,84,100,#FFC629
45,84,100,#FFC929
46,84,100,#FFCD29
47,84,100,#FFD129
48,84,100,#FFD429
49,84,100,#FFD829
50,84,100,#FFDB29
51,84,100,#FFDF29
52,84,100,#FFE229
53,84,100,#FFE629
54,84,100,#FFEA29
55,84,100,#FFED29
56,84,100,#FFF129
57,84,100,#FFF429
58,84,100,#FFF829
59,84,100,#FFFB29
60,84,100,#FFFF29
61,84,100,#FBFF29
62,84,100,#F8FF29
63,84,100,#F4FF29
64,84,100,#F1FF29
65,84,100,#EDFF29
66,84,100,#EAFF29
67,84,100,#E6FF29
68,84,100,#E2FF29
69,84,100,#DFFF29
70,84,100,#DBFF29
71,84,100,#D8FF29
72,84,100,#D4FF29
73,84,100,#D1FF29
74,84,100,#CDFF29
75,84,100,#C9FF29
76,84,100,#C6FF29
77,84,100,#C2FF29
78,84,100,#BFFF29
79,84,100,#BBFF29
80,84,100,#B8FF29
81,84,100,#B4FF29
82,84,100,#B0FF29
83,84,100,#ADFF29
84,84,100,#A9FF29
85,84,100,#A6FF29
86,84,100,#A2FF29
87,84,100,#9FFF29
88,84,100,#9BFF29
89,84,100,#97FF29
90,84,100,#94FF29
91,84,100,#90FF29
92,84,100,#8DFF29
93,84,100,#89FF29
94,84,100,#86FF29
95,84,100,#82FF29
96,84,100,#7EFF29
97,84,100,#7BFF29
98,84,100,#77FF29
99,84,100,#74FF29
100,84,100,#70FF29
101,84,100,#6DFF29
102,84,100,#69FF29
103,84,100,#65FF29
104,84,100,#62FF29
105,84,100,#5EFF29
106,84,100,#5BFF29
107,84,100,#57FF29
108,84,100,#54FF29
109,84,100,#50FF29
110,84,100,#4CFF29
111,84,100,#49FF29
112,84,100,#45FF29
113,84,100,#42FF29
114,84,100,#3EFF29
115,84,100,#3BFF29
116,84,100,#37FF29
117,84,100,#34FF29
118,84,100,#30FF29
119,84,100,#2CFF29
120,84,100,#29FF29
121,84,100,#29FF2C
122,84,100,#29FF30
123,84,100,#29FF34
124,84,100,#29FF37
125,84,100,#29FF3B
126,84,100,#29FF3E
127,84,100,#29FF42
128,84,100,#29FF45
129,84,100,#29FF49
130,84,100,#29FF4C
131,84,100,#29FF50
132,84,100,#29FF54
133,84,100,#29FF57
134,84,100,#29FF5B
135,84,100,#29FF5E
136,84,100,#29FF62
137,84,100,#29FF65
138,84,100,#29FF69
139,84,100,#29FF6D
140,84,100,#29FF70
141,84,100,#29FF74
142,84,100,#29FF77
143,84,100,#29FF7B
144,84,100,#29FF7E
145,84,100,#29FF82
146,84,100,#29FF86
147,84,100,#29FF89
148,84,100,#29FF8D
149,84,100,#29FF90
150,84,100,#29FF94
151,84,100,#29FF97
152,84,100,#29FF9B
153,84,100,#29FF9F
154,84,100,#29FFA2
155,84,100,#29FFA6
156,84,100,#29FFA9
157,84,100,#29FFAD
158,84,100,#29FFB0
159,84,100,#29FFB4
160,84,100,#29FFB8
161,84,100,#29FFBB
162,84,100,#29FFBF
163,84,100,#29FFC2
164,84,100,#29FFC6
165,84,100,#29FFC9
166,84,100,#29FFCD
167,84,100,#29FFD1
168,84,100,#29FFD4
169,84,100,#29FFD8
170,84,100,#29FFDB
171,84,100,#29FFDF
172,84,100,#29FFE2
173,84,100,#29FFE6
174,84,100,#29FFEA
175,84,100,#29FFED
176,84,100,#29FFF1
177,84,100,#29FFF4
178,84,100,#29FFF8
179,84,100,#29FFFB
180,84,100,#29FFFF
181,84,100,#29FBFF
182,84,100,#29F8FF
183,84,100,#29F4FF
184,84,100,#29F1FF
185,84,100,#29EDFF
186,84,100,#29EAFF
187,84,100,#29E6FF
188,84,100,#29E2FF
189,84,100,#29DFFF
190,84,100,#29DBFF
191,84,100,#29D8FF
192,84,100,#29D4FF
193,84,100,#29D1FF
194,84,100,#29CDFF
195,84,100,#29C9FF
196,84,100,#29C6FF
197,84,100,#29C2FF
198,84,100,#29BFFF
199,84,100,#29BBFF
200,84,100,#29B8FF
201,84,100,#29B4FF
202,84,100,#29B0FF
203,84,100,#29ADFF
204,84,100,#29A9FF
205,84,100,#29A6FF
206,84,100,#29A2FF
207,84,100,#299FFF
208,84,100,#299BFF
209,84,100,#2997FF
210,84,100,#2994FF
211,84,100,#2990FF
212,84,100,#298DFF
213,84,100,#2989FF
214,84,100,#2986FF
215,84,100,#2982FF
216,84,100,#297EFF
217,84,100,#297BFF
218,84,100,#2977FF
219,84,100,#2974FF
220,84,100,#2970FF
221,84,100,#296DFF
222,84,100,#2969FF
223,84,100,#2965FF
224,84,100,#2962FF
225,84,100,#295EFF
226,84,100,#295BFF
227,84,100,#2957FF
228,84,100,#2954FF
229,84,100,#2950FF
230,84,100,#294DFF
231,84,100,#2949FF
232,84,100,#2945FF
233,84,100,#2942FF
234,84,100,#293EFF
235,84,100,#293BFF
236,84,100,#2937FF
237,84,100,#2934FF
238,84,100,#2930FF
239,84,100,#292CFF
240,84,100,#2929FF
241,84,100,#2C29FF
242,84,100,#3029FF
243,84,100,#3429FF
244,84,100,#3729FF
245,84,100,#3B29FF
246,84,100,#3E29FF
247,84,100,#4229FF
248,84,100,#4529FF
249,84,100,#4929FF
250,84,100,#4C29FF
251,84,100,#5029FF
252,84,100,#5429FF
253,84,100,#5729FF
254,84,100,#5B29FF
255,84,100,#5E29FF
256,84,100,#6229FF
257,84,100,#6529FF
258,84,100,#6929FF
259,84,100,#6D29FF
260,84,100,#7029FF
261,84,100,#7429FF
262,84,100,#7729FF
263,84,100,#7B29FF
264,84,100,#7E29FF
265,84,100,#8229FF
266,84,100,#8629FF
267,84,100,#8929FF
268,84,100,#8D29FF
269,84,100,#9029FF
270,84,100,#9429FF
271,84,100,#9729FF
272,84,100,#9B29FF
273,84,100,#9F29FF
274,84,100,#A229FF
275,84,100,#A629FF
276,84,100,#A929FF
277,84,100,#AD29FF
278,84,100,#B029FF
279,84,100,#B429FF
280,84,100,#B829FF
281,84,100,#BB29FF
282,84,100,#BF29FF
283,84,100,#C229FF
284,84,100,#C629FF
285,84,100,#C929FF
286,84,100,#CD29FF
287,84,100,#D129FF
288,84,100,#D429FF
289,84,100,#D829FF
290,84,100,#DB29FF
291,84,100,#DF29FF
292,84,100,#E229FF
293,84,100,#E629FF
294,84,100,#EA29FF
295,84,100,#ED29FF
296,84,100,#F129FF
297,84,100,#F429FF
298,84,100,#F829FF
299,84,100,#FB29FF
300,84,100,#FF29FF
301,84,100,#FF29FB
302,84,100,#FF29F8
303,84,100,#FF29F4
304,84,100,#FF29F1
305,84,100,#FF29ED
306,84,100,#FF29EA
307,84,100,#FF29E6
308,84,100,#FF29E2
309,84,100,#FF29DF
310,84,100,#FF29DB
311,84,100,#FF29D8
312,84,100,#FF29D4
313,84,100,#FF29D1
314,84,100,#FF29CD
315,84,100,#FF29C9
316,84,100,#FF29C6
317,84,100,#FF29C2
318,84,100,#FF29BF
319,84,100,#FF29BB
320,84,100,#FF29B8
321,84,100,#FF29B4
322,84,100,#FF29B0
323,84,100,#FF29AD
324,84,100,#FF29A9
325,84,100,#FF29A6
326,84,100,#FF29A2
327,84,100,#FF299F
328,84,100,#FF299B
329,84,100,#FF2997
330,84,100,#FF2994
331,84,100,#FF2990
332,84,100,#FF298D
333,84,100,#FF2989
334,84,100,#FF2986
335,84,100,#FF2982
336,84,100,#FF297E
337,84,100,#FF297B
338,84,100,#FF2977
339,84,100,#FF2974
340,84,100,#FF2970
341,84,100,#FF296D
342,84,100,#FF2969
343,84,100,#FF2965
344,84,100,#FF2962
345,84,100,#FF295E
346,84,100,#FF295B
347,84,100,#FF2957
348,84,100,#FF2954
349,84,100,#FF2950
350,84,100,#FF294D
351,84,100,#FF2949
352,84,100,#FF2945
353,84,100,#FF2942
354,84,100,#FF293E
355,84,100,#FF293B
356,84,100,#FF2937
357,84,100,#FF2934
358,84,100,#FF2930
359,84,100,#FF292C
0,83,100,#FF2B2B
1,83,100,#FF2F2B
2,83,100,#FF322B
3,83,100,#FF362B
4,83,100,#FF392B
5,83,100,#FF3D2B
6,83,100,#FF412B
7,83,100,#FF442B
8,83,100,#FF482B
9,83,100,#FF4B2B
10,83,100,#FF4F2B
11,83,100,#FF522B
12,83,100,#FF562B
13,83,100,#FF592B
14,83,100,#FF5D2B
15,83,100,#FF602B
16,83,100,#FF642B
17,83,100,#FF672B
18,83,100,#FF6B2B
19,83,100,#FF6E2B
20,83,100,#FF722B
21,83,100,#FF752B
22,83,100,#FF792B
23,83,100,#FF7C2B
24,83,100,#FF802B
25,83,100,#FF842B
26,83,100,#FF872B
27,83,100,#FF8B2B
28,83,100,#FF8E2B
29,83,100,#FF922B
30,83,100,#FF952B
31,83,100,#FF992B
32,83,100,#FF9C2B
33,83,100,#FFA02B
34,83,100,#FFA32B
35,83,100,#FFA72B
36,83,100,#FFAA2B
37,83,100,#FFAE2B
38,83,100,#FFB12B
39,83,100,#FFB52B
40,83,100,#FFB82B
41,83,100,#FFBC2B
42,83,100,#FFC02B
43,83,100,#FFC32B
44,83,100,#FFC72B
45,83,100,#FFCA2B
46,83,100,#FFCE2B
47,83,100,#FFD12B
48,83,100,#FFD52B
49,83,100,#FFD82B
50,83,100,#FFDC2B
51,83,100,#FFDF2B
52,83,100,#FFE32B
53,83,100,#FFE62B
54,83,100,#FFEA2B
55,83,100,#FFED2B
56,83,100,#FFF12B
57,83,100,#FFF42B
58,83,100,#FFF82B
59,83,100,#FFFB2B
60,83,100,#FFFF2B
61,83,100,#FBFF2B
62,83,100,#F8FF2B
63,83,100,#F4FF2B
64,83,100,#F1FF2B
65,83,100,#EDFF2B
66,83,100,#EAFF2B
67,83,100,#E6FF2B
68,83,100,#E3FF2B
69,83,100,#DFFF2B
70,83,100,#DCFF2B
71,83,100,#D8FF2B
72,83,100,#D5FF2B
73,83,100,#D1FF2B
74,83,100,#CEFF2B
75,83,100,#CAFF2B
76,83,100,#C7FF2B
77,83,100,#C3FF2B
78,83,100,#C0FF2B
79,83,100,#BCFF2B
80,83,100,#B8FF2B
81,83,100,#B5FF2B
82,83,100,#B1FF2B
83,83,100,#AEFF2B
84,83,100,#AAFF2B
85,83,100,#A7FF2B
86,83,100,#A3FF2B
87,83,100,#A0FF2B
88,83,100,#9CFF2B
89,83,100,#99FF2B
90,83,100,#95FF2B
91,83,100,#92FF2B
92,83,100,#8EFF2B
93,83,100,#8BFF2B
94,83,100,#87FF2B
95,83,100,#84FF2B
96,83,100,#80FF2B
97,83,100,#7CFF2B
98,83,100,#79FF2B
99,83,100,#75FF2B
100,83,100,#72FF2B
101,83,100,#6EFF2B
102,83,100,#6BFF2B
103,83,100,#67FF2B
104,83,100,#64FF2B
105,83,100,#60FF2B
106,83,100,#5DFF2B
107,83,100,#59FF2B
108,83,100,#56FF2B
109,83,100,#52FF2B
110,83,100,#4FFF2B
111,83,100,#4BFF2B
112,83,100,#48FF2B
113,83,100,#44FF2B
114,83,100,#41FF2B
115,83,100,#3DFF2B
116,83,100,#39FF2B
117,83,100,#36FF2B
118,83,100,#32FF2B
119,83,100,#2FFF2B
120,83,100,#2BFF2B
121,83,100,#2BFF2F
122,83,100,#2BFF32
123,83,100,#2BFF36
124,83,100,#2BFF39
125,83,100,#2BFF3D
126,83,100,#2BFF41
127,83,100,#2BFF44
128,83,100,#2BFF48
129,83,100,#2BFF4B
130,83,100,#2BFF4F
131,83,100,#2BFF52
132,83,100,#2BFF56
133,83,100,#2BFF59
134,83,100,#2BFF5D
135,83,100,#2BFF60
136,83,100,#2BFF64
137,83,100,#2BFF67
138,83,100,#2BFF6B
139,83,100,#2BFF6E
140,83,100,#2BFF72
141,83,100,#2BFF75
142,83,100,#2BFF79
143,83,100,#2BFF7C
144,83,100,#2BFF80
145,83,100,#2BFF84
146,83,100,#2BFF87
147,83,100,#2BFF8B
148,83,100,#2BFF8E
149,83,100,#2BFF92
150,83,100,#2BFF95
151,83,100,#2BFF99
152,83,100,#2BFF9C
153,83,100,#2BFFA0
154,83,100,#2BFFA3
155,83,100,#2BFFA7
156,83,100,#2BFFAA
157,83,100,#2BFFAE
158,83,100,#2BFFB1
159,83,100,#2BFFB5
160,83,100,#2BFFB8
161,83,100,#2BFFBC
162,83,100,#2BFFC0
163,83,100,#2BFFC3
164,83,100,#2BFFC7
165,83,100,#2BFFCA
166,83,100,#2BFFCE
167,83,100,#2BFFD1
168,83,100,#2BFFD5
169,83,100,#2BFFD8
170,83,100,#2BFFDC
171,83,100,#2BFFDF
172,83,100,#2BFFE3
173,83,100,#2BFFE6
174,83,100,#2BFFEA
175,83,100,#2BFFED
176,83,100,#2BFFF1
177,83,100,#2BFFF4
178,83,100,#2BFFF8
179,83,100,#2BFFFB
180,83,100,#2BFFFF
181,83,100,#2BFBFF
182,83,100,#2BF8FF
183,83,100,#2BF4FF
184,83,100,#2BF1FF
185,83,100,#2BEDFF
186,83,100,#2BEAFF
187,83,100,#2BE6FF
188,83,100,#2BE3FF
189,83,100,#2BDFFF
190,83,100,#2BDCFF
191,83,100,#2BD8FF
192,83,100,#2BD5FF
193,83,100,#2BD1FF
194,83,100,#2BCEFF
195,83,100,#2BCAFF
196,83,100,#2BC7FF
197,83,100,#2BC3FF
198,83,100,#2BC0FF
199,83,100,#2BBCFF
200,83,100,#2BB8FF
201,83,100,#2BB5FF
202,83,100,#2BB1FF
203,83,100,#2BAEFF
204,83,100,#2BAAFF
205,83,100,#2BA7FF
206,83,100,#2BA3FF
207,83,100,#2BA0FF
208,83,100,#2B9CFF
209,83,100,#2B99FF
210,83,100,#2B95FF
211,83,100,#2B92FF
212,83,100,#2B8EFF
213,83,100,#2B8BFF
214,83,100,#2B87FF
215,83,100,#2B84FF
216,83,100,#2B80FF
217,83,100,#2B7CFF
218,83,100,#2B79FF
219,83,100,#2B75FF
220,83,100,#2B72FF
221,83,100,#2B6EFF
222,83,100,#2B6BFF
223,83,100,#2B67FF
224,83,100,#2B64FF
225,83,100,#2B60FF
226,83,100,#2B5DFF
227,83,100,#2B59FF
228,83,100,#2B56FF
229,83,100,#2B52FF
230,83,100,#2B4FFF
231,83,100,#2B4BFF
232,83,100,#2B48FF
233,83,100,#2B44FF
234,83,100,#2B41FF
235,83,100,#2B3DFF
236,83,100,#2B39FF
237,83,100,#2B36FF
238,83,100,#2B32FF
239,83,100,#2B2FFF
240,83,100,#2B2BFF
241,83,100,#2F2BFF
242,83,100,#322BFF
243,83,100,#362BFF
244,83,100,#392BFF
245,83,100,#3D2BFF
246,83,100,#412BFF
247,83,100,#442BFF
248,83,100,#482BFF
249,83,100,#4B2BFF
250,83,100,#4F2BFF
251,83,100,#522BFF
252,83,100,#562BFF
253,83,100,#592BFF
254,83,100,#5D2BFF
255,83,100,#602BFF
256,83,100,#642BFF
257,83,100,#672BFF
258,83,100,#6B2BFF
259,83,100,#6E2BFF
260,83,100,#722BFF
261,83,100,#752BFF
262,83,100,#792BFF
263,83,100,#7C2BFF
264,83,100,#802BFF
265,83,100,#842BFF
266,83,100,#872BFF
267,83,100,#8B2BFF
268,83,100,#8E2BFF
269,83,100,#922BFF
270,83,100,#952BFF
271,83,100,#992BFF
272,83,100,#9C2BFF
273,83,100,#A02BFF
274,83,100,#A32BFF
275,83,100,#A72BFF
276,83,100,#AA2BFF
277,83,100,#AE2BFF
278,83,100,#B12BFF
279,83,100,#B52BFF
280,83,100,#B82BFF
281,83,100,#BC2BFF
282,83,100,#C02BFF
283,83,100,#C32BFF
284,83,100,#C72BFF
285,83,100,#CA2BFF
286,83,100,#CE2BFF
287,83,100,#D12BFF
288,83,100,#D52BFF
289,83,100,#D82BFF
290,83,100,#DC2BFF
291,83,100,#DF2BFF
292,83,100,#E32BFF
293,83,100,#E62BFF
294,83,100,#EA2BFF
295,83,100,#ED2BFF
296,83,100,#F12BFF
297,83,100,#F42BFF
298,83,100,#F82BFF
299,83,100,#FB2BFF
300,83,100,#FF2BFF
301,83,100,#FF2BFB
302,83,100,#FF2BF8
303,83,100,#FF2BF4
304,83,100,#FF2BF1
305,83,100,#FF2BED
306,83,100,#FF2BEA
307,83,100,#FF2BE6
308,83,100,#FF2BE3
309,83,100,#FF2BDF
310,83,100,#FF2BDC
311,83,100,#FF2BD8
312,83,100,#FF2BD5
313,83,100,#FF2BD1
314,83,100,#FF2BCE
315,83,100,#FF2BCA
316,83,100,#FF2BC7
317,83,100,#FF2BC3
318,83,100,#FF2BC0
319,83,100,#FF2BBC
320,83,100,#FF2BB8
321,83,100,#FF2BB5
322,83,100,#FF2BB1
323,83,100,#FF2BAE
324,83,100,#FF2BAA
325,83,100,#FF2BA7
326,83,100,#FF2BA3
327,83,100,#FF2BA0
328,83,100,#FF2B9C
329,83,100,#FF2B99
330,83,100,#FF2B95
331,83,100,#FF2B92
332,83,100,#FF2B8E
333,83,100,#FF2B8B
334,83,100,#FF2B87
335,83,100,#FF2B84
336,83,100,#FF2B80
337,83,100,#FF2B7C
338,83,100,#FF2B79
339,83,100,#FF2B75
340,83,100,#FF2B72
341,83,100,#FF2B6E
342,83,100,#FF2B6B
343,83,100,#FF2B67
344,83,100,#FF2B64
345,83,100,#FF2B60
346,83,100,#FF2B5D
347,83,100,#FF2B59
348,83,100,#FF2B56
349,83,100,#FF2B52
350,83,100,#FF2B4F
351,83,100,#FF2B4B
352,83,100,#FF2B48
353,83,100,#FF2B44
354,83,100,#FF2B41
355,83,100,#FF2B3D
356,83,100,#FF2B39
357,83,100,#FF2B36
358,83,100,#FF2B32
359,83,100,#FF2B2F
0,82,100,#FF2E2E
1,82,100,#FF312E
2,82,100,#FF352E
3,82,100,#FF382E
4,82,100,#FF3C2E
5,82,100,#FF3F2E
6,82,100,#FF432E
7,82,100,#FF462E
8,82,100,#FF4A2E
9,82,100,#FF4D2E
10,82,100,#FF512E
11,82,100,#FF542E
12,82,100,#FF582E
13,82,100,#FF5B2E
14,82,100,#FF5F2E
15,82,100,#FF622E
16,82,100,#FF662E
17,82,100,#FF692E
18,82,100,#FF6D2E
19,82,100,#FF702E
20,82,100,#FF742E
21,82,100,#FF772E
22,82,100,#FF7B2E
23,82,100,#FF7E2E
24,82,100,#FF822E
25,82,100,#FF852E
26,82,100,#FF892E
27,82,100,#FF8C2E
28,82,100,#FF8F2E
29,82,100,#FF932E
30,82,100,#FF962E
31,82,100,#FF9A2E
32,82,100,#FF9D2E
33,82,100,#FFA12E
34,82,100,#FFA42E
35,82,100,#FFA82E
36,82,100,#FFAB2E
37,82,100,#FFAF2E
38,82,100,#FFB22E
39,82,100,#FFB62E
40,82,100,#FFB92E
41,82,100,#FFBD2E
42,82,100,#FFC02E
43,82,100,#FFC42E
44,82,100,#FFC72E
45,82,100,#FFCB2E
46,82,100,#FFCE2E
47,82,100,#FFD22E
48,82,100,#FFD52E
49,82,100,#FFD92E
50,82,100,#FFDC2E
51,82,100,#FFE02E
52,82,100,#FFE32E
53,82,100,#FFE72E
54,82,100,#FFEA2E
55,82,100,#FFEE2E
56,82,100,#FFF12E
57,82,100,#FFF52E
58,82,100,#FFF82E
59,82,100,#FFFC2E
60,82,100,#FFFF2E
61,82,100,#FCFF2E
62,82,100,#F8FF2E
63,82,100,#F5FF2E
64,82,100,#F1FF2E
65,82,100,#EEFF2E
66,82,100,#EAFF2E
67,82,100,#E7FF2E
68,82,100,#E3FF2E
69,82,100,#E0FF2E
70,82,100,#DCFF2E
71,82,100,#D9FF2E
72,82,100,#D5FF2E
73,82,100,#D2FF2E
74,82,100,#CEFF2E
75,82,100,#CBFF2E
76,82,100,#C7FF2E
77,82,100,#C4FF2E
78,82,100,#C0FF2E
79,82,100,#BDFF2E
80,82,100,#B9FF2E
81,82,100,#B6FF2E
82,82,100,#B2FF2E
83,82,100,#AFFF2E
84,82,100,#ABFF2E
85,82,100,#A8FF2E
86,82,100,#A4FF2E
87,82,100,#A1FF2E
88,82,100,#9DFF2E
89,82,100,#9AFF2E
90,82,100,#96FF2E
91,82,100,#93FF2E
92,82,100,#8FFF2E
93,82,100,#8CFF2E
94,82,100,#89FF2E
95,82,100,#85FF2E
96,82,100,#82FF2E
97,82,100,#7EFF2E
98,82,100,#7BFF2E
99,82,100,#77FF2E
100,82,100,#74FF2E
101,82,100,#70FF2E
102,82,100,#6DFF2E
103,82,100,#69FF2E
104,82,100,#66FF2E
105,82,100,#62FF2E
106,82,100,#5FFF2E
107,82,100,#5BFF2E
108,82,100,#58FF2E
109,82,100,#54FF2E
110,82,100,#51FF2E
111,82,100,#4DFF2E
112,82,100,#4AFF2E
113,82,100,#46FF2E
114,82,100,#43FF2E
115,82,100,#3FFF2E
116,82,100,#3CFF2E
117,82,100,#38FF2E
118,82,100,#35FF2E
119,82,100,#31FF2E
120,82,100,#2EFF2E
121,82,100,#2EFF31
122,82,100,#2EFF35
123,82,100,#2EFF38
124,82,100,#2EFF3C
125,82,100,#2EFF3F
126,82,100,#2EFF43
127,82,100,#2EFF46
128,82,100,#2EFF4A
129,82,100,#2EFF4D
130,82,100,#2EFF51
131,82,100,#2EFF54
132,82,100,#2EFF58
133,82,100,#2EFF5B
134,82,100,#2EFF5F
135,82,100,#2EFF62
136,82,100,#2EFF66
137,82,100,#2EFF69
138,82,100,#2EFF6D
139,82,100,#2EFF70
140,82,100,#2EFF74
141,82,100,#2EFF77
142,82,100,#2EFF7B
143,82,100,#2EFF7E
144,82,100,#2EFF82
145,82,100,#2EFF85
146,82,100,#2EFF89
147,82,100,#2EFF8C
148,82,100,#2EFF8F
149,82,100,#2EFF93
150,82,100,#2EFF96
151,82,100,#2EFF9A
152,82,100,#2EFF9D
153,82,100,#2EFFA1
154,82,100,#2EFFA4
155,82,100,#2EFFA8
156,82,100,#2EFFAB
157,82,100,#2EFFAF
158,82,100,#2EFFB2
159,82,100,#2EFFB6
160,82,100,#2EFFB9
161,82,100,#2EFFBD
162,82,100,#2EFFC0
163,82,100,#2EFFC4
164,82,100,#2EFFC7
165,82,100,#2EFFCB
166,82,100,#2EFFCE
167,82,100,#2EFFD2
168,82,100,#2EFFD5
169,82,100,#2EFFD9
170,82,100,#2EFFDC
171,82,100,#2EFFE0
172,82,100,#2EFFE3
173,82,100,#2EFFE7
174,82,100,#2EFFEA
175,82,100,#2EFFEE
176,82,100,#2EFFF1
177,82,100,#2EFFF5
178,82,100,#2EFFF8
179,82,100,#2EFFFC
180,82,100,#2EFFFF
181,82,100,#2EFCFF
182,82,100,#2EF8FF
183,82,100,#2EF5FF
184,82,100,#2EF1FF
185,82,100,#2EEEFF
186,82,100,#2EEAFF
187,82,100,#2EE7FF
188,82,100,#2EE3FF
189,82,100,#2EE0FF
190,82,100,#2EDCFF
191,82,100,#2ED9FF
192,82,100,#2ED5FF
193,82,100,#2ED2FF
194,82,100,#2ECEFF
195,82,100,#2ECBFF
196,82,100,#2EC7FF
197,82,100,#2EC4FF
198,82,100,#2EC0FF
199,82,100,#2EBDFF
200,82,100,#2EB9FF
201,82,100,#2EB6FF
202,82,100,#2EB2FF
203,82,100,#2EAFFF
204,82,100,#2EABFF
205,82,100,#2EA8FF
206,82,100,#2EA4FF
207,82,100,#2EA1FF
208,82,100,#2E9DFF
209,82,100,#2E9AFF
210,82,100,#2E96FF
211,82,100,#2E93FF
212,82,100,#2E8FFF
213,82,100,#2E8CFF
214,82,100,#2E89FF
215,82,100,#2E85FF
216,82,100,#2E82FF
217,82,100,#2E7EFF
218,82,100,#2E7BFF
219,82,100,#2E77FF
220,82,100,#2E74FF
221,82,100,#2E70FF
222,82,100,#2E6DFF
223,82,100,#2E69FF
224,82,100,#2E66FF
225,82,100,#2E62FF
226,82,100,#2E5FFF
227,82,100,#2E5BFF
228,82,100,#2E58FF
229,82,100,#2E54FF
230,82,100,#2E51FF
231,82,100,#2E4DFF
232,82,100,#2E4AFF
233,82,100,#2E46FF
234,82,100,#2E43FF
235,82,100,#2E3FFF
236,82,100,#2E3CFF
237,82,100,#2E38FF
238,82,100,#2E35FF
239,82,100,#2E31FF
240,82,100,#2E2EFF
241,82,100,#312EFF
242,82,100,#352EFF
243,82,100,#382EFF
244,82,100,#3C2EFF
245,82,100,#3F2EFF
246,82,100,#432EFF
247,82,100,#462EFF
248,82,100,#4A2EFF
249,82,100,#4D2EFF
250,82,100,#512EFF
251,82,100,#542EFF
252,82,100,#582EFF
253,82,100,#5B2EFF
254,82,100,#5F2EFF
255,82,100,#622EFF
256,82,100,#662EFF
257,82,100,#692EFF
258,82,100,#6D2EFF
259,82,100,#702EFF
260,82,100,#742EFF
261,82,100,#772EFF
262,82,100,#7B2EFF
263,82,100,#7E2EFF
264,82,100,#822EFF
265,82,100,#852EFF
266,82,100,#892EFF
267,82,100,#8C2EFF
268,82,100,#8F2EFF
269,82,100,#932EFF
270,82,100,#962EFF
271,82,100,#9A2EFF
272,82,100,#9D2EFF
273,82,100,#A12EFF
274,82,100,#A42EFF
275,82,100,#A82EFF
276,82,100,#AB2EFF
277,82,100,#AF2EFF
278,82,100,#B22EFF
279,82,100,#B62EFF
280,82,100,#B92EFF
281,82,100,#BD2EFF
282,82,100,#C02EFF
283,82,100,#C42EFF
284,82,100,#C72EFF
285,82,100,#CB2EFF
286,82,100,#CE2EFF
287,82,100,#D22EFF
288,82,100,#D52EFF
289,82,100,#D92EFF
290,82,100,#DC2EFF
291,82,100,#E02EFF
292,82,100,#E32EFF
293,82,100,#E72EFF
294,82,100,#EA2EFF
295,82,100,#EE2EFF
296,82,100,#F12EFF
297,82,100,#F52EFF
298,82,100,#F82EFF
299,82,100,#FC2EFF
300,82,100,#FF2EFF
301,82,100,#FF2EFC
302,82,100,#FF2EF8
303,82,100,#FF2EF5
304,82,100,#FF2EF1
305,82,100,#FF2EEE
306,82,100,#FF2EEA
307,82,100,#FF2EE7
308,82,100,#FF2EE3
309,82,100,#FF2EE0
310,82,100,#FF2EDC
311,82,100,#FF2ED9
312,82,100,#FF2ED5
313,82,100,#FF2ED2
314,82,100,#FF2ECE
315,82,100,#FF2ECB
316,82,100,#FF2EC7
317,82,100,#FF2EC4
318,82,100,#FF2EC0
319,82,100,#FF2EBD
320,82,100,#FF2EB9
321,82,100,#FF2EB6
322,82,100,#FF2EB2
323,82,100,#FF2EAF
324,82,100,#FF2EAB
325,82,100,#FF2EA8
326,82,100,#FF2EA4
327,82,100,#FF2EA1
328,82,100,#FF2E9D
329,82,100,#FF2E9A
330,82,100,#FF2E96
331,82,100,#FF2E93
332,82,100,#FF2E8F
333,82,100,#FF2E8C
334,82,100,#FF2E89
335,82,100,#FF2E85
336,82,100,#FF2E82
337,82,100,#FF2E7E
338,82,100,#FF2E7B
339,82,100,#FF2E77
340,82,100,#FF2E74
341,82,100,#FF2E70
342,82,100,#FF2E6D
343,82,100,#FF2E69
344,82,100,#FF2E66
345,82,100,#FF2E62
346,82,100,#FF2E5F
347,82,100,#FF2E5B
348,82,100,#FF2E58
349,82,100,#FF2E54
350,82,100,#FF2E51
351,82,100,#FF2E4D
352,82,100,#FF2E4A
353,82,100,#FF2E46
354,82,100,#FF2E43
355,82,100,#FF2E3F
356,82,100,#FF2E3C
357,82,100,#FF2E38
358,82,100,#FF2E35
359,82,100,#FF2E31
0,81,100,#FF3030
1,81,100,#FF3430
2,81,100,#FF3730
3,81,100,#FF3B30
4,81,100,#FF3E30
5,81,100,#FF4230
6,81,100,#FF4530
7,81,100,#FF4930
8,81,100,#FF4C30
9,81,100,#FF4F30
10,81,100,#FF5330
11,81,100,#FF5630
12,81,100,#FF5A30
13,81,100,#FF5D30
14,81,100,#FF6130
15,81,100,#FF6430
16,81,100,#FF6830
17,81,100,#FF6B30
18,81,100,#FF6E30
19,81,100,#FF7230
20,81,100,#FF7530
21,81,100,#FF7930
22,81,100,#FF7C30
23,81,100,#FF8030
24,81,100,#FF8330
25,81,100,#FF8730
26,81,100,#FF8A30
27,81,100,#FF8D30
28,81,100,#FF9130
29,81,100,#FF9430
30,81,100,#FF9830
31,81,100,#FF9B30
32,81,100,#FF9F30
33,81,100,#FFA230
34,81,100,#FFA530
35,81,100,#FFA930
36,81,100,#FFAC30
37,81,100,#FFB030
38,81,100,#FFB330
39,81,100,#FFB730
40,81,100,#FFBA30
41,81,100,#FFBE30
42,81,100,#FFC130
43,81,100,#FFC430
44,81,100,#FFC830
45,81,100,#FFCB30
46,81,100,#FFCF30
47,81,100,#FFD230
48,81,100,#FFD630
49,81,100,#FFD930
50,81,100,#FFDD30
51,81,100,#FFE030
52,81,100,#FFE330
53,81,100,#FFE730
54,81,100,#FFEA30
55,81,100,#FFEE30
56,81,100,#FFF130
57,81,100,#FFF530
58,81,100,#FFF830
59,81,100,#FFFC30
60,81,100,#FFFF30
61,81,100,#FCFF30
62,81,100,#F8FF30
63,81,100,#F5FF30
64,81,100,#F1FF30
65,81,100,#EEFF30
66,81,100,#EAFF30
67,81,100,#E7FF30
68,81,100,#E3FF30
69,81,100,#E0FF30
70,81,100,#DDFF30
71,81,100,#D9FF30
72,81,100,#D6FF30
73,81,100,#D2FF30
74,81,100,#CFFF30
75,81,100,#CBFF30
76,81,100,#C8FF30
77,81,100,#C4FF30
78,81,100,#C1FF30
79,81,100,#BEFF30
80,81,100,#BAFF30
81,81,100,#B7FF30
82,81,100,#B3FF30
83,81,100,#B0FF30
84,81,100,#ACFF30
85,81,100,#A9FF30
86,81,100,#A5FF30
87,81,100,#A2FF30
88,81,100,#9FFF30
89,81,100,#9BFF30
90,81,100,#98FF30
91,81,100,#94FF30
92,81,100,#91FF30
93,81,100,#8DFF30
94,81,100,#8AFF30
95,81,100,#87FF30
96,81,100,#83FF30
97,81,100,#80FF30
98,81,100,#7CFF30
99,81,100,#79FF30
100,81,100,#75FF30
101,81,100,#72FF30
102,81,100,#6EFF30
103,81,100,#6BFF30
104,81,100,#68FF30
105,81,100,#64FF30
106,81,100,#61FF30
107,81,100,#5DFF30
108,81,100,#5AFF30
109,81,100,#56FF30
110,81,100,#53FF30
111,81,100,#4FFF30
112,81,100,#4CFF30
113,81,100,#49FF30
114,81,100,#45FF30
115,81,100,#42FF30
116,81,100,#3EFF30
117,81,100,#3BFF30
118,81,100,#37FF30
119,81,100,#34FF30
120,81,100,#30FF30
121,81,100,#30FF34
122,81,100,#30FF37
123,81,100,#30FF3B
124,81,100,#30FF3E
125,81,100,#30FF42
126,81,100,#30FF45
127,81,100,#30FF49
128,81,100,#30FF4C
129,81,100,#30FF4F
130,81,100,#30FF53
131,81,100,#30FF56
132,81,100,#30FF5A
133,81,100,#30FF5D
134,81,100,#30FF61
135,81,100,#30FF64
136,81,100,#30FF68
137,81,100,#30FF6B
138,81,100,#30FF6E
139,81,100,#30FF72
140,81,100,#30FF75
141,81,100,#30FF79
142,81,100,#30FF7C
143,81,100,#30FF80
144,81,100,#30FF83
145,81,100,#30FF87
146,81,100,#30FF8A
147,81,100,#30FF8D
148,81,100,#30FF91
149,81,100,#30FF94
150,81,100,#30FF98
151,81,100,#30FF9B
152,81,100,#30FF9F
153,81,100,#30FFA2
154,81,100,#30FFA5
155,81,100,#30FFA9
156,81,100,#30FFAC
157,81,100,#30FFB0
158,81,100,#30FFB3
159,81,100,#30FFB7
160,81,100,#30FFBA
161,81,100,#30FFBE
162,81,100,#30FFC1
163,81,100,#30FFC4
164,81,100,#30FFC8
165,81,100,#30FFCB
166,81,100,#30FFCF
167,81,100,#30FFD2
168,81,100,#30FFD6
169,81,100,#30FFD9
170,81,100,#30FFDD
171,81,100,#30FFE0
172,81,100,#30FFE3
173,81,100,#30FFE7
174,81,100,#30FFEA
175,81,100,#30FFEE
176,81,100,#30FFF1
177,81,100,#30FFF5
178,81,100,#30FFF8
179,81,100,#30FFFC
180,81,100,#30FFFF
181,81,100,#30FCFF
182,81,100,#30F8FF
183,81,100,#30F5FF
184,81,100,#30F1FF
185,81,100,#30EEFF
186,81,100,#30EAFF
187,81,100,#30E7FF
188,81,100,#30E3FF
189,81,100,#30E0FF
190,81,100,#30DDFF
191,81,100,#30D9FF
192,81,100,#30D6FF
193,81,100,#30D2FF
194,81,100,#30CFFF
195,81,100,#30CBFF
196,81,100,#30C8FF
197,81,100,#30C4FF
198,81,100,#30C1FF
199,81,100,#30BEFF
200,81,100,#30BAFF
201,81,100,#30B7FF
202,81,100,#30B3FF
203,81,100,#30B0FF
204,81,100,#30ACFF
205,81,100,#30A9FF
206,81,100,#30A5FF
207,81,100,#30A2FF
208,81,100,#309FFF
209,81,100,#309BFF
210,81,100,#3098FF
211,81,100,#3094FF
212,81,100,#3091FF
213,81,100,#308DFF
214,81,100,#308AFF
215,81,100,#3087FF
216,81,100,#3083FF
217,81,100,#3080FF
218,81,100,#307CFF
219,81,100,#3079FF
220,81,100,#3075FF
221,81,100,#3072FF
222,81,100,#306EFF
223,81,100,#306BFF
224,81,100,#3068FF
225,81,100,#3064FF
226,81,100,#3061FF
227,81,100,#305DFF
228,81,100,#305AFF
229,81,100,#3056FF
230,81,100,#3053FF
231,81,100,#304FFF
232,81,100,#304CFF
233,81,100,#3049FF
234,81,100,#3045FF
235,81,100,#3042FF
236,81,100,#303EFF
237,81,100,#303BFF
238,81,100,#3037FF
239,81,100,#3034FF
240,81,100,#3030FF
241,81,100,#3430FF
242,81,100,#3730FF
243,81,100,#3B30FF
244,81,100,#3E30FF
245,81,100,#4230FF
246,81,100,#4530FF
247,81,100,#4930FF
248,81,100,#4C30FF
249,81,100,#4F30FF
250,81,100,#5330FF
251,81,100,#5630FF
252,81,100,#5A30FF
253,81,100,#5D30FF
254,81,100,#6130FF
255,81,100,#6430FF
256,81,100,#6830FF
257,81,100,#6B30FF
258,81,100,#6E30FF
259,81,100,#7230FF
260,81,100,#7530FF
261,81,100,#7930FF
262,81,100,#7C30FF
263,81,100,#8030FF
264,81,100,#8330FF
265,81,100,#8730FF
266,81,100,#8A30FF
267,81,100,#8D30FF
268,81,100,#9130FF
269,81,100,#9430FF
270,81,100,#9830FF
271,81,100,#9B30FF
272,81,100,#9F30FF
273,81,100,#A230FF
274,81,100,#A530FF
275,81,100,#A930FF
276,81,100,#AC30FF
277,81,100,#B030FF
278,81,100,#B330FF
279,81,100,#B730FF
280,81,100,#BA30FF
281,81,100,#BE30FF
282,81,100,#C130FF
283,81,100,#C430FF
284,81,100,#C830FF
285,81,100,#CB30FF
286,81,100,#CF30FF
287,81,100,#D230FF
288,81,100,#D630FF
289,81,100,#D930FF
290,81,100,#DD30FF
291,81,100,#E030FF
292,81,100,#E330FF
293,81,100,#E730FF
294,81,100,#EA30FF
295,81,100,#EE30FF
296,81,100,#F130FF
297,81,100,#F530FF
298,81,100,#F830FF
299,81,100,#FC30FF
300,81,100,#FF30FF
301,81,100,#FF30FC
302,81,100,#FF30F8
303,81,100,#FF30F5
304,81,100,#FF30F1
305,81,100,#FF30EE
306,81,100,#FF30EA
307,81,100,#FF30E7
308,81,100,#FF30E3
309,81,100,#FF30E0
310,81,100,#FF30DD
311,81,100,#FF30D9
312,81,100,#FF30D6
313,81,100,#FF30D2
314,81,100,#FF30CF
315,81,100,#FF30CB
316,81,100,#FF30C8
317,81,100,#FF30C4
318,81,100,#FF30C1
319,81,100,#FF30BE
320,81,100,#FF30BA
321,81,100,#FF30B7
322,81,100,#FF30B3
323,81,100,#FF30B0
324,81,100,#FF30AC
325,81,100,#FF30A9
326,81,100,#FF30A5
327,81,100,#FF30A2
328,81,100,#FF309F
329,81,100,#FF309B
330,81,100,#FF3098
331,81,100,#FF3094
332,81,100,#FF3091
333,81,100,#FF308D
334,81,100,#FF308A
335,81,100,#FF3087
336,81,100,#FF3083
337,81,100,#FF3080
338,81,100,#FF307C
339,81,100,#FF3079
340,81,100,#FF3075
341,81,100,#FF3072
342,81,100,#FF306E
343,81,100,#FF306B
344,81,100,#FF3068
345,81,100,#FF3064
346,81,100,#FF3061
347,81,100,#FF305D
348,81,100,#FF305A
349,81,100,#FF3056
350,81,100,#FF3053
351,81,100,#FF304F
352,81,100,#FF304C
353,81,100,#FF3049
354,81,100,#FF3045
355,81,100,#FF3042
356,81,100,#FF303E
357,81,100,#FF303B
358,81,100,#FF3037
359,81,100,#FF3034
0,80,100,#FF3333
1,80,100,#FF3633
2,80,100,#FF3A33
3,80,100,#FF3D33
4,80,100,#FF4133
5,80,100,#FF4433
6,80,100,#FF4733
7,80,100,#FF4B33
8,80,100,#FF4E33
9,80,100,#FF5233
10,80,100,#FF5533
11,80,100,#FF5833
12,80,100,#FF5C33
13,80,100,#FF5F33
14,80,100,#FF6333
15,80,100,#FF6633
16,80,100,#FF6933
17,80,100,#FF6D33
18,80,100,#FF7033
19,80,100,#FF7433
20,80,100,#FF7733
21,80,100,#FF7A33
22,80,100,#FF7E33
23,80,100,#FF8133
24,80,100,#FF8533
25,80,100,#FF8833
26,80,100,#FF8B33
27,80,100,#FF8F33
28,80,100,#FF9233
29,80,100,#FF9633
30,80,100,#FF9933
31,80,100,#FF9C33
32,80,100,#FFA033
33,80,100,#FFA333
34,80,100,#FFA733
35,80,100,#FFAA33
36,80,100,#FFAD33
37,80,100,#FFB133
38,80,100,#FFB433
39,80,100,#FFB833
40,80,100,#FFBB33
41,80,100,#FFBE33
42,80,100,#FFC233
43,80,100,#FFC533
44,80,100,#FFC933
45,80,100,#FFCC33
46,80,100,#FFCF33
47,80,100,#FFD333
48,80,100,#FFD633
49,80,100,#FFDA33
50,80,100,#FFDD33
51,80,100,#FFE033
52,80,100,#FFE433
53,80,100,#FFE733
54,80,100,#FFEB33
55,80,100,#FFEE33
56,80,100,#FFF133
57,80,100,#FFF533
58,80,100,#FFF833
59,80,100,#FFFC33
60,80,100,#FFFF33
61,80,100,#FCFF33
62,80,100,#F8FF33
63,80,100,#F5FF33
64,80,100,#F1FF33
65,80,100,#EEFF33
66,80,100,#EBFF33
67,80,100,#E7FF33
68,80,100,#E4FF33
69,80,100,#E0FF33
70,80,100,#DDFF33
71,80,100,#DAFF33
72,80,100,#D6FF33
73,80,100,#D3FF33
74,80,100,#CFFF33
75,80,100,#CCFF33
76,80,100,#C9FF33
77,80,100,#C5FF33
78,80,100,#C2FF33
79,80,100,#BEFF33
80,80,100,#BBFF33
81,80,100,#B8FF33
82,80,100,#B4FF33
83,80,100,#B1FF33
84,80,100,#ADFF33
85,80,100,#AAFF33
86,80,100,#A7FF33
87,80,100,#A3FF33
88,80,100,#A0FF33
89,80,100,#9CFF33
90,80,100,#99FF33
91,80,100,#96FF33
92,80,100,#92FF33
93,80,100,#8FFF33
94,80,100,#8BFF33
95,80,100,#88FF33
96,80,100,#85FF33
97,80,100,#81FF33
98,80,100,#7EFF33
99,80,100,#7AFF33
100,80,100,#77FF33
101,80,100,#74FF33
102,80,100,#70FF33
103,80,100,#6DFF33
104,80,100,#69FF33
105,80,100,#66FF33
106,80,100,#63FF33
107,80,100,#5FFF33
108,80,100,#5CFF33
109,80,100,#58FF33
110,80,100,#55FF33
111,80,100,#52FF33
112,80,100,#4EFF33
113,80,100,#4BFF33
114,80,100,#47FF33
115,80,100,#44FF33
116,80,100,#41FF33
117,80,100,#3DFF33
118,80,100,#3AFF33
119,80,100,#36FF33
120,80,100,#33FF33
121,80,100,#33FF36
122,80,100,#33FF3A
123,80,100,#33FF3D
124,80,100,#33FF41
125,80,100,#33FF44
126,80,100,#33FF47
127,80,100,#33FF4B
128,80,100,#33FF4E
129,80,100,#33FF52
130,80,100,#33FF55
131,80,100,#33FF58
132,80,100,#33FF5C
133,80,100,#33FF5F
134,80,100,#33FF63
135,80,100,#33FF66
136,80,100,#33FF69
137,80,100,#33FF6D
138,80,100,#33FF70
139,80,100,#33FF74
140,80,100,#33FF77
141,80,100,#33FF7A
142,80,100,#33FF7E
143,80,100,#33FF81
144,80,100,#33FF85
145,80,100,#33FF88
146,80,100,#33FF8B
147,80,100,#33FF8F
148,80,100,#33FF92
149,80,100,#33FF96
150,80,100,#33FF99
151,80,100,#33FF9C
152,80,100,#33FFA0
153,80,100,#33FFA3
154,80,100,#33FFA7
155,80,100,#33FFAA
156,80,100,#33FFAD
157,80,100,#33FFB1
158,80,100,#33FFB4
159,80,100,#33FFB8
160,80,100,#33FFBB
161,80,100,#33FFBE
162,80,100,#33FFC2
163,80,100,#33FFC5
164,80,100,#33FFC9
165,80,100,#33FFCC
166,80,100,#33FFCF
167,80,100,#33FFD3
168,80,100,#33FFD6
169,80,100,#33FFDA
170,80,100,#33FFDD
171,80,100,#33FFE0
172,80,100,#33FFE4
173,80,100,#33FFE7
174,80,100,#33FFEB
175,80,100,#33FFEE
176,80,100,#33FFF1
177,80,100,#33FFF5
178,80,100,#33FFF8
179,80,100,#33FFFC
180,80,100,#33FFFF
181,80,100,#33FCFF
182,80,100,#33F8FF
183,80,100,#33F5FF
184,80,100,#33F1FF
185,80,100,#33EEFF
186,80,100,#33EBFF
187,80,100,#33E7FF
188,80,100,#33E4FF
189,80,100,#33E0FF
190,80,100,#33DDFF
191,80,100,#33DAFF
192,80,100,#33D6FF
193,80,100,#33D3FF
194,80,100,#33CFFF
195,80,100,#33CCFF
196,80,100,#33C9FF
197,80,100,#33C5FF
198,80,100,#33C2FF
199,80,100,#33BEFF
200,80,100,#33BBFF
201,80,100,#33B8FF
202,80,100,#33B4FF
203,80,100,#33B1FF
204,80,100,#33ADFF
205,80,100,#33AAFF
206,80,100,#33A7FF
207,80,100,#33A3FF
208,80,100,#33A0FF
209,80,100,#339CFF
210,80,100,#3399FF
211,80,100,#3396FF
212,80,100,#3392FF
213,80,100,#338FFF
214,80,100,#338BFF
215,80,100,#3388FF
216,80,100,#3385FF
217,80,100,#3381FF
218,80,100,#337EFF
219,80,100,#337AFF
220,80,100,#3377FF
221,80,100,#3374FF
222,80,100,#3370FF
223,80,100,#336DFF
224,80,100,#3369FF
225,80,100,#3366FF
226,80,100,#3363FF
227,80,100,#335FFF
228,80,100,#335CFF
229,80,100,#3358FF
230,80,100,#3355FF
231,80,100,#3352FF
232,80,100,#334EFF
233,80,100,#334BFF
234,80,100,#3347FF
235,80,100,#3344FF
236,80,100,#3341FF
237,80,100,#333DFF
238,80,100,#333AFF
239,80,100,#3336FF
240,80,100,#3333FF
241,80,100,#3633FF
242,80,100,#3A33FF
243,80,100,#3D33FF
244,80,100,#4133FF
245,80,100,#4433FF
246,80,100,#4733FF
247,80,100,#4B33FF
248,80,100,#4E33FF
249,80,100,#5233FF
250,80,100,#5533FF
251,80,100,#5833FF
252,80,100,#5C33FF
253,80,100,#5F33FF
254,80,100,#6333FF
255,80,100,#6633FF
256,80,100,#6933FF
257,80,100,#6D33FF
258,80,100,#7033FF
259,80,100,#7433FF
260,80,100,#7733FF
261,80,100,#7A33FF
262,80,100,#7E33FF
263,80,100,#8133FF
264,80,100,#8533FF
265,80,100,#8833FF
266,80,100,#8B33FF
267,80,100,#8F33FF
268,80,100,#9233FF
269,80,100,#9633FF
270,80,100,#9933FF
271,80,100,#9C33FF
272,80,100,#A033FF
273,80,100,#A333FF
274,80,100,#A733FF
275,80,100,#AA33FF
276,80,100,#AD33FF
277,80,100,#B133FF
278,80,100,#B433FF
279,80,100,#B833FF
280,80,100,#BB33FF
281,80,100,#BE33FF
282,80,100,#C233FF
283,80,100,#C533FF
284,80,100,#C933FF
285,80,100,#CC33FF
286,80,100,#CF33FF
287,80,100,#D333FF
288,80,100,#D633FF
289,80,100,#DA33FF
290,80,100,#DD33FF
291,80,100,#E033FF
292,80,100,#E433FF
293,80,100,#E733FF
294,80,100,#EB33FF
295,80,100,#EE33FF
296,80,100,#F133FF
297,80,100,#F533FF
298,80,100,#F833FF
299,80,100,#FC33FF
300,80,100,#FF33FF
301,80,100,#FF33FC
302,80,100,#FF33F8
303,80,100,#FF33F5
304,80,100,#FF33F1
305,80,100,#FF33EE
306,80,100,#FF33EB
307,80,100,#FF33E7
308,80,100,#FF33E4
309,80,100,#FF33E0
310,80,100,#FF33DD
311,80,100,#FF33DA
312,80,100,#FF33D6
313,80,100,#FF33D3
314,80,100,#FF33CF
315,80,100,#FF33CC
316,80,100,#FF33C9
317,80,100,#FF33C5
318,80,100,#FF33C2
319,80,100,#FF33BE
320,80,100,#FF33BB
321,80,100,#FF33B8
322,80,100,#FF33B4
323,80,100,#FF33B1
324,80,100,#FF33AD
325,80,100,#FF33AA
326,80,100,#FF33A7
327,80,100,#FF33A3
328,80,100,#FF33A0
329,80,100,#FF339C
330,80,100,#FF3399
331,80,100,#FF3396
332,80,100,#FF3392
333,80,100,#FF338F
334,80,100,#FF338B
335,80,100,#FF3388
336,80,100,#FF3385
337,80,100,#FF3381
338,80,100,#FF337E
339,80,100,#FF337A
340,80,100,#FF3377
341,80,100,#FF3374
342,80,100,#FF3370
343,80,100,#FF336D
344,80,100,#FF3369
345,80,100,#FF3366
346,80,100,#FF3363
347,80,100,#FF335F
348,80,100,#FF335C
349,80,100,#FF3358
350,80,100,#FF3355
351,80,100,#FF3352
352,80,100,#FF334E
353,80,100,#FF334B
354,80,100,#FF3347
355,80,100,#FF3344
356,80,100,#FF3341
357,80,100,#FF333D
358,80,100,#FF333A
359,80,100,#FF3336
0,79,100,#FF3636
1,79,100,#FF3936
2,79,100,#FF3C36
3,79,100,#FF4036
4,79,100,#FF4336
5,79,100,#FF4636
6,79,100,#FF4A36
7,79,100,#FF4D36
8,79,100,#FF5036
9,79,100,#FF5436
10,79,100,#FF5736
11,79,100,#FF5A36
12,79,100,#FF5E36
13,79,100,#FF6136
14,79,100,#FF6536
15,79,100,#FF6836
16,79,100,#FF6B36
17,79,100,#FF6F36
18,79,100,#FF7236
19,79,100,#FF7536
20,79,100,#FF7936
21,79,100,#FF7C36
22,79,100,#FF7F36
23,79,100,#FF8336
24,79,100,#FF8636
25,79,100,#FF8936
26,79,100,#FF8D36
27,79,100,#FF9036
28,79,100,#FF9436
29,79,100,#FF9736
30,79,100,#FF9A36
31,79,100,#FF9E36
32,79,100,#FFA136
33,79,100,#FFA436
34,79,100,#FFA836
35,79,100,#FFAB36
36,79,100,#FFAE36
37,79,100,#FFB236
38,79,100,#FFB536
39,79,100,#FFB836
40,79,100,#FFBC36
41,79,100,#FFBF36
42,79,100,#FFC336
43,79,100,#FFC636
44,79,100,#FFC936
45,79,100,#FFCD36
46,79,100,#FFD036
47,79,100,#FFD336
48,79,100,#FFD736
49,79,100,#FFDA36
50,79,100,#FFDD36
51,79,100,#FFE136
52,79,100,#FFE436
53,79,100,#FFE736
54,79,100,#FFEB36
55,79,100,#FFEE36
56,79,100,#FFF236
57,79,100,#FFF536
58,79,100,#FFF836
59,79,100,#FFFC36
60,79,100,#FFFF36
61,79,100,#FCFF36
62,79,100,#F8FF36
63,79,100,#F5FF36
64,79,100,#F2FF36
65,79,100,#EEFF36
66,79,100,#EBFF36
67,79,100,#E7FF36
68,79,100,#E4FF36
69,79,100,#E1FF36
70,79,100,#DDFF36
71,79,100,#DAFF36
72,79,100,#D7FF36
73,79,100,#D3FF36
74,79,100,#D0FF36
75,79,100,#CDFF36
76,79,100,#C9FF36
77,79,100,#C6FF36
78,79,100,#C3FF36
79,79,100,#BFFF36
80,79,100,#BCFF36
81,79,100,#B8FF36
82,79,100,#B5FF36
83,79,100,#B2FF36
84,79,100,#AEFF36
85,79,100,#ABFF36
86,79,100,#A8FF36
87,79,100,#A4FF36
88,79,100,#A1FF36
89,79,100,#9EFF36
90,79,100,#9AFF36
91,79,100,#97FF36
92,79,100,#94FF36
93,79,100,#90FF36
94,79,100,#8DFF36
95,79,100,#89FF36
96,79,100,#86FF36
97,79,100,#83FF36
98,79,100,#7FFF36
99,79,100,#7CFF36
100,79,100,#79FF36
101,79,100,#75FF36
102,79,100,#72FF36
103,79,100,#6FFF36
104,79,100,#6BFF36
105,79,100,#68FF36
106,79,100,#65FF36
107,79,100,#61FF36
108,79,100,#5EFF36
109,79,100,#5AFF36
110,79,100,#57FF36
111,79,100,#54FF36
112,79,100,#50FF36
113,79,100,#4DFF36
114,79,100,#4AFF36
115,79,100,#46FF36
116,79,100,#43FF36
117,79,100,#40FF36
118,79,100,#3CFF36
119,79,100,#39FF36
120,79,100,#36FF36
121,79,100,#36FF39
122,79,100,#36FF3C
123,79,100,#36FF40
124,79,100,#36FF43
125,79,100,#36FF46
126,79,100,#36FF4A
127,79,100,#36FF4D
128,79,100,#36FF50
129,79,100,#36FF54
130,79,100,#36FF57
131,79,100,#36FF5A
132,79,100,#36FF5E
133,79,100,#36FF61
134,79,100,#36FF65
135,79,100,#36FF68
136,79,100,#36FF6B
137,79,100,#36FF6F
138,79,100,#36FF72
139,79,100,#36FF75
140,79,100,#36FF79
141,79,100,#36FF7C
142,79,100,#36FF7F
143,79,100,#36FF83
144,79,100,#36FF86
145,79,100,#36FF89
146,79,100,#36FF8D
147,79,100,#36FF90
148,79,100,#36FF94
149,79,100,#36FF97
150,79,100,#36FF9A
151,79,100,#36FF9E
152,79,100,#36FFA1
153,79,100,#36FFA4
154,79,100,#36FFA8
155,79,100,#36FFAB
156,79,100,#36FFAE
157,79,100,#36FFB2
158,79,100,#36FFB5
159,79,100,#36FFB8
160,79,100,#36FFBC
161,79,100,#36FFBF
162,79,100,#36FFC3
163,79,100,#36FFC6
164,79,100,#36FFC9
165,79,100,#36FFCD
166,79,100,#36FFD0
167,79,100,#36FFD3
168,79,100,#36FFD7
169,79,100,#36FFDA
170,79,100,#36FFDD
171,79,100,#36FFE1
172,79,100,#36FFE4
173,79,100,#36FFE7
174,79,100,#36FFEB
175,79,100,#36FFEE
176,79,100,#36FFF2
177,79,100,#36FFF5
178,79,100,#36FFF8
179,79,100,#36FFFC
180,79,100,#36FFFF
181,79,100,#36FCFF
182,79,100,#36F8FF
183,79,100,#36F5FF
184,79,100,#36F2FF
185,79,100,#36EEFF
186,79,100,#36EBFF
187,79,100,#36E7FF
188,79,100,#36E4FF
189,79,100,#36E1FF
190,79,100,#36DDFF
191,79,100,#36DAFF
192,79,100,#36D7FF
193,79,100,#36D3FF
194,79,100,#36D0FF
195,79,100,#36CDFF
196,79,100,#36C9FF
197,79,100,#36C6FF
198,79,100,#36C3FF
199,79,100,#36BFFF
200,79,100,#36BCFF
201,79,100,#36B8FF
202,79,100,#36B5FF
203,79,100,#36B2FF
204,79,100,#36AEFF
205,79,100,#36ABFF
206,79,100,#36A8FF
207,79,100,#36A4FF
208,79,100,#36A1FF
209,79,100,#369EFF
210,79,100,#369AFF
211,79,100,#3697FF
212,79,100,#3694FF
213,79,100,#3690FF
214,79,100,#368DFF
215,79,100,#3689FF
216,79,100,#3686FF
217,79,100,#3683FF
218,79,100,#367FFF
219,79,100,#367CFF
220,79,100,#3679FF
221,79,100,#3675FF
222,79,100,#3672FF
223,79,100,#366FFF
224,79,100,#366BFF
225,79,100,#3668FF
226,79,100,#3665FF
227,79,100,#3661FF
228,79,100,#365EFF
229,79,100,#365AFF
230,79,100,#3657FF
231,79,100,#3654FF
232,79,100,#3650FF
233,79,100,#364DFF
234,79,100,#364AFF
235,79,100,#3646FF
236,79,100,#3643FF
237,79,100,#3640FF
238,79,100,#363CFF
239,79,100,#3639FF
240,79,100,#3636FF
241,79,100,#3936FF
242,79,100,#3C36FF
243,79,100,#4036FF
244,79,100,#4336FF
245,79,100,#4636FF
246,79,100,#4A36FF
247,79,100,#4D36FF
248,79,100,#5036FF
249,79,100,#5436FF
250,79,100,#5736FF
251,79,100,#5A36FF
252,79,100,#5E36FF
253,79,100,#6136FF
254,79,100,#6536FF
255,79,100,#6836FF
256,79,100,#6B36FF
257,79,100,#6F36FF
258,79,100,#7236FF
259,79,100,#7536FF
260,79,100,#7936FF
261,79,100,#7C36FF
262,79,100,#7F36FF
263,79,100,#8336FF
264,79,100,#8636FF
265,79,100,#8936FF
266,79,100,#8D36FF
267,79,100,#9036FF
268,79,100,#9436FF
269,79,100,#9736FF
270,79,100,#9A36FF
271,79,100,#9E36FF
272,79,100,#A136FF
273,79,100,#A436FF
274,79,100,#A836FF
275,79,100,#AB36FF
276,79,100,#AE36FF
277,79,100,#B236FF
278,79,100,#B536FF
279,79,100,#B836FF
280,79,100,#BC36FF
281,79,100,#BF36FF
282,79,100,#C336FF
283,79,100,#C636FF
284,79,100,#C936FF
285,79,100,#CD36FF
286,79,100,#D036FF
287,79,100,#D336FF
288,79,100,#D736FF
289,79,100,#DA36FF
290,79,100,#DD36FF
291,79,100,#E136FF
292,79,100,#E436FF
293,79,100,#E736FF
294,79,100,#EB36FF
295,79,100,#EE36FF
296,79,100,#F236FF
297,79,100,#F536FF
298,79,100,#F836FF
299,79,100,#FC36FF
300,79,100,#FF36FF
301,79,100,#FF36FC
302,79,100,#FF36F8
303,79,100,#FF36F5
304,79,100,#FF36F2
305,79,100,#FF36EE
306,79,100,#FF36EB
307,79,100,#FF36E7
308,79,100,#FF36E4
309,79,100,#FF36E1
310,79,100,#FF36DD
311,79,100,#FF36DA
312,79,100,#FF36D7
313,79,100,#FF36D3
314,79,100,#FF36D0
315,79,100,#FF36CD
316,79,100,#FF36C9
317,79,100,#FF36C6
318,79,100,#FF36C3
319,79,100,#FF36BF
320,79,100,#FF36BC
321,79,100,#FF36B8
322,79,100,#FF36B5
323,79,100,#FF36B2
324,79,100,#FF36AE
325,79,100,#FF36AB
326,79,100,#FF36A8
327,79,100,#FF36A4
328,79,100,#FF36A1
329,79,100,#FF369E
330,79,100,#FF369A
331,79,100,#FF3697
332,79,100,#FF3694
333,79,100,#FF3690
334,79,100,#FF368D
335,79,100,#FF3689
336,79,100,#FF3686
337,79,100,#FF3683
338,79,100,#FF367F
339,79,100,#FF367C
340,79,100,#FF3679
341,79,100,#FF3675
342,79,100,#FF3672
343,79,100,#FF366F
344,79,100,#FF366B
345,79,100,#FF3668
346,79,100,#FF3665
347,79,100,#FF3661
348,79,100,#FF365E
349,79,100,#FF365A
350,79,100,#FF3657
351,79,100,#FF3654
352,79,100,#FF3650
353,79,100,#FF364D
354,79,100,#FF364A
355,79,100,#FF3646
356,79,100,#FF3643
357,79,100,#FF3640
358,79,100,#FF363C
359,79,100,#FF3639
0,78,100,#FF3838
1,78,100,#FF3B38
2,78,100,#FF3F38
3,78,100,#FF4238
4,78,100,#FF4538
5,78,100,#FF4938
6,78,100,#FF4C38
7,78,100,#FF4F38
8,78,100,#FF5338
9,78,100,#FF5638
10,78,100,#FF5938
11,78,100,#FF5D38
12,78,100,#FF6038
13,78,100,#FF6338
14,78,100,#FF6738
15,78,100,#FF6A38
16,78,100,#FF6D38
17,78,100,#FF7038
18,78,100,#FF7438
19,78,100,#FF7738
20,78,100,#FF7A38
21,78,100,#FF7E38
22,78,100,#FF8138
23,78,100,#FF8438
24,78,100,#FF8838
25,78,100,#FF8B38
26,78,100,#FF8E38
27,78,100,#FF9238
28,78,100,#FF9538
29,78,100,#FF9838
30,78,100,#FF9C38
31,78,100,#FF9F38
32,78,100,#FFA238
33,78,100,#FFA538
34,78,100,#FFA938
35,78,100,#FFAC38
36,78,100,#FFAF38
37,78,100,#FFB338
38,78,100,#FFB638
39,78,100,#FFB938
40,78,100,#FFBD38
41,78,100,#FFC038
42,78,100,#FFC338
43,78,100,#FFC738
44,78,100,#FFCA38
45,78,100,#FFCD38
46,78,100,#FFD138
47,78,100,#FFD438
48,78,100,#FFD738
49,78,100,#FFDB38
50,78,100,#FFDE38
51,78,100,#FFE138
52,78,100,#FFE438
53,78,100,#FFE838
54,78,100,#FFEB38
55,78,100,#FFEE38
56,78,100,#FFF238
57,78,100,#FFF538
58,78,100,#FFF838
59,78,100,#FFFC38
60,78,100,#FFFF38
61,78,100,#FCFF38
62,78,100,#F8FF38
63,78,100,#F5FF38
64,78,100,#F2FF38
65,78,100,#EEFF38
66,78,100,#EBFF38
67,78,100,#E8FF38
68,78,100,#E4FF38
69,78,100,#E1FF38
70,78,100,#DEFF38
71,78,100,#DBFF38
72,78,100,#D7FF38
73,78,100,#D4FF38
74,78,100,#D1FF38
75,78,100,#CDFF38
76,78,100,#CAFF38
77,78,100,#C7FF38
78,78,100,#C3FF38
79,78,100,#C0FF38
80,78,100,#BDFF38
81,78,100,#B9FF38
82,78,100,#B6FF38
83,78,100,#B3FF38
84,78,100,#AFFF38
85,78,100,#ACFF38
86,78,100,#A9FF38
87,78,100,#A5FF38
88,78,100,#A2FF38
89,78,100,#9FFF38
90,78,100,#9CFF38
91,78,100,#98FF38
92,78,100,#95FF38
93,78,100,#92FF38
94,78,100,#8EFF38
95,78,100,#8BFF38
96,78,100,#88FF38
97,78,100,#84FF38
98,78,100,#81FF38
99,78,100,#7EFF38
100,78,100,#7AFF38
101,78,100,#77FF38
102,78,100,#74FF38
103,78,100,#70FF38
104,78,100,#6DFF38
105,78,100,#6AFF38
106,78,100,#67FF38
107,78,100,#63FF38
108,78,100,#60FF38
109,78,100,#5DFF38
110,78,100,#59FF38
111,78,100,#56FF38
112,78,100,#53FF38
113,78,100,#4FFF38
114,78,100,#4CFF38
115,78,100,#49FF38
116,78,100,#45FF38
117,78,100,#42FF38
118,78,100,#3FFF38
119,78,100,#3BFF38
120,78,100,#38FF38
121,78,100,#38FF3B
122,78,100,#38FF3F
123,78,100,#38FF42
124,78,100,#38FF45
125,78,100,#38FF49
126,78,100,#38FF4C
127,78,100,#38FF4F
128,78,100,#38FF53
129,78,100,#38FF56
130,78,100,#38FF59
131,78,100,#38FF5D
132,78,100,#38FF60
133,78,100,#38FF63
134,78,100,#38FF67
135,78,100,#38FF6A
136,78,100,#38FF6D
137,78,100,#38FF70
138,78,100,#38FF74
139,78,100,#38FF77
140,78,100,#38FF7A
141,78,100,#38FF7E
142,78,100,#38FF81
143,78,100,#38FF84
144,78,100,#38FF88
145,78,100,#38FF8B
146,78,100,#38FF8E
147,78,100,#38FF92
148,78,100,#38FF95
149,78,100,#38FF98
150,78,100,#38FF9C
151,78,100,#38FF9F
152,78,100,#38FFA2
153,78,100,#38FFA5
154,78,100,#38FFA9
155,78,100,#38FFAC
156,78,100,#38FFAF
157,78,100,#38FFB3
158,78,100,#38FFB6
159,78,100,#38FFB9
160,78,100,#38FFBD
161,78,100,#38FFC0
162,78,100,#38FFC3
163,78,100,#38FFC7
164,78,100,#38FFCA
165,78,100,#38FFCD
166,78,100,#38FFD1
167,78,100,#38FFD4
168,78,100,#38FFD7
169,78,100,#38FFDB
170,78,100,#38FFDE
171,78,100,#38FFE1
172,78,100,#38FFE4
173,78,100,#38FFE8
174,78,100,#38FFEB
175,78,100,#38FFEE
176,78,100,#38FFF2
177,78,100,#38FFF5
178,78,100,#38FFF8
179,78,100,#38FFFC
180,78,100,#38FFFF
181,78,100,#38FCFF
182,78,100,#38F8FF
183,78,100,#38F5FF
184,78,100,#38F2FF
185,78,100,#38EEFF
186,78,100,#38EBFF
187,78,100,#38E8FF
188,78,100,#38E4FF
189,78,100,#38E1FF
190,78,100,#38DEFF
191,78,100,#38DBFF
192,78,100,#38D7FF
193,78,100,#38D4FF
194,78,100,#38D1FF
195,78,100,#38CDFF
196,78,100,#38CAFF
197,78,100,#38C7FF
198,78,100,#38C3FF
199,78,100,#38C0FF
200,78,100,#38BDFF
201,78,100,#38B9FF
202,78,100,#38B6FF
203,78,100,#38B3FF
204,78,100,#38AFFF
205,78,100,#38ACFF
206,78,100,#38A9FF
207,78,100,#38A5FF
208,78,100,#38A2FF
209,78,100,#389FFF
210,78,100,#389CFF
211,78,100,#3898FF
212,78,100,#3895FF
213,78,100,#3892FF
214,78,100,#388EFF
215,78,100,#388BFF
216,78,100,#3888FF
217,78,100,#3884FF
218,78,100,#3881FF
219,78,100,#387EFF
220,78,100,#387AFF
221,78,100,#3877FF
222,78,100,#3874FF
223,78,100,#3870FF
224,78,100,#386DFF
225,78,100,#386AFF
226,78,100,#3867FF
227,78,100,#3863FF
228,78,100,#3860FF
229,78,100,#385DFF
230,78,100,#3859FF
231,78,100,#3856FF
232,78,100,#3853FF
233,78,100,#384FFF
234,78,100,#384CFF
235,78,100,#3849FF
236,78,100,#3845FF
237,78,100,#3842FF
238,78,100,#383FFF
239,78,100,#383BFF
240,78,100,#3838FF
241,78,100,#3B38FF
242,78,100,#3F38FF
243,78,100,#4238FF
244,78,100,#4538FF
245,78,100,#4938FF
246,78,100,#4C38FF
247,78,100,#4F38FF
248,78,100,#5338FF
249,78,100,#5638FF
250,78,100,#5938FF
251,78,100,#5D38FF
252,78,100,#6038FF
253,78,100,#6338FF
254,78,100,#6738FF
255,78,100,#6A38FF
256,78,100,#6D38FF
257,78,100,#7038FF
258,78,100,#7438FF
259,78,100,#7738FF
260,78,100,#7A38FF
261,78,100,#7E38FF
262,78,100,#8138FF
263,78,100,#8438FF
264,78,100,#8838FF
265,78,100,#8B38FF
266,78,100,#8E38FF
267,78,100,#9238FF
268,78,100,#9538FF
269,78,100,#9838FF
270,78,100,#9C38FF
271,78,100,#9F38FF
272,78,100,#A238FF
273,78,100,#A538FF
274,78,100,#A938FF
275,78,100,#AC38FF
276,78,100,#AF38FF
277,78,100,#B338FF
278,78,100,#B638FF
279,78,100,#B938FF
280,78,100,#BD38FF
281,78,100,#C038FF
282,78,100,#C338FF
283,78,100,#C738FF
284,78,100,#CA38FF
285,78,100,#CD38FF
286,78,100,#D138FF
287,78,100,#D438FF
288,78,100,#D738FF
289,78,100,#DB38FF
290,78,100,#DE38FF
291,78,100,#E138FF
292,78,100,#E438FF
293,78,100,#E838FF
294,78,100,#EB38FF
295,78,100,#EE38FF
296,78,100,#F238FF
297,78,100,#F538FF
298,78,100,#F838FF
299,78,100,#FC38FF
300,78,100,#FF38FF
301,78,100,#FF38FC
302,78,100,#FF38F8
303,78,100,#FF38F5
304,78,100,#FF38F2
305,78,100,#FF38EE
306,78,100,#FF38EB
307,78,100,#FF38E8
308,78,100,#FF38E4
309,78,100,#FF38E1
310,78,100,#FF38DE
311,78,100,#FF38DB
312,78,100,#FF38D7
313,78,100,#FF38D4
314,78,100,#FF38D1
315,78,100,#FF38CD
316,78,100,#FF38CA
317,78,100,#FF38C7
318,78,100,#FF38C3
319,78,100,#FF38C0
320,78,100,#FF38BD
321,78,100,#FF38B9
322,78,100,#FF38B6
323,78,100,#FF38B3
324,78,100,#FF38AF
325,78,100,#FF38AC
326,78,100,#FF38A9
327,78,100,#FF38A5
328,78,100,#FF38A2
329,78,100,#FF389F
330,78,100,#FF389C
331,78,100,#FF3898
332,78,100,#FF3895
333,78,100,#FF3892
334,78,100,#FF388E
335,78,100,#FF388B
336,78,100,#FF3888
337,78,100,#FF3884
338,78,100,#FF3881
339,78,100,#FF387E
340,78,100,#FF387A
341,78,100,#FF3877
342,78,100,#FF3874
343,78,100,#FF3870
344,78,100,#FF386D
345,78,100,#FF386A
346,78,100,#FF3867
347,78,100,#FF3863
348,78,100,#FF3860
349,78,100,#FF385D
350,78,100,#FF3859
351,78,100,#FF3856
352,78,100,#FF3853
353,78,100,#FF384F
354,78,100,#FF384C
355,78,100,#FF3849
356,78,100,#FF3845
357,78,100,#FF3842
358,78,100,#FF383F
359,78,100,#FF383B
0,77,100,#FF3B3B
1,77,100,#FF3E3B
2,77,100,#FF413B
3,77,100,#FF443B
4,77,100,#FF483B
5,77,100,#FF4B3B
6,77,100,#FF4E3B
7,77,100,#FF523B
8,77,100,#FF553B
9,77,100,#FF583B
10,77,100,#FF5B3B
11,77,100,#FF5F3B
12,77,100,#FF623B
13,77,100,#FF653B
14,77,100,#FF683B
15,77,100,#FF6C3B
16,77,100,#FF6F3B
17,77,100,#FF723B
18,77,100,#FF763B
19,77,100,#FF793B
20,77,100,#FF7C3B
21,77,100,#FF7F3B
22,77,100,#FF833B
23,77,100,#FF863B
24,77,100,#FF893B
25,77,100,#FF8C3B
26,77,100,#FF903B
27,77,100,#FF933B
28,77,100,#FF963B
29,77,100,#FF9A3B
30,77,100,#FF9D3B
31,77,100,#FFA03B
32,77,100,#FFA33B
33,77,100,#FFA73B
34,77,100,#FFAA3B
35,77,100,#FFAD3B
36,77,100,#FFB03B
37,77,100,#FFB43B
38,77,100,#FFB73B
39,77,100,#FFBA3B
40,77,100,#FFBE3B
41,77,100,#FFC13B
42,77,100,#FFC43B
43,77,100,#FFC73B
44,77,100,#FFCB3B
45,77,100,#FFCE3B
46,77,100,#FFD13B
47,77,100,#FFD43B
48,77,100,#FFD83B
49,77,100,#FFDB3B
50,77,100,#FFDE3B
51,77,100,#FFE23B
52,77,100,#FFE53B
53,77,100,#FFE83B
54,77,100,#FFEB3B
55,77,100,#FFEF3B
56,77,100,#FFF23B
57,77,100,#FFF53B
58,77,100,#FFF83B
59,77,100,#FFFC3B
60,77,100,#FFFF3B
61,77,100,#FCFF3B
62,77,100,#F8FF3B
63,77,100,#F5FF3B
64,77,100,#F2FF3B
65,77,100,#EFFF3B
66,77,100,#EBFF3B
67,77,100,#E8FF3B
68,77,100,#E5FF3B
69,77,100,#E2FF3B
70,77,100,#DEFF3B
71,77,100,#DBFF3B
72,77,100,#D8FF3B
73,77,100,#D4FF3B
74,77,100,#D1FF3B
75,77,100,#CEFF3B
76,77,100,#CBFF3B
77,77,100,#C7FF3B
78,77,100,#C4FF3B
79,77,100,#C1FF3B
80,77,100,#BEFF3B
81,77,100,#BAFF3B
82,77,100,#B7FF3B
83,77,100,#B4FF3B
84,77,100,#B0FF3B
85,77,100,#ADFF3B
86,77,100,#AAFF3B
87,77,100,#A7FF3B
88,77,100,#A3FF3B
89,77,100,#A0FF3B
90,77,100,#9DFF3B
91,77,100,#9AFF3B
92,77,100,#96FF3B
93,77,100,#93FF3B
94,77,100,#90FF3B
95,77,100,#8CFF3B
96,77,100,#89FF3B
97,77,100,#86FF3B
98,77,100,#83FF3B
99,77,100,#7FFF3B
100,77,100,#7CFF3B
101,77,100,#79FF3B
102,77,100,#76FF3B
103,77,100,#72FF3B
104,77,100,#6FFF3B
105,77,100,#6CFF3B
106,77,100,#68FF3B
107,77,100,#65FF3B
108,77,100,#62FF3B
109,77,100,#5FFF3B
110,77,100,#5BFF3B
111,77,100,#58FF3B
112,77,100,#55FF3B
113,77,100,#52FF3B
114,77,100,#4EFF3B
115,77,100,#4BFF3B
116,77,100,#48FF3B
117,77,100,#44FF3B
118,77,100,#41FF3B
119,77,100,#3EFF3B
120,77,100,#3BFF3B
121,77,100,#3BFF3E
122,77,100,#3BFF41
123,77,100,#3BFF44
124,77,100,#3BFF48
125,77,100,#3BFF4B
126,77,100,#3BFF4E
127,77,100,#3BFF52
128,77,100,#3BFF55
129,77,100,#3BFF58
130,77,100,#3BFF5B
131,77,100,#3BFF5F
132,77,100,#3BFF62
133,77,100,#3BFF65
134,77,100,#3BFF68
135,77,100,#3BFF6C
136,77,100,#3BFF6F
137,77,100,#3BFF72
138,77,100,#3BFF76
139,77,100,#3BFF79
140,77,100,#3BFF7C
141,77,100,#3BFF7F
142,77,100,#3BFF83
143,77,100,#3BFF86
144,77,100,#3BFF89
145,77,100,#3BFF8C
146,77,100,#3BFF90
147,77,100,#3BFF93
148,77,100,#3BFF96
149,77,100,#3BFF9A
150,77,100,#3BFF9D
151,77,100,#3BFFA0
152,77,100,#3BFFA3
153,77,100,#3BFFA7
154,77,100,#3BFFAA
155,77,100,#3BFFAD
156,77,100,#3BFFB0
157,77,100,#3BFFB4
158,77,100,#3BFFB7
159,77,100,#3BFFBA
160,77,100,#3BFFBE
161,77,100,#3BFFC1
162,77,100,#3BFFC4
163,77,100,#3BFFC7
164,77,100,#3BFFCB
165,77,100,#3BFFCE
166,77,100,#3BFFD1
167,77,100,#3BFFD4
168,77,100,#3BFFD8
169,77,100,#3BFFDB
170,77,100,#3BFFDE
171,77,100,#3BFFE2
172,77,100,#3BFFE5
173,77,100,#3BFFE8
174,77,100,#3BFFEB
175,77,100,#3BFFEF
176,77,100,#3BFFF2
177,77,100,#3BFFF5
178,77,100,#3BFFF8
179,77,100,#3BFFFC
180,77,100,#3BFFFF
181,77,100,#3BFCFF
182,77,100,#3BF8FF
183,77,100,#3BF5FF
184,77,100,#3BF2FF
185,77,100,#3BEFFF
186,77,100,#3BEBFF
187,77,100,#3BE8FF
188,77,100,#3BE5FF
189,77,100,#3BE2FF
190,77,100,#3BDEFF
191,77,100,#3BDBFF
192,77,100,#3BD8FF
193,77,100,#3BD4FF
194,77,100,#3BD1FF
195,77,100,#3BCEFF
196,77,100,#3BCBFF
197,77,100,#3BC7FF
198,77,100,#3BC4FF
199,77,100,#3BC1FF
200,77,100,#3BBEFF
201,77,100,#3BBAFF
202,77,100,#3BB7FF
203,77,100,#3BB4FF
204,77,100,#3BB0FF
205,77,100,#3BADFF
206,77,100,#3BAAFF
207,77,100,#3BA7FF
208,77,100,#3BA3FF
209,77,100,#3BA0FF
210,77,100,#3B9DFF
211,77,100,#3B9AFF
212,77,100,#3B96FF
213,77,100,#3B93FF
214,77,100,#3B90FF
215,77,100,#3B8CFF
216,77,100,#3B89FF
217,77,100,#3B86FF
218,77,100,#3B83FF
219,77,100,#3B7FFF
220,77,100,#3B7CFF
221,77,100,#3B79FF
222,77,100,#3B76FF
223,77,100,#3B72FF
224,77,100,#3B6FFF
225,77,100,#3B6CFF
226,77,100,#3B68FF
227,77,100,#3B65FF
228,77,100,#3B62FF
229,77,100,#3B5FFF
230,77,100,#3B5BFF
231,77,100,#3B58FF
232,77,100,#3B55FF
233,77,100,#3B52FF
234,77,100,#3B4EFF
235,77,100,#3B4BFF
236,77,100,#3B48FF
237,77,100,#3B44FF
238,77,100,#3B41FF
239,77,100,#3B3EFF
240,77,100,#3B3BFF
241,77,100,#3E3BFF
242,77,100,#413BFF
243,77,100,#443BFF
244,77,100,#483BFF
245,77,100,#4B3BFF
246,77,100,#4E3BFF
247,77,100,#523BFF
248,77,100,#553BFF
249,77,100,#583BFF
250,77,100,#5B3BFF
251,77,100,#5F3BFF
252,77,100,#623BFF
253,77,100,#653BFF
254,77,100,#683BFF
255,77,100,#6C3BFF
256,77,100,#6F3BFF
257,77,100,#723BFF
258,77,100,#763BFF
259,77,100,#793BFF
260,77,100,#7C3BFF
261,77,100,#7F3BFF
262,77,100,#833BFF
263,77,100,#863BFF
264,77,100,#893BFF
265,77,100,#8C3BFF
266,77,100,#903BFF
267,77,100,#933BFF
268,77,100,#963BFF
269,77,100,#9A3BFF
270,77,100,#9D3BFF
271,77,100,#A03BFF
272,77,100,#A33BFF
273,77,100,#A73BFF
274,77,100,#AA3BFF
275,77,100,#AD3BFF
276,77,100,#B03BFF
277,77,100,#B43BFF
278,77,100,#B73BFF
279,77,100,#BA3BFF
280,77,100,#BE3BFF
281,77,100,#C13BFF
282,77,100,#C43BFF
283,77,100,#C73BFF
284,77,100,#CB3BFF
285,77,100,#CE3BFF
286,77,100,#D13BFF
287,77,100,#D43BFF
288,77,100,#D83BFF
289,77,100,#DB3BFF
290,77,100,#DE3BFF
291,77,100,#E23BFF
292,77,100,#E53BFF
293,77,100,#E83BFF
294,77,100,#EB3BFF
295,77,100,#EF3BFF
296,77,100,#F23BFF
297,77,100,#F53BFF
298,77,100,#F83BFF
299,77,100,#FC3BFF
300,77,100,#FF3BFF
301,77,100,#FF3BFC
302,77,100,#FF3BF8
303,77,100,#FF3BF5
304,77,100,#FF3BF2
305,77,100,#FF3BEF
306,77,100,#FF3BEB
307,77,100,#FF3BE8
308,77,100,#FF3BE5
309,77,100,#FF3BE2
310,77,100,#FF3BDE
311,77,100,#FF3BDB
312,77,100,#FF3BD8
313,77,100,#FF3BD4
314,77,100,#FF3BD1
315,77,100,#FF3BCE
316,77,100,#FF3BCB
317,77,100,#FF3BC7
318,77,100,#FF3BC4
319,77,100,#FF3BC1
320,77,100,#FF3BBE
321,77,100,#FF3BBA
322,77,100,#FF3BB7
323,77,100,#FF3BB4
324,77,100,#FF3BB0
325,77,100,#FF3BAD
326,77,100,#FF3BAA
327,77,100,#FF3BA7
328,77,100,#FF3BA3
329,77,100,#FF3BA0
330,77,100,#FF3B9D
331,77,100,#FF3B9A
332,77,100,#FF3B96
333,77,100,#FF3B93
334,77,100,#FF3B90
335,77,100,#FF3B8C
336,77,100,#FF3B89
337,77,100,#FF3B86
338,77,100,#FF3B83
339,77,100,#FF3B7F
340,77,100,#FF3B7C
341,77,100,#FF3B79
342,77,100,#FF3B76
343,77,100,#FF3B72
344,77,100,#FF3B6F
345,77,100,#FF3B6C
346,77,100,#FF3B68
347,77,100,#FF3B65
348,77,100,#FF3B62
349,77,100,#FF3B5F
350,77,100,#FF3B5B
351,77,100,#FF3B58
352,77,100,#FF3B55
353,77,100,#FF3B52
354,77,100,#FF3B4E
355,77,100,#FF3B4B
356,77,100,#FF3B48
357,77,100,#FF3B44
358,77,100,#FF3B41
359,77,100,#FF3B3E
0,76,100,#FF3D3D
1,76,100,#FF403D
2,76,100,#FF443D
3,76,100,#FF473D
4,76,100,#FF4A3D
5,76,100,#FF4D3D
6,76,100,#FF513D
7,76,100,#FF543D
8,76,100,#FF573D
9,76,100,#FF5A3D
10,76,100,#FF5D3D
11,76,100,#FF613D
12,76,100,#FF643D
13,76,100,#FF673D
14,76,100,#FF6A3D
15,76,100,#FF6E3D
16,76,100,#FF713D
17,76,100,#FF743D
18,76,100,#FF773D
19,76,100,#FF7B3D
20,76,100,#FF7E3D
21,76,100,#FF813D
22,76,100,#FF843D
23,76,100,#FF873D
24,76,100,#FF8B3D
25,76,100,#FF8E3D
26,76,100,#FF913D
27,76,100,#FF943D
28,76,100,#FF983D
29,76,100,#FF9B3D
30,76,100,#FF9E3D
31,76,100,#FFA13D
32,76,100,#FFA53D
33,76,100,#FFA83D
34,76,100,#FFAB3D
35,76,100,#FFAE3D
36,76,100,#FFB13D
37,76,100,#FFB53D
38,76,100,#FFB83D
39,76,100,#FFBB3D
40,76,100,#FFBE3D
41,76,100,#FFC23D
42,76,100,#FFC53D
43,76,100,#FFC83D
44,76,100,#FFCB3D
45,76,100,#FFCF3D
46,76,100,#FFD23D
47,76,100,#FFD53D
48,76,100,#FFD83D
49,76,100,#FFDB3D
50,76,100,#FFDF3D
51,76,100,#FFE23D
52,76,100,#FFE53D
53,76,100,#FFE83D
54,76,100,#FFEC3D
55,76,100,#FFEF3D
56,76,100,#FFF23D
57,76,100,#FFF53D
58,76,100,#FFF93D
59,76,100,#FFFC3D
60,76,100,#FFFF3D
61,76,100,#FCFF3D
62,76,100,#F9FF3D
63,76,100,#F5FF3D
64,76,100,#F2FF3D
65,76,100,#EFFF3D
66,76,100,#ECFF3D
67,76,100,#E8FF3D
68,76,100,#E5FF3D
69,76,100,#E2FF3D
70,76,100,#DFFF3D
71,76,100,#DBFF3D
72,76,100,#D8FF3D
73,76,100,#D5FF3D
74,76,100,#D2FF3D
75,76,100,#CFFF3D
76,76,100,#CBFF3D
77,76,100,#C8FF3D
78,76,100,#C5FF3D
79,76,100,#C2FF3D
80,76,100,#BEFF3D
81,76,100,#BBFF3D
82,76,100,#B8FF3D
83,76,100,#B5FF3D
84,76,100,#B1FF3D
85,76,100,#AEFF3D
86,76,100,#ABFF3D
87,76,100,#A8FF3D
88,76,100,#A5FF3D
89,76,100,#A1FF3D
90,76,100,#9EFF3D
91,76,100,#9BFF3D
92,76,100,#98FF3D
93,76,100,#94FF3D
94,76,100,#91FF3D
95,76,100,#8EFF3D
96,76,100,#8BFF3D
97,76,100,#87FF3D
98,76,100,#84FF3D
99,76,100,#81FF3D
100,76,100,#7EFF3D
101,76,100,#7BFF3D
102,76,100,#77FF3D
103,76,100,#74FF3D
104,76,100,#71FF3D
105,76,100,#6EFF3D
106,76,100,#6AFF3D
107,76,100,#67FF3D
108,76,100,#64FF3D
109,76,100,#61FF3D
110,76,100,#5DFF3D
111,76,100,#5AFF3D
112,76,100,#57FF3D
113,76,100,#54FF3D
114,76,100,#51FF3D
115,76,100,#4DFF3D
116,76,100,#4AFF3D
117,76,100,#47FF3D
118,76,100,#44FF3D
119,76,100,#40FF3D
120,76,100,#3DFF3D
121,76,100,#3DFF40
122,76,100,#3DFF44
123,76,100,#3DFF47
124,76,100,#3DFF4A
125,76,100,#3DFF4D
126,76,100,#3DFF51
127,76,100,#3DFF54
128,76,100,#3DFF57
129,76,100,#3DFF5A
130,76,100,#3DFF5D
131,76,100,#3DFF61
132,76,100,#3DFF64
133,76,100,#3DFF67
134,76,100,#3DFF6A
135,76,100,#3DFF6E
136,76,100,#3DFF71
137,76,100,#3DFF74
138,76,100,#3DFF77
139,76,100,#3DFF7B
140,76,100,#3DFF7E
141,76,100,#3DFF81
142,76,100,#3DFF84
143,76,100,#3DFF87
144,76,100,#3DFF8B
145,76,100,#3DFF8E
146,76,100,#3DFF91
147,76,100,#3DFF94
148,76,100,#3DFF98
149,76,100,#3DFF9B
150,76,100,#3DFF9E
151,76,100,#3DFFA1
152,76,100,#3DFFA5
153,76,100,#3DFFA8
154,76,100,#3DFFAB
155,76,100,#3DFFAE
156,76,100,#3DFFB1
157,76,100,#3DFFB5
158,76,100,#3DFFB8
159,76,100,#3DFFBB
160,76,100,#3DFFBE
161,76,100,#3DFFC2
162,76,100,#3DFFC5
163,76,100,#3DFFC8
164,76,100,#3DFFCB
165,76,100,#3DFFCF
166,76,100,#3DFFD2
167,76,100,#3DFFD5
168,76,100,#3DFFD8
169,76,100,#3DFFDB
170,76,100,#3DFFDF
171,76,100,#3DFFE2
172,76,100,#3DFFE5
173,76,100,#3DFFE8
174,76,100,#3DFFEC
175,76,100,#3DFFEF
176,76,100,#3DFFF2
177,76,100,#3DFFF5
178,76,100,#3DFFF9
179,76,100,#3DFFFC
180,76,100,#3DFFFF
181,76,100,#3DFCFF
182,76,100,#3DF9FF
183,76,100,#3DF5FF
184,76,100,#3DF2FF
185,76,100,#3DEFFF
186,76,100,#3DECFF
187,76,100,#3DE8FF
188,76,100,#3DE5FF
189,76,100,#3DE2FF
190,76,100,#3DDFFF
191,76,100,#3DDBFF
192,76,100,#3DD8FF
193,76,100,#3DD5FF
194,76,100,#3DD2FF
195,76,100,#3DCFFF
196,76,100,#3DCBFF
197,76,100,#3DC8FF
198,76,100,#3DC5FF
199,76,100,#3DC2FF
200,76,100,#3DBEFF
201,76,100,#3DBBFF
202,76,100,#3DB8FF
203,76,100,#3DB5FF
204,76,100,#3DB1FF
205,76,100,#3DAEFF
206,76,100,#3DABFF
207,76,100,#3DA8FF
208,76,100,#3DA5FF
209,76,100,#3DA1FF
210,76,100,#3D9EFF
211,76,100,#3D9BFF
212,76,100,#3D98FF
213,76,100,#3D94FF
214,76,100,#3D91FF
215,76,100,#3D8EFF
216,76,100,#3D8BFF
217,76,100,#3D87FF
218,76,100,#3D84FF
219,76,100,#3D81FF
220,76,100,#3D7EFF
221,76,100,#3D7BFF
222,76,100,#3D77FF
223,76,100,#3D74FF
224,76,100,#3D71FF
225,76,100,#3D6EFF
226,76,100,#3D6AFF
227,76,100,#3D67FF
228,76,100,#3D64FF
229,76,100,#3D61FF
230,76,100,#3D5EFF
231,76,100,#3D5AFF
232,76,100,#3D57FF
233,76,100,#3D54FF
234,76,100,#3D51FF
235,76,100,#3D4DFF
236,76,100,#3D4AFF
237,76,100,#3D47FF
238,76,100,#3D44FF
239,76,100,#3D40FF
240,76,100,#3D3DFF
241,76,100,#403DFF
242,76,100,#443DFF
243,76,100,#473DFF
244,76,100,#4A3DFF
245,76,100,#4D3DFF
246,76,100,#513DFF
247,76,100,#543DFF
248,76,100,#573DFF
249,76,100,#5A3DFF
250,76,100,#5D3DFF
251,76,100,#613DFF
252,76,100,#643DFF
253,76,100,#673DFF
254,76,100,#6A3DFF
255,76,100,#6E3DFF
256,76,100,#713DFF
257,76,100,#743DFF
258,76,100,#773DFF
259,76,100,#7B3DFF
260,76,100,#7E3DFF
261,76,100,#813DFF
262,76,100,#843DFF
263,76,100,#873DFF
264,76,100,#8B3DFF
265,76,100,#8E3DFF
266,76,100,#913DFF
267,76,100,#943DFF
268,76,100,#983DFF
269,76,100,#9B3DFF
270,76,100,#9E3DFF
271,76,100,#A13DFF
272,76,100,#A53DFF
273,76,100,#A83DFF
274,76,100,#AB3DFF
275,76,100,#AE3DFF
276,76,100,#B13DFF
277,76,100,#B53DFF
278,76,100,#B83DFF
279,76,100,#BB3DFF
280,76,100,#BE3DFF
281,76,100,#C23DFF
282,76,100,#C53DFF
283,76,100,#C83DFF
284,76,100,#CB3DFF
285,76,100,#CF3DFF
286,76,100,#D23DFF
287,76,100,#D53DFF
288,76,100,#D83DFF
289,76,100,#DB3DFF
290,76,100,#DF3DFF
291,76,100,#E23DFF
292,76,100,#E53DFF
293,76,100,#E83DFF
294,76,100,#EC3DFF
295,76,100,#EF3DFF
296,76,100,#F23DFF
297,76,100,#F53DFF
298,76,100,#F93DFF
299,76,100,#FC3DFF
300,76,100,#FF3DFF
301,76,100,#FF3DFC
302,76,100,#FF3DF9
303,76,100,#FF3DF5
304,76,100,#FF3DF2
305,76,100,#FF3DEF
306,76,100,#FF3DEC
307,76,100,#FF3DE8
308,76,100,#FF3DE5
309,76,100,#FF3DE2
310,76,100,#FF3DDF
311,76,100,#FF3DDB
312,76,100,#FF3DD8
313,76,100,#FF3DD5
314,76,100,#FF3DD2
315,76,100,#FF3DCF
316,76,100,#FF3DCB
317,76,100,#FF3DC8
318,76,100,#FF3DC5
319,76,100,#FF3DC2
320,76,100,#FF3DBE
321,76,100,#FF3DBB
322,76,100,#FF3DB8
323,76,100,#FF3DB5
324,76,100,#FF3DB1
325,76,100,#FF3DAE
326,76,100,#FF3DAB
327,76,100,#FF3DA8
328,76,100,#FF3DA5
329,76,100,#FF3DA1
330,76,100,#FF3D9E
331,76,100,#FF3D9B
332,76,100,#FF3D98
333,76,100,#FF3D94
334,76,100,#FF3D91
335,76,100,#FF3D8E
336,76,100,#FF3D8B
337,76,100,#FF3D87
338,76,100,#FF3D84
339,76,100,#FF3D81
340,76,100,#FF3D7E
341,76,100,#FF3D7B
342,76,100,#FF3D77
343,76,100,#FF3D74
344,76,100,#FF3D71
345,76,100,#FF3D6E
346,76,100,#FF3D6A
347,76,100,#FF3D67
348,76,100,#FF3D64
349,76,100,#FF3D61
350,76,100,#FF3D5E
351,76,100,#FF3D5A
352,76,100,#FF3D57
353,76,100,#FF3D54
354,76,100,#FF3D51
355,76,100,#FF3D4D
356,76,100,#FF3D4A
357,76,100,#FF3D47
358,76,100,#FF3D44
359,76,100,#FF3D40
0,75,100,#FF4040
1,75,100,#FF4340
2,75,100,#FF4640
3,75,100,#FF4940
4,75,100,#FF4D40
5,75,100,#FF5040
6,75,100,#FF5340
7,75,100,#FF5640
8,75,100,#FF5940
9,75,100,#FF5C40
10,75,100,#FF6040
11,75,100,#FF6340
12,75,100,#FF6640
13,75,100,#FF6940
14,75,100,#FF6C40
15,75,100,#FF7040
16,75,100,#FF7340
17,75,100,#FF7640
18,75,100,#FF7940
19,75,100,#FF7C40
20,75,100,#FF8040
21,75,100,#FF8340
22,75,100,#FF8640
23,75,100,#FF8940
24,75,100,#FF8C40
25,75,100,#FF8F40
26,75,100,#FF9340
27,75,100,#FF9640
28,75,100,#FF9940
29,75,100,#FF9C40
30,75,100,#FF9F40
31,75,100,#FFA340
32,75,100,#FFA640
33,75,100,#FFA940
34,75,100,#FFAC40
35,75,100,#FFAF40
36,75,100,#FFB340
37,75,100,#FFB640
38,75,100,#FFB940
39,75,100,#FFBC40
40,75,100,#FFBF40
41,75,100,#FFC240
42,75,100,#FFC640
43,75,100,#FFC940
44,75,100,#FFCC40
45,75,100,#FFCF40
46,75,100,#FFD240
47,75,100,#FFD640
48,75,100,#FFD940
49,75,100,#FFDC40
50,75,100,#FFDF40
51,75,100,#FFE240
52,75,100,#FFE540
53,75,100,#FFE940
54,75,100,#FFEC40
55,75,100,#FFEF40
56,75,100,#FFF240
57,75,100,#FFF540
58,75,100,#FFF940
59,75,100,#FFFC40
60,75,100,#FFFF40
61,75,100,#FCFF40
62,75,100,#F9FF40
63,75,100,#F5FF40
64,75,100,#F2FF40
65,75,100,#EFFF40
66,75,100,#ECFF40
67,75,100,#E9FF40
68,75,100,#E6FF40
69,75,100,#E2FF40
70,75,100,#DFFF40
71,75,100,#DCFF40
72,75,100,#D9FF40
73,75,100,#D6FF40
74,75,100,#D2FF40
75,75,100,#CFFF40
76,75,100,#CCFF40
77,75,100,#C9FF40
78,75,100,#C6FF40
79,75,100,#C2FF40
80,75,100,#BFFF40
81,75,100,#BCFF40
82,75,100,#B9FF40
83,75,100,#B6FF40
84,75,100,#B3FF40
85,75,100,#AFFF40
86,75,100,#ACFF40
87,75,100,#A9FF40
88,75,100,#A6FF40
89,75,100,#A3FF40
90,75,100,#9FFF40
91,75,100,#9CFF40
92,75,100,#99FF40
93,75,100,#96FF40
94,75,100,#93FF40
95,75,100,#8FFF40
96,75,100,#8CFF40
97,75,100,#89FF40
98,75,100,#86FF40
99,75,100,#83FF40
100,75,100,#80FF40
101,75,100,#7CFF40
102,75,100,#79FF40
103,75,100,#76FF40
104,75,100,#73FF40
105,75,100,#70FF40
106,75,100,#6CFF40
107,75,100,#69FF40
108,75,100,#66FF40
109,75,100,#63FF40
110,75,100,#60FF40
111,75,100,#5CFF40
112,75,100,#59FF40
113,75,100,#56FF40
114,75,100,#53FF40
115,75,100,#50FF40
116,75,100,#4CFF40
117,75,100,#49FF40
118,75,100,#46FF40
119,75,100,#43FF40
120,75,100,#40FF40
121,75,100,#40FF43
122,75,100,#40FF46
123,75,100,#40FF49
124,75,100,#40FF4C
125,75,100,#40FF50
126,75,100,#40FF53
127,75,100,#40FF56
128,75,100,#40FF59
129,75,100,#40FF5C
130,75,100,#40FF60
131,75,100,#40FF63
132,75,100,#40FF66
133,75,100,#40FF69
134,75,100,#40FF6C
135,75,100,#40FF70
136,75,100,#40FF73
137,75,100,#40FF76
138,75,100,#40FF79
139,75,100,#40FF7C
140,75,100,#40FF80
141,75,100,#40FF83
142,75,100,#40FF86
143,75,100,#40FF89
144,75,100,#40FF8C
145,75,100,#40FF8F
146,75,100,#40FF93
147,75,100,#40FF96
148,75,100,#40FF99
149,75,100,#40FF9C
150,75,100,#40FF9F
151,75,100,#40FFA3
152,75,100,#40FFA6
153,75,100,#40FFA9
154,75,100,#40FFAC
155,75,100,#40FFAF
156,75,100,#40FFB3
157,75,100,#40FFB6
158,75,100,#40FFB9
159,75,100,#40FFBC
160,75,100,#40FFBF
161,75,100,#40FFC2
162,75,100,#40FFC6
163,75,100,#40FFC9
164,75,100,#40FFCC
165,75,100,#40FFCF
166,75,100,#40FFD2
167,75,100,#40FFD6
168,75,100,#40FFD9
169,75,100,#40FFDC
170,75,100,#40FFDF
171,75,100,#40FFE2
172,75,100,#40FFE6
173,75,100,#40FFE9
174,75,100,#40FFEC
175,75,100,#40FFEF
176,75,100,#40FFF2
177,75,100,#40FFF5
178,75,100,#40FFF9
179,75,100,#40FFFC
180,75,100,#40FFFF
181,75,100,#40FCFF
182,75,100,#40F9FF
183,75,100,#40F5FF
184,75,100,#40F2FF
185,75,100,#40EFFF
186,75,100,#40ECFF
187,75,100,#40E9FF
188,75,100,#40E5FF
189,75,100,#40E2FF
190,75,100,#40DFFF
191,75,100,#40DCFF
192,75,100,#40D9FF
193,75,100,#40D6FF
194,75,100,#40D2FF
195,75,100,#40CFFF
196,75,100,#40CCFF
197,75,100,#40C9FF
198,75,100,#40C6FF
199,75,100,#40C2FF
200,75,100,#40BFFF
201,75,100,#40BCFF
202,75,100,#40B9FF
203,75,100,#40B6FF
204,75,100,#40B3FF
205,75,100,#40AFFF
206,75,100,#40ACFF
207,75,100,#40A9FF
208,75,100,#40A6FF
209,75,100,#40A3FF
210,75,100,#409FFF
211,75,100,#409CFF
212,75,100,#4099FF
213,75,100,#4096FF
214,75,100,#4093FF
215,75,100,#408FFF
216,75,100,#408CFF
217,75,100,#4089FF
218,75,100,#4086FF
219,75,100,#4083FF
220,75,100,#407FFF
221,75,100,#407CFF
222,75,100,#4079FF
223,75,100,#4076FF
224,75,100,#4073FF
225,75,100,#4070FF
226,75,100,#406CFF
227,75,100,#4069FF
228,75,100,#4066FF
229,75,100,#4063FF
230,75,100,#4060FF
231,75,100,#405CFF
232,75,100,#4059FF
233,75,100,#4056FF
234,75,100,#4053FF
235,75,100,#4050FF
236,75,100,#404CFF
237,75,100,#4049FF
238,75,100,#4046FF
239,75,100,#4043FF
240,75,100,#4040FF
241,75,100,#4340FF
242,75,100,#4640FF
243,75,100,#4940FF
244,75,100,#4C40FF
245,75,100,#5040FF
246,75,100,#5340FF
247,75,100,#5640FF
248,75,100,#5940FF
249,75,100,#5C40FF
250,75,100,#6040FF
251,75,100,#6340FF
252,75,100,#6640FF
253,75,100,#6940FF
254,75,100,#6C40FF
255,75,100,#7040FF
256,75,100,#7340FF
257,75,100,#7640FF
258,75,100,#7940FF
259,75,100,#7C40FF
260,75,100,#7F40FF
261,75,100,#8340FF
262,75,100,#8640FF
263,75,100,#8940FF
264,75,100,#8C40FF
265,75,100,#8F40FF
266,75,100,#9340FF
267,75,100,#9640FF
268,75,100,#9940FF
269,75,100,#9C40FF
270,75,100,#9F40FF
271,75,100,#A340FF
272,75,100,#A640FF
273,75,100,#A940FF
274,75,100,#AC40FF
275,75,100,#AF40FF
276,75,100,#B340FF
277,75,100,#B640FF
278,75,100,#B940FF
279,75,100,#BC40FF
280,75,100,#BF40FF
281,75,100,#C240FF
282,75,100,#C640FF
283,75,100,#C940FF
284,75,100,#CC40FF
285,75,100,#CF40FF
286,75,100,#D240FF
287,75,100,#D640FF
288,75,100,#D940FF
289,75,100,#DC40FF
290,75,100,#DF40FF
291,75,100,#E240FF
292,75,100,#E640FF
293,75,100,#E940FF
294,75,100,#EC40FF
295,75,100,#EF40FF
296,75,100,#F240FF
297,75,100,#F540FF
298,75,100,#F940FF
299,75,100,#FC40FF
300,75,100,#FF40FF
301,75,100,#FF40FC
302,75,100,#FF40F9
303,75,100,#FF40F5
304,75,100,#FF40F2
305,75,100,#FF40EF
306,75,100,#FF40EC
307,75,100,#FF40E9
308,75,100,#FF40E6
309,75,100,#FF40E2
310,75,100,#FF40DF
311,75,100,#FF40DC
312,75,100,#FF40D9
313,75,100,#FF40D6
314,75,100,#FF40D2
315,75,100,#FF40CF
316,75,100,#FF40CC
317,75,100,#FF40C9
318,75,100,#FF40C6
319,75,100,#FF40C2
320,75,100,#FF40BF
321,75,100,#FF40BC
322,75,100,#FF40B9
323,75,100,#FF40B6
324,75,100,#FF40B2
325,75,100,#FF40AF
326,75,100,#FF40AC
327,75,100,#FF40A9
328,75,100,#FF40A6
329,75,100,#FF40A3
330,75,100,#FF409F
331,75,100,#FF409C
332,75,100,#FF4099
333,75,100,#FF4096
334,75,100,#FF4093
335,75,100,#FF408F
336,75,100,#FF408C
337,75,100,#FF4089
338,75,100,#FF4086
339,75,100,#FF4083
340,75,100,#FF4080
341,75,100,#FF407C
342,75,100,#FF4079
343,75,100,#FF4076
344,75,100,#FF4073
345,75,100,#FF4070
346,75,100,#FF406C
347,75,100,#FF4069
348,75,100,#FF4066
349,75,100,#FF4063
350,75,100,#FF4060
351,75,100,#FF405C
352,75,100,#FF4059
353,75,100,#FF4056
354,75,100,#FF4053
355,75,100,#FF4050
356,75,100,#FF404C
357,75,100,#FF4049
358,75,100,#FF4046
359,75,100,#FF4043
0,74,100,#FF4242
1,74,100,#FF4542
2,74,100,#FF4942
3,74,100,#FF4C42
4,74,100,#FF4F42
5,74,100,#FF5242
6,74,100,#FF5542
7,74,100,#FF5842
8,74,100,#FF5B42
9,74,100,#FF5F42
10,74,100,#FF6242
11,74,100,#FF6542
12,74,100,#FF6842
13,74,100,#FF6B42
14,74,100,#FF6E42
15,74,100,#FF7142
16,74,100,#FF7542
17,74,100,#FF7842
18,74,100,#FF7B42
19,74,100,#FF7E42
20,74,100,#FF8142
21,74,100,#FF8442
22,74,100,#FF8742
23,74,100,#FF8B42
24,74,100,#FF8E42
25,74,100,#FF9142
26,74,100,#FF9442
27,74,100,#FF9742
28,74,100,#FF9A42
29,74,100,#FF9E42
30,74,100,#FFA142
31,74,100,#FFA442
32,74,100,#FFA742
33,74,100,#FFAA42
34,74,100,#FFAD42
35,74,100,#FFB042
36,74,100,#FFB442
37,74,100,#FFB742
38,74,100,#FFBA42
39,74,100,#FFBD42
40,74,100,#FFC042
41,74,100,#FFC342
42,74,100,#FFC642
43,74,100,#FFCA42
44,74,100,#FFCD42
45,74,100,#FFD042
46,74,100,#FFD342
47,74,100,#FFD642
48,74,100,#FFD942
49,74,100,#FFDC42
50,74,100,#FFE042
51,74,100,#FFE342
52,74,100,#FFE642
53,74,100,#FFE942
54,74,100,#FFEC42
55,74,100,#FFEF42
56,74,100,#FFF242
57,74,100,#FFF642
58,74,100,#FFF942
59,74,100,#FFFC42
60,74,100,#FFFF42
61,74,100,#FCFF42
62,74,100,#F9FF42
63,74,100,#F6FF42
64,74,100,#F2FF42
65,74,100,#EFFF42
66,74,100,#ECFF42
67,74,100,#E9FF42
68,74,100,#E6FF42
69,74,100,#E3FF42
70,74,100,#E0FF42
71,74,100,#DCFF42
72,74,100,#D9FF42
73,74,100,#D6FF42
74,74,100,#D3FF42
75,74,100,#D0FF42
76,74,100,#CDFF42
77,74,100,#CAFF42
78,74,100,#C6FF42
79,74,100,#C3FF42
80,74,100,#C0FF42
81,74,100,#BDFF42
82,74,100,#BAFF42
83,74,100,#B7FF42
84,74,100,#B4FF42
85,74,100,#B0FF42
86,74,100,#ADFF42
87,74,100,#AAFF42
88,74,100,#A7FF42
89,74,100,#A4FF42
90,74,100,#A1FF42
91,74,100,#9EFF42
92,74,100,#9AFF42
93,74,100,#97FF42
94,74,100,#94FF42
95,74,100,#91FF42
96,74,100,#8EFF42
97,74,100,#8BFF42
98,74,100,#87FF42
99,74,100,#84FF42
100,74,100,#81FF42
101,74,100,#7EFF42
102,74,100,#7BFF42
103,74,100,#78FF42
104,74,100,#75FF42
105,74,100,#71FF42
106,74,100,#6EFF42
107,74,100,#6BFF42
108,74,100,#68FF42
109,74,100,#65FF42
110,74,100,#62FF42
111,74,100,#5FFF42
112,74,100,#5BFF42
113,74,100,#58FF42
114,74,100,#55FF42
115,74,100,#52FF42
116,74,100,#4FFF42
117,74,100,#4CFF42
118,74,100,#49FF42
119,74,100,#45FF42
120,74,100,#42FF42
121,74,100,#42FF45
122,74,100,#42FF49
123,74,100,#42FF4C
124,74,100,#42FF4F
125,74,100,#42FF52
126,74,100,#42FF55
127,74,100,#42FF58
128,74,100,#42FF5B
129,74,100,#42FF5F
130,74,100,#42FF62
131,74,100,#42FF65
132,74,100,#42FF68
133,74,100,#42FF6B
134,74,100,#42FF6E
135,74,100,#42FF71
136,74,100,#42FF75
137,74,100,#42FF78
138,74,100,#42FF7B
139,74,100,#42FF7E
140,74,100,#42FF81
141,74,100,#42FF84
142,74,100,#42FF87
143,74,100,#42FF8B
144,74,100,#42FF8E
145,74,100,#42FF91
146,74,100,#42FF94
147,74,100,#42FF97
148,74,100,#42FF9A
149,74,100,#42FF9E
150,74,100,#42FFA1
151,74,100,#42FFA4
152,74,100,#42FFA7
153,74,100,#42FFAA
154,74,100,#42FFAD
155,74,100,#42FFB0
156,74,100,#42FFB4
157,74,100,#42FFB7
158,74,100,#42FFBA
159,74,100,#42FFBD
160,74,100,#42FFC0
161,74,100,#42FFC3
162,74,100,#42FFC6
163,74,100,#42FFCA
164,74,100,#42FFCD
165,74,100,#42FFD0
166,74,100,#42FFD3
167,74,100,#42FFD6
168,74,100,#42FFD9
169,74,100,#42FFDC
170,74,100,#42FFE0
171,74,100,#42FFE3
172,74,100,#42FFE6
173,74,100,#42FFE9
174,74,100,#42FFEC
175,74,100,#42FFEF
176,74,100,#42FFF2
177,74,100,#42FFF6
178,74,100,#42FFF9
179,74,100,#42FFFC
180,74,100,#42FFFF
181,74,100,#42FCFF
182,74,100,#42F9FF
183,74,100,#42F6FF
184,74,100,#42F2FF
185,74,100,#42EFFF
186,74,100,#42ECFF
187,74,100,#42E9FF
188,74,100,#42E6FF
189,74,100,#42E3FF
190,74,100,#42E0FF
191,74,100,#42DCFF
192,74,100,#42D9FF
193,74,100,#42D6FF
194,74,100,#42D3FF
195,74,100,#42D0FF
196,74,100,#42CDFF
197,74,100,#42CAFF
198,74,100,#42C6FF
199,74,100,#42C3FF
200,74,100,#42C0FF
201,74,100,#42BDFF
202,74,100,#42BAFF
203,74,100,#42B7FF
204,74,100,#42B4FF
205,74,100,#42B0FF
206,74,100,#42ADFF
207,74,100,#42AAFF
208,74,100,#42A7FF
209,74,100,#42A4FF
210,74,100,#42A1FF
211,74,100,#429EFF
212,74,100,#429AFF
213,74,100,#4297FF
214,74,100,#4294FF
215,74,100,#4291FF
216,74,100,#428EFF
217,74,100,#428BFF
218,74,100,#4287FF
219,74,100,#4284FF
220,74,100,#4281FF
221,74,100,#427EFF
222,74,100,#427BFF
223,74,100,#4278FF
224,74,100,#4275FF
225,74,100,#4271FF
226,74,100,#426EFF
227,74,100,#426BFF
228,74,100,#4268FF
229,74,100,#4265FF
230,74,100,#4262FF
231,74,100,#425FFF
232,74,100,#425BFF
233,74,100,#4258FF
234,74,100,#4255FF
235,74,100,#4252FF
236,74,100,#424FFF
237,74,100,#424CFF
238,74,100,#4249FF
239,74,100,#4245FF
240,74,100,#4242FF
241,74,100,#4542FF
242,74,100,#4942FF
243,74,100,#4C42FF
244,74,100,#4F42FF
245,74,100,#5242FF
246,74,100,#5542FF
247,74,100,#5842FF
248,74,100,#5B42FF
249,74,100,#5F42FF
250,74,100,#6242FF
251,74,100,#6542FF
252,74,100,#6842FF
253,74,100,#6B42FF
254,74,100,#6E42FF
255,74,100,#7142FF
256,74,100,#7542FF
257,74,100,#7842FF
258,74,100,#7B42FF
259,74,100,#7E42FF
260,74,100,#8142FF
261,74,100,#8442FF
262,74,100,#8742FF
263,74,100,#8B42FF
264,74,100,#8E42FF
265,74,100,#9142FF
266,74,100,#9442FF
267,74,100,#9742FF
268,74,100,#9A42FF
269,74,100,#9E42FF
270,74,100,#A142FF
271,74,100,#A442FF
272,74,100,#A742FF
273,74,100,#AA42FF
274,74,100,#AD42FF
275,74,100,#B042FF
276,74,100,#B442FF
277,74,100,#B742FF
278,74,100,#BA42FF
279,74,100,#BD42FF
280,74,100,#C042FF
281,74,100,#C342FF
282,74,100,#C642FF
283,74,100,#CA42FF
284,74,100,#CD42FF
285,74,100,#D042FF
286,74,100,#D342FF
287,74,100,#D642FF
288,74,100,#D942FF
289,74,100,#DC42FF
290,74,100,#E042FF
291,74,100,#E342FF
292,74,100,#E642FF
293,74,100,#E942FF
294,74,100,#EC42FF
295,74,100,#EF42FF
296,74,100,#F242FF
297,74,100,#F642FF
298,74,100,#F942FF
299,74,100,#FC42FF
300,74,100,#FF42FF
301,74,100,#FF42FC
302,74,100,#FF42F9
303,74,100,#FF42F6
304,74,100,#FF42F2
305,74,100,#FF42EF
306,74,100,#FF42EC
307,74,100,#FF42E9
308,74,100,#FF42E6
309,74,100,#FF42E3
310,74,100,#FF42E0
311,74,100,#FF42DC
312,74,100,#FF42D9
313,74,100,#FF42D6
314,74,100,#FF42D3
315,74,100,#FF42D0
316,74,100,#FF42CD
317,74,100,#FF42CA
318,74,100,#FF42C6
319,74,100,#FF42C3
320,74,100,#FF42C0
321,74,100,#FF42BD
322,74,100,#FF42BA
323,74,100,#FF42B7
324,74,100,#FF42B4
325,74,100,#FF42B0
326,74,100,#FF42AD
327,74,100,#FF42AA
328,74,100,#FF42A7
329,74,100,#FF42A4
330,74,100,#FF42A1
331,74,100,#FF429E
332,74,100,#FF429A
333,74,100,#FF4297
334,74,100,#FF4294
335,74,100,#FF4291
336,74,100,#FF428E
337,74,100,#FF428B
338,74,100,#FF4287
339,74,100,#FF4284
340,74,100,#FF4281
341,74,100,#FF427E
342,74,100,#FF427B
343,74,100,#FF4278
344,74,100,#FF4275
345,74,100,#FF4271
346,74,100,#FF426E
347,74,100,#FF426B
348,74,100,#FF4268
349,74,100,#FF4265
350,74,100,#FF4262
351,74,100,#FF425F
352,74,100,#FF425B
353,74,100,#FF4258
354,74,100,#FF4255
355,74,100,#FF4252
356,74,100,#FF424F
357,74,100,#FF424C
358,74,100,#FF4249
359,74,100,#FF4245
0,73,100,#FF4545
1,73,100,#FF4845
2,73,100,#FF4B45
3,73,100,#FF4E45
4,73,100,#FF5145
5,73,100,#FF5445
6,73,100,#FF5745
7,73,100,#FF5B45
8,73,100,#FF5E45
9,73,100,#FF6145
10,73,100,#FF6445
11,73,100,#FF6745
12,73,100,#FF6A45
13,73,100,#FF6D45
14,73,100,#FF7045
15,73,100,#FF7345
16,73,100,#FF7645
17,73,100,#FF7A45
18,73,100,#FF7D45
19,73,100,#FF8045
20,73,100,#FF8345
21,73,100,#FF8645
22,73,100,#FF8945
23,73,100,#FF8C45
24,73,100,#FF8F45
25,73,100,#FF9245
26,73,100,#FF9645
27,73,100,#FF9945
28,73,100,#FF9C45
29,73,100,#FF9F45
30,73,100,#FFA245
31,73,100,#FFA545
32,73,100,#FFA845
33,73,100,#FFAB45
34,73,100,#FFAE45
35,73,100,#FFB145
36,73,100,#FFB545
37,73,100,#FFB845
38,73,100,#FFBB45
39,73,100,#FFBE45
40,73,100,#FFC145
41,73,100,#FFC445
42,73,100,#FFC745
43,73,100,#FFCA45
44,73,100,#FFCD45
45,73,100,#FFD045
46,73,100,#FFD445
47,73,100,#FFD745
48,73,100,#FFDA45
49,73,100,#FFDD45
50,73,100,#FFE045
51,73,100,#FFE345
52,73,100,#FFE645
53,73,100,#FFE945
54,73,100,#FFEC45
55,73,100,#FFEF45
56,73,100,#FFF345
57,73,100,#FFF645
58,73,100,#FFF945
59,73,100,#FFFC45
60,73,100,#FFFF45
61,73,100,#FCFF45
62,73,100,#F9FF45
63,73,100,#F6FF45
64,73,100,#F3FF45
65,73,100,#EFFF45
66,73,100,#ECFF45
67,73,100,#E9FF45
68,73,100,#E6FF45
69,73,100,#E3FF45
70,73,100,#E0FF45
71,73,100,#DDFF45
72,73,100,#DAFF45
73,73,100,#D7FF45
74,73,100,#D4FF45
75,73,100,#D0FF45
76,73,100,#CDFF45
77,73,100,#CAFF45
78,73,100,#C7FF45
79,73,100,#C4FF45
80,73,100,#C1FF45
81,73,100,#BEFF45
82,73,100,#BBFF45
83,73,100,#B8FF45
84,73,100,#B5FF45
85,73,100,#B1FF45
86,73,100,#AEFF45
87,73,100,#ABFF45
88,73,100,#A8FF45
89,73,100,#A5FF45
90,73,100,#A2FF45
91,73,100,#9FFF45
92,73,100,#9CFF45
93,73,100,#99FF45
94,73,100,#96FF45
95,73,100,#92FF45
96,73,100,#8FFF45
97,73,100,#8CFF45
98,73,100,#89FF45
99,73,100,#86FF45
100,73,100,#83FF45
101,73,100,#80FF45
102,73,100,#7DFF45
103,73,100,#7AFF45
104,73,100,#76FF45
105,73,100,#73FF45
106,73,100,#70FF45
107,73,100,#6DFF45
108,73,100,#6AFF45
109,73,100,#67FF45
110,73,100,#64FF45
111,73,100,#61FF45
112,73,100,#5EFF45
113,73,100,#5BFF45
114,73,100,#57FF45
115,73,100,#54FF45
116,73,100,#51FF45
117,73,100,#4EFF45
118,73,100,#4BFF45
119,73,100,#48FF45
120,73,100,#45FF45
121,73,100,#45FF48
122,73,100,#45FF4B
123,73,100,#45FF4E
124,73,100,#45FF51
125,73,100,#45FF54
126,73,100,#45FF57
127,73,100,#45FF5B
128,73,100,#45FF5E
129,73,100,#45FF61
130,73,100,#45FF64
131,73,100,#45FF67
132,73,100,#45FF6A
133,73,100,#45FF6D
134,73,100,#45FF70
135,73,100,#45FF73
136,73,100,#45FF76
137,73,100,#45FF7A
138,73,100,#45FF7D
139,73,100,#45FF80
140,73,100,#45FF83
141,73,100,#45FF86
142,73,100,#45FF89
143,73,100,#45FF8C
144,73,100,#45FF8F
145,73,100,#45FF92
146,73,100,#45FF96
147,73,100,#45FF99
148,73,100,#45FF9C
149,73,100,#45FF9F
150,73,100,#45FFA2
151,73,100,#45FFA5
152,73,100,#45FFA8
153,73,100,#45FFAB
154,73,100,#45FFAE
155,73,100,#45FFB1
156,73,100,#45FFB5
157,73,100,#45FFB8
158,73,100,#45FFBB
159,73,100,#45FFBE
160,73,100,#45FFC1
161,73,100,#45FFC4
162,73,100,#45FFC7
163,73,100,#45FFCA
164,73,100,#45FFCD
165,73,100,#45FFD0
166,73,100,#45FFD4
167,73,100,#45FFD7
168,73,100,#45FFDA
169,73,100,#45FFDD
170,73,100,#45FFE0
171,73,100,#45FFE3
172,73,100,#45FFE6
173,73,100,#45FFE9
174,73,100,#45FFEC
175,73,100,#45FFEF
176,73,100,#45FFF3
177,73,100,#45FFF6
178,73,100,#45FFF9
179,73,100,#45FFFC
180,73,100,#45FFFF
181,73,100,#45FCFF
182,73,100,#45F9FF
183,73,100,#45F6FF
184,73,100,#45F3FF
185,73,100,#45EFFF
186,73,100,#45ECFF
187,73,100,#45E9FF
188,73,100,#45E6FF
189,73,100,#45E3FF
190,73,100,#45E0FF
191,73,100,#45DDFF
192,73,100,#45DAFF
193,73,100,#45D7FF
194,73,100,#45D4FF
195,73,100,#45D0FF
196,73,100,#45CDFF
197,73,100,#45CAFF
198,73,100,#45C7FF
199,73,100,#45C4FF
200,73,100,#45C1FF
201,73,100,#45BEFF
202,73,100,#45BBFF
203,73,100,#45B8FF
204,73,100,#45B5FF
205,73,100,#45B1FF
206,73,100,#45AEFF
207,73,100,#45ABFF
208,73,100,#45A8FF
209,73,100,#45A5FF
210,73,100,#45A2FF
211,73,100,#459FFF
212,73,100,#459CFF
213,73,100,#4599FF
214,73,100,#4596FF
215,73,100,#4592FF
216,73,100,#458FFF
217,73,100,#458CFF
218,73,100,#4589FF
219,73,100,#4586FF
220,73,100,#4583FF
221,73,100,#4580FF
222,73,100,#457DFF
223,73,100,#457AFF
224,73,100,#4576FF
225,73,100,#4573FF
226,73,100,#4570FF
227,73,100,#456DFF
228,73,100,#456AFF
229,73,100,#4567FF
230,73,100,#4564FF
231,73,100,#4561FF
232,73,100,#455EFF
233,73,100,#455BFF
234,73,100,#4557FF
235,73,100,#4554FF
236,73,100,#4551FF
237,73,100,#454EFF
238,73,100,#454BFF
239,73,100,#4548FF
240,73,100,#4545FF
241,73,100,#4845FF
242,73,100,#4B45FF
243,73,100,#4E45FF
244,73,100,#5145FF
245,73,100,#5445FF
246,73,100,#5745FF
247,73,100,#5B45FF
248,73,100,#5E45FF
249,73,100,#6145FF
250,73,100,#6445FF
251,73,100,#6745FF
252,73,100,#6A45FF
253,73,100,#6D45FF
254,73,100,#7045FF
255,73,100,#7345FF
256,73,100,#7645FF
257,73,100,#7A45FF
258,73,100,#7D45FF
259,73,100,#8045FF
260,73,100,#8345FF
261,73,100,#8645FF
262,73,100,#8945FF
263,73,100,#8C45FF
264,73,100,#8F45FF
265,73,100,#9245FF
266,73,100,#9645FF
267,73,100,#9945FF
268,73,100,#9C45FF
269,73,100,#9F45FF
270,73,100,#A245FF
271,73,100,#A545FF
272,73,100,#A845FF
273,73,100,#AB45FF
274,73,100,#AE45FF
275,73,100,#B145FF
276,73,100,#B545FF
277,73,100,#B845FF
278,73,100,#BB45FF
279,73,100,#BE45FF
280,73,100,#C145FF
281,73,100,#C445FF
282,73,100,#C745FF
283,73,100,#CA45FF
284,73,100,#CD45FF
285,73,100,#D045FF
286,73,100,#D445FF
287,73,100,#D745FF
288,73,100,#DA45FF
289,73,100,#DD45FF
290,73,100,#E045FF
291,73,100,#E345FF
292,73,100,#E645FF
293,73,100,#E945FF
294,73,100,#EC45FF
295,73,100,#EF45FF
296,73,100,#F345FF
297,73,100,#F645FF
298,73,100,#F945FF
299,73,100,#FC45FF
300,73,100,#FF45FF
301,73,100,#FF45FC
302,73,100,#FF45F9
303,73,100,#FF45F6
304,73,100,#FF45F3
305,73,100,#FF45EF
306,73,100,#FF45EC
307,73,100,#FF45E9
308,73,100,#FF45E6
309,73,100,#FF45E3
310,73,100,#FF45E0
311,73,100,#FF45DD
312,73,100,#FF45DA
313,73,100,#FF45D7
314,73,100,#FF45D4
315,73,100,#FF45D0
316,73,100,#FF45CD
317,73,100,#FF45CA
318,73,100,#FF45C7
319,73,100,#FF45C4
320,73,100,#FF45C1
321,73,100,#FF45BE
322,73,100,#FF45BB
323,73,100,#FF45B8
324,73,100,#FF45B5
325,73,100,#FF45B1
326,73,100,#FF45AE
327,73,100,#FF45AB
328,73,100,#FF45A8
329,73,100,#FF45A5
330,73,100,#FF45A2
331,73,100,#FF459F
332,73,100,#FF459C
333,73,100,#FF4599
334,73,100,#FF4596
335,73,100,#FF4592
336,73,100,#FF458F
337,73,100,#FF458C
338,73,100,#FF4589
339,73,100,#FF4586
340,73,100,#FF4583
341,73,100,#FF4580
342,73,100,#FF457D
343,73,100,#FF457A
344,73,100,#FF4576
345,73,100,#FF4573
346,73,100,#FF4570
347,73,100,#FF456D
348,73,100,#FF456A
349,73,100,#FF4567
350,73,100,#FF4564
351,73,100,#FF4561
352,73,100,#FF455E
353,73,100,#FF455B
354,73,100,#FF4557
355,73,100,#FF4554
356,73,100,#FF4551
357,73,100,#FF454E
358,73,100,#FF454B
359,73,100,#FF4548
0,72,100,#FF4747
1,72,100,#FF4A47
2,72,100,#FF4E47
3,72,100,#FF5147
4,72,100,#FF5447
5,72,100,#FF5747
6,72,100,#FF5A47
7,72,100,#FF5D47
8,72,100,#FF6047
9,72,100,#FF6347
10,72,100,#FF6647
11,72,100,#FF6947
12,72,100,#FF6C47
13,72,100,#FF6F47
14,72,100,#FF7247
15,72,100,#FF7547
16,72,100,#FF7847
17,72,100,#FF7B47
18,72,100,#FF7E47
19,72,100,#FF8247
20,72,100,#FF8547
21,72,100,#FF8847
22,72,100,#FF8B47
23,72,100,#FF8E47
24,72,100,#FF9147
25,72,100,#FF9447
26,72,100,#FF9747
27,72,100,#FF9A47
28,72,100,#FF9D47
29,72,100,#FFA047
30,72,100,#FFA347
31,72,100,#FFA647
32,72,100,#FFA947
33,72,100,#FFAC47
34,72,100,#FFAF47
35,72,100,#FFB347
36,72,100,#FFB647
37,72,100,#FFB947
38,72,100,#FFBC47
39,72,100,#FFBF47
40,72,100,#FFC247
41,72,100,#FFC547
42,72,100,#FFC847
43,72,100,#FFCB47
44,72,100,#FFCE47
45,72,100,#FFD147
46,72,100,#FFD447
47,72,100,#FFD747
48,72,100,#FFDA47
49,72,100,#FFDD47
50,72,100,#FFE047
51,72,100,#FFE347
52,72,100,#FFE747
53,72,100,#FFEA47
54,72,100,#FFED47
55,72,100,#FFF047
56,72,100,#FFF347
57,72,100,#FFF647
58,72,100,#FFF947
59,72,100,#FFFC47
60,72,100,#FFFF47
61,72,100,#FCFF47
62,72,100,#F9FF47
63,72,100,#F6FF47
64,72,100,#F3FF47
65,72,100,#F0FF47
66,72,100,#EDFF47
67,72,100,#EAFF47
68,72,100,#E7FF47
69,72,100,#E3FF47
70,72,100,#E0FF47
71,72,100,#DDFF47
72,72,100,#DAFF47
73,72,100,#D7FF47
74,72,100,#D4FF47
75,72,100,#D1FF47
76,72,100,#CEFF47
77,72,100,#CBFF47
78,72,100,#C8FF47
79,72,100,#C5FF47
80,72,100,#C2FF47
81,72,100,#BFFF47
82,72,100,#BCFF47
83,72,100,#B9FF47
84,72,100,#B6FF47
85,72,100,#B3FF47
86,72,100,#AFFF47
87,72,100,#ACFF47
88,72,100,#A9FF47
89,72,100,#A6FF47
90,72,100,#A3FF47
91,72,100,#A0FF47
92,72,100,#9DFF47
93,72,100,#9AFF47
94,72,100,#97FF47
95,72,100,#94FF47
96,72,100,#91FF47
97,72,100,#8EFF47
98,72,100,#8BFF47
99,72,100,#88FF47
100,72,100,#85FF47
101,72,100,#82FF47
102,72,100,#7EFF47
103,72,100,#7BFF47
104,72,100,#78FF47
105,72,100,#75FF47
106,72,100,#72FF47
107,72,100,#6FFF47
108,72,100,#6CFF47
109,72,100,#69FF47
110,72,100,#66FF47
111,72,100,#63FF47
112,72,100,#60FF47
113,72,100,#5DFF47
114,72,100,#5AFF47
115,72,100,#57FF47
116,72,100,#54FF47
117,72,100,#51FF47
118,72,100,#4EFF47
119,72,100,#4AFF47
120,72,100,#47FF47
121,72,100,#47FF4A
122,72,100,#47FF4E
123,72,100,#47FF51
124,72,100,#47FF54
125,72,100,#47FF57
126,72,100,#47FF5A
127,72,100,#47FF5D
128,72,100,#47FF60
129,72,100,#47FF63
130,72,100,#47FF66
131,72,100,#47FF69
132,72,100,#47FF6C
133,72,100,#47FF6F
134,72,100,#47FF72
135,72,100,#47FF75
136,72,100,#47FF78
137,72,100,#47FF7B
138,72,100,#47FF7E
139,72,100,#47FF82
140,72,100,#47FF85
141,72,100,#47FF88
142,72,100,#47FF8B
143,72,100,#47FF8E
144,72,100,#47FF91
145,72,100,#47FF94
146,72,100,#47FF97
147,72,100,#47FF9A
148,72,100,#47FF9D
149,72,100,#47FFA0
150,72,100,#47FFA3
151,72,100,#47FFA6
152,72,100,#47FFA9
153,72,100,#47FFAC
154,72,100,#47FFAF
155,72,100,#47FFB3
156,72,100,#47FFB6
157,72,100,#47FFB9
158,72,100,#47FFBC
159,72,100,#47FFBF
160,72,100,#47FFC2
161,72,100,#47FFC5
162,72,100,#47FFC8
163,72,100,#47FFCB
164,72,100,#47FFCE
165,72,100,#47FFD1
166,72,100,#47FFD4
167,72,100,#47FFD7
168,72,100,#47FFDA
169,72,100,#47FFDD
170,72,100,#47FFE0
171,72,100,#47FFE3
172,72,100,#47FFE7
173,72,100,#47FFEA
174,72,100,#47FFED
175,72,100,#47FFF0
176,72,100,#47FFF3
177,72,100,#47FFF6
178,72,100,#47FFF9
179,72,100,#47FFFC
180,72,100,#47FFFF
181,72,100,#47FCFF
182,72,100,#47F9FF
183,72,100,#47F6FF
184,72,100,#47F3FF
185,72,100,#47F0FF
186,72,100,#47EDFF
187,72,100,#47EAFF
188,72,100,#47E7FF
189,72,100,#47E3FF
190,72,100,#47E0FF
191,72,100,#47DDFF
192,72,100,#47DAFF
193,72,100,#47D7FF
194,72,100,#47D4FF
195,72,100,#47D1FF
196,72,100,#47CEFF
197,72,100,#47CBFF
198,72,100,#47C8FF
199,72,100,#47C5FF
200,72,100,#47C2FF
201,72,100,#47BFFF
202,72,100,#47BCFF
203,72,100,#47B9FF
204,72,100,#47B6FF
205,72,100,#47B3FF
206,72,100,#47AFFF
207,72,100,#47ACFF
208,72,100,#47A9FF
209,72,100,#47A6FF
210,72,100,#47A3FF
211,72,100,#47A0FF
212,72,100,#479DFF
213,72,100,#479AFF
214,72,100,#4797FF
215,72,100,#4794FF
216,72,100,#4791FF
217,72,100,#478EFF
218,72,100,#478BFF
219,72,100,#4788FF
220,72,100,#4785FF
221,72,100,#4782FF
222,72,100,#477EFF
223,72,100,#477BFF
224,72,100,#4778FF
225,72,100,#4775FF
226,72,100,#4772FF
227,72,100,#476FFF
228,72,100,#476CFF
229,72,100,#4769FF
230,72,100,#4766FF
231,72,100,#4763FF
232,72,100,#4760FF
233,72,100,#475DFF
234,72,100,#475AFF
235,72,100,#4757FF
236,72,100,#4754FF
237,72,100,#4751FF
238,72,100,#474EFF
239,72,100,#474AFF
240,72,100,#4747FF
241,72,100,#4A47FF
242,72,100,#4E47FF
243,72,100,#5147FF
244,72,100,#5447FF
245,72,100,#5747FF
246,72,100,#5A47FF
247,72,100,#5D47FF
248,72,100,#6047FF
249,72,100,#6347FF
250,72,100,#6647FF
251,72,100,#6947FF
252,72,100,#6C47FF
253,72,100,#6F47FF
254,72,100,#7247FF
255,72,100,#7547FF
256,72,100,#7847FF
257,72,100,#7B47FF
258,72,100,#7E47FF
259,72,100,#8247FF
260,72,100,#8547FF
261,72,100,#8847FF
262,72,100,#8B47FF
263,72,100,#8E47FF
264,72,100,#9147FF
265,72,100,#9447FF
266,72,100,#9747FF
267,72,100,#9A47FF
268,72,100,#9D47FF
269,72,100,#A047FF
270,72,100,#A347FF
271,72,100,#A647FF
272,72,100,#A947FF
273,72,100,#AC47FF
274,72,100,#AF47FF
275,72,100,#B247FF
276,72,100,#B647FF
277,72,100,#B947FF
278,72,100,#BC47FF
279,72,100,#BF47FF
280,72,100,#C247FF
281,72,100,#C547FF
282,72,100,#C847FF
283,72,100,#CB47FF
284,72,100,#CE47FF
285,72,100,#D147FF
286,72,100,#D447FF
287,72,100,#D747FF
288,72,100,#DA47FF
289,72,100,#DD47FF
290,72,100,#E047FF
291,72,100,#E347FF
292,72,100,#E747FF
293,72,100,#EA47FF
294,72,100,#ED47FF
295,72,100,#F047FF
296,72,100,#F347FF
297,72,100,#F647FF
298,72,100,#F947FF
299,72,100,#FC47FF
300,72,100,#FF47FF
301,72,100,#FF47FC
302,72,100,#FF47F9
303,72,100,#FF47F6
304,72,100,#FF47F3
305,72,100,#FF47F0
306,72,100,#FF47ED
307,72,100,#FF47EA
308,72,100,#FF47E7
309,72,100,#FF47E3
310,72,100,#FF47E0
311,72,100,#FF47DD
312,72,100,#FF47DA
313,72,100,#FF47D7
314,72,100,#FF47D4
315,72,100,#FF47D1
316,72,100,#FF47CE
317,72,100,#FF47CB
318,72,100,#FF47C8
319,72,100,#FF47C5
320,72,100,#FF47C2
321,72,100,#FF47BF
322,72,100,#FF47BC
323,72,100,#FF47B9
324,72,100,#FF47B6
325,72,100,#FF47B2
326,72,100,#FF47AF
327,72,100,#FF47AC
328,72,100,#FF47A9
329,72,100,#FF47A6
330,72,100,#FF47A3
331,72,100,#FF47A0
332,72,100,#FF479D
333,72,100,#FF479A
334,72,100,#FF4797
335,72,100,#FF4794
336,72,100,#FF4791
337,72,100,#FF478E
338,72,100,#FF478B
339,72,100,#FF4788
340,72,100,#FF4785
341,72,100,#FF4782
342,72,100,#FF477E
343,72,100,#FF477B
344,72,100,#FF4778
345,72,100,#FF4775
346,72,100,#FF4772
347,72,100,#FF476F
348,72,100,#FF476C
349,72,100,#FF4769
350,72,100,#FF4766
351,72,100,#FF4763
352,72,100,#FF4760
353,72,100,#FF475D
354,72,100,#FF475A
355,72,100,#FF4757
356,72,100,#FF4754
357,72,100,#FF4751
358,72,100,#FF474E
359,72,100,#FF474A
0,71,100,#FF4A4A
1,71,100,#FF4D4A
2,71,100,#FF504A
3,71,100,#FF534A
4,71,100,#FF564A
5,71,100,#FF594A
6,71,100,#FF5C4A
7,71,100,#FF5F4A
8,71,100,#FF624A
9,71,100,#FF654A
10,71,100,#FF684A
11,71,100,#FF6B4A
12,71,100,#FF6E4A
13,71,100,#FF714A
14,71,100,#FF744A
15,71,100,#FF774A
16,71,100,#FF7A4A
17,71,100,#FF7D4A
18,71,100,#FF804A
19,71,100,#FF834A
20,71,100,#FF864A
21,71,100,#FF894A
22,71,100,#FF8C4A
23,71,100,#FF8F4A
24,71,100,#FF924A
25,71,100,#FF954A
26,71,100,#FF984A
27,71,100,#FF9B4A
28,71,100,#FF9E4A
29,71,100,#FFA14A
30,71,100,#FFA44A
31,71,100,#FFA74A
32,71,100,#FFAB4A
33,71,100,#FFAE4A
34,71,100,#FFB14A
35,71,100,#FFB44A
36,71,100,#FFB74A
37,71,100,#FFBA4A
38,71,100,#FFBD4A
39,71,100,#FFC04A
40,71,100,#FFC34A
41,71,100,#FFC64A
42,71,100,#FFC94A
43,71,100,#FFCC4A
44,71,100,#FFCF4A
45,71,100,#FFD24A
46,71,100,#FFD54A
47,71,100,#FFD84A
48,71,100,#FFDB4A
49,71,100,#FFDE4A
50,71,100,#FFE14A
51,71,100,#FFE44A
52,71,100,#FFE74A
53,71,100,#FFEA4A
54,71,100,#FFED4A
55,71,100,#FFF04A
56,71,100,#FFF34A
57,71,100,#FFF64A
58,71,100,#FFF94A
59,71,100,#FFFC4A
60,71,100,#FFFF4A
61,71,100,#FCFF4A
62,71,100,#F9FF4A
63,71,100,#F6FF4A
64,71,100,#F3FF4A
65,71,100,#F0FF4A
66,71,100,#EDFF4A
67,71,100,#EAFF4A
68,71,100,#E7FF4A
69,71,100,#E4FF4A
70,71,100,#E1FF4A
71,71,100,#DEFF4A
72,71,100,#DBFF4A
73,71,100,#D8FF4A
74,71,100,#D5FF4A
75,71,100,#D2FF4A
76,71,100,#CFFF4A
77,71,100,#CCFF4A
78,71,100,#C9FF4A
79,71,100,#C6FF4A
80,71,100,#C3FF4A
81,71,100,#C0FF4A
82,71,100,#BDFF4A
83,71,100,#BAFF4A
84,71,100,#B7FF4A
85,71,100,#B4FF4A
86,71,100,#B1FF4A
87,71,100,#AEFF4A
88,71,100,#ABFF4A
89,71,100,#A7FF4A
90,71,100,#A4FF4A
91,71,100,#A1FF4A
92,71,100,#9EFF4A
93,71,100,#9BFF4A
94,71,100,#98FF4A
95,71,100,#95FF4A
96,71,100,#92FF4A
97,71,100,#8FFF4A
98,71,100,#8CFF4A
99,71,100,#89FF4A
100,71,100,#86FF4A
101,71,100,#83FF4A
102,71,100,#80FF4A
103,71,100,#7DFF4A
104,71,100,#7AFF4A
105,71,100,#77FF4A
106,71,100,#74FF4A
107,71,100,#71FF4A
108,71,100,#6EFF4A
109,71,100,#6BFF4A
110,71,100,#68FF4A
111,71,100,#65FF4A
112,71,100,#62FF4A
113,71,100,#5FFF4A
114,71,100,#5CFF4A
115,71,100,#59FF4A
116,71,100,#56FF4A
117,71,100,#53FF4A
118,71,100,#50FF4A
119,71,100,#4DFF4A
120,71,100,#4AFF4A
121,71,100,#4AFF4D
122,71,100,#4AFF50
123,71,100,#4AFF53
124,71,100,#4AFF56
125,71,100,#4AFF59
126,71,100,#4AFF5C
127,71,100,#4AFF5F
128,71,100,#4AFF62
129,71,100,#4AFF65
130,71,100,#4AFF68
131,71,100,#4AFF6B
132,71,100,#4AFF6E
133,71,100,#4AFF71
134,71,100,#4AFF74
135,71,100,#4AFF77
136,71,100,#4AFF7A
137,71,100,#4AFF7D
138,71,100,#4AFF80
139,71,100,#4AFF83
140,71,100,#4AFF86
141,71,100,#4AFF89
142,71,100,#4AFF8C
143,71,100,#4AFF8F
144,71,100,#4AFF92
145,71,100,#4AFF95
146,71,100,#4AFF98
147,71,100,#4AFF9B
148,71,100,#4AFF9E
149,71,100,#4AFFA1
150,71,100,#4AFFA4
151,71,100,#4AFFA7
152,71,100,#4AFFAB
153,71,100,#4AFFAE
154,71,100,#4AFFB1
155,71,100,#4AFFB4
156,71,100,#4AFFB7
157,71,100,#4AFFBA
158,71,100,#4AFFBD
159,71,100,#4AFFC0
160,71,100,#4AFFC3
161,71,100,#4AFFC6
162,71,100,#4AFFC9
163,71,100,#4AFFCC
164,71,100,#4AFFCF
165,71,100,#4AFFD2
166,71,100,#4AFFD5
167,71,100,#4AFFD8
168,71,100,#4AFFDB
169,71,100,#4AFFDE
170,71,100,#4AFFE1
171,71,100,#4AFFE4
172,71,100,#4AFFE7
173,71,100,#4AFFEA
174,71,100,#4AFFED
175,71,100,#4AFFF0
176,71,100,#4AFFF3
177,71,100,#4AFFF6
178,71,100,#4AFFF9
179,71,100,#4AFFFC
180,71,100,#4AFFFF
181,71,100,#4AFCFF
182,71,100,#4AF9FF
183,71,100,#4AF6FF
184,71,100,#4AF3FF
185,71,100,#4AF0FF
186,71,100,#4AEDFF
187,71,100,#4AEAFF
188,71,100,#4AE7FF
189,71,100,#4AE4FF
190,71,100,#4AE1FF
191,71,100,#4ADEFF
192,71,100,#4ADBFF
193,71,100,#4AD8FF
194,71,100,#4AD5FF
195,71,100,#4AD2FF
196,71,100,#4ACFFF
197,71,100,#4ACCFF
198,71,100,#4AC9FF
199,71,100,#4AC6FF
200,71,100,#4AC3FF
201,71,100,#4AC0FF
202,71,100,#4ABDFF
203,71,100,#4ABAFF
204,71,100,#4AB7FF
205,71,100,#4AB4FF
206,71,100,#4AB1FF
207,71,100,#4AAEFF
208,71,100,#4AABFF
209,71,100,#4AA7FF
210,71,100,#4AA4FF
211,71,100,#4AA1FF
212,71,100,#4A9EFF
213,71,100,#4A9BFF
214,71,100,#4A98FF
215,71,100,#4A95FF
216,71,100,#4A92FF
217,71,100,#4A8FFF
218,71,100,#4A8CFF
219,71,100,#4A89FF
220,71,100,#4A86FF
221,71,100,#4A83FF
222,71,100,#4A80FF
223,71,100,#4A7DFF
224,71,100,#4A7AFF
225,71,100,#4A77FF
226,71,100,#4A74FF
227,71,100,#4A71FF
228,71,100,#4A6EFF
229,71,100,#4A6BFF
230,71,100,#4A68FF
231,71,100,#4A65FF
232,71,100,#4A62FF
233,71,100,#4A5FFF
234,71,100,#4A5CFF
235,71,100,#4A59FF
236,71,100,#4A56FF
237,71,100,#4A53FF
238,71,100,#4A50FF
239,71,100,#4A4DFF
240,71,100,#4A4AFF
241,71,100,#4D4AFF
242,71,100,#504AFF
243,71,100,#534AFF
244,71,100,#564AFF
245,71,100,#594AFF
246,71,100,#5C4AFF
247,71,100,#5F4AFF
248,71,100,#624AFF
249,71,100,#654AFF
250,71,100,#684AFF
251,71,100,#6B4AFF
252,71,100,#6E4AFF
253,71,100,#714AFF
254,71,100,#744AFF
255,71,100,#774AFF
256,71,100,#7A4AFF
257,71,100,#7D4AFF
258,71,100,#804AFF
259,71,100,#834AFF
260,71,100,#864AFF
261,71,100,#894AFF
262,71,100,#8C4AFF
263,71,100,#8F4AFF
264,71,100,#924AFF
265,71,100,#954AFF
266,71,100,#984AFF
267,71,100,#9B4AFF
268,71,100,#9E4AFF
269,71,100,#A14AFF
270,71,100,#A44AFF
271,71,100,#A74AFF
272,71,100,#AB4AFF
273,71,100,#AE4AFF
274,71,100,#B14AFF
275,71,100,#B44AFF
276,71,100,#B74AFF
277,71,100,#BA4AFF
278,71,100,#BD4AFF
279,71,100,#C04AFF
280,71,100,#C34AFF
281,71,100,#C64AFF
282,71,100,#C94AFF
283,71,100,#CC4AFF
284,71,100,#CF4AFF
285,71,100,#D24AFF
286,71,100,#D54AFF
287,71,100,#D84AFF
288,71,100,#DB4AFF
289,71,100,#DE4AFF
290,71,100,#E14AFF
291,71,100,#E44AFF
292,71,100,#E74AFF
293,71,100,#EA4AFF
294,71,100,#ED4AFF
295,71,100,#F04AFF
296,71,100,#F34AFF
297,71,100,#F64AFF
298,71,100,#F94AFF
299,71,100,#FC4AFF
300,71,100,#FF4AFF
301,71,100,#FF4AFC
302,71,100,#FF4AF9
303,71,100,#FF4AF6
304,71,100,#FF4AF3
305,71,100,#FF4AF0
306,71,100,#FF4AED
307,71,100,#FF4AEA
308,71,100,#FF4AE7
309,71,100,#FF4AE4
310,71,100,#FF4AE1
311,71,100,#FF4ADE
312,71,100,#FF4ADB
313,71,100,#FF4AD8
314,71,100,#FF4AD5
315,71,100,#FF4AD2
316,71,100,#FF4ACF
317,71,100,#FF4ACC
318,71,100,#FF4AC9
319,71,100,#FF4AC6
320,71,100,#FF4AC3
321,71,100,#FF4AC0
322,71,100,#FF4ABD
323,71,100,#FF4ABA
324,71,100,#FF4AB7
325,71,100,#FF4AB4
326,71,100,#FF4AB1
327,71,100,#FF4AAE
328,71,100,#FF4AAB
329,71,100,#FF4AA7
330,71,100,#FF4AA4
331,71,100,#FF4AA1
332,71,100,#FF4A9E
333,71,100,#FF4A9B
334,71,100,#FF4A98
335,71,100,#FF4A95
336,71,100,#FF4A92
337,71,100,#FF4A8F
338,71,100,#FF4A8C
339,71,100,#FF4A89
340,71,100,#FF4A86
341,71,100,#FF4A83
342,71,100,#FF4A80
343,71,100,#FF4A7D
344,71,100,#FF4A7A
345,71,100,#FF4A77
346,71,100,#FF4A74
347,71,100,#FF4A71
348,71,100,#FF4A6E
349,71,100,#FF4A6B
350,71,100,#FF4A68
351,71,100,#FF4A65
352,71,100,#FF4A62
353,71,100,#FF4A5F
354,71,100,#FF4A5C
355,71,100,#FF4A59
356,71,100,#FF4A56
357,71,100,#FF4A53
358,71,100,#FF4A50
359,71,100,#FF4A4D
0,70,100,#FF4D4D
1,70,100,#FF4F4D
2,70,100,#FF524D
3,70,100,#FF554D
4,70,100,#FF584D
5,70,100,#FF5B4D
6,70,100,#FF5E4D
7,70,100,#FF614D
8,70,100,#FF644D
9,70,100,#FF674D
10,70,100,#FF6A4D
11,70,100,#FF6D4D
12,70,100,#FF704D
13,70,100,#FF734D
14,70,100,#FF764D
15,70,100,#FF794D
16,70,100,#FF7C4D
17,70,100,#FF7F4D
18,70,100,#FF824D
19,70,100,#FF854D
20,70,100,#FF884D
21,70,100,#FF8B4D
22,70,100,#FF8E4D
23,70,100,#FF914D
24,70,100,#FF944D
25,70,100,#FF974D
26,70,100,#FF9A4D
27,70,100,#FF9D4D
28,70,100,#FFA04D
29,70,100,#FFA34D
30,70,100,#FFA64D
31,70,100,#FFA94D
32,70,100,#FFAC4D
33,70,100,#FFAF4D
34,70,100,#FFB24D
35,70,100,#FFB54D
36,70,100,#FFB84D
37,70,100,#FFBB4D
38,70,100,#FFBE4D
39,70,100,#FFC14D
40,70,100,#FFC34D
41,70,100,#FFC64D
42,70,100,#FFC94D
43,70,100,#FFCC4D
44,70,100,#FFCF4D
45,70,100,#FFD24D
46,70,100,#FFD54D
47,70,100,#FFD84D
48,70,100,#FFDB4D
49,70,100,#FFDE4D
50,70,100,#FFE14D
51,70,100,#FFE44D
52,70,100,#FFE74D
53,70,100,#FFEA4D
54,70,100,#FFED4D
55,70,100,#FFF04D
56,70,100,#FFF34D
57,70,100,#FFF64D
58,70,100,#FFF94D
59,70,100,#FFFC4D
60,70,100,#FFFF4D
61,70,100,#FCFF4D
62,70,100,#F9FF4D
63,70,100,#F6FF4D
64,70,100,#F3FF4D
65,70,100,#F0FF4D
66,70,100,#EDFF4D
67,70,100,#EAFF4D
68,70,100,#E7FF4D
69,70,100,#E4FF4D
70,70,100,#E1FF4D
71,70,100,#DEFF4D
72,70,100,#DBFF4D
73,70,100,#D8FF4D
74,70,100,#D5FF4D
75,70,100,#D2FF4D
76,70,100,#CFFF4D
77,70,100,#CCFF4D
78,70,100,#C9FF4D
79,70,100,#C6FF4D
80,70,100,#C4FF4D
81,70,100,#C1FF4D
82,70,100,#BEFF4D
83,70,100,#BBFF4D
84,70,100,#B8FF4D
85,70,100,#B5FF4D
86,70,100,#B2FF4D
87,70,100,#AFFF4D
88,70,100,#ACFF4D
89,70,100,#A9FF4D
90,70,100,#A6FF4D
91,70,100,#A3FF4D
92,70,100,#A0FF4D
93,70,100,#9DFF4D
94,70,100,#9AFF4D
95,70,100,#97FF4D
96,70,100,#94FF4D
97,70,100,#91FF4D
98,70,100,#8EFF4D
99,70,100,#8BFF4D
100,70,100,#88FF4D
101,70,100,#85FF4D
102,70,100,#82FF4D
103,70,100,#7FFF4D
104,70,100,#7CFF4D
105,70,100,#79FF4D
106,70,100,#76FF4D
107,70,100,#73FF4D
108,70,100,#70FF4D
109,70,100,#6DFF4D
110,70,100,#6AFF4D
111,70,100,#67FF4D
112,70,100,#64FF4D
113,70,100,#61FF4D
114,70,100,#5EFF4D
115,70,100,#5BFF4D
116,70,100,#58FF4D
117,70,100,#55FF4D
118,70,100,#52FF4D
119,70,100,#4FFF4D
120,70,100,#4DFF4D
121,70,100,#4DFF4F
122,70,100,#4DFF52
123,70,100,#4DFF55
124,70,100,#4DFF58
125,70,100,#4DFF5B
126,70,100,#4DFF5E
127,70,100,#4DFF61
128,70,100,#4DFF64
129,70,100,#4DFF67
130,70,100,#4DFF6A
131,70,100,#4DFF6D
132,70,100,#4DFF70
133,70,100,#4DFF73
134,70,100,#4DFF76
135,70,100,#4DFF79
136,70,100,#4DFF7C
137,70,100,#4DFF7F
138,70,100,#4DFF82
139,70,100,#4DFF85
140,70,100,#4DFF88
141,70,100,#4DFF8B
142,70,100,#4DFF8E
143,70,100,#4DFF91
144,70,100,#4DFF94
145,70,100,#4DFF97
146,70,100,#4DFF9A
147,70,100,#4DFF9D
148,70,100,#4DFFA0
149,70,100,#4DFFA3
150,70,100,#4DFFA6
151,70,100,#4DFFA9
152,70,100,#4DFFAC
153,70,100,#4DFFAF
154,70,100,#4DFFB2
155,70,100,#4DFFB5
156,70,100,#4DFFB8
157,70,100,#4DFFBB
158,70,100,#4DFFBE
159,70,100,#4DFFC1
160,70,100,#4DFFC3
161,70,100,#4DFFC6
162,70,100,#4DFFC9
163,70,100,#4DFFCC
164,70,100,#4DFFCF
165,70,100,#4DFFD2
166,70,100,#4DFFD5
167,70,100,#4DFFD8
168,70,100,#4DFFDB
169,70,100,#4DFFDE
170,70,100,#4DFFE1
171,70,100,#4DFFE4
172,70,100,#4DFFE7
173,70,100,#4DFFEA
174,70,100,#4DFFED
175,70,100,#4DFFF0
176,70,100,#4DFFF3
177,70,100,#4DFFF6
178,70,100,#4DFFF9
179,70,100,#4DFFFC
180,70,100,#4DFFFF
181,70,100,#4DFCFF
182,70,100,#4DF9FF
183,70,100,#4DF6FF
184,70,100,#4DF3FF
185,70,100,#4DF0FF
186,70,100,#4DEDFF
187,70,100,#4DEAFF
188,70,100,#4DE7FF
189,70,100,#4DE4FF
190,70,100,#4DE1FF
191,70,100,#4DDEFF
192,70,100,#4DDBFF
193,70,100,#4DD8FF
194,70,100,#4DD5FF
195,70,100,#4DD2FF
196,70,100,#4DCFFF
197,70,100,#4DCCFF
198,70,100,#4DC9FF
199,70,100,#4DC6FF
200,70,100,#4DC3FF
201,70,100,#4DC1FF
202,70,100,#4DBEFF
203,70,100,#4DBBFF
204,70,100,#4DB8FF
205,70,100,#4DB5FF
206,70,100,#4DB2FF
207,70,100,#4DAFFF
208,70,100,#4DACFF
209,70,100,#4DA9FF
210,70,100,#4DA6FF
211,70,100,#4DA3FF
212,70,100,#4DA0FF
213,70,100,#4D9DFF
214,70,100,#4D9AFF
215,70,100,#4D97FF
216,70,100,#4D94FF
217,70,100,#4D91FF
218,70,100,#4D8EFF
219,70,100,#4D8BFF
220,70,100,#4D88FF
221,70,100,#4D85FF
222,70,100,#4D82FF
223,70,100,#4D7FFF
224,70,100,#4D7CFF
225,70,100,#4D79FF
226,70,100,#4D76FF
227,70,100,#4D73FF
228,70,100,#4D70FF
229,70,100,#4D6DFF
230,70,100,#4D6AFF
231,70,100,#4D67FF
232,70,100,#4D64FF
233,70,100,#4D61FF
234,70,100,#4D5EFF
235,70,100,#4D5BFF
236,70,100,#4D58FF
237,70,100,#4D55FF
238,70,100,#4D52FF
239,70,100,#4D4FFF
240,70,100,#4D4DFF
241,70,100,#4F4DFF
242,70,100,#524DFF
243,70,100,#554DFF
244,70,100,#584DFF
245,70,100,#5B4DFF
246,70,100,#5E4DFF
247,70,100,#614DFF
248,70,100,#644DFF
249,70,100,#674DFF
250,70,100,#6A4DFF
251,70,100,#6D4DFF
252,70,100,#704DFF
253,70,100,#734DFF
254,70,100,#764DFF
255,70,100,#794DFF
256,70,100,#7C4DFF
257,70,100,#7F4DFF
258,70,100,#824DFF
259,70,100,#854DFF
260,70,100,#884DFF
261,70,100,#8B4DFF
262,70,100,#8E4DFF
263,70,100,#914DFF
264,70,100,#944DFF
265,70,100,#974DFF
266,70,100,#9A4DFF
267,70,100,#9D4DFF
268,70,100,#A04DFF
269,70,100,#A34DFF
270,70,100,#A64DFF
271,70,100,#A94DFF
272,70,100,#AC4DFF
273,70,100,#AF4DFF
274,70,100,#B24DFF
275,70,100,#B54DFF
276,70,100,#B84DFF
277,70,100,#BB4DFF
278,70,100,#BE4DFF
279,70,100,#C14DFF
280,70,100,#C44DFF
281,70,100,#C64DFF
282,70,100,#C94DFF
283,70,100,#CC4DFF
284,70,100,#CF4DFF
285,70,100,#D24DFF
286,70,100,#D54DFF
287,70,100,#D84DFF
288,70,100,#DB4DFF
289,70,100,#DE4DFF
290,70,100,#E14DFF
291,70,100,#E44DFF
292,70,100,#E74DFF
293,70,100,#EA4DFF
294,70,100,#ED4DFF
295,70,100,#F04DFF
296,70,100,#F34DFF
297,70,100,#F64DFF
298,70,100,#F94DFF
299,70,100,#FC4DFF
300,70,100,#FF4DFF
301,70,100,#FF4DFC
302,70,100,#FF4DF9
303,70,100,#FF4DF6
304,70,100,#FF4DF3
305,70,100,#FF4DF0
306,70,100,#FF4DED
307,70,100,#FF4DEA
308,70,100,#FF4DE7
309,70,100,#FF4DE4
310,70,100,#FF4DE1
311,70,100,#FF4DDE
312,70,100,#FF4DDB
313,70,100,#FF4DD8
314,70,100,#FF4DD5
315,70,100,#FF4DD2
316,70,100,#FF4DCF
317,70,100,#FF4DCC
318,70,100,#FF4DC9
319,70,100,#FF4DC6
320,70,100,#FF4DC4
321,70,100,#FF4DC1
322,70,100,#FF4DBE
323,70,100,#FF4DBB
324,70,100,#FF4DB8
325,70,100,#FF4DB5
326,70,100,#FF4DB2
327,70,100,#FF4DAF
328,70,100,#FF4DAC
329,70,100,#FF4DA9
330,70,100,#FF4DA6
331,70,100,#FF4DA3
332,70,100,#FF4DA0
333,70,100,#FF4D9D
334,70,100,#FF4D9A
335,70,100,#FF4D97
336,70,100,#FF4D94
337,70,100,#FF4D91
338,70,100,#FF4D8E
339,70,100,#FF4D8B
340,70,100,#FF4D88
341,70,100,#FF4D85
342,70,100,#FF4D82
343,70,100,#FF4D7F
344,70,100,#FF4D7C
345,70,100,#FF4D79
346,70,100,#FF4D76
347,70,100,#FF4D73
348,70,100,#FF4D70
349,70,100,#FF4D6D
350,70,100,#FF4D6A
351,70,100,#FF4D67
352,70,100,#FF4D64
353,70,100,#FF4D61
354,70,100,#FF4D5E
355,70,100,#FF4D5B
356,70,100,#FF4D58
357,70,100,#FF4D55
358,70,100,#FF4D52
359,70,100,#FF4D4F
0,69,100,#FF4F4F
1,69,100,#FF524F
2,69,100,#FF554F
3,69,100,#FF584F
4,69,100,#FF5B4F
5,69,100,#FF5E4F
6,69,100,#FF614F
7,69,100,#FF644F
8,69,100,#FF674F
9,69,100,#FF694F
10,69,100,#FF6C4F
11,69,100,#FF6F4F
12,69,100,#FF724F
13,69,100,#FF754F
14,69,100,#FF784F
15,69,100,#FF7B4F
16,69,100,#FF7E4F
17,69,100,#FF814F
18,69,100,#FF844F
19,69,100,#FF874F
20,69,100,#FF8A4F
21,69,100,#FF8D4F
22,69,100,#FF904F
23,69,100,#FF924F
24,69,100,#FF954F
25,69,100,#FF984F
26,69,100,#FF9B4F
27,69,100,#FF9E4F
28,69,100,#FFA14F
29,69,100,#FFA44F
30,69,100,#FFA74F
31,69,100,#FFAA4F
32,69,100,#FFAD4F
33,69,100,#FFB04F
34,69,100,#FFB34F
35,69,100,#FFB64F
36,69,100,#FFB94F
37,69,100,#FFBC4F
38,69,100,#FFBE4F
39,69,100,#FFC14F
40,69,100,#FFC44F
41,69,100,#FFC74F
42,69,100,#FFCA4F
43,69,100,#FFCD4F
44,69,100,#FFD04F
45,69,100,#FFD34F
46,69,100,#FFD64F
47,69,100,#FFD94F
48,69,100,#FFDC4F
49,69,100,#FFDF4F
50,69,100,#FFE24F
51,69,100,#FFE54F
52,69,100,#FFE84F
53,69,100,#FFEA4F
54,69,100,#FFED4F
55,69,100,#FFF04F
56,69,100,#FFF34F
57,69,100,#FFF64F
58,69,100,#FFF94F
59,69,100,#FFFC4F
60,69,100,#FFFF4F
61,69,100,#FCFF4F
62,69,100,#F9FF4F
63,69,100,#F6FF4F
64,69,100,#F3FF4F
65,69,100,#F0FF4F
66,69,100,#EDFF4F
67,69,100,#EAFF4F
68,69,100,#E8FF4F
69,69,100,#E5FF4F
70,69,100,#E2FF4F
71,69,100,#DFFF4F
72,69,100,#DCFF4F
73,69,100,#D9FF4F
74,69,100,#D6FF4F
75,69,100,#D3FF4F
76,69,100,#D0FF4F
77,69,100,#CDFF4F
78,69,100,#CAFF4F
79,69,100,#C7FF4F
80,69,100,#C4FF4F
81,69,100,#C1FF4F
82,69,100,#BEFF4F
83,69,100,#BCFF4F
84,69,100,#B9FF4F
85,69,100,#B6FF4F
86,69,100,#B3FF4F
87,69,100,#B0FF4F
88,69,100,#ADFF4F
89,69,100,#AAFF4F
90,69,100,#A7FF4F
91,69,100,#A4FF4F
92,69,100,#A1FF4F
93,69,100,#9EFF4F
94,69,100,#9BFF4F
95,69,100,#98FF4F
96,69,100,#95FF4F
97,69,100,#92FF4F
98,69,100,#90FF4F
99,69,100,#8DFF4F
100,69,100,#8AFF4F
101,69,100,#87FF4F
102,69,100,#84FF4F
103,69,100,#81FF4F
104,69,100,#7EFF4F
105,69,100,#7BFF4F
106,69,100,#78FF4F
107,69,100,#75FF4F
108,69,100,#72FF4F
109,69,100,#6FFF4F
110,69,100,#6CFF4F
111,69,100,#69FF4F
112,69,100,#67FF4F
113,69,100,#64FF4F
114,69,100,#61FF4F
115,69,100,#5EFF4F
116,69,100,#5BFF4F
117,69,100,#58FF4F
118,69,100,#55FF4F
119,69,100,#52FF4F
120,69,100,#4FFF4F
121,69,100,#4FFF52
122,69,100,#4FFF55
123,69,100,#4FFF58
124,69,100,#4FFF5B
125,69,100,#4FFF5E
126,69,100,#4FFF61
127,69,100,#4FFF64
128,69,100,#4FFF67
129,69,100,#4FFF69
130,69,100,#4FFF6C
131,69,100,#4FFF6F
132,69,100,#4FFF72
133,69,100,#4FFF75
134,69,100,#4FFF78
135,69,100,#4FFF7B
136,69,100,#4FFF7E
137,69,100,#4FFF81
138,69,100,#4FFF84
139,69,100,#4FFF87
140,69,100,#4FFF8A
141,69,100,#4FFF8D
142,69,100,#4FFF90
143,69,100,#4FFF92
144,69,100,#4FFF95
145,69,100,#4FFF98
146,69,100,#4FFF9B
147,69,100,#4FFF9E
148,69,100,#4FFFA1
149,69,100,#4FFFA4
150,69,100,#4FFFA7
151,69,100,#4FFFAA
152,69,100,#4FFFAD
153,69,100,#4FFFB0
154,69,100,#4FFFB3
155,69,100,#4FFFB6
156,69,100,#4FFFB9
157,69,100,#4FFFBC
158,69,100,#4FFFBE
159,69,100,#4FFFC1
160,69,100,#4FFFC4
161,69,100,#4FFFC7
162,69,100,#4FFFCA
163,69,100,#4FFFCD
164,69,100,#4FFFD0
165,69,100,#4FFFD3
166,69,100,#4FFFD6
167,69,100,#4FFFD9
168,69,100,#4FFFDC
169,69,100,#4FFFDF
170,69,100,#4FFFE2
171,69,100,#4FFFE5
172,69,100,#4FFFE8
173,69,100,#4FFFEA
174,69,100,#4FFFED
175,69,100,#4FFFF0
176,69,100,#4FFFF3
177,69,100,#4FFFF6
178,69,100,#4FFFF9
179,69,100,#4FFFFC
180,69,100,#4FFFFF
181,69,100,#4FFCFF
182,69,100,#4FF9FF
183,69,100,#4FF6FF
184,69,100,#4FF3FF
185,69,100,#4FF0FF
186,69,100,#4FEDFF
187,69,100,#4FEAFF
188,69,100,#4FE8FF
189,69,100,#4FE5FF
190,69,100,#4FE2FF
191,69,100,#4FDFFF
192,69,100,#4FDCFF
193,69,100,#4FD9FF
194,69,100,#4FD6FF
195,69,100,#4FD3FF
196,69,100,#4FD0FF
197,69,100,#4FCDFF
198,69,100,#4FCAFF
199,69,100,#4FC7FF
200,69,100,#4FC4FF
201,69,100,#4FC1FF
202,69,100,#4FBEFF
203,69,100,#4FBCFF
204,69,100,#4FB9FF
205,69,100,#4FB6FF
206,69,100,#4FB3FF
207,69,100,#4FB0FF
208,69,100,#4FADFF
209,69,100,#4FAAFF
210,69,100,#4FA7FF
211,69,100,#4FA4FF
212,69,100,#4FA1FF
213,69,100,#4F9EFF
214,69,100,#4F9BFF
215,69,100,#4F98FF
216,69,100,#4F95FF
217,69,100,#4F92FF
218,69,100,#4F90FF
219,69,100,#4F8DFF
220,69,100,#4F8AFF
221,69,100,#4F87FF
222,69,100,#4F84FF
223,69,100,#4F81FF
224,69,100,#4F7EFF
225,69,100,#4F7BFF
226,69,100,#4F78FF
227,69,100,#4F75FF
228,69,100,#4F72FF
229,69,100,#4F6FFF
230,69,100,#4F6CFF
231,69,100,#4F69FF
232,69,100,#4F67FF
233,69,100,#4F64FF
234,69,100,#4F61FF
235,69,100,#4F5EFF
236,69,100,#4F5BFF
237,69,100,#4F58FF
238,69,100,#4F55FF
239,69,100,#4F52FF
240,69,100,#4F4FFF
241,69,100,#524FFF
242,69,100,#554FFF
243,69,100,#584FFF
244,69,100,#5B4FFF
245,69,100,#5E4FFF
246,69,100,#614FFF
247,69,100,#644FFF
248,69,100,#674FFF
249,69,100,#694FFF
250,69,100,#6C4FFF
251,69,100,#6F4FFF
252,69,100,#724FFF
253,69,100,#754FFF
254,69,100,#784FFF
255,69,100,#7B4FFF
256,69,100,#7E4FFF
257,69,100,#814FFF
258,69,100,#844FFF
259,69,100,#874FFF
260,69,100,#8A4FFF
261,69,100,#8D4FFF
262,69,100,#904FFF
263,69,100,#924FFF
264,69,100,#954FFF
265,69,100,#984FFF
266,69,100,#9B4FFF
267,69,100,#9E4FFF
268,69,100,#A14FFF
269,69,100,#A44FFF
270,69,100,#A74FFF
271,69,100,#AA4FFF
272,69,100,#AD4FFF
273,69,100,#B04FFF
274,69,100,#B34FFF
275,69,100,#B64FFF
276,69,100,#B94FFF
277,69,100,#BC4FFF
278,69,100,#BE4FFF
279,69,100,#C14FFF
280,69,100,#C44FFF
281,69,100,#C74FFF
282,69,100,#CA4FFF
283,69,100,#CD4FFF
284,69,100,#D04FFF
285,69,100,#D34FFF
286,69,100,#D64FFF
287,69,100,#D94FFF
288,69,100,#DC4FFF
289,69,100,#DF4FFF
290,69,100,#E24FFF
291,69,100,#E54FFF
292,69,100,#E84FFF
293,69,100,#EA4FFF
294,69,100,#ED4FFF
295,69,100,#F04FFF
296,69,100,#F34FFF
297,69,100,#F64FFF
298,69,100,#F94FFF
299,69,100,#FC4FFF
300,69,100,#FF4FFF
301,69,100,#FF4FFC
302,69,100,#FF4FF9
303,69,100,#FF4FF6
304,69,100,#FF4FF3
305,69,100,#FF4FF0
306,69,100,#FF4FED
307,69,100,#FF4FEA
308,69,100,#FF4FE8
309,69,100,#FF4FE5
310,69,100,#FF4FE2
311,69,100,#FF4FDF
312,69,100,#FF4FDC
313,69,100,#FF4FD9
314,69,100,#FF4FD6
315,69,100,#FF4FD3
316,69,100,#FF4FD0
317,69,100,#FF4FCD
318,69,100,#FF4FCA
319,69,100,#FF4FC7
320,69,100,#FF4FC4
321,69,100,#FF4FC1
322,69,100,#FF4FBE
323,69,100,#FF4FBC
324,69,100,#FF4FB9
325,69,100,#FF4FB6
326,69,100,#FF4FB3
327,69,100,#FF4FB0
328,69,100,#FF4FAD
329,69,100,#FF4FAA
330,69,100,#FF4FA7
331,69,100,#FF4FA4
332,69,100,#FF4FA1
333,69,100,#FF4F9E
334,69,100,#FF4F9B
335,69,100,#FF4F98
336,69,100,#FF4F95
337,69,100,#FF4F92
338,69,100,#FF4F90
339,69,100,#FF4F8D
340,69,100,#FF4F8A
341,69,100,#FF4F87
342,69,100,#FF4F84
343,69,100,#FF4F81
344,69,100,#FF4F7E
345,69,100,#FF4F7B
346,69,100,#FF4F78
347,69,100,#FF4F75
348,69,100,#FF4F72
349,69,100,#FF4F6F
350,69,100,#FF4F6C
351,69,100,#FF4F69
352,69,100,#FF4F67
353,69,100,#FF4F64
354,69,100,#FF4F61
355,69,100,#FF4F5E
356,69,100,#FF4F5B
357,69,100,#FF4F58
358,69,100,#FF4F55
359,69,100,#FF4F52
0,68,100,#FF5252
1,68,100,#FF5452
2,68,100,#FF5752
3,68,100,#FF5A52
4,68,100,#FF5D52
5,68,100,#FF6052
6,68,100,#FF6352
7,68,100,#FF6652
8,68,100,#FF6952
9,68,100,#FF6C52
10,68,100,#FF6E52
11,68,100,#FF7152
12,68,100,#FF7452
13,68,100,#FF7752
14,68,100,#FF7A52
15,68,100,#FF7D52
16,68,100,#FF8052
17,68,100,#FF8352
18,68,100,#FF8652
19,68,100,#FF8952
20,68,100,#FF8B52
21,68,100,#FF8E52
22,68,100,#FF9152
23,68,100,#FF9452
24,68,100,#FF9752
25,68,100,#FF9A52
26,68,100,#FF9D52
27,68,100,#FFA052
28,68,100,#FFA352
29,68,100,#FFA552
30,68,100,#FFA852
31,68,100,#FFAB52
32,68,100,#FFAE52
33,68,100,#FFB152
34,68,100,#FFB452
35,68,100,#FFB752
36,68,100,#FFBA52
37,68,100,#FFBD52
38,68,100,#FFBF52
39,68,100,#FFC252
40,68,100,#FFC552
41,68,100,#FFC852
42,68,100,#FFCB52
43,68,100,#FFCE52
44,68,100,#FFD152
45,68,100,#FFD452
46,68,100,#FFD752
47,68,100,#FFD952
48,68,100,#FFDC52
49,68,100,#FFDF52
50,68,100,#FFE252
51,68,100,#FFE552
52,68,100,#FFE852
53,68,100,#FFEB52
54,68,100,#FFEE52
55,68,100,#FFF152
56,68,100,#FFF352
57,68,100,#FFF652
58,68,100,#FFF952
59,68,100,#FFFC52
60,68,100,#FFFF52
61,68,100,#FCFF52
62,68,100,#F9FF52
63,68,100,#F6FF52
64,68,100,#F3FF52
65,68,100,#F1FF52
66,68,100,#EEFF52
67,68,100,#EBFF52
68,68,100,#E8FF52
69,68,100,#E5FF52
70,68,100,#E2FF52
71,68,100,#DFFF52
72,68,100,#DCFF52
73,68,100,#D9FF52
74,68,100,#D7FF52
75,68,100,#D4FF52
76,68,100,#D1FF52
77,68,100,#CEFF52
78,68,100,#CBFF52
79,68,100,#C8FF52
80,68,100,#C5FF52
81,68,100,#C2FF52
82,68,100,#BFFF52
83,68,100,#BDFF52
84,68,100,#BAFF52
85,68,100,#B7FF52
86,68,100,#B4FF52
87,68,100,#B1FF52
88,68,100,#AEFF52
89,68,100,#ABFF52
90,68,100,#A8FF52
91,68,100,#A5FF52
92,68,100,#A3FF52
93,68,100,#A0FF52
94,68,100,#9DFF52
95,68,100,#9AFF52
96,68,100,#97FF52
97,68,100,#94FF52
98,68,100,#91FF52
99,68,100,#8EFF52
100,68,100,#8BFF52
101,68,100,#89FF52
102,68,100,#86FF52
103,68,100,#83FF52
104,68,100,#80FF52
105,68,100,#7DFF52
106,68,100,#7AFF52
107,68,100,#77FF52
108,68,100,#74FF52
109,68,100,#71FF52
110,68,100,#6EFF52
111,68,100,#6CFF52
112,68,100,#69FF52
113,68,100,#66FF52
114,68,100,#63FF52
115,68,100,#60FF52
116,68,100,#5DFF52
117,68,100,#5AFF52
118,68,100,#57FF52
119,68,100,#54FF52
120,68,100,#52FF52
121,68,100,#52FF54
122,68,100,#52FF57
123,68,100,#52FF5A
124,68,100,#52FF5D
125,68,100,#52FF60
126,68,100,#52FF63
127,68,100,#52FF66
128,68,100,#52FF69
129,68,100,#52FF6C
130,68,100,#52FF6E
131,68,100,#52FF71
132,68,100,#52FF74
133,68,100,#52FF77
134,68,100,#52FF7A
135,68,100,#52FF7D
136,68,100,#52FF80
137,68,100,#52FF83
138,68,100,#52FF86
139,68,100,#52FF89
140,68,100,#52FF8B
141,68,100,#52FF8E
142,68,100,#52FF91
143,68,100,#52FF94
144,68,100,#52FF97
145,68,100,#52FF9A
146,68,100,#52FF9D
147,68,100,#52FFA0
148,68,100,#52FFA3
149,68,100,#52FFA5
150,68,100,#52FFA8
151,68,100,#52FFAB
152,68,100,#52FFAE
153,68,100,#52FFB1
154,68,100,#52FFB4
155,68,100,#52FFB7
156,68,100,#52FFBA
157,68,100,#52FFBD
158,68,100,#52FFBF
159,68,100,#52FFC2
160,68,100,#52FFC5
161,68,100,#52FFC8
162,68,100,#52FFCB
163,68,100,#52FFCE
164,68,100,#52FFD1
165,68,100,#52FFD4
166,68,100,#52FFD7
167,68,100,#52FFD9
168,68,100,#52FFDC
169,68,100,#52FFDF
170,68,100,#52FFE2
171,68,100,#52FFE5
172,68,100,#52FFE8
173,68,100,#52FFEB
174,68,100,#52FFEE
175,68,100,#52FFF1
176,68,100,#52FFF3
177,68,100,#52FFF6
178,68,100,#52FFF9
179,68,100,#52FFFC
180,68,100,#52FFFF
181,68,100,#52FCFF
182,68,100,#52F9FF
183,68,100,#52F6FF
184,68,100,#52F3FF
185,68,100,#52F1FF
186,68,100,#52EEFF
187,68,100,#52EBFF
188,68,100,#52E8FF
189,68,100,#52E5FF
190,68,100,#52E2FF
191,68,100,#52DFFF
192,68,100,#52DCFF
193,68,100,#52D9FF
194,68,100,#52D7FF
195,68,100,#52D4FF
196,68,100,#52D1FF
197,68,100,#52CEFF
198,68,100,#52CBFF
199,68,100,#52C8FF
200,68,100,#52C5FF
201,68,100,#52C2FF
202,68,100,#52BFFF
203,68,100,#52BDFF
204,68,100,#52BAFF
205,68,100,#52B7FF
206,68,100,#52B4FF
207,68,100,#52B1FF
208,68,100,#52AEFF
209,68,100,#52ABFF
210,68,100,#52A8FF
211,68,100,#52A5FF
212,68,100,#52A3FF
213,68,100,#52A0FF
214,68,100,#529DFF
215,68,100,#529AFF
216,68,100,#5297FF
217,68,100,#5294FF
218,68,100,#5291FF
219,68,100,#528EFF
220,68,100,#528BFF
221,68,100,#5289FF
222,68,100,#5286FF
223,68,100,#5283FF
224,68,100,#5280FF
225,68,100,#527DFF
226,68,100,#527AFF
227,68,100,#5277FF
228,68,100,#5274FF
229,68,100,#5271FF
230,68,100,#526FFF
231,68,100,#526CFF
232,68,100,#5269FF
233,68,100,#5266FF
234,68,100,#5263FF
235,68,100,#5260FF
236,68,100,#525DFF
237,68,100,#525AFF
238,68,100,#5257FF
239,68,100,#5254FF
240,68,100,#5252FF
241,68,100,#5452FF
242,68,100,#5752FF
243,68,100,#5A52FF
244,68,100,#5D52FF
245,68,100,#6052FF
246,68,100,#6352FF
247,68,100,#6652FF
248,68,100,#6952FF
249,68,100,#6C52FF
250,68,100,#6E52FF
251,68,100,#7152FF
252,68,100,#7452FF
253,68,100,#7752FF
254,68,100,#7A52FF
255,68,100,#7D52FF
256,68,100,#8052FF
257,68,100,#8352FF
258,68,100,#8652FF
259,68,100,#8952FF
260,68,100,#8B52FF
261,68,100,#8E52FF
262,68,100,#9152FF
263,68,100,#9452FF
264,68,100,#9752FF
265,68,100,#9A52FF
266,68,100,#9D52FF
267,68,100,#A052FF
268,68,100,#A352FF
269,68,100,#A552FF
270,68,100,#A852FF
271,68,100,#AB52FF
272,68,100,#AE52FF
273,68,100,#B152FF
274,68,100,#B452FF
275,68,100,#B752FF
276,68,100,#BA52FF
277,68,100,#BD52FF
278,68,100,#BF52FF
279,68,100,#C252FF
280,68,100,#C552FF
281,68,100,#C852FF
282,68,100,#CB52FF
283,68,100,#CE52FF
284,68,100,#D152FF
285,68,100,#D452FF
286,68,100,#D752FF
287,68,100,#D952FF
288,68,100,#DC52FF
289,68,100,#DF52FF
290,68,100,#E252FF
291,68,100,#E552FF
292,68,100,#E852FF
293,68,100,#EB52FF
294,68,100,#EE52FF
295,68,100,#F152FF
296,68,100,#F352FF
297,68,100,#F652FF
298,68,100,#F952FF
299,68,100,#FC52FF
300,68,100,#FF52FF
301,68,100,#FF52FC
302,68,100,#FF52F9
303,68,100,#FF52F6
304,68,100,#FF52F3
305,68,100,#FF52F1
306,68,100,#FF52EE
307,68,100,#FF52EB
308,68,100,#FF52E8
309,68,100,#FF52E5
310,68,100,#FF52E2
311,68,100,#FF52DF
312,68,100,#FF52DC
313,68,100,#FF52D9
314,68,100,#FF52D7
315,68,100,#FF52D4
316,68,100,#FF52D1
317,68,100,#FF52CE
318,68,100,#FF52CB
319,68,100,#FF52C8
320,68,100,#FF52C5
321,68,100,#FF52C2
322,68,100,#FF52BF
323,68,100,#FF52BD
324,68,100,#FF52BA
325,68,100,#FF52B7
326,68,100,#FF52B4
327,68,100,#FF52B1
328,68,100,#FF52AE
329,68,100,#FF52AB
330,68,100,#FF52A8
331,68,100,#FF52A5
332,68,100,#FF52A3
333,68,100,#FF52A0
334,68,100,#FF529D
335,68,100,#FF529A
336,68,100,#FF5297
337,68,100,#FF5294
338,68,100,#FF5291
339,68,100,#FF528E
340,68,100,#FF528B
341,68,100,#FF5289
342,68,100,#FF5286
343,68,100,#FF5283
344,68,100,#FF5280
345,68,100,#FF527D
346,68,100,#FF527A
347,68,100,#FF5277
348,68,100,#FF5274
349,68,100,#FF5271
350,68,100,#FF526F
351,68,100,#FF526C
352,68,100,#FF5269
353,68,100,#FF5266
354,68,100,#FF5263
355,68,100,#FF5260
356,68,100,#FF525D
357,68,100,#FF525A
358,68,100,#FF5257
359,68,100,#FF5254
0,67,100,#FF5454
1,67,100,#FF5754
2,67,100,#FF5A54
3,67,100,#FF5D54
4,67,100,#FF6054
5,67,100,#FF6254
6,67,100,#FF6554
7,67,100,#FF6854
8,67,100,#FF6B54
9,67,100,#FF6E54
10,67,100,#FF7154
11,67,100,#FF7354
12,67,100,#FF7654
13,67,100,#FF7954
14,67,100,#FF7C54
15,67,100,#FF7F54
16,67,100,#FF8254
17,67,100,#FF8554
18,67,100,#FF8754
19,67,100,#FF8A54
20,67,100,#FF8D54
21,67,100,#FF9054
22,67,100,#FF9354
23,67,100,#FF9654
24,67,100,#FF9854
25,67,100,#FF9B54
26,67,100,#FF9E54
27,67,100,#FFA154
28,67,100,#FFA454
29,67,100,#FFA754
30,67,100,#FFAA54
31,67,100,#FFAC54
32,67,100,#FFAF54
33,67,100,#FFB254
34,67,100,#FFB554
35,67,100,#FFB854
36,67,100,#FFBB54
37,67,100,#FFBE54
38,67,100,#FFC054
39,67,100,#FFC354
40,67,100,#FFC654
41,67,100,#FFC954
42,67,100,#FFCC54
43,67,100,#FFCF54
44,67,100,#FFD154
45,67,100,#FFD454
46,67,100,#FFD754
47,67,100,#FFDA54
48,67,100,#FFDD54
49,67,100,#FFE054
50,67,100,#FFE354
51,67,100,#FFE554
52,67,100,#FFE854
53,67,100,#FFEB54
54,67,100,#FFEE54
55,67,100,#FFF154
56,67,100,#FFF454
57,67,100,#FFF654
58,67,100,#FFF954
59,67,100,#FFFC54
60,67,100,#FFFF54
61,67,100,#FCFF54
62,67,100,#F9FF54
63,67,100,#F6FF54
64,67,100,#F4FF54
65,67,100,#F1FF54
66,67,100,#EEFF54
67,67,100,#EBFF54
68,67,100,#E8FF54
69,67,100,#E5FF54
70,67,100,#E3FF54
71,67,100,#E0FF54
72,67,100,#DDFF54
73,67,100,#DAFF54
74,67,100,#D7FF54
75,67,100,#D4FF54
76,67,100,#D1FF54
77,67,100,#CFFF54
78,67,100,#CCFF54
79,67,100,#C9FF54
80,67,100,#C6FF54
81,67,100,#C3FF54
82,67,100,#C0FF54
83,67,100,#BEFF54
84,67,100,#BBFF54
85,67,100,#B8FF54
86,67,100,#B5FF54
87,67,100,#B2FF54
88,67,100,#AFFF54
89,67,100,#ACFF54
90,67,100,#AAFF54
91,67,100,#A7FF54
92,67,100,#A4FF54
93,67,100,#A1FF54
94,67,100,#9EFF54
95,67,100,#9BFF54
96,67,100,#98FF54
97,67,100,#96FF54
98,67,100,#93FF54
99,67,100,#90FF54
100,67,100,#8DFF54
101,67,100,#8AFF54
102,67,100,#87FF54
103,67,100,#85FF54
104,67,100,#82FF54
105,67,100,#7FFF54
106,67,100,#7CFF54
107,67,100,#79FF54
108,67,100,#76FF54
109,67,100,#73FF54
110,67,100,#71FF54
111,67,100,#6EFF54
112,67,100,#6BFF54
113,67,100,#68FF54
114,67,100,#65FF54
115,67,100,#62FF54
116,67,100,#60FF54
117,67,100,#5DFF54
118,67,100,#5AFF54
119,67,100,#57FF54
120,67,100,#54FF54
121,67,100,#54FF57
122,67,100,#54FF5A
123,67,100,#54FF5D
124,67,100,#54FF60
125,67,100,#54FF62
126,67,100,#54FF65
127,67,100,#54FF68
128,67,100,#54FF6B
129,67,100,#54FF6E
130,67,100,#54FF71
131,67,100,#54FF73
132,67,100,#54FF76
133,67,100,#54FF79
134,67,100,#54FF7C
135,67,100,#54FF7F
136,67,100,#54FF82
137,67,100,#54FF85
138,67,100,#54FF87
139,67,100,#54FF8A
140,67,100,#54FF8D
141,67,100,#54FF90
142,67,100,#54FF93
143,67,100,#54FF96
144,67,100,#54FF98
145,67,100,#54FF9B
146,67,100,#54FF9E
147,67,100,#54FFA1
148,67,100,#54FFA4
149,67,100,#54FFA7
150,67,100,#54FFAA
151,67,100,#54FFAC
152,67,100,#54FFAF
153,67,100,#54FFB2
154,67,100,#54FFB5
155,67,100,#54FFB8
156,67,100,#54FFBB
157,67,100,#54FFBE
158,67,100,#54FFC0
159,67,100,#54FFC3
160,67,100,#54FFC6
161,67,100,#54FFC9
162,67,100,#54FFCC
163,67,100,#54FFCF
164,67,100,#54FFD1
165,67,100,#54FFD4
166,67,100,#54FFD7
167,67,100,#54FFDA
168,67,100,#54FFDD
169,67,100,#54FFE0
170,67,100,#54FFE3
171,67,100,#54FFE5
172,67,100,#54FFE8
173,67,100,#54FFEB
174,67,100,#54FFEE
175,67,100,#54FFF1
176,67,100,#54FFF4
177,67,100,#54FFF6
178,67,100,#54FFF9
179,67,100,#54FFFC
180,67,100,#54FFFF
181,67,100,#54FCFF
182,67,100,#54F9FF
183,67,100,#54F6FF
184,67,100,#54F4FF
185,67,100,#54F1FF
186,67,100,#54EEFF
187,67,100,#54EBFF
188,67,100,#54E8FF
189,67,100,#54E5FF
190,67,100,#54E3FF
191,67,100,#54E0FF
192,67,100,#54DDFF
193,67,100,#54DAFF
194,67,100,#54D7FF
195,67,100,#54D4FF
196,67,100,#54D1FF
197,67,100,#54CFFF
198,67,100,#54CCFF
199,67,100,#54C9FF
200,67,100,#54C6FF
201,67,100,#54C3FF
202,67,100,#54C0FF
203,67,100,#54BEFF
204,67,100,#54BBFF
205,67,100,#54B8FF
206,67,100,#54B5FF
207,67,100,#54B2FF
208,67,100,#54AFFF
209,67,100,#54ACFF
210,67,100,#54AAFF
211,67,100,#54A7FF
212,67,100,#54A4FF
213,67,100,#54A1FF
214,67,100,#549EFF
215,67,100,#549BFF
216,67,100,#5498FF
217,67,100,#5496FF
218,67,100,#5493FF
219,67,100,#5490FF
220,67,100,#548DFF
221,67,100,#548AFF
222,67,100,#5487FF
223,67,100,#5485FF
224,67,100,#5482FF
225,67,100,#547FFF
226,67,100,#547CFF
227,67,100,#5479FF
228,67,100,#5476FF
229,67,100,#5473FF
230,67,100,#5471FF
231,67,100,#546EFF
232,67,100,#546BFF
233,67,100,#5468FF
234,67,100,#5465FF
235,67,100,#5462FF
236,67,100,#5460FF
237,67,100,#545DFF
238,67,100,#545AFF
239,67,100,#5457FF
240,67,100,#5454FF
241,67,100,#5754FF
242,67,100,#5A54FF
243,67,100,#5D54FF
244,67,100,#6054FF
245,67,100,#6254FF
246,67,100,#6554FF
247,67,100,#6854FF
248,67,100,#6B54FF
249,67,100,#6E54FF
250,67,100,#7154FF
251,67,100,#7354FF
252,67,100,#7654FF
253,67,100,#7954FF
254,67,100,#7C54FF
255,67,100,#7F54FF
256,67,100,#8254FF
257,67,100,#8554FF
258,67,100,#8754FF
259,67,100,#8A54FF
260,67,100,#8D54FF
261,67,100,#9054FF
262,67,100,#9354FF
263,67,100,#9654FF
264,67,100,#9854FF
265,67,100,#9B54FF
266,67,100,#9E54FF
267,67,100,#A154FF
268,67,100,#A454FF
269,67,100,#A754FF
270,67,100,#AA54FF
271,67,100,#AC54FF
272,67,100,#AF54FF
273,67,100,#B254FF
274,67,100,#B554FF
275,67,100,#B854FF
276,67,100,#BB54FF
277,67,100,#BE54FF
278,67,100,#C054FF
279,67,100,#C354FF
280,67,100,#C654FF
281,67,100,#C954FF
282,67,100,#CC54FF
283,67,100,#CF54FF
284,67,100,#D154FF
285,67,100,#D454FF
286,67,100,#D754FF
287,67,100,#DA54FF
288,67,100,#DD54FF
289,67,100,#E054FF
290,67,100,#E354FF
291,67,100,#E554FF
292,67,100,#E854FF
293,67,100,#EB54FF
294,67,100,#EE54FF
295,67,100,#F154FF
296,67,100,#F454FF
297,67,100,#F654FF
298,67,100,#F954FF
299,67,100,#FC54FF
300,67,100,#FF54FF
301,67,100,#FF54FC
302,67,100,#FF54F9
303,67,100,#FF54F6
304,67,100,#FF54F4
305,67,100,#FF54F1
306,67,100,#FF54EE
307,67,100,#FF54EB
308,67,100,#FF54E8
309,67,100,#FF54E5
310,67,100,#FF54E3
311,67,100,#FF54E0
312,67,100,#FF54DD
313,67,100,#FF54DA
314,67,100,#FF54D7
315,67,100,#FF54D4
316,67,100,#FF54D1
317,67,100,#FF54CF
318,67,100,#FF54CC
319,67,100,#FF54C9
320,67,100,#FF54C6
321,67,100,#FF54C3
322,67,100,#FF54C0
323,67,100,#FF54BE
324,67,100,#FF54BB
325,67,100,#FF54B8
326,67,100,#FF54B5
327,67,100,#FF54B2
328,67,100,#FF54AF
329,67,100,#FF54AC
330,67,100,#FF54AA
331,67,100,#FF54A7
332,67,100,#FF54A4
333,67,100,#FF54A1
334,67,100,#FF549E
335,67,100,#FF549B
336,67,100,#FF5498
337,67,100,#FF5496
338,67,100,#FF5493
339,67,100,#FF5490
340,67,100,#FF548D
341,67,100,#FF548A
342,67,100,#FF5487
343,67,100,#FF5485
344,67,100,#FF5482
345,67,100,#FF547F
346,67,100,#FF547C
347,67,100,#FF5479
348,67,100,#FF5476
349,67,100,#FF5473
350,67,100,#FF5471
351,67,100,#FF546E
352,67,100,#FF546B
353,67,100,#FF5468
354,67,100,#FF5465
355,67,100,#FF5462
356,67,100,#FF5460
357,67,100,#FF545D
358,67,100,#FF545A
359,67,100,#FF5457
0,66,100,#FF5757
1,66,100,#FF5A57
2,66,100,#FF5C57
3,66,100,#FF5F57
4,66,100,#FF6257
5,66,100,#FF6557
6,66,100,#FF6857
7,66,100,#FF6A57
8,66,100,#FF6D57
9,66,100,#FF7057
10,66,100,#FF7357
11,66,100,#FF7657
12,66,100,#FF7857
13,66,100,#FF7B57
14,66,100,#FF7E57
15,66,100,#FF8157
16,66,100,#FF8457
17,66,100,#FF8657
18,66,100,#FF8957
19,66,100,#FF8C57
20,66,100,#FF8F57
21,66,100,#FF9257
22,66,100,#FF9457
23,66,100,#FF9757
24,66,100,#FF9A57
25,66,100,#FF9D57
26,66,100,#FFA057
27,66,100,#FFA257
28,66,100,#FFA557
29,66,100,#FFA857
30,66,100,#FFAB57
31,66,100,#FFAE57
32,66,100,#FFB057
33,66,100,#FFB357
34,66,100,#FFB657
35,66,100,#FFB957
36,66,100,#FFBC57
37,66,100,#FFBE57
38,66,100,#FFC157
39,66,100,#FFC457
40,66,100,#FFC757
41,66,100,#FFCA57
42,66,100,#FFCD57
43,66,100,#FFCF57
44,66,100,#FFD257
45,66,100,#FFD557
46,66,100,#FFD857
47,66,100,#FFDB57
48,66,100,#FFDD57
49,66,100,#FFE057
50,66,100,#FFE357
51,66,100,#FFE657
52,66,100,#FFE957
53,66,100,#FFEB57
54,66,100,#FFEE57
55,66,100,#FFF157
56,66,100,#FFF457
57,66,100,#FFF757
58,66,100,#FFF957
59,66,100,#FFFC57
60,66,100,#FFFF57
61,66,100,#FCFF57
62,66,100,#F9FF57
63,66,100,#F7FF57
64,66,100,#F4FF57
65,66,100,#F1FF57
66,66,100,#EEFF57
67,66,100,#EBFF57
68,66,100,#E9FF57
69,66,100,#E6FF57
70,66,100,#E3FF57
71,66,100,#E0FF57
72,66,100,#DDFF57
73,66,100,#DBFF57
74,66,100,#D8FF57
75,66,100,#D5FF57
76,66,100,#D2FF57
77,66,100,#CFFF57
78,66,100,#CDFF57
79,66,100,#CAFF57
80,66,100,#C7FF57
81,66,100,#C4FF57
82,66,100,#C1FF57
83,66,100,#BEFF57
84,66,100,#BCFF57
85,66,100,#B9FF57
86,66,100,#B6FF57
87,66,100,#B3FF57
88,66,100,#B0FF57
89,66,100,#AEFF57
90,66,100,#ABFF57
91,66,100,#A8FF57
92,66,100,#A5FF57
93,66,100,#A2FF57
94,66,100,#A0FF57
95,66,100,#9DFF57
96,66,100,#9AFF57
97,66,100,#97FF57
98,66,100,#94FF57
99,66,100,#92FF57
100,66,100,#8FFF57
101,66,100,#8CFF57
102,66,100,#89FF57
103,66,100,#86FF57
104,66,100,#84FF57
105,66,100,#81FF57
106,66,100,#7EFF57
107,66,100,#7BFF57
108,66,100,#78FF57
109,66,100,#76FF57
110,66,100,#73FF57
111,66,100,#70FF57
112,66,100,#6DFF57
113,66,100,#6AFF57
114,66,100,#68FF57
115,66,100,#65FF57
116,66,100,#62FF57
117,66,100,#5FFF57
118,66,100,#5CFF57
119,66,100,#5AFF57
120,66,100,#57FF57
121,66,100,#57FF5A
122,66,100,#57FF5C
123,66,100,#57FF5F
124,66,100,#57FF62
125,66,100,#57FF65
126,66,100,#57FF68
127,66,100,#57FF6A
128,66,100,#57FF6D
129,66,100,#57FF70
130,66,100,#57FF73
131,66,100,#57FF76
132,66,100,#57FF78
133,66,100,#57FF7B
134,66,100,#57FF7E
135,66,100,#57FF81
136,66,100,#57FF84
137,66,100,#57FF86
138,66,100,#57FF89
139,66,100,#57FF8C
140,66,100,#57FF8F
141,66,100,#57FF92
142,66,100,#57FF94
143,66,100,#57FF97
144,66,100,#57FF9A
145,66,100,#57FF9D
146,66,100,#57FFA0
147,66,100,#57FFA2
148,66,100,#57FFA5
149,66,100,#57FFA8
150,66,100,#57FFAB
151,66,100,#57FFAE
152,66,100,#57FFB0
153,66,100,#57FFB3
154,66,100,#57FFB6
155,66,100,#57FFB9
156,66,100,#57FFBC
157,66,100,#57FFBE
158,66,100,#57FFC1
159,66,100,#57FFC4
160,66,100,#57FFC7
161,66,100,#57FFCA
162,66,100,#57FFCD
163,66,100,#57FFCF
164,66,100,#57FFD2
165,66,100,#57FFD5
166,66,100,#57FFD8
167,66,100,#57FFDB
168,66,100,#57FFDD
169,66,100,#57FFE0
170,66,100,#57FFE3
171,66,100,#57FFE6
172,66,100,#57FFE9
173,66,100,#57FFEB
174,66,100,#57FFEE
175,66,100,#57FFF1
176,66,100,#57FFF4
177,66,100,#57FFF7
178,66,100,#57FFF9
179,66,100,#57FFFC
180,66,100,#57FFFF
181,66,100,#57FCFF
182,66,100,#57F9FF
183,66,100,#57F7FF
184,66,100,#57F4FF
185,66,100,#57F1FF
186,66,100,#57EEFF
187,66,100,#57EBFF
188,66,100,#57E9FF
189,66,100,#57E6FF
190,66,100,#57E3FF
191,66,100,#57E0FF
192,66,100,#57DDFF
193,66,100,#57DBFF
194,66,100,#57D8FF
195,66,100,#57D5FF
196,66,100,#57D2FF
197,66,100,#57CFFF
198,66,100,#57CDFF
199,66,100,#57CAFF
200,66,100,#57C7FF
201,66,100,#57C4FF
202,66,100,#57C1FF
203,66,100,#57BEFF
204,66,100,#57BCFF
205,66,100,#57B9FF
206,66,100,#57B6FF
207,66,100,#57B3FF
208,66,100,#57B0FF
209,66,100,#57AEFF
210,66,100,#57ABFF
211,66,100,#57A8FF
212,66,100,#57A5FF
213,66,100,#57A2FF
214,66,100,#57A0FF
215,66,100,#579DFF
216,66,100,#579AFF
217,66,100,#5797FF
218,66,100,#5794FF
219,66,100,#5792FF
220,66,100,#578FFF
221,66,100,#578CFF
222,66,100,#5789FF
223,66,100,#5786FF
224,66,100,#5784FF
225,66,100,#5781FF
226,66,100,#577EFF
227,66,100,#577BFF
228,66,100,#5778FF
229,66,100,#5776FF
230,66,100,#5773FF
231,66,100,#5770FF
232,66,100,#576DFF
233,66,100,#576AFF
234,66,100,#5768FF
235,66,100,#5765FF
236,66,100,#5762FF
237,66,100,#575FFF
238,66,100,#575CFF
239,66,100,#575AFF
240,66,100,#5757FF
241,66,100,#5A57FF
242,66,100,#5C57FF
243,66,100,#5F57FF
244,66,100,#6257FF
245,66,100,#6557FF
246,66,100,#6857FF
247,66,100,#6A57FF
248,66,100,#6D57FF
249,66,100,#7057FF
250,66,100,#7357FF
251,66,100,#7657FF
252,66,100,#7857FF
253,66,100,#7B57FF
254,66,100,#7E57FF
255,66,100,#8157FF
256,66,100,#8457FF
257,66,100,#8657FF
258,66,100,#8957FF
259,66,100,#8C57FF
260,66,100,#8F57FF
261,66,100,#9257FF
262,66,100,#9457FF
263,66,100,#9757FF
264,66,100,#9A57FF
265,66,100,#9D57FF
266,66,100,#A057FF
267,66,100,#A257FF
268,66,100,#A557FF
269,66,100,#A857FF
270,66,100,#AB57FF
271,66,100,#AE57FF
272,66,100,#B057FF
273,66,100,#B357FF
274,66,100,#B657FF
275,66,100,#B957FF
276,66,100,#BC57FF
277,66,100,#BE57FF
278,66,100,#C157FF
279,66,100,#C457FF
280,66,100,#C757FF
281,66,100,#CA57FF
282,66,100,#CD57FF
283,66,100,#CF57FF
284,66,100,#D257FF
285,66,100,#D557FF
286,66,100,#D857FF
287,66,100,#DB57FF
288,66,100,#DD57FF
289,66,100,#E057FF
290,66,100,#E357FF
291,66,100,#E657FF
292,66,100,#E957FF
293,66,100,#EB57FF
294,66,100,#EE57FF
295,66,100,#F157FF
296,66,100,#F457FF
297,66,100,#F757FF
298,66,100,#F957FF
299,66,100,#FC57FF
300,66,100,#FF57FF
301,66,100,#FF57FC
302,66,100,#FF57F9
303,66,100,#FF57F7
304,66,100,#FF57F4
305,66,100,#FF57F1
306,66,100,#FF57EE
307,66,100,#FF57EB
308,66,100,#FF57E9
309,66,100,#FF57E6
310,66,100,#FF57E3
311,66,100,#FF57E0
312,66,100,#FF57DD
313,66,100,#FF57DB
314,66,100,#FF57D8
315,66,100,#FF57D5
316,66,100,#FF57D2
317,66,100,#FF57CF
318,66,100,#FF57CD
319,66,100,#FF57CA
320,66,100,#FF57C7
321,66,100,#FF57C4
322,66,100,#FF57C1
323,66,100,#FF57BE
324,66,100,#FF57BC
325,66,100,#FF57B9
326,66,100,#FF57B6
327,66,100,#FF57B3
328,66,100,#FF57B0
329,66,100,#FF57AE
330,66,100,#FF57AB
331,66,100,#FF57A8
332,66,100,#FF57A5
333,66,100,#FF57A2
334,66,100,#FF57A0
335,66,100,#FF579D
336,66,100,#FF579A
337,66,100,#FF5797
338,66,100,#FF5794
339,66,100,#FF5792
340,66,100,#FF578F
341,66,100,#FF578C
342,66,100,#FF5789
343,66,100,#FF5786
344,66,100,#FF5784
345,66,100,#FF5781
346,66,100,#FF577E
347,66,100,#FF577B
348,66,100,#FF5778
349,66,100,#FF5776
350,66,100,#FF5773
351,66,100,#FF5770
352,66,100,#FF576D
353,66,100,#FF576A
354,66,100,#FF5768
355,66,100,#FF5765
356,66,100,#FF5762
357,66,100,#FF575F
358,66,100,#FF575C
359,66,100,#FF575A
0,65,100,#FF5959
1,65,100,#FF5C59
2,65,100,#FF5F59
3,65,100,#FF6259
4,65,100,#FF6459
5,65,100,#FF6759
6,65,100,#FF6A59
7,65,100,#FF6D59
8,65,100,#FF6F59
9,65,100,#FF7259
10,65,100,#FF7559
11,65,100,#FF7859
12,65,100,#FF7A59
13,65,100,#FF7D59
14,65,100,#FF8059
15,65,100,#FF8359
16,65,100,#FF8559
17,65,100,#FF8859
18,65,100,#FF8B59
19,65,100,#FF8E59
20,65,100,#FF9159
21,65,100,#FF9359
22,65,100,#FF9659
23,65,100,#FF9959
24,65,100,#FF9C59
25,65,100,#FF9E59
26,65,100,#FFA159
27,65,100,#FFA459
28,65,100,#FFA759
29,65,100,#FFA959
30,65,100,#FFAC59
31,65,100,#FFAF59
32,65,100,#FFB259
33,65,100,#FFB459
34,65,100,#FFB759
35,65,100,#FFBA59
36,65,100,#FFBD59
37,65,100,#FFBF59
38,65,100,#FFC259
39,65,100,#FFC559
40,65,100,#FFC859
41,65,100,#FFCB59
42,65,100,#FFCD59
43,65,100,#FFD059
44,65,100,#FFD359
45,65,100,#FFD659
46,65,100,#FFD859
47,65,100,#FFDB59
48,65,100,#FFDE59
49,65,100,#FFE159
50,65,100,#FFE359
51,65,100,#FFE659
52,65,100,#FFE959
53,65,100,#FFEC59
54,65,100,#FFEE59
55,65,100,#FFF159
56,65,100,#FFF459
57,65,100,#FFF759
58,65,100,#FFF959
59,65,100,#FFFC59
60,65,100,#FFFF59
61,65,100,#FCFF59
62,65,100,#F9FF59
63,65,100,#F7FF59
64,65,100,#F4FF59
65,65,100,#F1FF59
66,65,100,#EEFF59
67,65,100,#ECFF59
68,65,100,#E9FF59
69,65,100,#E6FF59
70,65,100,#E3FF59
71,65,100,#E1FF59
72,65,100,#DEFF59
73,65,100,#DBFF59
74,65,100,#D8FF59
75,65,100,#D6FF59
76,65,100,#D3FF59
77,65,100,#D0FF59
78,65,100,#CDFF59
79,65,100,#CBFF59
80,65,100,#C8FF59
81,65,100,#C5FF59
82,65,100,#C2FF59
83,65,100,#BFFF59
84,65,100,#BDFF59
85,65,100,#BAFF59
86,65,100,#B7FF59
87,65,100,#B4FF59
88,65,100,#B2FF59
89,65,100,#AFFF59
90,65,100,#ACFF59
91,65,100,#A9FF59
92,65,100,#A7FF59
93,65,100,#A4FF59
94,65,100,#A1FF59
95,65,100,#9EFF59
96,65,100,#9CFF59
97,65,100,#99FF59
98,65,100,#96FF59
99,65,100,#93FF59
100,65,100,#91FF59
101,65,100,#8EFF59
102,65,100,#8BFF59
103,65,100,#88FF59
104,65,100,#85FF59
105,65,100,#83FF59
106,65,100,#80FF59
107,65,100,#7DFF59
108,65,100,#7AFF59
109,65,100,#78FF59
110,65,100,#75FF59
111,65,100,#72FF59
112,65,100,#6FFF59
113,65,100,#6DFF59
114,65,100,#6AFF59
115,65,100,#67FF59
116,65,100,#64FF59
117,65,100,#62FF59
118,65,100,#5FFF59
119,65,100,#5CFF59
120,65,100,#59FF59
121,65,100,#59FF5C
122,65,100,#59FF5F
123,65,100,#59FF62
124,65,100,#59FF64
125,65,100,#59FF67
126,65,100,#59FF6A
127,65,100,#59FF6D
128,65,100,#59FF6F
129,65,100,#59FF72
130,65,100,#59FF75
131,65,100,#59FF78
132,65,100,#59FF7A
133,65,100,#59FF7D
134,65,100,#59FF80
135,65,100,#59FF83
136,65,100,#59FF85
137,65,100,#59FF88
138,65,100,#59FF8B
139,65,100,#59FF8E
140,65,100,#59FF91
141,65,100,#59FF93
142,65,100,#59FF96
143,65,100,#59FF99
144,65,100,#59FF9C
145,65,100,#59FF9E
146,65,100,#59FFA1
147,65,100,#59FFA4
148,65,100,#59FFA7
149,65,100,#59FFA9
150,65,100,#59FFAC
151,65,100,#59FFAF
152,65,100,#59FFB2
153,65,100,#59FFB4
154,65,100,#59FFB7
155,65,100,#59FFBA
156,65,100,#59FFBD
157,65,100,#59FFBF
158,65,100,#59FFC2
159,65,100,#59FFC5
160,65,100,#59FFC8
161,65,100,#59FFCB
162,65,100,#59FFCD
163,65,100,#59FFD0
164,65,100,#59FFD3
165,65,100,#59FFD6
166,65,100,#59FFD8
167,65,100,#59FFDB
168,65,100,#59FFDE
169,65,100,#59FFE1
170,65,100,#59FFE3
171,65,100,#59FFE6
172,65,100,#59FFE9
173,65,100,#59FFEC
174,65,100,#59FFEE
175,65,100,#59FFF1
176,65,100,#59FFF4
177,65,100,#59FFF7
178,65,100,#59FFF9
179,65,100,#59FFFC
180,65,100,#59FFFF
181,65,100,#59FCFF
182,65,100,#59F9FF
183,65,100,#59F7FF
184,65,100,#59F4FF
185,65,100,#59F1FF
186,65,100,#59EEFF
187,65,100,#59ECFF
188,65,100,#59E9FF
189,65,100,#59E6FF
190,65,100,#59E3FF
191,65,100,#59E1FF
192,65,100,#59DEFF
193,65,100,#59DBFF
194,65,100,#59D8FF
195,65,100,#59D6FF
196,65,100,#59D3FF
197,65,100,#59D0FF
198,65,100,#59CDFF
199,65,100,#59CBFF
200,65,100,#59C8FF
201,65,100,#59C5FF
202,65,100,#59C2FF
203,65,100,#59BFFF
204,65,100,#59BDFF
205,65,100,#59BAFF
206,65,100,#59B7FF
207,65,100,#59B4FF
208,65,100,#59B2FF
209,65,100,#59AFFF
210,65,100,#59ACFF
211,65,100,#59A9FF
212,65,100,#59A7FF
213,65,100,#59A4FF
214,65,100,#59A1FF
215,65,100,#599EFF
216,65,100,#599CFF
217,65,100,#5999FF
218,65,100,#5996FF
219,65,100,#5993FF
220,65,100,#5990FF
221,65,100,#598EFF
222,65,100,#598BFF
223,65,100,#5988FF
224,65,100,#5985FF
225,65,100,#5983FF
226,65,100,#5980FF
227,65,100,#597DFF
228,65,100,#597AFF
229,65,100,#5978FF
230,65,100,#5975FF
231,65,100,#5972FF
232,65,100,#596FFF
233,65,100,#596DFF
234,65,100,#596AFF
235,65,100,#5967FF
236,65,100,#5964FF
237,65,100,#5962FF
238,65,100,#595FFF
239,65,100,#595CFF
240,65,100,#5959FF
241,65,100,#5C59FF
242,65,100,#5F59FF
243,65,100,#6259FF
244,65,100,#6459FF
245,65,100,#6759FF
246,65,100,#6A59FF
247,65,100,#6D59FF
248,65,100,#6F59FF
249,65,100,#7259FF
250,65,100,#7559FF
251,65,100,#7859FF
252,65,100,#7A59FF
253,65,100,#7D59FF
254,65,100,#8059FF
255,65,100,#8359FF
256,65,100,#8559FF
257,65,100,#8859FF
258,65,100,#8B59FF
259,65,100,#8E59FF
260,65,100,#9059FF
261,65,100,#9359FF
262,65,100,#9659FF
263,65,100,#9959FF
264,65,100,#9C59FF
265,65,100,#9E59FF
266,65,100,#A159FF
267,65,100,#A459FF
268,65,100,#A759FF
269,65,100,#A959FF
270,65,100,#AC59FF
271,65,100,#AF59FF
272,65,100,#B259FF
273,65,100,#B459FF
274,65,100,#B759FF
275,65,100,#BA59FF
276,65,100,#BD59FF
277,65,100,#BF59FF
278,65,100,#C259FF
279,65,100,#C559FF
280,65,100,#C859FF
281,65,100,#CB59FF
282,65,100,#CD59FF
283,65,100,#D059FF
284,65,100,#D359FF
285,65,100,#D659FF
286,65,100,#D859FF
287,65,100,#DB59FF
288,65,100,#DE59FF
289,65,100,#E159FF
290,65,100,#E359FF
291,65,100,#E659FF
292,65,100,#E959FF
293,65,100,#EC59FF
294,65,100,#EE59FF
295,65,100,#F159FF
296,65,100,#F459FF
297,65,100,#F759FF
298,65,100,#F959FF
299,65,100,#FC59FF
300,65,100,#FF59FF
301,65,100,#FF59FC
302,65,100,#FF59F9
303,65,100,#FF59F7
304,65,100,#FF59F4
305,65,100,#FF59F1
306,65,100,#FF59EE
307,65,100,#FF59EC
308,65,100,#FF59E9
309,65,100,#FF59E6
310,65,100,#FF59E3
311,65,100,#FF59E1
312,65,100,#FF59DE
313,65,100,#FF59DB
314,65,100,#FF59D8
315,65,100,#FF59D6
316,65,100,#FF59D3
317,65,100,#FF59D0
318,65,100,#FF59CD
319,65,100,#FF59CB
320,65,100,#FF59C8
321,65,100,#FF59C5
322,65,100,#FF59C2
323,65,100,#FF59BF
324,65,100,#FF59BD
325,65,100,#FF59BA
326,65,100,#FF59B7
327,65,100,#FF59B4
328,65,100,#FF59B2
329,65,100,#FF59AF
330,65,100,#FF59AC
331,65,100,#FF59A9
332,65,100,#FF59A7
333,65,100,#FF59A4
334,65,100,#FF59A1
335,65,100,#FF599E
336,65,100,#FF599C
337,65,100,#FF5999
338,65,100,#FF5996
339,65,100,#FF5993
340,65,100,#FF5991
341,65,100,#FF598E
342,65,100,#FF598B
343,65,100,#FF5988
344,65,100,#FF5985
345,65,100,#FF5983
346,65,100,#FF5980
347,65,100,#FF597D
348,65,100,#FF597A
349,65,100,#FF5978
350,65,100,#FF5975
351,65,100,#FF5972
352,65,100,#FF596F
353,65,100,#FF596D
354,65,100,#FF596A
355,65,100,#FF5967
356,65,100,#FF5964
357,65,100,#FF5962
358,65,100,#FF595F
359,65,100,#FF595C
0,64,100,#FF5C5C
1,64,100,#FF5F5C
2,64,100,#FF615C
3,64,100,#FF645C
4,64,100,#FF675C
5,64,100,#FF695C
6,64,100,#FF6C5C
7,64,100,#FF6F5C
8,64,100,#FF725C
9,64,100,#FF745C
10,64,100,#FF775C
11,64,100,#FF7A5C
12,64,100,#FF7C5C
13,64,100,#FF7F5C
14,64,100,#FF825C
15,64,100,#FF855C
16,64,100,#FF875C
17,64,100,#FF8A5C
18,64,100,#FF8D5C
19,64,100,#FF8F5C
20,64,100,#FF925C
21,64,100,#FF955C
22,64,100,#FF985C
23,64,100,#FF9A5C
24,64,100,#FF9D5C
25,64,100,#FFA05C
26,64,100,#FFA35C
27,64,100,#FFA55C
28,64,100,#FFA85C
29,64,100,#FFAB5C
30,64,100,#FFAD5C
31,64,100,#FFB05C
32,64,100,#FFB35C
33,64,100,#FFB65C
34,64,100,#FFB85C
35,64,100,#FFBB5C
36,64,100,#FFBE5C
37,64,100,#FFC05C
38,64,100,#FFC35C
39,64,100,#FFC65C
40,64,100,#FFC95C
41,64,100,#FFCB5C
42,64,100,#FFCE5C
43,64,100,#FFD15C
44,64,100,#FFD35C
45,64,100,#FFD65C
46,64,100,#FFD95C
47,64,100,#FFDC5C
48,64,100,#FFDE5C
49,64,100,#FFE15C
50,64,100,#FFE45C
51,64,100,#FFE75C
52,64,100,#FFE95C
53,64,100,#FFEC5C
54,64,100,#FFEF5C
55,64,100,#FFF15C
56,64,100,#FFF45C
57,64,100,#FFF75C
58,64,100,#FFFA5C
59,64,100,#FFFC5C
60,64,100,#FFFF5C
61,64,100,#FCFF5C
62,64,100,#FAFF5C
63,64,100,#F7FF5C
64,64,100,#F4FF5C
65,64,100,#F1FF5C
66,64,100,#EFFF5C
67,64,100,#ECFF5C
68,64,100,#E9FF5C
69,64,100,#E7FF5C
70,64,100,#E4FF5C
71,64,100,#E1FF5C
72,64,100,#DEFF5C
73,64,100,#DCFF5C
74,64,100,#D9FF5C
75,64,100,#D6FF5C
76,64,100,#D3FF5C
77,64,100,#D1FF5C
78,64,100,#CEFF5C
79,64,100,#CBFF5C
80,64,100,#C9FF5C
81,64,100,#C6FF5C
82,64,100,#C3FF5C
83,64,100,#C0FF5C
84,64,100,#BEFF5C
85,64,100,#BBFF5C
86,64,100,#B8FF5C
87,64,100,#B6FF5C
88,64,100,#B3FF5C
89,64,100,#B0FF5C
90,64,100,#ADFF5C
91,64,100,#ABFF5C
92,64,100,#A8FF5C
93,64,100,#A5FF5C
94,64,100,#A3FF5C
95,64,100,#A0FF5C
96,64,100,#9DFF5C
97,64,100,#9AFF5C
98,64,100,#98FF5C
99,64,100,#95FF5C
100,64,100,#92FF5C
101,64,100,#8FFF5C
102,64,100,#8DFF5C
103,64,100,#8AFF5C
104,64,100,#87FF5C
105,64,100,#85FF5C
106,64,100,#82FF5C
107,64,100,#7FFF5C
108,64,100,#7CFF5C
109,64,100,#7AFF5C
110,64,100,#77FF5C
111,64,100,#74FF5C
112,64,100,#72FF5C
113,64,100,#6FFF5C
114,64,100,#6CFF5C
115,64,100,#69FF5C
116,64,100,#67FF5C
117,64,100,#64FF5C
118,64,100,#61FF5C
119,64,100,#5FFF5C
120,64,100,#5CFF5C
121,64,100,#5CFF5F
122,64,100,#5CFF61
123,64,100,#5CFF64
124,64,100,#5CFF67
125,64,100,#5CFF69
126,64,100,#5CFF6C
127,64,100,#5CFF6F
128,64,100,#5CFF72
129,64,100,#5CFF74
130,64,100,#5CFF77
131,64,100,#5CFF7A
132,64,100,#5CFF7C
133,64,100,#5CFF7F
134,64,100,#5CFF82
135,64,100,#5CFF85
136,64,100,#5CFF87
137,64,100,#5CFF8A
138,64,100,#5CFF8D
139,64,100,#5CFF8F
140,64,100,#5CFF92
141,64,100,#5CFF95
142,64,100,#5CFF98
143,64,100,#5CFF9A
144,64,100,#5CFF9D
145,64,100,#5CFFA0
146,64,100,#5CFFA3
147,64,100,#5CFFA5
148,64,100,#5CFFA8
149,64,100,#5CFFAB
150,64,100,#5CFFAD
151,64,100,#5CFFB0
152,64,100,#5CFFB3
153,64,100,#5CFFB6
154,64,100,#5CFFB8
155,64,100,#5CFFBB
156,64,100,#5CFFBE
157,64,100,#5CFFC0
158,64,100,#5CFFC3
159,64,100,#5CFFC6
160,64,100,#5CFFC9
161,64,100,#5CFFCB
162,64,100,#5CFFCE
163,64,100,#5CFFD1
164,64,100,#5CFFD3
165,64,100,#5CFFD6
166,64,100,#5CFFD9
167,64,100,#5CFFDC
168,64,100,#5CFFDE
169,64,100,#5CFFE1
170,64,100,#5CFFE4
171,64,100,#5CFFE7
172,64,100,#5CFFE9
173,64,100,#5CFFEC
174,64,100,#5CFFEF
175,64,100,#5CFFF1
176,64,100,#5CFFF4
177,64,100,#5CFFF7
178,64,100,#5CFFFA
179,64,100,#5CFFFC
180,64,100,#5CFFFF
181,64,100,#5CFCFF
182,64,100,#5CFAFF
183,64,100,#5CF7FF
184,64,100,#5CF4FF
185,64,100,#5CF1FF
186,64,100,#5CEFFF
187,64,100,#5CECFF
188,64,100,#5CE9FF
189,64,100,#5CE7FF
190,64,100,#5CE4FF
191,64,100,#5CE1FF
192,64,100,#5CDEFF
193,64,100,#5CDCFF
194,64,100,#5CD9FF
195,64,100,#5CD6FF
196,64,100,#5CD3FF
197,64,100,#5CD1FF
198,64,100,#5CCEFF
199,64,100,#5CCBFF
200,64,100,#5CC9FF
201,64,100,#5CC6FF
202,64,100,#5CC3FF
203,64,100,#5CC0FF
204,64,100,#5CBEFF
205,64,100,#5CBBFF
206,64,100,#5CB8FF
207,64,100,#5CB6FF
208,64,100,#5CB3FF
209,64,100,#5CB0FF
210,64,100,#5CADFF
211,64,100,#5CABFF
212,64,100,#5CA8FF
213,64,100,#5CA5FF
214,64,100,#5CA3FF
215,64,100,#5CA0FF
216,64,100,#5C9DFF
217,64,100,#5C9AFF
218,64,100,#5C98FF
219,64,100,#5C95FF
220,64,100,#5C92FF
221,64,100,#5C8FFF
222,64,100,#5C8DFF
223,64,100,#5C8AFF
224,64,100,#5C87FF
225,64,100,#5C85FF
226,64,100,#5C82FF
227,64,100,#5C7FFF
228,64,100,#5C7CFF
229,64,100,#5C7AFF
230,64,100,#5C77FF
231,64,100,#5C74FF
232,64,100,#5C72FF
233,64,100,#5C6FFF
234,64,100,#5C6CFF
235,64,100,#5C69FF
236,64,100,#5C67FF
237,64,100,#5C64FF
238,64,100,#5C61FF
239,64,100,#5C5FFF
240,64,100,#5C5CFF
241,64,100,#5F5CFF
242,64,100,#615CFF
243,64,100,#645CFF
244,64,100,#675CFF
245,64,100,#695CFF
246,64,100,#6C5CFF
247,64,100,#6F5CFF
248,64,100,#725CFF
249,64,100,#745CFF
250,64,100,#775CFF
251,64,100,#7A5CFF
252,64,100,#7C5CFF
253,64,100,#7F5CFF
254,64,100,#825CFF
255,64,100,#855CFF
256,64,100,#875CFF
257,64,100,#8A5CFF
258,64,100,#8D5CFF
259,64,100,#8F5CFF
260,64,100,#925CFF
261,64,100,#955CFF
262,64,100,#985CFF
263,64,100,#9A5CFF
264,64,100,#9D5CFF
265,64,100,#A05CFF
266,64,100,#A35CFF
267,64,100,#A55CFF
268,64,100,#A85CFF
269,64,100,#AB5CFF
270,64,100,#AD5CFF
271,64,100,#B05CFF
272,64,100,#B35CFF
273,64,100,#B65CFF
274,64,100,#B85CFF
275,64,100,#BB5CFF
276,64,100,#BE5CFF
277,64,100,#C05CFF
278,64,100,#C35CFF
279,64,100,#C65CFF
280,64,100,#C95CFF
281,64,100,#CB5CFF
282,64,100,#CE5CFF
283,64,100,#D15CFF
284,64,100,#D35CFF
285,64,100,#D65CFF
286,64,100,#D95CFF
287,64,100,#DC5CFF
288,64,100,#DE5CFF
289,64,100,#E15CFF
290,64,100,#E45CFF
291,64,100,#E75CFF
292,64,100,#E95CFF
293,64,100,#EC5CFF
294,64,100,#EF5CFF
295,64,100,#F15CFF
296,64,100,#F45CFF
297,64,100,#F75CFF
298,64,100,#FA5CFF
299,64,100,#FC5CFF
300,64,100,#FF5CFF
301,64,100,#FF5CFC
302,64,100,#FF5CFA
303,64,100,#FF5CF7
304,64,100,#FF5CF4
305,64,100,#FF5CF1
306,64,100,#FF5CEF
307,64,100,#FF5CEC
308,64,100,#FF5CE9
309,64,100,#FF5CE7
310,64,100,#FF5CE4
311,64,100,#FF5CE1
312,64,100,#FF5CDE
313,64,100,#FF5CDC
314,64,100,#FF5CD9
315,64,100,#FF5CD6
316,64,100,#FF5CD3
317,64,100,#FF5CD1
318,64,100,#FF5CCE
319,64,100,#FF5CCB
320,64,100,#FF5CC9
321,64,100,#FF5CC6
322,64,100,#FF5CC3
323,64,100,#FF5CC0
324,64,100,#FF5CBE
325,64,100,#FF5CBB
326,64,100,#FF5CB8
327,64,100,#FF5CB6
328,64,100,#FF5CB3
329,64,100,#FF5CB0
330,64,100,#FF5CAD
331,64,100,#FF5CAB
332,64,100,#FF5CA8
333,64,100,#FF5CA5
334,64,100,#FF5CA3
335,64,100,#FF5CA0
336,64,100,#FF5C9D
337,64,100,#FF5C9A
338,64,100,#FF5C98
339,64,100,#FF5C95
340,64,100,#FF5C92
341,64,100,#FF5C8F
342,64,100,#FF5C8D
343,64,100,#FF5C8A
344,64,100,#FF5C87
345,64,100,#FF5C85
346,64,100,#FF5C82
347,64,100,#FF5C7F
348,64,100,#FF5C7C
349,64,100,#FF5C7A
350,64,100,#FF5C77
351,64,100,#FF5C74
352,64,100,#FF5C72
353,64,100,#FF5C6F
354,64,100,#FF5C6C
355,64,100,#FF5C69
356,64,100,#FF5C67
357,64,100,#FF5C64
358,64,100,#FF5C61
359,64,100,#FF5C5F
0,63,100,#FF5E5E
1,63,100,#FF615E
2,63,100,#FF645E
3,63,100,#FF665E
4,63,100,#FF695E
5,63,100,#FF6C5E
6,63,100,#FF6E5E
7,63,100,#FF715E
8,63,100,#FF745E
9,63,100,#FF765E
10,63,100,#FF795E
11,63,100,#FF7C5E
12,63,100,#FF7E5E
13,63,100,#FF815E
14,63,100,#FF845E
15,63,100,#FF875E
16,63,100,#FF895E
17,63,100,#FF8C5E
18,63,100,#FF8F5E
19,63,100,#FF915E
20,63,100,#FF945E
21,63,100,#FF975E
22,63,100,#FF995E
23,63,100,#FF9C5E
24,63,100,#FF9F5E
25,63,100,#FFA15E
26,63,100,#FFA45E
27,63,100,#FFA75E
28,63,100,#FFA95E
29,63,100,#FFAC5E
30,63,100,#FFAF5E
31,63,100,#FFB15E
32,63,100,#FFB45E
33,63,100,#FFB75E
34,63,100,#FFB95E
35,63,100,#FFBC5E
36,63,100,#FFBF5E
37,63,100,#FFC15E
38,63,100,#FFC45E
39,63,100,#FFC75E
40,63,100,#FFC95E
41,63,100,#FFCC5E
42,63,100,#FFCF5E
43,63,100,#FFD15E
44,63,100,#FFD45E
45,63,100,#FFD75E
46,63,100,#FFDA5E
47,63,100,#FFDC5E
48,63,100,#FFDF5E
49,63,100,#FFE25E
50,63,100,#FFE45E
51,63,100,#FFE75E
52,63,100,#FFEA5E
53,63,100,#FFEC5E
54,63,100,#FFEF5E
55,63,100,#FFF25E
56,63,100,#FFF45E
57,63,100,#FFF75E
58,63,100,#FFFA5E
59,63,100,#FFFC5E
60,63,100,#FFFF5E
61,63,100,#FCFF5E
62,63,100,#FAFF5E
63,63,100,#F7FF5E
64,63,100,#F4FF5E
65,63,100,#F2FF5E
66,63,100,#EFFF5E
67,63,100,#ECFF5E
68,63,100,#EAFF5E
69,63,100,#E7FF5E
70,63,100,#E4FF5E
71,63,100,#E2FF5E
72,63,100,#DFFF5E
73,63,100,#DCFF5E
74,63,100,#DAFF5E
75,63,100,#D7FF5E
76,63,100,#D4FF5E
77,63,100,#D1FF5E
78,63,100,#CFFF5E
79,63,100,#CCFF5E
80,63,100,#C9FF5E
81,63,100,#C7FF5E
82,63,100,#C4FF5E
83,63,100,#C1FF5E
84,63,100,#BFFF5E
85,63,100,#BCFF5E
86,63,100,#B9FF5E
87,63,100,#B7FF5E
88,63,100,#B4FF5E
89,63,100,#B1FF5E
90,63,100,#AFFF5E
91,63,100,#ACFF5E
92,63,100,#A9FF5E
93,63,100,#A7FF5E
94,63,100,#A4FF5E
95,63,100,#A1FF5E
96,63,100,#9FFF5E
97,63,100,#9CFF5E
98,63,100,#99FF5E
99,63,100,#97FF5E
100,63,100,#94FF5E
101,63,100,#91FF5E
102,63,100,#8FFF5E
103,63,100,#8CFF5E
104,63,100,#89FF5E
105,63,100,#87FF5E
106,63,100,#84FF5E
107,63,100,#81FF5E
108,63,100,#7EFF5E
109,63,100,#7CFF5E
110,63,100,#79FF5E
111,63,100,#76FF5E
112,63,100,#74FF5E
113,63,100,#71FF5E
114,63,100,#6EFF5E
115,63,100,#6CFF5E
116,63,100,#69FF5E
117,63,100,#66FF5E
118,63,100,#64FF5E
119,63,100,#61FF5E
120,63,100,#5EFF5E
121,63,100,#5EFF61
122,63,100,#5EFF64
123,63,100,#5EFF66
124,63,100,#5EFF69
125,63,100,#5EFF6C
126,63,100,#5EFF6E
127,63,100,#5EFF71
128,63,100,#5EFF74
129,63,100,#5EFF76
130,63,100,#5EFF79
131,63,100,#5EFF7C
132,63,100,#5EFF7E
133,63,100,#5EFF81
134,63,100,#5EFF84
135,63,100,#5EFF87
136,63,100,#5EFF89
137,63,100,#5EFF8C
138,63,100,#5EFF8F
139,63,100,#5EFF91
140,63,100,#5EFF94
141,63,100,#5EFF97
142,63,100,#5EFF99
143,63,100,#5EFF9C
144,63,100,#5EFF9F
145,63,100,#5EFFA1
146,63,100,#5EFFA4
147,63,100,#5EFFA7
148,63,100,#5EFFA9
149,63,100,#5EFFAC
150,63,100,#5EFFAF
151,63,100,#5EFFB1
152,63,100,#5EFFB4
153,63,100,#5EFFB7
154,63,100,#5EFFB9
155,63,100,#5EFFBC
156,63,100,#5EFFBF
157,63,100,#5EFFC1
158,63,100,#5EFFC4
159,63,100,#5EFFC7
160,63,100,#5EFFC9
161,63,100,#5EFFCC
162,63,100,#5EFFCF
163,63,100,#5EFFD1
164,63,100,#5EFFD4
165,63,100,#5EFFD7
166,63,100,#5EFFDA
167,63,100,#5EFFDC
168,63,100,#5EFFDF
169,63,100,#5EFFE2
170,63,100,#5EFFE4
171,63,100,#5EFFE7
172,63,100,#5EFFEA
173,63,100,#5EFFEC
174,63,100,#5EFFEF
175,63,100,#5EFFF2
176,63,100,#5EFFF4
177,63,100,#5EFFF7
178,63,100,#5EFFFA
179,63,100,#5EFFFC
180,63,100,#5EFFFF
181,63,100,#5EFCFF
182,63,100,#5EFAFF
183,63,100,#5EF7FF
184,63,100,#5EF4FF
185,63,100,#5EF2FF
186,63,100,#5EEFFF
187,63,100,#5EECFF
188,63,100,#5EEAFF
189,63,100,#5EE7FF
190,63,100,#5EE4FF
191,63,100,#5EE2FF
192,63,100,#5EDFFF
193,63,100,#5EDCFF
194,63,100,#5EDAFF
195,63,100,#5ED7FF
196,63,100,#5ED4FF
197,63,100,#5ED1FF
198,63,100,#5ECFFF
199,63,100,#5ECCFF
200,63,100,#5EC9FF
201,63,100,#5EC7FF
202,63,100,#5EC4FF
203,63,100,#5EC1FF
204,63,100,#5EBFFF
205,63,100,#5EBCFF
206,63,100,#5EB9FF
207,63,100,#5EB7FF
208,63,100,#5EB4FF
209,63,100,#5EB1FF
210,63,100,#5EAFFF
211,63,100,#5EACFF
212,63,100,#5EA9FF
213,63,100,#5EA7FF
214,63,100,#5EA4FF
215,63,100,#5EA1FF
216,63,100,#5E9FFF
217,63,100,#5E9CFF
218,63,100,#5E99FF
219,63,100,#5E97FF
220,63,100,#5E94FF
221,63,100,#5E91FF
222,63,100,#5E8FFF
223,63,100,#5E8CFF
224,63,100,#5E89FF
225,63,100,#5E87FF
226,63,100,#5E84FF
227,63,100,#5E81FF
228,63,100,#5E7EFF
229,63,100,#5E7CFF
230,63,100,#5E79FF
231,63,100,#5E76FF
232,63,100,#5E74FF
233,63,100,#5E71FF
234,63,100,#5E6EFF
235,63,100,#5E6CFF
236,63,100,#5E69FF
237,63,100,#5E66FF
238,63,100,#5E64FF
239,63,100,#5E61FF
240,63,100,#5E5EFF
241,63,100,#615EFF
242,63,100,#645EFF
243,63,100,#665EFF
244,63,100,#695EFF
245,63,100,#6C5EFF
246,63,100,#6E5EFF
247,63,100,#715EFF
248,63,100,#745EFF
249,63,100,#765EFF
250,63,100,#795EFF
251,63,100,#7C5EFF
252,63,100,#7E5EFF
253,63,100,#815EFF
254,63,100,#845EFF
255,63,100,#875EFF
256,63,100,#895EFF
257,63,100,#8C5EFF
258,63,100,#8F5EFF
259,63,100,#915EFF
260,63,100,#945EFF
261,63,100,#975EFF
262,63,100,#995EFF
263,63,100,#9C5EFF
264,63,100,#9F5EFF
265,63,100,#A15EFF
266,63,100,#A45EFF
267,63,100,#A75EFF
268,63,100,#A95EFF
269,63,100,#AC5EFF
270,63,100,#AF5EFF
271,63,100,#B15EFF
272,63,100,#B45EFF
273,63,100,#B75EFF
274,63,100,#B95EFF
275,63,100,#BC5EFF
276,63,100,#BF5EFF
277,63,100,#C15EFF
278,63,100,#C45EFF
279,63,100,#C75EFF
280,63,100,#C95EFF
281,63,100,#CC5EFF
282,63,100,#CF5EFF
283,63,100,#D15EFF
284,63,100,#D45EFF
285,63,100,#D75EFF
286,63,100,#DA5EFF
287,63,100,#DC5EFF
288,63,100,#DF5EFF
289,63,100,#E25EFF
290,63,100,#E45EFF
291,63,100,#E75EFF
292,63,100,#EA5EFF
293,63,100,#EC5EFF
294,63,100,#EF5EFF
295,63,100,#F25EFF
296,63,100,#F45EFF
297,63,100,#F75EFF
298,63,100,#FA5EFF
299,63,100,#FC5EFF
300,63,100,#FF5EFF
301,63,100,#FF5EFC
302,63,100,#FF5EFA
303,63,100,#FF5EF7
304,63,100,#FF5EF4
305,63,100,#FF5EF2
306,63,100,#FF5EEF
307,63,100,#FF5EEC
308,63,100,#FF5EEA
309,63,100,#FF5EE7
310,63,100,#FF5EE4
311,63,100,#FF5EE2
312,63,100,#FF5EDF
313,63,100,#FF5EDC
314,63,100,#FF5EDA
315,63,100,#FF5ED7
316,63,100,#FF5ED4
317,63,100,#FF5ED1
318,63,100,#FF5ECF
319,63,100,#FF5ECC
320,63,100,#FF5EC9
321,63,100,#FF5EC7
322,63,100,#FF5EC4
323,63,100,#FF5EC1
324,63,100,#FF5EBF
325,63,100,#FF5EBC
326,63,100,#FF5EB9
327,63,100,#FF5EB7
328,63,100,#FF5EB4
329,63,100,#FF5EB1
330,63,100,#FF5EAF
331,63,100,#FF5EAC
332,63,100,#FF5EA9
333,63,100,#FF5EA7
334,63,100,#FF5EA4
335,63,100,#FF5EA1
336,63,100,#FF5E9F
337,63,100,#FF5E9C
338,63,100,#FF5E99
339,63,100,#FF5E97
340,63,100,#FF5E94
341,63,100,#FF5E91
342,63,100,#FF5E8F
343,63,100,#FF5E8C
344,63,100,#FF5E89
345,63,100,#FF5E87
346,63,100,#FF5E84
347,63,100,#FF5E81
348,63,100,#FF5E7E
349,63,100,#FF5E7C
350,63,100,#FF5E79
351,63,100,#FF5E76
352,63,100,#FF5E74
353,63,100,#FF5E71
354,63,100,#FF5E6E
355,63,100,#FF5E6C
356,63,100,#FF5E69
357,63,100,#FF5E66
358,63,100,#FF5E64
359,63,100,#FF5E61
0,62,100,#FF6161
1,62,100,#FF6461
2,62,100,#FF6661
3,62,100,#FF6961
4,62,100,#FF6B61
5,62,100,#FF6E61
6,62,100,#FF7161
7,62,100,#FF7361
8,62,100,#FF7661
9,62,100,#FF7961
10,62,100,#FF7B61
11,62,100,#FF7E61
12,62,100,#FF8161
13,62,100,#FF8361
14,62,100,#FF8661
15,62,100,#FF8861
16,62,100,#FF8B61
17,62,100,#FF8E61
18,62,100,#FF9061
19,62,100,#FF9361
20,62,100,#FF9661
21,62,100,#FF9861
22,62,100,#FF9B61
23,62,100,#FF9E61
24,62,100,#FFA061
25,62,100,#FFA361
26,62,100,#FFA561
27,62,100,#FFA861
28,62,100,#FFAB61
29,62,100,#FFAD61
30,62,100,#FFB061
31,62,100,#FFB361
32,62,100,#FFB561
33,62,100,#FFB861
34,62,100,#FFBA61
35,62,100,#FFBD61
36,62,100,#FFC061
37,62,100,#FFC261
38,62,100,#FFC561
39,62,100,#FFC861
40,62,100,#FFCA61
41,62,100,#FFCD61
42,62,100,#FFD061
43,62,100,#FFD261
44,62,100,#FFD561
45,62,100,#FFD761
46,62,100,#FFDA61
47,62,100,#FFDD61
48,62,100,#FFDF61
49,62,100,#FFE261
50,62,100,#FFE561
51,62,100,#FFE761
52,62,100,#FFEA61
53,62,100,#FFED61
54,62,100,#FFEF61
55,62,100,#FFF261
56,62,100,#FFF461
57,62,100,#FFF761
58,62,100,#FFFA61
59,62,100,#FFFC61
60,62,100,#FFFF61
61,62,100,#FCFF61
62,62,100,#FAFF61
63,62,100,#F7FF61
64,62,100,#F4FF61
65,62,100,#F2FF61
66,62,100,#EFFF61
67,62,100,#EDFF61
68,62,100,#EAFF61
69,62,100,#E7FF61
70,62,100,#E5FF61
71,62,100,#E2FF61
72,62,100,#DFFF61
73,62,100,#DDFF61
74,62,100,#DAFF61
75,62,100,#D7FF61
76,62,100,#D5FF61
77,62,100,#D2FF61
78,62,100,#D0FF61
79,62,100,#CDFF61
80,62,100,#CAFF61
81,62,100,#C8FF61
82,62,100,#C5FF61
83,62,100,#C2FF61
84,62,100,#C0FF61
85,62,100,#BDFF61
86,62,100,#BAFF61
87,62,100,#B8FF61
88,62,100,#B5FF61
89,62,100,#B3FF61
90,62,100,#B0FF61
91,62,100,#ADFF61
92,62,100,#ABFF61
93,62,100,#A8FF61
94,62,100,#A5FF61
95,62,100,#A3FF61
96,62,100,#A0FF61
97,62,100,#9EFF61
98,62,100,#9BFF61
99,62,100,#98FF61
100,62,100,#96FF61
101,62,100,#93FF61
102,62,100,#90FF61
103,62,100,#8EFF61
104,62,100,#8BFF61
105,62,100,#88FF61
106,62,100,#86FF61
107,62,100,#83FF61
108,62,100,#81FF61
109,62,100,#7EFF61
110,62,100,#7BFF61
111,62,100,#79FF61
112,62,100,#76FF61
113,62,100,#73FF61
114,62,100,#71FF61
115,62,100,#6EFF61
116,62,100,#6BFF61
117,62,100,#69FF61
118,62,100,#66FF61
119,62,100,#64FF61
120,62,100,#61FF61
121,62,100,#61FF64
122,62,100,#61FF66
123,62,100,#61FF69
124,62,100,#61FF6B
125,62,100,#61FF6E
126,62,100,#61FF71
127,62,100,#61FF73
128,62,100,#61FF76
129,62,100,#61FF79
130,62,100,#61FF7B
131,62,100,#61FF7E
132,62,100,#61FF81
133,62,100,#61FF83
134,62,100,#61FF86
135,62,100,#61FF88
136,62,100,#61FF8B
137,62,100,#61FF8E
138,62,100,#61FF90
139,62,100,#61FF93
140,62,100,#61FF96
141,62,100,#61FF98
142,62,100,#61FF9B
143,62,100,#61FF9E
144,62,100,#61FFA0
145,62,100,#61FFA3
146,62,100,#61FFA5
147,62,100,#61FFA8
148,62,100,#61FFAB
149,62,100,#61FFAD
150,62,100,#61FFB0
151,62,100,#61FFB3
152,62,100,#61FFB5
153,62,100,#61FFB8
154,62,100,#61FFBA
155,62,100,#61FFBD
156,62,100,#61FFC0
157,62,100,#61FFC2
158,62,100,#61FFC5
159,62,100,#61FFC8
160,62,100,#61FFCA
161,62,100,#61FFCD
162,62,100,#61FFD0
163,62,100,#61FFD2
164,62,100,#61FFD5
165,62,100,#61FFD7
166,62,100,#61FFDA
167,62,100,#61FFDD
168,62,100,#61FFDF
169,62,100,#61FFE2
170,62,100,#61FFE5
171,62,100,#61FFE7
172,62,100,#61FFEA
173,62,100,#61FFED
174,62,100,#61FFEF
175,62,100,#61FFF2
176,62,100,#61FFF4
177,62,100,#61FFF7
178,62,100,#61FFFA
179,62,100,#61FFFC
180,62,100,#61FFFF
181,62,100,#61FCFF
182,62,100,#61FAFF
183,62,100,#61F7FF
184,62,100,#61F4FF
185,62,100,#61F2FF
186,62,100,#61EFFF
187,62,100,#61EDFF
188,62,100,#61EAFF
189,62,100,#61E7FF
190,62,100,#61E5FF
191,62,100,#61E2FF
192,62,100,#61DFFF
193,62,100,#61DDFF
194,62,100,#61DAFF
195,62,100,#61D7FF
196,62,100,#61D5FF
197,62,100,#61D2FF
198,62,100,#61D0FF
199,62,100,#61CDFF
200,62,100,#61CAFF
201,62,100,#61C8FF
202,62,100,#61C5FF
203,62,100,#61C2FF
204,62,100,#61C0FF
205,62,100,#61BDFF
206,62,100,#61BAFF
207,62,100,#61B8FF
208,62,100,#61B5FF
209,62,100,#61B3FF
210,62,100,#61B0FF
211,62,100,#61ADFF
212,62,100,#61ABFF
213,62,100,#61A8FF
214,62,100,#61A5FF
215,62,100,#61A3FF
216,62,100,#61A0FF
217,62,100,#619EFF
218,62,100,#619BFF
219,62,100,#6198FF
220,62,100,#6196FF
221,62,100,#6193FF
222,62,100,#6190FF
223,62,100,#618EFF
224,62,100,#618BFF
225,62,100,#6188FF
226,62,100,#6186FF
227,62,100,#6183FF
228,62,100,#6181FF
229,62,100,#617EFF
230,62,100,#617BFF
231,62,100,#6179FF
232,62,100,#6176FF
233,62,100,#6173FF
234,62,100,#6171FF
235,62,100,#616EFF
236,62,100,#616BFF
237,62,100,#6169FF
238,62,100,#6166FF
239,62,100,#6164FF
240,62,100,#6161FF
241,62,100,#6461FF
242,62,100,#6661FF
243,62,100,#6961FF
244,62,100,#6B61FF
245,62,100,#6E61FF
246,62,100,#7161FF
247,62,100,#7361FF
248,62,100,#7661FF
249,62,100,#7961FF
250,62,100,#7B61FF
251,62,100,#7E61FF
252,62,100,#8161FF
253,62,100,#8361FF
254,62,100,#8661FF
255,62,100,#8861FF
256,62,100,#8B61FF
257,62,100,#8E61FF
258,62,100,#9061FF
259,62,100,#9361FF
260,62,100,#9661FF
261,62,100,#9861FF
262,62,100,#9B61FF
263,62,100,#9E61FF
264,62,100,#A061FF
265,62,100,#A361FF
266,62,100,#A561FF
267,62,100,#A861FF
268,62,100,#AB61FF
269,62,100,#AD61FF
270,62,100,#B061FF
271,62,100,#B361FF
272,62,100,#B561FF
273,62,100,#B861FF
274,62,100,#BA61FF
275,62,100,#BD61FF
276,62,100,#C061FF
277,62,100,#C261FF
278,62,100,#C561FF
279,62,100,#C861FF
280,62,100,#CA61FF
281,62,100,#CD61FF
282,62,100,#D061FF
283,62,100,#D261FF
284,62,100,#D561FF
285,62,100,#D761FF
286,62,100,#DA61FF
287,62,100,#DD61FF
288,62,100,#DF61FF
289,62,100,#E261FF
290,62,100,#E561FF
291,62,100,#E761FF
292,62,100,#EA61FF
293,62,100,#ED61FF
294,62,100,#EF61FF
295,62,100,#F261FF
296,62,100,#F461FF
297,62,100,#F761FF
298,62,100,#FA61FF
299,62,100,#FC61FF
300,62,100,#FF61FF
301,62,100,#FF61FC
302,62,100,#FF61FA
303,62,100,#FF61F7
304,62,100,#FF61F4
305,62,100,#FF61F2
306,62,100,#FF61EF
307,62,100,#FF61ED
308,62,100,#FF61EA
309,62,100,#FF61E7
310,62,100,#FF61E5
311,62,100,#FF61E2
312,62,100,#FF61DF
313,62,100,#FF61DD
314,62,100,#FF61DA
315,62,100,#FF61D7
316,62,100,#FF61D5
317,62,100,#FF61D2
318,62,100,#FF61D0
319,62,100,#FF61CD
320,62,100,#FF61CA
321,62,100,#FF61C8
322,62,100,#FF61C5
323,62,100,#FF61C2
324,62,100,#FF61C0
325,62,100,#FF61BD
326,62,100,#FF61BA
327,62,100,#FF61B8
328,62,100,#FF61B5
329,62,100,#FF61B3
330,62,100,#FF61B0
331,62,100,#FF61AD
332,62,100,#FF61AB
333,62,100,#FF61A8
334,62,100,#FF61A5
335,62,100,#FF61A3
336,62,100,#FF61A0
337,62,100,#FF619E
338,62,100,#FF619B
339,62,100,#FF6198
340,62,100,#FF6196
341,62,100,#FF6193
342,62,100,#FF6190
343,62,100,#FF618E
344,62,100,#FF618B
345,62,100,#FF6188
346,62,100,#FF6186
347,62,100,#FF6183
348,62,100,#FF6181
349,62,100,#FF617E
350,62,100,#FF617B
351,62,100,#FF6179
352,62,100,#FF6176
353,62,100,#FF6173
354,62,100,#FF6171
355,62,100,#FF616E
356,62,100,#FF616B
357,62,100,#FF6169
358,62,100,#FF6166
359,62,100,#FF6164
0,61,100,#FF6363
1,61,100,#FF6663
2,61,100,#FF6963
3,61,100,#FF6B63
4,61,100,#FF6E63
5,61,100,#FF7063
6,61,100,#FF7363
7,61,100,#FF7663
8,61,100,#FF7863
9,61,100,#FF7B63
10,61,100,#FF7D63
11,61,100,#FF8063
12,61,100,#FF8363
13,61,100,#FF8563
14,61,100,#FF8863
15,61,100,#FF8A63
16,61,100,#FF8D63
17,61,100,#FF9063
18,61,100,#FF9263
19,61,100,#FF9563
20,61,100,#FF9763
21,61,100,#FF9A63
22,61,100,#FF9C63
23,61,100,#FF9F63
24,61,100,#FFA263
25,61,100,#FFA463
26,61,100,#FFA763
27,61,100,#FFA963
28,61,100,#FFAC63
29,61,100,#FFAF63
30,61,100,#FFB163
31,61,100,#FFB463
32,61,100,#FFB663
33,61,100,#FFB963
34,61,100,#FFBC63
35,61,100,#FFBE63
36,61,100,#FFC163
37,61,100,#FFC363
38,61,100,#FFC663
39,61,100,#FFC963
40,61,100,#FFCB63
41,61,100,#FFCE63
42,61,100,#FFD063
43,61,100,#FFD363
44,61,100,#FFD663
45,61,100,#FFD863
46,61,100,#FFDB63
47,61,100,#FFDD63
48,61,100,#FFE063
49,61,100,#FFE263
50,61,100,#FFE563
51,61,100,#FFE863
52,61,100,#FFEA63
53,61,100,#FFED63
54,61,100,#FFEF63
55,61,100,#FFF263
56,61,100,#FFF563
57,61,100,#FFF763
58,61,100,#FFFA63
59,61,100,#FFFC63
60,61,100,#FFFF63
61,61,100,#FCFF63
62,61,100,#FAFF63
63,61,100,#F7FF63
64,61,100,#F5FF63
65,61,100,#F2FF63
66,61,100,#EFFF63
67,61,100,#EDFF63
68,61,100,#EAFF63
69,61,100,#E8FF63
70,61,100,#E5FF63
71,61,100,#E2FF63
72,61,100,#E0FF63
73,61,100,#DDFF63
74,61,100,#DBFF63
75,61,100,#D8FF63
76,61,100,#D6FF63
77,61,100,#D3FF63
78,61,100,#D0FF63
79,61,100,#CEFF63
80,61,100,#CBFF63
81,61,100,#C9FF63
82,61,100,#C6FF63
83,61,100,#C3FF63
84,61,100,#C1FF63
85,61,100,#BEFF63
86,61,100,#BCFF63
87,61,100,#B9FF63
88,61,100,#B6FF63
89,61,100,#B4FF63
90,61,100,#B1FF63
91,61,100,#AFFF63
92,61,100,#ACFF63
93,61,100,#A9FF63
94,61,100,#A7FF63
95,61,100,#A4FF63
96,61,100,#A2FF63
97,61,100,#9FFF63
98,61,100,#9CFF63
99,61,100,#9AFF63
100,61,100,#97FF63
101,61,100,#95FF63
102,61,100,#92FF63
103,61,100,#90FF63
104,61,100,#8DFF63
105,61,100,#8AFF63
106,61,100,#88FF63
107,61,100,#85FF63
108,61,100,#83FF63
109,61,100,#80FF63
110,61,100,#7DFF63
111,61,100,#7BFF63
112,61,100,#78FF63
113,61,100,#76FF63
114,61,100,#73FF63
115,61,100,#70FF63
116,61,100,#6EFF63
117,61,100,#6BFF63
118,61,100,#69FF63
119,61,100,#66FF63
120,61,100,#63FF63
121,61,100,#63FF66
122,61,100,#63FF69
123,61,100,#63FF6B
124,61,100,#63FF6E
125,61,100,#63FF70
126,61,100,#63FF73
127,61,100,#63FF76
128,61,100,#63FF78
129,61,100,#63FF7B
130,61,100,#63FF7D
131,61,100,#63FF80
132,61,100,#63FF83
133,61,100,#63FF85
134,61,100,#63FF88
135,61,100,#63FF8A
136,61,100,#63FF8D
137,61,100,#63FF90
138,61,100,#63FF92
139,61,100,#63FF95
140,61,100,#63FF97
141,61,100,#63FF9A
142,61,100,#63FF9C
143,61,100,#63FF9F
144,61,100,#63FFA2
145,61,100,#63FFA4
146,61,100,#63FFA7
147,61,100,#63FFA9
148,61,100,#63FFAC
149,61,100,#63FFAF
150,61,100,#63FFB1
151,61,100,#63FFB4
152,61,100,#63FFB6
153,61,100,#63FFB9
154,61,100,#63FFBC
155,61,100,#63FFBE
156,61,100,#63FFC1
157,61,100,#63FFC3
158,61,100,#63FFC6
159,61,100,#63FFC9
160,61,100,#63FFCB
161,61,100,#63FFCE
162,61,100,#63FFD0
163,61,100,#63FFD3
164,61,100,#63FFD6
165,61,100,#63FFD8
166,61,100,#63FFDB
167,61,100,#63FFDD
168,61,100,#63FFE0
169,61,100,#63FFE2
170,61,100,#63FFE5
171,61,100,#63FFE8
172,61,100,#63FFEA
173,61,100,#63FFED
174,61,100,#63FFEF
175,61,100,#63FFF2
176,61,100,#63FFF5
177,61,100,#63FFF7
178,61,100,#63FFFA
179,61,100,#63FFFC
180,61,100,#63FFFF
181,61,100,#63FCFF
182,61,100,#63FAFF
183,61,100,#63F7FF
184,61,100,#63F5FF
185,61,100,#63F2FF
186,61,100,#63EFFF
187,61,100,#63EDFF
188,61,100,#63EAFF
189,61,100,#63E8FF
190,61,100,#63E5FF
191,61,100,#63E2FF
192,61,100,#63E0FF
193,61,100,#63DDFF
194,61,100,#63DBFF
195,61,100,#63D8FF
196,61,100,#63D6FF
197,61,100,#63D3FF
198,61,100,#63D0FF
199,61,100,#63CEFF
200,61,100,#63CBFF
201,61,100,#63C9FF
202,61,100,#63C6FF
203,61,100,#63C3FF
204,61,100,#63C1FF
205,61,100,#63BEFF
206,61,100,#63BCFF
207,61,100,#63B9FF
208,61,100,#63B6FF
209,61,100,#63B4FF
210,61,100,#63B1FF
211,61,100,#63AFFF
212,61,100,#63ACFF
213,61,100,#63A9FF
214,61,100,#63A7FF
215,61,100,#63A4FF
216,61,100,#63A2FF
217,61,100,#639FFF
218,61,100,#639CFF
219,61,100,#639AFF
220,61,100,#6397FF
221,61,100,#6395FF
222,61,100,#6392FF
223,61,100,#6390FF
224,61,100,#638DFF
225,61,100,#638AFF
226,61,100,#6388FF
227,61,100,#6385FF
228,61,100,#6383FF
229,61,100,#6380FF
230,61,100,#637DFF
231,61,100,#637BFF
232,61,100,#6378FF
233,61,100,#6376FF
234,61,100,#6373FF
235,61,100,#6370FF
236,61,100,#636EFF
237,61,100,#636BFF
238,61,100,#6369FF
239,61,100,#6366FF
240,61,100,#6363FF
241,61,100,#6663FF
242,61,100,#6963FF
243,61,100,#6B63FF
244,61,100,#6E63FF
245,61,100,#7063FF
246,61,100,#7363FF
247,61,100,#7663FF
248,61,100,#7863FF
249,61,100,#7B63FF
250,61,100,#7D63FF
251,61,100,#8063FF
252,61,100,#8363FF
253,61,100,#8563FF
254,61,100,#8863FF
255,61,100,#8A63FF
256,61,100,#8D63FF
257,61,100,#9063FF
258,61,100,#9263FF
259,61,100,#9563FF
260,61,100,#9763FF
261,61,100,#9A63FF
262,61,100,#9C63FF
263,61,100,#9F63FF
264,61,100,#A263FF
265,61,100,#A463FF
266,61,100,#A763FF
267,61,100,#A963FF
268,61,100,#AC63FF
269,61,100,#AF63FF
270,61,100,#B163FF
271,61,100,#B463FF
272,61,100,#B663FF
273,61,100,#B963FF
274,61,100,#BC63FF
275,61,100,#BE63FF
276,61,100,#C163FF
277,61,100,#C363FF
278,61,100,#C663FF
279,61,100,#C963FF
280,61,100,#CB63FF
281,61,100,#CE63FF
282,61,100,#D063FF
283,61,100,#D363FF
284,61,100,#D663FF
285,61,100,#D863FF
286,61,100,#DB63FF
287,61,100,#DD63FF
288,61,100,#E063FF
289,61,100,#E263FF
290,61,100,#E563FF
291,61,100,#E863FF
292,61,100,#EA63FF
293,61,100,#ED63FF
294,61,100,#EF63FF
295,61,100,#F263FF
296,61,100,#F563FF
297,61,100,#F763FF
298,61,100,#FA63FF
299,61,100,#FC63FF
300,61,100,#FF63FF
301,61,100,#FF63FC
302,61,100,#FF63FA
303,61,100,#FF63F7
304,61,100,#FF63F5
305,61,100,#FF63F2
306,61,100,#FF63EF
307,61,100,#FF63ED
308,61,100,#FF63EA
309,61,100,#FF63E8
310,61,100,#FF63E5
311,61,100,#FF63E2
312,61,100,#FF63E0
313,61,100,#FF63DD
314,61,100,#FF63DB
315,61,100,#FF63D8
316,61,100,#FF63D6
317,61,100,#FF63D3
318,61,100,#FF63D0
319,61,100,#FF63CE
320,61,100,#FF63CB
321,61,100,#FF63C9
322,61,100,#FF63C6
323,61,100,#FF63C3
324,61,100,#FF63C1
325,61,100,#FF63BE
326,61,100,#FF63BC
327,61,100,#FF63B9
328,61,100,#FF63B6
329,61,100,#FF63B4
330,61,100,#FF63B1
331,61,100,#FF63AF
332,61,100,#FF63AC
333,61,100,#FF63A9
334,61,100,#FF63A7
335,61,100,#FF63A4
336,61,100,#FF63A2
337,61,100,#FF639F
338,61,100,#FF639C
339,61,100,#FF639A
340,61,100,#FF6397
341,61,100,#FF6395
342,61,100,#FF6392
343,61,100,#FF6390
344,61,100,#FF638D
345,61,100,#FF638A
346,61,100,#FF6388
347,61,100,#FF6385
348,61,100,#FF6383
349,61,100,#FF6380
350,61,100,#FF637D
351,61,100,#FF637B
352,61,100,#FF6378
353,61,100,#FF6376
354,61,100,#FF6373
355,61,100,#FF6370
356,61,100,#FF636E
357,61,100,#FF636B
358,61,100,#FF6369
359,61,100,#FF6366
0,60,100,#FF6666
1,60,100,#FF6966
2,60,100,#FF6B66
3,60,100,#FF6E66
4,60,100,#FF7066
5,60,100,#FF7366
6,60,100,#FF7566
7,60,100,#FF7866
8,60,100,#FF7A66
9,60,100,#FF7D66
10,60,100,#FF8066
11,60,100,#FF8266
12,60,100,#FF8566
13,60,100,#FF8766
14,60,100,#FF8A66
15,60,100,#FF8C66
16,60,100,#FF8F66
17,60,100,#FF9166
18,60,100,#FF9466
19,60,100,#FF9666
20,60,100,#FF9966
21,60,100,#FF9C66
22,60,100,#FF9E66
23,60,100,#FFA166
24,60,100,#FFA366
25,60,100,#FFA666
26,60,100,#FFA866
27,60,100,#FFAB66
28,60,100,#FFAD66
29,60,100,#FFB066
30,60,100,#FFB366
31,60,100,#FFB566
32,60,100,#FFB866
33,60,100,#FFBA66
34,60,100,#FFBD66
35,60,100,#FFBF66
36,60,100,#FFC266
37,60,100,#FFC466
38,60,100,#FFC766
39,60,100,#FFC966
40,60,100,#FFCC66
41,60,100,#FFCF66
42,60,100,#FFD166
43,60,100,#FFD466
44,60,100,#FFD666
45,60,100,#FFD966
46,60,100,#FFDB66
47,60,100,#FFDE66
48,60,100,#FFE066
49,60,100,#FFE366
50,60,100,#FFE666
51,60,100,#FFE866
52,60,100,#FFEB66
53,60,100,#FFED66
54,60,100,#FFF066
55,60,100,#FFF266
56,60,100,#FFF566
57,60,100,#FFF766
58,60,100,#FFFA66
59,60,100,#FFFC66
60,60,100,#FFFF66
61,60,100,#FCFF66
62,60,100,#FAFF66
63,60,100,#F7FF66
64,60,100,#F5FF66
65,60,100,#F2FF66
66,60,100,#F0FF66
67,60,100,#EDFF66
68,60,100,#EBFF66
69,60,100,#E8FF66
70,60,100,#E5FF66
71,60,100,#E3FF66
72,60,100,#E0FF66
73,60,100,#DEFF66
74,60,100,#DBFF66
75,60,100,#D9FF66
76,60,100,#D6FF66
77,60,100,#D4FF66
78,60,100,#D1FF66
79,60,100,#CFFF66
80,60,100,#CCFF66
81,60,100,#C9FF66
82,60,100,#C7FF66
83,60,100,#C4FF66
84,60,100,#C2FF66
85,60,100,#BFFF66
86,60,100,#BDFF66
87,60,100,#BAFF66
88,60,100,#B8FF66
89,60,100,#B5FF66
90,60,100,#B3FF66
91,60,100,#B0FF66
92,60,100,#ADFF66
93,60,100,#ABFF66
94,60,100,#A8FF66
95,60,100,#A6FF66
96,60,100,#A3FF66
97,60,100,#A1FF66
98,60,100,#9EFF66
99,60,100,#9CFF66
100,60,100,#99FF66
101,60,100,#96FF66
102,60,100,#94FF66
103,60,100,#91FF66
104,60,100,#8FFF66
105,60,100,#8CFF66
106,60,100,#8AFF66
107,60,100,#87FF66
108,60,100,#85FF66
109,60,100,#82FF66
110,60,100,#7FFF66
111,60,100,#7DFF66
112,60,100,#7AFF66
113,60,100,#78FF66
114,60,100,#75FF66
115,60,100,#73FF66
116,60,100,#70FF66
117,60,100,#6EFF66
118,60,100,#6BFF66
119,60,100,#69FF66
120,60,100,#66FF66
121,60,100,#66FF69
122,60,100,#66FF6B
123,60,100,#66FF6E
124,60,100,#66FF70
125,60,100,#66FF73
126,60,100,#66FF75
127,60,100,#66FF78
128,60,100,#66FF7A
129,60,100,#66FF7D
130,60,100,#66FF7F
131,60,100,#66FF82
132,60,100,#66FF85
133,60,100,#66FF87
134,60,100,#66FF8A
135,60,100,#66FF8C
136,60,100,#66FF8F
137,60,100,#66FF91
138,60,100,#66FF94
139,60,100,#66FF96
140,60,100,#66FF99
141,60,100,#66FF9C
142,60,100,#66FF9E
143,60,100,#66FFA1
144,60,100,#66FFA3
145,60,100,#66FFA6
146,60,100,#66FFA8
147,60,100,#66FFAB
148,60,100,#66FFAD
149,60,100,#66FFB0
150,60,100,#66FFB3
151,60,100,#66FFB5
152,60,100,#66FFB8
153,60,100,#66FFBA
154,60,100,#66FFBD
155,60,100,#66FFBF
156,60,100,#66FFC2
157,60,100,#66FFC4
158,60,100,#66FFC7
159,60,100,#66FFC9
160,60,100,#66FFCC
161,60,100,#66FFCF
162,60,100,#66FFD1
163,60,100,#66FFD4
164,60,100,#66FFD6
165,60,100,#66FFD9
166,60,100,#66FFDB
167,60,100,#66FFDE
168,60,100,#66FFE0
169,60,100,#66FFE3
170,60,100,#66FFE5
171,60,100,#66FFE8
172,60,100,#66FFEB
173,60,100,#66FFED
174,60,100,#66FFF0
175,60,100,#66FFF2
176,60,100,#66FFF5
177,60,100,#66FFF7
178,60,100,#66FFFA
179,60,100,#66FFFC
180,60,100,#66FFFF
181,60,100,#66FCFF
182,60,100,#66FAFF
183,60,100,#66F7FF
184,60,100,#66F5FF
185,60,100,#66F2FF
186,60,100,#66F0FF
187,60,100,#66EDFF
188,60,100,#66EBFF
189,60,100,#66E8FF
190,60,100,#66E5FF
191,60,100,#66E3FF
192,60,100,#66E0FF
193,60,100,#66DEFF
194,60,100,#66DBFF
195,60,100,#66D9FF
196,60,100,#66D6FF
197,60,100,#66D4FF
198,60,100,#66D1FF
199,60,100,#66CFFF
200,60,100,#66CCFF
201,60,100,#66C9FF
202,60,100,#66C7FF
203,60,100,#66C4FF
204,60,100,#66C2FF
205,60,100,#66BFFF
206,60,100,#66BDFF
207,60,100,#66BAFF
208,60,100,#66B8FF
209,60,100,#66B5FF
210,60,100,#66B3FF
211,60,100,#66B0FF
212,60,100,#66ADFF
213,60,100,#66ABFF
214,60,100,#66A8FF
215,60,100,#66A6FF
216,60,100,#66A3FF
217,60,100,#66A1FF
218,60,100,#669EFF
219,60,100,#669CFF
220,60,100,#6699FF
221,60,100,#6696FF
222,60,100,#6694FF
223,60,100,#6691FF
224,60,100,#668FFF
225,60,100,#668CFF
226,60,100,#668AFF
227,60,100,#6687FF
228,60,100,#6685FF
229,60,100,#6682FF
230,60,100,#6680FF
231,60,100,#667DFF
232,60,100,#667AFF
233,60,100,#6678FF
234,60,100,#6675FF
235,60,100,#6673FF
236,60,100,#6670FF
237,60,100,#666EFF
238,60,100,#666BFF
239,60,100,#6669FF
240,60,100,#6666FF
241,60,100,#6966FF
242,60,100,#6B66FF
243,60,100,#6E66FF
244,60,100,#7066FF
245,60,100,#7366FF
246,60,100,#7566FF
247,60,100,#7866FF
248,60,100,#7A66FF
249,60,100,#7D66FF
250,60,100,#7F66FF
251,60,100,#8266FF
252,60,100,#8566FF
253,60,100,#8766FF
254,60,100,#8A66FF
255,60,100,#8C66FF
256,60,100,#8F66FF
257,60,100,#9166FF
258,60,100,#9466FF
259,60,100,#9666FF
260,60,100,#9966FF
261,60,100,#9C66FF
262,60,100,#9E66FF
263,60,100,#A166FF
264,60,100,#A366FF
265,60,100,#A666FF
266,60,100,#A866FF
267,60,100,#AB66FF
268,60,100,#AD66FF
269,60,100,#B066FF
270,60,100,#B366FF
271,60,100,#B566FF
272,60,100,#B866FF
273,60,100,#BA66FF
274,60,100,#BD66FF
275,60,100,#BF66FF
276,60,100,#C266FF
277,60,100,#C466FF
278,60,100,#C766FF
279,60,100,#C966FF
280,60,100,#CC66FF
281,60,100,#CF66FF
282,60,100,#D166FF
283,60,100,#D466FF
284,60,100,#D666FF
285,60,100,#D966FF
286,60,100,#DB66FF
287,60,100,#DE66FF
288,60,100,#E066FF
289,60,100,#E366FF
290,60,100,#E666FF
291,60,100,#E866FF
292,60,100,#EB66FF
293,60,100,#ED66FF
294,60,100,#F066FF
295,60,100,#F266FF
296,60,100,#F566FF
297,60,100,#F766FF
298,60,100,#FA66FF
299,60,100,#FC66FF
300,60,100,#FF66FF
301,60,100,#FF66FC
302,60,100,#FF66FA
303,60,100,#FF66F7
304,60,100,#FF66F5
305,60,100,#FF66F2
306,60,100,#FF66F0
307,60,100,#FF66ED
308,60,100,#FF66EB
309,60,100,#FF66E8
310,60,100,#FF66E5
311,60,100,#FF66E3
312,60,100,#FF66E0
313,60,100,#FF66DE
314,60,100,#FF66DB
315,60,100,#FF66D9
316,60,100,#FF66D6
317,60,100,#FF66D4
318,60,100,#FF66D1
319,60,100,#FF66CF
320,60,100,#FF66CC
321,60,100,#FF66C9
322,60,100,#FF66C7
323,60,100,#FF66C4
324,60,100,#FF66C2
325,60,100,#FF66BF
326,60,100,#FF66BD
327,60,100,#FF66BA
328,60,100,#FF66B8
329,60,100,#FF66B5
330,60,100,#FF66B3
331,60,100,#FF66B0
332,60,100,#FF66AD
333,60,100,#FF66AB
334,60,100,#FF66A8
335,60,100,#FF66A6
336,60,100,#FF66A3
337,60,100,#FF66A1
338,60,100,#FF669E
339,60,100,#FF669C
340,60,100,#FF6699
341,60,100,#FF6696
342,60,100,#FF6694
343,60,100,#FF6691
344,60,100,#FF668F
345,60,100,#FF668C
346,60,100,#FF668A
347,60,100,#FF6687
348,60,100,#FF6685
349,60,100,#FF6682
350,60,100,#FF6680
351,60,100,#FF667D
352,60,100,#FF667A
353,60,100,#FF6678
354,60,100,#FF6675
355,60,100,#FF6673
356,60,100,#FF6670
357,60,100,#FF666E
358,60,100,#FF666B
359,60,100,#FF6669
0,59,100,#FF6969
1,59,100,#FF6B69
2,59,100,#FF6E69
3,59,100,#FF7069
4,59,100,#FF7369
5,59,100,#FF7569
6,59,100,#FF7869
7,59,100,#FF7A69
8,59,100,#FF7D69
9,59,100,#FF7F69
10,59,100,#FF8269
11,59,100,#FF8469
12,59,100,#FF8769
13,59,100,#FF8969
14,59,100,#FF8C69
15,59,100,#FF8E69
16,59,100,#FF9169
17,59,100,#FF9369
18,59,100,#FF9669
19,59,100,#FF9869
20,59,100,#FF9B69
21,59,100,#FF9D69
22,59,100,#FFA069
23,59,100,#FFA269
24,59,100,#FFA569
25,59,100,#FFA769
26,59,100,#FFAA69
27,59,100,#FFAC69
28,59,100,#FFAF69
29,59,100,#FFB169
30,59,100,#FFB469
31,59,100,#FFB669
32,59,100,#FFB969
33,59,100,#FFBB69
34,59,100,#FFBE69
35,59,100,#FFC069
36,59,100,#FFC369
37,59,100,#FFC569
38,59,100,#FFC869
39,59,100,#FFCA69
40,59,100,#FFCD69
41,59,100,#FFCF69
42,59,100,#FFD269
43,59,100,#FFD469
44,59,100,#FFD769
45,59,100,#FFD969
46,59,100,#FFDC69
47,59,100,#FFDE69
48,59,100,#FFE169
49,59,100,#FFE369
50,59,100,#FFE669
51,59,100,#FFE869
52,59,100,#FFEB69
53,59,100,#FFED69
54,59,100,#FFF069
55,59,100,#FFF269
56,59,100,#FFF569
57,59,100,#FFF769
58,59,100,#FFFA69
59,59,100,#FFFC69
60,59,100,#FFFF69
61,59,100,#FCFF69
62,59,100,#FAFF69
63,59,100,#F7FF69
64,59,100,#F5FF69
65,59,100,#F2FF69
66,59,100,#F0FF69
67,59,100,#EDFF69
68,59,100,#EBFF69
69,59,100,#E8FF69
70,59,100,#E6FF69
71,59,100,#E3FF69
72,59,100,#E1FF69
73,59,100,#DEFF69
74,59,100,#DCFF69
75,59,100,#D9FF69
76,59,100,#D7FF69
77,59,100,#D4FF69
78,59,100,#D2FF69
79,59,100,#CFFF69
80,59,100,#CDFF69
81,59,100,#CAFF69
82,59,100,#C8FF69
83,59,100,#C5FF69
84,59,100,#C3FF69
85,59,100,#C0FF69
86,59,100,#BEFF69
87,59,100,#BBFF69
88,59,100,#B9FF69
89,59,100,#B6FF69
90,59,100,#B4FF69
91,59,100,#B1FF69
92,59,100,#AFFF69
93,59,100,#ACFF69
94,59,100,#AAFF69
95,59,100,#A7FF69
96,59,100,#A5FF69
97,59,100,#A2FF69
98,59,100,#A0FF69
99,59,100,#9DFF69
100,59,100,#9BFF69
101,59,100,#98FF69
102,59,100,#96FF69
103,59,100,#93FF69
104,59,100,#91FF69
105,59,100,#8EFF69
106,59,100,#8CFF69
107,59,100,#89FF69
108,59,100,#87FF69
109,59,100,#84FF69
110,59,100,#82FF69
111,59,100,#7FFF69
112,59,100,#7DFF69
113,59,100,#7AFF69
114,59,100,#78FF69
115,59,100,#75FF69
116,59,100,#73FF69
117,59,100,#70FF69
118,59,100,#6EFF69
119,59,100,#6BFF69
120,59,100,#69FF69
121,59,100,#69FF6B
122,59,100,#69FF6E
123,59,100,#69FF70
124,59,100,#69FF73
125,59,100,#69FF75
126,59,100,#69FF78
127,59,100,#69FF7A
128,59,100,#69FF7D
129,59,100,#69FF7F
130,59,100,#69FF82
131,59,100,#69FF84
132,59,100,#69FF87
133,59,100,#69FF89
134,59,100,#69FF8C
135,59,100,#69FF8E
136,59,100,#69FF91
137,59,100,#69FF93
138,59,100,#69FF96
139,59,100,#69FF98
140,59,100,#69FF9B
141,59,100,#69FF9D
142,59,100,#69FFA0
143,59,100,#69FFA2
144,59,100,#69FFA5
145,59,100,#69FFA7
146,59,100,#69FFAA
147,59,100,#69FFAC
148,59,100,#69FFAF
149,59,100,#69FFB1
150,59,100,#69FFB4
151,59,100,#69FFB6
152,59,100,#69FFB9
153,59,100,#69FFBB
154,59,100,#69FFBE
155,59,100,#69FFC0
156,59,100,#69FFC3
157,59,100,#69FFC5
158,59,100,#69FFC8
159,59,100,#69FFCA
160,59,100,#69FFCD
161,59,100,#69FFCF
162,59,100,#69FFD2
163,59,100,#69FFD4
164,59,100,#69FFD7
165,59,100,#69FFD9
166,59,100,#69FFDC
167,59,100,#69FFDE
168,59,100,#69FFE1
169,59,100,#69FFE3
170,59,100,#69FFE6
171,59,100,#69FFE8
172,59,100,#69FFEB
173,59,100,#69FFED
174,59,100,#69FFF0
175,59,100,#69FFF2
176,59,100,#69FFF5
177,59,100,#69FFF7
178,59,100,#69FFFA
179,59,100,#69FFFC
180,59,100,#69FFFF
181,59,100,#69FCFF
182,59,100,#69FAFF
183,59,100,#69F7FF
184,59,100,#69F5FF
185,59,100,#69F2FF
186,59,100,#69F0FF
187,59,100,#69EDFF
188,59,100,#69EBFF
189,59,100,#69E8FF
190,59,100,#69E6FF
191,59,100,#69E3FF
192,59,100,#69E1FF
193,59,100,#69DEFF
194,59,100,#69DCFF
195,59,100,#69D9FF
196,59,100,#69D7FF
197,59,100,#69D4FF
198,59,100,#69D2FF
199,59,100,#69CFFF
200,59,100,#69CDFF
201,59,100,#69CAFF
202,59,100,#69C8FF
203,59,100,#69C5FF
204,59,100,#69C3FF
205,59,100,#69C0FF
206,59,100,#69BEFF
207,59,100,#69BBFF
208,59,100,#69B9FF
209,59,100,#69B6FF
210,59,100,#69B4FF
211,59,100,#69B1FF
212,59,100,#69AFFF
213,59,100,#69ACFF
214,59,100,#69AAFF
215,59,100,#69A7FF
216,59,100,#69A5FF
217,59,100,#69A2FF
218,59,100,#69A0FF
219,59,100,#699DFF
220,59,100,#699BFF
221,59,100,#6998FF
222,59,100,#6996FF
223,59,100,#6993FF
224,59,100,#6991FF
225,59,100,#698EFF
226,59,100,#698CFF
227,59,100,#6989FF
228,59,100,#6987FF
229,59,100,#6984FF
230,59,100,#6982FF
231,59,100,#697FFF
232,59,100,#697DFF
233,59,100,#697AFF
234,59,100,#6978FF
235,59,100,#6975FF
236,59,100,#6973FF
237,59,100,#6970FF
238,59,100,#696EFF
239,59,100,#696BFF
240,59,100,#6969FF
241,59,100,#6B69FF
242,59,100,#6E69FF
243,59,100,#7069FF
244,59,100,#7369FF
245,59,100,#7569FF
246,59,100,#7869FF
247,59,100,#7A69FF
248,59,100,#7D69FF
249,59,100,#7F69FF
250,59,100,#8269FF
251,59,100,#8469FF
252,59,100,#8769FF
253,59,100,#8969FF
254,59,100,#8C69FF
255,59,100,#8E69FF
256,59,100,#9169FF
257,59,100,#9369FF
258,59,100,#9669FF
259,59,100,#9869FF
260,59,100,#9B69FF
261,59,100,#9D69FF
262,59,100,#A069FF
263,59,100,#A269FF
264,59,100,#A569FF
265,59,100,#A769FF
266,59,100,#AA69FF
267,59,100,#AC69FF
268,59,100,#AF69FF
269,59,100,#B169FF
270,59,100,#B469FF
271,59,100,#B669FF
272,59,100,#B969FF
273,59,100,#BB69FF
274,59,100,#BE69FF
275,59,100,#C069FF
276,59,100,#C369FF
277,59,100,#C569FF
278,59,100,#C869FF
279,59,100,#CA69FF
280,59,100,#CD69FF
281,59,100,#CF69FF
282,59,100,#D269FF
283,59,100,#D469FF
284,59,100,#D769FF
285,59,100,#D969FF
286,59,100,#DC69FF
287,59,100,#DE69FF
288,59,100,#E169FF
289,59,100,#E369FF
290,59,100,#E669FF
291,59,100,#E869FF
292,59,100,#EB69FF
293,59,100,#ED69FF
294,59,100,#F069FF
295,59,100,#F269FF
296,59,100,#F569FF
297,59,100,#F769FF
298,59,100,#FA69FF
299,59,100,#FC69FF
300,59,100,#FF69FF
301,59,100,#FF69FC
302,59,100,#FF69FA
303,59,100,#FF69F7
304,59,100,#FF69F5
305,59,100,#FF69F2
306,59,100,#FF69F0
307,59,100,#FF69ED
308,59,100,#FF69EB
309,59,100,#FF69E8
310,59,100,#FF69E6
311,59,100,#FF69E3
312,59,100,#FF69E1
313,59,100,#FF69DE
314,59,100,#FF69DC
315,59,100,#FF69D9
316,59,100,#FF69D7
317,59,100,#FF69D4
318,59,100,#FF69D2
319,59,100,#FF69CF
320,59,100,#FF69CD
321,59,100,#FF69CA
322,59,100,#FF69C8
323,59,100,#FF69C5
324,59,100,#FF69C3
325,59,100,#FF69C0
326,59,100,#FF69BE
327,59,100,#FF69BB
328,59,100,#FF69B9
329,59,100,#FF69B6
330,59,100,#FF69B4
331,59,100,#FF69B1
332,59,100,#FF69AF
333,59,100,#FF69AC
334,59,100,#FF69AA
335,59,100,#FF69A7
336,59,100,#FF69A5
337,59,100,#FF69A2
338,59,100,#FF69A0
339,59,100,#FF699D
340,59,100,#FF699B
341,59,100,#FF6998
342,59,100,#FF6996
343,59,100,#FF6993
344,59,100,#FF6991
345,59,100,#FF698E
346,59,100,#FF698C
347,59,100,#FF6989
348,59,100,#FF6987
349,59,100,#FF6984
350,59,100,#FF6982
351,59,100,#FF697F
352,59,100,#FF697D
353,59,100,#FF697A
354,59,100,#FF6978
355,59,100,#FF6975
356,59,100,#FF6973
357,59,100,#FF6970
358,59,100,#FF696E
359,59,100,#FF696B
0,58,100,#FF6B6B
1,58,100,#FF6E6B
2,58,100,#FF706B
3,58,100,#FF726B
4,58,100,#FF756B
5,58,100,#FF776B
6,58,100,#FF7A6B
7,58,100,#FF7C6B
8,58,100,#FF7F6B
9,58,100,#FF816B
10,58,100,#FF846B
11,58,100,#FF866B
12,58,100,#FF896B
13,58,100,#FF8B6B
14,58,100,#FF8E6B
15,58,100,#FF906B
16,58,100,#FF936B
17,58,100,#FF956B
18,58,100,#FF976B
19,58,100,#FF9A6B
20,58,100,#FF9C6B
21,58,100,#FF9F6B
22,58,100,#FFA16B
23,58,100,#FFA46B
24,58,100,#FFA66B
25,58,100,#FFA96B
26,58,100,#FFAB6B
27,58,100,#FFAE6B
28,58,100,#FFB06B
29,58,100,#FFB36B
30,58,100,#FFB56B
31,58,100,#FFB86B
32,58,100,#FFBA6B
33,58,100,#FFBC6B
34,58,100,#FFBF6B
35,58,100,#FFC16B
36,58,100,#FFC46B
37,58,100,#FFC66B
38,58,100,#FFC96B
39,58,100,#FFCB6B
40,58,100,#FFCE6B
41,58,100,#FFD06B
42,58,100,#FFD36B
43,58,100,#FFD56B
44,58,100,#FFD86B
45,58,100,#FFDA6B
46,58,100,#FFDC6B
47,58,100,#FFDF6B
48,58,100,#FFE16B
49,58,100,#FFE46B
50,58,100,#FFE66B
51,58,100,#FFE96B
52,58,100,#FFEB6B
53,58,100,#FFEE6B
54,58,100,#FFF06B
55,58,100,#FFF36B
56,58,100,#FFF56B
57,58,100,#FFF86B
58,58,100,#FFFA6B
59,58,100,#FFFD6B
60,58,100,#FFFF6B
61,58,100,#FDFF6B
62,58,100,#FAFF6B
63,58,100,#F8FF6B
64,58,100,#F5FF6B
65,58,100,#F3FF6B
66,58,100,#F0FF6B
67,58,100,#EEFF6B
68,58,100,#EBFF6B
69,58,100,#E9FF6B
70,58,100,#E6FF6B
71,58,100,#E4FF6B
72,58,100,#E1FF6B
73,58,100,#DFFF6B
74,58,100,#DCFF6B
75,58,100,#DAFF6B
76,58,100,#D8FF6B
77,58,100,#D5FF6B
78,58,100,#D3FF6B
79,58,100,#D0FF6B
80,58,100,#CEFF6B
81,58,100,#CBFF6B
82,58,100,#C9FF6B
83,58,100,#C6FF6B
84,58,100,#C4FF6B
85,58,100,#C1FF6B
86,58,100,#BFFF6B
87,58,100,#BCFF6B
88,58,100,#BAFF6B
89,58,100,#B8FF6B
90,58,100,#B5FF6B
91,58,100,#B3FF6B
92,58,100,#B0FF6B
93,58,100,#AEFF6B
94,58,100,#ABFF6B
95,58,100,#A9FF6B
96,58,100,#A6FF6B
97,58,100,#A4FF6B
98,58,100,#A1FF6B
99,58,100,#9FFF6B
100,58,100,#9CFF6B
101,58,100,#9AFF6B
102,58,100,#97FF6B
103,58,100,#95FF6B
104,58,100,#93FF6B
105,58,100,#90FF6B
106,58,100,#8EFF6B
107,58,100,#8BFF6B
108,58,100,#89FF6B
109,58,100,#86FF6B
110,58,100,#84FF6B
111,58,100,#81FF6B
112,58,100,#7FFF6B
113,58,100,#7CFF6B
114,58,100,#7AFF6B
115,58,100,#77FF6B
116,58,100,#75FF6B
117,58,100,#72FF6B
118,58,100,#70FF6B
119,58,100,#6EFF6B
120,58,100,#6BFF6B
121,58,100,#6BFF6E
122,58,100,#6BFF70
123,58,100,#6BFF72
124,58,100,#6BFF75
125,58,100,#6BFF77
126,58,100,#6BFF7A
127,58,100,#6BFF7C
128,58,100,#6BFF7F
129,58,100,#6BFF81
130,58,100,#6BFF84
131,58,100,#6BFF86
132,58,100,#6BFF89
133,58,100,#6BFF8B
134,58,100,#6BFF8E
135,58,100,#6BFF90
136,58,100,#6BFF93
137,58,100,#6BFF95
138,58,100,#6BFF97
139,58,100,#6BFF9A
140,58,100,#6BFF9C
141,58,100,#6BFF9F
142,58,100,#6BFFA1
143,58,100,#6BFFA4
144,58,100,#6BFFA6
145,58,100,#6BFFA9
146,58,100,#6BFFAB
147,58,100,#6BFFAE
148,58,100,#6BFFB0
149,58,100,#6BFFB3
150,58,100,#6BFFB5
151,58,100,#6BFFB8
152,58,100,#6BFFBA
153,58,100,#6BFFBC
154,58,100,#6BFFBF
155,58,100,#6BFFC1
156,58,100,#6BFFC4
157,58,100,#6BFFC6
158,58,100,#6BFFC9
159,58,100,#6BFFCB
160,58,100,#6BFFCE
161,58,100,#6BFFD0
162,58,100,#6BFFD3
163,58,100,#6BFFD5
164,58,100,#6BFFD8
165,58,100,#6BFFDA
166,58,100,#6BFFDC
167,58,100,#6BFFDF
168,58,100,#6BFFE1
169,58,100,#6BFFE4
170,58,100,#6BFFE6
171,58,100,#6BFFE9
172,58,100,#6BFFEB
173,58,100,#6BFFEE
174,58,100,#6BFFF0
175,58,100,#6BFFF3
176,58,100,#6BFFF5
177,58,100,#6BFFF8
178,58,100,#6BFFFA
179,58,100,#6BFFFD
180,58,100,#6BFFFF
181,58,100,#6BFDFF
182,58,100,#6BFAFF
183,58,100,#6BF8FF
184,58,100,#6BF5FF
185,58,100,#6BF3FF
186,58,100,#6BF0FF
187,58,100,#6BEEFF
188,58,100,#6BEBFF
189,58,100,#6BE9FF
190,58,100,#6BE6FF
191,58,100,#6BE4FF
192,58,100,#6BE1FF
193,58,100,#6BDFFF
194,58,100,#6BDCFF
195,58,100,#6BDAFF
196,58,100,#6BD8FF
197,58,100,#6BD5FF
198,58,100,#6BD3FF
199,58,100,#6BD0FF
200,58,100,#6BCEFF
201,58,100,#6BCBFF
202,58,100,#6BC9FF
203,58,100,#6BC6FF
204,58,100,#6BC4FF
205,58,100,#6BC1FF
206,58,100,#6BBFFF
207,58,100,#6BBCFF
208,58,100,#6BBAFF
209,58,100,#6BB8FF
210,58,100,#6BB5FF
211,58,100,#6BB3FF
212,58,100,#6BB0FF
213,58,100,#6BAEFF
214,58,100,#6BABFF
215,58,100,#6BA9FF
216,58,100,#6BA6FF
217,58,100,#6BA4FF
218,58,100,#6BA1FF
219,58,100,#6B9FFF
220,58,100,#6B9CFF
221,58,100,#6B9AFF
222,58,100,#6B97FF
223,58,100,#6B95FF
224,58,100,#6B93FF
225,58,100,#6B90FF
226,58,100,#6B8EFF
227,58,100,#6B8BFF
228,58,100,#6B89FF
229,58,100,#6B86FF
230,58,100,#6B84FF
231,58,100,#6B81FF
232,58,100,#6B7FFF
233,58,100,#6B7CFF
234,58,100,#6B7AFF
235,58,100,#6B77FF
236,58,100,#6B75FF
237,58,100,#6B72FF
238,58,100,#6B70FF
239,58,100,#6B6EFF
240,58,100,#6B6BFF
241,58,100,#6E6BFF
242,58,100,#706BFF
243,58,100,#726BFF
244,58,100,#756BFF
245,58,100,#776BFF
246,58,100,#7A6BFF
247,58,100,#7C6BFF
248,58,100,#7F6BFF
249,58,100,#816BFF
250,58,100,#846BFF
251,58,100,#866BFF
252,58,100,#896BFF
253,58,100,#8B6BFF
254,58,100,#8E6BFF
255,58,100,#906BFF
256,58,100,#936BFF
257,58,100,#956BFF
258,58,100,#976BFF
259,58,100,#9A6BFF
260,58,100,#9C6BFF
261,58,100,#9F6BFF
262,58,100,#A16BFF
263,58,100,#A46BFF
264,58,100,#A66BFF
265,58,100,#A96BFF
266,58,100,#AB6BFF
267,58,100,#AE6BFF
268,58,100,#B06BFF
269,58,100,#B36BFF
270,58,100,#B56BFF
271,58,100,#B86BFF
272,58,100,#BA6BFF
273,58,100,#BC6BFF
274,58,100,#BF6BFF
275,58,100,#C16BFF
276,58,100,#C46BFF
277,58,100,#C66BFF
278,58,100,#C96BFF
279,58,100,#CB6BFF
280,58,100,#CE6BFF
281,58,100,#D06BFF
282,58,100,#D36BFF
283,58,100,#D56BFF
284,58,100,#D86BFF
285,58,100,#DA6BFF
286,58,100,#DC6BFF
287,58,100,#DF6BFF
288,58,100,#E16BFF
289,58,100,#E46BFF
290,58,100,#E66BFF
291,58,100,#E96BFF
292,58,100,#EB6BFF
293,58,100,#EE6BFF
294,58,100,#F06BFF
295,58,100,#F36BFF
296,58,100,#F56BFF
297,58,100,#F86BFF
298,58,100,#FA6BFF
299,58,100,#FD6BFF
300,58,100,#FF6BFF
301,58,100,#FF6BFD
302,58,100,#FF6BFA
303,58,100,#FF6BF8
304,58,100,#FF6BF5
305,58,100,#FF6BF3
306,58,100,#FF6BF0
307,58,100,#FF6BEE
308,58,100,#FF6BEB
309,58,100,#FF6BE9
310,58,100,#FF6BE6
311,58,100,#FF6BE4
312,58,100,#FF6BE1
313,58,100,#FF6BDF
314,58,100,#FF6BDC
315,58,100,#FF6BDA
316,58,100,#FF6BD8
317,58,100,#FF6BD5
318,58,100,#FF6BD3
319,58,100,#FF6BD0
320,58,100,#FF6BCE
321,58,100,#FF6BCB
322,58,100,#FF6BC9
323,58,100,#FF6BC6
324,58,100,#FF6BC4
325,58,100,#FF6BC1
326,58,100,#FF6BBF
327,58,100,#FF6BBC
328,58,100,#FF6BBA
329,58,100,#FF6BB8
330,58,100,#FF6BB5
331,58,100,#FF6BB3
332,58,100,#FF6BB0
333,58,100,#FF6BAE
334,58,100,#FF6BAB
335,58,100,#FF6BA9
336,58,100,#FF6BA6
337,58,100,#FF6BA4
338,58,100,#FF6BA1
339,58,100,#FF6B9F
340,58,100,#FF6B9C
341,58,100,#FF6B9A
342,58,100,#FF6B97
343,58,100,#FF6B95
344,58,100,#FF6B93
345,58,100,#FF6B90
346,58,100,#FF6B8E
347,58,100,#FF6B8B
348,58,100,#FF6B89
349,58,100,#FF6B86
350,58,100,#FF6B84
351,58,100,#FF6B81
352,58,100,#FF6B7F
353,58,100,#FF6B7C
354,58,100,#FF6B7A
355,58,100,#FF6B77
356,58,100,#FF6B75
357,58,100,#FF6B72
358,58,100,#FF6B70
359,58,100,#FF6B6E
0,57,100,#FF6E6E
1,57,100,#FF706E
2,57,100,#FF726E
3,57,100,#FF756E
4,57,100,#FF776E
5,57,100,#FF7A6E
6,57,100,#FF7C6E
7,57,100,#FF7F6E
8,57,100,#FF816E
9,57,100,#FF836E
10,57,100,#FF866E
11,57,100,#FF886E
12,57,100,#FF8B6E
13,57,100,#FF8D6E
14,57,100,#FF906E
15,57,100,#FF926E
16,57,100,#FF946E
17,57,100,#FF976E
18,57,100,#FF996E
19,57,100,#FF9C6E
20,57,100,#FF9E6E
21,57,100,#FFA16E
22,57,100,#FFA36E
23,57,100,#FFA56E
24,57,100,#FFA86E
25,57,100,#FFAA6E
26,57,100,#FFAD6E
27,57,100,#FFAF6E
28,57,100,#FFB16E
29,57,100,#FFB46E
30,57,100,#FFB66E
31,57,100,#FFB96E
32,57,100,#FFBB6E
33,57,100,#FFBE6E
34,57,100,#FFC06E
35,57,100,#FFC26E
36,57,100,#FFC56E
37,57,100,#FFC76E
38,57,100,#FFCA6E
39,57,100,#FFCC6E
40,57,100,#FFCF6E
41,57,100,#FFD16E
42,57,100,#FFD36E
43,57,100,#FFD66E
44,57,100,#FFD86E
45,57,100,#FFDB6E
46,57,100,#FFDD6E
47,57,100,#FFE06E
48,57,100,#FFE26E
49,57,100,#FFE46E
50,57,100,#FFE76E
51,57,100,#FFE96E
52,57,100,#FFEC6E
53,57,100,#FFEE6E
54,57,100,#FFF06E
55,57,100,#FFF36E
56,57,100,#FFF56E
57,57,100,#FFF86E
58,57,100,#FFFA6E
59,57,100,#FFFD6E
60,57,100,#FFFF6E
61,57,100,#FDFF6E
62,57,100,#FAFF6E
63,57,100,#F8FF6E
64,57,100,#F5FF6E
65,57,100,#F3FF6E
66,57,100,#F0FF6E
67,57,100,#EEFF6E
68,57,100,#ECFF6E
69,57,100,#E9FF6E
70,57,100,#E7FF6E
71,57,100,#E4FF6E
72,57,100,#E2FF6E
73,57,100,#E0FF6E
74,57,100,#DDFF6E
75,57,100,#DBFF6E
76,57,100,#D8FF6E
77,57,100,#D6FF6E
78,57,100,#D3FF6E
79,57,100,#D1FF6E
80,57,100,#CFFF6E
81,57,100,#CCFF6E
82,57,100,#CAFF6E
83,57,100,#C7FF6E
84,57,100,#C5FF6E
85,57,100,#C2FF6E
86,57,100,#C0FF6E
87,57,100,#BEFF6E
88,57,100,#BBFF6E
89,57,100,#B9FF6E
90,57,100,#B6FF6E
91,57,100,#B4FF6E
92,57,100,#B1FF6E
93,57,100,#AFFF6E
94,57,100,#ADFF6E
95,57,100,#AAFF6E
96,57,100,#A8FF6E
97,57,100,#A5FF6E
98,57,100,#A3FF6E
99,57,100,#A1FF6E
100,57,100,#9EFF6E
101,57,100,#9CFF6E
102,57,100,#99FF6E
103,57,100,#97FF6E
104,57,100,#94FF6E
105,57,100,#92FF6E
106,57,100,#90FF6E
107,57,100,#8DFF6E
108,57,100,#8BFF6E
109,57,100,#88FF6E
110,57,100,#86FF6E
111,57,100,#83FF6E
112,57,100,#81FF6E
113,57,100,#7FFF6E
114,57,100,#7CFF6E
115,57,100,#7AFF6E
116,57,100,#77FF6E
117,57,100,#75FF6E
118,57,100,#72FF6E
119,57,100,#70FF6E
120,57,100,#6EFF6E
121,57,100,#6EFF70
122,57,100,#6EFF72
123,57,100,#6EFF75
124,57,100,#6EFF77
125,57,100,#6EFF7A
126,57,100,#6EFF7C
127,57,100,#6EFF7F
128,57,100,#6EFF81
129,57,100,#6EFF83
130,57,100,#6EFF86
131,57,100,#6EFF88
132,57,100,#6EFF8B
133,57,100,#6EFF8D
134,57,100,#6EFF90
135,57,100,#6EFF92
136,57,100,#6EFF94
137,57,100,#6EFF97
138,57,100,#6EFF99
139,57,100,#6EFF9C
140,57,100,#6EFF9E
141,57,100,#6EFFA1
142,57,100,#6EFFA3
143,57,100,#6EFFA5
144,57,100,#6EFFA8
145,57,100,#6EFFAA
146,57,100,#6EFFAD
147,57,100,#6EFFAF
148,57,100,#6EFFB1
149,57,100,#6EFFB4
150,57,100,#6EFFB6
151,57,100,#6EFFB9
152,57,100,#6EFFBB
153,57,100,#6EFFBE
154,57,100,#6EFFC0
155,57,100,#6EFFC2
156,57,100,#6EFFC5
157,57,100,#6EFFC7
158,57,100,#6EFFCA
159,57,100,#6EFFCC
160,57,100,#6EFFCF
161,57,100,#6EFFD1
162,57,100,#6EFFD3
163,57,100,#6EFFD6
164,57,100,#6EFFD8
165,57,100,#6EFFDB
166,57,100,#6EFFDD
167,57,100,#6EFFE0
168,57,100,#6EFFE2
169,57,100,#6EFFE4
170,57,100,#6EFFE7
171,57,100,#6EFFE9
172,57,100,#6EFFEC
173,57,100,#6EFFEE
174,57,100,#6EFFF0
175,57,100,#6EFFF3
176,57,100,#6EFFF5
177,57,100,#6EFFF8
178,57,100,#6EFFFA
179,57,100,#6EFFFD
180,57,100,#6EFFFF
181,57,100,#6EFDFF
182,57,100,#6EFAFF
183,57,100,#6EF8FF
184,57,100,#6EF5FF
185,57,100,#6EF3FF
186,57,100,#6EF0FF
187,57,100,#6EEEFF
188,57,100,#6EECFF
189,57,100,#6EE9FF
190,57,100,#6EE7FF
191,57,100,#6EE4FF
192,57,100,#6EE2FF
193,57,100,#6EE0FF
194,57,100,#6EDDFF
195,57,100,#6EDBFF
196,57,100,#6ED8FF
197,57,100,#6ED6FF
198,57,100,#6ED3FF
199,57,100,#6ED1FF
200,57,100,#6ECFFF
201,57,100,#6ECCFF
202,57,100,#6ECAFF
203,57,100,#6EC7FF
204,57,100,#6EC5FF
205,57,100,#6EC2FF
206,57,100,#6EC0FF
207,57,100,#6EBEFF
208,57,100,#6EBBFF
209,57,100,#6EB9FF
210,57,100,#6EB6FF
211,57,100,#6EB4FF
212,57,100,#6EB1FF
213,57,100,#6EAFFF
214,57,100,#6EADFF
215,57,100,#6EAAFF
216,57,100,#6EA8FF
217,57,100,#6EA5FF
218,57,100,#6EA3FF
219,57,100,#6EA1FF
220,57,100,#6E9EFF
221,57,100,#6E9CFF
222,57,100,#6E99FF
223,57,100,#6E97FF
224,57,100,#6E94FF
225,57,100,#6E92FF
226,57,100,#6E90FF
227,57,100,#6E8DFF
228,57,100,#6E8BFF
229,57,100,#6E88FF
230,57,100,#6E86FF
231,57,100,#6E83FF
232,57,100,#6E81FF
233,57,100,#6E7FFF
234,57,100,#6E7CFF
235,57,100,#6E7AFF
236,57,100,#6E77FF
237,57,100,#6E75FF
238,57,100,#6E72FF
239,57,100,#6E70FF
240,57,100,#6E6EFF
241,57,100,#706EFF
242,57,100,#726EFF
243,57,100,#756EFF
244,57,100,#776EFF
245,57,100,#7A6EFF
246,57,100,#7C6EFF
247,57,100,#7F6EFF
248,57,100,#816EFF
249,57,100,#836EFF
250,57,100,#866EFF
251,57,100,#886EFF
252,57,100,#8B6EFF
253,57,100,#8D6EFF
254,57,100,#906EFF
255,57,100,#926EFF
256,57,100,#946EFF
257,57,100,#976EFF
258,57,100,#996EFF
259,57,100,#9C6EFF
260,57,100,#9E6EFF
261,57,100,#A16EFF
262,57,100,#A36EFF
263,57,100,#A56EFF
264,57,100,#A86EFF
265,57,100,#AA6EFF
266,57,100,#AD6EFF
267,57,100,#AF6EFF
268,57,100,#B16EFF
269,57,100,#B46EFF
270,57,100,#B66EFF
271,57,100,#B96EFF
272,57,100,#BB6EFF
273,57,100,#BE6EFF
274,57,100,#C06EFF
275,57,100,#C26EFF
276,57,100,#C56EFF
277,57,100,#C76EFF
278,57,100,#CA6EFF
279,57,100,#CC6EFF
280,57,100,#CF6EFF
281,57,100,#D16EFF
282,57,100,#D36EFF
283,57,100,#D66EFF
284,57,100,#D86EFF
285,57,100,#DB6EFF
286,57,100,#DD6EFF
287,57,100,#E06EFF
288,57,100,#E26EFF
289,57,100,#E46EFF
290,57,100,#E76EFF
291,57,100,#E96EFF
292,57,100,#EC6EFF
293,57,100,#EE6EFF
294,57,100,#F06EFF
295,57,100,#F36EFF
296,57,100,#F56EFF
297,57,100,#F86EFF
298,57,100,#FA6EFF
299,57,100,#FD6EFF
300,57,100,#FF6EFF
301,57,100,#FF6EFD
302,57,100,#FF6EFA
303,57,100,#FF6EF8
304,57,100,#FF6EF5
305,57,100,#FF6EF3
306,57,100,#FF6EF0
307,57,100,#FF6EEE
308,57,100,#FF6EEC
309,57,100,#FF6EE9
310,57,100,#FF6EE7
311,57,100,#FF6EE4
312,57,100,#FF6EE2
313,57,100,#FF6EE0
314,57,100,#FF6EDD
315,57,100,#FF6EDB
316,57,100,#FF6ED8
317,57,100,#FF6ED6
318,57,100,#FF6ED3
319,57,100,#FF6ED1
320,57,100,#FF6ECF
321,57,100,#FF6ECC
322,57,100,#FF6ECA
323,57,100,#FF6EC7
324,57,100,#FF6EC5
325,57,100,#FF6EC2
326,57,100,#FF6EC0
327,57,100,#FF6EBE
328,57,100,#FF6EBB
329,57,100,#FF6EB9
330,57,100,#FF6EB6
331,57,100,#FF6EB4
332,57,100,#FF6EB1
333,57,100,#FF6EAF
334,57,100,#FF6EAD
335,57,100,#FF6EAA
336,57,100,#FF6EA8
337,57,100,#FF6EA5
338,57,100,#FF6EA3
339,57,100,#FF6EA1
340,57,100,#FF6E9E
341,57,100,#FF6E9C
342,57,100,#FF6E99
343,57,100,#FF6E97
344,57,100,#FF6E94
345,57,100,#FF6E92
346,57,100,#FF6E90
347,57,100,#FF6E8D
348,57,100,#FF6E8B
349,57,100,#FF6E88
350,57,100,#FF6E86
351,57,100,#FF6E83
352,57,100,#FF6E81
353,57,100,#FF6E7F
354,57,100,#FF6E7C
355,57,100,#FF6E7A
356,57,100,#FF6E77
357,57,100,#FF6E75
358,57,100,#FF6E72
359,57,100,#FF6E70
0,56,100,#FF7070
1,56,100,#FF7370
2,56,100,#FF7570
3,56,100,#FF7770
4,56,100,#FF7A70
5,56,100,#FF7C70
6,56,100,#FF7E70
7,56,100,#FF8170
8,56,100,#FF8370
9,56,100,#FF8670
10,56,100,#FF8870
11,56,100,#FF8A70
12,56,100,#FF8D70
13,56,100,#FF8F70
14,56,100,#FF9270
15,56,100,#FF9470
16,56,100,#FF9670
17,56,100,#FF9970
18,56,100,#FF9B70
19,56,100,#FF9D70
20,56,100,#FFA070
21,56,100,#FFA270
22,56,100,#FFA570
23,56,100,#FFA770
24,56,100,#FFA970
25,56,100,#FFAC70
26,56,100,#FFAE70
27,56,100,#FFB070
28,56,100,#FFB370
29,56,100,#FFB570
30,56,100,#FFB870
31,56,100,#FFBA70
32,56,100,#FFBC70
33,56,100,#FFBF70
34,56,100,#FFC170
35,56,100,#FFC370
36,56,100,#FFC670
37,56,100,#FFC870
38,56,100,#FFCB70
39,56,100,#FFCD70
40,56,100,#FFCF70
41,56,100,#FFD270
42,56,100,#FFD470
43,56,100,#FFD770
44,56,100,#FFD970
45,56,100,#FFDB70
46,56,100,#FFDE70
47,56,100,#FFE070
48,56,100,#FFE270
49,56,100,#FFE570
50,56,100,#FFE770
51,56,100,#FFEA70
52,56,100,#FFEC70
53,56,100,#FFEE70
54,56,100,#FFF170
55,56,100,#FFF370
56,56,100,#FFF570
57,56,100,#FFF870
58,56,100,#FFFA70
59,56,100,#FFFD70
60,56,100,#FFFF70
61,56,100,#FDFF70
62,56,100,#FAFF70
63,56,100,#F8FF70
64,56,100,#F5FF70
65,56,100,#F3FF70
66,56,100,#F1FF70
67,56,100,#EEFF70
68,56,100,#ECFF70
69,56,100,#EAFF70
70,56,100,#E7FF70
71,56,100,#E5FF70
72,56,100,#E2FF70
73,56,100,#E0FF70
74,56,100,#DEFF70
75,56,100,#DBFF70
76,56,100,#D9FF70
77,56,100,#D7FF70
78,56,100,#D4FF70
79,56,100,#D2FF70
80,56,100,#CFFF70
81,56,100,#CDFF70
82,56,100,#CBFF70
83,56,100,#C8FF70
84,56,100,#C6FF70
85,56,100,#C4FF70
86,56,100,#C1FF70
87,56,100,#BFFF70
88,56,100,#BCFF70
89,56,100,#BAFF70
90,56,100,#B8FF70
91,56,100,#B5FF70
92,56,100,#B3FF70
93,56,100,#B0FF70
94,56,100,#AEFF70
95,56,100,#ACFF70
96,56,100,#A9FF70
97,56,100,#A7FF70
98,56,100,#A5FF70
99,56,100,#A2FF70
100,56,100,#A0FF70
101,56,100,#9DFF70
102,56,100,#9BFF70
103,56,100,#99FF70
104,56,100,#96FF70
105,56,100,#94FF70
106,56,100,#92FF70
107,56,100,#8FFF70
108,56,100,#8DFF70
109,56,100,#8AFF70
110,56,100,#88FF70
111,56,100,#86FF70
112,56,100,#83FF70
113,56,100,#81FF70
114,56,100,#7EFF70
115,56,100,#7CFF70
116,56,100,#7AFF70
117,56,100,#77FF70
118,56,100,#75FF70
119,56,100,#73FF70
120,56,100,#70FF70
121,56,100,#70FF73
122,56,100,#70FF75
123,56,100,#70FF77
124,56,100,#70FF7A
125,56,100,#70FF7C
126,56,100,#70FF7E
127,56,100,#70FF81
128,56,100,#70FF83
129,56,100,#70FF86
130,56,100,#70FF88
131,56,100,#70FF8A
132,56,100,#70FF8D
133,56,100,#70FF8F
134,56,100,#70FF92
135,56,100,#70FF94
136,56,100,#70FF96
137,56,100,#70FF99
138,56,100,#70FF9B
139,56,100,#70FF9D
140,56,100,#70FFA0
141,56,100,#70FFA2
142,56,100,#70FFA5
143,56,100,#70FFA7
144,56,100,#70FFA9
145,56,100,#70FFAC
146,56,100,#70FFAE
147,56,100,#70FFB0
148,56,100,#70FFB3
149,56,100,#70FFB5
150,56,100,#70FFB8
151,56,100,#70FFBA
152,56,100,#70FFBC
153,56,100,#70FFBF
154,56,100,#70FFC1
155,56,100,#70FFC4
156,56,100,#70FFC6
157,56,100,#70FFC8
158,56,100,#70FFCB
159,56,100,#70FFCD
160,56,100,#70FFCF
161,56,100,#70FFD2
162,56,100,#70FFD4
163,56,100,#70FFD7
164,56,100,#70FFD9
165,56,100,#70FFDB
166,56,100,#70FFDE
167,56,100,#70FFE0
168,56,100,#70FFE2
169,56,100,#70FFE5
170,56,100,#70FFE7
171,56,100,#70FFEA
172,56,100,#70FFEC
173,56,100,#70FFEE
174,56,100,#70FFF1
175,56,100,#70FFF3
176,56,100,#70FFF5
177,56,100,#70FFF8
178,56,100,#70FFFA
179,56,100,#70FFFD
180,56,100,#70FFFF
181,56,100,#70FDFF
182,56,100,#70FAFF
183,56,100,#70F8FF
184,56,100,#70F5FF
185,56,100,#70F3FF
186,56,100,#70F1FF
187,56,100,#70EEFF
188,56,100,#70ECFF
189,56,100,#70EAFF
190,56,100,#70E7FF
191,56,100,#70E5FF
192,56,100,#70E2FF
193,56,100,#70E0FF
194,56,100,#70DEFF
195,56,100,#70DBFF
196,56,100,#70D9FF
197,56,100,#70D7FF
198,56,100,#70D4FF
199,56,100,#70D2FF
200,56,100,#70CFFF
201,56,100,#70CDFF
202,56,100,#70CBFF
203,56,100,#70C8FF
204,56,100,#70C6FF
205,56,100,#70C4FF
206,56,100,#70C1FF
207,56,100,#70BFFF
208,56,100,#70BCFF
209,56,100,#70BAFF
210,56,100,#70B8FF
211,56,100,#70B5FF
212,56,100,#70B3FF
213,56,100,#70B0FF
214,56,100,#70AEFF
215,56,100,#70ACFF
216,56,100,#70A9FF
217,56,100,#70A7FF
218,56,100,#70A5FF
219,56,100,#70A2FF
220,56,100,#70A0FF
221,56,100,#709DFF
222,56,100,#709BFF
223,56,100,#7099FF
224,56,100,#7096FF
225,56,100,#7094FF
226,56,100,#7092FF
227,56,100,#708FFF
228,56,100,#708DFF
229,56,100,#708AFF
230,56,100,#7088FF
231,56,100,#7086FF
232,56,100,#7083FF
233,56,100,#7081FF
234,56,100,#707EFF
235,56,100,#707CFF
236,56,100,#707AFF
237,56,100,#7077FF
238,56,100,#7075FF
239,56,100,#7073FF
240,56,100,#7070FF
241,56,100,#7370FF
242,56,100,#7570FF
243,56,100,#7770FF
244,56,100,#7A70FF
245,56,100,#7C70FF
246,56,100,#7E70FF
247,56,100,#8170FF
248,56,100,#8370FF
249,56,100,#8670FF
250,56,100,#8870FF
251,56,100,#8A70FF
252,56,100,#8D70FF
253,56,100,#8F70FF
254,56,100,#9270FF
255,56,100,#9470FF
256,56,100,#9670FF
257,56,100,#9970FF
258,56,100,#9B70FF
259,56,100,#9D70FF
260,56,100,#A070FF
261,56,100,#A270FF
262,56,100,#A570FF
263,56,100,#A770FF
264,56,100,#A970FF
265,56,100,#AC70FF
266,56,100,#AE70FF
267,56,100,#B070FF
268,56,100,#B370FF
269,56,100,#B570FF
270,56,100,#B870FF
271,56,100,#BA70FF
272,56,100,#BC70FF
273,56,100,#BF70FF
274,56,100,#C170FF
275,56,100,#C370FF
276,56,100,#C670FF
277,56,100,#C870FF
278,56,100,#CB70FF
279,56,100,#CD70FF
280,56,100,#CF70FF
281,56,100,#D270FF
282,56,100,#D470FF
283,56,100,#D770FF
284,56,100,#D970FF
285,56,100,#DB70FF
286,56,100,#DE70FF
287,56,100,#E070FF
288,56,100,#E270FF
289,56,100,#E570FF
290,56,100,#E770FF
291,56,100,#EA70FF
292,56,100,#EC70FF
293,56,100,#EE70FF
294,56,100,#F170FF
295,56,100,#F370FF
296,56,100,#F570FF
297,56,100,#F870FF
298,56,100,#FA70FF
299,56,100,#FD70FF
300,56,100,#FF70FF
301,56,100,#FF70FD
302,56,100,#FF70FA
303,56,100,#FF70F8
304,56,100,#FF70F5
305,56,100,#FF70F3
306,56,100,#FF70F1
307,56,100,#FF70EE
308,56,100,#FF70EC
309,56,100,#FF70EA
310,56,100,#FF70E7
311,56,100,#FF70E5
312,56,100,#FF70E2
313,56,100,#FF70E0
314,56,100,#FF70DE
315,56,100,#FF70DB
316,56,100,#FF70D9
317,56,100,#FF70D7
318,56,100,#FF70D4
319,56,100,#FF70D2
320,56,100,#FF70CF
321,56,100,#FF70CD
322,56,100,#FF70CB
323,56,100,#FF70C8
324,56,100,#FF70C6
325,56,100,#FF70C3
326,56,100,#FF70C1
327,56,100,#FF70BF
328,56,100,#FF70BC
329,56,100,#FF70BA
330,56,100,#FF70B8
331,56,100,#FF70B5
332,56,100,#FF70B3
333,56,100,#FF70B0
334,56,100,#FF70AE
335,56,100,#FF70AC
336,56,100,#FF70A9
337,56,100,#FF70A7
338,56,100,#FF70A5
339,56,100,#FF70A2
340,56,100,#FF70A0
341,56,100,#FF709D
342,56,100,#FF709B
343,56,100,#FF7099
344,56,100,#FF7096
345,56,100,#FF7094
346,56,100,#FF7092
347,56,100,#FF708F
348,56,100,#FF708D
349,56,100,#FF708A
350,56,100,#FF7088
351,56,100,#FF7086
352,56,100,#FF7083
353,56,100,#FF7081
354,56,100,#FF707E
355,56,100,#FF707C
356,56,100,#FF707A
357,56,100,#FF7077
358,56,100,#FF7075
359,56,100,#FF7073
0,55,100,#FF7373
1,55,100,#FF7573
2,55,100,#FF7773
3,55,100,#FF7A73
4,55,100,#FF7C73
5,55,100,#FF7E73
6,55,100,#FF8173
7,55,100,#FF8373
8,55,100,#FF8573
9,55,100,#FF8873
10,55,100,#FF8A73
11,55,100,#FF8C73
12,55,100,#FF8F73
13,55,100,#FF9173
14,55,100,#FF9373
15,55,100,#FF9673
16,55,100,#FF9873
17,55,100,#FF9A73
18,55,100,#FF9D73
19,55,100,#FF9F73
20,55,100,#FFA273
21,55,100,#FFA473
22,55,100,#FFA673
23,55,100,#FFA973
24,55,100,#FFAB73
25,55,100,#FFAD73
26,55,100,#FFB073
27,55,100,#FFB273
28,55,100,#FFB473
29,55,100,#FFB773
30,55,100,#FFB973
31,55,100,#FFBB73
32,55,100,#FFBE73
33,55,100,#FFC073
34,55,100,#FFC273
35,55,100,#FFC573
36,55,100,#FFC773
37,55,100,#FFC973
38,55,100,#FFCC73
39,55,100,#FFCE73
40,55,100,#FFD073
41,55,100,#FFD373
42,55,100,#FFD573
43,55,100,#FFD773
44,55,100,#FFDA73
45,55,100,#FFDC73
46,55,100,#FFDE73
47,55,100,#FFE173
48,55,100,#FFE373
49,55,100,#FFE573
50,55,100,#FFE873
51,55,100,#FFEA73
52,55,100,#FFEC73
53,55,100,#FFEF73
54,55,100,#FFF173
55,55,100,#FFF373
56,55,100,#FFF673
57,55,100,#FFF873
58,55,100,#FFFA73
59,55,100,#FFFD73
60,55,100,#FFFF73
61,55,100,#FDFF73
62,55,100,#FAFF73
63,55,100,#F8FF73
64,55,100,#F6FF73
65,55,100,#F3FF73
66,55,100,#F1FF73
67,55,100,#EFFF73
68,55,100,#ECFF73
69,55,100,#EAFF73
70,55,100,#E8FF73
71,55,100,#E5FF73
72,55,100,#E3FF73
73,55,100,#E1FF73
74,55,100,#DEFF73
75,55,100,#DCFF73
76,55,100,#DAFF73
77,55,100,#D7FF73
78,55,100,#D5FF73
79,55,100,#D3FF73
80,55,100,#D0FF73
81,55,100,#CEFF73
82,55,100,#CCFF73
83,55,100,#C9FF73
84,55,100,#C7FF73
85,55,100,#C5FF73
86,55,100,#C2FF73
87,55,100,#C0FF73
88,55,100,#BEFF73
89,55,100,#BBFF73
90,55,100,#B9FF73
91,55,100,#B7FF73
92,55,100,#B4FF73
93,55,100,#B2FF73
94,55,100,#B0FF73
95,55,100,#ADFF73
96,55,100,#ABFF73
97,55,100,#A9FF73
98,55,100,#A6FF73
99,55,100,#A4FF73
100,55,100,#A2FF73
101,55,100,#9FFF73
102,55,100,#9DFF73
103,55,100,#9AFF73
104,55,100,#98FF73
105,55,100,#96FF73
106,55,100,#93FF73
107,55,100,#91FF73
108,55,100,#8FFF73
109,55,100,#8CFF73
110,55,100,#8AFF73
111,55,100,#88FF73
112,55,100,#85FF73
113,55,100,#83FF73
114,55,100,#81FF73
115,55,100,#7EFF73
116,55,100,#7CFF73
117,55,100,#7AFF73
118,55,100,#77FF73
119,55,100,#75FF73
120,55,100,#73FF73
121,55,100,#73FF75
122,55,100,#73FF77
123,55,100,#73FF7A
124,55,100,#73FF7C
125,55,100,#73FF7E
126,55,100,#73FF81
127,55,100,#73FF83
128,55,100,#73FF85
129,55,100,#73FF88
130,55,100,#73FF8A
131,55,100,#73FF8C
132,55,100,#73FF8F
133,55,100,#73FF91
134,55,100,#73FF93
135,55,100,#73FF96
136,55,100,#73FF98
137,55,100,#73FF9A
138,55,100,#73FF9D
139,55,100,#73FF9F
140,55,100,#73FFA2
141,55,100,#73FFA4
142,55,100,#73FFA6
143,55,100,#73FFA9
144,55,100,#73FFAB
145,55,100,#73FFAD
146,55,100,#73FFB0
147,55,100,#73FFB2
148,55,100,#73FFB4
149,55,100,#73FFB7
150,55,100,#73FFB9
151,55,100,#73FFBB
152,55,100,#73FFBE
153,55,100,#73FFC0
154,55,100,#73FFC2
155,55,100,#73FFC5
156,55,100,#73FFC7
157,55,100,#73FFC9
158,55,100,#73FFCC
159,55,100,#73FFCE
160,55,100,#73FFD0
161,55,100,#73FFD3
162,55,100,#73FFD5
163,55,100,#73FFD7
164,55,100,#73FFDA
165,55,100,#73FFDC
166,55,100,#73FFDE
167,55,100,#73FFE1
168,55,100,#73FFE3
169,55,100,#73FFE5
170,55,100,#73FFE8
171,55,100,#73FFEA
172,55,100,#73FFEC
173,55,100,#73FFEF
174,55,100,#73FFF1
175,55,100,#73FFF3
176,55,100,#73FFF6
177,55,100,#73FFF8
178,55,100,#73FFFA
179,55,100,#73FFFD
180,55,100,#73FFFF
181,55,100,#73FDFF
182,55,100,#73FAFF
183,55,100,#73F8FF
184,55,100,#73F6FF
185,55,100,#73F3FF
186,55,100,#73F1FF
187,55,100,#73EFFF
188,55,100,#73ECFF
189,55,100,#73EAFF
190,55,100,#73E8FF
191,55,100,#73E5FF
192,55,100,#73E3FF
193,55,100,#73E1FF
194,55,100,#73DEFF
195,55,100,#73DCFF
196,55,100,#73DAFF
197,55,100,#73D7FF
198,55,100,#73D5FF
199,55,100,#73D3FF
200,55,100,#73D0FF
201,55,100,#73CEFF
202,55,100,#73CCFF
203,55,100,#73C9FF
204,55,100,#73C7FF
205,55,100,#73C5FF
206,55,100,#73C2FF
207,55,100,#73C0FF
208,55,100,#73BEFF
209,55,100,#73BBFF
210,55,100,#73B9FF
211,55,100,#73B7FF
212,55,100,#73B4FF
213,55,100,#73B2FF
214,55,100,#73B0FF
215,55,100,#73ADFF
216,55,100,#73ABFF
217,55,100,#73A9FF
218,55,100,#73A6FF
219,55,100,#73A4FF
220,55,100,#73A1FF
221,55,100,#739FFF
222,55,100,#739DFF
223,55,100,#739AFF
224,55,100,#7398FF
225,55,100,#7396FF
226,55,100,#7393FF
227,55,100,#7391FF
228,55,100,#738FFF
229,55,100,#738CFF
230,55,100,#738AFF
231,55,100,#7388FF
232,55,100,#7385FF
233,55,100,#7383FF
234,55,100,#7381FF
235,55,100,#737EFF
236,55,100,#737CFF
237,55,100,#737AFF
238,55,100,#7377FF
239,55,100,#7375FF
240,55,100,#7373FF
241,55,100,#7573FF
242,55,100,#7773FF
243,55,100,#7A73FF
244,55,100,#7C73FF
245,55,100,#7E73FF
246,55,100,#8173FF
247,55,100,#8373FF
248,55,100,#8573FF
249,55,100,#8873FF
250,55,100,#8A73FF
251,55,100,#8C73FF
252,55,100,#8F73FF
253,55,100,#9173FF
254,55,100,#9373FF
255,55,100,#9673FF
256,55,100,#9873FF
257,55,100,#9A73FF
258,55,100,#9D73FF
259,55,100,#9F73FF
260,55,100,#A173FF
261,55,100,#A473FF
262,55,100,#A673FF
263,55,100,#A973FF
264,55,100,#AB73FF
265,55,100,#AD73FF
266,55,100,#B073FF
267,55,100,#B273FF
268,55,100,#B473FF
269,55,100,#B773FF
270,55,100,#B973FF
271,55,100,#BB73FF
272,55,100,#BE73FF
273,55,100,#C073FF
274,55,100,#C273FF
275,55,100,#C573FF
276,55,100,#C773FF
277,55,100,#C973FF
278,55,100,#CC73FF
279,55,100,#CE73FF
280,55,100,#D073FF
281,55,100,#D373FF
282,55,100,#D573FF
283,55,100,#D773FF
284,55,100,#DA73FF
285,55,100,#DC73FF
286,55,100,#DE73FF
287,55,100,#E173FF
288,55,100,#E373FF
289,55,100,#E573FF
290,55,100,#E873FF
291,55,100,#EA73FF
292,55,100,#EC73FF
293,55,100,#EF73FF
294,55,100,#F173FF
295,55,100,#F373FF
296,55,100,#F673FF
297,55,100,#F873FF
298,55,100,#FA73FF
299,55,100,#FD73FF
300,55,100,#FF73FF
301,55,100,#FF73FD
302,55,100,#FF73FA
303,55,100,#FF73F8
304,55,100,#FF73F6
305,55,100,#FF73F3
306,55,100,#FF73F1
307,55,100,#FF73EF
308,55,100,#FF73EC
309,55,100,#FF73EA
310,55,100,#FF73E8
311,55,100,#FF73E5
312,55,100,#FF73E3
313,55,100,#FF73E1
314,55,100,#FF73DE
315,55,100,#FF73DC
316,55,100,#FF73DA
317,55,100,#FF73D7
318,55,100,#FF73D5
319,55,100,#FF73D3
320,55,100,#FF73D0
321,55,100,#FF73CE
322,55,100,#FF73CC
323,55,100,#FF73C9
324,55,100,#FF73C7
325,55,100,#FF73C5
326,55,100,#FF73C2
327,55,100,#FF73C0
328,55,100,#FF73BE
329,55,100,#FF73BB
330,55,100,#FF73B9
331,55,100,#FF73B7
332,55,100,#FF73B4
333,55,100,#FF73B2
334,55,100,#FF73B0
335,55,100,#FF73AD
336,55,100,#FF73AB
337,55,100,#FF73A9
338,55,100,#FF73A6
339,55,100,#FF73A4
340,55,100,#FF73A2
341,55,100,#FF739F
342,55,100,#FF739D
343,55,100,#FF739A
344,55,100,#FF7398
345,55,100,#FF7396
346,55,100,#FF7393
347,55,100,#FF7391
348,55,100,#FF738F
349,55,100,#FF738C
350,55,100,#FF738A
351,55,100,#FF7388
352,55,100,#FF7385
353,55,100,#FF7383
354,55,100,#FF7381
355,55,100,#FF737E
356,55,100,#FF737C
357,55,100,#FF737A
358,55,100,#FF7377
359,55,100,#FF7375
0,54,100,#FF7575
1,54,100,#FF7875
2,54,100,#FF7A75
3,54,100,#FF7C75
4,54,100,#FF7E75
5,54,100,#FF8175
6,54,100,#FF8375
7,54,100,#FF8575
8,54,100,#FF8875
9,54,100,#FF8A75
10,54,100,#FF8C75
11,54,100,#FF8F75
12,54,100,#FF9175
13,54,100,#FF9375
14,54,100,#FF9575
15,54,100,#FF9875
16,54,100,#FF9A75
17,54,100,#FF9C75
18,54,100,#FF9F75
19,54,100,#FFA175
20,54,100,#FFA375
21,54,100,#FFA575
22,54,100,#FFA875
23,54,100,#FFAA75
24,54,100,#FFAC75
25,54,100,#FFAF75
26,54,100,#FFB175
27,54,100,#FFB375
28,54,100,#FFB675
29,54,100,#FFB875
30,54,100,#FFBA75
31,54,100,#FFBC75
32,54,100,#FFBF75
33,54,100,#FFC175
34,54,100,#FFC375
35,54,100,#FFC675
36,54,100,#FFC875
37,54,100,#FFCA75
38,54,100,#FFCD75
39,54,100,#FFCF75
40,54,100,#FFD175
41,54,100,#FFD375
42,54,100,#FFD675
43,54,100,#FFD875
44,54,100,#FFDA75
45,54,100,#FFDD75
46,54,100,#FFDF75
47,54,100,#FFE175
48,54,100,#FFE375
49,54,100,#FFE675
50,54,100,#FFE875
51,54,100,#FFEA75
52,54,100,#FFED75
53,54,100,#FFEF75
54,54,100,#FFF175
55,54,100,#FFF475
56,54,100,#FFF675
57,54,100,#FFF875
58,54,100,#FFFA75
59,54,100,#FFFD75
60,54,100,#FFFF75
61,54,100,#FDFF75
62,54,100,#FAFF75
63,54,100,#F8FF75
64,54,100,#F6FF75
65,54,100,#F4FF75
66,54,100,#F1FF75
67,54,100,#EFFF75
68,54,100,#EDFF75
69,54,100,#EAFF75
70,54,100,#E8FF75
71,54,100,#E6FF75
72,54,100,#E3FF75
73,54,100,#E1FF75
74,54,100,#DFFF75
75,54,100,#DDFF75
76,54,100,#DAFF75
77,54,100,#D8FF75
78,54,100,#D6FF75
79,54,100,#D3FF75
80,54,100,#D1FF75
81,54,100,#CFFF75
82,54,100,#CDFF75
83,54,100,#CAFF75
84,54,100,#C8FF75
85,54,100,#C6FF75
86,54,100,#C3FF75
87,54,100,#C1FF75
88,54,100,#BFFF75
89,54,100,#BCFF75
90,54,100,#BAFF75
91,54,100,#B8FF75
92,54,100,#B6FF75
93,54,100,#B3FF75
94,54,100,#B1FF75
95,54,100,#AFFF75
96,54,100,#ACFF75
97,54,100,#AAFF75
98,54,100,#A8FF75
99,54,100,#A5FF75
100,54,100,#A3FF75
101,54,100,#A1FF75
102,54,100,#9FFF75
103,54,100,#9CFF75
104,54,100,#9AFF75
105,54,100,#98FF75
106,54,100,#95FF75
107,54,100,#93FF75
108,54,100,#91FF75
109,54,100,#8FFF75
110,54,100,#8CFF75
111,54,100,#8AFF75
112,54,100,#88FF75
113,54,100,#85FF75
114,54,100,#83FF75
115,54,100,#81FF75
116,54,100,#7EFF75
117,54,100,#7CFF75
118,54,100,#7AFF75
119,54,100,#78FF75
120,54,100,#75FF75
121,54,100,#75FF78
122,54,100,#75FF7A
123,54,100,#75FF7C
124,54,100,#75FF7E
125,54,100,#75FF81
126,54,100,#75FF83
127,54,100,#75FF85
128,54,100,#75FF88
129,54,100,#75FF8A
130,54,100,#75FF8C
131,54,100,#75FF8F
132,54,100,#75FF91
133,54,100,#75FF93
134,54,100,#75FF95
135,54,100,#75FF98
136,54,100,#75FF9A
137,54,100,#75FF9C
138,54,100,#75FF9F
139,54,100,#75FFA1
140,54,100,#75FFA3
141,54,100,#75FFA5
142,54,100,#75FFA8
143,54,100,#75FFAA
144,54,100,#75FFAC
145,54,100,#75FFAF
146,54,100,#75FFB1
147,54,100,#75FFB3
148,54,100,#75FFB6
149,54,100,#75FFB8
150,54,100,#75FFBA
151,54,100,#75FFBC
152,54,100,#75FFBF
153,54,100,#75FFC1
154,54,100,#75FFC3
155,54,100,#75FFC6
156,54,100,#75FFC8
157,54,100,#75FFCA
158,54,100,#75FFCD
159,54,100,#75FFCF
160,54,100,#75FFD1
161,54,100,#75FFD3
162,54,100,#75FFD6
163,54,100,#75FFD8
164,54,100,#75FFDA
165,54,100,#75FFDD
166,54,100,#75FFDF
167,54,100,#75FFE1
168,54,100,#75FFE3
169,54,100,#75FFE6
170,54,100,#75FFE8
171,54,100,#75FFEA
172,54,100,#75FFED
173,54,100,#75FFEF
174,54,100,#75FFF1
175,54,100,#75FFF4
176,54,100,#75FFF6
177,54,100,#75FFF8
178,54,100,#75FFFA
179,54,100,#75FFFD
180,54,100,#75FFFF
181,54,100,#75FDFF
182,54,100,#75FAFF
183,54,100,#75F8FF
184,54,100,#75F6FF
185,54,100,#75F4FF
186,54,100,#75F1FF
187,54,100,#75EFFF
188,54,100,#75EDFF
189,54,100,#75EAFF
190,54,100,#75E8FF
191,54,100,#75E6FF
192,54,100,#75E3FF
193,54,100,#75E1FF
194,54,100,#75DFFF
195,54,100,#75DDFF
196,54,100,#75DAFF
197,54,100,#75D8FF
198,54,100,#75D6FF
199,54,100,#75D3FF
200,54,100,#75D1FF
201,54,100,#75CFFF
202,54,100,#75CDFF
203,54,100,#75CAFF
204,54,100,#75C8FF
205,54,100,#75C6FF
206,54,100,#75C3FF
207,54,100,#75C1FF
208,54,100,#75BFFF
209,54,100,#75BCFF
210,54,100,#75BAFF
211,54,100,#75B8FF
212,54,100,#75B6FF
213,54,100,#75B3FF
214,54,100,#75B1FF
215,54,100,#75AFFF
216,54,100,#75ACFF
217,54,100,#75AAFF
218,54,100,#75A8FF
219,54,100,#75A5FF
220,54,100,#75A3FF
221,54,100,#75A1FF
222,54,100,#759FFF
223,54,100,#759CFF
224,54,100,#759AFF
225,54,100,#7598FF
226,54,100,#7595FF
227,54,100,#7593FF
228,54,100,#7591FF
229,54,100,#758FFF
230,54,100,#758CFF
231,54,100,#758AFF
232,54,100,#7588FF
233,54,100,#7585FF
234,54,100,#7583FF
235,54,100,#7581FF
236,54,100,#757EFF
237,54,100,#757CFF
238,54,100,#757AFF
239,54,100,#7578FF
240,54,100,#7575FF
241,54,100,#7875FF
242,54,100,#7A75FF
243,54,100,#7C75FF
244,54,100,#7E75FF
245,54,100,#8175FF
246,54,100,#8375FF
247,54,100,#8575FF
248,54,100,#8875FF
249,54,100,#8A75FF
250,54,100,#8C75FF
251,54,100,#8F75FF
252,54,100,#9175FF
253,54,100,#9375FF
254,54,100,#9575FF
255,54,100,#9875FF
256,54,100,#9A75FF
257,54,100,#9C75FF
258,54,100,#9F75FF
259,54,100,#A175FF
260,54,100,#A375FF
261,54,100,#A575FF
262,54,100,#A875FF
263,54,100,#AA75FF
264,54,100,#AC75FF
265,54,100,#AF75FF
266,54,100,#B175FF
267,54,100,#B375FF
268,54,100,#B675FF
269,54,100,#B875FF
270,54,100,#BA75FF
271,54,100,#BC75FF
272,54,100,#BF75FF
273,54,100,#C175FF
274,54,100,#C375FF
275,54,100,#C675FF
276,54,100,#C875FF
277,54,100,#CA75FF
278,54,100,#CD75FF
279,54,100,#CF75FF
280,54,100,#D175FF
281,54,100,#D375FF
282,54,100,#D675FF
283,54,100,#D875FF
284,54,100,#DA75FF
285,54,100,#DD75FF
286,54,100,#DF75FF
287,54,100,#E175FF
288,54,100,#E375FF
289,54,100,#E675FF
290,54,100,#E875FF
291,54,100,#EA75FF
292,54,100,#ED75FF
293,54,100,#EF75FF
294,54,100,#F175FF
295,54,100,#F475FF
296,54,100,#F675FF
297,54,100,#F875FF
298,54,100,#FA75FF
299,54,100,#FD75FF
300,54,100,#FF75FF
301,54,100,#FF75FD
302,54,100,#FF75FA
303,54,100,#FF75F8
304,54,100,#FF75F6
305,54,100,#FF75F4
306,54,100,#FF75F1
307,54,100,#FF75EF
308,54,100,#FF75ED
309,54,100,#FF75EA
310,54,100,#FF75E8
311,54,100,#FF75E6
312,54,100,#FF75E3
313,54,100,#FF75E1
314,54,100,#FF75DF
315,54,100,#FF75DD
316,54,100,#FF75DA
317,54,100,#FF75D8
318,54,100,#FF75D6
319,54,100,#FF75D3
320,54,100,#FF75D1
321,54,100,#FF75CF
322,54,100,#FF75CD
323,54,100,#FF75CA
324,54,100,#FF75C8
325,54,100,#FF75C6
326,54,100,#FF75C3
327,54,100,#FF75C1
328,54,100,#FF75BF
329,54,100,#FF75BC
330,54,100,#FF75BA
331,54,100,#FF75B8
332,54,100,#FF75B6
333,54,100,#FF75B3
334,54,100,#FF75B1
335,54,100,#FF75AF
336,54,100,#FF75AC
337,54,100,#FF75AA
338,54,100,#FF75A8
339,54,100,#FF75A5
340,54,100,#FF75A3
341,54,100,#FF75A1
342,54,100,#FF759F
343,54,100,#FF759C
344,54,100,#FF759A
345,54,100,#FF7598
346,54,100,#FF7595
347,54,100,#FF7593
348,54,100,#FF7591
349,54,100,#FF758F
350,54,100,#FF758C
351,54,100,#FF758A
352,54,100,#FF7588
353,54,100,#FF7585
354,54,100,#FF7583
355,54,100,#FF7581
356,54,100,#FF757E
357,54,100,#FF757C
358,54,100,#FF757A
359,54,100,#FF7578
0,53,100,#FF7878
1,53,100,#FF7A78
2,53,100,#FF7C78
3,53,100,#FF7F78
4,53,100,#FF8178
5,53,100,#FF8378
6,53,100,#FF8578
7,53,100,#FF8878
8,53,100,#FF8A78
9,53,100,#FF8C78
10,53,100,#FF8E78
11,53,100,#FF9178
12,53,100,#FF9378
13,53,100,#FF9578
14,53,100,#FF9778
15,53,100,#FF9A78
16,53,100,#FF9C78
17,53,100,#FF9E78
18,53,100,#FFA078
19,53,100,#FFA378
20,53,100,#FFA578
21,53,100,#FFA778
22,53,100,#FFA978
23,53,100,#FFAC78
24,53,100,#FFAE78
25,53,100,#FFB078
26,53,100,#FFB278
27,53,100,#FFB578
28,53,100,#FFB778
29,53,100,#FFB978
30,53,100,#FFBB78
31,53,100,#FFBE78
32,53,100,#FFC078
33,53,100,#FFC278
34,53,100,#FFC478
35,53,100,#FFC778
36,53,100,#FFC978
37,53,100,#FFCB78
38,53,100,#FFCD78
39,53,100,#FFD078
40,53,100,#FFD278
41,53,100,#FFD478
42,53,100,#FFD678
43,53,100,#FFD978
44,53,100,#FFDB78
45,53,100,#FFDD78
46,53,100,#FFDF78
47,53,100,#FFE278
48,53,100,#FFE478
49,53,100,#FFE678
50,53,100,#FFE878
51,53,100,#FFEB78
52,53,100,#FFED78
53,53,100,#FFEF78
54,53,100,#FFF178
55,53,100,#FFF478
56,53,100,#FFF678
57,53,100,#FFF878
58,53,100,#FFFA78
59,53,100,#FFFD78
60,53,100,#FFFF78
61,53,100,#FDFF78
62,53,100,#FAFF78
63,53,100,#F8FF78
64,53,100,#F6FF78
65,53,100,#F4FF78
66,53,100,#F1FF78
67,53,100,#EFFF78
68,53,100,#EDFF78
69,53,100,#EBFF78
70,53,100,#E8FF78
71,53,100,#E6FF78
72,53,100,#E4FF78
73,53,100,#E2FF78
74,53,100,#DFFF78
75,53,100,#DDFF78
76,53,100,#DBFF78
77,53,100,#D9FF78
78,53,100,#D6FF78
79,53,100,#D4FF78
80,53,100,#D2FF78
81,53,100,#D0FF78
82,53,100,#CDFF78
83,53,100,#CBFF78
84,53,100,#C9FF78
85,53,100,#C7FF78
86,53,100,#C4FF78
87,53,100,#C2FF78
88,53,100,#C0FF78
89,53,100,#BEFF78
90,53,100,#BBFF78
91,53,100,#B9FF78
92,53,100,#B7FF78
93,53,100,#B5FF78
94,53,100,#B2FF78
95,53,100,#B0FF78
96,53,100,#AEFF78
97,53,100,#ACFF78
98,53,100,#A9FF78
99,53,100,#A7FF78
100,53,100,#A5FF78
101,53,100,#A3FF78
102,53,100,#A0FF78
103,53,100,#9EFF78
104,53,100,#9CFF78
105,53,100,#9AFF78
106,53,100,#97FF78
107,53,100,#95FF78
108,53,100,#93FF78
109,53,100,#91FF78
110,53,100,#8EFF78
111,53,100,#8CFF78
112,53,100,#8AFF78
113,53,100,#88FF78
114,53,100,#85FF78
115,53,100,#83FF78
116,53,100,#81FF78
117,53,100,#7FFF78
118,53,100,#7CFF78
119,53,100,#7AFF78
120,53,100,#78FF78
121,53,100,#78FF7A
122,53,100,#78FF7C
123,53,100,#78FF7F
124,53,100,#78FF81
125,53,100,#78FF83
126,53,100,#78FF85
127,53,100,#78FF88
128,53,100,#78FF8A
129,53,100,#78FF8C
130,53,100,#78FF8E
131,53,100,#78FF91
132,53,100,#78FF93
133,53,100,#78FF95
134,53,100,#78FF97
135,53,100,#78FF9A
136,53,100,#78FF9C
137,53,100,#78FF9E
138,53,100,#78FFA0
139,53,100,#78FFA3
140,53,100,#78FFA5
141,53,100,#78FFA7
142,53,100,#78FFA9
143,53,100,#78FFAC
144,53,100,#78FFAE
145,53,100,#78FFB0
146,53,100,#78FFB2
147,53,100,#78FFB5
148,53,100,#78FFB7
149,53,100,#78FFB9
150,53,100,#78FFBB
151,53,100,#78FFBE
152,53,100,#78FFC0
153,53,100,#78FFC2
154,53,100,#78FFC4
155,53,100,#78FFC7
156,53,100,#78FFC9
157,53,100,#78FFCB
158,53,100,#78FFCD
159,53,100,#78FFD0
160,53,100,#78FFD2
161,53,100,#78FFD4
162,53,100,#78FFD6
163,53,100,#78FFD9
164,53,100,#78FFDB
165,53,100,#78FFDD
166,53,100,#78FFDF
167,53,100,#78FFE2
168,53,100,#78FFE4
169,53,100,#78FFE6
170,53,100,#78FFE8
171,53,100,#78FFEB
172,53,100,#78FFED
173,53,100,#78FFEF
174,53,100,#78FFF1
175,53,100,#78FFF4
176,53,100,#78FFF6
177,53,100,#78FFF8
178,53,100,#78FFFA
179,53,100,#78FFFD
180,53,100,#78FFFF
181,53,100,#78FDFF
182,53,100,#78FAFF
183,53,100,#78F8FF
184,53,100,#78F6FF
185,53,100,#78F4FF
186,53,100,#78F1FF
187,53,100,#78EFFF
188,53,100,#78EDFF
189,53,100,#78EBFF
190,53,100,#78E8FF
191,53,100,#78E6FF
192,53,100,#78E4FF
193,53,100,#78E2FF
194,53,100,#78DFFF
195,53,100,#78DDFF
196,53,100,#78DBFF
197,53,100,#78D9FF
198,53,100,#78D6FF
199,53,100,#78D4FF
200,53,100,#78D2FF
201,53,100,#78D0FF
202,53,100,#78CDFF
203,53,100,#78CBFF
204,53,100,#78C9FF
205,53,100,#78C7FF
206,53,100,#78C4FF
207,53,100,#78C2FF
208,53,100,#78C0FF
209,53,100,#78BEFF
210,53,100,#78BBFF
211,53,100,#78B9FF
212,53,100,#78B7FF
213,53,100,#78B5FF
214,53,100,#78B2FF
215,53,100,#78B0FF
216,53,100,#78AEFF
217,53,100,#78ACFF
218,53,100,#78A9FF
219,53,100,#78A7FF
220,53,100,#78A5FF
221,53,100,#78A3FF
222,53,100,#78A0FF
223,53,100,#789EFF
224,53,100,#789CFF
225,53,100,#789AFF
226,53,100,#7897FF
227,53,100,#7895FF
228,53,100,#7893FF
229,53,100,#7891FF
230,53,100,#788EFF
231,53,100,#788CFF
232,53,100,#788AFF
233,53,100,#7888FF
234,53,100,#7885FF
235,53,100,#7883FF
236,53,100,#7881FF
237,53,100,#787FFF
238,53,100,#787CFF
239,53,100,#787AFF
240,53,100,#7878FF
241,53,100,#7A78FF
242,53,100,#7C78FF
243,53,100,#7F78FF
244,53,100,#8178FF
245,53,100,#8378FF
246,53,100,#8578FF
247,53,100,#8878FF
248,53,100,#8A78FF
249,53,100,#8C78FF
250,53,100,#8E78FF
251,53,100,#9178FF
252,53,100,#9378FF
253,53,100,#9578FF
254,53,100,#9778FF
255,53,100,#9A78FF
256,53,100,#9C78FF
257,53,100,#9E78FF
258,53,100,#A078FF
259,53,100,#A378FF
260,53,100,#A578FF
261,53,100,#A778FF
262,53,100,#A978FF
263,53,100,#AC78FF
264,53,100,#AE78FF
265,53,100,#B078FF
266,53,100,#B278FF
267,53,100,#B578FF
268,53,100,#B778FF
269,53,100,#B978FF
270,53,100,#BB78FF
271,53,100,#BE78FF
272,53,100,#C078FF
273,53,100,#C278FF
274,53,100,#C478FF
275,53,100,#C778FF
276,53,100,#C978FF
277,53,100,#CB78FF
278,53,100,#CD78FF
279,53,100,#D078FF
280,53,100,#D278FF
281,53,100,#D478FF
282,53,100,#D678FF
283,53,100,#D978FF
284,53,100,#DB78FF
285,53,100,#DD78FF
286,53,100,#DF78FF
287,53,100,#E278FF
288,53,100,#E478FF
289,53,100,#E678FF
290,53,100,#E878FF
291,53,100,#EB78FF
292,53,100,#ED78FF
293,53,100,#EF78FF
294,53,100,#F178FF
295,53,100,#F478FF
296,53,100,#F678FF
297,53,100,#F878FF
298,53,100,#FA78FF
299,53,100,#FD78FF
300,53,100,#FF78FF
301,53,100,#FF78FD
302,53,100,#FF78FA
303,53,100,#FF78F8
304,53,100,#FF78F6
305,53,100,#FF78F4
306,53,100,#FF78F1
307,53,100,#FF78EF
308,53,100,#FF78ED
309,53,100,#FF78EB
310,53,100,#FF78E8
311,53,100,#FF78E6
312,53,100,#FF78E4
313,53,100,#FF78E2
314,53,100,#FF78DF
315,53,100,#FF78DD
316,53,100,#FF78DB
317,53,100,#FF78D9
318,53,100,#FF78D6
319,53,100,#FF78D4
320,53,100,#FF78D2
321,53,100,#FF78D0
322,53,100,#FF78CD
323,53,100,#FF78CB
324,53,100,#FF78C9
325,53,100,#FF78C7
326,53,100,#FF78C4
327,53,100,#FF78C2
328,53,100,#FF78C0
329,53,100,#FF78BE
330,53,100,#FF78BB
331,53,100,#FF78B9
332,53,100,#FF78B7
333,53,100,#FF78B5
334,53,100,#FF78B2
335,53,100,#FF78B0
336,53,100,#FF78AE
337,53,100,#FF78AC
338,53,100,#FF78A9
339,53,100,#FF78A7
340,53,100,#FF78A5
341,53,100,#FF78A3
342,53,100,#FF78A0
343,53,100,#FF789E
344,53,100,#FF789C
345,53,100,#FF789A
346,53,100,#FF7897
347,53,100,#FF7895
348,53,100,#FF7893
349,53,100,#FF7891
350,53,100,#FF788E
351,53,100,#FF788C
352,53,100,#FF788A
353,53,100,#FF7888
354,53,100,#FF7885
355,53,100,#FF7883
356,53,100,#FF7881
357,53,100,#FF787F
358,53,100,#FF787C
359,53,100,#FF787A
0,52,100,#FF7A7A
1,52,100,#FF7D7A
2,52,100,#FF7F7A
3,52,100,#FF817A
4,52,100,#FF837A
5,52,100,#FF857A
6,52,100,#FF887A
7,52,100,#FF8A7A
8,52,100,#FF8C7A
9,52,100,#FF8E7A
10,52,100,#FF917A
11,52,100,#FF937A
12,52,100,#FF957A
13,52,100,#FF977A
14,52,100,#FF997A
15,52,100,#FF9C7A
16,52,100,#FF9E7A
17,52,100,#FFA07A
18,52,100,#FFA27A
19,52,100,#FFA47A
20,52,100,#FFA77A
21,52,100,#FFA97A
22,52,100,#FFAB7A
23,52,100,#FFAD7A
24,52,100,#FFAF7A
25,52,100,#FFB27A
26,52,100,#FFB47A
27,52,100,#FFB67A
28,52,100,#FFB87A
29,52,100,#FFBA7A
30,52,100,#FFBD7A
31,52,100,#FFBF7A
32,52,100,#FFC17A
33,52,100,#FFC37A
34,52,100,#FFC67A
35,52,100,#FFC87A
36,52,100,#FFCA7A
37,52,100,#FFCC7A
38,52,100,#FFCE7A
39,52,100,#FFD17A
40,52,100,#FFD37A
41,52,100,#FFD57A
42,52,100,#FFD77A
43,52,100,#FFD97A
44,52,100,#FFDC7A
45,52,100,#FFDE7A
46,52,100,#FFE07A
47,52,100,#FFE27A
48,52,100,#FFE47A
49,52,100,#FFE77A
50,52,100,#FFE97A
51,52,100,#FFEB7A
52,52,100,#FFED7A
53,52,100,#FFF07A
54,52,100,#FFF27A
55,52,100,#FFF47A
56,52,100,#FFF67A
57,52,100,#FFF87A
58,52,100,#FFFB7A
59,52,100,#FFFD7A
60,52,100,#FFFF7A
61,52,100,#FDFF7A
62,52,100,#FBFF7A
63,52,100,#F8FF7A
64,52,100,#F6FF7A
65,52,100,#F4FF7A
66,52,100,#F2FF7A
67,52,100,#F0FF7A
68,52,100,#EDFF7A
69,52,100,#EBFF7A
70,52,100,#E9FF7A
71,52,100,#E7FF7A
72,52,100,#E4FF7A
73,52,100,#E2FF7A
74,52,100,#E0FF7A
75,52,100,#DEFF7A
76,52,100,#DCFF7A
77,52,100,#D9FF7A
78,52,100,#D7FF7A
79,52,100,#D5FF7A
80,52,100,#D3FF7A
81,52,100,#D1FF7A
82,52,100,#CEFF7A
83,52,100,#CCFF7A
84,52,100,#CAFF7A
85,52,100,#C8FF7A
86,52,100,#C6FF7A
87,52,100,#C3FF7A
88,52,100,#C1FF7A
89,52,100,#BFFF7A
90,52,100,#BDFF7A
91,52,100,#BAFF7A
92,52,100,#B8FF7A
93,52,100,#B6FF7A
94,52,100,#B4FF7A
95,52,100,#B2FF7A
96,52,100,#AFFF7A
97,52,100,#ADFF7A
98,52,100,#ABFF7A
99,52,100,#A9FF7A
100,52,100,#A7FF7A
101,52,100,#A4FF7A
102,52,100,#A2FF7A
103,52,100,#A0FF7A
104,52,100,#9EFF7A
105,52,100,#9CFF7A
106,52,100,#99FF7A
107,52,100,#97FF7A
108,52,100,#95FF7A
109,52,100,#93FF7A
110,52,100,#91FF7A
111,52,100,#8EFF7A
112,52,100,#8CFF7A
113,52,100,#8AFF7A
114,52,100,#88FF7A
115,52,100,#85FF7A
116,52,100,#83FF7A
117,52,100,#81FF7A
118,52,100,#7FFF7A
119,52,100,#7DFF7A
120,52,100,#7AFF7A
121,52,100,#7AFF7D
122,52,100,#7AFF7F
123,52,100,#7AFF81
124,52,100,#7AFF83
125,52,100,#7AFF85
126,52,100,#7AFF88
127,52,100,#7AFF8A
128,52,100,#7AFF8C
129,52,100,#7AFF8E
130,52,100,#7AFF91
131,52,100,#7AFF93
132,52,100,#7AFF95
133,52,100,#7AFF97
134,52,100,#7AFF99
135,52,100,#7AFF9C
136,52,100,#7AFF9E
137,52,100,#7AFFA0
138,52,100,#7AFFA2
139,52,100,#7AFFA4
140,52,100,#7AFFA7
141,52,100,#7AFFA9
142,52,100,#7AFFAB
143,52,100,#7AFFAD
144,52,100,#7AFFAF
145,52,100,#7AFFB2
146,52,100,#7AFFB4
147,52,100,#7AFFB6
148,52,100,#7AFFB8
149,52,100,#7AFFBA
150,52,100,#7AFFBD
151,52,100,#7AFFBF
152,52,100,#7AFFC1
153,52,100,#7AFFC3
154,52,100,#7AFFC6
155,52,100,#7AFFC8
156,52,100,#7AFFCA
157,52,100,#7AFFCC
158,52,100,#7AFFCE
159,52,100,#7AFFD1
160,52,100,#7AFFD3
161,52,100,#7AFFD5
162,52,100,#7AFFD7
163,52,100,#7AFFD9
164,52,100,#7AFFDC
165,52,100,#7AFFDE
166,52,100,#7AFFE0
167,52,100,#7AFFE2
168,52,100,#7AFFE4
169,52,100,#7AFFE7
170,52,100,#7AFFE9
171,52,100,#7AFFEB
172,52,100,#7AFFED
173,52,100,#7AFFF0
174,52,100,#7AFFF2
175,52,100,#7AFFF4
176,52,100,#7AFFF6
177,52,100,#7AFFF8
178,52,100,#7AFFFB
179,52,100,#7AFFFD
180,52,100,#7AFFFF
181,52,100,#7AFDFF
182,52,100,#7AFBFF
183,52,100,#7AF8FF
184,52,100,#7AF6FF
185,52,100,#7AF4FF
186,52,100,#7AF2FF
187,52,100,#7AF0FF
188,52,100,#7AEDFF
189,52,100,#7AEBFF
190,52,100,#7AE9FF
191,52,100,#7AE7FF
192,52,100,#7AE4FF
193,52,100,#7AE2FF
194,52,100,#7AE0FF
195,52,100,#7ADEFF
196,52,100,#7ADCFF
197,52,100,#7AD9FF
198,52,100,#7AD7FF
199,52,100,#7AD5FF
200,52,100,#7AD3FF
201,52,100,#7AD1FF
202,52,100,#7ACEFF
203,52,100,#7ACCFF
204,52,100,#7ACAFF
205,52,100,#7AC8FF
206,52,100,#7AC6FF
207,52,100,#7AC3FF
208,52,100,#7AC1FF
209,52,100,#7ABFFF
210,52,100,#7ABDFF
211,52,100,#7ABAFF
212,52,100,#7AB8FF
213,52,100,#7AB6FF
214,52,100,#7AB4FF
215,52,100,#7AB2FF
216,52,100,#7AAFFF
217,52,100,#7AADFF
218,52,100,#7AABFF
219,52,100,#7AA9FF
220,52,100,#7AA7FF
221,52,100,#7AA4FF
222,52,100,#7AA2FF
223,52,100,#7AA0FF
224,52,100,#7A9EFF
225,52,100,#7A9CFF
226,52,100,#7A99FF
227,52,100,#7A97FF
228,52,100,#7A95FF
229,52,100,#7A93FF
230,52,100,#7A91FF
231,52,100,#7A8EFF
232,52,100,#7A8CFF
233,52,100,#7A8AFF
234,52,100,#7A88FF
235,52,100,#7A85FF
236,52,100,#7A83FF
237,52,100,#7A81FF
238,52,100,#7A7FFF
239,52,100,#7A7DFF
240,52,100,#7A7AFF
241,52,100,#7D7AFF
242,52,100,#7F7AFF
243,52,100,#817AFF
244,52,100,#837AFF
245,52,100,#857AFF
246,52,100,#887AFF
247,52,100,#8A7AFF
248,52,100,#8C7AFF
249,52,100,#8E7AFF
250,52,100,#907AFF
251,52,100,#937AFF
252,52,100,#957AFF
253,52,100,#977AFF
254,52,100,#997AFF
255,52,100,#9C7AFF
256,52,100,#9E7AFF
257,52,100,#A07AFF
258,52,100,#A27AFF
259,52,100,#A47AFF
260,52,100,#A77AFF
261,52,100,#A97AFF
262,52,100,#AB7AFF
263,52,100,#AD7AFF
264,52,100,#AF7AFF
265,52,100,#B27AFF
266,52,100,#B47AFF
267,52,100,#B67AFF
268,52,100,#B87AFF
269,52,100,#BA7AFF
270,52,100,#BD7AFF
271,52,100,#BF7AFF
272,52,100,#C17AFF
273,52,100,#C37AFF
274,52,100,#C67AFF
275,52,100,#C87AFF
276,52,100,#CA7AFF
277,52,100,#CC7AFF
278,52,100,#CE7AFF
279,52,100,#D17AFF
280,52,100,#D37AFF
281,52,100,#D57AFF
282,52,100,#D77AFF
283,52,100,#D97AFF
284,52,100,#DC7AFF
285,52,100,#DE7AFF
286,52,100,#E07AFF
287,52,100,#E27AFF
288,52,100,#E47AFF
289,52,100,#E77AFF
290,52,100,#E97AFF
291,52,100,#EB7AFF
292,52,100,#ED7AFF
293,52,100,#F07AFF
294,52,100,#F27AFF
295,52,100,#F47AFF
296,52,100,#F67AFF
297,52,100,#F87AFF
298,52,100,#FB7AFF
299,52,100,#FD7AFF
300,52,100,#FF7AFF
301,52,100,#FF7AFD
302,52,100,#FF7AFB
303,52,100,#FF7AF8
304,52,100,#FF7AF6
305,52,100,#FF7AF4
306,52,100,#FF7AF2
307,52,100,#FF7AF0
308,52,100,#FF7AED
309,52,100,#FF7AEB
310,52,100,#FF7AE9
311,52,100,#FF7AE7
312,52,100,#FF7AE4
313,52,100,#FF7AE2
314,52,100,#FF7AE0
315,52,100,#FF7ADE
316,52,100,#FF7ADC
317,52,100,#FF7AD9
318,52,100,#FF7AD7
319,52,100,#FF7AD5
320,52,100,#FF7AD3
321,52,100,#FF7AD1
322,52,100,#FF7ACE
323,52,100,#FF7ACC
324,52,100,#FF7ACA
325,52,100,#FF7AC8
326,52,100,#FF7AC6
327,52,100,#FF7AC3
328,52,100,#FF7AC1
329,52,100,#FF7ABF
330,52,100,#FF7ABD
331,52,100,#FF7ABA
332,52,100,#FF7AB8
333,52,100,#FF7AB6
334,52,100,#FF7AB4
335,52,100,#FF7AB2
336,52,100,#FF7AAF
337,52,100,#FF7AAD
338,52,100,#FF7AAB
339,52,100,#FF7AA9
340,52,100,#FF7AA7
341,52,100,#FF7AA4
342,52,100,#FF7AA2
343,52,100,#FF7AA0
344,52,100,#FF7A9E
345,52,100,#FF7A9C
346,52,100,#FF7A99
347,52,100,#FF7A97
348,52,100,#FF7A95
349,52,100,#FF7A93
350,52,100,#FF7A91
351,52,100,#FF7A8E
352,52,100,#FF7A8C
353,52,100,#FF7A8A
354,52,100,#FF7A88
355,52,100,#FF7A85
356,52,100,#FF7A83
357,52,100,#FF7A81
358,52,100,#FF7A7F
359,52,100,#FF7A7D
0,51,100,#FF7D7D
1,51,100,#FF7F7D
2,51,100,#FF817D
3,51,100,#FF837D
4,51,100,#FF867D
5,51,100,#FF887D
6,51,100,#FF8A7D
7,51,100,#FF8C7D
8,51,100,#FF8E7D
9,51,100,#FF907D
10,51,100,#FF937D
11,51,100,#FF957D
12,51,100,#FF977D
13,51,100,#FF997D
14,51,100,#FF9B7D
15,51,100,#FF9D7D
16,51,100,#FFA07D
17,51,100,#FFA27D
18,51,100,#FFA47D
19,51,100,#FFA67D
20,51,100,#FFA87D
21,51,100,#FFAA7D
22,51,100,#FFAD7D
23,51,100,#FFAF7D
24,51,100,#FFB17D
25,51,100,#FFB37D
26,51,100,#FFB57D
27,51,100,#FFB77D
28,51,100,#FFBA7D
29,51,100,#FFBC7D
30,51,100,#FFBE7D
31,51,100,#FFC07D
32,51,100,#FFC27D
33,51,100,#FFC47D
34,51,100,#FFC77D
35,51,100,#FFC97D
36,51,100,#FFCB7D
37,51,100,#FFCD7D
38,51,100,#FFCF7D
39,51,100,#FFD17D
40,51,100,#FFD47D
41,51,100,#FFD67D
42,51,100,#FFD87D
43,51,100,#FFDA7D
44,51,100,#FFDC7D
45,51,100,#FFDE7D
46,51,100,#FFE17D
47,51,100,#FFE37D
48,51,100,#FFE57D
49,51,100,#FFE77D
50,51,100,#FFE97D
51,51,100,#FFEB7D
52,51,100,#FFEE7D
53,51,100,#FFF07D
54,51,100,#FFF27D
55,51,100,#FFF47D
56,51,100,#FFF67D
57,51,100,#FFF87D
58,51,100,#FFFB7D
59,51,100,#FFFD7D
60,51,100,#FFFF7D
61,51,100,#FDFF7D
62,51,100,#FBFF7D
63,51,100,#F8FF7D
64,51,100,#F6FF7D
65,51,100,#F4FF7D
66,51,100,#F2FF7D
67,51,100,#F0FF7D
68,51,100,#EEFF7D
69,51,100,#EBFF7D
70,51,100,#E9FF7D
71,51,100,#E7FF7D
72,51,100,#E5FF7D
73,51,100,#E3FF7D
74,51,100,#E1FF7D
75,51,100,#DEFF7D
76,51,100,#DCFF7D
77,51,100,#DAFF7D
78,51,100,#D8FF7D
79,51,100,#D6FF7D
80,51,100,#D4FF7D
81,51,100,#D1FF7D
82,51,100,#CFFF7D
83,51,100,#CDFF7D
84,51,100,#CBFF7D
85,51,100,#C9FF7D
86,51,100,#C7FF7D
87,51,100,#C4FF7D
88,51,100,#C2FF7D
89,51,100,#C0FF7D
90,51,100,#BEFF7D
91,51,100,#BCFF7D
92,51,100,#BAFF7D
93,51,100,#B7FF7D
94,51,100,#B5FF7D
95,51,100,#B3FF7D
96,51,100,#B1FF7D
97,51,100,#AFFF7D
98,51,100,#ADFF7D
99,51,100,#AAFF7D
100,51,100,#A8FF7D
101,51,100,#A6FF7D
102,51,100,#A4FF7D
103,51,100,#A2FF7D
104,51,100,#A0FF7D
105,51,100,#9DFF7D
106,51,100,#9BFF7D
107,51,100,#99FF7D
108,51,100,#97FF7D
109,51,100,#95FF7D
110,51,100,#93FF7D
111,51,100,#90FF7D
112,51,100,#8EFF7D
113,51,100,#8CFF7D
114,51,100,#8AFF7D
115,51,100,#88FF7D
116,51,100,#86FF7D
117,51,100,#83FF7D
118,51,100,#81FF7D
119,51,100,#7FFF7D
120,51,100,#7DFF7D
121,51,100,#7DFF7F
122,51,100,#7DFF81
123,51,100,#7DFF83
124,51,100,#7DFF86
125,51,100,#7DFF88
126,51,100,#7DFF8A
127,51,100,#7DFF8C
128,51,100,#7DFF8E
129,51,100,#7DFF90
130,51,100,#7DFF93
131,51,100,#7DFF95
132,51,100,#7DFF97
133,51,100,#7DFF99
134,51,100,#7DFF9B
135,51,100,#7DFF9D
136,51,100,#7DFFA0
137,51,100,#7DFFA2
138,51,100,#7DFFA4
139,51,100,#7DFFA6
140,51,100,#7DFFA8
141,51,100,#7DFFAA
142,51,100,#7DFFAD
143,51,100,#7DFFAF
144,51,100,#7DFFB1
145,51,100,#7DFFB3
146,51,100,#7DFFB5
147,51,100,#7DFFB7
148,51,100,#7DFFBA
149,51,100,#7DFFBC
150,51,100,#7DFFBE
151,51,100,#7DFFC0
152,51,100,#7DFFC2
153,51,100,#7DFFC4
154,51,100,#7DFFC7
155,51,100,#7DFFC9
156,51,100,#7DFFCB
157,51,100,#7DFFCD
158,51,100,#7DFFCF
159,51,100,#7DFFD1
160,51,100,#7DFFD4
161,51,100,#7DFFD6
162,51,100,#7DFFD8
163,51,100,#7DFFDA
164,51,100,#7DFFDC
165,51,100,#7DFFDE
166,51,100,#7DFFE1
167,51,100,#7DFFE3
168,51,100,#7DFFE5
169,51,100,#7DFFE7
170,51,100,#7DFFE9
171,51,100,#7DFFEB
172,51,100,#7DFFEE
173,51,100,#7DFFF0
174,51,100,#7DFFF2
175,51,100,#7DFFF4
176,51,100,#7DFFF6
177,51,100,#7DFFF8
178,51,100,#7DFFFB
179,51,100,#7DFFFD
180,51,100,#7DFFFF
181,51,100,#7DFDFF
182,51,100,#7DFBFF
183,51,100,#7DF8FF
184,51,100,#7DF6FF
185,51,100,#7DF4FF
186,51,100,#7DF2FF
187,51,100,#7DF0FF
188,51,100,#7DEEFF
189,51,100,#7DEBFF
190,51,100,#7DE9FF
191,51,100,#7DE7FF
192,51,100,#7DE5FF
193,51,100,#7DE3FF
194,51,100,#7DE1FF
195,51,100,#7DDEFF
196,51,100,#7DDCFF
197,51,100,#7DDAFF
198,51,100,#7DD8FF
199,51,100,#7DD6FF
200,51,100,#7DD4FF
201,51,100,#7DD1FF
202,51,100,#7DCFFF
203,51,100,#7DCDFF
204,51,100,#7DCBFF
205,51,100,#7DC9FF
206,51,100,#7DC7FF
207,51,100,#7DC4FF
208,51,100,#7DC2FF
209,51,100,#7DC0FF
210,51,100,#7DBEFF
211,51,100,#7DBCFF
212,51,100,#7DBAFF
213,51,100,#7DB7FF
214,51,100,#7DB5FF
215,51,100,#7DB3FF
216,51,100,#7DB1FF
217,51,100,#7DAFFF
218,51,100,#7DADFF
219,51,100,#7DAAFF
220,51,100,#7DA8FF
221,51,100,#7DA6FF
222,51,100,#7DA4FF
223,51,100,#7DA2FF
224,51,100,#7DA0FF
225,51,100,#7D9DFF
226,51,100,#7D9BFF
227,51,100,#7D99FF
228,51,100,#7D97FF
229,51,100,#7D95FF
230,51,100,#7D93FF
231,51,100,#7D90FF
232,51,100,#7D8EFF
233,51,100,#7D8CFF
234,51,100,#7D8AFF
235,51,100,#7D88FF
236,51,100,#7D86FF
237,51,100,#7D83FF
238,51,100,#7D81FF
239,51,100,#7D7FFF
240,51,100,#7D7DFF
241,51,100,#7F7DFF
242,51,100,#817DFF
243,51,100,#837DFF
244,51,100,#867DFF
245,51,100,#887DFF
246,51,100,#8A7DFF
247,51,100,#8C7DFF
248,51,100,#8E7DFF
249,51,100,#907DFF
250,51,100,#937DFF
251,51,100,#957DFF
252,51,100,#977DFF
253,51,100,#997DFF
254,51,100,#9B7DFF
255,51,100,#9D7DFF
256,51,100,#A07DFF
257,51,100,#A27DFF
258,51,100,#A47DFF
259,51,100,#A67DFF
260,51,100,#A87DFF
261,51,100,#AA7DFF
262,51,100,#AD7DFF
263,51,100,#AF7DFF
264,51,100,#B17DFF
265,51,100,#B37DFF
266,51,100,#B57DFF
267,51,100,#B77DFF
268,51,100,#BA7DFF
269,51,100,#BC7DFF
270,51,100,#BE7DFF
271,51,100,#C07DFF
272,51,100,#C27DFF
273,51,100,#C47DFF
274,51,100,#C77DFF
275,51,100,#C97DFF
276,51,100,#CB7DFF
277,51,100,#CD7DFF
278,51,100,#CF7DFF
279,51,100,#D17DFF
280,51,100,#D47DFF
281,51,100,#D67DFF
282,51,100,#D87DFF
283,51,100,#DA7DFF
284,51,100,#DC7DFF
285,51,100,#DE7DFF
286,51,100,#E17DFF
287,51,100,#E37DFF
288,51,100,#E57DFF
289,51,100,#E77DFF
290,51,100,#E97DFF
291,51,100,#EB7DFF
292,51,100,#EE7DFF
293,51,100,#F07DFF
294,51,100,#F27DFF
295,51,100,#F47DFF
296,51,100,#F67DFF
297,51,100,#F87DFF
298,51,100,#FB7DFF
299,51,100,#FD7DFF
300,51,100,#FF7DFF
301,51,100,#FF7DFD
302,51,100,#FF7DFB
303,51,100,#FF7DF8
304,51,100,#FF7DF6
305,51,100,#FF7DF4
306,51,100,#FF7DF2
307,51,100,#FF7DF0
308,51,100,#FF7DEE
309,51,100,#FF7DEB
310,51,100,#FF7DE9
311,51,100,#FF7DE7
312,51,100,#FF7DE5
313,51,100,#FF7DE3
314,51,100,#FF7DE1
315,51,100,#FF7DDE
316,51,100,#FF7DDC
317,51,100,#FF7DDA
318,51,100,#FF7DD8
319,51,100,#FF7DD6
320,51,100,#FF7DD4
321,51,100,#FF7DD1
322,51,100,#FF7DCF
323,51,100,#FF7DCD
324,51,100,#FF7DCB
325,51,100,#FF7DC9
326,51,100,#FF7DC7
327,51,100,#FF7DC4
328,51,100,#FF7DC2
329,51,100,#FF7DC0
330,51,100,#FF7DBE
331,51,100,#FF7DBC
332,51,100,#FF7DBA
333,51,100,#FF7DB7
334,51,100,#FF7DB5
335,51,100,#FF7DB3
336,51,100,#FF7DB1
337,51,100,#FF7DAF
338,51,100,#FF7DAD
339,51,100,#FF7DAA
340,51,100,#FF7DA8
341,51,100,#FF7DA6
342,51,100,#FF7DA4
343,51,100,#FF7DA2
344,51,100,#FF7DA0
345,51,100,#FF7D9D
346,51,100,#FF7D9B
347,51,100,#FF7D99
348,51,100,#FF7D97
349,51,100,#FF7D95
350,51,100,#FF7D93
351,51,100,#FF7D90
352,51,100,#FF7D8E
353,51,100,#FF7D8C
354,51,100,#FF7D8A
355,51,100,#FF7D88
356,51,100,#FF7D86
357,51,100,#FF7D83
358,51,100,#FF7D81
359,51,100,#FF7D7F
0,50,100,#FF8080
1,50,100,#FF8280
2,50,100,#FF8480
3,50,100,#FF8680
4,50,100,#FF8880
5,50,100,#FF8A80
6,50,100,#FF8C80
7,50,100,#FF8E80
8,50,100,#FF9180
9,50,100,#FF9380
10,50,100,#FF9580
11,50,100,#FF9780
12,50,100,#FF9980
13,50,100,#FF9B80
14,50,100,#FF9D80
15,50,100,#FF9F80
16,50,100,#FFA280
17,50,100,#FFA480
18,50,100,#FFA680
19,50,100,#FFA880
20,50,100,#FFAA80
21,50,100,#FFAC80
22,50,100,#FFAE80
23,50,100,#FFB080
24,50,100,#FFB380
25,50,100,#FFB580
26,50,100,#FFB780
27,50,100,#FFB980
28,50,100,#FFBB80
29,50,100,#FFBD80
30,50,100,#FFBF80
31,50,100,#FFC180
32,50,100,#FFC380
33,50,100,#FFC680
34,50,100,#FFC880
35,50,100,#FFCA80
36,50,100,#FFCC80
37,50,100,#FFCE80
38,50,100,#FFD080
39,50,100,#FFD280
40,50,100,#FFD480
41,50,100,#FFD780
42,50,100,#FFD980
43,50,100,#FFDB80
44,50,100,#FFDD80
45,50,100,#FFDF80
46,50,100,#FFE180
47,50,100,#FFE380
48,50,100,#FFE680
49,50,100,#FFE880
50,50,100,#FFEA80
51,50,100,#FFEC80
52,50,100,#FFEE80
53,50,100,#FFF080
54,50,100,#FFF280
55,50,100,#FFF480
56,50,100,#FFF780
57,50,100,#FFF980
58,50,100,#FFFB80
59,50,100,#FFFD80
60,50,100,#FFFF80
61,50,100,#FDFF80
62,50,100,#FBFF80
63,50,100,#F9FF80
64,50,100,#F7FF80
65,50,100,#F4FF80
66,50,100,#F2FF80
67,50,100,#F0FF80
68,50,100,#EEFF80
69,50,100,#ECFF80
70,50,100,#EAFF80
71,50,100,#E8FF80
72,50,100,#E5FF80
73,50,100,#E3FF80
74,50,100,#E1FF80
75,50,100,#DFFF80
76,50,100,#DDFF80
77,50,100,#DBFF80
78,50,100,#D9FF80
79,50,100,#D7FF80
80,50,100,#D5FF80
81,50,100,#D2FF80
82,50,100,#D0FF80
83,50,100,#CEFF80
84,50,100,#CCFF80
85,50,100,#CAFF80
86,50,100,#C8FF80
87,50,100,#C6FF80
88,50,100,#C4FF80
89,50,100,#C1FF80
90,50,100,#BFFF80
91,50,100,#BDFF80
92,50,100,#BBFF80
93,50,100,#B9FF80
94,50,100,#B7FF80
95,50,100,#B5FF80
96,50,100,#B3FF80
97,50,100,#B0FF80
98,50,100,#AEFF80
99,50,100,#ACFF80
100,50,100,#AAFF80
101,50,100,#A8FF80
102,50,100,#A6FF80
103,50,100,#A4FF80
104,50,100,#A2FF80
105,50,100,#9FFF80
106,50,100,#9DFF80
107,50,100,#9BFF80
108,50,100,#99FF80
109,50,100,#97FF80
110,50,100,#95FF80
111,50,100,#93FF80
112,50,100,#91FF80
113,50,100,#8EFF80
114,50,100,#8CFF80
115,50,100,#8AFF80
116,50,100,#88FF80
117,50,100,#86FF80
118,50,100,#84FF80
119,50,100,#82FF80
120,50,100,#80FF80
121,50,100,#80FF82
122,50,100,#80FF84
123,50,100,#80FF86
124,50,100,#80FF88
125,50,100,#80FF8A
126,50,100,#80FF8C
127,50,100,#80FF8E
128,50,100,#80FF91
129,50,100,#80FF93
130,50,100,#80FF95
131,50,100,#80FF97
132,50,100,#80FF99
133,50,100,#80FF9B
134,50,100,#80FF9D
135,50,100,#80FF9F
136,50,100,#80FFA2
137,50,100,#80FFA4
138,50,100,#80FFA6
139,50,100,#80FFA8
140,50,100,#80FFAA
141,50,100,#80FFAC
142,50,100,#80FFAE
143,50,100,#80FFB0
144,50,100,#80FFB3
145,50,100,#80FFB5
146,50,100,#80FFB7
147,50,100,#80FFB9
148,50,100,#80FFBB
149,50,100,#80FFBD
150,50,100,#80FFBF
151,50,100,#80FFC1
152,50,100,#80FFC3
153,50,100,#80FFC6
154,50,100,#80FFC8
155,50,100,#80FFCA
156,50,100,#80FFCC
157,50,100,#80FFCE
158,50,100,#80FFD0
159,50,100,#80FFD2
160,50,100,#80FFD4
161,50,100,#80FFD7
162,50,100,#80FFD9
163,50,100,#80FFDB
164,50,100,#80FFDD
165,50,100,#80FFDF
166,50,100,#80FFE1
167,50,100,#80FFE3
168,50,100,#80FFE5
169,50,100,#80FFE8
170,50,100,#80FFEA
171,50,100,#80FFEC
172,50,100,#80FFEE
173,50,100,#80FFF0
174,50,100,#80FFF2
175,50,100,#80FFF4
176,50,100,#80FFF6
177,50,100,#80FFF9
178,50,100,#80FFFB
179,50,100,#80FFFD
180,50,100,#80FFFF
181,50,100,#80FDFF
182,50,100,#80FBFF
183,50,100,#80F9FF
184,50,100,#80F7FF
185,50,100,#80F4FF
186,50,100,#80F2FF
187,50,100,#80F0FF
188,50,100,#80EEFF
189,50,100,#80ECFF
190,50,100,#80EAFF
191,50,100,#80E8FF
192,50,100,#80E5FF
193,50,100,#80E3FF
194,50,100,#80E1FF
195,50,100,#80DFFF
196,50,100,#80DDFF
197,50,100,#80DBFF
198,50,100,#80D9FF
199,50,100,#80D7FF
200,50,100,#80D4FF
201,50,100,#80D2FF
202,50,100,#80D0FF
203,50,100,#80CEFF
204,50,100,#80CCFF
205,50,100,#80CAFF
206,50,100,#80C8FF
207,50,100,#80C6FF
208,50,100,#80C4FF
209,50,100,#80C1FF
210,50,100,#80BFFF
211,50,100,#80BDFF
212,50,100,#80BBFF
213,50,100,#80B9FF
214,50,100,#80B7FF
215,50,100,#80B5FF
216,50,100,#80B3FF
217,50,100,#80B0FF
218,50,100,#80AEFF
219,50,100,#80ACFF
220,50,100,#80AAFF
221,50,100,#80A8FF
222,50,100,#80A6FF
223,50,100,#80A4FF
224,50,100,#80A2FF
225,50,100,#809FFF
226,50,100,#809DFF
227,50,100,#809BFF
228,50,100,#8099FF
229,50,100,#8097FF
230,50,100,#8095FF
231,50,100,#8093FF
232,50,100,#8090FF
233,50,100,#808EFF
234,50,100,#808CFF
235,50,100,#808AFF
236,50,100,#8088FF
237,50,100,#8086FF
238,50,100,#8084FF
239,50,100,#8082FF
240,50,100,#8080FF
241,50,100,#8280FF
242,50,100,#8480FF
243,50,100,#8680FF
244,50,100,#8880FF
245,50,100,#8A80FF
246,50,100,#8C80FF
247,50,100,#8E80FF
248,50,100,#9080FF
249,50,100,#9380FF
250,50,100,#9580FF
251,50,100,#9780FF
252,50,100,#9980FF
253,50,100,#9B80FF
254,50,100,#9D80FF
255,50,100,#9F80FF
256,50,100,#A280FF
257,50,100,#A480FF
258,50,100,#A680FF
259,50,100,#A880FF
260,50,100,#AA80FF
261,50,100,#AC80FF
262,50,100,#AE80FF
263,50,100,#B080FF
264,50,100,#B280FF
265,50,100,#B580FF
266,50,100,#B780FF
267,50,100,#B980FF
268,50,100,#BB80FF
269,50,100,#BD80FF
270,50,100,#BF80FF
271,50,100,#C180FF
272,50,100,#C380FF
273,50,100,#C680FF
274,50,100,#C880FF
275,50,100,#CA80FF
276,50,100,#CC80FF
277,50,100,#CE80FF
278,50,100,#D080FF
279,50,100,#D280FF
280,50,100,#D580FF
281,50,100,#D780FF
282,50,100,#D980FF
283,50,100,#DB80FF
284,50,100,#DD80FF
285,50,100,#DF80FF
286,50,100,#E180FF
287,50,100,#E380FF
288,50,100,#E680FF
289,50,100,#E880FF
290,50,100,#EA80FF
291,50,100,#EC80FF
292,50,100,#EE80FF
293,50,100,#F080FF
294,50,100,#F280FF
295,50,100,#F480FF
296,50,100,#F780FF
297,50,100,#F980FF
298,50,100,#FB80FF
299,50,100,#FD80FF
300,50,100,#FF80FF
301,50,100,#FF80FD
302,50,100,#FF80FB
303,50,100,#FF80F9
304,50,100,#FF80F7
305,50,100,#FF80F4
306,50,100,#FF80F2
307,50,100,#FF80F0
308,50,100,#FF80EE
309,50,100,#FF80EC
310,50,100,#FF80EA
311,50,100,#FF80E8
312,50,100,#FF80E5
313,50,100,#FF80E3
314,50,100,#FF80E1
315,50,100,#FF80DF
316,50,100,#FF80DD
317,50,100,#FF80DB
318,50,100,#FF80D9
319,50,100,#FF80D7
320,50,100,#FF80D5
321,50,100,#FF80D2
322,50,100,#FF80D0
323,50,100,#FF80CE
324,50,100,#FF80CC
325,50,100,#FF80CA
326,50,100,#FF80C8
327,50,100,#FF80C6
328,50,100,#FF80C3
329,50,100,#FF80C1
330,50,100,#FF80BF
331,50,100,#FF80BD
332,50,100,#FF80BB
333,50,100,#FF80B9
334,50,100,#FF80B7
335,50,100,#FF80B5
336,50,100,#FF80B3
337,50,100,#FF80B0
338,50,100,#FF80AE
339,50,100,#FF80AC
340,50,100,#FF80AA
341,50,100,#FF80A8
342,50,100,#FF80A6
343,50,100,#FF80A4
344,50,100,#FF80A2
345,50,100,#FF809F
346,50,100,#FF809D
347,50,100,#FF809B
348,50,100,#FF8099
349,50,100,#FF8097
350,50,100,#FF8095
351,50,100,#FF8093
352,50,100,#FF8091
353,50,100,#FF808E
354,50,100,#FF808C
355,50,100,#FF808A
356,50,100,#FF8088
357,50,100,#FF8086
358,50,100,#FF8084
359,50,100,#FF8082
0,49,100,#FF8282
1,49,100,#FF8482
2,49,100,#FF8682
3,49,100,#FF8882
4,49,100,#FF8A82
5,49,100,#FF8C82
6,49,100,#FF8F82
7,49,100,#FF9182
8,49,100,#FF9382
9,49,100,#FF9582
10,49,100,#FF9782
11,49,100,#FF9982
12,49,100,#FF9B82
13,49,100,#FF9D82
14,49,100,#FF9F82
15,49,100,#FFA182
16,49,100,#FFA382
17,49,100,#FFA582
18,49,100,#FFA882
19,49,100,#FFAA82
20,49,100,#FFAC82
21,49,100,#FFAE82
22,49,100,#FFB082
23,49,100,#FFB282
24,49,100,#FFB482
25,49,100,#FFB682
26,49,100,#FFB882
27,49,100,#FFBA82
28,49,100,#FFBC82
29,49,100,#FFBE82
30,49,100,#FFC182
31,49,100,#FFC382
32,49,100,#FFC582
33,49,100,#FFC782
34,49,100,#FFC982
35,49,100,#FFCB82
36,49,100,#FFCD82
37,49,100,#FFCF82
38,49,100,#FFD182
39,49,100,#FFD382
40,49,100,#FFD582
41,49,100,#FFD782
42,49,100,#FFDA82
43,49,100,#FFDC82
44,49,100,#FFDE82
45,49,100,#FFE082
46,49,100,#FFE282
47,49,100,#FFE482
48,49,100,#FFE682
49,49,100,#FFE882
50,49,100,#FFEA82
51,49,100,#FFEC82
52,49,100,#FFEE82
53,49,100,#FFF082
54,49,100,#FFF382
55,49,100,#FFF582
56,49,100,#FFF782
57,49,100,#FFF982
58,49,100,#FFFB82
59,49,100,#FFFD82
60,49,100,#FFFF82
61,49,100,#FDFF82
62,49,100,#FBFF82
63,49,100,#F9FF82
64,49,100,#F7FF82
65,49,100,#F5FF82
66,49,100,#F3FF82
67,49,100,#F0FF82
68,49,100,#EEFF82
69,49,100,#ECFF82
70,49,100,#EAFF82
71,49,100,#E8FF82
72,49,100,#E6FF82
73,49,100,#E4FF82
74,49,100,#E2FF82
75,49,100,#E0FF82
76,49,100,#DEFF82
77,49,100,#DCFF82
78,49,100,#DAFF82
79,49,100,#D7FF82
80,49,100,#D5FF82
81,49,100,#D3FF82
82,49,100,#D1FF82
83,49,100,#CFFF82
84,49,100,#CDFF82
85,49,100,#CBFF82
86,49,100,#C9FF82
87,49,100,#C7FF82
88,49,100,#C5FF82
89,49,100,#C3FF82
90,49,100,#C1FF82
91,49,100,#BEFF82
92,49,100,#BCFF82
93,49,100,#BAFF82
94,49,100,#B8FF82
95,49,100,#B6FF82
96,49,100,#B4FF82
97,49,100,#B2FF82
98,49,100,#B0FF82
99,49,100,#AEFF82
100,49,100,#ACFF82
101,49,100,#AAFF82
102,49,100,#A8FF82
103,49,100,#A5FF82
104,49,100,#A3FF82
105,49,100,#A1FF82
106,49,100,#9FFF82
107,49,100,#9DFF82
108,49,100,#9BFF82
109,49,100,#99FF82
110,49,100,#97FF82
111,49,100,#95FF82
112,49,100,#93FF82
113,49,100,#91FF82
114,49,100,#8FFF82
115,49,100,#8CFF82
116,49,100,#8AFF82
117,49,100,#88FF82
118,49,100,#86FF82
119,49,100,#84FF82
120,49,100,#82FF82
121,49,100,#82FF84
122,49,100,#82FF86
123,49,100,#82FF88
124,49,100,#82FF8A
125,49,100,#82FF8C
126,49,100,#82FF8F
127,49,100,#82FF91
128,49,100,#82FF93
129,49,100,#82FF95
130,49,100,#82FF97
131,49,100,#82FF99
132,49,100,#82FF9B
133,49,100,#82FF9D
134,49,100,#82FF9F
135,49,100,#82FFA1
136,49,100,#82FFA3
137,49,100,#82FFA5
138,49,100,#82FFA8
139,49,100,#82FFAA
140,49,100,#82FFAC
141,49,100,#82FFAE
142,49,100,#82FFB0
143,49,100,#82FFB2
144,49,100,#82FFB4
145,49,100,#82FFB6
146,49,100,#82FFB8
147,49,100,#82FFBA
148,49,100,#82FFBC
149,49,100,#82FFBE
150,49,100,#82FFC1
151,49,100,#82FFC3
152,49,100,#82FFC5
153,49,100,#82FFC7
154,49,100,#82FFC9
155,49,100,#82FFCB
156,49,100,#82FFCD
157,49,100,#82FFCF
158,49,100,#82FFD1
159,49,100,#82FFD3
160,49,100,#82FFD5
161,49,100,#82FFD7
162,49,100,#82FFDA
163,49,100,#82FFDC
164,49,100,#82FFDE
165,49,100,#82FFE0
166,49,100,#82FFE2
167,49,100,#82FFE4
168,49,100,#82FFE6
169,49,100,#82FFE8
170,49,100,#82FFEA
171,49,100,#82FFEC
172,49,100,#82FFEE
173,49,100,#82FFF0
174,49,100,#82FFF3
175,49,100,#82FFF5
176,49,100,#82FFF7
177,49,100,#82FFF9
178,49,100,#82FFFB
179,49,100,#82FFFD
180,49,100,#82FFFF
181,49,100,#82FDFF
182,49,100,#82FBFF
183,49,100,#82F9FF
184,49,100,#82F7FF
185,49,100,#82F5FF
186,49,100,#82F3FF
187,49,100,#82F0FF
188,49,100,#82EEFF
189,49,100,#82ECFF
190,49,100,#82EAFF
191,49,100,#82E8FF
192,49,100,#82E6FF
193,49,100,#82E4FF
194,49,100,#82E2FF
195,49,100,#82E0FF
196,49,100,#82DEFF
197,49,100,#82DCFF
198,49,100,#82DAFF
199,49,100,#82D7FF
200,49,100,#82D5FF
201,49,100,#82D3FF
202,49,100,#82D1FF
203,49,100,#82CFFF
204,49,100,#82CDFF
205,49,100,#82CBFF
206,49,100,#82C9FF
207,49,100,#82C7FF
208,49,100,#82C5FF
209,49,100,#82C3FF
210,49,100,#82C1FF
211,49,100,#82BEFF
212,49,100,#82BCFF
213,49,100,#82BAFF
214,49,100,#82B8FF
215,49,100,#82B6FF
216,49,100,#82B4FF
217,49,100,#82B2FF
218,49,100,#82B0FF
219,49,100,#82AEFF
220,49,100,#82ACFF
221,49,100,#82AAFF
222,49,100,#82A8FF
223,49,100,#82A5FF
224,49,100,#82A3FF
225,49,100,#82A1FF
226,49,100,#829FFF
227,49,100,#829DFF
228,49,100,#829BFF
229,49,100,#8299FF
230,49,100,#8297FF
231,49,100,#8295FF
232,49,100,#8293FF
233,49,100,#8291FF
234,49,100,#828FFF
235,49,100,#828CFF
236,49,100,#828AFF
237,49,100,#8288FF
238,49,100,#8286FF
239,49,100,#8284FF
240,49,100,#8282FF
241,49,100,#8482FF
242,49,100,#8682FF
243,49,100,#8882FF
244,49,100,#8A82FF
245,49,100,#8C82FF
246,49,100,#8F82FF
247,49,100,#9182FF
248,49,100,#9382FF
249,49,100,#9582FF
250,49,100,#9782FF
251,49,100,#9982FF
252,49,100,#9B82FF
253,49,100,#9D82FF
254,49,100,#9F82FF
255,49,100,#A182FF
256,49,100,#A382FF
257,49,100,#A582FF
258,49,100,#A882FF
259,49,100,#AA82FF
260,49,100,#AC82FF
261,49,100,#AE82FF
262,49,100,#B082FF
263,49,100,#B282FF
264,49,100,#B482FF
265,49,100,#B682FF
266,49,100,#B882FF
267,49,100,#BA82FF
268,49,100,#BC82FF
269,49,100,#BE82FF
270,49,100,#C182FF
271,49,100,#C382FF
272,49,100,#C582FF
273,49,100,#C782FF
274,49,100,#C982FF
275,49,100,#CB82FF
276,49,100,#CD82FF
277,49,100,#CF82FF
278,49,100,#D182FF
279,49,100,#D382FF
280,49,100,#D582FF
281,49,100,#D782FF
282,49,100,#DA82FF
283,49,100,#DC82FF
284,49,100,#DE82FF
285,49,100,#E082FF
286,49,100,#E282FF
287,49,100,#E482FF
288,49,100,#E682FF
289,49,100,#E882FF
290,49,100,#EA82FF
291,49,100,#EC82FF
292,49,100,#EE82FF
293,49,100,#F082FF
294,49,100,#F382FF
295,49,100,#F582FF
296,49,100,#F782FF
297,49,100,#F982FF
298,49,100,#FB82FF
299,49,100,#FD82FF
300,49,100,#FF82FF
301,49,100,#FF82FD
302,49,100,#FF82FB
303,49,100,#FF82F9
304,49,100,#FF82F7
305,49,100,#FF82F5
306,49,100,#FF82F3
307,49,100,#FF82F0
308,49,100,#FF82EE
309,49,100,#FF82EC
310,49,100,#FF82EA
311,49,100,#FF82E8
312,49,100,#FF82E6
313,49,100,#FF82E4
314,49,100,#FF82E2
315,49,100,#FF82E0
316,49,100,#FF82DE
317,49,100,#FF82DC
318,49,100,#FF82DA
319,49,100,#FF82D7
320,49,100,#FF82D5
321,49,100,#FF82D3
322,49,100,#FF82D1
323,49,100,#FF82CF
324,49,100,#FF82CD
325,49,100,#FF82CB
326,49,100,#FF82C9
327,49,100,#FF82C7
328,49,100,#FF82C5
329,49,100,#FF82C3
330,49,100,#FF82C1
331,49,100,#FF82BE
332,49,100,#FF82BC
333,49,100,#FF82BA
334,49,100,#FF82B8
335,49,100,#FF82B6
336,49,100,#FF82B4
337,49,100,#FF82B2
338,49,100,#FF82B0
339,49,100,#FF82AE
340,49,100,#FF82AC
341,49,100,#FF82AA
342,49,100,#FF82A8
343,49,100,#FF82A5
344,49,100,#FF82A3
345,49,100,#FF82A1
346,49,100,#FF829F
347,49,100,#FF829D
348,49,100,#FF829B
349,49,100,#FF8299
350,49,100,#FF8297
351,49,100,#FF8295
352,49,100,#FF8293
353,49,100,#FF8291
354,49,100,#FF828F
355,49,100,#FF828C
356,49,100,#FF828A
357,49,100,#FF8288
358,49,100,#FF8286
359,49,100,#FF8284
0,48,100,#FF8585
1,48,100,#FF8785
2,48,100,#FF8985
3,48,100,#FF8B85
4,48,100,#FF8D85
5,48,100,#FF8F85
6,48,100,#FF9185
7,48,100,#FF9385
8,48,100,#FF9585
9,48,100,#FF9785
10,48,100,#FF9985
11,48,100,#FF9B85
12,48,100,#FF9D85
13,48,100,#FF9F85
14,48,100,#FFA185
15,48,100,#FFA385
16,48,100,#FFA585
17,48,100,#FFA785
18,48,100,#FFA985
19,48,100,#FFAB85
20,48,100,#FFAD85
21,48,100,#FFAF85
22,48,100,#FFB185
23,48,100,#FFB485
24,48,100,#FFB685
25,48,100,#FFB885
26,48,100,#FFBA85
27,48,100,#FFBC85
28,48,100,#FFBE85
29,48,100,#FFC085
30,48,100,#FFC285
31,48,100,#FFC485
32,48,100,#FFC685
33,48,100,#FFC885
34,48,100,#FFCA85
35,48,100,#FFCC85
36,48,100,#FFCE85
37,48,100,#FFD085
38,48,100,#FFD285
39,48,100,#FFD485
40,48,100,#FFD685
41,48,100,#FFD885
42,48,100,#FFDA85
43,48,100,#FFDC85
44,48,100,#FFDE85
45,48,100,#FFE085
46,48,100,#FFE285
47,48,100,#FFE485
48,48,100,#FFE785
49,48,100,#FFE985
50,48,100,#FFEB85
51,48,100,#FFED85
52,48,100,#FFEF85
53,48,100,#FFF185
54,48,100,#FFF385
55,48,100,#FFF585
56,48,100,#FFF785
57,48,100,#FFF985
58,48,100,#FFFB85
59,48,100,#FFFD85
60,48,100,#FFFF85
61,48,100,#FDFF85
62,48,100,#FBFF85
63,48,100,#F9FF85
64,48,100,#F7FF85
65,48,100,#F5FF85
66,48,100,#F3FF85
67,48,100,#F1FF85
68,48,100,#EFFF85
69,48,100,#EDFF85
70,48,100,#EBFF85
71,48,100,#E9FF85
72,48,100,#E7FF85
73,48,100,#E4FF85
74,48,100,#E2FF85
75,48,100,#E0FF85
76,48,100,#DEFF85
77,48,100,#DCFF85
78,48,100,#DAFF85
79,48,100,#D8FF85
80,48,100,#D6FF85
81,48,100,#D4FF85
82,48,100,#D2FF85
83,48,100,#D0FF85
84,48,100,#CEFF85
85,48,100,#CCFF85
86,48,100,#CAFF85
87,48,100,#C8FF85
88,48,100,#C6FF85
89,48,100,#C4FF85
90,48,100,#C2FF85
91,48,100,#C0FF85
92,48,100,#BEFF85
93,48,100,#BCFF85
94,48,100,#BAFF85
95,48,100,#B8FF85
96,48,100,#B6FF85
97,48,100,#B4FF85
98,48,100,#B1FF85
99,48,100,#AFFF85
100,48,100,#ADFF85
101,48,100,#ABFF85
102,48,100,#A9FF85
103,48,100,#A7FF85
104,48,100,#A5FF85
105,48,100,#A3FF85
106,48,100,#A1FF85
107,48,100,#9FFF85
108,48,100,#9DFF85
109,48,100,#9BFF85
110,48,100,#99FF85
111,48,100,#97FF85
112,48,100,#95FF85
113,48,100,#93FF85
114,48,100,#91FF85
115,48,100,#8FFF85
116,48,100,#8DFF85
117,48,100,#8BFF85
118,48,100,#89FF85
119,48,100,#87FF85
120,48,100,#85FF85
121,48,100,#85FF87
122,48,100,#85FF89
123,48,100,#85FF8B
124,48,100,#85FF8D
125,48,100,#85FF8F
126,48,100,#85FF91
127,48,100,#85FF93
128,48,100,#85FF95
129,48,100,#85FF97
130,48,100,#85FF99
131,48,100,#85FF9B
132,48,100,#85FF9D
133,48,100,#85FF9F
134,48,100,#85FFA1
135,48,100,#85FFA3
136,48,100,#85FFA5
137,48,100,#85FFA7
138,48,100,#85FFA9
139,48,100,#85FFAB
140,48,100,#85FFAD
141,48,100,#85FFAF
142,48,100,#85FFB1
143,48,100,#85FFB4
144,48,100,#85FFB6
145,48,100,#85FFB8
146,48,100,#85FFBA
147,48,100,#85FFBC
148,48,100,#85FFBE
149,48,100,#85FFC0
150,48,100,#85FFC2
151,48,100,#85FFC4
152,48,100,#85FFC6
153,48,100,#85FFC8
154,48,100,#85FFCA
155,48,100,#85FFCC
156,48,100,#85FFCE
157,48,100,#85FFD0
158,48,100,#85FFD2
159,48,100,#85FFD4
160,48,100,#85FFD6
161,48,100,#85FFD8
162,48,100,#85FFDA
163,48,100,#85FFDC
164,48,100,#85FFDE
165,48,100,#85FFE0
166,48,100,#85FFE2
167,48,100,#85FFE4
168,48,100,#85FFE7
169,48,100,#85FFE9
170,48,100,#85FFEB
171,48,100,#85FFED
172,48,100,#85FFEF
173,48,100,#85FFF1
174,48,100,#85FFF3
175,48,100,#85FFF5
176,48,100,#85FFF7
177,48,100,#85FFF9
178,48,100,#85FFFB
179,48,100,#85FFFD
180,48,100,#85FFFF
181,48,100,#85FDFF
182,48,100,#85FBFF
183,48,100,#85F9FF
184,48,100,#85F7FF
185,48,100,#85F5FF
186,48,100,#85F3FF
187,48,100,#85F1FF
188,48,100,#85EFFF
189,48,100,#85EDFF
190,48,100,#85EBFF
191,48,100,#85E9FF
192,48,100,#85E7FF
193,48,100,#85E4FF
194,48,100,#85E2FF
195,48,100,#85E0FF
196,48,100,#85DEFF
197,48,100,#85DCFF
198,48,100,#85DAFF
199,48,100,#85D8FF
200,48,100,#85D6FF
201,48,100,#85D4FF
202,48,100,#85D2FF
203,48,100,#85D0FF
204,48,100,#85CEFF
205,48,100,#85CCFF
206,48,100,#85CAFF
207,48,100,#85C8FF
208,48,100,#85C6FF
209,48,100,#85C4FF
210,48,100,#85C2FF
211,48,100,#85C0FF
212,48,100,#85BEFF
213,48,100,#85BCFF
214,48,100,#85BAFF
215,48,100,#85B8FF
216,48,100,#85B6FF
217,48,100,#85B4FF
218,48,100,#85B1FF
219,48,100,#85AFFF
220,48,100,#85ADFF
221,48,100,#85ABFF
222,48,100,#85A9FF
223,48,100,#85A7FF
224,48,100,#85A5FF
225,48,100,#85A3FF
226,48,100,#85A1FF
227,48,100,#859FFF
228,48,100,#859DFF
229,48,100,#859BFF
230,48,100,#8599FF
231,48,100,#8597FF
232,48,100,#8595FF
233,48,100,#8593FF
234,48,100,#8591FF
235,48,100,#858FFF
236,48,100,#858DFF
237,48,100,#858BFF
238,48,100,#8589FF
239,48,100,#8587FF
240,48,100,#8585FF
241,48,100,#8785FF
242,48,100,#8985FF
243,48,100,#8B85FF
244,48,100,#8D85FF
245,48,100,#8F85FF
246,48,100,#9185FF
247,48,100,#9385FF
248,48,100,#9585FF
249,48,100,#9785FF
250,48,100,#9985FF
251,48,100,#9B85FF
252,48,100,#9D85FF
253,48,100,#9F85FF
254,48,100,#A185FF
255,48,100,#A385FF
256,48,100,#A585FF
257,48,100,#A785FF
258,48,100,#A985FF
259,48,100,#AB85FF
260,48,100,#AD85FF
261,48,100,#AF85FF
262,48,100,#B185FF
263,48,100,#B485FF
264,48,100,#B685FF
265,48,100,#B885FF
266,48,100,#BA85FF
267,48,100,#BC85FF
268,48,100,#BE85FF
269,48,100,#C085FF
270,48,100,#C285FF
271,48,100,#C485FF
272,48,100,#C685FF
273,48,100,#C885FF
274,48,100,#CA85FF
275,48,100,#CC85FF
276,48,100,#CE85FF
277,48,100,#D085FF
278,48,100,#D285FF
279,48,100,#D485FF
280,48,100,#D685FF
281,48,100,#D885FF
282,48,100,#DA85FF
283,48,100,#DC85FF
284,48,100,#DE85FF
285,48,100,#E085FF
286,48,100,#E285FF
287,48,100,#E485FF
288,48,100,#E785FF
289,48,100,#E985FF
290,48,100,#EB85FF
291,48,100,#ED85FF
292,48,100,#EF85FF
293,48,100,#F185FF
294,48,100,#F385FF
295,48,100,#F585FF
296,48,100,#F785FF
297,48,100,#F985FF
298,48,100,#FB85FF
299,48,100,#FD85FF
300,48,100,#FF85FF
301,48,100,#FF85FD
302,48,100,#FF85FB
303,48,100,#FF85F9
304,48,100,#FF85F7
305,48,100,#FF85F5
306,48,100,#FF85F3
307,48,100,#FF85F1
308,48,100,#FF85EF
309,48,100,#FF85ED
310,48,100,#FF85EB
311,48,100,#FF85E9
312,48,100,#FF85E7
313,48,100,#FF85E4
314,48,100,#FF85E2
315,48,100,#FF85E0
316,48,100,#FF85DE
317,48,100,#FF85DC
318,48,100,#FF85DA
319,48,100,#FF85D8
320,48,100,#FF85D6
321,48,100,#FF85D4
322,48,100,#FF85D2
323,48,100,#FF85D0
324,48,100,#FF85CE
325,48,100,#FF85CC
326,48,100,#FF85CA
327,48,100,#FF85C8
328,48,100,#FF85C6
329,48,100,#FF85C4
330,48,100,#FF85C2
331,48,100,#FF85C0
332,48,100,#FF85BE
333,48,100,#FF85BC
334,48,100,#FF85BA
335,48,100,#FF85B8
336,48,100,#FF85B6
337,48,100,#FF85B4
338,48,100,#FF85B1
339,48,100,#FF85AF
340,48,100,#FF85AD
341,48,100,#FF85AB
342,48,100,#FF85A9
343,48,100,#FF85A7
344,48,100,#FF85A5
345,48,100,#FF85A3
346,48,100,#FF85A1
347,48,100,#FF859F
348,48,100,#FF859D
349,48,100,#FF859B
350,48,100,#FF8599
351,48,100,#FF8597
352,48,100,#FF8595
353,48,100,#FF8593
354,48,100,#FF8591
355,48,100,#FF858F
356,48,100,#FF858D
357,48,100,#FF858B
358,48,100,#FF8589
359,48,100,#FF8587
0,47,100,#FF8787
1,47,100,#FF8987
2,47,100,#FF8B87
3,47,100,#FF8D87
4,47,100,#FF8F87
5,47,100,#FF9187
6,47,100,#FF9387
7,47,100,#FF9587
8,47,100,#FF9787
9,47,100,#FF9987
10,47,100,#FF9B87
11,47,100,#FF9D87
12,47,100,#FF9F87
13,47,100,#FFA187
14,47,100,#FFA387
15,47,100,#FFA587
16,47,100,#FFA787
17,47,100,#FFA987
18,47,100,#FFAB87
19,47,100,#FFAD87
20,47,100,#FFAF87
21,47,100,#FFB187
22,47,100,#FFB387
23,47,100,#FFB587
24,47,100,#FFB787
25,47,100,#FFB987
26,47,100,#FFBB87
27,47,100,#FFBD87
28,47,100,#FFBF87
29,47,100,#FFC187
30,47,100,#FFC387
31,47,100,#FFC587
32,47,100,#FFC787
33,47,100,#FFC987
34,47,100,#FFCB87
35,47,100,#FFCD87
36,47,100,#FFCF87
37,47,100,#FFD187
38,47,100,#FFD387
39,47,100,#FFD587
40,47,100,#FFD787
41,47,100,#FFD987
42,47,100,#FFDB87
43,47,100,#FFDD87
44,47,100,#FFDF87
45,47,100,#FFE187
46,47,100,#FFE387
47,47,100,#FFE587
48,47,100,#FFE787
49,47,100,#FFE987
50,47,100,#FFEB87
51,47,100,#FFED87
52,47,100,#FFEF87
53,47,100,#FFF187
54,47,100,#FFF387
55,47,100,#FFF587
56,47,100,#FFF787
57,47,100,#FFF987
58,47,100,#FFFB87
59,47,100,#FFFD87
60,47,100,#FFFF87
61,47,100,#FDFF87
62,47,100,#FBFF87
63,47,100,#F9FF87
64,47,100,#F7FF87
65,47,100,#F5FF87
66,47,100,#F3FF87
67,47,100,#F1FF87
68,47,100,#EFFF87
69,47,100,#EDFF87
70,47,100,#EBFF87
71,47,100,#E9FF87
72,47,100,#E7FF87
73,47,100,#E5FF87
74,47,100,#E3FF87
75,47,100,#E1FF87
76,47,100,#DFFF87
77,47,100,#DDFF87
78,47,100,#DBFF87
79,47,100,#D9FF87
80,47,100,#D7FF87
81,47,100,#D5FF87
82,47,100,#D3FF87
83,47,100,#D1FF87
84,47,100,#CFFF87
85,47,100,#CDFF87
86,47,100,#CBFF87
87,47,100,#C9FF87
88,47,100,#C7FF87
89,47,100,#C5FF87
90,47,100,#C3FF87
91,47,100,#C1FF87
92,47,100,#BFFF87
93,47,100,#BDFF87
94,47,100,#BBFF87
95,47,100,#B9FF87
96,47,100,#B7FF87
97,47,100,#B5FF87
98,47,100,#B3FF87
99,47,100,#B1FF87
100,47,100,#AFFF87
101,47,100,#ADFF87
102,47,100,#ABFF87
103,47,100,#A9FF87
104,47,100,#A7FF87
105,47,100,#A5FF87
106,47,100,#A3FF87
107,47,100,#A1FF87
108,47,100,#9FFF87
109,47,100,#9DFF87
110,47,100,#9BFF87
111,47,100,#99FF87
112,47,100,#97FF87
113,47,100,#95FF87
114,47,100,#93FF87
115,47,100,#91FF87
116,47,100,#8FFF87
117,47,100,#8DFF87
118,47,100,#8BFF87
119,47,100,#89FF87
120,47,100,#87FF87
121,47,100,#87FF89
122,47,100,#87FF8B
123,47,100,#87FF8D
124,47,100,#87FF8F
125,47,100,#87FF91
126,47,100,#87FF93
127,47,100,#87FF95
128,47,100,#87FF97
129,47,100,#87FF99
130,47,100,#87FF9B
131,47,100,#87FF9D
132,47,100,#87FF9F
133,47,100,#87FFA1
134,47,100,#87FFA3
135,47,100,#87FFA5
136,47,100,#87FFA7
137,47,100,#87FFA9
138,47,100,#87FFAB
139,47,100,#87FFAD
140,47,100,#87FFAF
141,47,100,#87FFB1
142,47,100,#87FFB3
143,47,100,#87FFB5
144,47,100,#87FFB7
145,47,100,#87FFB9
146,47,100,#87FFBB
147,47,100,#87FFBD
148,47,100,#87FFBF
149,47,100,#87FFC1
150,47,100,#87FFC3
151,47,100,#87FFC5
152,47,100,#87FFC7
153,47,100,#87FFC9
154,47,100,#87FFCB
155,47,100,#87FFCD
156,47,100,#87FFCF
157,47,100,#87FFD1
158,47,100,#87FFD3
159,47,100,#87FFD5
160,47,100,#87FFD7
161,47,100,#87FFD9
162,47,100,#87FFDB
163,47,100,#87FFDD
164,47,100,#87FFDF
165,47,100,#87FFE1
166,47,100,#87FFE3
167,47,100,#87FFE5
168,47,100,#87FFE7
169,47,100,#87FFE9
170,47,100,#87FFEB
171,47,100,#87FFED
172,47,100,#87FFEF
173,47,100,#87FFF1
174,47,100,#87FFF3
175,47,100,#87FFF5
176,47,100,#87FFF7
177,47,100,#87FFF9
178,47,100,#87FFFB
179,47,100,#87FFFD
180,47,100,#87FFFF
181,47,100,#87FDFF
182,47,100,#87FBFF
183,47,100,#87F9FF
184,47,100,#87F7FF
185,47,100,#87F5FF
186,47,100,#87F3FF
187,47,100,#87F1FF
188,47,100,#87EFFF
189,47,100,#87EDFF
190,47,100,#87EBFF
191,47,100,#87E9FF
192,47,100,#87E7FF
193,47,100,#87E5FF
194,47,100,#87E3FF
195,47,100,#87E1FF
196,47,100,#87DFFF
197,47,100,#87DDFF
198,47,100,#87DBFF
199,47,100,#87D9FF
200,47,100,#87D7FF
201,47,100,#87D5FF
202,47,100,#87D3FF
203,47,100,#87D1FF
204,47,100,#87CFFF
205,47,100,#87CDFF
206,47,100,#87CBFF
207,47,100,#87C9FF
208,47,100,#87C7FF
209,47,100,#87C5FF
210,47,100,#87C3FF
211,47,100,#87C1FF
212,47,100,#87BFFF
213,47,100,#87BDFF
214,47,100,#87BBFF
215,47,100,#87B9FF
216,47,100,#87B7FF
217,47,100,#87B5FF
218,47,100,#87B3FF
219,47,100,#87B1FF
220,47,100,#87AFFF
221,47,100,#87ADFF
222,47,100,#87ABFF
223,47,100,#87A9FF
224,47,100,#87A7FF
225,47,100,#87A5FF
226,47,100,#87A3FF
227,47,100,#87A1FF
228,47,100,#879FFF
229,47,100,#879DFF
230,47,100,#879BFF
231,47,100,#8799FF
232,47,100,#8797FF
233,47,100,#8795FF
234,47,100,#8793FF
235,47,100,#8791FF
236,47,100,#878FFF
237,47,100,#878DFF
238,47,100,#878BFF
239,47,100,#8789FF
240,47,100,#8787FF
241,47,100,#8987FF
242,47,100,#8B87FF
243,47,100,#8D87FF
244,47,100,#8F87FF
245,47,100,#9187FF
246,47,100,#9387FF
247,47,100,#9587FF
248,47,100,#9787FF
249,47,100,#9987FF
250,47,100,#9B87FF
251,47,100,#9D87FF
252,47,100,#9F87FF
253,47,100,#A187FF
254,47,100,#A387FF
255,47,100,#A587FF
256,47,100,#A787FF
257,47,100,#A987FF
258,47,100,#AB87FF
259,47,100,#AD87FF
260,47,100,#AF87FF
261,47,100,#B187FF
262,47,100,#B387FF
263,47,100,#B587FF
264,47,100,#B787FF
265,47,100,#B987FF
266,47,100,#BB87FF
267,47,100,#BD87FF
268,47,100,#BF87FF
269,47,100,#C187FF
270,47,100,#C387FF
271,47,100,#C587FF
272,47,100,#C787FF
273,47,100,#C987FF
274,47,100,#CB87FF
275,47,100,#CD87FF
276,47,100,#CF87FF
277,47,100,#D187FF
278,47,100,#D387FF
279,47,100,#D587FF
280,47,100,#D787FF
281,47,100,#D987FF
282,47,100,#DB87FF
283,47,100,#DD87FF
284,47,100,#DF87FF
285,47,100,#E187FF
286,47,100,#E387FF
287,47,100,#E587FF
288,47,100,#E787FF
289,47,100,#E987FF
290,47,100,#EB87FF
291,47,100,#ED87FF
292,47,100,#EF87FF
293,47,100,#F187FF
294,47,100,#F387FF
295,47,100,#F587FF
296,47,100,#F787FF
297,47,100,#F987FF
298,47,100,#FB87FF
299,47,100,#FD87FF
300,47,100,#FF87FF
301,47,100,#FF87FD
302,47,100,#FF87FB
303,47,100,#FF87F9
304,47,100,#FF87F7
305,47,100,#FF87F5
306,47,100,#FF87F3
307,47,100,#FF87F1
308,47,100,#FF87EF
309,47,100,#FF87ED
310,47,100,#FF87EB
311,47,100,#FF87E9
312,47,100,#FF87E7
313,47,100,#FF87E5
314,47,100,#FF87E3
315,47,100,#FF87E1
316,47,100,#FF87DF
317,47,100,#FF87DD
318,47,100,#FF87DB
319,47,100,#FF87D9
320,47,100,#FF87D7
321,47,100,#FF87D5
322,47,100,#FF87D3
323,47,100,#FF87D1
324,47,100,#FF87CF
325,47,100,#FF87CD
326,47,100,#FF87CB
327,47,100,#FF87C9
328,47,100,#FF87C7
329,47,100,#FF87C5
330,47,100,#FF87C3
331,47,100,#FF87C1
332,47,100,#FF87BF
333,47,100,#FF87BD
334,47,100,#FF87BB
335,47,100,#FF87B9
336,47,100,#FF87B7
337,47,100,#FF87B5
338,47,100,#FF87B3
339,47,100,#FF87B1
340,47,100,#FF87AF
341,47,100,#FF87AD
342,47,100,#FF87AB
343,47,100,#FF87A9
344,47,100,#FF87A7
345,47,100,#FF87A5
346,47,100,#FF87A3
347,47,100,#FF87A1
348,47,100,#FF879F
349,47,100,#FF879D
350,47,100,#FF879B
351,47,100,#FF8799
352,47,100,#FF8797
353,47,100,#FF8795
354,47,100,#FF8793
355,47,100,#FF8791
356,47,100,#FF878F
357,47,100,#FF878D
358,47,100,#FF878B
359,47,100,#FF8789
0,46,100,#FF8A8A
1,46,100,#FF8C8A
2,46,100,#FF8E8A
3,46,100,#FF908A
4,46,100,#FF928A
5,46,100,#FF938A
6,46,100,#FF958A
7,46,100,#FF978A
8,46,100,#FF998A
9,46,100,#FF9B8A
10,46,100,#FF9D8A
11,46,100,#FF9F8A
12,46,100,#FFA18A
13,46,100,#FFA38A
14,46,100,#FFA58A
15,46,100,#FFA78A
16,46,100,#FFA98A
17,46,100,#FFAB8A
18,46,100,#FFAD8A
19,46,100,#FFAF8A
20,46,100,#FFB18A
21,46,100,#FFB38A
22,46,100,#FFB58A
23,46,100,#FFB78A
24,46,100,#FFB98A
25,46,100,#FFBB8A
26,46,100,#FFBD8A
27,46,100,#FFBE8A
28,46,100,#FFC08A
29,46,100,#FFC28A
30,46,100,#FFC48A
31,46,100,#FFC68A
32,46,100,#FFC88A
33,46,100,#FFCA8A
34,46,100,#FFCC8A
35,46,100,#FFCE8A
36,46,100,#FFD08A
37,46,100,#FFD28A
38,46,100,#FFD48A
39,46,100,#FFD68A
40,46,100,#FFD88A
41,46,100,#FFDA8A
42,46,100,#FFDC8A
43,46,100,#FFDE8A
44,46,100,#FFE08A
45,46,100,#FFE28A
46,46,100,#FFE48A
47,46,100,#FFE68A
48,46,100,#FFE88A
49,46,100,#FFE98A
50,46,100,#FFEB8A
51,46,100,#FFED8A
52,46,100,#FFEF8A
53,46,100,#FFF18A
54,46,100,#FFF38A
55,46,100,#FFF58A
56,46,100,#FFF78A
57,46,100,#FFF98A
58,46,100,#FFFB8A
59,46,100,#FFFD8A
60,46,100,#FFFF8A
61,46,100,#FDFF8A
62,46,100,#FBFF8A
63,46,100,#F9FF8A
64,46,100,#F7FF8A
65,46,100,#F5FF8A
66,46,100,#F3FF8A
67,46,100,#F1FF8A
68,46,100,#EFFF8A
69,46,100,#EDFF8A
70,46,100,#EBFF8A
71,46,100,#E9FF8A
72,46,100,#E8FF8A
73,46,100,#E6FF8A
74,46,100,#E4FF8A
75,46,100,#E2FF8A
76,46,100,#E0FF8A
77,46,100,#DEFF8A
78,46,100,#DCFF8A
79,46,100,#DAFF8A
80,46,100,#D8FF8A
81,46,100,#D6FF8A
82,46,100,#D4FF8A
83,46,100,#D2FF8A
84,46,100,#D0FF8A
85,46,100,#CEFF8A
86,46,100,#CCFF8A
87,46,100,#CAFF8A
88,46,100,#C8FF8A
89,46,100,#C6FF8A
90,46,100,#C4FF8A
91,46,100,#C2FF8A
92,46,100,#C0FF8A
93,46,100,#BEFF8A
94,46,100,#BDFF8A
95,46,100,#BBFF8A
96,46,100,#B9FF8A
97,46,100,#B7FF8A
98,46,100,#B5FF8A
99,46,100,#B3FF8A
100,46,100,#B1FF8A
101,46,100,#AFFF8A
102,46,100,#ADFF8A
103,46,100,#ABFF8A
104,46,100,#A9FF8A
105,46,100,#A7FF8A
106,46,100,#A5FF8A
107,46,100,#A3FF8A
108,46,100,#A1FF8A
109,46,100,#9FFF8A
110,46,100,#9DFF8A
111,46,100,#9BFF8A
112,46,100,#99FF8A
113,46,100,#97FF8A
114,46,100,#95FF8A
115,46,100,#93FF8A
116,46,100,#92FF8A
117,46,100,#90FF8A
118,46,100,#8EFF8A
119,46,100,#8CFF8A
120,46,100,#8AFF8A
121,46,100,#8AFF8C
122,46,100,#8AFF8E
123,46,100,#8AFF90
124,46,100,#8AFF92
125,46,100,#8AFF93
126,46,100,#8AFF95
127,46,100,#8AFF97
128,46,100,#8AFF99
129,46,100,#8AFF9B
130,46,100,#8AFF9D
131,46,100,#8AFF9F
132,46,100,#8AFFA1
133,46,100,#8AFFA3
134,46,100,#8AFFA5
135,46,100,#8AFFA7
136,46,100,#8AFFA9
137,46,100,#8AFFAB
138,46,100,#8AFFAD
139,46,100,#8AFFAF
140,46,100,#8AFFB1
141,46,100,#8AFFB3
142,46,100,#8AFFB5
143,46,100,#8AFFB7
144,46,100,#8AFFB9
145,46,100,#8AFFBB
146,46,100,#8AFFBD
147,46,100,#8AFFBE
148,46,100,#8AFFC0
149,46,100,#8AFFC2
150,46,100,#8AFFC4
151,46,100,#8AFFC6
152,46,100,#8AFFC8
153,46,100,#8AFFCA
154,46,100,#8AFFCC
155,46,100,#8AFFCE
156,46,100,#8AFFD0
157,46,100,#8AFFD2
158,46,100,#8AFFD4
159,46,100,#8AFFD6
160,46,100,#8AFFD8
161,46,100,#8AFFDA
162,46,100,#8AFFDC
163,46,100,#8AFFDE
164,46,100,#8AFFE0
165,46,100,#8AFFE2
166,46,100,#8AFFE4
167,46,100,#8AFFE6
168,46,100,#8AFFE8
169,46,100,#8AFFE9
170,46,100,#8AFFEB
171,46,100,#8AFFED
172,46,100,#8AFFEF
173,46,100,#8AFFF1
174,46,100,#8AFFF3
175,46,100,#8AFFF5
176,46,100,#8AFFF7
177,46,100,#8AFFF9
178,46,100,#8AFFFB
179,46,100,#8AFFFD
180,46,100,#8AFFFF
181,46,100,#8AFDFF
182,46,100,#8AFBFF
183,46,100,#8AF9FF
184,46,100,#8AF7FF
185,46,100,#8AF5FF
186,46,100,#8AF3FF
187,46,100,#8AF1FF
188,46,100,#8AEFFF
189,46,100,#8AEDFF
190,46,100,#8AEBFF
191,46,100,#8AE9FF
192,46,100,#8AE8FF
193,46,100,#8AE6FF
194,46,100,#8AE4FF
195,46,100,#8AE2FF
196,46,100,#8AE0FF
197,46,100,#8ADEFF
198,46,100,#8ADCFF
199,46,100,#8ADAFF
200,46,100,#8AD8FF
201,46,100,#8AD6FF
202,46,100,#8AD4FF
203,46,100,#8AD2FF
204,46,100,#8AD0FF
205,46,100,#8ACEFF
206,46,100,#8ACCFF
207,46,100,#8ACAFF
208,46,100,#8AC8FF
209,46,100,#8AC6FF
210,46,100,#8AC4FF
211,46,100,#8AC2FF
212,46,100,#8AC0FF
213,46,100,#8ABEFF
214,46,100,#8ABDFF
215,46,100,#8ABBFF
216,46,100,#8AB9FF
217,46,100,#8AB7FF
218,46,100,#8AB5FF
219,46,100,#8AB3FF
220,46,100,#8AB1FF
221,46,100,#8AAFFF
222,46,100,#8AADFF
223,46,100,#8AABFF
224,46,100,#8AA9FF
225,46,100,#8AA7FF
226,46,100,#8AA5FF
227,46,100,#8AA3FF
228,46,100,#8AA1FF
229,46,100,#8A9FFF
230,46,100,#8A9DFF
231,46,100,#8A9BFF
232,46,100,#8A99FF
233,46,100,#8A97FF
234,46,100,#8A95FF
235,46,100,#8A93FF
236,46,100,#8A92FF
237,46,100,#8A90FF
238,46,100,#8A8EFF
239,46,100,#8A8CFF
240,46,100,#8A8AFF
241,46,100,#8C8AFF
242,46,100,#8E8AFF
243,46,100,#908AFF
244,46,100,#928AFF
245,46,100,#938AFF
246,46,100,#958AFF
247,46,100,#978AFF
248,46,100,#998AFF
249,46,100,#9B8AFF
250,46,100,#9D8AFF
251,46,100,#9F8AFF
252,46,100,#A18AFF
253,46,100,#A38AFF
254,46,100,#A58AFF
255,46,100,#A78AFF
256,46,100,#A98AFF
257,46,100,#AB8AFF
258,46,100,#AD8AFF
259,46,100,#AF8AFF
260,46,100,#B18AFF
261,46,100,#B38AFF
262,46,100,#B58AFF
263,46,100,#B78AFF
264,46,100,#B98AFF
265,46,100,#BB8AFF
266,46,100,#BD8AFF
267,46,100,#BE8AFF
268,46,100,#C08AFF
269,46,100,#C28AFF
270,46,100,#C48AFF
271,46,100,#C68AFF
272,46,100,#C88AFF
273,46,100,#CA8AFF
274,46,100,#CC8AFF
275,46,100,#CE8AFF
276,46,100,#D08AFF
277,46,100,#D28AFF
278,46,100,#D48AFF
279,46,100,#D68AFF
280,46,100,#D88AFF
281,46,100,#DA8AFF
282,46,100,#DC8AFF
283,46,100,#DE8AFF
284,46,100,#E08AFF
285,46,100,#E28AFF
286,46,100,#E48AFF
287,46,100,#E68AFF
288,46,100,#E88AFF
289,46,100,#E98AFF
290,46,100,#EB8AFF
291,46,100,#ED8AFF
292,46,100,#EF8AFF
293,46,100,#F18AFF
294,46,100,#F38AFF
295,46,100,#F58AFF
296,46,100,#F78AFF
297,46,100,#F98AFF
298,46,100,#FB8AFF
299,46,100,#FD8AFF
300,46,100,#FF8AFF
301,46,100,#FF8AFD
302,46,100,#FF8AFB
303,46,100,#FF8AF9
304,46,100,#FF8AF7
305,46,100,#FF8AF5
306,46,100,#FF8AF3
307,46,100,#FF8AF1
308,46,100,#FF8AEF
309,46,100,#FF8AED
310,46,100,#FF8AEB
311,46,100,#FF8AE9
312,46,100,#FF8AE8
313,46,100,#FF8AE6
314,46,100,#FF8AE4
315,46,100,#FF8AE2
316,46,100,#FF8AE0
317,46,100,#FF8ADE
318,46,100,#FF8ADC
319,46,100,#FF8ADA
320,46,100,#FF8AD8
321,46,100,#FF8AD6
322,46,100,#FF8AD4
323,46,100,#FF8AD2
324,46,100,#FF8AD0
325,46,100,#FF8ACE
326,46,100,#FF8ACC
327,46,100,#FF8ACA
328,46,100,#FF8AC8
329,46,100,#FF8AC6
330,46,100,#FF8AC4
331,46,100,#FF8AC2
332,46,100,#FF8AC0
333,46,100,#FF8ABE
334,46,100,#FF8ABD
335,46,100,#FF8ABB
336,46,100,#FF8AB9
337,46,100,#FF8AB7
338,46,100,#FF8AB5
339,46,100,#FF8AB3
340,46,100,#FF8AB1
341,46,100,#FF8AAF
342,46,100,#FF8AAD
343,46,100,#FF8AAB
344,46,100,#FF8AA9
345,46,100,#FF8AA7
346,46,100,#FF8AA5
347,46,100,#FF8AA3
348,46,100,#FF8AA1
349,46,100,#FF8A9F
350,46,100,#FF8A9D
351,46,100,#FF8A9B
352,46,100,#FF8A99
353,46,100,#FF8A97
354,46,100,#FF8A95
355,46,100,#FF8A93
356,46,100,#FF8A92
357,46,100,#FF8A90
358,46,100,#FF8A8E
359,46,100,#FF8A8C
0,45,100,#FF8C8C
1,45,100,#FF8E8C
2,45,100,#FF908C
3,45,100,#FF928C
4,45,100,#FF948C
5,45,100,#FF968C
6,45,100,#FF988C
7,45,100,#FF9A8C
8,45,100,#FF9C8C
9,45,100,#FF9D8C
10,45,100,#FF9F8C
11,45,100,#FFA18C
12,45,100,#FFA38C
13,45,100,#FFA58C
14,45,100,#FFA78C
15,45,100,#FFA98C
16,45,100,#FFAB8C
17,45,100,#FFAD8C
18,45,100,#FFAF8C
19,45,100,#FFB18C
20,45,100,#FFB38C
21,45,100,#FFB48C
22,45,100,#FFB68C
23,45,100,#FFB88C
24,45,100,#FFBA8C
25,45,100,#FFBC8C
26,45,100,#FFBE8C
27,45,100,#FFC08C
28,45,100,#FFC28C
29,45,100,#FFC48C
30,45,100,#FFC68C
31,45,100,#FFC88C
32,45,100,#FFC98C
33,45,100,#FFCB8C
34,45,100,#FFCD8C
35,45,100,#FFCF8C
36,45,100,#FFD18C
37,45,100,#FFD38C
38,45,100,#FFD58C
39,45,100,#FFD78C
40,45,100,#FFD98C
41,45,100,#FFDB8C
42,45,100,#FFDD8C
43,45,100,#FFDE8C
44,45,100,#FFE08C
45,45,100,#FFE28C
46,45,100,#FFE48C
47,45,100,#FFE68C
48,45,100,#FFE88C
49,45,100,#FFEA8C
50,45,100,#FFEC8C
51,45,100,#FFEE8C
52,45,100,#FFF08C
53,45,100,#FFF28C
54,45,100,#FFF48C
55,45,100,#FFF58C
56,45,100,#FFF78C
57,45,100,#FFF98C
58,45,100,#FFFB8C
59,45,100,#FFFD8C
60,45,100,#FFFF8C
61,45,100,#FDFF8C
62,45,100,#FBFF8C
63,45,100,#F9FF8C
64,45,100,#F7FF8C
65,45,100,#F5FF8C
66,45,100,#F4FF8C
67,45,100,#F2FF8C
68,45,100,#F0FF8C
69,45,100,#EEFF8C
70,45,100,#ECFF8C
71,45,100,#EAFF8C
72,45,100,#E8FF8C
73,45,100,#E6FF8C
74,45,100,#E4FF8C
75,45,100,#E2FF8C
76,45,100,#E0FF8C
77,45,100,#DEFF8C
78,45,100,#DDFF8C
79,45,100,#DBFF8C
80,45,100,#D9FF8C
81,45,100,#D7FF8C
82,45,100,#D5FF8C
83,45,100,#D3FF8C
84,45,100,#D1FF8C
85,45,100,#CFFF8C
86,45,100,#CDFF8C
87,45,100,#CBFF8C
88,45,100,#C9FF8C
89,45,100,#C8FF8C
90,45,100,#C6FF8C
91,45,100,#C4FF8C
92,45,100,#C2FF8C
93,45,100,#C0FF8C
94,45,100,#BEFF8C
95,45,100,#BCFF8C
96,45,100,#BAFF8C
97,45,100,#B8FF8C
98,45,100,#B6FF8C
99,45,100,#B4FF8C
100,45,100,#B3FF8C
101,45,100,#B1FF8C
102,45,100,#AFFF8C
103,45,100,#ADFF8C
104,45,100,#ABFF8C
105,45,100,#A9FF8C
106,45,100,#A7FF8C
107,45,100,#A5FF8C
108,45,100,#A3FF8C
109,45,100,#A1FF8C
110,45,100,#9FFF8C
111,45,100,#9DFF8C
112,45,100,#9CFF8C
113,45,100,#9AFF8C
114,45,100,#98FF8C
115,45,100,#96FF8C
116,45,100,#94FF8C
117,45,100,#92FF8C
118,45,100,#90FF8C
119,45,100,#8EFF8C
120,45,100,#8CFF8C
121,45,100,#8CFF8E
122,45,100,#8CFF90
123,45,100,#8CFF92
124,45,100,#8CFF94
125,45,100,#8CFF96
126,45,100,#8CFF98
127,45,100,#8CFF9A
128,45,100,#8CFF9C
129,45,100,#8CFF9D
130,45,100,#8CFF9F
131,45,100,#8CFFA1
132,45,100,#8CFFA3
133,45,100,#8CFFA5
134,45,100,#8CFFA7
135,45,100,#8CFFA9
136,45,100,#8CFFAB
137,45,100,#8CFFAD
138,45,100,#8CFFAF
139,45,100,#8CFFB1
140,45,100,#8CFFB3
141,45,100,#8CFFB4
142,45,100,#8CFFB6
143,45,100,#8CFFB8
144,45,100,#8CFFBA
145,45,100,#8CFFBC
146,45,100,#8CFFBE
147,45,100,#8CFFC0
148,45,100,#8CFFC2
149,45,100,#8CFFC4
150,45,100,#8CFFC6
151,45,100,#8CFFC8
152,45,100,#8CFFC9
153,45,100,#8CFFCB
154,45,100,#8CFFCD
155,45,100,#8CFFCF
156,45,100,#8CFFD1
157,45,100,#8CFFD3
158,45,100,#8CFFD5
159,45,100,#8CFFD7
160,45,100,#8CFFD9
161,45,100,#8CFFDB
162,45,100,#8CFFDD
163,45,100,#8CFFDE
164,45,100,#8CFFE0
165,45,100,#8CFFE2
166,45,100,#8CFFE4
167,45,100,#8CFFE6
168,45,100,#8CFFE8
169,45,100,#8CFFEA
170,45,100,#8CFFEC
171,45,100,#8CFFEE
172,45,100,#8CFFF0
173,45,100,#8CFFF2
174,45,100,#8CFFF4
175,45,100,#8CFFF5
176,45,100,#8CFFF7
177,45,100,#8CFFF9
178,45,100,#8CFFFB
179,45,100,#8CFFFD
180,45,100,#8CFFFF
181,45,100,#8CFDFF
182,45,100,#8CFBFF
183,45,100,#8CF9FF
184,45,100,#8CF7FF
185,45,100,#8CF5FF
186,45,100,#8CF4FF
187,45,100,#8CF2FF
188,45,100,#8CF0FF
189,45,100,#8CEEFF
190,45,100,#8CECFF
191,45,100,#8CEAFF
192,45,100,#8CE8FF
193,45,100,#8CE6FF
194,45,100,#8CE4FF
195,45,100,#8CE2FF
196,45,100,#8CE0FF
197,45,100,#8CDEFF
198,45,100,#8CDDFF
199,45,100,#8CDBFF
200,45,100,#8CD9FF
201,45,100,#8CD7FF
202,45,100,#8CD5FF
203,45,100,#8CD3FF
204,45,100,#8CD1FF
205,45,100,#8CCFFF
206,45,100,#8CCDFF
207,45,100,#8CCBFF
208,45,100,#8CC9FF
209,45,100,#8CC8FF
210,45,100,#8CC6FF
211,45,100,#8CC4FF
212,45,100,#8CC2FF
213,45,100,#8CC0FF
214,45,100,#8CBEFF
215,45,100,#8CBCFF
216,45,100,#8CBAFF
217,45,100,#8CB8FF
218,45,100,#8CB6FF
219,45,100,#8CB4FF
220,45,100,#8CB2FF
221,45,100,#8CB1FF
222,45,100,#8CAFFF
223,45,100,#8CADFF
224,45,100,#8CABFF
225,45,100,#8CA9FF
226,45,100,#8CA7FF
227,45,100,#8CA5FF
228,45,100,#8CA3FF
229,45,100,#8CA1FF
230,45,100,#8C9FFF
231,45,100,#8C9DFF
232,45,100,#8C9CFF
233,45,100,#8C9AFF
234,45,100,#8C98FF
235,45,100,#8C96FF
236,45,100,#8C94FF
237,45,100,#8C92FF
238,45,100,#8C90FF
239,45,100,#8C8EFF
240,45,100,#8C8CFF
241,45,100,#8E8CFF
242,45,100,#908CFF
243,45,100,#928CFF
244,45,100,#948CFF
245,45,100,#968CFF
246,45,100,#988CFF
247,45,100,#9A8CFF
248,45,100,#9C8CFF
249,45,100,#9D8CFF
250,45,100,#9F8CFF
251,45,100,#A18CFF
252,45,100,#A38CFF
253,45,100,#A58CFF
254,45,100,#A78CFF
255,45,100,#A98CFF
256,45,100,#AB8CFF
257,45,100,#AD8CFF
258,45,100,#AF8CFF
259,45,100,#B18CFF
260,45,100,#B28CFF
261,45,100,#B48CFF
262,45,100,#B68CFF
263,45,100,#B88CFF
264,45,100,#BA8CFF
265,45,100,#BC8CFF
266,45,100,#BE8CFF
267,45,100,#C08CFF
268,45,100,#C28CFF
269,45,100,#C48CFF
270,45,100,#C68CFF
271,45,100,#C88CFF
272,45,100,#C98CFF
273,45,100,#CB8CFF
274,45,100,#CD8CFF
275,45,100,#CF8CFF
276,45,100,#D18CFF
277,45,100,#D38CFF
278,45,100,#D58CFF
279,45,100,#D78CFF
280,45,100,#D98CFF
281,45,100,#DB8CFF
282,45,100,#DD8CFF
283,45,100,#DE8CFF
284,45,100,#E08CFF
285,45,100,#E28CFF
286,45,100,#E48CFF
287,45,100,#E68CFF
288,45,100,#E88CFF
289,45,100,#EA8CFF
290,45,100,#EC8CFF
291,45,100,#EE8CFF
292,45,100,#F08CFF
293,45,100,#F28CFF
294,45,100,#F48CFF
295,45,100,#F58CFF
296,45,100,#F78CFF
297,45,100,#F98CFF
298,45,100,#FB8CFF
299,45,100,#FD8CFF
300,45,100,#FF8CFF
301,45,100,#FF8CFD
302,45,100,#FF8CFB
303,45,100,#FF8CF9
304,45,100,#FF8CF7
305,45,100,#FF8CF5
306,45,100,#FF8CF4
307,45,100,#FF8CF2
308,45,100,#FF8CF0
309,45,100,#FF8CEE
310,45,100,#FF8CEC
311,45,100,#FF8CEA
312,45,100,#FF8CE8
313,45,100,#FF8CE6
314,45,100,#FF8CE4
315,45,100,#FF8CE2
316,45,100,#FF8CE0
317,45,100,#FF8CDE
318,45,100,#FF8CDD
319,45,100,#FF8CDB
320,45,100,#FF8CD9
321,45,100,#FF8CD7
322,45,100,#FF8CD5
323,45,100,#FF8CD3
324,45,100,#FF8CD1
325,45,100,#FF8CCF
326,45,100,#FF8CCD
327,45,100,#FF8CCB
328,45,100,#FF8CC9
329,45,100,#FF8CC8
330,45,100,#FF8CC6
331,45,100,#FF8CC4
332,45,100,#FF8CC2
333,45,100,#FF8CC0
334,45,100,#FF8CBE
335,45,100,#FF8CBC
336,45,100,#FF8CBA
337,45,100,#FF8CB8
338,45,100,#FF8CB6
339,45,100,#FF8CB4
340,45,100,#FF8CB3
341,45,100,#FF8CB1
342,45,100,#FF8CAF
343,45,100,#FF8CAD
344,45,100,#FF8CAB
345,45,100,#FF8CA9
346,45,100,#FF8CA7
347,45,100,#FF8CA5
348,45,100,#FF8CA3
349,45,100,#FF8CA1
350,45,100,#FF8C9F
351,45,100,#FF8C9D
352,45,100,#FF8C9C
353,45,100,#FF8C9A
354,45,100,#FF8C98
355,45,100,#FF8C96
356,45,100,#FF8C94
357,45,100,#FF8C92
358,45,100,#FF8C90
359,45,100,#FF8C8E
0,44,100,#FF8F8F
1,44,100,#FF918F
2,44,100,#FF938F
3,44,100,#FF948F
4,44,100,#FF968F
5,44,100,#FF988F
6,44,100,#FF9A8F
7,44,100,#FF9C8F
8,44,100,#FF9E8F
9,44,100,#FFA08F
10,44,100,#FFA28F
11,44,100,#FFA38F
12,44,100,#FFA58F
13,44,100,#FFA78F
14,44,100,#FFA98F
15,44,100,#FFAB8F
16,44,100,#FFAD8F
17,44,100,#FFAF8F
18,44,100,#FFB08F
19,44,100,#FFB28F
20,44,100,#FFB48F
21,44,100,#FFB68F
22,44,100,#FFB88F
23,44,100,#FFBA8F
24,44,100,#FFBC8F
25,44,100,#FFBE8F
26,44,100,#FFBF8F
27,44,100,#FFC18F
28,44,100,#FFC38F
29,44,100,#FFC58F
30,44,100,#FFC78F
31,44,100,#FFC98F
32,44,100,#FFCB8F
33,44,100,#FFCD8F
34,44,100,#FFCE8F
35,44,100,#FFD08F
36,44,100,#FFD28F
37,44,100,#FFD48F
38,44,100,#FFD68F
39,44,100,#FFD88F
40,44,100,#FFDA8F
41,44,100,#FFDB8F
42,44,100,#FFDD8F
43,44,100,#FFDF8F
44,44,100,#FFE18F
45,44,100,#FFE38F
46,44,100,#FFE58F
47,44,100,#FFE78F
48,44,100,#FFE98F
49,44,100,#FFEA8F
50,44,100,#FFEC8F
51,44,100,#FFEE8F
52,44,100,#FFF08F
53,44,100,#FFF28F
54,44,100,#FFF48F
55,44,100,#FFF68F
56,44,100,#FFF88F
57,44,100,#FFF98F
58,44,100,#FFFB8F
59,44,100,#FFFD8F
60,44,100,#FFFF8F
61,44,100,#FDFF8F
62,44,100,#FBFF8F
63,44,100,#F9FF8F
64,44,100,#F8FF8F
65,44,100,#F6FF8F
66,44,100,#F4FF8F
67,44,100,#F2FF8F
68,44,100,#F0FF8F
69,44,100,#EEFF8F
70,44,100,#ECFF8F
71,44,100,#EAFF8F
72,44,100,#E9FF8F
73,44,100,#E7FF8F
74,44,100,#E5FF8F
75,44,100,#E3FF8F
76,44,100,#E1FF8F
77,44,100,#DFFF8F
78,44,100,#DDFF8F
79,44,100,#DBFF8F
80,44,100,#DAFF8F
81,44,100,#D8FF8F
82,44,100,#D6FF8F
83,44,100,#D4FF8F
84,44,100,#D2FF8F
85,44,100,#D0FF8F
86,44,100,#CEFF8F
87,44,100,#CDFF8F
88,44,100,#CBFF8F
89,44,100,#C9FF8F
90,44,100,#C7FF8F
91,44,100,#C5FF8F
92,44,100,#C3FF8F
93,44,100,#C1FF8F
94,44,100,#BFFF8F
95,44,100,#BEFF8F
96,44,100,#BCFF8F
97,44,100,#BAFF8F
98,44,100,#B8FF8F
99,44,100,#B6FF8F
100,44,100,#B4FF8F
101,44,100,#B2FF8F
102,44,100,#B0FF8F
103,44,100,#AFFF8F
104,44,100,#ADFF8F
105,44,100,#ABFF8F
106,44,100,#A9FF8F
107,44,100,#A7FF8F
108,44,100,#A5FF8F
109,44,100,#A3FF8F
110,44,100,#A2FF8F
111,44,100,#A0FF8F
112,44,100,#9EFF8F
113,44,100,#9CFF8F
114,44,100,#9AFF8F
115,44,100,#98FF8F
116,44,100,#96FF8F
117,44,100,#94FF8F
118,44,100,#93FF8F
119,44,100,#91FF8F
120,44,100,#8FFF8F
121,44,100,#8FFF91
122,44,100,#8FFF93
123,44,100,#8FFF94
124,44,100,#8FFF96
125,44,100,#8FFF98
126,44,100,#8FFF9A
127,44,100,#8FFF9C
128,44,100,#8FFF9E
129,44,100,#8FFFA0
130,44,100,#8FFFA2
131,44,100,#8FFFA3
132,44,100,#8FFFA5
133,44,100,#8FFFA7
134,44,100,#8FFFA9
135,44,100,#8FFFAB
136,44,100,#8FFFAD
137,44,100,#8FFFAF
138,44,100,#8FFFB0
139,44,100,#8FFFB2
140,44,100,#8FFFB4
141,44,100,#8FFFB6
142,44,100,#8FFFB8
143,44,100,#8FFFBA
144,44,100,#8FFFBC
145,44,100,#8FFFBE
146,44,100,#8FFFBF
147,44,100,#8FFFC1
148,44,100,#8FFFC3
149,44,100,#8FFFC5
150,44,100,#8FFFC7
151,44,100,#8FFFC9
152,44,100,#8FFFCB
153,44,100,#8FFFCD
154,44,100,#8FFFCE
155,44,100,#8FFFD0
156,44,100,#8FFFD2
157,44,100,#8FFFD4
158,44,100,#8FFFD6
159,44,100,#8FFFD8
160,44,100,#8FFFDA
161,44,100,#8FFFDB
162,44,100,#8FFFDD
163,44,100,#8FFFDF
164,44,100,#8FFFE1
165,44,100,#8FFFE3
166,44,100,#8FFFE5
167,44,100,#8FFFE7
168,44,100,#8FFFE9
169,44,100,#8FFFEA
170,44,100,#8FFFEC
171,44,100,#8FFFEE
172,44,100,#8FFFF0
173,44,100,#8FFFF2
174,44,100,#8FFFF4
175,44,100,#8FFFF6
176,44,100,#8FFFF8
177,44,100,#8FFFF9
178,44,100,#8FFFFB
179,44,100,#8FFFFD
180,44,100,#8FFFFF
181,44,100,#8FFDFF
182,44,100,#8FFBFF
183,44,100,#8FF9FF
184,44,100,#8FF8FF
185,44,100,#8FF6FF
186,44,100,#8FF4FF
187,44,100,#8FF2FF
188,44,100,#8FF0FF
189,44,100,#8FEEFF
190,44,100,#8FECFF
191,44,100,#8FEAFF
192,44,100,#8FE9FF
193,44,100,#8FE7FF
194,44,100,#8FE5FF
195,44,100,#8FE3FF
196,44,100,#8FE1FF
197,44,100,#8FDFFF
198,44,100,#8FDDFF
199,44,100,#8FDBFF
200,44,100,#8FDAFF
201,44,100,#8FD8FF
202,44,100,#8FD6FF
203,44,100,#8FD4FF
204,44,100,#8FD2FF
205,44,100,#8FD0FF
206,44,100,#8FCEFF
207,44,100,#8FCDFF
208,44,100,#8FCBFF
209,44,100,#8FC9FF
210,44,100,#8FC7FF
211,44,100,#8FC5FF
212,44,100,#8FC3FF
213,44,100,#8FC1FF
214,44,100,#8FBFFF
215,44,100,#8FBEFF
216,44,100,#8FBCFF
217,44,100,#8FBAFF
218,44,100,#8FB8FF
219,44,100,#8FB6FF
220,44,100,#8FB4FF
221,44,100,#8FB2FF
222,44,100,#8FB0FF
223,44,100,#8FAFFF
224,44,100,#8FADFF
225,44,100,#8FABFF
226,44,100,#8FA9FF
227,44,100,#8FA7FF
228,44,100,#8FA5FF
229,44,100,#8FA3FF
230,44,100,#8FA2FF
231,44,100,#8FA0FF
232,44,100,#8F9EFF
233,44,100,#8F9CFF
234,44,100,#8F9AFF
235,44,100,#8F98FF
236,44,100,#8F96FF
237,44,100,#8F94FF
238,44,100,#8F93FF
239,44,100,#8F91FF
240,44,100,#8F8FFF
241,44,100,#918FFF
242,44,100,#938FFF
243,44,100,#948FFF
244,44,100,#968FFF
245,44,100,#988FFF
246,44,100,#9A8FFF
247,44,100,#9C8FFF
248,44,100,#9E8FFF
249,44,100,#A08FFF
250,44,100,#A18FFF
251,44,100,#A38FFF
252,44,100,#A58FFF
253,44,100,#A78FFF
254,44,100,#A98FFF
255,44,100,#AB8FFF
256,44,100,#AD8FFF
257,44,100,#AF8FFF
258,44,100,#B08FFF
259,44,100,#B28FFF
260,44,100,#B48FFF
261,44,100,#B68FFF
262,44,100,#B88FFF
263,44,100,#BA8FFF
264,44,100,#BC8FFF
265,44,100,#BE8FFF
266,44,100,#BF8FFF
267,44,100,#C18FFF
268,44,100,#C38FFF
269,44,100,#C58FFF
270,44,100,#C78FFF
271,44,100,#C98FFF
272,44,100,#CB8FFF
273,44,100,#CD8FFF
274,44,100,#CE8FFF
275,44,100,#D08FFF
276,44,100,#D28FFF
277,44,100,#D48FFF
278,44,100,#D68FFF
279,44,100,#D88FFF
280,44,100,#DA8FFF
281,44,100,#DB8FFF
282,44,100,#DD8FFF
283,44,100,#DF8FFF
284,44,100,#E18FFF
285,44,100,#E38FFF
286,44,100,#E58FFF
287,44,100,#E78FFF
288,44,100,#E98FFF
289,44,100,#EA8FFF
290,44,100,#EC8FFF
291,44,100,#EE8FFF
292,44,100,#F08FFF
293,44,100,#F28FFF
294,44,100,#F48FFF
295,44,100,#F68FFF
296,44,100,#F88FFF
297,44,100,#F98FFF
298,44,100,#FB8FFF
299,44,100,#FD8FFF
300,44,100,#FF8FFF
301,44,100,#FF8FFD
302,44,100,#FF8FFB
303,44,100,#FF8FF9
304,44,100,#FF8FF8
305,44,100,#FF8FF6
306,44,100,#FF8FF4
307,44,100,#FF8FF2
308,44,100,#FF8FF0
309,44,100,#FF8FEE
310,44,100,#FF8FEC
311,44,100,#FF8FEA
312,44,100,#FF8FE9
313,44,100,#FF8FE7
314,44,100,#FF8FE5
315,44,100,#FF8FE3
316,44,100,#FF8FE1
317,44,100,#FF8FDF
318,44,100,#FF8FDD
319,44,100,#FF8FDB
320,44,100,#FF8FDA
321,44,100,#FF8FD8
322,44,100,#FF8FD6
323,44,100,#FF8FD4
324,44,100,#FF8FD2
325,44,100,#FF8FD0
326,44,100,#FF8FCE
327,44,100,#FF8FCD
328,44,100,#FF8FCB
329,44,100,#FF8FC9
330,44,100,#FF8FC7
331,44,100,#FF8FC5
332,44,100,#FF8FC3
333,44,100,#FF8FC1
334,44,100,#FF8FBF
335,44,100,#FF8FBE
336,44,100,#FF8FBC
337,44,100,#FF8FBA
338,44,100,#FF8FB8
339,44,100,#FF8FB6
340,44,100,#FF8FB4
341,44,100,#FF8FB2
342,44,100,#FF8FB0
343,44,100,#FF8FAF
344,44,100,#FF8FAD
345,44,100,#FF8FAB
346,44,100,#FF8FA9
347,44,100,#FF8FA7
348,44,100,#FF8FA5
349,44,100,#FF8FA3
350,44,100,#FF8FA2
351,44,100,#FF8FA0
352,44,100,#FF8F9E
353,44,100,#FF8F9C
354,44,100,#FF8F9A
355,44,100,#FF8F98
356,44,100,#FF8F96
357,44,100,#FF8F94
358,44,100,#FF8F93
359,44,100,#FF8F91
0,43,100,#FF9191
1,43,100,#FF9391
2,43,100,#FF9591
3,43,100,#FF9791
4,43,100,#FF9991
5,43,100,#FF9A91
6,43,100,#FF9C91
7,43,100,#FF9E91
8,43,100,#FFA091
9,43,100,#FFA291
10,43,100,#FFA491
11,43,100,#FFA591
12,43,100,#FFA791
13,43,100,#FFA991
14,43,100,#FFAB91
15,43,100,#FFAD91
16,43,100,#FFAF91
17,43,100,#FFB091
18,43,100,#FFB291
19,43,100,#FFB491
20,43,100,#FFB691
21,43,100,#FFB891
22,43,100,#FFBA91
23,43,100,#FFBB91
24,43,100,#FFBD91
25,43,100,#FFBF91
26,43,100,#FFC191
27,43,100,#FFC391
28,43,100,#FFC591
29,43,100,#FFC691
30,43,100,#FFC891
31,43,100,#FFCA91
32,43,100,#FFCC91
33,43,100,#FFCE91
34,43,100,#FFCF91
35,43,100,#FFD191
36,43,100,#FFD391
37,43,100,#FFD591
38,43,100,#FFD791
39,43,100,#FFD991
40,43,100,#FFDA91
41,43,100,#FFDC91
42,43,100,#FFDE91
43,43,100,#FFE091
44,43,100,#FFE291
45,43,100,#FFE491
46,43,100,#FFE591
47,43,100,#FFE791
48,43,100,#FFE991
49,43,100,#FFEB91
50,43,100,#FFED91
51,43,100,#FFEF91
52,43,100,#FFF091
53,43,100,#FFF291
54,43,100,#FFF491
55,43,100,#FFF691
56,43,100,#FFF891
57,43,100,#FFFA91
58,43,100,#FFFB91
59,43,100,#FFFD91
60,43,100,#FFFF91
61,43,100,#FDFF91
62,43,100,#FBFF91
63,43,100,#FAFF91
64,43,100,#F8FF91
65,43,100,#F6FF91
66,43,100,#F4FF91
67,43,100,#F2FF91
68,43,100,#F0FF91
69,43,100,#EFFF91
70,43,100,#EDFF91
71,43,100,#EBFF91
72,43,100,#E9FF91
73,43,100,#E7FF91
74,43,100,#E5FF91
75,43,100,#E4FF91
76,43,100,#E2FF91
77,43,100,#E0FF91
78,43,100,#DEFF91
79,43,100,#DCFF91
80,43,100,#DAFF91
81,43,100,#D9FF91
82,43,100,#D7FF91
83,43,100,#D5FF91
84,43,100,#D3FF91
85,43,100,#D1FF91
86,43,100,#CFFF91
87,43,100,#CEFF91
88,43,100,#CCFF91
89,43,100,#CAFF91
90,43,100,#C8FF91
91,43,100,#C6FF91
92,43,100,#C5FF91
93,43,100,#C3FF91
94,43,100,#C1FF91
95,43,100,#BFFF91
96,43,100,#BDFF91
97,43,100,#BBFF91
98,43,100,#BAFF91
99,43,100,#B8FF91
100,43,100,#B6FF91
101,43,100,#B4FF91
102,43,100,#B2FF91
103,43,100,#B0FF91
104,43,100,#AFFF91
105,43,100,#ADFF91
106,43,100,#ABFF91
107,43,100,#A9FF91
108,43,100,#A7FF91
109,43,100,#A5FF91
110,43,100,#A4FF91
111,43,100,#A2FF91
112,43,100,#A0FF91
113,43,100,#9EFF91
114,43,100,#9CFF91
115,43,100,#9AFF91
116,43,100,#99FF91
117,43,100,#97FF91
118,43,100,#95FF91
119,43,100,#93FF91
120,43,100,#91FF91
121,43,100,#91FF93
122,43,100,#91FF95
123,43,100,#91FF97
124,43,100,#91FF99
125,43,100,#91FF9A
126,43,100,#91FF9C
127,43,100,#91FF9E
128,43,100,#91FFA0
129,43,100,#91FFA2
130,43,100,#91FFA4
131,43,100,#91FFA5
132,43,100,#91FFA7
133,43,100,#91FFA9
134,43,100,#91FFAB
135,43,100,#91FFAD
136,43,100,#91FFAF
137,43,100,#91FFB0
138,43,100,#91FFB2
139,43,100,#91FFB4
140,43,100,#91FFB6
141,43,100,#91FFB8
142,43,100,#91FFBA
143,43,100,#91FFBB
144,43,100,#91FFBD
145,43,100,#91FFBF
146,43,100,#91FFC1
147,43,100,#91FFC3
148,43,100,#91FFC5
149,43,100,#91FFC6
150,43,100,#91FFC8
151,43,100,#91FFCA
152,43,100,#91FFCC
153,43,100,#91FFCE
154,43,100,#91FFCF
155,43,100,#91FFD1
156,43,100,#91FFD3
157,43,100,#91FFD5
158,43,100,#91FFD7
159,43,100,#91FFD9
160,43,100,#91FFDA
161,43,100,#91FFDC
162,43,100,#91FFDE
163,43,100,#91FFE0
164,43,100,#91FFE2
165,43,100,#91FFE4
166,43,100,#91FFE5
167,43,100,#91FFE7
168,43,100,#91FFE9
169,43,100,#91FFEB
170,43,100,#91FFED
171,43,100,#91FFEF
172,43,100,#91FFF0
173,43,100,#91FFF2
174,43,100,#91FFF4
175,43,100,#91FFF6
176,43,100,#91FFF8
177,43,100,#91FFFA
178,43,100,#91FFFB
179,43,100,#91FFFD
180,43,100,#91FFFF
181,43,100,#91FDFF
182,43,100,#91FBFF
183,43,100,#91FAFF
184,43,100,#91F8FF
185,43,100,#91F6FF
186,43,100,#91F4FF
187,43,100,#91F2FF
188,43,100,#91F0FF
189,43,100,#91EFFF
190,43,100,#91EDFF
191,43,100,#91EBFF
192,43,100,#91E9FF
193,43,100,#91E7FF
194,43,100,#91E5FF
195,43,100,#91E4FF
196,43,100,#91E2FF
197,43,100,#91E0FF
198,43,100,#91DEFF
199,43,100,#91DCFF
200,43,100,#91DAFF
201,43,100,#91D9FF
202,43,100,#91D7FF
203,43,100,#91D5FF
204,43,100,#91D3FF
205,43,100,#91D1FF
206,43,100,#91CFFF
207,43,100,#91CEFF
208,43,100,#91CCFF
209,43,100,#91CAFF
210,43,100,#91C8FF
211,43,100,#91C6FF
212,43,100,#91C5FF
213,43,100,#91C3FF
214,43,100,#91C1FF
215,43,100,#91BFFF
216,43,100,#91BDFF
217,43,100,#91BBFF
218,43,100,#91BAFF
219,43,100,#91B8FF
220,43,100,#91B6FF
221,43,100,#91B4FF
222,43,100,#91B2FF
223,43,100,#91B0FF
224,43,100,#91AFFF
225,43,100,#91ADFF
226,43,100,#91ABFF
227,43,100,#91A9FF
228,43,100,#91A7FF
229,43,100,#91A5FF
230,43,100,#91A4FF
231,43,100,#91A2FF
232,43,100,#91A0FF
233,43,100,#919EFF
234,43,100,#919CFF
235,43,100,#919AFF
236,43,100,#9199FF
237,43,100,#9197FF
238,43,100,#9195FF
239,43,100,#9193FF
240,43,100,#9191FF
241,43,100,#9391FF
242,43,100,#9591FF
243,43,100,#9791FF
244,43,100,#9991FF
245,43,100,#9A91FF
246,43,100,#9C91FF
247,43,100,#9E91FF
248,43,100,#A091FF
249,43,100,#A291FF
250,43,100,#A491FF
251,43,100,#A591FF
252,43,100,#A791FF
253,43,100,#A991FF
254,43,100,#AB91FF
255,43,100,#AD91FF
256,43,100,#AF91FF
257,43,100,#B091FF
258,43,100,#B291FF
259,43,100,#B491FF
260,43,100,#B691FF
261,43,100,#B891FF
262,43,100,#BA91FF
263,43,100,#BB91FF
264,43,100,#BD91FF
265,43,100,#BF91FF
266,43,100,#C191FF
267,43,100,#C391FF
268,43,100,#C591FF
269,43,100,#C691FF
270,43,100,#C891FF
271,43,100,#CA91FF
272,43,100,#CC91FF
273,43,100,#CE91FF
274,43,100,#CF91FF
275,43,100,#D191FF
276,43,100,#D391FF
277,43,100,#D591FF
278,43,100,#D791FF
279,43,100,#D991FF
280,43,100,#DA91FF
281,43,100,#DC91FF
282,43,100,#DE91FF
283,43,100,#E091FF
284,43,100,#E291FF
285,43,100,#E491FF
286,43,100,#E591FF
287,43,100,#E791FF
288,43,100,#E991FF
289,43,100,#EB91FF
290,43,100,#ED91FF
291,43,100,#EF91FF
292,43,100,#F091FF
293,43,100,#F291FF
294,43,100,#F491FF
295,43,100,#F691FF
296,43,100,#F891FF
297,43,100,#FA91FF
298,43,100,#FB91FF
299,43,100,#FD91FF
300,43,100,#FF91FF
301,43,100,#FF91FD
302,43,100,#FF91FB
303,43,100,#FF91FA
304,43,100,#FF91F8
305,43,100,#FF91F6
306,43,100,#FF91F4
307,43,100,#FF91F2
308,43,100,#FF91F0
309,43,100,#FF91EF
310,43,100,#FF91ED
311,43,100,#FF91EB
312,43,100,#FF91E9
313,43,100,#FF91E7
314,43,100,#FF91E5
315,43,100,#FF91E4
316,43,100,#FF91E2
317,43,100,#FF91E0
318,43,100,#FF91DE
319,43,100,#FF91DC
320,43,100,#FF91DA
321,43,100,#FF91D9
322,43,100,#FF91D7
323,43,100,#FF91D5
324,43,100,#FF91D3
325,43,100,#FF91D1
326,43,100,#FF91CF
327,43,100,#FF91CE
328,43,100,#FF91CC
329,43,100,#FF91CA
330,43,100,#FF91C8
331,43,100,#FF91C6
332,43,100,#FF91C5
333,43,100,#FF91C3
334,43,100,#FF91C1
335,43,100,#FF91BF
336,43,100,#FF91BD
337,43,100,#FF91BB
338,43,100,#FF91BA
339,43,100,#FF91B8
340,43,100,#FF91B6
341,43,100,#FF91B4
342,43,100,#FF91B2
343,43,100,#FF91B0
344,43,100,#FF91AF
345,43,100,#FF91AD
346,43,100,#FF91AB
347,43,100,#FF91A9
348,43,100,#FF91A7
349,43,100,#FF91A5
350,43,100,#FF91A4
351,43,100,#FF91A2
352,43,100,#FF91A0
353,43,100,#FF919E
354,43,100,#FF919C
355,43,100,#FF919A
356,43,100,#FF9199
357,43,100,#FF9197
358,43,100,#FF9195
359,43,100,#FF9193
0,42,100,#FF9494
1,42,100,#FF9694
2,42,100,#FF9794
3,42,100,#FF9994
4,42,100,#FF9B94
5,42,100,#FF9D94
6,42,100,#FF9F94
7,42,100,#FFA094
8,42,100,#FFA294
9,42,100,#FFA494
10,42,100,#FFA694
11,42,100,#FFA894
12,42,100,#FFA994
13,42,100,#FFAB94
14,42,100,#FFAD94
15,42,100,#FFAF94
16,42,100,#FFB094
17,42,100,#FFB294
18,42,100,#FFB494
19,42,100,#FFB694
20,42,100,#FFB894
21,42,100,#FFB994
22,42,100,#FFBB94
23,42,100,#FFBD94
24,42,100,#FFBF94
25,42,100,#FFC194
26,42,100,#FFC294
27,42,100,#FFC494
28,42,100,#FFC694
29,42,100,#FFC894
30,42,100,#FFC994
31,42,100,#FFCB94
32,42,100,#FFCD94
33,42,100,#FFCF94
34,42,100,#FFD194
35,42,100,#FFD294
36,42,100,#FFD494
37,42,100,#FFD694
38,42,100,#FFD894
39,42,100,#FFDA94
40,42,100,#FFDB94
41,42,100,#FFDD94
42,42,100,#FFDF94
43,42,100,#FFE194
44,42,100,#FFE294
45,42,100,#FFE494
46,42,100,#FFE694
47,42,100,#FFE894
48,42,100,#FFEA94
49,42,100,#FFEB94
50,42,100,#FFED94
51,42,100,#FFEF94
52,42,100,#FFF194
53,42,100,#FFF394
54,42,100,#FFF494
55,42,100,#FFF694
56,42,100,#FFF894
57,42,100,#FFFA94
58,42,100,#FFFB94
59,42,100,#FFFD94
60,42,100,#FFFF94
61,42,100,#FDFF94
62,42,100,#FBFF94
63,42,100,#FAFF94
64,42,100,#F8FF94
65,42,100,#F6FF94
66,42,100,#F4FF94
67,42,100,#F3FF94
68,42,100,#F1FF94
69,42,100,#EFFF94
70,42,100,#EDFF94
71,42,100,#EBFF94
72,42,100,#EAFF94
73,42,100,#E8FF94
74,42,100,#E6FF94
75,42,100,#E4FF94
76,42,100,#E2FF94
77,42,100,#E1FF94
78,42,100,#DFFF94
79,42,100,#DDFF94
80,42,100,#DBFF94
81,42,100,#DAFF94
82,42,100,#D8FF94
83,42,100,#D6FF94
84,42,100,#D4FF94
85,42,100,#D2FF94
86,42,100,#D1FF94
87,42,100,#CFFF94
88,42,100,#CDFF94
89,42,100,#CBFF94
90,42,100,#C9FF94
91,42,100,#C8FF94
92,42,100,#C6FF94
93,42,100,#C4FF94
94,42,100,#C2FF94
95,42,100,#C1FF94
96,42,100,#BFFF94
97,42,100,#BDFF94
98,42,100,#BBFF94
99,42,100,#B9FF94
100,42,100,#B8FF94
101,42,100,#B6FF94
102,42,100,#B4FF94
103,42,100,#B2FF94
104,42,100,#B0FF94
105,42,100,#AFFF94
106,42,100,#ADFF94
107,42,100,#ABFF94
108,42,100,#A9FF94
109,42,100,#A8FF94
110,42,100,#A6FF94
111,42,100,#A4FF94
112,42,100,#A2FF94
113,42,100,#A0FF94
114,42,100,#9FFF94
115,42,100,#9DFF94
116,42,100,#9BFF94
117,42,100,#99FF94
118,42,100,#97FF94
119,42,100,#96FF94
120,42,100,#94FF94
121,42,100,#94FF96
122,42,100,#94FF97
123,42,100,#94FF99
124,42,100,#94FF9B
125,42,100,#94FF9D
126,42,100,#94FF9F
127,42,100,#94FFA0
128,42,100,#94FFA2
129,42,100,#94FFA4
130,42,100,#94FFA6
131,42,100,#94FFA8
132,42,100,#94FFA9
133,42,100,#94FFAB
134,42,100,#94FFAD
135,42,100,#94FFAF
136,42,100,#94FFB0
137,42,100,#94FFB2
138,42,100,#94FFB4
139,42,100,#94FFB6
140,42,100,#94FFB8
141,42,100,#94FFB9
142,42,100,#94FFBB
143,42,100,#94FFBD
144,42,100,#94FFBF
145,42,100,#94FFC1
146,42,100,#94FFC2
147,42,100,#94FFC4
148,42,100,#94FFC6
149,42,100,#94FFC8
150,42,100,#94FFC9
151,42,100,#94FFCB
152,42,100,#94FFCD
153,42,100,#94FFCF
154,42,100,#94FFD1
155,42,100,#94FFD2
156,42,100,#94FFD4
157,42,100,#94FFD6
158,42,100,#94FFD8
159,42,100,#94FFDA
160,42,100,#94FFDB
161,42,100,#94FFDD
162,42,100,#94FFDF
163,42,100,#94FFE1
164,42,100,#94FFE2
165,42,100,#94FFE4
166,42,100,#94FFE6
167,42,100,#94FFE8
168,42,100,#94FFEA
169,42,100,#94FFEB
170,42,100,#94FFED
171,42,100,#94FFEF
172,42,100,#94FFF1
173,42,100,#94FFF3
174,42,100,#94FFF4
175,42,100,#94FFF6
176,42,100,#94FFF8
177,42,100,#94FFFA
178,42,100,#94FFFB
179,42,100,#94FFFD
180,42,100,#94FFFF
181,42,100,#94FDFF
182,42,100,#94FBFF
183,42,100,#94FAFF
184,42,100,#94F8FF
185,42,100,#94F6FF
186,42,100,#94F4FF
187,42,100,#94F3FF
188,42,100,#94F1FF
189,42,100,#94EFFF
190,42,100,#94EDFF
191,42,100,#94EBFF
192,42,100,#94EAFF
193,42,100,#94E8FF
194,42,100,#94E6FF
195,42,100,#94E4FF
196,42,100,#94E2FF
197,42,100,#94E1FF
198,42,100,#94DFFF
199,42,100,#94DDFF
200,42,100,#94DBFF
201,42,100,#94DAFF
202,42,100,#94D8FF
203,42,100,#94D6FF
204,42,100,#94D4FF
205,42,100,#94D2FF
206,42,100,#94D1FF
207,42,100,#94CFFF
208,42,100,#94CDFF
209,42,100,#94CBFF
210,42,100,#94C9FF
211,42,100,#94C8FF
212,42,100,#94C6FF
213,42,100,#94C4FF
214,42,100,#94C2FF
215,42,100,#94C1FF
216,42,100,#94BFFF
217,42,100,#94BDFF
218,42,100,#94BBFF
219,42,100,#94B9FF
220,42,100,#94B8FF
221,42,100,#94B6FF
222,42,100,#94B4FF
223,42,100,#94B2FF
224,42,100,#94B0FF
225,42,100,#94AFFF
226,42,100,#94ADFF
227,42,100,#94ABFF
228,42,100,#94A9FF
229,42,100,#94A8FF
230,42,100,#94A6FF
231,42,100,#94A4FF
232,42,100,#94A2FF
233,42,100,#94A0FF
234,42,100,#949FFF
235,42,100,#949DFF
236,42,100,#949BFF
237,42,100,#9499FF
238,42,100,#9497FF
239,42,100,#9496FF
240,42,100,#9494FF
241,42,100,#9694FF
242,42,100,#9794FF
243,42,100,#9994FF
244,42,100,#9B94FF
245,42,100,#9D94FF
246,42,100,#9F94FF
247,42,100,#A094FF
248,42,100,#A294FF
249,42,100,#A494FF
250,42,100,#A694FF
251,42,100,#A894FF
252,42,100,#A994FF
253,42,100,#AB94FF
254,42,100,#AD94FF
255,42,100,#AF94FF
256,42,100,#B094FF
257,42,100,#B294FF
258,42,100,#B494FF
259,42,100,#B694FF
260,42,100,#B894FF
261,42,100,#B994FF
262,42,100,#BB94FF
263,42,100,#BD94FF
264,42,100,#BF94FF
265,42,100,#C194FF
266,42,100,#C294FF
267,42,100,#C494FF
268,42,100,#C694FF
269,42,100,#C894FF
270,42,100,#C994FF
271,42,100,#CB94FF
272,42,100,#CD94FF
273,42,100,#CF94FF
274,42,100,#D194FF
275,42,100,#D294FF
276,42,100,#D494FF
277,42,100,#D694FF
278,42,100,#D894FF
279,42,100,#DA94FF
280,42,100,#DB94FF
281,42,100,#DD94FF
282,42,100,#DF94FF
283,42,100,#E194FF
284,42,100,#E294FF
285,42,100,#E494FF
286,42,100,#E694FF
287,42,100,#E894FF
288,42,100,#EA94FF
289,42,100,#EB94FF
290,42,100,#ED94FF
291,42,100,#EF94FF
292,42,100,#F194FF
293,42,100,#F394FF
294,42,100,#F494FF
295,42,100,#F694FF
296,42,100,#F894FF
297,42,100,#FA94FF
298,42,100,#FB94FF
299,42,100,#FD94FF
300,42,100,#FF94FF
301,42,100,#FF94FD
302,42,100,#FF94FB
303,42,100,#FF94FA
304,42,100,#FF94F8
305,42,100,#FF94F6
306,42,100,#FF94F4
307,42,100,#FF94F3
308,42,100,#FF94F1
309,42,100,#FF94EF
310,42,100,#FF94ED
311,42,100,#FF94EB
312,42,100,#FF94EA
313,42,100,#FF94E8
314,42,100,#FF94E6
315,42,100,#FF94E4
316,42,100,#FF94E2
317,42,100,#FF94E1
318,42,100,#FF94DF
319,42,100,#FF94DD
320,42,100,#FF94DB
321,42,100,#FF94DA
322,42,100,#FF94D8
323,42,100,#FF94D6
324,42,100,#FF94D4
325,42,100,#FF94D2
326,42,100,#FF94D1
327,42,100,#FF94CF
328,42,100,#FF94CD
329,42,100,#FF94CB
330,42,100,#FF94C9
331,42,100,#FF94C8
332,42,100,#FF94C6
333,42,100,#FF94C4
334,42,100,#FF94C2
335,42,100,#FF94C1
336,42,100,#FF94BF
337,42,100,#FF94BD
338,42,100,#FF94BB
339,42,100,#FF94B9
340,42,100,#FF94B8
341,42,100,#FF94B6
342,42,100,#FF94B4
343,42,100,#FF94B2
344,42,100,#FF94B0
345,42,100,#FF94AF
346,42,100,#FF94AD
347,42,100,#FF94AB
348,42,100,#FF94A9
349,42,100,#FF94A8
350,42,100,#FF94A6
351,42,100,#FF94A4
352,42,100,#FF94A2
353,42,100,#FF94A0
354,42,100,#FF949F
355,42,100,#FF949D
356,42,100,#FF949B
357,42,100,#FF9499
358,42,100,#FF9497
359,42,100,#FF9496
0,41,100,#FF9696
1,41,100,#FF9896
2,41,100,#FF9A96
3,41,100,#FF9C96
4,41,100,#FF9D96
5,41,100,#FF9F96
6,41,100,#FFA196
7,41,100,#FFA396
8,41,100,#FFA496
9,41,100,#FFA696
10,41,100,#FFA896
11,41,100,#FFAA96
12,41,100,#FFAB96
13,41,100,#FFAD96
14,41,100,#FFAF96
15,41,100,#FFB196
16,41,100,#FFB296
17,41,100,#FFB496
18,41,100,#FFB696
19,41,100,#FFB896
20,41,100,#FFB996
21,41,100,#FFBB96
22,41,100,#FFBD96
23,41,100,#FFBF96
24,41,100,#FFC096
25,41,100,#FFC296
26,41,100,#FFC496
27,41,100,#FFC596
28,41,100,#FFC796
29,41,100,#FFC996
30,41,100,#FFCB96
31,41,100,#FFCC96
32,41,100,#FFCE96
33,41,100,#FFD096
34,41,100,#FFD296
35,41,100,#FFD396
36,41,100,#FFD596
37,41,100,#FFD796
38,41,100,#FFD996
39,41,100,#FFDA96
40,41,100,#FFDC96
41,41,100,#FFDE96
42,41,100,#FFE096
43,41,100,#FFE196
44,41,100,#FFE396
45,41,100,#FFE596
46,41,100,#FFE796
47,41,100,#FFE896
48,41,100,#FFEA96
49,41,100,#FFEC96
50,41,100,#FFEE96
51,41,100,#FFEF96
52,41,100,#FFF196
53,41,100,#FFF396
54,41,100,#FFF596
55,41,100,#FFF696
56,41,100,#FFF896
57,41,100,#FFFA96
58,41,100,#FFFC96
59,41,100,#FFFD96
60,41,100,#FFFF96
61,41,100,#FDFF96
62,41,100,#FCFF96
63,41,100,#FAFF96
64,41,100,#F8FF96
65,41,100,#F6FF96
66,41,100,#F5FF96
67,41,100,#F3FF96
68,41,100,#F1FF96
69,41,100,#EFFF96
70,41,100,#EEFF96
71,41,100,#ECFF96
72,41,100,#EAFF96
73,41,100,#E8FF96
74,41,100,#E7FF96
75,41,100,#E5FF96
76,41,100,#E3FF96
77,41,100,#E1FF96
78,41,100,#E0FF96
79,41,100,#DEFF96
80,41,100,#DCFF96
81,41,100,#DAFF96
82,41,100,#D9FF96
83,41,100,#D7FF96
84,41,100,#D5FF96
85,41,100,#D3FF96
86,41,100,#D2FF96
87,41,100,#D0FF96
88,41,100,#CEFF96
89,41,100,#CCFF96
90,41,100,#CBFF96
91,41,100,#C9FF96
92,41,100,#C7FF96
93,41,100,#C5FF96
94,41,100,#C4FF96
95,41,100,#C2FF96
96,41,100,#C0FF96
97,41,100,#BFFF96
98,41,100,#BDFF96
99,41,100,#BBFF96
100,41,100,#B9FF96
101,41,100,#B8FF96
102,41,100,#B6FF96
103,41,100,#B4FF96
104,41,100,#B2FF96
105,41,100,#B1FF96
106,41,100,#AFFF96
107,41,100,#ADFF96
108,41,100,#ABFF96
109,41,100,#AAFF96
110,41,100,#A8FF96
111,41,100,#A6FF96
112,41,100,#A4FF96
113,41,100,#A3FF96
114,41,100,#A1FF96
115,41,100,#9FFF96
116,41,100,#9DFF96
117,41,100,#9CFF96
118,41,100,#9AFF96
119,41,100,#98FF96
120,41,100,#96FF96
121,41,100,#96FF98
122,41,100,#96FF9A
123,41,100,#96FF9C
124,41,100,#96FF9D
125,41,100,#96FF9F
126,41,100,#96FFA1
127,41,100,#96FFA3
128,41,100,#96FFA4
129,41,100,#96FFA6
130,41,100,#96FFA8
131,41,100,#96FFAA
132,41,100,#96FFAB
133,41,100,#96FFAD
134,41,100,#96FFAF
135,41,100,#96FFB1
136,41,100,#96FFB2
137,41,100,#96FFB4
138,41,100,#96FFB6
139,41,100,#96FFB8
140,41,100,#96FFB9
141,41,100,#96FFBB
142,41,100,#96FFBD
143,41,100,#96FFBF
144,41,100,#96FFC0
145,41,100,#96FFC2
146,41,100,#96FFC4
147,41,100,#96FFC5
148,41,100,#96FFC7
149,41,100,#96FFC9
150,41,100,#96FFCB
151,41,100,#96FFCC
152,41,100,#96FFCE
153,41,100,#96FFD0
154,41,100,#96FFD2
155,41,100,#96FFD3
156,41,100,#96FFD5
157,41,100,#96FFD7
158,41,100,#96FFD9
159,41,100,#96FFDA
160,41,100,#96FFDC
161,41,100,#96FFDE
162,41,100,#96FFE0
163,41,100,#96FFE1
164,41,100,#96FFE3
165,41,100,#96FFE5
166,41,100,#96FFE7
167,41,100,#96FFE8
168,41,100,#96FFEA
169,41,100,#96FFEC
170,41,100,#96FFEE
171,41,100,#96FFEF
172,41,100,#96FFF1
173,41,100,#96FFF3
174,41,100,#96FFF5
175,41,100,#96FFF6
176,41,100,#96FFF8
177,41,100,#96FFFA
178,41,100,#96FFFC
179,41,100,#96FFFD
180,41,100,#96FFFF
181,41,100,#96FDFF
182,41,100,#96FCFF
183,41,100,#96FAFF
184,41,100,#96F8FF
185,41,100,#96F6FF
186,41,100,#96F5FF
187,41,100,#96F3FF
188,41,100,#96F1FF
189,41,100,#96EFFF
190,41,100,#96EEFF
191,41,100,#96ECFF
192,41,100,#96EAFF
193,41,100,#96E8FF
194,41,100,#96E7FF
195,41,100,#96E5FF
196,41,100,#96E3FF
197,41,100,#96E1FF
198,41,100,#96E0FF
199,41,100,#96DEFF
200,41,100,#96DCFF
201,41,100,#96DAFF
202,41,100,#96D9FF
203,41,100,#96D7FF
204,41,100,#96D5FF
205,41,100,#96D3FF
206,41,100,#96D2FF
207,41,100,#96D0FF
208,41,100,#96CEFF
209,41,100,#96CCFF
210,41,100,#96CBFF
211,41,100,#96C9FF
212,41,100,#96C7FF
213,41,100,#96C5FF
214,41,100,#96C4FF
215,41,100,#96C2FF
216,41,100,#96C0FF
217,41,100,#96BFFF
218,41,100,#96BDFF
219,41,100,#96BBFF
220,41,100,#96B9FF
221,41,100,#96B8FF
222,41,100,#96B6FF
223,41,100,#96B4FF
224,41,100,#96B2FF
225,41,100,#96B1FF
226,41,100,#96AFFF
227,41,100,#96ADFF
228,41,100,#96ABFF
229,41,100,#96AAFF
230,41,100,#96A8FF
231,41,100,#96A6FF
232,41,100,#96A4FF
233,41,100,#96A3FF
234,41,100,#96A1FF
235,41,100,#969FFF
236,41,100,#969DFF
237,41,100,#969CFF
238,41,100,#969AFF
239,41,100,#9698FF
240,41,100,#9696FF
241,41,100,#9896FF
242,41,100,#9A96FF
243,41,100,#9C96FF
244,41,100,#9D96FF
245,41,100,#9F96FF
246,41,100,#A196FF
247,41,100,#A396FF
248,41,100,#A496FF
249,41,100,#A696FF
250,41,100,#A896FF
251,41,100,#AA96FF
252,41,100,#AB96FF
253,41,100,#AD96FF
254,41,100,#AF96FF
255,41,100,#B196FF
256,41,100,#B296FF
257,41,100,#B496FF
258,41,100,#B696FF
259,41,100,#B896FF
260,41,100,#B996FF
261,41,100,#BB96FF
262,41,100,#BD96FF
263,41,100,#BF96FF
264,41,100,#C096FF
265,41,100,#C296FF
266,41,100,#C496FF
267,41,100,#C596FF
268,41,100,#C796FF
269,41,100,#C996FF
270,41,100,#CB96FF
271,41,100,#CC96FF
272,41,100,#CE96FF
273,41,100,#D096FF
274,41,100,#D296FF
275,41,100,#D396FF
276,41,100,#D596FF
277,41,100,#D796FF
278,41,100,#D996FF
279,41,100,#DA96FF
280,41,100,#DC96FF
281,41,100,#DE96FF
282,41,100,#E096FF
283,41,100,#E196FF
284,41,100,#E396FF
285,41,100,#E596FF
286,41,100,#E796FF
287,41,100,#E896FF
288,41,100,#EA96FF
289,41,100,#EC96FF
290,41,100,#EE96FF
291,41,100,#EF96FF
292,41,100,#F196FF
293,41,100,#F396FF
294,41,100,#F596FF
295,41,100,#F696FF
296,41,100,#F896FF
297,41,100,#FA96FF
298,41,100,#FC96FF
299,41,100,#FD96FF
300,41,100,#FF96FF
301,41,100,#FF96FD
302,41,100,#FF96FC
303,41,100,#FF96FA
304,41,100,#FF96F8
305,41,100,#FF96F6
306,41,100,#FF96F5
307,41,100,#FF96F3
308,41,100,#FF96F1
309,41,100,#FF96EF
310,41,100,#FF96EE
311,41,100,#FF96EC
312,41,100,#FF96EA
313,41,100,#FF96E8
314,41,100,#FF96E7
315,41,100,#FF96E5
316,41,100,#FF96E3
317,41,100,#FF96E1
318,41,100,#FF96E0
319,41,100,#FF96DE
320,41,100,#FF96DC
321,41,100,#FF96DA
322,41,100,#FF96D9
323,41,100,#FF96D7
324,41,100,#FF96D5
325,41,100,#FF96D3
326,41,100,#FF96D2
327,41,100,#FF96D0
328,41,100,#FF96CE
329,41,100,#FF96CC
330,41,100,#FF96CB
331,41,100,#FF96C9
332,41,100,#FF96C7
333,41,100,#FF96C5
334,41,100,#FF96C4
335,41,100,#FF96C2
336,41,100,#FF96C0
337,41,100,#FF96BF
338,41,100,#FF96BD
339,41,100,#FF96BB
340,41,100,#FF96B9
341,41,100,#FF96B8
342,41,100,#FF96B6
343,41,100,#FF96B4
344,41,100,#FF96B2
345,41,100,#FF96B1
346,41,100,#FF96AF
347,41,100,#FF96AD
348,41,100,#FF96AB
349,41,100,#FF96AA
350,41,100,#FF96A8
351,41,100,#FF96A6
352,41,100,#FF96A4
353,41,100,#FF96A3
354,41,100,#FF96A1
355,41,100,#FF969F
356,41,100,#FF969D
357,41,100,#FF969C
358,41,100,#FF969A
359,41,100,#FF9698
0,40,100,#FF9999
1,40,100,#FF9B99
2,40,100,#FF9C99
3,40,100,#FF9E99
4,40,100,#FFA099
5,40,100,#FFA299
6,40,100,#FFA399
7,40,100,#FFA599
8,40,100,#FFA799
9,40,100,#FFA899
10,40,100,#FFAA99
11,40,100,#FFAC99
12,40,100,#FFAD99
13,40,100,#FFAF99
14,40,100,#FFB199
15,40,100,#FFB399
16,40,100,#FFB499
17,40,100,#FFB699
18,40,100,#FFB899
19,40,100,#FFB999
20,40,100,#FFBB99
21,40,100,#FFBD99
22,40,100,#FFBE99
23,40,100,#FFC099
24,40,100,#FFC299
25,40,100,#FFC499
26,40,100,#FFC599
27,40,100,#FFC799
28,40,100,#FFC999
29,40,100,#FFCA99
30,40,100,#FFCC99
31,40,100,#FFCE99
32,40,100,#FFCF99
33,40,100,#FFD199
34,40,100,#FFD399
35,40,100,#FFD599
36,40,100,#FFD699
37,40,100,#FFD899
38,40,100,#FFDA99
39,40,100,#FFDB99
40,40,100,#FFDD99
41,40,100,#FFDF99
42,40,100,#FFE099
43,40,100,#FFE299
44,40,100,#FFE499
45,40,100,#FFE699
46,40,100,#FFE799
47,40,100,#FFE999
48,40,100,#FFEB99
49,40,100,#FFEC99
50,40,100,#FFEE99
51,40,100,#FFF099
52,40,100,#FFF199
53,40,100,#FFF399
54,40,100,#FFF599
55,40,100,#FFF799
56,40,100,#FFF899
57,40,100,#FFFA99
58,40,100,#FFFC99
59,40,100,#FFFD99
60,40,100,#FFFF99
61,40,100,#FDFF99
62,40,100,#FCFF99
63,40,100,#FAFF99
64,40,100,#F8FF99
65,40,100,#F7FF99
66,40,100,#F5FF99
67,40,100,#F3FF99
68,40,100,#F1FF99
69,40,100,#F0FF99
70,40,100,#EEFF99
71,40,100,#ECFF99
72,40,100,#EBFF99
73,40,100,#E9FF99
74,40,100,#E7FF99
75,40,100,#E6FF99
76,40,100,#E4FF99
77,40,100,#E2FF99
78,40,100,#E0FF99
79,40,100,#DFFF99
80,40,100,#DDFF99
81,40,100,#DBFF99
82,40,100,#DAFF99
83,40,100,#D8FF99
84,40,100,#D6FF99
85,40,100,#D5FF99
86,40,100,#D3FF99
87,40,100,#D1FF99
88,40,100,#CFFF99
89,40,100,#CEFF99
90,40,100,#CCFF99
91,40,100,#CAFF99
92,40,100,#C9FF99
93,40,100,#C7FF99
94,40,100,#C5FF99
95,40,100,#C3FF99
96,40,100,#C2FF99
97,40,100,#C0FF99
98,40,100,#BEFF99
99,40,100,#BDFF99
100,40,100,#BBFF99
101,40,100,#B9FF99
102,40,100,#B8FF99
103,40,100,#B6FF99
104,40,100,#B4FF99
105,40,100,#B3FF99
106,40,100,#B1FF99
107,40,100,#AFFF99
108,40,100,#ADFF99
109,40,100,#ACFF99
110,40,100,#AAFF99
111,40,100,#A8FF99
112,40,100,#A7FF99
113,40,100,#A5FF99
114,40,100,#A3FF99
115,40,100,#A2FF99
116,40,100,#A0FF99
117,40,100,#9EFF99
118,40,100,#9CFF99
119,40,100,#9BFF99
120,40,100,#99FF99
121,40,100,#99FF9B
122,40,100,#99FF9C
123,40,100,#99FF9E
124,40,100,#99FFA0
125,40,100,#99FFA1
126,40,100,#99FFA3
127,40,100,#99FFA5
128,40,100,#99FFA7
129,40,100,#99FFA8
130,40,100,#99FFAA
131,40,100,#99FFAC
132,40,100,#99FFAD
133,40,100,#99FFAF
134,40,100,#99FFB1
135,40,100,#99FFB3
136,40,100,#99FFB4
137,40,100,#99FFB6
138,40,100,#99FFB8
139,40,100,#99FFB9
140,40,100,#99FFBB
141,40,100,#99FFBD
142,40,100,#99FFBE
143,40,100,#99FFC0
144,40,100,#99FFC2
145,40,100,#99FFC4
146,40,100,#99FFC5
147,40,100,#99FFC7
148,40,100,#99FFC9
149,40,100,#99FFCA
150,40,100,#99FFCC
151,40,100,#99FFCE
152,40,100,#99FFCF
153,40,100,#99FFD1
154,40,100,#99FFD3
155,40,100,#99FFD5
156,40,100,#99FFD6
157,40,100,#99FFD8
158,40,100,#99FFDA
159,40,100,#99FFDB
160,40,100,#99FFDD
161,40,100,#99FFDF
162,40,100,#99FFE0
163,40,100,#99FFE2
164,40,100,#99FFE4
165,40,100,#99FFE6
166,40,100,#99FFE7
167,40,100,#99FFE9
168,40,100,#99FFEB
169,40,100,#99FFEC
170,40,100,#99FFEE
171,40,100,#99FFF0
172,40,100,#99FFF1
173,40,100,#99FFF3
174,40,100,#99FFF5
175,40,100,#99FFF6
176,40,100,#99FFF8
177,40,100,#99FFFA
178,40,100,#99FFFC
179,40,100,#99FFFD
180,40,100,#99FFFF
181,40,100,#99FDFF
182,40,100,#99FCFF
183,40,100,#99FAFF
184,40,100,#99F8FF
185,40,100,#99F7FF
186,40,100,#99F5FF
187,40,100,#99F3FF
188,40,100,#99F1FF
189,40,100,#99F0FF
190,40,100,#99EEFF
191,40,100,#99ECFF
192,40,100,#99EBFF
193,40,100,#99E9FF
194,40,100,#99E7FF
195,40,100,#99E6FF
196,40,100,#99E4FF
197,40,100,#99E2FF
198,40,100,#99E0FF
199,40,100,#99DFFF
200,40,100,#99DDFF
201,40,100,#99DBFF
202,40,100,#99DAFF
203,40,100,#99D8FF
204,40,100,#99D6FF
205,40,100,#99D5FF
206,40,100,#99D3FF
207,40,100,#99D1FF
208,40,100,#99CFFF
209,40,100,#99CEFF
210,40,100,#99CCFF
211,40,100,#99CAFF
212,40,100,#99C9FF
213,40,100,#99C7FF
214,40,100,#99C5FF
215,40,100,#99C4FF
216,40,100,#99C2FF
217,40,100,#99C0FF
218,40,100,#99BEFF
219,40,100,#99BDFF
220,40,100,#99BBFF
221,40,100,#99B9FF
222,40,100,#99B8FF
223,40,100,#99B6FF
224,40,100,#99B4FF
225,40,100,#99B3FF
226,40,100,#99B1FF
227,40,100,#99AFFF
228,40,100,#99ADFF
229,40,100,#99ACFF
230,40,100,#99AAFF
231,40,100,#99A8FF
232,40,100,#99A7FF
233,40,100,#99A5FF
234,40,100,#99A3FF
235,40,100,#99A1FF
236,40,100,#99A0FF
237,40,100,#999EFF
238,40,100,#999CFF
239,40,100,#999BFF
240,40,100,#9999FF
241,40,100,#9B99FF
242,40,100,#9C99FF
243,40,100,#9E99FF
244,40,100,#A099FF
245,40,100,#A299FF
246,40,100,#A399FF
247,40,100,#A599FF
248,40,100,#A799FF
249,40,100,#A899FF
250,40,100,#AA99FF
251,40,100,#AC99FF
252,40,100,#AD99FF
253,40,100,#AF99FF
254,40,100,#B199FF
255,40,100,#B399FF
256,40,100,#B499FF
257,40,100,#B699FF
258,40,100,#B899FF
259,40,100,#B999FF
260,40,100,#BB99FF
261,40,100,#BD99FF
262,40,100,#BE99FF
263,40,100,#C099FF
264,40,100,#C299FF
265,40,100,#C499FF
266,40,100,#C599FF
267,40,100,#C799FF
268,40,100,#C999FF
269,40,100,#CA99FF
270,40,100,#CC99FF
271,40,100,#CE99FF
272,40,100,#CF99FF
273,40,100,#D199FF
274,40,100,#D399FF
275,40,100,#D499FF
276,40,100,#D699FF
277,40,100,#D899FF
278,40,100,#DA99FF
279,40,100,#DB99FF
280,40,100,#DD99FF
281,40,100,#DF99FF
282,40,100,#E099FF
283,40,100,#E299FF
284,40,100,#E499FF
285,40,100,#E699FF
286,40,100,#E799FF
287,40,100,#E999FF
288,40,100,#EB99FF
289,40,100,#EC99FF
290,40,100,#EE99FF
291,40,100,#F099FF
292,40,100,#F199FF
293,40,100,#F399FF
294,40,100,#F599FF
295,40,100,#F699FF
296,40,100,#F899FF
297,40,100,#FA99FF
298,40,100,#FC99FF
299,40,100,#FD99FF
300,40,100,#FF99FF
301,40,100,#FF99FD
302,40,100,#FF99FC
303,40,100,#FF99FA
304,40,100,#FF99F8
305,40,100,#FF99F7
306,40,100,#FF99F5
307,40,100,#FF99F3
308,40,100,#FF99F1
309,40,100,#FF99F0
310,40,100,#FF99EE
311,40,100,#FF99EC
312,40,100,#FF99EB
313,40,100,#FF99E9
314,40,100,#FF99E7
315,40,100,#FF99E6
316,40,100,#FF99E4
317,40,100,#FF99E2
318,40,100,#FF99E0
319,40,100,#FF99DF
320,40,100,#FF99DD
321,40,100,#FF99DB
322,40,100,#FF99DA
323,40,100,#FF99D8
324,40,100,#FF99D6
325,40,100,#FF99D4
326,40,100,#FF99D3
327,40,100,#FF99D1
328,40,100,#FF99CF
329,40,100,#FF99CE
330,40,100,#FF99CC
331,40,100,#FF99CA
332,40,100,#FF99C9
333,40,100,#FF99C7
334,40,100,#FF99C5
335,40,100,#FF99C3
336,40,100,#FF99C2
337,40,100,#FF99C0
338,40,100,#FF99BE
339,40,100,#FF99BD
340,40,100,#FF99BB
341,40,100,#FF99B9
342,40,100,#FF99B8
343,40,100,#FF99B6
344,40,100,#FF99B4
345,40,100,#FF99B3
346,40,100,#FF99B1
347,40,100,#FF99AF
348,40,100,#FF99AD
349,40,100,#FF99AC
350,40,100,#FF99AA
351,40,100,#FF99A8
352,40,100,#FF99A7
353,40,100,#FF99A5
354,40,100,#FF99A3
355,40,100,#FF99A1
356,40,100,#FF99A0
357,40,100,#FF999E
358,40,100,#FF999C
359,40,100,#FF999B
0,39,100,#FF9C9C
1,39,100,#FF9D9C
2,39,100,#FF9F9C
3,39,100,#FFA19C
4,39,100,#FFA29C
5,39,100,#FFA49C
6,39,100,#FFA59C
7,39,100,#FFA79C
8,39,100,#FFA99C
9,39,100,#FFAA9C
10,39,100,#FFAC9C
11,39,100,#FFAE9C
12,39,100,#FFAF9C
13,39,100,#FFB19C
14,39,100,#FFB39C
15,39,100,#FFB49C
16,39,100,#FFB69C
17,39,100,#FFB89C
18,39,100,#FFB99C
19,39,100,#FFBB9C
20,39,100,#FFBD9C
21,39,100,#FFBE9C
22,39,100,#FFC09C
23,39,100,#FFC29C
24,39,100,#FFC39C
25,39,100,#FFC59C
26,39,100,#FFC79C
27,39,100,#FFC89C
28,39,100,#FFCA9C
29,39,100,#FFCC9C
30,39,100,#FFCD9C
31,39,100,#FFCF9C
32,39,100,#FFD19C
33,39,100,#FFD29C
34,39,100,#FFD49C
35,39,100,#FFD69C
36,39,100,#FFD79C
37,39,100,#FFD99C
38,39,100,#FFDB9C
39,39,100,#FFDC9C
40,39,100,#FFDE9C
41,39,100,#FFE09C
42,39,100,#FFE19C
43,39,100,#FFE39C
44,39,100,#FFE49C
45,39,100,#FFE69C
46,39,100,#FFE89C
47,39,100,#FFE99C
48,39,100,#FFEB9C
49,39,100,#FFED9C
50,39,100,#FFEE9C
51,39,100,#FFF09C
52,39,100,#FFF29C
53,39,100,#FFF39C
54,39,100,#FFF59C
55,39,100,#FFF79C
56,39,100,#FFF89C
57,39,100,#FFFA9C
58,39,100,#FFFC9C
59,39,100,#FFFD9C
60,39,100,#FFFF9C
61,39,100,#FDFF9C
62,39,100,#FCFF9C
63,39,100,#FAFF9C
64,39,100,#F8FF9C
65,39,100,#F7FF9C
66,39,100,#F5FF9C
67,39,100,#F3FF9C
68,39,100,#F2FF9C
69,39,100,#F0FF9C
70,39,100,#EEFF9C
71,39,100,#EDFF9C
72,39,100,#EBFF9C
73,39,100,#E9FF9C
74,39,100,#E8FF9C
75,39,100,#E6FF9C
76,39,100,#E4FF9C
77,39,100,#E3FF9C
78,39,100,#E1FF9C
79,39,100,#E0FF9C
80,39,100,#DEFF9C
81,39,100,#DCFF9C
82,39,100,#DBFF9C
83,39,100,#D9FF9C
84,39,100,#D7FF9C
85,39,100,#D6FF9C
86,39,100,#D4FF9C
87,39,100,#D2FF9C
88,39,100,#D1FF9C
89,39,100,#CFFF9C
90,39,100,#CDFF9C
91,39,100,#CCFF9C
92,39,100,#CAFF9C
93,39,100,#C8FF9C
94,39,100,#C7FF9C
95,39,100,#C5FF9C
96,39,100,#C3FF9C
97,39,100,#C2FF9C
98,39,100,#C0FF9C
99,39,100,#BEFF9C
100,39,100,#BDFF9C
101,39,100,#BBFF9C
102,39,100,#B9FF9C
103,39,100,#B8FF9C
104,39,100,#B6FF9C
105,39,100,#B4FF9C
106,39,100,#B3FF9C
107,39,100,#B1FF9C
108,39,100,#AFFF9C
109,39,100,#AEFF9C
110,39,100,#ACFF9C
111,39,100,#AAFF9C
112,39,100,#A9FF9C
113,39,100,#A7FF9C
114,39,100,#A5FF9C
115,39,100,#A4FF9C
116,39,100,#A2FF9C
117,39,100,#A1FF9C
118,39,100,#9FFF9C
119,39,100,#9DFF9C
120,39,100,#9CFF9C
121,39,100,#9CFF9D
122,39,100,#9CFF9F
123,39,100,#9CFFA1
124,39,100,#9CFFA2
125,39,100,#9CFFA4
126,39,100,#9CFFA5
127,39,100,#9CFFA7
128,39,100,#9CFFA9
129,39,100,#9CFFAA
130,39,100,#9CFFAC
131,39,100,#9CFFAE
132,39,100,#9CFFAF
133,39,100,#9CFFB1
134,39,100,#9CFFB3
135,39,100,#9CFFB4
136,39,100,#9CFFB6
137,39,100,#9CFFB8
138,39,100,#9CFFB9
139,39,100,#9CFFBB
140,39,100,#9CFFBD
141,39,100,#9CFFBE
142,39,100,#9CFFC0
143,39,100,#9CFFC2
144,39,100,#9CFFC3
145,39,100,#9CFFC5
146,39,100,#9CFFC7
147,39,100,#9CFFC8
148,39,100,#9CFFCA
149,39,100,#9CFFCC
150,39,100,#9CFFCD
151,39,100,#9CFFCF
152,39,100,#9CFFD1
153,39,100,#9CFFD2
154,39,100,#9CFFD4
155,39,100,#9CFFD6
156,39,100,#9CFFD7
157,39,100,#9CFFD9
158,39,100,#9CFFDB
159,39,100,#9CFFDC
160,39,100,#9CFFDE
161,39,100,#9CFFE0
162,39,100,#9CFFE1
163,39,100,#9CFFE3
164,39,100,#9CFFE4
165,39,100,#9CFFE6
166,39,100,#9CFFE8
167,39,100,#9CFFE9
168,39,100,#9CFFEB
169,39,100,#9CFFED
170,39,100,#9CFFEE
171,39,100,#9CFFF0
172,39,100,#9CFFF2
173,39,100,#9CFFF3
174,39,100,#9CFFF5
175,39,100,#9CFFF7
176,39,100,#9CFFF8
177,39,100,#9CFFFA
178,39,100,#9CFFFC
179,39,100,#9CFFFD
180,39,100,#9CFFFF
181,39,100,#9CFDFF
182,39,100,#9CFCFF
183,39,100,#9CFAFF
184,39,100,#9CF8FF
185,39,100,#9CF7FF
186,39,100,#9CF5FF
187,39,100,#9CF3FF
188,39,100,#9CF2FF
189,39,100,#9CF0FF
190,39,100,#9CEEFF
191,39,100,#9CEDFF
192,39,100,#9CEBFF
193,39,100,#9CE9FF
194,39,100,#9CE8FF
195,39,100,#9CE6FF
196,39,100,#9CE4FF
197,39,100,#9CE3FF
198,39,100,#9CE1FF
199,39,100,#9CE0FF
200,39,100,#9CDEFF
201,39,100,#9CDCFF
202,39,100,#9CDBFF
203,39,100,#9CD9FF
204,39,100,#9CD7FF
205,39,100,#9CD6FF
206,39,100,#9CD4FF
207,39,100,#9CD2FF
208,39,100,#9CD1FF
209,39,100,#9CCFFF
210,39,100,#9CCDFF
211,39,100,#9CCCFF
212,39,100,#9CCAFF
213,39,100,#9CC8FF
214,39,100,#9CC7FF
215,39,100,#9CC5FF
216,39,100,#9CC3FF
217,39,100,#9CC2FF
218,39,100,#9CC0FF
219,39,100,#9CBEFF
220,39,100,#9CBDFF
221,39,100,#9CBBFF
222,39,100,#9CB9FF
223,39,100,#9CB8FF
224,39,100,#9CB6FF
225,39,100,#9CB4FF
226,39,100,#9CB3FF
227,39,100,#9CB1FF
228,39,100,#9CAFFF
229,39,100,#9CAEFF
230,39,100,#9CACFF
231,39,100,#9CAAFF
232,39,100,#9CA9FF
233,39,100,#9CA7FF
234,39,100,#9CA5FF
235,39,100,#9CA4FF
236,39,100,#9CA2FF
237,39,100,#9CA1FF
238,39,100,#9C9FFF
239,39,100,#9C9DFF
240,39,100,#9C9CFF
241,39,100,#9D9CFF
242,39,100,#9F9CFF
243,39,100,#A19CFF
244,39,100,#A29CFF
245,39,100,#A49CFF
246,39,100,#A59CFF
247,39,100,#A79CFF
248,39,100,#A99CFF
249,39,100,#AA9CFF
250,39,100,#AC9CFF
251,39,100,#AE9CFF
252,39,100,#AF9CFF
253,39,100,#B19CFF
254,39,100,#B39CFF
255,39,100,#B49CFF
256,39,100,#B69CFF
257,39,100,#B89CFF
258,39,100,#B99CFF
259,39,100,#BB9CFF
260,39,100,#BD9CFF
261,39,100,#BE9CFF
262,39,100,#C09CFF
263,39,100,#C29CFF
264,39,100,#C39CFF
265,39,100,#C59CFF
266,39,100,#C79CFF
267,39,100,#C89CFF
268,39,100,#CA9CFF
269,39,100,#CC9CFF
270,39,100,#CD9CFF
271,39,100,#CF9CFF
272,39,100,#D19CFF
273,39,100,#D29CFF
274,39,100,#D49CFF
275,39,100,#D69CFF
276,39,100,#D79CFF
277,39,100,#D99CFF
278,39,100,#DB9CFF
279,39,100,#DC9CFF
280,39,100,#DE9CFF
281,39,100,#E09CFF
282,39,100,#E19CFF
283,39,100,#E39CFF
284,39,100,#E49CFF
285,39,100,#E69CFF
286,39,100,#E89CFF
287,39,100,#E99CFF
288,39,100,#EB9CFF
289,39,100,#ED9CFF
290,39,100,#EE9CFF
291,39,100,#F09CFF
292,39,100,#F29CFF
293,39,100,#F39CFF
294,39,100,#F59CFF
295,39,100,#F79CFF
296,39,100,#F89CFF
297,39,100,#FA9CFF
298,39,100,#FC9CFF
299,39,100,#FD9CFF
300,39,100,#FF9CFF
301,39,100,#FF9CFD
302,39,100,#FF9CFC
303,39,100,#FF9CFA
304,39,100,#FF9CF8
305,39,100,#FF9CF7
306,39,100,#FF9CF5
307,39,100,#FF9CF3
308,39,100,#FF9CF2
309,39,100,#FF9CF0
310,39,100,#FF9CEE
311,39,100,#FF9CED
312,39,100,#FF9CEB
313,39,100,#FF9CE9
314,39,100,#FF9CE8
315,39,100,#FF9CE6
316,39,100,#FF9CE4
317,39,100,#FF9CE3
318,39,100,#FF9CE1
319,39,100,#FF9CE0
320,39,100,#FF9CDE
321,39,100,#FF9CDC
322,39,100,#FF9CDB
323,39,100,#FF9CD9
324,39,100,#FF9CD7
325,39,100,#FF9CD6
326,39,100,#FF9CD4
327,39,100,#FF9CD2
328,39,100,#FF9CD1
329,39,100,#FF9CCF
330,39,100,#FF9CCD
331,39,100,#FF9CCC
332,39,100,#FF9CCA
333,39,100,#FF9CC8
334,39,100,#FF9CC7
335,39,100,#FF9CC5
336,39,100,#FF9CC3
337,39,100,#FF9CC2
338,39,100,#FF9CC0
339,39,100,#FF9CBE
340,39,100,#FF9CBD
341,39,100,#FF9CBB
342,39,100,#FF9CB9
343,39,100,#FF9CB8
344,39,100,#FF9CB6
345,39,100,#FF9CB4
346,39,100,#FF9CB3
347,39,100,#FF9CB1
348,39,100,#FF9CAF
349,39,100,#FF9CAE
350,39,100,#FF9CAC
351,39,100,#FF9CAA
352,39,100,#FF9CA9
353,39,100,#FF9CA7
354,39,100,#FF9CA5
355,39,100,#FF9CA4
356,39,100,#FF9CA2
357,39,100,#FF9CA1
358,39,100,#FF9C9F
359,39,100,#FF9C9D
0,38,100,#FF9E9E
1,38,100,#FFA09E
2,38,100,#FFA19E
3,38,100,#FFA39E
4,38,100,#FFA59E
5,38,100,#FFA69E
6,38,100,#FFA89E
7,38,100,#FFA99E
8,38,100,#FFAB9E
9,38,100,#FFAD9E
10,38,100,#FFAE9E
11,38,100,#FFB09E
12,38,100,#FFB19E
13,38,100,#FFB39E
14,38,100,#FFB59E
15,38,100,#FFB69E
16,38,100,#FFB89E
17,38,100,#FFBA9E
18,38,100,#FFBB9E
19,38,100,#FFBD9E
20,38,100,#FFBE9E
21,38,100,#FFC09E
22,38,100,#FFC29E
23,38,100,#FFC39E
24,38,100,#FFC59E
25,38,100,#FFC69E
26,38,100,#FFC89E
27,38,100,#FFCA9E
28,38,100,#FFCB9E
29,38,100,#FFCD9E
30,38,100,#FFCF9E
31,38,100,#FFD09E
32,38,100,#FFD29E
33,38,100,#FFD39E
34,38,100,#FFD59E
35,38,100,#FFD79E
36,38,100,#FFD89E
37,38,100,#FFDA9E
38,38,100,#FFDB9E
39,38,100,#FFDD9E
40,38,100,#FFDF9E
41,38,100,#FFE09E
42,38,100,#FFE29E
43,38,100,#FFE49E
44,38,100,#FFE59E
45,38,100,#FFE79E
46,38,100,#FFE89E
47,38,100,#FFEA9E
48,38,100,#FFEC9E
49,38,100,#FFED9E
50,38,100,#FFEF9E
51,38,100,#FFF09E
52,38,100,#FFF29E
53,38,100,#FFF49E
54,38,100,#FFF59E
55,38,100,#FFF79E
56,38,100,#FFF99E
57,38,100,#FFFA9E
58,38,100,#FFFC9E
59,38,100,#FFFD9E
60,38,100,#FFFF9E
61,38,100,#FDFF9E
62,38,100,#FCFF9E
63,38,100,#FAFF9E
64,38,100,#F9FF9E
65,38,100,#F7FF9E
66,38,100,#F5FF9E
67,38,100,#F4FF9E
68,38,100,#F2FF9E
69,38,100,#F0FF9E
70,38,100,#EFFF9E
71,38,100,#EDFF9E
72,38,100,#ECFF9E
73,38,100,#EAFF9E
74,38,100,#E8FF9E
75,38,100,#E7FF9E
76,38,100,#E5FF9E
77,38,100,#E4FF9E
78,38,100,#E2FF9E
79,38,100,#E0FF9E
80,38,100,#DFFF9E
81,38,100,#DDFF9E
82,38,100,#DBFF9E
83,38,100,#DAFF9E
84,38,100,#D8FF9E
85,38,100,#D7FF9E
86,38,100,#D5FF9E
87,38,100,#D3FF9E
88,38,100,#D2FF9E
89,38,100,#D0FF9E
90,38,100,#CFFF9E
91,38,100,#CDFF9E
92,38,100,#CBFF9E
93,38,100,#CAFF9E
94,38,100,#C8FF9E
95,38,100,#C6FF9E
96,38,100,#C5FF9E
97,38,100,#C3FF9E
98,38,100,#C2FF9E
99,38,100,#C0FF9E
100,38,100,#BEFF9E
101,38,100,#BDFF9E
102,38,100,#BBFF9E
103,38,100,#BAFF9E
104,38,100,#B8FF9E
105,38,100,#B6FF9E
106,38,100,#B5FF9E
107,38,100,#B3FF9E
108,38,100,#B1FF9E
109,38,100,#B0FF9E
110,38,100,#AEFF9E
111,38,100,#ADFF9E
112,38,100,#ABFF9E
113,38,100,#A9FF9E
114,38,100,#A8FF9E
115,38,100,#A6FF9E
116,38,100,#A5FF9E
117,38,100,#A3FF9E
118,38,100,#A1FF9E
119,38,100,#A0FF9E
120,38,100,#9EFF9E
121,38,100,#9EFFA0
122,38,100,#9EFFA1
123,38,100,#9EFFA3
124,38,100,#9EFFA5
125,38,100,#9EFFA6
126,38,100,#9EFFA8
127,38,100,#9EFFA9
128,38,100,#9EFFAB
129,38,100,#9EFFAD
130,38,100,#9EFFAE
131,38,100,#9EFFB0
132,38,100,#9EFFB1
133,38,100,#9EFFB3
134,38,100,#9EFFB5
135,38,100,#9EFFB6
136,38,100,#9EFFB8
137,38,100,#9EFFBA
138,38,100,#9EFFBB
139,38,100,#9EFFBD
140,38,100,#9EFFBE
141,38,100,#9EFFC0
142,38,100,#9EFFC2
143,38,100,#9EFFC3
144,38,100,#9EFFC5
145,38,100,#9EFFC6
146,38,100,#9EFFC8
147,38,100,#9EFFCA
148,38,100,#9EFFCB
149,38,100,#9EFFCD
150,38,100,#9EFFCF
151,38,100,#9EFFD0
152,38,100,#9EFFD2
153,38,100,#9EFFD3
154,38,100,#9EFFD5
155,38,100,#9EFFD7
156,38,100,#9EFFD8
157,38,100,#9EFFDA
158,38,100,#9EFFDB
159,38,100,#9EFFDD
160,38,100,#9EFFDF
161,38,100,#9EFFE0
162,38,100,#9EFFE2
163,38,100,#9EFFE4
164,38,100,#9EFFE5
165,38,100,#9EFFE7
166,38,100,#9EFFE8
167,38,100,#9EFFEA
168,38,100,#9EFFEC
169,38,100,#9EFFED
170,38,100,#9EFFEF
171,38,100,#9EFFF0
172,38,100,#9EFFF2
173,38,100,#9EFFF4
174,38,100,#9EFFF5
175,38,100,#9EFFF7
176,38,100,#9EFFF9
177,38,100,#9EFFFA
178,38,100,#9EFFFC
179,38,100,#9EFFFD
180,38,100,#9EFFFF
181,38,100,#9EFDFF
182,38,100,#9EFCFF
183,38,100,#9EFAFF
184,38,100,#9EF9FF
185,38,100,#9EF7FF
186,38,100,#9EF5FF
187,38,100,#9EF4FF
188,38,100,#9EF2FF
189,38,100,#9EF0FF
190,38,100,#9EEFFF
191,38,100,#9EEDFF
192,38,100,#9EECFF
193,38,100,#9EEAFF
194,38,100,#9EE8FF
195,38,100,#9EE7FF
196,38,100,#9EE5FF
197,38,100,#9EE4FF
198,38,100,#9EE2FF
199,38,100,#9EE0FF
200,38,100,#9EDFFF
201,38,100,#9EDDFF
202,38,100,#9EDBFF
203,38,100,#9EDAFF
204,38,100,#9ED8FF
205,38,100,#9ED7FF
206,38,100,#9ED5FF
207,38,100,#9ED3FF
208,38,100,#9ED2FF
209,38,100,#9ED0FF
210,38,100,#9ECFFF
211,38,100,#9ECDFF
212,38,100,#9ECBFF
213,38,100,#9ECAFF
214,38,100,#9EC8FF
215,38,100,#9EC6FF
216,38,100,#9EC5FF
217,38,100,#9EC3FF
218,38,100,#9EC2FF
219,38,100,#9EC0FF
220,38,100,#9EBEFF
221,38,100,#9EBDFF
222,38,100,#9EBBFF
223,38,100,#9EBAFF
224,38,100,#9EB8FF
225,38,100,#9EB6FF
226,38,100,#9EB5FF
227,38,100,#9EB3FF
228,38,100,#9EB1FF
229,38,100,#9EB0FF
230,38,100,#9EAEFF
231,38,100,#9EADFF
232,38,100,#9EABFF
233,38,100,#9EA9FF
234,38,100,#9EA8FF
235,38,100,#9EA6FF
236,38,100,#9EA5FF
237,38,100,#9EA3FF
238,38,100,#9EA1FF
239,38,100,#9EA0FF
240,38,100,#9E9EFF
241,38,100,#A09EFF
242,38,100,#A19EFF
243,38,100,#A39EFF
244,38,100,#A59EFF
245,38,100,#A69EFF
246,38,100,#A89EFF
247,38,100,#A99EFF
248,38,100,#AB9EFF
249,38,100,#AD9EFF
250,38,100,#AE9EFF
251,38,100,#B09EFF
252,38,100,#B19EFF
253,38,100,#B39EFF
254,38,100,#B59EFF
255,38,100,#B69EFF
256,38,100,#B89EFF
257,38,100,#BA9EFF
258,38,100,#BB9EFF
259,38,100,#BD9EFF
260,38,100,#BE9EFF
261,38,100,#C09EFF
262,38,100,#C29EFF
263,38,100,#C39EFF
264,38,100,#C59EFF
265,38,100,#C69EFF
266,38,100,#C89EFF
267,38,100,#CA9EFF
268,38,100,#CB9EFF
269,38,100,#CD9EFF
270,38,100,#CF9EFF
271,38,100,#D09EFF
272,38,100,#D29EFF
273,38,100,#D39EFF
274,38,100,#D59EFF
275,38,100,#D79EFF
276,38,100,#D89EFF
277,38,100,#DA9EFF
278,38,100,#DB9EFF
279,38,100,#DD9EFF
280,38,100,#DF9EFF
281,38,100,#E09EFF
282,38,100,#E29EFF
283,38,100,#E49EFF
284,38,100,#E59EFF
285,38,100,#E79EFF
286,38,100,#E89EFF
287,38,100,#EA9EFF
288,38,100,#EC9EFF
289,38,100,#ED9EFF
290,38,100,#EF9EFF
291,38,100,#F09EFF
292,38,100,#F29EFF
293,38,100,#F49EFF
294,38,100,#F59EFF
295,38,100,#F79EFF
296,38,100,#F99EFF
297,38,100,#FA9EFF
298,38,100,#FC9EFF
299,38,100,#FD9EFF
300,38,100,#FF9EFF
301,38,100,#FF9EFD
302,38,100,#FF9EFC
303,38,100,#FF9EFA
304,38,100,#FF9EF9
305,38,100,#FF9EF7
306,38,100,#FF9EF5
307,38,100,#FF9EF4
308,38,100,#FF9EF2
309,38,100,#FF9EF0
310,38,100,#FF9EEF
311,38,100,#FF9EED
312,38,100,#FF9EEC
313,38,100,#FF9EEA
314,38,100,#FF9EE8
315,38,100,#FF9EE7
316,38,100,#FF9EE5
317,38,100,#FF9EE4
318,38,100,#FF9EE2
319,38,100,#FF9EE0
320,38,100,#FF9EDF
321,38,100,#FF9EDD
322,38,100,#FF9EDB
323,38,100,#FF9EDA
324,38,100,#FF9ED8
325,38,100,#FF9ED7
326,38,100,#FF9ED5
327,38,100,#FF9ED3
328,38,100,#FF9ED2
329,38,100,#FF9ED0
330,38,100,#FF9ECF
331,38,100,#FF9ECD
332,38,100,#FF9ECB
333,38,100,#FF9ECA
334,38,100,#FF9EC8
335,38,100,#FF9EC6
336,38,100,#FF9EC5
337,38,100,#FF9EC3
338,38,100,#FF9EC2
339,38,100,#FF9EC0
340,38,100,#FF9EBE
341,38,100,#FF9EBD
342,38,100,#FF9EBB
343,38,100,#FF9EBA
344,38,100,#FF9EB8
345,38,100,#FF9EB6
346,38,100,#FF9EB5
347,38,100,#FF9EB3
348,38,100,#FF9EB1
349,38,100,#FF9EB0
350,38,100,#FF9EAE
351,38,100,#FF9EAD
352,38,100,#FF9EAB
353,38,100,#FF9EA9
354,38,100,#FF9EA8
355,38,100,#FF9EA6
356,38,100,#FF9EA5
357,38,100,#FF9EA3
358,38,100,#FF9EA1
359,38,100,#FF9EA0
0,37,100,#FFA1A1
1,37,100,#FFA2A1
2,37,100,#FFA4A1
3,37,100,#FFA5A1
4,37,100,#FFA7A1
5,37,100,#FFA9A1
6,37,100,#FFAAA1
7,37,100,#FFACA1
8,37,100,#FFADA1
9,37,100,#FFAFA1
10,37,100,#FFB0A1
11,37,100,#FFB2A1
12,37,100,#FFB4A1
13,37,100,#FFB5A1
14,37,100,#FFB7A1
15,37,100,#FFB8A1
16,37,100,#FFBAA1
17,37,100,#FFBBA1
18,37,100,#FFBDA1
19,37,100,#FFBFA1
20,37,100,#FFC0A1
21,37,100,#FFC2A1
22,37,100,#FFC3A1
23,37,100,#FFC5A1
24,37,100,#FFC6A1
25,37,100,#FFC8A1
26,37,100,#FFCAA1
27,37,100,#FFCBA1
28,37,100,#FFCDA1
29,37,100,#FFCEA1
30,37,100,#FFD0A1
31,37,100,#FFD1A1
32,37,100,#FFD3A1
33,37,100,#FFD5A1
34,37,100,#FFD6A1
35,37,100,#FFD8A1
36,37,100,#FFD9A1
37,37,100,#FFDBA1
38,37,100,#FFDCA1
39,37,100,#FFDEA1
40,37,100,#FFE0A1
41,37,100,#FFE1A1
42,37,100,#FFE3A1
43,37,100,#FFE4A1
44,37,100,#FFE6A1
45,37,100,#FFE7A1
46,37,100,#FFE9A1
47,37,100,#FFEBA1
48,37,100,#FFECA1
49,37,100,#FFEEA1
50,37,100,#FFEFA1
51,37,100,#FFF1A1
52,37,100,#FFF2A1
53,37,100,#FFF4A1
54,37,100,#FFF6A1
55,37,100,#FFF7A1
56,37,100,#FFF9A1
57,37,100,#FFFAA1
58,37,100,#FFFCA1
59,37,100,#FFFDA1
60,37,100,#FFFFA1
61,37,100,#FDFFA1
62,37,100,#FCFFA1
63,37,100,#FAFFA1
64,37,100,#F9FFA1
65,37,100,#F7FFA1
66,37,100,#F6FFA1
67,37,100,#F4FFA1
68,37,100,#F2FFA1
69,37,100,#F1FFA1
70,37,100,#EFFFA1
71,37,100,#EEFFA1
72,37,100,#ECFFA1
73,37,100,#EBFFA1
74,37,100,#E9FFA1
75,37,100,#E7FFA1
76,37,100,#E6FFA1
77,37,100,#E4FFA1
78,37,100,#E3FFA1
79,37,100,#E1FFA1
80,37,100,#E0FFA1
81,37,100,#DEFFA1
82,37,100,#DCFFA1
83,37,100,#DBFFA1
84,37,100,#D9FFA1
85,37,100,#D8FFA1
86,37,100,#D6FFA1
87,37,100,#D5FFA1
88,37,100,#D3FFA1
89,37,100,#D1FFA1
90,37,100,#D0FFA1
91,37,100,#CEFFA1
92,37,100,#CDFFA1
93,37,100,#CBFFA1
94,37,100,#CAFFA1
95,37,100,#C8FFA1
96,37,100,#C6FFA1
97,37,100,#C5FFA1
98,37,100,#C3FFA1
99,37,100,#C2FFA1
100,37,100,#C0FFA1
101,37,100,#BFFFA1
102,37,100,#BDFFA1
103,37,100,#BBFFA1
104,37,100,#BAFFA1
105,37,100,#B8FFA1
106,37,100,#B7FFA1
107,37,100,#B5FFA1
108,37,100,#B4FFA1
109,37,100,#B2FFA1
110,37,100,#B0FFA1
111,37,100,#AFFFA1
112,37,100,#ADFFA1
113,37,100,#ACFFA1
114,37,100,#AAFFA1
115,37,100,#A9FFA1
116,37,100,#A7FFA1
117,37,100,#A5FFA1
118,37,100,#A4FFA1
119,37,100,#A2FFA1
120,37,100,#A1FFA1
121,37,100,#A1FFA2
122,37,100,#A1FFA4
123,37,100,#A1FFA5
124,37,100,#A1FFA7
125,37,100,#A1FFA9
126,37,100,#A1FFAA
127,37,100,#A1FFAC
128,37,100,#A1FFAD
129,37,100,#A1FFAF
130,37,100,#A1FFB0
131,37,100,#A1FFB2
132,37,100,#A1FFB4
133,37,100,#A1FFB5
134,37,100,#A1FFB7
135,37,100,#A1FFB8
136,37,100,#A1FFBA
137,37,100,#A1FFBB
138,37,100,#A1FFBD
139,37,100,#A1FFBF
140,37,100,#A1FFC0
141,37,100,#A1FFC2
142,37,100,#A1FFC3
143,37,100,#A1FFC5
144,37,100,#A1FFC6
145,37,100,#A1FFC8
146,37,100,#A1FFCA
147,37,100,#A1FFCB
148,37,100,#A1FFCD
149,37,100,#A1FFCE
150,37,100,#A1FFD0
151,37,100,#A1FFD1
152,37,100,#A1FFD3
153,37,100,#A1FFD5
154,37,100,#A1FFD6
155,37,100,#A1FFD8
156,37,100,#A1FFD9
157,37,100,#A1FFDB
158,37,100,#A1FFDC
159,37,100,#A1FFDE
160,37,100,#A1FFE0
161,37,100,#A1FFE1
162,37,100,#A1FFE3
163,37,100,#A1FFE4
164,37,100,#A1FFE6
165,37,100,#A1FFE7
166,37,100,#A1FFE9
167,37,100,#A1FFEB
168,37,100,#A1FFEC
169,37,100,#A1FFEE
170,37,100,#A1FFEF
171,37,100,#A1FFF1
172,37,100,#A1FFF2
173,37,100,#A1FFF4
174,37,100,#A1FFF6
175,37,100,#A1FFF7
176,37,100,#A1FFF9
177,37,100,#A1FFFA
178,37,100,#A1FFFC
179,37,100,#A1FFFD
180,37,100,#A1FFFF
181,37,100,#A1FDFF
182,37,100,#A1FCFF
183,37,100,#A1FAFF
184,37,100,#A1F9FF
185,37,100,#A1F7FF
186,37,100,#A1F6FF
187,37,100,#A1F4FF
188,37,100,#A1F2FF
189,37,100,#A1F1FF
190,37,100,#A1EFFF
191,37,100,#A1EEFF
192,37,100,#A1ECFF
193,37,100,#A1EBFF
194,37,100,#A1E9FF
195,37,100,#A1E7FF
196,37,100,#A1E6FF
197,37,100,#A1E4FF
198,37,100,#A1E3FF
199,37,100,#A1E1FF
200,37,100,#A1E0FF
201,37,100,#A1DEFF
202,37,100,#A1DCFF
203,37,100,#A1DBFF
204,37,100,#A1D9FF
205,37,100,#A1D8FF
206,37,100,#A1D6FF
207,37,100,#A1D5FF
208,37,100,#A1D3FF
209,37,100,#A1D1FF
210,37,100,#A1D0FF
211,37,100,#A1CEFF
212,37,100,#A1CDFF
213,37,100,#A1CBFF
214,37,100,#A1CAFF
215,37,100,#A1C8FF
216,37,100,#A1C6FF
217,37,100,#A1C5FF
218,37,100,#A1C3FF
219,37,100,#A1C2FF
220,37,100,#A1C0FF
221,37,100,#A1BFFF
222,37,100,#A1BDFF
223,37,100,#A1BBFF
224,37,100,#A1BAFF
225,37,100,#A1B8FF
226,37,100,#A1B7FF
227,37,100,#A1B5FF
228,37,100,#A1B4FF
229,37,100,#A1B2FF
230,37,100,#A1B0FF
231,37,100,#A1AFFF
232,37,100,#A1ADFF
233,37,100,#A1ACFF
234,37,100,#A1AAFF
235,37,100,#A1A9FF
236,37,100,#A1A7FF
237,37,100,#A1A5FF
238,37,100,#A1A4FF
239,37,100,#A1A2FF
240,37,100,#A1A1FF
241,37,100,#A2A1FF
242,37,100,#A4A1FF
243,37,100,#A5A1FF
244,37,100,#A7A1FF
245,37,100,#A9A1FF
246,37,100,#AAA1FF
247,37,100,#ACA1FF
248,37,100,#ADA1FF
249,37,100,#AFA1FF
250,37,100,#B0A1FF
251,37,100,#B2A1FF
252,37,100,#B4A1FF
253,37,100,#B5A1FF
254,37,100,#B7A1FF
255,37,100,#B8A1FF
256,37,100,#BAA1FF
257,37,100,#BBA1FF
258,37,100,#BDA1FF
259,37,100,#BFA1FF
260,37,100,#C0A1FF
261,37,100,#C2A1FF
262,37,100,#C3A1FF
263,37,100,#C5A1FF
264,37,100,#C6A1FF
265,37,100,#C8A1FF
266,37,100,#CAA1FF
267,37,100,#CBA1FF
268,37,100,#CDA1FF
269,37,100,#CEA1FF
270,37,100,#D0A1FF
271,37,100,#D1A1FF
272,37,100,#D3A1FF
273,37,100,#D5A1FF
274,37,100,#D6A1FF
275,37,100,#D8A1FF
276,37,100,#D9A1FF
277,37,100,#DBA1FF
278,37,100,#DCA1FF
279,37,100,#DEA1FF
280,37,100,#E0A1FF
281,37,100,#E1A1FF
282,37,100,#E3A1FF
283,37,100,#E4A1FF
284,37,100,#E6A1FF
285,37,100,#E7A1FF
286,37,100,#E9A1FF
287,37,100,#EBA1FF
288,37,100,#ECA1FF
289,37,100,#EEA1FF
290,37,100,#EFA1FF
291,37,100,#F1A1FF
292,37,100,#F2A1FF
293,37,100,#F4A1FF
294,37,100,#F6A1FF
295,37,100,#F7A1FF
296,37,100,#F9A1FF
297,37,100,#FAA1FF
298,37,100,#FCA1FF
299,37,100,#FDA1FF
300,37,100,#FFA1FF
301,37,100,#FFA1FD
302,37,100,#FFA1FC
303,37,100,#FFA1FA
304,37,100,#FFA1F9
305,37,100,#FFA1F7
306,37,100,#FFA1F6
307,37,100,#FFA1F4
308,37,100,#FFA1F2
309,37,100,#FFA1F1
310,37,100,#FFA1EF
311,37,100,#FFA1EE
312,37,100,#FFA1EC
313,37,100,#FFA1EB
314,37,100,#FFA1E9
315,37,100,#FFA1E7
316,37,100,#FFA1E6
317,37,100,#FFA1E4
318,37,100,#FFA1E3
319,37,100,#FFA1E1
320,37,100,#FFA1E0
321,37,100,#FFA1DE
322,37,100,#FFA1DC
323,37,100,#FFA1DB
324,37,100,#FFA1D9
325,37,100,#FFA1D8
326,37,100,#FFA1D6
327,37,100,#FFA1D5
328,37,100,#FFA1D3
329,37,100,#FFA1D1
330,37,100,#FFA1D0
331,37,100,#FFA1CE
332,37,100,#FFA1CD
333,37,100,#FFA1CB
334,37,100,#FFA1CA
335,37,100,#FFA1C8
336,37,100,#FFA1C6
337,37,100,#FFA1C5
338,37,100,#FFA1C3
339,37,100,#FFA1C2
340,37,100,#FFA1C0
341,37,100,#FFA1BF
342,37,100,#FFA1BD
343,37,100,#FFA1BB
344,37,100,#FFA1BA
345,37,100,#FFA1B8
346,37,100,#FFA1B7
347,37,100,#FFA1B5
348,37,100,#FFA1B4
349,37,100,#FFA1B2
350,37,100,#FFA1B0
351,37,100,#FFA1AF
352,37,100,#FFA1AD
353,37,100,#FFA1AC
354,37,100,#FFA1AA
355,37,100,#FFA1A9
356,37,100,#FFA1A7
357,37,100,#FFA1A5
358,37,100,#FFA1A4
359,37,100,#FFA1A2
0,36,100,#FFA3A3
1,36,100,#FFA5A3
2,36,100,#FFA6A3
3,36,100,#FFA8A3
4,36,100,#FFA9A3
5,36,100,#FFABA3
6,36,100,#FFACA3
7,36,100,#FFAEA3
8,36,100,#FFAFA3
9,36,100,#FFB1A3
10,36,100,#FFB3A3
11,36,100,#FFB4A3
12,36,100,#FFB6A3
13,36,100,#FFB7A3
14,36,100,#FFB9A3
15,36,100,#FFBAA3
16,36,100,#FFBCA3
17,36,100,#FFBDA3
18,36,100,#FFBFA3
19,36,100,#FFC0A3
20,36,100,#FFC2A3
21,36,100,#FFC3A3
22,36,100,#FFC5A3
23,36,100,#FFC6A3
24,36,100,#FFC8A3
25,36,100,#FFC9A3
26,36,100,#FFCBA3
27,36,100,#FFCDA3
28,36,100,#FFCEA3
29,36,100,#FFD0A3
30,36,100,#FFD1A3
31,36,100,#FFD3A3
32,36,100,#FFD4A3
33,36,100,#FFD6A3
34,36,100,#FFD7A3
35,36,100,#FFD9A3
36,36,100,#FFDAA3
37,36,100,#FFDCA3
38,36,100,#FFDDA3
39,36,100,#FFDFA3
40,36,100,#FFE0A3
41,36,100,#FFE2A3
42,36,100,#FFE3A3
43,36,100,#FFE5A3
44,36,100,#FFE7A3
45,36,100,#FFE8A3
46,36,100,#FFEAA3
47,36,100,#FFEBA3
48,36,100,#FFEDA3
49,36,100,#FFEEA3
50,36,100,#FFF0A3
51,36,100,#FFF1A3
52,36,100,#FFF3A3
53,36,100,#FFF4A3
54,36,100,#FFF6A3
55,36,100,#FFF7A3
56,36,100,#FFF9A3
57,36,100,#FFFAA3
58,36,100,#FFFCA3
59,36,100,#FFFDA3
60,36,100,#FFFFA3
61,36,100,#FDFFA3
62,36,100,#FCFFA3
63,36,100,#FAFFA3
64,36,100,#F9FFA3
65,36,100,#F7FFA3
66,36,100,#F6FFA3
67,36,100,#F4FFA3
68,36,100,#F3FFA3
69,36,100,#F1FFA3
70,36,100,#F0FFA3
71,36,100,#EEFFA3
72,36,100,#EDFFA3
73,36,100,#EBFFA3
74,36,100,#EAFFA3
75,36,100,#E8FFA3
76,36,100,#E7FFA3
77,36,100,#E5FFA3
78,36,100,#E3FFA3
79,36,100,#E2FFA3
80,36,100,#E0FFA3
81,36,100,#DFFFA3
82,36,100,#DDFFA3
83,36,100,#DCFFA3
84,36,100,#DAFFA3
85,36,100,#D9FFA3
86,36,100,#D7FFA3
87,36,100,#D6FFA3
88,36,100,#D4FFA3
89,36,100,#D3FFA3
90,36,100,#D1FFA3
91,36,100,#D0FFA3
92,36,100,#CEFFA3
93,36,100,#CDFFA3
94,36,100,#CBFFA3
95,36,100,#C9FFA3
96,36,100,#C8FFA3
97,36,100,#C6FFA3
98,36,100,#C5FFA3
99,36,100,#C3FFA3
100,36,100,#C2FFA3
101,36,100,#C0FFA3
102,36,100,#BFFFA3
103,36,100,#BDFFA3
104,36,100,#BCFFA3
105,36,100,#BAFFA3
106,36,100,#B9FFA3
107,36,100,#B7FFA3
108,36,100,#B6FFA3
109,36,100,#B4FFA3
110,36,100,#B3FFA3
111,36,100,#B1FFA3
112,36,100,#AFFFA3
113,36,100,#AEFFA3
114,36,100,#ACFFA3
115,36,100,#ABFFA3
116,36,100,#A9FFA3
117,36,100,#A8FFA3
118,36,100,#A6FFA3
119,36,100,#A5FFA3
120,36,100,#A3FFA3
121,36,100,#A3FFA5
122,36,100,#A3FFA6
123,36,100,#A3FFA8
124,36,100,#A3FFA9
125,36,100,#A3FFAB
126,36,100,#A3FFAC
127,36,100,#A3FFAE
128,36,100,#A3FFAF
129,36,100,#A3FFB1
130,36,100,#A3FFB3
131,36,100,#A3FFB4
132,36,100,#A3FFB6
133,36,100,#A3FFB7
134,36,100,#A3FFB9
135,36,100,#A3FFBA
136,36,100,#A3FFBC
137,36,100,#A3FFBD
138,36,100,#A3FFBF
139,36,100,#A3FFC0
140,36,100,#A3FFC2
141,36,100,#A3FFC3
142,36,100,#A3FFC5
143,36,100,#A3FFC6
144,36,100,#A3FFC8
145,36,100,#A3FFC9
146,36,100,#A3FFCB
147,36,100,#A3FFCD
148,36,100,#A3FFCE
149,36,100,#A3FFD0
150,36,100,#A3FFD1
151,36,100,#A3FFD3
152,36,100,#A3FFD4
153,36,100,#A3FFD6
154,36,100,#A3FFD7
155,36,100,#A3FFD9
156,36,100,#A3FFDA
157,36,100,#A3FFDC
158,36,100,#A3FFDD
159,36,100,#A3FFDF
160,36,100,#A3FFE0
161,36,100,#A3FFE2
162,36,100,#A3FFE3
163,36,100,#A3FFE5
164,36,100,#A3FFE7
165,36,100,#A3FFE8
166,36,100,#A3FFEA
167,36,100,#A3FFEB
168,36,100,#A3FFED
169,36,100,#A3FFEE
170,36,100,#A3FFF0
171,36,100,#A3FFF1
172,36,100,#A3FFF3
173,36,100,#A3FFF4
174,36,100,#A3FFF6
175,36,100,#A3FFF7
176,36,100,#A3FFF9
177,36,100,#A3FFFA
178,36,100,#A3FFFC
179,36,100,#A3FFFD
180,36,100,#A3FFFF
181,36,100,#A3FDFF
182,36,100,#A3FCFF
183,36,100,#A3FAFF
184,36,100,#A3F9FF
185,36,100,#A3F7FF
186,36,100,#A3F6FF
187,36,100,#A3F4FF
188,36,100,#A3F3FF
189,36,100,#A3F1FF
190,36,100,#A3F0FF
191,36,100,#A3EEFF
192,36,100,#A3EDFF
193,36,100,#A3EBFF
194,36,100,#A3EAFF
195,36,100,#A3E8FF
196,36,100,#A3E7FF
197,36,100,#A3E5FF
198,36,100,#A3E3FF
199,36,100,#A3E2FF
200,36,100,#A3E0FF
201,36,100,#A3DFFF
202,36,100,#A3DDFF
203,36,100,#A3DCFF
204,36,100,#A3DAFF
205,36,100,#A3D9FF
206,36,100,#A3D7FF
207,36,100,#A3D6FF
208,36,100,#A3D4FF
209,36,100,#A3D3FF
210,36,100,#A3D1FF
211,36,100,#A3D0FF
212,36,100,#A3CEFF
213,36,100,#A3CDFF
214,36,100,#A3CBFF
215,36,100,#A3C9FF
216,36,100,#A3C8FF
217,36,100,#A3C6FF
218,36,100,#A3C5FF
219,36,100,#A3C3FF
220,36,100,#A3C2FF
221,36,100,#A3C0FF
222,36,100,#A3BFFF
223,36,100,#A3BDFF
224,36,100,#A3BCFF
225,36,100,#A3BAFF
226,36,100,#A3B9FF
227,36,100,#A3B7FF
228,36,100,#A3B6FF
229,36,100,#A3B4FF
230,36,100,#A3B3FF
231,36,100,#A3B1FF
232,36,100,#A3AFFF
233,36,100,#A3AEFF
234,36,100,#A3ACFF
235,36,100,#A3ABFF
236,36,100,#A3A9FF
237,36,100,#A3A8FF
238,36,100,#A3A6FF
239,36,100,#A3A5FF
240,36,100,#A3A3FF
241,36,100,#A5A3FF
242,36,100,#A6A3FF
243,36,100,#A8A3FF
244,36,100,#A9A3FF
245,36,100,#ABA3FF
246,36,100,#ACA3FF
247,36,100,#AEA3FF
248,36,100,#AFA3FF
249,36,100,#B1A3FF
250,36,100,#B2A3FF
251,36,100,#B4A3FF
252,36,100,#B6A3FF
253,36,100,#B7A3FF
254,36,100,#B9A3FF
255,36,100,#BAA3FF
256,36,100,#BCA3FF
257,36,100,#BDA3FF
258,36,100,#BFA3FF
259,36,100,#C0A3FF
260,36,100,#C2A3FF
261,36,100,#C3A3FF
262,36,100,#C5A3FF
263,36,100,#C6A3FF
264,36,100,#C8A3FF
265,36,100,#C9A3FF
266,36,100,#CBA3FF
267,36,100,#CDA3FF
268,36,100,#CEA3FF
269,36,100,#D0A3FF
270,36,100,#D1A3FF
271,36,100,#D3A3FF
272,36,100,#D4A3FF
273,36,100,#D6A3FF
274,36,100,#D7A3FF
275,36,100,#D9A3FF
276,36,100,#DAA3FF
277,36,100,#DCA3FF
278,36,100,#DDA3FF
279,36,100,#DFA3FF
280,36,100,#E0A3FF
281,36,100,#E2A3FF
282,36,100,#E3A3FF
283,36,100,#E5A3FF
284,36,100,#E7A3FF
285,36,100,#E8A3FF
286,36,100,#EAA3FF
287,36,100,#EBA3FF
288,36,100,#EDA3FF
289,36,100,#EEA3FF
290,36,100,#F0A3FF
291,36,100,#F1A3FF
292,36,100,#F3A3FF
293,36,100,#F4A3FF
294,36,100,#F6A3FF
295,36,100,#F7A3FF
296,36,100,#F9A3FF
297,36,100,#FAA3FF
298,36,100,#FCA3FF
299,36,100,#FDA3FF
300,36,100,#FFA3FF
301,36,100,#FFA3FD
302,36,100,#FFA3FC
303,36,100,#FFA3FA
304,36,100,#FFA3F9
305,36,100,#FFA3F7
306,36,100,#FFA3F6
307,36,100,#FFA3F4
308,36,100,#FFA3F3
309,36,100,#FFA3F1
310,36,100,#FFA3F0
311,36,100,#FFA3EE
312,36,100,#FFA3ED
313,36,100,#FFA3EB
314,36,100,#FFA3EA
315,36,100,#FFA3E8
316,36,100,#FFA3E7
317,36,100,#FFA3E5
318,36,100,#FFA3E3
319,36,100,#FFA3E2
320,36,100,#FFA3E0
321,36,100,#FFA3DF
322,36,100,#FFA3DD
323,36,100,#FFA3DC
324,36,100,#FFA3DA
325,36,100,#FFA3D9
326,36,100,#FFA3D7
327,36,100,#FFA3D6
328,36,100,#FFA3D4
329,36,100,#FFA3D3
330,36,100,#FFA3D1
331,36,100,#FFA3D0
332,36,100,#FFA3CE
333,36,100,#FFA3CD
334,36,100,#FFA3CB
335,36,100,#FFA3C9
336,36,100,#FFA3C8
337,36,100,#FFA3C6
338,36,100,#FFA3C5
339,36,100,#FFA3C3
340,36,100,#FFA3C2
341,36,100,#FFA3C0
342,36,100,#FFA3BF
343,36,100,#FFA3BD
344,36,100,#FFA3BC
345,36,100,#FFA3BA
346,36,100,#FFA3B9
347,36,100,#FFA3B7
348,36,100,#FFA3B6
349,36,100,#FFA3B4
350,36,100,#FFA3B3
351,36,100,#FFA3B1
352,36,100,#FFA3AF
353,36,100,#FFA3AE
354,36,100,#FFA3AC
355,36,100,#FFA3AB
356,36,100,#FFA3A9
357,36,100,#FFA3A8
358,36,100,#FFA3A6
359,36,100,#FFA3A5
0,35,100,#FFA6A6
1,35,100,#FFA7A6
2,35,100,#FFA9A6
3,35,100,#FFAAA6
4,35,100,#FFACA6
5,35,100,#FFADA6
6,35,100,#FFAFA6
7,35,100,#FFB0A6
8,35,100,#FFB2A6
9,35,100,#FFB3A6
10,35,100,#FFB5A6
11,35,100,#FFB6A6
12,35,100,#FFB8A6
13,35,100,#FFB9A6
14,35,100,#FFBBA6
15,35,100,#FFBCA6
16,35,100,#FFBEA6
17,35,100,#FFBFA6
18,35,100,#FFC1A6
19,35,100,#FFC2A6
20,35,100,#FFC3A6
21,35,100,#FFC5A6
22,35,100,#FFC6A6
23,35,100,#FFC8A6
24,35,100,#FFC9A6
25,35,100,#FFCBA6
26,35,100,#FFCCA6
27,35,100,#FFCEA6
28,35,100,#FFCFA6
29,35,100,#FFD1A6
30,35,100,#FFD2A6
31,35,100,#FFD4A6
32,35,100,#FFD5A6
33,35,100,#FFD7A6
34,35,100,#FFD8A6
35,35,100,#FFDAA6
36,35,100,#FFDBA6
37,35,100,#FFDDA6
38,35,100,#FFDEA6
39,35,100,#FFE0A6
40,35,100,#FFE1A6
41,35,100,#FFE3A6
42,35,100,#FFE4A6
43,35,100,#FFE6A6
44,35,100,#FFE7A6
45,35,100,#FFE9A6
46,35,100,#FFEAA6
47,35,100,#FFECA6
48,35,100,#FFEDA6
49,35,100,#FFEFA6
50,35,100,#FFF0A6
51,35,100,#FFF2A6
52,35,100,#FFF3A6
53,35,100,#FFF5A6
54,35,100,#FFF6A6
55,35,100,#FFF8A6
56,35,100,#FFF9A6
57,35,100,#FFFBA6
58,35,100,#FFFCA6
59,35,100,#FFFEA6
60,35,100,#FFFFA6
61,35,100,#FEFFA6
62,35,100,#FCFFA6
63,35,100,#FBFFA6
64,35,100,#F9FFA6
65,35,100,#F8FFA6
66,35,100,#F6FFA6
67,35,100,#F5FFA6
68,35,100,#F3FFA6
69,35,100,#F2FFA6
70,35,100,#F0FFA6
71,35,100,#EFFFA6
72,35,100,#EDFFA6
73,35,100,#ECFFA6
74,35,100,#EAFFA6
75,35,100,#E9FFA6
76,35,100,#E7FFA6
77,35,100,#E6FFA6
78,35,100,#E4FFA6
79,35,100,#E3FFA6
80,35,100,#E1FFA6
81,35,100,#E0FFA6
82,35,100,#DEFFA6
83,35,100,#DDFFA6
84,35,100,#DBFFA6
85,35,100,#DAFFA6
86,35,100,#D8FFA6
87,35,100,#D7FFA6
88,35,100,#D5FFA6
89,35,100,#D4FFA6
90,35,100,#D2FFA6
91,35,100,#D1FFA6
92,35,100,#CFFFA6
93,35,100,#CEFFA6
94,35,100,#CCFFA6
95,35,100,#CBFFA6
96,35,100,#C9FFA6
97,35,100,#C8FFA6
98,35,100,#C6FFA6
99,35,100,#C5FFA6
100,35,100,#C3FFA6
101,35,100,#C2FFA6
102,35,100,#C1FFA6
103,35,100,#BFFFA6
104,35,100,#BEFFA6
105,35,100,#BCFFA6
106,35,100,#BBFFA6
107,35,100,#B9FFA6
108,35,100,#B8FFA6
109,35,100,#B6FFA6
110,35,100,#B5FFA6
111,35,100,#B3FFA6
112,35,100,#B2FFA6
113,35,100,#B0FFA6
114,35,100,#AFFFA6
115,35,100,#ADFFA6
116,35,100,#ACFFA6
117,35,100,#AAFFA6
118,35,100,#A9FFA6
119,35,100,#A7FFA6
120,35,100,#A6FFA6
121,35,100,#A6FFA7
122,35,100,#A6FFA9
123,35,100,#A6FFAA
124,35,100,#A6FFAC
125,35,100,#A6FFAD
126,35,100,#A6FFAF
127,35,100,#A6FFB0
128,35,100,#A6FFB2
129,35,100,#A6FFB3
130,35,100,#A6FFB5
131,35,100,#A6FFB6
132,35,100,#A6FFB8
133,35,100,#A6FFB9
134,35,100,#A6FFBB
135,35,100,#A6FFBC
136,35,100,#A6FFBE
137,35,100,#A6FFBF
138,35,100,#A6FFC1
139,35,100,#A6FFC2
140,35,100,#A6FFC4
141,35,100,#A6FFC5
142,35,100,#A6FFC6
143,35,100,#A6FFC8
144,35,100,#A6FFC9
145,35,100,#A6FFCB
146,35,100,#A6FFCC
147,35,100,#A6FFCE
148,35,100,#A6FFCF
149,35,100,#A6FFD1
150,35,100,#A6FFD2
151,35,100,#A6FFD4
152,35,100,#A6FFD5
153,35,100,#A6FFD7
154,35,100,#A6FFD8
155,35,100,#A6FFDA
156,35,100,#A6FFDB
157,35,100,#A6FFDD
158,35,100,#A6FFDE
159,35,100,#A6FFE0
160,35,100,#A6FFE1
161,35,100,#A6FFE3
162,35,100,#A6FFE4
163,35,100,#A6FFE6
164,35,100,#A6FFE7
165,35,100,#A6FFE9
166,35,100,#A6FFEA
167,35,100,#A6FFEC
168,35,100,#A6FFED
169,35,100,#A6FFEF
170,35,100,#A6FFF0
171,35,100,#A6FFF2
172,35,100,#A6FFF3
173,35,100,#A6FFF5
174,35,100,#A6FFF6
175,35,100,#A6FFF8
176,35,100,#A6FFF9
177,35,100,#A6FFFB
178,35,100,#A6FFFC
179,35,100,#A6FFFE
180,35,100,#A6FFFF
181,35,100,#A6FEFF
182,35,100,#A6FCFF
183,35,100,#A6FBFF
184,35,100,#A6F9FF
185,35,100,#A6F8FF
186,35,100,#A6F6FF
187,35,100,#A6F5FF
188,35,100,#A6F3FF
189,35,100,#A6F2FF
190,35,100,#A6F0FF
191,35,100,#A6EFFF
192,35,100,#A6EDFF
193,35,100,#A6ECFF
194,35,100,#A6EAFF
195,35,100,#A6E9FF
196,35,100,#A6E7FF
197,35,100,#A6E6FF
198,35,100,#A6E4FF
199,35,100,#A6E3FF
200,35,100,#A6E1FF
201,35,100,#A6E0FF
202,35,100,#A6DEFF
203,35,100,#A6DDFF
204,35,100,#A6DBFF
205,35,100,#A6DAFF
206,35,100,#A6D8FF
207,35,100,#A6D7FF
208,35,100,#A6D5FF
209,35,100,#A6D4FF
210,35,100,#A6D2FF
211,35,100,#A6D1FF
212,35,100,#A6CFFF
213,35,100,#A6CEFF
214,35,100,#A6CCFF
215,35,100,#A6CBFF
216,35,100,#A6C9FF
217,35,100,#A6C8FF
218,35,100,#A6C6FF
219,35,100,#A6C5FF
220,35,100,#A6C3FF
221,35,100,#A6C2FF
222,35,100,#A6C1FF
223,35,100,#A6BFFF
224,35,100,#A6BEFF
225,35,100,#A6BCFF
226,35,100,#A6BBFF
227,35,100,#A6B9FF
228,35,100,#A6B8FF
229,35,100,#A6B6FF
230,35,100,#A6B5FF
231,35,100,#A6B3FF
232,35,100,#A6B2FF
233,35,100,#A6B0FF
234,35,100,#A6AFFF
235,35,100,#A6ADFF
236,35,100,#A6ACFF
237,35,100,#A6AAFF
238,35,100,#A6A9FF
239,35,100,#A6A7FF
240,35,100,#A6A6FF
241,35,100,#A7A6FF
242,35,100,#A9A6FF
243,35,100,#AAA6FF
244,35,100,#ACA6FF
245,35,100,#ADA6FF
246,35,100,#AFA6FF
247,35,100,#B0A6FF
248,35,100,#B2A6FF
249,35,100,#B3A6FF
250,35,100,#B5A6FF
251,35,100,#B6A6FF
252,35,100,#B8A6FF
253,35,100,#B9A6FF
254,35,100,#BBA6FF
255,35,100,#BCA6FF
256,35,100,#BEA6FF
257,35,100,#BFA6FF
258,35,100,#C1A6FF
259,35,100,#C2A6FF
260,35,100,#C3A6FF
261,35,100,#C5A6FF
262,35,100,#C6A6FF
263,35,100,#C8A6FF
264,35,100,#C9A6FF
265,35,100,#CBA6FF
266,35,100,#CCA6FF
267,35,100,#CEA6FF
268,35,100,#CFA6FF
269,35,100,#D1A6FF
270,35,100,#D2A6FF
271,35,100,#D4A6FF
272,35,100,#D5A6FF
273,35,100,#D7A6FF
274,35,100,#D8A6FF
275,35,100,#DAA6FF
276,35,100,#DBA6FF
277,35,100,#DDA6FF
278,35,100,#DEA6FF
279,35,100,#E0A6FF
280,35,100,#E1A6FF
281,35,100,#E3A6FF
282,35,100,#E4A6FF
283,35,100,#E6A6FF
284,35,100,#E7A6FF
285,35,100,#E9A6FF
286,35,100,#EAA6FF
287,35,100,#ECA6FF
288,35,100,#EDA6FF
289,35,100,#EFA6FF
290,35,100,#F0A6FF
291,35,100,#F2A6FF
292,35,100,#F3A6FF
293,35,100,#F5A6FF
294,35,100,#F6A6FF
295,35,100,#F8A6FF
296,35,100,#F9A6FF
297,35,100,#FBA6FF
298,35,100,#FCA6FF
299,35,100,#FEA6FF
300,35,100,#FFA6FF
301,35,100,#FFA6FE
302,35,100,#FFA6FC
303,35,100,#FFA6FB
304,35,100,#FFA6F9
305,35,100,#FFA6F8
306,35,100,#FFA6F6
307,35,100,#FFA6F5
308,35,100,#FFA6F3
309,35,100,#FFA6F2
310,35,100,#FFA6F0
311,35,100,#FFA6EF
312,35,100,#FFA6ED
313,35,100,#FFA6EC
314,35,100,#FFA6EA
315,35,100,#FFA6E9
316,35,100,#FFA6E7
317,35,100,#FFA6E6
318,35,100,#FFA6E4
319,35,100,#FFA6E3
320,35,100,#FFA6E1
321,35,100,#FFA6E0
322,35,100,#FFA6DE
323,35,100,#FFA6DD
324,35,100,#FFA6DB
325,35,100,#FFA6DA
326,35,100,#FFA6D8
327,35,100,#FFA6D7
328,35,100,#FFA6D5
329,35,100,#FFA6D4
330,35,100,#FFA6D2
331,35,100,#FFA6D1
332,35,100,#FFA6CF
333,35,100,#FFA6CE
334,35,100,#FFA6CC
335,35,100,#FFA6CB
336,35,100,#FFA6C9
337,35,100,#FFA6C8
338,35,100,#FFA6C6
339,35,100,#FFA6C5
340,35,100,#FFA6C4
341,35,100,#FFA6C2
342,35,100,#FFA6C1
343,35,100,#FFA6BF
344,35,100,#FFA6BE
345,35,100,#FFA6BC
346,35,100,#FFA6BB
347,35,100,#FFA6B9
348,35,100,#FFA6B8
349,35,100,#FFA6B6
350,35,100,#FFA6B5
351,35,100,#FFA6B3
352,35,100,#FFA6B2
353,35,100,#FFA6B0
354,35,100,#FFA6AF
355,35,100,#FFA6AD
356,35,100,#FFA6AC
357,35,100,#FFA6AA
358,35,100,#FFA6A9
359,35,100,#FFA6A7
0,34,100,#FFA8A8
1,34,100,#FFAAA8
2,34,100,#FFABA8
3,34,100,#FFADA8
4,34,100,#FFAEA8
5,34,100,#FFB0A8
6,34,100,#FFB1A8
7,34,100,#FFB2A8
8,34,100,#FFB4A8
9,34,100,#FFB5A8
10,34,100,#FFB7A8
11,34,100,#FFB8A8
12,34,100,#FFBAA8
13,34,100,#FFBBA8
14,34,100,#FFBDA8
15,34,100,#FFBEA8
16,34,100,#FFBFA8
17,34,100,#FFC1A8
18,34,100,#FFC2A8
19,34,100,#FFC4A8
20,34,100,#FFC5A8
21,34,100,#FFC7A8
22,34,100,#FFC8A8
23,34,100,#FFCAA8
24,34,100,#FFCBA8
25,34,100,#FFCCA8
26,34,100,#FFCEA8
27,34,100,#FFCFA8
28,34,100,#FFD1A8
29,34,100,#FFD2A8
30,34,100,#FFD4A8
31,34,100,#FFD5A8
32,34,100,#FFD7A8
33,34,100,#FFD8A8
34,34,100,#FFD9A8
35,34,100,#FFDBA8
36,34,100,#FFDCA8
37,34,100,#FFDEA8
38,34,100,#FFDFA8
39,34,100,#FFE1A8
40,34,100,#FFE2A8
41,34,100,#FFE4A8
42,34,100,#FFE5A8
43,34,100,#FFE6A8
44,34,100,#FFE8A8
45,34,100,#FFE9A8
46,34,100,#FFEBA8
47,34,100,#FFECA8
48,34,100,#FFEEA8
49,34,100,#FFEFA8
50,34,100,#FFF1A8
51,34,100,#FFF2A8
52,34,100,#FFF3A8
53,34,100,#FFF5A8
54,34,100,#FFF6A8
55,34,100,#FFF8A8
56,34,100,#FFF9A8
57,34,100,#FFFBA8
58,34,100,#FFFCA8
59,34,100,#FFFEA8
60,34,100,#FFFFA8
61,34,100,#FEFFA8
62,34,100,#FCFFA8
63,34,100,#FBFFA8
64,34,100,#F9FFA8
65,34,100,#F8FFA8
66,34,100,#F6FFA8
67,34,100,#F5FFA8
68,34,100,#F3FFA8
69,34,100,#F2FFA8
70,34,100,#F1FFA8
71,34,100,#EFFFA8
72,34,100,#EEFFA8
73,34,100,#ECFFA8
74,34,100,#EBFFA8
75,34,100,#E9FFA8
76,34,100,#E8FFA8
77,34,100,#E6FFA8
78,34,100,#E5FFA8
79,34,100,#E4FFA8
80,34,100,#E2FFA8
81,34,100,#E1FFA8
82,34,100,#DFFFA8
83,34,100,#DEFFA8
84,34,100,#DCFFA8
85,34,100,#DBFFA8
86,34,100,#D9FFA8
87,34,100,#D8FFA8
88,34,100,#D7FFA8
89,34,100,#D5FFA8
90,34,100,#D4FFA8
91,34,100,#D2FFA8
92,34,100,#D1FFA8
93,34,100,#CFFFA8
94,34,100,#CEFFA8
95,34,100,#CCFFA8
96,34,100,#CBFFA8
97,34,100,#CAFFA8
98,34,100,#C8FFA8
99,34,100,#C7FFA8
100,34,100,#C5FFA8
101,34,100,#C4FFA8
102,34,100,#C2FFA8
103,34,100,#C1FFA8
104,34,100,#BFFFA8
105,34,100,#BEFFA8
106,34,100,#BDFFA8
107,34,100,#BBFFA8
108,34,100,#BAFFA8
109,34,100,#B8FFA8
110,34,100,#B7FFA8
111,34,100,#B5FFA8
112,34,100,#B4FFA8
113,34,100,#B2FFA8
114,34,100,#B1FFA8
115,34,100,#B0FFA8
116,34,100,#AEFFA8
117,34,100,#ADFFA8
118,34,100,#ABFFA8
119,34,100,#AAFFA8
120,34,100,#A8FFA8
121,34,100,#A8FFAA
122,34,100,#A8FFAB
123,34,100,#A8FFAD
124,34,100,#A8FFAE
125,34,100,#A8FFB0
126,34,100,#A8FFB1
127,34,100,#A8FFB2
128,34,100,#A8FFB4
129,34,100,#A8FFB5
130,34,100,#A8FFB7
131,34,100,#A8FFB8
132,34,100,#A8FFBA
133,34,100,#A8FFBB
134,34,100,#A8FFBD
135,34,100,#A8FFBE
136,34,100,#A8FFBF
137,34,100,#A8FFC1
138,34,100,#A8FFC2
139,34,100,#A8FFC4
140,34,100,#A8FFC5
141,34,100,#A8FFC7
142,34,100,#A8FFC8
143,34,100,#A8FFCA
144,34,100,#A8FFCB
145,34,100,#A8FFCC
146,34,100,#A8FFCE
147,34,100,#A8FFCF
148,34,100,#A8FFD1
149,34,100,#A8FFD2
150,34,100,#A8FFD4
151,34,100,#A8FFD5
152,34,100,#A8FFD7
153,34,100,#A8FFD8
154,34,100,#A8FFD9
155,34,100,#A8FFDB
156,34,100,#A8FFDC
157,34,100,#A8FFDE
158,34,100,#A8FFDF
159,34,100,#A8FFE1
160,34,100,#A8FFE2
161,34,100,#A8FFE4
162,34,100,#A8FFE5
163,34,100,#A8FFE6
164,34,100,#A8FFE8
165,34,100,#A8FFE9
166,34,100,#A8FFEB
167,34,100,#A8FFEC
168,34,100,#A8FFEE
169,34,100,#A8FFEF
170,34,100,#A8FFF1
171,34,100,#A8FFF2
172,34,100,#A8FFF3
173,34,100,#A8FFF5
174,34,100,#A8FFF6
175,34,100,#A8FFF8
176,34,100,#A8FFF9
177,34,100,#A8FFFB
178,34,100,#A8FFFC
179,34,100,#A8FFFE
180,34,100,#A8FFFF
181,34,100,#A8FEFF
182,34,100,#A8FCFF
183,34,100,#A8FBFF
184,34,100,#A8F9FF
185,34,100,#A8F8FF
186,34,100,#A8F6FF
187,34,100,#A8F5FF
188,34,100,#A8F3FF
189,34,100,#A8F2FF
190,34,100,#A8F1FF
191,34,100,#A8EFFF
192,34,100,#A8EEFF
193,34,100,#A8ECFF
194,34,100,#A8EBFF
195,34,100,#A8E9FF
196,34,100,#A8E8FF
197,34,100,#A8E6FF
198,34,100,#A8E5FF
199,34,100,#A8E4FF
200,34,100,#A8E2FF
201,34,100,#A8E1FF
202,34,100,#A8DFFF
203,34,100,#A8DEFF
204,34,100,#A8DCFF
205,34,100,#A8DBFF
206,34,100,#A8D9FF
207,34,100,#A8D8FF
208,34,100,#A8D7FF
209,34,100,#A8D5FF
210,34,100,#A8D4FF
211,34,100,#A8D2FF
212,34,100,#A8D1FF
213,34,100,#A8CFFF
214,34,100,#A8CEFF
215,34,100,#A8CCFF
216,34,100,#A8CBFF
217,34,100,#A8CAFF
218,34,100,#A8C8FF
219,34,100,#A8C7FF
220,34,100,#A8C5FF
221,34,100,#A8C4FF
222,34,100,#A8C2FF
223,34,100,#A8C1FF
224,34,100,#A8BFFF
225,34,100,#A8BEFF
226,34,100,#A8BDFF
227,34,100,#A8BBFF
228,34,100,#A8BAFF
229,34,100,#A8B8FF
230,34,100,#A8B7FF
231,34,100,#A8B5FF
232,34,100,#A8B4FF
233,34,100,#A8B2FF
234,34,100,#A8B1FF
235,34,100,#A8B0FF
236,34,100,#A8AEFF
237,34,100,#A8ADFF
238,34,100,#A8ABFF
239,34,100,#A8AAFF
240,34,100,#A8A8FF
241,34,100,#AAA8FF
242,34,100,#ABA8FF
243,34,100,#ADA8FF
244,34,100,#AEA8FF
245,34,100,#B0A8FF
246,34,100,#B1A8FF
247,34,100,#B2A8FF
248,34,100,#B4A8FF
249,34,100,#B5A8FF
250,34,100,#B7A8FF
251,34,100,#B8A8FF
252,34,100,#BAA8FF
253,34,100,#BBA8FF
254,34,100,#BDA8FF
255,34,100,#BEA8FF
256,34,100,#BFA8FF
257,34,100,#C1A8FF
258,34,100,#C2A8FF
259,34,100,#C4A8FF
260,34,100,#C5A8FF
261,34,100,#C7A8FF
262,34,100,#C8A8FF
263,34,100,#CAA8FF
264,34,100,#CBA8FF
265,34,100,#CCA8FF
266,34,100,#CEA8FF
267,34,100,#CFA8FF
268,34,100,#D1A8FF
269,34,100,#D2A8FF
270,34,100,#D4A8FF
271,34,100,#D5A8FF
272,34,100,#D7A8FF
273,34,100,#D8A8FF
274,34,100,#D9A8FF
275,34,100,#DBA8FF
276,34,100,#DCA8FF
277,34,100,#DEA8FF
278,34,100,#DFA8FF
279,34,100,#E1A8FF
280,34,100,#E2A8FF
281,34,100,#E4A8FF
282,34,100,#E5A8FF
283,34,100,#E6A8FF
284,34,100,#E8A8FF
285,34,100,#E9A8FF
286,34,100,#EBA8FF
287,34,100,#ECA8FF
288,34,100,#EEA8FF
289,34,100,#EFA8FF
290,34,100,#F1A8FF
291,34,100,#F2A8FF
292,34,100,#F3A8FF
293,34,100,#F5A8FF
294,34,100,#F6A8FF
295,34,100,#F8A8FF
296,34,100,#F9A8FF
297,34,100,#FBA8FF
298,34,100,#FCA8FF
299,34,100,#FEA8FF
300,34,100,#FFA8FF
301,34,100,#FFA8FE
302,34,100,#FFA8FC
303,34,100,#FFA8FB
304,34,100,#FFA8F9
305,34,100,#FFA8F8
306,34,100,#FFA8F6
307,34,100,#FFA8F5
308,34,100,#FFA8F3
309,34,100,#FFA8F2
310,34,100,#FFA8F1
311,34,100,#FFA8EF
312,34,100,#FFA8EE
313,34,100,#FFA8EC
314,34,100,#FFA8EB
315,34,100,#FFA8E9
316,34,100,#FFA8E8
317,34,100,#FFA8E6
318,34,100,#FFA8E5
319,34,100,#FFA8E4
320,34,100,#FFA8E2
321,34,100,#FFA8E1
322,34,100,#FFA8DF
323,34,100,#FFA8DE
324,34,100,#FFA8DC
325,34,100,#FFA8DB
326,34,100,#FFA8D9
327,34,100,#FFA8D8
328,34,100,#FFA8D7
329,34,100,#FFA8D5
330,34,100,#FFA8D4
331,34,100,#FFA8D2
332,34,100,#FFA8D1
333,34,100,#FFA8CF
334,34,100,#FFA8CE
335,34,100,#FFA8CC
336,34,100,#FFA8CB
337,34,100,#FFA8CA
338,34,100,#FFA8C8
339,34,100,#FFA8C7
340,34,100,#FFA8C5
341,34,100,#FFA8C4
342,34,100,#FFA8C2
343,34,100,#FFA8C1
344,34,100,#FFA8BF
345,34,100,#FFA8BE
346,34,100,#FFA8BD
347,34,100,#FFA8BB
348,34,100,#FFA8BA
349,34,100,#FFA8B8
350,34,100,#FFA8B7
351,34,100,#FFA8B5
352,34,100,#FFA8B4
353,34,100,#FFA8B2
354,34,100,#FFA8B1
355,34,100,#FFA8B0
356,34,100,#FFA8AE
357,34,100,#FFA8AD
358,34,100,#FFA8AB
359,34,100,#FFA8AA
0,33,100,#FFABAB
1,33,100,#FFACAB
2,33,100,#FFAEAB
3,33,100,#FFAFAB
4,33,100,#FFB0AB
5,33,100,#FFB2AB
6,33,100,#FFB3AB
7,33,100,#FFB5AB
8,33,100,#FFB6AB
9,33,100,#FFB7AB
10,33,100,#FFB9AB
11,33,100,#FFBAAB
12,33,100,#FFBCAB
13,33,100,#FFBDAB
14,33,100,#FFBEAB
15,33,100,#FFC0AB
16,33,100,#FFC1AB
17,33,100,#FFC3AB
18,33,100,#FFC4AB
19,33,100,#FFC5AB
20,33,100,#FFC7AB
21,33,100,#FFC8AB
22,33,100,#FFCAAB
23,33,100,#FFCBAB
24,33,100,#FFCDAB
25,33,100,#FFCEAB
26,33,100,#FFCFAB
27,33,100,#FFD1AB
28,33,100,#FFD2AB
29,33,100,#FFD4AB
30,33,100,#FFD5AB
31,33,100,#FFD6AB
32,33,100,#FFD8AB
33,33,100,#FFD9AB
34,33,100,#FFDBAB
35,33,100,#FFDCAB
36,33,100,#FFDDAB
37,33,100,#FFDFAB
38,33,100,#FFE0AB
39,33,100,#FFE2AB
40,33,100,#FFE3AB
41,33,100,#FFE4AB
42,33,100,#FFE6AB
43,33,100,#FFE7AB
44,33,100,#FFE9AB
45,33,100,#FFEAAB
46,33,100,#FFEBAB
47,33,100,#FFEDAB
48,33,100,#FFEEAB
49,33,100,#FFF0AB
50,33,100,#FFF1AB
51,33,100,#FFF2AB
52,33,100,#FFF4AB
53,33,100,#FFF5AB
54,33,100,#FFF7AB
55,33,100,#FFF8AB
56,33,100,#FFF9AB
57,33,100,#FFFBAB
58,33,100,#FFFCAB
59,33,100,#FFFEAB
60,33,100,#FFFFAB
61,33,100,#FEFFAB
62,33,100,#FCFFAB
63,33,100,#FBFFAB
64,33,100,#F9FFAB
65,33,100,#F8FFAB
66,33,100,#F7FFAB
67,33,100,#F5FFAB
68,33,100,#F4FFAB
69,33,100,#F2FFAB
70,33,100,#F1FFAB
71,33,100,#F0FFAB
72,33,100,#EEFFAB
73,33,100,#EDFFAB
74,33,100,#EBFFAB
75,33,100,#EAFFAB
76,33,100,#E9FFAB
77,33,100,#E7FFAB
78,33,100,#E6FFAB
79,33,100,#E4FFAB
80,33,100,#E3FFAB
81,33,100,#E2FFAB
82,33,100,#E0FFAB
83,33,100,#DFFFAB
84,33,100,#DDFFAB
85,33,100,#DCFFAB
86,33,100,#DBFFAB
87,33,100,#D9FFAB
88,33,100,#D8FFAB
89,33,100,#D6FFAB
90,33,100,#D5FFAB
91,33,100,#D4FFAB
92,33,100,#D2FFAB
93,33,100,#D1FFAB
94,33,100,#CFFFAB
95,33,100,#CEFFAB
96,33,100,#CDFFAB
97,33,100,#CBFFAB
98,33,100,#CAFFAB
99,33,100,#C8FFAB
100,33,100,#C7FFAB
101,33,100,#C5FFAB
102,33,100,#C4FFAB
103,33,100,#C3FFAB
104,33,100,#C1FFAB
105,33,100,#C0FFAB
106,33,100,#BEFFAB
107,33,100,#BDFFAB
108,33,100,#BCFFAB
109,33,100,#BAFFAB
110,33,100,#B9FFAB
111,33,100,#B7FFAB
112,33,100,#B6FFAB
113,33,100,#B5FFAB
114,33,100,#B3FFAB
115,33,100,#B2FFAB
116,33,100,#B0FFAB
117,33,100,#AFFFAB
118,33,100,#AEFFAB
119,33,100,#ACFFAB
120,33,100,#ABFFAB
121,33,100,#ABFFAC
122,33,100,#ABFFAE
123,33,100,#ABFFAF
124,33,100,#ABFFB0
125,33,100,#ABFFB2
126,33,100,#ABFFB3
127,33,100,#ABFFB5
128,33,100,#ABFFB6
129,33,100,#ABFFB7
130,33,100,#ABFFB9
131,33,100,#ABFFBA
132,33,100,#ABFFBC
133,33,100,#ABFFBD
134,33,100,#ABFFBE
135,33,100,#ABFFC0
136,33,100,#ABFFC1
137,33,100,#ABFFC3
138,33,100,#ABFFC4
139,33,100,#ABFFC5
140,33,100,#ABFFC7
141,33,100,#ABFFC8
142,33,100,#ABFFCA
143,33,100,#ABFFCB
144,33,100,#ABFFCD
145,33,100,#ABFFCE
146,33,100,#ABFFCF
147,33,100,#ABFFD1
148,33,100,#ABFFD2
149,33,100,#ABFFD4
150,33,100,#ABFFD5
151,33,100,#ABFFD6
152,33,100,#ABFFD8
153,33,100,#ABFFD9
154,33,100,#ABFFDB
155,33,100,#ABFFDC
156,33,100,#ABFFDD
157,33,100,#ABFFDF
158,33,100,#ABFFE0
159,33,100,#ABFFE2
160,33,100,#ABFFE3
161,33,100,#ABFFE4
162,33,100,#ABFFE6
163,33,100,#ABFFE7
164,33,100,#ABFFE9
165,33,100,#ABFFEA
166,33,100,#ABFFEB
167,33,100,#ABFFED
168,33,100,#ABFFEE
169,33,100,#ABFFF0
170,33,100,#ABFFF1
171,33,100,#ABFFF2
172,33,100,#ABFFF4
173,33,100,#ABFFF5
174,33,100,#ABFFF7
175,33,100,#ABFFF8
176,33,100,#ABFFF9
177,33,100,#ABFFFB
178,33,100,#ABFFFC
179,33,100,#ABFFFE
180,33,100,#ABFFFF
181,33,100,#ABFEFF
182,33,100,#ABFCFF
183,33,100,#ABFBFF
184,33,100,#ABF9FF
185,33,100,#ABF8FF
186,33,100,#ABF7FF
187,33,100,#ABF5FF
188,33,100,#ABF4FF
189,33,100,#ABF2FF
190,33,100,#ABF1FF
191,33,100,#ABF0FF
192,33,100,#ABEEFF
193,33,100,#ABEDFF
194,33,100,#ABEBFF
195,33,100,#ABEAFF
196,33,100,#ABE9FF
197,33,100,#ABE7FF
198,33,100,#ABE6FF
199,33,100,#ABE4FF
200,33,100,#ABE3FF
201,33,100,#ABE2FF
202,33,100,#ABE0FF
203,33,100,#ABDFFF
204,33,100,#ABDDFF
205,33,100,#ABDCFF
206,33,100,#ABDBFF
207,33,100,#ABD9FF
208,33,100,#ABD8FF
209,33,100,#ABD6FF
210,33,100,#ABD5FF
211,33,100,#ABD4FF
212,33,100,#ABD2FF
213,33,100,#ABD1FF
214,33,100,#ABCFFF
215,33,100,#ABCEFF
216,33,100,#ABCDFF
217,33,100,#ABCBFF
218,33,100,#ABCAFF
219,33,100,#ABC8FF
220,33,100,#ABC7FF
221,33,100,#ABC5FF
222,33,100,#ABC4FF
223,33,100,#ABC3FF
224,33,100,#ABC1FF
225,33,100,#ABC0FF
226,33,100,#ABBEFF
227,33,100,#ABBDFF
228,33,100,#ABBCFF
229,33,100,#ABBAFF
230,33,100,#ABB9FF
231,33,100,#ABB7FF
232,33,100,#ABB6FF
233,33,100,#ABB5FF
234,33,100,#ABB3FF
235,33,100,#ABB2FF
236,33,100,#ABB0FF
237,33,100,#ABAFFF
238,33,100,#ABAEFF
239,33,100,#ABACFF
240,33,100,#ABABFF
241,33,100,#ACABFF
242,33,100,#AEABFF
243,33,100,#AFABFF
244,33,100,#B0ABFF
245,33,100,#B2ABFF
246,33,100,#B3ABFF
247,33,100,#B5ABFF
248,33,100,#B6ABFF
249,33,100,#B7ABFF
250,33,100,#B9ABFF
251,33,100,#BAABFF
252,33,100,#BCABFF
253,33,100,#BDABFF
254,33,100,#BEABFF
255,33,100,#C0ABFF
256,33,100,#C1ABFF
257,33,100,#C3ABFF
258,33,100,#C4ABFF
259,33,100,#C5ABFF
260,33,100,#C7ABFF
261,33,100,#C8ABFF
262,33,100,#CAABFF
263,33,100,#CBABFF
264,33,100,#CDABFF
265,33,100,#CEABFF
266,33,100,#CFABFF
267,33,100,#D1ABFF
268,33,100,#D2ABFF
269,33,100,#D4ABFF
270,33,100,#D5ABFF
271,33,100,#D6ABFF
272,33,100,#D8ABFF
273,33,100,#D9ABFF
274,33,100,#DBABFF
275,33,100,#DCABFF
276,33,100,#DDABFF
277,33,100,#DFABFF
278,33,100,#E0ABFF
279,33,100,#E2ABFF
280,33,100,#E3ABFF
281,33,100,#E4ABFF
282,33,100,#E6ABFF
283,33,100,#E7ABFF
284,33,100,#E9ABFF
285,33,100,#EAABFF
286,33,100,#EBABFF
287,33,100,#EDABFF
288,33,100,#EEABFF
289,33,100,#F0ABFF
290,33,100,#F1ABFF
291,33,100,#F2ABFF
292,33,100,#F4ABFF
293,33,100,#F5ABFF
294,33,100,#F7ABFF
295,33,100,#F8ABFF
296,33,100,#F9ABFF
297,33,100,#FBABFF
298,33,100,#FCABFF
299,33,100,#FEABFF
300,33,100,#FFABFF
301,33,100,#FFABFE
302,33,100,#FFABFC
303,33,100,#FFABFB
304,33,100,#FFABF9
305,33,100,#FFABF8
306,33,100,#FFABF7
307,33,100,#FFABF5
308,33,100,#FFABF4
309,33,100,#FFABF2
310,33,100,#FFABF1
311,33,100,#FFABF0
312,33,100,#FFABEE
313,33,100,#FFABED
314,33,100,#FFABEB
315,33,100,#FFABEA
316,33,100,#FFABE9
317,33,100,#FFABE7
318,33,100,#FFABE6
319,33,100,#FFABE4
320,33,100,#FFABE3
321,33,100,#FFABE2
322,33,100,#FFABE0
323,33,100,#FFABDF
324,33,100,#FFABDD
325,33,100,#FFABDC
326,33,100,#FFABDB
327,33,100,#FFABD9
328,33,100,#FFABD8
329,33,100,#FFABD6
330,33,100,#FFABD5
331,33,100,#FFABD4
332,33,100,#FFABD2
333,33,100,#FFABD1
334,33,100,#FFABCF
335,33,100,#FFABCE
336,33,100,#FFABCD
337,33,100,#FFABCB
338,33,100,#FFABCA
339,33,100,#FFABC8
340,33,100,#FFABC7
341,33,100,#FFABC5
342,33,100,#FFABC4
343,33,100,#FFABC3
344,33,100,#FFABC1
345,33,100,#FFABC0
346,33,100,#FFABBE
347,33,100,#FFABBD
348,33,100,#FFABBC
349,33,100,#FFABBA
350,33,100,#FFABB9
351,33,100,#FFABB7
352,33,100,#FFABB6
353,33,100,#FFABB5
354,33,100,#FFABB3
355,33,100,#FFABB2
356,33,100,#FFABB0
357,33,100,#FFABAF
358,33,100,#FFABAE
359,33,100,#FFABAC
0,32,100,#FFADAD
1,32,100,#FFAFAD
2,32,100,#FFB0AD
3,32,100,#FFB1AD
4,32,100,#FFB3AD
5,32,100,#FFB4AD
6,32,100,#FFB6AD
7,32,100,#FFB7AD
8,32,100,#FFB8AD
9,32,100,#FFBAAD
10,32,100,#FFBBAD
11,32,100,#FFBCAD
12,32,100,#FFBEAD
13,32,100,#FFBFAD
14,32,100,#FFC0AD
15,32,100,#FFC2AD
16,32,100,#FFC3AD
17,32,100,#FFC5AD
18,32,100,#FFC6AD
19,32,100,#FFC7AD
20,32,100,#FFC9AD
21,32,100,#FFCAAD
22,32,100,#FFCBAD
23,32,100,#FFCDAD
24,32,100,#FFCEAD
25,32,100,#FFCFAD
26,32,100,#FFD1AD
27,32,100,#FFD2AD
28,32,100,#FFD3AD
29,32,100,#FFD5AD
30,32,100,#FFD6AD
31,32,100,#FFD8AD
32,32,100,#FFD9AD
33,32,100,#FFDAAD
34,32,100,#FFDCAD
35,32,100,#FFDDAD
36,32,100,#FFDEAD
37,32,100,#FFE0AD
38,32,100,#FFE1AD
39,32,100,#FFE2AD
40,32,100,#FFE4AD
41,32,100,#FFE5AD
42,32,100,#FFE7AD
43,32,100,#FFE8AD
44,32,100,#FFE9AD
45,32,100,#FFEBAD
46,32,100,#FFECAD
47,32,100,#FFEDAD
48,32,100,#FFEFAD
49,32,100,#FFF0AD
50,32,100,#FFF1AD
51,32,100,#FFF3AD
52,32,100,#FFF4AD
53,32,100,#FFF5AD
54,32,100,#FFF7AD
55,32,100,#FFF8AD
56,32,100,#FFFAAD
57,32,100,#FFFBAD
58,32,100,#FFFCAD
59,32,100,#FFFEAD
60,32,100,#FFFFAD
61,32,100,#FEFFAD
62,32,100,#FCFFAD
63,32,100,#FBFFAD
64,32,100,#FAFFAD
65,32,100,#F8FFAD
66,32,100,#F7FFAD
67,32,100,#F5FFAD
68,32,100,#F4FFAD
69,32,100,#F3FFAD
70,32,100,#F1FFAD
71,32,100,#F0FFAD
72,32,100,#EFFFAD
73,32,100,#EDFFAD
74,32,100,#ECFFAD
75,32,100,#EBFFAD
76,32,100,#E9FFAD
77,32,100,#E8FFAD
78,32,100,#E7FFAD
79,32,100,#E5FFAD
80,32,100,#E4FFAD
81,32,100,#E2FFAD
82,32,100,#E1FFAD
83,32,100,#E0FFAD
84,32,100,#DEFFAD
85,32,100,#DDFFAD
86,32,100,#DCFFAD
87,32,100,#DAFFAD
88,32,100,#D9FFAD
89,32,100,#D8FFAD
90,32,100,#D6FFAD
91,32,100,#D5FFAD
92,32,100,#D3FFAD
93,32,100,#D2FFAD
94,32,100,#D1FFAD
95,32,100,#CFFFAD
96,32,100,#CEFFAD
97,32,100,#CDFFAD
98,32,100,#CBFFAD
99,32,100,#CAFFAD
100,32,100,#C9FFAD
101,32,100,#C7FFAD
102,32,100,#C6FFAD
103,32,100,#C5FFAD
104,32,100,#C3FFAD
105,32,100,#C2FFAD
106,32,100,#C0FFAD
107,32,100,#BFFFAD
108,32,100,#BEFFAD
109,32,100,#BCFFAD
110,32,100,#BBFFAD
111,32,100,#BAFFAD
112,32,100,#B8FFAD
113,32,100,#B7FFAD
114,32,100,#B6FFAD
115,32,100,#B4FFAD
116,32,100,#B3FFAD
117,32,100,#B1FFAD
118,32,100,#B0FFAD
119,32,100,#AFFFAD
120,32,100,#ADFFAD
121,32,100,#ADFFAF
122,32,100,#ADFFB0
123,32,100,#ADFFB1
124,32,100,#ADFFB3
125,32,100,#ADFFB4
126,32,100,#ADFFB6
127,32,100,#ADFFB7
128,32,100,#ADFFB8
129,32,100,#ADFFBA
130,32,100,#ADFFBB
131,32,100,#ADFFBC
132,32,100,#ADFFBE
133,32,100,#ADFFBF
134,32,100,#ADFFC0
135,32,100,#ADFFC2
136,32,100,#ADFFC3
137,32,100,#ADFFC5
138,32,100,#ADFFC6
139,32,100,#ADFFC7
140,32,100,#ADFFC9
141,32,100,#ADFFCA
142,32,100,#ADFFCB
143,32,100,#ADFFCD
144,32,100,#ADFFCE
145,32,100,#ADFFCF
146,32,100,#ADFFD1
147,32,100,#ADFFD2
148,32,100,#ADFFD3
149,32,100,#ADFFD5
150,32,100,#ADFFD6
151,32,100,#ADFFD8
152,32,100,#ADFFD9
153,32,100,#ADFFDA
154,32,100,#ADFFDC
155,32,100,#ADFFDD
156,32,100,#ADFFDE
157,32,100,#ADFFE0
158,32,100,#ADFFE1
159,32,100,#ADFFE2
160,32,100,#ADFFE4
161,32,100,#ADFFE5
162,32,100,#ADFFE7
163,32,100,#ADFFE8
164,32,100,#ADFFE9
165,32,100,#ADFFEB
166,32,100,#ADFFEC
167,32,100,#ADFFED
168,32,100,#ADFFEF
169,32,100,#ADFFF0
170,32,100,#ADFFF1
171,32,100,#ADFFF3
172,32,100,#ADFFF4
173,32,100,#ADFFF5
174,32,100,#ADFFF7
175,32,100,#ADFFF8
176,32,100,#ADFFFA
177,32,100,#ADFFFB
178,32,100,#ADFFFC
179,32,100,#ADFFFE
180,32,100,#ADFFFF
181,32,100,#ADFEFF
182,32,100,#ADFCFF
183,32,100,#ADFBFF
184,32,100,#ADFAFF
185,32,100,#ADF8FF
186,32,100,#ADF7FF
187,32,100,#ADF5FF
188,32,100,#ADF4FF
189,32,100,#ADF3FF
190,32,100,#ADF1FF
191,32,100,#ADF0FF
192,32,100,#ADEFFF
193,32,100,#ADEDFF
194,32,100,#ADECFF
195,32,100,#ADEBFF
196,32,100,#ADE9FF
197,32,100,#ADE8FF
198,32,100,#ADE7FF
199,32,100,#ADE5FF
200,32,100,#ADE4FF
201,32,100,#ADE2FF
202,32,100,#ADE1FF
203,32,100,#ADE0FF
204,32,100,#ADDEFF
205,32,100,#ADDDFF
206,32,100,#ADDCFF
207,32,100,#ADDAFF
208,32,100,#ADD9FF
209,32,100,#ADD8FF
210,32,100,#ADD6FF
211,32,100,#ADD5FF
212,32,100,#ADD3FF
213,32,100,#ADD2FF
214,32,100,#ADD1FF
215,32,100,#ADCFFF
216,32,100,#ADCEFF
217,32,100,#ADCDFF
218,32,100,#ADCBFF
219,32,100,#ADCAFF
220,32,100,#ADC9FF
221,32,100,#ADC7FF
222,32,100,#ADC6FF
223,32,100,#ADC5FF
224,32,100,#ADC3FF
225,32,100,#ADC2FF
226,32,100,#ADC0FF
227,32,100,#ADBFFF
228,32,100,#ADBEFF
229,32,100,#ADBCFF
230,32,100,#ADBBFF
231,32,100,#ADBAFF
232,32,100,#ADB8FF
233,32,100,#ADB7FF
234,32,100,#ADB6FF
235,32,100,#ADB4FF
236,32,100,#ADB3FF
237,32,100,#ADB1FF
238,32,100,#ADB0FF
239,32,100,#ADAFFF
240,32,100,#ADADFF
241,32,100,#AFADFF
242,32,100,#B0ADFF
243,32,100,#B1ADFF
244,32,100,#B3ADFF
245,32,100,#B4ADFF
246,32,100,#B6ADFF
247,32,100,#B7ADFF
248,32,100,#B8ADFF
249,32,100,#BAADFF
250,32,100,#BBADFF
251,32,100,#BCADFF
252,32,100,#BEADFF
253,32,100,#BFADFF
254,32,100,#C0ADFF
255,32,100,#C2ADFF
256,32,100,#C3ADFF
257,32,100,#C5ADFF
258,32,100,#C6ADFF
259,32,100,#C7ADFF
260,32,100,#C9ADFF
261,32,100,#CAADFF
262,32,100,#CBADFF
263,32,100,#CDADFF
264,32,100,#CEADFF
265,32,100,#CFADFF
266,32,100,#D1ADFF
267,32,100,#D2ADFF
268,32,100,#D3ADFF
269,32,100,#D5ADFF
270,32,100,#D6ADFF
271,32,100,#D8ADFF
272,32,100,#D9ADFF
273,32,100,#DAADFF
274,32,100,#DCADFF
275,32,100,#DDADFF
276,32,100,#DEADFF
277,32,100,#E0ADFF
278,32,100,#E1ADFF
279,32,100,#E2ADFF
280,32,100,#E4ADFF
281,32,100,#E5ADFF
282,32,100,#E7ADFF
283,32,100,#E8ADFF
284,32,100,#E9ADFF
285,32,100,#EBADFF
286,32,100,#ECADFF
287,32,100,#EDADFF
288,32,100,#EFADFF
289,32,100,#F0ADFF
290,32,100,#F1ADFF
291,32,100,#F3ADFF
292,32,100,#F4ADFF
293,32,100,#F5ADFF
294,32,100,#F7ADFF
295,32,100,#F8ADFF
296,32,100,#FAADFF
297,32,100,#FBADFF
298,32,100,#FCADFF
299,32,100,#FEADFF
300,32,100,#FFADFF
301,32,100,#FFADFE
302,32,100,#FFADFC
303,32,100,#FFADFB
304,32,100,#FFADFA
305,32,100,#FFADF8
306,32,100,#FFADF7
307,32,100,#FFADF5
308,32,100,#FFADF4
309,32,100,#FFADF3
310,32,100,#FFADF1
311,32,100,#FFADF0
312,32,100,#FFADEF
313,32,100,#FFADED
314,32,100,#FFADEC
315,32,100,#FFADEB
316,32,100,#FFADE9
317,32,100,#FFADE8
318,32,100,#FFADE7
319,32,100,#FFADE5
320,32,100,#FFADE4
321,32,100,#FFADE2
322,32,100,#FFADE1
323,32,100,#FFADE0
324,32,100,#FFADDE
325,32,100,#FFADDD
326,32,100,#FFADDC
327,32,100,#FFADDA
328,32,100,#FFADD9
329,32,100,#FFADD8
330,32,100,#FFADD6
331,32,100,#FFADD5
332,32,100,#FFADD3
333,32,100,#FFADD2
334,32,100,#FFADD1
335,32,100,#FFADCF
336,32,100,#FFADCE
337,32,100,#FFADCD
338,32,100,#FFADCB
339,32,100,#FFADCA
340,32,100,#FFADC9
341,32,100,#FFADC7
342,32,100,#FFADC6
343,32,100,#FFADC5
344,32,100,#FFADC3
345,32,100,#FFADC2
346,32,100,#FFADC0
347,32,100,#FFADBF
348,32,100,#FFADBE
349,32,100,#FFADBC
350,32,100,#FFADBB
351,32,100,#FFADBA
352,32,100,#FFADB8
353,32,100,#FFADB7
354,32,100,#FFADB6
355,32,100,#FFADB4
356,32,100,#FFADB3
357,32,100,#FFADB1
358,32,100,#FFADB0
359,32,100,#FFADAF
0,31,100,#FFB0B0
1,31,100,#FFB1B0
2,31,100,#FFB3B0
3,31,100,#FFB4B0
4,31,100,#FFB5B0
5,31,100,#FFB7B0
6,31,100,#FFB8B0
7,31,100,#FFB9B0
8,31,100,#FFBAB0
9,31,100,#FFBCB0
10,31,100,#FFBDB0
11,31,100,#FFBEB0
12,31,100,#FFC0B0
13,31,100,#FFC1B0
14,31,100,#FFC2B0
15,31,100,#FFC4B0
16,31,100,#FFC5B0
17,31,100,#FFC6B0
18,31,100,#FFC8B0
19,31,100,#FFC9B0
20,31,100,#FFCAB0
21,31,100,#FFCCB0
22,31,100,#FFCDB0
23,31,100,#FFCEB0
24,31,100,#FFD0B0
25,31,100,#FFD1B0
26,31,100,#FFD2B0
27,31,100,#FFD4B0
28,31,100,#FFD5B0
29,31,100,#FFD6B0
30,31,100,#FFD7B0
31,31,100,#FFD9B0
32,31,100,#FFDAB0
33,31,100,#FFDBB0
34,31,100,#FFDDB0
35,31,100,#FFDEB0
36,31,100,#FFDFB0
37,31,100,#FFE1B0
38,31,100,#FFE2B0
39,31,100,#FFE3B0
40,31,100,#FFE5B0
41,31,100,#FFE6B0
42,31,100,#FFE7B0
43,31,100,#FFE9B0
44,31,100,#FFEAB0
45,31,100,#FFEBB0
46,31,100,#FFEDB0
47,31,100,#FFEEB0
48,31,100,#FFEFB0
49,31,100,#FFF1B0
50,31,100,#FFF2B0
51,31,100,#FFF3B0
52,31,100,#FFF4B0
53,31,100,#FFF6B0
54,31,100,#FFF7B0
55,31,100,#FFF8B0
56,31,100,#FFFAB0
57,31,100,#FFFBB0
58,31,100,#FFFCB0
59,31,100,#FFFEB0
60,31,100,#FFFFB0
61,31,100,#FEFFB0
62,31,100,#FCFFB0
63,31,100,#FBFFB0
64,31,100,#FAFFB0
65,31,100,#F8FFB0
66,31,100,#F7FFB0
67,31,100,#F6FFB0
68,31,100,#F4FFB0
69,31,100,#F3FFB0
70,31,100,#F2FFB0
71,31,100,#F1FFB0
72,31,100,#EFFFB0
73,31,100,#EEFFB0
74,31,100,#EDFFB0
75,31,100,#EBFFB0
76,31,100,#EAFFB0
77,31,100,#E9FFB0
78,31,100,#E7FFB0
79,31,100,#E6FFB0
80,31,100,#E5FFB0
81,31,100,#E3FFB0
82,31,100,#E2FFB0
83,31,100,#E1FFB0
84,31,100,#DFFFB0
85,31,100,#DEFFB0
86,31,100,#DDFFB0
87,31,100,#DBFFB0
88,31,100,#DAFFB0
89,31,100,#D9FFB0
90,31,100,#D7FFB0
91,31,100,#D6FFB0
92,31,100,#D5FFB0
93,31,100,#D4FFB0
94,31,100,#D2FFB0
95,31,100,#D1FFB0
96,31,100,#D0FFB0
97,31,100,#CEFFB0
98,31,100,#CDFFB0
99,31,100,#CCFFB0
100,31,100,#CAFFB0
101,31,100,#C9FFB0
102,31,100,#C8FFB0
103,31,100,#C6FFB0
104,31,100,#C5FFB0
105,31,100,#C4FFB0
106,31,100,#C2FFB0
107,31,100,#C1FFB0
108,31,100,#C0FFB0
109,31,100,#BEFFB0
110,31,100,#BDFFB0
111,31,100,#BCFFB0
112,31,100,#BAFFB0
113,31,100,#B9FFB0
114,31,100,#B8FFB0
115,31,100,#B7FFB0
116,31,100,#B5FFB0
117,31,100,#B4FFB0
118,31,100,#B3FFB0
119,31,100,#B1FFB0
120,31,100,#B0FFB0
121,31,100,#B0FFB1
122,31,100,#B0FFB3
123,31,100,#B0FFB4
124,31,100,#B0FFB5
125,31,100,#B0FFB7
126,31,100,#B0FFB8
127,31,100,#B0FFB9
128,31,100,#B0FFBA
129,31,100,#B0FFBC
130,31,100,#B0FFBD
131,31,100,#B0FFBE
132,31,100,#B0FFC0
133,31,100,#B0FFC1
134,31,100,#B0FFC2
135,31,100,#B0FFC4
136,31,100,#B0FFC5
137,31,100,#B0FFC6
138,31,100,#B0FFC8
139,31,100,#B0FFC9
140,31,100,#B0FFCA
141,31,100,#B0FFCC
142,31,100,#B0FFCD
143,31,100,#B0FFCE
144,31,100,#B0FFD0
145,31,100,#B0FFD1
146,31,100,#B0FFD2
147,31,100,#B0FFD4
148,31,100,#B0FFD5
149,31,100,#B0FFD6
150,31,100,#B0FFD7
151,31,100,#B0FFD9
152,31,100,#B0FFDA
153,31,100,#B0FFDB
154,31,100,#B0FFDD
155,31,100,#B0FFDE
156,31,100,#B0FFDF
157,31,100,#B0FFE1
158,31,100,#B0FFE2
159,31,100,#B0FFE3
160,31,100,#B0FFE5
161,31,100,#B0FFE6
162,31,100,#B0FFE7
163,31,100,#B0FFE9
164,31,100,#B0FFEA
165,31,100,#B0FFEB
166,31,100,#B0FFED
167,31,100,#B0FFEE
168,31,100,#B0FFEF
169,31,100,#B0FFF1
170,31,100,#B0FFF2
171,31,100,#B0FFF3
172,31,100,#B0FFF4
173,31,100,#B0FFF6
174,31,100,#B0FFF7
175,31,100,#B0FFF8
176,31,100,#B0FFFA
177,31,100,#B0FFFB
178,31,100,#B0FFFC
179,31,100,#B0FFFE
180,31,100,#B0FFFF
181,31,100,#B0FEFF
182,31,100,#B0FCFF
183,31,100,#B0FBFF
184,31,100,#B0FAFF
185,31,100,#B0F8FF
186,31,100,#B0F7FF
187,31,100,#B0F6FF
188,31,100,#B0F4FF
189,31,100,#B0F3FF
190,31,100,#B0F2FF
191,31,100,#B0F1FF
192,31,100,#B0EFFF
193,31,100,#B0EEFF
194,31,100,#B0EDFF
195,31,100,#B0EBFF
196,31,100,#B0EAFF
197,31,100,#B0E9FF
198,31,100,#B0E7FF
199,31,100,#B0E6FF
200,31,100,#B0E5FF
201,31,100,#B0E3FF
202,31,100,#B0E2FF
203,31,100,#B0E1FF
204,31,100,#B0DFFF
205,31,100,#B0DEFF
206,31,100,#B0DDFF
207,31,100,#B0DBFF
208,31,100,#B0DAFF
209,31,100,#B0D9FF
210,31,100,#B0D7FF
211,31,100,#B0D6FF
212,31,100,#B0D5FF
213,31,100,#B0D4FF
214,31,100,#B0D2FF
215,31,100,#B0D1FF
216,31,100,#B0D0FF
217,31,100,#B0CEFF
218,31,100,#B0CDFF
219,31,100,#B0CCFF
220,31,100,#B0CAFF
221,31,100,#B0C9FF
222,31,100,#B0C8FF
223,31,100,#B0C6FF
224,31,100,#B0C5FF
225,31,100,#B0C4FF
226,31,100,#B0C2FF
227,31,100,#B0C1FF
228,31,100,#B0C0FF
229,31,100,#B0BEFF
230,31,100,#B0BDFF
231,31,100,#B0BCFF
232,31,100,#B0BAFF
233,31,100,#B0B9FF
234,31,100,#B0B8FF
235,31,100,#B0B7FF
236,31,100,#B0B5FF
237,31,100,#B0B4FF
238,31,100,#B0B3FF
239,31,100,#B0B1FF
240,31,100,#B0B0FF
241,31,100,#B1B0FF
242,31,100,#B3B0FF
243,31,100,#B4B0FF
244,31,100,#B5B0FF
245,31,100,#B7B0FF
246,31,100,#B8B0FF
247,31,100,#B9B0FF
248,31,100,#BAB0FF
249,31,100,#BCB0FF
250,31,100,#BDB0FF
251,31,100,#BEB0FF
252,31,100,#C0B0FF
253,31,100,#C1B0FF
254,31,100,#C2B0FF
255,31,100,#C4B0FF
256,31,100,#C5B0FF
257,31,100,#C6B0FF
258,31,100,#C8B0FF
259,31,100,#C9B0FF
260,31,100,#CAB0FF
261,31,100,#CCB0FF
262,31,100,#CDB0FF
263,31,100,#CEB0FF
264,31,100,#D0B0FF
265,31,100,#D1B0FF
266,31,100,#D2B0FF
267,31,100,#D4B0FF
268,31,100,#D5B0FF
269,31,100,#D6B0FF
270,31,100,#D7B0FF
271,31,100,#D9B0FF
272,31,100,#DAB0FF
273,31,100,#DBB0FF
274,31,100,#DDB0FF
275,31,100,#DEB0FF
276,31,100,#DFB0FF
277,31,100,#E1B0FF
278,31,100,#E2B0FF
279,31,100,#E3B0FF
280,31,100,#E5B0FF
281,31,100,#E6B0FF
282,31,100,#E7B0FF
283,31,100,#E9B0FF
284,31,100,#EAB0FF
285,31,100,#EBB0FF
286,31,100,#EDB0FF
287,31,100,#EEB0FF
288,31,100,#EFB0FF
289,31,100,#F1B0FF
290,31,100,#F2B0FF
291,31,100,#F3B0FF
292,31,100,#F4B0FF
293,31,100,#F6B0FF
294,31,100,#F7B0FF
295,31,100,#F8B0FF
296,31,100,#FAB0FF
297,31,100,#FBB0FF
298,31,100,#FCB0FF
299,31,100,#FEB0FF
300,31,100,#FFB0FF
301,31,100,#FFB0FE
302,31,100,#FFB0FC
303,31,100,#FFB0FB
304,31,100,#FFB0FA
305,31,100,#FFB0F8
306,31,100,#FFB0F7
307,31,100,#FFB0F6
308,31,100,#FFB0F4
309,31,100,#FFB0F3
310,31,100,#FFB0F2
311,31,100,#FFB0F1
312,31,100,#FFB0EF
313,31,100,#FFB0EE
314,31,100,#FFB0ED
315,31,100,#FFB0EB
316,31,100,#FFB0EA
317,31,100,#FFB0E9
318,31,100,#FFB0E7
319,31,100,#FFB0E6
320,31,100,#FFB0E5
321,31,100,#FFB0E3
322,31,100,#FFB0E2
323,31,100,#FFB0E1
324,31,100,#FFB0DF
325,31,100,#FFB0DE
326,31,100,#FFB0DD
327,31,100,#FFB0DB
328,31,100,#FFB0DA
329,31,100,#FFB0D9
330,31,100,#FFB0D7
331,31,100,#FFB0D6
332,31,100,#FFB0D5
333,31,100,#FFB0D4
334,31,100,#FFB0D2
335,31,100,#FFB0D1
336,31,100,#FFB0D0
337,31,100,#FFB0CE
338,31,100,#FFB0CD
339,31,100,#FFB0CC
340,31,100,#FFB0CA
341,31,100,#FFB0C9
342,31,100,#FFB0C8
343,31,100,#FFB0C6
344,31,100,#FFB0C5
345,31,100,#FFB0C4
346,31,100,#FFB0C2
347,31,100,#FFB0C1
348,31,100,#FFB0C0
349,31,100,#FFB0BE
350,31,100,#FFB0BD
351,31,100,#FFB0BC
352,31,100,#FFB0BA
353,31,100,#FFB0B9
354,31,100,#FFB0B8
355,31,100,#FFB0B7
356,31,100,#FFB0B5
357,31,100,#FFB0B4
358,31,100,#FFB0B3
359,31,100,#FFB0B1
0,30,100,#FFB3B3
1,30,100,#FFB4B3
2,30,100,#FFB5B3
3,30,100,#FFB6B3
4,30,100,#FFB8B3
5,30,100,#FFB9B3
6,30,100,#FFBAB3
7,30,100,#FFBBB3
8,30,100,#FFBDB3
9,30,100,#FFBEB3
10,30,100,#FFBFB3
11,30,100,#FFC1B3
12,30,100,#FFC2B3
13,30,100,#FFC3B3
14,30,100,#FFC4B3
15,30,100,#FFC6B3
16,30,100,#FFC7B3
17,30,100,#FFC8B3
18,30,100,#FFC9B3
19,30,100,#FFCBB3
20,30,100,#FFCCB3
21,30,100,#FFCDB3
22,30,100,#FFCFB3
23,30,100,#FFD0B3
24,30,100,#FFD1B3
25,30,100,#FFD2B3
26,30,100,#FFD4B3
27,30,100,#FFD5B3
28,30,100,#FFD6B3
29,30,100,#FFD7B3
30,30,100,#FFD9B3
31,30,100,#FFDAB3
32,30,100,#FFDBB3
33,30,100,#FFDDB3
34,30,100,#FFDEB3
35,30,100,#FFDFB3
36,30,100,#FFE0B3
37,30,100,#FFE2B3
38,30,100,#FFE3B3
39,30,100,#FFE4B3
40,30,100,#FFE6B3
41,30,100,#FFE7B3
42,30,100,#FFE8B3
43,30,100,#FFE9B3
44,30,100,#FFEBB3
45,30,100,#FFECB3
46,30,100,#FFEDB3
47,30,100,#FFEEB3
48,30,100,#FFF0B3
49,30,100,#FFF1B3
50,30,100,#FFF2B3
51,30,100,#FFF4B3
52,30,100,#FFF5B3
53,30,100,#FFF6B3
54,30,100,#FFF7B3
55,30,100,#FFF9B3
56,30,100,#FFFAB3
57,30,100,#FFFBB3
58,30,100,#FFFCB3
59,30,100,#FFFEB3
60,30,100,#FFFFB3
61,30,100,#FEFFB3
62,30,100,#FCFFB3
63,30,100,#FBFFB3
64,30,100,#FAFFB3
65,30,100,#F9FFB3
66,30,100,#F7FFB3
67,30,100,#F6FFB3
68,30,100,#F5FFB3
69,30,100,#F4FFB3
70,30,100,#F2FFB3
71,30,100,#F1FFB3
72,30,100,#F0FFB3
73,30,100,#EEFFB3
74,30,100,#EDFFB3
75,30,100,#ECFFB3
76,30,100,#EBFFB3
77,30,100,#E9FFB3
78,30,100,#E8FFB3
79,30,100,#E7FFB3
80,30,100,#E6FFB3
81,30,100,#E4FFB3
82,30,100,#E3FFB3
83,30,100,#E2FFB3
84,30,100,#E0FFB3
85,30,100,#DFFFB3
86,30,100,#DEFFB3
87,30,100,#DDFFB3
88,30,100,#DBFFB3
89,30,100,#DAFFB3
90,30,100,#D9FFB3
91,30,100,#D7FFB3
92,30,100,#D6FFB3
93,30,100,#D5FFB3
94,30,100,#D4FFB3
95,30,100,#D2FFB3
96,30,100,#D1FFB3
97,30,100,#D0FFB3
98,30,100,#CFFFB3
99,30,100,#CDFFB3
100,30,100,#CCFFB3
101,30,100,#CBFFB3
102,30,100,#C9FFB3
103,30,100,#C8FFB3
104,30,100,#C7FFB3
105,30,100,#C6FFB3
106,30,100,#C4FFB3
107,30,100,#C3FFB3
108,30,100,#C2FFB3
109,30,100,#C1FFB3
110,30,100,#BFFFB3
111,30,100,#BEFFB3
112,30,100,#BDFFB3
113,30,100,#BBFFB3
114,30,100,#BAFFB3
115,30,100,#B9FFB3
116,30,100,#B8FFB3
117,30,100,#B6FFB3
118,30,100,#B5FFB3
119,30,100,#B4FFB3
120,30,100,#B3FFB3
121,30,100,#B3FFB4
122,30,100,#B3FFB5
123,30,100,#B3FFB6
124,30,100,#B3FFB8
125,30,100,#B3FFB9
126,30,100,#B3FFBA
127,30,100,#B3FFBB
128,30,100,#B3FFBD
129,30,100,#B3FFBE
130,30,100,#B3FFBF
131,30,100,#B3FFC1
132,30,100,#B3FFC2
133,30,100,#B3FFC3
134,30,100,#B3FFC4
135,30,100,#B3FFC6
136,30,100,#B3FFC7
137,30,100,#B3FFC8
138,30,100,#B3FFC9
139,30,100,#B3FFCB
140,30,100,#B3FFCC
141,30,100,#B3FFCD
142,30,100,#B3FFCF
143,30,100,#B3FFD0
144,30,100,#B3FFD1
145,30,100,#B3FFD2
146,30,100,#B3FFD4
147,30,100,#B3FFD5
148,30,100,#B3FFD6
149,30,100,#B3FFD7
150,30,100,#B3FFD9
151,30,100,#B3FFDA
152,30,100,#B3FFDB
153,30,100,#B3FFDD
154,30,100,#B3FFDE
155,30,100,#B3FFDF
156,30,100,#B3FFE0
157,30,100,#B3FFE2
158,30,100,#B3FFE3
159,30,100,#B3FFE4
160,30,100,#B3FFE5
161,30,100,#B3FFE7
162,30,100,#B3FFE8
163,30,100,#B3FFE9
164,30,100,#B3FFEB
165,30,100,#B3FFEC
166,30,100,#B3FFED
167,30,100,#B3FFEE
168,30,100,#B3FFF0
169,30,100,#B3FFF1
170,30,100,#B3FFF2
171,30,100,#B3FFF4
172,30,100,#B3FFF5
173,30,100,#B3FFF6
174,30,100,#B3FFF7
175,30,100,#B3FFF9
176,30,100,#B3FFFA
177,30,100,#B3FFFB
178,30,100,#B3FFFC
179,30,100,#B3FFFE
180,30,100,#B3FFFF
181,30,100,#B3FEFF
182,30,100,#B3FCFF
183,30,100,#B3FBFF
184,30,100,#B3FAFF
185,30,100,#B3F9FF
186,30,100,#B3F7FF
187,30,100,#B3F6FF
188,30,100,#B3F5FF
189,30,100,#B3F4FF
190,30,100,#B3F2FF
191,30,100,#B3F1FF
192,30,100,#B3F0FF
193,30,100,#B3EEFF
194,30,100,#B3EDFF
195,30,100,#B3ECFF
196,30,100,#B3EBFF
197,30,100,#B3E9FF
198,30,100,#B3E8FF
199,30,100,#B3E7FF
200,30,100,#B3E5FF
201,30,100,#B3E4FF
202,30,100,#B3E3FF
203,30,100,#B3E2FF
204,30,100,#B3E0FF
205,30,100,#B3DFFF
206,30,100,#B3DEFF
207,30,100,#B3DDFF
208,30,100,#B3DBFF
209,30,100,#B3DAFF
210,30,100,#B3D9FF
211,30,100,#B3D7FF
212,30,100,#B3D6FF
213,30,100,#B3D5FF
214,30,100,#B3D4FF
215,30,100,#B3D2FF
216,30,100,#B3D1FF
217,30,100,#B3D0FF
218,30,100,#B3CFFF
219,30,100,#B3CDFF
220,30,100,#B3CCFF
221,30,100,#B3CBFF
222,30,100,#B3C9FF
223,30,100,#B3C8FF
224,30,100,#B3C7FF
225,30,100,#B3C6FF
226,30,100,#B3C4FF
227,30,100,#B3C3FF
228,30,100,#B3C2FF
229,30,100,#B3C1FF
230,30,100,#B3BFFF
231,30,100,#B3BEFF
232,30,100,#B3BDFF
233,30,100,#B3BBFF
234,30,100,#B3BAFF
235,30,100,#B3B9FF
236,30,100,#B3B8FF
237,30,100,#B3B6FF
238,30,100,#B3B5FF
239,30,100,#B3B4FF
240,30,100,#B3B3FF
241,30,100,#B4B3FF
242,30,100,#B5B3FF
243,30,100,#B6B3FF
244,30,100,#B8B3FF
245,30,100,#B9B3FF
246,30,100,#BAB3FF
247,30,100,#BBB3FF
248,30,100,#BDB3FF
249,30,100,#BEB3FF
250,30,100,#BFB3FF
251,30,100,#C1B3FF
252,30,100,#C2B3FF
253,30,100,#C3B3FF
254,30,100,#C4B3FF
255,30,100,#C6B3FF
256,30,100,#C7B3FF
257,30,100,#C8B3FF
258,30,100,#C9B3FF
259,30,100,#CBB3FF
260,30,100,#CCB3FF
261,30,100,#CDB3FF
262,30,100,#CFB3FF
263,30,100,#D0B3FF
264,30,100,#D1B3FF
265,30,100,#D2B3FF
266,30,100,#D4B3FF
267,30,100,#D5B3FF
268,30,100,#D6B3FF
269,30,100,#D7B3FF
270,30,100,#D9B3FF
271,30,100,#DAB3FF
272,30,100,#DBB3FF
273,30,100,#DDB3FF
274,30,100,#DEB3FF
275,30,100,#DFB3FF
276,30,100,#E0B3FF
277,30,100,#E2B3FF
278,30,100,#E3B3FF
279,30,100,#E4B3FF
280,30,100,#E6B3FF
281,30,100,#E7B3FF
282,30,100,#E8B3FF
283,30,100,#E9B3FF
284,30,100,#EBB3FF
285,30,100,#ECB3FF
286,30,100,#EDB3FF
287,30,100,#EEB3FF
288,30,100,#F0B3FF
289,30,100,#F1B3FF
290,30,100,#F2B3FF
291,30,100,#F4B3FF
292,30,100,#F5B3FF
293,30,100,#F6B3FF
294,30,100,#F7B3FF
295,30,100,#F9B3FF
296,30,100,#FAB3FF
297,30,100,#FBB3FF
298,30,100,#FCB3FF
299,30,100,#FEB3FF
300,30,100,#FFB3FF
301,30,100,#FFB3FE
302,30,100,#FFB3FC
303,30,100,#FFB3FB
304,30,100,#FFB3FA
305,30,100,#FFB3F9
306,30,100,#FFB3F7
307,30,100,#FFB3F6
308,30,100,#FFB3F5
309,30,100,#FFB3F4
310,30,100,#FFB3F2
311,30,100,#FFB3F1
312,30,100,#FFB3F0
313,30,100,#FFB3EE
314,30,100,#FFB3ED
315,30,100,#FFB3EC
316,30,100,#FFB3EB
317,30,100,#FFB3E9
318,30,100,#FFB3E8
319,30,100,#FFB3E7
320,30,100,#FFB3E6
321,30,100,#FFB3E4
322,30,100,#FFB3E3
323,30,100,#FFB3E2
324,30,100,#FFB3E0
325,30,100,#FFB3DF
326,30,100,#FFB3DE
327,30,100,#FFB3DD
328,30,100,#FFB3DB
329,30,100,#FFB3DA
330,30,100,#FFB3D9
331,30,100,#FFB3D7
332,30,100,#FFB3D6
333,30,100,#FFB3D5
334,30,100,#FFB3D4
335,30,100,#FFB3D2
336,30,100,#FFB3D1
337,30,100,#FFB3D0
338,30,100,#FFB3CF
339,30,100,#FFB3CD
340,30,100,#FFB3CC
341,30,100,#FFB3CB
342,30,100,#FFB3C9
343,30,100,#FFB3C8
344,30,100,#FFB3C7
345,30,100,#FFB3C6
346,30,100,#FFB3C4
347,30,100,#FFB3C3
348,30,100,#FFB3C2
349,30,100,#FFB3C1
350,30,100,#FFB3BF
351,30,100,#FFB3BE
352,30,100,#FFB3BD
353,30,100,#FFB3BB
354,30,100,#FFB3BA
355,30,100,#FFB3B9
356,30,100,#FFB3B8
357,30,100,#FFB3B6
358,30,100,#FFB3B5
359,30,100,#FFB3B4
0,29,100,#FFB5B5
1,29,100,#FFB6B5
2,29,100,#FFB8B5
3,29,100,#FFB9B5
4,29,100,#FFBAB5
5,29,100,#FFBBB5
6,29,100,#FFBCB5
7,29,100,#FFBEB5
8,29,100,#FFBFB5
9,29,100,#FFC0B5
10,29,100,#FFC1B5
11,29,100,#FFC3B5
12,29,100,#FFC4B5
13,29,100,#FFC5B5
14,29,100,#FFC6B5
15,29,100,#FFC8B5
16,29,100,#FFC9B5
17,29,100,#FFCAB5
18,29,100,#FFCBB5
19,29,100,#FFCCB5
20,29,100,#FFCEB5
21,29,100,#FFCFB5
22,29,100,#FFD0B5
23,29,100,#FFD1B5
24,29,100,#FFD3B5
25,29,100,#FFD4B5
26,29,100,#FFD5B5
27,29,100,#FFD6B5
28,29,100,#FFD8B5
29,29,100,#FFD9B5
30,29,100,#FFDAB5
31,29,100,#FFDBB5
32,29,100,#FFDCB5
33,29,100,#FFDEB5
34,29,100,#FFDFB5
35,29,100,#FFE0B5
36,29,100,#FFE1B5
37,29,100,#FFE3B5
38,29,100,#FFE4B5
39,29,100,#FFE5B5
40,29,100,#FFE6B5
41,29,100,#FFE8B5
42,29,100,#FFE9B5
43,29,100,#FFEAB5
44,29,100,#FFEBB5
45,29,100,#FFEDB5
46,29,100,#FFEEB5
47,29,100,#FFEFB5
48,29,100,#FFF0B5
49,29,100,#FFF1B5
50,29,100,#FFF3B5
51,29,100,#FFF4B5
52,29,100,#FFF5B5
53,29,100,#FFF6B5
54,29,100,#FFF8B5
55,29,100,#FFF9B5
56,29,100,#FFFAB5
57,29,100,#FFFBB5
58,29,100,#FFFDB5
59,29,100,#FFFEB5
60,29,100,#FFFFB5
61,29,100,#FEFFB5
62,29,100,#FDFFB5
63,29,100,#FBFFB5
64,29,100,#FAFFB5
65,29,100,#F9FFB5
66,29,100,#F8FFB5
67,29,100,#F6FFB5
68,29,100,#F5FFB5
69,29,100,#F4FFB5
70,29,100,#F3FFB5
71,29,100,#F1FFB5
72,29,100,#F0FFB5
73,29,100,#EFFFB5
74,29,100,#EEFFB5
75,29,100,#EDFFB5
76,29,100,#EBFFB5
77,29,100,#EAFFB5
78,29,100,#E9FFB5
79,29,100,#E8FFB5
80,29,100,#E6FFB5
81,29,100,#E5FFB5
82,29,100,#E4FFB5
83,29,100,#E3FFB5
84,29,100,#E1FFB5
85,29,100,#E0FFB5
86,29,100,#DFFFB5
87,29,100,#DEFFB5
88,29,100,#DCFFB5
89,29,100,#DBFFB5
90,29,100,#DAFFB5
91,29,100,#D9FFB5
92,29,100,#D8FFB5
93,29,100,#D6FFB5
94,29,100,#D5FFB5
95,29,100,#D4FFB5
96,29,100,#D3FFB5
97,29,100,#D1FFB5
98,29,100,#D0FFB5
99,29,100,#CFFFB5
100,29,100,#CEFFB5
101,29,100,#CCFFB5
102,29,100,#CBFFB5
103,29,100,#CAFFB5
104,29,100,#C9FFB5
105,29,100,#C8FFB5
106,29,100,#C6FFB5
107,29,100,#C5FFB5
108,29,100,#C4FFB5
109,29,100,#C3FFB5
110,29,100,#C1FFB5
111,29,100,#C0FFB5
112,29,100,#BFFFB5
113,29,100,#BEFFB5
114,29,100,#BCFFB5
115,29,100,#BBFFB5
116,29,100,#BAFFB5
117,29,100,#B9FFB5
118,29,100,#B8FFB5
119,29,100,#B6FFB5
120,29,100,#B5FFB5
121,29,100,#B5FFB6
122,29,100,#B5FFB8
123,29,100,#B5FFB9
124,29,100,#B5FFBA
125,29,100,#B5FFBB
126,29,100,#B5FFBC
127,29,100,#B5FFBE
128,29,100,#B5FFBF
129,29,100,#B5FFC0
130,29,100,#B5FFC1
131,29,100,#B5FFC3
132,29,100,#B5FFC4
133,29,100,#B5FFC5
134,29,100,#B5FFC6
135,29,100,#B5FFC8
136,29,100,#B5FFC9
137,29,100,#B5FFCA
138,29,100,#B5FFCB
139,29,100,#B5FFCC
140,29,100,#B5FFCE
141,29,100,#B5FFCF
142,29,100,#B5FFD0
143,29,100,#B5FFD1
144,29,100,#B5FFD3
145,29,100,#B5FFD4
146,29,100,#B5FFD5
147,29,100,#B5FFD6
148,29,100,#B5FFD8
149,29,100,#B5FFD9
150,29,100,#B5FFDA
151,29,100,#B5FFDB
152,29,100,#B5FFDC
153,29,100,#B5FFDE
154,29,100,#B5FFDF
155,29,100,#B5FFE0
156,29,100,#B5FFE1
157,29,100,#B5FFE3
158,29,100,#B5FFE4
159,29,100,#B5FFE5
160,29,100,#B5FFE6
161,29,100,#B5FFE8
162,29,100,#B5FFE9
163,29,100,#B5FFEA
164,29,100,#B5FFEB
165,29,100,#B5FFED
166,29,100,#B5FFEE
167,29,100,#B5FFEF
168,29,100,#B5FFF0
169,29,100,#B5FFF1
170,29,100,#B5FFF3
171,29,100,#B5FFF4
172,29,100,#B5FFF5
173,29,100,#B5FFF6
174,29,100,#B5FFF8
175,29,100,#B5FFF9
176,29,100,#B5FFFA
177,29,100,#B5FFFB
178,29,100,#B5FFFD
179,29,100,#B5FFFE
180,29,100,#B5FFFF
181,29,100,#B5FEFF
182,29,100,#B5FDFF
183,29,100,#B5FBFF
184,29,100,#B5FAFF
185,29,100,#B5F9FF
186,29,100,#B5F8FF
187,29,100,#B5F6FF
188,29,100,#B5F5FF
189,29,100,#B5F4FF
190,29,100,#B5F3FF
191,29,100,#B5F1FF
192,29,100,#B5F0FF
193,29,100,#B5EFFF
194,29,100,#B5EEFF
195,29,100,#B5EDFF
196,29,100,#B5EBFF
197,29,100,#B5EAFF
198,29,100,#B5E9FF
199,29,100,#B5E8FF
200,29,100,#B5E6FF
201,29,100,#B5E5FF
202,29,100,#B5E4FF
203,29,100,#B5E3FF
204,29,100,#B5E1FF
205,29,100,#B5E0FF
206,29,100,#B5DFFF
207,29,100,#B5DEFF
208,29,100,#B5DCFF
209,29,100,#B5DBFF
210,29,100,#B5DAFF
211,29,100,#B5D9FF
212,29,100,#B5D8FF
213,29,100,#B5D6FF
214,29,100,#B5D5FF
215,29,100,#B5D4FF
216,29,100,#B5D3FF
217,29,100,#B5D1FF
218,29,100,#B5D0FF
219,29,100,#B5CFFF
220,29,100,#B5CEFF
221,29,100,#B5CCFF
222,29,100,#B5CBFF
223,29,100,#B5CAFF
224,29,100,#B5C9FF
225,29,100,#B5C8FF
226,29,100,#B5C6FF
227,29,100,#B5C5FF
228,29,100,#B5C4FF
229,29,100,#B5C3FF
230,29,100,#B5C1FF
231,29,100,#B5C0FF
232,29,100,#B5BFFF
233,29,100,#B5BEFF
234,29,100,#B5BCFF
235,29,100,#B5BBFF
236,29,100,#B5BAFF
237,29,100,#B5B9FF
238,29,100,#B5B8FF
239,29,100,#B5B6FF
240,29,100,#B5B5FF
241,29,100,#B6B5FF
242,29,100,#B8B5FF
243,29,100,#B9B5FF
244,29,100,#BAB5FF
245,29,100,#BBB5FF
246,29,100,#BCB5FF
247,29,100,#BEB5FF
248,29,100,#BFB5FF
249,29,100,#C0B5FF
250,29,100,#C1B5FF
251,29,100,#C3B5FF
252,29,100,#C4B5FF
253,29,100,#C5B5FF
254,29,100,#C6B5FF
255,29,100,#C8B5FF
256,29,100,#C9B5FF
257,29,100,#CAB5FF
258,29,100,#CBB5FF
259,29,100,#CCB5FF
260,29,100,#CEB5FF
261,29,100,#CFB5FF
262,29,100,#D0B5FF
263,29,100,#D1B5FF
264,29,100,#D3B5FF
265,29,100,#D4B5FF
266,29,100,#D5B5FF
267,29,100,#D6B5FF
268,29,100,#D8B5FF
269,29,100,#D9B5FF
270,29,100,#DAB5FF
271,29,100,#DBB5FF
272,29,100,#DCB5FF
273,29,100,#DEB5FF
274,29,100,#DFB5FF
275,29,100,#E0B5FF
276,29,100,#E1B5FF
277,29,100,#E3B5FF
278,29,100,#E4B5FF
279,29,100,#E5B5FF
280,29,100,#E6B5FF
281,29,100,#E8B5FF
282,29,100,#E9B5FF
283,29,100,#EAB5FF
284,29,100,#EBB5FF
285,29,100,#EDB5FF
286,29,100,#EEB5FF
287,29,100,#EFB5FF
288,29,100,#F0B5FF
289,29,100,#F1B5FF
290,29,100,#F3B5FF
291,29,100,#F4B5FF
292,29,100,#F5B5FF
293,29,100,#F6B5FF
294,29,100,#F8B5FF
295,29,100,#F9B5FF
296,29,100,#FAB5FF
297,29,100,#FBB5FF
298,29,100,#FDB5FF
299,29,100,#FEB5FF
300,29,100,#FFB5FF
301,29,100,#FFB5FE
302,29,100,#FFB5FD
303,29,100,#FFB5FB
304,29,100,#FFB5FA
305,29,100,#FFB5F9
306,29,100,#FFB5F8
307,29,100,#FFB5F6
308,29,100,#FFB5F5
309,29,100,#FFB5F4
310,29,100,#FFB5F3
311,29,100,#FFB5F1
312,29,100,#FFB5F0
313,29,100,#FFB5EF
314,29,100,#FFB5EE
315,29,100,#FFB5ED
316,29,100,#FFB5EB
317,29,100,#FFB5EA
318,29,100,#FFB5E9
319,29,100,#FFB5E8
320,29,100,#FFB5E6
321,29,100,#FFB5E5
322,29,100,#FFB5E4
323,29,100,#FFB5E3
324,29,100,#FFB5E1
325,29,100,#FFB5E0
326,29,100,#FFB5DF
327,29,100,#FFB5DE
328,29,100,#FFB5DC
329,29,100,#FFB5DB
330,29,100,#FFB5DA
331,29,100,#FFB5D9
332,29,100,#FFB5D8
333,29,100,#FFB5D6
334,29,100,#FFB5D5
335,29,100,#FFB5D4
336,29,100,#FFB5D3
337,29,100,#FFB5D1
338,29,100,#FFB5D0
339,29,100,#FFB5CF
340,29,100,#FFB5CE
341,29,100,#FFB5CC
342,29,100,#FFB5CB
343,29,100,#FFB5CA
344,29,100,#FFB5C9
345,29,100,#FFB5C8
346,29,100,#FFB5C6
347,29,100,#FFB5C5
348,29,100,#FFB5C4
349,29,100,#FFB5C3
350,29,100,#FFB5C1
351,29,100,#FFB5C0
352,29,100,#FFB5BF
353,29,100,#FFB5BE
354,29,100,#FFB5BC
355,29,100,#FFB5BB
356,29,100,#FFB5BA
357,29,100,#FFB5B9
358,29,100,#FFB5B8
359,29,100,#FFB5B6
0,28,100,#FFB8B8
1,28,100,#FFB9B8
2,28,100,#FFBAB8
3,28,100,#FFBBB8
4,28,100,#FFBCB8
5,28,100,#FFBEB8
6,28,100,#FFBFB8
7,28,100,#FFC0B8
8,28,100,#FFC1B8
9,28,100,#FFC2B8
10,28,100,#FFC3B8
11,28,100,#FFC5B8
12,28,100,#FFC6B8
13,28,100,#FFC7B8
14,28,100,#FFC8B8
15,28,100,#FFC9B8
16,28,100,#FFCBB8
17,28,100,#FFCCB8
18,28,100,#FFCDB8
19,28,100,#FFCEB8
20,28,100,#FFCFB8
21,28,100,#FFD1B8
22,28,100,#FFD2B8
23,28,100,#FFD3B8
24,28,100,#FFD4B8
25,28,100,#FFD5B8
26,28,100,#FFD7B8
27,28,100,#FFD8B8
28,28,100,#FFD9B8
29,28,100,#FFDAB8
30,28,100,#FFDBB8
31,28,100,#FFDCB8
32,28,100,#FFDEB8
33,28,100,#FFDFB8
34,28,100,#FFE0B8
35,28,100,#FFE1B8
36,28,100,#FFE2B8
37,28,100,#FFE4B8
38,28,100,#FFE5B8
39,28,100,#FFE6B8
40,28,100,#FFE7B8
41,28,100,#FFE8B8
42,28,100,#FFEAB8
43,28,100,#FFEBB8
44,28,100,#FFECB8
45,28,100,#FFEDB8
46,28,100,#FFEEB8
47,28,100,#FFF0B8
48,28,100,#FFF1B8
49,28,100,#FFF2B8
50,28,100,#FFF3B8
51,28,100,#FFF4B8
52,28,100,#FFF5B8
53,28,100,#FFF7B8
54,28,100,#FFF8B8
55,28,100,#FFF9B8
56,28,100,#FFFAB8
57,28,100,#FFFBB8
58,28,100,#FFFDB8
59,28,100,#FFFEB8
60,28,100,#FFFFB8
61,28,100,#FEFFB8
62,28,100,#FDFFB8
63,28,100,#FBFFB8
64,28,100,#FAFFB8
65,28,100,#F9FFB8
66,28,100,#F8FFB8
67,28,100,#F7FFB8
68,28,100,#F5FFB8
69,28,100,#F4FFB8
70,28,100,#F3FFB8
71,28,100,#F2FFB8
72,28,100,#F1FFB8
73,28,100,#F0FFB8
74,28,100,#EEFFB8
75,28,100,#EDFFB8
76,28,100,#ECFFB8
77,28,100,#EBFFB8
78,28,100,#EAFFB8
79,28,100,#E8FFB8
80,28,100,#E7FFB8
81,28,100,#E6FFB8
82,28,100,#E5FFB8
83,28,100,#E4FFB8
84,28,100,#E2FFB8
85,28,100,#E1FFB8
86,28,100,#E0FFB8
87,28,100,#DFFFB8
88,28,100,#DEFFB8
89,28,100,#DCFFB8
90,28,100,#DBFFB8
91,28,100,#DAFFB8
92,28,100,#D9FFB8
93,28,100,#D8FFB8
94,28,100,#D7FFB8
95,28,100,#D5FFB8
96,28,100,#D4FFB8
97,28,100,#D3FFB8
98,28,100,#D2FFB8
99,28,100,#D1FFB8
100,28,100,#CFFFB8
101,28,100,#CEFFB8
102,28,100,#CDFFB8
103,28,100,#CCFFB8
104,28,100,#CBFFB8
105,28,100,#C9FFB8
106,28,100,#C8FFB8
107,28,100,#C7FFB8
108,28,100,#C6FFB8
109,28,100,#C5FFB8
110,28,100,#C3FFB8
111,28,100,#C2FFB8
112,28,100,#C1FFB8
113,28,100,#C0FFB8
114,28,100,#BFFFB8
115,28,100,#BEFFB8
116,28,100,#BCFFB8
117,28,100,#BBFFB8
118,28,100,#BAFFB8
119,28,100,#B9FFB8
120,28,100,#B8FFB8
121,28,100,#B8FFB9
122,28,100,#B8FFBA
123,28,100,#B8FFBB
124,28,100,#B8FFBC
125,28,100,#B8FFBE
126,28,100,#B8FFBF
127,28,100,#B8FFC0
128,28,100,#B8FFC1
129,28,100,#B8FFC2
130,28,100,#B8FFC3
131,28,100,#B8FFC5
132,28,100,#B8FFC6
133,28,100,#B8FFC7
134,28,100,#B8FFC8
135,28,100,#B8FFC9
136,28,100,#B8FFCB
137,28,100,#B8FFCC
138,28,100,#B8FFCD
139,28,100,#B8FFCE
140,28,100,#B8FFCF
141,28,100,#B8FFD1
142,28,100,#B8FFD2
143,28,100,#B8FFD3
144,28,100,#B8FFD4
145,28,100,#B8FFD5
146,28,100,#B8FFD7
147,28,100,#B8FFD8
148,28,100,#B8FFD9
149,28,100,#B8FFDA
150,28,100,#B8FFDB
151,28,100,#B8FFDC
152,28,100,#B8FFDE
153,28,100,#B8FFDF
154,28,100,#B8FFE0
155,28,100,#B8FFE1
156,28,100,#B8FFE2
157,28,100,#B8FFE4
158,28,100,#B8FFE5
159,28,100,#B8FFE6
160,28,100,#B8FFE7
161,28,100,#B8FFE8
162,28,100,#B8FFEA
163,28,100,#B8FFEB
164,28,100,#B8FFEC
165,28,100,#B8FFED
166,28,100,#B8FFEE
167,28,100,#B8FFF0
168,28,100,#B8FFF1
169,28,100,#B8FFF2
170,28,100,#B8FFF3
171,28,100,#B8FFF4
172,28,100,#B8FFF5
173,28,100,#B8FFF7
174,28,100,#B8FFF8
175,28,100,#B8FFF9
176,28,100,#B8FFFA
177,28,100,#B8FFFB
178,28,100,#B8FFFD
179,28,100,#B8FFFE
180,28,100,#B8FFFF
181,28,100,#B8FEFF
182,28,100,#B8FDFF
183,28,100,#B8FBFF
184,28,100,#B8FAFF
185,28,100,#B8F9FF
186,28,100,#B8F8FF
187,28,100,#B8F7FF
188,28,100,#B8F5FF
189,28,100,#B8F4FF
190,28,100,#B8F3FF
191,28,100,#B8F2FF
192,28,100,#B8F1FF
193,28,100,#B8F0FF
194,28,100,#B8EEFF
195,28,100,#B8EDFF
196,28,100,#B8ECFF
197,28,100,#B8EBFF
198,28,100,#B8EAFF
199,28,100,#B8E8FF
200,28,100,#B8E7FF
201,28,100,#B8E6FF
202,28,100,#B8E5FF
203,28,100,#B8E4FF
204,28,100,#B8E2FF
205,28,100,#B8E1FF
206,28,100,#B8E0FF
207,28,100,#B8DFFF
208,28,100,#B8DEFF
209,28,100,#B8DCFF
210,28,100,#B8DBFF
211,28,100,#B8DAFF
212,28,100,#B8D9FF
213,28,100,#B8D8FF
214,28,100,#B8D7FF
215,28,100,#B8D5FF
216,28,100,#B8D4FF
217,28,100,#B8D3FF
218,28,100,#B8D2FF
219,28,100,#B8D1FF
220,28,100,#B8CFFF
221,28,100,#B8CEFF
222,28,100,#B8CDFF
223,28,100,#B8CCFF
224,28,100,#B8CBFF
225,28,100,#B8C9FF
226,28,100,#B8C8FF
227,28,100,#B8C7FF
228,28,100,#B8C6FF
229,28,100,#B8C5FF
230,28,100,#B8C4FF
231,28,100,#B8C2FF
232,28,100,#B8C1FF
233,28,100,#B8C0FF
234,28,100,#B8BFFF
235,28,100,#B8BEFF
236,28,100,#B8BCFF
237,28,100,#B8BBFF
238,28,100,#B8BAFF
239,28,100,#B8B9FF
240,28,100,#B8B8FF
241,28,100,#B9B8FF
242,28,100,#BAB8FF
243,28,100,#BBB8FF
244,28,100,#BCB8FF
245,28,100,#BEB8FF
246,28,100,#BFB8FF
247,28,100,#C0B8FF
248,28,100,#C1B8FF
249,28,100,#C2B8FF
250,28,100,#C3B8FF
251,28,100,#C5B8FF
252,28,100,#C6B8FF
253,28,100,#C7B8FF
254,28,100,#C8B8FF
255,28,100,#C9B8FF
256,28,100,#CBB8FF
257,28,100,#CCB8FF
258,28,100,#CDB8FF
259,28,100,#CEB8FF
260,28,100,#CFB8FF
261,28,100,#D1B8FF
262,28,100,#D2B8FF
263,28,100,#D3B8FF
264,28,100,#D4B8FF
265,28,100,#D5B8FF
266,28,100,#D7B8FF
267,28,100,#D8B8FF
268,28,100,#D9B8FF
269,28,100,#DAB8FF
270,28,100,#DBB8FF
271,28,100,#DCB8FF
272,28,100,#DEB8FF
273,28,100,#DFB8FF
274,28,100,#E0B8FF
275,28,100,#E1B8FF
276,28,100,#E2B8FF
277,28,100,#E4B8FF
278,28,100,#E5B8FF
279,28,100,#E6B8FF
280,28,100,#E7B8FF
281,28,100,#E8B8FF
282,28,100,#EAB8FF
283,28,100,#EBB8FF
284,28,100,#ECB8FF
285,28,100,#EDB8FF
286,28,100,#EEB8FF
287,28,100,#F0B8FF
288,28,100,#F1B8FF
289,28,100,#F2B8FF
290,28,100,#F3B8FF
291,28,100,#F4B8FF
292,28,100,#F5B8FF
293,28,100,#F7B8FF
294,28,100,#F8B8FF
295,28,100,#F9B8FF
296,28,100,#FAB8FF
297,28,100,#FBB8FF
298,28,100,#FDB8FF
299,28,100,#FEB8FF
300,28,100,#FFB8FF
301,28,100,#FFB8FE
302,28,100,#FFB8FD
303,28,100,#FFB8FB
304,28,100,#FFB8FA
305,28,100,#FFB8F9
306,28,100,#FFB8F8
307,28,100,#FFB8F7
308,28,100,#FFB8F5
309,28,100,#FFB8F4
310,28,100,#FFB8F3
311,28,100,#FFB8F2
312,28,100,#FFB8F1
313,28,100,#FFB8F0
314,28,100,#FFB8EE
315,28,100,#FFB8ED
316,28,100,#FFB8EC
317,28,100,#FFB8EB
318,28,100,#FFB8EA
319,28,100,#FFB8E8
320,28,100,#FFB8E7
321,28,100,#FFB8E6
322,28,100,#FFB8E5
323,28,100,#FFB8E4
324,28,100,#FFB8E2
325,28,100,#FFB8E1
326,28,100,#FFB8E0
327,28,100,#FFB8DF
328,28,100,#FFB8DE
329,28,100,#FFB8DC
330,28,100,#FFB8DB
331,28,100,#FFB8DA
332,28,100,#FFB8D9
333,28,100,#FFB8D8
334,28,100,#FFB8D7
335,28,100,#FFB8D5
336,28,100,#FFB8D4
337,28,100,#FFB8D3
338,28,100,#FFB8D2
339,28,100,#FFB8D1
340,28,100,#FFB8CF
341,28,100,#FFB8CE
342,28,100,#FFB8CD
343,28,100,#FFB8CC
344,28,100,#FFB8CB
345,28,100,#FFB8C9
346,28,100,#FFB8C8
347,28,100,#FFB8C7
348,28,100,#FFB8C6
349,28,100,#FFB8C5
350,28,100,#FFB8C4
351,28,100,#FFB8C2
352,28,100,#FFB8C1
353,28,100,#FFB8C0
354,28,100,#FFB8BF
355,28,100,#FFB8BE
356,28,100,#FFB8BC
357,28,100,#FFB8BB
358,28,100,#FFB8BA
359,28,100,#FFB8B9
0,27,100,#FFBABA
1,27,100,#FFBBBA
2,27,100,#FFBCBA
3,27,100,#FFBEBA
4,27,100,#FFBFBA
5,27,100,#FFC0BA
6,27,100,#FFC1BA
7,27,100,#FFC2BA
8,27,100,#FFC3BA
9,27,100,#FFC4BA
10,27,100,#FFC6BA
11,27,100,#FFC7BA
12,27,100,#FFC8BA
13,27,100,#FFC9BA
14,27,100,#FFCABA
15,27,100,#FFCBBA
16,27,100,#FFCDBA
17,27,100,#FFCEBA
18,27,100,#FFCFBA
19,27,100,#FFD0BA
20,27,100,#FFD1BA
21,27,100,#FFD2BA
22,27,100,#FFD3BA
23,27,100,#FFD5BA
24,27,100,#FFD6BA
25,27,100,#FFD7BA
26,27,100,#FFD8BA
27,27,100,#FFD9BA
28,27,100,#FFDABA
29,27,100,#FFDBBA
30,27,100,#FFDDBA
31,27,100,#FFDEBA
32,27,100,#FFDFBA
33,27,100,#FFE0BA
34,27,100,#FFE1BA
35,27,100,#FFE2BA
36,27,100,#FFE3BA
37,27,100,#FFE5BA
38,27,100,#FFE6BA
39,27,100,#FFE7BA
40,27,100,#FFE8BA
41,27,100,#FFE9BA
42,27,100,#FFEABA
43,27,100,#FFEBBA
44,27,100,#FFEDBA
45,27,100,#FFEEBA
46,27,100,#FFEFBA
47,27,100,#FFF0BA
48,27,100,#FFF1BA
49,27,100,#FFF2BA
50,27,100,#FFF4BA
51,27,100,#FFF5BA
52,27,100,#FFF6BA
53,27,100,#FFF7BA
54,27,100,#FFF8BA
55,27,100,#FFF9BA
56,27,100,#FFFABA
57,27,100,#FFFCBA
58,27,100,#FFFDBA
59,27,100,#FFFEBA
60,27,100,#FFFFBA
61,27,100,#FEFFBA
62,27,100,#FDFFBA
63,27,100,#FCFFBA
64,27,100,#FAFFBA
65,27,100,#F9FFBA
66,27,100,#F8FFBA
67,27,100,#F7FFBA
68,27,100,#F6FFBA
69,27,100,#F5FFBA
70,27,100,#F4FFBA
71,27,100,#F2FFBA
72,27,100,#F1FFBA
73,27,100,#F0FFBA
74,27,100,#EFFFBA
75,27,100,#EEFFBA
76,27,100,#EDFFBA
77,27,100,#EBFFBA
78,27,100,#EAFFBA
79,27,100,#E9FFBA
80,27,100,#E8FFBA
81,27,100,#E7FFBA
82,27,100,#E6FFBA
83,27,100,#E5FFBA
84,27,100,#E3FFBA
85,27,100,#E2FFBA
86,27,100,#E1FFBA
87,27,100,#E0FFBA
88,27,100,#DFFFBA
89,27,100,#DEFFBA
90,27,100,#DDFFBA
91,27,100,#DBFFBA
92,27,100,#DAFFBA
93,27,100,#D9FFBA
94,27,100,#D8FFBA
95,27,100,#D7FFBA
96,27,100,#D6FFBA
97,27,100,#D5FFBA
98,27,100,#D3FFBA
99,27,100,#D2FFBA
100,27,100,#D1FFBA
101,27,100,#D0FFBA
102,27,100,#CFFFBA
103,27,100,#CEFFBA
104,27,100,#CDFFBA
105,27,100,#CBFFBA
106,27,100,#CAFFBA
107,27,100,#C9FFBA
108,27,100,#C8FFBA
109,27,100,#C7FFBA
110,27,100,#C6FFBA
111,27,100,#C4FFBA
112,27,100,#C3FFBA
113,27,100,#C2FFBA
114,27,100,#C1FFBA
115,27,100,#C0FFBA
116,27,100,#BFFFBA
117,27,100,#BEFFBA
118,27,100,#BCFFBA
119,27,100,#BBFFBA
120,27,100,#BAFFBA
121,27,100,#BAFFBB
122,27,100,#BAFFBC
123,27,100,#BAFFBE
124,27,100,#BAFFBF
125,27,100,#BAFFC0
126,27,100,#BAFFC1
127,27,100,#BAFFC2
128,27,100,#BAFFC3
129,27,100,#BAFFC4
130,27,100,#BAFFC6
131,27,100,#BAFFC7
132,27,100,#BAFFC8
133,27,100,#BAFFC9
134,27,100,#BAFFCA
135,27,100,#BAFFCB
136,27,100,#BAFFCD
137,27,100,#BAFFCE
138,27,100,#BAFFCF
139,27,100,#BAFFD0
140,27,100,#BAFFD1
141,27,100,#BAFFD2
142,27,100,#BAFFD3
143,27,100,#BAFFD5
144,27,100,#BAFFD6
145,27,100,#BAFFD7
146,27,100,#BAFFD8
147,27,100,#BAFFD9
148,27,100,#BAFFDA
149,27,100,#BAFFDB
150,27,100,#BAFFDD
151,27,100,#BAFFDE
152,27,100,#BAFFDF
153,27,100,#BAFFE0
154,27,100,#BAFFE1
155,27,100,#BAFFE2
156,27,100,#BAFFE3
157,27,100,#BAFFE5
158,27,100,#BAFFE6
159,27,100,#BAFFE7
160,27,100,#BAFFE8
161,27,100,#BAFFE9
162,27,100,#BAFFEA
163,27,100,#BAFFEB
164,27,100,#BAFFED
165,27,100,#BAFFEE
166,27,100,#BAFFEF
167,27,100,#BAFFF0
168,27,100,#BAFFF1
169,27,100,#BAFFF2
170,27,100,#BAFFF4
171,27,100,#BAFFF5
172,27,100,#BAFFF6
173,27,100,#BAFFF7
174,27,100,#BAFFF8
175,27,100,#BAFFF9
176,27,100,#BAFFFA
177,27,100,#BAFFFC
178,27,100,#BAFFFD
179,27,100,#BAFFFE
180,27,100,#BAFFFF
181,27,100,#BAFEFF
182,27,100,#BAFDFF
183,27,100,#BAFCFF
184,27,100,#BAFAFF
185,27,100,#BAF9FF
186,27,100,#BAF8FF
187,27,100,#BAF7FF
188,27,100,#BAF6FF
189,27,100,#BAF5FF
190,27,100,#BAF4FF
191,27,100,#BAF2FF
192,27,100,#BAF1FF
193,27,100,#BAF0FF
194,27,100,#BAEFFF
195,27,100,#BAEEFF
196,27,100,#BAEDFF
197,27,100,#BAEBFF
198,27,100,#BAEAFF
199,27,100,#BAE9FF
200,27,100,#BAE8FF
201,27,100,#BAE7FF
202,27,100,#BAE6FF
203,27,100,#BAE5FF
204,27,100,#BAE3FF
205,27,100,#BAE2FF
206,27,100,#BAE1FF
207,27,100,#BAE0FF
208,27,100,#BADFFF
209,27,100,#BADEFF
210,27,100,#BADDFF
211,27,100,#BADBFF
212,27,100,#BADAFF
213,27,100,#BAD9FF
214,27,100,#BAD8FF
215,27,100,#BAD7FF
216,27,100,#BAD6FF
217,27,100,#BAD5FF
218,27,100,#BAD3FF
219,27,100,#BAD2FF
220,27,100,#BAD1FF
221,27,100,#BAD0FF
222,27,100,#BACFFF
223,27,100,#BACEFF
224,27,100,#BACDFF
225,27,100,#BACBFF
226,27,100,#BACAFF
227,27,100,#BAC9FF
228,27,100,#BAC8FF
229,27,100,#BAC7FF
230,27,100,#BAC6FF
231,27,100,#BAC4FF
232,27,100,#BAC3FF
233,27,100,#BAC2FF
234,27,100,#BAC1FF
235,27,100,#BAC0FF
236,27,100,#BABFFF
237,27,100,#BABEFF
238,27,100,#BABCFF
239,27,100,#BABBFF
240,27,100,#BABAFF
241,27,100,#BBBAFF
242,27,100,#BCBAFF
243,27,100,#BEBAFF
244,27,100,#BFBAFF
245,27,100,#C0BAFF
246,27,100,#C1BAFF
247,27,100,#C2BAFF
248,27,100,#C3BAFF
249,27,100,#C4BAFF
250,27,100,#C6BAFF
251,27,100,#C7BAFF
252,27,100,#C8BAFF
253,27,100,#C9BAFF
254,27,100,#CABAFF
255,27,100,#CBBAFF
256,27,100,#CDBAFF
257,27,100,#CEBAFF
258,27,100,#CFBAFF
259,27,100,#D0BAFF
260,27,100,#D1BAFF
261,27,100,#D2BAFF
262,27,100,#D3BAFF
263,27,100,#D5BAFF
264,27,100,#D6BAFF
265,27,100,#D7BAFF
266,27,100,#D8BAFF
267,27,100,#D9BAFF
268,27,100,#DABAFF
269,27,100,#DBBAFF
270,27,100,#DDBAFF
271,27,100,#DEBAFF
272,27,100,#DFBAFF
273,27,100,#E0BAFF
274,27,100,#E1BAFF
275,27,100,#E2BAFF
276,27,100,#E3BAFF
277,27,100,#E5BAFF
278,27,100,#E6BAFF
279,27,100,#E7BAFF
280,27,100,#E8BAFF
281,27,100,#E9BAFF
282,27,100,#EABAFF
283,27,100,#EBBAFF
284,27,100,#EDBAFF
285,27,100,#EEBAFF
286,27,100,#EFBAFF
287,27,100,#F0BAFF
288,27,100,#F1BAFF
289,27,100,#F2BAFF
290,27,100,#F4BAFF
291,27,100,#F5BAFF
292,27,100,#F6BAFF
293,27,100,#F7BAFF
294,27,100,#F8BAFF
295,27,100,#F9BAFF
296,27,100,#FABAFF
297,27,100,#FCBAFF
298,27,100,#FDBAFF
299,27,100,#FEBAFF
300,27,100,#FFBAFF
301,27,100,#FFBAFE
302,27,100,#FFBAFD
303,27,100,#FFBAFC
304,27,100,#FFBAFA
305,27,100,#FFBAF9
306,27,100,#FFBAF8
307,27,100,#FFBAF7
308,27,100,#FFBAF6
309,27,100,#FFBAF5
310,27,100,#FFBAF4
311,27,100,#FFBAF2
312,27,100,#FFBAF1
313,27,100,#FFBAF0
314,27,100,#FFBAEF
315,27,100,#FFBAEE
316,27,100,#FFBAED
317,27,100,#FFBAEB
318,27,100,#FFBAEA
319,27,100,#FFBAE9
320,27,100,#FFBAE8
321,27,100,#FFBAE7
322,27,100,#FFBAE6
323,27,100,#FFBAE5
324,27,100,#FFBAE3
325,27,100,#FFBAE2
326,27,100,#FFBAE1
327,27,100,#FFBAE0
328,27,100,#FFBADF
329,27,100,#FFBADE
330,27,100,#FFBADD
331,27,100,#FFBADB
332,27,100,#FFBADA
333,27,100,#FFBAD9
334,27,100,#FFBAD8
335,27,100,#FFBAD7
336,27,100,#FFBAD6
337,27,100,#FFBAD5
338,27,100,#FFBAD3
339,27,100,#FFBAD2
340,27,100,#FFBAD1
341,27,100,#FFBAD0
342,27,100,#FFBACF
343,27,100,#FFBACE
344,27,100,#FFBACD
345,27,100,#FFBACB
346,27,100,#FFBACA
347,27,100,#FFBAC9
348,27,100,#FFBAC8
349,27,100,#FFBAC7
350,27,100,#FFBAC6
351,27,100,#FFBAC4
352,27,100,#FFBAC3
353,27,100,#FFBAC2
354,27,100,#FFBAC1
355,27,100,#FFBAC0
356,27,100,#FFBABF
357,27,100,#FFBABE
358,27,100,#FFBABC
359,27,100,#FFBABB
0,26,100,#FFBDBD
1,26,100,#FFBEBD
2,26,100,#FFBFBD
3,26,100,#FFC0BD
4,26,100,#FFC1BD
5,26,100,#FFC2BD
6,26,100,#FFC3BD
7,26,100,#FFC4BD
8,26,100,#FFC6BD
9,26,100,#FFC7BD
10,26,100,#FFC8BD
11,26,100,#FFC9BD
12,26,100,#FFCABD
13,26,100,#FFCBBD
14,26,100,#FFCCBD
15,26,100,#FFCDBD
16,26,100,#FFCEBD
17,26,100,#FFCFBD
18,26,100,#FFD1BD
19,26,100,#FFD2BD
20,26,100,#FFD3BD
21,26,100,#FFD4BD
22,26,100,#FFD5BD
23,26,100,#FFD6BD
24,26,100,#FFD7BD
25,26,100,#FFD8BD
26,26,100,#FFD9BD
27,26,100,#FFDBBD
28,26,100,#FFDCBD
29,26,100,#FFDDBD
30,26,100,#FFDEBD
31,26,100,#FFDFBD
32,26,100,#FFE0BD
33,26,100,#FFE1BD
34,26,100,#FFE2BD
35,26,100,#FFE3BD
36,26,100,#FFE4BD
37,26,100,#FFE6BD
38,26,100,#FFE7BD
39,26,100,#FFE8BD
40,26,100,#FFE9BD
41,26,100,#FFEABD
42,26,100,#FFEBBD
43,26,100,#FFECBD
44,26,100,#FFEDBD
45,26,100,#FFEEBD
46,26,100,#FFF0BD
47,26,100,#FFF1BD
48,26,100,#FFF2BD
49,26,100,#FFF3BD
50,26,100,#FFF4BD
51,26,100,#FFF5BD
52,26,100,#FFF6BD
53,26,100,#FFF7BD
54,26,100,#FFF8BD
55,26,100,#FFF9BD
56,26,100,#FFFBBD
57,26,100,#FFFCBD
58,26,100,#FFFDBD
59,26,100,#FFFEBD
60,26,100,#FFFFBD
61,26,100,#FEFFBD
62,26,100,#FDFFBD
63,26,100,#FCFFBD
64,26,100,#FBFFBD
65,26,100,#F9FFBD
66,26,100,#F8FFBD
67,26,100,#F7FFBD
68,26,100,#F6FFBD
69,26,100,#F5FFBD
70,26,100,#F4FFBD
71,26,100,#F3FFBD
72,26,100,#F2FFBD
73,26,100,#F1FFBD
74,26,100,#F0FFBD
75,26,100,#EEFFBD
76,26,100,#EDFFBD
77,26,100,#ECFFBD
78,26,100,#EBFFBD
79,26,100,#EAFFBD
80,26,100,#E9FFBD
81,26,100,#E8FFBD
82,26,100,#E7FFBD
83,26,100,#E6FFBD
84,26,100,#E4FFBD
85,26,100,#E3FFBD
86,26,100,#E2FFBD
87,26,100,#E1FFBD
88,26,100,#E0FFBD
89,26,100,#DFFFBD
90,26,100,#DEFFBD
91,26,100,#DDFFBD
92,26,100,#DCFFBD
93,26,100,#DBFFBD
94,26,100,#D9FFBD
95,26,100,#D8FFBD
96,26,100,#D7FFBD
97,26,100,#D6FFBD
98,26,100,#D5FFBD
99,26,100,#D4FFBD
100,26,100,#D3FFBD
101,26,100,#D2FFBD
102,26,100,#D1FFBD
103,26,100,#CFFFBD
104,26,100,#CEFFBD
105,26,100,#CDFFBD
106,26,100,#CCFFBD
107,26,100,#CBFFBD
108,26,100,#CAFFBD
109,26,100,#C9FFBD
110,26,100,#C8FFBD
111,26,100,#C7FFBD
112,26,100,#C6FFBD
113,26,100,#C4FFBD
114,26,100,#C3FFBD
115,26,100,#C2FFBD
116,26,100,#C1FFBD
117,26,100,#C0FFBD
118,26,100,#BFFFBD
119,26,100,#BEFFBD
120,26,100,#BDFFBD
121,26,100,#BDFFBE
122,26,100,#BDFFBF
123,26,100,#BDFFC0
124,26,100,#BDFFC1
125,26,100,#BDFFC2
126,26,100,#BDFFC3
127,26,100,#BDFFC4
128,26,100,#BDFFC6
129,26,100,#BDFFC7
130,26,100,#BDFFC8
131,26,100,#BDFFC9
132,26,100,#BDFFCA
133,26,100,#BDFFCB
134,26,100,#BDFFCC
135,26,100,#BDFFCD
136,26,100,#BDFFCE
137,26,100,#BDFFCF
138,26,100,#BDFFD1
139,26,100,#BDFFD2
140,26,100,#BDFFD3
141,26,100,#BDFFD4
142,26,100,#BDFFD5
143,26,100,#BDFFD6
144,26,100,#BDFFD7
145,26,100,#BDFFD8
146,26,100,#BDFFD9
147,26,100,#BDFFDB
148,26,100,#BDFFDC
149,26,100,#BDFFDD
150,26,100,#BDFFDE
151,26,100,#BDFFDF
152,26,100,#BDFFE0
153,26,100,#BDFFE1
154,26,100,#BDFFE2
155,26,100,#BDFFE3
156,26,100,#BDFFE4
157,26,100,#BDFFE6
158,26,100,#BDFFE7
159,26,100,#BDFFE8
160,26,100,#BDFFE9
161,26,100,#BDFFEA
162,26,100,#BDFFEB
163,26,100,#BDFFEC
164,26,100,#BDFFED
165,26,100,#BDFFEE
166,26,100,#BDFFF0
167,26,100,#BDFFF1
168,26,100,#BDFFF2
169,26,100,#BDFFF3
170,26,100,#BDFFF4
171,26,100,#BDFFF5
172,26,100,#BDFFF6
173,26,100,#BDFFF7
174,26,100,#BDFFF8
175,26,100,#BDFFF9
176,26,100,#BDFFFB
177,26,100,#BDFFFC
178,26,100,#BDFFFD
179,26,100,#BDFFFE
180,26,100,#BDFFFF
181,26,100,#BDFEFF
182,26,100,#BDFDFF
183,26,100,#BDFCFF
184,26,100,#BDFBFF
185,26,100,#BDF9FF
186,26,100,#BDF8FF
187,26,100,#BDF7FF
188,26,100,#BDF6FF
189,26,100,#BDF5FF
190,26,100,#BDF4FF
191,26,100,#BDF3FF
192,26,100,#BDF2FF
193,26,100,#BDF1FF
194,26,100,#BDF0FF
195,26,100,#BDEEFF
196,26,100,#BDEDFF
197,26,100,#BDECFF
198,26,100,#BDEBFF
199,26,100,#BDEAFF
200,26,100,#BDE9FF
201,26,100,#BDE8FF
202,26,100,#BDE7FF
203,26,100,#BDE6FF
204,26,100,#BDE4FF
205,26,100,#BDE3FF
206,26,100,#BDE2FF
207,26,100,#BDE1FF
208,26,100,#BDE0FF
209,26,100,#BDDFFF
210,26,100,#BDDEFF
211,26,100,#BDDDFF
212,26,100,#BDDCFF
213,26,100,#BDDBFF
214,26,100,#BDD9FF
215,26,100,#BDD8FF
216,26,100,#BDD7FF
217,26,100,#BDD6FF
218,26,100,#BDD5FF
219,26,100,#BDD4FF
220,26,100,#BDD3FF
221,26,100,#BDD2FF
222,26,100,#BDD1FF
223,26,100,#BDCFFF
224,26,100,#BDCEFF
225,26,100,#BDCDFF
226,26,100,#BDCCFF
227,26,100,#BDCBFF
228,26,100,#BDCAFF
229,26,100,#BDC9FF
230,26,100,#BDC8FF
231,26,100,#BDC7FF
232,26,100,#BDC6FF
233,26,100,#BDC4FF
234,26,100,#BDC3FF
235,26,100,#BDC2FF
236,26,100,#BDC1FF
237,26,100,#BDC0FF
238,26,100,#BDBFFF
239,26,100,#BDBEFF
240,26,100,#BDBDFF
241,26,100,#BEBDFF
242,26,100,#BFBDFF
243,26,100,#C0BDFF
244,26,100,#C1BDFF
245,26,100,#C2BDFF
246,26,100,#C3BDFF
247,26,100,#C4BDFF
248,26,100,#C6BDFF
249,26,100,#C7BDFF
250,26,100,#C8BDFF
251,26,100,#C9BDFF
252,26,100,#CABDFF
253,26,100,#CBBDFF
254,26,100,#CCBDFF
255,26,100,#CDBDFF
256,26,100,#CEBDFF
257,26,100,#CFBDFF
258,26,100,#D1BDFF
259,26,100,#D2BDFF
260,26,100,#D3BDFF
261,26,100,#D4BDFF
262,26,100,#D5BDFF
263,26,100,#D6BDFF
264,26,100,#D7BDFF
265,26,100,#D8BDFF
266,26,100,#D9BDFF
267,26,100,#DBBDFF
268,26,100,#DCBDFF
269,26,100,#DDBDFF
270,26,100,#DEBDFF
271,26,100,#DFBDFF
272,26,100,#E0BDFF
273,26,100,#E1BDFF
274,26,100,#E2BDFF
275,26,100,#E3BDFF
276,26,100,#E4BDFF
277,26,100,#E6BDFF
278,26,100,#E7BDFF
279,26,100,#E8BDFF
280,26,100,#E9BDFF
281,26,100,#EABDFF
282,26,100,#EBBDFF
283,26,100,#ECBDFF
284,26,100,#EDBDFF
285,26,100,#EEBDFF
286,26,100,#F0BDFF
287,26,100,#F1BDFF
288,26,100,#F2BDFF
289,26,100,#F3BDFF
290,26,100,#F4BDFF
291,26,100,#F5BDFF
292,26,100,#F6BDFF
293,26,100,#F7BDFF
294,26,100,#F8BDFF
295,26,100,#F9BDFF
296,26,100,#FBBDFF
297,26,100,#FCBDFF
298,26,100,#FDBDFF
299,26,100,#FEBDFF
300,26,100,#FFBDFF
301,26,100,#FFBDFE
302,26,100,#FFBDFD
303,26,100,#FFBDFC
304,26,100,#FFBDFB
305,26,100,#FFBDF9
306,26,100,#FFBDF8
307,26,100,#FFBDF7
308,26,100,#FFBDF6
309,26,100,#FFBDF5
310,26,100,#FFBDF4
311,26,100,#FFBDF3
312,26,100,#FFBDF2
313,26,100,#FFBDF1
314,26,100,#FFBDF0
315,26,100,#FFBDEE
316,26,100,#FFBDED
317,26,100,#FFBDEC
318,26,100,#FFBDEB
319,26,100,#FFBDEA
320,26,100,#FFBDE9
321,26,100,#FFBDE8
322,26,100,#FFBDE7
323,26,100,#FFBDE6
324,26,100,#FFBDE4
325,26,100,#FFBDE3
326,26,100,#FFBDE2
327,26,100,#FFBDE1
328,26,100,#FFBDE0
329,26,100,#FFBDDF
330,26,100,#FFBDDE
331,26,100,#FFBDDD
332,26,100,#FFBDDC
333,26,100,#FFBDDB
334,26,100,#FFBDD9
335,26,100,#FFBDD8
336,26,100,#FFBDD7
337,26,100,#FFBDD6
338,26,100,#FFBDD5
339,26,100,#FFBDD4
340,26,100,#FFBDD3
341,26,100,#FFBDD2
342,26,100,#FFBDD1
343,26,100,#FFBDCF
344,26,100,#FFBDCE
345,26,100,#FFBDCD
346,26,100,#FFBDCC
347,26,100,#FFBDCB
348,26,100,#FFBDCA
349,26,100,#FFBDC9
350,26,100,#FFBDC8
351,26,100,#FFBDC7
352,26,100,#FFBDC6
353,26,100,#FFBDC4
354,26,100,#FFBDC3
355,26,100,#FFBDC2
356,26,100,#FFBDC1
357,26,100,#FFBDC0
358,26,100,#FFBDBF
359,26,100,#FFBDBE
0,25,100,#FFBFBF
1,25,100,#FFC0BF
2,25,100,#FFC1BF
3,25,100,#FFC2BF
4,25,100,#FFC3BF
5,25,100,#FFC5BF
6,25,100,#FFC6BF
7,25,100,#FFC7BF
8,25,100,#FFC8BF
9,25,100,#FFC9BF
10,25,100,#FFCABF
11,25,100,#FFCBBF
12,25,100,#FFCCBF
13,25,100,#FFCDBF
14,25,100,#FFCEBF
15,25,100,#FFCFBF
16,25,100,#FFD0BF
17,25,100,#FFD1BF
18,25,100,#FFD2BF
19,25,100,#FFD3BF
20,25,100,#FFD4BF
21,25,100,#FFD6BF
22,25,100,#FFD7BF
23,25,100,#FFD8BF
24,25,100,#FFD9BF
25,25,100,#FFDABF
26,25,100,#FFDBBF
27,25,100,#FFDCBF
28,25,100,#FFDDBF
29,25,100,#FFDEBF
30,25,100,#FFDFBF
31,25,100,#FFE0BF
32,25,100,#FFE1BF
33,25,100,#FFE2BF
34,25,100,#FFE3BF
35,25,100,#FFE4BF
36,25,100,#FFE6BF
37,25,100,#FFE7BF
38,25,100,#FFE8BF
39,25,100,#FFE9BF
40,25,100,#FFEABF
41,25,100,#FFEBBF
42,25,100,#FFECBF
43,25,100,#FFEDBF
44,25,100,#FFEEBF
45,25,100,#FFEFBF
46,25,100,#FFF0BF
47,25,100,#FFF1BF
48,25,100,#FFF2BF
49,25,100,#FFF3BF
50,25,100,#FFF4BF
51,25,100,#FFF5BF
52,25,100,#FFF7BF
53,25,100,#FFF8BF
54,25,100,#FFF9BF
55,25,100,#FFFABF
56,25,100,#FFFBBF
57,25,100,#FFFCBF
58,25,100,#FFFDBF
59,25,100,#FFFEBF
60,25,100,#FFFFBF
61,25,100,#FEFFBF
62,25,100,#FDFFBF
63,25,100,#FCFFBF
64,25,100,#FBFFBF
65,25,100,#FAFFBF
66,25,100,#F9FFBF
67,25,100,#F8FFBF
68,25,100,#F7FFBF
69,25,100,#F5FFBF
70,25,100,#F4FFBF
71,25,100,#F3FFBF
72,25,100,#F2FFBF
73,25,100,#F1FFBF
74,25,100,#F0FFBF
75,25,100,#EFFFBF
76,25,100,#EEFFBF
77,25,100,#EDFFBF
78,25,100,#ECFFBF
79,25,100,#EBFFBF
80,25,100,#EAFFBF
81,25,100,#E9FFBF
82,25,100,#E8FFBF
83,25,100,#E7FFBF
84,25,100,#E6FFBF
85,25,100,#E4FFBF
86,25,100,#E3FFBF
87,25,100,#E2FFBF
88,25,100,#E1FFBF
89,25,100,#E0FFBF
90,25,100,#DFFFBF
91,25,100,#DEFFBF
92,25,100,#DDFFBF
93,25,100,#DCFFBF
94,25,100,#DBFFBF
95,25,100,#DAFFBF
96,25,100,#D9FFBF
97,25,100,#D8FFBF
98,25,100,#D7FFBF
99,25,100,#D6FFBF
100,25,100,#D4FFBF
101,25,100,#D3FFBF
102,25,100,#D2FFBF
103,25,100,#D1FFBF
104,25,100,#D0FFBF
105,25,100,#CFFFBF
106,25,100,#CEFFBF
107,25,100,#CDFFBF
108,25,100,#CCFFBF
109,25,100,#CBFFBF
110,25,100,#CAFFBF
111,25,100,#C9FFBF
112,25,100,#C8FFBF
113,25,100,#C7FFBF
114,25,100,#C6FFBF
115,25,100,#C5FFBF
116,25,100,#C3FFBF
117,25,100,#C2FFBF
118,25,100,#C1FFBF
119,25,100,#C0FFBF
120,25,100,#BFFFBF
121,25,100,#BFFFC0
122,25,100,#BFFFC1
123,25,100,#BFFFC2
124,25,100,#BFFFC3
125,25,100,#BFFFC5
126,25,100,#BFFFC6
127,25,100,#BFFFC7
128,25,100,#BFFFC8
129,25,100,#BFFFC9
130,25,100,#BFFFCA
131,25,100,#BFFFCB
132,25,100,#BFFFCC
133,25,100,#BFFFCD
134,25,100,#BFFFCE
135,25,100,#BFFFCF
136,25,100,#BFFFD0
137,25,100,#BFFFD1
138,25,100,#BFFFD2
139,25,100,#BFFFD3
140,25,100,#BFFFD5
141,25,100,#BFFFD6
142,25,100,#BFFFD7
143,25,100,#BFFFD8
144,25,100,#BFFFD9
145,25,100,#BFFFDA
146,25,100,#BFFFDB
147,25,100,#BFFFDC
148,25,100,#BFFFDD
149,25,100,#BFFFDE
150,25,100,#BFFFDF
151,25,100,#BFFFE0
152,25,100,#BFFFE1
153,25,100,#BFFFE2
154,25,100,#BFFFE3
155,25,100,#BFFFE4
156,25,100,#BFFFE6
157,25,100,#BFFFE7
158,25,100,#BFFFE8
159,25,100,#BFFFE9
160,25,100,#BFFFEA
161,25,100,#BFFFEB
162,25,100,#BFFFEC
163,25,100,#BFFFED
164,25,100,#BFFFEE
165,25,100,#BFFFEF
166,25,100,#BFFFF0
167,25,100,#BFFFF1
168,25,100,#BFFFF2
169,25,100,#BFFFF3
170,25,100,#BFFFF4
171,25,100,#BFFFF5
172,25,100,#BFFFF7
173,25,100,#BFFFF8
174,25,100,#BFFFF9
175,25,100,#BFFFFA
176,25,100,#BFFFFB
177,25,100,#BFFFFC
178,25,100,#BFFFFD
179,25,100,#BFFFFE
180,25,100,#BFFFFF
181,25,100,#BFFEFF
182,25,100,#BFFDFF
183,25,100,#BFFCFF
184,25,100,#BFFBFF
185,25,100,#BFFAFF
186,25,100,#BFF9FF
187,25,100,#BFF8FF
188,25,100,#BFF6FF
189,25,100,#BFF5FF
190,25,100,#BFF4FF
191,25,100,#BFF3FF
192,25,100,#BFF2FF
193,25,100,#BFF1FF
194,25,100,#BFF0FF
195,25,100,#BFEFFF
196,25,100,#BFEEFF
197,25,100,#BFEDFF
198,25,100,#BFECFF
199,25,100,#BFEBFF
200,25,100,#BFEAFF
201,25,100,#BFE9FF
202,25,100,#BFE8FF
203,25,100,#BFE7FF
204,25,100,#BFE6FF
205,25,100,#BFE4FF
206,25,100,#BFE3FF
207,25,100,#BFE2FF
208,25,100,#BFE1FF
209,25,100,#BFE0FF
210,25,100,#BFDFFF
211,25,100,#BFDEFF
212,25,100,#BFDDFF
213,25,100,#BFDCFF
214,25,100,#BFDBFF
215,25,100,#BFDAFF
216,25,100,#BFD9FF
217,25,100,#BFD8FF
218,25,100,#BFD7FF
219,25,100,#BFD6FF
220,25,100,#BFD4FF
221,25,100,#BFD3FF
222,25,100,#BFD2FF
223,25,100,#BFD1FF
224,25,100,#BFD0FF
225,25,100,#BFCFFF
226,25,100,#BFCEFF
227,25,100,#BFCDFF
228,25,100,#BFCCFF
229,25,100,#BFCBFF
230,25,100,#BFCAFF
231,25,100,#BFC9FF
232,25,100,#BFC8FF
233,25,100,#BFC7FF
234,25,100,#BFC6FF
235,25,100,#BFC5FF
236,25,100,#BFC3FF
237,25,100,#BFC2FF
238,25,100,#BFC1FF
239,25,100,#BFC0FF
240,25,100,#BFBFFF
241,25,100,#C0BFFF
242,25,100,#C1BFFF
243,25,100,#C2BFFF
244,25,100,#C3BFFF
245,25,100,#C5BFFF
246,25,100,#C6BFFF
247,25,100,#C7BFFF
248,25,100,#C8BFFF
249,25,100,#C9BFFF
250,25,100,#CABFFF
251,25,100,#CBBFFF
252,25,100,#CCBFFF
253,25,100,#CDBFFF
254,25,100,#CEBFFF
255,25,100,#CFBFFF
256,25,100,#D0BFFF
257,25,100,#D1BFFF
258,25,100,#D2BFFF
259,25,100,#D3BFFF
260,25,100,#D4BFFF
261,25,100,#D6BFFF
262,25,100,#D7BFFF
263,25,100,#D8BFFF
264,25,100,#D9BFFF
265,25,100,#DABFFF
266,25,100,#DBBFFF
267,25,100,#DCBFFF
268,25,100,#DDBFFF
269,25,100,#DEBFFF
270,25,100,#DFBFFF
271,25,100,#E0BFFF
272,25,100,#E1BFFF
273,25,100,#E2BFFF
274,25,100,#E3BFFF
275,25,100,#E4BFFF
276,25,100,#E6BFFF
277,25,100,#E7BFFF
278,25,100,#E8BFFF
279,25,100,#E9BFFF
280,25,100,#EABFFF
281,25,100,#EBBFFF
282,25,100,#ECBFFF
283,25,100,#EDBFFF
284,25,100,#EEBFFF
285,25,100,#EFBFFF
286,25,100,#F0BFFF
287,25,100,#F1BFFF
288,25,100,#F2BFFF
289,25,100,#F3BFFF
290,25,100,#F4BFFF
291,25,100,#F5BFFF
292,25,100,#F7BFFF
293,25,100,#F8BFFF
294,25,100,#F9BFFF
295,25,100,#FABFFF
296,25,100,#FBBFFF
297,25,100,#FCBFFF
298,25,100,#FDBFFF
299,25,100,#FEBFFF
300,25,100,#FFBFFF
301,25,100,#FFBFFE
302,25,100,#FFBFFD
303,25,100,#FFBFFC
304,25,100,#FFBFFB
305,25,100,#FFBFFA
306,25,100,#FFBFF9
307,25,100,#FFBFF8
308,25,100,#FFBFF7
309,25,100,#FFBFF5
310,25,100,#FFBFF4
311,25,100,#FFBFF3
312,25,100,#FFBFF2
313,25,100,#FFBFF1
314,25,100,#FFBFF0
315,25,100,#FFBFEF
316,25,100,#FFBFEE
317,25,100,#FFBFED
318,25,100,#FFBFEC
319,25,100,#FFBFEB
320,25,100,#FFBFEA
321,25,100,#FFBFE9
322,25,100,#FFBFE8
323,25,100,#FFBFE7
324,25,100,#FFBFE5
325,25,100,#FFBFE4
326,25,100,#FFBFE3
327,25,100,#FFBFE2
328,25,100,#FFBFE1
329,25,100,#FFBFE0
330,25,100,#FFBFDF
331,25,100,#FFBFDE
332,25,100,#FFBFDD
333,25,100,#FFBFDC
334,25,100,#FFBFDB
335,25,100,#FFBFDA
336,25,100,#FFBFD9
337,25,100,#FFBFD8
338,25,100,#FFBFD7
339,25,100,#FFBFD6
340,25,100,#FFBFD5
341,25,100,#FFBFD3
342,25,100,#FFBFD2
343,25,100,#FFBFD1
344,25,100,#FFBFD0
345,25,100,#FFBFCF
346,25,100,#FFBFCE
347,25,100,#FFBFCD
348,25,100,#FFBFCC
349,25,100,#FFBFCB
350,25,100,#FFBFCA
351,25,100,#FFBFC9
352,25,100,#FFBFC8
353,25,100,#FFBFC7
354,25,100,#FFBFC6
355,25,100,#FFBFC5
356,25,100,#FFBFC3
357,25,100,#FFBFC2
358,25,100,#FFBFC1
359,25,100,#FFBFC0
0,24,100,#FFC2C2
1,24,100,#FFC3C2
2,24,100,#FFC4C2
3,24,100,#FFC5C2
4,24,100,#FFC6C2
5,24,100,#FFC7C2
6,24,100,#FFC8C2
7,24,100,#FFC9C2
8,24,100,#FFCAC2
9,24,100,#FFCBC2
10,24,100,#FFCCC2
11,24,100,#FFCDC2
12,24,100,#FFCEC2
13,24,100,#FFCFC2
14,24,100,#FFD0C2
15,24,100,#FFD1C2
16,24,100,#FFD2C2
17,24,100,#FFD3C2
18,24,100,#FFD4C2
19,24,100,#FFD5C2
20,24,100,#FFD6C2
21,24,100,#FFD7C2
22,24,100,#FFD8C2
23,24,100,#FFD9C2
24,24,100,#FFDAC2
25,24,100,#FFDBC2
26,24,100,#FFDCC2
27,24,100,#FFDDC2
28,24,100,#FFDEC2
29,24,100,#FFDFC2
30,24,100,#FFE0C2
31,24,100,#FFE1C2
32,24,100,#FFE2C2
33,24,100,#FFE3C2
34,24,100,#FFE4C2
35,24,100,#FFE6C2
36,24,100,#FFE7C2
37,24,100,#FFE8C2
38,24,100,#FFE9C2
39,24,100,#FFEAC2
40,24,100,#FFEBC2
41,24,100,#FFECC2
42,24,100,#FFEDC2
43,24,100,#FFEEC2
44,24,100,#FFEFC2
45,24,100,#FFF0C2
46,24,100,#FFF1C2
47,24,100,#FFF2C2
48,24,100,#FFF3C2
49,24,100,#FFF4C2
50,24,100,#FFF5C2
51,24,100,#FFF6C2
52,24,100,#FFF7C2
53,24,100,#FFF8C2
54,24,100,#FFF9C2
55,24,100,#FFFAC2
56,24,100,#FFFBC2
57,24,100,#FFFCC2
58,24,100,#FFFDC2
59,24,100,#FFFEC2
60,24,100,#FFFFC2
61,24,100,#FEFFC2
62,24,100,#FDFFC2
63,24,100,#FCFFC2
64,24,100,#FBFFC2
65,24,100,#FAFFC2
66,24,100,#F9FFC2
67,24,100,#F8FFC2
68,24,100,#F7FFC2
69,24,100,#F6FFC2
70,24,100,#F5FFC2
71,24,100,#F4FFC2
72,24,100,#F3FFC2
73,24,100,#F2FFC2
74,24,100,#F1FFC2
75,24,100,#F0FFC2
76,24,100,#EFFFC2
77,24,100,#EEFFC2
78,24,100,#EDFFC2
79,24,100,#ECFFC2
80,24,100,#EBFFC2
81,24,100,#EAFFC2
82,24,100,#E9FFC2
83,24,100,#E8FFC2
84,24,100,#E7FFC2
85,24,100,#E6FFC2
86,24,100,#E4FFC2
87,24,100,#E3FFC2
88,24,100,#E2FFC2
89,24,100,#E1FFC2
90,24,100,#E0FFC2
91,24,100,#DFFFC2
92,24,100,#DEFFC2
93,24,100,#DDFFC2
94,24,100,#DCFFC2
95,24,100,#DBFFC2
96,24,100,#DAFFC2
97,24,100,#D9FFC2
98,24,100,#D8FFC2
99,24,100,#D7FFC2
100,24,100,#D6FFC2
101,24,100,#D5FFC2
102,24,100,#D4FFC2
103,24,100,#D3FFC2
104,24,100,#D2FFC2
105,24,100,#D1FFC2
106,24,100,#D0FFC2
107,24,100,#CFFFC2
108,24,100,#CEFFC2
109,24,100,#CDFFC2
110,24,100,#CCFFC2
111,24,100,#CBFFC2
112,24,100,#CAFFC2
113,24,100,#C9FFC2
114,24,100,#C8FFC2
115,24,100,#C7FFC2
116,24,100,#C6FFC2
117,24,100,#C5FFC2
118,24,100,#C4FFC2
119,24,100,#C3FFC2
120,24,100,#C2FFC2
121,24,100,#C2FFC3
122,24,100,#C2FFC4
123,24,100,#C2FFC5
124,24,100,#C2FFC6
125,24,100,#C2FFC7
126,24,100,#C2FFC8
127,24,100,#C2FFC9
128,24,100,#C2FFCA
129,24,100,#C2FFCB
130,24,100,#C2FFCC
131,24,100,#C2FFCD
132,24,100,#C2FFCE
133,24,100,#C2FFCF
134,24,100,#C2FFD0
135,24,100,#C2FFD1
136,24,100,#C2FFD2
137,24,100,#C2FFD3
138,24,100,#C2FFD4
139,24,100,#C2FFD5
140,24,100,#C2FFD6
141,24,100,#C2FFD7
142,24,100,#C2FFD8
143,24,100,#C2FFD9
144,24,100,#C2FFDA
145,24,100,#C2FFDB
146,24,100,#C2FFDC
147,24,100,#C2FFDD
148,24,100,#C2FFDE
149,24,100,#C2FFDF
150,24,100,#C2FFE0
151,24,100,#C2FFE1
152,24,100,#C2FFE2
153,24,100,#C2FFE3
154,24,100,#C2FFE4
155,24,100,#C2FFE6
156,24,100,#C2FFE7
157,24,100,#C2FFE8
158,24,100,#C2FFE9
159,24,100,#C2FFEA
160,24,100,#C2FFEB
161,24,100,#C2FFEC
162,24,100,#C2FFED
163,24,100,#C2FFEE
164,24,100,#C2FFEF
165,24,100,#C2FFF0
166,24,100,#C2FFF1
167,24,100,#C2FFF2
168,24,100,#C2FFF3
169,24,100,#C2FFF4
170,24,100,#C2FFF5
171,24,100,#C2FFF6
172,24,100,#C2FFF7
173,24,100,#C2FFF8
174,24,100,#C2FFF9
175,24,100,#C2FFFA
176,24,100,#C2FFFB
177,24,100,#C2FFFC
178,24,100,#C2FFFD
179,24,100,#C2FFFE
180,24,100,#C2FFFF
181,24,100,#C2FEFF
182,24,100,#C2FDFF
183,24,100,#C2FCFF
184,24,100,#C2FBFF
185,24,100,#C2FAFF
186,24,100,#C2F9FF
187,24,100,#C2F8FF
188,24,100,#C2F7FF
189,24,100,#C2F6FF
190,24,100,#C2F5FF
191,24,100,#C2F4FF
192,24,100,#C2F3FF
193,24,100,#C2F2FF
194,24,100,#C2F1FF
195,24,100,#C2F0FF
196,24,100,#C2EFFF
197,24,100,#C2EEFF
198,24,100,#C2EDFF
199,24,100,#C2ECFF
200,24,100,#C2EBFF
201,24,100,#C2EAFF
202,24,100,#C2E9FF
203,24,100,#C2E8FF
204,24,100,#C2E7FF
205,24,100,#C2E6FF
206,24,100,#C2E4FF
207,24,100,#C2E3FF
208,24,100,#C2E2FF
209,24,100,#C2E1FF
210,24,100,#C2E0FF
211,24,100,#C2DFFF
212,24,100,#C2DEFF
213,24,100,#C2DDFF
214,24,100,#C2DCFF
215,24,100,#C2DBFF
216,24,100,#C2DAFF
217,24,100,#C2D9FF
218,24,100,#C2D8FF
219,24,100,#C2D7FF
220,24,100,#C2D6FF
221,24,100,#C2D5FF
222,24,100,#C2D4FF
223,24,100,#C2D3FF
224,24,100,#C2D2FF
225,24,100,#C2D1FF
226,24,100,#C2D0FF
227,24,100,#C2CFFF
228,24,100,#C2CEFF
229,24,100,#C2CDFF
230,24,100,#C2CCFF
231,24,100,#C2CBFF
232,24,100,#C2CAFF
233,24,100,#C2C9FF
234,24,100,#C2C8FF
235,24,100,#C2C7FF
236,24,100,#C2C6FF
237,24,100,#C2C5FF
238,24,100,#C2C4FF
239,24,100,#C2C3FF
240,24,100,#C2C2FF
241,24,100,#C3C2FF
242,24,100,#C4C2FF
243,24,100,#C5C2FF
244,24,100,#C6C2FF
245,24,100,#C7C2FF
246,24,100,#C8C2FF
247,24,100,#C9C2FF
248,24,100,#CAC2FF
249,24,100,#CBC2FF
250,24,100,#CCC2FF
251,24,100,#CDC2FF
252,24,100,#CEC2FF
253,24,100,#CFC2FF
254,24,100,#D0C2FF
255,24,100,#D1C2FF
256,24,100,#D2C2FF
257,24,100,#D3C2FF
258,24,100,#D4C2FF
259,24,100,#D5C2FF
260,24,100,#D6C2FF
261,24,100,#D7C2FF
262,24,100,#D8C2FF
263,24,100,#D9C2FF
264,24,100,#DAC2FF
265,24,100,#DBC2FF
266,24,100,#DCC2FF
267,24,100,#DDC2FF
268,24,100,#DEC2FF
269,24,100,#DFC2FF
270,24,100,#E0C2FF
271,24,100,#E1C2FF
272,24,100,#E2C2FF
273,24,100,#E3C2FF
274,24,100,#E4C2FF
275,24,100,#E5C2FF
276,24,100,#E7C2FF
277,24,100,#E8C2FF
278,24,100,#E9C2FF
279,24,100,#EAC2FF
280,24,100,#EBC2FF
281,24,100,#ECC2FF
282,24,100,#EDC2FF
283,24,100,#EEC2FF
284,24,100,#EFC2FF
285,24,100,#F0C2FF
286,24,100,#F1C2FF
287,24,100,#F2C2FF
288,24,100,#F3C2FF
289,24,100,#F4C2FF
290,24,100,#F5C2FF
291,24,100,#F6C2FF
292,24,100,#F7C2FF
293,24,100,#F8C2FF
294,24,100,#F9C2FF
295,24,100,#FAC2FF
296,24,100,#FBC2FF
297,24,100,#FCC2FF
298,24,100,#FDC2FF
299,24,100,#FEC2FF
300,24,100,#FFC2FF
301,24,100,#FFC2FE
302,24,100,#FFC2FD
303,24,100,#FFC2FC
304,24,100,#FFC2FB
305,24,100,#FFC2FA
306,24,100,#FFC2F9
307,24,100,#FFC2F8
308,24,100,#FFC2F7
309,24,100,#FFC2F6
310,24,100,#FFC2F5
311,24,100,#FFC2F4
312,24,100,#FFC2F3
313,24,100,#FFC2F2
314,24,100,#FFC2F1
315,24,100,#FFC2F0
316,24,100,#FFC2EF
317,24,100,#FFC2EE
318,24,100,#FFC2ED
319,24,100,#FFC2EC
320,24,100,#FFC2EB
321,24,100,#FFC2EA
322,24,100,#FFC2E9
323,24,100,#FFC2E8
324,24,100,#FFC2E7
325,24,100,#FFC2E5
326,24,100,#FFC2E4
327,24,100,#FFC2E3
328,24,100,#FFC2E2
329,24,100,#FFC2E1
330,24,100,#FFC2E0
331,24,100,#FFC2DF
332,24,100,#FFC2DE
333,24,100,#FFC2DD
334,24,100,#FFC2DC
335,24,100,#FFC2DB
336,24,100,#FFC2DA
337,24,100,#FFC2D9
338,24,100,#FFC2D8
339,24,100,#FFC2D7
340,24,100,#FFC2D6
341,24,100,#FFC2D5
342,24,100,#FFC2D4
343,24,100,#FFC2D3
344,24,100,#FFC2D2
345,24,100,#FFC2D1
346,24,100,#FFC2D0
347,24,100,#FFC2CF
348,24,100,#FFC2CE
349,24,100,#FFC2CD
350,24,100,#FFC2CC
351,24,100,#FFC2CB
352,24,100,#FFC2CA
353,24,100,#FFC2C9
354,24,100,#FFC2C8
355,24,100,#FFC2C7
356,24,100,#FFC2C6
357,24,100,#FFC2C5
358,24,100,#FFC2C4
359,24,100,#FFC2C3
0,23,100,#FFC4C4
1,23,100,#FFC5C4
2,23,100,#FFC6C4
3,23,100,#FFC7C4
4,23,100,#FFC8C4
5,23,100,#FFC9C4
6,23,100,#FFCAC4
7,23,100,#FFCBC4
8,23,100,#FFCCC4
9,23,100,#FFCDC4
10,23,100,#FFCEC4
11,23,100,#FFCFC4
12,23,100,#FFD0C4
13,23,100,#FFD1C4
14,23,100,#FFD2C4
15,23,100,#FFD3C4
16,23,100,#FFD4C4
17,23,100,#FFD5C4
18,23,100,#FFD6C4
19,23,100,#FFD7C4
20,23,100,#FFD8C4
21,23,100,#FFD9C4
22,23,100,#FFDAC4
23,23,100,#FFDBC4
24,23,100,#FFDCC4
25,23,100,#FFDDC4
26,23,100,#FFDEC4
27,23,100,#FFDFC4
28,23,100,#FFE0C4
29,23,100,#FFE1C4
30,23,100,#FFE2C4
31,23,100,#FFE3C4
32,23,100,#FFE4C4
33,23,100,#FFE5C4
34,23,100,#FFE6C4
35,23,100,#FFE7C4
36,23,100,#FFE8C4
37,23,100,#FFE9C4
38,23,100,#FFE9C4
39,23,100,#FFEAC4
40,23,100,#FFEBC4
41,23,100,#FFECC4
42,23,100,#FFEDC4
43,23,100,#FFEEC4
44,23,100,#FFEFC4
45,23,100,#FFF0C4
46,23,100,#FFF1C4
47,23,100,#FFF2C4
48,23,100,#FFF3C4
49,23,100,#FFF4C4
50,23,100,#FFF5C4
51,23,100,#FFF6C4
52,23,100,#FFF7C4
53,23,100,#FFF8C4
54,23,100,#FFF9C4
55,23,100,#FFFAC4
56,23,100,#FFFBC4
57,23,100,#FFFCC4
58,23,100,#FFFDC4
59,23,100,#FFFEC4
60,23,100,#FFFFC4
61,23,100,#FEFFC4
62,23,100,#FDFFC4
63,23,100,#FCFFC4
64,23,100,#FBFFC4
65,23,100,#FAFFC4
66,23,100,#F9FFC4
67,23,100,#F8FFC4
68,23,100,#F7FFC4
69,23,100,#F6FFC4
70,23,100,#F5FFC4
71,23,100,#F4FFC4
72,23,100,#F3FFC4
73,23,100,#F2FFC4
74,23,100,#F1FFC4
75,23,100,#F0FFC4
76,23,100,#EFFFC4
77,23,100,#EEFFC4
78,23,100,#EDFFC4
79,23,100,#ECFFC4
80,23,100,#EBFFC4
81,23,100,#EAFFC4
82,23,100,#E9FFC4
83,23,100,#E9FFC4
84,23,100,#E8FFC4
85,23,100,#E7FFC4
86,23,100,#E6FFC4
87,23,100,#E5FFC4
88,23,100,#E4FFC4
89,23,100,#E3FFC4
90,23,100,#E2FFC4
91,23,100,#E1FFC4
92,23,100,#E0FFC4
93,23,100,#DFFFC4
94,23,100,#DEFFC4
95,23,100,#DDFFC4
96,23,100,#DCFFC4
97,23,100,#DBFFC4
98,23,100,#DAFFC4
99,23,100,#D9FFC4
100,23,100,#D8FFC4
101,23,100,#D7FFC4
102,23,100,#D6FFC4
103,23,100,#D5FFC4
104,23,100,#D4FFC4
105,23,100,#D3FFC4
106,23,100,#D2FFC4
107,23,100,#D1FFC4
108,23,100,#D0FFC4
109,23,100,#CFFFC4
110,23,100,#CEFFC4
111,23,100,#CDFFC4
112,23,100,#CCFFC4
113,23,100,#CBFFC4
114,23,100,#CAFFC4
115,23,100,#C9FFC4
116,23,100,#C8FFC4
117,23,100,#C7FFC4
118,23,100,#C6FFC4
119,23,100,#C5FFC4
120,23,100,#C4FFC4
121,23,100,#C4FFC5
122,23,100,#C4FFC6
123,23,100,#C4FFC7
124,23,100,#C4FFC8
125,23,100,#C4FFC9
126,23,100,#C4FFCA
127,23,100,#C4FFCB
128,23,100,#C4FFCC
129,23,100,#C4FFCD
130,23,100,#C4FFCE
131,23,100,#C4FFCF
132,23,100,#C4FFD0
133,23,100,#C4FFD1
134,23,100,#C4FFD2
135,23,100,#C4FFD3
136,23,100,#C4FFD4
137,23,100,#C4FFD5
138,23,100,#C4FFD6
139,23,100,#C4FFD7
140,23,100,#C4FFD8
141,23,100,#C4FFD9
142,23,100,#C4FFDA
143,23,100,#C4FFDB
144,23,100,#C4FFDC
145,23,100,#C4FFDD
146,23,100,#C4FFDE
147,23,100,#C4FFDF
148,23,100,#C4FFE0
149,23,100,#C4FFE1
150,23,100,#C4FFE2
151,23,100,#C4FFE3
152,23,100,#C4FFE4
153,23,100,#C4FFE5
154,23,100,#C4FFE6
155,23,100,#C4FFE7
156,23,100,#C4FFE8
157,23,100,#C4FFE9
158,23,100,#C4FFE9
159,23,100,#C4FFEA
160,23,100,#C4FFEB
161,23,100,#C4FFEC
162,23,100,#C4FFED
163,23,100,#C4FFEE
164,23,100,#C4FFEF
165,23,100,#C4FFF0
166,23,100,#C4FFF1
167,23,100,#C4FFF2
168,23,100,#C4FFF3
169,23,100,#C4FFF4
170,23,100,#C4FFF5
171,23,100,#C4FFF6
172,23,100,#C4FFF7
173,23,100,#C4FFF8
174,23,100,#C4FFF9
175,23,100,#C4FFFA
176,23,100,#C4FFFB
177,23,100,#C4FFFC
178,23,100,#C4FFFD
179,23,100,#C4FFFE
180,23,100,#C4FFFF
181,23,100,#C4FEFF
182,23,100,#C4FDFF
183,23,100,#C4FCFF
184,23,100,#C4FBFF
185,23,100,#C4FAFF
186,23,100,#C4F9FF
187,23,100,#C4F8FF
188,23,100,#C4F7FF
189,23,100,#C4F6FF
190,23,100,#C4F5FF
191,23,100,#C4F4FF
192,23,100,#C4F3FF
193,23,100,#C4F2FF
194,23,100,#C4F1FF
195,23,100,#C4F0FF
196,23,100,#C4EFFF
197,23,100,#C4EEFF
198,23,100,#C4EDFF
199,23,100,#C4ECFF
200,23,100,#C4EBFF
201,23,100,#C4EAFF
202,23,100,#C4E9FF
203,23,100,#C4E9FF
204,23,100,#C4E8FF
205,23,100,#C4E7FF
206,23,100,#C4E6FF
207,23,100,#C4E5FF
208,23,100,#C4E4FF
209,23,100,#C4E3FF
210,23,100,#C4E2FF
211,23,100,#C4E1FF
212,23,100,#C4E0FF
213,23,100,#C4DFFF
214,23,100,#C4DEFF
215,23,100,#C4DDFF
216,23,100,#C4DCFF
217,23,100,#C4DBFF
218,23,100,#C4DAFF
219,23,100,#C4D9FF
220,23,100,#C4D8FF
221,23,100,#C4D7FF
222,23,100,#C4D6FF
223,23,100,#C4D5FF
224,23,100,#C4D4FF
225,23,100,#C4D3FF
226,23,100,#C4D2FF
227,23,100,#C4D1FF
228,23,100,#C4D0FF
229,23,100,#C4CFFF
230,23,100,#C4CEFF
231,23,100,#C4CDFF
232,23,100,#C4CCFF
233,23,100,#C4CBFF
234,23,100,#C4CAFF
235,23,100,#C4C9FF
236,23,100,#C4C8FF
237,23,100,#C4C7FF
238,23,100,#C4C6FF
239,23,100,#C4C5FF
240,23,100,#C4C4FF
241,23,100,#C5C4FF
242,23,100,#C6C4FF
243,23,100,#C7C4FF
244,23,100,#C8C4FF
245,23,100,#C9C4FF
246,23,100,#CAC4FF
247,23,100,#CBC4FF
248,23,100,#CCC4FF
249,23,100,#CDC4FF
250,23,100,#CEC4FF
251,23,100,#CFC4FF
252,23,100,#D0C4FF
253,23,100,#D1C4FF
254,23,100,#D2C4FF
255,23,100,#D3C4FF
256,23,100,#D4C4FF
257,23,100,#D5C4FF
258,23,100,#D6C4FF
259,23,100,#D7C4FF
260,23,100,#D8C4FF
261,23,100,#D9C4FF
262,23,100,#DAC4FF
263,23,100,#DBC4FF
264,23,100,#DCC4FF
265,23,100,#DDC4FF
266,23,100,#DEC4FF
267,23,100,#DFC4FF
268,23,100,#E0C4FF
269,23,100,#E1C4FF
270,23,100,#E2C4FF
271,23,100,#E3C4FF
272,23,100,#E4C4FF
273,23,100,#E5C4FF
274,23,100,#E6C4FF
275,23,100,#E7C4FF
276,23,100,#E8C4FF
277,23,100,#E9C4FF
278,23,100,#E9C4FF
279,23,100,#EAC4FF
280,23,100,#EBC4FF
281,23,100,#ECC4FF
282,23,100,#EDC4FF
283,23,100,#EEC4FF
284,23,100,#EFC4FF
285,23,100,#F0C4FF
286,23,100,#F1C4FF
287,23,100,#F2C4FF
288,23,100,#F3C4FF
289,23,100,#F4C4FF
290,23,100,#F5C4FF
291,23,100,#F6C4FF
292,23,100,#F7C4FF
293,23,100,#F8C4FF
294,23,100,#F9C4FF
295,23,100,#FAC4FF
296,23,100,#FBC4FF
297,23,100,#FCC4FF
298,23,100,#FDC4FF
299,23,100,#FEC4FF
300,23,100,#FFC4FF
301,23,100,#FFC4FE
302,23,100,#FFC4FD
303,23,100,#FFC4FC
304,23,100,#FFC4FB
305,23,100,#FFC4FA
306,23,100,#FFC4F9
307,23,100,#FFC4F8
308,23,100,#FFC4F7
309,23,100,#FFC4F6
310,23,100,#FFC4F5
311,23,100,#FFC4F4
312,23,100,#FFC4F3
313,23,100,#FFC4F2
314,23,100,#FFC4F1
315,23,100,#FFC4F0
316,23,100,#FFC4EF
317,23,100,#FFC4EE
318,23,100,#FFC4ED
319,23,100,#FFC4EC
320,23,100,#FFC4EB
321,23,100,#FFC4EA
322,23,100,#FFC4E9
323,23,100,#FFC4E9
324,23,100,#FFC4E8
325,23,100,#FFC4E7
326,23,100,#FFC4E6
327,23,100,#FFC4E5
328,23,100,#FFC4E4
329,23,100,#FFC4E3
330,23,100,#FFC4E2
331,23,100,#FFC4E1
332,23,100,#FFC4E0
333,23,100,#FFC4DF
334,23,100,#FFC4DE
335,23,100,#FFC4DD
336,23,100,#FFC4DC
337,23,100,#FFC4DB
338,23,100,#FFC4DA
339,23,100,#FFC4D9
340,23,100,#FFC4D8
341,23,100,#FFC4D7
342,23,100,#FFC4D6
343,23,100,#FFC4D5
344,23,100,#FFC4D4
345,23,100,#FFC4D3
346,23,100,#FFC4D2
347,23,100,#FFC4D1
348,23,100,#FFC4D0
349,23,100,#FFC4CF
350,23,100,#FFC4CE
351,23,100,#FFC4CD
352,23,100,#FFC4CC
353,23,100,#FFC4CB
354,23,100,#FFC4CA
355,23,100,#FFC4C9
356,23,100,#FFC4C8
357,23,100,#FFC4C7
358,23,100,#FFC4C6
359,23,100,#FFC4C5
0,22,100,#FFC7C7
1,22,100,#FFC8C7
2,22,100,#FFC9C7
3,22,100,#FFCAC7
4,22,100,#FFCBC7
5,22,100,#FFCCC7
6,22,100,#FFCDC7
7,22,100,#FFCDC7
8,22,100,#FFCEC7
9,22,100,#FFCFC7
10,22,100,#FFD0C7
11,22,100,#FFD1C7
12,22,100,#FFD2C7
13,22,100,#FFD3C7
14,22,100,#FFD4C7
15,22,100,#FFD5C7
16,22,100,#FFD6C7
17,22,100,#FFD7C7
18,22,100,#FFD8C7
19,22,100,#FFD9C7
20,22,100,#FFDAC7
21,22,100,#FFDBC7
22,22,100,#FFDBC7
23,22,100,#FFDCC7
24,22,100,#FFDDC7
25,22,100,#FFDEC7
26,22,100,#FFDFC7
27,22,100,#FFE0C7
28,22,100,#FFE1C7
29,22,100,#FFE2C7
30,22,100,#FFE3C7
31,22,100,#FFE4C7
32,22,100,#FFE5C7
33,22,100,#FFE6C7
34,22,100,#FFE7C7
35,22,100,#FFE8C7
36,22,100,#FFE9C7
37,22,100,#FFE9C7
38,22,100,#FFEAC7
39,22,100,#FFEBC7
40,22,100,#FFECC7
41,22,100,#FFEDC7
42,22,100,#FFEEC7
43,22,100,#FFEFC7
44,22,100,#FFF0C7
45,22,100,#FFF1C7
46,22,100,#FFF2C7
47,22,100,#FFF3C7
48,22,100,#FFF4C7
49,22,100,#FFF5C7
50,22,100,#FFF6C7
51,22,100,#FFF7C7
52,22,100,#FFF8C7
53,22,100,#FFF8C7
54,22,100,#FFF9C7
55,22,100,#FFFAC7
56,22,100,#FFFBC7
57,22,100,#FFFCC7
58,22,100,#FFFDC7
59,22,100,#FFFEC7
60,22,100,#FFFFC7
61,22,100,#FEFFC7
62,22,100,#FDFFC7
63,22,100,#FCFFC7
64,22,100,#FBFFC7
65,22,100,#FAFFC7
66,22,100,#F9FFC7
67,22,100,#F8FFC7
68,22,100,#F8FFC7
69,22,100,#F7FFC7
70,22,100,#F6FFC7
71,22,100,#F5FFC7
72,22,100,#F4FFC7
73,22,100,#F3FFC7
74,22,100,#F2FFC7
75,22,100,#F1FFC7
76,22,100,#F0FFC7
77,22,100,#EFFFC7
78,22,100,#EEFFC7
79,22,100,#EDFFC7
80,22,100,#ECFFC7
81,22,100,#EBFFC7
82,22,100,#EAFFC7
83,22,100,#E9FFC7
84,22,100,#E9FFC7
85,22,100,#E8FFC7
86,22,100,#E7FFC7
87,22,100,#E6FFC7
88,22,100,#E5FFC7
89,22,100,#E4FFC7
90,22,100,#E3FFC7
91,22,100,#E2FFC7
92,22,100,#E1FFC7
93,22,100,#E0FFC7
94,22,100,#DFFFC7
95,22,100,#DEFFC7
96,22,100,#DDFFC7
97,22,100,#DCFFC7
98,22,100,#DBFFC7
99,22,100,#DBFFC7
100,22,100,#DAFFC7
101,22,100,#D9FFC7
102,22,100,#D8FFC7
103,22,100,#D7FFC7
104,22,100,#D6FFC7
105,22,100,#D5FFC7
106,22,100,#D4FFC7
107,22,100,#D3FFC7
108,22,100,#D2FFC7
109,22,100,#D1FFC7
110,22,100,#D0FFC7
111,22,100,#CFFFC7
112,22,100,#CEFFC7
113,22,100,#CDFFC7
114,22,100,#CDFFC7
115,22,100,#CCFFC7
116,22,100,#CBFFC7
117,22,100,#CAFFC7
118,22,100,#C9FFC7
119,22,100,#C8FFC7
120,22,100,#C7FFC7
121,22,100,#C7FFC8
122,22,100,#C7FFC9
123,22,100,#C7FFCA
124,22,100,#C7FFCB
125,22,100,#C7FFCC
126,22,100,#C7FFCD
127,22,100,#C7FFCD
128,22,100,#C7FFCE
129,22,100,#C7FFCF
130,22,100,#C7FFD0
131,22,100,#C7FFD1
132,22,100,#C7FFD2
133,22,100,#C7FFD3
134,22,100,#C7FFD4
135,22,100,#C7FFD5
136,22,100,#C7FFD6
137,22,100,#C7FFD7
138,22,100,#C7FFD8
139,22,100,#C7FFD9
140,22,100,#C7FFDA
141,22,100,#C7FFDB
142,22,100,#C7FFDB
143,22,100,#C7FFDC
144,22,100,#C7FFDD
145,22,100,#C7FFDE
146,22,100,#C7FFDF
147,22,100,#C7FFE0
148,22,100,#C7FFE1
149,22,100,#C7FFE2
150,22,100,#C7FFE3
151,22,100,#C7FFE4
152,22,100,#C7FFE5
153,22,100,#C7FFE6
154,22,100,#C7FFE7
155,22,100,#C7FFE8
156,22,100,#C7FFE9
157,22,100,#C7FFE9
158,22,100,#C7FFEA
159,22,100,#C7FFEB
160,22,100,#C7FFEC
161,22,100,#C7FFED
162,22,100,#C7FFEE
163,22,100,#C7FFEF
164,22,100,#C7FFF0
165,22,100,#C7FFF1
166,22,100,#C7FFF2
167,22,100,#C7FFF3
168,22,100,#C7FFF4
169,22,100,#C7FFF5
170,22,100,#C7FFF6
171,22,100,#C7FFF7
172,22,100,#C7FFF8
173,22,100,#C7FFF8
174,22,100,#C7FFF9
175,22,100,#C7FFFA
176,22,100,#C7FFFB
177,22,100,#C7FFFC
178,22,100,#C7FFFD
179,22,100,#C7FFFE
180,22,100,#C7FFFF
181,22,100,#C7FEFF
182,22,100,#C7FDFF
183,22,100,#C7FCFF
184,22,100,#C7FBFF
185,22,100,#C7FAFF
186,22,100,#C7F9FF
187,22,100,#C7F8FF
188,22,100,#C7F8FF
189,22,100,#C7F7FF
190,22,100,#C7F6FF
191,22,100,#C7F5FF
192,22,100,#C7F4FF
193,22,100,#C7F3FF
194,22,100,#C7F2FF
195,22,100,#C7F1FF
196,22,100,#C7F0FF
197,22,100,#C7EFFF
198,22,100,#C7EEFF
199,22,100,#C7EDFF
200,22,100,#C7ECFF
201,22,100,#C7EBFF
202,22,100,#C7EAFF
203,22,100,#C7E9FF
204,22,100,#C7E9FF
205,22,100,#C7E8FF
206,22,100,#C7E7FF
207,22,100,#C7E6FF
208,22,100,#C7E5FF
209,22,100,#C7E4FF
210,22,100,#C7E3FF
211,22,100,#C7E2FF
212,22,100,#C7E1FF
213,22,100,#C7E0FF
214,22,100,#C7DFFF
215,22,100,#C7DEFF
216,22,100,#C7DDFF
217,22,100,#C7DCFF
218,22,100,#C7DBFF
219,22,100,#C7DBFF
220,22,100,#C7DAFF
221,22,100,#C7D9FF
222,22,100,#C7D8FF
223,22,100,#C7D7FF
224,22,100,#C7D6FF
225,22,100,#C7D5FF
226,22,100,#C7D4FF
227,22,100,#C7D3FF
228,22,100,#C7D2FF
229,22,100,#C7D1FF
230,22,100,#C7D0FF
231,22,100,#C7CFFF
232,22,100,#C7CEFF
233,22,100,#C7CDFF
234,22,100,#C7CDFF
235,22,100,#C7CCFF
236,22,100,#C7CBFF
237,22,100,#C7CAFF
238,22,100,#C7C9FF
239,22,100,#C7C8FF
240,22,100,#C7C7FF
241,22,100,#C8C7FF
242,22,100,#C9C7FF
243,22,100,#CAC7FF
244,22,100,#CBC7FF
245,22,100,#CCC7FF
246,22,100,#CDC7FF
247,22,100,#CDC7FF
248,22,100,#CEC7FF
249,22,100,#CFC7FF
250,22,100,#D0C7FF
251,22,100,#D1C7FF
252,22,100,#D2C7FF
253,22,100,#D3C7FF
254,22,100,#D4C7FF
255,22,100,#D5C7FF
256,22,100,#D6C7FF
257,22,100,#D7C7FF
258,22,100,#D8C7FF
259,22,100,#D9C7FF
260,22,100,#DAC7FF
261,22,100,#DBC7FF
262,22,100,#DBC7FF
263,22,100,#DCC7FF
264,22,100,#DDC7FF
265,22,100,#DEC7FF
266,22,100,#DFC7FF
267,22,100,#E0C7FF
268,22,100,#E1C7FF
269,22,100,#E2C7FF
270,22,100,#E3C7FF
271,22,100,#E4C7FF
272,22,100,#E5C7FF
273,22,100,#E6C7FF
274,22,100,#E7C7FF
275,22,100,#E8C7FF
276,22,100,#E9C7FF
277,22,100,#E9C7FF
278,22,100,#EAC7FF
279,22,100,#EBC7FF
280,22,100,#ECC7FF
281,22,100,#EDC7FF
282,22,100,#EEC7FF
283,22,100,#EFC7FF
284,22,100,#F0C7FF
285,22,100,#F1C7FF
286,22,100,#F2C7FF
287,22,100,#F3C7FF
288,22,100,#F4C7FF
289,22,100,#F5C7FF
290,22,100,#F6C7FF
291,22,100,#F7C7FF
292,22,100,#F8C7FF
293,22,100,#F8C7FF
294,22,100,#F9C7FF
295,22,100,#FAC7FF
296,22,100,#FBC7FF
297,22,100,#FCC7FF
298,22,100,#FDC7FF
299,22,100,#FEC7FF
300,22,100,#FFC7FF
301,22,100,#FFC7FE
302,22,100,#FFC7FD
303,22,100,#FFC7FC
304,22,100,#FFC7FB
305,22,100,#FFC7FA
306,22,100,#FFC7F9
307,22,100,#FFC7F8
308,22,100,#FFC7F8
309,22,100,#FFC7F7
310,22,100,#FFC7F6
311,22,100,#FFC7F5
312,22,100,#FFC7F4
313,22,100,#FFC7F3
314,22,100,#FFC7F2
315,22,100,#FFC7F1
316,22,100,#FFC7F0
317,22,100,#FFC7EF
318,22,100,#FFC7EE
319,22,100,#FFC7ED
320,22,100,#FFC7EC
321,22,100,#FFC7EB
322,22,100,#FFC7EA
323,22,100,#FFC7E9
324,22,100,#FFC7E9
325,22,100,#FFC7E8
326,22,100,#FFC7E7
327,22,100,#FFC7E6
328,22,100,#FFC7E5
329,22,100,#FFC7E4
330,22,100,#FFC7E3
331,22,100,#FFC7E2
332,22,100,#FFC7E1
333,22,100,#FFC7E0
334,22,100,#FFC7DF
335,22,100,#FFC7DE
336,22,100,#FFC7DD
337,22,100,#FFC7DC
338,22,100,#FFC7DB
339,22,100,#FFC7DB
340,22,100,#FFC7DA
341,22,100,#FFC7D9
342,22,100,#FFC7D8
343,22,100,#FFC7D7
344,22,100,#FFC7D6
345,22,100,#FFC7D5
346,22,100,#FFC7D4
347,22,100,#FFC7D3
348,22,100,#FFC7D2
349,22,100,#FFC7D1
350,22,100,#FFC7D0
351,22,100,#FFC7CF
352,22,100,#FFC7CE
353,22,100,#FFC7CD
354,22,100,#FFC7CD
355,22,100,#FFC7CC
356,22,100,#FFC7CB
357,22,100,#FFC7CA
358,22,100,#FFC7C9
359,22,100,#FFC7C8
0,21,100,#FFC9C9
1,21,100,#FFCAC9
2,21,100,#FFCBC9
3,21,100,#FFCCC9
4,21,100,#FFCDC9
5,21,100,#FFCEC9
6,21,100,#FFCFC9
7,21,100,#FFD0C9
8,21,100,#FFD1C9
9,21,100,#FFD1C9
10,21,100,#FFD2C9
11,21,100,#FFD3C9
12,21,100,#FFD4C9
13,21,100,#FFD5C9
14,21,100,#FFD6C9
15,21,100,#FFD7C9
16,21,100,#FFD8C9
17,21,100,#FFD9C9
18,21,100,#FFDAC9
19,21,100,#FFDAC9
20,21,100,#FFDBC9
21,21,100,#FFDCC9
22,21,100,#FFDDC9
23,21,100,#FFDEC9
24,21,100,#FFDFC9
25,21,100,#FFE0C9
26,21,100,#FFE1C9
27,21,100,#FFE2C9
28,21,100,#FFE2C9
29,21,100,#FFE3C9
30,21,100,#FFE4C9
31,21,100,#FFE5C9
32,21,100,#FFE6C9
33,21,100,#FFE7C9
34,21,100,#FFE8C9
35,21,100,#FFE9C9
36,21,100,#FFEAC9
37,21,100,#FFEAC9
38,21,100,#FFEBC9
39,21,100,#FFECC9
40,21,100,#FFEDC9
41,21,100,#FFEEC9
42,21,100,#FFEFC9
43,21,100,#FFF0C9
44,21,100,#FFF1C9
45,21,100,#FFF2C9
46,21,100,#FFF3C9
47,21,100,#FFF3C9
48,21,100,#FFF4C9
49,21,100,#FFF5C9
50,21,100,#FFF6C9
51,21,100,#FFF7C9
52,21,100,#FFF8C9
53,21,100,#FFF9C9
54,21,100,#FFFAC9
55,21,100,#FFFBC9
56,21,100,#FFFBC9
57,21,100,#FFFCC9
58,21,100,#FFFDC9
59,21,100,#FFFEC9
60,21,100,#FFFFC9
61,21,100,#FEFFC9
62,21,100,#FDFFC9
63,21,100,#FCFFC9
64,21,100,#FBFFC9
65,21,100,#FBFFC9
66,21,100,#FAFFC9
67,21,100,#F9FFC9
68,21,100,#F8FFC9
69,21,100,#F7FFC9
70,21,100,#F6FFC9
71,21,100,#F5FFC9
72,21,100,#F4FFC9
73,21,100,#F3FFC9
74,21,100,#F3FFC9
75,21,100,#F2FFC9
76,21,100,#F1FFC9
77,21,100,#F0FFC9
78,21,100,#EFFFC9
79,21,100,#EEFFC9
80,21,100,#EDFFC9
81,21,100,#ECFFC9
82,21,100,#EBFFC9
83,21,100,#EAFFC9
84,21,100,#EAFFC9
85,21,100,#E9FFC9
86,21,100,#E8FFC9
87,21,100,#E7FFC9
88,21,100,#E6FFC9
89,21,100,#E5FFC9
90,21,100,#E4FFC9
91,21,100,#E3FFC9
92,21,100,#E2FFC9
93,21,100,#E2FFC9
94,21,100,#E1FFC9
95,21,100,#E0FFC9
96,21,100,#DFFFC9
97,21,100,#DEFFC9
98,21,100,#DDFFC9
99,21,100,#DCFFC9
100,21,100,#DBFFC9
101,21,100,#DAFFC9
102,21,100,#DAFFC9
103,21,100,#D9FFC9
104,21,100,#D8FFC9
105,21,100,#D7FFC9
106,21,100,#D6FFC9
107,21,100,#D5FFC9
108,21,100,#D4FFC9
109,21,100,#D3FFC9
110,21,100,#D2FFC9
111,21,100,#D1FFC9
112,21,100,#D1FFC9
113,21,100,#D0FFC9
114,21,100,#CFFFC9
115,21,100,#CEFFC9
116,21,100,#CDFFC9
117,21,100,#CCFFC9
118,21,100,#CBFFC9
119,21,100,#CAFFC9
120,21,100,#C9FFC9
121,21,100,#C9FFCA
122,21,100,#C9FFCB
123,21,100,#C9FFCC
124,21,100,#C9FFCD
125,21,100,#C9FFCE
126,21,100,#C9FFCF
127,21,100,#C9FFD0
128,21,100,#C9FFD1
129,21,100,#C9FFD1
130,21,100,#C9FFD2
131,21,100,#C9FFD3
132,21,100,#C9FFD4
133,21,100,#C9FFD5
134,21,100,#C9FFD6
135,21,100,#C9FFD7
136,21,100,#C9FFD8
137,21,100,#C9FFD9
138,21,100,#C9FFDA
139,21,100,#C9FFDA
140,21,100,#C9FFDB
141,21,100,#C9FFDC
142,21,100,#C9FFDD
143,21,100,#C9FFDE
144,21,100,#C9FFDF
145,21,100,#C9FFE0
146,21,100,#C9FFE1
147,21,100,#C9FFE2
148,21,100,#C9FFE2
149,21,100,#C9FFE3
150,21,100,#C9FFE4
151,21,100,#C9FFE5
152,21,100,#C9FFE6
153,21,100,#C9FFE7
154,21,100,#C9FFE8
155,21,100,#C9FFE9
156,21,100,#C9FFEA
157,21,100,#C9FFEA
158,21,100,#C9FFEB
159,21,100,#C9FFEC
160,21,100,#C9FFED
161,21,100,#C9FFEE
162,21,100,#C9FFEF
163,21,100,#C9FFF0
164,21,100,#C9FFF1
165,21,100,#C9FFF2
166,21,100,#C9FFF3
167,21,100,#C9FFF3
168,21,100,#C9FFF4
169,21,100,#C9FFF5
170,21,100,#C9FFF6
171,21,100,#C9FFF7
172,21,100,#C9FFF8
173,21,100,#C9FFF9
174,21,100,#C9FFFA
175,21,100,#C9FFFB
176,21,100,#C9FFFB
177,21,100,#C9FFFC
178,21,100,#C9FFFD
179,21,100,#C9FFFE
180,21,100,#C9FFFF
181,21,100,#C9FEFF
182,21,100,#C9FDFF
183,21,100,#C9FCFF
184,21,100,#C9FBFF
185,21,100,#C9FBFF
186,21,100,#C9FAFF
187,21,100,#C9F9FF
188,21,100,#C9F8FF
189,21,100,#C9F7FF
190,21,100,#C9F6FF
191,21,100,#C9F5FF
192,21,100,#C9F4FF
193,21,100,#C9F3FF
194,21,100,#C9F3FF
195,21,100,#C9F2FF
196,21,100,#C9F1FF
197,21,100,#C9F0FF
198,21,100,#C9EFFF
199,21,100,#C9EEFF
200,21,100,#C9EDFF
201,21,100,#C9ECFF
202,21,100,#C9EBFF
203,21,100,#C9EAFF
204,21,100,#C9EAFF
205,21,100,#C9E9FF
206,21,100,#C9E8FF
207,21,100,#C9E7FF
208,21,100,#C9E6FF
209,21,100,#C9E5FF
210,21,100,#C9E4FF
211,21,100,#C9E3FF
212,21,100,#C9E2FF
213,21,100,#C9E2FF
214,21,100,#C9E1FF
215,21,100,#C9E0FF
216,21,100,#C9DFFF
217,21,100,#C9DEFF
218,21,100,#C9DDFF
219,21,100,#C9DCFF
220,21,100,#C9DBFF
221,21,100,#C9DAFF
222,21,100,#C9DAFF
223,21,100,#C9D9FF
224,21,100,#C9D8FF
225,21,100,#C9D7FF
226,21,100,#C9D6FF
227,21,100,#C9D5FF
228,21,100,#C9D4FF
229,21,100,#C9D3FF
230,21,100,#C9D2FF
231,21,100,#C9D1FF
232,21,100,#C9D1FF
233,21,100,#C9D0FF
234,21,100,#C9CFFF
235,21,100,#C9CEFF
236,21,100,#C9CDFF
237,21,100,#C9CCFF
238,21,100,#C9CBFF
239,21,100,#C9CAFF
240,21,100,#C9C9FF
241,21,100,#CAC9FF
242,21,100,#CBC9FF
243,21,100,#CCC9FF
244,21,100,#CDC9FF
245,21,100,#CEC9FF
246,21,100,#CFC9FF
247,21,100,#D0C9FF
248,21,100,#D1C9FF
249,21,100,#D1C9FF
250,21,100,#D2C9FF
251,21,100,#D3C9FF
252,21,100,#D4C9FF
253,21,100,#D5C9FF
254,21,100,#D6C9FF
255,21,100,#D7C9FF
256,21,100,#D8C9FF
257,21,100,#D9C9FF
258,21,100,#DAC9FF
259,21,100,#DAC9FF
260,21,100,#DBC9FF
261,21,100,#DCC9FF
262,21,100,#DDC9FF
263,21,100,#DEC9FF
264,21,100,#DFC9FF
265,21,100,#E0C9FF
266,21,100,#E1C9FF
267,21,100,#E2C9FF
268,21,100,#E2C9FF
269,21,100,#E3C9FF
270,21,100,#E4C9FF
271,21,100,#E5C9FF
272,21,100,#E6C9FF
273,21,100,#E7C9FF
274,21,100,#E8C9FF
275,21,100,#E9C9FF
276,21,100,#EAC9FF
277,21,100,#EAC9FF
278,21,100,#EBC9FF
279,21,100,#ECC9FF
280,21,100,#EDC9FF
281,21,100,#EEC9FF
282,21,100,#EFC9FF
283,21,100,#F0C9FF
284,21,100,#F1C9FF
285,21,100,#F2C9FF
286,21,100,#F3C9FF
287,21,100,#F3C9FF
288,21,100,#F4C9FF
289,21,100,#F5C9FF
290,21,100,#F6C9FF
291,21,100,#F7C9FF
292,21,100,#F8C9FF
293,21,100,#F9C9FF
294,21,100,#FAC9FF
295,21,100,#FBC9FF
296,21,100,#FBC9FF
297,21,100,#FCC9FF
298,21,100,#FDC9FF
299,21,100,#FEC9FF
300,21,100,#FFC9FF
301,21,100,#FFC9FE
302,21,100,#FFC9FD
303,21,100,#FFC9FC
304,21,100,#FFC9FB
305,21,100,#FFC9FB
306,21,100,#FFC9FA
307,21,100,#FFC9F9
308,21,100,#FFC9F8
309,21,100,#FFC9F7
310,21,100,#FFC9F6
311,21,100,#FFC9F5
312,21,100,#FFC9F4
313,21,100,#FFC9F3
314,21,100,#FFC9F3
315,21,100,#FFC9F2
316,21,100,#FFC9F1
317,21,100,#FFC9F0
318,21,100,#FFC9EF
319,21,100,#FFC9EE
320,21,100,#FFC9ED
321,21,100,#FFC9EC
322,21,100,#FFC9EB
323,21,100,#FFC9EA
324,21,100,#FFC9EA
325,21,100,#FFC9E9
326,21,100,#FFC9E8
327,21,100,#FFC9E7
328,21,100,#FFC9E6
329,21,100,#FFC9E5
330,21,100,#FFC9E4
331,21,100,#FFC9E3
332,21,100,#FFC9E2
333,21,100,#FFC9E2
334,21,100,#FFC9E1
335,21,100,#FFC9E0
336,21,100,#FFC9DF
337,21,100,#FFC9DE
338,21,100,#FFC9DD
339,21,100,#FFC9DC
340,21,100,#FFC9DB
341,21,100,#FFC9DA
342,21,100,#FFC9DA
343,21,100,#FFC9D9
344,21,100,#FFC9D8
345,21,100,#FFC9D7
346,21,100,#FFC9D6
347,21,100,#FFC9D5
348,21,100,#FFC9D4
349,21,100,#FFC9D3
350,21,100,#FFC9D2
351,21,100,#FFC9D1
352,21,100,#FFC9D1
353,21,100,#FFC9D0
354,21,100,#FFC9CF
355,21,100,#FFC9CE
356,21,100,#FFC9CD
357,21,100,#FFC9CC
358,21,100,#FFC9CB
359,21,100,#FFC9CA
0,20,100,#FFCCCC
1,20,100,#FFCDCC
2,20,100,#FFCECC
3,20,100,#FFCFCC
4,20,100,#FFCFCC
5,20,100,#FFD0CC
6,20,100,#FFD1CC
7,20,100,#FFD2CC
8,20,100,#FFD3CC
9,20,100,#FFD4CC
10,20,100,#FFD4CC
11,20,100,#FFD5CC
12,20,100,#FFD6CC
13,20,100,#FFD7CC
14,20,100,#FFD8CC
15,20,100,#FFD9CC
16,20,100,#FFDACC
17,20,100,#FFDACC
18,20,100,#FFDBCC
19,20,100,#FFDCCC
20,20,100,#FFDDCC
21,20,100,#FFDECC
22,20,100,#FFDFCC
23,20,100,#FFE0CC
24,20,100,#FFE0CC
25,20,100,#FFE1CC
26,20,100,#FFE2CC
27,20,100,#FFE3CC
28,20,100,#FFE4CC
29,20,100,#FFE5CC
30,20,100,#FFE6CC
31,20,100,#FFE6CC
32,20,100,#FFE7CC
33,20,100,#FFE8CC
34,20,100,#FFE9CC
35,20,100,#FFEACC
36,20,100,#FFEBCC
37,20,100,#FFEBCC
38,20,100,#FFECCC
39,20,100,#FFEDCC
40,20,100,#FFEECC
41,20,100,#FFEFCC
42,20,100,#FFF0CC
43,20,100,#FFF1CC
44,20,100,#FFF1CC
45,20,100,#FFF2CC
46,20,100,#FFF3CC
47,20,100,#FFF4CC
48,20,100,#FFF5CC
49,20,100,#FFF6CC
50,20,100,#FFF7CC
51,20,100,#FFF7CC
52,20,100,#FFF8CC
53,20,100,#FFF9CC
54,20,100,#FFFACC
55,20,100,#FFFBCC
56,20,100,#FFFCCC
57,20,100,#FFFCCC
58,20,100,#FFFDCC
59,20,100,#FFFECC
60,20,100,#FFFFCC
61,20,100,#FEFFCC
62,20,100,#FDFFCC
63,20,100,#FCFFCC
64,20,100,#FCFFCC
65,20,100,#FBFFCC
66,20,100,#FAFFCC
67,20,100,#F9FFCC
68,20,100,#F8FFCC
69,20,100,#F7FFCC
70,20,100,#F7FFCC
71,20,100,#F6FFCC
72,20,100,#F5FFCC
73,20,100,#F4FFCC
74,20,100,#F3FFCC
75,20,100,#F2FFCC
76,20,100,#F1FFCC
77,20,100,#F1FFCC
78,20,100,#F0FFCC
79,20,100,#EFFFCC
80,20,100,#EEFFCC
81,20,100,#EDFFCC
82,20,100,#ECFFCC
83,20,100,#EBFFCC
84,20,100,#EBFFCC
85,20,100,#EAFFCC
86,20,100,#E9FFCC
87,20,100,#E8FFCC
88,20,100,#E7FFCC
89,20,100,#E6FFCC
90,20,100,#E6FFCC
91,20,100,#E5FFCC
92,20,100,#E4FFCC
93,20,100,#E3FFCC
94,20,100,#E2FFCC
95,20,100,#E1FFCC
96,20,100,#E0FFCC
97,20,100,#E0FFCC
98,20,100,#DFFFCC
99,20,100,#DEFFCC
100,20,100,#DDFFCC
101,20,100,#DCFFCC
102,20,100,#DBFFCC
103,20,100,#DAFFCC
104,20,100,#DAFFCC
105,20,100,#D9FFCC
106,20,100,#D8FFCC
107,20,100,#D7FFCC
108,20,100,#D6FFCC
109,20,100,#D5FFCC
110,20,100,#D4FFCC
111,20,100,#D4FFCC
112,20,100,#D3FFCC
113,20,100,#D2FFCC
114,20,100,#D1FFCC
115,20,100,#D0FFCC
116,20,100,#CFFFCC
117,20,100,#CFFFCC
118,20,100,#CEFFCC
119,20,100,#CDFFCC
120,20,100,#CCFFCC
121,20,100,#CCFFCD
122,20,100,#CCFFCE
123,20,100,#CCFFCF
124,20,100,#CCFFCF
125,20,100,#CCFFD0
126,20,100,#CCFFD1
127,20,100,#CCFFD2
128,20,100,#CCFFD3
129,20,100,#CCFFD4
130,20,100,#CCFFD4
131,20,100,#CCFFD5
132,20,100,#CCFFD6
133,20,100,#CCFFD7
134,20,100,#CCFFD8
135,20,100,#CCFFD9
136,20,100,#CCFFDA
137,20,100,#CCFFDA
138,20,100,#CCFFDB
139,20,100,#CCFFDC
140,20,100,#CCFFDD
141,20,100,#CCFFDE
142,20,100,#CCFFDF
143,20,100,#CCFFE0
144,20,100,#CCFFE0
145,20,100,#CCFFE1
146,20,100,#CCFFE2
147,20,100,#CCFFE3
148,20,100,#CCFFE4
149,20,100,#CCFFE5
150,20,100,#CCFFE6
151,20,100,#CCFFE6
152,20,100,#CCFFE7
153,20,100,#CCFFE8
154,20,100,#CCFFE9
155,20,100,#CCFFEA
156,20,100,#CCFFEB
157,20,100,#CCFFEB
158,20,100,#CCFFEC
159,20,100,#CCFFED
160,20,100,#CCFFEE
161,20,100,#CCFFEF
162,20,100,#CCFFF0
163,20,100,#CCFFF1
164,20,100,#CCFFF1
165,20,100,#CCFFF2
166,20,100,#CCFFF3
167,20,100,#CCFFF4
168,20,100,#CCFFF5
169,20,100,#CCFFF6
170,20,100,#CCFFF6
171,20,100,#CCFFF7
172,20,100,#CCFFF8
173,20,100,#CCFFF9
174,20,100,#CCFFFA
175,20,100,#CCFFFB
176,20,100,#CCFFFC
177,20,100,#CCFFFC
178,20,100,#CCFFFD
179,20,100,#CCFFFE
180,20,100,#CCFFFF
181,20,100,#CCFEFF
182,20,100,#CCFDFF
183,20,100,#CCFCFF
184,20,100,#CCFCFF
185,20,100,#CCFBFF
186,20,100,#CCFAFF
187,20,100,#CCF9FF
188,20,100,#CCF8FF
189,20,100,#CCF7FF
190,20,100,#CCF6FF
191,20,100,#CCF6FF
192,20,100,#CCF5FF
193,20,100,#CCF4FF
194,20,100,#CCF3FF
195,20,100,#CCF2FF
196,20,100,#CCF1FF
197,20,100,#CCF1FF
198,20,100,#CCF0FF
199,20,100,#CCEFFF
200,20,100,#CCEEFF
201,20,100,#CCEDFF
202,20,100,#CCECFF
203,20,100,#CCEBFF
204,20,100,#CCEBFF
205,20,100,#CCEAFF
206,20,100,#CCE9FF
207,20,100,#CCE8FF
208,20,100,#CCE7FF
209,20,100,#CCE6FF
210,20,100,#CCE6FF
211,20,100,#CCE5FF
212,20,100,#CCE4FF
213,20,100,#CCE3FF
214,20,100,#CCE2FF
215,20,100,#CCE1FF
216,20,100,#CCE0FF
217,20,100,#CCE0FF
218,20,100,#CCDFFF
219,20,100,#CCDEFF
220,20,100,#CCDDFF
221,20,100,#CCDCFF
222,20,100,#CCDBFF
223,20,100,#CCDAFF
224,20,100,#CCDAFF
225,20,100,#CCD9FF
226,20,100,#CCD8FF
227,20,100,#CCD7FF
228,20,100,#CCD6FF
229,20,100,#CCD5FF
230,20,100,#CCD5FF
231,20,100,#CCD4FF
232,20,100,#CCD3FF
233,20,100,#CCD2FF
234,20,100,#CCD1FF
235,20,100,#CCD0FF
236,20,100,#CCCFFF
237,20,100,#CCCFFF
238,20,100,#CCCEFF
239,20,100,#CCCDFF
240,20,100,#CCCCFF
241,20,100,#CDCCFF
242,20,100,#CECCFF
243,20,100,#CFCCFF
244,20,100,#CFCCFF
245,20,100,#D0CCFF
246,20,100,#D1CCFF
247,20,100,#D2CCFF
248,20,100,#D3CCFF
249,20,100,#D4CCFF
250,20,100,#D4CCFF
251,20,100,#D5CCFF
252,20,100,#D6CCFF
253,20,100,#D7CCFF
254,20,100,#D8CCFF
255,20,100,#D9CCFF
256,20,100,#DACCFF
257,20,100,#DACCFF
258,20,100,#DBCCFF
259,20,100,#DCCCFF
260,20,100,#DDCCFF
261,20,100,#DECCFF
262,20,100,#DFCCFF
263,20,100,#E0CCFF
264,20,100,#E0CCFF
265,20,100,#E1CCFF
266,20,100,#E2CCFF
267,20,100,#E3CCFF
268,20,100,#E4CCFF
269,20,100,#E5CCFF
270,20,100,#E6CCFF
271,20,100,#E6CCFF
272,20,100,#E7CCFF
273,20,100,#E8CCFF
274,20,100,#E9CCFF
275,20,100,#EACCFF
276,20,100,#EBCCFF
277,20,100,#EBCCFF
278,20,100,#ECCCFF
279,20,100,#EDCCFF
280,20,100,#EECCFF
281,20,100,#EFCCFF
282,20,100,#F0CCFF
283,20,100,#F1CCFF
284,20,100,#F1CCFF
285,20,100,#F2CCFF
286,20,100,#F3CCFF
287,20,100,#F4CCFF
288,20,100,#F5CCFF
289,20,100,#F6CCFF
290,20,100,#F7CCFF
291,20,100,#F7CCFF
292,20,100,#F8CCFF
293,20,100,#F9CCFF
294,20,100,#FACCFF
295,20,100,#FBCCFF
296,20,100,#FCCCFF
297,20,100,#FCCCFF
298,20,100,#FDCCFF
299,20,100,#FECCFF
300,20,100,#FFCCFF
301,20,100,#FFCCFE
302,20,100,#FFCCFD
303,20,100,#FFCCFC
304,20,100,#FFCCFC
305,20,100,#FFCCFB
306,20,100,#FFCCFA
307,20,100,#FFCCF9
308,20,100,#FFCCF8
309,20,100,#FFCCF7
310,20,100,#FFCCF6
311,20,100,#FFCCF6
312,20,100,#FFCCF5
313,20,100,#FFCCF4
314,20,100,#FFCCF3
315,20,100,#FFCCF2
316,20,100,#FFCCF1
317,20,100,#FFCCF1
318,20,100,#FFCCF0
319,20,100,#FFCCEF
320,20,100,#FFCCEE
321,20,100,#FFCCED
322,20,100,#FFCCEC
323,20,100,#FFCCEB
324,20,100,#FFCCEB
325,20,100,#FFCCEA
326,20,100,#FFCCE9
327,20,100,#FFCCE8
328,20,100,#FFCCE7
329,20,100,#FFCCE6
330,20,100,#FFCCE6
331,20,100,#FFCCE5
332,20,100,#FFCCE4
333,20,100,#FFCCE3
334,20,100,#FFCCE2
335,20,100,#FFCCE1
336,20,100,#FFCCE0
337,20,100,#FFCCE0
338,20,100,#FFCCDF
339,20,100,#FFCCDE
340,20,100,#FFCCDD
341,20,100,#FFCCDC
342,20,100,#FFCCDB
343,20,100,#FFCCDA
344,20,100,#FFCCDA
345,20,100,#FFCCD9
346,20,100,#FFCCD8
347,20,100,#FFCCD7
348,20,100,#FFCCD6
349,20,100,#FFCCD5
350,20,100,#FFCCD5
351,20,100,#FFCCD4
352,20,100,#FFCCD3
353,20,100,#FFCCD2
354,20,100,#FFCCD1
355,20,100,#FFCCD0
356,20,100,#FFCCCF
357,20,100,#FFCCCF
358,20,100,#FFCCCE
359,20,100,#FFCCCD
0,19,100,#FFCFCF
1,19,100,#FFCFCF
2,19,100,#FFD0CF
3,19,100,#FFD1CF
4,19,100,#FFD2CF
5,19,100,#FFD3CF
6,19,100,#FFD3CF
7,19,100,#FFD4CF
8,19,100,#FFD5CF
9,19,100,#FFD6CF
10,19,100,#FFD7CF
11,19,100,#FFD7CF
12,19,100,#FFD8CF
13,19,100,#FFD9CF
14,19,100,#FFDACF
15,19,100,#FFDBCF
16,19,100,#FFDBCF
17,19,100,#FFDCCF
18,19,100,#FFDDCF
19,19,100,#FFDECF
20,19,100,#FFDFCF
21,19,100,#FFE0CF
22,19,100,#FFE0CF
23,19,100,#FFE1CF
24,19,100,#FFE2CF
25,19,100,#FFE3CF
26,19,100,#FFE4CF
27,19,100,#FFE4CF
28,19,100,#FFE5CF
29,19,100,#FFE6CF
30,19,100,#FFE7CF
31,19,100,#FFE8CF
32,19,100,#FFE8CF
33,19,100,#FFE9CF
34,19,100,#FFEACF
35,19,100,#FFEBCF
36,19,100,#FFECCF
37,19,100,#FFECCF
38,19,100,#FFEDCF
39,19,100,#FFEECF
40,19,100,#FFEFCF
41,19,100,#FFF0CF
42,19,100,#FFF0CF
43,19,100,#FFF1CF
44,19,100,#FFF2CF
45,19,100,#FFF3CF
46,19,100,#FFF4CF
47,19,100,#FFF5CF
48,19,100,#FFF5CF
49,19,100,#FFF6CF
50,19,100,#FFF7CF
51,19,100,#FFF8CF
52,19,100,#FFF9CF
53,19,100,#FFF9CF
54,19,100,#FFFACF
55,19,100,#FFFBCF
56,19,100,#FFFCCF
57,19,100,#FFFDCF
58,19,100,#FFFDCF
59,19,100,#FFFECF
60,19,100,#FFFFCF
61,19,100,#FEFFCF
62,19,100,#FDFFCF
63,19,100,#FDFFCF
64,19,100,#FCFFCF
65,19,100,#FBFFCF
66,19,100,#FAFFCF
67,19,100,#F9FFCF
68,19,100,#F9FFCF
69,19,100,#F8FFCF
70,19,100,#F7FFCF
71,19,100,#F6FFCF
72,19,100,#F5FFCF
73,19,100,#F5FFCF
74,19,100,#F4FFCF
75,19,100,#F3FFCF
76,19,100,#F2FFCF
77,19,100,#F1FFCF
78,19,100,#F0FFCF
79,19,100,#F0FFCF
80,19,100,#EFFFCF
81,19,100,#EEFFCF
82,19,100,#EDFFCF
83,19,100,#ECFFCF
84,19,100,#ECFFCF
85,19,100,#EBFFCF
86,19,100,#EAFFCF
87,19,100,#E9FFCF
88,19,100,#E8FFCF
89,19,100,#E8FFCF
90,19,100,#E7FFCF
91,19,100,#E6FFCF
92,19,100,#E5FFCF
93,19,100,#E4FFCF
94,19,100,#E4FFCF
95,19,100,#E3FFCF
96,19,100,#E2FFCF
97,19,100,#E1FFCF
98,19,100,#E0FFCF
99,19,100,#E0FFCF
100,19,100,#DFFFCF
101,19,100,#DEFFCF
102,19,100,#DDFFCF
103,19,100,#DCFFCF
104,19,100,#DBFFCF
105,19,100,#DBFFCF
106,19,100,#DAFFCF
107,19,100,#D9FFCF
108,19,100,#D8FFCF
109,19,100,#D7FFCF
110,19,100,#D7FFCF
111,19,100,#D6FFCF
112,19,100,#D5FFCF
113,19,100,#D4FFCF
114,19,100,#D3FFCF
115,19,100,#D3FFCF
116,19,100,#D2FFCF
117,19,100,#D1FFCF
118,19,100,#D0FFCF
119,19,100,#CFFFCF
120,19,100,#CFFFCF
121,19,100,#CFFFCF
122,19,100,#CFFFD0
123,19,100,#CFFFD1
124,19,100,#CFFFD2
125,19,100,#CFFFD3
126,19,100,#CFFFD3
127,19,100,#CFFFD4
128,19,100,#CFFFD5
129,19,100,#CFFFD6
130,19,100,#CFFFD7
131,19,100,#CFFFD7
132,19,100,#CFFFD8
133,19,100,#CFFFD9
134,19,100,#CFFFDA
135,19,100,#CFFFDB
136,19,100,#CFFFDB
137,19,100,#CFFFDC
138,19,100,#CFFFDD
139,19,100,#CFFFDE
140,19,100,#CFFFDF
141,19,100,#CFFFE0
142,19,100,#CFFFE0
143,19,100,#CFFFE1
144,19,100,#CFFFE2
145,19,100,#CFFFE3
146,19,100,#CFFFE4
147,19,100,#CFFFE4
148,19,100,#CFFFE5
149,19,100,#CFFFE6
150,19,100,#CFFFE7
151,19,100,#CFFFE8
152,19,100,#CFFFE8
153,19,100,#CFFFE9
154,19,100,#CFFFEA
155,19,100,#CFFFEB
156,19,100,#CFFFEC
157,19,100,#CFFFEC
158,19,100,#CFFFED
159,19,100,#CFFFEE
160,19,100,#CFFFEF
161,19,100,#CFFFF0
162,19,100,#CFFFF0
163,19,100,#CFFFF1
164,19,100,#CFFFF2
165,19,100,#CFFFF3
166,19,100,#CFFFF4
167,19,100,#CFFFF5
168,19,100,#CFFFF5
169,19,100,#CFFFF6
170,19,100,#CFFFF7
171,19,100,#CFFFF8
172,19,100,#CFFFF9
173,19,100,#CFFFF9
174,19,100,#CFFFFA
175,19,100,#CFFFFB
176,19,100,#CFFFFC
177,19,100,#CFFFFD
178,19,100,#CFFFFD
179,19,100,#CFFFFE
180,19,100,#CFFFFF
181,19,100,#CFFEFF
182,19,100,#CFFDFF
183,19,100,#CFFDFF
184,19,100,#CFFCFF
185,19,100,#CFFBFF
186,19,100,#CFFAFF
187,19,100,#CFF9FF
188,19,100,#CFF9FF
189,19,100,#CFF8FF
190,19,100,#CFF7FF
191,19,100,#CFF6FF
192,19,100,#CFF5FF
193,19,100,#CFF5FF
194,19,100,#CFF4FF
195,19,100,#CFF3FF
196,19,100,#CFF2FF
197,19,100,#CFF1FF
198,19,100,#CFF0FF
199,19,100,#CFF0FF
200,19,100,#CFEFFF
201,19,100,#CFEEFF
202,19,100,#CFEDFF
203,19,100,#CFECFF
204,19,100,#CFECFF
205,19,100,#CFEBFF
206,19,100,#CFEAFF
207,19,100,#CFE9FF
208,19,100,#CFE8FF
209,19,100,#CFE8FF
210,19,100,#CFE7FF
211,19,100,#CFE6FF
212,19,100,#CFE5FF
213,19,100,#CFE4FF
214,19,100,#CFE4FF
215,19,100,#CFE3FF
216,19,100,#CFE2FF
217,19,100,#CFE1FF
218,19,100,#CFE0FF
219,19,100,#CFE0FF
220,19,100,#CFDFFF
221,19,100,#CFDEFF
222,19,100,#CFDDFF
223,19,100,#CFDCFF
224,19,100,#CFDBFF
225,19,100,#CFDBFF
226,19,100,#CFDAFF
227,19,100,#CFD9FF
228,19,100,#CFD8FF
229,19,100,#CFD7FF
230,19,100,#CFD7FF
231,19,100,#CFD6FF
232,19,100,#CFD5FF
233,19,100,#CFD4FF
234,19,100,#CFD3FF
235,19,100,#CFD3FF
236,19,100,#CFD2FF
237,19,100,#CFD1FF
238,19,100,#CFD0FF
239,19,100,#CFCFFF
240,19,100,#CFCFFF
241,19,100,#CFCFFF
242,19,100,#D0CFFF
243,19,100,#D1CFFF
244,19,100,#D2CFFF
245,19,100,#D3CFFF
246,19,100,#D3CFFF
247,19,100,#D4CFFF
248,19,100,#D5CFFF
249,19,100,#D6CFFF
250,19,100,#D7CFFF
251,19,100,#D7CFFF
252,19,100,#D8CFFF
253,19,100,#D9CFFF
254,19,100,#DACFFF
255,19,100,#DBCFFF
256,19,100,#DBCFFF
257,19,100,#DCCFFF
258,19,100,#DDCFFF
259,19,100,#DECFFF
260,19,100,#DFCFFF
261,19,100,#E0CFFF
262,19,100,#E0CFFF
263,19,100,#E1CFFF
264,19,100,#E2CFFF
265,19,100,#E3CFFF
266,19,100,#E4CFFF
267,19,100,#E4CFFF
268,19,100,#E5CFFF
269,19,100,#E6CFFF
270,19,100,#E7CFFF
271,19,100,#E8CFFF
272,19,100,#E8CFFF
273,19,100,#E9CFFF
274,19,100,#EACFFF
275,19,100,#EBCFFF
276,19,100,#ECCFFF
277,19,100,#ECCFFF
278,19,100,#EDCFFF
279,19,100,#EECFFF
280,19,100,#EFCFFF
281,19,100,#F0CFFF
282,19,100,#F0CFFF
283,19,100,#F1CFFF
284,19,100,#F2CFFF
285,19,100,#F3CFFF
286,19,100,#F4CFFF
287,19,100,#F5CFFF
288,19,100,#F5CFFF
289,19,100,#F6CFFF
290,19,100,#F7CFFF
291,19,100,#F8CFFF
292,19,100,#F9CFFF
293,19,100,#F9CFFF
294,19,100,#FACFFF
295,19,100,#FBCFFF
296,19,100,#FCCFFF
297,19,100,#FDCFFF
298,19,100,#FDCFFF
299,19,100,#FECFFF
300,19,100,#FFCFFF
301,19,100,#FFCFFE
302,19,100,#FFCFFD
303,19,100,#FFCFFD
304,19,100,#FFCFFC
305,19,100,#FFCFFB
306,19,100,#FFCFFA
307,19,100,#FFCFF9
308,19,100,#FFCFF9
309,19,100,#FFCFF8
310,19,100,#FFCFF7
311,19,100,#FFCFF6
312,19,100,#FFCFF5
313,19,100,#FFCFF5
314,19,100,#FFCFF4
315,19,100,#FFCFF3
316,19,100,#FFCFF2
317,19,100,#FFCFF1
318,19,100,#FFCFF0
319,19,100,#FFCFF0
320,19,100,#FFCFEF
321,19,100,#FFCFEE
322,19,100,#FFCFED
323,19,100,#FFCFEC
324,19,100,#FFCFEC
325,19,100,#FFCFEB
326,19,100,#FFCFEA
327,19,100,#FFCFE9
328,19,100,#FFCFE8
329,19,100,#FFCFE8
330,19,100,#FFCFE7
331,19,100,#FFCFE6
332,19,100,#FFCFE5
333,19,100,#FFCFE4
334,19,100,#FFCFE4
335,19,100,#FFCFE3
336,19,100,#FFCFE2
337,19,100,#FFCFE1
338,19,100,#FFCFE0
339,19,100,#FFCFE0
340,19,100,#FFCFDF
341,19,100,#FFCFDE
342,19,100,#FFCFDD
343,19,100,#FFCFDC
344,19,100,#FFCFDB
345,19,100,#FFCFDB
346,19,100,#FFCFDA
347,19,100,#FFCFD9
348,19,100,#FFCFD8
349,19,100,#FFCFD7
350,19,100,#FFCFD7
351,19,100,#FFCFD6
352,19,100,#FFCFD5
353,19,100,#FFCFD4
354,19,100,#FFCFD3
355,19,100,#FFCFD3
356,19,100,#FFCFD2
357,19,100,#FFCFD1
358,19,100,#FFCFD0
359,19,100,#FFCFCF
0,18,100,#FFD1D1
1,18,100,#FFD2D1
2,18,100,#FFD3D1
3,18,100,#FFD3D1
4,18,100,#FFD4D1
5,18,100,#FFD5D1
6,18,100,#FFD6D1
7,18,100,#FFD6D1
8,18,100,#FFD7D1
9,18,100,#FFD8D1
10,18,100,#FFD9D1
11,18,100,#FFDAD1
12,18,100,#FFDAD1
13,18,100,#FFDBD1
14,18,100,#FFDCD1
15,18,100,#FFDDD1
16,18,100,#FFDDD1
17,18,100,#FFDED1
18,18,100,#FFDFD1
19,18,100,#FFE0D1
20,18,100,#FFE0D1
21,18,100,#FFE1D1
22,18,100,#FFE2D1
23,18,100,#FFE3D1
24,18,100,#FFE3D1
25,18,100,#FFE4D1
26,18,100,#FFE5D1
27,18,100,#FFE6D1
28,18,100,#FFE7D1
29,18,100,#FFE7D1
30,18,100,#FFE8D1
31,18,100,#FFE9D1
32,18,100,#FFEAD1
33,18,100,#FFEAD1
34,18,100,#FFEBD1
35,18,100,#FFECD1
36,18,100,#FFEDD1
37,18,100,#FFEDD1
38,18,100,#FFEED1
39,18,100,#FFEFD1
40,18,100,#FFF0D1
41,18,100,#FFF0D1
42,18,100,#FFF1D1
43,18,100,#FFF2D1
44,18,100,#FFF3D1
45,18,100,#FFF4D1
46,18,100,#FFF4D1
47,18,100,#FFF5D1
48,18,100,#FFF6D1
49,18,100,#FFF7D1
50,18,100,#FFF7D1
51,18,100,#FFF8D1
52,18,100,#FFF9D1
53,18,100,#FFFAD1
54,18,100,#FFFAD1
55,18,100,#FFFBD1
56,18,100,#FFFCD1
57,18,100,#FFFDD1
58,18,100,#FFFDD1
59,18,100,#FFFED1
60,18,100,#FFFFD1
61,18,100,#FEFFD1
62,18,100,#FDFFD1
63,18,100,#FDFFD1
64,18,100,#FCFFD1
65,18,100,#FBFFD1
66,18,100,#FAFFD1
67,18,100,#FAFFD1
68,18,100,#F9FFD1
69,18,100,#F8FFD1
70,18,100,#F7FFD1
71,18,100,#F7FFD1
72,18,100,#F6FFD1
73,18,100,#F5FFD1
74,18,100,#F4FFD1
75,18,100,#F4FFD1
76,18,100,#F3FFD1
77,18,100,#F2FFD1
78,18,100,#F1FFD1
79,18,100,#F0FFD1
80,18,100,#F0FFD1
81,18,100,#EFFFD1
82,18,100,#EEFFD1
83,18,100,#EDFFD1
84,18,100,#EDFFD1
85,18,100,#ECFFD1
86,18,100,#EBFFD1
87,18,100,#EAFFD1
88,18,100,#EAFFD1
89,18,100,#E9FFD1
90,18,100,#E8FFD1
91,18,100,#E7FFD1
92,18,100,#E7FFD1
93,18,100,#E6FFD1
94,18,100,#E5FFD1
95,18,100,#E4FFD1
96,18,100,#E3FFD1
97,18,100,#E3FFD1
98,18,100,#E2FFD1
99,18,100,#E1FFD1
100,18,100,#E0FFD1
101,18,100,#E0FFD1
102,18,100,#DFFFD1
103,18,100,#DEFFD1
104,18,100,#DDFFD1
105,18,100,#DDFFD1
106,18,100,#DCFFD1
107,18,100,#DBFFD1
108,18,100,#DAFFD1
109,18,100,#DAFFD1
110,18,100,#D9FFD1
111,18,100,#D8FFD1
112,18,100,#D7FFD1
113,18,100,#D6FFD1
114,18,100,#D6FFD1
115,18,100,#D5FFD1
116,18,100,#D4FFD1
117,18,100,#D3FFD1
118,18,100,#D3FFD1
119,18,100,#D2FFD1
120,18,100,#D1FFD1
121,18,100,#D1FFD2
122,18,100,#D1FFD3
123,18,100,#D1FFD3
124,18,100,#D1FFD4
125,18,100,#D1FFD5
126,18,100,#D1FFD6
127,18,100,#D1FFD6
128,18,100,#D1FFD7
129,18,100,#D1FFD8
130,18,100,#D1FFD9
131,18,100,#D1FFDA
132,18,100,#D1FFDA
133,18,100,#D1FFDB
134,18,100,#D1FFDC
135,18,100,#D1FFDD
136,18,100,#D1FFDD
137,18,100,#D1FFDE
138,18,100,#D1FFDF
139,18,100,#D1FFE0
140,18,100,#D1FFE0
141,18,100,#D1FFE1
142,18,100,#D1FFE2
143,18,100,#D1FFE3
144,18,100,#D1FFE3
145,18,100,#D1FFE4
146,18,100,#D1FFE5
147,18,100,#D1FFE6
148,18,100,#D1FFE7
149,18,100,#D1FFE7
150,18,100,#D1FFE8
151,18,100,#D1FFE9
152,18,100,#D1FFEA
153,18,100,#D1FFEA
154,18,100,#D1FFEB
155,18,100,#D1FFEC
156,18,100,#D1FFED
157,18,100,#D1FFED
158,18,100,#D1FFEE
159,18,100,#D1FFEF
160,18,100,#D1FFF0
161,18,100,#D1FFF0
162,18,100,#D1FFF1
163,18,100,#D1FFF2
164,18,100,#D1FFF3
165,18,100,#D1FFF4
166,18,100,#D1FFF4
167,18,100,#D1FFF5
168,18,100,#D1FFF6
169,18,100,#D1FFF7
170,18,100,#D1FFF7
171,18,100,#D1FFF8
172,18,100,#D1FFF9
173,18,100,#D1FFFA
174,18,100,#D1FFFA
175,18,100,#D1FFFB
176,18,100,#D1FFFC
177,18,100,#D1FFFD
178,18,100,#D1FFFD
179,18,100,#D1FFFE
180,18,100,#D1FFFF
181,18,100,#D1FEFF
182,18,100,#D1FDFF
183,18,100,#D1FDFF
184,18,100,#D1FCFF
185,18,100,#D1FBFF
186,18,100,#D1FAFF
187,18,100,#D1FAFF
188,18,100,#D1F9FF
189,18,100,#D1F8FF
190,18,100,#D1F7FF
191,18,100,#D1F7FF
192,18,100,#D1F6FF
193,18,100,#D1F5FF
194,18,100,#D1F4FF
195,18,100,#D1F4FF
196,18,100,#D1F3FF
197,18,100,#D1F2FF
198,18,100,#D1F1FF
199,18,100,#D1F0FF
200,18,100,#D1F0FF
201,18,100,#D1EFFF
202,18,100,#D1EEFF
203,18,100,#D1EDFF
204,18,100,#D1EDFF
205,18,100,#D1ECFF
206,18,100,#D1EBFF
207,18,100,#D1EAFF
208,18,100,#D1EAFF
209,18,100,#D1E9FF
210,18,100,#D1E8FF
211,18,100,#D1E7FF
212,18,100,#D1E7FF
213,18,100,#D1E6FF
214,18,100,#D1E5FF
215,18,100,#D1E4FF
216,18,100,#D1E3FF
217,18,100,#D1E3FF
218,18,100,#D1E2FF
219,18,100,#D1E1FF
220,18,100,#D1E0FF
221,18,100,#D1E0FF
222,18,100,#D1DFFF
223,18,100,#D1DEFF
224,18,100,#D1DDFF
225,18,100,#D1DDFF
226,18,100,#D1DCFF
227,18,100,#D1DBFF
228,18,100,#D1DAFF
229,18,100,#D1DAFF
230,18,100,#D1D9FF
231,18,100,#D1D8FF
232,18,100,#D1D7FF
233,18,100,#D1D6FF
234,18,100,#D1D6FF
235,18,100,#D1D5FF
236,18,100,#D1D4FF
237,18,100,#D1D3FF
238,18,100,#D1D3FF
239,18,100,#D1D2FF
240,18,100,#D1D1FF
241,18,100,#D2D1FF
242,18,100,#D3D1FF
243,18,100,#D3D1FF
244,18,100,#D4D1FF
245,18,100,#D5D1FF
246,18,100,#D6D1FF
247,18,100,#D6D1FF
248,18,100,#D7D1FF
249,18,100,#D8D1FF
250,18,100,#D9D1FF
251,18,100,#DAD1FF
252,18,100,#DAD1FF
253,18,100,#DBD1FF
254,18,100,#DCD1FF
255,18,100,#DDD1FF
256,18,100,#DDD1FF
257,18,100,#DED1FF
258,18,100,#DFD1FF
259,18,100,#E0D1FF
260,18,100,#E0D1FF
261,18,100,#E1D1FF
262,18,100,#E2D1FF
263,18,100,#E3D1FF
264,18,100,#E3D1FF
265,18,100,#E4D1FF
266,18,100,#E5D1FF
267,18,100,#E6D1FF
268,18,100,#E7D1FF
269,18,100,#E7D1FF
270,18,100,#E8D1FF
271,18,100,#E9D1FF
272,18,100,#EAD1FF
273,18,100,#EAD1FF
274,18,100,#EBD1FF
275,18,100,#ECD1FF
276,18,100,#EDD1FF
277,18,100,#EDD1FF
278,18,100,#EED1FF
279,18,100,#EFD1FF
280,18,100,#F0D1FF
281,18,100,#F0D1FF
282,18,100,#F1D1FF
283,18,100,#F2D1FF
284,18,100,#F3D1FF
285,18,100,#F4D1FF
286,18,100,#F4D1FF
287,18,100,#F5D1FF
288,18,100,#F6D1FF
289,18,100,#F7D1FF
290,18,100,#F7D1FF
291,18,100,#F8D1FF
292,18,100,#F9D1FF
293,18,100,#FAD1FF
294,18,100,#FAD1FF
295,18,100,#FBD1FF
296,18,100,#FCD1FF
297,18,100,#FDD1FF
298,18,100,#FDD1FF
299,18,100,#FED1FF
300,18,100,#FFD1FF
301,18,100,#FFD1FE
302,18,100,#FFD1FD
303,18,100,#FFD1FD
304,18,100,#FFD1FC
305,18,100,#FFD1FB
306,18,100,#FFD1FA
307,18,100,#FFD1FA
308,18,100,#FFD1F9
309,18,100,#FFD1F8
310,18,100,#FFD1F7
311,18,100,#FFD1F7
312,18,100,#FFD1F6
313,18,100,#FFD1F5
314,18,100,#FFD1F4
315,18,100,#FFD1F4
316,18,100,#FFD1F3
317,18,100,#FFD1F2
318,18,100,#FFD1F1
319,18,100,#FFD1F0
320,18,100,#FFD1F0
321,18,100,#FFD1EF
322,18,100,#FFD1EE
323,18,100,#FFD1ED
324,18,100,#FFD1ED
325,18,100,#FFD1EC
326,18,100,#FFD1EB
327,18,100,#FFD1EA
328,18,100,#FFD1EA
329,18,100,#FFD1E9
330,18,100,#FFD1E8
331,18,100,#FFD1E7
332,18,100,#FFD1E7
333,18,100,#FFD1E6
334,18,100,#FFD1E5
335,18,100,#FFD1E4
336,18,100,#FFD1E3
337,18,100,#FFD1E3
338,18,100,#FFD1E2
339,18,100,#FFD1E1
340,18,100,#FFD1E0
341,18,100,#FFD1E0
342,18,100,#FFD1DF
343,18,100,#FFD1DE
344,18,100,#FFD1DD
345,18,100,#FFD1DD
346,18,100,#FFD1DC
347,18,100,#FFD1DB
348,18,100,#FFD1DA
349,18,100,#FFD1DA
350,18,100,#FFD1D9
351,18,100,#FFD1D8
352,18,100,#FFD1D7
353,18,100,#FFD1D6
354,18,100,#FFD1D6
355,18,100,#FFD1D5
356,18,100,#FFD1D4
357,18,100,#FFD1D3
358,18,100,#FFD1D3
359,18,100,#FFD1D2
0,17,100,#FFD4D4
1,17,100,#FFD4D4
2,17,100,#FFD5D4
3,17,100,#FFD6D4
4,17,100,#FFD7D4
5,17,100,#FFD7D4
6,17,100,#FFD8D4
7,17,100,#FFD9D4
8,17,100,#FFD9D4
9,17,100,#FFDAD4
10,17,100,#FFDBD4
11,17,100,#FFDCD4
12,17,100,#FFDCD4
13,17,100,#FFDDD4
14,17,100,#FFDED4
15,17,100,#FFDED4
16,17,100,#FFDFD4
17,17,100,#FFE0D4
18,17,100,#FFE1D4
19,17,100,#FFE1D4
20,17,100,#FFE2D4
21,17,100,#FFE3D4
22,17,100,#FFE4D4
23,17,100,#FFE4D4
24,17,100,#FFE5D4
25,17,100,#FFE6D4
26,17,100,#FFE6D4
27,17,100,#FFE7D4
28,17,100,#FFE8D4
29,17,100,#FFE9D4
30,17,100,#FFE9D4
31,17,100,#FFEAD4
32,17,100,#FFEBD4
33,17,100,#FFEBD4
34,17,100,#FFECD4
35,17,100,#FFEDD4
36,17,100,#FFEED4
37,17,100,#FFEED4
38,17,100,#FFEFD4
39,17,100,#FFF0D4
40,17,100,#FFF1D4
41,17,100,#FFF1D4
42,17,100,#FFF2D4
43,17,100,#FFF3D4
44,17,100,#FFF3D4
45,17,100,#FFF4D4
46,17,100,#FFF5D4
47,17,100,#FFF6D4
48,17,100,#FFF6D4
49,17,100,#FFF7D4
50,17,100,#FFF8D4
51,17,100,#FFF8D4
52,17,100,#FFF9D4
53,17,100,#FFFAD4
54,17,100,#FFFBD4
55,17,100,#FFFBD4
56,17,100,#FFFCD4
57,17,100,#FFFDD4
58,17,100,#FFFED4
59,17,100,#FFFED4
60,17,100,#FFFFD4
61,17,100,#FEFFD4
62,17,100,#FEFFD4
63,17,100,#FDFFD4
64,17,100,#FCFFD4
65,17,100,#FBFFD4
66,17,100,#FBFFD4
67,17,100,#FAFFD4
68,17,100,#F9FFD4
69,17,100,#F8FFD4
70,17,100,#F8FFD4
71,17,100,#F7FFD4
72,17,100,#F6FFD4
73,17,100,#F6FFD4
74,17,100,#F5FFD4
75,17,100,#F4FFD4
76,17,100,#F3FFD4
77,17,100,#F3FFD4
78,17,100,#F2FFD4
79,17,100,#F1FFD4
80,17,100,#F1FFD4
81,17,100,#F0FFD4
82,17,100,#EFFFD4
83,17,100,#EEFFD4
84,17,100,#EEFFD4
85,17,100,#EDFFD4
86,17,100,#ECFFD4
87,17,100,#EBFFD4
88,17,100,#EBFFD4
89,17,100,#EAFFD4
90,17,100,#E9FFD4
91,17,100,#E9FFD4
92,17,100,#E8FFD4
93,17,100,#E7FFD4
94,17,100,#E6FFD4
95,17,100,#E6FFD4
96,17,100,#E5FFD4
97,17,100,#E4FFD4
98,17,100,#E4FFD4
99,17,100,#E3FFD4
100,17,100,#E2FFD4
101,17,100,#E1FFD4
102,17,100,#E1FFD4
103,17,100,#E0FFD4
104,17,100,#DFFFD4
105,17,100,#DEFFD4
106,17,100,#DEFFD4
107,17,100,#DDFFD4
108,17,100,#DCFFD4
109,17,100,#DCFFD4
110,17,100,#DBFFD4
111,17,100,#DAFFD4
112,17,100,#D9FFD4
113,17,100,#D9FFD4
114,17,100,#D8FFD4
115,17,100,#D7FFD4
116,17,100,#D7FFD4
117,17,100,#D6FFD4
118,17,100,#D5FFD4
119,17,100,#D4FFD4
120,17,100,#D4FFD4
121,17,100,#D4FFD4
122,17,100,#D4FFD5
123,17,100,#D4FFD6
124,17,100,#D4FFD7
125,17,100,#D4FFD7
126,17,100,#D4FFD8
127,17,100,#D4FFD9
128,17,100,#D4FFD9
129,17,100,#D4FFDA
130,17,100,#D4FFDB
131,17,100,#D4FFDC
132,17,100,#D4FFDC
133,17,100,#D4FFDD
134,17,100,#D4FFDE
135,17,100,#D4FFDE
136,17,100,#D4FFDF
137,17,100,#D4FFE0
138,17,100,#D4FFE1
139,17,100,#D4FFE1
140,17,100,#D4FFE2
141,17,100,#D4FFE3
142,17,100,#D4FFE4
143,17,100,#D4FFE4
144,17,100,#D4FFE5
145,17,100,#D4FFE6
146,17,100,#D4FFE6
147,17,100,#D4FFE7
148,17,100,#D4FFE8
149,17,100,#D4FFE9
150,17,100,#D4FFE9
151,17,100,#D4FFEA
152,17,100,#D4FFEB
153,17,100,#D4FFEB
154,17,100,#D4FFEC
155,17,100,#D4FFED
156,17,100,#D4FFEE
157,17,100,#D4FFEE
158,17,100,#D4FFEF
159,17,100,#D4FFF0
160,17,100,#D4FFF1
161,17,100,#D4FFF1
162,17,100,#D4FFF2
163,17,100,#D4FFF3
164,17,100,#D4FFF3
165,17,100,#D4FFF4
166,17,100,#D4FFF5
167,17,100,#D4FFF6
168,17,100,#D4FFF6
169,17,100,#D4FFF7
170,17,100,#D4FFF8
171,17,100,#D4FFF8
172,17,100,#D4FFF9
173,17,100,#D4FFFA
174,17,100,#D4FFFB
175,17,100,#D4FFFB
176,17,100,#D4FFFC
177,17,100,#D4FFFD
178,17,100,#D4FFFE
179,17,100,#D4FFFE
180,17,100,#D4FFFF
181,17,100,#D4FEFF
182,17,100,#D4FEFF
183,17,100,#D4FDFF
184,17,100,#D4FCFF
185,17,100,#D4FBFF
186,17,100,#D4FBFF
187,17,100,#D4FAFF
188,17,100,#D4F9FF
189,17,100,#D4F8FF
190,17,100,#D4F8FF
191,17,100,#D4F7FF
192,17,100,#D4F6FF
193,17,100,#D4F6FF
194,17,100,#D4F5FF
195,17,100,#D4F4FF
196,17,100,#D4F3FF
197,17,100,#D4F3FF
198,17,100,#D4F2FF
199,17,100,#D4F1FF
200,17,100,#D4F1FF
201,17,100,#D4F0FF
202,17,100,#D4EFFF
203,17,100,#D4EEFF
204,17,100,#D4EEFF
205,17,100,#D4EDFF
206,17,100,#D4ECFF
207,17,100,#D4EBFF
208,17,100,#D4EBFF
209,17,100,#D4EAFF
210,17,100,#D4E9FF
211,17,100,#D4E9FF
212,17,100,#D4E8FF
213,17,100,#D4E7FF
214,17,100,#D4E6FF
215,17,100,#D4E6FF
216,17,100,#D4E5FF
217,17,100,#D4E4FF
218,17,100,#D4E4FF
219,17,100,#D4E3FF
220,17,100,#D4E2FF
221,17,100,#D4E1FF
222,17,100,#D4E1FF
223,17,100,#D4E0FF
224,17,100,#D4DFFF
225,17,100,#D4DEFF
226,17,100,#D4DEFF
227,17,100,#D4DDFF
228,17,100,#D4DCFF
229,17,100,#D4DCFF
230,17,100,#D4DBFF
231,17,100,#D4DAFF
232,17,100,#D4D9FF
233,17,100,#D4D9FF
234,17,100,#D4D8FF
235,17,100,#D4D7FF
236,17,100,#D4D7FF
237,17,100,#D4D6FF
238,17,100,#D4D5FF
239,17,100,#D4D4FF
240,17,100,#D4D4FF
241,17,100,#D4D4FF
242,17,100,#D5D4FF
243,17,100,#D6D4FF
244,17,100,#D7D4FF
245,17,100,#D7D4FF
246,17,100,#D8D4FF
247,17,100,#D9D4FF
248,17,100,#D9D4FF
249,17,100,#DAD4FF
250,17,100,#DBD4FF
251,17,100,#DCD4FF
252,17,100,#DCD4FF
253,17,100,#DDD4FF
254,17,100,#DED4FF
255,17,100,#DED4FF
256,17,100,#DFD4FF
257,17,100,#E0D4FF
258,17,100,#E1D4FF
259,17,100,#E1D4FF
260,17,100,#E2D4FF
261,17,100,#E3D4FF
262,17,100,#E4D4FF
263,17,100,#E4D4FF
264,17,100,#E5D4FF
265,17,100,#E6D4FF
266,17,100,#E6D4FF
267,17,100,#E7D4FF
268,17,100,#E8D4FF
269,17,100,#E9D4FF
270,17,100,#E9D4FF
271,17,100,#EAD4FF
272,17,100,#EBD4FF
273,17,100,#EBD4FF
274,17,100,#ECD4FF
275,17,100,#EDD4FF
276,17,100,#EED4FF
277,17,100,#EED4FF
278,17,100,#EFD4FF
279,17,100,#F0D4FF
280,17,100,#F1D4FF
281,17,100,#F1D4FF
282,17,100,#F2D4FF
283,17,100,#F3D4FF
284,17,100,#F3D4FF
285,17,100,#F4D4FF
286,17,100,#F5D4FF
287,17,100,#F6D4FF
288,17,100,#F6D4FF
289,17,100,#F7D4FF
290,17,100,#F8D4FF
291,17,100,#F8D4FF
292,17,100,#F9D4FF
293,17,100,#FAD4FF
294,17,100,#FBD4FF
295,17,100,#FBD4FF
296,17,100,#FCD4FF
297,17,100,#FDD4FF
298,17,100,#FED4FF
299,17,100,#FED4FF
300,17,100,#FFD4FF
301,17,100,#FFD4FE
302,17,100,#FFD4FE
303,17,100,#FFD4FD
304,17,100,#FFD4FC
305,17,100,#FFD4FB
306,17,100,#FFD4FB
307,17,100,#FFD4FA
308,17,100,#FFD4F9
309,17,100,#FFD4F8
310,17,100,#FFD4F8
311,17,100,#FFD4F7
312,17,100,#FFD4F6
313,17,100,#FFD4F6
314,17,100,#FFD4F5
315,17,100,#FFD4F4
316,17,100,#FFD4F3
317,17,100,#FFD4F3
318,17,100,#FFD4F2
319,17,100,#FFD4F1
320,17,100,#FFD4F1
321,17,100,#FFD4F0
322,17,100,#FFD4EF
323,17,100,#FFD4EE
324,17,100,#FFD4EE
325,17,100,#FFD4ED
326,17,100,#FFD4EC
327,17,100,#FFD4EB
328,17,100,#FFD4EB
329,17,100,#FFD4EA
330,17,100,#FFD4E9
331,17,100,#FFD4E9
332,17,100,#FFD4E8
333,17,100,#FFD4E7
334,17,100,#FFD4E6
335,17,100,#FFD4E6
336,17,100,#FFD4E5
337,17,100,#FFD4E4
338,17,100,#FFD4E4
339,17,100,#FFD4E3
340,17,100,#FFD4E2
341,17,100,#FFD4E1
342,17,100,#FFD4E1
343,17,100,#FFD4E0
344,17,100,#FFD4DF
345,17,100,#FFD4DE
346,17,100,#FFD4DE
347,17,100,#FFD4DD
348,17,100,#FFD4DC
349,17,100,#FFD4DC
350,17,100,#FFD4DB
351,17,100,#FFD4DA
352,17,100,#FFD4D9
353,17,100,#FFD4D9
354,17,100,#FFD4D8
355,17,100,#FFD4D7
356,17,100,#FFD4D7
357,17,100,#FFD4D6
358,17,100,#FFD4D5
359,17,100,#FFD4D4
0,16,100,#FFD6D6
1,16,100,#FFD7D6
2,16,100,#FFD8D6
3,16,100,#FFD8D6
4,16,100,#FFD9D6
5,16,100,#FFDAD6
6,16,100,#FFDAD6
7,16,100,#FFDBD6
8,16,100,#FFDCD6
9,16,100,#FFDCD6
10,16,100,#FFDDD6
11,16,100,#FFDED6
12,16,100,#FFDED6
13,16,100,#FFDFD6
14,16,100,#FFE0D6
15,16,100,#FFE0D6
16,16,100,#FFE1D6
17,16,100,#FFE2D6
18,16,100,#FFE2D6
19,16,100,#FFE3D6
20,16,100,#FFE4D6
21,16,100,#FFE4D6
22,16,100,#FFE5D6
23,16,100,#FFE6D6
24,16,100,#FFE7D6
25,16,100,#FFE7D6
26,16,100,#FFE8D6
27,16,100,#FFE9D6
28,16,100,#FFE9D6
29,16,100,#FFEAD6
30,16,100,#FFEBD6
31,16,100,#FFEBD6
32,16,100,#FFECD6
33,16,100,#FFEDD6
34,16,100,#FFEDD6
35,16,100,#FFEED6
36,16,100,#FFEFD6
37,16,100,#FFEFD6
38,16,100,#FFF0D6
39,16,100,#FFF1D6
40,16,100,#FFF1D6
41,16,100,#FFF2D6
42,16,100,#FFF3D6
43,16,100,#FFF3D6
44,16,100,#FFF4D6
45,16,100,#FFF5D6
46,16,100,#FFF5D6
47,16,100,#FFF6D6
48,16,100,#FFF7D6
49,16,100,#FFF8D6
50,16,100,#FFF8D6
51,16,100,#FFF9D6
52,16,100,#FFFAD6
53,16,100,#FFFAD6
54,16,100,#FFFBD6
55,16,100,#FFFCD6
56,16,100,#FFFCD6
57,16,100,#FFFDD6
58,16,100,#FFFED6
59,16,100,#FFFED6
60,16,100,#FFFFD6
61,16,100,#FEFFD6
62,16,100,#FEFFD6
63,16,100,#FDFFD6
64,16,100,#FCFFD6
65,16,100,#FCFFD6
66,16,100,#FBFFD6
67,16,100,#FAFFD6
68,16,100,#FAFFD6
69,16,100,#F9FFD6
70,16,100,#F8FFD6
71,16,100,#F8FFD6
72,16,100,#F7FFD6
73,16,100,#F6FFD6
74,16,100,#F5FFD6
75,16,100,#F5FFD6
76,16,100,#F4FFD6
77,16,100,#F3FFD6
78,16,100,#F3FFD6
79,16,100,#F2FFD6
80,16,100,#F1FFD6
81,16,100,#F1FFD6
82,16,100,#F0FFD6
83,16,100,#EFFFD6
84,16,100,#EFFFD6
85,16,100,#EEFFD6
86,16,100,#EDFFD6
87,16,100,#EDFFD6
88,16,100,#ECFFD6
89,16,100,#EBFFD6
90,16,100,#EBFFD6
91,16,100,#EAFFD6
92,16,100,#E9FFD6
93,16,100,#E9FFD6
94,16,100,#E8FFD6
95,16,100,#E7FFD6
96,16,100,#E7FFD6
97,16,100,#E6FFD6
98,16,100,#E5FFD6
99,16,100,#E4FFD6
100,16,100,#E4FFD6
101,16,100,#E3FFD6
102,16,100,#E2FFD6
103,16,100,#E2FFD6
104,16,100,#E1FFD6
105,16,100,#E0FFD6
106,16,100,#E0FFD6
107,16,100,#DFFFD6
108,16,100,#DEFFD6
109,16,100,#DEFFD6
110,16,100,#DDFFD6
111,16,100,#DCFFD6
112,16,100,#DCFFD6
113,16,100,#DBFFD6
114,16,100,#DAFFD6
115,16,100,#DAFFD6
116,16,100,#D9FFD6
117,16,100,#D8FFD6
118,16,100,#D8FFD6
119,16,100,#D7FFD6
120,16,100,#D6FFD6
121,16,100,#D6FFD7
122,16,100,#D6FFD8
123,16,100,#D6FFD8
124,16,100,#D6FFD9
125,16,100,#D6FFDA
126,16,100,#D6FFDA
127,16,100,#D6FFDB
128,16,100,#D6FFDC
129,16,100,#D6FFDC
130,16,100,#D6FFDD
131,16,100,#D6FFDE
132,16,100,#D6FFDE
133,16,100,#D6FFDF
134,16,100,#D6FFE0
135,16,100,#D6FFE0
136,16,100,#D6FFE1
137,16,100,#D6FFE2
138,16,100,#D6FFE2
139,16,100,#D6FFE3
140,16,100,#D6FFE4
141,16,100,#D6FFE4
142,16,100,#D6FFE5
143,16,100,#D6FFE6
144,16,100,#D6FFE7
145,16,100,#D6FFE7
146,16,100,#D6FFE8
147,16,100,#D6FFE9
148,16,100,#D6FFE9
149,16,100,#D6FFEA
150,16,100,#D6FFEB
151,16,100,#D6FFEB
152,16,100,#D6FFEC
153,16,100,#D6FFED
154,16,100,#D6FFED
155,16,100,#D6FFEE
156,16,100,#D6FFEF
157,16,100,#D6FFEF
158,16,100,#D6FFF0
159,16,100,#D6FFF1
160,16,100,#D6FFF1
161,16,100,#D6FFF2
162,16,100,#D6FFF3
163,16,100,#D6FFF3
164,16,100,#D6FFF4
165,16,100,#D6FFF5
166,16,100,#D6FFF5
167,16,100,#D6FFF6
168,16,100,#D6FFF7
169,16,100,#D6FFF8
170,16,100,#D6FFF8
171,16,100,#D6FFF9
172,16,100,#D6FFFA
173,16,100,#D6FFFA
174,16,100,#D6FFFB
175,16,100,#D6FFFC
176,16,100,#D6FFFC
177,16,100,#D6FFFD
178,16,100,#D6FFFE
179,16,100,#D6FFFE
180,16,100,#D6FFFF
181,16,100,#D6FEFF
182,16,100,#D6FEFF
183,16,100,#D6FDFF
184,16,100,#D6FCFF
185,16,100,#D6FCFF
186,16,100,#D6FBFF
187,16,100,#D6FAFF
188,16,100,#D6FAFF
189,16,100,#D6F9FF
190,16,100,#D6F8FF
191,16,100,#D6F8FF
192,16,100,#D6F7FF
193,16,100,#D6F6FF
194,16,100,#D6F5FF
195,16,100,#D6F5FF
196,16,100,#D6F4FF
197,16,100,#D6F3FF
198,16,100,#D6F3FF
199,16,100,#D6F2FF
200,16,100,#D6F1FF
201,16,100,#D6F1FF
202,16,100,#D6F0FF
203,16,100,#D6EFFF
204,16,100,#D6EFFF
205,16,100,#D6EEFF
206,16,100,#D6EDFF
207,16,100,#D6EDFF
208,16,100,#D6ECFF
209,16,100,#D6EBFF
210,16,100,#D6EBFF
211,16,100,#D6EAFF
212,16,100,#D6E9FF
213,16,100,#D6E9FF
214,16,100,#D6E8FF
215,16,100,#D6E7FF
216,16,100,#D6E7FF
217,16,100,#D6E6FF
218,16,100,#D6E5FF
219,16,100,#D6E4FF
220,16,100,#D6E4FF
221,16,100,#D6E3FF
222,16,100,#D6E2FF
223,16,100,#D6E2FF
224,16,100,#D6E1FF
225,16,100,#D6E0FF
226,16,100,#D6E0FF
227,16,100,#D6DFFF
228,16,100,#D6DEFF
229,16,100,#D6DEFF
230,16,100,#D6DDFF
231,16,100,#D6DCFF
232,16,100,#D6DCFF
233,16,100,#D6DBFF
234,16,100,#D6DAFF
235,16,100,#D6DAFF
236,16,100,#D6D9FF
237,16,100,#D6D8FF
238,16,100,#D6D8FF
239,16,100,#D6D7FF
240,16,100,#D6D6FF
241,16,100,#D7D6FF
242,16,100,#D8D6FF
243,16,100,#D8D6FF
244,16,100,#D9D6FF
245,16,100,#DAD6FF
246,16,100,#DAD6FF
247,16,100,#DBD6FF
248,16,100,#DCD6FF
249,16,100,#DCD6FF
250,16,100,#DDD6FF
251,16,100,#DED6FF
252,16,100,#DED6FF
253,16,100,#DFD6FF
254,16,100,#E0D6FF
255,16,100,#E0D6FF
256,16,100,#E1D6FF
257,16,100,#E2D6FF
258,16,100,#E2D6FF
259,16,100,#E3D6FF
260,16,100,#E4D6FF
261,16,100,#E4D6FF
262,16,100,#E5D6FF
263,16,100,#E6D6FF
264,16,100,#E7D6FF
265,16,100,#E7D6FF
266,16,100,#E8D6FF
267,16,100,#E9D6FF
268,16,100,#E9D6FF
269,16,100,#EAD6FF
270,16,100,#EBD6FF
271,16,100,#EBD6FF
272,16,100,#ECD6FF
273,16,100,#EDD6FF
274,16,100,#EDD6FF
275,16,100,#EED6FF
276,16,100,#EFD6FF
277,16,100,#EFD6FF
278,16,100,#F0D6FF
279,16,100,#F1D6FF
280,16,100,#F1D6FF
281,16,100,#F2D6FF
282,16,100,#F3D6FF
283,16,100,#F3D6FF
284,16,100,#F4D6FF
285,16,100,#F5D6FF
286,16,100,#F5D6FF
287,16,100,#F6D6FF
288,16,100,#F7D6FF
289,16,100,#F8D6FF
290,16,100,#F8D6FF
291,16,100,#F9D6FF
292,16,100,#FAD6FF
293,16,100,#FAD6FF
294,16,100,#FBD6FF
295,16,100,#FCD6FF
296,16,100,#FCD6FF
297,16,100,#FDD6FF
298,16,100,#FED6FF
299,16,100,#FED6FF
300,16,100,#FFD6FF
301,16,100,#FFD6FE
302,16,100,#FFD6FE
303,16,100,#FFD6FD
304,16,100,#FFD6FC
305,16,100,#FFD6FC
306,16,100,#FFD6FB
307,16,100,#FFD6FA
308,16,100,#FFD6FA
309,16,100,#FFD6F9
310,16,100,#FFD6F8
311,16,100,#FFD6F8
312,16,100,#FFD6F7
313,16,100,#FFD6F6
314,16,100,#FFD6F5
315,16,100,#FFD6F5
316,16,100,#FFD6F4
317,16,100,#FFD6F3
318,16,100,#FFD6F3
319,16,100,#FFD6F2
320,16,100,#FFD6F1
321,16,100,#FFD6F1
322,16,100,#FFD6F0
323,16,100,#FFD6EF
324,16,100,#FFD6EF
325,16,100,#FFD6EE
326,16,100,#FFD6ED
327,16,100,#FFD6ED
328,16,100,#FFD6EC
329,16,100,#FFD6EB
330,16,100,#FFD6EB
331,16,100,#FFD6EA
332,16,100,#FFD6E9
333,16,100,#FFD6E9
334,16,100,#FFD6E8
335,16,100,#FFD6E7
336,16,100,#FFD6E7
337,16,100,#FFD6E6
338,16,100,#FFD6E5
339,16,100,#FFD6E4
340,16,100,#FFD6E4
341,16,100,#FFD6E3
342,16,100,#FFD6E2
343,16,100,#FFD6E2
344,16,100,#FFD6E1
345,16,100,#FFD6E0
346,16,100,#FFD6E0
347,16,100,#FFD6DF
348,16,100,#FFD6DE
349,16,100,#FFD6DE
350,16,100,#FFD6DD
351,16,100,#FFD6DC
352,16,100,#FFD6DC
353,16,100,#FFD6DB
354,16,100,#FFD6DA
355,16,100,#FFD6DA
356,16,100,#FFD6D9
357,16,100,#FFD6D8
358,16,100,#FFD6D8
359,16,100,#FFD6D7
0,15,100,#FFD9D9
1,15,100,#FFD9D9
2,15,100,#FFDAD9
3,15,100,#FFDBD9
4,15,100,#FFDBD9
5,15,100,#FFDCD9
6,15,100,#FFDDD9
7,15,100,#FFDDD9
8,15,100,#FFDED9
9,15,100,#FFDED9
10,15,100,#FFDFD9
11,15,100,#FFE0D9
12,15,100,#FFE0D9
13,15,100,#FFE1D9
14,15,100,#FFE2D9
15,15,100,#FFE2D9
16,15,100,#FFE3D9
17,15,100,#FFE4D9
18,15,100,#FFE4D9
19,15,100,#FFE5D9
20,15,100,#FFE6D9
21,15,100,#FFE6D9
22,15,100,#FFE7D9
23,15,100,#FFE7D9
24,15,100,#FFE8D9
25,15,100,#FFE9D9
26,15,100,#FFE9D9
27,15,100,#FFEAD9
28,15,100,#FFEBD9
29,15,100,#FFEBD9
30,15,100,#FFECD9
31,15,100,#FFEDD9
32,15,100,#FFEDD9
33,15,100,#FFEED9
34,15,100,#FFEED9
35,15,100,#FFEFD9
36,15,100,#FFF0D9
37,15,100,#FFF0D9
38,15,100,#FFF1D9
39,15,100,#FFF2D9
40,15,100,#FFF2D9
41,15,100,#FFF3D9
42,15,100,#FFF4D9
43,15,100,#FFF4D9
44,15,100,#FFF5D9
45,15,100,#FFF5D9
46,15,100,#FFF6D9
47,15,100,#FFF7D9
48,15,100,#FFF7D9
49,15,100,#FFF8D9
50,15,100,#FFF9D9
51,15,100,#FFF9D9
52,15,100,#FFFAD9
53,15,100,#FFFBD9
54,15,100,#FFFBD9
55,15,100,#FFFCD9
56,15,100,#FFFCD9
57,15,100,#FFFDD9
58,15,100,#FFFED9
59,15,100,#FFFED9
60,15,100,#FFFFD9
61,15,100,#FEFFD9
62,15,100,#FEFFD9
63,15,100,#FDFFD9
64,15,100,#FCFFD9
65,15,100,#FCFFD9
66,15,100,#FBFFD9
67,15,100,#FBFFD9
68,15,100,#FAFFD9
69,15,100,#F9FFD9
70,15,100,#F9FFD9
71,15,100,#F8FFD9
72,15,100,#F7FFD9
73,15,100,#F7FFD9
74,15,100,#F6FFD9
75,15,100,#F5FFD9
76,15,100,#F5FFD9
77,15,100,#F4FFD9
78,15,100,#F4FFD9
79,15,100,#F3FFD9
80,15,100,#F2FFD9
81,15,100,#F2FFD9
82,15,100,#F1FFD9
83,15,100,#F0FFD9
84,15,100,#F0FFD9
85,15,100,#EFFFD9
86,15,100,#EEFFD9
87,15,100,#EEFFD9
88,15,100,#EDFFD9
89,15,100,#EDFFD9
90,15,100,#ECFFD9
91,15,100,#EBFFD9
92,15,100,#EBFFD9
93,15,100,#EAFFD9
94,15,100,#E9FFD9
95,15,100,#E9FFD9
96,15,100,#E8FFD9
97,15,100,#E7FFD9
98,15,100,#E7FFD9
99,15,100,#E6FFD9
100,15,100,#E6FFD9
101,15,100,#E5FFD9
102,15,100,#E4FFD9
103,15,100,#E4FFD9
104,15,100,#E3FFD9
105,15,100,#E2FFD9
106,15,100,#E2FFD9
107,15,100,#E1FFD9
108,15,100,#E0FFD9
109,15,100,#E0FFD9
110,15,100,#DFFFD9
111,15,100,#DEFFD9
112,15,100,#DEFFD9
113,15,100,#DDFFD9
114,15,100,#DDFFD9
115,15,100,#DCFFD9
116,15,100,#DBFFD9
117,15,100,#DBFFD9
118,15,100,#DAFFD9
119,15,100,#D9FFD9
120,15,100,#D9FFD9
121,15,100,#D9FFD9
122,15,100,#D9FFDA
123,15,100,#D9FFDB
124,15,100,#D9FFDB
125,15,100,#D9FFDC
126,15,100,#D9FFDD
127,15,100,#D9FFDD
128,15,100,#D9FFDE
129,15,100,#D9FFDE
130,15,100,#D9FFDF
131,15,100,#D9FFE0
132,15,100,#D9FFE0
133,15,100,#D9FFE1
134,15,100,#D9FFE2
135,15,100,#D9FFE2
136,15,100,#D9FFE3
137,15,100,#D9FFE4
138,15,100,#D9FFE4
139,15,100,#D9FFE5
140,15,100,#D9FFE6
141,15,100,#D9FFE6
142,15,100,#D9FFE7
143,15,100,#D9FFE7
144,15,100,#D9FFE8
145,15,100,#D9FFE9
146,15,100,#D9FFE9
147,15,100,#D9FFEA
148,15,100,#D9FFEB
149,15,100,#D9FFEB
150,15,100,#D9FFEC
151,15,100,#D9FFED
152,15,100,#D9FFED
153,15,100,#D9FFEE
154,15,100,#D9FFEE
155,15,100,#D9FFEF
156,15,100,#D9FFF0
157,15,100,#D9FFF0
158,15,100,#D9FFF1
159,15,100,#D9FFF2
160,15,100,#D9FFF2
161,15,100,#D9FFF3
162,15,100,#D9FFF4
163,15,100,#D9FFF4
164,15,100,#D9FFF5
165,15,100,#D9FFF5
166,15,100,#D9FFF6
167,15,100,#D9FFF7
168,15,100,#D9FFF7
169,15,100,#D9FFF8
170,15,100,#D9FFF9
171,15,100,#D9FFF9
172,15,100,#D9FFFA
173,15,100,#D9FFFB
174,15,100,#D9FFFB
175,15,100,#D9FFFC
176,15,100,#D9FFFC
177,15,100,#D9FFFD
178,15,100,#D9FFFE
179,15,100,#D9FFFE
180,15,100,#D9FFFF
181,15,100,#D9FEFF
182,15,100,#D9FEFF
183,15,100,#D9FDFF
184,15,100,#D9FCFF
185,15,100,#D9FCFF
186,15,100,#D9FBFF
187,15,100,#D9FBFF
188,15,100,#D9FAFF
189,15,100,#D9F9FF
190,15,100,#D9F9FF
191,15,100,#D9F8FF
192,15,100,#D9F7FF
193,15,100,#D9F7FF
194,15,100,#D9F6FF
195,15,100,#D9F5FF
196,15,100,#D9F5FF
197,15,100,#D9F4FF
198,15,100,#D9F4FF
199,15,100,#D9F3FF
200,15,100,#D9F2FF
201,15,100,#D9F2FF
202,15,100,#D9F1FF
203,15,100,#D9F0FF
204,15,100,#D9F0FF
205,15,100,#D9EFFF
206,15,100,#D9EEFF
207,15,100,#D9EEFF
208,15,100,#D9EDFF
209,15,100,#D9EDFF
210,15,100,#D9ECFF
211,15,100,#D9EBFF
212,15,100,#D9EBFF
213,15,100,#D9EAFF
214,15,100,#D9E9FF
215,15,100,#D9E9FF
216,15,100,#D9E8FF
217,15,100,#D9E7FF
218,15,100,#D9E7FF
219,15,100,#D9E6FF
220,15,100,#D9E5FF
221,15,100,#D9E5FF
222,15,100,#D9E4FF
223,15,100,#D9E4FF
224,15,100,#D9E3FF
225,15,100,#D9E2FF
226,15,100,#D9E2FF
227,15,100,#D9E1FF
228,15,100,#D9E0FF
229,15,100,#D9E0FF
230,15,100,#D9DFFF
231,15,100,#D9DEFF
232,15,100,#D9DEFF
233,15,100,#D9DDFF
234,15,100,#D9DDFF
235,15,100,#D9DCFF
236,15,100,#D9DBFF
237,15,100,#D9DBFF
238,15,100,#D9DAFF
239,15,100,#D9D9FF
240,15,100,#D9D9FF
241,15,100,#D9D9FF
242,15,100,#DAD9FF
243,15,100,#DBD9FF
244,15,100,#DBD9FF
245,15,100,#DCD9FF
246,15,100,#DDD9FF
247,15,100,#DDD9FF
248,15,100,#DED9FF
249,15,100,#DED9FF
250,15,100,#DFD9FF
251,15,100,#E0D9FF
252,15,100,#E0D9FF
253,15,100,#E1D9FF
254,15,100,#E2D9FF
255,15,100,#E2D9FF
256,15,100,#E3D9FF
257,15,100,#E4D9FF
258,15,100,#E4D9FF
259,15,100,#E5D9FF
260,15,100,#E5D9FF
261,15,100,#E6D9FF
262,15,100,#E7D9FF
263,15,100,#E7D9FF
264,15,100,#E8D9FF
265,15,100,#E9D9FF
266,15,100,#E9D9FF
267,15,100,#EAD9FF
268,15,100,#EBD9FF
269,15,100,#EBD9FF
270,15,100,#ECD9FF
271,15,100,#EDD9FF
272,15,100,#EDD9FF
273,15,100,#EED9FF
274,15,100,#EED9FF
275,15,100,#EFD9FF
276,15,100,#F0D9FF
277,15,100,#F0D9FF
278,15,100,#F1D9FF
279,15,100,#F2D9FF
280,15,100,#F2D9FF
281,15,100,#F3D9FF
282,15,100,#F4D9FF
283,15,100,#F4D9FF
284,15,100,#F5D9FF
285,15,100,#F5D9FF
286,15,100,#F6D9FF
287,15,100,#F7D9FF
288,15,100,#F7D9FF
289,15,100,#F8D9FF
290,15,100,#F9D9FF
291,15,100,#F9D9FF
292,15,100,#FAD9FF
293,15,100,#FBD9FF
294,15,100,#FBD9FF
295,15,100,#FCD9FF
296,15,100,#FCD9FF
297,15,100,#FDD9FF
298,15,100,#FED9FF
299,15,100,#FED9FF
300,15,100,#FFD9FF
301,15,100,#FFD9FE
302,15,100,#FFD9FE
303,15,100,#FFD9FD
304,15,100,#FFD9FC
305,15,100,#FFD9FC
306,15,100,#FFD9FB
307,15,100,#FFD9FB
308,15,100,#FFD9FA
309,15,100,#FFD9F9
310,15,100,#FFD9F9
311,15,100,#FFD9F8
312,15,100,#FFD9F7
313,15,100,#FFD9F7
314,15,100,#FFD9F6
315,15,100,#FFD9F5
316,15,100,#FFD9F5
317,15,100,#FFD9F4
318,15,100,#FFD9F4
319,15,100,#FFD9F3
320,15,100,#FFD9F2
321,15,100,#FFD9F2
322,15,100,#FFD9F1
323,15,100,#FFD9F0
324,15,100,#FFD9F0
325,15,100,#FFD9EF
326,15,100,#FFD9EE
327,15,100,#FFD9EE
328,15,100,#FFD9ED
329,15,100,#FFD9ED
330,15,100,#FFD9EC
331,15,100,#FFD9EB
332,15,100,#FFD9EB
333,15,100,#FFD9EA
334,15,100,#FFD9E9
335,15,100,#FFD9E9
336,15,100,#FFD9E8
337,15,100,#FFD9E7
338,15,100,#FFD9E7
339,15,100,#FFD9E6
340,15,100,#FFD9E6
341,15,100,#FFD9E5
342,15,100,#FFD9E4
343,15,100,#FFD9E4
344,15,100,#FFD9E3
345,15,100,#FFD9E2
346,15,100,#FFD9E2
347,15,100,#FFD9E1
348,15,100,#FFD9E0
349,15,100,#FFD9E0
350,15,100,#FFD9DF
351,15,100,#FFD9DE
352,15,100,#FFD9DE
353,15,100,#FFD9DD
354,15,100,#FFD9DD
355,15,100,#FFD9DC
356,15,100,#FFD9DB
357,15,100,#FFD9DB
358,15,100,#FFD9DA
359,15,100,#FFD9D9
0,14,100,#FFDBDB
1,14,100,#FFDCDB
2,14,100,#FFDCDB
3,14,100,#FFDDDB
4,14,100,#FFDEDB
5,14,100,#FFDEDB
6,14,100,#FFDFDB
7,14,100,#FFDFDB
8,14,100,#FFE0DB
9,14,100,#FFE1DB
10,14,100,#FFE1DB
11,14,100,#FFE2DB
12,14,100,#FFE2DB
13,14,100,#FFE3DB
14,14,100,#FFE4DB
15,14,100,#FFE4DB
16,14,100,#FFE5DB
17,14,100,#FFE5DB
18,14,100,#FFE6DB
19,14,100,#FFE7DB
20,14,100,#FFE7DB
21,14,100,#FFE8DB
22,14,100,#FFE8DB
23,14,100,#FFE9DB
24,14,100,#FFEADB
25,14,100,#FFEADB
26,14,100,#FFEBDB
27,14,100,#FFEBDB
28,14,100,#FFECDB
29,14,100,#FFEDDB
30,14,100,#FFEDDB
31,14,100,#FFEEDB
32,14,100,#FFEEDB
33,14,100,#FFEFDB
34,14,100,#FFF0DB
35,14,100,#FFF0DB
36,14,100,#FFF1DB
37,14,100,#FFF1DB
38,14,100,#FFF2DB
39,14,100,#FFF3DB
40,14,100,#FFF3DB
41,14,100,#FFF4DB
42,14,100,#FFF4DB
43,14,100,#FFF5DB
44,14,100,#FFF5DB
45,14,100,#FFF6DB
46,14,100,#FFF7DB
47,14,100,#FFF7DB
48,14,100,#FFF8DB
49,14,100,#FFF8DB
50,14,100,#FFF9DB
51,14,100,#FFFADB
52,14,100,#FFFADB
53,14,100,#FFFBDB
54,14,100,#FFFBDB
55,14,100,#FFFCDB
56,14,100,#FFFDDB
57,14,100,#FFFDDB
58,14,100,#FFFEDB
59,14,100,#FFFEDB
60,14,100,#FFFFDB
61,14,100,#FEFFDB
62,14,100,#FEFFDB
63,14,100,#FDFFDB
64,14,100,#FDFFDB
65,14,100,#FCFFDB
66,14,100,#FBFFDB
67,14,100,#FBFFDB
68,14,100,#FAFFDB
69,14,100,#FAFFDB
70,14,100,#F9FFDB
71,14,100,#F8FFDB
72,14,100,#F8FFDB
73,14,100,#F7FFDB
74,14,100,#F7FFDB
75,14,100,#F6FFDB
76,14,100,#F5FFDB
77,14,100,#F5FFDB
78,14,100,#F4FFDB
79,14,100,#F4FFDB
80,14,100,#F3FFDB
81,14,100,#F3FFDB
82,14,100,#F2FFDB
83,14,100,#F1FFDB
84,14,100,#F1FFDB
85,14,100,#F0FFDB
86,14,100,#F0FFDB
87,14,100,#EFFFDB
88,14,100,#EEFFDB
89,14,100,#EEFFDB
90,14,100,#EDFFDB
91,14,100,#EDFFDB
92,14,100,#ECFFDB
93,14,100,#EBFFDB
94,14,100,#EBFFDB
95,14,100,#EAFFDB
96,14,100,#EAFFDB
97,14,100,#E9FFDB
98,14,100,#E8FFDB
99,14,100,#E8FFDB
100,14,100,#E7FFDB
101,14,100,#E7FFDB
102,14,100,#E6FFDB
103,14,100,#E5FFDB
104,14,100,#E5FFDB
105,14,100,#E4FFDB
106,14,100,#E4FFDB
107,14,100,#E3FFDB
108,14,100,#E2FFDB
109,14,100,#E2FFDB
110,14,100,#E1FFDB
111,14,100,#E1FFDB
112,14,100,#E0FFDB
113,14,100,#DFFFDB
114,14,100,#DFFFDB
115,14,100,#DEFFDB
116,14,100,#DEFFDB
117,14,100,#DDFFDB
118,14,100,#DCFFDB
119,14,100,#DCFFDB
120,14,100,#DBFFDB
121,14,100,#DBFFDC
122,14,100,#DBFFDC
123,14,100,#DBFFDD
124,14,100,#DBFFDE
125,14,100,#DBFFDE
126,14,100,#DBFFDF
127,14,100,#DBFFDF
128,14,100,#DBFFE0
129,14,100,#DBFFE1
130,14,100,#DBFFE1
131,14,100,#DBFFE2
132,14,100,#DBFFE2
133,14,100,#DBFFE3
134,14,100,#DBFFE4
135,14,100,#DBFFE4
136,14,100,#DBFFE5
137,14,100,#DBFFE5
138,14,100,#DBFFE6
139,14,100,#DBFFE7
140,14,100,#DBFFE7
141,14,100,#DBFFE8
142,14,100,#DBFFE8
143,14,100,#DBFFE9
144,14,100,#DBFFEA
145,14,100,#DBFFEA
146,14,100,#DBFFEB
147,14,100,#DBFFEB
148,14,100,#DBFFEC
149,14,100,#DBFFED
150,14,100,#DBFFED
151,14,100,#DBFFEE
152,14,100,#DBFFEE
153,14,100,#DBFFEF
154,14,100,#DBFFF0
155,14,100,#DBFFF0
156,14,100,#DBFFF1
157,14,100,#DBFFF1
158,14,100,#DBFFF2
159,14,100,#DBFFF3
160,14,100,#DBFFF3
161,14,100,#DBFFF4
162,14,100,#DBFFF4
163,14,100,#DBFFF5
164,14,100,#DBFFF5
165,14,100,#DBFFF6
166,14,100,#DBFFF7
167,14,100,#DBFFF7
168,14,100,#DBFFF8
169,14,100,#DBFFF8
170,14,100,#DBFFF9
171,14,100,#DBFFFA
172,14,100,#DBFFFA
173,14,100,#DBFFFB
174,14,100,#DBFFFB
175,14,100,#DBFFFC
176,14,100,#DBFFFD
177,14,100,#DBFFFD
178,14,100,#DBFFFE
179,14,100,#DBFFFE
180,14,100,#DBFFFF
181,14,100,#DBFEFF
182,14,100,#DBFEFF
183,14,100,#DBFDFF
184,14,100,#DBFDFF
185,14,100,#DBFCFF
186,14,100,#DBFBFF
187,14,100,#DBFBFF
188,14,100,#DBFAFF
189,14,100,#DBFAFF
190,14,100,#DBF9FF
191,14,100,#DBF8FF
192,14,100,#DBF8FF
193,14,100,#DBF7FF
194,14,100,#DBF7FF
195,14,100,#DBF6FF
196,14,100,#DBF5FF
197,14,100,#DBF5FF
198,14,100,#DBF4FF
199,14,100,#DBF4FF
200,14,100,#DBF3FF
201,14,100,#DBF3FF
202,14,100,#DBF2FF
203,14,100,#DBF1FF
204,14,100,#DBF1FF
205,14,100,#DBF0FF
206,14,100,#DBF0FF
207,14,100,#DBEFFF
208,14,100,#DBEEFF
209,14,100,#DBEEFF
210,14,100,#DBEDFF
211,14,100,#DBEDFF
212,14,100,#DBECFF
213,14,100,#DBEBFF
214,14,100,#DBEBFF
215,14,100,#DBEAFF
216,14,100,#DBEAFF
217,14,100,#DBE9FF
218,14,100,#DBE8FF
219,14,100,#DBE8FF
220,14,100,#DBE7FF
221,14,100,#DBE7FF
222,14,100,#DBE6FF
223,14,100,#DBE5FF
224,14,100,#DBE5FF
225,14,100,#DBE4FF
226,14,100,#DBE4FF
227,14,100,#DBE3FF
228,14,100,#DBE2FF
229,14,100,#DBE2FF
230,14,100,#DBE1FF
231,14,100,#DBE1FF
232,14,100,#DBE0FF
233,14,100,#DBDFFF
234,14,100,#DBDFFF
235,14,100,#DBDEFF
236,14,100,#DBDEFF
237,14,100,#DBDDFF
238,14,100,#DBDCFF
239,14,100,#DBDCFF
240,14,100,#DBDBFF
241,14,100,#DCDBFF
242,14,100,#DCDBFF
243,14,100,#DDDBFF
244,14,100,#DEDBFF
245,14,100,#DEDBFF
246,14,100,#DFDBFF
247,14,100,#DFDBFF
248,14,100,#E0DBFF
249,14,100,#E1DBFF
250,14,100,#E1DBFF
251,14,100,#E2DBFF
252,14,100,#E2DBFF
253,14,100,#E3DBFF
254,14,100,#E4DBFF
255,14,100,#E4DBFF
256,14,100,#E5DBFF
257,14,100,#E5DBFF
258,14,100,#E6DBFF
259,14,100,#E7DBFF
260,14,100,#E7DBFF
261,14,100,#E8DBFF
262,14,100,#E8DBFF
263,14,100,#E9DBFF
264,14,100,#EADBFF
265,14,100,#EADBFF
266,14,100,#EBDBFF
267,14,100,#EBDBFF
268,14,100,#ECDBFF
269,14,100,#EDDBFF
270,14,100,#EDDBFF
271,14,100,#EEDBFF
272,14,100,#EEDBFF
273,14,100,#EFDBFF
274,14,100,#F0DBFF
275,14,100,#F0DBFF
276,14,100,#F1DBFF
277,14,100,#F1DBFF
278,14,100,#F2DBFF
279,14,100,#F3DBFF
280,14,100,#F3DBFF
281,14,100,#F4DBFF
282,14,100,#F4DBFF
283,14,100,#F5DBFF
284,14,100,#F5DBFF
285,14,100,#F6DBFF
286,14,100,#F7DBFF
287,14,100,#F7DBFF
288,14,100,#F8DBFF
289,14,100,#F8DBFF
290,14,100,#F9DBFF
291,14,100,#FADBFF
292,14,100,#FADBFF
293,14,100,#FBDBFF
294,14,100,#FBDBFF
295,14,100,#FCDBFF
296,14,100,#FDDBFF
297,14,100,#FDDBFF
298,14,100,#FEDBFF
299,14,100,#FEDBFF
300,14,100,#FFDBFF
301,14,100,#FFDBFE
302,14,100,#FFDBFE
303,14,100,#FFDBFD
304,14,100,#FFDBFD
305,14,100,#FFDBFC
306,14,100,#FFDBFB
307,14,100,#FFDBFB
308,14,100,#FFDBFA
309,14,100,#FFDBFA
310,14,100,#FFDBF9
311,14,100,#FFDBF8
312,14,100,#FFDBF8
313,14,100,#FFDBF7
314,14,100,#FFDBF7
315,14,100,#FFDBF6
316,14,100,#FFDBF5
317,14,100,#FFDBF5
318,14,100,#FFDBF4
319,14,100,#FFDBF4
320,14,100,#FFDBF3
321,14,100,#FFDBF3
322,14,100,#FFDBF2
323,14,100,#FFDBF1
324,14,100,#FFDBF1
325,14,100,#FFDBF0
326,14,100,#FFDBF0
327,14,100,#FFDBEF
328,14,100,#FFDBEE
329,14,100,#FFDBEE
330,14,100,#FFDBED
331,14,100,#FFDBED
332,14,100,#FFDBEC
333,14,100,#FFDBEB
334,14,100,#FFDBEB
335,14,100,#FFDBEA
336,14,100,#FFDBEA
337,14,100,#FFDBE9
338,14,100,#FFDBE8
339,14,100,#FFDBE8
340,14,100,#FFDBE7
341,14,100,#FFDBE7
342,14,100,#FFDBE6
343,14,100,#FFDBE5
344,14,100,#FFDBE5
345,14,100,#FFDBE4
346,14,100,#FFDBE4
347,14,100,#FFDBE3
348,14,100,#FFDBE2
349,14,100,#FFDBE2
350,14,100,#FFDBE1
351,14,100,#FFDBE1
352,14,100,#FFDBE0
353,14,100,#FFDBDF
354,14,100,#FFDBDF
355,14,100,#FFDBDE
356,14,100,#FFDBDE
357,14,100,#FFDBDD
358,14,100,#FFDBDC
359,14,100,#FFDBDC
0,13,100,#FFDEDE
1,13,100,#FFDEDE
2,13,100,#FFDFDE
3,13,100,#FFE0DE
4,13,100,#FFE0DE
5,13,100,#FFE1DE
6,13,100,#FFE1DE
7,13,100,#FFE2DE
8,13,100,#FFE2DE
9,13,100,#FFE3DE
10,13,100,#FFE3DE
11,13,100,#FFE4DE
12,13,100,#FFE4DE
13,13,100,#FFE5DE
14,13,100,#FFE6DE
15,13,100,#FFE6DE
16,13,100,#FFE7DE
17,13,100,#FFE7DE
18,13,100,#FFE8DE
19,13,100,#FFE8DE
20,13,100,#FFE9DE
21,13,100,#FFE9DE
22,13,100,#FFEADE
23,13,100,#FFEBDE
24,13,100,#FFEBDE
25,13,100,#FFECDE
26,13,100,#FFECDE
27,13,100,#FFEDDE
28,13,100,#FFEDDE
29,13,100,#FFEEDE
30,13,100,#FFEEDE
31,13,100,#FFEFDE
32,13,100,#FFF0DE
33,13,100,#FFF0DE
34,13,100,#FFF1DE
35,13,100,#FFF1DE
36,13,100,#FFF2DE
37,13,100,#FFF2DE
38,13,100,#FFF3DE
39,13,100,#FFF3DE
40,13,100,#FFF4DE
41,13,100,#FFF5DE
42,13,100,#FFF5DE
43,13,100,#FFF6DE
44,13,100,#FFF6DE
45,13,100,#FFF7DE
46,13,100,#FFF7DE
47,13,100,#FFF8DE
48,13,100,#FFF8DE
49,13,100,#FFF9DE
50,13,100,#FFF9DE
51,13,100,#FFFADE
52,13,100,#FFFBDE
53,13,100,#FFFBDE
54,13,100,#FFFCDE
55,13,100,#FFFCDE
56,13,100,#FFFDDE
57,13,100,#FFFDDE
58,13,100,#FFFEDE
59,13,100,#FFFEDE
60,13,100,#FFFFDE
61,13,100,#FEFFDE
62,13,100,#FEFFDE
63,13,100,#FDFFDE
64,13,100,#FDFFDE
65,13,100,#FCFFDE
66,13,100,#FCFFDE
67,13,100,#FBFFDE
68,13,100,#FBFFDE
69,13,100,#FAFFDE
70,13,100,#F9FFDE
71,13,100,#F9FFDE
72,13,100,#F8FFDE
73,13,100,#F8FFDE
74,13,100,#F7FFDE
75,13,100,#F7FFDE
76,13,100,#F6FFDE
77,13,100,#F6FFDE
78,13,100,#F5FFDE
79,13,100,#F5FFDE
80,13,100,#F4FFDE
81,13,100,#F3FFDE
82,13,100,#F3FFDE
83,13,100,#F2FFDE
84,13,100,#F2FFDE
85,13,100,#F1FFDE
86,13,100,#F1FFDE
87,13,100,#F0FFDE
88,13,100,#F0FFDE
89,13,100,#EFFFDE
90,13,100,#EEFFDE
91,13,100,#EEFFDE
92,13,100,#EDFFDE
93,13,100,#EDFFDE
94,13,100,#ECFFDE
95,13,100,#ECFFDE
96,13,100,#EBFFDE
97,13,100,#EBFFDE
98,13,100,#EAFFDE
99,13,100,#E9FFDE
100,13,100,#E9FFDE
101,13,100,#E8FFDE
102,13,100,#E8FFDE
103,13,100,#E7FFDE
104,13,100,#E7FFDE
105,13,100,#E6FFDE
106,13,100,#E6FFDE
107,13,100,#E5FFDE
108,13,100,#E4FFDE
109,13,100,#E4FFDE
110,13,100,#E3FFDE
111,13,100,#E3FFDE
112,13,100,#E2FFDE
113,13,100,#E2FFDE
114,13,100,#E1FFDE
115,13,100,#E1FFDE
116,13,100,#E0FFDE
117,13,100,#E0FFDE
118,13,100,#DFFFDE
119,13,100,#DEFFDE
120,13,100,#DEFFDE
121,13,100,#DEFFDE
122,13,100,#DEFFDF
123,13,100,#DEFFE0
124,13,100,#DEFFE0
125,13,100,#DEFFE1
126,13,100,#DEFFE1
127,13,100,#DEFFE2
128,13,100,#DEFFE2
129,13,100,#DEFFE3
130,13,100,#DEFFE3
131,13,100,#DEFFE4
132,13,100,#DEFFE4
133,13,100,#DEFFE5
134,13,100,#DEFFE6
135,13,100,#DEFFE6
136,13,100,#DEFFE7
137,13,100,#DEFFE7
138,13,100,#DEFFE8
139,13,100,#DEFFE8
140,13,100,#DEFFE9
141,13,100,#DEFFE9
142,13,100,#DEFFEA
143,13,100,#DEFFEB
144,13,100,#DEFFEB
145,13,100,#DEFFEC
146,13,100,#DEFFEC
147,13,100,#DEFFED
148,13,100,#DEFFED
149,13,100,#DEFFEE
150,13,100,#DEFFEE
151,13,100,#DEFFEF
152,13,100,#DEFFF0
153,13,100,#DEFFF0
154,13,100,#DEFFF1
155,13,100,#DEFFF1
156,13,100,#DEFFF2
157,13,100,#DEFFF2
158,13,100,#DEFFF3
159,13,100,#DEFFF3
160,13,100,#DEFFF4
161,13,100,#DEFFF5
162,13,100,#DEFFF5
163,13,100,#DEFFF6
164,13,100,#DEFFF6
165,13,100,#DEFFF7
166,13,100,#DEFFF7
167,13,100,#DEFFF8
168,13,100,#DEFFF8
169,13,100,#DEFFF9
170,13,100,#DEFFF9
171,13,100,#DEFFFA
172,13,100,#DEFFFB
173,13,100,#DEFFFB
174,13,100,#DEFFFC
175,13,100,#DEFFFC
176,13,100,#DEFFFD
177,13,100,#DEFFFD
178,13,100,#DEFFFE
179,13,100,#DEFFFE
180,13,100,#DEFFFF
181,13,100,#DEFEFF
182,13,100,#DEFEFF
183,13,100,#DEFDFF
184,13,100,#DEFDFF
185,13,100,#DEFCFF
186,13,100,#DEFCFF
187,13,100,#DEFBFF
188,13,100,#DEFBFF
189,13,100,#DEFAFF
190,13,100,#DEF9FF
191,13,100,#DEF9FF
192,13,100,#DEF8FF
193,13,100,#DEF8FF
194,13,100,#DEF7FF
195,13,100,#DEF7FF
196,13,100,#DEF6FF
197,13,100,#DEF6FF
198,13,100,#DEF5FF
199,13,100,#DEF5FF
200,13,100,#DEF4FF
201,13,100,#DEF3FF
202,13,100,#DEF3FF
203,13,100,#DEF2FF
204,13,100,#DEF2FF
205,13,100,#DEF1FF
206,13,100,#DEF1FF
207,13,100,#DEF0FF
208,13,100,#DEF0FF
209,13,100,#DEEFFF
210,13,100,#DEEEFF
211,13,100,#DEEEFF
212,13,100,#DEEDFF
213,13,100,#DEEDFF
214,13,100,#DEECFF
215,13,100,#DEECFF
216,13,100,#DEEBFF
217,13,100,#DEEBFF
218,13,100,#DEEAFF
219,13,100,#DEE9FF
220,13,100,#DEE9FF
221,13,100,#DEE8FF
222,13,100,#DEE8FF
223,13,100,#DEE7FF
224,13,100,#DEE7FF
225,13,100,#DEE6FF
226,13,100,#DEE6FF
227,13,100,#DEE5FF
228,13,100,#DEE4FF
229,13,100,#DEE4FF
230,13,100,#DEE3FF
231,13,100,#DEE3FF
232,13,100,#DEE2FF
233,13,100,#DEE2FF
234,13,100,#DEE1FF
235,13,100,#DEE1FF
236,13,100,#DEE0FF
237,13,100,#DEE0FF
238,13,100,#DEDFFF
239,13,100,#DEDEFF
240,13,100,#DEDEFF
241,13,100,#DEDEFF
242,13,100,#DFDEFF
243,13,100,#E0DEFF
244,13,100,#E0DEFF
245,13,100,#E1DEFF
246,13,100,#E1DEFF
247,13,100,#E2DEFF
248,13,100,#E2DEFF
249,13,100,#E3DEFF
250,13,100,#E3DEFF
251,13,100,#E4DEFF
252,13,100,#E4DEFF
253,13,100,#E5DEFF
254,13,100,#E6DEFF
255,13,100,#E6DEFF
256,13,100,#E7DEFF
257,13,100,#E7DEFF
258,13,100,#E8DEFF
259,13,100,#E8DEFF
260,13,100,#E9DEFF
261,13,100,#E9DEFF
262,13,100,#EADEFF
263,13,100,#EBDEFF
264,13,100,#EBDEFF
265,13,100,#ECDEFF
266,13,100,#ECDEFF
267,13,100,#EDDEFF
268,13,100,#EDDEFF
269,13,100,#EEDEFF
270,13,100,#EEDEFF
271,13,100,#EFDEFF
272,13,100,#F0DEFF
273,13,100,#F0DEFF
274,13,100,#F1DEFF
275,13,100,#F1DEFF
276,13,100,#F2DEFF
277,13,100,#F2DEFF
278,13,100,#F3DEFF
279,13,100,#F3DEFF
280,13,100,#F4DEFF
281,13,100,#F5DEFF
282,13,100,#F5DEFF
283,13,100,#F6DEFF
284,13,100,#F6DEFF
285,13,100,#F7DEFF
286,13,100,#F7DEFF
287,13,100,#F8DEFF
288,13,100,#F8DEFF
289,13,100,#F9DEFF
290,13,100,#F9DEFF
291,13,100,#FADEFF
292,13,100,#FBDEFF
293,13,100,#FBDEFF
294,13,100,#FCDEFF
295,13,100,#FCDEFF
296,13,100,#FDDEFF
297,13,100,#FDDEFF
298,13,100,#FEDEFF
299,13,100,#FEDEFF
300,13,100,#FFDEFF
301,13,100,#FFDEFE
302,13,100,#FFDEFE
303,13,100,#FFDEFD
304,13,100,#FFDEFD
305,13,100,#FFDEFC
306,13,100,#FFDEFC
307,13,100,#FFDEFB
308,13,100,#FFDEFB
309,13,100,#FFDEFA
310,13,100,#FFDEF9
311,13,100,#FFDEF9
312,13,100,#FFDEF8
313,13,100,#FFDEF8
314,13,100,#FFDEF7
315,13,100,#FFDEF7
316,13,100,#FFDEF6
317,13,100,#FFDEF6
318,13,100,#FFDEF5
319,13,100,#FFDEF5
320,13,100,#FFDEF4
321,13,100,#FFDEF3
322,13,100,#FFDEF3
323,13,100,#FFDEF2
324,13,100,#FFDEF2
325,13,100,#FFDEF1
326,13,100,#FFDEF1
327,13,100,#FFDEF0
328,13,100,#FFDEF0
329,13,100,#FFDEEF
330,13,100,#FFDEEE
331,13,100,#FFDEEE
332,13,100,#FFDEED
333,13,100,#FFDEED
334,13,100,#FFDEEC
335,13,100,#FFDEEC
336,13,100,#FFDEEB
337,13,100,#FFDEEB
338,13,100,#FFDEEA
339,13,100,#FFDEE9
340,13,100,#FFDEE9
341,13,100,#FFDEE8
342,13,100,#FFDEE8
343,13,100,#FFDEE7
344,13,100,#FFDEE7
345,13,100,#FFDEE6
346,13,100,#FFDEE6
347,13,100,#FFDEE5
348,13,100,#FFDEE4
349,13,100,#FFDEE4
350,13,100,#FFDEE3
351,13,100,#FFDEE3
352,13,100,#FFDEE2
353,13,100,#FFDEE2
354,13,100,#FFDEE1
355,13,100,#FFDEE1
356,13,100,#FFDEE0
357,13,100,#FFDEE0
358,13,100,#FFDEDF
359,13,100,#FFDEDE
0,12,100,#FFE0E0
1,12,100,#FFE1E0
2,12,100,#FFE1E0
3,12,100,#FFE2E0
4,12,100,#FFE2E0
5,12,100,#FFE3E0
6,12,100,#FFE3E0
7,12,100,#FFE4E0
8,12,100,#FFE4E0
9,12,100,#FFE5E0
10,12,100,#FFE6E0
11,12,100,#FFE6E0
12,12,100,#FFE7E0
13,12,100,#FFE7E0
14,12,100,#FFE8E0
15,12,100,#FFE8E0
16,12,100,#FFE9E0
17,12,100,#FFE9E0
18,12,100,#FFEAE0
19,12,100,#FFEAE0
20,12,100,#FFEBE0
21,12,100,#FFEBE0
22,12,100,#FFECE0
23,12,100,#FFECE0
24,12,100,#FFEDE0
25,12,100,#FFEDE0
26,12,100,#FFEEE0
27,12,100,#FFEEE0
28,12,100,#FFEFE0
29,12,100,#FFEFE0
30,12,100,#FFF0E0
31,12,100,#FFF0E0
32,12,100,#FFF1E0
33,12,100,#FFF1E0
34,12,100,#FFF2E0
35,12,100,#FFF2E0
36,12,100,#FFF3E0
37,12,100,#FFF3E0
38,12,100,#FFF4E0
39,12,100,#FFF4E0
40,12,100,#FFF5E0
41,12,100,#FFF5E0
42,12,100,#FFF6E0
43,12,100,#FFF6E0
44,12,100,#FFF7E0
45,12,100,#FFF7E0
46,12,100,#FFF8E0
47,12,100,#FFF8E0
48,12,100,#FFF9E0
49,12,100,#FFF9E0
50,12,100,#FFFAE0
51,12,100,#FFFAE0
52,12,100,#FFFBE0
53,12,100,#FFFBE0
54,12,100,#FFFCE0
55,12,100,#FFFCE0
56,12,100,#FFFDE0
57,12,100,#FFFDE0
58,12,100,#FFFEE0
59,12,100,#FFFEE0
60,12,100,#FFFFE0
61,12,100,#FEFFE0
62,12,100,#FEFFE0
63,12,100,#FDFFE0
64,12,100,#FDFFE0
65,12,100,#FCFFE0
66,12,100,#FCFFE0
67,12,100,#FBFFE0
68,12,100,#FBFFE0
69,12,100,#FAFFE0
70,12,100,#FAFFE0
71,12,100,#F9FFE0
72,12,100,#F9FFE0
73,12,100,#F8FFE0
74,12,100,#F8FFE0
75,12,100,#F7FFE0
76,12,100,#F7FFE0
77,12,100,#F6FFE0
78,12,100,#F6FFE0
79,12,100,#F5FFE0
80,12,100,#F5FFE0
81,12,100,#F4FFE0
82,12,100,#F4FFE0
83,12,100,#F3FFE0
84,12,100,#F3FFE0
85,12,100,#F2FFE0
86,12,100,#F2FFE0
87,12,100,#F1FFE0
88,12,100,#F1FFE0
89,12,100,#F0FFE0
90,12,100,#F0FFE0
91,12,100,#EFFFE0
92,12,100,#EFFFE0
93,12,100,#EEFFE0
94,12,100,#EEFFE0
95,12,100,#EDFFE0
96,12,100,#EDFFE0
97,12,100,#ECFFE0
98,12,100,#ECFFE0
99,12,100,#EBFFE0
100,12,100,#EBFFE0
101,12,100,#EAFFE0
102,12,100,#EAFFE0
103,12,100,#E9FFE0
104,12,100,#E9FFE0
105,12,100,#E8FFE0
106,12,100,#E8FFE0
107,12,100,#E7FFE0
108,12,100,#E7FFE0
109,12,100,#E6FFE0
110,12,100,#E6FFE0
111,12,100,#E5FFE0
112,12,100,#E4FFE0
113,12,100,#E4FFE0
114,12,100,#E3FFE0
115,12,100,#E3FFE0
116,12,100,#E2FFE0
117,12,100,#E2FFE0
118,12,100,#E1FFE0
119,12,100,#E1FFE0
120,12,100,#E0FFE0
121,12,100,#E0FFE1
122,12,100,#E0FFE1
123,12,100,#E0FFE2
124,12,100,#E0FFE2
125,12,100,#E0FFE3
126,12,100,#E0FFE3
127,12,100,#E0FFE4
128,12,100,#E0FFE4
129,12,100,#E0FFE5
130,12,100,#E0FFE6
131,12,100,#E0FFE6
132,12,100,#E0FFE7
133,12,100,#E0FFE7
134,12,100,#E0FFE8
135,12,100,#E0FFE8
136,12,100,#E0FFE9
137,12,100,#E0FFE9
138,12,100,#E0FFEA
139,12,100,#E0FFEA
140,12,100,#E0FFEB
141,12,100,#E0FFEB
142,12,100,#E0FFEC
143,12,100,#E0FFEC
144,12,100,#E0FFED
145,12,100,#E0FFED
146,12,100,#E0FFEE
147,12,100,#E0FFEE
148,12,100,#E0FFEF
149,12,100,#E0FFEF
150,12,100,#E0FFF0
151,12,100,#E0FFF0
152,12,100,#E0FFF1
153,12,100,#E0FFF1
154,12,100,#E0FFF2
155,12,100,#E0FFF2
156,12,100,#E0FFF3
157,12,100,#E0FFF3
158,12,100,#E0FFF4
159,12,100,#E0FFF4
160,12,100,#E0FFF5
161,12,100,#E0FFF5
162,12,100,#E0FFF6
163,12,100,#E0FFF6
164,12,100,#E0FFF7
165,12,100,#E0FFF7
166,12,100,#E0FFF8
167,12,100,#E0FFF8
168,12,100,#E0FFF9
169,12,100,#E0FFF9
170,12,100,#E0FFFA
171,12,100,#E0FFFA
172,12,100,#E0FFFB
173,12,100,#E0FFFB
174,12,100,#E0FFFC
175,12,100,#E0FFFC
176,12,100,#E0FFFD
177,12,100,#E0FFFD
178,12,100,#E0FFFE
179,12,100,#E0FFFE
180,12,100,#E0FFFF
181,12,100,#E0FEFF
182,12,100,#E0FEFF
183,12,100,#E0FDFF
184,12,100,#E0FDFF
185,12,100,#E0FCFF
186,12,100,#E0FCFF
187,12,100,#E0FBFF
188,12,100,#E0FBFF
189,12,100,#E0FAFF
190,12,100,#E0FAFF
191,12,100,#E0F9FF
192,12,100,#E0F9FF
193,12,100,#E0F8FF
194,12,100,#E0F8FF
195,12,100,#E0F7FF
196,12,100,#E0F7FF
197,12,100,#E0F6FF
198,12,100,#E0F6FF
199,12,100,#E0F5FF
200,12,100,#E0F5FF
201,12,100,#E0F4FF
202,12,100,#E0F4FF
203,12,100,#E0F3FF
204,12,100,#E0F3FF
205,12,100,#E0F2FF
206,12,100,#E0F2FF
207,12,100,#E0F1FF
208,12,100,#E0F1FF
209,12,100,#E0F0FF
210,12,100,#E0F0FF
211,12,100,#E0EFFF
212,12,100,#E0EFFF
213,12,100,#E0EEFF
214,12,100,#E0EEFF
215,12,100,#E0EDFF
216,12,100,#E0EDFF
217,12,100,#E0ECFF
218,12,100,#E0ECFF
219,12,100,#E0EBFF
220,12,100,#E0EBFF
221,12,100,#E0EAFF
222,12,100,#E0EAFF
223,12,100,#E0E9FF
224,12,100,#E0E9FF
225,12,100,#E0E8FF
226,12,100,#E0E8FF
227,12,100,#E0E7FF
228,12,100,#E0E7FF
229,12,100,#E0E6FF
230,12,100,#E0E6FF
231,12,100,#E0E5FF
232,12,100,#E0E4FF
233,12,100,#E0E4FF
234,12,100,#E0E3FF
235,12,100,#E0E3FF
236,12,100,#E0E2FF
237,12,100,#E0E2FF
238,12,100,#E0E1FF
239,12,100,#E0E1FF
240,12,100,#E0E0FF
241,12,100,#E1E0FF
242,12,100,#E1E0FF
243,12,100,#E2E0FF
244,12,100,#E2E0FF
245,12,100,#E3E0FF
246,12,100,#E3E0FF
247,12,100,#E4E0FF
248,12,100,#E4E0FF
249,12,100,#E5E0FF
250,12,100,#E5E0FF
251,12,100,#E6E0FF
252,12,100,#E7E0FF
253,12,100,#E7E0FF
254,12,100,#E8E0FF
255,12,100,#E8E0FF
256,12,100,#E9E0FF
257,12,100,#E9E0FF
258,12,100,#EAE0FF
259,12,100,#EAE0FF
260,12,100,#EBE0FF
261,12,100,#EBE0FF
262,12,100,#ECE0FF
263,12,100,#ECE0FF
264,12,100,#EDE0FF
265,12,100,#EDE0FF
266,12,100,#EEE0FF
267,12,100,#EEE0FF
268,12,100,#EFE0FF
269,12,100,#EFE0FF
270,12,100,#F0E0FF
271,12,100,#F0E0FF
272,12,100,#F1E0FF
273,12,100,#F1E0FF
274,12,100,#F2E0FF
275,12,100,#F2E0FF
276,12,100,#F3E0FF
277,12,100,#F3E0FF
278,12,100,#F4E0FF
279,12,100,#F4E0FF
280,12,100,#F5E0FF
281,12,100,#F5E0FF
282,12,100,#F6E0FF
283,12,100,#F6E0FF
284,12,100,#F7E0FF
285,12,100,#F7E0FF
286,12,100,#F8E0FF
287,12,100,#F8E0FF
288,12,100,#F9E0FF
289,12,100,#F9E0FF
290,12,100,#FAE0FF
291,12,100,#FAE0FF
292,12,100,#FBE0FF
293,12,100,#FBE0FF
294,12,100,#FCE0FF
295,12,100,#FCE0FF
296,12,100,#FDE0FF
297,12,100,#FDE0FF
298,12,100,#FEE0FF
299,12,100,#FEE0FF
300,12,100,#FFE0FF
301,12,100,#FFE0FE
302,12,100,#FFE0FE
303,12,100,#FFE0FD
304,12,100,#FFE0FD
305,12,100,#FFE0FC
306,12,100,#FFE0FC
307,12,100,#FFE0FB
308,12,100,#FFE0FB
309,12,100,#FFE0FA
310,12,100,#FFE0FA
311,12,100,#FFE0F9
312,12,100,#FFE0F9
313,12,100,#FFE0F8
314,12,100,#FFE0F8
315,12,100,#FFE0F7
316,12,100,#FFE0F7
317,12,100,#FFE0F6
318,12,100,#FFE0F6
319,12,100,#FFE0F5
320,12,100,#FFE0F5
321,12,100,#FFE0F4
322,12,100,#FFE0F4
323,12,100,#FFE0F3
324,12,100,#FFE0F3
325,12,100,#FFE0F2
326,12,100,#FFE0F2
327,12,100,#FFE0F1
328,12,100,#FFE0F1
329,12,100,#FFE0F0
330,12,100,#FFE0F0
331,12,100,#FFE0EF
332,12,100,#FFE0EF
333,12,100,#FFE0EE
334,12,100,#FFE0EE
335,12,100,#FFE0ED
336,12,100,#FFE0ED
337,12,100,#FFE0EC
338,12,100,#FFE0EC
339,12,100,#FFE0EB
340,12,100,#FFE0EB
341,12,100,#FFE0EA
342,12,100,#FFE0EA
343,12,100,#FFE0E9
344,12,100,#FFE0E9
345,12,100,#FFE0E8
346,12,100,#FFE0E8
347,12,100,#FFE0E7
348,12,100,#FFE0E7
349,12,100,#FFE0E6
350,12,100,#FFE0E6
351,12,100,#FFE0E5
352,12,100,#FFE0E4
353,12,100,#FFE0E4
354,12,100,#FFE0E3
355,12,100,#FFE0E3
356,12,100,#FFE0E2
357,12,100,#FFE0E2
358,12,100,#FFE0E1
359,12,100,#FFE0E1
0,11,100,#FFE3E3
1,11,100,#FFE3E3
2,11,100,#FFE4E3
3,11,100,#FFE4E3
4,11,100,#FFE5E3
5,11,100,#FFE5E3
6,11,100,#FFE6E3
7,11,100,#FFE6E3
8,11,100,#FFE7E3
9,11,100,#FFE7E3
10,11,100,#FFE8E3
11,11,100,#FFE8E3
12,11,100,#FFE9E3
13,11,100,#FFE9E3
14,11,100,#FFE9E3
15,11,100,#FFEAE3
16,11,100,#FFEAE3
17,11,100,#FFEBE3
18,11,100,#FFEBE3
19,11,100,#FFECE3
20,11,100,#FFECE3
21,11,100,#FFEDE3
22,11,100,#FFEDE3
23,11,100,#FFEEE3
24,11,100,#FFEEE3
25,11,100,#FFEFE3
26,11,100,#FFEFE3
27,11,100,#FFF0E3
28,11,100,#FFF0E3
29,11,100,#FFF1E3
30,11,100,#FFF1E3
31,11,100,#FFF1E3
32,11,100,#FFF2E3
33,11,100,#FFF2E3
34,11,100,#FFF3E3
35,11,100,#FFF3E3
36,11,100,#FFF4E3
37,11,100,#FFF4E3
38,11,100,#FFF5E3
39,11,100,#FFF5E3
40,11,100,#FFF6E3
41,11,100,#FFF6E3
42,11,100,#FFF7E3
43,11,100,#FFF7E3
44,11,100,#FFF8E3
45,11,100,#FFF8E3
46,11,100,#FFF8E3
47,11,100,#FFF9E3
48,11,100,#FFF9E3
49,11,100,#FFFAE3
50,11,100,#FFFAE3
51,11,100,#FFFBE3
52,11,100,#FFFBE3
53,11,100,#FFFCE3
54,11,100,#FFFCE3
55,11,100,#FFFDE3
56,11,100,#FFFDE3
57,11,100,#FFFEE3
58,11,100,#FFFEE3
59,11,100,#FFFFE3
60,11,100,#FFFFE3
61,11,100,#FFFFE3
62,11,100,#FEFFE3
63,11,100,#FEFFE3
64,11,100,#FDFFE3
65,11,100,#FDFFE3
66,11,100,#FCFFE3
67,11,100,#FCFFE3
68,11,100,#FBFFE3
69,11,100,#FBFFE3
70,11,100,#FAFFE3
71,11,100,#FAFFE3
72,11,100,#F9FFE3
73,11,100,#F9FFE3
74,11,100,#F8FFE3
75,11,100,#F8FFE3
76,11,100,#F8FFE3
77,11,100,#F7FFE3
78,11,100,#F7FFE3
79,11,100,#F6FFE3
80,11,100,#F6FFE3
81,11,100,#F5FFE3
82,11,100,#F5FFE3
83,11,100,#F4FFE3
84,11,100,#F4FFE3
85,11,100,#F3FFE3
86,11,100,#F3FFE3
87,11,100,#F2FFE3
88,11,100,#F2FFE3
89,11,100,#F1FFE3
90,11,100,#F1FFE3
91,11,100,#F1FFE3
92,11,100,#F0FFE3
93,11,100,#F0FFE3
94,11,100,#EFFFE3
95,11,100,#EFFFE3
96,11,100,#EEFFE3
97,11,100,#EEFFE3
98,11,100,#EDFFE3
99,11,100,#EDFFE3
100,11,100,#ECFFE3
101,11,100,#ECFFE3
102,11,100,#EBFFE3
103,11,100,#EBFFE3
104,11,100,#EAFFE3
105,11,100,#EAFFE3
106,11,100,#E9FFE3
107,11,100,#E9FFE3
108,11,100,#E9FFE3
109,11,100,#E8FFE3
110,11,100,#E8FFE3
111,11,100,#E7FFE3
112,11,100,#E7FFE3
113,11,100,#E6FFE3
114,11,100,#E6FFE3
115,11,100,#E5FFE3
116,11,100,#E5FFE3
117,11,100,#E4FFE3
118,11,100,#E4FFE3
119,11,100,#E3FFE3
120,11,100,#E3FFE3
121,11,100,#E3FFE3
122,11,100,#E3FFE4
123,11,100,#E3FFE4
124,11,100,#E3FFE5
125,11,100,#E3FFE5
126,11,100,#E3FFE6
127,11,100,#E3FFE6
128,11,100,#E3FFE7
129,11,100,#E3FFE7
130,11,100,#E3FFE8
131,11,100,#E3FFE8
132,11,100,#E3FFE9
133,11,100,#E3FFE9
134,11,100,#E3FFE9
135,11,100,#E3FFEA
136,11,100,#E3FFEA
137,11,100,#E3FFEB
138,11,100,#E3FFEB
139,11,100,#E3FFEC
140,11,100,#E3FFEC
141,11,100,#E3FFED
142,11,100,#E3FFED
143,11,100,#E3FFEE
144,11,100,#E3FFEE
145,11,100,#E3FFEF
146,11,100,#E3FFEF
147,11,100,#E3FFF0
148,11,100,#E3FFF0
149,11,100,#E3FFF1
150,11,100,#E3FFF1
151,11,100,#E3FFF1
152,11,100,#E3FFF2
153,11,100,#E3FFF2
154,11,100,#E3FFF3
155,11,100,#E3FFF3
156,11,100,#E3FFF4
157,11,100,#E3FFF4
158,11,100,#E3FFF5
159,11,100,#E3FFF5
160,11,100,#E3FFF6
161,11,100,#E3FFF6
162,11,100,#E3FFF7
163,11,100,#E3FFF7
164,11,100,#E3FFF8
165,11,100,#E3FFF8
166,11,100,#E3FFF8
167,11,100,#E3FFF9
168,11,100,#E3FFF9
169,11,100,#E3FFFA
170,11,100,#E3FFFA
171,11,100,#E3FFFB
172,11,100,#E3FFFB
173,11,100,#E3FFFC
174,11,100,#E3FFFC
175,11,100,#E3FFFD
176,11,100,#E3FFFD
177,11,100,#E3FFFE
178,11,100,#E3FFFE
179,11,100,#E3FFFF
180,11,100,#E3FFFF
181,11,100,#E3FFFF
182,11,100,#E3FEFF
183,11,100,#E3FEFF
184,11,100,#E3FDFF
185,11,100,#E3FDFF
186,11,100,#E3FCFF
187,11,100,#E3FCFF
188,11,100,#E3FBFF
189,11,100,#E3FBFF
190,11,100,#E3FAFF
191,11,100,#E3FAFF
192,11,100,#E3F9FF
193,11,100,#E3F9FF
194,11,100,#E3F8FF
195,11,100,#E3F8FF
196,11,100,#E3F8FF
197,11,100,#E3F7FF
198,11,100,#E3F7FF
199,11,100,#E3F6FF
200,11,100,#E3F6FF
201,11,100,#E3F5FF
202,11,100,#E3F5FF
203,11,100,#E3F4FF
204,11,100,#E3F4FF
205,11,100,#E3F3FF
206,11,100,#E3F3FF
207,11,100,#E3F2FF
208,11,100,#E3F2FF
209,11,100,#E3F1FF
210,11,100,#E3F1FF
211,11,100,#E3F1FF
212,11,100,#E3F0FF
213,11,100,#E3F0FF
214,11,100,#E3EFFF
215,11,100,#E3EFFF
216,11,100,#E3EEFF
217,11,100,#E3EEFF
218,11,100,#E3EDFF
219,11,100,#E3EDFF
220,11,100,#E3ECFF
221,11,100,#E3ECFF
222,11,100,#E3EBFF
223,11,100,#E3EBFF
224,11,100,#E3EAFF
225,11,100,#E3EAFF
226,11,100,#E3E9FF
227,11,100,#E3E9FF
228,11,100,#E3E9FF
229,11,100,#E3E8FF
230,11,100,#E3E8FF
231,11,100,#E3E7FF
232,11,100,#E3E7FF
233,11,100,#E3E6FF
234,11,100,#E3E6FF
235,11,100,#E3E5FF
236,11,100,#E3E5FF
237,11,100,#E3E4FF
238,11,100,#E3E4FF
239,11,100,#E3E3FF
240,11,100,#E3E3FF
241,11,100,#E3E3FF
242,11,100,#E4E3FF
243,11,100,#E4E3FF
244,11,100,#E5E3FF
245,11,100,#E5E3FF
246,11,100,#E6E3FF
247,11,100,#E6E3FF
248,11,100,#E7E3FF
249,11,100,#E7E3FF
250,11,100,#E8E3FF
251,11,100,#E8E3FF
252,11,100,#E9E3FF
253,11,100,#E9E3FF
254,11,100,#E9E3FF
255,11,100,#EAE3FF
256,11,100,#EAE3FF
257,11,100,#EBE3FF
258,11,100,#EBE3FF
259,11,100,#ECE3FF
260,11,100,#ECE3FF
261,11,100,#EDE3FF
262,11,100,#EDE3FF
263,11,100,#EEE3FF
264,11,100,#EEE3FF
265,11,100,#EFE3FF
266,11,100,#EFE3FF
267,11,100,#F0E3FF
268,11,100,#F0E3FF
269,11,100,#F1E3FF
270,11,100,#F1E3FF
271,11,100,#F1E3FF
272,11,100,#F2E3FF
273,11,100,#F2E3FF
274,11,100,#F3E3FF
275,11,100,#F3E3FF
276,11,100,#F4E3FF
277,11,100,#F4E3FF
278,11,100,#F5E3FF
279,11,100,#F5E3FF
280,11,100,#F6E3FF
281,11,100,#F6E3FF
282,11,100,#F7E3FF
283,11,100,#F7E3FF
284,11,100,#F8E3FF
285,11,100,#F8E3FF
286,11,100,#F8E3FF
287,11,100,#F9E3FF
288,11,100,#F9E3FF
289,11,100,#FAE3FF
290,11,100,#FAE3FF
291,11,100,#FBE3FF
292,11,100,#FBE3FF
293,11,100,#FCE3FF
294,11,100,#FCE3FF
295,11,100,#FDE3FF
296,11,100,#FDE3FF
297,11,100,#FEE3FF
298,11,100,#FEE3FF
299,11,100,#FFE3FF
300,11,100,#FFE3FF
301,11,100,#FFE3FF
302,11,100,#FFE3FE
303,11,100,#FFE3FE
304,11,100,#FFE3FD
305,11,100,#FFE3FD
306,11,100,#FFE3FC
307,11,100,#FFE3FC
308,11,100,#FFE3FB
309,11,100,#FFE3FB
310,11,100,#FFE3FA
311,11,100,#FFE3FA
312,11,100,#FFE3F9
313,11,100,#FFE3F9
314,11,100,#FFE3F8
315,11,100,#FFE3F8
316,11,100,#FFE3F8
317,11,100,#FFE3F7
318,11,100,#FFE3F7
319,11,100,#FFE3F6
320,11,100,#FFE3F6
321,11,100,#FFE3F5
322,11,100,#FFE3F5
323,11,100,#FFE3F4
324,11,100,#FFE3F4
325,11,100,#FFE3F3
326,11,100,#FFE3F3
327,11,100,#FFE3F2
328,11,100,#FFE3F2
329,11,100,#FFE3F1
330,11,100,#FFE3F1
331,11,100,#FFE3F1
332,11,100,#FFE3F0
333,11,100,#FFE3F0
334,11,100,#FFE3EF
335,11,100,#FFE3EF
336,11,100,#FFE3EE
337,11,100,#FFE3EE
338,11,100,#FFE3ED
339,11,100,#FFE3ED
340,11,100,#FFE3EC
341,11,100,#FFE3EC
342,11,100,#FFE3EB
343,11,100,#FFE3EB
344,11,100,#FFE3EA
345,11,100,#FFE3EA
346,11,100,#FFE3E9
347,11,100,#FFE3E9
348,11,100,#FFE3E9
349,11,100,#FFE3E8
350,11,100,#FFE3E8
351,11,100,#FFE3E7
352,11,100,#FFE3E7
353,11,100,#FFE3E6
354,11,100,#FFE3E6
355,11,100,#FFE3E5
356,11,100,#FFE3E5
357,11,100,#FFE3E4
358,11,100,#FFE3E4
359,11,100,#FFE3E3
0,10,100,#FFE6E6
1,10,100,#FFE6E6
2,10,100,#FFE6E6
3,10,100,#FFE7E6
4,10,100,#FFE7E6
5,10,100,#FFE8E6
6,10,100,#FFE8E6
7,10,100,#FFE8E6
8,10,100,#FFE9E6
9,10,100,#FFE9E6
10,10,100,#FFEAE6
11,10,100,#FFEAE6
12,10,100,#FFEBE6
13,10,100,#FFEBE6
14,10,100,#FFEBE6
15,10,100,#FFECE6
16,10,100,#FFECE6
17,10,100,#FFEDE6
18,10,100,#FFEDE6
19,10,100,#FFEEE6
20,10,100,#FFEEE6
21,10,100,#FFEEE6
22,10,100,#FFEFE6
23,10,100,#FFEFE6
24,10,100,#FFF0E6
25,10,100,#FFF0E6
26,10,100,#FFF1E6
27,10,100,#FFF1E6
28,10,100,#FFF1E6
29,10,100,#FFF2E6
30,10,100,#FFF2E6
31,10,100,#FFF3E6
32,10,100,#FFF3E6
33,10,100,#FFF4E6
34,10,100,#FFF4E6
35,10,100,#FFF4E6
36,10,100,#FFF5E6
37,10,100,#FFF5E6
38,10,100,#FFF6E6
39,10,100,#FFF6E6
40,10,100,#FFF7E6
41,10,100,#FFF7E6
42,10,100,#FFF7E6
43,10,100,#FFF8E6
44,10,100,#FFF8E6
45,10,100,#FFF9E6
46,10,100,#FFF9E6
47,10,100,#FFF9E6
48,10,100,#FFFAE6
49,10,100,#FFFAE6
50,10,100,#FFFBE6
51,10,100,#FFFBE6
52,10,100,#FFFCE6
53,10,100,#FFFCE6
54,10,100,#FFFCE6
55,10,100,#FFFDE6
56,10,100,#FFFDE6
57,10,100,#FFFEE6
58,10,100,#FFFEE6
59,10,100,#FFFFE6
60,10,100,#FFFFE6
61,10,100,#FFFFE6
62,10,100,#FEFFE6
63,10,100,#FEFFE6
64,10,100,#FDFFE6
65,10,100,#FDFFE6
66,10,100,#FCFFE6
67,10,100,#FCFFE6
68,10,100,#FCFFE6
69,10,100,#FBFFE6
70,10,100,#FBFFE6
71,10,100,#FAFFE6
72,10,100,#FAFFE6
73,10,100,#F9FFE6
74,10,100,#F9FFE6
75,10,100,#F9FFE6
76,10,100,#F8FFE6
77,10,100,#F8FFE6
78,10,100,#F7FFE6
79,10,100,#F7FFE6
80,10,100,#F7FFE6
81,10,100,#F6FFE6
82,10,100,#F6FFE6
83,10,100,#F5FFE6
84,10,100,#F5FFE6
85,10,100,#F4FFE6
86,10,100,#F4FFE6
87,10,100,#F4FFE6
88,10,100,#F3FFE6
89,10,100,#F3FFE6
90,10,100,#F2FFE6
91,10,100,#F2FFE6
92,10,100,#F1FFE6
93,10,100,#F1FFE6
94,10,100,#F1FFE6
95,10,100,#F0FFE6
96,10,100,#F0FFE6
97,10,100,#EFFFE6
98,10,100,#EFFFE6
99,10,100,#EEFFE6
100,10,100,#EEFFE6
101,10,100,#EEFFE6
102,10,100,#EDFFE6
103,10,100,#EDFFE6
104,10,100,#ECFFE6
105,10,100,#ECFFE6
106,10,100,#EBFFE6
107,10,100,#EBFFE6
108,10,100,#EBFFE6
109,10,100,#EAFFE6
110,10,100,#EAFFE6
111,10,100,#E9FFE6
112,10,100,#E9FFE6
113,10,100,#E8FFE6
114,10,100,#E8FFE6
115,10,100,#E8FFE6
116,10,100,#E7FFE6
117,10,100,#E7FFE6
118,10,100,#E6FFE6
119,10,100,#E6FFE6
120,10,100,#E6FFE6
121,10,100,#E6FFE6
122,10,100,#E6FFE6
123,10,100,#E6FFE7
124,10,100,#E6FFE7
125,10,100,#E6FFE8
126,10,100,#E6FFE8
127,10,100,#E6FFE8
128,10,100,#E6FFE9
129,10,100,#E6FFE9
130,10,100,#E6FFEA
131,10,100,#E6FFEA
132,10,100,#E6FFEB
133,10,100,#E6FFEB
134,10,100,#E6FFEB
135,10,100,#E6FFEC
136,10,100,#E6FFEC
137,10,100,#E6FFED
138,10,100,#E6FFED
139,10,100,#E6FFEE
140,10,100,#E6FFEE
141,10,100,#E6FFEE
142,10,100,#E6FFEF
143,10,100,#E6FFEF
144,10,100,#E6FFF0
145,10,100,#E6FFF0
146,10,100,#E6FFF1
147,10,100,#E6FFF1
148,10,100,#E6FFF1
149,10,100,#E6FFF2
150,10,100,#E6FFF2
151,10,100,#E6FFF3
152,10,100,#E6FFF3
153,10,100,#E6FFF4
154,10,100,#E6FFF4
155,10,100,#E6FFF4
156,10,100,#E6FFF5
157,10,100,#E6FFF5
158,10,100,#E6FFF6
159,10,100,#E6FFF6
160,10,100,#E6FFF7
161,10,100,#E6FFF7
162,10,100,#E6FFF7
163,10,100,#E6FFF8
164,10,100,#E6FFF8
165,10,100,#E6FFF9
166,10,100,#E6FFF9
167,10,100,#E6FFF9
168,10,100,#E6FFFA
169,10,100,#E6FFFA
170,10,100,#E6FFFB
171,10,100,#E6FFFB
172,10,100,#E6FFFC
173,10,100,#E6FFFC
174,10,100,#E6FFFC
175,10,100,#E6FFFD
176,10,100,#E6FFFD
177,10,100,#E6FFFE
178,10,100,#E6FFFE
179,10,100,#E6FFFF
180,10,100,#E6FFFF
181,10,100,#E6FFFF
182,10,100,#E6FEFF
183,10,100,#E6FEFF
184,10,100,#E6FDFF
185,10,100,#E6FDFF
186,10,100,#E6FCFF
187,10,100,#E6FCFF
188,10,100,#E6FCFF
189,10,100,#E6FBFF
190,10,100,#E6FBFF
191,10,100,#E6FAFF
192,10,100,#E6FAFF
193,10,100,#E6F9FF
194,10,100,#E6F9FF
195,10,100,#E6F9FF
196,10,100,#E6F8FF
197,10,100,#E6F8FF
198,10,100,#E6F7FF
199,10,100,#E6F7FF
200,10,100,#E6F7FF
201,10,100,#E6F6FF
202,10,100,#E6F6FF
203,10,100,#E6F5FF
204,10,100,#E6F5FF
205,10,100,#E6F4FF
206,10,100,#E6F4FF
207,10,100,#E6F4FF
208,10,100,#E6F3FF
209,10,100,#E6F3FF
210,10,100,#E6F2FF
211,10,100,#E6F2FF
212,10,100,#E6F1FF
213,10,100,#E6F1FF
214,10,100,#E6F1FF
215,10,100,#E6F0FF
216,10,100,#E6F0FF
217,10,100,#E6EFFF
218,10,100,#E6EFFF
219,10,100,#E6EEFF
220,10,100,#E6EEFF
221,10,100,#E6EEFF
222,10,100,#E6EDFF
223,10,100,#E6EDFF
224,10,100,#E6ECFF
225,10,100,#E6ECFF
226,10,100,#E6EBFF
227,10,100,#E6EBFF
228,10,100,#E6EBFF
229,10,100,#E6EAFF
230,10,100,#E6EAFF
231,10,100,#E6E9FF
232,10,100,#E6E9FF
233,10,100,#E6E8FF
234,10,100,#E6E8FF
235,10,100,#E6E8FF
236,10,100,#E6E7FF
237,10,100,#E6E7FF
238,10,100,#E6E6FF
239,10,100,#E6E6FF
240,10,100,#E6E6FF
241,10,100,#E6E6FF
242,10,100,#E6E6FF
243,10,100,#E7E6FF
244,10,100,#E7E6FF
245,10,100,#E8E6FF
246,10,100,#E8E6FF
247,10,100,#E8E6FF
248,10,100,#E9E6FF
249,10,100,#E9E6FF
250,10,100,#EAE6FF
251,10,100,#EAE6FF
252,10,100,#EBE6FF
253,10,100,#EBE6FF
254,10,100,#EBE6FF
255,10,100,#ECE6FF
256,10,100,#ECE6FF
257,10,100,#EDE6FF
258,10,100,#EDE6FF
259,10,100,#EEE6FF
260,10,100,#EEE6FF
261,10,100,#EEE6FF
262,10,100,#EFE6FF
263,10,100,#EFE6FF
264,10,100,#F0E6FF
265,10,100,#F0E6FF
266,10,100,#F1E6FF
267,10,100,#F1E6FF
268,10,100,#F1E6FF
269,10,100,#F2E6FF
270,10,100,#F2E6FF
271,10,100,#F3E6FF
272,10,100,#F3E6FF
273,10,100,#F4E6FF
274,10,100,#F4E6FF
275,10,100,#F4E6FF
276,10,100,#F5E6FF
277,10,100,#F5E6FF
278,10,100,#F6E6FF
279,10,100,#F6E6FF
280,10,100,#F7E6FF
281,10,100,#F7E6FF
282,10,100,#F7E6FF
283,10,100,#F8E6FF
284,10,100,#F8E6FF
285,10,100,#F9E6FF
286,10,100,#F9E6FF
287,10,100,#F9E6FF
288,10,100,#FAE6FF
289,10,100,#FAE6FF
290,10,100,#FBE6FF
291,10,100,#FBE6FF
292,10,100,#FCE6FF
293,10,100,#FCE6FF
294,10,100,#FCE6FF
295,10,100,#FDE6FF
296,10,100,#FDE6FF
297,10,100,#FEE6FF
298,10,100,#FEE6FF
299,10,100,#FFE6FF
300,10,100,#FFE6FF
301,10,100,#FFE6FF
302,10,100,#FFE6FE
303,10,100,#FFE6FE
304,10,100,#FFE6FD
305,10,100,#FFE6FD
306,10,100,#FFE6FC
307,10,100,#FFE6FC
308,10,100,#FFE6FC
309,10,100,#FFE6FB
310,10,100,#FFE6FB
311,10,100,#FFE6FA
312,10,100,#FFE6FA
313,10,100,#FFE6F9
314,10,100,#FFE6F9
315,10,100,#FFE6F9
316,10,100,#FFE6F8
317,10,100,#FFE6F8
318,10,100,#FFE6F7
319,10,100,#FFE6F7
320,10,100,#FFE6F7
321,10,100,#FFE6F6
322,10,100,#FFE6F6
323,10,100,#FFE6F5
324,10,100,#FFE6F5
325,10,100,#FFE6F4
326,10,100,#FFE6F4
327,10,100,#FFE6F4
328,10,100,#FFE6F3
329,10,100,#FFE6F3
330,10,100,#FFE6F2
331,10,100,#FFE6F2
332,10,100,#FFE6F1
333,10,100,#FFE6F1
334,10,100,#FFE6F1
335,10,100,#FFE6F0
336,10,100,#FFE6F0
337,10,100,#FFE6EF
338,10,100,#FFE6EF
339,10,100,#FFE6EE
340,10,100,#FFE6EE
341,10,100,#FFE6EE
342,10,100,#FFE6ED
343,10,100,#FFE6ED
344,10,100,#FFE6EC
345,10,100,#FFE6EC
346,10,100,#FFE6EB
347,10,100,#FFE6EB
348,10,100,#FFE6EB
349,10,100,#FFE6EA
350,10,100,#FFE6EA
351,10,100,#FFE6E9
352,10,100,#FFE6E9
353,10,100,#FFE6E8
354,10,100,#FFE6E8
355,10,100,#FFE6E8
356,10,100,#FFE6E7
357,10,100,#FFE6E7
358,10,100,#FFE6E6
359,10,100,#FFE6E6
0,9,100,#FFE8E8
1,9,100,#FFE8E8
2,9,100,#FFE9E8
3,9,100,#FFE9E8
4,9,100,#FFEAE8
5,9,100,#FFEAE8
6,9,100,#FFEAE8
7,9,100,#FFEBE8
8,9,100,#FFEBE8
9,9,100,#FFEBE8
10,9,100,#FFECE8
11,9,100,#FFECE8
12,9,100,#FFEDE8
13,9,100,#FFEDE8
14,9,100,#FFEDE8
15,9,100,#FFEEE8
16,9,100,#FFEEE8
17,9,100,#FFEFE8
18,9,100,#FFEFE8
19,9,100,#FFEFE8
20,9,100,#FFF0E8
21,9,100,#FFF0E8
22,9,100,#FFF0E8
23,9,100,#FFF1E8
24,9,100,#FFF1E8
25,9,100,#FFF2E8
26,9,100,#FFF2E8
27,9,100,#FFF2E8
28,9,100,#FFF3E8
29,9,100,#FFF3E8
30,9,100,#FFF4E8
31,9,100,#FFF4E8
32,9,100,#FFF4E8
33,9,100,#FFF5E8
34,9,100,#FFF5E8
35,9,100,#FFF5E8
36,9,100,#FFF6E8
37,9,100,#FFF6E8
38,9,100,#FFF7E8
39,9,100,#FFF7E8
40,9,100,#FFF7E8
41,9,100,#FFF8E8
42,9,100,#FFF8E8
43,9,100,#FFF8E8
44,9,100,#FFF9E8
45,9,100,#FFF9E8
46,9,100,#FFFAE8
47,9,100,#FFFAE8
48,9,100,#FFFAE8
49,9,100,#FFFBE8
50,9,100,#FFFBE8
51,9,100,#FFFCE8
52,9,100,#FFFCE8
53,9,100,#FFFCE8
54,9,100,#FFFDE8
55,9,100,#FFFDE8
56,9,100,#FFFDE8
57,9,100,#FFFEE8
58,9,100,#FFFEE8
59,9,100,#FFFFE8
60,9,100,#FFFFE8
61,9,100,#FFFFE8
62,9,100,#FEFFE8
63,9,100,#FEFFE8
64,9,100,#FDFFE8
65,9,100,#FDFFE8
66,9,100,#FDFFE8
67,9,100,#FCFFE8
68,9,100,#FCFFE8
69,9,100,#FCFFE8
70,9,100,#FBFFE8
71,9,100,#FBFFE8
72,9,100,#FAFFE8
73,9,100,#FAFFE8
74,9,100,#FAFFE8
75,9,100,#F9FFE8
76,9,100,#F9FFE8
77,9,100,#F8FFE8
78,9,100,#F8FFE8
79,9,100,#F8FFE8
80,9,100,#F7FFE8
81,9,100,#F7FFE8
82,9,100,#F7FFE8
83,9,100,#F6FFE8
84,9,100,#F6FFE8
85,9,100,#F5FFE8
86,9,100,#F5FFE8
87,9,100,#F5FFE8
88,9,100,#F4FFE8
89,9,100,#F4FFE8
90,9,100,#F4FFE8
91,9,100,#F3FFE8
92,9,100,#F3FFE8
93,9,100,#F2FFE8
94,9,100,#F2FFE8
95,9,100,#F2FFE8
96,9,100,#F1FFE8
97,9,100,#F1FFE8
98,9,100,#F0FFE8
99,9,100,#F0FFE8
100,9,100,#F0FFE8
101,9,100,#EFFFE8
102,9,100,#EFFFE8
103,9,100,#EFFFE8
104,9,100,#EEFFE8
105,9,100,#EEFFE8
106,9,100,#EDFFE8
107,9,100,#EDFFE8
108,9,100,#EDFFE8
109,9,100,#ECFFE8
110,9,100,#ECFFE8
111,9,100,#EBFFE8
112,9,100,#EBFFE8
113,9,100,#EBFFE8
114,9,100,#EAFFE8
115,9,100,#EAFFE8
116,9,100,#EAFFE8
117,9,100,#E9FFE8
118,9,100,#E9FFE8
119,9,100,#E8FFE8
120,9,100,#E8FFE8
121,9,100,#E8FFE8
122,9,100,#E8FFE9
123,9,100,#E8FFE9
124,9,100,#E8FFEA
125,9,100,#E8FFEA
126,9,100,#E8FFEA
127,9,100,#E8FFEB
128,9,100,#E8FFEB
129,9,100,#E8FFEB
130,9,100,#E8FFEC
131,9,100,#E8FFEC
132,9,100,#E8FFED
133,9,100,#E8FFED
134,9,100,#E8FFED
135,9,100,#E8FFEE
136,9,100,#E8FFEE
137,9,100,#E8FFEF
138,9,100,#E8FFEF
139,9,100,#E8FFEF
140,9,100,#E8FFF0
141,9,100,#E8FFF0
142,9,100,#E8FFF0
143,9,100,#E8FFF1
144,9,100,#E8FFF1
145,9,100,#E8FFF2
146,9,100,#E8FFF2
147,9,100,#E8FFF2
148,9,100,#E8FFF3
149,9,100,#E8FFF3
150,9,100,#E8FFF4
151,9,100,#E8FFF4
152,9,100,#E8FFF4
153,9,100,#E8FFF5
154,9,100,#E8FFF5
155,9,100,#E8FFF5
156,9,100,#E8FFF6
157,9,100,#E8FFF6
158,9,100,#E8FFF7
159,9,100,#E8FFF7
160,9,100,#E8FFF7
161,9,100,#E8FFF8
162,9,100,#E8FFF8
163,9,100,#E8FFF8
164,9,100,#E8FFF9
165,9,100,#E8FFF9
166,9,100,#E8FFFA
167,9,100,#E8FFFA
168,9,100,#E8FFFA
169,9,100,#E8FFFB
170,9,100,#E8FFFB
171,9,100,#E8FFFC
172,9,100,#E8FFFC
173,9,100,#E8FFFC
174,9,100,#E8FFFD
175,9,100,#E8FFFD
176,9,100,#E8FFFD
177,9,100,#E8FFFE
178,9,100,#E8FFFE
179,9,100,#E8FFFF
180,9,100,#E8FFFF
181,9,100,#E8FFFF
182,9,100,#E8FEFF
183,9,100,#E8FEFF
184,9,100,#E8FDFF
185,9,100,#E8FDFF
186,9,100,#E8FDFF
187,9,100,#E8FCFF
188,9,100,#E8FCFF
189,9,100,#E8FCFF
190,9,100,#E8FBFF
191,9,100,#E8FBFF
192,9,100,#E8FAFF
193,9,100,#E8FAFF
194,9,100,#E8FAFF
195,9,100,#E8F9FF
196,9,100,#E8F9FF
197,9,100,#E8F8FF
198,9,100,#E8F8FF
199,9,100,#E8F8FF
200,9,100,#E8F7FF
201,9,100,#E8F7FF
202,9,100,#E8F7FF
203,9,100,#E8F6FF
204,9,100,#E8F6FF
205,9,100,#E8F5FF
206,9,100,#E8F5FF
207,9,100,#E8F5FF
208,9,100,#E8F4FF
209,9,100,#E8F4FF
210,9,100,#E8F4FF
211,9,100,#E8F3FF
212,9,100,#E8F3FF
213,9,100,#E8F2FF
214,9,100,#E8F2FF
215,9,100,#E8F2FF
216,9,100,#E8F1FF
217,9,100,#E8F1FF
218,9,100,#E8F0FF
219,9,100,#E8F0FF
220,9,100,#E8F0FF
221,9,100,#E8EFFF
222,9,100,#E8EFFF
223,9,100,#E8EFFF
224,9,100,#E8EEFF
225,9,100,#E8EEFF
226,9,100,#E8EDFF
227,9,100,#E8EDFF
228,9,100,#E8EDFF
229,9,100,#E8ECFF
230,9,100,#E8ECFF
231,9,100,#E8EBFF
232,9,100,#E8EBFF
233,9,100,#E8EBFF
234,9,100,#E8EAFF
235,9,100,#E8EAFF
236,9,100,#E8EAFF
237,9,100,#E8E9FF
238,9,100,#E8E9FF
239,9,100,#E8E8FF
240,9,100,#E8E8FF
241,9,100,#E8E8FF
242,9,100,#E9E8FF
243,9,100,#E9E8FF
244,9,100,#EAE8FF
245,9,100,#EAE8FF
246,9,100,#EAE8FF
247,9,100,#EBE8FF
248,9,100,#EBE8FF
249,9,100,#EBE8FF
250,9,100,#ECE8FF
251,9,100,#ECE8FF
252,9,100,#EDE8FF
253,9,100,#EDE8FF
254,9,100,#EDE8FF
255,9,100,#EEE8FF
256,9,100,#EEE8FF
257,9,100,#EFE8FF
258,9,100,#EFE8FF
259,9,100,#EFE8FF
260,9,100,#F0E8FF
261,9,100,#F0E8FF
262,9,100,#F0E8FF
263,9,100,#F1E8FF
264,9,100,#F1E8FF
265,9,100,#F2E8FF
266,9,100,#F2E8FF
267,9,100,#F2E8FF
268,9,100,#F3E8FF
269,9,100,#F3E8FF
270,9,100,#F4E8FF
271,9,100,#F4E8FF
272,9,100,#F4E8FF
273,9,100,#F5E8FF
274,9,100,#F5E8FF
275,9,100,#F5E8FF
276,9,100,#F6E8FF
277,9,100,#F6E8FF
278,9,100,#F7E8FF
279,9,100,#F7E8FF
280,9,100,#F7E8FF
281,9,100,#F8E8FF
282,9,100,#F8E8FF
283,9,100,#F8E8FF
284,9,100,#F9E8FF
285,9,100,#F9E8FF
286,9,100,#FAE8FF
287,9,100,#FAE8FF
288,9,100,#FAE8FF
289,9,100,#FBE8FF
290,9,100,#FBE8FF
291,9,100,#FCE8FF
292,9,100,#FCE8FF
293,9,100,#FCE8FF
294,9,100,#FDE8FF
295,9,100,#FDE8FF
296,9,100,#FDE8FF
297,9,100,#FEE8FF
298,9,100,#FEE8FF
299,9,100,#FFE8FF
300,9,100,#FFE8FF
301,9,100,#FFE8FF
302,9,100,#FFE8FE
303,9,100,#FFE8FE
304,9,100,#FFE8FD
305,9,100,#FFE8FD
306,9,100,#FFE8FD
307,9,100,#FFE8FC
308,9,100,#FFE8FC
309,9,100,#FFE8FC
310,9,100,#FFE8FB
311,9,100,#FFE8FB
312,9,100,#FFE8FA
313,9,100,#FFE8FA
314,9,100,#FFE8FA
315,9,100,#FFE8F9
316,9,100,#FFE8F9
317,9,100,#FFE8F8
318,9,100,#FFE8F8
319,9,100,#FFE8F8
320,9,100,#FFE8F7
321,9,100,#FFE8F7
322,9,100,#FFE8F7
323,9,100,#FFE8F6
324,9,100,#FFE8F6
325,9,100,#FFE8F5
326,9,100,#FFE8F5
327,9,100,#FFE8F5
328,9,100,#FFE8F4
329,9,100,#FFE8F4
330,9,100,#FFE8F4
331,9,100,#FFE8F3
332,9,100,#FFE8F3
333,9,100,#FFE8F2
334,9,100,#FFE8F2
335,9,100,#FFE8F2
336,9,100,#FFE8F1
337,9,100,#FFE8F1
338,9,100,#FFE8F0
339,9,100,#FFE8F0
340,9,100,#FFE8F0
341,9,100,#FFE8EF
342,9,100,#FFE8EF
343,9,100,#FFE8EF
344,9,100,#FFE8EE
345,9,100,#FFE8EE
346,9,100,#FFE8ED
347,9,100,#FFE8ED
348,9,100,#FFE8ED
349,9,100,#FFE8EC
350,9,100,#FFE8EC
351,9,100,#FFE8EB
352,9,100,#FFE8EB
353,9,100,#FFE8EB
354,9,100,#FFE8EA
355,9,100,#FFE8EA
356,9,100,#FFE8EA
357,9,100,#FFE8E9
358,9,100,#FFE8E9
359,9,100,#FFE8E8
0,8,100,#FFEBEB
1,8,100,#FFEBEB
2,8,100,#FFEBEB
3,8,100,#FFECEB
4,8,100,#FFECEB
5,8,100,#FFECEB
6,8,100,#FFEDEB
7,8,100,#FFEDEB
8,8,100,#FFEDEB
9,8,100,#FFEEEB
10,8,100,#FFEEEB
11,8,100,#FFEEEB
12,8,100,#FFEFEB
13,8,100,#FFEFEB
14,8,100,#FFEFEB
15,8,100,#FFF0EB
16,8,100,#FFF0EB
17,8,100,#FFF0EB
18,8,100,#FFF1EB
19,8,100,#FFF1EB
20,8,100,#FFF1EB
21,8,100,#FFF2EB
22,8,100,#FFF2EB
23,8,100,#FFF2EB
24,8,100,#FFF3EB
25,8,100,#FFF3EB
26,8,100,#FFF3EB
27,8,100,#FFF4EB
28,8,100,#FFF4EB
29,8,100,#FFF4EB
30,8,100,#FFF5EB
31,8,100,#FFF5EB
32,8,100,#FFF5EB
33,8,100,#FFF6EB
34,8,100,#FFF6EB
35,8,100,#FFF7EB
36,8,100,#FFF7EB
37,8,100,#FFF7EB
38,8,100,#FFF8EB
39,8,100,#FFF8EB
40,8,100,#FFF8EB
41,8,100,#FFF9EB
42,8,100,#FFF9EB
43,8,100,#FFF9EB
44,8,100,#FFFAEB
45,8,100,#FFFAEB
46,8,100,#FFFAEB
47,8,100,#FFFBEB
48,8,100,#FFFBEB
49,8,100,#FFFBEB
50,8,100,#FFFCEB
51,8,100,#FFFCEB
52,8,100,#FFFCEB
53,8,100,#FFFDEB
54,8,100,#FFFDEB
55,8,100,#FFFDEB
56,8,100,#FFFEEB
57,8,100,#FFFEEB
58,8,100,#FFFEEB
59,8,100,#FFFFEB
60,8,100,#FFFFEB
61,8,100,#FFFFEB
62,8,100,#FEFFEB
63,8,100,#FEFFEB
64,8,100,#FEFFEB
65,8,100,#FDFFEB
66,8,100,#FDFFEB
67,8,100,#FDFFEB
68,8,100,#FCFFEB
69,8,100,#FCFFEB
70,8,100,#FCFFEB
71,8,100,#FBFFEB
72,8,100,#FBFFEB
73,8,100,#FBFFEB
74,8,100,#FAFFEB
75,8,100,#FAFFEB
76,8,100,#FAFFEB
77,8,100,#F9FFEB
78,8,100,#F9FFEB
79,8,100,#F9FFEB
80,8,100,#F8FFEB
81,8,100,#F8FFEB
82,8,100,#F8FFEB
83,8,100,#F7FFEB
84,8,100,#F7FFEB
85,8,100,#F7FFEB
86,8,100,#F6FFEB
87,8,100,#F6FFEB
88,8,100,#F5FFEB
89,8,100,#F5FFEB
90,8,100,#F5FFEB
91,8,100,#F4FFEB
92,8,100,#F4FFEB
93,8,100,#F4FFEB
94,8,100,#F3FFEB
95,8,100,#F3FFEB
96,8,100,#F3FFEB
97,8,100,#F2FFEB
98,8,100,#F2FFEB
99,8,100,#F2FFEB
100,8,100,#F1FFEB
101,8,100,#F1FFEB
102,8,100,#F1FFEB
103,8,100,#F0FFEB
104,8,100,#F0FFEB
105,8,100,#F0FFEB
106,8,100,#EFFFEB
107,8,100,#EFFFEB
108,8,100,#EFFFEB
109,8,100,#EEFFEB
110,8,100,#EEFFEB
111,8,100,#EEFFEB
112,8,100,#EDFFEB
113,8,100,#EDFFEB
114,8,100,#EDFFEB
115,8,100,#ECFFEB
116,8,100,#ECFFEB
117,8,100,#ECFFEB
118,8,100,#EBFFEB
119,8,100,#EBFFEB
120,8,100,#EBFFEB
121,8,100,#EBFFEB
122,8,100,#EBFFEB
123,8,100,#EBFFEC
124,8,100,#EBFFEC
125,8,100,#EBFFEC
126,8,100,#EBFFED
127,8,100,#EBFFED
128,8,100,#EBFFED
129,8,100,#EBFFEE
130,8,100,#EBFFEE
131,8,100,#EBFFEE
132,8,100,#EBFFEF
133,8,100,#EBFFEF
134,8,100,#EBFFEF
135,8,100,#EBFFF0
136,8,100,#EBFFF0
137,8,100,#EBFFF0
138,8,100,#EBFFF1
139,8,100,#EBFFF1
140,8,100,#EBFFF1
141,8,100,#EBFFF2
142,8,100,#EBFFF2
143,8,100,#EBFFF2
144,8,100,#EBFFF3
145,8,100,#EBFFF3
146,8,100,#EBFFF3
147,8,100,#EBFFF4
148,8,100,#EBFFF4
149,8,100,#EBFFF4
150,8,100,#EBFFF5
151,8,100,#EBFFF5
152,8,100,#EBFFF5
153,8,100,#EBFFF6
154,8,100,#EBFFF6
155,8,100,#EBFFF7
156,8,100,#EBFFF7
157,8,100,#EBFFF7
158,8,100,#EBFFF8
159,8,100,#EBFFF8
160,8,100,#EBFFF8
161,8,100,#EBFFF9
162,8,100,#EBFFF9
163,8,100,#EBFFF9
164,8,100,#EBFFFA
165,8,100,#EBFFFA
166,8,100,#EBFFFA
167,8,100,#EBFFFB
168,8,100,#EBFFFB
169,8,100,#EBFFFB
170,8,100,#EBFFFC
171,8,100,#EBFFFC
172,8,100,#EBFFFC
173,8,100,#EBFFFD
174,8,100,#EBFFFD
175,8,100,#EBFFFD
176,8,100,#EBFFFE
177,8,100,#EBFFFE
178,8,100,#EBFFFE
179,8,100,#EBFFFF
180,8,100,#EBFFFF
181,8,100,#EBFFFF
182,8,100,#EBFEFF
183,8,100,#EBFEFF
184,8,100,#EBFEFF
185,8,100,#EBFDFF
186,8,100,#EBFDFF
187,8,100,#EBFDFF
188,8,100,#EBFCFF
189,8,100,#EBFCFF
190,8,100,#EBFCFF
191,8,100,#EBFBFF
192,8,100,#EBFBFF
193,8,100,#EBFBFF
194,8,100,#EBFAFF
195,8,100,#EBFAFF
196,8,100,#EBFAFF
197,8,100,#EBF9FF
198,8,100,#EBF9FF
199,8,100,#EBF9FF
200,8,100,#EBF8FF
201,8,100,#EBF8FF
202,8,100,#EBF8FF
203,8,100,#EBF7FF
204,8,100,#EBF7FF
205,8,100,#EBF7FF
206,8,100,#EBF6FF
207,8,100,#EBF6FF
208,8,100,#EBF5FF
209,8,100,#EBF5FF
210,8,100,#EBF5FF
211,8,100,#EBF4FF
212,8,100,#EBF4FF
213,8,100,#EBF4FF
214,8,100,#EBF3FF
215,8,100,#EBF3FF
216,8,100,#EBF3FF
217,8,100,#EBF2FF
218,8,100,#EBF2FF
219,8,100,#EBF2FF
220,8,100,#EBF1FF
221,8,100,#EBF1FF
222,8,100,#EBF1FF
223,8,100,#EBF0FF
224,8,100,#EBF0FF
225,8,100,#EBF0FF
226,8,100,#EBEFFF
227,8,100,#EBEFFF
228,8,100,#EBEFFF
229,8,100,#EBEEFF
230,8,100,#EBEEFF
231,8,100,#EBEEFF
232,8,100,#EBEDFF
233,8,100,#EBEDFF
234,8,100,#EBEDFF
235,8,100,#EBECFF
236,8,100,#EBECFF
237,8,100,#EBECFF
238,8,100,#EBEBFF
239,8,100,#EBEBFF
240,8,100,#EBEBFF
241,8,100,#EBEBFF
242,8,100,#EBEBFF
243,8,100,#ECEBFF
244,8,100,#ECEBFF
245,8,100,#ECEBFF
246,8,100,#EDEBFF
247,8,100,#EDEBFF
248,8,100,#EDEBFF
249,8,100,#EEEBFF
250,8,100,#EEEBFF
251,8,100,#EEEBFF
252,8,100,#EFEBFF
253,8,100,#EFEBFF
254,8,100,#EFEBFF
255,8,100,#F0EBFF
256,8,100,#F0EBFF
257,8,100,#F0EBFF
258,8,100,#F1EBFF
259,8,100,#F1EBFF
260,8,100,#F1EBFF
261,8,100,#F2EBFF
262,8,100,#F2EBFF
263,8,100,#F2EBFF
264,8,100,#F3EBFF
265,8,100,#F3EBFF
266,8,100,#F3EBFF
267,8,100,#F4EBFF
268,8,100,#F4EBFF
269,8,100,#F4EBFF
270,8,100,#F5EBFF
271,8,100,#F5EBFF
272,8,100,#F5EBFF
273,8,100,#F6EBFF
274,8,100,#F6EBFF
275,8,100,#F7EBFF
276,8,100,#F7EBFF
277,8,100,#F7EBFF
278,8,100,#F8EBFF
279,8,100,#F8EBFF
280,8,100,#F8EBFF
281,8,100,#F9EBFF
282,8,100,#F9EBFF
283,8,100,#F9EBFF
284,8,100,#FAEBFF
285,8,100,#FAEBFF
286,8,100,#FAEBFF
287,8,100,#FBEBFF
288,8,100,#FBEBFF
289,8,100,#FBEBFF
290,8,100,#FCEBFF
291,8,100,#FCEBFF
292,8,100,#FCEBFF
293,8,100,#FDEBFF
294,8,100,#FDEBFF
295,8,100,#FDEBFF
296,8,100,#FEEBFF
297,8,100,#FEEBFF
298,8,100,#FEEBFF
299,8,100,#FFEBFF
300,8,100,#FFEBFF
301,8,100,#FFEBFF
302,8,100,#FFEBFE
303,8,100,#FFEBFE
304,8,100,#FFEBFE
305,8,100,#FFEBFD
306,8,100,#FFEBFD
307,8,100,#FFEBFD
308,8,100,#FFEBFC
309,8,100,#FFEBFC
310,8,100,#FFEBFC
311,8,100,#FFEBFB
312,8,100,#FFEBFB
313,8,100,#FFEBFB
314,8,100,#FFEBFA
315,8,100,#FFEBFA
316,8,100,#FFEBFA
317,8,100,#FFEBF9
318,8,100,#FFEBF9
319,8,100,#FFEBF9
320,8,100,#FFEBF8
321,8,100,#FFEBF8
322,8,100,#FFEBF8
323,8,100,#FFEBF7
324,8,100,#FFEBF7
325,8,100,#FFEBF7
326,8,100,#FFEBF6
327,8,100,#FFEBF6
328,8,100,#FFEBF5
329,8,100,#FFEBF5
330,8,100,#FFEBF5
331,8,100,#FFEBF4
332,8,100,#FFEBF4
333,8,100,#FFEBF4
334,8,100,#FFEBF3
335,8,100,#FFEBF3
336,8,100,#FFEBF3
337,8,100,#FFEBF2
338,8,100,#FFEBF2
339,8,100,#FFEBF2
340,8,100,#FFEBF1
341,8,100,#FFEBF1
342,8,100,#FFEBF1
343,8,100,#FFEBF0
344,8,100,#FFEBF0
345,8,100,#FFEBF0
346,8,100,#FFEBEF
347,8,100,#FFEBEF
348,8,100,#FFEBEF
349,8,100,#FFEBEE
350,8,100,#FFEBEE
351,8,100,#FFEBEE
352,8,100,#FFEBED
353,8,100,#FFEBED
354,8,100,#FFEBED
355,8,100,#FFEBEC
356,8,100,#FFEBEC
357,8,100,#FFEBEC
358,8,100,#FFEBEB
359,8,100,#FFEBEB
0,7,100,#FFEDED
1,7,100,#FFEDED
2,7,100,#FFEEED
3,7,100,#FFEEED
4,7,100,#FFEEED
5,7,100,#FFEFED
6,7,100,#FFEFED
7,7,100,#FFEFED
8,7,100,#FFF0ED
9,7,100,#FFF0ED
10,7,100,#FFF0ED
11,7,100,#FFF0ED
12,7,100,#FFF1ED
13,7,100,#FFF1ED
14,7,100,#FFF1ED
15,7,100,#FFF2ED
16,7,100,#FFF2ED
17,7,100,#FFF2ED
18,7,100,#FFF3ED
19,7,100,#FFF3ED
20,7,100,#FFF3ED
21,7,100,#FFF3ED
22,7,100,#FFF4ED
23,7,100,#FFF4ED
24,7,100,#FFF4ED
25,7,100,#FFF5ED
26,7,100,#FFF5ED
27,7,100,#FFF5ED
28,7,100,#FFF5ED
29,7,100,#FFF6ED
30,7,100,#FFF6ED
31,7,100,#FFF6ED
32,7,100,#FFF7ED
33,7,100,#FFF7ED
34,7,100,#FFF7ED
35,7,100,#FFF8ED
36,7,100,#FFF8ED
37,7,100,#FFF8ED
38,7,100,#FFF8ED
39,7,100,#FFF9ED
40,7,100,#FFF9ED
41,7,100,#FFF9ED
42,7,100,#FFFAED
43,7,100,#FFFAED
44,7,100,#FFFAED
45,7,100,#FFFBED
46,7,100,#FFFBED
47,7,100,#FFFBED
48,7,100,#FFFBED
49,7,100,#FFFCED
50,7,100,#FFFCED
51,7,100,#FFFCED
52,7,100,#FFFDED
53,7,100,#FFFDED
54,7,100,#FFFDED
55,7,100,#FFFEED
56,7,100,#FFFEED
57,7,100,#FFFEED
58,7,100,#FFFEED
59,7,100,#FFFFED
60,7,100,#FFFFED
61,7,100,#FFFFED
62,7,100,#FEFFED
63,7,100,#FEFFED
64,7,100,#FEFFED
65,7,100,#FEFFED
66,7,100,#FDFFED
67,7,100,#FDFFED
68,7,100,#FDFFED
69,7,100,#FCFFED
70,7,100,#FCFFED
71,7,100,#FCFFED
72,7,100,#FBFFED
73,7,100,#FBFFED
74,7,100,#FBFFED
75,7,100,#FBFFED
76,7,100,#FAFFED
77,7,100,#FAFFED
78,7,100,#FAFFED
79,7,100,#F9FFED
80,7,100,#F9FFED
81,7,100,#F9FFED
82,7,100,#F8FFED
83,7,100,#F8FFED
84,7,100,#F8FFED
85,7,100,#F8FFED
86,7,100,#F7FFED
87,7,100,#F7FFED
88,7,100,#F7FFED
89,7,100,#F6FFED
90,7,100,#F6FFED
91,7,100,#F6FFED
92,7,100,#F5FFED
93,7,100,#F5FFED
94,7,100,#F5FFED
95,7,100,#F5FFED
96,7,100,#F4FFED
97,7,100,#F4FFED
98,7,100,#F4FFED
99,7,100,#F3FFED
100,7,100,#F3FFED
101,7,100,#F3FFED
102,7,100,#F3FFED
103,7,100,#F2FFED
104,7,100,#F2FFED
105,7,100,#F2FFED
106,7,100,#F1FFED
107,7,100,#F1FFED
108,7,100,#F1FFED
109,7,100,#F0FFED
110,7,100,#F0FFED
111,7,100,#F0FFED
112,7,100,#F0FFED
113,7,100,#EFFFED
114,7,100,#EFFFED
115,7,100,#EFFFED
116,7,100,#EEFFED
117,7,100,#EEFFED
118,7,100,#EEFFED
119,7,100,#EDFFED
120,7,100,#EDFFED
121,7,100,#EDFFED
122,7,100,#EDFFEE
123,7,100,#EDFFEE
124,7,100,#EDFFEE
125,7,100,#EDFFEF
126,7,100,#EDFFEF
127,7,100,#EDFFEF
128,7,100,#EDFFF0
129,7,100,#EDFFF0
130,7,100,#EDFFF0
131,7,100,#EDFFF0
132,7,100,#EDFFF1
133,7,100,#EDFFF1
134,7,100,#EDFFF1
135,7,100,#EDFFF2
136,7,100,#EDFFF2
137,7,100,#EDFFF2
138,7,100,#EDFFF3
139,7,100,#EDFFF3
140,7,100,#EDFFF3
141,7,100,#EDFFF3
142,7,100,#EDFFF4
143,7,100,#EDFFF4
144,7,100,#EDFFF4
145,7,100,#EDFFF5
146,7,100,#EDFFF5
147,7,100,#EDFFF5
148,7,100,#EDFFF5
149,7,100,#EDFFF6
150,7,100,#EDFFF6
151,7,100,#EDFFF6
152,7,100,#EDFFF7
153,7,100,#EDFFF7
154,7,100,#EDFFF7
155,7,100,#EDFFF8
156,7,100,#EDFFF8
157,7,100,#EDFFF8
158,7,100,#EDFFF8
159,7,100,#EDFFF9
160,7,100,#EDFFF9
161,7,100,#EDFFF9
162,7,100,#EDFFFA
163,7,100,#EDFFFA
164,7,100,#EDFFFA
165,7,100,#EDFFFB
166,7,100,#EDFFFB
167,7,100,#EDFFFB
168,7,100,#EDFFFB
169,7,100,#EDFFFC
170,7,100,#EDFFFC
171,7,100,#EDFFFC
172,7,100,#EDFFFD
173,7,100,#EDFFFD
174,7,100,#EDFFFD
175,7,100,#EDFFFE
176,7,100,#EDFFFE
177,7,100,#EDFFFE
178,7,100,#EDFFFE
179,7,100,#EDFFFF
180,7,100,#EDFFFF
181,7,100,#EDFFFF
182,7,100,#EDFEFF
183,7,100,#EDFEFF
184,7,100,#EDFEFF
185,7,100,#EDFEFF
186,7,100,#EDFDFF
187,7,100,#EDFDFF
188,7,100,#EDFDFF
189,7,100,#EDFCFF
190,7,100,#EDFCFF
191,7,100,#EDFCFF
192,7,100,#EDFBFF
193,7,100,#EDFBFF
194,7,100,#EDFBFF
195,7,100,#EDFBFF
196,7,100,#EDFAFF
197,7,100,#EDFAFF
198,7,100,#EDFAFF
199,7,100,#EDF9FF
200,7,100,#EDF9FF
201,7,100,#EDF9FF
202,7,100,#EDF8FF
203,7,100,#EDF8FF
204,7,100,#EDF8FF
205,7,100,#EDF8FF
206,7,100,#EDF7FF
207,7,100,#EDF7FF
208,7,100,#EDF7FF
209,7,100,#EDF6FF
210,7,100,#EDF6FF
211,7,100,#EDF6FF
212,7,100,#EDF5FF
213,7,100,#EDF5FF
214,7,100,#EDF5FF
215,7,100,#EDF5FF
216,7,100,#EDF4FF
217,7,100,#EDF4FF
218,7,100,#EDF4FF
219,7,100,#EDF3FF
220,7,100,#EDF3FF
221,7,100,#EDF3FF
222,7,100,#EDF3FF
223,7,100,#EDF2FF
224,7,100,#EDF2FF
225,7,100,#EDF2FF
226,7,100,#EDF1FF
227,7,100,#EDF1FF
228,7,100,#EDF1FF
229,7,100,#EDF0FF
230,7,100,#EDF0FF
231,7,100,#EDF0FF
232,7,100,#EDF0FF
233,7,100,#EDEFFF
234,7,100,#EDEFFF
235,7,100,#EDEFFF
236,7,100,#EDEEFF
237,7,100,#EDEEFF
238,7,100,#EDEEFF
239,7,100,#EDEDFF
240,7,100,#EDEDFF
241,7,100,#EDEDFF
242,7,100,#EEEDFF
243,7,100,#EEEDFF
244,7,100,#EEEDFF
245,7,100,#EFEDFF
246,7,100,#EFEDFF
247,7,100,#EFEDFF
248,7,100,#F0EDFF
249,7,100,#F0EDFF
250,7,100,#F0EDFF
251,7,100,#F0EDFF
252,7,100,#F1EDFF
253,7,100,#F1EDFF
254,7,100,#F1EDFF
255,7,100,#F2EDFF
256,7,100,#F2EDFF
257,7,100,#F2EDFF
258,7,100,#F3EDFF
259,7,100,#F3EDFF
260,7,100,#F3EDFF
261,7,100,#F3EDFF
262,7,100,#F4EDFF
263,7,100,#F4EDFF
264,7,100,#F4EDFF
265,7,100,#F5EDFF
266,7,100,#F5EDFF
267,7,100,#F5EDFF
268,7,100,#F5EDFF
269,7,100,#F6EDFF
270,7,100,#F6EDFF
271,7,100,#F6EDFF
272,7,100,#F7EDFF
273,7,100,#F7EDFF
274,7,100,#F7EDFF
275,7,100,#F8EDFF
276,7,100,#F8EDFF
277,7,100,#F8EDFF
278,7,100,#F8EDFF
279,7,100,#F9EDFF
280,7,100,#F9EDFF
281,7,100,#F9EDFF
282,7,100,#FAEDFF
283,7,100,#FAEDFF
284,7,100,#FAEDFF
285,7,100,#FBEDFF
286,7,100,#FBEDFF
287,7,100,#FBEDFF
288,7,100,#FBEDFF
289,7,100,#FCEDFF
290,7,100,#FCEDFF
291,7,100,#FCEDFF
292,7,100,#FDEDFF
293,7,100,#FDEDFF
294,7,100,#FDEDFF
295,7,100,#FEEDFF
296,7,100,#FEEDFF
297,7,100,#FEEDFF
298,7,100,#FEEDFF
299,7,100,#FFEDFF
300,7,100,#FFEDFF
301,7,100,#FFEDFF
302,7,100,#FFEDFE
303,7,100,#FFEDFE
304,7,100,#FFEDFE
305,7,100,#FFEDFE
306,7,100,#FFEDFD
307,7,100,#FFEDFD
308,7,100,#FFEDFD
309,7,100,#FFEDFC
310,7,100,#FFEDFC
311,7,100,#FFEDFC
312,7,100,#FFEDFB
313,7,100,#FFEDFB
314,7,100,#FFEDFB
315,7,100,#FFEDFB
316,7,100,#FFEDFA
317,7,100,#FFEDFA
318,7,100,#FFEDFA
319,7,100,#FFEDF9
320,7,100,#FFEDF9
321,7,100,#FFEDF9
322,7,100,#FFEDF8
323,7,100,#FFEDF8
324,7,100,#FFEDF8
325,7,100,#FFEDF8
326,7,100,#FFEDF7
327,7,100,#FFEDF7
328,7,100,#FFEDF7
329,7,100,#FFEDF6
330,7,100,#FFEDF6
331,7,100,#FFEDF6
332,7,100,#FFEDF5
333,7,100,#FFEDF5
334,7,100,#FFEDF5
335,7,100,#FFEDF5
336,7,100,#FFEDF4
337,7,100,#FFEDF4
338,7,100,#FFEDF4
339,7,100,#FFEDF3
340,7,100,#FFEDF3
341,7,100,#FFEDF3
342,7,100,#FFEDF3
343,7,100,#FFEDF2
344,7,100,#FFEDF2
345,7,100,#FFEDF2
346,7,100,#FFEDF1
347,7,100,#FFEDF1
348,7,100,#FFEDF1
349,7,100,#FFEDF0
350,7,100,#FFEDF0
351,7,100,#FFEDF0
352,7,100,#FFEDF0
353,7,100,#FFEDEF
354,7,100,#FFEDEF
355,7,100,#FFEDEF
356,7,100,#FFEDEE
357,7,100,#FFEDEE
358,7,100,#FFEDEE
359,7,100,#FFEDED
0,6,100,#FFF0F0
1,6,100,#FFF0F0
2,6,100,#FFF0F0
3,6,100,#FFF0F0
4,6,100,#FFF1F0
5,6,100,#FFF1F0
6,6,100,#FFF1F0
7,6,100,#FFF1F0
8,6,100,#FFF2F0
9,6,100,#FFF2F0
10,6,100,#FFF2F0
11,6,100,#FFF3F0
12,6,100,#FFF3F0
13,6,100,#FFF3F0
14,6,100,#FFF3F0
15,6,100,#FFF4F0
16,6,100,#FFF4F0
17,6,100,#FFF4F0
18,6,100,#FFF4F0
19,6,100,#FFF5F0
20,6,100,#FFF5F0
21,6,100,#FFF5F0
22,6,100,#FFF5F0
23,6,100,#FFF6F0
24,6,100,#FFF6F0
25,6,100,#FFF6F0
26,6,100,#FFF6F0
27,6,100,#FFF7F0
28,6,100,#FFF7F0
29,6,100,#FFF7F0
30,6,100,#FFF7F0
31,6,100,#FFF8F0
32,6,100,#FFF8F0
33,6,100,#FFF8F0
34,6,100,#FFF8F0
35,6,100,#FFF9F0
36,6,100,#FFF9F0
37,6,100,#FFF9F0
38,6,100,#FFF9F0
39,6,100,#FFFAF0
40,6,100,#FFFAF0
41,6,100,#FFFAF0
42,6,100,#FFFAF0
43,6,100,#FFFBF0
44,6,100,#FFFBF0
45,6,100,#FFFBF0
46,6,100,#FFFBF0
47,6,100,#FFFCF0
48,6,100,#FFFCF0
49,6,100,#FFFCF0
50,6,100,#FFFCF0
51,6,100,#FFFDF0
52,6,100,#FFFDF0
53,6,100,#FFFDF0
54,6,100,#FFFDF0
55,6,100,#FFFEF0
56,6,100,#FFFEF0
57,6,100,#FFFEF0
58,6,100,#FFFEF0
59,6,100,#FFFFF0
60,6,100,#FFFFF0
61,6,100,#FFFFF0
62,6,100,#FEFFF0
63,6,100,#FEFFF0
64,6,100,#FEFFF0
65,6,100,#FEFFF0
66,6,100,#FDFFF0
67,6,100,#FDFFF0
68,6,100,#FDFFF0
69,6,100,#FDFFF0
70,6,100,#FCFFF0
71,6,100,#FCFFF0
72,6,100,#FCFFF0
73,6,100,#FCFFF0
74,6,100,#FBFFF0
75,6,100,#FBFFF0
76,6,100,#FBFFF0
77,6,100,#FBFFF0
78,6,100,#FAFFF0
79,6,100,#FAFFF0
80,6,100,#FAFFF0
81,6,100,#FAFFF0
82,6,100,#F9FFF0
83,6,100,#F9FFF0
84,6,100,#F9FFF0
85,6,100,#F9FFF0
86,6,100,#F8FFF0
87,6,100,#F8FFF0
88,6,100,#F8FFF0
89,6,100,#F8FFF0
90,6,100,#F7FFF0
91,6,100,#F7FFF0
92,6,100,#F7FFF0
93,6,100,#F7FFF0
94,6,100,#F6FFF0
95,6,100,#F6FFF0
96,6,100,#F6FFF0
97,6,100,#F6FFF0
98,6,100,#F5FFF0
99,6,100,#F5FFF0
100,6,100,#F5FFF0
101,6,100,#F5FFF0
102,6,100,#F4FFF0
103,6,100,#F4FFF0
104,6,100,#F4FFF0
105,6,100,#F4FFF0
106,6,100,#F3FFF0
107,6,100,#F3FFF0
108,6,100,#F3FFF0
109,6,100,#F3FFF0
110,6,100,#F2FFF0
111,6,100,#F2FFF0
112,6,100,#F2FFF0
113,6,100,#F1FFF0
114,6,100,#F1FFF0
115,6,100,#F1FFF0
116,6,100,#F1FFF0
117,6,100,#F0FFF0
118,6,100,#F0FFF0
119,6,100,#F0FFF0
120,6,100,#F0FFF0
121,6,100,#F0FFF0
122,6,100,#F0FFF0
123,6,100,#F0FFF0
124,6,100,#F0FFF1
125,6,100,#F0FFF1
126,6,100,#F0FFF1
127,6,100,#F0FFF1
128,6,100,#F0FFF2
129,6,100,#F0FFF2
130,6,100,#F0FFF2
131,6,100,#F0FFF3
132,6,100,#F0FFF3
133,6,100,#F0FFF3
134,6,100,#F0FFF3
135,6,100,#F0FFF4
136,6,100,#F0FFF4
137,6,100,#F0FFF4
138,6,100,#F0FFF4
139,6,100,#F0FFF5
140,6,100,#F0FFF5
141,6,100,#F0FFF5
142,6,100,#F0FFF5
143,6,100,#F0FFF6
144,6,100,#F0FFF6
145,6,100,#F0FFF6
146,6,100,#F0FFF6
147,6,100,#F0FFF7
148,6,100,#F0FFF7
149,6,100,#F0FFF7
150,6,100,#F0FFF7
151,6,100,#F0FFF8
152,6,100,#F0FFF8
153,6,100,#F0FFF8
154,6,100,#F0FFF8
155,6,100,#F0FFF9
156,6,100,#F0FFF9
157,6,100,#F0FFF9
158,6,100,#F0FFF9
159,6,100,#F0FFFA
160,6,100,#F0FFFA
161,6,100,#F0FFFA
162,6,100,#F0FFFA
163,6,100,#F0FFFB
164,6,100,#F0FFFB
165,6,100,#F0FFFB
166,6,100,#F0FFFB
167,6,100,#F0FFFC
168,6,100,#F0FFFC
169,6,100,#F0FFFC
170,6,100,#F0FFFC
171,6,100,#F0FFFD
172,6,100,#F0FFFD
173,6,100,#F0FFFD
174,6,100,#F0FFFD
175,6,100,#F0FFFE
176,6,100,#F0FFFE
177,6,100,#F0FFFE
178,6,100,#F0FFFE
179,6,100,#F0FFFF
180,6,100,#F0FFFF
181,6,100,#F0FFFF
182,6,100,#F0FEFF
183,6,100,#F0FEFF
184,6,100,#F0FEFF
185,6,100,#F0FEFF
186,6,100,#F0FDFF
187,6,100,#F0FDFF
188,6,100,#F0FDFF
189,6,100,#F0FDFF
190,6,100,#F0FCFF
191,6,100,#F0FCFF
192,6,100,#F0FCFF
193,6,100,#F0FCFF
194,6,100,#F0FBFF
195,6,100,#F0FBFF
196,6,100,#F0FBFF
197,6,100,#F0FBFF
198,6,100,#F0FAFF
199,6,100,#F0FAFF
200,6,100,#F0FAFF
201,6,100,#F0FAFF
202,6,100,#F0F9FF
203,6,100,#F0F9FF
204,6,100,#F0F9FF
205,6,100,#F0F9FF
206,6,100,#F0F8FF
207,6,100,#F0F8FF
208,6,100,#F0F8FF
209,6,100,#F0F8FF
210,6,100,#F0F7FF
211,6,100,#F0F7FF
212,6,100,#F0F7FF
213,6,100,#F0F7FF
214,6,100,#F0F6FF
215,6,100,#F0F6FF
216,6,100,#F0F6FF
217,6,100,#F0F6FF
218,6,100,#F0F5FF
219,6,100,#F0F5FF
220,6,100,#F0F5FF
221,6,100,#F0F5FF
222,6,100,#F0F4FF
223,6,100,#F0F4FF
224,6,100,#F0F4FF
225,6,100,#F0F4FF
226,6,100,#F0F3FF
227,6,100,#F0F3FF
228,6,100,#F0F3FF
229,6,100,#F0F3FF
230,6,100,#F0F2FF
231,6,100,#F0F2FF
232,6,100,#F0F2FF
233,6,100,#F0F1FF
234,6,100,#F0F1FF
235,6,100,#F0F1FF
236,6,100,#F0F1FF
237,6,100,#F0F0FF
238,6,100,#F0F0FF
239,6,100,#F0F0FF
240,6,100,#F0F0FF
241,6,100,#F0F0FF
242,6,100,#F0F0FF
243,6,100,#F0F0FF
244,6,100,#F1F0FF
245,6,100,#F1F0FF
246,6,100,#F1F0FF
247,6,100,#F1F0FF
248,6,100,#F2F0FF
249,6,100,#F2F0FF
250,6,100,#F2F0FF
251,6,100,#F3F0FF
252,6,100,#F3F0FF
253,6,100,#F3F0FF
254,6,100,#F3F0FF
255,6,100,#F4F0FF
256,6,100,#F4F0FF
257,6,100,#F4F0FF
258,6,100,#F4F0FF
259,6,100,#F5F0FF
260,6,100,#F5F0FF
261,6,100,#F5F0FF
262,6,100,#F5F0FF
263,6,100,#F6F0FF
264,6,100,#F6F0FF
265,6,100,#F6F0FF
266,6,100,#F6F0FF
267,6,100,#F7F0FF
268,6,100,#F7F0FF
269,6,100,#F7F0FF
270,6,100,#F7F0FF
271,6,100,#F8F0FF
272,6,100,#F8F0FF
273,6,100,#F8F0FF
274,6,100,#F8F0FF
275,6,100,#F9F0FF
276,6,100,#F9F0FF
277,6,100,#F9F0FF
278,6,100,#F9F0FF
279,6,100,#FAF0FF
280,6,100,#FAF0FF
281,6,100,#FAF0FF
282,6,100,#FAF0FF
283,6,100,#FBF0FF
284,6,100,#FBF0FF
285,6,100,#FBF0FF
286,6,100,#FBF0FF
287,6,100,#FCF0FF
288,6,100,#FCF0FF
289,6,100,#FCF0FF
290,6,100,#FCF0FF
291,6,100,#FDF0FF
292,6,100,#FDF0FF
293,6,100,#FDF0FF
294,6,100,#FDF0FF
295,6,100,#FEF0FF
296,6,100,#FEF0FF
297,6,100,#FEF0FF
298,6,100,#FEF0FF
299,6,100,#FFF0FF
300,6,100,#FFF0FF
301,6,100,#FFF0FF
302,6,100,#FFF0FE
303,6,100,#FFF0FE
304,6,100,#FFF0FE
305,6,100,#FFF0FE
306,6,100,#FFF0FD
307,6,100,#FFF0FD
308,6,100,#FFF0FD
309,6,100,#FFF0FD
310,6,100,#FFF0FC
311,6,100,#FFF0FC
312,6,100,#FFF0FC
313,6,100,#FFF0FC
314,6,100,#FFF0FB
315,6,100,#FFF0FB
316,6,100,#FFF0FB
317,6,100,#FFF0FB
318,6,100,#FFF0FA
319,6,100,#FFF0FA
320,6,100,#FFF0FA
321,6,100,#FFF0FA
322,6,100,#FFF0F9
323,6,100,#FFF0F9
324,6,100,#FFF0F9
325,6,100,#FFF0F9
326,6,100,#FFF0F8
327,6,100,#FFF0F8
328,6,100,#FFF0F8
329,6,100,#FFF0F8
330,6,100,#FFF0F7
331,6,100,#FFF0F7
332,6,100,#FFF0F7
333,6,100,#FFF0F7
334,6,100,#FFF0F6
335,6,100,#FFF0F6
336,6,100,#FFF0F6
337,6,100,#FFF0F6
338,6,100,#FFF0F5
339,6,100,#FFF0F5
340,6,100,#FFF0F5
341,6,100,#FFF0F5
342,6,100,#FFF0F4
343,6,100,#FFF0F4
344,6,100,#FFF0F4
345,6,100,#FFF0F4
346,6,100,#FFF0F3
347,6,100,#FFF0F3
348,6,100,#FFF0F3
349,6,100,#FFF0F3
350,6,100,#FFF0F2
351,6,100,#FFF0F2
352,6,100,#FFF0F2
353,6,100,#FFF0F1
354,6,100,#FFF0F1
355,6,100,#FFF0F1
356,6,100,#FFF0F1
357,6,100,#FFF0F0
358,6,100,#FFF0F0
359,6,100,#FFF0F0
0,5,100,#FFF2F2
1,5,100,#FFF2F2
2,5,100,#FFF3F2
3,5,100,#FFF3F2
4,5,100,#FFF3F2
5,5,100,#FFF3F2
6,5,100,#FFF4F2
7,5,100,#FFF4F2
8,5,100,#FFF4F2
9,5,100,#FFF4F2
10,5,100,#FFF4F2
11,5,100,#FFF5F2
12,5,100,#FFF5F2
13,5,100,#FFF5F2
14,5,100,#FFF5F2
15,5,100,#FFF5F2
16,5,100,#FFF6F2
17,5,100,#FFF6F2
18,5,100,#FFF6F2
19,5,100,#FFF6F2
20,5,100,#FFF7F2
21,5,100,#FFF7F2
22,5,100,#FFF7F2
23,5,100,#FFF7F2
24,5,100,#FFF7F2
25,5,100,#FFF8F2
26,5,100,#FFF8F2
27,5,100,#FFF8F2
28,5,100,#FFF8F2
29,5,100,#FFF8F2
30,5,100,#FFF9F2
31,5,100,#FFF9F2
32,5,100,#FFF9F2
33,5,100,#FFF9F2
34,5,100,#FFF9F2
35,5,100,#FFFAF2
36,5,100,#FFFAF2
37,5,100,#FFFAF2
38,5,100,#FFFAF2
39,5,100,#FFFBF2
40,5,100,#FFFBF2
41,5,100,#FFFBF2
42,5,100,#FFFBF2
43,5,100,#FFFBF2
44,5,100,#FFFCF2
45,5,100,#FFFCF2
46,5,100,#FFFCF2
47,5,100,#FFFCF2
48,5,100,#FFFCF2
49,5,100,#FFFDF2
50,5,100,#FFFDF2
51,5,100,#FFFDF2
52,5,100,#FFFDF2
53,5,100,#FFFEF2
54,5,100,#FFFEF2
55,5,100,#FFFEF2
56,5,100,#FFFEF2
57,5,100,#FFFEF2
58,5,100,#FFFFF2
59,5,100,#FFFFF2
60,5,100,#FFFFF2
61,5,100,#FFFFF2
62,5,100,#FFFFF2
63,5,100,#FEFFF2
64,5,100,#FEFFF2
65,5,100,#FEFFF2
66,5,100,#FEFFF2
67,5,100,#FEFFF2
68,5,100,#FDFFF2
69,5,100,#FDFFF2
70,5,100,#FDFFF2
71,5,100,#FDFFF2
72,5,100,#FCFFF2
73,5,100,#FCFFF2
74,5,100,#FCFFF2
75,5,100,#FCFFF2
76,5,100,#FCFFF2
77,5,100,#FBFFF2
78,5,100,#FBFFF2
79,5,100,#FBFFF2
80,5,100,#FBFFF2
81,5,100,#FBFFF2
82,5,100,#FAFFF2
83,5,100,#FAFFF2
84,5,100,#FAFFF2
85,5,100,#FAFFF2
86,5,100,#F9FFF2
87,5,100,#F9FFF2
88,5,100,#F9FFF2
89,5,100,#F9FFF2
90,5,100,#F9FFF2
91,5,100,#F8FFF2
92,5,100,#F8FFF2
93,5,100,#F8FFF2
94,5,100,#F8FFF2
95,5,100,#F8FFF2
96,5,100,#F7FFF2
97,5,100,#F7FFF2
98,5,100,#F7FFF2
99,5,100,#F7FFF2
100,5,100,#F7FFF2
101,5,100,#F6FFF2
102,5,100,#F6FFF2
103,5,100,#F6FFF2
104,5,100,#F6FFF2
105,5,100,#F5FFF2
106,5,100,#F5FFF2
107,5,100,#F5FFF2
108,5,100,#F5FFF2
109,5,100,#F5FFF2
110,5,100,#F4FFF2
111,5,100,#F4FFF2
112,5,100,#F4FFF2
113,5,100,#F4FFF2
114,5,100,#F4FFF2
115,5,100,#F3FFF2
116,5,100,#F3FFF2
117,5,100,#F3FFF2
118,5,100,#F3FFF2
119,5,100,#F2FFF2
120,5,100,#F2FFF2
121,5,100,#F2FFF2
122,5,100,#F2FFF3
123,5,100,#F2FFF3
124,5,100,#F2FFF3
125,5,100,#F2FFF3
126,5,100,#F2FFF4
127,5,100,#F2FFF4
128,5,100,#F2FFF4
129,5,100,#F2FFF4
130,5,100,#F2FFF4
131,5,100,#F2FFF5
132,5,100,#F2FFF5
133,5,100,#F2FFF5
134,5,100,#F2FFF5
135,5,100,#F2FFF5
136,5,100,#F2FFF6
137,5,100,#F2FFF6
138,5,100,#F2FFF6
139,5,100,#F2FFF6
140,5,100,#F2FFF7
141,5,100,#F2FFF7
142,5,100,#F2FFF7
143,5,100,#F2FFF7
144,5,100,#F2FFF7
145,5,100,#F2FFF8
146,5,100,#F2FFF8
147,5,100,#F2FFF8
148,5,100,#F2FFF8
149,5,100,#F2FFF8
150,5,100,#F2FFF9
151,5,100,#F2FFF9
152,5,100,#F2FFF9
153,5,100,#F2FFF9
154,5,100,#F2FFF9
155,5,100,#F2FFFA
156,5,100,#F2FFFA
157,5,100,#F2FFFA
158,5,100,#F2FFFA
159,5,100,#F2FFFB
160,5,100,#F2FFFB
161,5,100,#F2FFFB
162,5,100,#F2FFFB
163,5,100,#F2FFFB
164,5,100,#F2FFFC
165,5,100,#F2FFFC
166,5,100,#F2FFFC
167,5,100,#F2FFFC
168,5,100,#F2FFFC
169,5,100,#F2FFFD
170,5,100,#F2FFFD
171,5,100,#F2FFFD
172,5,100,#F2FFFD
173,5,100,#F2FFFE
174,5,100,#F2FFFE
175,5,100,#F2FFFE
176,5,100,#F2FFFE
177,5,100,#F2FFFE
178,5,100,#F2FFFF
179,5,100,#F2FFFF
180,5,100,#F2FFFF
181,5,100,#F2FFFF
182,5,100,#F2FFFF
183,5,100,#F2FEFF
184,5,100,#F2FEFF
185,5,100,#F2FEFF
186,5,100,#F2FEFF
187,5,100,#F2FEFF
188,5,100,#F2FDFF
189,5,100,#F2FDFF
190,5,100,#F2FDFF
191,5,100,#F2FDFF
192,5,100,#F2FCFF
193,5,100,#F2FCFF
194,5,100,#F2FCFF
195,5,100,#F2FCFF
196,5,100,#F2FCFF
197,5,100,#F2FBFF
198,5,100,#F2FBFF
199,5,100,#F2FBFF
200,5,100,#F2FBFF
201,5,100,#F2FBFF
202,5,100,#F2FAFF
203,5,100,#F2FAFF
204,5,100,#F2FAFF
205,5,100,#F2FAFF
206,5,100,#F2F9FF
207,5,100,#F2F9FF
208,5,100,#F2F9FF
209,5,100,#F2F9FF
210,5,100,#F2F9FF
211,5,100,#F2F8FF
212,5,100,#F2F8FF
213,5,100,#F2F8FF
214,5,100,#F2F8FF
215,5,100,#F2F8FF
216,5,100,#F2F7FF
217,5,100,#F2F7FF
218,5,100,#F2F7FF
219,5,100,#F2F7FF
220,5,100,#F2F7FF
221,5,100,#F2F6FF
222,5,100,#F2F6FF
223,5,100,#F2F6FF
224,5,100,#F2F6FF
225,5,100,#F2F5FF
226,5,100,#F2F5FF
227,5,100,#F2F5FF
228,5,100,#F2F5FF
229,5,100,#F2F5FF
230,5,100,#F2F4FF
231,5,100,#F2F4FF
232,5,100,#F2F4FF
233,5,100,#F2F4FF
234,5,100,#F2F4FF
235,5,100,#F2F3FF
236,5,100,#F2F3FF
237,5,100,#F2F3FF
238,5,100,#F2F3FF
239,5,100,#F2F2FF
240,5,100,#F2F2FF
241,5,100,#F2F2FF
242,5,100,#F3F2FF
243,5,100,#F3F2FF
244,5,100,#F3F2FF
245,5,100,#F3F2FF
246,5,100,#F4F2FF
247,5,100,#F4F2FF
248,5,100,#F4F2FF
249,5,100,#F4F2FF
250,5,100,#F4F2FF
251,5,100,#F5F2FF
252,5,100,#F5F2FF
253,5,100,#F5F2FF
254,5,100,#F5F2FF
255,5,100,#F5F2FF
256,5,100,#F6F2FF
257,5,100,#F6F2FF
258,5,100,#F6F2FF
259,5,100,#F6F2FF
260,5,100,#F7F2FF
261,5,100,#F7F2FF
262,5,100,#F7F2FF
263,5,100,#F7F2FF
264,5,100,#F7F2FF
265,5,100,#F8F2FF
266,5,100,#F8F2FF
267,5,100,#F8F2FF
268,5,100,#F8F2FF
269,5,100,#F8F2FF
270,5,100,#F9F2FF
271,5,100,#F9F2FF
272,5,100,#F9F2FF
273,5,100,#F9F2FF
274,5,100,#F9F2FF
275,5,100,#FAF2FF
276,5,100,#FAF2FF
277,5,100,#FAF2FF
278,5,100,#FAF2FF
279,5,100,#FBF2FF
280,5,100,#FBF2FF
281,5,100,#FBF2FF
282,5,100,#FBF2FF
283,5,100,#FBF2FF
284,5,100,#FCF2FF
285,5,100,#FCF2FF
286,5,100,#FCF2FF
287,5,100,#FCF2FF
288,5,100,#FCF2FF
289,5,100,#FDF2FF
290,5,100,#FDF2FF
291,5,100,#FDF2FF
292,5,100,#FDF2FF
293,5,100,#FEF2FF
294,5,100,#FEF2FF
295,5,100,#FEF2FF
296,5,100,#FEF2FF
297,5,100,#FEF2FF
298,5,100,#FFF2FF
299,5,100,#FFF2FF
300,5,100,#FFF2FF
301,5,100,#FFF2FF
302,5,100,#FFF2FF
303,5,100,#FFF2FE
304,5,100,#FFF2FE
305,5,100,#FFF2FE
306,5,100,#FFF2FE
307,5,100,#FFF2FE
308,5,100,#FFF2FD
309,5,100,#FFF2FD
310,5,100,#FFF2FD
311,5,100,#FFF2FD
312,5,100,#FFF2FC
313,5,100,#FFF2FC
314,5,100,#FFF2FC
315,5,100,#FFF2FC
316,5,100,#FFF2FC
317,5,100,#FFF2FB
318,5,100,#FFF2FB
319,5,100,#FFF2FB
320,5,100,#FFF2FB
321,5,100,#FFF2FB
322,5,100,#FFF2FA
323,5,100,#FFF2FA
324,5,100,#FFF2FA
325,5,100,#FFF2FA
326,5,100,#FFF2F9
327,5,100,#FFF2F9
328,5,100,#FFF2F9
329,5,100,#FFF2F9
330,5,100,#FFF2F9
331,5,100,#FFF2F8
332,5,100,#FFF2F8
333,5,100,#FFF2F8
334,5,100,#FFF2F8
335,5,100,#FFF2F8
336,5,100,#FFF2F7
337,5,100,#FFF2F7
338,5,100,#FFF2F7
339,5,100,#FFF2F7
340,5,100,#FFF2F7
341,5,100,#FFF2F6
342,5,100,#FFF2F6
343,5,100,#FFF2F6
344,5,100,#FFF2F6
345,5,100,#FFF2F5
346,5,100,#FFF2F5
347,5,100,#FFF2F5
348,5,100,#FFF2F5
349,5,100,#FFF2F5
350,5,100,#FFF2F4
351,5,100,#FFF2F4
352,5,100,#FFF2F4
353,5,100,#FFF2F4
354,5,100,#FFF2F4
355,5,100,#FFF2F3
356,5,100,#FFF2F3
357,5,100,#FFF2F3
358,5,100,#FFF2F3
359,5,100,#FFF2F2
0,4,100,#FFF5F5
1,4,100,#FFF5F5
2,4,100,#FFF5F5
3,4,100,#FFF5F5
4,4,100,#FFF5F5
5,4,100,#FFF6F5
6,4,100,#FFF6F5
7,4,100,#FFF6F5
8,4,100,#FFF6F5
9,4,100,#FFF6F5
10,4,100,#FFF7F5
11,4,100,#FFF7F5
12,4,100,#FFF7F5
13,4,100,#FFF7F5
14,4,100,#FFF7F5
15,4,100,#FFF7F5
16,4,100,#FFF8F5
17,4,100,#FFF8F5
18,4,100,#FFF8F5
19,4,100,#FFF8F5
20,4,100,#FFF8F5
21,4,100,#FFF8F5
22,4,100,#FFF9F5
23,4,100,#FFF9F5
24,4,100,#FFF9F5
25,4,100,#FFF9F5
26,4,100,#FFF9F5
27,4,100,#FFF9F5
28,4,100,#FFFAF5
29,4,100,#FFFAF5
30,4,100,#FFFAF5
31,4,100,#FFFAF5
32,4,100,#FFFAF5
33,4,100,#FFFAF5
34,4,100,#FFFBF5
35,4,100,#FFFBF5
36,4,100,#FFFBF5
37,4,100,#FFFBF5
38,4,100,#FFFBF5
39,4,100,#FFFBF5
40,4,100,#FFFCF5
41,4,100,#FFFCF5
42,4,100,#FFFCF5
43,4,100,#FFFCF5
44,4,100,#FFFCF5
45,4,100,#FFFCF5
46,4,100,#FFFDF5
47,4,100,#FFFDF5
48,4,100,#FFFDF5
49,4,100,#FFFDF5
50,4,100,#FFFDF5
51,4,100,#FFFDF5
52,4,100,#FFFEF5
53,4,100,#FFFEF5
54,4,100,#FFFEF5
55,4,100,#FFFEF5
56,4,100,#FFFEF5
57,4,100,#FFFEF5
58,4,100,#FFFFF5
59,4,100,#FFFFF5
60,4,100,#FFFFF5
61,4,100,#FFFFF5
62,4,100,#FFFFF5
63,4,100,#FEFFF5
64,4,100,#FEFFF5
65,4,100,#FEFFF5
66,4,100,#FEFFF5
67,4,100,#FEFFF5
68,4,100,#FEFFF5
69,4,100,#FDFFF5
70,4,100,#FDFFF5
71,4,100,#FDFFF5
72,4,100,#FDFFF5
73,4,100,#FDFFF5
74,4,100,#FDFFF5
75,4,100,#FCFFF5
76,4,100,#FCFFF5
77,4,100,#FCFFF5
78,4,100,#FCFFF5
79,4,100,#FCFFF5
80,4,100,#FCFFF5
81,4,100,#FBFFF5
82,4,100,#FBFFF5
83,4,100,#FBFFF5
84,4,100,#FBFFF5
85,4,100,#FBFFF5
86,4,100,#FBFFF5
87,4,100,#FAFFF5
88,4,100,#FAFFF5
89,4,100,#FAFFF5
90,4,100,#FAFFF5
91,4,100,#FAFFF5
92,4,100,#FAFFF5
93,4,100,#F9FFF5
94,4,100,#F9FFF5
95,4,100,#F9FFF5
96,4,100,#F9FFF5
97,4,100,#F9FFF5
98,4,100,#F9FFF5
99,4,100,#F8FFF5
100,4,100,#F8FFF5
101,4,100,#F8FFF5
102,4,100,#F8FFF5
103,4,100,#F8FFF5
104,4,100,#F8FFF5
105,4,100,#F7FFF5
106,4,100,#F7FFF5
107,4,100,#F7FFF5
108,4,100,#F7FFF5
109,4,100,#F7FFF5
110,4,100,#F7FFF5
111,4,100,#F6FFF5
112,4,100,#F6FFF5
113,4,100,#F6FFF5
114,4,100,#F6FFF5
115,4,100,#F6FFF5
116,4,100,#F5FFF5
117,4,100,#F5FFF5
118,4,100,#F5FFF5
119,4,100,#F5FFF5
120,4,100,#F5FFF5
121,4,100,#F5FFF5
122,4,100,#F5FFF5
123,4,100,#F5FFF5
124,4,100,#F5FFF5
125,4,100,#F5FFF6
126,4,100,#F5FFF6
127,4,100,#F5FFF6
128,4,100,#F5FFF6
129,4,100,#F5FFF6
130,4,100,#F5FFF7
131,4,100,#F5FFF7
132,4,100,#F5FFF7
133,4,100,#F5FFF7
134,4,100,#F5FFF7
135,4,100,#F5FFF7
136,4,100,#F5FFF8
137,4,100,#F5FFF8
138,4,100,#F5FFF8
139,4,100,#F5FFF8
140,4,100,#F5FFF8
141,4,100,#F5FFF8
142,4,100,#F5FFF9
143,4,100,#F5FFF9
144,4,100,#F5FFF9
145,4,100,#F5FFF9
146,4,100,#F5FFF9
147,4,100,#F5FFF9
148,4,100,#F5FFFA
149,4,100,#F5FFFA
150,4,100,#F5FFFA
151,4,100,#F5FFFA
152,4,100,#F5FFFA
153,4,100,#F5FFFA
154,4,100,#F5FFFB
155,4,100,#F5FFFB
156,4,100,#F5FFFB
157,4,100,#F5FFFB
158,4,100,#F5FFFB
159,4,100,#F5FFFB
160,4,100,#F5FFFC
161,4,100,#F5FFFC
162,4,100,#F5FFFC
163,4,100,#F5FFFC
164,4,100,#F5FFFC
165,4,100,#F5FFFC
166,4,100,#F5FFFD
167,4,100,#F5FFFD
168,4,100,#F5FFFD
169,4,100,#F5FFFD
170,4,100,#F5FFFD
171,4,100,#F5FFFD
172,4,100,#F5FFFE
173,4,100,#F5FFFE
174,4,100,#F5FFFE
175,4,100,#F5FFFE
176,4,100,#F5FFFE
177,4,100,#F5FFFE
178,4,100,#F5FFFF
179,4,100,#F5FFFF
180,4,100,#F5FFFF
181,4,100,#F5FFFF
182,4,100,#F5FFFF
183,4,100,#F5FEFF
184,4,100,#F5FEFF
185,4,100,#F5FEFF
186,4,100,#F5FEFF
187,4,100,#F5FEFF
188,4,100,#F5FEFF
189,4,100,#F5FDFF
190,4,100,#F5FDFF
191,4,100,#F5FDFF
192,4,100,#F5FDFF
193,4,100,#F5FDFF
194,4,100,#F5FDFF
195,4,100,#F5FCFF
196,4,100,#F5FCFF
197,4,100,#F5FCFF
198,4,100,#F5FCFF
199,4,100,#F5FCFF
200,4,100,#F5FCFF
201,4,100,#F5FBFF
202,4,100,#F5FBFF
203,4,100,#F5FBFF
204,4,100,#F5FBFF
205,4,100,#F5FBFF
206,4,100,#F5FBFF
207,4,100,#F5FAFF
208,4,100,#F5FAFF
209,4,100,#F5FAFF
210,4,100,#F5FAFF
211,4,100,#F5FAFF
212,4,100,#F5FAFF
213,4,100,#F5F9FF
214,4,100,#F5F9FF
215,4,100,#F5F9FF
216,4,100,#F5F9FF
217,4,100,#F5F9FF
218,4,100,#F5F9FF
219,4,100,#F5F8FF
220,4,100,#F5F8FF
221,4,100,#F5F8FF
222,4,100,#F5F8FF
223,4,100,#F5F8FF
224,4,100,#F5F8FF
225,4,100,#F5F7FF
226,4,100,#F5F7FF
227,4,100,#F5F7FF
228,4,100,#F5F7FF
229,4,100,#F5F7FF
230,4,100,#F5F7FF
231,4,100,#F5F6FF
232,4,100,#F5F6FF
233,4,100,#F5F6FF
234,4,100,#F5F6FF
235,4,100,#F5F6FF
236,4,100,#F5F5FF
237,4,100,#F5F5FF
238,4,100,#F5F5FF
239,4,100,#F5F5FF
240,4,100,#F5F5FF
241,4,100,#F5F5FF
242,4,100,#F5F5FF
243,4,100,#F5F5FF
244,4,100,#F5F5FF
245,4,100,#F6F5FF
246,4,100,#F6F5FF
247,4,100,#F6F5FF
248,4,100,#F6F5FF
249,4,100,#F6F5FF
250,4,100,#F7F5FF
251,4,100,#F7F5FF
252,4,100,#F7F5FF
253,4,100,#F7F5FF
254,4,100,#F7F5FF
255,4,100,#F7F5FF
256,4,100,#F8F5FF
257,4,100,#F8F5FF
258,4,100,#F8F5FF
259,4,100,#F8F5FF
260,4,100,#F8F5FF
261,4,100,#F8F5FF
262,4,100,#F9F5FF
263,4,100,#F9F5FF
264,4,100,#F9F5FF
265,4,100,#F9F5FF
266,4,100,#F9F5FF
267,4,100,#F9F5FF
268,4,100,#FAF5FF
269,4,100,#FAF5FF
270,4,100,#FAF5FF
271,4,100,#FAF5FF
272,4,100,#FAF5FF
273,4,100,#FAF5FF
274,4,100,#FBF5FF
275,4,100,#FBF5FF
276,4,100,#FBF5FF
277,4,100,#FBF5FF
278,4,100,#FBF5FF
279,4,100,#FBF5FF
280,4,100,#FCF5FF
281,4,100,#FCF5FF
282,4,100,#FCF5FF
283,4,100,#FCF5FF
284,4,100,#FCF5FF
285,4,100,#FCF5FF
286,4,100,#FDF5FF
287,4,100,#FDF5FF
288,4,100,#FDF5FF
289,4,100,#FDF5FF
290,4,100,#FDF5FF
291,4,100,#FDF5FF
292,4,100,#FEF5FF
293,4,100,#FEF5FF
294,4,100,#FEF5FF
295,4,100,#FEF5FF
296,4,100,#FEF5FF
297,4,100,#FEF5FF
298,4,100,#FFF5FF
299,4,100,#FFF5FF
300,4,100,#FFF5FF
301,4,100,#FFF5FF
302,4,100,#FFF5FF
303,4,100,#FFF5FE
304,4,100,#FFF5FE
305,4,100,#FFF5FE
306,4,100,#FFF5FE
307,4,100,#FFF5FE
308,4,100,#FFF5FE
309,4,100,#FFF5FD
310,4,100,#FFF5FD
311,4,100,#FFF5FD
312,4,100,#FFF5FD
313,4,100,#FFF5FD
314,4,100,#FFF5FD
315,4,100,#FFF5FC
316,4,100,#FFF5FC
317,4,100,#FFF5FC
318,4,100,#FFF5FC
319,4,100,#FFF5FC
320,4,100,#FFF5FC
321,4,100,#FFF5FB
322,4,100,#FFF5FB
323,4,100,#FFF5FB
324,4,100,#FFF5FB
325,4,100,#FFF5FB
326,4,100,#FFF5FB
327,4,100,#FFF5FA
328,4,100,#FFF5FA
329,4,100,#FFF5FA
330,4,100,#FFF5FA
331,4,100,#FFF5FA
332,4,100,#FFF5FA
333,4,100,#FFF5F9
334,4,100,#FFF5F9
335,4,100,#FFF5F9
336,4,100,#FFF5F9
337,4,100,#FFF5F9
338,4,100,#FFF5F9
339,4,100,#FFF5F8
340,4,100,#FFF5F8
341,4,100,#FFF5F8
342,4,100,#FFF5F8
343,4,100,#FFF5F8
344,4,100,#FFF5F8
345,4,100,#FFF5F7
346,4,100,#FFF5F7
347,4,100,#FFF5F7
348,4,100,#FFF5F7
349,4,100,#FFF5F7
350,4,100,#FFF5F7
351,4,100,#FFF5F6
352,4,100,#FFF5F6
353,4,100,#FFF5F6
354,4,100,#FFF5F6
355,4,100,#FFF5F6
356,4,100,#FFF5F5
357,4,100,#FFF5F5
358,4,100,#FFF5F5
359,4,100,#FFF5F5
0,3,100,#FFF7F7
1,3,100,#FFF7F7
2,3,100,#FFF8F7
3,3,100,#FFF8F7
4,3,100,#FFF8F7
5,3,100,#FFF8F7
6,3,100,#FFF8F7
7,3,100,#FFF8F7
8,3,100,#FFF8F7
9,3,100,#FFF8F7
10,3,100,#FFF9F7
11,3,100,#FFF9F7
12,3,100,#FFF9F7
13,3,100,#FFF9F7
14,3,100,#FFF9F7
15,3,100,#FFF9F7
16,3,100,#FFF9F7
17,3,100,#FFFAF7
18,3,100,#FFFAF7
19,3,100,#FFFAF7
20,3,100,#FFFAF7
21,3,100,#FFFAF7
22,3,100,#FFFAF7
23,3,100,#FFFAF7
24,3,100,#FFFAF7
25,3,100,#FFFBF7
26,3,100,#FFFBF7
27,3,100,#FFFBF7
28,3,100,#FFFBF7
29,3,100,#FFFBF7
30,3,100,#FFFBF7
31,3,100,#FFFBF7
32,3,100,#FFFBF7
33,3,100,#FFFCF7
34,3,100,#FFFCF7
35,3,100,#FFFCF7
36,3,100,#FFFCF7
37,3,100,#FFFCF7
38,3,100,#FFFCF7
39,3,100,#FFFCF7
40,3,100,#FFFCF7
41,3,100,#FFFDF7
42,3,100,#FFFDF7
43,3,100,#FFFDF7
44,3,100,#FFFDF7
45,3,100,#FFFDF7
46,3,100,#FFFDF7
47,3,100,#FFFDF7
48,3,100,#FFFDF7
49,3,100,#FFFEF7
50,3,100,#FFFEF7
51,3,100,#FFFEF7
52,3,100,#FFFEF7
53,3,100,#FFFEF7
54,3,100,#FFFEF7
55,3,100,#FFFEF7
56,3,100,#FFFEF7
57,3,100,#FFFFF7
58,3,100,#FFFFF7
59,3,100,#FFFFF7
60,3,100,#FFFFF7
61,3,100,#FFFFF7
62,3,100,#FFFFF7
63,3,100,#FFFFF7
64,3,100,#FEFFF7
65,3,100,#FEFFF7
66,3,100,#FEFFF7
67,3,100,#FEFFF7
68,3,100,#FEFFF7
69,3,100,#FEFFF7
70,3,100,#FEFFF7
71,3,100,#FEFFF7
72,3,100,#FDFFF7
73,3,100,#FDFFF7
74,3,100,#FDFFF7
75,3,100,#FDFFF7
76,3,100,#FDFFF7
77,3,100,#FDFFF7
78,3,100,#FDFFF7
79,3,100,#FDFFF7
80,3,100,#FCFFF7
81,3,100,#FCFFF7
82,3,100,#FCFFF7
83,3,100,#FCFFF7
84,3,100,#FCFFF7
85,3,100,#FCFFF7
86,3,100,#FCFFF7
87,3,100,#FCFFF7
88,3,100,#FBFFF7
89,3,100,#FBFFF7
90,3,100,#FBFFF7
91,3,100,#FBFFF7
92,3,100,#FBFFF7
93,3,100,#FBFFF7
94,3,100,#FBFFF7
95,3,100,#FBFFF7
96,3,100,#FAFFF7
97,3,100,#FAFFF7
98,3,100,#FAFFF7
99,3,100,#FAFFF7
100,3,100,#FAFFF7
101,3,100,#FAFFF7
102,3,100,#FAFFF7
103,3,100,#FAFFF7
104,3,100,#F9FFF7
105,3,100,#F9FFF7
106,3,100,#F9FFF7
107,3,100,#F9FFF7
108,3,100,#F9FFF7
109,3,100,#F9FFF7
110,3,100,#F9FFF7
111,3,100,#F8FFF7
112,3,100,#F8FFF7
113,3,100,#F8FFF7
114,3,100,#F8FFF7
115,3,100,#F8FFF7
116,3,100,#F8FFF7
117,3,100,#F8FFF7
118,3,100,#F8FFF7
119,3,100,#F7FFF7
120,3,100,#F7FFF7
121,3,100,#F7FFF7
122,3,100,#F7FFF8
123,3,100,#F7FFF8
124,3,100,#F7FFF8
125,3,100,#F7FFF8
126,3,100,#F7FFF8
127,3,100,#F7FFF8
128,3,100,#F7FFF8
129,3,100,#F7FFF8
130,3,100,#F7FFF9
131,3,100,#F7FFF9
132,3,100,#F7FFF9
133,3,100,#F7FFF9
134,3,100,#F7FFF9
135,3,100,#F7FFF9
136,3,100,#F7FFF9
137,3,100,#F7FFFA
138,3,100,#F7FFFA
139,3,100,#F7FFFA
140,3,100,#F7FFFA
141,3,100,#F7FFFA
142,3,100,#F7FFFA
143,3,100,#F7FFFA
144,3,100,#F7FFFA
145,3,100,#F7FFFB
146,3,100,#F7FFFB
147,3,100,#F7FFFB
148,3,100,#F7FFFB
149,3,100,#F7FFFB
150,3,100,#F7FFFB
151,3,100,#F7FFFB
152,3,100,#F7FFFB
153,3,100,#F7FFFC
154,3,100,#F7FFFC
155,3,100,#F7FFFC
156,3,100,#F7FFFC
157,3,100,#F7FFFC
158,3,100,#F7FFFC
159,3,100,#F7FFFC
160,3,100,#F7FFFC
161,3,100,#F7FFFD
162,3,100,#F7FFFD
163,3,100,#F7FFFD
164,3,100,#F7FFFD
165,3,100,#F7FFFD
166,3,100,#F7FFFD
167,3,100,#F7FFFD
168,3,100,#F7FFFD
169,3,100,#F7FFFE
170,3,100,#F7FFFE
171,3,100,#F7FFFE
172,3,100,#F7FFFE
173,3,100,#F7FFFE
174,3,100,#F7FFFE
175,3,100,#F7FFFE
176,3,100,#F7FFFE
177,3,100,#F7FFFF
178,3,100,#F7FFFF
179,3,100,#F7FFFF
180,3,100,#F7FFFF
181,3,100,#F7FFFF
182,3,100,#F7FFFF
183,3,100,#F7FFFF
184,3,100,#F7FEFF
185,3,100,#F7FEFF
186,3,100,#F7FEFF
187,3,100,#F7FEFF
188,3,100,#F7FEFF
189,3,100,#F7FEFF
190,3,100,#F7FEFF
191,3,100,#F7FEFF
192,3,100,#F7FDFF
193,3,100,#F7FDFF
194,3,100,#F7FDFF
195,3,100,#F7FDFF
196,3,100,#F7FDFF
197,3,100,#F7FDFF
198,3,100,#F7FDFF
199,3,100,#F7FDFF
200,3,100,#F7FCFF
201,3,100,#F7FCFF
202,3,100,#F7FCFF
203,3,100,#F7FCFF
204,3,100,#F7FCFF
205,3,100,#F7FCFF
206,3,100,#F7FCFF
207,3,100,#F7FCFF
208,3,100,#F7FBFF
209,3,100,#F7FBFF
210,3,100,#F7FBFF
211,3,100,#F7FBFF
212,3,100,#F7FBFF
213,3,100,#F7FBFF
214,3,100,#F7FBFF
215,3,100,#F7FBFF
216,3,100,#F7FAFF
217,3,100,#F7FAFF
218,3,100,#F7FAFF
219,3,100,#F7FAFF
220,3,100,#F7FAFF
221,3,100,#F7FAFF
222,3,100,#F7FAFF
223,3,100,#F7FAFF
224,3,100,#F7F9FF
225,3,100,#F7F9FF
226,3,100,#F7F9FF
227,3,100,#F7F9FF
228,3,100,#F7F9FF
229,3,100,#F7F9FF
230,3,100,#F7F9FF
231,3,100,#F7F8FF
232,3,100,#F7F8FF
233,3,100,#F7F8FF
234,3,100,#F7F8FF
235,3,100,#F7F8FF
236,3,100,#F7F8FF
237,3,100,#F7F8FF
238,3,100,#F7F8FF
239,3,100,#F7F7FF
240,3,100,#F7F7FF
241,3,100,#F7F7FF
242,3,100,#F8F7FF
243,3,100,#F8F7FF
244,3,100,#F8F7FF
245,3,100,#F8F7FF
246,3,100,#F8F7FF
247,3,100,#F8F7FF
248,3,100,#F8F7FF
249,3,100,#F8F7FF
250,3,100,#F9F7FF
251,3,100,#F9F7FF
252,3,100,#F9F7FF
253,3,100,#F9F7FF
254,3,100,#F9F7FF
255,3,100,#F9F7FF
256,3,100,#F9F7FF
257,3,100,#FAF7FF
258,3,100,#FAF7FF
259,3,100,#FAF7FF
260,3,100,#FAF7FF
261,3,100,#FAF7FF
262,3,100,#FAF7FF
263,3,100,#FAF7FF
264,3,100,#FAF7FF
265,3,100,#FBF7FF
266,3,100,#FBF7FF
267,3,100,#FBF7FF
268,3,100,#FBF7FF
269,3,100,#FBF7FF
270,3,100,#FBF7FF
271,3,100,#FBF7FF
272,3,100,#FBF7FF
273,3,100,#FCF7FF
274,3,100,#FCF7FF
275,3,100,#FCF7FF
276,3,100,#FCF7FF
277,3,100,#FCF7FF
278,3,100,#FCF7FF
279,3,100,#FCF7FF
280,3,100,#FCF7FF
281,3,100,#FDF7FF
282,3,100,#FDF7FF
283,3,100,#FDF7FF
284,3,100,#FDF7FF
285,3,100,#FDF7FF
286,3,100,#FDF7FF
287,3,100,#FDF7FF
288,3,100,#FDF7FF
289,3,100,#FEF7FF
290,3,100,#FEF7FF
291,3,100,#FEF7FF
292,3,100,#FEF7FF
293,3,100,#FEF7FF
294,3,100,#FEF7FF
295,3,100,#FEF7FF
296,3,100,#FEF7FF
297,3,100,#FFF7FF
298,3,100,#FFF7FF
299,3,100,#FFF7FF
300,3,100,#FFF7FF
301,3,100,#FFF7FF
302,3,100,#FFF7FF
303,3,100,#FFF7FF
304,3,100,#FFF7FE
305,3,100,#FFF7FE
306,3,100,#FFF7FE
307,3,100,#FFF7FE
308,3,100,#FFF7FE
309,3,100,#FFF7FE
310,3,100,#FFF7FE
311,3,100,#FFF7FE
312,3,100,#FFF7FD
313,3,100,#FFF7FD
314,3,100,#FFF7FD
315,3,100,#FFF7FD
316,3,100,#FFF7FD
317,3,100,#FFF7FD
318,3,100,#FFF7FD
319,3,100,#FFF7FD
320,3,100,#FFF7FC
321,3,100,#FFF7FC
322,3,100,#FFF7FC
323,3,100,#FFF7FC
324,3,100,#FFF7FC
325,3,100,#FFF7FC
326,3,100,#FFF7FC
327,3,100,#FFF7FC
328,3,100,#FFF7FB
329,3,100,#FFF7FB
330,3,100,#FFF7FB
331,3,100,#FFF7FB
332,3,100,#FFF7FB
333,3,100,#FFF7FB
334,3,100,#FFF7FB
335,3,100,#FFF7FB
336,3,100,#FFF7FA
337,3,100,#FFF7FA
338,3,100,#FFF7FA
339,3,100,#FFF7FA
340,3,100,#FFF7FA
341,3,100,#FFF7FA
342,3,100,#FFF7FA
343,3,100,#FFF7FA
344,3,100,#FFF7F9
345,3,100,#FFF7F9
346,3,100,#FFF7F9
347,3,100,#FFF7F9
348,3,100,#FFF7F9
349,3,100,#FFF7F9
350,3,100,#FFF7F9
351,3,100,#FFF7F8
352,3,100,#FFF7F8
353,3,100,#FFF7F8
354,3,100,#FFF7F8
355,3,100,#FFF7F8
356,3,100,#FFF7F8
357,3,100,#FFF7F8
358,3,100,#FFF7F8
359,3,100,#FFF7F7
0,2,100,#FFFAFA
1,2,100,#FFFAFA
2,2,100,#FFFAFA
3,2,100,#FFFAFA
4,2,100,#FFFAFA
5,2,100,#FFFAFA
6,2,100,#FFFAFA
7,2,100,#FFFAFA
8,2,100,#FFFBFA
9,2,100,#FFFBFA
10,2,100,#FFFBFA
11,2,100,#FFFBFA
12,2,100,#FFFBFA
13,2,100,#FFFBFA
14,2,100,#FFFBFA
15,2,100,#FFFBFA
16,2,100,#FFFBFA
17,2,100,#FFFBFA
18,2,100,#FFFBFA
19,2,100,#FFFCFA
20,2,100,#FFFCFA
21,2,100,#FFFCFA
22,2,100,#FFFCFA
23,2,100,#FFFCFA
24,2,100,#FFFCFA
25,2,100,#FFFCFA
26,2,100,#FFFCFA
27,2,100,#FFFCFA
28,2,100,#FFFCFA
29,2,100,#FFFCFA
30,2,100,#FFFCFA
31,2,100,#FFFDFA
32,2,100,#FFFDFA
33,2,100,#FFFDFA
34,2,100,#FFFDFA
35,2,100,#FFFDFA
36,2,100,#FFFDFA
37,2,100,#FFFDFA
38,2,100,#FFFDFA
39,2,100,#FFFDFA
40,2,100,#FFFDFA
41,2,100,#FFFDFA
42,2,100,#FFFDFA
43,2,100,#FFFEFA
44,2,100,#FFFEFA
45,2,100,#FFFEFA
46,2,100,#FFFEFA
47,2,100,#FFFEFA
48,2,100,#FFFEFA
49,2,100,#FFFEFA
50,2,100,#FFFEFA
51,2,100,#FFFEFA
52,2,100,#FFFEFA
53,2,100,#FFFEFA
54,2,100,#FFFEFA
55,2,100,#FFFFFA
56,2,100,#FFFFFA
57,2,100,#FFFFFA
58,2,100,#FFFFFA
59,2,100,#FFFFFA
60,2,100,#FFFFFA
61,2,100,#FFFFFA
62,2,100,#FFFFFA
63,2,100,#FFFFFA
64,2,100,#FFFFFA
65,2,100,#FFFFFA
66,2,100,#FEFFFA
67,2,100,#FEFFFA
68,2,100,#FEFFFA
69,2,100,#FEFFFA
70,2,100,#FEFFFA
71,2,100,#FEFFFA
72,2,100,#FEFFFA
73,2,100,#FEFFFA
74,2,100,#FEFFFA
75,2,100,#FEFFFA
76,2,100,#FEFFFA
77,2,100,#FEFFFA
78,2,100,#FDFFFA
79,2,100,#FDFFFA
80,2,100,#FDFFFA
81,2,100,#FDFFFA
82,2,100,#FDFFFA
83,2,100,#FDFFFA
84,2,100,#FDFFFA
85,2,100,#FDFFFA
86,2,100,#FDFFFA
87,2,100,#FDFFFA
88,2,100,#FDFFFA
89,2,100,#FDFFFA
90,2,100,#FCFFFA
91,2,100,#FCFFFA
92,2,100,#FCFFFA
93,2,100,#FCFFFA
94,2,100,#FCFFFA
95,2,100,#FCFFFA
96,2,100,#FCFFFA
97,2,100,#FCFFFA
98,2,100,#FCFFFA
99,2,100,#FCFFFA
100,2,100,#FCFFFA
101,2,100,#FCFFFA
102,2,100,#FBFFFA
103,2,100,#FBFFFA
104,2,100,#FBFFFA
105,2,100,#FBFFFA
106,2,100,#FBFFFA
107,2,100,#FBFFFA
108,2,100,#FBFFFA
109,2,100,#FBFFFA
110,2,100,#FBFFFA
111,2,100,#FBFFFA
112,2,100,#FBFFFA
113,2,100,#FAFFFA
114,2,100,#FAFFFA
115,2,100,#FAFFFA
116,2,100,#FAFFFA
117,2,100,#FAFFFA
118,2,100,#FAFFFA
119,2,100,#FAFFFA
120,2,100,#FAFFFA
121,2,100,#FAFFFA
122,2,100,#FAFFFA
123,2,100,#FAFFFA
124,2,100,#FAFFFA
125,2,100,#FAFFFA
126,2,100,#FAFFFA
127,2,100,#FAFFFA
128,2,100,#FAFFFB
129,2,100,#FAFFFB
130,2,100,#FAFFFB
131,2,100,#FAFFFB
132,2,100,#FAFFFB
133,2,100,#FAFFFB
134,2,100,#FAFFFB
135,2,100,#FAFFFB
136,2,100,#FAFFFB
137,2,100,#FAFFFB
138,2,100,#FAFFFB
139,2,100,#FAFFFC
140,2,100,#FAFFFC
141,2,100,#FAFFFC
142,2,100,#FAFFFC
143,2,100,#FAFFFC
144,2,100,#FAFFFC
145,2,100,#FAFFFC
146,2,100,#FAFFFC
147,2,100,#FAFFFC
148,2,100,#FAFFFC
149,2,100,#FAFFFC
150,2,100,#FAFFFC
151,2,100,#FAFFFD
152,2,100,#FAFFFD
153,2,100,#FAFFFD
154,2,100,#FAFFFD
155,2,100,#FAFFFD
156,2,100,#FAFFFD
157,2,100,#FAFFFD
158,2,100,#FAFFFD
159,2,100,#FAFFFD
160,2,100,#FAFFFD
161,2,100,#FAFFFD
162,2,100,#FAFFFD
163,2,100,#FAFFFE
164,2,100,#FAFFFE
165,2,100,#FAFFFE
166,2,100,#FAFFFE
167,2,100,#FAFFFE
168,2,100,#FAFFFE
169,2,100,#FAFFFE
170,2,100,#FAFFFE
171,2,100,#FAFFFE
172,2,100,#FAFFFE
173,2,100,#FAFFFE
174,2,100,#FAFFFE
175,2,100,#FAFFFF
176,2,100,#FAFFFF
177,2,100,#FAFFFF
178,2,100,#FAFFFF
179,2,100,#FAFFFF
180,2,100,#FAFFFF
181,2,100,#FAFFFF
182,2,100,#FAFFFF
183,2,100,#FAFFFF
184,2,100,#FAFFFF
185,2,100,#FAFFFF
186,2,100,#FAFEFF
187,2,100,#FAFEFF
188,2,100,#FAFEFF
189,2,100,#FAFEFF
190,2,100,#FAFEFF
191,2,100,#FAFEFF
192,2,100,#FAFEFF
193,2,100,#FAFEFF
194,2,100,#FAFEFF
195,2,100,#FAFEFF
196,2,100,#FAFEFF
197,2,100,#FAFEFF
198,2,100,#FAFDFF
199,2,100,#FAFDFF
200,2,100,#FAFDFF
201,2,100,#FAFDFF
202,2,100,#FAFDFF
203,2,100,#FAFDFF
204,2,100,#FAFDFF
205,2,100,#FAFDFF
206,2,100,#FAFDFF
207,2,100,#FAFDFF
208,2,100,#FAFDFF
209,2,100,#FAFDFF
210,2,100,#FAFCFF
211,2,100,#FAFCFF
212,2,100,#FAFCFF
213,2,100,#FAFCFF
214,2,100,#FAFCFF
215,2,100,#FAFCFF
216,2,100,#FAFCFF
217,2,100,#FAFCFF
218,2,100,#FAFCFF
219,2,100,#FAFCFF
220,2,100,#FAFCFF
221,2,100,#FAFCFF
222,2,100,#FAFBFF
223,2,100,#FAFBFF
224,2,100,#FAFBFF
225,2,100,#FAFBFF
226,2,100,#FAFBFF
227,2,100,#FAFBFF
228,2,100,#FAFBFF
229,2,100,#FAFBFF
230,2,100,#FAFBFF
231,2,100,#FAFBFF
232,2,100,#FAFBFF
233,2,100,#FAFAFF
234,2,100,#FAFAFF
235,2,100,#FAFAFF
236,2,100,#FAFAFF
237,2,100,#FAFAFF
238,2,100,#FAFAFF
239,2,100,#FAFAFF
240,2,100,#FAFAFF
241,2,100,#FAFAFF
242,2,100,#FAFAFF
243,2,100,#FAFAFF
244,2,100,#FAFAFF
245,2,100,#FAFAFF
246,2,100,#FAFAFF
247,2,100,#FAFAFF
248,2,100,#FBFAFF
249,2,100,#FBFAFF
250,2,100,#FBFAFF
251,2,100,#FBFAFF
252,2,100,#FBFAFF
253,2,100,#FBFAFF
254,2,100,#FBFAFF
255,2,100,#FBFAFF
256,2,100,#FBFAFF
257,2,100,#FBFAFF
258,2,100,#FBFAFF
259,2,100,#FCFAFF
260,2,100,#FCFAFF
261,2,100,#FCFAFF
262,2,100,#FCFAFF
263,2,100,#FCFAFF
264,2,100,#FCFAFF
265,2,100,#FCFAFF
266,2,100,#FCFAFF
267,2,100,#FCFAFF
268,2,100,#FCFAFF
269,2,100,#FCFAFF
270,2,100,#FCFAFF
271,2,100,#FDFAFF
272,2,100,#FDFAFF
273,2,100,#FDFAFF
274,2,100,#FDFAFF
275,2,100,#FDFAFF
276,2,100,#FDFAFF
277,2,100,#FDFAFF
278,2,100,#FDFAFF
279,2,100,#FDFAFF
280,2,100,#FDFAFF
281,2,100,#FDFAFF
282,2,100,#FDFAFF
283,2,100,#FEFAFF
284,2,100,#FEFAFF
285,2,100,#FEFAFF
286,2,100,#FEFAFF
287,2,100,#FEFAFF
288,2,100,#FEFAFF
289,2,100,#FEFAFF
290,2,100,#FEFAFF
291,2,100,#FEFAFF
292,2,100,#FEFAFF
293,2,100,#FEFAFF
294,2,100,#FEFAFF
295,2,100,#FFFAFF
296,2,100,#FFFAFF
297,2,100,#FFFAFF
298,2,100,#FFFAFF
299,2,100,#FFFAFF
300,2,100,#FFFAFF
301,2,100,#FFFAFF
302,2,100,#FFFAFF
303,2,100,#FFFAFF
304,2,100,#FFFAFF
305,2,100,#FFFAFF
306,2,100,#FFFAFE
307,2,100,#FFFAFE
308,2,100,#FFFAFE
309,2,100,#FFFAFE
310,2,100,#FFFAFE
311,2,100,#FFFAFE
312,2,100,#FFFAFE
313,2,100,#FFFAFE
314,2,100,#FFFAFE
315,2,100,#FFFAFE
316,2,100,#FFFAFE
317,2,100,#FFFAFE
318,2,100,#FFFAFD
319,2,100,#FFFAFD
320,2,100,#FFFAFD
321,2,100,#FFFAFD
322,2,100,#FFFAFD
323,2,100,#FFFAFD
324,2,100,#FFFAFD
325,2,100,#FFFAFD
326,2,100,#FFFAFD
327,2,100,#FFFAFD
328,2,100,#FFFAFD
329,2,100,#FFFAFD
330,2,100,#FFFAFC
331,2,100,#FFFAFC
332,2,100,#FFFAFC
333,2,100,#FFFAFC
334,2,100,#FFFAFC
335,2,100,#FFFAFC
336,2,100,#FFFAFC
337,2,100,#FFFAFC
338,2,100,#FFFAFC
339,2,100,#FFFAFC
340,2,100,#FFFAFC
341,2,100,#FFFAFC
342,2,100,#FFFAFB
343,2,100,#FFFAFB
344,2,100,#FFFAFB
345,2,100,#FFFAFB
346,2,100,#FFFAFB
347,2,100,#FFFAFB
348,2,100,#FFFAFB
349,2,100,#FFFAFB
350,2,100,#FFFAFB
351,2,100,#FFFAFB
352,2,100,#FFFAFB
353,2,100,#FFFAFA
354,2,100,#FFFAFA
355,2,100,#FFFAFA
356,2,100,#FFFAFA
357,2,100,#FFFAFA
358,2,100,#FFFAFA
359,2,100,#FFFAFA
0,1,100,#FFFCFC
1,1,100,#FFFCFC
2,1,100,#FFFDFC
3,1,100,#FFFDFC
4,1,100,#FFFDFC
5,1,100,#FFFDFC
6,1,100,#FFFDFC
7,1,100,#FFFDFC
8,1,100,#FFFDFC
9,1,100,#FFFDFC
10,1,100,#FFFDFC
11,1,100,#FFFDFC
12,1,100,#FFFDFC
13,1,100,#FFFDFC
14,1,100,#FFFDFC
15,1,100,#FFFDFC
16,1,100,#FFFDFC
17,1,100,#FFFDFC
18,1,100,#FFFDFC
19,1,100,#FFFDFC
20,1,100,#FFFDFC
21,1,100,#FFFDFC
22,1,100,#FFFDFC
23,1,100,#FFFDFC
24,1,100,#FFFDFC
25,1,100,#FFFEFC
26,1,100,#FFFEFC
27,1,100,#FFFEFC
28,1,100,#FFFEFC
29,1,100,#FFFEFC
30,1,100,#FFFEFC
31,1,100,#FFFEFC
32,1,100,#FFFEFC
33,1,100,#FFFEFC
34,1,100,#FFFEFC
35,1,100,#FFFEFC
36,1,100,#FFFEFC
37,1,100,#FFFEFC
38,1,100,#FFFEFC
39,1,100,#FFFEFC
40,1,100,#FFFEFC
41,1,100,#FFFEFC
42,1,100,#FFFEFC
43,1,100,#FFFEFC
44,1,100,#FFFEFC
45,1,100,#FFFEFC
46,1,100,#FFFEFC
47,1,100,#FFFEFC
48,1,100,#FFFEFC
49,1,100,#FFFFFC
50,1,100,#FFFFFC
51,1,100,#FFFFFC
52,1,100,#FFFFFC
53,1,100,#FFFFFC
54,1,100,#FFFFFC
55,1,100,#FFFFFC
56,1,100,#FFFFFC
57,1,100,#FFFFFC
58,1,100,#FFFFFC
59,1,100,#FFFFFC
60,1,100,#FFFFFC
61,1,100,#FFFFFC
62,1,100,#FFFFFC
63,1,100,#FFFFFC
64,1,100,#FFFFFC
65,1,100,#FFFFFC
66,1,100,#FFFFFC
67,1,100,#FFFFFC
68,1,100,#FFFFFC
69,1,100,#FFFFFC
70,1,100,#FFFFFC
71,1,100,#FFFFFC
72,1,100,#FEFFFC
73,1,100,#FEFFFC
74,1,100,#FEFFFC
75,1,100,#FEFFFC
76,1,100,#FEFFFC
77,1,100,#FEFFFC
78,1,100,#FEFFFC
79,1,100,#FEFFFC
80,1,100,#FEFFFC
81,1,100,#FEFFFC
82,1,100,#FEFFFC
83,1,100,#FEFFFC
84,1,100,#FEFFFC
85,1,100,#FEFFFC
86,1,100,#FEFFFC
87,1,100,#FEFFFC
88,1,100,#FEFFFC
89,1,100,#FEFFFC
90,1,100,#FEFFFC
91,1,100,#FEFFFC
92,1,100,#FEFFFC
93,1,100,#FEFFFC
94,1,100,#FEFFFC
95,1,100,#FEFFFC
96,1,100,#FDFFFC
97,1,100,#FDFFFC
98,1,100,#FDFFFC
99,1,100,#FDFFFC
100,1,100,#FDFFFC
101,1,100,#FDFFFC
102,1,100,#FDFFFC
103,1,100,#FDFFFC
104,1,100,#FDFFFC
105,1,100,#FDFFFC
106,1,100,#FDFFFC
107,1,100,#FDFFFC
108,1,100,#FDFFFC
109,1,100,#FDFFFC
110,1,100,#FDFFFC
111,1,100,#FDFFFC
112,1,100,#FDFFFC
113,1,100,#FDFFFC
114,1,100,#FDFFFC
115,1,100,#FDFFFC
116,1,100,#FDFFFC
117,1,100,#FDFFFC
118,1,100,#FDFFFC
119,1,100,#FCFFFC
120,1,100,#FCFFFC
121,1,100,#FCFFFC
122,1,100,#FCFFFD
123,1,100,#FCFFFD
124,1,100,#FCFFFD
125,1,100,#FCFFFD
126,1,100,#FCFFFD
127,1,100,#FCFFFD
128,1,100,#FCFFFD
129,1,100,#FCFFFD
130,1,100,#FCFFFD
131,1,100,#FCFFFD
132,1,100,#FCFFFD
133,1,100,#FCFFFD
134,1,100,#FCFFFD
135,1,100,#FCFFFD
136,1,100,#FCFFFD
137,1,100,#FCFFFD
138,1,100,#FCFFFD
139,1,100,#FCFFFD
140,1,100,#FCFFFD
141,1,100,#FCFFFD
142,1,100,#FCFFFD
143,1,100,#FCFFFD
144,1,100,#FCFFFD
145,1,100,#FCFFFE
146,1,100,#FCFFFE
147,1,100,#FCFFFE
148,1,100,#FCFFFE
149,1,100,#FCFFFE
150,1,100,#FCFFFE
151,1,100,#FCFFFE
152,1,100,#FCFFFE
153,1,100,#FCFFFE
154,1,100,#FCFFFE
155,1,100,#FCFFFE
156,1,100,#FCFFFE
157,1,100,#FCFFFE
158,1,100,#FCFFFE
159,1,100,#FCFFFE
160,1,100,#FCFFFE
161,1,100,#FCFFFE
162,1,100,#FCFFFE
163,1,100,#FCFFFE
164,1,100,#FCFFFE
165,1,100,#FCFFFE
166,1,100,#FCFFFE
167,1,100,#FCFFFE
168,1,100,#FCFFFE
169,1,100,#FCFFFF
170,1,100,#FCFFFF
171,1,100,#FCFFFF
172,1,100,#FCFFFF
173,1,100,#FCFFFF
174,1,100,#FCFFFF
175,1,100,#FCFFFF
176,1,100,#FCFFFF
177,1,100,#FCFFFF
178,1,100,#FCFFFF
179,1,100,#FCFFFF
180,1,100,#FCFFFF
181,1,100,#FCFFFF
182,1,100,#FCFFFF
183,1,100,#FCFFFF
184,1,100,#FCFFFF
185,1,100,#FCFFFF
186,1,100,#FCFFFF
187,1,100,#FCFFFF
188,1,100,#FCFFFF
189,1,100,#FCFFFF
190,1,100,#FCFFFF
191,1,100,#FCFFFF
192,1,100,#FCFEFF
193,1,100,#FCFEFF
194,1,100,#FCFEFF
195,1,100,#FCFEFF
196,1,100,#FCFEFF
197,1,100,#FCFEFF
198,1,100,#FCFEFF
199,1,100,#FCFEFF
200,1,100,#FCFEFF
201,1,100,#FCFEFF
202,1,100,#FCFEFF
203,1,100,#FCFEFF
204,1,100,#FCFEFF
205,1,100,#FCFEFF
206,1,100,#FCFEFF
207,1,100,#FCFEFF
208,1,100,#FCFEFF
209,1,100,#FCFEFF
210,1,100,#FCFEFF
211,1,100,#FCFEFF
212,1,100,#FCFEFF
213,1,100,#FCFEFF
214,1,100,#FCFEFF
215,1,100,#FCFEFF
216,1,100,#FCFDFF
217,1,100,#FCFDFF
218,1,100,#FCFDFF
219,1,100,#FCFDFF
220,1,100,#FCFDFF
221,1,100,#FCFDFF
222,1,100,#FCFDFF
223,1,100,#FCFDFF
224,1,100,#FCFDFF
225,1,100,#FCFDFF
226,1,100,#FCFDFF
227,1,100,#FCFDFF
228,1,100,#FCFDFF
229,1,100,#FCFDFF
230,1,100,#FCFDFF
231,1,100,#FCFDFF
232,1,100,#FCFDFF
233,1,100,#FCFDFF
234,1,100,#FCFDFF
235,1,100,#FCFDFF
236,1,100,#FCFDFF
237,1,100,#FCFDFF
238,1,100,#FCFDFF
239,1,100,#FCFCFF
240,1,100,#FCFCFF
241,1,100,#FCFCFF
242,1,100,#FDFCFF
243,1,100,#FDFCFF
244,1,100,#FDFCFF
245,1,100,#FDFCFF
246,1,100,#FDFCFF
247,1,100,#FDFCFF
248,1,100,#FDFCFF
249,1,100,#FDFCFF
250,1,100,#FDFCFF
251,1,100,#FDFCFF
252,1,100,#FDFCFF
253,1,100,#FDFCFF
254,1,100,#FDFCFF
255,1,100,#FDFCFF
256,1,100,#FDFCFF
257,1,100,#FDFCFF
258,1,100,#FDFCFF
259,1,100,#FDFCFF
260,1,100,#FDFCFF
261,1,100,#FDFCFF
262,1,100,#FDFCFF
263,1,100,#FDFCFF
264,1,100,#FDFCFF
265,1,100,#FEFCFF
266,1,100,#FEFCFF
267,1,100,#FEFCFF
268,1,100,#FEFCFF
269,1,100,#FEFCFF
270,1,100,#FEFCFF
271,1,100,#FEFCFF
272,1,100,#FEFCFF
273,1,100,#FEFCFF
274,1,100,#FEFCFF
275,1,100,#FEFCFF
276,1,100,#FEFCFF
277,1,100,#FEFCFF
278,1,100,#FEFCFF
279,1,100,#FEFCFF
280,1,100,#FEFCFF
281,1,100,#FEFCFF
282,1,100,#FEFCFF
283,1,100,#FEFCFF
284,1,100,#FEFCFF
285,1,100,#FEFCFF
286,1,100,#FEFCFF
287,1,100,#FEFCFF
288,1,100,#FEFCFF
289,1,100,#FFFCFF
290,1,100,#FFFCFF
291,1,100,#FFFCFF
292,1,100,#FFFCFF
293,1,100,#FFFCFF
294,1,100,#FFFCFF
295,1,100,#FFFCFF
296,1,100,#FFFCFF
297,1,100,#FFFCFF
298,1,100,#FFFCFF
299,1,100,#FFFCFF
300,1,100,#FFFCFF
301,1,100,#FFFCFF
302,1,100,#FFFCFF
303,1,100,#FFFCFF
304,1,100,#FFFCFF
305,1,100,#FFFCFF
306,1,100,#FFFCFF
307,1,100,#FFFCFF
308,1,100,#FFFCFF
309,1,100,#FFFCFF
310,1,100,#FFFCFF
311,1,100,#FFFCFF
312,1,100,#FFFCFE
313,1,100,#FFFCFE
314,1,100,#FFFCFE
315,1,100,#FFFCFE
316,1,100,#FFFCFE
317,1,100,#FFFCFE
318,1,100,#FFFCFE
319,1,100,#FFFCFE
320,1,100,#FFFCFE
321,1,100,#FFFCFE
322,1,100,#FFFCFE
323,1,100,#FFFCFE
324,1,100,#FFFCFE
325,1,100,#FFFCFE
326,1,100,#FFFCFE
327,1,100,#FFFCFE
328,1,100,#FFFCFE
329,1,100,#FFFCFE
330,1,100,#FFFCFE
331,1,100,#FFFCFE
332,1,100,#FFFCFE
333,1,100,#FFFCFE
334,1,100,#FFFCFE
335,1,100,#FFFCFE
336,1,100,#FFFCFD
337,1,100,#FFFCFD
338,1,100,#FFFCFD
339,1,100,#FFFCFD
340,1,100,#FFFCFD
341,1,100,#FFFCFD
342,1,100,#FFFCFD
343,1,100,#FFFCFD
344,1,100,#FFFCFD
345,1,100,#FFFCFD
346,1,100,#FFFCFD
347,1,100,#FFFCFD
348,1,100,#FFFCFD
349,1,100,#FFFCFD
350,1,100,#FFFCFD
351,1,100,#FFFCFD
352,1,100,#FFFCFD
353,1,100,#FFFCFD
354,1,100,#FFFCFD
355,1,100,#FFFCFD
356,1,100,#FFFCFD
357,1,100,#FFFCFD
358,1,100,#FFFCFD
359,1,100,#FFFCFC
0,0,100,#FFFFFF
1,0,100,#FFFFFF
2,0,100,#FFFFFF
3,0,100,#FFFFFF
4,0,100,#FFFFFF
5,0,100,#FFFFFF
6,0,100,#FFFFFF
7,0,100,#FFFFFF
8,0,100,#FFFFFF
9,0,100,#FFFFFF
10,0,100,#FFFFFF
11,0,100,#FFFFFF
12,0,100,#FFFFFF
13,0,100,#FFFFFF
14,0,100,#FFFFFF
15,0,100,#FFFFFF
16,0,100,#FFFFFF
17,0,100,#FFFFFF
18,0,100,#FFFFFF
19,0,100,#FFFFFF
20,0,100,#FFFFFF
21,0,100,#FFFFFF
22,0,100,#FFFFFF
23,0,100,#FFFFFF
24,0,100,#FFFFFF
25,0,100,#FFFFFF
26,0,100,#FFFFFF
27,0,100,#FFFFFF
28,0,100,#FFFFFF
29,0,100,#FFFFFF
30,0,100,#FFFFFF
31,0,100,#FFFFFF
32,0,100,#FFFFFF
33,0,100,#FFFFFF
34,0,100,#FFFFFF
35,0,100,#FFFFFF
36,0,100,#FFFFFF
37,0,100,#FFFFFF
38,0,100,#FFFFFF
39,0,100,#FFFFFF
40,0,100,#FFFFFF
41,0,100,#FFFFFF
42,0,100,#FFFFFF
43,0,100,#FFFFFF
44,0,100,#FFFFFF
45,0,100,#FFFFFF
46,0,100,#FFFFFF
47,0,100,#FFFFFF
48,0,100,#FFFFFF
49,0,100,#FFFFFF
50,0,100,#FFFFFF
51,0,100,#FFFFFF
52,0,100,#FFFFFF
53,0,100,#FFFFFF
54,0,100,#FFFFFF
55,0,100,#FFFFFF
56,0,100,#FFFFFF
57,0,100,#FFFFFF
58,0,100,#FFFFFF
59,0,100,#FFFFFF
60,0,100,#FFFFFF
61,0,100,#FFFFFF
62,0,100,#FFFFFF
63,0,100,#FFFFFF
64,0,100,#FFFFFF
65,0,100,#FFFFFF
66,0,100,#FFFFFF
67,0,100,#FFFFFF
68,0,100,#FFFFFF
69,0,100,#FFFFFF
70,0,100,#FFFFFF
71,0,100,#FFFFFF
72,0,100,#FFFFFF
73,0,100,#FFFFFF
74,0,100,#FFFFFF
75,0,100,#FFFFFF
76,0,100,#FFFFFF
77,0,100,#FFFFFF
78,0,100,#FFFFFF
79,0,100,#FFFFFF
80,0,100,#FFFFFF
81,0,100,#FFFFFF
82,0,100,#FFFFFF
83,0,100,#FFFFFF
84,0,100,#FFFFFF
85,0,100,#FFFFFF
86,0,100,#FFFFFF
87,0,100,#FFFFFF
88,0,100,#FFFFFF
89,0,100,#FFFFFF
90,0,100,#FFFFFF
91,0,100,#FFFFFF
92,0,100,#FFFFFF
93,0,100,#FFFFFF
94,0,100,#FFFFFF
95,0,100,#FFFFFF
96,0,100,#FFFFFF
97,0,100,#FFFFFF
98,0,100,#FFFFFF
99,0,100,#FFFFFF
100,0,100,#FFFFFF
101,0,100,#FFFFFF
102,0,100,#FFFFFF
103,0,100,#FFFFFF
104,0,100,#FFFFFF
105,0,100,#FFFFFF
106,0,100,#FFFFFF
107,0,100,#FFFFFF
108,0,100,#FFFFFF
109,0,100,#FFFFFF
110,0,100,#FFFFFF
111,0,100,#FFFFFF
112,0,100,#FFFFFF
113,0,100,#FFFFFF
114,0,100,#FFFFFF
115,0,100,#FFFFFF
116,0,100,#FFFFFF
117,0,100,#FFFFFF
118,0,100,#FFFFFF
119,0,100,#FFFFFF
120,0,100,#FFFFFF
121,0,100,#FFFFFF
122,0,100,#FFFFFF
123,0,100,#FFFFFF
124,0,100,#FFFFFF
125,0,100,#FFFFFF
126,0,100,#FFFFFF
127,0,100,#FFFFFF
128,0,100,#FFFFFF
129,0,100,#FFFFFF
130,0,100,#FFFFFF
131,0,100,#FFFFFF
132,0,100,#FFFFFF
133,0,100,#FFFFFF
134,0,100,#FFFFFF
135,0,100,#FFFFFF
136,0,100,#FFFFFF
137,0,100,#FFFFFF
138,0,100,#FFFFFF
139,0,100,#FFFFFF
140,0,100,#FFFFFF
141,0,100,#FFFFFF
142,0,100,#FFFFFF
143,0,100,#FFFFFF
144,0,100,#FFFFFF
145,0,100,#FFFFFF
146,0,100,#FFFFFF
147,0,100,#FFFFFF
148,0,100,#FFFFFF
149,0,100,#FFFFFF
150,0,100,#FFFFFF
151,0,100,#FFFFFF
152,0,100,#FFFFFF
153,0,100,#FFFFFF
154,0,100,#FFFFFF
155,0,100,#FFFFFF
156,0,100,#FFFFFF
157,0,100,#FFFFFF
158,0,100,#FFFFFF
159,0,100,#FFFFFF
160,0,100,#FFFFFF
161,0,100,#FFFFFF
162,0,100,#FFFFFF
163,0,100,#FFFFFF
164,0,100,#FFFFFF
165,0,100,#FFFFFF
166,0,100,#FFFFFF
167,0,100,#FFFFFF
168,0,100,#FFFFFF
169,0,100,#FFFFFF
170,0,100,#FFFFFF
171,0,100,#FFFFFF
172,0,100,#FFFFFF
173,0,100,#FFFFFF
174,0,100,#FFFFFF
175,0,100,#FFFFFF
176,0,100,#FFFFFF
177,0,100,#FFFFFF
178,0,100,#FFFFFF
179,0,100,#FFFFFF
180,0,100,#FFFFFF
181,0,100,#FFFFFF
182,0,100,#FFFFFF
183,0,100,#FFFFFF
184,0,100,#FFFFFF
185,0,100,#FFFFFF
186,0,100,#FFFFFF
187,0,100,#FFFFFF
188,0,100,#FFFFFF
189,0,100,#FFFFFF
190,0,100,#FFFFFF
191,0,100,#FFFFFF
192,0,100,#FFFFFF
193,0,100,#FFFFFF
194,0,100,#FFFFFF
195,0,100,#FFFFFF
196,0,100,#FFFFFF
197,0,100,#FFFFFF
198,0,100,#FFFFFF
199,0,100,#FFFFFF
200,0,100,#FFFFFF
201,0,100,#FFFFFF
202,0,100,#FFFFFF
203,0,100,#FFFFFF
204,0,100,#FFFFFF
205,0,100,#FFFFFF
206,0,100,#FFFFFF
207,0,100,#FFFFFF
208,0,100,#FFFFFF
209,0,100,#FFFFFF
210,0,100,#FFFFFF
211,0,100,#FFFFFF
212,0,100,#FFFFFF
213,0,100,#FFFFFF
214,0,100,#FFFFFF
215,0,100,#FFFFFF
216,0,100,#FFFFFF
217,0,100,#FFFFFF
218,0,100,#FFFFFF
219,0,100,#FFFFFF
220,0,100,#FFFFFF
221,0,100,#FFFFFF
222,0,100,#FFFFFF
223,0,100,#FFFFFF
224,0,100,#FFFFFF
225,0,100,#FFFFFF
226,0,100,#FFFFFF
227,0,100,#FFFFFF
228,0,100,#FFFFFF
229,0,100,#FFFFFF
230,0,100,#FFFFFF
231,0,100,#FFFFFF
232,0,100,#FFFFFF
233,0,100,#FFFFFF
234,0,100,#FFFFFF
235,0,100,#FFFFFF
236,0,100,#FFFFFF
237,0,100,#FFFFFF
238,0,100,#FFFFFF
239,0,100,#FFFFFF
240,0,100,#FFFFFF
241,0,100,#FFFFFF
242,0,100,#FFFFFF
243,0,100,#FFFFFF
244,0,100,#FFFFFF
245,0,100,#FFFFFF
246,0,100,#FFFFFF
247,0,100,#FFFFFF
248,0,100,#FFFFFF
249,0,100,#FFFFFF
250,0,100,#FFFFFF
251,0,100,#FFFFFF
252,0,100,#FFFFFF
253,0,100,#FFFFFF
254,0,100,#FFFFFF
255,0,100,#FFFFFF
256,0,100,#FFFFFF
257,0,100,#FFFFFF
258,0,100,#FFFFFF
259,0,100,#FFFFFF
260,0,100,#FFFFFF
261,0,100,#FFFFFF
262,0,100,#FFFFFF
263,0,100,#FFFFFF
264,0,100,#FFFFFF
265,0,100,#FFFFFF
266,0,100,#FFFFFF
267,0,100,#FFFFFF
268,0,100,#FFFFFF
269,0,100,#FFFFFF
270,0,100,#FFFFFF
271,0,100,#FFFFFF
272,0,100,#FFFFFF
273,0,100,#FFFFFF
274,0,100,#FFFFFF
275,0,100,#FFFFFF
276,0,100,#FFFFFF
277,0,100,#FFFFFF
278,0,100,#FFFFFF
279,0,100,#FFFFFF
280,0,100,#FFFFFF
281,0,100,#FFFFFF
282,0,100,#FFFFFF
283,0,100,#FFFFFF
284,0,100,#FFFFFF
285,0,100,#FFFFFF
286,0,100,#FFFFFF
287,0,100,#FFFFFF
288,0,100,#FFFFFF
289,0,100,#FFFFFF
290,0,100,#FFFFFF
291,0,100,#FFFFFF
292,0,100,#FFFFFF
293,0,100,#FFFFFF
294,0,100,#FFFFFF
295,0,100,#FFFFFF
296,0,100,#FFFFFF
297,0,100,#FFFFFF
298,0,100,#FFFFFF
299,0,100,#FFFFFF
300,0,100,#FFFFFF
301,0,100,#FFFFFF
302,0,100,#FFFFFF
303,0,100,#FFFFFF
304,0,100,#FFFFFF
305,0,100,#FFFFFF
306,0,100,#FFFFFF
307,0,100,#FFFFFF
308,0,100,#FFFFFF
309,0,100,#FFFFFF
310,0,100,#FFFFFF
311,0,100,#FFFFFF
312,0,100,#FFFFFF
313,0,100,#FFFFFF
314,0,100,#FFFFFF
315,0,100,#FFFFFF
316,0,100,#FFFFFF
317,0,100,#FFFFFF
318,0,100,#FFFFFF
319,0,100,#FFFFFF
320,0,100,#FFFFFF
321,0,100,#FFFFFF
322,0,100,#FFFFFF
323,0,100,#FFFFFF
324,0,100,#FFFFFF
325,0,100,#FFFFFF
326,0,100,#FFFFFF
327,0,100,#FFFFFF
328,0,100,#FFFFFF
329,0,100,#FFFFFF
330,0,100,#FFFFFF
331,0,100,#FFFFFF
332,0,100,#FFFFFF
333,0,100,#FFFFFF
334,0,100,#FFFFFF
335,0,100,#FFFFFF
336,0,100,#FFFFFF
337,0,100,#FFFFFF
338,0,100,#FFFFFF
339,0,100,#FFFFFF
340,0,100,#FFFFFF
341,0,100,#FFFFFF
342,0,100,#FFFFFF
343,0,100,#FFFFFF
344,0,100,#FFFFFF
345,0,100,#FFFFFF
346,0,100,#FFFFFF
347,0,100,#FFFFFF
348,0,100,#FFFFFF
349,0,100,#FFFFFF
350,0,100,#FFFFFF
351,0,100,#FFFFFF
352,0,100,#FFFFFF
353,0,100,#FFFFFF
354,0,100,#FFFFFF
355,0,100,#FFFFFF
356,0,100,#FFFFFF
357,0,100,#FFFFFF
358,0,100,#FFFFFF
359,0,100,#FFFFFF
