Hue,Saturation,Brightness,Hex
0,100,85,#D90000
1,100,85,#D90400
2,100,85,#D90700
3,100,85,#D90B00
4,100,85,#D90E00
5,100,85,#D91200
6,100,85,#D91600
7,100,85,#D91900
8,100,85,#D91D00
9,100,85,#D92100
10,100,85,#D92400
11,100,85,#D92800
12,100,85,#D92B00
13,100,85,#D92F00
14,100,85,#D93300
15,100,85,#D93600
16,100,85,#D93A00
17,100,85,#D93D00
18,100,85,#D94100
19,100,85,#D94500
20,100,85,#D94800
21,100,85,#D94C00
22,100,85,#D94F00
23,100,85,#D95300
24,100,85,#D95700
25,100,85,#D95A00
26,100,85,#D95E00
27,100,85,#D96200
28,100,85,#D96500
29,100,85,#D96900
30,100,85,#D96C00
31,100,85,#D97000
32,100,85,#D97400
33,100,85,#D97700
34,100,85,#D97B00
35,100,85,#D97E00
36,100,85,#D98200
37,100,85,#D98600
38,100,85,#D98900
39,100,85,#D98D00
40,100,85,#D99100
41,100,85,#D99400
42,100,85,#D99800
43,100,85,#D99B00
44,100,85,#D99F00
45,100,85,#D9A300
46,100,85,#D9A600
47,100,85,#D9AA00
48,100,85,#D9AD00
49,100,85,#D9B100
50,100,85,#D9B500
51,100,85,#D9B800
52,100,85,#D9BC00
53,100,85,#D9BF00
54,100,85,#D9C300
55,100,85,#D9C700
56,100,85,#D9CA00
57,100,85,#D9CE00
58,100,85,#D9D200
59,100,85,#D9D500
60,100,85,#D9D900
61,100,85,#D5D900
62,100,85,#D2D900
63,100,85,#CED900
64,100,85,#CAD900
65,100,85,#C7D900
66,100,85,#C3D900
67,100,85,#BFD900
68,100,85,#BCD900
69,100,85,#B8D900
70,100,85,#B5D900
71,100,85,#B1D900
72,100,85,#ADD900
73,100,85,#AAD900
74,100,85,#A6D900
75,100,85,#A3D900
76,100,85,#9FD900
77,100,85,#9BD900
78,100,85,#98D900
79,100,85,#94D900
80,100,85,#91D900
81,100,85,#8DD900
82,100,85,#89D900
83,100,85,#86D900
84,100,85,#82D900
85,100,85,#7ED900
86,100,85,#7BD900
87,100,85,#77D900
88,100,85,#74D900
89,100,85,#70D900
90,100,85,#6CD900
91,100,85,#69D900
92,100,85,#65D900
93,100,85,#62D900
94,100,85,#5ED900
95,100,85,#5AD900
96,100,85,#57D900
97,100,85,#53D900
98,100,85,#4FD900
99,100,85,#4CD900
100,100,85,#48D900
101,100,85,#45D900
102,100,85,#41D900
103,100,85,#3DD900
104,100,85,#3AD900
105,100,85,#36D900
106,100,85,#33D900
107,100,85,#2FD900
108,100,85,#2BD900
109,100,85,#28D900
110,100,85,#24D900
111,100,85,#21D900
112,100,85,#1DD900
113,100,85,#19D900
114,100,85,#16D900
115,100,85,#12D900
116,100,85,#0ED900
117,100,85,#0BD900
118,100,85,#07D900
119,100,85,#04D900
120,100,85,#00D900
121,100,85,#00D904
122,100,85,#00D907
123,100,85,#00D90B
124,100,85,#00D90E
125,100,85,#00D912
126,100,85,#00D916
127,100,85,#00D919
128,100,85,#00D91D
129,100,85,#00D921
130,100,85,#00D924
131,100,85,#00D928
132,100,85,#00D92B
133,100,85,#00D92F
134,100,85,#00D933
135,100,85,#00D936
136,100,85,#00D93A
137,100,85,#00D93D
138,100,85,#00D941
139,100,85,#00D945
140,100,85,#00D948
141,100,85,#00D94C
142,100,85,#00D94F
143,100,85,#00D953
144,100,85,#00D957
145,100,85,#00D95A
146,100,85,#00D95E
147,100,85,#00D962
148,100,85,#00D965
149,100,85,#00D969
150,100,85,#00D96C
151,100,85,#00D970
152,100,85,#00D974
153,100,85,#00D977
154,100,85,#00D97B
155,100,85,#00D97E
156,100,85,#00D982
157,100,85,#00D986
158,100,85,#00D989
159,100,85,#00D98D
160,100,85,#00D990
161,100,85,#00D994
162,100,85,#00D998
163,100,85,#00D99B
164,100,85,#00D99F
165,100,85,#00D9A3
166,100,85,#00D9A6
167,100,85,#00D9AA
168,100,85,#00D9AD
169,100,85,#00D9B1
170,100,85,#00D9B5
171,100,85,#00D9B8
172,100,85,#00D9BC
173,100,85,#00D9BF
174,100,85,#00D9C3
175,100,85,#00D9C7
176,100,85,#00D9CA
177,100,85,#00D9CE
178,100,85,#00D9D2
179,100,85,#00D9D5
180,100,85,#00D9D9
181,100,85,#00D5D9
182,100,85,#00D2D9
183,100,85,#00CED9
184,100,85,#00CAD9
185,100,85,#00C7D9
186,100,85,#00C3D9
187,100,85,#00BFD9
188,100,85,#00BCD9
189,100,85,#00B8D9
190,100,85,#00B5D9
191,100,85,#00B1D9
192,100,85,#00ADD9
193,100,85,#00AAD9
194,100,85,#00A6D9
195,100,85,#00A3D9
196,100,85,#009FD9
197,100,85,#009BD9
198,100,85,#0098D9
199,100,85,#0094D9
200,100,85,#0090D9
201,100,85,#008DD9
202,100,85,#0089D9
203,100,85,#0086D9
204,100,85,#0082D9
205,100,85,#007ED9
206,100,85,#007BD9
207,100,85,#0077D9
208,100,85,#0074D9
209,100,85,#0070D9
210,100,85,#006CD9
211,100,85,#0069D9
212,100,85,#0065D9
213,100,85,#0062D9
214,100,85,#005ED9
215,100,85,#005AD9
216,100,85,#0057D9
217,100,85,#0053D9
218,100,85,#004FD9
219,100,85,#004CD9
220,100,85,#0048D9
221,100,85,#0045D9
222,100,85,#0041D9
223,100,85,#003DD9
224,100,85,#003AD9
225,100,85,#0036D9
226,100,85,#0033D9
227,100,85,#002FD9
228,100,85,#002BD9
229,100,85,#0028D9
230,100,85,#0024D9
231,100,85,#0021D9
232,100,85,#001DD9
233,100,85,#0019D9
234,100,85,#0016D9
235,100,85,#0012D9
236,100,85,#000ED9
237,100,85,#000BD9
238,100,85,#0007D9
239,100,85,#0004D9
240,100,85,#0000D9
241,100,85,#0400D9
242,100,85,#0700D9
243,100,85,#0B00D9
244,100,85,#0E00D9
245,100,85,#1200D9
246,100,85,#1600D9
247,100,85,#1900D9
248,100,85,#1D00D9
249,100,85,#2100D9
250,100,85,#2400D9
251,100,85,#2800D9
252,100,85,#2B00D9
253,100,85,#2F00D9
254,100,85,#3300D9
255,100,85,#3600D9
256,100,85,#3A00D9
257,100,85,#3D00D9
258,100,85,#4100D9
259,100,85,#4500D9
260,100,85,#4800D9
261,100,85,#4C00D9
262,100,85,#4F00D9
263,100,85,#5300D9
264,100,85,#5700D9
265,100,85,#5A00D9
266,100,85,#5E00D9
267,100,85,#6200D9
268,100,85,#6500D9
269,100,85,#6900D9
270,100,85,#6C00D9
271,100,85,#7000D9
272,100,85,#7400D9
273,100,85,#7700D9
274,100,85,#7B00D9
275,100,85,#7E00D9
276,100,85,#8200D9
277,100,85,#8600D9
278,100,85,#8900D9
279,100,85,#8D00D9
280,100,85,#9100D9
281,100,85,#9400D9
282,100,85,#9800D9
283,100,85,#9B00D9
284,100,85,#9F00D9
285,100,85,#A300D9
286,100,85,#A600D9
287,100,85,#AA00D9
288,100,85,#AD00D9
289,100,85,#B100D9
290,100,85,#B500D9
291,100,85,#B800D9
292,100,85,#BC00D9
293,100,85,#BF00D9
294,100,85,#C300D9
295,100,85,#C700D9
296,100,85,#CA00D9
297,100,85,#CE00D9
298,100,85,#D200D9
299,100,85,#D500D9
300,100,85,#D900D9
301,100,85,#D900D5
302,100,85,#D900D2
303,100,85,#D900CE
304,100,85,#D900CA
305,100,85,#D900C7
306,100,85,#D900C3
307,100,85,#D900BF
308,100,85,#D900BC
309,100,85,#D900B8
310,100,85,#D900B5
311,100,85,#D900B1
312,100,85,#D900AD
313,100,85,#D900AA
314,100,85,#D900A6
315,100,85,#D900A3
316,100,85,#D9009F
317,100,85,#D9009B
318,100,85,#D90098
319,100,85,#D90094
320,100,85,#D90091
321,100,85,#D9008D
322,100,85,#D90089
323,100,85,#D90086
324,100,85,#D90082
325,100,85,#D9007E
326,100,85,#D9007B
327,100,85,#D90077
328,100,85,#D90074
329,100,85,#D90070
330,100,85,#D9006C
331,100,85,#D90069
332,100,85,#D90065
333,100,85,#D90062
334,100,85,#D9005E
335,100,85,#D9005A
336,100,85,#D90057
337,100,85,#D90053
338,100,85,#D9004F
339,100,85,#D9004C
340,100,85,#D90048
341,100,85,#D90045
342,100,85,#D90041
343,100,85,#D9003D
344,100,85,#D9003A
345,100,85,#D90036
346,100,85,#D90033
347,100,85,#D9002F
348,100,85,#D9002B
349,100,85,#D90028
350,100,85,#D90024
351,100,85,#D90021
352,100,85,#D9001D
353,100,85,#D90019
354,100,85,#D90016
355,100,85,#D90012
356,100,85,#D9000E
357,100,85,#D9000B
358,100,85,#D90007
359,100,85,#D90004
0,99,85,#D90202
1,99,85,#D90602
2,99,85,#D90902
3,99,85,#D90D02
4,99,85,#D91002
5,99,85,#D91402
6,99,85,#D91802
7,99,85,#D91B02
8,99,85,#D91F02
9,99,85,#D92202
10,99,85,#D92602
11,99,85,#D92A02
12,99,85,#D92D02
13,99,85,#D93102
14,99,85,#D93402
15,99,85,#D93802
16,99,85,#D93B02
17,99,85,#D93F02
18,99,85,#D94302
19,99,85,#D94602
20,99,85,#D94A02
21,99,85,#D94D02
22,99,85,#D95102
23,99,85,#D95402
24,99,85,#D95802
25,99,85,#D95C02
26,99,85,#D95F02
27,99,85,#D96302
28,99,85,#D96602
29,99,85,#D96A02
30,99,85,#D96D02
31,99,85,#D97102
32,99,85,#D97502
33,99,85,#D97802
34,99,85,#D97C02
35,99,85,#D97F02
36,99,85,#D98302
37,99,85,#D98602
38,99,85,#D98A02
39,99,85,#D98E02
40,99,85,#D99102
41,99,85,#D99502
42,99,85,#D99802
43,99,85,#D99C02
44,99,85,#D9A002
45,99,85,#D9A302
46,99,85,#D9A702
47,99,85,#D9AA02
48,99,85,#D9AE02
49,99,85,#D9B102
50,99,85,#D9B502
51,99,85,#D9B902
52,99,85,#D9BC02
53,99,85,#D9C002
54,99,85,#D9C302
55,99,85,#D9C702
56,99,85,#D9CA02
57,99,85,#D9CE02
58,99,85,#D9D202
59,99,85,#D9D502
60,99,85,#D9D902
61,99,85,#D5D902
62,99,85,#D2D902
63,99,85,#CED902
64,99,85,#CAD902
65,99,85,#C7D902
66,99,85,#C3D902
67,99,85,#C0D902
68,99,85,#BCD902
69,99,85,#B9D902
70,99,85,#B5D902
71,99,85,#B1D902
72,99,85,#AED902
73,99,85,#AAD902
74,99,85,#A7D902
75,99,85,#A3D902
76,99,85,#A0D902
77,99,85,#9CD902
78,99,85,#98D902
79,99,85,#95D902
80,99,85,#91D902
81,99,85,#8ED902
82,99,85,#8AD902
83,99,85,#86D902
84,99,85,#83D902
85,99,85,#7FD902
86,99,85,#7CD902
87,99,85,#78D902
88,99,85,#75D902
89,99,85,#71D902
90,99,85,#6DD902
91,99,85,#6AD902
92,99,85,#66D902
93,99,85,#63D902
94,99,85,#5FD902
95,99,85,#5CD902
96,99,85,#58D902
97,99,85,#54D902
98,99,85,#51D902
99,99,85,#4DD902
100,99,85,#4AD902
101,99,85,#46D902
102,99,85,#43D902
103,99,85,#3FD902
104,99,85,#3BD902
105,99,85,#38D902
106,99,85,#34D902
107,99,85,#31D902
108,99,85,#2DD902
109,99,85,#2AD902
110,99,85,#26D902
111,99,85,#22D902
112,99,85,#1FD902
113,99,85,#1BD902
114,99,85,#18D902
115,99,85,#14D902
116,99,85,#10D902
117,99,85,#0DD902
118,99,85,#09D902
119,99,85,#06D902
120,99,85,#02D902
121,99,85,#02D906
122,99,85,#02D909
123,99,85,#02D90D
124,99,85,#02D910
125,99,85,#02D914
126,99,85,#02D918
127,99,85,#02D91B
128,99,85,#02D91F
129,99,85,#02D922
130,99,85,#02D926
131,99,85,#02D92A
132,99,85,#02D92D
133,99,85,#02D931
134,99,85,#02D934
135,99,85,#02D938
136,99,85,#02D93B
137,99,85,#02D93F
138,99,85,#02D943
139,99,85,#02D946
140,99,85,#02D94A
141,99,85,#02D94D
142,99,85,#02D951
143,99,85,#02D954
144,99,85,#02D958
145,99,85,#02D95C
146,99,85,#02D95F
147,99,85,#02D963
148,99,85,#02D966
149,99,85,#02D96A
150,99,85,#02D96D
151,99,85,#02D971
152,99,85,#02D975
153,99,85,#02D978
154,99,85,#02D97C
155,99,85,#02D97F
156,99,85,#02D983
157,99,85,#02D986
158,99,85,#02D98A
159,99,85,#02D98E
160,99,85,#02D991
161,99,85,#02D995
162,99,85,#02D998
163,99,85,#02D99C
164,99,85,#02D9A0
165,99,85,#02D9A3
166,99,85,#02D9A7
167,99,85,#02D9AA
168,99,85,#02D9AE
169,99,85,#02D9B1
170,99,85,#02D9B5
171,99,85,#02D9B9
172,99,85,#02D9BC
173,99,85,#02D9C0
174,99,85,#02D9C3
175,99,85,#02D9C7
176,99,85,#02D9CA
177,99,85,#02D9CE
178,99,85,#02D9D2
179,99,85,#02D9D5
180,99,85,#02D9D9
181,99,85,#02D5D9
182,99,85,#02D2D9
183,99,85,#02CED9
184,99,85,#02CAD9
185,99,85,#02C7D9
186,99,85,#02C3D9
187,99,85,#02C0D9
188,99,85,#02BCD9
189,99,85,#02B9D9
190,99,85,#02B5D9
191,99,85,#02B1D9
192,99,85,#02AED9
193,99,85,#02AAD9
194,99,85,#02A7D9
195,99,85,#02A3D9
196,99,85,#02A0D9
197,99,85,#029CD9
198,99,85,#0298D9
199,99,85,#0295D9
200,99,85,#0291D9
201,99,85,#028ED9
202,99,85,#028AD9
203,99,85,#0286D9
204,99,85,#0283D9
205,99,85,#027FD9
206,99,85,#027CD9
207,99,85,#0278D9
208,99,85,#0275D9
209,99,85,#0271D9
210,99,85,#026DD9
211,99,85,#026AD9
212,99,85,#0266D9
213,99,85,#0263D9
214,99,85,#025FD9
215,99,85,#025CD9
216,99,85,#0258D9
217,99,85,#0254D9
218,99,85,#0251D9
219,99,85,#024DD9
220,99,85,#024AD9
221,99,85,#0246D9
222,99,85,#0243D9
223,99,85,#023FD9
224,99,85,#023BD9
225,99,85,#0238D9
226,99,85,#0234D9
227,99,85,#0231D9
228,99,85,#022DD9
229,99,85,#022AD9
230,99,85,#0226D9
231,99,85,#0222D9
232,99,85,#021FD9
233,99,85,#021BD9
234,99,85,#0218D9
235,99,85,#0214D9
236,99,85,#0210D9
237,99,85,#020DD9
238,99,85,#0209D9
239,99,85,#0206D9
240,99,85,#0202D9
241,99,85,#0602D9
242,99,85,#0902D9
243,99,85,#0D02D9
244,99,85,#1002D9
245,99,85,#1402D9
246,99,85,#1802D9
247,99,85,#1B02D9
248,99,85,#1F02D9
249,99,85,#2202D9
250,99,85,#2602D9
251,99,85,#2A02D9
252,99,85,#2D02D9
253,99,85,#3102D9
254,99,85,#3402D9
255,99,85,#3802D9
256,99,85,#3B02D9
257,99,85,#3F02D9
258,99,85,#4302D9
259,99,85,#4602D9
260,99,85,#4A02D9
261,99,85,#4D02D9
262,99,85,#5102D9
263,99,85,#5402D9
264,99,85,#5802D9
265,99,85,#5C02D9
266,99,85,#5F02D9
267,99,85,#6302D9
268,99,85,#6602D9
269,99,85,#6A02D9
270,99,85,#6D02D9
271,99,85,#7102D9
272,99,85,#7502D9
273,99,85,#7802D9
274,99,85,#7C02D9
275,99,85,#7F02D9
276,99,85,#8302D9
277,99,85,#8602D9
278,99,85,#8A02D9
279,99,85,#8E02D9
280,99,85,#9102D9
281,99,85,#9502D9
282,99,85,#9802D9
283,99,85,#9C02D9
284,99,85,#A002D9
285,99,85,#A302D9
286,99,85,#A702D9
287,99,85,#AA02D9
288,99,85,#AE02D9
289,99,85,#B102D9
290,99,85,#B502D9
291,99,85,#B902D9
292,99,85,#BC02D9
293,99,85,#C002D9
294,99,85,#C302D9
295,99,85,#C702D9
296,99,85,#CA02D9
297,99,85,#CE02D9
298,99,85,#D202D9
299,99,85,#D502D9
300,99,85,#D902D9
301,99,85,#D902D5
302,99,85,#D902D2
303,99,85,#D902CE
304,99,85,#D902CA
305,99,85,#D902C7
306,99,85,#D902C3
307,99,85,#D902C0
308,99,85,#D902BC
309,99,85,#D902B9
310,99,85,#D902B5
311,99,85,#D902B1
312,99,85,#D902AE
313,99,85,#D902AA
314,99,85,#D902A7
315,99,85,#D902A3
316,99,85,#D902A0
317,99,85,#D9029C
318,99,85,#D90298
319,99,85,#D90295
320,99,85,#D90291
321,99,85,#D9028E
322,99,85,#D9028A
323,99,85,#D90286
324,99,85,#D90283
325,99,85,#D9027F
326,99,85,#D9027C
327,99,85,#D90278
328,99,85,#D90275
329,99,85,#D90271
330,99,85,#D9026D
331,99,85,#D9026A
332,99,85,#D90266
333,99,85,#D90263
334,99,85,#D9025F
335,99,85,#D9025C
336,99,85,#D90258
337,99,85,#D90254
338,99,85,#D90251
339,99,85,#D9024D
340,99,85,#D9024A
341,99,85,#D90246
342,99,85,#D90243
343,99,85,#D9023F
344,99,85,#D9023B
345,99,85,#D90238
346,99,85,#D90234
347,99,85,#D90231
348,99,85,#D9022D
349,99,85,#D9022A
350,99,85,#D90226
351,99,85,#D90222
352,99,85,#D9021F
353,99,85,#D9021B
354,99,85,#D90218
355,99,85,#D90214
356,99,85,#D90210
357,99,85,#D9020D
358,99,85,#D90209
359,99,85,#D90206
0,98,85,#D90404
1,98,85,#D90804
2,98,85,#D90B04
3,98,85,#D90F04
4,98,85,#D91204
5,98,85,#D91604
6,98,85,#D91A04
7,98,85,#D91D04
8,98,85,#D92104
9,98,85,#D92404
10,98,85,#D92804
11,98,85,#D92B04
12,98,85,#D92F04
13,98,85,#D93204
14,98,85,#D93604
15,98,85,#D93904
16,98,85,#D93D04
17,98,85,#D94104
18,98,85,#D94404
19,98,85,#D94804
20,98,85,#D94B04
21,98,85,#D94F04
22,98,85,#D95204
23,98,85,#D95604
24,98,85,#D95904
25,98,85,#D95D04
26,98,85,#D96004
27,98,85,#D96404
28,98,85,#D96704
29,98,85,#D96B04
30,98,85,#D96F04
31,98,85,#D97204
32,98,85,#D97604
33,98,85,#D97904
34,98,85,#D97D04
35,98,85,#D98004
36,98,85,#D98404
37,98,85,#D98704
38,98,85,#D98B04
39,98,85,#D98E04
40,98,85,#D99204
41,98,85,#D99504
42,98,85,#D99904
43,98,85,#D99D04
44,98,85,#D9A004
45,98,85,#D9A404
46,98,85,#D9A704
47,98,85,#D9AB04
48,98,85,#D9AE04
49,98,85,#D9B204
50,98,85,#D9B504
51,98,85,#D9B904
52,98,85,#D9BC04
53,98,85,#D9C004
54,98,85,#D9C404
55,98,85,#D9C704
56,98,85,#D9CB04
57,98,85,#D9CE04
58,98,85,#D9D204
59,98,85,#D9D504
60,98,85,#D9D904
61,98,85,#D5D904
62,98,85,#D2D904
63,98,85,#CED904
64,98,85,#CBD904
65,98,85,#C7D904
66,98,85,#C4D904
67,98,85,#C0D904
68,98,85,#BCD904
69,98,85,#B9D904
70,98,85,#B5D904
71,98,85,#B2D904
72,98,85,#AED904
73,98,85,#ABD904
74,98,85,#A7D904
75,98,85,#A4D904
76,98,85,#A0D904
77,98,85,#9DD904
78,98,85,#99D904
79,98,85,#95D904
80,98,85,#92D904
81,98,85,#8ED904
82,98,85,#8BD904
83,98,85,#87D904
84,98,85,#84D904
85,98,85,#80D904
86,98,85,#7DD904
87,98,85,#79D904
88,98,85,#76D904
89,98,85,#72D904
90,98,85,#6FD904
91,98,85,#6BD904
92,98,85,#67D904
93,98,85,#64D904
94,98,85,#60D904
95,98,85,#5DD904
96,98,85,#59D904
97,98,85,#56D904
98,98,85,#52D904
99,98,85,#4FD904
100,98,85,#4BD904
101,98,85,#48D904
102,98,85,#44D904
103,98,85,#41D904
104,98,85,#3DD904
105,98,85,#39D904
106,98,85,#36D904
107,98,85,#32D904
108,98,85,#2FD904
109,98,85,#2BD904
110,98,85,#28D904
111,98,85,#24D904
112,98,85,#21D904
113,98,85,#1DD904
114,98,85,#1AD904
115,98,85,#16D904
116,98,85,#12D904
117,98,85,#0FD904
118,98,85,#0BD904
119,98,85,#08D904
120,98,85,#04D904
121,98,85,#04D908
122,98,85,#04D90B
123,98,85,#04D90F
124,98,85,#04D912
125,98,85,#04D916
126,98,85,#04D91A
127,98,85,#04D91D
128,98,85,#04D921
129,98,85,#04D924
130,98,85,#04D928
131,98,85,#04D92B
132,98,85,#04D92F
133,98,85,#04D932
134,98,85,#04D936
135,98,85,#04D939
136,98,85,#04D93D
137,98,85,#04D941
138,98,85,#04D944
139,98,85,#04D948
140,98,85,#04D94B
141,98,85,#04D94F
142,98,85,#04D952
143,98,85,#04D956
144,98,85,#04D959
145,98,85,#04D95D
146,98,85,#04D960
147,98,85,#04D964
148,98,85,#04D967
149,98,85,#04D96B
150,98,85,#04D96F
151,98,85,#04D972
152,98,85,#04D976
153,98,85,#04D979
154,98,85,#04D97D
155,98,85,#04D980
156,98,85,#04D984
157,98,85,#04D987
158,98,85,#04D98B
159,98,85,#04D98E
160,98,85,#04D992
161,98,85,#04D995
162,98,85,#04D999
163,98,85,#04D99D
164,98,85,#04D9A0
165,98,85,#04D9A4
166,98,85,#04D9A7
167,98,85,#04D9AB
168,98,85,#04D9AE
169,98,85,#04D9B2
170,98,85,#04D9B5
171,98,85,#04D9B9
172,98,85,#04D9BC
173,98,85,#04D9C0
174,98,85,#04D9C4
175,98,85,#04D9C7
176,98,85,#04D9CB
177,98,85,#04D9CE
178,98,85,#04D9D2
179,98,85,#04D9D5
180,98,85,#04D9D9
181,98,85,#04D5D9
182,98,85,#04D2D9
183,98,85,#04CED9
184,98,85,#04CBD9
185,98,85,#04C7D9
186,98,85,#04C4D9
187,98,85,#04C0D9
188,98,85,#04BCD9
189,98,85,#04B9D9
190,98,85,#04B5D9
191,98,85,#04B2D9
192,98,85,#04AED9
193,98,85,#04ABD9
194,98,85,#04A7D9
195,98,85,#04A4D9
196,98,85,#04A0D9
197,98,85,#049DD9
198,98,85,#0499D9
199,98,85,#0495D9
200,98,85,#0492D9
201,98,85,#048ED9
202,98,85,#048BD9
203,98,85,#0487D9
204,98,85,#0484D9
205,98,85,#0480D9
206,98,85,#047DD9
207,98,85,#0479D9
208,98,85,#0476D9
209,98,85,#0472D9
210,98,85,#046FD9
211,98,85,#046BD9
212,98,85,#0467D9
213,98,85,#0464D9
214,98,85,#0460D9
215,98,85,#045DD9
216,98,85,#0459D9
217,98,85,#0456D9
218,98,85,#0452D9
219,98,85,#044FD9
220,98,85,#044BD9
221,98,85,#0448D9
222,98,85,#0444D9
223,98,85,#0441D9
224,98,85,#043DD9
225,98,85,#0439D9
226,98,85,#0436D9
227,98,85,#0432D9
228,98,85,#042FD9
229,98,85,#042BD9
230,98,85,#0428D9
231,98,85,#0424D9
232,98,85,#0421D9
233,98,85,#041DD9
234,98,85,#041AD9
235,98,85,#0416D9
236,98,85,#0412D9
237,98,85,#040FD9
238,98,85,#040BD9
239,98,85,#0408D9
240,98,85,#0404D9
241,98,85,#0804D9
242,98,85,#0B04D9
243,98,85,#0F04D9
244,98,85,#1204D9
245,98,85,#1604D9
246,98,85,#1A04D9
247,98,85,#1D04D9
248,98,85,#2104D9
249,98,85,#2404D9
250,98,85,#2804D9
251,98,85,#2B04D9
252,98,85,#2F04D9
253,98,85,#3204D9
254,98,85,#3604D9
255,98,85,#3904D9
256,98,85,#3D04D9
257,98,85,#4104D9
258,98,85,#4404D9
259,98,85,#4804D9
260,98,85,#4B04D9
261,98,85,#4F04D9
262,98,85,#5204D9
263,98,85,#5604D9
264,98,85,#5904D9
265,98,85,#5D04D9
266,98,85,#6004D9
267,98,85,#6404D9
268,98,85,#6704D9
269,98,85,#6B04D9
270,98,85,#6F04D9
271,98,85,#7204D9
272,98,85,#7604D9
273,98,85,#7904D9
274,98,85,#7D04D9
275,98,85,#8004D9
276,98,85,#8404D9
277,98,85,#8704D9
278,98,85,#8B04D9
279,98,85,#8E04D9
280,98,85,#9204D9
281,98,85,#9504D9
282,98,85,#9904D9
283,98,85,#9D04D9
284,98,85,#A004D9
285,98,85,#A404D9
286,98,85,#A704D9
287,98,85,#AB04D9
288,98,85,#AE04D9
289,98,85,#B204D9
290,98,85,#B504D9
291,98,85,#B904D9
292,98,85,#BC04D9
293,98,85,#C004D9
294,98,85,#C404D9
295,98,85,#C704D9
296,98,85,#CB04D9
297,98,85,#CE04D9
298,98,85,#D204D9
299,98,85,#D504D9
300,98,85,#D904D9
301,98,85,#D904D5
302,98,85,#D904D2
303,98,85,#D904CE
304,98,85,#D904CB
305,98,85,#D904C7
306,98,85,#D904C4
307,98,85,#D904C0
308,98,85,#D904BC
309,98,85,#D904B9
310,98,85,#D904B5
311,98,85,#D904B2
312,98,85,#D904AE
313,98,85,#D904AB
314,98,85,#D904A7
315,98,85,#D904A4
316,98,85,#D904A0
317,98,85,#D9049D
318,98,85,#D90499
319,98,85,#D90495
320,98,85,#D90492
321,98,85,#D9048E
322,98,85,#D9048B
323,98,85,#D90487
324,98,85,#D90484
325,98,85,#D90480
326,98,85,#D9047D
327,98,85,#D90479
328,98,85,#D90476
329,98,85,#D90472
330,98,85,#D9046F
331,98,85,#D9046B
332,98,85,#D90467
333,98,85,#D90464
334,98,85,#D90460
335,98,85,#D9045D
336,98,85,#D90459
337,98,85,#D90456
338,98,85,#D90452
339,98,85,#D9044F
340,98,85,#D9044B
341,98,85,#D90448
342,98,85,#D90444
343,98,85,#D90441
344,98,85,#D9043D
345,98,85,#D90439
346,98,85,#D90436
347,98,85,#D90432
348,98,85,#D9042F
349,98,85,#D9042B
350,98,85,#D90428
351,98,85,#D90424
352,98,85,#D90421
353,98,85,#D9041D
354,98,85,#D9041A
355,98,85,#D90416
356,98,85,#D90412
357,98,85,#D9040F
358,98,85,#D9040B
359,98,85,#D90408
0,97,85,#D90707
1,97,85,#D90A07
2,97,85,#D90E07
3,97,85,#D91107
4,97,85,#D91507
5,97,85,#D91807
6,97,85,#D91C07
7,97,85,#D91F07
8,97,85,#D92307
9,97,85,#D92607
10,97,85,#D92A07
11,97,85,#D92D07
12,97,85,#D93107
13,97,85,#D93407
14,97,85,#D93807
15,97,85,#D93B07
16,97,85,#D93F07
17,97,85,#D94207
18,97,85,#D94607
19,97,85,#D94907
20,97,85,#D94D07
21,97,85,#D95007
22,97,85,#D95407
23,97,85,#D95707
24,97,85,#D95B07
25,97,85,#D95E07
26,97,85,#D96207
27,97,85,#D96507
28,97,85,#D96907
29,97,85,#D96C07
30,97,85,#D97007
31,97,85,#D97307
32,97,85,#D97707
33,97,85,#D97A07
34,97,85,#D97E07
35,97,85,#D98107
36,97,85,#D98507
37,97,85,#D98807
38,97,85,#D98C07
39,97,85,#D98F07
40,97,85,#D99307
41,97,85,#D99607
42,97,85,#D99A07
43,97,85,#D99D07
44,97,85,#D9A107
45,97,85,#D9A407
46,97,85,#D9A807
47,97,85,#D9AB07
48,97,85,#D9AF07
49,97,85,#D9B207
50,97,85,#D9B607
51,97,85,#D9B907
52,97,85,#D9BD07
53,97,85,#D9C007
54,97,85,#D9C407
55,97,85,#D9C707
56,97,85,#D9CB07
57,97,85,#D9CE07
58,97,85,#D9D207
59,97,85,#D9D507
60,97,85,#D9D907
61,97,85,#D5D907
62,97,85,#D2D907
63,97,85,#CED907
64,97,85,#CBD907
65,97,85,#C7D907
66,97,85,#C4D907
67,97,85,#C0D907
68,97,85,#BDD907
69,97,85,#B9D907
70,97,85,#B6D907
71,97,85,#B2D907
72,97,85,#AFD907
73,97,85,#ABD907
74,97,85,#A8D907
75,97,85,#A4D907
76,97,85,#A1D907
77,97,85,#9DD907
78,97,85,#9AD907
79,97,85,#96D907
80,97,85,#93D907
81,97,85,#8FD907
82,97,85,#8CD907
83,97,85,#88D907
84,97,85,#85D907
85,97,85,#81D907
86,97,85,#7ED907
87,97,85,#7AD907
88,97,85,#77D907
89,97,85,#73D907
90,97,85,#70D907
91,97,85,#6CD907
92,97,85,#69D907
93,97,85,#65D907
94,97,85,#62D907
95,97,85,#5ED907
96,97,85,#5BD907
97,97,85,#57D907
98,97,85,#54D907
99,97,85,#50D907
100,97,85,#4DD907
101,97,85,#49D907
102,97,85,#46D907
103,97,85,#42D907
104,97,85,#3FD907
105,97,85,#3BD907
106,97,85,#38D907
107,97,85,#34D907
108,97,85,#31D907
109,97,85,#2DD907
110,97,85,#2AD907
111,97,85,#26D907
112,97,85,#23D907
113,97,85,#1FD907
114,97,85,#1CD907
115,97,85,#18D907
116,97,85,#15D907
117,97,85,#11D907
118,97,85,#0ED907
119,97,85,#0AD907
120,97,85,#07D907
121,97,85,#07D90A
122,97,85,#07D90E
123,97,85,#07D911
124,97,85,#07D915
125,97,85,#07D918
126,97,85,#07D91C
127,97,85,#07D91F
128,97,85,#07D923
129,97,85,#07D926
130,97,85,#07D92A
131,97,85,#07D92D
132,97,85,#07D931
133,97,85,#07D934
134,97,85,#07D938
135,97,85,#07D93B
136,97,85,#07D93F
137,97,85,#07D942
138,97,85,#07D946
139,97,85,#07D949
140,97,85,#07D94D
141,97,85,#07D950
142,97,85,#07D954
143,97,85,#07D957
144,97,85,#07D95B
145,97,85,#07D95E
146,97,85,#07D962
147,97,85,#07D965
148,97,85,#07D969
149,97,85,#07D96C
150,97,85,#07D970
151,97,85,#07D973
152,97,85,#07D977
153,97,85,#07D97A
154,97,85,#07D97E
155,97,85,#07D981
156,97,85,#07D985
157,97,85,#07D988
158,97,85,#07D98C
159,97,85,#07D98F
160,97,85,#07D993
161,97,85,#07D996
162,97,85,#07D99A
163,97,85,#07D99D
164,97,85,#07D9A1
165,97,85,#07D9A4
166,97,85,#07D9A8
167,97,85,#07D9AB
168,97,85,#07D9AF
169,97,85,#07D9B2
170,97,85,#07D9B6
171,97,85,#07D9B9
172,97,85,#07D9BD
173,97,85,#07D9C0
174,97,85,#07D9C4
175,97,85,#07D9C7
176,97,85,#07D9CB
177,97,85,#07D9CE
178,97,85,#07D9D2
179,97,85,#07D9D5
180,97,85,#07D9D9
181,97,85,#07D5D9
182,97,85,#07D2D9
183,97,85,#07CED9
184,97,85,#07CBD9
185,97,85,#07C7D9
186,97,85,#07C4D9
187,97,85,#07C0D9
188,97,85,#07BDD9
189,97,85,#07B9D9
190,97,85,#07B6D9
191,97,85,#07B2D9
192,97,85,#07AFD9
193,97,85,#07ABD9
194,97,85,#07A8D9
195,97,85,#07A4D9
196,97,85,#07A1D9
197,97,85,#079DD9
198,97,85,#079AD9
199,97,85,#0796D9
200,97,85,#0793D9
201,97,85,#078FD9
202,97,85,#078CD9
203,97,85,#0788D9
204,97,85,#0785D9
205,97,85,#0781D9
206,97,85,#077ED9
207,97,85,#077AD9
208,97,85,#0777D9
209,97,85,#0773D9
210,97,85,#0770D9
211,97,85,#076CD9
212,97,85,#0769D9
213,97,85,#0765D9
214,97,85,#0762D9
215,97,85,#075ED9
216,97,85,#075BD9
217,97,85,#0757D9
218,97,85,#0754D9
219,97,85,#0750D9
220,97,85,#074DD9
221,97,85,#0749D9
222,97,85,#0746D9
223,97,85,#0742D9
224,97,85,#073FD9
225,97,85,#073BD9
226,97,85,#0738D9
227,97,85,#0734D9
228,97,85,#0731D9
229,97,85,#072DD9
230,97,85,#072AD9
231,97,85,#0726D9
232,97,85,#0723D9
233,97,85,#071FD9
234,97,85,#071CD9
235,97,85,#0718D9
236,97,85,#0715D9
237,97,85,#0711D9
238,97,85,#070ED9
239,97,85,#070AD9
240,97,85,#0707D9
241,97,85,#0A07D9
242,97,85,#0E07D9
243,97,85,#1107D9
244,97,85,#1507D9
245,97,85,#1807D9
246,97,85,#1C07D9
247,97,85,#1F07D9
248,97,85,#2307D9
249,97,85,#2607D9
250,97,85,#2A07D9
251,97,85,#2D07D9
252,97,85,#3107D9
253,97,85,#3407D9
254,97,85,#3807D9
255,97,85,#3B07D9
256,97,85,#3F07D9
257,97,85,#4207D9
258,97,85,#4607D9
259,97,85,#4907D9
260,97,85,#4D07D9
261,97,85,#5007D9
262,97,85,#5407D9
263,97,85,#5707D9
264,97,85,#5B07D9
265,97,85,#5E07D9
266,97,85,#6207D9
267,97,85,#6507D9
268,97,85,#6907D9
269,97,85,#6C07D9
270,97,85,#7007D9
271,97,85,#7307D9
272,97,85,#7707D9
273,97,85,#7A07D9
274,97,85,#7E07D9
275,97,85,#8107D9
276,97,85,#8507D9
277,97,85,#8807D9
278,97,85,#8C07D9
279,97,85,#8F07D9
280,97,85,#9307D9
281,97,85,#9607D9
282,97,85,#9A07D9
283,97,85,#9D07D9
284,97,85,#A107D9
285,97,85,#A407D9
286,97,85,#A807D9
287,97,85,#AB07D9
288,97,85,#AF07D9
289,97,85,#B207D9
290,97,85,#B607D9
291,97,85,#B907D9
292,97,85,#BD07D9
293,97,85,#C007D9
294,97,85,#C407D9
295,97,85,#C707D9
296,97,85,#CB07D9
297,97,85,#CE07D9
298,97,85,#D207D9
299,97,85,#D507D9
300,97,85,#D907D9
301,97,85,#D907D5
302,97,85,#D907D2
303,97,85,#D907CE
304,97,85,#D907CB
305,97,85,#D907C7
306,97,85,#D907C4
307,97,85,#D907C0
308,97,85,#D907BD
309,97,85,#D907B9
310,97,85,#D907B6
311,97,85,#D907B2
312,97,85,#D907AF
313,97,85,#D907AB
314,97,85,#D907A8
315,97,85,#D907A4
316,97,85,#D907A1
317,97,85,#D9079D
318,97,85,#D9079A
319,97,85,#D90796
320,97,85,#D90793
321,97,85,#D9078F
322,97,85,#D9078C
323,97,85,#D90788
324,97,85,#D90785
325,97,85,#D90781
326,97,85,#D9077E
327,97,85,#D9077A
328,97,85,#D90777
329,97,85,#D90773
330,97,85,#D90770
331,97,85,#D9076C
332,97,85,#D90769
333,97,85,#D90765
334,97,85,#D90762
335,97,85,#D9075E
336,97,85,#D9075B
337,97,85,#D90757
338,97,85,#D90754
339,97,85,#D90750
340,97,85,#D9074D
341,97,85,#D90749
342,97,85,#D90746
343,97,85,#D90742
344,97,85,#D9073F
345,97,85,#D9073B
346,97,85,#D90738
347,97,85,#D90734
348,97,85,#D90731
349,97,85,#D9072D
350,97,85,#D9072A
351,97,85,#D90726
352,97,85,#D90723
353,97,85,#D9071F
354,97,85,#D9071C
355,97,85,#D90718
356,97,85,#D90715
357,97,85,#D90711
358,97,85,#D9070E
359,97,85,#D9070A
0,96,85,#D90909
1,96,85,#D90C09
2,96,85,#D91009
3,96,85,#D91309
4,96,85,#D91709
5,96,85,#D91A09
6,96,85,#D91D09
7,96,85,#D92109
8,96,85,#D92409
9,96,85,#D92809
10,96,85,#D92B09
11,96,85,#D92F09
12,96,85,#D93209
13,96,85,#D93609
14,96,85,#D93909
15,96,85,#D93D09
16,96,85,#D94009
17,96,85,#D94409
18,96,85,#D94709
19,96,85,#D94B09
20,96,85,#D94E09
21,96,85,#D95109
22,96,85,#D95509
23,96,85,#D95809
24,96,85,#D95C09
25,96,85,#D95F09
26,96,85,#D96309
27,96,85,#D96609
28,96,85,#D96A09
29,96,85,#D96D09
30,96,85,#D97109
31,96,85,#D97409
32,96,85,#D97809
33,96,85,#D97B09
34,96,85,#D97F09
35,96,85,#D98209
36,96,85,#D98609
37,96,85,#D98909
38,96,85,#D98C09
39,96,85,#D99009
40,96,85,#D99309
41,96,85,#D99709
42,96,85,#D99A09
43,96,85,#D99E09
44,96,85,#D9A109
45,96,85,#D9A509
46,96,85,#D9A809
47,96,85,#D9AC09
48,96,85,#D9AF09
49,96,85,#D9B309
50,96,85,#D9B609
51,96,85,#D9BA09
52,96,85,#D9BD09
53,96,85,#D9C009
54,96,85,#D9C409
55,96,85,#D9C709
56,96,85,#D9CB09
57,96,85,#D9CE09
58,96,85,#D9D209
59,96,85,#D9D509
60,96,85,#D9D909
61,96,85,#D5D909
62,96,85,#D2D909
63,96,85,#CED909
64,96,85,#CBD909
65,96,85,#C7D909
66,96,85,#C4D909
67,96,85,#C0D909
68,96,85,#BDD909
69,96,85,#BAD909
70,96,85,#B6D909
71,96,85,#B3D909
72,96,85,#AFD909
73,96,85,#ACD909
74,96,85,#A8D909
75,96,85,#A5D909
76,96,85,#A1D909
77,96,85,#9ED909
78,96,85,#9AD909
79,96,85,#97D909
80,96,85,#93D909
81,96,85,#90D909
82,96,85,#8CD909
83,96,85,#89D909
84,96,85,#86D909
85,96,85,#82D909
86,96,85,#7FD909
87,96,85,#7BD909
88,96,85,#78D909
89,96,85,#74D909
90,96,85,#71D909
91,96,85,#6DD909
92,96,85,#6AD909
93,96,85,#66D909
94,96,85,#63D909
95,96,85,#5FD909
96,96,85,#5CD909
97,96,85,#58D909
98,96,85,#55D909
99,96,85,#51D909
100,96,85,#4ED909
101,96,85,#4BD909
102,96,85,#47D909
103,96,85,#44D909
104,96,85,#40D909
105,96,85,#3DD909
106,96,85,#39D909
107,96,85,#36D909
108,96,85,#32D909
109,96,85,#2FD909
110,96,85,#2BD909
111,96,85,#28D909
112,96,85,#24D909
113,96,85,#21D909
114,96,85,#1DD909
115,96,85,#1AD909
116,96,85,#17D909
117,96,85,#13D909
118,96,85,#10D909
119,96,85,#0CD909
120,96,85,#09D909
121,96,85,#09D90C
122,96,85,#09D910
123,96,85,#09D913
124,96,85,#09D917
125,96,85,#09D91A
126,96,85,#09D91D
127,96,85,#09D921
128,96,85,#09D924
129,96,85,#09D928
130,96,85,#09D92B
131,96,85,#09D92F
132,96,85,#09D932
133,96,85,#09D936
134,96,85,#09D939
135,96,85,#09D93D
136,96,85,#09D940
137,96,85,#09D944
138,96,85,#09D947
139,96,85,#09D94B
140,96,85,#09D94E
141,96,85,#09D951
142,96,85,#09D955
143,96,85,#09D958
144,96,85,#09D95C
145,96,85,#09D95F
146,96,85,#09D963
147,96,85,#09D966
148,96,85,#09D96A
149,96,85,#09D96D
150,96,85,#09D971
151,96,85,#09D974
152,96,85,#09D978
153,96,85,#09D97B
154,96,85,#09D97F
155,96,85,#09D982
156,96,85,#09D986
157,96,85,#09D989
158,96,85,#09D98C
159,96,85,#09D990
160,96,85,#09D993
161,96,85,#09D997
162,96,85,#09D99A
163,96,85,#09D99E
164,96,85,#09D9A1
165,96,85,#09D9A5
166,96,85,#09D9A8
167,96,85,#09D9AC
168,96,85,#09D9AF
169,96,85,#09D9B3
170,96,85,#09D9B6
171,96,85,#09D9BA
172,96,85,#09D9BD
173,96,85,#09D9C0
174,96,85,#09D9C4
175,96,85,#09D9C7
176,96,85,#09D9CB
177,96,85,#09D9CE
178,96,85,#09D9D2
179,96,85,#09D9D5
180,96,85,#09D9D9
181,96,85,#09D5D9
182,96,85,#09D2D9
183,96,85,#09CED9
184,96,85,#09CBD9
185,96,85,#09C7D9
186,96,85,#09C4D9
187,96,85,#09C0D9
188,96,85,#09BDD9
189,96,85,#09BAD9
190,96,85,#09B6D9
191,96,85,#09B3D9
192,96,85,#09AFD9
193,96,85,#09ACD9
194,96,85,#09A8D9
195,96,85,#09A5D9
196,96,85,#09A1D9
197,96,85,#099ED9
198,96,85,#099AD9
199,96,85,#0997D9
200,96,85,#0993D9
201,96,85,#0990D9
202,96,85,#098CD9
203,96,85,#0989D9
204,96,85,#0986D9
205,96,85,#0982D9
206,96,85,#097FD9
207,96,85,#097BD9
208,96,85,#0978D9
209,96,85,#0974D9
210,96,85,#0971D9
211,96,85,#096DD9
212,96,85,#096AD9
213,96,85,#0966D9
214,96,85,#0963D9
215,96,85,#095FD9
216,96,85,#095CD9
217,96,85,#0958D9
218,96,85,#0955D9
219,96,85,#0951D9
220,96,85,#094ED9
221,96,85,#094BD9
222,96,85,#0947D9
223,96,85,#0944D9
224,96,85,#0940D9
225,96,85,#093DD9
226,96,85,#0939D9
227,96,85,#0936D9
228,96,85,#0932D9
229,96,85,#092FD9
230,96,85,#092BD9
231,96,85,#0928D9
232,96,85,#0924D9
233,96,85,#0921D9
234,96,85,#091DD9
235,96,85,#091AD9
236,96,85,#0917D9
237,96,85,#0913D9
238,96,85,#0910D9
239,96,85,#090CD9
240,96,85,#0909D9
241,96,85,#0C09D9
242,96,85,#1009D9
243,96,85,#1309D9
244,96,85,#1709D9
245,96,85,#1A09D9
246,96,85,#1D09D9
247,96,85,#2109D9
248,96,85,#2409D9
249,96,85,#2809D9
250,96,85,#2B09D9
251,96,85,#2F09D9
252,96,85,#3209D9
253,96,85,#3609D9
254,96,85,#3909D9
255,96,85,#3D09D9
256,96,85,#4009D9
257,96,85,#4409D9
258,96,85,#4709D9
259,96,85,#4B09D9
260,96,85,#4E09D9
261,96,85,#5109D9
262,96,85,#5509D9
263,96,85,#5809D9
264,96,85,#5C09D9
265,96,85,#5F09D9
266,96,85,#6309D9
267,96,85,#6609D9
268,96,85,#6A09D9
269,96,85,#6D09D9
270,96,85,#7109D9
271,96,85,#7409D9
272,96,85,#7809D9
273,96,85,#7B09D9
274,96,85,#7F09D9
275,96,85,#8209D9
276,96,85,#8609D9
277,96,85,#8909D9
278,96,85,#8C09D9
279,96,85,#9009D9
280,96,85,#9309D9
281,96,85,#9709D9
282,96,85,#9A09D9
283,96,85,#9E09D9
284,96,85,#A109D9
285,96,85,#A509D9
286,96,85,#A809D9
287,96,85,#AC09D9
288,96,85,#AF09D9
289,96,85,#B309D9
290,96,85,#B609D9
291,96,85,#BA09D9
292,96,85,#BD09D9
293,96,85,#C009D9
294,96,85,#C409D9
295,96,85,#C709D9
296,96,85,#CB09D9
297,96,85,#CE09D9
298,96,85,#D209D9
299,96,85,#D509D9
300,96,85,#D909D9
301,96,85,#D909D5
302,96,85,#D909D2
303,96,85,#D909CE
304,96,85,#D909CB
305,96,85,#D909C7
306,96,85,#D909C4
307,96,85,#D909C0
308,96,85,#D909BD
309,96,85,#D909BA
310,96,85,#D909B6
311,96,85,#D909B3
312,96,85,#D909AF
313,96,85,#D909AC
314,96,85,#D909A8
315,96,85,#D909A5
316,96,85,#D909A1
317,96,85,#D9099E
318,96,85,#D9099A
319,96,85,#D90997
320,96,85,#D90993
321,96,85,#D90990
322,96,85,#D9098C
323,96,85,#D90989
324,96,85,#D90986
325,96,85,#D90982
326,96,85,#D9097F
327,96,85,#D9097B
328,96,85,#D90978
329,96,85,#D90974
330,96,85,#D90971
331,96,85,#D9096D
332,96,85,#D9096A
333,96,85,#D90966
334,96,85,#D90963
335,96,85,#D9095F
336,96,85,#D9095C
337,96,85,#D90958
338,96,85,#D90955
339,96,85,#D90951
340,96,85,#D9094E
341,96,85,#D9094B
342,96,85,#D90947
343,96,85,#D90944
344,96,85,#D90940
345,96,85,#D9093D
346,96,85,#D90939
347,96,85,#D90936
348,96,85,#D90932
349,96,85,#D9092F
350,96,85,#D9092B
351,96,85,#D90928
352,96,85,#D90924
353,96,85,#D90921
354,96,85,#D9091D
355,96,85,#D9091A
356,96,85,#D90917
357,96,85,#D90913
358,96,85,#D90910
359,96,85,#D9090C
0,95,85,#D90B0B
1,95,85,#D90E0B
2,95,85,#D9120B
3,95,85,#D9150B
4,95,85,#D9190B
5,95,85,#D91C0B
6,95,85,#D91F0B
7,95,85,#D9230B
8,95,85,#D9260B
9,95,85,#D92A0B
10,95,85,#D92D0B
11,95,85,#D9310B
12,95,85,#D9340B
13,95,85,#D9370B
14,95,85,#D93B0B
15,95,85,#D93E0B
16,95,85,#D9420B
17,95,85,#D9450B
18,95,85,#D9490B
19,95,85,#D94C0B
20,95,85,#D94F0B
21,95,85,#D9530B
22,95,85,#D9560B
23,95,85,#D95A0B
24,95,85,#D95D0B
25,95,85,#D9610B
26,95,85,#D9640B
27,95,85,#D9670B
28,95,85,#D96B0B
29,95,85,#D96E0B
30,95,85,#D9720B
31,95,85,#D9750B
32,95,85,#D9790B
33,95,85,#D97C0B
34,95,85,#D9800B
35,95,85,#D9830B
36,95,85,#D9860B
37,95,85,#D98A0B
38,95,85,#D98D0B
39,95,85,#D9910B
40,95,85,#D9940B
41,95,85,#D9980B
42,95,85,#D99B0B
43,95,85,#D99E0B
44,95,85,#D9A20B
45,95,85,#D9A50B
46,95,85,#D9A90B
47,95,85,#D9AC0B
48,95,85,#D9B00B
49,95,85,#D9B30B
50,95,85,#D9B60B
51,95,85,#D9BA0B
52,95,85,#D9BD0B
53,95,85,#D9C10B
54,95,85,#D9C40B
55,95,85,#D9C80B
56,95,85,#D9CB0B
57,95,85,#D9CE0B
58,95,85,#D9D20B
59,95,85,#D9D50B
60,95,85,#D9D90B
61,95,85,#D5D90B
62,95,85,#D2D90B
63,95,85,#CED90B
64,95,85,#CBD90B
65,95,85,#C8D90B
66,95,85,#C4D90B
67,95,85,#C1D90B
68,95,85,#BDD90B
69,95,85,#BAD90B
70,95,85,#B6D90B
71,95,85,#B3D90B
72,95,85,#B0D90B
73,95,85,#ACD90B
74,95,85,#A9D90B
75,95,85,#A5D90B
76,95,85,#A2D90B
77,95,85,#9ED90B
78,95,85,#9BD90B
79,95,85,#98D90B
80,95,85,#94D90B
81,95,85,#91D90B
82,95,85,#8DD90B
83,95,85,#8AD90B
84,95,85,#86D90B
85,95,85,#83D90B
86,95,85,#80D90B
87,95,85,#7CD90B
88,95,85,#79D90B
89,95,85,#75D90B
90,95,85,#72D90B
91,95,85,#6ED90B
92,95,85,#6BD90B
93,95,85,#67D90B
94,95,85,#64D90B
95,95,85,#61D90B
96,95,85,#5DD90B
97,95,85,#5AD90B
98,95,85,#56D90B
99,95,85,#53D90B
100,95,85,#4FD90B
101,95,85,#4CD90B
102,95,85,#49D90B
103,95,85,#45D90B
104,95,85,#42D90B
105,95,85,#3ED90B
106,95,85,#3BD90B
107,95,85,#37D90B
108,95,85,#34D90B
109,95,85,#31D90B
110,95,85,#2DD90B
111,95,85,#2AD90B
112,95,85,#26D90B
113,95,85,#23D90B
114,95,85,#1FD90B
115,95,85,#1CD90B
116,95,85,#19D90B
117,95,85,#15D90B
118,95,85,#12D90B
119,95,85,#0ED90B
120,95,85,#0BD90B
121,95,85,#0BD90E
122,95,85,#0BD912
123,95,85,#0BD915
124,95,85,#0BD919
125,95,85,#0BD91C
126,95,85,#0BD91F
127,95,85,#0BD923
128,95,85,#0BD926
129,95,85,#0BD92A
130,95,85,#0BD92D
131,95,85,#0BD931
132,95,85,#0BD934
133,95,85,#0BD937
134,95,85,#0BD93B
135,95,85,#0BD93E
136,95,85,#0BD942
137,95,85,#0BD945
138,95,85,#0BD949
139,95,85,#0BD94C
140,95,85,#0BD94F
141,95,85,#0BD953
142,95,85,#0BD956
143,95,85,#0BD95A
144,95,85,#0BD95D
145,95,85,#0BD961
146,95,85,#0BD964
147,95,85,#0BD967
148,95,85,#0BD96B
149,95,85,#0BD96E
150,95,85,#0BD972
151,95,85,#0BD975
152,95,85,#0BD979
153,95,85,#0BD97C
154,95,85,#0BD980
155,95,85,#0BD983
156,95,85,#0BD986
157,95,85,#0BD98A
158,95,85,#0BD98D
159,95,85,#0BD991
160,95,85,#0BD994
161,95,85,#0BD998
162,95,85,#0BD99B
163,95,85,#0BD99E
164,95,85,#0BD9A2
165,95,85,#0BD9A5
166,95,85,#0BD9A9
167,95,85,#0BD9AC
168,95,85,#0BD9B0
169,95,85,#0BD9B3
170,95,85,#0BD9B6
171,95,85,#0BD9BA
172,95,85,#0BD9BD
173,95,85,#0BD9C1
174,95,85,#0BD9C4
175,95,85,#0BD9C8
176,95,85,#0BD9CB
177,95,85,#0BD9CE
178,95,85,#0BD9D2
179,95,85,#0BD9D5
180,95,85,#0BD9D9
181,95,85,#0BD5D9
182,95,85,#0BD2D9
183,95,85,#0BCED9
184,95,85,#0BCBD9
185,95,85,#0BC8D9
186,95,85,#0BC4D9
187,95,85,#0BC1D9
188,95,85,#0BBDD9
189,95,85,#0BBAD9
190,95,85,#0BB6D9
191,95,85,#0BB3D9
192,95,85,#0BB0D9
193,95,85,#0BACD9
194,95,85,#0BA9D9
195,95,85,#0BA5D9
196,95,85,#0BA2D9
197,95,85,#0B9ED9
198,95,85,#0B9BD9
199,95,85,#0B98D9
200,95,85,#0B94D9
201,95,85,#0B91D9
202,95,85,#0B8DD9
203,95,85,#0B8AD9
204,95,85,#0B86D9
205,95,85,#0B83D9
206,95,85,#0B80D9
207,95,85,#0B7CD9
208,95,85,#0B79D9
209,95,85,#0B75D9
210,95,85,#0B72D9
211,95,85,#0B6ED9
212,95,85,#0B6BD9
213,95,85,#0B67D9
214,95,85,#0B64D9
215,95,85,#0B61D9
216,95,85,#0B5DD9
217,95,85,#0B5AD9
218,95,85,#0B56D9
219,95,85,#0B53D9
220,95,85,#0B4FD9
221,95,85,#0B4CD9
222,95,85,#0B49D9
223,95,85,#0B45D9
224,95,85,#0B42D9
225,95,85,#0B3ED9
226,95,85,#0B3BD9
227,95,85,#0B37D9
228,95,85,#0B34D9
229,95,85,#0B31D9
230,95,85,#0B2DD9
231,95,85,#0B2AD9
232,95,85,#0B26D9
233,95,85,#0B23D9
234,95,85,#0B1FD9
235,95,85,#0B1CD9
236,95,85,#0B19D9
237,95,85,#0B15D9
238,95,85,#0B12D9
239,95,85,#0B0ED9
240,95,85,#0B0BD9
241,95,85,#0E0BD9
242,95,85,#120BD9
243,95,85,#150BD9
244,95,85,#190BD9
245,95,85,#1C0BD9
246,95,85,#1F0BD9
247,95,85,#230BD9
248,95,85,#260BD9
249,95,85,#2A0BD9
250,95,85,#2D0BD9
251,95,85,#310BD9
252,95,85,#340BD9
253,95,85,#370BD9
254,95,85,#3B0BD9
255,95,85,#3E0BD9
256,95,85,#420BD9
257,95,85,#450BD9
258,95,85,#490BD9
259,95,85,#4C0BD9
260,95,85,#4F0BD9
261,95,85,#530BD9
262,95,85,#560BD9
263,95,85,#5A0BD9
264,95,85,#5D0BD9
265,95,85,#610BD9
266,95,85,#640BD9
267,95,85,#670BD9
268,95,85,#6B0BD9
269,95,85,#6E0BD9
270,95,85,#720BD9
271,95,85,#750BD9
272,95,85,#790BD9
273,95,85,#7C0BD9
274,95,85,#800BD9
275,95,85,#830BD9
276,95,85,#860BD9
277,95,85,#8A0BD9
278,95,85,#8D0BD9
279,95,85,#910BD9
280,95,85,#940BD9
281,95,85,#980BD9
282,95,85,#9B0BD9
283,95,85,#9E0BD9
284,95,85,#A20BD9
285,95,85,#A50BD9
286,95,85,#A90BD9
287,95,85,#AC0BD9
288,95,85,#B00BD9
289,95,85,#B30BD9
290,95,85,#B60BD9
291,95,85,#BA0BD9
292,95,85,#BD0BD9
293,95,85,#C10BD9
294,95,85,#C40BD9
295,95,85,#C80BD9
296,95,85,#CB0BD9
297,95,85,#CE0BD9
298,95,85,#D20BD9
299,95,85,#D50BD9
300,95,85,#D90BD9
301,95,85,#D90BD5
302,95,85,#D90BD2
303,95,85,#D90BCE
304,95,85,#D90BCB
305,95,85,#D90BC8
306,95,85,#D90BC4
307,95,85,#D90BC1
308,95,85,#D90BBD
309,95,85,#D90BBA
310,95,85,#D90BB6
311,95,85,#D90BB3
312,95,85,#D90BB0
313,95,85,#D90BAC
314,95,85,#D90BA9
315,95,85,#D90BA5
316,95,85,#D90BA2
317,95,85,#D90B9E
318,95,85,#D90B9B
319,95,85,#D90B98
320,95,85,#D90B94
321,95,85,#D90B91
322,95,85,#D90B8D
323,95,85,#D90B8A
324,95,85,#D90B86
325,95,85,#D90B83
326,95,85,#D90B80
327,95,85,#D90B7C
328,95,85,#D90B79
329,95,85,#D90B75
330,95,85,#D90B72
331,95,85,#D90B6E
332,95,85,#D90B6B
333,95,85,#D90B67
334,95,85,#D90B64
335,95,85,#D90B61
336,95,85,#D90B5D
337,95,85,#D90B5A
338,95,85,#D90B56
339,95,85,#D90B53
340,95,85,#D90B4F
341,95,85,#D90B4C
342,95,85,#D90B49
343,95,85,#D90B45
344,95,85,#D90B42
345,95,85,#D90B3E
346,95,85,#D90B3B
347,95,85,#D90B37
348,95,85,#D90B34
349,95,85,#D90B31
350,95,85,#D90B2D
351,95,85,#D90B2A
352,95,85,#D90B26
353,95,85,#D90B23
354,95,85,#D90B1F
355,95,85,#D90B1C
356,95,85,#D90B19
357,95,85,#D90B15
358,95,85,#D90B12
359,95,85,#D90B0E
0,94,85,#D90D0D
1,94,85,#D9100D
2,94,85,#D9140D
3,94,85,#D9170D
4,94,85,#D91B0D
5,94,85,#D91E0D
6,94,85,#D9210D
7,94,85,#D9250D
8,94,85,#D9280D
9,94,85,#D92C0D
10,94,85,#D92F0D
11,94,85,#D9320D
12,94,85,#D9360D
13,94,85,#D9390D
14,94,85,#D93D0D
15,94,85,#D9400D
16,94,85,#D9430D
17,94,85,#D9470D
18,94,85,#D94A0D
19,94,85,#D94E0D
20,94,85,#D9510D
21,94,85,#D9540D
22,94,85,#D9580D
23,94,85,#D95B0D
24,94,85,#D95F0D
25,94,85,#D9620D
26,94,85,#D9650D
27,94,85,#D9690D
28,94,85,#D96C0D
29,94,85,#D96F0D
30,94,85,#D9730D
31,94,85,#D9760D
32,94,85,#D97A0D
33,94,85,#D97D0D
34,94,85,#D9800D
35,94,85,#D9840D
36,94,85,#D9870D
37,94,85,#D98B0D
38,94,85,#D98E0D
39,94,85,#D9910D
40,94,85,#D9950D
41,94,85,#D9980D
42,94,85,#D99C0D
43,94,85,#D99F0D
44,94,85,#D9A20D
45,94,85,#D9A60D
46,94,85,#D9A90D
47,94,85,#D9AD0D
48,94,85,#D9B00D
49,94,85,#D9B30D
50,94,85,#D9B70D
51,94,85,#D9BA0D
52,94,85,#D9BE0D
53,94,85,#D9C10D
54,94,85,#D9C40D
55,94,85,#D9C80D
56,94,85,#D9CB0D
57,94,85,#D9CF0D
58,94,85,#D9D20D
59,94,85,#D9D50D
60,94,85,#D9D90D
61,94,85,#D5D90D
62,94,85,#D2D90D
63,94,85,#CFD90D
64,94,85,#CBD90D
65,94,85,#C8D90D
66,94,85,#C4D90D
67,94,85,#C1D90D
68,94,85,#BED90D
69,94,85,#BAD90D
70,94,85,#B7D90D
71,94,85,#B3D90D
72,94,85,#B0D90D
73,94,85,#ADD90D
74,94,85,#A9D90D
75,94,85,#A6D90D
76,94,85,#A2D90D
77,94,85,#9FD90D
78,94,85,#9CD90D
79,94,85,#98D90D
80,94,85,#95D90D
81,94,85,#91D90D
82,94,85,#8ED90D
83,94,85,#8BD90D
84,94,85,#87D90D
85,94,85,#84D90D
86,94,85,#80D90D
87,94,85,#7DD90D
88,94,85,#7AD90D
89,94,85,#76D90D
90,94,85,#73D90D
91,94,85,#6FD90D
92,94,85,#6CD90D
93,94,85,#69D90D
94,94,85,#65D90D
95,94,85,#62D90D
96,94,85,#5FD90D
97,94,85,#5BD90D
98,94,85,#58D90D
99,94,85,#54D90D
100,94,85,#51D90D
101,94,85,#4ED90D
102,94,85,#4AD90D
103,94,85,#47D90D
104,94,85,#43D90D
105,94,85,#40D90D
106,94,85,#3DD90D
107,94,85,#39D90D
108,94,85,#36D90D
109,94,85,#32D90D
110,94,85,#2FD90D
111,94,85,#2CD90D
112,94,85,#28D90D
113,94,85,#25D90D
114,94,85,#21D90D
115,94,85,#1ED90D
116,94,85,#1BD90D
117,94,85,#17D90D
118,94,85,#14D90D
119,94,85,#10D90D
120,94,85,#0DD90D
121,94,85,#0DD910
122,94,85,#0DD914
123,94,85,#0DD917
124,94,85,#0DD91B
125,94,85,#0DD91E
126,94,85,#0DD921
127,94,85,#0DD925
128,94,85,#0DD928
129,94,85,#0DD92C
130,94,85,#0DD92F
131,94,85,#0DD932
132,94,85,#0DD936
133,94,85,#0DD939
134,94,85,#0DD93D
135,94,85,#0DD940
136,94,85,#0DD943
137,94,85,#0DD947
138,94,85,#0DD94A
139,94,85,#0DD94E
140,94,85,#0DD951
141,94,85,#0DD954
142,94,85,#0DD958
143,94,85,#0DD95B
144,94,85,#0DD95F
145,94,85,#0DD962
146,94,85,#0DD965
147,94,85,#0DD969
148,94,85,#0DD96C
149,94,85,#0DD96F
150,94,85,#0DD973
151,94,85,#0DD976
152,94,85,#0DD97A
153,94,85,#0DD97D
154,94,85,#0DD980
155,94,85,#0DD984
156,94,85,#0DD987
157,94,85,#0DD98B
158,94,85,#0DD98E
159,94,85,#0DD991
160,94,85,#0DD995
161,94,85,#0DD998
162,94,85,#0DD99C
163,94,85,#0DD99F
164,94,85,#0DD9A2
165,94,85,#0DD9A6
166,94,85,#0DD9A9
167,94,85,#0DD9AD
168,94,85,#0DD9B0
169,94,85,#0DD9B3
170,94,85,#0DD9B7
171,94,85,#0DD9BA
172,94,85,#0DD9BE
173,94,85,#0DD9C1
174,94,85,#0DD9C4
175,94,85,#0DD9C8
176,94,85,#0DD9CB
177,94,85,#0DD9CF
178,94,85,#0DD9D2
179,94,85,#0DD9D5
180,94,85,#0DD9D9
181,94,85,#0DD5D9
182,94,85,#0DD2D9
183,94,85,#0DCFD9
184,94,85,#0DCBD9
185,94,85,#0DC8D9
186,94,85,#0DC4D9
187,94,85,#0DC1D9
188,94,85,#0DBED9
189,94,85,#0DBAD9
190,94,85,#0DB7D9
191,94,85,#0DB3D9
192,94,85,#0DB0D9
193,94,85,#0DADD9
194,94,85,#0DA9D9
195,94,85,#0DA6D9
196,94,85,#0DA2D9
197,94,85,#0D9FD9
198,94,85,#0D9CD9
199,94,85,#0D98D9
200,94,85,#0D95D9
201,94,85,#0D91D9
202,94,85,#0D8ED9
203,94,85,#0D8BD9
204,94,85,#0D87D9
205,94,85,#0D84D9
206,94,85,#0D80D9
207,94,85,#0D7DD9
208,94,85,#0D7AD9
209,94,85,#0D76D9
210,94,85,#0D73D9
211,94,85,#0D6FD9
212,94,85,#0D6CD9
213,94,85,#0D69D9
214,94,85,#0D65D9
215,94,85,#0D62D9
216,94,85,#0D5FD9
217,94,85,#0D5BD9
218,94,85,#0D58D9
219,94,85,#0D54D9
220,94,85,#0D51D9
221,94,85,#0D4ED9
222,94,85,#0D4AD9
223,94,85,#0D47D9
224,94,85,#0D43D9
225,94,85,#0D40D9
226,94,85,#0D3DD9
227,94,85,#0D39D9
228,94,85,#0D36D9
229,94,85,#0D32D9
230,94,85,#0D2FD9
231,94,85,#0D2CD9
232,94,85,#0D28D9
233,94,85,#0D25D9
234,94,85,#0D21D9
235,94,85,#0D1ED9
236,94,85,#0D1BD9
237,94,85,#0D17D9
238,94,85,#0D14D9
239,94,85,#0D10D9
240,94,85,#0D0DD9
241,94,85,#100DD9
242,94,85,#140DD9
243,94,85,#170DD9
244,94,85,#1B0DD9
245,94,85,#1E0DD9
246,94,85,#210DD9
247,94,85,#250DD9
248,94,85,#280DD9
249,94,85,#2C0DD9
250,94,85,#2F0DD9
251,94,85,#320DD9
252,94,85,#360DD9
253,94,85,#390DD9
254,94,85,#3D0DD9
255,94,85,#400DD9
256,94,85,#430DD9
257,94,85,#470DD9
258,94,85,#4A0DD9
259,94,85,#4E0DD9
260,94,85,#510DD9
261,94,85,#540DD9
262,94,85,#580DD9
263,94,85,#5B0DD9
264,94,85,#5F0DD9
265,94,85,#620DD9
266,94,85,#650DD9
267,94,85,#690DD9
268,94,85,#6C0DD9
269,94,85,#6F0DD9
270,94,85,#730DD9
271,94,85,#760DD9
272,94,85,#7A0DD9
273,94,85,#7D0DD9
274,94,85,#800DD9
275,94,85,#840DD9
276,94,85,#870DD9
277,94,85,#8B0DD9
278,94,85,#8E0DD9
279,94,85,#910DD9
280,94,85,#950DD9
281,94,85,#980DD9
282,94,85,#9C0DD9
283,94,85,#9F0DD9
284,94,85,#A20DD9
285,94,85,#A60DD9
286,94,85,#A90DD9
287,94,85,#AD0DD9
288,94,85,#B00DD9
289,94,85,#B30DD9
290,94,85,#B70DD9
291,94,85,#BA0DD9
292,94,85,#BE0DD9
293,94,85,#C10DD9
294,94,85,#C40DD9
295,94,85,#C80DD9
296,94,85,#CB0DD9
297,94,85,#CF0DD9
298,94,85,#D20DD9
299,94,85,#D50DD9
300,94,85,#D90DD9
301,94,85,#D90DD5
302,94,85,#D90DD2
303,94,85,#D90DCF
304,94,85,#D90DCB
305,94,85,#D90DC8
306,94,85,#D90DC4
307,94,85,#D90DC1
308,94,85,#D90DBE
309,94,85,#D90DBA
310,94,85,#D90DB7
311,94,85,#D90DB3
312,94,85,#D90DB0
313,94,85,#D90DAD
314,94,85,#D90DA9
315,94,85,#D90DA6
316,94,85,#D90DA2
317,94,85,#D90D9F
318,94,85,#D90D9C
319,94,85,#D90D98
320,94,85,#D90D95
321,94,85,#D90D91
322,94,85,#D90D8E
323,94,85,#D90D8B
324,94,85,#D90D87
325,94,85,#D90D84
326,94,85,#D90D80
327,94,85,#D90D7D
328,94,85,#D90D7A
329,94,85,#D90D76
330,94,85,#D90D73
331,94,85,#D90D6F
332,94,85,#D90D6C
333,94,85,#D90D69
334,94,85,#D90D65
335,94,85,#D90D62
336,94,85,#D90D5F
337,94,85,#D90D5B
338,94,85,#D90D58
339,94,85,#D90D54
340,94,85,#D90D51
341,94,85,#D90D4E
342,94,85,#D90D4A
343,94,85,#D90D47
344,94,85,#D90D43
345,94,85,#D90D40
346,94,85,#D90D3D
347,94,85,#D90D39
348,94,85,#D90D36
349,94,85,#D90D32
350,94,85,#D90D2F
351,94,85,#D90D2C
352,94,85,#D90D28
353,94,85,#D90D25
354,94,85,#D90D21
355,94,85,#D90D1E
356,94,85,#D90D1B
357,94,85,#D90D17
358,94,85,#D90D14
359,94,85,#D90D10
0,93,85,#D90F0F
1,93,85,#D9130F
2,93,85,#D9160F
3,93,85,#D9190F
4,93,85,#D91D0F
5,93,85,#D9200F
6,93,85,#D9230F
7,93,85,#D9270F
8,93,85,#D92A0F
9,93,85,#D92D0F
10,93,85,#D9310F
11,93,85,#D9340F
12,93,85,#D9370F
13,93,85,#D93B0F
14,93,85,#D93E0F
15,93,85,#D9420F
16,93,85,#D9450F
17,93,85,#D9480F
18,93,85,#D94C0F
19,93,85,#D94F0F
20,93,85,#D9520F
21,93,85,#D9560F
22,93,85,#D9590F
23,93,85,#D95C0F
24,93,85,#D9600F
25,93,85,#D9630F
26,93,85,#D9670F
27,93,85,#D96A0F
28,93,85,#D96D0F
29,93,85,#D9710F
30,93,85,#D9740F
31,93,85,#D9770F
32,93,85,#D97B0F
33,93,85,#D97E0F
34,93,85,#D9810F
35,93,85,#D9850F
36,93,85,#D9880F
37,93,85,#D98B0F
38,93,85,#D98F0F
39,93,85,#D9920F
40,93,85,#D9960F
41,93,85,#D9990F
42,93,85,#D99C0F
43,93,85,#D9A00F
44,93,85,#D9A30F
45,93,85,#D9A60F
46,93,85,#D9AA0F
47,93,85,#D9AD0F
48,93,85,#D9B00F
49,93,85,#D9B40F
50,93,85,#D9B70F
51,93,85,#D9BB0F
52,93,85,#D9BE0F
53,93,85,#D9C10F
54,93,85,#D9C50F
55,93,85,#D9C80F
56,93,85,#D9CB0F
57,93,85,#D9CF0F
58,93,85,#D9D20F
59,93,85,#D9D50F
60,93,85,#D9D90F
61,93,85,#D5D90F
62,93,85,#D2D90F
63,93,85,#CFD90F
64,93,85,#CBD90F
65,93,85,#C8D90F
66,93,85,#C5D90F
67,93,85,#C1D90F
68,93,85,#BED90F
69,93,85,#BBD90F
70,93,85,#B7D90F
71,93,85,#B4D90F
72,93,85,#B0D90F
73,93,85,#ADD90F
74,93,85,#AAD90F
75,93,85,#A6D90F
76,93,85,#A3D90F
77,93,85,#A0D90F
78,93,85,#9CD90F
79,93,85,#99D90F
80,93,85,#96D90F
81,93,85,#92D90F
82,93,85,#8FD90F
83,93,85,#8BD90F
84,93,85,#88D90F
85,93,85,#85D90F
86,93,85,#81D90F
87,93,85,#7ED90F
88,93,85,#7BD90F
89,93,85,#77D90F
90,93,85,#74D90F
91,93,85,#71D90F
92,93,85,#6DD90F
93,93,85,#6AD90F
94,93,85,#67D90F
95,93,85,#63D90F
96,93,85,#60D90F
97,93,85,#5CD90F
98,93,85,#59D90F
99,93,85,#56D90F
100,93,85,#52D90F
101,93,85,#4FD90F
102,93,85,#4CD90F
103,93,85,#48D90F
104,93,85,#45D90F
105,93,85,#42D90F
106,93,85,#3ED90F
107,93,85,#3BD90F
108,93,85,#37D90F
109,93,85,#34D90F
110,93,85,#31D90F
111,93,85,#2DD90F
112,93,85,#2AD90F
113,93,85,#27D90F
114,93,85,#23D90F
115,93,85,#20D90F
116,93,85,#1DD90F
117,93,85,#19D90F
118,93,85,#16D90F
119,93,85,#13D90F
120,93,85,#0FD90F
121,93,85,#0FD913
122,93,85,#0FD916
123,93,85,#0FD919
124,93,85,#0FD91D
125,93,85,#0FD920
126,93,85,#0FD923
127,93,85,#0FD927
128,93,85,#0FD92A
129,93,85,#0FD92D
130,93,85,#0FD931
131,93,85,#0FD934
132,93,85,#0FD937
133,93,85,#0FD93B
134,93,85,#0FD93E
135,93,85,#0FD942
136,93,85,#0FD945
137,93,85,#0FD948
138,93,85,#0FD94C
139,93,85,#0FD94F
140,93,85,#0FD952
141,93,85,#0FD956
142,93,85,#0FD959
143,93,85,#0FD95C
144,93,85,#0FD960
145,93,85,#0FD963
146,93,85,#0FD967
147,93,85,#0FD96A
148,93,85,#0FD96D
149,93,85,#0FD971
150,93,85,#0FD974
151,93,85,#0FD977
152,93,85,#0FD97B
153,93,85,#0FD97E
154,93,85,#0FD981
155,93,85,#0FD985
156,93,85,#0FD988
157,93,85,#0FD98B
158,93,85,#0FD98F
159,93,85,#0FD992
160,93,85,#0FD996
161,93,85,#0FD999
162,93,85,#0FD99C
163,93,85,#0FD9A0
164,93,85,#0FD9A3
165,93,85,#0FD9A6
166,93,85,#0FD9AA
167,93,85,#0FD9AD
168,93,85,#0FD9B0
169,93,85,#0FD9B4
170,93,85,#0FD9B7
171,93,85,#0FD9BB
172,93,85,#0FD9BE
173,93,85,#0FD9C1
174,93,85,#0FD9C5
175,93,85,#0FD9C8
176,93,85,#0FD9CB
177,93,85,#0FD9CF
178,93,85,#0FD9D2
179,93,85,#0FD9D5
180,93,85,#0FD9D9
181,93,85,#0FD5D9
182,93,85,#0FD2D9
183,93,85,#0FCFD9
184,93,85,#0FCBD9
185,93,85,#0FC8D9
186,93,85,#0FC5D9
187,93,85,#0FC1D9
188,93,85,#0FBED9
189,93,85,#0FBBD9
190,93,85,#0FB7D9
191,93,85,#0FB4D9
192,93,85,#0FB0D9
193,93,85,#0FADD9
194,93,85,#0FAAD9
195,93,85,#0FA6D9
196,93,85,#0FA3D9
197,93,85,#0FA0D9
198,93,85,#0F9CD9
199,93,85,#0F99D9
200,93,85,#0F96D9
201,93,85,#0F92D9
202,93,85,#0F8FD9
203,93,85,#0F8BD9
204,93,85,#0F88D9
205,93,85,#0F85D9
206,93,85,#0F81D9
207,93,85,#0F7ED9
208,93,85,#0F7BD9
209,93,85,#0F77D9
210,93,85,#0F74D9
211,93,85,#0F71D9
212,93,85,#0F6DD9
213,93,85,#0F6AD9
214,93,85,#0F67D9
215,93,85,#0F63D9
216,93,85,#0F60D9
217,93,85,#0F5CD9
218,93,85,#0F59D9
219,93,85,#0F56D9
220,93,85,#0F52D9
221,93,85,#0F4FD9
222,93,85,#0F4CD9
223,93,85,#0F48D9
224,93,85,#0F45D9
225,93,85,#0F42D9
226,93,85,#0F3ED9
227,93,85,#0F3BD9
228,93,85,#0F37D9
229,93,85,#0F34D9
230,93,85,#0F31D9
231,93,85,#0F2DD9
232,93,85,#0F2AD9
233,93,85,#0F27D9
234,93,85,#0F23D9
235,93,85,#0F20D9
236,93,85,#0F1DD9
237,93,85,#0F19D9
238,93,85,#0F16D9
239,93,85,#0F13D9
240,93,85,#0F0FD9
241,93,85,#130FD9
242,93,85,#160FD9
243,93,85,#190FD9
244,93,85,#1D0FD9
245,93,85,#200FD9
246,93,85,#230FD9
247,93,85,#270FD9
248,93,85,#2A0FD9
249,93,85,#2D0FD9
250,93,85,#310FD9
251,93,85,#340FD9
252,93,85,#370FD9
253,93,85,#3B0FD9
254,93,85,#3E0FD9
255,93,85,#420FD9
256,93,85,#450FD9
257,93,85,#480FD9
258,93,85,#4C0FD9
259,93,85,#4F0FD9
260,93,85,#520FD9
261,93,85,#560FD9
262,93,85,#590FD9
263,93,85,#5C0FD9
264,93,85,#600FD9
265,93,85,#630FD9
266,93,85,#670FD9
267,93,85,#6A0FD9
268,93,85,#6D0FD9
269,93,85,#710FD9
270,93,85,#740FD9
271,93,85,#770FD9
272,93,85,#7B0FD9
273,93,85,#7E0FD9
274,93,85,#810FD9
275,93,85,#850FD9
276,93,85,#880FD9
277,93,85,#8B0FD9
278,93,85,#8F0FD9
279,93,85,#920FD9
280,93,85,#960FD9
281,93,85,#990FD9
282,93,85,#9C0FD9
283,93,85,#A00FD9
284,93,85,#A30FD9
285,93,85,#A60FD9
286,93,85,#AA0FD9
287,93,85,#AD0FD9
288,93,85,#B00FD9
289,93,85,#B40FD9
290,93,85,#B70FD9
291,93,85,#BB0FD9
292,93,85,#BE0FD9
293,93,85,#C10FD9
294,93,85,#C50FD9
295,93,85,#C80FD9
296,93,85,#CB0FD9
297,93,85,#CF0FD9
298,93,85,#D20FD9
299,93,85,#D50FD9
300,93,85,#D90FD9
301,93,85,#D90FD5
302,93,85,#D90FD2
303,93,85,#D90FCF
304,93,85,#D90FCB
305,93,85,#D90FC8
306,93,85,#D90FC5
307,93,85,#D90FC1
308,93,85,#D90FBE
309,93,85,#D90FBB
310,93,85,#D90FB7
311,93,85,#D90FB4
312,93,85,#D90FB0
313,93,85,#D90FAD
314,93,85,#D90FAA
315,93,85,#D90FA6
316,93,85,#D90FA3
317,93,85,#D90FA0
318,93,85,#D90F9C
319,93,85,#D90F99
320,93,85,#D90F96
321,93,85,#D90F92
322,93,85,#D90F8F
323,93,85,#D90F8B
324,93,85,#D90F88
325,93,85,#D90F85
326,93,85,#D90F81
327,93,85,#D90F7E
328,93,85,#D90F7B
329,93,85,#D90F77
330,93,85,#D90F74
331,93,85,#D90F71
332,93,85,#D90F6D
333,93,85,#D90F6A
334,93,85,#D90F67
335,93,85,#D90F63
336,93,85,#D90F60
337,93,85,#D90F5C
338,93,85,#D90F59
339,93,85,#D90F56
340,93,85,#D90F52
341,93,85,#D90F4F
342,93,85,#D90F4C
343,93,85,#D90F48
344,93,85,#D90F45
345,93,85,#D90F42
346,93,85,#D90F3E
347,93,85,#D90F3B
348,93,85,#D90F37
349,93,85,#D90F34
350,93,85,#D90F31
351,93,85,#D90F2D
352,93,85,#D90F2A
353,93,85,#D90F27
354,93,85,#D90F23
355,93,85,#D90F20
356,93,85,#D90F1D
357,93,85,#D90F19
358,93,85,#D90F16
359,93,85,#D90F13
0,92,85,#D91111
1,92,85,#D91511
2,92,85,#D91811
3,92,85,#D91B11
4,92,85,#D91F11
5,92,85,#D92211
6,92,85,#D92511
7,92,85,#D92911
8,92,85,#D92C11
9,92,85,#D92F11
10,92,85,#D93311
11,92,85,#D93611
12,92,85,#D93911
13,92,85,#D93D11
14,92,85,#D94011
15,92,85,#D94311
16,92,85,#D94711
17,92,85,#D94A11
18,92,85,#D94D11
19,92,85,#D95011
20,92,85,#D95411
21,92,85,#D95711
22,92,85,#D95A11
23,92,85,#D95E11
24,92,85,#D96111
25,92,85,#D96411
26,92,85,#D96811
27,92,85,#D96B11
28,92,85,#D96E11
29,92,85,#D97211
30,92,85,#D97511
31,92,85,#D97811
32,92,85,#D97C11
33,92,85,#D97F11
34,92,85,#D98211
35,92,85,#D98611
36,92,85,#D98911
37,92,85,#D98C11
38,92,85,#D99011
39,92,85,#D99311
40,92,85,#D99611
41,92,85,#D99A11
42,92,85,#D99D11
43,92,85,#D9A011
44,92,85,#D9A411
45,92,85,#D9A711
46,92,85,#D9AA11
47,92,85,#D9AE11
48,92,85,#D9B111
49,92,85,#D9B411
50,92,85,#D9B811
51,92,85,#D9BB11
52,92,85,#D9BE11
53,92,85,#D9C111
54,92,85,#D9C511
55,92,85,#D9C811
56,92,85,#D9CB11
57,92,85,#D9CF11
58,92,85,#D9D211
59,92,85,#D9D511
60,92,85,#D9D911
61,92,85,#D5D911
62,92,85,#D2D911
63,92,85,#CFD911
64,92,85,#CBD911
65,92,85,#C8D911
66,92,85,#C5D911
67,92,85,#C1D911
68,92,85,#BED911
69,92,85,#BBD911
70,92,85,#B8D911
71,92,85,#B4D911
72,92,85,#B1D911
73,92,85,#AED911
74,92,85,#AAD911
75,92,85,#A7D911
76,92,85,#A4D911
77,92,85,#A0D911
78,92,85,#9DD911
79,92,85,#9AD911
80,92,85,#96D911
81,92,85,#93D911
82,92,85,#90D911
83,92,85,#8CD911
84,92,85,#89D911
85,92,85,#86D911
86,92,85,#82D911
87,92,85,#7FD911
88,92,85,#7CD911
89,92,85,#78D911
90,92,85,#75D911
91,92,85,#72D911
92,92,85,#6ED911
93,92,85,#6BD911
94,92,85,#68D911
95,92,85,#64D911
96,92,85,#61D911
97,92,85,#5ED911
98,92,85,#5AD911
99,92,85,#57D911
100,92,85,#54D911
101,92,85,#50D911
102,92,85,#4DD911
103,92,85,#4AD911
104,92,85,#47D911
105,92,85,#43D911
106,92,85,#40D911
107,92,85,#3DD911
108,92,85,#39D911
109,92,85,#36D911
110,92,85,#33D911
111,92,85,#2FD911
112,92,85,#2CD911
113,92,85,#29D911
114,92,85,#25D911
115,92,85,#22D911
116,92,85,#1FD911
117,92,85,#1BD911
118,92,85,#18D911
119,92,85,#15D911
120,92,85,#11D911
121,92,85,#11D915
122,92,85,#11D918
123,92,85,#11D91B
124,92,85,#11D91F
125,92,85,#11D922
126,92,85,#11D925
127,92,85,#11D929
128,92,85,#11D92C
129,92,85,#11D92F
130,92,85,#11D933
131,92,85,#11D936
132,92,85,#11D939
133,92,85,#11D93D
134,92,85,#11D940
135,92,85,#11D943
136,92,85,#11D947
137,92,85,#11D94A
138,92,85,#11D94D
139,92,85,#11D950
140,92,85,#11D954
141,92,85,#11D957
142,92,85,#11D95A
143,92,85,#11D95E
144,92,85,#11D961
145,92,85,#11D964
146,92,85,#11D968
147,92,85,#11D96B
148,92,85,#11D96E
149,92,85,#11D972
150,92,85,#11D975
151,92,85,#11D978
152,92,85,#11D97C
153,92,85,#11D97F
154,92,85,#11D982
155,92,85,#11D986
156,92,85,#11D989
157,92,85,#11D98C
158,92,85,#11D990
159,92,85,#11D993
160,92,85,#11D996
161,92,85,#11D99A
162,92,85,#11D99D
163,92,85,#11D9A0
164,92,85,#11D9A4
165,92,85,#11D9A7
166,92,85,#11D9AA
167,92,85,#11D9AE
168,92,85,#11D9B1
169,92,85,#11D9B4
170,92,85,#11D9B8
171,92,85,#11D9BB
172,92,85,#11D9BE
173,92,85,#11D9C1
174,92,85,#11D9C5
175,92,85,#11D9C8
176,92,85,#11D9CB
177,92,85,#11D9CF
178,92,85,#11D9D2
179,92,85,#11D9D5
180,92,85,#11D9D9
181,92,85,#11D5D9
182,92,85,#11D2D9
183,92,85,#11CFD9
184,92,85,#11CBD9
185,92,85,#11C8D9
186,92,85,#11C5D9
187,92,85,#11C1D9
188,92,85,#11BED9
189,92,85,#11BBD9
190,92,85,#11B8D9
191,92,85,#11B4D9
192,92,85,#11B1D9
193,92,85,#11AED9
194,92,85,#11AAD9
195,92,85,#11A7D9
196,92,85,#11A4D9
197,92,85,#11A0D9
198,92,85,#119DD9
199,92,85,#119AD9
200,92,85,#1196D9
201,92,85,#1193D9
202,92,85,#1190D9
203,92,85,#118CD9
204,92,85,#1189D9
205,92,85,#1186D9
206,92,85,#1182D9
207,92,85,#117FD9
208,92,85,#117CD9
209,92,85,#1178D9
210,92,85,#1175D9
211,92,85,#1172D9
212,92,85,#116ED9
213,92,85,#116BD9
214,92,85,#1168D9
215,92,85,#1164D9
216,92,85,#1161D9
217,92,85,#115ED9
218,92,85,#115AD9
219,92,85,#1157D9
220,92,85,#1154D9
221,92,85,#1150D9
222,92,85,#114DD9
223,92,85,#114AD9
224,92,85,#1147D9
225,92,85,#1143D9
226,92,85,#1140D9
227,92,85,#113DD9
228,92,85,#1139D9
229,92,85,#1136D9
230,92,85,#1133D9
231,92,85,#112FD9
232,92,85,#112CD9
233,92,85,#1129D9
234,92,85,#1125D9
235,92,85,#1122D9
236,92,85,#111FD9
237,92,85,#111BD9
238,92,85,#1118D9
239,92,85,#1115D9
240,92,85,#1111D9
241,92,85,#1511D9
242,92,85,#1811D9
243,92,85,#1B11D9
244,92,85,#1F11D9
245,92,85,#2211D9
246,92,85,#2511D9
247,92,85,#2911D9
248,92,85,#2C11D9
249,92,85,#2F11D9
250,92,85,#3311D9
251,92,85,#3611D9
252,92,85,#3911D9
253,92,85,#3D11D9
254,92,85,#4011D9
255,92,85,#4311D9
256,92,85,#4711D9
257,92,85,#4A11D9
258,92,85,#4D11D9
259,92,85,#5011D9
260,92,85,#5411D9
261,92,85,#5711D9
262,92,85,#5A11D9
263,92,85,#5E11D9
264,92,85,#6111D9
265,92,85,#6411D9
266,92,85,#6811D9
267,92,85,#6B11D9
268,92,85,#6E11D9
269,92,85,#7211D9
270,92,85,#7511D9
271,92,85,#7811D9
272,92,85,#7C11D9
273,92,85,#7F11D9
274,92,85,#8211D9
275,92,85,#8611D9
276,92,85,#8911D9
277,92,85,#8C11D9
278,92,85,#9011D9
279,92,85,#9311D9
280,92,85,#9611D9
281,92,85,#9A11D9
282,92,85,#9D11D9
283,92,85,#A011D9
284,92,85,#A411D9
285,92,85,#A711D9
286,92,85,#AA11D9
287,92,85,#AE11D9
288,92,85,#B111D9
289,92,85,#B411D9
290,92,85,#B811D9
291,92,85,#BB11D9
292,92,85,#BE11D9
293,92,85,#C111D9
294,92,85,#C511D9
295,92,85,#C811D9
296,92,85,#CB11D9
297,92,85,#CF11D9
298,92,85,#D211D9
299,92,85,#D511D9
300,92,85,#D911D9
301,92,85,#D911D5
302,92,85,#D911D2
303,92,85,#D911CF
304,92,85,#D911CB
305,92,85,#D911C8
306,92,85,#D911C5
307,92,85,#D911C1
308,92,85,#D911BE
309,92,85,#D911BB
310,92,85,#D911B8
311,92,85,#D911B4
312,92,85,#D911B1
313,92,85,#D911AE
314,92,85,#D911AA
315,92,85,#D911A7
316,92,85,#D911A4
317,92,85,#D911A0
318,92,85,#D9119D
319,92,85,#D9119A
320,92,85,#D91196
321,92,85,#D91193
322,92,85,#D91190
323,92,85,#D9118C
324,92,85,#D91189
325,92,85,#D91186
326,92,85,#D91182
327,92,85,#D9117F
328,92,85,#D9117C
329,92,85,#D91178
330,92,85,#D91175
331,92,85,#D91172
332,92,85,#D9116E
333,92,85,#D9116B
334,92,85,#D91168
335,92,85,#D91164
336,92,85,#D91161
337,92,85,#D9115E
338,92,85,#D9115A
339,92,85,#D91157
340,92,85,#D91154
341,92,85,#D91150
342,92,85,#D9114D
343,92,85,#D9114A
344,92,85,#D91147
345,92,85,#D91143
346,92,85,#D91140
347,92,85,#D9113D
348,92,85,#D91139
349,92,85,#D91136
350,92,85,#D91133
351,92,85,#D9112F
352,92,85,#D9112C
353,92,85,#D91129
354,92,85,#D91125
355,92,85,#D91122
356,92,85,#D9111F
357,92,85,#D9111B
358,92,85,#D91118
359,92,85,#D91115
0,91,85,#D91414
1,91,85,#D91714
2,91,85,#D91A14
3,91,85,#D91D14
4,91,85,#D92114
5,91,85,#D92414
6,91,85,#D92714
7,91,85,#D92B14
8,91,85,#D92E14
9,91,85,#D93114
10,91,85,#D93414
11,91,85,#D93814
12,91,85,#D93B14
13,91,85,#D93E14
14,91,85,#D94214
15,91,85,#D94514
16,91,85,#D94814
17,91,85,#D94B14
18,91,85,#D94F14
19,91,85,#D95214
20,91,85,#D95514
21,91,85,#D95914
22,91,85,#D95C14
23,91,85,#D95F14
24,91,85,#D96214
25,91,85,#D96614
26,91,85,#D96914
27,91,85,#D96C14
28,91,85,#D97014
29,91,85,#D97314
30,91,85,#D97614
31,91,85,#D97914
32,91,85,#D97D14
33,91,85,#D98014
34,91,85,#D98314
35,91,85,#D98714
36,91,85,#D98A14
37,91,85,#D98D14
38,91,85,#D99014
39,91,85,#D99414
40,91,85,#D99714
41,91,85,#D99A14
42,91,85,#D99E14
43,91,85,#D9A114
44,91,85,#D9A414
45,91,85,#D9A714
46,91,85,#D9AB14
47,91,85,#D9AE14
48,91,85,#D9B114
49,91,85,#D9B514
50,91,85,#D9B814
51,91,85,#D9BB14
52,91,85,#D9BE14
53,91,85,#D9C214
54,91,85,#D9C514
55,91,85,#D9C814
56,91,85,#D9CC14
57,91,85,#D9CF14
58,91,85,#D9D214
59,91,85,#D9D514
60,91,85,#D9D914
61,91,85,#D5D914
62,91,85,#D2D914
63,91,85,#CFD914
64,91,85,#CCD914
65,91,85,#C8D914
66,91,85,#C5D914
67,91,85,#C2D914
68,91,85,#BED914
69,91,85,#BBD914
70,91,85,#B8D914
71,91,85,#B5D914
72,91,85,#B1D914
73,91,85,#AED914
74,91,85,#ABD914
75,91,85,#A7D914
76,91,85,#A4D914
77,91,85,#A1D914
78,91,85,#9ED914
79,91,85,#9AD914
80,91,85,#97D914
81,91,85,#94D914
82,91,85,#90D914
83,91,85,#8DD914
84,91,85,#8AD914
85,91,85,#87D914
86,91,85,#83D914
87,91,85,#80D914
88,91,85,#7DD914
89,91,85,#79D914
90,91,85,#76D914
91,91,85,#73D914
92,91,85,#70D914
93,91,85,#6CD914
94,91,85,#69D914
95,91,85,#66D914
96,91,85,#62D914
97,91,85,#5FD914
98,91,85,#5CD914
99,91,85,#59D914
100,91,85,#55D914
101,91,85,#52D914
102,91,85,#4FD914
103,91,85,#4BD914
104,91,85,#48D914
105,91,85,#45D914
106,91,85,#42D914
107,91,85,#3ED914
108,91,85,#3BD914
109,91,85,#38D914
110,91,85,#34D914
111,91,85,#31D914
112,91,85,#2ED914
113,91,85,#2BD914
114,91,85,#27D914
115,91,85,#24D914
116,91,85,#21D914
117,91,85,#1DD914
118,91,85,#1AD914
119,91,85,#17D914
120,91,85,#14D914
121,91,85,#14D917
122,91,85,#14D91A
123,91,85,#14D91D
124,91,85,#14D921
125,91,85,#14D924
126,91,85,#14D927
127,91,85,#14D92B
128,91,85,#14D92E
129,91,85,#14D931
130,91,85,#14D934
131,91,85,#14D938
132,91,85,#14D93B
133,91,85,#14D93E
134,91,85,#14D942
135,91,85,#14D945
136,91,85,#14D948
137,91,85,#14D94B
138,91,85,#14D94F
139,91,85,#14D952
140,91,85,#14D955
141,91,85,#14D959
142,91,85,#14D95C
143,91,85,#14D95F
144,91,85,#14D962
145,91,85,#14D966
146,91,85,#14D969
147,91,85,#14D96C
148,91,85,#14D970
149,91,85,#14D973
150,91,85,#14D976
151,91,85,#14D979
152,91,85,#14D97D
153,91,85,#14D980
154,91,85,#14D983
155,91,85,#14D987
156,91,85,#14D98A
157,91,85,#14D98D
158,91,85,#14D990
159,91,85,#14D994
160,91,85,#14D997
161,91,85,#14D99A
162,91,85,#14D99E
163,91,85,#14D9A1
164,91,85,#14D9A4
165,91,85,#14D9A7
166,91,85,#14D9AB
167,91,85,#14D9AE
168,91,85,#14D9B1
169,91,85,#14D9B5
170,91,85,#14D9B8
171,91,85,#14D9BB
172,91,85,#14D9BE
173,91,85,#14D9C2
174,91,85,#14D9C5
175,91,85,#14D9C8
176,91,85,#14D9CC
177,91,85,#14D9CF
178,91,85,#14D9D2
179,91,85,#14D9D5
180,91,85,#14D9D9
181,91,85,#14D5D9
182,91,85,#14D2D9
183,91,85,#14CFD9
184,91,85,#14CCD9
185,91,85,#14C8D9
186,91,85,#14C5D9
187,91,85,#14C2D9
188,91,85,#14BED9
189,91,85,#14BBD9
190,91,85,#14B8D9
191,91,85,#14B5D9
192,91,85,#14B1D9
193,91,85,#14AED9
194,91,85,#14ABD9
195,91,85,#14A7D9
196,91,85,#14A4D9
197,91,85,#14A1D9
198,91,85,#149ED9
199,91,85,#149AD9
200,91,85,#1497D9
201,91,85,#1494D9
202,91,85,#1490D9
203,91,85,#148DD9
204,91,85,#148AD9
205,91,85,#1487D9
206,91,85,#1483D9
207,91,85,#1480D9
208,91,85,#147DD9
209,91,85,#1479D9
210,91,85,#1476D9
211,91,85,#1473D9
212,91,85,#1470D9
213,91,85,#146CD9
214,91,85,#1469D9
215,91,85,#1466D9
216,91,85,#1462D9
217,91,85,#145FD9
218,91,85,#145CD9
219,91,85,#1459D9
220,91,85,#1455D9
221,91,85,#1452D9
222,91,85,#144FD9
223,91,85,#144BD9
224,91,85,#1448D9
225,91,85,#1445D9
226,91,85,#1442D9
227,91,85,#143ED9
228,91,85,#143BD9
229,91,85,#1438D9
230,91,85,#1434D9
231,91,85,#1431D9
232,91,85,#142ED9
233,91,85,#142BD9
234,91,85,#1427D9
235,91,85,#1424D9
236,91,85,#1421D9
237,91,85,#141DD9
238,91,85,#141AD9
239,91,85,#1417D9
240,91,85,#1414D9
241,91,85,#1714D9
242,91,85,#1A14D9
243,91,85,#1D14D9
244,91,85,#2114D9
245,91,85,#2414D9
246,91,85,#2714D9
247,91,85,#2B14D9
248,91,85,#2E14D9
249,91,85,#3114D9
250,91,85,#3414D9
251,91,85,#3814D9
252,91,85,#3B14D9
253,91,85,#3E14D9
254,91,85,#4214D9
255,91,85,#4514D9
256,91,85,#4814D9
257,91,85,#4B14D9
258,91,85,#4F14D9
259,91,85,#5214D9
260,91,85,#5514D9
261,91,85,#5914D9
262,91,85,#5C14D9
263,91,85,#5F14D9
264,91,85,#6214D9
265,91,85,#6614D9
266,91,85,#6914D9
267,91,85,#6C14D9
268,91,85,#7014D9
269,91,85,#7314D9
270,91,85,#7614D9
271,91,85,#7914D9
272,91,85,#7D14D9
273,91,85,#8014D9
274,91,85,#8314D9
275,91,85,#8714D9
276,91,85,#8A14D9
277,91,85,#8D14D9
278,91,85,#9014D9
279,91,85,#9414D9
280,91,85,#9714D9
281,91,85,#9A14D9
282,91,85,#9E14D9
283,91,85,#A114D9
284,91,85,#A414D9
285,91,85,#A714D9
286,91,85,#AB14D9
287,91,85,#AE14D9
288,91,85,#B114D9
289,91,85,#B514D9
290,91,85,#B814D9
291,91,85,#BB14D9
292,91,85,#BE14D9
293,91,85,#C214D9
294,91,85,#C514D9
295,91,85,#C814D9
296,91,85,#CC14D9
297,91,85,#CF14D9
298,91,85,#D214D9
299,91,85,#D514D9
300,91,85,#D914D9
301,91,85,#D914D5
302,91,85,#D914D2
303,91,85,#D914CF
304,91,85,#D914CC
305,91,85,#D914C8
306,91,85,#D914C5
307,91,85,#D914C2
308,91,85,#D914BE
309,91,85,#D914BB
310,91,85,#D914B8
311,91,85,#D914B5
312,91,85,#D914B1
313,91,85,#D914AE
314,91,85,#D914AB
315,91,85,#D914A7
316,91,85,#D914A4
317,91,85,#D914A1
318,91,85,#D9149E
319,91,85,#D9149A
320,91,85,#D91497
321,91,85,#D91494
322,91,85,#D91490
323,91,85,#D9148D
324,91,85,#D9148A
325,91,85,#D91487
326,91,85,#D91483
327,91,85,#D91480
328,91,85,#D9147D
329,91,85,#D91479
330,91,85,#D91476
331,91,85,#D91473
332,91,85,#D91470
333,91,85,#D9146C
334,91,85,#D91469
335,91,85,#D91466
336,91,85,#D91462
337,91,85,#D9145F
338,91,85,#D9145C
339,91,85,#D91459
340,91,85,#D91455
341,91,85,#D91452
342,91,85,#D9144F
343,91,85,#D9144B
344,91,85,#D91448
345,91,85,#D91445
346,91,85,#D91442
347,91,85,#D9143E
348,91,85,#D9143B
349,91,85,#D91438
350,91,85,#D91434
351,91,85,#D91431
352,91,85,#D9142E
353,91,85,#D9142B
354,91,85,#D91427
355,91,85,#D91424
356,91,85,#D91421
357,91,85,#D9141D
358,91,85,#D9141A
359,91,85,#D91417
0,90,85,#D91616
1,90,85,#D91916
2,90,85,#D91C16
3,90,85,#D91F16
4,90,85,#D92316
5,90,85,#D92616
6,90,85,#D92916
7,90,85,#D92C16
8,90,85,#D93016
9,90,85,#D93316
10,90,85,#D93616
11,90,85,#D93916
12,90,85,#D93D16
13,90,85,#D94016
14,90,85,#D94316
15,90,85,#D94616
16,90,85,#D94A16
17,90,85,#D94D16
18,90,85,#D95016
19,90,85,#D95316
20,90,85,#D95716
21,90,85,#D95A16
22,90,85,#D95D16
23,90,85,#D96016
24,90,85,#D96416
25,90,85,#D96716
26,90,85,#D96A16
27,90,85,#D96D16
28,90,85,#D97116
29,90,85,#D97416
30,90,85,#D97716
31,90,85,#D97A16
32,90,85,#D97E16
33,90,85,#D98116
34,90,85,#D98416
35,90,85,#D98716
36,90,85,#D98B16
37,90,85,#D98E16
38,90,85,#D99116
39,90,85,#D99416
40,90,85,#D99816
41,90,85,#D99B16
42,90,85,#D99E16
43,90,85,#D9A116
44,90,85,#D9A516
45,90,85,#D9A816
46,90,85,#D9AB16
47,90,85,#D9AE16
48,90,85,#D9B216
49,90,85,#D9B516
50,90,85,#D9B816
51,90,85,#D9BB16
52,90,85,#D9BF16
53,90,85,#D9C216
54,90,85,#D9C516
55,90,85,#D9C816
56,90,85,#D9CC16
57,90,85,#D9CF16
58,90,85,#D9D216
59,90,85,#D9D516
60,90,85,#D9D916
61,90,85,#D5D916
62,90,85,#D2D916
63,90,85,#CFD916
64,90,85,#CCD916
65,90,85,#C8D916
66,90,85,#C5D916
67,90,85,#C2D916
68,90,85,#BFD916
69,90,85,#BBD916
70,90,85,#B8D916
71,90,85,#B5D916
72,90,85,#B2D916
73,90,85,#AED916
74,90,85,#ABD916
75,90,85,#A8D916
76,90,85,#A5D916
77,90,85,#A1D916
78,90,85,#9ED916
79,90,85,#9BD916
80,90,85,#98D916
81,90,85,#94D916
82,90,85,#91D916
83,90,85,#8ED916
84,90,85,#8BD916
85,90,85,#87D916
86,90,85,#84D916
87,90,85,#81D916
88,90,85,#7ED916
89,90,85,#7AD916
90,90,85,#77D916
91,90,85,#74D916
92,90,85,#71D916
93,90,85,#6DD916
94,90,85,#6AD916
95,90,85,#67D916
96,90,85,#64D916
97,90,85,#60D916
98,90,85,#5DD916
99,90,85,#5AD916
100,90,85,#57D916
101,90,85,#53D916
102,90,85,#50D916
103,90,85,#4DD916
104,90,85,#4AD916
105,90,85,#46D916
106,90,85,#43D916
107,90,85,#40D916
108,90,85,#3DD916
109,90,85,#39D916
110,90,85,#36D916
111,90,85,#33D916
112,90,85,#30D916
113,90,85,#2CD916
114,90,85,#29D916
115,90,85,#26D916
116,90,85,#23D916
117,90,85,#1FD916
118,90,85,#1CD916
119,90,85,#19D916
120,90,85,#16D916
121,90,85,#16D919
122,90,85,#16D91C
123,90,85,#16D91F
124,90,85,#16D923
125,90,85,#16D926
126,90,85,#16D929
127,90,85,#16D92C
128,90,85,#16D930
129,90,85,#16D933
130,90,85,#16D936
131,90,85,#16D939
132,90,85,#16D93D
133,90,85,#16D940
134,90,85,#16D943
135,90,85,#16D946
136,90,85,#16D94A
137,90,85,#16D94D
138,90,85,#16D950
139,90,85,#16D953
140,90,85,#16D957
141,90,85,#16D95A
142,90,85,#16D95D
143,90,85,#16D960
144,90,85,#16D964
145,90,85,#16D967
146,90,85,#16D96A
147,90,85,#16D96D
148,90,85,#16D971
149,90,85,#16D974
150,90,85,#16D977
151,90,85,#16D97A
152,90,85,#16D97E
153,90,85,#16D981
154,90,85,#16D984
155,90,85,#16D987
156,90,85,#16D98B
157,90,85,#16D98E
158,90,85,#16D991
159,90,85,#16D994
160,90,85,#16D998
161,90,85,#16D99B
162,90,85,#16D99E
163,90,85,#16D9A1
164,90,85,#16D9A5
165,90,85,#16D9A8
166,90,85,#16D9AB
167,90,85,#16D9AE
168,90,85,#16D9B2
169,90,85,#16D9B5
170,90,85,#16D9B8
171,90,85,#16D9BB
172,90,85,#16D9BF
173,90,85,#16D9C2
174,90,85,#16D9C5
175,90,85,#16D9C8
176,90,85,#16D9CC
177,90,85,#16D9CF
178,90,85,#16D9D2
179,90,85,#16D9D5
180,90,85,#16D9D9
181,90,85,#16D5D9
182,90,85,#16D2D9
183,90,85,#16CFD9
184,90,85,#16CCD9
185,90,85,#16C8D9
186,90,85,#16C5D9
187,90,85,#16C2D9
188,90,85,#16BFD9
189,90,85,#16BBD9
190,90,85,#16B8D9
191,90,85,#16B5D9
192,90,85,#16B2D9
193,90,85,#16AED9
194,90,85,#16ABD9
195,90,85,#16A8D9
196,90,85,#16A5D9
197,90,85,#16A1D9
198,90,85,#169ED9
199,90,85,#169BD9
200,90,85,#1698D9
201,90,85,#1694D9
202,90,85,#1691D9
203,90,85,#168ED9
204,90,85,#168BD9
205,90,85,#1687D9
206,90,85,#1684D9
207,90,85,#1681D9
208,90,85,#167ED9
209,90,85,#167AD9
210,90,85,#1677D9
211,90,85,#1674D9
212,90,85,#1671D9
213,90,85,#166DD9
214,90,85,#166AD9
215,90,85,#1667D9
216,90,85,#1664D9
217,90,85,#1660D9
218,90,85,#165DD9
219,90,85,#165AD9
220,90,85,#1657D9
221,90,85,#1653D9
222,90,85,#1650D9
223,90,85,#164DD9
224,90,85,#164AD9
225,90,85,#1646D9
226,90,85,#1643D9
227,90,85,#1640D9
228,90,85,#163DD9
229,90,85,#1639D9
230,90,85,#1636D9
231,90,85,#1633D9
232,90,85,#1630D9
233,90,85,#162CD9
234,90,85,#1629D9
235,90,85,#1626D9
236,90,85,#1623D9
237,90,85,#161FD9
238,90,85,#161CD9
239,90,85,#1619D9
240,90,85,#1616D9
241,90,85,#1916D9
242,90,85,#1C16D9
243,90,85,#1F16D9
244,90,85,#2316D9
245,90,85,#2616D9
246,90,85,#2916D9
247,90,85,#2C16D9
248,90,85,#3016D9
249,90,85,#3316D9
250,90,85,#3616D9
251,90,85,#3916D9
252,90,85,#3D16D9
253,90,85,#4016D9
254,90,85,#4316D9
255,90,85,#4616D9
256,90,85,#4A16D9
257,90,85,#4D16D9
258,90,85,#5016D9
259,90,85,#5316D9
260,90,85,#5716D9
261,90,85,#5A16D9
262,90,85,#5D16D9
263,90,85,#6016D9
264,90,85,#6416D9
265,90,85,#6716D9
266,90,85,#6A16D9
267,90,85,#6D16D9
268,90,85,#7116D9
269,90,85,#7416D9
270,90,85,#7716D9
271,90,85,#7A16D9
272,90,85,#7E16D9
273,90,85,#8116D9
274,90,85,#8416D9
275,90,85,#8716D9
276,90,85,#8B16D9
277,90,85,#8E16D9
278,90,85,#9116D9
279,90,85,#9416D9
280,90,85,#9816D9
281,90,85,#9B16D9
282,90,85,#9E16D9
283,90,85,#A116D9
284,90,85,#A516D9
285,90,85,#A816D9
286,90,85,#AB16D9
287,90,85,#AE16D9
288,90,85,#B216D9
289,90,85,#B516D9
290,90,85,#B816D9
291,90,85,#BB16D9
292,90,85,#BF16D9
293,90,85,#C216D9
294,90,85,#C516D9
295,90,85,#C816D9
296,90,85,#CC16D9
297,90,85,#CF16D9
298,90,85,#D216D9
299,90,85,#D516D9
300,90,85,#D916D9
301,90,85,#D916D5
302,90,85,#D916D2
303,90,85,#D916CF
304,90,85,#D916CC
305,90,85,#D916C8
306,90,85,#D916C5
307,90,85,#D916C2
308,90,85,#D916BF
309,90,85,#D916BB
310,90,85,#D916B8
311,90,85,#D916B5
312,90,85,#D916B2
313,90,85,#D916AE
314,90,85,#D916AB
315,90,85,#D916A8
316,90,85,#D916A5
317,90,85,#D916A1
318,90,85,#D9169E
319,90,85,#D9169B
320,90,85,#D91698
321,90,85,#D91694
322,90,85,#D91691
323,90,85,#D9168E
324,90,85,#D9168B
325,90,85,#D91687
326,90,85,#D91684
327,90,85,#D91681
328,90,85,#D9167E
329,90,85,#D9167A
330,90,85,#D91677
331,90,85,#D91674
332,90,85,#D91671
333,90,85,#D9166D
334,90,85,#D9166A
335,90,85,#D91667
336,90,85,#D91664
337,90,85,#D91660
338,90,85,#D9165D
339,90,85,#D9165A
340,90,85,#D91657
341,90,85,#D91653
342,90,85,#D91650
343,90,85,#D9164D
344,90,85,#D9164A
345,90,85,#D91646
346,90,85,#D91643
347,90,85,#D91640
348,90,85,#D9163D
349,90,85,#D91639
350,90,85,#D91636
351,90,85,#D91633
352,90,85,#D91630
353,90,85,#D9162C
354,90,85,#D91629
355,90,85,#D91626
356,90,85,#D91623
357,90,85,#D9161F
358,90,85,#D9161C
359,90,85,#D91619
0,89,85,#D91818
1,89,85,#D91B18
2,89,85,#D91E18
3,89,85,#D92118
4,89,85,#D92518
5,89,85,#D92818
6,89,85,#D92B18
7,89,85,#D92E18
8,89,85,#D93218
9,89,85,#D93518
10,89,85,#D93818
11,89,85,#D93B18
12,89,85,#D93E18
13,89,85,#D94218
14,89,85,#D94518
15,89,85,#D94818
16,89,85,#D94B18
17,89,85,#D94E18
18,89,85,#D95218
19,89,85,#D95518
20,89,85,#D95818
21,89,85,#D95B18
22,89,85,#D95F18
23,89,85,#D96218
24,89,85,#D96518
25,89,85,#D96818
26,89,85,#D96B18
27,89,85,#D96F18
28,89,85,#D97218
29,89,85,#D97518
30,89,85,#D97818
31,89,85,#D97C18
32,89,85,#D97F18
33,89,85,#D98218
34,89,85,#D98518
35,89,85,#D98818
36,89,85,#D98C18
37,89,85,#D98F18
38,89,85,#D99218
39,89,85,#D99518
40,89,85,#D99818
41,89,85,#D99C18
42,89,85,#D99F18
43,89,85,#D9A218
44,89,85,#D9A518
45,89,85,#D9A918
46,89,85,#D9AC18
47,89,85,#D9AF18
48,89,85,#D9B218
49,89,85,#D9B518
50,89,85,#D9B918
51,89,85,#D9BC18
52,89,85,#D9BF18
53,89,85,#D9C218
54,89,85,#D9C518
55,89,85,#D9C918
56,89,85,#D9CC18
57,89,85,#D9CF18
58,89,85,#D9D218
59,89,85,#D9D618
60,89,85,#D9D918
61,89,85,#D6D918
62,89,85,#D2D918
63,89,85,#CFD918
64,89,85,#CCD918
65,89,85,#C9D918
66,89,85,#C5D918
67,89,85,#C2D918
68,89,85,#BFD918
69,89,85,#BCD918
70,89,85,#B9D918
71,89,85,#B5D918
72,89,85,#B2D918
73,89,85,#AFD918
74,89,85,#ACD918
75,89,85,#A9D918
76,89,85,#A5D918
77,89,85,#A2D918
78,89,85,#9FD918
79,89,85,#9CD918
80,89,85,#98D918
81,89,85,#95D918
82,89,85,#92D918
83,89,85,#8FD918
84,89,85,#8CD918
85,89,85,#88D918
86,89,85,#85D918
87,89,85,#82D918
88,89,85,#7FD918
89,89,85,#7CD918
90,89,85,#78D918
91,89,85,#75D918
92,89,85,#72D918
93,89,85,#6FD918
94,89,85,#6BD918
95,89,85,#68D918
96,89,85,#65D918
97,89,85,#62D918
98,89,85,#5FD918
99,89,85,#5BD918
100,89,85,#58D918
101,89,85,#55D918
102,89,85,#52D918
103,89,85,#4ED918
104,89,85,#4BD918
105,89,85,#48D918
106,89,85,#45D918
107,89,85,#42D918
108,89,85,#3ED918
109,89,85,#3BD918
110,89,85,#38D918
111,89,85,#35D918
112,89,85,#32D918
113,89,85,#2ED918
114,89,85,#2BD918
115,89,85,#28D918
116,89,85,#25D918
117,89,85,#21D918
118,89,85,#1ED918
119,89,85,#1BD918
120,89,85,#18D918
121,89,85,#18D91B
122,89,85,#18D91E
123,89,85,#18D921
124,89,85,#18D925
125,89,85,#18D928
126,89,85,#18D92B
127,89,85,#18D92E
128,89,85,#18D932
129,89,85,#18D935
130,89,85,#18D938
131,89,85,#18D93B
132,89,85,#18D93E
133,89,85,#18D942
134,89,85,#18D945
135,89,85,#18D948
136,89,85,#18D94B
137,89,85,#18D94E
138,89,85,#18D952
139,89,85,#18D955
140,89,85,#18D958
141,89,85,#18D95B
142,89,85,#18D95F
143,89,85,#18D962
144,89,85,#18D965
145,89,85,#18D968
146,89,85,#18D96B
147,89,85,#18D96F
148,89,85,#18D972
149,89,85,#18D975
150,89,85,#18D978
151,89,85,#18D97C
152,89,85,#18D97F
153,89,85,#18D982
154,89,85,#18D985
155,89,85,#18D988
156,89,85,#18D98C
157,89,85,#18D98F
158,89,85,#18D992
159,89,85,#18D995
160,89,85,#18D998
161,89,85,#18D99C
162,89,85,#18D99F
163,89,85,#18D9A2
164,89,85,#18D9A5
165,89,85,#18D9A9
166,89,85,#18D9AC
167,89,85,#18D9AF
168,89,85,#18D9B2
169,89,85,#18D9B5
170,89,85,#18D9B9
171,89,85,#18D9BC
172,89,85,#18D9BF
173,89,85,#18D9C2
174,89,85,#18D9C5
175,89,85,#18D9C9
176,89,85,#18D9CC
177,89,85,#18D9CF
178,89,85,#18D9D2
179,89,85,#18D9D6
180,89,85,#18D9D9
181,89,85,#18D6D9
182,89,85,#18D2D9
183,89,85,#18CFD9
184,89,85,#18CCD9
185,89,85,#18C9D9
186,89,85,#18C5D9
187,89,85,#18C2D9
188,89,85,#18BFD9
189,89,85,#18BCD9
190,89,85,#18B9D9
191,89,85,#18B5D9
192,89,85,#18B2D9
193,89,85,#18AFD9
194,89,85,#18ACD9
195,89,85,#18A9D9
196,89,85,#18A5D9
197,89,85,#18A2D9
198,89,85,#189FD9
199,89,85,#189CD9
200,89,85,#1898D9
201,89,85,#1895D9
202,89,85,#1892D9
203,89,85,#188FD9
204,89,85,#188CD9
205,89,85,#1888D9
206,89,85,#1885D9
207,89,85,#1882D9
208,89,85,#187FD9
209,89,85,#187CD9
210,89,85,#1878D9
211,89,85,#1875D9
212,89,85,#1872D9
213,89,85,#186FD9
214,89,85,#186BD9
215,89,85,#1868D9
216,89,85,#1865D9
217,89,85,#1862D9
218,89,85,#185FD9
219,89,85,#185BD9
220,89,85,#1858D9
221,89,85,#1855D9
222,89,85,#1852D9
223,89,85,#184ED9
224,89,85,#184BD9
225,89,85,#1848D9
226,89,85,#1845D9
227,89,85,#1842D9
228,89,85,#183ED9
229,89,85,#183BD9
230,89,85,#1838D9
231,89,85,#1835D9
232,89,85,#1832D9
233,89,85,#182ED9
234,89,85,#182BD9
235,89,85,#1828D9
236,89,85,#1825D9
237,89,85,#1821D9
238,89,85,#181ED9
239,89,85,#181BD9
240,89,85,#1818D9
241,89,85,#1B18D9
242,89,85,#1E18D9
243,89,85,#2118D9
244,89,85,#2518D9
245,89,85,#2818D9
246,89,85,#2B18D9
247,89,85,#2E18D9
248,89,85,#3218D9
249,89,85,#3518D9
250,89,85,#3818D9
251,89,85,#3B18D9
252,89,85,#3E18D9
253,89,85,#4218D9
254,89,85,#4518D9
255,89,85,#4818D9
256,89,85,#4B18D9
257,89,85,#4E18D9
258,89,85,#5218D9
259,89,85,#5518D9
260,89,85,#5818D9
261,89,85,#5B18D9
262,89,85,#5F18D9
263,89,85,#6218D9
264,89,85,#6518D9
265,89,85,#6818D9
266,89,85,#6B18D9
267,89,85,#6F18D9
268,89,85,#7218D9
269,89,85,#7518D9
270,89,85,#7818D9
271,89,85,#7C18D9
272,89,85,#7F18D9
273,89,85,#8218D9
274,89,85,#8518D9
275,89,85,#8818D9
276,89,85,#8C18D9
277,89,85,#8F18D9
278,89,85,#9218D9
279,89,85,#9518D9
280,89,85,#9818D9
281,89,85,#9C18D9
282,89,85,#9F18D9
283,89,85,#A218D9
284,89,85,#A518D9
285,89,85,#A918D9
286,89,85,#AC18D9
287,89,85,#AF18D9
288,89,85,#B218D9
289,89,85,#B518D9
290,89,85,#B918D9
291,89,85,#BC18D9
292,89,85,#BF18D9
293,89,85,#C218D9
294,89,85,#C518D9
295,89,85,#C918D9
296,89,85,#CC18D9
297,89,85,#CF18D9
298,89,85,#D218D9
299,89,85,#D618D9
300,89,85,#D918D9
301,89,85,#D918D6
302,89,85,#D918D2
303,89,85,#D918CF
304,89,85,#D918CC
305,89,85,#D918C9
306,89,85,#D918C5
307,89,85,#D918C2
308,89,85,#D918BF
309,89,85,#D918BC
310,89,85,#D918B9
311,89,85,#D918B5
312,89,85,#D918B2
313,89,85,#D918AF
314,89,85,#D918AC
315,89,85,#D918A9
316,89,85,#D918A5
317,89,85,#D918A2
318,89,85,#D9189F
319,89,85,#D9189C
320,89,85,#D91898
321,89,85,#D91895
322,89,85,#D91892
323,89,85,#D9188F
324,89,85,#D9188C
325,89,85,#D91888
326,89,85,#D91885
327,89,85,#D91882
328,89,85,#D9187F
329,89,85,#D9187C
330,89,85,#D91878
331,89,85,#D91875
332,89,85,#D91872
333,89,85,#D9186F
334,89,85,#D9186B
335,89,85,#D91868
336,89,85,#D91865
337,89,85,#D91862
338,89,85,#D9185F
339,89,85,#D9185B
340,89,85,#D91858
341,89,85,#D91855
342,89,85,#D91852
343,89,85,#D9184E
344,89,85,#D9184B
345,89,85,#D91848
346,89,85,#D91845
347,89,85,#D91842
348,89,85,#D9183E
349,89,85,#D9183B
350,89,85,#D91838
351,89,85,#D91835
352,89,85,#D91832
353,89,85,#D9182E
354,89,85,#D9182B
355,89,85,#D91828
356,89,85,#D91825
357,89,85,#D91821
358,89,85,#D9181E
359,89,85,#D9181B
0,88,85,#D91A1A
1,88,85,#D91D1A
2,88,85,#D9201A
3,88,85,#D9241A
4,88,85,#D9271A
5,88,85,#D92A1A
6,88,85,#D92D1A
7,88,85,#D9301A
8,88,85,#D9331A
9,88,85,#D9371A
10,88,85,#D93A1A
11,88,85,#D93D1A
12,88,85,#D9401A
13,88,85,#D9431A
14,88,85,#D9471A
15,88,85,#D94A1A
16,88,85,#D94D1A
17,88,85,#D9501A
18,88,85,#D9531A
19,88,85,#D9561A
20,88,85,#D95A1A
21,88,85,#D95D1A
22,88,85,#D9601A
23,88,85,#D9631A
24,88,85,#D9661A
25,88,85,#D9691A
26,88,85,#D96D1A
27,88,85,#D9701A
28,88,85,#D9731A
29,88,85,#D9761A
30,88,85,#D9791A
31,88,85,#D97D1A
32,88,85,#D9801A
33,88,85,#D9831A
34,88,85,#D9861A
35,88,85,#D9891A
36,88,85,#D98C1A
37,88,85,#D9901A
38,88,85,#D9931A
39,88,85,#D9961A
40,88,85,#D9991A
41,88,85,#D99C1A
42,88,85,#D9A01A
43,88,85,#D9A31A
44,88,85,#D9A61A
45,88,85,#D9A91A
46,88,85,#D9AC1A
47,88,85,#D9AF1A
48,88,85,#D9B31A
49,88,85,#D9B61A
50,88,85,#D9B91A
51,88,85,#D9BC1A
52,88,85,#D9BF1A
53,88,85,#D9C21A
54,88,85,#D9C61A
55,88,85,#D9C91A
56,88,85,#D9CC1A
57,88,85,#D9CF1A
58,88,85,#D9D21A
59,88,85,#D9D61A
60,88,85,#D9D91A
61,88,85,#D6D91A
62,88,85,#D2D91A
63,88,85,#CFD91A
64,88,85,#CCD91A
65,88,85,#C9D91A
66,88,85,#C6D91A
67,88,85,#C2D91A
68,88,85,#BFD91A
69,88,85,#BCD91A
70,88,85,#B9D91A
71,88,85,#B6D91A
72,88,85,#B3D91A
73,88,85,#AFD91A
74,88,85,#ACD91A
75,88,85,#A9D91A
76,88,85,#A6D91A
77,88,85,#A3D91A
78,88,85,#A0D91A
79,88,85,#9CD91A
80,88,85,#99D91A
81,88,85,#96D91A
82,88,85,#93D91A
83,88,85,#90D91A
84,88,85,#8CD91A
85,88,85,#89D91A
86,88,85,#86D91A
87,88,85,#83D91A
88,88,85,#80D91A
89,88,85,#7DD91A
90,88,85,#79D91A
91,88,85,#76D91A
92,88,85,#73D91A
93,88,85,#70D91A
94,88,85,#6DD91A
95,88,85,#69D91A
96,88,85,#66D91A
97,88,85,#63D91A
98,88,85,#60D91A
99,88,85,#5DD91A
100,88,85,#5AD91A
101,88,85,#56D91A
102,88,85,#53D91A
103,88,85,#50D91A
104,88,85,#4DD91A
105,88,85,#4AD91A
106,88,85,#47D91A
107,88,85,#43D91A
108,88,85,#40D91A
109,88,85,#3DD91A
110,88,85,#3AD91A
111,88,85,#37D91A
112,88,85,#33D91A
113,88,85,#30D91A
114,88,85,#2DD91A
115,88,85,#2AD91A
116,88,85,#27D91A
117,88,85,#24D91A
118,88,85,#20D91A
119,88,85,#1DD91A
120,88,85,#1AD91A
121,88,85,#1AD91D
122,88,85,#1AD920
123,88,85,#1AD924
124,88,85,#1AD927
125,88,85,#1AD92A
126,88,85,#1AD92D
127,88,85,#1AD930
128,88,85,#1AD933
129,88,85,#1AD937
130,88,85,#1AD93A
131,88,85,#1AD93D
132,88,85,#1AD940
133,88,85,#1AD943
134,88,85,#1AD947
135,88,85,#1AD94A
136,88,85,#1AD94D
137,88,85,#1AD950
138,88,85,#1AD953
139,88,85,#1AD956
140,88,85,#1AD95A
141,88,85,#1AD95D
142,88,85,#1AD960
143,88,85,#1AD963
144,88,85,#1AD966
145,88,85,#1AD969
146,88,85,#1AD96D
147,88,85,#1AD970
148,88,85,#1AD973
149,88,85,#1AD976
150,88,85,#1AD979
151,88,85,#1AD97D
152,88,85,#1AD980
153,88,85,#1AD983
154,88,85,#1AD986
155,88,85,#1AD989
156,88,85,#1AD98C
157,88,85,#1AD990
158,88,85,#1AD993
159,88,85,#1AD996
160,88,85,#1AD999
161,88,85,#1AD99C
162,88,85,#1AD9A0
163,88,85,#1AD9A3
164,88,85,#1AD9A6
165,88,85,#1AD9A9
166,88,85,#1AD9AC
167,88,85,#1AD9AF
168,88,85,#1AD9B3
169,88,85,#1AD9B6
170,88,85,#1AD9B9
171,88,85,#1AD9BC
172,88,85,#1AD9BF
173,88,85,#1AD9C2
174,88,85,#1AD9C6
175,88,85,#1AD9C9
176,88,85,#1AD9CC
177,88,85,#1AD9CF
178,88,85,#1AD9D2
179,88,85,#1AD9D6
180,88,85,#1AD9D9
181,88,85,#1AD6D9
182,88,85,#1AD2D9
183,88,85,#1ACFD9
184,88,85,#1ACCD9
185,88,85,#1AC9D9
186,88,85,#1AC6D9
187,88,85,#1AC2D9
188,88,85,#1ABFD9
189,88,85,#1ABCD9
190,88,85,#1AB9D9
191,88,85,#1AB6D9
192,88,85,#1AB3D9
193,88,85,#1AAFD9
194,88,85,#1AACD9
195,88,85,#1AA9D9
196,88,85,#1AA6D9
197,88,85,#1AA3D9
198,88,85,#1AA0D9
199,88,85,#1A9CD9
200,88,85,#1A99D9
201,88,85,#1A96D9
202,88,85,#1A93D9
203,88,85,#1A90D9
204,88,85,#1A8CD9
205,88,85,#1A89D9
206,88,85,#1A86D9
207,88,85,#1A83D9
208,88,85,#1A80D9
209,88,85,#1A7DD9
210,88,85,#1A79D9
211,88,85,#1A76D9
212,88,85,#1A73D9
213,88,85,#1A70D9
214,88,85,#1A6DD9
215,88,85,#1A69D9
216,88,85,#1A66D9
217,88,85,#1A63D9
218,88,85,#1A60D9
219,88,85,#1A5DD9
220,88,85,#1A5AD9
221,88,85,#1A56D9
222,88,85,#1A53D9
223,88,85,#1A50D9
224,88,85,#1A4DD9
225,88,85,#1A4AD9
226,88,85,#1A47D9
227,88,85,#1A43D9
228,88,85,#1A40D9
229,88,85,#1A3DD9
230,88,85,#1A3AD9
231,88,85,#1A37D9
232,88,85,#1A33D9
233,88,85,#1A30D9
234,88,85,#1A2DD9
235,88,85,#1A2AD9
236,88,85,#1A27D9
237,88,85,#1A24D9
238,88,85,#1A20D9
239,88,85,#1A1DD9
240,88,85,#1A1AD9
241,88,85,#1D1AD9
242,88,85,#201AD9
243,88,85,#241AD9
244,88,85,#271AD9
245,88,85,#2A1AD9
246,88,85,#2D1AD9
247,88,85,#301AD9
248,88,85,#331AD9
249,88,85,#371AD9
250,88,85,#3A1AD9
251,88,85,#3D1AD9
252,88,85,#401AD9
253,88,85,#431AD9
254,88,85,#471AD9
255,88,85,#4A1AD9
256,88,85,#4D1AD9
257,88,85,#501AD9
258,88,85,#531AD9
259,88,85,#561AD9
260,88,85,#5A1AD9
261,88,85,#5D1AD9
262,88,85,#601AD9
263,88,85,#631AD9
264,88,85,#661AD9
265,88,85,#691AD9
266,88,85,#6D1AD9
267,88,85,#701AD9
268,88,85,#731AD9
269,88,85,#761AD9
270,88,85,#791AD9
271,88,85,#7D1AD9
272,88,85,#801AD9
273,88,85,#831AD9
274,88,85,#861AD9
275,88,85,#891AD9
276,88,85,#8C1AD9
277,88,85,#901AD9
278,88,85,#931AD9
279,88,85,#961AD9
280,88,85,#991AD9
281,88,85,#9C1AD9
282,88,85,#A01AD9
283,88,85,#A31AD9
284,88,85,#A61AD9
285,88,85,#A91AD9
286,88,85,#AC1AD9
287,88,85,#AF1AD9
288,88,85,#B31AD9
289,88,85,#B61AD9
290,88,85,#B91AD9
291,88,85,#BC1AD9
292,88,85,#BF1AD9
293,88,85,#C21AD9
294,88,85,#C61AD9
295,88,85,#C91AD9
296,88,85,#CC1AD9
297,88,85,#CF1AD9
298,88,85,#D21AD9
299,88,85,#D61AD9
300,88,85,#D91AD9
301,88,85,#D91AD6
302,88,85,#D91AD2
303,88,85,#D91ACF
304,88,85,#D91ACC
305,88,85,#D91AC9
306,88,85,#D91AC6
307,88,85,#D91AC2
308,88,85,#D91ABF
309,88,85,#D91ABC
310,88,85,#D91AB9
311,88,85,#D91AB6
312,88,85,#D91AB3
313,88,85,#D91AAF
314,88,85,#D91AAC
315,88,85,#D91AA9
316,88,85,#D91AA6
317,88,85,#D91AA3
318,88,85,#D91AA0
319,88,85,#D91A9C
320,88,85,#D91A99
321,88,85,#D91A96
322,88,85,#D91A93
323,88,85,#D91A90
324,88,85,#D91A8C
325,88,85,#D91A89
326,88,85,#D91A86
327,88,85,#D91A83
328,88,85,#D91A80
329,88,85,#D91A7D
330,88,85,#D91A79
331,88,85,#D91A76
332,88,85,#D91A73
333,88,85,#D91A70
334,88,85,#D91A6D
335,88,85,#D91A69
336,88,85,#D91A66
337,88,85,#D91A63
338,88,85,#D91A60
339,88,85,#D91A5D
340,88,85,#D91A5A
341,88,85,#D91A56
342,88,85,#D91A53
343,88,85,#D91A50
344,88,85,#D91A4D
345,88,85,#D91A4A
346,88,85,#D91A47
347,88,85,#D91A43
348,88,85,#D91A40
349,88,85,#D91A3D
350,88,85,#D91A3A
351,88,85,#D91A37
352,88,85,#D91A33
353,88,85,#D91A30
354,88,85,#D91A2D
355,88,85,#D91A2A
356,88,85,#D91A27
357,88,85,#D91A24
358,88,85,#D91A20
359,88,85,#D91A1D
0,87,85,#D91C1C
1,87,85,#D91F1C
2,87,85,#D9221C
3,87,85,#D9261C
4,87,85,#D9291C
5,87,85,#D92C1C
6,87,85,#D92F1C
7,87,85,#D9321C
8,87,85,#D9351C
9,87,85,#D9381C
10,87,85,#D93C1C
11,87,85,#D93F1C
12,87,85,#D9421C
13,87,85,#D9451C
14,87,85,#D9481C
15,87,85,#D94B1C
16,87,85,#D94E1C
17,87,85,#D9521C
18,87,85,#D9551C
19,87,85,#D9581C
20,87,85,#D95B1C
21,87,85,#D95E1C
22,87,85,#D9611C
23,87,85,#D9641C
24,87,85,#D9681C
25,87,85,#D96B1C
26,87,85,#D96E1C
27,87,85,#D9711C
28,87,85,#D9741C
29,87,85,#D9771C
30,87,85,#D97A1C
31,87,85,#D97E1C
32,87,85,#D9811C
33,87,85,#D9841C
34,87,85,#D9871C
35,87,85,#D98A1C
36,87,85,#D98D1C
37,87,85,#D9901C
38,87,85,#D9941C
39,87,85,#D9971C
40,87,85,#D99A1C
41,87,85,#D99D1C
42,87,85,#D9A01C
43,87,85,#D9A31C
44,87,85,#D9A61C
45,87,85,#D9AA1C
46,87,85,#D9AD1C
47,87,85,#D9B01C
48,87,85,#D9B31C
49,87,85,#D9B61C
50,87,85,#D9B91C
51,87,85,#D9BC1C
52,87,85,#D9C01C
53,87,85,#D9C31C
54,87,85,#D9C61C
55,87,85,#D9C91C
56,87,85,#D9CC1C
57,87,85,#D9CF1C
58,87,85,#D9D21C
59,87,85,#D9D61C
60,87,85,#D9D91C
61,87,85,#D6D91C
62,87,85,#D2D91C
63,87,85,#CFD91C
64,87,85,#CCD91C
65,87,85,#C9D91C
66,87,85,#C6D91C
67,87,85,#C3D91C
68,87,85,#C0D91C
69,87,85,#BCD91C
70,87,85,#B9D91C
71,87,85,#B6D91C
72,87,85,#B3D91C
73,87,85,#B0D91C
74,87,85,#ADD91C
75,87,85,#AAD91C
76,87,85,#A6D91C
77,87,85,#A3D91C
78,87,85,#A0D91C
79,87,85,#9DD91C
80,87,85,#9AD91C
81,87,85,#97D91C
82,87,85,#94D91C
83,87,85,#90D91C
84,87,85,#8DD91C
85,87,85,#8AD91C
86,87,85,#87D91C
87,87,85,#84D91C
88,87,85,#81D91C
89,87,85,#7ED91C
90,87,85,#7AD91C
91,87,85,#77D91C
92,87,85,#74D91C
93,87,85,#71D91C
94,87,85,#6ED91C
95,87,85,#6BD91C
96,87,85,#68D91C
97,87,85,#64D91C
98,87,85,#61D91C
99,87,85,#5ED91C
100,87,85,#5BD91C
101,87,85,#58D91C
102,87,85,#55D91C
103,87,85,#52D91C
104,87,85,#4ED91C
105,87,85,#4BD91C
106,87,85,#48D91C
107,87,85,#45D91C
108,87,85,#42D91C
109,87,85,#3FD91C
110,87,85,#3CD91C
111,87,85,#38D91C
112,87,85,#35D91C
113,87,85,#32D91C
114,87,85,#2FD91C
115,87,85,#2CD91C
116,87,85,#29D91C
117,87,85,#26D91C
118,87,85,#22D91C
119,87,85,#1FD91C
120,87,85,#1CD91C
121,87,85,#1CD91F
122,87,85,#1CD922
123,87,85,#1CD926
124,87,85,#1CD929
125,87,85,#1CD92C
126,87,85,#1CD92F
127,87,85,#1CD932
128,87,85,#1CD935
129,87,85,#1CD938
130,87,85,#1CD93C
131,87,85,#1CD93F
132,87,85,#1CD942
133,87,85,#1CD945
134,87,85,#1CD948
135,87,85,#1CD94B
136,87,85,#1CD94E
137,87,85,#1CD952
138,87,85,#1CD955
139,87,85,#1CD958
140,87,85,#1CD95B
141,87,85,#1CD95E
142,87,85,#1CD961
143,87,85,#1CD964
144,87,85,#1CD968
145,87,85,#1CD96B
146,87,85,#1CD96E
147,87,85,#1CD971
148,87,85,#1CD974
149,87,85,#1CD977
150,87,85,#1CD97A
151,87,85,#1CD97E
152,87,85,#1CD981
153,87,85,#1CD984
154,87,85,#1CD987
155,87,85,#1CD98A
156,87,85,#1CD98D
157,87,85,#1CD990
158,87,85,#1CD994
159,87,85,#1CD997
160,87,85,#1CD99A
161,87,85,#1CD99D
162,87,85,#1CD9A0
163,87,85,#1CD9A3
164,87,85,#1CD9A6
165,87,85,#1CD9AA
166,87,85,#1CD9AD
167,87,85,#1CD9B0
168,87,85,#1CD9B3
169,87,85,#1CD9B6
170,87,85,#1CD9B9
171,87,85,#1CD9BC
172,87,85,#1CD9C0
173,87,85,#1CD9C3
174,87,85,#1CD9C6
175,87,85,#1CD9C9
176,87,85,#1CD9CC
177,87,85,#1CD9CF
178,87,85,#1CD9D2
179,87,85,#1CD9D6
180,87,85,#1CD9D9
181,87,85,#1CD6D9
182,87,85,#1CD2D9
183,87,85,#1CCFD9
184,87,85,#1CCCD9
185,87,85,#1CC9D9
186,87,85,#1CC6D9
187,87,85,#1CC3D9
188,87,85,#1CC0D9
189,87,85,#1CBCD9
190,87,85,#1CB9D9
191,87,85,#1CB6D9
192,87,85,#1CB3D9
193,87,85,#1CB0D9
194,87,85,#1CADD9
195,87,85,#1CAAD9
196,87,85,#1CA6D9
197,87,85,#1CA3D9
198,87,85,#1CA0D9
199,87,85,#1C9DD9
200,87,85,#1C9AD9
201,87,85,#1C97D9
202,87,85,#1C94D9
203,87,85,#1C90D9
204,87,85,#1C8DD9
205,87,85,#1C8AD9
206,87,85,#1C87D9
207,87,85,#1C84D9
208,87,85,#1C81D9
209,87,85,#1C7ED9
210,87,85,#1C7AD9
211,87,85,#1C77D9
212,87,85,#1C74D9
213,87,85,#1C71D9
214,87,85,#1C6ED9
215,87,85,#1C6BD9
216,87,85,#1C68D9
217,87,85,#1C64D9
218,87,85,#1C61D9
219,87,85,#1C5ED9
220,87,85,#1C5BD9
221,87,85,#1C58D9
222,87,85,#1C55D9
223,87,85,#1C52D9
224,87,85,#1C4ED9
225,87,85,#1C4BD9
226,87,85,#1C48D9
227,87,85,#1C45D9
228,87,85,#1C42D9
229,87,85,#1C3FD9
230,87,85,#1C3CD9
231,87,85,#1C38D9
232,87,85,#1C35D9
233,87,85,#1C32D9
234,87,85,#1C2FD9
235,87,85,#1C2CD9
236,87,85,#1C29D9
237,87,85,#1C26D9
238,87,85,#1C22D9
239,87,85,#1C1FD9
240,87,85,#1C1CD9
241,87,85,#1F1CD9
242,87,85,#221CD9
243,87,85,#261CD9
244,87,85,#291CD9
245,87,85,#2C1CD9
246,87,85,#2F1CD9
247,87,85,#321CD9
248,87,85,#351CD9
249,87,85,#381CD9
250,87,85,#3C1CD9
251,87,85,#3F1CD9
252,87,85,#421CD9
253,87,85,#451CD9
254,87,85,#481CD9
255,87,85,#4B1CD9
256,87,85,#4E1CD9
257,87,85,#521CD9
258,87,85,#551CD9
259,87,85,#581CD9
260,87,85,#5B1CD9
261,87,85,#5E1CD9
262,87,85,#611CD9
263,87,85,#641CD9
264,87,85,#681CD9
265,87,85,#6B1CD9
266,87,85,#6E1CD9
267,87,85,#711CD9
268,87,85,#741CD9
269,87,85,#771CD9
270,87,85,#7A1CD9
271,87,85,#7E1CD9
272,87,85,#811CD9
273,87,85,#841CD9
274,87,85,#871CD9
275,87,85,#8A1CD9
276,87,85,#8D1CD9
277,87,85,#901CD9
278,87,85,#941CD9
279,87,85,#971CD9
280,87,85,#9A1CD9
281,87,85,#9D1CD9
282,87,85,#A01CD9
283,87,85,#A31CD9
284,87,85,#A61CD9
285,87,85,#AA1CD9
286,87,85,#AD1CD9
287,87,85,#B01CD9
288,87,85,#B31CD9
289,87,85,#B61CD9
290,87,85,#B91CD9
291,87,85,#BC1CD9
292,87,85,#C01CD9
293,87,85,#C31CD9
294,87,85,#C61CD9
295,87,85,#C91CD9
296,87,85,#CC1CD9
297,87,85,#CF1CD9
298,87,85,#D21CD9
299,87,85,#D61CD9
300,87,85,#D91CD9
301,87,85,#D91CD6
302,87,85,#D91CD2
303,87,85,#D91CCF
304,87,85,#D91CCC
305,87,85,#D91CC9
306,87,85,#D91CC6
307,87,85,#D91CC3
308,87,85,#D91CC0
309,87,85,#D91CBC
310,87,85,#D91CB9
311,87,85,#D91CB6
312,87,85,#D91CB3
313,87,85,#D91CB0
314,87,85,#D91CAD
315,87,85,#D91CAA
316,87,85,#D91CA6
317,87,85,#D91CA3
318,87,85,#D91CA0
319,87,85,#D91C9D
320,87,85,#D91C9A
321,87,85,#D91C97
322,87,85,#D91C94
323,87,85,#D91C90
324,87,85,#D91C8D
325,87,85,#D91C8A
326,87,85,#D91C87
327,87,85,#D91C84
328,87,85,#D91C81
329,87,85,#D91C7E
330,87,85,#D91C7A
331,87,85,#D91C77
332,87,85,#D91C74
333,87,85,#D91C71
334,87,85,#D91C6E
335,87,85,#D91C6B
336,87,85,#D91C68
337,87,85,#D91C64
338,87,85,#D91C61
339,87,85,#D91C5E
340,87,85,#D91C5B
341,87,85,#D91C58
342,87,85,#D91C55
343,87,85,#D91C52
344,87,85,#D91C4E
345,87,85,#D91C4B
346,87,85,#D91C48
347,87,85,#D91C45
348,87,85,#D91C42
349,87,85,#D91C3F
350,87,85,#D91C3C
351,87,85,#D91C38
352,87,85,#D91C35
353,87,85,#D91C32
354,87,85,#D91C2F
355,87,85,#D91C2C
356,87,85,#D91C29
357,87,85,#D91C26
358,87,85,#D91C22
359,87,85,#D91C1F
0,86,85,#D91E1E
1,86,85,#D9211E
2,86,85,#D9251E
3,86,85,#D9281E
4,86,85,#D92B1E
5,86,85,#D92E1E
6,86,85,#D9311E
7,86,85,#D9341E
8,86,85,#D9371E
9,86,85,#D93A1E
10,86,85,#D93D1E
11,86,85,#D9411E
12,86,85,#D9441E
13,86,85,#D9471E
14,86,85,#D94A1E
15,86,85,#D94D1E
16,86,85,#D9501E
17,86,85,#D9531E
18,86,85,#D9561E
19,86,85,#D9591E
20,86,85,#D95C1E
21,86,85,#D9601E
22,86,85,#D9631E
23,86,85,#D9661E
24,86,85,#D9691E
25,86,85,#D96C1E
26,86,85,#D96F1E
27,86,85,#D9721E
28,86,85,#D9751E
29,86,85,#D9781E
30,86,85,#D97C1E
31,86,85,#D97F1E
32,86,85,#D9821E
33,86,85,#D9851E
34,86,85,#D9881E
35,86,85,#D98B1E
36,86,85,#D98E1E
37,86,85,#D9911E
38,86,85,#D9941E
39,86,85,#D9981E
40,86,85,#D99B1E
41,86,85,#D99E1E
42,86,85,#D9A11E
43,86,85,#D9A41E
44,86,85,#D9A71E
45,86,85,#D9AA1E
46,86,85,#D9AD1E
47,86,85,#D9B01E
48,86,85,#D9B31E
49,86,85,#D9B71E
50,86,85,#D9BA1E
51,86,85,#D9BD1E
52,86,85,#D9C01E
53,86,85,#D9C31E
54,86,85,#D9C61E
55,86,85,#D9C91E
56,86,85,#D9CC1E
57,86,85,#D9CF1E
58,86,85,#D9D31E
59,86,85,#D9D61E
60,86,85,#D9D91E
61,86,85,#D6D91E
62,86,85,#D3D91E
63,86,85,#CFD91E
64,86,85,#CCD91E
65,86,85,#C9D91E
66,86,85,#C6D91E
67,86,85,#C3D91E
68,86,85,#C0D91E
69,86,85,#BDD91E
70,86,85,#BAD91E
71,86,85,#B7D91E
72,86,85,#B3D91E
73,86,85,#B0D91E
74,86,85,#ADD91E
75,86,85,#AAD91E
76,86,85,#A7D91E
77,86,85,#A4D91E
78,86,85,#A1D91E
79,86,85,#9ED91E
80,86,85,#9BD91E
81,86,85,#98D91E
82,86,85,#94D91E
83,86,85,#91D91E
84,86,85,#8ED91E
85,86,85,#8BD91E
86,86,85,#88D91E
87,86,85,#85D91E
88,86,85,#82D91E
89,86,85,#7FD91E
90,86,85,#7CD91E
91,86,85,#78D91E
92,86,85,#75D91E
93,86,85,#72D91E
94,86,85,#6FD91E
95,86,85,#6CD91E
96,86,85,#69D91E
97,86,85,#66D91E
98,86,85,#63D91E
99,86,85,#60D91E
100,86,85,#5CD91E
101,86,85,#59D91E
102,86,85,#56D91E
103,86,85,#53D91E
104,86,85,#50D91E
105,86,85,#4DD91E
106,86,85,#4AD91E
107,86,85,#47D91E
108,86,85,#44D91E
109,86,85,#41D91E
110,86,85,#3DD91E
111,86,85,#3AD91E
112,86,85,#37D91E
113,86,85,#34D91E
114,86,85,#31D91E
115,86,85,#2ED91E
116,86,85,#2BD91E
117,86,85,#28D91E
118,86,85,#25D91E
119,86,85,#21D91E
120,86,85,#1ED91E
121,86,85,#1ED921
122,86,85,#1ED925
123,86,85,#1ED928
124,86,85,#1ED92B
125,86,85,#1ED92E
126,86,85,#1ED931
127,86,85,#1ED934
128,86,85,#1ED937
129,86,85,#1ED93A
130,86,85,#1ED93D
131,86,85,#1ED941
132,86,85,#1ED944
133,86,85,#1ED947
134,86,85,#1ED94A
135,86,85,#1ED94D
136,86,85,#1ED950
137,86,85,#1ED953
138,86,85,#1ED956
139,86,85,#1ED959
140,86,85,#1ED95C
141,86,85,#1ED960
142,86,85,#1ED963
143,86,85,#1ED966
144,86,85,#1ED969
145,86,85,#1ED96C
146,86,85,#1ED96F
147,86,85,#1ED972
148,86,85,#1ED975
149,86,85,#1ED978
150,86,85,#1ED97C
151,86,85,#1ED97F
152,86,85,#1ED982
153,86,85,#1ED985
154,86,85,#1ED988
155,86,85,#1ED98B
156,86,85,#1ED98E
157,86,85,#1ED991
158,86,85,#1ED994
159,86,85,#1ED998
160,86,85,#1ED99B
161,86,85,#1ED99E
162,86,85,#1ED9A1
163,86,85,#1ED9A4
164,86,85,#1ED9A7
165,86,85,#1ED9AA
166,86,85,#1ED9AD
167,86,85,#1ED9B0
168,86,85,#1ED9B3
169,86,85,#1ED9B7
170,86,85,#1ED9BA
171,86,85,#1ED9BD
172,86,85,#1ED9C0
173,86,85,#1ED9C3
174,86,85,#1ED9C6
175,86,85,#1ED9C9
176,86,85,#1ED9CC
177,86,85,#1ED9CF
178,86,85,#1ED9D3
179,86,85,#1ED9D6
180,86,85,#1ED9D9
181,86,85,#1ED6D9
182,86,85,#1ED3D9
183,86,85,#1ECFD9
184,86,85,#1ECCD9
185,86,85,#1EC9D9
186,86,85,#1EC6D9
187,86,85,#1EC3D9
188,86,85,#1EC0D9
189,86,85,#1EBDD9
190,86,85,#1EBAD9
191,86,85,#1EB7D9
192,86,85,#1EB3D9
193,86,85,#1EB0D9
194,86,85,#1EADD9
195,86,85,#1EAAD9
196,86,85,#1EA7D9
197,86,85,#1EA4D9
198,86,85,#1EA1D9
199,86,85,#1E9ED9
200,86,85,#1E9BD9
201,86,85,#1E98D9
202,86,85,#1E94D9
203,86,85,#1E91D9
204,86,85,#1E8ED9
205,86,85,#1E8BD9
206,86,85,#1E88D9
207,86,85,#1E85D9
208,86,85,#1E82D9
209,86,85,#1E7FD9
210,86,85,#1E7CD9
211,86,85,#1E78D9
212,86,85,#1E75D9
213,86,85,#1E72D9
214,86,85,#1E6FD9
215,86,85,#1E6CD9
216,86,85,#1E69D9
217,86,85,#1E66D9
218,86,85,#1E63D9
219,86,85,#1E60D9
220,86,85,#1E5CD9
221,86,85,#1E59D9
222,86,85,#1E56D9
223,86,85,#1E53D9
224,86,85,#1E50D9
225,86,85,#1E4DD9
226,86,85,#1E4AD9
227,86,85,#1E47D9
228,86,85,#1E44D9
229,86,85,#1E41D9
230,86,85,#1E3DD9
231,86,85,#1E3AD9
232,86,85,#1E37D9
233,86,85,#1E34D9
234,86,85,#1E31D9
235,86,85,#1E2ED9
236,86,85,#1E2BD9
237,86,85,#1E28D9
238,86,85,#1E25D9
239,86,85,#1E21D9
240,86,85,#1E1ED9
241,86,85,#211ED9
242,86,85,#251ED9
243,86,85,#281ED9
244,86,85,#2B1ED9
245,86,85,#2E1ED9
246,86,85,#311ED9
247,86,85,#341ED9
248,86,85,#371ED9
249,86,85,#3A1ED9
250,86,85,#3D1ED9
251,86,85,#411ED9
252,86,85,#441ED9
253,86,85,#471ED9
254,86,85,#4A1ED9
255,86,85,#4D1ED9
256,86,85,#501ED9
257,86,85,#531ED9
258,86,85,#561ED9
259,86,85,#591ED9
260,86,85,#5C1ED9
261,86,85,#601ED9
262,86,85,#631ED9
263,86,85,#661ED9
264,86,85,#691ED9
265,86,85,#6C1ED9
266,86,85,#6F1ED9
267,86,85,#721ED9
268,86,85,#751ED9
269,86,85,#781ED9
270,86,85,#7C1ED9
271,86,85,#7F1ED9
272,86,85,#821ED9
273,86,85,#851ED9
274,86,85,#881ED9
275,86,85,#8B1ED9
276,86,85,#8E1ED9
277,86,85,#911ED9
278,86,85,#941ED9
279,86,85,#981ED9
280,86,85,#9B1ED9
281,86,85,#9E1ED9
282,86,85,#A11ED9
283,86,85,#A41ED9
284,86,85,#A71ED9
285,86,85,#AA1ED9
286,86,85,#AD1ED9
287,86,85,#B01ED9
288,86,85,#B31ED9
289,86,85,#B71ED9
290,86,85,#BA1ED9
291,86,85,#BD1ED9
292,86,85,#C01ED9
293,86,85,#C31ED9
294,86,85,#C61ED9
295,86,85,#C91ED9
296,86,85,#CC1ED9
297,86,85,#CF1ED9
298,86,85,#D31ED9
299,86,85,#D61ED9
300,86,85,#D91ED9
301,86,85,#D91ED6
302,86,85,#D91ED3
303,86,85,#D91ECF
304,86,85,#D91ECC
305,86,85,#D91EC9
306,86,85,#D91EC6
307,86,85,#D91EC3
308,86,85,#D91EC0
309,86,85,#D91EBD
310,86,85,#D91EBA
311,86,85,#D91EB7
312,86,85,#D91EB3
313,86,85,#D91EB0
314,86,85,#D91EAD
315,86,85,#D91EAA
316,86,85,#D91EA7
317,86,85,#D91EA4
318,86,85,#D91EA1
319,86,85,#D91E9E
320,86,85,#D91E9B
321,86,85,#D91E98
322,86,85,#D91E94
323,86,85,#D91E91
324,86,85,#D91E8E
325,86,85,#D91E8B
326,86,85,#D91E88
327,86,85,#D91E85
328,86,85,#D91E82
329,86,85,#D91E7F
330,86,85,#D91E7C
331,86,85,#D91E78
332,86,85,#D91E75
333,86,85,#D91E72
334,86,85,#D91E6F
335,86,85,#D91E6C
336,86,85,#D91E69
337,86,85,#D91E66
338,86,85,#D91E63
339,86,85,#D91E60
340,86,85,#D91E5C
341,86,85,#D91E59
342,86,85,#D91E56
343,86,85,#D91E53
344,86,85,#D91E50
345,86,85,#D91E4D
346,86,85,#D91E4A
347,86,85,#D91E47
348,86,85,#D91E44
349,86,85,#D91E41
350,86,85,#D91E3D
351,86,85,#D91E3A
352,86,85,#D91E37
353,86,85,#D91E34
354,86,85,#D91E31
355,86,85,#D91E2E
356,86,85,#D91E2B
357,86,85,#D91E28
358,86,85,#D91E25
359,86,85,#D91E21
0,85,85,#D92121
1,85,85,#D92421
2,85,85,#D92721
3,85,85,#D92A21
4,85,85,#D92D21
5,85,85,#D93021
6,85,85,#D93321
7,85,85,#D93621
8,85,85,#D93921
9,85,85,#D93C21
10,85,85,#D93F21
11,85,85,#D94221
12,85,85,#D94521
13,85,85,#D94821
14,85,85,#D94C21
15,85,85,#D94F21
16,85,85,#D95221
17,85,85,#D95521
18,85,85,#D95821
19,85,85,#D95B21
20,85,85,#D95E21
21,85,85,#D96121
22,85,85,#D96421
23,85,85,#D96721
24,85,85,#D96A21
25,85,85,#D96D21
26,85,85,#D97021
27,85,85,#D97321
28,85,85,#D97621
29,85,85,#D97A21
30,85,85,#D97D21
31,85,85,#D98021
32,85,85,#D98321
33,85,85,#D98621
34,85,85,#D98921
35,85,85,#D98C21
36,85,85,#D98F21
37,85,85,#D99221
38,85,85,#D99521
39,85,85,#D99821
40,85,85,#D99B21
41,85,85,#D99E21
42,85,85,#D9A121
43,85,85,#D9A521
44,85,85,#D9A821
45,85,85,#D9AB21
46,85,85,#D9AE21
47,85,85,#D9B121
48,85,85,#D9B421
49,85,85,#D9B721
50,85,85,#D9BA21
51,85,85,#D9BD21
52,85,85,#D9C021
53,85,85,#D9C321
54,85,85,#D9C621
55,85,85,#D9C921
56,85,85,#D9CC21
57,85,85,#D9D021
58,85,85,#D9D321
59,85,85,#D9D621
60,85,85,#D9D921
61,85,85,#D6D921
62,85,85,#D3D921
63,85,85,#D0D921
64,85,85,#CCD921
65,85,85,#C9D921
66,85,85,#C6D921
67,85,85,#C3D921
68,85,85,#C0D921
69,85,85,#BDD921
70,85,85,#BAD921
71,85,85,#B7D921
72,85,85,#B4D921
73,85,85,#B1D921
74,85,85,#AED921
75,85,85,#ABD921
76,85,85,#A8D921
77,85,85,#A5D921
78,85,85,#A1D921
79,85,85,#9ED921
80,85,85,#9BD921
81,85,85,#98D921
82,85,85,#95D921
83,85,85,#92D921
84,85,85,#8FD921
85,85,85,#8CD921
86,85,85,#89D921
87,85,85,#86D921
88,85,85,#83D921
89,85,85,#80D921
90,85,85,#7DD921
91,85,85,#7AD921
92,85,85,#76D921
93,85,85,#73D921
94,85,85,#70D921
95,85,85,#6DD921
96,85,85,#6AD921
97,85,85,#67D921
98,85,85,#64D921
99,85,85,#61D921
100,85,85,#5ED921
101,85,85,#5BD921
102,85,85,#58D921
103,85,85,#55D921
104,85,85,#52D921
105,85,85,#4FD921
106,85,85,#4CD921
107,85,85,#48D921
108,85,85,#45D921
109,85,85,#42D921
110,85,85,#3FD921
111,85,85,#3CD921
112,85,85,#39D921
113,85,85,#36D921
114,85,85,#33D921
115,85,85,#30D921
116,85,85,#2DD921
117,85,85,#2AD921
118,85,85,#27D921
119,85,85,#24D921
120,85,85,#21D921
121,85,85,#21D924
122,85,85,#21D927
123,85,85,#21D92A
124,85,85,#21D92D
125,85,85,#21D930
126,85,85,#21D933
127,85,85,#21D936
128,85,85,#21D939
129,85,85,#21D93C
130,85,85,#21D93F
131,85,85,#21D942
132,85,85,#21D945
133,85,85,#21D948
134,85,85,#21D94C
135,85,85,#21D94F
136,85,85,#21D952
137,85,85,#21D955
138,85,85,#21D958
139,85,85,#21D95B
140,85,85,#21D95E
141,85,85,#21D961
142,85,85,#21D964
143,85,85,#21D967
144,85,85,#21D96A
145,85,85,#21D96D
146,85,85,#21D970
147,85,85,#21D973
148,85,85,#21D976
149,85,85,#21D97A
150,85,85,#21D97D
151,85,85,#21D980
152,85,85,#21D983
153,85,85,#21D986
154,85,85,#21D989
155,85,85,#21D98C
156,85,85,#21D98F
157,85,85,#21D992
158,85,85,#21D995
159,85,85,#21D998
160,85,85,#21D99B
161,85,85,#21D99E
162,85,85,#21D9A1
163,85,85,#21D9A5
164,85,85,#21D9A8
165,85,85,#21D9AB
166,85,85,#21D9AE
167,85,85,#21D9B1
168,85,85,#21D9B4
169,85,85,#21D9B7
170,85,85,#21D9BA
171,85,85,#21D9BD
172,85,85,#21D9C0
173,85,85,#21D9C3
174,85,85,#21D9C6
175,85,85,#21D9C9
176,85,85,#21D9CC
177,85,85,#21D9D0
178,85,85,#21D9D3
179,85,85,#21D9D6
180,85,85,#21D9D9
181,85,85,#21D6D9
182,85,85,#21D3D9
183,85,85,#21D0D9
184,85,85,#21CCD9
185,85,85,#21C9D9
186,85,85,#21C6D9
187,85,85,#21C3D9
188,85,85,#21C0D9
189,85,85,#21BDD9
190,85,85,#21BAD9
191,85,85,#21B7D9
192,85,85,#21B4D9
193,85,85,#21B1D9
194,85,85,#21AED9
195,85,85,#21ABD9
196,85,85,#21A8D9
197,85,85,#21A5D9
198,85,85,#21A1D9
199,85,85,#219ED9
200,85,85,#219BD9
201,85,85,#2198D9
202,85,85,#2195D9
203,85,85,#2192D9
204,85,85,#218FD9
205,85,85,#218CD9
206,85,85,#2189D9
207,85,85,#2186D9
208,85,85,#2183D9
209,85,85,#2180D9
210,85,85,#217DD9
211,85,85,#217AD9
212,85,85,#2176D9
213,85,85,#2173D9
214,85,85,#2170D9
215,85,85,#216DD9
216,85,85,#216AD9
217,85,85,#2167D9
218,85,85,#2164D9
219,85,85,#2161D9
220,85,85,#215ED9
221,85,85,#215BD9
222,85,85,#2158D9
223,85,85,#2155D9
224,85,85,#2152D9
225,85,85,#214FD9
226,85,85,#214CD9
227,85,85,#2148D9
228,85,85,#2145D9
229,85,85,#2142D9
230,85,85,#213FD9
231,85,85,#213CD9
232,85,85,#2139D9
233,85,85,#2136D9
234,85,85,#2133D9
235,85,85,#2130D9
236,85,85,#212DD9
237,85,85,#212AD9
238,85,85,#2127D9
239,85,85,#2124D9
240,85,85,#2121D9
241,85,85,#2421D9
242,85,85,#2721D9
243,85,85,#2A21D9
244,85,85,#2D21D9
245,85,85,#3021D9
246,85,85,#3321D9
247,85,85,#3621D9
248,85,85,#3921D9
249,85,85,#3C21D9
250,85,85,#3F21D9
251,85,85,#4221D9
252,85,85,#4521D9
253,85,85,#4821D9
254,85,85,#4C21D9
255,85,85,#4F21D9
256,85,85,#5221D9
257,85,85,#5521D9
258,85,85,#5821D9
259,85,85,#5B21D9
260,85,85,#5E21D9
261,85,85,#6121D9
262,85,85,#6421D9
263,85,85,#6721D9
264,85,85,#6A21D9
265,85,85,#6D21D9
266,85,85,#7021D9
267,85,85,#7321D9
268,85,85,#7621D9
269,85,85,#7A21D9
270,85,85,#7D21D9
271,85,85,#8021D9
272,85,85,#8321D9
273,85,85,#8621D9
274,85,85,#8921D9
275,85,85,#8C21D9
276,85,85,#8F21D9
277,85,85,#9221D9
278,85,85,#9521D9
279,85,85,#9821D9
280,85,85,#9B21D9
281,85,85,#9E21D9
282,85,85,#A121D9
283,85,85,#A521D9
284,85,85,#A821D9
285,85,85,#AB21D9
286,85,85,#AE21D9
287,85,85,#B121D9
288,85,85,#B421D9
289,85,85,#B721D9
290,85,85,#BA21D9
291,85,85,#BD21D9
292,85,85,#C021D9
293,85,85,#C321D9
294,85,85,#C621D9
295,85,85,#C921D9
296,85,85,#CC21D9
297,85,85,#D021D9
298,85,85,#D321D9
299,85,85,#D621D9
300,85,85,#D921D9
301,85,85,#D921D6
302,85,85,#D921D3
303,85,85,#D921D0
304,85,85,#D921CC
305,85,85,#D921C9
306,85,85,#D921C6
307,85,85,#D921C3
308,85,85,#D921C0
309,85,85,#D921BD
310,85,85,#D921BA
311,85,85,#D921B7
312,85,85,#D921B4
313,85,85,#D921B1
314,85,85,#D921AE
315,85,85,#D921AB
316,85,85,#D921A8
317,85,85,#D921A5
318,85,85,#D921A1
319,85,85,#D9219E
320,85,85,#D9219B
321,85,85,#D92198
322,85,85,#D92195
323,85,85,#D92192
324,85,85,#D9218F
325,85,85,#D9218C
326,85,85,#D92189
327,85,85,#D92186
328,85,85,#D92183
329,85,85,#D92180
330,85,85,#D9217D
331,85,85,#D9217A
332,85,85,#D92176
333,85,85,#D92173
334,85,85,#D92170
335,85,85,#D9216D
336,85,85,#D9216A
337,85,85,#D92167
338,85,85,#D92164
339,85,85,#D92161
340,85,85,#D9215E
341,85,85,#D9215B
342,85,85,#D92158
343,85,85,#D92155
344,85,85,#D92152
345,85,85,#D9214F
346,85,85,#D9214C
347,85,85,#D92148
348,85,85,#D92145
349,85,85,#D92142
350,85,85,#D9213F
351,85,85,#D9213C
352,85,85,#D92139
353,85,85,#D92136
354,85,85,#D92133
355,85,85,#D92130
356,85,85,#D9212D
357,85,85,#D9212A
358,85,85,#D92127
359,85,85,#D92124
0,84,85,#D92323
1,84,85,#D92623
2,84,85,#D92923
3,84,85,#D92C23
4,84,85,#D92F23
5,84,85,#D93223
6,84,85,#D93523
7,84,85,#D93823
8,84,85,#D93B23
9,84,85,#D93E23
10,84,85,#D94123
11,84,85,#D94423
12,84,85,#D94723
13,84,85,#D94A23
14,84,85,#D94D23
15,84,85,#D95023
16,84,85,#D95323
17,84,85,#D95623
18,84,85,#D95923
19,84,85,#D95C23
20,84,85,#D95F23
21,84,85,#D96223
22,84,85,#D96523
23,84,85,#D96823
24,84,85,#D96C23
25,84,85,#D96F23
26,84,85,#D97223
27,84,85,#D97523
28,84,85,#D97823
29,84,85,#D97B23
30,84,85,#D97E23
31,84,85,#D98123
32,84,85,#D98423
33,84,85,#D98723
34,84,85,#D98A23
35,84,85,#D98D23
36,84,85,#D99023
37,84,85,#D99323
38,84,85,#D99623
39,84,85,#D99923
40,84,85,#D99C23
41,84,85,#D99F23
42,84,85,#D9A223
43,84,85,#D9A523
44,84,85,#D9A823
45,84,85,#D9AB23
46,84,85,#D9AE23
47,84,85,#D9B123
48,84,85,#D9B423
49,84,85,#D9B723
50,84,85,#D9BA23
51,84,85,#D9BD23
52,84,85,#D9C023
53,84,85,#D9C423
54,84,85,#D9C723
55,84,85,#D9CA23
56,84,85,#D9CD23
57,84,85,#D9D023
58,84,85,#D9D323
59,84,85,#D9D623
60,84,85,#D9D923
61,84,85,#D6D923
62,84,85,#D3D923
63,84,85,#D0D923
64,84,85,#CDD923
65,84,85,#CAD923
66,84,85,#C7D923
67,84,85,#C4D923
68,84,85,#C0D923
69,84,85,#BDD923
70,84,85,#BAD923
71,84,85,#B7D923
72,84,85,#B4D923
73,84,85,#B1D923
74,84,85,#AED923
75,84,85,#ABD923
76,84,85,#A8D923
77,84,85,#A5D923
78,84,85,#A2D923
79,84,85,#9FD923
80,84,85,#9CD923
81,84,85,#99D923
82,84,85,#96D923
83,84,85,#93D923
84,84,85,#90D923
85,84,85,#8DD923
86,84,85,#8AD923
87,84,85,#87D923
88,84,85,#84D923
89,84,85,#81D923
90,84,85,#7ED923
91,84,85,#7BD923
92,84,85,#78D923
93,84,85,#75D923
94,84,85,#72D923
95,84,85,#6FD923
96,84,85,#6CD923
97,84,85,#68D923
98,84,85,#65D923
99,84,85,#62D923
100,84,85,#5FD923
101,84,85,#5CD923
102,84,85,#59D923
103,84,85,#56D923
104,84,85,#53D923
105,84,85,#50D923
106,84,85,#4DD923
107,84,85,#4AD923
108,84,85,#47D923
109,84,85,#44D923
110,84,85,#41D923
111,84,85,#3ED923
112,84,85,#3BD923
113,84,85,#38D923
114,84,85,#35D923
115,84,85,#32D923
116,84,85,#2FD923
117,84,85,#2CD923
118,84,85,#29D923
119,84,85,#26D923
120,84,85,#23D923
121,84,85,#23D926
122,84,85,#23D929
123,84,85,#23D92C
124,84,85,#23D92F
125,84,85,#23D932
126,84,85,#23D935
127,84,85,#23D938
128,84,85,#23D93B
129,84,85,#23D93E
130,84,85,#23D941
131,84,85,#23D944
132,84,85,#23D947
133,84,85,#23D94A
134,84,85,#23D94D
135,84,85,#23D950
136,84,85,#23D953
137,84,85,#23D956
138,84,85,#23D959
139,84,85,#23D95C
140,84,85,#23D95F
141,84,85,#23D962
142,84,85,#23D965
143,84,85,#23D968
144,84,85,#23D96C
145,84,85,#23D96F
146,84,85,#23D972
147,84,85,#23D975
148,84,85,#23D978
149,84,85,#23D97B
150,84,85,#23D97E
151,84,85,#23D981
152,84,85,#23D984
153,84,85,#23D987
154,84,85,#23D98A
155,84,85,#23D98D
156,84,85,#23D990
157,84,85,#23D993
158,84,85,#23D996
159,84,85,#23D999
160,84,85,#23D99C
161,84,85,#23D99F
162,84,85,#23D9A2
163,84,85,#23D9A5
164,84,85,#23D9A8
165,84,85,#23D9AB
166,84,85,#23D9AE
167,84,85,#23D9B1
168,84,85,#23D9B4
169,84,85,#23D9B7
170,84,85,#23D9BA
171,84,85,#23D9BD
172,84,85,#23D9C0
173,84,85,#23D9C4
174,84,85,#23D9C7
175,84,85,#23D9CA
176,84,85,#23D9CD
177,84,85,#23D9D0
178,84,85,#23D9D3
179,84,85,#23D9D6
180,84,85,#23D9D9
181,84,85,#23D6D9
182,84,85,#23D3D9
183,84,85,#23D0D9
184,84,85,#23CDD9
185,84,85,#23CAD9
186,84,85,#23C7D9
187,84,85,#23C4D9
188,84,85,#23C0D9
189,84,85,#23BDD9
190,84,85,#23BAD9
191,84,85,#23B7D9
192,84,85,#23B4D9
193,84,85,#23B1D9
194,84,85,#23AED9
195,84,85,#23ABD9
196,84,85,#23A8D9
197,84,85,#23A5D9
198,84,85,#23A2D9
199,84,85,#239FD9
200,84,85,#239CD9
201,84,85,#2399D9
202,84,85,#2396D9
203,84,85,#2393D9
204,84,85,#2390D9
205,84,85,#238DD9
206,84,85,#238AD9
207,84,85,#2387D9
208,84,85,#2384D9
209,84,85,#2381D9
210,84,85,#237ED9
211,84,85,#237BD9
212,84,85,#2378D9
213,84,85,#2375D9
214,84,85,#2372D9
215,84,85,#236FD9
216,84,85,#236CD9
217,84,85,#2368D9
218,84,85,#2365D9
219,84,85,#2362D9
220,84,85,#235FD9
221,84,85,#235CD9
222,84,85,#2359D9
223,84,85,#2356D9
224,84,85,#2353D9
225,84,85,#2350D9
226,84,85,#234DD9
227,84,85,#234AD9
228,84,85,#2347D9
229,84,85,#2344D9
230,84,85,#2341D9
231,84,85,#233ED9
232,84,85,#233BD9
233,84,85,#2338D9
234,84,85,#2335D9
235,84,85,#2332D9
236,84,85,#232FD9
237,84,85,#232CD9
238,84,85,#2329D9
239,84,85,#2326D9
240,84,85,#2323D9
241,84,85,#2623D9
242,84,85,#2923D9
243,84,85,#2C23D9
244,84,85,#2F23D9
245,84,85,#3223D9
246,84,85,#3523D9
247,84,85,#3823D9
248,84,85,#3B23D9
249,84,85,#3E23D9
250,84,85,#4123D9
251,84,85,#4423D9
252,84,85,#4723D9
253,84,85,#4A23D9
254,84,85,#4D23D9
255,84,85,#5023D9
256,84,85,#5323D9
257,84,85,#5623D9
258,84,85,#5923D9
259,84,85,#5C23D9
260,84,85,#5F23D9
261,84,85,#6223D9
262,84,85,#6523D9
263,84,85,#6823D9
264,84,85,#6C23D9
265,84,85,#6F23D9
266,84,85,#7223D9
267,84,85,#7523D9
268,84,85,#7823D9
269,84,85,#7B23D9
270,84,85,#7E23D9
271,84,85,#8123D9
272,84,85,#8423D9
273,84,85,#8723D9
274,84,85,#8A23D9
275,84,85,#8D23D9
276,84,85,#9023D9
277,84,85,#9323D9
278,84,85,#9623D9
279,84,85,#9923D9
280,84,85,#9C23D9
281,84,85,#9F23D9
282,84,85,#A223D9
283,84,85,#A523D9
284,84,85,#A823D9
285,84,85,#AB23D9
286,84,85,#AE23D9
287,84,85,#B123D9
288,84,85,#B423D9
289,84,85,#B723D9
290,84,85,#BA23D9
291,84,85,#BD23D9
292,84,85,#C023D9
293,84,85,#C423D9
294,84,85,#C723D9
295,84,85,#CA23D9
296,84,85,#CD23D9
297,84,85,#D023D9
298,84,85,#D323D9
299,84,85,#D623D9
300,84,85,#D923D9
301,84,85,#D923D6
302,84,85,#D923D3
303,84,85,#D923D0
304,84,85,#D923CD
305,84,85,#D923CA
306,84,85,#D923C7
307,84,85,#D923C4
308,84,85,#D923C0
309,84,85,#D923BD
310,84,85,#D923BA
311,84,85,#D923B7
312,84,85,#D923B4
313,84,85,#D923B1
314,84,85,#D923AE
315,84,85,#D923AB
316,84,85,#D923A8
317,84,85,#D923A5
318,84,85,#D923A2
319,84,85,#D9239F
320,84,85,#D9239C
321,84,85,#D92399
322,84,85,#D92396
323,84,85,#D92393
324,84,85,#D92390
325,84,85,#D9238D
326,84,85,#D9238A
327,84,85,#D92387
328,84,85,#D92384
329,84,85,#D92381
330,84,85,#D9237E
331,84,85,#D9237B
332,84,85,#D92378
333,84,85,#D92375
334,84,85,#D92372
335,84,85,#D9236F
336,84,85,#D9236C
337,84,85,#D92368
338,84,85,#D92365
339,84,85,#D92362
340,84,85,#D9235F
341,84,85,#D9235C
342,84,85,#D92359
343,84,85,#D92356
344,84,85,#D92353
345,84,85,#D92350
346,84,85,#D9234D
347,84,85,#D9234A
348,84,85,#D92347
349,84,85,#D92344
350,84,85,#D92341
351,84,85,#D9233E
352,84,85,#D9233B
353,84,85,#D92338
354,84,85,#D92335
355,84,85,#D92332
356,84,85,#D9232F
357,84,85,#D9232C
358,84,85,#D92329
359,84,85,#D92326
0,83,85,#D92525
1,83,85,#D92825
2,83,85,#D92B25
3,83,85,#D92E25
4,83,85,#D93125
5,83,85,#D93425
6,83,85,#D93725
7,83,85,#D93A25
8,83,85,#D93D25
9,83,85,#D94025
10,83,85,#D94325
11,83,85,#D94625
12,83,85,#D94925
13,83,85,#D94C25
14,83,85,#D94F25
15,83,85,#D95225
16,83,85,#D95525
17,83,85,#D95825
18,83,85,#D95B25
19,83,85,#D95E25
20,83,85,#D96125
21,83,85,#D96425
22,83,85,#D96725
23,83,85,#D96A25
24,83,85,#D96D25
25,83,85,#D97025
26,83,85,#D97325
27,83,85,#D97625
28,83,85,#D97925
29,83,85,#D97C25
30,83,85,#D97F25
31,83,85,#D98225
32,83,85,#D98525
33,83,85,#D98825
34,83,85,#D98B25
35,83,85,#D98E25
36,83,85,#D99125
37,83,85,#D99425
38,83,85,#D99725
39,83,85,#D99A25
40,83,85,#D99D25
41,83,85,#D9A025
42,83,85,#D9A325
43,83,85,#D9A625
44,83,85,#D9A925
45,83,85,#D9AC25
46,83,85,#D9AF25
47,83,85,#D9B225
48,83,85,#D9B525
49,83,85,#D9B825
50,83,85,#D9BB25
51,83,85,#D9BE25
52,83,85,#D9C125
53,83,85,#D9C425
54,83,85,#D9C725
55,83,85,#D9CA25
56,83,85,#D9CD25
57,83,85,#D9D025
58,83,85,#D9D325
59,83,85,#D9D625
60,83,85,#D9D925
61,83,85,#D6D925
62,83,85,#D3D925
63,83,85,#D0D925
64,83,85,#CDD925
65,83,85,#CAD925
66,83,85,#C7D925
67,83,85,#C4D925
68,83,85,#C1D925
69,83,85,#BED925
70,83,85,#BBD925
71,83,85,#B8D925
72,83,85,#B5D925
73,83,85,#B2D925
74,83,85,#AFD925
75,83,85,#ACD925
76,83,85,#A9D925
77,83,85,#A6D925
78,83,85,#A3D925
79,83,85,#A0D925
80,83,85,#9DD925
81,83,85,#9AD925
82,83,85,#97D925
83,83,85,#94D925
84,83,85,#91D925
85,83,85,#8ED925
86,83,85,#8BD925
87,83,85,#88D925
88,83,85,#85D925
89,83,85,#82D925
90,83,85,#7FD925
91,83,85,#7CD925
92,83,85,#79D925
93,83,85,#76D925
94,83,85,#73D925
95,83,85,#70D925
96,83,85,#6DD925
97,83,85,#6AD925
98,83,85,#67D925
99,83,85,#64D925
100,83,85,#61D925
101,83,85,#5ED925
102,83,85,#5BD925
103,83,85,#58D925
104,83,85,#55D925
105,83,85,#52D925
106,83,85,#4FD925
107,83,85,#4CD925
108,83,85,#49D925
109,83,85,#46D925
110,83,85,#43D925
111,83,85,#40D925
112,83,85,#3DD925
113,83,85,#3AD925
114,83,85,#37D925
115,83,85,#34D925
116,83,85,#31D925
117,83,85,#2ED925
118,83,85,#2BD925
119,83,85,#28D925
120,83,85,#25D925
121,83,85,#25D928
122,83,85,#25D92B
123,83,85,#25D92E
124,83,85,#25D931
125,83,85,#25D934
126,83,85,#25D937
127,83,85,#25D93A
128,83,85,#25D93D
129,83,85,#25D940
130,83,85,#25D943
131,83,85,#25D946
132,83,85,#25D949
133,83,85,#25D94C
134,83,85,#25D94F
135,83,85,#25D952
136,83,85,#25D955
137,83,85,#25D958
138,83,85,#25D95B
139,83,85,#25D95E
140,83,85,#25D961
141,83,85,#25D964
142,83,85,#25D967
143,83,85,#25D96A
144,83,85,#25D96D
145,83,85,#25D970
146,83,85,#25D973
147,83,85,#25D976
148,83,85,#25D979
149,83,85,#25D97C
150,83,85,#25D97F
151,83,85,#25D982
152,83,85,#25D985
153,83,85,#25D988
154,83,85,#25D98B
155,83,85,#25D98E
156,83,85,#25D991
157,83,85,#25D994
158,83,85,#25D997
159,83,85,#25D99A
160,83,85,#25D99D
161,83,85,#25D9A0
162,83,85,#25D9A3
163,83,85,#25D9A6
164,83,85,#25D9A9
165,83,85,#25D9AC
166,83,85,#25D9AF
167,83,85,#25D9B2
168,83,85,#25D9B5
169,83,85,#25D9B8
170,83,85,#25D9BB
171,83,85,#25D9BE
172,83,85,#25D9C1
173,83,85,#25D9C4
174,83,85,#25D9C7
175,83,85,#25D9CA
176,83,85,#25D9CD
177,83,85,#25D9D0
178,83,85,#25D9D3
179,83,85,#25D9D6
180,83,85,#25D9D9
181,83,85,#25D6D9
182,83,85,#25D3D9
183,83,85,#25D0D9
184,83,85,#25CDD9
185,83,85,#25CAD9
186,83,85,#25C7D9
187,83,85,#25C4D9
188,83,85,#25C1D9
189,83,85,#25BED9
190,83,85,#25BBD9
191,83,85,#25B8D9
192,83,85,#25B5D9
193,83,85,#25B2D9
194,83,85,#25AFD9
195,83,85,#25ACD9
196,83,85,#25A9D9
197,83,85,#25A6D9
198,83,85,#25A3D9
199,83,85,#25A0D9
200,83,85,#259DD9
201,83,85,#259AD9
202,83,85,#2597D9
203,83,85,#2594D9
204,83,85,#2591D9
205,83,85,#258ED9
206,83,85,#258BD9
207,83,85,#2588D9
208,83,85,#2585D9
209,83,85,#2582D9
210,83,85,#257FD9
211,83,85,#257CD9
212,83,85,#2579D9
213,83,85,#2576D9
214,83,85,#2573D9
215,83,85,#2570D9
216,83,85,#256DD9
217,83,85,#256AD9
218,83,85,#2567D9
219,83,85,#2564D9
220,83,85,#2561D9
221,83,85,#255ED9
222,83,85,#255BD9
223,83,85,#2558D9
224,83,85,#2555D9
225,83,85,#2552D9
226,83,85,#254FD9
227,83,85,#254CD9
228,83,85,#2549D9
229,83,85,#2546D9
230,83,85,#2543D9
231,83,85,#2540D9
232,83,85,#253DD9
233,83,85,#253AD9
234,83,85,#2537D9
235,83,85,#2534D9
236,83,85,#2531D9
237,83,85,#252ED9
238,83,85,#252BD9
239,83,85,#2528D9
240,83,85,#2525D9
241,83,85,#2825D9
242,83,85,#2B25D9
243,83,85,#2E25D9
244,83,85,#3125D9
245,83,85,#3425D9
246,83,85,#3725D9
247,83,85,#3A25D9
248,83,85,#3D25D9
249,83,85,#4025D9
250,83,85,#4325D9
251,83,85,#4625D9
252,83,85,#4925D9
253,83,85,#4C25D9
254,83,85,#4F25D9
255,83,85,#5225D9
256,83,85,#5525D9
257,83,85,#5825D9
258,83,85,#5B25D9
259,83,85,#5E25D9
260,83,85,#6125D9
261,83,85,#6425D9
262,83,85,#6725D9
263,83,85,#6A25D9
264,83,85,#6D25D9
265,83,85,#7025D9
266,83,85,#7325D9
267,83,85,#7625D9
268,83,85,#7925D9
269,83,85,#7C25D9
270,83,85,#7F25D9
271,83,85,#8225D9
272,83,85,#8525D9
273,83,85,#8825D9
274,83,85,#8B25D9
275,83,85,#8E25D9
276,83,85,#9125D9
277,83,85,#9425D9
278,83,85,#9725D9
279,83,85,#9A25D9
280,83,85,#9D25D9
281,83,85,#A025D9
282,83,85,#A325D9
283,83,85,#A625D9
284,83,85,#A925D9
285,83,85,#AC25D9
286,83,85,#AF25D9
287,83,85,#B225D9
288,83,85,#B525D9
289,83,85,#B825D9
290,83,85,#BB25D9
291,83,85,#BE25D9
292,83,85,#C125D9
293,83,85,#C425D9
294,83,85,#C725D9
295,83,85,#CA25D9
296,83,85,#CD25D9
297,83,85,#D025D9
298,83,85,#D325D9
299,83,85,#D625D9
300,83,85,#D925D9
301,83,85,#D925D6
302,83,85,#D925D3
303,83,85,#D925D0
304,83,85,#D925CD
305,83,85,#D925CA
306,83,85,#D925C7
307,83,85,#D925C4
308,83,85,#D925C1
309,83,85,#D925BE
310,83,85,#D925BB
311,83,85,#D925B8
312,83,85,#D925B5
313,83,85,#D925B2
314,83,85,#D925AF
315,83,85,#D925AC
316,83,85,#D925A9
317,83,85,#D925A6
318,83,85,#D925A3
319,83,85,#D925A0
320,83,85,#D9259D
321,83,85,#D9259A
322,83,85,#D92597
323,83,85,#D92594
324,83,85,#D92591
325,83,85,#D9258E
326,83,85,#D9258B
327,83,85,#D92588
328,83,85,#D92585
329,83,85,#D92582
330,83,85,#D9257F
331,83,85,#D9257C
332,83,85,#D92579
333,83,85,#D92576
334,83,85,#D92573
335,83,85,#D92570
336,83,85,#D9256D
337,83,85,#D9256A
338,83,85,#D92567
339,83,85,#D92564
340,83,85,#D92561
341,83,85,#D9255E
342,83,85,#D9255B
343,83,85,#D92558
344,83,85,#D92555
345,83,85,#D92552
346,83,85,#D9254F
347,83,85,#D9254C
348,83,85,#D92549
349,83,85,#D92546
350,83,85,#D92543
351,83,85,#D92540
352,83,85,#D9253D
353,83,85,#D9253A
354,83,85,#D92537
355,83,85,#D92534
356,83,85,#D92531
357,83,85,#D9252E
358,83,85,#D9252B
359,83,85,#D92528
0,82,85,#D92727
1,82,85,#D92A27
2,82,85,#D92D27
3,82,85,#D93027
4,82,85,#D93327
5,82,85,#D93627
6,82,85,#D93927
7,82,85,#D93C27
8,82,85,#D93F27
9,82,85,#D94227
10,82,85,#D94527
11,82,85,#D94827
12,82,85,#D94B27
13,82,85,#D94E27
14,82,85,#D95027
15,82,85,#D95327
16,82,85,#D95627
17,82,85,#D95927
18,82,85,#D95C27
19,82,85,#D95F27
20,82,85,#D96227
21,82,85,#D96527
22,82,85,#D96827
23,82,85,#D96B27
24,82,85,#D96E27
25,82,85,#D97127
26,82,85,#D97427
27,82,85,#D97727
28,82,85,#D97A27
29,82,85,#D97D27
30,82,85,#D98027
31,82,85,#D98327
32,82,85,#D98627
33,82,85,#D98927
34,82,85,#D98C27
35,82,85,#D98F27
36,82,85,#D99227
37,82,85,#D99527
38,82,85,#D99827
39,82,85,#D99B27
40,82,85,#D99E27
41,82,85,#D9A027
42,82,85,#D9A327
43,82,85,#D9A627
44,82,85,#D9A927
45,82,85,#D9AC27
46,82,85,#D9AF27
47,82,85,#D9B227
48,82,85,#D9B527
49,82,85,#D9B827
50,82,85,#D9BB27
51,82,85,#D9BE27
52,82,85,#D9C127
53,82,85,#D9C427
54,82,85,#D9C727
55,82,85,#D9CA27
56,82,85,#D9CD27
57,82,85,#D9D027
58,82,85,#D9D327
59,82,85,#D9D627
60,82,85,#D9D927
61,82,85,#D6D927
62,82,85,#D3D927
63,82,85,#D0D927
64,82,85,#CDD927
65,82,85,#CAD927
66,82,85,#C7D927
67,82,85,#C4D927
68,82,85,#C1D927
69,82,85,#BED927
70,82,85,#BBD927
71,82,85,#B8D927
72,82,85,#B5D927
73,82,85,#B2D927
74,82,85,#AFD927
75,82,85,#ACD927
76,82,85,#A9D927
77,82,85,#A6D927
78,82,85,#A3D927
79,82,85,#A0D927
80,82,85,#9ED927
81,82,85,#9BD927
82,82,85,#98D927
83,82,85,#95D927
84,82,85,#92D927
85,82,85,#8FD927
86,82,85,#8CD927
87,82,85,#89D927
88,82,85,#86D927
89,82,85,#83D927
90,82,85,#80D927
91,82,85,#7DD927
92,82,85,#7AD927
93,82,85,#77D927
94,82,85,#74D927
95,82,85,#71D927
96,82,85,#6ED927
97,82,85,#6BD927
98,82,85,#68D927
99,82,85,#65D927
100,82,85,#62D927
101,82,85,#5FD927
102,82,85,#5CD927
103,82,85,#59D927
104,82,85,#56D927
105,82,85,#53D927
106,82,85,#50D927
107,82,85,#4ED927
108,82,85,#4BD927
109,82,85,#48D927
110,82,85,#45D927
111,82,85,#42D927
112,82,85,#3FD927
113,82,85,#3CD927
114,82,85,#39D927
115,82,85,#36D927
116,82,85,#33D927
117,82,85,#30D927
118,82,85,#2DD927
119,82,85,#2AD927
120,82,85,#27D927
121,82,85,#27D92A
122,82,85,#27D92D
123,82,85,#27D930
124,82,85,#27D933
125,82,85,#27D936
126,82,85,#27D939
127,82,85,#27D93C
128,82,85,#27D93F
129,82,85,#27D942
130,82,85,#27D945
131,82,85,#27D948
132,82,85,#27D94B
133,82,85,#27D94E
134,82,85,#27D950
135,82,85,#27D953
136,82,85,#27D956
137,82,85,#27D959
138,82,85,#27D95C
139,82,85,#27D95F
140,82,85,#27D962
141,82,85,#27D965
142,82,85,#27D968
143,82,85,#27D96B
144,82,85,#27D96E
145,82,85,#27D971
146,82,85,#27D974
147,82,85,#27D977
148,82,85,#27D97A
149,82,85,#27D97D
150,82,85,#27D980
151,82,85,#27D983
152,82,85,#27D986
153,82,85,#27D989
154,82,85,#27D98C
155,82,85,#27D98F
156,82,85,#27D992
157,82,85,#27D995
158,82,85,#27D998
159,82,85,#27D99B
160,82,85,#27D99E
161,82,85,#27D9A0
162,82,85,#27D9A3
163,82,85,#27D9A6
164,82,85,#27D9A9
165,82,85,#27D9AC
166,82,85,#27D9AF
167,82,85,#27D9B2
168,82,85,#27D9B5
169,82,85,#27D9B8
170,82,85,#27D9BB
171,82,85,#27D9BE
172,82,85,#27D9C1
173,82,85,#27D9C4
174,82,85,#27D9C7
175,82,85,#27D9CA
176,82,85,#27D9CD
177,82,85,#27D9D0
178,82,85,#27D9D3
179,82,85,#27D9D6
180,82,85,#27D9D9
181,82,85,#27D6D9
182,82,85,#27D3D9
183,82,85,#27D0D9
184,82,85,#27CDD9
185,82,85,#27CAD9
186,82,85,#27C7D9
187,82,85,#27C4D9
188,82,85,#27C1D9
189,82,85,#27BED9
190,82,85,#27BBD9
191,82,85,#27B8D9
192,82,85,#27B5D9
193,82,85,#27B2D9
194,82,85,#27AFD9
195,82,85,#27ACD9
196,82,85,#27A9D9
197,82,85,#27A6D9
198,82,85,#27A3D9
199,82,85,#27A0D9
200,82,85,#279ED9
201,82,85,#279BD9
202,82,85,#2798D9
203,82,85,#2795D9
204,82,85,#2792D9
205,82,85,#278FD9
206,82,85,#278CD9
207,82,85,#2789D9
208,82,85,#2786D9
209,82,85,#2783D9
210,82,85,#2780D9
211,82,85,#277DD9
212,82,85,#277AD9
213,82,85,#2777D9
214,82,85,#2774D9
215,82,85,#2771D9
216,82,85,#276ED9
217,82,85,#276BD9
218,82,85,#2768D9
219,82,85,#2765D9
220,82,85,#2762D9
221,82,85,#275FD9
222,82,85,#275CD9
223,82,85,#2759D9
224,82,85,#2756D9
225,82,85,#2753D9
226,82,85,#2750D9
227,82,85,#274ED9
228,82,85,#274BD9
229,82,85,#2748D9
230,82,85,#2745D9
231,82,85,#2742D9
232,82,85,#273FD9
233,82,85,#273CD9
234,82,85,#2739D9
235,82,85,#2736D9
236,82,85,#2733D9
237,82,85,#2730D9
238,82,85,#272DD9
239,82,85,#272AD9
240,82,85,#2727D9
241,82,85,#2A27D9
242,82,85,#2D27D9
243,82,85,#3027D9
244,82,85,#3327D9
245,82,85,#3627D9
246,82,85,#3927D9
247,82,85,#3C27D9
248,82,85,#3F27D9
249,82,85,#4227D9
250,82,85,#4527D9
251,82,85,#4827D9
252,82,85,#4B27D9
253,82,85,#4E27D9
254,82,85,#5027D9
255,82,85,#5327D9
256,82,85,#5627D9
257,82,85,#5927D9
258,82,85,#5C27D9
259,82,85,#5F27D9
260,82,85,#6227D9
261,82,85,#6527D9
262,82,85,#6827D9
263,82,85,#6B27D9
264,82,85,#6E27D9
265,82,85,#7127D9
266,82,85,#7427D9
267,82,85,#7727D9
268,82,85,#7A27D9
269,82,85,#7D27D9
270,82,85,#8027D9
271,82,85,#8327D9
272,82,85,#8627D9
273,82,85,#8927D9
274,82,85,#8C27D9
275,82,85,#8F27D9
276,82,85,#9227D9
277,82,85,#9527D9
278,82,85,#9827D9
279,82,85,#9B27D9
280,82,85,#9E27D9
281,82,85,#A027D9
282,82,85,#A327D9
283,82,85,#A627D9
284,82,85,#A927D9
285,82,85,#AC27D9
286,82,85,#AF27D9
287,82,85,#B227D9
288,82,85,#B527D9
289,82,85,#B827D9
290,82,85,#BB27D9
291,82,85,#BE27D9
292,82,85,#C127D9
293,82,85,#C427D9
294,82,85,#C727D9
295,82,85,#CA27D9
296,82,85,#CD27D9
297,82,85,#D027D9
298,82,85,#D327D9
299,82,85,#D627D9
300,82,85,#D927D9
301,82,85,#D927D6
302,82,85,#D927D3
303,82,85,#D927D0
304,82,85,#D927CD
305,82,85,#D927CA
306,82,85,#D927C7
307,82,85,#D927C4
308,82,85,#D927C1
309,82,85,#D927BE
310,82,85,#D927BB
311,82,85,#D927B8
312,82,85,#D927B5
313,82,85,#D927B2
314,82,85,#D927AF
315,82,85,#D927AC
316,82,85,#D927A9
317,82,85,#D927A6
318,82,85,#D927A3
319,82,85,#D927A0
320,82,85,#D9279E
321,82,85,#D9279B
322,82,85,#D92798
323,82,85,#D92795
324,82,85,#D92792
325,82,85,#D9278F
326,82,85,#D9278C
327,82,85,#D92789
328,82,85,#D92786
329,82,85,#D92783
330,82,85,#D92780
331,82,85,#D9277D
332,82,85,#D9277A
333,82,85,#D92777
334,82,85,#D92774
335,82,85,#D92771
336,82,85,#D9276E
337,82,85,#D9276B
338,82,85,#D92768
339,82,85,#D92765
340,82,85,#D92762
341,82,85,#D9275F
342,82,85,#D9275C
343,82,85,#D92759
344,82,85,#D92756
345,82,85,#D92753
346,82,85,#D92750
347,82,85,#D9274E
348,82,85,#D9274B
349,82,85,#D92748
350,82,85,#D92745
351,82,85,#D92742
352,82,85,#D9273F
353,82,85,#D9273C
354,82,85,#D92739
355,82,85,#D92736
356,82,85,#D92733
357,82,85,#D92730
358,82,85,#D9272D
359,82,85,#D9272A
0,81,85,#D92929
1,81,85,#D92C29
2,81,85,#D92F29
3,81,85,#D93229
4,81,85,#D93529
5,81,85,#D93829
6,81,85,#D93B29
7,81,85,#D93E29
8,81,85,#D94129
9,81,85,#D94429
10,81,85,#D94629
11,81,85,#D94929
12,81,85,#D94C29
13,81,85,#D94F29
14,81,85,#D95229
15,81,85,#D95529
16,81,85,#D95829
17,81,85,#D95B29
18,81,85,#D95E29
19,81,85,#D96129
20,81,85,#D96429
21,81,85,#D96729
22,81,85,#D96A29
23,81,85,#D96C29
24,81,85,#D96F29
25,81,85,#D97229
26,81,85,#D97529
27,81,85,#D97829
28,81,85,#D97B29
29,81,85,#D97E29
30,81,85,#D98129
31,81,85,#D98429
32,81,85,#D98729
33,81,85,#D98A29
34,81,85,#D98D29
35,81,85,#D99029
36,81,85,#D99329
37,81,85,#D99529
38,81,85,#D99829
39,81,85,#D99B29
40,81,85,#D99E29
41,81,85,#D9A129
42,81,85,#D9A429
43,81,85,#D9A729
44,81,85,#D9AA29
45,81,85,#D9AD29
46,81,85,#D9B029
47,81,85,#D9B329
48,81,85,#D9B629
49,81,85,#D9B929
50,81,85,#D9BB29
51,81,85,#D9BE29
52,81,85,#D9C129
53,81,85,#D9C429
54,81,85,#D9C729
55,81,85,#D9CA29
56,81,85,#D9CD29
57,81,85,#D9D029
58,81,85,#D9D329
59,81,85,#D9D629
60,81,85,#D9D929
61,81,85,#D6D929
62,81,85,#D3D929
63,81,85,#D0D929
64,81,85,#CDD929
65,81,85,#CAD929
66,81,85,#C7D929
67,81,85,#C4D929
68,81,85,#C1D929
69,81,85,#BED929
70,81,85,#BBD929
71,81,85,#B9D929
72,81,85,#B6D929
73,81,85,#B3D929
74,81,85,#B0D929
75,81,85,#ADD929
76,81,85,#AAD929
77,81,85,#A7D929
78,81,85,#A4D929
79,81,85,#A1D929
80,81,85,#9ED929
81,81,85,#9BD929
82,81,85,#98D929
83,81,85,#95D929
84,81,85,#93D929
85,81,85,#90D929
86,81,85,#8DD929
87,81,85,#8AD929
88,81,85,#87D929
89,81,85,#84D929
90,81,85,#81D929
91,81,85,#7ED929
92,81,85,#7BD929
93,81,85,#78D929
94,81,85,#75D929
95,81,85,#72D929
96,81,85,#6FD929
97,81,85,#6CD929
98,81,85,#6AD929
99,81,85,#67D929
100,81,85,#64D929
101,81,85,#61D929
102,81,85,#5ED929
103,81,85,#5BD929
104,81,85,#58D929
105,81,85,#55D929
106,81,85,#52D929
107,81,85,#4FD929
108,81,85,#4CD929
109,81,85,#49D929
110,81,85,#46D929
111,81,85,#44D929
112,81,85,#41D929
113,81,85,#3ED929
114,81,85,#3BD929
115,81,85,#38D929
116,81,85,#35D929
117,81,85,#32D929
118,81,85,#2FD929
119,81,85,#2CD929
120,81,85,#29D929
121,81,85,#29D92C
122,81,85,#29D92F
123,81,85,#29D932
124,81,85,#29D935
125,81,85,#29D938
126,81,85,#29D93B
127,81,85,#29D93E
128,81,85,#29D941
129,81,85,#29D944
130,81,85,#29D946
131,81,85,#29D949
132,81,85,#29D94C
133,81,85,#29D94F
134,81,85,#29D952
135,81,85,#29D955
136,81,85,#29D958
137,81,85,#29D95B
138,81,85,#29D95E
139,81,85,#29D961
140,81,85,#29D964
141,81,85,#29D967
142,81,85,#29D96A
143,81,85,#29D96C
144,81,85,#29D96F
145,81,85,#29D972
146,81,85,#29D975
147,81,85,#29D978
148,81,85,#29D97B
149,81,85,#29D97E
150,81,85,#29D981
151,81,85,#29D984
152,81,85,#29D987
153,81,85,#29D98A
154,81,85,#29D98D
155,81,85,#29D990
156,81,85,#29D993
157,81,85,#29D995
158,81,85,#29D998
159,81,85,#29D99B
160,81,85,#29D99E
161,81,85,#29D9A1
162,81,85,#29D9A4
163,81,85,#29D9A7
164,81,85,#29D9AA
165,81,85,#29D9AD
166,81,85,#29D9B0
167,81,85,#29D9B3
168,81,85,#29D9B6
169,81,85,#29D9B9
170,81,85,#29D9BB
171,81,85,#29D9BE
172,81,85,#29D9C1
173,81,85,#29D9C4
174,81,85,#29D9C7
175,81,85,#29D9CA
176,81,85,#29D9CD
177,81,85,#29D9D0
178,81,85,#29D9D3
179,81,85,#29D9D6
180,81,85,#29D9D9
181,81,85,#29D6D9
182,81,85,#29D3D9
183,81,85,#29D0D9
184,81,85,#29CDD9
185,81,85,#29CAD9
186,81,85,#29C7D9
187,81,85,#29C4D9
188,81,85,#29C1D9
189,81,85,#29BED9
190,81,85,#29BBD9
191,81,85,#29B9D9
192,81,85,#29B6D9
193,81,85,#29B3D9
194,81,85,#29B0D9
195,81,85,#29ADD9
196,81,85,#29AAD9
197,81,85,#29A7D9
198,81,85,#29A4D9
199,81,85,#29A1D9
200,81,85,#299ED9
201,81,85,#299BD9
202,81,85,#2998D9
203,81,85,#2995D9
204,81,85,#2993D9
205,81,85,#2990D9
206,81,85,#298DD9
207,81,85,#298AD9
208,81,85,#2987D9
209,81,85,#2984D9
210,81,85,#2981D9
211,81,85,#297ED9
212,81,85,#297BD9
213,81,85,#2978D9
214,81,85,#2975D9
215,81,85,#2972D9
216,81,85,#296FD9
217,81,85,#296CD9
218,81,85,#296AD9
219,81,85,#2967D9
220,81,85,#2964D9
221,81,85,#2961D9
222,81,85,#295ED9
223,81,85,#295BD9
224,81,85,#2958D9
225,81,85,#2955D9
226,81,85,#2952D9
227,81,85,#294FD9
228,81,85,#294CD9
229,81,85,#2949D9
230,81,85,#2946D9
231,81,85,#2944D9
232,81,85,#2941D9
233,81,85,#293ED9
234,81,85,#293BD9
235,81,85,#2938D9
236,81,85,#2935D9
237,81,85,#2932D9
238,81,85,#292FD9
239,81,85,#292CD9
240,81,85,#2929D9
241,81,85,#2C29D9
242,81,85,#2F29D9
243,81,85,#3229D9
244,81,85,#3529D9
245,81,85,#3829D9
246,81,85,#3B29D9
247,81,85,#3E29D9
248,81,85,#4129D9
249,81,85,#4429D9
250,81,85,#4629D9
251,81,85,#4929D9
252,81,85,#4C29D9
253,81,85,#4F29D9
254,81,85,#5229D9
255,81,85,#5529D9
256,81,85,#5829D9
257,81,85,#5B29D9
258,81,85,#5E29D9
259,81,85,#6129D9
260,81,85,#6429D9
261,81,85,#6729D9
262,81,85,#6A29D9
263,81,85,#6C29D9
264,81,85,#6F29D9
265,81,85,#7229D9
266,81,85,#7529D9
267,81,85,#7829D9
268,81,85,#7B29D9
269,81,85,#7E29D9
270,81,85,#8129D9
271,81,85,#8429D9
272,81,85,#8729D9
273,81,85,#8A29D9
274,81,85,#8D29D9
275,81,85,#9029D9
276,81,85,#9329D9
277,81,85,#9529D9
278,81,85,#9829D9
279,81,85,#9B29D9
280,81,85,#9E29D9
281,81,85,#A129D9
282,81,85,#A429D9
283,81,85,#A729D9
284,81,85,#AA29D9
285,81,85,#AD29D9
286,81,85,#B029D9
287,81,85,#B329D9
288,81,85,#B629D9
289,81,85,#B929D9
290,81,85,#BB29D9
291,81,85,#BE29D9
292,81,85,#C129D9
293,81,85,#C429D9
294,81,85,#C729D9
295,81,85,#CA29D9
296,81,85,#CD29D9
297,81,85,#D029D9
298,81,85,#D329D9
299,81,85,#D629D9
300,81,85,#D929D9
301,81,85,#D929D6
302,81,85,#D929D3
303,81,85,#D929D0
304,81,85,#D929CD
305,81,85,#D929CA
306,81,85,#D929C7
307,81,85,#D929C4
308,81,85,#D929C1
309,81,85,#D929BE
310,81,85,#D929BB
311,81,85,#D929B9
312,81,85,#D929B6
313,81,85,#D929B3
314,81,85,#D929B0
315,81,85,#D929AD
316,81,85,#D929AA
317,81,85,#D929A7
318,81,85,#D929A4
319,81,85,#D929A1
320,81,85,#D9299E
321,81,85,#D9299B
322,81,85,#D92998
323,81,85,#D92995
324,81,85,#D92993
325,81,85,#D92990
326,81,85,#D9298D
327,81,85,#D9298A
328,81,85,#D92987
329,81,85,#D92984
330,81,85,#D92981
331,81,85,#D9297E
332,81,85,#D9297B
333,81,85,#D92978
334,81,85,#D92975
335,81,85,#D92972
336,81,85,#D9296F
337,81,85,#D9296C
338,81,85,#D9296A
339,81,85,#D92967
340,81,85,#D92964
341,81,85,#D92961
342,81,85,#D9295E
343,81,85,#D9295B
344,81,85,#D92958
345,81,85,#D92955
346,81,85,#D92952
347,81,85,#D9294F
348,81,85,#D9294C
349,81,85,#D92949
350,81,85,#D92946
351,81,85,#D92944
352,81,85,#D92941
353,81,85,#D9293E
354,81,85,#D9293B
355,81,85,#D92938
356,81,85,#D92935
357,81,85,#D92932
358,81,85,#D9292F
359,81,85,#D9292C
0,80,85,#D92B2B
1,80,85,#D92E2B
2,80,85,#D9312B
3,80,85,#D9342B
4,80,85,#D9372B
5,80,85,#D93A2B
6,80,85,#D93D2B
7,80,85,#D9402B
8,80,85,#D9422B
9,80,85,#D9452B
10,80,85,#D9482B
11,80,85,#D94B2B
12,80,85,#D94E2B
13,80,85,#D9512B
14,80,85,#D9542B
15,80,85,#D9572B
16,80,85,#D95A2B
17,80,85,#D95C2B
18,80,85,#D95F2B
19,80,85,#D9622B
20,80,85,#D9652B
21,80,85,#D9682B
22,80,85,#D96B2B
23,80,85,#D96E2B
24,80,85,#D9712B
25,80,85,#D9742B
26,80,85,#D9762B
27,80,85,#D9792B
28,80,85,#D97C2B
29,80,85,#D97F2B
30,80,85,#D9822B
31,80,85,#D9852B
32,80,85,#D9882B
33,80,85,#D98B2B
34,80,85,#D98E2B
35,80,85,#D9912B
36,80,85,#D9932B
37,80,85,#D9962B
38,80,85,#D9992B
39,80,85,#D99C2B
40,80,85,#D99F2B
41,80,85,#D9A22B
42,80,85,#D9A52B
43,80,85,#D9A82B
44,80,85,#D9AB2B
45,80,85,#D9AD2B
46,80,85,#D9B02B
47,80,85,#D9B32B
48,80,85,#D9B62B
49,80,85,#D9B92B
50,80,85,#D9BC2B
51,80,85,#D9BF2B
52,80,85,#D9C22B
53,80,85,#D9C52B
54,80,85,#D9C72B
55,80,85,#D9CA2B
56,80,85,#D9CD2B
57,80,85,#D9D02B
58,80,85,#D9D32B
59,80,85,#D9D62B
60,80,85,#D9D92B
61,80,85,#D6D92B
62,80,85,#D3D92B
63,80,85,#D0D92B
64,80,85,#CDD92B
65,80,85,#CAD92B
66,80,85,#C7D92B
67,80,85,#C5D92B
68,80,85,#C2D92B
69,80,85,#BFD92B
70,80,85,#BCD92B
71,80,85,#B9D92B
72,80,85,#B6D92B
73,80,85,#B3D92B
74,80,85,#B0D92B
75,80,85,#ADD92B
76,80,85,#ABD92B
77,80,85,#A8D92B
78,80,85,#A5D92B
79,80,85,#A2D92B
80,80,85,#9FD92B
81,80,85,#9CD92B
82,80,85,#99D92B
83,80,85,#96D92B
84,80,85,#93D92B
85,80,85,#91D92B
86,80,85,#8ED92B
87,80,85,#8BD92B
88,80,85,#88D92B
89,80,85,#85D92B
90,80,85,#82D92B
91,80,85,#7FD92B
92,80,85,#7CD92B
93,80,85,#79D92B
94,80,85,#76D92B
95,80,85,#74D92B
96,80,85,#71D92B
97,80,85,#6ED92B
98,80,85,#6BD92B
99,80,85,#68D92B
100,80,85,#65D92B
101,80,85,#62D92B
102,80,85,#5FD92B
103,80,85,#5CD92B
104,80,85,#5AD92B
105,80,85,#57D92B
106,80,85,#54D92B
107,80,85,#51D92B
108,80,85,#4ED92B
109,80,85,#4BD92B
110,80,85,#48D92B
111,80,85,#45D92B
112,80,85,#42D92B
113,80,85,#40D92B
114,80,85,#3DD92B
115,80,85,#3AD92B
116,80,85,#37D92B
117,80,85,#34D92B
118,80,85,#31D92B
119,80,85,#2ED92B
120,80,85,#2BD92B
121,80,85,#2BD92E
122,80,85,#2BD931
123,80,85,#2BD934
124,80,85,#2BD937
125,80,85,#2BD93A
126,80,85,#2BD93D
127,80,85,#2BD940
128,80,85,#2BD942
129,80,85,#2BD945
130,80,85,#2BD948
131,80,85,#2BD94B
132,80,85,#2BD94E
133,80,85,#2BD951
134,80,85,#2BD954
135,80,85,#2BD957
136,80,85,#2BD95A
137,80,85,#2BD95C
138,80,85,#2BD95F
139,80,85,#2BD962
140,80,85,#2BD965
141,80,85,#2BD968
142,80,85,#2BD96B
143,80,85,#2BD96E
144,80,85,#2BD971
145,80,85,#2BD974
146,80,85,#2BD976
147,80,85,#2BD979
148,80,85,#2BD97C
149,80,85,#2BD97F
150,80,85,#2BD982
151,80,85,#2BD985
152,80,85,#2BD988
153,80,85,#2BD98B
154,80,85,#2BD98E
155,80,85,#2BD991
156,80,85,#2BD993
157,80,85,#2BD996
158,80,85,#2BD999
159,80,85,#2BD99C
160,80,85,#2BD99F
161,80,85,#2BD9A2
162,80,85,#2BD9A5
163,80,85,#2BD9A8
164,80,85,#2BD9AB
165,80,85,#2BD9AD
166,80,85,#2BD9B0
167,80,85,#2BD9B3
168,80,85,#2BD9B6
169,80,85,#2BD9B9
170,80,85,#2BD9BC
171,80,85,#2BD9BF
172,80,85,#2BD9C2
173,80,85,#2BD9C5
174,80,85,#2BD9C7
175,80,85,#2BD9CA
176,80,85,#2BD9CD
177,80,85,#2BD9D0
178,80,85,#2BD9D3
179,80,85,#2BD9D6
180,80,85,#2BD9D9
181,80,85,#2BD6D9
182,80,85,#2BD3D9
183,80,85,#2BD0D9
184,80,85,#2BCDD9
185,80,85,#2BCAD9
186,80,85,#2BC7D9
187,80,85,#2BC5D9
188,80,85,#2BC2D9
189,80,85,#2BBFD9
190,80,85,#2BBCD9
191,80,85,#2BB9D9
192,80,85,#2BB6D9
193,80,85,#2BB3D9
194,80,85,#2BB0D9
195,80,85,#2BADD9
196,80,85,#2BABD9
197,80,85,#2BA8D9
198,80,85,#2BA5D9
199,80,85,#2BA2D9
200,80,85,#2B9FD9
201,80,85,#2B9CD9
202,80,85,#2B99D9
203,80,85,#2B96D9
204,80,85,#2B93D9
205,80,85,#2B91D9
206,80,85,#2B8ED9
207,80,85,#2B8BD9
208,80,85,#2B88D9
209,80,85,#2B85D9
210,80,85,#2B82D9
211,80,85,#2B7FD9
212,80,85,#2B7CD9
213,80,85,#2B79D9
214,80,85,#2B76D9
215,80,85,#2B74D9
216,80,85,#2B71D9
217,80,85,#2B6ED9
218,80,85,#2B6BD9
219,80,85,#2B68D9
220,80,85,#2B65D9
221,80,85,#2B62D9
222,80,85,#2B5FD9
223,80,85,#2B5CD9
224,80,85,#2B5AD9
225,80,85,#2B57D9
226,80,85,#2B54D9
227,80,85,#2B51D9
228,80,85,#2B4ED9
229,80,85,#2B4BD9
230,80,85,#2B48D9
231,80,85,#2B45D9
232,80,85,#2B42D9
233,80,85,#2B40D9
234,80,85,#2B3DD9
235,80,85,#2B3AD9
236,80,85,#2B37D9
237,80,85,#2B34D9
238,80,85,#2B31D9
239,80,85,#2B2ED9
240,80,85,#2B2BD9
241,80,85,#2E2BD9
242,80,85,#312BD9
243,80,85,#342BD9
244,80,85,#372BD9
245,80,85,#3A2BD9
246,80,85,#3D2BD9
247,80,85,#402BD9
248,80,85,#422BD9
249,80,85,#452BD9
250,80,85,#482BD9
251,80,85,#4B2BD9
252,80,85,#4E2BD9
253,80,85,#512BD9
254,80,85,#542BD9
255,80,85,#572BD9
256,80,85,#5A2BD9
257,80,85,#5C2BD9
258,80,85,#5F2BD9
259,80,85,#622BD9
260,80,85,#652BD9
261,80,85,#682BD9
262,80,85,#6B2BD9
263,80,85,#6E2BD9
264,80,85,#712BD9
265,80,85,#742BD9
266,80,85,#762BD9
267,80,85,#792BD9
268,80,85,#7C2BD9
269,80,85,#7F2BD9
270,80,85,#822BD9
271,80,85,#852BD9
272,80,85,#882BD9
273,80,85,#8B2BD9
274,80,85,#8E2BD9
275,80,85,#902BD9
276,80,85,#932BD9
277,80,85,#962BD9
278,80,85,#992BD9
279,80,85,#9C2BD9
280,80,85,#9F2BD9
281,80,85,#A22BD9
282,80,85,#A52BD9
283,80,85,#A82BD9
284,80,85,#AB2BD9
285,80,85,#AD2BD9
286,80,85,#B02BD9
287,80,85,#B32BD9
288,80,85,#B62BD9
289,80,85,#B92BD9
290,80,85,#BC2BD9
291,80,85,#BF2BD9
292,80,85,#C22BD9
293,80,85,#C52BD9
294,80,85,#C72BD9
295,80,85,#CA2BD9
296,80,85,#CD2BD9
297,80,85,#D02BD9
298,80,85,#D32BD9
299,80,85,#D62BD9
300,80,85,#D92BD9
301,80,85,#D92BD6
302,80,85,#D92BD3
303,80,85,#D92BD0
304,80,85,#D92BCD
305,80,85,#D92BCA
306,80,85,#D92BC7
307,80,85,#D92BC5
308,80,85,#D92BC2
309,80,85,#D92BBF
310,80,85,#D92BBC
311,80,85,#D92BB9
312,80,85,#D92BB6
313,80,85,#D92BB3
314,80,85,#D92BB0
315,80,85,#D92BAD
316,80,85,#D92BAB
317,80,85,#D92BA8
318,80,85,#D92BA5
319,80,85,#D92BA2
320,80,85,#D92B9F
321,80,85,#D92B9C
322,80,85,#D92B99
323,80,85,#D92B96
324,80,85,#D92B93
325,80,85,#D92B90
326,80,85,#D92B8E
327,80,85,#D92B8B
328,80,85,#D92B88
329,80,85,#D92B85
330,80,85,#D92B82
331,80,85,#D92B7F
332,80,85,#D92B7C
333,80,85,#D92B79
334,80,85,#D92B76
335,80,85,#D92B74
336,80,85,#D92B71
337,80,85,#D92B6E
338,80,85,#D92B6B
339,80,85,#D92B68
340,80,85,#D92B65
341,80,85,#D92B62
342,80,85,#D92B5F
343,80,85,#D92B5C
344,80,85,#D92B5A
345,80,85,#D92B57
346,80,85,#D92B54
347,80,85,#D92B51
348,80,85,#D92B4E
349,80,85,#D92B4B
350,80,85,#D92B48
351,80,85,#D92B45
352,80,85,#D92B42
353,80,85,#D92B40
354,80,85,#D92B3D
355,80,85,#D92B3A
356,80,85,#D92B37
357,80,85,#D92B34
358,80,85,#D92B31
359,80,85,#D92B2E
0,79,85,#D92E2E
1,79,85,#D9302E
2,79,85,#D9332E
3,79,85,#D9362E
4,79,85,#D9392E
5,79,85,#D93C2E
6,79,85,#D93F2E
7,79,85,#D9412E
8,79,85,#D9442E
9,79,85,#D9472E
10,79,85,#D94A2E
11,79,85,#D94D2E
12,79,85,#D9502E
13,79,85,#D9532E
14,79,85,#D9552E
15,79,85,#D9582E
16,79,85,#D95B2E
17,79,85,#D95E2E
18,79,85,#D9612E
19,79,85,#D9642E
20,79,85,#D9672E
21,79,85,#D9692E
22,79,85,#D96C2E
23,79,85,#D96F2E
24,79,85,#D9722E
25,79,85,#D9752E
26,79,85,#D9782E
27,79,85,#D97B2E
28,79,85,#D97D2E
29,79,85,#D9802E
30,79,85,#D9832E
31,79,85,#D9862E
32,79,85,#D9892E
33,79,85,#D98C2E
34,79,85,#D98F2E
35,79,85,#D9912E
36,79,85,#D9942E
37,79,85,#D9972E
38,79,85,#D99A2E
39,79,85,#D99D2E
40,79,85,#D9A02E
41,79,85,#D9A32E
42,79,85,#D9A52E
43,79,85,#D9A82E
44,79,85,#D9AB2E
45,79,85,#D9AE2E
46,79,85,#D9B12E
47,79,85,#D9B42E
48,79,85,#D9B72E
49,79,85,#D9B92E
50,79,85,#D9BC2E
51,79,85,#D9BF2E
52,79,85,#D9C22E
53,79,85,#D9C52E
54,79,85,#D9C82E
55,79,85,#D9CA2E
56,79,85,#D9CD2E
57,79,85,#D9D02E
58,79,85,#D9D32E
59,79,85,#D9D62E
60,79,85,#D9D92E
61,79,85,#D6D92E
62,79,85,#D3D92E
63,79,85,#D0D92E
64,79,85,#CDD92E
65,79,85,#CAD92E
66,79,85,#C8D92E
67,79,85,#C5D92E
68,79,85,#C2D92E
69,79,85,#BFD92E
70,79,85,#BCD92E
71,79,85,#B9D92E
72,79,85,#B7D92E
73,79,85,#B4D92E
74,79,85,#B1D92E
75,79,85,#AED92E
76,79,85,#ABD92E
77,79,85,#A8D92E
78,79,85,#A5D92E
79,79,85,#A3D92E
80,79,85,#A0D92E
81,79,85,#9DD92E
82,79,85,#9AD92E
83,79,85,#97D92E
84,79,85,#94D92E
85,79,85,#91D92E
86,79,85,#8FD92E
87,79,85,#8CD92E
88,79,85,#89D92E
89,79,85,#86D92E
90,79,85,#83D92E
91,79,85,#80D92E
92,79,85,#7DD92E
93,79,85,#7BD92E
94,79,85,#78D92E
95,79,85,#75D92E
96,79,85,#72D92E
97,79,85,#6FD92E
98,79,85,#6CD92E
99,79,85,#69D92E
100,79,85,#67D92E
101,79,85,#64D92E
102,79,85,#61D92E
103,79,85,#5ED92E
104,79,85,#5BD92E
105,79,85,#58D92E
106,79,85,#55D92E
107,79,85,#53D92E
108,79,85,#50D92E
109,79,85,#4DD92E
110,79,85,#4AD92E
111,79,85,#47D92E
112,79,85,#44D92E
113,79,85,#41D92E
114,79,85,#3FD92E
115,79,85,#3CD92E
116,79,85,#39D92E
117,79,85,#36D92E
118,79,85,#33D92E
119,79,85,#30D92E
120,79,85,#2ED92E
121,79,85,#2ED930
122,79,85,#2ED933
123,79,85,#2ED936
124,79,85,#2ED939
125,79,85,#2ED93C
126,79,85,#2ED93F
127,79,85,#2ED941
128,79,85,#2ED944
129,79,85,#2ED947
130,79,85,#2ED94A
131,79,85,#2ED94D
132,79,85,#2ED950
133,79,85,#2ED953
134,79,85,#2ED955
135,79,85,#2ED958
136,79,85,#2ED95B
137,79,85,#2ED95E
138,79,85,#2ED961
139,79,85,#2ED964
140,79,85,#2ED967
141,79,85,#2ED969
142,79,85,#2ED96C
143,79,85,#2ED96F
144,79,85,#2ED972
145,79,85,#2ED975
146,79,85,#2ED978
147,79,85,#2ED97B
148,79,85,#2ED97D
149,79,85,#2ED980
150,79,85,#2ED983
151,79,85,#2ED986
152,79,85,#2ED989
153,79,85,#2ED98C
154,79,85,#2ED98F
155,79,85,#2ED991
156,79,85,#2ED994
157,79,85,#2ED997
158,79,85,#2ED99A
159,79,85,#2ED99D
160,79,85,#2ED9A0
161,79,85,#2ED9A3
162,79,85,#2ED9A5
163,79,85,#2ED9A8
164,79,85,#2ED9AB
165,79,85,#2ED9AE
166,79,85,#2ED9B1
167,79,85,#2ED9B4
168,79,85,#2ED9B7
169,79,85,#2ED9B9
170,79,85,#2ED9BC
171,79,85,#2ED9BF
172,79,85,#2ED9C2
173,79,85,#2ED9C5
174,79,85,#2ED9C8
175,79,85,#2ED9CA
176,79,85,#2ED9CD
177,79,85,#2ED9D0
178,79,85,#2ED9D3
179,79,85,#2ED9D6
180,79,85,#2ED9D9
181,79,85,#2ED6D9
182,79,85,#2ED3D9
183,79,85,#2ED0D9
184,79,85,#2ECDD9
185,79,85,#2ECAD9
186,79,85,#2EC8D9
187,79,85,#2EC5D9
188,79,85,#2EC2D9
189,79,85,#2EBFD9
190,79,85,#2EBCD9
191,79,85,#2EB9D9
192,79,85,#2EB7D9
193,79,85,#2EB4D9
194,79,85,#2EB1D9
195,79,85,#2EAED9
196,79,85,#2EABD9
197,79,85,#2EA8D9
198,79,85,#2EA5D9
199,79,85,#2EA3D9
200,79,85,#2EA0D9
201,79,85,#2E9DD9
202,79,85,#2E9AD9
203,79,85,#2E97D9
204,79,85,#2E94D9
205,79,85,#2E91D9
206,79,85,#2E8FD9
207,79,85,#2E8CD9
208,79,85,#2E89D9
209,79,85,#2E86D9
210,79,85,#2E83D9
211,79,85,#2E80D9
212,79,85,#2E7DD9
213,79,85,#2E7BD9
214,79,85,#2E78D9
215,79,85,#2E75D9
216,79,85,#2E72D9
217,79,85,#2E6FD9
218,79,85,#2E6CD9
219,79,85,#2E69D9
220,79,85,#2E67D9
221,79,85,#2E64D9
222,79,85,#2E61D9
223,79,85,#2E5ED9
224,79,85,#2E5BD9
225,79,85,#2E58D9
226,79,85,#2E55D9
227,79,85,#2E53D9
228,79,85,#2E50D9
229,79,85,#2E4DD9
230,79,85,#2E4AD9
231,79,85,#2E47D9
232,79,85,#2E44D9
233,79,85,#2E41D9
234,79,85,#2E3FD9
235,79,85,#2E3CD9
236,79,85,#2E39D9
237,79,85,#2E36D9
238,79,85,#2E33D9
239,79,85,#2E30D9
240,79,85,#2E2ED9
241,79,85,#302ED9
242,79,85,#332ED9
243,79,85,#362ED9
244,79,85,#392ED9
245,79,85,#3C2ED9
246,79,85,#3F2ED9
247,79,85,#412ED9
248,79,85,#442ED9
249,79,85,#472ED9
250,79,85,#4A2ED9
251,79,85,#4D2ED9
252,79,85,#502ED9
253,79,85,#532ED9
254,79,85,#552ED9
255,79,85,#582ED9
256,79,85,#5B2ED9
257,79,85,#5E2ED9
258,79,85,#612ED9
259,79,85,#642ED9
260,79,85,#672ED9
261,79,85,#692ED9
262,79,85,#6C2ED9
263,79,85,#6F2ED9
264,79,85,#722ED9
265,79,85,#752ED9
266,79,85,#782ED9
267,79,85,#7B2ED9
268,79,85,#7D2ED9
269,79,85,#802ED9
270,79,85,#832ED9
271,79,85,#862ED9
272,79,85,#892ED9
273,79,85,#8C2ED9
274,79,85,#8F2ED9
275,79,85,#912ED9
276,79,85,#942ED9
277,79,85,#972ED9
278,79,85,#9A2ED9
279,79,85,#9D2ED9
280,79,85,#A02ED9
281,79,85,#A32ED9
282,79,85,#A52ED9
283,79,85,#A82ED9
284,79,85,#AB2ED9
285,79,85,#AE2ED9
286,79,85,#B12ED9
287,79,85,#B42ED9
288,79,85,#B72ED9
289,79,85,#B92ED9
290,79,85,#BC2ED9
291,79,85,#BF2ED9
292,79,85,#C22ED9
293,79,85,#C52ED9
294,79,85,#C82ED9
295,79,85,#CA2ED9
296,79,85,#CD2ED9
297,79,85,#D02ED9
298,79,85,#D32ED9
299,79,85,#D62ED9
300,79,85,#D92ED9
301,79,85,#D92ED6
302,79,85,#D92ED3
303,79,85,#D92ED0
304,79,85,#D92ECD
305,79,85,#D92ECA
306,79,85,#D92EC8
307,79,85,#D92EC5
308,79,85,#D92EC2
309,79,85,#D92EBF
310,79,85,#D92EBC
311,79,85,#D92EB9
312,79,85,#D92EB7
313,79,85,#D92EB4
314,79,85,#D92EB1
315,79,85,#D92EAE
316,79,85,#D92EAB
317,79,85,#D92EA8
318,79,85,#D92EA5
319,79,85,#D92EA3
320,79,85,#D92EA0
321,79,85,#D92E9D
322,79,85,#D92E9A
323,79,85,#D92E97
324,79,85,#D92E94
325,79,85,#D92E91
326,79,85,#D92E8F
327,79,85,#D92E8C
328,79,85,#D92E89
329,79,85,#D92E86
330,79,85,#D92E83
331,79,85,#D92E80
332,79,85,#D92E7D
333,79,85,#D92E7B
334,79,85,#D92E78
335,79,85,#D92E75
336,79,85,#D92E72
337,79,85,#D92E6F
338,79,85,#D92E6C
339,79,85,#D92E69
340,79,85,#D92E67
341,79,85,#D92E64
342,79,85,#D92E61
343,79,85,#D92E5E
344,79,85,#D92E5B
345,79,85,#D92E58
346,79,85,#D92E55
347,79,85,#D92E53
348,79,85,#D92E50
349,79,85,#D92E4D
350,79,85,#D92E4A
351,79,85,#D92E47
352,79,85,#D92E44
353,79,85,#D92E41
354,79,85,#D92E3F
355,79,85,#D92E3C
356,79,85,#D92E39
357,79,85,#D92E36
358,79,85,#D92E33
359,79,85,#D92E30
0,78,85,#D93030
1,78,85,#D93330
2,78,85,#D93530
3,78,85,#D93830
4,78,85,#D93B30
5,78,85,#D93E30
6,78,85,#D94130
7,78,85,#D94330
8,78,85,#D94630
9,78,85,#D94930
10,78,85,#D94C30
11,78,85,#D94F30
12,78,85,#D95130
13,78,85,#D95430
14,78,85,#D95730
15,78,85,#D95A30
16,78,85,#D95D30
17,78,85,#D96030
18,78,85,#D96230
19,78,85,#D96530
20,78,85,#D96830
21,78,85,#D96B30
22,78,85,#D96E30
23,78,85,#D97030
24,78,85,#D97330
25,78,85,#D97630
26,78,85,#D97930
27,78,85,#D97C30
28,78,85,#D97F30
29,78,85,#D98130
30,78,85,#D98430
31,78,85,#D98730
32,78,85,#D98A30
33,78,85,#D98D30
34,78,85,#D98F30
35,78,85,#D99230
36,78,85,#D99530
37,78,85,#D99830
38,78,85,#D99B30
39,78,85,#D99E30
40,78,85,#D9A030
41,78,85,#D9A330
42,78,85,#D9A630
43,78,85,#D9A930
44,78,85,#D9AC30
45,78,85,#D9AE30
46,78,85,#D9B130
47,78,85,#D9B430
48,78,85,#D9B730
49,78,85,#D9BA30
50,78,85,#D9BD30
51,78,85,#D9BF30
52,78,85,#D9C230
53,78,85,#D9C530
54,78,85,#D9C830
55,78,85,#D9CB30
56,78,85,#D9CD30
57,78,85,#D9D030
58,78,85,#D9D330
59,78,85,#D9D630
60,78,85,#D9D930
61,78,85,#D6D930
62,78,85,#D3D930
63,78,85,#D0D930
64,78,85,#CDD930
65,78,85,#CBD930
66,78,85,#C8D930
67,78,85,#C5D930
68,78,85,#C2D930
69,78,85,#BFD930
70,78,85,#BDD930
71,78,85,#BAD930
72,78,85,#B7D930
73,78,85,#B4D930
74,78,85,#B1D930
75,78,85,#AED930
76,78,85,#ACD930
77,78,85,#A9D930
78,78,85,#A6D930
79,78,85,#A3D930
80,78,85,#A0D930
81,78,85,#9ED930
82,78,85,#9BD930
83,78,85,#98D930
84,78,85,#95D930
85,78,85,#92D930
86,78,85,#8FD930
87,78,85,#8DD930
88,78,85,#8AD930
89,78,85,#87D930
90,78,85,#84D930
91,78,85,#81D930
92,78,85,#7FD930
93,78,85,#7CD930
94,78,85,#79D930
95,78,85,#76D930
96,78,85,#73D930
97,78,85,#70D930
98,78,85,#6ED930
99,78,85,#6BD930
100,78,85,#68D930
101,78,85,#65D930
102,78,85,#62D930
103,78,85,#60D930
104,78,85,#5DD930
105,78,85,#5AD930
106,78,85,#57D930
107,78,85,#54D930
108,78,85,#51D930
109,78,85,#4FD930
110,78,85,#4CD930
111,78,85,#49D930
112,78,85,#46D930
113,78,85,#43D930
114,78,85,#41D930
115,78,85,#3ED930
116,78,85,#3BD930
117,78,85,#38D930
118,78,85,#35D930
119,78,85,#33D930
120,78,85,#30D930
121,78,85,#30D933
122,78,85,#30D935
123,78,85,#30D938
124,78,85,#30D93B
125,78,85,#30D93E
126,78,85,#30D941
127,78,85,#30D943
128,78,85,#30D946
129,78,85,#30D949
130,78,85,#30D94C
131,78,85,#30D94F
132,78,85,#30D951
133,78,85,#30D954
134,78,85,#30D957
135,78,85,#30D95A
136,78,85,#30D95D
137,78,85,#30D960
138,78,85,#30D962
139,78,85,#30D965
140,78,85,#30D968
141,78,85,#30D96B
142,78,85,#30D96E
143,78,85,#30D970
144,78,85,#30D973
145,78,85,#30D976
146,78,85,#30D979
147,78,85,#30D97C
148,78,85,#30D97F
149,78,85,#30D981
150,78,85,#30D984
151,78,85,#30D987
152,78,85,#30D98A
153,78,85,#30D98D
154,78,85,#30D98F
155,78,85,#30D992
156,78,85,#30D995
157,78,85,#30D998
158,78,85,#30D99B
159,78,85,#30D99E
160,78,85,#30D9A0
161,78,85,#30D9A3
162,78,85,#30D9A6
163,78,85,#30D9A9
164,78,85,#30D9AC
165,78,85,#30D9AE
166,78,85,#30D9B1
167,78,85,#30D9B4
168,78,85,#30D9B7
169,78,85,#30D9BA
170,78,85,#30D9BD
171,78,85,#30D9BF
172,78,85,#30D9C2
173,78,85,#30D9C5
174,78,85,#30D9C8
175,78,85,#30D9CB
176,78,85,#30D9CD
177,78,85,#30D9D0
178,78,85,#30D9D3
179,78,85,#30D9D6
180,78,85,#30D9D9
181,78,85,#30D6D9
182,78,85,#30D3D9
183,78,85,#30D0D9
184,78,85,#30CDD9
185,78,85,#30CBD9
186,78,85,#30C8D9
187,78,85,#30C5D9
188,78,85,#30C2D9
189,78,85,#30BFD9
190,78,85,#30BDD9
191,78,85,#30BAD9
192,78,85,#30B7D9
193,78,85,#30B4D9
194,78,85,#30B1D9
195,78,85,#30AED9
196,78,85,#30ACD9
197,78,85,#30A9D9
198,78,85,#30A6D9
199,78,85,#30A3D9
200,78,85,#30A0D9
201,78,85,#309ED9
202,78,85,#309BD9
203,78,85,#3098D9
204,78,85,#3095D9
205,78,85,#3092D9
206,78,85,#308FD9
207,78,85,#308DD9
208,78,85,#308AD9
209,78,85,#3087D9
210,78,85,#3084D9
211,78,85,#3081D9
212,78,85,#307FD9
213,78,85,#307CD9
214,78,85,#3079D9
215,78,85,#3076D9
216,78,85,#3073D9
217,78,85,#3070D9
218,78,85,#306ED9
219,78,85,#306BD9
220,78,85,#3068D9
221,78,85,#3065D9
222,78,85,#3062D9
223,78,85,#3060D9
224,78,85,#305DD9
225,78,85,#305AD9
226,78,85,#3057D9
227,78,85,#3054D9
228,78,85,#3051D9
229,78,85,#304FD9
230,78,85,#304CD9
231,78,85,#3049D9
232,78,85,#3046D9
233,78,85,#3043D9
234,78,85,#3041D9
235,78,85,#303ED9
236,78,85,#303BD9
237,78,85,#3038D9
238,78,85,#3035D9
239,78,85,#3033D9
240,78,85,#3030D9
241,78,85,#3330D9
242,78,85,#3530D9
243,78,85,#3830D9
244,78,85,#3B30D9
245,78,85,#3E30D9
246,78,85,#4130D9
247,78,85,#4330D9
248,78,85,#4630D9
249,78,85,#4930D9
250,78,85,#4C30D9
251,78,85,#4F30D9
252,78,85,#5130D9
253,78,85,#5430D9
254,78,85,#5730D9
255,78,85,#5A30D9
256,78,85,#5D30D9
257,78,85,#6030D9
258,78,85,#6230D9
259,78,85,#6530D9
260,78,85,#6830D9
261,78,85,#6B30D9
262,78,85,#6E30D9
263,78,85,#7030D9
264,78,85,#7330D9
265,78,85,#7630D9
266,78,85,#7930D9
267,78,85,#7C30D9
268,78,85,#7F30D9
269,78,85,#8130D9
270,78,85,#8430D9
271,78,85,#8730D9
272,78,85,#8A30D9
273,78,85,#8D30D9
274,78,85,#8F30D9
275,78,85,#9230D9
276,78,85,#9530D9
277,78,85,#9830D9
278,78,85,#9B30D9
279,78,85,#9E30D9
280,78,85,#A030D9
281,78,85,#A330D9
282,78,85,#A630D9
283,78,85,#A930D9
284,78,85,#AC30D9
285,78,85,#AE30D9
286,78,85,#B130D9
287,78,85,#B430D9
288,78,85,#B730D9
289,78,85,#BA30D9
290,78,85,#BD30D9
291,78,85,#BF30D9
292,78,85,#C230D9
293,78,85,#C530D9
294,78,85,#C830D9
295,78,85,#CB30D9
296,78,85,#CD30D9
297,78,85,#D030D9
298,78,85,#D330D9
299,78,85,#D630D9
300,78,85,#D930D9
301,78,85,#D930D6
302,78,85,#D930D3
303,78,85,#D930D0
304,78,85,#D930CD
305,78,85,#D930CB
306,78,85,#D930C8
307,78,85,#D930C5
308,78,85,#D930C2
309,78,85,#D930BF
310,78,85,#D930BD
311,78,85,#D930BA
312,78,85,#D930B7
313,78,85,#D930B4
314,78,85,#D930B1
315,78,85,#D930AE
316,78,85,#D930AC
317,78,85,#D930A9
318,78,85,#D930A6
319,78,85,#D930A3
320,78,85,#D930A0
321,78,85,#D9309E
322,78,85,#D9309B
323,78,85,#D93098
324,78,85,#D93095
325,78,85,#D93092
326,78,85,#D9308F
327,78,85,#D9308D
328,78,85,#D9308A
329,78,85,#D93087
330,78,85,#D93084
331,78,85,#D93081
332,78,85,#D9307F
333,78,85,#D9307C
334,78,85,#D93079
335,78,85,#D93076
336,78,85,#D93073
337,78,85,#D93070
338,78,85,#D9306E
339,78,85,#D9306B
340,78,85,#D93068
341,78,85,#D93065
342,78,85,#D93062
343,78,85,#D93060
344,78,85,#D9305D
345,78,85,#D9305A
346,78,85,#D93057
347,78,85,#D93054
348,78,85,#D93051
349,78,85,#D9304F
350,78,85,#D9304C
351,78,85,#D93049
352,78,85,#D93046
353,78,85,#D93043
354,78,85,#D93041
355,78,85,#D9303E
356,78,85,#D9303B
357,78,85,#D93038
358,78,85,#D93035
359,78,85,#D93033
0,77,85,#D93232
1,77,85,#D93532
2,77,85,#D93732
3,77,85,#D93A32
4,77,85,#D93D32
5,77,85,#D94032
6,77,85,#D94332
7,77,85,#D94532
8,77,85,#D94832
9,77,85,#D94B32
10,77,85,#D94E32
11,77,85,#D95032
12,77,85,#D95332
13,77,85,#D95632
14,77,85,#D95932
15,77,85,#D95C32
16,77,85,#D95E32
17,77,85,#D96132
18,77,85,#D96432
19,77,85,#D96732
20,77,85,#D96932
21,77,85,#D96C32
22,77,85,#D96F32
23,77,85,#D97232
24,77,85,#D97532
25,77,85,#D97732
26,77,85,#D97A32
27,77,85,#D97D32
28,77,85,#D98032
29,77,85,#D98332
30,77,85,#D98532
31,77,85,#D98832
32,77,85,#D98B32
33,77,85,#D98E32
34,77,85,#D99032
35,77,85,#D99332
36,77,85,#D99632
37,77,85,#D99932
38,77,85,#D99C32
39,77,85,#D99E32
40,77,85,#D9A132
41,77,85,#D9A432
42,77,85,#D9A732
43,77,85,#D9A932
44,77,85,#D9AC32
45,77,85,#D9AF32
46,77,85,#D9B232
47,77,85,#D9B532
48,77,85,#D9B732
49,77,85,#D9BA32
50,77,85,#D9BD32
51,77,85,#D9C032
52,77,85,#D9C232
53,77,85,#D9C532
54,77,85,#D9C832
55,77,85,#D9CB32
56,77,85,#D9CE32
57,77,85,#D9D032
58,77,85,#D9D332
59,77,85,#D9D632
60,77,85,#D9D932
61,77,85,#D6D932
62,77,85,#D3D932
63,77,85,#D0D932
64,77,85,#CED932
65,77,85,#CBD932
66,77,85,#C8D932
67,77,85,#C5D932
68,77,85,#C2D932
69,77,85,#C0D932
70,77,85,#BDD932
71,77,85,#BAD932
72,77,85,#B7D932
73,77,85,#B5D932
74,77,85,#B2D932
75,77,85,#AFD932
76,77,85,#ACD932
77,77,85,#A9D932
78,77,85,#A7D932
79,77,85,#A4D932
80,77,85,#A1D932
81,77,85,#9ED932
82,77,85,#9CD932
83,77,85,#99D932
84,77,85,#96D932
85,77,85,#93D932
86,77,85,#90D932
87,77,85,#8ED932
88,77,85,#8BD932
89,77,85,#88D932
90,77,85,#85D932
91,77,85,#83D932
92,77,85,#80D932
93,77,85,#7DD932
94,77,85,#7AD932
95,77,85,#77D932
96,77,85,#75D932
97,77,85,#72D932
98,77,85,#6FD932
99,77,85,#6CD932
100,77,85,#69D932
101,77,85,#67D932
102,77,85,#64D932
103,77,85,#61D932
104,77,85,#5ED932
105,77,85,#5CD932
106,77,85,#59D932
107,77,85,#56D932
108,77,85,#53D932
109,77,85,#50D932
110,77,85,#4ED932
111,77,85,#4BD932
112,77,85,#48D932
113,77,85,#45D932
114,77,85,#43D932
115,77,85,#40D932
116,77,85,#3DD932
117,77,85,#3AD932
118,77,85,#37D932
119,77,85,#35D932
120,77,85,#32D932
121,77,85,#32D935
122,77,85,#32D937
123,77,85,#32D93A
124,77,85,#32D93D
125,77,85,#32D940
126,77,85,#32D943
127,77,85,#32D945
128,77,85,#32D948
129,77,85,#32D94B
130,77,85,#32D94E
131,77,85,#32D950
132,77,85,#32D953
133,77,85,#32D956
134,77,85,#32D959
135,77,85,#32D95C
136,77,85,#32D95E
137,77,85,#32D961
138,77,85,#32D964
139,77,85,#32D967
140,77,85,#32D969
141,77,85,#32D96C
142,77,85,#32D96F
143,77,85,#32D972
144,77,85,#32D975
145,77,85,#32D977
146,77,85,#32D97A
147,77,85,#32D97D
148,77,85,#32D980
149,77,85,#32D983
150,77,85,#32D985
151,77,85,#32D988
152,77,85,#32D98B
153,77,85,#32D98E
154,77,85,#32D990
155,77,85,#32D993
156,77,85,#32D996
157,77,85,#32D999
158,77,85,#32D99C
159,77,85,#32D99E
160,77,85,#32D9A1
161,77,85,#32D9A4
162,77,85,#32D9A7
163,77,85,#32D9A9
164,77,85,#32D9AC
165,77,85,#32D9AF
166,77,85,#32D9B2
167,77,85,#32D9B5
168,77,85,#32D9B7
169,77,85,#32D9BA
170,77,85,#32D9BD
171,77,85,#32D9C0
172,77,85,#32D9C2
173,77,85,#32D9C5
174,77,85,#32D9C8
175,77,85,#32D9CB
176,77,85,#32D9CE
177,77,85,#32D9D0
178,77,85,#32D9D3
179,77,85,#32D9D6
180,77,85,#32D9D9
181,77,85,#32D6D9
182,77,85,#32D3D9
183,77,85,#32D0D9
184,77,85,#32CED9
185,77,85,#32CBD9
186,77,85,#32C8D9
187,77,85,#32C5D9
188,77,85,#32C2D9
189,77,85,#32C0D9
190,77,85,#32BDD9
191,77,85,#32BAD9
192,77,85,#32B7D9
193,77,85,#32B5D9
194,77,85,#32B2D9
195,77,85,#32AFD9
196,77,85,#32ACD9
197,77,85,#32A9D9
198,77,85,#32A7D9
199,77,85,#32A4D9
200,77,85,#32A1D9
201,77,85,#329ED9
202,77,85,#329CD9
203,77,85,#3299D9
204,77,85,#3296D9
205,77,85,#3293D9
206,77,85,#3290D9
207,77,85,#328ED9
208,77,85,#328BD9
209,77,85,#3288D9
210,77,85,#3285D9
211,77,85,#3283D9
212,77,85,#3280D9
213,77,85,#327DD9
214,77,85,#327AD9
215,77,85,#3277D9
216,77,85,#3275D9
217,77,85,#3272D9
218,77,85,#326FD9
219,77,85,#326CD9
220,77,85,#3269D9
221,77,85,#3267D9
222,77,85,#3264D9
223,77,85,#3261D9
224,77,85,#325ED9
225,77,85,#325CD9
226,77,85,#3259D9
227,77,85,#3256D9
228,77,85,#3253D9
229,77,85,#3250D9
230,77,85,#324ED9
231,77,85,#324BD9
232,77,85,#3248D9
233,77,85,#3245D9
234,77,85,#3243D9
235,77,85,#3240D9
236,77,85,#323DD9
237,77,85,#323AD9
238,77,85,#3237D9
239,77,85,#3235D9
240,77,85,#3232D9
241,77,85,#3532D9
242,77,85,#3732D9
243,77,85,#3A32D9
244,77,85,#3D32D9
245,77,85,#4032D9
246,77,85,#4332D9
247,77,85,#4532D9
248,77,85,#4832D9
249,77,85,#4B32D9
250,77,85,#4E32D9
251,77,85,#5032D9
252,77,85,#5332D9
253,77,85,#5632D9
254,77,85,#5932D9
255,77,85,#5C32D9
256,77,85,#5E32D9
257,77,85,#6132D9
258,77,85,#6432D9
259,77,85,#6732D9
260,77,85,#6932D9
261,77,85,#6C32D9
262,77,85,#6F32D9
263,77,85,#7232D9
264,77,85,#7532D9
265,77,85,#7732D9
266,77,85,#7A32D9
267,77,85,#7D32D9
268,77,85,#8032D9
269,77,85,#8332D9
270,77,85,#8532D9
271,77,85,#8832D9
272,77,85,#8B32D9
273,77,85,#8E32D9
274,77,85,#9032D9
275,77,85,#9332D9
276,77,85,#9632D9
277,77,85,#9932D9
278,77,85,#9C32D9
279,77,85,#9E32D9
280,77,85,#A132D9
281,77,85,#A432D9
282,77,85,#A732D9
283,77,85,#A932D9
284,77,85,#AC32D9
285,77,85,#AF32D9
286,77,85,#B232D9
287,77,85,#B532D9
288,77,85,#B732D9
289,77,85,#BA32D9
290,77,85,#BD32D9
291,77,85,#C032D9
292,77,85,#C232D9
293,77,85,#C532D9
294,77,85,#C832D9
295,77,85,#CB32D9
296,77,85,#CE32D9
297,77,85,#D032D9
298,77,85,#D332D9
299,77,85,#D632D9
300,77,85,#D932D9
301,77,85,#D932D6
302,77,85,#D932D3
303,77,85,#D932D0
304,77,85,#D932CE
305,77,85,#D932CB
306,77,85,#D932C8
307,77,85,#D932C5
308,77,85,#D932C2
309,77,85,#D932C0
310,77,85,#D932BD
311,77,85,#D932BA
312,77,85,#D932B7
313,77,85,#D932B5
314,77,85,#D932B2
315,77,85,#D932AF
316,77,85,#D932AC
317,77,85,#D932A9
318,77,85,#D932A7
319,77,85,#D932A4
320,77,85,#D932A1
321,77,85,#D9329E
322,77,85,#D9329C
323,77,85,#D93299
324,77,85,#D93296
325,77,85,#D93293
326,77,85,#D93290
327,77,85,#D9328E
328,77,85,#D9328B
329,77,85,#D93288
330,77,85,#D93285
331,77,85,#D93283
332,77,85,#D93280
333,77,85,#D9327D
334,77,85,#D9327A
335,77,85,#D93277
336,77,85,#D93275
337,77,85,#D93272
338,77,85,#D9326F
339,77,85,#D9326C
340,77,85,#D93269
341,77,85,#D93267
342,77,85,#D93264
343,77,85,#D93261
344,77,85,#D9325E
345,77,85,#D9325C
346,77,85,#D93259
347,77,85,#D93256
348,77,85,#D93253
349,77,85,#D93250
350,77,85,#D9324E
351,77,85,#D9324B
352,77,85,#D93248
353,77,85,#D93245
354,77,85,#D93243
355,77,85,#D93240
356,77,85,#D9323D
357,77,85,#D9323A
358,77,85,#D93237
359,77,85,#D93235
0,76,85,#D93434
1,76,85,#D93734
2,76,85,#D93A34
3,76,85,#D93C34
4,76,85,#D93F34
5,76,85,#D94234
6,76,85,#D94434
7,76,85,#D94734
8,76,85,#D94A34
9,76,85,#D94D34
10,76,85,#D94F34
11,76,85,#D95234
12,76,85,#D95534
13,76,85,#D95834
14,76,85,#D95A34
15,76,85,#D95D34
16,76,85,#D96034
17,76,85,#D96334
18,76,85,#D96534
19,76,85,#D96834
20,76,85,#D96B34
21,76,85,#D96E34
22,76,85,#D97034
23,76,85,#D97334
24,76,85,#D97634
25,76,85,#D97934
26,76,85,#D97B34
27,76,85,#D97E34
28,76,85,#D98134
29,76,85,#D98434
30,76,85,#D98634
31,76,85,#D98934
32,76,85,#D98C34
33,76,85,#D98F34
34,76,85,#D99134
35,76,85,#D99434
36,76,85,#D99734
37,76,85,#D99A34
38,76,85,#D99C34
39,76,85,#D99F34
40,76,85,#D9A234
41,76,85,#D9A534
42,76,85,#D9A734
43,76,85,#D9AA34
44,76,85,#D9AD34
45,76,85,#D9B034
46,76,85,#D9B234
47,76,85,#D9B534
48,76,85,#D9B834
49,76,85,#D9BB34
50,76,85,#D9BD34
51,76,85,#D9C034
52,76,85,#D9C334
53,76,85,#D9C634
54,76,85,#D9C834
55,76,85,#D9CB34
56,76,85,#D9CE34
57,76,85,#D9D134
58,76,85,#D9D334
59,76,85,#D9D634
60,76,85,#D9D934
61,76,85,#D6D934
62,76,85,#D3D934
63,76,85,#D1D934
64,76,85,#CED934
65,76,85,#CBD934
66,76,85,#C8D934
67,76,85,#C6D934
68,76,85,#C3D934
69,76,85,#C0D934
70,76,85,#BDD934
71,76,85,#BBD934
72,76,85,#B8D934
73,76,85,#B5D934
74,76,85,#B2D934
75,76,85,#B0D934
76,76,85,#ADD934
77,76,85,#AAD934
78,76,85,#A7D934
79,76,85,#A5D934
80,76,85,#A2D934
81,76,85,#9FD934
82,76,85,#9CD934
83,76,85,#9AD934
84,76,85,#97D934
85,76,85,#94D934
86,76,85,#91D934
87,76,85,#8FD934
88,76,85,#8CD934
89,76,85,#89D934
90,76,85,#86D934
91,76,85,#84D934
92,76,85,#81D934
93,76,85,#7ED934
94,76,85,#7BD934
95,76,85,#79D934
96,76,85,#76D934
97,76,85,#73D934
98,76,85,#70D934
99,76,85,#6ED934
100,76,85,#6BD934
101,76,85,#68D934
102,76,85,#65D934
103,76,85,#63D934
104,76,85,#60D934
105,76,85,#5DD934
106,76,85,#5AD934
107,76,85,#58D934
108,76,85,#55D934
109,76,85,#52D934
110,76,85,#4FD934
111,76,85,#4DD934
112,76,85,#4AD934
113,76,85,#47D934
114,76,85,#44D934
115,76,85,#42D934
116,76,85,#3FD934
117,76,85,#3CD934
118,76,85,#3AD934
119,76,85,#37D934
120,76,85,#34D934
121,76,85,#34D937
122,76,85,#34D93A
123,76,85,#34D93C
124,76,85,#34D93F
125,76,85,#34D942
126,76,85,#34D944
127,76,85,#34D947
128,76,85,#34D94A
129,76,85,#34D94D
130,76,85,#34D94F
131,76,85,#34D952
132,76,85,#34D955
133,76,85,#34D958
134,76,85,#34D95A
135,76,85,#34D95D
136,76,85,#34D960
137,76,85,#34D963
138,76,85,#34D965
139,76,85,#34D968
140,76,85,#34D96B
141,76,85,#34D96E
142,76,85,#34D970
143,76,85,#34D973
144,76,85,#34D976
145,76,85,#34D979
146,76,85,#34D97B
147,76,85,#34D97E
148,76,85,#34D981
149,76,85,#34D984
150,76,85,#34D986
151,76,85,#34D989
152,76,85,#34D98C
153,76,85,#34D98F
154,76,85,#34D991
155,76,85,#34D994
156,76,85,#34D997
157,76,85,#34D99A
158,76,85,#34D99C
159,76,85,#34D99F
160,76,85,#34D9A2
161,76,85,#34D9A5
162,76,85,#34D9A7
163,76,85,#34D9AA
164,76,85,#34D9AD
165,76,85,#34D9B0
166,76,85,#34D9B2
167,76,85,#34D9B5
168,76,85,#34D9B8
169,76,85,#34D9BB
170,76,85,#34D9BD
171,76,85,#34D9C0
172,76,85,#34D9C3
173,76,85,#34D9C6
174,76,85,#34D9C8
175,76,85,#34D9CB
176,76,85,#34D9CE
177,76,85,#34D9D1
178,76,85,#34D9D3
179,76,85,#34D9D6
180,76,85,#34D9D9
181,76,85,#34D6D9
182,76,85,#34D3D9
183,76,85,#34D1D9
184,76,85,#34CED9
185,76,85,#34CBD9
186,76,85,#34C8D9
187,76,85,#34C6D9
188,76,85,#34C3D9
189,76,85,#34C0D9
190,76,85,#34BDD9
191,76,85,#34BBD9
192,76,85,#34B8D9
193,76,85,#34B5D9
194,76,85,#34B2D9
195,76,85,#34B0D9
196,76,85,#34ADD9
197,76,85,#34AAD9
198,76,85,#34A7D9
199,76,85,#34A5D9
200,76,85,#34A2D9
201,76,85,#349FD9
202,76,85,#349CD9
203,76,85,#349AD9
204,76,85,#3497D9
205,76,85,#3494D9
206,76,85,#3491D9
207,76,85,#348FD9
208,76,85,#348CD9
209,76,85,#3489D9
210,76,85,#3486D9
211,76,85,#3484D9
212,76,85,#3481D9
213,76,85,#347ED9
214,76,85,#347BD9
215,76,85,#3479D9
216,76,85,#3476D9
217,76,85,#3473D9
218,76,85,#3470D9
219,76,85,#346ED9
220,76,85,#346BD9
221,76,85,#3468D9
222,76,85,#3465D9
223,76,85,#3463D9
224,76,85,#3460D9
225,76,85,#345DD9
226,76,85,#345AD9
227,76,85,#3458D9
228,76,85,#3455D9
229,76,85,#3452D9
230,76,85,#344FD9
231,76,85,#344DD9
232,76,85,#344AD9
233,76,85,#3447D9
234,76,85,#3444D9
235,76,85,#3442D9
236,76,85,#343FD9
237,76,85,#343CD9
238,76,85,#343AD9
239,76,85,#3437D9
240,76,85,#3434D9
241,76,85,#3734D9
242,76,85,#3A34D9
243,76,85,#3C34D9
244,76,85,#3F34D9
245,76,85,#4234D9
246,76,85,#4434D9
247,76,85,#4734D9
248,76,85,#4A34D9
249,76,85,#4D34D9
250,76,85,#4F34D9
251,76,85,#5234D9
252,76,85,#5534D9
253,76,85,#5834D9
254,76,85,#5A34D9
255,76,85,#5D34D9
256,76,85,#6034D9
257,76,85,#6334D9
258,76,85,#6534D9
259,76,85,#6834D9
260,76,85,#6B34D9
261,76,85,#6E34D9
262,76,85,#7034D9
263,76,85,#7334D9
264,76,85,#7634D9
265,76,85,#7934D9
266,76,85,#7B34D9
267,76,85,#7E34D9
268,76,85,#8134D9
269,76,85,#8434D9
270,76,85,#8634D9
271,76,85,#8934D9
272,76,85,#8C34D9
273,76,85,#8F34D9
274,76,85,#9134D9
275,76,85,#9434D9
276,76,85,#9734D9
277,76,85,#9A34D9
278,76,85,#9C34D9
279,76,85,#9F34D9
280,76,85,#A234D9
281,76,85,#A534D9
282,76,85,#A734D9
283,76,85,#AA34D9
284,76,85,#AD34D9
285,76,85,#B034D9
286,76,85,#B234D9
287,76,85,#B534D9
288,76,85,#B834D9
289,76,85,#BB34D9
290,76,85,#BD34D9
291,76,85,#C034D9
292,76,85,#C334D9
293,76,85,#C634D9
294,76,85,#C834D9
295,76,85,#CB34D9
296,76,85,#CE34D9
297,76,85,#D134D9
298,76,85,#D334D9
299,76,85,#D634D9
300,76,85,#D934D9
301,76,85,#D934D6
302,76,85,#D934D3
303,76,85,#D934D1
304,76,85,#D934CE
305,76,85,#D934CB
306,76,85,#D934C8
307,76,85,#D934C6
308,76,85,#D934C3
309,76,85,#D934C0
310,76,85,#D934BD
311,76,85,#D934BB
312,76,85,#D934B8
313,76,85,#D934B5
314,76,85,#D934B2
315,76,85,#D934B0
316,76,85,#D934AD
317,76,85,#D934AA
318,76,85,#D934A7
319,76,85,#D934A5
320,76,85,#D934A2
321,76,85,#D9349F
322,76,85,#D9349C
323,76,85,#D9349A
324,76,85,#D93497
325,76,85,#D93494
326,76,85,#D93491
327,76,85,#D9348F
328,76,85,#D9348C
329,76,85,#D93489
330,76,85,#D93486
331,76,85,#D93484
332,76,85,#D93481
333,76,85,#D9347E
334,76,85,#D9347B
335,76,85,#D93479
336,76,85,#D93476
337,76,85,#D93473
338,76,85,#D93470
339,76,85,#D9346E
340,76,85,#D9346B
341,76,85,#D93468
342,76,85,#D93465
343,76,85,#D93463
344,76,85,#D93460
345,76,85,#D9345D
346,76,85,#D9345A
347,76,85,#D93458
348,76,85,#D93455
349,76,85,#D93452
350,76,85,#D9344F
351,76,85,#D9344D
352,76,85,#D9344A
353,76,85,#D93447
354,76,85,#D93444
355,76,85,#D93442
356,76,85,#D9343F
357,76,85,#D9343C
358,76,85,#D9343A
359,76,85,#D93437
0,75,85,#D93636
1,75,85,#D93936
2,75,85,#D93C36
3,75,85,#D93E36
4,75,85,#D94136
5,75,85,#D94436
6,75,85,#D94636
7,75,85,#D94936
8,75,85,#D94C36
9,75,85,#D94F36
10,75,85,#D95136
11,75,85,#D95436
12,75,85,#D95736
13,75,85,#D95936
14,75,85,#D95C36
15,75,85,#D95F36
16,75,85,#D96236
17,75,85,#D96436
18,75,85,#D96736
19,75,85,#D96A36
20,75,85,#D96C36
21,75,85,#D96F36
22,75,85,#D97236
23,75,85,#D97536
24,75,85,#D97736
25,75,85,#D97A36
26,75,85,#D97D36
27,75,85,#D97F36
28,75,85,#D98236
29,75,85,#D98536
30,75,85,#D98736
31,75,85,#D98A36
32,75,85,#D98D36
33,75,85,#D99036
34,75,85,#D99236
35,75,85,#D99536
36,75,85,#D99836
37,75,85,#D99A36
38,75,85,#D99D36
39,75,85,#D9A036
40,75,85,#D9A336
41,75,85,#D9A536
42,75,85,#D9A836
43,75,85,#D9AB36
44,75,85,#D9AD36
45,75,85,#D9B036
46,75,85,#D9B336
47,75,85,#D9B636
48,75,85,#D9B836
49,75,85,#D9BB36
50,75,85,#D9BE36
51,75,85,#D9C036
52,75,85,#D9C336
53,75,85,#D9C636
54,75,85,#D9C836
55,75,85,#D9CB36
56,75,85,#D9CE36
57,75,85,#D9D136
58,75,85,#D9D336
59,75,85,#D9D636
60,75,85,#D9D936
61,75,85,#D6D936
62,75,85,#D3D936
63,75,85,#D1D936
64,75,85,#CED936
65,75,85,#CBD936
66,75,85,#C8D936
67,75,85,#C6D936
68,75,85,#C3D936
69,75,85,#C0D936
70,75,85,#BED936
71,75,85,#BBD936
72,75,85,#B8D936
73,75,85,#B6D936
74,75,85,#B3D936
75,75,85,#B0D936
76,75,85,#ADD936
77,75,85,#ABD936
78,75,85,#A8D936
79,75,85,#A5D936
80,75,85,#A3D936
81,75,85,#A0D936
82,75,85,#9DD936
83,75,85,#9AD936
84,75,85,#98D936
85,75,85,#95D936
86,75,85,#92D936
87,75,85,#90D936
88,75,85,#8DD936
89,75,85,#8AD936
90,75,85,#87D936
91,75,85,#85D936
92,75,85,#82D936
93,75,85,#7FD936
94,75,85,#7DD936
95,75,85,#7AD936
96,75,85,#77D936
97,75,85,#75D936
98,75,85,#72D936
99,75,85,#6FD936
100,75,85,#6CD936
101,75,85,#6AD936
102,75,85,#67D936
103,75,85,#64D936
104,75,85,#62D936
105,75,85,#5FD936
106,75,85,#5CD936
107,75,85,#59D936
108,75,85,#57D936
109,75,85,#54D936
110,75,85,#51D936
111,75,85,#4FD936
112,75,85,#4CD936
113,75,85,#49D936
114,75,85,#46D936
115,75,85,#44D936
116,75,85,#41D936
117,75,85,#3ED936
118,75,85,#3CD936
119,75,85,#39D936
120,75,85,#36D936
121,75,85,#36D939
122,75,85,#36D93C
123,75,85,#36D93E
124,75,85,#36D941
125,75,85,#36D944
126,75,85,#36D946
127,75,85,#36D949
128,75,85,#36D94C
129,75,85,#36D94F
130,75,85,#36D951
131,75,85,#36D954
132,75,85,#36D957
133,75,85,#36D959
134,75,85,#36D95C
135,75,85,#36D95F
136,75,85,#36D962
137,75,85,#36D964
138,75,85,#36D967
139,75,85,#36D96A
140,75,85,#36D96C
141,75,85,#36D96F
142,75,85,#36D972
143,75,85,#36D975
144,75,85,#36D977
145,75,85,#36D97A
146,75,85,#36D97D
147,75,85,#36D97F
148,75,85,#36D982
149,75,85,#36D985
150,75,85,#36D987
151,75,85,#36D98A
152,75,85,#36D98D
153,75,85,#36D990
154,75,85,#36D992
155,75,85,#36D995
156,75,85,#36D998
157,75,85,#36D99A
158,75,85,#36D99D
159,75,85,#36D9A0
160,75,85,#36D9A3
161,75,85,#36D9A5
162,75,85,#36D9A8
163,75,85,#36D9AB
164,75,85,#36D9AD
165,75,85,#36D9B0
166,75,85,#36D9B3
167,75,85,#36D9B6
168,75,85,#36D9B8
169,75,85,#36D9BB
170,75,85,#36D9BE
171,75,85,#36D9C0
172,75,85,#36D9C3
173,75,85,#36D9C6
174,75,85,#36D9C8
175,75,85,#36D9CB
176,75,85,#36D9CE
177,75,85,#36D9D1
178,75,85,#36D9D3
179,75,85,#36D9D6
180,75,85,#36D9D9
181,75,85,#36D6D9
182,75,85,#36D3D9
183,75,85,#36D1D9
184,75,85,#36CED9
185,75,85,#36CBD9
186,75,85,#36C8D9
187,75,85,#36C6D9
188,75,85,#36C3D9
189,75,85,#36C0D9
190,75,85,#36BED9
191,75,85,#36BBD9
192,75,85,#36B8D9
193,75,85,#36B6D9
194,75,85,#36B3D9
195,75,85,#36B0D9
196,75,85,#36ADD9
197,75,85,#36ABD9
198,75,85,#36A8D9
199,75,85,#36A5D9
200,75,85,#36A3D9
201,75,85,#36A0D9
202,75,85,#369DD9
203,75,85,#369AD9
204,75,85,#3698D9
205,75,85,#3695D9
206,75,85,#3692D9
207,75,85,#3690D9
208,75,85,#368DD9
209,75,85,#368AD9
210,75,85,#3687D9
211,75,85,#3685D9
212,75,85,#3682D9
213,75,85,#367FD9
214,75,85,#367DD9
215,75,85,#367AD9
216,75,85,#3677D9
217,75,85,#3675D9
218,75,85,#3672D9
219,75,85,#366FD9
220,75,85,#366CD9
221,75,85,#366AD9
222,75,85,#3667D9
223,75,85,#3664D9
224,75,85,#3662D9
225,75,85,#365FD9
226,75,85,#365CD9
227,75,85,#3659D9
228,75,85,#3657D9
229,75,85,#3654D9
230,75,85,#3651D9
231,75,85,#364FD9
232,75,85,#364CD9
233,75,85,#3649D9
234,75,85,#3646D9
235,75,85,#3644D9
236,75,85,#3641D9
237,75,85,#363ED9
238,75,85,#363CD9
239,75,85,#3639D9
240,75,85,#3636D9
241,75,85,#3936D9
242,75,85,#3C36D9
243,75,85,#3E36D9
244,75,85,#4136D9
245,75,85,#4436D9
246,75,85,#4636D9
247,75,85,#4936D9
248,75,85,#4C36D9
249,75,85,#4F36D9
250,75,85,#5136D9
251,75,85,#5436D9
252,75,85,#5736D9
253,75,85,#5936D9
254,75,85,#5C36D9
255,75,85,#5F36D9
256,75,85,#6236D9
257,75,85,#6436D9
258,75,85,#6736D9
259,75,85,#6A36D9
260,75,85,#6C36D9
261,75,85,#6F36D9
262,75,85,#7236D9
263,75,85,#7536D9
264,75,85,#7736D9
265,75,85,#7A36D9
266,75,85,#7D36D9
267,75,85,#7F36D9
268,75,85,#8236D9
269,75,85,#8536D9
270,75,85,#8736D9
271,75,85,#8A36D9
272,75,85,#8D36D9
273,75,85,#9036D9
274,75,85,#9236D9
275,75,85,#9536D9
276,75,85,#9836D9
277,75,85,#9A36D9
278,75,85,#9D36D9
279,75,85,#A036D9
280,75,85,#A336D9
281,75,85,#A536D9
282,75,85,#A836D9
283,75,85,#AB36D9
284,75,85,#AD36D9
285,75,85,#B036D9
286,75,85,#B336D9
287,75,85,#B636D9
288,75,85,#B836D9
289,75,85,#BB36D9
290,75,85,#BE36D9
291,75,85,#C036D9
292,75,85,#C336D9
293,75,85,#C636D9
294,75,85,#C836D9
295,75,85,#CB36D9
296,75,85,#CE36D9
297,75,85,#D136D9
298,75,85,#D336D9
299,75,85,#D636D9
300,75,85,#D936D9
301,75,85,#D936D6
302,75,85,#D936D3
303,75,85,#D936D1
304,75,85,#D936CE
305,75,85,#D936CB
306,75,85,#D936C8
307,75,85,#D936C6
308,75,85,#D936C3
309,75,85,#D936C0
310,75,85,#D936BE
311,75,85,#D936BB
312,75,85,#D936B8
313,75,85,#D936B6
314,75,85,#D936B3
315,75,85,#D936B0
316,75,85,#D936AD
317,75,85,#D936AB
318,75,85,#D936A8
319,75,85,#D936A5
320,75,85,#D936A3
321,75,85,#D936A0
322,75,85,#D9369D
323,75,85,#D9369A
324,75,85,#D93698
325,75,85,#D93695
326,75,85,#D93692
327,75,85,#D93690
328,75,85,#D9368D
329,75,85,#D9368A
330,75,85,#D93687
331,75,85,#D93685
332,75,85,#D93682
333,75,85,#D9367F
334,75,85,#D9367D
335,75,85,#D9367A
336,75,85,#D93677
337,75,85,#D93675
338,75,85,#D93672
339,75,85,#D9366F
340,75,85,#D9366C
341,75,85,#D9366A
342,75,85,#D93667
343,75,85,#D93664
344,75,85,#D93662
345,75,85,#D9365F
346,75,85,#D9365C
347,75,85,#D93659
348,75,85,#D93657
349,75,85,#D93654
350,75,85,#D93651
351,75,85,#D9364F
352,75,85,#D9364C
353,75,85,#D93649
354,75,85,#D93646
355,75,85,#D93644
356,75,85,#D93641
357,75,85,#D9363E
358,75,85,#D9363C
359,75,85,#D93639
0,74,85,#D93838
1,74,85,#D93B38
2,74,85,#D93E38
3,74,85,#D94038
4,74,85,#D94338
5,74,85,#D94638
6,74,85,#D94838
7,74,85,#D94B38
8,74,85,#D94E38
9,74,85,#D95038
10,74,85,#D95338
11,74,85,#D95638
12,74,85,#D95838
13,74,85,#D95B38
14,74,85,#D95E38
15,74,85,#D96038
16,74,85,#D96338
17,74,85,#D96638
18,74,85,#D96838
19,74,85,#D96B38
20,74,85,#D96E38
21,74,85,#D97038
22,74,85,#D97338
23,74,85,#D97638
24,74,85,#D97938
25,74,85,#D97B38
26,74,85,#D97E38
27,74,85,#D98138
28,74,85,#D98338
29,74,85,#D98638
30,74,85,#D98938
31,74,85,#D98B38
32,74,85,#D98E38
33,74,85,#D99138
34,74,85,#D99338
35,74,85,#D99638
36,74,85,#D99938
37,74,85,#D99B38
38,74,85,#D99E38
39,74,85,#D9A138
40,74,85,#D9A338
41,74,85,#D9A638
42,74,85,#D9A938
43,74,85,#D9AB38
44,74,85,#D9AE38
45,74,85,#D9B138
46,74,85,#D9B338
47,74,85,#D9B638
48,74,85,#D9B938
49,74,85,#D9BB38
50,74,85,#D9BE38
51,74,85,#D9C138
52,74,85,#D9C338
53,74,85,#D9C638
54,74,85,#D9C938
55,74,85,#D9CB38
56,74,85,#D9CE38
57,74,85,#D9D138
58,74,85,#D9D338
59,74,85,#D9D638
60,74,85,#D9D938
61,74,85,#D6D938
62,74,85,#D3D938
63,74,85,#D1D938
64,74,85,#CED938
65,74,85,#CBD938
66,74,85,#C9D938
67,74,85,#C6D938
68,74,85,#C3D938
69,74,85,#C1D938
70,74,85,#BED938
71,74,85,#BBD938
72,74,85,#B9D938
73,74,85,#B6D938
74,74,85,#B3D938
75,74,85,#B1D938
76,74,85,#AED938
77,74,85,#ABD938
78,74,85,#A9D938
79,74,85,#A6D938
80,74,85,#A3D938
81,74,85,#A1D938
82,74,85,#9ED938
83,74,85,#9BD938
84,74,85,#99D938
85,74,85,#96D938
86,74,85,#93D938
87,74,85,#91D938
88,74,85,#8ED938
89,74,85,#8BD938
90,74,85,#89D938
91,74,85,#86D938
92,74,85,#83D938
93,74,85,#81D938
94,74,85,#7ED938
95,74,85,#7BD938
96,74,85,#79D938
97,74,85,#76D938
98,74,85,#73D938
99,74,85,#70D938
100,74,85,#6ED938
101,74,85,#6BD938
102,74,85,#68D938
103,74,85,#66D938
104,74,85,#63D938
105,74,85,#60D938
106,74,85,#5ED938
107,74,85,#5BD938
108,74,85,#58D938
109,74,85,#56D938
110,74,85,#53D938
111,74,85,#50D938
112,74,85,#4ED938
113,74,85,#4BD938
114,74,85,#48D938
115,74,85,#46D938
116,74,85,#43D938
117,74,85,#40D938
118,74,85,#3ED938
119,74,85,#3BD938
120,74,85,#38D938
121,74,85,#38D93B
122,74,85,#38D93E
123,74,85,#38D940
124,74,85,#38D943
125,74,85,#38D946
126,74,85,#38D948
127,74,85,#38D94B
128,74,85,#38D94E
129,74,85,#38D950
130,74,85,#38D953
131,74,85,#38D956
132,74,85,#38D958
133,74,85,#38D95B
134,74,85,#38D95E
135,74,85,#38D960
136,74,85,#38D963
137,74,85,#38D966
138,74,85,#38D968
139,74,85,#38D96B
140,74,85,#38D96E
141,74,85,#38D970
142,74,85,#38D973
143,74,85,#38D976
144,74,85,#38D979
145,74,85,#38D97B
146,74,85,#38D97E
147,74,85,#38D981
148,74,85,#38D983
149,74,85,#38D986
150,74,85,#38D989
151,74,85,#38D98B
152,74,85,#38D98E
153,74,85,#38D991
154,74,85,#38D993
155,74,85,#38D996
156,74,85,#38D999
157,74,85,#38D99B
158,74,85,#38D99E
159,74,85,#38D9A1
160,74,85,#38D9A3
161,74,85,#38D9A6
162,74,85,#38D9A9
163,74,85,#38D9AB
164,74,85,#38D9AE
165,74,85,#38D9B1
166,74,85,#38D9B3
167,74,85,#38D9B6
168,74,85,#38D9B9
169,74,85,#38D9BB
170,74,85,#38D9BE
171,74,85,#38D9C1
172,74,85,#38D9C3
173,74,85,#38D9C6
174,74,85,#38D9C9
175,74,85,#38D9CB
176,74,85,#38D9CE
177,74,85,#38D9D1
178,74,85,#38D9D3
179,74,85,#38D9D6
180,74,85,#38D9D9
181,74,85,#38D6D9
182,74,85,#38D3D9
183,74,85,#38D1D9
184,74,85,#38CED9
185,74,85,#38CBD9
186,74,85,#38C9D9
187,74,85,#38C6D9
188,74,85,#38C3D9
189,74,85,#38C1D9
190,74,85,#38BED9
191,74,85,#38BBD9
192,74,85,#38B9D9
193,74,85,#38B6D9
194,74,85,#38B3D9
195,74,85,#38B1D9
196,74,85,#38AED9
197,74,85,#38ABD9
198,74,85,#38A9D9
199,74,85,#38A6D9
200,74,85,#38A3D9
201,74,85,#38A1D9
202,74,85,#389ED9
203,74,85,#389BD9
204,74,85,#3899D9
205,74,85,#3896D9
206,74,85,#3893D9
207,74,85,#3891D9
208,74,85,#388ED9
209,74,85,#388BD9
210,74,85,#3889D9
211,74,85,#3886D9
212,74,85,#3883D9
213,74,85,#3881D9
214,74,85,#387ED9
215,74,85,#387BD9
216,74,85,#3879D9
217,74,85,#3876D9
218,74,85,#3873D9
219,74,85,#3870D9
220,74,85,#386ED9
221,74,85,#386BD9
222,74,85,#3868D9
223,74,85,#3866D9
224,74,85,#3863D9
225,74,85,#3860D9
226,74,85,#385ED9
227,74,85,#385BD9
228,74,85,#3858D9
229,74,85,#3856D9
230,74,85,#3853D9
231,74,85,#3850D9
232,74,85,#384ED9
233,74,85,#384BD9
234,74,85,#3848D9
235,74,85,#3846D9
236,74,85,#3843D9
237,74,85,#3840D9
238,74,85,#383ED9
239,74,85,#383BD9
240,74,85,#3838D9
241,74,85,#3B38D9
242,74,85,#3E38D9
243,74,85,#4038D9
244,74,85,#4338D9
245,74,85,#4638D9
246,74,85,#4838D9
247,74,85,#4B38D9
248,74,85,#4E38D9
249,74,85,#5038D9
250,74,85,#5338D9
251,74,85,#5638D9
252,74,85,#5838D9
253,74,85,#5B38D9
254,74,85,#5E38D9
255,74,85,#6038D9
256,74,85,#6338D9
257,74,85,#6638D9
258,74,85,#6838D9
259,74,85,#6B38D9
260,74,85,#6E38D9
261,74,85,#7038D9
262,74,85,#7338D9
263,74,85,#7638D9
264,74,85,#7938D9
265,74,85,#7B38D9
266,74,85,#7E38D9
267,74,85,#8138D9
268,74,85,#8338D9
269,74,85,#8638D9
270,74,85,#8938D9
271,74,85,#8B38D9
272,74,85,#8E38D9
273,74,85,#9138D9
274,74,85,#9338D9
275,74,85,#9638D9
276,74,85,#9938D9
277,74,85,#9B38D9
278,74,85,#9E38D9
279,74,85,#A138D9
280,74,85,#A338D9
281,74,85,#A638D9
282,74,85,#A938D9
283,74,85,#AB38D9
284,74,85,#AE38D9
285,74,85,#B138D9
286,74,85,#B338D9
287,74,85,#B638D9
288,74,85,#B938D9
289,74,85,#BB38D9
290,74,85,#BE38D9
291,74,85,#C138D9
292,74,85,#C338D9
293,74,85,#C638D9
294,74,85,#C938D9
295,74,85,#CB38D9
296,74,85,#CE38D9
297,74,85,#D138D9
298,74,85,#D338D9
299,74,85,#D638D9
300,74,85,#D938D9
301,74,85,#D938D6
302,74,85,#D938D3
303,74,85,#D938D1
304,74,85,#D938CE
305,74,85,#D938CB
306,74,85,#D938C9
307,74,85,#D938C6
308,74,85,#D938C3
309,74,85,#D938C1
310,74,85,#D938BE
311,74,85,#D938BB
312,74,85,#D938B9
313,74,85,#D938B6
314,74,85,#D938B3
315,74,85,#D938B1
316,74,85,#D938AE
317,74,85,#D938AB
318,74,85,#D938A9
319,74,85,#D938A6
320,74,85,#D938A3
321,74,85,#D938A1
322,74,85,#D9389E
323,74,85,#D9389B
324,74,85,#D93899
325,74,85,#D93896
326,74,85,#D93893
327,74,85,#D93891
328,74,85,#D9388E
329,74,85,#D9388B
330,74,85,#D93889
331,74,85,#D93886
332,74,85,#D93883
333,74,85,#D93881
334,74,85,#D9387E
335,74,85,#D9387B
336,74,85,#D93879
337,74,85,#D93876
338,74,85,#D93873
339,74,85,#D93870
340,74,85,#D9386E
341,74,85,#D9386B
342,74,85,#D93868
343,74,85,#D93866
344,74,85,#D93863
345,74,85,#D93860
346,74,85,#D9385E
347,74,85,#D9385B
348,74,85,#D93858
349,74,85,#D93856
350,74,85,#D93853
351,74,85,#D93850
352,74,85,#D9384E
353,74,85,#D9384B
354,74,85,#D93848
355,74,85,#D93846
356,74,85,#D93843
357,74,85,#D93840
358,74,85,#D9383E
359,74,85,#D9383B
0,73,85,#D93B3B
1,73,85,#D93D3B
2,73,85,#D9403B
3,73,85,#D9423B
4,73,85,#D9453B
5,73,85,#D9483B
6,73,85,#D94A3B
7,73,85,#D94D3B
8,73,85,#D9503B
9,73,85,#D9523B
10,73,85,#D9553B
11,73,85,#D9583B
12,73,85,#D95A3B
13,73,85,#D95D3B
14,73,85,#D95F3B
15,73,85,#D9623B
16,73,85,#D9653B
17,73,85,#D9673B
18,73,85,#D96A3B
19,73,85,#D96D3B
20,73,85,#D96F3B
21,73,85,#D9723B
22,73,85,#D9753B
23,73,85,#D9773B
24,73,85,#D97A3B
25,73,85,#D97C3B
26,73,85,#D97F3B
27,73,85,#D9823B
28,73,85,#D9843B
29,73,85,#D9873B
30,73,85,#D98A3B
31,73,85,#D98C3B
32,73,85,#D98F3B
33,73,85,#D9923B
34,73,85,#D9943B
35,73,85,#D9973B
36,73,85,#D9993B
37,73,85,#D99C3B
38,73,85,#D99F3B
39,73,85,#D9A13B
40,73,85,#D9A43B
41,73,85,#D9A73B
42,73,85,#D9A93B
43,73,85,#D9AC3B
44,73,85,#D9AF3B
45,73,85,#D9B13B
46,73,85,#D9B43B
47,73,85,#D9B63B
48,73,85,#D9B93B
49,73,85,#D9BC3B
50,73,85,#D9BE3B
51,73,85,#D9C13B
52,73,85,#D9C43B
53,73,85,#D9C63B
54,73,85,#D9C93B
55,73,85,#D9CC3B
56,73,85,#D9CE3B
57,73,85,#D9D13B
58,73,85,#D9D33B
59,73,85,#D9D63B
60,73,85,#D9D93B
61,73,85,#D6D93B
62,73,85,#D3D93B
63,73,85,#D1D93B
64,73,85,#CED93B
65,73,85,#CCD93B
66,73,85,#C9D93B
67,73,85,#C6D93B
68,73,85,#C4D93B
69,73,85,#C1D93B
70,73,85,#BED93B
71,73,85,#BCD93B
72,73,85,#B9D93B
73,73,85,#B6D93B
74,73,85,#B4D93B
75,73,85,#B1D93B
76,73,85,#AFD93B
77,73,85,#ACD93B
78,73,85,#A9D93B
79,73,85,#A7D93B
80,73,85,#A4D93B
81,73,85,#A1D93B
82,73,85,#9FD93B
83,73,85,#9CD93B
84,73,85,#99D93B
85,73,85,#97D93B
86,73,85,#94D93B
87,73,85,#92D93B
88,73,85,#8FD93B
89,73,85,#8CD93B
90,73,85,#8AD93B
91,73,85,#87D93B
92,73,85,#84D93B
93,73,85,#82D93B
94,73,85,#7FD93B
95,73,85,#7CD93B
96,73,85,#7AD93B
97,73,85,#77D93B
98,73,85,#75D93B
99,73,85,#72D93B
100,73,85,#6FD93B
101,73,85,#6DD93B
102,73,85,#6AD93B
103,73,85,#67D93B
104,73,85,#65D93B
105,73,85,#62D93B
106,73,85,#5FD93B
107,73,85,#5DD93B
108,73,85,#5AD93B
109,73,85,#58D93B
110,73,85,#55D93B
111,73,85,#52D93B
112,73,85,#50D93B
113,73,85,#4DD93B
114,73,85,#4AD93B
115,73,85,#48D93B
116,73,85,#45D93B
117,73,85,#42D93B
118,73,85,#40D93B
119,73,85,#3DD93B
120,73,85,#3BD93B
121,73,85,#3BD93D
122,73,85,#3BD940
123,73,85,#3BD942
124,73,85,#3BD945
125,73,85,#3BD948
126,73,85,#3BD94A
127,73,85,#3BD94D
128,73,85,#3BD950
129,73,85,#3BD952
130,73,85,#3BD955
131,73,85,#3BD958
132,73,85,#3BD95A
133,73,85,#3BD95D
134,73,85,#3BD95F
135,73,85,#3BD962
136,73,85,#3BD965
137,73,85,#3BD967
138,73,85,#3BD96A
139,73,85,#3BD96D
140,73,85,#3BD96F
141,73,85,#3BD972
142,73,85,#3BD975
143,73,85,#3BD977
144,73,85,#3BD97A
145,73,85,#3BD97C
146,73,85,#3BD97F
147,73,85,#3BD982
148,73,85,#3BD984
149,73,85,#3BD987
150,73,85,#3BD98A
151,73,85,#3BD98C
152,73,85,#3BD98F
153,73,85,#3BD992
154,73,85,#3BD994
155,73,85,#3BD997
156,73,85,#3BD999
157,73,85,#3BD99C
158,73,85,#3BD99F
159,73,85,#3BD9A1
160,73,85,#3BD9A4
161,73,85,#3BD9A7
162,73,85,#3BD9A9
163,73,85,#3BD9AC
164,73,85,#3BD9AF
165,73,85,#3BD9B1
166,73,85,#3BD9B4
167,73,85,#3BD9B6
168,73,85,#3BD9B9
169,73,85,#3BD9BC
170,73,85,#3BD9BE
171,73,85,#3BD9C1
172,73,85,#3BD9C4
173,73,85,#3BD9C6
174,73,85,#3BD9C9
175,73,85,#3BD9CC
176,73,85,#3BD9CE
177,73,85,#3BD9D1
178,73,85,#3BD9D3
179,73,85,#3BD9D6
180,73,85,#3BD9D9
181,73,85,#3BD6D9
182,73,85,#3BD3D9
183,73,85,#3BD1D9
184,73,85,#3BCED9
185,73,85,#3BCCD9
186,73,85,#3BC9D9
187,73,85,#3BC6D9
188,73,85,#3BC4D9
189,73,85,#3BC1D9
190,73,85,#3BBED9
191,73,85,#3BBCD9
192,73,85,#3BB9D9
193,73,85,#3BB6D9
194,73,85,#3BB4D9
195,73,85,#3BB1D9
196,73,85,#3BAFD9
197,73,85,#3BACD9
198,73,85,#3BA9D9
199,73,85,#3BA7D9
200,73,85,#3BA4D9
201,73,85,#3BA1D9
202,73,85,#3B9FD9
203,73,85,#3B9CD9
204,73,85,#3B99D9
205,73,85,#3B97D9
206,73,85,#3B94D9
207,73,85,#3B92D9
208,73,85,#3B8FD9
209,73,85,#3B8CD9
210,73,85,#3B8AD9
211,73,85,#3B87D9
212,73,85,#3B84D9
213,73,85,#3B82D9
214,73,85,#3B7FD9
215,73,85,#3B7CD9
216,73,85,#3B7AD9
217,73,85,#3B77D9
218,73,85,#3B75D9
219,73,85,#3B72D9
220,73,85,#3B6FD9
221,73,85,#3B6DD9
222,73,85,#3B6AD9
223,73,85,#3B67D9
224,73,85,#3B65D9
225,73,85,#3B62D9
226,73,85,#3B5FD9
227,73,85,#3B5DD9
228,73,85,#3B5AD9
229,73,85,#3B58D9
230,73,85,#3B55D9
231,73,85,#3B52D9
232,73,85,#3B50D9
233,73,85,#3B4DD9
234,73,85,#3B4AD9
235,73,85,#3B48D9
236,73,85,#3B45D9
237,73,85,#3B42D9
238,73,85,#3B40D9
239,73,85,#3B3DD9
240,73,85,#3B3BD9
241,73,85,#3D3BD9
242,73,85,#403BD9
243,73,85,#423BD9
244,73,85,#453BD9
245,73,85,#483BD9
246,73,85,#4A3BD9
247,73,85,#4D3BD9
248,73,85,#503BD9
249,73,85,#523BD9
250,73,85,#553BD9
251,73,85,#583BD9
252,73,85,#5A3BD9
253,73,85,#5D3BD9
254,73,85,#5F3BD9
255,73,85,#623BD9
256,73,85,#653BD9
257,73,85,#673BD9
258,73,85,#6A3BD9
259,73,85,#6D3BD9
260,73,85,#6F3BD9
261,73,85,#723BD9
262,73,85,#753BD9
263,73,85,#773BD9
264,73,85,#7A3BD9
265,73,85,#7C3BD9
266,73,85,#7F3BD9
267,73,85,#823BD9
268,73,85,#843BD9
269,73,85,#873BD9
270,73,85,#8A3BD9
271,73,85,#8C3BD9
272,73,85,#8F3BD9
273,73,85,#923BD9
274,73,85,#943BD9
275,73,85,#973BD9
276,73,85,#993BD9
277,73,85,#9C3BD9
278,73,85,#9F3BD9
279,73,85,#A13BD9
280,73,85,#A43BD9
281,73,85,#A73BD9
282,73,85,#A93BD9
283,73,85,#AC3BD9
284,73,85,#AF3BD9
285,73,85,#B13BD9
286,73,85,#B43BD9
287,73,85,#B63BD9
288,73,85,#B93BD9
289,73,85,#BC3BD9
290,73,85,#BE3BD9
291,73,85,#C13BD9
292,73,85,#C43BD9
293,73,85,#C63BD9
294,73,85,#C93BD9
295,73,85,#CC3BD9
296,73,85,#CE3BD9
297,73,85,#D13BD9
298,73,85,#D33BD9
299,73,85,#D63BD9
300,73,85,#D93BD9
301,73,85,#D93BD6
302,73,85,#D93BD3
303,73,85,#D93BD1
304,73,85,#D93BCE
305,73,85,#D93BCC
306,73,85,#D93BC9
307,73,85,#D93BC6
308,73,85,#D93BC4
309,73,85,#D93BC1
310,73,85,#D93BBE
311,73,85,#D93BBC
312,73,85,#D93BB9
313,73,85,#D93BB6
314,73,85,#D93BB4
315,73,85,#D93BB1
316,73,85,#D93BAF
317,73,85,#D93BAC
318,73,85,#D93BA9
319,73,85,#D93BA7
320,73,85,#D93BA4
321,73,85,#D93BA1
322,73,85,#D93B9F
323,73,85,#D93B9C
324,73,85,#D93B99
325,73,85,#D93B97
326,73,85,#D93B94
327,73,85,#D93B92
328,73,85,#D93B8F
329,73,85,#D93B8C
330,73,85,#D93B8A
331,73,85,#D93B87
332,73,85,#D93B84
333,73,85,#D93B82
334,73,85,#D93B7F
335,73,85,#D93B7C
336,73,85,#D93B7A
337,73,85,#D93B77
338,73,85,#D93B75
339,73,85,#D93B72
340,73,85,#D93B6F
341,73,85,#D93B6D
342,73,85,#D93B6A
343,73,85,#D93B67
344,73,85,#D93B65
345,73,85,#D93B62
346,73,85,#D93B5F
347,73,85,#D93B5D
348,73,85,#D93B5A
349,73,85,#D93B58
350,73,85,#D93B55
351,73,85,#D93B52
352,73,85,#D93B50
353,73,85,#D93B4D
354,73,85,#D93B4A
355,73,85,#D93B48
356,73,85,#D93B45
357,73,85,#D93B42
358,73,85,#D93B40
359,73,85,#D93B3D
0,72,85,#D93D3D
1,72,85,#D93F3D
2,72,85,#D9423D
3,72,85,#D9443D
4,72,85,#D9473D
5,72,85,#D94A3D
6,72,85,#D94C3D
7,72,85,#D94F3D
8,72,85,#D9513D
9,72,85,#D9543D
10,72,85,#D9573D
11,72,85,#D9593D
12,72,85,#D95C3D
13,72,85,#D95F3D
14,72,85,#D9613D
15,72,85,#D9643D
16,72,85,#D9663D
17,72,85,#D9693D
18,72,85,#D96C3D
19,72,85,#D96E3D
20,72,85,#D9713D
21,72,85,#D9733D
22,72,85,#D9763D
23,72,85,#D9793D
24,72,85,#D97B3D
25,72,85,#D97E3D
26,72,85,#D9803D
27,72,85,#D9833D
28,72,85,#D9863D
29,72,85,#D9883D
30,72,85,#D98B3D
31,72,85,#D98D3D
32,72,85,#D9903D
33,72,85,#D9933D
34,72,85,#D9953D
35,72,85,#D9983D
36,72,85,#D99A3D
37,72,85,#D99D3D
38,72,85,#D9A03D
39,72,85,#D9A23D
40,72,85,#D9A53D
41,72,85,#D9A73D
42,72,85,#D9AA3D
43,72,85,#D9AD3D
44,72,85,#D9AF3D
45,72,85,#D9B23D
46,72,85,#D9B43D
47,72,85,#D9B73D
48,72,85,#D9BA3D
49,72,85,#D9BC3D
50,72,85,#D9BF3D
51,72,85,#D9C13D
52,72,85,#D9C43D
53,72,85,#D9C73D
54,72,85,#D9C93D
55,72,85,#D9CC3D
56,72,85,#D9CE3D
57,72,85,#D9D13D
58,72,85,#D9D43D
59,72,85,#D9D63D
60,72,85,#D9D93D
61,72,85,#D6D93D
62,72,85,#D4D93D
63,72,85,#D1D93D
64,72,85,#CED93D
65,72,85,#CCD93D
66,72,85,#C9D93D
67,72,85,#C7D93D
68,72,85,#C4D93D
69,72,85,#C1D93D
70,72,85,#BFD93D
71,72,85,#BCD93D
72,72,85,#BAD93D
73,72,85,#B7D93D
74,72,85,#B4D93D
75,72,85,#B2D93D
76,72,85,#AFD93D
77,72,85,#ADD93D
78,72,85,#AAD93D
79,72,85,#A7D93D
80,72,85,#A5D93D
81,72,85,#A2D93D
82,72,85,#A0D93D
83,72,85,#9DD93D
84,72,85,#9AD93D
85,72,85,#98D93D
86,72,85,#95D93D
87,72,85,#93D93D
88,72,85,#90D93D
89,72,85,#8DD93D
90,72,85,#8BD93D
91,72,85,#88D93D
92,72,85,#86D93D
93,72,85,#83D93D
94,72,85,#80D93D
95,72,85,#7ED93D
96,72,85,#7BD93D
97,72,85,#79D93D
98,72,85,#76D93D
99,72,85,#73D93D
100,72,85,#71D93D
101,72,85,#6ED93D
102,72,85,#6CD93D
103,72,85,#69D93D
104,72,85,#66D93D
105,72,85,#64D93D
106,72,85,#61D93D
107,72,85,#5FD93D
108,72,85,#5CD93D
109,72,85,#59D93D
110,72,85,#57D93D
111,72,85,#54D93D
112,72,85,#51D93D
113,72,85,#4FD93D
114,72,85,#4CD93D
115,72,85,#4AD93D
116,72,85,#47D93D
117,72,85,#44D93D
118,72,85,#42D93D
119,72,85,#3FD93D
120,72,85,#3DD93D
121,72,85,#3DD93F
122,72,85,#3DD942
123,72,85,#3DD944
124,72,85,#3DD947
125,72,85,#3DD94A
126,72,85,#3DD94C
127,72,85,#3DD94F
128,72,85,#3DD951
129,72,85,#3DD954
130,72,85,#3DD957
131,72,85,#3DD959
132,72,85,#3DD95C
133,72,85,#3DD95F
134,72,85,#3DD961
135,72,85,#3DD964
136,72,85,#3DD966
137,72,85,#3DD969
138,72,85,#3DD96C
139,72,85,#3DD96E
140,72,85,#3DD971
141,72,85,#3DD973
142,72,85,#3DD976
143,72,85,#3DD979
144,72,85,#3DD97B
145,72,85,#3DD97E
146,72,85,#3DD980
147,72,85,#3DD983
148,72,85,#3DD986
149,72,85,#3DD988
150,72,85,#3DD98B
151,72,85,#3DD98D
152,72,85,#3DD990
153,72,85,#3DD993
154,72,85,#3DD995
155,72,85,#3DD998
156,72,85,#3DD99A
157,72,85,#3DD99D
158,72,85,#3DD9A0
159,72,85,#3DD9A2
160,72,85,#3DD9A5
161,72,85,#3DD9A7
162,72,85,#3DD9AA
163,72,85,#3DD9AD
164,72,85,#3DD9AF
165,72,85,#3DD9B2
166,72,85,#3DD9B4
167,72,85,#3DD9B7
168,72,85,#3DD9BA
169,72,85,#3DD9BC
170,72,85,#3DD9BF
171,72,85,#3DD9C1
172,72,85,#3DD9C4
173,72,85,#3DD9C7
174,72,85,#3DD9C9
175,72,85,#3DD9CC
176,72,85,#3DD9CE
177,72,85,#3DD9D1
178,72,85,#3DD9D4
179,72,85,#3DD9D6
180,72,85,#3DD9D9
181,72,85,#3DD6D9
182,72,85,#3DD4D9
183,72,85,#3DD1D9
184,72,85,#3DCED9
185,72,85,#3DCCD9
186,72,85,#3DC9D9
187,72,85,#3DC7D9
188,72,85,#3DC4D9
189,72,85,#3DC1D9
190,72,85,#3DBFD9
191,72,85,#3DBCD9
192,72,85,#3DBAD9
193,72,85,#3DB7D9
194,72,85,#3DB4D9
195,72,85,#3DB2D9
196,72,85,#3DAFD9
197,72,85,#3DADD9
198,72,85,#3DAAD9
199,72,85,#3DA7D9
200,72,85,#3DA5D9
201,72,85,#3DA2D9
202,72,85,#3DA0D9
203,72,85,#3D9DD9
204,72,85,#3D9AD9
205,72,85,#3D98D9
206,72,85,#3D95D9
207,72,85,#3D93D9
208,72,85,#3D90D9
209,72,85,#3D8DD9
210,72,85,#3D8BD9
211,72,85,#3D88D9
212,72,85,#3D86D9
213,72,85,#3D83D9
214,72,85,#3D80D9
215,72,85,#3D7ED9
216,72,85,#3D7BD9
217,72,85,#3D79D9
218,72,85,#3D76D9
219,72,85,#3D73D9
220,72,85,#3D71D9
221,72,85,#3D6ED9
222,72,85,#3D6CD9
223,72,85,#3D69D9
224,72,85,#3D66D9
225,72,85,#3D64D9
226,72,85,#3D61D9
227,72,85,#3D5FD9
228,72,85,#3D5CD9
229,72,85,#3D59D9
230,72,85,#3D57D9
231,72,85,#3D54D9
232,72,85,#3D51D9
233,72,85,#3D4FD9
234,72,85,#3D4CD9
235,72,85,#3D4AD9
236,72,85,#3D47D9
237,72,85,#3D44D9
238,72,85,#3D42D9
239,72,85,#3D3FD9
240,72,85,#3D3DD9
241,72,85,#3F3DD9
242,72,85,#423DD9
243,72,85,#443DD9
244,72,85,#473DD9
245,72,85,#4A3DD9
246,72,85,#4C3DD9
247,72,85,#4F3DD9
248,72,85,#513DD9
249,72,85,#543DD9
250,72,85,#573DD9
251,72,85,#593DD9
252,72,85,#5C3DD9
253,72,85,#5F3DD9
254,72,85,#613DD9
255,72,85,#643DD9
256,72,85,#663DD9
257,72,85,#693DD9
258,72,85,#6C3DD9
259,72,85,#6E3DD9
260,72,85,#713DD9
261,72,85,#733DD9
262,72,85,#763DD9
263,72,85,#793DD9
264,72,85,#7B3DD9
265,72,85,#7E3DD9
266,72,85,#803DD9
267,72,85,#833DD9
268,72,85,#863DD9
269,72,85,#883DD9
270,72,85,#8B3DD9
271,72,85,#8D3DD9
272,72,85,#903DD9
273,72,85,#933DD9
274,72,85,#953DD9
275,72,85,#983DD9
276,72,85,#9A3DD9
277,72,85,#9D3DD9
278,72,85,#A03DD9
279,72,85,#A23DD9
280,72,85,#A53DD9
281,72,85,#A73DD9
282,72,85,#AA3DD9
283,72,85,#AD3DD9
284,72,85,#AF3DD9
285,72,85,#B23DD9
286,72,85,#B43DD9
287,72,85,#B73DD9
288,72,85,#BA3DD9
289,72,85,#BC3DD9
290,72,85,#BF3DD9
291,72,85,#C13DD9
292,72,85,#C43DD9
293,72,85,#C73DD9
294,72,85,#C93DD9
295,72,85,#CC3DD9
296,72,85,#CE3DD9
297,72,85,#D13DD9
298,72,85,#D43DD9
299,72,85,#D63DD9
300,72,85,#D93DD9
301,72,85,#D93DD6
302,72,85,#D93DD4
303,72,85,#D93DD1
304,72,85,#D93DCE
305,72,85,#D93DCC
306,72,85,#D93DC9
307,72,85,#D93DC7
308,72,85,#D93DC4
309,72,85,#D93DC1
310,72,85,#D93DBF
311,72,85,#D93DBC
312,72,85,#D93DBA
313,72,85,#D93DB7
314,72,85,#D93DB4
315,72,85,#D93DB2
316,72,85,#D93DAF
317,72,85,#D93DAD
318,72,85,#D93DAA
319,72,85,#D93DA7
320,72,85,#D93DA5
321,72,85,#D93DA2
322,72,85,#D93DA0
323,72,85,#D93D9D
324,72,85,#D93D9A
325,72,85,#D93D98
326,72,85,#D93D95
327,72,85,#D93D93
328,72,85,#D93D90
329,72,85,#D93D8D
330,72,85,#D93D8B
331,72,85,#D93D88
332,72,85,#D93D86
333,72,85,#D93D83
334,72,85,#D93D80
335,72,85,#D93D7E
336,72,85,#D93D7B
337,72,85,#D93D79
338,72,85,#D93D76
339,72,85,#D93D73
340,72,85,#D93D71
341,72,85,#D93D6E
342,72,85,#D93D6C
343,72,85,#D93D69
344,72,85,#D93D66
345,72,85,#D93D64
346,72,85,#D93D61
347,72,85,#D93D5F
348,72,85,#D93D5C
349,72,85,#D93D59
350,72,85,#D93D57
351,72,85,#D93D54
352,72,85,#D93D51
353,72,85,#D93D4F
354,72,85,#D93D4C
355,72,85,#D93D4A
356,72,85,#D93D47
357,72,85,#D93D44
358,72,85,#D93D42
359,72,85,#D93D3F
0,71,85,#D93F3F
1,71,85,#D9413F
2,71,85,#D9443F
3,71,85,#D9473F
4,71,85,#D9493F
5,71,85,#D94C3F
6,71,85,#D94E3F
7,71,85,#D9513F
8,71,85,#D9533F
9,71,85,#D9563F
10,71,85,#D9593F
11,71,85,#D95B3F
12,71,85,#D95E3F
13,71,85,#D9603F
14,71,85,#D9633F
15,71,85,#D9653F
16,71,85,#D9683F
17,71,85,#D96A3F
18,71,85,#D96D3F
19,71,85,#D9703F
20,71,85,#D9723F
21,71,85,#D9753F
22,71,85,#D9773F
23,71,85,#D97A3F
24,71,85,#D97C3F
25,71,85,#D97F3F
26,71,85,#D9823F
27,71,85,#D9843F
28,71,85,#D9873F
29,71,85,#D9893F
30,71,85,#D98C3F
31,71,85,#D98E3F
32,71,85,#D9913F
33,71,85,#D9933F
34,71,85,#D9963F
35,71,85,#D9993F
36,71,85,#D99B3F
37,71,85,#D99E3F
38,71,85,#D9A03F
39,71,85,#D9A33F
40,71,85,#D9A53F
41,71,85,#D9A83F
42,71,85,#D9AB3F
43,71,85,#D9AD3F
44,71,85,#D9B03F
45,71,85,#D9B23F
46,71,85,#D9B53F
47,71,85,#D9B73F
48,71,85,#D9BA3F
49,71,85,#D9BD3F
50,71,85,#D9BF3F
51,71,85,#D9C23F
52,71,85,#D9C43F
53,71,85,#D9C73F
54,71,85,#D9C93F
55,71,85,#D9CC3F
56,71,85,#D9CE3F
57,71,85,#D9D13F
58,71,85,#D9D43F
59,71,85,#D9D63F
60,71,85,#D9D93F
61,71,85,#D6D93F
62,71,85,#D4D93F
63,71,85,#D1D93F
64,71,85,#CED93F
65,71,85,#CCD93F
66,71,85,#C9D93F
67,71,85,#C7D93F
68,71,85,#C4D93F
69,71,85,#C2D93F
70,71,85,#BFD93F
71,71,85,#BDD93F
72,71,85,#BAD93F
73,71,85,#B7D93F
74,71,85,#B5D93F
75,71,85,#B2D93F
76,71,85,#B0D93F
77,71,85,#ADD93F
78,71,85,#ABD93F
79,71,85,#A8D93F
80,71,85,#A5D93F
81,71,85,#A3D93F
82,71,85,#A0D93F
83,71,85,#9ED93F
84,71,85,#9BD93F
85,71,85,#99D93F
86,71,85,#96D93F
87,71,85,#93D93F
88,71,85,#91D93F
89,71,85,#8ED93F
90,71,85,#8CD93F
91,71,85,#89D93F
92,71,85,#87D93F
93,71,85,#84D93F
94,71,85,#82D93F
95,71,85,#7FD93F
96,71,85,#7CD93F
97,71,85,#7AD93F
98,71,85,#77D93F
99,71,85,#75D93F
100,71,85,#72D93F
101,71,85,#70D93F
102,71,85,#6DD93F
103,71,85,#6AD93F
104,71,85,#68D93F
105,71,85,#65D93F
106,71,85,#63D93F
107,71,85,#60D93F
108,71,85,#5ED93F
109,71,85,#5BD93F
110,71,85,#59D93F
111,71,85,#56D93F
112,71,85,#53D93F
113,71,85,#51D93F
114,71,85,#4ED93F
115,71,85,#4CD93F
116,71,85,#49D93F
117,71,85,#47D93F
118,71,85,#44D93F
119,71,85,#41D93F
120,71,85,#3FD93F
121,71,85,#3FD941
122,71,85,#3FD944
123,71,85,#3FD947
124,71,85,#3FD949
125,71,85,#3FD94C
126,71,85,#3FD94E
127,71,85,#3FD951
128,71,85,#3FD953
129,71,85,#3FD956
130,71,85,#3FD959
131,71,85,#3FD95B
132,71,85,#3FD95E
133,71,85,#3FD960
134,71,85,#3FD963
135,71,85,#3FD965
136,71,85,#3FD968
137,71,85,#3FD96A
138,71,85,#3FD96D
139,71,85,#3FD970
140,71,85,#3FD972
141,71,85,#3FD975
142,71,85,#3FD977
143,71,85,#3FD97A
144,71,85,#3FD97C
145,71,85,#3FD97F
146,71,85,#3FD982
147,71,85,#3FD984
148,71,85,#3FD987
149,71,85,#3FD989
150,71,85,#3FD98C
151,71,85,#3FD98E
152,71,85,#3FD991
153,71,85,#3FD993
154,71,85,#3FD996
155,71,85,#3FD999
156,71,85,#3FD99B
157,71,85,#3FD99E
158,71,85,#3FD9A0
159,71,85,#3FD9A3
160,71,85,#3FD9A5
161,71,85,#3FD9A8
162,71,85,#3FD9AB
163,71,85,#3FD9AD
164,71,85,#3FD9B0
165,71,85,#3FD9B2
166,71,85,#3FD9B5
167,71,85,#3FD9B7
168,71,85,#3FD9BA
169,71,85,#3FD9BD
170,71,85,#3FD9BF
171,71,85,#3FD9C2
172,71,85,#3FD9C4
173,71,85,#3FD9C7
174,71,85,#3FD9C9
175,71,85,#3FD9CC
176,71,85,#3FD9CE
177,71,85,#3FD9D1
178,71,85,#3FD9D4
179,71,85,#3FD9D6
180,71,85,#3FD9D9
181,71,85,#3FD6D9
182,71,85,#3FD4D9
183,71,85,#3FD1D9
184,71,85,#3FCED9
185,71,85,#3FCCD9
186,71,85,#3FC9D9
187,71,85,#3FC7D9
188,71,85,#3FC4D9
189,71,85,#3FC2D9
190,71,85,#3FBFD9
191,71,85,#3FBDD9
192,71,85,#3FBAD9
193,71,85,#3FB7D9
194,71,85,#3FB5D9
195,71,85,#3FB2D9
196,71,85,#3FB0D9
197,71,85,#3FADD9
198,71,85,#3FABD9
199,71,85,#3FA8D9
200,71,85,#3FA5D9
201,71,85,#3FA3D9
202,71,85,#3FA0D9
203,71,85,#3F9ED9
204,71,85,#3F9BD9
205,71,85,#3F99D9
206,71,85,#3F96D9
207,71,85,#3F93D9
208,71,85,#3F91D9
209,71,85,#3F8ED9
210,71,85,#3F8CD9
211,71,85,#3F89D9
212,71,85,#3F87D9
213,71,85,#3F84D9
214,71,85,#3F82D9
215,71,85,#3F7FD9
216,71,85,#3F7CD9
217,71,85,#3F7AD9
218,71,85,#3F77D9
219,71,85,#3F75D9
220,71,85,#3F72D9
221,71,85,#3F70D9
222,71,85,#3F6DD9
223,71,85,#3F6AD9
224,71,85,#3F68D9
225,71,85,#3F65D9
226,71,85,#3F63D9
227,71,85,#3F60D9
228,71,85,#3F5ED9
229,71,85,#3F5BD9
230,71,85,#3F59D9
231,71,85,#3F56D9
232,71,85,#3F53D9
233,71,85,#3F51D9
234,71,85,#3F4ED9
235,71,85,#3F4CD9
236,71,85,#3F49D9
237,71,85,#3F47D9
238,71,85,#3F44D9
239,71,85,#3F41D9
240,71,85,#3F3FD9
241,71,85,#413FD9
242,71,85,#443FD9
243,71,85,#473FD9
244,71,85,#493FD9
245,71,85,#4C3FD9
246,71,85,#4E3FD9
247,71,85,#513FD9
248,71,85,#533FD9
249,71,85,#563FD9
250,71,85,#593FD9
251,71,85,#5B3FD9
252,71,85,#5E3FD9
253,71,85,#603FD9
254,71,85,#633FD9
255,71,85,#653FD9
256,71,85,#683FD9
257,71,85,#6A3FD9
258,71,85,#6D3FD9
259,71,85,#703FD9
260,71,85,#723FD9
261,71,85,#753FD9
262,71,85,#773FD9
263,71,85,#7A3FD9
264,71,85,#7C3FD9
265,71,85,#7F3FD9
266,71,85,#823FD9
267,71,85,#843FD9
268,71,85,#873FD9
269,71,85,#893FD9
270,71,85,#8C3FD9
271,71,85,#8E3FD9
272,71,85,#913FD9
273,71,85,#933FD9
274,71,85,#963FD9
275,71,85,#993FD9
276,71,85,#9B3FD9
277,71,85,#9E3FD9
278,71,85,#A03FD9
279,71,85,#A33FD9
280,71,85,#A53FD9
281,71,85,#A83FD9
282,71,85,#AB3FD9
283,71,85,#AD3FD9
284,71,85,#B03FD9
285,71,85,#B23FD9
286,71,85,#B53FD9
287,71,85,#B73FD9
288,71,85,#BA3FD9
289,71,85,#BD3FD9
290,71,85,#BF3FD9
291,71,85,#C23FD9
292,71,85,#C43FD9
293,71,85,#C73FD9
294,71,85,#C93FD9
295,71,85,#CC3FD9
296,71,85,#CE3FD9
297,71,85,#D13FD9
298,71,85,#D43FD9
299,71,85,#D63FD9
300,71,85,#D93FD9
301,71,85,#D93FD6
302,71,85,#D93FD4
303,71,85,#D93FD1
304,71,85,#D93FCE
305,71,85,#D93FCC
306,71,85,#D93FC9
307,71,85,#D93FC7
308,71,85,#D93FC4
309,71,85,#D93FC2
310,71,85,#D93FBF
311,71,85,#D93FBD
312,71,85,#D93FBA
313,71,85,#D93FB7
314,71,85,#D93FB5
315,71,85,#D93FB2
316,71,85,#D93FB0
317,71,85,#D93FAD
318,71,85,#D93FAB
319,71,85,#D93FA8
320,71,85,#D93FA5
321,71,85,#D93FA3
322,71,85,#D93FA0
323,71,85,#D93F9E
324,71,85,#D93F9B
325,71,85,#D93F99
326,71,85,#D93F96
327,71,85,#D93F93
328,71,85,#D93F91
329,71,85,#D93F8E
330,71,85,#D93F8C
331,71,85,#D93F89
332,71,85,#D93F87
333,71,85,#D93F84
334,71,85,#D93F82
335,71,85,#D93F7F
336,71,85,#D93F7C
337,71,85,#D93F7A
338,71,85,#D93F77
339,71,85,#D93F75
340,71,85,#D93F72
341,71,85,#D93F70
342,71,85,#D93F6D
343,71,85,#D93F6A
344,71,85,#D93F68
345,71,85,#D93F65
346,71,85,#D93F63
347,71,85,#D93F60
348,71,85,#D93F5E
349,71,85,#D93F5B
350,71,85,#D93F59
351,71,85,#D93F56
352,71,85,#D93F53
353,71,85,#D93F51
354,71,85,#D93F4E
355,71,85,#D93F4C
356,71,85,#D93F49
357,71,85,#D93F47
358,71,85,#D93F44
359,71,85,#D93F41
0,70,85,#D94141
1,70,85,#D94441
2,70,85,#D94641
3,70,85,#D94941
4,70,85,#D94B41
5,70,85,#D94E41
6,70,85,#D95041
7,70,85,#D95341
8,70,85,#D95541
9,70,85,#D95841
10,70,85,#D95A41
11,70,85,#D95D41
12,70,85,#D95F41
13,70,85,#D96241
14,70,85,#D96441
15,70,85,#D96741
16,70,85,#D96941
17,70,85,#D96C41
18,70,85,#D96F41
19,70,85,#D97141
20,70,85,#D97441
21,70,85,#D97641
22,70,85,#D97941
23,70,85,#D97B41
24,70,85,#D97E41
25,70,85,#D98041
26,70,85,#D98341
27,70,85,#D98541
28,70,85,#D98841
29,70,85,#D98A41
30,70,85,#D98D41
31,70,85,#D98F41
32,70,85,#D99241
33,70,85,#D99441
34,70,85,#D99741
35,70,85,#D99A41
36,70,85,#D99C41
37,70,85,#D99F41
38,70,85,#D9A141
39,70,85,#D9A441
40,70,85,#D9A641
41,70,85,#D9A941
42,70,85,#D9AB41
43,70,85,#D9AE41
44,70,85,#D9B041
45,70,85,#D9B341
46,70,85,#D9B541
47,70,85,#D9B841
48,70,85,#D9BA41
49,70,85,#D9BD41
50,70,85,#D9BF41
51,70,85,#D9C241
52,70,85,#D9C541
53,70,85,#D9C741
54,70,85,#D9CA41
55,70,85,#D9CC41
56,70,85,#D9CF41
57,70,85,#D9D141
58,70,85,#D9D441
59,70,85,#D9D641
60,70,85,#D9D941
61,70,85,#D6D941
62,70,85,#D4D941
63,70,85,#D1D941
64,70,85,#CFD941
65,70,85,#CCD941
66,70,85,#CAD941
67,70,85,#C7D941
68,70,85,#C5D941
69,70,85,#C2D941
70,70,85,#BFD941
71,70,85,#BDD941
72,70,85,#BAD941
73,70,85,#B8D941
74,70,85,#B5D941
75,70,85,#B3D941
76,70,85,#B0D941
77,70,85,#AED941
78,70,85,#ABD941
79,70,85,#A9D941
80,70,85,#A6D941
81,70,85,#A4D941
82,70,85,#A1D941
83,70,85,#9FD941
84,70,85,#9CD941
85,70,85,#9AD941
86,70,85,#97D941
87,70,85,#94D941
88,70,85,#92D941
89,70,85,#8FD941
90,70,85,#8DD941
91,70,85,#8AD941
92,70,85,#88D941
93,70,85,#85D941
94,70,85,#83D941
95,70,85,#80D941
96,70,85,#7ED941
97,70,85,#7BD941
98,70,85,#79D941
99,70,85,#76D941
100,70,85,#74D941
101,70,85,#71D941
102,70,85,#6FD941
103,70,85,#6CD941
104,70,85,#69D941
105,70,85,#67D941
106,70,85,#64D941
107,70,85,#62D941
108,70,85,#5FD941
109,70,85,#5DD941
110,70,85,#5AD941
111,70,85,#58D941
112,70,85,#55D941
113,70,85,#53D941
114,70,85,#50D941
115,70,85,#4ED941
116,70,85,#4BD941
117,70,85,#49D941
118,70,85,#46D941
119,70,85,#44D941
120,70,85,#41D941
121,70,85,#41D944
122,70,85,#41D946
123,70,85,#41D949
124,70,85,#41D94B
125,70,85,#41D94E
126,70,85,#41D950
127,70,85,#41D953
128,70,85,#41D955
129,70,85,#41D958
130,70,85,#41D95A
131,70,85,#41D95D
132,70,85,#41D95F
133,70,85,#41D962
134,70,85,#41D964
135,70,85,#41D967
136,70,85,#41D969
137,70,85,#41D96C
138,70,85,#41D96F
139,70,85,#41D971
140,70,85,#41D974
141,70,85,#41D976
142,70,85,#41D979
143,70,85,#41D97B
144,70,85,#41D97E
145,70,85,#41D980
146,70,85,#41D983
147,70,85,#41D985
148,70,85,#41D988
149,70,85,#41D98A
150,70,85,#41D98D
151,70,85,#41D98F
152,70,85,#41D992
153,70,85,#41D994
154,70,85,#41D997
155,70,85,#41D99A
156,70,85,#41D99C
157,70,85,#41D99F
158,70,85,#41D9A1
159,70,85,#41D9A4
160,70,85,#41D9A6
161,70,85,#41D9A9
162,70,85,#41D9AB
163,70,85,#41D9AE
164,70,85,#41D9B0
165,70,85,#41D9B3
166,70,85,#41D9B5
167,70,85,#41D9B8
168,70,85,#41D9BA
169,70,85,#41D9BD
170,70,85,#41D9BF
171,70,85,#41D9C2
172,70,85,#41D9C5
173,70,85,#41D9C7
174,70,85,#41D9CA
175,70,85,#41D9CC
176,70,85,#41D9CF
177,70,85,#41D9D1
178,70,85,#41D9D4
179,70,85,#41D9D6
180,70,85,#41D9D9
181,70,85,#41D6D9
182,70,85,#41D4D9
183,70,85,#41D1D9
184,70,85,#41CFD9
185,70,85,#41CCD9
186,70,85,#41CAD9
187,70,85,#41C7D9
188,70,85,#41C5D9
189,70,85,#41C2D9
190,70,85,#41BFD9
191,70,85,#41BDD9
192,70,85,#41BAD9
193,70,85,#41B8D9
194,70,85,#41B5D9
195,70,85,#41B3D9
196,70,85,#41B0D9
197,70,85,#41AED9
198,70,85,#41ABD9
199,70,85,#41A9D9
200,70,85,#41A6D9
201,70,85,#41A4D9
202,70,85,#41A1D9
203,70,85,#419FD9
204,70,85,#419CD9
205,70,85,#419AD9
206,70,85,#4197D9
207,70,85,#4194D9
208,70,85,#4192D9
209,70,85,#418FD9
210,70,85,#418DD9
211,70,85,#418AD9
212,70,85,#4188D9
213,70,85,#4185D9
214,70,85,#4183D9
215,70,85,#4180D9
216,70,85,#417ED9
217,70,85,#417BD9
218,70,85,#4179D9
219,70,85,#4176D9
220,70,85,#4174D9
221,70,85,#4171D9
222,70,85,#416FD9
223,70,85,#416CD9
224,70,85,#4169D9
225,70,85,#4167D9
226,70,85,#4164D9
227,70,85,#4162D9
228,70,85,#415FD9
229,70,85,#415DD9
230,70,85,#415AD9
231,70,85,#4158D9
232,70,85,#4155D9
233,70,85,#4153D9
234,70,85,#4150D9
235,70,85,#414ED9
236,70,85,#414BD9
237,70,85,#4149D9
238,70,85,#4146D9
239,70,85,#4144D9
240,70,85,#4141D9
241,70,85,#4441D9
242,70,85,#4641D9
243,70,85,#4941D9
244,70,85,#4B41D9
245,70,85,#4E41D9
246,70,85,#5041D9
247,70,85,#5341D9
248,70,85,#5541D9
249,70,85,#5841D9
250,70,85,#5A41D9
251,70,85,#5D41D9
252,70,85,#5F41D9
253,70,85,#6241D9
254,70,85,#6441D9
255,70,85,#6741D9
256,70,85,#6941D9
257,70,85,#6C41D9
258,70,85,#6F41D9
259,70,85,#7141D9
260,70,85,#7441D9
261,70,85,#7641D9
262,70,85,#7941D9
263,70,85,#7B41D9
264,70,85,#7E41D9
265,70,85,#8041D9
266,70,85,#8341D9
267,70,85,#8541D9
268,70,85,#8841D9
269,70,85,#8A41D9
270,70,85,#8D41D9
271,70,85,#8F41D9
272,70,85,#9241D9
273,70,85,#9441D9
274,70,85,#9741D9
275,70,85,#9A41D9
276,70,85,#9C41D9
277,70,85,#9F41D9
278,70,85,#A141D9
279,70,85,#A441D9
280,70,85,#A641D9
281,70,85,#A941D9
282,70,85,#AB41D9
283,70,85,#AE41D9
284,70,85,#B041D9
285,70,85,#B341D9
286,70,85,#B541D9
287,70,85,#B841D9
288,70,85,#BA41D9
289,70,85,#BD41D9
290,70,85,#BF41D9
291,70,85,#C241D9
292,70,85,#C541D9
293,70,85,#C741D9
294,70,85,#CA41D9
295,70,85,#CC41D9
296,70,85,#CF41D9
297,70,85,#D141D9
298,70,85,#D441D9
299,70,85,#D641D9
300,70,85,#D941D9
301,70,85,#D941D6
302,70,85,#D941D4
303,70,85,#D941D1
304,70,85,#D941CF
305,70,85,#D941CC
306,70,85,#D941CA
307,70,85,#D941C7
308,70,85,#D941C5
309,70,85,#D941C2
310,70,85,#D941BF
311,70,85,#D941BD
312,70,85,#D941BA
313,70,85,#D941B8
314,70,85,#D941B5
315,70,85,#D941B3
316,70,85,#D941B0
317,70,85,#D941AE
318,70,85,#D941AB
319,70,85,#D941A9
320,70,85,#D941A6
321,70,85,#D941A4
322,70,85,#D941A1
323,70,85,#D9419F
324,70,85,#D9419C
325,70,85,#D9419A
326,70,85,#D94197
327,70,85,#D94194
328,70,85,#D94192
329,70,85,#D9418F
330,70,85,#D9418D
331,70,85,#D9418A
332,70,85,#D94188
333,70,85,#D94185
334,70,85,#D94183
335,70,85,#D94180
336,70,85,#D9417E
337,70,85,#D9417B
338,70,85,#D94179
339,70,85,#D94176
340,70,85,#D94174
341,70,85,#D94171
342,70,85,#D9416F
343,70,85,#D9416C
344,70,85,#D94169
345,70,85,#D94167
346,70,85,#D94164
347,70,85,#D94162
348,70,85,#D9415F
349,70,85,#D9415D
350,70,85,#D9415A
351,70,85,#D94158
352,70,85,#D94155
353,70,85,#D94153
354,70,85,#D94150
355,70,85,#D9414E
356,70,85,#D9414B
357,70,85,#D94149
358,70,85,#D94146
359,70,85,#D94144
0,69,85,#D94343
1,69,85,#D94643
2,69,85,#D94843
3,69,85,#D94B43
4,69,85,#D94D43
5,69,85,#D95043
6,69,85,#D95243
7,69,85,#D95543
8,69,85,#D95743
9,69,85,#D95A43
10,69,85,#D95C43
11,69,85,#D95F43
12,69,85,#D96143
13,69,85,#D96443
14,69,85,#D96643
15,69,85,#D96943
16,69,85,#D96B43
17,69,85,#D96E43
18,69,85,#D97043
19,69,85,#D97343
20,69,85,#D97543
21,69,85,#D97843
22,69,85,#D97A43
23,69,85,#D97D43
24,69,85,#D97F43
25,69,85,#D98243
26,69,85,#D98443
27,69,85,#D98643
28,69,85,#D98943
29,69,85,#D98B43
30,69,85,#D98E43
31,69,85,#D99043
32,69,85,#D99343
33,69,85,#D99543
34,69,85,#D99843
35,69,85,#D99A43
36,69,85,#D99D43
37,69,85,#D99F43
38,69,85,#D9A243
39,69,85,#D9A443
40,69,85,#D9A743
41,69,85,#D9A943
42,69,85,#D9AC43
43,69,85,#D9AE43
44,69,85,#D9B143
45,69,85,#D9B343
46,69,85,#D9B643
47,69,85,#D9B843
48,69,85,#D9BB43
49,69,85,#D9BD43
50,69,85,#D9C043
51,69,85,#D9C243
52,69,85,#D9C543
53,69,85,#D9C743
54,69,85,#D9CA43
55,69,85,#D9CC43
56,69,85,#D9CF43
57,69,85,#D9D143
58,69,85,#D9D443
59,69,85,#D9D643
60,69,85,#D9D943
61,69,85,#D6D943
62,69,85,#D4D943
63,69,85,#D1D943
64,69,85,#CFD943
65,69,85,#CCD943
66,69,85,#CAD943
67,69,85,#C7D943
68,69,85,#C5D943
69,69,85,#C2D943
70,69,85,#C0D943
71,69,85,#BDD943
72,69,85,#BBD943
73,69,85,#B8D943
74,69,85,#B6D943
75,69,85,#B3D943
76,69,85,#B1D943
77,69,85,#AED943
78,69,85,#ACD943
79,69,85,#A9D943
80,69,85,#A7D943
81,69,85,#A4D943
82,69,85,#A2D943
83,69,85,#9FD943
84,69,85,#9DD943
85,69,85,#9AD943
86,69,85,#98D943
87,69,85,#95D943
88,69,85,#93D943
89,69,85,#90D943
90,69,85,#8ED943
91,69,85,#8BD943
92,69,85,#89D943
93,69,85,#86D943
94,69,85,#84D943
95,69,85,#82D943
96,69,85,#7FD943
97,69,85,#7DD943
98,69,85,#7AD943
99,69,85,#78D943
100,69,85,#75D943
101,69,85,#73D943
102,69,85,#70D943
103,69,85,#6ED943
104,69,85,#6BD943
105,69,85,#69D943
106,69,85,#66D943
107,69,85,#64D943
108,69,85,#61D943
109,69,85,#5FD943
110,69,85,#5CD943
111,69,85,#5AD943
112,69,85,#57D943
113,69,85,#55D943
114,69,85,#52D943
115,69,85,#50D943
116,69,85,#4DD943
117,69,85,#4BD943
118,69,85,#48D943
119,69,85,#46D943
120,69,85,#43D943
121,69,85,#43D946
122,69,85,#43D948
123,69,85,#43D94B
124,69,85,#43D94D
125,69,85,#43D950
126,69,85,#43D952
127,69,85,#43D955
128,69,85,#43D957
129,69,85,#43D95A
130,69,85,#43D95C
131,69,85,#43D95F
132,69,85,#43D961
133,69,85,#43D964
134,69,85,#43D966
135,69,85,#43D969
136,69,85,#43D96B
137,69,85,#43D96E
138,69,85,#43D970
139,69,85,#43D973
140,69,85,#43D975
141,69,85,#43D978
142,69,85,#43D97A
143,69,85,#43D97D
144,69,85,#43D97F
145,69,85,#43D982
146,69,85,#43D984
147,69,85,#43D986
148,69,85,#43D989
149,69,85,#43D98B
150,69,85,#43D98E
151,69,85,#43D990
152,69,85,#43D993
153,69,85,#43D995
154,69,85,#43D998
155,69,85,#43D99A
156,69,85,#43D99D
157,69,85,#43D99F
158,69,85,#43D9A2
159,69,85,#43D9A4
160,69,85,#43D9A7
161,69,85,#43D9A9
162,69,85,#43D9AC
163,69,85,#43D9AE
164,69,85,#43D9B1
165,69,85,#43D9B3
166,69,85,#43D9B6
167,69,85,#43D9B8
168,69,85,#43D9BB
169,69,85,#43D9BD
170,69,85,#43D9C0
171,69,85,#43D9C2
172,69,85,#43D9C5
173,69,85,#43D9C7
174,69,85,#43D9CA
175,69,85,#43D9CC
176,69,85,#43D9CF
177,69,85,#43D9D1
178,69,85,#43D9D4
179,69,85,#43D9D6
180,69,85,#43D9D9
181,69,85,#43D6D9
182,69,85,#43D4D9
183,69,85,#43D1D9
184,69,85,#43CFD9
185,69,85,#43CCD9
186,69,85,#43CAD9
187,69,85,#43C7D9
188,69,85,#43C5D9
189,69,85,#43C2D9
190,69,85,#43C0D9
191,69,85,#43BDD9
192,69,85,#43BBD9
193,69,85,#43B8D9
194,69,85,#43B6D9
195,69,85,#43B3D9
196,69,85,#43B1D9
197,69,85,#43AED9
198,69,85,#43ACD9
199,69,85,#43A9D9
200,69,85,#43A7D9
201,69,85,#43A4D9
202,69,85,#43A2D9
203,69,85,#439FD9
204,69,85,#439DD9
205,69,85,#439AD9
206,69,85,#4398D9
207,69,85,#4395D9
208,69,85,#4393D9
209,69,85,#4390D9
210,69,85,#438ED9
211,69,85,#438BD9
212,69,85,#4389D9
213,69,85,#4386D9
214,69,85,#4384D9
215,69,85,#4382D9
216,69,85,#437FD9
217,69,85,#437DD9
218,69,85,#437AD9
219,69,85,#4378D9
220,69,85,#4375D9
221,69,85,#4373D9
222,69,85,#4370D9
223,69,85,#436ED9
224,69,85,#436BD9
225,69,85,#4369D9
226,69,85,#4366D9
227,69,85,#4364D9
228,69,85,#4361D9
229,69,85,#435FD9
230,69,85,#435CD9
231,69,85,#435AD9
232,69,85,#4357D9
233,69,85,#4355D9
234,69,85,#4352D9
235,69,85,#4350D9
236,69,85,#434DD9
237,69,85,#434BD9
238,69,85,#4348D9
239,69,85,#4346D9
240,69,85,#4343D9
241,69,85,#4643D9
242,69,85,#4843D9
243,69,85,#4B43D9
244,69,85,#4D43D9
245,69,85,#5043D9
246,69,85,#5243D9
247,69,85,#5543D9
248,69,85,#5743D9
249,69,85,#5A43D9
250,69,85,#5C43D9
251,69,85,#5F43D9
252,69,85,#6143D9
253,69,85,#6443D9
254,69,85,#6643D9
255,69,85,#6943D9
256,69,85,#6B43D9
257,69,85,#6E43D9
258,69,85,#7043D9
259,69,85,#7343D9
260,69,85,#7543D9
261,69,85,#7843D9
262,69,85,#7A43D9
263,69,85,#7D43D9
264,69,85,#7F43D9
265,69,85,#8243D9
266,69,85,#8443D9
267,69,85,#8643D9
268,69,85,#8943D9
269,69,85,#8B43D9
270,69,85,#8E43D9
271,69,85,#9043D9
272,69,85,#9343D9
273,69,85,#9543D9
274,69,85,#9843D9
275,69,85,#9A43D9
276,69,85,#9D43D9
277,69,85,#9F43D9
278,69,85,#A243D9
279,69,85,#A443D9
280,69,85,#A743D9
281,69,85,#A943D9
282,69,85,#AC43D9
283,69,85,#AE43D9
284,69,85,#B143D9
285,69,85,#B343D9
286,69,85,#B643D9
287,69,85,#B843D9
288,69,85,#BB43D9
289,69,85,#BD43D9
290,69,85,#C043D9
291,69,85,#C243D9
292,69,85,#C543D9
293,69,85,#C743D9
294,69,85,#CA43D9
295,69,85,#CC43D9
296,69,85,#CF43D9
297,69,85,#D143D9
298,69,85,#D443D9
299,69,85,#D643D9
300,69,85,#D943D9
301,69,85,#D943D6
302,69,85,#D943D4
303,69,85,#D943D1
304,69,85,#D943CF
305,69,85,#D943CC
306,69,85,#D943CA
307,69,85,#D943C7
308,69,85,#D943C5
309,69,85,#D943C2
310,69,85,#D943C0
311,69,85,#D943BD
312,69,85,#D943BB
313,69,85,#D943B8
314,69,85,#D943B6
315,69,85,#D943B3
316,69,85,#D943B1
317,69,85,#D943AE
318,69,85,#D943AC
319,69,85,#D943A9
320,69,85,#D943A7
321,69,85,#D943A4
322,69,85,#D943A2
323,69,85,#D9439F
324,69,85,#D9439D
325,69,85,#D9439A
326,69,85,#D94398
327,69,85,#D94395
328,69,85,#D94393
329,69,85,#D94390
330,69,85,#D9438E
331,69,85,#D9438B
332,69,85,#D94389
333,69,85,#D94386
334,69,85,#D94384
335,69,85,#D94382
336,69,85,#D9437F
337,69,85,#D9437D
338,69,85,#D9437A
339,69,85,#D94378
340,69,85,#D94375
341,69,85,#D94373
342,69,85,#D94370
343,69,85,#D9436E
344,69,85,#D9436B
345,69,85,#D94369
346,69,85,#D94366
347,69,85,#D94364
348,69,85,#D94361
349,69,85,#D9435F
350,69,85,#D9435C
351,69,85,#D9435A
352,69,85,#D94357
353,69,85,#D94355
354,69,85,#D94352
355,69,85,#D94350
356,69,85,#D9434D
357,69,85,#D9434B
358,69,85,#D94348
359,69,85,#D94346
0,68,85,#D94545
1,68,85,#D94845
2,68,85,#D94A45
3,68,85,#D94D45
4,68,85,#D94F45
5,68,85,#D95245
6,68,85,#D95445
7,68,85,#D95745
8,68,85,#D95945
9,68,85,#D95B45
10,68,85,#D95E45
11,68,85,#D96045
12,68,85,#D96345
13,68,85,#D96545
14,68,85,#D96845
15,68,85,#D96A45
16,68,85,#D96D45
17,68,85,#D96F45
18,68,85,#D97245
19,68,85,#D97445
20,68,85,#D97645
21,68,85,#D97945
22,68,85,#D97B45
23,68,85,#D97E45
24,68,85,#D98045
25,68,85,#D98345
26,68,85,#D98545
27,68,85,#D98845
28,68,85,#D98A45
29,68,85,#D98D45
30,68,85,#D98F45
31,68,85,#D99245
32,68,85,#D99445
33,68,85,#D99645
34,68,85,#D99945
35,68,85,#D99B45
36,68,85,#D99E45
37,68,85,#D9A045
38,68,85,#D9A345
39,68,85,#D9A545
40,68,85,#D9A845
41,68,85,#D9AA45
42,68,85,#D9AD45
43,68,85,#D9AF45
44,68,85,#D9B145
45,68,85,#D9B445
46,68,85,#D9B645
47,68,85,#D9B945
48,68,85,#D9BB45
49,68,85,#D9BE45
50,68,85,#D9C045
51,68,85,#D9C345
52,68,85,#D9C545
53,68,85,#D9C845
54,68,85,#D9CA45
55,68,85,#D9CC45
56,68,85,#D9CF45
57,68,85,#D9D145
58,68,85,#D9D445
59,68,85,#D9D645
60,68,85,#D9D945
61,68,85,#D6D945
62,68,85,#D4D945
63,68,85,#D1D945
64,68,85,#CFD945
65,68,85,#CCD945
66,68,85,#CAD945
67,68,85,#C8D945
68,68,85,#C5D945
69,68,85,#C3D945
70,68,85,#C0D945
71,68,85,#BED945
72,68,85,#BBD945
73,68,85,#B9D945
74,68,85,#B6D945
75,68,85,#B4D945
76,68,85,#B1D945
77,68,85,#AFD945
78,68,85,#ADD945
79,68,85,#AAD945
80,68,85,#A8D945
81,68,85,#A5D945
82,68,85,#A3D945
83,68,85,#A0D945
84,68,85,#9ED945
85,68,85,#9BD945
86,68,85,#99D945
87,68,85,#96D945
88,68,85,#94D945
89,68,85,#92D945
90,68,85,#8FD945
91,68,85,#8DD945
92,68,85,#8AD945
93,68,85,#88D945
94,68,85,#85D945
95,68,85,#83D945
96,68,85,#80D945
97,68,85,#7ED945
98,68,85,#7BD945
99,68,85,#79D945
100,68,85,#76D945
101,68,85,#74D945
102,68,85,#72D945
103,68,85,#6FD945
104,68,85,#6DD945
105,68,85,#6AD945
106,68,85,#68D945
107,68,85,#65D945
108,68,85,#63D945
109,68,85,#60D945
110,68,85,#5ED945
111,68,85,#5BD945
112,68,85,#59D945
113,68,85,#57D945
114,68,85,#54D945
115,68,85,#52D945
116,68,85,#4FD945
117,68,85,#4DD945
118,68,85,#4AD945
119,68,85,#48D945
120,68,85,#45D945
121,68,85,#45D948
122,68,85,#45D94A
123,68,85,#45D94D
124,68,85,#45D94F
125,68,85,#45D952
126,68,85,#45D954
127,68,85,#45D957
128,68,85,#45D959
129,68,85,#45D95B
130,68,85,#45D95E
131,68,85,#45D960
132,68,85,#45D963
133,68,85,#45D965
134,68,85,#45D968
135,68,85,#45D96A
136,68,85,#45D96D
137,68,85,#45D96F
138,68,85,#45D972
139,68,85,#45D974
140,68,85,#45D976
141,68,85,#45D979
142,68,85,#45D97B
143,68,85,#45D97E
144,68,85,#45D980
145,68,85,#45D983
146,68,85,#45D985
147,68,85,#45D988
148,68,85,#45D98A
149,68,85,#45D98D
150,68,85,#45D98F
151,68,85,#45D992
152,68,85,#45D994
153,68,85,#45D996
154,68,85,#45D999
155,68,85,#45D99B
156,68,85,#45D99E
157,68,85,#45D9A0
158,68,85,#45D9A3
159,68,85,#45D9A5
160,68,85,#45D9A8
161,68,85,#45D9AA
162,68,85,#45D9AD
163,68,85,#45D9AF
164,68,85,#45D9B1
165,68,85,#45D9B4
166,68,85,#45D9B6
167,68,85,#45D9B9
168,68,85,#45D9BB
169,68,85,#45D9BE
170,68,85,#45D9C0
171,68,85,#45D9C3
172,68,85,#45D9C5
173,68,85,#45D9C8
174,68,85,#45D9CA
175,68,85,#45D9CC
176,68,85,#45D9CF
177,68,85,#45D9D1
178,68,85,#45D9D4
179,68,85,#45D9D6
180,68,85,#45D9D9
181,68,85,#45D6D9
182,68,85,#45D4D9
183,68,85,#45D1D9
184,68,85,#45CFD9
185,68,85,#45CCD9
186,68,85,#45CAD9
187,68,85,#45C8D9
188,68,85,#45C5D9
189,68,85,#45C3D9
190,68,85,#45C0D9
191,68,85,#45BED9
192,68,85,#45BBD9
193,68,85,#45B9D9
194,68,85,#45B6D9
195,68,85,#45B4D9
196,68,85,#45B1D9
197,68,85,#45AFD9
198,68,85,#45ADD9
199,68,85,#45AAD9
200,68,85,#45A8D9
201,68,85,#45A5D9
202,68,85,#45A3D9
203,68,85,#45A0D9
204,68,85,#459ED9
205,68,85,#459BD9
206,68,85,#4599D9
207,68,85,#4596D9
208,68,85,#4594D9
209,68,85,#4592D9
210,68,85,#458FD9
211,68,85,#458DD9
212,68,85,#458AD9
213,68,85,#4588D9
214,68,85,#4585D9
215,68,85,#4583D9
216,68,85,#4580D9
217,68,85,#457ED9
218,68,85,#457BD9
219,68,85,#4579D9
220,68,85,#4576D9
221,68,85,#4574D9
222,68,85,#4572D9
223,68,85,#456FD9
224,68,85,#456DD9
225,68,85,#456AD9
226,68,85,#4568D9
227,68,85,#4565D9
228,68,85,#4563D9
229,68,85,#4560D9
230,68,85,#455ED9
231,68,85,#455BD9
232,68,85,#4559D9
233,68,85,#4557D9
234,68,85,#4554D9
235,68,85,#4552D9
236,68,85,#454FD9
237,68,85,#454DD9
238,68,85,#454AD9
239,68,85,#4548D9
240,68,85,#4545D9
241,68,85,#4845D9
242,68,85,#4A45D9
243,68,85,#4D45D9
244,68,85,#4F45D9
245,68,85,#5245D9
246,68,85,#5445D9
247,68,85,#5745D9
248,68,85,#5945D9
249,68,85,#5B45D9
250,68,85,#5E45D9
251,68,85,#6045D9
252,68,85,#6345D9
253,68,85,#6545D9
254,68,85,#6845D9
255,68,85,#6A45D9
256,68,85,#6D45D9
257,68,85,#6F45D9
258,68,85,#7245D9
259,68,85,#7445D9
260,68,85,#7645D9
261,68,85,#7945D9
262,68,85,#7B45D9
263,68,85,#7E45D9
264,68,85,#8045D9
265,68,85,#8345D9
266,68,85,#8545D9
267,68,85,#8845D9
268,68,85,#8A45D9
269,68,85,#8D45D9
270,68,85,#8F45D9
271,68,85,#9245D9
272,68,85,#9445D9
273,68,85,#9645D9
274,68,85,#9945D9
275,68,85,#9B45D9
276,68,85,#9E45D9
277,68,85,#A045D9
278,68,85,#A345D9
279,68,85,#A545D9
280,68,85,#A845D9
281,68,85,#AA45D9
282,68,85,#AD45D9
283,68,85,#AF45D9
284,68,85,#B145D9
285,68,85,#B445D9
286,68,85,#B645D9
287,68,85,#B945D9
288,68,85,#BB45D9
289,68,85,#BE45D9
290,68,85,#C045D9
291,68,85,#C345D9
292,68,85,#C545D9
293,68,85,#C845D9
294,68,85,#CA45D9
295,68,85,#CC45D9
296,68,85,#CF45D9
297,68,85,#D145D9
298,68,85,#D445D9
299,68,85,#D645D9
300,68,85,#D945D9
301,68,85,#D945D6
302,68,85,#D945D4
303,68,85,#D945D1
304,68,85,#D945CF
305,68,85,#D945CC
306,68,85,#D945CA
307,68,85,#D945C8
308,68,85,#D945C5
309,68,85,#D945C3
310,68,85,#D945C0
311,68,85,#D945BE
312,68,85,#D945BB
313,68,85,#D945B9
314,68,85,#D945B6
315,68,85,#D945B4
316,68,85,#D945B1
317,68,85,#D945AF
318,68,85,#D945AD
319,68,85,#D945AA
320,68,85,#D945A8
321,68,85,#D945A5
322,68,85,#D945A3
323,68,85,#D945A0
324,68,85,#D9459E
325,68,85,#D9459B
326,68,85,#D94599
327,68,85,#D94596
328,68,85,#D94594
329,68,85,#D94592
330,68,85,#D9458F
331,68,85,#D9458D
332,68,85,#D9458A
333,68,85,#D94588
334,68,85,#D94585
335,68,85,#D94583
336,68,85,#D94580
337,68,85,#D9457E
338,68,85,#D9457B
339,68,85,#D94579
340,68,85,#D94576
341,68,85,#D94574
342,68,85,#D94572
343,68,85,#D9456F
344,68,85,#D9456D
345,68,85,#D9456A
346,68,85,#D94568
347,68,85,#D94565
348,68,85,#D94563
349,68,85,#D94560
350,68,85,#D9455E
351,68,85,#D9455B
352,68,85,#D94559
353,68,85,#D94557
354,68,85,#D94554
355,68,85,#D94552
356,68,85,#D9454F
357,68,85,#D9454D
358,68,85,#D9454A
359,68,85,#D94548
0,67,85,#D94848
1,67,85,#D94A48
2,67,85,#D94C48
3,67,85,#D94F48
4,67,85,#D95148
5,67,85,#D95448
6,67,85,#D95648
7,67,85,#D95848
8,67,85,#D95B48
9,67,85,#D95D48
10,67,85,#D96048
11,67,85,#D96248
12,67,85,#D96548
13,67,85,#D96748
14,67,85,#D96948
15,67,85,#D96C48
16,67,85,#D96E48
17,67,85,#D97148
18,67,85,#D97348
19,67,85,#D97648
20,67,85,#D97848
21,67,85,#D97A48
22,67,85,#D97D48
23,67,85,#D97F48
24,67,85,#D98248
25,67,85,#D98448
26,67,85,#D98648
27,67,85,#D98948
28,67,85,#D98B48
29,67,85,#D98E48
30,67,85,#D99048
31,67,85,#D99348
32,67,85,#D99548
33,67,85,#D99748
34,67,85,#D99A48
35,67,85,#D99C48
36,67,85,#D99F48
37,67,85,#D9A148
38,67,85,#D9A448
39,67,85,#D9A648
40,67,85,#D9A848
41,67,85,#D9AB48
42,67,85,#D9AD48
43,67,85,#D9B048
44,67,85,#D9B248
45,67,85,#D9B448
46,67,85,#D9B748
47,67,85,#D9B948
48,67,85,#D9BC48
49,67,85,#D9BE48
50,67,85,#D9C148
51,67,85,#D9C348
52,67,85,#D9C548
53,67,85,#D9C848
54,67,85,#D9CA48
55,67,85,#D9CD48
56,67,85,#D9CF48
57,67,85,#D9D148
58,67,85,#D9D448
59,67,85,#D9D648
60,67,85,#D9D948
61,67,85,#D6D948
62,67,85,#D4D948
63,67,85,#D1D948
64,67,85,#CFD948
65,67,85,#CDD948
66,67,85,#CAD948
67,67,85,#C8D948
68,67,85,#C5D948
69,67,85,#C3D948
70,67,85,#C1D948
71,67,85,#BED948
72,67,85,#BCD948
73,67,85,#B9D948
74,67,85,#B7D948
75,67,85,#B4D948
76,67,85,#B2D948
77,67,85,#B0D948
78,67,85,#ADD948
79,67,85,#ABD948
80,67,85,#A8D948
81,67,85,#A6D948
82,67,85,#A4D948
83,67,85,#A1D948
84,67,85,#9FD948
85,67,85,#9CD948
86,67,85,#9AD948
87,67,85,#97D948
88,67,85,#95D948
89,67,85,#93D948
90,67,85,#90D948
91,67,85,#8ED948
92,67,85,#8BD948
93,67,85,#89D948
94,67,85,#86D948
95,67,85,#84D948
96,67,85,#82D948
97,67,85,#7FD948
98,67,85,#7DD948
99,67,85,#7AD948
100,67,85,#78D948
101,67,85,#76D948
102,67,85,#73D948
103,67,85,#71D948
104,67,85,#6ED948
105,67,85,#6CD948
106,67,85,#69D948
107,67,85,#67D948
108,67,85,#65D948
109,67,85,#62D948
110,67,85,#60D948
111,67,85,#5DD948
112,67,85,#5BD948
113,67,85,#58D948
114,67,85,#56D948
115,67,85,#54D948
116,67,85,#51D948
117,67,85,#4FD948
118,67,85,#4CD948
119,67,85,#4AD948
120,67,85,#48D948
121,67,85,#48D94A
122,67,85,#48D94C
123,67,85,#48D94F
124,67,85,#48D951
125,67,85,#48D954
126,67,85,#48D956
127,67,85,#48D958
128,67,85,#48D95B
129,67,85,#48D95D
130,67,85,#48D960
131,67,85,#48D962
132,67,85,#48D965
133,67,85,#48D967
134,67,85,#48D969
135,67,85,#48D96C
136,67,85,#48D96E
137,67,85,#48D971
138,67,85,#48D973
139,67,85,#48D976
140,67,85,#48D978
141,67,85,#48D97A
142,67,85,#48D97D
143,67,85,#48D97F
144,67,85,#48D982
145,67,85,#48D984
146,67,85,#48D986
147,67,85,#48D989
148,67,85,#48D98B
149,67,85,#48D98E
150,67,85,#48D990
151,67,85,#48D993
152,67,85,#48D995
153,67,85,#48D997
154,67,85,#48D99A
155,67,85,#48D99C
156,67,85,#48D99F
157,67,85,#48D9A1
158,67,85,#48D9A4
159,67,85,#48D9A6
160,67,85,#48D9A8
161,67,85,#48D9AB
162,67,85,#48D9AD
163,67,85,#48D9B0
164,67,85,#48D9B2
165,67,85,#48D9B4
166,67,85,#48D9B7
167,67,85,#48D9B9
168,67,85,#48D9BC
169,67,85,#48D9BE
170,67,85,#48D9C1
171,67,85,#48D9C3
172,67,85,#48D9C5
173,67,85,#48D9C8
174,67,85,#48D9CA
175,67,85,#48D9CD
176,67,85,#48D9CF
177,67,85,#48D9D1
178,67,85,#48D9D4
179,67,85,#48D9D6
180,67,85,#48D9D9
181,67,85,#48D6D9
182,67,85,#48D4D9
183,67,85,#48D1D9
184,67,85,#48CFD9
185,67,85,#48CDD9
186,67,85,#48CAD9
187,67,85,#48C8D9
188,67,85,#48C5D9
189,67,85,#48C3D9
190,67,85,#48C1D9
191,67,85,#48BED9
192,67,85,#48BCD9
193,67,85,#48B9D9
194,67,85,#48B7D9
195,67,85,#48B4D9
196,67,85,#48B2D9
197,67,85,#48B0D9
198,67,85,#48ADD9
199,67,85,#48ABD9
200,67,85,#48A8D9
201,67,85,#48A6D9
202,67,85,#48A4D9
203,67,85,#48A1D9
204,67,85,#489FD9
205,67,85,#489CD9
206,67,85,#489AD9
207,67,85,#4897D9
208,67,85,#4895D9
209,67,85,#4893D9
210,67,85,#4890D9
211,67,85,#488ED9
212,67,85,#488BD9
213,67,85,#4889D9
214,67,85,#4886D9
215,67,85,#4884D9
216,67,85,#4882D9
217,67,85,#487FD9
218,67,85,#487DD9
219,67,85,#487AD9
220,67,85,#4878D9
221,67,85,#4876D9
222,67,85,#4873D9
223,67,85,#4871D9
224,67,85,#486ED9
225,67,85,#486CD9
226,67,85,#4869D9
227,67,85,#4867D9
228,67,85,#4865D9
229,67,85,#4862D9
230,67,85,#4860D9
231,67,85,#485DD9
232,67,85,#485BD9
233,67,85,#4858D9
234,67,85,#4856D9
235,67,85,#4854D9
236,67,85,#4851D9
237,67,85,#484FD9
238,67,85,#484CD9
239,67,85,#484AD9
240,67,85,#4848D9
241,67,85,#4A48D9
242,67,85,#4C48D9
243,67,85,#4F48D9
244,67,85,#5148D9
245,67,85,#5448D9
246,67,85,#5648D9
247,67,85,#5848D9
248,67,85,#5B48D9
249,67,85,#5D48D9
250,67,85,#6048D9
251,67,85,#6248D9
252,67,85,#6548D9
253,67,85,#6748D9
254,67,85,#6948D9
255,67,85,#6C48D9
256,67,85,#6E48D9
257,67,85,#7148D9
258,67,85,#7348D9
259,67,85,#7648D9
260,67,85,#7848D9
261,67,85,#7A48D9
262,67,85,#7D48D9
263,67,85,#7F48D9
264,67,85,#8248D9
265,67,85,#8448D9
266,67,85,#8648D9
267,67,85,#8948D9
268,67,85,#8B48D9
269,67,85,#8E48D9
270,67,85,#9048D9
271,67,85,#9348D9
272,67,85,#9548D9
273,67,85,#9748D9
274,67,85,#9A48D9
275,67,85,#9C48D9
276,67,85,#9F48D9
277,67,85,#A148D9
278,67,85,#A448D9
279,67,85,#A648D9
280,67,85,#A848D9
281,67,85,#AB48D9
282,67,85,#AD48D9
283,67,85,#B048D9
284,67,85,#B248D9
285,67,85,#B448D9
286,67,85,#B748D9
287,67,85,#B948D9
288,67,85,#BC48D9
289,67,85,#BE48D9
290,67,85,#C148D9
291,67,85,#C348D9
292,67,85,#C548D9
293,67,85,#C848D9
294,67,85,#CA48D9
295,67,85,#CD48D9
296,67,85,#CF48D9
297,67,85,#D148D9
298,67,85,#D448D9
299,67,85,#D648D9
300,67,85,#D948D9
301,67,85,#D948D6
302,67,85,#D948D4
303,67,85,#D948D1
304,67,85,#D948CF
305,67,85,#D948CD
306,67,85,#D948CA
307,67,85,#D948C8
308,67,85,#D948C5
309,67,85,#D948C3
310,67,85,#D948C1
311,67,85,#D948BE
312,67,85,#D948BC
313,67,85,#D948B9
314,67,85,#D948B7
315,67,85,#D948B4
316,67,85,#D948B2
317,67,85,#D948B0
318,67,85,#D948AD
319,67,85,#D948AB
320,67,85,#D948A8
321,67,85,#D948A6
322,67,85,#D948A4
323,67,85,#D948A1
324,67,85,#D9489F
325,67,85,#D9489C
326,67,85,#D9489A
327,67,85,#D94897
328,67,85,#D94895
329,67,85,#D94893
330,67,85,#D94890
331,67,85,#D9488E
332,67,85,#D9488B
333,67,85,#D94889
334,67,85,#D94886
335,67,85,#D94884
336,67,85,#D94882
337,67,85,#D9487F
338,67,85,#D9487D
339,67,85,#D9487A
340,67,85,#D94878
341,67,85,#D94876
342,67,85,#D94873
343,67,85,#D94871
344,67,85,#D9486E
345,67,85,#D9486C
346,67,85,#D94869
347,67,85,#D94867
348,67,85,#D94865
349,67,85,#D94862
350,67,85,#D94860
351,67,85,#D9485D
352,67,85,#D9485B
353,67,85,#D94858
354,67,85,#D94856
355,67,85,#D94854
356,67,85,#D94851
357,67,85,#D9484F
358,67,85,#D9484C
359,67,85,#D9484A
0,66,85,#D94A4A
1,66,85,#D94C4A
2,66,85,#D94E4A
3,66,85,#D9514A
4,66,85,#D9534A
5,66,85,#D9564A
6,66,85,#D9584A
7,66,85,#D95A4A
8,66,85,#D95D4A
9,66,85,#D95F4A
10,66,85,#D9624A
11,66,85,#D9644A
12,66,85,#D9664A
13,66,85,#D9694A
14,66,85,#D96B4A
15,66,85,#D96D4A
16,66,85,#D9704A
17,66,85,#D9724A
18,66,85,#D9754A
19,66,85,#D9774A
20,66,85,#D9794A
21,66,85,#D97C4A
22,66,85,#D97E4A
23,66,85,#D9814A
24,66,85,#D9834A
25,66,85,#D9854A
26,66,85,#D9884A
27,66,85,#D98A4A
28,66,85,#D98C4A
29,66,85,#D98F4A
30,66,85,#D9914A
31,66,85,#D9944A
32,66,85,#D9964A
33,66,85,#D9984A
34,66,85,#D99B4A
35,66,85,#D99D4A
36,66,85,#D9A04A
37,66,85,#D9A24A
38,66,85,#D9A44A
39,66,85,#D9A74A
40,66,85,#D9A94A
41,66,85,#D9AB4A
42,66,85,#D9AE4A
43,66,85,#D9B04A
44,66,85,#D9B34A
45,66,85,#D9B54A
46,66,85,#D9B74A
47,66,85,#D9BA4A
48,66,85,#D9BC4A
49,66,85,#D9BF4A
50,66,85,#D9C14A
51,66,85,#D9C34A
52,66,85,#D9C64A
53,66,85,#D9C84A
54,66,85,#D9CA4A
55,66,85,#D9CD4A
56,66,85,#D9CF4A
57,66,85,#D9D24A
58,66,85,#D9D44A
59,66,85,#D9D64A
60,66,85,#D9D94A
61,66,85,#D6D94A
62,66,85,#D4D94A
63,66,85,#D2D94A
64,66,85,#CFD94A
65,66,85,#CDD94A
66,66,85,#CAD94A
67,66,85,#C8D94A
68,66,85,#C6D94A
69,66,85,#C3D94A
70,66,85,#C1D94A
71,66,85,#BFD94A
72,66,85,#BCD94A
73,66,85,#BAD94A
74,66,85,#B7D94A
75,66,85,#B5D94A
76,66,85,#B3D94A
77,66,85,#B0D94A
78,66,85,#AED94A
79,66,85,#ABD94A
80,66,85,#A9D94A
81,66,85,#A7D94A
82,66,85,#A4D94A
83,66,85,#A2D94A
84,66,85,#A0D94A
85,66,85,#9DD94A
86,66,85,#9BD94A
87,66,85,#98D94A
88,66,85,#96D94A
89,66,85,#94D94A
90,66,85,#91D94A
91,66,85,#8FD94A
92,66,85,#8CD94A
93,66,85,#8AD94A
94,66,85,#88D94A
95,66,85,#85D94A
96,66,85,#83D94A
97,66,85,#81D94A
98,66,85,#7ED94A
99,66,85,#7CD94A
100,66,85,#79D94A
101,66,85,#77D94A
102,66,85,#75D94A
103,66,85,#72D94A
104,66,85,#70D94A
105,66,85,#6DD94A
106,66,85,#6BD94A
107,66,85,#69D94A
108,66,85,#66D94A
109,66,85,#64D94A
110,66,85,#62D94A
111,66,85,#5FD94A
112,66,85,#5DD94A
113,66,85,#5AD94A
114,66,85,#58D94A
115,66,85,#56D94A
116,66,85,#53D94A
117,66,85,#51D94A
118,66,85,#4ED94A
119,66,85,#4CD94A
120,66,85,#4AD94A
121,66,85,#4AD94C
122,66,85,#4AD94E
123,66,85,#4AD951
124,66,85,#4AD953
125,66,85,#4AD956
126,66,85,#4AD958
127,66,85,#4AD95A
128,66,85,#4AD95D
129,66,85,#4AD95F
130,66,85,#4AD962
131,66,85,#4AD964
132,66,85,#4AD966
133,66,85,#4AD969
134,66,85,#4AD96B
135,66,85,#4AD96D
136,66,85,#4AD970
137,66,85,#4AD972
138,66,85,#4AD975
139,66,85,#4AD977
140,66,85,#4AD979
141,66,85,#4AD97C
142,66,85,#4AD97E
143,66,85,#4AD981
144,66,85,#4AD983
145,66,85,#4AD985
146,66,85,#4AD988
147,66,85,#4AD98A
148,66,85,#4AD98C
149,66,85,#4AD98F
150,66,85,#4AD991
151,66,85,#4AD994
152,66,85,#4AD996
153,66,85,#4AD998
154,66,85,#4AD99B
155,66,85,#4AD99D
156,66,85,#4AD9A0
157,66,85,#4AD9A2
158,66,85,#4AD9A4
159,66,85,#4AD9A7
160,66,85,#4AD9A9
161,66,85,#4AD9AB
162,66,85,#4AD9AE
163,66,85,#4AD9B0
164,66,85,#4AD9B3
165,66,85,#4AD9B5
166,66,85,#4AD9B7
167,66,85,#4AD9BA
168,66,85,#4AD9BC
169,66,85,#4AD9BF
170,66,85,#4AD9C1
171,66,85,#4AD9C3
172,66,85,#4AD9C6
173,66,85,#4AD9C8
174,66,85,#4AD9CA
175,66,85,#4AD9CD
176,66,85,#4AD9CF
177,66,85,#4AD9D2
178,66,85,#4AD9D4
179,66,85,#4AD9D6
180,66,85,#4AD9D9
181,66,85,#4AD6D9
182,66,85,#4AD4D9
183,66,85,#4AD2D9
184,66,85,#4ACFD9
185,66,85,#4ACDD9
186,66,85,#4ACAD9
187,66,85,#4AC8D9
188,66,85,#4AC6D9
189,66,85,#4AC3D9
190,66,85,#4AC1D9
191,66,85,#4ABFD9
192,66,85,#4ABCD9
193,66,85,#4ABAD9
194,66,85,#4AB7D9
195,66,85,#4AB5D9
196,66,85,#4AB3D9
197,66,85,#4AB0D9
198,66,85,#4AAED9
199,66,85,#4AABD9
200,66,85,#4AA9D9
201,66,85,#4AA7D9
202,66,85,#4AA4D9
203,66,85,#4AA2D9
204,66,85,#4AA0D9
205,66,85,#4A9DD9
206,66,85,#4A9BD9
207,66,85,#4A98D9
208,66,85,#4A96D9
209,66,85,#4A94D9
210,66,85,#4A91D9
211,66,85,#4A8FD9
212,66,85,#4A8CD9
213,66,85,#4A8AD9
214,66,85,#4A88D9
215,66,85,#4A85D9
216,66,85,#4A83D9
217,66,85,#4A81D9
218,66,85,#4A7ED9
219,66,85,#4A7CD9
220,66,85,#4A79D9
221,66,85,#4A77D9
222,66,85,#4A75D9
223,66,85,#4A72D9
224,66,85,#4A70D9
225,66,85,#4A6DD9
226,66,85,#4A6BD9
227,66,85,#4A69D9
228,66,85,#4A66D9
229,66,85,#4A64D9
230,66,85,#4A62D9
231,66,85,#4A5FD9
232,66,85,#4A5DD9
233,66,85,#4A5AD9
234,66,85,#4A58D9
235,66,85,#4A56D9
236,66,85,#4A53D9
237,66,85,#4A51D9
238,66,85,#4A4ED9
239,66,85,#4A4CD9
240,66,85,#4A4AD9
241,66,85,#4C4AD9
242,66,85,#4E4AD9
243,66,85,#514AD9
244,66,85,#534AD9
245,66,85,#564AD9
246,66,85,#584AD9
247,66,85,#5A4AD9
248,66,85,#5D4AD9
249,66,85,#5F4AD9
250,66,85,#624AD9
251,66,85,#644AD9
252,66,85,#664AD9
253,66,85,#694AD9
254,66,85,#6B4AD9
255,66,85,#6D4AD9
256,66,85,#704AD9
257,66,85,#724AD9
258,66,85,#754AD9
259,66,85,#774AD9
260,66,85,#794AD9
261,66,85,#7C4AD9
262,66,85,#7E4AD9
263,66,85,#814AD9
264,66,85,#834AD9
265,66,85,#854AD9
266,66,85,#884AD9
267,66,85,#8A4AD9
268,66,85,#8C4AD9
269,66,85,#8F4AD9
270,66,85,#914AD9
271,66,85,#944AD9
272,66,85,#964AD9
273,66,85,#984AD9
274,66,85,#9B4AD9
275,66,85,#9D4AD9
276,66,85,#A04AD9
277,66,85,#A24AD9
278,66,85,#A44AD9
279,66,85,#A74AD9
280,66,85,#A94AD9
281,66,85,#AB4AD9
282,66,85,#AE4AD9
283,66,85,#B04AD9
284,66,85,#B34AD9
285,66,85,#B54AD9
286,66,85,#B74AD9
287,66,85,#BA4AD9
288,66,85,#BC4AD9
289,66,85,#BF4AD9
290,66,85,#C14AD9
291,66,85,#C34AD9
292,66,85,#C64AD9
293,66,85,#C84AD9
294,66,85,#CA4AD9
295,66,85,#CD4AD9
296,66,85,#CF4AD9
297,66,85,#D24AD9
298,66,85,#D44AD9
299,66,85,#D64AD9
300,66,85,#D94AD9
301,66,85,#D94AD6
302,66,85,#D94AD4
303,66,85,#D94AD2
304,66,85,#D94ACF
305,66,85,#D94ACD
306,66,85,#D94ACA
307,66,85,#D94AC8
308,66,85,#D94AC6
309,66,85,#D94AC3
310,66,85,#D94AC1
311,66,85,#D94ABF
312,66,85,#D94ABC
313,66,85,#D94ABA
314,66,85,#D94AB7
315,66,85,#D94AB5
316,66,85,#D94AB3
317,66,85,#D94AB0
318,66,85,#D94AAE
319,66,85,#D94AAB
320,66,85,#D94AA9
321,66,85,#D94AA7
322,66,85,#D94AA4
323,66,85,#D94AA2
324,66,85,#D94AA0
325,66,85,#D94A9D
326,66,85,#D94A9B
327,66,85,#D94A98
328,66,85,#D94A96
329,66,85,#D94A94
330,66,85,#D94A91
331,66,85,#D94A8F
332,66,85,#D94A8C
333,66,85,#D94A8A
334,66,85,#D94A88
335,66,85,#D94A85
336,66,85,#D94A83
337,66,85,#D94A81
338,66,85,#D94A7E
339,66,85,#D94A7C
340,66,85,#D94A79
341,66,85,#D94A77
342,66,85,#D94A75
343,66,85,#D94A72
344,66,85,#D94A70
345,66,85,#D94A6D
346,66,85,#D94A6B
347,66,85,#D94A69
348,66,85,#D94A66
349,66,85,#D94A64
350,66,85,#D94A62
351,66,85,#D94A5F
352,66,85,#D94A5D
353,66,85,#D94A5A
354,66,85,#D94A58
355,66,85,#D94A56
356,66,85,#D94A53
357,66,85,#D94A51
358,66,85,#D94A4E
359,66,85,#D94A4C
0,65,85,#D94C4C
1,65,85,#D94E4C
2,65,85,#D9514C
3,65,85,#D9534C
4,65,85,#D9554C
5,65,85,#D9584C
6,65,85,#D95A4C
7,65,85,#D95C4C
8,65,85,#D95F4C
9,65,85,#D9614C
10,65,85,#D9634C
11,65,85,#D9664C
12,65,85,#D9684C
13,65,85,#D96A4C
14,65,85,#D96D4C
15,65,85,#D96F4C
16,65,85,#D9714C
17,65,85,#D9744C
18,65,85,#D9764C
19,65,85,#D9784C
20,65,85,#D97B4C
21,65,85,#D97D4C
22,65,85,#D9804C
23,65,85,#D9824C
24,65,85,#D9844C
25,65,85,#D9874C
26,65,85,#D9894C
27,65,85,#D98B4C
28,65,85,#D98E4C
29,65,85,#D9904C
30,65,85,#D9924C
31,65,85,#D9954C
32,65,85,#D9974C
33,65,85,#D9994C
34,65,85,#D99C4C
35,65,85,#D99E4C
36,65,85,#D9A04C
37,65,85,#D9A34C
38,65,85,#D9A54C
39,65,85,#D9A74C
40,65,85,#D9AA4C
41,65,85,#D9AC4C
42,65,85,#D9AE4C
43,65,85,#D9B14C
44,65,85,#D9B34C
45,65,85,#D9B64C
46,65,85,#D9B84C
47,65,85,#D9BA4C
48,65,85,#D9BD4C
49,65,85,#D9BF4C
50,65,85,#D9C14C
51,65,85,#D9C44C
52,65,85,#D9C64C
53,65,85,#D9C84C
54,65,85,#D9CB4C
55,65,85,#D9CD4C
56,65,85,#D9CF4C
57,65,85,#D9D24C
58,65,85,#D9D44C
59,65,85,#D9D64C
60,65,85,#D9D94C
61,65,85,#D6D94C
62,65,85,#D4D94C
63,65,85,#D2D94C
64,65,85,#CFD94C
65,65,85,#CDD94C
66,65,85,#CBD94C
67,65,85,#C8D94C
68,65,85,#C6D94C
69,65,85,#C4D94C
70,65,85,#C1D94C
71,65,85,#BFD94C
72,65,85,#BDD94C
73,65,85,#BAD94C
74,65,85,#B8D94C
75,65,85,#B6D94C
76,65,85,#B3D94C
77,65,85,#B1D94C
78,65,85,#AED94C
79,65,85,#ACD94C
80,65,85,#AAD94C
81,65,85,#A7D94C
82,65,85,#A5D94C
83,65,85,#A3D94C
84,65,85,#A0D94C
85,65,85,#9ED94C
86,65,85,#9CD94C
87,65,85,#99D94C
88,65,85,#97D94C
89,65,85,#95D94C
90,65,85,#92D94C
91,65,85,#90D94C
92,65,85,#8ED94C
93,65,85,#8BD94C
94,65,85,#89D94C
95,65,85,#87D94C
96,65,85,#84D94C
97,65,85,#82D94C
98,65,85,#80D94C
99,65,85,#7DD94C
100,65,85,#7BD94C
101,65,85,#78D94C
102,65,85,#76D94C
103,65,85,#74D94C
104,65,85,#71D94C
105,65,85,#6FD94C
106,65,85,#6DD94C
107,65,85,#6AD94C
108,65,85,#68D94C
109,65,85,#66D94C
110,65,85,#63D94C
111,65,85,#61D94C
112,65,85,#5FD94C
113,65,85,#5CD94C
114,65,85,#5AD94C
115,65,85,#58D94C
116,65,85,#55D94C
117,65,85,#53D94C
118,65,85,#51D94C
119,65,85,#4ED94C
120,65,85,#4CD94C
121,65,85,#4CD94E
122,65,85,#4CD951
123,65,85,#4CD953
124,65,85,#4CD955
125,65,85,#4CD958
126,65,85,#4CD95A
127,65,85,#4CD95C
128,65,85,#4CD95F
129,65,85,#4CD961
130,65,85,#4CD963
131,65,85,#4CD966
132,65,85,#4CD968
133,65,85,#4CD96A
134,65,85,#4CD96D
135,65,85,#4CD96F
136,65,85,#4CD971
137,65,85,#4CD974
138,65,85,#4CD976
139,65,85,#4CD978
140,65,85,#4CD97B
141,65,85,#4CD97D
142,65,85,#4CD980
143,65,85,#4CD982
144,65,85,#4CD984
145,65,85,#4CD987
146,65,85,#4CD989
147,65,85,#4CD98B
148,65,85,#4CD98E
149,65,85,#4CD990
150,65,85,#4CD992
151,65,85,#4CD995
152,65,85,#4CD997
153,65,85,#4CD999
154,65,85,#4CD99C
155,65,85,#4CD99E
156,65,85,#4CD9A0
157,65,85,#4CD9A3
158,65,85,#4CD9A5
159,65,85,#4CD9A7
160,65,85,#4CD9AA
161,65,85,#4CD9AC
162,65,85,#4CD9AE
163,65,85,#4CD9B1
164,65,85,#4CD9B3
165,65,85,#4CD9B6
166,65,85,#4CD9B8
167,65,85,#4CD9BA
168,65,85,#4CD9BD
169,65,85,#4CD9BF
170,65,85,#4CD9C1
171,65,85,#4CD9C4
172,65,85,#4CD9C6
173,65,85,#4CD9C8
174,65,85,#4CD9CB
175,65,85,#4CD9CD
176,65,85,#4CD9CF
177,65,85,#4CD9D2
178,65,85,#4CD9D4
179,65,85,#4CD9D6
180,65,85,#4CD9D9
181,65,85,#4CD6D9
182,65,85,#4CD4D9
183,65,85,#4CD2D9
184,65,85,#4CCFD9
185,65,85,#4CCDD9
186,65,85,#4CCBD9
187,65,85,#4CC8D9
188,65,85,#4CC6D9
189,65,85,#4CC4D9
190,65,85,#4CC1D9
191,65,85,#4CBFD9
192,65,85,#4CBDD9
193,65,85,#4CBAD9
194,65,85,#4CB8D9
195,65,85,#4CB6D9
196,65,85,#4CB3D9
197,65,85,#4CB1D9
198,65,85,#4CAED9
199,65,85,#4CACD9
200,65,85,#4CAAD9
201,65,85,#4CA7D9
202,65,85,#4CA5D9
203,65,85,#4CA3D9
204,65,85,#4CA0D9
205,65,85,#4C9ED9
206,65,85,#4C9CD9
207,65,85,#4C99D9
208,65,85,#4C97D9
209,65,85,#4C95D9
210,65,85,#4C92D9
211,65,85,#4C90D9
212,65,85,#4C8ED9
213,65,85,#4C8BD9
214,65,85,#4C89D9
215,65,85,#4C87D9
216,65,85,#4C84D9
217,65,85,#4C82D9
218,65,85,#4C80D9
219,65,85,#4C7DD9
220,65,85,#4C7BD9
221,65,85,#4C78D9
222,65,85,#4C76D9
223,65,85,#4C74D9
224,65,85,#4C71D9
225,65,85,#4C6FD9
226,65,85,#4C6DD9
227,65,85,#4C6AD9
228,65,85,#4C68D9
229,65,85,#4C66D9
230,65,85,#4C63D9
231,65,85,#4C61D9
232,65,85,#4C5FD9
233,65,85,#4C5CD9
234,65,85,#4C5AD9
235,65,85,#4C58D9
236,65,85,#4C55D9
237,65,85,#4C53D9
238,65,85,#4C51D9
239,65,85,#4C4ED9
240,65,85,#4C4CD9
241,65,85,#4E4CD9
242,65,85,#514CD9
243,65,85,#534CD9
244,65,85,#554CD9
245,65,85,#584CD9
246,65,85,#5A4CD9
247,65,85,#5C4CD9
248,65,85,#5F4CD9
249,65,85,#614CD9
250,65,85,#634CD9
251,65,85,#664CD9
252,65,85,#684CD9
253,65,85,#6A4CD9
254,65,85,#6D4CD9
255,65,85,#6F4CD9
256,65,85,#714CD9
257,65,85,#744CD9
258,65,85,#764CD9
259,65,85,#784CD9
260,65,85,#7B4CD9
261,65,85,#7D4CD9
262,65,85,#804CD9
263,65,85,#824CD9
264,65,85,#844CD9
265,65,85,#874CD9
266,65,85,#894CD9
267,65,85,#8B4CD9
268,65,85,#8E4CD9
269,65,85,#904CD9
270,65,85,#924CD9
271,65,85,#954CD9
272,65,85,#974CD9
273,65,85,#994CD9
274,65,85,#9C4CD9
275,65,85,#9E4CD9
276,65,85,#A04CD9
277,65,85,#A34CD9
278,65,85,#A54CD9
279,65,85,#A74CD9
280,65,85,#AA4CD9
281,65,85,#AC4CD9
282,65,85,#AE4CD9
283,65,85,#B14CD9
284,65,85,#B34CD9
285,65,85,#B64CD9
286,65,85,#B84CD9
287,65,85,#BA4CD9
288,65,85,#BD4CD9
289,65,85,#BF4CD9
290,65,85,#C14CD9
291,65,85,#C44CD9
292,65,85,#C64CD9
293,65,85,#C84CD9
294,65,85,#CB4CD9
295,65,85,#CD4CD9
296,65,85,#CF4CD9
297,65,85,#D24CD9
298,65,85,#D44CD9
299,65,85,#D64CD9
300,65,85,#D94CD9
301,65,85,#D94CD6
302,65,85,#D94CD4
303,65,85,#D94CD2
304,65,85,#D94CCF
305,65,85,#D94CCD
306,65,85,#D94CCB
307,65,85,#D94CC8
308,65,85,#D94CC6
309,65,85,#D94CC4
310,65,85,#D94CC1
311,65,85,#D94CBF
312,65,85,#D94CBD
313,65,85,#D94CBA
314,65,85,#D94CB8
315,65,85,#D94CB6
316,65,85,#D94CB3
317,65,85,#D94CB1
318,65,85,#D94CAE
319,65,85,#D94CAC
320,65,85,#D94CAA
321,65,85,#D94CA7
322,65,85,#D94CA5
323,65,85,#D94CA3
324,65,85,#D94CA0
325,65,85,#D94C9E
326,65,85,#D94C9C
327,65,85,#D94C99
328,65,85,#D94C97
329,65,85,#D94C95
330,65,85,#D94C92
331,65,85,#D94C90
332,65,85,#D94C8E
333,65,85,#D94C8B
334,65,85,#D94C89
335,65,85,#D94C87
336,65,85,#D94C84
337,65,85,#D94C82
338,65,85,#D94C80
339,65,85,#D94C7D
340,65,85,#D94C7B
341,65,85,#D94C78
342,65,85,#D94C76
343,65,85,#D94C74
344,65,85,#D94C71
345,65,85,#D94C6F
346,65,85,#D94C6D
347,65,85,#D94C6A
348,65,85,#D94C68
349,65,85,#D94C66
350,65,85,#D94C63
351,65,85,#D94C61
352,65,85,#D94C5F
353,65,85,#D94C5C
354,65,85,#D94C5A
355,65,85,#D94C58
356,65,85,#D94C55
357,65,85,#D94C53
358,65,85,#D94C51
359,65,85,#D94C4E
0,64,85,#D94E4E
1,64,85,#D9504E
2,64,85,#D9534E
3,64,85,#D9554E
4,64,85,#D9574E
5,64,85,#D95A4E
6,64,85,#D95C4E
7,64,85,#D95E4E
8,64,85,#D9614E
9,64,85,#D9634E
10,64,85,#D9654E
11,64,85,#D9674E
12,64,85,#D96A4E
13,64,85,#D96C4E
14,64,85,#D96E4E
15,64,85,#D9714E
16,64,85,#D9734E
17,64,85,#D9754E
18,64,85,#D9784E
19,64,85,#D97A4E
20,64,85,#D97C4E
21,64,85,#D97F4E
22,64,85,#D9814E
23,64,85,#D9834E
24,64,85,#D9864E
25,64,85,#D9884E
26,64,85,#D98A4E
27,64,85,#D98C4E
28,64,85,#D98F4E
29,64,85,#D9914E
30,64,85,#D9934E
31,64,85,#D9964E
32,64,85,#D9984E
33,64,85,#D99A4E
34,64,85,#D99D4E
35,64,85,#D99F4E
36,64,85,#D9A14E
37,64,85,#D9A44E
38,64,85,#D9A64E
39,64,85,#D9A84E
40,64,85,#D9AB4E
41,64,85,#D9AD4E
42,64,85,#D9AF4E
43,64,85,#D9B14E
44,64,85,#D9B44E
45,64,85,#D9B64E
46,64,85,#D9B84E
47,64,85,#D9BB4E
48,64,85,#D9BD4E
49,64,85,#D9BF4E
50,64,85,#D9C24E
51,64,85,#D9C44E
52,64,85,#D9C64E
53,64,85,#D9C94E
54,64,85,#D9CB4E
55,64,85,#D9CD4E
56,64,85,#D9D04E
57,64,85,#D9D24E
58,64,85,#D9D44E
59,64,85,#D9D64E
60,64,85,#D9D94E
61,64,85,#D6D94E
62,64,85,#D4D94E
63,64,85,#D2D94E
64,64,85,#D0D94E
65,64,85,#CDD94E
66,64,85,#CBD94E
67,64,85,#C9D94E
68,64,85,#C6D94E
69,64,85,#C4D94E
70,64,85,#C2D94E
71,64,85,#BFD94E
72,64,85,#BDD94E
73,64,85,#BBD94E
74,64,85,#B8D94E
75,64,85,#B6D94E
76,64,85,#B4D94E
77,64,85,#B1D94E
78,64,85,#AFD94E
79,64,85,#ADD94E
80,64,85,#ABD94E
81,64,85,#A8D94E
82,64,85,#A6D94E
83,64,85,#A4D94E
84,64,85,#A1D94E
85,64,85,#9FD94E
86,64,85,#9DD94E
87,64,85,#9AD94E
88,64,85,#98D94E
89,64,85,#96D94E
90,64,85,#93D94E
91,64,85,#91D94E
92,64,85,#8FD94E
93,64,85,#8CD94E
94,64,85,#8AD94E
95,64,85,#88D94E
96,64,85,#86D94E
97,64,85,#83D94E
98,64,85,#81D94E
99,64,85,#7FD94E
100,64,85,#7CD94E
101,64,85,#7AD94E
102,64,85,#78D94E
103,64,85,#75D94E
104,64,85,#73D94E
105,64,85,#71D94E
106,64,85,#6ED94E
107,64,85,#6CD94E
108,64,85,#6AD94E
109,64,85,#67D94E
110,64,85,#65D94E
111,64,85,#63D94E
112,64,85,#61D94E
113,64,85,#5ED94E
114,64,85,#5CD94E
115,64,85,#5AD94E
116,64,85,#57D94E
117,64,85,#55D94E
118,64,85,#53D94E
119,64,85,#50D94E
120,64,85,#4ED94E
121,64,85,#4ED950
122,64,85,#4ED953
123,64,85,#4ED955
124,64,85,#4ED957
125,64,85,#4ED95A
126,64,85,#4ED95C
127,64,85,#4ED95E
128,64,85,#4ED961
129,64,85,#4ED963
130,64,85,#4ED965
131,64,85,#4ED967
132,64,85,#4ED96A
133,64,85,#4ED96C
134,64,85,#4ED96E
135,64,85,#4ED971
136,64,85,#4ED973
137,64,85,#4ED975
138,64,85,#4ED978
139,64,85,#4ED97A
140,64,85,#4ED97C
141,64,85,#4ED97F
142,64,85,#4ED981
143,64,85,#4ED983
144,64,85,#4ED986
145,64,85,#4ED988
146,64,85,#4ED98A
147,64,85,#4ED98C
148,64,85,#4ED98F
149,64,85,#4ED991
150,64,85,#4ED993
151,64,85,#4ED996
152,64,85,#4ED998
153,64,85,#4ED99A
154,64,85,#4ED99D
155,64,85,#4ED99F
156,64,85,#4ED9A1
157,64,85,#4ED9A4
158,64,85,#4ED9A6
159,64,85,#4ED9A8
160,64,85,#4ED9AB
161,64,85,#4ED9AD
162,64,85,#4ED9AF
163,64,85,#4ED9B1
164,64,85,#4ED9B4
165,64,85,#4ED9B6
166,64,85,#4ED9B8
167,64,85,#4ED9BB
168,64,85,#4ED9BD
169,64,85,#4ED9BF
170,64,85,#4ED9C2
171,64,85,#4ED9C4
172,64,85,#4ED9C6
173,64,85,#4ED9C9
174,64,85,#4ED9CB
175,64,85,#4ED9CD
176,64,85,#4ED9D0
177,64,85,#4ED9D2
178,64,85,#4ED9D4
179,64,85,#4ED9D6
180,64,85,#4ED9D9
181,64,85,#4ED6D9
182,64,85,#4ED4D9
183,64,85,#4ED2D9
184,64,85,#4ED0D9
185,64,85,#4ECDD9
186,64,85,#4ECBD9
187,64,85,#4EC9D9
188,64,85,#4EC6D9
189,64,85,#4EC4D9
190,64,85,#4EC2D9
191,64,85,#4EBFD9
192,64,85,#4EBDD9
193,64,85,#4EBBD9
194,64,85,#4EB8D9
195,64,85,#4EB6D9
196,64,85,#4EB4D9
197,64,85,#4EB1D9
198,64,85,#4EAFD9
199,64,85,#4EADD9
200,64,85,#4EABD9
201,64,85,#4EA8D9
202,64,85,#4EA6D9
203,64,85,#4EA4D9
204,64,85,#4EA1D9
205,64,85,#4E9FD9
206,64,85,#4E9DD9
207,64,85,#4E9AD9
208,64,85,#4E98D9
209,64,85,#4E96D9
210,64,85,#4E93D9
211,64,85,#4E91D9
212,64,85,#4E8FD9
213,64,85,#4E8CD9
214,64,85,#4E8AD9
215,64,85,#4E88D9
216,64,85,#4E86D9
217,64,85,#4E83D9
218,64,85,#4E81D9
219,64,85,#4E7FD9
220,64,85,#4E7CD9
221,64,85,#4E7AD9
222,64,85,#4E78D9
223,64,85,#4E75D9
224,64,85,#4E73D9
225,64,85,#4E71D9
226,64,85,#4E6ED9
227,64,85,#4E6CD9
228,64,85,#4E6AD9
229,64,85,#4E67D9
230,64,85,#4E65D9
231,64,85,#4E63D9
232,64,85,#4E61D9
233,64,85,#4E5ED9
234,64,85,#4E5CD9
235,64,85,#4E5AD9
236,64,85,#4E57D9
237,64,85,#4E55D9
238,64,85,#4E53D9
239,64,85,#4E50D9
240,64,85,#4E4ED9
241,64,85,#504ED9
242,64,85,#534ED9
243,64,85,#554ED9
244,64,85,#574ED9
245,64,85,#5A4ED9
246,64,85,#5C4ED9
247,64,85,#5E4ED9
248,64,85,#614ED9
249,64,85,#634ED9
250,64,85,#654ED9
251,64,85,#674ED9
252,64,85,#6A4ED9
253,64,85,#6C4ED9
254,64,85,#6E4ED9
255,64,85,#714ED9
256,64,85,#734ED9
257,64,85,#754ED9
258,64,85,#784ED9
259,64,85,#7A4ED9
260,64,85,#7C4ED9
261,64,85,#7F4ED9
262,64,85,#814ED9
263,64,85,#834ED9
264,64,85,#864ED9
265,64,85,#884ED9
266,64,85,#8A4ED9
267,64,85,#8C4ED9
268,64,85,#8F4ED9
269,64,85,#914ED9
270,64,85,#934ED9
271,64,85,#964ED9
272,64,85,#984ED9
273,64,85,#9A4ED9
274,64,85,#9D4ED9
275,64,85,#9F4ED9
276,64,85,#A14ED9
277,64,85,#A44ED9
278,64,85,#A64ED9
279,64,85,#A84ED9
280,64,85,#AB4ED9
281,64,85,#AD4ED9
282,64,85,#AF4ED9
283,64,85,#B14ED9
284,64,85,#B44ED9
285,64,85,#B64ED9
286,64,85,#B84ED9
287,64,85,#BB4ED9
288,64,85,#BD4ED9
289,64,85,#BF4ED9
290,64,85,#C24ED9
291,64,85,#C44ED9
292,64,85,#C64ED9
293,64,85,#C94ED9
294,64,85,#CB4ED9
295,64,85,#CD4ED9
296,64,85,#D04ED9
297,64,85,#D24ED9
298,64,85,#D44ED9
299,64,85,#D64ED9
300,64,85,#D94ED9
301,64,85,#D94ED6
302,64,85,#D94ED4
303,64,85,#D94ED2
304,64,85,#D94ED0
305,64,85,#D94ECD
306,64,85,#D94ECB
307,64,85,#D94EC9
308,64,85,#D94EC6
309,64,85,#D94EC4
310,64,85,#D94EC2
311,64,85,#D94EBF
312,64,85,#D94EBD
313,64,85,#D94EBB
314,64,85,#D94EB8
315,64,85,#D94EB6
316,64,85,#D94EB4
317,64,85,#D94EB1
318,64,85,#D94EAF
319,64,85,#D94EAD
320,64,85,#D94EAB
321,64,85,#D94EA8
322,64,85,#D94EA6
323,64,85,#D94EA4
324,64,85,#D94EA1
325,64,85,#D94E9F
326,64,85,#D94E9D
327,64,85,#D94E9A
328,64,85,#D94E98
329,64,85,#D94E96
330,64,85,#D94E93
331,64,85,#D94E91
332,64,85,#D94E8F
333,64,85,#D94E8C
334,64,85,#D94E8A
335,64,85,#D94E88
336,64,85,#D94E86
337,64,85,#D94E83
338,64,85,#D94E81
339,64,85,#D94E7F
340,64,85,#D94E7C
341,64,85,#D94E7A
342,64,85,#D94E78
343,64,85,#D94E75
344,64,85,#D94E73
345,64,85,#D94E71
346,64,85,#D94E6E
347,64,85,#D94E6C
348,64,85,#D94E6A
349,64,85,#D94E67
350,64,85,#D94E65
351,64,85,#D94E63
352,64,85,#D94E61
353,64,85,#D94E5E
354,64,85,#D94E5C
355,64,85,#D94E5A
356,64,85,#D94E57
357,64,85,#D94E55
358,64,85,#D94E53
359,64,85,#D94E50
0,63,85,#D95050
1,63,85,#D95250
2,63,85,#D95550
3,63,85,#D95750
4,63,85,#D95950
5,63,85,#D95C50
6,63,85,#D95E50
7,63,85,#D96050
8,63,85,#D96250
9,63,85,#D96550
10,63,85,#D96750
11,63,85,#D96950
12,63,85,#D96C50
13,63,85,#D96E50
14,63,85,#D97050
15,63,85,#D97250
16,63,85,#D97550
17,63,85,#D97750
18,63,85,#D97950
19,63,85,#D97B50
20,63,85,#D97E50
21,63,85,#D98050
22,63,85,#D98250
23,63,85,#D98550
24,63,85,#D98750
25,63,85,#D98950
26,63,85,#D98B50
27,63,85,#D98E50
28,63,85,#D99050
29,63,85,#D99250
30,63,85,#D99450
31,63,85,#D99750
32,63,85,#D99950
33,63,85,#D99B50
34,63,85,#D99E50
35,63,85,#D9A050
36,63,85,#D9A250
37,63,85,#D9A450
38,63,85,#D9A750
39,63,85,#D9A950
40,63,85,#D9AB50
41,63,85,#D9AE50
42,63,85,#D9B050
43,63,85,#D9B250
44,63,85,#D9B450
45,63,85,#D9B750
46,63,85,#D9B950
47,63,85,#D9BB50
48,63,85,#D9BD50
49,63,85,#D9C050
50,63,85,#D9C250
51,63,85,#D9C450
52,63,85,#D9C750
53,63,85,#D9C950
54,63,85,#D9CB50
55,63,85,#D9CD50
56,63,85,#D9D050
57,63,85,#D9D250
58,63,85,#D9D450
59,63,85,#D9D650
60,63,85,#D9D950
61,63,85,#D6D950
62,63,85,#D4D950
63,63,85,#D2D950
64,63,85,#D0D950
65,63,85,#CDD950
66,63,85,#CBD950
67,63,85,#C9D950
68,63,85,#C7D950
69,63,85,#C4D950
70,63,85,#C2D950
71,63,85,#C0D950
72,63,85,#BDD950
73,63,85,#BBD950
74,63,85,#B9D950
75,63,85,#B7D950
76,63,85,#B4D950
77,63,85,#B2D950
78,63,85,#B0D950
79,63,85,#AED950
80,63,85,#ABD950
81,63,85,#A9D950
82,63,85,#A7D950
83,63,85,#A4D950
84,63,85,#A2D950
85,63,85,#A0D950
86,63,85,#9ED950
87,63,85,#9BD950
88,63,85,#99D950
89,63,85,#97D950
90,63,85,#94D950
91,63,85,#92D950
92,63,85,#90D950
93,63,85,#8ED950
94,63,85,#8BD950
95,63,85,#89D950
96,63,85,#87D950
97,63,85,#85D950
98,63,85,#82D950
99,63,85,#80D950
100,63,85,#7ED950
101,63,85,#7BD950
102,63,85,#79D950
103,63,85,#77D950
104,63,85,#75D950
105,63,85,#72D950
106,63,85,#70D950
107,63,85,#6ED950
108,63,85,#6CD950
109,63,85,#69D950
110,63,85,#67D950
111,63,85,#65D950
112,63,85,#62D950
113,63,85,#60D950
114,63,85,#5ED950
115,63,85,#5CD950
116,63,85,#59D950
117,63,85,#57D950
118,63,85,#55D950
119,63,85,#52D950
120,63,85,#50D950
121,63,85,#50D952
122,63,85,#50D955
123,63,85,#50D957
124,63,85,#50D959
125,63,85,#50D95C
126,63,85,#50D95E
127,63,85,#50D960
128,63,85,#50D962
129,63,85,#50D965
130,63,85,#50D967
131,63,85,#50D969
132,63,85,#50D96C
133,63,85,#50D96E
134,63,85,#50D970
135,63,85,#50D972
136,63,85,#50D975
137,63,85,#50D977
138,63,85,#50D979
139,63,85,#50D97B
140,63,85,#50D97E
141,63,85,#50D980
142,63,85,#50D982
143,63,85,#50D985
144,63,85,#50D987
145,63,85,#50D989
146,63,85,#50D98B
147,63,85,#50D98E
148,63,85,#50D990
149,63,85,#50D992
150,63,85,#50D994
151,63,85,#50D997
152,63,85,#50D999
153,63,85,#50D99B
154,63,85,#50D99E
155,63,85,#50D9A0
156,63,85,#50D9A2
157,63,85,#50D9A4
158,63,85,#50D9A7
159,63,85,#50D9A9
160,63,85,#50D9AB
161,63,85,#50D9AE
162,63,85,#50D9B0
163,63,85,#50D9B2
164,63,85,#50D9B4
165,63,85,#50D9B7
166,63,85,#50D9B9
167,63,85,#50D9BB
168,63,85,#50D9BD
169,63,85,#50D9C0
170,63,85,#50D9C2
171,63,85,#50D9C4
172,63,85,#50D9C7
173,63,85,#50D9C9
174,63,85,#50D9CB
175,63,85,#50D9CD
176,63,85,#50D9D0
177,63,85,#50D9D2
178,63,85,#50D9D4
179,63,85,#50D9D6
180,63,85,#50D9D9
181,63,85,#50D6D9
182,63,85,#50D4D9
183,63,85,#50D2D9
184,63,85,#50D0D9
185,63,85,#50CDD9
186,63,85,#50CBD9
187,63,85,#50C9D9
188,63,85,#50C7D9
189,63,85,#50C4D9
190,63,85,#50C2D9
191,63,85,#50C0D9
192,63,85,#50BDD9
193,63,85,#50BBD9
194,63,85,#50B9D9
195,63,85,#50B7D9
196,63,85,#50B4D9
197,63,85,#50B2D9
198,63,85,#50B0D9
199,63,85,#50AED9
200,63,85,#50ABD9
201,63,85,#50A9D9
202,63,85,#50A7D9
203,63,85,#50A4D9
204,63,85,#50A2D9
205,63,85,#50A0D9
206,63,85,#509ED9
207,63,85,#509BD9
208,63,85,#5099D9
209,63,85,#5097D9
210,63,85,#5094D9
211,63,85,#5092D9
212,63,85,#5090D9
213,63,85,#508ED9
214,63,85,#508BD9
215,63,85,#5089D9
216,63,85,#5087D9
217,63,85,#5085D9
218,63,85,#5082D9
219,63,85,#5080D9
220,63,85,#507ED9
221,63,85,#507BD9
222,63,85,#5079D9
223,63,85,#5077D9
224,63,85,#5075D9
225,63,85,#5072D9
226,63,85,#5070D9
227,63,85,#506ED9
228,63,85,#506CD9
229,63,85,#5069D9
230,63,85,#5067D9
231,63,85,#5065D9
232,63,85,#5062D9
233,63,85,#5060D9
234,63,85,#505ED9
235,63,85,#505CD9
236,63,85,#5059D9
237,63,85,#5057D9
238,63,85,#5055D9
239,63,85,#5052D9
240,63,85,#5050D9
241,63,85,#5250D9
242,63,85,#5550D9
243,63,85,#5750D9
244,63,85,#5950D9
245,63,85,#5C50D9
246,63,85,#5E50D9
247,63,85,#6050D9
248,63,85,#6250D9
249,63,85,#6550D9
250,63,85,#6750D9
251,63,85,#6950D9
252,63,85,#6C50D9
253,63,85,#6E50D9
254,63,85,#7050D9
255,63,85,#7250D9
256,63,85,#7550D9
257,63,85,#7750D9
258,63,85,#7950D9
259,63,85,#7B50D9
260,63,85,#7E50D9
261,63,85,#8050D9
262,63,85,#8250D9
263,63,85,#8550D9
264,63,85,#8750D9
265,63,85,#8950D9
266,63,85,#8B50D9
267,63,85,#8E50D9
268,63,85,#9050D9
269,63,85,#9250D9
270,63,85,#9450D9
271,63,85,#9750D9
272,63,85,#9950D9
273,63,85,#9B50D9
274,63,85,#9E50D9
275,63,85,#A050D9
276,63,85,#A250D9
277,63,85,#A450D9
278,63,85,#A750D9
279,63,85,#A950D9
280,63,85,#AB50D9
281,63,85,#AE50D9
282,63,85,#B050D9
283,63,85,#B250D9
284,63,85,#B450D9
285,63,85,#B750D9
286,63,85,#B950D9
287,63,85,#BB50D9
288,63,85,#BD50D9
289,63,85,#C050D9
290,63,85,#C250D9
291,63,85,#C450D9
292,63,85,#C750D9
293,63,85,#C950D9
294,63,85,#CB50D9
295,63,85,#CD50D9
296,63,85,#D050D9
297,63,85,#D250D9
298,63,85,#D450D9
299,63,85,#D650D9
300,63,85,#D950D9
301,63,85,#D950D6
302,63,85,#D950D4
303,63,85,#D950D2
304,63,85,#D950D0
305,63,85,#D950CD
306,63,85,#D950CB
307,63,85,#D950C9
308,63,85,#D950C7
309,63,85,#D950C4
310,63,85,#D950C2
311,63,85,#D950C0
312,63,85,#D950BD
313,63,85,#D950BB
314,63,85,#D950B9
315,63,85,#D950B7
316,63,85,#D950B4
317,63,85,#D950B2
318,63,85,#D950B0
319,63,85,#D950AE
320,63,85,#D950AB
321,63,85,#D950A9
322,63,85,#D950A7
323,63,85,#D950A4
324,63,85,#D950A2
325,63,85,#D950A0
326,63,85,#D9509E
327,63,85,#D9509B
328,63,85,#D95099
329,63,85,#D95097
330,63,85,#D95094
331,63,85,#D95092
332,63,85,#D95090
333,63,85,#D9508E
334,63,85,#D9508B
335,63,85,#D95089
336,63,85,#D95087
337,63,85,#D95085
338,63,85,#D95082
339,63,85,#D95080
340,63,85,#D9507E
341,63,85,#D9507B
342,63,85,#D95079
343,63,85,#D95077
344,63,85,#D95075
345,63,85,#D95072
346,63,85,#D95070
347,63,85,#D9506E
348,63,85,#D9506C
349,63,85,#D95069
350,63,85,#D95067
351,63,85,#D95065
352,63,85,#D95062
353,63,85,#D95060
354,63,85,#D9505E
355,63,85,#D9505C
356,63,85,#D95059
357,63,85,#D95057
358,63,85,#D95055
359,63,85,#D95052
0,62,85,#D95252
1,62,85,#D95552
2,62,85,#D95752
3,62,85,#D95952
4,62,85,#D95B52
5,62,85,#D95E52
6,62,85,#D96052
7,62,85,#D96252
8,62,85,#D96452
9,62,85,#D96752
10,62,85,#D96952
11,62,85,#D96B52
12,62,85,#D96D52
13,62,85,#D96F52
14,62,85,#D97252
15,62,85,#D97452
16,62,85,#D97652
17,62,85,#D97852
18,62,85,#D97B52
19,62,85,#D97D52
20,62,85,#D97F52
21,62,85,#D98152
22,62,85,#D98452
23,62,85,#D98652
24,62,85,#D98852
25,62,85,#D98A52
26,62,85,#D98D52
27,62,85,#D98F52
28,62,85,#D99152
29,62,85,#D99352
30,62,85,#D99652
31,62,85,#D99852
32,62,85,#D99A52
33,62,85,#D99C52
34,62,85,#D99F52
35,62,85,#D9A152
36,62,85,#D9A352
37,62,85,#D9A552
38,62,85,#D9A752
39,62,85,#D9AA52
40,62,85,#D9AC52
41,62,85,#D9AE52
42,62,85,#D9B052
43,62,85,#D9B352
44,62,85,#D9B552
45,62,85,#D9B752
46,62,85,#D9B952
47,62,85,#D9BC52
48,62,85,#D9BE52
49,62,85,#D9C052
50,62,85,#D9C252
51,62,85,#D9C552
52,62,85,#D9C752
53,62,85,#D9C952
54,62,85,#D9CB52
55,62,85,#D9CE52
56,62,85,#D9D052
57,62,85,#D9D252
58,62,85,#D9D452
59,62,85,#D9D752
60,62,85,#D9D952
61,62,85,#D7D952
62,62,85,#D4D952
63,62,85,#D2D952
64,62,85,#D0D952
65,62,85,#CED952
66,62,85,#CBD952
67,62,85,#C9D952
68,62,85,#C7D952
69,62,85,#C5D952
70,62,85,#C2D952
71,62,85,#C0D952
72,62,85,#BED952
73,62,85,#BCD952
74,62,85,#B9D952
75,62,85,#B7D952
76,62,85,#B5D952
77,62,85,#B3D952
78,62,85,#B0D952
79,62,85,#AED952
80,62,85,#ACD952
81,62,85,#AAD952
82,62,85,#A7D952
83,62,85,#A5D952
84,62,85,#A3D952
85,62,85,#A1D952
86,62,85,#9FD952
87,62,85,#9CD952
88,62,85,#9AD952
89,62,85,#98D952
90,62,85,#96D952
91,62,85,#93D952
92,62,85,#91D952
93,62,85,#8FD952
94,62,85,#8DD952
95,62,85,#8AD952
96,62,85,#88D952
97,62,85,#86D952
98,62,85,#84D952
99,62,85,#81D952
100,62,85,#7FD952
101,62,85,#7DD952
102,62,85,#7BD952
103,62,85,#78D952
104,62,85,#76D952
105,62,85,#74D952
106,62,85,#72D952
107,62,85,#6FD952
108,62,85,#6DD952
109,62,85,#6BD952
110,62,85,#69D952
111,62,85,#67D952
112,62,85,#64D952
113,62,85,#62D952
114,62,85,#60D952
115,62,85,#5ED952
116,62,85,#5BD952
117,62,85,#59D952
118,62,85,#57D952
119,62,85,#55D952
120,62,85,#52D952
121,62,85,#52D955
122,62,85,#52D957
123,62,85,#52D959
124,62,85,#52D95B
125,62,85,#52D95E
126,62,85,#52D960
127,62,85,#52D962
128,62,85,#52D964
129,62,85,#52D967
130,62,85,#52D969
131,62,85,#52D96B
132,62,85,#52D96D
133,62,85,#52D96F
134,62,85,#52D972
135,62,85,#52D974
136,62,85,#52D976
137,62,85,#52D978
138,62,85,#52D97B
139,62,85,#52D97D
140,62,85,#52D97F
141,62,85,#52D981
142,62,85,#52D984
143,62,85,#52D986
144,62,85,#52D988
145,62,85,#52D98A
146,62,85,#52D98D
147,62,85,#52D98F
148,62,85,#52D991
149,62,85,#52D993
150,62,85,#52D996
151,62,85,#52D998
152,62,85,#52D99A
153,62,85,#52D99C
154,62,85,#52D99F
155,62,85,#52D9A1
156,62,85,#52D9A3
157,62,85,#52D9A5
158,62,85,#52D9A7
159,62,85,#52D9AA
160,62,85,#52D9AC
161,62,85,#52D9AE
162,62,85,#52D9B0
163,62,85,#52D9B3
164,62,85,#52D9B5
165,62,85,#52D9B7
166,62,85,#52D9B9
167,62,85,#52D9BC
168,62,85,#52D9BE
169,62,85,#52D9C0
170,62,85,#52D9C2
171,62,85,#52D9C5
172,62,85,#52D9C7
173,62,85,#52D9C9
174,62,85,#52D9CB
175,62,85,#52D9CE
176,62,85,#52D9D0
177,62,85,#52D9D2
178,62,85,#52D9D4
179,62,85,#52D9D7
180,62,85,#52D9D9
181,62,85,#52D7D9
182,62,85,#52D4D9
183,62,85,#52D2D9
184,62,85,#52D0D9
185,62,85,#52CED9
186,62,85,#52CBD9
187,62,85,#52C9D9
188,62,85,#52C7D9
189,62,85,#52C5D9
190,62,85,#52C2D9
191,62,85,#52C0D9
192,62,85,#52BED9
193,62,85,#52BCD9
194,62,85,#52B9D9
195,62,85,#52B7D9
196,62,85,#52B5D9
197,62,85,#52B3D9
198,62,85,#52B0D9
199,62,85,#52AED9
200,62,85,#52ACD9
201,62,85,#52AAD9
202,62,85,#52A7D9
203,62,85,#52A5D9
204,62,85,#52A3D9
205,62,85,#52A1D9
206,62,85,#529FD9
207,62,85,#529CD9
208,62,85,#529AD9
209,62,85,#5298D9
210,62,85,#5296D9
211,62,85,#5293D9
212,62,85,#5291D9
213,62,85,#528FD9
214,62,85,#528DD9
215,62,85,#528AD9
216,62,85,#5288D9
217,62,85,#5286D9
218,62,85,#5284D9
219,62,85,#5281D9
220,62,85,#527FD9
221,62,85,#527DD9
222,62,85,#527BD9
223,62,85,#5278D9
224,62,85,#5276D9
225,62,85,#5274D9
226,62,85,#5272D9
227,62,85,#526FD9
228,62,85,#526DD9
229,62,85,#526BD9
230,62,85,#5269D9
231,62,85,#5267D9
232,62,85,#5264D9
233,62,85,#5262D9
234,62,85,#5260D9
235,62,85,#525ED9
236,62,85,#525BD9
237,62,85,#5259D9
238,62,85,#5257D9
239,62,85,#5255D9
240,62,85,#5252D9
241,62,85,#5552D9
242,62,85,#5752D9
243,62,85,#5952D9
244,62,85,#5B52D9
245,62,85,#5E52D9
246,62,85,#6052D9
247,62,85,#6252D9
248,62,85,#6452D9
249,62,85,#6752D9
250,62,85,#6952D9
251,62,85,#6B52D9
252,62,85,#6D52D9
253,62,85,#6F52D9
254,62,85,#7252D9
255,62,85,#7452D9
256,62,85,#7652D9
257,62,85,#7852D9
258,62,85,#7B52D9
259,62,85,#7D52D9
260,62,85,#7F52D9
261,62,85,#8152D9
262,62,85,#8452D9
263,62,85,#8652D9
264,62,85,#8852D9
265,62,85,#8A52D9
266,62,85,#8D52D9
267,62,85,#8F52D9
268,62,85,#9152D9
269,62,85,#9352D9
270,62,85,#9652D9
271,62,85,#9852D9
272,62,85,#9A52D9
273,62,85,#9C52D9
274,62,85,#9F52D9
275,62,85,#A152D9
276,62,85,#A352D9
277,62,85,#A552D9
278,62,85,#A752D9
279,62,85,#AA52D9
280,62,85,#AC52D9
281,62,85,#AE52D9
282,62,85,#B052D9
283,62,85,#B352D9
284,62,85,#B552D9
285,62,85,#B752D9
286,62,85,#B952D9
287,62,85,#BC52D9
288,62,85,#BE52D9
289,62,85,#C052D9
290,62,85,#C252D9
291,62,85,#C552D9
292,62,85,#C752D9
293,62,85,#C952D9
294,62,85,#CB52D9
295,62,85,#CE52D9
296,62,85,#D052D9
297,62,85,#D252D9
298,62,85,#D452D9
299,62,85,#D752D9
300,62,85,#D952D9
301,62,85,#D952D7
302,62,85,#D952D4
303,62,85,#D952D2
304,62,85,#D952D0
305,62,85,#D952CE
306,62,85,#D952CB
307,62,85,#D952C9
308,62,85,#D952C7
309,62,85,#D952C5
310,62,85,#D952C2
311,62,85,#D952C0
312,62,85,#D952BE
313,62,85,#D952BC
314,62,85,#D952B9
315,62,85,#D952B7
316,62,85,#D952B5
317,62,85,#D952B3
318,62,85,#D952B0
319,62,85,#D952AE
320,62,85,#D952AC
321,62,85,#D952AA
322,62,85,#D952A7
323,62,85,#D952A5
324,62,85,#D952A3
325,62,85,#D952A1
326,62,85,#D9529F
327,62,85,#D9529C
328,62,85,#D9529A
329,62,85,#D95298
330,62,85,#D95296
331,62,85,#D95293
332,62,85,#D95291
333,62,85,#D9528F
334,62,85,#D9528D
335,62,85,#D9528A
336,62,85,#D95288
337,62,85,#D95286
338,62,85,#D95284
339,62,85,#D95281
340,62,85,#D9527F
341,62,85,#D9527D
342,62,85,#D9527B
343,62,85,#D95278
344,62,85,#D95276
345,62,85,#D95274
346,62,85,#D95272
347,62,85,#D9526F
348,62,85,#D9526D
349,62,85,#D9526B
350,62,85,#D95269
351,62,85,#D95267
352,62,85,#D95264
353,62,85,#D95262
354,62,85,#D95260
355,62,85,#D9525E
356,62,85,#D9525B
357,62,85,#D95259
358,62,85,#D95257
359,62,85,#D95255
0,61,85,#D95555
1,61,85,#D95755
2,61,85,#D95955
3,61,85,#D95B55
4,61,85,#D95D55
5,61,85,#D96055
6,61,85,#D96255
7,61,85,#D96455
8,61,85,#D96655
9,61,85,#D96855
10,61,85,#D96B55
11,61,85,#D96D55
12,61,85,#D96F55
13,61,85,#D97155
14,61,85,#D97355
15,61,85,#D97655
16,61,85,#D97855
17,61,85,#D97A55
18,61,85,#D97C55
19,61,85,#D97E55
20,61,85,#D98155
21,61,85,#D98355
22,61,85,#D98555
23,61,85,#D98755
24,61,85,#D98955
25,61,85,#D98C55
26,61,85,#D98E55
27,61,85,#D99055
28,61,85,#D99255
29,61,85,#D99455
30,61,85,#D99755
31,61,85,#D99955
32,61,85,#D99B55
33,61,85,#D99D55
34,61,85,#D99F55
35,61,85,#D9A255
36,61,85,#D9A455
37,61,85,#D9A655
38,61,85,#D9A855
39,61,85,#D9AA55
40,61,85,#D9AD55
41,61,85,#D9AF55
42,61,85,#D9B155
43,61,85,#D9B355
44,61,85,#D9B555
45,61,85,#D9B855
46,61,85,#D9BA55
47,61,85,#D9BC55
48,61,85,#D9BE55
49,61,85,#D9C155
50,61,85,#D9C355
51,61,85,#D9C555
52,61,85,#D9C755
53,61,85,#D9C955
54,61,85,#D9CC55
55,61,85,#D9CE55
56,61,85,#D9D055
57,61,85,#D9D255
58,61,85,#D9D455
59,61,85,#D9D755
60,61,85,#D9D955
61,61,85,#D7D955
62,61,85,#D4D955
63,61,85,#D2D955
64,61,85,#D0D955
65,61,85,#CED955
66,61,85,#CCD955
67,61,85,#C9D955
68,61,85,#C7D955
69,61,85,#C5D955
70,61,85,#C3D955
71,61,85,#C1D955
72,61,85,#BED955
73,61,85,#BCD955
74,61,85,#BAD955
75,61,85,#B8D955
76,61,85,#B5D955
77,61,85,#B3D955
78,61,85,#B1D955
79,61,85,#AFD955
80,61,85,#ADD955
81,61,85,#AAD955
82,61,85,#A8D955
83,61,85,#A6D955
84,61,85,#A4D955
85,61,85,#A2D955
86,61,85,#9FD955
87,61,85,#9DD955
88,61,85,#9BD955
89,61,85,#99D955
90,61,85,#97D955
91,61,85,#94D955
92,61,85,#92D955
93,61,85,#90D955
94,61,85,#8ED955
95,61,85,#8CD955
96,61,85,#89D955
97,61,85,#87D955
98,61,85,#85D955
99,61,85,#83D955
100,61,85,#81D955
101,61,85,#7ED955
102,61,85,#7CD955
103,61,85,#7AD955
104,61,85,#78D955
105,61,85,#76D955
106,61,85,#73D955
107,61,85,#71D955
108,61,85,#6FD955
109,61,85,#6DD955
110,61,85,#6BD955
111,61,85,#68D955
112,61,85,#66D955
113,61,85,#64D955
114,61,85,#62D955
115,61,85,#60D955
116,61,85,#5DD955
117,61,85,#5BD955
118,61,85,#59D955
119,61,85,#57D955
120,61,85,#55D955
121,61,85,#55D957
122,61,85,#55D959
123,61,85,#55D95B
124,61,85,#55D95D
125,61,85,#55D960
126,61,85,#55D962
127,61,85,#55D964
128,61,85,#55D966
129,61,85,#55D968
130,61,85,#55D96B
131,61,85,#55D96D
132,61,85,#55D96F
133,61,85,#55D971
134,61,85,#55D973
135,61,85,#55D976
136,61,85,#55D978
137,61,85,#55D97A
138,61,85,#55D97C
139,61,85,#55D97E
140,61,85,#55D981
141,61,85,#55D983
142,61,85,#55D985
143,61,85,#55D987
144,61,85,#55D989
145,61,85,#55D98C
146,61,85,#55D98E
147,61,85,#55D990
148,61,85,#55D992
149,61,85,#55D994
150,61,85,#55D997
151,61,85,#55D999
152,61,85,#55D99B
153,61,85,#55D99D
154,61,85,#55D99F
155,61,85,#55D9A2
156,61,85,#55D9A4
157,61,85,#55D9A6
158,61,85,#55D9A8
159,61,85,#55D9AA
160,61,85,#55D9AD
161,61,85,#55D9AF
162,61,85,#55D9B1
163,61,85,#55D9B3
164,61,85,#55D9B5
165,61,85,#55D9B8
166,61,85,#55D9BA
167,61,85,#55D9BC
168,61,85,#55D9BE
169,61,85,#55D9C1
170,61,85,#55D9C3
171,61,85,#55D9C5
172,61,85,#55D9C7
173,61,85,#55D9C9
174,61,85,#55D9CC
175,61,85,#55D9CE
176,61,85,#55D9D0
177,61,85,#55D9D2
178,61,85,#55D9D4
179,61,85,#55D9D7
180,61,85,#55D9D9
181,61,85,#55D7D9
182,61,85,#55D4D9
183,61,85,#55D2D9
184,61,85,#55D0D9
185,61,85,#55CED9
186,61,85,#55CCD9
187,61,85,#55C9D9
188,61,85,#55C7D9
189,61,85,#55C5D9
190,61,85,#55C3D9
191,61,85,#55C1D9
192,61,85,#55BED9
193,61,85,#55BCD9
194,61,85,#55BAD9
195,61,85,#55B8D9
196,61,85,#55B5D9
197,61,85,#55B3D9
198,61,85,#55B1D9
199,61,85,#55AFD9
200,61,85,#55ADD9
201,61,85,#55AAD9
202,61,85,#55A8D9
203,61,85,#55A6D9
204,61,85,#55A4D9
205,61,85,#55A2D9
206,61,85,#559FD9
207,61,85,#559DD9
208,61,85,#559BD9
209,61,85,#5599D9
210,61,85,#5597D9
211,61,85,#5594D9
212,61,85,#5592D9
213,61,85,#5590D9
214,61,85,#558ED9
215,61,85,#558CD9
216,61,85,#5589D9
217,61,85,#5587D9
218,61,85,#5585D9
219,61,85,#5583D9
220,61,85,#5581D9
221,61,85,#557ED9
222,61,85,#557CD9
223,61,85,#557AD9
224,61,85,#5578D9
225,61,85,#5576D9
226,61,85,#5573D9
227,61,85,#5571D9
228,61,85,#556FD9
229,61,85,#556DD9
230,61,85,#556BD9
231,61,85,#5568D9
232,61,85,#5566D9
233,61,85,#5564D9
234,61,85,#5562D9
235,61,85,#5560D9
236,61,85,#555DD9
237,61,85,#555BD9
238,61,85,#5559D9
239,61,85,#5557D9
240,61,85,#5555D9
241,61,85,#5755D9
242,61,85,#5955D9
243,61,85,#5B55D9
244,61,85,#5D55D9
245,61,85,#6055D9
246,61,85,#6255D9
247,61,85,#6455D9
248,61,85,#6655D9
249,61,85,#6855D9
250,61,85,#6B55D9
251,61,85,#6D55D9
252,61,85,#6F55D9
253,61,85,#7155D9
254,61,85,#7355D9
255,61,85,#7655D9
256,61,85,#7855D9
257,61,85,#7A55D9
258,61,85,#7C55D9
259,61,85,#7E55D9
260,61,85,#8155D9
261,61,85,#8355D9
262,61,85,#8555D9
263,61,85,#8755D9
264,61,85,#8955D9
265,61,85,#8C55D9
266,61,85,#8E55D9
267,61,85,#9055D9
268,61,85,#9255D9
269,61,85,#9455D9
270,61,85,#9755D9
271,61,85,#9955D9
272,61,85,#9B55D9
273,61,85,#9D55D9
274,61,85,#9F55D9
275,61,85,#A255D9
276,61,85,#A455D9
277,61,85,#A655D9
278,61,85,#A855D9
279,61,85,#AA55D9
280,61,85,#AD55D9
281,61,85,#AF55D9
282,61,85,#B155D9
283,61,85,#B355D9
284,61,85,#B555D9
285,61,85,#B855D9
286,61,85,#BA55D9
287,61,85,#BC55D9
288,61,85,#BE55D9
289,61,85,#C155D9
290,61,85,#C355D9
291,61,85,#C555D9
292,61,85,#C755D9
293,61,85,#C955D9
294,61,85,#CC55D9
295,61,85,#CE55D9
296,61,85,#D055D9
297,61,85,#D255D9
298,61,85,#D455D9
299,61,85,#D755D9
300,61,85,#D955D9
301,61,85,#D955D7
302,61,85,#D955D4
303,61,85,#D955D2
304,61,85,#D955D0
305,61,85,#D955CE
306,61,85,#D955CC
307,61,85,#D955C9
308,61,85,#D955C7
309,61,85,#D955C5
310,61,85,#D955C3
311,61,85,#D955C1
312,61,85,#D955BE
313,61,85,#D955BC
314,61,85,#D955BA
315,61,85,#D955B8
316,61,85,#D955B5
317,61,85,#D955B3
318,61,85,#D955B1
319,61,85,#D955AF
320,61,85,#D955AD
321,61,85,#D955AA
322,61,85,#D955A8
323,61,85,#D955A6
324,61,85,#D955A4
325,61,85,#D955A2
326,61,85,#D9559F
327,61,85,#D9559D
328,61,85,#D9559B
329,61,85,#D95599
330,61,85,#D95597
331,61,85,#D95594
332,61,85,#D95592
333,61,85,#D95590
334,61,85,#D9558E
335,61,85,#D9558C
336,61,85,#D95589
337,61,85,#D95587
338,61,85,#D95585
339,61,85,#D95583
340,61,85,#D95581
341,61,85,#D9557E
342,61,85,#D9557C
343,61,85,#D9557A
344,61,85,#D95578
345,61,85,#D95576
346,61,85,#D95573
347,61,85,#D95571
348,61,85,#D9556F
349,61,85,#D9556D
350,61,85,#D9556B
351,61,85,#D95568
352,61,85,#D95566
353,61,85,#D95564
354,61,85,#D95562
355,61,85,#D95560
356,61,85,#D9555D
357,61,85,#D9555B
358,61,85,#D95559
359,61,85,#D95557
0,60,85,#D95757
1,60,85,#D95957
2,60,85,#D95B57
3,60,85,#D95D57
4,60,85,#D95F57
5,60,85,#D96257
6,60,85,#D96457
7,60,85,#D96657
8,60,85,#D96857
9,60,85,#D96A57
10,60,85,#D96C57
11,60,85,#D96F57
12,60,85,#D97157
13,60,85,#D97357
14,60,85,#D97557
15,60,85,#D97757
16,60,85,#D97957
17,60,85,#D97C57
18,60,85,#D97E57
19,60,85,#D98057
20,60,85,#D98257
21,60,85,#D98457
22,60,85,#D98657
23,60,85,#D98957
24,60,85,#D98B57
25,60,85,#D98D57
26,60,85,#D98F57
27,60,85,#D99157
28,60,85,#D99357
29,60,85,#D99657
30,60,85,#D99857
31,60,85,#D99A57
32,60,85,#D99C57
33,60,85,#D99E57
34,60,85,#D9A057
35,60,85,#D9A357
36,60,85,#D9A557
37,60,85,#D9A757
38,60,85,#D9A957
39,60,85,#D9AB57
40,60,85,#D9AD57
41,60,85,#D9B057
42,60,85,#D9B257
43,60,85,#D9B457
44,60,85,#D9B657
45,60,85,#D9B857
46,60,85,#D9BA57
47,60,85,#D9BD57
48,60,85,#D9BF57
49,60,85,#D9C157
50,60,85,#D9C357
51,60,85,#D9C557
52,60,85,#D9C757
53,60,85,#D9CA57
54,60,85,#D9CC57
55,60,85,#D9CE57
56,60,85,#D9D057
57,60,85,#D9D257
58,60,85,#D9D457
59,60,85,#D9D757
60,60,85,#D9D957
61,60,85,#D7D957
62,60,85,#D4D957
63,60,85,#D2D957
64,60,85,#D0D957
65,60,85,#CED957
66,60,85,#CCD957
67,60,85,#CAD957
68,60,85,#C7D957
69,60,85,#C5D957
70,60,85,#C3D957
71,60,85,#C1D957
72,60,85,#BFD957
73,60,85,#BDD957
74,60,85,#BAD957
75,60,85,#B8D957
76,60,85,#B6D957
77,60,85,#B4D957
78,60,85,#B2D957
79,60,85,#B0D957
80,60,85,#ADD957
81,60,85,#ABD957
82,60,85,#A9D957
83,60,85,#A7D957
84,60,85,#A5D957
85,60,85,#A3D957
86,60,85,#A0D957
87,60,85,#9ED957
88,60,85,#9CD957
89,60,85,#9AD957
90,60,85,#98D957
91,60,85,#96D957
92,60,85,#93D957
93,60,85,#91D957
94,60,85,#8FD957
95,60,85,#8DD957
96,60,85,#8BD957
97,60,85,#89D957
98,60,85,#86D957
99,60,85,#84D957
100,60,85,#82D957
101,60,85,#80D957
102,60,85,#7ED957
103,60,85,#7CD957
104,60,85,#79D957
105,60,85,#77D957
106,60,85,#75D957
107,60,85,#73D957
108,60,85,#71D957
109,60,85,#6FD957
110,60,85,#6CD957
111,60,85,#6AD957
112,60,85,#68D957
113,60,85,#66D957
114,60,85,#64D957
115,60,85,#62D957
116,60,85,#5FD957
117,60,85,#5DD957
118,60,85,#5BD957
119,60,85,#59D957
120,60,85,#57D957
121,60,85,#57D959
122,60,85,#57D95B
123,60,85,#57D95D
124,60,85,#57D95F
125,60,85,#57D962
126,60,85,#57D964
127,60,85,#57D966
128,60,85,#57D968
129,60,85,#57D96A
130,60,85,#57D96C
131,60,85,#57D96F
132,60,85,#57D971
133,60,85,#57D973
134,60,85,#57D975
135,60,85,#57D977
136,60,85,#57D979
137,60,85,#57D97C
138,60,85,#57D97E
139,60,85,#57D980
140,60,85,#57D982
141,60,85,#57D984
142,60,85,#57D986
143,60,85,#57D989
144,60,85,#57D98B
145,60,85,#57D98D
146,60,85,#57D98F
147,60,85,#57D991
148,60,85,#57D993
149,60,85,#57D996
150,60,85,#57D998
151,60,85,#57D99A
152,60,85,#57D99C
153,60,85,#57D99E
154,60,85,#57D9A0
155,60,85,#57D9A3
156,60,85,#57D9A5
157,60,85,#57D9A7
158,60,85,#57D9A9
159,60,85,#57D9AB
160,60,85,#57D9AD
161,60,85,#57D9B0
162,60,85,#57D9B2
163,60,85,#57D9B4
164,60,85,#57D9B6
165,60,85,#57D9B8
166,60,85,#57D9BA
167,60,85,#57D9BD
168,60,85,#57D9BF
169,60,85,#57D9C1
170,60,85,#57D9C3
171,60,85,#57D9C5
172,60,85,#57D9C7
173,60,85,#57D9CA
174,60,85,#57D9CC
175,60,85,#57D9CE
176,60,85,#57D9D0
177,60,85,#57D9D2
178,60,85,#57D9D4
179,60,85,#57D9D7
180,60,85,#57D9D9
181,60,85,#57D7D9
182,60,85,#57D4D9
183,60,85,#57D2D9
184,60,85,#57D0D9
185,60,85,#57CED9
186,60,85,#57CCD9
187,60,85,#57CAD9
188,60,85,#57C7D9
189,60,85,#57C5D9
190,60,85,#57C3D9
191,60,85,#57C1D9
192,60,85,#57BFD9
193,60,85,#57BDD9
194,60,85,#57BAD9
195,60,85,#57B8D9
196,60,85,#57B6D9
197,60,85,#57B4D9
198,60,85,#57B2D9
199,60,85,#57B0D9
200,60,85,#57ADD9
201,60,85,#57ABD9
202,60,85,#57A9D9
203,60,85,#57A7D9
204,60,85,#57A5D9
205,60,85,#57A3D9
206,60,85,#57A0D9
207,60,85,#579ED9
208,60,85,#579CD9
209,60,85,#579AD9
210,60,85,#5798D9
211,60,85,#5796D9
212,60,85,#5793D9
213,60,85,#5791D9
214,60,85,#578FD9
215,60,85,#578DD9
216,60,85,#578BD9
217,60,85,#5789D9
218,60,85,#5786D9
219,60,85,#5784D9
220,60,85,#5782D9
221,60,85,#5780D9
222,60,85,#577ED9
223,60,85,#577CD9
224,60,85,#5779D9
225,60,85,#5777D9
226,60,85,#5775D9
227,60,85,#5773D9
228,60,85,#5771D9
229,60,85,#576FD9
230,60,85,#576CD9
231,60,85,#576AD9
232,60,85,#5768D9
233,60,85,#5766D9
234,60,85,#5764D9
235,60,85,#5762D9
236,60,85,#575FD9
237,60,85,#575DD9
238,60,85,#575BD9
239,60,85,#5759D9
240,60,85,#5757D9
241,60,85,#5957D9
242,60,85,#5B57D9
243,60,85,#5D57D9
244,60,85,#5F57D9
245,60,85,#6257D9
246,60,85,#6457D9
247,60,85,#6657D9
248,60,85,#6857D9
249,60,85,#6A57D9
250,60,85,#6C57D9
251,60,85,#6F57D9
252,60,85,#7157D9
253,60,85,#7357D9
254,60,85,#7557D9
255,60,85,#7757D9
256,60,85,#7957D9
257,60,85,#7C57D9
258,60,85,#7E57D9
259,60,85,#8057D9
260,60,85,#8257D9
261,60,85,#8457D9
262,60,85,#8657D9
263,60,85,#8957D9
264,60,85,#8B57D9
265,60,85,#8D57D9
266,60,85,#8F57D9
267,60,85,#9157D9
268,60,85,#9357D9
269,60,85,#9657D9
270,60,85,#9857D9
271,60,85,#9A57D9
272,60,85,#9C57D9
273,60,85,#9E57D9
274,60,85,#A057D9
275,60,85,#A357D9
276,60,85,#A557D9
277,60,85,#A757D9
278,60,85,#A957D9
279,60,85,#AB57D9
280,60,85,#AD57D9
281,60,85,#B057D9
282,60,85,#B257D9
283,60,85,#B457D9
284,60,85,#B657D9
285,60,85,#B857D9
286,60,85,#BA57D9
287,60,85,#BD57D9
288,60,85,#BF57D9
289,60,85,#C157D9
290,60,85,#C357D9
291,60,85,#C557D9
292,60,85,#C757D9
293,60,85,#CA57D9
294,60,85,#CC57D9
295,60,85,#CE57D9
296,60,85,#D057D9
297,60,85,#D257D9
298,60,85,#D457D9
299,60,85,#D757D9
300,60,85,#D957D9
301,60,85,#D957D7
302,60,85,#D957D4
303,60,85,#D957D2
304,60,85,#D957D0
305,60,85,#D957CE
306,60,85,#D957CC
307,60,85,#D957CA
308,60,85,#D957C7
309,60,85,#D957C5
310,60,85,#D957C3
311,60,85,#D957C1
312,60,85,#D957BF
313,60,85,#D957BD
314,60,85,#D957BA
315,60,85,#D957B8
316,60,85,#D957B6
317,60,85,#D957B4
318,60,85,#D957B2
319,60,85,#D957B0
320,60,85,#D957AD
321,60,85,#D957AB
322,60,85,#D957A9
323,60,85,#D957A7
324,60,85,#D957A5
325,60,85,#D957A3
326,60,85,#D957A0
327,60,85,#D9579E
328,60,85,#D9579C
329,60,85,#D9579A
330,60,85,#D95798
331,60,85,#D95796
332,60,85,#D95793
333,60,85,#D95791
334,60,85,#D9578F
335,60,85,#D9578D
336,60,85,#D9578B
337,60,85,#D95789
338,60,85,#D95786
339,60,85,#D95784
340,60,85,#D95782
341,60,85,#D95780
342,60,85,#D9577E
343,60,85,#D9577C
344,60,85,#D95779
345,60,85,#D95777
346,60,85,#D95775
347,60,85,#D95773
348,60,85,#D95771
349,60,85,#D9576F
350,60,85,#D9576C
351,60,85,#D9576A
352,60,85,#D95768
353,60,85,#D95766
354,60,85,#D95764
355,60,85,#D95762
356,60,85,#D9575F
357,60,85,#D9575D
358,60,85,#D9575B
359,60,85,#D95759
0,59,85,#D95959
1,59,85,#D95B59
2,59,85,#D95D59
3,59,85,#D95F59
4,59,85,#D96159
5,59,85,#D96459
6,59,85,#D96659
7,59,85,#D96859
8,59,85,#D96A59
9,59,85,#D96C59
10,59,85,#D96E59
11,59,85,#D97059
12,59,85,#D97259
13,59,85,#D97559
14,59,85,#D97759
15,59,85,#D97959
16,59,85,#D97B59
17,59,85,#D97D59
18,59,85,#D97F59
19,59,85,#D98159
20,59,85,#D98359
21,59,85,#D98659
22,59,85,#D98859
23,59,85,#D98A59
24,59,85,#D98C59
25,59,85,#D98E59
26,59,85,#D99059
27,59,85,#D99259
28,59,85,#D99559
29,59,85,#D99759
30,59,85,#D99959
31,59,85,#D99B59
32,59,85,#D99D59
33,59,85,#D99F59
34,59,85,#D9A159
35,59,85,#D9A359
36,59,85,#D9A659
37,59,85,#D9A859
38,59,85,#D9AA59
39,59,85,#D9AC59
40,59,85,#D9AE59
41,59,85,#D9B059
42,59,85,#D9B259
43,59,85,#D9B559
44,59,85,#D9B759
45,59,85,#D9B959
46,59,85,#D9BB59
47,59,85,#D9BD59
48,59,85,#D9BF59
49,59,85,#D9C159
50,59,85,#D9C359
51,59,85,#D9C659
52,59,85,#D9C859
53,59,85,#D9CA59
54,59,85,#D9CC59
55,59,85,#D9CE59
56,59,85,#D9D059
57,59,85,#D9D259
58,59,85,#D9D459
59,59,85,#D9D759
60,59,85,#D9D959
61,59,85,#D7D959
62,59,85,#D4D959
63,59,85,#D2D959
64,59,85,#D0D959
65,59,85,#CED959
66,59,85,#CCD959
67,59,85,#CAD959
68,59,85,#C8D959
69,59,85,#C6D959
70,59,85,#C3D959
71,59,85,#C1D959
72,59,85,#BFD959
73,59,85,#BDD959
74,59,85,#BBD959
75,59,85,#B9D959
76,59,85,#B7D959
77,59,85,#B5D959
78,59,85,#B2D959
79,59,85,#B0D959
80,59,85,#AED959
81,59,85,#ACD959
82,59,85,#AAD959
83,59,85,#A8D959
84,59,85,#A6D959
85,59,85,#A3D959
86,59,85,#A1D959
87,59,85,#9FD959
88,59,85,#9DD959
89,59,85,#9BD959
90,59,85,#99D959
91,59,85,#97D959
92,59,85,#95D959
93,59,85,#92D959
94,59,85,#90D959
95,59,85,#8ED959
96,59,85,#8CD959
97,59,85,#8AD959
98,59,85,#88D959
99,59,85,#86D959
100,59,85,#83D959
101,59,85,#81D959
102,59,85,#7FD959
103,59,85,#7DD959
104,59,85,#7BD959
105,59,85,#79D959
106,59,85,#77D959
107,59,85,#75D959
108,59,85,#72D959
109,59,85,#70D959
110,59,85,#6ED959
111,59,85,#6CD959
112,59,85,#6AD959
113,59,85,#68D959
114,59,85,#66D959
115,59,85,#64D959
116,59,85,#61D959
117,59,85,#5FD959
118,59,85,#5DD959
119,59,85,#5BD959
120,59,85,#59D959
121,59,85,#59D95B
122,59,85,#59D95D
123,59,85,#59D95F
124,59,85,#59D961
125,59,85,#59D964
126,59,85,#59D966
127,59,85,#59D968
128,59,85,#59D96A
129,59,85,#59D96C
130,59,85,#59D96E
131,59,85,#59D970
132,59,85,#59D972
133,59,85,#59D975
134,59,85,#59D977
135,59,85,#59D979
136,59,85,#59D97B
137,59,85,#59D97D
138,59,85,#59D97F
139,59,85,#59D981
140,59,85,#59D983
141,59,85,#59D986
142,59,85,#59D988
143,59,85,#59D98A
144,59,85,#59D98C
145,59,85,#59D98E
146,59,85,#59D990
147,59,85,#59D992
148,59,85,#59D995
149,59,85,#59D997
150,59,85,#59D999
151,59,85,#59D99B
152,59,85,#59D99D
153,59,85,#59D99F
154,59,85,#59D9A1
155,59,85,#59D9A3
156,59,85,#59D9A6
157,59,85,#59D9A8
158,59,85,#59D9AA
159,59,85,#59D9AC
160,59,85,#59D9AE
161,59,85,#59D9B0
162,59,85,#59D9B2
163,59,85,#59D9B5
164,59,85,#59D9B7
165,59,85,#59D9B9
166,59,85,#59D9BB
167,59,85,#59D9BD
168,59,85,#59D9BF
169,59,85,#59D9C1
170,59,85,#59D9C3
171,59,85,#59D9C6
172,59,85,#59D9C8
173,59,85,#59D9CA
174,59,85,#59D9CC
175,59,85,#59D9CE
176,59,85,#59D9D0
177,59,85,#59D9D2
178,59,85,#59D9D4
179,59,85,#59D9D7
180,59,85,#59D9D9
181,59,85,#59D7D9
182,59,85,#59D4D9
183,59,85,#59D2D9
184,59,85,#59D0D9
185,59,85,#59CED9
186,59,85,#59CCD9
187,59,85,#59CAD9
188,59,85,#59C8D9
189,59,85,#59C6D9
190,59,85,#59C3D9
191,59,85,#59C1D9
192,59,85,#59BFD9
193,59,85,#59BDD9
194,59,85,#59BBD9
195,59,85,#59B9D9
196,59,85,#59B7D9
197,59,85,#59B5D9
198,59,85,#59B2D9
199,59,85,#59B0D9
200,59,85,#59AED9
201,59,85,#59ACD9
202,59,85,#59AAD9
203,59,85,#59A8D9
204,59,85,#59A6D9
205,59,85,#59A3D9
206,59,85,#59A1D9
207,59,85,#599FD9
208,59,85,#599DD9
209,59,85,#599BD9
210,59,85,#5999D9
211,59,85,#5997D9
212,59,85,#5995D9
213,59,85,#5992D9
214,59,85,#5990D9
215,59,85,#598ED9
216,59,85,#598CD9
217,59,85,#598AD9
218,59,85,#5988D9
219,59,85,#5986D9
220,59,85,#5983D9
221,59,85,#5981D9
222,59,85,#597FD9
223,59,85,#597DD9
224,59,85,#597BD9
225,59,85,#5979D9
226,59,85,#5977D9
227,59,85,#5975D9
228,59,85,#5972D9
229,59,85,#5970D9
230,59,85,#596ED9
231,59,85,#596CD9
232,59,85,#596AD9
233,59,85,#5968D9
234,59,85,#5966D9
235,59,85,#5964D9
236,59,85,#5961D9
237,59,85,#595FD9
238,59,85,#595DD9
239,59,85,#595BD9
240,59,85,#5959D9
241,59,85,#5B59D9
242,59,85,#5D59D9
243,59,85,#5F59D9
244,59,85,#6159D9
245,59,85,#6459D9
246,59,85,#6659D9
247,59,85,#6859D9
248,59,85,#6A59D9
249,59,85,#6C59D9
250,59,85,#6E59D9
251,59,85,#7059D9
252,59,85,#7259D9
253,59,85,#7559D9
254,59,85,#7759D9
255,59,85,#7959D9
256,59,85,#7B59D9
257,59,85,#7D59D9
258,59,85,#7F59D9
259,59,85,#8159D9
260,59,85,#8359D9
261,59,85,#8659D9
262,59,85,#8859D9
263,59,85,#8A59D9
264,59,85,#8C59D9
265,59,85,#8E59D9
266,59,85,#9059D9
267,59,85,#9259D9
268,59,85,#9559D9
269,59,85,#9759D9
270,59,85,#9959D9
271,59,85,#9B59D9
272,59,85,#9D59D9
273,59,85,#9F59D9
274,59,85,#A159D9
275,59,85,#A359D9
276,59,85,#A659D9
277,59,85,#A859D9
278,59,85,#AA59D9
279,59,85,#AC59D9
280,59,85,#AE59D9
281,59,85,#B059D9
282,59,85,#B259D9
283,59,85,#B559D9
284,59,85,#B759D9
285,59,85,#B959D9
286,59,85,#BB59D9
287,59,85,#BD59D9
288,59,85,#BF59D9
289,59,85,#C159D9
290,59,85,#C359D9
291,59,85,#C659D9
292,59,85,#C859D9
293,59,85,#CA59D9
294,59,85,#CC59D9
295,59,85,#CE59D9
296,59,85,#D059D9
297,59,85,#D259D9
298,59,85,#D459D9
299,59,85,#D759D9
300,59,85,#D959D9
301,59,85,#D959D7
302,59,85,#D959D4
303,59,85,#D959D2
304,59,85,#D959D0
305,59,85,#D959CE
306,59,85,#D959CC
307,59,85,#D959CA
308,59,85,#D959C8
309,59,85,#D959C6
310,59,85,#D959C3
311,59,85,#D959C1
312,59,85,#D959BF
313,59,85,#D959BD
314,59,85,#D959BB
315,59,85,#D959B9
316,59,85,#D959B7
317,59,85,#D959B5
318,59,85,#D959B2
319,59,85,#D959B0
320,59,85,#D959AE
321,59,85,#D959AC
322,59,85,#D959AA
323,59,85,#D959A8
324,59,85,#D959A6
325,59,85,#D959A3
326,59,85,#D959A1
327,59,85,#D9599F
328,59,85,#D9599D
329,59,85,#D9599B
330,59,85,#D95999
331,59,85,#D95997
332,59,85,#D95995
333,59,85,#D95992
334,59,85,#D95990
335,59,85,#D9598E
336,59,85,#D9598C
337,59,85,#D9598A
338,59,85,#D95988
339,59,85,#D95986
340,59,85,#D95983
341,59,85,#D95981
342,59,85,#D9597F
343,59,85,#D9597D
344,59,85,#D9597B
345,59,85,#D95979
346,59,85,#D95977
347,59,85,#D95975
348,59,85,#D95972
349,59,85,#D95970
350,59,85,#D9596E
351,59,85,#D9596C
352,59,85,#D9596A
353,59,85,#D95968
354,59,85,#D95966
355,59,85,#D95964
356,59,85,#D95961
357,59,85,#D9595F
358,59,85,#D9595D
359,59,85,#D9595B
0,58,85,#D95B5B
1,58,85,#D95D5B
2,58,85,#D95F5B
3,58,85,#D9615B
4,58,85,#D9635B
5,58,85,#D9665B
6,58,85,#D9685B
7,58,85,#D96A5B
8,58,85,#D96C5B
9,58,85,#D96E5B
10,58,85,#D9705B
11,58,85,#D9725B
12,58,85,#D9745B
13,58,85,#D9765B
14,58,85,#D9785B
15,58,85,#D97A5B
16,58,85,#D97D5B
17,58,85,#D97F5B
18,58,85,#D9815B
19,58,85,#D9835B
20,58,85,#D9855B
21,58,85,#D9875B
22,58,85,#D9895B
23,58,85,#D98B5B
24,58,85,#D98D5B
25,58,85,#D98F5B
26,58,85,#D9925B
27,58,85,#D9945B
28,58,85,#D9965B
29,58,85,#D9985B
30,58,85,#D99A5B
31,58,85,#D99C5B
32,58,85,#D99E5B
33,58,85,#D9A05B
34,58,85,#D9A25B
35,58,85,#D9A45B
36,58,85,#D9A65B
37,58,85,#D9A95B
38,58,85,#D9AB5B
39,58,85,#D9AD5B
40,58,85,#D9AF5B
41,58,85,#D9B15B
42,58,85,#D9B35B
43,58,85,#D9B55B
44,58,85,#D9B75B
45,58,85,#D9B95B
46,58,85,#D9BB5B
47,58,85,#D9BE5B
48,58,85,#D9C05B
49,58,85,#D9C25B
50,58,85,#D9C45B
51,58,85,#D9C65B
52,58,85,#D9C85B
53,58,85,#D9CA5B
54,58,85,#D9CC5B
55,58,85,#D9CE5B
56,58,85,#D9D05B
57,58,85,#D9D25B
58,58,85,#D9D55B
59,58,85,#D9D75B
60,58,85,#D9D95B
61,58,85,#D7D95B
62,58,85,#D5D95B
63,58,85,#D2D95B
64,58,85,#D0D95B
65,58,85,#CED95B
66,58,85,#CCD95B
67,58,85,#CAD95B
68,58,85,#C8D95B
69,58,85,#C6D95B
70,58,85,#C4D95B
71,58,85,#C2D95B
72,58,85,#C0D95B
73,58,85,#BED95B
74,58,85,#BBD95B
75,58,85,#B9D95B
76,58,85,#B7D95B
77,58,85,#B5D95B
78,58,85,#B3D95B
79,58,85,#B1D95B
80,58,85,#AFD95B
81,58,85,#ADD95B
82,58,85,#ABD95B
83,58,85,#A9D95B
84,58,85,#A6D95B
85,58,85,#A4D95B
86,58,85,#A2D95B
87,58,85,#A0D95B
88,58,85,#9ED95B
89,58,85,#9CD95B
90,58,85,#9AD95B
91,58,85,#98D95B
92,58,85,#96D95B
93,58,85,#94D95B
94,58,85,#92D95B
95,58,85,#8FD95B
96,58,85,#8DD95B
97,58,85,#8BD95B
98,58,85,#89D95B
99,58,85,#87D95B
100,58,85,#85D95B
101,58,85,#83D95B
102,58,85,#81D95B
103,58,85,#7FD95B
104,58,85,#7DD95B
105,58,85,#7AD95B
106,58,85,#78D95B
107,58,85,#76D95B
108,58,85,#74D95B
109,58,85,#72D95B
110,58,85,#70D95B
111,58,85,#6ED95B
112,58,85,#6CD95B
113,58,85,#6AD95B
114,58,85,#68D95B
115,58,85,#66D95B
116,58,85,#63D95B
117,58,85,#61D95B
118,58,85,#5FD95B
119,58,85,#5DD95B
120,58,85,#5BD95B
121,58,85,#5BD95D
122,58,85,#5BD95F
123,58,85,#5BD961
124,58,85,#5BD963
125,58,85,#5BD966
126,58,85,#5BD968
127,58,85,#5BD96A
128,58,85,#5BD96C
129,58,85,#5BD96E
130,58,85,#5BD970
131,58,85,#5BD972
132,58,85,#5BD974
133,58,85,#5BD976
134,58,85,#5BD978
135,58,85,#5BD97A
136,58,85,#5BD97D
137,58,85,#5BD97F
138,58,85,#5BD981
139,58,85,#5BD983
140,58,85,#5BD985
141,58,85,#5BD987
142,58,85,#5BD989
143,58,85,#5BD98B
144,58,85,#5BD98D
145,58,85,#5BD98F
146,58,85,#5BD992
147,58,85,#5BD994
148,58,85,#5BD996
149,58,85,#5BD998
150,58,85,#5BD99A
151,58,85,#5BD99C
152,58,85,#5BD99E
153,58,85,#5BD9A0
154,58,85,#5BD9A2
155,58,85,#5BD9A4
156,58,85,#5BD9A6
157,58,85,#5BD9A9
158,58,85,#5BD9AB
159,58,85,#5BD9AD
160,58,85,#5BD9AF
161,58,85,#5BD9B1
162,58,85,#5BD9B3
163,58,85,#5BD9B5
164,58,85,#5BD9B7
165,58,85,#5BD9B9
166,58,85,#5BD9BB
167,58,85,#5BD9BE
168,58,85,#5BD9C0
169,58,85,#5BD9C2
170,58,85,#5BD9C4
171,58,85,#5BD9C6
172,58,85,#5BD9C8
173,58,85,#5BD9CA
174,58,85,#5BD9CC
175,58,85,#5BD9CE
176,58,85,#5BD9D0
177,58,85,#5BD9D2
178,58,85,#5BD9D5
179,58,85,#5BD9D7
180,58,85,#5BD9D9
181,58,85,#5BD7D9
182,58,85,#5BD5D9
183,58,85,#5BD2D9
184,58,85,#5BD0D9
185,58,85,#5BCED9
186,58,85,#5BCCD9
187,58,85,#5BCAD9
188,58,85,#5BC8D9
189,58,85,#5BC6D9
190,58,85,#5BC4D9
191,58,85,#5BC2D9
192,58,85,#5BC0D9
193,58,85,#5BBED9
194,58,85,#5BBBD9
195,58,85,#5BB9D9
196,58,85,#5BB7D9
197,58,85,#5BB5D9
198,58,85,#5BB3D9
199,58,85,#5BB1D9
200,58,85,#5BAFD9
201,58,85,#5BADD9
202,58,85,#5BABD9
203,58,85,#5BA9D9
204,58,85,#5BA6D9
205,58,85,#5BA4D9
206,58,85,#5BA2D9
207,58,85,#5BA0D9
208,58,85,#5B9ED9
209,58,85,#5B9CD9
210,58,85,#5B9AD9
211,58,85,#5B98D9
212,58,85,#5B96D9
213,58,85,#5B94D9
214,58,85,#5B92D9
215,58,85,#5B8FD9
216,58,85,#5B8DD9
217,58,85,#5B8BD9
218,58,85,#5B89D9
219,58,85,#5B87D9
220,58,85,#5B85D9
221,58,85,#5B83D9
222,58,85,#5B81D9
223,58,85,#5B7FD9
224,58,85,#5B7DD9
225,58,85,#5B7AD9
226,58,85,#5B78D9
227,58,85,#5B76D9
228,58,85,#5B74D9
229,58,85,#5B72D9
230,58,85,#5B70D9
231,58,85,#5B6ED9
232,58,85,#5B6CD9
233,58,85,#5B6AD9
234,58,85,#5B68D9
235,58,85,#5B66D9
236,58,85,#5B63D9
237,58,85,#5B61D9
238,58,85,#5B5FD9
239,58,85,#5B5DD9
240,58,85,#5B5BD9
241,58,85,#5D5BD9
242,58,85,#5F5BD9
243,58,85,#615BD9
244,58,85,#635BD9
245,58,85,#665BD9
246,58,85,#685BD9
247,58,85,#6A5BD9
248,58,85,#6C5BD9
249,58,85,#6E5BD9
250,58,85,#705BD9
251,58,85,#725BD9
252,58,85,#745BD9
253,58,85,#765BD9
254,58,85,#785BD9
255,58,85,#7A5BD9
256,58,85,#7D5BD9
257,58,85,#7F5BD9
258,58,85,#815BD9
259,58,85,#835BD9
260,58,85,#855BD9
261,58,85,#875BD9
262,58,85,#895BD9
263,58,85,#8B5BD9
264,58,85,#8D5BD9
265,58,85,#8F5BD9
266,58,85,#925BD9
267,58,85,#945BD9
268,58,85,#965BD9
269,58,85,#985BD9
270,58,85,#9A5BD9
271,58,85,#9C5BD9
272,58,85,#9E5BD9
273,58,85,#A05BD9
274,58,85,#A25BD9
275,58,85,#A45BD9
276,58,85,#A65BD9
277,58,85,#A95BD9
278,58,85,#AB5BD9
279,58,85,#AD5BD9
280,58,85,#AF5BD9
281,58,85,#B15BD9
282,58,85,#B35BD9
283,58,85,#B55BD9
284,58,85,#B75BD9
285,58,85,#B95BD9
286,58,85,#BB5BD9
287,58,85,#BE5BD9
288,58,85,#C05BD9
289,58,85,#C25BD9
290,58,85,#C45BD9
291,58,85,#C65BD9
292,58,85,#C85BD9
293,58,85,#CA5BD9
294,58,85,#CC5BD9
295,58,85,#CE5BD9
296,58,85,#D05BD9
297,58,85,#D25BD9
298,58,85,#D55BD9
299,58,85,#D75BD9
300,58,85,#D95BD9
301,58,85,#D95BD7
302,58,85,#D95BD5
303,58,85,#D95BD2
304,58,85,#D95BD0
305,58,85,#D95BCE
306,58,85,#D95BCC
307,58,85,#D95BCA
308,58,85,#D95BC8
309,58,85,#D95BC6
310,58,85,#D95BC4
311,58,85,#D95BC2
312,58,85,#D95BC0
313,58,85,#D95BBE
314,58,85,#D95BBB
315,58,85,#D95BB9
316,58,85,#D95BB7
317,58,85,#D95BB5
318,58,85,#D95BB3
319,58,85,#D95BB1
320,58,85,#D95BAF
321,58,85,#D95BAD
322,58,85,#D95BAB
323,58,85,#D95BA9
324,58,85,#D95BA6
325,58,85,#D95BA4
326,58,85,#D95BA2
327,58,85,#D95BA0
328,58,85,#D95B9E
329,58,85,#D95B9C
330,58,85,#D95B9A
331,58,85,#D95B98
332,58,85,#D95B96
333,58,85,#D95B94
334,58,85,#D95B92
335,58,85,#D95B8F
336,58,85,#D95B8D
337,58,85,#D95B8B
338,58,85,#D95B89
339,58,85,#D95B87
340,58,85,#D95B85
341,58,85,#D95B83
342,58,85,#D95B81
343,58,85,#D95B7F
344,58,85,#D95B7D
345,58,85,#D95B7A
346,58,85,#D95B78
347,58,85,#D95B76
348,58,85,#D95B74
349,58,85,#D95B72
350,58,85,#D95B70
351,58,85,#D95B6E
352,58,85,#D95B6C
353,58,85,#D95B6A
354,58,85,#D95B68
355,58,85,#D95B66
356,58,85,#D95B63
357,58,85,#D95B61
358,58,85,#D95B5F
359,58,85,#D95B5D
0,57,85,#D95D5D
1,57,85,#D95F5D
2,57,85,#D9615D
3,57,85,#D9635D
4,57,85,#D9655D
5,57,85,#D9675D
6,57,85,#D96A5D
7,57,85,#D96C5D
8,57,85,#D96E5D
9,57,85,#D9705D
10,57,85,#D9725D
11,57,85,#D9745D
12,57,85,#D9765D
13,57,85,#D9785D
14,57,85,#D97A5D
15,57,85,#D97C5D
16,57,85,#D97E5D
17,57,85,#D9805D
18,57,85,#D9825D
19,57,85,#D9845D
20,57,85,#D9865D
21,57,85,#D9885D
22,57,85,#D98B5D
23,57,85,#D98D5D
24,57,85,#D98F5D
25,57,85,#D9915D
26,57,85,#D9935D
27,57,85,#D9955D
28,57,85,#D9975D
29,57,85,#D9995D
30,57,85,#D99B5D
31,57,85,#D99D5D
32,57,85,#D99F5D
33,57,85,#D9A15D
34,57,85,#D9A35D
35,57,85,#D9A55D
36,57,85,#D9A75D
37,57,85,#D9A95D
38,57,85,#D9AB5D
39,57,85,#D9AE5D
40,57,85,#D9B05D
41,57,85,#D9B25D
42,57,85,#D9B45D
43,57,85,#D9B65D
44,57,85,#D9B85D
45,57,85,#D9BA5D
46,57,85,#D9BC5D
47,57,85,#D9BE5D
48,57,85,#D9C05D
49,57,85,#D9C25D
50,57,85,#D9C45D
51,57,85,#D9C65D
52,57,85,#D9C85D
53,57,85,#D9CA5D
54,57,85,#D9CC5D
55,57,85,#D9CE5D
56,57,85,#D9D15D
57,57,85,#D9D35D
58,57,85,#D9D55D
59,57,85,#D9D75D
60,57,85,#D9D95D
61,57,85,#D7D95D
62,57,85,#D5D95D
63,57,85,#D3D95D
64,57,85,#D1D95D
65,57,85,#CED95D
66,57,85,#CCD95D
67,57,85,#CAD95D
68,57,85,#C8D95D
69,57,85,#C6D95D
70,57,85,#C4D95D
71,57,85,#C2D95D
72,57,85,#C0D95D
73,57,85,#BED95D
74,57,85,#BCD95D
75,57,85,#BAD95D
76,57,85,#B8D95D
77,57,85,#B6D95D
78,57,85,#B4D95D
79,57,85,#B2D95D
80,57,85,#B0D95D
81,57,85,#AED95D
82,57,85,#ABD95D
83,57,85,#A9D95D
84,57,85,#A7D95D
85,57,85,#A5D95D
86,57,85,#A3D95D
87,57,85,#A1D95D
88,57,85,#9FD95D
89,57,85,#9DD95D
90,57,85,#9BD95D
91,57,85,#99D95D
92,57,85,#97D95D
93,57,85,#95D95D
94,57,85,#93D95D
95,57,85,#91D95D
96,57,85,#8FD95D
97,57,85,#8DD95D
98,57,85,#8BD95D
99,57,85,#88D95D
100,57,85,#86D95D
101,57,85,#84D95D
102,57,85,#82D95D
103,57,85,#80D95D
104,57,85,#7ED95D
105,57,85,#7CD95D
106,57,85,#7AD95D
107,57,85,#78D95D
108,57,85,#76D95D
109,57,85,#74D95D
110,57,85,#72D95D
111,57,85,#70D95D
112,57,85,#6ED95D
113,57,85,#6CD95D
114,57,85,#6AD95D
115,57,85,#67D95D
116,57,85,#65D95D
117,57,85,#63D95D
118,57,85,#61D95D
119,57,85,#5FD95D
120,57,85,#5DD95D
121,57,85,#5DD95F
122,57,85,#5DD961
123,57,85,#5DD963
124,57,85,#5DD965
125,57,85,#5DD967
126,57,85,#5DD96A
127,57,85,#5DD96C
128,57,85,#5DD96E
129,57,85,#5DD970
130,57,85,#5DD972
131,57,85,#5DD974
132,57,85,#5DD976
133,57,85,#5DD978
134,57,85,#5DD97A
135,57,85,#5DD97C
136,57,85,#5DD97E
137,57,85,#5DD980
138,57,85,#5DD982
139,57,85,#5DD984
140,57,85,#5DD986
141,57,85,#5DD988
142,57,85,#5DD98B
143,57,85,#5DD98D
144,57,85,#5DD98F
145,57,85,#5DD991
146,57,85,#5DD993
147,57,85,#5DD995
148,57,85,#5DD997
149,57,85,#5DD999
150,57,85,#5DD99B
151,57,85,#5DD99D
152,57,85,#5DD99F
153,57,85,#5DD9A1
154,57,85,#5DD9A3
155,57,85,#5DD9A5
156,57,85,#5DD9A7
157,57,85,#5DD9A9
158,57,85,#5DD9AB
159,57,85,#5DD9AE
160,57,85,#5DD9B0
161,57,85,#5DD9B2
162,57,85,#5DD9B4
163,57,85,#5DD9B6
164,57,85,#5DD9B8
165,57,85,#5DD9BA
166,57,85,#5DD9BC
167,57,85,#5DD9BE
168,57,85,#5DD9C0
169,57,85,#5DD9C2
170,57,85,#5DD9C4
171,57,85,#5DD9C6
172,57,85,#5DD9C8
173,57,85,#5DD9CA
174,57,85,#5DD9CC
175,57,85,#5DD9CE
176,57,85,#5DD9D1
177,57,85,#5DD9D3
178,57,85,#5DD9D5
179,57,85,#5DD9D7
180,57,85,#5DD9D9
181,57,85,#5DD7D9
182,57,85,#5DD5D9
183,57,85,#5DD3D9
184,57,85,#5DD1D9
185,57,85,#5DCED9
186,57,85,#5DCCD9
187,57,85,#5DCAD9
188,57,85,#5DC8D9
189,57,85,#5DC6D9
190,57,85,#5DC4D9
191,57,85,#5DC2D9
192,57,85,#5DC0D9
193,57,85,#5DBED9
194,57,85,#5DBCD9
195,57,85,#5DBAD9
196,57,85,#5DB8D9
197,57,85,#5DB6D9
198,57,85,#5DB4D9
199,57,85,#5DB2D9
200,57,85,#5DB0D9
201,57,85,#5DAED9
202,57,85,#5DABD9
203,57,85,#5DA9D9
204,57,85,#5DA7D9
205,57,85,#5DA5D9
206,57,85,#5DA3D9
207,57,85,#5DA1D9
208,57,85,#5D9FD9
209,57,85,#5D9DD9
210,57,85,#5D9BD9
211,57,85,#5D99D9
212,57,85,#5D97D9
213,57,85,#5D95D9
214,57,85,#5D93D9
215,57,85,#5D91D9
216,57,85,#5D8FD9
217,57,85,#5D8DD9
218,57,85,#5D8BD9
219,57,85,#5D88D9
220,57,85,#5D86D9
221,57,85,#5D84D9
222,57,85,#5D82D9
223,57,85,#5D80D9
224,57,85,#5D7ED9
225,57,85,#5D7CD9
226,57,85,#5D7AD9
227,57,85,#5D78D9
228,57,85,#5D76D9
229,57,85,#5D74D9
230,57,85,#5D72D9
231,57,85,#5D70D9
232,57,85,#5D6ED9
233,57,85,#5D6CD9
234,57,85,#5D6AD9
235,57,85,#5D67D9
236,57,85,#5D65D9
237,57,85,#5D63D9
238,57,85,#5D61D9
239,57,85,#5D5FD9
240,57,85,#5D5DD9
241,57,85,#5F5DD9
242,57,85,#615DD9
243,57,85,#635DD9
244,57,85,#655DD9
245,57,85,#675DD9
246,57,85,#6A5DD9
247,57,85,#6C5DD9
248,57,85,#6E5DD9
249,57,85,#705DD9
250,57,85,#725DD9
251,57,85,#745DD9
252,57,85,#765DD9
253,57,85,#785DD9
254,57,85,#7A5DD9
255,57,85,#7C5DD9
256,57,85,#7E5DD9
257,57,85,#805DD9
258,57,85,#825DD9
259,57,85,#845DD9
260,57,85,#865DD9
261,57,85,#885DD9
262,57,85,#8B5DD9
263,57,85,#8D5DD9
264,57,85,#8F5DD9
265,57,85,#915DD9
266,57,85,#935DD9
267,57,85,#955DD9
268,57,85,#975DD9
269,57,85,#995DD9
270,57,85,#9B5DD9
271,57,85,#9D5DD9
272,57,85,#9F5DD9
273,57,85,#A15DD9
274,57,85,#A35DD9
275,57,85,#A55DD9
276,57,85,#A75DD9
277,57,85,#A95DD9
278,57,85,#AB5DD9
279,57,85,#AE5DD9
280,57,85,#B05DD9
281,57,85,#B25DD9
282,57,85,#B45DD9
283,57,85,#B65DD9
284,57,85,#B85DD9
285,57,85,#BA5DD9
286,57,85,#BC5DD9
287,57,85,#BE5DD9
288,57,85,#C05DD9
289,57,85,#C25DD9
290,57,85,#C45DD9
291,57,85,#C65DD9
292,57,85,#C85DD9
293,57,85,#CA5DD9
294,57,85,#CC5DD9
295,57,85,#CE5DD9
296,57,85,#D15DD9
297,57,85,#D35DD9
298,57,85,#D55DD9
299,57,85,#D75DD9
300,57,85,#D95DD9
301,57,85,#D95DD7
302,57,85,#D95DD5
303,57,85,#D95DD3
304,57,85,#D95DD1
305,57,85,#D95DCE
306,57,85,#D95DCC
307,57,85,#D95DCA
308,57,85,#D95DC8
309,57,85,#D95DC6
310,57,85,#D95DC4
311,57,85,#D95DC2
312,57,85,#D95DC0
313,57,85,#D95DBE
314,57,85,#D95DBC
315,57,85,#D95DBA
316,57,85,#D95DB8
317,57,85,#D95DB6
318,57,85,#D95DB4
319,57,85,#D95DB2
320,57,85,#D95DB0
321,57,85,#D95DAE
322,57,85,#D95DAB
323,57,85,#D95DA9
324,57,85,#D95DA7
325,57,85,#D95DA5
326,57,85,#D95DA3
327,57,85,#D95DA1
328,57,85,#D95D9F
329,57,85,#D95D9D
330,57,85,#D95D9B
331,57,85,#D95D99
332,57,85,#D95D97
333,57,85,#D95D95
334,57,85,#D95D93
335,57,85,#D95D91
336,57,85,#D95D8F
337,57,85,#D95D8D
338,57,85,#D95D8B
339,57,85,#D95D88
340,57,85,#D95D86
341,57,85,#D95D84
342,57,85,#D95D82
343,57,85,#D95D80
344,57,85,#D95D7E
345,57,85,#D95D7C
346,57,85,#D95D7A
347,57,85,#D95D78
348,57,85,#D95D76
349,57,85,#D95D74
350,57,85,#D95D72
351,57,85,#D95D70
352,57,85,#D95D6E
353,57,85,#D95D6C
354,57,85,#D95D6A
355,57,85,#D95D67
356,57,85,#D95D65
357,57,85,#D95D63
358,57,85,#D95D61
359,57,85,#D95D5F
0,56,85,#D95F5F
1,56,85,#D9615F
2,56,85,#D9635F
3,56,85,#D9655F
4,56,85,#D9675F
5,56,85,#D9695F
6,56,85,#D96C5F
7,56,85,#D96E5F
8,56,85,#D9705F
9,56,85,#D9725F
10,56,85,#D9745F
11,56,85,#D9765F
12,56,85,#D9785F
13,56,85,#D97A5F
14,56,85,#D97C5F
15,56,85,#D97E5F
16,56,85,#D9805F
17,56,85,#D9825F
18,56,85,#D9845F
19,56,85,#D9865F
20,56,85,#D9885F
21,56,85,#D98A5F
22,56,85,#D98C5F
23,56,85,#D98E5F
24,56,85,#D9905F
25,56,85,#D9925F
26,56,85,#D9945F
27,56,85,#D9965F
28,56,85,#D9985F
29,56,85,#D99A5F
30,56,85,#D99C5F
31,56,85,#D99E5F
32,56,85,#D9A05F
33,56,85,#D9A25F
34,56,85,#D9A45F
35,56,85,#D9A65F
36,56,85,#D9A85F
37,56,85,#D9AA5F
38,56,85,#D9AC5F
39,56,85,#D9AE5F
40,56,85,#D9B05F
41,56,85,#D9B25F
42,56,85,#D9B45F
43,56,85,#D9B65F
44,56,85,#D9B85F
45,56,85,#D9BA5F
46,56,85,#D9BC5F
47,56,85,#D9BE5F
48,56,85,#D9C05F
49,56,85,#D9C25F
50,56,85,#D9C55F
51,56,85,#D9C75F
52,56,85,#D9C95F
53,56,85,#D9CB5F
54,56,85,#D9CD5F
55,56,85,#D9CF5F
56,56,85,#D9D15F
57,56,85,#D9D35F
58,56,85,#D9D55F
59,56,85,#D9D75F
60,56,85,#D9D95F
61,56,85,#D7D95F
62,56,85,#D5D95F
63,56,85,#D3D95F
64,56,85,#D1D95F
65,56,85,#CFD95F
66,56,85,#CDD95F
67,56,85,#CBD95F
68,56,85,#C9D95F
69,56,85,#C7D95F
70,56,85,#C5D95F
71,56,85,#C2D95F
72,56,85,#C0D95F
73,56,85,#BED95F
74,56,85,#BCD95F
75,56,85,#BAD95F
76,56,85,#B8D95F
77,56,85,#B6D95F
78,56,85,#B4D95F
79,56,85,#B2D95F
80,56,85,#B0D95F
81,56,85,#AED95F
82,56,85,#ACD95F
83,56,85,#AAD95F
84,56,85,#A8D95F
85,56,85,#A6D95F
86,56,85,#A4D95F
87,56,85,#A2D95F
88,56,85,#A0D95F
89,56,85,#9ED95F
90,56,85,#9CD95F
91,56,85,#9AD95F
92,56,85,#98D95F
93,56,85,#96D95F
94,56,85,#94D95F
95,56,85,#92D95F
96,56,85,#90D95F
97,56,85,#8ED95F
98,56,85,#8CD95F
99,56,85,#8AD95F
100,56,85,#88D95F
101,56,85,#86D95F
102,56,85,#84D95F
103,56,85,#82D95F
104,56,85,#80D95F
105,56,85,#7ED95F
106,56,85,#7CD95F
107,56,85,#7AD95F
108,56,85,#78D95F
109,56,85,#76D95F
110,56,85,#74D95F
111,56,85,#72D95F
112,56,85,#70D95F
113,56,85,#6ED95F
114,56,85,#6CD95F
115,56,85,#69D95F
116,56,85,#67D95F
117,56,85,#65D95F
118,56,85,#63D95F
119,56,85,#61D95F
120,56,85,#5FD95F
121,56,85,#5FD961
122,56,85,#5FD963
123,56,85,#5FD965
124,56,85,#5FD967
125,56,85,#5FD969
126,56,85,#5FD96C
127,56,85,#5FD96E
128,56,85,#5FD970
129,56,85,#5FD972
130,56,85,#5FD974
131,56,85,#5FD976
132,56,85,#5FD978
133,56,85,#5FD97A
134,56,85,#5FD97C
135,56,85,#5FD97E
136,56,85,#5FD980
137,56,85,#5FD982
138,56,85,#5FD984
139,56,85,#5FD986
140,56,85,#5FD988
141,56,85,#5FD98A
142,56,85,#5FD98C
143,56,85,#5FD98E
144,56,85,#5FD990
145,56,85,#5FD992
146,56,85,#5FD994
147,56,85,#5FD996
148,56,85,#5FD998
149,56,85,#5FD99A
150,56,85,#5FD99C
151,56,85,#5FD99E
152,56,85,#5FD9A0
153,56,85,#5FD9A2
154,56,85,#5FD9A4
155,56,85,#5FD9A6
156,56,85,#5FD9A8
157,56,85,#5FD9AA
158,56,85,#5FD9AC
159,56,85,#5FD9AE
160,56,85,#5FD9B0
161,56,85,#5FD9B2
162,56,85,#5FD9B4
163,56,85,#5FD9B6
164,56,85,#5FD9B8
165,56,85,#5FD9BA
166,56,85,#5FD9BC
167,56,85,#5FD9BE
168,56,85,#5FD9C0
169,56,85,#5FD9C2
170,56,85,#5FD9C5
171,56,85,#5FD9C7
172,56,85,#5FD9C9
173,56,85,#5FD9CB
174,56,85,#5FD9CD
175,56,85,#5FD9CF
176,56,85,#5FD9D1
177,56,85,#5FD9D3
178,56,85,#5FD9D5
179,56,85,#5FD9D7
180,56,85,#5FD9D9
181,56,85,#5FD7D9
182,56,85,#5FD5D9
183,56,85,#5FD3D9
184,56,85,#5FD1D9
185,56,85,#5FCFD9
186,56,85,#5FCDD9
187,56,85,#5FCBD9
188,56,85,#5FC9D9
189,56,85,#5FC7D9
190,56,85,#5FC5D9
191,56,85,#5FC2D9
192,56,85,#5FC0D9
193,56,85,#5FBED9
194,56,85,#5FBCD9
195,56,85,#5FBAD9
196,56,85,#5FB8D9
197,56,85,#5FB6D9
198,56,85,#5FB4D9
199,56,85,#5FB2D9
200,56,85,#5FB0D9
201,56,85,#5FAED9
202,56,85,#5FACD9
203,56,85,#5FAAD9
204,56,85,#5FA8D9
205,56,85,#5FA6D9
206,56,85,#5FA4D9
207,56,85,#5FA2D9
208,56,85,#5FA0D9
209,56,85,#5F9ED9
210,56,85,#5F9CD9
211,56,85,#5F9AD9
212,56,85,#5F98D9
213,56,85,#5F96D9
214,56,85,#5F94D9
215,56,85,#5F92D9
216,56,85,#5F90D9
217,56,85,#5F8ED9
218,56,85,#5F8CD9
219,56,85,#5F8AD9
220,56,85,#5F88D9
221,56,85,#5F86D9
222,56,85,#5F84D9
223,56,85,#5F82D9
224,56,85,#5F80D9
225,56,85,#5F7ED9
226,56,85,#5F7CD9
227,56,85,#5F7AD9
228,56,85,#5F78D9
229,56,85,#5F76D9
230,56,85,#5F74D9
231,56,85,#5F72D9
232,56,85,#5F70D9
233,56,85,#5F6ED9
234,56,85,#5F6CD9
235,56,85,#5F69D9
236,56,85,#5F67D9
237,56,85,#5F65D9
238,56,85,#5F63D9
239,56,85,#5F61D9
240,56,85,#5F5FD9
241,56,85,#615FD9
242,56,85,#635FD9
243,56,85,#655FD9
244,56,85,#675FD9
245,56,85,#695FD9
246,56,85,#6C5FD9
247,56,85,#6E5FD9
248,56,85,#705FD9
249,56,85,#725FD9
250,56,85,#745FD9
251,56,85,#765FD9
252,56,85,#785FD9
253,56,85,#7A5FD9
254,56,85,#7C5FD9
255,56,85,#7E5FD9
256,56,85,#805FD9
257,56,85,#825FD9
258,56,85,#845FD9
259,56,85,#865FD9
260,56,85,#885FD9
261,56,85,#8A5FD9
262,56,85,#8C5FD9
263,56,85,#8E5FD9
264,56,85,#905FD9
265,56,85,#925FD9
266,56,85,#945FD9
267,56,85,#965FD9
268,56,85,#985FD9
269,56,85,#9A5FD9
270,56,85,#9C5FD9
271,56,85,#9E5FD9
272,56,85,#A05FD9
273,56,85,#A25FD9
274,56,85,#A45FD9
275,56,85,#A65FD9
276,56,85,#A85FD9
277,56,85,#AA5FD9
278,56,85,#AC5FD9
279,56,85,#AE5FD9
280,56,85,#B05FD9
281,56,85,#B25FD9
282,56,85,#B45FD9
283,56,85,#B65FD9
284,56,85,#B85FD9
285,56,85,#BA5FD9
286,56,85,#BC5FD9
287,56,85,#BE5FD9
288,56,85,#C05FD9
289,56,85,#C25FD9
290,56,85,#C55FD9
291,56,85,#C75FD9
292,56,85,#C95FD9
293,56,85,#CB5FD9
294,56,85,#CD5FD9
295,56,85,#CF5FD9
296,56,85,#D15FD9
297,56,85,#D35FD9
298,56,85,#D55FD9
299,56,85,#D75FD9
300,56,85,#D95FD9
301,56,85,#D95FD7
302,56,85,#D95FD5
303,56,85,#D95FD3
304,56,85,#D95FD1
305,56,85,#D95FCF
306,56,85,#D95FCD
307,56,85,#D95FCB
308,56,85,#D95FC9
309,56,85,#D95FC7
310,56,85,#D95FC5
311,56,85,#D95FC2
312,56,85,#D95FC0
313,56,85,#D95FBE
314,56,85,#D95FBC
315,56,85,#D95FBA
316,56,85,#D95FB8
317,56,85,#D95FB6
318,56,85,#D95FB4
319,56,85,#D95FB2
320,56,85,#D95FB0
321,56,85,#D95FAE
322,56,85,#D95FAC
323,56,85,#D95FAA
324,56,85,#D95FA8
325,56,85,#D95FA6
326,56,85,#D95FA4
327,56,85,#D95FA2
328,56,85,#D95FA0
329,56,85,#D95F9E
330,56,85,#D95F9C
331,56,85,#D95F9A
332,56,85,#D95F98
333,56,85,#D95F96
334,56,85,#D95F94
335,56,85,#D95F92
336,56,85,#D95F90
337,56,85,#D95F8E
338,56,85,#D95F8C
339,56,85,#D95F8A
340,56,85,#D95F88
341,56,85,#D95F86
342,56,85,#D95F84
343,56,85,#D95F82
344,56,85,#D95F80
345,56,85,#D95F7E
346,56,85,#D95F7C
347,56,85,#D95F7A
348,56,85,#D95F78
349,56,85,#D95F76
350,56,85,#D95F74
351,56,85,#D95F72
352,56,85,#D95F70
353,56,85,#D95F6E
354,56,85,#D95F6C
355,56,85,#D95F69
356,56,85,#D95F67
357,56,85,#D95F65
358,56,85,#D95F63
359,56,85,#D95F61
0,55,85,#D96262
1,55,85,#D96462
2,55,85,#D96662
3,55,85,#D96762
4,55,85,#D96962
5,55,85,#D96B62
6,55,85,#D96D62
7,55,85,#D96F62
8,55,85,#D97162
9,55,85,#D97362
10,55,85,#D97562
11,55,85,#D97762
12,55,85,#D97962
13,55,85,#D97B62
14,55,85,#D97D62
15,55,85,#D97F62
16,55,85,#D98162
17,55,85,#D98362
18,55,85,#D98562
19,55,85,#D98762
20,55,85,#D98962
21,55,85,#D98B62
22,55,85,#D98D62
23,55,85,#D98F62
24,55,85,#D99162
25,55,85,#D99362
26,55,85,#D99562
27,55,85,#D99762
28,55,85,#D99962
29,55,85,#D99B62
30,55,85,#D99D62
31,55,85,#D99F62
32,55,85,#D9A162
33,55,85,#D9A362
34,55,85,#D9A562
35,55,85,#D9A762
36,55,85,#D9A962
37,55,85,#D9AB62
38,55,85,#D9AD62
39,55,85,#D9AF62
40,55,85,#D9B162
41,55,85,#D9B362
42,55,85,#D9B562
43,55,85,#D9B762
44,55,85,#D9B962
45,55,85,#D9BB62
46,55,85,#D9BD62
47,55,85,#D9BF62
48,55,85,#D9C162
49,55,85,#D9C362
50,55,85,#D9C562
51,55,85,#D9C762
52,55,85,#D9C962
53,55,85,#D9CB62
54,55,85,#D9CD62
55,55,85,#D9CF62
56,55,85,#D9D162
57,55,85,#D9D362
58,55,85,#D9D562
59,55,85,#D9D762
60,55,85,#D9D962
61,55,85,#D7D962
62,55,85,#D5D962
63,55,85,#D3D962
64,55,85,#D1D962
65,55,85,#CFD962
66,55,85,#CDD962
67,55,85,#CBD962
68,55,85,#C9D962
69,55,85,#C7D962
70,55,85,#C5D962
71,55,85,#C3D962
72,55,85,#C1D962
73,55,85,#BFD962
74,55,85,#BDD962
75,55,85,#BBD962
76,55,85,#B9D962
77,55,85,#B7D962
78,55,85,#B5D962
79,55,85,#B3D962
80,55,85,#B1D962
81,55,85,#AFD962
82,55,85,#ADD962
83,55,85,#ABD962
84,55,85,#A9D962
85,55,85,#A7D962
86,55,85,#A5D962
87,55,85,#A3D962
88,55,85,#A1D962
89,55,85,#9FD962
90,55,85,#9DD962
91,55,85,#9BD962
92,55,85,#99D962
93,55,85,#97D962
94,55,85,#95D962
95,55,85,#93D962
96,55,85,#91D962
97,55,85,#8FD962
98,55,85,#8DD962
99,55,85,#8BD962
100,55,85,#89D962
101,55,85,#87D962
102,55,85,#85D962
103,55,85,#83D962
104,55,85,#81D962
105,55,85,#7FD962
106,55,85,#7DD962
107,55,85,#7BD962
108,55,85,#79D962
109,55,85,#77D962
110,55,85,#75D962
111,55,85,#73D962
112,55,85,#71D962
113,55,85,#6FD962
114,55,85,#6DD962
115,55,85,#6BD962
116,55,85,#69D962
117,55,85,#67D962
118,55,85,#66D962
119,55,85,#64D962
120,55,85,#62D962
121,55,85,#62D964
122,55,85,#62D966
123,55,85,#62D967
124,55,85,#62D969
125,55,85,#62D96B
126,55,85,#62D96D
127,55,85,#62D96F
128,55,85,#62D971
129,55,85,#62D973
130,55,85,#62D975
131,55,85,#62D977
132,55,85,#62D979
133,55,85,#62D97B
134,55,85,#62D97D
135,55,85,#62D97F
136,55,85,#62D981
137,55,85,#62D983
138,55,85,#62D985
139,55,85,#62D987
140,55,85,#62D989
141,55,85,#62D98B
142,55,85,#62D98D
143,55,85,#62D98F
144,55,85,#62D991
145,55,85,#62D993
146,55,85,#62D995
147,55,85,#62D997
148,55,85,#62D999
149,55,85,#62D99B
150,55,85,#62D99D
151,55,85,#62D99F
152,55,85,#62D9A1
153,55,85,#62D9A3
154,55,85,#62D9A5
155,55,85,#62D9A7
156,55,85,#62D9A9
157,55,85,#62D9AB
158,55,85,#62D9AD
159,55,85,#62D9AF
160,55,85,#62D9B1
161,55,85,#62D9B3
162,55,85,#62D9B5
163,55,85,#62D9B7
164,55,85,#62D9B9
165,55,85,#62D9BB
166,55,85,#62D9BD
167,55,85,#62D9BF
168,55,85,#62D9C1
169,55,85,#62D9C3
170,55,85,#62D9C5
171,55,85,#62D9C7
172,55,85,#62D9C9
173,55,85,#62D9CB
174,55,85,#62D9CD
175,55,85,#62D9CF
176,55,85,#62D9D1
177,55,85,#62D9D3
178,55,85,#62D9D5
179,55,85,#62D9D7
180,55,85,#62D9D9
181,55,85,#62D7D9
182,55,85,#62D5D9
183,55,85,#62D3D9
184,55,85,#62D1D9
185,55,85,#62CFD9
186,55,85,#62CDD9
187,55,85,#62CBD9
188,55,85,#62C9D9
189,55,85,#62C7D9
190,55,85,#62C5D9
191,55,85,#62C3D9
192,55,85,#62C1D9
193,55,85,#62BFD9
194,55,85,#62BDD9
195,55,85,#62BBD9
196,55,85,#62B9D9
197,55,85,#62B7D9
198,55,85,#62B5D9
199,55,85,#62B3D9
200,55,85,#62B1D9
201,55,85,#62AFD9
202,55,85,#62ADD9
203,55,85,#62ABD9
204,55,85,#62A9D9
205,55,85,#62A7D9
206,55,85,#62A5D9
207,55,85,#62A3D9
208,55,85,#62A1D9
209,55,85,#629FD9
210,55,85,#629DD9
211,55,85,#629BD9
212,55,85,#6299D9
213,55,85,#6297D9
214,55,85,#6295D9
215,55,85,#6293D9
216,55,85,#6291D9
217,55,85,#628FD9
218,55,85,#628DD9
219,55,85,#628BD9
220,55,85,#6289D9
221,55,85,#6287D9
222,55,85,#6285D9
223,55,85,#6283D9
224,55,85,#6281D9
225,55,85,#627FD9
226,55,85,#627DD9
227,55,85,#627BD9
228,55,85,#6279D9
229,55,85,#6277D9
230,55,85,#6275D9
231,55,85,#6273D9
232,55,85,#6271D9
233,55,85,#626FD9
234,55,85,#626DD9
235,55,85,#626BD9
236,55,85,#6269D9
237,55,85,#6267D9
238,55,85,#6266D9
239,55,85,#6264D9
240,55,85,#6262D9
241,55,85,#6462D9
242,55,85,#6662D9
243,55,85,#6762D9
244,55,85,#6962D9
245,55,85,#6B62D9
246,55,85,#6D62D9
247,55,85,#6F62D9
248,55,85,#7162D9
249,55,85,#7362D9
250,55,85,#7562D9
251,55,85,#7762D9
252,55,85,#7962D9
253,55,85,#7B62D9
254,55,85,#7D62D9
255,55,85,#7F62D9
256,55,85,#8162D9
257,55,85,#8362D9
258,55,85,#8562D9
259,55,85,#8762D9
260,55,85,#8962D9
261,55,85,#8B62D9
262,55,85,#8D62D9
263,55,85,#8F62D9
264,55,85,#9162D9
265,55,85,#9362D9
266,55,85,#9562D9
267,55,85,#9762D9
268,55,85,#9962D9
269,55,85,#9B62D9
270,55,85,#9D62D9
271,55,85,#9F62D9
272,55,85,#A162D9
273,55,85,#A362D9
274,55,85,#A562D9
275,55,85,#A762D9
276,55,85,#A962D9
277,55,85,#AB62D9
278,55,85,#AD62D9
279,55,85,#AF62D9
280,55,85,#B162D9
281,55,85,#B362D9
282,55,85,#B562D9
283,55,85,#B762D9
284,55,85,#B962D9
285,55,85,#BB62D9
286,55,85,#BD62D9
287,55,85,#BF62D9
288,55,85,#C162D9
289,55,85,#C362D9
290,55,85,#C562D9
291,55,85,#C762D9
292,55,85,#C962D9
293,55,85,#CB62D9
294,55,85,#CD62D9
295,55,85,#CF62D9
296,55,85,#D162D9
297,55,85,#D362D9
298,55,85,#D562D9
299,55,85,#D762D9
300,55,85,#D962D9
301,55,85,#D962D7
302,55,85,#D962D5
303,55,85,#D962D3
304,55,85,#D962D1
305,55,85,#D962CF
306,55,85,#D962CD
307,55,85,#D962CB
308,55,85,#D962C9
309,55,85,#D962C7
310,55,85,#D962C5
311,55,85,#D962C3
312,55,85,#D962C1
313,55,85,#D962BF
314,55,85,#D962BD
315,55,85,#D962BB
316,55,85,#D962B9
317,55,85,#D962B7
318,55,85,#D962B5
319,55,85,#D962B3
320,55,85,#D962B1
321,55,85,#D962AF
322,55,85,#D962AD
323,55,85,#D962AB
324,55,85,#D962A9
325,55,85,#D962A7
326,55,85,#D962A5
327,55,85,#D962A3
328,55,85,#D962A1
329,55,85,#D9629F
330,55,85,#D9629D
331,55,85,#D9629B
332,55,85,#D96299
333,55,85,#D96297
334,55,85,#D96295
335,55,85,#D96293
336,55,85,#D96291
337,55,85,#D9628F
338,55,85,#D9628D
339,55,85,#D9628B
340,55,85,#D96289
341,55,85,#D96287
342,55,85,#D96285
343,55,85,#D96283
344,55,85,#D96281
345,55,85,#D9627F
346,55,85,#D9627D
347,55,85,#D9627B
348,55,85,#D96279
349,55,85,#D96277
350,55,85,#D96275
351,55,85,#D96273
352,55,85,#D96271
353,55,85,#D9626F
354,55,85,#D9626D
355,55,85,#D9626B
356,55,85,#D96269
357,55,85,#D96267
358,55,85,#D96266
359,55,85,#D96264
0,54,85,#D96464
1,54,85,#D96664
2,54,85,#D96864
3,54,85,#D96A64
4,54,85,#D96C64
5,54,85,#D96D64
6,54,85,#D96F64
7,54,85,#D97164
8,54,85,#D97364
9,54,85,#D97564
10,54,85,#D97764
11,54,85,#D97964
12,54,85,#D97B64
13,54,85,#D97D64
14,54,85,#D97F64
15,54,85,#D98164
16,54,85,#D98364
17,54,85,#D98564
18,54,85,#D98764
19,54,85,#D98964
20,54,85,#D98B64
21,54,85,#D98D64
22,54,85,#D98F64
23,54,85,#D99164
24,54,85,#D99364
25,54,85,#D99464
26,54,85,#D99664
27,54,85,#D99864
28,54,85,#D99A64
29,54,85,#D99C64
30,54,85,#D99E64
31,54,85,#D9A064
32,54,85,#D9A264
33,54,85,#D9A464
34,54,85,#D9A664
35,54,85,#D9A864
36,54,85,#D9AA64
37,54,85,#D9AC64
38,54,85,#D9AE64
39,54,85,#D9B064
40,54,85,#D9B264
41,54,85,#D9B464
42,54,85,#D9B664
43,54,85,#D9B864
44,54,85,#D9BA64
45,54,85,#D9BB64
46,54,85,#D9BD64
47,54,85,#D9BF64
48,54,85,#D9C164
49,54,85,#D9C364
50,54,85,#D9C564
51,54,85,#D9C764
52,54,85,#D9C964
53,54,85,#D9CB64
54,54,85,#D9CD64
55,54,85,#D9CF64
56,54,85,#D9D164
57,54,85,#D9D364
58,54,85,#D9D564
59,54,85,#D9D764
60,54,85,#D9D964
61,54,85,#D7D964
62,54,85,#D5D964
63,54,85,#D3D964
64,54,85,#D1D964
65,54,85,#CFD964
66,54,85,#CDD964
67,54,85,#CBD964
68,54,85,#C9D964
69,54,85,#C7D964
70,54,85,#C5D964
71,54,85,#C3D964
72,54,85,#C1D964
73,54,85,#BFD964
74,54,85,#BDD964
75,54,85,#BBD964
76,54,85,#BAD964
77,54,85,#B8D964
78,54,85,#B6D964
79,54,85,#B4D964
80,54,85,#B2D964
81,54,85,#B0D964
82,54,85,#AED964
83,54,85,#ACD964
84,54,85,#AAD964
85,54,85,#A8D964
86,54,85,#A6D964
87,54,85,#A4D964
88,54,85,#A2D964
89,54,85,#A0D964
90,54,85,#9ED964
91,54,85,#9CD964
92,54,85,#9AD964
93,54,85,#98D964
94,54,85,#96D964
95,54,85,#94D964
96,54,85,#93D964
97,54,85,#91D964
98,54,85,#8FD964
99,54,85,#8DD964
100,54,85,#8BD964
101,54,85,#89D964
102,54,85,#87D964
103,54,85,#85D964
104,54,85,#83D964
105,54,85,#81D964
106,54,85,#7FD964
107,54,85,#7DD964
108,54,85,#7BD964
109,54,85,#79D964
110,54,85,#77D964
111,54,85,#75D964
112,54,85,#73D964
113,54,85,#71D964
114,54,85,#6FD964
115,54,85,#6DD964
116,54,85,#6CD964
117,54,85,#6AD964
118,54,85,#68D964
119,54,85,#66D964
120,54,85,#64D964
121,54,85,#64D966
122,54,85,#64D968
123,54,85,#64D96A
124,54,85,#64D96C
125,54,85,#64D96D
126,54,85,#64D96F
127,54,85,#64D971
128,54,85,#64D973
129,54,85,#64D975
130,54,85,#64D977
131,54,85,#64D979
132,54,85,#64D97B
133,54,85,#64D97D
134,54,85,#64D97F
135,54,85,#64D981
136,54,85,#64D983
137,54,85,#64D985
138,54,85,#64D987
139,54,85,#64D989
140,54,85,#64D98B
141,54,85,#64D98D
142,54,85,#64D98F
143,54,85,#64D991
144,54,85,#64D993
145,54,85,#64D994
146,54,85,#64D996
147,54,85,#64D998
148,54,85,#64D99A
149,54,85,#64D99C
150,54,85,#64D99E
151,54,85,#64D9A0
152,54,85,#64D9A2
153,54,85,#64D9A4
154,54,85,#64D9A6
155,54,85,#64D9A8
156,54,85,#64D9AA
157,54,85,#64D9AC
158,54,85,#64D9AE
159,54,85,#64D9B0
160,54,85,#64D9B2
161,54,85,#64D9B4
162,54,85,#64D9B6
163,54,85,#64D9B8
164,54,85,#64D9BA
165,54,85,#64D9BB
166,54,85,#64D9BD
167,54,85,#64D9BF
168,54,85,#64D9C1
169,54,85,#64D9C3
170,54,85,#64D9C5
171,54,85,#64D9C7
172,54,85,#64D9C9
173,54,85,#64D9CB
174,54,85,#64D9CD
175,54,85,#64D9CF
176,54,85,#64D9D1
177,54,85,#64D9D3
178,54,85,#64D9D5
179,54,85,#64D9D7
180,54,85,#64D9D9
181,54,85,#64D7D9
182,54,85,#64D5D9
183,54,85,#64D3D9
184,54,85,#64D1D9
185,54,85,#64CFD9
186,54,85,#64CDD9
187,54,85,#64CBD9
188,54,85,#64C9D9
189,54,85,#64C7D9
190,54,85,#64C5D9
191,54,85,#64C3D9
192,54,85,#64C1D9
193,54,85,#64BFD9
194,54,85,#64BDD9
195,54,85,#64BBD9
196,54,85,#64BAD9
197,54,85,#64B8D9
198,54,85,#64B6D9
199,54,85,#64B4D9
200,54,85,#64B2D9
201,54,85,#64B0D9
202,54,85,#64AED9
203,54,85,#64ACD9
204,54,85,#64AAD9
205,54,85,#64A8D9
206,54,85,#64A6D9
207,54,85,#64A4D9
208,54,85,#64A2D9
209,54,85,#64A0D9
210,54,85,#649ED9
211,54,85,#649CD9
212,54,85,#649AD9
213,54,85,#6498D9
214,54,85,#6496D9
215,54,85,#6494D9
216,54,85,#6493D9
217,54,85,#6491D9
218,54,85,#648FD9
219,54,85,#648DD9
220,54,85,#648BD9
221,54,85,#6489D9
222,54,85,#6487D9
223,54,85,#6485D9
224,54,85,#6483D9
225,54,85,#6481D9
226,54,85,#647FD9
227,54,85,#647DD9
228,54,85,#647BD9
229,54,85,#6479D9
230,54,85,#6477D9
231,54,85,#6475D9
232,54,85,#6473D9
233,54,85,#6471D9
234,54,85,#646FD9
235,54,85,#646DD9
236,54,85,#646CD9
237,54,85,#646AD9
238,54,85,#6468D9
239,54,85,#6466D9
240,54,85,#6464D9
241,54,85,#6664D9
242,54,85,#6864D9
243,54,85,#6A64D9
244,54,85,#6C64D9
245,54,85,#6D64D9
246,54,85,#6F64D9
247,54,85,#7164D9
248,54,85,#7364D9
249,54,85,#7564D9
250,54,85,#7764D9
251,54,85,#7964D9
252,54,85,#7B64D9
253,54,85,#7D64D9
254,54,85,#7F64D9
255,54,85,#8164D9
256,54,85,#8364D9
257,54,85,#8564D9
258,54,85,#8764D9
259,54,85,#8964D9
260,54,85,#8B64D9
261,54,85,#8D64D9
262,54,85,#8F64D9
263,54,85,#9164D9
264,54,85,#9364D9
265,54,85,#9464D9
266,54,85,#9664D9
267,54,85,#9864D9
268,54,85,#9A64D9
269,54,85,#9C64D9
270,54,85,#9E64D9
271,54,85,#A064D9
272,54,85,#A264D9
273,54,85,#A464D9
274,54,85,#A664D9
275,54,85,#A864D9
276,54,85,#AA64D9
277,54,85,#AC64D9
278,54,85,#AE64D9
279,54,85,#B064D9
280,54,85,#B264D9
281,54,85,#B464D9
282,54,85,#B664D9
283,54,85,#B864D9
284,54,85,#BA64D9
285,54,85,#BB64D9
286,54,85,#BD64D9
287,54,85,#BF64D9
288,54,85,#C164D9
289,54,85,#C364D9
290,54,85,#C564D9
291,54,85,#C764D9
292,54,85,#C964D9
293,54,85,#CB64D9
294,54,85,#CD64D9
295,54,85,#CF64D9
296,54,85,#D164D9
297,54,85,#D364D9
298,54,85,#D564D9
299,54,85,#D764D9
300,54,85,#D964D9
301,54,85,#D964D7
302,54,85,#D964D5
303,54,85,#D964D3
304,54,85,#D964D1
305,54,85,#D964CF
306,54,85,#D964CD
307,54,85,#D964CB
308,54,85,#D964C9
309,54,85,#D964C7
310,54,85,#D964C5
311,54,85,#D964C3
312,54,85,#D964C1
313,54,85,#D964BF
314,54,85,#D964BD
315,54,85,#D964BB
316,54,85,#D964BA
317,54,85,#D964B8
318,54,85,#D964B6
319,54,85,#D964B4
320,54,85,#D964B2
321,54,85,#D964B0
322,54,85,#D964AE
323,54,85,#D964AC
324,54,85,#D964AA
325,54,85,#D964A8
326,54,85,#D964A6
327,54,85,#D964A4
328,54,85,#D964A2
329,54,85,#D964A0
330,54,85,#D9649E
331,54,85,#D9649C
332,54,85,#D9649A
333,54,85,#D96498
334,54,85,#D96496
335,54,85,#D96494
336,54,85,#D96493
337,54,85,#D96491
338,54,85,#D9648F
339,54,85,#D9648D
340,54,85,#D9648B
341,54,85,#D96489
342,54,85,#D96487
343,54,85,#D96485
344,54,85,#D96483
345,54,85,#D96481
346,54,85,#D9647F
347,54,85,#D9647D
348,54,85,#D9647B
349,54,85,#D96479
350,54,85,#D96477
351,54,85,#D96475
352,54,85,#D96473
353,54,85,#D96471
354,54,85,#D9646F
355,54,85,#D9646D
356,54,85,#D9646C
357,54,85,#D9646A
358,54,85,#D96468
359,54,85,#D96466
0,53,85,#D96666
1,53,85,#D96866
2,53,85,#D96A66
3,53,85,#D96C66
4,53,85,#D96E66
5,53,85,#D96F66
6,53,85,#D97166
7,53,85,#D97366
8,53,85,#D97566
9,53,85,#D97766
10,53,85,#D97966
11,53,85,#D97B66
12,53,85,#D97D66
13,53,85,#D97F66
14,53,85,#D98166
15,53,85,#D98366
16,53,85,#D98566
17,53,85,#D98666
18,53,85,#D98866
19,53,85,#D98A66
20,53,85,#D98C66
21,53,85,#D98E66
22,53,85,#D99066
23,53,85,#D99266
24,53,85,#D99466
25,53,85,#D99666
26,53,85,#D99866
27,53,85,#D99A66
28,53,85,#D99B66
29,53,85,#D99D66
30,53,85,#D99F66
31,53,85,#D9A166
32,53,85,#D9A366
33,53,85,#D9A566
34,53,85,#D9A766
35,53,85,#D9A966
36,53,85,#D9AB66
37,53,85,#D9AD66
38,53,85,#D9AF66
39,53,85,#D9B166
40,53,85,#D9B266
41,53,85,#D9B466
42,53,85,#D9B666
43,53,85,#D9B866
44,53,85,#D9BA66
45,53,85,#D9BC66
46,53,85,#D9BE66
47,53,85,#D9C066
48,53,85,#D9C266
49,53,85,#D9C466
50,53,85,#D9C666
51,53,85,#D9C866
52,53,85,#D9C966
53,53,85,#D9CB66
54,53,85,#D9CD66
55,53,85,#D9CF66
56,53,85,#D9D166
57,53,85,#D9D366
58,53,85,#D9D566
59,53,85,#D9D766
60,53,85,#D9D966
61,53,85,#D7D966
62,53,85,#D5D966
63,53,85,#D3D966
64,53,85,#D1D966
65,53,85,#CFD966
66,53,85,#CDD966
67,53,85,#CBD966
68,53,85,#C9D966
69,53,85,#C8D966
70,53,85,#C6D966
71,53,85,#C4D966
72,53,85,#C2D966
73,53,85,#C0D966
74,53,85,#BED966
75,53,85,#BCD966
76,53,85,#BAD966
77,53,85,#B8D966
78,53,85,#B6D966
79,53,85,#B4D966
80,53,85,#B2D966
81,53,85,#B1D966
82,53,85,#AFD966
83,53,85,#ADD966
84,53,85,#ABD966
85,53,85,#A9D966
86,53,85,#A7D966
87,53,85,#A5D966
88,53,85,#A3D966
89,53,85,#A1D966
90,53,85,#9FD966
91,53,85,#9DD966
92,53,85,#9BD966
93,53,85,#9AD966
94,53,85,#98D966
95,53,85,#96D966
96,53,85,#94D966
97,53,85,#92D966
98,53,85,#90D966
99,53,85,#8ED966
100,53,85,#8CD966
101,53,85,#8AD966
102,53,85,#88D966
103,53,85,#86D966
104,53,85,#85D966
105,53,85,#83D966
106,53,85,#81D966
107,53,85,#7FD966
108,53,85,#7DD966
109,53,85,#7BD966
110,53,85,#79D966
111,53,85,#77D966
112,53,85,#75D966
113,53,85,#73D966
114,53,85,#71D966
115,53,85,#6FD966
116,53,85,#6ED966
117,53,85,#6CD966
118,53,85,#6AD966
119,53,85,#68D966
120,53,85,#66D966
121,53,85,#66D968
122,53,85,#66D96A
123,53,85,#66D96C
124,53,85,#66D96E
125,53,85,#66D96F
126,53,85,#66D971
127,53,85,#66D973
128,53,85,#66D975
129,53,85,#66D977
130,53,85,#66D979
131,53,85,#66D97B
132,53,85,#66D97D
133,53,85,#66D97F
134,53,85,#66D981
135,53,85,#66D983
136,53,85,#66D985
137,53,85,#66D986
138,53,85,#66D988
139,53,85,#66D98A
140,53,85,#66D98C
141,53,85,#66D98E
142,53,85,#66D990
143,53,85,#66D992
144,53,85,#66D994
145,53,85,#66D996
146,53,85,#66D998
147,53,85,#66D99A
148,53,85,#66D99B
149,53,85,#66D99D
150,53,85,#66D99F
151,53,85,#66D9A1
152,53,85,#66D9A3
153,53,85,#66D9A5
154,53,85,#66D9A7
155,53,85,#66D9A9
156,53,85,#66D9AB
157,53,85,#66D9AD
158,53,85,#66D9AF
159,53,85,#66D9B1
160,53,85,#66D9B2
161,53,85,#66D9B4
162,53,85,#66D9B6
163,53,85,#66D9B8
164,53,85,#66D9BA
165,53,85,#66D9BC
166,53,85,#66D9BE
167,53,85,#66D9C0
168,53,85,#66D9C2
169,53,85,#66D9C4
170,53,85,#66D9C6
171,53,85,#66D9C8
172,53,85,#66D9C9
173,53,85,#66D9CB
174,53,85,#66D9CD
175,53,85,#66D9CF
176,53,85,#66D9D1
177,53,85,#66D9D3
178,53,85,#66D9D5
179,53,85,#66D9D7
180,53,85,#66D9D9
181,53,85,#66D7D9
182,53,85,#66D5D9
183,53,85,#66D3D9
184,53,85,#66D1D9
185,53,85,#66CFD9
186,53,85,#66CDD9
187,53,85,#66CBD9
188,53,85,#66C9D9
189,53,85,#66C8D9
190,53,85,#66C6D9
191,53,85,#66C4D9
192,53,85,#66C2D9
193,53,85,#66C0D9
194,53,85,#66BED9
195,53,85,#66BCD9
196,53,85,#66BAD9
197,53,85,#66B8D9
198,53,85,#66B6D9
199,53,85,#66B4D9
200,53,85,#66B2D9
201,53,85,#66B1D9
202,53,85,#66AFD9
203,53,85,#66ADD9
204,53,85,#66ABD9
205,53,85,#66A9D9
206,53,85,#66A7D9
207,53,85,#66A5D9
208,53,85,#66A3D9
209,53,85,#66A1D9
210,53,85,#669FD9
211,53,85,#669DD9
212,53,85,#669BD9
213,53,85,#669AD9
214,53,85,#6698D9
215,53,85,#6696D9
216,53,85,#6694D9
217,53,85,#6692D9
218,53,85,#6690D9
219,53,85,#668ED9
220,53,85,#668CD9
221,53,85,#668AD9
222,53,85,#6688D9
223,53,85,#6686D9
224,53,85,#6685D9
225,53,85,#6683D9
226,53,85,#6681D9
227,53,85,#667FD9
228,53,85,#667DD9
229,53,85,#667BD9
230,53,85,#6679D9
231,53,85,#6677D9
232,53,85,#6675D9
233,53,85,#6673D9
234,53,85,#6671D9
235,53,85,#666FD9
236,53,85,#666ED9
237,53,85,#666CD9
238,53,85,#666AD9
239,53,85,#6668D9
240,53,85,#6666D9
241,53,85,#6866D9
242,53,85,#6A66D9
243,53,85,#6C66D9
244,53,85,#6E66D9
245,53,85,#6F66D9
246,53,85,#7166D9
247,53,85,#7366D9
248,53,85,#7566D9
249,53,85,#7766D9
250,53,85,#7966D9
251,53,85,#7B66D9
252,53,85,#7D66D9
253,53,85,#7F66D9
254,53,85,#8166D9
255,53,85,#8366D9
256,53,85,#8566D9
257,53,85,#8666D9
258,53,85,#8866D9
259,53,85,#8A66D9
260,53,85,#8C66D9
261,53,85,#8E66D9
262,53,85,#9066D9
263,53,85,#9266D9
264,53,85,#9466D9
265,53,85,#9666D9
266,53,85,#9866D9
267,53,85,#9A66D9
268,53,85,#9B66D9
269,53,85,#9D66D9
270,53,85,#9F66D9
271,53,85,#A166D9
272,53,85,#A366D9
273,53,85,#A566D9
274,53,85,#A766D9
275,53,85,#A966D9
276,53,85,#AB66D9
277,53,85,#AD66D9
278,53,85,#AF66D9
279,53,85,#B166D9
280,53,85,#B266D9
281,53,85,#B466D9
282,53,85,#B666D9
283,53,85,#B866D9
284,53,85,#BA66D9
285,53,85,#BC66D9
286,53,85,#BE66D9
287,53,85,#C066D9
288,53,85,#C266D9
289,53,85,#C466D9
290,53,85,#C666D9
291,53,85,#C866D9
292,53,85,#C966D9
293,53,85,#CB66D9
294,53,85,#CD66D9
295,53,85,#CF66D9
296,53,85,#D166D9
297,53,85,#D366D9
298,53,85,#D566D9
299,53,85,#D766D9
300,53,85,#D966D9
301,53,85,#D966D7
302,53,85,#D966D5
303,53,85,#D966D3
304,53,85,#D966D1
305,53,85,#D966CF
306,53,85,#D966CD
307,53,85,#D966CB
308,53,85,#D966C9
309,53,85,#D966C8
310,53,85,#D966C6
311,53,85,#D966C4
312,53,85,#D966C2
313,53,85,#D966C0
314,53,85,#D966BE
315,53,85,#D966BC
316,53,85,#D966BA
317,53,85,#D966B8
318,53,85,#D966B6
319,53,85,#D966B4
320,53,85,#D966B2
321,53,85,#D966B1
322,53,85,#D966AF
323,53,85,#D966AD
324,53,85,#D966AB
325,53,85,#D966A9
326,53,85,#D966A7
327,53,85,#D966A5
328,53,85,#D966A3
329,53,85,#D966A1
330,53,85,#D9669F
331,53,85,#D9669D
332,53,85,#D9669B
333,53,85,#D9669A
334,53,85,#D96698
335,53,85,#D96696
336,53,85,#D96694
337,53,85,#D96692
338,53,85,#D96690
339,53,85,#D9668E
340,53,85,#D9668C
341,53,85,#D9668A
342,53,85,#D96688
343,53,85,#D96686
344,53,85,#D96685
345,53,85,#D96683
346,53,85,#D96681
347,53,85,#D9667F
348,53,85,#D9667D
349,53,85,#D9667B
350,53,85,#D96679
351,53,85,#D96677
352,53,85,#D96675
353,53,85,#D96673
354,53,85,#D96671
355,53,85,#D9666F
356,53,85,#D9666E
357,53,85,#D9666C
358,53,85,#D9666A
359,53,85,#D96668
0,52,85,#D96868
1,52,85,#D96A68
2,52,85,#D96C68
3,52,85,#D96E68
4,52,85,#D97068
5,52,85,#D97168
6,52,85,#D97368
7,52,85,#D97568
8,52,85,#D97768
9,52,85,#D97968
10,52,85,#D97B68
11,52,85,#D97D68
12,52,85,#D97F68
13,52,85,#D98068
14,52,85,#D98268
15,52,85,#D98468
16,52,85,#D98668
17,52,85,#D98868
18,52,85,#D98A68
19,52,85,#D98C68
20,52,85,#D98E68
21,52,85,#D98F68
22,52,85,#D99168
23,52,85,#D99368
24,52,85,#D99568
25,52,85,#D99768
26,52,85,#D99968
27,52,85,#D99B68
28,52,85,#D99D68
29,52,85,#D99F68
30,52,85,#D9A068
31,52,85,#D9A268
32,52,85,#D9A468
33,52,85,#D9A668
34,52,85,#D9A868
35,52,85,#D9AA68
36,52,85,#D9AC68
37,52,85,#D9AE68
38,52,85,#D9AF68
39,52,85,#D9B168
40,52,85,#D9B368
41,52,85,#D9B568
42,52,85,#D9B768
43,52,85,#D9B968
44,52,85,#D9BB68
45,52,85,#D9BD68
46,52,85,#D9BE68
47,52,85,#D9C068
48,52,85,#D9C268
49,52,85,#D9C468
50,52,85,#D9C668
51,52,85,#D9C868
52,52,85,#D9CA68
53,52,85,#D9CC68
54,52,85,#D9CD68
55,52,85,#D9CF68
56,52,85,#D9D168
57,52,85,#D9D368
58,52,85,#D9D568
59,52,85,#D9D768
60,52,85,#D9D968
61,52,85,#D7D968
62,52,85,#D5D968
63,52,85,#D3D968
64,52,85,#D1D968
65,52,85,#CFD968
66,52,85,#CDD968
67,52,85,#CCD968
68,52,85,#CAD968
69,52,85,#C8D968
70,52,85,#C6D968
71,52,85,#C4D968
72,52,85,#C2D968
73,52,85,#C0D968
74,52,85,#BED968
75,52,85,#BDD968
76,52,85,#BBD968
77,52,85,#B9D968
78,52,85,#B7D968
79,52,85,#B5D968
80,52,85,#B3D968
81,52,85,#B1D968
82,52,85,#AFD968
83,52,85,#AED968
84,52,85,#ACD968
85,52,85,#AAD968
86,52,85,#A8D968
87,52,85,#A6D968
88,52,85,#A4D968
89,52,85,#A2D968
90,52,85,#A0D968
91,52,85,#9FD968
92,52,85,#9DD968
93,52,85,#9BD968
94,52,85,#99D968
95,52,85,#97D968
96,52,85,#95D968
97,52,85,#93D968
98,52,85,#91D968
99,52,85,#8FD968
100,52,85,#8ED968
101,52,85,#8CD968
102,52,85,#8AD968
103,52,85,#88D968
104,52,85,#86D968
105,52,85,#84D968
106,52,85,#82D968
107,52,85,#80D968
108,52,85,#7FD968
109,52,85,#7DD968
110,52,85,#7BD968
111,52,85,#79D968
112,52,85,#77D968
113,52,85,#75D968
114,52,85,#73D968
115,52,85,#71D968
116,52,85,#70D968
117,52,85,#6ED968
118,52,85,#6CD968
119,52,85,#6AD968
120,52,85,#68D968
121,52,85,#68D96A
122,52,85,#68D96C
123,52,85,#68D96E
124,52,85,#68D970
125,52,85,#68D971
126,52,85,#68D973
127,52,85,#68D975
128,52,85,#68D977
129,52,85,#68D979
130,52,85,#68D97B
131,52,85,#68D97D
132,52,85,#68D97F
133,52,85,#68D980
134,52,85,#68D982
135,52,85,#68D984
136,52,85,#68D986
137,52,85,#68D988
138,52,85,#68D98A
139,52,85,#68D98C
140,52,85,#68D98E
141,52,85,#68D98F
142,52,85,#68D991
143,52,85,#68D993
144,52,85,#68D995
145,52,85,#68D997
146,52,85,#68D999
147,52,85,#68D99B
148,52,85,#68D99D
149,52,85,#68D99F
150,52,85,#68D9A0
151,52,85,#68D9A2
152,52,85,#68D9A4
153,52,85,#68D9A6
154,52,85,#68D9A8
155,52,85,#68D9AA
156,52,85,#68D9AC
157,52,85,#68D9AE
158,52,85,#68D9AF
159,52,85,#68D9B1
160,52,85,#68D9B3
161,52,85,#68D9B5
162,52,85,#68D9B7
163,52,85,#68D9B9
164,52,85,#68D9BB
165,52,85,#68D9BD
166,52,85,#68D9BE
167,52,85,#68D9C0
168,52,85,#68D9C2
169,52,85,#68D9C4
170,52,85,#68D9C6
171,52,85,#68D9C8
172,52,85,#68D9CA
173,52,85,#68D9CC
174,52,85,#68D9CD
175,52,85,#68D9CF
176,52,85,#68D9D1
177,52,85,#68D9D3
178,52,85,#68D9D5
179,52,85,#68D9D7
180,52,85,#68D9D9
181,52,85,#68D7D9
182,52,85,#68D5D9
183,52,85,#68D3D9
184,52,85,#68D1D9
185,52,85,#68CFD9
186,52,85,#68CDD9
187,52,85,#68CCD9
188,52,85,#68CAD9
189,52,85,#68C8D9
190,52,85,#68C6D9
191,52,85,#68C4D9
192,52,85,#68C2D9
193,52,85,#68C0D9
194,52,85,#68BED9
195,52,85,#68BDD9
196,52,85,#68BBD9
197,52,85,#68B9D9
198,52,85,#68B7D9
199,52,85,#68B5D9
200,52,85,#68B3D9
201,52,85,#68B1D9
202,52,85,#68AFD9
203,52,85,#68AED9
204,52,85,#68ACD9
205,52,85,#68AAD9
206,52,85,#68A8D9
207,52,85,#68A6D9
208,52,85,#68A4D9
209,52,85,#68A2D9
210,52,85,#68A0D9
211,52,85,#689FD9
212,52,85,#689DD9
213,52,85,#689BD9
214,52,85,#6899D9
215,52,85,#6897D9
216,52,85,#6895D9
217,52,85,#6893D9
218,52,85,#6891D9
219,52,85,#688FD9
220,52,85,#688ED9
221,52,85,#688CD9
222,52,85,#688AD9
223,52,85,#6888D9
224,52,85,#6886D9
225,52,85,#6884D9
226,52,85,#6882D9
227,52,85,#6880D9
228,52,85,#687FD9
229,52,85,#687DD9
230,52,85,#687BD9
231,52,85,#6879D9
232,52,85,#6877D9
233,52,85,#6875D9
234,52,85,#6873D9
235,52,85,#6871D9
236,52,85,#6870D9
237,52,85,#686ED9
238,52,85,#686CD9
239,52,85,#686AD9
240,52,85,#6868D9
241,52,85,#6A68D9
242,52,85,#6C68D9
243,52,85,#6E68D9
244,52,85,#7068D9
245,52,85,#7168D9
246,52,85,#7368D9
247,52,85,#7568D9
248,52,85,#7768D9
249,52,85,#7968D9
250,52,85,#7B68D9
251,52,85,#7D68D9
252,52,85,#7F68D9
253,52,85,#8068D9
254,52,85,#8268D9
255,52,85,#8468D9
256,52,85,#8668D9
257,52,85,#8868D9
258,52,85,#8A68D9
259,52,85,#8C68D9
260,52,85,#8E68D9
261,52,85,#8F68D9
262,52,85,#9168D9
263,52,85,#9368D9
264,52,85,#9568D9
265,52,85,#9768D9
266,52,85,#9968D9
267,52,85,#9B68D9
268,52,85,#9D68D9
269,52,85,#9F68D9
270,52,85,#A068D9
271,52,85,#A268D9
272,52,85,#A468D9
273,52,85,#A668D9
274,52,85,#A868D9
275,52,85,#AA68D9
276,52,85,#AC68D9
277,52,85,#AE68D9
278,52,85,#AF68D9
279,52,85,#B168D9
280,52,85,#B368D9
281,52,85,#B568D9
282,52,85,#B768D9
283,52,85,#B968D9
284,52,85,#BB68D9
285,52,85,#BD68D9
286,52,85,#BE68D9
287,52,85,#C068D9
288,52,85,#C268D9
289,52,85,#C468D9
290,52,85,#C668D9
291,52,85,#C868D9
292,52,85,#CA68D9
293,52,85,#CC68D9
294,52,85,#CD68D9
295,52,85,#CF68D9
296,52,85,#D168D9
297,52,85,#D368D9
298,52,85,#D568D9
299,52,85,#D768D9
300,52,85,#D968D9
301,52,85,#D968D7
302,52,85,#D968D5
303,52,85,#D968D3
304,52,85,#D968D1
305,52,85,#D968CF
306,52,85,#D968CD
307,52,85,#D968CC
308,52,85,#D968CA
309,52,85,#D968C8
310,52,85,#D968C6
311,52,85,#D968C4
312,52,85,#D968C2
313,52,85,#D968C0
314,52,85,#D968BE
315,52,85,#D968BD
316,52,85,#D968BB
317,52,85,#D968B9
318,52,85,#D968B7
319,52,85,#D968B5
320,52,85,#D968B3
321,52,85,#D968B1
322,52,85,#D968AF
323,52,85,#D968AE
324,52,85,#D968AC
325,52,85,#D968AA
326,52,85,#D968A8
327,52,85,#D968A6
328,52,85,#D968A4
329,52,85,#D968A2
330,52,85,#D968A0
331,52,85,#D9689F
332,52,85,#D9689D
333,52,85,#D9689B
334,52,85,#D96899
335,52,85,#D96897
336,52,85,#D96895
337,52,85,#D96893
338,52,85,#D96891
339,52,85,#D9688F
340,52,85,#D9688E
341,52,85,#D9688C
342,52,85,#D9688A
343,52,85,#D96888
344,52,85,#D96886
345,52,85,#D96884
346,52,85,#D96882
347,52,85,#D96880
348,52,85,#D9687F
349,52,85,#D9687D
350,52,85,#D9687B
351,52,85,#D96879
352,52,85,#D96877
353,52,85,#D96875
354,52,85,#D96873
355,52,85,#D96871
356,52,85,#D96870
357,52,85,#D9686E
358,52,85,#D9686C
359,52,85,#D9686A
0,51,85,#D96A6A
1,51,85,#D96C6A
2,51,85,#D96E6A
3,51,85,#D9706A
4,51,85,#D9726A
5,51,85,#D9736A
6,51,85,#D9756A
7,51,85,#D9776A
8,51,85,#D9796A
9,51,85,#D97B6A
10,51,85,#D97D6A
11,51,85,#D97E6A
12,51,85,#D9806A
13,51,85,#D9826A
14,51,85,#D9846A
15,51,85,#D9866A
16,51,85,#D9886A
17,51,85,#D98A6A
18,51,85,#D98B6A
19,51,85,#D98D6A
20,51,85,#D98F6A
21,51,85,#D9916A
22,51,85,#D9936A
23,51,85,#D9956A
24,51,85,#D9966A
25,51,85,#D9986A
26,51,85,#D99A6A
27,51,85,#D99C6A
28,51,85,#D99E6A
29,51,85,#D9A06A
30,51,85,#D9A16A
31,51,85,#D9A36A
32,51,85,#D9A56A
33,51,85,#D9A76A
34,51,85,#D9A96A
35,51,85,#D9AB6A
36,51,85,#D9AD6A
37,51,85,#D9AE6A
38,51,85,#D9B06A
39,51,85,#D9B26A
40,51,85,#D9B46A
41,51,85,#D9B66A
42,51,85,#D9B86A
43,51,85,#D9B96A
44,51,85,#D9BB6A
45,51,85,#D9BD6A
46,51,85,#D9BF6A
47,51,85,#D9C16A
48,51,85,#D9C36A
49,51,85,#D9C46A
50,51,85,#D9C66A
51,51,85,#D9C86A
52,51,85,#D9CA6A
53,51,85,#D9CC6A
54,51,85,#D9CE6A
55,51,85,#D9D06A
56,51,85,#D9D16A
57,51,85,#D9D36A
58,51,85,#D9D56A
59,51,85,#D9D76A
60,51,85,#D9D96A
61,51,85,#D7D96A
62,51,85,#D5D96A
63,51,85,#D3D96A
64,51,85,#D1D96A
65,51,85,#D0D96A
66,51,85,#CED96A
67,51,85,#CCD96A
68,51,85,#CAD96A
69,51,85,#C8D96A
70,51,85,#C6D96A
71,51,85,#C4D96A
72,51,85,#C3D96A
73,51,85,#C1D96A
74,51,85,#BFD96A
75,51,85,#BDD96A
76,51,85,#BBD96A
77,51,85,#B9D96A
78,51,85,#B8D96A
79,51,85,#B6D96A
80,51,85,#B4D96A
81,51,85,#B2D96A
82,51,85,#B0D96A
83,51,85,#AED96A
84,51,85,#ADD96A
85,51,85,#ABD96A
86,51,85,#A9D96A
87,51,85,#A7D96A
88,51,85,#A5D96A
89,51,85,#A3D96A
90,51,85,#A1D96A
91,51,85,#A0D96A
92,51,85,#9ED96A
93,51,85,#9CD96A
94,51,85,#9AD96A
95,51,85,#98D96A
96,51,85,#96D96A
97,51,85,#95D96A
98,51,85,#93D96A
99,51,85,#91D96A
100,51,85,#8FD96A
101,51,85,#8DD96A
102,51,85,#8BD96A
103,51,85,#8AD96A
104,51,85,#88D96A
105,51,85,#86D96A
106,51,85,#84D96A
107,51,85,#82D96A
108,51,85,#80D96A
109,51,85,#7ED96A
110,51,85,#7DD96A
111,51,85,#7BD96A
112,51,85,#79D96A
113,51,85,#77D96A
114,51,85,#75D96A
115,51,85,#73D96A
116,51,85,#72D96A
117,51,85,#70D96A
118,51,85,#6ED96A
119,51,85,#6CD96A
120,51,85,#6AD96A
121,51,85,#6AD96C
122,51,85,#6AD96E
123,51,85,#6AD970
124,51,85,#6AD972
125,51,85,#6AD973
126,51,85,#6AD975
127,51,85,#6AD977
128,51,85,#6AD979
129,51,85,#6AD97B
130,51,85,#6AD97D
131,51,85,#6AD97E
132,51,85,#6AD980
133,51,85,#6AD982
134,51,85,#6AD984
135,51,85,#6AD986
136,51,85,#6AD988
137,51,85,#6AD98A
138,51,85,#6AD98B
139,51,85,#6AD98D
140,51,85,#6AD98F
141,51,85,#6AD991
142,51,85,#6AD993
143,51,85,#6AD995
144,51,85,#6AD996
145,51,85,#6AD998
146,51,85,#6AD99A
147,51,85,#6AD99C
148,51,85,#6AD99E
149,51,85,#6AD9A0
150,51,85,#6AD9A1
151,51,85,#6AD9A3
152,51,85,#6AD9A5
153,51,85,#6AD9A7
154,51,85,#6AD9A9
155,51,85,#6AD9AB
156,51,85,#6AD9AD
157,51,85,#6AD9AE
158,51,85,#6AD9B0
159,51,85,#6AD9B2
160,51,85,#6AD9B4
161,51,85,#6AD9B6
162,51,85,#6AD9B8
163,51,85,#6AD9B9
164,51,85,#6AD9BB
165,51,85,#6AD9BD
166,51,85,#6AD9BF
167,51,85,#6AD9C1
168,51,85,#6AD9C3
169,51,85,#6AD9C4
170,51,85,#6AD9C6
171,51,85,#6AD9C8
172,51,85,#6AD9CA
173,51,85,#6AD9CC
174,51,85,#6AD9CE
175,51,85,#6AD9D0
176,51,85,#6AD9D1
177,51,85,#6AD9D3
178,51,85,#6AD9D5
179,51,85,#6AD9D7
180,51,85,#6AD9D9
181,51,85,#6AD7D9
182,51,85,#6AD5D9
183,51,85,#6AD3D9
184,51,85,#6AD1D9
185,51,85,#6AD0D9
186,51,85,#6ACED9
187,51,85,#6ACCD9
188,51,85,#6ACAD9
189,51,85,#6AC8D9
190,51,85,#6AC6D9
191,51,85,#6AC4D9
192,51,85,#6AC3D9
193,51,85,#6AC1D9
194,51,85,#6ABFD9
195,51,85,#6ABDD9
196,51,85,#6ABBD9
197,51,85,#6AB9D9
198,51,85,#6AB8D9
199,51,85,#6AB6D9
200,51,85,#6AB4D9
201,51,85,#6AB2D9
202,51,85,#6AB0D9
203,51,85,#6AAED9
204,51,85,#6AADD9
205,51,85,#6AABD9
206,51,85,#6AA9D9
207,51,85,#6AA7D9
208,51,85,#6AA5D9
209,51,85,#6AA3D9
210,51,85,#6AA1D9
211,51,85,#6AA0D9
212,51,85,#6A9ED9
213,51,85,#6A9CD9
214,51,85,#6A9AD9
215,51,85,#6A98D9
216,51,85,#6A96D9
217,51,85,#6A95D9
218,51,85,#6A93D9
219,51,85,#6A91D9
220,51,85,#6A8FD9
221,51,85,#6A8DD9
222,51,85,#6A8BD9
223,51,85,#6A8AD9
224,51,85,#6A88D9
225,51,85,#6A86D9
226,51,85,#6A84D9
227,51,85,#6A82D9
228,51,85,#6A80D9
229,51,85,#6A7ED9
230,51,85,#6A7DD9
231,51,85,#6A7BD9
232,51,85,#6A79D9
233,51,85,#6A77D9
234,51,85,#6A75D9
235,51,85,#6A73D9
236,51,85,#6A72D9
237,51,85,#6A70D9
238,51,85,#6A6ED9
239,51,85,#6A6CD9
240,51,85,#6A6AD9
241,51,85,#6C6AD9
242,51,85,#6E6AD9
243,51,85,#706AD9
244,51,85,#726AD9
245,51,85,#736AD9
246,51,85,#756AD9
247,51,85,#776AD9
248,51,85,#796AD9
249,51,85,#7B6AD9
250,51,85,#7D6AD9
251,51,85,#7E6AD9
252,51,85,#806AD9
253,51,85,#826AD9
254,51,85,#846AD9
255,51,85,#866AD9
256,51,85,#886AD9
257,51,85,#8A6AD9
258,51,85,#8B6AD9
259,51,85,#8D6AD9
260,51,85,#8F6AD9
261,51,85,#916AD9
262,51,85,#936AD9
263,51,85,#956AD9
264,51,85,#966AD9
265,51,85,#986AD9
266,51,85,#9A6AD9
267,51,85,#9C6AD9
268,51,85,#9E6AD9
269,51,85,#A06AD9
270,51,85,#A16AD9
271,51,85,#A36AD9
272,51,85,#A56AD9
273,51,85,#A76AD9
274,51,85,#A96AD9
275,51,85,#AB6AD9
276,51,85,#AD6AD9
277,51,85,#AE6AD9
278,51,85,#B06AD9
279,51,85,#B26AD9
280,51,85,#B46AD9
281,51,85,#B66AD9
282,51,85,#B86AD9
283,51,85,#B96AD9
284,51,85,#BB6AD9
285,51,85,#BD6AD9
286,51,85,#BF6AD9
287,51,85,#C16AD9
288,51,85,#C36AD9
289,51,85,#C46AD9
290,51,85,#C66AD9
291,51,85,#C86AD9
292,51,85,#CA6AD9
293,51,85,#CC6AD9
294,51,85,#CE6AD9
295,51,85,#D06AD9
296,51,85,#D16AD9
297,51,85,#D36AD9
298,51,85,#D56AD9
299,51,85,#D76AD9
300,51,85,#D96AD9
301,51,85,#D96AD7
302,51,85,#D96AD5
303,51,85,#D96AD3
304,51,85,#D96AD1
305,51,85,#D96AD0
306,51,85,#D96ACE
307,51,85,#D96ACC
308,51,85,#D96ACA
309,51,85,#D96AC8
310,51,85,#D96AC6
311,51,85,#D96AC4
312,51,85,#D96AC3
313,51,85,#D96AC1
314,51,85,#D96ABF
315,51,85,#D96ABD
316,51,85,#D96ABB
317,51,85,#D96AB9
318,51,85,#D96AB8
319,51,85,#D96AB6
320,51,85,#D96AB4
321,51,85,#D96AB2
322,51,85,#D96AB0
323,51,85,#D96AAE
324,51,85,#D96AAD
325,51,85,#D96AAB
326,51,85,#D96AA9
327,51,85,#D96AA7
328,51,85,#D96AA5
329,51,85,#D96AA3
330,51,85,#D96AA1
331,51,85,#D96AA0
332,51,85,#D96A9E
333,51,85,#D96A9C
334,51,85,#D96A9A
335,51,85,#D96A98
336,51,85,#D96A96
337,51,85,#D96A95
338,51,85,#D96A93
339,51,85,#D96A91
340,51,85,#D96A8F
341,51,85,#D96A8D
342,51,85,#D96A8B
343,51,85,#D96A8A
344,51,85,#D96A88
345,51,85,#D96A86
346,51,85,#D96A84
347,51,85,#D96A82
348,51,85,#D96A80
349,51,85,#D96A7E
350,51,85,#D96A7D
351,51,85,#D96A7B
352,51,85,#D96A79
353,51,85,#D96A77
354,51,85,#D96A75
355,51,85,#D96A73
356,51,85,#D96A72
357,51,85,#D96A70
358,51,85,#D96A6E
359,51,85,#D96A6C
0,50,85,#D96C6C
1,50,85,#D96E6C
2,50,85,#D9706C
3,50,85,#D9726C
4,50,85,#D9746C
5,50,85,#D9756C
6,50,85,#D9776C
7,50,85,#D9796C
8,50,85,#D97B6C
9,50,85,#D97D6C
10,50,85,#D97E6C
11,50,85,#D9806C
12,50,85,#D9826C
13,50,85,#D9846C
14,50,85,#D9866C
15,50,85,#D9876C
16,50,85,#D9896C
17,50,85,#D98B6C
18,50,85,#D98D6C
19,50,85,#D98F6C
20,50,85,#D9916C
21,50,85,#D9926C
22,50,85,#D9946C
23,50,85,#D9966C
24,50,85,#D9986C
25,50,85,#D99A6C
26,50,85,#D99B6C
27,50,85,#D99D6C
28,50,85,#D99F6C
29,50,85,#D9A16C
30,50,85,#D9A36C
31,50,85,#D9A46C
32,50,85,#D9A66C
33,50,85,#D9A86C
34,50,85,#D9AA6C
35,50,85,#D9AC6C
36,50,85,#D9AD6C
37,50,85,#D9AF6C
38,50,85,#D9B16C
39,50,85,#D9B36C
40,50,85,#D9B56C
41,50,85,#D9B66C
42,50,85,#D9B86C
43,50,85,#D9BA6C
44,50,85,#D9BC6C
45,50,85,#D9BE6C
46,50,85,#D9BF6C
47,50,85,#D9C16C
48,50,85,#D9C36C
49,50,85,#D9C56C
50,50,85,#D9C76C
51,50,85,#D9C86C
52,50,85,#D9CA6C
53,50,85,#D9CC6C
54,50,85,#D9CE6C
55,50,85,#D9D06C
56,50,85,#D9D26C
57,50,85,#D9D36C
58,50,85,#D9D56C
59,50,85,#D9D76C
60,50,85,#D9D96C
61,50,85,#D7D96C
62,50,85,#D5D96C
63,50,85,#D3D96C
64,50,85,#D2D96C
65,50,85,#D0D96C
66,50,85,#CED96C
67,50,85,#CCD96C
68,50,85,#CAD96C
69,50,85,#C8D96C
70,50,85,#C7D96C
71,50,85,#C5D96C
72,50,85,#C3D96C
73,50,85,#C1D96C
74,50,85,#BFD96C
75,50,85,#BED96C
76,50,85,#BCD96C
77,50,85,#BAD96C
78,50,85,#B8D96C
79,50,85,#B6D96C
80,50,85,#B5D96C
81,50,85,#B3D96C
82,50,85,#B1D96C
83,50,85,#AFD96C
84,50,85,#ADD96C
85,50,85,#ACD96C
86,50,85,#AAD96C
87,50,85,#A8D96C
88,50,85,#A6D96C
89,50,85,#A4D96C
90,50,85,#A3D96C
91,50,85,#A1D96C
92,50,85,#9FD96C
93,50,85,#9DD96C
94,50,85,#9BD96C
95,50,85,#9AD96C
96,50,85,#98D96C
97,50,85,#96D96C
98,50,85,#94D96C
99,50,85,#92D96C
100,50,85,#91D96C
101,50,85,#8FD96C
102,50,85,#8DD96C
103,50,85,#8BD96C
104,50,85,#89D96C
105,50,85,#87D96C
106,50,85,#86D96C
107,50,85,#84D96C
108,50,85,#82D96C
109,50,85,#80D96C
110,50,85,#7ED96C
111,50,85,#7DD96C
112,50,85,#7BD96C
113,50,85,#79D96C
114,50,85,#77D96C
115,50,85,#75D96C
116,50,85,#74D96C
117,50,85,#72D96C
118,50,85,#70D96C
119,50,85,#6ED96C
120,50,85,#6CD96C
121,50,85,#6CD96E
122,50,85,#6CD970
123,50,85,#6CD972
124,50,85,#6CD974
125,50,85,#6CD975
126,50,85,#6CD977
127,50,85,#6CD979
128,50,85,#6CD97B
129,50,85,#6CD97D
130,50,85,#6CD97E
131,50,85,#6CD980
132,50,85,#6CD982
133,50,85,#6CD984
134,50,85,#6CD986
135,50,85,#6CD987
136,50,85,#6CD989
137,50,85,#6CD98B
138,50,85,#6CD98D
139,50,85,#6CD98F
140,50,85,#6CD991
141,50,85,#6CD992
142,50,85,#6CD994
143,50,85,#6CD996
144,50,85,#6CD998
145,50,85,#6CD99A
146,50,85,#6CD99B
147,50,85,#6CD99D
148,50,85,#6CD99F
149,50,85,#6CD9A1
150,50,85,#6CD9A3
151,50,85,#6CD9A4
152,50,85,#6CD9A6
153,50,85,#6CD9A8
154,50,85,#6CD9AA
155,50,85,#6CD9AC
156,50,85,#6CD9AD
157,50,85,#6CD9AF
158,50,85,#6CD9B1
159,50,85,#6CD9B3
160,50,85,#6CD9B5
161,50,85,#6CD9B6
162,50,85,#6CD9B8
163,50,85,#6CD9BA
164,50,85,#6CD9BC
165,50,85,#6CD9BE
166,50,85,#6CD9BF
167,50,85,#6CD9C1
168,50,85,#6CD9C3
169,50,85,#6CD9C5
170,50,85,#6CD9C7
171,50,85,#6CD9C8
172,50,85,#6CD9CA
173,50,85,#6CD9CC
174,50,85,#6CD9CE
175,50,85,#6CD9D0
176,50,85,#6CD9D2
177,50,85,#6CD9D3
178,50,85,#6CD9D5
179,50,85,#6CD9D7
180,50,85,#6CD9D9
181,50,85,#6CD7D9
182,50,85,#6CD5D9
183,50,85,#6CD3D9
184,50,85,#6CD2D9
185,50,85,#6CD0D9
186,50,85,#6CCED9
187,50,85,#6CCCD9
188,50,85,#6CCAD9
189,50,85,#6CC8D9
190,50,85,#6CC7D9
191,50,85,#6CC5D9
192,50,85,#6CC3D9
193,50,85,#6CC1D9
194,50,85,#6CBFD9
195,50,85,#6CBED9
196,50,85,#6CBCD9
197,50,85,#6CBAD9
198,50,85,#6CB8D9
199,50,85,#6CB6D9
200,50,85,#6CB5D9
201,50,85,#6CB3D9
202,50,85,#6CB1D9
203,50,85,#6CAFD9
204,50,85,#6CADD9
205,50,85,#6CACD9
206,50,85,#6CAAD9
207,50,85,#6CA8D9
208,50,85,#6CA6D9
209,50,85,#6CA4D9
210,50,85,#6CA3D9
211,50,85,#6CA1D9
212,50,85,#6C9FD9
213,50,85,#6C9DD9
214,50,85,#6C9BD9
215,50,85,#6C9AD9
216,50,85,#6C98D9
217,50,85,#6C96D9
218,50,85,#6C94D9
219,50,85,#6C92D9
220,50,85,#6C90D9
221,50,85,#6C8FD9
222,50,85,#6C8DD9
223,50,85,#6C8BD9
224,50,85,#6C89D9
225,50,85,#6C87D9
226,50,85,#6C86D9
227,50,85,#6C84D9
228,50,85,#6C82D9
229,50,85,#6C80D9
230,50,85,#6C7ED9
231,50,85,#6C7DD9
232,50,85,#6C7BD9
233,50,85,#6C79D9
234,50,85,#6C77D9
235,50,85,#6C75D9
236,50,85,#6C74D9
237,50,85,#6C72D9
238,50,85,#6C70D9
239,50,85,#6C6ED9
240,50,85,#6C6CD9
241,50,85,#6E6CD9
242,50,85,#706CD9
243,50,85,#726CD9
244,50,85,#746CD9
245,50,85,#756CD9
246,50,85,#776CD9
247,50,85,#796CD9
248,50,85,#7B6CD9
249,50,85,#7D6CD9
250,50,85,#7E6CD9
251,50,85,#806CD9
252,50,85,#826CD9
253,50,85,#846CD9
254,50,85,#866CD9
255,50,85,#876CD9
256,50,85,#896CD9
257,50,85,#8B6CD9
258,50,85,#8D6CD9
259,50,85,#8F6CD9
260,50,85,#906CD9
261,50,85,#926CD9
262,50,85,#946CD9
263,50,85,#966CD9
264,50,85,#986CD9
265,50,85,#9A6CD9
266,50,85,#9B6CD9
267,50,85,#9D6CD9
268,50,85,#9F6CD9
269,50,85,#A16CD9
270,50,85,#A36CD9
271,50,85,#A46CD9
272,50,85,#A66CD9
273,50,85,#A86CD9
274,50,85,#AA6CD9
275,50,85,#AC6CD9
276,50,85,#AD6CD9
277,50,85,#AF6CD9
278,50,85,#B16CD9
279,50,85,#B36CD9
280,50,85,#B56CD9
281,50,85,#B66CD9
282,50,85,#B86CD9
283,50,85,#BA6CD9
284,50,85,#BC6CD9
285,50,85,#BE6CD9
286,50,85,#BF6CD9
287,50,85,#C16CD9
288,50,85,#C36CD9
289,50,85,#C56CD9
290,50,85,#C76CD9
291,50,85,#C86CD9
292,50,85,#CA6CD9
293,50,85,#CC6CD9
294,50,85,#CE6CD9
295,50,85,#D06CD9
296,50,85,#D26CD9
297,50,85,#D36CD9
298,50,85,#D56CD9
299,50,85,#D76CD9
300,50,85,#D96CD9
301,50,85,#D96CD7
302,50,85,#D96CD5
303,50,85,#D96CD3
304,50,85,#D96CD2
305,50,85,#D96CD0
306,50,85,#D96CCE
307,50,85,#D96CCC
308,50,85,#D96CCA
309,50,85,#D96CC8
310,50,85,#D96CC7
311,50,85,#D96CC5
312,50,85,#D96CC3
313,50,85,#D96CC1
314,50,85,#D96CBF
315,50,85,#D96CBE
316,50,85,#D96CBC
317,50,85,#D96CBA
318,50,85,#D96CB8
319,50,85,#D96CB6
320,50,85,#D96CB5
321,50,85,#D96CB3
322,50,85,#D96CB1
323,50,85,#D96CAF
324,50,85,#D96CAD
325,50,85,#D96CAC
326,50,85,#D96CAA
327,50,85,#D96CA8
328,50,85,#D96CA6
329,50,85,#D96CA4
330,50,85,#D96CA3
331,50,85,#D96CA1
332,50,85,#D96C9F
333,50,85,#D96C9D
334,50,85,#D96C9B
335,50,85,#D96C9A
336,50,85,#D96C98
337,50,85,#D96C96
338,50,85,#D96C94
339,50,85,#D96C92
340,50,85,#D96C91
341,50,85,#D96C8F
342,50,85,#D96C8D
343,50,85,#D96C8B
344,50,85,#D96C89
345,50,85,#D96C87
346,50,85,#D96C86
347,50,85,#D96C84
348,50,85,#D96C82
349,50,85,#D96C80
350,50,85,#D96C7E
351,50,85,#D96C7D
352,50,85,#D96C7B
353,50,85,#D96C79
354,50,85,#D96C77
355,50,85,#D96C75
356,50,85,#D96C74
357,50,85,#D96C72
358,50,85,#D96C70
359,50,85,#D96C6E
0,49,85,#D96F6F
1,49,85,#D9706F
2,49,85,#D9726F
3,49,85,#D9746F
4,49,85,#D9766F
5,49,85,#D9776F
6,49,85,#D9796F
7,49,85,#D97B6F
8,49,85,#D97D6F
9,49,85,#D97E6F
10,49,85,#D9806F
11,49,85,#D9826F
12,49,85,#D9846F
13,49,85,#D9866F
14,49,85,#D9876F
15,49,85,#D9896F
16,49,85,#D98B6F
17,49,85,#D98D6F
18,49,85,#D98E6F
19,49,85,#D9906F
20,49,85,#D9926F
21,49,85,#D9946F
22,49,85,#D9956F
23,49,85,#D9976F
24,49,85,#D9996F
25,49,85,#D99B6F
26,49,85,#D99D6F
27,49,85,#D99E6F
28,49,85,#D9A06F
29,49,85,#D9A26F
30,49,85,#D9A46F
31,49,85,#D9A56F
32,49,85,#D9A76F
33,49,85,#D9A96F
34,49,85,#D9AB6F
35,49,85,#D9AC6F
36,49,85,#D9AE6F
37,49,85,#D9B06F
38,49,85,#D9B26F
39,49,85,#D9B46F
40,49,85,#D9B56F
41,49,85,#D9B76F
42,49,85,#D9B96F
43,49,85,#D9BB6F
44,49,85,#D9BC6F
45,49,85,#D9BE6F
46,49,85,#D9C06F
47,49,85,#D9C26F
48,49,85,#D9C46F
49,49,85,#D9C56F
50,49,85,#D9C76F
51,49,85,#D9C96F
52,49,85,#D9CB6F
53,49,85,#D9CC6F
54,49,85,#D9CE6F
55,49,85,#D9D06F
56,49,85,#D9D26F
57,49,85,#D9D36F
58,49,85,#D9D56F
59,49,85,#D9D76F
60,49,85,#D9D96F
61,49,85,#D7D96F
62,49,85,#D5D96F
63,49,85,#D3D96F
64,49,85,#D2D96F
65,49,85,#D0D96F
66,49,85,#CED96F
67,49,85,#CCD96F
68,49,85,#CBD96F
69,49,85,#C9D96F
70,49,85,#C7D96F
71,49,85,#C5D96F
72,49,85,#C4D96F
73,49,85,#C2D96F
74,49,85,#C0D96F
75,49,85,#BED96F
76,49,85,#BCD96F
77,49,85,#BBD96F
78,49,85,#B9D96F
79,49,85,#B7D96F
80,49,85,#B5D96F
81,49,85,#B4D96F
82,49,85,#B2D96F
83,49,85,#B0D96F
84,49,85,#AED96F
85,49,85,#ACD96F
86,49,85,#ABD96F
87,49,85,#A9D96F
88,49,85,#A7D96F
89,49,85,#A5D96F
90,49,85,#A4D96F
91,49,85,#A2D96F
92,49,85,#A0D96F
93,49,85,#9ED96F
94,49,85,#9DD96F
95,49,85,#9BD96F
96,49,85,#99D96F
97,49,85,#97D96F
98,49,85,#95D96F
99,49,85,#94D96F
100,49,85,#92D96F
101,49,85,#90D96F
102,49,85,#8ED96F
103,49,85,#8DD96F
104,49,85,#8BD96F
105,49,85,#89D96F
106,49,85,#87D96F
107,49,85,#86D96F
108,49,85,#84D96F
109,49,85,#82D96F
110,49,85,#80D96F
111,49,85,#7ED96F
112,49,85,#7DD96F
113,49,85,#7BD96F
114,49,85,#79D96F
115,49,85,#77D96F
116,49,85,#76D96F
117,49,85,#74D96F
118,49,85,#72D96F
119,49,85,#70D96F
120,49,85,#6FD96F
121,49,85,#6FD970
122,49,85,#6FD972
123,49,85,#6FD974
124,49,85,#6FD976
125,49,85,#6FD977
126,49,85,#6FD979
127,49,85,#6FD97B
128,49,85,#6FD97D
129,49,85,#6FD97E
130,49,85,#6FD980
131,49,85,#6FD982
132,49,85,#6FD984
133,49,85,#6FD986
134,49,85,#6FD987
135,49,85,#6FD989
136,49,85,#6FD98B
137,49,85,#6FD98D
138,49,85,#6FD98E
139,49,85,#6FD990
140,49,85,#6FD992
141,49,85,#6FD994
142,49,85,#6FD995
143,49,85,#6FD997
144,49,85,#6FD999
145,49,85,#6FD99B
146,49,85,#6FD99D
147,49,85,#6FD99E
148,49,85,#6FD9A0
149,49,85,#6FD9A2
150,49,85,#6FD9A4
151,49,85,#6FD9A5
152,49,85,#6FD9A7
153,49,85,#6FD9A9
154,49,85,#6FD9AB
155,49,85,#6FD9AC
156,49,85,#6FD9AE
157,49,85,#6FD9B0
158,49,85,#6FD9B2
159,49,85,#6FD9B4
160,49,85,#6FD9B5
161,49,85,#6FD9B7
162,49,85,#6FD9B9
163,49,85,#6FD9BB
164,49,85,#6FD9BC
165,49,85,#6FD9BE
166,49,85,#6FD9C0
167,49,85,#6FD9C2
168,49,85,#6FD9C4
169,49,85,#6FD9C5
170,49,85,#6FD9C7
171,49,85,#6FD9C9
172,49,85,#6FD9CB
173,49,85,#6FD9CC
174,49,85,#6FD9CE
175,49,85,#6FD9D0
176,49,85,#6FD9D2
177,49,85,#6FD9D3
178,49,85,#6FD9D5
179,49,85,#6FD9D7
180,49,85,#6FD9D9
181,49,85,#6FD7D9
182,49,85,#6FD5D9
183,49,85,#6FD3D9
184,49,85,#6FD2D9
185,49,85,#6FD0D9
186,49,85,#6FCED9
187,49,85,#6FCCD9
188,49,85,#6FCBD9
189,49,85,#6FC9D9
190,49,85,#6FC7D9
191,49,85,#6FC5D9
192,49,85,#6FC4D9
193,49,85,#6FC2D9
194,49,85,#6FC0D9
195,49,85,#6FBED9
196,49,85,#6FBCD9
197,49,85,#6FBBD9
198,49,85,#6FB9D9
199,49,85,#6FB7D9
200,49,85,#6FB5D9
201,49,85,#6FB4D9
202,49,85,#6FB2D9
203,49,85,#6FB0D9
204,49,85,#6FAED9
205,49,85,#6FACD9
206,49,85,#6FABD9
207,49,85,#6FA9D9
208,49,85,#6FA7D9
209,49,85,#6FA5D9
210,49,85,#6FA4D9
211,49,85,#6FA2D9
212,49,85,#6FA0D9
213,49,85,#6F9ED9
214,49,85,#6F9DD9
215,49,85,#6F9BD9
216,49,85,#6F99D9
217,49,85,#6F97D9
218,49,85,#6F95D9
219,49,85,#6F94D9
220,49,85,#6F92D9
221,49,85,#6F90D9
222,49,85,#6F8ED9
223,49,85,#6F8DD9
224,49,85,#6F8BD9
225,49,85,#6F89D9
226,49,85,#6F87D9
227,49,85,#6F86D9
228,49,85,#6F84D9
229,49,85,#6F82D9
230,49,85,#6F80D9
231,49,85,#6F7ED9
232,49,85,#6F7DD9
233,49,85,#6F7BD9
234,49,85,#6F79D9
235,49,85,#6F77D9
236,49,85,#6F76D9
237,49,85,#6F74D9
238,49,85,#6F72D9
239,49,85,#6F70D9
240,49,85,#6F6FD9
241,49,85,#706FD9
242,49,85,#726FD9
243,49,85,#746FD9
244,49,85,#766FD9
245,49,85,#776FD9
246,49,85,#796FD9
247,49,85,#7B6FD9
248,49,85,#7D6FD9
249,49,85,#7E6FD9
250,49,85,#806FD9
251,49,85,#826FD9
252,49,85,#846FD9
253,49,85,#866FD9
254,49,85,#876FD9
255,49,85,#896FD9
256,49,85,#8B6FD9
257,49,85,#8D6FD9
258,49,85,#8E6FD9
259,49,85,#906FD9
260,49,85,#926FD9
261,49,85,#946FD9
262,49,85,#956FD9
263,49,85,#976FD9
264,49,85,#996FD9
265,49,85,#9B6FD9
266,49,85,#9D6FD9
267,49,85,#9E6FD9
268,49,85,#A06FD9
269,49,85,#A26FD9
270,49,85,#A46FD9
271,49,85,#A56FD9
272,49,85,#A76FD9
273,49,85,#A96FD9
274,49,85,#AB6FD9
275,49,85,#AC6FD9
276,49,85,#AE6FD9
277,49,85,#B06FD9
278,49,85,#B26FD9
279,49,85,#B46FD9
280,49,85,#B56FD9
281,49,85,#B76FD9
282,49,85,#B96FD9
283,49,85,#BB6FD9
284,49,85,#BC6FD9
285,49,85,#BE6FD9
286,49,85,#C06FD9
287,49,85,#C26FD9
288,49,85,#C46FD9
289,49,85,#C56FD9
290,49,85,#C76FD9
291,49,85,#C96FD9
292,49,85,#CB6FD9
293,49,85,#CC6FD9
294,49,85,#CE6FD9
295,49,85,#D06FD9
296,49,85,#D26FD9
297,49,85,#D36FD9
298,49,85,#D56FD9
299,49,85,#D76FD9
300,49,85,#D96FD9
301,49,85,#D96FD7
302,49,85,#D96FD5
303,49,85,#D96FD3
304,49,85,#D96FD2
305,49,85,#D96FD0
306,49,85,#D96FCE
307,49,85,#D96FCC
308,49,85,#D96FCB
309,49,85,#D96FC9
310,49,85,#D96FC7
311,49,85,#D96FC5
312,49,85,#D96FC4
313,49,85,#D96FC2
314,49,85,#D96FC0
315,49,85,#D96FBE
316,49,85,#D96FBC
317,49,85,#D96FBB
318,49,85,#D96FB9
319,49,85,#D96FB7
320,49,85,#D96FB5
321,49,85,#D96FB4
322,49,85,#D96FB2
323,49,85,#D96FB0
324,49,85,#D96FAE
325,49,85,#D96FAC
326,49,85,#D96FAB
327,49,85,#D96FA9
328,49,85,#D96FA7
329,49,85,#D96FA5
330,49,85,#D96FA4
331,49,85,#D96FA2
332,49,85,#D96FA0
333,49,85,#D96F9E
334,49,85,#D96F9D
335,49,85,#D96F9B
336,49,85,#D96F99
337,49,85,#D96F97
338,49,85,#D96F95
339,49,85,#D96F94
340,49,85,#D96F92
341,49,85,#D96F90
342,49,85,#D96F8E
343,49,85,#D96F8D
344,49,85,#D96F8B
345,49,85,#D96F89
346,49,85,#D96F87
347,49,85,#D96F86
348,49,85,#D96F84
349,49,85,#D96F82
350,49,85,#D96F80
351,49,85,#D96F7E
352,49,85,#D96F7D
353,49,85,#D96F7B
354,49,85,#D96F79
355,49,85,#D96F77
356,49,85,#D96F76
357,49,85,#D96F74
358,49,85,#D96F72
359,49,85,#D96F70
0,48,85,#D97171
1,48,85,#D97271
2,48,85,#D97471
3,48,85,#D97671
4,48,85,#D97871
5,48,85,#D97971
6,48,85,#D97B71
7,48,85,#D97D71
8,48,85,#D97F71
9,48,85,#D98071
10,48,85,#D98271
11,48,85,#D98471
12,48,85,#D98671
13,48,85,#D98771
14,48,85,#D98971
15,48,85,#D98B71
16,48,85,#D98C71
17,48,85,#D98E71
18,48,85,#D99071
19,48,85,#D99271
20,48,85,#D99371
21,48,85,#D99571
22,48,85,#D99771
23,48,85,#D99971
24,48,85,#D99A71
25,48,85,#D99C71
26,48,85,#D99E71
27,48,85,#D9A071
28,48,85,#D9A171
29,48,85,#D9A371
30,48,85,#D9A571
31,48,85,#D9A671
32,48,85,#D9A871
33,48,85,#D9AA71
34,48,85,#D9AC71
35,48,85,#D9AD71
36,48,85,#D9AF71
37,48,85,#D9B171
38,48,85,#D9B371
39,48,85,#D9B471
40,48,85,#D9B671
41,48,85,#D9B871
42,48,85,#D9BA71
43,48,85,#D9BB71
44,48,85,#D9BD71
45,48,85,#D9BF71
46,48,85,#D9C071
47,48,85,#D9C271
48,48,85,#D9C471
49,48,85,#D9C671
50,48,85,#D9C771
51,48,85,#D9C971
52,48,85,#D9CB71
53,48,85,#D9CD71
54,48,85,#D9CE71
55,48,85,#D9D071
56,48,85,#D9D271
57,48,85,#D9D471
58,48,85,#D9D571
59,48,85,#D9D771
60,48,85,#D9D971
61,48,85,#D7D971
62,48,85,#D5D971
63,48,85,#D4D971
64,48,85,#D2D971
65,48,85,#D0D971
66,48,85,#CED971
67,48,85,#CDD971
68,48,85,#CBD971
69,48,85,#C9D971
70,48,85,#C7D971
71,48,85,#C6D971
72,48,85,#C4D971
73,48,85,#C2D971
74,48,85,#C0D971
75,48,85,#BFD971
76,48,85,#BDD971
77,48,85,#BBD971
78,48,85,#BAD971
79,48,85,#B8D971
80,48,85,#B6D971
81,48,85,#B4D971
82,48,85,#B3D971
83,48,85,#B1D971
84,48,85,#AFD971
85,48,85,#ADD971
86,48,85,#ACD971
87,48,85,#AAD971
88,48,85,#A8D971
89,48,85,#A6D971
90,48,85,#A5D971
91,48,85,#A3D971
92,48,85,#A1D971
93,48,85,#A0D971
94,48,85,#9ED971
95,48,85,#9CD971
96,48,85,#9AD971
97,48,85,#99D971
98,48,85,#97D971
99,48,85,#95D971
100,48,85,#93D971
101,48,85,#92D971
102,48,85,#90D971
103,48,85,#8ED971
104,48,85,#8CD971
105,48,85,#8BD971
106,48,85,#89D971
107,48,85,#87D971
108,48,85,#86D971
109,48,85,#84D971
110,48,85,#82D971
111,48,85,#80D971
112,48,85,#7FD971
113,48,85,#7DD971
114,48,85,#7BD971
115,48,85,#79D971
116,48,85,#78D971
117,48,85,#76D971
118,48,85,#74D971
119,48,85,#72D971
120,48,85,#71D971
121,48,85,#71D972
122,48,85,#71D974
123,48,85,#71D976
124,48,85,#71D978
125,48,85,#71D979
126,48,85,#71D97B
127,48,85,#71D97D
128,48,85,#71D97F
129,48,85,#71D980
130,48,85,#71D982
131,48,85,#71D984
132,48,85,#71D986
133,48,85,#71D987
134,48,85,#71D989
135,48,85,#71D98B
136,48,85,#71D98C
137,48,85,#71D98E
138,48,85,#71D990
139,48,85,#71D992
140,48,85,#71D993
141,48,85,#71D995
142,48,85,#71D997
143,48,85,#71D999
144,48,85,#71D99A
145,48,85,#71D99C
146,48,85,#71D99E
147,48,85,#71D9A0
148,48,85,#71D9A1
149,48,85,#71D9A3
150,48,85,#71D9A5
151,48,85,#71D9A6
152,48,85,#71D9A8
153,48,85,#71D9AA
154,48,85,#71D9AC
155,48,85,#71D9AD
156,48,85,#71D9AF
157,48,85,#71D9B1
158,48,85,#71D9B3
159,48,85,#71D9B4
160,48,85,#71D9B6
161,48,85,#71D9B8
162,48,85,#71D9BA
163,48,85,#71D9BB
164,48,85,#71D9BD
165,48,85,#71D9BF
166,48,85,#71D9C0
167,48,85,#71D9C2
168,48,85,#71D9C4
169,48,85,#71D9C6
170,48,85,#71D9C7
171,48,85,#71D9C9
172,48,85,#71D9CB
173,48,85,#71D9CD
174,48,85,#71D9CE
175,48,85,#71D9D0
176,48,85,#71D9D2
177,48,85,#71D9D4
178,48,85,#71D9D5
179,48,85,#71D9D7
180,48,85,#71D9D9
181,48,85,#71D7D9
182,48,85,#71D5D9
183,48,85,#71D4D9
184,48,85,#71D2D9
185,48,85,#71D0D9
186,48,85,#71CED9
187,48,85,#71CDD9
188,48,85,#71CBD9
189,48,85,#71C9D9
190,48,85,#71C7D9
191,48,85,#71C6D9
192,48,85,#71C4D9
193,48,85,#71C2D9
194,48,85,#71C0D9
195,48,85,#71BFD9
196,48,85,#71BDD9
197,48,85,#71BBD9
198,48,85,#71BAD9
199,48,85,#71B8D9
200,48,85,#71B6D9
201,48,85,#71B4D9
202,48,85,#71B3D9
203,48,85,#71B1D9
204,48,85,#71AFD9
205,48,85,#71ADD9
206,48,85,#71ACD9
207,48,85,#71AAD9
208,48,85,#71A8D9
209,48,85,#71A6D9
210,48,85,#71A5D9
211,48,85,#71A3D9
212,48,85,#71A1D9
213,48,85,#71A0D9
214,48,85,#719ED9
215,48,85,#719CD9
216,48,85,#719AD9
217,48,85,#7199D9
218,48,85,#7197D9
219,48,85,#7195D9
220,48,85,#7193D9
221,48,85,#7192D9
222,48,85,#7190D9
223,48,85,#718ED9
224,48,85,#718CD9
225,48,85,#718BD9
226,48,85,#7189D9
227,48,85,#7187D9
228,48,85,#7186D9
229,48,85,#7184D9
230,48,85,#7182D9
231,48,85,#7180D9
232,48,85,#717FD9
233,48,85,#717DD9
234,48,85,#717BD9
235,48,85,#7179D9
236,48,85,#7178D9
237,48,85,#7176D9
238,48,85,#7174D9
239,48,85,#7172D9
240,48,85,#7171D9
241,48,85,#7271D9
242,48,85,#7471D9
243,48,85,#7671D9
244,48,85,#7871D9
245,48,85,#7971D9
246,48,85,#7B71D9
247,48,85,#7D71D9
248,48,85,#7F71D9
249,48,85,#8071D9
250,48,85,#8271D9
251,48,85,#8471D9
252,48,85,#8671D9
253,48,85,#8771D9
254,48,85,#8971D9
255,48,85,#8B71D9
256,48,85,#8C71D9
257,48,85,#8E71D9
258,48,85,#9071D9
259,48,85,#9271D9
260,48,85,#9371D9
261,48,85,#9571D9
262,48,85,#9771D9
263,48,85,#9971D9
264,48,85,#9A71D9
265,48,85,#9C71D9
266,48,85,#9E71D9
267,48,85,#A071D9
268,48,85,#A171D9
269,48,85,#A371D9
270,48,85,#A571D9
271,48,85,#A671D9
272,48,85,#A871D9
273,48,85,#AA71D9
274,48,85,#AC71D9
275,48,85,#AD71D9
276,48,85,#AF71D9
277,48,85,#B171D9
278,48,85,#B371D9
279,48,85,#B471D9
280,48,85,#B671D9
281,48,85,#B871D9
282,48,85,#BA71D9
283,48,85,#BB71D9
284,48,85,#BD71D9
285,48,85,#BF71D9
286,48,85,#C071D9
287,48,85,#C271D9
288,48,85,#C471D9
289,48,85,#C671D9
290,48,85,#C771D9
291,48,85,#C971D9
292,48,85,#CB71D9
293,48,85,#CD71D9
294,48,85,#CE71D9
295,48,85,#D071D9
296,48,85,#D271D9
297,48,85,#D471D9
298,48,85,#D571D9
299,48,85,#D771D9
300,48,85,#D971D9
301,48,85,#D971D7
302,48,85,#D971D5
303,48,85,#D971D4
304,48,85,#D971D2
305,48,85,#D971D0
306,48,85,#D971CE
307,48,85,#D971CD
308,48,85,#D971CB
309,48,85,#D971C9
310,48,85,#D971C7
311,48,85,#D971C6
312,48,85,#D971C4
313,48,85,#D971C2
314,48,85,#D971C0
315,48,85,#D971BF
316,48,85,#D971BD
317,48,85,#D971BB
318,48,85,#D971BA
319,48,85,#D971B8
320,48,85,#D971B6
321,48,85,#D971B4
322,48,85,#D971B3
323,48,85,#D971B1
324,48,85,#D971AF
325,48,85,#D971AD
326,48,85,#D971AC
327,48,85,#D971AA
328,48,85,#D971A8
329,48,85,#D971A6
330,48,85,#D971A5
331,48,85,#D971A3
332,48,85,#D971A1
333,48,85,#D971A0
334,48,85,#D9719E
335,48,85,#D9719C
336,48,85,#D9719A
337,48,85,#D97199
338,48,85,#D97197
339,48,85,#D97195
340,48,85,#D97193
341,48,85,#D97192
342,48,85,#D97190
343,48,85,#D9718E
344,48,85,#D9718C
345,48,85,#D9718B
346,48,85,#D97189
347,48,85,#D97187
348,48,85,#D97186
349,48,85,#D97184
350,48,85,#D97182
351,48,85,#D97180
352,48,85,#D9717F
353,48,85,#D9717D
354,48,85,#D9717B
355,48,85,#D97179
356,48,85,#D97178
357,48,85,#D97176
358,48,85,#D97174
359,48,85,#D97172
0,47,85,#D97373
1,47,85,#D97573
2,47,85,#D97673
3,47,85,#D97873
4,47,85,#D97A73
5,47,85,#D97B73
6,47,85,#D97D73
7,47,85,#D97F73
8,47,85,#D98073
9,47,85,#D98273
10,47,85,#D98473
11,47,85,#D98673
12,47,85,#D98773
13,47,85,#D98973
14,47,85,#D98B73
15,47,85,#D98C73
16,47,85,#D98E73
17,47,85,#D99073
18,47,85,#D99173
19,47,85,#D99373
20,47,85,#D99573
21,47,85,#D99773
22,47,85,#D99873
23,47,85,#D99A73
24,47,85,#D99C73
25,47,85,#D99D73
26,47,85,#D99F73
27,47,85,#D9A173
28,47,85,#D9A273
29,47,85,#D9A473
30,47,85,#D9A673
31,47,85,#D9A873
32,47,85,#D9A973
33,47,85,#D9AB73
34,47,85,#D9AD73
35,47,85,#D9AE73
36,47,85,#D9B073
37,47,85,#D9B273
38,47,85,#D9B373
39,47,85,#D9B573
40,47,85,#D9B773
41,47,85,#D9B873
42,47,85,#D9BA73
43,47,85,#D9BC73
44,47,85,#D9BE73
45,47,85,#D9BF73
46,47,85,#D9C173
47,47,85,#D9C373
48,47,85,#D9C473
49,47,85,#D9C673
50,47,85,#D9C873
51,47,85,#D9C973
52,47,85,#D9CB73
53,47,85,#D9CD73
54,47,85,#D9CF73
55,47,85,#D9D073
56,47,85,#D9D273
57,47,85,#D9D473
58,47,85,#D9D573
59,47,85,#D9D773
60,47,85,#D9D973
61,47,85,#D7D973
62,47,85,#D5D973
63,47,85,#D4D973
64,47,85,#D2D973
65,47,85,#D0D973
66,47,85,#CFD973
67,47,85,#CDD973
68,47,85,#CBD973
69,47,85,#C9D973
70,47,85,#C8D973
71,47,85,#C6D973
72,47,85,#C4D973
73,47,85,#C3D973
74,47,85,#C1D973
75,47,85,#BFD973
76,47,85,#BED973
77,47,85,#BCD973
78,47,85,#BAD973
79,47,85,#B8D973
80,47,85,#B7D973
81,47,85,#B5D973
82,47,85,#B3D973
83,47,85,#B2D973
84,47,85,#B0D973
85,47,85,#AED973
86,47,85,#ADD973
87,47,85,#ABD973
88,47,85,#A9D973
89,47,85,#A8D973
90,47,85,#A6D973
91,47,85,#A4D973
92,47,85,#A2D973
93,47,85,#A1D973
94,47,85,#9FD973
95,47,85,#9DD973
96,47,85,#9CD973
97,47,85,#9AD973
98,47,85,#98D973
99,47,85,#97D973
100,47,85,#95D973
101,47,85,#93D973
102,47,85,#91D973
103,47,85,#90D973
104,47,85,#8ED973
105,47,85,#8CD973
106,47,85,#8BD973
107,47,85,#89D973
108,47,85,#87D973
109,47,85,#86D973
110,47,85,#84D973
111,47,85,#82D973
112,47,85,#80D973
113,47,85,#7FD973
114,47,85,#7DD973
115,47,85,#7BD973
116,47,85,#7AD973
117,47,85,#78D973
118,47,85,#76D973
119,47,85,#75D973
120,47,85,#73D973
121,47,85,#73D975
122,47,85,#73D976
123,47,85,#73D978
124,47,85,#73D97A
125,47,85,#73D97B
126,47,85,#73D97D
127,47,85,#73D97F
128,47,85,#73D980
129,47,85,#73D982
130,47,85,#73D984
131,47,85,#73D986
132,47,85,#73D987
133,47,85,#73D989
134,47,85,#73D98B
135,47,85,#73D98C
136,47,85,#73D98E
137,47,85,#73D990
138,47,85,#73D991
139,47,85,#73D993
140,47,85,#73D995
141,47,85,#73D997
142,47,85,#73D998
143,47,85,#73D99A
144,47,85,#73D99C
145,47,85,#73D99D
146,47,85,#73D99F
147,47,85,#73D9A1
148,47,85,#73D9A2
149,47,85,#73D9A4
150,47,85,#73D9A6
151,47,85,#73D9A8
152,47,85,#73D9A9
153,47,85,#73D9AB
154,47,85,#73D9AD
155,47,85,#73D9AE
156,47,85,#73D9B0
157,47,85,#73D9B2
158,47,85,#73D9B3
159,47,85,#73D9B5
160,47,85,#73D9B7
161,47,85,#73D9B8
162,47,85,#73D9BA
163,47,85,#73D9BC
164,47,85,#73D9BE
165,47,85,#73D9BF
166,47,85,#73D9C1
167,47,85,#73D9C3
168,47,85,#73D9C4
169,47,85,#73D9C6
170,47,85,#73D9C8
171,47,85,#73D9C9
172,47,85,#73D9CB
173,47,85,#73D9CD
174,47,85,#73D9CF
175,47,85,#73D9D0
176,47,85,#73D9D2
177,47,85,#73D9D4
178,47,85,#73D9D5
179,47,85,#73D9D7
180,47,85,#73D9D9
181,47,85,#73D7D9
182,47,85,#73D5D9
183,47,85,#73D4D9
184,47,85,#73D2D9
185,47,85,#73D0D9
186,47,85,#73CFD9
187,47,85,#73CDD9
188,47,85,#73CBD9
189,47,85,#73C9D9
190,47,85,#73C8D9
191,47,85,#73C6D9
192,47,85,#73C4D9
193,47,85,#73C3D9
194,47,85,#73C1D9
195,47,85,#73BFD9
196,47,85,#73BED9
197,47,85,#73BCD9
198,47,85,#73BAD9
199,47,85,#73B8D9
200,47,85,#73B7D9
201,47,85,#73B5D9
202,47,85,#73B3D9
203,47,85,#73B2D9
204,47,85,#73B0D9
205,47,85,#73AED9
206,47,85,#73ADD9
207,47,85,#73ABD9
208,47,85,#73A9D9
209,47,85,#73A8D9
210,47,85,#73A6D9
211,47,85,#73A4D9
212,47,85,#73A2D9
213,47,85,#73A1D9
214,47,85,#739FD9
215,47,85,#739DD9
216,47,85,#739CD9
217,47,85,#739AD9
218,47,85,#7398D9
219,47,85,#7397D9
220,47,85,#7395D9
221,47,85,#7393D9
222,47,85,#7391D9
223,47,85,#7390D9
224,47,85,#738ED9
225,47,85,#738CD9
226,47,85,#738BD9
227,47,85,#7389D9
228,47,85,#7387D9
229,47,85,#7386D9
230,47,85,#7384D9
231,47,85,#7382D9
232,47,85,#7380D9
233,47,85,#737FD9
234,47,85,#737DD9
235,47,85,#737BD9
236,47,85,#737AD9
237,47,85,#7378D9
238,47,85,#7376D9
239,47,85,#7375D9
240,47,85,#7373D9
241,47,85,#7573D9
242,47,85,#7673D9
243,47,85,#7873D9
244,47,85,#7A73D9
245,47,85,#7B73D9
246,47,85,#7D73D9
247,47,85,#7F73D9
248,47,85,#8073D9
249,47,85,#8273D9
250,47,85,#8473D9
251,47,85,#8673D9
252,47,85,#8773D9
253,47,85,#8973D9
254,47,85,#8B73D9
255,47,85,#8C73D9
256,47,85,#8E73D9
257,47,85,#9073D9
258,47,85,#9173D9
259,47,85,#9373D9
260,47,85,#9573D9
261,47,85,#9773D9
262,47,85,#9873D9
263,47,85,#9A73D9
264,47,85,#9C73D9
265,47,85,#9D73D9
266,47,85,#9F73D9
267,47,85,#A173D9
268,47,85,#A273D9
269,47,85,#A473D9
270,47,85,#A673D9
271,47,85,#A873D9
272,47,85,#A973D9
273,47,85,#AB73D9
274,47,85,#AD73D9
275,47,85,#AE73D9
276,47,85,#B073D9
277,47,85,#B273D9
278,47,85,#B373D9
279,47,85,#B573D9
280,47,85,#B773D9
281,47,85,#B873D9
282,47,85,#BA73D9
283,47,85,#BC73D9
284,47,85,#BE73D9
285,47,85,#BF73D9
286,47,85,#C173D9
287,47,85,#C373D9
288,47,85,#C473D9
289,47,85,#C673D9
290,47,85,#C873D9
291,47,85,#C973D9
292,47,85,#CB73D9
293,47,85,#CD73D9
294,47,85,#CF73D9
295,47,85,#D073D9
296,47,85,#D273D9
297,47,85,#D473D9
298,47,85,#D573D9
299,47,85,#D773D9
300,47,85,#D973D9
301,47,85,#D973D7
302,47,85,#D973D5
303,47,85,#D973D4
304,47,85,#D973D2
305,47,85,#D973D0
306,47,85,#D973CF
307,47,85,#D973CD
308,47,85,#D973CB
309,47,85,#D973C9
310,47,85,#D973C8
311,47,85,#D973C6
312,47,85,#D973C4
313,47,85,#D973C3
314,47,85,#D973C1
315,47,85,#D973BF
316,47,85,#D973BE
317,47,85,#D973BC
318,47,85,#D973BA
319,47,85,#D973B8
320,47,85,#D973B7
321,47,85,#D973B5
322,47,85,#D973B3
323,47,85,#D973B2
324,47,85,#D973B0
325,47,85,#D973AE
326,47,85,#D973AD
327,47,85,#D973AB
328,47,85,#D973A9
329,47,85,#D973A8
330,47,85,#D973A6
331,47,85,#D973A4
332,47,85,#D973A2
333,47,85,#D973A1
334,47,85,#D9739F
335,47,85,#D9739D
336,47,85,#D9739C
337,47,85,#D9739A
338,47,85,#D97398
339,47,85,#D97397
340,47,85,#D97395
341,47,85,#D97393
342,47,85,#D97391
343,47,85,#D97390
344,47,85,#D9738E
345,47,85,#D9738C
346,47,85,#D9738B
347,47,85,#D97389
348,47,85,#D97387
349,47,85,#D97386
350,47,85,#D97384
351,47,85,#D97382
352,47,85,#D97380
353,47,85,#D9737F
354,47,85,#D9737D
355,47,85,#D9737B
356,47,85,#D9737A
357,47,85,#D97378
358,47,85,#D97376
359,47,85,#D97375
0,46,85,#D97575
1,46,85,#D97775
2,46,85,#D97875
3,46,85,#D97A75
4,46,85,#D97C75
5,46,85,#D97D75
6,46,85,#D97F75
7,46,85,#D98175
8,46,85,#D98275
9,46,85,#D98475
10,46,85,#D98675
11,46,85,#D98775
12,46,85,#D98975
13,46,85,#D98B75
14,46,85,#D98C75
15,46,85,#D98E75
16,46,85,#D99075
17,46,85,#D99175
18,46,85,#D99375
19,46,85,#D99575
20,46,85,#D99675
21,46,85,#D99875
22,46,85,#D99A75
23,46,85,#D99B75
24,46,85,#D99D75
25,46,85,#D99F75
26,46,85,#D9A075
27,46,85,#D9A275
28,46,85,#D9A475
29,46,85,#D9A575
30,46,85,#D9A775
31,46,85,#D9A975
32,46,85,#D9AA75
33,46,85,#D9AC75
34,46,85,#D9AE75
35,46,85,#D9AF75
36,46,85,#D9B175
37,46,85,#D9B375
38,46,85,#D9B475
39,46,85,#D9B675
40,46,85,#D9B875
41,46,85,#D9B975
42,46,85,#D9BB75
43,46,85,#D9BD75
44,46,85,#D9BE75
45,46,85,#D9C075
46,46,85,#D9C175
47,46,85,#D9C375
48,46,85,#D9C575
49,46,85,#D9C675
50,46,85,#D9C875
51,46,85,#D9CA75
52,46,85,#D9CB75
53,46,85,#D9CD75
54,46,85,#D9CF75
55,46,85,#D9D075
56,46,85,#D9D275
57,46,85,#D9D475
58,46,85,#D9D575
59,46,85,#D9D775
60,46,85,#D9D975
61,46,85,#D7D975
62,46,85,#D5D975
63,46,85,#D4D975
64,46,85,#D2D975
65,46,85,#D0D975
66,46,85,#CFD975
67,46,85,#CDD975
68,46,85,#CBD975
69,46,85,#CAD975
70,46,85,#C8D975
71,46,85,#C6D975
72,46,85,#C5D975
73,46,85,#C3D975
74,46,85,#C1D975
75,46,85,#C0D975
76,46,85,#BED975
77,46,85,#BDD975
78,46,85,#BBD975
79,46,85,#B9D975
80,46,85,#B8D975
81,46,85,#B6D975
82,46,85,#B4D975
83,46,85,#B3D975
84,46,85,#B1D975
85,46,85,#AFD975
86,46,85,#AED975
87,46,85,#ACD975
88,46,85,#AAD975
89,46,85,#A9D975
90,46,85,#A7D975
91,46,85,#A5D975
92,46,85,#A4D975
93,46,85,#A2D975
94,46,85,#A0D975
95,46,85,#9FD975
96,46,85,#9DD975
97,46,85,#9BD975
98,46,85,#9AD975
99,46,85,#98D975
100,46,85,#96D975
101,46,85,#95D975
102,46,85,#93D975
103,46,85,#91D975
104,46,85,#90D975
105,46,85,#8ED975
106,46,85,#8CD975
107,46,85,#8BD975
108,46,85,#89D975
109,46,85,#87D975
110,46,85,#86D975
111,46,85,#84D975
112,46,85,#82D975
113,46,85,#81D975
114,46,85,#7FD975
115,46,85,#7DD975
116,46,85,#7CD975
117,46,85,#7AD975
118,46,85,#78D975
119,46,85,#77D975
120,46,85,#75D975
121,46,85,#75D977
122,46,85,#75D978
123,46,85,#75D97A
124,46,85,#75D97C
125,46,85,#75D97D
126,46,85,#75D97F
127,46,85,#75D981
128,46,85,#75D982
129,46,85,#75D984
130,46,85,#75D986
131,46,85,#75D987
132,46,85,#75D989
133,46,85,#75D98B
134,46,85,#75D98C
135,46,85,#75D98E
136,46,85,#75D990
137,46,85,#75D991
138,46,85,#75D993
139,46,85,#75D995
140,46,85,#75D996
141,46,85,#75D998
142,46,85,#75D99A
143,46,85,#75D99B
144,46,85,#75D99D
145,46,85,#75D99F
146,46,85,#75D9A0
147,46,85,#75D9A2
148,46,85,#75D9A4
149,46,85,#75D9A5
150,46,85,#75D9A7
151,46,85,#75D9A9
152,46,85,#75D9AA
153,46,85,#75D9AC
154,46,85,#75D9AE
155,46,85,#75D9AF
156,46,85,#75D9B1
157,46,85,#75D9B3
158,46,85,#75D9B4
159,46,85,#75D9B6
160,46,85,#75D9B8
161,46,85,#75D9B9
162,46,85,#75D9BB
163,46,85,#75D9BD
164,46,85,#75D9BE
165,46,85,#75D9C0
166,46,85,#75D9C1
167,46,85,#75D9C3
168,46,85,#75D9C5
169,46,85,#75D9C6
170,46,85,#75D9C8
171,46,85,#75D9CA
172,46,85,#75D9CB
173,46,85,#75D9CD
174,46,85,#75D9CF
175,46,85,#75D9D0
176,46,85,#75D9D2
177,46,85,#75D9D4
178,46,85,#75D9D5
179,46,85,#75D9D7
180,46,85,#75D9D9
181,46,85,#75D7D9
182,46,85,#75D5D9
183,46,85,#75D4D9
184,46,85,#75D2D9
185,46,85,#75D0D9
186,46,85,#75CFD9
187,46,85,#75CDD9
188,46,85,#75CBD9
189,46,85,#75CAD9
190,46,85,#75C8D9
191,46,85,#75C6D9
192,46,85,#75C5D9
193,46,85,#75C3D9
194,46,85,#75C1D9
195,46,85,#75C0D9
196,46,85,#75BED9
197,46,85,#75BDD9
198,46,85,#75BBD9
199,46,85,#75B9D9
200,46,85,#75B8D9
201,46,85,#75B6D9
202,46,85,#75B4D9
203,46,85,#75B3D9
204,46,85,#75B1D9
205,46,85,#75AFD9
206,46,85,#75AED9
207,46,85,#75ACD9
208,46,85,#75AAD9
209,46,85,#75A9D9
210,46,85,#75A7D9
211,46,85,#75A5D9
212,46,85,#75A4D9
213,46,85,#75A2D9
214,46,85,#75A0D9
215,46,85,#759FD9
216,46,85,#759DD9
217,46,85,#759BD9
218,46,85,#759AD9
219,46,85,#7598D9
220,46,85,#7596D9
221,46,85,#7595D9
222,46,85,#7593D9
223,46,85,#7591D9
224,46,85,#7590D9
225,46,85,#758ED9
226,46,85,#758CD9
227,46,85,#758BD9
228,46,85,#7589D9
229,46,85,#7587D9
230,46,85,#7586D9
231,46,85,#7584D9
232,46,85,#7582D9
233,46,85,#7581D9
234,46,85,#757FD9
235,46,85,#757DD9
236,46,85,#757CD9
237,46,85,#757AD9
238,46,85,#7578D9
239,46,85,#7577D9
240,46,85,#7575D9
241,46,85,#7775D9
242,46,85,#7875D9
243,46,85,#7A75D9
244,46,85,#7C75D9
245,46,85,#7D75D9
246,46,85,#7F75D9
247,46,85,#8175D9
248,46,85,#8275D9
249,46,85,#8475D9
250,46,85,#8675D9
251,46,85,#8775D9
252,46,85,#8975D9
253,46,85,#8B75D9
254,46,85,#8C75D9
255,46,85,#8E75D9
256,46,85,#9075D9
257,46,85,#9175D9
258,46,85,#9375D9
259,46,85,#9575D9
260,46,85,#9675D9
261,46,85,#9875D9
262,46,85,#9A75D9
263,46,85,#9B75D9
264,46,85,#9D75D9
265,46,85,#9F75D9
266,46,85,#A075D9
267,46,85,#A275D9
268,46,85,#A475D9
269,46,85,#A575D9
270,46,85,#A775D9
271,46,85,#A975D9
272,46,85,#AA75D9
273,46,85,#AC75D9
274,46,85,#AE75D9
275,46,85,#AF75D9
276,46,85,#B175D9
277,46,85,#B375D9
278,46,85,#B475D9
279,46,85,#B675D9
280,46,85,#B875D9
281,46,85,#B975D9
282,46,85,#BB75D9
283,46,85,#BD75D9
284,46,85,#BE75D9
285,46,85,#C075D9
286,46,85,#C175D9
287,46,85,#C375D9
288,46,85,#C575D9
289,46,85,#C675D9
290,46,85,#C875D9
291,46,85,#CA75D9
292,46,85,#CB75D9
293,46,85,#CD75D9
294,46,85,#CF75D9
295,46,85,#D075D9
296,46,85,#D275D9
297,46,85,#D475D9
298,46,85,#D575D9
299,46,85,#D775D9
300,46,85,#D975D9
301,46,85,#D975D7
302,46,85,#D975D5
303,46,85,#D975D4
304,46,85,#D975D2
305,46,85,#D975D0
306,46,85,#D975CF
307,46,85,#D975CD
308,46,85,#D975CB
309,46,85,#D975CA
310,46,85,#D975C8
311,46,85,#D975C6
312,46,85,#D975C5
313,46,85,#D975C3
314,46,85,#D975C1
315,46,85,#D975C0
316,46,85,#D975BE
317,46,85,#D975BD
318,46,85,#D975BB
319,46,85,#D975B9
320,46,85,#D975B8
321,46,85,#D975B6
322,46,85,#D975B4
323,46,85,#D975B3
324,46,85,#D975B1
325,46,85,#D975AF
326,46,85,#D975AE
327,46,85,#D975AC
328,46,85,#D975AA
329,46,85,#D975A9
330,46,85,#D975A7
331,46,85,#D975A5
332,46,85,#D975A4
333,46,85,#D975A2
334,46,85,#D975A0
335,46,85,#D9759F
336,46,85,#D9759D
337,46,85,#D9759B
338,46,85,#D9759A
339,46,85,#D97598
340,46,85,#D97596
341,46,85,#D97595
342,46,85,#D97593
343,46,85,#D97591
344,46,85,#D97590
345,46,85,#D9758E
346,46,85,#D9758C
347,46,85,#D9758B
348,46,85,#D97589
349,46,85,#D97587
350,46,85,#D97586
351,46,85,#D97584
352,46,85,#D97582
353,46,85,#D97581
354,46,85,#D9757F
355,46,85,#D9757D
356,46,85,#D9757C
357,46,85,#D9757A
358,46,85,#D97578
359,46,85,#D97577
0,45,85,#D97777
1,45,85,#D97977
2,45,85,#D97A77
3,45,85,#D97C77
4,45,85,#D97E77
5,45,85,#D97F77
6,45,85,#D98177
7,45,85,#D98377
8,45,85,#D98477
9,45,85,#D98677
10,45,85,#D98777
11,45,85,#D98977
12,45,85,#D98B77
13,45,85,#D98C77
14,45,85,#D98E77
15,45,85,#D99077
16,45,85,#D99177
17,45,85,#D99377
18,45,85,#D99477
19,45,85,#D99677
20,45,85,#D99877
21,45,85,#D99977
22,45,85,#D99B77
23,45,85,#D99D77
24,45,85,#D99E77
25,45,85,#D9A077
26,45,85,#D9A177
27,45,85,#D9A377
28,45,85,#D9A577
29,45,85,#D9A677
30,45,85,#D9A877
31,45,85,#D9AA77
32,45,85,#D9AB77
33,45,85,#D9AD77
34,45,85,#D9AE77
35,45,85,#D9B077
36,45,85,#D9B277
37,45,85,#D9B377
38,45,85,#D9B577
39,45,85,#D9B777
40,45,85,#D9B877
41,45,85,#D9BA77
42,45,85,#D9BB77
43,45,85,#D9BD77
44,45,85,#D9BF77
45,45,85,#D9C077
46,45,85,#D9C277
47,45,85,#D9C477
48,45,85,#D9C577
49,45,85,#D9C777
50,45,85,#D9C877
51,45,85,#D9CA77
52,45,85,#D9CC77
53,45,85,#D9CD77
54,45,85,#D9CF77
55,45,85,#D9D177
56,45,85,#D9D277
57,45,85,#D9D477
58,45,85,#D9D577
59,45,85,#D9D777
60,45,85,#D9D977
61,45,85,#D7D977
62,45,85,#D5D977
63,45,85,#D4D977
64,45,85,#D2D977
65,45,85,#D1D977
66,45,85,#CFD977
67,45,85,#CDD977
68,45,85,#CCD977
69,45,85,#CAD977
70,45,85,#C8D977
71,45,85,#C7D977
72,45,85,#C5D977
73,45,85,#C4D977
74,45,85,#C2D977
75,45,85,#C0D977
76,45,85,#BFD977
77,45,85,#BDD977
78,45,85,#BBD977
79,45,85,#BAD977
80,45,85,#B8D977
81,45,85,#B7D977
82,45,85,#B5D977
83,45,85,#B3D977
84,45,85,#B2D977
85,45,85,#B0D977
86,45,85,#AED977
87,45,85,#ADD977
88,45,85,#ABD977
89,45,85,#AAD977
90,45,85,#A8D977
91,45,85,#A6D977
92,45,85,#A5D977
93,45,85,#A3D977
94,45,85,#A1D977
95,45,85,#A0D977
96,45,85,#9ED977
97,45,85,#9DD977
98,45,85,#9BD977
99,45,85,#99D977
100,45,85,#98D977
101,45,85,#96D977
102,45,85,#94D977
103,45,85,#93D977
104,45,85,#91D977
105,45,85,#90D977
106,45,85,#8ED977
107,45,85,#8CD977
108,45,85,#8BD977
109,45,85,#89D977
110,45,85,#87D977
111,45,85,#86D977
112,45,85,#84D977
113,45,85,#83D977
114,45,85,#81D977
115,45,85,#7FD977
116,45,85,#7ED977
117,45,85,#7CD977
118,45,85,#7AD977
119,45,85,#79D977
120,45,85,#77D977
121,45,85,#77D979
122,45,85,#77D97A
123,45,85,#77D97C
124,45,85,#77D97E
125,45,85,#77D97F
126,45,85,#77D981
127,45,85,#77D983
128,45,85,#77D984
129,45,85,#77D986
130,45,85,#77D987
131,45,85,#77D989
132,45,85,#77D98B
133,45,85,#77D98C
134,45,85,#77D98E
135,45,85,#77D990
136,45,85,#77D991
137,45,85,#77D993
138,45,85,#77D994
139,45,85,#77D996
140,45,85,#77D998
141,45,85,#77D999
142,45,85,#77D99B
143,45,85,#77D99D
144,45,85,#77D99E
145,45,85,#77D9A0
146,45,85,#77D9A1
147,45,85,#77D9A3
148,45,85,#77D9A5
149,45,85,#77D9A6
150,45,85,#77D9A8
151,45,85,#77D9AA
152,45,85,#77D9AB
153,45,85,#77D9AD
154,45,85,#77D9AE
155,45,85,#77D9B0
156,45,85,#77D9B2
157,45,85,#77D9B3
158,45,85,#77D9B5
159,45,85,#77D9B7
160,45,85,#77D9B8
161,45,85,#77D9BA
162,45,85,#77D9BB
163,45,85,#77D9BD
164,45,85,#77D9BF
165,45,85,#77D9C0
166,45,85,#77D9C2
167,45,85,#77D9C4
168,45,85,#77D9C5
169,45,85,#77D9C7
170,45,85,#77D9C8
171,45,85,#77D9CA
172,45,85,#77D9CC
173,45,85,#77D9CD
174,45,85,#77D9CF
175,45,85,#77D9D1
176,45,85,#77D9D2
177,45,85,#77D9D4
178,45,85,#77D9D5
179,45,85,#77D9D7
180,45,85,#77D9D9
181,45,85,#77D7D9
182,45,85,#77D5D9
183,45,85,#77D4D9
184,45,85,#77D2D9
185,45,85,#77D1D9
186,45,85,#77CFD9
187,45,85,#77CDD9
188,45,85,#77CCD9
189,45,85,#77CAD9
190,45,85,#77C8D9
191,45,85,#77C7D9
192,45,85,#77C5D9
193,45,85,#77C4D9
194,45,85,#77C2D9
195,45,85,#77C0D9
196,45,85,#77BFD9
197,45,85,#77BDD9
198,45,85,#77BBD9
199,45,85,#77BAD9
200,45,85,#77B8D9
201,45,85,#77B7D9
202,45,85,#77B5D9
203,45,85,#77B3D9
204,45,85,#77B2D9
205,45,85,#77B0D9
206,45,85,#77AED9
207,45,85,#77ADD9
208,45,85,#77ABD9
209,45,85,#77AAD9
210,45,85,#77A8D9
211,45,85,#77A6D9
212,45,85,#77A5D9
213,45,85,#77A3D9
214,45,85,#77A1D9
215,45,85,#77A0D9
216,45,85,#779ED9
217,45,85,#779DD9
218,45,85,#779BD9
219,45,85,#7799D9
220,45,85,#7798D9
221,45,85,#7796D9
222,45,85,#7794D9
223,45,85,#7793D9
224,45,85,#7791D9
225,45,85,#7790D9
226,45,85,#778ED9
227,45,85,#778CD9
228,45,85,#778BD9
229,45,85,#7789D9
230,45,85,#7787D9
231,45,85,#7786D9
232,45,85,#7784D9
233,45,85,#7783D9
234,45,85,#7781D9
235,45,85,#777FD9
236,45,85,#777ED9
237,45,85,#777CD9
238,45,85,#777AD9
239,45,85,#7779D9
240,45,85,#7777D9
241,45,85,#7977D9
242,45,85,#7A77D9
243,45,85,#7C77D9
244,45,85,#7E77D9
245,45,85,#7F77D9
246,45,85,#8177D9
247,45,85,#8377D9
248,45,85,#8477D9
249,45,85,#8677D9
250,45,85,#8777D9
251,45,85,#8977D9
252,45,85,#8B77D9
253,45,85,#8C77D9
254,45,85,#8E77D9
255,45,85,#9077D9
256,45,85,#9177D9
257,45,85,#9377D9
258,45,85,#9477D9
259,45,85,#9677D9
260,45,85,#9877D9
261,45,85,#9977D9
262,45,85,#9B77D9
263,45,85,#9D77D9
264,45,85,#9E77D9
265,45,85,#A077D9
266,45,85,#A177D9
267,45,85,#A377D9
268,45,85,#A577D9
269,45,85,#A677D9
270,45,85,#A877D9
271,45,85,#AA77D9
272,45,85,#AB77D9
273,45,85,#AD77D9
274,45,85,#AE77D9
275,45,85,#B077D9
276,45,85,#B277D9
277,45,85,#B377D9
278,45,85,#B577D9
279,45,85,#B777D9
280,45,85,#B877D9
281,45,85,#BA77D9
282,45,85,#BB77D9
283,45,85,#BD77D9
284,45,85,#BF77D9
285,45,85,#C077D9
286,45,85,#C277D9
287,45,85,#C477D9
288,45,85,#C577D9
289,45,85,#C777D9
290,45,85,#C877D9
291,45,85,#CA77D9
292,45,85,#CC77D9
293,45,85,#CD77D9
294,45,85,#CF77D9
295,45,85,#D177D9
296,45,85,#D277D9
297,45,85,#D477D9
298,45,85,#D577D9
299,45,85,#D777D9
300,45,85,#D977D9
301,45,85,#D977D7
302,45,85,#D977D5
303,45,85,#D977D4
304,45,85,#D977D2
305,45,85,#D977D1
306,45,85,#D977CF
307,45,85,#D977CD
308,45,85,#D977CC
309,45,85,#D977CA
310,45,85,#D977C8
311,45,85,#D977C7
312,45,85,#D977C5
313,45,85,#D977C4
314,45,85,#D977C2
315,45,85,#D977C0
316,45,85,#D977BF
317,45,85,#D977BD
318,45,85,#D977BB
319,45,85,#D977BA
320,45,85,#D977B8
321,45,85,#D977B7
322,45,85,#D977B5
323,45,85,#D977B3
324,45,85,#D977B2
325,45,85,#D977B0
326,45,85,#D977AE
327,45,85,#D977AD
328,45,85,#D977AB
329,45,85,#D977AA
330,45,85,#D977A8
331,45,85,#D977A6
332,45,85,#D977A5
333,45,85,#D977A3
334,45,85,#D977A1
335,45,85,#D977A0
336,45,85,#D9779E
337,45,85,#D9779D
338,45,85,#D9779B
339,45,85,#D97799
340,45,85,#D97798
341,45,85,#D97796
342,45,85,#D97794
343,45,85,#D97793
344,45,85,#D97791
345,45,85,#D97790
346,45,85,#D9778E
347,45,85,#D9778C
348,45,85,#D9778B
349,45,85,#D97789
350,45,85,#D97787
351,45,85,#D97786
352,45,85,#D97784
353,45,85,#D97783
354,45,85,#D97781
355,45,85,#D9777F
356,45,85,#D9777E
357,45,85,#D9777C
358,45,85,#D9777A
359,45,85,#D97779
0,44,85,#D97979
1,44,85,#D97B79
2,44,85,#D97D79
3,44,85,#D97E79
4,44,85,#D98079
5,44,85,#D98179
6,44,85,#D98379
7,44,85,#D98579
8,44,85,#D98679
9,44,85,#D98879
10,44,85,#D98979
11,44,85,#D98B79
12,44,85,#D98C79
13,44,85,#D98E79
14,44,85,#D99079
15,44,85,#D99179
16,44,85,#D99379
17,44,85,#D99479
18,44,85,#D99679
19,44,85,#D99879
20,44,85,#D99979
21,44,85,#D99B79
22,44,85,#D99C79
23,44,85,#D99E79
24,44,85,#D9A079
25,44,85,#D9A179
26,44,85,#D9A379
27,44,85,#D9A479
28,44,85,#D9A679
29,44,85,#D9A779
30,44,85,#D9A979
31,44,85,#D9AB79
32,44,85,#D9AC79
33,44,85,#D9AE79
34,44,85,#D9AF79
35,44,85,#D9B179
36,44,85,#D9B379
37,44,85,#D9B479
38,44,85,#D9B679
39,44,85,#D9B779
40,44,85,#D9B979
41,44,85,#D9BB79
42,44,85,#D9BC79
43,44,85,#D9BE79
44,44,85,#D9BF79
45,44,85,#D9C179
46,44,85,#D9C279
47,44,85,#D9C479
48,44,85,#D9C679
49,44,85,#D9C779
50,44,85,#D9C979
51,44,85,#D9CA79
52,44,85,#D9CC79
53,44,85,#D9CE79
54,44,85,#D9CF79
55,44,85,#D9D179
56,44,85,#D9D279
57,44,85,#D9D479
58,44,85,#D9D679
59,44,85,#D9D779
60,44,85,#D9D979
61,44,85,#D7D979
62,44,85,#D6D979
63,44,85,#D4D979
64,44,85,#D2D979
65,44,85,#D1D979
66,44,85,#CFD979
67,44,85,#CED979
68,44,85,#CCD979
69,44,85,#CAD979
70,44,85,#C9D979
71,44,85,#C7D979
72,44,85,#C6D979
73,44,85,#C4D979
74,44,85,#C2D979
75,44,85,#C1D979
76,44,85,#BFD979
77,44,85,#BED979
78,44,85,#BCD979
79,44,85,#BBD979
80,44,85,#B9D979
81,44,85,#B7D979
82,44,85,#B6D979
83,44,85,#B4D979
84,44,85,#B3D979
85,44,85,#B1D979
86,44,85,#AFD979
87,44,85,#AED979
88,44,85,#ACD979
89,44,85,#ABD979
90,44,85,#A9D979
91,44,85,#A7D979
92,44,85,#A6D979
93,44,85,#A4D979
94,44,85,#A3D979
95,44,85,#A1D979
96,44,85,#A0D979
97,44,85,#9ED979
98,44,85,#9CD979
99,44,85,#9BD979
100,44,85,#99D979
101,44,85,#98D979
102,44,85,#96D979
103,44,85,#94D979
104,44,85,#93D979
105,44,85,#91D979
106,44,85,#90D979
107,44,85,#8ED979
108,44,85,#8CD979
109,44,85,#8BD979
110,44,85,#89D979
111,44,85,#88D979
112,44,85,#86D979
113,44,85,#85D979
114,44,85,#83D979
115,44,85,#81D979
116,44,85,#80D979
117,44,85,#7ED979
118,44,85,#7DD979
119,44,85,#7BD979
120,44,85,#79D979
121,44,85,#79D97B
122,44,85,#79D97D
123,44,85,#79D97E
124,44,85,#79D980
125,44,85,#79D981
126,44,85,#79D983
127,44,85,#79D985
128,44,85,#79D986
129,44,85,#79D988
130,44,85,#79D989
131,44,85,#79D98B
132,44,85,#79D98C
133,44,85,#79D98E
134,44,85,#79D990
135,44,85,#79D991
136,44,85,#79D993
137,44,85,#79D994
138,44,85,#79D996
139,44,85,#79D998
140,44,85,#79D999
141,44,85,#79D99B
142,44,85,#79D99C
143,44,85,#79D99E
144,44,85,#79D9A0
145,44,85,#79D9A1
146,44,85,#79D9A3
147,44,85,#79D9A4
148,44,85,#79D9A6
149,44,85,#79D9A7
150,44,85,#79D9A9
151,44,85,#79D9AB
152,44,85,#79D9AC
153,44,85,#79D9AE
154,44,85,#79D9AF
155,44,85,#79D9B1
156,44,85,#79D9B3
157,44,85,#79D9B4
158,44,85,#79D9B6
159,44,85,#79D9B7
160,44,85,#79D9B9
161,44,85,#79D9BB
162,44,85,#79D9BC
163,44,85,#79D9BE
164,44,85,#79D9BF
165,44,85,#79D9C1
166,44,85,#79D9C2
167,44,85,#79D9C4
168,44,85,#79D9C6
169,44,85,#79D9C7
170,44,85,#79D9C9
171,44,85,#79D9CA
172,44,85,#79D9CC
173,44,85,#79D9CE
174,44,85,#79D9CF
175,44,85,#79D9D1
176,44,85,#79D9D2
177,44,85,#79D9D4
178,44,85,#79D9D6
179,44,85,#79D9D7
180,44,85,#79D9D9
181,44,85,#79D7D9
182,44,85,#79D6D9
183,44,85,#79D4D9
184,44,85,#79D2D9
185,44,85,#79D1D9
186,44,85,#79CFD9
187,44,85,#79CED9
188,44,85,#79CCD9
189,44,85,#79CAD9
190,44,85,#79C9D9
191,44,85,#79C7D9
192,44,85,#79C6D9
193,44,85,#79C4D9
194,44,85,#79C2D9
195,44,85,#79C1D9
196,44,85,#79BFD9
197,44,85,#79BED9
198,44,85,#79BCD9
199,44,85,#79BBD9
200,44,85,#79B9D9
201,44,85,#79B7D9
202,44,85,#79B6D9
203,44,85,#79B4D9
204,44,85,#79B3D9
205,44,85,#79B1D9
206,44,85,#79AFD9
207,44,85,#79AED9
208,44,85,#79ACD9
209,44,85,#79ABD9
210,44,85,#79A9D9
211,44,85,#79A7D9
212,44,85,#79A6D9
213,44,85,#79A4D9
214,44,85,#79A3D9
215,44,85,#79A1D9
216,44,85,#79A0D9
217,44,85,#799ED9
218,44,85,#799CD9
219,44,85,#799BD9
220,44,85,#7999D9
221,44,85,#7998D9
222,44,85,#7996D9
223,44,85,#7994D9
224,44,85,#7993D9
225,44,85,#7991D9
226,44,85,#7990D9
227,44,85,#798ED9
228,44,85,#798CD9
229,44,85,#798BD9
230,44,85,#7989D9
231,44,85,#7988D9
232,44,85,#7986D9
233,44,85,#7985D9
234,44,85,#7983D9
235,44,85,#7981D9
236,44,85,#7980D9
237,44,85,#797ED9
238,44,85,#797DD9
239,44,85,#797BD9
240,44,85,#7979D9
241,44,85,#7B79D9
242,44,85,#7D79D9
243,44,85,#7E79D9
244,44,85,#8079D9
245,44,85,#8179D9
246,44,85,#8379D9
247,44,85,#8579D9
248,44,85,#8679D9
249,44,85,#8879D9
250,44,85,#8979D9
251,44,85,#8B79D9
252,44,85,#8C79D9
253,44,85,#8E79D9
254,44,85,#9079D9
255,44,85,#9179D9
256,44,85,#9379D9
257,44,85,#9479D9
258,44,85,#9679D9
259,44,85,#9879D9
260,44,85,#9979D9
261,44,85,#9B79D9
262,44,85,#9C79D9
263,44,85,#9E79D9
264,44,85,#A079D9
265,44,85,#A179D9
266,44,85,#A379D9
267,44,85,#A479D9
268,44,85,#A679D9
269,44,85,#A779D9
270,44,85,#A979D9
271,44,85,#AB79D9
272,44,85,#AC79D9
273,44,85,#AE79D9
274,44,85,#AF79D9
275,44,85,#B179D9
276,44,85,#B379D9
277,44,85,#B479D9
278,44,85,#B679D9
279,44,85,#B779D9
280,44,85,#B979D9
281,44,85,#BB79D9
282,44,85,#BC79D9
283,44,85,#BE79D9
284,44,85,#BF79D9
285,44,85,#C179D9
286,44,85,#C279D9
287,44,85,#C479D9
288,44,85,#C679D9
289,44,85,#C779D9
290,44,85,#C979D9
291,44,85,#CA79D9
292,44,85,#CC79D9
293,44,85,#CE79D9
294,44,85,#CF79D9
295,44,85,#D179D9
296,44,85,#D279D9
297,44,85,#D479D9
298,44,85,#D679D9
299,44,85,#D779D9
300,44,85,#D979D9
301,44,85,#D979D7
302,44,85,#D979D6
303,44,85,#D979D4
304,44,85,#D979D2
305,44,85,#D979D1
306,44,85,#D979CF
307,44,85,#D979CE
308,44,85,#D979CC
309,44,85,#D979CA
310,44,85,#D979C9
311,44,85,#D979C7
312,44,85,#D979C6
313,44,85,#D979C4
314,44,85,#D979C2
315,44,85,#D979C1
316,44,85,#D979BF
317,44,85,#D979BE
318,44,85,#D979BC
319,44,85,#D979BB
320,44,85,#D979B9
321,44,85,#D979B7
322,44,85,#D979B6
323,44,85,#D979B4
324,44,85,#D979B3
325,44,85,#D979B1
326,44,85,#D979AF
327,44,85,#D979AE
328,44,85,#D979AC
329,44,85,#D979AB
330,44,85,#D979A9
331,44,85,#D979A7
332,44,85,#D979A6
333,44,85,#D979A4
334,44,85,#D979A3
335,44,85,#D979A1
336,44,85,#D979A0
337,44,85,#D9799E
338,44,85,#D9799C
339,44,85,#D9799B
340,44,85,#D97999
341,44,85,#D97998
342,44,85,#D97996
343,44,85,#D97994
344,44,85,#D97993
345,44,85,#D97991
346,44,85,#D97990
347,44,85,#D9798E
348,44,85,#D9798C
349,44,85,#D9798B
350,44,85,#D97989
351,44,85,#D97988
352,44,85,#D97986
353,44,85,#D97985
354,44,85,#D97983
355,44,85,#D97981
356,44,85,#D97980
357,44,85,#D9797E
358,44,85,#D9797D
359,44,85,#D9797B
0,43,85,#D97C7C
1,43,85,#D97D7C
2,43,85,#D97F7C
3,43,85,#D9807C
4,43,85,#D9827C
5,43,85,#D9837C
6,43,85,#D9857C
7,43,85,#D9867C
8,43,85,#D9887C
9,43,85,#D98A7C
10,43,85,#D98B7C
11,43,85,#D98D7C
12,43,85,#D98E7C
13,43,85,#D9907C
14,43,85,#D9917C
15,43,85,#D9937C
16,43,85,#D9947C
17,43,85,#D9967C
18,43,85,#D9987C
19,43,85,#D9997C
20,43,85,#D99B7C
21,43,85,#D99C7C
22,43,85,#D99E7C
23,43,85,#D99F7C
24,43,85,#D9A17C
25,43,85,#D9A27C
26,43,85,#D9A47C
27,43,85,#D9A57C
28,43,85,#D9A77C
29,43,85,#D9A97C
30,43,85,#D9AA7C
31,43,85,#D9AC7C
32,43,85,#D9AD7C
33,43,85,#D9AF7C
34,43,85,#D9B07C
35,43,85,#D9B27C
36,43,85,#D9B37C
37,43,85,#D9B57C
38,43,85,#D9B77C
39,43,85,#D9B87C
40,43,85,#D9BA7C
41,43,85,#D9BB7C
42,43,85,#D9BD7C
43,43,85,#D9BE7C
44,43,85,#D9C07C
45,43,85,#D9C17C
46,43,85,#D9C37C
47,43,85,#D9C57C
48,43,85,#D9C67C
49,43,85,#D9C87C
50,43,85,#D9C97C
51,43,85,#D9CB7C
52,43,85,#D9CC7C
53,43,85,#D9CE7C
54,43,85,#D9CF7C
55,43,85,#D9D17C
56,43,85,#D9D37C
57,43,85,#D9D47C
58,43,85,#D9D67C
59,43,85,#D9D77C
60,43,85,#D9D97C
61,43,85,#D7D97C
62,43,85,#D6D97C
63,43,85,#D4D97C
64,43,85,#D3D97C
65,43,85,#D1D97C
66,43,85,#CFD97C
67,43,85,#CED97C
68,43,85,#CCD97C
69,43,85,#CBD97C
70,43,85,#C9D97C
71,43,85,#C8D97C
72,43,85,#C6D97C
73,43,85,#C5D97C
74,43,85,#C3D97C
75,43,85,#C1D97C
76,43,85,#C0D97C
77,43,85,#BED97C
78,43,85,#BDD97C
79,43,85,#BBD97C
80,43,85,#BAD97C
81,43,85,#B8D97C
82,43,85,#B7D97C
83,43,85,#B5D97C
84,43,85,#B3D97C
85,43,85,#B2D97C
86,43,85,#B0D97C
87,43,85,#AFD97C
88,43,85,#ADD97C
89,43,85,#ACD97C
90,43,85,#AAD97C
91,43,85,#A9D97C
92,43,85,#A7D97C
93,43,85,#A5D97C
94,43,85,#A4D97C
95,43,85,#A2D97C
96,43,85,#A1D97C
97,43,85,#9FD97C
98,43,85,#9ED97C
99,43,85,#9CD97C
100,43,85,#9BD97C
101,43,85,#99D97C
102,43,85,#98D97C
103,43,85,#96D97C
104,43,85,#94D97C
105,43,85,#93D97C
106,43,85,#91D97C
107,43,85,#90D97C
108,43,85,#8ED97C
109,43,85,#8DD97C
110,43,85,#8BD97C
111,43,85,#8AD97C
112,43,85,#88D97C
113,43,85,#86D97C
114,43,85,#85D97C
115,43,85,#83D97C
116,43,85,#82D97C
117,43,85,#80D97C
118,43,85,#7FD97C
119,43,85,#7DD97C
120,43,85,#7CD97C
121,43,85,#7CD97D
122,43,85,#7CD97F
123,43,85,#7CD980
124,43,85,#7CD982
125,43,85,#7CD983
126,43,85,#7CD985
127,43,85,#7CD986
128,43,85,#7CD988
129,43,85,#7CD98A
130,43,85,#7CD98B
131,43,85,#7CD98D
132,43,85,#7CD98E
133,43,85,#7CD990
134,43,85,#7CD991
135,43,85,#7CD993
136,43,85,#7CD994
137,43,85,#7CD996
138,43,85,#7CD998
139,43,85,#7CD999
140,43,85,#7CD99B
141,43,85,#7CD99C
142,43,85,#7CD99E
143,43,85,#7CD99F
144,43,85,#7CD9A1
145,43,85,#7CD9A2
146,43,85,#7CD9A4
147,43,85,#7CD9A5
148,43,85,#7CD9A7
149,43,85,#7CD9A9
150,43,85,#7CD9AA
151,43,85,#7CD9AC
152,43,85,#7CD9AD
153,43,85,#7CD9AF
154,43,85,#7CD9B0
155,43,85,#7CD9B2
156,43,85,#7CD9B3
157,43,85,#7CD9B5
158,43,85,#7CD9B7
159,43,85,#7CD9B8
160,43,85,#7CD9BA
161,43,85,#7CD9BB
162,43,85,#7CD9BD
163,43,85,#7CD9BE
164,43,85,#7CD9C0
165,43,85,#7CD9C1
166,43,85,#7CD9C3
167,43,85,#7CD9C5
168,43,85,#7CD9C6
169,43,85,#7CD9C8
170,43,85,#7CD9C9
171,43,85,#7CD9CB
172,43,85,#7CD9CC
173,43,85,#7CD9CE
174,43,85,#7CD9CF
175,43,85,#7CD9D1
176,43,85,#7CD9D3
177,43,85,#7CD9D4
178,43,85,#7CD9D6
179,43,85,#7CD9D7
180,43,85,#7CD9D9
181,43,85,#7CD7D9
182,43,85,#7CD6D9
183,43,85,#7CD4D9
184,43,85,#7CD3D9
185,43,85,#7CD1D9
186,43,85,#7CCFD9
187,43,85,#7CCED9
188,43,85,#7CCCD9
189,43,85,#7CCBD9
190,43,85,#7CC9D9
191,43,85,#7CC8D9
192,43,85,#7CC6D9
193,43,85,#7CC5D9
194,43,85,#7CC3D9
195,43,85,#7CC1D9
196,43,85,#7CC0D9
197,43,85,#7CBED9
198,43,85,#7CBDD9
199,43,85,#7CBBD9
200,43,85,#7CBAD9
201,43,85,#7CB8D9
202,43,85,#7CB7D9
203,43,85,#7CB5D9
204,43,85,#7CB3D9
205,43,85,#7CB2D9
206,43,85,#7CB0D9
207,43,85,#7CAFD9
208,43,85,#7CADD9
209,43,85,#7CACD9
210,43,85,#7CAAD9
211,43,85,#7CA9D9
212,43,85,#7CA7D9
213,43,85,#7CA5D9
214,43,85,#7CA4D9
215,43,85,#7CA2D9
216,43,85,#7CA1D9
217,43,85,#7C9FD9
218,43,85,#7C9ED9
219,43,85,#7C9CD9
220,43,85,#7C9BD9
221,43,85,#7C99D9
222,43,85,#7C98D9
223,43,85,#7C96D9
224,43,85,#7C94D9
225,43,85,#7C93D9
226,43,85,#7C91D9
227,43,85,#7C90D9
228,43,85,#7C8ED9
229,43,85,#7C8DD9
230,43,85,#7C8BD9
231,43,85,#7C8AD9
232,43,85,#7C88D9
233,43,85,#7C86D9
234,43,85,#7C85D9
235,43,85,#7C83D9
236,43,85,#7C82D9
237,43,85,#7C80D9
238,43,85,#7C7FD9
239,43,85,#7C7DD9
240,43,85,#7C7CD9
241,43,85,#7D7CD9
242,43,85,#7F7CD9
243,43,85,#807CD9
244,43,85,#827CD9
245,43,85,#837CD9
246,43,85,#857CD9
247,43,85,#867CD9
248,43,85,#887CD9
249,43,85,#8A7CD9
250,43,85,#8B7CD9
251,43,85,#8D7CD9
252,43,85,#8E7CD9
253,43,85,#907CD9
254,43,85,#917CD9
255,43,85,#937CD9
256,43,85,#947CD9
257,43,85,#967CD9
258,43,85,#987CD9
259,43,85,#997CD9
260,43,85,#9B7CD9
261,43,85,#9C7CD9
262,43,85,#9E7CD9
263,43,85,#9F7CD9
264,43,85,#A17CD9
265,43,85,#A27CD9
266,43,85,#A47CD9
267,43,85,#A57CD9
268,43,85,#A77CD9
269,43,85,#A97CD9
270,43,85,#AA7CD9
271,43,85,#AC7CD9
272,43,85,#AD7CD9
273,43,85,#AF7CD9
274,43,85,#B07CD9
275,43,85,#B27CD9
276,43,85,#B37CD9
277,43,85,#B57CD9
278,43,85,#B77CD9
279,43,85,#B87CD9
280,43,85,#BA7CD9
281,43,85,#BB7CD9
282,43,85,#BD7CD9
283,43,85,#BE7CD9
284,43,85,#C07CD9
285,43,85,#C17CD9
286,43,85,#C37CD9
287,43,85,#C57CD9
288,43,85,#C67CD9
289,43,85,#C87CD9
290,43,85,#C97CD9
291,43,85,#CB7CD9
292,43,85,#CC7CD9
293,43,85,#CE7CD9
294,43,85,#CF7CD9
295,43,85,#D17CD9
296,43,85,#D37CD9
297,43,85,#D47CD9
298,43,85,#D67CD9
299,43,85,#D77CD9
300,43,85,#D97CD9
301,43,85,#D97CD7
302,43,85,#D97CD6
303,43,85,#D97CD4
304,43,85,#D97CD3
305,43,85,#D97CD1
306,43,85,#D97CCF
307,43,85,#D97CCE
308,43,85,#D97CCC
309,43,85,#D97CCB
310,43,85,#D97CC9
311,43,85,#D97CC8
312,43,85,#D97CC6
313,43,85,#D97CC5
314,43,85,#D97CC3
315,43,85,#D97CC1
316,43,85,#D97CC0
317,43,85,#D97CBE
318,43,85,#D97CBD
319,43,85,#D97CBB
320,43,85,#D97CBA
321,43,85,#D97CB8
322,43,85,#D97CB7
323,43,85,#D97CB5
324,43,85,#D97CB3
325,43,85,#D97CB2
326,43,85,#D97CB0
327,43,85,#D97CAF
328,43,85,#D97CAD
329,43,85,#D97CAC
330,43,85,#D97CAA
331,43,85,#D97CA9
332,43,85,#D97CA7
333,43,85,#D97CA5
334,43,85,#D97CA4
335,43,85,#D97CA2
336,43,85,#D97CA1
337,43,85,#D97C9F
338,43,85,#D97C9E
339,43,85,#D97C9C
340,43,85,#D97C9B
341,43,85,#D97C99
342,43,85,#D97C98
343,43,85,#D97C96
344,43,85,#D97C94
345,43,85,#D97C93
346,43,85,#D97C91
347,43,85,#D97C90
348,43,85,#D97C8E
349,43,85,#D97C8D
350,43,85,#D97C8B
351,43,85,#D97C8A
352,43,85,#D97C88
353,43,85,#D97C86
354,43,85,#D97C85
355,43,85,#D97C83
356,43,85,#D97C82
357,43,85,#D97C80
358,43,85,#D97C7F
359,43,85,#D97C7D
0,42,85,#D97E7E
1,42,85,#D97F7E
2,42,85,#D9817E
3,42,85,#D9827E
4,42,85,#D9847E
5,42,85,#D9857E
6,42,85,#D9877E
7,42,85,#D9887E
8,42,85,#D98A7E
9,42,85,#D98B7E
10,42,85,#D98D7E
11,42,85,#D98E7E
12,42,85,#D9907E
13,42,85,#D9917E
14,42,85,#D9937E
15,42,85,#D9947E
16,42,85,#D9967E
17,42,85,#D9987E
18,42,85,#D9997E
19,42,85,#D99B7E
20,42,85,#D99C7E
21,42,85,#D99E7E
22,42,85,#D99F7E
23,42,85,#D9A17E
24,42,85,#D9A27E
25,42,85,#D9A47E
26,42,85,#D9A57E
27,42,85,#D9A77E
28,42,85,#D9A87E
29,42,85,#D9AA7E
30,42,85,#D9AB7E
31,42,85,#D9AD7E
32,42,85,#D9AE7E
33,42,85,#D9B07E
34,42,85,#D9B17E
35,42,85,#D9B37E
36,42,85,#D9B47E
37,42,85,#D9B67E
38,42,85,#D9B77E
39,42,85,#D9B97E
40,42,85,#D9BA7E
41,42,85,#D9BC7E
42,42,85,#D9BD7E
43,42,85,#D9BF7E
44,42,85,#D9C07E
45,42,85,#D9C27E
46,42,85,#D9C47E
47,42,85,#D9C57E
48,42,85,#D9C77E
49,42,85,#D9C87E
50,42,85,#D9CA7E
51,42,85,#D9CB7E
52,42,85,#D9CD7E
53,42,85,#D9CE7E
54,42,85,#D9D07E
55,42,85,#D9D17E
56,42,85,#D9D37E
57,42,85,#D9D47E
58,42,85,#D9D67E
59,42,85,#D9D77E
60,42,85,#D9D97E
61,42,85,#D7D97E
62,42,85,#D6D97E
63,42,85,#D4D97E
64,42,85,#D3D97E
65,42,85,#D1D97E
66,42,85,#D0D97E
67,42,85,#CED97E
68,42,85,#CDD97E
69,42,85,#CBD97E
70,42,85,#CAD97E
71,42,85,#C8D97E
72,42,85,#C7D97E
73,42,85,#C5D97E
74,42,85,#C4D97E
75,42,85,#C2D97E
76,42,85,#C0D97E
77,42,85,#BFD97E
78,42,85,#BDD97E
79,42,85,#BCD97E
80,42,85,#BAD97E
81,42,85,#B9D97E
82,42,85,#B7D97E
83,42,85,#B6D97E
84,42,85,#B4D97E
85,42,85,#B3D97E
86,42,85,#B1D97E
87,42,85,#B0D97E
88,42,85,#AED97E
89,42,85,#ADD97E
90,42,85,#ABD97E
91,42,85,#AAD97E
92,42,85,#A8D97E
93,42,85,#A7D97E
94,42,85,#A5D97E
95,42,85,#A4D97E
96,42,85,#A2D97E
97,42,85,#A1D97E
98,42,85,#9FD97E
99,42,85,#9ED97E
100,42,85,#9CD97E
101,42,85,#9BD97E
102,42,85,#99D97E
103,42,85,#98D97E
104,42,85,#96D97E
105,42,85,#94D97E
106,42,85,#93D97E
107,42,85,#91D97E
108,42,85,#90D97E
109,42,85,#8ED97E
110,42,85,#8DD97E
111,42,85,#8BD97E
112,42,85,#8AD97E
113,42,85,#88D97E
114,42,85,#87D97E
115,42,85,#85D97E
116,42,85,#84D97E
117,42,85,#82D97E
118,42,85,#81D97E
119,42,85,#7FD97E
120,42,85,#7ED97E
121,42,85,#7ED97F
122,42,85,#7ED981
123,42,85,#7ED982
124,42,85,#7ED984
125,42,85,#7ED985
126,42,85,#7ED987
127,42,85,#7ED988
128,42,85,#7ED98A
129,42,85,#7ED98B
130,42,85,#7ED98D
131,42,85,#7ED98E
132,42,85,#7ED990
133,42,85,#7ED991
134,42,85,#7ED993
135,42,85,#7ED994
136,42,85,#7ED996
137,42,85,#7ED998
138,42,85,#7ED999
139,42,85,#7ED99B
140,42,85,#7ED99C
141,42,85,#7ED99E
142,42,85,#7ED99F
143,42,85,#7ED9A1
144,42,85,#7ED9A2
145,42,85,#7ED9A4
146,42,85,#7ED9A5
147,42,85,#7ED9A7
148,42,85,#7ED9A8
149,42,85,#7ED9AA
150,42,85,#7ED9AB
151,42,85,#7ED9AD
152,42,85,#7ED9AE
153,42,85,#7ED9B0
154,42,85,#7ED9B1
155,42,85,#7ED9B3
156,42,85,#7ED9B4
157,42,85,#7ED9B6
158,42,85,#7ED9B7
159,42,85,#7ED9B9
160,42,85,#7ED9BA
161,42,85,#7ED9BC
162,42,85,#7ED9BD
163,42,85,#7ED9BF
164,42,85,#7ED9C0
165,42,85,#7ED9C2
166,42,85,#7ED9C4
167,42,85,#7ED9C5
168,42,85,#7ED9C7
169,42,85,#7ED9C8
170,42,85,#7ED9CA
171,42,85,#7ED9CB
172,42,85,#7ED9CD
173,42,85,#7ED9CE
174,42,85,#7ED9D0
175,42,85,#7ED9D1
176,42,85,#7ED9D3
177,42,85,#7ED9D4
178,42,85,#7ED9D6
179,42,85,#7ED9D7
180,42,85,#7ED9D9
181,42,85,#7ED7D9
182,42,85,#7ED6D9
183,42,85,#7ED4D9
184,42,85,#7ED3D9
185,42,85,#7ED1D9
186,42,85,#7ED0D9
187,42,85,#7ECED9
188,42,85,#7ECDD9
189,42,85,#7ECBD9
190,42,85,#7ECAD9
191,42,85,#7EC8D9
192,42,85,#7EC7D9
193,42,85,#7EC5D9
194,42,85,#7EC4D9
195,42,85,#7EC2D9
196,42,85,#7EC0D9
197,42,85,#7EBFD9
198,42,85,#7EBDD9
199,42,85,#7EBCD9
200,42,85,#7EBAD9
201,42,85,#7EB9D9
202,42,85,#7EB7D9
203,42,85,#7EB6D9
204,42,85,#7EB4D9
205,42,85,#7EB3D9
206,42,85,#7EB1D9
207,42,85,#7EB0D9
208,42,85,#7EAED9
209,42,85,#7EADD9
210,42,85,#7EABD9
211,42,85,#7EAAD9
212,42,85,#7EA8D9
213,42,85,#7EA7D9
214,42,85,#7EA5D9
215,42,85,#7EA4D9
216,42,85,#7EA2D9
217,42,85,#7EA1D9
218,42,85,#7E9FD9
219,42,85,#7E9ED9
220,42,85,#7E9CD9
221,42,85,#7E9BD9
222,42,85,#7E99D9
223,42,85,#7E98D9
224,42,85,#7E96D9
225,42,85,#7E94D9
226,42,85,#7E93D9
227,42,85,#7E91D9
228,42,85,#7E90D9
229,42,85,#7E8ED9
230,42,85,#7E8DD9
231,42,85,#7E8BD9
232,42,85,#7E8AD9
233,42,85,#7E88D9
234,42,85,#7E87D9
235,42,85,#7E85D9
236,42,85,#7E84D9
237,42,85,#7E82D9
238,42,85,#7E81D9
239,42,85,#7E7FD9
240,42,85,#7E7ED9
241,42,85,#7F7ED9
242,42,85,#817ED9
243,42,85,#827ED9
244,42,85,#847ED9
245,42,85,#857ED9
246,42,85,#877ED9
247,42,85,#887ED9
248,42,85,#8A7ED9
249,42,85,#8B7ED9
250,42,85,#8D7ED9
251,42,85,#8E7ED9
252,42,85,#907ED9
253,42,85,#917ED9
254,42,85,#937ED9
255,42,85,#947ED9
256,42,85,#967ED9
257,42,85,#987ED9
258,42,85,#997ED9
259,42,85,#9B7ED9
260,42,85,#9C7ED9
261,42,85,#9E7ED9
262,42,85,#9F7ED9
263,42,85,#A17ED9
264,42,85,#A27ED9
265,42,85,#A47ED9
266,42,85,#A57ED9
267,42,85,#A77ED9
268,42,85,#A87ED9
269,42,85,#AA7ED9
270,42,85,#AB7ED9
271,42,85,#AD7ED9
272,42,85,#AE7ED9
273,42,85,#B07ED9
274,42,85,#B17ED9
275,42,85,#B37ED9
276,42,85,#B47ED9
277,42,85,#B67ED9
278,42,85,#B77ED9
279,42,85,#B97ED9
280,42,85,#BA7ED9
281,42,85,#BC7ED9
282,42,85,#BD7ED9
283,42,85,#BF7ED9
284,42,85,#C07ED9
285,42,85,#C27ED9
286,42,85,#C47ED9
287,42,85,#C57ED9
288,42,85,#C77ED9
289,42,85,#C87ED9
290,42,85,#CA7ED9
291,42,85,#CB7ED9
292,42,85,#CD7ED9
293,42,85,#CE7ED9
294,42,85,#D07ED9
295,42,85,#D17ED9
296,42,85,#D37ED9
297,42,85,#D47ED9
298,42,85,#D67ED9
299,42,85,#D77ED9
300,42,85,#D97ED9
301,42,85,#D97ED7
302,42,85,#D97ED6
303,42,85,#D97ED4
304,42,85,#D97ED3
305,42,85,#D97ED1
306,42,85,#D97ED0
307,42,85,#D97ECE
308,42,85,#D97ECD
309,42,85,#D97ECB
310,42,85,#D97ECA
311,42,85,#D97EC8
312,42,85,#D97EC7
313,42,85,#D97EC5
314,42,85,#D97EC4
315,42,85,#D97EC2
316,42,85,#D97EC0
317,42,85,#D97EBF
318,42,85,#D97EBD
319,42,85,#D97EBC
320,42,85,#D97EBA
321,42,85,#D97EB9
322,42,85,#D97EB7
323,42,85,#D97EB6
324,42,85,#D97EB4
325,42,85,#D97EB3
326,42,85,#D97EB1
327,42,85,#D97EB0
328,42,85,#D97EAE
329,42,85,#D97EAD
330,42,85,#D97EAB
331,42,85,#D97EAA
332,42,85,#D97EA8
333,42,85,#D97EA7
334,42,85,#D97EA5
335,42,85,#D97EA4
336,42,85,#D97EA2
337,42,85,#D97EA1
338,42,85,#D97E9F
339,42,85,#D97E9E
340,42,85,#D97E9C
341,42,85,#D97E9B
342,42,85,#D97E99
343,42,85,#D97E98
344,42,85,#D97E96
345,42,85,#D97E94
346,42,85,#D97E93
347,42,85,#D97E91
348,42,85,#D97E90
349,42,85,#D97E8E
350,42,85,#D97E8D
351,42,85,#D97E8B
352,42,85,#D97E8A
353,42,85,#D97E88
354,42,85,#D97E87
355,42,85,#D97E85
356,42,85,#D97E84
357,42,85,#D97E82
358,42,85,#D97E81
359,42,85,#D97E7F
0,41,85,#D98080
1,41,85,#D98180
2,41,85,#D98380
3,41,85,#D98480
4,41,85,#D98680
5,41,85,#D98780
6,41,85,#D98980
7,41,85,#D98A80
8,41,85,#D98C80
9,41,85,#D98D80
10,41,85,#D98F80
11,41,85,#D99080
12,41,85,#D99280
13,41,85,#D99380
14,41,85,#D99580
15,41,85,#D99680
16,41,85,#D99880
17,41,85,#D99980
18,41,85,#D99B80
19,41,85,#D99C80
20,41,85,#D99E80
21,41,85,#D99F80
22,41,85,#D9A080
23,41,85,#D9A280
24,41,85,#D9A380
25,41,85,#D9A580
26,41,85,#D9A680
27,41,85,#D9A880
28,41,85,#D9A980
29,41,85,#D9AB80
30,41,85,#D9AC80
31,41,85,#D9AE80
32,41,85,#D9AF80
33,41,85,#D9B180
34,41,85,#D9B280
35,41,85,#D9B480
36,41,85,#D9B580
37,41,85,#D9B780
38,41,85,#D9B880
39,41,85,#D9BA80
40,41,85,#D9BB80
41,41,85,#D9BD80
42,41,85,#D9BE80
43,41,85,#D9C080
44,41,85,#D9C180
45,41,85,#D9C380
46,41,85,#D9C480
47,41,85,#D9C580
48,41,85,#D9C780
49,41,85,#D9C880
50,41,85,#D9CA80
51,41,85,#D9CB80
52,41,85,#D9CD80
53,41,85,#D9CE80
54,41,85,#D9D080
55,41,85,#D9D180
56,41,85,#D9D380
57,41,85,#D9D480
58,41,85,#D9D680
59,41,85,#D9D780
60,41,85,#D9D980
61,41,85,#D7D980
62,41,85,#D6D980
63,41,85,#D4D980
64,41,85,#D3D980
65,41,85,#D1D980
66,41,85,#D0D980
67,41,85,#CED980
68,41,85,#CDD980
69,41,85,#CBD980
70,41,85,#CAD980
71,41,85,#C8D980
72,41,85,#C7D980
73,41,85,#C5D980
74,41,85,#C4D980
75,41,85,#C3D980
76,41,85,#C1D980
77,41,85,#C0D980
78,41,85,#BED980
79,41,85,#BDD980
80,41,85,#BBD980
81,41,85,#BAD980
82,41,85,#B8D980
83,41,85,#B7D980
84,41,85,#B5D980
85,41,85,#B4D980
86,41,85,#B2D980
87,41,85,#B1D980
88,41,85,#AFD980
89,41,85,#AED980
90,41,85,#ACD980
91,41,85,#ABD980
92,41,85,#A9D980
93,41,85,#A8D980
94,41,85,#A6D980
95,41,85,#A5D980
96,41,85,#A3D980
97,41,85,#A2D980
98,41,85,#A0D980
99,41,85,#9FD980
100,41,85,#9ED980
101,41,85,#9CD980
102,41,85,#9BD980
103,41,85,#99D980
104,41,85,#98D980
105,41,85,#96D980
106,41,85,#95D980
107,41,85,#93D980
108,41,85,#92D980
109,41,85,#90D980
110,41,85,#8FD980
111,41,85,#8DD980
112,41,85,#8CD980
113,41,85,#8AD980
114,41,85,#89D980
115,41,85,#87D980
116,41,85,#86D980
117,41,85,#84D980
118,41,85,#83D980
119,41,85,#81D980
120,41,85,#80D980
121,41,85,#80D981
122,41,85,#80D983
123,41,85,#80D984
124,41,85,#80D986
125,41,85,#80D987
126,41,85,#80D989
127,41,85,#80D98A
128,41,85,#80D98C
129,41,85,#80D98D
130,41,85,#80D98F
131,41,85,#80D990
132,41,85,#80D992
133,41,85,#80D993
134,41,85,#80D995
135,41,85,#80D996
136,41,85,#80D998
137,41,85,#80D999
138,41,85,#80D99B
139,41,85,#80D99C
140,41,85,#80D99E
141,41,85,#80D99F
142,41,85,#80D9A0
143,41,85,#80D9A2
144,41,85,#80D9A3
145,41,85,#80D9A5
146,41,85,#80D9A6
147,41,85,#80D9A8
148,41,85,#80D9A9
149,41,85,#80D9AB
150,41,85,#80D9AC
151,41,85,#80D9AE
152,41,85,#80D9AF
153,41,85,#80D9B1
154,41,85,#80D9B2
155,41,85,#80D9B4
156,41,85,#80D9B5
157,41,85,#80D9B7
158,41,85,#80D9B8
159,41,85,#80D9BA
160,41,85,#80D9BB
161,41,85,#80D9BD
162,41,85,#80D9BE
163,41,85,#80D9C0
164,41,85,#80D9C1
165,41,85,#80D9C3
166,41,85,#80D9C4
167,41,85,#80D9C5
168,41,85,#80D9C7
169,41,85,#80D9C8
170,41,85,#80D9CA
171,41,85,#80D9CB
172,41,85,#80D9CD
173,41,85,#80D9CE
174,41,85,#80D9D0
175,41,85,#80D9D1
176,41,85,#80D9D3
177,41,85,#80D9D4
178,41,85,#80D9D6
179,41,85,#80D9D7
180,41,85,#80D9D9
181,41,85,#80D7D9
182,41,85,#80D6D9
183,41,85,#80D4D9
184,41,85,#80D3D9
185,41,85,#80D1D9
186,41,85,#80D0D9
187,41,85,#80CED9
188,41,85,#80CDD9
189,41,85,#80CBD9
190,41,85,#80CAD9
191,41,85,#80C8D9
192,41,85,#80C7D9
193,41,85,#80C5D9
194,41,85,#80C4D9
195,41,85,#80C3D9
196,41,85,#80C1D9
197,41,85,#80C0D9
198,41,85,#80BED9
199,41,85,#80BDD9
200,41,85,#80BBD9
201,41,85,#80BAD9
202,41,85,#80B8D9
203,41,85,#80B7D9
204,41,85,#80B5D9
205,41,85,#80B4D9
206,41,85,#80B2D9
207,41,85,#80B1D9
208,41,85,#80AFD9
209,41,85,#80AED9
210,41,85,#80ACD9
211,41,85,#80ABD9
212,41,85,#80A9D9
213,41,85,#80A8D9
214,41,85,#80A6D9
215,41,85,#80A5D9
216,41,85,#80A3D9
217,41,85,#80A2D9
218,41,85,#80A0D9
219,41,85,#809FD9
220,41,85,#809ED9
221,41,85,#809CD9
222,41,85,#809BD9
223,41,85,#8099D9
224,41,85,#8098D9
225,41,85,#8096D9
226,41,85,#8095D9
227,41,85,#8093D9
228,41,85,#8092D9
229,41,85,#8090D9
230,41,85,#808FD9
231,41,85,#808DD9
232,41,85,#808CD9
233,41,85,#808AD9
234,41,85,#8089D9
235,41,85,#8087D9
236,41,85,#8086D9
237,41,85,#8084D9
238,41,85,#8083D9
239,41,85,#8081D9
240,41,85,#8080D9
241,41,85,#8180D9
242,41,85,#8380D9
243,41,85,#8480D9
244,41,85,#8680D9
245,41,85,#8780D9
246,41,85,#8980D9
247,41,85,#8A80D9
248,41,85,#8C80D9
249,41,85,#8D80D9
250,41,85,#8F80D9
251,41,85,#9080D9
252,41,85,#9280D9
253,41,85,#9380D9
254,41,85,#9580D9
255,41,85,#9680D9
256,41,85,#9880D9
257,41,85,#9980D9
258,41,85,#9B80D9
259,41,85,#9C80D9
260,41,85,#9E80D9
261,41,85,#9F80D9
262,41,85,#A080D9
263,41,85,#A280D9
264,41,85,#A380D9
265,41,85,#A580D9
266,41,85,#A680D9
267,41,85,#A880D9
268,41,85,#A980D9
269,41,85,#AB80D9
270,41,85,#AC80D9
271,41,85,#AE80D9
272,41,85,#AF80D9
273,41,85,#B180D9
274,41,85,#B280D9
275,41,85,#B480D9
276,41,85,#B580D9
277,41,85,#B780D9
278,41,85,#B880D9
279,41,85,#BA80D9
280,41,85,#BB80D9
281,41,85,#BD80D9
282,41,85,#BE80D9
283,41,85,#C080D9
284,41,85,#C180D9
285,41,85,#C380D9
286,41,85,#C480D9
287,41,85,#C580D9
288,41,85,#C780D9
289,41,85,#C880D9
290,41,85,#CA80D9
291,41,85,#CB80D9
292,41,85,#CD80D9
293,41,85,#CE80D9
294,41,85,#D080D9
295,41,85,#D180D9
296,41,85,#D380D9
297,41,85,#D480D9
298,41,85,#D680D9
299,41,85,#D780D9
300,41,85,#D980D9
301,41,85,#D980D7
302,41,85,#D980D6
303,41,85,#D980D4
304,41,85,#D980D3
305,41,85,#D980D1
306,41,85,#D980D0
307,41,85,#D980CE
308,41,85,#D980CD
309,41,85,#D980CB
310,41,85,#D980CA
311,41,85,#D980C8
312,41,85,#D980C7
313,41,85,#D980C5
314,41,85,#D980C4
315,41,85,#D980C3
316,41,85,#D980C1
317,41,85,#D980C0
318,41,85,#D980BE
319,41,85,#D980BD
320,41,85,#D980BB
321,41,85,#D980BA
322,41,85,#D980B8
323,41,85,#D980B7
324,41,85,#D980B5
325,41,85,#D980B4
326,41,85,#D980B2
327,41,85,#D980B1
328,41,85,#D980AF
329,41,85,#D980AE
330,41,85,#D980AC
331,41,85,#D980AB
332,41,85,#D980A9
333,41,85,#D980A8
334,41,85,#D980A6
335,41,85,#D980A5
336,41,85,#D980A3
337,41,85,#D980A2
338,41,85,#D980A0
339,41,85,#D9809F
340,41,85,#D9809E
341,41,85,#D9809C
342,41,85,#D9809B
343,41,85,#D98099
344,41,85,#D98098
345,41,85,#D98096
346,41,85,#D98095
347,41,85,#D98093
348,41,85,#D98092
349,41,85,#D98090
350,41,85,#D9808F
351,41,85,#D9808D
352,41,85,#D9808C
353,41,85,#D9808A
354,41,85,#D98089
355,41,85,#D98087
356,41,85,#D98086
357,41,85,#D98084
358,41,85,#D98083
359,41,85,#D98081
0,40,85,#D98282
1,40,85,#D98382
2,40,85,#D98582
3,40,85,#D98682
4,40,85,#D98882
5,40,85,#D98982
6,40,85,#D98B82
7,40,85,#D98C82
8,40,85,#D98E82
9,40,85,#D98F82
10,40,85,#D99182
11,40,85,#D99282
12,40,85,#D99382
13,40,85,#D99582
14,40,85,#D99682
15,40,85,#D99882
16,40,85,#D99982
17,40,85,#D99B82
18,40,85,#D99C82
19,40,85,#D99E82
20,40,85,#D99F82
21,40,85,#D9A082
22,40,85,#D9A282
23,40,85,#D9A382
24,40,85,#D9A582
25,40,85,#D9A682
26,40,85,#D9A882
27,40,85,#D9A982
28,40,85,#D9AB82
29,40,85,#D9AC82
30,40,85,#D9AD82
31,40,85,#D9AF82
32,40,85,#D9B082
33,40,85,#D9B282
34,40,85,#D9B382
35,40,85,#D9B582
36,40,85,#D9B682
37,40,85,#D9B882
38,40,85,#D9B982
39,40,85,#D9BA82
40,40,85,#D9BC82
41,40,85,#D9BD82
42,40,85,#D9BF82
43,40,85,#D9C082
44,40,85,#D9C282
45,40,85,#D9C382
46,40,85,#D9C582
47,40,85,#D9C682
48,40,85,#D9C782
49,40,85,#D9C982
50,40,85,#D9CA82
51,40,85,#D9CC82
52,40,85,#D9CD82
53,40,85,#D9CF82
54,40,85,#D9D082
55,40,85,#D9D282
56,40,85,#D9D382
57,40,85,#D9D482
58,40,85,#D9D682
59,40,85,#D9D782
60,40,85,#D9D982
61,40,85,#D7D982
62,40,85,#D6D982
63,40,85,#D4D982
64,40,85,#D3D982
65,40,85,#D2D982
66,40,85,#D0D982
67,40,85,#CFD982
68,40,85,#CDD982
69,40,85,#CCD982
70,40,85,#CAD982
71,40,85,#C9D982
72,40,85,#C7D982
73,40,85,#C6D982
74,40,85,#C5D982
75,40,85,#C3D982
76,40,85,#C2D982
77,40,85,#C0D982
78,40,85,#BFD982
79,40,85,#BDD982
80,40,85,#BCD982
81,40,85,#BAD982
82,40,85,#B9D982
83,40,85,#B8D982
84,40,85,#B6D982
85,40,85,#B5D982
86,40,85,#B3D982
87,40,85,#B2D982
88,40,85,#B0D982
89,40,85,#AFD982
90,40,85,#ADD982
91,40,85,#ACD982
92,40,85,#ABD982
93,40,85,#A9D982
94,40,85,#A8D982
95,40,85,#A6D982
96,40,85,#A5D982
97,40,85,#A3D982
98,40,85,#A2D982
99,40,85,#A0D982
100,40,85,#9FD982
101,40,85,#9ED982
102,40,85,#9CD982
103,40,85,#9BD982
104,40,85,#99D982
105,40,85,#98D982
106,40,85,#96D982
107,40,85,#95D982
108,40,85,#93D982
109,40,85,#92D982
110,40,85,#90D982
111,40,85,#8FD982
112,40,85,#8ED982
113,40,85,#8CD982
114,40,85,#8BD982
115,40,85,#89D982
116,40,85,#88D982
117,40,85,#86D982
118,40,85,#85D982
119,40,85,#83D982
120,40,85,#82D982
121,40,85,#82D983
122,40,85,#82D985
123,40,85,#82D986
124,40,85,#82D988
125,40,85,#82D989
126,40,85,#82D98B
127,40,85,#82D98C
128,40,85,#82D98E
129,40,85,#82D98F
130,40,85,#82D990
131,40,85,#82D992
132,40,85,#82D993
133,40,85,#82D995
134,40,85,#82D996
135,40,85,#82D998
136,40,85,#82D999
137,40,85,#82D99B
138,40,85,#82D99C
139,40,85,#82D99E
140,40,85,#82D99F
141,40,85,#82D9A0
142,40,85,#82D9A2
143,40,85,#82D9A3
144,40,85,#82D9A5
145,40,85,#82D9A6
146,40,85,#82D9A8
147,40,85,#82D9A9
148,40,85,#82D9AB
149,40,85,#82D9AC
150,40,85,#82D9AD
151,40,85,#82D9AF
152,40,85,#82D9B0
153,40,85,#82D9B2
154,40,85,#82D9B3
155,40,85,#82D9B5
156,40,85,#82D9B6
157,40,85,#82D9B8
158,40,85,#82D9B9
159,40,85,#82D9BA
160,40,85,#82D9BC
161,40,85,#82D9BD
162,40,85,#82D9BF
163,40,85,#82D9C0
164,40,85,#82D9C2
165,40,85,#82D9C3
166,40,85,#82D9C5
167,40,85,#82D9C6
168,40,85,#82D9C7
169,40,85,#82D9C9
170,40,85,#82D9CA
171,40,85,#82D9CC
172,40,85,#82D9CD
173,40,85,#82D9CF
174,40,85,#82D9D0
175,40,85,#82D9D2
176,40,85,#82D9D3
177,40,85,#82D9D4
178,40,85,#82D9D6
179,40,85,#82D9D7
180,40,85,#82D9D9
181,40,85,#82D7D9
182,40,85,#82D6D9
183,40,85,#82D4D9
184,40,85,#82D3D9
185,40,85,#82D2D9
186,40,85,#82D0D9
187,40,85,#82CFD9
188,40,85,#82CDD9
189,40,85,#82CCD9
190,40,85,#82CAD9
191,40,85,#82C9D9
192,40,85,#82C7D9
193,40,85,#82C6D9
194,40,85,#82C5D9
195,40,85,#82C3D9
196,40,85,#82C2D9
197,40,85,#82C0D9
198,40,85,#82BFD9
199,40,85,#82BDD9
200,40,85,#82BCD9
201,40,85,#82BAD9
202,40,85,#82B9D9
203,40,85,#82B8D9
204,40,85,#82B6D9
205,40,85,#82B5D9
206,40,85,#82B3D9
207,40,85,#82B2D9
208,40,85,#82B0D9
209,40,85,#82AFD9
210,40,85,#82ADD9
211,40,85,#82ACD9
212,40,85,#82ABD9
213,40,85,#82A9D9
214,40,85,#82A8D9
215,40,85,#82A6D9
216,40,85,#82A5D9
217,40,85,#82A3D9
218,40,85,#82A2D9
219,40,85,#82A0D9
220,40,85,#829FD9
221,40,85,#829ED9
222,40,85,#829CD9
223,40,85,#829BD9
224,40,85,#8299D9
225,40,85,#8298D9
226,40,85,#8296D9
227,40,85,#8295D9
228,40,85,#8293D9
229,40,85,#8292D9
230,40,85,#8291D9
231,40,85,#828FD9
232,40,85,#828ED9
233,40,85,#828CD9
234,40,85,#828BD9
235,40,85,#8289D9
236,40,85,#8288D9
237,40,85,#8286D9
238,40,85,#8285D9
239,40,85,#8283D9
240,40,85,#8282D9
241,40,85,#8382D9
242,40,85,#8582D9
243,40,85,#8682D9
244,40,85,#8882D9
245,40,85,#8982D9
246,40,85,#8B82D9
247,40,85,#8C82D9
248,40,85,#8E82D9
249,40,85,#8F82D9
250,40,85,#9082D9
251,40,85,#9282D9
252,40,85,#9382D9
253,40,85,#9582D9
254,40,85,#9682D9
255,40,85,#9882D9
256,40,85,#9982D9
257,40,85,#9B82D9
258,40,85,#9C82D9
259,40,85,#9E82D9
260,40,85,#9F82D9
261,40,85,#A082D9
262,40,85,#A282D9
263,40,85,#A382D9
264,40,85,#A582D9
265,40,85,#A682D9
266,40,85,#A882D9
267,40,85,#A982D9
268,40,85,#AB82D9
269,40,85,#AC82D9
270,40,85,#AD82D9
271,40,85,#AF82D9
272,40,85,#B082D9
273,40,85,#B282D9
274,40,85,#B382D9
275,40,85,#B582D9
276,40,85,#B682D9
277,40,85,#B882D9
278,40,85,#B982D9
279,40,85,#BA82D9
280,40,85,#BC82D9
281,40,85,#BD82D9
282,40,85,#BF82D9
283,40,85,#C082D9
284,40,85,#C282D9
285,40,85,#C382D9
286,40,85,#C582D9
287,40,85,#C682D9
288,40,85,#C782D9
289,40,85,#C982D9
290,40,85,#CA82D9
291,40,85,#CC82D9
292,40,85,#CD82D9
293,40,85,#CF82D9
294,40,85,#D082D9
295,40,85,#D282D9
296,40,85,#D382D9
297,40,85,#D482D9
298,40,85,#D682D9
299,40,85,#D782D9
300,40,85,#D982D9
301,40,85,#D982D7
302,40,85,#D982D6
303,40,85,#D982D4
304,40,85,#D982D3
305,40,85,#D982D2
306,40,85,#D982D0
307,40,85,#D982CF
308,40,85,#D982CD
309,40,85,#D982CC
310,40,85,#D982CA
311,40,85,#D982C9
312,40,85,#D982C7
313,40,85,#D982C6
314,40,85,#D982C5
315,40,85,#D982C3
316,40,85,#D982C2
317,40,85,#D982C0
318,40,85,#D982BF
319,40,85,#D982BD
320,40,85,#D982BC
321,40,85,#D982BA
322,40,85,#D982B9
323,40,85,#D982B8
324,40,85,#D982B6
325,40,85,#D982B5
326,40,85,#D982B3
327,40,85,#D982B2
328,40,85,#D982B0
329,40,85,#D982AF
330,40,85,#D982AD
331,40,85,#D982AC
332,40,85,#D982AB
333,40,85,#D982A9
334,40,85,#D982A8
335,40,85,#D982A6
336,40,85,#D982A5
337,40,85,#D982A3
338,40,85,#D982A2
339,40,85,#D982A0
340,40,85,#D9829F
341,40,85,#D9829E
342,40,85,#D9829C
343,40,85,#D9829B
344,40,85,#D98299
345,40,85,#D98298
346,40,85,#D98296
347,40,85,#D98295
348,40,85,#D98293
349,40,85,#D98292
350,40,85,#D98291
351,40,85,#D9828F
352,40,85,#D9828E
353,40,85,#D9828C
354,40,85,#D9828B
355,40,85,#D98289
356,40,85,#D98288
357,40,85,#D98286
358,40,85,#D98285
359,40,85,#D98283
0,39,85,#D98484
1,39,85,#D98684
2,39,85,#D98784
3,39,85,#D98884
4,39,85,#D98A84
5,39,85,#D98B84
6,39,85,#D98D84
7,39,85,#D98E84
8,39,85,#D98F84
9,39,85,#D99184
10,39,85,#D99284
11,39,85,#D99484
12,39,85,#D99584
13,39,85,#D99784
14,39,85,#D99884
15,39,85,#D99984
16,39,85,#D99B84
17,39,85,#D99C84
18,39,85,#D99E84
19,39,85,#D99F84
20,39,85,#D9A084
21,39,85,#D9A284
22,39,85,#D9A384
23,39,85,#D9A584
24,39,85,#D9A684
25,39,85,#D9A784
26,39,85,#D9A984
27,39,85,#D9AA84
28,39,85,#D9AC84
29,39,85,#D9AD84
30,39,85,#D9AE84
31,39,85,#D9B084
32,39,85,#D9B184
33,39,85,#D9B384
34,39,85,#D9B484
35,39,85,#D9B684
36,39,85,#D9B784
37,39,85,#D9B884
38,39,85,#D9BA84
39,39,85,#D9BB84
40,39,85,#D9BD84
41,39,85,#D9BE84
42,39,85,#D9BF84
43,39,85,#D9C184
44,39,85,#D9C284
45,39,85,#D9C484
46,39,85,#D9C584
47,39,85,#D9C684
48,39,85,#D9C884
49,39,85,#D9C984
50,39,85,#D9CB84
51,39,85,#D9CC84
52,39,85,#D9CD84
53,39,85,#D9CF84
54,39,85,#D9D084
55,39,85,#D9D284
56,39,85,#D9D384
57,39,85,#D9D584
58,39,85,#D9D684
59,39,85,#D9D784
60,39,85,#D9D984
61,39,85,#D7D984
62,39,85,#D6D984
63,39,85,#D5D984
64,39,85,#D3D984
65,39,85,#D2D984
66,39,85,#D0D984
67,39,85,#CFD984
68,39,85,#CDD984
69,39,85,#CCD984
70,39,85,#CBD984
71,39,85,#C9D984
72,39,85,#C8D984
73,39,85,#C6D984
74,39,85,#C5D984
75,39,85,#C4D984
76,39,85,#C2D984
77,39,85,#C1D984
78,39,85,#BFD984
79,39,85,#BED984
80,39,85,#BDD984
81,39,85,#BBD984
82,39,85,#BAD984
83,39,85,#B8D984
84,39,85,#B7D984
85,39,85,#B6D984
86,39,85,#B4D984
87,39,85,#B3D984
88,39,85,#B1D984
89,39,85,#B0D984
90,39,85,#AED984
91,39,85,#ADD984
92,39,85,#ACD984
93,39,85,#AAD984
94,39,85,#A9D984
95,39,85,#A7D984
96,39,85,#A6D984
97,39,85,#A5D984
98,39,85,#A3D984
99,39,85,#A2D984
100,39,85,#A0D984
101,39,85,#9FD984
102,39,85,#9ED984
103,39,85,#9CD984
104,39,85,#9BD984
105,39,85,#99D984
106,39,85,#98D984
107,39,85,#97D984
108,39,85,#95D984
109,39,85,#94D984
110,39,85,#92D984
111,39,85,#91D984
112,39,85,#8FD984
113,39,85,#8ED984
114,39,85,#8DD984
115,39,85,#8BD984
116,39,85,#8AD984
117,39,85,#88D984
118,39,85,#87D984
119,39,85,#86D984
120,39,85,#84D984
121,39,85,#84D986
122,39,85,#84D987
123,39,85,#84D988
124,39,85,#84D98A
125,39,85,#84D98B
126,39,85,#84D98D
127,39,85,#84D98E
128,39,85,#84D98F
129,39,85,#84D991
130,39,85,#84D992
131,39,85,#84D994
132,39,85,#84D995
133,39,85,#84D997
134,39,85,#84D998
135,39,85,#84D999
136,39,85,#84D99B
137,39,85,#84D99C
138,39,85,#84D99E
139,39,85,#84D99F
140,39,85,#84D9A0
141,39,85,#84D9A2
142,39,85,#84D9A3
143,39,85,#84D9A5
144,39,85,#84D9A6
145,39,85,#84D9A7
146,39,85,#84D9A9
147,39,85,#84D9AA
148,39,85,#84D9AC
149,39,85,#84D9AD
150,39,85,#84D9AE
151,39,85,#84D9B0
152,39,85,#84D9B1
153,39,85,#84D9B3
154,39,85,#84D9B4
155,39,85,#84D9B6
156,39,85,#84D9B7
157,39,85,#84D9B8
158,39,85,#84D9BA
159,39,85,#84D9BB
160,39,85,#84D9BD
161,39,85,#84D9BE
162,39,85,#84D9BF
163,39,85,#84D9C1
164,39,85,#84D9C2
165,39,85,#84D9C4
166,39,85,#84D9C5
167,39,85,#84D9C6
168,39,85,#84D9C8
169,39,85,#84D9C9
170,39,85,#84D9CB
171,39,85,#84D9CC
172,39,85,#84D9CD
173,39,85,#84D9CF
174,39,85,#84D9D0
175,39,85,#84D9D2
176,39,85,#84D9D3
177,39,85,#84D9D5
178,39,85,#84D9D6
179,39,85,#84D9D7
180,39,85,#84D9D9
181,39,85,#84D7D9
182,39,85,#84D6D9
183,39,85,#84D5D9
184,39,85,#84D3D9
185,39,85,#84D2D9
186,39,85,#84D0D9
187,39,85,#84CFD9
188,39,85,#84CDD9
189,39,85,#84CCD9
190,39,85,#84CBD9
191,39,85,#84C9D9
192,39,85,#84C8D9
193,39,85,#84C6D9
194,39,85,#84C5D9
195,39,85,#84C4D9
196,39,85,#84C2D9
197,39,85,#84C1D9
198,39,85,#84BFD9
199,39,85,#84BED9
200,39,85,#84BDD9
201,39,85,#84BBD9
202,39,85,#84BAD9
203,39,85,#84B8D9
204,39,85,#84B7D9
205,39,85,#84B6D9
206,39,85,#84B4D9
207,39,85,#84B3D9
208,39,85,#84B1D9
209,39,85,#84B0D9
210,39,85,#84AED9
211,39,85,#84ADD9
212,39,85,#84ACD9
213,39,85,#84AAD9
214,39,85,#84A9D9
215,39,85,#84A7D9
216,39,85,#84A6D9
217,39,85,#84A5D9
218,39,85,#84A3D9
219,39,85,#84A2D9
220,39,85,#84A0D9
221,39,85,#849FD9
222,39,85,#849ED9
223,39,85,#849CD9
224,39,85,#849BD9
225,39,85,#8499D9
226,39,85,#8498D9
227,39,85,#8497D9
228,39,85,#8495D9
229,39,85,#8494D9
230,39,85,#8492D9
231,39,85,#8491D9
232,39,85,#848FD9
233,39,85,#848ED9
234,39,85,#848DD9
235,39,85,#848BD9
236,39,85,#848AD9
237,39,85,#8488D9
238,39,85,#8487D9
239,39,85,#8486D9
240,39,85,#8484D9
241,39,85,#8684D9
242,39,85,#8784D9
243,39,85,#8884D9
244,39,85,#8A84D9
245,39,85,#8B84D9
246,39,85,#8D84D9
247,39,85,#8E84D9
248,39,85,#8F84D9
249,39,85,#9184D9
250,39,85,#9284D9
251,39,85,#9484D9
252,39,85,#9584D9
253,39,85,#9784D9
254,39,85,#9884D9
255,39,85,#9984D9
256,39,85,#9B84D9
257,39,85,#9C84D9
258,39,85,#9E84D9
259,39,85,#9F84D9
260,39,85,#A084D9
261,39,85,#A284D9
262,39,85,#A384D9
263,39,85,#A584D9
264,39,85,#A684D9
265,39,85,#A784D9
266,39,85,#A984D9
267,39,85,#AA84D9
268,39,85,#AC84D9
269,39,85,#AD84D9
270,39,85,#AE84D9
271,39,85,#B084D9
272,39,85,#B184D9
273,39,85,#B384D9
274,39,85,#B484D9
275,39,85,#B684D9
276,39,85,#B784D9
277,39,85,#B884D9
278,39,85,#BA84D9
279,39,85,#BB84D9
280,39,85,#BD84D9
281,39,85,#BE84D9
282,39,85,#BF84D9
283,39,85,#C184D9
284,39,85,#C284D9
285,39,85,#C484D9
286,39,85,#C584D9
287,39,85,#C684D9
288,39,85,#C884D9
289,39,85,#C984D9
290,39,85,#CB84D9
291,39,85,#CC84D9
292,39,85,#CD84D9
293,39,85,#CF84D9
294,39,85,#D084D9
295,39,85,#D284D9
296,39,85,#D384D9
297,39,85,#D584D9
298,39,85,#D684D9
299,39,85,#D784D9
300,39,85,#D984D9
301,39,85,#D984D7
302,39,85,#D984D6
303,39,85,#D984D5
304,39,85,#D984D3
305,39,85,#D984D2
306,39,85,#D984D0
307,39,85,#D984CF
308,39,85,#D984CD
309,39,85,#D984CC
310,39,85,#D984CB
311,39,85,#D984C9
312,39,85,#D984C8
313,39,85,#D984C6
314,39,85,#D984C5
315,39,85,#D984C4
316,39,85,#D984C2
317,39,85,#D984C1
318,39,85,#D984BF
319,39,85,#D984BE
320,39,85,#D984BD
321,39,85,#D984BB
322,39,85,#D984BA
323,39,85,#D984B8
324,39,85,#D984B7
325,39,85,#D984B6
326,39,85,#D984B4
327,39,85,#D984B3
328,39,85,#D984B1
329,39,85,#D984B0
330,39,85,#D984AE
331,39,85,#D984AD
332,39,85,#D984AC
333,39,85,#D984AA
334,39,85,#D984A9
335,39,85,#D984A7
336,39,85,#D984A6
337,39,85,#D984A5
338,39,85,#D984A3
339,39,85,#D984A2
340,39,85,#D984A0
341,39,85,#D9849F
342,39,85,#D9849E
343,39,85,#D9849C
344,39,85,#D9849B
345,39,85,#D98499
346,39,85,#D98498
347,39,85,#D98497
348,39,85,#D98495
349,39,85,#D98494
350,39,85,#D98492
351,39,85,#D98491
352,39,85,#D9848F
353,39,85,#D9848E
354,39,85,#D9848D
355,39,85,#D9848B
356,39,85,#D9848A
357,39,85,#D98488
358,39,85,#D98487
359,39,85,#D98486
0,38,85,#D98686
1,38,85,#D98886
2,38,85,#D98986
3,38,85,#D98B86
4,38,85,#D98C86
5,38,85,#D98D86
6,38,85,#D98F86
7,38,85,#D99086
8,38,85,#D99186
9,38,85,#D99386
10,38,85,#D99486
11,38,85,#D99586
12,38,85,#D99786
13,38,85,#D99886
14,38,85,#D99A86
15,38,85,#D99B86
16,38,85,#D99C86
17,38,85,#D99E86
18,38,85,#D99F86
19,38,85,#D9A086
20,38,85,#D9A286
21,38,85,#D9A386
22,38,85,#D9A586
23,38,85,#D9A686
24,38,85,#D9A786
25,38,85,#D9A986
26,38,85,#D9AA86
27,38,85,#D9AB86
28,38,85,#D9AD86
29,38,85,#D9AE86
30,38,85,#D9B086
31,38,85,#D9B186
32,38,85,#D9B286
33,38,85,#D9B486
34,38,85,#D9B586
35,38,85,#D9B686
36,38,85,#D9B886
37,38,85,#D9B986
38,38,85,#D9BB86
39,38,85,#D9BC86
40,38,85,#D9BD86
41,38,85,#D9BF86
42,38,85,#D9C086
43,38,85,#D9C186
44,38,85,#D9C386
45,38,85,#D9C486
46,38,85,#D9C686
47,38,85,#D9C786
48,38,85,#D9C886
49,38,85,#D9CA86
50,38,85,#D9CB86
51,38,85,#D9CC86
52,38,85,#D9CE86
53,38,85,#D9CF86
54,38,85,#D9D186
55,38,85,#D9D286
56,38,85,#D9D386
57,38,85,#D9D586
58,38,85,#D9D686
59,38,85,#D9D786
60,38,85,#D9D986
61,38,85,#D7D986
62,38,85,#D6D986
63,38,85,#D5D986
64,38,85,#D3D986
65,38,85,#D2D986
66,38,85,#D1D986
67,38,85,#CFD986
68,38,85,#CED986
69,38,85,#CCD986
70,38,85,#CBD986
71,38,85,#CAD986
72,38,85,#C8D986
73,38,85,#C7D986
74,38,85,#C6D986
75,38,85,#C4D986
76,38,85,#C3D986
77,38,85,#C1D986
78,38,85,#C0D986
79,38,85,#BFD986
80,38,85,#BDD986
81,38,85,#BCD986
82,38,85,#BBD986
83,38,85,#B9D986
84,38,85,#B8D986
85,38,85,#B6D986
86,38,85,#B5D986
87,38,85,#B4D986
88,38,85,#B2D986
89,38,85,#B1D986
90,38,85,#B0D986
91,38,85,#AED986
92,38,85,#ADD986
93,38,85,#ABD986
94,38,85,#AAD986
95,38,85,#A9D986
96,38,85,#A7D986
97,38,85,#A6D986
98,38,85,#A5D986
99,38,85,#A3D986
100,38,85,#A2D986
101,38,85,#A0D986
102,38,85,#9FD986
103,38,85,#9ED986
104,38,85,#9CD986
105,38,85,#9BD986
106,38,85,#9AD986
107,38,85,#98D986
108,38,85,#97D986
109,38,85,#95D986
110,38,85,#94D986
111,38,85,#93D986
112,38,85,#91D986
113,38,85,#90D986
114,38,85,#8FD986
115,38,85,#8DD986
116,38,85,#8CD986
117,38,85,#8BD986
118,38,85,#89D986
119,38,85,#88D986
120,38,85,#86D986
121,38,85,#86D988
122,38,85,#86D989
123,38,85,#86D98B
124,38,85,#86D98C
125,38,85,#86D98D
126,38,85,#86D98F
127,38,85,#86D990
128,38,85,#86D991
129,38,85,#86D993
130,38,85,#86D994
131,38,85,#86D995
132,38,85,#86D997
133,38,85,#86D998
134,38,85,#86D99A
135,38,85,#86D99B
136,38,85,#86D99C
137,38,85,#86D99E
138,38,85,#86D99F
139,38,85,#86D9A0
140,38,85,#86D9A2
141,38,85,#86D9A3
142,38,85,#86D9A5
143,38,85,#86D9A6
144,38,85,#86D9A7
145,38,85,#86D9A9
146,38,85,#86D9AA
147,38,85,#86D9AB
148,38,85,#86D9AD
149,38,85,#86D9AE
150,38,85,#86D9B0
151,38,85,#86D9B1
152,38,85,#86D9B2
153,38,85,#86D9B4
154,38,85,#86D9B5
155,38,85,#86D9B6
156,38,85,#86D9B8
157,38,85,#86D9B9
158,38,85,#86D9BB
159,38,85,#86D9BC
160,38,85,#86D9BD
161,38,85,#86D9BF
162,38,85,#86D9C0
163,38,85,#86D9C1
164,38,85,#86D9C3
165,38,85,#86D9C4
166,38,85,#86D9C6
167,38,85,#86D9C7
168,38,85,#86D9C8
169,38,85,#86D9CA
170,38,85,#86D9CB
171,38,85,#86D9CC
172,38,85,#86D9CE
173,38,85,#86D9CF
174,38,85,#86D9D1
175,38,85,#86D9D2
176,38,85,#86D9D3
177,38,85,#86D9D5
178,38,85,#86D9D6
179,38,85,#86D9D7
180,38,85,#86D9D9
181,38,85,#86D7D9
182,38,85,#86D6D9
183,38,85,#86D5D9
184,38,85,#86D3D9
185,38,85,#86D2D9
186,38,85,#86D1D9
187,38,85,#86CFD9
188,38,85,#86CED9
189,38,85,#86CCD9
190,38,85,#86CBD9
191,38,85,#86CAD9
192,38,85,#86C8D9
193,38,85,#86C7D9
194,38,85,#86C6D9
195,38,85,#86C4D9
196,38,85,#86C3D9
197,38,85,#86C1D9
198,38,85,#86C0D9
199,38,85,#86BFD9
200,38,85,#86BDD9
201,38,85,#86BCD9
202,38,85,#86BBD9
203,38,85,#86B9D9
204,38,85,#86B8D9
205,38,85,#86B6D9
206,38,85,#86B5D9
207,38,85,#86B4D9
208,38,85,#86B2D9
209,38,85,#86B1D9
210,38,85,#86B0D9
211,38,85,#86AED9
212,38,85,#86ADD9
213,38,85,#86ABD9
214,38,85,#86AAD9
215,38,85,#86A9D9
216,38,85,#86A7D9
217,38,85,#86A6D9
218,38,85,#86A5D9
219,38,85,#86A3D9
220,38,85,#86A2D9
221,38,85,#86A0D9
222,38,85,#869FD9
223,38,85,#869ED9
224,38,85,#869CD9
225,38,85,#869BD9
226,38,85,#869AD9
227,38,85,#8698D9
228,38,85,#8697D9
229,38,85,#8695D9
230,38,85,#8694D9
231,38,85,#8693D9
232,38,85,#8691D9
233,38,85,#8690D9
234,38,85,#868FD9
235,38,85,#868DD9
236,38,85,#868CD9
237,38,85,#868BD9
238,38,85,#8689D9
239,38,85,#8688D9
240,38,85,#8686D9
241,38,85,#8886D9
242,38,85,#8986D9
243,38,85,#8B86D9
244,38,85,#8C86D9
245,38,85,#8D86D9
246,38,85,#8F86D9
247,38,85,#9086D9
248,38,85,#9186D9
249,38,85,#9386D9
250,38,85,#9486D9
251,38,85,#9586D9
252,38,85,#9786D9
253,38,85,#9886D9
254,38,85,#9A86D9
255,38,85,#9B86D9
256,38,85,#9C86D9
257,38,85,#9E86D9
258,38,85,#9F86D9
259,38,85,#A086D9
260,38,85,#A286D9
261,38,85,#A386D9
262,38,85,#A586D9
263,38,85,#A686D9
264,38,85,#A786D9
265,38,85,#A986D9
266,38,85,#AA86D9
267,38,85,#AB86D9
268,38,85,#AD86D9
269,38,85,#AE86D9
270,38,85,#B086D9
271,38,85,#B186D9
272,38,85,#B286D9
273,38,85,#B486D9
274,38,85,#B586D9
275,38,85,#B686D9
276,38,85,#B886D9
277,38,85,#B986D9
278,38,85,#BB86D9
279,38,85,#BC86D9
280,38,85,#BD86D9
281,38,85,#BF86D9
282,38,85,#C086D9
283,38,85,#C186D9
284,38,85,#C386D9
285,38,85,#C486D9
286,38,85,#C686D9
287,38,85,#C786D9
288,38,85,#C886D9
289,38,85,#CA86D9
290,38,85,#CB86D9
291,38,85,#CC86D9
292,38,85,#CE86D9
293,38,85,#CF86D9
294,38,85,#D186D9
295,38,85,#D286D9
296,38,85,#D386D9
297,38,85,#D586D9
298,38,85,#D686D9
299,38,85,#D786D9
300,38,85,#D986D9
301,38,85,#D986D7
302,38,85,#D986D6
303,38,85,#D986D5
304,38,85,#D986D3
305,38,85,#D986D2
306,38,85,#D986D1
307,38,85,#D986CF
308,38,85,#D986CE
309,38,85,#D986CC
310,38,85,#D986CB
311,38,85,#D986CA
312,38,85,#D986C8
313,38,85,#D986C7
314,38,85,#D986C6
315,38,85,#D986C4
316,38,85,#D986C3
317,38,85,#D986C1
318,38,85,#D986C0
319,38,85,#D986BF
320,38,85,#D986BD
321,38,85,#D986BC
322,38,85,#D986BB
323,38,85,#D986B9
324,38,85,#D986B8
325,38,85,#D986B6
326,38,85,#D986B5
327,38,85,#D986B4
328,38,85,#D986B2
329,38,85,#D986B1
330,38,85,#D986B0
331,38,85,#D986AE
332,38,85,#D986AD
333,38,85,#D986AB
334,38,85,#D986AA
335,38,85,#D986A9
336,38,85,#D986A7
337,38,85,#D986A6
338,38,85,#D986A5
339,38,85,#D986A3
340,38,85,#D986A2
341,38,85,#D986A0
342,38,85,#D9869F
343,38,85,#D9869E
344,38,85,#D9869C
345,38,85,#D9869B
346,38,85,#D9869A
347,38,85,#D98698
348,38,85,#D98697
349,38,85,#D98695
350,38,85,#D98694
351,38,85,#D98693
352,38,85,#D98691
353,38,85,#D98690
354,38,85,#D9868F
355,38,85,#D9868D
356,38,85,#D9868C
357,38,85,#D9868B
358,38,85,#D98689
359,38,85,#D98688
0,37,85,#D98989
1,37,85,#D98A89
2,37,85,#D98B89
3,37,85,#D98D89
4,37,85,#D98E89
5,37,85,#D98F89
6,37,85,#D99189
7,37,85,#D99289
8,37,85,#D99389
9,37,85,#D99589
10,37,85,#D99689
11,37,85,#D99789
12,37,85,#D99989
13,37,85,#D99A89
14,37,85,#D99B89
15,37,85,#D99D89
16,37,85,#D99E89
17,37,85,#D99F89
18,37,85,#D9A189
19,37,85,#D9A289
20,37,85,#D9A389
21,37,85,#D9A589
22,37,85,#D9A689
23,37,85,#D9A789
24,37,85,#D9A989
25,37,85,#D9AA89
26,37,85,#D9AB89
27,37,85,#D9AD89
28,37,85,#D9AE89
29,37,85,#D9AF89
30,37,85,#D9B189
31,37,85,#D9B289
32,37,85,#D9B389
33,37,85,#D9B589
34,37,85,#D9B689
35,37,85,#D9B789
36,37,85,#D9B989
37,37,85,#D9BA89
38,37,85,#D9BB89
39,37,85,#D9BD89
40,37,85,#D9BE89
41,37,85,#D9BF89
42,37,85,#D9C189
43,37,85,#D9C289
44,37,85,#D9C389
45,37,85,#D9C589
46,37,85,#D9C689
47,37,85,#D9C789
48,37,85,#D9C989
49,37,85,#D9CA89
50,37,85,#D9CB89
51,37,85,#D9CD89
52,37,85,#D9CE89
53,37,85,#D9CF89
54,37,85,#D9D189
55,37,85,#D9D289
56,37,85,#D9D389
57,37,85,#D9D589
58,37,85,#D9D689
59,37,85,#D9D789
60,37,85,#D9D989
61,37,85,#D7D989
62,37,85,#D6D989
63,37,85,#D5D989
64,37,85,#D3D989
65,37,85,#D2D989
66,37,85,#D1D989
67,37,85,#CFD989
68,37,85,#CED989
69,37,85,#CDD989
70,37,85,#CBD989
71,37,85,#CAD989
72,37,85,#C9D989
73,37,85,#C7D989
74,37,85,#C6D989
75,37,85,#C5D989
76,37,85,#C3D989
77,37,85,#C2D989
78,37,85,#C1D989
79,37,85,#BFD989
80,37,85,#BED989
81,37,85,#BDD989
82,37,85,#BBD989
83,37,85,#BAD989
84,37,85,#B9D989
85,37,85,#B7D989
86,37,85,#B6D989
87,37,85,#B5D989
88,37,85,#B3D989
89,37,85,#B2D989
90,37,85,#B1D989
91,37,85,#AFD989
92,37,85,#AED989
93,37,85,#ADD989
94,37,85,#ABD989
95,37,85,#AAD989
96,37,85,#A9D989
97,37,85,#A7D989
98,37,85,#A6D989
99,37,85,#A5D989
100,37,85,#A3D989
101,37,85,#A2D989
102,37,85,#A1D989
103,37,85,#9FD989
104,37,85,#9ED989
105,37,85,#9DD989
106,37,85,#9BD989
107,37,85,#9AD989
108,37,85,#99D989
109,37,85,#97D989
110,37,85,#96D989
111,37,85,#95D989
112,37,85,#93D989
113,37,85,#92D989
114,37,85,#91D989
115,37,85,#8FD989
116,37,85,#8ED989
117,37,85,#8DD989
118,37,85,#8BD989
119,37,85,#8AD989
120,37,85,#89D989
121,37,85,#89D98A
122,37,85,#89D98B
123,37,85,#89D98D
124,37,85,#89D98E
125,37,85,#89D98F
126,37,85,#89D991
127,37,85,#89D992
128,37,85,#89D993
129,37,85,#89D995
130,37,85,#89D996
131,37,85,#89D997
132,37,85,#89D999
133,37,85,#89D99A
134,37,85,#89D99B
135,37,85,#89D99D
136,37,85,#89D99E
137,37,85,#89D99F
138,37,85,#89D9A1
139,37,85,#89D9A2
140,37,85,#89D9A3
141,37,85,#89D9A5
142,37,85,#89D9A6
143,37,85,#89D9A7
144,37,85,#89D9A9
145,37,85,#89D9AA
146,37,85,#89D9AB
147,37,85,#89D9AD
148,37,85,#89D9AE
149,37,85,#89D9AF
150,37,85,#89D9B1
151,37,85,#89D9B2
152,37,85,#89D9B3
153,37,85,#89D9B5
154,37,85,#89D9B6
155,37,85,#89D9B7
156,37,85,#89D9B9
157,37,85,#89D9BA
158,37,85,#89D9BB
159,37,85,#89D9BD
160,37,85,#89D9BE
161,37,85,#89D9BF
162,37,85,#89D9C1
163,37,85,#89D9C2
164,37,85,#89D9C3
165,37,85,#89D9C5
166,37,85,#89D9C6
167,37,85,#89D9C7
168,37,85,#89D9C9
169,37,85,#89D9CA
170,37,85,#89D9CB
171,37,85,#89D9CD
172,37,85,#89D9CE
173,37,85,#89D9CF
174,37,85,#89D9D1
175,37,85,#89D9D2
176,37,85,#89D9D3
177,37,85,#89D9D5
178,37,85,#89D9D6
179,37,85,#89D9D7
180,37,85,#89D9D9
181,37,85,#89D7D9
182,37,85,#89D6D9
183,37,85,#89D5D9
184,37,85,#89D3D9
185,37,85,#89D2D9
186,37,85,#89D1D9
187,37,85,#89CFD9
188,37,85,#89CED9
189,37,85,#89CDD9
190,37,85,#89CBD9
191,37,85,#89CAD9
192,37,85,#89C9D9
193,37,85,#89C7D9
194,37,85,#89C6D9
195,37,85,#89C5D9
196,37,85,#89C3D9
197,37,85,#89C2D9
198,37,85,#89C1D9
199,37,85,#89BFD9
200,37,85,#89BED9
201,37,85,#89BDD9
202,37,85,#89BBD9
203,37,85,#89BAD9
204,37,85,#89B9D9
205,37,85,#89B7D9
206,37,85,#89B6D9
207,37,85,#89B5D9
208,37,85,#89B3D9
209,37,85,#89B2D9
210,37,85,#89B1D9
211,37,85,#89AFD9
212,37,85,#89AED9
213,37,85,#89ADD9
214,37,85,#89ABD9
215,37,85,#89AAD9
216,37,85,#89A9D9
217,37,85,#89A7D9
218,37,85,#89A6D9
219,37,85,#89A5D9
220,37,85,#89A3D9
221,37,85,#89A2D9
222,37,85,#89A1D9
223,37,85,#899FD9
224,37,85,#899ED9
225,37,85,#899DD9
226,37,85,#899BD9
227,37,85,#899AD9
228,37,85,#8999D9
229,37,85,#8997D9
230,37,85,#8996D9
231,37,85,#8995D9
232,37,85,#8993D9
233,37,85,#8992D9
234,37,85,#8991D9
235,37,85,#898FD9
236,37,85,#898ED9
237,37,85,#898DD9
238,37,85,#898BD9
239,37,85,#898AD9
240,37,85,#8989D9
241,37,85,#8A89D9
242,37,85,#8B89D9
243,37,85,#8D89D9
244,37,85,#8E89D9
245,37,85,#8F89D9
246,37,85,#9189D9
247,37,85,#9289D9
248,37,85,#9389D9
249,37,85,#9589D9
250,37,85,#9689D9
251,37,85,#9789D9
252,37,85,#9989D9
253,37,85,#9A89D9
254,37,85,#9B89D9
255,37,85,#9D89D9
256,37,85,#9E89D9
257,37,85,#9F89D9
258,37,85,#A189D9
259,37,85,#A289D9
260,37,85,#A389D9
261,37,85,#A589D9
262,37,85,#A689D9
263,37,85,#A789D9
264,37,85,#A989D9
265,37,85,#AA89D9
266,37,85,#AB89D9
267,37,85,#AD89D9
268,37,85,#AE89D9
269,37,85,#AF89D9
270,37,85,#B189D9
271,37,85,#B289D9
272,37,85,#B389D9
273,37,85,#B589D9
274,37,85,#B689D9
275,37,85,#B789D9
276,37,85,#B989D9
277,37,85,#BA89D9
278,37,85,#BB89D9
279,37,85,#BD89D9
280,37,85,#BE89D9
281,37,85,#BF89D9
282,37,85,#C189D9
283,37,85,#C289D9
284,37,85,#C389D9
285,37,85,#C589D9
286,37,85,#C689D9
287,37,85,#C789D9
288,37,85,#C989D9
289,37,85,#CA89D9
290,37,85,#CB89D9
291,37,85,#CD89D9
292,37,85,#CE89D9
293,37,85,#CF89D9
294,37,85,#D189D9
295,37,85,#D289D9
296,37,85,#D389D9
297,37,85,#D589D9
298,37,85,#D689D9
299,37,85,#D789D9
300,37,85,#D989D9
301,37,85,#D989D7
302,37,85,#D989D6
303,37,85,#D989D5
304,37,85,#D989D3
305,37,85,#D989D2
306,37,85,#D989D1
307,37,85,#D989CF
308,37,85,#D989CE
309,37,85,#D989CD
310,37,85,#D989CB
311,37,85,#D989CA
312,37,85,#D989C9
313,37,85,#D989C7
314,37,85,#D989C6
315,37,85,#D989C5
316,37,85,#D989C3
317,37,85,#D989C2
318,37,85,#D989C1
319,37,85,#D989BF
320,37,85,#D989BE
321,37,85,#D989BD
322,37,85,#D989BB
323,37,85,#D989BA
324,37,85,#D989B9
325,37,85,#D989B7
326,37,85,#D989B6
327,37,85,#D989B5
328,37,85,#D989B3
329,37,85,#D989B2
330,37,85,#D989B1
331,37,85,#D989AF
332,37,85,#D989AE
333,37,85,#D989AD
334,37,85,#D989AB
335,37,85,#D989AA
336,37,85,#D989A9
337,37,85,#D989A7
338,37,85,#D989A6
339,37,85,#D989A5
340,37,85,#D989A3
341,37,85,#D989A2
342,37,85,#D989A1
343,37,85,#D9899F
344,37,85,#D9899E
345,37,85,#D9899D
346,37,85,#D9899B
347,37,85,#D9899A
348,37,85,#D98999
349,37,85,#D98997
350,37,85,#D98996
351,37,85,#D98995
352,37,85,#D98993
353,37,85,#D98992
354,37,85,#D98991
355,37,85,#D9898F
356,37,85,#D9898E
357,37,85,#D9898D
358,37,85,#D9898B
359,37,85,#D9898A
0,36,85,#D98B8B
1,36,85,#D98C8B
2,36,85,#D98D8B
3,36,85,#D98F8B
4,36,85,#D9908B
5,36,85,#D9918B
6,36,85,#D9938B
7,36,85,#D9948B
8,36,85,#D9958B
9,36,85,#D9968B
10,36,85,#D9988B
11,36,85,#D9998B
12,36,85,#D99A8B
13,36,85,#D99C8B
14,36,85,#D99D8B
15,36,85,#D99E8B
16,36,85,#D9A08B
17,36,85,#D9A18B
18,36,85,#D9A28B
19,36,85,#D9A38B
20,36,85,#D9A58B
21,36,85,#D9A68B
22,36,85,#D9A78B
23,36,85,#D9A98B
24,36,85,#D9AA8B
25,36,85,#D9AB8B
26,36,85,#D9AD8B
27,36,85,#D9AE8B
28,36,85,#D9AF8B
29,36,85,#D9B08B
30,36,85,#D9B28B
31,36,85,#D9B38B
32,36,85,#D9B48B
33,36,85,#D9B68B
34,36,85,#D9B78B
35,36,85,#D9B88B
36,36,85,#D9BA8B
37,36,85,#D9BB8B
38,36,85,#D9BC8B
39,36,85,#D9BD8B
40,36,85,#D9BF8B
41,36,85,#D9C08B
42,36,85,#D9C18B
43,36,85,#D9C38B
44,36,85,#D9C48B
45,36,85,#D9C58B
46,36,85,#D9C78B
47,36,85,#D9C88B
48,36,85,#D9C98B
49,36,85,#D9CA8B
50,36,85,#D9CC8B
51,36,85,#D9CD8B
52,36,85,#D9CE8B
53,36,85,#D9D08B
54,36,85,#D9D18B
55,36,85,#D9D28B
56,36,85,#D9D48B
57,36,85,#D9D58B
58,36,85,#D9D68B
59,36,85,#D9D78B
60,36,85,#D9D98B
61,36,85,#D7D98B
62,36,85,#D6D98B
63,36,85,#D5D98B
64,36,85,#D4D98B
65,36,85,#D2D98B
66,36,85,#D1D98B
67,36,85,#D0D98B
68,36,85,#CED98B
69,36,85,#CDD98B
70,36,85,#CCD98B
71,36,85,#CAD98B
72,36,85,#C9D98B
73,36,85,#C8D98B
74,36,85,#C7D98B
75,36,85,#C5D98B
76,36,85,#C4D98B
77,36,85,#C3D98B
78,36,85,#C1D98B
79,36,85,#C0D98B
80,36,85,#BFD98B
81,36,85,#BDD98B
82,36,85,#BCD98B
83,36,85,#BBD98B
84,36,85,#BAD98B
85,36,85,#B8D98B
86,36,85,#B7D98B
87,36,85,#B6D98B
88,36,85,#B4D98B
89,36,85,#B3D98B
90,36,85,#B2D98B
91,36,85,#B0D98B
92,36,85,#AFD98B
93,36,85,#AED98B
94,36,85,#ADD98B
95,36,85,#ABD98B
96,36,85,#AAD98B
97,36,85,#A9D98B
98,36,85,#A7D98B
99,36,85,#A6D98B
100,36,85,#A5D98B
101,36,85,#A3D98B
102,36,85,#A2D98B
103,36,85,#A1D98B
104,36,85,#A0D98B
105,36,85,#9ED98B
106,36,85,#9DD98B
107,36,85,#9CD98B
108,36,85,#9AD98B
109,36,85,#99D98B
110,36,85,#98D98B
111,36,85,#96D98B
112,36,85,#95D98B
113,36,85,#94D98B
114,36,85,#93D98B
115,36,85,#91D98B
116,36,85,#90D98B
117,36,85,#8FD98B
118,36,85,#8DD98B
119,36,85,#8CD98B
120,36,85,#8BD98B
121,36,85,#8BD98C
122,36,85,#8BD98D
123,36,85,#8BD98F
124,36,85,#8BD990
125,36,85,#8BD991
126,36,85,#8BD993
127,36,85,#8BD994
128,36,85,#8BD995
129,36,85,#8BD996
130,36,85,#8BD998
131,36,85,#8BD999
132,36,85,#8BD99A
133,36,85,#8BD99C
134,36,85,#8BD99D
135,36,85,#8BD99E
136,36,85,#8BD9A0
137,36,85,#8BD9A1
138,36,85,#8BD9A2
139,36,85,#8BD9A3
140,36,85,#8BD9A5
141,36,85,#8BD9A6
142,36,85,#8BD9A7
143,36,85,#8BD9A9
144,36,85,#8BD9AA
145,36,85,#8BD9AB
146,36,85,#8BD9AD
147,36,85,#8BD9AE
148,36,85,#8BD9AF
149,36,85,#8BD9B0
150,36,85,#8BD9B2
151,36,85,#8BD9B3
152,36,85,#8BD9B4
153,36,85,#8BD9B6
154,36,85,#8BD9B7
155,36,85,#8BD9B8
156,36,85,#8BD9BA
157,36,85,#8BD9BB
158,36,85,#8BD9BC
159,36,85,#8BD9BD
160,36,85,#8BD9BF
161,36,85,#8BD9C0
162,36,85,#8BD9C1
163,36,85,#8BD9C3
164,36,85,#8BD9C4
165,36,85,#8BD9C5
166,36,85,#8BD9C7
167,36,85,#8BD9C8
168,36,85,#8BD9C9
169,36,85,#8BD9CA
170,36,85,#8BD9CC
171,36,85,#8BD9CD
172,36,85,#8BD9CE
173,36,85,#8BD9D0
174,36,85,#8BD9D1
175,36,85,#8BD9D2
176,36,85,#8BD9D4
177,36,85,#8BD9D5
178,36,85,#8BD9D6
179,36,85,#8BD9D7
180,36,85,#8BD9D9
181,36,85,#8BD7D9
182,36,85,#8BD6D9
183,36,85,#8BD5D9
184,36,85,#8BD4D9
185,36,85,#8BD2D9
186,36,85,#8BD1D9
187,36,85,#8BD0D9
188,36,85,#8BCED9
189,36,85,#8BCDD9
190,36,85,#8BCCD9
191,36,85,#8BCAD9
192,36,85,#8BC9D9
193,36,85,#8BC8D9
194,36,85,#8BC7D9
195,36,85,#8BC5D9
196,36,85,#8BC4D9
197,36,85,#8BC3D9
198,36,85,#8BC1D9
199,36,85,#8BC0D9
200,36,85,#8BBFD9
201,36,85,#8BBDD9
202,36,85,#8BBCD9
203,36,85,#8BBBD9
204,36,85,#8BBAD9
205,36,85,#8BB8D9
206,36,85,#8BB7D9
207,36,85,#8BB6D9
208,36,85,#8BB4D9
209,36,85,#8BB3D9
210,36,85,#8BB2D9
211,36,85,#8BB0D9
212,36,85,#8BAFD9
213,36,85,#8BAED9
214,36,85,#8BADD9
215,36,85,#8BABD9
216,36,85,#8BAAD9
217,36,85,#8BA9D9
218,36,85,#8BA7D9
219,36,85,#8BA6D9
220,36,85,#8BA5D9
221,36,85,#8BA3D9
222,36,85,#8BA2D9
223,36,85,#8BA1D9
224,36,85,#8BA0D9
225,36,85,#8B9ED9
226,36,85,#8B9DD9
227,36,85,#8B9CD9
228,36,85,#8B9AD9
229,36,85,#8B99D9
230,36,85,#8B98D9
231,36,85,#8B96D9
232,36,85,#8B95D9
233,36,85,#8B94D9
234,36,85,#8B93D9
235,36,85,#8B91D9
236,36,85,#8B90D9
237,36,85,#8B8FD9
238,36,85,#8B8DD9
239,36,85,#8B8CD9
240,36,85,#8B8BD9
241,36,85,#8C8BD9
242,36,85,#8D8BD9
243,36,85,#8F8BD9
244,36,85,#908BD9
245,36,85,#918BD9
246,36,85,#938BD9
247,36,85,#948BD9
248,36,85,#958BD9
249,36,85,#968BD9
250,36,85,#988BD9
251,36,85,#998BD9
252,36,85,#9A8BD9
253,36,85,#9C8BD9
254,36,85,#9D8BD9
255,36,85,#9E8BD9
256,36,85,#A08BD9
257,36,85,#A18BD9
258,36,85,#A28BD9
259,36,85,#A38BD9
260,36,85,#A58BD9
261,36,85,#A68BD9
262,36,85,#A78BD9
263,36,85,#A98BD9
264,36,85,#AA8BD9
265,36,85,#AB8BD9
266,36,85,#AD8BD9
267,36,85,#AE8BD9
268,36,85,#AF8BD9
269,36,85,#B08BD9
270,36,85,#B28BD9
271,36,85,#B38BD9
272,36,85,#B48BD9
273,36,85,#B68BD9
274,36,85,#B78BD9
275,36,85,#B88BD9
276,36,85,#BA8BD9
277,36,85,#BB8BD9
278,36,85,#BC8BD9
279,36,85,#BD8BD9
280,36,85,#BF8BD9
281,36,85,#C08BD9
282,36,85,#C18BD9
283,36,85,#C38BD9
284,36,85,#C48BD9
285,36,85,#C58BD9
286,36,85,#C78BD9
287,36,85,#C88BD9
288,36,85,#C98BD9
289,36,85,#CA8BD9
290,36,85,#CC8BD9
291,36,85,#CD8BD9
292,36,85,#CE8BD9
293,36,85,#D08BD9
294,36,85,#D18BD9
295,36,85,#D28BD9
296,36,85,#D48BD9
297,36,85,#D58BD9
298,36,85,#D68BD9
299,36,85,#D78BD9
300,36,85,#D98BD9
301,36,85,#D98BD7
302,36,85,#D98BD6
303,36,85,#D98BD5
304,36,85,#D98BD4
305,36,85,#D98BD2
306,36,85,#D98BD1
307,36,85,#D98BD0
308,36,85,#D98BCE
309,36,85,#D98BCD
310,36,85,#D98BCC
311,36,85,#D98BCA
312,36,85,#D98BC9
313,36,85,#D98BC8
314,36,85,#D98BC7
315,36,85,#D98BC5
316,36,85,#D98BC4
317,36,85,#D98BC3
318,36,85,#D98BC1
319,36,85,#D98BC0
320,36,85,#D98BBF
321,36,85,#D98BBD
322,36,85,#D98BBC
323,36,85,#D98BBB
324,36,85,#D98BBA
325,36,85,#D98BB8
326,36,85,#D98BB7
327,36,85,#D98BB6
328,36,85,#D98BB4
329,36,85,#D98BB3
330,36,85,#D98BB2
331,36,85,#D98BB0
332,36,85,#D98BAF
333,36,85,#D98BAE
334,36,85,#D98BAD
335,36,85,#D98BAB
336,36,85,#D98BAA
337,36,85,#D98BA9
338,36,85,#D98BA7
339,36,85,#D98BA6
340,36,85,#D98BA5
341,36,85,#D98BA3
342,36,85,#D98BA2
343,36,85,#D98BA1
344,36,85,#D98BA0
345,36,85,#D98B9E
346,36,85,#D98B9D
347,36,85,#D98B9C
348,36,85,#D98B9A
349,36,85,#D98B99
350,36,85,#D98B98
351,36,85,#D98B96
352,36,85,#D98B95
353,36,85,#D98B94
354,36,85,#D98B93
355,36,85,#D98B91
356,36,85,#D98B90
357,36,85,#D98B8F
358,36,85,#D98B8D
359,36,85,#D98B8C
0,35,85,#D98D8D
1,35,85,#D98E8D
2,35,85,#D98F8D
3,35,85,#D9918D
4,35,85,#D9928D
5,35,85,#D9938D
6,35,85,#D9948D
7,35,85,#D9968D
8,35,85,#D9978D
9,35,85,#D9988D
10,35,85,#D99A8D
11,35,85,#D99B8D
12,35,85,#D99C8D
13,35,85,#D99D8D
14,35,85,#D99F8D
15,35,85,#D9A08D
16,35,85,#D9A18D
17,35,85,#D9A28D
18,35,85,#D9A48D
19,35,85,#D9A58D
20,35,85,#D9A68D
21,35,85,#D9A78D
22,35,85,#D9A98D
23,35,85,#D9AA8D
24,35,85,#D9AB8D
25,35,85,#D9AC8D
26,35,85,#D9AE8D
27,35,85,#D9AF8D
28,35,85,#D9B08D
29,35,85,#D9B28D
30,35,85,#D9B38D
31,35,85,#D9B48D
32,35,85,#D9B58D
33,35,85,#D9B78D
34,35,85,#D9B88D
35,35,85,#D9B98D
36,35,85,#D9BA8D
37,35,85,#D9BC8D
38,35,85,#D9BD8D
39,35,85,#D9BE8D
40,35,85,#D9BF8D
41,35,85,#D9C18D
42,35,85,#D9C28D
43,35,85,#D9C38D
44,35,85,#D9C58D
45,35,85,#D9C68D
46,35,85,#D9C78D
47,35,85,#D9C88D
48,35,85,#D9CA8D
49,35,85,#D9CB8D
50,35,85,#D9CC8D
51,35,85,#D9CD8D
52,35,85,#D9CF8D
53,35,85,#D9D08D
54,35,85,#D9D18D
55,35,85,#D9D28D
56,35,85,#D9D48D
57,35,85,#D9D58D
58,35,85,#D9D68D
59,35,85,#D9D78D
60,35,85,#D9D98D
61,35,85,#D7D98D
62,35,85,#D6D98D
63,35,85,#D5D98D
64,35,85,#D4D98D
65,35,85,#D2D98D
66,35,85,#D1D98D
67,35,85,#D0D98D
68,35,85,#CFD98D
69,35,85,#CDD98D
70,35,85,#CCD98D
71,35,85,#CBD98D
72,35,85,#CAD98D
73,35,85,#C8D98D
74,35,85,#C7D98D
75,35,85,#C6D98D
76,35,85,#C5D98D
77,35,85,#C3D98D
78,35,85,#C2D98D
79,35,85,#C1D98D
80,35,85,#BFD98D
81,35,85,#BED98D
82,35,85,#BDD98D
83,35,85,#BCD98D
84,35,85,#BAD98D
85,35,85,#B9D98D
86,35,85,#B8D98D
87,35,85,#B7D98D
88,35,85,#B5D98D
89,35,85,#B4D98D
90,35,85,#B3D98D
91,35,85,#B2D98D
92,35,85,#B0D98D
93,35,85,#AFD98D
94,35,85,#AED98D
95,35,85,#ACD98D
96,35,85,#ABD98D
97,35,85,#AAD98D
98,35,85,#A9D98D
99,35,85,#A7D98D
100,35,85,#A6D98D
101,35,85,#A5D98D
102,35,85,#A4D98D
103,35,85,#A2D98D
104,35,85,#A1D98D
105,35,85,#A0D98D
106,35,85,#9FD98D
107,35,85,#9DD98D
108,35,85,#9CD98D
109,35,85,#9BD98D
110,35,85,#9AD98D
111,35,85,#98D98D
112,35,85,#97D98D
113,35,85,#96D98D
114,35,85,#94D98D
115,35,85,#93D98D
116,35,85,#92D98D
117,35,85,#91D98D
118,35,85,#8FD98D
119,35,85,#8ED98D
120,35,85,#8DD98D
121,35,85,#8DD98E
122,35,85,#8DD98F
123,35,85,#8DD991
124,35,85,#8DD992
125,35,85,#8DD993
126,35,85,#8DD994
127,35,85,#8DD996
128,35,85,#8DD997
129,35,85,#8DD998
130,35,85,#8DD99A
131,35,85,#8DD99B
132,35,85,#8DD99C
133,35,85,#8DD99D
134,35,85,#8DD99F
135,35,85,#8DD9A0
136,35,85,#8DD9A1
137,35,85,#8DD9A2
138,35,85,#8DD9A4
139,35,85,#8DD9A5
140,35,85,#8DD9A6
141,35,85,#8DD9A7
142,35,85,#8DD9A9
143,35,85,#8DD9AA
144,35,85,#8DD9AB
145,35,85,#8DD9AC
146,35,85,#8DD9AE
147,35,85,#8DD9AF
148,35,85,#8DD9B0
149,35,85,#8DD9B2
150,35,85,#8DD9B3
151,35,85,#8DD9B4
152,35,85,#8DD9B5
153,35,85,#8DD9B7
154,35,85,#8DD9B8
155,35,85,#8DD9B9
156,35,85,#8DD9BA
157,35,85,#8DD9BC
158,35,85,#8DD9BD
159,35,85,#8DD9BE
160,35,85,#8DD9BF
161,35,85,#8DD9C1
162,35,85,#8DD9C2
163,35,85,#8DD9C3
164,35,85,#8DD9C5
165,35,85,#8DD9C6
166,35,85,#8DD9C7
167,35,85,#8DD9C8
168,35,85,#8DD9CA
169,35,85,#8DD9CB
170,35,85,#8DD9CC
171,35,85,#8DD9CD
172,35,85,#8DD9CF
173,35,85,#8DD9D0
174,35,85,#8DD9D1
175,35,85,#8DD9D2
176,35,85,#8DD9D4
177,35,85,#8DD9D5
178,35,85,#8DD9D6
179,35,85,#8DD9D7
180,35,85,#8DD9D9
181,35,85,#8DD7D9
182,35,85,#8DD6D9
183,35,85,#8DD5D9
184,35,85,#8DD4D9
185,35,85,#8DD2D9
186,35,85,#8DD1D9
187,35,85,#8DD0D9
188,35,85,#8DCFD9
189,35,85,#8DCDD9
190,35,85,#8DCCD9
191,35,85,#8DCBD9
192,35,85,#8DCAD9
193,35,85,#8DC8D9
194,35,85,#8DC7D9
195,35,85,#8DC6D9
196,35,85,#8DC5D9
197,35,85,#8DC3D9
198,35,85,#8DC2D9
199,35,85,#8DC1D9
200,35,85,#8DBFD9
201,35,85,#8DBED9
202,35,85,#8DBDD9
203,35,85,#8DBCD9
204,35,85,#8DBAD9
205,35,85,#8DB9D9
206,35,85,#8DB8D9
207,35,85,#8DB7D9
208,35,85,#8DB5D9
209,35,85,#8DB4D9
210,35,85,#8DB3D9
211,35,85,#8DB2D9
212,35,85,#8DB0D9
213,35,85,#8DAFD9
214,35,85,#8DAED9
215,35,85,#8DACD9
216,35,85,#8DABD9
217,35,85,#8DAAD9
218,35,85,#8DA9D9
219,35,85,#8DA7D9
220,35,85,#8DA6D9
221,35,85,#8DA5D9
222,35,85,#8DA4D9
223,35,85,#8DA2D9
224,35,85,#8DA1D9
225,35,85,#8DA0D9
226,35,85,#8D9FD9
227,35,85,#8D9DD9
228,35,85,#8D9CD9
229,35,85,#8D9BD9
230,35,85,#8D9AD9
231,35,85,#8D98D9
232,35,85,#8D97D9
233,35,85,#8D96D9
234,35,85,#8D94D9
235,35,85,#8D93D9
236,35,85,#8D92D9
237,35,85,#8D91D9
238,35,85,#8D8FD9
239,35,85,#8D8ED9
240,35,85,#8D8DD9
241,35,85,#8E8DD9
242,35,85,#8F8DD9
243,35,85,#918DD9
244,35,85,#928DD9
245,35,85,#938DD9
246,35,85,#948DD9
247,35,85,#968DD9
248,35,85,#978DD9
249,35,85,#988DD9
250,35,85,#9A8DD9
251,35,85,#9B8DD9
252,35,85,#9C8DD9
253,35,85,#9D8DD9
254,35,85,#9F8DD9
255,35,85,#A08DD9
256,35,85,#A18DD9
257,35,85,#A28DD9
258,35,85,#A48DD9
259,35,85,#A58DD9
260,35,85,#A68DD9
261,35,85,#A78DD9
262,35,85,#A98DD9
263,35,85,#AA8DD9
264,35,85,#AB8DD9
265,35,85,#AC8DD9
266,35,85,#AE8DD9
267,35,85,#AF8DD9
268,35,85,#B08DD9
269,35,85,#B28DD9
270,35,85,#B38DD9
271,35,85,#B48DD9
272,35,85,#B58DD9
273,35,85,#B78DD9
274,35,85,#B88DD9
275,35,85,#B98DD9
276,35,85,#BA8DD9
277,35,85,#BC8DD9
278,35,85,#BD8DD9
279,35,85,#BE8DD9
280,35,85,#BF8DD9
281,35,85,#C18DD9
282,35,85,#C28DD9
283,35,85,#C38DD9
284,35,85,#C58DD9
285,35,85,#C68DD9
286,35,85,#C78DD9
287,35,85,#C88DD9
288,35,85,#CA8DD9
289,35,85,#CB8DD9
290,35,85,#CC8DD9
291,35,85,#CD8DD9
292,35,85,#CF8DD9
293,35,85,#D08DD9
294,35,85,#D18DD9
295,35,85,#D28DD9
296,35,85,#D48DD9
297,35,85,#D58DD9
298,35,85,#D68DD9
299,35,85,#D78DD9
300,35,85,#D98DD9
301,35,85,#D98DD7
302,35,85,#D98DD6
303,35,85,#D98DD5
304,35,85,#D98DD4
305,35,85,#D98DD2
306,35,85,#D98DD1
307,35,85,#D98DD0
308,35,85,#D98DCF
309,35,85,#D98DCD
310,35,85,#D98DCC
311,35,85,#D98DCB
312,35,85,#D98DCA
313,35,85,#D98DC8
314,35,85,#D98DC7
315,35,85,#D98DC6
316,35,85,#D98DC5
317,35,85,#D98DC3
318,35,85,#D98DC2
319,35,85,#D98DC1
320,35,85,#D98DBF
321,35,85,#D98DBE
322,35,85,#D98DBD
323,35,85,#D98DBC
324,35,85,#D98DBA
325,35,85,#D98DB9
326,35,85,#D98DB8
327,35,85,#D98DB7
328,35,85,#D98DB5
329,35,85,#D98DB4
330,35,85,#D98DB3
331,35,85,#D98DB2
332,35,85,#D98DB0
333,35,85,#D98DAF
334,35,85,#D98DAE
335,35,85,#D98DAC
336,35,85,#D98DAB
337,35,85,#D98DAA
338,35,85,#D98DA9
339,35,85,#D98DA7
340,35,85,#D98DA6
341,35,85,#D98DA5
342,35,85,#D98DA4
343,35,85,#D98DA2
344,35,85,#D98DA1
345,35,85,#D98DA0
346,35,85,#D98D9F
347,35,85,#D98D9D
348,35,85,#D98D9C
349,35,85,#D98D9B
350,35,85,#D98D9A
351,35,85,#D98D98
352,35,85,#D98D97
353,35,85,#D98D96
354,35,85,#D98D94
355,35,85,#D98D93
356,35,85,#D98D92
357,35,85,#D98D91
358,35,85,#D98D8F
359,35,85,#D98D8E
0,34,85,#D98F8F
1,34,85,#D9908F
2,34,85,#D9928F
3,34,85,#D9938F
4,34,85,#D9948F
5,34,85,#D9958F
6,34,85,#D9968F
7,34,85,#D9988F
8,34,85,#D9998F
9,34,85,#D99A8F
10,34,85,#D99B8F
11,34,85,#D99D8F
12,34,85,#D99E8F
13,34,85,#D99F8F
14,34,85,#D9A08F
15,34,85,#D9A18F
16,34,85,#D9A38F
17,34,85,#D9A48F
18,34,85,#D9A58F
19,34,85,#D9A68F
20,34,85,#D9A88F
21,34,85,#D9A98F
22,34,85,#D9AA8F
23,34,85,#D9AB8F
24,34,85,#D9AD8F
25,34,85,#D9AE8F
26,34,85,#D9AF8F
27,34,85,#D9B08F
28,34,85,#D9B18F
29,34,85,#D9B38F
30,34,85,#D9B48F
31,34,85,#D9B58F
32,34,85,#D9B68F
33,34,85,#D9B88F
34,34,85,#D9B98F
35,34,85,#D9BA8F
36,34,85,#D9BB8F
37,34,85,#D9BD8F
38,34,85,#D9BE8F
39,34,85,#D9BF8F
40,34,85,#D9C08F
41,34,85,#D9C18F
42,34,85,#D9C38F
43,34,85,#D9C48F
44,34,85,#D9C58F
45,34,85,#D9C68F
46,34,85,#D9C88F
47,34,85,#D9C98F
48,34,85,#D9CA8F
49,34,85,#D9CB8F
50,34,85,#D9CC8F
51,34,85,#D9CE8F
52,34,85,#D9CF8F
53,34,85,#D9D08F
54,34,85,#D9D18F
55,34,85,#D9D38F
56,34,85,#D9D48F
57,34,85,#D9D58F
58,34,85,#D9D68F
59,34,85,#D9D88F
60,34,85,#D9D98F
61,34,85,#D8D98F
62,34,85,#D6D98F
63,34,85,#D5D98F
64,34,85,#D4D98F
65,34,85,#D3D98F
66,34,85,#D1D98F
67,34,85,#D0D98F
68,34,85,#CFD98F
69,34,85,#CED98F
70,34,85,#CCD98F
71,34,85,#CBD98F
72,34,85,#CAD98F
73,34,85,#C9D98F
74,34,85,#C8D98F
75,34,85,#C6D98F
76,34,85,#C5D98F
77,34,85,#C4D98F
78,34,85,#C3D98F
79,34,85,#C1D98F
80,34,85,#C0D98F
81,34,85,#BFD98F
82,34,85,#BED98F
83,34,85,#BDD98F
84,34,85,#BBD98F
85,34,85,#BAD98F
86,34,85,#B9D98F
87,34,85,#B8D98F
88,34,85,#B6D98F
89,34,85,#B5D98F
90,34,85,#B4D98F
91,34,85,#B3D98F
92,34,85,#B1D98F
93,34,85,#B0D98F
94,34,85,#AFD98F
95,34,85,#AED98F
96,34,85,#ADD98F
97,34,85,#ABD98F
98,34,85,#AAD98F
99,34,85,#A9D98F
100,34,85,#A8D98F
101,34,85,#A6D98F
102,34,85,#A5D98F
103,34,85,#A4D98F
104,34,85,#A3D98F
105,34,85,#A1D98F
106,34,85,#A0D98F
107,34,85,#9FD98F
108,34,85,#9ED98F
109,34,85,#9DD98F
110,34,85,#9BD98F
111,34,85,#9AD98F
112,34,85,#99D98F
113,34,85,#98D98F
114,34,85,#96D98F
115,34,85,#95D98F
116,34,85,#94D98F
117,34,85,#93D98F
118,34,85,#92D98F
119,34,85,#90D98F
120,34,85,#8FD98F
121,34,85,#8FD990
122,34,85,#8FD992
123,34,85,#8FD993
124,34,85,#8FD994
125,34,85,#8FD995
126,34,85,#8FD996
127,34,85,#8FD998
128,34,85,#8FD999
129,34,85,#8FD99A
130,34,85,#8FD99B
131,34,85,#8FD99D
132,34,85,#8FD99E
133,34,85,#8FD99F
134,34,85,#8FD9A0
135,34,85,#8FD9A1
136,34,85,#8FD9A3
137,34,85,#8FD9A4
138,34,85,#8FD9A5
139,34,85,#8FD9A6
140,34,85,#8FD9A8
141,34,85,#8FD9A9
142,34,85,#8FD9AA
143,34,85,#8FD9AB
144,34,85,#8FD9AD
145,34,85,#8FD9AE
146,34,85,#8FD9AF
147,34,85,#8FD9B0
148,34,85,#8FD9B1
149,34,85,#8FD9B3
150,34,85,#8FD9B4
151,34,85,#8FD9B5
152,34,85,#8FD9B6
153,34,85,#8FD9B8
154,34,85,#8FD9B9
155,34,85,#8FD9BA
156,34,85,#8FD9BB
157,34,85,#8FD9BD
158,34,85,#8FD9BE
159,34,85,#8FD9BF
160,34,85,#8FD9C0
161,34,85,#8FD9C1
162,34,85,#8FD9C3
163,34,85,#8FD9C4
164,34,85,#8FD9C5
165,34,85,#8FD9C6
166,34,85,#8FD9C8
167,34,85,#8FD9C9
168,34,85,#8FD9CA
169,34,85,#8FD9CB
170,34,85,#8FD9CC
171,34,85,#8FD9CE
172,34,85,#8FD9CF
173,34,85,#8FD9D0
174,34,85,#8FD9D1
175,34,85,#8FD9D3
176,34,85,#8FD9D4
177,34,85,#8FD9D5
178,34,85,#8FD9D6
179,34,85,#8FD9D8
180,34,85,#8FD9D9
181,34,85,#8FD8D9
182,34,85,#8FD6D9
183,34,85,#8FD5D9
184,34,85,#8FD4D9
185,34,85,#8FD3D9
186,34,85,#8FD1D9
187,34,85,#8FD0D9
188,34,85,#8FCFD9
189,34,85,#8FCED9
190,34,85,#8FCCD9
191,34,85,#8FCBD9
192,34,85,#8FCAD9
193,34,85,#8FC9D9
194,34,85,#8FC8D9
195,34,85,#8FC6D9
196,34,85,#8FC5D9
197,34,85,#8FC4D9
198,34,85,#8FC3D9
199,34,85,#8FC1D9
200,34,85,#8FC0D9
201,34,85,#8FBFD9
202,34,85,#8FBED9
203,34,85,#8FBDD9
204,34,85,#8FBBD9
205,34,85,#8FBAD9
206,34,85,#8FB9D9
207,34,85,#8FB8D9
208,34,85,#8FB6D9
209,34,85,#8FB5D9
210,34,85,#8FB4D9
211,34,85,#8FB3D9
212,34,85,#8FB1D9
213,34,85,#8FB0D9
214,34,85,#8FAFD9
215,34,85,#8FAED9
216,34,85,#8FADD9
217,34,85,#8FABD9
218,34,85,#8FAAD9
219,34,85,#8FA9D9
220,34,85,#8FA8D9
221,34,85,#8FA6D9
222,34,85,#8FA5D9
223,34,85,#8FA4D9
224,34,85,#8FA3D9
225,34,85,#8FA1D9
226,34,85,#8FA0D9
227,34,85,#8F9FD9
228,34,85,#8F9ED9
229,34,85,#8F9DD9
230,34,85,#8F9BD9
231,34,85,#8F9AD9
232,34,85,#8F99D9
233,34,85,#8F98D9
234,34,85,#8F96D9
235,34,85,#8F95D9
236,34,85,#8F94D9
237,34,85,#8F93D9
238,34,85,#8F92D9
239,34,85,#8F90D9
240,34,85,#8F8FD9
241,34,85,#908FD9
242,34,85,#928FD9
243,34,85,#938FD9
244,34,85,#948FD9
245,34,85,#958FD9
246,34,85,#968FD9
247,34,85,#988FD9
248,34,85,#998FD9
249,34,85,#9A8FD9
250,34,85,#9B8FD9
251,34,85,#9D8FD9
252,34,85,#9E8FD9
253,34,85,#9F8FD9
254,34,85,#A08FD9
255,34,85,#A18FD9
256,34,85,#A38FD9
257,34,85,#A48FD9
258,34,85,#A58FD9
259,34,85,#A68FD9
260,34,85,#A88FD9
261,34,85,#A98FD9
262,34,85,#AA8FD9
263,34,85,#AB8FD9
264,34,85,#AD8FD9
265,34,85,#AE8FD9
266,34,85,#AF8FD9
267,34,85,#B08FD9
268,34,85,#B18FD9
269,34,85,#B38FD9
270,34,85,#B48FD9
271,34,85,#B58FD9
272,34,85,#B68FD9
273,34,85,#B88FD9
274,34,85,#B98FD9
275,34,85,#BA8FD9
276,34,85,#BB8FD9
277,34,85,#BD8FD9
278,34,85,#BE8FD9
279,34,85,#BF8FD9
280,34,85,#C08FD9
281,34,85,#C18FD9
282,34,85,#C38FD9
283,34,85,#C48FD9
284,34,85,#C58FD9
285,34,85,#C68FD9
286,34,85,#C88FD9
287,34,85,#C98FD9
288,34,85,#CA8FD9
289,34,85,#CB8FD9
290,34,85,#CC8FD9
291,34,85,#CE8FD9
292,34,85,#CF8FD9
293,34,85,#D08FD9
294,34,85,#D18FD9
295,34,85,#D38FD9
296,34,85,#D48FD9
297,34,85,#D58FD9
298,34,85,#D68FD9
299,34,85,#D88FD9
300,34,85,#D98FD9
301,34,85,#D98FD8
302,34,85,#D98FD6
303,34,85,#D98FD5
304,34,85,#D98FD4
305,34,85,#D98FD3
306,34,85,#D98FD1
307,34,85,#D98FD0
308,34,85,#D98FCF
309,34,85,#D98FCE
310,34,85,#D98FCC
311,34,85,#D98FCB
312,34,85,#D98FCA
313,34,85,#D98FC9
314,34,85,#D98FC8
315,34,85,#D98FC6
316,34,85,#D98FC5
317,34,85,#D98FC4
318,34,85,#D98FC3
319,34,85,#D98FC1
320,34,85,#D98FC0
321,34,85,#D98FBF
322,34,85,#D98FBE
323,34,85,#D98FBD
324,34,85,#D98FBB
325,34,85,#D98FBA
326,34,85,#D98FB9
327,34,85,#D98FB8
328,34,85,#D98FB6
329,34,85,#D98FB5
330,34,85,#D98FB4
331,34,85,#D98FB3
332,34,85,#D98FB1
333,34,85,#D98FB0
334,34,85,#D98FAF
335,34,85,#D98FAE
336,34,85,#D98FAD
337,34,85,#D98FAB
338,34,85,#D98FAA
339,34,85,#D98FA9
340,34,85,#D98FA8
341,34,85,#D98FA6
342,34,85,#D98FA5
343,34,85,#D98FA4
344,34,85,#D98FA3
345,34,85,#D98FA1
346,34,85,#D98FA0
347,34,85,#D98F9F
348,34,85,#D98F9E
349,34,85,#D98F9D
350,34,85,#D98F9B
351,34,85,#D98F9A
352,34,85,#D98F99
353,34,85,#D98F98
354,34,85,#D98F96
355,34,85,#D98F95
356,34,85,#D98F94
357,34,85,#D98F93
358,34,85,#D98F92
359,34,85,#D98F90
0,33,85,#D99191
1,33,85,#D99291
2,33,85,#D99491
3,33,85,#D99591
4,33,85,#D99691
5,33,85,#D99791
6,33,85,#D99891
7,33,85,#D99A91
8,33,85,#D99B91
9,33,85,#D99C91
10,33,85,#D99D91
11,33,85,#D99E91
12,33,85,#D9A091
13,33,85,#D9A191
14,33,85,#D9A291
15,33,85,#D9A391
16,33,85,#D9A491
17,33,85,#D9A591
18,33,85,#D9A791
19,33,85,#D9A891
20,33,85,#D9A991
21,33,85,#D9AA91
22,33,85,#D9AB91
23,33,85,#D9AD91
24,33,85,#D9AE91
25,33,85,#D9AF91
26,33,85,#D9B091
27,33,85,#D9B191
28,33,85,#D9B391
29,33,85,#D9B491
30,33,85,#D9B591
31,33,85,#D9B691
32,33,85,#D9B791
33,33,85,#D9B991
34,33,85,#D9BA91
35,33,85,#D9BB91
36,33,85,#D9BC91
37,33,85,#D9BD91
38,33,85,#D9BF91
39,33,85,#D9C091
40,33,85,#D9C191
41,33,85,#D9C291
42,33,85,#D9C391
43,33,85,#D9C491
44,33,85,#D9C691
45,33,85,#D9C791
46,33,85,#D9C891
47,33,85,#D9C991
48,33,85,#D9CA91
49,33,85,#D9CC91
50,33,85,#D9CD91
51,33,85,#D9CE91
52,33,85,#D9CF91
53,33,85,#D9D091
54,33,85,#D9D291
55,33,85,#D9D391
56,33,85,#D9D491
57,33,85,#D9D591
58,33,85,#D9D691
59,33,85,#D9D891
60,33,85,#D9D991
61,33,85,#D8D991
62,33,85,#D6D991
63,33,85,#D5D991
64,33,85,#D4D991
65,33,85,#D3D991
66,33,85,#D2D991
67,33,85,#D0D991
68,33,85,#CFD991
69,33,85,#CED991
70,33,85,#CDD991
71,33,85,#CCD991
72,33,85,#CAD991
73,33,85,#C9D991
74,33,85,#C8D991
75,33,85,#C7D991
76,33,85,#C6D991
77,33,85,#C4D991
78,33,85,#C3D991
79,33,85,#C2D991
80,33,85,#C1D991
81,33,85,#C0D991
82,33,85,#BFD991
83,33,85,#BDD991
84,33,85,#BCD991
85,33,85,#BBD991
86,33,85,#BAD991
87,33,85,#B9D991
88,33,85,#B7D991
89,33,85,#B6D991
90,33,85,#B5D991
91,33,85,#B4D991
92,33,85,#B3D991
93,33,85,#B1D991
94,33,85,#B0D991
95,33,85,#AFD991
96,33,85,#AED991
97,33,85,#ADD991
98,33,85,#ABD991
99,33,85,#AAD991
100,33,85,#A9D991
101,33,85,#A8D991
102,33,85,#A7D991
103,33,85,#A5D991
104,33,85,#A4D991
105,33,85,#A3D991
106,33,85,#A2D991
107,33,85,#A1D991
108,33,85,#A0D991
109,33,85,#9ED991
110,33,85,#9DD991
111,33,85,#9CD991
112,33,85,#9BD991
113,33,85,#9AD991
114,33,85,#98D991
115,33,85,#97D991
116,33,85,#96D991
117,33,85,#95D991
118,33,85,#94D991
119,33,85,#92D991
120,33,85,#91D991
121,33,85,#91D992
122,33,85,#91D994
123,33,85,#91D995
124,33,85,#91D996
125,33,85,#91D997
126,33,85,#91D998
127,33,85,#91D99A
128,33,85,#91D99B
129,33,85,#91D99C
130,33,85,#91D99D
131,33,85,#91D99E
132,33,85,#91D9A0
133,33,85,#91D9A1
134,33,85,#91D9A2
135,33,85,#91D9A3
136,33,85,#91D9A4
137,33,85,#91D9A5
138,33,85,#91D9A7
139,33,85,#91D9A8
140,33,85,#91D9A9
141,33,85,#91D9AA
142,33,85,#91D9AB
143,33,85,#91D9AD
144,33,85,#91D9AE
145,33,85,#91D9AF
146,33,85,#91D9B0
147,33,85,#91D9B1
148,33,85,#91D9B3
149,33,85,#91D9B4
150,33,85,#91D9B5
151,33,85,#91D9B6
152,33,85,#91D9B7
153,33,85,#91D9B9
154,33,85,#91D9BA
155,33,85,#91D9BB
156,33,85,#91D9BC
157,33,85,#91D9BD
158,33,85,#91D9BF
159,33,85,#91D9C0
160,33,85,#91D9C1
161,33,85,#91D9C2
162,33,85,#91D9C3
163,33,85,#91D9C4
164,33,85,#91D9C6
165,33,85,#91D9C7
166,33,85,#91D9C8
167,33,85,#91D9C9
168,33,85,#91D9CA
169,33,85,#91D9CC
170,33,85,#91D9CD
171,33,85,#91D9CE
172,33,85,#91D9CF
173,33,85,#91D9D0
174,33,85,#91D9D2
175,33,85,#91D9D3
176,33,85,#91D9D4
177,33,85,#91D9D5
178,33,85,#91D9D6
179,33,85,#91D9D8
180,33,85,#91D9D9
181,33,85,#91D8D9
182,33,85,#91D6D9
183,33,85,#91D5D9
184,33,85,#91D4D9
185,33,85,#91D3D9
186,33,85,#91D2D9
187,33,85,#91D0D9
188,33,85,#91CFD9
189,33,85,#91CED9
190,33,85,#91CDD9
191,33,85,#91CCD9
192,33,85,#91CAD9
193,33,85,#91C9D9
194,33,85,#91C8D9
195,33,85,#91C7D9
196,33,85,#91C6D9
197,33,85,#91C4D9
198,33,85,#91C3D9
199,33,85,#91C2D9
200,33,85,#91C1D9
201,33,85,#91C0D9
202,33,85,#91BFD9
203,33,85,#91BDD9
204,33,85,#91BCD9
205,33,85,#91BBD9
206,33,85,#91BAD9
207,33,85,#91B9D9
208,33,85,#91B7D9
209,33,85,#91B6D9
210,33,85,#91B5D9
211,33,85,#91B4D9
212,33,85,#91B3D9
213,33,85,#91B1D9
214,33,85,#91B0D9
215,33,85,#91AFD9
216,33,85,#91AED9
217,33,85,#91ADD9
218,33,85,#91ABD9
219,33,85,#91AAD9
220,33,85,#91A9D9
221,33,85,#91A8D9
222,33,85,#91A7D9
223,33,85,#91A5D9
224,33,85,#91A4D9
225,33,85,#91A3D9
226,33,85,#91A2D9
227,33,85,#91A1D9
228,33,85,#91A0D9
229,33,85,#919ED9
230,33,85,#919DD9
231,33,85,#919CD9
232,33,85,#919BD9
233,33,85,#919AD9
234,33,85,#9198D9
235,33,85,#9197D9
236,33,85,#9196D9
237,33,85,#9195D9
238,33,85,#9194D9
239,33,85,#9192D9
240,33,85,#9191D9
241,33,85,#9291D9
242,33,85,#9491D9
243,33,85,#9591D9
244,33,85,#9691D9
245,33,85,#9791D9
246,33,85,#9891D9
247,33,85,#9A91D9
248,33,85,#9B91D9
249,33,85,#9C91D9
250,33,85,#9D91D9
251,33,85,#9E91D9
252,33,85,#A091D9
253,33,85,#A191D9
254,33,85,#A291D9
255,33,85,#A391D9
256,33,85,#A491D9
257,33,85,#A591D9
258,33,85,#A791D9
259,33,85,#A891D9
260,33,85,#A991D9
261,33,85,#AA91D9
262,33,85,#AB91D9
263,33,85,#AD91D9
264,33,85,#AE91D9
265,33,85,#AF91D9
266,33,85,#B091D9
267,33,85,#B191D9
268,33,85,#B391D9
269,33,85,#B491D9
270,33,85,#B591D9
271,33,85,#B691D9
272,33,85,#B791D9
273,33,85,#B991D9
274,33,85,#BA91D9
275,33,85,#BB91D9
276,33,85,#BC91D9
277,33,85,#BD91D9
278,33,85,#BF91D9
279,33,85,#C091D9
280,33,85,#C191D9
281,33,85,#C291D9
282,33,85,#C391D9
283,33,85,#C491D9
284,33,85,#C691D9
285,33,85,#C791D9
286,33,85,#C891D9
287,33,85,#C991D9
288,33,85,#CA91D9
289,33,85,#CC91D9
290,33,85,#CD91D9
291,33,85,#CE91D9
292,33,85,#CF91D9
293,33,85,#D091D9
294,33,85,#D291D9
295,33,85,#D391D9
296,33,85,#D491D9
297,33,85,#D591D9
298,33,85,#D691D9
299,33,85,#D891D9
300,33,85,#D991D9
301,33,85,#D991D8
302,33,85,#D991D6
303,33,85,#D991D5
304,33,85,#D991D4
305,33,85,#D991D3
306,33,85,#D991D2
307,33,85,#D991D0
308,33,85,#D991CF
309,33,85,#D991CE
310,33,85,#D991CD
311,33,85,#D991CC
312,33,85,#D991CA
313,33,85,#D991C9
314,33,85,#D991C8
315,33,85,#D991C7
316,33,85,#D991C6
317,33,85,#D991C4
318,33,85,#D991C3
319,33,85,#D991C2
320,33,85,#D991C1
321,33,85,#D991C0
322,33,85,#D991BF
323,33,85,#D991BD
324,33,85,#D991BC
325,33,85,#D991BB
326,33,85,#D991BA
327,33,85,#D991B9
328,33,85,#D991B7
329,33,85,#D991B6
330,33,85,#D991B5
331,33,85,#D991B4
332,33,85,#D991B3
333,33,85,#D991B1
334,33,85,#D991B0
335,33,85,#D991AF
336,33,85,#D991AE
337,33,85,#D991AD
338,33,85,#D991AB
339,33,85,#D991AA
340,33,85,#D991A9
341,33,85,#D991A8
342,33,85,#D991A7
343,33,85,#D991A5
344,33,85,#D991A4
345,33,85,#D991A3
346,33,85,#D991A2
347,33,85,#D991A1
348,33,85,#D991A0
349,33,85,#D9919E
350,33,85,#D9919D
351,33,85,#D9919C
352,33,85,#D9919B
353,33,85,#D9919A
354,33,85,#D99198
355,33,85,#D99197
356,33,85,#D99196
357,33,85,#D99195
358,33,85,#D99194
359,33,85,#D99192
0,32,85,#D99393
1,32,85,#D99593
2,32,85,#D99693
3,32,85,#D99793
4,32,85,#D99893
5,32,85,#D99993
6,32,85,#D99A93
7,32,85,#D99B93
8,32,85,#D99D93
9,32,85,#D99E93
10,32,85,#D99F93
11,32,85,#D9A093
12,32,85,#D9A193
13,32,85,#D9A293
14,32,85,#D9A493
15,32,85,#D9A593
16,32,85,#D9A693
17,32,85,#D9A793
18,32,85,#D9A893
19,32,85,#D9A993
20,32,85,#D9AB93
21,32,85,#D9AC93
22,32,85,#D9AD93
23,32,85,#D9AE93
24,32,85,#D9AF93
25,32,85,#D9B093
26,32,85,#D9B193
27,32,85,#D9B393
28,32,85,#D9B493
29,32,85,#D9B593
30,32,85,#D9B693
31,32,85,#D9B793
32,32,85,#D9B893
33,32,85,#D9BA93
34,32,85,#D9BB93
35,32,85,#D9BC93
36,32,85,#D9BD93
37,32,85,#D9BE93
38,32,85,#D9BF93
39,32,85,#D9C093
40,32,85,#D9C293
41,32,85,#D9C393
42,32,85,#D9C493
43,32,85,#D9C593
44,32,85,#D9C693
45,32,85,#D9C793
46,32,85,#D9C993
47,32,85,#D9CA93
48,32,85,#D9CB93
49,32,85,#D9CC93
50,32,85,#D9CD93
51,32,85,#D9CE93
52,32,85,#D9D093
53,32,85,#D9D193
54,32,85,#D9D293
55,32,85,#D9D393
56,32,85,#D9D493
57,32,85,#D9D593
58,32,85,#D9D693
59,32,85,#D9D893
60,32,85,#D9D993
61,32,85,#D8D993
62,32,85,#D6D993
63,32,85,#D5D993
64,32,85,#D4D993
65,32,85,#D3D993
66,32,85,#D2D993
67,32,85,#D1D993
68,32,85,#D0D993
69,32,85,#CED993
70,32,85,#CDD993
71,32,85,#CCD993
72,32,85,#CBD993
73,32,85,#CAD993
74,32,85,#C9D993
75,32,85,#C7D993
76,32,85,#C6D993
77,32,85,#C5D993
78,32,85,#C4D993
79,32,85,#C3D993
80,32,85,#C2D993
81,32,85,#C0D993
82,32,85,#BFD993
83,32,85,#BED993
84,32,85,#BDD993
85,32,85,#BCD993
86,32,85,#BBD993
87,32,85,#BAD993
88,32,85,#B8D993
89,32,85,#B7D993
90,32,85,#B6D993
91,32,85,#B5D993
92,32,85,#B4D993
93,32,85,#B3D993
94,32,85,#B1D993
95,32,85,#B0D993
96,32,85,#AFD993
97,32,85,#AED993
98,32,85,#ADD993
99,32,85,#ACD993
100,32,85,#ABD993
101,32,85,#A9D993
102,32,85,#A8D993
103,32,85,#A7D993
104,32,85,#A6D993
105,32,85,#A5D993
106,32,85,#A4D993
107,32,85,#A2D993
108,32,85,#A1D993
109,32,85,#A0D993
110,32,85,#9FD993
111,32,85,#9ED993
112,32,85,#9DD993
113,32,85,#9BD993
114,32,85,#9AD993
115,32,85,#99D993
116,32,85,#98D993
117,32,85,#97D993
118,32,85,#96D993
119,32,85,#95D993
120,32,85,#93D993
121,32,85,#93D995
122,32,85,#93D996
123,32,85,#93D997
124,32,85,#93D998
125,32,85,#93D999
126,32,85,#93D99A
127,32,85,#93D99B
128,32,85,#93D99D
129,32,85,#93D99E
130,32,85,#93D99F
131,32,85,#93D9A0
132,32,85,#93D9A1
133,32,85,#93D9A2
134,32,85,#93D9A4
135,32,85,#93D9A5
136,32,85,#93D9A6
137,32,85,#93D9A7
138,32,85,#93D9A8
139,32,85,#93D9A9
140,32,85,#93D9AB
141,32,85,#93D9AC
142,32,85,#93D9AD
143,32,85,#93D9AE
144,32,85,#93D9AF
145,32,85,#93D9B0
146,32,85,#93D9B1
147,32,85,#93D9B3
148,32,85,#93D9B4
149,32,85,#93D9B5
150,32,85,#93D9B6
151,32,85,#93D9B7
152,32,85,#93D9B8
153,32,85,#93D9BA
154,32,85,#93D9BB
155,32,85,#93D9BC
156,32,85,#93D9BD
157,32,85,#93D9BE
158,32,85,#93D9BF
159,32,85,#93D9C0
160,32,85,#93D9C2
161,32,85,#93D9C3
162,32,85,#93D9C4
163,32,85,#93D9C5
164,32,85,#93D9C6
165,32,85,#93D9C7
166,32,85,#93D9C9
167,32,85,#93D9CA
168,32,85,#93D9CB
169,32,85,#93D9CC
170,32,85,#93D9CD
171,32,85,#93D9CE
172,32,85,#93D9D0
173,32,85,#93D9D1
174,32,85,#93D9D2
175,32,85,#93D9D3
176,32,85,#93D9D4
177,32,85,#93D9D5
178,32,85,#93D9D6
179,32,85,#93D9D8
180,32,85,#93D9D9
181,32,85,#93D8D9
182,32,85,#93D6D9
183,32,85,#93D5D9
184,32,85,#93D4D9
185,32,85,#93D3D9
186,32,85,#93D2D9
187,32,85,#93D1D9
188,32,85,#93D0D9
189,32,85,#93CED9
190,32,85,#93CDD9
191,32,85,#93CCD9
192,32,85,#93CBD9
193,32,85,#93CAD9
194,32,85,#93C9D9
195,32,85,#93C7D9
196,32,85,#93C6D9
197,32,85,#93C5D9
198,32,85,#93C4D9
199,32,85,#93C3D9
200,32,85,#93C2D9
201,32,85,#93C0D9
202,32,85,#93BFD9
203,32,85,#93BED9
204,32,85,#93BDD9
205,32,85,#93BCD9
206,32,85,#93BBD9
207,32,85,#93BAD9
208,32,85,#93B8D9
209,32,85,#93B7D9
210,32,85,#93B6D9
211,32,85,#93B5D9
212,32,85,#93B4D9
213,32,85,#93B3D9
214,32,85,#93B1D9
215,32,85,#93B0D9
216,32,85,#93AFD9
217,32,85,#93AED9
218,32,85,#93ADD9
219,32,85,#93ACD9
220,32,85,#93ABD9
221,32,85,#93A9D9
222,32,85,#93A8D9
223,32,85,#93A7D9
224,32,85,#93A6D9
225,32,85,#93A5D9
226,32,85,#93A4D9
227,32,85,#93A2D9
228,32,85,#93A1D9
229,32,85,#93A0D9
230,32,85,#939FD9
231,32,85,#939ED9
232,32,85,#939DD9
233,32,85,#939BD9
234,32,85,#939AD9
235,32,85,#9399D9
236,32,85,#9398D9
237,32,85,#9397D9
238,32,85,#9396D9
239,32,85,#9395D9
240,32,85,#9393D9
241,32,85,#9593D9
242,32,85,#9693D9
243,32,85,#9793D9
244,32,85,#9893D9
245,32,85,#9993D9
246,32,85,#9A93D9
247,32,85,#9B93D9
248,32,85,#9D93D9
249,32,85,#9E93D9
250,32,85,#9F93D9
251,32,85,#A093D9
252,32,85,#A193D9
253,32,85,#A293D9
254,32,85,#A493D9
255,32,85,#A593D9
256,32,85,#A693D9
257,32,85,#A793D9
258,32,85,#A893D9
259,32,85,#A993D9
260,32,85,#AB93D9
261,32,85,#AC93D9
262,32,85,#AD93D9
263,32,85,#AE93D9
264,32,85,#AF93D9
265,32,85,#B093D9
266,32,85,#B193D9
267,32,85,#B393D9
268,32,85,#B493D9
269,32,85,#B593D9
270,32,85,#B693D9
271,32,85,#B793D9
272,32,85,#B893D9
273,32,85,#BA93D9
274,32,85,#BB93D9
275,32,85,#BC93D9
276,32,85,#BD93D9
277,32,85,#BE93D9
278,32,85,#BF93D9
279,32,85,#C093D9
280,32,85,#C293D9
281,32,85,#C393D9
282,32,85,#C493D9
283,32,85,#C593D9
284,32,85,#C693D9
285,32,85,#C793D9
286,32,85,#C993D9
287,32,85,#CA93D9
288,32,85,#CB93D9
289,32,85,#CC93D9
290,32,85,#CD93D9
291,32,85,#CE93D9
292,32,85,#D093D9
293,32,85,#D193D9
294,32,85,#D293D9
295,32,85,#D393D9
296,32,85,#D493D9
297,32,85,#D593D9
298,32,85,#D693D9
299,32,85,#D893D9
300,32,85,#D993D9
301,32,85,#D993D8
302,32,85,#D993D6
303,32,85,#D993D5
304,32,85,#D993D4
305,32,85,#D993D3
306,32,85,#D993D2
307,32,85,#D993D1
308,32,85,#D993D0
309,32,85,#D993CE
310,32,85,#D993CD
311,32,85,#D993CC
312,32,85,#D993CB
313,32,85,#D993CA
314,32,85,#D993C9
315,32,85,#D993C7
316,32,85,#D993C6
317,32,85,#D993C5
318,32,85,#D993C4
319,32,85,#D993C3
320,32,85,#D993C2
321,32,85,#D993C0
322,32,85,#D993BF
323,32,85,#D993BE
324,32,85,#D993BD
325,32,85,#D993BC
326,32,85,#D993BB
327,32,85,#D993BA
328,32,85,#D993B8
329,32,85,#D993B7
330,32,85,#D993B6
331,32,85,#D993B5
332,32,85,#D993B4
333,32,85,#D993B3
334,32,85,#D993B1
335,32,85,#D993B0
336,32,85,#D993AF
337,32,85,#D993AE
338,32,85,#D993AD
339,32,85,#D993AC
340,32,85,#D993AB
341,32,85,#D993A9
342,32,85,#D993A8
343,32,85,#D993A7
344,32,85,#D993A6
345,32,85,#D993A5
346,32,85,#D993A4
347,32,85,#D993A2
348,32,85,#D993A1
349,32,85,#D993A0
350,32,85,#D9939F
351,32,85,#D9939E
352,32,85,#D9939D
353,32,85,#D9939B
354,32,85,#D9939A
355,32,85,#D99399
356,32,85,#D99398
357,32,85,#D99397
358,32,85,#D99396
359,32,85,#D99395
0,31,85,#D99696
1,31,85,#D99796
2,31,85,#D99896
3,31,85,#D99996
4,31,85,#D99A96
5,31,85,#D99B96
6,31,85,#D99C96
7,31,85,#D99D96
8,31,85,#D99F96
9,31,85,#D9A096
10,31,85,#D9A196
11,31,85,#D9A296
12,31,85,#D9A396
13,31,85,#D9A496
14,31,85,#D9A596
15,31,85,#D9A696
16,31,85,#D9A796
17,31,85,#D9A996
18,31,85,#D9AA96
19,31,85,#D9AB96
20,31,85,#D9AC96
21,31,85,#D9AD96
22,31,85,#D9AE96
23,31,85,#D9AF96
24,31,85,#D9B096
25,31,85,#D9B296
26,31,85,#D9B396
27,31,85,#D9B496
28,31,85,#D9B596
29,31,85,#D9B696
30,31,85,#D9B796
31,31,85,#D9B896
32,31,85,#D9B996
33,31,85,#D9BB96
34,31,85,#D9BC96
35,31,85,#D9BD96
36,31,85,#D9BE96
37,31,85,#D9BF96
38,31,85,#D9C096
39,31,85,#D9C196
40,31,85,#D9C296
41,31,85,#D9C396
42,31,85,#D9C596
43,31,85,#D9C696
44,31,85,#D9C796
45,31,85,#D9C896
46,31,85,#D9C996
47,31,85,#D9CA96
48,31,85,#D9CB96
49,31,85,#D9CC96
50,31,85,#D9CE96
51,31,85,#D9CF96
52,31,85,#D9D096
53,31,85,#D9D196
54,31,85,#D9D296
55,31,85,#D9D396
56,31,85,#D9D496
57,31,85,#D9D596
58,31,85,#D9D796
59,31,85,#D9D896
60,31,85,#D9D996
61,31,85,#D8D996
62,31,85,#D7D996
63,31,85,#D5D996
64,31,85,#D4D996
65,31,85,#D3D996
66,31,85,#D2D996
67,31,85,#D1D996
68,31,85,#D0D996
69,31,85,#CFD996
70,31,85,#CED996
71,31,85,#CCD996
72,31,85,#CBD996
73,31,85,#CAD996
74,31,85,#C9D996
75,31,85,#C8D996
76,31,85,#C7D996
77,31,85,#C6D996
78,31,85,#C5D996
79,31,85,#C3D996
80,31,85,#C2D996
81,31,85,#C1D996
82,31,85,#C0D996
83,31,85,#BFD996
84,31,85,#BED996
85,31,85,#BDD996
86,31,85,#BCD996
87,31,85,#BBD996
88,31,85,#B9D996
89,31,85,#B8D996
90,31,85,#B7D996
91,31,85,#B6D996
92,31,85,#B5D996
93,31,85,#B4D996
94,31,85,#B3D996
95,31,85,#B2D996
96,31,85,#B0D996
97,31,85,#AFD996
98,31,85,#AED996
99,31,85,#ADD996
100,31,85,#ACD996
101,31,85,#ABD996
102,31,85,#AAD996
103,31,85,#A9D996
104,31,85,#A7D996
105,31,85,#A6D996
106,31,85,#A5D996
107,31,85,#A4D996
108,31,85,#A3D996
109,31,85,#A2D996
110,31,85,#A1D996
111,31,85,#A0D996
112,31,85,#9FD996
113,31,85,#9DD996
114,31,85,#9CD996
115,31,85,#9BD996
116,31,85,#9AD996
117,31,85,#99D996
118,31,85,#98D996
119,31,85,#97D996
120,31,85,#96D996
121,31,85,#96D997
122,31,85,#96D998
123,31,85,#96D999
124,31,85,#96D99A
125,31,85,#96D99B
126,31,85,#96D99C
127,31,85,#96D99D
128,31,85,#96D99F
129,31,85,#96D9A0
130,31,85,#96D9A1
131,31,85,#96D9A2
132,31,85,#96D9A3
133,31,85,#96D9A4
134,31,85,#96D9A5
135,31,85,#96D9A6
136,31,85,#96D9A7
137,31,85,#96D9A9
138,31,85,#96D9AA
139,31,85,#96D9AB
140,31,85,#96D9AC
141,31,85,#96D9AD
142,31,85,#96D9AE
143,31,85,#96D9AF
144,31,85,#96D9B0
145,31,85,#96D9B2
146,31,85,#96D9B3
147,31,85,#96D9B4
148,31,85,#96D9B5
149,31,85,#96D9B6
150,31,85,#96D9B7
151,31,85,#96D9B8
152,31,85,#96D9B9
153,31,85,#96D9BB
154,31,85,#96D9BC
155,31,85,#96D9BD
156,31,85,#96D9BE
157,31,85,#96D9BF
158,31,85,#96D9C0
159,31,85,#96D9C1
160,31,85,#96D9C2
161,31,85,#96D9C3
162,31,85,#96D9C5
163,31,85,#96D9C6
164,31,85,#96D9C7
165,31,85,#96D9C8
166,31,85,#96D9C9
167,31,85,#96D9CA
168,31,85,#96D9CB
169,31,85,#96D9CC
170,31,85,#96D9CE
171,31,85,#96D9CF
172,31,85,#96D9D0
173,31,85,#96D9D1
174,31,85,#96D9D2
175,31,85,#96D9D3
176,31,85,#96D9D4
177,31,85,#96D9D5
178,31,85,#96D9D7
179,31,85,#96D9D8
180,31,85,#96D9D9
181,31,85,#96D8D9
182,31,85,#96D7D9
183,31,85,#96D5D9
184,31,85,#96D4D9
185,31,85,#96D3D9
186,31,85,#96D2D9
187,31,85,#96D1D9
188,31,85,#96D0D9
189,31,85,#96CFD9
190,31,85,#96CED9
191,31,85,#96CCD9
192,31,85,#96CBD9
193,31,85,#96CAD9
194,31,85,#96C9D9
195,31,85,#96C8D9
196,31,85,#96C7D9
197,31,85,#96C6D9
198,31,85,#96C5D9
199,31,85,#96C3D9
200,31,85,#96C2D9
201,31,85,#96C1D9
202,31,85,#96C0D9
203,31,85,#96BFD9
204,31,85,#96BED9
205,31,85,#96BDD9
206,31,85,#96BCD9
207,31,85,#96BBD9
208,31,85,#96B9D9
209,31,85,#96B8D9
210,31,85,#96B7D9
211,31,85,#96B6D9
212,31,85,#96B5D9
213,31,85,#96B4D9
214,31,85,#96B3D9
215,31,85,#96B2D9
216,31,85,#96B0D9
217,31,85,#96AFD9
218,31,85,#96AED9
219,31,85,#96ADD9
220,31,85,#96ACD9
221,31,85,#96ABD9
222,31,85,#96AAD9
223,31,85,#96A9D9
224,31,85,#96A7D9
225,31,85,#96A6D9
226,31,85,#96A5D9
227,31,85,#96A4D9
228,31,85,#96A3D9
229,31,85,#96A2D9
230,31,85,#96A1D9
231,31,85,#96A0D9
232,31,85,#969FD9
233,31,85,#969DD9
234,31,85,#969CD9
235,31,85,#969BD9
236,31,85,#969AD9
237,31,85,#9699D9
238,31,85,#9698D9
239,31,85,#9697D9
240,31,85,#9696D9
241,31,85,#9796D9
242,31,85,#9896D9
243,31,85,#9996D9
244,31,85,#9A96D9
245,31,85,#9B96D9
246,31,85,#9C96D9
247,31,85,#9D96D9
248,31,85,#9F96D9
249,31,85,#A096D9
250,31,85,#A196D9
251,31,85,#A296D9
252,31,85,#A396D9
253,31,85,#A496D9
254,31,85,#A596D9
255,31,85,#A696D9
256,31,85,#A796D9
257,31,85,#A996D9
258,31,85,#AA96D9
259,31,85,#AB96D9
260,31,85,#AC96D9
261,31,85,#AD96D9
262,31,85,#AE96D9
263,31,85,#AF96D9
264,31,85,#B096D9
265,31,85,#B296D9
266,31,85,#B396D9
267,31,85,#B496D9
268,31,85,#B596D9
269,31,85,#B696D9
270,31,85,#B796D9
271,31,85,#B896D9
272,31,85,#B996D9
273,31,85,#BB96D9
274,31,85,#BC96D9
275,31,85,#BD96D9
276,31,85,#BE96D9
277,31,85,#BF96D9
278,31,85,#C096D9
279,31,85,#C196D9
280,31,85,#C296D9
281,31,85,#C396D9
282,31,85,#C596D9
283,31,85,#C696D9
284,31,85,#C796D9
285,31,85,#C896D9
286,31,85,#C996D9
287,31,85,#CA96D9
288,31,85,#CB96D9
289,31,85,#CC96D9
290,31,85,#CE96D9
291,31,85,#CF96D9
292,31,85,#D096D9
293,31,85,#D196D9
294,31,85,#D296D9
295,31,85,#D396D9
296,31,85,#D496D9
297,31,85,#D596D9
298,31,85,#D796D9
299,31,85,#D896D9
300,31,85,#D996D9
301,31,85,#D996D8
302,31,85,#D996D7
303,31,85,#D996D5
304,31,85,#D996D4
305,31,85,#D996D3
306,31,85,#D996D2
307,31,85,#D996D1
308,31,85,#D996D0
309,31,85,#D996CF
310,31,85,#D996CE
311,31,85,#D996CC
312,31,85,#D996CB
313,31,85,#D996CA
314,31,85,#D996C9
315,31,85,#D996C8
316,31,85,#D996C7
317,31,85,#D996C6
318,31,85,#D996C5
319,31,85,#D996C3
320,31,85,#D996C2
321,31,85,#D996C1
322,31,85,#D996C0
323,31,85,#D996BF
324,31,85,#D996BE
325,31,85,#D996BD
326,31,85,#D996BC
327,31,85,#D996BB
328,31,85,#D996B9
329,31,85,#D996B8
330,31,85,#D996B7
331,31,85,#D996B6
332,31,85,#D996B5
333,31,85,#D996B4
334,31,85,#D996B3
335,31,85,#D996B2
336,31,85,#D996B0
337,31,85,#D996AF
338,31,85,#D996AE
339,31,85,#D996AD
340,31,85,#D996AC
341,31,85,#D996AB
342,31,85,#D996AA
343,31,85,#D996A9
344,31,85,#D996A7
345,31,85,#D996A6
346,31,85,#D996A5
347,31,85,#D996A4
348,31,85,#D996A3
349,31,85,#D996A2
350,31,85,#D996A1
351,31,85,#D996A0
352,31,85,#D9969F
353,31,85,#D9969D
354,31,85,#D9969C
355,31,85,#D9969B
356,31,85,#D9969A
357,31,85,#D99699
358,31,85,#D99698
359,31,85,#D99697
0,30,85,#D99898
1,30,85,#D99998
2,30,85,#D99A98
3,30,85,#D99B98
4,30,85,#D99C98
5,30,85,#D99D98
6,30,85,#D99E98
7,30,85,#D99F98
8,30,85,#D9A098
9,30,85,#D9A198
10,30,85,#D9A398
11,30,85,#D9A498
12,30,85,#D9A598
13,30,85,#D9A698
14,30,85,#D9A798
15,30,85,#D9A898
16,30,85,#D9A998
17,30,85,#D9AA98
18,30,85,#D9AB98
19,30,85,#D9AC98
20,30,85,#D9AD98
21,30,85,#D9AE98
22,30,85,#D9B098
23,30,85,#D9B198
24,30,85,#D9B298
25,30,85,#D9B398
26,30,85,#D9B498
27,30,85,#D9B598
28,30,85,#D9B698
29,30,85,#D9B798
30,30,85,#D9B898
31,30,85,#D9B998
32,30,85,#D9BA98
33,30,85,#D9BB98
34,30,85,#D9BD98
35,30,85,#D9BE98
36,30,85,#D9BF98
37,30,85,#D9C098
38,30,85,#D9C198
39,30,85,#D9C298
40,30,85,#D9C398
41,30,85,#D9C498
42,30,85,#D9C598
43,30,85,#D9C698
44,30,85,#D9C798
45,30,85,#D9C898
46,30,85,#D9CA98
47,30,85,#D9CB98
48,30,85,#D9CC98
49,30,85,#D9CD98
50,30,85,#D9CE98
51,30,85,#D9CF98
52,30,85,#D9D098
53,30,85,#D9D198
54,30,85,#D9D298
55,30,85,#D9D398
56,30,85,#D9D498
57,30,85,#D9D598
58,30,85,#D9D798
59,30,85,#D9D898
60,30,85,#D9D998
61,30,85,#D8D998
62,30,85,#D7D998
63,30,85,#D5D998
64,30,85,#D4D998
65,30,85,#D3D998
66,30,85,#D2D998
67,30,85,#D1D998
68,30,85,#D0D998
69,30,85,#CFD998
70,30,85,#CED998
71,30,85,#CDD998
72,30,85,#CCD998
73,30,85,#CBD998
74,30,85,#CAD998
75,30,85,#C8D998
76,30,85,#C7D998
77,30,85,#C6D998
78,30,85,#C5D998
79,30,85,#C4D998
80,30,85,#C3D998
81,30,85,#C2D998
82,30,85,#C1D998
83,30,85,#C0D998
84,30,85,#BFD998
85,30,85,#BED998
86,30,85,#BDD998
87,30,85,#BBD998
88,30,85,#BAD998
89,30,85,#B9D998
90,30,85,#B8D998
91,30,85,#B7D998
92,30,85,#B6D998
93,30,85,#B5D998
94,30,85,#B4D998
95,30,85,#B3D998
96,30,85,#B2D998
97,30,85,#B1D998
98,30,85,#B0D998
99,30,85,#AED998
100,30,85,#ADD998
101,30,85,#ACD998
102,30,85,#ABD998
103,30,85,#AAD998
104,30,85,#A9D998
105,30,85,#A8D998
106,30,85,#A7D998
107,30,85,#A6D998
108,30,85,#A5D998
109,30,85,#A4D998
110,30,85,#A3D998
111,30,85,#A1D998
112,30,85,#A0D998
113,30,85,#9FD998
114,30,85,#9ED998
115,30,85,#9DD998
116,30,85,#9CD998
117,30,85,#9BD998
118,30,85,#9AD998
119,30,85,#99D998
120,30,85,#98D998
121,30,85,#98D999
122,30,85,#98D99A
123,30,85,#98D99B
124,30,85,#98D99C
125,30,85,#98D99D
126,30,85,#98D99E
127,30,85,#98D99F
128,30,85,#98D9A0
129,30,85,#98D9A1
130,30,85,#98D9A3
131,30,85,#98D9A4
132,30,85,#98D9A5
133,30,85,#98D9A6
134,30,85,#98D9A7
135,30,85,#98D9A8
136,30,85,#98D9A9
137,30,85,#98D9AA
138,30,85,#98D9AB
139,30,85,#98D9AC
140,30,85,#98D9AD
141,30,85,#98D9AE
142,30,85,#98D9B0
143,30,85,#98D9B1
144,30,85,#98D9B2
145,30,85,#98D9B3
146,30,85,#98D9B4
147,30,85,#98D9B5
148,30,85,#98D9B6
149,30,85,#98D9B7
150,30,85,#98D9B8
151,30,85,#98D9B9
152,30,85,#98D9BA
153,30,85,#98D9BB
154,30,85,#98D9BD
155,30,85,#98D9BE
156,30,85,#98D9BF
157,30,85,#98D9C0
158,30,85,#98D9C1
159,30,85,#98D9C2
160,30,85,#98D9C3
161,30,85,#98D9C4
162,30,85,#98D9C5
163,30,85,#98D9C6
164,30,85,#98D9C7
165,30,85,#98D9C8
166,30,85,#98D9CA
167,30,85,#98D9CB
168,30,85,#98D9CC
169,30,85,#98D9CD
170,30,85,#98D9CE
171,30,85,#98D9CF
172,30,85,#98D9D0
173,30,85,#98D9D1
174,30,85,#98D9D2
175,30,85,#98D9D3
176,30,85,#98D9D4
177,30,85,#98D9D5
178,30,85,#98D9D7
179,30,85,#98D9D8
180,30,85,#98D9D9
181,30,85,#98D8D9
182,30,85,#98D7D9
183,30,85,#98D5D9
184,30,85,#98D4D9
185,30,85,#98D3D9
186,30,85,#98D2D9
187,30,85,#98D1D9
188,30,85,#98D0D9
189,30,85,#98CFD9
190,30,85,#98CED9
191,30,85,#98CDD9
192,30,85,#98CCD9
193,30,85,#98CBD9
194,30,85,#98CAD9
195,30,85,#98C8D9
196,30,85,#98C7D9
197,30,85,#98C6D9
198,30,85,#98C5D9
199,30,85,#98C4D9
200,30,85,#98C3D9
201,30,85,#98C2D9
202,30,85,#98C1D9
203,30,85,#98C0D9
204,30,85,#98BFD9
205,30,85,#98BED9
206,30,85,#98BDD9
207,30,85,#98BBD9
208,30,85,#98BAD9
209,30,85,#98B9D9
210,30,85,#98B8D9
211,30,85,#98B7D9
212,30,85,#98B6D9
213,30,85,#98B5D9
214,30,85,#98B4D9
215,30,85,#98B3D9
216,30,85,#98B2D9
217,30,85,#98B1D9
218,30,85,#98B0D9
219,30,85,#98AED9
220,30,85,#98ADD9
221,30,85,#98ACD9
222,30,85,#98ABD9
223,30,85,#98AAD9
224,30,85,#98A9D9
225,30,85,#98A8D9
226,30,85,#98A7D9
227,30,85,#98A6D9
228,30,85,#98A5D9
229,30,85,#98A4D9
230,30,85,#98A3D9
231,30,85,#98A1D9
232,30,85,#98A0D9
233,30,85,#989FD9
234,30,85,#989ED9
235,30,85,#989DD9
236,30,85,#989CD9
237,30,85,#989BD9
238,30,85,#989AD9
239,30,85,#9899D9
240,30,85,#9898D9
241,30,85,#9998D9
242,30,85,#9A98D9
243,30,85,#9B98D9
244,30,85,#9C98D9
245,30,85,#9D98D9
246,30,85,#9E98D9
247,30,85,#9F98D9
248,30,85,#A098D9
249,30,85,#A198D9
250,30,85,#A398D9
251,30,85,#A498D9
252,30,85,#A598D9
253,30,85,#A698D9
254,30,85,#A798D9
255,30,85,#A898D9
256,30,85,#A998D9
257,30,85,#AA98D9
258,30,85,#AB98D9
259,30,85,#AC98D9
260,30,85,#AD98D9
261,30,85,#AE98D9
262,30,85,#B098D9
263,30,85,#B198D9
264,30,85,#B298D9
265,30,85,#B398D9
266,30,85,#B498D9
267,30,85,#B598D9
268,30,85,#B698D9
269,30,85,#B798D9
270,30,85,#B898D9
271,30,85,#B998D9
272,30,85,#BA98D9
273,30,85,#BB98D9
274,30,85,#BD98D9
275,30,85,#BE98D9
276,30,85,#BF98D9
277,30,85,#C098D9
278,30,85,#C198D9
279,30,85,#C298D9
280,30,85,#C398D9
281,30,85,#C498D9
282,30,85,#C598D9
283,30,85,#C698D9
284,30,85,#C798D9
285,30,85,#C898D9
286,30,85,#CA98D9
287,30,85,#CB98D9
288,30,85,#CC98D9
289,30,85,#CD98D9
290,30,85,#CE98D9
291,30,85,#CF98D9
292,30,85,#D098D9
293,30,85,#D198D9
294,30,85,#D298D9
295,30,85,#D398D9
296,30,85,#D498D9
297,30,85,#D598D9
298,30,85,#D798D9
299,30,85,#D898D9
300,30,85,#D998D9
301,30,85,#D998D8
302,30,85,#D998D7
303,30,85,#D998D5
304,30,85,#D998D4
305,30,85,#D998D3
306,30,85,#D998D2
307,30,85,#D998D1
308,30,85,#D998D0
309,30,85,#D998CF
310,30,85,#D998CE
311,30,85,#D998CD
312,30,85,#D998CC
313,30,85,#D998CB
314,30,85,#D998CA
315,30,85,#D998C8
316,30,85,#D998C7
317,30,85,#D998C6
318,30,85,#D998C5
319,30,85,#D998C4
320,30,85,#D998C3
321,30,85,#D998C2
322,30,85,#D998C1
323,30,85,#D998C0
324,30,85,#D998BF
325,30,85,#D998BE
326,30,85,#D998BD
327,30,85,#D998BB
328,30,85,#D998BA
329,30,85,#D998B9
330,30,85,#D998B8
331,30,85,#D998B7
332,30,85,#D998B6
333,30,85,#D998B5
334,30,85,#D998B4
335,30,85,#D998B3
336,30,85,#D998B2
337,30,85,#D998B1
338,30,85,#D998B0
339,30,85,#D998AE
340,30,85,#D998AD
341,30,85,#D998AC
342,30,85,#D998AB
343,30,85,#D998AA
344,30,85,#D998A9
345,30,85,#D998A8
346,30,85,#D998A7
347,30,85,#D998A6
348,30,85,#D998A5
349,30,85,#D998A4
350,30,85,#D998A3
351,30,85,#D998A1
352,30,85,#D998A0
353,30,85,#D9989F
354,30,85,#D9989E
355,30,85,#D9989D
356,30,85,#D9989C
357,30,85,#D9989B
358,30,85,#D9989A
359,30,85,#D99899
0,29,85,#D99A9A
1,29,85,#D99B9A
2,29,85,#D99C9A
3,29,85,#D99D9A
4,29,85,#D99E9A
5,29,85,#D99F9A
6,29,85,#D9A09A
7,29,85,#D9A19A
8,29,85,#D9A29A
9,29,85,#D9A39A
10,29,85,#D9A49A
11,29,85,#D9A59A
12,29,85,#D9A69A
13,29,85,#D9A89A
14,29,85,#D9A99A
15,29,85,#D9AA9A
16,29,85,#D9AB9A
17,29,85,#D9AC9A
18,29,85,#D9AD9A
19,29,85,#D9AE9A
20,29,85,#D9AF9A
21,29,85,#D9B09A
22,29,85,#D9B19A
23,29,85,#D9B29A
24,29,85,#D9B39A
25,29,85,#D9B49A
26,29,85,#D9B59A
27,29,85,#D9B69A
28,29,85,#D9B79A
29,29,85,#D9B89A
30,29,85,#D9B99A
31,29,85,#D9BA9A
32,29,85,#D9BB9A
33,29,85,#D9BC9A
34,29,85,#D9BE9A
35,29,85,#D9BF9A
36,29,85,#D9C09A
37,29,85,#D9C19A
38,29,85,#D9C29A
39,29,85,#D9C39A
40,29,85,#D9C49A
41,29,85,#D9C59A
42,29,85,#D9C69A
43,29,85,#D9C79A
44,29,85,#D9C89A
45,29,85,#D9C99A
46,29,85,#D9CA9A
47,29,85,#D9CB9A
48,29,85,#D9CC9A
49,29,85,#D9CD9A
50,29,85,#D9CE9A
51,29,85,#D9CF9A
52,29,85,#D9D09A
53,29,85,#D9D19A
54,29,85,#D9D29A
55,29,85,#D9D49A
56,29,85,#D9D59A
57,29,85,#D9D69A
58,29,85,#D9D79A
59,29,85,#D9D89A
60,29,85,#D9D99A
61,29,85,#D8D99A
62,29,85,#D7D99A
63,29,85,#D6D99A
64,29,85,#D5D99A
65,29,85,#D4D99A
66,29,85,#D2D99A
67,29,85,#D1D99A
68,29,85,#D0D99A
69,29,85,#CFD99A
70,29,85,#CED99A
71,29,85,#CDD99A
72,29,85,#CCD99A
73,29,85,#CBD99A
74,29,85,#CAD99A
75,29,85,#C9D99A
76,29,85,#C8D99A
77,29,85,#C7D99A
78,29,85,#C6D99A
79,29,85,#C5D99A
80,29,85,#C4D99A
81,29,85,#C3D99A
82,29,85,#C2D99A
83,29,85,#C1D99A
84,29,85,#C0D99A
85,29,85,#BFD99A
86,29,85,#BED99A
87,29,85,#BCD99A
88,29,85,#BBD99A
89,29,85,#BAD99A
90,29,85,#B9D99A
91,29,85,#B8D99A
92,29,85,#B7D99A
93,29,85,#B6D99A
94,29,85,#B5D99A
95,29,85,#B4D99A
96,29,85,#B3D99A
97,29,85,#B2D99A
98,29,85,#B1D99A
99,29,85,#B0D99A
100,29,85,#AFD99A
101,29,85,#AED99A
102,29,85,#ADD99A
103,29,85,#ACD99A
104,29,85,#ABD99A
105,29,85,#AAD99A
106,29,85,#A9D99A
107,29,85,#A8D99A
108,29,85,#A6D99A
109,29,85,#A5D99A
110,29,85,#A4D99A
111,29,85,#A3D99A
112,29,85,#A2D99A
113,29,85,#A1D99A
114,29,85,#A0D99A
115,29,85,#9FD99A
116,29,85,#9ED99A
117,29,85,#9DD99A
118,29,85,#9CD99A
119,29,85,#9BD99A
120,29,85,#9AD99A
121,29,85,#9AD99B
122,29,85,#9AD99C
123,29,85,#9AD99D
124,29,85,#9AD99E
125,29,85,#9AD99F
126,29,85,#9AD9A0
127,29,85,#9AD9A1
128,29,85,#9AD9A2
129,29,85,#9AD9A3
130,29,85,#9AD9A4
131,29,85,#9AD9A5
132,29,85,#9AD9A6
133,29,85,#9AD9A8
134,29,85,#9AD9A9
135,29,85,#9AD9AA
136,29,85,#9AD9AB
137,29,85,#9AD9AC
138,29,85,#9AD9AD
139,29,85,#9AD9AE
140,29,85,#9AD9AF
141,29,85,#9AD9B0
142,29,85,#9AD9B1
143,29,85,#9AD9B2
144,29,85,#9AD9B3
145,29,85,#9AD9B4
146,29,85,#9AD9B5
147,29,85,#9AD9B6
148,29,85,#9AD9B7
149,29,85,#9AD9B8
150,29,85,#9AD9B9
151,29,85,#9AD9BA
152,29,85,#9AD9BB
153,29,85,#9AD9BC
154,29,85,#9AD9BE
155,29,85,#9AD9BF
156,29,85,#9AD9C0
157,29,85,#9AD9C1
158,29,85,#9AD9C2
159,29,85,#9AD9C3
160,29,85,#9AD9C4
161,29,85,#9AD9C5
162,29,85,#9AD9C6
163,29,85,#9AD9C7
164,29,85,#9AD9C8
165,29,85,#9AD9C9
166,29,85,#9AD9CA
167,29,85,#9AD9CB
168,29,85,#9AD9CC
169,29,85,#9AD9CD
170,29,85,#9AD9CE
171,29,85,#9AD9CF
172,29,85,#9AD9D0
173,29,85,#9AD9D1
174,29,85,#9AD9D2
175,29,85,#9AD9D4
176,29,85,#9AD9D5
177,29,85,#9AD9D6
178,29,85,#9AD9D7
179,29,85,#9AD9D8
180,29,85,#9AD9D9
181,29,85,#9AD8D9
182,29,85,#9AD7D9
183,29,85,#9AD6D9
184,29,85,#9AD5D9
185,29,85,#9AD4D9
186,29,85,#9AD2D9
187,29,85,#9AD1D9
188,29,85,#9AD0D9
189,29,85,#9ACFD9
190,29,85,#9ACED9
191,29,85,#9ACDD9
192,29,85,#9ACCD9
193,29,85,#9ACBD9
194,29,85,#9ACAD9
195,29,85,#9AC9D9
196,29,85,#9AC8D9
197,29,85,#9AC7D9
198,29,85,#9AC6D9
199,29,85,#9AC5D9
200,29,85,#9AC4D9
201,29,85,#9AC3D9
202,29,85,#9AC2D9
203,29,85,#9AC1D9
204,29,85,#9AC0D9
205,29,85,#9ABFD9
206,29,85,#9ABED9
207,29,85,#9ABCD9
208,29,85,#9ABBD9
209,29,85,#9ABAD9
210,29,85,#9AB9D9
211,29,85,#9AB8D9
212,29,85,#9AB7D9
213,29,85,#9AB6D9
214,29,85,#9AB5D9
215,29,85,#9AB4D9
216,29,85,#9AB3D9
217,29,85,#9AB2D9
218,29,85,#9AB1D9
219,29,85,#9AB0D9
220,29,85,#9AAFD9
221,29,85,#9AAED9
222,29,85,#9AADD9
223,29,85,#9AACD9
224,29,85,#9AABD9
225,29,85,#9AAAD9
226,29,85,#9AA9D9
227,29,85,#9AA8D9
228,29,85,#9AA6D9
229,29,85,#9AA5D9
230,29,85,#9AA4D9
231,29,85,#9AA3D9
232,29,85,#9AA2D9
233,29,85,#9AA1D9
234,29,85,#9AA0D9
235,29,85,#9A9FD9
236,29,85,#9A9ED9
237,29,85,#9A9DD9
238,29,85,#9A9CD9
239,29,85,#9A9BD9
240,29,85,#9A9AD9
241,29,85,#9B9AD9
242,29,85,#9C9AD9
243,29,85,#9D9AD9
244,29,85,#9E9AD9
245,29,85,#9F9AD9
246,29,85,#A09AD9
247,29,85,#A19AD9
248,29,85,#A29AD9
249,29,85,#A39AD9
250,29,85,#A49AD9
251,29,85,#A59AD9
252,29,85,#A69AD9
253,29,85,#A89AD9
254,29,85,#A99AD9
255,29,85,#AA9AD9
256,29,85,#AB9AD9
257,29,85,#AC9AD9
258,29,85,#AD9AD9
259,29,85,#AE9AD9
260,29,85,#AF9AD9
261,29,85,#B09AD9
262,29,85,#B19AD9
263,29,85,#B29AD9
264,29,85,#B39AD9
265,29,85,#B49AD9
266,29,85,#B59AD9
267,29,85,#B69AD9
268,29,85,#B79AD9
269,29,85,#B89AD9
270,29,85,#B99AD9
271,29,85,#BA9AD9
272,29,85,#BB9AD9
273,29,85,#BC9AD9
274,29,85,#BE9AD9
275,29,85,#BF9AD9
276,29,85,#C09AD9
277,29,85,#C19AD9
278,29,85,#C29AD9
279,29,85,#C39AD9
280,29,85,#C49AD9
281,29,85,#C59AD9
282,29,85,#C69AD9
283,29,85,#C79AD9
284,29,85,#C89AD9
285,29,85,#C99AD9
286,29,85,#CA9AD9
287,29,85,#CB9AD9
288,29,85,#CC9AD9
289,29,85,#CD9AD9
290,29,85,#CE9AD9
291,29,85,#CF9AD9
292,29,85,#D09AD9
293,29,85,#D19AD9
294,29,85,#D29AD9
295,29,85,#D49AD9
296,29,85,#D59AD9
297,29,85,#D69AD9
298,29,85,#D79AD9
299,29,85,#D89AD9
300,29,85,#D99AD9
301,29,85,#D99AD8
302,29,85,#D99AD7
303,29,85,#D99AD6
304,29,85,#D99AD5
305,29,85,#D99AD4
306,29,85,#D99AD2
307,29,85,#D99AD1
308,29,85,#D99AD0
309,29,85,#D99ACF
310,29,85,#D99ACE
311,29,85,#D99ACD
312,29,85,#D99ACC
313,29,85,#D99ACB
314,29,85,#D99ACA
315,29,85,#D99AC9
316,29,85,#D99AC8
317,29,85,#D99AC7
318,29,85,#D99AC6
319,29,85,#D99AC5
320,29,85,#D99AC4
321,29,85,#D99AC3
322,29,85,#D99AC2
323,29,85,#D99AC1
324,29,85,#D99AC0
325,29,85,#D99ABF
326,29,85,#D99ABE
327,29,85,#D99ABC
328,29,85,#D99ABB
329,29,85,#D99ABA
330,29,85,#D99AB9
331,29,85,#D99AB8
332,29,85,#D99AB7
333,29,85,#D99AB6
334,29,85,#D99AB5
335,29,85,#D99AB4
336,29,85,#D99AB3
337,29,85,#D99AB2
338,29,85,#D99AB1
339,29,85,#D99AB0
340,29,85,#D99AAF
341,29,85,#D99AAE
342,29,85,#D99AAD
343,29,85,#D99AAC
344,29,85,#D99AAB
345,29,85,#D99AAA
346,29,85,#D99AA9
347,29,85,#D99AA8
348,29,85,#D99AA6
349,29,85,#D99AA5
350,29,85,#D99AA4
351,29,85,#D99AA3
352,29,85,#D99AA2
353,29,85,#D99AA1
354,29,85,#D99AA0
355,29,85,#D99A9F
356,29,85,#D99A9E
357,29,85,#D99A9D
358,29,85,#D99A9C
359,29,85,#D99A9B
0,28,85,#D99C9C
1,28,85,#D99D9C
2,28,85,#D99E9C
3,28,85,#D99F9C
4,28,85,#D9A09C
5,28,85,#D9A19C
6,28,85,#D9A29C
7,28,85,#D9A39C
8,28,85,#D9A49C
9,28,85,#D9A59C
10,28,85,#D9A69C
11,28,85,#D9A79C
12,28,85,#D9A89C
13,28,85,#D9A99C
14,28,85,#D9AA9C
15,28,85,#D9AB9C
16,28,85,#D9AC9C
17,28,85,#D9AD9C
18,28,85,#D9AE9C
19,28,85,#D9AF9C
20,28,85,#D9B09C
21,28,85,#D9B19C
22,28,85,#D9B29C
23,28,85,#D9B39C
24,28,85,#D9B49C
25,28,85,#D9B59C
26,28,85,#D9B69C
27,28,85,#D9B79C
28,28,85,#D9B89C
29,28,85,#D9B99C
30,28,85,#D9BA9C
31,28,85,#D9BB9C
32,28,85,#D9BC9C
33,28,85,#D9BD9C
34,28,85,#D9BE9C
35,28,85,#D9BF9C
36,28,85,#D9C09C
37,28,85,#D9C19C
38,28,85,#D9C29C
39,28,85,#D9C49C
40,28,85,#D9C59C
41,28,85,#D9C69C
42,28,85,#D9C79C
43,28,85,#D9C89C
44,28,85,#D9C99C
45,28,85,#D9CA9C
46,28,85,#D9CB9C
47,28,85,#D9CC9C
48,28,85,#D9CD9C
49,28,85,#D9CE9C
50,28,85,#D9CF9C
51,28,85,#D9D09C
52,28,85,#D9D19C
53,28,85,#D9D29C
54,28,85,#D9D39C
55,28,85,#D9D49C
56,28,85,#D9D59C
57,28,85,#D9D69C
58,28,85,#D9D79C
59,28,85,#D9D89C
60,28,85,#D9D99C
61,28,85,#D8D99C
62,28,85,#D7D99C
63,28,85,#D6D99C
64,28,85,#D5D99C
65,28,85,#D4D99C
66,28,85,#D3D99C
67,28,85,#D2D99C
68,28,85,#D1D99C
69,28,85,#D0D99C
70,28,85,#CFD99C
71,28,85,#CED99C
72,28,85,#CDD99C
73,28,85,#CCD99C
74,28,85,#CBD99C
75,28,85,#CAD99C
76,28,85,#C9D99C
77,28,85,#C8D99C
78,28,85,#C7D99C
79,28,85,#C6D99C
80,28,85,#C5D99C
81,28,85,#C4D99C
82,28,85,#C2D99C
83,28,85,#C1D99C
84,28,85,#C0D99C
85,28,85,#BFD99C
86,28,85,#BED99C
87,28,85,#BDD99C
88,28,85,#BCD99C
89,28,85,#BBD99C
90,28,85,#BAD99C
91,28,85,#B9D99C
92,28,85,#B8D99C
93,28,85,#B7D99C
94,28,85,#B6D99C
95,28,85,#B5D99C
96,28,85,#B4D99C
97,28,85,#B3D99C
98,28,85,#B2D99C
99,28,85,#B1D99C
100,28,85,#B0D99C
101,28,85,#AFD99C
102,28,85,#AED99C
103,28,85,#ADD99C
104,28,85,#ACD99C
105,28,85,#ABD99C
106,28,85,#AAD99C
107,28,85,#A9D99C
108,28,85,#A8D99C
109,28,85,#A7D99C
110,28,85,#A6D99C
111,28,85,#A5D99C
112,28,85,#A4D99C
113,28,85,#A3D99C
114,28,85,#A2D99C
115,28,85,#A1D99C
116,28,85,#A0D99C
117,28,85,#9FD99C
118,28,85,#9ED99C
119,28,85,#9DD99C
120,28,85,#9CD99C
121,28,85,#9CD99D
122,28,85,#9CD99E
123,28,85,#9CD99F
124,28,85,#9CD9A0
125,28,85,#9CD9A1
126,28,85,#9CD9A2
127,28,85,#9CD9A3
128,28,85,#9CD9A4
129,28,85,#9CD9A5
130,28,85,#9CD9A6
131,28,85,#9CD9A7
132,28,85,#9CD9A8
133,28,85,#9CD9A9
134,28,85,#9CD9AA
135,28,85,#9CD9AB
136,28,85,#9CD9AC
137,28,85,#9CD9AD
138,28,85,#9CD9AE
139,28,85,#9CD9AF
140,28,85,#9CD9B0
141,28,85,#9CD9B1
142,28,85,#9CD9B2
143,28,85,#9CD9B3
144,28,85,#9CD9B4
145,28,85,#9CD9B5
146,28,85,#9CD9B6
147,28,85,#9CD9B7
148,28,85,#9CD9B8
149,28,85,#9CD9B9
150,28,85,#9CD9BA
151,28,85,#9CD9BB
152,28,85,#9CD9BC
153,28,85,#9CD9BD
154,28,85,#9CD9BE
155,28,85,#9CD9BF
156,28,85,#9CD9C0
157,28,85,#9CD9C1
158,28,85,#9CD9C2
159,28,85,#9CD9C4
160,28,85,#9CD9C5
161,28,85,#9CD9C6
162,28,85,#9CD9C7
163,28,85,#9CD9C8
164,28,85,#9CD9C9
165,28,85,#9CD9CA
166,28,85,#9CD9CB
167,28,85,#9CD9CC
168,28,85,#9CD9CD
169,28,85,#9CD9CE
170,28,85,#9CD9CF
171,28,85,#9CD9D0
172,28,85,#9CD9D1
173,28,85,#9CD9D2
174,28,85,#9CD9D3
175,28,85,#9CD9D4
176,28,85,#9CD9D5
177,28,85,#9CD9D6
178,28,85,#9CD9D7
179,28,85,#9CD9D8
180,28,85,#9CD9D9
181,28,85,#9CD8D9
182,28,85,#9CD7D9
183,28,85,#9CD6D9
184,28,85,#9CD5D9
185,28,85,#9CD4D9
186,28,85,#9CD3D9
187,28,85,#9CD2D9
188,28,85,#9CD1D9
189,28,85,#9CD0D9
190,28,85,#9CCFD9
191,28,85,#9CCED9
192,28,85,#9CCDD9
193,28,85,#9CCCD9
194,28,85,#9CCBD9
195,28,85,#9CCAD9
196,28,85,#9CC9D9
197,28,85,#9CC8D9
198,28,85,#9CC7D9
199,28,85,#9CC6D9
200,28,85,#9CC5D9
201,28,85,#9CC4D9
202,28,85,#9CC2D9
203,28,85,#9CC1D9
204,28,85,#9CC0D9
205,28,85,#9CBFD9
206,28,85,#9CBED9
207,28,85,#9CBDD9
208,28,85,#9CBCD9
209,28,85,#9CBBD9
210,28,85,#9CBAD9
211,28,85,#9CB9D9
212,28,85,#9CB8D9
213,28,85,#9CB7D9
214,28,85,#9CB6D9
215,28,85,#9CB5D9
216,28,85,#9CB4D9
217,28,85,#9CB3D9
218,28,85,#9CB2D9
219,28,85,#9CB1D9
220,28,85,#9CB0D9
221,28,85,#9CAFD9
222,28,85,#9CAED9
223,28,85,#9CADD9
224,28,85,#9CACD9
225,28,85,#9CABD9
226,28,85,#9CAAD9
227,28,85,#9CA9D9
228,28,85,#9CA8D9
229,28,85,#9CA7D9
230,28,85,#9CA6D9
231,28,85,#9CA5D9
232,28,85,#9CA4D9
233,28,85,#9CA3D9
234,28,85,#9CA2D9
235,28,85,#9CA1D9
236,28,85,#9CA0D9
237,28,85,#9C9FD9
238,28,85,#9C9ED9
239,28,85,#9C9DD9
240,28,85,#9C9CD9
241,28,85,#9D9CD9
242,28,85,#9E9CD9
243,28,85,#9F9CD9
244,28,85,#A09CD9
245,28,85,#A19CD9
246,28,85,#A29CD9
247,28,85,#A39CD9
248,28,85,#A49CD9
249,28,85,#A59CD9
250,28,85,#A69CD9
251,28,85,#A79CD9
252,28,85,#A89CD9
253,28,85,#A99CD9
254,28,85,#AA9CD9
255,28,85,#AB9CD9
256,28,85,#AC9CD9
257,28,85,#AD9CD9
258,28,85,#AE9CD9
259,28,85,#AF9CD9
260,28,85,#B09CD9
261,28,85,#B19CD9
262,28,85,#B29CD9
263,28,85,#B39CD9
264,28,85,#B49CD9
265,28,85,#B59CD9
266,28,85,#B69CD9
267,28,85,#B79CD9
268,28,85,#B89CD9
269,28,85,#B99CD9
270,28,85,#BA9CD9
271,28,85,#BB9CD9
272,28,85,#BC9CD9
273,28,85,#BD9CD9
274,28,85,#BE9CD9
275,28,85,#BF9CD9
276,28,85,#C09CD9
277,28,85,#C19CD9
278,28,85,#C29CD9
279,28,85,#C49CD9
280,28,85,#C59CD9
281,28,85,#C69CD9
282,28,85,#C79CD9
283,28,85,#C89CD9
284,28,85,#C99CD9
285,28,85,#CA9CD9
286,28,85,#CB9CD9
287,28,85,#CC9CD9
288,28,85,#CD9CD9
289,28,85,#CE9CD9
290,28,85,#CF9CD9
291,28,85,#D09CD9
292,28,85,#D19CD9
293,28,85,#D29CD9
294,28,85,#D39CD9
295,28,85,#D49CD9
296,28,85,#D59CD9
297,28,85,#D69CD9
298,28,85,#D79CD9
299,28,85,#D89CD9
300,28,85,#D99CD9
301,28,85,#D99CD8
302,28,85,#D99CD7
303,28,85,#D99CD6
304,28,85,#D99CD5
305,28,85,#D99CD4
306,28,85,#D99CD3
307,28,85,#D99CD2
308,28,85,#D99CD1
309,28,85,#D99CD0
310,28,85,#D99CCF
311,28,85,#D99CCE
312,28,85,#D99CCD
313,28,85,#D99CCC
314,28,85,#D99CCB
315,28,85,#D99CCA
316,28,85,#D99CC9
317,28,85,#D99CC8
318,28,85,#D99CC7
319,28,85,#D99CC6
320,28,85,#D99CC5
321,28,85,#D99CC4
322,28,85,#D99CC2
323,28,85,#D99CC1
324,28,85,#D99CC0
325,28,85,#D99CBF
326,28,85,#D99CBE
327,28,85,#D99CBD
328,28,85,#D99CBC
329,28,85,#D99CBB
330,28,85,#D99CBA
331,28,85,#D99CB9
332,28,85,#D99CB8
333,28,85,#D99CB7
334,28,85,#D99CB6
335,28,85,#D99CB5
336,28,85,#D99CB4
337,28,85,#D99CB3
338,28,85,#D99CB2
339,28,85,#D99CB1
340,28,85,#D99CB0
341,28,85,#D99CAF
342,28,85,#D99CAE
343,28,85,#D99CAD
344,28,85,#D99CAC
345,28,85,#D99CAB
346,28,85,#D99CAA
347,28,85,#D99CA9
348,28,85,#D99CA8
349,28,85,#D99CA7
350,28,85,#D99CA6
351,28,85,#D99CA5
352,28,85,#D99CA4
353,28,85,#D99CA3
354,28,85,#D99CA2
355,28,85,#D99CA1
356,28,85,#D99CA0
357,28,85,#D99C9F
358,28,85,#D99C9E
359,28,85,#D99C9D
0,27,85,#D99E9E
1,27,85,#D99F9E
2,27,85,#D9A09E
3,27,85,#D9A19E
4,27,85,#D9A29E
5,27,85,#D9A39E
6,27,85,#D9A49E
7,27,85,#D9A59E
8,27,85,#D9A69E
9,27,85,#D9A79E
10,27,85,#D9A89E
11,27,85,#D9A99E
12,27,85,#D9AA9E
13,27,85,#D9AB9E
14,27,85,#D9AC9E
15,27,85,#D9AD9E
16,27,85,#D9AE9E
17,27,85,#D9AF9E
18,27,85,#D9B09E
19,27,85,#D9B19E
20,27,85,#D9B29E
21,27,85,#D9B39E
22,27,85,#D9B49E
23,27,85,#D9B59E
24,27,85,#D9B69E
25,27,85,#D9B79E
26,27,85,#D9B89E
27,27,85,#D9B99E
28,27,85,#D9BA9E
29,27,85,#D9BB9E
30,27,85,#D9BB9E
31,27,85,#D9BC9E
32,27,85,#D9BD9E
33,27,85,#D9BE9E
34,27,85,#D9BF9E
35,27,85,#D9C09E
36,27,85,#D9C19E
37,27,85,#D9C29E
38,27,85,#D9C39E
39,27,85,#D9C49E
40,27,85,#D9C59E
41,27,85,#D9C69E
42,27,85,#D9C79E
43,27,85,#D9C89E
44,27,85,#D9C99E
45,27,85,#D9CA9E
46,27,85,#D9CB9E
47,27,85,#D9CC9E
48,27,85,#D9CD9E
49,27,85,#D9CE9E
50,27,85,#D9CF9E
51,27,85,#D9D09E
52,27,85,#D9D19E
53,27,85,#D9D29E
54,27,85,#D9D39E
55,27,85,#D9D49E
56,27,85,#D9D59E
57,27,85,#D9D69E
58,27,85,#D9D79E
59,27,85,#D9D89E
60,27,85,#D9D99E
61,27,85,#D8D99E
62,27,85,#D7D99E
63,27,85,#D6D99E
64,27,85,#D5D99E
65,27,85,#D4D99E
66,27,85,#D3D99E
67,27,85,#D2D99E
68,27,85,#D1D99E
69,27,85,#D0D99E
70,27,85,#CFD99E
71,27,85,#CED99E
72,27,85,#CDD99E
73,27,85,#CCD99E
74,27,85,#CBD99E
75,27,85,#CAD99E
76,27,85,#C9D99E
77,27,85,#C8D99E
78,27,85,#C7D99E
79,27,85,#C6D99E
80,27,85,#C5D99E
81,27,85,#C4D99E
82,27,85,#C3D99E
83,27,85,#C2D99E
84,27,85,#C1D99E
85,27,85,#C0D99E
86,27,85,#BFD99E
87,27,85,#BED99E
88,27,85,#BDD99E
89,27,85,#BCD99E
90,27,85,#BBD99E
91,27,85,#BBD99E
92,27,85,#BAD99E
93,27,85,#B9D99E
94,27,85,#B8D99E
95,27,85,#B7D99E
96,27,85,#B6D99E
97,27,85,#B5D99E
98,27,85,#B4D99E
99,27,85,#B3D99E
100,27,85,#B2D99E
101,27,85,#B1D99E
102,27,85,#B0D99E
103,27,85,#AFD99E
104,27,85,#AED99E
105,27,85,#ADD99E
106,27,85,#ACD99E
107,27,85,#ABD99E
108,27,85,#AAD99E
109,27,85,#A9D99E
110,27,85,#A8D99E
111,27,85,#A7D99E
112,27,85,#A6D99E
113,27,85,#A5D99E
114,27,85,#A4D99E
115,27,85,#A3D99E
116,27,85,#A2D99E
117,27,85,#A1D99E
118,27,85,#A0D99E
119,27,85,#9FD99E
120,27,85,#9ED99E
121,27,85,#9ED99F
122,27,85,#9ED9A0
123,27,85,#9ED9A1
124,27,85,#9ED9A2
125,27,85,#9ED9A3
126,27,85,#9ED9A4
127,27,85,#9ED9A5
128,27,85,#9ED9A6
129,27,85,#9ED9A7
130,27,85,#9ED9A8
131,27,85,#9ED9A9
132,27,85,#9ED9AA
133,27,85,#9ED9AB
134,27,85,#9ED9AC
135,27,85,#9ED9AD
136,27,85,#9ED9AE
137,27,85,#9ED9AF
138,27,85,#9ED9B0
139,27,85,#9ED9B1
140,27,85,#9ED9B2
141,27,85,#9ED9B3
142,27,85,#9ED9B4
143,27,85,#9ED9B5
144,27,85,#9ED9B6
145,27,85,#9ED9B7
146,27,85,#9ED9B8
147,27,85,#9ED9B9
148,27,85,#9ED9BA
149,27,85,#9ED9BB
150,27,85,#9ED9BB
151,27,85,#9ED9BC
152,27,85,#9ED9BD
153,27,85,#9ED9BE
154,27,85,#9ED9BF
155,27,85,#9ED9C0
156,27,85,#9ED9C1
157,27,85,#9ED9C2
158,27,85,#9ED9C3
159,27,85,#9ED9C4
160,27,85,#9ED9C5
161,27,85,#9ED9C6
162,27,85,#9ED9C7
163,27,85,#9ED9C8
164,27,85,#9ED9C9
165,27,85,#9ED9CA
166,27,85,#9ED9CB
167,27,85,#9ED9CC
168,27,85,#9ED9CD
169,27,85,#9ED9CE
170,27,85,#9ED9CF
171,27,85,#9ED9D0
172,27,85,#9ED9D1
173,27,85,#9ED9D2
174,27,85,#9ED9D3
175,27,85,#9ED9D4
176,27,85,#9ED9D5
177,27,85,#9ED9D6
178,27,85,#9ED9D7
179,27,85,#9ED9D8
180,27,85,#9ED9D9
181,27,85,#9ED8D9
182,27,85,#9ED7D9
183,27,85,#9ED6D9
184,27,85,#9ED5D9
185,27,85,#9ED4D9
186,27,85,#9ED3D9
187,27,85,#9ED2D9
188,27,85,#9ED1D9
189,27,85,#9ED0D9
190,27,85,#9ECFD9
191,27,85,#9ECED9
192,27,85,#9ECDD9
193,27,85,#9ECCD9
194,27,85,#9ECBD9
195,27,85,#9ECAD9
196,27,85,#9EC9D9
197,27,85,#9EC8D9
198,27,85,#9EC7D9
199,27,85,#9EC6D9
200,27,85,#9EC5D9
201,27,85,#9EC4D9
202,27,85,#9EC3D9
203,27,85,#9EC2D9
204,27,85,#9EC1D9
205,27,85,#9EC0D9
206,27,85,#9EBFD9
207,27,85,#9EBED9
208,27,85,#9EBDD9
209,27,85,#9EBCD9
210,27,85,#9EBBD9
211,27,85,#9EBBD9
212,27,85,#9EBAD9
213,27,85,#9EB9D9
214,27,85,#9EB8D9
215,27,85,#9EB7D9
216,27,85,#9EB6D9
217,27,85,#9EB5D9
218,27,85,#9EB4D9
219,27,85,#9EB3D9
220,27,85,#9EB2D9
221,27,85,#9EB1D9
222,27,85,#9EB0D9
223,27,85,#9EAFD9
224,27,85,#9EAED9
225,27,85,#9EADD9
226,27,85,#9EACD9
227,27,85,#9EABD9
228,27,85,#9EAAD9
229,27,85,#9EA9D9
230,27,85,#9EA8D9
231,27,85,#9EA7D9
232,27,85,#9EA6D9
233,27,85,#9EA5D9
234,27,85,#9EA4D9
235,27,85,#9EA3D9
236,27,85,#9EA2D9
237,27,85,#9EA1D9
238,27,85,#9EA0D9
239,27,85,#9E9FD9
240,27,85,#9E9ED9
241,27,85,#9F9ED9
242,27,85,#A09ED9
243,27,85,#A19ED9
244,27,85,#A29ED9
245,27,85,#A39ED9
246,27,85,#A49ED9
247,27,85,#A59ED9
248,27,85,#A69ED9
249,27,85,#A79ED9
250,27,85,#A89ED9
251,27,85,#A99ED9
252,27,85,#AA9ED9
253,27,85,#AB9ED9
254,27,85,#AC9ED9
255,27,85,#AD9ED9
256,27,85,#AE9ED9
257,27,85,#AF9ED9
258,27,85,#B09ED9
259,27,85,#B19ED9
260,27,85,#B29ED9
261,27,85,#B39ED9
262,27,85,#B49ED9
263,27,85,#B59ED9
264,27,85,#B69ED9
265,27,85,#B79ED9
266,27,85,#B89ED9
267,27,85,#B99ED9
268,27,85,#BA9ED9
269,27,85,#BB9ED9
270,27,85,#BB9ED9
271,27,85,#BC9ED9
272,27,85,#BD9ED9
273,27,85,#BE9ED9
274,27,85,#BF9ED9
275,27,85,#C09ED9
276,27,85,#C19ED9
277,27,85,#C29ED9
278,27,85,#C39ED9
279,27,85,#C49ED9
280,27,85,#C59ED9
281,27,85,#C69ED9
282,27,85,#C79ED9
283,27,85,#C89ED9
284,27,85,#C99ED9
285,27,85,#CA9ED9
286,27,85,#CB9ED9
287,27,85,#CC9ED9
288,27,85,#CD9ED9
289,27,85,#CE9ED9
290,27,85,#CF9ED9
291,27,85,#D09ED9
292,27,85,#D19ED9
293,27,85,#D29ED9
294,27,85,#D39ED9
295,27,85,#D49ED9
296,27,85,#D59ED9
297,27,85,#D69ED9
298,27,85,#D79ED9
299,27,85,#D89ED9
300,27,85,#D99ED9
301,27,85,#D99ED8
302,27,85,#D99ED7
303,27,85,#D99ED6
304,27,85,#D99ED5
305,27,85,#D99ED4
306,27,85,#D99ED3
307,27,85,#D99ED2
308,27,85,#D99ED1
309,27,85,#D99ED0
310,27,85,#D99ECF
311,27,85,#D99ECE
312,27,85,#D99ECD
313,27,85,#D99ECC
314,27,85,#D99ECB
315,27,85,#D99ECA
316,27,85,#D99EC9
317,27,85,#D99EC8
318,27,85,#D99EC7
319,27,85,#D99EC6
320,27,85,#D99EC5
321,27,85,#D99EC4
322,27,85,#D99EC3
323,27,85,#D99EC2
324,27,85,#D99EC1
325,27,85,#D99EC0
326,27,85,#D99EBF
327,27,85,#D99EBE
328,27,85,#D99EBD
329,27,85,#D99EBC
330,27,85,#D99EBB
331,27,85,#D99EBB
332,27,85,#D99EBA
333,27,85,#D99EB9
334,27,85,#D99EB8
335,27,85,#D99EB7
336,27,85,#D99EB6
337,27,85,#D99EB5
338,27,85,#D99EB4
339,27,85,#D99EB3
340,27,85,#D99EB2
341,27,85,#D99EB1
342,27,85,#D99EB0
343,27,85,#D99EAF
344,27,85,#D99EAE
345,27,85,#D99EAD
346,27,85,#D99EAC
347,27,85,#D99EAB
348,27,85,#D99EAA
349,27,85,#D99EA9
350,27,85,#D99EA8
351,27,85,#D99EA7
352,27,85,#D99EA6
353,27,85,#D99EA5
354,27,85,#D99EA4
355,27,85,#D99EA3
356,27,85,#D99EA2
357,27,85,#D99EA1
358,27,85,#D99EA0
359,27,85,#D99E9F
0,26,85,#D9A0A0
1,26,85,#D9A1A0
2,26,85,#D9A2A0
3,26,85,#D9A3A0
4,26,85,#D9A4A0
5,26,85,#D9A5A0
6,26,85,#D9A6A0
7,26,85,#D9A7A0
8,26,85,#D9A8A0
9,26,85,#D9A9A0
10,26,85,#D9AAA0
11,26,85,#D9ABA0
12,26,85,#D9ACA0
13,26,85,#D9ADA0
14,26,85,#D9AEA0
15,26,85,#D9AEA0
16,26,85,#D9AFA0
17,26,85,#D9B0A0
18,26,85,#D9B1A0
19,26,85,#D9B2A0
20,26,85,#D9B3A0
21,26,85,#D9B4A0
22,26,85,#D9B5A0
23,26,85,#D9B6A0
24,26,85,#D9B7A0
25,26,85,#D9B8A0
26,26,85,#D9B9A0
27,26,85,#D9BAA0
28,26,85,#D9BBA0
29,26,85,#D9BCA0
30,26,85,#D9BDA0
31,26,85,#D9BEA0
32,26,85,#D9BEA0
33,26,85,#D9BFA0
34,26,85,#D9C0A0
35,26,85,#D9C1A0
36,26,85,#D9C2A0
37,26,85,#D9C3A0
38,26,85,#D9C4A0
39,26,85,#D9C5A0
40,26,85,#D9C6A0
41,26,85,#D9C7A0
42,26,85,#D9C8A0
43,26,85,#D9C9A0
44,26,85,#D9CAA0
45,26,85,#D9CBA0
46,26,85,#D9CCA0
47,26,85,#D9CDA0
48,26,85,#D9CDA0
49,26,85,#D9CEA0
50,26,85,#D9CFA0
51,26,85,#D9D0A0
52,26,85,#D9D1A0
53,26,85,#D9D2A0
54,26,85,#D9D3A0
55,26,85,#D9D4A0
56,26,85,#D9D5A0
57,26,85,#D9D6A0
58,26,85,#D9D7A0
59,26,85,#D9D8A0
60,26,85,#D9D9A0
61,26,85,#D8D9A0
62,26,85,#D7D9A0
63,26,85,#D6D9A0
64,26,85,#D5D9A0
65,26,85,#D4D9A0
66,26,85,#D3D9A0
67,26,85,#D2D9A0
68,26,85,#D1D9A0
69,26,85,#D0D9A0
70,26,85,#CFD9A0
71,26,85,#CED9A0
72,26,85,#CDD9A0
73,26,85,#CDD9A0
74,26,85,#CCD9A0
75,26,85,#CBD9A0
76,26,85,#CAD9A0
77,26,85,#C9D9A0
78,26,85,#C8D9A0
79,26,85,#C7D9A0
80,26,85,#C6D9A0
81,26,85,#C5D9A0
82,26,85,#C4D9A0
83,26,85,#C3D9A0
84,26,85,#C2D9A0
85,26,85,#C1D9A0
86,26,85,#C0D9A0
87,26,85,#BFD9A0
88,26,85,#BED9A0
89,26,85,#BED9A0
90,26,85,#BDD9A0
91,26,85,#BCD9A0
92,26,85,#BBD9A0
93,26,85,#BAD9A0
94,26,85,#B9D9A0
95,26,85,#B8D9A0
96,26,85,#B7D9A0
97,26,85,#B6D9A0
98,26,85,#B5D9A0
99,26,85,#B4D9A0
100,26,85,#B3D9A0
101,26,85,#B2D9A0
102,26,85,#B1D9A0
103,26,85,#B0D9A0
104,26,85,#AFD9A0
105,26,85,#AED9A0
106,26,85,#AED9A0
107,26,85,#ADD9A0
108,26,85,#ACD9A0
109,26,85,#ABD9A0
110,26,85,#AAD9A0
111,26,85,#A9D9A0
112,26,85,#A8D9A0
113,26,85,#A7D9A0
114,26,85,#A6D9A0
115,26,85,#A5D9A0
116,26,85,#A4D9A0
117,26,85,#A3D9A0
118,26,85,#A2D9A0
119,26,85,#A1D9A0
120,26,85,#A0D9A0
121,26,85,#A0D9A1
122,26,85,#A0D9A2
123,26,85,#A0D9A3
124,26,85,#A0D9A4
125,26,85,#A0D9A5
126,26,85,#A0D9A6
127,26,85,#A0D9A7
128,26,85,#A0D9A8
129,26,85,#A0D9A9
130,26,85,#A0D9AA
131,26,85,#A0D9AB
132,26,85,#A0D9AC
133,26,85,#A0D9AD
134,26,85,#A0D9AE
135,26,85,#A0D9AE
136,26,85,#A0D9AF
137,26,85,#A0D9B0
138,26,85,#A0D9B1
139,26,85,#A0D9B2
140,26,85,#A0D9B3
141,26,85,#A0D9B4
142,26,85,#A0D9B5
143,26,85,#A0D9B6
144,26,85,#A0D9B7
145,26,85,#A0D9B8
146,26,85,#A0D9B9
147,26,85,#A0D9BA
148,26,85,#A0D9BB
149,26,85,#A0D9BC
150,26,85,#A0D9BD
151,26,85,#A0D9BE
152,26,85,#A0D9BE
153,26,85,#A0D9BF
154,26,85,#A0D9C0
155,26,85,#A0D9C1
156,26,85,#A0D9C2
157,26,85,#A0D9C3
158,26,85,#A0D9C4
159,26,85,#A0D9C5
160,26,85,#A0D9C6
161,26,85,#A0D9C7
162,26,85,#A0D9C8
163,26,85,#A0D9C9
164,26,85,#A0D9CA
165,26,85,#A0D9CB
166,26,85,#A0D9CC
167,26,85,#A0D9CD
168,26,85,#A0D9CD
169,26,85,#A0D9CE
170,26,85,#A0D9CF
171,26,85,#A0D9D0
172,26,85,#A0D9D1
173,26,85,#A0D9D2
174,26,85,#A0D9D3
175,26,85,#A0D9D4
176,26,85,#A0D9D5
177,26,85,#A0D9D6
178,26,85,#A0D9D7
179,26,85,#A0D9D8
180,26,85,#A0D9D9
181,26,85,#A0D8D9
182,26,85,#A0D7D9
183,26,85,#A0D6D9
184,26,85,#A0D5D9
185,26,85,#A0D4D9
186,26,85,#A0D3D9
187,26,85,#A0D2D9
188,26,85,#A0D1D9
189,26,85,#A0D0D9
190,26,85,#A0CFD9
191,26,85,#A0CED9
192,26,85,#A0CDD9
193,26,85,#A0CDD9
194,26,85,#A0CCD9
195,26,85,#A0CBD9
196,26,85,#A0CAD9
197,26,85,#A0C9D9
198,26,85,#A0C8D9
199,26,85,#A0C7D9
200,26,85,#A0C6D9
201,26,85,#A0C5D9
202,26,85,#A0C4D9
203,26,85,#A0C3D9
204,26,85,#A0C2D9
205,26,85,#A0C1D9
206,26,85,#A0C0D9
207,26,85,#A0BFD9
208,26,85,#A0BED9
209,26,85,#A0BED9
210,26,85,#A0BDD9
211,26,85,#A0BCD9
212,26,85,#A0BBD9
213,26,85,#A0BAD9
214,26,85,#A0B9D9
215,26,85,#A0B8D9
216,26,85,#A0B7D9
217,26,85,#A0B6D9
218,26,85,#A0B5D9
219,26,85,#A0B4D9
220,26,85,#A0B3D9
221,26,85,#A0B2D9
222,26,85,#A0B1D9
223,26,85,#A0B0D9
224,26,85,#A0AFD9
225,26,85,#A0AED9
226,26,85,#A0AED9
227,26,85,#A0ADD9
228,26,85,#A0ACD9
229,26,85,#A0ABD9
230,26,85,#A0AAD9
231,26,85,#A0A9D9
232,26,85,#A0A8D9
233,26,85,#A0A7D9
234,26,85,#A0A6D9
235,26,85,#A0A5D9
236,26,85,#A0A4D9
237,26,85,#A0A3D9
238,26,85,#A0A2D9
239,26,85,#A0A1D9
240,26,85,#A0A0D9
241,26,85,#A1A0D9
242,26,85,#A2A0D9
243,26,85,#A3A0D9
244,26,85,#A4A0D9
245,26,85,#A5A0D9
246,26,85,#A6A0D9
247,26,85,#A7A0D9
248,26,85,#A8A0D9
249,26,85,#A9A0D9
250,26,85,#AAA0D9
251,26,85,#ABA0D9
252,26,85,#ACA0D9
253,26,85,#ADA0D9
254,26,85,#AEA0D9
255,26,85,#AEA0D9
256,26,85,#AFA0D9
257,26,85,#B0A0D9
258,26,85,#B1A0D9
259,26,85,#B2A0D9
260,26,85,#B3A0D9
261,26,85,#B4A0D9
262,26,85,#B5A0D9
263,26,85,#B6A0D9
264,26,85,#B7A0D9
265,26,85,#B8A0D9
266,26,85,#B9A0D9
267,26,85,#BAA0D9
268,26,85,#BBA0D9
269,26,85,#BCA0D9
270,26,85,#BDA0D9
271,26,85,#BEA0D9
272,26,85,#BEA0D9
273,26,85,#BFA0D9
274,26,85,#C0A0D9
275,26,85,#C1A0D9
276,26,85,#C2A0D9
277,26,85,#C3A0D9
278,26,85,#C4A0D9
279,26,85,#C5A0D9
280,26,85,#C6A0D9
281,26,85,#C7A0D9
282,26,85,#C8A0D9
283,26,85,#C9A0D9
284,26,85,#CAA0D9
285,26,85,#CBA0D9
286,26,85,#CCA0D9
287,26,85,#CDA0D9
288,26,85,#CDA0D9
289,26,85,#CEA0D9
290,26,85,#CFA0D9
291,26,85,#D0A0D9
292,26,85,#D1A0D9
293,26,85,#D2A0D9
294,26,85,#D3A0D9
295,26,85,#D4A0D9
296,26,85,#D5A0D9
297,26,85,#D6A0D9
298,26,85,#D7A0D9
299,26,85,#D8A0D9
300,26,85,#D9A0D9
301,26,85,#D9A0D8
302,26,85,#D9A0D7
303,26,85,#D9A0D6
304,26,85,#D9A0D5
305,26,85,#D9A0D4
306,26,85,#D9A0D3
307,26,85,#D9A0D2
308,26,85,#D9A0D1
309,26,85,#D9A0D0
310,26,85,#D9A0CF
311,26,85,#D9A0CE
312,26,85,#D9A0CD
313,26,85,#D9A0CD
314,26,85,#D9A0CC
315,26,85,#D9A0CB
316,26,85,#D9A0CA
317,26,85,#D9A0C9
318,26,85,#D9A0C8
319,26,85,#D9A0C7
320,26,85,#D9A0C6
321,26,85,#D9A0C5
322,26,85,#D9A0C4
323,26,85,#D9A0C3
324,26,85,#D9A0C2
325,26,85,#D9A0C1
326,26,85,#D9A0C0
327,26,85,#D9A0BF
328,26,85,#D9A0BE
329,26,85,#D9A0BE
330,26,85,#D9A0BD
331,26,85,#D9A0BC
332,26,85,#D9A0BB
333,26,85,#D9A0BA
334,26,85,#D9A0B9
335,26,85,#D9A0B8
336,26,85,#D9A0B7
337,26,85,#D9A0B6
338,26,85,#D9A0B5
339,26,85,#D9A0B4
340,26,85,#D9A0B3
341,26,85,#D9A0B2
342,26,85,#D9A0B1
343,26,85,#D9A0B0
344,26,85,#D9A0AF
345,26,85,#D9A0AE
346,26,85,#D9A0AE
347,26,85,#D9A0AD
348,26,85,#D9A0AC
349,26,85,#D9A0AB
350,26,85,#D9A0AA
351,26,85,#D9A0A9
352,26,85,#D9A0A8
353,26,85,#D9A0A7
354,26,85,#D9A0A6
355,26,85,#D9A0A5
356,26,85,#D9A0A4
357,26,85,#D9A0A3
358,26,85,#D9A0A2
359,26,85,#D9A0A1
0,25,85,#D9A3A3
1,25,85,#D9A3A3
2,25,85,#D9A4A3
3,25,85,#D9A5A3
4,25,85,#D9A6A3
5,25,85,#D9A7A3
6,25,85,#D9A8A3
7,25,85,#D9A9A3
8,25,85,#D9AAA3
9,25,85,#D9ABA3
10,25,85,#D9ACA3
11,25,85,#D9ACA3
12,25,85,#D9ADA3
13,25,85,#D9AEA3
14,25,85,#D9AFA3
15,25,85,#D9B0A3
16,25,85,#D9B1A3
17,25,85,#D9B2A3
18,25,85,#D9B3A3
19,25,85,#D9B4A3
20,25,85,#D9B5A3
21,25,85,#D9B6A3
22,25,85,#D9B6A3
23,25,85,#D9B7A3
24,25,85,#D9B8A3
25,25,85,#D9B9A3
26,25,85,#D9BAA3
27,25,85,#D9BBA3
28,25,85,#D9BCA3
29,25,85,#D9BDA3
30,25,85,#D9BEA3
31,25,85,#D9BFA3
32,25,85,#D9BFA3
33,25,85,#D9C0A3
34,25,85,#D9C1A3
35,25,85,#D9C2A3
36,25,85,#D9C3A3
37,25,85,#D9C4A3
38,25,85,#D9C5A3
39,25,85,#D9C6A3
40,25,85,#D9C7A3
41,25,85,#D9C8A3
42,25,85,#D9C8A3
43,25,85,#D9C9A3
44,25,85,#D9CAA3
45,25,85,#D9CBA3
46,25,85,#D9CCA3
47,25,85,#D9CDA3
48,25,85,#D9CEA3
49,25,85,#D9CFA3
50,25,85,#D9D0A3
51,25,85,#D9D1A3
52,25,85,#D9D2A3
53,25,85,#D9D2A3
54,25,85,#D9D3A3
55,25,85,#D9D4A3
56,25,85,#D9D5A3
57,25,85,#D9D6A3
58,25,85,#D9D7A3
59,25,85,#D9D8A3
60,25,85,#D9D9A3
61,25,85,#D8D9A3
62,25,85,#D7D9A3
63,25,85,#D6D9A3
64,25,85,#D5D9A3
65,25,85,#D4D9A3
66,25,85,#D3D9A3
67,25,85,#D2D9A3
68,25,85,#D2D9A3
69,25,85,#D1D9A3
70,25,85,#D0D9A3
71,25,85,#CFD9A3
72,25,85,#CED9A3
73,25,85,#CDD9A3
74,25,85,#CCD9A3
75,25,85,#CBD9A3
76,25,85,#CAD9A3
77,25,85,#C9D9A3
78,25,85,#C8D9A3
79,25,85,#C8D9A3
80,25,85,#C7D9A3
81,25,85,#C6D9A3
82,25,85,#C5D9A3
83,25,85,#C4D9A3
84,25,85,#C3D9A3
85,25,85,#C2D9A3
86,25,85,#C1D9A3
87,25,85,#C0D9A3
88,25,85,#BFD9A3
89,25,85,#BFD9A3
90,25,85,#BED9A3
91,25,85,#BDD9A3
92,25,85,#BCD9A3
93,25,85,#BBD9A3
94,25,85,#BAD9A3
95,25,85,#B9D9A3
96,25,85,#B8D9A3
97,25,85,#B7D9A3
98,25,85,#B6D9A3
99,25,85,#B6D9A3
100,25,85,#B5D9A3
101,25,85,#B4D9A3
102,25,85,#B3D9A3
103,25,85,#B2D9A3
104,25,85,#B1D9A3
105,25,85,#B0D9A3
106,25,85,#AFD9A3
107,25,85,#AED9A3
108,25,85,#ADD9A3
109,25,85,#ACD9A3
110,25,85,#ACD9A3
111,25,85,#ABD9A3
112,25,85,#AAD9A3
113,25,85,#A9D9A3
114,25,85,#A8D9A3
115,25,85,#A7D9A3
116,25,85,#A6D9A3
117,25,85,#A5D9A3
118,25,85,#A4D9A3
119,25,85,#A3D9A3
120,25,85,#A3D9A3
121,25,85,#A3D9A3
122,25,85,#A3D9A4
123,25,85,#A3D9A5
124,25,85,#A3D9A6
125,25,85,#A3D9A7
126,25,85,#A3D9A8
127,25,85,#A3D9A9
128,25,85,#A3D9AA
129,25,85,#A3D9AB
130,25,85,#A3D9AC
131,25,85,#A3D9AC
132,25,85,#A3D9AD
133,25,85,#A3D9AE
134,25,85,#A3D9AF
135,25,85,#A3D9B0
136,25,85,#A3D9B1
137,25,85,#A3D9B2
138,25,85,#A3D9B3
139,25,85,#A3D9B4
140,25,85,#A3D9B5
141,25,85,#A3D9B6
142,25,85,#A3D9B6
143,25,85,#A3D9B7
144,25,85,#A3D9B8
145,25,85,#A3D9B9
146,25,85,#A3D9BA
147,25,85,#A3D9BB
148,25,85,#A3D9BC
149,25,85,#A3D9BD
150,25,85,#A3D9BE
151,25,85,#A3D9BF
152,25,85,#A3D9BF
153,25,85,#A3D9C0
154,25,85,#A3D9C1
155,25,85,#A3D9C2
156,25,85,#A3D9C3
157,25,85,#A3D9C4
158,25,85,#A3D9C5
159,25,85,#A3D9C6
160,25,85,#A3D9C7
161,25,85,#A3D9C8
162,25,85,#A3D9C8
163,25,85,#A3D9C9
164,25,85,#A3D9CA
165,25,85,#A3D9CB
166,25,85,#A3D9CC
167,25,85,#A3D9CD
168,25,85,#A3D9CE
169,25,85,#A3D9CF
170,25,85,#A3D9D0
171,25,85,#A3D9D1
172,25,85,#A3D9D2
173,25,85,#A3D9D2
174,25,85,#A3D9D3
175,25,85,#A3D9D4
176,25,85,#A3D9D5
177,25,85,#A3D9D6
178,25,85,#A3D9D7
179,25,85,#A3D9D8
180,25,85,#A3D9D9
181,25,85,#A3D8D9
182,25,85,#A3D7D9
183,25,85,#A3D6D9
184,25,85,#A3D5D9
185,25,85,#A3D4D9
186,25,85,#A3D3D9
187,25,85,#A3D2D9
188,25,85,#A3D2D9
189,25,85,#A3D1D9
190,25,85,#A3D0D9
191,25,85,#A3CFD9
192,25,85,#A3CED9
193,25,85,#A3CDD9
194,25,85,#A3CCD9
195,25,85,#A3CBD9
196,25,85,#A3CAD9
197,25,85,#A3C9D9
198,25,85,#A3C8D9
199,25,85,#A3C8D9
200,25,85,#A3C7D9
201,25,85,#A3C6D9
202,25,85,#A3C5D9
203,25,85,#A3C4D9
204,25,85,#A3C3D9
205,25,85,#A3C2D9
206,25,85,#A3C1D9
207,25,85,#A3C0D9
208,25,85,#A3BFD9
209,25,85,#A3BFD9
210,25,85,#A3BED9
211,25,85,#A3BDD9
212,25,85,#A3BCD9
213,25,85,#A3BBD9
214,25,85,#A3BAD9
215,25,85,#A3B9D9
216,25,85,#A3B8D9
217,25,85,#A3B7D9
218,25,85,#A3B6D9
219,25,85,#A3B6D9
220,25,85,#A3B5D9
221,25,85,#A3B4D9
222,25,85,#A3B3D9
223,25,85,#A3B2D9
224,25,85,#A3B1D9
225,25,85,#A3B0D9
226,25,85,#A3AFD9
227,25,85,#A3AED9
228,25,85,#A3ADD9
229,25,85,#A3ACD9
230,25,85,#A3ACD9
231,25,85,#A3ABD9
232,25,85,#A3AAD9
233,25,85,#A3A9D9
234,25,85,#A3A8D9
235,25,85,#A3A7D9
236,25,85,#A3A6D9
237,25,85,#A3A5D9
238,25,85,#A3A4D9
239,25,85,#A3A3D9
240,25,85,#A3A3D9
241,25,85,#A3A3D9
242,25,85,#A4A3D9
243,25,85,#A5A3D9
244,25,85,#A6A3D9
245,25,85,#A7A3D9
246,25,85,#A8A3D9
247,25,85,#A9A3D9
248,25,85,#AAA3D9
249,25,85,#ABA3D9
250,25,85,#ACA3D9
251,25,85,#ACA3D9
252,25,85,#ADA3D9
253,25,85,#AEA3D9
254,25,85,#AFA3D9
255,25,85,#B0A3D9
256,25,85,#B1A3D9
257,25,85,#B2A3D9
258,25,85,#B3A3D9
259,25,85,#B4A3D9
260,25,85,#B5A3D9
261,25,85,#B6A3D9
262,25,85,#B6A3D9
263,25,85,#B7A3D9
264,25,85,#B8A3D9
265,25,85,#B9A3D9
266,25,85,#BAA3D9
267,25,85,#BBA3D9
268,25,85,#BCA3D9
269,25,85,#BDA3D9
270,25,85,#BEA3D9
271,25,85,#BFA3D9
272,25,85,#BFA3D9
273,25,85,#C0A3D9
274,25,85,#C1A3D9
275,25,85,#C2A3D9
276,25,85,#C3A3D9
277,25,85,#C4A3D9
278,25,85,#C5A3D9
279,25,85,#C6A3D9
280,25,85,#C7A3D9
281,25,85,#C8A3D9
282,25,85,#C8A3D9
283,25,85,#C9A3D9
284,25,85,#CAA3D9
285,25,85,#CBA3D9
286,25,85,#CCA3D9
287,25,85,#CDA3D9
288,25,85,#CEA3D9
289,25,85,#CFA3D9
290,25,85,#D0A3D9
291,25,85,#D1A3D9
292,25,85,#D2A3D9
293,25,85,#D2A3D9
294,25,85,#D3A3D9
295,25,85,#D4A3D9
296,25,85,#D5A3D9
297,25,85,#D6A3D9
298,25,85,#D7A3D9
299,25,85,#D8A3D9
300,25,85,#D9A3D9
301,25,85,#D9A3D8
302,25,85,#D9A3D7
303,25,85,#D9A3D6
304,25,85,#D9A3D5
305,25,85,#D9A3D4
306,25,85,#D9A3D3
307,25,85,#D9A3D2
308,25,85,#D9A3D2
309,25,85,#D9A3D1
310,25,85,#D9A3D0
311,25,85,#D9A3CF
312,25,85,#D9A3CE
313,25,85,#D9A3CD
314,25,85,#D9A3CC
315,25,85,#D9A3CB
316,25,85,#D9A3CA
317,25,85,#D9A3C9
318,25,85,#D9A3C8
319,25,85,#D9A3C8
320,25,85,#D9A3C7
321,25,85,#D9A3C6
322,25,85,#D9A3C5
323,25,85,#D9A3C4
324,25,85,#D9A3C3
325,25,85,#D9A3C2
326,25,85,#D9A3C1
327,25,85,#D9A3C0
328,25,85,#D9A3BF
329,25,85,#D9A3BF
330,25,85,#D9A3BE
331,25,85,#D9A3BD
332,25,85,#D9A3BC
333,25,85,#D9A3BB
334,25,85,#D9A3BA
335,25,85,#D9A3B9
336,25,85,#D9A3B8
337,25,85,#D9A3B7
338,25,85,#D9A3B6
339,25,85,#D9A3B6
340,25,85,#D9A3B5
341,25,85,#D9A3B4
342,25,85,#D9A3B3
343,25,85,#D9A3B2
344,25,85,#D9A3B1
345,25,85,#D9A3B0
346,25,85,#D9A3AF
347,25,85,#D9A3AE
348,25,85,#D9A3AD
349,25,85,#D9A3AC
350,25,85,#D9A3AC
351,25,85,#D9A3AB
352,25,85,#D9A3AA
353,25,85,#D9A3A9
354,25,85,#D9A3A8
355,25,85,#D9A3A7
356,25,85,#D9A3A6
357,25,85,#D9A3A5
358,25,85,#D9A3A4
359,25,85,#D9A3A3
0,24,85,#D9A5A5
1,24,85,#D9A6A5
2,24,85,#D9A6A5
3,24,85,#D9A7A5
4,24,85,#D9A8A5
5,24,85,#D9A9A5
6,24,85,#D9AAA5
7,24,85,#D9ABA5
8,24,85,#D9ACA5
9,24,85,#D9ADA5
10,24,85,#D9ADA5
11,24,85,#D9AEA5
12,24,85,#D9AFA5
13,24,85,#D9B0A5
14,24,85,#D9B1A5
15,24,85,#D9B2A5
16,24,85,#D9B3A5
17,24,85,#D9B3A5
18,24,85,#D9B4A5
19,24,85,#D9B5A5
20,24,85,#D9B6A5
21,24,85,#D9B7A5
22,24,85,#D9B8A5
23,24,85,#D9B9A5
24,24,85,#D9BAA5
25,24,85,#D9BAA5
26,24,85,#D9BBA5
27,24,85,#D9BCA5
28,24,85,#D9BDA5
29,24,85,#D9BEA5
30,24,85,#D9BFA5
31,24,85,#D9C0A5
32,24,85,#D9C0A5
33,24,85,#D9C1A5
34,24,85,#D9C2A5
35,24,85,#D9C3A5
36,24,85,#D9C4A5
37,24,85,#D9C5A5
38,24,85,#D9C6A5
39,24,85,#D9C7A5
40,24,85,#D9C7A5
41,24,85,#D9C8A5
42,24,85,#D9C9A5
43,24,85,#D9CAA5
44,24,85,#D9CBA5
45,24,85,#D9CCA5
46,24,85,#D9CDA5
47,24,85,#D9CDA5
48,24,85,#D9CEA5
49,24,85,#D9CFA5
50,24,85,#D9D0A5
51,24,85,#D9D1A5
52,24,85,#D9D2A5
53,24,85,#D9D3A5
54,24,85,#D9D4A5
55,24,85,#D9D4A5
56,24,85,#D9D5A5
57,24,85,#D9D6A5
58,24,85,#D9D7A5
59,24,85,#D9D8A5
60,24,85,#D9D9A5
61,24,85,#D8D9A5
62,24,85,#D7D9A5
63,24,85,#D6D9A5
64,24,85,#D5D9A5
65,24,85,#D4D9A5
66,24,85,#D4D9A5
67,24,85,#D3D9A5
68,24,85,#D2D9A5
69,24,85,#D1D9A5
70,24,85,#D0D9A5
71,24,85,#CFD9A5
72,24,85,#CED9A5
73,24,85,#CDD9A5
74,24,85,#CDD9A5
75,24,85,#CCD9A5
76,24,85,#CBD9A5
77,24,85,#CAD9A5
78,24,85,#C9D9A5
79,24,85,#C8D9A5
80,24,85,#C7D9A5
81,24,85,#C7D9A5
82,24,85,#C6D9A5
83,24,85,#C5D9A5
84,24,85,#C4D9A5
85,24,85,#C3D9A5
86,24,85,#C2D9A5
87,24,85,#C1D9A5
88,24,85,#C0D9A5
89,24,85,#C0D9A5
90,24,85,#BFD9A5
91,24,85,#BED9A5
92,24,85,#BDD9A5
93,24,85,#BCD9A5
94,24,85,#BBD9A5
95,24,85,#BAD9A5
96,24,85,#BAD9A5
97,24,85,#B9D9A5
98,24,85,#B8D9A5
99,24,85,#B7D9A5
100,24,85,#B6D9A5
101,24,85,#B5D9A5
102,24,85,#B4D9A5
103,24,85,#B3D9A5
104,24,85,#B3D9A5
105,24,85,#B2D9A5
106,24,85,#B1D9A5
107,24,85,#B0D9A5
108,24,85,#AFD9A5
109,24,85,#AED9A5
110,24,85,#ADD9A5
111,24,85,#ADD9A5
112,24,85,#ACD9A5
113,24,85,#ABD9A5
114,24,85,#AAD9A5
115,24,85,#A9D9A5
116,24,85,#A8D9A5
117,24,85,#A7D9A5
118,24,85,#A6D9A5
119,24,85,#A6D9A5
120,24,85,#A5D9A5
121,24,85,#A5D9A6
122,24,85,#A5D9A6
123,24,85,#A5D9A7
124,24,85,#A5D9A8
125,24,85,#A5D9A9
126,24,85,#A5D9AA
127,24,85,#A5D9AB
128,24,85,#A5D9AC
129,24,85,#A5D9AD
130,24,85,#A5D9AD
131,24,85,#A5D9AE
132,24,85,#A5D9AF
133,24,85,#A5D9B0
134,24,85,#A5D9B1
135,24,85,#A5D9B2
136,24,85,#A5D9B3
137,24,85,#A5D9B3
138,24,85,#A5D9B4
139,24,85,#A5D9B5
140,24,85,#A5D9B6
141,24,85,#A5D9B7
142,24,85,#A5D9B8
143,24,85,#A5D9B9
144,24,85,#A5D9BA
145,24,85,#A5D9BA
146,24,85,#A5D9BB
147,24,85,#A5D9BC
148,24,85,#A5D9BD
149,24,85,#A5D9BE
150,24,85,#A5D9BF
151,24,85,#A5D9C0
152,24,85,#A5D9C0
153,24,85,#A5D9C1
154,24,85,#A5D9C2
155,24,85,#A5D9C3
156,24,85,#A5D9C4
157,24,85,#A5D9C5
158,24,85,#A5D9C6
159,24,85,#A5D9C7
160,24,85,#A5D9C7
161,24,85,#A5D9C8
162,24,85,#A5D9C9
163,24,85,#A5D9CA
164,24,85,#A5D9CB
165,24,85,#A5D9CC
166,24,85,#A5D9CD
167,24,85,#A5D9CD
168,24,85,#A5D9CE
169,24,85,#A5D9CF
170,24,85,#A5D9D0
171,24,85,#A5D9D1
172,24,85,#A5D9D2
173,24,85,#A5D9D3
174,24,85,#A5D9D4
175,24,85,#A5D9D4
176,24,85,#A5D9D5
177,24,85,#A5D9D6
178,24,85,#A5D9D7
179,24,85,#A5D9D8
180,24,85,#A5D9D9
181,24,85,#A5D8D9
182,24,85,#A5D7D9
183,24,85,#A5D6D9
184,24,85,#A5D5D9
185,24,85,#A5D4D9
186,24,85,#A5D4D9
187,24,85,#A5D3D9
188,24,85,#A5D2D9
189,24,85,#A5D1D9
190,24,85,#A5D0D9
191,24,85,#A5CFD9
192,24,85,#A5CED9
193,24,85,#A5CDD9
194,24,85,#A5CDD9
195,24,85,#A5CCD9
196,24,85,#A5CBD9
197,24,85,#A5CAD9
198,24,85,#A5C9D9
199,24,85,#A5C8D9
200,24,85,#A5C7D9
201,24,85,#A5C7D9
202,24,85,#A5C6D9
203,24,85,#A5C5D9
204,24,85,#A5C4D9
205,24,85,#A5C3D9
206,24,85,#A5C2D9
207,24,85,#A5C1D9
208,24,85,#A5C0D9
209,24,85,#A5C0D9
210,24,85,#A5BFD9
211,24,85,#A5BED9
212,24,85,#A5BDD9
213,24,85,#A5BCD9
214,24,85,#A5BBD9
215,24,85,#A5BAD9
216,24,85,#A5BAD9
217,24,85,#A5B9D9
218,24,85,#A5B8D9
219,24,85,#A5B7D9
220,24,85,#A5B6D9
221,24,85,#A5B5D9
222,24,85,#A5B4D9
223,24,85,#A5B3D9
224,24,85,#A5B3D9
225,24,85,#A5B2D9
226,24,85,#A5B1D9
227,24,85,#A5B0D9
228,24,85,#A5AFD9
229,24,85,#A5AED9
230,24,85,#A5ADD9
231,24,85,#A5ADD9
232,24,85,#A5ACD9
233,24,85,#A5ABD9
234,24,85,#A5AAD9
235,24,85,#A5A9D9
236,24,85,#A5A8D9
237,24,85,#A5A7D9
238,24,85,#A5A6D9
239,24,85,#A5A6D9
240,24,85,#A5A5D9
241,24,85,#A6A5D9
242,24,85,#A6A5D9
243,24,85,#A7A5D9
244,24,85,#A8A5D9
245,24,85,#A9A5D9
246,24,85,#AAA5D9
247,24,85,#ABA5D9
248,24,85,#ACA5D9
249,24,85,#ADA5D9
250,24,85,#ADA5D9
251,24,85,#AEA5D9
252,24,85,#AFA5D9
253,24,85,#B0A5D9
254,24,85,#B1A5D9
255,24,85,#B2A5D9
256,24,85,#B3A5D9
257,24,85,#B3A5D9
258,24,85,#B4A5D9
259,24,85,#B5A5D9
260,24,85,#B6A5D9
261,24,85,#B7A5D9
262,24,85,#B8A5D9
263,24,85,#B9A5D9
264,24,85,#BAA5D9
265,24,85,#BAA5D9
266,24,85,#BBA5D9
267,24,85,#BCA5D9
268,24,85,#BDA5D9
269,24,85,#BEA5D9
270,24,85,#BFA5D9
271,24,85,#C0A5D9
272,24,85,#C0A5D9
273,24,85,#C1A5D9
274,24,85,#C2A5D9
275,24,85,#C3A5D9
276,24,85,#C4A5D9
277,24,85,#C5A5D9
278,24,85,#C6A5D9
279,24,85,#C7A5D9
280,24,85,#C7A5D9
281,24,85,#C8A5D9
282,24,85,#C9A5D9
283,24,85,#CAA5D9
284,24,85,#CBA5D9
285,24,85,#CCA5D9
286,24,85,#CDA5D9
287,24,85,#CDA5D9
288,24,85,#CEA5D9
289,24,85,#CFA5D9
290,24,85,#D0A5D9
291,24,85,#D1A5D9
292,24,85,#D2A5D9
293,24,85,#D3A5D9
294,24,85,#D4A5D9
295,24,85,#D4A5D9
296,24,85,#D5A5D9
297,24,85,#D6A5D9
298,24,85,#D7A5D9
299,24,85,#D8A5D9
300,24,85,#D9A5D9
301,24,85,#D9A5D8
302,24,85,#D9A5D7
303,24,85,#D9A5D6
304,24,85,#D9A5D5
305,24,85,#D9A5D4
306,24,85,#D9A5D4
307,24,85,#D9A5D3
308,24,85,#D9A5D2
309,24,85,#D9A5D1
310,24,85,#D9A5D0
311,24,85,#D9A5CF
312,24,85,#D9A5CE
313,24,85,#D9A5CD
314,24,85,#D9A5CD
315,24,85,#D9A5CC
316,24,85,#D9A5CB
317,24,85,#D9A5CA
318,24,85,#D9A5C9
319,24,85,#D9A5C8
320,24,85,#D9A5C7
321,24,85,#D9A5C7
322,24,85,#D9A5C6
323,24,85,#D9A5C5
324,24,85,#D9A5C4
325,24,85,#D9A5C3
326,24,85,#D9A5C2
327,24,85,#D9A5C1
328,24,85,#D9A5C0
329,24,85,#D9A5C0
330,24,85,#D9A5BF
331,24,85,#D9A5BE
332,24,85,#D9A5BD
333,24,85,#D9A5BC
334,24,85,#D9A5BB
335,24,85,#D9A5BA
336,24,85,#D9A5BA
337,24,85,#D9A5B9
338,24,85,#D9A5B8
339,24,85,#D9A5B7
340,24,85,#D9A5B6
341,24,85,#D9A5B5
342,24,85,#D9A5B4
343,24,85,#D9A5B3
344,24,85,#D9A5B3
345,24,85,#D9A5B2
346,24,85,#D9A5B1
347,24,85,#D9A5B0
348,24,85,#D9A5AF
349,24,85,#D9A5AE
350,24,85,#D9A5AD
351,24,85,#D9A5AD
352,24,85,#D9A5AC
353,24,85,#D9A5AB
354,24,85,#D9A5AA
355,24,85,#D9A5A9
356,24,85,#D9A5A8
357,24,85,#D9A5A7
358,24,85,#D9A5A6
359,24,85,#D9A5A6
0,23,85,#D9A7A7
1,23,85,#D9A8A7
2,23,85,#D9A9A7
3,23,85,#D9A9A7
4,23,85,#D9AAA7
5,23,85,#D9ABA7
6,23,85,#D9ACA7
7,23,85,#D9ADA7
8,23,85,#D9AEA7
9,23,85,#D9AEA7
10,23,85,#D9AFA7
11,23,85,#D9B0A7
12,23,85,#D9B1A7
13,23,85,#D9B2A7
14,23,85,#D9B3A7
15,23,85,#D9B3A7
16,23,85,#D9B4A7
17,23,85,#D9B5A7
18,23,85,#D9B6A7
19,23,85,#D9B7A7
20,23,85,#D9B8A7
21,23,85,#D9B8A7
22,23,85,#D9B9A7
23,23,85,#D9BAA7
24,23,85,#D9BBA7
25,23,85,#D9BCA7
26,23,85,#D9BDA7
27,23,85,#D9BDA7
28,23,85,#D9BEA7
29,23,85,#D9BFA7
30,23,85,#D9C0A7
31,23,85,#D9C1A7
32,23,85,#D9C1A7
33,23,85,#D9C2A7
34,23,85,#D9C3A7
35,23,85,#D9C4A7
36,23,85,#D9C5A7
37,23,85,#D9C6A7
38,23,85,#D9C6A7
39,23,85,#D9C7A7
40,23,85,#D9C8A7
41,23,85,#D9C9A7
42,23,85,#D9CAA7
43,23,85,#D9CBA7
44,23,85,#D9CBA7
45,23,85,#D9CCA7
46,23,85,#D9CDA7
47,23,85,#D9CEA7
48,23,85,#D9CFA7
49,23,85,#D9D0A7
50,23,85,#D9D0A7
51,23,85,#D9D1A7
52,23,85,#D9D2A7
53,23,85,#D9D3A7
54,23,85,#D9D4A7
55,23,85,#D9D5A7
56,23,85,#D9D5A7
57,23,85,#D9D6A7
58,23,85,#D9D7A7
59,23,85,#D9D8A7
60,23,85,#D9D9A7
61,23,85,#D8D9A7
62,23,85,#D7D9A7
63,23,85,#D6D9A7
64,23,85,#D5D9A7
65,23,85,#D5D9A7
66,23,85,#D4D9A7
67,23,85,#D3D9A7
68,23,85,#D2D9A7
69,23,85,#D1D9A7
70,23,85,#D0D9A7
71,23,85,#D0D9A7
72,23,85,#CFD9A7
73,23,85,#CED9A7
74,23,85,#CDD9A7
75,23,85,#CCD9A7
76,23,85,#CBD9A7
77,23,85,#CBD9A7
78,23,85,#CAD9A7
79,23,85,#C9D9A7
80,23,85,#C8D9A7
81,23,85,#C7D9A7
82,23,85,#C6D9A7
83,23,85,#C6D9A7
84,23,85,#C5D9A7
85,23,85,#C4D9A7
86,23,85,#C3D9A7
87,23,85,#C2D9A7
88,23,85,#C1D9A7
89,23,85,#C1D9A7
90,23,85,#C0D9A7
91,23,85,#BFD9A7
92,23,85,#BED9A7
93,23,85,#BDD9A7
94,23,85,#BDD9A7
95,23,85,#BCD9A7
96,23,85,#BBD9A7
97,23,85,#BAD9A7
98,23,85,#B9D9A7
99,23,85,#B8D9A7
100,23,85,#B8D9A7
101,23,85,#B7D9A7
102,23,85,#B6D9A7
103,23,85,#B5D9A7
104,23,85,#B4D9A7
105,23,85,#B3D9A7
106,23,85,#B3D9A7
107,23,85,#B2D9A7
108,23,85,#B1D9A7
109,23,85,#B0D9A7
110,23,85,#AFD9A7
111,23,85,#AED9A7
112,23,85,#AED9A7
113,23,85,#ADD9A7
114,23,85,#ACD9A7
115,23,85,#ABD9A7
116,23,85,#AAD9A7
117,23,85,#A9D9A7
118,23,85,#A9D9A7
119,23,85,#A8D9A7
120,23,85,#A7D9A7
121,23,85,#A7D9A8
122,23,85,#A7D9A9
123,23,85,#A7D9A9
124,23,85,#A7D9AA
125,23,85,#A7D9AB
126,23,85,#A7D9AC
127,23,85,#A7D9AD
128,23,85,#A7D9AE
129,23,85,#A7D9AE
130,23,85,#A7D9AF
131,23,85,#A7D9B0
132,23,85,#A7D9B1
133,23,85,#A7D9B2
134,23,85,#A7D9B3
135,23,85,#A7D9B3
136,23,85,#A7D9B4
137,23,85,#A7D9B5
138,23,85,#A7D9B6
139,23,85,#A7D9B7
140,23,85,#A7D9B8
141,23,85,#A7D9B8
142,23,85,#A7D9B9
143,23,85,#A7D9BA
144,23,85,#A7D9BB
145,23,85,#A7D9BC
146,23,85,#A7D9BD
147,23,85,#A7D9BD
148,23,85,#A7D9BE
149,23,85,#A7D9BF
150,23,85,#A7D9C0
151,23,85,#A7D9C1
152,23,85,#A7D9C1
153,23,85,#A7D9C2
154,23,85,#A7D9C3
155,23,85,#A7D9C4
156,23,85,#A7D9C5
157,23,85,#A7D9C6
158,23,85,#A7D9C6
159,23,85,#A7D9C7
160,23,85,#A7D9C8
161,23,85,#A7D9C9
162,23,85,#A7D9CA
163,23,85,#A7D9CB
164,23,85,#A7D9CB
165,23,85,#A7D9CC
166,23,85,#A7D9CD
167,23,85,#A7D9CE
168,23,85,#A7D9CF
169,23,85,#A7D9D0
170,23,85,#A7D9D0
171,23,85,#A7D9D1
172,23,85,#A7D9D2
173,23,85,#A7D9D3
174,23,85,#A7D9D4
175,23,85,#A7D9D5
176,23,85,#A7D9D5
177,23,85,#A7D9D6
178,23,85,#A7D9D7
179,23,85,#A7D9D8
180,23,85,#A7D9D9
181,23,85,#A7D8D9
182,23,85,#A7D7D9
183,23,85,#A7D6D9
184,23,85,#A7D5D9
185,23,85,#A7D5D9
186,23,85,#A7D4D9
187,23,85,#A7D3D9
188,23,85,#A7D2D9
189,23,85,#A7D1D9
190,23,85,#A7D0D9
191,23,85,#A7D0D9
192,23,85,#A7CFD9
193,23,85,#A7CED9
194,23,85,#A7CDD9
195,23,85,#A7CCD9
196,23,85,#A7CBD9
197,23,85,#A7CBD9
198,23,85,#A7CAD9
199,23,85,#A7C9D9
200,23,85,#A7C8D9
201,23,85,#A7C7D9
202,23,85,#A7C6D9
203,23,85,#A7C6D9
204,23,85,#A7C5D9
205,23,85,#A7C4D9
206,23,85,#A7C3D9
207,23,85,#A7C2D9
208,23,85,#A7C1D9
209,23,85,#A7C1D9
210,23,85,#A7C0D9
211,23,85,#A7BFD9
212,23,85,#A7BED9
213,23,85,#A7BDD9
214,23,85,#A7BDD9
215,23,85,#A7BCD9
216,23,85,#A7BBD9
217,23,85,#A7BAD9
218,23,85,#A7B9D9
219,23,85,#A7B8D9
220,23,85,#A7B8D9
221,23,85,#A7B7D9
222,23,85,#A7B6D9
223,23,85,#A7B5D9
224,23,85,#A7B4D9
225,23,85,#A7B3D9
226,23,85,#A7B3D9
227,23,85,#A7B2D9
228,23,85,#A7B1D9
229,23,85,#A7B0D9
230,23,85,#A7AFD9
231,23,85,#A7AED9
232,23,85,#A7AED9
233,23,85,#A7ADD9
234,23,85,#A7ACD9
235,23,85,#A7ABD9
236,23,85,#A7AAD9
237,23,85,#A7A9D9
238,23,85,#A7A9D9
239,23,85,#A7A8D9
240,23,85,#A7A7D9
241,23,85,#A8A7D9
242,23,85,#A9A7D9
243,23,85,#A9A7D9
244,23,85,#AAA7D9
245,23,85,#ABA7D9
246,23,85,#ACA7D9
247,23,85,#ADA7D9
248,23,85,#AEA7D9
249,23,85,#AEA7D9
250,23,85,#AFA7D9
251,23,85,#B0A7D9
252,23,85,#B1A7D9
253,23,85,#B2A7D9
254,23,85,#B3A7D9
255,23,85,#B3A7D9
256,23,85,#B4A7D9
257,23,85,#B5A7D9
258,23,85,#B6A7D9
259,23,85,#B7A7D9
260,23,85,#B8A7D9
261,23,85,#B8A7D9
262,23,85,#B9A7D9
263,23,85,#BAA7D9
264,23,85,#BBA7D9
265,23,85,#BCA7D9
266,23,85,#BDA7D9
267,23,85,#BDA7D9
268,23,85,#BEA7D9
269,23,85,#BFA7D9
270,23,85,#C0A7D9
271,23,85,#C1A7D9
272,23,85,#C1A7D9
273,23,85,#C2A7D9
274,23,85,#C3A7D9
275,23,85,#C4A7D9
276,23,85,#C5A7D9
277,23,85,#C6A7D9
278,23,85,#C6A7D9
279,23,85,#C7A7D9
280,23,85,#C8A7D9
281,23,85,#C9A7D9
282,23,85,#CAA7D9
283,23,85,#CBA7D9
284,23,85,#CBA7D9
285,23,85,#CCA7D9
286,23,85,#CDA7D9
287,23,85,#CEA7D9
288,23,85,#CFA7D9
289,23,85,#D0A7D9
290,23,85,#D0A7D9
291,23,85,#D1A7D9
292,23,85,#D2A7D9
293,23,85,#D3A7D9
294,23,85,#D4A7D9
295,23,85,#D5A7D9
296,23,85,#D5A7D9
297,23,85,#D6A7D9
298,23,85,#D7A7D9
299,23,85,#D8A7D9
300,23,85,#D9A7D9
301,23,85,#D9A7D8
302,23,85,#D9A7D7
303,23,85,#D9A7D6
304,23,85,#D9A7D5
305,23,85,#D9A7D5
306,23,85,#D9A7D4
307,23,85,#D9A7D3
308,23,85,#D9A7D2
309,23,85,#D9A7D1
310,23,85,#D9A7D0
311,23,85,#D9A7D0
312,23,85,#D9A7CF
313,23,85,#D9A7CE
314,23,85,#D9A7CD
315,23,85,#D9A7CC
316,23,85,#D9A7CB
317,23,85,#D9A7CB
318,23,85,#D9A7CA
319,23,85,#D9A7C9
320,23,85,#D9A7C8
321,23,85,#D9A7C7
322,23,85,#D9A7C6
323,23,85,#D9A7C6
324,23,85,#D9A7C5
325,23,85,#D9A7C4
326,23,85,#D9A7C3
327,23,85,#D9A7C2
328,23,85,#D9A7C1
329,23,85,#D9A7C1
330,23,85,#D9A7C0
331,23,85,#D9A7BF
332,23,85,#D9A7BE
333,23,85,#D9A7BD
334,23,85,#D9A7BD
335,23,85,#D9A7BC
336,23,85,#D9A7BB
337,23,85,#D9A7BA
338,23,85,#D9A7B9
339,23,85,#D9A7B8
340,23,85,#D9A7B8
341,23,85,#D9A7B7
342,23,85,#D9A7B6
343,23,85,#D9A7B5
344,23,85,#D9A7B4
345,23,85,#D9A7B3
346,23,85,#D9A7B3
347,23,85,#D9A7B2
348,23,85,#D9A7B1
349,23,85,#D9A7B0
350,23,85,#D9A7AF
351,23,85,#D9A7AE
352,23,85,#D9A7AE
353,23,85,#D9A7AD
354,23,85,#D9A7AC
355,23,85,#D9A7AB
356,23,85,#D9A7AA
357,23,85,#D9A7A9
358,23,85,#D9A7A9
359,23,85,#D9A7A8
0,22,85,#D9A9A9
1,22,85,#D9AAA9
2,22,85,#D9ABA9
3,22,85,#D9ABA9
4,22,85,#D9ACA9
5,22,85,#D9ADA9
6,22,85,#D9AEA9
7,22,85,#D9AFA9
8,22,85,#D9AFA9
9,22,85,#D9B0A9
10,22,85,#D9B1A9
11,22,85,#D9B2A9
12,22,85,#D9B3A9
13,22,85,#D9B3A9
14,22,85,#D9B4A9
15,22,85,#D9B5A9
16,22,85,#D9B6A9
17,22,85,#D9B7A9
18,22,85,#D9B7A9
19,22,85,#D9B8A9
20,22,85,#D9B9A9
21,22,85,#D9BAA9
22,22,85,#D9BBA9
23,22,85,#D9BBA9
24,22,85,#D9BCA9
25,22,85,#D9BDA9
26,22,85,#D9BEA9
27,22,85,#D9BFA9
28,22,85,#D9BFA9
29,22,85,#D9C0A9
30,22,85,#D9C1A9
31,22,85,#D9C2A9
32,22,85,#D9C2A9
33,22,85,#D9C3A9
34,22,85,#D9C4A9
35,22,85,#D9C5A9
36,22,85,#D9C6A9
37,22,85,#D9C6A9
38,22,85,#D9C7A9
39,22,85,#D9C8A9
40,22,85,#D9C9A9
41,22,85,#D9CAA9
42,22,85,#D9CAA9
43,22,85,#D9CBA9
44,22,85,#D9CCA9
45,22,85,#D9CDA9
46,22,85,#D9CEA9
47,22,85,#D9CEA9
48,22,85,#D9CFA9
49,22,85,#D9D0A9
50,22,85,#D9D1A9
51,22,85,#D9D2A9
52,22,85,#D9D2A9
53,22,85,#D9D3A9
54,22,85,#D9D4A9
55,22,85,#D9D5A9
56,22,85,#D9D6A9
57,22,85,#D9D6A9
58,22,85,#D9D7A9
59,22,85,#D9D8A9
60,22,85,#D9D9A9
61,22,85,#D8D9A9
62,22,85,#D7D9A9
63,22,85,#D6D9A9
64,22,85,#D6D9A9
65,22,85,#D5D9A9
66,22,85,#D4D9A9
67,22,85,#D3D9A9
68,22,85,#D2D9A9
69,22,85,#D2D9A9
70,22,85,#D1D9A9
71,22,85,#D0D9A9
72,22,85,#CFD9A9
73,22,85,#CED9A9
74,22,85,#CED9A9
75,22,85,#CDD9A9
76,22,85,#CCD9A9
77,22,85,#CBD9A9
78,22,85,#CAD9A9
79,22,85,#CAD9A9
80,22,85,#C9D9A9
81,22,85,#C8D9A9
82,22,85,#C7D9A9
83,22,85,#C6D9A9
84,22,85,#C6D9A9
85,22,85,#C5D9A9
86,22,85,#C4D9A9
87,22,85,#C3D9A9
88,22,85,#C2D9A9
89,22,85,#C2D9A9
90,22,85,#C1D9A9
91,22,85,#C0D9A9
92,22,85,#BFD9A9
93,22,85,#BFD9A9
94,22,85,#BED9A9
95,22,85,#BDD9A9
96,22,85,#BCD9A9
97,22,85,#BBD9A9
98,22,85,#BBD9A9
99,22,85,#BAD9A9
100,22,85,#B9D9A9
101,22,85,#B8D9A9
102,22,85,#B7D9A9
103,22,85,#B7D9A9
104,22,85,#B6D9A9
105,22,85,#B5D9A9
106,22,85,#B4D9A9
107,22,85,#B3D9A9
108,22,85,#B3D9A9
109,22,85,#B2D9A9
110,22,85,#B1D9A9
111,22,85,#B0D9A9
112,22,85,#AFD9A9
113,22,85,#AFD9A9
114,22,85,#AED9A9
115,22,85,#ADD9A9
116,22,85,#ACD9A9
117,22,85,#ABD9A9
118,22,85,#ABD9A9
119,22,85,#AAD9A9
120,22,85,#A9D9A9
121,22,85,#A9D9AA
122,22,85,#A9D9AB
123,22,85,#A9D9AB
124,22,85,#A9D9AC
125,22,85,#A9D9AD
126,22,85,#A9D9AE
127,22,85,#A9D9AF
128,22,85,#A9D9AF
129,22,85,#A9D9B0
130,22,85,#A9D9B1
131,22,85,#A9D9B2
132,22,85,#A9D9B3
133,22,85,#A9D9B3
134,22,85,#A9D9B4
135,22,85,#A9D9B5
136,22,85,#A9D9B6
137,22,85,#A9D9B7
138,22,85,#A9D9B7
139,22,85,#A9D9B8
140,22,85,#A9D9B9
141,22,85,#A9D9BA
142,22,85,#A9D9BB
143,22,85,#A9D9BB
144,22,85,#A9D9BC
145,22,85,#A9D9BD
146,22,85,#A9D9BE
147,22,85,#A9D9BF
148,22,85,#A9D9BF
149,22,85,#A9D9C0
150,22,85,#A9D9C1
151,22,85,#A9D9C2
152,22,85,#A9D9C2
153,22,85,#A9D9C3
154,22,85,#A9D9C4
155,22,85,#A9D9C5
156,22,85,#A9D9C6
157,22,85,#A9D9C6
158,22,85,#A9D9C7
159,22,85,#A9D9C8
160,22,85,#A9D9C9
161,22,85,#A9D9CA
162,22,85,#A9D9CA
163,22,85,#A9D9CB
164,22,85,#A9D9CC
165,22,85,#A9D9CD
166,22,85,#A9D9CE
167,22,85,#A9D9CE
168,22,85,#A9D9CF
169,22,85,#A9D9D0
170,22,85,#A9D9D1
171,22,85,#A9D9D2
172,22,85,#A9D9D2
173,22,85,#A9D9D3
174,22,85,#A9D9D4
175,22,85,#A9D9D5
176,22,85,#A9D9D6
177,22,85,#A9D9D6
178,22,85,#A9D9D7
179,22,85,#A9D9D8
180,22,85,#A9D9D9
181,22,85,#A9D8D9
182,22,85,#A9D7D9
183,22,85,#A9D6D9
184,22,85,#A9D6D9
185,22,85,#A9D5D9
186,22,85,#A9D4D9
187,22,85,#A9D3D9
188,22,85,#A9D2D9
189,22,85,#A9D2D9
190,22,85,#A9D1D9
191,22,85,#A9D0D9
192,22,85,#A9CFD9
193,22,85,#A9CED9
194,22,85,#A9CED9
195,22,85,#A9CDD9
196,22,85,#A9CCD9
197,22,85,#A9CBD9
198,22,85,#A9CAD9
199,22,85,#A9CAD9
200,22,85,#A9C9D9
201,22,85,#A9C8D9
202,22,85,#A9C7D9
203,22,85,#A9C6D9
204,22,85,#A9C6D9
205,22,85,#A9C5D9
206,22,85,#A9C4D9
207,22,85,#A9C3D9
208,22,85,#A9C2D9
209,22,85,#A9C2D9
210,22,85,#A9C1D9
211,22,85,#A9C0D9
212,22,85,#A9BFD9
213,22,85,#A9BFD9
214,22,85,#A9BED9
215,22,85,#A9BDD9
216,22,85,#A9BCD9
217,22,85,#A9BBD9
218,22,85,#A9BBD9
219,22,85,#A9BAD9
220,22,85,#A9B9D9
221,22,85,#A9B8D9
222,22,85,#A9B7D9
223,22,85,#A9B7D9
224,22,85,#A9B6D9
225,22,85,#A9B5D9
226,22,85,#A9B4D9
227,22,85,#A9B3D9
228,22,85,#A9B3D9
229,22,85,#A9B2D9
230,22,85,#A9B1D9
231,22,85,#A9B0D9
232,22,85,#A9AFD9
233,22,85,#A9AFD9
234,22,85,#A9AED9
235,22,85,#A9ADD9
236,22,85,#A9ACD9
237,22,85,#A9ABD9
238,22,85,#A9ABD9
239,22,85,#A9AAD9
240,22,85,#A9A9D9
241,22,85,#AAA9D9
242,22,85,#ABA9D9
243,22,85,#ABA9D9
244,22,85,#ACA9D9
245,22,85,#ADA9D9
246,22,85,#AEA9D9
247,22,85,#AFA9D9
248,22,85,#AFA9D9
249,22,85,#B0A9D9
250,22,85,#B1A9D9
251,22,85,#B2A9D9
252,22,85,#B3A9D9
253,22,85,#B3A9D9
254,22,85,#B4A9D9
255,22,85,#B5A9D9
256,22,85,#B6A9D9
257,22,85,#B7A9D9
258,22,85,#B7A9D9
259,22,85,#B8A9D9
260,22,85,#B9A9D9
261,22,85,#BAA9D9
262,22,85,#BBA9D9
263,22,85,#BBA9D9
264,22,85,#BCA9D9
265,22,85,#BDA9D9
266,22,85,#BEA9D9
267,22,85,#BFA9D9
268,22,85,#BFA9D9
269,22,85,#C0A9D9
270,22,85,#C1A9D9
271,22,85,#C2A9D9
272,22,85,#C2A9D9
273,22,85,#C3A9D9
274,22,85,#C4A9D9
275,22,85,#C5A9D9
276,22,85,#C6A9D9
277,22,85,#C6A9D9
278,22,85,#C7A9D9
279,22,85,#C8A9D9
280,22,85,#C9A9D9
281,22,85,#CAA9D9
282,22,85,#CAA9D9
283,22,85,#CBA9D9
284,22,85,#CCA9D9
285,22,85,#CDA9D9
286,22,85,#CEA9D9
287,22,85,#CEA9D9
288,22,85,#CFA9D9
289,22,85,#D0A9D9
290,22,85,#D1A9D9
291,22,85,#D2A9D9
292,22,85,#D2A9D9
293,22,85,#D3A9D9
294,22,85,#D4A9D9
295,22,85,#D5A9D9
296,22,85,#D6A9D9
297,22,85,#D6A9D9
298,22,85,#D7A9D9
299,22,85,#D8A9D9
300,22,85,#D9A9D9
301,22,85,#D9A9D8
302,22,85,#D9A9D7
303,22,85,#D9A9D6
304,22,85,#D9A9D6
305,22,85,#D9A9D5
306,22,85,#D9A9D4
307,22,85,#D9A9D3
308,22,85,#D9A9D2
309,22,85,#D9A9D2
310,22,85,#D9A9D1
311,22,85,#D9A9D0
312,22,85,#D9A9CF
313,22,85,#D9A9CE
314,22,85,#D9A9CE
315,22,85,#D9A9CD
316,22,85,#D9A9CC
317,22,85,#D9A9CB
318,22,85,#D9A9CA
319,22,85,#D9A9CA
320,22,85,#D9A9C9
321,22,85,#D9A9C8
322,22,85,#D9A9C7
323,22,85,#D9A9C6
324,22,85,#D9A9C6
325,22,85,#D9A9C5
326,22,85,#D9A9C4
327,22,85,#D9A9C3
328,22,85,#D9A9C2
329,22,85,#D9A9C2
330,22,85,#D9A9C1
331,22,85,#D9A9C0
332,22,85,#D9A9BF
333,22,85,#D9A9BF
334,22,85,#D9A9BE
335,22,85,#D9A9BD
336,22,85,#D9A9BC
337,22,85,#D9A9BB
338,22,85,#D9A9BB
339,22,85,#D9A9BA
340,22,85,#D9A9B9
341,22,85,#D9A9B8
342,22,85,#D9A9B7
343,22,85,#D9A9B7
344,22,85,#D9A9B6
345,22,85,#D9A9B5
346,22,85,#D9A9B4
347,22,85,#D9A9B3
348,22,85,#D9A9B3
349,22,85,#D9A9B2
350,22,85,#D9A9B1
351,22,85,#D9A9B0
352,22,85,#D9A9AF
353,22,85,#D9A9AF
354,22,85,#D9A9AE
355,22,85,#D9A9AD
356,22,85,#D9A9AC
357,22,85,#D9A9AB
358,22,85,#D9A9AB
359,22,85,#D9A9AA
0,21,85,#D9ABAB
1,21,85,#D9ACAB
2,21,85,#D9ADAB
3,21,85,#D9AEAB
4,21,85,#D9AEAB
5,21,85,#D9AFAB
6,21,85,#D9B0AB
7,21,85,#D9B1AB
8,21,85,#D9B1AB
9,21,85,#D9B2AB
10,21,85,#D9B3AB
11,21,85,#D9B4AB
12,21,85,#D9B4AB
13,21,85,#D9B5AB
14,21,85,#D9B6AB
15,21,85,#D9B7AB
16,21,85,#D9B7AB
17,21,85,#D9B8AB
18,21,85,#D9B9AB
19,21,85,#D9BAAB
20,21,85,#D9BAAB
21,21,85,#D9BBAB
22,21,85,#D9BCAB
23,21,85,#D9BDAB
24,21,85,#D9BDAB
25,21,85,#D9BEAB
26,21,85,#D9BFAB
27,21,85,#D9C0AB
28,21,85,#D9C0AB
29,21,85,#D9C1AB
30,21,85,#D9C2AB
31,21,85,#D9C3AB
32,21,85,#D9C4AB
33,21,85,#D9C4AB
34,21,85,#D9C5AB
35,21,85,#D9C6AB
36,21,85,#D9C7AB
37,21,85,#D9C7AB
38,21,85,#D9C8AB
39,21,85,#D9C9AB
40,21,85,#D9CAAB
41,21,85,#D9CAAB
42,21,85,#D9CBAB
43,21,85,#D9CCAB
44,21,85,#D9CDAB
45,21,85,#D9CDAB
46,21,85,#D9CEAB
47,21,85,#D9CFAB
48,21,85,#D9D0AB
49,21,85,#D9D0AB
50,21,85,#D9D1AB
51,21,85,#D9D2AB
52,21,85,#D9D3AB
53,21,85,#D9D3AB
54,21,85,#D9D4AB
55,21,85,#D9D5AB
56,21,85,#D9D6AB
57,21,85,#D9D6AB
58,21,85,#D9D7AB
59,21,85,#D9D8AB
60,21,85,#D9D9AB
61,21,85,#D8D9AB
62,21,85,#D7D9AB
63,21,85,#D6D9AB
64,21,85,#D6D9AB
65,21,85,#D5D9AB
66,21,85,#D4D9AB
67,21,85,#D3D9AB
68,21,85,#D3D9AB
69,21,85,#D2D9AB
70,21,85,#D1D9AB
71,21,85,#D0D9AB
72,21,85,#D0D9AB
73,21,85,#CFD9AB
74,21,85,#CED9AB
75,21,85,#CDD9AB
76,21,85,#CDD9AB
77,21,85,#CCD9AB
78,21,85,#CBD9AB
79,21,85,#CAD9AB
80,21,85,#CAD9AB
81,21,85,#C9D9AB
82,21,85,#C8D9AB
83,21,85,#C7D9AB
84,21,85,#C7D9AB
85,21,85,#C6D9AB
86,21,85,#C5D9AB
87,21,85,#C4D9AB
88,21,85,#C4D9AB
89,21,85,#C3D9AB
90,21,85,#C2D9AB
91,21,85,#C1D9AB
92,21,85,#C0D9AB
93,21,85,#C0D9AB
94,21,85,#BFD9AB
95,21,85,#BED9AB
96,21,85,#BDD9AB
97,21,85,#BDD9AB
98,21,85,#BCD9AB
99,21,85,#BBD9AB
100,21,85,#BAD9AB
101,21,85,#BAD9AB
102,21,85,#B9D9AB
103,21,85,#B8D9AB
104,21,85,#B7D9AB
105,21,85,#B7D9AB
106,21,85,#B6D9AB
107,21,85,#B5D9AB
108,21,85,#B4D9AB
109,21,85,#B4D9AB
110,21,85,#B3D9AB
111,21,85,#B2D9AB
112,21,85,#B1D9AB
113,21,85,#B1D9AB
114,21,85,#B0D9AB
115,21,85,#AFD9AB
116,21,85,#AED9AB
117,21,85,#AED9AB
118,21,85,#ADD9AB
119,21,85,#ACD9AB
120,21,85,#ABD9AB
121,21,85,#ABD9AC
122,21,85,#ABD9AD
123,21,85,#ABD9AE
124,21,85,#ABD9AE
125,21,85,#ABD9AF
126,21,85,#ABD9B0
127,21,85,#ABD9B1
128,21,85,#ABD9B1
129,21,85,#ABD9B2
130,21,85,#ABD9B3
131,21,85,#ABD9B4
132,21,85,#ABD9B4
133,21,85,#ABD9B5
134,21,85,#ABD9B6
135,21,85,#ABD9B7
136,21,85,#ABD9B7
137,21,85,#ABD9B8
138,21,85,#ABD9B9
139,21,85,#ABD9BA
140,21,85,#ABD9BA
141,21,85,#ABD9BB
142,21,85,#ABD9BC
143,21,85,#ABD9BD
144,21,85,#ABD9BD
145,21,85,#ABD9BE
146,21,85,#ABD9BF
147,21,85,#ABD9C0
148,21,85,#ABD9C0
149,21,85,#ABD9C1
150,21,85,#ABD9C2
151,21,85,#ABD9C3
152,21,85,#ABD9C4
153,21,85,#ABD9C4
154,21,85,#ABD9C5
155,21,85,#ABD9C6
156,21,85,#ABD9C7
157,21,85,#ABD9C7
158,21,85,#ABD9C8
159,21,85,#ABD9C9
160,21,85,#ABD9CA
161,21,85,#ABD9CA
162,21,85,#ABD9CB
163,21,85,#ABD9CC
164,21,85,#ABD9CD
165,21,85,#ABD9CD
166,21,85,#ABD9CE
167,21,85,#ABD9CF
168,21,85,#ABD9D0
169,21,85,#ABD9D0
170,21,85,#ABD9D1
171,21,85,#ABD9D2
172,21,85,#ABD9D3
173,21,85,#ABD9D3
174,21,85,#ABD9D4
175,21,85,#ABD9D5
176,21,85,#ABD9D6
177,21,85,#ABD9D6
178,21,85,#ABD9D7
179,21,85,#ABD9D8
180,21,85,#ABD9D9
181,21,85,#ABD8D9
182,21,85,#ABD7D9
183,21,85,#ABD6D9
184,21,85,#ABD6D9
185,21,85,#ABD5D9
186,21,85,#ABD4D9
187,21,85,#ABD3D9
188,21,85,#ABD3D9
189,21,85,#ABD2D9
190,21,85,#ABD1D9
191,21,85,#ABD0D9
192,21,85,#ABD0D9
193,21,85,#ABCFD9
194,21,85,#ABCED9
195,21,85,#ABCDD9
196,21,85,#ABCDD9
197,21,85,#ABCCD9
198,21,85,#ABCBD9
199,21,85,#ABCAD9
200,21,85,#ABCAD9
201,21,85,#ABC9D9
202,21,85,#ABC8D9
203,21,85,#ABC7D9
204,21,85,#ABC7D9
205,21,85,#ABC6D9
206,21,85,#ABC5D9
207,21,85,#ABC4D9
208,21,85,#ABC4D9
209,21,85,#ABC3D9
210,21,85,#ABC2D9
211,21,85,#ABC1D9
212,21,85,#ABC0D9
213,21,85,#ABC0D9
214,21,85,#ABBFD9
215,21,85,#ABBED9
216,21,85,#ABBDD9
217,21,85,#ABBDD9
218,21,85,#ABBCD9
219,21,85,#ABBBD9
220,21,85,#ABBAD9
221,21,85,#ABBAD9
222,21,85,#ABB9D9
223,21,85,#ABB8D9
224,21,85,#ABB7D9
225,21,85,#ABB7D9
226,21,85,#ABB6D9
227,21,85,#ABB5D9
228,21,85,#ABB4D9
229,21,85,#ABB4D9
230,21,85,#ABB3D9
231,21,85,#ABB2D9
232,21,85,#ABB1D9
233,21,85,#ABB1D9
234,21,85,#ABB0D9
235,21,85,#ABAFD9
236,21,85,#ABAED9
237,21,85,#ABAED9
238,21,85,#ABADD9
239,21,85,#ABACD9
240,21,85,#ABABD9
241,21,85,#ACABD9
242,21,85,#ADABD9
243,21,85,#AEABD9
244,21,85,#AEABD9
245,21,85,#AFABD9
246,21,85,#B0ABD9
247,21,85,#B1ABD9
248,21,85,#B1ABD9
249,21,85,#B2ABD9
250,21,85,#B3ABD9
251,21,85,#B4ABD9
252,21,85,#B4ABD9
253,21,85,#B5ABD9
254,21,85,#B6ABD9
255,21,85,#B7ABD9
256,21,85,#B7ABD9
257,21,85,#B8ABD9
258,21,85,#B9ABD9
259,21,85,#BAABD9
260,21,85,#BAABD9
261,21,85,#BBABD9
262,21,85,#BCABD9
263,21,85,#BDABD9
264,21,85,#BDABD9
265,21,85,#BEABD9
266,21,85,#BFABD9
267,21,85,#C0ABD9
268,21,85,#C0ABD9
269,21,85,#C1ABD9
270,21,85,#C2ABD9
271,21,85,#C3ABD9
272,21,85,#C4ABD9
273,21,85,#C4ABD9
274,21,85,#C5ABD9
275,21,85,#C6ABD9
276,21,85,#C7ABD9
277,21,85,#C7ABD9
278,21,85,#C8ABD9
279,21,85,#C9ABD9
280,21,85,#CAABD9
281,21,85,#CAABD9
282,21,85,#CBABD9
283,21,85,#CCABD9
284,21,85,#CDABD9
285,21,85,#CDABD9
286,21,85,#CEABD9
287,21,85,#CFABD9
288,21,85,#D0ABD9
289,21,85,#D0ABD9
290,21,85,#D1ABD9
291,21,85,#D2ABD9
292,21,85,#D3ABD9
293,21,85,#D3ABD9
294,21,85,#D4ABD9
295,21,85,#D5ABD9
296,21,85,#D6ABD9
297,21,85,#D6ABD9
298,21,85,#D7ABD9
299,21,85,#D8ABD9
300,21,85,#D9ABD9
301,21,85,#D9ABD8
302,21,85,#D9ABD7
303,21,85,#D9ABD6
304,21,85,#D9ABD6
305,21,85,#D9ABD5
306,21,85,#D9ABD4
307,21,85,#D9ABD3
308,21,85,#D9ABD3
309,21,85,#D9ABD2
310,21,85,#D9ABD1
311,21,85,#D9ABD0
312,21,85,#D9ABD0
313,21,85,#D9ABCF
314,21,85,#D9ABCE
315,21,85,#D9ABCD
316,21,85,#D9ABCD
317,21,85,#D9ABCC
318,21,85,#D9ABCB
319,21,85,#D9ABCA
320,21,85,#D9ABCA
321,21,85,#D9ABC9
322,21,85,#D9ABC8
323,21,85,#D9ABC7
324,21,85,#D9ABC7
325,21,85,#D9ABC6
326,21,85,#D9ABC5
327,21,85,#D9ABC4
328,21,85,#D9ABC4
329,21,85,#D9ABC3
330,21,85,#D9ABC2
331,21,85,#D9ABC1
332,21,85,#D9ABC0
333,21,85,#D9ABC0
334,21,85,#D9ABBF
335,21,85,#D9ABBE
336,21,85,#D9ABBD
337,21,85,#D9ABBD
338,21,85,#D9ABBC
339,21,85,#D9ABBB
340,21,85,#D9ABBA
341,21,85,#D9ABBA
342,21,85,#D9ABB9
343,21,85,#D9ABB8
344,21,85,#D9ABB7
345,21,85,#D9ABB7
346,21,85,#D9ABB6
347,21,85,#D9ABB5
348,21,85,#D9ABB4
349,21,85,#D9ABB4
350,21,85,#D9ABB3
351,21,85,#D9ABB2
352,21,85,#D9ABB1
353,21,85,#D9ABB1
354,21,85,#D9ABB0
355,21,85,#D9ABAF
356,21,85,#D9ABAE
357,21,85,#D9ABAE
358,21,85,#D9ABAD
359,21,85,#D9ABAC
0,20,85,#D9ADAD
1,20,85,#D9AEAD
2,20,85,#D9AFAD
3,20,85,#D9B0AD
4,20,85,#D9B0AD
5,20,85,#D9B1AD
6,20,85,#D9B2AD
7,20,85,#D9B2AD
8,20,85,#D9B3AD
9,20,85,#D9B4AD
10,20,85,#D9B5AD
11,20,85,#D9B5AD
12,20,85,#D9B6AD
13,20,85,#D9B7AD
14,20,85,#D9B8AD
15,20,85,#D9B8AD
16,20,85,#D9B9AD
17,20,85,#D9BAAD
18,20,85,#D9BAAD
19,20,85,#D9BBAD
20,20,85,#D9BCAD
21,20,85,#D9BDAD
22,20,85,#D9BDAD
23,20,85,#D9BEAD
24,20,85,#D9BFAD
25,20,85,#D9BFAD
26,20,85,#D9C0AD
27,20,85,#D9C1AD
28,20,85,#D9C2AD
29,20,85,#D9C2AD
30,20,85,#D9C3AD
31,20,85,#D9C4AD
32,20,85,#D9C5AD
33,20,85,#D9C5AD
34,20,85,#D9C6AD
35,20,85,#D9C7AD
36,20,85,#D9C7AD
37,20,85,#D9C8AD
38,20,85,#D9C9AD
39,20,85,#D9CAAD
40,20,85,#D9CAAD
41,20,85,#D9CBAD
42,20,85,#D9CCAD
43,20,85,#D9CCAD
44,20,85,#D9CDAD
45,20,85,#D9CEAD
46,20,85,#D9CFAD
47,20,85,#D9CFAD
48,20,85,#D9D0AD
49,20,85,#D9D1AD
50,20,85,#D9D2AD
51,20,85,#D9D2AD
52,20,85,#D9D3AD
53,20,85,#D9D4AD
54,20,85,#D9D4AD
55,20,85,#D9D5AD
56,20,85,#D9D6AD
57,20,85,#D9D7AD
58,20,85,#D9D7AD
59,20,85,#D9D8AD
60,20,85,#D9D9AD
61,20,85,#D8D9AD
62,20,85,#D7D9AD
63,20,85,#D7D9AD
64,20,85,#D6D9AD
65,20,85,#D5D9AD
66,20,85,#D4D9AD
67,20,85,#D4D9AD
68,20,85,#D3D9AD
69,20,85,#D2D9AD
70,20,85,#D2D9AD
71,20,85,#D1D9AD
72,20,85,#D0D9AD
73,20,85,#CFD9AD
74,20,85,#CFD9AD
75,20,85,#CED9AD
76,20,85,#CDD9AD
77,20,85,#CCD9AD
78,20,85,#CCD9AD
79,20,85,#CBD9AD
80,20,85,#CAD9AD
81,20,85,#CAD9AD
82,20,85,#C9D9AD
83,20,85,#C8D9AD
84,20,85,#C7D9AD
85,20,85,#C7D9AD
86,20,85,#C6D9AD
87,20,85,#C5D9AD
88,20,85,#C5D9AD
89,20,85,#C4D9AD
90,20,85,#C3D9AD
91,20,85,#C2D9AD
92,20,85,#C2D9AD
93,20,85,#C1D9AD
94,20,85,#C0D9AD
95,20,85,#BFD9AD
96,20,85,#BFD9AD
97,20,85,#BED9AD
98,20,85,#BDD9AD
99,20,85,#BDD9AD
100,20,85,#BCD9AD
101,20,85,#BBD9AD
102,20,85,#BAD9AD
103,20,85,#BAD9AD
104,20,85,#B9D9AD
105,20,85,#B8D9AD
106,20,85,#B8D9AD
107,20,85,#B7D9AD
108,20,85,#B6D9AD
109,20,85,#B5D9AD
110,20,85,#B5D9AD
111,20,85,#B4D9AD
112,20,85,#B3D9AD
113,20,85,#B2D9AD
114,20,85,#B2D9AD
115,20,85,#B1D9AD
116,20,85,#B0D9AD
117,20,85,#B0D9AD
118,20,85,#AFD9AD
119,20,85,#AED9AD
120,20,85,#ADD9AD
121,20,85,#ADD9AE
122,20,85,#ADD9AF
123,20,85,#ADD9B0
124,20,85,#ADD9B0
125,20,85,#ADD9B1
126,20,85,#ADD9B2
127,20,85,#ADD9B2
128,20,85,#ADD9B3
129,20,85,#ADD9B4
130,20,85,#ADD9B5
131,20,85,#ADD9B5
132,20,85,#ADD9B6
133,20,85,#ADD9B7
134,20,85,#ADD9B8
135,20,85,#ADD9B8
136,20,85,#ADD9B9
137,20,85,#ADD9BA
138,20,85,#ADD9BA
139,20,85,#ADD9BB
140,20,85,#ADD9BC
141,20,85,#ADD9BD
142,20,85,#ADD9BD
143,20,85,#ADD9BE
144,20,85,#ADD9BF
145,20,85,#ADD9BF
146,20,85,#ADD9C0
147,20,85,#ADD9C1
148,20,85,#ADD9C2
149,20,85,#ADD9C2
150,20,85,#ADD9C3
151,20,85,#ADD9C4
152,20,85,#ADD9C5
153,20,85,#ADD9C5
154,20,85,#ADD9C6
155,20,85,#ADD9C7
156,20,85,#ADD9C7
157,20,85,#ADD9C8
158,20,85,#ADD9C9
159,20,85,#ADD9CA
160,20,85,#ADD9CA
161,20,85,#ADD9CB
162,20,85,#ADD9CC
163,20,85,#ADD9CC
164,20,85,#ADD9CD
165,20,85,#ADD9CE
166,20,85,#ADD9CF
167,20,85,#ADD9CF
168,20,85,#ADD9D0
169,20,85,#ADD9D1
170,20,85,#ADD9D2
171,20,85,#ADD9D2
172,20,85,#ADD9D3
173,20,85,#ADD9D4
174,20,85,#ADD9D4
175,20,85,#ADD9D5
176,20,85,#ADD9D6
177,20,85,#ADD9D7
178,20,85,#ADD9D7
179,20,85,#ADD9D8
180,20,85,#ADD9D9
181,20,85,#ADD8D9
182,20,85,#ADD7D9
183,20,85,#ADD7D9
184,20,85,#ADD6D9
185,20,85,#ADD5D9
186,20,85,#ADD4D9
187,20,85,#ADD4D9
188,20,85,#ADD3D9
189,20,85,#ADD2D9
190,20,85,#ADD2D9
191,20,85,#ADD1D9
192,20,85,#ADD0D9
193,20,85,#ADCFD9
194,20,85,#ADCFD9
195,20,85,#ADCED9
196,20,85,#ADCDD9
197,20,85,#ADCCD9
198,20,85,#ADCCD9
199,20,85,#ADCBD9
200,20,85,#ADCAD9
201,20,85,#ADCAD9
202,20,85,#ADC9D9
203,20,85,#ADC8D9
204,20,85,#ADC7D9
205,20,85,#ADC7D9
206,20,85,#ADC6D9
207,20,85,#ADC5D9
208,20,85,#ADC5D9
209,20,85,#ADC4D9
210,20,85,#ADC3D9
211,20,85,#ADC2D9
212,20,85,#ADC2D9
213,20,85,#ADC1D9
214,20,85,#ADC0D9
215,20,85,#ADBFD9
216,20,85,#ADBFD9
217,20,85,#ADBED9
218,20,85,#ADBDD9
219,20,85,#ADBDD9
220,20,85,#ADBCD9
221,20,85,#ADBBD9
222,20,85,#ADBAD9
223,20,85,#ADBAD9
224,20,85,#ADB9D9
225,20,85,#ADB8D9
226,20,85,#ADB8D9
227,20,85,#ADB7D9
228,20,85,#ADB6D9
229,20,85,#ADB5D9
230,20,85,#ADB5D9
231,20,85,#ADB4D9
232,20,85,#ADB3D9
233,20,85,#ADB2D9
234,20,85,#ADB2D9
235,20,85,#ADB1D9
236,20,85,#ADB0D9
237,20,85,#ADB0D9
238,20,85,#ADAFD9
239,20,85,#ADAED9
240,20,85,#ADADD9
241,20,85,#AEADD9
242,20,85,#AFADD9
243,20,85,#B0ADD9
244,20,85,#B0ADD9
245,20,85,#B1ADD9
246,20,85,#B2ADD9
247,20,85,#B2ADD9
248,20,85,#B3ADD9
249,20,85,#B4ADD9
250,20,85,#B5ADD9
251,20,85,#B5ADD9
252,20,85,#B6ADD9
253,20,85,#B7ADD9
254,20,85,#B8ADD9
255,20,85,#B8ADD9
256,20,85,#B9ADD9
257,20,85,#BAADD9
258,20,85,#BAADD9
259,20,85,#BBADD9
260,20,85,#BCADD9
261,20,85,#BDADD9
262,20,85,#BDADD9
263,20,85,#BEADD9
264,20,85,#BFADD9
265,20,85,#BFADD9
266,20,85,#C0ADD9
267,20,85,#C1ADD9
268,20,85,#C2ADD9
269,20,85,#C2ADD9
270,20,85,#C3ADD9
271,20,85,#C4ADD9
272,20,85,#C5ADD9
273,20,85,#C5ADD9
274,20,85,#C6ADD9
275,20,85,#C7ADD9
276,20,85,#C7ADD9
277,20,85,#C8ADD9
278,20,85,#C9ADD9
279,20,85,#CAADD9
280,20,85,#CAADD9
281,20,85,#CBADD9
282,20,85,#CCADD9
283,20,85,#CCADD9
284,20,85,#CDADD9
285,20,85,#CEADD9
286,20,85,#CFADD9
287,20,85,#CFADD9
288,20,85,#D0ADD9
289,20,85,#D1ADD9
290,20,85,#D2ADD9
291,20,85,#D2ADD9
292,20,85,#D3ADD9
293,20,85,#D4ADD9
294,20,85,#D4ADD9
295,20,85,#D5ADD9
296,20,85,#D6ADD9
297,20,85,#D7ADD9
298,20,85,#D7ADD9
299,20,85,#D8ADD9
300,20,85,#D9ADD9
301,20,85,#D9ADD8
302,20,85,#D9ADD7
303,20,85,#D9ADD7
304,20,85,#D9ADD6
305,20,85,#D9ADD5
306,20,85,#D9ADD4
307,20,85,#D9ADD4
308,20,85,#D9ADD3
309,20,85,#D9ADD2
310,20,85,#D9ADD2
311,20,85,#D9ADD1
312,20,85,#D9ADD0
313,20,85,#D9ADCF
314,20,85,#D9ADCF
315,20,85,#D9ADCE
316,20,85,#D9ADCD
317,20,85,#D9ADCC
318,20,85,#D9ADCC
319,20,85,#D9ADCB
320,20,85,#D9ADCA
321,20,85,#D9ADCA
322,20,85,#D9ADC9
323,20,85,#D9ADC8
324,20,85,#D9ADC7
325,20,85,#D9ADC7
326,20,85,#D9ADC6
327,20,85,#D9ADC5
328,20,85,#D9ADC5
329,20,85,#D9ADC4
330,20,85,#D9ADC3
331,20,85,#D9ADC2
332,20,85,#D9ADC2
333,20,85,#D9ADC1
334,20,85,#D9ADC0
335,20,85,#D9ADBF
336,20,85,#D9ADBF
337,20,85,#D9ADBE
338,20,85,#D9ADBD
339,20,85,#D9ADBD
340,20,85,#D9ADBC
341,20,85,#D9ADBB
342,20,85,#D9ADBA
343,20,85,#D9ADBA
344,20,85,#D9ADB9
345,20,85,#D9ADB8
346,20,85,#D9ADB8
347,20,85,#D9ADB7
348,20,85,#D9ADB6
349,20,85,#D9ADB5
350,20,85,#D9ADB5
351,20,85,#D9ADB4
352,20,85,#D9ADB3
353,20,85,#D9ADB2
354,20,85,#D9ADB2
355,20,85,#D9ADB1
356,20,85,#D9ADB0
357,20,85,#D9ADB0
358,20,85,#D9ADAF
359,20,85,#D9ADAE
0,19,85,#D9B0B0
1,19,85,#D9B0B0
2,19,85,#D9B1B0
3,19,85,#D9B2B0
4,19,85,#D9B2B0
5,19,85,#D9B3B0
6,19,85,#D9B4B0
7,19,85,#D9B4B0
8,19,85,#D9B5B0
9,19,85,#D9B6B0
10,19,85,#D9B6B0
11,19,85,#D9B7B0
12,19,85,#D9B8B0
13,19,85,#D9B8B0
14,19,85,#D9B9B0
15,19,85,#D9BAB0
16,19,85,#D9BBB0
17,19,85,#D9BBB0
18,19,85,#D9BCB0
19,19,85,#D9BDB0
20,19,85,#D9BDB0
21,19,85,#D9BEB0
22,19,85,#D9BFB0
23,19,85,#D9BFB0
24,19,85,#D9C0B0
25,19,85,#D9C1B0
26,19,85,#D9C1B0
27,19,85,#D9C2B0
28,19,85,#D9C3B0
29,19,85,#D9C3B0
30,19,85,#D9C4B0
31,19,85,#D9C5B0
32,19,85,#D9C6B0
33,19,85,#D9C6B0
34,19,85,#D9C7B0
35,19,85,#D9C8B0
36,19,85,#D9C8B0
37,19,85,#D9C9B0
38,19,85,#D9CAB0
39,19,85,#D9CAB0
40,19,85,#D9CBB0
41,19,85,#D9CCB0
42,19,85,#D9CCB0
43,19,85,#D9CDB0
44,19,85,#D9CEB0
45,19,85,#D9CEB0
46,19,85,#D9CFB0
47,19,85,#D9D0B0
48,19,85,#D9D1B0
49,19,85,#D9D1B0
50,19,85,#D9D2B0
51,19,85,#D9D3B0
52,19,85,#D9D3B0
53,19,85,#D9D4B0
54,19,85,#D9D5B0
55,19,85,#D9D5B0
56,19,85,#D9D6B0
57,19,85,#D9D7B0
58,19,85,#D9D7B0
59,19,85,#D9D8B0
60,19,85,#D9D9B0
61,19,85,#D8D9B0
62,19,85,#D7D9B0
63,19,85,#D7D9B0
64,19,85,#D6D9B0
65,19,85,#D5D9B0
66,19,85,#D5D9B0
67,19,85,#D4D9B0
68,19,85,#D3D9B0
69,19,85,#D3D9B0
70,19,85,#D2D9B0
71,19,85,#D1D9B0
72,19,85,#D1D9B0
73,19,85,#D0D9B0
74,19,85,#CFD9B0
75,19,85,#CED9B0
76,19,85,#CED9B0
77,19,85,#CDD9B0
78,19,85,#CCD9B0
79,19,85,#CCD9B0
80,19,85,#CBD9B0
81,19,85,#CAD9B0
82,19,85,#CAD9B0
83,19,85,#C9D9B0
84,19,85,#C8D9B0
85,19,85,#C8D9B0
86,19,85,#C7D9B0
87,19,85,#C6D9B0
88,19,85,#C6D9B0
89,19,85,#C5D9B0
90,19,85,#C4D9B0
91,19,85,#C3D9B0
92,19,85,#C3D9B0
93,19,85,#C2D9B0
94,19,85,#C1D9B0
95,19,85,#C1D9B0
96,19,85,#C0D9B0
97,19,85,#BFD9B0
98,19,85,#BFD9B0
99,19,85,#BED9B0
100,19,85,#BDD9B0
101,19,85,#BDD9B0
102,19,85,#BCD9B0
103,19,85,#BBD9B0
104,19,85,#BBD9B0
105,19,85,#BAD9B0
106,19,85,#B9D9B0
107,19,85,#B8D9B0
108,19,85,#B8D9B0
109,19,85,#B7D9B0
110,19,85,#B6D9B0
111,19,85,#B6D9B0
112,19,85,#B5D9B0
113,19,85,#B4D9B0
114,19,85,#B4D9B0
115,19,85,#B3D9B0
116,19,85,#B2D9B0
117,19,85,#B2D9B0
118,19,85,#B1D9B0
119,19,85,#B0D9B0
120,19,85,#B0D9B0
121,19,85,#B0D9B0
122,19,85,#B0D9B1
123,19,85,#B0D9B2
124,19,85,#B0D9B2
125,19,85,#B0D9B3
126,19,85,#B0D9B4
127,19,85,#B0D9B4
128,19,85,#B0D9B5
129,19,85,#B0D9B6
130,19,85,#B0D9B6
131,19,85,#B0D9B7
132,19,85,#B0D9B8
133,19,85,#B0D9B8
134,19,85,#B0D9B9
135,19,85,#B0D9BA
136,19,85,#B0D9BB
137,19,85,#B0D9BB
138,19,85,#B0D9BC
139,19,85,#B0D9BD
140,19,85,#B0D9BD
141,19,85,#B0D9BE
142,19,85,#B0D9BF
143,19,85,#B0D9BF
144,19,85,#B0D9C0
145,19,85,#B0D9C1
146,19,85,#B0D9C1
147,19,85,#B0D9C2
148,19,85,#B0D9C3
149,19,85,#B0D9C3
150,19,85,#B0D9C4
151,19,85,#B0D9C5
152,19,85,#B0D9C6
153,19,85,#B0D9C6
154,19,85,#B0D9C7
155,19,85,#B0D9C8
156,19,85,#B0D9C8
157,19,85,#B0D9C9
158,19,85,#B0D9CA
159,19,85,#B0D9CA
160,19,85,#B0D9CB
161,19,85,#B0D9CC
162,19,85,#B0D9CC
163,19,85,#B0D9CD
164,19,85,#B0D9CE
165,19,85,#B0D9CE
166,19,85,#B0D9CF
167,19,85,#B0D9D0
168,19,85,#B0D9D1
169,19,85,#B0D9D1
170,19,85,#B0D9D2
171,19,85,#B0D9D3
172,19,85,#B0D9D3
173,19,85,#B0D9D4
174,19,85,#B0D9D5
175,19,85,#B0D9D5
176,19,85,#B0D9D6
177,19,85,#B0D9D7
178,19,85,#B0D9D7
179,19,85,#B0D9D8
180,19,85,#B0D9D9
181,19,85,#B0D8D9
182,19,85,#B0D7D9
183,19,85,#B0D7D9
184,19,85,#B0D6D9
185,19,85,#B0D5D9
186,19,85,#B0D5D9
187,19,85,#B0D4D9
188,19,85,#B0D3D9
189,19,85,#B0D3D9
190,19,85,#B0D2D9
191,19,85,#B0D1D9
192,19,85,#B0D1D9
193,19,85,#B0D0D9
194,19,85,#B0CFD9
195,19,85,#B0CED9
196,19,85,#B0CED9
197,19,85,#B0CDD9
198,19,85,#B0CCD9
199,19,85,#B0CCD9
200,19,85,#B0CBD9
201,19,85,#B0CAD9
202,19,85,#B0CAD9
203,19,85,#B0C9D9
204,19,85,#B0C8D9
205,19,85,#B0C8D9
206,19,85,#B0C7D9
207,19,85,#B0C6D9
208,19,85,#B0C6D9
209,19,85,#B0C5D9
210,19,85,#B0C4D9
211,19,85,#B0C3D9
212,19,85,#B0C3D9
213,19,85,#B0C2D9
214,19,85,#B0C1D9
215,19,85,#B0C1D9
216,19,85,#B0C0D9
217,19,85,#B0BFD9
218,19,85,#B0BFD9
219,19,85,#B0BED9
220,19,85,#B0BDD9
221,19,85,#B0BDD9
222,19,85,#B0BCD9
223,19,85,#B0BBD9
224,19,85,#B0BBD9
225,19,85,#B0BAD9
226,19,85,#B0B9D9
227,19,85,#B0B8D9
228,19,85,#B0B8D9
229,19,85,#B0B7D9
230,19,85,#B0B6D9
231,19,85,#B0B6D9
232,19,85,#B0B5D9
233,19,85,#B0B4D9
234,19,85,#B0B4D9
235,19,85,#B0B3D9
236,19,85,#B0B2D9
237,19,85,#B0B2D9
238,19,85,#B0B1D9
239,19,85,#B0B0D9
240,19,85,#B0B0D9
241,19,85,#B0B0D9
242,19,85,#B1B0D9
243,19,85,#B2B0D9
244,19,85,#B2B0D9
245,19,85,#B3B0D9
246,19,85,#B4B0D9
247,19,85,#B4B0D9
248,19,85,#B5B0D9
249,19,85,#B6B0D9
250,19,85,#B6B0D9
251,19,85,#B7B0D9
252,19,85,#B8B0D9
253,19,85,#B8B0D9
254,19,85,#B9B0D9
255,19,85,#BAB0D9
256,19,85,#BBB0D9
257,19,85,#BBB0D9
258,19,85,#BCB0D9
259,19,85,#BDB0D9
260,19,85,#BDB0D9
261,19,85,#BEB0D9
262,19,85,#BFB0D9
263,19,85,#BFB0D9
264,19,85,#C0B0D9
265,19,85,#C1B0D9
266,19,85,#C1B0D9
267,19,85,#C2B0D9
268,19,85,#C3B0D9
269,19,85,#C3B0D9
270,19,85,#C4B0D9
271,19,85,#C5B0D9
272,19,85,#C6B0D9
273,19,85,#C6B0D9
274,19,85,#C7B0D9
275,19,85,#C8B0D9
276,19,85,#C8B0D9
277,19,85,#C9B0D9
278,19,85,#CAB0D9
279,19,85,#CAB0D9
280,19,85,#CBB0D9
281,19,85,#CCB0D9
282,19,85,#CCB0D9
283,19,85,#CDB0D9
284,19,85,#CEB0D9
285,19,85,#CEB0D9
286,19,85,#CFB0D9
287,19,85,#D0B0D9
288,19,85,#D1B0D9
289,19,85,#D1B0D9
290,19,85,#D2B0D9
291,19,85,#D3B0D9
292,19,85,#D3B0D9
293,19,85,#D4B0D9
294,19,85,#D5B0D9
295,19,85,#D5B0D9
296,19,85,#D6B0D9
297,19,85,#D7B0D9
298,19,85,#D7B0D9
299,19,85,#D8B0D9
300,19,85,#D9B0D9
301,19,85,#D9B0D8
302,19,85,#D9B0D7
303,19,85,#D9B0D7
304,19,85,#D9B0D6
305,19,85,#D9B0D5
306,19,85,#D9B0D5
307,19,85,#D9B0D4
308,19,85,#D9B0D3
309,19,85,#D9B0D3
310,19,85,#D9B0D2
311,19,85,#D9B0D1
312,19,85,#D9B0D1
313,19,85,#D9B0D0
314,19,85,#D9B0CF
315,19,85,#D9B0CE
316,19,85,#D9B0CE
317,19,85,#D9B0CD
318,19,85,#D9B0CC
319,19,85,#D9B0CC
320,19,85,#D9B0CB
321,19,85,#D9B0CA
322,19,85,#D9B0CA
323,19,85,#D9B0C9
324,19,85,#D9B0C8
325,19,85,#D9B0C8
326,19,85,#D9B0C7
327,19,85,#D9B0C6
328,19,85,#D9B0C6
329,19,85,#D9B0C5
330,19,85,#D9B0C4
331,19,85,#D9B0C3
332,19,85,#D9B0C3
333,19,85,#D9B0C2
334,19,85,#D9B0C1
335,19,85,#D9B0C1
336,19,85,#D9B0C0
337,19,85,#D9B0BF
338,19,85,#D9B0BF
339,19,85,#D9B0BE
340,19,85,#D9B0BD
341,19,85,#D9B0BD
342,19,85,#D9B0BC
343,19,85,#D9B0BB
344,19,85,#D9B0BB
345,19,85,#D9B0BA
346,19,85,#D9B0B9
347,19,85,#D9B0B8
348,19,85,#D9B0B8
349,19,85,#D9B0B7
350,19,85,#D9B0B6
351,19,85,#D9B0B6
352,19,85,#D9B0B5
353,19,85,#D9B0B4
354,19,85,#D9B0B4
355,19,85,#D9B0B3
356,19,85,#D9B0B2
357,19,85,#D9B0B2
358,19,85,#D9B0B1
359,19,85,#D9B0B0
0,18,85,#D9B2B2
1,18,85,#D9B2B2
2,18,85,#D9B3B2
3,18,85,#D9B4B2
4,18,85,#D9B4B2
5,18,85,#D9B5B2
6,18,85,#D9B6B2
7,18,85,#D9B6B2
8,18,85,#D9B7B2
9,18,85,#D9B8B2
10,18,85,#D9B8B2
11,18,85,#D9B9B2
12,18,85,#D9BAB2
13,18,85,#D9BAB2
14,18,85,#D9BBB2
15,18,85,#D9BBB2
16,18,85,#D9BCB2
17,18,85,#D9BDB2
18,18,85,#D9BDB2
19,18,85,#D9BEB2
20,18,85,#D9BFB2
21,18,85,#D9BFB2
22,18,85,#D9C0B2
23,18,85,#D9C1B2
24,18,85,#D9C1B2
25,18,85,#D9C2B2
26,18,85,#D9C3B2
27,18,85,#D9C3B2
28,18,85,#D9C4B2
29,18,85,#D9C5B2
30,18,85,#D9C5B2
31,18,85,#D9C6B2
32,18,85,#D9C7B2
33,18,85,#D9C7B2
34,18,85,#D9C8B2
35,18,85,#D9C8B2
36,18,85,#D9C9B2
37,18,85,#D9CAB2
38,18,85,#D9CAB2
39,18,85,#D9CBB2
40,18,85,#D9CCB2
41,18,85,#D9CCB2
42,18,85,#D9CDB2
43,18,85,#D9CEB2
44,18,85,#D9CEB2
45,18,85,#D9CFB2
46,18,85,#D9D0B2
47,18,85,#D9D0B2
48,18,85,#D9D1B2
49,18,85,#D9D2B2
50,18,85,#D9D2B2
51,18,85,#D9D3B2
52,18,85,#D9D4B2
53,18,85,#D9D4B2
54,18,85,#D9D5B2
55,18,85,#D9D5B2
56,18,85,#D9D6B2
57,18,85,#D9D7B2
58,18,85,#D9D7B2
59,18,85,#D9D8B2
60,18,85,#D9D9B2
61,18,85,#D8D9B2
62,18,85,#D7D9B2
63,18,85,#D7D9B2
64,18,85,#D6D9B2
65,18,85,#D5D9B2
66,18,85,#D5D9B2
67,18,85,#D4D9B2
68,18,85,#D4D9B2
69,18,85,#D3D9B2
70,18,85,#D2D9B2
71,18,85,#D2D9B2
72,18,85,#D1D9B2
73,18,85,#D0D9B2
74,18,85,#D0D9B2
75,18,85,#CFD9B2
76,18,85,#CED9B2
77,18,85,#CED9B2
78,18,85,#CDD9B2
79,18,85,#CCD9B2
80,18,85,#CCD9B2
81,18,85,#CBD9B2
82,18,85,#CAD9B2
83,18,85,#CAD9B2
84,18,85,#C9D9B2
85,18,85,#C8D9B2
86,18,85,#C8D9B2
87,18,85,#C7D9B2
88,18,85,#C7D9B2
89,18,85,#C6D9B2
90,18,85,#C5D9B2
91,18,85,#C5D9B2
92,18,85,#C4D9B2
93,18,85,#C3D9B2
94,18,85,#C3D9B2
95,18,85,#C2D9B2
96,18,85,#C1D9B2
97,18,85,#C1D9B2
98,18,85,#C0D9B2
99,18,85,#BFD9B2
100,18,85,#BFD9B2
101,18,85,#BED9B2
102,18,85,#BDD9B2
103,18,85,#BDD9B2
104,18,85,#BCD9B2
105,18,85,#BBD9B2
106,18,85,#BBD9B2
107,18,85,#BAD9B2
108,18,85,#BAD9B2
109,18,85,#B9D9B2
110,18,85,#B8D9B2
111,18,85,#B8D9B2
112,18,85,#B7D9B2
113,18,85,#B6D9B2
114,18,85,#B6D9B2
115,18,85,#B5D9B2
116,18,85,#B4D9B2
117,18,85,#B4D9B2
118,18,85,#B3D9B2
119,18,85,#B2D9B2
120,18,85,#B2D9B2
121,18,85,#B2D9B2
122,18,85,#B2D9B3
123,18,85,#B2D9B4
124,18,85,#B2D9B4
125,18,85,#B2D9B5
126,18,85,#B2D9B6
127,18,85,#B2D9B6
128,18,85,#B2D9B7
129,18,85,#B2D9B8
130,18,85,#B2D9B8
131,18,85,#B2D9B9
132,18,85,#B2D9BA
133,18,85,#B2D9BA
134,18,85,#B2D9BB
135,18,85,#B2D9BB
136,18,85,#B2D9BC
137,18,85,#B2D9BD
138,18,85,#B2D9BD
139,18,85,#B2D9BE
140,18,85,#B2D9BF
141,18,85,#B2D9BF
142,18,85,#B2D9C0
143,18,85,#B2D9C1
144,18,85,#B2D9C1
145,18,85,#B2D9C2
146,18,85,#B2D9C3
147,18,85,#B2D9C3
148,18,85,#B2D9C4
149,18,85,#B2D9C5
150,18,85,#B2D9C5
151,18,85,#B2D9C6
152,18,85,#B2D9C7
153,18,85,#B2D9C7
154,18,85,#B2D9C8
155,18,85,#B2D9C8
156,18,85,#B2D9C9
157,18,85,#B2D9CA
158,18,85,#B2D9CA
159,18,85,#B2D9CB
160,18,85,#B2D9CC
161,18,85,#B2D9CC
162,18,85,#B2D9CD
163,18,85,#B2D9CE
164,18,85,#B2D9CE
165,18,85,#B2D9CF
166,18,85,#B2D9D0
167,18,85,#B2D9D0
168,18,85,#B2D9D1
169,18,85,#B2D9D2
170,18,85,#B2D9D2
171,18,85,#B2D9D3
172,18,85,#B2D9D4
173,18,85,#B2D9D4
174,18,85,#B2D9D5
175,18,85,#B2D9D5
176,18,85,#B2D9D6
177,18,85,#B2D9D7
178,18,85,#B2D9D7
179,18,85,#B2D9D8
180,18,85,#B2D9D9
181,18,85,#B2D8D9
182,18,85,#B2D7D9
183,18,85,#B2D7D9
184,18,85,#B2D6D9
185,18,85,#B2D5D9
186,18,85,#B2D5D9
187,18,85,#B2D4D9
188,18,85,#B2D4D9
189,18,85,#B2D3D9
190,18,85,#B2D2D9
191,18,85,#B2D2D9
192,18,85,#B2D1D9
193,18,85,#B2D0D9
194,18,85,#B2D0D9
195,18,85,#B2CFD9
196,18,85,#B2CED9
197,18,85,#B2CED9
198,18,85,#B2CDD9
199,18,85,#B2CCD9
200,18,85,#B2CCD9
201,18,85,#B2CBD9
202,18,85,#B2CAD9
203,18,85,#B2CAD9
204,18,85,#B2C9D9
205,18,85,#B2C8D9
206,18,85,#B2C8D9
207,18,85,#B2C7D9
208,18,85,#B2C7D9
209,18,85,#B2C6D9
210,18,85,#B2C5D9
211,18,85,#B2C5D9
212,18,85,#B2C4D9
213,18,85,#B2C3D9
214,18,85,#B2C3D9
215,18,85,#B2C2D9
216,18,85,#B2C1D9
217,18,85,#B2C1D9
218,18,85,#B2C0D9
219,18,85,#B2BFD9
220,18,85,#B2BFD9
221,18,85,#B2BED9
222,18,85,#B2BDD9
223,18,85,#B2BDD9
224,18,85,#B2BCD9
225,18,85,#B2BBD9
226,18,85,#B2BBD9
227,18,85,#B2BAD9
228,18,85,#B2BAD9
229,18,85,#B2B9D9
230,18,85,#B2B8D9
231,18,85,#B2B8D9
232,18,85,#B2B7D9
233,18,85,#B2B6D9
234,18,85,#B2B6D9
235,18,85,#B2B5D9
236,18,85,#B2B4D9
237,18,85,#B2B4D9
238,18,85,#B2B3D9
239,18,85,#B2B2D9
240,18,85,#B2B2D9
241,18,85,#B2B2D9
242,18,85,#B3B2D9
243,18,85,#B4B2D9
244,18,85,#B4B2D9
245,18,85,#B5B2D9
246,18,85,#B6B2D9
247,18,85,#B6B2D9
248,18,85,#B7B2D9
249,18,85,#B8B2D9
250,18,85,#B8B2D9
251,18,85,#B9B2D9
252,18,85,#BAB2D9
253,18,85,#BAB2D9
254,18,85,#BBB2D9
255,18,85,#BBB2D9
256,18,85,#BCB2D9
257,18,85,#BDB2D9
258,18,85,#BDB2D9
259,18,85,#BEB2D9
260,18,85,#BFB2D9
261,18,85,#BFB2D9
262,18,85,#C0B2D9
263,18,85,#C1B2D9
264,18,85,#C1B2D9
265,18,85,#C2B2D9
266,18,85,#C3B2D9
267,18,85,#C3B2D9
268,18,85,#C4B2D9
269,18,85,#C5B2D9
270,18,85,#C5B2D9
271,18,85,#C6B2D9
272,18,85,#C7B2D9
273,18,85,#C7B2D9
274,18,85,#C8B2D9
275,18,85,#C8B2D9
276,18,85,#C9B2D9
277,18,85,#CAB2D9
278,18,85,#CAB2D9
279,18,85,#CBB2D9
280,18,85,#CCB2D9
281,18,85,#CCB2D9
282,18,85,#CDB2D9
283,18,85,#CEB2D9
284,18,85,#CEB2D9
285,18,85,#CFB2D9
286,18,85,#D0B2D9
287,18,85,#D0B2D9
288,18,85,#D1B2D9
289,18,85,#D2B2D9
290,18,85,#D2B2D9
291,18,85,#D3B2D9
292,18,85,#D4B2D9
293,18,85,#D4B2D9
294,18,85,#D5B2D9
295,18,85,#D5B2D9
296,18,85,#D6B2D9
297,18,85,#D7B2D9
298,18,85,#D7B2D9
299,18,85,#D8B2D9
300,18,85,#D9B2D9
301,18,85,#D9B2D8
302,18,85,#D9B2D7
303,18,85,#D9B2D7
304,18,85,#D9B2D6
305,18,85,#D9B2D5
306,18,85,#D9B2D5
307,18,85,#D9B2D4
308,18,85,#D9B2D4
309,18,85,#D9B2D3
310,18,85,#D9B2D2
311,18,85,#D9B2D2
312,18,85,#D9B2D1
313,18,85,#D9B2D0
314,18,85,#D9B2D0
315,18,85,#D9B2CF
316,18,85,#D9B2CE
317,18,85,#D9B2CE
318,18,85,#D9B2CD
319,18,85,#D9B2CC
320,18,85,#D9B2CC
321,18,85,#D9B2CB
322,18,85,#D9B2CA
323,18,85,#D9B2CA
324,18,85,#D9B2C9
325,18,85,#D9B2C8
326,18,85,#D9B2C8
327,18,85,#D9B2C7
328,18,85,#D9B2C7
329,18,85,#D9B2C6
330,18,85,#D9B2C5
331,18,85,#D9B2C5
332,18,85,#D9B2C4
333,18,85,#D9B2C3
334,18,85,#D9B2C3
335,18,85,#D9B2C2
336,18,85,#D9B2C1
337,18,85,#D9B2C1
338,18,85,#D9B2C0
339,18,85,#D9B2BF
340,18,85,#D9B2BF
341,18,85,#D9B2BE
342,18,85,#D9B2BD
343,18,85,#D9B2BD
344,18,85,#D9B2BC
345,18,85,#D9B2BB
346,18,85,#D9B2BB
347,18,85,#D9B2BA
348,18,85,#D9B2BA
349,18,85,#D9B2B9
350,18,85,#D9B2B8
351,18,85,#D9B2B8
352,18,85,#D9B2B7
353,18,85,#D9B2B6
354,18,85,#D9B2B6
355,18,85,#D9B2B5
356,18,85,#D9B2B4
357,18,85,#D9B2B4
358,18,85,#D9B2B3
359,18,85,#D9B2B2
0,17,85,#D9B4B4
1,17,85,#D9B5B4
2,17,85,#D9B5B4
3,17,85,#D9B6B4
4,17,85,#D9B6B4
5,17,85,#D9B7B4
6,17,85,#D9B8B4
7,17,85,#D9B8B4
8,17,85,#D9B9B4
9,17,85,#D9B9B4
10,17,85,#D9BAB4
11,17,85,#D9BBB4
12,17,85,#D9BBB4
13,17,85,#D9BCB4
14,17,85,#D9BDB4
15,17,85,#D9BDB4
16,17,85,#D9BEB4
17,17,85,#D9BEB4
18,17,85,#D9BFB4
19,17,85,#D9C0B4
20,17,85,#D9C0B4
21,17,85,#D9C1B4
22,17,85,#D9C1B4
23,17,85,#D9C2B4
24,17,85,#D9C3B4
25,17,85,#D9C3B4
26,17,85,#D9C4B4
27,17,85,#D9C4B4
28,17,85,#D9C5B4
29,17,85,#D9C6B4
30,17,85,#D9C6B4
31,17,85,#D9C7B4
32,17,85,#D9C8B4
33,17,85,#D9C8B4
34,17,85,#D9C9B4
35,17,85,#D9C9B4
36,17,85,#D9CAB4
37,17,85,#D9CBB4
38,17,85,#D9CBB4
39,17,85,#D9CCB4
40,17,85,#D9CCB4
41,17,85,#D9CDB4
42,17,85,#D9CEB4
43,17,85,#D9CEB4
44,17,85,#D9CFB4
45,17,85,#D9D0B4
46,17,85,#D9D0B4
47,17,85,#D9D1B4
48,17,85,#D9D1B4
49,17,85,#D9D2B4
50,17,85,#D9D3B4
51,17,85,#D9D3B4
52,17,85,#D9D4B4
53,17,85,#D9D4B4
54,17,85,#D9D5B4
55,17,85,#D9D6B4
56,17,85,#D9D6B4
57,17,85,#D9D7B4
58,17,85,#D9D8B4
59,17,85,#D9D8B4
60,17,85,#D9D9B4
61,17,85,#D8D9B4
62,17,85,#D8D9B4
63,17,85,#D7D9B4
64,17,85,#D6D9B4
65,17,85,#D6D9B4
66,17,85,#D5D9B4
67,17,85,#D4D9B4
68,17,85,#D4D9B4
69,17,85,#D3D9B4
70,17,85,#D3D9B4
71,17,85,#D2D9B4
72,17,85,#D1D9B4
73,17,85,#D1D9B4
74,17,85,#D0D9B4
75,17,85,#D0D9B4
76,17,85,#CFD9B4
77,17,85,#CED9B4
78,17,85,#CED9B4
79,17,85,#CDD9B4
80,17,85,#CCD9B4
81,17,85,#CCD9B4
82,17,85,#CBD9B4
83,17,85,#CBD9B4
84,17,85,#CAD9B4
85,17,85,#C9D9B4
86,17,85,#C9D9B4
87,17,85,#C8D9B4
88,17,85,#C8D9B4
89,17,85,#C7D9B4
90,17,85,#C6D9B4
91,17,85,#C6D9B4
92,17,85,#C5D9B4
93,17,85,#C4D9B4
94,17,85,#C4D9B4
95,17,85,#C3D9B4
96,17,85,#C3D9B4
97,17,85,#C2D9B4
98,17,85,#C1D9B4
99,17,85,#C1D9B4
100,17,85,#C0D9B4
101,17,85,#C0D9B4
102,17,85,#BFD9B4
103,17,85,#BED9B4
104,17,85,#BED9B4
105,17,85,#BDD9B4
106,17,85,#BDD9B4
107,17,85,#BCD9B4
108,17,85,#BBD9B4
109,17,85,#BBD9B4
110,17,85,#BAD9B4
111,17,85,#B9D9B4
112,17,85,#B9D9B4
113,17,85,#B8D9B4
114,17,85,#B8D9B4
115,17,85,#B7D9B4
116,17,85,#B6D9B4
117,17,85,#B6D9B4
118,17,85,#B5D9B4
119,17,85,#B5D9B4
120,17,85,#B4D9B4
121,17,85,#B4D9B5
122,17,85,#B4D9B5
123,17,85,#B4D9B6
124,17,85,#B4D9B6
125,17,85,#B4D9B7
126,17,85,#B4D9B8
127,17,85,#B4D9B8
128,17,85,#B4D9B9
129,17,85,#B4D9B9
130,17,85,#B4D9BA
131,17,85,#B4D9BB
132,17,85,#B4D9BB
133,17,85,#B4D9BC
134,17,85,#B4D9BD
135,17,85,#B4D9BD
136,17,85,#B4D9BE
137,17,85,#B4D9BE
138,17,85,#B4D9BF
139,17,85,#B4D9C0
140,17,85,#B4D9C0
141,17,85,#B4D9C1
142,17,85,#B4D9C1
143,17,85,#B4D9C2
144,17,85,#B4D9C3
145,17,85,#B4D9C3
146,17,85,#B4D9C4
147,17,85,#B4D9C4
148,17,85,#B4D9C5
149,17,85,#B4D9C6
150,17,85,#B4D9C6
151,17,85,#B4D9C7
152,17,85,#B4D9C8
153,17,85,#B4D9C8
154,17,85,#B4D9C9
155,17,85,#B4D9C9
156,17,85,#B4D9CA
157,17,85,#B4D9CB
158,17,85,#B4D9CB
159,17,85,#B4D9CC
160,17,85,#B4D9CC
161,17,85,#B4D9CD
162,17,85,#B4D9CE
163,17,85,#B4D9CE
164,17,85,#B4D9CF
165,17,85,#B4D9D0
166,17,85,#B4D9D0
167,17,85,#B4D9D1
168,17,85,#B4D9D1
169,17,85,#B4D9D2
170,17,85,#B4D9D3
171,17,85,#B4D9D3
172,17,85,#B4D9D4
173,17,85,#B4D9D4
174,17,85,#B4D9D5
175,17,85,#B4D9D6
176,17,85,#B4D9D6
177,17,85,#B4D9D7
178,17,85,#B4D9D8
179,17,85,#B4D9D8
180,17,85,#B4D9D9
181,17,85,#B4D8D9
182,17,85,#B4D8D9
183,17,85,#B4D7D9
184,17,85,#B4D6D9
185,17,85,#B4D6D9
186,17,85,#B4D5D9
187,17,85,#B4D4D9
188,17,85,#B4D4D9
189,17,85,#B4D3D9
190,17,85,#B4D3D9
191,17,85,#B4D2D9
192,17,85,#B4D1D9
193,17,85,#B4D1D9
194,17,85,#B4D0D9
195,17,85,#B4D0D9
196,17,85,#B4CFD9
197,17,85,#B4CED9
198,17,85,#B4CED9
199,17,85,#B4CDD9
200,17,85,#B4CCD9
201,17,85,#B4CCD9
202,17,85,#B4CBD9
203,17,85,#B4CBD9
204,17,85,#B4CAD9
205,17,85,#B4C9D9
206,17,85,#B4C9D9
207,17,85,#B4C8D9
208,17,85,#B4C8D9
209,17,85,#B4C7D9
210,17,85,#B4C6D9
211,17,85,#B4C6D9
212,17,85,#B4C5D9
213,17,85,#B4C4D9
214,17,85,#B4C4D9
215,17,85,#B4C3D9
216,17,85,#B4C3D9
217,17,85,#B4C2D9
218,17,85,#B4C1D9
219,17,85,#B4C1D9
220,17,85,#B4C0D9
221,17,85,#B4C0D9
222,17,85,#B4BFD9
223,17,85,#B4BED9
224,17,85,#B4BED9
225,17,85,#B4BDD9
226,17,85,#B4BDD9
227,17,85,#B4BCD9
228,17,85,#B4BBD9
229,17,85,#B4BBD9
230,17,85,#B4BAD9
231,17,85,#B4B9D9
232,17,85,#B4B9D9
233,17,85,#B4B8D9
234,17,85,#B4B8D9
235,17,85,#B4B7D9
236,17,85,#B4B6D9
237,17,85,#B4B6D9
238,17,85,#B4B5D9
239,17,85,#B4B5D9
240,17,85,#B4B4D9
241,17,85,#B5B4D9
242,17,85,#B5B4D9
243,17,85,#B6B4D9
244,17,85,#B6B4D9
245,17,85,#B7B4D9
246,17,85,#B8B4D9
247,17,85,#B8B4D9
248,17,85,#B9B4D9
249,17,85,#B9B4D9
250,17,85,#BAB4D9
251,17,85,#BBB4D9
252,17,85,#BBB4D9
253,17,85,#BCB4D9
254,17,85,#BDB4D9
255,17,85,#BDB4D9
256,17,85,#BEB4D9
257,17,85,#BEB4D9
258,17,85,#BFB4D9
259,17,85,#C0B4D9
260,17,85,#C0B4D9
261,17,85,#C1B4D9
262,17,85,#C1B4D9
263,17,85,#C2B4D9
264,17,85,#C3B4D9
265,17,85,#C3B4D9
266,17,85,#C4B4D9
267,17,85,#C4B4D9
268,17,85,#C5B4D9
269,17,85,#C6B4D9
270,17,85,#C6B4D9
271,17,85,#C7B4D9
272,17,85,#C8B4D9
273,17,85,#C8B4D9
274,17,85,#C9B4D9
275,17,85,#C9B4D9
276,17,85,#CAB4D9
277,17,85,#CBB4D9
278,17,85,#CBB4D9
279,17,85,#CCB4D9
280,17,85,#CCB4D9
281,17,85,#CDB4D9
282,17,85,#CEB4D9
283,17,85,#CEB4D9
284,17,85,#CFB4D9
285,17,85,#D0B4D9
286,17,85,#D0B4D9
287,17,85,#D1B4D9
288,17,85,#D1B4D9
289,17,85,#D2B4D9
290,17,85,#D3B4D9
291,17,85,#D3B4D9
292,17,85,#D4B4D9
293,17,85,#D4B4D9
294,17,85,#D5B4D9
295,17,85,#D6B4D9
296,17,85,#D6B4D9
297,17,85,#D7B4D9
298,17,85,#D8B4D9
299,17,85,#D8B4D9
300,17,85,#D9B4D9
301,17,85,#D9B4D8
302,17,85,#D9B4D8
303,17,85,#D9B4D7
304,17,85,#D9B4D6
305,17,85,#D9B4D6
306,17,85,#D9B4D5
307,17,85,#D9B4D4
308,17,85,#D9B4D4
309,17,85,#D9B4D3
310,17,85,#D9B4D3
311,17,85,#D9B4D2
312,17,85,#D9B4D1
313,17,85,#D9B4D1
314,17,85,#D9B4D0
315,17,85,#D9B4D0
316,17,85,#D9B4CF
317,17,85,#D9B4CE
318,17,85,#D9B4CE
319,17,85,#D9B4CD
320,17,85,#D9B4CC
321,17,85,#D9B4CC
322,17,85,#D9B4CB
323,17,85,#D9B4CB
324,17,85,#D9B4CA
325,17,85,#D9B4C9
326,17,85,#D9B4C9
327,17,85,#D9B4C8
328,17,85,#D9B4C8
329,17,85,#D9B4C7
330,17,85,#D9B4C6
331,17,85,#D9B4C6
332,17,85,#D9B4C5
333,17,85,#D9B4C4
334,17,85,#D9B4C4
335,17,85,#D9B4C3
336,17,85,#D9B4C3
337,17,85,#D9B4C2
338,17,85,#D9B4C1
339,17,85,#D9B4C1
340,17,85,#D9B4C0
341,17,85,#D9B4C0
342,17,85,#D9B4BF
343,17,85,#D9B4BE
344,17,85,#D9B4BE
345,17,85,#D9B4BD
346,17,85,#D9B4BD
347,17,85,#D9B4BC
348,17,85,#D9B4BB
349,17,85,#D9B4BB
350,17,85,#D9B4BA
351,17,85,#D9B4B9
352,17,85,#D9B4B9
353,17,85,#D9B4B8
354,17,85,#D9B4B8
355,17,85,#D9B4B7
356,17,85,#D9B4B6
357,17,85,#D9B4B6
358,17,85,#D9B4B5
359,17,85,#D9B4B5
0,16,85,#D9B6B6
1,16,85,#D9B7B6
2,16,85,#D9B7B6
3,16,85,#D9B8B6
4,16,85,#D9B8B6
5,16,85,#D9B9B6
6,16,85,#D9BAB6
7,16,85,#D9BAB6
8,16,85,#D9BBB6
9,16,85,#D9BBB6
10,16,85,#D9BCB6
11,16,85,#D9BCB6
12,16,85,#D9BDB6
13,16,85,#D9BEB6
14,16,85,#D9BEB6
15,16,85,#D9BFB6
16,16,85,#D9BFB6
17,16,85,#D9C0B6
18,16,85,#D9C0B6
19,16,85,#D9C1B6
20,16,85,#D9C2B6
21,16,85,#D9C2B6
22,16,85,#D9C3B6
23,16,85,#D9C3B6
24,16,85,#D9C4B6
25,16,85,#D9C5B6
26,16,85,#D9C5B6
27,16,85,#D9C6B6
28,16,85,#D9C6B6
29,16,85,#D9C7B6
30,16,85,#D9C7B6
31,16,85,#D9C8B6
32,16,85,#D9C9B6
33,16,85,#D9C9B6
34,16,85,#D9CAB6
35,16,85,#D9CAB6
36,16,85,#D9CBB6
37,16,85,#D9CBB6
38,16,85,#D9CCB6
39,16,85,#D9CDB6
40,16,85,#D9CDB6
41,16,85,#D9CEB6
42,16,85,#D9CEB6
43,16,85,#D9CFB6
44,16,85,#D9D0B6
45,16,85,#D9D0B6
46,16,85,#D9D1B6
47,16,85,#D9D1B6
48,16,85,#D9D2B6
49,16,85,#D9D2B6
50,16,85,#D9D3B6
51,16,85,#D9D4B6
52,16,85,#D9D4B6
53,16,85,#D9D5B6
54,16,85,#D9D5B6
55,16,85,#D9D6B6
56,16,85,#D9D6B6
57,16,85,#D9D7B6
58,16,85,#D9D8B6
59,16,85,#D9D8B6
60,16,85,#D9D9B6
61,16,85,#D8D9B6
62,16,85,#D8D9B6
63,16,85,#D7D9B6
64,16,85,#D6D9B6
65,16,85,#D6D9B6
66,16,85,#D5D9B6
67,16,85,#D5D9B6
68,16,85,#D4D9B6
69,16,85,#D4D9B6
70,16,85,#D3D9B6
71,16,85,#D2D9B6
72,16,85,#D2D9B6
73,16,85,#D1D9B6
74,16,85,#D1D9B6
75,16,85,#D0D9B6
76,16,85,#D0D9B6
77,16,85,#CFD9B6
78,16,85,#CED9B6
79,16,85,#CED9B6
80,16,85,#CDD9B6
81,16,85,#CDD9B6
82,16,85,#CCD9B6
83,16,85,#CBD9B6
84,16,85,#CBD9B6
85,16,85,#CAD9B6
86,16,85,#CAD9B6
87,16,85,#C9D9B6
88,16,85,#C9D9B6
89,16,85,#C8D9B6
90,16,85,#C7D9B6
91,16,85,#C7D9B6
92,16,85,#C6D9B6
93,16,85,#C6D9B6
94,16,85,#C5D9B6
95,16,85,#C5D9B6
96,16,85,#C4D9B6
97,16,85,#C3D9B6
98,16,85,#C3D9B6
99,16,85,#C2D9B6
100,16,85,#C2D9B6
101,16,85,#C1D9B6
102,16,85,#C0D9B6
103,16,85,#C0D9B6
104,16,85,#BFD9B6
105,16,85,#BFD9B6
106,16,85,#BED9B6
107,16,85,#BED9B6
108,16,85,#BDD9B6
109,16,85,#BCD9B6
110,16,85,#BCD9B6
111,16,85,#BBD9B6
112,16,85,#BBD9B6
113,16,85,#BAD9B6
114,16,85,#BAD9B6
115,16,85,#B9D9B6
116,16,85,#B8D9B6
117,16,85,#B8D9B6
118,16,85,#B7D9B6
119,16,85,#B7D9B6
120,16,85,#B6D9B6
121,16,85,#B6D9B7
122,16,85,#B6D9B7
123,16,85,#B6D9B8
124,16,85,#B6D9B8
125,16,85,#B6D9B9
126,16,85,#B6D9BA
127,16,85,#B6D9BA
128,16,85,#B6D9BB
129,16,85,#B6D9BB
130,16,85,#B6D9BC
131,16,85,#B6D9BC
132,16,85,#B6D9BD
133,16,85,#B6D9BE
134,16,85,#B6D9BE
135,16,85,#B6D9BF
136,16,85,#B6D9BF
137,16,85,#B6D9C0
138,16,85,#B6D9C0
139,16,85,#B6D9C1
140,16,85,#B6D9C2
141,16,85,#B6D9C2
142,16,85,#B6D9C3
143,16,85,#B6D9C3
144,16,85,#B6D9C4
145,16,85,#B6D9C5
146,16,85,#B6D9C5
147,16,85,#B6D9C6
148,16,85,#B6D9C6
149,16,85,#B6D9C7
150,16,85,#B6D9C7
151,16,85,#B6D9C8
152,16,85,#B6D9C9
153,16,85,#B6D9C9
154,16,85,#B6D9CA
155,16,85,#B6D9CA
156,16,85,#B6D9CB
157,16,85,#B6D9CB
158,16,85,#B6D9CC
159,16,85,#B6D9CD
160,16,85,#B6D9CD
161,16,85,#B6D9CE
162,16,85,#B6D9CE
163,16,85,#B6D9CF
164,16,85,#B6D9D0
165,16,85,#B6D9D0
166,16,85,#B6D9D1
167,16,85,#B6D9D1
168,16,85,#B6D9D2
169,16,85,#B6D9D2
170,16,85,#B6D9D3
171,16,85,#B6D9D4
172,16,85,#B6D9D4
173,16,85,#B6D9D5
174,16,85,#B6D9D5
175,16,85,#B6D9D6
176,16,85,#B6D9D6
177,16,85,#B6D9D7
178,16,85,#B6D9D8
179,16,85,#B6D9D8
180,16,85,#B6D9D9
181,16,85,#B6D8D9
182,16,85,#B6D8D9
183,16,85,#B6D7D9
184,16,85,#B6D6D9
185,16,85,#B6D6D9
186,16,85,#B6D5D9
187,16,85,#B6D5D9
188,16,85,#B6D4D9
189,16,85,#B6D4D9
190,16,85,#B6D3D9
191,16,85,#B6D2D9
192,16,85,#B6D2D9
193,16,85,#B6D1D9
194,16,85,#B6D1D9
195,16,85,#B6D0D9
196,16,85,#B6D0D9
197,16,85,#B6CFD9
198,16,85,#B6CED9
199,16,85,#B6CED9
200,16,85,#B6CDD9
201,16,85,#B6CDD9
202,16,85,#B6CCD9
203,16,85,#B6CBD9
204,16,85,#B6CBD9
205,16,85,#B6CAD9
206,16,85,#B6CAD9
207,16,85,#B6C9D9
208,16,85,#B6C9D9
209,16,85,#B6C8D9
210,16,85,#B6C7D9
211,16,85,#B6C7D9
212,16,85,#B6C6D9
213,16,85,#B6C6D9
214,16,85,#B6C5D9
215,16,85,#B6C5D9
216,16,85,#B6C4D9
217,16,85,#B6C3D9
218,16,85,#B6C3D9
219,16,85,#B6C2D9
220,16,85,#B6C2D9
221,16,85,#B6C1D9
222,16,85,#B6C0D9
223,16,85,#B6C0D9
224,16,85,#B6BFD9
225,16,85,#B6BFD9
226,16,85,#B6BED9
227,16,85,#B6BED9
228,16,85,#B6BDD9
229,16,85,#B6BCD9
230,16,85,#B6BCD9
231,16,85,#B6BBD9
232,16,85,#B6BBD9
233,16,85,#B6BAD9
234,16,85,#B6BAD9
235,16,85,#B6B9D9
236,16,85,#B6B8D9
237,16,85,#B6B8D9
238,16,85,#B6B7D9
239,16,85,#B6B7D9
240,16,85,#B6B6D9
241,16,85,#B7B6D9
242,16,85,#B7B6D9
243,16,85,#B8B6D9
244,16,85,#B8B6D9
245,16,85,#B9B6D9
246,16,85,#BAB6D9
247,16,85,#BAB6D9
248,16,85,#BBB6D9
249,16,85,#BBB6D9
250,16,85,#BCB6D9
251,16,85,#BCB6D9
252,16,85,#BDB6D9
253,16,85,#BEB6D9
254,16,85,#BEB6D9
255,16,85,#BFB6D9
256,16,85,#BFB6D9
257,16,85,#C0B6D9
258,16,85,#C0B6D9
259,16,85,#C1B6D9
260,16,85,#C2B6D9
261,16,85,#C2B6D9
262,16,85,#C3B6D9
263,16,85,#C3B6D9
264,16,85,#C4B6D9
265,16,85,#C5B6D9
266,16,85,#C5B6D9
267,16,85,#C6B6D9
268,16,85,#C6B6D9
269,16,85,#C7B6D9
270,16,85,#C7B6D9
271,16,85,#C8B6D9
272,16,85,#C9B6D9
273,16,85,#C9B6D9
274,16,85,#CAB6D9
275,16,85,#CAB6D9
276,16,85,#CBB6D9
277,16,85,#CBB6D9
278,16,85,#CCB6D9
279,16,85,#CDB6D9
280,16,85,#CDB6D9
281,16,85,#CEB6D9
282,16,85,#CEB6D9
283,16,85,#CFB6D9
284,16,85,#D0B6D9
285,16,85,#D0B6D9
286,16,85,#D1B6D9
287,16,85,#D1B6D9
288,16,85,#D2B6D9
289,16,85,#D2B6D9
290,16,85,#D3B6D9
291,16,85,#D4B6D9
292,16,85,#D4B6D9
293,16,85,#D5B6D9
294,16,85,#D5B6D9
295,16,85,#D6B6D9
296,16,85,#D6B6D9
297,16,85,#D7B6D9
298,16,85,#D8B6D9
299,16,85,#D8B6D9
300,16,85,#D9B6D9
301,16,85,#D9B6D8
302,16,85,#D9B6D8
303,16,85,#D9B6D7
304,16,85,#D9B6D6
305,16,85,#D9B6D6
306,16,85,#D9B6D5
307,16,85,#D9B6D5
308,16,85,#D9B6D4
309,16,85,#D9B6D4
310,16,85,#D9B6D3
311,16,85,#D9B6D2
312,16,85,#D9B6D2
313,16,85,#D9B6D1
314,16,85,#D9B6D1
315,16,85,#D9B6D0
316,16,85,#D9B6D0
317,16,85,#D9B6CF
318,16,85,#D9B6CE
319,16,85,#D9B6CE
320,16,85,#D9B6CD
321,16,85,#D9B6CD
322,16,85,#D9B6CC
323,16,85,#D9B6CB
324,16,85,#D9B6CB
325,16,85,#D9B6CA
326,16,85,#D9B6CA
327,16,85,#D9B6C9
328,16,85,#D9B6C9
329,16,85,#D9B6C8
330,16,85,#D9B6C7
331,16,85,#D9B6C7
332,16,85,#D9B6C6
333,16,85,#D9B6C6
334,16,85,#D9B6C5
335,16,85,#D9B6C5
336,16,85,#D9B6C4
337,16,85,#D9B6C3
338,16,85,#D9B6C3
339,16,85,#D9B6C2
340,16,85,#D9B6C2
341,16,85,#D9B6C1
342,16,85,#D9B6C0
343,16,85,#D9B6C0
344,16,85,#D9B6BF
345,16,85,#D9B6BF
346,16,85,#D9B6BE
347,16,85,#D9B6BE
348,16,85,#D9B6BD
349,16,85,#D9B6BC
350,16,85,#D9B6BC
351,16,85,#D9B6BB
352,16,85,#D9B6BB
353,16,85,#D9B6BA
354,16,85,#D9B6BA
355,16,85,#D9B6B9
356,16,85,#D9B6B8
357,16,85,#D9B6B8
358,16,85,#D9B6B7
359,16,85,#D9B6B7
0,15,85,#D9B8B8
1,15,85,#D9B9B8
2,15,85,#D9B9B8
3,15,85,#D9BAB8
4,15,85,#D9BAB8
5,15,85,#D9BBB8
6,15,85,#D9BBB8
7,15,85,#D9BCB8
8,15,85,#D9BDB8
9,15,85,#D9BDB8
10,15,85,#D9BEB8
11,15,85,#D9BEB8
12,15,85,#D9BFB8
13,15,85,#D9BFB8
14,15,85,#D9C0B8
15,15,85,#D9C0B8
16,15,85,#D9C1B8
17,15,85,#D9C1B8
18,15,85,#D9C2B8
19,15,85,#D9C3B8
20,15,85,#D9C3B8
21,15,85,#D9C4B8
22,15,85,#D9C4B8
23,15,85,#D9C5B8
24,15,85,#D9C5B8
25,15,85,#D9C6B8
26,15,85,#D9C6B8
27,15,85,#D9C7B8
28,15,85,#D9C7B8
29,15,85,#D9C8B8
30,15,85,#D9C8B8
31,15,85,#D9C9B8
32,15,85,#D9CAB8
33,15,85,#D9CAB8
34,15,85,#D9CBB8
35,15,85,#D9CBB8
36,15,85,#D9CCB8
37,15,85,#D9CCB8
38,15,85,#D9CDB8
39,15,85,#D9CDB8
40,15,85,#D9CEB8
41,15,85,#D9CEB8
42,15,85,#D9CFB8
43,15,85,#D9D0B8
44,15,85,#D9D0B8
45,15,85,#D9D1B8
46,15,85,#D9D1B8
47,15,85,#D9D2B8
48,15,85,#D9D2B8
49,15,85,#D9D3B8
50,15,85,#D9D3B8
51,15,85,#D9D4B8
52,15,85,#D9D4B8
53,15,85,#D9D5B8
54,15,85,#D9D5B8
55,15,85,#D9D6B8
56,15,85,#D9D7B8
57,15,85,#D9D7B8
58,15,85,#D9D8B8
59,15,85,#D9D8B8
60,15,85,#D9D9B8
61,15,85,#D8D9B8
62,15,85,#D8D9B8
63,15,85,#D7D9B8
64,15,85,#D7D9B8
65,15,85,#D6D9B8
66,15,85,#D5D9B8
67,15,85,#D5D9B8
68,15,85,#D4D9B8
69,15,85,#D4D9B8
70,15,85,#D3D9B8
71,15,85,#D3D9B8
72,15,85,#D2D9B8
73,15,85,#D2D9B8
74,15,85,#D1D9B8
75,15,85,#D1D9B8
76,15,85,#D0D9B8
77,15,85,#D0D9B8
78,15,85,#CFD9B8
79,15,85,#CED9B8
80,15,85,#CED9B8
81,15,85,#CDD9B8
82,15,85,#CDD9B8
83,15,85,#CCD9B8
84,15,85,#CCD9B8
85,15,85,#CBD9B8
86,15,85,#CBD9B8
87,15,85,#CAD9B8
88,15,85,#CAD9B8
89,15,85,#C9D9B8
90,15,85,#C8D9B8
91,15,85,#C8D9B8
92,15,85,#C7D9B8
93,15,85,#C7D9B8
94,15,85,#C6D9B8
95,15,85,#C6D9B8
96,15,85,#C5D9B8
97,15,85,#C5D9B8
98,15,85,#C4D9B8
99,15,85,#C4D9B8
100,15,85,#C3D9B8
101,15,85,#C3D9B8
102,15,85,#C2D9B8
103,15,85,#C1D9B8
104,15,85,#C1D9B8
105,15,85,#C0D9B8
106,15,85,#C0D9B8
107,15,85,#BFD9B8
108,15,85,#BFD9B8
109,15,85,#BED9B8
110,15,85,#BED9B8
111,15,85,#BDD9B8
112,15,85,#BDD9B8
113,15,85,#BCD9B8
114,15,85,#BBD9B8
115,15,85,#BBD9B8
116,15,85,#BAD9B8
117,15,85,#BAD9B8
118,15,85,#B9D9B8
119,15,85,#B9D9B8
120,15,85,#B8D9B8
121,15,85,#B8D9B9
122,15,85,#B8D9B9
123,15,85,#B8D9BA
124,15,85,#B8D9BA
125,15,85,#B8D9BB
126,15,85,#B8D9BB
127,15,85,#B8D9BC
128,15,85,#B8D9BD
129,15,85,#B8D9BD
130,15,85,#B8D9BE
131,15,85,#B8D9BE
132,15,85,#B8D9BF
133,15,85,#B8D9BF
134,15,85,#B8D9C0
135,15,85,#B8D9C0
136,15,85,#B8D9C1
137,15,85,#B8D9C1
138,15,85,#B8D9C2
139,15,85,#B8D9C3
140,15,85,#B8D9C3
141,15,85,#B8D9C4
142,15,85,#B8D9C4
143,15,85,#B8D9C5
144,15,85,#B8D9C5
145,15,85,#B8D9C6
146,15,85,#B8D9C6
147,15,85,#B8D9C7
148,15,85,#B8D9C7
149,15,85,#B8D9C8
150,15,85,#B8D9C8
151,15,85,#B8D9C9
152,15,85,#B8D9CA
153,15,85,#B8D9CA
154,15,85,#B8D9CB
155,15,85,#B8D9CB
156,15,85,#B8D9CC
157,15,85,#B8D9CC
158,15,85,#B8D9CD
159,15,85,#B8D9CD
160,15,85,#B8D9CE
161,15,85,#B8D9CE
162,15,85,#B8D9CF
163,15,85,#B8D9D0
164,15,85,#B8D9D0
165,15,85,#B8D9D1
166,15,85,#B8D9D1
167,15,85,#B8D9D2
168,15,85,#B8D9D2
169,15,85,#B8D9D3
170,15,85,#B8D9D3
171,15,85,#B8D9D4
172,15,85,#B8D9D4
173,15,85,#B8D9D5
174,15,85,#B8D9D5
175,15,85,#B8D9D6
176,15,85,#B8D9D7
177,15,85,#B8D9D7
178,15,85,#B8D9D8
179,15,85,#B8D9D8
180,15,85,#B8D9D9
181,15,85,#B8D8D9
182,15,85,#B8D8D9
183,15,85,#B8D7D9
184,15,85,#B8D7D9
185,15,85,#B8D6D9
186,15,85,#B8D5D9
187,15,85,#B8D5D9
188,15,85,#B8D4D9
189,15,85,#B8D4D9
190,15,85,#B8D3D9
191,15,85,#B8D3D9
192,15,85,#B8D2D9
193,15,85,#B8D2D9
194,15,85,#B8D1D9
195,15,85,#B8D1D9
196,15,85,#B8D0D9
197,15,85,#B8D0D9
198,15,85,#B8CFD9
199,15,85,#B8CED9
200,15,85,#B8CED9
201,15,85,#B8CDD9
202,15,85,#B8CDD9
203,15,85,#B8CCD9
204,15,85,#B8CCD9
205,15,85,#B8CBD9
206,15,85,#B8CBD9
207,15,85,#B8CAD9
208,15,85,#B8CAD9
209,15,85,#B8C9D9
210,15,85,#B8C8D9
211,15,85,#B8C8D9
212,15,85,#B8C7D9
213,15,85,#B8C7D9
214,15,85,#B8C6D9
215,15,85,#B8C6D9
216,15,85,#B8C5D9
217,15,85,#B8C5D9
218,15,85,#B8C4D9
219,15,85,#B8C4D9
220,15,85,#B8C3D9
221,15,85,#B8C3D9
222,15,85,#B8C2D9
223,15,85,#B8C1D9
224,15,85,#B8C1D9
225,15,85,#B8C0D9
226,15,85,#B8C0D9
227,15,85,#B8BFD9
228,15,85,#B8BFD9
229,15,85,#B8BED9
230,15,85,#B8BED9
231,15,85,#B8BDD9
232,15,85,#B8BDD9
233,15,85,#B8BCD9
234,15,85,#B8BBD9
235,15,85,#B8BBD9
236,15,85,#B8BAD9
237,15,85,#B8BAD9
238,15,85,#B8B9D9
239,15,85,#B8B9D9
240,15,85,#B8B8D9
241,15,85,#B9B8D9
242,15,85,#B9B8D9
243,15,85,#BAB8D9
244,15,85,#BAB8D9
245,15,85,#BBB8D9
246,15,85,#BBB8D9
247,15,85,#BCB8D9
248,15,85,#BDB8D9
249,15,85,#BDB8D9
250,15,85,#BEB8D9
251,15,85,#BEB8D9
252,15,85,#BFB8D9
253,15,85,#BFB8D9
254,15,85,#C0B8D9
255,15,85,#C0B8D9
256,15,85,#C1B8D9
257,15,85,#C1B8D9
258,15,85,#C2B8D9
259,15,85,#C3B8D9
260,15,85,#C3B8D9
261,15,85,#C4B8D9
262,15,85,#C4B8D9
263,15,85,#C5B8D9
264,15,85,#C5B8D9
265,15,85,#C6B8D9
266,15,85,#C6B8D9
267,15,85,#C7B8D9
268,15,85,#C7B8D9
269,15,85,#C8B8D9
270,15,85,#C8B8D9
271,15,85,#C9B8D9
272,15,85,#CAB8D9
273,15,85,#CAB8D9
274,15,85,#CBB8D9
275,15,85,#CBB8D9
276,15,85,#CCB8D9
277,15,85,#CCB8D9
278,15,85,#CDB8D9
279,15,85,#CDB8D9
280,15,85,#CEB8D9
281,15,85,#CEB8D9
282,15,85,#CFB8D9
283,15,85,#D0B8D9
284,15,85,#D0B8D9
285,15,85,#D1B8D9
286,15,85,#D1B8D9
287,15,85,#D2B8D9
288,15,85,#D2B8D9
289,15,85,#D3B8D9
290,15,85,#D3B8D9
291,15,85,#D4B8D9
292,15,85,#D4B8D9
293,15,85,#D5B8D9
294,15,85,#D5B8D9
295,15,85,#D6B8D9
296,15,85,#D7B8D9
297,15,85,#D7B8D9
298,15,85,#D8B8D9
299,15,85,#D8B8D9
300,15,85,#D9B8D9
301,15,85,#D9B8D8
302,15,85,#D9B8D8
303,15,85,#D9B8D7
304,15,85,#D9B8D7
305,15,85,#D9B8D6
306,15,85,#D9B8D5
307,15,85,#D9B8D5
308,15,85,#D9B8D4
309,15,85,#D9B8D4
310,15,85,#D9B8D3
311,15,85,#D9B8D3
312,15,85,#D9B8D2
313,15,85,#D9B8D2
314,15,85,#D9B8D1
315,15,85,#D9B8D1
316,15,85,#D9B8D0
317,15,85,#D9B8D0
318,15,85,#D9B8CF
319,15,85,#D9B8CE
320,15,85,#D9B8CE
321,15,85,#D9B8CD
322,15,85,#D9B8CD
323,15,85,#D9B8CC
324,15,85,#D9B8CC
325,15,85,#D9B8CB
326,15,85,#D9B8CB
327,15,85,#D9B8CA
328,15,85,#D9B8CA
329,15,85,#D9B8C9
330,15,85,#D9B8C8
331,15,85,#D9B8C8
332,15,85,#D9B8C7
333,15,85,#D9B8C7
334,15,85,#D9B8C6
335,15,85,#D9B8C6
336,15,85,#D9B8C5
337,15,85,#D9B8C5
338,15,85,#D9B8C4
339,15,85,#D9B8C4
340,15,85,#D9B8C3
341,15,85,#D9B8C3
342,15,85,#D9B8C2
343,15,85,#D9B8C1
344,15,85,#D9B8C1
345,15,85,#D9B8C0
346,15,85,#D9B8C0
347,15,85,#D9B8BF
348,15,85,#D9B8BF
349,15,85,#D9B8BE
350,15,85,#D9B8BE
351,15,85,#D9B8BD
352,15,85,#D9B8BD
353,15,85,#D9B8BC
354,15,85,#D9B8BB
355,15,85,#D9B8BB
356,15,85,#D9B8BA
357,15,85,#D9B8BA
358,15,85,#D9B8B9
359,15,85,#D9B8B9
0,14,85,#D9BABA
1,14,85,#D9BBBA
2,14,85,#D9BBBA
3,14,85,#D9BCBA
4,14,85,#D9BCBA
5,14,85,#D9BDBA
6,14,85,#D9BDBA
7,14,85,#D9BEBA
8,14,85,#D9BEBA
9,14,85,#D9BFBA
10,14,85,#D9BFBA
11,14,85,#D9C0BA
12,14,85,#D9C0BA
13,14,85,#D9C1BA
14,14,85,#D9C1BA
15,14,85,#D9C2BA
16,14,85,#D9C2BA
17,14,85,#D9C3BA
18,14,85,#D9C4BA
19,14,85,#D9C4BA
20,14,85,#D9C5BA
21,14,85,#D9C5BA
22,14,85,#D9C6BA
23,14,85,#D9C6BA
24,14,85,#D9C7BA
25,14,85,#D9C7BA
26,14,85,#D9C8BA
27,14,85,#D9C8BA
28,14,85,#D9C9BA
29,14,85,#D9C9BA
30,14,85,#D9CABA
31,14,85,#D9CABA
32,14,85,#D9CBBA
33,14,85,#D9CBBA
34,14,85,#D9CCBA
35,14,85,#D9CCBA
36,14,85,#D9CDBA
37,14,85,#D9CDBA
38,14,85,#D9CEBA
39,14,85,#D9CEBA
40,14,85,#D9CFBA
41,14,85,#D9CFBA
42,14,85,#D9D0BA
43,14,85,#D9D0BA
44,14,85,#D9D1BA
45,14,85,#D9D1BA
46,14,85,#D9D2BA
47,14,85,#D9D2BA
48,14,85,#D9D3BA
49,14,85,#D9D3BA
50,14,85,#D9D4BA
51,14,85,#D9D4BA
52,14,85,#D9D5BA
53,14,85,#D9D5BA
54,14,85,#D9D6BA
55,14,85,#D9D6BA
56,14,85,#D9D7BA
57,14,85,#D9D7BA
58,14,85,#D9D8BA
59,14,85,#D9D8BA
60,14,85,#D9D9BA
61,14,85,#D8D9BA
62,14,85,#D8D9BA
63,14,85,#D7D9BA
64,14,85,#D7D9BA
65,14,85,#D6D9BA
66,14,85,#D6D9BA
67,14,85,#D5D9BA
68,14,85,#D5D9BA
69,14,85,#D4D9BA
70,14,85,#D4D9BA
71,14,85,#D3D9BA
72,14,85,#D3D9BA
73,14,85,#D2D9BA
74,14,85,#D2D9BA
75,14,85,#D1D9BA
76,14,85,#D1D9BA
77,14,85,#D0D9BA
78,14,85,#D0D9BA
79,14,85,#CFD9BA
80,14,85,#CFD9BA
81,14,85,#CED9BA
82,14,85,#CED9BA
83,14,85,#CDD9BA
84,14,85,#CDD9BA
85,14,85,#CCD9BA
86,14,85,#CCD9BA
87,14,85,#CBD9BA
88,14,85,#CBD9BA
89,14,85,#CAD9BA
90,14,85,#CAD9BA
91,14,85,#C9D9BA
92,14,85,#C9D9BA
93,14,85,#C8D9BA
94,14,85,#C8D9BA
95,14,85,#C7D9BA
96,14,85,#C7D9BA
97,14,85,#C6D9BA
98,14,85,#C6D9BA
99,14,85,#C5D9BA
100,14,85,#C5D9BA
101,14,85,#C4D9BA
102,14,85,#C4D9BA
103,14,85,#C3D9BA
104,14,85,#C2D9BA
105,14,85,#C2D9BA
106,14,85,#C1D9BA
107,14,85,#C1D9BA
108,14,85,#C0D9BA
109,14,85,#C0D9BA
110,14,85,#BFD9BA
111,14,85,#BFD9BA
112,14,85,#BED9BA
113,14,85,#BED9BA
114,14,85,#BDD9BA
115,14,85,#BDD9BA
116,14,85,#BCD9BA
117,14,85,#BCD9BA
118,14,85,#BBD9BA
119,14,85,#BBD9BA
120,14,85,#BAD9BA
121,14,85,#BAD9BB
122,14,85,#BAD9BB
123,14,85,#BAD9BC
124,14,85,#BAD9BC
125,14,85,#BAD9BD
126,14,85,#BAD9BD
127,14,85,#BAD9BE
128,14,85,#BAD9BE
129,14,85,#BAD9BF
130,14,85,#BAD9BF
131,14,85,#BAD9C0
132,14,85,#BAD9C0
133,14,85,#BAD9C1
134,14,85,#BAD9C1
135,14,85,#BAD9C2
136,14,85,#BAD9C2
137,14,85,#BAD9C3
138,14,85,#BAD9C4
139,14,85,#BAD9C4
140,14,85,#BAD9C5
141,14,85,#BAD9C5
142,14,85,#BAD9C6
143,14,85,#BAD9C6
144,14,85,#BAD9C7
145,14,85,#BAD9C7
146,14,85,#BAD9C8
147,14,85,#BAD9C8
148,14,85,#BAD9C9
149,14,85,#BAD9C9
150,14,85,#BAD9CA
151,14,85,#BAD9CA
152,14,85,#BAD9CB
153,14,85,#BAD9CB
154,14,85,#BAD9CC
155,14,85,#BAD9CC
156,14,85,#BAD9CD
157,14,85,#BAD9CD
158,14,85,#BAD9CE
159,14,85,#BAD9CE
160,14,85,#BAD9CF
161,14,85,#BAD9CF
162,14,85,#BAD9D0
163,14,85,#BAD9D0
164,14,85,#BAD9D1
165,14,85,#BAD9D1
166,14,85,#BAD9D2
167,14,85,#BAD9D2
168,14,85,#BAD9D3
169,14,85,#BAD9D3
170,14,85,#BAD9D4
171,14,85,#BAD9D4
172,14,85,#BAD9D5
173,14,85,#BAD9D5
174,14,85,#BAD9D6
175,14,85,#BAD9D6
176,14,85,#BAD9D7
177,14,85,#BAD9D7
178,14,85,#BAD9D8
179,14,85,#BAD9D8
180,14,85,#BAD9D9
181,14,85,#BAD8D9
182,14,85,#BAD8D9
183,14,85,#BAD7D9
184,14,85,#BAD7D9
185,14,85,#BAD6D9
186,14,85,#BAD6D9
187,14,85,#BAD5D9
188,14,85,#BAD5D9
189,14,85,#BAD4D9
190,14,85,#BAD4D9
191,14,85,#BAD3D9
192,14,85,#BAD3D9
193,14,85,#BAD2D9
194,14,85,#BAD2D9
195,14,85,#BAD1D9
196,14,85,#BAD1D9
197,14,85,#BAD0D9
198,14,85,#BAD0D9
199,14,85,#BACFD9
200,14,85,#BACFD9
201,14,85,#BACED9
202,14,85,#BACED9
203,14,85,#BACDD9
204,14,85,#BACDD9
205,14,85,#BACCD9
206,14,85,#BACCD9
207,14,85,#BACBD9
208,14,85,#BACBD9
209,14,85,#BACAD9
210,14,85,#BACAD9
211,14,85,#BAC9D9
212,14,85,#BAC9D9
213,14,85,#BAC8D9
214,14,85,#BAC8D9
215,14,85,#BAC7D9
216,14,85,#BAC7D9
217,14,85,#BAC6D9
218,14,85,#BAC6D9
219,14,85,#BAC5D9
220,14,85,#BAC5D9
221,14,85,#BAC4D9
222,14,85,#BAC4D9
223,14,85,#BAC3D9
224,14,85,#BAC2D9
225,14,85,#BAC2D9
226,14,85,#BAC1D9
227,14,85,#BAC1D9
228,14,85,#BAC0D9
229,14,85,#BAC0D9
230,14,85,#BABFD9
231,14,85,#BABFD9
232,14,85,#BABED9
233,14,85,#BABED9
234,14,85,#BABDD9
235,14,85,#BABDD9
236,14,85,#BABCD9
237,14,85,#BABCD9
238,14,85,#BABBD9
239,14,85,#BABBD9
240,14,85,#BABAD9
241,14,85,#BBBAD9
242,14,85,#BBBAD9
243,14,85,#BCBAD9
244,14,85,#BCBAD9
245,14,85,#BDBAD9
246,14,85,#BDBAD9
247,14,85,#BEBAD9
248,14,85,#BEBAD9
249,14,85,#BFBAD9
250,14,85,#BFBAD9
251,14,85,#C0BAD9
252,14,85,#C0BAD9
253,14,85,#C1BAD9
254,14,85,#C1BAD9
255,14,85,#C2BAD9
256,14,85,#C2BAD9
257,14,85,#C3BAD9
258,14,85,#C4BAD9
259,14,85,#C4BAD9
260,14,85,#C5BAD9
261,14,85,#C5BAD9
262,14,85,#C6BAD9
263,14,85,#C6BAD9
264,14,85,#C7BAD9
265,14,85,#C7BAD9
266,14,85,#C8BAD9
267,14,85,#C8BAD9
268,14,85,#C9BAD9
269,14,85,#C9BAD9
270,14,85,#CABAD9
271,14,85,#CABAD9
272,14,85,#CBBAD9
273,14,85,#CBBAD9
274,14,85,#CCBAD9
275,14,85,#CCBAD9
276,14,85,#CDBAD9
277,14,85,#CDBAD9
278,14,85,#CEBAD9
279,14,85,#CEBAD9
280,14,85,#CFBAD9
281,14,85,#CFBAD9
282,14,85,#D0BAD9
283,14,85,#D0BAD9
284,14,85,#D1BAD9
285,14,85,#D1BAD9
286,14,85,#D2BAD9
287,14,85,#D2BAD9
288,14,85,#D3BAD9
289,14,85,#D3BAD9
290,14,85,#D4BAD9
291,14,85,#D4BAD9
292,14,85,#D5BAD9
293,14,85,#D5BAD9
294,14,85,#D6BAD9
295,14,85,#D6BAD9
296,14,85,#D7BAD9
297,14,85,#D7BAD9
298,14,85,#D8BAD9
299,14,85,#D8BAD9
300,14,85,#D9BAD9
301,14,85,#D9BAD8
302,14,85,#D9BAD8
303,14,85,#D9BAD7
304,14,85,#D9BAD7
305,14,85,#D9BAD6
306,14,85,#D9BAD6
307,14,85,#D9BAD5
308,14,85,#D9BAD5
309,14,85,#D9BAD4
310,14,85,#D9BAD4
311,14,85,#D9BAD3
312,14,85,#D9BAD3
313,14,85,#D9BAD2
314,14,85,#D9BAD2
315,14,85,#D9BAD1
316,14,85,#D9BAD1
317,14,85,#D9BAD0
318,14,85,#D9BAD0
319,14,85,#D9BACF
320,14,85,#D9BACF
321,14,85,#D9BACE
322,14,85,#D9BACE
323,14,85,#D9BACD
324,14,85,#D9BACD
325,14,85,#D9BACC
326,14,85,#D9BACC
327,14,85,#D9BACB
328,14,85,#D9BACB
329,14,85,#D9BACA
330,14,85,#D9BACA
331,14,85,#D9BAC9
332,14,85,#D9BAC9
333,14,85,#D9BAC8
334,14,85,#D9BAC8
335,14,85,#D9BAC7
336,14,85,#D9BAC7
337,14,85,#D9BAC6
338,14,85,#D9BAC6
339,14,85,#D9BAC5
340,14,85,#D9BAC5
341,14,85,#D9BAC4
342,14,85,#D9BAC4
343,14,85,#D9BAC3
344,14,85,#D9BAC2
345,14,85,#D9BAC2
346,14,85,#D9BAC1
347,14,85,#D9BAC1
348,14,85,#D9BAC0
349,14,85,#D9BAC0
350,14,85,#D9BABF
351,14,85,#D9BABF
352,14,85,#D9BABE
353,14,85,#D9BABE
354,14,85,#D9BABD
355,14,85,#D9BABD
356,14,85,#D9BABC
357,14,85,#D9BABC
358,14,85,#D9BABB
359,14,85,#D9BABB
0,13,85,#D9BDBD
1,13,85,#D9BDBD
2,13,85,#D9BEBD
3,13,85,#D9BEBD
4,13,85,#D9BEBD
5,13,85,#D9BFBD
6,13,85,#D9BFBD
7,13,85,#D9C0BD
8,13,85,#D9C0BD
9,13,85,#D9C1BD
10,13,85,#D9C1BD
11,13,85,#D9C2BD
12,13,85,#D9C2BD
13,13,85,#D9C3BD
14,13,85,#D9C3BD
15,13,85,#D9C4BD
16,13,85,#D9C4BD
17,13,85,#D9C5BD
18,13,85,#D9C5BD
19,13,85,#D9C5BD
20,13,85,#D9C6BD
21,13,85,#D9C6BD
22,13,85,#D9C7BD
23,13,85,#D9C7BD
24,13,85,#D9C8BD
25,13,85,#D9C8BD
26,13,85,#D9C9BD
27,13,85,#D9C9BD
28,13,85,#D9CABD
29,13,85,#D9CABD
30,13,85,#D9CBBD
31,13,85,#D9CBBD
32,13,85,#D9CCBD
33,13,85,#D9CCBD
34,13,85,#D9CDBD
35,13,85,#D9CDBD
36,13,85,#D9CDBD
37,13,85,#D9CEBD
38,13,85,#D9CEBD
39,13,85,#D9CFBD
40,13,85,#D9CFBD
41,13,85,#D9D0BD
42,13,85,#D9D0BD
43,13,85,#D9D1BD
44,13,85,#D9D1BD
45,13,85,#D9D2BD
46,13,85,#D9D2BD
47,13,85,#D9D3BD
48,13,85,#D9D3BD
49,13,85,#D9D4BD
50,13,85,#D9D4BD
51,13,85,#D9D5BD
52,13,85,#D9D5BD
53,13,85,#D9D5BD
54,13,85,#D9D6BD
55,13,85,#D9D6BD
56,13,85,#D9D7BD
57,13,85,#D9D7BD
58,13,85,#D9D8BD
59,13,85,#D9D8BD
60,13,85,#D9D9BD
61,13,85,#D8D9BD
62,13,85,#D8D9BD
63,13,85,#D7D9BD
64,13,85,#D7D9BD
65,13,85,#D6D9BD
66,13,85,#D6D9BD
67,13,85,#D5D9BD
68,13,85,#D5D9BD
69,13,85,#D5D9BD
70,13,85,#D4D9BD
71,13,85,#D4D9BD
72,13,85,#D3D9BD
73,13,85,#D3D9BD
74,13,85,#D2D9BD
75,13,85,#D2D9BD
76,13,85,#D1D9BD
77,13,85,#D1D9BD
78,13,85,#D0D9BD
79,13,85,#D0D9BD
80,13,85,#CFD9BD
81,13,85,#CFD9BD
82,13,85,#CED9BD
83,13,85,#CED9BD
84,13,85,#CDD9BD
85,13,85,#CDD9BD
86,13,85,#CDD9BD
87,13,85,#CCD9BD
88,13,85,#CCD9BD
89,13,85,#CBD9BD
90,13,85,#CBD9BD
91,13,85,#CAD9BD
92,13,85,#CAD9BD
93,13,85,#C9D9BD
94,13,85,#C9D9BD
95,13,85,#C8D9BD
96,13,85,#C8D9BD
97,13,85,#C7D9BD
98,13,85,#C7D9BD
99,13,85,#C6D9BD
100,13,85,#C6D9BD
101,13,85,#C5D9BD
102,13,85,#C5D9BD
103,13,85,#C5D9BD
104,13,85,#C4D9BD
105,13,85,#C4D9BD
106,13,85,#C3D9BD
107,13,85,#C3D9BD
108,13,85,#C2D9BD
109,13,85,#C2D9BD
110,13,85,#C1D9BD
111,13,85,#C1D9BD
112,13,85,#C0D9BD
113,13,85,#C0D9BD
114,13,85,#BFD9BD
115,13,85,#BFD9BD
116,13,85,#BED9BD
117,13,85,#BED9BD
118,13,85,#BED9BD
119,13,85,#BDD9BD
120,13,85,#BDD9BD
121,13,85,#BDD9BD
122,13,85,#BDD9BE
123,13,85,#BDD9BE
124,13,85,#BDD9BE
125,13,85,#BDD9BF
126,13,85,#BDD9BF
127,13,85,#BDD9C0
128,13,85,#BDD9C0
129,13,85,#BDD9C1
130,13,85,#BDD9C1
131,13,85,#BDD9C2
132,13,85,#BDD9C2
133,13,85,#BDD9C3
134,13,85,#BDD9C3
135,13,85,#BDD9C4
136,13,85,#BDD9C4
137,13,85,#BDD9C5
138,13,85,#BDD9C5
139,13,85,#BDD9C5
140,13,85,#BDD9C6
141,13,85,#BDD9C6
142,13,85,#BDD9C7
143,13,85,#BDD9C7
144,13,85,#BDD9C8
145,13,85,#BDD9C8
146,13,85,#BDD9C9
147,13,85,#BDD9C9
148,13,85,#BDD9CA
149,13,85,#BDD9CA
150,13,85,#BDD9CB
151,13,85,#BDD9CB
152,13,85,#BDD9CC
153,13,85,#BDD9CC
154,13,85,#BDD9CD
155,13,85,#BDD9CD
156,13,85,#BDD9CD
157,13,85,#BDD9CE
158,13,85,#BDD9CE
159,13,85,#BDD9CF
160,13,85,#BDD9CF
161,13,85,#BDD9D0
162,13,85,#BDD9D0
163,13,85,#BDD9D1
164,13,85,#BDD9D1
165,13,85,#BDD9D2
166,13,85,#BDD9D2
167,13,85,#BDD9D3
168,13,85,#BDD9D3
169,13,85,#BDD9D4
170,13,85,#BDD9D4
171,13,85,#BDD9D5
172,13,85,#BDD9D5
173,13,85,#BDD9D5
174,13,85,#BDD9D6
175,13,85,#BDD9D6
176,13,85,#BDD9D7
177,13,85,#BDD9D7
178,13,85,#BDD9D8
179,13,85,#BDD9D8
180,13,85,#BDD9D9
181,13,85,#BDD8D9
182,13,85,#BDD8D9
183,13,85,#BDD7D9
184,13,85,#BDD7D9
185,13,85,#BDD6D9
186,13,85,#BDD6D9
187,13,85,#BDD5D9
188,13,85,#BDD5D9
189,13,85,#BDD5D9
190,13,85,#BDD4D9
191,13,85,#BDD4D9
192,13,85,#BDD3D9
193,13,85,#BDD3D9
194,13,85,#BDD2D9
195,13,85,#BDD2D9
196,13,85,#BDD1D9
197,13,85,#BDD1D9
198,13,85,#BDD0D9
199,13,85,#BDD0D9
200,13,85,#BDCFD9
201,13,85,#BDCFD9
202,13,85,#BDCED9
203,13,85,#BDCED9
204,13,85,#BDCDD9
205,13,85,#BDCDD9
206,13,85,#BDCDD9
207,13,85,#BDCCD9
208,13,85,#BDCCD9
209,13,85,#BDCBD9
210,13,85,#BDCBD9
211,13,85,#BDCAD9
212,13,85,#BDCAD9
213,13,85,#BDC9D9
214,13,85,#BDC9D9
215,13,85,#BDC8D9
216,13,85,#BDC8D9
217,13,85,#BDC7D9
218,13,85,#BDC7D9
219,13,85,#BDC6D9
220,13,85,#BDC6D9
221,13,85,#BDC5D9
222,13,85,#BDC5D9
223,13,85,#BDC5D9
224,13,85,#BDC4D9
225,13,85,#BDC4D9
226,13,85,#BDC3D9
227,13,85,#BDC3D9
228,13,85,#BDC2D9
229,13,85,#BDC2D9
230,13,85,#BDC1D9
231,13,85,#BDC1D9
232,13,85,#BDC0D9
233,13,85,#BDC0D9
234,13,85,#BDBFD9
235,13,85,#BDBFD9
236,13,85,#BDBED9
237,13,85,#BDBED9
238,13,85,#BDBED9
239,13,85,#BDBDD9
240,13,85,#BDBDD9
241,13,85,#BDBDD9
242,13,85,#BEBDD9
243,13,85,#BEBDD9
244,13,85,#BEBDD9
245,13,85,#BFBDD9
246,13,85,#BFBDD9
247,13,85,#C0BDD9
248,13,85,#C0BDD9
249,13,85,#C1BDD9
250,13,85,#C1BDD9
251,13,85,#C2BDD9
252,13,85,#C2BDD9
253,13,85,#C3BDD9
254,13,85,#C3BDD9
255,13,85,#C4BDD9
256,13,85,#C4BDD9
257,13,85,#C5BDD9
258,13,85,#C5BDD9
259,13,85,#C5BDD9
260,13,85,#C6BDD9
261,13,85,#C6BDD9
262,13,85,#C7BDD9
263,13,85,#C7BDD9
264,13,85,#C8BDD9
265,13,85,#C8BDD9
266,13,85,#C9BDD9
267,13,85,#C9BDD9
268,13,85,#CABDD9
269,13,85,#CABDD9
270,13,85,#CBBDD9
271,13,85,#CBBDD9
272,13,85,#CCBDD9
273,13,85,#CCBDD9
274,13,85,#CDBDD9
275,13,85,#CDBDD9
276,13,85,#CDBDD9
277,13,85,#CEBDD9
278,13,85,#CEBDD9
279,13,85,#CFBDD9
280,13,85,#CFBDD9
281,13,85,#D0BDD9
282,13,85,#D0BDD9
283,13,85,#D1BDD9
284,13,85,#D1BDD9
285,13,85,#D2BDD9
286,13,85,#D2BDD9
287,13,85,#D3BDD9
288,13,85,#D3BDD9
289,13,85,#D4BDD9
290,13,85,#D4BDD9
291,13,85,#D5BDD9
292,13,85,#D5BDD9
293,13,85,#D5BDD9
294,13,85,#D6BDD9
295,13,85,#D6BDD9
296,13,85,#D7BDD9
297,13,85,#D7BDD9
298,13,85,#D8BDD9
299,13,85,#D8BDD9
300,13,85,#D9BDD9
301,13,85,#D9BDD8
302,13,85,#D9BDD8
303,13,85,#D9BDD7
304,13,85,#D9BDD7
305,13,85,#D9BDD6
306,13,85,#D9BDD6
307,13,85,#D9BDD5
308,13,85,#D9BDD5
309,13,85,#D9BDD5
310,13,85,#D9BDD4
311,13,85,#D9BDD4
312,13,85,#D9BDD3
313,13,85,#D9BDD3
314,13,85,#D9BDD2
315,13,85,#D9BDD2
316,13,85,#D9BDD1
317,13,85,#D9BDD1
318,13,85,#D9BDD0
319,13,85,#D9BDD0
320,13,85,#D9BDCF
321,13,85,#D9BDCF
322,13,85,#D9BDCE
323,13,85,#D9BDCE
324,13,85,#D9BDCD
325,13,85,#D9BDCD
326,13,85,#D9BDCD
327,13,85,#D9BDCC
328,13,85,#D9BDCC
329,13,85,#D9BDCB
330,13,85,#D9BDCB
331,13,85,#D9BDCA
332,13,85,#D9BDCA
333,13,85,#D9BDC9
334,13,85,#D9BDC9
335,13,85,#D9BDC8
336,13,85,#D9BDC8
337,13,85,#D9BDC7
338,13,85,#D9BDC7
339,13,85,#D9BDC6
340,13,85,#D9BDC6
341,13,85,#D9BDC5
342,13,85,#D9BDC5
343,13,85,#D9BDC5
344,13,85,#D9BDC4
345,13,85,#D9BDC4
346,13,85,#D9BDC3
347,13,85,#D9BDC3
348,13,85,#D9BDC2
349,13,85,#D9BDC2
350,13,85,#D9BDC1
351,13,85,#D9BDC1
352,13,85,#D9BDC0
353,13,85,#D9BDC0
354,13,85,#D9BDBF
355,13,85,#D9BDBF
356,13,85,#D9BDBE
357,13,85,#D9BDBE
358,13,85,#D9BDBE
359,13,85,#D9BDBD
0,12,85,#D9BFBF
1,12,85,#D9BFBF
2,12,85,#D9C0BF
3,12,85,#D9C0BF
4,12,85,#D9C0BF
5,12,85,#D9C1BF
6,12,85,#D9C1BF
7,12,85,#D9C2BF
8,12,85,#D9C2BF
9,12,85,#D9C3BF
10,12,85,#D9C3BF
11,12,85,#D9C4BF
12,12,85,#D9C4BF
13,12,85,#D9C4BF
14,12,85,#D9C5BF
15,12,85,#D9C5BF
16,12,85,#D9C6BF
17,12,85,#D9C6BF
18,12,85,#D9C7BF
19,12,85,#D9C7BF
20,12,85,#D9C7BF
21,12,85,#D9C8BF
22,12,85,#D9C8BF
23,12,85,#D9C9BF
24,12,85,#D9C9BF
25,12,85,#D9CABF
26,12,85,#D9CABF
27,12,85,#D9CABF
28,12,85,#D9CBBF
29,12,85,#D9CBBF
30,12,85,#D9CCBF
31,12,85,#D9CCBF
32,12,85,#D9CDBF
33,12,85,#D9CDBF
34,12,85,#D9CDBF
35,12,85,#D9CEBF
36,12,85,#D9CEBF
37,12,85,#D9CFBF
38,12,85,#D9CFBF
39,12,85,#D9D0BF
40,12,85,#D9D0BF
41,12,85,#D9D1BF
42,12,85,#D9D1BF
43,12,85,#D9D1BF
44,12,85,#D9D2BF
45,12,85,#D9D2BF
46,12,85,#D9D3BF
47,12,85,#D9D3BF
48,12,85,#D9D4BF
49,12,85,#D9D4BF
50,12,85,#D9D4BF
51,12,85,#D9D5BF
52,12,85,#D9D5BF
53,12,85,#D9D6BF
54,12,85,#D9D6BF
55,12,85,#D9D7BF
56,12,85,#D9D7BF
57,12,85,#D9D7BF
58,12,85,#D9D8BF
59,12,85,#D9D8BF
60,12,85,#D9D9BF
61,12,85,#D8D9BF
62,12,85,#D8D9BF
63,12,85,#D7D9BF
64,12,85,#D7D9BF
65,12,85,#D7D9BF
66,12,85,#D6D9BF
67,12,85,#D6D9BF
68,12,85,#D5D9BF
69,12,85,#D5D9BF
70,12,85,#D4D9BF
71,12,85,#D4D9BF
72,12,85,#D4D9BF
73,12,85,#D3D9BF
74,12,85,#D3D9BF
75,12,85,#D2D9BF
76,12,85,#D2D9BF
77,12,85,#D1D9BF
78,12,85,#D1D9BF
79,12,85,#D1D9BF
80,12,85,#D0D9BF
81,12,85,#D0D9BF
82,12,85,#CFD9BF
83,12,85,#CFD9BF
84,12,85,#CED9BF
85,12,85,#CED9BF
86,12,85,#CDD9BF
87,12,85,#CDD9BF
88,12,85,#CDD9BF
89,12,85,#CCD9BF
90,12,85,#CCD9BF
91,12,85,#CBD9BF
92,12,85,#CBD9BF
93,12,85,#CAD9BF
94,12,85,#CAD9BF
95,12,85,#CAD9BF
96,12,85,#C9D9BF
97,12,85,#C9D9BF
98,12,85,#C8D9BF
99,12,85,#C8D9BF
100,12,85,#C7D9BF
101,12,85,#C7D9BF
102,12,85,#C7D9BF
103,12,85,#C6D9BF
104,12,85,#C6D9BF
105,12,85,#C5D9BF
106,12,85,#C5D9BF
107,12,85,#C4D9BF
108,12,85,#C4D9BF
109,12,85,#C4D9BF
110,12,85,#C3D9BF
111,12,85,#C3D9BF
112,12,85,#C2D9BF
113,12,85,#C2D9BF
114,12,85,#C1D9BF
115,12,85,#C1D9BF
116,12,85,#C0D9BF
117,12,85,#C0D9BF
118,12,85,#C0D9BF
119,12,85,#BFD9BF
120,12,85,#BFD9BF
121,12,85,#BFD9BF
122,12,85,#BFD9C0
123,12,85,#BFD9C0
124,12,85,#BFD9C0
125,12,85,#BFD9C1
126,12,85,#BFD9C1
127,12,85,#BFD9C2
128,12,85,#BFD9C2
129,12,85,#BFD9C3
130,12,85,#BFD9C3
131,12,85,#BFD9C4
132,12,85,#BFD9C4
133,12,85,#BFD9C4
134,12,85,#BFD9C5
135,12,85,#BFD9C5
136,12,85,#BFD9C6
137,12,85,#BFD9C6
138,12,85,#BFD9C7
139,12,85,#BFD9C7
140,12,85,#BFD9C7
141,12,85,#BFD9C8
142,12,85,#BFD9C8
143,12,85,#BFD9C9
144,12,85,#BFD9C9
145,12,85,#BFD9CA
146,12,85,#BFD9CA
147,12,85,#BFD9CA
148,12,85,#BFD9CB
149,12,85,#BFD9CB
150,12,85,#BFD9CC
151,12,85,#BFD9CC
152,12,85,#BFD9CD
153,12,85,#BFD9CD
154,12,85,#BFD9CD
155,12,85,#BFD9CE
156,12,85,#BFD9CE
157,12,85,#BFD9CF
158,12,85,#BFD9CF
159,12,85,#BFD9D0
160,12,85,#BFD9D0
161,12,85,#BFD9D1
162,12,85,#BFD9D1
163,12,85,#BFD9D1
164,12,85,#BFD9D2
165,12,85,#BFD9D2
166,12,85,#BFD9D3
167,12,85,#BFD9D3
168,12,85,#BFD9D4
169,12,85,#BFD9D4
170,12,85,#BFD9D4
171,12,85,#BFD9D5
172,12,85,#BFD9D5
173,12,85,#BFD9D6
174,12,85,#BFD9D6
175,12,85,#BFD9D7
176,12,85,#BFD9D7
177,12,85,#BFD9D7
178,12,85,#BFD9D8
179,12,85,#BFD9D8
180,12,85,#BFD9D9
181,12,85,#BFD8D9
182,12,85,#BFD8D9
183,12,85,#BFD7D9
184,12,85,#BFD7D9
185,12,85,#BFD7D9
186,12,85,#BFD6D9
187,12,85,#BFD6D9
188,12,85,#BFD5D9
189,12,85,#BFD5D9
190,12,85,#BFD4D9
191,12,85,#BFD4D9
192,12,85,#BFD4D9
193,12,85,#BFD3D9
194,12,85,#BFD3D9
195,12,85,#BFD2D9
196,12,85,#BFD2D9
197,12,85,#BFD1D9
198,12,85,#BFD1D9
199,12,85,#BFD1D9
200,12,85,#BFD0D9
201,12,85,#BFD0D9
202,12,85,#BFCFD9
203,12,85,#BFCFD9
204,12,85,#BFCED9
205,12,85,#BFCED9
206,12,85,#BFCDD9
207,12,85,#BFCDD9
208,12,85,#BFCDD9
209,12,85,#BFCCD9
210,12,85,#BFCCD9
211,12,85,#BFCBD9
212,12,85,#BFCBD9
213,12,85,#BFCAD9
214,12,85,#BFCAD9
215,12,85,#BFCAD9
216,12,85,#BFC9D9
217,12,85,#BFC9D9
218,12,85,#BFC8D9
219,12,85,#BFC8D9
220,12,85,#BFC7D9
221,12,85,#BFC7D9
222,12,85,#BFC7D9
223,12,85,#BFC6D9
224,12,85,#BFC6D9
225,12,85,#BFC5D9
226,12,85,#BFC5D9
227,12,85,#BFC4D9
228,12,85,#BFC4D9
229,12,85,#BFC4D9
230,12,85,#BFC3D9
231,12,85,#BFC3D9
232,12,85,#BFC2D9
233,12,85,#BFC2D9
234,12,85,#BFC1D9
235,12,85,#BFC1D9
236,12,85,#BFC0D9
237,12,85,#BFC0D9
238,12,85,#BFC0D9
239,12,85,#BFBFD9
240,12,85,#BFBFD9
241,12,85,#BFBFD9
242,12,85,#C0BFD9
243,12,85,#C0BFD9
244,12,85,#C0BFD9
245,12,85,#C1BFD9
246,12,85,#C1BFD9
247,12,85,#C2BFD9
248,12,85,#C2BFD9
249,12,85,#C3BFD9
250,12,85,#C3BFD9
251,12,85,#C4BFD9
252,12,85,#C4BFD9
253,12,85,#C4BFD9
254,12,85,#C5BFD9
255,12,85,#C5BFD9
256,12,85,#C6BFD9
257,12,85,#C6BFD9
258,12,85,#C7BFD9
259,12,85,#C7BFD9
260,12,85,#C7BFD9
261,12,85,#C8BFD9
262,12,85,#C8BFD9
263,12,85,#C9BFD9
264,12,85,#C9BFD9
265,12,85,#CABFD9
266,12,85,#CABFD9
267,12,85,#CABFD9
268,12,85,#CBBFD9
269,12,85,#CBBFD9
270,12,85,#CCBFD9
271,12,85,#CCBFD9
272,12,85,#CDBFD9
273,12,85,#CDBFD9
274,12,85,#CDBFD9
275,12,85,#CEBFD9
276,12,85,#CEBFD9
277,12,85,#CFBFD9
278,12,85,#CFBFD9
279,12,85,#D0BFD9
280,12,85,#D0BFD9
281,12,85,#D1BFD9
282,12,85,#D1BFD9
283,12,85,#D1BFD9
284,12,85,#D2BFD9
285,12,85,#D2BFD9
286,12,85,#D3BFD9
287,12,85,#D3BFD9
288,12,85,#D4BFD9
289,12,85,#D4BFD9
290,12,85,#D4BFD9
291,12,85,#D5BFD9
292,12,85,#D5BFD9
293,12,85,#D6BFD9
294,12,85,#D6BFD9
295,12,85,#D7BFD9
296,12,85,#D7BFD9
297,12,85,#D7BFD9
298,12,85,#D8BFD9
299,12,85,#D8BFD9
300,12,85,#D9BFD9
301,12,85,#D9BFD8
302,12,85,#D9BFD8
303,12,85,#D9BFD7
304,12,85,#D9BFD7
305,12,85,#D9BFD7
306,12,85,#D9BFD6
307,12,85,#D9BFD6
308,12,85,#D9BFD5
309,12,85,#D9BFD5
310,12,85,#D9BFD4
311,12,85,#D9BFD4
312,12,85,#D9BFD4
313,12,85,#D9BFD3
314,12,85,#D9BFD3
315,12,85,#D9BFD2
316,12,85,#D9BFD2
317,12,85,#D9BFD1
318,12,85,#D9BFD1
319,12,85,#D9BFD1
320,12,85,#D9BFD0
321,12,85,#D9BFD0
322,12,85,#D9BFCF
323,12,85,#D9BFCF
324,12,85,#D9BFCE
325,12,85,#D9BFCE
326,12,85,#D9BFCD
327,12,85,#D9BFCD
328,12,85,#D9BFCD
329,12,85,#D9BFCC
330,12,85,#D9BFCC
331,12,85,#D9BFCB
332,12,85,#D9BFCB
333,12,85,#D9BFCA
334,12,85,#D9BFCA
335,12,85,#D9BFCA
336,12,85,#D9BFC9
337,12,85,#D9BFC9
338,12,85,#D9BFC8
339,12,85,#D9BFC8
340,12,85,#D9BFC7
341,12,85,#D9BFC7
342,12,85,#D9BFC7
343,12,85,#D9BFC6
344,12,85,#D9BFC6
345,12,85,#D9BFC5
346,12,85,#D9BFC5
347,12,85,#D9BFC4
348,12,85,#D9BFC4
349,12,85,#D9BFC4
350,12,85,#D9BFC3
351,12,85,#D9BFC3
352,12,85,#D9BFC2
353,12,85,#D9BFC2
354,12,85,#D9BFC1
355,12,85,#D9BFC1
356,12,85,#D9BFC0
357,12,85,#D9BFC0
358,12,85,#D9BFC0
359,12,85,#D9BFBF
0,11,85,#D9C1C1
1,11,85,#D9C1C1
2,11,85,#D9C2C1
3,11,85,#D9C2C1
4,11,85,#D9C2C1
5,11,85,#D9C3C1
6,11,85,#D9C3C1
7,11,85,#D9C4C1
8,11,85,#D9C4C1
9,11,85,#D9C4C1
10,11,85,#D9C5C1
11,11,85,#D9C5C1
12,11,85,#D9C6C1
13,11,85,#D9C6C1
14,11,85,#D9C6C1
15,11,85,#D9C7C1
16,11,85,#D9C7C1
17,11,85,#D9C8C1
18,11,85,#D9C8C1
19,11,85,#D9C8C1
20,11,85,#D9C9C1
21,11,85,#D9C9C1
22,11,85,#D9CAC1
23,11,85,#D9CAC1
24,11,85,#D9CAC1
25,11,85,#D9CBC1
26,11,85,#D9CBC1
27,11,85,#D9CCC1
28,11,85,#D9CCC1
29,11,85,#D9CCC1
30,11,85,#D9CDC1
31,11,85,#D9CDC1
32,11,85,#D9CEC1
33,11,85,#D9CEC1
34,11,85,#D9CEC1
35,11,85,#D9CFC1
36,11,85,#D9CFC1
37,11,85,#D9D0C1
38,11,85,#D9D0C1
39,11,85,#D9D0C1
40,11,85,#D9D1C1
41,11,85,#D9D1C1
42,11,85,#D9D2C1
43,11,85,#D9D2C1
44,11,85,#D9D2C1
45,11,85,#D9D3C1
46,11,85,#D9D3C1
47,11,85,#D9D4C1
48,11,85,#D9D4C1
49,11,85,#D9D4C1
50,11,85,#D9D5C1
51,11,85,#D9D5C1
52,11,85,#D9D6C1
53,11,85,#D9D6C1
54,11,85,#D9D6C1
55,11,85,#D9D7C1
56,11,85,#D9D7C1
57,11,85,#D9D8C1
58,11,85,#D9D8C1
59,11,85,#D9D8C1
60,11,85,#D9D9C1
61,11,85,#D8D9C1
62,11,85,#D8D9C1
63,11,85,#D8D9C1
64,11,85,#D7D9C1
65,11,85,#D7D9C1
66,11,85,#D6D9C1
67,11,85,#D6D9C1
68,11,85,#D6D9C1
69,11,85,#D5D9C1
70,11,85,#D5D9C1
71,11,85,#D4D9C1
72,11,85,#D4D9C1
73,11,85,#D4D9C1
74,11,85,#D3D9C1
75,11,85,#D3D9C1
76,11,85,#D2D9C1
77,11,85,#D2D9C1
78,11,85,#D2D9C1
79,11,85,#D1D9C1
80,11,85,#D1D9C1
81,11,85,#D0D9C1
82,11,85,#D0D9C1
83,11,85,#D0D9C1
84,11,85,#CFD9C1
85,11,85,#CFD9C1
86,11,85,#CED9C1
87,11,85,#CED9C1
88,11,85,#CED9C1
89,11,85,#CDD9C1
90,11,85,#CDD9C1
91,11,85,#CCD9C1
92,11,85,#CCD9C1
93,11,85,#CCD9C1
94,11,85,#CBD9C1
95,11,85,#CBD9C1
96,11,85,#CAD9C1
97,11,85,#CAD9C1
98,11,85,#CAD9C1
99,11,85,#C9D9C1
100,11,85,#C9D9C1
101,11,85,#C8D9C1
102,11,85,#C8D9C1
103,11,85,#C8D9C1
104,11,85,#C7D9C1
105,11,85,#C7D9C1
106,11,85,#C6D9C1
107,11,85,#C6D9C1
108,11,85,#C6D9C1
109,11,85,#C5D9C1
110,11,85,#C5D9C1
111,11,85,#C4D9C1
112,11,85,#C4D9C1
113,11,85,#C4D9C1
114,11,85,#C3D9C1
115,11,85,#C3D9C1
116,11,85,#C2D9C1
117,11,85,#C2D9C1
118,11,85,#C2D9C1
119,11,85,#C1D9C1
120,11,85,#C1D9C1
121,11,85,#C1D9C1
122,11,85,#C1D9C2
123,11,85,#C1D9C2
124,11,85,#C1D9C2
125,11,85,#C1D9C3
126,11,85,#C1D9C3
127,11,85,#C1D9C4
128,11,85,#C1D9C4
129,11,85,#C1D9C4
130,11,85,#C1D9C5
131,11,85,#C1D9C5
132,11,85,#C1D9C6
133,11,85,#C1D9C6
134,11,85,#C1D9C6
135,11,85,#C1D9C7
136,11,85,#C1D9C7
137,11,85,#C1D9C8
138,11,85,#C1D9C8
139,11,85,#C1D9C8
140,11,85,#C1D9C9
141,11,85,#C1D9C9
142,11,85,#C1D9CA
143,11,85,#C1D9CA
144,11,85,#C1D9CA
145,11,85,#C1D9CB
146,11,85,#C1D9CB
147,11,85,#C1D9CC
148,11,85,#C1D9CC
149,11,85,#C1D9CC
150,11,85,#C1D9CD
151,11,85,#C1D9CD
152,11,85,#C1D9CE
153,11,85,#C1D9CE
154,11,85,#C1D9CE
155,11,85,#C1D9CF
156,11,85,#C1D9CF
157,11,85,#C1D9D0
158,11,85,#C1D9D0
159,11,85,#C1D9D0
160,11,85,#C1D9D1
161,11,85,#C1D9D1
162,11,85,#C1D9D2
163,11,85,#C1D9D2
164,11,85,#C1D9D2
165,11,85,#C1D9D3
166,11,85,#C1D9D3
167,11,85,#C1D9D4
168,11,85,#C1D9D4
169,11,85,#C1D9D4
170,11,85,#C1D9D5
171,11,85,#C1D9D5
172,11,85,#C1D9D6
173,11,85,#C1D9D6
174,11,85,#C1D9D6
175,11,85,#C1D9D7
176,11,85,#C1D9D7
177,11,85,#C1D9D8
178,11,85,#C1D9D8
179,11,85,#C1D9D8
180,11,85,#C1D9D9
181,11,85,#C1D8D9
182,11,85,#C1D8D9
183,11,85,#C1D8D9
184,11,85,#C1D7D9
185,11,85,#C1D7D9
186,11,85,#C1D6D9
187,11,85,#C1D6D9
188,11,85,#C1D6D9
189,11,85,#C1D5D9
190,11,85,#C1D5D9
191,11,85,#C1D4D9
192,11,85,#C1D4D9
193,11,85,#C1D4D9
194,11,85,#C1D3D9
195,11,85,#C1D3D9
196,11,85,#C1D2D9
197,11,85,#C1D2D9
198,11,85,#C1D2D9
199,11,85,#C1D1D9
200,11,85,#C1D1D9
201,11,85,#C1D0D9
202,11,85,#C1D0D9
203,11,85,#C1D0D9
204,11,85,#C1CFD9
205,11,85,#C1CFD9
206,11,85,#C1CED9
207,11,85,#C1CED9
208,11,85,#C1CED9
209,11,85,#C1CDD9
210,11,85,#C1CDD9
211,11,85,#C1CCD9
212,11,85,#C1CCD9
213,11,85,#C1CCD9
214,11,85,#C1CBD9
215,11,85,#C1CBD9
216,11,85,#C1CAD9
217,11,85,#C1CAD9
218,11,85,#C1CAD9
219,11,85,#C1C9D9
220,11,85,#C1C9D9
221,11,85,#C1C8D9
222,11,85,#C1C8D9
223,11,85,#C1C8D9
224,11,85,#C1C7D9
225,11,85,#C1C7D9
226,11,85,#C1C6D9
227,11,85,#C1C6D9
228,11,85,#C1C6D9
229,11,85,#C1C5D9
230,11,85,#C1C5D9
231,11,85,#C1C4D9
232,11,85,#C1C4D9
233,11,85,#C1C4D9
234,11,85,#C1C3D9
235,11,85,#C1C3D9
236,11,85,#C1C2D9
237,11,85,#C1C2D9
238,11,85,#C1C2D9
239,11,85,#C1C1D9
240,11,85,#C1C1D9
241,11,85,#C1C1D9
242,11,85,#C2C1D9
243,11,85,#C2C1D9
244,11,85,#C2C1D9
245,11,85,#C3C1D9
246,11,85,#C3C1D9
247,11,85,#C4C1D9
248,11,85,#C4C1D9
249,11,85,#C4C1D9
250,11,85,#C5C1D9
251,11,85,#C5C1D9
252,11,85,#C6C1D9
253,11,85,#C6C1D9
254,11,85,#C6C1D9
255,11,85,#C7C1D9
256,11,85,#C7C1D9
257,11,85,#C8C1D9
258,11,85,#C8C1D9
259,11,85,#C8C1D9
260,11,85,#C9C1D9
261,11,85,#C9C1D9
262,11,85,#CAC1D9
263,11,85,#CAC1D9
264,11,85,#CAC1D9
265,11,85,#CBC1D9
266,11,85,#CBC1D9
267,11,85,#CCC1D9
268,11,85,#CCC1D9
269,11,85,#CCC1D9
270,11,85,#CDC1D9
271,11,85,#CDC1D9
272,11,85,#CEC1D9
273,11,85,#CEC1D9
274,11,85,#CEC1D9
275,11,85,#CFC1D9
276,11,85,#CFC1D9
277,11,85,#D0C1D9
278,11,85,#D0C1D9
279,11,85,#D0C1D9
280,11,85,#D1C1D9
281,11,85,#D1C1D9
282,11,85,#D2C1D9
283,11,85,#D2C1D9
284,11,85,#D2C1D9
285,11,85,#D3C1D9
286,11,85,#D3C1D9
287,11,85,#D4C1D9
288,11,85,#D4C1D9
289,11,85,#D4C1D9
290,11,85,#D5C1D9
291,11,85,#D5C1D9
292,11,85,#D6C1D9
293,11,85,#D6C1D9
294,11,85,#D6C1D9
295,11,85,#D7C1D9
296,11,85,#D7C1D9
297,11,85,#D8C1D9
298,11,85,#D8C1D9
299,11,85,#D8C1D9
300,11,85,#D9C1D9
301,11,85,#D9C1D8
302,11,85,#D9C1D8
303,11,85,#D9C1D8
304,11,85,#D9C1D7
305,11,85,#D9C1D7
306,11,85,#D9C1D6
307,11,85,#D9C1D6
308,11,85,#D9C1D6
309,11,85,#D9C1D5
310,11,85,#D9C1D5
311,11,85,#D9C1D4
312,11,85,#D9C1D4
313,11,85,#D9C1D4
314,11,85,#D9C1D3
315,11,85,#D9C1D3
316,11,85,#D9C1D2
317,11,85,#D9C1D2
318,11,85,#D9C1D2
319,11,85,#D9C1D1
320,11,85,#D9C1D1
321,11,85,#D9C1D0
322,11,85,#D9C1D0
323,11,85,#D9C1D0
324,11,85,#D9C1CF
325,11,85,#D9C1CF
326,11,85,#D9C1CE
327,11,85,#D9C1CE
328,11,85,#D9C1CE
329,11,85,#D9C1CD
330,11,85,#D9C1CD
331,11,85,#D9C1CC
332,11,85,#D9C1CC
333,11,85,#D9C1CC
334,11,85,#D9C1CB
335,11,85,#D9C1CB
336,11,85,#D9C1CA
337,11,85,#D9C1CA
338,11,85,#D9C1CA
339,11,85,#D9C1C9
340,11,85,#D9C1C9
341,11,85,#D9C1C8
342,11,85,#D9C1C8
343,11,85,#D9C1C8
344,11,85,#D9C1C7
345,11,85,#D9C1C7
346,11,85,#D9C1C6
347,11,85,#D9C1C6
348,11,85,#D9C1C6
349,11,85,#D9C1C5
350,11,85,#D9C1C5
351,11,85,#D9C1C4
352,11,85,#D9C1C4
353,11,85,#D9C1C4
354,11,85,#D9C1C3
355,11,85,#D9C1C3
356,11,85,#D9C1C2
357,11,85,#D9C1C2
358,11,85,#D9C1C2
359,11,85,#D9C1C1
0,10,85,#D9C3C3
1,10,85,#D9C3C3
2,10,85,#D9C4C3
3,10,85,#D9C4C3
4,10,85,#D9C5C3
5,10,85,#D9C5C3
6,10,85,#D9C5C3
7,10,85,#D9C6C3
8,10,85,#D9C6C3
9,10,85,#D9C6C3
10,10,85,#D9C7C3
11,10,85,#D9C7C3
12,10,85,#D9C7C3
13,10,85,#D9C8C3
14,10,85,#D9C8C3
15,10,85,#D9C8C3
16,10,85,#D9C9C3
17,10,85,#D9C9C3
18,10,85,#D9CAC3
19,10,85,#D9CAC3
20,10,85,#D9CAC3
21,10,85,#D9CBC3
22,10,85,#D9CBC3
23,10,85,#D9CBC3
24,10,85,#D9CCC3
25,10,85,#D9CCC3
26,10,85,#D9CCC3
27,10,85,#D9CDC3
28,10,85,#D9CDC3
29,10,85,#D9CEC3
30,10,85,#D9CEC3
31,10,85,#D9CEC3
32,10,85,#D9CFC3
33,10,85,#D9CFC3
34,10,85,#D9CFC3
35,10,85,#D9D0C3
36,10,85,#D9D0C3
37,10,85,#D9D0C3
38,10,85,#D9D1C3
39,10,85,#D9D1C3
40,10,85,#D9D2C3
41,10,85,#D9D2C3
42,10,85,#D9D2C3
43,10,85,#D9D3C3
44,10,85,#D9D3C3
45,10,85,#D9D3C3
46,10,85,#D9D4C3
47,10,85,#D9D4C3
48,10,85,#D9D4C3
49,10,85,#D9D5C3
50,10,85,#D9D5C3
51,10,85,#D9D5C3
52,10,85,#D9D6C3
53,10,85,#D9D6C3
54,10,85,#D9D7C3
55,10,85,#D9D7C3
56,10,85,#D9D7C3
57,10,85,#D9D8C3
58,10,85,#D9D8C3
59,10,85,#D9D8C3
60,10,85,#D9D9C3
61,10,85,#D8D9C3
62,10,85,#D8D9C3
63,10,85,#D8D9C3
64,10,85,#D7D9C3
65,10,85,#D7D9C3
66,10,85,#D7D9C3
67,10,85,#D6D9C3
68,10,85,#D6D9C3
69,10,85,#D5D9C3
70,10,85,#D5D9C3
71,10,85,#D5D9C3
72,10,85,#D4D9C3
73,10,85,#D4D9C3
74,10,85,#D4D9C3
75,10,85,#D3D9C3
76,10,85,#D3D9C3
77,10,85,#D3D9C3
78,10,85,#D2D9C3
79,10,85,#D2D9C3
80,10,85,#D2D9C3
81,10,85,#D1D9C3
82,10,85,#D1D9C3
83,10,85,#D0D9C3
84,10,85,#D0D9C3
85,10,85,#D0D9C3
86,10,85,#CFD9C3
87,10,85,#CFD9C3
88,10,85,#CFD9C3
89,10,85,#CED9C3
90,10,85,#CED9C3
91,10,85,#CED9C3
92,10,85,#CDD9C3
93,10,85,#CDD9C3
94,10,85,#CCD9C3
95,10,85,#CCD9C3
96,10,85,#CCD9C3
97,10,85,#CBD9C3
98,10,85,#CBD9C3
99,10,85,#CBD9C3
100,10,85,#CAD9C3
101,10,85,#CAD9C3
102,10,85,#CAD9C3
103,10,85,#C9D9C3
104,10,85,#C9D9C3
105,10,85,#C8D9C3
106,10,85,#C8D9C3
107,10,85,#C8D9C3
108,10,85,#C7D9C3
109,10,85,#C7D9C3
110,10,85,#C7D9C3
111,10,85,#C6D9C3
112,10,85,#C6D9C3
113,10,85,#C6D9C3
114,10,85,#C5D9C3
115,10,85,#C5D9C3
116,10,85,#C5D9C3
117,10,85,#C4D9C3
118,10,85,#C4D9C3
119,10,85,#C3D9C3
120,10,85,#C3D9C3
121,10,85,#C3D9C3
122,10,85,#C3D9C4
123,10,85,#C3D9C4
124,10,85,#C3D9C5
125,10,85,#C3D9C5
126,10,85,#C3D9C5
127,10,85,#C3D9C6
128,10,85,#C3D9C6
129,10,85,#C3D9C6
130,10,85,#C3D9C7
131,10,85,#C3D9C7
132,10,85,#C3D9C7
133,10,85,#C3D9C8
134,10,85,#C3D9C8
135,10,85,#C3D9C8
136,10,85,#C3D9C9
137,10,85,#C3D9C9
138,10,85,#C3D9CA
139,10,85,#C3D9CA
140,10,85,#C3D9CA
141,10,85,#C3D9CB
142,10,85,#C3D9CB
143,10,85,#C3D9CB
144,10,85,#C3D9CC
145,10,85,#C3D9CC
146,10,85,#C3D9CC
147,10,85,#C3D9CD
148,10,85,#C3D9CD
149,10,85,#C3D9CE
150,10,85,#C3D9CE
151,10,85,#C3D9CE
152,10,85,#C3D9CF
153,10,85,#C3D9CF
154,10,85,#C3D9CF
155,10,85,#C3D9D0
156,10,85,#C3D9D0
157,10,85,#C3D9D0
158,10,85,#C3D9D1
159,10,85,#C3D9D1
160,10,85,#C3D9D2
161,10,85,#C3D9D2
162,10,85,#C3D9D2
163,10,85,#C3D9D3
164,10,85,#C3D9D3
165,10,85,#C3D9D3
166,10,85,#C3D9D4
167,10,85,#C3D9D4
168,10,85,#C3D9D4
169,10,85,#C3D9D5
170,10,85,#C3D9D5
171,10,85,#C3D9D5
172,10,85,#C3D9D6
173,10,85,#C3D9D6
174,10,85,#C3D9D7
175,10,85,#C3D9D7
176,10,85,#C3D9D7
177,10,85,#C3D9D8
178,10,85,#C3D9D8
179,10,85,#C3D9D8
180,10,85,#C3D9D9
181,10,85,#C3D8D9
182,10,85,#C3D8D9
183,10,85,#C3D8D9
184,10,85,#C3D7D9
185,10,85,#C3D7D9
186,10,85,#C3D7D9
187,10,85,#C3D6D9
188,10,85,#C3D6D9
189,10,85,#C3D5D9
190,10,85,#C3D5D9
191,10,85,#C3D5D9
192,10,85,#C3D4D9
193,10,85,#C3D4D9
194,10,85,#C3D4D9
195,10,85,#C3D3D9
196,10,85,#C3D3D9
197,10,85,#C3D3D9
198,10,85,#C3D2D9
199,10,85,#C3D2D9
200,10,85,#C3D2D9
201,10,85,#C3D1D9
202,10,85,#C3D1D9
203,10,85,#C3D0D9
204,10,85,#C3D0D9
205,10,85,#C3D0D9
206,10,85,#C3CFD9
207,10,85,#C3CFD9
208,10,85,#C3CFD9
209,10,85,#C3CED9
210,10,85,#C3CED9
211,10,85,#C3CED9
212,10,85,#C3CDD9
213,10,85,#C3CDD9
214,10,85,#C3CCD9
215,10,85,#C3CCD9
216,10,85,#C3CCD9
217,10,85,#C3CBD9
218,10,85,#C3CBD9
219,10,85,#C3CBD9
220,10,85,#C3CAD9
221,10,85,#C3CAD9
222,10,85,#C3CAD9
223,10,85,#C3C9D9
224,10,85,#C3C9D9
225,10,85,#C3C8D9
226,10,85,#C3C8D9
227,10,85,#C3C8D9
228,10,85,#C3C7D9
229,10,85,#C3C7D9
230,10,85,#C3C7D9
231,10,85,#C3C6D9
232,10,85,#C3C6D9
233,10,85,#C3C6D9
234,10,85,#C3C5D9
235,10,85,#C3C5D9
236,10,85,#C3C5D9
237,10,85,#C3C4D9
238,10,85,#C3C4D9
239,10,85,#C3C3D9
240,10,85,#C3C3D9
241,10,85,#C3C3D9
242,10,85,#C4C3D9
243,10,85,#C4C3D9
244,10,85,#C5C3D9
245,10,85,#C5C3D9
246,10,85,#C5C3D9
247,10,85,#C6C3D9
248,10,85,#C6C3D9
249,10,85,#C6C3D9
250,10,85,#C7C3D9
251,10,85,#C7C3D9
252,10,85,#C7C3D9
253,10,85,#C8C3D9
254,10,85,#C8C3D9
255,10,85,#C8C3D9
256,10,85,#C9C3D9
257,10,85,#C9C3D9
258,10,85,#CAC3D9
259,10,85,#CAC3D9
260,10,85,#CAC3D9
261,10,85,#CBC3D9
262,10,85,#CBC3D9
263,10,85,#CBC3D9
264,10,85,#CCC3D9
265,10,85,#CCC3D9
266,10,85,#CCC3D9
267,10,85,#CDC3D9
268,10,85,#CDC3D9
269,10,85,#CEC3D9
270,10,85,#CEC3D9
271,10,85,#CEC3D9
272,10,85,#CFC3D9
273,10,85,#CFC3D9
274,10,85,#CFC3D9
275,10,85,#D0C3D9
276,10,85,#D0C3D9
277,10,85,#D0C3D9
278,10,85,#D1C3D9
279,10,85,#D1C3D9
280,10,85,#D2C3D9
281,10,85,#D2C3D9
282,10,85,#D2C3D9
283,10,85,#D3C3D9
284,10,85,#D3C3D9
285,10,85,#D3C3D9
286,10,85,#D4C3D9
287,10,85,#D4C3D9
288,10,85,#D4C3D9
289,10,85,#D5C3D9
290,10,85,#D5C3D9
291,10,85,#D5C3D9
292,10,85,#D6C3D9
293,10,85,#D6C3D9
294,10,85,#D7C3D9
295,10,85,#D7C3D9
296,10,85,#D7C3D9
297,10,85,#D8C3D9
298,10,85,#D8C3D9
299,10,85,#D8C3D9
300,10,85,#D9C3D9
301,10,85,#D9C3D8
302,10,85,#D9C3D8
303,10,85,#D9C3D8
304,10,85,#D9C3D7
305,10,85,#D9C3D7
306,10,85,#D9C3D7
307,10,85,#D9C3D6
308,10,85,#D9C3D6
309,10,85,#D9C3D5
310,10,85,#D9C3D5
311,10,85,#D9C3D5
312,10,85,#D9C3D4
313,10,85,#D9C3D4
314,10,85,#D9C3D4
315,10,85,#D9C3D3
316,10,85,#D9C3D3
317,10,85,#D9C3D3
318,10,85,#D9C3D2
319,10,85,#D9C3D2
320,10,85,#D9C3D2
321,10,85,#D9C3D1
322,10,85,#D9C3D1
323,10,85,#D9C3D0
324,10,85,#D9C3D0
325,10,85,#D9C3D0
326,10,85,#D9C3CF
327,10,85,#D9C3CF
328,10,85,#D9C3CF
329,10,85,#D9C3CE
330,10,85,#D9C3CE
331,10,85,#D9C3CE
332,10,85,#D9C3CD
333,10,85,#D9C3CD
334,10,85,#D9C3CC
335,10,85,#D9C3CC
336,10,85,#D9C3CC
337,10,85,#D9C3CB
338,10,85,#D9C3CB
339,10,85,#D9C3CB
340,10,85,#D9C3CA
341,10,85,#D9C3CA
342,10,85,#D9C3CA
343,10,85,#D9C3C9
344,10,85,#D9C3C9
345,10,85,#D9C3C8
346,10,85,#D9C3C8
347,10,85,#D9C3C8
348,10,85,#D9C3C7
349,10,85,#D9C3C7
350,10,85,#D9C3C7
351,10,85,#D9C3C6
352,10,85,#D9C3C6
353,10,85,#D9C3C6
354,10,85,#D9C3C5
355,10,85,#D9C3C5
356,10,85,#D9C3C5
357,10,85,#D9C3C4
358,10,85,#D9C3C4
359,10,85,#D9C3C3
0,9,85,#D9C5C5
1,9,85,#D9C6C5
2,9,85,#D9C6C5
3,9,85,#D9C6C5
4,9,85,#D9C7C5
5,9,85,#D9C7C5
6,9,85,#D9C7C5
7,9,85,#D9C8C5
8,9,85,#D9C8C5
9,9,85,#D9C8C5
10,9,85,#D9C8C5
11,9,85,#D9C9C5
12,9,85,#D9C9C5
13,9,85,#D9C9C5
14,9,85,#D9CAC5
15,9,85,#D9CAC5
16,9,85,#D9CAC5
17,9,85,#D9CBC5
18,9,85,#D9CBC5
19,9,85,#D9CBC5
20,9,85,#D9CCC5
21,9,85,#D9CCC5
22,9,85,#D9CCC5
23,9,85,#D9CDC5
24,9,85,#D9CDC5
25,9,85,#D9CDC5
26,9,85,#D9CEC5
27,9,85,#D9CEC5
28,9,85,#D9CEC5
29,9,85,#D9CFC5
30,9,85,#D9CFC5
31,9,85,#D9CFC5
32,9,85,#D9D0C5
33,9,85,#D9D0C5
34,9,85,#D9D0C5
35,9,85,#D9D1C5
36,9,85,#D9D1C5
37,9,85,#D9D1C5
38,9,85,#D9D2C5
39,9,85,#D9D2C5
40,9,85,#D9D2C5
41,9,85,#D9D3C5
42,9,85,#D9D3C5
43,9,85,#D9D3C5
44,9,85,#D9D4C5
45,9,85,#D9D4C5
46,9,85,#D9D4C5
47,9,85,#D9D5C5
48,9,85,#D9D5C5
49,9,85,#D9D5C5
50,9,85,#D9D5C5
51,9,85,#D9D6C5
52,9,85,#D9D6C5
53,9,85,#D9D6C5
54,9,85,#D9D7C5
55,9,85,#D9D7C5
56,9,85,#D9D7C5
57,9,85,#D9D8C5
58,9,85,#D9D8C5
59,9,85,#D9D8C5
60,9,85,#D9D9C5
61,9,85,#D8D9C5
62,9,85,#D8D9C5
63,9,85,#D8D9C5
64,9,85,#D7D9C5
65,9,85,#D7D9C5
66,9,85,#D7D9C5
67,9,85,#D6D9C5
68,9,85,#D6D9C5
69,9,85,#D6D9C5
70,9,85,#D5D9C5
71,9,85,#D5D9C5
72,9,85,#D5D9C5
73,9,85,#D5D9C5
74,9,85,#D4D9C5
75,9,85,#D4D9C5
76,9,85,#D4D9C5
77,9,85,#D3D9C5
78,9,85,#D3D9C5
79,9,85,#D3D9C5
80,9,85,#D2D9C5
81,9,85,#D2D9C5
82,9,85,#D2D9C5
83,9,85,#D1D9C5
84,9,85,#D1D9C5
85,9,85,#D1D9C5
86,9,85,#D0D9C5
87,9,85,#D0D9C5
88,9,85,#D0D9C5
89,9,85,#CFD9C5
90,9,85,#CFD9C5
91,9,85,#CFD9C5
92,9,85,#CED9C5
93,9,85,#CED9C5
94,9,85,#CED9C5
95,9,85,#CDD9C5
96,9,85,#CDD9C5
97,9,85,#CDD9C5
98,9,85,#CCD9C5
99,9,85,#CCD9C5
100,9,85,#CCD9C5
101,9,85,#CBD9C5
102,9,85,#CBD9C5
103,9,85,#CBD9C5
104,9,85,#CAD9C5
105,9,85,#CAD9C5
106,9,85,#CAD9C5
107,9,85,#C9D9C5
108,9,85,#C9D9C5
109,9,85,#C9D9C5
110,9,85,#C8D9C5
111,9,85,#C8D9C5
112,9,85,#C8D9C5
113,9,85,#C8D9C5
114,9,85,#C7D9C5
115,9,85,#C7D9C5
116,9,85,#C7D9C5
117,9,85,#C6D9C5
118,9,85,#C6D9C5
119,9,85,#C6D9C5
120,9,85,#C5D9C5
121,9,85,#C5D9C6
122,9,85,#C5D9C6
123,9,85,#C5D9C6
124,9,85,#C5D9C7
125,9,85,#C5D9C7
126,9,85,#C5D9C7
127,9,85,#C5D9C8
128,9,85,#C5D9C8
129,9,85,#C5D9C8
130,9,85,#C5D9C8
131,9,85,#C5D9C9
132,9,85,#C5D9C9
133,9,85,#C5D9C9
134,9,85,#C5D9CA
135,9,85,#C5D9CA
136,9,85,#C5D9CA
137,9,85,#C5D9CB
138,9,85,#C5D9CB
139,9,85,#C5D9CB
140,9,85,#C5D9CC
141,9,85,#C5D9CC
142,9,85,#C5D9CC
143,9,85,#C5D9CD
144,9,85,#C5D9CD
145,9,85,#C5D9CD
146,9,85,#C5D9CE
147,9,85,#C5D9CE
148,9,85,#C5D9CE
149,9,85,#C5D9CF
150,9,85,#C5D9CF
151,9,85,#C5D9CF
152,9,85,#C5D9D0
153,9,85,#C5D9D0
154,9,85,#C5D9D0
155,9,85,#C5D9D1
156,9,85,#C5D9D1
157,9,85,#C5D9D1
158,9,85,#C5D9D2
159,9,85,#C5D9D2
160,9,85,#C5D9D2
161,9,85,#C5D9D3
162,9,85,#C5D9D3
163,9,85,#C5D9D3
164,9,85,#C5D9D4
165,9,85,#C5D9D4
166,9,85,#C5D9D4
167,9,85,#C5D9D5
168,9,85,#C5D9D5
169,9,85,#C5D9D5
170,9,85,#C5D9D5
171,9,85,#C5D9D6
172,9,85,#C5D9D6
173,9,85,#C5D9D6
174,9,85,#C5D9D7
175,9,85,#C5D9D7
176,9,85,#C5D9D7
177,9,85,#C5D9D8
178,9,85,#C5D9D8
179,9,85,#C5D9D8
180,9,85,#C5D9D9
181,9,85,#C5D8D9
182,9,85,#C5D8D9
183,9,85,#C5D8D9
184,9,85,#C5D7D9
185,9,85,#C5D7D9
186,9,85,#C5D7D9
187,9,85,#C5D6D9
188,9,85,#C5D6D9
189,9,85,#C5D6D9
190,9,85,#C5D5D9
191,9,85,#C5D5D9
192,9,85,#C5D5D9
193,9,85,#C5D5D9
194,9,85,#C5D4D9
195,9,85,#C5D4D9
196,9,85,#C5D4D9
197,9,85,#C5D3D9
198,9,85,#C5D3D9
199,9,85,#C5D3D9
200,9,85,#C5D2D9
201,9,85,#C5D2D9
202,9,85,#C5D2D9
203,9,85,#C5D1D9
204,9,85,#C5D1D9
205,9,85,#C5D1D9
206,9,85,#C5D0D9
207,9,85,#C5D0D9
208,9,85,#C5D0D9
209,9,85,#C5CFD9
210,9,85,#C5CFD9
211,9,85,#C5CFD9
212,9,85,#C5CED9
213,9,85,#C5CED9
214,9,85,#C5CED9
215,9,85,#C5CDD9
216,9,85,#C5CDD9
217,9,85,#C5CDD9
218,9,85,#C5CCD9
219,9,85,#C5CCD9
220,9,85,#C5CCD9
221,9,85,#C5CBD9
222,9,85,#C5CBD9
223,9,85,#C5CBD9
224,9,85,#C5CAD9
225,9,85,#C5CAD9
226,9,85,#C5CAD9
227,9,85,#C5C9D9
228,9,85,#C5C9D9
229,9,85,#C5C9D9
230,9,85,#C5C8D9
231,9,85,#C5C8D9
232,9,85,#C5C8D9
233,9,85,#C5C8D9
234,9,85,#C5C7D9
235,9,85,#C5C7D9
236,9,85,#C5C7D9
237,9,85,#C5C6D9
238,9,85,#C5C6D9
239,9,85,#C5C6D9
240,9,85,#C5C5D9
241,9,85,#C6C5D9
242,9,85,#C6C5D9
243,9,85,#C6C5D9
244,9,85,#C7C5D9
245,9,85,#C7C5D9
246,9,85,#C7C5D9
247,9,85,#C8C5D9
248,9,85,#C8C5D9
249,9,85,#C8C5D9
250,9,85,#C8C5D9
251,9,85,#C9C5D9
252,9,85,#C9C5D9
253,9,85,#C9C5D9
254,9,85,#CAC5D9
255,9,85,#CAC5D9
256,9,85,#CAC5D9
257,9,85,#CBC5D9
258,9,85,#CBC5D9
259,9,85,#CBC5D9
260,9,85,#CCC5D9
261,9,85,#CCC5D9
262,9,85,#CCC5D9
263,9,85,#CDC5D9
264,9,85,#CDC5D9
265,9,85,#CDC5D9
266,9,85,#CEC5D9
267,9,85,#CEC5D9
268,9,85,#CEC5D9
269,9,85,#CFC5D9
270,9,85,#CFC5D9
271,9,85,#CFC5D9
272,9,85,#D0C5D9
273,9,85,#D0C5D9
274,9,85,#D0C5D9
275,9,85,#D1C5D9
276,9,85,#D1C5D9
277,9,85,#D1C5D9
278,9,85,#D2C5D9
279,9,85,#D2C5D9
280,9,85,#D2C5D9
281,9,85,#D3C5D9
282,9,85,#D3C5D9
283,9,85,#D3C5D9
284,9,85,#D4C5D9
285,9,85,#D4C5D9
286,9,85,#D4C5D9
287,9,85,#D5C5D9
288,9,85,#D5C5D9
289,9,85,#D5C5D9
290,9,85,#D5C5D9
291,9,85,#D6C5D9
292,9,85,#D6C5D9
293,9,85,#D6C5D9
294,9,85,#D7C5D9
295,9,85,#D7C5D9
296,9,85,#D7C5D9
297,9,85,#D8C5D9
298,9,85,#D8C5D9
299,9,85,#D8C5D9
300,9,85,#D9C5D9
301,9,85,#D9C5D8
302,9,85,#D9C5D8
303,9,85,#D9C5D8
304,9,85,#D9C5D7
305,9,85,#D9C5D7
306,9,85,#D9C5D7
307,9,85,#D9C5D6
308,9,85,#D9C5D6
309,9,85,#D9C5D6
310,9,85,#D9C5D5
311,9,85,#D9C5D5
312,9,85,#D9C5D5
313,9,85,#D9C5D5
314,9,85,#D9C5D4
315,9,85,#D9C5D4
316,9,85,#D9C5D4
317,9,85,#D9C5D3
318,9,85,#D9C5D3
319,9,85,#D9C5D3
320,9,85,#D9C5D2
321,9,85,#D9C5D2
322,9,85,#D9C5D2
323,9,85,#D9C5D1
324,9,85,#D9C5D1
325,9,85,#D9C5D1
326,9,85,#D9C5D0
327,9,85,#D9C5D0
328,9,85,#D9C5D0
329,9,85,#D9C5CF
330,9,85,#D9C5CF
331,9,85,#D9C5CF
332,9,85,#D9C5CE
333,9,85,#D9C5CE
334,9,85,#D9C5CE
335,9,85,#D9C5CD
336,9,85,#D9C5CD
337,9,85,#D9C5CD
338,9,85,#D9C5CC
339,9,85,#D9C5CC
340,9,85,#D9C5CC
341,9,85,#D9C5CB
342,9,85,#D9C5CB
343,9,85,#D9C5CB
344,9,85,#D9C5CA
345,9,85,#D9C5CA
346,9,85,#D9C5CA
347,9,85,#D9C5C9
348,9,85,#D9C5C9
349,9,85,#D9C5C9
350,9,85,#D9C5C8
351,9,85,#D9C5C8
352,9,85,#D9C5C8
353,9,85,#D9C5C8
354,9,85,#D9C5C7
355,9,85,#D9C5C7
356,9,85,#D9C5C7
357,9,85,#D9C5C6
358,9,85,#D9C5C6
359,9,85,#D9C5C6
0,8,85,#D9C7C7
1,8,85,#D9C8C7
2,8,85,#D9C8C7
3,8,85,#D9C8C7
4,8,85,#D9C9C7
5,8,85,#D9C9C7
6,8,85,#D9C9C7
7,8,85,#D9C9C7
8,8,85,#D9CAC7
9,8,85,#D9CAC7
10,8,85,#D9CAC7
11,8,85,#D9CBC7
12,8,85,#D9CBC7
13,8,85,#D9CBC7
14,8,85,#D9CBC7
15,8,85,#D9CCC7
16,8,85,#D9CCC7
17,8,85,#D9CCC7
18,8,85,#D9CDC7
19,8,85,#D9CDC7
20,8,85,#D9CDC7
21,8,85,#D9CDC7
22,8,85,#D9CEC7
23,8,85,#D9CEC7
24,8,85,#D9CEC7
25,8,85,#D9CFC7
26,8,85,#D9CFC7
27,8,85,#D9CFC7
28,8,85,#D9D0C7
29,8,85,#D9D0C7
30,8,85,#D9D0C7
31,8,85,#D9D0C7
32,8,85,#D9D1C7
33,8,85,#D9D1C7
34,8,85,#D9D1C7
35,8,85,#D9D2C7
36,8,85,#D9D2C7
37,8,85,#D9D2C7
38,8,85,#D9D2C7
39,8,85,#D9D3C7
40,8,85,#D9D3C7
41,8,85,#D9D3C7
42,8,85,#D9D4C7
43,8,85,#D9D4C7
44,8,85,#D9D4C7
45,8,85,#D9D4C7
46,8,85,#D9D5C7
47,8,85,#D9D5C7
48,8,85,#D9D5C7
49,8,85,#D9D6C7
50,8,85,#D9D6C7
51,8,85,#D9D6C7
52,8,85,#D9D6C7
53,8,85,#D9D7C7
54,8,85,#D9D7C7
55,8,85,#D9D7C7
56,8,85,#D9D8C7
57,8,85,#D9D8C7
58,8,85,#D9D8C7
59,8,85,#D9D8C7
60,8,85,#D9D9C7
61,8,85,#D8D9C7
62,8,85,#D8D9C7
63,8,85,#D8D9C7
64,8,85,#D8D9C7
65,8,85,#D7D9C7
66,8,85,#D7D9C7
67,8,85,#D7D9C7
68,8,85,#D6D9C7
69,8,85,#D6D9C7
70,8,85,#D6D9C7
71,8,85,#D6D9C7
72,8,85,#D5D9C7
73,8,85,#D5D9C7
74,8,85,#D5D9C7
75,8,85,#D4D9C7
76,8,85,#D4D9C7
77,8,85,#D4D9C7
78,8,85,#D4D9C7
79,8,85,#D3D9C7
80,8,85,#D3D9C7
81,8,85,#D3D9C7
82,8,85,#D2D9C7
83,8,85,#D2D9C7
84,8,85,#D2D9C7
85,8,85,#D2D9C7
86,8,85,#D1D9C7
87,8,85,#D1D9C7
88,8,85,#D1D9C7
89,8,85,#D0D9C7
90,8,85,#D0D9C7
91,8,85,#D0D9C7
92,8,85,#D0D9C7
93,8,85,#CFD9C7
94,8,85,#CFD9C7
95,8,85,#CFD9C7
96,8,85,#CED9C7
97,8,85,#CED9C7
98,8,85,#CED9C7
99,8,85,#CDD9C7
100,8,85,#CDD9C7
101,8,85,#CDD9C7
102,8,85,#CDD9C7
103,8,85,#CCD9C7
104,8,85,#CCD9C7
105,8,85,#CCD9C7
106,8,85,#CBD9C7
107,8,85,#CBD9C7
108,8,85,#CBD9C7
109,8,85,#CBD9C7
110,8,85,#CAD9C7
111,8,85,#CAD9C7
112,8,85,#CAD9C7
113,8,85,#C9D9C7
114,8,85,#C9D9C7
115,8,85,#C9D9C7
116,8,85,#C9D9C7
117,8,85,#C8D9C7
118,8,85,#C8D9C7
119,8,85,#C8D9C7
120,8,85,#C7D9C7
121,8,85,#C7D9C8
122,8,85,#C7D9C8
123,8,85,#C7D9C8
124,8,85,#C7D9C9
125,8,85,#C7D9C9
126,8,85,#C7D9C9
127,8,85,#C7D9C9
128,8,85,#C7D9CA
129,8,85,#C7D9CA
130,8,85,#C7D9CA
131,8,85,#C7D9CB
132,8,85,#C7D9CB
133,8,85,#C7D9CB
134,8,85,#C7D9CB
135,8,85,#C7D9CC
136,8,85,#C7D9CC
137,8,85,#C7D9CC
138,8,85,#C7D9CD
139,8,85,#C7D9CD
140,8,85,#C7D9CD
141,8,85,#C7D9CD
142,8,85,#C7D9CE
143,8,85,#C7D9CE
144,8,85,#C7D9CE
145,8,85,#C7D9CF
146,8,85,#C7D9CF
147,8,85,#C7D9CF
148,8,85,#C7D9D0
149,8,85,#C7D9D0
150,8,85,#C7D9D0
151,8,85,#C7D9D0
152,8,85,#C7D9D1
153,8,85,#C7D9D1
154,8,85,#C7D9D1
155,8,85,#C7D9D2
156,8,85,#C7D9D2
157,8,85,#C7D9D2
158,8,85,#C7D9D2
159,8,85,#C7D9D3
160,8,85,#C7D9D3
161,8,85,#C7D9D3
162,8,85,#C7D9D4
163,8,85,#C7D9D4
164,8,85,#C7D9D4
165,8,85,#C7D9D4
166,8,85,#C7D9D5
167,8,85,#C7D9D5
168,8,85,#C7D9D5
169,8,85,#C7D9D6
170,8,85,#C7D9D6
171,8,85,#C7D9D6
172,8,85,#C7D9D6
173,8,85,#C7D9D7
174,8,85,#C7D9D7
175,8,85,#C7D9D7
176,8,85,#C7D9D8
177,8,85,#C7D9D8
178,8,85,#C7D9D8
179,8,85,#C7D9D8
180,8,85,#C7D9D9
181,8,85,#C7D8D9
182,8,85,#C7D8D9
183,8,85,#C7D8D9
184,8,85,#C7D8D9
185,8,85,#C7D7D9
186,8,85,#C7D7D9
187,8,85,#C7D7D9
188,8,85,#C7D6D9
189,8,85,#C7D6D9
190,8,85,#C7D6D9
191,8,85,#C7D6D9
192,8,85,#C7D5D9
193,8,85,#C7D5D9
194,8,85,#C7D5D9
195,8,85,#C7D4D9
196,8,85,#C7D4D9
197,8,85,#C7D4D9
198,8,85,#C7D4D9
199,8,85,#C7D3D9
200,8,85,#C7D3D9
201,8,85,#C7D3D9
202,8,85,#C7D2D9
203,8,85,#C7D2D9
204,8,85,#C7D2D9
205,8,85,#C7D2D9
206,8,85,#C7D1D9
207,8,85,#C7D1D9
208,8,85,#C7D1D9
209,8,85,#C7D0D9
210,8,85,#C7D0D9
211,8,85,#C7D0D9
212,8,85,#C7D0D9
213,8,85,#C7CFD9
214,8,85,#C7CFD9
215,8,85,#C7CFD9
216,8,85,#C7CED9
217,8,85,#C7CED9
218,8,85,#C7CED9
219,8,85,#C7CDD9
220,8,85,#C7CDD9
221,8,85,#C7CDD9
222,8,85,#C7CDD9
223,8,85,#C7CCD9
224,8,85,#C7CCD9
225,8,85,#C7CCD9
226,8,85,#C7CBD9
227,8,85,#C7CBD9
228,8,85,#C7CBD9
229,8,85,#C7CBD9
230,8,85,#C7CAD9
231,8,85,#C7CAD9
232,8,85,#C7CAD9
233,8,85,#C7C9D9
234,8,85,#C7C9D9
235,8,85,#C7C9D9
236,8,85,#C7C9D9
237,8,85,#C7C8D9
238,8,85,#C7C8D9
239,8,85,#C7C8D9
240,8,85,#C7C7D9
241,8,85,#C8C7D9
242,8,85,#C8C7D9
243,8,85,#C8C7D9
244,8,85,#C9C7D9
245,8,85,#C9C7D9
246,8,85,#C9C7D9
247,8,85,#C9C7D9
248,8,85,#CAC7D9
249,8,85,#CAC7D9
250,8,85,#CAC7D9
251,8,85,#CBC7D9
252,8,85,#CBC7D9
253,8,85,#CBC7D9
254,8,85,#CBC7D9
255,8,85,#CCC7D9
256,8,85,#CCC7D9
257,8,85,#CCC7D9
258,8,85,#CDC7D9
259,8,85,#CDC7D9
260,8,85,#CDC7D9
261,8,85,#CDC7D9
262,8,85,#CEC7D9
263,8,85,#CEC7D9
264,8,85,#CEC7D9
265,8,85,#CFC7D9
266,8,85,#CFC7D9
267,8,85,#CFC7D9
268,8,85,#D0C7D9
269,8,85,#D0C7D9
270,8,85,#D0C7D9
271,8,85,#D0C7D9
272,8,85,#D1C7D9
273,8,85,#D1C7D9
274,8,85,#D1C7D9
275,8,85,#D2C7D9
276,8,85,#D2C7D9
277,8,85,#D2C7D9
278,8,85,#D2C7D9
279,8,85,#D3C7D9
280,8,85,#D3C7D9
281,8,85,#D3C7D9
282,8,85,#D4C7D9
283,8,85,#D4C7D9
284,8,85,#D4C7D9
285,8,85,#D4C7D9
286,8,85,#D5C7D9
287,8,85,#D5C7D9
288,8,85,#D5C7D9
289,8,85,#D6C7D9
290,8,85,#D6C7D9
291,8,85,#D6C7D9
292,8,85,#D6C7D9
293,8,85,#D7C7D9
294,8,85,#D7C7D9
295,8,85,#D7C7D9
296,8,85,#D8C7D9
297,8,85,#D8C7D9
298,8,85,#D8C7D9
299,8,85,#D8C7D9
300,8,85,#D9C7D9
301,8,85,#D9C7D8
302,8,85,#D9C7D8
303,8,85,#D9C7D8
304,8,85,#D9C7D8
305,8,85,#D9C7D7
306,8,85,#D9C7D7
307,8,85,#D9C7D7
308,8,85,#D9C7D6
309,8,85,#D9C7D6
310,8,85,#D9C7D6
311,8,85,#D9C7D6
312,8,85,#D9C7D5
313,8,85,#D9C7D5
314,8,85,#D9C7D5
315,8,85,#D9C7D4
316,8,85,#D9C7D4
317,8,85,#D9C7D4
318,8,85,#D9C7D4
319,8,85,#D9C7D3
320,8,85,#D9C7D3
321,8,85,#D9C7D3
322,8,85,#D9C7D2
323,8,85,#D9C7D2
324,8,85,#D9C7D2
325,8,85,#D9C7D2
326,8,85,#D9C7D1
327,8,85,#D9C7D1
328,8,85,#D9C7D1
329,8,85,#D9C7D0
330,8,85,#D9C7D0
331,8,85,#D9C7D0
332,8,85,#D9C7D0
333,8,85,#D9C7CF
334,8,85,#D9C7CF
335,8,85,#D9C7CF
336,8,85,#D9C7CE
337,8,85,#D9C7CE
338,8,85,#D9C7CE
339,8,85,#D9C7CD
340,8,85,#D9C7CD
341,8,85,#D9C7CD
342,8,85,#D9C7CD
343,8,85,#D9C7CC
344,8,85,#D9C7CC
345,8,85,#D9C7CC
346,8,85,#D9C7CB
347,8,85,#D9C7CB
348,8,85,#D9C7CB
349,8,85,#D9C7CB
350,8,85,#D9C7CA
351,8,85,#D9C7CA
352,8,85,#D9C7CA
353,8,85,#D9C7C9
354,8,85,#D9C7C9
355,8,85,#D9C7C9
356,8,85,#D9C7C9
357,8,85,#D9C7C8
358,8,85,#D9C7C8
359,8,85,#D9C7C8
0,7,85,#D9CACA
1,7,85,#D9CACA
2,7,85,#D9CACA
3,7,85,#D9CACA
4,7,85,#D9CBCA
5,7,85,#D9CBCA
6,7,85,#D9CBCA
7,7,85,#D9CBCA
8,7,85,#D9CCCA
9,7,85,#D9CCCA
10,7,85,#D9CCCA
11,7,85,#D9CCCA
12,7,85,#D9CDCA
13,7,85,#D9CDCA
14,7,85,#D9CDCA
15,7,85,#D9CDCA
16,7,85,#D9CECA
17,7,85,#D9CECA
18,7,85,#D9CECA
19,7,85,#D9CECA
20,7,85,#D9CFCA
21,7,85,#D9CFCA
22,7,85,#D9CFCA
23,7,85,#D9CFCA
24,7,85,#D9D0CA
25,7,85,#D9D0CA
26,7,85,#D9D0CA
27,7,85,#D9D0CA
28,7,85,#D9D1CA
29,7,85,#D9D1CA
30,7,85,#D9D1CA
31,7,85,#D9D1CA
32,7,85,#D9D2CA
33,7,85,#D9D2CA
34,7,85,#D9D2CA
35,7,85,#D9D2CA
36,7,85,#D9D3CA
37,7,85,#D9D3CA
38,7,85,#D9D3CA
39,7,85,#D9D3CA
40,7,85,#D9D4CA
41,7,85,#D9D4CA
42,7,85,#D9D4CA
43,7,85,#D9D4CA
44,7,85,#D9D5CA
45,7,85,#D9D5CA
46,7,85,#D9D5CA
47,7,85,#D9D5CA
48,7,85,#D9D6CA
49,7,85,#D9D6CA
50,7,85,#D9D6CA
51,7,85,#D9D6CA
52,7,85,#D9D7CA
53,7,85,#D9D7CA
54,7,85,#D9D7CA
55,7,85,#D9D7CA
56,7,85,#D9D8CA
57,7,85,#D9D8CA
58,7,85,#D9D8CA
59,7,85,#D9D8CA
60,7,85,#D9D9CA
61,7,85,#D8D9CA
62,7,85,#D8D9CA
63,7,85,#D8D9CA
64,7,85,#D8D9CA
65,7,85,#D7D9CA
66,7,85,#D7D9CA
67,7,85,#D7D9CA
68,7,85,#D7D9CA
69,7,85,#D6D9CA
70,7,85,#D6D9CA
71,7,85,#D6D9CA
72,7,85,#D6D9CA
73,7,85,#D5D9CA
74,7,85,#D5D9CA
75,7,85,#D5D9CA
76,7,85,#D5D9CA
77,7,85,#D4D9CA
78,7,85,#D4D9CA
79,7,85,#D4D9CA
80,7,85,#D4D9CA
81,7,85,#D3D9CA
82,7,85,#D3D9CA
83,7,85,#D3D9CA
84,7,85,#D3D9CA
85,7,85,#D2D9CA
86,7,85,#D2D9CA
87,7,85,#D2D9CA
88,7,85,#D2D9CA
89,7,85,#D1D9CA
90,7,85,#D1D9CA
91,7,85,#D1D9CA
92,7,85,#D1D9CA
93,7,85,#D0D9CA
94,7,85,#D0D9CA
95,7,85,#D0D9CA
96,7,85,#D0D9CA
97,7,85,#CFD9CA
98,7,85,#CFD9CA
99,7,85,#CFD9CA
100,7,85,#CFD9CA
101,7,85,#CED9CA
102,7,85,#CED9CA
103,7,85,#CED9CA
104,7,85,#CED9CA
105,7,85,#CDD9CA
106,7,85,#CDD9CA
107,7,85,#CDD9CA
108,7,85,#CDD9CA
109,7,85,#CCD9CA
110,7,85,#CCD9CA
111,7,85,#CCD9CA
112,7,85,#CCD9CA
113,7,85,#CBD9CA
114,7,85,#CBD9CA
115,7,85,#CBD9CA
116,7,85,#CBD9CA
117,7,85,#CAD9CA
118,7,85,#CAD9CA
119,7,85,#CAD9CA
120,7,85,#CAD9CA
121,7,85,#CAD9CA
122,7,85,#CAD9CA
123,7,85,#CAD9CA
124,7,85,#CAD9CB
125,7,85,#CAD9CB
126,7,85,#CAD9CB
127,7,85,#CAD9CB
128,7,85,#CAD9CC
129,7,85,#CAD9CC
130,7,85,#CAD9CC
131,7,85,#CAD9CC
132,7,85,#CAD9CD
133,7,85,#CAD9CD
134,7,85,#CAD9CD
135,7,85,#CAD9CD
136,7,85,#CAD9CE
137,7,85,#CAD9CE
138,7,85,#CAD9CE
139,7,85,#CAD9CE
140,7,85,#CAD9CF
141,7,85,#CAD9CF
142,7,85,#CAD9CF
143,7,85,#CAD9CF
144,7,85,#CAD9D0
145,7,85,#CAD9D0
146,7,85,#CAD9D0
147,7,85,#CAD9D0
148,7,85,#CAD9D1
149,7,85,#CAD9D1
150,7,85,#CAD9D1
151,7,85,#CAD9D1
152,7,85,#CAD9D2
153,7,85,#CAD9D2
154,7,85,#CAD9D2
155,7,85,#CAD9D2
156,7,85,#CAD9D3
157,7,85,#CAD9D3
158,7,85,#CAD9D3
159,7,85,#CAD9D3
160,7,85,#CAD9D4
161,7,85,#CAD9D4
162,7,85,#CAD9D4
163,7,85,#CAD9D4
164,7,85,#CAD9D5
165,7,85,#CAD9D5
166,7,85,#CAD9D5
167,7,85,#CAD9D5
168,7,85,#CAD9D6
169,7,85,#CAD9D6
170,7,85,#CAD9D6
171,7,85,#CAD9D6
172,7,85,#CAD9D7
173,7,85,#CAD9D7
174,7,85,#CAD9D7
175,7,85,#CAD9D7
176,7,85,#CAD9D8
177,7,85,#CAD9D8
178,7,85,#CAD9D8
179,7,85,#CAD9D8
180,7,85,#CAD9D9
181,7,85,#CAD8D9
182,7,85,#CAD8D9
183,7,85,#CAD8D9
184,7,85,#CAD8D9
185,7,85,#CAD7D9
186,7,85,#CAD7D9
187,7,85,#CAD7D9
188,7,85,#CAD7D9
189,7,85,#CAD6D9
190,7,85,#CAD6D9
191,7,85,#CAD6D9
192,7,85,#CAD6D9
193,7,85,#CAD5D9
194,7,85,#CAD5D9
195,7,85,#CAD5D9
196,7,85,#CAD5D9
197,7,85,#CAD4D9
198,7,85,#CAD4D9
199,7,85,#CAD4D9
200,7,85,#CAD4D9
201,7,85,#CAD3D9
202,7,85,#CAD3D9
203,7,85,#CAD3D9
204,7,85,#CAD3D9
205,7,85,#CAD2D9
206,7,85,#CAD2D9
207,7,85,#CAD2D9
208,7,85,#CAD2D9
209,7,85,#CAD1D9
210,7,85,#CAD1D9
211,7,85,#CAD1D9
212,7,85,#CAD1D9
213,7,85,#CAD0D9
214,7,85,#CAD0D9
215,7,85,#CAD0D9
216,7,85,#CAD0D9
217,7,85,#CACFD9
218,7,85,#CACFD9
219,7,85,#CACFD9
220,7,85,#CACFD9
221,7,85,#CACED9
222,7,85,#CACED9
223,7,85,#CACED9
224,7,85,#CACED9
225,7,85,#CACDD9
226,7,85,#CACDD9
227,7,85,#CACDD9
228,7,85,#CACDD9
229,7,85,#CACCD9
230,7,85,#CACCD9
231,7,85,#CACCD9
232,7,85,#CACCD9
233,7,85,#CACBD9
234,7,85,#CACBD9
235,7,85,#CACBD9
236,7,85,#CACBD9
237,7,85,#CACAD9
238,7,85,#CACAD9
239,7,85,#CACAD9
240,7,85,#CACAD9
241,7,85,#CACAD9
242,7,85,#CACAD9
243,7,85,#CACAD9
244,7,85,#CBCAD9
245,7,85,#CBCAD9
246,7,85,#CBCAD9
247,7,85,#CBCAD9
248,7,85,#CCCAD9
249,7,85,#CCCAD9
250,7,85,#CCCAD9
251,7,85,#CCCAD9
252,7,85,#CDCAD9
253,7,85,#CDCAD9
254,7,85,#CDCAD9
255,7,85,#CDCAD9
256,7,85,#CECAD9
257,7,85,#CECAD9
258,7,85,#CECAD9
259,7,85,#CECAD9
260,7,85,#CFCAD9
261,7,85,#CFCAD9
262,7,85,#CFCAD9
263,7,85,#CFCAD9
264,7,85,#D0CAD9
265,7,85,#D0CAD9
266,7,85,#D0CAD9
267,7,85,#D0CAD9
268,7,85,#D1CAD9
269,7,85,#D1CAD9
270,7,85,#D1CAD9
271,7,85,#D1CAD9
272,7,85,#D2CAD9
273,7,85,#D2CAD9
274,7,85,#D2CAD9
275,7,85,#D2CAD9
276,7,85,#D3CAD9
277,7,85,#D3CAD9
278,7,85,#D3CAD9
279,7,85,#D3CAD9
280,7,85,#D4CAD9
281,7,85,#D4CAD9
282,7,85,#D4CAD9
283,7,85,#D4CAD9
284,7,85,#D5CAD9
285,7,85,#D5CAD9
286,7,85,#D5CAD9
287,7,85,#D5CAD9
288,7,85,#D6CAD9
289,7,85,#D6CAD9
290,7,85,#D6CAD9
291,7,85,#D6CAD9
292,7,85,#D7CAD9
293,7,85,#D7CAD9
294,7,85,#D7CAD9
295,7,85,#D7CAD9
296,7,85,#D8CAD9
297,7,85,#D8CAD9
298,7,85,#D8CAD9
299,7,85,#D8CAD9
300,7,85,#D9CAD9
301,7,85,#D9CAD8
302,7,85,#D9CAD8
303,7,85,#D9CAD8
304,7,85,#D9CAD8
305,7,85,#D9CAD7
306,7,85,#D9CAD7
307,7,85,#D9CAD7
308,7,85,#D9CAD7
309,7,85,#D9CAD6
310,7,85,#D9CAD6
311,7,85,#D9CAD6
312,7,85,#D9CAD6
313,7,85,#D9CAD5
314,7,85,#D9CAD5
315,7,85,#D9CAD5
316,7,85,#D9CAD5
317,7,85,#D9CAD4
318,7,85,#D9CAD4
319,7,85,#D9CAD4
320,7,85,#D9CAD4
321,7,85,#D9CAD3
322,7,85,#D9CAD3
323,7,85,#D9CAD3
324,7,85,#D9CAD3
325,7,85,#D9CAD2
326,7,85,#D9CAD2
327,7,85,#D9CAD2
328,7,85,#D9CAD2
329,7,85,#D9CAD1
330,7,85,#D9CAD1
331,7,85,#D9CAD1
332,7,85,#D9CAD1
333,7,85,#D9CAD0
334,7,85,#D9CAD0
335,7,85,#D9CAD0
336,7,85,#D9CAD0
337,7,85,#D9CACF
338,7,85,#D9CACF
339,7,85,#D9CACF
340,7,85,#D9CACF
341,7,85,#D9CACE
342,7,85,#D9CACE
343,7,85,#D9CACE
344,7,85,#D9CACE
345,7,85,#D9CACD
346,7,85,#D9CACD
347,7,85,#D9CACD
348,7,85,#D9CACD
349,7,85,#D9CACC
350,7,85,#D9CACC
351,7,85,#D9CACC
352,7,85,#D9CACC
353,7,85,#D9CACB
354,7,85,#D9CACB
355,7,85,#D9CACB
356,7,85,#D9CACB
357,7,85,#D9CACA
358,7,85,#D9CACA
359,7,85,#D9CACA
0,6,85,#D9CCCC
1,6,85,#D9CCCC
2,6,85,#D9CCCC
3,6,85,#D9CCCC
4,6,85,#D9CDCC
5,6,85,#D9CDCC
6,6,85,#D9CDCC
7,6,85,#D9CDCC
8,6,85,#D9CDCC
9,6,85,#D9CECC
10,6,85,#D9CECC
11,6,85,#D9CECC
12,6,85,#D9CECC
13,6,85,#D9CFCC
14,6,85,#D9CFCC
15,6,85,#D9CFCC
16,6,85,#D9CFCC
17,6,85,#D9CFCC
18,6,85,#D9D0CC
19,6,85,#D9D0CC
20,6,85,#D9D0CC
21,6,85,#D9D0CC
22,6,85,#D9D1CC
23,6,85,#D9D1CC
24,6,85,#D9D1CC
25,6,85,#D9D1CC
26,6,85,#D9D1CC
27,6,85,#D9D2CC
28,6,85,#D9D2CC
29,6,85,#D9D2CC
30,6,85,#D9D2CC
31,6,85,#D9D2CC
32,6,85,#D9D3CC
33,6,85,#D9D3CC
34,6,85,#D9D3CC
35,6,85,#D9D3CC
36,6,85,#D9D4CC
37,6,85,#D9D4CC
38,6,85,#D9D4CC
39,6,85,#D9D4CC
40,6,85,#D9D4CC
41,6,85,#D9D5CC
42,6,85,#D9D5CC
43,6,85,#D9D5CC
44,6,85,#D9D5CC
45,6,85,#D9D5CC
46,6,85,#D9D6CC
47,6,85,#D9D6CC
48,6,85,#D9D6CC
49,6,85,#D9D6CC
50,6,85,#D9D7CC
51,6,85,#D9D7CC
52,6,85,#D9D7CC
53,6,85,#D9D7CC
54,6,85,#D9D7CC
55,6,85,#D9D8CC
56,6,85,#D9D8CC
57,6,85,#D9D8CC
58,6,85,#D9D8CC
59,6,85,#D9D9CC
60,6,85,#D9D9CC
61,6,85,#D9D9CC
62,6,85,#D8D9CC
63,6,85,#D8D9CC
64,6,85,#D8D9CC
65,6,85,#D8D9CC
66,6,85,#D7D9CC
67,6,85,#D7D9CC
68,6,85,#D7D9CC
69,6,85,#D7D9CC
70,6,85,#D7D9CC
71,6,85,#D6D9CC
72,6,85,#D6D9CC
73,6,85,#D6D9CC
74,6,85,#D6D9CC
75,6,85,#D5D9CC
76,6,85,#D5D9CC
77,6,85,#D5D9CC
78,6,85,#D5D9CC
79,6,85,#D5D9CC
80,6,85,#D4D9CC
81,6,85,#D4D9CC
82,6,85,#D4D9CC
83,6,85,#D4D9CC
84,6,85,#D4D9CC
85,6,85,#D3D9CC
86,6,85,#D3D9CC
87,6,85,#D3D9CC
88,6,85,#D3D9CC
89,6,85,#D2D9CC
90,6,85,#D2D9CC
91,6,85,#D2D9CC
92,6,85,#D2D9CC
93,6,85,#D2D9CC
94,6,85,#D1D9CC
95,6,85,#D1D9CC
96,6,85,#D1D9CC
97,6,85,#D1D9CC
98,6,85,#D1D9CC
99,6,85,#D0D9CC
100,6,85,#D0D9CC
101,6,85,#D0D9CC
102,6,85,#D0D9CC
103,6,85,#CFD9CC
104,6,85,#CFD9CC
105,6,85,#CFD9CC
106,6,85,#CFD9CC
107,6,85,#CFD9CC
108,6,85,#CED9CC
109,6,85,#CED9CC
110,6,85,#CED9CC
111,6,85,#CED9CC
112,6,85,#CDD9CC
113,6,85,#CDD9CC
114,6,85,#CDD9CC
115,6,85,#CDD9CC
116,6,85,#CDD9CC
117,6,85,#CCD9CC
118,6,85,#CCD9CC
119,6,85,#CCD9CC
120,6,85,#CCD9CC
121,6,85,#CCD9CC
122,6,85,#CCD9CC
123,6,85,#CCD9CC
124,6,85,#CCD9CD
125,6,85,#CCD9CD
126,6,85,#CCD9CD
127,6,85,#CCD9CD
128,6,85,#CCD9CD
129,6,85,#CCD9CE
130,6,85,#CCD9CE
131,6,85,#CCD9CE
132,6,85,#CCD9CE
133,6,85,#CCD9CF
134,6,85,#CCD9CF
135,6,85,#CCD9CF
136,6,85,#CCD9CF
137,6,85,#CCD9CF
138,6,85,#CCD9D0
139,6,85,#CCD9D0
140,6,85,#CCD9D0
141,6,85,#CCD9D0
142,6,85,#CCD9D1
143,6,85,#CCD9D1
144,6,85,#CCD9D1
145,6,85,#CCD9D1
146,6,85,#CCD9D1
147,6,85,#CCD9D2
148,6,85,#CCD9D2
149,6,85,#CCD9D2
150,6,85,#CCD9D2
151,6,85,#CCD9D2
152,6,85,#CCD9D3
153,6,85,#CCD9D3
154,6,85,#CCD9D3
155,6,85,#CCD9D3
156,6,85,#CCD9D4
157,6,85,#CCD9D4
158,6,85,#CCD9D4
159,6,85,#CCD9D4
160,6,85,#CCD9D4
161,6,85,#CCD9D5
162,6,85,#CCD9D5
163,6,85,#CCD9D5
164,6,85,#CCD9D5
165,6,85,#CCD9D5
166,6,85,#CCD9D6
167,6,85,#CCD9D6
168,6,85,#CCD9D6
169,6,85,#CCD9D6
170,6,85,#CCD9D7
171,6,85,#CCD9D7
172,6,85,#CCD9D7
173,6,85,#CCD9D7
174,6,85,#CCD9D7
175,6,85,#CCD9D8
176,6,85,#CCD9D8
177,6,85,#CCD9D8
178,6,85,#CCD9D8
179,6,85,#CCD9D9
180,6,85,#CCD9D9
181,6,85,#CCD9D9
182,6,85,#CCD8D9
183,6,85,#CCD8D9
184,6,85,#CCD8D9
185,6,85,#CCD8D9
186,6,85,#CCD7D9
187,6,85,#CCD7D9
188,6,85,#CCD7D9
189,6,85,#CCD7D9
190,6,85,#CCD7D9
191,6,85,#CCD6D9
192,6,85,#CCD6D9
193,6,85,#CCD6D9
194,6,85,#CCD6D9
195,6,85,#CCD5D9
196,6,85,#CCD5D9
197,6,85,#CCD5D9
198,6,85,#CCD5D9
199,6,85,#CCD5D9
200,6,85,#CCD4D9
201,6,85,#CCD4D9
202,6,85,#CCD4D9
203,6,85,#CCD4D9
204,6,85,#CCD4D9
205,6,85,#CCD3D9
206,6,85,#CCD3D9
207,6,85,#CCD3D9
208,6,85,#CCD3D9
209,6,85,#CCD2D9
210,6,85,#CCD2D9
211,6,85,#CCD2D9
212,6,85,#CCD2D9
213,6,85,#CCD2D9
214,6,85,#CCD1D9
215,6,85,#CCD1D9
216,6,85,#CCD1D9
217,6,85,#CCD1D9
218,6,85,#CCD1D9
219,6,85,#CCD0D9
220,6,85,#CCD0D9
221,6,85,#CCD0D9
222,6,85,#CCD0D9
223,6,85,#CCCFD9
224,6,85,#CCCFD9
225,6,85,#CCCFD9
226,6,85,#CCCFD9
227,6,85,#CCCFD9
228,6,85,#CCCED9
229,6,85,#CCCED9
230,6,85,#CCCED9
231,6,85,#CCCED9
232,6,85,#CCCDD9
233,6,85,#CCCDD9
234,6,85,#CCCDD9
235,6,85,#CCCDD9
236,6,85,#CCCDD9
237,6,85,#CCCCD9
238,6,85,#CCCCD9
239,6,85,#CCCCD9
240,6,85,#CCCCD9
241,6,85,#CCCCD9
242,6,85,#CCCCD9
243,6,85,#CCCCD9
244,6,85,#CDCCD9
245,6,85,#CDCCD9
246,6,85,#CDCCD9
247,6,85,#CDCCD9
248,6,85,#CDCCD9
249,6,85,#CECCD9
250,6,85,#CECCD9
251,6,85,#CECCD9
252,6,85,#CECCD9
253,6,85,#CFCCD9
254,6,85,#CFCCD9
255,6,85,#CFCCD9
256,6,85,#CFCCD9
257,6,85,#CFCCD9
258,6,85,#D0CCD9
259,6,85,#D0CCD9
260,6,85,#D0CCD9
261,6,85,#D0CCD9
262,6,85,#D1CCD9
263,6,85,#D1CCD9
264,6,85,#D1CCD9
265,6,85,#D1CCD9
266,6,85,#D1CCD9
267,6,85,#D2CCD9
268,6,85,#D2CCD9
269,6,85,#D2CCD9
270,6,85,#D2CCD9
271,6,85,#D2CCD9
272,6,85,#D3CCD9
273,6,85,#D3CCD9
274,6,85,#D3CCD9
275,6,85,#D3CCD9
276,6,85,#D4CCD9
277,6,85,#D4CCD9
278,6,85,#D4CCD9
279,6,85,#D4CCD9
280,6,85,#D4CCD9
281,6,85,#D5CCD9
282,6,85,#D5CCD9
283,6,85,#D5CCD9
284,6,85,#D5CCD9
285,6,85,#D5CCD9
286,6,85,#D6CCD9
287,6,85,#D6CCD9
288,6,85,#D6CCD9
289,6,85,#D6CCD9
290,6,85,#D7CCD9
291,6,85,#D7CCD9
292,6,85,#D7CCD9
293,6,85,#D7CCD9
294,6,85,#D7CCD9
295,6,85,#D8CCD9
296,6,85,#D8CCD9
297,6,85,#D8CCD9
298,6,85,#D8CCD9
299,6,85,#D9CCD9
300,6,85,#D9CCD9
301,6,85,#D9CCD9
302,6,85,#D9CCD8
303,6,85,#D9CCD8
304,6,85,#D9CCD8
305,6,85,#D9CCD8
306,6,85,#D9CCD7
307,6,85,#D9CCD7
308,6,85,#D9CCD7
309,6,85,#D9CCD7
310,6,85,#D9CCD7
311,6,85,#D9CCD6
312,6,85,#D9CCD6
313,6,85,#D9CCD6
314,6,85,#D9CCD6
315,6,85,#D9CCD5
316,6,85,#D9CCD5
317,6,85,#D9CCD5
318,6,85,#D9CCD5
319,6,85,#D9CCD5
320,6,85,#D9CCD4
321,6,85,#D9CCD4
322,6,85,#D9CCD4
323,6,85,#D9CCD4
324,6,85,#D9CCD4
325,6,85,#D9CCD3
326,6,85,#D9CCD3
327,6,85,#D9CCD3
328,6,85,#D9CCD3
329,6,85,#D9CCD2
330,6,85,#D9CCD2
331,6,85,#D9CCD2
332,6,85,#D9CCD2
333,6,85,#D9CCD2
334,6,85,#D9CCD1
335,6,85,#D9CCD1
336,6,85,#D9CCD1
337,6,85,#D9CCD1
338,6,85,#D9CCD1
339,6,85,#D9CCD0
340,6,85,#D9CCD0
341,6,85,#D9CCD0
342,6,85,#D9CCD0
343,6,85,#D9CCCF
344,6,85,#D9CCCF
345,6,85,#D9CCCF
346,6,85,#D9CCCF
347,6,85,#D9CCCF
348,6,85,#D9CCCE
349,6,85,#D9CCCE
350,6,85,#D9CCCE
351,6,85,#D9CCCE
352,6,85,#D9CCCD
353,6,85,#D9CCCD
354,6,85,#D9CCCD
355,6,85,#D9CCCD
356,6,85,#D9CCCD
357,6,85,#D9CCCC
358,6,85,#D9CCCC
359,6,85,#D9CCCC
0,5,85,#D9CECE
1,5,85,#D9CECE
2,5,85,#D9CECE
3,5,85,#D9CECE
4,5,85,#D9CFCE
5,5,85,#D9CFCE
6,5,85,#D9CFCE
7,5,85,#D9CFCE
8,5,85,#D9CFCE
9,5,85,#D9D0CE
10,5,85,#D9D0CE
11,5,85,#D9D0CE
12,5,85,#D9D0CE
13,5,85,#D9D0CE
14,5,85,#D9D0CE
15,5,85,#D9D1CE
16,5,85,#D9D1CE
17,5,85,#D9D1CE
18,5,85,#D9D1CE
19,5,85,#D9D1CE
20,5,85,#D9D2CE
21,5,85,#D9D2CE
22,5,85,#D9D2CE
23,5,85,#D9D2CE
24,5,85,#D9D2CE
25,5,85,#D9D2CE
26,5,85,#D9D3CE
27,5,85,#D9D3CE
28,5,85,#D9D3CE
29,5,85,#D9D3CE
30,5,85,#D9D3CE
31,5,85,#D9D4CE
32,5,85,#D9D4CE
33,5,85,#D9D4CE
34,5,85,#D9D4CE
35,5,85,#D9D4CE
36,5,85,#D9D4CE
37,5,85,#D9D5CE
38,5,85,#D9D5CE
39,5,85,#D9D5CE
40,5,85,#D9D5CE
41,5,85,#D9D5CE
42,5,85,#D9D5CE
43,5,85,#D9D6CE
44,5,85,#D9D6CE
45,5,85,#D9D6CE
46,5,85,#D9D6CE
47,5,85,#D9D6CE
48,5,85,#D9D7CE
49,5,85,#D9D7CE
50,5,85,#D9D7CE
51,5,85,#D9D7CE
52,5,85,#D9D7CE
53,5,85,#D9D7CE
54,5,85,#D9D8CE
55,5,85,#D9D8CE
56,5,85,#D9D8CE
57,5,85,#D9D8CE
58,5,85,#D9D8CE
59,5,85,#D9D9CE
60,5,85,#D9D9CE
61,5,85,#D9D9CE
62,5,85,#D8D9CE
63,5,85,#D8D9CE
64,5,85,#D8D9CE
65,5,85,#D8D9CE
66,5,85,#D8D9CE
67,5,85,#D7D9CE
68,5,85,#D7D9CE
69,5,85,#D7D9CE
70,5,85,#D7D9CE
71,5,85,#D7D9CE
72,5,85,#D7D9CE
73,5,85,#D6D9CE
74,5,85,#D6D9CE
75,5,85,#D6D9CE
76,5,85,#D6D9CE
77,5,85,#D6D9CE
78,5,85,#D5D9CE
79,5,85,#D5D9CE
80,5,85,#D5D9CE
81,5,85,#D5D9CE
82,5,85,#D5D9CE
83,5,85,#D5D9CE
84,5,85,#D4D9CE
85,5,85,#D4D9CE
86,5,85,#D4D9CE
87,5,85,#D4D9CE
88,5,85,#D4D9CE
89,5,85,#D4D9CE
90,5,85,#D3D9CE
91,5,85,#D3D9CE
92,5,85,#D3D9CE
93,5,85,#D3D9CE
94,5,85,#D3D9CE
95,5,85,#D2D9CE
96,5,85,#D2D9CE
97,5,85,#D2D9CE
98,5,85,#D2D9CE
99,5,85,#D2D9CE
100,5,85,#D2D9CE
101,5,85,#D1D9CE
102,5,85,#D1D9CE
103,5,85,#D1D9CE
104,5,85,#D1D9CE
105,5,85,#D1D9CE
106,5,85,#D0D9CE
107,5,85,#D0D9CE
108,5,85,#D0D9CE
109,5,85,#D0D9CE
110,5,85,#D0D9CE
111,5,85,#D0D9CE
112,5,85,#CFD9CE
113,5,85,#CFD9CE
114,5,85,#CFD9CE
115,5,85,#CFD9CE
116,5,85,#CFD9CE
117,5,85,#CED9CE
118,5,85,#CED9CE
119,5,85,#CED9CE
120,5,85,#CED9CE
121,5,85,#CED9CE
122,5,85,#CED9CE
123,5,85,#CED9CE
124,5,85,#CED9CF
125,5,85,#CED9CF
126,5,85,#CED9CF
127,5,85,#CED9CF
128,5,85,#CED9CF
129,5,85,#CED9D0
130,5,85,#CED9D0
131,5,85,#CED9D0
132,5,85,#CED9D0
133,5,85,#CED9D0
134,5,85,#CED9D0
135,5,85,#CED9D1
136,5,85,#CED9D1
137,5,85,#CED9D1
138,5,85,#CED9D1
139,5,85,#CED9D1
140,5,85,#CED9D2
141,5,85,#CED9D2
142,5,85,#CED9D2
143,5,85,#CED9D2
144,5,85,#CED9D2
145,5,85,#CED9D2
146,5,85,#CED9D3
147,5,85,#CED9D3
148,5,85,#CED9D3
149,5,85,#CED9D3
150,5,85,#CED9D3
151,5,85,#CED9D4
152,5,85,#CED9D4
153,5,85,#CED9D4
154,5,85,#CED9D4
155,5,85,#CED9D4
156,5,85,#CED9D4
157,5,85,#CED9D5
158,5,85,#CED9D5
159,5,85,#CED9D5
160,5,85,#CED9D5
161,5,85,#CED9D5
162,5,85,#CED9D5
163,5,85,#CED9D6
164,5,85,#CED9D6
165,5,85,#CED9D6
166,5,85,#CED9D6
167,5,85,#CED9D6
168,5,85,#CED9D7
169,5,85,#CED9D7
170,5,85,#CED9D7
171,5,85,#CED9D7
172,5,85,#CED9D7
173,5,85,#CED9D7
174,5,85,#CED9D8
175,5,85,#CED9D8
176,5,85,#CED9D8
177,5,85,#CED9D8
178,5,85,#CED9D8
179,5,85,#CED9D9
180,5,85,#CED9D9
181,5,85,#CED9D9
182,5,85,#CED8D9
183,5,85,#CED8D9
184,5,85,#CED8D9
185,5,85,#CED8D9
186,5,85,#CED8D9
187,5,85,#CED7D9
188,5,85,#CED7D9
189,5,85,#CED7D9
190,5,85,#CED7D9
191,5,85,#CED7D9
192,5,85,#CED7D9
193,5,85,#CED6D9
194,5,85,#CED6D9
195,5,85,#CED6D9
196,5,85,#CED6D9
197,5,85,#CED6D9
198,5,85,#CED5D9
199,5,85,#CED5D9
200,5,85,#CED5D9
201,5,85,#CED5D9
202,5,85,#CED5D9
203,5,85,#CED5D9
204,5,85,#CED4D9
205,5,85,#CED4D9
206,5,85,#CED4D9
207,5,85,#CED4D9
208,5,85,#CED4D9
209,5,85,#CED4D9
210,5,85,#CED3D9
211,5,85,#CED3D9
212,5,85,#CED3D9
213,5,85,#CED3D9
214,5,85,#CED3D9
215,5,85,#CED2D9
216,5,85,#CED2D9
217,5,85,#CED2D9
218,5,85,#CED2D9
219,5,85,#CED2D9
220,5,85,#CED2D9
221,5,85,#CED1D9
222,5,85,#CED1D9
223,5,85,#CED1D9
224,5,85,#CED1D9
225,5,85,#CED1D9
226,5,85,#CED0D9
227,5,85,#CED0D9
228,5,85,#CED0D9
229,5,85,#CED0D9
230,5,85,#CED0D9
231,5,85,#CED0D9
232,5,85,#CECFD9
233,5,85,#CECFD9
234,5,85,#CECFD9
235,5,85,#CECFD9
236,5,85,#CECFD9
237,5,85,#CECED9
238,5,85,#CECED9
239,5,85,#CECED9
240,5,85,#CECED9
241,5,85,#CECED9
242,5,85,#CECED9
243,5,85,#CECED9
244,5,85,#CFCED9
245,5,85,#CFCED9
246,5,85,#CFCED9
247,5,85,#CFCED9
248,5,85,#CFCED9
249,5,85,#D0CED9
250,5,85,#D0CED9
251,5,85,#D0CED9
252,5,85,#D0CED9
253,5,85,#D0CED9
254,5,85,#D0CED9
255,5,85,#D1CED9
256,5,85,#D1CED9
257,5,85,#D1CED9
258,5,85,#D1CED9
259,5,85,#D1CED9
260,5,85,#D2CED9
261,5,85,#D2CED9
262,5,85,#D2CED9
263,5,85,#D2CED9
264,5,85,#D2CED9
265,5,85,#D2CED9
266,5,85,#D3CED9
267,5,85,#D3CED9
268,5,85,#D3CED9
269,5,85,#D3CED9
270,5,85,#D3CED9
271,5,85,#D4CED9
272,5,85,#D4CED9
273,5,85,#D4CED9
274,5,85,#D4CED9
275,5,85,#D4CED9
276,5,85,#D4CED9
277,5,85,#D5CED9
278,5,85,#D5CED9
279,5,85,#D5CED9
280,5,85,#D5CED9
281,5,85,#D5CED9
282,5,85,#D5CED9
283,5,85,#D6CED9
284,5,85,#D6CED9
285,5,85,#D6CED9
286,5,85,#D6CED9
287,5,85,#D6CED9
288,5,85,#D7CED9
289,5,85,#D7CED9
290,5,85,#D7CED9
291,5,85,#D7CED9
292,5,85,#D7CED9
293,5,85,#D7CED9
294,5,85,#D8CED9
295,5,85,#D8CED9
296,5,85,#D8CED9
297,5,85,#D8CED9
298,5,85,#D8CED9
299,5,85,#D9CED9
300,5,85,#D9CED9
301,5,85,#D9CED9
302,5,85,#D9CED8
303,5,85,#D9CED8
304,5,85,#D9CED8
305,5,85,#D9CED8
306,5,85,#D9CED8
307,5,85,#D9CED7
308,5,85,#D9CED7
309,5,85,#D9CED7
310,5,85,#D9CED7
311,5,85,#D9CED7
312,5,85,#D9CED7
313,5,85,#D9CED6
314,5,85,#D9CED6
315,5,85,#D9CED6
316,5,85,#D9CED6
317,5,85,#D9CED6
318,5,85,#D9CED5
319,5,85,#D9CED5
320,5,85,#D9CED5
321,5,85,#D9CED5
322,5,85,#D9CED5
323,5,85,#D9CED5
324,5,85,#D9CED4
325,5,85,#D9CED4
326,5,85,#D9CED4
327,5,85,#D9CED4
328,5,85,#D9CED4
329,5,85,#D9CED4
330,5,85,#D9CED3
331,5,85,#D9CED3
332,5,85,#D9CED3
333,5,85,#D9CED3
334,5,85,#D9CED3
335,5,85,#D9CED2
336,5,85,#D9CED2
337,5,85,#D9CED2
338,5,85,#D9CED2
339,5,85,#D9CED2
340,5,85,#D9CED2
341,5,85,#D9CED1
342,5,85,#D9CED1
343,5,85,#D9CED1
344,5,85,#D9CED1
345,5,85,#D9CED1
346,5,85,#D9CED0
347,5,85,#D9CED0
348,5,85,#D9CED0
349,5,85,#D9CED0
350,5,85,#D9CED0
351,5,85,#D9CED0
352,5,85,#D9CECF
353,5,85,#D9CECF
354,5,85,#D9CECF
355,5,85,#D9CECF
356,5,85,#D9CECF
357,5,85,#D9CECE
358,5,85,#D9CECE
359,5,85,#D9CECE
0,4,85,#D9D0D0
1,4,85,#D9D0D0
2,4,85,#D9D0D0
3,4,85,#D9D1D0
4,4,85,#D9D1D0
5,4,85,#D9D1D0
6,4,85,#D9D1D0
7,4,85,#D9D1D0
8,4,85,#D9D1D0
9,4,85,#D9D1D0
10,4,85,#D9D2D0
11,4,85,#D9D2D0
12,4,85,#D9D2D0
13,4,85,#D9D2D0
14,4,85,#D9D2D0
15,4,85,#D9D2D0
16,4,85,#D9D2D0
17,4,85,#D9D3D0
18,4,85,#D9D3D0
19,4,85,#D9D3D0
20,4,85,#D9D3D0
21,4,85,#D9D3D0
22,4,85,#D9D3D0
23,4,85,#D9D3D0
24,4,85,#D9D4D0
25,4,85,#D9D4D0
26,4,85,#D9D4D0
27,4,85,#D9D4D0
28,4,85,#D9D4D0
29,4,85,#D9D4D0
30,4,85,#D9D4D0
31,4,85,#D9D5D0
32,4,85,#D9D5D0
33,4,85,#D9D5D0
34,4,85,#D9D5D0
35,4,85,#D9D5D0
36,4,85,#D9D5D0
37,4,85,#D9D5D0
38,4,85,#D9D6D0
39,4,85,#D9D6D0
40,4,85,#D9D6D0
41,4,85,#D9D6D0
42,4,85,#D9D6D0
43,4,85,#D9D6D0
44,4,85,#D9D6D0
45,4,85,#D9D7D0
46,4,85,#D9D7D0
47,4,85,#D9D7D0
48,4,85,#D9D7D0
49,4,85,#D9D7D0
50,4,85,#D9D7D0
51,4,85,#D9D7D0
52,4,85,#D9D8D0
53,4,85,#D9D8D0
54,4,85,#D9D8D0
55,4,85,#D9D8D0
56,4,85,#D9D8D0
57,4,85,#D9D8D0
58,4,85,#D9D8D0
59,4,85,#D9D9D0
60,4,85,#D9D9D0
61,4,85,#D9D9D0
62,4,85,#D8D9D0
63,4,85,#D8D9D0
64,4,85,#D8D9D0
65,4,85,#D8D9D0
66,4,85,#D8D9D0
67,4,85,#D8D9D0
68,4,85,#D8D9D0
69,4,85,#D7D9D0
70,4,85,#D7D9D0
71,4,85,#D7D9D0
72,4,85,#D7D9D0
73,4,85,#D7D9D0
74,4,85,#D7D9D0
75,4,85,#D7D9D0
76,4,85,#D6D9D0
77,4,85,#D6D9D0
78,4,85,#D6D9D0
79,4,85,#D6D9D0
80,4,85,#D6D9D0
81,4,85,#D6D9D0
82,4,85,#D6D9D0
83,4,85,#D5D9D0
84,4,85,#D5D9D0
85,4,85,#D5D9D0
86,4,85,#D5D9D0
87,4,85,#D5D9D0
88,4,85,#D5D9D0
89,4,85,#D5D9D0
90,4,85,#D4D9D0
91,4,85,#D4D9D0
92,4,85,#D4D9D0
93,4,85,#D4D9D0
94,4,85,#D4D9D0
95,4,85,#D4D9D0
96,4,85,#D4D9D0
97,4,85,#D3D9D0
98,4,85,#D3D9D0
99,4,85,#D3D9D0
100,4,85,#D3D9D0
101,4,85,#D3D9D0
102,4,85,#D3D9D0
103,4,85,#D3D9D0
104,4,85,#D2D9D0
105,4,85,#D2D9D0
106,4,85,#D2D9D0
107,4,85,#D2D9D0
108,4,85,#D2D9D0
109,4,85,#D2D9D0
110,4,85,#D2D9D0
111,4,85,#D1D9D0
112,4,85,#D1D9D0
113,4,85,#D1D9D0
114,4,85,#D1D9D0
115,4,85,#D1D9D0
116,4,85,#D1D9D0
117,4,85,#D1D9D0
118,4,85,#D0D9D0
119,4,85,#D0D9D0
120,4,85,#D0D9D0
121,4,85,#D0D9D0
122,4,85,#D0D9D0
123,4,85,#D0D9D1
124,4,85,#D0D9D1
125,4,85,#D0D9D1
126,4,85,#D0D9D1
127,4,85,#D0D9D1
128,4,85,#D0D9D1
129,4,85,#D0D9D1
130,4,85,#D0D9D2
131,4,85,#D0D9D2
132,4,85,#D0D9D2
133,4,85,#D0D9D2
134,4,85,#D0D9D2
135,4,85,#D0D9D2
136,4,85,#D0D9D2
137,4,85,#D0D9D3
138,4,85,#D0D9D3
139,4,85,#D0D9D3
140,4,85,#D0D9D3
141,4,85,#D0D9D3
142,4,85,#D0D9D3
143,4,85,#D0D9D3
144,4,85,#D0D9D4
145,4,85,#D0D9D4
146,4,85,#D0D9D4
147,4,85,#D0D9D4
148,4,85,#D0D9D4
149,4,85,#D0D9D4
150,4,85,#D0D9D4
151,4,85,#D0D9D5
152,4,85,#D0D9D5
153,4,85,#D0D9D5
154,4,85,#D0D9D5
155,4,85,#D0D9D5
156,4,85,#D0D9D5
157,4,85,#D0D9D5
158,4,85,#D0D9D6
159,4,85,#D0D9D6
160,4,85,#D0D9D6
161,4,85,#D0D9D6
162,4,85,#D0D9D6
163,4,85,#D0D9D6
164,4,85,#D0D9D6
165,4,85,#D0D9D7
166,4,85,#D0D9D7
167,4,85,#D0D9D7
168,4,85,#D0D9D7
169,4,85,#D0D9D7
170,4,85,#D0D9D7
171,4,85,#D0D9D7
172,4,85,#D0D9D8
173,4,85,#D0D9D8
174,4,85,#D0D9D8
175,4,85,#D0D9D8
176,4,85,#D0D9D8
177,4,85,#D0D9D8
178,4,85,#D0D9D8
179,4,85,#D0D9D9
180,4,85,#D0D9D9
181,4,85,#D0D9D9
182,4,85,#D0D8D9
183,4,85,#D0D8D9
184,4,85,#D0D8D9
185,4,85,#D0D8D9
186,4,85,#D0D8D9
187,4,85,#D0D8D9
188,4,85,#D0D8D9
189,4,85,#D0D7D9
190,4,85,#D0D7D9
191,4,85,#D0D7D9
192,4,85,#D0D7D9
193,4,85,#D0D7D9
194,4,85,#D0D7D9
195,4,85,#D0D7D9
196,4,85,#D0D6D9
197,4,85,#D0D6D9
198,4,85,#D0D6D9
199,4,85,#D0D6D9
200,4,85,#D0D6D9
201,4,85,#D0D6D9
202,4,85,#D0D6D9
203,4,85,#D0D5D9
204,4,85,#D0D5D9
205,4,85,#D0D5D9
206,4,85,#D0D5D9
207,4,85,#D0D5D9
208,4,85,#D0D5D9
209,4,85,#D0D5D9
210,4,85,#D0D4D9
211,4,85,#D0D4D9
212,4,85,#D0D4D9
213,4,85,#D0D4D9
214,4,85,#D0D4D9
215,4,85,#D0D4D9
216,4,85,#D0D4D9
217,4,85,#D0D3D9
218,4,85,#D0D3D9
219,4,85,#D0D3D9
220,4,85,#D0D3D9
221,4,85,#D0D3D9
222,4,85,#D0D3D9
223,4,85,#D0D3D9
224,4,85,#D0D2D9
225,4,85,#D0D2D9
226,4,85,#D0D2D9
227,4,85,#D0D2D9
228,4,85,#D0D2D9
229,4,85,#D0D2D9
230,4,85,#D0D2D9
231,4,85,#D0D1D9
232,4,85,#D0D1D9
233,4,85,#D0D1D9
234,4,85,#D0D1D9
235,4,85,#D0D1D9
236,4,85,#D0D1D9
237,4,85,#D0D1D9
238,4,85,#D0D0D9
239,4,85,#D0D0D9
240,4,85,#D0D0D9
241,4,85,#D0D0D9
242,4,85,#D0D0D9
243,4,85,#D1D0D9
244,4,85,#D1D0D9
245,4,85,#D1D0D9
246,4,85,#D1D0D9
247,4,85,#D1D0D9
248,4,85,#D1D0D9
249,4,85,#D1D0D9
250,4,85,#D2D0D9
251,4,85,#D2D0D9
252,4,85,#D2D0D9
253,4,85,#D2D0D9
254,4,85,#D2D0D9
255,4,85,#D2D0D9
256,4,85,#D2D0D9
257,4,85,#D3D0D9
258,4,85,#D3D0D9
259,4,85,#D3D0D9
260,4,85,#D3D0D9
261,4,85,#D3D0D9
262,4,85,#D3D0D9
263,4,85,#D3D0D9
264,4,85,#D4D0D9
265,4,85,#D4D0D9
266,4,85,#D4D0D9
267,4,85,#D4D0D9
268,4,85,#D4D0D9
269,4,85,#D4D0D9
270,4,85,#D4D0D9
271,4,85,#D5D0D9
272,4,85,#D5D0D9
273,4,85,#D5D0D9
274,4,85,#D5D0D9
275,4,85,#D5D0D9
276,4,85,#D5D0D9
277,4,85,#D5D0D9
278,4,85,#D6D0D9
279,4,85,#D6D0D9
280,4,85,#D6D0D9
281,4,85,#D6D0D9
282,4,85,#D6D0D9
283,4,85,#D6D0D9
284,4,85,#D6D0D9
285,4,85,#D7D0D9
286,4,85,#D7D0D9
287,4,85,#D7D0D9
288,4,85,#D7D0D9
289,4,85,#D7D0D9
290,4,85,#D7D0D9
291,4,85,#D7D0D9
292,4,85,#D8D0D9
293,4,85,#D8D0D9
294,4,85,#D8D0D9
295,4,85,#D8D0D9
296,4,85,#D8D0D9
297,4,85,#D8D0D9
298,4,85,#D8D0D9
299,4,85,#D9D0D9
300,4,85,#D9D0D9
301,4,85,#D9D0D9
302,4,85,#D9D0D8
303,4,85,#D9D0D8
304,4,85,#D9D0D8
305,4,85,#D9D0D8
306,4,85,#D9D0D8
307,4,85,#D9D0D8
308,4,85,#D9D0D8
309,4,85,#D9D0D7
310,4,85,#D9D0D7
311,4,85,#D9D0D7
312,4,85,#D9D0D7
313,4,85,#D9D0D7
314,4,85,#D9D0D7
315,4,85,#D9D0D7
316,4,85,#D9D0D6
317,4,85,#D9D0D6
318,4,85,#D9D0D6
319,4,85,#D9D0D6
320,4,85,#D9D0D6
321,4,85,#D9D0D6
322,4,85,#D9D0D6
323,4,85,#D9D0D5
324,4,85,#D9D0D5
325,4,85,#D9D0D5
326,4,85,#D9D0D5
327,4,85,#D9D0D5
328,4,85,#D9D0D5
329,4,85,#D9D0D5
330,4,85,#D9D0D4
331,4,85,#D9D0D4
332,4,85,#D9D0D4
333,4,85,#D9D0D4
334,4,85,#D9D0D4
335,4,85,#D9D0D4
336,4,85,#D9D0D4
337,4,85,#D9D0D3
338,4,85,#D9D0D3
339,4,85,#D9D0D3
340,4,85,#D9D0D3
341,4,85,#D9D0D3
342,4,85,#D9D0D3
343,4,85,#D9D0D3
344,4,85,#D9D0D2
345,4,85,#D9D0D2
346,4,85,#D9D0D2
347,4,85,#D9D0D2
348,4,85,#D9D0D2
349,4,85,#D9D0D2
350,4,85,#D9D0D2
351,4,85,#D9D0D1
352,4,85,#D9D0D1
353,4,85,#D9D0D1
354,4,85,#D9D0D1
355,4,85,#D9D0D1
356,4,85,#D9D0D1
357,4,85,#D9D0D1
358,4,85,#D9D0D0
359,4,85,#D9D0D0
0,3,85,#D9D2D2
1,3,85,#D9D2D2
2,3,85,#D9D2D2
3,3,85,#D9D3D2
4,3,85,#D9D3D2
5,3,85,#D9D3D2
6,3,85,#D9D3D2
7,3,85,#D9D3D2
8,3,85,#D9D3D2
9,3,85,#D9D3D2
10,3,85,#D9D3D2
11,3,85,#D9D3D2
12,3,85,#D9D4D2
13,3,85,#D9D4D2
14,3,85,#D9D4D2
15,3,85,#D9D4D2
16,3,85,#D9D4D2
17,3,85,#D9D4D2
18,3,85,#D9D4D2
19,3,85,#D9D4D2
20,3,85,#D9D4D2
21,3,85,#D9D5D2
22,3,85,#D9D5D2
23,3,85,#D9D5D2
24,3,85,#D9D5D2
25,3,85,#D9D5D2
26,3,85,#D9D5D2
27,3,85,#D9D5D2
28,3,85,#D9D5D2
29,3,85,#D9D5D2
30,3,85,#D9D5D2
31,3,85,#D9D6D2
32,3,85,#D9D6D2
33,3,85,#D9D6D2
34,3,85,#D9D6D2
35,3,85,#D9D6D2
36,3,85,#D9D6D2
37,3,85,#D9D6D2
38,3,85,#D9D6D2
39,3,85,#D9D6D2
40,3,85,#D9D7D2
41,3,85,#D9D7D2
42,3,85,#D9D7D2
43,3,85,#D9D7D2
44,3,85,#D9D7D2
45,3,85,#D9D7D2
46,3,85,#D9D7D2
47,3,85,#D9D7D2
48,3,85,#D9D7D2
49,3,85,#D9D8D2
50,3,85,#D9D8D2
51,3,85,#D9D8D2
52,3,85,#D9D8D2
53,3,85,#D9D8D2
54,3,85,#D9D8D2
55,3,85,#D9D8D2
56,3,85,#D9D8D2
57,3,85,#D9D8D2
58,3,85,#D9D9D2
59,3,85,#D9D9D2
60,3,85,#D9D9D2
61,3,85,#D9D9D2
62,3,85,#D9D9D2
63,3,85,#D8D9D2
64,3,85,#D8D9D2
65,3,85,#D8D9D2
66,3,85,#D8D9D2
67,3,85,#D8D9D2
68,3,85,#D8D9D2
69,3,85,#D8D9D2
70,3,85,#D8D9D2
71,3,85,#D8D9D2
72,3,85,#D7D9D2
73,3,85,#D7D9D2
74,3,85,#D7D9D2
75,3,85,#D7D9D2
76,3,85,#D7D9D2
77,3,85,#D7D9D2
78,3,85,#D7D9D2
79,3,85,#D7D9D2
80,3,85,#D7D9D2
81,3,85,#D6D9D2
82,3,85,#D6D9D2
83,3,85,#D6D9D2
84,3,85,#D6D9D2
85,3,85,#D6D9D2
86,3,85,#D6D9D2
87,3,85,#D6D9D2
88,3,85,#D6D9D2
89,3,85,#D6D9D2
90,3,85,#D5D9D2
91,3,85,#D5D9D2
92,3,85,#D5D9D2
93,3,85,#D5D9D2
94,3,85,#D5D9D2
95,3,85,#D5D9D2
96,3,85,#D5D9D2
97,3,85,#D5D9D2
98,3,85,#D5D9D2
99,3,85,#D5D9D2
100,3,85,#D4D9D2
101,3,85,#D4D9D2
102,3,85,#D4D9D2
103,3,85,#D4D9D2
104,3,85,#D4D9D2
105,3,85,#D4D9D2
106,3,85,#D4D9D2
107,3,85,#D4D9D2
108,3,85,#D4D9D2
109,3,85,#D3D9D2
110,3,85,#D3D9D2
111,3,85,#D3D9D2
112,3,85,#D3D9D2
113,3,85,#D3D9D2
114,3,85,#D3D9D2
115,3,85,#D3D9D2
116,3,85,#D3D9D2
117,3,85,#D3D9D2
118,3,85,#D2D9D2
119,3,85,#D2D9D2
120,3,85,#D2D9D2
121,3,85,#D2D9D2
122,3,85,#D2D9D2
123,3,85,#D2D9D3
124,3,85,#D2D9D3
125,3,85,#D2D9D3
126,3,85,#D2D9D3
127,3,85,#D2D9D3
128,3,85,#D2D9D3
129,3,85,#D2D9D3
130,3,85,#D2D9D3
131,3,85,#D2D9D3
132,3,85,#D2D9D4
133,3,85,#D2D9D4
134,3,85,#D2D9D4
135,3,85,#D2D9D4
136,3,85,#D2D9D4
137,3,85,#D2D9D4
138,3,85,#D2D9D4
139,3,85,#D2D9D4
140,3,85,#D2D9D4
141,3,85,#D2D9D5
142,3,85,#D2D9D5
143,3,85,#D2D9D5
144,3,85,#D2D9D5
145,3,85,#D2D9D5
146,3,85,#D2D9D5
147,3,85,#D2D9D5
148,3,85,#D2D9D5
149,3,85,#D2D9D5
150,3,85,#D2D9D5
151,3,85,#D2D9D6
152,3,85,#D2D9D6
153,3,85,#D2D9D6
154,3,85,#D2D9D6
155,3,85,#D2D9D6
156,3,85,#D2D9D6
157,3,85,#D2D9D6
158,3,85,#D2D9D6
159,3,85,#D2D9D6
160,3,85,#D2D9D7
161,3,85,#D2D9D7
162,3,85,#D2D9D7
163,3,85,#D2D9D7
164,3,85,#D2D9D7
165,3,85,#D2D9D7
166,3,85,#D2D9D7
167,3,85,#D2D9D7
168,3,85,#D2D9D7
169,3,85,#D2D9D8
170,3,85,#D2D9D8
171,3,85,#D2D9D8
172,3,85,#D2D9D8
173,3,85,#D2D9D8
174,3,85,#D2D9D8
175,3,85,#D2D9D8
176,3,85,#D2D9D8
177,3,85,#D2D9D8
178,3,85,#D2D9D9
179,3,85,#D2D9D9
180,3,85,#D2D9D9
181,3,85,#D2D9D9
182,3,85,#D2D9D9
183,3,85,#D2D8D9
184,3,85,#D2D8D9
185,3,85,#D2D8D9
186,3,85,#D2D8D9
187,3,85,#D2D8D9
188,3,85,#D2D8D9
189,3,85,#D2D8D9
190,3,85,#D2D8D9
191,3,85,#D2D8D9
192,3,85,#D2D7D9
193,3,85,#D2D7D9
194,3,85,#D2D7D9
195,3,85,#D2D7D9
196,3,85,#D2D7D9
197,3,85,#D2D7D9
198,3,85,#D2D7D9
199,3,85,#D2D7D9
200,3,85,#D2D7D9
201,3,85,#D2D6D9
202,3,85,#D2D6D9
203,3,85,#D2D6D9
204,3,85,#D2D6D9
205,3,85,#D2D6D9
206,3,85,#D2D6D9
207,3,85,#D2D6D9
208,3,85,#D2D6D9
209,3,85,#D2D6D9
210,3,85,#D2D5D9
211,3,85,#D2D5D9
212,3,85,#D2D5D9
213,3,85,#D2D5D9
214,3,85,#D2D5D9
215,3,85,#D2D5D9
216,3,85,#D2D5D9
217,3,85,#D2D5D9
218,3,85,#D2D5D9
219,3,85,#D2D5D9
220,3,85,#D2D4D9
221,3,85,#D2D4D9
222,3,85,#D2D4D9
223,3,85,#D2D4D9
224,3,85,#D2D4D9
225,3,85,#D2D4D9
226,3,85,#D2D4D9
227,3,85,#D2D4D9
228,3,85,#D2D4D9
229,3,85,#D2D3D9
230,3,85,#D2D3D9
231,3,85,#D2D3D9
232,3,85,#D2D3D9
233,3,85,#D2D3D9
234,3,85,#D2D3D9
235,3,85,#D2D3D9
236,3,85,#D2D3D9
237,3,85,#D2D3D9
238,3,85,#D2D2D9
239,3,85,#D2D2D9
240,3,85,#D2D2D9
241,3,85,#D2D2D9
242,3,85,#D2D2D9
243,3,85,#D3D2D9
244,3,85,#D3D2D9
245,3,85,#D3D2D9
246,3,85,#D3D2D9
247,3,85,#D3D2D9
248,3,85,#D3D2D9
249,3,85,#D3D2D9
250,3,85,#D3D2D9
251,3,85,#D3D2D9
252,3,85,#D4D2D9
253,3,85,#D4D2D9
254,3,85,#D4D2D9
255,3,85,#D4D2D9
256,3,85,#D4D2D9
257,3,85,#D4D2D9
258,3,85,#D4D2D9
259,3,85,#D4D2D9
260,3,85,#D4D2D9
261,3,85,#D5D2D9
262,3,85,#D5D2D9
263,3,85,#D5D2D9
264,3,85,#D5D2D9
265,3,85,#D5D2D9
266,3,85,#D5D2D9
267,3,85,#D5D2D9
268,3,85,#D5D2D9
269,3,85,#D5D2D9
270,3,85,#D5D2D9
271,3,85,#D6D2D9
272,3,85,#D6D2D9
273,3,85,#D6D2D9
274,3,85,#D6D2D9
275,3,85,#D6D2D9
276,3,85,#D6D2D9
277,3,85,#D6D2D9
278,3,85,#D6D2D9
279,3,85,#D6D2D9
280,3,85,#D7D2D9
281,3,85,#D7D2D9
282,3,85,#D7D2D9
283,3,85,#D7D2D9
284,3,85,#D7D2D9
285,3,85,#D7D2D9
286,3,85,#D7D2D9
287,3,85,#D7D2D9
288,3,85,#D7D2D9
289,3,85,#D8D2D9
290,3,85,#D8D2D9
291,3,85,#D8D2D9
292,3,85,#D8D2D9
293,3,85,#D8D2D9
294,3,85,#D8D2D9
295,3,85,#D8D2D9
296,3,85,#D8D2D9
297,3,85,#D8D2D9
298,3,85,#D9D2D9
299,3,85,#D9D2D9
300,3,85,#D9D2D9
301,3,85,#D9D2D9
302,3,85,#D9D2D9
303,3,85,#D9D2D8
304,3,85,#D9D2D8
305,3,85,#D9D2D8
306,3,85,#D9D2D8
307,3,85,#D9D2D8
308,3,85,#D9D2D8
309,3,85,#D9D2D8
310,3,85,#D9D2D8
311,3,85,#D9D2D8
312,3,85,#D9D2D7
313,3,85,#D9D2D7
314,3,85,#D9D2D7
315,3,85,#D9D2D7
316,3,85,#D9D2D7
317,3,85,#D9D2D7
318,3,85,#D9D2D7
319,3,85,#D9D2D7
320,3,85,#D9D2D7
321,3,85,#D9D2D6
322,3,85,#D9D2D6
323,3,85,#D9D2D6
324,3,85,#D9D2D6
325,3,85,#D9D2D6
326,3,85,#D9D2D6
327,3,85,#D9D2D6
328,3,85,#D9D2D6
329,3,85,#D9D2D6
330,3,85,#D9D2D5
331,3,85,#D9D2D5
332,3,85,#D9D2D5
333,3,85,#D9D2D5
334,3,85,#D9D2D5
335,3,85,#D9D2D5
336,3,85,#D9D2D5
337,3,85,#D9D2D5
338,3,85,#D9D2D5
339,3,85,#D9D2D5
340,3,85,#D9D2D4
341,3,85,#D9D2D4
342,3,85,#D9D2D4
343,3,85,#D9D2D4
344,3,85,#D9D2D4
345,3,85,#D9D2D4
346,3,85,#D9D2D4
347,3,85,#D9D2D4
348,3,85,#D9D2D4
349,3,85,#D9D2D3
350,3,85,#D9D2D3
351,3,85,#D9D2D3
352,3,85,#D9D2D3
353,3,85,#D9D2D3
354,3,85,#D9D2D3
355,3,85,#D9D2D3
356,3,85,#D9D2D3
357,3,85,#D9D2D3
358,3,85,#D9D2D2
359,3,85,#D9D2D2
0,2,85,#D9D4D4
1,2,85,#D9D4D4
2,2,85,#D9D5D4
3,2,85,#D9D5D4
4,2,85,#D9D5D4
5,2,85,#D9D5D4
6,2,85,#D9D5D4
7,2,85,#D9D5D4
8,2,85,#D9D5D4
9,2,85,#D9D5D4
10,2,85,#D9D5D4
11,2,85,#D9D5D4
12,2,85,#D9D5D4
13,2,85,#D9D5D4
14,2,85,#D9D5D4
15,2,85,#D9D5D4
16,2,85,#D9D6D4
17,2,85,#D9D6D4
18,2,85,#D9D6D4
19,2,85,#D9D6D4
20,2,85,#D9D6D4
21,2,85,#D9D6D4
22,2,85,#D9D6D4
23,2,85,#D9D6D4
24,2,85,#D9D6D4
25,2,85,#D9D6D4
26,2,85,#D9D6D4
27,2,85,#D9D6D4
28,2,85,#D9D6D4
29,2,85,#D9D7D4
30,2,85,#D9D7D4
31,2,85,#D9D7D4
32,2,85,#D9D7D4
33,2,85,#D9D7D4
34,2,85,#D9D7D4
35,2,85,#D9D7D4
36,2,85,#D9D7D4
37,2,85,#D9D7D4
38,2,85,#D9D7D4
39,2,85,#D9D7D4
40,2,85,#D9D7D4
41,2,85,#D9D7D4
42,2,85,#D9D7D4
43,2,85,#D9D8D4
44,2,85,#D9D8D4
45,2,85,#D9D8D4
46,2,85,#D9D8D4
47,2,85,#D9D8D4
48,2,85,#D9D8D4
49,2,85,#D9D8D4
50,2,85,#D9D8D4
51,2,85,#D9D8D4
52,2,85,#D9D8D4
53,2,85,#D9D8D4
54,2,85,#D9D8D4
55,2,85,#D9D8D4
56,2,85,#D9D8D4
57,2,85,#D9D9D4
58,2,85,#D9D9D4
59,2,85,#D9D9D4
60,2,85,#D9D9D4
61,2,85,#D9D9D4
62,2,85,#D9D9D4
63,2,85,#D9D9D4
64,2,85,#D8D9D4
65,2,85,#D8D9D4
66,2,85,#D8D9D4
67,2,85,#D8D9D4
68,2,85,#D8D9D4
69,2,85,#D8D9D4
70,2,85,#D8D9D4
71,2,85,#D8D9D4
72,2,85,#D8D9D4
73,2,85,#D8D9D4
74,2,85,#D8D9D4
75,2,85,#D8D9D4
76,2,85,#D8D9D4
77,2,85,#D8D9D4
78,2,85,#D7D9D4
79,2,85,#D7D9D4
80,2,85,#D7D9D4
81,2,85,#D7D9D4
82,2,85,#D7D9D4
83,2,85,#D7D9D4
84,2,85,#D7D9D4
85,2,85,#D7D9D4
86,2,85,#D7D9D4
87,2,85,#D7D9D4
88,2,85,#D7D9D4
89,2,85,#D7D9D4
90,2,85,#D7D9D4
91,2,85,#D7D9D4
92,2,85,#D6D9D4
93,2,85,#D6D9D4
94,2,85,#D6D9D4
95,2,85,#D6D9D4
96,2,85,#D6D9D4
97,2,85,#D6D9D4
98,2,85,#D6D9D4
99,2,85,#D6D9D4
100,2,85,#D6D9D4
101,2,85,#D6D9D4
102,2,85,#D6D9D4
103,2,85,#D6D9D4
104,2,85,#D6D9D4
105,2,85,#D5D9D4
106,2,85,#D5D9D4
107,2,85,#D5D9D4
108,2,85,#D5D9D4
109,2,85,#D5D9D4
110,2,85,#D5D9D4
111,2,85,#D5D9D4
112,2,85,#D5D9D4
113,2,85,#D5D9D4
114,2,85,#D5D9D4
115,2,85,#D5D9D4
116,2,85,#D5D9D4
117,2,85,#D5D9D4
118,2,85,#D5D9D4
119,2,85,#D4D9D4
120,2,85,#D4D9D4
121,2,85,#D4D9D4
122,2,85,#D4D9D5
123,2,85,#D4D9D5
124,2,85,#D4D9D5
125,2,85,#D4D9D5
126,2,85,#D4D9D5
127,2,85,#D4D9D5
128,2,85,#D4D9D5
129,2,85,#D4D9D5
130,2,85,#D4D9D5
131,2,85,#D4D9D5
132,2,85,#D4D9D5
133,2,85,#D4D9D5
134,2,85,#D4D9D5
135,2,85,#D4D9D5
136,2,85,#D4D9D6
137,2,85,#D4D9D6
138,2,85,#D4D9D6
139,2,85,#D4D9D6
140,2,85,#D4D9D6
141,2,85,#D4D9D6
142,2,85,#D4D9D6
143,2,85,#D4D9D6
144,2,85,#D4D9D6
145,2,85,#D4D9D6
146,2,85,#D4D9D6
147,2,85,#D4D9D6
148,2,85,#D4D9D6
149,2,85,#D4D9D7
150,2,85,#D4D9D7
151,2,85,#D4D9D7
152,2,85,#D4D9D7
153,2,85,#D4D9D7
154,2,85,#D4D9D7
155,2,85,#D4D9D7
156,2,85,#D4D9D7
157,2,85,#D4D9D7
158,2,85,#D4D9D7
159,2,85,#D4D9D7
160,2,85,#D4D9D7
161,2,85,#D4D9D7
162,2,85,#D4D9D7
163,2,85,#D4D9D8
164,2,85,#D4D9D8
165,2,85,#D4D9D8
166,2,85,#D4D9D8
167,2,85,#D4D9D8
168,2,85,#D4D9D8
169,2,85,#D4D9D8
170,2,85,#D4D9D8
171,2,85,#D4D9D8
172,2,85,#D4D9D8
173,2,85,#D4D9D8
174,2,85,#D4D9D8
175,2,85,#D4D9D8
176,2,85,#D4D9D8
177,2,85,#D4D9D9
178,2,85,#D4D9D9
179,2,85,#D4D9D9
180,2,85,#D4D9D9
181,2,85,#D4D9D9
182,2,85,#D4D9D9
183,2,85,#D4D9D9
184,2,85,#D4D8D9
185,2,85,#D4D8D9
186,2,85,#D4D8D9
187,2,85,#D4D8D9
188,2,85,#D4D8D9
189,2,85,#D4D8D9
190,2,85,#D4D8D9
191,2,85,#D4D8D9
192,2,85,#D4D8D9
193,2,85,#D4D8D9
194,2,85,#D4D8D9
195,2,85,#D4D8D9
196,2,85,#D4D8D9
197,2,85,#D4D8D9
198,2,85,#D4D7D9
199,2,85,#D4D7D9
200,2,85,#D4D7D9
201,2,85,#D4D7D9
202,2,85,#D4D7D9
203,2,85,#D4D7D9
204,2,85,#D4D7D9
205,2,85,#D4D7D9
206,2,85,#D4D7D9
207,2,85,#D4D7D9
208,2,85,#D4D7D9
209,2,85,#D4D7D9
210,2,85,#D4D7D9
211,2,85,#D4D7D9
212,2,85,#D4D6D9
213,2,85,#D4D6D9
214,2,85,#D4D6D9
215,2,85,#D4D6D9
216,2,85,#D4D6D9
217,2,85,#D4D6D9
218,2,85,#D4D6D9
219,2,85,#D4D6D9
220,2,85,#D4D6D9
221,2,85,#D4D6D9
222,2,85,#D4D6D9
223,2,85,#D4D6D9
224,2,85,#D4D6D9
225,2,85,#D4D5D9
226,2,85,#D4D5D9
227,2,85,#D4D5D9
228,2,85,#D4D5D9
229,2,85,#D4D5D9
230,2,85,#D4D5D9
231,2,85,#D4D5D9
232,2,85,#D4D5D9
233,2,85,#D4D5D9
234,2,85,#D4D5D9
235,2,85,#D4D5D9
236,2,85,#D4D5D9
237,2,85,#D4D5D9
238,2,85,#D4D5D9
239,2,85,#D4D4D9
240,2,85,#D4D4D9
241,2,85,#D4D4D9
242,2,85,#D5D4D9
243,2,85,#D5D4D9
244,2,85,#D5D4D9
245,2,85,#D5D4D9
246,2,85,#D5D4D9
247,2,85,#D5D4D9
248,2,85,#D5D4D9
249,2,85,#D5D4D9
250,2,85,#D5D4D9
251,2,85,#D5D4D9
252,2,85,#D5D4D9
253,2,85,#D5D4D9
254,2,85,#D5D4D9
255,2,85,#D5D4D9
256,2,85,#D6D4D9
257,2,85,#D6D4D9
258,2,85,#D6D4D9
259,2,85,#D6D4D9
260,2,85,#D6D4D9
261,2,85,#D6D4D9
262,2,85,#D6D4D9
263,2,85,#D6D4D9
264,2,85,#D6D4D9
265,2,85,#D6D4D9
266,2,85,#D6D4D9
267,2,85,#D6D4D9
268,2,85,#D6D4D9
269,2,85,#D7D4D9
270,2,85,#D7D4D9
271,2,85,#D7D4D9
272,2,85,#D7D4D9
273,2,85,#D7D4D9
274,2,85,#D7D4D9
275,2,85,#D7D4D9
276,2,85,#D7D4D9
277,2,85,#D7D4D9
278,2,85,#D7D4D9
279,2,85,#D7D4D9
280,2,85,#D7D4D9
281,2,85,#D7D4D9
282,2,85,#D7D4D9
283,2,85,#D8D4D9
284,2,85,#D8D4D9
285,2,85,#D8D4D9
286,2,85,#D8D4D9
287,2,85,#D8D4D9
288,2,85,#D8D4D9
289,2,85,#D8D4D9
290,2,85,#D8D4D9
291,2,85,#D8D4D9
292,2,85,#D8D4D9
293,2,85,#D8D4D9
294,2,85,#D8D4D9
295,2,85,#D8D4D9
296,2,85,#D8D4D9
297,2,85,#D9D4D9
298,2,85,#D9D4D9
299,2,85,#D9D4D9
300,2,85,#D9D4D9
301,2,85,#D9D4D9
302,2,85,#D9D4D9
303,2,85,#D9D4D9
304,2,85,#D9D4D8
305,2,85,#D9D4D8
306,2,85,#D9D4D8
307,2,85,#D9D4D8
308,2,85,#D9D4D8
309,2,85,#D9D4D8
310,2,85,#D9D4D8
311,2,85,#D9D4D8
312,2,85,#D9D4D8
313,2,85,#D9D4D8
314,2,85,#D9D4D8
315,2,85,#D9D4D8
316,2,85,#D9D4D8
317,2,85,#D9D4D8
318,2,85,#D9D4D7
319,2,85,#D9D4D7
320,2,85,#D9D4D7
321,2,85,#D9D4D7
322,2,85,#D9D4D7
323,2,85,#D9D4D7
324,2,85,#D9D4D7
325,2,85,#D9D4D7
326,2,85,#D9D4D7
327,2,85,#D9D4D7
328,2,85,#D9D4D7
329,2,85,#D9D4D7
330,2,85,#D9D4D7
331,2,85,#D9D4D7
332,2,85,#D9D4D6
333,2,85,#D9D4D6
334,2,85,#D9D4D6
335,2,85,#D9D4D6
336,2,85,#D9D4D6
337,2,85,#D9D4D6
338,2,85,#D9D4D6
339,2,85,#D9D4D6
340,2,85,#D9D4D6
341,2,85,#D9D4D6
342,2,85,#D9D4D6
343,2,85,#D9D4D6
344,2,85,#D9D4D6
345,2,85,#D9D4D5
346,2,85,#D9D4D5
347,2,85,#D9D4D5
348,2,85,#D9D4D5
349,2,85,#D9D4D5
350,2,85,#D9D4D5
351,2,85,#D9D4D5
352,2,85,#D9D4D5
353,2,85,#D9D4D5
354,2,85,#D9D4D5
355,2,85,#D9D4D5
356,2,85,#D9D4D5
357,2,85,#D9D4D5
358,2,85,#D9D4D5
359,2,85,#D9D4D4
0,1,85,#D9D7D7
1,1,85,#D9D7D7
2,1,85,#D9D7D7
3,1,85,#D9D7D7
4,1,85,#D9D7D7
5,1,85,#D9D7D7
6,1,85,#D9D7D7
7,1,85,#D9D7D7
8,1,85,#D9D7D7
9,1,85,#D9D7D7
10,1,85,#D9D7D7
11,1,85,#D9D7D7
12,1,85,#D9D7D7
13,1,85,#D9D7D7
14,1,85,#D9D7D7
15,1,85,#D9D7D7
16,1,85,#D9D7D7
17,1,85,#D9D7D7
18,1,85,#D9D7D7
19,1,85,#D9D7D7
20,1,85,#D9D7D7
21,1,85,#D9D7D7
22,1,85,#D9D7D7
23,1,85,#D9D7D7
24,1,85,#D9D7D7
25,1,85,#D9D7D7
26,1,85,#D9D8D7
27,1,85,#D9D8D7
28,1,85,#D9D8D7
29,1,85,#D9D8D7
30,1,85,#D9D8D7
31,1,85,#D9D8D7
32,1,85,#D9D8D7
33,1,85,#D9D8D7
34,1,85,#D9D8D7
35,1,85,#D9D8D7
36,1,85,#D9D8D7
37,1,85,#D9D8D7
38,1,85,#D9D8D7
39,1,85,#D9D8D7
40,1,85,#D9D8D7
41,1,85,#D9D8D7
42,1,85,#D9D8D7
43,1,85,#D9D8D7
44,1,85,#D9D8D7
45,1,85,#D9D8D7
46,1,85,#D9D8D7
47,1,85,#D9D8D7
48,1,85,#D9D8D7
49,1,85,#D9D8D7
50,1,85,#D9D8D7
51,1,85,#D9D8D7
52,1,85,#D9D8D7
53,1,85,#D9D8D7
54,1,85,#D9D9D7
55,1,85,#D9D9D7
56,1,85,#D9D9D7
57,1,85,#D9D9D7
58,1,85,#D9D9D7
59,1,85,#D9D9D7
60,1,85,#D9D9D7
61,1,85,#D9D9D7
62,1,85,#D9D9D7
63,1,85,#D9D9D7
64,1,85,#D9D9D7
65,1,85,#D9D9D7
66,1,85,#D9D9D7
67,1,85,#D8D9D7
68,1,85,#D8D9D7
69,1,85,#D8D9D7
70,1,85,#D8D9D7
71,1,85,#D8D9D7
72,1,85,#D8D9D7
73,1,85,#D8D9D7
74,1,85,#D8D9D7
75,1,85,#D8D9D7
76,1,85,#D8D9D7
77,1,85,#D8D9D7
78,1,85,#D8D9D7
79,1,85,#D8D9D7
80,1,85,#D8D9D7
81,1,85,#D8D9D7
82,1,85,#D8D9D7
83,1,85,#D8D9D7
84,1,85,#D8D9D7
85,1,85,#D8D9D7
86,1,85,#D8D9D7
87,1,85,#D8D9D7
88,1,85,#D8D9D7
89,1,85,#D8D9D7
90,1,85,#D8D9D7
91,1,85,#D8D9D7
92,1,85,#D8D9D7
93,1,85,#D8D9D7
94,1,85,#D8D9D7
95,1,85,#D7D9D7
96,1,85,#D7D9D7
97,1,85,#D7D9D7
98,1,85,#D7D9D7
99,1,85,#D7D9D7
100,1,85,#D7D9D7
101,1,85,#D7D9D7
102,1,85,#D7D9D7
103,1,85,#D7D9D7
104,1,85,#D7D9D7
105,1,85,#D7D9D7
106,1,85,#D7D9D7
107,1,85,#D7D9D7
108,1,85,#D7D9D7
109,1,85,#D7D9D7
110,1,85,#D7D9D7
111,1,85,#D7D9D7
112,1,85,#D7D9D7
113,1,85,#D7D9D7
114,1,85,#D7D9D7
115,1,85,#D7D9D7
116,1,85,#D7D9D7
117,1,85,#D7D9D7
118,1,85,#D7D9D7
119,1,85,#D7D9D7
120,1,85,#D7D9D7
121,1,85,#D7D9D7
122,1,85,#D7D9D7
123,1,85,#D7D9D7
124,1,85,#D7D9D7
125,1,85,#D7D9D7
126,1,85,#D7D9D7
127,1,85,#D7D9D7
128,1,85,#D7D9D7
129,1,85,#D7D9D7
130,1,85,#D7D9D7
131,1,85,#D7D9D7
132,1,85,#D7D9D7
133,1,85,#D7D9D7
134,1,85,#D7D9D7
135,1,85,#D7D9D7
136,1,85,#D7D9D7
137,1,85,#D7D9D7
138,1,85,#D7D9D7
139,1,85,#D7D9D7
140,1,85,#D7D9D7
141,1,85,#D7D9D7
142,1,85,#D7D9D7
143,1,85,#D7D9D7
144,1,85,#D7D9D7
145,1,85,#D7D9D7
146,1,85,#D7D9D8
147,1,85,#D7D9D8
148,1,85,#D7D9D8
149,1,85,#D7D9D8
150,1,85,#D7D9D8
151,1,85,#D7D9D8
152,1,85,#D7D9D8
153,1,85,#D7D9D8
154,1,85,#D7D9D8
155,1,85,#D7D9D8
156,1,85,#D7D9D8
157,1,85,#D7D9D8
158,1,85,#D7D9D8
159,1,85,#D7D9D8
160,1,85,#D7D9D8
161,1,85,#D7D9D8
162,1,85,#D7D9D8
163,1,85,#D7D9D8
164,1,85,#D7D9D8
165,1,85,#D7D9D8
166,1,85,#D7D9D8
167,1,85,#D7D9D8
168,1,85,#D7D9D8
169,1,85,#D7D9D8
170,1,85,#D7D9D8
171,1,85,#D7D9D8
172,1,85,#D7D9D8
173,1,85,#D7D9D8
174,1,85,#D7D9D9
175,1,85,#D7D9D9
176,1,85,#D7D9D9
177,1,85,#D7D9D9
178,1,85,#D7D9D9
179,1,85,#D7D9D9
180,1,85,#D7D9D9
181,1,85,#D7D9D9
182,1,85,#D7D9D9
183,1,85,#D7D9D9
184,1,85,#D7D9D9
185,1,85,#D7D9D9
186,1,85,#D7D9D9
187,1,85,#D7D8D9
188,1,85,#D7D8D9
189,1,85,#D7D8D9
190,1,85,#D7D8D9
191,1,85,#D7D8D9
192,1,85,#D7D8D9
193,1,85,#D7D8D9
194,1,85,#D7D8D9
195,1,85,#D7D8D9
196,1,85,#D7D8D9
197,1,85,#D7D8D9
198,1,85,#D7D8D9
199,1,85,#D7D8D9
200,1,85,#D7D8D9
201,1,85,#D7D8D9
202,1,85,#D7D8D9
203,1,85,#D7D8D9
204,1,85,#D7D8D9
205,1,85,#D7D8D9
206,1,85,#D7D8D9
207,1,85,#D7D8D9
208,1,85,#D7D8D9
209,1,85,#D7D8D9
210,1,85,#D7D8D9
211,1,85,#D7D8D9
212,1,85,#D7D8D9
213,1,85,#D7D8D9
214,1,85,#D7D8D9
215,1,85,#D7D7D9
216,1,85,#D7D7D9
217,1,85,#D7D7D9
218,1,85,#D7D7D9
219,1,85,#D7D7D9
220,1,85,#D7D7D9
221,1,85,#D7D7D9
222,1,85,#D7D7D9
223,1,85,#D7D7D9
224,1,85,#D7D7D9
225,1,85,#D7D7D9
226,1,85,#D7D7D9
227,1,85,#D7D7D9
228,1,85,#D7D7D9
229,1,85,#D7D7D9
230,1,85,#D7D7D9
231,1,85,#D7D7D9
232,1,85,#D7D7D9
233,1,85,#D7D7D9
234,1,85,#D7D7D9
235,1,85,#D7D7D9
236,1,85,#D7D7D9
237,1,85,#D7D7D9
238,1,85,#D7D7D9
239,1,85,#D7D7D9
240,1,85,#D7D7D9
241,1,85,#D7D7D9
242,1,85,#D7D7D9
243,1,85,#D7D7D9
244,1,85,#D7D7D9
245,1,85,#D7D7D9
246,1,85,#D7D7D9
247,1,85,#D7D7D9
248,1,85,#D7D7D9
249,1,85,#D7D7D9
250,1,85,#D7D7D9
251,1,85,#D7D7D9
252,1,85,#D7D7D9
253,1,85,#D7D7D9
254,1,85,#D7D7D9
255,1,85,#D7D7D9
256,1,85,#D7D7D9
257,1,85,#D7D7D9
258,1,85,#D7D7D9
259,1,85,#D7D7D9
260,1,85,#D7D7D9
261,1,85,#D7D7D9
262,1,85,#D7D7D9
263,1,85,#D7D7D9
264,1,85,#D7D7D9
265,1,85,#D7D7D9
266,1,85,#D8D7D9
267,1,85,#D8D7D9
268,1,85,#D8D7D9
269,1,85,#D8D7D9
270,1,85,#D8D7D9
271,1,85,#D8D7D9
272,1,85,#D8D7D9
273,1,85,#D8D7D9
274,1,85,#D8D7D9
275,1,85,#D8D7D9
276,1,85,#D8D7D9
277,1,85,#D8D7D9
278,1,85,#D8D7D9
279,1,85,#D8D7D9
280,1,85,#D8D7D9
281,1,85,#D8D7D9
282,1,85,#D8D7D9
283,1,85,#D8D7D9
284,1,85,#D8D7D9
285,1,85,#D8D7D9
286,1,85,#D8D7D9
287,1,85,#D8D7D9
288,1,85,#D8D7D9
289,1,85,#D8D7D9
290,1,85,#D8D7D9
291,1,85,#D8D7D9
292,1,85,#D8D7D9
293,1,85,#D8D7D9
294,1,85,#D9D7D9
295,1,85,#D9D7D9
296,1,85,#D9D7D9
297,1,85,#D9D7D9
298,1,85,#D9D7D9
299,1,85,#D9D7D9
300,1,85,#D9D7D9
301,1,85,#D9D7D9
302,1,85,#D9D7D9
303,1,85,#D9D7D9
304,1,85,#D9D7D9
305,1,85,#D9D7D9
306,1,85,#D9D7D9
307,1,85,#D9D7D8
308,1,85,#D9D7D8
309,1,85,#D9D7D8
310,1,85,#D9D7D8
311,1,85,#D9D7D8
312,1,85,#D9D7D8
313,1,85,#D9D7D8
314,1,85,#D9D7D8
315,1,85,#D9D7D8
316,1,85,#D9D7D8
317,1,85,#D9D7D8
318,1,85,#D9D7D8
319,1,85,#D9D7D8
320,1,85,#D9D7D8
321,1,85,#D9D7D8
322,1,85,#D9D7D8
323,1,85,#D9D7D8
324,1,85,#D9D7D8
325,1,85,#D9D7D8
326,1,85,#D9D7D8
327,1,85,#D9D7D8
328,1,85,#D9D7D8
329,1,85,#D9D7D8
330,1,85,#D9D7D8
331,1,85,#D9D7D8
332,1,85,#D9D7D8
333,1,85,#D9D7D8
334,1,85,#D9D7D8
335,1,85,#D9D7D7
336,1,85,#D9D7D7
337,1,85,#D9D7D7
338,1,85,#D9D7D7
339,1,85,#D9D7D7
340,1,85,#D9D7D7
341,1,85,#D9D7D7
342,1,85,#D9D7D7
343,1,85,#D9D7D7
344,1,85,#D9D7D7
345,1,85,#D9D7D7
346,1,85,#D9D7D7
347,1,85,#D9D7D7
348,1,85,#D9D7D7
349,1,85,#D9D7D7
350,1,85,#D9D7D7
351,1,85,#D9D7D7
352,1,85,#D9D7D7
353,1,85,#D9D7D7
354,1,85,#D9D7D7
355,1,85,#D9D7D7
356,1,85,#D9D7D7
357,1,85,#D9D7D7
358,1,85,#D9D7D7
359,1,85,#D9D7D7
0,0,85,#D9D9D9
1,0,85,#D9D9D9
2,0,85,#D9D9D9
3,0,85,#D9D9D9
4,0,85,#D9D9D9
5,0,85,#D9D9D9
6,0,85,#D9D9D9
7,0,85,#D9D9D9
8,0,85,#D9D9D9
9,0,85,#D9D9D9
10,0,85,#D9D9D9
11,0,85,#D9D9D9
12,0,85,#D9D9D9
13,0,85,#D9D9D9
14,0,85,#D9D9D9
15,0,85,#D9D9D9
16,0,85,#D9D9D9
17,0,85,#D9D9D9
18,0,85,#D9D9D9
19,0,85,#D9D9D9
20,0,85,#D9D9D9
21,0,85,#D9D9D9
22,0,85,#D9D9D9
23,0,85,#D9D9D9
24,0,85,#D9D9D9
25,0,85,#D9D9D9
26,0,85,#D9D9D9
27,0,85,#D9D9D9
28,0,85,#D9D9D9
29,0,85,#D9D9D9
30,0,85,#D9D9D9
31,0,85,#D9D9D9
32,0,85,#D9D9D9
33,0,85,#D9D9D9
34,0,85,#D9D9D9
35,0,85,#D9D9D9
36,0,85,#D9D9D9
37,0,85,#D9D9D9
38,0,85,#D9D9D9
39,0,85,#D9D9D9
40,0,85,#D9D9D9
41,0,85,#D9D9D9
42,0,85,#D9D9D9
43,0,85,#D9D9D9
44,0,85,#D9D9D9
45,0,85,#D9D9D9
46,0,85,#D9D9D9
47,0,85,#D9D9D9
48,0,85,#D9D9D9
49,0,85,#D9D9D9
50,0,85,#D9D9D9
51,0,85,#D9D9D9
52,0,85,#D9D9D9
53,0,85,#D9D9D9
54,0,85,#D9D9D9
55,0,85,#D9D9D9
56,0,85,#D9D9D9
57,0,85,#D9D9D9
58,0,85,#D9D9D9
59,0,85,#D9D9D9
60,0,85,#D9D9D9
61,0,85,#D9D9D9
62,0,85,#D9D9D9
63,0,85,#D9D9D9
64,0,85,#D9D9D9
65,0,85,#D9D9D9
66,0,85,#D9D9D9
67,0,85,#D9D9D9
68,0,85,#D9D9D9
69,0,85,#D9D9D9
70,0,85,#D9D9D9
71,0,85,#D9D9D9
72,0,85,#D9D9D9
73,0,85,#D9D9D9
74,0,85,#D9D9D9
75,0,85,#D9D9D9
76,0,85,#D9D9D9
77,0,85,#D9D9D9
78,0,85,#D9D9D9
79,0,85,#D9D9D9
80,0,85,#D9D9D9
81,0,85,#D9D9D9
82,0,85,#D9D9D9
83,0,85,#D9D9D9
84,0,85,#D9D9D9
85,0,85,#D9D9D9
86,0,85,#D9D9D9
87,0,85,#D9D9D9
88,0,85,#D9D9D9
89,0,85,#D9D9D9
90,0,85,#D9D9D9
91,0,85,#D9D9D9
92,0,85,#D9D9D9
93,0,85,#D9D9D9
94,0,85,#D9D9D9
95,0,85,#D9D9D9
96,0,85,#D9D9D9
97,0,85,#D9D9D9
98,0,85,#D9D9D9
99,0,85,#D9D9D9
100,0,85,#D9D9D9
101,0,85,#D9D9D9
102,0,85,#D9D9D9
103,0,85,#D9D9D9
104,0,85,#D9D9D9
105,0,85,#D9D9D9
106,0,85,#D9D9D9
107,0,85,#D9D9D9
108,0,85,#D9D9D9
109,0,85,#D9D9D9
110,0,85,#D9D9D9
111,0,85,#D9D9D9
112,0,85,#D9D9D9
113,0,85,#D9D9D9
114,0,85,#D9D9D9
115,0,85,#D9D9D9
116,0,85,#D9D9D9
117,0,85,#D9D9D9
118,0,85,#D9D9D9
119,0,85,#D9D9D9
120,0,85,#D9D9D9
121,0,85,#D9D9D9
122,0,85,#D9D9D9
123,0,85,#D9D9D9
124,0,85,#D9D9D9
125,0,85,#D9D9D9
126,0,85,#D9D9D9
127,0,85,#D9D9D9
128,0,85,#D9D9D9
129,0,85,#D9D9D9
130,0,85,#D9D9D9
131,0,85,#D9D9D9
132,0,85,#D9D9D9
133,0,85,#D9D9D9
134,0,85,#D9D9D9
135,0,85,#D9D9D9
136,0,85,#D9D9D9
137,0,85,#D9D9D9
138,0,85,#D9D9D9
139,0,85,#D9D9D9
140,0,85,#D9D9D9
141,0,85,#D9D9D9
142,0,85,#D9D9D9
143,0,85,#D9D9D9
144,0,85,#D9D9D9
145,0,85,#D9D9D9
146,0,85,#D9D9D9
147,0,85,#D9D9D9
148,0,85,#D9D9D9
149,0,85,#D9D9D9
150,0,85,#D9D9D9
151,0,85,#D9D9D9
152,0,85,#D9D9D9
153,0,85,#D9D9D9
154,0,85,#D9D9D9
155,0,85,#D9D9D9
156,0,85,#D9D9D9
157,0,85,#D9D9D9
158,0,85,#D9D9D9
159,0,85,#D9D9D9
160,0,85,#D9D9D9
161,0,85,#D9D9D9
162,0,85,#D9D9D9
163,0,85,#D9D9D9
164,0,85,#D9D9D9
165,0,85,#D9D9D9
166,0,85,#D9D9D9
167,0,85,#D9D9D9
168,0,85,#D9D9D9
169,0,85,#D9D9D9
170,0,85,#D9D9D9
171,0,85,#D9D9D9
172,0,85,#D9D9D9
173,0,85,#D9D9D9
174,0,85,#D9D9D9
175,0,85,#D9D9D9
176,0,85,#D9D9D9
177,0,85,#D9D9D9
178,0,85,#D9D9D9
179,0,85,#D9D9D9
180,0,85,#D9D9D9
181,0,85,#D9D9D9
182,0,85,#D9D9D9
183,0,85,#D9D9D9
184,0,85,#D9D9D9
185,0,85,#D9D9D9
186,0,85,#D9D9D9
187,0,85,#D9D9D9
188,0,85,#D9D9D9
189,0,85,#D9D9D9
190,0,85,#D9D9D9
191,0,85,#D9D9D9
192,0,85,#D9D9D9
193,0,85,#D9D9D9
194,0,85,#D9D9D9
195,0,85,#D9D9D9
196,0,85,#D9D9D9
197,0,85,#D9D9D9
198,0,85,#D9D9D9
199,0,85,#D9D9D9
200,0,85,#D9D9D9
201,0,85,#D9D9D9
202,0,85,#D9D9D9
203,0,85,#D9D9D9
204,0,85,#D9D9D9
205,0,85,#D9D9D9
206,0,85,#D9D9D9
207,0,85,#D9D9D9
208,0,85,#D9D9D9
209,0,85,#D9D9D9
210,0,85,#D9D9D9
211,0,85,#D9D9D9
212,0,85,#D9D9D9
213,0,85,#D9D9D9
214,0,85,#D9D9D9
215,0,85,#D9D9D9
216,0,85,#D9D9D9
217,0,85,#D9D9D9
218,0,85,#D9D9D9
219,0,85,#D9D9D9
220,0,85,#D9D9D9
221,0,85,#D9D9D9
222,0,85,#D9D9D9
223,0,85,#D9D9D9
224,0,85,#D9D9D9
225,0,85,#D9D9D9
226,0,85,#D9D9D9
227,0,85,#D9D9D9
228,0,85,#D9D9D9
229,0,85,#D9D9D9
230,0,85,#D9D9D9
231,0,85,#D9D9D9
232,0,85,#D9D9D9
233,0,85,#D9D9D9
234,0,85,#D9D9D9
235,0,85,#D9D9D9
236,0,85,#D9D9D9
237,0,85,#D9D9D9
238,0,85,#D9D9D9
239,0,85,#D9D9D9
240,0,85,#D9D9D9
241,0,85,#D9D9D9
242,0,85,#D9D9D9
243,0,85,#D9D9D9
244,0,85,#D9D9D9
245,0,85,#D9D9D9
246,0,85,#D9D9D9
247,0,85,#D9D9D9
248,0,85,#D9D9D9
249,0,85,#D9D9D9
250,0,85,#D9D9D9
251,0,85,#D9D9D9
252,0,85,#D9D9D9
253,0,85,#D9D9D9
254,0,85,#D9D9D9
255,0,85,#D9D9D9
256,0,85,#D9D9D9
257,0,85,#D9D9D9
258,0,85,#D9D9D9
259,0,85,#D9D9D9
260,0,85,#D9D9D9
261,0,85,#D9D9D9
262,0,85,#D9D9D9
263,0,85,#D9D9D9
264,0,85,#D9D9D9
265,0,85,#D9D9D9
266,0,85,#D9D9D9
267,0,85,#D9D9D9
268,0,85,#D9D9D9
269,0,85,#D9D9D9
270,0,85,#D9D9D9
271,0,85,#D9D9D9
272,0,85,#D9D9D9
273,0,85,#D9D9D9
274,0,85,#D9D9D9
275,0,85,#D9D9D9
276,0,85,#D9D9D9
277,0,85,#D9D9D9
278,0,85,#D9D9D9
279,0,85,#D9D9D9
280,0,85,#D9D9D9
281,0,85,#D9D9D9
282,0,85,#D9D9D9
283,0,85,#D9D9D9
284,0,85,#D9D9D9
285,0,85,#D9D9D9
286,0,85,#D9D9D9
287,0,85,#D9D9D9
288,0,85,#D9D9D9
289,0,85,#D9D9D9
290,0,85,#D9D9D9
291,0,85,#D9D9D9
292,0,85,#D9D9D9
293,0,85,#D9D9D9
294,0,85,#D9D9D9
295,0,85,#D9D9D9
296,0,85,#D9D9D9
297,0,85,#D9D9D9
298,0,85,#D9D9D9
299,0,85,#D9D9D9
300,0,85,#D9D9D9
301,0,85,#D9D9D9
302,0,85,#D9D9D9
303,0,85,#D9D9D9
304,0,85,#D9D9D9
305,0,85,#D9D9D9
306,0,85,#D9D9D9
307,0,85,#D9D9D9
308,0,85,#D9D9D9
309,0,85,#D9D9D9
310,0,85,#D9D9D9
311,0,85,#D9D9D9
312,0,85,#D9D9D9
313,0,85,#D9D9D9
314,0,85,#D9D9D9
315,0,85,#D9D9D9
316,0,85,#D9D9D9
317,0,85,#D9D9D9
318,0,85,#D9D9D9
319,0,85,#D9D9D9
320,0,85,#D9D9D9
321,0,85,#D9D9D9
322,0,85,#D9D9D9
323,0,85,#D9D9D9
324,0,85,#D9D9D9
325,0,85,#D9D9D9
326,0,85,#D9D9D9
327,0,85,#D9D9D9
328,0,85,#D9D9D9
329,0,85,#D9D9D9
330,0,85,#D9D9D9
331,0,85,#D9D9D9
332,0,85,#D9D9D9
333,0,85,#D9D9D9
334,0,85,#D9D9D9
335,0,85,#D9D9D9
336,0,85,#D9D9D9
337,0,85,#D9D9D9
338,0,85,#D9D9D9
339,0,85,#D9D9D9
340,0,85,#D9D9D9
341,0,85,#D9D9D9
342,0,85,#D9D9D9
343,0,85,#D9D9D9
344,0,85,#D9D9D9
345,0,85,#D9D9D9
346,0,85,#D9D9D9
347,0,85,#D9D9D9
348,0,85,#D9D9D9
349,0,85,#D9D9D9
350,0,85,#D9D9D9
351,0,85,#D9D9D9
352,0,85,#D9D9D9
353,0,85,#D9D9D9
354,0,85,#D9D9D9
355,0,85,#D9D9D9
356,0,85,#D9D9D9
357,0,85,#D9D9D9
358,0,85,#D9D9D9
359,0,85,#D9D9D9
